ID,2023-04-05,2023-04-06,2023-04-07,2023-04-08,2023-04-09,2023-04-10,2023-04-11,2023-04-12,2023-04-13,2023-04-14,2023-04-15,2023-04-16,2023-04-17,2023-04-18,2023-04-19,2023-04-20,2023-04-21,2023-04-22,2023-04-23,2023-04-24,2023-04-25
0,1,1,1,0,0,0,1,1,1,1,0,0,0,1,1,1,1,0,0,0,1
1,1,1,1,1,1,1,1,1,1,1,1,1,1,1,1,1,1,1,1,0,1
2,0,0,0,0,0,0,0,0,0,0,0,0,0,0,0,0,0,0,0,0,0
3,0,0,0,0,0,0,0,0,0,0,0,0,0,0,0,0,0,0,0,0,0
4,2,1,2,2,1,1,1,2,1,2,2,1,1,1,2,1,2,2,1,1,1
5,1,1,0,1,1,1,1,1,1,0,1,1,1,1,1,1,0,1,1,1,1
6,0,0,0,0,0,0,0,0,0,0,0,0,0,0,0,0,0,0,0,0,0
7,7,7,7,6,5,6,6,7,7,7,6,5,6,6,7,7,7,6,5,6,6
8,0,0,0,0,0,0,0,0,0,0,0,0,0,0,0,0,0,0,0,0,0
9,4,4,3,4,4,4,4,4,4,3,4,4,4,4,4,4,3,4,4,4,4
10,0,0,0,0,0,0,0,0,0,0,0,0,0,0,0,0,0,0,0,0,0
11,0,0,0,0,0,0,0,0,0,0,0,0,0,0,0,0,0,0,0,0,0
12,0,0,0,0,0,0,0,0,0,0,0,0,0,0,0,0,0,0,0,0,0
13,0,0,0,0,0,0,0,0,0,0,0,0,0,0,0,0,0,0,0,0,0
14,3,2,1,1,1,1,1,1,1,1,1,1,1,1,1,1,1,1,1,1,1
15,3,3,4,4,4,4,5,5,5,6,6,6,6,6,7,7,7,7,7,7,7
16,0,0,0,0,0,0,0,0,0,0,0,0,0,0,0,0,0,0,0,0,0
17,4,6,8,10,8,6,3,5,7,8,10,8,6,3,5,7,8,10,8,6,3
18,8,10,11,8,5,5,6,8,10,11,8,5,5,6,8,10,11,8,5,5,6
19,1,1,1,2,0,0,0,1,1,1,2,0,0,0,1,1,1,2,0,0,0
20,0,0,0,0,0,0,0,0,0,0,0,0,0,0,0,0,0,0,0,0,0
21,0,0,0,0,0,0,0,0,0,0,0,0,0,0,0,0,0,0,0,0,0
22,0,0,0,0,0,0,0,0,0,0,0,0,0,0,0,0,0,0,0,0,0
23,0,0,0,0,0,0,0,0,0,0,0,0,0,0,0,0,0,0,0,0,0
24,0,0,0,0,0,0,0,0,0,0,0,0,0,0,0,0,0,0,0,0,0
25,0,0,0,0,0,0,0,0,0,0,0,0,0,0,0,0,0,0,0,0,0
26,0,0,0,1,0,0,0,0,0,0,1,0,0,0,0,0,0,1,0,0,0
27,0,0,0,0,0,0,0,0,0,0,0,0,0,0,0,0,0,0,0,0,0
28,0,0,0,0,0,0,0,0,0,0,0,0,0,0,0,0,0,0,0,0,0
29,3,3,4,4,3,3,3,4,4,4,4,3,3,3,3,3,3,3,3,2,3
30,1,2,1,2,1,1,1,2,2,2,2,1,1,1,2,2,2,2,2,2,2
31,0,0,0,0,0,0,0,0,0,0,0,0,0,0,0,0,0,0,0,0,0
32,8,8,8,8,8,7,7,8,8,9,8,7,7,6,7,7,8,8,7,6,6
33,0,0,0,0,0,0,0,0,0,0,0,0,0,0,0,0,0,0,0,0,0
34,0,0,0,0,0,0,0,0,0,0,0,0,0,0,0,0,0,0,0,0,0
35,3,2,2,2,2,2,2,3,2,2,2,2,2,2,3,2,2,2,2,2,2
36,2,2,2,3,2,1,1,2,2,2,3,2,1,1,2,2,2,3,2,1,1
37,0,0,0,0,0,0,0,0,0,0,0,0,0,0,0,0,0,0,0,0,0
38,0,0,0,0,0,0,0,0,0,0,0,0,0,0,0,0,0,0,0,0,0
39,0,0,0,0,0,0,0,0,0,0,0,0,0,0,0,0,0,0,0,0,0
40,33,36,42,42,42,43,33,33,36,42,42,42,43,33,33,36,42,42,42,43,33
41,0,0,0,0,0,0,0,0,0,0,0,0,0,0,0,0,0,0,0,0,0
42,2,3,3,2,2,2,2,2,3,3,2,2,2,2,2,3,3,2,2,2,2
43,2,2,2,2,2,1,1,2,2,2,2,2,1,1,2,2,2,2,2,1,1
44,0,0,0,0,0,0,0,0,0,0,0,0,0,0,0,0,0,0,0,0,0
45,2,2,2,1,1,1,1,1,1,1,1,1,1,1,1,1,1,1,1,1,1
46,1,1,1,1,1,1,1,1,1,1,1,1,1,1,1,1,1,1,1,1,1
47,17,16,15,14,13,13,13,14,14,13,13,12,12,13,14,14,13,13,12,12,13
48,0,0,0,0,0,0,0,0,0,0,0,0,0,0,0,0,0,0,0,0,0
49,1,1,1,1,1,1,1,1,1,1,1,1,1,1,1,1,1,1,1,1,1
50,4,4,4,3,3,3,3,3,4,4,3,3,3,3,3,3,3,3,3,3,3
51,1,1,1,1,1,1,1,1,1,1,1,1,1,1,1,1,1,1,1,1,1
52,0,0,0,0,0,0,0,0,0,0,0,0,0,0,0,0,0,0,0,0,0
53,1,1,1,0,0,0,0,1,1,1,0,0,0,0,1,1,1,0,0,0,0
54,2,2,2,2,2,1,1,1,1,1,1,1,1,1,1,1,1,1,1,1,1
55,0,0,0,1,1,0,0,0,0,0,1,1,0,0,0,0,0,1,1,0,0
56,0,0,0,0,0,0,0,0,0,0,0,0,0,0,0,0,0,0,0,0,0
57,0,0,0,0,0,0,0,0,0,0,0,0,0,0,0,0,0,0,0,0,0
58,0,0,0,0,0,0,0,0,0,0,0,0,0,0,0,0,0,0,0,0,0
59,0,0,0,0,0,0,0,0,0,0,0,0,0,0,0,0,0,0,0,0,0
60,1,1,1,0,0,0,0,1,1,1,0,0,0,0,1,1,1,0,0,0,0
61,0,0,0,0,0,0,0,0,0,0,0,0,0,0,0,0,0,0,0,0,0
62,0,0,0,0,0,0,0,0,0,0,0,0,0,0,0,0,0,0,0,0,0
63,0,0,0,0,0,0,0,0,0,0,0,0,0,0,0,0,0,0,0,0,0
64,0,0,0,0,0,0,0,0,0,0,0,0,0,0,0,0,0,0,0,0,0
65,0,0,0,0,0,0,0,0,0,0,0,0,0,0,0,0,0,0,0,0,0
66,0,0,1,0,0,0,0,0,0,1,0,0,0,0,0,0,1,0,0,0,0
67,0,0,0,0,0,0,0,0,0,0,0,0,0,0,0,0,0,0,0,0,0
68,1,1,1,1,1,1,1,1,1,1,1,1,1,1,1,1,1,1,1,1,1
69,0,0,0,0,0,0,0,0,0,0,0,0,0,0,0,0,0,0,0,0,0
70,0,0,0,0,0,0,0,0,0,0,0,0,0,0,0,0,0,0,0,0,0
71,0,0,0,0,0,0,0,0,0,0,0,0,0,0,0,0,0,0,0,0,0
72,0,0,0,0,0,0,0,0,0,0,0,0,0,0,0,0,0,0,0,0,0
73,0,0,0,0,0,0,0,0,0,0,0,0,0,0,0,0,0,0,0,0,0
74,0,0,0,0,0,0,0,0,0,0,0,0,0,0,0,0,0,0,0,0,0
75,0,0,0,0,0,0,0,0,0,0,0,0,0,0,0,0,0,0,0,0,0
76,0,0,0,0,0,0,0,0,0,0,0,0,0,0,0,0,0,0,0,0,0
77,1,1,1,1,1,1,1,1,1,1,1,1,1,1,1,1,1,1,1,1,1
78,0,0,0,0,0,0,0,0,0,0,0,0,0,0,0,0,0,0,0,0,0
79,0,0,0,0,0,0,0,0,0,0,0,0,0,0,0,0,0,0,0,0,0
80,0,0,0,0,0,0,0,0,0,0,0,0,0,0,0,0,0,0,0,0,0
81,0,0,0,0,0,0,0,0,0,0,0,0,0,0,0,0,0,0,0,0,0
82,7,8,7,5,4,4,5,7,7,6,5,4,3,5,6,7,6,5,3,3,5
83,1,1,1,1,1,1,1,1,1,1,1,1,1,1,1,1,1,1,1,1,1
84,0,0,0,0,0,0,0,0,0,0,0,0,0,0,0,0,0,0,0,0,0
85,1,1,1,1,1,1,1,1,1,1,1,1,1,1,1,1,1,1,1,1,1
86,0,0,0,0,0,0,0,0,0,0,0,0,0,0,0,0,0,0,0,0,0
87,0,0,0,0,0,0,0,0,0,0,0,0,0,0,0,0,0,0,0,0,0
88,0,0,0,0,0,0,0,0,0,0,0,0,0,0,0,0,0,0,0,0,0
89,0,0,0,0,0,0,0,0,0,0,0,0,0,0,0,0,0,0,0,0,0
90,0,0,0,0,0,0,0,0,0,0,0,0,0,0,0,0,0,0,0,0,0
91,0,0,0,0,0,0,0,0,0,0,0,0,0,0,0,0,0,0,0,0,0
92,0,0,0,0,0,0,0,0,0,0,0,0,0,0,0,0,0,0,0,0,0
93,0,0,0,0,0,0,0,0,0,0,0,0,0,0,0,0,0,0,0,0,0
94,0,0,0,0,0,0,0,0,0,0,0,0,0,0,0,0,0,0,0,0,0
95,0,0,0,0,0,0,0,0,0,0,0,0,0,0,0,0,0,0,0,0,0
96,0,0,0,0,0,0,0,0,0,0,0,0,0,0,0,0,0,0,0,0,0
97,0,0,0,0,0,0,0,0,0,0,0,0,0,0,0,0,0,0,0,0,0
98,5,6,5,5,5,5,5,5,6,5,5,5,5,5,5,5,5,5,5,5,5
99,1,1,1,1,1,1,1,1,1,1,1,1,1,1,1,1,1,1,1,1,1
100,0,0,0,0,0,0,0,0,0,0,0,0,0,0,0,0,0,0,0,0,0
101,3,3,4,4,4,3,3,3,3,4,4,4,3,3,3,3,4,4,4,3,3
102,2,3,3,3,3,2,2,2,3,3,3,3,2,2,2,3,3,3,3,2,2
103,0,0,0,0,0,0,0,0,0,0,0,0,0,0,0,0,0,0,0,0,0
104,0,0,0,0,0,0,0,0,0,0,0,0,0,0,0,0,0,0,0,0,0
105,0,0,0,0,0,0,0,0,0,0,0,0,0,0,0,0,0,0,0,0,0
106,0,0,0,0,0,0,0,0,0,0,0,0,0,0,0,0,0,0,0,0,0
107,1,1,1,1,1,1,0,1,1,1,1,1,1,0,1,1,1,1,1,1,0
108,0,0,0,0,0,0,0,0,0,0,0,0,0,0,0,0,0,0,0,0,0
109,0,0,0,0,0,0,0,0,0,0,0,0,0,0,0,0,0,0,0,0,0
110,19,19,18,16,15,16,16,19,18,17,16,15,16,16,19,18,18,16,16,16,17
111,1,1,1,1,0,0,1,1,1,1,1,0,0,1,1,1,1,1,0,0,1
112,1,1,1,1,1,1,0,0,1,1,1,1,1,0,0,1,1,1,1,1,0
113,1,1,1,1,1,1,1,1,1,2,1,1,1,1,1,1,1,1,1,1,1
114,2,2,2,2,2,2,2,2,2,2,2,2,2,2,2,2,2,2,2,2,2
115,0,0,1,1,1,1,0,0,0,1,1,1,1,0,0,0,1,1,1,1,0
116,2,2,3,3,3,2,2,3,3,3,3,2,2,2,2,2,2,3,2,2,2
117,13,12,11,10,8,8,8,10,10,10,9,8,7,7,9,10,9,8,7,7,7
118,1,1,1,1,1,1,1,1,1,1,1,1,1,1,1,1,1,1,1,1,1
119,7,7,7,6,6,6,6,6,7,6,5,5,5,5,6,6,6,5,5,5,5
120,10,11,10,9,8,8,8,10,10,10,9,8,8,8,9,9,9,8,7,7,7
121,1,1,1,1,0,0,0,1,1,1,1,0,0,0,1,1,1,1,0,0,0
122,1,2,1,2,1,2,2,2,2,2,2,2,2,2,2,2,2,2,2,2,2
123,3,3,3,3,3,3,3,3,3,3,3,3,3,3,3,3,3,3,3,3,3
124,3,3,2,2,2,2,2,3,3,2,2,2,2,2,2,3,2,2,2,2,2
125,0,0,0,0,0,0,0,0,0,0,0,0,0,0,0,0,0,0,0,0,0
126,0,0,0,0,0,0,0,0,0,0,0,0,0,0,0,0,0,0,0,0,0
127,0,0,0,0,0,0,0,0,0,0,0,0,0,0,0,0,0,0,0,0,0
128,0,0,0,0,0,0,0,0,0,0,0,0,0,0,0,0,0,0,0,0,0
129,0,0,0,0,0,0,0,0,0,0,0,0,0,0,0,0,0,0,0,0,0
130,1,1,1,1,1,1,1,1,1,1,1,1,1,1,1,1,1,1,1,1,1
131,1,1,1,1,1,1,1,1,1,1,1,1,1,1,1,1,1,1,1,1,1
132,0,0,0,0,0,0,0,0,0,0,0,0,0,0,0,0,0,0,0,0,0
133,6,6,6,6,5,5,5,6,6,6,5,5,5,5,5,5,5,5,4,4,4
134,0,0,0,0,0,0,0,0,0,0,0,0,0,0,0,0,0,0,0,0,0
135,6,6,5,5,4,4,4,5,5,5,4,4,3,4,4,4,4,4,3,3,3
136,0,0,0,0,0,0,0,0,0,0,0,0,0,0,0,0,0,0,0,0,0
137,0,0,0,0,0,0,0,0,0,0,0,0,0,0,0,0,0,0,0,0,0
138,1,1,1,1,1,1,1,1,1,1,1,1,1,1,1,1,1,1,1,1,1
139,1,1,1,1,1,1,1,1,1,1,1,1,1,1,1,1,1,1,1,1,1
140,7,6,7,7,6,6,6,7,6,7,7,6,6,6,7,6,7,7,6,6,6
141,17,17,19,18,17,17,18,21,23,24,23,21,19,19,22,24,25,24,22,23,27
142,4,5,6,6,6,6,6,6,6,6,5,4,3,3,3,3,2,2,1,2,2
143,0,0,0,0,0,0,0,0,0,0,0,0,0,0,0,0,0,0,0,0,0
144,2,2,2,2,2,2,2,2,2,2,2,2,2,2,2,2,2,2,2,2,2
145,21,32,40,39,33,27,26,28,40,44,42,35,29,27,29,40,44,42,34,29,27
146,5,6,6,5,4,5,5,5,6,6,5,4,5,5,5,6,6,5,4,5,5
147,4,3,3,2,2,2,2,3,3,3,3,2,3,2,3,3,3,3,2,3,3
148,2,2,2,3,2,2,1,2,2,2,3,2,2,1,2,2,2,3,2,2,1
149,4,4,3,3,3,3,3,3,4,4,3,3,3,3,3,3,3,3,3,3,3
150,4,6,4,4,3,3,3,4,6,4,4,3,3,3,4,6,4,4,3,3,3
151,4,4,4,4,4,4,3,4,3,4,4,4,4,3,4,3,4,4,4,3,3
152,0,0,0,0,0,0,0,0,0,0,0,0,0,0,0,0,0,0,0,0,0
153,0,0,0,0,0,0,0,0,0,0,0,0,0,0,0,0,0,0,0,0,0
154,0,0,0,0,0,0,0,0,0,0,0,0,0,0,0,0,0,0,0,0,0
155,0,0,0,0,0,0,0,0,0,0,0,0,0,0,0,0,0,0,0,0,0
156,5,7,7,5,5,5,3,4,6,6,5,5,5,3,3,6,6,5,4,4,3
157,0,0,0,0,0,0,0,0,0,0,0,0,0,0,0,0,0,0,0,0,0
158,2,2,2,2,2,2,1,2,2,2,2,2,2,1,2,2,2,2,2,2,1
159,16,20,19,13,11,10,8,10,16,16,13,12,11,8,11,18,19,15,13,12,10
160,0,0,0,0,0,0,0,0,0,0,0,0,0,0,0,0,0,0,0,0,0
161,20,19,18,11,9,9,9,12,13,16,13,13,12,12,18,23,24,18,16,15,15
162,0,0,0,0,0,0,0,0,0,0,0,0,0,0,0,0,0,0,0,0,0
163,0,0,0,0,0,0,0,0,0,0,0,0,0,0,0,0,0,0,0,0,0
164,19,22,24,23,19,18,17,21,24,25,25,20,19,17,22,26,28,27,22,21,20
165,1,1,1,1,1,1,1,1,1,1,1,1,1,1,1,1,1,1,1,1,1
166,2,2,2,2,2,2,2,2,2,2,2,2,2,2,2,2,2,2,2,2,2
167,5,5,4,4,4,4,4,5,5,5,5,4,4,4,4,4,4,4,4,3,3
168,1,1,1,1,1,1,1,1,1,1,1,1,1,1,1,1,1,1,1,1,1
169,1,1,2,2,1,1,1,1,1,2,2,1,1,1,1,1,2,2,1,1,1
170,1,1,1,1,1,1,1,1,1,1,1,1,1,1,1,1,1,1,1,1,1
171,1,2,2,2,2,2,2,3,3,3,3,3,3,3,3,3,3,3,3,3,3
172,4,4,3,2,2,2,2,3,3,3,2,2,2,2,2,2,2,2,2,2,2
173,0,0,0,0,0,0,0,0,0,0,0,0,0,0,0,0,0,0,0,0,0
174,0,0,0,0,0,0,0,0,0,0,0,0,0,0,0,0,0,0,0,0,0
175,0,0,0,1,1,1,0,0,0,1,1,1,1,0,0,1,1,1,1,1,0
176,0,0,0,0,0,0,0,0,0,0,0,0,0,0,0,0,0,0,0,0,0
177,0,0,0,0,0,0,0,0,0,0,0,0,0,0,0,0,0,0,0,0,0
178,1,1,1,1,1,1,1,1,1,1,1,1,1,1,1,1,1,1,1,1,1
179,0,0,0,0,0,0,0,0,0,0,0,0,0,0,0,0,0,0,0,0,0
180,0,0,0,0,0,0,0,0,0,0,0,0,0,0,0,0,0,0,0,0,0
181,0,0,0,0,0,0,0,0,0,0,0,0,0,0,0,0,0,0,0,0,0
182,0,0,0,0,0,0,0,0,0,0,0,0,0,0,0,0,0,0,0,0,0
183,0,0,0,0,0,0,0,0,0,0,0,0,0,0,0,0,0,0,0,0,0
184,0,0,0,0,0,0,0,0,0,0,0,0,0,0,0,0,0,0,0,0,0
185,0,0,0,0,0,0,0,0,0,0,0,0,0,0,0,0,0,0,0,0,0
186,0,0,0,0,0,0,0,0,0,0,0,0,0,0,0,0,0,0,0,0,0
187,0,0,0,0,0,0,0,0,0,0,0,0,0,0,0,0,0,0,0,0,0
188,0,0,0,0,0,0,0,0,0,0,0,0,0,0,0,0,0,0,0,0,0
189,0,0,0,0,0,0,0,0,0,0,0,0,0,0,0,0,0,0,0,0,0
190,0,0,0,0,0,0,0,0,0,0,0,0,0,0,0,0,0,0,0,0,0
191,0,0,0,0,0,0,0,0,0,0,0,0,0,0,0,0,0,0,0,0,0
192,0,0,0,0,0,0,0,0,0,0,0,0,0,0,0,0,0,0,0,0,0
193,0,0,0,0,0,0,0,0,0,0,0,0,0,0,0,0,0,0,0,0,0
194,2,2,1,1,1,1,1,1,1,1,1,1,1,1,1,1,1,1,1,1,1
195,0,0,0,0,0,0,0,0,0,0,0,0,0,0,0,0,0,0,0,0,0
196,0,0,0,0,0,0,0,0,0,0,0,0,0,0,0,0,0,0,0,0,0
197,0,0,0,0,0,0,0,0,0,0,0,0,0,0,0,0,0,0,0,0,0
198,4,3,3,2,2,2,2,3,3,2,2,2,2,2,2,2,2,2,2,2,2
199,0,0,0,0,0,0,0,1,1,1,1,1,0,1,1,1,1,1,1,1,1
200,1,1,0,0,0,0,0,0,0,0,0,0,0,0,0,0,0,0,0,0,0
201,0,0,0,0,0,0,0,0,0,0,0,0,0,0,0,0,0,0,0,0,0
202,0,0,0,0,0,0,0,0,0,0,0,0,0,0,0,0,0,0,0,0,0
203,0,0,0,0,0,0,0,0,0,0,0,0,0,0,0,0,0,0,0,0,0
204,0,0,0,0,0,0,0,0,0,0,0,0,0,0,0,0,0,0,0,0,0
205,6,6,6,4,4,4,4,6,6,6,4,4,4,4,6,6,6,4,4,4,4
206,0,0,0,0,0,0,0,0,0,0,0,0,0,0,0,0,0,0,0,0,0
207,17,15,14,12,11,13,13,14,14,13,12,10,12,12,14,13,12,11,10,12,12
208,22,21,19,17,15,14,14,15,16,15,13,12,11,12,13,14,14,13,11,11,12
209,14,14,13,12,10,9,9,10,11,10,9,7,6,7,8,8,8,7,6,6,6
210,0,0,0,0,0,0,0,0,0,0,0,0,0,0,0,0,0,0,0,0,0
211,0,0,0,0,0,0,0,0,0,0,0,0,0,0,0,0,0,0,0,0,0
212,6,6,6,6,5,4,4,5,6,6,5,4,3,3,3,3,3,3,3,2,2
213,1,1,1,1,1,1,1,1,1,1,1,1,1,1,1,1,1,1,1,1,1
214,2,2,1,1,1,1,1,1,1,1,1,1,1,1,1,1,1,1,1,1,1
215,0,0,0,0,0,0,0,0,0,0,0,0,0,0,0,0,0,0,0,0,0
216,1,1,0,0,0,0,0,0,0,0,0,0,0,0,0,0,0,0,0,0,0
217,0,0,0,0,0,0,0,0,0,0,0,0,0,0,0,0,0,0,0,0,0
218,0,0,0,0,0,0,0,0,0,0,0,0,0,0,0,0,0,0,0,0,0
219,0,0,0,0,0,0,0,0,0,0,0,0,0,0,0,0,0,0,0,0,0
220,3,4,4,4,4,3,3,3,4,4,4,4,3,3,3,4,4,4,4,3,3
221,18,19,18,16,14,13,12,14,15,15,15,13,12,11,14,15,15,15,13,12,12
222,7,8,7,6,5,6,7,8,8,7,7,5,7,7,8,9,7,7,5,7,7
223,6,6,6,6,5,5,5,7,7,7,7,6,5,6,7,8,8,7,6,6,6
224,50,50,50,48,44,43,44,47,50,48,48,46,45,48,50,49,49,47,44,43,46
225,15,14,12,11,10,9,9,11,11,11,10,9,8,9,10,10,10,9,8,8,8
226,1,2,2,2,2,2,2,2,2,2,2,2,2,2,2,2,3,2,2,2,2
227,0,0,0,0,0,0,0,0,0,0,0,0,0,0,0,0,0,0,0,0,0
228,11,11,10,8,7,6,7,8,8,7,6,5,5,5,6,5,5,4,4,4,4
229,1,1,1,2,2,1,1,1,1,1,2,2,1,1,1,1,1,2,2,1,1
230,0,0,0,0,0,0,0,0,0,0,0,0,0,0,0,0,0,0,0,0,0
231,0,0,0,0,0,0,0,0,0,0,0,0,0,0,0,0,0,0,0,0,0
232,1,1,1,1,1,1,1,1,1,1,1,1,1,1,1,1,1,1,1,1,1
233,0,0,0,0,0,0,0,0,0,0,0,0,0,0,0,0,0,0,0,0,0
234,2,2,2,2,2,1,1,2,2,2,2,2,1,1,2,2,2,2,2,1,1
235,1,1,1,0,0,0,1,1,1,1,0,0,0,0,1,1,1,0,0,0,1
236,1,1,1,1,1,1,1,1,1,1,1,1,1,1,1,1,1,0,1,1,1
237,1,1,1,1,1,1,1,1,1,1,1,1,1,1,1,1,1,1,1,1,1
238,0,0,0,0,0,0,0,0,0,0,0,0,0,0,0,0,0,0,0,0,0
239,0,0,0,0,0,0,0,0,0,0,0,0,0,0,0,0,0,0,0,0,0
240,0,0,0,0,0,0,0,0,0,0,0,0,0,0,0,0,0,0,0,0,0
241,0,0,0,0,0,0,0,0,0,1,0,0,0,0,0,0,1,0,0,0,0
242,2,2,2,2,2,2,2,2,2,2,2,2,2,2,2,2,2,2,2,2,2
243,9,9,10,10,9,8,8,9,10,10,10,9,8,8,9,9,10,9,9,8,7
244,0,0,0,0,0,0,0,0,0,0,0,0,0,0,0,0,0,0,0,0,0
245,0,0,0,0,0,0,0,0,0,0,0,0,0,0,0,0,0,0,0,0,0
246,1,1,1,1,1,1,1,2,1,1,1,1,1,1,2,1,1,1,1,1,1
247,4,4,4,4,3,3,3,3,4,4,4,3,3,3,3,4,4,3,3,3,3
248,68,68,60,58,57,58,61,69,71,62,59,57,57,58,66,67,59,57,55,58,61
249,7,7,5,4,4,4,5,7,7,5,4,4,4,5,7,7,5,4,4,4,5
250,6,6,5,4,4,3,5,6,6,5,4,4,3,5,6,6,5,4,4,3,5
251,55,57,57,52,47,44,46,56,62,62,61,56,49,49,59,62,62,57,51,48,54
252,8,7,7,5,6,7,8,8,8,7,5,6,7,8,8,8,7,5,6,6,7
253,2,1,2,1,1,1,2,2,1,2,1,1,1,2,2,1,2,1,1,1,2
254,25,21,17,16,14,20,20,23,20,17,16,13,19,20,22,20,16,16,13,19,20
255,21,22,24,23,20,18,19,24,27,29,25,19,15,16,18,19,19,15,12,9,11
256,28,26,27,28,23,22,25,29,28,29,31,25,23,25,30,28,29,30,24,23,25
257,8,9,9,8,7,6,8,8,9,9,8,7,6,8,8,9,9,8,7,6,8
258,0,0,0,0,0,0,0,0,0,0,0,0,0,0,0,0,0,0,0,0,0
259,0,0,0,0,0,0,0,0,0,0,0,0,0,0,0,0,0,0,0,0,0
260,4,4,3,5,4,3,4,4,4,3,5,4,3,4,4,4,3,5,4,3,4
261,0,0,0,0,0,0,0,0,0,0,0,0,0,0,0,0,0,0,0,0,0
262,1,1,0,0,1,1,1,1,1,0,0,1,1,1,1,1,0,0,1,1,1
263,0,0,0,0,0,0,0,0,0,0,0,0,0,0,0,0,0,0,0,0,0
264,0,0,0,0,0,0,0,0,0,0,0,0,0,0,0,0,0,0,0,0,0
265,0,0,0,0,0,1,1,0,0,0,0,0,1,1,0,0,0,0,0,1,1
266,0,0,0,0,0,0,0,0,0,0,0,0,0,0,0,0,0,0,0,0,0
267,1,1,0,0,0,1,1,1,1,0,0,0,1,1,1,1,0,0,0,1,1
268,0,0,0,0,0,0,0,0,0,0,0,0,0,0,0,0,0,0,0,0,0
269,0,0,0,0,0,0,0,0,0,0,0,0,0,0,0,0,0,0,0,0,0
270,0,0,0,0,0,0,0,0,0,0,0,0,0,0,0,0,0,0,0,0,0
271,6,8,8,8,6,5,5,6,8,8,8,6,5,5,6,8,8,8,6,5,5
272,35,35,35,33,29,28,28,42,45,47,46,41,37,35,53,57,57,52,47,50,59
273,0,1,2,2,2,1,0,0,1,2,2,2,1,0,0,1,2,2,2,1,0
274,10,13,11,13,10,8,11,11,13,11,13,10,8,11,11,13,11,13,10,8,11
275,7,8,8,7,6,6,7,8,9,9,8,7,7,7,9,9,9,8,7,7,8
276,1,1,1,0,1,0,1,1,1,1,0,1,0,1,1,1,1,0,1,0,1
277,0,0,0,0,0,0,0,0,0,0,0,0,0,0,0,0,0,0,0,0,0
278,32,36,37,35,30,26,27,32,36,37,35,30,26,27,32,36,37,35,30,26,27
279,2,2,2,1,1,1,1,2,2,2,1,1,1,1,2,2,2,1,1,1,1
280,6,6,7,7,6,5,5,6,6,7,7,6,5,5,6,6,7,7,6,5,5
281,18,18,19,18,16,14,14,18,18,19,18,16,14,14,18,18,19,18,16,14,14
282,2,2,1,2,1,2,2,2,2,1,2,1,2,2,2,2,1,2,1,2,2
283,8,9,8,8,6,7,7,8,9,8,8,6,7,7,8,9,8,8,6,7,7
284,2,2,2,2,2,2,2,2,2,2,2,2,2,2,2,2,2,2,2,2,2
285,9,11,11,10,9,8,8,9,11,11,10,9,8,8,9,11,11,10,9,8,8
286,25,27,28,26,22,20,21,25,27,28,26,22,20,21,25,27,28,26,22,20,21
287,2,2,2,2,2,2,2,2,2,2,2,2,2,2,2,2,2,2,2,2,2
288,0,0,0,1,1,1,0,0,1,1,1,1,1,0,0,1,1,1,1,1,0
289,0,0,0,0,0,0,0,0,0,0,0,0,0,0,0,0,0,0,0,0,0
290,0,0,0,0,0,0,0,0,0,0,0,0,0,0,0,0,0,0,0,0,0
291,0,0,0,0,0,0,0,0,0,0,0,0,0,0,0,0,0,0,0,0,0
292,0,0,0,0,0,0,0,0,0,0,0,0,0,0,0,0,0,0,0,0,0
293,0,0,0,0,0,0,0,0,0,0,0,1,1,1,1,1,1,1,1,1,1
294,3,2,2,1,1,1,2,2,2,2,2,2,2,2,2,3,3,4,4,5,6
295,2,2,2,2,2,2,2,2,2,2,2,2,2,2,2,2,2,2,2,2,2
296,1,1,1,1,1,1,1,1,1,1,1,1,1,1,1,1,1,1,1,1,1
297,0,0,0,0,0,1,1,0,0,0,0,0,1,1,0,0,0,0,0,1,1
298,9,10,9,8,8,7,7,8,9,9,8,8,7,7,8,9,9,8,8,7,7
299,2,3,3,2,2,1,2,2,3,3,2,2,1,2,2,3,3,2,2,1,2
300,6,5,5,5,5,5,6,6,6,6,5,5,5,6,6,5,5,5,5,5,6
301,16,15,13,12,11,12,13,14,14,13,12,11,12,12,14,13,13,12,11,11,12
302,7,7,7,7,7,6,6,6,6,7,7,7,6,5,5,5,6,6,6,5,5
303,0,0,0,0,0,0,0,0,0,0,0,0,0,0,0,0,0,0,0,0,0
304,0,0,0,0,0,0,0,0,0,0,0,0,0,0,0,0,0,0,0,0,0
305,0,0,0,0,0,0,0,0,0,0,0,0,0,0,0,0,0,0,0,0,0
306,0,0,0,0,0,0,0,0,0,0,0,0,0,0,0,0,0,0,0,0,0
307,0,0,0,0,0,0,0,0,0,0,0,0,0,0,0,0,0,0,0,0,0
308,0,0,0,0,0,0,0,0,0,0,0,0,0,0,0,0,0,0,0,0,0
309,0,0,0,0,0,0,0,0,0,0,0,0,0,0,0,0,0,0,0,0,0
310,0,0,0,0,0,0,0,0,0,0,0,0,0,0,0,0,0,0,0,0,0
311,0,0,0,0,0,0,0,0,0,0,0,0,0,0,0,0,0,0,0,0,0
312,0,0,0,0,0,0,0,0,0,0,0,0,0,0,0,0,0,0,0,0,0
313,8,8,8,7,6,6,6,7,7,7,7,6,6,6,7,7,7,7,6,6,6
314,0,0,0,0,0,0,0,0,0,0,0,0,0,0,0,0,0,0,0,0,0
315,0,0,0,0,0,0,0,0,0,0,0,0,0,0,0,0,0,0,0,0,0
316,1,1,1,1,1,1,1,1,1,1,1,1,1,1,1,1,1,1,1,1,1
317,1,1,1,1,1,1,1,1,1,1,1,1,1,1,1,1,1,1,1,1,1
318,8,8,7,7,6,6,6,6,7,6,6,6,5,5,5,6,5,5,5,5,5
319,28,29,28,26,26,22,22,25,28,26,26,25,22,22,25,27,26,25,24,21,21
320,1,1,1,1,1,1,1,1,1,1,1,1,1,1,1,1,1,1,1,1,1
321,0,0,0,0,0,0,0,0,0,0,0,0,0,0,0,0,0,0,0,0,0
322,0,0,0,0,0,0,0,0,0,0,0,0,0,0,0,0,0,0,0,0,0
323,1,1,1,1,1,1,1,1,1,1,1,1,1,1,1,1,1,1,1,1,1
324,1,1,1,1,1,1,1,1,1,1,1,1,1,1,1,1,1,1,1,1,1
325,1,1,1,1,1,1,1,1,1,1,1,1,1,1,1,1,1,1,1,1,1
326,0,0,0,0,0,0,0,0,0,0,0,0,0,0,0,0,0,0,0,0,0
327,0,1,1,1,0,0,0,0,1,1,1,0,0,0,0,1,1,1,0,0,0
328,0,0,0,0,0,0,0,0,0,0,0,0,0,0,0,0,0,0,0,0,0
329,0,1,1,1,1,0,0,0,1,1,1,1,0,0,0,1,1,1,1,0,0
330,3,3,4,4,3,3,3,3,3,4,3,3,2,3,3,3,4,3,3,2,2
331,1,1,1,1,1,1,1,1,1,1,1,1,1,1,1,1,1,1,1,1,1
332,25,28,23,25,24,22,24,23,28,24,27,26,22,23,23,28,24,26,25,22,25
333,5,6,6,5,5,4,4,5,6,6,5,5,4,4,5,6,6,5,5,4,4
334,9,10,10,9,8,7,7,8,9,9,9,8,7,7,8,9,9,8,8,7,7
335,0,0,0,0,0,0,0,0,0,0,0,0,0,0,0,0,0,0,0,0,0
336,0,0,0,0,0,0,0,0,0,0,0,0,0,0,0,0,0,0,0,0,0
337,1,1,1,1,1,1,1,1,1,1,1,1,1,1,1,1,1,1,1,1,1
338,1,1,1,1,1,1,1,1,1,1,1,1,1,1,1,1,1,1,1,1,1
339,0,0,0,0,0,0,0,0,0,0,0,0,0,0,0,0,0,0,0,0,0
340,0,1,1,1,1,0,0,0,1,1,1,1,0,0,0,1,1,1,1,0,0
341,3,3,3,3,2,2,2,3,3,3,3,2,2,2,3,3,3,2,2,2,2
342,2,2,2,2,1,1,1,1,1,2,1,1,1,1,1,1,1,1,1,1,1
343,8,8,7,6,5,4,5,6,6,6,5,4,4,4,5,5,4,4,3,3,3
344,0,0,0,0,0,0,0,0,0,0,0,0,0,0,0,0,0,0,0,0,0
345,0,0,0,0,0,0,0,0,0,0,0,0,0,0,0,0,0,0,0,0,0
346,26,27,27,22,24,22,25,26,27,27,22,24,22,25,26,27,27,22,24,22,25
347,2,2,2,2,1,1,1,2,2,2,2,1,1,1,2,2,2,2,1,1,1
348,1,1,1,1,1,0,0,1,1,1,1,1,0,0,1,1,1,1,1,0,0
349,0,0,0,0,0,0,0,0,0,0,0,0,0,0,0,0,0,0,0,0,0
350,0,0,0,0,0,0,0,0,0,0,0,0,0,0,0,0,0,0,0,0,0
351,0,0,0,0,0,0,0,0,0,0,0,0,0,0,0,0,0,0,0,0,0
352,0,0,0,0,0,0,0,0,0,0,0,0,0,0,0,0,0,0,0,0,0
353,1,1,0,0,0,0,0,1,1,0,0,0,0,0,1,1,0,0,0,0,0
354,0,1,0,0,0,0,0,0,1,0,0,0,0,0,0,1,0,0,0,0,0
355,0,0,0,0,0,0,0,0,0,0,0,0,0,0,0,0,0,0,0,0,0
356,0,0,0,0,0,0,0,0,0,0,0,0,0,0,0,0,0,0,0,0,0
357,18,19,18,15,14,13,14,18,20,19,17,15,15,15,19,20,19,16,15,15,17
358,0,0,0,0,0,0,0,0,0,0,0,0,0,0,0,0,0,0,0,0,0
359,0,0,0,0,0,0,0,0,0,0,0,0,0,0,0,0,0,0,0,0,0
360,1,1,1,1,1,1,1,1,1,1,1,1,1,1,1,1,1,1,1,1,1
361,0,0,0,0,0,0,0,0,0,0,0,0,0,0,0,0,0,0,0,0,0
362,5,7,7,6,5,3,3,4,6,7,6,5,3,3,4,6,7,6,6,3,3
363,0,0,1,0,0,0,0,0,0,1,0,0,0,0,0,0,1,0,0,0,0
364,0,0,0,0,0,0,0,0,0,0,0,0,0,0,0,0,0,0,0,0,0
365,1,2,2,1,1,1,1,1,2,2,1,1,1,1,1,2,2,1,1,1,1
366,0,0,0,0,0,0,0,0,0,0,0,0,0,0,0,0,0,0,0,0,0
367,0,0,0,0,0,0,0,0,0,0,0,0,0,0,0,0,0,0,0,0,0
368,0,0,0,0,0,0,0,0,0,0,0,0,0,0,0,0,0,0,0,0,0
369,122,121,112,96,83,71,73,84,91,94,88,79,73,76,92,100,105,99,91,81,83
370,0,0,0,0,0,0,0,0,0,0,0,0,0,0,0,0,0,0,0,0,0
371,36,34,29,25,22,17,16,21,25,25,24,21,16,15,20,24,24,23,20,16,15
372,1,2,2,3,2,1,1,1,2,2,3,2,1,1,1,2,2,3,2,1,1
373,6,5,5,4,4,3,3,4,4,4,4,4,3,3,4,4,4,4,4,3,3
374,2,2,2,2,1,1,1,2,2,2,2,1,1,1,2,2,2,2,1,1,1
375,39,41,40,34,30,29,32,39,42,41,37,33,31,33,40,43,43,38,33,32,35
376,0,0,1,1,0,0,0,0,1,1,1,0,0,0,0,0,1,1,0,0,0
377,7,7,6,5,4,3,4,5,5,5,4,4,3,3,4,5,5,4,4,3,3
378,3,3,3,2,2,2,2,3,3,3,2,2,2,2,3,3,3,2,2,2,2
379,6,7,6,6,5,4,5,5,6,6,6,5,4,4,5,6,6,6,5,4,5
380,42,44,38,34,29,28,30,31,35,33,34,30,29,29,34,38,37,37,33,32,35
381,1,0,1,1,1,1,1,1,0,1,1,1,1,1,1,0,1,1,1,1,1
382,10,12,13,13,10,8,9,10,12,13,13,10,8,9,10,12,13,13,10,8,9
383,6,6,6,6,5,4,4,5,5,6,6,5,4,4,4,5,6,6,5,4,4
384,6,7,7,6,5,5,5,6,6,6,5,5,5,5,5,6,6,5,4,4,5
385,3,4,3,3,3,2,3,3,4,3,3,3,3,3,3,4,3,3,3,3,3
386,5,5,3,3,2,2,2,3,4,3,3,2,2,2,3,4,3,2,2,2,2
387,2,2,2,2,2,2,2,2,2,2,2,2,2,2,2,2,2,2,2,2,2
388,1,1,1,1,1,1,1,1,1,1,1,1,1,1,1,1,1,1,1,1,1
389,5,5,4,3,2,2,3,3,4,3,3,2,2,2,3,3,3,2,2,2,2
390,2,2,1,1,1,1,1,1,2,2,1,2,1,1,2,2,2,2,2,2,2
391,0,0,0,0,0,0,0,0,0,0,0,0,0,0,0,0,0,0,0,0,0
392,2,2,2,1,1,1,1,2,2,2,1,1,1,1,2,2,1,1,1,1,1
393,0,0,0,0,0,0,0,0,0,0,0,0,0,0,0,0,0,0,0,0,0
394,0,0,0,0,0,0,0,0,0,0,0,0,0,0,0,0,0,0,0,0,0
395,0,0,0,0,0,0,0,0,0,0,0,0,0,0,0,0,0,0,0,0,0
396,0,0,0,0,0,0,0,0,0,0,0,0,0,0,0,0,0,0,0,0,0
397,0,0,0,0,0,0,0,0,0,0,0,0,0,0,0,0,0,0,0,0,1
398,0,0,0,0,0,0,0,0,0,0,0,0,0,0,0,0,0,0,0,0,0
399,0,0,0,0,0,0,0,0,0,0,0,0,0,0,0,0,0,0,0,0,0
400,0,0,0,0,0,0,0,0,0,0,0,0,0,0,0,0,0,0,0,0,0
401,1,1,1,0,0,0,1,1,0,1,0,0,0,1,1,1,1,0,1,1,1
402,0,0,0,0,0,0,0,0,0,0,0,0,0,0,0,0,0,0,0,0,0
403,0,0,0,0,0,0,0,0,0,0,0,0,0,0,0,0,0,0,0,0,0
404,0,0,0,0,0,0,0,0,0,0,0,0,0,0,0,0,0,0,0,0,0
405,0,0,0,0,0,0,0,0,0,0,0,0,0,0,0,0,0,0,0,0,0
406,0,0,0,0,0,0,0,0,0,0,0,0,0,0,0,0,0,0,0,0,0
407,0,0,0,0,0,0,0,0,0,0,0,0,0,0,0,0,0,0,0,0,0
408,3,1,0,0,1,0,0,3,1,0,0,1,0,0,3,1,0,0,1,0,0
409,0,0,0,0,0,0,0,0,0,0,0,0,0,0,0,0,0,0,0,0,0
410,2,2,2,2,2,2,2,3,3,3,2,2,2,2,3,3,3,2,2,2,2
411,0,0,0,0,0,0,0,0,0,0,0,0,0,0,0,0,0,0,0,0,0
412,11,11,9,10,8,7,8,11,12,9,9,7,6,6,8,8,5,5,3,3,4
413,1,1,1,1,1,1,1,1,1,1,1,0,0,0,1,1,1,1,1,1,1
414,0,0,0,0,0,0,0,0,0,0,0,0,0,0,0,0,0,0,0,0,0
415,3,4,4,4,4,4,4,4,5,5,4,4,4,4,5,4,4,4,4,3,3
416,2,2,2,2,2,1,2,2,2,2,2,2,1,2,2,2,2,2,2,2,2
417,1,1,1,1,1,1,1,1,1,1,1,1,1,1,1,1,1,1,1,1,1
418,15,14,13,12,11,10,10,12,13,12,11,10,10,9,11,11,11,10,9,9,9
419,0,0,0,0,0,0,0,0,0,0,0,0,0,0,0,0,0,0,0,0,0
420,1,1,1,1,1,1,1,1,1,1,1,1,1,0,1,1,1,1,1,1,0
421,0,0,0,0,0,0,0,0,0,0,0,0,0,0,0,0,0,0,0,0,0
422,1,1,1,1,2,1,1,1,1,1,1,2,1,1,1,1,1,1,2,1,1
423,1,1,1,1,1,1,1,1,1,1,1,1,1,1,1,1,1,1,1,1,1
424,0,0,0,0,0,0,0,0,0,0,0,0,0,0,0,0,0,0,0,0,0
425,8,8,8,6,5,5,6,7,7,7,6,5,4,5,7,7,7,5,5,4,5
426,12,10,10,9,8,7,7,8,8,9,9,7,7,6,8,8,8,8,7,6,6
427,1,1,1,0,0,1,0,1,1,1,0,0,1,0,1,1,1,0,0,0,0
428,1,1,1,1,1,1,1,1,1,1,1,1,1,1,1,1,1,1,1,1,1
429,21,21,19,17,16,16,18,20,21,18,16,15,15,16,18,18,15,14,13,13,15
430,1,1,1,1,1,1,1,1,1,1,1,1,0,0,1,1,1,1,1,1,0
431,0,0,0,0,0,0,0,0,0,1,0,0,0,0,0,0,0,0,0,0,0
432,4,5,5,4,4,4,4,5,5,5,5,5,4,4,5,5,5,5,5,4,5
433,87,88,87,76,64,56,63,73,78,77,70,61,55,62,71,75,76,69,61,54,62
434,6,8,8,8,8,8,8,9,10,9,9,8,8,9,9,9,9,9,8,8,9
435,4,4,2,2,2,2,2,3,3,2,2,2,2,2,3,3,2,2,2,2,2
436,0,0,0,0,0,0,0,0,0,0,0,0,0,0,0,0,0,0,0,0,0
437,5,5,4,4,3,3,3,4,4,4,3,3,3,3,4,4,4,3,3,3,3
438,4,4,4,4,4,4,4,4,4,4,4,3,3,3,3,3,3,3,3,3,3
439,5,4,3,3,3,2,2,3,3,3,3,2,2,2,3,3,3,3,2,2,2
440,7,6,6,6,5,4,4,6,5,5,5,5,4,4,5,5,5,5,4,4,4
441,2,3,3,2,2,2,2,3,3,3,2,2,2,2,3,3,3,2,2,2,2
442,0,0,0,0,0,0,0,0,0,0,0,0,0,0,0,0,0,0,0,0,0
443,1,1,1,1,1,1,1,1,1,1,2,1,1,1,1,1,1,2,1,1,1
444,0,0,0,0,0,0,0,0,0,0,0,0,0,0,0,0,0,0,0,0,0
445,0,0,0,0,0,0,0,0,0,0,0,0,0,0,0,0,0,0,0,0,0
446,1,1,0,0,0,0,0,1,1,0,0,0,0,0,1,1,0,0,0,0,0
447,0,0,0,0,0,0,0,0,0,0,0,0,0,0,0,0,0,0,0,0,0
448,0,0,0,0,0,0,1,1,1,1,1,0,0,1,1,1,1,1,1,0,1
449,0,0,0,0,0,0,0,0,0,0,0,0,0,0,0,0,0,0,0,0,0
450,0,0,0,0,0,0,0,0,0,0,0,0,0,0,0,0,0,0,0,0,0
451,0,0,0,0,0,0,0,0,0,0,0,0,0,0,0,0,0,0,0,0,0
452,0,0,0,0,0,0,0,0,0,0,0,0,0,0,0,0,0,0,0,0,0
453,0,0,0,0,0,0,0,0,0,0,0,0,0,0,0,0,0,0,0,0,0
454,0,0,0,0,0,0,0,1,1,1,1,1,1,1,1,1,1,1,1,1,1
455,0,0,0,0,0,0,0,0,0,0,0,0,0,0,0,0,0,0,0,0,0
456,0,0,0,0,0,0,0,0,0,0,0,0,0,0,0,0,0,0,0,0,0
457,0,0,0,0,0,0,0,0,0,0,0,0,0,0,0,0,0,0,0,0,0
458,0,0,0,0,0,0,0,0,0,0,0,0,0,0,0,0,0,0,0,0,0
459,0,0,0,0,0,0,0,0,0,0,0,0,0,0,0,0,0,0,0,0,0
460,0,0,0,0,0,0,0,0,0,0,0,0,0,0,0,0,0,0,0,0,0
461,0,0,0,0,0,0,0,0,0,0,0,0,0,0,0,0,0,0,0,0,0
462,0,0,0,0,0,0,0,0,0,0,0,0,0,0,0,0,0,0,0,0,0
463,0,0,0,0,0,0,0,0,0,0,0,0,0,0,0,0,0,0,0,0,0
464,0,0,0,0,0,0,0,0,0,0,0,0,0,0,0,0,0,0,0,0,0
465,0,0,0,0,0,0,0,0,0,0,0,0,0,0,0,0,0,0,0,0,0
466,0,0,0,0,0,0,0,0,0,0,0,0,0,0,0,0,0,0,0,0,0
467,0,0,0,0,0,0,0,0,0,0,0,0,0,0,0,0,0,0,0,0,0
468,0,0,0,0,0,0,0,0,0,0,0,0,0,0,0,0,0,0,0,0,0
469,0,0,0,0,0,0,0,0,0,0,0,0,0,0,0,0,0,0,0,0,0
470,0,0,0,0,0,0,0,0,0,0,0,0,0,0,0,0,0,0,0,0,0
471,0,0,0,0,0,0,0,0,0,0,0,0,0,0,0,0,0,0,0,0,0
472,0,0,0,0,0,0,0,0,0,0,0,0,0,0,0,0,0,0,0,0,0
473,0,0,0,0,0,0,0,0,0,0,0,0,0,0,0,0,0,0,0,0,0
474,0,0,0,0,0,0,0,0,0,0,0,0,0,0,0,0,0,0,0,0,0
475,0,0,0,0,0,0,0,0,0,0,0,0,0,0,0,0,0,0,0,0,0
476,0,0,0,0,0,0,0,0,0,0,0,0,0,0,0,0,0,0,0,0,0
477,0,0,0,0,0,0,0,0,0,0,0,0,0,0,0,0,0,0,0,0,0
478,0,0,0,0,0,0,0,0,0,0,0,0,0,0,0,0,0,0,0,0,0
479,0,0,0,0,0,0,0,0,0,0,0,0,0,0,0,0,0,0,0,0,0
480,0,0,0,0,0,0,0,0,0,0,0,0,0,0,0,0,0,0,0,0,0
481,0,0,0,0,0,0,0,0,0,0,0,0,0,0,0,0,0,0,0,0,0
482,0,1,1,1,0,0,0,0,1,1,1,0,0,0,1,1,1,1,0,1,1
483,0,0,0,0,0,0,0,0,0,0,0,0,0,0,0,0,0,0,0,0,0
484,6,6,5,5,4,4,4,4,5,4,4,3,3,4,4,4,4,3,3,3,3
485,550,576,635,585,508,447,441,595,712,793,733,632,574,582,814,1001,1143,1027,912,860,927
486,287,343,354,343,283,232,226,288,344,354,343,283,232,226,288,343,353,343,282,232,226
487,0,0,0,0,0,0,0,0,0,0,0,0,0,0,0,0,0,0,0,0,0
488,142,161,205,206,186,159,188,230,242,229,204,172,148,177,215,245,258,235,199,173,206
489,22,20,20,20,19,17,17,18,18,19,21,19,17,17,20,20,21,22,21,20,21
490,30,29,26,22,19,20,26,32,38,39,37,32,28,30,39,49,51,45,38,43,62
491,1,1,1,2,2,1,1,1,1,1,2,2,1,1,1,1,1,2,2,1,1
492,2,2,3,2,1,1,2,3,3,3,2,1,1,2,2,3,3,2,1,2,2
493,0,0,0,0,0,0,0,0,0,0,0,0,0,0,0,0,0,0,0,0,0
494,6,6,6,6,6,5,5,5,5,5,5,5,4,4,4,4,4,4,4,3,3
495,0,0,0,0,0,0,0,0,0,0,0,0,0,0,0,0,0,0,0,0,0
496,4,3,3,2,2,2,2,2,3,3,2,2,2,2,2,3,3,2,2,2,2
497,2,2,2,2,2,2,2,2,2,2,2,2,2,2,2,2,2,2,2,2,2
498,1,0,1,1,1,1,0,1,1,1,1,1,1,0,1,0,1,1,1,1,0
499,1,1,1,1,1,0,0,1,1,1,1,1,0,0,1,1,1,1,1,0,0
500,0,0,0,0,0,0,0,0,0,0,0,0,0,0,0,0,0,0,0,0,0
501,0,0,0,0,0,0,0,0,0,0,0,0,0,0,0,0,0,0,0,0,0
502,0,0,0,0,0,0,0,0,0,0,0,0,0,0,0,0,0,0,0,0,0
503,1,1,1,1,1,1,0,1,1,1,1,1,1,0,1,1,1,1,1,1,0
504,0,0,0,0,0,0,0,0,0,0,0,0,0,0,0,0,0,0,0,0,0
505,0,0,0,0,0,0,0,0,0,0,0,0,0,0,0,0,0,0,0,0,0
506,0,0,0,0,0,0,0,0,0,0,0,0,0,0,0,0,0,0,0,0,0
507,0,0,0,0,0,0,0,0,0,0,0,0,0,0,0,0,0,0,0,0,0
508,2,1,1,1,1,0,1,1,1,1,1,1,1,1,1,1,1,1,1,1,1
509,46,44,47,42,39,38,39,45,44,46,41,40,40,43,46,41,42,37,34,34,38
510,1,1,1,1,1,1,2,1,1,1,1,1,1,2,1,1,1,1,1,1,2
511,0,0,0,0,0,0,0,0,0,0,0,0,0,0,0,0,0,0,0,0,0
512,0,0,0,0,0,0,0,0,0,0,0,0,0,0,0,0,0,0,0,0,0
513,0,0,0,0,0,0,0,0,0,0,0,0,0,0,0,0,0,0,0,0,0
514,0,0,0,0,0,0,0,0,0,0,0,0,0,0,0,0,0,0,0,0,0
515,0,0,0,0,0,0,0,0,0,0,0,0,0,0,0,0,0,0,0,0,0
516,2,2,2,2,2,1,2,2,2,2,2,2,1,1,2,2,2,2,2,2,2
517,7,7,7,6,6,5,6,7,7,7,6,6,5,6,7,7,7,6,6,5,6
518,1,1,1,1,1,1,1,1,2,1,2,1,1,1,1,2,1,2,1,1,1
519,10,12,11,9,8,7,7,9,11,10,8,7,6,7,9,11,10,8,7,6,7
520,17,17,18,19,17,14,14,18,18,19,19,17,14,14,17,17,18,18,16,13,14
521,20,21,22,21,20,17,17,19,20,19,17,15,14,13,15,15,15,14,13,12,12
522,2,2,1,1,1,1,1,1,1,1,1,1,1,1,1,2,1,2,1,1,1
523,7,7,7,6,6,5,5,6,6,6,6,5,5,5,5,6,6,5,5,5,5
524,2,2,2,2,2,1,1,2,2,2,2,2,1,1,2,2,2,2,2,1,1
525,5,7,7,6,4,4,4,6,7,7,6,4,4,4,6,7,7,6,4,4,4
526,0,0,0,0,0,0,0,0,0,0,0,0,0,0,0,0,0,0,0,0,0
527,51,51,48,47,31,43,44,51,51,48,47,31,43,44,51,51,48,47,31,43,44
528,0,0,0,0,0,0,0,0,0,0,0,0,0,0,0,0,0,0,0,0,0
529,0,0,0,0,0,0,0,0,0,0,0,0,0,0,0,0,0,0,0,0,0
530,0,0,0,0,0,0,0,0,0,0,0,0,0,0,0,0,0,0,0,0,0
531,0,0,0,0,0,0,0,0,0,0,0,0,0,0,0,0,0,0,0,0,0
532,0,0,0,0,0,0,0,0,0,0,0,0,0,0,0,0,0,0,0,0,0
533,0,0,0,0,0,0,0,0,0,0,0,0,0,0,0,0,0,0,0,0,0
534,0,0,0,0,0,0,0,0,0,0,0,0,0,0,0,0,0,0,0,0,0
535,0,0,0,0,0,0,0,0,0,0,0,0,0,0,0,0,0,0,0,0,0
536,1,1,0,0,0,0,0,1,1,0,0,0,0,0,1,1,0,0,0,0,0
537,0,0,0,0,0,0,0,0,0,0,0,0,0,0,0,0,0,0,0,0,0
538,0,0,0,0,0,0,0,0,0,0,0,0,0,0,0,0,0,0,0,0,0
539,0,0,0,0,0,0,0,0,0,0,0,0,0,0,0,0,0,0,0,0,0
540,1,1,0,0,0,0,0,0,0,0,0,0,0,0,0,0,0,0,0,0,0
541,81,87,87,75,60,58,61,81,87,87,75,60,58,61,81,87,87,75,60,58,61
542,1,2,4,4,4,3,3,3,4,5,5,4,3,3,4,5,5,5,4,4,3
543,0,0,1,0,0,0,0,0,0,1,0,0,0,0,0,0,1,0,0,0,0
544,0,0,0,0,0,0,0,0,0,0,0,0,0,0,0,0,0,0,0,0,0
545,0,0,0,0,0,0,0,0,0,0,0,0,0,0,0,0,0,0,0,0,0
546,0,0,0,0,0,0,0,0,0,0,0,0,0,0,0,0,0,0,0,0,0
547,0,0,0,0,0,0,0,0,0,0,0,0,0,0,0,0,0,0,0,0,0
548,0,0,0,0,0,0,0,0,0,0,0,0,0,0,0,0,0,0,0,0,0
549,5,5,5,5,5,4,4,4,4,5,5,5,4,3,4,4,4,5,5,4,3
550,0,0,0,0,0,0,0,0,0,0,0,0,0,0,0,0,0,0,0,0,0
551,0,0,0,0,0,0,0,0,0,0,0,0,0,0,0,0,0,0,0,0,0
552,9,10,10,10,8,7,6,8,9,10,10,8,7,6,8,9,10,10,8,7,6
553,1,1,1,1,1,1,1,1,1,1,1,1,1,1,1,1,1,1,1,1,1
554,0,0,0,0,0,0,0,0,0,0,0,0,0,0,0,0,0,0,0,0,0
555,3,3,2,2,2,2,2,2,2,2,2,2,2,2,2,2,2,2,2,1,2
556,0,0,0,0,0,0,0,0,0,0,0,0,0,0,0,0,0,0,0,0,0
557,0,0,0,0,0,0,0,0,0,0,0,0,0,0,0,0,0,0,0,0,0
558,0,0,0,0,0,0,0,0,0,0,0,0,0,0,0,0,0,0,0,0,0
559,0,0,0,0,0,0,0,0,0,0,0,0,0,0,0,0,0,0,0,0,0
560,3,5,5,5,3,2,2,3,5,5,5,3,2,2,3,5,5,5,3,2,2
561,0,0,0,0,0,0,0,0,0,0,0,0,0,0,0,0,0,0,0,0,0
562,3,3,3,3,2,1,2,3,3,3,3,2,1,2,3,3,3,3,2,1,2
563,0,0,0,0,0,0,0,0,0,0,0,0,0,0,0,0,0,0,0,0,1
564,2,1,1,1,1,1,1,1,1,1,1,1,1,1,1,1,1,1,1,1,1
565,0,0,0,0,0,0,0,0,0,0,0,0,0,0,0,0,0,0,0,0,0
566,0,0,0,0,0,0,0,0,0,0,0,0,0,0,0,0,0,0,0,0,0
567,0,0,0,0,0,0,0,0,0,0,0,0,0,0,0,0,0,0,0,0,0
568,0,0,0,0,0,0,0,0,0,0,0,0,0,0,0,0,0,0,0,0,0
569,0,0,0,0,0,0,0,0,0,0,0,0,0,0,0,0,0,0,0,0,0
570,5,4,3,3,3,3,3,4,4,3,3,3,3,3,4,3,3,3,3,3,3
571,0,1,1,1,0,0,0,0,1,1,1,0,0,0,0,1,1,1,0,0,0
572,0,1,0,1,0,0,1,0,1,0,1,0,0,1,0,1,0,1,0,0,1
573,7,7,7,6,5,5,5,5,6,6,6,5,5,4,5,6,6,5,5,4,4
574,0,0,0,0,0,0,0,0,0,0,0,0,0,0,0,0,0,0,0,0,0
575,0,0,0,1,1,0,0,0,0,0,1,1,0,0,0,0,0,1,1,0,0
576,3,4,5,4,4,3,3,4,4,6,4,4,3,3,4,4,6,4,4,3,3
577,6,7,7,7,6,6,5,6,7,7,7,6,6,5,6,7,7,7,6,6,5
578,2,1,1,1,1,1,1,1,1,1,1,1,1,1,1,1,1,1,1,1,1
579,72,74,73,66,63,65,71,73,81,80,75,69,69,75,73,75,74,68,63,65,71
580,50,49,48,46,45,42,46,56,56,53,50,48,45,49,57,53,49,46,43,40,44
581,1,1,1,1,1,1,1,1,1,1,1,1,1,1,1,1,1,1,1,1,1
582,1,1,1,1,1,0,1,1,1,1,1,1,0,0,1,1,1,1,1,0,0
583,0,0,0,0,0,0,0,0,0,0,0,0,0,0,0,0,0,0,0,0,0
584,2,2,2,1,1,1,1,2,2,2,1,1,1,1,2,2,2,1,1,1,1
585,7,7,7,7,7,7,6,6,7,6,6,6,7,6,6,7,6,6,6,7,6
586,1,1,1,1,1,1,1,1,1,1,1,1,1,1,1,1,1,1,1,1,1
587,1,2,2,2,1,1,1,2,2,2,2,1,1,1,2,2,2,1,1,1,1
588,5,6,6,5,4,5,5,6,6,6,5,4,5,5,5,5,5,4,4,4,4
589,0,1,0,0,0,0,0,0,1,0,0,0,0,0,0,1,0,0,0,0,0
590,1,1,1,1,1,1,1,1,1,1,1,1,1,1,1,1,1,1,1,1,1
591,45,49,49,44,39,37,39,48,53,52,48,41,38,39,49,56,57,53,45,44,50
592,0,0,0,0,0,0,0,0,0,0,0,0,0,0,0,0,0,0,0,0,0
593,0,0,0,0,0,0,0,0,0,0,0,0,0,0,0,0,0,0,0,0,0
594,2,2,2,2,2,2,2,2,2,2,2,2,2,2,2,2,2,2,2,2,3
595,1,1,1,1,1,1,1,1,1,1,1,1,1,1,1,1,1,1,1,1,1
596,0,1,0,0,0,0,0,0,0,1,0,0,0,0,1,1,1,0,0,0,0
597,1,1,1,1,0,0,0,1,1,1,1,0,0,0,1,1,1,1,0,0,0
598,1,1,1,1,1,1,1,1,1,1,1,1,1,1,1,1,1,1,1,1,1
599,1,1,1,1,1,1,1,1,1,1,1,1,1,1,1,1,1,1,1,1,1
600,4,4,4,3,3,3,4,4,4,4,3,3,3,3,4,4,4,3,3,3,4
601,4,4,4,3,3,3,3,3,3,3,3,3,3,3,3,3,3,3,3,3,3
602,2,2,2,2,2,2,2,2,3,2,2,2,2,2,2,3,2,2,2,2,3
603,0,0,0,0,0,1,0,0,0,0,0,0,0,0,0,0,0,0,0,0,0
604,0,0,0,0,0,0,0,0,0,0,0,0,0,0,0,0,0,0,0,0,0
605,3,2,2,1,1,1,1,1,1,2,1,1,1,1,1,1,2,1,1,1,1
606,1,1,1,1,1,1,1,1,1,1,1,1,1,1,1,1,1,1,1,1,1
607,4,3,2,2,2,2,2,3,3,3,2,2,2,2,3,2,3,2,2,2,2
608,2,2,2,2,1,2,3,2,2,2,2,1,2,3,2,2,2,2,1,2,3
609,0,0,0,0,0,0,0,0,0,0,0,0,0,0,0,0,0,0,0,0,0
610,2,2,2,1,1,1,1,1,1,1,1,1,1,1,1,1,1,1,1,1,1
611,0,0,1,1,0,0,0,0,0,1,1,0,0,0,0,0,1,1,0,0,0
612,0,0,0,0,0,0,0,0,0,0,0,0,0,0,0,0,0,0,0,0,0
613,0,0,0,0,0,0,0,0,0,0,0,0,0,0,0,0,0,0,0,0,0
614,0,0,0,0,0,0,0,0,0,0,0,0,0,0,0,0,0,0,0,0,0
615,0,0,0,0,0,0,0,0,0,0,0,0,0,0,0,0,0,0,0,0,0
616,0,0,0,0,0,0,0,0,0,0,0,0,0,0,0,0,0,0,0,0,0
617,0,0,0,0,0,0,0,0,0,0,0,0,0,0,0,0,0,0,0,0,0
618,0,0,0,0,0,0,0,0,0,0,0,0,0,0,0,0,0,0,0,0,0
619,0,0,0,0,0,0,0,0,0,0,0,0,0,0,0,0,0,0,0,0,0
620,0,0,0,0,0,0,0,0,0,0,0,0,0,0,0,0,0,0,0,0,0
621,0,0,0,0,0,0,0,0,0,0,0,0,0,0,0,0,0,0,0,0,0
622,0,0,0,0,0,0,0,0,0,0,0,0,0,0,0,0,0,0,0,0,0
623,0,0,0,0,0,0,0,0,0,0,0,0,0,0,0,0,0,0,0,0,0
624,0,0,0,0,0,0,0,0,0,0,0,0,0,0,0,0,0,0,0,0,0
625,0,0,0,0,0,0,0,0,0,0,0,0,0,0,0,0,0,0,0,0,0
626,0,0,0,0,0,0,0,0,0,0,0,0,0,0,0,0,0,0,0,0,0
627,0,0,0,0,0,0,0,0,0,0,0,0,0,0,0,0,0,0,0,0,0
628,0,0,0,0,0,0,0,0,0,0,0,0,0,0,0,0,0,0,0,0,0
629,0,0,0,0,0,0,0,0,0,0,0,0,0,0,0,0,0,0,0,0,0
630,0,0,0,0,0,0,0,0,0,0,0,0,0,0,0,0,0,0,0,0,0
631,0,0,0,0,0,0,0,0,0,0,0,0,0,0,0,0,0,0,0,0,0
632,0,0,0,0,0,0,0,0,0,0,0,0,0,0,0,0,0,0,0,0,0
633,4,4,3,2,2,2,2,2,2,2,2,2,2,2,2,2,2,2,2,2,2
634,0,0,0,0,0,0,0,0,0,0,0,0,0,0,0,0,0,0,0,0,0
635,0,0,0,0,0,0,0,0,0,0,0,0,0,0,0,0,0,0,0,0,0
636,0,0,0,0,0,0,0,0,0,0,0,0,0,0,0,0,0,0,0,0,0
637,2,2,2,2,2,2,2,2,2,2,2,2,2,2,2,2,3,2,2,2,2
638,3,3,3,2,2,2,2,3,3,3,2,2,2,2,3,2,2,2,2,2,2
639,2,1,1,1,1,1,1,1,1,1,1,1,1,1,1,1,1,1,1,1,1
640,0,0,0,0,0,0,0,0,0,0,0,0,0,0,0,0,0,0,0,0,0
641,20,17,15,12,11,11,12,16,17,18,17,15,16,17,20,19,19,18,15,15,17
642,3,3,2,3,2,2,2,3,3,2,2,2,2,2,2,3,2,2,2,2,3
643,13,14,14,12,10,9,9,11,13,13,11,10,9,9,10,12,12,11,10,9,9
644,0,0,0,0,0,0,0,0,0,0,0,0,0,0,0,0,0,0,0,0,0
645,0,0,0,0,0,0,0,0,0,0,0,0,0,0,0,0,0,0,0,0,0
646,0,0,0,0,0,0,0,0,0,0,0,0,0,0,0,0,0,0,0,0,0
647,0,0,0,0,0,0,0,0,0,0,0,0,0,0,0,0,0,0,0,0,0
648,0,0,0,0,0,0,0,0,0,0,0,0,0,0,0,0,0,0,0,0,0
649,0,0,0,0,0,0,0,0,0,0,0,0,0,0,0,0,0,0,0,0,0
650,0,0,0,0,0,0,0,0,0,0,0,0,0,0,0,0,0,0,0,0,0
651,2,2,1,1,1,1,1,2,2,2,1,1,1,1,2,2,2,1,1,1,1
652,0,0,0,0,0,0,0,0,0,0,0,0,0,0,0,0,0,0,0,0,0
653,0,0,0,0,0,0,0,0,0,0,0,0,0,0,0,0,0,0,0,0,0
654,0,0,0,0,0,0,0,0,0,0,0,0,0,0,0,0,0,0,0,0,0
655,0,0,0,0,0,0,0,0,0,0,0,0,0,0,0,0,0,0,0,0,0
656,2,2,2,2,2,2,2,2,2,2,2,2,2,2,2,2,2,2,2,2,3
657,1,1,1,1,1,0,0,1,1,1,1,1,0,0,1,1,1,1,1,0,0
658,0,0,0,0,0,0,0,0,0,0,0,0,0,0,0,0,0,0,0,0,0
659,0,0,0,0,0,0,0,0,0,0,0,0,0,0,0,0,0,0,0,0,0
660,0,0,0,0,0,0,0,0,0,0,0,0,0,0,0,0,0,0,0,0,0
661,0,0,1,1,0,0,0,0,0,1,1,0,0,0,0,0,1,1,0,0,0
662,5,6,7,6,5,4,4,5,6,7,6,5,4,4,5,6,7,6,5,4,4
663,3,5,5,4,4,3,3,4,5,6,4,4,3,3,4,5,6,4,4,3,4
664,3,3,4,3,3,2,3,3,3,4,3,3,2,3,3,3,4,3,3,2,3
665,5,6,6,6,5,5,5,5,6,6,6,5,5,5,5,6,6,6,5,5,5
666,7,8,8,8,7,7,6,7,8,8,8,7,7,6,7,8,8,8,7,7,6
667,2,2,2,2,1,2,2,2,2,2,2,1,2,2,2,2,2,2,1,2,2
668,1,2,2,1,1,1,1,1,2,2,1,1,1,1,1,2,2,1,1,1,1
669,3,3,3,3,3,3,3,4,4,4,3,3,3,3,4,4,4,3,3,3,3
670,0,1,1,1,1,0,1,0,1,1,1,1,0,0,0,1,1,1,1,0,1
671,1,1,1,1,1,1,1,1,1,1,1,1,1,1,1,1,1,1,1,1,1
672,0,0,0,0,0,0,0,0,0,0,0,0,0,0,0,0,0,0,0,0,0
673,0,0,0,0,0,0,0,0,0,0,0,0,0,0,0,0,0,0,0,0,0
674,0,0,0,0,0,0,0,0,0,0,0,0,0,0,0,0,0,0,0,0,0
675,0,0,0,0,0,0,0,0,0,0,0,0,0,0,0,0,0,0,0,0,0
676,0,1,0,0,0,0,0,0,1,0,0,0,0,0,0,0,0,0,0,0,0
677,0,0,0,0,0,0,0,0,0,0,0,0,0,0,0,0,0,0,0,0,0
678,0,0,0,0,0,0,0,0,0,0,0,0,0,0,0,0,0,0,0,0,0
679,0,0,0,0,0,0,0,0,0,0,0,0,0,0,0,0,0,0,0,0,0
680,0,0,0,0,0,0,0,0,0,0,0,0,0,0,0,0,0,0,0,0,0
681,0,0,0,0,0,0,0,0,0,0,0,0,0,0,0,0,0,0,0,0,0
682,0,0,0,0,0,0,0,0,0,0,0,0,0,0,0,0,0,0,0,0,0
683,0,0,0,0,0,0,0,0,0,0,0,0,0,0,0,0,0,0,0,0,0
684,1,1,1,1,0,1,1,1,1,1,1,0,1,1,1,1,1,1,0,1,1
685,0,0,0,1,0,0,0,0,0,0,1,0,0,0,0,0,0,1,0,0,0
686,4,4,4,4,4,4,4,4,4,4,4,4,4,4,4,4,4,4,4,4,4
687,1,1,1,1,1,1,1,1,2,2,2,2,2,1,2,2,2,2,2,2,1
688,0,0,0,0,0,0,0,0,0,0,0,0,0,0,0,0,0,0,0,0,0
689,0,0,0,0,0,0,1,1,1,0,0,1,0,1,1,1,1,0,1,0,1
690,0,0,0,0,0,0,0,0,0,0,0,0,0,0,0,0,0,0,0,0,0
691,0,0,0,0,0,0,0,0,0,0,0,0,0,0,0,0,0,0,0,0,0
692,0,0,0,0,0,0,0,0,0,0,0,0,0,0,0,0,0,0,0,0,0
693,0,0,0,0,0,0,0,0,0,0,0,0,0,0,0,0,0,0,0,0,0
694,0,0,0,0,0,0,0,0,0,0,0,0,0,0,0,0,0,0,0,0,0
695,0,0,0,0,0,0,0,0,0,0,0,0,0,0,0,0,0,0,0,0,0
696,0,0,0,0,0,0,0,0,0,0,0,0,0,0,0,0,0,0,0,0,0
697,1,1,1,0,0,1,1,1,1,1,0,0,1,1,1,1,1,0,0,0,1
698,0,0,0,0,0,0,0,0,0,0,0,0,0,0,0,0,0,0,0,0,0
699,1,1,2,1,1,1,1,2,2,2,1,1,1,1,1,1,1,1,1,1,1
700,0,0,0,0,0,0,0,0,0,0,0,0,0,0,0,0,0,0,0,0,0
701,0,0,0,0,0,0,0,0,0,0,0,0,0,0,0,0,0,0,0,0,0
702,0,0,0,0,0,0,0,0,0,0,0,0,0,0,0,0,0,0,0,0,0
703,0,0,0,0,0,0,0,0,0,0,0,0,0,0,0,0,0,0,0,0,0
704,1,1,1,1,1,1,1,1,1,1,1,1,1,1,1,1,1,1,1,1,1
705,2,2,1,1,0,0,0,1,1,0,0,0,0,0,0,0,0,0,0,0,0
706,0,0,0,0,0,0,0,0,0,0,0,0,0,0,0,0,0,0,0,0,0
707,0,0,0,0,0,0,0,0,0,0,0,0,0,0,0,0,0,0,0,0,0
708,13,12,10,9,8,8,11,13,12,10,9,8,8,11,13,12,10,9,8,8,11
709,6,7,8,7,6,4,5,7,8,8,7,6,4,5,7,7,8,7,5,4,4
710,1,1,1,1,1,1,1,1,1,1,1,1,1,1,1,1,1,1,1,1,1
711,28,29,27,24,22,21,22,27,30,30,28,25,22,22,28,32,32,29,26,26,30
712,3,3,3,3,2,2,2,3,3,3,3,2,2,2,3,3,3,3,2,2,2
713,0,0,0,0,0,0,0,0,0,0,0,0,0,0,0,0,0,0,0,0,0
714,7,8,7,6,5,5,5,5,6,6,5,5,4,4,5,6,5,5,4,4,4
715,4,4,3,3,3,3,3,3,3,3,3,3,3,3,3,3,3,3,3,2,3
716,2,2,2,2,2,2,2,2,2,3,2,2,2,2,2,3,3,2,2,2,2
717,1,1,1,1,1,1,1,1,1,1,1,1,1,1,1,1,1,1,1,1,1
718,0,0,0,0,0,0,0,0,0,0,0,0,0,0,0,0,0,0,0,0,0
719,0,0,0,0,0,0,0,0,0,0,0,0,0,0,0,0,0,0,0,0,0
720,0,0,0,0,0,0,0,0,0,0,0,0,0,0,0,0,0,0,0,0,0
721,1,1,1,1,1,1,1,1,1,1,1,1,1,1,1,1,1,1,1,1,1
722,1,1,0,0,0,0,0,1,1,1,1,1,0,1,1,1,1,1,1,0,1
723,1,1,1,1,1,0,0,1,1,1,1,1,0,0,1,1,1,1,1,1,1
724,0,0,0,0,0,0,0,0,0,0,0,0,0,0,0,0,0,0,0,0,0
725,2,2,1,1,1,1,1,1,1,1,1,1,1,1,1,1,1,1,1,1,1
726,0,0,0,0,0,0,0,0,0,0,0,0,0,0,0,0,0,0,0,0,0
727,0,0,1,1,1,0,0,0,0,1,1,1,0,0,0,0,1,1,1,0,0
728,0,0,0,0,0,0,0,0,0,0,0,0,0,0,0,0,0,0,0,0,0
729,0,0,0,0,0,0,0,0,0,0,0,0,0,0,0,0,0,0,0,0,0
730,0,0,0,0,0,0,0,0,0,0,0,0,0,0,0,0,0,0,0,0,0
731,0,0,0,0,0,0,0,0,0,0,0,0,0,0,0,0,0,0,0,0,0
732,3,3,3,3,3,3,3,3,3,3,3,3,2,3,3,3,3,3,3,3,3
733,6,7,6,5,5,5,5,6,7,6,5,5,5,5,6,7,6,5,5,5,5
734,112,129,143,130,110,93,116,167,188,171,146,120,105,117,157,187,204,187,150,130,151
735,11,12,12,12,12,10,9,11,12,13,12,11,9,9,10,11,12,11,11,9,8
736,5,4,4,3,3,2,3,3,3,3,3,2,2,2,3,3,3,2,2,2,2
737,0,0,0,0,0,0,0,0,0,0,0,0,0,0,0,0,0,0,0,0,0
738,0,0,0,0,0,0,0,0,0,0,0,0,0,0,0,0,0,0,0,0,0
739,0,0,0,0,0,0,0,0,0,0,0,0,0,0,0,0,0,0,0,0,0
740,1,0,0,0,0,0,0,1,0,0,0,0,0,0,1,0,0,0,0,0,0
741,2,2,2,2,2,2,1,2,2,2,2,2,2,1,2,2,2,2,2,2,1
742,0,0,0,0,0,0,0,1,0,0,0,0,0,0,1,0,0,0,0,0,0
743,0,0,0,0,0,0,0,0,0,0,0,0,0,0,0,0,0,0,0,0,0
744,14,12,11,10,9,8,9,10,10,10,8,7,7,8,9,8,9,8,7,7,7
745,2,2,2,3,3,3,2,2,2,2,3,3,3,2,2,2,2,3,3,3,2
746,2,2,3,2,2,2,2,2,2,3,2,2,2,2,2,2,3,2,2,2,2
747,0,0,0,0,0,0,0,0,0,0,0,0,0,0,0,0,0,0,0,0,0
748,0,0,0,0,0,0,0,0,0,0,0,0,0,0,0,0,0,0,0,0,0
749,0,0,0,0,0,0,0,0,0,0,0,0,0,0,0,0,0,0,0,0,0
750,0,0,0,0,0,0,0,0,0,0,0,0,0,0,0,0,0,0,0,0,0
751,0,0,0,0,0,0,0,0,0,0,0,0,0,0,0,0,0,0,0,0,0
752,4,4,4,3,3,3,3,4,4,3,3,3,3,3,3,3,3,3,3,3,3
753,0,0,0,0,0,0,0,0,0,0,0,0,0,0,0,0,0,0,0,0,0
754,0,0,0,0,0,0,0,0,0,0,0,0,0,0,0,0,0,0,0,0,0
755,0,0,0,0,0,0,0,0,0,0,0,0,0,0,0,0,0,0,0,0,0
756,0,0,0,0,0,0,0,0,0,0,0,0,0,0,0,0,0,0,0,0,0
757,32,30,26,17,13,16,17,24,25,25,16,11,14,16,23,24,23,14,10,13,15
758,4,3,3,2,2,2,2,2,2,3,2,2,2,2,2,2,2,2,2,2,2
759,2,2,2,2,1,2,2,2,3,2,2,1,2,2,2,2,2,2,1,2,2
760,43,47,41,35,30,30,33,41,47,44,40,33,31,32,40,46,42,38,32,31,35
761,12,13,14,13,11,10,10,12,13,14,13,11,10,10,12,13,14,13,11,10,10
762,0,0,0,0,0,0,0,0,0,0,0,0,0,0,0,0,0,0,0,0,0
763,2,3,3,3,3,3,2,2,3,3,3,3,3,2,2,3,3,3,3,3,2
764,0,0,0,0,0,0,0,0,1,1,0,0,0,0,0,0,1,0,0,0,0
765,6,7,6,5,4,4,4,4,6,6,5,4,4,4,4,5,5,5,4,4,3
766,4,5,4,3,2,2,2,1,3,3,2,2,2,2,1,2,2,2,2,2,2
767,0,0,0,0,0,0,0,0,0,0,0,0,0,0,0,0,0,0,0,0,0
768,1,1,1,1,1,1,1,1,1,1,1,1,1,1,1,1,1,1,1,1,1
769,2,2,2,2,2,2,2,2,2,2,2,2,2,2,2,2,2,2,2,2,2
770,6,7,7,6,6,5,5,6,7,7,6,6,5,5,6,7,7,6,6,5,5
771,0,0,0,0,0,0,0,0,0,0,0,0,0,0,0,0,0,0,0,0,0
772,1,1,1,1,1,1,1,1,1,1,1,1,1,1,1,1,1,1,1,1,1
773,0,0,0,0,0,0,0,0,0,0,0,0,0,0,0,0,0,0,0,0,0
774,0,0,0,0,0,0,0,0,0,0,0,0,0,0,0,0,0,0,0,0,0
775,1,0,0,0,0,0,0,1,0,0,0,0,0,0,1,0,0,0,0,0,0
776,0,0,0,0,0,0,0,0,0,0,0,0,0,0,0,0,0,0,0,0,0
777,0,0,0,0,0,0,0,0,0,0,0,0,0,0,0,0,0,0,0,0,0
778,7,8,8,7,7,7,7,8,8,8,7,7,7,7,8,8,8,7,7,7,7
779,0,0,0,0,0,0,1,1,1,1,1,1,1,1,1,1,1,1,1,1,1
780,1,1,1,1,1,1,1,1,2,1,1,1,1,1,1,2,1,1,1,1,1
781,15,16,16,15,14,12,13,15,16,15,14,14,12,12,15,15,15,14,13,12,12
782,0,0,0,0,0,0,0,0,0,0,0,0,0,0,0,0,0,0,0,0,0
783,0,0,0,0,0,0,0,0,0,0,0,0,0,0,0,0,0,0,0,0,0
784,0,1,1,1,1,1,0,0,1,1,1,1,1,0,1,1,1,1,1,1,0
785,0,0,0,0,0,0,0,0,0,0,0,0,0,0,0,0,0,0,0,0,0
786,0,0,0,0,0,0,0,0,0,0,0,0,0,0,0,0,0,0,0,0,0
787,1,1,1,1,1,1,1,1,1,1,1,1,1,1,1,1,1,1,1,1,1
788,8,10,10,9,8,7,6,8,10,10,9,8,7,6,8,10,10,9,8,7,6
789,46,48,48,42,38,34,36,43,48,46,41,35,32,34,39,42,42,39,34,31,33
790,2,2,2,2,2,1,1,2,2,2,2,2,1,1,2,2,2,2,2,1,1
791,1,1,1,0,0,1,1,1,1,1,0,0,1,1,1,1,1,0,0,1,1
792,0,0,0,0,0,0,0,0,0,0,0,0,0,0,0,0,0,0,0,0,0
793,0,0,0,0,0,0,0,1,1,1,1,1,1,1,1,1,2,2,2,2,2
794,0,0,0,0,0,0,0,0,0,0,0,0,0,0,0,0,0,0,0,0,0
795,0,0,0,0,0,0,0,0,0,0,0,0,0,0,0,0,0,0,0,0,0
796,0,0,0,0,0,0,0,0,0,0,0,0,0,0,0,0,0,0,0,0,0
797,0,0,0,0,0,0,0,0,0,0,0,0,0,0,0,0,0,0,0,0,0
798,0,0,0,0,0,0,0,0,0,0,0,0,0,0,0,0,0,0,0,0,0
799,12,13,12,9,7,5,6,8,9,9,6,5,4,4,6,8,8,5,5,3,4
800,17,19,19,18,17,16,17,19,20,19,19,17,16,18,19,18,17,17,15,14,16
801,1,2,2,2,2,2,2,2,2,2,2,2,2,2,2,2,2,2,2,2,2
802,0,0,0,0,0,0,0,0,0,0,0,0,0,0,0,0,0,0,0,0,0
803,0,0,0,0,0,0,0,0,0,0,0,0,0,0,0,0,0,0,0,0,0
804,0,0,0,0,0,0,0,0,0,0,0,0,0,0,0,0,0,0,0,0,0
805,2,2,2,2,2,1,1,2,2,2,2,2,1,1,2,2,2,2,2,1,1
806,1,2,2,2,1,1,1,1,2,2,2,1,1,1,1,2,2,2,1,1,1
807,2,2,2,2,2,2,2,2,2,2,2,2,2,2,2,2,2,2,2,2,2
808,3,3,3,3,2,2,2,3,3,3,3,2,2,2,3,3,3,3,2,2,2
809,1,1,1,1,1,1,1,1,1,1,1,1,1,1,1,1,1,1,1,1,1
810,1,1,1,1,1,1,0,1,1,1,1,1,1,0,1,1,1,1,1,1,0
811,0,0,0,0,0,1,0,0,0,0,0,0,1,0,0,0,0,0,0,1,0
812,11,12,11,10,9,9,9,11,12,11,10,9,9,9,11,11,11,10,9,9,9
813,12,11,11,9,8,7,8,10,10,10,8,8,7,8,9,9,9,8,7,7,8
814,3,3,2,2,2,2,2,2,2,2,2,2,2,2,2,2,2,2,2,2,2
815,6,6,5,5,4,4,5,6,6,5,5,4,4,5,6,6,5,5,4,4,5
816,0,0,0,0,0,0,0,0,0,0,0,0,0,0,0,0,0,0,0,0,0
817,1,1,1,1,1,1,1,1,1,1,1,1,1,1,1,1,1,1,1,1,1
818,1,2,2,2,2,1,1,1,2,2,2,2,1,1,1,2,2,2,2,1,1
819,0,0,0,0,0,0,0,0,0,0,0,0,0,0,0,0,0,0,0,0,0
820,1,1,1,0,1,0,1,1,1,1,0,1,0,1,1,1,1,0,1,0,1
821,0,0,0,0,0,0,0,0,0,0,0,0,0,0,0,0,0,0,0,0,0
822,0,0,0,0,0,0,0,0,0,0,0,0,0,0,0,0,0,0,0,0,0
823,0,0,0,0,0,0,0,0,0,0,0,0,0,0,0,0,0,0,0,0,0
824,502,567,651,600,510,429,392,500,559,626,579,500,428,388,505,568,647,608,530,452,427
825,0,0,0,0,0,0,0,0,0,0,0,0,0,0,0,0,0,0,0,0,0
826,0,0,0,0,0,0,0,0,0,0,0,0,0,0,0,0,0,0,0,0,0
827,0,0,0,0,0,0,0,0,0,0,0,0,0,0,0,0,0,0,0,0,0
828,1,1,1,1,1,1,1,1,1,1,1,1,1,1,1,1,1,1,1,1,1
829,0,0,0,0,0,0,0,0,0,0,0,0,0,0,0,0,0,0,0,0,0
830,1,2,2,1,1,1,1,1,2,2,1,1,1,1,1,2,2,1,1,1,1
831,22,23,23,21,19,17,18,21,24,24,22,20,19,21,22,23,22,20,18,17,19
832,0,0,0,0,0,0,0,0,0,0,0,0,0,0,0,0,0,0,0,0,0
833,1,1,1,1,1,1,1,1,1,1,1,1,0,1,1,1,1,1,1,1,1
834,1,1,1,1,1,0,0,1,1,1,1,1,1,1,1,1,1,1,1,1,1
835,0,0,0,0,0,0,0,0,0,0,0,0,0,0,0,0,0,0,0,0,0
836,27,25,23,18,16,17,19,22,24,22,20,17,17,19,22,24,23,21,18,20,22
837,0,0,0,0,0,0,0,0,0,0,0,0,0,0,0,0,0,0,0,0,0
838,6,6,5,4,3,3,3,4,4,4,4,3,3,3,3,4,4,4,3,2,2
839,8,7,6,5,4,3,3,4,5,5,4,3,3,3,3,3,4,3,3,2,2
840,1,1,2,1,1,1,1,1,1,2,1,1,1,1,1,1,2,1,1,1,1
841,3,2,2,1,1,1,1,1,1,1,1,1,1,1,1,1,1,1,1,1,1
842,0,0,0,0,0,0,0,0,0,0,0,0,0,0,0,0,0,0,0,0,0
843,0,0,0,0,0,0,0,0,0,0,0,0,0,0,0,0,0,0,0,0,0
844,0,0,0,0,0,0,0,0,0,0,0,0,0,0,0,0,0,0,0,0,0
845,32,40,43,35,35,28,27,33,40,43,35,35,28,27,33,40,43,35,35,28,27
846,2,2,3,2,2,2,2,2,2,3,2,2,2,2,2,2,3,2,2,2,2
847,140,142,139,116,110,102,112,144,156,154,133,122,106,110,146,165,169,142,130,123,144
848,265,328,310,265,214,190,214,265,328,310,265,214,190,214,265,328,310,265,214,190,214
849,9,9,7,7,6,6,6,8,8,7,7,6,6,6,8,8,7,7,6,6,6
850,21,21,22,18,16,13,16,21,21,22,18,16,13,16,21,21,22,18,16,13,16
851,25,24,22,19,17,15,16,22,22,21,18,16,14,15,21,21,20,18,16,14,15
852,48,46,43,37,33,30,36,46,49,48,42,37,32,37,49,50,49,42,37,35,43
853,2,2,3,2,1,2,2,2,2,3,2,2,2,2,2,2,3,2,2,2,2
854,32,36,36,29,25,21,24,32,36,36,29,25,21,24,32,36,36,29,25,21,24
855,11,11,8,7,6,6,7,9,10,8,7,6,6,7,8,9,7,6,5,6,6
856,20,22,20,16,16,14,17,20,22,20,16,16,14,17,20,22,20,16,16,14,17
857,27,25,20,18,16,15,17,21,23,20,19,16,15,17,20,21,18,17,14,13,14
858,16,15,12,10,9,9,9,11,12,11,9,8,8,8,10,11,10,9,7,7,8
859,13,12,11,9,9,8,8,10,10,10,9,8,7,8,9,9,9,8,7,6,7
860,3,3,4,2,2,2,2,3,3,4,2,2,2,2,3,3,4,2,2,2,2
861,53,61,56,37,35,39,47,58,71,69,51,47,48,54,67,82,82,61,54,63,80
862,90,91,89,76,68,67,67,93,98,98,87,76,72,71,100,108,110,95,84,86,100
863,117,129,121,120,115,109,94,115,128,120,119,114,108,94,114,127,120,119,114,108,94
864,76,74,66,54,50,51,56,72,81,75,63,57,58,62,82,90,87,77,73,79,97
865,22,21,20,16,14,13,13,17,18,18,15,13,12,12,17,17,18,15,13,12,13
866,65,74,74,73,60,50,50,66,75,75,73,60,50,49,66,75,74,72,60,49,49
867,23,25,25,22,20,17,18,22,25,26,24,21,18,18,23,26,26,24,22,18,19
868,24,29,30,26,24,20,21,27,32,32,28,25,21,22,28,32,32,27,24,20,21
869,12,13,15,13,12,11,11,11,12,15,13,12,11,11,11,12,15,13,12,10,10
870,0,1,1,0,0,1,0,0,1,1,0,0,1,0,0,1,1,0,0,1,0
871,19,20,21,19,17,15,15,18,22,23,22,20,17,15,19,23,25,23,20,19,19
872,7,7,8,7,6,5,5,7,7,8,7,6,5,5,7,7,8,7,6,5,5
873,20,23,21,13,12,11,15,20,25,24,16,13,12,16,20,24,23,14,12,11,15
874,21,23,25,22,20,17,16,21,23,25,22,20,17,16,21,23,25,22,20,17,16
875,5,5,5,4,4,4,4,5,5,5,4,4,4,4,4,5,5,4,4,3,3
876,25,23,19,17,15,14,15,17,19,17,16,15,13,14,17,18,17,16,15,13,14
877,0,0,0,0,0,0,0,0,0,0,0,0,0,0,0,0,0,0,0,0,0
878,36,34,30,24,22,21,26,33,37,39,37,33,27,28,37,43,45,39,34,32,39
879,0,0,0,1,2,1,3,0,0,0,1,2,1,3,0,0,0,1,2,1,3
880,1,1,1,2,2,1,1,1,1,1,2,2,1,1,1,1,1,2,2,1,1
881,0,0,0,0,0,0,0,0,0,0,0,0,0,0,0,0,0,0,0,0,0
882,0,0,0,0,0,0,0,0,0,0,0,0,0,0,0,0,0,0,0,0,0
883,0,0,0,0,0,0,0,0,0,0,0,0,0,0,0,0,0,0,0,0,0
884,5,5,6,4,4,4,4,5,5,6,4,4,4,4,5,5,6,4,4,4,4
885,0,0,0,0,0,0,0,0,0,0,0,0,0,0,0,0,0,0,0,0,0
886,0,0,0,0,0,0,0,0,0,0,0,0,0,0,0,0,0,0,0,0,0
887,0,0,0,0,0,0,0,0,0,0,0,0,0,0,0,0,0,0,0,0,0
888,0,0,0,0,0,0,0,0,0,0,0,0,0,0,0,0,0,0,0,0,0
889,4,4,3,2,2,2,2,2,3,3,2,2,2,2,3,3,3,2,2,2,2
890,0,0,0,0,0,0,0,0,0,0,0,0,0,0,0,0,0,0,0,0,0
891,0,0,0,0,0,0,0,0,0,0,0,0,0,0,0,0,0,0,0,0,0
892,0,0,0,0,0,0,0,0,0,0,0,0,0,0,0,0,0,0,0,0,0
893,1,1,1,1,1,1,1,1,1,1,1,1,1,1,1,1,1,1,1,1,1
894,0,0,0,0,0,0,0,0,0,0,0,0,0,0,0,0,0,0,0,0,0
895,13,11,9,7,7,7,8,10,10,8,7,6,6,7,9,9,7,6,6,8,11
896,11,12,11,9,9,7,8,9,10,9,8,7,6,7,9,9,8,7,7,6,6
897,0,0,0,0,0,0,0,0,0,0,0,0,0,0,0,0,0,0,0,0,0
898,22,23,23,21,20,17,17,21,22,22,21,19,17,17,21,22,22,21,19,16,17
899,22,24,22,20,19,17,19,22,24,22,21,19,17,19,22,24,22,20,18,17,19
900,35,35,34,29,26,23,22,28,30,30,27,25,22,21,28,29,30,27,25,22,21
901,1,1,1,1,1,1,1,1,1,1,1,1,1,1,1,1,1,1,1,1,1
902,199,201,193,177,159,147,162,188,197,180,165,142,133,144,172,186,188,178,157,149,175
903,5,5,4,4,4,3,3,3,3,4,4,3,2,2,3,3,3,4,3,2,2
904,19,18,17,14,13,12,11,16,17,16,14,13,13,11,17,17,17,14,13,13,12
905,2,2,2,2,2,2,2,2,3,3,2,2,2,2,2,3,3,2,2,2,2
906,22,21,20,18,16,13,14,15,17,18,17,15,13,13,15,16,17,16,14,12,13
907,4,4,3,3,3,3,3,3,3,3,4,3,3,3,3,3,3,3,3,3,3
908,2,2,3,3,2,2,2,2,2,3,3,2,2,2,2,2,3,3,2,2,2
909,1,0,1,1,1,0,0,1,0,1,1,1,0,0,1,0,1,1,1,0,1
910,8,10,11,11,10,7,3,8,10,11,11,10,7,3,8,10,11,11,10,7,3
911,102,119,117,103,91,79,80,94,109,106,96,85,76,76,85,93,92,86,75,67,71
912,1,1,1,0,0,0,1,1,1,1,0,1,0,1,1,1,1,0,1,0,1
913,4,4,4,2,2,3,3,3,4,3,2,2,3,3,3,4,3,2,2,3,3
914,1,1,2,2,2,1,1,1,1,2,2,2,1,1,1,1,2,2,2,1,1
915,0,0,0,1,1,1,1,0,0,0,1,1,1,0,0,0,0,1,1,1,1
916,0,0,0,0,0,0,0,0,0,0,0,0,0,0,0,0,0,0,0,0,0
917,0,0,0,0,0,0,0,0,0,0,0,0,0,0,0,0,0,0,0,0,0
918,0,0,0,0,0,0,0,0,0,0,0,0,0,0,0,0,0,0,0,0,0
919,0,0,0,0,0,0,0,0,0,0,0,0,0,0,0,0,0,0,0,0,0
920,3,3,2,2,2,2,2,2,2,2,2,1,1,1,1,1,1,1,1,1,1
921,0,1,0,0,0,0,0,0,1,1,0,0,0,0,0,1,0,0,0,0,0
922,4,3,2,2,2,2,2,2,2,2,2,2,2,2,2,2,2,2,1,1,2
923,8,6,4,4,4,4,4,4,3,3,3,2,2,1,1,1,1,1,1,1,1
924,1,1,1,1,1,1,1,1,1,1,1,1,1,1,1,1,1,1,1,1,1
925,6,6,6,6,5,5,5,6,6,5,5,4,4,5,5,5,5,5,4,4,4
926,11,11,10,9,9,8,8,8,9,8,8,7,7,7,7,8,7,7,7,6,6
927,2,2,2,1,1,1,2,2,2,2,1,1,1,2,2,2,2,1,1,1,2
928,8,9,8,8,7,6,6,7,8,8,7,7,6,6,7,8,8,7,7,6,6
929,6,6,6,5,5,4,4,5,5,5,5,4,4,4,5,5,5,4,4,4,4
930,19,20,22,21,19,17,15,18,20,20,19,18,17,16,18,18,19,18,16,15,13
931,5,6,6,5,5,4,4,4,6,5,5,5,4,4,4,5,5,5,5,3,3
932,4,4,4,4,4,3,3,3,4,4,4,4,3,3,4,4,4,4,4,3,3
933,24,26,25,23,19,16,15,19,22,21,21,19,16,15,18,19,19,19,16,14,14
934,1,1,1,1,1,1,1,1,1,1,1,1,2,1,1,1,1,1,1,2,1
935,11,11,11,10,9,7,7,8,9,9,9,8,7,7,7,8,9,9,8,7,7
936,3,3,3,3,3,2,2,3,3,3,3,3,2,2,3,3,3,3,3,2,2
937,1,1,1,1,0,0,1,1,1,1,0,0,0,1,1,1,1,0,0,0,1
938,2,2,2,2,2,2,2,2,2,2,2,2,2,2,2,3,3,2,2,2,2
939,16,18,18,18,15,15,14,16,18,18,18,15,15,14,16,18,18,18,15,15,14
940,1,1,3,6,10,14,20,24,31,44,48,50,50,56,60,73,81,90,88,91,85
941,2,2,2,2,2,2,2,2,2,2,2,1,1,1,1,1,1,1,1,1,1
942,2,3,3,3,2,2,2,2,3,3,3,2,2,2,2,3,3,3,2,2,2
943,2,2,2,2,2,2,2,3,3,2,2,2,2,2,3,3,3,2,2,2,2
944,0,1,0,0,0,0,0,1,1,0,0,0,0,0,1,1,0,0,0,0,0
945,1,1,1,1,1,1,1,1,1,1,1,1,1,1,1,1,1,1,1,1,1
946,0,0,0,0,0,0,0,0,0,0,0,0,0,0,0,0,0,0,0,0,0
947,0,0,0,0,0,0,0,0,0,0,0,0,0,0,0,0,0,0,0,0,0
948,2,2,1,1,1,1,1,2,2,1,1,1,1,1,2,2,1,1,1,1,1
949,0,0,0,0,0,0,0,0,0,0,0,0,0,0,0,0,0,0,0,0,0
950,0,0,0,0,0,0,0,0,0,0,0,0,0,0,0,0,0,0,0,0,0
951,2,2,2,2,2,2,2,2,2,2,2,2,2,2,2,2,2,2,2,2,2
952,1,1,1,1,1,1,1,1,1,1,1,1,1,1,1,1,1,1,1,1,1
953,0,0,0,0,0,0,0,0,0,0,0,0,0,0,0,0,0,0,0,0,0
954,0,0,0,0,0,0,0,0,0,0,0,0,0,0,0,0,0,0,0,0,0
955,0,0,0,0,0,0,0,0,0,0,0,0,0,0,0,0,0,0,0,0,0
956,0,0,0,0,0,0,0,0,0,0,0,0,0,0,0,0,0,0,0,0,0
957,0,0,0,0,0,0,0,0,0,0,0,0,0,0,0,0,0,0,0,0,0
958,1,1,1,1,1,1,0,1,1,1,1,1,1,0,1,1,1,1,1,1,1
959,0,0,0,0,0,0,0,0,0,0,0,0,0,0,0,0,0,0,0,0,0
960,0,0,0,0,0,0,0,0,0,0,0,0,0,0,0,0,0,0,0,0,0
961,0,0,0,0,0,0,0,0,0,0,0,0,0,0,0,0,0,0,0,0,0
962,0,0,0,0,0,0,0,0,0,0,0,0,0,0,0,0,0,0,0,0,0
963,2,2,2,2,2,2,2,2,2,2,2,2,2,2,2,2,2,2,2,2,2
964,3,4,5,5,4,4,3,3,4,5,5,4,4,3,3,4,5,5,4,4,3
965,0,0,0,0,0,0,0,0,0,0,0,0,0,0,0,0,0,0,0,0,0
966,1,1,1,1,1,1,1,1,1,1,1,1,1,1,1,1,1,1,1,1,1
967,33,40,42,34,29,22,22,33,40,42,34,29,22,22,33,40,42,34,29,22,22
968,2,2,2,1,1,1,1,2,2,2,1,1,1,1,2,2,2,1,1,1,1
969,1,1,1,1,1,1,1,1,1,1,1,1,1,1,1,1,1,1,1,1,1
970,1,1,1,1,1,1,1,1,1,1,1,1,1,1,1,1,1,1,1,1,1
971,1,1,1,1,1,1,1,1,2,2,2,2,1,2,2,2,2,2,2,2,2
972,0,0,0,0,0,0,0,0,0,0,0,0,0,0,0,0,0,0,0,0,0
973,8,9,7,6,5,5,5,6,7,7,6,5,4,5,6,6,6,5,4,4,4
974,2,2,2,1,1,1,1,1,1,1,1,1,1,1,1,1,1,1,1,1,1
975,1,1,1,0,0,0,1,1,1,1,1,0,0,1,1,1,1,0,0,0,0
976,3,3,3,3,3,2,3,3,3,3,3,3,3,3,3,3,3,3,2,2,3
977,0,0,0,0,0,0,0,0,0,0,0,0,0,0,0,0,1,1,0,0,0
978,4,5,5,5,5,4,3,4,5,5,5,5,4,3,4,5,5,5,5,4,3
979,1,0,0,0,0,0,1,1,1,0,0,0,0,1,1,1,0,0,0,0,1
980,0,1,0,0,0,0,0,0,1,0,0,0,0,0,0,1,0,0,0,0,0
981,1,1,1,1,1,1,1,1,1,1,1,1,1,1,1,1,1,1,1,1,1
982,1,1,1,1,1,0,1,1,1,1,1,1,0,1,1,1,1,1,1,0,1
983,1,1,1,1,1,1,1,1,1,1,1,1,1,0,1,1,1,1,1,0,0
984,0,0,0,0,0,0,0,0,0,0,0,0,0,0,0,0,0,0,0,0,0
985,1,1,1,1,0,0,0,0,0,0,0,0,0,0,0,0,0,0,0,0,0
986,1,1,1,0,0,1,1,1,1,1,0,0,1,1,1,1,1,0,0,1,1
987,1,1,1,1,1,1,1,1,1,1,1,1,1,1,1,1,1,1,1,1,1
988,5,5,5,5,5,4,3,4,5,5,5,4,4,3,4,5,5,5,4,4,3
989,3,3,3,3,3,3,3,3,4,4,4,3,3,3,4,4,4,4,4,3,4
990,3,4,5,4,3,2,2,4,4,5,4,3,2,2,4,4,5,4,3,2,3
991,52,49,57,67,63,56,61,64,60,63,71,63,55,61,68,67,70,77,70,68,81
992,2,2,2,2,1,1,1,2,2,2,2,1,1,1,2,2,2,2,1,1,1
993,10,11,12,12,11,9,8,10,12,13,12,11,9,8,10,11,12,12,10,8,8
994,2,2,2,2,2,2,2,2,2,3,2,2,2,2,2,3,3,3,2,2,2
995,5,7,6,5,4,4,4,5,7,6,5,4,4,4,5,7,6,5,4,4,4
996,0,0,0,0,0,0,0,0,0,0,0,0,0,0,0,0,0,0,0,0,0
997,21,22,21,19,17,15,16,19,20,19,18,16,15,15,17,17,17,16,14,13,13
998,5,4,4,4,3,3,3,3,4,4,4,4,3,3,4,4,4,4,4,3,3
999,4,4,4,4,4,4,4,4,4,4,4,4,4,4,4,4,5,4,4,4,4
1000,4,4,3,3,2,2,2,3,3,3,2,2,2,2,2,3,2,2,2,2,2
1001,7,9,9,9,7,6,5,7,9,9,9,7,6,5,7,9,9,9,7,6,6
1002,0,0,0,0,0,0,0,0,0,0,0,0,0,0,0,0,0,0,0,0,0
1003,3,3,3,3,2,2,2,3,3,3,3,2,2,2,3,3,3,3,2,2,2
1004,16,17,17,15,14,14,13,16,16,15,14,12,12,11,13,13,12,11,10,9,9
1005,0,0,0,0,0,0,0,0,0,0,0,0,0,0,0,0,0,0,0,0,0
1006,3,3,3,3,3,2,3,3,3,3,3,3,3,3,4,4,4,3,3,3,3
1007,1,1,1,1,1,1,1,1,1,2,2,2,1,1,2,2,2,2,2,2,2
1008,6,8,11,15,13,8,6,6,8,11,15,13,8,6,7,9,11,15,13,8,6
1009,43,44,50,45,42,34,35,42,44,50,44,42,34,34,41,42,49,43,41,33,34
1010,1,1,0,0,0,1,1,1,1,0,0,0,1,1,1,1,0,0,0,1,1
1011,0,1,1,1,1,0,0,1,1,1,1,1,0,0,1,1,1,1,1,0,0
1012,10,10,11,10,10,9,10,11,12,13,12,11,10,10,11,12,12,11,10,10,10
1013,12,13,12,10,8,8,8,9,10,10,9,8,7,7,8,9,9,8,7,6,6
1014,7,7,6,6,5,5,5,6,6,6,6,5,5,5,6,6,6,6,5,5,6
1015,2,2,1,1,1,1,1,1,2,1,1,1,1,1,1,1,1,1,1,1,1
1016,7,8,7,6,5,4,5,8,8,8,6,5,4,5,8,8,8,6,5,5,5
1017,0,0,0,0,0,0,0,0,0,0,0,0,0,0,0,0,0,0,0,0,0
1018,0,0,0,0,0,0,0,0,0,0,0,0,0,0,0,0,0,0,0,0,0
1019,6,8,8,8,6,5,5,7,8,9,8,7,5,5,7,8,9,8,6,5,5
1020,0,0,0,0,0,0,0,0,0,0,0,0,0,0,0,0,0,0,0,0,0
1021,3,4,4,4,3,3,3,4,5,4,4,3,3,3,4,4,4,4,3,3,3
1022,3,3,3,2,2,2,2,2,3,3,3,2,2,2,2,3,3,2,2,2,2
1023,3,3,3,3,2,2,2,3,3,3,3,2,2,3,3,3,3,3,3,3,3
1024,4,5,4,4,4,3,3,4,5,4,4,4,3,3,4,5,4,4,4,3,3
1025,0,0,0,0,0,0,0,0,0,0,0,0,0,0,0,0,0,0,0,0,0
1026,0,0,0,0,0,0,0,0,0,0,0,0,0,0,0,0,0,0,0,0,0
1027,13,14,14,13,11,9,9,11,12,12,11,9,8,8,9,10,10,9,7,6,6
1028,2,2,2,3,2,2,2,2,3,2,3,3,2,2,3,3,3,3,3,3,2
1029,0,0,0,0,0,0,0,0,0,0,0,0,0,0,0,0,0,0,0,0,0
1030,0,0,1,0,0,0,0,0,0,1,0,0,0,0,0,0,1,0,0,0,0
1031,0,0,0,0,0,0,0,0,0,0,0,0,0,0,0,0,0,0,0,0,0
1032,1,2,2,2,1,1,1,1,2,2,2,1,1,1,1,2,2,2,1,1,1
1033,1,1,1,1,1,1,1,1,1,1,1,1,1,1,1,1,1,1,1,1,1
1034,1,1,1,1,1,1,0,1,1,1,1,1,1,0,1,1,1,1,1,1,0
1035,3,3,3,3,2,2,2,3,3,3,3,2,2,2,3,3,3,3,2,2,2
1036,0,0,0,0,0,0,0,0,0,0,0,0,0,0,0,0,0,0,0,0,0
1037,1,1,1,1,1,1,0,1,1,1,1,1,1,0,1,1,1,1,1,1,0
1038,0,0,0,0,0,0,0,0,0,0,0,0,0,0,0,0,0,0,0,0,0
1039,0,0,0,0,0,0,0,0,0,0,0,0,0,0,0,0,0,0,0,0,0
1040,7,8,8,7,6,6,6,8,9,8,8,7,6,6,8,9,8,8,7,6,6
1041,7,6,7,8,8,7,7,8,8,9,9,10,9,8,10,9,10,10,10,9,9
1042,3,3,3,5,4,3,3,3,3,3,5,4,3,3,3,3,3,5,4,3,3
1043,5,5,5,5,4,4,3,4,5,5,5,4,4,3,4,5,5,5,4,4,3
1044,1,1,1,1,1,1,0,1,1,1,1,1,1,0,1,1,1,1,1,1,0
1045,1,1,1,1,1,1,1,1,1,1,1,1,1,1,1,1,1,1,1,1,1
1046,482,536,603,560,487,427,399,505,564,632,589,512,448,418,564,655,740,712,671,693,788
1047,5,5,4,4,3,3,3,4,5,4,4,4,4,4,4,4,4,4,4,3,3
1048,0,0,0,1,0,0,0,0,0,0,0,0,0,0,0,0,0,0,0,0,0
1049,10,13,12,11,7,5,7,11,14,13,11,7,5,7,11,14,12,10,6,4,7
1050,12,12,12,10,8,10,10,12,12,12,10,8,10,10,12,12,12,10,8,10,10
1051,0,0,0,0,0,0,0,0,0,0,0,0,0,0,0,0,0,0,0,0,0
1052,0,0,0,0,0,0,0,0,0,0,0,0,0,0,0,0,0,0,0,0,0
1053,0,0,0,0,0,0,0,0,0,0,0,0,0,0,0,0,0,0,0,0,0
1054,0,0,0,0,0,0,0,0,0,0,0,0,0,0,0,0,0,0,0,0,0
1055,0,0,0,0,0,0,0,0,0,0,0,0,0,0,0,0,0,0,0,0,0
1056,1,1,1,1,1,1,1,1,2,2,2,2,1,2,2,2,2,2,2,2,2
1057,0,0,0,0,0,0,0,0,0,0,0,0,0,0,0,0,0,0,0,0,0
1058,0,0,0,0,0,0,0,0,0,0,0,0,0,0,0,0,0,0,0,0,0
1059,1,1,1,1,1,1,1,1,1,2,1,1,1,1,1,1,2,1,1,1,1
1060,0,0,0,0,0,0,0,0,0,0,0,0,0,0,0,0,0,0,0,0,0
1061,3,3,4,3,2,1,1,3,3,4,3,2,1,1,3,3,4,3,2,1,1
1062,0,0,0,0,0,0,0,0,0,0,0,0,0,0,0,0,0,0,0,0,0
1063,0,0,0,0,0,0,0,0,0,0,0,0,0,0,0,0,0,0,0,0,0
1064,0,0,0,0,0,0,0,0,0,0,0,0,0,0,0,0,0,0,0,0,0
1065,0,0,0,0,0,0,0,0,0,0,0,0,0,0,0,0,0,0,0,0,0
1066,0,0,0,0,0,0,0,0,0,0,0,0,0,0,0,0,0,0,0,0,0
1067,0,0,0,0,0,0,0,0,0,0,0,0,0,0,0,0,0,0,0,0,0
1068,0,0,0,0,0,0,0,0,0,0,0,0,0,0,0,0,0,0,0,0,0
1069,0,0,0,0,0,0,0,0,0,0,0,0,0,0,0,0,0,0,0,0,0
1070,1,1,1,1,1,1,1,1,1,1,1,1,1,1,1,1,1,1,1,1,1
1071,0,0,0,0,0,0,1,0,0,0,0,0,0,1,0,1,1,0,1,1,1
1072,0,0,0,0,0,0,0,0,0,0,0,0,0,0,0,0,0,0,0,0,0
1073,0,0,0,0,0,0,0,0,0,0,0,0,0,0,0,0,0,0,0,0,0
1074,0,0,0,0,0,0,0,0,0,0,0,0,0,0,0,0,0,0,0,0,0
1075,0,0,0,0,0,0,0,0,0,0,0,0,0,0,0,0,0,0,0,0,0
1076,0,0,0,0,0,0,0,0,0,0,0,0,0,0,0,0,0,0,0,0,0
1077,0,0,0,0,0,0,0,0,0,0,0,0,0,0,0,0,0,0,0,0,0
1078,0,0,0,0,0,0,0,0,0,0,0,0,0,0,0,0,0,0,0,0,0
1079,0,0,0,0,0,0,0,0,0,0,0,0,0,0,0,0,0,0,0,0,0
1080,0,0,0,0,0,0,0,0,0,0,0,0,0,0,0,0,0,0,0,0,0
1081,0,0,0,0,0,0,0,0,0,0,0,0,0,0,0,0,0,0,0,0,0
1082,0,0,0,0,0,0,0,0,0,0,0,0,0,0,0,0,0,0,0,0,0
1083,0,0,0,0,0,0,0,0,0,0,0,0,0,0,0,0,0,0,0,0,0
1084,0,0,0,0,0,0,0,0,0,0,0,0,0,0,0,0,0,0,0,0,0
1085,0,0,0,0,0,0,0,0,0,0,0,0,0,0,0,0,0,0,0,0,0
1086,0,0,0,0,0,0,0,0,0,0,0,0,0,0,0,0,0,0,0,0,0
1087,0,0,0,0,0,0,0,0,0,0,0,0,0,0,0,0,0,0,0,0,0
1088,0,0,0,0,0,0,0,0,0,0,0,0,0,0,0,0,0,0,0,0,0
1089,0,0,0,0,0,0,0,0,0,0,0,0,0,0,0,0,0,0,0,0,0
1090,0,0,0,0,0,0,0,0,0,0,0,0,0,0,0,0,0,0,0,0,0
1091,0,0,0,0,0,0,0,0,0,0,0,0,0,0,0,0,0,0,0,0,0
1092,0,0,0,0,0,0,0,0,0,0,0,0,0,0,0,0,0,0,0,0,0
1093,0,0,0,0,0,0,0,0,0,0,0,0,0,0,0,0,0,0,0,0,0
1094,0,0,0,0,0,0,0,0,0,0,0,0,0,0,0,0,0,0,0,0,0
1095,0,0,0,0,0,0,0,0,0,0,0,0,0,0,0,0,0,0,0,0,0
1096,0,0,0,0,0,0,0,0,0,0,0,0,0,0,0,0,0,0,0,0,0
1097,0,0,0,0,0,0,0,0,0,0,0,0,0,0,0,0,0,0,0,0,0
1098,0,0,0,0,0,0,0,0,0,0,0,0,0,0,0,0,0,0,0,0,0
1099,0,0,0,0,0,0,0,0,0,0,0,0,0,0,0,0,0,0,0,0,0
1100,0,0,0,0,0,0,0,0,0,0,0,0,0,0,0,0,0,0,0,0,0
1101,0,0,0,0,0,0,0,0,0,0,0,0,0,0,0,0,0,0,0,0,0
1102,0,0,0,0,0,0,0,0,0,0,0,0,0,0,0,0,0,0,0,0,0
1103,0,0,0,0,0,0,0,0,0,0,0,0,0,0,0,0,0,0,0,0,0
1104,0,0,0,0,0,0,0,0,0,0,0,0,0,0,0,0,0,0,0,0,0
1105,0,0,0,0,0,0,0,0,0,0,0,0,0,0,0,0,0,0,0,0,0
1106,0,0,0,0,0,0,0,0,0,0,0,0,0,0,0,0,0,0,0,0,0
1107,0,0,0,0,0,0,0,0,0,0,0,0,0,0,0,0,0,0,0,0,0
1108,0,0,0,0,0,0,0,0,0,0,0,0,0,0,0,0,0,0,0,0,0
1109,0,0,0,0,0,0,0,0,0,0,0,0,0,0,0,0,0,0,0,0,0
1110,0,0,0,0,0,0,0,0,0,0,0,0,0,0,0,0,0,0,0,0,0
1111,0,0,0,0,0,0,0,0,0,0,0,0,0,0,0,0,0,0,0,0,0
1112,0,0,0,0,0,0,0,0,0,0,0,0,0,0,0,0,0,0,0,0,0
1113,0,0,0,0,0,0,0,0,0,0,0,0,0,0,0,0,0,0,0,0,0
1114,0,0,0,0,0,0,0,0,0,0,0,0,0,0,0,0,0,0,0,0,0
1115,1,1,1,1,1,1,1,1,1,1,1,1,1,1,1,1,1,1,1,1,1
1116,1,1,1,2,2,1,1,1,1,1,2,2,1,1,1,1,1,2,2,1,1
1117,1,1,1,1,1,1,1,1,1,1,1,1,1,1,1,1,1,1,1,1,1
1118,0,1,1,0,0,1,0,0,1,1,0,0,1,0,0,1,1,0,0,1,0
1119,0,0,0,0,0,0,0,0,0,0,0,0,0,0,0,0,0,0,0,0,0
1120,0,0,0,0,0,0,0,0,0,0,0,0,0,0,0,0,0,0,0,0,0
1121,0,0,0,0,0,0,0,0,0,0,0,0,0,0,0,0,0,0,0,0,0
1122,11,12,12,12,10,9,9,11,12,11,10,9,8,8,9,9,9,9,7,7,7
1123,27,34,39,36,30,25,22,27,34,39,36,30,25,22,27,34,39,36,30,25,22
1124,53,53,51,46,39,35,35,43,47,46,44,38,34,34,41,42,43,41,36,32,34
1125,5,5,5,5,4,4,4,4,5,5,5,4,4,4,4,4,4,4,3,3,3
1126,1,1,1,1,1,1,1,1,1,1,1,1,1,1,1,1,1,1,1,1,1
1127,0,0,0,0,0,0,0,0,0,0,0,0,0,0,0,0,0,0,0,0,0
1128,0,0,0,0,0,0,0,0,0,0,0,0,0,0,0,0,0,0,0,0,0
1129,0,0,0,0,0,0,0,0,0,0,0,0,0,0,0,0,0,0,0,0,0
1130,5,4,4,4,4,3,3,4,4,4,3,3,3,3,3,3,3,3,3,2,2
1131,10,11,9,8,8,7,6,8,9,9,8,7,7,6,8,9,9,8,8,7,6
1132,6,5,4,3,3,3,3,4,4,4,3,3,3,3,4,4,4,3,3,3,2
1133,0,0,0,0,0,0,0,0,0,0,0,0,0,0,0,0,0,0,0,0,0
1134,1,1,1,1,1,1,1,1,1,1,1,1,1,1,1,1,1,1,1,1,1
1135,43,44,47,41,34,29,32,43,44,47,41,34,29,32,43,44,47,41,34,29,32
1136,1,1,1,2,1,1,1,1,1,1,2,1,1,1,1,1,1,2,1,1,1
1137,4,3,2,2,2,2,2,3,2,2,2,2,2,2,2,2,2,1,1,1,2
1138,0,0,0,0,0,0,0,0,0,0,0,0,0,0,0,0,0,0,0,0,0
1139,1,1,1,1,1,1,1,1,1,1,1,1,1,1,1,1,1,1,1,1,1
1140,0,1,1,0,0,0,0,1,1,1,0,0,0,0,1,1,1,0,0,0,0
1141,1,1,1,1,1,1,1,1,1,1,1,1,1,1,1,1,1,1,1,1,1
1142,14,15,15,13,11,12,16,14,15,15,13,11,12,16,14,15,15,13,11,12,16
1143,18,19,18,18,16,15,15,17,19,18,18,16,15,15,17,19,18,18,16,15,15
1144,10,10,9,8,7,7,7,8,8,7,7,6,5,6,6,6,6,6,5,5,5
1145,0,0,0,0,0,0,0,0,0,0,0,0,0,0,0,0,0,0,0,0,0
1146,0,1,1,0,0,0,0,0,1,1,0,0,0,0,0,1,1,0,0,0,0
1147,7,7,7,6,6,5,5,7,7,7,6,6,5,5,7,7,7,6,6,5,5
1148,0,0,0,0,0,0,0,0,0,0,0,0,0,0,0,0,0,0,0,0,0
1149,0,0,0,0,0,1,1,0,0,0,0,0,0,1,0,0,0,0,0,0,1
1150,0,0,0,0,0,0,0,0,0,0,0,0,0,0,0,0,0,0,0,0,0
1151,4,4,4,2,4,4,3,4,4,4,2,4,4,3,4,4,4,2,4,4,3
1152,1,2,1,1,1,1,1,1,2,1,1,1,1,1,1,2,1,1,1,1,1
1153,313,272,310,314,290,278,251,303,272,289,294,273,271,250,314,293,326,322,297,295,274
1154,3,3,4,4,4,4,4,4,4,4,5,4,5,5,4,4,4,4,4,4,4
1155,157,151,155,145,148,153,179,176,166,156,141,143,153,182,169,151,148,134,132,141,172
1156,0,0,0,0,0,0,0,0,0,0,0,0,0,0,0,0,0,0,0,0,0
1157,0,1,0,0,1,0,0,0,1,0,0,1,0,0,0,1,0,0,1,0,0
1158,1,1,1,1,1,1,0,1,1,1,1,1,1,0,1,1,1,1,1,1,0
1159,2,2,2,1,2,2,2,2,2,2,2,2,2,2,2,2,2,2,2,2,2
1160,1,1,1,1,1,1,1,1,1,1,1,1,1,1,1,1,1,1,1,1,1
1161,2,2,2,1,1,1,1,2,2,2,1,1,1,1,2,2,2,1,1,1,1
1162,1,1,1,1,1,1,1,1,1,1,1,1,1,1,1,1,1,1,1,1,1
1163,10,10,9,8,8,10,9,10,10,9,8,8,10,9,10,10,9,8,8,10,9
1164,0,0,0,0,0,0,0,0,0,0,0,0,0,0,0,0,0,0,0,0,0
1165,5,5,4,4,3,3,3,3,4,4,3,3,3,2,3,4,4,3,3,3,3
1166,3,3,4,3,3,3,3,3,3,4,3,3,3,3,3,3,4,3,3,3,3
1167,0,0,0,0,0,0,0,0,0,0,0,0,0,0,0,0,0,0,0,0,0
1168,4,2,1,2,2,1,3,4,2,1,2,2,1,3,4,2,1,2,2,1,3
1169,4,2,2,2,2,1,2,4,3,2,2,2,1,2,4,2,2,2,2,1,2
1170,4,4,4,4,3,4,4,4,4,4,3,3,4,4,3,3,3,3,3,3,4
1171,5,6,6,5,5,5,5,5,6,6,5,5,5,5,5,6,6,5,5,5,5
1172,1,2,2,1,2,2,1,1,2,2,1,2,1,1,1,2,2,1,2,2,1
1173,0,0,0,0,0,0,0,0,0,0,0,0,0,0,0,0,0,0,0,0,0
1174,1,1,1,1,2,1,1,1,1,1,1,2,1,1,1,1,1,1,2,1,1
1175,1,2,1,1,1,1,1,1,2,1,2,1,1,1,1,2,1,1,1,1,1
1176,1,1,1,1,1,1,1,1,1,1,1,1,1,1,1,1,1,1,1,1,1
1177,0,0,0,0,0,0,0,0,0,0,0,0,0,0,0,0,0,0,0,0,0
1178,0,0,0,0,0,0,0,0,0,0,0,0,0,0,0,0,0,0,0,0,0
1179,0,0,0,0,0,0,0,0,0,0,0,0,0,0,0,0,0,0,0,0,0
1180,16,19,23,23,22,18,19,21,23,24,23,20,16,16,16,15,15,14,13,11,12
1181,0,0,0,0,0,0,0,0,0,0,0,0,0,0,0,0,0,0,0,0,0
1182,0,0,0,0,0,0,0,0,0,0,0,0,0,0,0,0,0,0,0,0,0
1183,0,0,0,0,0,0,1,1,1,1,1,1,1,1,1,1,1,1,1,2,2
1184,53,69,102,122,127,122,138,146,151,138,123,107,96,109,108,116,121,114,97,89,95
1185,1,0,0,0,1,1,0,1,0,0,0,1,1,0,1,0,0,0,1,1,0
1186,1,0,0,0,0,0,0,0,0,0,0,0,0,0,0,0,0,0,0,0,0
1187,0,0,0,0,0,0,0,0,0,0,0,0,0,0,0,0,0,0,0,0,0
1188,0,0,0,0,0,0,0,0,0,0,0,0,0,0,0,0,0,0,0,0,0
1189,0,0,0,0,0,0,0,0,0,0,0,0,0,0,0,0,0,0,0,0,0
1190,0,0,0,0,0,0,0,0,0,0,0,0,0,0,0,0,0,0,0,0,0
1191,0,0,0,0,0,0,0,0,0,0,0,0,0,0,0,0,0,0,0,0,0
1192,0,0,0,0,0,0,0,0,0,0,0,0,0,0,0,0,0,0,0,0,0
1193,0,0,0,0,0,0,0,0,0,0,0,0,0,0,0,0,0,0,0,0,0
1194,0,0,0,0,0,0,0,0,0,0,0,0,0,0,0,0,0,0,0,0,0
1195,0,0,0,0,0,0,0,0,0,0,0,0,0,0,0,0,0,0,0,0,0
1196,0,0,0,0,0,0,0,0,0,0,0,0,0,0,0,0,0,0,0,0,0
1197,0,0,0,0,0,0,0,0,0,0,0,0,0,0,0,0,0,0,0,0,0
1198,0,0,0,0,0,0,0,0,0,0,0,0,0,0,0,0,0,0,0,0,0
1199,0,1,1,1,1,1,1,1,1,1,1,1,1,1,1,1,1,1,1,0,0
1200,0,0,0,0,0,0,0,0,0,0,0,0,0,0,0,0,0,0,0,0,0
1201,0,0,0,0,0,0,0,0,0,0,0,0,0,0,0,0,0,0,0,0,0
1202,0,0,0,0,0,0,0,0,0,0,0,0,0,0,0,0,0,0,0,0,0
1203,0,0,0,0,0,0,0,0,0,0,0,0,0,0,0,0,0,0,0,0,0
1204,0,0,0,0,0,0,0,0,0,0,0,0,0,0,0,0,0,0,0,0,0
1205,0,0,0,0,0,0,0,0,0,0,0,0,0,0,0,0,0,0,0,0,0
1206,3,3,2,2,2,2,1,1,1,1,1,1,1,1,1,1,1,0,0,0,1
1207,0,0,0,0,0,0,0,0,0,0,0,0,0,0,0,0,0,0,0,0,0
1208,0,0,0,6,0,0,0,0,0,0,6,0,0,0,0,0,0,6,0,0,0
1209,0,0,0,0,0,0,0,0,0,0,0,0,0,0,0,0,0,0,0,0,0
1210,1,1,1,2,1,1,1,1,1,1,2,1,1,0,1,1,1,2,1,1,1
1211,0,0,0,0,0,1,1,1,1,1,1,1,1,1,1,1,1,1,1,1,1
1212,0,0,0,0,0,0,0,0,0,0,0,0,0,0,0,0,0,0,0,0,0
1213,0,0,0,0,0,0,0,0,0,0,0,0,0,0,0,0,0,0,0,0,0
1214,0,0,0,0,0,0,0,0,0,0,0,0,0,0,0,0,0,0,0,0,0
1215,22,18,16,14,13,13,15,16,16,15,13,11,11,12,12,12,11,10,9,9,10
1216,1,1,1,1,0,0,1,1,1,1,1,0,0,1,1,1,1,1,0,0,1
1217,1,1,1,1,1,1,1,1,1,1,1,1,1,1,1,1,1,1,1,1,1
1218,3,2,2,2,2,2,2,2,2,2,2,2,2,2,2,2,2,2,2,2,2
1219,4,4,4,3,3,3,3,3,3,3,3,3,3,3,3,3,3,3,3,3,3
1220,0,0,0,0,0,0,0,0,0,0,0,0,0,0,0,0,0,0,0,0,0
1221,163,202,200,180,157,131,143,177,201,191,175,154,132,135,159,181,186,174,151,128,135
1222,7,7,6,6,5,5,5,6,6,6,5,5,4,4,5,6,5,5,4,4,4
1223,5,6,5,5,4,4,4,5,5,5,5,4,4,4,5,5,5,4,4,3,4
1224,13,14,15,13,12,10,11,13,14,14,12,10,9,10,12,12,12,11,9,8,9
1225,54,57,57,52,45,39,43,49,54,51,47,41,39,44,46,48,49,46,39,37,42
1226,9,7,6,6,5,5,6,6,6,5,5,4,3,3,3,2,2,2,1,1,2
1227,8,8,7,6,6,5,6,6,6,6,5,4,3,3,3,3,3,2,2,2,2
1228,0,0,0,0,0,0,0,0,0,0,0,0,0,0,0,0,0,0,0,0,0
1229,3,3,3,3,3,3,3,4,4,4,4,4,3,4,4,5,5,4,5,4,5
1230,4,4,4,4,3,3,3,3,4,4,4,3,3,3,3,4,4,4,3,3,3
1231,0,0,0,0,0,0,0,0,0,0,0,0,0,0,0,0,0,0,0,0,0
1232,0,0,0,0,0,0,0,0,0,0,0,0,0,0,0,0,0,0,0,0,0
1233,1,1,1,1,1,1,1,1,1,1,1,1,1,1,1,1,1,1,1,1,1
1234,11,12,12,13,12,9,9,9,10,12,13,12,9,9,9,10,12,13,12,9,9
1235,8,8,8,10,8,5,5,8,8,8,10,8,5,5,8,8,8,10,8,5,5
1236,0,0,0,0,0,0,0,0,0,0,0,0,0,0,0,0,0,0,0,0,0
1237,0,0,0,0,0,0,0,0,0,0,0,0,0,0,0,0,0,0,0,0,0
1238,0,0,0,0,0,0,0,0,0,0,0,0,0,0,0,0,0,0,0,0,0
1239,0,0,0,0,0,0,0,0,0,0,0,0,0,0,0,0,0,0,0,0,0
1240,0,0,0,0,0,0,0,0,0,0,0,0,0,0,0,0,0,0,0,0,0
1241,0,0,0,0,0,0,0,0,0,0,0,0,0,0,0,0,0,0,0,0,0
1242,0,0,0,0,0,0,0,0,0,0,0,0,0,0,0,0,0,0,0,0,0
1243,0,0,0,0,0,0,0,0,0,0,0,0,0,0,0,0,0,0,0,0,0
1244,0,0,0,0,0,0,0,0,0,0,0,0,0,0,0,0,0,0,0,0,0
1245,0,0,0,0,0,0,0,0,0,0,0,0,0,0,0,0,0,0,0,0,0
1246,0,0,0,0,0,0,0,0,0,0,0,0,0,0,0,0,0,0,0,0,0
1247,5,4,3,3,3,2,2,3,3,3,3,2,2,2,3,3,3,3,2,2,2
1248,3,3,3,3,3,2,2,3,3,3,3,3,2,2,3,3,3,3,3,2,2
1249,1,1,1,1,1,1,1,1,1,1,1,1,1,1,1,1,1,1,1,1,1
1250,0,0,0,0,0,0,0,0,0,0,0,0,0,0,0,0,0,0,0,0,0
1251,0,0,0,0,0,0,0,0,0,0,0,0,0,0,0,0,0,0,0,0,0
1252,0,0,0,0,0,0,0,0,0,0,0,0,0,0,0,0,0,0,0,0,0
1253,0,0,0,0,0,0,0,0,0,0,0,0,0,0,0,0,0,0,0,0,0
1254,1,1,1,1,1,1,1,1,1,1,1,1,1,1,1,1,1,1,1,1,1
1255,12,12,11,10,9,9,9,11,12,11,9,8,8,9,10,10,9,8,7,7,8
1256,7,7,6,6,5,5,5,6,7,6,6,5,5,6,6,7,6,5,5,5,5
1257,3,3,3,3,3,3,3,4,5,4,4,4,4,4,5,5,5,4,4,4,4
1258,8,8,8,7,6,5,6,7,7,7,6,6,5,6,6,6,6,5,5,5,5
1259,0,0,0,0,0,0,0,0,0,0,0,0,0,0,0,0,0,0,0,0,0
1260,0,0,0,0,0,0,0,0,0,0,0,0,0,0,0,0,0,0,0,0,0
1261,0,0,0,0,0,0,0,0,0,0,0,0,0,0,0,0,0,0,0,0,0
1262,0,0,0,0,0,0,0,0,0,0,0,0,0,0,0,0,0,0,0,0,0
1263,1,1,1,0,0,0,0,1,1,1,1,0,0,0,1,1,1,0,0,0,0
1264,8,9,8,8,5,4,5,8,9,8,8,5,4,5,8,9,8,8,5,4,5
1265,1,1,1,0,0,0,1,1,1,1,0,0,0,1,1,1,1,0,0,0,1
1266,0,0,0,0,0,0,0,0,0,0,0,0,0,0,0,0,0,0,0,0,0
1267,0,0,0,0,0,0,0,0,0,0,0,0,0,0,0,0,0,0,0,0,0
1268,23,18,21,17,7,7,16,23,18,21,17,7,7,16,23,18,21,17,7,7,16
1269,12,15,12,13,11,7,10,12,15,12,13,11,7,10,12,15,12,13,11,7,10
1270,13,13,12,9,6,7,9,11,13,12,9,6,7,8,11,13,11,9,6,7,8
1271,0,0,0,0,0,0,0,0,0,0,0,0,0,0,0,0,0,0,0,0,0
1272,1,1,2,2,2,2,1,1,1,2,2,2,2,1,1,1,2,2,2,2,1
1273,2,2,2,1,1,1,1,2,2,2,1,1,1,1,2,2,2,1,1,1,1
1274,2,3,4,4,3,2,2,2,3,4,4,3,2,2,2,3,4,4,3,2,2
1275,2,2,2,2,1,1,1,2,2,2,2,2,1,1,2,2,2,2,2,1,1
1276,0,0,0,0,0,0,0,0,0,0,0,0,0,0,0,0,0,0,0,0,0
1277,0,0,0,0,0,0,0,0,0,0,0,0,0,0,0,0,0,0,0,0,0
1278,0,0,0,0,0,0,0,0,0,0,0,0,0,0,0,0,0,0,0,0,0
1279,1,1,1,1,1,1,1,1,1,1,1,1,1,1,1,1,1,1,0,1,1
1280,0,0,0,0,0,0,0,0,0,0,0,0,0,0,0,0,0,0,0,0,0
1281,0,0,0,0,0,0,0,0,0,0,0,0,0,0,0,0,0,0,0,0,0
1282,28,29,28,24,22,19,19,24,26,25,22,21,18,19,23,24,23,21,19,17,17
1283,0,0,0,0,0,0,0,0,0,0,0,0,0,0,0,0,0,0,0,0,0
1284,1,1,1,0,0,0,0,0,0,0,0,0,0,0,0,0,0,0,0,0,0
1285,0,0,0,0,0,0,0,0,0,0,0,0,0,0,0,0,0,0,0,0,0
1286,1,1,1,1,1,1,1,1,1,1,1,1,1,1,1,1,1,1,1,1,1
1287,3,4,4,4,3,3,4,3,4,4,4,3,3,4,3,4,4,4,4,3,4
1288,6,6,5,4,4,3,4,4,4,4,4,3,3,4,4,4,4,3,3,3,3
1289,0,0,0,0,0,0,0,0,0,0,0,0,0,0,0,0,0,0,0,0,0
1290,9,8,7,6,6,6,7,8,8,9,9,7,7,6,7,7,7,6,5,5,5
1291,0,0,0,0,0,0,0,0,0,0,0,0,0,0,0,0,0,0,0,0,0
1292,0,0,0,0,0,0,0,0,0,0,0,0,0,0,0,0,0,0,0,0,0
1293,0,0,0,0,0,0,0,0,0,0,0,0,0,0,0,0,0,0,0,0,0
1294,0,0,0,0,0,0,0,0,0,0,0,0,0,0,0,0,0,0,0,0,0
1295,1,1,1,1,0,1,1,1,1,1,1,0,1,1,1,1,1,1,0,1,1
1296,25,23,24,22,19,18,19,25,25,25,22,18,18,18,22,20,20,18,15,15,16
1297,1,1,1,1,1,1,1,1,1,1,1,1,0,1,1,1,1,1,1,1,1
1298,20,21,20,17,14,12,14,18,20,19,17,14,12,13,18,21,22,21,17,15,17
1299,26,27,28,25,26,30,38,53,66,66,55,42,35,36,50,60,59,49,40,40,48
1300,0,0,0,0,0,0,0,0,0,0,0,0,0,0,0,0,0,0,0,0,0
1301,6,5,4,4,3,3,4,6,5,4,4,3,3,4,6,5,4,4,3,3,4
1302,0,0,0,0,0,0,0,0,0,0,0,0,0,0,0,0,0,0,0,0,0
1303,0,0,0,0,0,0,0,0,0,0,0,0,0,0,0,0,0,0,0,0,0
1304,0,0,0,0,0,0,0,0,0,0,0,0,0,0,0,0,0,0,0,0,0
1305,1,1,1,1,1,0,0,1,1,1,1,1,0,0,1,1,1,1,1,0,0
1306,0,0,0,0,0,0,0,0,0,0,0,0,0,0,0,0,0,0,0,0,0
1307,0,0,0,0,0,0,0,0,0,0,0,0,0,0,0,0,0,0,0,0,0
1308,23,22,22,18,16,14,16,19,21,22,19,17,16,17,20,21,22,20,18,17,18
1309,20,18,17,14,13,12,13,15,16,15,14,12,12,13,14,15,15,14,13,12,14
1310,3,3,2,2,2,2,2,2,2,2,2,2,2,2,3,2,2,2,2,2,2
1311,3,3,2,2,1,1,2,2,2,2,2,1,1,2,2,2,2,2,1,1,2
1312,4,4,3,2,2,2,2,2,3,2,2,2,2,2,3,3,3,3,2,2,2
1313,1,0,1,0,0,0,0,1,0,1,0,0,0,0,1,0,1,0,0,0,0
1314,0,0,0,0,0,0,0,0,0,0,0,0,0,0,0,0,0,0,0,0,0
1315,0,0,0,0,0,0,0,0,0,0,0,0,0,0,0,0,0,0,0,0,0
1316,11,6,4,3,3,3,3,4,4,3,3,2,2,3,3,3,2,2,2,2,3
1317,5,3,2,1,1,1,1,2,1,1,1,1,1,1,1,1,1,1,2,1,1
1318,0,0,0,0,0,0,0,0,0,0,0,0,0,0,0,0,0,0,0,0,0
1319,1,1,1,1,1,1,1,1,1,1,1,1,1,1,1,1,1,1,1,1,1
1320,0,0,0,0,0,0,0,0,0,0,0,0,0,0,0,0,0,0,0,0,0
1321,0,0,0,0,0,0,0,0,0,0,0,0,0,0,0,0,0,0,0,0,0
1322,0,0,0,0,0,0,0,0,0,0,0,0,0,0,0,0,0,0,0,0,0
1323,0,0,0,0,0,0,0,0,0,0,0,0,0,0,0,0,0,0,0,0,0
1324,0,0,0,0,0,0,0,0,0,0,0,0,0,0,0,0,0,0,0,0,0
1325,1,1,1,1,1,1,1,1,1,1,1,1,1,1,1,1,1,1,1,1,1
1326,0,0,0,0,0,0,0,0,0,0,0,0,0,0,0,0,0,0,0,0,0
1327,1,1,1,1,0,0,1,1,1,1,1,0,0,1,1,1,1,1,0,0,1
1328,29,32,35,34,29,25,24,30,33,35,33,27,24,23,29,31,33,32,26,23,23
1329,3,3,4,4,4,3,4,3,3,4,4,4,3,4,3,3,4,4,4,3,4
1330,0,0,0,0,0,0,0,0,0,0,0,0,0,0,0,0,0,0,0,0,0
1331,29,30,30,27,25,25,27,33,37,38,35,31,27,28,34,37,38,35,31,30,34
1332,7,7,7,6,5,5,5,6,6,6,6,5,5,5,6,6,6,5,5,5,5
1333,0,0,0,0,0,0,0,0,0,0,0,0,0,0,0,0,0,0,0,0,0
1334,0,0,0,0,0,0,0,0,0,0,0,0,0,0,0,0,0,0,0,0,0
1335,0,0,0,0,0,0,0,0,0,0,0,0,0,0,0,0,0,0,0,0,0
1336,0,0,0,0,0,0,0,0,0,0,0,0,0,0,0,0,0,0,0,0,0
1337,10,9,8,7,6,6,7,7,8,7,6,6,6,6,7,7,7,6,6,5,6
1338,6,6,6,6,6,5,6,6,6,6,6,5,5,5,6,6,6,6,5,4,5
1339,3,3,3,3,3,3,3,3,3,3,3,3,3,3,3,3,3,3,3,3,3
1340,0,0,0,0,0,0,0,0,0,0,0,0,0,0,0,0,0,0,0,0,0
1341,0,0,0,0,0,0,0,0,0,0,0,0,0,0,0,0,0,0,0,0,0
1342,1,1,1,1,1,1,0,1,1,1,1,1,1,0,1,1,1,1,1,1,0
1343,3,3,4,3,2,2,3,3,3,4,3,2,2,3,3,3,4,3,2,2,3
1344,0,0,0,0,0,0,0,0,0,0,0,0,0,0,0,0,0,0,0,0,0
1345,0,0,0,0,0,0,0,0,0,0,0,0,0,0,0,0,0,0,0,0,0
1346,2,2,2,1,1,1,1,2,2,2,1,1,1,1,2,2,2,1,1,1,1
1347,1,2,2,2,1,1,1,1,2,2,2,1,1,1,1,2,2,2,1,1,1
1348,0,0,0,0,0,0,0,0,0,0,0,0,0,0,0,0,0,0,0,0,0
1349,0,0,0,0,0,0,0,0,0,0,0,0,0,0,0,0,0,0,0,0,0
1350,0,0,0,0,0,0,0,0,0,0,0,0,0,0,0,0,0,0,0,0,0
1351,0,0,0,0,0,0,0,0,0,0,0,0,0,0,0,0,0,0,0,0,0
1352,0,0,0,0,0,0,0,0,0,0,0,0,0,0,0,0,0,0,0,0,0
1353,0,0,0,0,0,0,0,0,0,0,0,0,0,0,0,0,0,0,0,0,0
1354,0,0,0,0,0,0,0,0,0,0,0,0,0,0,0,0,0,0,0,0,0
1355,0,0,0,0,0,0,0,0,0,0,0,0,0,0,0,0,0,0,0,0,0
1356,0,0,0,0,0,0,0,0,0,0,0,0,0,0,0,0,0,0,0,0,0
1357,0,0,0,0,0,0,0,0,0,0,0,0,0,0,0,0,0,0,0,0,0
1358,0,0,0,0,0,0,0,0,0,0,0,0,0,0,0,0,0,0,0,0,0
1359,0,0,0,0,0,0,0,0,0,0,0,0,0,0,0,0,0,0,0,0,0
1360,54,53,53,44,31,30,43,54,53,53,44,31,30,43,54,53,53,44,31,30,43
1361,0,0,0,0,0,0,0,0,0,0,0,0,0,0,0,0,0,0,0,0,0
1362,0,0,0,0,0,0,0,0,0,0,0,0,0,0,0,0,0,0,0,0,0
1363,0,0,0,0,0,0,0,0,0,0,0,0,0,0,0,0,0,0,0,0,0
1364,4,5,5,5,4,4,4,5,5,5,5,4,4,4,5,5,5,4,4,3,4
1365,1,1,1,1,1,1,1,1,1,1,1,1,1,1,1,1,2,1,1,1,1
1366,0,1,0,0,1,0,0,1,1,1,0,1,0,0,1,1,0,0,1,0,0
1367,2,2,1,1,1,1,1,1,1,1,1,1,1,1,1,1,1,1,1,1,1
1368,0,0,0,0,0,0,0,0,0,0,0,0,0,0,0,0,0,0,0,0,0
1369,4,2,2,2,3,4,4,4,2,2,2,3,5,4,4,2,2,2,3,5,4
1370,0,0,0,0,0,0,0,0,0,0,0,0,0,0,0,0,1,0,0,0,1
1371,0,0,0,0,0,0,0,0,0,0,0,0,0,0,0,0,0,0,0,0,0
1372,14,13,11,10,9,8,8,9,9,9,9,8,7,8,8,9,8,9,8,7,7
1373,8,8,6,7,6,6,7,8,8,6,7,6,6,7,8,8,6,7,6,6,7
1374,1,1,1,1,1,0,1,1,1,1,1,1,0,1,1,1,1,1,1,0,1
1375,2,2,2,1,1,1,1,2,2,2,1,1,1,1,2,2,2,1,1,1,1
1376,0,0,0,0,0,0,0,0,0,0,0,0,0,0,0,0,0,0,0,0,0
1377,0,0,0,0,0,0,0,0,0,0,0,0,0,0,0,0,0,0,0,0,0
1378,1,1,1,1,1,1,1,1,1,1,1,1,1,1,1,1,1,1,1,1,1
1379,2,2,1,2,1,1,1,2,2,1,2,1,1,1,2,2,1,2,1,1,1
1380,0,1,1,0,1,1,1,0,1,1,0,1,1,1,0,1,1,0,1,1,1
1381,2,2,2,3,2,2,2,2,2,3,3,2,2,2,2,2,3,3,2,2,2
1382,1,2,2,2,1,1,2,2,2,2,2,2,2,2,2,2,2,2,1,1,2
1383,9,10,10,9,8,7,7,8,9,9,8,7,6,6,7,8,8,7,6,6,6
1384,5,5,6,5,4,5,5,5,5,6,5,4,5,4,5,5,6,5,4,5,5
1385,0,0,0,0,0,0,0,0,0,0,0,0,0,0,0,0,0,0,0,0,0
1386,0,0,0,0,0,0,0,0,0,0,0,0,0,0,0,0,0,0,0,0,0
1387,0,0,0,0,0,0,0,0,0,0,0,0,0,0,0,0,0,0,0,0,0
1388,0,0,0,0,0,0,0,0,0,0,0,0,0,0,0,0,0,0,0,0,0
1389,1,1,1,2,1,1,1,1,1,1,2,1,1,1,1,1,1,2,1,1,1
1390,3,3,3,3,2,2,2,2,3,3,2,2,2,2,2,3,3,2,2,2,2
1391,5,6,6,5,5,4,5,5,6,6,5,5,4,4,5,5,5,5,4,4,4
1392,7,7,6,5,5,5,4,5,6,5,5,4,4,4,5,5,5,4,4,4,4
1393,0,0,0,0,0,0,0,0,0,0,0,0,0,0,0,0,0,0,0,0,0
1394,0,0,0,0,0,0,0,0,0,0,0,0,0,0,0,0,0,0,0,0,0
1395,3,3,3,3,3,2,2,3,3,3,3,3,2,2,2,3,3,3,2,2,2
1396,4,6,7,6,5,3,2,4,6,7,6,5,3,2,4,6,7,6,5,3,2
1397,0,0,0,0,0,0,0,0,0,0,0,0,0,0,0,0,0,0,0,0,0
1398,0,0,0,0,0,0,0,0,0,0,0,0,0,0,0,0,0,0,0,0,0
1399,0,0,0,0,0,0,0,0,0,0,0,0,0,0,0,0,0,0,0,0,0
1400,5,6,6,5,6,5,5,5,6,6,5,6,5,5,5,6,6,5,6,5,5
1401,0,0,0,0,0,0,0,0,0,0,0,0,0,0,0,0,0,0,0,0,0
1402,9,9,8,7,6,6,6,7,7,7,7,6,6,6,6,7,7,6,6,5,6
1403,18,19,18,16,15,12,12,14,16,16,15,14,12,12,13,15,15,14,13,11,11
1404,30,31,31,26,22,20,21,24,27,26,23,20,19,19,23,25,25,23,20,18,19
1405,4,5,5,4,4,3,3,4,4,4,4,3,3,3,3,3,4,4,3,2,3
1406,0,0,0,0,0,0,0,0,0,0,0,0,0,0,0,0,0,0,0,0,0
1407,0,0,0,0,0,0,0,0,0,0,0,0,0,0,0,0,0,0,0,0,0
1408,0,0,0,0,0,0,0,0,0,0,0,0,0,0,0,0,0,0,0,0,0
1409,0,0,0,0,0,0,0,0,0,0,0,0,0,0,0,0,0,0,0,0,0
1410,0,0,0,0,0,0,0,0,0,0,0,0,0,0,0,0,0,0,0,0,0
1411,0,0,0,0,0,0,0,0,0,0,0,0,0,0,0,0,0,0,0,0,0
1412,0,0,0,0,0,0,0,0,0,0,0,0,0,0,0,0,0,0,0,0,0
1413,0,0,0,0,0,0,0,0,0,0,0,0,0,0,0,0,0,0,0,0,0
1414,0,0,0,0,0,0,0,0,0,0,0,0,0,0,0,0,0,0,0,0,0
1415,48,52,51,44,37,32,34,40,46,44,40,36,33,34,40,44,45,42,38,34,37
1416,6,6,7,6,5,5,5,6,6,7,6,5,5,4,6,6,7,6,5,5,5
1417,16,21,23,20,15,13,13,16,21,23,20,15,13,13,16,21,23,20,15,13,13
1418,1,1,1,1,1,0,0,1,1,1,1,1,0,0,1,1,1,1,1,0,0
1419,0,0,0,0,0,0,0,0,0,0,0,0,0,0,0,0,0,0,0,0,0
1420,0,0,0,0,0,0,0,0,0,0,0,0,0,0,0,0,0,0,0,0,0
1421,4,4,4,4,3,3,3,4,4,4,4,3,3,3,4,4,4,4,3,3,3
1422,4,4,4,3,3,3,3,4,4,4,3,3,3,3,3,4,4,3,3,2,3
1423,0,0,0,0,0,0,0,0,0,0,0,0,0,0,0,0,0,0,0,0,0
1424,1,1,1,1,1,0,1,1,1,1,1,1,0,1,1,1,1,1,1,0,1
1425,2,3,2,2,2,2,2,2,3,2,2,2,2,2,2,3,2,2,2,2,2
1426,3,3,4,3,3,3,3,3,4,4,3,3,3,3,3,3,3,3,3,3,3
1427,1,1,1,1,1,0,1,1,1,1,1,1,0,1,1,1,1,1,1,0,1
1428,0,0,0,0,0,0,0,0,0,0,0,0,0,0,0,0,0,0,0,0,0
1429,2,2,2,2,1,1,1,2,2,2,2,1,1,1,2,2,2,2,1,1,1
1430,24,24,23,22,23,18,17,19,21,21,21,23,18,16,19,20,20,20,22,17,15
1431,1,1,1,1,1,1,1,1,1,1,1,1,1,1,1,1,1,1,1,1,1
1432,19,19,19,17,15,14,15,18,19,18,17,15,14,15,17,18,17,16,14,13,14
1433,3,3,3,3,2,2,2,3,3,3,3,2,2,2,3,3,3,3,2,2,2
1434,0,0,0,0,0,0,0,0,0,0,0,0,0,0,0,0,0,0,0,0,0
1435,0,0,0,0,0,0,0,0,0,0,0,0,0,0,0,0,0,0,0,0,0
1436,0,0,0,0,0,0,0,0,0,0,0,0,0,0,0,0,0,0,0,0,0
1437,0,0,0,0,0,0,0,0,0,0,0,0,0,0,0,0,0,0,0,0,0
1438,0,0,0,0,0,0,0,0,0,0,0,0,0,0,0,0,0,0,0,0,0
1439,0,0,0,0,0,0,0,0,0,0,0,0,0,0,0,0,0,0,0,0,0
1440,0,0,0,0,0,0,0,0,0,0,0,0,0,0,0,0,0,0,0,0,0
1441,0,0,0,0,0,0,0,0,0,0,0,0,0,0,0,0,0,0,0,0,0
1442,0,0,0,0,0,0,0,0,0,0,0,0,0,0,0,0,0,0,0,0,0
1443,0,0,0,0,0,0,0,0,0,0,0,0,0,0,0,0,0,0,0,0,0
1444,0,0,0,0,0,0,0,0,0,0,0,0,0,0,0,0,0,0,0,0,0
1445,0,0,0,0,0,0,0,0,0,0,0,0,0,0,0,0,0,0,0,0,0
1446,0,0,0,0,0,0,0,0,0,0,0,0,0,0,0,0,0,0,0,0,0
1447,0,0,0,0,0,0,0,0,0,0,0,0,0,0,0,0,0,0,0,0,0
1448,0,0,0,0,0,0,0,0,0,0,0,0,0,0,0,0,0,0,0,0,0
1449,0,0,0,0,0,0,0,0,0,0,0,0,0,0,0,0,0,0,0,0,0
1450,0,0,0,0,0,0,0,0,0,0,0,0,0,0,0,0,0,0,0,0,0
1451,0,0,0,0,0,0,0,0,0,0,0,0,0,0,0,0,0,0,0,0,0
1452,0,1,1,1,1,0,0,0,1,1,1,1,0,0,0,1,1,1,1,0,0
1453,1,1,0,0,0,0,1,1,1,0,0,0,0,1,1,1,0,0,0,0,1
1454,16,15,13,11,10,9,11,12,12,10,9,7,7,9,9,8,7,5,5,5,5
1455,0,0,0,0,0,0,0,0,0,0,0,0,0,0,0,0,0,0,0,0,0
1456,0,0,0,0,0,0,0,0,0,0,0,0,0,0,0,0,0,0,0,0,0
1457,37,38,46,45,42,40,49,61,70,71,62,55,52,61,72,76,78,69,53,48,58
1458,7,4,3,2,2,2,2,3,2,2,2,2,2,2,4,3,3,3,3,2,2
1459,7,6,5,4,3,3,3,3,3,3,2,1,2,2,2,2,1,1,1,1,1
1460,1,1,1,1,1,1,1,1,1,1,1,1,1,1,1,1,1,1,1,0,1
1461,2,2,2,2,2,2,1,2,2,2,2,2,2,1,2,2,2,2,2,2,1
1462,0,0,0,0,0,0,0,0,0,0,0,0,0,0,0,0,0,0,0,0,0
1463,1,1,1,1,1,1,1,1,1,1,1,1,1,1,1,1,1,1,1,1,1
1464,0,0,0,0,0,0,0,0,0,0,0,0,0,0,0,0,0,0,0,0,0
1465,0,0,0,0,0,0,0,0,0,0,0,0,0,0,0,0,0,0,0,0,0
1466,22,21,19,17,16,15,16,19,20,20,18,16,14,14,17,18,17,15,13,12,13
1467,0,1,1,1,0,0,0,0,1,1,1,0,0,0,0,1,1,1,0,0,0
1468,3,3,4,4,3,3,3,3,4,4,4,3,3,3,3,3,3,3,3,3,2
1469,0,0,0,0,0,0,0,0,0,0,0,0,0,0,0,0,0,0,0,0,0
1470,0,0,0,0,0,0,0,0,0,0,0,0,0,0,0,0,0,0,0,0,0
1471,0,0,0,0,0,0,0,0,0,0,0,0,0,0,0,0,0,0,0,0,0
1472,0,0,0,0,0,0,0,0,0,0,0,0,0,0,0,0,0,0,0,0,0
1473,0,0,0,0,0,0,0,0,0,0,0,0,0,0,0,0,0,0,0,0,0
1474,0,0,0,0,0,0,0,0,0,0,0,0,0,0,0,0,0,0,0,0,0
1475,0,0,0,0,0,0,0,0,0,0,0,0,0,0,0,0,0,0,0,0,0
1476,0,0,0,0,0,0,0,0,0,0,0,0,0,0,0,0,0,0,0,0,0
1477,7,6,7,6,6,5,5,6,6,6,5,4,4,4,5,5,4,4,3,3,4
1478,0,0,0,0,0,0,0,0,0,0,0,0,0,0,0,0,0,0,0,0,0
1479,1,1,1,1,1,1,1,1,1,1,1,1,1,1,1,1,1,1,1,1,1
1480,3,3,4,3,3,3,2,3,3,4,3,3,3,2,3,3,4,3,3,3,3
1481,17,19,19,17,16,14,15,17,19,19,17,15,13,14,15,16,16,14,13,12,12
1482,30,30,31,31,27,26,26,30,30,31,31,27,26,26,30,30,31,31,27,26,26
1483,21,20,20,19,17,16,17,20,20,19,18,16,16,17,19,17,16,16,14,14,15
1484,2,1,1,1,1,1,1,1,1,1,1,0,0,0,1,1,1,1,1,1,1
1485,1,1,1,1,1,0,0,1,1,1,1,1,0,0,1,1,1,1,1,0,0
1486,0,0,0,0,0,0,0,0,0,0,0,0,0,0,0,0,0,0,0,0,0
1487,7,9,9,13,11,8,5,8,10,9,13,11,8,5,8,10,9,13,11,8,5
1488,1,1,1,1,1,1,1,1,1,1,1,1,1,1,1,1,1,1,1,1,1
1489,0,0,0,0,0,0,0,0,0,0,0,0,0,0,0,0,0,0,0,0,0
1490,88,99,98,86,76,68,74,88,97,90,82,72,66,70,81,89,89,82,71,64,73
1491,6,5,6,6,7,5,5,6,5,6,6,7,5,5,6,5,6,6,7,5,5
1492,30,32,28,28,21,24,24,30,31,27,28,21,24,23,30,31,27,28,21,24,23
1493,0,0,0,0,0,0,0,0,0,0,0,0,0,0,0,0,0,0,0,0,0
1494,0,0,0,0,0,0,0,0,0,0,0,0,0,0,0,0,0,0,0,0,0
1495,0,0,0,0,0,0,0,0,0,0,0,0,0,0,0,0,0,0,0,0,0
1496,11,11,10,9,8,7,8,9,10,9,8,7,7,7,9,8,8,7,6,6,7
1497,2,2,2,2,2,2,2,3,3,3,3,3,3,3,3,3,3,2,2,2,3
1498,0,0,0,0,0,0,0,0,0,0,0,0,0,0,0,0,0,0,0,0,0
1499,0,0,0,0,0,0,0,0,0,0,0,0,0,0,0,0,0,0,0,0,0
1500,3,4,4,4,4,4,4,4,5,4,4,4,4,4,4,5,5,4,4,4,5
1501,1,1,1,1,1,1,1,1,1,1,1,1,1,1,1,1,1,1,1,1,1
1502,8,10,9,9,7,7,7,8,10,9,9,7,7,7,8,10,9,9,8,7,8
1503,1,1,1,1,1,1,1,1,1,1,1,1,1,1,1,1,1,1,1,1,1
1504,1,1,1,1,1,1,1,1,1,1,1,1,1,1,1,1,1,1,1,1,1
1505,0,0,0,0,0,0,0,0,0,0,0,0,0,0,0,0,0,0,0,0,0
1506,9,10,10,9,9,8,8,10,11,11,11,10,9,9,11,12,12,11,11,9,9
1507,0,0,0,0,0,0,0,0,0,0,0,0,0,0,0,0,0,0,0,0,0
1508,0,0,0,0,0,0,0,0,0,0,0,0,0,0,0,0,0,0,0,0,0
1509,0,1,1,1,0,0,0,0,1,1,1,0,0,0,0,1,1,1,0,0,0
1510,3,3,3,3,3,2,2,3,3,3,3,3,3,2,3,3,3,3,3,3,3
1511,1,1,1,1,1,1,1,1,1,1,1,1,1,1,1,1,1,1,1,1,1
1512,1,1,1,1,1,1,1,1,1,1,1,1,1,1,1,1,1,1,1,1,1
1513,3,3,3,3,2,2,2,2,3,3,2,2,2,2,2,2,2,2,2,1,1
1514,2,3,3,2,2,2,2,3,3,3,2,2,2,2,2,3,2,2,2,2,2
1515,1,1,1,1,0,0,1,1,1,1,1,0,0,1,1,1,1,1,0,0,1
1516,5,5,4,3,3,3,3,3,4,3,3,3,3,3,3,3,3,3,3,2,3
1517,3,3,3,3,2,2,2,3,3,3,3,2,2,2,2,3,3,3,2,2,2
1518,9,9,8,7,6,5,5,6,6,6,5,4,4,4,5,5,5,5,4,4,4
1519,2,2,2,2,2,2,2,2,2,2,2,2,2,2,2,2,2,2,2,2,2
1520,5,4,4,3,3,3,3,3,3,3,3,2,2,2,2,3,2,2,2,2,2
1521,4,4,4,4,3,3,3,4,4,4,4,3,3,3,4,4,3,3,3,3,3
1522,0,0,0,0,0,0,0,0,0,0,0,0,0,0,0,0,0,0,0,0,0
1523,1,2,2,2,2,2,1,2,2,2,2,2,2,1,2,2,2,2,2,2,1
1524,0,0,0,0,0,0,0,0,0,0,0,0,0,0,0,0,0,0,0,0,0
1525,0,0,0,0,0,0,0,0,0,0,0,0,0,0,0,0,0,0,0,0,0
1526,0,0,0,0,0,0,0,0,0,0,0,0,0,0,0,0,0,0,0,0,0
1527,0,0,0,0,0,0,0,0,0,0,0,0,0,0,0,0,0,0,0,0,0
1528,0,0,0,0,0,0,0,0,0,0,0,0,0,0,0,0,0,0,0,0,0
1529,0,0,0,0,0,0,0,0,0,0,0,0,0,0,0,0,0,0,0,0,0
1530,0,0,0,0,0,0,0,0,0,0,0,0,0,0,0,0,0,0,0,0,0
1531,10,10,9,8,7,7,7,9,9,8,7,6,5,5,6,5,4,4,3,3,3
1532,7,6,6,5,5,4,5,5,5,5,4,4,3,4,4,4,4,3,3,3,3
1533,0,0,0,0,0,0,0,0,0,0,0,0,0,0,0,0,0,0,0,0,0
1534,5,3,2,2,1,1,2,2,2,2,2,2,2,2,2,2,2,2,2,2,3
1535,6,9,9,12,11,12,10,6,9,9,12,11,12,10,6,9,9,12,11,12,10
1536,39,37,34,31,31,29,32,38,36,34,31,31,29,32,38,36,34,31,31,29,32
1537,0,0,0,0,0,0,0,0,0,0,0,0,0,0,0,0,0,0,0,0,0
1538,0,0,0,0,0,0,0,0,0,0,0,0,0,0,0,0,0,0,0,0,0
1539,0,0,0,0,0,0,0,0,0,0,0,0,0,0,0,0,0,0,0,0,0
1540,1,1,1,1,1,1,1,1,1,1,1,1,1,1,1,1,1,1,1,1,1
1541,0,0,0,0,0,0,0,0,0,0,0,0,0,0,0,0,0,0,0,0,0
1542,1,1,1,1,1,1,1,1,1,1,1,1,1,1,1,1,1,1,1,1,1
1543,0,0,0,0,0,0,0,0,0,0,0,0,0,0,0,0,0,0,0,0,0
1544,45,59,57,53,50,43,37,45,59,57,54,50,43,37,45,59,57,54,50,43,37
1545,0,0,0,0,0,0,0,0,0,0,0,0,0,0,0,0,0,0,0,0,0
1546,0,0,0,0,0,0,0,0,0,0,0,0,0,0,0,0,0,0,0,0,0
1547,0,0,0,0,0,0,0,0,0,0,0,0,0,0,0,0,0,0,0,0,0
1548,2,2,3,3,3,2,2,3,3,3,3,3,2,2,3,3,3,3,3,2,2
1549,6,5,5,5,5,3,3,3,3,4,4,4,3,2,2,2,3,3,3,2,2
1550,0,0,0,0,0,0,0,0,0,0,0,0,0,0,0,0,0,0,0,0,0
1551,0,0,0,0,0,0,0,0,0,0,0,0,0,0,0,0,0,0,0,0,0
1552,0,0,0,0,0,0,0,0,0,0,0,0,0,0,0,0,0,0,0,0,0
1553,0,0,0,0,0,0,0,0,0,0,0,0,0,0,0,0,0,0,0,0,0
1554,0,0,0,0,0,0,0,0,0,0,0,0,0,0,0,0,0,0,0,0,0
1555,2,1,1,4,5,3,1,2,1,1,4,5,3,1,2,1,1,4,5,3,1
1556,2,2,2,2,2,2,2,2,2,2,2,2,2,2,2,2,2,2,2,2,2
1557,7,8,8,6,6,5,5,7,8,8,6,6,5,5,7,8,8,6,6,5,5
1558,15,18,19,18,17,15,12,15,18,19,18,17,15,12,15,18,19,18,17,15,12
1559,6,8,9,8,6,5,5,6,8,9,8,6,5,4,6,8,9,8,6,5,5
1560,16,19,19,19,17,13,13,16,19,19,19,17,13,13,16,19,19,19,17,13,13
1561,6,6,6,5,5,4,4,6,6,6,5,5,4,4,6,6,6,5,5,4,4
1562,3,3,3,3,3,2,2,3,3,3,3,3,2,2,3,3,3,3,3,2,2
1563,0,0,0,0,0,0,0,0,0,0,0,0,0,0,0,0,0,0,0,0,0
1564,3,4,4,4,3,3,3,4,4,4,4,3,3,3,3,4,4,4,3,3,3
1565,0,0,0,0,0,0,0,0,0,0,0,0,0,0,0,0,0,0,0,0,0
1566,0,0,0,0,0,0,0,0,0,0,0,0,0,0,0,0,0,0,0,0,0
1567,0,0,0,0,0,0,0,0,0,0,0,0,0,0,0,0,0,0,0,0,0
1568,21,18,16,15,14,14,17,19,17,15,15,14,14,17,19,17,15,15,14,14,17
1569,16,18,17,16,15,13,14,16,18,17,16,14,13,15,16,17,16,14,12,11,12
1570,0,0,0,0,0,0,0,0,0,0,0,0,0,0,0,0,0,0,0,0,0
1571,0,0,0,0,0,0,0,0,0,0,0,0,0,0,0,0,0,0,0,0,0
1572,0,0,0,0,0,0,0,0,0,0,0,0,0,0,0,0,0,0,0,0,0
1573,0,0,0,0,0,0,0,0,0,0,0,0,0,0,0,0,0,0,0,0,0
1574,4,3,3,3,3,3,3,4,3,3,3,3,3,3,4,3,3,3,3,3,3
1575,12,12,11,10,10,10,11,12,12,11,10,10,10,11,12,12,11,10,10,10,11
1576,0,0,0,0,0,0,0,0,0,0,0,0,0,0,0,0,0,0,0,0,0
1577,1,1,1,1,1,1,0,1,1,1,1,1,1,0,1,1,1,1,1,1,0
1578,8,8,8,8,7,6,7,8,8,8,7,7,6,7,8,8,8,7,7,6,7
1579,0,0,0,0,0,0,0,0,0,0,0,0,0,0,0,0,0,0,0,0,0
1580,4,4,4,4,3,3,3,4,5,4,4,4,3,4,4,5,4,4,4,3,4
1581,2,2,2,2,1,1,2,2,2,2,2,1,1,2,2,2,2,2,1,1,2
1582,0,0,0,0,0,0,0,0,0,0,0,0,0,0,0,0,0,0,0,0,0
1583,0,0,0,0,0,0,0,0,0,0,0,0,0,0,0,0,0,0,0,0,0
1584,18,16,14,13,10,7,8,12,14,13,12,9,7,7,11,13,12,11,8,6,6
1585,15,16,15,14,12,11,12,15,16,15,13,12,10,11,13,14,15,13,12,11,13
1586,8,10,10,10,10,10,10,10,11,11,11,11,10,10,10,11,11,10,11,10,10
1587,6,6,5,5,5,5,5,4,4,4,5,5,4,4,4,4,4,4,4,4,4
1588,0,0,0,0,1,0,0,0,0,0,0,1,0,0,0,0,0,0,1,0,0
1589,0,0,0,0,0,0,0,0,0,0,0,0,0,0,0,0,0,0,0,0,0
1590,0,0,0,0,0,0,0,0,0,0,0,0,0,0,0,0,0,0,0,0,0
1591,0,0,0,0,0,0,0,0,0,0,0,0,0,0,0,0,0,0,0,0,0
1592,0,0,0,0,0,0,0,0,0,0,0,0,0,0,0,0,0,0,0,0,0
1593,0,0,0,0,0,0,0,0,0,0,0,0,0,0,0,0,0,0,0,0,0
1594,0,0,0,0,0,0,0,0,0,0,0,0,0,0,0,0,0,0,0,0,0
1595,0,0,0,0,0,0,0,0,0,0,0,0,0,0,0,0,0,0,0,0,0
1596,0,0,0,0,0,0,0,0,0,0,0,0,0,0,0,0,0,0,0,0,0
1597,0,0,0,0,0,0,0,0,0,0,0,0,0,0,0,0,0,0,0,0,0
1598,8,7,7,7,6,5,6,6,7,6,6,5,5,5,6,6,6,6,5,4,5
1599,1,2,1,1,1,1,1,2,2,1,1,1,1,1,1,2,1,1,1,1,1
1600,3,3,3,2,2,2,2,2,3,2,2,2,2,2,2,2,2,2,2,2,2
1601,2,2,2,2,2,2,1,2,2,2,2,2,2,2,2,2,2,2,2,2,2
1602,3,3,3,2,2,2,3,3,3,3,3,2,2,3,3,3,3,3,2,2,3
1603,1,1,1,1,1,0,0,1,1,1,1,1,0,0,1,1,1,1,1,0,0
1604,7,7,8,7,5,5,5,6,7,7,6,4,4,4,5,6,7,5,4,4,4
1605,7,7,6,6,5,5,5,6,6,6,5,4,4,3,4,4,3,3,2,2,2
1606,1,1,1,1,1,1,1,1,1,1,1,1,1,1,1,1,1,1,1,1,1
1607,178,184,183,155,134,131,138,176,194,199,172,147,141,147,191,211,215,185,160,160,178
1608,27,27,24,20,18,16,17,19,21,20,17,15,14,15,17,18,17,14,13,12,13
1609,12,11,10,9,9,8,9,10,10,9,9,8,8,8,9,9,9,8,8,8,9
1610,0,0,0,0,0,0,0,0,0,0,0,0,0,0,0,0,0,0,0,0,0
1611,4,5,4,4,4,4,4,4,5,4,4,4,4,4,4,5,4,4,4,4,4
1612,0,0,0,0,0,1,1,0,0,0,0,0,0,0,0,0,0,0,0,1,0
1613,6,7,6,5,5,4,4,6,7,6,5,5,5,4,6,7,6,5,5,5,5
1614,0,0,0,0,0,0,0,0,0,0,0,0,0,0,0,0,0,0,0,0,0
1615,9,9,8,7,6,6,6,7,8,7,7,6,6,6,7,7,7,6,6,5,6
1616,3,3,3,2,2,2,2,3,3,3,3,2,2,2,3,3,3,2,2,2,2
1617,0,0,0,0,0,0,0,0,0,0,0,0,0,0,0,0,0,0,0,0,0
1618,5,5,5,5,5,4,4,5,5,5,5,5,4,4,5,5,5,5,5,4,4
1619,0,0,0,0,0,0,0,0,0,0,0,0,0,0,0,0,0,0,0,0,0
1620,0,0,0,0,0,0,0,0,0,0,0,0,0,0,0,0,0,0,0,0,0
1621,0,0,0,0,0,0,0,0,0,0,0,0,0,0,0,0,0,0,0,0,0
1622,0,0,0,0,0,0,0,0,0,0,0,0,0,0,0,0,0,0,0,0,0
1623,0,0,0,0,0,0,0,0,0,0,0,0,0,0,0,0,0,0,0,0,0
1624,4,4,4,4,4,4,4,4,4,4,4,4,4,4,4,4,4,4,4,4,4
1625,0,0,0,0,0,0,0,0,0,0,0,0,0,0,0,0,0,0,0,0,0
1626,2,2,1,0,0,0,1,2,2,1,0,0,0,1,2,2,1,0,0,0,1
1627,0,0,0,0,0,0,0,0,0,0,0,0,0,0,0,0,0,0,0,0,0
1628,0,0,0,0,0,0,0,0,0,0,0,0,0,0,0,0,0,0,0,0,0
1629,2,2,3,2,2,1,1,2,2,3,2,2,1,1,2,2,2,2,1,1,1
1630,0,0,0,0,0,0,0,0,0,0,0,0,0,0,0,0,0,0,0,0,0
1631,8,11,12,9,9,8,8,11,13,13,9,9,8,7,10,12,12,8,8,7,7
1632,5,5,5,4,4,3,3,4,5,5,4,4,3,3,4,4,4,4,3,3,3
1633,0,0,0,0,0,0,0,0,0,0,0,0,0,0,0,0,0,0,0,0,0
1634,0,0,0,0,0,0,0,0,0,0,0,0,0,0,0,0,0,0,0,0,0
1635,0,0,0,0,0,0,0,0,0,0,0,0,0,0,0,0,0,0,0,0,0
1636,2,2,3,3,2,2,2,2,3,3,3,3,2,2,2,3,3,3,3,2,3
1637,0,0,0,0,0,0,0,0,0,0,0,0,0,0,0,0,0,0,0,0,0
1638,2,2,3,2,2,2,2,2,2,3,2,2,2,2,2,2,3,2,2,2,2
1639,1,2,2,3,3,2,2,2,2,3,3,3,2,2,2,2,3,3,3,2,2
1640,0,0,0,0,0,0,0,0,0,0,0,0,0,0,0,0,0,0,0,0,0
1641,0,0,0,0,0,0,0,0,0,0,0,0,0,0,0,0,0,0,0,0,0
1642,2,2,2,2,1,1,1,2,2,2,2,1,1,1,2,2,2,2,2,1,1
1643,6,6,6,5,4,4,4,5,5,5,5,4,3,4,5,5,5,5,4,3,3
1644,0,0,0,0,0,0,0,0,0,0,0,0,0,0,0,0,0,0,0,0,0
1645,0,0,0,0,0,0,0,0,0,0,0,0,0,0,0,0,0,0,0,0,0
1646,0,0,0,0,0,0,0,0,0,0,0,0,0,0,0,0,0,0,0,0,0
1647,0,0,0,0,0,0,0,0,0,0,0,0,0,0,0,0,0,0,0,0,0
1648,0,0,0,0,0,0,0,0,0,0,0,0,0,0,0,0,0,0,0,0,0
1649,0,0,0,0,0,0,0,0,0,0,0,0,0,0,0,0,0,0,0,0,0
1650,0,0,0,0,0,0,0,0,0,0,0,0,0,0,0,0,0,0,0,0,0
1651,0,0,0,0,0,0,0,0,0,0,0,0,0,0,0,0,0,0,0,0,0
1652,0,0,0,0,0,0,0,0,0,0,0,0,0,0,0,0,0,0,0,0,0
1653,0,0,0,0,0,0,0,0,0,0,0,0,0,0,0,0,0,0,0,0,0
1654,0,0,0,0,0,0,0,0,0,0,0,0,0,0,0,0,0,0,0,0,0
1655,0,0,0,0,0,0,0,0,0,0,0,0,0,0,0,0,0,0,0,0,0
1656,0,0,0,0,0,0,0,0,0,0,0,0,0,0,0,0,0,0,0,0,0
1657,26,24,25,20,21,22,25,26,24,25,20,21,22,25,26,24,25,20,21,22,25
1658,1,1,1,1,1,1,1,1,1,1,1,1,1,1,1,1,1,1,1,1,1
1659,0,0,0,0,0,0,0,0,0,0,0,0,0,0,0,0,0,0,0,0,0
1660,0,0,0,0,0,0,0,0,0,0,0,0,0,0,0,0,0,0,0,0,0
1661,0,0,0,0,0,0,0,0,0,0,0,0,0,0,0,0,0,0,0,0,0
1662,0,0,0,0,0,0,0,0,0,0,0,0,0,0,0,0,0,0,0,0,0
1663,13,12,11,9,8,7,7,9,10,9,8,7,7,7,9,9,9,8,7,7,6
1664,10,10,8,7,6,5,5,6,8,7,7,6,5,5,6,7,7,7,6,5,5
1665,3,3,3,3,3,3,3,3,3,3,3,3,3,3,3,3,3,3,3,3,3
1666,5,5,4,4,3,3,3,4,4,4,3,3,3,3,3,3,3,3,2,2,2
1667,1,1,2,1,1,1,1,1,1,2,1,1,1,1,1,1,2,1,1,1,1
1668,0,1,1,0,0,0,0,0,1,1,0,0,0,0,0,1,1,0,0,0,0
1669,12,12,11,10,9,8,8,9,10,10,10,8,8,8,9,9,10,9,8,8,8
1670,8,9,9,8,7,6,6,8,9,9,8,7,6,6,8,9,9,8,7,6,6
1671,0,1,1,1,1,0,0,0,1,1,1,1,0,0,0,1,1,1,1,0,0
1672,0,1,1,0,0,0,0,0,1,1,1,0,0,0,1,1,1,1,1,0,1
1673,1,1,1,1,1,1,1,1,1,1,1,1,1,1,1,1,1,1,1,1,1
1674,25,26,24,20,18,17,19,23,25,24,21,19,17,18,23,25,24,22,19,20,22
1675,3,3,2,2,2,1,2,2,2,2,2,1,1,2,2,2,2,2,1,1,2
1676,8,8,8,8,7,6,6,8,8,8,8,7,6,6,8,8,8,8,7,6,6
1677,1,1,1,1,1,1,1,1,1,1,1,1,1,1,1,1,1,1,1,1,1
1678,6,7,7,6,6,5,6,6,7,7,7,6,6,6,7,7,7,7,6,6,6
1679,0,0,0,0,0,0,0,0,0,0,0,0,0,0,0,0,0,0,0,0,0
1680,5,5,5,4,4,4,4,4,4,4,4,4,4,4,4,4,5,4,4,4,4
1681,2,2,2,2,2,1,1,2,2,2,2,2,1,1,2,2,2,2,2,1,1
1682,0,0,0,0,0,0,0,0,0,0,0,0,0,0,0,0,0,0,0,0,0
1683,1,1,1,1,1,1,1,1,1,1,1,1,1,1,1,1,1,1,1,1,1
1684,0,0,0,0,0,0,0,0,0,0,0,0,0,0,0,0,0,0,0,0,0
1685,0,1,1,1,1,1,1,2,2,2,2,2,2,2,2,2,2,2,2,2,2
1686,2,2,3,2,2,2,2,2,2,3,2,2,2,2,2,2,3,2,2,2,2
1687,0,0,0,0,0,0,0,0,0,0,0,0,0,0,0,0,0,0,0,0,0
1688,7,8,8,7,7,6,7,8,9,8,7,7,6,7,8,8,7,7,6,6,6
1689,3,3,4,4,3,2,2,3,3,4,4,3,2,2,3,3,4,4,3,2,2
1690,1,1,1,1,1,1,1,1,1,1,1,1,1,1,1,1,1,1,1,1,1
1691,14,17,18,17,14,12,10,13,16,16,15,11,10,8,11,13,15,13,10,9,7
1692,1,1,1,1,1,1,1,1,1,1,1,1,1,1,1,1,1,1,1,1,1
1693,1,1,1,1,1,1,1,1,1,1,1,1,1,1,1,1,1,1,1,1,1
1694,1,1,1,0,0,0,0,1,1,1,0,0,0,0,1,1,1,0,0,0,0
1695,2,2,2,2,2,1,2,2,2,2,2,2,1,2,2,2,2,2,2,1,2
1696,1,1,1,1,0,0,0,1,1,1,1,0,0,0,1,1,1,1,0,0,0
1697,2,2,2,2,2,2,2,2,2,2,2,2,2,1,2,2,2,2,2,2,1
1698,1,1,1,1,1,1,1,1,1,1,1,1,1,1,1,1,1,1,1,1,1
1699,0,0,0,0,0,0,0,0,1,0,0,0,0,0,0,1,0,0,0,0,0
1700,0,0,0,0,0,0,0,0,0,0,0,0,0,0,0,0,0,0,0,0,0
1701,35,38,38,35,31,27,30,37,43,41,38,35,31,33,39,41,40,37,33,29,32
1702,1,2,2,1,1,1,1,1,2,2,1,1,1,1,1,2,2,1,1,1,1
1703,3,4,3,3,3,3,3,3,4,4,3,3,3,3,3,4,4,3,3,3,3
1704,0,0,0,0,1,0,1,0,0,0,0,1,0,1,0,0,0,0,1,0,1
1705,4,5,6,6,5,4,5,6,7,7,6,5,4,5,6,6,6,5,5,4,5
1706,34,36,37,36,33,31,32,37,41,41,38,35,34,35,39,39,38,35,30,29,30
1707,137,156,161,145,127,108,121,148,169,165,145,124,104,112,138,156,156,140,120,101,111
1708,6,7,7,6,6,5,5,6,7,6,6,5,4,4,5,6,6,5,4,4,4
1709,2,2,2,2,2,1,1,2,2,2,2,2,1,1,2,2,2,2,2,1,1
1710,4,4,3,3,3,2,2,3,3,3,3,3,2,2,3,3,3,3,3,2,2
1711,0,0,0,0,0,0,0,0,0,0,0,0,0,0,0,0,0,0,0,0,0
1712,16,18,19,18,16,14,15,18,20,20,18,16,15,16,17,18,18,17,15,14,14
1713,2,2,2,1,1,1,2,3,2,2,1,1,1,2,2,2,2,1,1,1,2
1714,1,1,1,1,1,1,1,1,1,1,1,1,1,1,1,1,1,1,1,1,1
1715,1,1,1,1,1,1,1,1,1,1,1,1,1,1,1,1,1,1,1,1,1
1716,0,0,0,0,0,0,0,0,0,0,0,0,0,0,0,0,0,0,0,0,0
1717,9,9,9,9,9,7,7,9,8,9,9,8,7,7,8,8,9,9,8,7,7
1718,0,0,0,0,0,0,0,0,0,0,0,0,0,0,0,0,0,0,0,0,0
1719,0,0,0,0,0,0,0,0,0,0,0,0,0,0,0,0,0,0,0,0,0
1720,1,2,2,2,1,1,1,1,2,2,2,1,1,1,1,2,2,2,1,1,1
1721,0,0,0,0,0,0,0,0,0,0,0,0,0,0,0,0,0,0,0,0,0
1722,1,1,1,1,1,1,1,1,1,1,1,1,1,1,1,1,1,1,1,1,1
1723,1,1,1,0,0,0,0,1,1,1,0,0,0,0,1,1,1,0,0,0,0
1724,22,23,22,20,18,16,17,20,21,20,18,16,15,15,18,20,19,17,15,14,15
1725,31,32,30,26,23,21,22,28,30,28,25,22,20,22,26,27,25,22,19,17,19
1726,0,0,0,0,0,0,0,0,0,0,0,0,0,0,0,0,0,0,0,0,0
1727,10,10,10,9,8,7,7,9,10,9,9,8,6,6,8,9,8,8,7,6,6
1728,0,0,0,0,0,0,0,0,0,0,0,0,0,0,0,0,0,0,0,0,0
1729,1,2,1,2,1,1,1,1,2,2,2,1,1,1,1,2,2,2,1,1,1
1730,6,8,8,7,6,5,5,7,8,8,7,6,5,5,7,8,8,7,6,5,5
1731,55,62,62,54,46,40,42,51,58,57,51,44,39,41,49,54,54,48,41,36,39
1732,1,1,1,1,1,1,1,1,1,1,1,1,1,1,1,1,1,1,1,1,1
1733,1,2,2,2,2,1,1,1,2,2,2,2,1,1,1,2,2,2,2,1,1
1734,2,2,2,2,2,1,1,2,2,2,2,2,1,2,2,2,2,2,2,2,2
1735,0,0,0,0,0,0,0,0,0,0,0,0,0,0,0,0,0,0,0,0,0
1736,2,2,2,2,2,2,2,2,2,2,2,2,2,2,2,2,2,2,2,2,2
1737,1,1,1,1,0,0,0,0,0,1,1,0,0,0,0,0,1,1,0,0,0
1738,3,3,2,2,2,2,2,2,2,2,2,2,2,2,2,2,2,2,2,2,2
1739,2,2,2,1,1,1,1,2,2,2,1,1,1,1,2,2,2,1,1,1,1
1740,16,15,15,14,13,10,11,13,13,14,13,12,10,10,12,12,14,13,12,10,10
1741,0,0,0,0,0,0,0,0,0,0,0,0,0,0,0,0,0,0,0,0,0
1742,11,11,10,9,8,7,7,9,10,10,9,8,7,7,8,9,9,8,7,7,7
1743,10,11,13,13,11,10,9,10,12,13,13,11,10,9,11,12,13,13,12,10,10
1744,4,4,3,3,3,2,2,3,3,3,2,2,2,2,2,2,2,2,2,2,2
1745,0,0,0,0,0,0,0,0,0,0,0,0,0,0,0,0,0,0,0,0,0
1746,4,4,4,4,4,4,3,4,4,4,4,4,4,3,4,4,4,4,4,4,3
1747,9,10,10,9,8,7,7,9,10,10,9,8,7,7,9,10,10,9,7,6,7
1748,6,7,7,6,5,5,6,8,8,8,7,6,6,6,9,9,8,7,6,6,6
1749,1,1,1,1,1,1,1,1,1,1,1,1,1,1,1,1,1,1,1,1,1
1750,2,2,2,1,1,1,1,2,2,2,1,1,1,1,2,2,2,1,1,1,1
1751,9,9,10,9,8,7,8,9,10,10,9,8,8,8,9,9,9,9,8,7,7
1752,0,0,0,0,0,0,0,0,0,0,0,0,0,0,0,0,0,0,0,0,0
1753,13,17,18,17,14,10,10,14,19,20,19,16,11,12,16,20,21,20,16,13,13
1754,11,12,12,11,9,8,9,11,13,12,12,10,9,10,11,12,12,11,9,8,9
1755,3,3,4,4,3,3,3,4,4,5,4,4,3,3,4,4,5,4,4,3,3
1756,0,0,0,0,0,0,0,0,0,0,1,0,0,0,0,0,0,0,0,0,0
1757,2,2,3,2,2,2,3,3,4,4,3,3,3,3,4,4,4,4,3,3,3
1758,2,3,3,3,3,2,2,2,3,3,3,3,2,2,2,3,3,3,3,2,2
1759,3,4,3,3,3,3,3,3,4,3,3,3,3,3,3,4,3,3,3,3,3
1760,1,0,0,0,0,0,0,1,0,0,0,1,0,0,1,0,0,0,1,0,0
1761,6,6,7,7,8,8,7,5,6,7,7,8,7,7,5,6,7,7,8,7,7
1762,19,20,22,20,18,15,15,17,18,20,19,17,14,15,16,17,20,19,17,14,15
1763,1,1,1,1,0,0,1,1,1,1,1,0,0,0,1,1,1,1,0,0,1
1764,2,2,2,1,1,1,2,2,2,2,1,1,1,2,2,2,2,1,1,1,2
1765,1,2,2,1,1,1,2,2,2,2,2,1,2,2,2,2,2,2,2,2,2
1766,0,0,0,0,0,0,0,0,0,0,0,0,0,0,0,0,0,0,0,0,0
1767,9,9,7,7,6,6,6,6,6,6,6,6,5,5,6,6,6,6,5,5,5
1768,6,5,5,4,4,4,4,4,5,4,4,3,4,4,4,4,4,4,3,4,4
1769,2,2,2,1,1,1,1,2,2,2,1,1,1,1,1,1,1,1,1,1,1
1770,2,3,4,3,3,3,3,4,5,4,4,3,3,4,4,4,4,3,3,3,3
1771,0,0,0,0,0,0,0,0,0,0,0,0,0,0,0,0,0,0,0,0,0
1772,0,0,0,0,0,0,0,0,0,0,0,0,0,0,0,0,0,0,0,0,0
1773,1,1,1,1,1,1,1,1,1,1,1,1,1,1,1,1,1,1,1,1,1
1774,0,1,1,1,1,0,0,0,1,1,1,1,0,0,0,1,1,1,1,0,0
1775,0,0,0,0,0,0,0,0,0,0,0,0,0,0,0,0,0,0,0,0,0
1776,1,1,1,1,1,1,1,1,1,1,1,1,1,1,1,1,1,1,1,1,1
1777,0,0,0,0,0,0,0,0,0,0,0,0,0,0,0,0,0,0,0,0,0
1778,0,0,0,0,0,0,0,0,0,0,0,0,0,0,0,0,0,0,0,0,0
1779,0,0,0,0,0,0,0,0,0,0,0,0,0,0,0,0,0,0,0,0,0
1780,0,0,0,0,0,0,0,0,0,0,0,0,0,0,0,0,0,0,0,0,0
1781,0,0,0,0,0,0,0,0,0,0,0,0,0,0,0,0,0,0,0,0,0
1782,0,0,0,0,0,0,0,0,0,0,0,0,0,0,0,0,0,0,0,0,0
1783,0,0,0,0,0,0,1,0,0,0,0,0,0,0,0,0,0,0,0,0,0
1784,0,1,1,1,0,0,1,1,1,1,1,0,0,0,1,1,1,1,0,0,1
1785,0,0,0,0,0,0,0,0,0,0,0,0,0,0,0,0,0,0,0,0,0
1786,0,0,0,0,0,0,0,0,0,0,0,0,0,0,0,0,0,0,0,0,0
1787,0,0,0,0,0,0,0,0,0,0,0,0,0,0,0,0,0,0,0,0,0
1788,0,0,0,0,0,0,0,0,0,0,0,0,0,0,0,0,0,0,0,0,0
1789,0,0,0,0,0,0,0,0,0,0,0,0,0,0,0,0,0,0,0,0,0
1790,0,0,0,0,0,0,0,0,0,0,0,0,0,0,0,0,0,0,0,0,0
1791,0,0,0,0,0,0,0,0,0,0,0,0,0,0,0,0,0,0,0,0,0
1792,0,0,0,0,0,0,0,0,0,0,0,0,0,0,0,0,0,0,0,0,0
1793,0,0,0,0,0,0,0,0,0,0,0,0,0,0,0,0,0,0,0,0,0
1794,0,0,0,1,1,0,0,0,0,1,1,1,0,0,0,0,0,1,1,0,0
1795,0,0,0,0,0,0,0,0,0,0,0,0,0,0,0,0,0,0,0,0,0
1796,0,0,0,0,0,0,0,0,0,0,0,0,0,0,0,0,0,0,0,0,0
1797,0,0,0,0,0,0,0,0,0,0,0,0,0,0,0,0,0,0,0,0,0
1798,0,0,0,0,0,0,0,0,0,0,0,0,0,0,0,0,0,0,0,0,0
1799,0,0,0,0,0,0,0,0,0,0,0,0,0,0,0,0,0,0,0,0,0
1800,0,0,0,0,0,0,0,0,0,0,0,0,0,0,0,0,0,0,0,0,0
1801,0,0,0,0,0,0,0,0,0,0,0,0,0,0,0,0,0,0,0,0,0
1802,0,0,0,0,0,0,0,0,0,0,0,0,0,0,0,0,0,0,0,0,0
1803,0,0,0,0,0,0,0,0,0,0,0,0,0,0,0,0,0,0,0,0,0
1804,0,0,0,0,0,0,0,0,0,0,0,0,0,0,0,0,0,0,0,0,0
1805,0,0,0,0,0,0,0,0,0,0,0,0,0,0,0,0,0,0,0,0,0
1806,0,0,0,0,0,0,0,1,1,1,1,1,1,1,1,1,1,1,1,1,1
1807,0,0,0,0,0,0,0,0,0,0,0,0,0,0,0,0,0,0,0,0,0
1808,0,0,0,0,0,0,0,0,0,0,0,0,0,0,0,0,0,0,0,0,0
1809,0,0,0,0,0,0,0,0,0,0,0,0,0,0,0,0,0,0,0,0,0
1810,0,0,0,0,0,0,0,0,0,0,0,0,0,0,0,0,0,0,0,0,0
1811,0,0,0,0,0,0,0,0,0,0,0,0,0,0,0,0,0,0,0,0,0
1812,0,0,0,0,0,0,0,0,0,0,0,0,0,0,0,0,0,0,0,0,0
1813,0,0,0,0,0,0,0,0,0,0,0,0,0,0,0,0,0,0,0,0,0
1814,0,0,0,0,0,0,0,0,0,0,0,0,0,0,0,0,0,0,0,0,0
1815,0,0,0,0,0,0,0,0,0,0,0,0,0,0,0,0,0,0,0,0,0
1816,0,0,0,0,0,0,0,0,0,0,0,0,0,0,0,0,0,0,0,0,0
1817,0,0,0,0,0,0,0,0,0,0,0,0,0,0,0,0,0,0,0,0,0
1818,2,1,1,1,1,1,1,1,1,1,1,1,1,1,1,1,1,1,1,1,1
1819,0,0,0,0,0,0,0,0,0,0,0,0,0,0,0,0,0,0,0,0,0
1820,1,1,0,0,0,0,0,0,0,0,0,0,0,0,0,0,0,0,0,0,0
1821,0,0,0,0,0,0,0,0,0,0,0,0,0,0,0,0,0,0,0,0,0
1822,8,10,12,10,9,7,7,10,11,13,10,9,7,7,10,11,12,10,8,8,8
1823,11,10,9,9,6,7,8,10,9,9,9,6,7,8,10,9,9,9,5,7,8
1824,10,10,9,8,8,7,8,9,9,8,8,7,7,7,8,8,7,7,6,6,7
1825,20,20,17,14,11,10,12,14,15,14,12,10,10,11,13,13,12,11,10,9,11
1826,1,2,2,1,1,1,2,2,2,2,2,1,1,2,2,2,2,2,2,2,2
1827,13,17,17,15,12,8,9,11,15,15,14,11,7,8,10,14,16,15,12,8,9
1828,1,1,1,1,1,1,1,1,1,1,1,1,1,1,1,1,1,1,1,1,1
1829,11,13,15,15,14,11,9,12,13,15,15,15,11,9,12,13,15,15,14,11,9
1830,23,25,27,26,24,23,24,28,31,31,29,26,24,24,28,31,32,30,27,25,26
1831,58,102,86,78,64,53,53,63,105,82,73,60,51,51,60,101,80,72,60,51,51
1832,20,19,18,15,12,12,12,14,15,16,15,13,11,10,13,16,18,17,15,14,15
1833,22,26,30,26,21,16,17,21,25,28,25,20,16,16,20,25,28,25,20,16,16
1834,11,15,15,15,11,10,10,12,16,15,15,11,10,10,12,15,14,14,10,10,9
1835,5,6,7,7,6,5,4,5,6,7,7,6,5,4,5,6,7,7,6,5,4
1836,3,4,5,4,5,4,3,3,4,5,4,5,4,3,3,4,5,4,5,4,3
1837,9,10,14,16,11,9,6,8,9,14,16,11,9,6,8,9,14,16,10,9,6
1838,21,25,22,20,18,16,16,18,23,21,19,17,15,16,18,23,20,19,17,15,15
1839,3,4,5,6,4,2,2,3,4,5,6,4,2,2,3,4,5,5,4,2,2
1840,1,1,1,1,1,1,1,1,1,1,1,1,1,1,1,1,1,1,1,1,1
1841,7,7,7,6,6,6,6,6,6,6,6,6,5,5,6,6,6,6,6,5,5
1842,5,5,4,4,3,3,4,4,4,4,3,3,3,3,4,4,3,3,3,3,3
1843,3,3,3,2,2,2,2,3,3,3,2,2,2,2,3,3,3,2,2,2,2
1844,0,0,0,0,0,0,0,0,0,0,0,0,0,0,0,0,0,0,0,0,0
1845,0,0,0,0,0,0,0,0,0,0,0,0,0,0,0,0,0,0,0,0,0
1846,2,2,2,2,1,1,2,2,2,2,2,1,1,2,2,2,2,2,1,1,1
1847,0,0,0,0,0,0,0,0,0,0,0,0,0,0,0,0,0,0,0,0,0
1848,2,2,2,2,1,1,1,2,2,2,2,1,1,1,2,2,2,2,1,1,1
1849,2,2,2,2,2,2,2,2,2,2,2,2,2,2,2,2,2,2,2,2,2
1850,1,1,1,1,1,1,1,1,1,1,1,1,1,1,1,1,1,1,1,1,1
1851,1,2,2,2,2,1,2,2,2,2,2,2,2,2,2,2,2,2,2,2,2
1852,2,2,1,1,1,1,1,1,1,1,1,1,1,1,1,1,1,1,1,1,1
1853,5,5,4,4,3,3,3,4,4,4,3,3,3,3,4,4,3,3,3,3,3
1854,0,0,0,0,0,0,0,0,0,0,0,0,0,0,0,0,0,0,0,0,0
1855,0,0,0,0,0,0,0,0,0,0,0,0,0,0,0,0,0,0,0,0,0
1856,0,0,0,0,0,0,0,0,0,0,0,0,0,0,0,0,0,0,0,0,0
1857,0,0,0,0,0,0,0,0,0,0,0,0,0,0,0,0,0,0,0,0,0
1858,6,7,7,7,6,4,3,4,5,6,7,6,4,3,4,5,6,6,6,4,3
1859,4,5,5,5,4,3,3,3,4,5,5,4,3,3,3,4,5,5,4,3,3
1860,7,8,8,7,8,8,7,7,8,7,7,8,8,7,7,7,7,7,8,8,7
1861,2,2,4,6,5,3,2,2,3,4,6,6,3,2,2,3,4,6,6,3,2
1862,3,4,4,3,3,2,2,3,4,3,3,3,2,2,2,4,3,3,3,2,2
1863,2,2,2,2,2,1,1,2,2,2,2,2,1,1,2,2,2,2,2,1,1
1864,0,0,0,0,0,0,0,0,0,0,0,0,0,0,0,0,0,0,0,0,0
1865,19,18,16,14,12,12,12,14,15,15,14,13,11,11,14,16,16,15,14,14,16
1866,1,1,1,1,1,1,1,1,1,1,1,1,1,0,1,0,1,1,1,1,0
1867,2,2,2,2,1,2,2,2,2,2,2,1,2,1,2,2,2,2,1,2,1
1868,4,5,5,5,5,4,4,5,5,5,5,5,4,4,5,5,5,5,4,4,4
1869,1,1,1,1,1,1,1,1,1,1,1,1,1,1,1,1,1,1,1,1,1
1870,0,0,0,0,0,0,0,0,0,0,0,0,0,0,0,0,0,0,0,0,0
1871,0,0,0,0,0,0,0,0,0,0,0,0,0,0,0,0,0,0,0,0,0
1872,1,1,0,0,0,0,0,1,1,0,0,0,0,0,1,1,0,0,0,0,0
1873,0,0,0,0,0,0,0,0,0,0,0,0,0,0,0,0,0,0,0,0,0
1874,0,0,0,0,0,0,0,0,0,0,0,0,0,0,0,0,0,0,0,0,0
1875,0,0,0,0,0,0,0,0,0,0,0,0,0,0,0,0,0,0,0,0,0
1876,0,0,0,0,0,0,0,0,0,0,0,0,0,0,0,0,0,0,0,0,0
1877,0,0,0,0,0,0,0,0,0,0,0,0,0,0,0,0,0,0,0,0,0
1878,0,0,0,0,0,0,0,0,0,0,0,0,0,0,0,0,0,0,0,0,0
1879,1,1,1,1,0,1,1,1,1,1,1,0,1,1,1,1,1,1,0,0,1
1880,0,0,0,0,0,0,0,0,0,0,0,0,0,0,0,0,0,0,0,0,0
1881,0,0,0,0,1,0,0,0,0,0,0,1,0,0,0,0,0,0,1,0,0
1882,0,0,0,0,0,0,0,0,0,0,0,0,0,0,0,0,0,0,0,0,0
1883,0,0,0,0,0,0,0,0,0,0,0,0,0,0,0,0,0,0,0,0,0
1884,0,0,0,0,0,0,0,0,0,0,0,0,0,0,0,0,0,0,0,0,0
1885,0,1,0,0,0,0,0,1,1,0,0,0,0,0,1,1,0,0,0,0,0
1886,0,0,0,0,0,0,0,0,0,0,0,0,0,0,0,0,0,0,0,0,0
1887,0,0,0,0,0,0,0,0,0,0,0,0,0,0,0,0,0,0,0,0,0
1888,0,0,0,0,0,0,0,0,0,0,0,0,0,0,0,0,0,0,0,0,0
1889,1,0,1,0,0,0,0,1,0,1,0,0,0,0,1,0,1,0,0,0,0
1890,0,0,0,0,0,0,0,0,0,0,0,0,0,0,0,0,0,0,0,0,0
1891,0,0,0,0,0,0,0,0,0,0,0,0,0,0,0,0,0,0,0,0,0
1892,11,12,12,12,12,11,10,11,12,12,12,12,11,9,11,12,12,12,12,11,9
1893,0,0,0,0,0,0,0,0,0,0,0,0,0,0,0,0,0,0,0,0,0
1894,43,47,51,49,44,35,36,44,51,51,49,42,35,35,38,40,40,38,31,24,23
1895,72,85,85,74,62,50,51,59,69,66,59,50,43,44,54,64,67,65,56,48,51
1896,3,3,6,7,7,5,3,3,3,6,7,7,5,3,3,3,6,7,7,5,3
1897,25,33,38,35,37,26,23,23,31,36,34,35,25,21,21,28,33,32,33,23,20
1898,1,1,1,1,1,1,1,1,1,1,1,1,0,1,1,1,1,1,1,1,1
1899,7,8,8,8,7,5,4,6,7,8,8,7,5,4,6,7,7,8,7,5,4
1900,2,2,3,4,3,2,1,2,2,3,4,3,2,1,2,2,3,4,3,2,1
1901,22,22,21,21,17,16,14,16,17,18,20,15,15,13,15,16,17,19,15,14,13
1902,22,25,27,26,23,17,13,16,21,24,24,21,15,11,14,17,21,21,18,13,9
1903,5,6,8,8,7,6,5,5,6,8,8,7,6,5,5,6,8,8,7,6,5
1904,3,5,5,4,4,3,3,4,5,5,5,4,3,4,4,5,5,4,4,3,4
1905,0,0,0,0,0,0,0,0,0,0,0,0,0,0,0,0,0,0,0,0,0
1906,0,0,0,0,0,0,0,0,0,0,0,0,0,0,0,0,0,0,0,0,0
1907,3,3,3,2,2,2,2,3,3,3,2,2,2,2,3,3,3,2,2,2,2
1908,1,1,1,1,1,1,1,1,1,1,1,1,1,1,1,1,1,1,1,1,1
1909,1,1,1,1,1,1,1,1,1,1,1,1,1,1,1,1,1,1,1,1,1
1910,1,0,1,0,0,0,1,1,0,1,0,0,0,0,1,0,1,0,0,0,0
1911,0,0,0,0,0,0,0,0,0,0,0,0,0,0,0,0,0,0,0,0,0
1912,0,0,0,0,0,0,0,0,0,0,0,0,0,0,0,0,0,0,0,0,0
1913,0,0,0,0,0,0,0,0,0,0,0,0,0,0,0,0,0,0,0,0,0
1914,0,0,0,0,0,0,0,0,0,0,0,0,0,0,0,0,0,0,0,0,0
1915,0,0,0,0,0,0,0,0,0,0,0,0,0,0,0,0,0,0,0,0,0
1916,0,0,0,0,0,0,0,0,0,0,0,0,0,0,0,0,0,0,0,0,0
1917,0,0,0,0,0,0,0,0,0,0,0,0,0,0,0,0,0,0,0,0,0
1918,0,0,0,0,0,0,0,0,0,0,0,0,0,0,0,0,0,0,0,0,0
1919,0,0,0,0,0,0,0,0,0,0,0,0,0,0,0,0,0,0,0,0,0
1920,0,0,0,0,0,0,0,0,0,0,0,0,0,0,0,0,0,0,0,0,0
1921,0,0,0,0,0,0,0,0,0,0,0,0,0,0,0,0,0,0,0,0,0
1922,0,0,0,0,0,0,0,0,0,0,0,0,0,0,0,0,0,0,0,0,0
1923,0,0,0,0,0,0,0,0,0,0,0,0,0,0,0,0,0,0,0,0,0
1924,0,0,0,0,0,0,0,0,0,0,0,0,0,0,0,0,0,0,0,0,0
1925,1,1,0,0,0,0,0,0,0,0,0,0,0,0,0,0,0,0,0,0,0
1926,1,1,1,1,1,1,1,1,1,1,1,1,1,1,1,1,1,1,1,1,1
1927,0,0,0,0,0,0,0,0,0,0,0,0,0,0,0,0,0,0,0,0,0
1928,0,0,0,0,0,0,0,0,0,0,0,0,0,0,0,0,0,0,0,0,0
1929,1,1,0,0,0,0,0,0,0,0,0,0,0,0,0,0,0,0,0,0,0
1930,0,0,0,0,0,0,0,0,0,0,0,0,0,0,0,0,0,0,0,0,0
1931,0,0,0,0,0,0,0,0,0,0,0,0,0,0,0,0,0,0,0,0,0
1932,1,1,1,1,1,1,1,1,1,1,1,1,1,1,1,1,1,1,1,1,1
1933,3,3,3,3,2,2,3,3,3,4,3,2,2,3,3,3,3,3,2,2,2
1934,3,3,4,3,3,3,3,4,4,4,3,3,3,3,4,3,3,3,3,3,3
1935,3,3,2,2,3,3,1,3,3,2,2,3,3,1,3,3,2,2,3,3,1
1936,0,0,0,0,0,0,0,0,0,0,0,0,0,0,0,0,0,0,0,0,0
1937,1,1,1,1,1,1,1,1,1,1,1,1,1,1,1,1,1,1,1,1,1
1938,30,30,30,27,25,25,26,30,31,30,27,25,25,27,30,29,28,25,22,23,25
1939,2,4,3,3,2,2,2,2,4,3,3,2,2,2,2,4,3,3,2,2,2
1940,62,73,81,77,68,60,64,76,87,87,78,69,61,65,78,83,84,74,61,55,64
1941,0,0,0,0,0,0,0,0,0,0,0,0,0,1,1,1,1,1,1,1,1
1942,2,1,1,0,0,0,0,1,0,0,0,0,0,0,0,0,0,0,0,0,0
1943,0,0,0,0,0,0,0,0,0,0,0,0,0,0,0,0,0,0,0,0,0
1944,0,0,0,0,0,0,0,0,0,0,0,0,0,0,0,0,0,0,0,0,0
1945,0,0,0,0,0,0,0,0,0,0,0,0,0,0,0,0,0,0,0,0,0
1946,7,7,6,5,4,4,4,5,6,5,5,4,3,4,5,5,5,4,4,3,3
1947,0,0,0,0,0,0,0,0,0,0,0,0,0,0,0,0,0,0,0,0,0
1948,29,30,31,31,28,25,25,29,30,31,31,28,25,25,29,30,31,31,28,25,25
1949,21,22,21,19,17,15,16,18,20,18,17,14,13,14,15,16,15,14,11,11,11
1950,5,6,5,5,4,4,5,5,6,5,5,4,4,5,5,6,5,5,4,4,5
1951,8,11,12,12,9,7,6,8,11,12,12,9,7,6,8,11,12,12,9,7,6
1952,25,25,22,19,18,17,19,22,24,22,21,18,17,18,22,23,22,20,18,17,20
1953,14,14,15,14,13,13,13,14,14,15,14,13,13,13,14,14,15,14,13,13,13
1954,11,13,14,14,11,9,9,11,13,14,14,11,9,9,11,13,14,14,11,9,9
1955,2,2,2,1,1,1,1,2,2,2,1,1,1,1,2,2,2,1,1,1,1
1956,0,1,0,0,0,0,0,1,1,0,0,0,0,0,1,1,0,0,0,0,0
1957,0,0,0,0,0,0,0,0,0,0,0,0,0,0,0,0,0,0,0,0,0
1958,0,0,0,0,0,0,0,0,0,0,0,0,0,0,0,0,0,0,0,0,0
1959,0,0,0,0,0,0,0,0,0,0,0,0,0,0,0,0,0,0,0,0,0
1960,0,0,0,0,0,0,0,0,0,0,0,0,0,0,0,0,0,0,0,0,0
1961,1,0,0,0,0,0,0,1,0,0,0,0,0,0,1,0,0,0,0,0,0
1962,0,0,0,0,0,0,0,0,0,0,0,0,0,0,0,0,0,0,0,0,0
1963,14,17,16,13,10,9,11,14,17,16,13,10,9,11,14,17,16,13,10,9,11
1964,44,45,49,38,35,32,33,44,45,49,38,35,32,33,44,45,49,38,35,32,33
1965,36,39,33,33,26,27,32,36,39,33,33,26,26,32,36,39,33,33,26,26,32
1966,1,1,2,1,1,1,1,1,1,2,1,1,1,1,1,1,2,1,1,1,1
1967,1,1,1,2,1,2,1,1,1,1,2,1,1,1,1,1,1,1,1,1,1
1968,6,5,5,5,4,4,4,5,5,5,4,4,4,4,4,4,4,4,4,3,4
1969,0,0,0,0,0,0,0,0,0,0,0,0,0,0,0,0,0,0,0,0,0
1970,0,0,0,0,1,0,0,0,0,0,0,1,0,0,0,0,0,0,1,0,0
1971,0,0,0,0,0,0,0,0,0,0,0,0,0,0,0,0,0,0,0,0,0
1972,13,15,16,15,13,9,7,9,12,15,15,12,8,7,9,13,16,15,12,9,8
1973,0,0,0,0,0,0,0,0,0,0,0,0,0,0,0,0,0,0,0,0,0
1974,0,0,0,0,0,0,0,0,0,0,0,0,0,0,0,0,0,0,0,0,0
1975,1,1,0,0,0,0,0,0,0,0,0,0,0,0,0,0,0,0,0,0,0
1976,6,7,7,6,5,5,5,6,7,7,6,5,5,5,6,7,7,6,5,5,5
1977,5,5,5,5,5,4,4,4,5,5,5,4,4,3,4,5,5,5,5,4,4
1978,3,4,4,4,3,2,2,3,4,4,4,3,2,2,3,4,4,4,3,2,2
1979,4,4,4,3,3,3,3,4,4,4,3,3,3,3,3,3,3,3,3,3,3
1980,0,1,1,1,1,0,0,0,1,1,1,1,0,0,0,1,1,1,1,0,0
1981,5,6,6,5,5,5,5,6,7,6,6,5,5,5,6,6,6,5,5,5,5
1982,30,31,30,27,25,23,27,32,37,37,33,30,27,30,36,40,40,36,33,33,41
1983,3,3,3,3,2,2,2,3,3,3,3,2,2,2,3,3,3,3,2,2,2
1984,0,0,0,0,0,0,0,0,0,0,0,0,0,0,0,0,0,0,0,0,0
1985,1,1,1,1,1,1,0,1,1,1,1,1,1,0,1,1,1,1,1,1,0
1986,0,0,0,0,0,0,0,0,0,0,0,0,0,0,0,0,0,0,0,0,0
1987,0,0,0,0,0,0,0,0,0,0,0,0,0,0,0,0,0,0,0,0,0
1988,10,10,10,10,9,8,8,9,9,10,10,9,8,7,8,9,9,9,8,7,7
1989,1,2,2,1,1,1,1,1,2,2,1,1,1,1,1,2,2,1,1,1,1
1990,2,3,3,3,3,2,2,2,3,3,3,3,2,2,2,3,3,3,3,2,2
1991,10,10,11,10,10,9,8,10,10,11,10,10,9,8,10,10,11,10,10,9,8
1992,1,1,1,1,1,1,1,1,1,1,1,1,1,1,1,1,1,1,1,1,1
1993,7,7,6,6,5,5,5,6,6,6,5,5,4,4,5,6,6,5,5,4,4
1994,0,0,0,0,0,0,0,0,0,0,0,0,0,0,0,0,0,0,0,0,0
1995,0,0,0,0,0,0,0,0,0,0,0,0,0,0,0,0,0,0,0,0,0
1996,3,3,2,2,2,2,2,2,2,2,2,2,2,2,2,2,2,2,2,2,2
1997,5,3,3,3,3,2,4,5,3,4,3,3,2,4,5,3,3,3,3,2,4
1998,8,5,3,2,2,2,2,2,2,2,2,2,2,2,1,1,1,1,1,1,1
1999,1,1,1,0,0,0,0,0,0,0,0,0,0,0,0,0,0,0,0,0,0
2000,8,9,10,9,8,8,8,9,10,10,9,8,7,8,8,9,9,9,8,7,8
2001,0,0,0,0,0,0,0,0,0,0,0,0,0,0,0,0,0,0,0,0,0
2002,2,1,2,2,1,1,1,2,1,2,2,1,1,1,2,1,2,2,1,1,1
2003,70,90,112,115,107,80,63,59,78,98,105,100,75,58,55,75,99,107,102,78,64
2004,15,16,16,15,12,11,10,12,14,16,14,12,11,10,12,13,14,13,10,9,8
2005,4,4,4,4,4,3,3,4,4,4,4,4,3,3,3,3,4,4,3,3,3
2006,39,41,46,47,46,39,37,40,45,50,51,49,42,40,43,44,48,47,44,37,36
2007,0,0,0,0,0,0,0,0,0,0,0,0,0,0,0,0,0,0,0,0,0
2008,8,9,8,7,7,7,6,7,8,8,7,7,7,6,7,8,7,7,6,6,6
2009,6,6,5,6,5,6,5,6,6,5,6,5,6,5,6,6,5,6,5,6,5
2010,0,0,0,0,0,0,0,0,0,0,0,0,0,0,0,0,0,0,0,0,0
2011,0,1,1,1,1,1,1,0,1,1,1,1,1,1,0,1,1,1,1,1,1
2012,1,1,1,1,1,1,1,1,1,1,1,1,1,1,1,1,1,1,1,1,1
2013,1,1,1,1,1,1,1,1,1,1,1,1,1,1,1,1,1,1,1,1,1
2014,2,2,1,1,1,1,1,1,1,1,1,1,1,1,1,1,1,1,1,1,1
2015,0,0,0,1,1,0,0,0,0,0,1,1,0,0,0,0,0,1,1,0,0
2016,0,0,0,0,0,0,0,0,0,0,0,0,0,0,0,0,0,0,0,0,0
2017,2,1,1,1,1,1,1,1,1,1,1,1,1,1,1,1,1,1,1,1,1
2018,0,0,0,0,0,0,0,0,0,0,0,0,0,0,0,0,0,0,0,0,0
2019,0,0,0,0,0,0,0,0,0,0,0,0,0,0,0,0,0,0,0,0,0
2020,0,0,0,0,0,0,0,0,0,0,0,0,0,0,0,0,0,0,0,0,0
2021,0,0,0,0,0,0,0,0,0,0,0,0,0,0,0,0,0,0,0,0,0
2022,0,0,0,0,0,0,0,0,0,0,0,0,0,0,0,0,0,0,0,0,0
2023,0,0,0,0,0,0,0,0,0,0,0,0,0,0,0,0,0,0,0,0,0
2024,0,0,0,0,0,0,0,0,0,0,0,0,0,0,0,0,0,0,0,0,0
2025,0,0,0,0,0,0,0,0,0,0,0,0,0,0,0,0,0,0,0,0,0
2026,0,0,0,0,0,0,0,0,0,0,0,0,0,0,0,0,0,0,0,0,0
2027,1,1,2,2,1,1,1,2,2,2,2,1,1,1,2,1,2,1,1,1,1
2028,42,46,47,43,37,33,33,39,44,44,41,36,33,34,37,37,37,35,30,27,30
2029,0,0,0,0,0,0,0,0,0,0,0,0,0,0,0,0,0,0,0,0,0
2030,1,1,1,1,1,1,1,1,1,1,1,1,1,0,1,1,1,1,1,1,1
2031,8,10,12,12,11,10,10,11,12,13,12,12,10,11,11,11,13,12,11,10,10
2032,15,16,18,16,13,11,10,15,16,18,16,13,11,10,15,16,18,16,13,11,10
2033,62,67,67,67,59,53,52,62,67,67,67,59,53,52,62,67,67,67,59,53,52
2034,0,0,0,0,0,0,0,0,0,0,0,0,0,0,0,0,0,0,0,0,0
2035,0,0,0,0,0,0,0,0,0,0,0,0,0,0,0,0,0,0,0,0,0
2036,2,2,1,1,1,1,1,2,2,1,1,1,1,1,2,2,1,1,1,1,1
2037,2,2,2,2,1,1,1,2,2,2,2,1,1,1,2,2,2,2,1,1,1
2038,15,14,12,10,9,8,9,10,10,9,8,6,6,6,7,7,7,6,5,5,5
2039,0,0,0,0,0,0,0,0,0,0,0,0,0,0,0,0,0,0,0,0,0
2040,0,0,1,1,1,0,0,0,1,1,1,1,0,0,0,1,1,1,1,0,0
2041,2,2,2,2,2,2,2,2,2,2,2,2,2,2,2,2,2,2,2,2,2
2042,0,1,1,0,0,0,0,0,1,1,0,0,0,0,0,1,1,0,0,0,0
2043,1,1,1,1,1,1,1,1,1,1,1,1,1,1,1,1,1,1,1,1,1
2044,2,2,2,2,2,1,1,2,2,2,2,2,1,1,2,2,2,2,2,1,1
2045,1,1,1,1,1,1,1,1,1,1,1,1,1,1,1,1,1,1,1,1,1
2046,0,0,0,0,0,0,0,0,0,0,0,0,0,0,0,0,0,0,0,0,0
2047,29,30,28,26,22,19,20,22,24,23,22,19,17,17,19,21,20,20,17,15,15
2048,1,1,1,1,1,1,1,1,1,1,1,1,1,1,1,1,1,1,1,1,1
2049,1,1,2,1,1,1,1,2,2,2,2,1,1,1,2,2,2,1,1,1,1
2050,3,3,3,3,2,2,2,3,3,3,3,2,2,2,2,3,3,2,2,2,2
2051,1,2,2,1,1,1,1,1,2,2,1,1,1,1,1,2,2,1,1,1,1
2052,1,1,1,1,1,1,1,1,1,1,1,1,1,1,1,1,1,1,1,1,1
2053,0,0,0,0,0,0,0,0,0,0,0,0,0,0,0,0,0,0,0,0,0
2054,0,0,0,0,0,0,0,0,0,0,0,0,0,0,0,0,0,0,0,0,0
2055,0,0,0,0,0,0,0,0,0,0,0,0,0,0,0,0,0,0,0,0,0
2056,0,0,0,0,0,0,0,0,0,0,0,0,0,0,0,0,0,0,0,0,0
2057,8,9,9,8,7,6,6,7,9,8,8,6,6,6,7,8,8,7,6,5,6
2058,9,9,9,8,7,7,7,8,8,8,8,7,6,7,8,8,8,8,7,6,6
2059,17,18,16,14,13,12,12,15,17,16,14,12,11,12,14,15,14,12,10,10,10
2060,124,177,190,195,166,144,117,124,177,190,195,166,144,117,124,177,190,195,166,144,117
2061,0,0,0,0,0,0,0,0,0,0,0,0,0,0,0,0,0,0,0,0,0
2062,0,0,0,0,0,0,0,0,0,0,0,0,0,0,0,0,0,0,0,0,0
2063,25,29,32,32,30,30,25,25,29,32,32,30,30,25,25,29,32,32,30,30,25
2064,37,37,35,33,30,29,30,34,36,34,31,28,27,30,34,32,29,26,24,24,26
2065,2,3,3,2,2,2,2,2,3,3,2,2,2,2,2,3,3,2,2,2,2
2066,26,23,19,16,14,12,12,14,15,15,14,12,11,11,13,14,14,13,11,10,10
2067,10,13,15,15,13,11,11,15,17,18,16,13,10,10,13,14,13,12,9,7,7
2068,6,6,5,4,3,3,3,5,5,4,4,3,3,3,5,5,4,4,3,3,3
2069,10,10,12,13,12,12,12,13,12,13,12,11,11,11,11,10,10,10,9,9,9
2070,1,1,1,1,1,1,1,1,1,1,1,1,1,1,1,1,1,1,1,1,1
2071,30,28,25,24,23,21,23,26,28,26,24,23,22,24,26,26,24,23,22,20,22
2072,22,22,20,17,17,17,17,20,20,19,17,16,15,16,18,19,17,15,15,15,15
2073,21,21,20,23,25,24,25,28,28,25,26,25,24,26,27,25,21,22,22,22,24
2074,0,0,0,0,0,0,0,0,0,0,0,0,0,0,0,0,0,0,0,0,0
2075,1,1,1,1,1,1,1,1,1,1,1,1,1,1,1,1,1,1,1,1,1
2076,0,0,0,0,0,0,0,0,0,0,0,0,0,0,0,0,0,0,0,0,0
2077,2,2,2,2,1,1,1,2,2,2,2,1,1,1,2,2,2,2,1,1,1
2078,0,0,0,0,0,0,0,0,0,0,0,0,0,0,0,0,0,0,0,0,0
2079,1,1,1,1,1,1,1,1,1,1,1,1,1,1,1,1,1,1,1,1,1
2080,0,0,0,0,0,0,0,0,0,0,0,0,0,0,0,0,0,0,0,0,0
2081,0,0,0,0,0,0,0,0,0,0,0,0,0,0,0,0,0,0,0,0,0
2082,0,0,0,0,0,0,0,0,0,0,0,0,0,0,0,0,0,0,0,0,0
2083,0,0,0,0,0,0,0,0,0,0,0,0,0,0,0,0,0,0,0,0,0
2084,0,0,0,0,0,0,0,0,0,0,0,0,0,0,0,0,0,0,0,0,0
2085,0,0,0,0,0,0,0,0,0,0,0,0,0,0,0,0,0,0,0,0,0
2086,0,0,0,0,0,0,0,0,0,0,0,0,0,0,0,0,0,0,0,0,0
2087,0,0,0,0,0,0,0,0,0,0,0,0,0,0,0,0,0,0,0,0,0
2088,0,0,0,1,1,1,0,0,0,0,1,1,1,0,0,0,0,1,1,1,0
2089,0,0,0,0,0,0,0,0,0,0,0,0,0,0,0,0,0,0,0,0,0
2090,0,0,0,0,0,0,0,0,0,0,0,0,0,0,0,0,0,0,0,0,0
2091,0,0,0,0,0,0,0,0,0,0,0,0,0,0,0,0,0,0,0,0,0
2092,0,0,0,0,0,0,0,0,0,0,0,0,0,0,0,0,0,0,0,0,0
2093,0,0,0,0,0,0,0,0,0,0,0,0,0,0,0,0,0,0,0,0,0
2094,5,6,6,5,5,4,4,5,6,6,5,5,4,4,5,6,6,5,5,4,4
2095,1,1,1,1,1,1,1,1,1,1,1,1,1,1,1,1,1,1,1,1,1
2096,4,4,3,3,3,2,3,4,4,3,3,3,2,3,4,4,3,3,3,3,3
2097,3,4,4,4,3,2,3,4,4,5,4,3,3,3,4,4,4,4,3,3,3
2098,0,0,0,0,0,0,0,0,0,0,0,0,0,0,0,0,0,0,0,0,0
2099,0,0,0,0,0,0,0,0,0,0,0,0,0,0,0,0,0,0,0,0,0
2100,1,1,1,0,0,0,1,1,1,1,0,0,0,0,1,1,1,0,0,0,1
2101,0,0,0,0,0,0,0,0,0,0,0,0,0,0,0,0,0,0,0,0,0
2102,0,0,0,0,0,0,0,0,0,0,0,0,0,0,0,0,0,0,0,0,0
2103,0,0,0,0,0,0,0,0,0,0,0,0,0,0,0,0,0,0,0,0,0
2104,0,0,0,0,0,0,0,0,0,0,0,0,0,0,0,0,0,0,0,0,0
2105,0,0,0,0,0,0,0,0,0,0,0,0,0,0,0,0,0,0,0,0,0
2106,0,0,0,0,0,0,0,0,0,0,0,0,0,0,0,0,0,0,0,0,0
2107,0,0,0,0,0,0,0,0,0,0,0,0,0,0,0,0,0,0,0,0,0
2108,0,0,0,0,0,0,0,0,0,0,0,0,0,0,0,0,0,0,0,0,0
2109,0,0,0,0,0,0,0,0,0,0,0,0,0,0,0,0,0,0,0,0,0
2110,20,18,18,18,19,17,16,17,17,17,17,17,16,15,15,15,15,16,16,16,15
2111,9,9,9,8,7,6,5,7,8,8,8,7,6,5,7,7,8,7,7,5,5
2112,0,0,0,0,0,0,0,0,0,0,0,0,0,0,0,0,0,0,0,0,0
2113,0,0,0,0,0,0,0,0,0,0,0,0,0,0,0,0,0,0,0,0,0
2114,1,1,1,0,1,1,0,1,1,1,1,1,1,1,1,1,1,1,1,1,1
2115,3,3,3,2,2,2,2,2,2,2,2,2,2,2,2,2,2,2,2,2,2
2116,0,0,0,0,0,0,0,0,0,0,0,0,0,0,0,0,0,0,0,0,0
2117,0,0,0,0,0,0,0,0,0,0,0,0,0,0,0,0,0,0,0,0,0
2118,0,0,0,0,0,0,0,0,0,0,0,0,0,0,0,0,0,0,0,0,0
2119,0,0,0,0,0,0,0,0,0,0,0,0,0,0,0,0,0,0,0,0,0
2120,2,2,2,3,3,3,4,4,4,4,4,4,5,5,5,5,5,5,5,5,5
2121,0,0,0,0,0,0,0,0,0,0,0,0,0,0,0,0,0,0,0,0,0
2122,0,0,0,0,0,0,0,0,0,0,0,0,0,0,0,0,0,0,0,0,0
2123,0,0,0,0,0,0,0,0,0,0,0,0,0,0,0,0,0,0,0,0,0
2124,0,0,0,0,0,0,0,0,0,0,0,0,0,0,0,0,0,0,0,0,0
2125,0,0,0,0,0,0,0,0,0,0,0,0,0,0,0,0,0,0,0,0,0
2126,1,1,1,1,1,1,1,1,1,1,1,1,1,1,1,1,1,1,1,1,1
2127,20,20,17,15,14,12,13,15,16,16,14,13,12,13,15,16,15,14,13,11,12
2128,10,10,9,8,7,7,7,8,9,8,8,7,6,7,7,8,7,7,6,6,6
2129,3,3,3,3,3,2,2,3,3,3,3,3,2,2,3,3,3,3,3,2,2
2130,1,1,1,1,1,1,1,1,1,1,1,1,1,1,1,1,1,1,1,1,1
2131,0,0,0,0,0,0,0,0,0,0,0,0,0,0,0,0,0,0,0,0,0
2132,0,0,0,0,0,0,0,0,0,0,0,0,0,0,0,0,0,0,0,0,0
2133,396,391,378,347,285,254,270,314,348,345,327,279,256,270,340,381,414,402,358,325,357
2134,8,9,8,8,6,5,5,8,9,8,8,6,5,5,8,9,8,8,6,5,5
2135,1,1,1,1,1,1,1,1,1,1,1,1,1,1,1,1,1,1,1,1,1
2136,5,5,5,5,4,4,4,6,6,6,5,4,4,4,5,5,5,4,4,3,4
2137,2,2,3,2,1,1,1,2,2,3,2,1,1,1,2,2,3,2,1,1,1
2138,0,0,0,0,0,0,0,0,0,0,0,0,0,0,0,0,0,0,0,0,0
2139,8,8,6,6,5,5,5,6,6,6,5,4,4,4,4,5,4,4,3,3,4
2140,1,0,0,0,0,0,1,1,0,0,0,0,0,1,1,0,0,0,0,0,1
2141,0,0,0,0,0,0,0,0,0,0,0,0,0,0,0,0,0,0,0,0,0
2142,0,0,0,0,0,0,0,0,0,0,0,0,0,0,0,0,0,0,0,0,0
2143,2,2,2,2,1,1,1,1,1,1,1,1,1,1,1,1,1,1,1,1,1
2144,0,0,0,0,0,0,0,0,0,0,0,0,0,0,0,0,0,0,0,0,0
2145,1,1,1,1,1,0,0,0,0,0,0,0,0,0,0,0,0,0,0,0,0
2146,0,0,0,0,0,0,0,0,0,0,0,0,0,0,0,0,0,0,0,0,0
2147,2,3,2,3,1,2,2,2,3,2,3,1,2,2,2,3,2,3,1,2,2
2148,3,2,2,2,2,1,1,2,1,2,1,1,1,1,2,1,1,1,1,1,1
2149,0,0,0,0,0,0,0,0,0,0,0,0,0,0,0,0,0,0,0,0,0
2150,1,2,1,1,1,1,1,1,2,1,1,1,1,1,1,2,1,1,1,1,1
2151,0,0,0,0,0,0,0,0,0,0,0,0,0,0,0,0,0,0,0,0,0
2152,0,0,0,0,0,0,0,0,0,0,0,0,0,0,0,0,0,0,0,0,0
2153,0,0,0,0,0,0,0,0,0,0,0,0,0,0,0,0,0,0,0,0,0
2154,0,0,0,0,0,0,0,0,0,0,0,0,0,0,0,0,0,0,0,0,0
2155,0,0,0,0,0,0,0,0,0,0,0,0,0,0,0,0,0,0,0,0,0
2156,0,0,0,0,0,0,0,0,0,0,0,0,0,0,0,0,0,0,0,0,0
2157,0,0,0,0,0,0,0,0,0,0,0,0,0,0,0,0,0,0,0,0,0
2158,0,0,0,0,0,0,0,0,0,0,0,0,0,0,0,0,0,0,0,0,0
2159,1,1,1,1,1,1,1,1,1,1,1,1,1,1,1,1,1,1,1,1,1
2160,0,0,0,0,0,0,0,0,0,0,0,0,0,0,0,0,0,0,0,0,0
2161,0,0,0,0,0,0,0,0,0,0,0,0,0,0,0,0,0,0,0,0,0
2162,0,0,0,0,0,0,0,0,0,0,0,0,0,0,0,0,0,0,0,0,0
2163,0,0,0,0,0,0,0,0,0,0,0,0,0,0,0,0,0,0,0,0,0
2164,0,0,0,0,0,0,0,0,0,0,0,0,0,0,0,0,0,0,0,0,0
2165,0,0,0,0,0,0,0,0,0,0,0,0,0,0,0,0,0,0,0,0,0
2166,0,0,0,0,0,0,0,0,0,0,0,0,0,0,0,0,0,0,0,0,0
2167,0,0,0,0,0,0,0,0,0,0,0,0,0,0,0,0,0,0,0,0,0
2168,0,0,0,0,0,0,0,0,0,0,0,0,0,0,0,0,0,0,0,0,0
2169,1,1,1,1,1,1,1,1,1,1,1,1,1,1,1,1,1,1,1,1,1
2170,2,2,2,2,1,1,2,2,2,2,2,1,1,2,2,2,2,2,1,1,2
2171,73,76,77,69,67,60,63,73,76,78,69,67,60,63,73,76,78,69,67,60,63
2172,4,5,4,4,4,3,3,4,5,4,4,4,3,3,4,5,4,4,4,3,3
2173,1,1,1,1,1,1,1,1,1,1,1,1,1,1,1,1,1,1,1,1,1
2174,3,3,4,4,3,3,3,4,4,4,3,3,2,3,3,3,2,2,2,2,2
2175,4,3,3,3,3,3,3,3,3,3,3,3,2,2,2,2,2,2,2,2,2
2176,0,0,0,0,0,0,0,0,0,0,0,0,0,0,0,0,0,0,0,0,0
2177,1,1,1,1,1,1,1,1,1,1,1,1,1,1,1,1,1,1,1,1,1
2178,0,0,0,0,0,0,0,0,0,0,0,0,0,0,0,0,0,0,0,0,0
2179,0,0,0,0,0,0,0,0,0,0,0,0,0,0,0,0,0,0,0,0,0
2180,2,2,2,2,2,2,2,2,2,2,2,2,2,2,2,2,2,2,2,2,2
2181,1,1,1,1,1,1,1,1,1,1,1,1,1,1,1,1,1,1,1,1,1
2182,5,5,4,3,3,4,4,4,5,4,3,3,4,4,4,4,4,3,3,3,4
2183,5,5,5,4,4,4,5,5,5,5,4,4,4,5,5,5,5,4,4,4,5
2184,1,1,1,0,0,0,0,1,1,1,0,0,0,0,1,1,1,0,0,0,0
2185,1,1,1,0,0,0,0,0,0,0,0,0,0,0,0,0,0,0,0,0,0
2186,15,15,14,13,12,13,13,15,15,14,13,13,14,15,15,14,13,12,12,13,14
2187,1,1,1,1,1,1,1,1,1,1,1,1,1,1,1,1,1,1,1,1,1
2188,10,9,8,6,7,8,8,10,9,8,6,7,8,8,10,9,8,6,7,8,8
2189,0,0,0,0,0,0,0,0,0,0,0,0,0,0,0,0,0,0,0,0,0
2190,0,0,0,0,0,0,0,0,0,0,0,0,0,0,0,0,0,0,0,0,0
2191,0,0,0,0,0,0,0,0,0,0,0,0,0,0,0,0,0,0,0,0,0
2192,0,0,0,0,0,1,1,1,1,1,1,1,1,1,1,1,1,1,1,1,1
2193,0,0,0,0,0,0,0,0,0,0,0,0,0,0,0,0,0,0,0,0,0
2194,0,0,0,0,0,0,0,0,0,0,0,0,0,0,0,0,0,0,0,0,0
2195,0,0,0,0,0,0,0,0,0,0,0,0,0,0,0,0,0,0,0,0,0
2196,0,0,0,0,0,0,0,0,0,0,0,0,0,0,0,0,0,0,0,0,0
2197,0,0,0,0,0,0,0,0,0,0,0,0,0,0,0,0,0,0,0,0,0
2198,0,0,0,0,0,0,0,0,0,0,0,0,0,0,0,0,0,0,0,0,0
2199,1,1,1,1,1,1,1,1,1,1,1,1,1,1,1,1,1,1,1,1,1
2200,0,0,0,0,0,0,0,0,0,0,0,0,0,0,0,0,0,0,0,0,0
2201,0,0,0,0,0,0,0,0,0,0,0,0,0,0,0,0,0,0,0,0,0
2202,0,0,0,0,0,0,0,0,0,0,0,0,0,0,0,0,0,0,0,0,0
2203,0,0,0,0,0,0,0,0,0,0,0,0,0,0,0,0,0,0,0,0,0
2204,0,0,0,0,0,0,0,0,0,0,0,0,0,0,0,0,0,0,0,0,0
2205,0,0,0,0,0,0,0,0,0,0,0,0,0,0,0,0,0,0,0,0,0
2206,0,0,0,0,0,0,0,0,0,0,0,0,0,0,0,0,0,0,0,0,0
2207,0,0,0,0,0,0,0,0,0,0,0,0,0,0,0,0,0,0,0,0,0
2208,0,0,0,0,0,0,0,0,0,0,0,0,0,0,0,0,0,0,0,0,0
2209,0,0,0,0,0,0,0,0,0,0,0,0,0,0,0,0,0,0,0,0,0
2210,1,1,1,1,1,1,1,1,1,1,1,1,1,1,1,1,1,1,1,1,1
2211,0,0,0,0,0,0,0,0,0,0,0,0,0,0,0,0,0,0,0,0,0
2212,0,0,0,0,0,0,0,0,0,0,0,0,0,0,0,0,0,0,0,0,0
2213,0,0,0,0,0,0,0,0,0,0,0,0,0,0,0,0,0,0,0,0,0
2214,0,0,0,0,0,0,0,0,0,0,0,0,0,0,0,0,0,0,0,0,0
2215,0,0,0,0,0,0,0,0,0,0,0,0,0,0,0,0,0,0,0,0,0
2216,0,0,0,0,0,0,0,0,0,0,0,0,0,0,0,0,0,0,0,0,0
2217,13,13,11,10,9,9,10,11,12,11,10,9,9,9,11,10,10,9,8,8,9
2218,0,0,0,0,0,0,0,0,0,0,0,0,0,0,0,0,0,0,0,0,0
2219,0,0,0,0,0,0,0,0,0,0,0,0,0,0,0,0,0,0,0,0,0
2220,0,0,0,0,0,0,0,0,0,0,0,0,0,0,0,0,0,0,0,0,0
2221,1,2,2,2,2,1,1,1,2,2,2,2,2,1,2,2,2,2,2,2,1
2222,78,56,53,50,55,72,72,78,56,52,50,54,72,72,78,55,51,49,53,71,70
2223,4,4,4,4,4,4,4,4,4,4,4,4,4,4,4,4,4,4,4,3,4
2224,1,1,1,1,1,1,1,1,1,1,1,1,1,1,1,1,1,1,1,1,1
2225,1,1,1,1,1,0,1,1,1,1,0,0,0,1,1,1,1,0,0,0,1
2226,0,0,0,0,0,0,0,0,0,0,0,0,0,0,0,0,0,0,0,0,0
2227,0,0,0,0,0,0,0,0,0,0,0,0,0,0,0,0,0,0,0,0,0
2228,0,0,0,0,0,0,0,0,0,0,0,0,0,0,0,0,0,0,0,0,0
2229,0,0,0,0,0,0,0,0,0,0,0,0,0,0,0,0,0,0,0,0,0
2230,2,2,2,2,2,2,2,2,2,2,2,2,2,2,2,2,2,2,2,2,2
2231,0,0,0,0,0,0,0,0,0,0,0,0,0,0,0,0,0,0,0,0,0
2232,0,0,0,0,0,0,0,0,0,0,0,0,0,0,0,0,0,0,0,0,0
2233,2,2,2,2,2,1,1,2,2,2,2,2,1,1,2,2,2,2,2,1,2
2234,0,0,0,0,0,0,0,0,0,0,0,0,0,0,0,0,0,0,0,0,0
2235,9,8,7,7,6,6,5,6,7,7,7,6,6,5,6,7,7,7,6,5,5
2236,0,0,0,0,0,0,0,0,0,0,0,0,0,0,0,0,0,0,0,0,0
2237,3,4,3,3,3,2,3,3,4,3,3,3,2,3,3,4,3,3,3,2,3
2238,3,4,4,4,3,3,3,3,4,4,4,3,3,3,3,4,4,3,3,3,3
2239,5,6,6,6,5,4,4,5,6,6,6,5,4,4,4,5,5,6,4,4,4
2240,0,0,0,0,0,0,0,0,0,0,0,0,0,0,0,0,0,0,0,0,0
2241,0,0,0,0,0,0,0,0,0,0,0,0,0,0,0,0,0,0,0,0,0
2242,33,36,37,31,27,25,27,33,35,34,30,27,25,27,31,30,30,26,23,22,24
2243,19,23,24,24,21,18,16,19,22,24,24,21,18,16,19,22,23,23,21,18,16
2244,7,6,6,5,5,5,5,5,5,5,5,4,4,4,5,5,5,4,4,4,4
2245,13,12,10,8,8,7,8,9,9,9,8,7,7,7,8,7,7,7,6,6,7
2246,0,1,0,0,0,0,0,0,1,0,0,0,0,0,0,1,0,0,0,0,0
2247,0,0,0,0,0,0,0,0,0,0,0,0,0,0,0,0,0,0,0,0,0
2248,11,12,12,11,10,9,9,10,11,12,11,10,9,9,10,11,11,10,9,8,9
2249,0,0,0,0,0,0,0,0,0,0,0,0,0,0,0,0,0,0,0,0,0
2250,4,3,3,3,3,2,2,2,3,2,3,3,2,2,2,2,2,2,3,2,2
2251,0,0,0,0,0,0,0,0,0,0,0,0,0,0,0,0,0,0,0,0,0
2252,0,0,0,0,0,0,0,0,0,0,0,0,0,0,0,0,0,0,0,0,0
2253,2,2,1,1,1,1,1,1,1,2,2,1,1,1,2,2,2,1,1,1,1
2254,4,4,3,3,4,3,4,4,4,3,3,4,3,4,4,4,3,3,4,3,4
2255,5,5,5,4,4,4,4,5,5,4,4,3,3,3,4,4,4,3,3,3,3
2256,9,9,8,7,6,5,6,7,8,8,7,6,5,6,7,8,7,6,5,5,6
2257,0,0,0,0,0,0,0,0,0,0,0,0,0,0,0,0,0,0,0,0,0
2258,1,1,1,1,1,1,1,1,1,1,1,1,1,1,1,1,1,1,1,1,1
2259,1,1,1,1,1,1,1,1,1,1,1,1,1,1,1,1,1,1,1,1,1
2260,2,3,3,4,4,3,3,4,5,5,5,4,4,4,4,5,5,4,4,4,4
2261,0,0,0,0,0,0,0,0,0,0,0,0,0,0,0,0,0,0,0,0,0
2262,1,1,1,1,1,1,1,1,1,1,1,1,1,1,1,1,1,1,1,1,1
2263,0,0,0,0,0,0,0,0,0,0,0,0,0,0,0,0,0,0,0,0,0
2264,2,2,2,2,1,1,1,2,2,2,2,1,1,1,2,2,2,2,1,1,1
2265,3,3,3,3,2,2,2,2,2,2,2,2,2,2,2,2,2,2,2,2,2
2266,0,0,0,0,0,0,0,0,0,0,0,0,0,0,0,0,0,0,0,0,0
2267,0,0,0,0,0,0,0,0,0,0,0,0,0,0,0,0,0,0,0,0,0
2268,0,0,0,0,0,0,0,0,0,0,0,0,0,0,0,0,0,0,0,0,0
2269,0,0,0,0,0,0,0,0,0,0,0,0,0,0,0,0,0,0,0,0,0
2270,0,0,0,0,0,0,0,0,0,0,0,0,0,0,0,0,0,0,0,0,0
2271,0,0,0,0,0,0,0,0,0,0,0,0,0,0,0,0,0,0,0,0,0
2272,0,0,0,0,0,0,0,0,0,0,0,0,0,0,0,0,0,0,0,0,0
2273,0,0,0,0,0,0,0,0,0,0,0,0,0,0,0,0,0,0,0,0,0
2274,1,1,1,1,1,1,1,1,1,1,1,1,1,1,1,1,1,1,1,1,1
2275,0,0,0,0,0,0,0,0,0,0,0,0,0,0,0,0,0,0,0,0,0
2276,1,2,2,2,1,1,1,1,2,2,2,1,1,1,1,2,2,2,1,1,1
2277,4,4,4,4,4,3,3,4,4,5,4,4,3,3,4,4,4,4,3,3,3
2278,5,5,5,4,3,3,3,4,4,4,3,3,3,3,4,4,4,3,3,3,3
2279,4,4,4,3,3,3,3,4,4,4,3,3,3,3,4,4,4,3,3,3,3
2280,2,2,2,2,2,2,2,2,2,2,2,2,2,2,2,2,2,2,2,2,2
2281,0,0,0,0,0,0,0,0,0,0,0,0,0,0,0,0,0,0,0,0,0
2282,3,3,4,3,3,3,3,3,3,4,4,3,3,3,3,3,4,3,3,3,3
2283,1,1,1,1,1,1,1,1,1,1,1,1,1,1,1,1,1,1,1,1,1
2284,9,9,8,8,7,6,6,7,8,8,8,6,6,5,6,7,7,7,6,5,5
2285,0,0,0,0,0,0,0,0,0,0,0,0,0,0,0,0,0,0,0,0,0
2286,1,1,1,1,1,1,1,1,1,1,1,1,0,0,1,1,1,1,1,0,0
2287,0,0,0,0,0,0,0,0,0,0,0,0,0,0,0,0,0,0,0,0,0
2288,0,1,1,1,0,0,0,0,1,1,1,0,0,0,0,1,1,1,0,0,0
2289,1,1,1,1,1,1,1,1,1,1,1,1,1,1,1,1,1,1,1,1,1
2290,0,0,0,0,0,0,0,0,0,0,0,0,0,0,0,0,0,0,0,0,0
2291,0,0,0,0,0,0,0,0,0,0,0,0,0,0,0,0,0,0,0,0,0
2292,0,0,0,0,0,0,0,0,0,0,0,0,0,0,0,0,0,0,0,0,0
2293,0,0,0,0,0,0,0,0,0,0,0,0,0,0,0,0,0,0,0,0,0
2294,4,6,6,7,5,4,3,4,6,6,7,5,4,3,4,6,6,6,5,4,3
2295,5,6,6,6,6,4,4,5,6,6,6,6,4,4,5,6,6,6,6,4,4
2296,0,0,0,0,0,0,0,0,0,0,0,0,0,0,0,0,0,0,0,0,0
2297,1,1,1,1,1,1,1,1,1,1,1,1,1,1,1,1,1,1,1,1,1
2298,1,1,1,1,1,1,1,1,1,1,1,1,1,1,1,1,1,1,1,1,1
2299,0,0,0,0,0,0,0,0,0,0,0,0,0,0,0,0,0,0,0,0,0
2300,1,2,2,2,2,2,2,2,2,2,2,2,2,2,2,2,2,2,2,2,2
2301,6,4,3,2,2,4,5,6,4,3,2,2,4,5,6,4,3,2,2,4,5
2302,0,0,0,0,0,0,0,0,0,0,0,0,0,0,0,0,0,0,0,0,0
2303,1,1,1,1,1,1,1,1,1,1,1,1,1,1,1,1,1,1,1,1,1
2304,11,11,10,10,10,9,10,10,10,9,10,9,8,9,9,9,8,9,8,7,8
2305,12,14,20,15,13,17,11,12,14,19,14,13,17,11,11,13,18,13,12,16,10
2306,1,1,1,1,2,2,2,1,1,1,1,2,2,2,1,1,1,1,2,2,2
2307,0,0,0,0,0,0,0,0,0,0,0,0,0,0,0,0,0,0,0,0,0
2308,0,0,1,1,1,1,0,0,0,1,1,1,1,1,0,0,1,1,1,1,1
2309,0,0,0,0,0,0,0,0,0,0,0,0,0,0,0,0,0,0,0,0,0
2310,7,7,7,6,5,5,5,6,6,5,5,4,5,5,5,5,4,4,3,4,4
2311,0,0,0,0,0,0,0,0,0,0,0,0,0,0,0,0,0,0,0,0,0
2312,0,0,0,0,0,0,0,0,0,0,0,0,0,0,0,0,0,0,0,0,0
2313,0,0,0,0,0,0,0,0,0,0,0,0,0,0,0,0,0,0,0,0,0
2314,0,0,0,0,0,0,0,0,0,0,0,0,0,0,0,0,0,0,0,0,0
2315,3,3,3,3,3,2,2,3,3,3,3,3,2,2,3,3,3,3,3,2,2
2316,1,2,2,1,2,1,2,1,2,2,1,2,1,2,1,2,2,1,2,1,2
2317,0,0,0,0,0,0,0,0,0,0,0,0,0,0,0,0,0,0,0,0,0
2318,0,0,0,0,0,0,0,0,0,0,0,0,0,0,0,0,0,0,0,0,0
2319,1,1,1,1,1,1,1,1,1,1,1,1,1,1,1,1,1,1,1,1,1
2320,0,0,0,0,0,0,0,0,0,0,0,0,0,0,0,0,0,0,0,0,0
2321,1,1,0,0,0,0,0,0,0,0,0,0,0,0,1,1,1,1,1,1,1
2322,0,0,0,0,0,0,0,0,0,0,0,0,0,0,0,0,0,0,0,0,0
2323,0,0,0,0,0,0,0,0,0,0,0,0,0,0,0,0,0,0,0,0,0
2324,0,0,0,0,0,0,0,0,0,0,0,0,0,0,0,0,0,0,0,0,0
2325,0,0,0,0,0,0,0,0,0,0,0,0,0,0,0,0,0,0,0,0,0
2326,0,0,0,0,0,0,0,0,0,0,0,0,0,0,0,0,0,0,0,0,0
2327,0,0,0,0,0,0,0,0,0,0,0,0,0,0,0,0,0,0,0,0,0
2328,0,0,0,0,0,0,0,0,0,0,0,0,0,0,0,0,0,0,0,0,0
2329,0,0,0,0,0,0,0,0,0,0,0,0,0,0,0,0,0,0,0,0,0
2330,6,7,7,7,6,6,5,6,7,7,7,6,6,5,6,7,7,7,6,6,5
2331,68,91,62,35,25,29,59,76,101,70,41,28,32,61,75,96,64,35,22,27,57
2332,26,26,27,25,23,22,22,26,26,27,25,23,22,22,26,26,27,25,23,22,22
2333,0,1,0,0,0,0,0,0,1,1,1,0,0,0,0,1,1,0,0,0,0
2334,18,19,19,13,10,9,10,18,19,19,13,10,9,9,18,19,19,13,11,9,10
2335,3,3,3,2,1,1,2,3,3,3,2,1,1,2,3,3,3,2,1,1,2
2336,0,0,0,0,0,0,0,0,0,0,0,0,0,0,0,0,0,0,0,0,0
2337,0,0,0,0,0,0,0,0,0,0,0,0,0,0,0,0,0,0,0,0,0
2338,0,0,0,0,0,0,0,0,0,0,0,0,0,0,0,0,0,0,0,0,0
2339,1,1,2,2,2,1,1,1,1,2,2,2,1,1,1,1,2,2,2,1,1
2340,2,3,4,3,3,1,1,2,3,4,3,3,1,1,2,3,4,3,3,1,1
2341,19,17,17,17,16,14,13,14,15,15,15,13,11,9,10,10,10,11,9,8,7
2342,0,0,0,0,0,0,0,0,0,0,0,0,0,0,0,0,0,0,0,0,0
2343,1,2,2,2,1,1,1,1,2,2,2,1,1,1,1,2,2,2,1,1,1
2344,1,1,1,1,1,1,1,1,1,1,1,1,1,1,1,1,1,1,1,1,1
2345,0,0,0,0,0,0,0,0,0,0,0,0,0,0,0,0,0,0,0,0,0
2346,0,0,1,1,0,0,0,0,0,1,1,0,0,0,0,0,1,1,0,0,0
2347,0,0,0,0,0,0,0,0,0,0,0,0,0,0,0,0,0,0,0,0,0
2348,0,0,0,0,0,0,0,0,0,0,0,0,0,0,0,0,0,0,0,0,0
2349,0,0,0,0,0,0,0,0,0,0,0,0,0,0,0,0,0,0,0,0,0
2350,0,0,0,0,0,0,0,0,0,0,0,0,0,0,0,0,0,0,0,0,0
2351,0,0,0,0,0,0,0,0,0,0,0,0,0,0,0,0,0,0,0,0,0
2352,0,0,0,0,0,0,0,0,0,0,0,0,0,0,0,0,0,0,0,0,0
2353,0,0,0,0,0,0,0,0,0,0,0,0,0,0,0,0,0,0,0,0,0
2354,0,0,0,0,0,0,0,0,0,0,0,0,0,0,0,0,0,0,0,0,0
2355,0,0,0,0,0,0,0,0,0,0,0,0,0,0,0,0,0,0,0,0,0
2356,6,8,7,6,5,5,5,6,8,7,6,5,5,5,6,8,7,6,5,5,5
2357,0,0,0,0,0,0,0,0,0,0,0,0,0,0,0,0,0,0,0,0,0
2358,0,0,0,0,0,0,0,0,0,0,0,0,0,0,0,0,0,0,0,0,0
2359,0,0,0,0,0,0,0,0,0,0,0,0,0,0,0,0,0,0,0,0,0
2360,0,0,0,0,0,0,0,0,0,0,0,0,0,0,0,0,0,0,0,0,0
2361,0,0,0,0,0,0,0,0,0,0,0,0,0,0,0,0,0,0,0,0,0
2362,2,2,1,2,2,1,2,2,2,2,2,2,2,2,2,2,2,2,2,2,2
2363,2,3,3,3,2,2,3,3,3,3,3,3,3,3,4,4,3,3,3,3,3
2364,6,7,7,6,5,5,5,6,7,7,6,5,5,5,6,7,7,6,6,5,5
2365,10,10,9,8,8,7,8,9,9,9,8,8,7,7,9,8,8,8,8,7,7
2366,1,2,2,2,2,1,1,1,2,2,2,2,1,1,1,2,2,2,2,1,1
2367,0,0,0,0,0,0,0,0,0,1,0,0,0,0,0,0,0,0,0,0,0
2368,0,0,0,0,0,0,0,0,0,0,0,0,0,0,0,0,0,0,0,0,0
2369,19,18,16,15,13,14,14,17,17,16,15,13,14,14,16,16,15,14,12,13,13
2370,0,0,0,0,0,0,0,0,0,0,0,0,0,0,0,0,0,0,0,0,0
2371,0,1,1,1,1,1,0,1,1,1,1,1,1,1,1,1,1,1,1,1,1
2372,0,0,0,0,0,0,0,0,0,0,0,0,0,0,0,0,0,0,0,0,0
2373,0,0,0,0,0,0,0,0,0,0,0,0,0,0,0,0,0,0,0,0,0
2374,0,0,0,0,0,0,0,0,0,0,0,0,0,0,0,0,0,0,0,0,0
2375,0,0,0,0,0,0,0,0,0,0,0,0,0,0,0,0,0,0,0,0,0
2376,4,4,4,5,5,5,3,4,4,4,5,5,5,3,4,4,4,5,5,5,3
2377,1,1,1,1,1,1,1,1,1,1,1,1,1,1,1,1,1,1,1,1,1
2378,0,0,0,0,0,0,0,0,0,0,0,0,0,0,0,0,0,0,0,0,0
2379,0,0,0,0,0,0,0,0,0,0,0,0,0,0,0,0,0,0,0,0,0
2380,2,2,1,1,1,1,2,2,2,1,1,1,1,2,2,2,1,1,1,1,2
2381,0,0,0,0,0,0,0,0,0,0,0,0,0,0,0,0,0,0,0,0,0
2382,129,133,140,133,111,100,97,112,124,131,128,111,102,99,115,122,135,131,112,101,104
2383,8,9,8,8,7,6,6,7,8,8,8,7,6,6,6,7,7,7,7,6,6
2384,3,3,3,3,2,2,3,3,3,3,3,3,2,3,3,3,3,3,2,3,3
2385,54,57,58,51,46,44,46,53,57,57,51,46,44,47,53,56,57,50,45,43,46
2386,1,1,1,1,1,0,1,1,1,1,1,1,0,1,1,1,1,1,1,0,1
2387,0,0,0,0,0,0,0,0,0,0,0,0,0,0,0,0,0,0,0,0,0
2388,7,5,4,4,4,4,4,5,4,5,5,5,4,4,5,5,5,5,5,5,4
2389,0,0,0,0,0,0,0,0,0,0,0,0,0,0,0,0,0,0,0,0,0
2390,0,0,0,0,0,0,0,0,0,0,0,0,0,0,0,0,0,0,0,0,0
2391,2,2,2,2,1,1,1,2,2,2,2,1,1,1,2,2,2,2,1,1,1
2392,1,1,2,2,2,1,1,1,1,2,2,2,1,1,1,1,2,2,2,1,1
2393,55,63,65,59,49,42,41,52,62,63,57,48,42,43,52,59,61,54,44,38,38
2394,98,112,118,111,96,81,81,107,125,124,114,93,77,75,98,114,118,110,89,76,81
2395,1,1,1,0,0,0,0,0,0,0,0,0,0,0,0,0,0,0,0,0,0
2396,10,9,8,8,8,7,8,9,9,8,7,7,7,7,8,8,7,6,6,6,7
2397,1,1,1,1,1,1,1,1,1,1,1,1,1,1,1,1,1,1,1,1,1
2398,0,0,0,0,0,0,0,0,0,0,0,0,0,0,0,0,0,0,0,0,0
2399,0,0,0,0,0,0,0,0,0,0,0,0,0,0,0,0,0,0,0,0,0
2400,2,2,2,1,1,2,1,2,2,2,1,1,1,1,2,2,1,1,1,1,1
2401,0,0,0,0,0,0,0,0,0,0,0,0,0,0,0,0,0,0,0,0,0
2402,0,0,0,0,0,0,0,0,0,0,0,0,0,0,0,0,0,0,0,0,0
2403,0,0,0,0,0,0,0,0,0,0,0,0,0,0,0,0,0,0,0,0,0
2404,1,2,2,1,1,2,1,2,2,2,1,1,2,1,2,2,2,1,1,2,2
2405,7,7,5,6,5,5,5,6,6,5,6,5,5,5,6,6,5,5,5,5,5
2406,16,17,16,14,12,11,11,13,15,14,12,11,10,11,12,12,12,11,9,9,9
2407,13,11,9,8,7,7,8,9,9,8,7,6,6,7,7,7,6,5,5,5,6
2408,12,12,11,10,9,8,9,11,11,10,9,8,8,8,10,9,9,8,7,7,7
2409,0,0,0,0,0,0,0,0,0,0,0,0,0,0,0,0,0,0,0,0,0
2410,38,41,43,43,39,33,29,35,42,44,44,39,33,30,35,40,42,42,38,32,28
2411,0,0,0,0,0,0,0,0,0,0,0,0,0,0,0,0,0,0,0,0,0
2412,0,0,0,0,0,0,0,0,0,0,0,0,0,0,0,0,0,0,0,0,0
2413,0,0,0,0,0,0,0,0,0,0,0,0,0,0,0,0,0,0,0,0,0
2414,0,0,0,0,0,0,0,0,0,0,0,0,0,0,0,0,0,0,0,0,0
2415,0,0,0,0,0,0,0,0,0,0,0,0,0,0,0,0,0,0,0,0,0
2416,0,0,0,0,0,0,0,0,0,0,0,0,0,0,0,0,0,0,0,0,0
2417,0,0,0,0,0,0,0,0,0,0,0,0,0,0,0,0,0,0,0,0,0
2418,0,0,0,0,0,0,0,0,0,0,0,0,0,0,0,0,0,0,0,0,0
2419,13,13,13,13,13,12,11,12,13,13,11,11,10,10,10,10,10,9,9,8,8
2420,1,2,2,1,1,1,1,1,2,2,1,1,1,1,1,2,2,1,1,1,1
2421,15,15,14,12,11,10,10,11,12,12,11,10,9,9,11,11,11,10,9,8,9
2422,2,2,2,2,2,1,2,2,2,2,2,2,2,2,2,2,2,2,2,2,2
2423,1,1,1,1,1,1,1,1,1,1,1,1,1,0,1,1,0,0,0,0,0
2424,3,2,2,2,2,2,2,2,2,2,2,2,2,2,2,2,2,2,2,2,2
2425,5,5,5,5,5,4,5,5,5,5,4,4,4,4,5,4,4,4,4,3,4
2426,0,0,0,0,0,0,0,0,0,0,0,0,0,0,0,0,0,0,0,0,0
2427,1,1,1,1,0,0,1,1,1,1,1,0,0,1,1,1,1,1,1,0,1
2428,2,2,2,2,2,2,2,2,2,2,2,2,2,2,2,2,2,2,2,2,2
2429,0,1,1,1,1,1,1,1,1,1,1,1,1,1,1,1,1,1,1,1,1
2430,0,0,0,0,0,0,0,0,0,0,0,0,0,0,0,0,0,0,0,0,0
2431,0,0,0,0,0,0,0,0,0,0,0,0,0,0,0,0,0,0,0,0,0
2432,0,0,0,0,0,0,0,0,0,0,0,0,0,0,0,0,0,0,0,0,0
2433,61,58,57,56,33,32,47,61,57,57,56,33,32,47,61,57,57,56,33,32,47
2434,0,1,1,1,1,1,1,0,1,1,1,1,1,1,0,1,1,1,1,1,1
2435,0,0,0,0,0,0,0,0,0,0,0,0,0,0,0,0,0,0,0,0,0
2436,2,2,2,1,1,1,1,2,2,2,1,1,1,1,1,2,1,1,1,1,1
2437,0,0,0,0,0,0,0,0,0,0,0,0,0,0,0,0,0,0,0,0,0
2438,8,9,8,7,6,5,5,7,7,7,6,5,4,5,6,7,7,6,5,4,4
2439,3,3,3,2,2,2,2,3,3,3,2,2,2,2,3,3,3,2,2,2,2
2440,0,0,0,0,0,0,0,0,0,0,0,0,0,0,0,0,0,0,0,0,0
2441,4,4,4,3,3,3,2,3,3,3,3,3,3,2,3,3,3,3,3,3,3
2442,1,1,1,1,1,1,1,1,1,1,1,1,1,1,1,1,1,1,1,1,1
2443,0,0,0,0,0,0,0,0,0,0,0,0,0,0,0,0,0,0,0,0,0
2444,0,0,0,0,0,0,0,0,0,0,0,0,0,0,0,0,0,0,0,0,0
2445,2,2,2,2,2,2,2,2,2,2,2,2,2,2,2,2,2,2,2,2,2
2446,0,0,0,0,0,0,0,0,0,0,0,0,0,0,0,0,0,0,0,0,0
2447,0,0,0,0,0,0,0,0,0,0,0,0,0,0,0,0,0,0,0,0,0
2448,7,8,6,5,5,5,5,6,7,5,5,4,5,5,6,7,6,6,5,6,6
2449,0,0,0,0,0,0,0,0,0,0,0,0,0,0,0,0,0,0,0,0,0
2450,0,0,0,0,0,0,0,0,0,0,0,0,0,0,0,0,0,0,0,0,0
2451,67,68,61,51,46,43,48,59,68,67,61,53,48,51,72,91,94,84,76,80,106
2452,24,24,26,23,22,20,21,24,24,26,23,22,20,21,24,24,26,23,22,20,21
2453,14,14,13,11,9,8,8,10,11,11,10,9,8,8,9,10,11,10,9,7,8
2454,24,26,29,29,27,25,27,33,38,40,38,34,30,31,35,37,38,35,31,29,32
2455,6,6,5,5,4,4,5,6,6,5,5,4,4,5,6,5,5,5,4,4,5
2456,2,2,3,2,2,2,2,2,2,3,2,2,2,2,2,2,3,2,2,2,2
2457,12,11,10,8,8,7,8,8,9,9,7,7,7,7,7,8,8,7,7,6,7
2458,57,56,49,42,46,47,55,56,66,65,59,59,56,60,66,77,77,69,70,73,91
2459,10,8,8,6,5,5,5,6,6,7,6,5,5,5,6,6,6,5,5,4,5
2460,1,1,1,1,1,1,1,1,1,1,1,1,1,1,1,1,1,1,1,1,1
2461,8,8,6,5,5,4,5,5,6,5,5,4,4,4,5,5,5,4,4,4,4
2462,1,1,1,1,1,1,1,1,1,1,1,1,1,1,1,1,1,1,1,1,1
2463,0,0,0,0,0,0,0,0,0,0,0,0,0,0,0,0,0,0,0,0,0
2464,0,0,0,0,0,0,0,0,0,0,0,0,0,0,0,0,0,0,0,0,0
2465,0,0,0,0,0,0,0,0,0,0,0,0,0,0,0,0,0,0,0,0,0
2466,41,36,33,27,26,30,35,44,45,43,38,32,33,35,52,61,63,57,52,65,97
2467,0,0,0,0,0,0,0,0,0,0,0,0,0,0,0,0,0,0,0,0,0
2468,0,0,0,0,0,0,0,0,0,0,0,0,0,0,0,0,0,0,0,0,0
2469,0,0,0,0,0,0,0,0,0,0,0,0,0,0,0,0,0,0,0,0,0
2470,0,0,0,0,0,0,0,0,0,0,0,0,0,0,0,0,0,0,0,0,0
2471,1,0,0,0,0,0,0,0,0,0,0,0,0,0,0,0,0,0,0,0,0
2472,0,1,1,1,0,0,0,0,1,1,1,0,0,0,0,1,1,1,1,0,1
2473,0,0,0,0,0,0,0,0,0,0,0,0,0,0,0,0,0,0,0,0,0
2474,0,0,0,0,0,0,0,0,0,0,0,0,0,0,0,0,0,0,0,0,0
2475,0,0,0,0,0,0,0,0,0,0,0,0,0,0,0,0,0,0,0,0,0
2476,0,0,0,0,0,0,0,0,0,0,0,0,0,0,0,0,0,0,0,0,0
2477,0,0,0,0,0,0,0,0,0,0,0,0,0,0,0,0,0,0,0,0,0
2478,1,1,1,1,0,0,0,1,1,1,1,0,0,0,1,1,1,1,0,0,0
2479,10,10,9,8,7,6,7,8,8,7,6,6,6,6,7,7,7,6,5,5,6
2480,0,0,0,0,0,0,0,0,0,0,0,0,0,0,0,0,0,0,0,0,0
2481,0,0,0,0,0,0,0,0,0,0,0,0,0,0,0,0,0,0,0,0,0
2482,0,0,0,0,0,0,0,0,0,0,0,0,0,0,0,0,0,0,0,0,0
2483,0,0,0,0,0,0,0,0,0,0,0,0,0,0,0,0,0,0,0,0,0
2484,0,0,0,0,0,0,0,0,0,0,0,0,0,0,0,0,0,0,0,0,0
2485,0,0,0,0,0,0,0,0,0,0,0,0,0,0,0,0,0,0,0,0,0
2486,0,0,0,0,0,0,0,0,0,0,0,0,0,0,0,0,0,0,0,0,0
2487,0,0,0,0,0,0,0,0,0,0,0,0,0,0,0,0,0,0,0,0,0
2488,0,0,0,0,0,0,0,0,0,0,0,0,0,0,0,0,0,0,0,0,0
2489,0,0,0,0,0,0,0,0,0,0,0,0,0,0,0,0,0,0,0,0,0
2490,0,0,0,0,0,0,0,0,0,0,0,0,0,0,0,0,0,0,0,0,0
2491,0,0,0,0,0,0,0,0,0,0,0,0,0,0,0,0,0,0,0,0,0
2492,2,2,2,2,2,2,2,2,2,2,2,2,2,2,2,2,2,2,2,2,2
2493,2,0,0,0,0,0,0,2,0,0,0,0,0,0,2,0,0,0,0,0,0
2494,0,0,0,0,0,0,0,0,0,0,0,0,0,0,0,0,0,0,0,0,0
2495,4,4,4,4,4,4,4,4,4,4,4,4,4,4,5,5,5,5,5,4,5
2496,3,4,4,4,3,3,3,3,4,4,4,3,3,3,3,4,4,4,3,3,3
2497,1,1,1,1,1,1,1,1,1,1,1,1,1,1,1,2,2,2,1,1,1
2498,0,0,0,0,0,0,0,0,0,0,0,0,0,0,0,0,0,0,0,0,0
2499,6,5,3,3,3,3,3,2,3,3,3,3,3,3,2,3,3,3,3,3,3
2500,0,0,0,0,0,0,0,0,0,0,0,0,0,0,0,0,0,0,0,0,0
2501,0,0,0,0,0,0,0,0,0,0,0,0,0,0,0,0,0,0,0,0,0
2502,1,1,1,1,1,1,1,1,1,1,1,1,1,1,1,1,1,1,1,1,1
2503,0,0,0,0,0,0,0,0,0,0,0,0,0,0,0,0,0,0,0,0,0
2504,0,0,0,0,0,0,0,0,0,0,0,0,0,0,0,0,0,0,0,0,0
2505,5,4,4,4,4,3,4,5,4,4,4,4,3,4,5,4,4,4,4,3,4
2506,4,3,3,3,3,2,3,3,3,3,3,2,2,2,3,3,3,2,2,2,2
2507,0,0,0,0,0,0,0,0,0,0,0,0,0,0,0,0,0,0,0,0,0
2508,0,0,0,0,0,0,0,0,0,0,0,0,0,0,0,0,0,0,0,0,0
2509,4,4,4,3,2,2,2,4,4,4,3,2,2,2,4,4,4,3,2,2,2
2510,0,0,0,0,0,0,0,0,0,0,0,0,0,0,0,0,0,0,0,0,0
2511,0,0,0,0,0,0,0,0,0,0,0,0,0,0,0,0,0,0,0,0,0
2512,0,0,0,0,0,0,0,0,0,0,0,0,0,0,0,0,0,0,0,0,0
2513,0,0,0,0,0,0,0,0,0,0,0,0,0,0,0,0,0,0,0,0,0
2514,0,0,0,0,0,0,0,0,0,0,0,0,0,0,0,0,0,0,0,0,0
2515,4,4,4,5,5,6,5,4,4,4,5,4,6,5,4,4,5,5,5,6,5
2516,0,0,0,0,0,0,0,0,0,0,0,0,0,0,0,0,0,0,0,0,0
2517,0,0,0,0,0,0,0,0,0,0,0,0,0,0,0,0,0,0,0,0,0
2518,5,6,6,6,5,4,3,5,6,7,6,5,4,3,5,6,7,6,5,4,3
2519,2,3,3,3,2,2,2,2,3,3,3,2,2,2,2,3,3,3,2,2,2
2520,10,13,14,14,11,8,8,11,13,14,14,11,8,8,10,13,14,14,11,8,8
2521,5,5,6,5,4,3,2,5,5,6,5,4,3,2,5,5,6,5,4,3,2
2522,25,32,29,24,22,16,16,25,32,29,24,22,16,16,25,32,29,24,22,16,16
2523,0,0,0,0,0,0,0,0,0,0,0,0,0,0,0,0,0,0,0,0,0
2524,0,1,1,0,0,1,0,0,1,1,1,1,1,0,0,1,1,1,1,1,0
2525,0,0,0,0,0,0,0,0,0,0,0,0,0,0,0,0,0,0,0,0,0
2526,3,4,3,3,3,2,3,3,4,3,3,3,2,3,3,4,3,3,3,2,3
2527,8,9,8,7,6,6,6,8,9,8,7,6,6,6,8,9,8,7,6,6,6
2528,45,52,51,45,38,33,34,42,50,49,44,38,33,34,41,48,47,42,36,31,33
2529,15,17,19,17,15,13,13,15,17,19,17,15,13,13,15,17,19,17,15,13,13
2530,1,1,1,1,1,1,1,1,1,1,1,1,1,1,1,1,1,1,1,1,1
2531,4,3,3,3,3,3,3,3,3,3,3,3,3,3,3,3,3,2,2,2,2
2532,11,16,18,18,15,10,9,11,16,18,18,15,10,9,11,16,18,18,14,9,9
2533,25,37,54,65,62,50,48,57,70,69,66,55,45,43,48,54,58,58,49,42,39
2534,62,69,68,60,54,47,46,56,64,62,56,50,44,43,52,60,60,56,50,46,47
2535,73,78,86,77,70,59,60,72,77,85,76,69,59,60,72,77,85,77,69,59,60
2536,156,182,196,183,155,145,169,209,232,217,199,165,154,171,199,223,229,212,168,153,178
2537,2,3,2,2,2,2,2,2,3,2,2,2,2,2,2,3,2,2,2,2,2
2538,8,10,9,7,6,5,6,8,10,9,7,6,5,6,8,10,9,7,6,5,6
2539,3,3,3,3,3,2,3,3,3,3,3,3,2,3,3,3,3,3,3,2,3
2540,9,11,10,9,8,6,6,9,11,10,9,7,6,6,9,11,9,9,7,6,6
2541,1,1,1,1,1,1,1,1,1,1,1,1,1,1,1,1,1,1,1,1,1
2542,1,1,1,1,1,0,0,1,1,1,1,1,0,0,1,1,1,1,1,0,0
2543,7,6,6,6,5,5,5,6,6,5,5,4,4,4,4,4,4,4,3,3,3
2544,0,0,0,0,0,0,0,0,0,0,0,0,0,0,0,0,0,0,0,0,0
2545,0,0,0,0,0,0,0,0,0,0,0,0,0,0,0,0,0,0,0,0,0
2546,10,12,13,10,9,8,7,10,12,13,10,9,8,7,10,12,13,10,9,8,7
2547,3,5,5,4,3,2,2,3,5,5,4,3,2,2,3,5,5,4,3,2,2
2548,1,1,1,1,1,1,1,1,1,1,1,1,1,1,1,1,1,1,1,1,1
2549,10,10,10,9,8,8,8,10,10,10,9,8,8,8,10,10,10,9,8,8,8
2550,2,3,5,3,4,3,3,2,3,5,3,4,3,3,2,3,5,3,4,3,3
2551,1,1,1,1,1,1,1,1,1,1,2,1,1,1,1,1,2,2,1,1,1
2552,5,6,5,4,4,4,4,5,6,5,4,4,4,4,5,6,5,4,4,4,4
2553,7,7,6,5,5,4,4,5,6,6,5,5,5,4,5,6,5,5,5,5,4
2554,0,0,0,0,0,0,0,0,0,0,0,0,0,0,0,0,0,0,0,0,0
2555,4,4,4,4,4,3,4,4,4,4,4,4,3,4,4,4,4,4,4,3,4
2556,82,87,83,56,51,55,62,82,87,83,56,51,55,62,82,87,83,56,51,54,62
2557,1,1,1,0,0,1,1,1,1,1,0,1,1,1,1,1,1,1,1,1,1
2558,0,0,0,0,0,0,0,0,0,0,0,0,0,0,0,0,0,0,0,0,0
2559,0,0,0,0,0,0,0,0,0,0,0,0,0,0,0,0,0,0,0,0,0
2560,0,0,0,0,0,0,0,0,0,0,0,0,0,0,0,0,0,0,0,0,0
2561,0,0,0,0,0,0,0,0,0,0,0,0,0,0,0,0,0,0,0,0,0
2562,0,0,0,0,0,0,0,0,0,0,0,0,0,0,0,0,0,0,0,0,0
2563,0,0,0,0,0,0,0,0,0,0,0,0,0,0,0,0,0,0,0,0,0
2564,0,0,0,0,0,0,0,0,0,0,0,0,0,0,0,0,0,0,0,0,0
2565,0,0,0,0,0,0,0,0,0,0,0,0,0,0,0,0,0,0,0,0,0
2566,0,0,0,0,0,0,0,0,0,0,0,0,0,0,0,0,0,0,0,0,0
2567,0,0,0,0,0,0,0,0,0,0,0,0,0,0,0,0,0,0,0,0,0
2568,0,0,0,0,0,0,0,0,0,0,0,0,0,0,0,0,0,0,0,0,0
2569,0,0,0,0,0,0,0,0,0,0,0,0,0,0,0,0,0,0,0,0,0
2570,0,0,0,0,0,0,0,0,0,0,0,0,0,0,0,0,0,0,0,0,0
2571,0,0,0,0,0,0,0,0,0,0,0,0,0,0,0,0,0,0,0,0,0
2572,7,8,7,6,5,4,5,7,8,7,6,5,4,5,7,8,7,6,5,4,5
2573,0,0,0,0,0,0,0,0,0,0,0,0,0,0,0,0,0,0,0,0,0
2574,0,0,0,0,0,0,0,0,0,0,0,0,0,0,0,0,0,0,0,0,0
2575,0,0,0,0,0,0,0,0,0,0,0,0,0,0,0,0,0,0,0,0,0
2576,4,2,1,1,0,0,0,1,0,0,0,0,0,0,0,0,0,0,0,0,0
2577,26,24,20,15,12,11,14,19,19,17,15,12,12,14,18,16,16,14,12,11,12
2578,9,6,3,2,1,1,1,1,1,1,1,1,1,1,1,1,1,0,0,0,0
2579,0,0,1,1,1,0,0,0,0,1,1,1,0,0,0,0,1,1,1,0,0
2580,40,45,44,39,34,29,30,35,39,38,34,30,26,27,32,37,38,36,33,31,32
2581,4,5,5,5,4,4,5,6,7,6,6,5,5,5,7,7,7,6,5,6,6
2582,0,0,0,0,0,0,0,0,0,0,0,0,0,0,0,0,0,0,0,0,0
2583,1,2,2,1,1,1,1,1,2,2,1,1,1,1,1,2,2,1,1,1,1
2584,3,3,3,3,2,2,3,3,4,3,3,2,2,3,3,4,3,3,2,2,3
2585,0,0,0,0,0,0,0,0,0,0,0,0,0,0,0,0,0,0,0,0,0
2586,0,0,0,0,0,0,0,0,0,0,0,0,0,0,0,0,0,0,0,0,0
2587,0,0,0,0,0,0,0,0,0,0,0,0,0,0,0,0,0,0,0,0,0
2588,0,0,0,0,0,0,0,0,0,0,0,0,0,0,0,0,0,0,0,0,0
2589,0,0,0,0,0,0,0,0,0,0,0,0,0,0,0,0,0,0,0,0,0
2590,5,7,7,6,6,6,6,5,7,7,6,6,6,6,5,7,7,6,6,6,6
2591,0,0,0,0,0,0,0,0,0,0,0,0,0,0,0,0,0,0,0,0,0
2592,2,3,2,2,2,1,2,2,3,2,2,2,1,2,2,3,2,2,2,1,2
2593,0,0,0,0,0,0,0,0,0,0,0,0,0,0,0,0,0,0,0,0,0
2594,1,1,1,1,0,1,1,1,1,2,1,1,1,1,1,1,1,1,1,1,1
2595,2,2,2,2,1,1,1,2,2,2,2,1,1,1,2,2,2,2,1,1,1
2596,0,0,0,0,0,0,0,0,0,0,1,0,0,0,0,0,0,0,0,0,0
2597,1,1,2,1,1,1,1,1,1,2,1,1,1,1,1,1,2,1,1,1,1
2598,1,1,1,1,1,1,1,1,1,1,1,1,1,1,1,1,1,1,1,1,1
2599,0,0,0,0,0,0,0,0,0,0,0,0,0,0,0,0,0,0,0,0,0
2600,0,0,0,0,0,0,0,0,0,0,0,0,0,0,0,0,0,0,0,0,0
2601,0,0,0,0,0,0,0,0,0,0,0,0,0,0,0,0,0,0,0,0,0
2602,0,0,0,0,0,0,0,0,0,0,0,0,0,0,0,0,0,0,0,0,0
2603,0,0,0,0,0,0,0,0,0,0,0,0,0,0,0,0,0,0,0,0,0
2604,0,0,0,0,0,0,0,0,0,0,0,0,0,0,0,0,0,0,0,0,0
2605,0,0,0,0,0,0,0,0,0,0,0,0,0,0,0,0,0,0,0,0,0
2606,5,6,6,5,5,4,4,5,6,5,5,5,4,4,5,5,5,5,4,4,4
2607,8,8,8,8,7,7,7,8,9,9,8,7,7,7,8,8,8,8,7,7,7
2608,0,0,0,0,0,0,0,0,0,0,0,0,0,0,0,0,0,0,0,0,0
2609,0,0,0,0,0,0,0,0,0,0,0,0,0,0,0,0,0,0,0,0,0
2610,0,0,0,0,0,0,0,0,0,0,0,0,0,0,0,0,0,0,0,0,0
2611,0,0,0,0,0,0,0,0,0,0,0,0,0,0,0,0,0,0,0,0,0
2612,0,0,0,0,0,0,0,0,0,0,0,0,0,0,0,0,0,0,0,0,0
2613,0,0,0,0,0,0,0,0,0,0,0,0,0,0,0,0,0,0,0,0,0
2614,125,118,117,94,50,58,79,125,118,117,94,50,58,79,125,118,117,94,50,58,79
2615,2,2,2,2,1,1,1,2,2,2,2,2,2,1,2,2,2,2,2,2,2
2616,0,0,0,0,0,0,0,0,0,0,0,0,0,0,0,0,0,0,0,0,0
2617,0,0,0,0,0,0,0,0,0,0,0,0,0,0,0,0,0,0,0,0,0
2618,0,0,0,0,0,0,0,0,0,0,0,0,0,0,0,0,0,0,0,0,0
2619,46,44,40,35,33,34,36,43,46,46,41,37,35,35,43,46,46,42,39,41,46
2620,9,10,9,10,9,7,8,9,10,9,10,9,7,8,9,10,9,10,9,7,8
2621,0,0,0,0,0,0,0,0,0,0,0,0,0,0,0,0,0,0,0,0,0
2622,6,6,7,6,6,5,5,6,6,7,6,5,5,5,5,6,6,6,5,4,4
2623,1,1,1,1,0,0,1,1,1,1,1,0,0,1,1,1,1,1,0,0,1
2624,16,15,13,12,11,9,9,10,11,11,10,8,7,6,6,7,7,7,6,5,5
2625,2,2,3,3,3,2,2,2,2,3,3,3,2,2,2,2,3,3,3,2,2
2626,2,2,3,2,2,2,2,2,2,3,2,2,2,2,2,2,3,2,2,2,2
2627,5,6,6,5,4,4,4,5,6,6,5,4,4,4,5,6,6,5,4,4,4
2628,12,13,15,15,12,11,10,12,13,15,15,12,11,10,12,13,15,15,12,11,10
2629,1,1,1,1,1,1,1,1,1,1,1,1,1,1,1,1,1,1,1,1,1
2630,5,5,6,5,5,4,4,5,5,6,5,5,3,4,5,5,6,5,5,3,4
2631,134,147,160,155,140,120,127,149,165,169,162,141,119,122,143,156,167,162,143,123,133
2632,0,0,0,0,0,0,0,0,0,0,0,0,0,0,0,0,0,0,0,0,0
2633,15,16,16,15,13,13,13,15,16,16,15,13,13,13,15,16,16,15,13,13,13
2634,13,15,17,17,14,10,10,13,15,17,17,14,10,10,13,15,17,17,14,10,10
2635,27,31,32,32,28,25,25,27,31,32,32,28,25,25,27,31,32,32,28,25,25
2636,0,0,0,0,0,0,0,0,0,0,0,0,0,0,0,0,0,0,0,0,0
2637,0,0,0,0,0,0,0,0,0,0,0,0,0,0,0,0,0,0,0,0,0
2638,0,0,0,0,0,0,0,0,0,0,0,0,0,0,0,0,0,0,0,0,0
2639,0,0,0,0,0,0,0,0,0,0,0,0,0,0,0,0,0,0,0,0,0
2640,0,0,0,0,0,0,0,0,0,0,0,0,0,0,0,0,0,0,0,0,0
2641,0,0,0,0,0,0,0,0,0,0,0,0,0,0,0,0,0,0,0,0,0
2642,0,0,0,0,0,0,0,0,0,0,0,0,0,0,0,0,0,0,0,0,0
2643,0,0,0,0,0,0,0,0,0,0,0,0,0,0,0,0,0,0,0,0,0
2644,2,0,0,0,0,0,0,2,0,0,0,0,0,0,2,0,0,0,0,0,0
2645,0,0,0,0,0,0,0,0,0,0,0,0,0,0,0,0,0,0,0,0,0
2646,0,0,0,0,0,0,0,0,0,0,0,0,0,0,0,0,0,0,0,0,0
2647,0,0,0,0,0,0,0,0,0,0,0,0,0,0,0,0,0,0,0,0,0
2648,1,1,1,1,1,0,0,1,1,1,1,1,0,0,1,1,1,1,1,0,0
2649,0,0,0,0,0,0,0,0,0,0,0,0,0,0,0,0,0,0,0,0,0
2650,0,0,0,0,0,0,0,0,0,0,0,0,0,0,0,0,0,0,0,0,0
2651,2,3,2,2,2,2,2,3,3,2,2,2,2,2,3,3,2,2,2,2,2
2652,3,3,2,2,2,2,2,3,3,2,2,2,2,2,3,3,2,2,2,2,2
2653,0,0,0,0,0,0,0,0,0,0,0,0,0,0,0,0,0,0,0,0,0
2654,1,1,1,0,0,1,1,1,1,1,1,0,1,1,1,1,1,0,0,0,1
2655,0,0,0,0,0,0,0,0,0,0,0,0,0,0,0,0,0,0,0,0,0
2656,0,0,0,0,0,0,0,0,0,0,0,0,0,0,0,0,0,0,0,0,0
2657,1,1,1,1,1,1,1,1,1,1,1,1,1,1,1,1,1,1,1,1,1
2658,3,3,3,3,2,2,2,3,3,3,2,2,2,2,2,2,2,2,2,2,2
2659,1,1,1,1,1,1,1,1,1,1,1,1,1,1,1,1,1,1,1,1,1
2660,30,30,32,29,26,23,23,27,28,30,27,24,22,22,26,26,28,26,23,21,21
2661,2,2,2,2,2,1,1,2,2,2,2,2,1,1,2,2,2,2,2,1,1
2662,4,4,5,4,3,3,3,4,4,5,4,3,3,3,4,4,5,4,3,3,3
2663,1,1,1,1,1,1,1,1,1,1,1,1,1,1,1,1,1,1,1,1,1
2664,31,35,34,31,26,23,24,27,31,31,30,25,22,22,26,29,30,28,24,22,23
2665,18,18,18,15,13,12,13,14,15,15,13,11,10,11,12,12,12,11,10,9,10
2666,2,2,2,2,2,1,1,2,2,2,2,2,1,1,2,2,2,2,2,2,1
2667,2,2,2,2,2,1,1,2,2,2,2,2,1,1,2,2,2,2,2,1,1
2668,3,4,4,3,2,2,2,3,4,4,3,2,2,2,3,4,4,3,2,2,2
2669,3,4,4,4,4,3,3,3,4,4,4,4,3,3,3,4,4,4,4,3,3
2670,33,37,38,34,29,26,26,31,36,36,34,30,28,27,29,30,30,28,23,21,21
2671,2,2,2,2,1,1,1,2,2,2,2,1,1,1,2,2,2,2,1,1,1
2672,10,10,8,7,7,6,7,8,8,8,7,7,6,7,8,8,8,7,7,6,7
2673,0,0,0,0,0,0,0,0,0,0,0,0,0,0,0,0,0,0,0,0,0
2674,0,0,0,0,0,0,0,0,0,0,0,0,0,0,0,0,0,0,0,0,0
2675,3,2,2,2,2,2,3,3,2,2,2,2,2,3,3,2,2,2,2,2,3
2676,13,13,14,13,12,11,10,11,11,12,11,10,9,9,10,10,12,11,10,9,9
2677,7,7,7,7,6,6,6,7,7,7,7,6,6,6,7,7,7,7,6,6,6
2678,8,8,8,7,7,6,6,8,8,8,7,7,6,6,8,8,8,7,7,6,6
2679,0,1,0,0,0,0,0,0,1,0,0,0,0,0,0,1,0,0,0,0,0
2680,1,1,1,1,1,1,1,1,1,1,1,1,1,1,1,1,1,1,1,1,1
2681,2,2,2,2,2,2,2,2,2,2,2,2,2,2,2,2,2,2,2,2,2
2682,2,2,2,2,2,2,2,2,2,2,2,2,2,2,2,2,2,2,2,2,2
2683,0,0,0,0,0,0,0,0,0,0,0,0,0,0,0,0,0,0,0,0,0
2684,1,1,1,1,0,0,1,1,1,1,1,0,0,1,1,1,1,1,0,0,1
2685,7,7,8,6,5,5,5,7,7,8,6,5,5,5,7,7,8,6,5,5,5
2686,6,6,7,7,7,6,5,6,6,7,7,7,6,5,6,6,7,7,7,6,5
2687,16,22,24,24,21,16,16,20,25,26,25,21,16,15,19,24,26,25,21,18,19
2688,3,3,3,2,2,2,3,4,4,3,2,2,2,3,4,4,4,3,2,2,3
2689,0,0,0,0,0,0,0,0,0,0,0,0,0,0,0,0,0,0,0,0,0
2690,1,1,1,1,1,1,1,1,1,1,1,1,1,1,1,2,1,1,1,1,1
2691,28,30,28,24,22,19,20,22,24,24,21,20,17,18,20,21,22,19,18,16,17
2692,2,2,2,2,2,2,2,2,2,2,2,2,2,2,2,2,2,2,2,2,2
2693,64,66,63,53,47,44,48,58,63,57,51,44,41,43,49,51,50,46,41,39,44
2694,2,2,2,1,1,1,2,2,2,2,1,1,1,2,2,2,2,1,1,1,2
2695,52,53,51,44,36,31,34,39,41,38,35,32,31,35,38,37,37,35,31,28,30
2696,2,3,2,2,2,2,2,3,3,2,2,2,2,2,3,3,2,2,2,2,2
2697,2,3,3,2,2,2,2,2,3,3,2,2,2,2,2,3,3,2,2,2,2
2698,0,0,0,0,0,0,0,0,0,0,0,0,0,0,0,0,0,0,0,0,0
2699,1,1,1,1,1,1,1,1,1,1,1,1,1,1,1,1,1,1,1,1,1
2700,1,1,1,1,1,1,1,1,1,1,1,1,1,1,1,1,1,1,1,1,1
2701,0,0,0,0,0,0,0,0,0,0,0,0,0,0,0,0,0,0,0,0,0
2702,1,1,1,1,1,1,1,1,1,1,1,1,1,1,2,2,2,2,1,1,2
2703,0,0,0,0,0,0,0,0,0,0,0,0,0,0,0,0,0,0,0,0,0
2704,0,0,0,0,0,0,0,0,0,0,0,0,0,0,0,0,0,0,0,0,0
2705,0,0,0,0,0,0,0,0,0,0,0,0,0,0,0,0,0,0,0,0,0
2706,0,0,0,1,0,0,0,0,0,0,1,0,0,0,0,0,0,1,0,0,0
2707,1,1,1,1,1,1,1,1,1,1,1,1,1,1,1,1,1,1,1,1,1
2708,0,0,0,0,0,0,0,0,0,0,0,0,0,0,0,0,0,0,0,0,0
2709,0,0,0,0,0,0,0,0,0,0,0,0,0,0,0,0,0,0,0,0,0
2710,0,0,0,0,0,0,0,0,0,0,0,0,0,0,0,0,0,0,0,0,0
2711,0,0,0,0,0,0,0,0,0,0,0,0,0,0,0,0,0,0,0,0,0
2712,0,0,0,0,0,0,0,0,0,0,0,0,0,0,0,0,0,0,0,0,0
2713,0,0,0,0,0,0,0,0,0,0,0,0,0,0,0,0,0,0,0,0,0
2714,1,1,1,1,1,1,0,1,1,1,1,1,1,0,1,1,1,1,1,1,0
2715,0,0,0,0,0,0,0,0,0,0,0,0,0,0,0,0,0,0,0,0,0
2716,0,0,0,0,0,0,0,0,0,0,0,0,0,0,0,0,0,0,0,0,0
2717,0,0,0,0,0,0,0,0,0,0,0,0,0,0,0,0,0,0,0,0,0
2718,2,2,4,3,2,3,2,2,2,4,3,2,3,2,2,2,4,3,2,3,2
2719,0,0,0,0,0,0,0,0,0,0,0,0,0,0,0,0,0,0,0,0,0
2720,0,0,0,0,0,0,0,0,0,0,0,0,0,0,0,0,0,0,0,0,0
2721,0,0,0,0,0,0,0,0,0,0,0,0,0,0,0,0,0,0,0,0,0
2722,4,3,2,2,2,1,1,2,2,2,2,1,1,1,2,1,1,1,1,1,1
2723,6,5,4,4,3,3,3,4,4,3,3,2,2,3,3,2,2,2,2,2,2
2724,0,0,0,1,1,1,0,0,0,0,1,1,1,0,0,0,0,1,1,1,0
2725,1,1,0,0,0,1,1,1,1,0,1,0,0,1,1,0,0,0,0,0,0
2726,1,1,1,2,1,1,2,2,2,2,2,2,2,2,2,2,2,2,2,2,2
2727,1,1,1,1,1,1,1,1,1,1,1,1,1,1,2,2,1,1,1,1,1
2728,2,2,2,2,2,2,2,2,2,2,2,2,2,2,2,2,2,2,2,2,2
2729,0,0,0,0,0,0,0,0,0,0,0,0,0,0,0,0,0,0,0,0,0
2730,1,1,1,1,1,1,1,2,2,1,1,1,1,1,2,1,1,1,1,1,1
2731,1,1,1,1,1,1,1,1,1,1,1,1,1,1,1,1,1,1,1,1,1
2732,0,0,0,0,0,0,0,0,0,0,0,0,0,0,0,0,0,0,0,0,0
2733,2,1,1,1,0,0,0,1,0,0,0,0,0,0,0,0,0,0,0,0,0
2734,4,5,5,4,2,2,3,5,5,5,4,2,2,4,5,5,5,4,3,2,4
2735,181,213,214,184,139,118,120,143,184,194,174,132,117,120,147,190,206,189,148,128,133
2736,0,0,0,0,0,0,0,0,0,0,0,0,0,0,0,0,0,0,0,0,0
2737,1,1,1,1,1,1,1,1,2,1,1,1,1,2,2,2,2,1,1,2,2
2738,16,16,14,13,13,13,14,15,15,13,13,12,12,13,14,14,12,12,12,12,13
2739,1,0,1,1,0,0,0,1,1,1,1,0,0,0,1,1,1,1,0,0,0
2740,0,0,0,0,0,0,0,0,0,0,0,0,0,0,0,0,0,0,0,0,0
2741,0,0,0,0,0,0,0,0,0,0,0,0,0,0,0,0,0,0,0,0,0
2742,0,0,0,0,0,0,0,0,0,0,0,0,0,0,0,0,0,0,0,0,0
2743,0,0,0,0,0,0,0,0,0,0,0,0,0,0,0,0,0,0,0,0,0
2744,0,0,0,0,0,0,0,0,0,0,0,0,0,0,0,0,0,0,0,0,0
2745,24,29,30,26,24,19,18,24,29,30,26,23,19,18,23,27,28,25,22,17,17
2746,34,42,47,45,40,35,33,40,45,44,41,37,34,33,38,40,42,39,35,32,34
2747,3,3,3,2,2,2,2,3,3,3,2,2,2,2,2,3,3,2,2,2,2
2748,0,0,0,0,0,0,0,0,0,0,0,0,0,0,0,0,0,0,0,0,0
2749,39,42,40,36,33,30,34,41,46,43,38,32,27,30,38,46,45,42,38,36,43
2750,2,2,2,1,1,1,2,2,2,2,1,1,1,2,2,2,2,1,1,1,2
2751,0,0,0,0,0,0,0,0,0,0,0,0,0,0,0,0,0,0,0,0,0
2752,25,25,23,21,18,16,16,21,22,21,19,16,14,15,19,21,19,18,15,14,14
2753,2,3,2,3,2,2,2,3,3,3,3,2,2,2,2,3,3,3,2,2,2
2754,14,13,14,13,11,9,9,14,13,14,13,11,9,9,14,13,14,13,11,9,9
2755,20,19,18,16,14,12,13,14,15,14,13,11,9,9,11,11,12,11,9,8,8
2756,3,3,3,3,3,2,3,3,3,3,3,3,3,3,3,3,3,3,3,3,3
2757,45,51,54,35,29,23,24,44,49,49,31,26,21,22,40,44,45,28,23,19,20
2758,9,8,9,8,8,7,7,9,9,9,9,8,7,8,9,9,9,9,8,7,8
2759,4,4,4,3,3,2,3,3,4,4,3,3,2,3,3,4,4,3,3,2,3
2760,1,1,0,0,0,0,0,0,0,0,0,0,0,0,0,0,0,0,0,0,0
2761,15,15,15,12,10,10,11,14,14,14,12,9,9,11,12,13,12,10,8,9,10
2762,1,1,0,1,0,0,0,1,1,1,1,0,0,0,1,1,1,1,0,0,0
2763,9,9,8,7,7,6,5,6,7,7,6,6,5,5,6,6,6,6,5,5,4
2764,1,1,1,2,1,1,1,1,1,1,2,1,1,1,1,1,1,2,1,1,1
2765,4,4,4,4,4,4,3,4,4,4,4,3,3,3,3,4,3,3,3,3,3
2766,3,3,2,2,2,2,2,3,3,2,2,2,2,2,2,3,2,2,2,1,2
2767,5,5,6,5,4,4,4,5,6,6,5,5,4,4,5,6,6,5,4,4,4
2768,25,27,29,36,36,34,30,31,33,32,37,36,34,30,29,29,28,33,33,32,29
2769,0,0,0,0,0,0,0,0,0,0,0,0,0,0,0,0,0,0,0,0,0
2770,0,0,0,0,0,0,0,0,0,0,0,0,0,0,0,0,0,0,0,0,0
2771,14,13,12,10,9,8,8,9,9,9,7,6,6,6,7,7,6,6,5,5,5
2772,0,0,0,0,0,0,0,0,0,0,0,0,0,0,0,0,0,0,0,0,0
2773,3,4,5,5,5,4,5,5,6,5,5,5,5,5,5,5,5,5,5,5,5
2774,7,9,9,9,8,6,6,7,8,8,8,7,5,5,6,7,7,7,6,4,5
2775,155,165,168,138,121,122,130,156,164,156,126,109,115,122,145,153,154,128,110,115,124
2776,31,37,41,39,34,27,27,33,42,46,43,35,27,26,31,39,43,42,35,28,28
2777,28,30,33,31,30,25,24,29,31,33,30,27,22,22,25,26,27,24,22,18,17
2778,9,9,9,7,6,5,5,6,6,7,5,5,4,4,4,5,6,5,4,3,4
2779,217,250,286,281,260,226,234,269,297,309,281,254,238,252,284,326,377,363,327,279,270
2780,110,129,123,102,87,78,89,104,113,103,89,77,72,82,95,106,109,95,82,75,87
2781,126,156,173,164,137,113,116,143,156,154,142,115,102,107,135,155,169,164,139,121,122
2782,3,4,4,5,4,4,3,3,4,4,5,4,4,3,3,4,4,5,4,4,3
2783,0,0,0,0,0,0,0,0,0,0,0,0,0,0,0,0,0,0,0,0,0
2784,3,3,2,2,1,2,2,3,3,2,2,1,2,2,3,3,2,2,1,2,2
2785,23,23,24,23,20,17,16,23,23,24,23,20,17,16,23,23,24,23,20,17,16
2786,16,21,20,17,16,12,13,16,21,20,17,15,12,12,16,20,19,17,15,11,12
2787,2,2,1,1,1,1,1,2,2,2,1,1,1,1,2,2,2,1,1,1,1
2788,98,112,143,141,129,90,87,114,129,151,144,126,86,83,114,133,154,148,132,96,101
2789,66,92,92,85,69,49,44,62,86,87,84,69,51,47,64,84,85,83,68,50,47
2790,39,42,41,35,30,27,29,31,35,35,31,28,26,27,29,33,34,32,28,26,26
2791,0,0,0,0,0,0,0,0,0,0,0,0,0,0,0,0,0,0,0,0,0
2792,0,1,0,0,0,0,0,0,1,1,1,0,0,0,0,1,1,0,0,0,0
2793,10,11,10,9,8,7,6,8,9,9,8,7,6,6,7,9,9,8,7,6,5
2794,18,23,23,18,15,14,13,18,23,23,18,15,14,13,18,23,23,18,15,14,13
2795,0,0,0,0,0,0,0,0,0,0,0,0,0,0,0,0,0,0,0,0,0
2796,9,11,11,10,8,7,7,9,10,11,10,7,7,7,9,10,11,9,7,7,7
2797,5,6,5,5,4,4,5,5,6,5,5,4,4,5,5,6,5,5,4,4,5
2798,15,13,12,12,10,9,10,14,13,13,13,12,10,10,14,13,13,13,11,9,11
2799,15,16,15,13,11,10,9,10,12,12,11,10,9,8,10,11,11,11,9,8,8
2800,2,2,2,2,2,2,1,1,2,2,2,2,1,1,1,2,2,2,2,2,1
2801,2,2,2,2,2,2,2,2,2,2,2,2,2,2,2,2,2,2,2,2,2
2802,2,3,3,3,2,2,2,3,3,3,3,2,2,2,3,3,3,2,2,2,2
2803,3,4,4,4,3,3,3,4,5,5,4,4,4,4,5,6,6,5,5,5,5
2804,80,93,96,84,70,58,61,73,84,88,80,67,57,58,72,82,88,80,67,56,59
2805,9,10,9,9,8,7,8,8,9,8,8,7,7,7,7,7,7,7,6,5,6
2806,19,26,21,19,12,14,14,20,26,22,19,12,14,14,20,26,22,19,12,14,14
2807,23,25,28,26,22,18,16,21,25,30,28,24,18,16,21,25,30,28,24,20,18
2808,1,1,1,1,1,1,1,1,1,1,1,1,1,1,1,1,1,1,1,1,1
2809,4,4,4,3,3,2,3,3,3,3,3,2,2,2,3,3,3,2,2,2,2
2810,1,2,2,2,2,2,2,2,3,3,3,2,2,2,3,3,3,3,2,2,2
2811,1,1,0,0,0,0,0,0,0,0,0,0,0,0,0,0,0,0,0,0,0
2812,0,1,0,0,0,0,0,0,1,0,0,0,0,0,0,1,0,0,0,0,0
2813,43,43,44,41,42,41,43,43,43,44,41,42,41,43,43,43,44,41,42,41,43
2814,4,5,6,5,4,3,3,4,5,6,5,4,3,3,4,5,6,5,4,3,3
2815,25,30,29,23,21,20,22,26,30,29,22,20,20,21,25,30,28,22,20,19,21
2816,3,3,2,2,2,2,2,3,3,2,2,2,2,2,3,3,2,2,2,2,2
2817,9,10,10,9,8,6,7,7,8,8,8,7,6,6,7,8,8,8,6,6,6
2818,6,7,7,6,5,5,5,7,7,7,6,5,5,5,6,7,6,6,5,5,5
2819,22,25,26,22,19,16,17,22,24,24,20,16,14,14,18,20,19,16,13,12,13
2820,32,32,31,27,23,21,23,30,32,30,27,23,20,21,29,31,31,28,24,23,26
2821,23,28,27,21,19,16,17,22,28,28,23,20,16,17,21,27,27,22,20,17,18
2822,75,90,93,81,66,58,62,73,81,78,69,58,54,56,67,71,73,67,55,51,56
2823,3,5,8,8,7,4,2,3,5,8,8,7,4,2,3,5,8,8,7,4,2
2824,7,7,7,7,6,5,5,6,6,7,7,6,4,4,6,6,6,6,5,4,4
2825,10,10,11,9,7,10,8,10,10,11,9,7,10,8,10,10,11,9,7,10,8
2826,9,9,8,6,6,5,6,7,8,7,6,6,5,6,7,7,7,5,6,5,6
2827,22,25,26,23,20,16,15,17,21,22,20,17,14,13,15,17,19,18,15,13,11
2828,2,2,1,2,2,1,1,2,2,1,2,2,1,1,2,2,1,2,2,1,1
2829,1,1,1,1,1,0,0,1,1,1,1,1,0,0,1,1,1,1,1,0,0
2830,1,1,1,0,1,0,1,1,1,1,0,1,0,1,1,1,1,0,1,0,1
2831,1,1,1,1,1,1,1,1,1,1,1,1,1,1,1,1,1,1,1,1,1
2832,8,10,9,9,8,8,7,8,10,9,9,8,8,7,8,10,9,9,8,8,7
2833,1,1,1,1,0,0,1,1,1,1,1,0,0,1,1,1,1,1,0,0,1
2834,1,1,1,1,1,1,1,1,1,1,1,1,1,1,1,1,1,1,1,1,1
2835,0,0,0,0,0,0,0,0,0,0,0,0,0,0,0,0,0,0,0,0,0
2836,0,0,0,0,0,0,0,0,0,0,0,0,0,0,0,0,0,0,0,0,0
2837,0,0,0,0,0,0,0,0,0,0,0,0,0,0,0,0,0,0,0,0,0
2838,3,3,3,3,2,2,2,3,3,3,3,2,2,3,3,3,3,2,2,2,3
2839,5,4,4,4,3,3,3,3,3,3,3,3,3,3,3,3,3,3,3,2,2
2840,2,2,2,2,2,2,2,2,3,2,2,2,2,2,2,2,2,2,2,2,2
2841,0,0,1,1,1,0,0,0,0,1,1,1,0,0,0,0,1,1,1,0,0
2842,1,1,1,1,1,1,1,1,1,1,1,1,1,1,1,1,1,1,1,1,1
2843,2,4,5,6,7,7,4,3,5,5,6,7,6,4,3,4,5,5,6,6,4
2844,1,1,1,1,1,1,1,1,1,1,1,1,1,1,1,1,1,1,1,0,1
2845,0,0,0,0,0,0,0,0,0,0,0,0,0,0,0,0,0,0,0,0,0
2846,0,0,0,0,0,0,0,0,0,0,0,0,0,0,0,0,0,0,0,0,0
2847,0,0,0,0,0,0,0,0,0,0,0,0,0,0,0,0,0,0,0,0,0
2848,0,0,0,0,0,0,0,0,0,0,0,0,0,0,0,0,0,0,0,0,0
2849,2,3,2,2,2,2,2,2,2,2,2,2,2,2,2,2,2,2,2,2,2
2850,0,0,0,0,0,0,0,0,0,0,0,0,0,0,0,0,0,0,0,0,0
2851,0,0,0,0,0,0,0,0,0,0,0,0,0,0,0,0,0,0,0,0,0
2852,0,0,0,0,0,0,0,0,0,0,0,0,0,0,0,0,0,0,0,0,0
2853,0,0,0,0,0,0,0,0,0,0,0,0,0,0,0,0,0,0,0,0,0
2854,3,4,4,3,3,2,3,3,3,3,3,2,2,2,3,3,3,3,2,2,2
2855,0,0,0,0,0,0,0,0,0,0,0,0,0,0,0,0,0,0,0,0,0
2856,0,0,0,0,0,0,0,0,0,0,0,0,0,0,0,0,0,0,0,0,0
2857,0,0,0,0,0,0,0,0,0,0,0,0,0,0,0,0,0,0,0,0,0
2858,0,0,0,0,0,0,0,0,0,0,0,0,0,0,0,0,0,0,0,0,0
2859,0,0,0,0,0,0,0,0,0,0,0,0,0,0,0,0,0,0,0,0,0
2860,0,0,0,0,0,0,0,0,0,0,0,0,0,0,0,0,0,0,0,0,0
2861,0,0,0,0,0,0,0,0,0,0,0,0,0,0,0,0,0,0,0,0,0
2862,0,0,0,0,0,0,0,0,0,0,0,0,0,0,0,0,0,0,0,0,0
2863,0,0,0,0,0,0,0,0,0,0,0,0,0,0,0,0,0,0,0,0,0
2864,8,8,7,3,4,4,4,8,8,7,3,4,3,4,7,8,7,3,4,3,4
2865,1,1,0,0,0,0,0,1,1,1,0,0,0,0,1,1,1,0,0,0,0
2866,0,0,0,0,0,0,0,0,0,0,0,0,0,0,0,0,0,0,0,0,0
2867,1,1,1,1,1,1,1,1,1,1,1,1,1,1,1,1,1,1,1,1,1
2868,1,1,1,1,1,1,1,1,1,1,1,0,0,0,1,1,1,0,0,0,0
2869,1,1,1,1,1,1,1,1,1,1,1,1,1,1,1,1,1,1,1,1,1
2870,0,1,1,1,2,1,1,0,1,1,1,2,1,1,0,1,1,1,2,1,1
2871,0,0,0,1,1,0,0,0,0,0,1,1,0,0,0,0,0,1,1,0,0
2872,0,0,0,0,0,0,0,0,0,0,0,0,0,0,0,0,0,0,0,0,0
2873,0,0,0,0,0,0,0,0,0,0,0,0,0,0,0,0,0,0,0,0,0
2874,0,0,0,0,0,0,0,0,0,0,0,0,0,0,0,0,0,0,0,0,0
2875,0,0,0,0,0,0,0,0,0,0,0,0,0,0,0,0,0,0,0,0,0
2876,1,0,0,0,0,0,0,0,0,0,0,0,0,0,0,0,0,0,0,0,0
2877,4,4,3,3,2,2,2,3,3,3,2,2,2,2,2,2,2,2,2,2,2
2878,8,6,4,3,2,2,2,2,1,1,1,1,1,1,1,1,1,1,0,1,1
2879,0,0,0,0,0,0,0,0,0,0,0,0,0,0,0,0,0,0,0,0,0
2880,0,0,0,0,0,0,0,0,0,0,0,0,0,0,0,0,0,0,0,0,0
2881,0,0,0,0,0,0,0,0,0,0,0,0,0,0,0,0,0,0,0,0,0
2882,4,3,3,2,2,2,3,3,3,3,2,2,3,3,3,3,3,3,3,3,3
2883,0,0,0,0,0,0,0,0,0,0,0,0,0,0,0,0,0,0,0,0,0
2884,0,0,0,0,0,0,0,0,0,0,0,0,0,0,0,0,0,0,0,0,0
2885,0,0,0,0,0,0,0,0,0,0,0,0,0,0,0,0,0,0,0,0,0
2886,0,0,0,0,0,0,0,0,0,0,0,0,0,0,0,0,0,0,0,0,0
2887,0,0,0,0,0,0,0,0,0,0,0,0,0,0,0,0,0,0,0,0,0
2888,0,1,0,1,1,0,0,1,1,0,1,1,0,0,1,1,0,1,1,0,0
2889,0,0,0,0,0,0,0,0,0,0,0,0,0,0,0,0,0,0,0,0,0
2890,0,0,0,0,0,0,0,0,0,0,0,0,0,0,0,0,0,0,0,0,0
2891,0,0,0,0,0,0,0,0,0,0,0,0,0,0,0,0,0,0,0,0,0
2892,0,0,0,0,0,0,0,0,0,0,0,0,0,0,0,0,0,0,0,0,0
2893,1,1,2,2,2,2,1,1,1,2,2,2,2,1,1,1,2,2,2,2,1
2894,1,1,1,1,1,1,1,1,1,1,1,1,0,0,1,1,1,1,1,1,1
2895,0,0,0,0,0,0,0,0,0,0,0,0,0,0,0,0,0,0,0,0,0
2896,0,0,0,0,0,0,0,0,0,0,0,0,0,0,0,0,0,0,0,0,0
2897,21,20,19,17,15,14,15,18,19,18,16,15,15,15,17,17,16,14,13,12,13
2898,9,9,10,10,10,9,9,9,9,10,10,10,9,9,9,9,10,10,10,9,9
2899,2,2,2,2,2,1,1,2,2,2,2,2,1,1,2,2,2,2,2,1,1
2900,14,14,15,14,12,10,11,13,14,14,13,12,10,11,12,12,12,11,10,8,9
2901,2,3,3,2,2,2,2,2,3,3,2,2,2,2,2,2,3,2,2,2,2
2902,6,6,5,5,5,5,4,6,6,5,5,5,5,4,6,6,5,5,5,5,4
2903,1,1,1,1,1,0,1,1,1,1,1,1,0,1,1,1,1,1,1,0,1
2904,0,0,0,0,0,0,0,0,0,0,0,0,0,0,0,0,0,0,0,0,0
2905,0,0,0,0,0,0,0,0,0,0,0,0,0,0,0,0,0,0,0,0,0
2906,0,0,0,0,0,0,0,0,0,0,0,0,0,0,0,0,0,0,0,0,0
2907,9,10,8,10,9,7,8,9,10,8,10,9,7,8,9,10,8,10,9,7,8
2908,1,1,1,0,0,0,0,1,1,1,0,0,0,0,1,1,1,0,0,0,0
2909,1,1,1,1,1,1,1,1,0,0,0,0,0,0,0,0,0,0,0,0,0
2910,1,1,1,1,1,1,1,1,1,1,1,1,1,1,1,1,1,1,1,1,1
2911,6,7,8,7,7,6,6,6,7,8,7,7,6,6,6,7,8,7,7,6,6
2912,8,8,7,6,6,6,6,8,8,7,6,6,6,6,8,8,7,6,6,6,6
2913,0,0,0,0,0,0,0,0,0,0,0,0,0,0,0,0,0,0,0,0,0
2914,14,16,15,12,11,11,12,14,16,15,12,11,11,12,14,16,15,12,11,11,12
2915,7,6,6,7,6,6,6,6,5,6,7,6,5,6,6,5,6,7,6,5,6
2916,4,4,5,4,4,4,4,4,5,5,4,4,4,4,4,5,5,4,4,3,4
2917,0,0,0,0,0,0,0,0,0,0,0,0,0,0,0,0,0,0,0,0,0
2918,0,0,0,0,0,0,0,0,0,0,0,0,0,0,0,0,0,0,0,0,0
2919,9,8,8,7,6,7,7,10,9,8,6,5,6,6,8,7,6,5,4,5,6
2920,1,1,1,1,1,1,1,1,1,1,1,1,1,1,1,1,1,1,1,1,1
2921,2,2,2,2,2,2,2,2,2,2,2,2,2,2,2,2,2,2,2,2,2
2922,0,0,0,0,0,0,0,0,0,0,0,0,0,0,0,0,0,0,0,0,0
2923,13,15,15,13,11,10,11,13,15,15,13,11,10,11,13,15,15,13,11,10,11
2924,1,1,1,1,0,0,1,1,1,1,1,0,0,0,1,1,1,1,0,0,1
2925,0,0,0,0,0,0,0,0,0,0,0,0,0,0,0,0,0,0,0,0,0
2926,1,1,1,0,0,0,0,0,0,0,0,0,0,0,0,0,0,0,0,0,0
2927,0,0,0,0,0,0,0,0,0,0,0,0,0,0,0,0,0,0,0,0,0
2928,0,0,0,0,0,0,0,0,0,0,0,0,0,0,0,0,0,0,0,0,0
2929,0,0,0,0,0,0,0,0,0,0,0,0,0,0,0,0,0,0,0,0,0
2930,0,0,0,0,0,0,0,0,0,0,0,0,0,0,0,0,0,0,0,0,0
2931,0,0,0,0,0,0,0,0,0,0,0,0,0,0,0,0,0,0,0,0,0
2932,0,0,0,0,0,0,0,0,0,0,0,0,0,0,0,0,0,0,0,0,0
2933,0,0,0,0,0,0,0,0,0,0,0,0,0,0,0,0,0,0,0,0,0
2934,0,0,0,0,0,0,0,0,0,0,0,0,0,0,0,0,0,0,0,0,0
2935,0,0,0,0,0,0,0,0,0,0,0,0,0,0,0,0,0,0,0,0,0
2936,0,0,0,0,0,0,0,0,0,0,0,0,0,0,0,0,0,0,0,0,0
2937,0,0,0,0,0,0,0,0,0,0,0,0,0,0,0,0,0,0,0,0,0
2938,0,0,0,0,0,0,0,0,0,0,0,0,0,0,0,0,0,0,0,0,0
2939,0,0,0,0,0,0,0,0,0,0,0,0,0,0,0,0,0,0,0,0,0
2940,0,0,0,0,0,0,0,0,0,0,0,0,0,0,0,0,0,0,0,0,0
2941,0,0,0,0,0,0,0,0,0,0,0,0,0,0,0,0,0,0,0,0,0
2942,0,0,0,0,0,0,0,0,0,0,0,0,0,0,0,0,0,0,0,0,0
2943,2,2,3,2,3,2,2,2,2,3,3,3,2,2,2,2,3,2,3,2,2
2944,48,50,46,39,35,33,40,52,60,59,49,43,40,45,54,59,59,51,41,36,41
2945,0,0,0,0,0,0,0,0,0,0,0,0,0,0,0,0,0,0,0,0,0
2946,2,2,2,1,1,2,2,2,2,2,1,1,2,2,2,2,2,1,1,2,2
2947,0,0,0,0,0,0,0,0,0,0,0,0,0,0,0,0,0,0,0,0,0
2948,0,0,0,0,0,0,0,0,0,0,0,0,0,0,0,0,0,0,0,0,0
2949,0,0,0,0,0,0,0,0,0,0,0,0,0,0,0,0,0,0,0,0,0
2950,0,0,0,0,0,0,0,0,0,0,0,0,0,0,0,0,0,0,0,0,0
2951,0,0,0,0,0,0,0,0,0,0,0,0,0,0,0,0,0,0,0,0,0
2952,1,1,1,0,0,0,0,1,1,1,1,1,1,1,2,4,5,4,4,5,5
2953,4,5,5,4,3,3,3,4,5,5,4,3,3,3,4,5,5,4,3,3,3
2954,5,5,6,5,4,3,3,5,5,6,5,4,3,3,5,5,6,5,4,3,3
2955,104,109,96,79,59,49,53,65,77,72,65,52,46,51,62,73,72,67,55,48,53
2956,10,9,9,8,7,7,9,10,9,9,8,7,7,9,10,9,9,8,7,7,9
2957,2,2,1,1,2,2,2,2,2,2,2,2,3,3,2,2,2,2,2,2,2
2958,4,4,5,4,4,3,4,4,5,5,4,4,3,4,4,4,4,4,3,3,3
2959,4,4,4,3,3,3,3,3,4,4,3,3,2,3,3,4,3,3,3,2,3
2960,0,0,0,0,0,0,0,0,0,0,0,0,0,0,0,0,0,0,0,0,0
2961,2,2,2,2,2,2,2,2,2,2,2,2,2,2,2,2,2,2,2,2,2
2962,0,0,0,0,0,0,0,0,0,0,0,0,0,0,0,0,0,0,0,0,0
2963,0,0,0,0,0,0,0,0,0,0,0,0,0,0,0,0,0,0,0,0,0
2964,0,0,0,0,0,0,0,0,0,0,0,0,0,0,0,0,0,0,0,0,0
2965,0,1,0,0,0,0,0,0,1,0,0,0,0,0,0,1,0,0,0,0,0
2966,31,33,30,28,24,24,26,27,30,29,28,24,24,26,27,30,29,27,23,23,25
2967,1,2,2,1,1,1,1,1,2,2,1,1,1,1,1,2,2,1,1,1,1
2968,1,1,1,0,1,0,0,1,1,1,0,1,0,0,1,1,1,0,1,0,0
2969,0,0,0,0,0,0,0,0,0,0,0,0,0,0,0,0,0,0,0,0,0
2970,1,1,1,1,1,1,1,1,1,1,1,1,1,1,1,1,1,1,1,1,1
2971,0,0,0,0,0,0,0,0,0,0,0,0,0,0,0,0,0,0,0,0,0
2972,3,4,4,3,3,2,3,3,4,4,4,3,3,3,3,4,4,3,3,2,3
2973,0,0,0,0,0,0,0,0,0,0,0,0,0,0,0,0,0,0,0,0,0
2974,6,7,6,6,6,5,5,6,7,6,6,6,5,5,6,7,6,6,6,5,5
2975,6,7,6,6,6,5,5,6,7,6,6,6,5,5,6,7,6,6,6,5,5
2976,6,6,6,5,5,5,5,6,6,7,7,6,6,6,6,6,7,6,5,5,6
2977,8,8,7,7,6,6,6,7,7,6,7,6,6,6,7,7,7,7,6,6,6
2978,17,16,17,15,14,13,13,16,15,15,14,13,12,12,14,13,14,12,12,11,11
2979,1,1,1,1,1,1,1,1,1,1,1,1,1,1,1,1,1,1,1,1,1
2980,3,3,2,2,2,2,2,2,2,2,2,1,2,2,2,2,2,2,1,2,2
2981,0,1,1,1,1,0,0,1,1,1,1,1,0,0,0,1,1,1,1,0,0
2982,1,1,1,1,1,1,1,1,1,1,1,1,1,1,1,1,1,1,1,1,1
2983,2,3,2,2,2,2,2,2,2,2,2,2,2,2,2,2,2,2,2,2,2
2984,0,0,0,0,0,0,0,0,0,0,0,0,0,0,0,0,0,0,0,0,0
2985,0,0,0,0,0,0,0,0,0,0,0,0,0,0,0,0,0,0,0,0,0
2986,0,0,0,0,0,0,0,0,0,0,0,0,0,0,0,0,0,0,0,0,0
2987,0,1,1,0,0,0,0,1,1,1,0,0,0,0,1,1,1,0,0,0,0
2988,0,0,0,0,0,0,0,0,0,0,0,0,0,0,0,0,0,0,0,0,0
2989,0,0,0,0,0,0,0,0,0,0,0,0,0,0,0,0,0,0,0,0,0
2990,0,0,0,0,0,0,0,0,0,0,0,0,0,0,0,0,0,0,0,0,0
2991,0,0,0,0,0,0,0,0,0,0,0,0,0,0,0,0,0,0,0,0,0
2992,6,7,8,9,8,6,5,6,7,8,9,8,6,5,6,7,8,9,8,6,5
2993,0,0,0,0,0,0,0,0,0,0,0,0,0,0,0,0,0,0,0,0,0
2994,3,3,3,3,3,2,2,3,3,3,3,3,2,2,3,3,3,3,3,2,2
2995,1,0,0,0,0,0,0,1,0,0,0,0,0,0,1,0,0,0,0,0,0
2996,6,6,5,5,4,4,5,5,6,5,5,4,4,4,5,5,5,4,4,4,4
2997,0,0,0,0,0,0,0,0,0,0,0,0,0,0,0,0,0,0,0,0,0
2998,3,4,5,4,3,2,1,3,4,5,4,3,2,1,3,4,5,4,3,2,1
2999,55,56,54,51,47,47,52,55,56,54,51,47,47,52,55,56,55,51,47,47,52
3000,1,1,2,1,1,1,1,1,1,2,1,1,1,1,1,1,2,1,1,1,1
3001,1,1,1,0,1,1,1,1,1,1,0,1,1,1,1,1,1,0,1,1,1
3002,0,0,0,0,0,0,0,0,0,0,0,0,0,0,0,0,0,0,0,0,0
3003,0,0,0,0,0,0,0,0,0,0,0,0,0,0,0,0,0,0,0,0,0
3004,0,0,0,0,0,0,0,0,0,0,0,0,0,0,0,0,0,0,0,0,0
3005,0,0,0,0,0,0,0,0,0,0,0,0,0,0,0,0,0,0,0,0,0
3006,0,0,0,0,0,0,0,0,0,0,0,0,0,0,0,0,0,0,0,0,0
3007,0,0,0,0,0,0,0,0,0,0,0,0,0,0,0,0,0,0,0,0,0
3008,0,0,0,0,0,0,0,0,0,0,0,0,0,0,0,0,0,0,0,0,0
3009,0,0,0,0,0,0,0,0,0,0,0,0,0,0,0,0,0,0,0,0,0
3010,15,16,15,13,12,11,11,13,14,13,12,11,10,11,13,13,12,11,10,9,10
3011,1,2,2,1,1,0,1,1,2,2,1,1,0,1,1,2,2,1,1,0,1
3012,3,3,3,3,2,2,2,3,3,3,3,2,2,2,3,3,3,3,2,2,2
3013,10,11,11,10,10,8,8,10,11,10,10,9,8,8,10,10,10,9,8,8,8
3014,6,7,7,7,6,5,5,6,7,7,7,6,5,5,6,7,7,7,6,5,5
3015,0,0,0,0,0,0,0,0,0,0,0,0,0,0,0,0,0,0,0,0,0
3016,2,3,3,2,2,2,2,2,3,3,2,2,2,2,2,3,3,2,2,2,2
3017,12,13,12,10,8,7,8,9,11,10,9,8,7,8,9,9,9,8,7,6,7
3018,0,0,0,0,0,0,0,0,0,0,0,0,0,0,0,0,0,0,0,0,0
3019,0,0,0,0,0,0,0,0,0,0,0,0,0,0,0,0,0,0,0,0,0
3020,0,0,0,0,0,0,0,0,0,0,0,0,0,0,0,0,0,0,0,0,0
3021,2,2,2,2,2,1,1,2,2,2,2,2,1,1,2,2,2,2,2,1,1
3022,0,0,0,0,0,0,0,0,0,0,0,0,0,0,0,0,0,0,0,0,0
3023,0,0,0,0,0,0,0,0,0,0,0,0,0,0,0,0,0,0,0,0,0
3024,0,0,0,0,0,0,0,0,0,0,0,0,0,0,0,0,0,0,0,0,0
3025,0,0,0,0,0,0,0,0,0,0,0,0,0,0,0,0,0,0,0,0,0
3026,0,0,0,0,0,0,0,0,0,0,0,0,0,0,0,0,0,0,0,0,0
3027,0,0,0,0,0,0,0,0,0,0,0,0,0,0,0,0,0,0,0,0,0
3028,4,4,3,2,2,1,2,4,4,3,2,2,1,2,4,4,3,2,2,1,2
3029,0,0,0,0,0,0,0,0,0,0,0,0,0,0,0,0,0,0,0,0,0
3030,4,5,5,5,4,2,2,4,5,5,5,4,2,2,4,5,5,5,4,2,2
3031,0,0,0,0,0,0,0,0,0,0,0,0,0,0,0,0,0,0,0,0,0
3032,7,8,8,8,6,6,5,7,8,8,8,6,6,5,7,8,8,8,6,6,5
3033,0,0,0,0,0,0,0,0,0,0,0,0,0,0,0,0,0,0,0,0,0
3034,2,3,3,3,2,2,2,2,2,3,3,2,2,2,2,2,3,3,2,2,2
3035,2,2,4,3,3,2,2,2,2,4,3,3,2,2,2,2,4,3,3,2,2
3036,7,9,11,13,13,8,6,7,10,12,13,13,8,6,8,10,12,13,13,8,6
3037,0,0,0,0,0,0,0,0,1,1,0,0,0,0,0,1,1,0,0,0,0
3038,0,0,0,0,0,0,0,0,0,0,0,0,0,0,0,0,0,0,0,0,0
3039,0,0,0,0,0,0,0,0,0,0,0,0,0,0,0,0,0,0,0,0,0
3040,3,2,1,1,1,1,1,2,1,1,1,1,1,1,2,2,1,1,1,1,2
3041,0,0,0,0,0,0,0,0,0,0,0,0,0,0,0,0,0,0,0,0,0
3042,0,0,0,0,0,0,0,0,0,0,0,0,0,0,0,0,0,0,0,0,0
3043,0,0,0,0,0,0,0,0,0,0,0,0,0,0,0,0,0,0,0,0,0
3044,0,0,0,0,0,0,0,0,0,0,0,0,0,0,0,0,0,0,0,0,0
3045,0,0,0,0,0,0,0,0,0,0,0,0,0,0,0,0,0,0,0,0,0
3046,1,1,1,1,1,1,1,1,1,1,1,1,1,1,1,1,1,1,1,1,1
3047,0,0,0,0,0,0,0,0,0,0,0,0,0,0,0,0,0,0,0,0,0
3048,0,0,0,0,0,0,0,0,0,0,0,0,0,0,0,0,0,0,0,0,0
3049,0,0,0,0,0,0,0,0,0,0,0,0,0,0,0,0,0,0,0,0,0
3050,0,0,0,0,0,0,0,0,0,0,0,0,0,0,0,0,0,0,0,0,0
3051,0,0,0,0,0,0,0,0,0,0,0,0,0,0,0,0,0,0,0,0,0
3052,0,0,0,0,0,0,0,0,0,0,0,0,0,0,0,0,0,0,0,0,0
3053,0,0,0,0,0,0,0,0,0,0,0,0,0,0,0,0,0,0,0,0,0
3054,1,1,1,1,1,1,1,1,1,1,1,1,1,1,1,1,1,1,1,1,1
3055,0,0,0,0,0,0,0,0,0,0,0,0,0,0,0,0,0,0,0,0,0
3056,0,0,0,0,0,0,0,0,0,0,0,0,0,0,0,0,0,0,0,0,0
3057,1,1,1,1,1,1,1,1,1,1,1,1,1,1,1,1,1,1,1,1,1
3058,25,25,24,21,20,18,19,22,22,21,19,17,16,17,18,17,16,15,14,13,13
3059,0,0,0,0,0,0,0,0,0,0,0,0,0,0,0,0,0,0,0,0,0
3060,0,0,0,0,0,0,0,0,0,0,0,0,0,0,0,0,0,0,0,0,0
3061,0,0,0,0,0,0,0,0,0,0,0,0,0,0,0,0,0,0,0,0,0
3062,6,6,5,6,5,5,5,6,6,5,6,5,5,5,6,6,5,6,5,5,5
3063,0,0,0,0,0,0,0,0,0,0,0,0,0,0,0,0,0,0,0,0,0
3064,0,0,0,0,0,0,0,0,0,0,0,0,0,0,0,0,0,0,0,0,0
3065,1,1,1,1,1,1,1,1,1,1,1,1,1,1,1,1,1,1,1,1,1
3066,3,3,3,3,3,2,3,3,3,3,3,3,2,3,3,3,3,3,3,2,2
3067,4,3,2,3,3,3,3,3,3,3,3,3,3,3,3,3,3,3,3,3,3
3068,0,0,1,1,0,0,0,0,0,1,1,0,0,0,0,0,1,1,0,0,0
3069,12,10,9,7,6,5,6,7,7,8,6,6,5,5,6,7,7,6,5,4,5
3070,0,0,0,0,0,0,0,0,0,0,0,0,0,0,0,0,0,0,0,0,0
3071,125,121,117,105,85,82,87,100,98,99,94,77,78,83,97,94,98,94,79,79,85
3072,1,2,2,2,2,1,1,1,2,2,2,2,1,1,1,2,2,2,2,1,1
3073,1,1,1,1,1,1,1,1,1,1,1,1,1,1,1,1,1,1,1,1,1
3074,5,5,6,5,5,4,4,4,5,6,5,5,4,4,4,5,5,5,5,4,4
3075,6,5,4,3,2,2,2,2,2,2,1,1,1,1,2,2,2,2,2,2,2
3076,1,1,1,1,1,0,0,1,1,1,1,0,0,0,1,1,1,1,1,0,1
3077,5,6,6,5,5,5,4,5,6,6,5,5,5,4,5,6,6,5,5,5,4
3078,0,0,0,0,0,0,0,0,0,0,0,0,0,0,0,0,0,0,0,0,0
3079,7,8,8,7,7,6,5,6,7,7,7,6,5,5,6,6,7,7,6,5,5
3080,2,2,2,2,2,2,2,2,2,2,2,2,2,1,2,2,2,2,2,2,1
3081,1,1,2,1,1,1,1,1,1,2,1,1,1,1,1,1,2,1,1,1,1
3082,0,0,0,0,0,0,0,0,0,0,0,0,0,0,0,0,0,0,0,0,0
3083,0,0,0,0,0,0,0,0,0,0,0,0,0,0,0,0,0,0,0,0,0
3084,202,190,243,298,174,150,128,200,185,230,284,161,141,121,193,180,232,289,166,146,127
3085,0,0,1,1,0,0,0,0,0,1,1,0,0,0,0,0,1,1,0,0,0
3086,13,13,13,12,10,8,8,9,11,11,11,9,7,7,8,9,10,10,8,6,6
3087,1,1,1,1,1,1,1,1,1,1,1,1,1,1,1,1,1,1,1,1,1
3088,43,44,35,48,50,44,34,43,44,35,48,50,44,34,43,44,35,48,50,44,34
3089,0,0,0,0,0,0,0,0,0,0,0,0,0,0,0,0,0,0,0,0,0
3090,0,0,0,0,0,0,0,0,0,0,0,0,0,0,0,0,0,0,0,0,0
3091,2,3,3,2,3,2,2,3,3,3,2,2,2,2,2,3,3,2,2,2,2
3092,0,0,0,0,0,0,0,0,0,0,0,0,0,0,0,0,0,0,0,0,0
3093,3,4,3,3,2,1,2,3,4,3,3,2,1,2,3,4,3,3,2,1,2
3094,0,0,0,0,0,0,0,0,0,0,0,0,0,0,0,0,0,0,0,0,0
3095,5,4,3,3,3,3,3,3,4,4,3,3,3,4,5,5,5,5,5,5,5
3096,0,0,0,0,0,0,0,0,0,0,0,0,0,0,0,0,0,0,0,0,0
3097,7,7,8,7,6,6,5,7,7,8,7,6,6,5,7,7,8,7,6,6,5
3098,1,1,1,1,1,1,1,1,1,1,1,1,1,1,1,1,1,1,1,1,1
3099,0,0,0,0,0,0,0,0,0,0,0,0,0,0,0,0,0,0,0,0,0
3100,7,8,8,5,5,6,6,8,8,8,5,5,5,6,7,8,7,5,4,5,6
3101,1,1,1,1,1,1,1,1,1,1,1,1,1,1,1,1,1,1,1,1,1
3102,0,0,0,0,0,0,0,0,0,0,0,0,0,0,0,0,0,0,0,0,0
3103,19,17,15,14,14,12,12,14,14,13,13,11,10,9,9,8,8,7,7,6,5
3104,0,0,0,0,0,0,0,0,0,0,0,0,0,0,0,0,0,0,0,0,0
3105,169,197,181,175,156,133,145,165,199,183,178,157,136,146,168,201,197,197,174,154,175
3106,0,0,0,0,0,0,0,0,0,0,0,0,0,0,0,0,0,0,0,0,0
3107,1,1,1,1,1,1,1,1,1,1,1,1,1,1,1,1,1,1,1,1,1
3108,0,0,0,0,0,0,0,0,0,0,0,0,0,0,0,0,0,0,0,0,0
3109,0,0,0,0,0,0,0,0,0,0,0,0,0,0,0,0,0,0,0,0,0
3110,12,13,12,10,9,9,11,12,14,13,11,9,9,10,11,12,11,10,8,8,10
3111,8,8,7,6,5,5,5,6,6,6,6,5,4,4,5,5,6,5,4,4,4
3112,2,2,2,1,1,1,1,1,2,1,1,1,1,1,1,2,1,1,1,1,1
3113,1,1,1,1,0,1,1,1,1,1,1,0,0,1,1,1,1,1,0,0,1
3114,2,2,2,1,1,1,1,2,2,2,1,1,1,1,2,2,2,1,1,1,1
3115,0,0,0,0,0,0,0,0,0,0,0,0,0,0,0,0,0,0,0,0,0
3116,0,0,0,0,0,0,0,0,0,0,0,0,0,0,0,0,0,0,0,0,0
3117,0,0,0,0,0,0,0,0,0,0,0,0,0,0,0,0,0,0,0,0,0
3118,0,0,0,0,0,0,0,0,0,0,0,0,0,0,0,0,0,0,0,0,0
3119,10,9,9,7,7,6,7,7,7,7,6,6,6,6,7,7,7,6,6,5,6
3120,0,0,0,0,0,0,0,0,0,0,0,0,0,0,0,0,0,0,0,0,0
3121,0,0,0,0,0,0,0,0,0,0,0,0,0,0,0,0,0,0,0,0,0
3122,0,0,0,0,0,0,0,0,0,0,0,0,0,0,0,0,0,0,0,0,0
3123,0,0,0,0,0,0,0,0,0,0,0,0,0,0,0,0,0,0,0,0,0
3124,0,0,0,0,0,0,0,0,0,0,0,0,0,0,0,0,0,0,0,0,0
3125,0,0,0,0,0,0,0,0,0,0,0,0,0,0,0,0,0,0,0,0,0
3126,0,0,0,0,0,0,0,0,0,0,0,0,0,0,0,0,0,0,0,0,0
3127,0,0,0,0,0,0,0,0,0,0,0,0,0,0,0,0,0,0,0,0,0
3128,0,0,0,0,0,0,0,0,0,0,0,0,0,0,0,0,0,0,0,0,0
3129,0,0,0,0,0,0,0,0,0,0,0,0,0,0,0,0,0,0,0,0,0
3130,0,0,0,0,0,0,0,0,0,0,0,0,0,0,0,0,0,0,0,0,0
3131,0,0,0,0,0,0,0,0,0,0,0,0,0,0,0,0,0,0,0,0,0
3132,10,10,11,12,12,9,9,9,9,10,12,11,9,9,8,9,10,12,11,9,9
3133,0,0,0,0,0,0,0,0,0,0,0,0,0,0,0,0,0,0,0,0,0
3134,0,0,0,0,0,0,0,0,0,0,0,0,0,0,0,0,0,0,0,0,0
3135,9,8,7,5,5,5,5,7,7,7,6,5,5,5,6,7,7,5,5,5,6
3136,2,2,2,2,2,2,2,2,2,2,2,2,1,2,2,2,2,1,1,1,1
3137,23,24,25,21,20,19,21,22,24,22,19,18,18,20,21,21,20,18,17,17,19
3138,2,2,2,2,2,1,2,2,1,2,2,2,1,2,2,1,1,2,2,1,2
3139,0,0,0,0,0,0,0,0,0,0,0,0,0,0,0,0,0,0,0,0,0
3140,33,36,35,30,27,24,25,28,31,28,24,22,20,21,23,25,25,22,21,19,20
3141,10,10,8,7,7,6,7,9,9,8,7,6,6,7,8,7,7,6,6,6,7
3142,8,8,8,8,8,6,6,7,8,8,8,7,6,5,6,7,7,7,6,5,5
3143,14,18,13,11,10,9,9,11,16,13,11,10,9,9,10,15,11,9,8,7,7
3144,52,54,51,46,43,39,41,45,48,46,43,41,38,39,43,45,43,41,39,37,39
3145,7,8,8,7,5,5,5,6,7,6,6,4,4,4,6,6,5,5,4,3,4
3146,83,81,74,77,69,64,69,75,76,65,67,58,58,65,70,70,62,66,59,59,64
3147,12,12,13,12,10,9,9,10,12,13,12,10,8,9,10,11,11,10,9,8,9
3148,9,10,10,9,8,8,9,10,11,9,8,7,7,8,8,9,7,7,6,6,6
3149,6,7,7,6,6,5,5,6,7,7,6,5,4,4,5,5,6,5,4,4,4
3150,0,0,1,0,0,0,0,1,0,1,0,0,0,0,1,0,1,0,0,0,0
3151,0,0,0,0,0,0,0,0,0,0,0,0,0,0,0,0,0,0,0,0,0
3152,25,25,25,22,21,20,22,24,24,22,19,18,18,21,21,21,20,18,17,18,21
3153,17,18,17,16,15,14,13,15,17,17,16,14,13,13,14,15,15,14,13,12,12
3154,9,9,9,8,8,8,8,9,9,9,8,7,6,6,6,6,6,5,5,4,5
3155,24,28,27,25,22,23,25,25,29,26,24,21,22,24,23,26,24,22,19,21,22
3156,8,8,8,7,6,6,6,8,8,8,7,5,5,5,7,7,7,6,5,5,5
3157,32,33,33,29,25,24,26,31,34,31,28,25,25,28,31,31,29,27,24,24,27
3158,2,1,1,1,1,1,1,1,1,1,1,1,1,1,1,1,1,1,1,1,1
3159,7,5,4,4,4,4,4,5,4,4,4,3,3,3,3,3,2,2,2,2,2
3160,1,1,1,1,1,1,1,1,1,1,1,1,1,1,1,1,1,1,1,1,1
3161,2,1,1,1,0,1,1,1,1,1,1,1,1,1,1,1,1,1,0,1,1
3162,1,1,0,0,0,0,0,0,0,0,0,0,0,0,0,0,0,0,0,0,0
3163,3,2,2,1,1,1,1,1,1,1,1,1,1,1,1,1,1,1,1,1,1
3164,3,2,2,1,1,1,2,2,2,1,1,1,1,1,1,1,1,1,1,1,1
3165,0,0,0,0,0,1,0,0,0,0,0,0,1,0,0,0,0,0,0,1,0
3166,0,0,0,0,0,0,0,0,0,0,0,0,0,0,0,0,0,0,0,0,0
3167,0,0,0,0,0,0,0,0,0,0,0,0,0,0,0,0,0,0,0,0,0
3168,2,2,2,2,2,2,2,2,2,2,2,2,2,2,2,2,2,2,1,1,2
3169,4,3,3,3,3,3,3,3,3,3,2,2,2,2,2,2,2,2,2,2,2
3170,0,0,0,0,0,0,0,0,0,0,0,0,0,0,0,0,0,0,0,0,0
3171,0,0,0,0,0,0,0,0,0,0,0,0,0,0,0,0,0,0,0,0,0
3172,4,6,7,6,5,2,2,4,6,7,6,5,2,2,4,6,7,6,5,2,2
3173,84,102,117,89,39,41,76,84,102,117,89,39,41,75,84,102,117,89,39,41,76
3174,0,0,0,0,0,0,0,0,0,0,0,0,0,0,0,0,0,0,0,0,0
3175,0,0,0,0,0,0,0,0,0,0,0,0,0,0,0,0,0,0,0,0,0
3176,0,0,0,0,0,0,0,0,0,0,0,0,0,0,0,0,0,0,0,0,0
3177,0,0,0,0,0,0,0,0,0,0,0,0,0,0,0,0,0,0,0,0,0
3178,0,0,0,0,0,0,0,0,0,0,0,0,0,0,0,0,0,0,0,0,0
3179,4,6,6,6,5,4,4,4,6,6,6,5,4,4,4,6,6,6,5,4,4
3180,0,0,0,0,0,0,0,0,0,0,0,0,0,0,0,0,0,0,0,0,0
3181,5,6,5,6,7,6,5,5,6,5,6,7,6,5,5,6,5,6,7,6,5
3182,4,6,6,6,6,4,4,4,6,6,6,6,4,4,4,6,6,6,6,4,4
3183,25,35,33,25,21,17,17,25,35,33,25,21,17,17,25,35,33,25,21,17,17
3184,2,2,2,1,2,1,2,2,2,2,1,2,1,2,2,2,2,1,2,1,2
3185,2,2,2,1,1,1,1,2,2,2,2,2,2,1,2,2,2,2,2,2,1
3186,0,0,0,0,0,0,0,0,0,0,0,0,0,0,0,0,0,0,0,0,0
3187,0,0,0,0,0,0,0,0,0,0,0,0,0,0,0,0,0,0,0,0,0
3188,0,0,0,0,0,0,0,0,0,0,0,0,0,0,0,0,0,0,0,0,0
3189,0,1,1,1,0,0,0,0,1,1,1,0,0,0,0,1,1,1,0,0,0
3190,0,0,0,0,0,0,0,0,0,0,0,0,0,0,0,0,0,0,0,0,0
3191,0,0,0,0,0,0,0,0,0,0,0,0,0,0,0,0,0,0,0,0,0
3192,0,1,0,0,0,0,0,1,1,0,0,0,0,0,0,1,0,0,0,0,0
3193,0,0,0,0,0,0,0,0,0,0,0,0,0,0,0,0,0,0,0,0,0
3194,0,0,0,0,0,0,0,0,0,0,0,0,0,0,0,0,0,0,0,0,0
3195,0,0,0,0,0,0,0,0,0,0,0,0,0,0,0,0,0,0,0,0,0
3196,0,0,0,0,0,0,0,0,0,0,0,0,0,0,0,0,0,0,0,0,0
3197,1,1,1,1,1,0,0,1,1,1,1,1,0,0,1,1,1,1,1,0,0
3198,0,0,0,0,0,0,0,0,0,0,0,0,0,0,0,0,0,0,0,0,0
3199,0,0,0,0,0,0,0,0,0,0,0,0,0,0,0,0,0,0,0,0,0
3200,0,0,0,0,0,0,0,0,0,0,0,0,0,0,0,0,0,0,0,0,0
3201,0,5,1,5,3,3,0,0,5,1,5,3,3,0,0,5,1,5,3,3,0
3202,0,0,0,0,0,0,0,0,0,0,0,0,0,0,0,0,0,0,0,0,0
3203,2,2,2,1,1,2,1,2,2,2,1,1,2,1,2,2,2,1,1,2,1
3204,2,2,2,2,1,2,1,2,2,2,2,1,2,1,2,2,2,2,1,2,1
3205,2,0,0,4,0,0,0,2,0,0,4,0,0,0,2,0,0,4,0,0,0
3206,3,2,1,2,2,2,2,3,2,2,2,2,2,2,3,2,2,2,2,2,2
3207,0,0,0,0,0,0,0,0,0,0,0,0,0,0,0,0,0,0,0,0,0
3208,0,0,0,0,0,0,0,0,0,0,0,0,0,0,0,0,0,0,0,0,0
3209,0,0,0,0,0,0,0,0,0,0,0,0,0,0,0,0,0,0,0,0,0
3210,0,0,0,0,0,0,0,0,0,0,0,0,0,0,0,0,0,0,0,0,0
3211,2,0,0,0,0,0,0,2,0,0,0,0,0,0,2,0,0,0,0,0,0
3212,0,0,0,0,0,0,0,0,0,0,0,0,0,0,0,0,0,0,0,0,0
3213,0,0,0,0,0,0,0,0,0,0,0,0,0,0,0,0,0,0,0,0,0
3214,0,0,0,0,0,0,0,0,0,0,0,0,0,0,0,0,0,0,0,0,0
3215,0,0,0,0,0,0,0,0,0,0,0,0,0,0,0,0,0,0,0,0,0
3216,5,5,3,3,3,4,5,5,5,3,3,3,4,5,5,5,3,3,3,4,5
3217,1,2,2,1,1,1,1,1,2,2,1,1,1,1,1,2,2,1,1,1,1
3218,2,2,3,3,2,1,2,2,3,3,3,2,1,2,2,2,3,2,2,1,2
3219,1,2,2,2,1,1,1,1,2,2,2,1,1,1,1,2,2,2,1,1,1
3220,1,1,1,1,1,1,1,1,1,1,1,1,1,1,1,1,1,1,1,1,1
3221,3,3,3,3,3,3,3,4,4,4,3,3,3,3,3,3,3,3,2,2,2
3222,7,7,6,5,4,4,4,4,5,5,4,3,3,3,3,4,4,4,3,3,3
3223,0,0,0,0,0,0,0,0,0,0,0,0,0,0,0,0,0,0,0,0,0
3224,0,0,0,0,0,0,0,0,0,0,0,0,0,0,0,0,0,0,0,0,0
3225,13,12,11,10,8,7,8,9,10,10,9,8,7,7,9,9,10,9,8,7,7
3226,6,6,5,4,4,4,4,4,5,5,4,4,4,4,4,5,4,4,3,3,3
3227,13,14,14,10,8,6,7,11,13,14,9,7,6,6,10,12,13,9,7,6,6
3228,1,2,2,2,2,1,1,1,2,2,2,2,1,1,1,2,2,2,2,1,1
3229,2,2,2,2,2,2,2,2,2,2,2,2,2,2,2,2,2,2,2,2,2
3230,0,0,1,1,1,1,1,1,1,1,1,1,1,1,1,1,1,1,1,1,1
3231,0,0,0,0,0,0,0,0,0,0,0,0,0,0,0,0,0,0,0,0,0
3232,4,3,3,3,3,3,3,3,3,3,3,2,2,2,2,2,2,2,2,2,2
3233,0,0,0,0,0,0,0,0,0,0,0,0,0,0,0,0,0,0,0,0,0
3234,1,0,0,0,1,0,1,1,0,0,0,1,0,0,1,0,0,0,1,0,1
3235,0,0,0,0,0,0,0,0,0,0,0,0,0,0,0,0,0,0,0,0,0
3236,0,0,0,1,1,1,1,1,1,1,1,1,1,1,1,1,1,1,1,1,1
3237,0,0,0,0,0,0,0,0,0,0,0,0,0,0,0,0,0,0,0,0,0
3238,0,0,0,0,0,0,0,0,0,0,0,0,0,0,0,0,0,0,0,0,0
3239,32,32,32,28,24,23,24,26,27,25,23,21,22,24,24,24,24,22,20,20,21
3240,106,110,111,103,92,83,90,107,117,113,105,92,85,88,99,104,104,98,82,74,79
3241,5,4,4,4,3,3,3,3,3,4,3,3,2,2,3,3,3,3,2,2,2
3242,26,27,26,23,20,18,19,21,23,22,20,18,17,19,20,21,21,20,17,16,17
3243,1,1,1,1,2,1,1,1,1,1,1,2,1,1,1,1,1,1,2,1,1
3244,12,12,11,10,9,9,10,10,10,10,9,9,9,9,10,10,10,9,9,9,9
3245,1,1,1,1,1,1,1,1,1,1,1,1,1,1,1,1,1,1,1,1,1
3246,3,3,2,3,3,3,3,3,3,2,3,3,3,2,3,3,2,3,3,3,3
3247,1,1,1,1,1,1,1,1,1,1,1,1,1,1,1,1,1,1,1,1,1
3248,33,36,40,38,33,30,31,37,40,44,41,35,32,32,37,40,43,39,33,30,30
3249,11,12,12,12,10,9,9,11,12,12,12,10,9,9,11,12,12,12,10,9,9
3250,8,9,9,9,8,7,7,8,9,9,9,8,7,7,8,9,9,9,8,7,7
3251,1,1,1,1,1,1,1,1,1,1,1,1,1,1,1,1,1,1,1,1,1
3252,27,28,29,27,25,22,22,26,28,28,25,22,20,19,23,23,23,21,19,18,17
3253,6,5,6,5,4,4,4,5,5,5,5,4,4,4,5,5,5,5,4,4,4
3254,0,0,0,0,0,0,0,0,0,0,0,0,0,0,0,0,0,0,0,0,0
3255,5,5,5,5,4,4,4,4,4,5,5,4,4,3,4,4,5,4,4,3,3
3256,6,6,6,5,5,4,5,5,5,4,4,3,3,3,3,4,3,3,3,3,3
3257,5,5,5,4,3,3,3,4,4,4,4,3,3,3,4,4,4,4,3,3,3
3258,0,0,0,0,0,0,0,0,0,0,0,0,0,0,0,0,0,0,0,0,0
3259,0,0,0,0,0,0,0,0,0,0,0,0,0,0,0,0,0,0,0,0,0
3260,0,0,0,0,0,0,0,0,0,0,0,0,0,0,0,0,0,0,0,0,0
3261,0,0,0,0,0,0,0,0,0,0,0,0,0,0,0,0,0,0,0,0,0
3262,0,0,0,0,0,0,0,0,0,0,0,0,0,0,0,0,0,0,0,0,0
3263,0,0,0,0,0,0,0,0,0,0,0,0,0,0,0,0,0,0,0,0,0
3264,0,0,0,0,0,0,0,0,0,0,0,0,0,0,0,0,0,0,0,0,0
3265,0,0,0,0,0,0,0,0,0,0,0,0,0,0,0,0,0,0,0,0,0
3266,0,0,0,0,0,0,0,0,0,0,0,0,0,0,0,0,0,0,0,0,0
3267,14,12,11,10,9,8,8,9,8,7,6,5,5,5,5,5,4,4,4,4,4
3268,15,14,13,10,9,8,8,10,10,9,8,6,6,7,8,8,8,7,6,6,7
3269,0,0,0,0,0,0,0,0,0,0,0,0,0,0,0,0,0,0,0,0,0
3270,0,0,0,0,0,0,0,0,0,0,0,0,0,0,0,0,0,0,0,0,0
3271,0,0,0,0,0,0,0,0,0,0,0,0,0,0,0,0,0,0,0,0,0
3272,0,0,0,0,0,0,0,0,0,0,0,0,0,0,0,0,0,0,0,0,0
3273,0,0,0,0,0,0,0,0,0,0,0,0,0,0,0,0,0,0,0,0,0
3274,0,0,0,0,0,0,0,0,0,0,0,0,0,0,0,0,0,0,0,0,0
3275,2,3,3,4,4,4,3,2,3,3,4,4,4,3,2,3,3,4,4,4,3
3276,0,0,0,0,0,0,0,0,0,0,0,0,0,0,0,0,0,0,0,0,0
3277,1,1,1,1,1,1,1,1,1,1,1,1,1,1,1,1,1,1,1,1,1
3278,1,1,2,2,1,1,2,2,2,2,2,2,2,2,2,2,2,2,2,2,2
3279,5,5,5,3,3,3,3,4,4,5,3,3,3,3,4,4,5,3,3,3,3
3280,0,0,0,0,0,0,0,0,0,0,0,0,0,0,0,0,0,0,0,0,0
3281,3,3,3,3,2,2,2,3,3,3,3,3,2,2,3,3,3,3,3,2,2
3282,1,1,1,1,1,1,1,1,1,1,1,1,1,1,1,1,1,1,1,1,1
3283,2,1,1,1,1,1,1,1,1,1,1,1,1,1,1,1,1,1,1,1,1
3284,1,1,0,0,0,0,0,0,0,0,0,0,0,0,0,0,0,0,0,0,0
3285,0,0,0,0,0,0,0,0,0,0,0,0,0,0,0,0,0,0,0,0,0
3286,1,1,1,1,1,1,1,1,1,1,1,1,1,1,1,1,1,1,1,1,1
3287,5,5,5,4,4,4,4,5,5,5,5,4,4,4,4,4,4,3,3,3,3
3288,0,0,0,0,0,0,0,0,0,0,0,0,0,0,0,0,0,0,0,0,0
3289,1,1,1,1,1,1,1,1,1,1,1,1,1,1,1,1,1,1,1,1,1
3290,1,1,1,1,1,1,1,1,1,1,1,1,1,1,1,1,1,1,1,1,1
3291,0,0,0,0,0,0,0,0,0,0,0,0,0,0,0,0,0,0,0,0,0
3292,2,2,2,2,2,2,2,2,2,2,2,2,2,2,2,3,2,2,2,2,2
3293,1,1,1,1,1,1,1,1,1,1,1,1,1,1,1,1,1,1,1,1,1
3294,0,0,0,0,0,0,0,0,0,0,0,0,0,0,0,0,0,0,0,0,0
3295,1,1,1,1,1,1,1,1,1,1,1,1,1,1,1,1,1,1,1,1,1
3296,0,0,0,0,0,0,0,0,0,0,0,0,0,0,0,0,0,0,0,0,0
3297,0,0,0,0,0,0,0,0,0,0,0,0,0,0,0,0,0,0,0,0,0
3298,0,0,0,0,0,0,0,0,0,0,0,0,0,0,0,0,0,0,0,0,0
3299,0,0,0,0,0,0,0,0,0,0,0,0,0,0,0,0,0,0,0,0,0
3300,0,0,0,0,0,0,0,0,0,0,0,0,0,0,0,0,0,0,0,0,0
3301,0,0,0,0,0,0,0,0,0,0,0,0,0,0,0,0,0,0,0,0,0
3302,0,0,0,0,0,0,0,0,0,0,0,0,0,0,0,0,0,0,0,0,0
3303,0,0,0,0,0,0,0,1,1,1,1,0,0,1,1,1,1,1,1,1,1
3304,1,1,1,1,0,0,1,1,1,1,1,0,0,0,1,1,1,1,0,0,0
3305,0,0,0,0,0,0,0,0,0,0,0,0,0,0,0,0,0,0,0,0,0
3306,0,0,0,0,0,0,0,0,0,0,0,0,0,0,0,0,0,0,0,0,0
3307,0,0,0,0,0,0,0,0,0,0,0,0,0,0,0,0,0,0,0,0,0
3308,0,0,0,0,0,0,0,0,0,0,0,0,0,0,0,0,0,0,0,0,0
3309,0,0,0,0,0,0,0,0,0,0,0,0,0,0,0,0,0,0,0,0,0
3310,0,0,0,0,0,0,0,0,0,0,0,0,0,0,0,0,0,0,0,0,0
3311,0,0,0,0,0,0,0,0,0,0,0,0,0,0,0,0,0,0,0,0,0
3312,0,0,0,0,0,0,0,0,0,0,0,0,0,0,0,0,0,0,0,0,0
3313,0,0,0,0,0,0,0,0,0,0,0,0,0,0,0,0,0,0,0,0,0
3314,0,0,0,0,0,0,0,0,0,0,0,0,0,0,0,0,0,0,0,0,0
3315,0,0,0,0,0,0,0,0,0,0,0,0,0,0,0,0,0,0,0,0,0
3316,0,0,0,0,0,0,0,0,0,0,0,0,0,0,0,0,0,0,0,0,0
3317,3,3,4,3,4,3,3,3,3,4,3,4,3,3,3,3,4,3,4,3,3
3318,2,3,4,4,4,3,2,2,3,4,4,4,3,2,2,3,4,4,4,3,2
3319,4,4,5,4,4,3,4,4,4,5,4,4,3,4,4,4,5,4,4,3,4
3320,5,4,3,3,3,2,2,2,2,2,2,2,2,2,2,2,2,2,2,2,2
3321,0,0,0,0,0,0,0,0,0,0,0,0,0,0,0,0,0,0,0,0,0
3322,0,0,0,0,0,0,0,0,0,0,0,0,0,0,0,0,0,0,0,0,0
3323,0,0,0,0,0,0,0,0,0,0,0,0,0,0,0,0,0,0,0,0,0
3324,2,3,3,3,3,3,3,3,3,4,4,3,3,4,4,4,4,4,4,4,4
3325,0,0,0,0,0,0,0,0,0,0,0,0,0,0,0,0,0,0,0,0,0
3326,4,5,6,6,5,4,4,5,5,6,6,5,4,4,5,5,6,5,5,4,4
3327,2,3,3,2,2,2,2,2,3,3,3,2,2,2,2,2,2,2,2,2,2
3328,1,1,2,2,1,1,1,2,2,2,2,1,1,2,2,2,2,2,2,2,2
3329,1,1,1,1,1,1,1,1,1,1,1,1,1,1,1,1,1,1,1,1,1
3330,3,3,3,3,2,2,3,3,3,3,3,2,2,3,3,3,3,3,2,2,3
3331,0,0,0,0,0,0,0,0,0,0,0,0,0,0,0,0,0,0,0,0,0
3332,7,7,7,7,6,5,5,6,6,7,7,6,5,5,7,6,7,7,6,5,5
3333,1,1,1,0,0,0,0,1,1,1,0,0,0,0,1,1,1,0,0,0,0
3334,3,4,5,5,3,2,2,3,4,5,5,3,2,2,3,4,5,5,3,2,2
3335,0,0,0,0,0,0,0,0,0,0,0,0,0,0,0,0,0,0,0,0,0
3336,0,0,0,0,0,0,0,0,0,0,0,0,0,0,0,0,0,0,0,0,0
3337,0,0,0,0,0,0,0,0,0,0,0,0,0,0,0,0,0,0,0,0,0
3338,0,0,0,0,0,0,0,0,0,0,0,0,0,0,0,0,0,0,0,0,0
3339,0,0,0,0,0,0,0,0,0,0,0,0,0,0,0,0,0,0,0,0,0
3340,0,0,0,0,0,0,0,0,0,0,0,0,0,0,0,0,0,0,0,0,0
3341,0,0,0,0,0,0,0,0,0,0,0,0,0,0,0,0,0,0,0,0,0
3342,1,1,1,1,1,1,1,1,1,1,1,1,1,1,1,1,1,1,1,1,1
3343,1,1,1,1,1,1,1,1,1,1,1,1,1,1,1,1,1,1,1,1,1
3344,0,0,0,0,0,0,0,0,0,0,0,0,0,0,0,0,0,0,0,0,0
3345,0,0,0,0,0,0,0,0,0,0,0,0,0,0,0,0,0,0,0,0,0
3346,0,0,0,0,0,0,0,0,0,0,0,0,0,0,0,0,0,0,0,0,0
3347,0,0,0,0,0,0,0,0,0,0,0,0,0,0,0,0,0,0,0,0,0
3348,0,0,0,0,0,0,0,0,0,0,0,0,0,0,0,0,0,0,0,0,0
3349,0,0,0,0,0,0,0,0,0,0,0,0,0,0,0,0,0,0,0,0,0
3350,0,0,0,0,0,0,0,0,0,0,0,0,0,0,0,0,0,0,0,0,0
3351,5,4,4,4,3,3,3,4,4,3,3,3,3,3,4,4,3,3,3,3,3
3352,1,1,1,1,1,1,1,1,1,1,1,1,1,1,1,1,1,1,1,1,1
3353,0,0,0,0,0,0,0,0,0,0,0,0,0,0,0,0,0,0,0,0,0
3354,0,0,0,0,0,0,0,0,0,0,0,0,0,0,0,0,0,0,0,0,0
3355,0,0,0,0,0,0,0,0,0,0,0,0,0,0,0,0,0,0,0,0,0
3356,200,252,247,209,178,172,171,200,252,247,209,178,172,171,200,252,247,209,178,172,171
3357,113,128,121,108,102,98,91,113,128,121,108,102,98,91,113,128,121,108,102,98,91
3358,4,4,3,2,2,2,3,4,4,3,2,2,2,3,4,4,3,2,2,2,3
3359,0,0,0,0,0,0,0,0,0,0,0,0,0,0,0,0,0,0,0,0,0
3360,3,3,3,3,2,2,2,3,3,3,3,2,2,2,3,3,3,3,2,2,2
3361,3,3,2,3,2,2,2,2,2,2,3,2,3,3,2,2,2,3,2,3,3
3362,0,0,0,0,0,0,0,0,0,0,0,0,0,0,0,0,0,0,0,0,0
3363,2,2,2,2,1,1,1,2,2,2,2,1,1,1,2,2,2,2,1,1,1
3364,57,64,63,54,43,38,39,45,53,52,48,38,36,37,44,53,55,50,41,38,40
3365,1,1,1,1,1,1,0,1,1,1,1,1,1,0,1,1,1,1,1,1,0
3366,1,2,3,3,3,2,2,2,2,3,3,3,2,2,2,2,3,3,3,2,2
3367,2,2,3,2,2,2,2,2,3,3,2,2,2,2,2,3,3,2,2,2,2
3368,9,9,10,10,10,9,8,9,9,10,10,10,9,8,9,9,10,10,10,9,8
3369,53,67,73,70,57,52,55,66,77,74,69,59,56,59,62,67,67,64,50,45,47
3370,4,6,6,9,8,7,3,4,6,6,9,9,7,4,5,6,7,9,9,7,4
3371,2,2,2,2,2,2,1,2,2,2,2,2,2,1,2,2,2,2,2,2,2
3372,37,41,42,36,30,27,28,33,40,40,36,31,29,29,35,40,43,39,34,32,32
3373,62,70,71,67,58,48,52,61,71,68,64,55,48,53,60,67,68,65,55,46,53
3374,1,1,1,1,1,1,1,1,1,1,1,1,1,1,1,1,1,1,1,1,1
3375,1,1,2,1,1,1,1,1,1,2,1,1,1,1,1,1,2,1,1,1,1
3376,6,8,9,9,7,5,4,6,8,9,9,7,5,4,6,8,9,9,7,5,4
3377,6,7,8,8,7,6,7,8,9,9,9,7,7,7,8,7,6,6,5,4,5
3378,1,1,1,1,1,1,1,1,1,1,1,1,1,1,1,1,1,1,1,1,1
3379,55,63,60,49,37,31,31,36,46,46,41,32,28,29,33,41,44,40,30,25,26
3380,3,4,5,6,5,4,4,5,6,6,7,6,5,5,6,7,7,7,6,5,5
3381,1,2,2,3,2,2,1,1,2,2,3,2,2,1,1,2,2,3,2,2,1
3382,6,9,11,10,8,5,5,6,9,11,10,8,5,5,6,9,11,10,8,5,5
3383,1,1,1,1,1,1,1,1,1,1,1,1,1,1,1,1,1,1,1,1,1
3384,20,26,29,36,32,26,18,20,26,29,36,32,26,18,20,26,29,36,32,27,18
3385,2,2,2,2,2,2,2,2,2,2,2,2,2,2,2,2,2,2,2,2,2
3386,3,3,3,3,2,2,3,3,3,3,3,2,2,3,3,3,3,3,2,2,3
3387,8,8,9,13,13,12,7,8,8,9,13,13,12,7,8,8,9,13,13,12,7
3388,7,9,10,10,9,8,6,7,9,10,10,9,8,6,7,9,10,10,9,8,6
3389,56,69,71,70,59,43,44,55,68,70,69,57,42,42,52,66,68,67,56,40,41
3390,8,9,9,9,8,7,7,8,9,9,9,8,7,7,8,9,9,9,8,7,7
3391,7,10,11,16,13,11,5,7,10,11,16,13,11,5,7,10,11,16,13,11,5
3392,62,69,73,65,57,49,45,52,62,65,60,54,48,44,50,59,66,61,55,48,46
3393,0,0,0,0,1,0,0,0,0,0,0,1,0,0,0,0,0,0,1,0,0
3394,5,7,7,8,6,5,5,6,8,9,10,9,7,8,10,13,14,13,11,9,8
3395,28,29,30,28,25,24,26,30,31,30,28,25,23,25,28,27,26,24,21,20,22
3396,1,1,1,1,1,1,1,1,1,1,1,1,1,1,1,1,1,1,1,1,1
3397,1,1,1,1,1,1,1,1,1,1,1,1,1,1,1,1,1,1,1,1,1
3398,0,0,0,0,0,0,0,1,0,0,0,0,0,0,1,0,0,0,0,0,0
3399,1,1,1,1,1,1,1,1,1,1,1,1,1,1,1,1,1,1,1,1,1
3400,0,0,0,0,0,0,0,0,0,0,0,0,0,0,0,0,0,0,0,0,0
3401,0,0,0,0,0,0,0,0,0,0,0,0,0,0,0,0,0,0,0,0,0
3402,3,3,2,2,2,2,2,2,2,2,2,2,2,2,2,2,2,2,2,2,2
3403,0,0,0,0,0,0,0,0,0,0,0,0,0,0,0,0,0,0,0,0,0
3404,0,0,0,0,0,0,0,0,0,0,0,0,0,0,0,0,0,0,0,0,0
3405,0,0,0,0,0,0,0,0,0,0,0,0,0,0,0,0,0,0,0,0,0
3406,0,0,0,0,0,0,0,0,0,0,0,0,0,0,0,0,0,0,0,0,0
3407,0,0,0,0,0,0,0,0,0,0,0,0,0,0,0,0,0,0,0,0,0
3408,0,0,0,0,0,0,0,0,0,0,0,0,0,0,0,0,0,0,0,0,0
3409,41,17,7,5,4,4,3,3,3,3,3,3,3,3,3,3,2,2,2,2,2
3410,1,2,3,3,3,3,3,3,3,3,3,3,3,3,3,3,3,4,4,3,3
3411,0,0,0,0,0,0,0,0,0,0,0,0,0,0,0,0,0,0,0,0,0
3412,0,0,0,0,0,0,0,0,0,0,0,0,0,0,0,0,0,0,0,0,0
3413,50,52,50,44,40,36,39,48,52,51,48,43,37,39,48,53,53,48,44,41,48
3414,0,0,0,0,0,0,0,0,0,0,0,0,0,0,0,0,0,0,0,0,0
3415,38,42,39,26,25,25,24,38,42,39,26,25,25,24,38,42,39,26,25,25,24
3416,14,15,14,12,13,12,13,14,15,14,12,13,12,13,14,15,14,12,13,12,13
3417,0,1,1,1,0,1,1,0,1,1,1,0,1,1,0,1,1,1,0,1,1
3418,9,9,7,7,6,6,7,8,9,7,6,5,5,6,7,7,6,6,5,5,6
3419,0,0,0,0,0,0,0,0,0,0,0,0,0,0,0,0,0,0,0,0,0
3420,0,0,0,0,0,0,0,0,0,0,0,0,0,0,0,0,0,0,0,0,0
3421,1,2,1,3,3,2,1,1,1,1,3,3,2,1,1,2,1,3,3,2,1
3422,0,1,1,2,1,1,0,0,1,1,2,1,1,0,0,1,1,2,1,1,0
3423,0,0,0,0,0,0,0,0,0,0,0,0,0,0,0,0,0,0,0,0,0
3424,0,0,0,0,0,0,0,0,0,0,0,0,0,0,0,0,0,0,0,0,0
3425,0,0,0,0,0,0,0,0,0,0,0,0,0,0,0,0,0,0,0,0,0
3426,8,7,6,5,5,4,5,5,5,5,5,4,4,4,4,4,4,4,3,3,3
3427,0,0,0,0,0,0,0,0,0,0,0,0,0,0,0,0,0,0,0,0,0
3428,0,0,0,0,0,0,0,0,0,0,0,0,0,0,0,0,0,0,0,0,0
3429,1,0,0,0,0,0,0,0,0,0,0,0,0,0,0,0,0,0,0,0,0
3430,0,0,0,0,0,0,0,0,0,0,0,0,0,0,0,0,0,0,0,0,0
3431,0,0,0,0,0,0,0,0,0,0,0,0,0,0,0,0,0,0,0,0,0
3432,1,1,1,1,1,1,1,1,1,1,1,1,1,1,1,1,1,1,1,1,1
3433,17,19,19,18,17,16,16,17,19,19,18,17,16,16,17,19,19,18,17,16,16
3434,4,4,4,4,3,3,4,4,5,5,5,4,4,5,5,6,6,5,5,5,5
3435,0,0,1,1,1,0,0,0,0,1,1,1,0,0,0,0,1,1,1,0,0
3436,0,0,0,0,0,0,0,0,0,0,0,0,0,0,0,0,0,0,0,0,0
3437,2,2,2,2,2,2,2,2,2,2,2,2,2,2,2,2,2,2,2,2,2
3438,0,0,0,0,0,0,0,0,0,0,0,0,0,0,0,0,0,0,0,0,0
3439,1,1,1,1,1,1,1,1,1,1,1,1,1,1,1,1,1,1,1,1,1
3440,2,2,2,2,2,2,2,2,2,2,2,2,2,2,2,2,2,1,1,1,1
3441,1,1,1,1,1,1,1,1,1,1,1,1,1,1,1,1,1,1,1,1,1
3442,0,0,0,0,0,0,0,0,0,0,0,0,0,0,0,0,0,0,0,0,0
3443,7,8,8,8,7,6,7,7,9,8,8,6,6,6,6,7,6,5,4,4,4
3444,2,2,2,2,2,2,2,2,2,2,2,2,2,2,2,2,2,2,2,2,2
3445,1,1,1,1,1,1,1,1,1,1,1,1,1,1,1,1,1,1,1,1,1
3446,4,3,3,3,3,3,3,3,3,3,3,3,2,3,3,3,3,3,2,2,3
3447,1,1,1,1,1,1,1,1,1,1,1,1,1,1,1,1,1,1,1,1,1
3448,0,0,0,0,0,0,0,0,0,0,0,0,0,0,0,0,0,0,0,0,0
3449,0,0,0,0,0,0,0,0,0,0,0,0,0,0,0,0,0,0,0,0,0
3450,2,2,2,2,1,1,2,2,2,2,2,1,1,1,1,2,1,1,1,1,1
3451,1,1,1,1,1,1,1,1,1,1,1,1,1,1,1,1,1,1,1,1,1
3452,0,0,0,0,0,0,0,0,0,0,0,0,0,0,0,0,0,0,0,0,0
3453,0,0,0,0,0,0,0,0,0,0,0,0,0,0,0,0,0,0,0,0,0
3454,0,0,0,0,0,0,0,0,0,0,0,0,0,0,0,0,0,0,0,0,0
3455,0,0,0,0,0,0,0,0,0,0,0,0,0,0,0,0,0,0,0,0,0
3456,0,0,0,0,0,0,0,0,0,0,0,0,0,0,0,0,0,0,0,0,0
3457,0,0,0,0,0,0,0,0,0,0,0,0,0,0,0,0,0,0,0,0,0
3458,0,0,0,0,0,0,0,0,0,0,0,0,0,0,0,0,0,0,0,0,0
3459,39,43,41,37,34,33,34,39,43,42,38,34,31,31,38,42,42,39,35,34,37
3460,1,1,1,0,0,0,1,1,1,1,0,0,0,1,1,1,1,0,0,0,1
3461,0,0,0,0,0,0,0,0,0,0,0,0,0,0,0,0,0,0,0,0,0
3462,0,0,0,0,0,0,0,0,0,0,0,0,0,0,0,0,0,0,0,0,0
3463,0,1,0,0,0,1,0,0,1,0,0,0,0,0,0,1,0,0,0,0,0
3464,9,12,15,15,12,10,8,9,12,15,15,12,10,8,9,12,15,15,12,10,8
3465,3,5,4,3,3,3,3,4,5,4,3,3,3,3,4,5,4,3,3,3,3
3466,4,3,2,2,1,3,3,4,3,2,2,1,3,3,4,3,2,2,1,3,3
3467,0,0,0,0,0,0,0,0,0,0,0,0,0,0,0,0,0,0,0,0,0
3468,8,9,10,9,10,9,8,8,8,10,9,10,9,8,8,8,10,9,10,9,8
3469,1,1,1,1,1,1,1,1,2,2,1,1,1,1,1,2,2,1,1,1,1
3470,1,2,2,2,1,1,1,2,2,2,2,2,1,2,2,2,2,2,2,1,2
3471,0,0,0,0,0,0,0,0,0,0,0,0,0,0,0,0,0,0,0,0,0
3472,0,0,0,0,0,0,0,0,0,0,0,0,0,0,0,0,0,0,0,0,0
3473,0,0,0,0,0,0,0,0,0,0,0,0,0,0,0,0,0,0,0,0,0
3474,0,0,0,0,0,0,0,0,0,0,0,0,0,0,0,0,0,0,0,0,0
3475,0,0,0,0,0,0,0,0,0,0,0,0,0,0,0,0,0,0,0,0,0
3476,0,0,0,0,0,0,0,0,0,0,0,0,0,0,0,0,0,0,0,0,0
3477,0,0,0,0,0,0,0,0,0,0,0,0,0,0,0,0,0,0,0,0,0
3478,0,0,0,0,0,0,0,0,0,0,0,0,0,0,0,0,0,0,0,0,0
3479,0,0,0,0,0,0,0,0,0,0,0,0,0,0,0,0,0,0,0,0,0
3480,1,1,1,1,1,1,1,1,1,1,1,1,1,0,1,1,1,1,1,1,1
3481,443,493,574,540,477,424,410,557,647,729,691,624,549,547,758,932,1035,913,768,689,668
3482,0,0,0,0,0,0,0,0,0,0,0,0,0,0,0,0,0,0,0,0,0
3483,0,0,0,0,0,0,0,0,0,0,0,0,0,0,0,0,0,0,0,0,0
3484,8,9,8,5,4,4,5,8,9,8,5,4,4,5,8,9,8,5,4,5,5
3485,0,0,0,0,0,0,0,0,0,0,0,0,0,0,0,0,0,0,0,0,0
3486,0,0,0,0,0,0,0,0,0,0,0,0,0,0,0,0,0,0,0,0,0
3487,39,35,28,21,19,19,18,25,28,24,18,17,18,17,24,28,24,18,17,18,17
3488,1,1,1,1,1,1,1,1,1,1,1,1,1,1,2,2,2,2,2,1,2
3489,0,0,0,0,0,0,0,0,0,0,0,0,0,0,0,0,0,0,0,0,0
3490,25,21,19,17,15,13,13,15,18,19,17,14,11,11,12,14,15,14,11,8,9
3491,15,22,23,24,20,15,12,15,22,23,24,20,15,12,15,22,23,24,20,15,12
3492,5,5,4,5,3,3,3,4,4,4,5,3,3,3,4,4,4,5,3,3,3
3493,0,0,0,0,0,0,0,0,0,0,0,0,0,0,0,0,0,0,0,0,0
3494,0,0,0,0,0,0,0,0,0,0,0,0,0,0,0,0,0,0,0,0,0
3495,3,3,3,2,2,2,2,3,3,3,3,2,2,2,3,3,3,3,2,2,2
3496,1,1,2,1,1,1,1,1,1,2,1,1,1,1,1,1,2,1,1,1,1
3497,18,17,14,14,13,13,14,16,17,16,15,14,13,14,17,17,15,14,13,12,13
3498,13,13,12,10,9,8,8,10,10,10,9,8,8,8,10,10,9,9,8,8,9
3499,0,0,0,0,0,0,0,0,0,0,0,0,0,0,0,0,0,0,0,0,0
3500,9,9,7,6,5,5,5,6,8,7,7,5,5,5,6,7,7,6,5,5,5
3501,19,19,17,15,13,11,12,14,17,16,15,13,11,12,15,18,18,16,14,12,13
3502,18,16,14,13,11,10,9,12,13,13,12,10,10,9,12,13,13,12,10,10,9
3503,10,11,11,10,9,8,9,10,11,11,10,9,8,9,10,11,11,10,9,8,9
3504,35,57,61,48,42,32,30,35,58,61,48,42,32,30,35,57,61,47,42,32,29
3505,2,2,2,2,2,1,1,2,2,2,2,2,1,1,2,2,2,2,2,1,1
3506,4,6,6,7,5,4,3,4,6,6,7,5,4,3,4,6,7,7,5,4,4
3507,3,3,3,3,3,3,2,3,3,4,3,3,3,3,3,4,4,3,3,3,3
3508,1,1,0,0,0,0,0,0,1,0,0,0,0,0,0,0,0,0,0,0,0
3509,18,15,13,12,12,12,12,14,14,14,13,11,10,10,11,11,10,9,9,8,8
3510,29,26,23,22,20,17,17,19,21,21,21,19,16,16,18,20,19,20,18,15,15
3511,0,0,0,0,0,0,0,0,0,0,0,0,0,0,1,1,0,0,0,0,1
3512,1,1,1,2,1,1,1,1,1,1,2,1,1,1,1,1,1,2,1,1,1
3513,0,0,0,0,0,0,0,0,0,0,0,0,0,0,0,0,0,0,0,0,0
3514,7,7,7,8,5,4,5,6,6,6,8,5,4,5,6,6,6,8,5,4,5
3515,7,9,9,9,8,6,6,7,9,9,9,8,6,6,7,9,9,9,8,6,6
3516,0,0,0,0,0,0,0,0,0,0,0,0,0,0,0,0,0,0,0,0,0
3517,0,0,0,0,0,0,0,0,0,0,1,1,1,1,1,1,1,1,1,1,1
3518,0,0,0,0,0,0,0,0,0,0,0,0,0,0,0,0,0,0,0,0,0
3519,0,0,0,0,0,0,0,0,0,0,0,0,0,0,0,0,0,0,0,0,0
3520,0,0,0,0,0,0,0,0,0,0,0,0,0,0,0,0,0,0,0,0,0
3521,0,0,0,0,0,0,0,0,0,0,0,0,0,0,0,0,0,0,0,0,0
3522,0,0,0,0,0,0,0,0,0,0,0,0,0,0,0,0,0,0,0,0,0
3523,0,0,0,0,0,0,0,0,0,0,0,0,0,0,0,0,0,0,0,0,0
3524,0,0,0,0,0,0,0,0,0,0,0,0,0,0,0,0,0,0,0,0,0
3525,0,0,0,0,0,0,0,0,0,0,0,0,0,0,0,0,0,0,0,0,0
3526,0,0,0,0,0,0,0,0,0,0,0,0,0,0,0,0,0,0,0,0,0
3527,0,0,0,0,0,0,0,0,0,0,0,0,0,0,0,0,0,0,0,0,0
3528,0,0,0,0,0,0,0,0,0,0,0,0,0,0,0,0,0,0,0,0,0
3529,0,0,0,0,0,0,0,0,0,0,0,0,0,0,0,0,0,0,0,0,0
3530,0,0,0,0,0,0,0,0,0,0,0,0,0,0,0,0,0,0,0,0,0
3531,0,0,0,0,0,0,0,0,0,0,0,0,0,0,0,0,0,0,0,0,0
3532,0,0,0,0,0,0,0,0,0,0,0,0,0,0,0,0,0,0,0,0,0
3533,0,0,0,0,0,0,0,0,0,0,0,0,0,0,0,0,0,0,0,0,0
3534,20,22,22,20,18,16,17,19,21,19,18,16,14,15,16,16,15,15,13,12,12
3535,0,0,1,1,1,0,0,1,0,1,1,1,0,0,1,0,1,1,1,0,0
3536,0,0,0,0,0,0,0,0,0,0,0,0,0,0,0,0,0,0,0,0,0
3537,0,0,0,0,0,0,0,0,0,0,0,0,0,0,0,0,0,0,0,0,0
3538,0,0,0,0,0,0,0,0,0,0,0,0,0,0,0,0,0,0,0,0,0
3539,1,1,1,1,1,1,1,1,1,1,1,1,1,1,1,1,1,1,1,1,1
3540,1,1,1,1,1,1,1,1,1,1,1,1,1,1,1,1,1,1,1,1,1
3541,13,12,12,11,9,9,8,9,10,9,8,6,5,5,5,6,6,6,4,4,4
3542,5,5,5,5,4,3,3,4,4,4,4,3,3,2,3,3,4,4,3,2,2
3543,23,28,30,26,20,17,16,20,24,24,22,18,16,16,19,22,23,21,17,15,16
3544,3,3,4,3,3,2,2,3,4,4,4,3,2,2,3,3,3,3,3,2,2
3545,31,38,40,35,28,24,25,28,34,34,31,26,24,25,27,32,34,32,26,24,25
3546,0,0,1,1,0,0,0,0,0,1,1,0,0,0,0,0,1,1,0,0,0
3547,42,47,47,41,33,30,32,36,42,40,37,32,32,34,38,41,42,39,33,31,33
3548,5,5,5,5,4,4,4,4,5,5,4,4,3,4,4,5,5,4,4,3,3
3549,4,4,5,4,4,4,4,4,4,4,4,3,3,4,4,4,4,4,3,3,4
3550,1,1,1,1,1,1,1,1,1,1,1,1,1,1,1,1,1,1,1,1,1
3551,1,2,2,2,2,1,1,2,2,2,2,2,1,1,2,2,2,2,2,1,1
3552,4,4,4,3,3,3,3,4,4,3,3,2,2,3,3,3,3,2,2,2,3
3553,4,4,4,3,3,3,3,4,4,4,3,3,3,3,3,4,3,3,3,2,3
3554,10,10,11,9,8,7,7,9,9,10,8,7,6,7,8,9,9,8,7,6,7
3555,2,2,2,2,2,2,2,2,2,2,2,2,1,1,2,2,2,1,1,1,1
3556,0,0,0,0,0,0,0,0,0,0,0,0,0,0,0,0,0,0,0,0,0
3557,0,0,0,0,0,0,0,0,0,0,0,0,0,0,0,0,0,0,0,0,0
3558,0,0,0,0,0,0,0,0,0,0,0,0,0,0,0,0,0,0,0,0,0
3559,0,0,0,0,0,0,0,0,0,0,0,0,0,0,0,0,0,0,0,0,0
3560,0,1,1,1,1,1,1,1,1,1,1,1,1,1,1,1,1,1,1,1,1
3561,32,35,33,32,27,25,27,32,35,33,32,27,25,27,32,35,33,32,27,25,27
3562,6,5,5,5,4,4,3,4,4,4,4,3,3,3,3,3,3,3,3,3,2
3563,0,0,0,0,0,0,0,0,0,0,0,0,0,0,0,0,0,0,0,0,0
3564,0,0,0,0,0,0,0,0,0,0,0,0,0,0,0,0,0,0,0,0,0
3565,0,0,0,0,0,0,0,0,0,0,0,0,0,0,0,0,0,0,0,0,0
3566,8,7,6,6,5,5,5,6,6,5,5,4,4,4,4,4,4,4,3,3,3
3567,0,0,0,0,0,0,0,0,0,0,0,0,0,0,0,0,0,0,0,0,0
3568,0,0,0,0,0,0,0,0,0,0,0,0,0,0,0,0,0,0,0,0,0
3569,0,0,0,0,0,0,0,0,0,0,0,0,0,0,0,0,0,0,0,0,0
3570,1,1,1,1,1,1,1,1,1,1,1,1,1,1,1,1,1,1,1,1,1
3571,4,4,4,4,4,4,4,4,4,4,4,4,4,4,4,4,4,3,3,3,4
3572,3,3,3,3,3,3,2,3,3,3,3,3,2,2,3,3,3,3,2,2,2
3573,1,1,1,1,1,1,1,1,1,1,1,1,1,1,1,1,1,1,1,1,1
3574,1,1,0,0,0,0,0,1,1,0,0,0,0,0,1,1,0,0,0,0,0
3575,3,3,2,2,2,2,2,2,3,2,2,2,2,2,3,3,2,2,2,2,2
3576,1,1,2,1,1,1,1,1,1,2,1,1,1,1,1,1,2,1,1,1,1
3577,5,5,5,4,4,4,4,5,5,5,4,4,4,4,4,5,4,4,4,4,4
3578,0,0,0,0,0,0,0,0,0,0,0,0,0,0,0,0,0,0,0,0,0
3579,19,25,25,21,18,15,15,19,25,25,21,18,15,15,19,25,25,21,18,15,15
3580,75,81,81,73,63,55,52,62,67,68,64,55,48,45,53,56,59,58,50,43,41
3581,0,1,1,0,0,0,0,0,1,1,0,0,0,0,0,1,1,0,0,0,0
3582,1,1,1,1,1,1,1,1,1,1,1,1,1,1,1,1,1,1,1,1,1
3583,19,17,12,14,13,14,10,11,10,9,12,11,12,8,9,9,8,11,11,12,7
3584,88,93,92,88,79,78,77,92,99,95,88,76,72,73,83,85,84,81,68,67,69
3585,516,591,633,586,510,442,417,541,609,625,575,498,434,406,522,583,622,582,506,441,429
3586,47,52,50,47,43,39,43,57,64,63,58,50,44,45,57,62,59,55,47,43,46
3587,56,57,55,48,43,36,40,47,51,51,45,40,34,38,46,50,50,44,40,34,38
3588,167,194,182,169,152,142,152,170,197,180,166,147,139,150,166,192,180,169,149,141,156
3589,2,3,4,3,3,3,3,4,4,4,4,3,3,4,4,5,5,4,3,3,3
3590,1,2,2,2,2,2,2,2,2,2,2,2,2,2,2,3,2,3,3,2,2
3591,1,1,0,0,1,1,1,1,1,0,0,1,1,1,1,0,0,0,1,1,1
3592,2,2,1,2,1,1,2,2,2,1,2,1,1,2,2,2,1,2,1,1,2
3593,1,1,2,2,2,1,1,1,1,2,2,2,1,1,1,1,2,2,2,1,1
3594,1,1,1,0,0,0,0,1,1,1,0,0,0,0,1,1,1,0,0,0,0
3595,13,13,12,11,10,9,9,11,12,11,10,8,8,8,9,10,9,8,6,5,5
3596,0,0,0,0,0,0,0,0,0,0,0,0,0,0,0,0,0,0,0,0,0
3597,1,1,1,1,1,1,1,1,1,1,1,1,1,1,1,1,1,1,1,1,1
3598,1,1,1,1,1,1,1,1,1,1,1,1,1,1,1,1,1,1,1,1,1
3599,0,0,0,0,0,0,0,0,0,0,0,0,0,0,0,0,0,0,0,0,0
3600,0,0,0,0,0,0,0,0,0,0,0,0,0,0,0,0,0,0,0,0,0
3601,0,0,0,0,0,0,0,0,0,0,0,0,0,0,0,0,0,0,0,0,0
3602,0,0,0,0,0,0,0,0,0,0,0,0,0,0,0,0,0,0,0,0,0
3603,0,0,0,0,0,0,0,0,0,0,0,0,0,0,0,0,0,0,0,0,0
3604,0,0,0,0,0,0,0,0,0,0,0,0,0,0,0,0,0,0,0,0,0
3605,0,0,0,0,0,0,0,0,0,0,0,0,0,0,0,0,0,0,0,0,0
3606,0,0,0,0,0,0,0,0,0,0,0,0,0,0,0,0,0,0,0,0,0
3607,0,0,0,0,0,0,0,0,0,0,0,0,0,0,0,0,0,0,0,0,0
3608,4,2,1,1,1,1,1,2,1,1,1,1,1,1,2,1,1,1,1,1,1
3609,0,0,0,0,0,0,0,0,0,0,0,0,0,0,0,0,0,0,0,0,0
3610,0,0,0,0,0,0,0,0,0,0,0,0,0,0,0,0,0,0,0,0,0
3611,0,0,0,0,0,0,0,0,0,0,0,0,0,0,0,0,0,0,0,0,0
3612,0,0,0,0,0,0,0,0,0,0,0,0,0,0,0,0,0,0,0,0,0
3613,0,0,0,0,0,0,0,0,0,0,0,0,0,0,0,0,0,0,0,0,0
3614,0,0,0,0,0,0,0,0,0,0,0,0,0,0,0,0,0,0,0,0,0
3615,4,5,4,3,3,3,2,4,5,4,3,3,3,2,4,5,4,3,3,3,2
3616,0,0,0,0,0,0,0,0,0,0,0,0,0,0,0,0,0,0,0,0,0
3617,0,0,0,0,0,0,0,0,0,0,0,0,0,0,0,0,0,0,0,0,0
3618,0,0,0,0,0,0,0,0,0,0,0,0,0,0,0,0,0,0,0,0,0
3619,0,0,0,0,0,0,0,0,0,0,0,0,0,0,0,0,0,0,0,0,0
3620,3,3,4,4,3,3,3,4,4,4,4,3,3,3,4,3,3,3,3,3,3
3621,6,7,7,8,8,7,7,7,8,8,8,7,7,6,6,7,7,7,7,6,6
3622,3,3,2,2,2,2,2,2,2,2,2,2,2,2,2,2,2,2,2,2,2
3623,1,0,1,1,0,1,1,1,0,1,1,0,1,1,1,0,1,1,0,1,1
3624,0,0,0,0,0,0,0,0,0,0,0,0,0,0,0,0,0,0,0,0,0
3625,0,0,0,0,0,0,0,0,0,0,0,0,0,0,0,0,0,0,0,0,0
3626,26,34,43,40,34,25,19,26,34,43,40,34,25,19,26,34,43,40,34,25,19
3627,0,0,0,0,0,0,0,0,0,0,0,0,0,0,0,0,0,0,0,0,0
3628,5,4,4,4,4,3,3,4,4,4,4,4,3,3,4,4,4,4,4,3,3
3629,0,0,0,0,0,0,0,0,0,0,0,0,0,0,0,0,0,0,0,0,0
3630,1,2,1,1,1,1,2,1,2,1,1,1,1,2,1,2,1,1,1,1,2
3631,7,6,6,5,5,6,5,8,6,6,5,4,5,5,7,5,5,5,4,5,5
3632,1,1,1,1,1,1,1,1,1,1,1,1,1,1,1,1,1,1,1,1,1
3633,3,3,3,2,2,2,2,3,3,3,2,2,2,2,3,3,3,2,2,2,2
3634,3,3,3,2,2,1,2,3,3,3,2,2,1,2,3,3,3,2,2,1,2
3635,0,0,0,0,0,0,0,0,0,0,0,0,0,0,0,0,0,0,0,0,0
3636,0,0,0,0,0,1,0,0,0,0,1,0,1,0,0,0,0,0,0,1,0
3637,0,0,0,0,0,0,0,0,0,0,0,0,0,0,0,0,0,0,0,0,0
3638,1,1,1,1,0,0,0,1,1,1,1,0,0,0,1,1,1,1,0,0,0
3639,0,0,0,0,0,0,0,0,0,0,0,0,0,0,0,0,0,0,0,0,0
3640,0,0,0,0,0,0,0,0,0,0,0,0,0,0,0,0,0,0,0,0,0
3641,0,0,0,0,0,0,0,0,0,0,0,0,0,0,0,0,0,0,0,0,0
3642,0,0,0,0,0,0,0,0,0,0,0,0,0,0,0,0,0,0,0,0,0
3643,0,0,0,0,0,0,0,0,0,0,0,0,0,0,0,0,0,0,0,0,0
3644,0,0,0,0,0,0,0,0,0,0,0,0,0,0,0,0,0,0,0,0,0
3645,0,0,0,0,0,0,0,0,0,0,0,0,0,0,0,0,0,0,0,0,0
3646,0,0,0,0,0,0,0,0,0,0,0,0,0,0,0,0,0,0,0,0,0
3647,1,1,1,1,1,1,1,1,1,1,1,1,1,0,1,1,1,1,1,1,1
3648,1,1,1,1,1,1,1,1,1,1,1,1,1,1,1,1,1,1,1,1,1
3649,0,0,0,0,0,0,0,0,0,0,0,0,0,0,0,0,0,0,0,0,0
3650,0,0,0,0,0,0,0,0,0,0,0,0,0,0,0,0,0,0,0,0,0
3651,0,0,0,0,0,0,0,0,0,0,0,0,0,0,0,0,0,0,0,0,0
3652,1,1,0,1,1,1,0,1,1,0,1,1,0,0,1,1,0,0,1,0,0
3653,0,0,0,0,0,0,0,0,0,0,0,0,0,0,0,0,0,0,0,0,0
3654,4,3,2,2,2,2,2,2,2,2,2,1,1,1,2,1,1,1,1,1,1
3655,6,7,7,7,6,5,5,6,7,7,7,6,5,5,6,7,7,7,6,5,6
3656,0,0,0,0,0,0,0,0,0,0,0,0,0,0,0,0,0,0,0,0,0
3657,0,0,0,0,0,0,0,0,0,0,0,0,0,0,0,0,0,0,0,0,0
3658,4,4,5,4,4,4,4,5,5,5,5,4,4,4,4,4,4,4,4,3,4
3659,1,1,1,1,1,1,1,1,1,1,1,1,1,1,1,1,1,1,1,1,1
3660,4,4,4,3,3,3,3,4,4,4,3,3,3,3,4,4,4,3,3,3,3
3661,0,0,0,0,0,0,0,0,0,0,0,0,0,0,0,0,0,0,0,0,0
3662,0,0,0,0,0,0,0,0,0,0,0,0,0,0,0,0,0,0,0,0,0
3663,19,19,19,19,17,16,15,17,18,18,17,16,15,15,16,16,16,15,14,13,13
3664,0,0,0,0,0,0,0,0,0,0,0,0,0,0,0,0,0,0,0,0,0
3665,4,5,5,5,4,4,4,5,6,6,5,4,4,4,5,5,5,5,4,4,4
3666,2,2,4,4,3,2,2,2,2,4,4,3,2,2,2,2,4,4,3,2,2
3667,3,4,4,4,3,3,3,3,3,4,3,3,3,3,3,3,3,3,3,2,3
3668,8,8,9,9,8,7,6,7,7,9,8,7,6,5,6,6,8,8,7,6,5
3669,40,39,39,36,29,26,26,30,32,33,33,28,26,26,30,31,35,35,29,27,27
3670,18,18,19,17,15,14,14,16,17,17,16,14,14,13,15,15,16,15,14,13,13
3671,9,8,8,7,7,6,6,6,6,6,5,4,4,3,4,4,4,4,3,3,3
3672,25,26,26,23,20,18,19,22,24,24,22,20,19,21,23,24,25,24,21,20,22
3673,4,4,3,3,3,3,3,3,3,3,3,2,2,3,3,3,3,3,2,3,3
3674,5,5,6,5,5,5,5,5,5,5,5,5,4,4,5,5,5,5,4,4,4
3675,24,28,29,26,22,18,18,22,27,28,26,22,19,18,21,23,25,24,20,17,16
3676,1,1,2,2,1,1,1,1,1,2,2,1,1,1,1,1,2,2,1,1,1
3677,8,10,11,10,8,7,7,8,10,11,11,9,8,9,10,11,12,11,10,9,9
3678,1,1,1,1,1,1,1,1,1,1,1,1,1,1,1,1,1,1,1,1,1
3679,1,2,2,2,2,2,3,3,3,3,3,3,3,3,3,3,3,3,3,3,3
3680,0,0,0,0,0,0,0,0,0,0,0,0,0,0,0,0,0,0,0,0,0
3681,9,7,6,6,6,5,5,7,6,6,6,6,5,5,7,6,5,5,5,5,5
3682,0,1,1,1,1,1,1,0,1,1,1,1,1,1,0,1,1,1,1,1,1
3683,32,33,34,31,28,26,27,31,33,31,30,27,27,28,29,27,27,26,23,22,23
3684,0,0,0,2,0,0,0,0,0,0,2,0,0,0,0,0,0,2,0,0,0
3685,0,0,0,0,0,0,0,0,0,0,0,0,0,0,0,0,0,0,0,0,0
3686,0,0,0,0,0,0,0,0,0,0,0,0,0,0,0,0,0,0,0,0,0
3687,0,0,0,0,0,0,0,0,0,0,0,0,0,0,0,0,0,0,0,0,0
3688,0,0,0,0,0,0,0,0,1,1,0,0,0,0,0,1,1,0,0,0,0
3689,0,0,0,0,0,0,0,0,0,0,0,0,0,0,0,0,0,0,0,0,0
3690,2,2,2,2,3,3,2,2,3,2,2,3,3,2,2,3,2,2,3,3,2
3691,2,2,2,2,2,2,2,2,2,2,2,2,2,2,2,2,2,2,2,2,2
3692,4,4,4,4,4,4,4,4,4,4,4,4,4,4,4,4,4,4,4,4,4
3693,1,1,1,1,1,1,1,1,1,1,1,1,1,1,1,1,1,1,1,1,1
3694,0,0,0,0,0,0,0,0,0,0,0,0,0,0,0,0,0,0,0,0,0
3695,0,0,0,0,0,0,0,0,0,0,0,0,0,0,0,0,0,0,0,0,0
3696,0,0,0,0,0,0,0,0,0,0,0,0,0,0,0,0,0,0,0,0,0
3697,0,0,0,0,0,0,0,0,0,0,0,0,0,0,0,0,0,0,0,0,0
3698,0,0,0,0,0,0,0,0,0,0,0,0,0,0,0,0,0,0,0,0,0
3699,3,3,2,2,1,1,2,2,2,2,1,1,1,2,2,2,2,1,1,1,2
3700,0,0,0,0,0,0,0,0,0,0,0,0,0,0,0,0,0,0,0,0,0
3701,0,0,0,0,0,0,0,0,0,0,0,0,0,0,0,0,0,0,0,0,0
3702,10,12,12,11,10,8,8,10,12,12,11,10,8,8,10,12,12,11,10,8,8
3703,0,0,0,0,0,0,0,0,0,0,0,0,0,0,0,0,0,0,0,0,0
3704,0,0,0,0,0,0,0,0,0,0,0,0,0,0,0,0,0,0,0,0,0
3705,35,35,34,32,30,27,27,30,32,32,31,29,25,26,30,32,32,31,29,28,31
3706,1,1,1,1,1,1,1,1,1,1,1,1,1,1,1,1,1,1,1,1,1
3707,60,66,73,59,53,48,50,60,66,72,58,52,47,49,59,65,72,57,52,47,49
3708,2,2,2,2,2,1,2,2,2,2,2,2,1,2,2,2,2,2,2,1,2
3709,4,5,5,4,4,4,4,4,5,5,4,4,4,4,4,5,5,4,4,4,4
3710,0,0,0,0,0,0,0,0,0,0,0,0,0,0,0,0,0,0,0,0,0
3711,1,1,1,1,1,1,1,2,2,2,2,2,2,2,2,2,2,2,2,2,1
3712,0,0,0,0,0,0,0,0,0,0,0,0,0,0,0,0,0,0,0,0,0
3713,2,2,2,2,2,2,2,2,2,2,2,2,2,2,2,2,2,2,2,2,2
3714,23,24,23,23,21,21,21,23,24,23,23,21,21,20,22,24,23,22,21,20,20
3715,0,0,0,0,0,0,0,0,0,0,0,0,0,0,0,0,0,0,0,0,0
3716,1,2,1,1,1,1,1,2,2,1,1,1,1,1,2,2,1,1,1,1,1
3717,4,4,4,4,3,3,4,4,4,4,4,3,4,4,5,5,4,4,3,3,4
3718,0,0,0,0,0,0,0,0,0,0,0,0,0,0,0,0,0,0,0,0,0
3719,0,0,0,0,0,0,0,0,0,0,0,0,0,0,0,0,0,0,0,0,0
3720,0,0,0,0,0,0,0,0,0,0,0,0,0,0,0,0,0,0,0,0,0
3721,1,1,1,1,1,1,1,1,1,1,1,1,1,1,1,1,1,1,1,1,1
3722,0,0,0,0,0,0,0,0,0,0,0,0,0,0,0,0,0,0,0,0,0
3723,0,0,0,0,0,0,0,0,0,0,0,0,0,0,0,0,0,0,0,0,0
3724,0,0,0,0,0,0,0,0,0,0,0,0,0,0,0,0,0,0,0,0,0
3725,0,0,0,0,0,0,0,0,0,0,0,0,0,0,0,0,0,0,0,0,0
3726,32,38,39,38,36,31,26,32,38,39,38,36,31,26,32,38,39,38,36,31,26
3727,0,0,0,0,1,0,0,0,0,0,0,1,0,0,0,0,0,0,1,0,0
3728,0,0,0,0,0,0,0,0,0,0,0,0,0,0,0,0,0,0,0,0,0
3729,0,0,0,0,0,1,1,0,0,0,0,0,1,1,0,0,0,0,0,1,1
3730,0,1,0,0,0,0,0,0,1,0,0,0,0,0,0,1,0,0,0,0,0
3731,0,0,0,0,0,0,0,0,0,0,0,0,0,0,0,0,0,0,0,0,0
3732,0,0,0,0,0,0,0,0,0,0,0,0,0,0,0,0,0,0,0,0,0
3733,0,0,0,0,0,0,0,0,0,0,0,0,0,0,0,0,0,0,0,0,0
3734,14,15,15,15,15,13,12,13,15,15,15,14,12,12,12,14,13,13,12,11,10
3735,6,6,6,6,6,5,6,6,6,6,6,5,5,6,6,6,6,5,5,5,5
3736,9,9,10,8,8,7,8,9,9,9,8,8,7,8,9,10,10,9,9,9,10
3737,2,3,3,2,2,2,2,3,3,3,3,2,2,2,3,3,4,3,3,3,3
3738,1,1,1,1,1,1,1,1,1,1,2,1,1,1,2,2,2,2,2,1,1
3739,5,5,4,4,4,4,4,4,4,4,4,4,3,4,4,4,3,3,3,3,3
3740,0,0,0,0,0,0,0,0,0,0,0,0,0,0,0,0,0,0,0,0,0
3741,1,1,1,1,1,1,1,1,1,1,1,1,1,1,1,1,1,1,1,1,1
3742,2,2,2,2,2,2,2,2,2,2,2,2,2,2,2,2,2,2,2,2,2
3743,2,2,2,2,2,2,2,2,2,2,2,2,2,2,2,2,2,2,2,1,2
3744,36,38,37,34,31,29,28,34,36,37,35,31,28,27,33,35,37,34,31,28,29
3745,22,23,22,20,17,16,15,19,20,20,20,17,15,15,18,19,20,19,16,14,14
3746,3,3,2,2,2,2,2,2,2,2,2,2,2,2,2,2,2,2,1,1,2
3747,2,3,3,3,3,3,3,2,3,3,3,3,3,3,2,3,3,3,3,3,3
3748,0,0,0,0,0,0,0,0,0,0,0,0,0,0,0,0,0,0,0,0,0
3749,1,1,1,1,1,1,1,2,2,2,1,1,1,1,2,2,2,2,1,1,2
3750,0,0,0,0,0,0,0,0,0,0,0,0,0,0,0,0,0,0,0,0,0
3751,0,0,0,0,0,0,0,0,0,0,0,0,0,0,0,0,0,0,0,0,0
3752,0,0,0,0,0,0,0,0,0,0,0,0,0,0,0,0,0,0,0,0,0
3753,0,0,0,0,0,0,0,0,0,0,0,0,0,0,0,0,0,0,0,0,0
3754,0,0,0,0,0,0,0,0,0,0,0,0,0,0,0,0,0,0,0,0,0
3755,0,0,0,0,0,0,0,0,0,0,0,0,0,0,0,0,0,0,0,0,0
3756,0,0,0,0,0,0,0,0,0,0,0,0,0,0,0,0,0,0,0,0,0
3757,4,4,3,3,2,2,2,3,3,3,2,2,2,2,2,2,2,2,2,2,2
3758,3,3,3,3,3,4,4,5,5,5,5,5,6,6,7,7,7,6,6,6,7
3759,1,1,1,1,1,1,1,1,1,1,1,1,1,1,1,1,1,1,1,1,1
3760,1,1,1,1,1,1,1,1,1,1,1,1,1,1,1,1,1,1,1,1,1
3761,1,1,1,1,1,1,1,1,1,1,1,1,1,1,1,1,1,1,1,1,1
3762,0,0,0,0,0,0,0,0,0,0,0,0,0,0,0,0,0,0,0,0,0
3763,0,0,0,0,0,0,0,0,0,0,0,0,0,0,0,0,0,0,0,0,0
3764,0,0,0,0,0,0,0,0,0,0,0,0,0,0,0,0,0,0,0,0,0
3765,3,4,4,3,3,3,3,4,4,4,4,3,4,4,4,4,4,4,3,3,4
3766,0,0,0,0,0,0,0,0,1,1,0,0,0,0,0,0,0,0,0,0,0
3767,0,0,0,0,0,0,0,0,0,0,0,0,0,0,0,0,0,0,0,0,0
3768,0,0,0,0,0,0,0,0,0,0,0,0,0,0,0,0,0,0,0,0,0
3769,0,0,0,0,0,0,0,0,0,0,0,0,0,0,0,0,0,0,0,0,0
3770,0,0,0,0,0,0,0,0,0,0,0,0,0,0,0,0,0,0,0,0,0
3771,5,4,3,3,2,2,2,2,3,3,3,2,2,2,2,2,3,2,2,2,2
3772,2,2,2,2,2,2,2,2,2,2,2,2,2,2,2,2,2,2,2,2,2
3773,1,1,1,1,1,1,1,1,1,1,1,1,1,1,1,1,1,1,1,1,1
3774,0,1,1,1,0,0,0,0,1,1,1,0,0,0,0,1,1,1,0,0,0
3775,0,0,0,0,0,0,0,0,0,0,0,0,0,0,0,0,0,0,0,0,0
3776,0,0,0,0,0,0,0,0,0,0,0,0,0,0,0,0,0,0,0,0,0
3777,0,0,2,6,5,0,0,0,0,2,6,5,0,0,0,0,2,6,5,0,0
3778,0,0,0,0,0,0,0,0,0,0,0,0,0,0,0,0,0,0,0,0,0
3779,0,0,0,0,0,0,0,0,0,0,0,0,0,0,0,0,0,0,0,0,0
3780,0,0,0,0,0,0,0,0,0,0,0,0,0,0,0,0,0,0,0,0,0
3781,0,0,0,0,0,0,0,0,0,0,0,0,0,0,0,0,0,0,0,0,0
3782,0,1,0,0,0,0,0,0,1,0,0,0,0,0,0,1,0,0,0,0,0
3783,2,2,1,1,1,1,1,1,2,2,2,1,1,1,2,2,2,2,2,1,1
3784,0,0,0,0,0,0,0,0,0,0,0,0,0,0,0,0,0,0,0,0,0
3785,3,3,2,2,2,2,2,2,2,2,2,2,2,2,2,2,2,2,2,2,2
3786,0,0,0,0,0,0,0,0,0,0,0,0,0,0,0,0,0,0,0,0,0
3787,0,0,0,0,0,0,0,0,0,0,0,0,0,0,0,0,0,0,0,0,0
3788,0,0,0,0,0,0,0,0,0,0,0,0,0,0,0,0,0,0,0,0,0
3789,2,2,2,2,2,2,2,2,2,2,2,2,2,2,2,2,2,2,2,2,2
3790,0,0,0,0,0,0,0,0,0,0,0,0,0,0,0,0,0,0,0,0,0
3791,2,3,3,3,2,2,2,2,3,3,3,2,2,2,2,4,3,3,3,2,2
3792,29,33,32,29,26,24,24,28,31,31,29,26,23,24,26,28,28,27,23,21,21
3793,2,3,2,3,2,2,2,2,2,2,3,2,2,2,2,2,2,2,2,2,2
3794,0,0,0,0,0,0,0,0,0,0,0,0,0,0,0,0,0,0,0,0,0
3795,9,10,9,8,7,7,7,9,10,9,8,7,7,7,9,10,9,8,7,7,7
3796,3,4,4,4,4,3,2,3,4,4,4,4,3,2,3,4,4,4,4,3,2
3797,0,0,0,0,0,0,0,0,0,1,0,0,0,0,0,0,1,0,0,0,0
3798,0,0,0,0,0,0,0,0,0,0,0,0,0,0,0,0,0,0,0,0,0
3799,0,0,0,0,0,0,0,0,0,0,0,0,0,0,0,0,0,0,0,0,0
3800,0,0,0,0,0,0,0,0,0,0,0,0,0,0,0,0,0,0,0,0,0
3801,0,0,0,1,1,1,1,1,1,2,2,2,2,2,2,2,3,3,2,2,2
3802,0,0,0,0,0,0,0,0,0,0,0,0,0,0,0,0,0,0,0,0,0
3803,0,0,0,0,0,0,0,0,0,0,0,0,0,0,0,0,0,0,0,0,0
3804,0,0,0,0,0,0,0,0,0,0,0,0,0,0,0,0,0,0,0,0,0
3805,0,0,0,0,0,0,0,0,0,0,0,0,0,0,0,0,0,0,0,0,0
3806,3,4,4,4,3,3,3,4,4,4,4,3,3,3,4,4,4,4,3,3,3
3807,0,0,0,0,0,0,0,0,0,0,0,0,0,0,0,0,0,0,0,0,0
3808,0,0,0,0,0,0,0,0,0,0,0,0,0,0,0,0,0,0,0,0,0
3809,0,0,0,0,0,0,0,0,0,0,0,0,0,0,0,0,0,0,0,0,0
3810,9,10,10,10,9,8,8,9,10,10,10,9,8,8,9,10,10,10,9,8,8
3811,0,0,1,0,1,0,0,0,0,1,0,0,0,0,0,0,0,0,0,0,0
3812,0,0,0,0,0,0,0,0,0,0,0,0,0,0,0,0,0,0,0,0,0
3813,0,0,0,0,0,0,0,0,0,0,0,0,0,0,0,0,0,0,0,0,0
3814,0,0,0,0,0,0,0,0,1,0,0,0,0,0,0,0,0,0,0,0,0
3815,48,44,35,31,26,20,19,23,26,28,28,24,19,18,21,22,23,23,19,15,14
3816,2,2,2,2,2,2,2,2,2,2,2,2,2,2,2,2,2,2,2,2,2
3817,34,33,30,26,23,22,24,26,28,27,25,23,21,22,26,28,28,26,24,23,25
3818,7,7,7,7,7,6,6,7,7,7,7,7,6,6,7,7,7,7,7,6,6
3819,24,26,25,23,21,19,19,24,26,25,23,21,19,19,24,26,25,23,21,19,19
3820,3,3,2,2,2,2,2,2,2,2,2,1,1,1,2,1,1,1,1,1,1
3821,1,1,1,0,0,0,1,1,1,1,0,0,0,1,1,1,1,0,0,0,1
3822,51,57,60,52,41,34,34,46,53,57,51,41,35,34,46,52,57,50,40,33,33
3823,15,21,24,25,20,14,14,15,21,24,25,20,14,14,15,21,24,25,20,14,14
3824,19,22,29,26,22,17,16,19,22,29,26,22,17,16,18,22,29,26,22,17,16
3825,38,42,43,38,33,30,31,34,39,42,37,33,30,30,33,38,41,37,32,29,30
3826,18,25,32,28,23,16,14,18,25,32,28,23,16,14,18,25,32,28,23,16,14
3827,20,26,32,29,23,16,17,20,26,32,29,23,16,17,20,26,32,29,23,16,17
3828,198,245,228,204,211,181,172,198,245,228,204,211,181,172,198,245,228,204,211,181,172
3829,444,489,547,506,440,374,347,448,494,553,511,443,375,349,451,497,557,512,442,374,347
3830,227,285,275,276,286,251,282,349,436,419,366,329,270,292,362,441,433,386,332,261,269
3831,0,0,0,0,0,0,0,0,0,0,0,0,0,0,0,0,0,0,0,0,0
3832,73,76,84,76,71,69,65,73,76,84,76,71,69,65,73,76,84,76,71,69,65
3833,140,132,129,145,129,112,119,155,169,174,185,167,150,168,220,237,232,231,202,188,203
3834,125,151,139,128,102,91,91,125,151,139,127,102,91,91,125,151,139,127,102,91,91
3835,0,0,0,0,0,0,0,0,0,0,0,0,0,0,0,0,0,0,0,0,0
3836,464,514,592,552,488,432,392,503,566,644,589,511,448,412,522,579,658,601,512,443,401
3837,495,548,629,590,518,456,430,574,670,741,660,565,500,494,644,749,852,764,638,558,540
3838,0,0,0,0,0,0,0,0,0,0,0,0,0,0,0,0,0,0,0,0,0
3839,312,387,381,363,328,305,310,370,450,428,397,353,331,339,394,453,437,395,339,310,313
3840,250,199,260,327,419,378,314,255,233,303,349,427,392,333,284,266,349,395,470,431,378
3841,1,0,0,0,0,0,1,1,0,0,0,0,0,1,1,0,0,0,0,0,1
3842,1,0,0,0,0,1,1,1,0,0,0,0,1,1,1,0,0,0,0,1,1
3843,31,38,38,36,29,25,27,31,38,38,36,29,25,27,31,38,38,36,29,25,27
3844,36,35,33,37,36,38,37,40,38,35,38,37,39,37,41,40,37,39,38,41,40
3845,4,4,3,5,5,5,5,4,4,3,5,5,5,5,4,4,3,5,5,5,5
3846,22,28,35,39,32,23,21,22,28,35,39,32,23,21,22,28,35,39,32,23,21
3847,8,9,11,14,13,11,11,8,9,11,14,13,11,11,8,9,11,14,13,11,11
3848,12,9,7,5,5,4,4,5,5,5,4,4,4,3,4,4,4,3,3,3,3
3849,16,19,21,22,21,21,13,15,19,21,22,21,21,13,15,19,21,22,21,21,14
3850,14,13,14,19,18,17,15,14,13,14,19,18,17,15,14,13,14,19,18,17,15
3851,6,8,8,4,4,1,4,6,8,8,5,4,1,4,6,8,8,4,4,1,4
3852,0,0,0,0,0,0,0,0,0,0,0,0,0,0,0,0,0,0,0,0,0
3853,0,2,0,0,0,0,0,0,2,0,0,0,0,0,0,2,0,0,0,0,0
3854,239,264,311,341,296,249,245,309,384,393,374,312,271,268,310,363,406,401,325,263,244
3855,131,93,98,161,203,181,160,131,93,98,161,203,181,160,131,93,98,161,203,181,160
3856,0,1,0,0,0,0,0,0,2,0,0,0,0,0,0,2,0,0,0,0,0
3857,0,0,0,0,0,0,0,0,0,0,0,0,0,0,0,0,0,0,0,0,0
3858,325,387,403,364,305,277,276,346,407,417,371,313,289,292,361,416,430,385,319,291,292
3859,107,111,125,166,239,229,202,107,111,125,166,239,229,202,107,111,125,166,239,229,202
3860,2,1,0,0,0,0,0,2,1,0,0,0,0,0,2,1,0,0,0,0,0
3861,0,0,0,0,0,0,0,0,0,0,0,0,0,0,0,0,0,0,0,0,0
3862,133,154,161,161,134,111,105,126,149,153,154,131,114,107,124,144,153,155,129,110,107
3863,19,15,17,21,23,23,20,20,15,17,21,23,23,20,20,15,17,21,23,23,20
3864,0,0,0,0,0,2,0,0,0,0,0,0,2,0,0,0,0,0,0,2,0
3865,0,0,0,0,0,0,1,0,0,0,0,0,0,1,0,0,0,0,0,0,1
3866,11,13,16,15,14,10,9,13,14,17,16,14,10,9,13,15,18,16,15,11,11
3867,12,14,11,10,7,8,14,12,14,11,10,7,8,14,12,14,11,10,7,8,14
3868,1,2,2,3,3,3,3,3,3,3,3,3,3,3,3,3,2,3,3,3,3
3869,25,24,31,38,28,23,28,25,24,31,38,28,23,28,25,24,31,38,28,23,28
3870,76,60,63,125,124,109,109,74,59,62,125,123,109,109,74,59,62,125,123,109,109
3871,0,0,0,0,0,0,0,0,0,1,0,0,0,0,0,0,1,0,0,0,0
3872,0,0,2,3,3,2,0,0,0,2,3,3,2,0,0,0,2,3,3,2,0
3873,22,25,19,12,8,9,12,22,25,19,12,8,9,11,22,25,19,12,8,9,12
3874,24,34,49,60,52,33,15,30,40,53,63,54,34,15,29,39,52,62,52,33,15
3875,23,27,35,34,30,24,16,24,27,35,34,30,24,16,24,27,35,34,30,25,16
3876,283,300,316,360,354,300,258,299,352,385,417,402,348,327,446,590,636,561,519,458,441
3877,359,360,405,415,387,330,340,413,448,483,455,423,377,391,469,504,574,551,490,411,405
3878,187,206,217,205,162,156,162,177,189,187,178,141,147,150,165,177,192,192,153,155,163
3879,4,2,1,5,2,0,1,4,2,1,5,2,0,1,4,2,1,5,2,0,1
3880,2,0,0,0,0,2,2,2,0,0,0,0,2,2,2,0,0,0,0,2,2
3881,296,296,323,413,319,290,276,340,380,372,434,326,313,321,386,431,462,515,388,360,340
3882,119,77,84,156,171,178,161,119,77,84,156,171,178,161,119,77,84,156,171,178,161
3883,6,10,4,9,4,12,2,6,10,4,9,4,12,2,6,10,4,9,4,12,2
3884,6,4,3,3,1,3,3,6,4,3,3,0,3,3,6,4,3,3,1,3,3
3885,251,278,284,285,264,242,253,322,410,410,386,359,344,377,454,556,599,544,456,400,403
3886,131,99,123,169,220,233,210,126,92,117,165,217,231,207,125,94,123,171,222,234,210
3887,23,21,11,13,10,13,14,19,18,10,12,10,12,14,19,18,10,12,9,12,13
3888,23,25,25,19,21,18,20,19,21,23,17,20,18,20,19,21,22,17,20,18,20
3889,13,10,10,12,14,14,13,14,11,11,13,15,15,14,15,13,14,14,16,16,16
3890,17,15,16,21,20,19,22,19,15,14,20,19,18,20,18,14,14,19,19,18,21
3891,3,3,4,5,5,1,2,3,3,5,5,5,2,2,4,5,6,7,6,3,4
3892,9,8,6,2,3,4,3,9,8,7,2,3,4,3,9,9,7,2,3,4,4
3893,12,17,19,19,17,20,12,11,15,15,14,11,14,9,10,15,15,14,10,14,9
3894,15,16,18,19,21,19,20,21,21,23,22,22,19,19,21,21,21,19,19,17,17
3895,250,287,301,276,246,208,209,257,305,299,252,218,193,198,248,307,332,290,245,210,209
3896,346,372,395,381,319,283,344,500,620,666,596,518,497,625,846,1032,1115,928,746,631,674
3897,133,167,181,178,168,141,142,162,191,187,176,165,146,147,160,183,196,184,162,143,155
3898,97,92,85,82,76,72,79,95,104,107,101,90,81,87,106,112,112,103,87,78,84
3899,440,489,565,521,455,403,383,569,770,994,881,897,850,1014,1354,1795,2012,1678,1380,1268,1301
3900,531,580,659,619,539,477,469,634,762,848,774,685,623,654,874,1014,1141,999,825,700,696
3901,512,557,631,585,509,447,423,559,641,707,636,549,484,455,584,668,762,689,583,503,470
3902,0,0,0,0,0,0,0,0,0,0,0,0,0,0,0,0,0,0,0,0,0
3903,0,0,0,0,0,0,0,0,0,0,0,0,0,0,0,0,0,0,0,0,0
3904,3,5,4,4,4,3,3,3,5,4,4,4,3,3,3,5,4,4,4,3,3
3905,0,0,0,0,0,0,0,0,0,0,0,0,0,0,0,0,0,0,0,0,0
3906,13,12,10,14,13,15,19,13,12,10,14,13,15,19,13,12,10,14,13,15,19
3907,0,0,0,0,0,0,0,0,0,0,0,0,0,0,0,0,0,0,0,0,0
3908,3,2,2,2,2,2,3,4,3,2,2,3,3,4,4,3,3,2,3,3,4
3909,172,185,179,147,124,109,123,130,154,156,147,130,117,129,140,168,183,168,147,131,148
3910,25,16,26,39,49,51,40,25,16,26,39,49,51,40,25,16,26,39,49,51,40
3911,47,48,45,40,35,34,31,41,45,43,40,36,34,31,42,45,44,40,36,34,31
3912,4,9,9,9,6,4,3,4,9,9,9,6,4,3,4,9,9,9,6,4,3
3913,0,0,0,0,0,0,0,0,0,0,0,0,0,0,0,0,0,0,0,0,0
3914,53,56,56,54,43,46,46,53,56,56,54,43,46,46,53,56,56,54,43,46,46
3915,9,13,15,15,12,12,10,9,13,14,15,12,12,10,9,13,14,14,12,12,10
3916,10,10,15,15,7,7,7,10,10,15,15,7,7,7,10,10,15,15,7,7,7
3917,299,281,301,288,259,233,237,236,246,245,225,207,196,205,232,232,254,244,229,210,224
3918,11,12,10,11,11,12,12,11,12,10,11,12,12,12,11,13,11,12,12,13,12
3919,10,16,20,28,24,18,10,11,16,20,28,24,18,10,11,16,20,28,25,18,10
3920,59,57,58,54,51,73,70,68,67,68,64,58,76,73,74,76,79,72,65,86,84
3921,8,6,6,12,16,15,11,8,6,6,12,16,15,11,8,6,6,12,16,15,11
3922,3,0,0,0,0,0,0,4,0,0,0,0,0,0,3,0,0,0,0,0,0
3923,22,24,19,13,8,11,11,15,20,21,17,12,16,19,38,60,71,60,51,58,68
3924,5,8,4,6,4,3,7,6,9,5,7,4,3,7,7,10,6,7,5,4,8
3925,5,9,13,12,9,4,4,5,9,13,12,9,4,4,5,9,13,12,9,4,4
3926,8,7,12,11,11,12,10,9,8,12,11,11,11,10,8,8,12,11,10,11,10
3927,0,0,0,0,0,0,0,0,0,0,0,0,0,0,0,0,0,0,0,0,0
3928,0,0,0,0,0,0,0,0,0,0,0,0,0,0,0,0,0,0,0,0,0
3929,2,0,0,0,0,0,2,2,0,0,0,0,0,2,2,0,0,0,0,0,2
3930,2,0,0,0,0,0,0,2,0,0,0,0,0,0,2,0,0,0,0,0,0
3931,2,26,37,3,2,0,0,2,26,37,3,2,0,0,2,26,37,3,2,0,0
3932,2,0,0,0,0,0,0,2,0,0,0,0,0,0,2,0,0,0,0,0,0
3933,1,0,0,0,0,0,0,1,0,0,0,0,0,0,1,0,0,0,0,0,0
3934,5,1,1,20,17,4,2,5,1,1,20,17,4,2,5,1,1,20,17,4,2
3935,5,8,8,7,2,0,2,6,8,8,7,2,0,2,5,8,8,7,2,0,2
3936,2,1,0,9,8,0,1,2,1,0,9,8,0,1,2,1,0,9,8,0,1
3937,0,0,0,0,0,0,0,0,0,0,0,0,0,0,0,0,0,0,0,0,0
3938,0,0,0,0,0,0,0,0,0,0,0,0,0,0,0,0,0,0,0,0,0
3939,0,0,0,0,0,1,0,0,0,0,0,0,1,0,0,0,0,0,0,1,0
3940,3,3,3,0,0,2,2,3,3,3,0,0,2,2,3,3,3,0,0,2,2
3941,3,3,3,0,0,2,2,3,3,3,0,0,2,2,3,3,3,0,0,2,2
3942,0,3,0,0,2,0,2,1,3,0,0,2,0,2,0,3,0,0,2,0,2
3943,24,26,23,23,19,17,18,24,26,22,23,19,17,18,24,26,22,23,19,17,18
3944,0,0,0,0,0,0,1,1,1,1,1,0,0,1,1,1,1,1,0,0,1
3945,0,0,0,0,0,0,0,0,0,0,0,0,0,0,0,0,0,0,0,0,0
3946,2,2,0,0,0,0,1,2,2,0,0,0,0,1,2,2,0,0,0,0,1
3947,0,0,0,0,0,0,0,0,0,0,0,0,0,0,0,0,0,0,0,0,0
3948,12,11,12,14,10,1,1,12,11,12,14,10,1,1,12,11,12,14,10,1,1
3949,0,0,0,0,0,0,0,0,0,0,0,0,0,0,0,0,0,0,0,0,0
3950,0,0,0,0,0,0,0,0,0,0,0,0,0,0,0,0,0,0,0,0,0
3951,6,8,4,2,2,2,5,6,8,4,2,2,2,5,6,8,4,2,2,2,5
3952,0,0,0,0,0,0,0,0,0,0,0,0,0,0,0,0,0,0,0,0,0
3953,0,0,2,5,6,3,2,0,0,2,5,6,3,2,0,0,2,5,6,3,2
3954,0,0,0,0,1,0,0,0,0,0,0,1,0,0,0,0,0,0,1,0,0
3955,0,0,0,0,1,1,1,0,0,0,0,1,1,1,0,0,0,0,1,2,1
3956,0,0,0,0,0,0,0,0,0,0,0,0,0,0,0,0,0,0,0,0,0
3957,0,0,0,0,0,0,0,0,0,0,0,0,0,0,0,0,0,0,0,0,0
3958,0,0,0,0,0,2,3,0,0,0,0,0,2,3,0,0,0,0,0,2,3
3959,0,0,0,0,0,0,0,0,0,0,0,0,0,0,0,0,0,0,1,1,0
3960,0,0,0,0,0,0,0,0,0,0,0,0,0,0,0,0,0,0,0,0,0
3961,0,0,0,0,0,0,0,0,0,0,0,0,0,0,0,0,0,0,0,0,0
3962,0,0,0,0,0,0,0,0,0,0,0,0,0,0,0,0,0,0,0,0,0
3963,0,0,1,0,0,0,0,0,1,1,0,0,0,0,0,0,1,0,0,0,1
3964,0,0,0,5,4,1,0,0,0,0,5,4,1,0,0,0,0,5,4,1,0
3965,0,0,0,0,0,0,0,0,0,0,0,0,0,0,0,0,0,0,0,0,0
3966,1,1,1,1,1,1,1,1,1,1,1,1,1,1,1,1,1,1,1,1,1
3967,0,0,0,0,0,0,0,0,0,0,0,0,0,0,0,0,0,0,0,0,0
3968,10,9,8,8,7,6,7,7,8,7,6,5,5,6,7,7,6,6,5,5,6
3969,4,4,4,3,2,2,3,3,4,3,3,3,2,3,5,7,7,6,5,6,7
3970,0,0,0,0,0,0,0,0,0,0,0,0,0,0,0,0,0,0,0,0,0
3971,0,0,0,0,0,0,0,0,0,0,0,0,0,0,0,0,0,0,0,0,0
3972,0,0,1,0,0,0,0,1,1,1,1,1,0,1,1,1,1,1,1,1,1
3973,13,14,14,15,14,12,11,11,13,14,15,14,12,12,12,13,14,15,14,12,12
3974,4,4,3,3,3,2,3,3,4,3,3,3,3,3,3,3,3,3,3,2,3
3975,7,7,6,6,6,5,6,6,6,6,6,6,6,6,6,6,6,6,6,5,6
3976,0,0,0,0,0,0,0,0,0,0,0,0,0,0,0,0,0,0,0,0,0
3977,0,1,1,1,2,0,0,0,1,1,1,2,0,0,0,1,1,1,2,0,0
3978,0,0,0,0,0,0,0,0,0,0,0,0,0,0,0,0,0,0,0,0,0
3979,0,1,1,0,0,0,0,1,1,1,0,0,0,0,0,1,1,0,0,0,0
3980,5,5,5,5,5,4,4,4,5,5,5,5,4,4,4,4,5,5,4,4,4
3981,1,1,1,1,1,1,0,1,1,1,1,1,0,0,1,1,1,1,1,1,1
3982,20,21,24,24,23,16,18,18,20,24,25,23,16,19,18,20,25,25,23,17,20
3983,5,6,7,7,6,4,4,4,5,7,7,6,5,4,4,5,7,7,6,5,4
3984,0,1,0,0,0,0,0,0,0,0,0,0,0,0,0,0,0,0,0,0,0
3985,0,0,0,0,0,0,0,0,0,0,0,0,0,0,0,0,0,0,0,0,0
3986,0,0,0,0,0,0,0,0,0,0,0,0,0,0,0,0,0,0,0,0,0
3987,36,38,36,35,30,29,29,31,34,33,33,29,29,29,30,31,30,31,26,26,26
3988,11,9,8,7,6,6,6,7,7,8,7,6,6,6,7,8,8,8,7,7,7
3989,3,3,3,4,4,4,3,3,3,3,4,4,4,3,3,3,3,4,4,4,3
3990,6,6,6,8,8,7,7,7,7,7,9,8,7,7,7,7,7,9,8,7,7
3991,10,11,12,13,12,9,8,10,10,12,13,12,9,8,9,10,11,12,11,9,8
3992,0,0,0,0,0,0,0,0,0,0,0,0,0,0,0,0,0,0,0,0,0
3993,0,0,0,0,0,0,0,0,0,0,0,0,0,0,0,0,0,0,0,0,0
3994,0,0,0,0,0,0,0,0,0,0,0,0,0,0,0,0,0,0,0,0,0
3995,0,0,0,0,0,0,0,0,0,0,0,0,0,0,0,0,0,0,0,0,0
3996,4,4,3,3,3,3,3,3,3,3,3,3,3,3,3,3,3,2,2,2,3
3997,0,0,0,0,0,0,0,0,0,0,0,0,0,0,0,0,0,0,0,0,0
3998,82,88,87,76,68,61,64,80,90,88,77,67,58,59,74,84,85,76,68,61,67
3999,8,9,9,8,7,6,7,8,9,8,7,7,6,6,7,8,8,7,6,6,6
4000,46,49,54,52,46,42,40,49,54,59,57,50,44,42,49,51,56,52,44,39,38
4001,378,367,367,344,310,292,314,348,369,338,322,300,299,311,351,351,354,346,321,298,317
4002,2,2,2,2,1,1,1,2,2,2,2,1,1,1,2,2,2,2,1,1,1
4003,1,1,0,0,0,0,0,1,1,0,0,0,0,0,1,1,0,0,0,0,0
4004,43,49,53,49,42,38,37,43,49,53,49,42,38,37,43,49,53,49,42,38,37
4005,6,5,5,5,5,6,6,6,5,5,5,5,6,6,6,5,5,5,5,6,6
4006,1,1,1,1,1,1,1,1,1,1,1,1,1,1,1,1,1,1,1,1,1
4007,1,1,1,1,1,1,1,1,1,1,1,1,1,1,1,1,1,1,1,1,1
4008,16,18,17,14,11,10,12,13,15,14,12,10,9,11,13,14,13,12,10,10,12
4009,0,0,0,0,0,0,0,0,0,0,0,0,0,0,0,0,0,0,0,0,0
4010,0,0,0,0,0,0,0,0,0,0,0,0,0,0,0,0,0,0,0,0,0
4011,0,0,0,0,0,0,0,0,0,0,0,0,0,0,0,0,0,0,0,0,0
4012,0,0,0,0,0,0,0,0,0,0,0,0,0,0,0,0,0,0,0,0,0
4013,0,0,0,1,1,1,2,3,4,6,6,7,7,8,9,10,11,10,9,8,8
4014,0,0,0,0,0,0,0,0,0,0,0,0,0,0,0,0,0,0,0,0,0
4015,0,0,0,0,0,0,0,0,0,0,0,0,0,0,0,0,0,0,0,0,0
4016,0,0,0,0,0,0,0,0,0,0,0,0,0,0,0,0,0,0,0,0,0
4017,4,4,3,3,3,2,3,3,3,3,2,2,2,2,2,2,2,2,2,2,2
4018,11,12,11,11,9,7,6,8,10,11,11,9,7,5,8,9,10,10,9,7,5
4019,11,10,9,8,8,8,8,8,9,8,8,8,7,8,8,8,8,8,7,7,8
4020,2,2,2,2,2,1,1,1,1,2,2,2,1,1,1,1,2,2,2,1,1
4021,0,0,0,0,0,0,0,0,0,0,0,0,0,0,0,0,0,0,0,0,0
4022,6,6,6,6,5,5,5,5,6,6,5,5,5,5,5,6,5,5,5,5,5
4023,0,0,0,0,0,0,0,0,0,0,0,0,0,0,0,0,0,0,0,0,0
4024,0,0,1,1,0,0,0,0,0,1,1,0,0,0,0,0,1,1,0,0,0
4025,0,0,0,0,0,0,0,0,0,0,0,0,0,0,0,0,0,0,0,0,0
4026,0,1,1,1,2,2,2,2,1,2,2,2,2,1,1,1,1,1,1,1,1
4027,0,0,0,0,0,0,0,0,0,0,0,0,0,0,0,0,0,0,0,0,0
4028,0,0,0,0,0,0,0,0,0,0,0,0,0,0,0,0,0,0,0,0,0
4029,0,0,0,0,0,0,0,0,0,0,0,0,0,0,0,0,0,0,0,0,0
4030,0,0,0,0,0,0,0,0,0,0,0,0,0,0,0,0,0,0,0,0,0
4031,0,0,0,0,0,0,0,0,0,0,0,0,0,0,0,0,0,0,0,0,0
4032,0,0,0,0,0,0,0,0,0,0,0,0,0,0,0,0,0,0,0,0,0
4033,11,11,11,10,9,8,9,10,11,10,10,8,8,8,9,10,9,9,8,7,8
4034,93,116,139,133,114,93,82,93,116,139,133,114,93,82,93,116,139,133,114,93,82
4035,31,34,33,30,26,25,31,29,32,33,30,27,25,32,32,34,34,31,28,27,34
4036,5,4,4,3,3,3,3,4,4,4,3,3,3,3,4,4,4,3,3,3,3
4037,1,1,1,1,1,1,1,1,1,1,1,1,1,1,1,1,1,1,1,1,1
4038,20,21,22,20,17,16,16,18,19,19,18,16,16,16,18,18,19,18,16,16,16
4039,0,0,0,0,0,0,0,0,0,0,0,0,0,0,0,0,0,0,0,0,0
4040,10,10,8,7,6,7,8,9,9,7,6,6,7,8,8,8,7,6,6,7,7
4041,9,8,8,7,6,5,6,6,7,7,6,6,5,5,6,6,7,6,6,5,6
4042,4,4,4,4,4,4,4,5,5,5,5,4,5,5,6,6,6,6,5,6,6
4043,4,4,4,4,4,4,3,4,4,4,4,4,4,3,4,4,4,4,4,4,3
4044,0,0,0,0,0,0,0,0,0,0,0,0,0,0,0,0,0,0,0,0,0
4045,0,0,0,0,0,0,0,0,0,0,0,0,0,0,0,0,0,0,0,0,0
4046,9,8,7,6,5,5,5,6,6,6,5,5,4,5,5,6,6,5,5,5,6
4047,2,2,2,2,2,1,1,2,2,2,2,2,1,1,2,2,2,2,2,1,1
4048,0,0,0,0,0,0,0,0,0,0,0,0,0,0,0,0,0,0,0,0,0
4049,0,0,0,0,0,0,0,0,0,0,0,0,0,0,0,0,0,0,0,0,0
4050,23,29,32,35,31,24,18,21,28,33,37,33,25,19,24,30,35,37,34,26,21
4051,1,1,1,1,1,1,1,1,1,1,1,1,1,1,1,1,1,1,1,1,1
4052,0,0,0,0,0,0,0,0,0,0,0,0,0,0,0,0,0,0,0,0,0
4053,4,3,2,2,2,2,2,4,3,2,2,2,2,2,4,3,2,2,2,2,2
4054,1,1,1,1,1,1,1,1,1,1,1,1,1,1,1,1,1,1,1,1,1
4055,0,0,0,0,0,0,0,0,0,0,0,0,0,0,0,0,0,0,0,0,0
4056,1,1,1,1,1,1,1,1,1,1,1,0,0,0,0,0,0,0,0,0,0
4057,0,0,0,0,0,0,0,0,0,0,0,0,0,0,0,0,0,0,0,0,0
4058,3,2,2,2,2,2,2,2,2,2,2,2,2,2,2,2,2,2,2,2,2
4059,0,0,0,0,0,0,0,0,0,0,0,0,0,0,0,0,0,0,0,0,0
4060,4,4,3,3,3,4,4,4,4,3,3,3,4,4,4,4,3,3,3,4,4
4061,8,8,6,6,6,7,6,8,8,6,6,6,7,6,8,8,6,6,6,7,6
4062,0,0,0,0,0,0,0,0,0,0,0,0,0,0,0,0,0,0,0,0,0
4063,0,0,0,0,0,0,0,0,0,0,0,0,0,0,0,0,0,0,0,0,0
4064,1,1,1,1,1,1,1,1,1,1,1,1,1,1,1,1,1,1,1,1,1
4065,0,0,0,0,0,0,0,0,0,0,0,0,0,0,0,0,0,0,0,0,0
4066,7,7,9,9,9,8,7,8,8,9,9,9,8,7,8,8,9,8,9,7,7
4067,0,0,0,0,0,0,0,0,0,0,0,0,0,0,0,0,0,0,0,0,0
4068,0,0,0,0,0,0,0,0,0,0,0,0,0,0,0,0,0,0,0,0,0
4069,1,1,1,2,2,1,1,1,1,1,2,2,1,1,1,1,1,2,2,1,1
4070,3,3,3,3,2,2,3,3,3,3,3,2,2,3,3,3,3,3,2,2,3
4071,18,21,23,22,19,14,13,18,21,23,22,19,14,13,18,21,23,22,19,14,13
4072,23,25,24,23,21,18,18,22,24,23,23,20,18,18,22,22,22,21,19,17,17
4073,0,0,0,0,0,0,0,0,0,0,0,0,0,0,0,0,0,0,0,0,0
4074,3,4,4,4,3,3,3,4,4,4,4,3,3,3,4,4,4,4,3,3,3
4075,1,1,1,1,1,1,1,1,1,1,1,1,1,1,1,1,1,1,1,1,1
4076,0,0,0,0,0,0,0,0,0,0,0,0,0,0,0,0,0,0,0,0,0
4077,0,0,0,0,0,0,0,0,0,0,0,0,0,0,0,0,0,0,0,0,0
4078,0,0,0,0,0,0,0,0,0,0,0,0,0,0,0,0,0,0,0,0,0
4079,0,0,0,0,0,0,0,0,0,0,0,0,0,0,0,0,0,0,0,0,0
4080,1,1,1,1,1,1,1,1,1,1,1,1,1,1,1,1,1,1,1,1,1
4081,0,0,0,0,0,0,0,0,0,0,0,0,0,0,0,0,0,0,0,0,0
4082,0,0,0,0,0,0,0,0,0,0,0,0,0,0,0,0,0,0,0,0,0
4083,0,0,0,0,0,0,0,0,0,0,0,0,0,0,0,0,0,0,0,0,0
4084,1,1,1,1,1,1,1,1,1,1,1,1,1,1,1,1,1,1,1,1,1
4085,0,0,0,0,0,0,0,0,0,0,0,0,0,0,0,0,0,0,0,0,0
4086,0,0,0,0,0,0,0,0,0,0,0,0,0,0,0,0,0,0,0,0,0
4087,1,1,0,1,0,0,0,1,1,0,1,0,0,0,1,1,0,1,0,0,0
4088,1,1,0,0,0,1,0,1,1,0,0,0,0,0,1,1,0,0,0,0,0
4089,0,0,0,0,0,0,0,0,0,0,0,0,0,0,0,0,0,0,0,0,0
4090,0,0,1,1,0,0,0,0,0,1,1,0,0,0,0,0,1,1,0,0,0
4091,0,0,0,0,0,0,0,0,0,0,0,0,0,0,0,0,0,0,0,0,0
4092,0,0,0,0,0,0,0,0,0,0,0,0,0,0,0,0,0,0,0,0,0
4093,0,0,0,0,0,0,0,0,0,0,0,0,0,0,0,0,0,0,0,0,0
4094,1,1,1,1,1,1,1,1,1,1,1,1,1,1,1,1,1,1,1,1,1
4095,1,1,1,1,1,1,1,1,1,1,1,1,1,1,1,1,1,1,1,1,1
4096,0,0,0,0,0,0,0,0,0,0,0,0,0,0,0,0,0,0,0,0,0
4097,0,0,0,0,0,0,0,0,0,0,0,0,0,0,0,0,0,0,0,0,0
4098,0,0,0,0,0,0,0,0,0,0,0,0,0,0,0,0,0,0,0,0,0
4099,6,7,7,7,6,6,6,7,8,8,8,7,7,7,8,8,9,8,7,7,7
4100,2,3,3,3,3,3,3,3,3,3,3,3,3,3,3,3,4,3,3,3,4
4101,1,1,2,1,1,1,1,1,1,2,1,1,1,1,1,1,2,1,1,1,1
4102,19,20,20,19,17,16,16,20,20,21,19,17,15,16,20,20,20,19,17,15,16
4103,1,1,1,1,0,0,1,1,1,1,1,1,0,1,1,1,1,1,1,1,1
4104,0,1,0,0,0,0,0,1,1,0,0,0,0,0,1,1,0,0,0,0,0
4105,3,4,4,4,3,3,3,4,4,4,4,4,3,3,4,4,5,4,4,4,4
4106,0,0,0,0,0,0,0,0,0,0,0,0,0,0,0,0,0,0,0,0,0
4107,3,4,4,5,4,4,4,5,6,6,6,5,5,5,6,7,6,6,5,5,6
4108,0,0,0,0,0,0,0,0,0,0,0,0,0,0,0,0,0,0,0,0,0
4109,0,0,0,0,0,0,0,0,0,0,0,0,0,0,0,0,0,0,0,0,0
4110,0,0,0,0,0,0,0,0,0,0,0,0,0,0,0,0,0,0,0,0,0
4111,0,0,0,0,0,0,0,0,0,0,0,0,0,0,0,0,0,0,0,0,0
4112,0,0,0,0,0,0,0,0,0,0,0,0,0,0,0,0,0,0,0,0,0
4113,0,0,0,0,0,0,0,0,0,0,0,0,0,0,0,0,0,0,0,0,0
4114,1,1,1,1,0,0,0,1,1,1,1,0,0,0,1,1,1,1,0,1,0
4115,106,112,114,102,78,64,67,77,94,100,94,79,69,71,82,97,108,106,88,75,80
4116,6,10,11,10,8,6,5,6,10,11,10,8,6,5,6,10,11,10,8,6,5
4117,0,0,0,0,0,0,0,0,0,0,0,0,0,0,0,0,0,0,0,0,0
4118,27,30,30,31,27,23,22,27,30,30,31,27,23,22,27,30,30,31,27,23,22
4119,4,2,1,1,1,0,0,0,0,0,0,0,0,0,0,0,0,0,0,0,1
4120,0,0,0,0,0,0,0,0,0,0,0,0,0,0,0,0,0,0,0,0,0
4121,0,0,0,0,0,0,0,0,0,0,0,0,0,0,0,0,0,0,0,0,0
4122,0,0,0,0,0,0,0,0,0,0,0,0,0,0,0,0,0,0,0,0,0
4123,0,0,0,0,0,0,0,0,0,0,0,0,0,0,0,0,0,0,0,0,0
4124,0,0,0,0,0,0,0,0,0,0,0,0,0,0,0,0,0,0,0,0,0
4125,0,0,0,0,0,0,0,0,0,0,0,0,0,0,0,0,0,0,0,0,0
4126,0,0,0,0,0,0,0,0,0,0,0,0,0,0,0,0,0,0,0,0,0
4127,0,0,0,0,0,0,0,0,0,0,0,0,0,0,0,0,0,0,0,0,0
4128,0,0,0,0,0,0,0,0,0,0,0,0,0,0,0,0,0,0,0,0,0
4129,0,0,0,0,0,0,0,0,0,0,0,0,0,0,0,0,0,0,0,0,0
4130,7,7,7,7,6,6,6,7,7,6,6,5,5,5,6,6,5,5,5,4,5
4131,0,0,0,0,0,0,0,0,0,0,0,0,0,0,0,0,0,0,0,0,0
4132,1,1,1,1,0,0,0,1,1,1,1,0,0,0,1,1,1,1,0,0,0
4133,7,7,9,8,7,6,5,7,7,9,8,7,6,5,7,7,9,8,7,6,5
4134,0,0,0,0,0,0,0,0,0,0,0,0,0,0,0,0,0,0,0,0,0
4135,1,1,1,1,1,1,1,1,1,1,1,1,1,1,1,1,1,1,1,1,1
4136,0,1,1,1,1,0,0,0,1,1,1,1,0,0,0,1,1,1,1,0,0
4137,1,2,2,2,1,1,1,1,2,2,2,1,1,1,1,2,2,2,1,1,1
4138,4,4,4,4,3,3,2,3,4,4,4,3,3,2,3,3,4,3,3,3,2
4139,7,7,6,6,5,5,6,7,7,7,6,5,5,6,7,6,6,5,4,4,5
4140,0,0,0,0,0,0,0,0,0,0,0,0,0,0,0,0,0,0,0,0,0
4141,9,8,7,6,5,5,5,6,6,6,6,5,5,5,6,6,6,6,5,5,5
4142,0,0,0,0,0,0,0,0,0,0,0,0,0,0,0,0,0,0,0,0,0
4143,1,1,1,1,1,1,1,1,1,1,1,1,1,1,1,1,1,1,1,1,1
4144,1,1,1,1,1,0,0,1,1,1,1,1,0,0,1,0,1,1,0,0,0
4145,0,0,0,0,0,0,0,0,0,0,0,0,0,0,0,0,0,0,0,0,0
4146,0,0,0,0,0,0,0,0,0,0,0,0,0,0,0,0,0,0,0,0,0
4147,4,5,3,2,2,3,3,4,5,3,2,2,3,3,4,5,3,2,2,3,3
4148,4,4,4,4,3,3,3,4,4,4,4,3,3,3,3,3,3,3,3,3,3
4149,0,0,0,0,0,0,0,0,0,0,0,0,0,0,0,0,0,0,0,0,0
4150,0,0,0,0,0,0,0,0,0,0,0,0,0,0,0,0,0,0,0,0,0
4151,0,0,0,0,0,0,0,0,0,0,0,0,0,0,0,0,0,0,0,0,0
4152,1,1,1,1,1,1,1,1,1,1,1,1,1,1,1,1,1,1,1,1,1
4153,0,0,0,0,0,0,0,0,0,0,0,0,0,0,0,0,0,0,0,0,0
4154,0,0,0,0,0,0,0,0,0,0,0,0,0,0,0,0,0,0,0,0,0
4155,3,2,1,1,1,1,1,1,1,1,1,1,1,1,1,1,0,0,0,0,0
4156,0,0,0,0,0,0,0,0,0,0,0,0,0,0,0,0,0,0,0,0,0
4157,0,0,0,0,0,0,0,0,0,0,0,0,0,0,0,0,0,0,0,0,0
4158,0,0,0,0,0,0,0,0,0,0,0,0,0,0,0,0,0,0,0,0,0
4159,0,2,2,2,1,0,0,0,2,2,2,1,0,0,0,2,2,2,1,0,0
4160,0,0,0,0,0,0,0,0,0,0,0,0,0,0,0,0,0,0,0,0,0
4161,0,0,0,0,0,0,0,0,0,0,0,0,0,0,0,0,0,0,0,0,0
4162,3,2,2,2,1,1,1,2,2,2,2,1,1,1,2,2,2,1,1,1,1
4163,4,4,4,3,2,2,3,3,3,3,3,2,2,3,3,3,3,3,2,2,3
4164,0,0,0,0,0,0,0,0,0,0,0,0,0,0,0,0,0,0,0,0,0
4165,0,0,0,0,0,0,0,0,0,0,0,0,0,0,0,0,0,0,0,0,0
4166,0,0,0,0,0,0,0,0,0,0,0,0,0,0,0,0,0,0,0,0,0
4167,0,0,0,0,0,0,0,0,0,0,0,0,0,0,0,0,0,0,0,0,0
4168,0,0,0,0,0,0,0,0,0,0,0,0,0,0,0,0,0,0,0,0,0
4169,0,0,0,0,0,0,0,0,0,0,0,0,0,0,0,0,0,0,0,0,0
4170,0,1,0,0,0,1,0,0,1,0,0,0,1,0,0,1,0,0,0,1,0
4171,0,0,0,0,0,0,0,0,0,0,0,0,0,0,0,0,0,0,0,0,0
4172,0,0,0,0,0,0,0,0,0,0,0,0,0,0,0,0,0,0,0,0,0
4173,4,4,4,3,3,3,2,3,3,4,3,2,2,2,3,3,3,3,2,2,2
4174,1,1,1,1,1,1,1,1,1,1,1,1,1,1,1,1,1,1,1,1,1
4175,0,0,0,0,0,0,0,0,0,0,0,0,0,0,0,0,0,0,0,0,0
4176,0,0,0,0,0,0,0,0,0,0,0,0,0,0,0,0,0,0,0,0,0
4177,2,2,2,2,2,1,1,2,2,2,2,2,1,1,2,2,2,2,2,1,1
4178,2,3,3,3,3,2,2,3,3,3,3,2,2,2,2,2,2,2,2,2,2
4179,2,2,3,2,2,2,2,2,3,3,2,2,2,2,3,3,3,3,2,2,2
4180,2,2,2,2,2,2,2,3,3,2,2,2,2,2,3,3,2,2,2,2,2
4181,14,15,16,15,14,13,12,15,16,17,16,14,13,12,15,16,16,15,14,13,13
4182,4,4,4,3,3,3,3,3,4,4,3,3,3,3,3,3,3,3,3,2,3
4183,13,15,15,13,12,10,10,13,15,15,13,12,10,10,13,15,15,13,12,10,10
4184,3,3,3,3,3,2,3,4,4,4,3,3,3,3,4,4,4,3,3,3,3
4185,9,11,11,10,8,7,6,9,10,11,10,8,7,6,8,10,11,10,8,7,6
4186,1,2,2,2,1,1,1,1,2,2,2,1,1,1,2,2,2,2,1,1,1
4187,98,112,121,112,99,83,83,97,108,113,107,96,84,84,93,99,105,98,84,72,75
4188,85,94,92,81,73,60,62,83,93,91,81,73,60,62,83,91,90,80,72,60,61
4189,20,22,22,19,16,14,15,18,21,22,19,16,14,15,18,20,21,18,15,14,14
4190,0,0,0,0,0,0,0,0,0,0,0,0,0,0,0,0,0,0,0,0,0
4191,5,5,5,5,4,4,4,4,5,5,5,4,4,4,4,5,5,4,4,4,4
4192,7,6,6,5,4,4,4,5,6,5,5,4,4,4,5,5,5,5,4,4,4
4193,4,4,4,3,3,3,3,3,4,4,4,3,3,3,3,4,4,4,3,3,3
4194,44,50,49,45,38,36,38,46,53,50,47,40,37,39,47,52,50,47,39,38,42
4195,175,204,203,195,163,140,131,175,206,205,200,163,139,127,175,210,216,210,176,157,162
4196,105,111,119,110,103,94,99,114,123,131,124,112,99,102,117,124,133,122,109,101,112
4197,9,10,10,8,7,6,7,9,10,10,8,7,7,7,9,9,9,8,6,6,7
4198,5,6,5,5,4,4,4,5,5,5,5,4,4,4,5,5,5,4,4,3,4
4199,1,1,1,1,1,1,2,2,2,2,2,1,1,2,2,2,2,2,2,2,2
4200,2,2,2,2,1,1,2,2,2,2,2,1,1,1,2,2,2,2,1,1,2
4201,3,3,3,3,2,2,2,3,3,3,3,2,2,2,3,3,3,3,2,2,2
4202,2,3,4,3,3,3,3,4,4,4,3,3,3,3,4,4,4,3,3,3,3
4203,359,473,525,532,453,338,396,532,720,758,721,619,485,556,709,927,1023,930,735,540,572
4204,0,0,0,0,0,0,0,0,0,0,0,0,0,0,0,0,0,0,0,0,0
4205,0,0,0,0,0,0,0,0,0,0,0,0,0,0,0,0,0,0,0,0,0
4206,2,2,1,1,1,1,1,2,2,2,2,2,2,2,2,2,2,2,1,1,2
4207,0,0,0,0,0,0,0,0,0,0,0,0,0,0,0,0,0,0,0,0,0
4208,0,0,0,0,0,0,0,0,0,0,0,0,0,0,0,0,0,0,0,0,0
4209,1,2,2,2,2,2,2,2,2,2,2,2,2,2,3,3,2,2,2,2,2
4210,0,0,0,0,0,0,0,0,0,0,0,0,0,0,0,0,0,0,0,0,0
4211,1,2,3,3,2,2,2,3,3,3,3,3,3,3,3,3,3,3,2,2,2
4212,1,1,1,1,1,1,1,1,1,1,1,1,1,1,1,1,1,1,1,1,1
4213,0,0,0,0,0,0,0,0,0,0,0,0,0,0,0,0,0,0,0,0,0
4214,0,0,0,0,0,0,0,0,0,0,0,0,0,0,0,0,0,0,0,0,0
4215,0,0,0,0,0,0,0,0,0,0,0,0,0,0,0,0,0,0,0,0,0
4216,0,0,0,0,0,0,0,0,0,0,0,0,0,0,0,0,0,0,0,0,0
4217,0,0,0,0,0,0,0,0,0,0,0,0,0,0,0,0,0,0,0,0,0
4218,6,6,7,5,5,5,5,6,6,7,6,5,5,5,6,6,7,5,5,5,5
4219,1,1,1,1,1,1,0,1,1,1,1,1,1,0,1,1,1,1,1,1,0
4220,0,0,0,0,0,0,0,0,0,0,0,0,0,0,0,0,0,0,0,0,0
4221,0,0,0,0,0,0,0,0,0,0,0,0,0,0,0,0,0,0,0,0,0
4222,9,9,7,7,6,6,7,8,8,7,6,6,6,7,8,7,6,6,5,5,6
4223,1,1,1,1,1,1,1,1,1,1,1,1,1,1,1,1,1,1,1,1,1
4224,3,2,2,4,4,4,4,3,2,2,4,4,4,4,3,2,2,4,4,4,4
4225,4,3,3,3,2,2,4,4,3,3,3,2,2,4,4,3,3,3,2,2,4
4226,1,1,1,1,0,1,1,1,1,1,1,0,1,1,1,1,1,1,0,1,1
4227,3,3,2,1,1,0,0,3,3,2,1,1,0,0,3,3,2,1,1,0,0
4228,1,1,1,1,1,1,0,1,1,1,1,1,1,0,1,1,1,1,1,1,0
4229,0,0,0,0,0,0,0,0,0,0,0,0,0,0,0,0,0,0,0,0,0
4230,156,162,158,134,126,107,110,134,142,141,125,122,110,113,139,146,153,138,131,116,118
4231,0,0,0,0,0,0,0,0,0,0,0,0,0,0,0,0,0,0,0,0,0
4232,3,4,3,3,3,3,3,3,4,4,3,3,3,3,3,4,4,3,3,3,3
4233,3,3,3,2,2,2,2,3,3,3,2,2,2,2,3,3,3,2,2,2,2
4234,0,0,0,0,0,0,0,0,0,0,0,0,0,0,0,0,0,0,0,0,0
4235,18,20,21,19,16,14,14,22,24,23,21,17,14,14,21,22,22,19,15,13,13
4236,3,3,2,2,1,2,1,2,2,2,1,1,2,1,1,2,2,1,1,2,1
4237,0,0,0,0,0,0,0,0,0,0,0,0,0,0,0,0,0,0,0,0,0
4238,80,98,105,99,84,72,74,92,111,108,98,83,71,74,92,107,109,102,84,73,81
4239,0,0,0,0,0,0,0,0,0,0,0,0,0,0,0,0,0,0,0,0,0
4240,0,0,0,0,0,0,0,0,0,0,0,0,0,0,0,0,0,0,0,0,0
4241,0,0,0,0,0,0,0,0,0,0,0,0,0,0,0,0,0,0,0,0,0
4242,3,3,4,5,4,3,3,3,3,4,5,4,3,3,3,3,4,5,4,4,3
4243,28,35,39,36,33,27,23,28,35,39,36,33,27,23,28,35,39,36,33,27,23
4244,18,24,26,26,21,17,15,18,24,26,26,21,17,15,18,24,26,26,21,17,15
4245,0,0,0,0,0,0,0,0,0,0,0,0,0,0,0,0,0,0,0,0,0
4246,0,0,0,0,0,0,0,0,0,0,0,0,0,0,0,0,0,0,0,0,0
4247,3,3,3,3,2,2,3,3,3,3,3,2,2,2,3,3,3,3,2,2,3
4248,0,0,0,0,0,0,0,0,0,0,0,0,0,0,0,0,0,0,0,0,0
4249,4,4,4,4,3,3,3,3,4,4,3,3,2,2,3,3,3,3,2,2,2
4250,55,37,25,21,20,20,22,25,29,29,25,21,19,19,20,20,18,15,13,11,12
4251,0,0,0,0,0,0,0,0,0,0,0,0,0,0,0,0,0,0,0,0,0
4252,1,1,1,1,1,1,1,1,1,1,1,1,1,1,1,1,1,1,1,1,1
4253,2,2,2,2,1,1,2,2,2,2,2,1,1,2,2,2,2,2,1,1,2
4254,3,3,3,2,2,2,2,3,3,3,2,2,2,2,3,3,3,2,2,2,3
4255,0,0,0,0,0,0,0,0,0,0,0,0,0,0,0,0,0,0,0,0,0
4256,1,1,1,1,1,1,2,2,2,2,2,2,2,2,2,2,2,2,2,2,2
4257,0,0,1,0,0,0,0,0,0,1,0,0,0,0,0,0,1,0,0,0,0
4258,1,1,1,1,1,1,1,1,1,1,1,1,1,1,1,1,1,1,1,1,1
4259,1,1,1,1,1,1,1,1,1,1,1,1,1,1,1,1,1,1,1,1,1
4260,11,11,11,10,10,9,10,11,12,11,10,9,9,10,10,10,10,9,8,8,8
4261,0,0,0,0,0,0,0,0,0,0,0,0,0,0,0,0,0,0,0,0,0
4262,0,0,0,0,0,0,0,0,0,0,0,0,0,0,0,0,0,0,0,0,0
4263,0,0,0,0,0,0,0,0,0,0,0,0,0,0,0,0,0,0,0,0,0
4264,1,0,0,0,0,1,0,1,0,0,0,0,1,0,1,0,0,0,0,1,0
4265,0,0,0,0,0,0,0,0,0,0,0,0,0,0,0,0,0,0,0,0,0
4266,1,1,1,1,1,0,1,1,1,1,1,1,0,1,1,1,1,1,1,0,1
4267,10,9,9,8,7,7,7,9,9,8,7,6,6,6,7,7,7,6,5,5,6
4268,1,1,1,1,1,1,1,1,1,1,1,1,1,1,1,1,1,1,1,1,1
4269,0,0,0,0,0,0,0,0,0,0,0,0,0,0,0,0,0,0,0,0,0
4270,3,3,2,2,2,2,2,2,2,2,2,2,2,2,2,2,2,2,2,2,2
4271,0,0,0,0,0,0,0,0,0,0,0,0,0,0,0,0,0,0,0,0,0
4272,0,0,0,0,0,0,0,0,0,0,0,0,0,0,0,0,0,0,0,0,0
4273,0,0,0,0,0,0,0,0,0,0,0,0,0,0,0,0,0,0,0,0,0
4274,0,0,0,0,0,0,0,0,0,0,0,0,0,0,0,0,0,0,0,0,0
4275,0,0,1,0,0,0,0,0,0,1,0,0,0,0,0,0,1,0,0,0,0
4276,0,0,0,0,0,0,0,0,0,0,0,0,0,0,0,0,0,0,0,0,0
4277,0,0,0,0,0,0,0,0,0,0,0,0,0,0,0,0,0,0,0,0,0
4278,29,31,30,27,23,21,24,28,30,30,27,23,21,23,28,30,29,27,23,21,24
4279,8,8,9,9,8,7,7,8,8,9,9,8,7,7,8,8,9,9,8,7,7
4280,268,271,280,254,214,194,208,247,254,267,250,210,188,197,247,264,283,266,229,215,240
4281,4,5,5,5,4,3,3,4,5,5,5,4,3,3,4,5,5,5,4,3,3
4282,1,1,1,2,2,2,2,1,1,1,2,2,2,2,1,1,1,2,2,2,2
4283,0,0,0,0,0,0,0,0,0,0,0,0,0,0,0,0,0,0,0,0,0
4284,0,0,0,0,0,0,0,0,0,0,0,0,0,0,0,0,0,0,0,0,0
4285,0,0,0,0,0,0,0,0,0,0,0,0,0,0,0,0,0,0,0,0,0
4286,0,0,0,0,0,0,0,0,0,0,0,0,0,0,0,0,0,0,0,0,0
4287,0,0,0,0,0,0,0,0,0,0,0,0,0,0,0,0,0,0,0,0,0
4288,0,0,0,0,0,0,0,0,0,0,0,0,0,0,0,0,0,0,0,0,0
4289,172,184,183,176,151,140,145,170,185,186,180,153,141,143,170,185,186,179,152,142,149
4290,50,52,46,33,26,23,27,36,40,38,30,24,22,26,37,41,43,35,28,25,30
4291,8,8,8,9,8,7,7,8,8,8,8,7,7,7,7,7,7,7,6,6,7
4292,1,1,1,1,1,1,1,1,1,1,1,1,1,1,1,1,1,1,1,1,1
4293,2,2,2,2,2,2,2,2,2,2,2,2,2,2,2,2,2,2,2,2,2
4294,0,0,0,0,0,0,0,0,0,0,0,0,0,0,0,0,0,0,0,0,0
4295,0,0,0,0,0,0,0,0,0,0,0,0,0,0,0,0,0,0,0,0,0
4296,1,1,1,1,1,1,1,1,1,1,1,1,1,1,1,1,1,1,1,1,1
4297,0,0,0,0,0,0,0,0,0,0,0,0,0,0,0,0,0,0,0,0,0
4298,0,0,0,0,0,0,0,0,0,0,0,0,0,0,0,0,0,0,0,0,0
4299,0,0,0,0,0,0,0,0,0,0,0,0,0,0,0,0,0,0,0,0,0
4300,0,0,0,0,0,0,0,0,0,0,0,0,0,0,0,0,0,0,0,0,0
4301,0,0,0,0,0,0,0,0,0,0,0,0,0,0,0,0,0,0,0,0,0
4302,0,0,0,0,0,0,0,0,0,0,0,0,0,0,0,0,0,0,0,0,0
4303,0,0,0,0,0,0,0,0,0,0,0,0,0,0,0,0,0,0,0,0,0
4304,0,0,0,0,0,0,0,0,0,0,0,0,0,0,0,0,0,0,0,0,0
4305,0,0,0,0,0,0,0,0,0,1,0,0,0,0,0,0,1,0,0,0,0
4306,1,1,0,0,0,0,0,0,1,0,0,0,0,0,0,1,0,0,0,0,0
4307,3,3,3,3,3,2,2,3,3,3,3,3,2,2,3,3,3,3,3,2,2
4308,235,226,248,230,190,171,179,230,272,323,299,246,219,238,351,457,589,531,478,478,553
4309,87,102,111,104,89,72,71,86,106,117,111,92,74,71,81,95,110,105,87,68,65
4310,3,3,3,3,3,2,2,3,3,3,3,3,2,2,3,3,3,3,3,2,2
4311,0,0,0,0,0,0,0,0,0,0,0,0,0,0,0,0,0,0,0,0,0
4312,0,0,0,0,0,0,0,0,0,0,0,0,0,0,0,0,0,0,0,0,0
4313,0,1,1,1,0,0,0,0,1,1,1,0,0,0,0,1,1,1,0,0,0
4314,0,0,0,0,0,0,0,0,0,0,0,0,0,0,0,0,0,0,0,0,0
4315,3,3,4,3,2,2,2,3,3,4,3,2,2,2,3,3,4,3,2,2,2
4316,0,0,0,0,0,0,0,0,0,0,0,0,0,0,0,0,0,0,0,0,0
4317,0,0,0,0,0,0,0,0,0,0,0,0,0,0,0,0,0,0,0,0,0
4318,0,1,0,0,0,0,0,0,1,0,0,0,0,0,1,1,1,0,0,1,1
4319,2,2,1,2,2,2,2,2,2,1,2,2,2,2,2,2,1,2,2,2,2
4320,29,33,35,31,29,29,34,44,46,44,40,36,34,37,48,51,51,45,39,42,57
4321,0,0,0,0,0,0,0,0,0,0,0,0,0,0,0,0,0,0,0,0,0
4322,1,0,1,1,0,1,1,1,0,1,1,0,1,1,1,0,1,1,0,1,1
4323,0,0,0,0,0,0,0,0,0,0,0,0,0,0,0,0,0,0,0,0,0
4324,0,0,0,0,0,0,0,0,0,0,0,0,0,0,0,0,0,0,0,0,0
4325,6,6,6,5,5,4,5,5,6,5,5,4,4,4,5,5,5,4,4,4,4
4326,1,1,1,1,1,1,1,1,1,1,1,1,1,1,1,1,1,1,1,1,1
4327,1,2,1,2,1,1,1,1,2,1,2,1,1,1,1,2,1,2,1,1,2
4328,1,1,1,1,1,1,1,1,1,1,1,1,1,1,1,1,1,1,1,1,1
4329,5,4,4,4,4,3,3,3,4,4,3,3,2,2,2,2,2,2,2,1,1
4330,2,2,3,2,2,2,1,2,2,3,2,2,2,1,2,2,3,2,2,2,1
4331,4,4,4,4,4,3,3,4,4,4,4,4,3,3,4,4,4,4,4,3,3
4332,3,4,3,4,4,3,2,3,4,3,4,4,3,2,3,4,3,4,4,3,2
4333,12,14,14,14,12,9,9,12,14,14,14,12,9,9,12,14,14,14,12,9,9
4334,295,331,340,311,255,224,228,280,366,386,353,282,246,254,349,482,562,524,465,458,548
4335,136,142,145,142,135,132,136,151,162,156,148,131,119,117,134,152,156,154,142,143,159
4336,0,0,0,0,0,0,0,0,0,0,0,0,0,0,0,0,0,0,0,0,0
4337,22,22,14,10,10,12,19,33,48,45,31,24,29,50,93,125,128,100,93,92,96
4338,37,37,31,25,21,19,19,23,26,27,26,21,17,16,22,25,26,26,22,20,21
4339,0,0,0,0,0,0,0,0,0,0,0,0,0,0,0,0,0,0,0,0,0
4340,6,6,5,5,4,4,4,4,4,4,4,4,3,3,4,4,4,3,3,3,3
4341,0,0,0,0,0,0,0,0,0,0,0,0,0,0,0,0,0,0,0,0,0
4342,5,5,6,5,4,3,4,5,5,6,5,4,3,4,5,5,5,4,4,3,3
4343,41,48,52,49,43,36,37,48,60,70,69,61,48,45,59,72,80,74,63,57,64
4344,4,4,3,3,3,3,3,4,4,3,3,3,3,3,4,4,3,3,3,3,3
4345,9,10,10,11,9,7,7,8,10,10,10,9,7,7,8,10,10,10,9,7,7
4346,0,0,0,0,0,0,0,0,0,0,0,0,0,0,0,0,0,0,0,0,0
4347,0,0,0,0,0,0,0,0,0,0,0,0,0,0,0,0,0,0,0,0,0
4348,0,0,0,0,0,0,0,0,0,0,0,0,0,0,0,0,0,0,0,0,0
4349,1,1,1,0,0,0,0,0,0,0,0,0,0,0,0,0,0,0,0,0,0
4350,3,3,3,3,2,2,2,3,3,3,3,2,2,2,3,3,3,3,2,2,2
4351,4,4,4,5,5,4,4,4,4,4,5,5,4,4,4,4,4,5,5,4,4
4352,0,0,0,0,0,0,0,0,0,0,0,0,0,0,0,0,0,0,0,0,0
4353,0,0,0,0,0,0,0,0,0,0,0,0,0,0,0,0,0,0,0,0,0
4354,0,0,0,0,0,0,0,0,0,0,0,0,0,0,0,0,0,0,0,0,0
4355,0,0,0,0,0,0,0,0,0,0,0,0,0,0,0,0,0,0,0,0,0
4356,0,0,0,0,0,0,0,0,0,0,0,0,0,0,0,0,0,0,0,0,0
4357,0,0,0,0,0,0,0,0,0,0,0,0,0,0,0,0,0,0,0,0,0
4358,1,1,1,1,1,1,1,1,1,1,1,1,1,1,1,1,1,1,1,1,1
4359,22,24,25,24,21,18,19,23,26,26,23,21,18,19,22,23,22,21,18,16,17
4360,9,11,11,10,8,7,7,9,11,11,10,8,7,7,9,11,11,10,8,7,7
4361,52,53,53,49,45,41,44,50,53,53,50,47,45,48,52,50,49,46,41,39,42
4362,1,1,1,1,1,1,1,1,1,1,1,1,1,1,1,1,1,1,1,1,1
4363,5,7,6,7,6,5,4,5,7,6,7,6,5,4,5,7,6,7,6,5,4
4364,0,0,0,0,0,0,0,0,0,0,0,0,0,0,0,0,0,0,0,0,0
4365,2,2,2,2,2,2,2,1,2,2,2,2,2,1,1,2,2,2,2,2,1
4366,4,4,5,5,4,3,4,4,5,5,6,4,3,3,4,4,4,5,4,3,3
4367,4,3,3,3,3,4,4,5,4,4,4,3,3,3,4,3,3,2,2,3,3
4368,1,2,1,1,1,1,1,2,2,1,1,1,1,1,2,2,1,1,1,1,1
4369,7,7,6,5,5,4,5,5,6,5,5,4,4,4,5,5,5,4,4,4,4
4370,1,1,1,1,1,1,1,1,1,1,1,1,1,1,1,1,1,1,1,1,1
4371,0,0,0,0,0,0,0,0,0,0,0,0,0,0,0,0,0,0,0,0,0
4372,0,0,0,0,0,0,0,0,0,0,0,0,0,0,0,0,0,0,0,0,0
4373,0,1,1,1,1,1,1,1,1,1,1,1,1,1,1,1,1,1,1,1,1
4374,0,0,0,0,0,0,0,0,0,0,0,0,0,0,0,0,0,0,0,0,0
4375,0,0,0,0,0,0,0,0,0,0,0,0,0,0,0,0,0,0,0,0,0
4376,0,0,0,0,0,0,0,0,0,0,0,0,0,0,0,0,0,0,0,0,0
4377,0,0,0,0,0,0,0,0,0,0,0,0,0,0,0,0,0,0,0,0,0
4378,0,0,0,0,0,0,0,0,0,0,0,0,0,0,0,0,0,0,0,0,0
4379,0,0,0,0,0,0,0,0,0,0,0,0,0,0,0,0,0,0,0,0,0
4380,0,0,0,0,0,0,0,0,0,0,0,0,0,0,0,0,0,0,0,0,0
4381,0,0,0,0,0,0,0,0,0,0,0,0,0,0,0,0,0,0,0,0,0
4382,1,0,1,1,1,1,1,1,0,1,1,1,1,1,1,0,1,1,1,1,1
4383,0,0,0,0,0,0,0,0,0,0,0,0,0,0,0,0,0,0,0,0,0
4384,1,1,1,1,1,1,1,1,1,1,1,1,1,1,1,1,1,1,1,1,1
4385,1,1,1,1,0,0,0,1,1,1,1,0,0,0,1,1,1,1,0,0,0
4386,12,13,13,12,11,11,11,13,14,13,12,11,11,11,12,12,12,11,10,10,10
4387,0,0,0,0,0,0,0,0,0,0,0,0,0,0,0,0,0,0,0,0,0
4388,0,0,0,0,0,0,0,0,0,0,0,0,0,0,0,0,0,0,0,0,0
4389,7,7,7,7,7,6,6,7,7,7,7,7,6,6,7,7,7,7,7,6,6
4390,22,22,23,20,18,16,18,20,21,21,19,17,16,18,19,18,19,17,15,14,16
4391,0,0,0,0,0,0,0,0,0,0,0,0,0,0,0,0,0,0,0,0,0
4392,0,0,0,0,0,0,0,0,0,0,0,0,0,0,0,0,0,0,0,0,0
4393,1,1,0,0,0,0,0,0,0,0,0,0,0,0,0,0,0,0,0,0,0
4394,20,20,18,15,13,11,12,14,15,14,11,10,8,9,10,12,12,10,9,8,9
4395,0,0,0,0,0,0,0,0,0,0,0,0,0,0,0,0,0,0,0,0,0
4396,2,2,2,2,2,2,2,2,2,2,2,2,2,2,2,2,2,2,2,2,2
4397,10,9,9,8,8,8,8,8,8,8,8,7,7,7,8,7,7,7,7,7,7
4398,7,7,6,6,5,5,5,6,6,6,5,4,4,5,5,5,4,4,3,3,4
4399,1,1,2,1,1,1,1,1,1,2,1,1,1,1,1,1,2,1,1,1,1
4400,0,0,0,0,0,0,0,0,0,0,0,0,0,0,0,0,0,0,0,0,0
4401,9,8,8,7,7,6,7,8,8,7,6,5,5,6,6,6,5,5,4,4,5
4402,10,9,8,8,7,7,7,8,7,7,6,6,6,6,7,6,6,5,5,5,6
4403,6,6,6,4,5,5,5,6,6,6,4,5,5,5,6,6,6,4,5,5,5
4404,14,14,13,11,11,10,11,12,13,13,11,11,10,10,12,12,12,10,11,9,10
4405,17,12,13,21,16,15,17,17,12,13,21,16,15,17,17,12,13,21,16,15,17
4406,25,20,16,13,12,12,13,16,15,14,12,11,11,12,14,13,12,10,9,9,11
4407,1,1,0,0,1,1,1,1,1,0,0,1,1,1,1,1,0,0,1,1,1
4408,4,5,4,5,4,4,4,4,5,5,5,4,4,4,4,5,5,5,4,4,4
4409,0,0,0,0,0,0,0,0,0,0,0,0,0,0,0,0,0,0,0,0,0
4410,0,0,0,0,0,0,0,0,0,0,0,0,0,0,0,0,0,0,0,0,0
4411,0,0,0,0,0,0,0,0,0,0,0,0,0,0,0,0,0,0,0,0,0
4412,0,0,0,0,0,0,0,0,0,0,0,0,0,0,0,0,0,0,0,0,0
4413,0,0,0,0,0,0,0,0,0,0,0,0,0,0,0,0,0,0,0,0,0
4414,0,0,0,0,0,0,0,0,0,0,0,0,0,0,0,0,0,0,0,0,0
4415,0,0,0,0,0,0,0,0,0,0,0,0,0,0,0,0,0,0,0,0,0
4416,0,0,0,0,0,0,0,0,0,0,0,0,0,0,0,0,0,0,0,0,0
4417,1,1,1,1,1,1,1,1,1,1,1,1,1,1,1,1,1,1,1,0,1
4418,1,1,1,1,1,1,1,2,2,2,2,1,1,2,2,2,2,1,1,1,2
4419,0,0,0,0,0,0,0,0,0,0,0,0,0,0,0,0,0,0,0,0,0
4420,0,0,0,0,0,0,0,0,0,0,0,0,0,0,0,0,0,0,0,0,0
4421,2,1,2,2,1,1,1,2,1,2,2,1,1,1,2,1,2,2,1,1,1
4422,4,3,2,2,2,2,2,2,2,2,2,2,2,2,2,2,2,2,2,2,2
4423,2,2,2,2,2,2,2,3,3,2,2,2,2,2,3,3,2,2,2,2,2
4424,4,4,4,4,4,4,5,4,4,4,5,4,4,5,4,4,5,5,5,4,5
4425,2,2,2,1,2,2,2,2,2,2,1,2,2,2,2,2,2,1,2,2,2
4426,23,21,18,16,19,20,23,21,20,17,15,19,20,23,21,19,17,15,19,20,23
4427,4,4,4,4,4,4,3,4,4,4,4,4,3,3,3,3,4,4,3,3,3
4428,0,1,1,0,0,0,0,0,1,1,0,0,0,0,1,1,1,1,1,0,1
4429,0,1,1,0,0,0,0,0,1,1,0,0,0,0,0,1,1,0,0,0,0
4430,1,1,0,1,0,0,0,1,1,0,1,0,0,0,1,1,0,0,0,0,0
4431,18,18,20,19,15,18,13,18,18,20,19,15,18,13,18,18,20,19,15,18,13
4432,1,1,1,1,1,1,1,1,1,1,1,1,1,1,0,1,0,0,0,0,1
4433,0,0,0,0,0,0,0,0,0,0,0,0,0,0,0,0,0,0,0,0,0
4434,21,26,27,25,21,26,27,24,30,30,28,23,27,27,24,30,30,27,22,28,31
4435,0,0,0,0,0,0,0,0,0,0,0,0,0,0,0,0,0,0,0,0,0
4436,9,9,8,7,7,7,7,8,8,8,7,6,6,6,7,7,7,6,6,6,6
4437,0,0,0,0,0,0,0,0,0,0,0,0,0,0,0,0,0,0,0,0,0
4438,2,2,2,2,2,1,2,2,2,2,2,2,2,2,2,2,2,2,2,2,2
4439,3,3,2,2,2,2,2,2,2,1,1,1,1,1,1,2,1,1,1,1,1
4440,1,1,1,1,1,1,1,1,1,1,1,1,1,1,1,1,1,1,1,1,1
4441,2,2,2,2,1,1,2,2,2,2,2,1,1,2,2,2,2,2,1,1,2
4442,9,8,8,7,6,7,7,8,8,8,6,6,6,6,8,7,7,6,5,6,6
4443,2,1,2,1,2,1,1,1,1,2,1,2,1,1,1,1,2,1,2,1,1
4444,2,1,1,1,1,1,1,1,1,1,1,1,1,1,1,1,1,1,1,1,1
4445,0,0,0,0,0,0,0,0,0,0,0,0,0,0,0,0,0,0,0,0,0
4446,1,2,2,2,1,2,2,2,3,3,2,2,2,2,2,3,3,2,2,3,3
4447,2,2,2,2,2,1,1,1,2,2,2,2,1,1,2,2,2,2,2,1,2
4448,1,1,1,1,1,1,1,1,1,1,1,1,1,1,1,1,1,1,1,1,1
4449,1,1,1,0,0,0,0,1,0,0,0,0,0,0,0,0,0,0,0,0,0
4450,0,0,0,0,0,0,0,0,0,0,0,0,0,0,0,0,0,0,0,0,0
4451,0,0,0,0,0,0,0,0,0,0,0,0,0,0,0,0,0,0,0,0,0
4452,0,0,0,0,0,0,0,0,0,0,0,0,0,0,0,0,0,0,0,0,0
4453,0,0,0,0,0,0,0,0,0,0,0,0,0,0,0,0,0,0,0,0,0
4454,0,0,0,0,0,0,0,0,0,0,0,0,0,0,0,0,0,0,0,0,0
4455,0,0,0,0,0,0,0,0,0,0,0,0,0,0,0,0,0,0,0,0,0
4456,0,0,0,0,0,0,0,0,0,0,0,0,0,0,0,0,0,0,0,0,0
4457,0,1,0,0,0,0,0,0,1,0,0,0,0,0,0,1,0,0,0,0,0
4458,0,0,0,0,0,0,0,0,0,0,0,0,0,0,0,0,0,0,0,0,0
4459,0,0,0,0,0,0,0,0,0,0,0,0,0,0,0,0,0,0,0,0,0
4460,0,0,0,0,0,0,0,0,0,0,0,0,0,0,0,0,0,0,0,0,0
4461,1,1,1,1,1,1,1,1,1,1,1,1,0,1,1,0,1,1,1,1,1
4462,0,0,0,0,0,0,0,0,0,0,0,0,0,0,0,0,0,0,0,0,0
4463,0,0,0,0,0,0,0,0,0,0,0,0,0,0,0,0,0,0,0,0,0
4464,0,0,0,0,0,0,0,0,0,0,0,0,0,0,0,0,0,0,0,0,0
4465,1,1,1,1,1,1,1,1,1,1,1,1,1,1,1,1,1,1,1,1,1
4466,3,3,3,3,3,2,2,3,3,3,3,3,2,2,3,3,3,3,3,2,2
4467,0,0,0,0,0,0,0,0,0,0,0,0,0,0,0,0,0,0,0,0,0
4468,1,1,1,1,1,1,1,1,1,1,1,1,1,1,1,1,1,1,1,1,1
4469,0,0,0,0,0,0,0,0,0,0,0,0,0,0,0,0,0,0,0,0,0
4470,425,471,563,519,423,384,337,425,471,563,519,422,384,337,425,471,563,520,423,384,337
4471,329,428,484,437,330,262,260,330,428,484,438,330,263,261,330,429,485,439,331,263,261
4472,71,86,98,91,87,85,96,122,143,137,120,107,100,108,131,156,159,137,116,114,135
4473,177,204,203,184,166,152,186,216,227,203,183,165,156,184,204,229,224,209,188,177,215
4474,3,3,3,3,2,2,2,3,3,3,3,2,2,2,3,3,3,3,2,2,2
4475,34,34,34,34,34,32,33,36,39,39,40,38,34,33,39,44,45,45,43,43,52
4476,22,25,35,44,39,27,21,24,31,43,52,46,33,26,32,39,49,55,48,37,33
4477,6,7,7,7,6,5,6,8,9,8,8,6,6,6,8,9,8,7,6,5,6
4478,3,3,2,2,2,2,2,2,3,2,2,2,2,2,2,2,2,2,2,2,2
4479,0,0,0,0,0,0,0,0,0,0,0,0,0,0,0,0,0,0,0,0,0
4480,0,0,0,0,0,0,0,0,0,0,0,0,0,0,0,0,0,0,0,0,0
4481,0,0,0,0,0,0,0,0,0,0,0,0,0,0,0,0,0,0,0,0,0
4482,0,0,0,0,0,0,0,0,0,0,0,0,0,0,0,0,0,0,0,0,0
4483,2,2,1,1,1,1,1,1,1,1,1,1,1,1,1,2,1,1,1,1,1
4484,0,0,0,0,0,0,0,0,0,0,0,0,0,0,0,0,0,0,0,0,0
4485,0,0,0,0,0,0,0,0,0,0,0,0,0,0,0,0,0,0,0,0,0
4486,0,0,0,0,0,0,0,0,0,0,0,0,0,0,0,0,0,0,0,0,0
4487,0,0,0,0,0,0,0,0,0,0,0,0,0,0,1,1,1,1,1,1,1
4488,3,2,2,2,2,2,2,2,2,2,2,1,2,2,2,2,1,1,1,2,2
4489,0,0,0,0,0,0,0,0,0,0,0,0,0,0,0,0,0,0,0,0,0
4490,1,1,1,1,1,1,1,1,1,1,1,1,1,1,1,1,1,1,1,1,1
4491,1,1,1,1,1,1,1,1,1,2,1,1,1,1,1,1,2,1,1,1,1
4492,2,2,2,1,1,1,1,2,2,2,1,1,1,1,2,2,2,1,1,1,1
4493,1,1,1,1,1,1,1,1,1,1,1,1,1,1,1,1,1,1,1,1,1
4494,1,1,1,1,1,1,1,1,1,1,1,1,1,1,1,1,1,1,1,1,1
4495,7,7,7,6,5,6,7,7,7,7,6,5,6,7,7,7,7,6,5,6,7
4496,5,5,5,4,4,3,4,5,5,5,4,4,3,4,5,5,5,4,4,3,4
4497,3,3,2,2,3,3,3,3,3,2,2,3,3,3,3,3,2,2,3,3,3
4498,3,3,3,3,2,3,2,3,3,3,3,2,3,2,3,3,3,3,2,3,2
4499,0,0,0,0,0,0,0,0,0,0,0,0,0,0,0,0,0,0,0,0,0
4500,1,1,1,1,1,1,1,1,1,1,1,1,1,1,1,1,1,1,1,1,1
4501,0,0,0,0,0,0,0,0,0,0,0,0,0,0,0,0,0,0,0,0,0
4502,0,0,0,0,0,0,0,0,0,0,0,0,0,0,0,0,0,0,0,0,0
4503,1,1,1,1,1,1,1,1,1,1,1,1,1,1,1,1,1,1,1,1,1
4504,0,0,0,0,0,0,0,0,0,0,0,0,0,0,0,0,0,0,0,0,0
4505,1,1,0,0,0,0,0,0,0,0,0,0,0,0,0,0,0,0,0,0,0
4506,0,1,0,0,0,1,1,0,1,0,0,0,1,1,0,1,0,0,0,1,1
4507,0,0,0,0,0,0,0,0,0,0,0,0,0,0,0,0,0,0,0,0,0
4508,2,2,2,2,2,2,1,2,2,2,2,2,2,1,2,2,2,2,2,2,1
4509,3,3,3,2,3,4,3,3,3,3,3,3,4,3,3,3,3,3,2,3,3
4510,20,27,27,13,17,14,21,20,27,27,13,17,14,21,20,27,27,13,17,14,21
4511,188,191,213,203,201,152,155,188,191,213,204,202,152,155,189,193,214,205,202,153,156
4512,244,284,288,267,216,222,190,246,285,288,267,216,222,189,245,285,288,267,216,222,189
4513,160,182,176,197,170,149,142,160,182,176,197,170,149,142,160,182,176,197,170,149,142
4514,153,154,142,162,161,149,142,153,154,142,162,161,149,142,153,154,142,162,161,149,142
4515,1,1,1,0,0,1,1,1,1,1,0,0,1,1,1,1,1,0,0,1,1
4516,4,4,4,4,2,1,2,4,4,4,4,3,1,3,5,4,4,4,3,1,3
4517,4,1,3,5,3,1,3,4,1,3,5,3,1,3,4,1,3,5,3,1,3
4518,0,0,2,0,2,0,2,0,0,2,0,2,0,2,0,0,2,0,2,0,2
4519,8,8,12,3,1,4,9,8,8,12,3,1,4,9,8,8,12,3,1,4,9
4520,7,8,9,7,6,7,7,8,8,9,8,6,7,7,8,7,8,6,4,6,6
4521,0,0,0,0,0,0,1,0,0,0,0,0,0,1,0,0,0,0,0,0,1
4522,0,0,3,0,3,0,3,0,0,3,0,3,0,3,0,0,3,0,3,0,3
4523,0,0,0,0,0,0,0,0,0,0,0,0,0,0,0,0,0,0,0,0,0
4524,0,0,0,0,0,0,0,0,0,0,0,0,0,0,0,0,0,0,0,0,0
4525,0,0,0,0,0,0,0,0,0,0,0,0,0,0,0,0,0,0,0,0,0
4526,10,11,12,12,10,9,9,10,12,12,11,10,9,9,10,12,12,12,10,9,9
4527,1,1,1,0,0,0,1,1,1,1,0,0,0,0,1,1,1,0,0,0,0
4528,1,1,0,0,0,0,0,1,1,0,0,0,0,0,1,1,0,0,0,0,0
4529,49,55,62,60,52,48,51,63,68,68,63,54,52,55,65,66,67,62,53,51,54
4530,38,47,49,49,42,34,31,38,47,49,49,42,34,31,38,47,49,49,42,34,31
4531,23,24,26,24,21,20,18,23,24,26,24,21,20,18,23,24,26,24,21,20,18
4532,0,0,0,0,0,0,0,0,0,0,0,0,0,0,0,0,0,0,0,0,0
4533,1,1,1,1,1,1,1,1,1,1,1,1,1,1,1,1,1,1,1,1,1
4534,1,1,1,1,1,1,1,1,1,1,1,1,1,1,1,1,1,1,1,1,1
4535,1,1,2,1,2,1,1,1,2,2,1,1,1,1,1,1,1,1,1,1,1
4536,0,1,1,2,1,1,1,0,1,1,2,1,1,1,0,1,1,2,1,1,1
4537,5,5,5,4,4,3,4,5,5,5,4,4,3,4,5,5,5,4,4,3,4
4538,3,3,3,3,3,2,2,2,2,2,2,2,2,2,2,2,2,2,2,2,2
4539,43,47,47,45,41,35,35,44,50,51,50,44,37,35,44,49,51,49,44,38,40
4540,4,3,3,2,2,2,3,4,4,3,3,2,2,3,4,3,3,2,2,2,3
4541,32,35,33,33,29,25,24,29,33,33,33,29,25,24,29,33,32,33,29,24,23
4542,9,11,10,8,7,6,6,9,11,10,8,7,6,6,9,11,10,8,7,6,6
4543,3,3,4,4,4,3,2,3,3,4,4,4,3,2,3,3,4,4,4,3,2
4544,11,12,13,11,11,12,12,14,15,15,13,13,13,13,15,17,16,13,13,14,14
4545,0,0,0,0,0,0,0,0,0,0,0,0,0,0,0,0,0,0,0,0,0
4546,1,1,1,1,1,1,1,1,1,1,1,1,1,1,1,1,1,1,1,1,1
4547,0,0,0,0,0,0,0,0,0,0,0,0,0,0,0,0,0,0,0,0,0
4548,0,0,0,0,0,0,0,0,0,0,0,0,0,0,0,0,0,0,0,0,0
4549,0,0,0,0,0,0,0,0,0,0,0,0,0,0,0,0,0,0,0,0,0
4550,0,0,0,0,0,0,0,0,0,0,0,0,0,0,0,0,0,0,0,0,0
4551,1,1,1,0,1,1,1,1,1,1,0,1,1,1,1,1,1,0,1,1,1
4552,0,0,0,0,0,0,0,0,0,0,0,0,0,0,0,0,0,0,0,0,0
4553,0,0,0,0,0,0,1,1,1,2,2,2,2,2,3,5,6,5,5,4,4
4554,0,0,0,0,0,0,0,0,0,0,0,0,0,0,0,0,0,0,0,0,0
4555,0,0,0,0,0,0,0,0,0,0,0,0,0,0,0,0,0,0,0,0,0
4556,0,0,0,0,0,0,0,0,0,0,0,0,0,0,0,0,0,0,0,0,0
4557,0,0,0,0,0,0,0,0,0,0,0,0,0,0,0,0,0,0,0,0,0
4558,0,0,0,0,0,0,0,0,0,0,0,0,0,0,0,0,0,0,0,0,0
4559,0,0,0,0,0,0,0,0,0,0,0,0,0,0,0,0,0,0,0,0,0
4560,0,0,0,0,0,0,0,0,0,0,0,0,0,0,0,0,0,0,0,0,0
4561,0,0,0,0,0,0,0,0,0,0,0,0,0,0,0,0,0,0,0,0,0
4562,0,0,0,0,0,0,0,0,0,0,0,0,0,0,0,0,0,0,0,0,0
4563,0,0,0,0,0,0,0,0,0,0,0,0,0,0,0,0,0,0,0,0,0
4564,3,3,3,3,3,2,2,3,3,3,3,3,2,2,3,3,3,3,3,2,2
4565,0,0,0,0,0,0,0,0,0,0,0,0,0,0,0,0,0,0,0,0,0
4566,0,0,0,0,0,0,0,0,0,0,0,0,0,0,0,0,0,0,0,0,0
4567,0,0,0,0,0,0,0,0,0,0,0,0,0,0,0,0,0,0,0,0,0
4568,0,0,0,0,0,0,0,0,0,0,0,0,0,0,0,0,0,0,0,0,0
4569,0,0,0,0,0,0,0,0,0,0,0,0,0,0,0,0,0,0,0,0,0
4570,5,5,4,4,3,3,3,4,5,4,4,3,3,3,4,4,4,3,3,3,3
4571,2,2,2,2,2,2,2,2,2,2,2,2,2,2,2,2,3,2,2,2,2
4572,4,4,3,3,3,3,3,4,4,4,4,3,3,4,4,4,4,4,3,3,4
4573,1,1,1,1,1,1,1,1,2,1,1,1,1,1,1,2,1,1,1,1,1
4574,5,5,4,4,3,3,3,4,4,4,4,4,3,3,4,4,4,4,3,3,3
4575,5,5,4,4,3,3,3,4,4,4,4,3,3,3,3,4,4,3,3,3,3
4576,1,1,2,1,1,1,1,1,1,2,1,1,1,1,1,1,2,1,1,1,1
4577,24,25,24,22,19,16,16,20,21,21,19,17,14,14,18,19,20,19,17,14,14
4578,13,12,11,10,8,8,7,9,9,10,9,7,7,7,8,8,9,8,7,6,6
4579,3,4,4,4,3,3,3,3,4,4,4,3,3,3,3,4,4,4,3,3,3
4580,0,0,0,0,0,0,0,0,0,0,0,0,0,0,0,0,0,0,0,0,0
4581,0,0,0,0,0,0,0,0,0,0,0,0,0,0,0,0,0,0,0,0,0
4582,0,0,0,0,0,0,0,0,0,0,0,0,0,0,0,0,0,0,0,0,0
4583,0,0,0,0,0,0,0,0,0,0,0,0,0,0,0,0,0,0,0,0,0
4584,0,0,0,0,0,0,0,0,0,0,0,0,0,0,0,0,0,0,0,0,0
4585,0,0,0,0,0,0,0,0,0,0,0,0,0,0,0,0,0,0,0,0,0
4586,0,0,0,0,0,0,0,0,0,0,0,0,0,0,0,0,0,0,0,0,0
4587,3,4,5,6,4,3,2,3,4,5,6,4,3,2,3,4,5,6,4,3,2
4588,0,1,1,0,0,0,0,1,1,1,0,0,0,0,0,1,1,0,0,0,0
4589,2,2,2,1,1,1,1,2,2,2,1,1,1,1,2,2,2,1,1,1,1
4590,0,0,0,0,0,0,0,0,0,0,0,0,0,0,0,0,0,0,0,0,0
4591,1,1,1,1,1,1,1,1,1,1,1,1,1,1,1,1,1,1,1,1,1
4592,0,0,0,0,0,0,0,0,0,0,0,0,0,0,0,0,0,0,0,0,0
4593,0,0,0,0,0,0,0,0,0,0,0,0,0,0,0,0,0,0,0,0,0
4594,0,0,0,0,0,0,0,0,0,0,0,0,0,0,0,0,0,0,0,0,0
4595,1,1,1,1,1,1,1,1,1,1,1,1,1,1,1,1,1,1,1,1,1
4596,0,0,0,0,0,0,0,0,0,0,0,0,0,0,0,0,0,0,0,0,0
4597,0,0,0,0,0,0,0,0,0,0,0,0,0,0,0,0,0,0,0,0,0
4598,0,0,0,0,0,0,0,0,0,0,0,0,0,0,0,0,0,0,0,0,0
4599,0,0,0,0,0,0,0,0,0,0,0,0,0,0,0,0,0,0,0,0,0
4600,0,0,0,0,0,0,0,0,0,0,0,0,0,0,0,0,0,0,0,0,0
4601,6,7,7,6,5,5,6,6,7,7,6,5,5,6,6,7,7,6,5,5,6
4602,5,5,4,4,3,3,3,4,4,4,3,3,3,3,4,4,4,3,3,3,3
4603,1,1,1,1,1,1,1,1,1,1,1,1,0,1,1,1,1,1,1,0,1
4604,57,59,60,57,52,43,47,57,59,60,57,52,43,47,57,59,60,57,52,43,47
4605,0,0,0,0,0,0,0,0,0,0,0,0,0,0,0,0,0,0,0,0,0
4606,1,2,2,1,2,1,2,1,2,2,1,2,1,2,1,2,2,1,2,1,2
4607,4,3,3,3,2,2,2,2,2,2,2,2,2,2,2,2,2,2,2,2,2
4608,7,7,8,8,8,7,7,7,7,8,8,8,7,7,7,7,8,8,8,7,7
4609,1,1,1,1,1,1,1,1,1,1,1,1,1,1,1,0,1,1,1,1,1
4610,7,9,9,9,8,7,6,7,9,9,9,8,7,6,7,9,9,9,8,7,6
4611,2,2,2,2,2,2,2,2,2,2,2,2,2,2,2,2,2,2,2,2,2
4612,20,21,22,21,19,16,17,20,22,22,22,19,17,17,20,21,22,21,19,16,16
4613,3,3,4,4,3,3,3,3,3,4,4,3,3,3,3,3,4,4,3,3,3
4614,0,0,0,0,0,0,0,0,0,0,0,0,0,0,0,0,0,0,0,0,0
4615,0,0,0,0,0,0,0,0,0,0,0,0,0,0,0,0,0,0,0,0,0
4616,4,4,5,5,5,4,4,4,4,5,5,5,4,4,4,4,5,5,5,4,4
4617,2,2,2,2,2,2,2,2,2,2,2,2,2,2,2,2,2,2,2,2,2
4618,4,4,3,3,4,3,4,4,4,4,4,4,4,4,4,4,4,4,3,3,4
4619,0,0,0,0,0,0,0,0,0,0,0,0,0,0,0,0,0,0,0,0,0
4620,0,0,0,0,0,0,0,0,0,0,0,0,0,0,0,0,0,0,0,0,0
4621,0,0,0,0,0,0,0,0,0,0,0,0,0,0,0,0,0,0,0,0,0
4622,0,0,0,0,0,0,0,0,0,0,0,0,0,0,0,0,0,0,0,0,0
4623,55,60,58,52,46,43,49,59,68,67,64,57,52,56,66,73,72,65,56,51,58
4624,39,40,38,33,31,31,35,44,50,50,47,42,38,39,51,57,58,52,45,46,58
4625,0,0,0,0,0,0,0,0,0,0,0,0,0,0,0,0,0,0,0,0,0
4626,1,1,0,0,1,1,1,1,1,0,0,1,1,1,1,1,0,0,1,1,1
4627,4,5,6,6,5,3,3,4,5,6,6,5,3,3,4,5,6,6,5,3,3
4628,1,1,1,1,1,1,1,1,1,1,1,1,1,1,1,1,1,1,1,1,1
4629,6,5,4,3,2,2,2,3,3,3,2,2,2,2,2,3,3,2,1,2,2
4630,0,0,0,0,0,0,0,0,0,0,0,0,0,0,0,0,0,0,0,0,0
4631,1,1,1,1,1,1,1,1,1,1,1,1,1,1,1,1,1,1,1,1,1
4632,0,0,0,0,0,0,0,0,0,0,0,0,0,0,0,0,0,0,0,0,0
4633,0,0,0,0,0,0,0,0,0,0,0,0,0,0,0,0,0,0,0,0,0
4634,0,0,0,0,0,0,0,0,0,0,0,0,0,0,0,0,0,0,0,0,0
4635,0,0,0,0,0,0,0,0,0,0,0,0,0,0,0,0,0,0,0,0,0
4636,0,0,0,0,0,0,0,0,0,0,0,0,0,0,0,0,0,0,0,0,0
4637,0,0,0,0,0,0,0,0,0,0,0,0,0,0,0,0,0,0,0,0,0
4638,0,0,0,0,0,0,0,0,0,0,0,0,0,0,0,0,0,0,0,0,0
4639,3,3,4,4,4,3,2,3,3,4,4,4,3,2,3,3,4,4,4,3,2
4640,0,0,0,0,0,0,0,0,0,0,0,0,0,0,0,0,0,0,0,0,0
4641,0,0,0,0,0,0,0,0,0,0,0,0,0,0,0,0,0,0,0,0,0
4642,0,0,0,0,0,0,0,0,0,0,0,0,0,0,0,0,0,0,0,0,0
4643,7,7,7,4,5,4,6,7,7,7,4,5,4,6,7,7,7,4,5,4,6
4644,3,2,2,2,2,2,2,3,3,2,2,2,2,3,3,3,2,2,2,2,2
4645,1,0,0,0,0,0,1,1,0,0,0,0,0,1,1,0,0,0,0,0,1
4646,6,6,7,6,6,5,6,7,7,7,5,5,4,5,6,5,6,4,4,4,4
4647,8,8,8,7,7,7,7,7,7,7,7,7,6,6,6,6,6,5,5,5,5
4648,103,119,123,113,91,75,74,81,94,96,94,82,73,72,82,92,100,102,90,76,74
4649,6,7,7,6,5,5,6,7,7,7,6,5,5,6,6,6,5,5,4,4,5
4650,2,2,2,2,2,2,2,2,2,2,2,2,1,2,2,2,2,2,1,1,1
4651,1,1,1,1,1,1,1,2,2,1,1,1,1,1,2,2,1,1,1,1,1
4652,0,0,0,0,0,0,0,0,0,0,0,0,0,0,0,0,0,0,0,0,0
4653,1,1,1,1,1,1,1,1,1,1,1,1,1,1,1,1,1,1,1,1,1
4654,0,0,0,0,0,0,0,0,0,0,0,0,0,0,0,0,0,0,0,0,0
4655,1,1,1,1,1,1,1,1,1,1,1,1,1,1,1,1,1,1,1,1,1
4656,19,23,23,24,21,17,15,19,23,23,24,21,17,15,19,23,23,24,21,17,15
4657,43,53,56,53,46,37,34,43,53,56,53,46,36,33,43,53,56,53,46,36,33
4658,151,186,191,170,150,125,122,151,186,191,170,150,125,122,151,186,191,170,150,125,122
4659,34,38,41,39,33,26,25,34,38,41,39,33,26,25,34,38,41,39,33,26,25
4660,78,80,87,85,78,59,60,78,80,87,85,78,58,60,78,80,86,85,78,58,60
4661,9,12,13,13,11,8,7,9,12,13,13,11,8,7,9,12,13,13,11,8,7
4662,20,23,23,22,19,18,18,21,25,25,24,20,18,17,22,26,26,24,20,19,21
4663,15,17,19,20,17,13,12,15,17,19,20,17,13,12,15,17,19,20,17,13,12
4664,0,0,0,0,0,0,0,0,0,0,0,0,0,0,0,0,0,0,0,0,0
4665,0,0,0,0,0,0,0,0,0,0,0,0,0,0,0,0,0,0,0,0,0
4666,0,0,0,0,0,0,0,0,0,0,0,0,0,0,0,0,0,0,0,0,0
4667,17,16,14,13,13,12,13,14,14,13,12,12,11,12,13,13,12,11,11,10,11
4668,1,1,1,1,1,1,1,1,1,1,1,1,1,1,1,1,1,1,1,1,1
4669,0,0,0,0,0,0,0,0,0,0,0,0,0,0,0,0,0,0,0,0,0
4670,0,0,0,0,0,0,0,0,0,0,0,0,0,0,0,0,0,0,0,0,0
4671,2,2,2,2,2,2,2,2,2,2,1,2,2,2,2,2,2,1,2,2,2
4672,1,1,1,0,0,0,0,1,1,1,1,0,0,0,1,1,1,0,0,0,0
4673,1,1,2,2,1,1,1,1,2,2,2,2,1,1,2,2,2,2,2,2,2
4674,0,0,0,0,0,0,0,0,0,0,0,0,0,0,0,0,0,0,0,0,0
4675,16,16,16,14,13,11,12,13,14,13,12,11,11,11,12,13,13,13,12,11,11
4676,5,4,4,4,3,3,3,4,4,4,4,4,4,3,4,4,4,4,4,4,4
4677,1,0,1,0,0,0,0,1,0,1,0,0,0,0,1,0,1,0,0,0,0
4678,4,5,4,3,3,3,3,3,4,4,3,3,3,3,3,4,4,3,3,2,2
4679,2,2,1,1,1,1,1,2,2,1,1,1,1,1,2,2,1,1,1,1,1
4680,3,3,4,3,2,2,2,3,3,4,3,2,2,2,3,3,4,3,2,2,2
4681,118,136,142,134,121,111,116,135,154,152,142,131,122,124,138,151,154,142,121,113,123
4682,1,1,1,1,1,1,1,1,1,1,1,1,1,1,1,1,1,1,1,1,1
4683,6,6,4,4,4,4,4,5,6,4,4,4,4,4,5,5,4,4,4,4,4
4684,5,5,4,3,3,2,3,4,4,3,3,3,2,3,3,4,3,3,3,2,3
4685,7,7,7,6,5,5,6,6,7,7,6,5,5,5,6,6,6,5,5,4,5
4686,3,4,4,3,3,2,3,3,4,4,3,3,3,3,3,4,4,3,3,3,3
4687,0,0,0,0,0,0,0,0,0,0,0,0,0,0,0,0,0,0,0,0,0
4688,2,3,4,4,3,2,2,2,3,4,4,3,2,2,2,3,4,4,3,2,2
4689,9,10,10,10,9,7,8,9,10,10,10,8,7,7,8,9,9,8,7,6,7
4690,0,0,0,0,0,0,0,0,0,0,0,0,0,0,0,0,0,0,0,0,0
4691,14,12,10,8,7,6,6,6,7,7,6,5,4,4,5,6,6,6,5,4,4
4692,3,5,4,5,4,3,3,3,5,4,5,4,3,3,3,5,4,5,4,3,3
4693,193,194,190,133,132,132,161,194,195,190,133,131,131,160,193,192,187,130,130,129,159
4694,12,13,14,14,13,11,11,12,13,14,14,13,11,11,12,13,14,14,13,11,11
4695,1,1,1,1,0,0,1,1,1,1,1,0,0,1,1,1,1,1,0,0,1
4696,1,2,2,2,2,1,1,1,2,2,2,2,1,1,1,2,2,2,2,1,1
4697,16,17,17,14,12,12,11,14,16,16,14,12,11,11,14,15,15,13,11,11,10
4698,18,23,21,20,19,16,14,15,22,20,19,18,15,13,15,21,19,19,18,15,13
4699,5,5,5,5,4,4,5,5,5,5,4,4,4,4,5,5,5,4,4,4,4
4700,115,154,145,124,100,84,99,117,135,136,124,114,110,132,158,173,187,181,157,136,146
4701,20,23,24,21,19,16,16,19,22,23,21,19,15,14,18,21,23,21,19,17,18
4702,12,13,11,10,10,9,10,11,12,10,10,9,9,9,10,11,9,8,8,8,9
4703,2,2,2,2,1,1,1,2,2,2,2,1,1,1,2,2,2,1,1,1,1
4704,111,122,123,109,95,83,88,110,120,121,110,98,86,91,115,123,126,113,98,85,93
4705,0,0,0,0,0,0,0,0,0,0,0,0,0,0,0,0,0,0,0,0,0
4706,2,3,3,2,2,2,2,2,3,3,3,2,2,2,2,3,3,2,2,2,2
4707,7,7,7,6,5,5,5,6,7,6,6,5,5,5,6,7,7,6,5,5,5
4708,0,0,0,0,0,0,0,0,0,0,0,0,0,0,0,0,0,0,0,0,0
4709,1,2,3,2,2,1,1,1,2,3,2,2,1,1,1,2,3,2,2,1,1
4710,0,0,0,0,0,0,0,0,0,0,0,0,0,0,0,0,0,0,0,0,0
4711,1,0,0,0,0,0,0,1,1,1,0,0,0,0,1,1,1,0,0,0,0
4712,0,0,0,0,0,0,0,0,0,0,0,0,0,0,0,0,0,0,0,0,0
4713,13,16,19,19,17,14,11,13,16,19,19,17,14,11,13,16,19,19,17,14,11
4714,4,4,4,3,3,2,1,2,3,3,3,3,2,1,3,3,3,3,3,2,2
4715,2,2,2,1,1,1,1,2,2,2,1,1,1,1,2,2,2,1,1,1,2
4716,1,1,1,0,0,0,1,1,1,1,0,0,0,1,1,1,1,0,0,0,1
4717,2,2,1,1,0,1,1,2,2,1,1,0,1,1,2,2,1,1,0,1,1
4718,2,3,2,3,3,3,2,2,3,3,3,3,3,2,2,3,2,3,3,3,2
4719,4,3,2,2,1,1,1,1,1,1,1,1,1,1,1,1,1,1,1,1,1
4720,0,1,1,1,1,1,1,1,1,1,1,1,1,1,1,1,1,1,1,1,1
4721,0,0,0,0,0,0,0,0,0,0,0,0,0,0,0,1,0,0,0,0,0
4722,7,6,8,8,8,7,7,7,6,8,8,8,7,7,7,6,8,8,8,7,7
4723,3,2,2,1,1,1,1,1,1,1,1,1,1,1,1,1,1,1,1,0,1
4724,0,0,0,0,0,0,0,0,0,0,0,0,0,0,0,0,0,0,0,0,0
4725,0,0,0,0,0,0,0,0,0,0,0,0,0,0,0,0,0,0,0,0,0
4726,2,2,1,1,1,1,1,1,1,1,1,1,1,1,1,1,1,1,1,1,1
4727,0,0,0,0,0,0,0,0,0,0,0,0,0,0,0,0,0,0,0,0,0
4728,0,0,0,0,0,0,0,0,0,0,0,0,0,0,0,0,0,0,0,0,0
4729,0,0,0,0,0,0,0,0,0,0,0,0,0,0,0,0,0,0,0,0,0
4730,1,1,1,1,1,0,0,0,1,0,0,0,0,0,0,0,0,0,0,0,0
4731,1,1,1,1,1,1,1,1,1,1,1,1,1,1,1,1,1,1,1,1,1
4732,0,0,0,0,0,0,0,0,0,0,0,0,0,0,0,0,0,0,0,0,0
4733,0,0,0,0,0,0,0,0,0,0,0,0,0,0,0,0,0,0,0,0,0
4734,0,1,1,1,1,1,1,1,1,1,1,1,1,1,1,1,1,1,1,1,1
4735,0,0,0,0,0,0,0,0,0,0,0,0,0,0,0,0,0,0,0,0,0
4736,0,0,0,0,0,0,0,0,0,0,0,0,0,0,0,0,0,0,0,0,0
4737,2,3,2,1,1,1,2,2,3,2,1,1,1,2,2,3,2,1,1,1,2
4738,0,0,0,0,0,0,0,0,0,0,0,0,0,0,0,0,0,0,0,0,0
4739,0,0,0,0,0,0,0,0,0,0,0,0,0,0,0,0,0,0,0,0,0
4740,0,0,0,0,0,0,0,0,0,0,0,0,0,1,1,1,1,1,1,2,2
4741,0,0,0,0,0,0,0,0,0,0,0,0,0,0,0,0,0,0,0,0,0
4742,0,0,0,0,0,0,0,0,0,0,0,0,0,0,0,0,0,0,0,0,0
4743,0,0,0,0,0,0,0,0,0,0,0,0,0,0,0,0,0,0,0,0,0
4744,0,0,0,0,0,0,0,0,0,0,0,0,0,0,0,0,0,0,0,0,0
4745,1,1,1,1,1,1,1,1,1,1,1,1,1,1,2,1,1,1,1,1,1
4746,0,0,0,0,0,0,0,0,0,0,0,0,0,0,0,0,0,0,0,0,0
4747,2,2,0,0,0,0,1,2,2,0,0,0,0,1,2,2,0,0,0,0,1
4748,0,0,0,0,0,0,0,0,0,0,0,0,0,0,0,0,0,0,0,0,0
4749,7,6,5,4,4,4,4,5,5,4,4,3,3,4,4,4,3,3,3,3,3
4750,1,2,2,2,2,2,2,2,2,2,2,2,2,2,2,3,3,2,2,2,2
4751,1,1,1,1,1,1,1,1,1,1,1,1,1,1,1,1,1,0,0,0,0
4752,0,0,0,0,0,0,0,0,0,0,0,0,0,0,0,0,0,0,0,0,0
4753,0,0,0,0,0,0,0,0,0,0,0,0,0,0,0,0,0,0,0,0,0
4754,0,0,0,0,0,0,0,0,0,0,0,0,0,0,0,0,0,0,0,0,0
4755,6,6,6,5,5,4,5,5,5,4,4,3,3,3,3,2,2,2,2,2,2
4756,0,0,0,0,0,0,0,0,0,0,0,0,0,0,0,0,0,0,0,0,0
4757,0,0,0,0,0,0,0,0,0,0,0,0,0,0,0,0,0,0,0,0,0
4758,0,0,0,0,0,0,0,0,0,0,0,0,0,0,0,0,0,0,0,0,0
4759,0,0,0,0,0,0,0,0,0,0,0,0,0,0,0,0,0,0,0,0,0
4760,0,0,0,0,0,0,0,0,0,0,0,0,0,0,0,0,0,0,0,0,0
4761,0,0,0,0,0,0,0,0,0,0,0,0,0,0,0,0,0,0,0,0,0
4762,2,1,2,1,2,2,2,2,1,2,1,2,2,1,2,1,2,1,2,2,2
4763,1,1,1,1,1,1,1,1,1,1,1,1,1,1,1,1,1,1,1,1,1
4764,4,5,4,4,3,3,3,4,4,4,4,3,3,3,4,4,4,4,3,3,3
4765,16,18,16,16,14,13,14,16,19,16,16,14,13,14,15,18,15,15,13,12,13
4766,12,13,13,11,9,9,10,10,11,11,10,9,9,10,10,12,11,10,9,9,10
4767,2,3,3,2,2,2,2,2,3,3,3,2,2,2,2,3,3,2,2,2,2
4768,5,6,6,5,4,4,4,5,6,6,5,4,4,4,5,6,6,5,4,4,4
4769,1,1,1,1,1,1,1,1,1,1,1,1,1,1,1,1,2,1,1,1,1
4770,2,2,2,2,2,1,2,2,2,2,2,2,1,2,2,2,2,2,2,1,2
4771,4,5,6,5,4,4,4,5,6,6,5,4,4,4,5,6,6,5,4,4,4
4772,1,1,1,1,1,1,1,1,1,1,1,1,1,1,1,1,1,1,1,1,1
4773,1,2,2,1,1,1,1,1,2,2,1,1,1,1,1,2,2,2,1,1,1
4774,0,0,0,0,0,0,0,0,0,0,0,0,0,0,0,0,0,0,0,0,0
4775,282,347,362,345,281,244,250,302,367,372,353,282,243,241,302,377,401,384,312,279,311
4776,0,0,0,0,0,0,0,0,0,0,0,0,0,0,0,0,0,0,0,0,0
4777,2,1,1,1,1,1,1,1,1,1,1,1,0,0,1,1,1,1,1,0,0
4778,1,1,1,1,1,1,1,1,1,1,1,1,1,1,1,1,1,1,1,1,1
4779,1,1,1,1,1,1,1,1,1,1,1,1,1,1,1,1,1,1,1,1,1
4780,0,0,0,0,0,0,0,0,0,0,0,0,0,0,0,0,0,0,0,0,0
4781,0,0,0,0,0,0,2,0,0,0,0,0,0,2,0,0,0,0,0,0,2
4782,0,0,0,0,0,0,0,0,0,0,0,0,0,0,0,0,0,0,0,0,0
4783,0,0,0,0,0,0,0,0,0,0,0,0,0,0,0,0,0,0,0,0,0
4784,1,2,0,0,1,2,0,1,2,0,0,1,2,0,1,2,0,0,1,2,0
4785,0,0,0,0,0,0,0,0,0,0,0,0,0,0,0,0,0,0,0,0,0
4786,0,0,0,0,0,0,0,0,0,0,0,0,0,0,0,0,0,0,0,0,0
4787,0,0,0,0,0,0,0,0,0,0,0,0,0,0,0,0,0,0,0,0,0
4788,0,0,0,0,0,0,0,0,0,0,0,0,0,0,0,0,0,0,0,0,0
4789,0,0,0,0,0,0,0,0,0,0,0,0,0,0,0,0,0,0,0,0,0
4790,0,0,0,0,0,0,0,0,0,0,0,0,0,0,0,0,0,0,0,0,0
4791,0,0,0,0,0,0,0,0,0,0,0,0,0,0,0,0,0,0,0,0,0
4792,0,0,0,0,0,0,0,0,0,0,0,0,0,0,0,0,0,0,0,0,0
4793,1,1,1,0,0,1,1,1,1,1,0,0,1,0,1,1,1,0,0,1,1
4794,0,0,0,0,0,0,0,0,0,0,0,0,0,0,0,0,0,0,0,0,0
4795,0,0,0,0,0,0,0,0,0,0,0,0,0,0,0,0,0,0,0,0,0
4796,0,0,0,0,0,0,0,0,0,0,0,0,0,0,0,0,0,0,0,0,0
4797,69,79,77,60,47,42,44,61,70,71,56,45,41,42,59,68,69,55,44,40,41
4798,49,63,77,79,71,59,51,56,68,76,76,68,56,48,51,61,71,72,64,52,44
4799,66,80,74,58,47,40,49,64,75,67,53,45,40,49,62,70,63,50,42,38,49
4800,55,65,79,77,63,48,42,55,65,79,76,63,48,41,55,65,79,76,63,48,41
4801,100,104,95,66,54,47,54,79,85,80,56,46,41,47,71,78,76,53,45,40,48
4802,0,0,0,0,0,0,0,0,0,0,0,0,0,0,0,0,0,0,0,0,0
4803,0,0,1,0,0,0,0,0,0,1,0,0,0,0,0,0,1,0,0,0,0
4804,1,1,1,1,1,1,0,1,1,1,1,1,1,0,1,1,1,1,1,1,0
4805,18,19,19,19,17,14,13,15,17,18,18,16,14,13,15,16,17,17,16,14,13
4806,1,1,1,1,1,1,1,1,1,1,1,1,1,1,1,1,1,1,1,1,1
4807,0,0,0,0,0,0,0,0,0,0,0,0,0,0,0,0,0,0,0,0,0
4808,0,0,0,0,1,1,1,0,0,0,0,1,1,1,0,0,0,0,1,1,1
4809,10,14,19,15,11,9,7,10,14,19,15,11,9,7,10,14,19,15,12,9,7
4810,0,0,0,0,0,0,0,0,0,0,0,0,0,0,0,0,0,0,0,0,0
4811,0,1,1,1,0,0,0,0,1,1,1,0,0,0,0,1,1,1,0,0,0
4812,1,1,1,1,1,1,1,1,1,1,1,1,1,1,1,1,1,1,1,1,1
4813,0,0,0,0,0,0,0,0,0,0,0,0,0,0,0,0,0,0,0,0,0
4814,1,1,1,1,1,1,1,1,1,1,1,1,1,1,1,1,1,1,1,1,1
4815,10,11,11,10,9,8,8,10,11,11,10,9,8,9,10,11,11,10,9,8,9
4816,1,1,1,1,1,1,0,1,1,1,1,1,1,0,1,1,1,1,1,1,0
4817,0,0,0,0,0,0,0,0,0,0,0,0,0,0,0,0,0,0,0,0,0
4818,0,0,0,0,0,0,0,0,0,0,0,0,0,0,0,0,0,0,0,0,0
4819,0,0,0,0,0,0,0,0,0,0,0,0,0,0,0,0,0,0,0,0,0
4820,2,2,1,1,1,1,1,1,1,1,1,1,1,1,1,1,1,1,1,1,1
4821,0,0,0,0,0,0,0,0,0,0,0,0,0,0,0,0,0,0,0,0,0
4822,0,0,0,0,0,0,0,0,0,0,0,0,0,0,0,0,0,0,0,0,0
4823,0,0,0,0,0,0,0,0,0,0,0,0,0,0,0,0,0,0,0,0,0
4824,2,2,1,1,1,1,1,1,1,1,1,1,1,1,1,1,1,1,1,1,1
4825,0,0,0,0,0,0,0,0,0,0,0,0,0,0,0,0,0,0,0,0,0
4826,0,0,0,0,0,0,0,0,0,0,0,0,0,0,0,0,0,0,0,0,0
4827,30,29,28,25,23,22,23,27,27,25,23,21,20,22,24,24,23,22,20,21,24
4828,0,0,0,0,0,0,0,0,0,0,0,0,0,0,0,0,0,0,0,0,0
4829,1,1,0,0,0,0,0,0,0,0,0,0,0,0,1,1,0,0,0,0,1
4830,0,0,0,1,0,0,0,0,0,0,1,0,0,0,0,0,0,1,0,0,0
4831,2,2,2,2,2,1,2,2,2,2,2,2,1,2,2,2,2,2,2,1,2
4832,1,1,1,1,1,1,1,1,1,1,1,1,1,1,1,1,1,1,1,1,1
4833,4,4,3,3,3,3,3,4,4,3,3,3,2,3,4,4,3,3,3,3,3
4834,0,0,0,0,0,0,0,0,0,0,0,0,0,0,0,0,0,0,0,0,0
4835,6,7,8,8,7,7,7,9,10,10,9,8,8,8,9,10,10,9,8,8,8
4836,7,8,7,7,6,5,5,5,6,7,6,5,5,4,5,6,6,6,5,4,4
4837,1,1,1,1,1,1,1,1,1,1,1,1,1,0,1,1,1,1,1,1,0
4838,7,6,5,4,4,4,4,5,5,5,4,4,4,4,4,4,4,4,4,3,3
4839,47,50,47,41,36,33,35,43,48,46,42,36,33,35,45,49,46,42,36,35,40
4840,8,9,8,7,6,6,6,8,9,8,7,6,6,6,8,9,8,7,6,6,6
4841,0,0,0,0,0,0,0,0,0,0,0,0,0,0,0,0,0,0,0,0,0
4842,4,5,5,4,4,4,4,4,5,5,4,4,4,4,4,5,5,4,4,4,4
4843,45,44,42,38,37,35,38,44,45,44,40,37,34,34,43,44,42,39,37,39,46
4844,1,1,1,1,1,1,1,1,1,1,1,1,1,1,1,1,1,1,1,1,1
4845,9,8,8,8,7,7,7,9,8,9,8,7,7,7,9,8,8,8,7,7,7
4846,1,1,1,1,1,1,1,1,1,1,1,1,1,1,1,1,1,1,1,1,1
4847,2,1,1,1,1,1,1,1,1,1,1,1,1,1,1,1,1,1,1,1,1
4848,4,4,4,4,4,3,3,4,4,5,5,4,4,3,4,4,4,4,4,3,3
4849,0,0,1,1,1,0,0,0,0,1,1,1,0,0,0,0,1,1,1,0,0
4850,1,1,1,1,1,1,1,1,1,1,1,1,1,1,1,1,1,1,1,1,1
4851,19,17,15,14,13,12,13,16,16,15,13,12,12,12,14,15,13,12,11,11,11
4852,0,0,0,0,0,0,0,0,0,0,0,0,0,0,0,0,0,0,0,0,0
4853,1,1,1,1,1,1,1,1,1,1,1,1,1,0,1,1,1,1,1,1,0
4854,0,0,0,0,0,0,0,0,0,0,0,0,0,0,0,0,0,0,0,0,0
4855,0,0,0,0,0,0,0,0,0,0,0,0,0,0,0,0,0,0,0,0,0
4856,2,2,2,2,1,1,1,2,2,2,2,1,1,1,2,2,2,2,1,1,1
4857,0,0,0,0,0,0,0,0,0,0,0,0,0,0,0,0,0,0,0,0,0
4858,0,0,0,0,0,0,0,0,0,0,0,0,0,0,0,0,0,0,0,0,0
4859,0,0,0,0,0,0,0,0,0,0,0,0,0,0,0,0,0,0,0,0,0
4860,1,1,1,1,1,1,1,2,2,1,1,1,1,1,1,1,1,1,1,1,1
4861,0,0,0,0,0,0,0,0,0,0,0,0,0,0,0,0,0,0,0,0,0
4862,1,1,1,1,1,1,1,1,1,1,1,1,1,1,1,1,1,1,1,1,1
4863,0,0,0,0,0,0,0,0,0,0,0,0,0,0,0,0,0,0,0,0,0
4864,0,0,0,0,0,0,0,0,0,0,0,0,0,0,0,0,0,0,0,0,0
4865,1,2,2,2,1,1,2,2,2,2,2,2,2,2,2,2,2,2,2,2,2
4866,0,0,0,0,0,0,0,0,0,0,0,0,0,0,0,0,0,0,0,0,0
4867,1,1,0,0,1,1,1,1,1,1,1,1,1,1,1,1,0,0,1,1,1
4868,0,0,0,1,0,1,0,0,0,1,1,0,1,0,0,0,0,1,0,1,0
4869,0,1,1,1,1,0,0,0,1,1,1,1,0,0,0,1,1,1,1,0,0
4870,3,4,4,4,3,3,3,4,4,4,4,4,3,4,4,5,4,4,4,3,4
4871,1,1,1,1,1,1,1,1,1,1,1,1,1,1,1,1,1,1,1,1,1
4872,434,479,564,522,450,384,329,434,479,564,522,450,384,329,434,479,564,522,450,384,329
4873,5,6,6,3,3,2,3,5,6,6,3,3,2,3,5,6,6,3,3,2,3
4874,2,2,2,2,2,2,2,2,2,2,2,2,2,2,2,2,2,2,2,1,1
4875,0,0,0,0,0,0,1,1,1,1,1,0,0,1,1,1,1,1,0,0,1
4876,0,1,1,1,1,1,1,1,2,2,2,2,1,1,1,1,1,1,1,1,1
4877,1,2,2,1,1,1,1,1,2,2,1,1,1,1,1,2,2,1,1,1,1
4878,0,0,0,0,0,0,0,0,0,0,0,0,0,0,0,0,0,0,0,0,0
4879,0,0,0,0,0,0,0,0,0,0,0,0,0,0,0,0,0,0,0,0,0
4880,1,1,1,1,0,1,1,1,1,1,1,0,1,1,1,1,1,1,0,1,1
4881,0,0,0,0,0,0,0,0,0,0,0,0,0,0,0,0,0,0,0,0,0
4882,0,1,1,1,1,1,1,1,1,1,1,1,1,1,1,1,1,1,1,1,1
4883,0,0,0,0,0,0,0,0,0,0,0,0,0,0,0,0,0,0,0,0,0
4884,5,5,6,5,5,5,5,6,6,6,5,5,4,4,5,5,4,4,4,3,4
4885,0,0,0,0,0,0,0,0,0,0,0,0,0,0,0,0,0,0,0,0,0
4886,0,0,0,0,0,0,0,0,0,0,0,0,0,0,0,0,0,0,0,0,0
4887,0,0,0,0,0,0,0,0,0,0,0,0,0,0,0,0,0,0,0,0,0
4888,0,0,0,0,0,0,0,0,0,0,0,0,0,0,0,0,0,0,0,0,0
4889,0,0,0,0,0,0,0,0,0,0,0,0,0,0,0,0,0,0,0,0,0
4890,0,0,0,0,0,0,0,0,0,0,0,0,0,0,0,0,0,0,0,0,0
4891,0,0,0,0,0,0,0,0,0,0,0,0,0,0,0,0,0,0,0,0,0
4892,0,0,0,0,0,0,0,0,0,0,0,0,0,0,0,0,0,0,0,0,0
4893,3,3,3,3,2,3,3,3,3,3,3,2,3,3,3,3,3,3,2,3,3
4894,0,0,0,0,0,0,0,0,0,0,0,0,0,0,0,0,0,0,0,0,0
4895,0,0,0,0,0,0,0,0,0,0,0,0,0,0,0,0,0,0,0,0,0
4896,0,0,0,0,0,0,0,0,0,0,0,0,0,0,0,0,0,0,0,0,0
4897,0,0,0,0,0,0,0,0,0,0,0,0,0,0,0,0,0,0,0,0,0
4898,0,0,0,0,0,0,0,0,0,0,0,0,0,0,0,0,0,0,0,0,0
4899,4,4,4,3,2,2,2,3,3,3,3,2,2,2,3,3,3,3,2,2,2
4900,0,0,0,0,0,0,0,0,0,0,0,0,0,0,0,0,0,0,0,0,0
4901,7,7,7,6,5,4,5,6,6,6,6,5,4,4,6,6,6,5,4,4,4
4902,5,5,5,5,4,3,4,5,5,5,5,4,3,3,5,5,5,4,3,3,3
4903,3,4,4,3,3,2,3,3,4,4,3,3,2,3,3,4,4,3,3,2,3
4904,3,3,3,3,3,2,2,3,3,3,3,3,2,2,3,3,3,3,3,2,2
4905,4,4,4,3,3,3,3,3,4,4,4,3,3,3,3,4,4,3,3,3,3
4906,3,3,3,3,2,2,2,3,3,3,3,2,2,2,3,3,3,3,2,2,2
4907,7,7,6,6,5,4,5,6,7,6,6,5,4,5,6,6,5,5,4,4,4
4908,3,3,3,3,2,2,2,2,3,3,2,2,2,2,2,2,2,2,2,1,1
4909,5,5,5,5,4,4,4,5,5,5,5,4,4,4,5,5,5,4,4,3,4
4910,4,4,4,3,3,3,3,3,4,4,3,3,3,3,3,4,4,3,3,3,3
4911,3,3,3,3,2,2,2,3,3,3,3,2,2,2,3,3,3,3,2,2,2
4912,4,4,4,3,3,3,3,4,4,4,3,3,3,3,4,4,4,3,3,3,3
4913,4,4,4,3,3,3,3,4,4,4,3,3,3,3,4,4,4,3,3,2,3
4914,3,3,3,3,2,2,2,3,4,3,3,2,2,2,3,3,3,3,2,2,2
4915,3,3,3,3,2,2,2,3,3,3,3,2,2,2,3,3,3,2,2,2,2
4916,2,2,2,2,2,2,2,2,2,2,2,2,2,2,2,3,3,2,2,2,2
4917,3,3,3,3,2,2,2,3,3,3,3,2,2,2,3,3,3,3,2,2,2
4918,5,5,5,4,3,3,3,4,5,5,4,3,3,3,4,5,5,4,3,3,3
4919,6,6,6,6,5,5,5,6,6,6,6,5,4,5,6,6,6,5,5,4,4
4920,5,5,4,4,4,3,4,4,5,5,4,4,3,4,4,4,4,4,3,3,3
4921,3,4,3,3,3,2,2,3,3,3,3,3,3,3,3,4,4,3,3,3,3
4922,6,6,6,6,5,4,4,5,6,6,5,4,4,4,5,5,5,5,4,3,4
4923,3,3,3,3,2,2,2,3,3,3,3,2,2,2,3,3,3,2,2,2,2
4924,5,6,6,5,5,4,5,6,6,6,5,5,4,5,5,5,5,5,4,4,4
4925,4,5,5,4,4,4,4,5,5,5,5,4,4,4,5,5,4,4,3,3,3
4926,0,0,0,0,0,0,0,0,0,0,0,0,0,0,0,0,0,0,0,0,0
4927,0,0,0,0,0,0,0,0,0,0,0,0,0,0,0,0,0,0,0,0,0
4928,4,4,4,3,2,3,3,4,4,4,3,2,3,3,4,4,4,3,2,3,3
4929,0,0,0,0,0,0,0,0,0,0,0,0,0,0,0,0,0,0,0,0,0
4930,2,3,3,2,2,2,2,2,3,3,2,2,2,2,2,3,3,2,2,2,2
4931,9,10,10,8,7,7,7,8,10,9,8,7,7,8,9,10,10,8,7,7,7
4932,0,0,0,0,0,0,0,0,0,0,0,0,0,0,0,0,0,0,0,0,0
4933,0,0,0,0,0,0,0,0,0,0,0,0,0,0,0,0,0,0,0,0,0
4934,0,0,0,0,0,0,0,0,0,0,0,0,0,0,0,0,0,0,0,0,0
4935,3,3,4,4,4,4,3,3,3,4,4,4,4,3,3,3,4,4,4,4,3
4936,0,0,0,0,0,0,0,0,0,0,0,0,0,0,0,0,0,0,0,0,0
4937,0,0,0,0,0,0,0,0,0,0,0,0,0,0,0,0,0,0,0,0,0
4938,0,0,0,0,0,0,0,0,0,0,0,0,0,0,0,0,0,0,0,0,0
4939,0,0,0,0,0,0,0,0,0,0,0,0,0,0,0,0,0,0,0,0,0
4940,0,0,0,0,0,0,0,0,0,0,0,0,0,0,0,0,0,0,0,0,0
4941,5,5,5,5,5,4,5,5,5,5,5,5,4,4,5,5,5,5,4,4,4
4942,0,0,0,0,0,0,0,0,0,0,0,0,0,0,0,0,0,0,0,0,0
4943,0,0,0,0,0,0,0,0,0,0,0,0,0,0,0,0,0,0,0,0,0
4944,0,0,0,0,0,0,0,0,0,0,0,0,0,0,0,0,0,0,0,0,0
4945,0,0,0,0,0,0,0,0,0,0,0,0,0,0,0,0,0,0,0,0,0
4946,0,0,1,0,0,0,0,0,0,1,0,0,0,0,0,0,1,0,0,0,0
4947,13,13,14,13,12,11,10,12,13,13,12,11,10,9,11,12,12,11,10,9,8
4948,0,0,0,0,0,0,0,0,0,0,0,0,0,0,0,0,0,0,0,0,0
4949,2,2,2,2,2,1,1,2,2,2,2,2,1,1,2,2,2,2,2,1,1
4950,79,86,79,73,65,58,60,65,73,72,70,64,57,59,67,76,78,77,70,65,67
4951,2,2,2,2,2,2,2,2,2,2,2,2,2,2,2,2,2,2,2,2,2
4952,1,1,1,1,1,1,1,1,1,1,1,1,1,1,1,1,1,1,1,1,1
4953,1,1,2,1,1,1,1,1,1,2,1,1,1,1,1,1,2,1,1,1,1
4954,2,2,2,2,2,1,1,2,2,2,2,2,1,1,2,2,2,2,2,1,1
4955,0,0,0,0,0,0,0,0,0,0,0,0,0,0,0,0,0,0,0,0,0
4956,0,0,0,0,0,0,0,0,0,0,0,0,0,0,0,0,0,0,0,0,0
4957,2,2,2,2,2,2,2,2,2,2,2,2,2,2,2,2,2,2,2,2,2
4958,1,1,1,1,1,1,1,1,1,1,1,1,1,1,1,1,1,1,1,1,1
4959,1,1,1,1,1,1,1,1,1,1,1,1,1,1,1,1,1,1,1,1,1
4960,2,2,2,2,2,2,2,2,2,2,2,2,1,2,2,2,2,2,2,1,2
4961,2,2,2,2,2,1,2,2,2,2,2,2,1,2,2,2,2,2,2,1,2
4962,0,0,0,0,0,0,0,0,0,0,0,0,0,0,0,0,0,0,0,0,0
4963,0,0,0,0,0,0,0,0,0,0,0,0,0,0,0,0,0,0,0,0,0
4964,0,0,0,0,0,0,0,0,0,0,0,0,0,0,0,0,0,0,0,0,0
4965,0,0,0,0,0,0,0,0,0,0,0,0,0,0,0,0,0,0,0,0,0
4966,0,0,0,0,0,0,0,0,0,0,0,0,0,0,0,0,0,0,0,0,0
4967,0,0,0,0,0,0,0,0,0,0,0,0,0,0,0,0,0,0,0,0,0
4968,0,0,0,0,0,0,0,0,0,0,0,0,0,0,0,0,0,0,0,0,0
4969,0,0,0,0,0,0,0,0,0,0,0,0,0,0,0,0,0,0,0,0,0
4970,10,10,12,11,10,10,9,9,10,12,11,10,10,9,9,10,12,11,10,10,9
4971,6,7,7,8,7,5,7,6,7,7,8,7,5,7,6,7,7,8,7,5,7
4972,0,0,0,0,0,0,0,0,0,0,0,0,0,0,0,0,0,0,0,0,0
4973,0,0,0,0,0,0,0,0,0,0,0,0,0,0,0,0,0,0,0,0,0
4974,1,1,1,1,1,1,1,1,1,1,1,1,1,1,1,1,1,1,1,1,1
4975,5,5,5,5,4,3,3,3,3,3,3,3,2,2,2,2,3,3,2,2,2
4976,2,2,2,2,2,2,2,2,2,2,2,2,2,2,2,2,2,2,2,2,2
4977,0,0,0,0,0,0,0,0,0,0,0,0,0,0,0,0,0,0,0,0,0
4978,0,0,0,0,0,0,0,0,0,0,0,0,0,0,0,0,0,0,0,0,0
4979,1,1,1,1,1,1,1,1,1,1,1,1,1,1,1,1,1,1,1,1,1
4980,1,1,1,1,1,1,1,1,1,1,1,1,1,1,1,1,1,1,1,1,1
4981,1,1,1,1,1,1,1,1,1,1,1,1,1,1,1,1,1,1,1,1,1
4982,0,0,0,0,0,0,0,0,0,0,0,0,0,0,0,0,0,0,0,0,0
4983,9,12,13,15,12,10,5,7,11,12,15,12,9,5,7,11,12,14,12,9,5
4984,0,0,0,0,0,0,0,0,0,0,0,0,0,0,0,0,0,0,0,0,0
4985,0,0,0,0,0,0,0,0,0,0,0,0,0,0,0,0,0,0,0,0,0
4986,0,0,0,0,0,0,0,0,0,0,0,0,0,0,0,0,0,0,0,0,0
4987,0,0,0,0,0,0,0,0,0,0,0,0,0,0,0,0,0,0,0,0,0
4988,5,5,5,4,3,4,4,4,4,4,3,3,3,3,4,4,4,3,3,3,3
4989,0,0,0,0,0,0,0,0,0,0,0,0,0,0,0,0,0,0,0,0,0
4990,0,0,0,0,0,0,0,0,0,0,0,0,0,0,0,0,0,0,0,0,0
4991,0,0,1,1,0,0,0,0,1,1,1,0,0,0,0,0,1,1,0,0,0
4992,0,0,0,0,0,0,0,0,0,0,0,0,0,0,0,0,0,0,0,0,0
4993,10,12,13,8,5,5,7,10,12,13,8,5,5,7,10,12,13,8,5,5,7
4994,5,5,5,5,5,4,4,5,5,6,5,5,4,4,4,5,5,5,5,4,4
4995,0,0,0,0,0,0,0,0,0,0,0,0,0,0,0,0,0,0,0,0,0
4996,0,0,0,0,0,0,0,0,0,0,0,0,0,0,0,0,0,0,0,0,0
4997,0,0,0,0,0,0,0,0,0,0,0,0,0,0,0,0,0,0,0,0,0
4998,2,1,1,1,1,1,1,1,1,1,1,1,1,1,1,1,1,1,1,1,1
4999,0,0,0,0,0,0,0,0,0,0,0,0,0,0,0,0,0,0,0,0,0
5000,2,3,3,2,2,2,2,3,3,3,3,2,2,3,3,3,3,2,2,2,3
5001,0,0,0,0,0,0,0,0,0,0,0,0,0,0,0,0,0,0,0,0,0
5002,1,1,1,1,1,1,1,1,1,1,1,1,1,1,1,1,1,1,1,1,1
5003,2,2,2,2,2,2,2,2,2,2,2,2,2,2,2,2,2,2,2,2,2
5004,4,4,4,3,3,3,3,3,4,4,3,3,3,3,3,3,3,3,3,2,3
5005,0,0,0,0,0,0,0,0,0,0,0,0,0,0,0,0,0,0,0,0,0
5006,5,6,6,5,5,4,4,5,6,6,5,5,4,4,5,6,6,5,5,4,4
5007,7,8,7,6,5,4,4,5,5,5,5,4,3,3,4,4,4,4,3,3,3
5008,3,3,3,3,2,2,3,3,3,3,3,3,3,3,3,3,3,3,3,3,3
5009,43,45,45,40,36,33,35,42,44,42,38,34,31,32,38,40,40,37,34,32,36
5010,40,42,40,35,32,31,35,43,46,42,39,34,33,36,41,42,39,36,31,30,36
5011,4,5,6,6,5,5,5,6,6,6,5,5,5,5,5,5,5,5,4,4,4
5012,0,0,0,0,0,0,0,0,0,0,0,0,0,0,0,0,0,0,0,0,0
5013,31,35,35,31,27,23,24,28,31,30,28,25,22,23,25,26,25,24,21,19,20
5014,13,13,13,11,10,9,9,11,11,10,9,8,8,8,9,9,9,8,7,7,7
5015,1,1,1,1,1,1,1,1,1,1,1,1,1,1,1,1,1,1,1,1,1
5016,1,2,2,1,1,1,1,1,2,2,2,1,1,1,2,2,2,2,1,1,1
5017,3,4,4,3,3,2,2,3,3,3,3,2,2,2,2,3,3,2,2,2,2
5018,4,4,4,4,3,3,3,3,4,4,3,3,3,3,3,3,3,3,3,2,2
5019,25,27,27,23,20,19,20,25,28,27,24,21,18,19,24,27,27,24,21,21,25
5020,6,6,6,5,5,5,5,6,6,6,5,5,4,4,5,5,5,4,4,4,4
5021,11,12,14,13,13,11,11,12,13,13,13,11,10,10,12,13,13,12,12,11,10
5022,4,5,5,4,4,4,4,4,5,4,4,4,4,4,4,4,4,4,4,4,4
5023,1,1,1,1,1,1,1,1,1,1,1,1,1,1,1,1,1,1,1,1,1
5024,0,0,0,0,0,0,0,0,0,0,0,0,0,0,0,0,0,0,0,0,0
5025,15,14,13,11,10,9,10,11,12,10,9,8,8,8,9,9,9,8,8,7,8
5026,0,0,0,0,0,0,0,0,0,0,0,0,0,0,0,0,0,0,0,0,0
5027,0,0,0,0,0,0,0,0,0,0,0,0,0,0,0,0,0,0,0,0,0
5028,0,0,0,0,0,0,0,0,0,0,0,0,0,0,0,0,0,0,0,0,0
5029,0,0,0,0,0,0,0,0,0,0,0,0,0,0,0,0,0,0,0,0,0
5030,0,0,0,0,0,0,0,0,0,0,0,0,0,0,0,0,0,0,0,0,0
5031,3,6,3,3,3,6,11,3,6,3,3,3,6,11,3,6,3,3,3,6,11
5032,0,0,0,0,0,0,0,0,0,0,0,0,0,0,0,0,0,0,0,0,0
5033,15,15,17,16,15,15,16,19,19,20,20,18,16,16,20,21,23,22,20,20,22
5034,0,0,0,0,0,0,0,0,0,0,0,0,0,0,0,0,0,0,0,0,0
5035,0,0,0,0,0,0,0,0,0,0,0,0,0,0,0,0,0,0,0,0,0
5036,0,0,0,0,0,0,0,0,0,0,0,0,0,0,0,0,0,0,0,0,0
5037,12,11,11,10,8,8,9,12,11,11,10,8,8,9,12,11,11,10,8,8,9
5038,11,15,18,16,12,9,8,11,15,18,16,12,9,8,11,15,18,16,12,9,8
5039,5,8,8,8,6,5,4,5,8,8,8,6,5,4,5,8,8,8,6,5,4
5040,213,243,236,187,149,134,147,203,251,249,202,160,142,149,212,267,281,235,192,179,211
5041,10,17,21,19,10,7,7,10,17,21,19,10,7,7,10,17,21,19,10,7,7
5042,15,17,18,16,12,9,11,15,17,18,16,12,9,11,15,17,18,16,12,9,11
5043,238,264,224,185,148,134,151,219,287,256,210,169,161,185,282,358,336,282,233,220,255
5044,44,50,56,49,42,32,30,44,50,56,49,42,32,30,44,50,56,49,42,32,30
5045,326,351,335,289,217,185,206,273,314,301,266,199,178,201,305,364,389,365,302,270,313
5046,1,2,2,2,1,1,1,1,2,2,2,1,1,1,1,2,2,2,1,1,1
5047,599,699,687,629,497,367,395,498,649,656,615,491,368,389,517,679,752,722,603,474,533
5048,8,10,11,11,10,7,6,8,10,11,11,10,7,6,8,10,11,11,10,7,6
5049,15,20,22,22,19,13,12,15,20,22,22,19,13,12,15,20,22,22,19,13,12
5050,17,22,23,24,16,11,10,17,22,23,24,16,11,10,17,22,23,24,16,11,10
5051,291,334,333,311,270,196,203,258,317,313,298,261,192,195,267,341,380,378,347,279,310
5052,18,20,21,21,19,16,15,18,20,21,21,19,16,15,18,20,21,21,19,16,15
5053,2,2,2,2,1,1,1,2,2,2,2,1,1,1,2,2,2,2,1,1,1
5054,45,56,61,55,46,33,33,45,56,61,56,46,33,33,45,56,61,56,47,33,33
5055,3,5,5,5,5,3,3,3,5,5,5,5,3,3,3,5,5,5,5,3,3
5056,9,9,10,10,7,6,5,9,9,10,10,7,6,5,9,9,10,10,7,6,5
5057,19,23,23,21,16,13,16,20,24,24,22,16,14,16,20,25,24,22,16,14,17
5058,87,99,98,78,63,51,53,76,90,92,77,63,54,57,93,114,120,106,93,86,94
5059,8,9,10,10,8,7,8,8,9,10,10,8,7,8,8,9,10,10,8,7,8
5060,43,35,37,32,25,26,37,47,41,41,36,26,27,37,48,42,43,38,29,32,44
5061,2,3,3,3,2,2,1,2,3,3,3,2,2,1,2,3,3,3,2,2,1
5062,32,35,35,31,27,27,27,32,35,35,31,27,27,27,32,35,35,31,27,27,27
5063,11,13,12,12,11,10,10,11,13,12,12,11,10,10,11,13,12,12,11,10,10
5064,2,3,4,3,2,2,2,3,3,4,3,2,2,2,3,3,4,3,2,2,2
5065,1,1,0,1,1,0,1,1,1,0,1,1,0,1,1,1,0,1,1,0,1
5066,1,2,2,1,1,1,2,3,4,4,3,3,3,3,4,4,4,3,2,2,2
5067,0,0,0,0,0,0,0,0,0,0,0,0,0,0,0,0,0,0,0,0,0
5068,26,27,28,25,22,17,17,26,27,28,25,22,17,17,26,27,28,25,22,17,17
5069,2,2,2,2,1,1,1,2,2,2,2,1,1,1,2,2,2,2,1,1,1
5070,0,0,0,0,0,0,0,0,0,0,0,0,0,0,0,0,0,0,0,0,0
5071,40,28,23,18,16,18,22,38,34,36,33,27,23,24,44,47,52,46,41,43,59
5072,10,8,7,6,6,6,5,9,7,6,5,4,4,4,8,5,4,3,3,3,3
5073,0,0,0,0,0,0,1,1,1,1,1,1,1,2,2,2,2,2,3,5,6
5074,5,6,6,5,5,5,5,5,6,6,5,5,5,5,5,6,5,5,4,4,5
5075,0,0,0,0,0,0,0,0,0,0,0,0,0,0,0,0,0,0,0,0,0
5076,2,1,1,1,1,1,1,2,1,1,1,1,1,1,2,1,1,1,1,1,1
5077,0,0,0,0,0,0,0,0,0,0,0,0,0,0,0,0,0,0,0,0,0
5078,25,26,26,24,22,20,20,23,24,23,22,20,18,18,20,20,20,19,17,15,16
5079,4,3,2,2,1,1,1,1,1,1,1,1,1,1,1,1,0,0,0,0,0
5080,4,4,4,3,3,3,3,3,4,3,3,3,3,3,3,3,3,3,3,3,3
5081,3,3,3,3,3,2,2,3,3,3,3,3,2,2,3,3,3,3,3,2,2
5082,0,0,0,0,0,0,0,0,0,0,0,0,0,0,0,0,0,0,0,0,0
5083,0,0,0,0,0,0,0,0,0,0,0,0,0,0,0,0,0,0,0,0,0
5084,3,3,3,3,3,2,2,3,3,3,3,3,3,3,3,3,3,3,3,2,3
5085,0,0,0,0,0,0,0,0,0,0,0,0,0,0,0,0,0,0,0,0,0
5086,0,0,0,0,0,0,0,0,0,0,0,0,0,0,0,0,0,0,0,0,0
5087,0,0,0,0,0,0,0,0,0,0,0,0,0,0,0,0,0,0,0,0,0
5088,0,0,0,0,0,0,0,0,0,0,0,0,0,0,0,0,0,0,0,0,0
5089,0,0,0,0,0,0,0,0,0,0,0,0,0,0,0,0,0,0,0,0,0
5090,0,0,0,0,0,0,0,0,0,0,0,0,0,0,0,0,0,0,0,0,0
5091,9,9,8,7,6,6,6,7,8,8,7,6,6,6,7,8,8,7,6,6,6
5092,7,7,7,6,6,5,6,6,7,8,7,7,6,6,7,8,8,7,7,6,7
5093,5,5,5,5,4,4,4,5,5,5,5,4,4,4,5,5,5,5,4,4,4
5094,4,5,4,3,3,3,3,3,4,4,3,3,3,3,3,4,4,3,3,3,3
5095,35,37,35,30,25,23,25,30,33,32,29,25,24,25,30,32,30,28,24,23,24
5096,10,12,10,10,9,7,8,10,12,10,10,9,7,8,10,12,10,10,9,7,8
5097,2,2,2,1,2,1,1,1,1,1,1,2,1,1,1,1,1,1,1,1,1
5098,4,4,4,4,3,3,3,4,4,4,4,3,3,3,4,4,4,3,3,3,3
5099,1,1,2,2,1,1,1,1,1,2,2,1,1,1,1,1,2,2,1,1,1
5100,1,1,1,1,1,1,1,1,1,1,1,1,1,1,1,1,1,1,1,1,1
5101,1,2,2,2,2,1,1,1,2,2,2,2,1,1,1,2,2,2,2,1,1
5102,5,6,6,6,5,5,4,5,6,6,6,5,5,4,5,6,6,6,5,5,4
5103,2,3,3,3,2,2,2,2,3,3,3,2,2,2,2,3,3,3,2,2,2
5104,46,50,48,39,33,31,31,38,44,41,34,30,29,30,36,41,39,33,29,28,29
5105,3,4,4,4,3,3,3,4,5,5,4,4,3,3,4,4,4,4,3,3,3
5106,1,1,1,1,1,1,1,1,1,1,1,1,1,1,1,1,1,1,1,1,1
5107,31,31,31,28,27,23,25,29,32,31,27,24,22,24,26,28,28,26,23,20,21
5108,57,64,70,67,57,46,42,52,62,69,68,58,47,43,55,66,73,71,60,48,45
5109,7,8,8,8,7,5,5,7,8,8,8,7,5,5,7,8,8,8,7,5,5
5110,4,5,4,5,4,3,3,4,5,4,5,4,3,3,4,5,4,5,4,3,3
5111,9,9,10,7,6,7,7,9,9,10,7,6,7,7,9,9,10,7,6,7,7
5112,3,3,3,3,2,3,3,3,3,3,3,2,3,3,3,3,3,3,2,3,3
5113,14,11,13,18,14,10,8,14,11,13,18,14,10,8,14,11,13,18,14,10,8
5114,26,27,24,22,21,19,20,23,25,24,22,20,19,19,22,25,23,21,20,19,19
5115,1,1,1,1,1,1,1,1,1,1,1,1,1,1,1,1,1,1,1,1,1
5116,3,3,3,3,3,3,3,3,3,3,3,3,3,3,3,3,3,3,3,3,3
5117,5,5,5,4,4,3,4,5,5,5,4,4,3,4,5,5,5,4,4,3,4
5118,3,3,3,3,3,3,2,3,3,3,3,3,3,2,3,3,3,3,3,3,2
5119,1,1,1,1,0,0,0,1,1,1,1,0,0,0,1,1,1,1,0,0,0
5120,4,4,4,4,4,3,3,4,4,4,4,4,3,3,4,4,4,4,4,3,3
5121,14,17,17,14,13,13,13,14,17,17,14,13,13,13,14,17,17,14,13,13,13
5122,0,0,0,0,0,0,0,0,0,0,0,0,0,0,0,0,0,0,0,0,0
5123,36,34,28,26,24,23,25,30,37,37,36,31,27,28,34,38,36,32,28,25,25
5124,6,7,6,6,5,4,4,6,7,6,6,5,4,4,6,7,6,6,5,4,4
5125,4,5,5,5,4,3,4,4,5,5,5,4,3,4,4,5,5,5,4,3,4
5126,3,4,4,3,3,2,2,3,4,4,3,3,2,2,3,4,4,3,3,2,2
5127,5,5,5,5,4,4,4,5,5,5,5,4,4,4,5,5,5,5,4,4,4
5128,4,5,6,4,5,4,4,4,5,6,4,5,4,4,4,5,6,4,5,4,4
5129,1,1,0,0,0,0,0,1,1,0,0,0,0,0,1,1,0,0,0,0,0
5130,0,0,0,0,0,0,0,0,0,0,0,0,0,0,0,0,0,0,0,0,0
5131,12,15,15,12,12,13,13,12,15,15,12,12,13,13,12,15,15,12,12,13,13
5132,5,6,6,5,4,4,4,5,6,6,5,4,4,4,5,6,6,5,4,4,4
5133,50,59,58,50,45,41,44,53,63,59,51,44,41,43,51,60,57,49,42,39,42
5134,32,30,28,25,23,21,25,28,28,26,25,22,20,24,27,26,25,24,21,20,24
5135,38,40,41,35,30,25,27,31,35,35,31,27,24,26,30,32,33,29,24,22,24
5136,0,0,0,0,0,0,0,0,0,0,0,0,0,0,0,0,0,0,0,0,0
5137,5,5,5,5,4,4,4,5,5,5,5,4,4,4,4,5,5,4,4,3,4
5138,5,5,5,4,4,4,4,5,5,5,4,4,4,4,5,5,5,4,4,4,4
5139,21,23,24,20,17,16,16,19,21,21,17,15,14,15,17,18,19,16,13,12,13
5140,2,3,2,2,2,2,2,2,2,2,2,2,2,2,3,3,3,2,2,2,3
5141,13,13,13,11,10,9,9,11,12,11,9,8,8,8,10,10,10,8,7,6,7
5142,2,2,2,2,2,2,2,2,2,2,2,2,2,2,2,2,2,2,2,2,2
5143,2,2,2,1,2,1,1,2,2,2,1,2,1,1,2,2,2,1,2,1,1
5144,4,4,3,2,2,2,3,4,4,3,2,2,2,3,4,4,3,2,2,2,3
5145,2,2,2,2,2,2,2,2,2,2,2,2,2,2,2,2,2,2,2,2,2
5146,1,1,1,1,1,1,1,1,1,1,1,1,1,1,1,1,1,1,1,1,1
5147,6,5,6,5,5,5,5,6,5,6,5,5,5,5,6,5,6,5,5,5,5
5148,0,0,0,0,0,0,0,0,0,0,0,0,0,0,0,0,0,0,0,0,0
5149,0,0,0,0,0,0,0,0,0,0,0,0,0,0,0,0,0,0,0,0,0
5150,0,0,0,0,0,0,0,0,0,0,0,0,0,0,0,0,0,0,0,0,0
5151,0,0,0,0,0,0,0,0,0,0,0,0,0,0,0,0,0,0,0,0,0
5152,0,0,0,0,0,0,0,0,0,0,0,0,0,0,0,0,0,0,0,0,0
5153,0,0,0,0,0,0,0,0,0,0,0,0,0,0,0,0,0,0,0,0,0
5154,0,0,0,0,0,0,0,0,0,0,0,0,0,0,0,0,0,0,0,0,0
5155,0,0,0,0,0,0,0,0,0,0,0,0,0,0,0,0,0,0,0,0,0
5156,0,0,0,0,0,0,0,0,0,0,0,0,0,0,0,0,0,0,0,0,0
5157,0,0,0,0,0,0,0,0,0,0,0,0,0,0,0,0,0,0,0,0,0
5158,0,0,0,0,0,0,0,0,0,0,0,0,0,0,0,0,0,0,0,0,0
5159,0,0,0,0,0,0,0,0,0,0,0,0,0,0,0,0,0,0,0,0,0
5160,0,0,0,0,0,0,0,0,0,0,0,0,0,0,0,0,0,0,0,0,0
5161,0,0,0,0,0,0,0,0,0,0,0,0,0,0,0,0,0,0,0,0,0
5162,0,0,0,0,1,1,2,3,4,4,4,4,4,5,6,7,7,6,6,6,7
5163,19,20,18,16,14,13,14,17,18,18,16,14,13,14,17,18,18,17,15,15,16
5164,6,7,7,7,6,5,4,6,7,7,7,6,5,4,6,7,7,7,6,5,4
5165,25,26,27,24,23,19,20,25,26,27,24,23,19,20,25,26,27,24,23,19,20
5166,6,7,8,8,7,5,5,6,7,8,8,7,5,5,6,7,8,8,7,5,5
5167,1,2,2,2,1,1,1,1,2,2,2,1,1,1,1,2,2,2,1,1,1
5168,1,1,1,1,1,1,1,1,1,1,1,1,1,1,1,1,1,1,1,1,1
5169,2,3,3,3,3,2,2,2,3,3,3,3,2,2,2,3,3,3,3,2,2
5170,0,0,0,0,0,0,0,0,0,0,0,0,0,0,0,0,0,0,0,0,0
5171,3,4,3,3,2,2,3,3,4,3,3,2,2,3,3,4,3,3,3,2,3
5172,3,3,3,3,2,1,1,3,3,3,3,2,1,1,3,3,3,3,2,1,1
5173,31,30,31,28,25,23,26,31,30,31,28,25,23,26,31,30,31,28,25,23,26
5174,80,75,85,92,80,61,65,80,75,85,92,80,61,64,80,75,85,92,80,61,64
5175,1,1,1,1,1,0,0,1,1,1,1,1,0,0,1,1,1,1,1,0,0
5176,0,0,0,0,0,0,0,0,0,0,0,0,0,0,0,0,0,0,0,0,0
5177,0,0,0,0,0,0,0,0,0,0,0,0,0,0,0,0,0,0,0,0,0
5178,0,0,0,0,0,0,0,0,1,0,0,0,0,0,0,0,0,0,0,0,0
5179,0,0,0,0,0,0,0,0,0,0,0,0,0,0,0,0,0,0,0,0,0
5180,3,3,3,2,2,2,2,3,2,3,2,2,2,2,3,3,3,2,2,2,2
5181,4,5,5,5,4,4,4,4,5,5,4,3,3,3,4,4,4,3,3,3,3
5182,0,0,0,0,0,0,0,0,0,0,0,0,0,0,0,0,0,0,0,0,0
5183,0,0,0,0,0,0,0,0,0,0,0,0,0,0,0,0,0,0,0,0,0
5184,7,7,8,7,7,6,4,7,7,8,7,7,6,4,7,7,8,7,7,6,4
5185,0,0,0,0,0,0,0,0,0,0,0,0,0,0,0,0,0,0,0,0,0
5186,0,0,0,0,0,0,0,0,0,0,0,0,0,0,0,0,0,0,0,0,0
5187,0,0,0,0,0,0,0,0,0,0,0,0,0,0,0,0,0,0,0,0,0
5188,0,0,0,0,0,0,0,0,0,0,0,0,0,0,0,0,0,0,0,0,0
5189,0,0,0,0,0,0,0,0,0,0,0,0,0,0,0,0,0,0,0,0,0
5190,0,0,0,0,0,0,0,0,0,0,0,0,0,0,0,0,0,0,0,0,0
5191,66,51,52,50,44,43,69,75,68,68,62,51,48,71,74,65,67,62,49,46,70
5192,0,0,0,0,0,0,0,0,0,0,0,0,0,0,0,0,0,0,0,0,0
5193,0,0,0,0,0,0,0,0,0,0,0,0,0,0,0,0,0,0,0,0,0
5194,0,0,0,0,0,0,0,0,0,0,0,0,0,0,0,0,0,0,0,0,0
5195,0,0,0,0,0,1,0,0,0,0,0,0,1,0,0,0,0,0,0,1,0
5196,5,6,7,7,6,6,5,6,7,7,7,7,6,6,7,6,7,7,6,6,6
5197,0,0,0,0,0,0,0,0,0,0,0,0,0,0,0,0,0,0,0,0,0
5198,0,0,0,0,0,0,0,0,0,0,0,0,0,0,0,0,0,0,0,0,0
5199,0,0,0,0,0,0,0,0,0,0,0,0,0,0,0,0,0,0,0,0,0
5200,0,0,0,0,0,0,0,0,0,0,0,0,0,0,0,0,0,0,0,0,0
5201,0,0,0,0,0,0,0,0,0,0,0,0,0,0,0,0,0,0,0,0,0
5202,0,0,0,0,0,0,0,0,0,0,0,0,0,0,0,0,0,0,0,0,0
5203,1,1,1,1,1,1,1,1,1,1,1,1,1,1,1,2,2,2,2,2,2
5204,0,0,0,0,0,0,0,0,0,0,0,0,0,0,0,0,0,0,0,0,0
5205,0,0,0,0,0,0,0,0,0,0,0,0,0,0,0,0,0,0,0,0,0
5206,1,1,1,1,1,1,1,1,1,1,1,1,1,1,1,1,1,1,1,1,1
5207,0,0,0,0,0,0,0,0,0,0,0,0,0,0,0,0,0,0,0,0,0
5208,1,2,2,2,1,1,1,2,2,2,2,1,1,1,2,2,2,2,1,1,1
5209,0,0,0,0,0,0,0,0,0,0,0,0,0,0,0,0,0,0,0,0,0
5210,0,0,0,0,0,0,0,0,0,0,0,0,0,0,0,0,0,0,0,0,0
5211,0,0,0,0,0,0,0,0,0,0,0,0,0,0,0,0,0,0,0,0,0
5212,0,0,0,0,0,0,0,0,0,0,0,0,0,0,0,0,0,0,0,0,0
5213,0,0,0,0,0,0,0,0,0,0,0,0,0,0,0,0,0,0,0,0,0
5214,0,0,0,0,0,0,0,0,0,0,0,0,0,0,0,0,0,0,0,0,0
5215,0,0,0,0,0,0,0,0,0,0,0,0,0,0,0,0,0,0,0,0,0
5216,0,0,0,0,0,0,0,0,0,0,0,0,0,0,0,0,0,0,0,0,0
5217,0,0,0,0,0,0,0,0,0,0,0,0,0,0,0,0,0,0,0,0,0
5218,0,0,0,0,0,0,0,0,0,0,0,0,0,0,0,0,0,0,0,0,0
5219,2,2,2,1,2,2,2,2,2,2,1,2,2,2,2,2,2,1,2,2,2
5220,0,0,0,0,0,0,0,0,0,0,0,0,0,0,0,0,0,0,0,0,0
5221,13,12,11,10,9,8,8,10,11,11,10,8,8,8,10,11,11,10,9,8,8
5222,10,10,9,8,7,6,7,8,8,8,7,7,6,7,8,8,8,7,7,6,6
5223,2,2,2,2,2,2,2,2,2,2,2,2,2,2,2,2,2,2,2,2,2
5224,0,0,0,0,0,0,0,0,0,0,0,0,0,0,0,0,0,0,0,0,0
5225,0,0,0,0,0,0,0,0,0,0,0,0,0,0,0,0,0,0,0,0,0
5226,0,0,0,0,0,0,0,0,0,0,0,0,0,0,0,0,0,0,0,0,0
5227,3,3,3,2,2,2,2,3,3,3,2,2,2,2,3,3,3,2,2,2,2
5228,0,0,1,0,0,0,0,0,0,1,0,0,0,0,0,0,1,0,0,0,0
5229,3,4,4,5,4,4,4,3,4,4,5,4,4,4,3,4,4,5,4,4,4
5230,5,6,5,3,3,4,4,5,6,5,3,3,4,4,5,6,5,3,3,4,4
5231,12,12,11,10,8,7,8,9,10,9,8,7,6,7,8,9,8,8,7,6,7
5232,0,0,0,0,0,0,0,0,0,0,0,0,0,0,0,0,0,0,0,0,0
5233,0,0,0,0,0,0,0,0,0,0,0,0,0,0,0,0,0,0,0,0,0
5234,0,0,0,0,0,0,0,0,0,0,0,0,0,0,0,0,0,0,0,0,0
5235,7,7,7,6,6,5,5,6,6,7,6,6,5,4,6,6,6,5,5,5,4
5236,7,7,7,6,5,5,5,6,7,6,5,5,5,5,6,6,6,5,5,4,5
5237,1,1,1,1,1,1,1,1,1,1,1,1,1,1,1,1,1,1,1,1,1
5238,1,1,1,1,1,1,1,1,1,1,1,1,1,1,1,1,1,1,1,1,1
5239,2,2,1,1,1,1,1,2,2,2,1,1,1,1,2,2,2,1,1,1,1
5240,24,27,28,24,18,18,21,24,27,28,24,18,18,21,24,27,28,24,18,18,21
5241,2,2,2,1,1,1,1,2,2,2,1,1,1,1,2,2,2,1,1,1,1
5242,19,20,20,18,14,13,14,16,18,19,18,14,13,13,15,17,18,17,13,12,13
5243,6,6,5,5,5,5,4,5,5,5,5,5,5,4,5,5,5,4,5,4,4
5244,5,5,5,5,5,4,4,5,5,5,5,5,4,4,5,5,5,5,4,4,4
5245,18,18,15,11,10,10,9,14,16,14,11,9,10,9,14,16,14,11,9,10,9
5246,3,4,4,4,4,3,3,4,5,5,5,4,3,3,4,5,5,4,4,3,3
5247,0,0,0,0,0,0,0,0,0,0,0,0,0,0,0,0,0,0,0,0,0
5248,2,2,1,3,4,4,3,2,2,1,3,4,4,3,2,2,1,3,4,4,3
5249,48,58,58,49,43,39,34,46,59,63,56,47,38,29,44,59,64,56,49,45,43
5250,1,1,1,1,1,1,1,1,1,1,1,1,1,1,1,1,1,1,1,1,1
5251,0,0,0,0,0,0,0,0,0,0,0,0,0,0,0,0,0,0,0,0,0
5252,0,0,0,0,0,0,0,0,0,0,0,0,0,0,0,0,0,0,0,0,0
5253,1,1,1,1,1,1,1,1,1,1,1,1,1,1,1,1,1,1,1,1,1
5254,0,0,0,0,0,0,0,0,0,0,0,0,0,0,0,0,0,0,0,0,0
5255,0,0,0,0,0,0,0,0,0,0,0,0,0,0,0,0,0,0,0,0,0
5256,0,0,0,0,0,0,0,0,0,0,0,0,0,0,0,0,0,0,0,0,0
5257,0,0,0,0,0,0,0,0,0,0,0,0,0,0,0,0,0,0,0,0,0
5258,0,0,0,0,0,0,0,0,0,0,0,0,0,0,0,0,0,0,0,0,0
5259,0,0,0,0,0,0,0,0,0,0,0,0,0,0,0,0,0,0,0,0,0
5260,0,0,0,0,0,0,0,0,0,0,0,0,0,0,0,0,0,0,0,0,0
5261,8,7,6,6,5,4,4,6,5,5,6,4,4,4,5,5,5,5,4,4,4
5262,25,27,26,23,21,20,22,26,29,29,27,24,22,22,27,30,30,27,24,23,26
5263,20,20,18,17,14,14,14,17,18,17,17,15,13,13,17,18,17,17,15,14,15
5264,0,0,0,0,0,0,0,0,0,0,0,0,0,0,0,0,0,0,0,0,0
5265,1,1,1,1,1,1,1,1,1,1,1,1,1,1,1,1,1,1,1,1,1
5266,26,29,28,25,20,19,21,26,29,28,25,20,19,21,25,29,28,25,20,19,21
5267,55,61,55,51,44,43,45,55,61,55,51,44,43,45,55,61,55,51,44,43,45
5268,39,36,33,28,25,25,28,35,34,33,27,25,25,28,35,34,33,27,25,25,28
5269,0,0,0,0,0,0,0,0,0,0,0,0,0,0,0,0,0,0,0,0,0
5270,1,2,2,2,2,2,2,2,3,3,3,3,3,2,3,3,3,3,3,3,2
5271,0,0,0,0,0,0,0,0,0,0,0,0,0,0,0,0,0,0,0,0,0
5272,0,0,0,0,0,0,0,0,0,0,0,0,0,0,0,0,0,0,0,0,0
5273,0,0,0,0,0,0,0,0,0,0,0,0,0,0,0,0,0,0,0,0,0
5274,0,0,0,0,0,0,0,0,0,0,0,0,0,0,0,0,0,0,0,0,0
5275,0,0,0,0,0,0,0,0,0,0,0,0,0,0,0,0,0,0,0,0,0
5276,0,0,0,0,0,0,0,0,0,0,0,0,0,0,0,0,0,0,0,0,0
5277,0,0,0,0,0,0,0,0,0,0,0,0,0,0,0,0,0,0,0,0,0
5278,7,7,6,6,6,5,5,6,7,6,6,5,5,5,5,6,6,6,5,4,5
5279,14,16,16,15,13,11,11,14,16,16,14,12,10,10,13,15,15,13,12,10,10
5280,15,16,16,15,13,11,11,13,13,13,12,10,9,9,10,10,11,10,9,7,8
5281,2,2,2,2,1,1,1,2,2,2,2,1,1,1,2,2,2,2,1,1,1
5282,13,14,14,13,12,10,10,12,13,13,12,10,9,9,11,11,12,11,10,9,9
5283,11,12,12,11,10,9,9,11,11,11,10,8,7,8,9,9,10,9,8,7,7
5284,3,3,3,3,3,3,3,3,3,3,3,3,3,3,3,3,3,3,3,2,2
5285,47,53,52,46,39,34,35,42,47,46,42,36,32,33,39,43,43,40,35,31,33
5286,7,7,7,6,6,5,5,6,7,7,6,6,5,5,6,6,6,6,5,5,5
5287,55,62,64,58,52,44,45,55,60,59,54,49,43,45,53,55,56,52,46,41,46
5288,65,71,72,64,57,53,55,63,73,75,70,59,50,49,60,72,77,72,64,62,71
5289,27,30,29,25,22,20,22,26,29,28,26,23,20,22,26,28,28,26,22,22,24
5290,23,25,25,22,20,18,18,21,23,22,21,19,17,17,20,21,20,19,17,15,15
5291,5,5,4,4,3,3,3,3,4,4,3,3,3,3,3,4,4,3,3,3,3
5292,19,20,20,17,15,13,13,16,17,17,15,14,12,12,14,15,16,15,13,12,12
5293,23,25,24,21,18,16,17,20,22,21,19,17,16,17,20,21,20,18,16,15,16
5294,12,12,12,10,9,9,10,12,13,12,11,9,8,7,10,12,12,10,9,10,11
5295,19,19,19,16,13,12,13,16,16,15,14,12,11,12,14,14,14,13,11,10,11
5296,25,27,28,23,20,16,17,20,21,20,18,16,14,14,16,15,14,12,11,10,11
5297,2,1,1,1,1,1,1,1,1,1,1,1,1,1,1,1,1,1,1,1,1
5298,4,4,5,5,5,4,3,4,4,5,5,5,4,3,4,4,5,5,5,4,3
5299,1,1,1,1,1,1,1,1,1,1,1,1,1,1,1,1,1,1,1,1,1
5300,1,1,2,2,2,1,1,1,1,2,2,2,1,1,1,1,2,2,2,1,1
5301,6,5,6,6,6,5,5,6,5,6,6,6,5,5,6,5,6,6,6,5,5
5302,0,0,0,0,0,0,0,0,0,0,0,0,0,0,0,0,0,0,0,0,0
5303,0,0,0,0,0,0,0,0,0,0,0,0,0,0,0,0,0,0,0,0,0
5304,0,0,0,0,0,0,0,0,0,0,0,0,0,0,0,0,0,0,0,0,0
5305,0,0,0,0,0,0,0,0,0,0,0,0,0,0,0,0,0,0,0,0,0
5306,0,0,0,0,0,0,0,0,0,0,0,0,0,0,0,0,0,0,0,0,0
5307,0,0,0,0,0,0,0,0,0,0,0,0,0,0,0,0,0,0,0,0,0
5308,0,0,0,0,0,0,0,0,0,0,0,0,0,0,0,0,0,0,0,0,0
5309,0,0,0,0,0,0,0,0,0,0,0,0,0,0,0,0,0,0,0,0,0
5310,0,0,0,0,0,0,0,0,0,0,0,0,0,0,0,0,0,0,0,0,0
5311,0,0,0,0,0,0,0,0,0,0,0,0,0,0,0,0,0,0,0,0,0
5312,1,1,2,2,2,1,1,1,2,2,2,2,1,1,1,2,2,2,2,1,1
5313,0,0,1,1,1,1,1,1,1,1,2,2,2,1,1,2,2,2,2,2,2
5314,0,0,0,0,0,0,0,0,0,0,0,0,0,0,1,1,1,1,1,1,1
5315,0,0,0,0,0,0,0,0,0,0,0,0,0,0,0,0,0,0,0,0,0
5316,1,2,2,1,1,1,1,1,2,2,1,1,1,1,1,2,2,1,1,1,1
5317,0,0,1,0,0,0,0,0,0,1,0,0,0,0,0,0,1,0,0,0,0
5318,3,4,4,3,3,3,3,3,4,4,3,3,3,3,4,4,4,3,3,3,3
5319,0,0,0,0,0,0,0,0,0,0,0,0,0,0,0,0,0,0,0,0,0
5320,0,0,0,0,0,0,0,0,0,0,0,0,0,0,0,0,0,0,0,0,0
5321,0,0,0,0,0,0,0,0,0,0,0,0,0,0,0,0,0,0,0,0,0
5322,0,0,0,0,0,0,0,0,0,0,0,0,0,0,0,0,0,0,0,0,0
5323,4,4,4,3,3,3,3,4,4,4,3,3,3,3,4,4,4,3,3,3,3
5324,2,2,2,1,1,1,1,2,2,2,1,1,1,1,2,2,2,1,1,1,1
5325,0,0,0,0,0,0,0,0,0,0,0,0,0,0,0,0,0,0,0,0,0
5326,0,0,0,0,0,0,0,0,0,0,0,0,0,0,0,0,0,0,0,0,0
5327,0,0,0,0,0,0,0,0,0,0,0,0,0,0,0,0,0,0,0,0,0
5328,0,0,0,0,0,0,0,0,0,0,0,0,0,0,0,0,0,0,0,0,0
5329,0,0,0,0,0,0,0,0,0,0,0,0,0,0,0,0,0,0,0,0,0
5330,1,1,1,1,1,1,1,1,1,1,1,1,1,1,1,1,1,1,1,1,1
5331,2,2,2,3,2,2,2,2,2,2,2,2,2,2,2,2,2,2,2,2,2
5332,0,0,0,0,1,0,0,0,0,0,0,1,0,0,0,0,0,0,1,0,0
5333,20,22,23,20,18,16,17,19,22,22,20,18,17,18,19,20,20,18,16,14,14
5334,13,14,14,12,11,11,11,13,15,14,13,11,11,12,12,12,12,11,10,9,10
5335,17,17,16,14,12,11,12,15,16,15,13,11,10,11,13,13,13,11,9,8,9
5336,0,0,0,0,0,0,0,0,0,0,0,0,0,0,0,0,0,0,0,0,0
5337,9,9,10,9,8,7,8,9,9,9,9,8,8,8,8,9,9,9,8,8,8
5338,0,0,0,0,0,0,0,0,0,0,0,0,0,0,0,0,0,0,0,0,0
5339,3,3,3,3,3,2,2,3,3,3,3,3,2,2,3,3,3,3,3,2,2
5340,6,6,5,4,4,4,4,5,5,4,3,3,3,3,4,4,3,3,3,3,3
5341,4,4,4,4,3,3,3,4,4,4,4,3,3,3,4,4,4,4,3,3,3
5342,0,0,0,0,0,0,0,0,0,0,0,0,0,0,0,0,0,0,0,0,0
5343,0,0,0,0,0,0,0,0,0,0,0,0,0,0,0,0,0,0,0,0,0
5344,0,0,0,0,0,0,0,0,0,0,0,0,0,0,0,0,0,0,0,0,0
5345,0,0,0,0,0,0,0,0,0,0,0,0,0,0,0,0,0,0,0,0,0
5346,0,0,0,0,0,0,0,0,0,0,0,0,0,0,0,0,0,0,0,0,0
5347,9,10,10,9,8,7,7,9,10,10,9,8,7,7,9,10,10,9,8,7,7
5348,1,1,1,1,1,1,1,1,1,1,1,1,1,1,1,1,1,1,1,1,1
5349,14,12,11,10,10,9,9,11,11,10,9,9,8,9,10,10,9,9,8,8,8
5350,44,43,41,38,34,32,33,41,41,34,30,27,27,30,35,33,29,28,25,26,28
5351,20,19,19,19,17,17,18,20,20,20,19,17,18,19,19,18,17,16,14,15,16
5352,66,69,67,58,51,47,50,58,62,60,53,48,45,49,56,56,53,47,42,40,45
5353,8,8,7,6,5,4,4,5,6,6,5,5,4,4,5,6,6,5,4,4,4
5354,56,57,55,48,42,39,42,49,53,52,46,40,37,40,47,50,49,45,40,38,43
5355,2,2,2,2,2,2,2,2,2,2,2,2,2,2,2,2,2,2,2,2,2
5356,6,6,6,6,5,5,5,6,6,6,6,5,5,5,6,6,6,5,5,5,5
5357,5,6,5,4,4,4,5,5,6,5,4,4,4,5,5,6,5,4,4,4,5
5358,2,2,1,1,1,1,1,2,2,1,1,1,1,1,2,2,1,1,1,1,1
5359,6,6,6,6,5,5,5,6,7,6,6,5,5,5,6,6,6,6,5,5,5
5360,15,14,14,12,11,10,10,13,13,13,11,10,9,9,12,12,12,11,10,9,9
5361,0,0,0,0,0,0,0,0,0,0,0,0,0,0,0,0,0,0,0,0,0
5362,0,0,0,0,0,0,0,0,0,0,0,0,0,0,0,0,0,0,0,0,0
5363,0,0,0,0,0,0,0,0,0,0,0,0,0,0,0,0,0,0,0,0,0
5364,19,18,17,15,14,13,13,15,16,16,14,13,12,12,14,15,15,14,13,12,12
5365,0,0,0,0,0,0,0,0,0,0,0,0,0,0,0,0,0,0,0,0,0
5366,0,0,0,0,0,0,0,0,0,0,0,0,0,0,0,0,0,0,0,0,0
5367,2,2,2,2,2,2,2,2,2,2,2,2,2,2,2,2,2,2,2,2,2
5368,1,1,1,1,1,1,1,1,1,1,1,1,1,1,1,1,1,1,1,1,1
5369,0,1,0,0,0,1,0,0,1,0,0,0,1,0,0,1,0,0,0,1,0
5370,3,3,3,3,3,3,2,3,3,2,2,2,2,2,2,2,1,1,1,1,1
5371,0,0,0,0,0,0,0,0,0,0,0,0,0,0,0,0,0,0,0,0,0
5372,0,0,0,0,0,0,0,0,0,0,0,0,0,0,0,0,0,0,0,0,0
5373,0,0,0,0,0,0,0,0,0,0,0,0,0,0,0,0,0,0,0,0,0
5374,1,1,1,1,1,1,1,1,1,1,1,1,1,1,1,1,1,1,1,1,1
5375,0,0,0,0,0,0,0,0,0,0,0,0,0,0,0,0,0,0,0,0,0
5376,0,0,0,0,0,0,0,0,0,0,0,0,0,0,0,0,0,0,0,0,0
5377,0,0,0,0,0,0,0,0,0,0,0,0,0,0,0,0,0,0,0,0,0
5378,0,0,0,0,0,0,0,0,0,0,0,0,0,0,0,0,0,0,0,0,0
5379,0,0,0,0,0,0,0,0,0,0,0,0,0,0,0,0,0,0,0,0,0
5380,0,0,0,0,0,0,0,0,0,0,0,0,0,0,0,0,0,0,0,0,0
5381,0,0,0,0,0,0,0,0,0,0,0,0,0,0,0,0,0,0,0,0,0
5382,0,0,0,0,0,0,0,0,0,0,0,0,0,0,0,0,0,0,0,0,0
5383,0,0,0,0,0,0,0,0,0,0,0,0,0,0,0,0,0,0,0,0,0
5384,0,0,0,0,0,0,0,0,0,0,0,0,0,0,0,0,0,0,0,0,0
5385,0,0,0,0,0,0,0,0,0,0,0,0,0,0,0,0,0,0,0,0,0
5386,0,0,0,0,0,0,0,0,0,0,0,0,0,0,0,0,0,0,0,0,0
5387,0,0,0,0,0,0,0,0,0,0,0,0,0,0,0,0,0,0,0,0,0
5388,0,0,0,0,0,0,0,0,0,0,0,0,0,0,0,0,0,0,0,0,0
5389,0,0,0,0,0,0,0,0,0,0,0,0,0,0,0,0,0,0,0,0,0
5390,0,0,0,0,0,0,0,0,0,0,0,0,0,0,0,0,0,0,0,0,0
5391,4,3,3,2,2,2,2,3,3,2,2,2,2,1,2,2,2,1,1,1,1
5392,0,0,0,0,0,0,0,0,0,0,0,0,0,0,0,0,0,0,0,0,0
5393,0,0,0,0,0,0,0,0,0,0,0,0,0,0,0,0,0,0,0,0,0
5394,0,0,0,0,0,0,0,0,0,0,0,0,0,0,0,0,0,0,0,0,0
5395,1,1,1,1,1,1,1,1,1,1,1,1,1,1,1,1,1,1,1,1,1
5396,0,0,0,0,0,0,0,0,0,0,0,0,0,0,0,0,0,0,0,0,0
5397,0,0,0,0,0,0,0,0,0,0,0,0,0,0,0,0,0,0,0,0,0
5398,1,1,2,2,2,2,2,2,2,2,2,2,2,2,2,2,2,2,2,2,2
5399,9,3,1,1,1,1,0,0,0,0,0,0,0,0,0,0,0,0,0,0,0
5400,0,0,0,0,0,0,0,0,0,0,0,0,0,0,0,0,0,0,0,0,0
5401,1,1,1,0,0,0,1,1,1,1,0,0,0,0,1,1,1,0,0,0,0
5402,0,0,0,0,0,0,0,0,0,0,0,0,0,0,0,0,0,0,0,0,0
5403,0,0,0,0,0,0,0,0,0,0,0,0,0,0,0,0,0,0,0,0,0
5404,0,0,0,0,0,0,0,0,0,0,0,0,0,0,0,0,0,0,0,0,0
5405,0,0,0,0,0,0,0,0,0,0,0,0,0,0,0,0,0,0,0,0,0
5406,0,0,0,0,0,0,0,0,0,0,0,0,0,0,0,0,0,0,0,0,0
5407,2,2,2,2,2,1,1,2,2,2,2,2,1,1,2,2,2,2,2,1,1
5408,0,0,0,0,0,0,0,0,0,0,0,0,0,0,0,0,0,0,0,0,0
5409,0,1,0,0,1,0,0,1,1,1,0,1,0,0,1,1,1,0,1,0,0
5410,2,2,2,1,1,1,2,2,2,2,2,2,1,2,2,2,1,1,1,1,1
5411,0,0,0,0,0,0,0,0,0,0,0,0,0,0,0,0,0,0,0,0,0
5412,0,0,0,0,0,0,0,0,0,0,0,0,0,0,0,0,0,0,0,0,0
5413,0,0,0,0,0,0,0,0,0,0,0,0,0,0,0,0,0,0,0,0,0
5414,0,0,0,0,0,0,0,0,0,0,0,0,0,0,0,0,0,0,0,0,0
5415,0,0,0,0,0,0,0,0,0,0,0,0,0,0,0,0,0,0,0,0,0
5416,6,5,5,4,4,4,4,5,5,4,4,4,4,5,5,5,5,4,4,4,4
5417,10,8,6,6,5,5,5,5,5,4,5,4,4,4,3,4,3,4,3,3,3
5418,1,1,1,1,1,1,1,1,1,1,1,1,1,1,1,1,1,1,1,1,1
5419,1,1,1,1,1,1,1,1,1,1,1,1,1,1,1,1,1,1,1,1,1
5420,0,0,0,0,0,0,0,0,0,0,0,0,0,0,0,0,0,0,0,0,0
5421,0,0,0,0,0,0,0,0,0,0,0,0,0,0,0,0,0,0,0,0,0
5422,3,2,2,2,2,2,2,3,2,2,2,2,2,2,2,2,2,2,2,2,2
5423,0,0,0,0,0,0,0,0,0,0,0,0,0,0,0,0,0,0,0,0,0
5424,11,11,10,9,8,7,7,8,8,8,7,6,6,6,7,8,8,7,6,6,6
5425,0,0,0,0,0,0,0,0,0,0,0,0,0,0,0,0,0,0,0,0,0
5426,1,1,1,1,1,1,1,1,1,1,1,1,1,1,0,1,1,1,1,1,1
5427,11,12,9,8,7,6,6,7,9,8,8,7,6,6,7,9,8,7,6,6,5
5428,1,1,1,1,1,1,1,1,1,1,1,1,1,1,1,1,1,1,1,1,1
5429,0,0,0,0,0,0,0,0,0,0,0,0,0,0,0,0,0,0,0,0,0
5430,0,0,0,0,0,0,0,0,0,0,0,0,0,0,0,0,0,0,0,0,0
5431,1,2,2,1,1,1,1,2,2,2,1,1,1,2,2,2,2,2,2,1,2
5432,0,0,0,0,0,0,0,0,0,0,0,0,0,0,0,0,0,0,0,0,0
5433,0,0,0,0,1,1,0,0,0,0,0,1,1,0,0,0,0,0,1,1,0
5434,0,0,0,0,0,0,0,0,0,0,0,0,0,0,0,0,0,0,0,0,0
5435,0,0,0,0,0,0,0,0,0,0,0,0,0,0,0,0,0,0,0,0,0
5436,0,0,0,0,0,0,0,0,0,0,0,0,0,0,0,0,0,0,0,0,0
5437,0,0,0,0,0,0,0,0,0,0,0,0,0,0,0,0,0,0,0,0,0
5438,0,0,0,0,0,0,0,0,0,0,0,0,0,0,0,0,0,0,0,0,0
5439,0,0,0,0,0,0,0,0,0,0,0,0,0,0,0,0,0,0,0,0,0
5440,0,0,0,0,0,0,0,0,0,0,0,0,0,0,0,0,0,0,0,0,0
5441,0,0,0,0,0,0,0,0,0,0,0,0,0,0,0,0,0,0,0,0,0
5442,1,1,1,1,1,1,1,1,1,1,1,1,1,1,1,1,1,1,1,1,1
5443,0,0,0,0,0,0,0,0,0,0,0,0,0,0,0,0,0,0,0,0,0
5444,0,0,0,0,0,0,0,0,0,0,0,0,0,0,0,0,0,0,0,0,0
5445,6,6,5,5,4,4,4,4,5,5,5,4,4,4,4,5,5,5,5,4,5
5446,0,0,0,0,0,0,0,0,0,0,0,0,0,0,0,0,0,0,0,0,0
5447,0,1,0,0,0,0,0,0,1,0,0,0,0,0,0,1,0,0,0,0,0
5448,0,0,0,0,0,0,0,0,0,0,0,0,0,0,0,0,0,0,0,0,0
5449,0,0,0,0,0,0,0,0,0,0,0,0,0,0,0,0,0,0,0,0,0
5450,2,2,2,1,1,1,1,2,2,2,1,1,1,1,2,2,2,1,1,1,1
5451,2,2,2,2,2,2,2,2,2,2,2,2,2,2,2,2,2,2,2,2,2
5452,0,0,0,0,0,0,0,0,0,0,0,0,0,0,0,0,0,0,0,0,0
5453,7,7,7,7,6,6,6,6,7,7,7,6,6,6,6,7,7,7,7,6,6
5454,9,11,11,10,9,9,9,10,11,10,10,9,8,9,10,10,10,9,8,8,8
5455,2,2,3,2,2,2,2,2,2,2,2,2,2,2,2,2,2,2,2,2,2
5456,3,3,3,3,3,3,3,3,3,3,3,3,3,3,3,3,3,3,2,3,3
5457,0,1,0,0,0,0,0,0,1,0,0,0,1,0,1,1,1,1,0,1,1
5458,0,0,0,0,0,0,0,0,0,0,0,0,0,0,0,0,0,0,0,0,0
5459,0,0,0,0,0,0,0,0,0,0,0,0,0,0,0,0,0,0,0,0,0
5460,1,1,1,1,0,0,0,0,0,0,0,0,0,0,0,0,0,0,0,0,0
5461,0,0,0,0,0,0,0,0,0,0,0,0,0,0,0,0,0,0,0,0,0
5462,0,0,0,0,0,0,0,0,0,0,0,0,0,0,0,0,0,0,0,0,0
5463,4,4,4,4,4,4,4,4,4,4,4,4,4,4,4,4,4,4,4,4,4
5464,6,7,6,5,3,3,4,6,7,6,5,3,3,4,6,7,6,5,3,3,4
5465,0,0,0,0,0,0,0,0,0,0,0,0,0,0,0,0,0,0,0,0,0
5466,0,0,0,0,0,0,0,0,0,0,0,0,0,0,0,0,0,0,0,0,0
5467,0,0,0,0,0,0,0,0,0,0,0,0,0,0,0,0,0,0,0,0,0
5468,10,11,9,10,8,7,7,10,11,9,10,8,7,7,10,11,9,10,8,7,7
5469,0,0,0,1,1,0,0,0,0,0,1,1,0,0,0,0,1,1,1,1,0
5470,0,0,0,0,0,0,0,0,0,0,0,0,0,0,0,0,0,0,0,0,0
5471,0,0,0,0,0,0,0,0,0,0,0,0,0,0,0,0,0,0,0,0,0
5472,0,0,0,0,0,0,0,0,0,0,0,0,0,0,0,0,0,0,0,0,0
5473,0,0,0,0,0,0,0,0,0,0,0,0,0,0,0,0,0,0,0,0,0
5474,2,3,3,2,2,2,2,3,3,3,2,2,2,2,3,3,3,2,2,2,2
5475,0,0,0,0,0,0,0,0,0,0,0,0,0,0,0,0,0,0,0,0,0
5476,1,2,2,2,1,1,1,1,2,2,2,1,1,1,1,2,2,2,1,1,1
5477,0,0,0,0,0,0,0,0,0,0,0,0,0,0,0,0,0,0,0,0,0
5478,0,0,0,0,0,0,0,0,0,0,0,0,0,0,0,0,0,0,0,0,0
5479,7,6,7,7,5,5,6,7,6,7,7,5,5,6,7,6,7,7,5,5,6
5480,16,17,18,15,13,12,12,16,17,18,15,13,12,12,16,17,18,15,13,12,12
5481,5,5,5,4,4,3,4,5,5,4,4,4,3,4,5,4,4,4,4,3,4
5482,8,8,9,8,7,6,6,8,8,9,8,7,6,6,7,7,8,8,7,6,6
5483,1,1,1,1,1,1,1,1,1,1,1,1,1,1,1,1,1,1,1,1,1
5484,16,16,17,16,14,14,13,15,15,16,15,14,14,13,14,15,16,15,13,13,13
5485,1,1,1,1,1,1,1,1,1,1,1,1,1,1,1,1,1,1,1,1,1
5486,3,3,2,2,2,2,2,2,2,2,2,2,2,2,2,2,2,2,2,2,1
5487,0,0,0,0,0,0,0,0,0,0,0,0,0,0,0,0,0,0,0,0,0
5488,1,1,1,1,1,1,1,1,1,1,1,1,0,1,1,1,1,1,1,0,1
5489,0,0,0,0,0,0,0,0,0,0,0,0,0,0,0,0,0,0,0,0,0
5490,0,0,0,0,0,0,0,0,0,0,0,0,0,0,0,0,0,0,0,0,0
5491,0,0,0,0,0,0,0,0,0,0,0,0,0,0,0,0,0,0,0,0,0
5492,0,0,0,0,0,0,0,0,0,0,0,0,0,0,0,0,0,0,0,0,0
5493,5,5,4,3,3,3,3,4,4,4,4,3,3,3,4,4,3,3,3,3,3
5494,8,8,7,6,5,5,6,6,7,7,6,5,5,5,5,6,5,4,4,4,4
5495,0,0,0,0,0,0,0,0,0,0,0,0,0,0,0,0,0,0,0,0,0
5496,3,3,3,3,3,3,3,3,4,4,3,3,3,3,3,4,3,3,3,3,3
5497,48,53,53,48,42,39,42,51,56,54,50,42,38,39,48,53,52,48,41,39,43
5498,5,6,7,5,4,3,4,5,6,7,5,4,3,4,5,6,7,5,4,3,4
5499,3,3,3,3,2,2,2,3,3,3,3,2,2,2,3,3,3,3,2,2,2
5500,3,4,4,3,3,2,2,3,4,4,3,3,2,2,3,4,4,3,3,2,2
5501,20,21,21,19,17,15,15,18,20,20,18,16,14,14,17,18,19,17,15,14,14
5502,3,3,3,3,3,2,2,3,3,3,3,3,2,2,3,3,3,3,3,2,2
5503,12,13,15,14,12,10,10,12,14,15,14,12,10,10,12,13,15,14,12,10,10
5504,15,18,19,16,14,12,12,15,18,19,16,14,12,12,15,18,19,16,14,12,12
5505,8,9,9,8,7,7,7,8,9,9,8,7,7,7,8,9,9,8,7,7,7
5506,2,3,3,3,3,2,2,2,3,3,3,3,2,2,2,3,3,3,3,2,2
5507,3,3,3,4,4,3,3,3,3,3,4,4,3,3,3,3,3,4,4,3,3
5508,2,3,3,3,3,2,2,2,3,3,3,3,2,2,2,3,3,3,3,2,2
5509,1,2,2,2,2,2,1,1,2,2,2,2,1,1,1,2,2,2,2,1,1
5510,2,3,2,2,2,2,2,2,3,2,2,2,2,2,2,3,2,2,2,2,2
5511,0,0,0,0,0,0,0,0,0,0,0,0,0,0,0,0,0,0,0,0,0
5512,0,0,0,0,0,0,0,0,0,0,0,0,0,0,0,0,0,0,0,0,0
5513,0,0,0,0,0,0,0,0,0,0,0,0,0,0,0,0,0,0,0,0,0
5514,0,0,0,0,0,0,0,0,0,0,0,0,0,0,0,0,0,0,0,0,0
5515,0,0,0,0,0,0,0,0,0,0,0,0,0,0,0,0,0,0,0,0,0
5516,0,0,0,0,0,0,0,0,0,0,0,0,0,0,0,0,0,0,0,0,0
5517,0,0,0,0,0,0,0,0,0,0,0,0,0,0,0,0,0,0,0,0,0
5518,1,1,1,1,1,1,1,1,1,1,1,1,1,1,1,1,1,1,1,1,1
5519,1,1,1,1,1,1,1,1,1,1,1,1,1,0,1,1,1,1,1,1,1
5520,7,7,6,5,4,4,5,7,7,6,4,4,4,5,7,7,6,4,4,4,5
5521,0,0,0,0,0,0,0,0,0,0,0,0,0,0,0,0,0,0,0,0,0
5522,7,8,8,8,6,5,5,6,8,8,8,6,5,5,6,8,8,8,6,5,5
5523,3,3,3,2,2,2,3,3,3,3,2,2,1,3,3,3,3,2,2,2,3
5524,0,0,0,0,0,0,0,0,0,0,0,0,0,0,0,0,0,0,0,0,0
5525,9,9,8,7,5,6,6,9,9,8,7,5,6,6,9,9,8,7,5,6,6
5526,0,0,0,0,0,0,0,0,0,1,1,1,1,1,1,1,1,1,1,1,1
5527,2,3,4,4,2,1,1,2,3,4,4,2,1,1,2,3,4,4,2,1,1
5528,0,0,0,0,0,0,0,0,0,0,0,0,0,0,0,0,0,0,0,0,0
5529,1,1,1,1,1,1,1,1,1,1,1,1,1,1,1,1,1,1,1,1,1
5530,1,2,1,2,1,1,1,1,2,1,2,1,1,1,1,2,1,2,1,1,1
5531,0,0,0,0,0,0,0,0,0,0,0,0,0,0,0,0,0,0,0,0,0
5532,0,0,0,1,1,1,1,1,1,1,1,1,1,1,1,1,1,1,1,1,1
5533,0,0,0,0,0,0,0,0,0,0,0,0,0,0,0,0,0,0,0,0,0
5534,0,0,0,0,0,0,0,0,0,0,0,0,0,0,0,0,0,0,0,0,0
5535,0,0,0,0,0,0,0,0,0,0,0,0,0,0,0,0,0,0,0,0,0
5536,2,2,2,2,2,1,1,2,2,2,2,2,1,1,2,2,2,2,2,1,1
5537,3,4,4,3,2,2,2,3,4,4,3,2,2,2,3,4,4,3,2,2,2
5538,26,26,24,23,21,20,20,24,26,25,24,21,19,19,23,24,23,22,19,19,21
5539,2,2,2,2,2,2,2,2,2,2,2,2,2,1,2,2,2,2,2,2,2
5540,2,2,2,2,1,1,1,2,2,2,2,1,1,1,2,2,2,2,1,1,1
5541,3,3,3,3,2,2,3,3,3,3,3,3,3,3,3,3,3,3,3,3,3
5542,0,1,1,1,1,1,1,1,1,1,1,1,1,1,1,1,1,1,1,1,1
5543,2,2,2,2,1,1,1,2,2,2,2,1,1,1,2,2,2,2,1,1,1
5544,23,24,23,21,18,16,15,18,19,19,19,17,15,15,17,18,18,18,16,14,14
5545,1,1,1,1,1,1,1,1,1,1,1,1,1,1,1,1,1,1,1,1,1
5546,0,0,0,0,0,0,0,0,0,0,0,0,0,0,0,0,0,0,0,0,0
5547,0,0,0,0,0,0,0,0,0,0,0,0,0,0,0,0,0,0,0,0,0
5548,7,7,6,5,5,4,4,4,4,4,4,3,3,4,4,3,3,3,3,3,3
5549,2,2,2,2,2,2,1,2,2,2,2,2,2,1,2,2,2,2,2,2,1
5550,1,1,1,0,0,0,0,0,0,0,0,0,0,0,0,0,0,0,0,0,0
5551,2,2,2,2,1,1,1,2,2,2,2,1,1,1,2,2,2,2,1,1,1
5552,3,3,3,2,2,2,2,3,3,3,2,2,2,2,2,3,2,2,2,2,2
5553,13,10,7,7,6,6,6,7,6,5,5,4,5,5,6,5,4,5,4,4,4
5554,3,3,2,2,2,2,2,2,2,2,2,2,2,2,2,2,2,2,2,2,2
5555,18,16,14,13,12,11,13,16,16,15,14,12,10,11,12,11,10,9,8,6,8
5556,1,1,1,1,1,1,1,1,1,1,1,1,1,0,1,1,1,1,1,1,1
5557,1,1,1,1,1,1,0,1,1,1,1,1,1,0,1,1,1,1,1,1,0
5558,1,1,0,0,0,0,1,1,1,1,0,0,0,0,1,1,0,0,0,0,0
5559,0,0,0,0,0,0,0,0,0,0,0,0,0,0,0,0,0,0,0,0,0
5560,0,0,0,0,0,0,0,0,0,0,0,0,0,0,0,0,0,0,0,0,0
5561,0,0,0,0,0,0,0,0,0,0,0,0,0,0,0,0,0,0,0,0,0
5562,0,0,0,0,0,0,0,0,0,0,0,0,0,0,0,0,0,0,0,0,0
5563,0,0,0,0,0,0,0,0,0,0,0,0,0,0,0,0,0,0,0,0,0
5564,0,0,0,0,0,0,0,0,0,0,0,0,0,0,0,0,0,0,0,0,0
5565,0,0,0,0,0,0,0,0,0,0,0,0,0,0,0,0,0,0,0,0,0
5566,0,0,0,0,0,0,0,0,0,0,0,0,0,0,0,0,0,0,0,0,0
5567,0,0,0,0,0,0,0,0,0,0,0,0,0,0,0,0,0,0,0,0,0
5568,0,0,0,0,0,0,0,0,0,0,0,0,0,0,0,0,0,0,0,0,0
5569,0,1,1,1,1,1,0,0,1,1,1,1,1,0,0,1,1,1,1,1,0
5570,0,0,0,0,0,0,0,0,0,0,0,0,0,0,0,0,0,0,0,0,0
5571,0,0,0,0,0,0,0,0,0,0,0,0,0,0,0,0,0,0,0,0,0
5572,0,0,0,0,0,0,0,0,0,0,0,0,0,0,0,0,0,0,0,0,0
5573,0,0,0,0,0,0,0,0,0,0,0,0,0,0,0,0,0,0,0,0,0
5574,0,0,0,0,0,0,0,0,0,0,0,0,0,0,0,0,0,0,0,0,0
5575,0,0,0,0,0,0,0,0,0,0,0,0,0,0,0,0,0,0,0,0,0
5576,0,0,0,0,0,0,0,0,0,0,0,0,0,0,0,0,0,0,0,0,0
5577,6,5,6,5,6,4,5,6,5,6,5,6,4,5,6,5,6,5,6,4,5
5578,9,9,8,9,8,8,8,9,9,8,9,8,8,8,9,9,8,9,8,8,8
5579,0,0,0,0,0,0,0,0,0,0,0,0,0,0,0,0,0,0,0,0,0
5580,6,4,3,5,4,5,6,6,4,3,5,4,5,6,6,4,3,5,4,5,6
5581,0,0,0,0,0,0,0,0,0,0,0,0,0,0,0,0,0,0,0,0,0
5582,0,0,0,0,0,0,0,0,0,0,0,0,0,0,0,0,0,0,0,1,1
5583,0,0,0,0,0,0,0,0,0,0,0,0,0,0,0,0,0,0,0,0,0
5584,1,1,0,0,0,1,1,1,1,1,0,0,1,1,1,1,0,0,0,1,1
5585,1,0,0,0,0,0,0,1,0,0,0,0,0,0,1,1,1,1,1,1,1
5586,0,0,0,0,0,0,0,0,0,0,0,0,0,0,0,0,0,0,0,0,0
5587,2,1,1,1,1,1,1,1,1,1,1,1,1,1,1,1,1,1,1,1,1
5588,1,1,1,1,1,1,1,1,1,1,1,1,1,1,1,1,1,1,1,1,1
5589,2,3,3,3,3,2,2,2,3,3,3,3,2,2,2,3,3,3,3,2,2
5590,3,3,3,3,3,3,3,3,3,3,2,2,2,2,2,2,2,1,1,1,1
5591,0,0,0,0,0,0,0,0,0,0,0,0,0,0,0,0,0,0,0,0,0
5592,0,0,0,0,0,0,0,0,0,0,0,0,0,0,0,0,0,0,0,0,0
5593,0,0,0,0,0,0,0,0,0,0,0,0,0,0,0,0,0,0,0,0,0
5594,0,0,0,0,0,0,0,0,0,0,0,0,0,0,0,0,0,0,0,0,0
5595,0,0,0,0,0,0,0,0,0,0,0,0,0,0,0,0,0,0,0,0,0
5596,0,0,0,0,0,0,0,0,0,0,0,0,0,0,0,0,0,0,0,0,0
5597,4,5,4,4,4,4,5,6,6,5,5,5,5,6,7,7,6,5,5,5,6
5598,4,4,4,3,3,3,3,3,4,3,3,3,3,3,3,4,3,3,3,2,2
5599,0,0,0,0,0,0,0,0,0,0,0,0,0,0,0,0,0,0,0,1,1
5600,1,2,2,1,1,1,1,2,2,2,2,1,1,1,2,2,2,2,1,1,2
5601,1,1,1,1,1,1,1,1,1,1,1,1,1,1,1,1,1,1,1,1,1
5602,4,5,5,5,5,4,5,5,5,5,4,4,4,4,5,5,5,4,4,4,4
5603,0,0,0,0,0,0,0,0,0,0,0,0,0,0,0,0,0,0,0,0,0
5604,4,4,4,3,3,3,3,3,3,3,3,2,2,2,2,2,2,2,2,2,2
5605,0,0,0,0,0,0,0,0,0,0,0,0,0,0,0,0,0,0,0,0,0
5606,0,1,0,0,0,0,0,0,1,0,0,0,0,0,0,0,0,0,0,0,0
5607,4,3,3,3,3,2,3,3,3,3,3,3,3,3,3,3,3,3,3,2,2
5608,0,0,0,0,0,0,0,0,0,0,0,0,0,0,0,0,0,0,0,0,0
5609,0,0,0,0,0,0,0,0,0,0,0,0,0,0,0,0,0,0,0,0,0
5610,0,0,0,0,0,0,0,0,0,0,0,0,0,0,0,0,0,0,0,0,0
5611,32,31,31,28,27,25,24,32,31,31,28,27,25,24,32,31,31,28,27,25,24
5612,3,3,3,2,2,1,1,2,2,2,2,2,1,1,2,2,2,2,2,1,1
5613,1,1,1,1,1,1,1,1,1,1,1,1,1,1,1,1,1,1,1,1,1
5614,0,0,0,0,0,0,0,0,0,0,0,0,0,0,0,0,0,0,0,0,0
5615,0,0,0,0,0,0,0,0,0,0,0,0,0,0,0,0,0,0,0,0,0
5616,0,0,0,0,0,0,0,0,0,0,0,0,0,0,0,0,0,0,0,0,0
5617,16,16,17,15,13,13,13,16,16,17,14,12,12,12,15,15,16,13,12,12,12
5618,2,2,2,2,2,1,2,2,2,2,2,1,1,1,1,2,1,1,1,1,1
5619,43,51,42,35,27,18,21,39,51,45,41,32,22,23,42,53,47,41,32,24,29
5620,7,15,13,12,5,4,3,7,15,13,12,5,4,3,7,15,13,12,5,4,3
5621,44,57,53,45,34,26,28,44,57,53,46,35,26,27,44,57,54,46,35,28,31
5622,4,4,5,4,4,4,4,3,5,5,5,4,4,4,3,4,5,4,4,4,3
5623,5,5,5,5,5,5,5,5,5,5,5,5,4,5,5,5,5,5,4,4,4
5624,5,5,5,5,5,5,5,5,5,5,5,5,5,5,5,5,5,5,5,5,5
5625,0,1,1,1,1,1,0,1,1,1,1,1,1,0,1,1,1,1,1,1,0
5626,0,0,0,0,0,0,0,0,0,0,0,0,0,0,0,0,0,0,0,0,0
5627,0,0,0,0,0,0,0,0,0,0,0,0,0,0,0,0,0,0,0,0,0
5628,53,52,50,44,40,42,48,54,54,52,46,41,42,48,55,54,52,46,41,43,50
5629,5,4,4,3,3,3,3,4,4,3,3,3,3,3,4,4,3,3,3,3,3
5630,1,2,1,1,1,1,1,1,1,1,1,1,1,1,1,1,1,1,1,1,1
5631,0,0,0,0,0,0,0,0,0,0,0,0,0,0,0,0,0,0,0,0,0
5632,10,11,11,13,12,9,7,7,9,10,12,12,9,7,7,9,10,12,12,8,7
5633,0,0,0,0,0,0,0,0,0,0,0,0,0,0,0,0,0,0,0,0,0
5634,0,0,0,0,0,0,0,0,0,0,0,0,0,0,0,0,0,0,0,0,0
5635,1,0,0,0,0,1,1,1,0,0,0,0,0,0,1,0,0,0,0,0,0
5636,0,0,0,0,0,0,0,0,0,0,0,0,0,0,0,0,0,0,0,0,0
5637,0,0,0,0,0,0,0,0,0,0,0,0,0,0,0,0,0,0,0,0,0
5638,15,17,17,15,14,13,14,15,16,15,14,12,11,11,12,13,13,11,10,10,10
5639,1,1,1,1,1,1,0,0,0,1,1,1,1,0,0,0,1,1,1,1,0
5640,1,1,1,1,1,1,1,1,1,1,1,1,1,1,1,1,1,1,1,1,1
5641,5,6,6,6,6,5,4,5,6,6,6,6,5,4,5,6,6,6,6,5,4
5642,1,2,2,2,2,1,1,1,2,2,2,2,1,1,1,2,2,2,2,1,1
5643,0,0,0,0,0,0,0,0,0,0,0,0,0,0,0,0,0,0,0,0,0
5644,0,0,0,0,0,0,0,0,0,0,0,0,0,0,0,0,0,0,0,0,0
5645,1,1,1,1,1,1,1,1,1,1,1,1,1,1,1,1,1,1,1,1,1
5646,0,0,0,0,0,0,0,0,0,0,0,0,0,0,0,0,0,0,0,0,0
5647,0,0,0,0,0,0,0,0,0,0,0,0,0,0,0,0,0,0,0,0,0
5648,2,1,1,1,1,1,1,1,1,1,1,1,1,1,1,1,1,1,1,1,1
5649,3,3,2,2,2,2,2,2,2,2,2,2,2,2,2,2,2,2,2,2,2
5650,5,4,4,4,3,3,3,3,4,4,4,3,3,3,3,4,4,3,3,3,3
5651,0,0,0,0,0,0,0,0,0,0,0,0,0,0,0,0,0,0,0,0,0
5652,1,1,1,1,1,1,1,1,1,1,1,1,1,1,1,1,1,1,1,1,1
5653,0,0,0,0,0,0,0,0,0,0,0,0,0,0,0,0,0,0,0,0,0
5654,0,0,0,0,0,0,0,0,0,0,0,0,0,0,0,0,0,0,0,0,0
5655,3,4,4,3,3,4,4,3,4,4,3,3,4,4,3,4,4,3,3,4,4
5656,2,2,2,2,2,1,1,2,2,2,2,2,1,1,2,2,2,2,2,1,1
5657,1,0,1,1,1,1,1,1,0,1,1,1,1,0,1,0,1,1,1,1,1
5658,11,13,13,14,12,10,9,11,13,13,14,12,10,9,11,13,13,14,12,10,9
5659,14,16,17,19,16,13,12,14,16,17,19,16,13,12,14,16,17,19,16,13,12
5660,0,0,0,0,0,0,0,0,0,0,0,0,0,0,0,0,0,0,0,0,0
5661,0,0,1,1,1,1,1,0,0,1,1,1,1,1,0,0,1,1,1,1,1
5662,15,18,19,16,15,13,14,15,18,19,16,15,13,14,15,18,19,16,15,13,14
5663,3,4,4,3,3,2,3,3,4,4,3,3,2,3,3,4,4,3,3,2,3
5664,4,5,5,5,5,3,2,4,5,5,5,5,3,2,4,5,5,5,5,3,2
5665,1,0,1,0,0,0,0,1,0,1,0,0,0,0,1,0,1,0,0,0,0
5666,0,0,0,0,0,0,0,0,0,0,0,0,0,0,0,0,0,0,0,0,0
5667,0,0,0,0,0,0,0,0,0,0,0,0,0,0,0,0,0,0,0,0,0
5668,1,0,1,0,0,0,0,1,0,1,0,0,0,0,1,0,1,0,0,0,0
5669,1,1,1,0,0,0,1,1,1,1,0,0,0,0,1,1,1,0,1,0,1
5670,15,13,12,10,9,9,9,10,11,10,9,8,8,8,10,10,10,9,8,8,9
5671,56,47,41,39,43,49,54,65,65,59,55,50,49,56,75,84,81,74,72,80,93
5672,2,3,4,4,4,4,5,5,6,6,5,5,5,5,5,6,6,5,4,4,4
5673,32,36,38,35,29,25,24,27,31,30,28,27,25,25,27,28,30,29,25,23,25
5674,10,11,12,11,10,10,10,12,13,13,11,9,10,10,10,9,9,7,6,6,7
5675,3,2,1,1,1,1,1,1,1,1,1,1,0,0,1,1,1,0,0,0,0
5676,0,1,1,1,0,0,0,0,1,1,1,0,0,0,0,1,1,1,0,0,0
5677,1,1,1,2,1,1,1,1,1,2,2,2,1,1,1,1,1,2,1,1,1
5678,5,6,5,5,2,3,3,5,6,5,5,2,3,3,6,6,5,5,2,3,3
5679,0,0,0,0,0,0,0,0,0,0,0,0,0,0,0,0,0,0,0,0,0
5680,5,5,4,4,2,3,3,5,5,4,4,2,3,3,5,5,4,4,2,3,3
5681,1,1,1,0,0,1,1,1,1,1,0,0,1,1,1,1,1,0,0,1,1
5682,0,0,0,0,0,0,0,0,0,0,0,0,0,0,0,0,0,0,0,0,0
5683,17,16,16,14,13,11,11,13,14,15,13,12,10,10,12,13,14,13,11,10,10
5684,0,0,0,0,0,0,0,0,0,0,0,0,0,0,0,0,0,0,0,0,0
5685,0,0,0,0,0,0,0,0,0,0,0,0,0,0,0,0,0,0,0,0,0
5686,2,3,3,3,3,3,3,3,3,3,3,3,3,3,3,4,4,3,3,3,3
5687,0,0,0,0,0,0,0,0,0,0,0,0,0,0,0,0,0,0,0,0,0
5688,1,1,1,1,0,1,1,1,1,1,1,0,0,0,1,1,1,1,0,0,0
5689,0,0,0,0,0,0,0,0,0,0,0,0,0,0,0,0,0,0,0,0,0
5690,1,1,1,1,1,1,1,1,1,1,1,1,0,1,1,1,1,1,1,0,1
5691,31,35,36,33,30,26,27,32,37,36,34,31,28,29,32,35,34,31,27,24,26
5692,33,35,35,29,25,24,26,31,34,33,29,25,23,24,29,33,33,30,26,26,30
5693,4,5,4,4,3,3,3,3,4,4,4,3,3,3,3,4,4,4,3,3,3
5694,41,46,48,42,36,33,34,40,45,46,42,36,32,32,40,45,46,43,37,35,39
5695,0,1,1,0,0,0,0,0,1,1,0,0,0,0,0,1,1,0,0,0,0
5696,51,65,65,49,44,41,42,52,67,67,53,46,40,38,49,67,68,53,47,45,53
5697,0,0,0,0,0,0,0,0,0,0,0,0,0,0,0,0,0,0,0,0,0
5698,1,2,2,1,1,1,1,1,2,2,1,1,1,1,1,2,2,1,1,1,1
5699,0,0,0,0,0,0,0,0,1,0,0,0,0,0,0,1,0,0,0,0,0
5700,0,0,0,0,0,0,0,0,0,0,0,0,0,0,0,0,0,0,0,0,0
5701,0,0,0,0,0,0,0,0,0,0,0,0,0,0,0,0,0,0,0,0,0
5702,0,0,0,0,0,0,0,0,0,0,0,0,0,0,0,0,0,0,0,0,0
5703,3,3,4,4,4,3,3,4,4,4,4,3,3,3,4,4,4,3,3,3,3
5704,9,9,8,8,7,7,6,7,8,8,7,7,7,6,7,7,7,7,7,6,6
5705,13,13,12,11,10,9,9,11,11,11,11,10,9,9,11,11,11,11,10,9,9
5706,1,1,1,1,1,1,2,2,2,2,1,1,1,1,1,1,1,1,1,1,1
5707,2,2,1,1,1,1,1,1,1,1,1,1,1,1,1,2,2,1,1,1,1
5708,1,2,2,2,1,1,1,2,2,2,2,2,1,2,2,2,2,2,2,2,2
5709,1,1,3,3,2,2,2,2,2,3,3,3,2,2,2,2,3,3,3,2,2
5710,0,0,0,0,0,0,0,0,0,0,0,0,0,0,0,0,0,0,0,0,0
5711,19,20,15,12,9,12,17,19,20,15,12,9,12,17,19,20,15,12,9,12,17
5712,14,18,14,16,13,14,8,14,18,14,16,13,14,8,14,18,14,16,13,14,8
5713,1,1,1,0,1,1,1,1,1,1,0,1,1,1,1,1,1,0,1,1,1
5714,0,0,0,0,0,0,0,0,0,0,0,0,0,0,0,0,0,0,0,0,0
5715,3,3,4,3,3,3,3,3,3,4,3,3,3,3,3,3,4,3,3,3,3
5716,4,4,4,3,3,3,3,4,4,4,4,3,3,3,4,3,3,3,3,3,3
5717,7,5,4,3,3,3,3,4,4,4,3,3,3,3,3,3,3,3,3,3,3
5718,15,13,13,12,12,12,12,15,13,13,12,12,12,12,15,13,13,12,12,12,12
5719,60,75,79,66,81,48,47,60,75,79,66,81,48,47,60,75,79,66,81,48,47
5720,0,0,0,0,0,0,0,0,0,0,0,0,0,0,0,0,0,0,0,0,0
5721,0,0,0,0,0,0,0,0,0,0,0,0,0,0,0,0,0,0,0,0,0
5722,0,0,0,0,0,0,0,0,0,0,0,0,0,0,0,0,0,0,0,0,0
5723,0,0,0,0,0,0,0,0,0,0,0,0,0,0,0,0,0,0,0,0,0
5724,0,0,0,0,0,0,0,0,0,0,0,0,0,0,0,0,0,0,0,0,0
5725,1,1,1,1,1,1,1,1,1,1,1,1,1,1,1,1,1,1,1,1,1
5726,0,0,0,0,0,0,0,0,0,0,0,0,0,0,0,0,0,0,0,0,0
5727,0,0,0,0,0,0,0,0,0,0,0,0,0,0,0,0,0,0,0,0,0
5728,0,0,0,0,0,0,0,0,0,0,0,0,0,0,0,0,0,0,0,0,0
5729,8,8,7,7,6,5,6,6,7,6,6,5,5,5,6,6,6,6,5,5,5
5730,15,14,14,14,13,13,14,15,16,15,15,14,14,15,16,15,14,13,12,12,12
5731,7,6,6,6,5,5,5,5,6,6,5,5,4,4,4,5,5,4,4,4,4
5732,5,5,6,7,6,5,4,5,5,6,7,6,5,4,5,5,6,7,6,5,4
5733,1,1,1,1,1,0,0,0,1,1,1,1,0,0,1,1,1,1,1,0,0
5734,0,0,0,0,0,0,0,0,0,0,0,0,0,0,0,0,0,0,0,0,0
5735,8,9,9,9,8,8,8,8,9,9,8,7,7,7,7,8,7,7,6,6,7
5736,3,3,3,3,3,2,2,3,3,3,3,3,2,2,3,3,3,3,3,2,2
5737,0,0,0,0,0,0,0,0,0,0,0,0,0,0,0,0,0,0,0,0,0
5738,0,0,0,1,0,0,0,0,0,1,1,0,0,0,0,0,0,1,0,0,0
5739,1,1,1,1,1,1,1,1,1,1,1,1,1,1,1,1,1,1,1,1,1
5740,0,0,0,0,0,1,1,1,1,1,1,1,1,1,1,1,1,1,1,1,1
5741,0,0,0,0,0,0,0,0,0,0,0,0,0,0,0,0,0,0,0,0,0
5742,0,0,0,0,0,0,0,0,0,0,0,0,0,0,0,0,0,0,0,0,0
5743,0,0,0,0,0,0,0,0,0,0,0,0,0,0,0,0,0,0,0,0,0
5744,0,0,0,0,0,0,0,0,0,0,0,0,0,0,0,0,0,0,0,0,0
5745,0,0,0,0,0,0,0,0,0,0,0,0,0,0,0,0,0,0,0,0,0
5746,0,0,0,0,0,0,0,0,0,0,0,0,0,0,0,0,0,0,0,0,0
5747,0,0,0,0,0,0,0,0,0,0,0,0,0,0,0,0,0,0,0,0,0
5748,0,0,0,0,0,0,0,0,0,0,0,0,0,0,0,0,0,0,0,0,0
5749,0,0,0,0,0,0,0,0,0,0,0,0,0,0,0,0,0,0,0,0,0
5750,0,0,0,0,0,0,0,0,0,0,0,0,0,0,0,0,0,0,0,0,0
5751,1,1,0,1,0,0,1,1,1,1,1,0,0,0,1,1,1,1,0,0,1
5752,10,12,13,11,10,9,9,11,12,13,11,10,9,9,11,11,12,11,9,9,8
5753,0,0,0,0,0,0,0,0,0,0,0,0,0,0,0,0,0,0,0,0,0
5754,0,0,0,0,0,0,0,0,0,0,0,0,0,0,0,0,0,0,0,0,0
5755,3,3,3,2,2,2,2,3,3,3,2,2,2,2,3,3,3,2,2,2,2
5756,6,5,4,3,3,3,3,4,4,3,3,3,3,3,3,4,3,3,3,3,3
5757,0,0,0,0,0,0,0,0,0,0,0,0,0,0,0,0,0,0,0,0,0
5758,0,0,0,0,0,0,0,0,0,0,0,0,0,0,0,0,0,0,0,0,0
5759,0,0,0,0,0,0,0,0,0,0,0,0,0,0,0,0,0,0,0,0,0
5760,0,0,0,0,0,0,0,0,0,0,0,0,0,0,0,0,0,0,0,0,0
5761,0,0,0,0,0,0,0,0,0,0,0,0,0,0,0,0,0,0,0,0,0
5762,0,0,0,0,0,0,0,0,0,0,0,0,0,0,0,0,0,0,0,0,0
5763,0,0,0,0,0,0,0,0,0,0,0,0,0,0,0,0,0,0,0,0,0
5764,0,0,0,0,0,0,0,0,0,0,0,0,0,0,0,0,0,0,0,0,0
5765,0,0,0,0,0,0,0,0,0,0,0,0,0,0,0,0,0,0,0,0,0
5766,0,0,0,0,0,0,0,0,0,0,0,0,0,0,0,0,0,0,0,0,0
5767,0,0,0,0,0,0,0,0,0,0,0,0,0,0,0,0,0,0,0,0,0
5768,5,4,3,3,3,3,3,3,3,3,3,3,3,2,3,3,3,2,3,3,2
5769,1,2,1,1,1,1,1,1,2,1,1,1,1,1,1,2,1,1,1,1,1
5770,1,1,1,1,1,1,1,1,1,1,1,1,1,1,1,1,1,1,1,1,1
5771,5,4,4,4,3,3,4,5,5,4,4,4,4,4,5,5,4,5,4,4,4
5772,0,0,0,0,0,0,0,0,0,0,0,0,0,0,0,0,0,0,0,0,0
5773,1,0,0,0,1,1,1,1,0,0,0,1,1,1,1,0,0,0,1,1,1
5774,0,0,0,0,0,0,0,0,0,0,0,0,0,0,0,0,0,0,0,0,0
5775,0,0,0,0,0,0,0,0,0,0,0,0,0,0,0,0,0,0,0,0,0
5776,35,59,66,83,85,57,42,35,59,66,83,85,57,42,35,59,66,83,85,57,42
5777,36,39,36,31,24,24,28,36,39,36,31,25,24,28,37,40,38,33,26,27,31
5778,3,3,5,4,4,4,3,3,4,5,4,4,4,3,3,4,5,4,4,4,3
5779,0,0,0,0,0,0,0,0,0,0,0,0,0,0,0,0,0,0,0,0,0
5780,2,2,2,1,1,2,2,2,2,2,1,1,2,2,2,2,2,1,1,2,2
5781,1,1,1,1,1,1,1,1,1,1,1,1,1,1,1,1,1,1,1,1,1
5782,1,1,0,1,0,1,1,1,1,1,1,0,1,1,1,1,0,0,0,1,1
5783,0,0,0,0,0,0,0,0,0,0,0,0,0,0,0,0,0,0,0,0,0
5784,0,0,0,0,0,0,0,0,0,0,0,0,0,0,0,0,0,0,0,0,0
5785,0,0,0,0,0,0,0,0,0,0,0,0,0,0,0,0,0,0,0,0,0
5786,5,6,6,5,6,4,4,5,6,6,5,6,4,4,5,6,6,5,6,4,4
5787,0,0,0,0,0,0,0,0,0,0,0,0,0,0,0,0,0,0,0,0,0
5788,0,0,0,0,0,0,0,0,0,0,0,0,0,0,0,0,0,0,0,0,0
5789,0,0,0,0,0,0,0,0,0,0,0,0,0,0,0,0,0,0,0,0,0
5790,0,0,0,0,0,0,0,0,0,0,0,0,0,0,0,0,0,0,0,0,0
5791,10,9,8,7,6,6,6,9,8,8,7,6,6,6,9,8,8,7,6,5,6
5792,3,3,3,3,3,3,3,3,3,3,3,3,3,3,3,3,3,3,3,3,3
5793,0,0,1,0,0,0,0,0,0,1,1,0,0,0,0,0,1,0,0,0,0
5794,2,2,2,2,2,2,1,2,2,2,2,2,2,1,2,2,2,2,2,2,1
5795,1,1,1,1,1,1,1,1,1,1,1,1,1,1,1,1,1,1,1,1,1
5796,0,0,0,0,0,0,0,0,0,0,0,0,0,0,0,0,0,0,0,0,0
5797,0,0,0,0,0,0,0,0,0,0,0,0,0,0,0,0,0,0,0,0,0
5798,0,0,0,0,0,0,0,0,0,0,0,0,0,0,0,0,0,0,0,0,0
5799,1,1,1,1,1,1,1,1,1,1,1,1,1,1,1,1,1,1,1,1,1
5800,1,1,1,1,1,1,1,1,1,1,1,1,1,1,1,1,1,1,1,1,1
5801,3,3,4,3,3,2,2,3,3,4,3,3,2,2,3,3,4,3,3,2,2
5802,0,0,0,0,0,0,0,0,0,0,0,0,0,0,0,0,0,0,0,0,0
5803,1,1,1,1,1,1,1,1,1,1,1,1,1,1,1,1,1,1,1,1,1
5804,0,0,0,0,0,0,0,0,0,0,0,0,0,0,0,0,0,0,0,0,0
5805,10,11,10,9,8,7,7,8,9,8,7,6,6,6,7,7,7,6,5,5,5
5806,1,2,2,1,1,1,1,1,2,2,1,1,1,1,1,2,2,2,2,1,1
5807,9,8,7,6,6,6,6,7,7,6,6,5,5,6,7,7,6,6,5,5,6
5808,0,0,0,0,0,0,0,0,0,0,0,0,0,0,0,0,0,0,0,0,0
5809,8,7,7,6,5,6,6,6,6,6,6,5,5,6,6,6,6,6,5,5,5
5810,2,2,2,2,2,2,2,2,2,2,2,2,2,2,2,2,2,2,2,2,2
5811,2,3,3,2,2,2,2,2,3,3,2,2,2,2,2,3,3,2,2,2,2
5812,1,1,1,1,1,1,1,1,1,1,1,1,1,1,1,1,1,1,1,1,1
5813,1,1,1,1,1,1,1,1,1,1,1,1,1,1,1,1,1,1,1,1,1
5814,0,0,0,0,0,0,0,0,0,0,0,0,0,0,0,0,0,0,0,0,0
5815,2,3,3,3,3,2,2,2,3,3,3,3,2,2,2,3,3,3,3,2,2
5816,0,0,0,0,0,0,0,0,0,0,0,0,0,0,0,0,0,0,0,0,0
5817,0,0,0,0,0,0,0,0,0,0,0,0,0,0,0,0,0,0,0,0,0
5818,0,0,0,0,0,0,0,0,0,0,0,0,0,0,0,0,0,0,0,0,0
5819,0,0,0,0,0,0,0,0,0,0,0,0,0,0,0,0,0,0,0,0,0
5820,2,2,2,1,1,1,2,2,2,2,2,1,1,2,2,2,2,1,1,1,2
5821,60,71,72,61,53,46,47,60,71,72,61,53,46,47,60,71,72,61,53,46,47
5822,64,76,76,63,54,47,50,64,76,76,63,54,47,50,64,76,76,63,54,47,50
5823,5,7,7,6,5,5,4,5,7,7,6,5,5,4,5,7,7,6,5,5,4
5824,6,7,6,5,5,4,4,6,7,6,6,5,4,4,6,7,6,5,5,4,4
5825,0,1,1,1,0,0,0,1,1,1,1,0,0,0,1,1,1,1,0,0,1
5826,0,0,0,1,1,1,1,0,0,0,1,1,1,1,0,0,0,1,1,1,1
5827,0,0,0,0,0,0,0,0,0,0,0,0,0,0,0,0,0,0,0,0,0
5828,0,0,0,0,0,0,0,0,0,0,0,0,0,0,0,0,0,0,0,0,0
5829,3,3,3,3,2,2,2,3,3,3,3,3,2,2,3,3,3,3,3,2,3
5830,7,7,7,6,6,5,5,6,6,6,6,5,5,5,5,5,5,5,5,4,4
5831,4,3,3,3,3,3,3,3,3,3,3,2,2,2,2,2,2,2,2,2,2
5832,2,2,3,2,2,2,2,2,2,3,2,2,2,2,2,2,3,2,2,2,2
5833,2,2,2,2,1,1,1,2,2,2,2,2,1,2,2,2,2,2,2,2,2
5834,1,1,1,1,1,1,1,1,1,1,1,1,1,1,1,1,1,1,1,1,1
5835,0,0,0,0,0,0,0,0,0,0,0,0,0,0,0,0,0,0,0,0,0
5836,0,0,0,0,0,0,0,0,0,0,0,0,0,0,0,0,0,0,0,0,0
5837,2,2,3,2,2,3,2,2,2,3,2,2,3,2,2,2,3,2,2,3,2
5838,12,11,10,8,7,6,6,7,8,8,7,6,6,6,6,7,6,5,4,4,4
5839,1,1,1,0,1,1,1,0,0,0,0,0,0,0,0,0,0,0,0,0,0
5840,6,6,6,5,4,4,4,5,6,6,5,5,5,5,5,6,6,5,5,5,5
5841,2,2,3,3,3,3,3,3,3,3,4,3,3,3,3,3,4,4,4,3,3
5842,10,10,9,8,7,7,8,8,8,8,7,7,7,7,7,7,7,7,6,6,7
5843,0,0,0,1,1,1,1,0,0,0,1,1,1,1,0,0,0,1,1,1,1
5844,11,11,10,9,8,8,8,9,9,8,8,7,7,8,8,8,8,7,7,7,8
5845,13,12,10,9,8,8,8,10,9,9,8,7,7,8,9,9,8,7,7,7,8
5846,0,0,0,0,0,0,0,0,0,0,0,0,0,0,0,0,0,0,0,0,0
5847,1,1,1,1,1,1,1,1,1,1,1,1,1,1,1,1,1,1,1,1,1
5848,5,6,6,5,4,4,5,5,6,6,5,4,4,5,5,6,6,5,4,4,5
5849,0,0,0,0,0,0,0,0,0,0,0,0,0,0,0,0,0,0,0,0,0
5850,0,0,0,0,0,0,0,0,0,0,0,0,0,0,0,0,0,0,0,0,0
5851,0,0,0,0,0,0,0,0,0,0,0,0,0,0,0,0,0,0,0,0,0
5852,0,0,0,0,0,0,0,0,0,0,0,0,0,0,0,0,0,0,0,0,0
5853,0,0,0,0,0,0,0,0,0,0,0,0,0,0,0,0,0,0,0,0,0
5854,0,0,0,0,0,0,0,0,0,0,0,0,0,0,0,0,0,0,0,0,0
5855,0,0,0,0,0,0,0,0,0,0,0,0,0,0,0,0,0,0,0,0,0
5856,0,0,0,0,0,0,0,0,0,0,0,0,0,0,0,0,0,0,0,0,0
5857,9,10,11,10,10,10,10,12,14,15,14,12,10,10,13,16,17,15,14,14,17
5858,0,0,0,0,0,0,0,0,0,0,0,0,0,0,0,0,0,0,0,0,0
5859,17,20,22,21,19,17,18,21,23,24,22,20,17,18,21,23,24,22,20,19,21
5860,38,40,39,34,31,28,31,35,38,37,34,30,28,31,37,41,41,37,33,32,37
5861,34,31,28,23,23,24,27,31,33,32,31,27,24,24,32,39,43,40,37,40,49
5862,9,9,9,9,9,8,7,7,8,8,9,9,8,6,7,7,7,8,9,7,6
5863,16,18,20,19,18,16,16,18,20,19,19,17,16,15,16,16,15,15,13,12,12
5864,7,7,8,9,8,8,9,7,7,8,9,8,8,9,7,7,8,9,8,8,9
5865,19,19,18,18,18,17,15,15,17,16,17,16,16,14,14,15,15,16,16,15,14
5866,3,2,2,2,2,2,2,2,2,2,2,2,2,2,2,2,2,2,2,2,2
5867,0,0,0,0,0,0,0,0,0,0,0,0,0,0,0,0,0,0,0,0,0
5868,99,107,101,96,86,81,84,97,108,101,98,86,80,80,93,103,97,95,84,80,85
5869,0,0,0,0,0,0,0,0,0,0,0,0,0,0,0,0,0,0,0,0,0
5870,0,0,0,0,0,0,0,0,0,0,0,0,0,0,0,0,0,0,0,0,0
5871,0,0,0,0,0,0,0,0,0,0,0,0,0,0,0,0,0,0,0,0,0
5872,0,0,0,0,0,0,0,0,0,0,0,0,0,0,0,0,0,0,0,0,0
5873,1,1,1,1,1,1,1,1,1,1,1,1,1,1,1,1,1,1,1,1,1
5874,0,1,0,0,0,0,0,0,1,0,0,0,0,0,0,0,0,0,0,0,0
5875,1,1,1,1,0,1,1,1,1,1,1,0,1,1,1,1,1,1,0,1,1
5876,0,0,0,0,0,0,0,0,0,0,0,0,0,0,0,0,0,0,1,1,0
5877,0,0,0,0,0,0,0,0,0,0,0,0,0,0,0,0,0,0,0,0,0
5878,0,0,0,0,0,0,0,0,0,0,0,0,0,0,0,0,0,0,0,0,0
5879,0,0,0,0,0,0,0,0,0,0,0,0,0,0,0,0,0,0,0,0,0
5880,0,0,0,0,0,0,0,0,0,0,0,0,0,0,0,0,0,0,0,0,0
5881,18,16,14,11,10,11,12,14,14,13,11,10,11,11,14,13,13,10,9,10,11
5882,0,0,0,0,0,0,0,0,0,0,0,0,0,0,0,0,0,0,0,0,0
5883,9,8,8,6,7,6,6,7,6,7,6,6,6,6,6,6,6,5,6,5,6
5884,0,0,0,0,0,0,0,0,0,0,0,0,0,0,0,0,0,0,0,0,0
5885,0,1,1,1,1,1,1,0,1,1,1,1,1,1,0,1,1,1,1,1,1
5886,16,14,12,9,8,8,9,12,12,11,8,7,8,9,12,11,11,8,7,7,8
5887,1,2,2,1,1,1,1,1,1,2,1,1,1,1,1,1,2,1,1,1,1
5888,4,4,3,3,3,3,3,3,4,3,3,3,3,3,3,4,4,3,3,3,3
5889,0,0,0,0,0,0,0,0,0,0,0,0,0,0,0,0,0,0,0,0,0
5890,1,2,2,2,1,2,2,2,2,2,2,1,2,2,2,2,2,2,1,2,2
5891,11,14,14,12,9,6,8,11,14,14,12,9,6,8,11,14,14,12,9,6,8
5892,14,16,16,13,12,11,12,14,16,16,14,12,11,11,14,15,16,14,12,10,11
5893,1,2,1,2,2,2,2,2,2,2,2,2,2,2,2,2,2,2,2,2,2
5894,5,5,3,3,2,2,2,2,3,2,2,2,2,2,2,2,2,2,2,2,2
5895,2,2,2,2,1,1,1,2,2,2,2,1,1,1,2,2,2,1,1,1,1
5896,0,0,0,0,0,0,0,0,0,0,0,0,0,0,0,0,0,0,0,0,0
5897,0,0,0,0,0,0,0,0,0,0,0,0,0,0,0,0,0,0,0,0,0
5898,1,2,1,2,1,1,1,2,2,2,2,1,1,1,2,2,2,2,1,1,1
5899,1,1,1,1,1,0,1,1,1,1,1,1,0,1,1,1,1,1,1,0,1
5900,0,0,0,0,0,0,0,0,0,0,0,0,0,0,0,0,0,0,0,0,0
5901,1,1,1,1,1,1,1,1,1,1,1,1,1,1,1,1,1,1,1,1,1
5902,0,0,0,0,0,0,0,0,0,0,0,0,0,0,0,0,0,0,0,0,0
5903,0,0,0,0,0,0,0,0,0,0,0,0,0,0,0,0,0,0,0,0,0
5904,3,3,3,3,2,2,2,3,3,3,3,2,2,2,2,3,3,3,2,2,2
5905,0,1,1,1,1,1,0,0,1,1,1,1,0,0,0,1,1,1,1,1,0
5906,0,0,0,0,0,0,0,0,0,0,0,0,0,0,0,0,0,0,0,0,0
5907,0,0,0,0,0,0,0,0,0,0,0,0,0,0,0,0,0,0,0,0,0
5908,0,0,0,0,0,0,0,0,0,0,0,0,0,0,0,0,0,0,0,0,0
5909,0,0,0,0,0,0,0,0,0,0,0,0,0,0,0,0,0,0,0,0,0
5910,0,0,0,0,0,0,0,0,0,0,0,0,0,0,0,0,0,0,0,0,0
5911,0,0,0,0,0,0,0,0,0,0,0,0,0,0,0,0,0,0,0,0,0
5912,0,0,0,0,0,0,0,0,0,0,0,0,0,0,0,0,0,0,0,0,0
5913,0,0,0,0,0,0,0,0,0,0,0,0,0,0,0,0,0,0,0,0,0
5914,3,5,6,6,5,2,3,3,5,6,6,5,2,3,3,5,6,6,5,2,3
5915,0,0,0,0,0,0,0,0,0,0,0,0,0,0,0,0,0,0,0,0,0
5916,0,0,0,0,0,0,0,0,0,0,0,0,0,0,0,0,0,0,0,0,0
5917,1,1,1,1,1,1,1,1,1,1,1,1,1,1,1,1,1,1,1,1,1
5918,0,0,0,0,0,0,0,0,0,0,0,0,0,0,0,0,0,0,0,0,0
5919,0,0,0,0,0,0,0,0,0,0,0,0,0,0,0,0,0,0,0,0,0
5920,0,0,0,0,0,0,0,0,0,0,0,0,0,0,0,0,0,0,0,0,0
5921,0,0,0,0,0,0,0,0,0,0,0,0,0,0,0,0,0,0,0,0,0
5922,0,0,0,0,0,0,0,0,0,0,0,0,0,0,0,0,0,0,0,0,0
5923,0,1,0,0,0,0,0,1,1,1,0,0,1,0,1,1,1,0,1,1,1
5924,1,0,0,0,0,0,0,1,1,0,0,0,0,0,1,1,1,0,0,0,0
5925,5,5,7,6,6,4,4,5,5,7,6,6,4,4,5,5,7,6,5,4,4
5926,0,0,0,0,0,0,0,0,0,0,0,0,0,0,0,0,0,0,0,0,0
5927,0,0,0,0,0,0,0,0,0,0,0,0,0,0,0,0,0,0,0,0,0
5928,0,0,0,0,0,0,0,0,0,0,0,0,0,0,0,0,0,0,0,0,0
5929,2,3,3,3,3,2,3,3,3,3,3,3,2,2,3,3,3,3,3,2,3
5930,1,1,1,1,1,1,1,1,1,1,1,1,1,1,1,1,1,1,1,1,1
5931,0,0,0,0,0,0,0,0,0,0,0,0,0,0,0,0,0,0,0,0,0
5932,0,0,0,0,0,0,0,0,0,0,0,0,0,0,0,0,0,0,0,0,0
5933,0,0,0,0,0,0,0,0,0,0,0,0,0,0,0,0,0,0,0,0,0
5934,0,0,0,0,0,0,0,0,0,0,0,0,0,0,0,0,0,0,0,0,0
5935,0,0,0,0,0,0,0,0,0,0,0,0,0,0,0,0,0,0,0,0,0
5936,2,2,2,2,1,1,1,2,2,2,2,1,1,1,2,2,2,2,1,1,1
5937,0,0,0,0,0,0,0,0,0,0,0,0,0,0,0,0,0,0,0,0,0
5938,0,0,0,0,0,0,0,0,0,0,0,0,0,0,0,0,0,0,0,0,0
5939,3,4,6,8,8,6,5,5,5,7,8,8,6,4,4,5,6,8,8,6,5
5940,0,0,0,1,0,0,0,0,0,0,1,0,0,0,0,0,0,1,0,0,0
5941,0,0,0,0,0,0,0,0,0,0,0,0,0,0,0,0,0,0,0,0,0
5942,1,1,0,0,0,0,1,0,1,0,0,0,0,1,0,1,0,0,0,0,1
5943,0,0,0,0,0,0,0,0,0,0,0,0,0,0,0,0,0,0,0,0,0
5944,9,8,7,6,5,5,6,6,7,6,6,5,5,6,7,7,6,6,5,5,6
5945,0,0,0,0,0,0,0,0,0,0,0,0,0,0,0,0,0,0,0,0,0
5946,2,2,2,2,2,2,2,2,2,2,2,2,2,2,2,2,2,2,2,2,2
5947,5,3,2,2,2,2,2,2,2,2,2,2,1,1,1,1,2,2,1,1,1
5948,0,0,0,0,0,0,0,0,0,0,0,0,0,0,0,0,0,0,0,0,0
5949,29,43,51,48,38,27,27,29,43,51,48,38,27,27,29,43,51,48,38,27,27
5950,0,0,0,0,0,0,0,0,0,0,0,0,0,0,0,0,0,0,0,0,0
5951,0,0,0,0,0,0,0,0,0,0,0,0,0,0,0,0,0,0,0,0,0
5952,0,0,0,0,0,0,0,0,0,0,0,0,0,0,0,0,0,0,0,0,0
5953,0,0,0,0,0,0,0,0,0,0,0,0,0,0,0,0,0,0,0,0,0
5954,0,0,0,0,0,0,0,0,0,0,0,0,0,0,0,0,0,0,0,0,0
5955,0,0,0,0,0,0,0,0,0,0,0,0,0,0,0,0,0,0,0,0,0
5956,1,1,1,0,0,0,0,1,1,1,0,0,0,1,1,1,1,0,0,0,1
5957,22,26,28,25,21,18,18,22,26,27,24,21,19,19,22,25,27,25,22,19,20
5958,1,1,1,0,0,0,0,1,1,1,0,0,0,0,1,1,1,0,0,0,0
5959,1,1,1,1,1,1,1,1,1,1,1,1,1,1,1,1,1,1,1,1,1
5960,0,0,0,0,0,0,0,0,0,0,0,0,0,0,0,0,0,0,0,0,0
5961,0,0,0,0,0,0,0,0,0,0,0,0,0,0,0,0,0,0,0,0,0
5962,2,2,2,2,2,2,2,2,2,2,2,2,2,2,2,2,2,2,2,2,2
5963,0,0,0,0,0,0,0,0,0,0,0,0,0,0,0,0,0,0,0,0,0
5964,0,0,0,0,0,0,0,0,0,0,0,0,0,0,0,0,0,0,0,0,0
5965,4,3,2,2,2,2,2,3,3,2,2,2,2,2,2,2,2,2,2,2,2
5966,0,0,0,0,0,0,0,0,0,0,0,0,0,0,0,0,0,0,0,0,0
5967,0,0,0,0,0,0,0,0,0,0,0,0,0,0,0,0,0,0,0,0,0
5968,0,0,0,0,0,0,0,0,0,0,0,0,0,0,0,0,0,0,0,0,0
5969,0,0,0,0,0,0,0,0,0,0,0,0,0,0,0,0,0,0,0,0,0
5970,1,2,2,2,2,2,1,2,2,3,2,2,2,2,2,3,3,3,2,2,2
5971,33,45,40,27,24,22,23,31,43,39,26,23,21,22,31,42,38,26,23,21,22
5972,1,1,1,1,1,0,1,1,1,1,1,1,0,1,1,1,1,1,1,0,1
5973,0,0,0,0,0,0,0,0,0,0,0,0,0,0,0,0,0,0,0,0,0
5974,0,0,0,0,0,0,0,0,0,0,0,0,0,0,0,0,0,0,0,0,0
5975,0,0,0,0,0,0,0,0,0,0,0,0,0,0,0,0,0,0,0,0,0
5976,0,0,0,0,0,0,0,0,0,0,0,0,0,0,0,0,0,0,0,0,0
5977,0,0,0,0,0,0,0,0,0,0,0,0,0,0,0,0,0,0,0,0,0
5978,4,4,5,5,4,4,4,5,5,5,5,4,4,4,4,5,5,5,4,4,4
5979,50,55,55,51,46,41,40,47,52,51,49,43,38,38,46,52,53,51,46,42,43
5980,2,2,2,2,2,2,2,2,2,2,2,2,2,2,2,2,2,2,2,2,2
5981,2,2,2,2,2,2,2,3,3,3,2,2,2,2,3,3,3,2,2,2,3
5982,2,2,2,1,1,1,1,2,2,2,2,1,1,2,2,2,2,1,1,1,1
5983,0,0,0,0,0,0,0,0,0,0,0,0,0,0,0,0,0,0,0,0,0
5984,0,0,0,0,0,0,0,0,0,0,0,0,0,0,0,0,0,0,0,0,0
5985,1,1,1,1,1,1,1,1,1,1,1,1,1,1,1,1,1,1,1,1,1
5986,0,0,0,0,0,0,0,0,0,0,0,0,0,0,0,0,0,0,0,0,0
5987,2,1,2,2,1,1,1,2,1,2,2,1,1,1,2,1,2,2,1,1,1
5988,1,1,1,0,0,0,1,1,1,1,0,0,0,0,1,1,1,0,0,0,1
5989,0,0,0,0,0,0,0,0,0,0,0,0,0,0,0,0,0,0,0,0,0
5990,0,0,0,0,0,0,0,0,0,0,0,0,0,0,0,0,0,0,0,0,0
5991,1,1,1,1,0,1,1,1,1,1,1,0,1,1,1,1,1,1,0,1,1
5992,31,39,42,39,33,24,23,31,39,42,39,33,24,23,31,39,42,39,33,24,23
5993,49,43,35,36,41,47,56,62,61,53,50,46,47,54,57,51,44,42,39,43,52
5994,4,4,4,3,3,3,4,5,5,4,4,3,4,4,5,5,4,4,4,4,4
5995,2,2,2,2,2,2,2,2,2,2,2,2,2,2,2,2,2,2,2,2,2
5996,142,140,138,127,123,109,116,141,147,144,132,125,110,118,146,155,155,141,135,124,140
5997,4,5,4,4,4,4,4,4,5,4,4,4,4,4,4,5,4,4,4,4,4
5998,6,4,8,8,7,3,4,4,4,8,9,8,4,4,5,4,8,8,7,3,4
5999,10,12,14,12,10,8,8,10,12,14,12,10,8,8,10,12,14,12,10,8,8
6000,17,17,16,13,13,14,18,23,25,23,20,17,16,16,23,27,26,22,20,23,31
6001,1,1,1,1,1,1,0,1,1,1,1,1,1,0,1,1,1,1,1,1,0
6002,0,0,0,0,0,0,0,0,0,0,0,0,0,0,0,0,0,0,0,0,0
6003,2,3,2,3,2,2,2,2,3,2,3,3,2,2,2,3,2,3,3,2,2
6004,2,3,3,3,3,2,2,2,3,3,3,3,2,2,2,3,3,3,3,2,2
6005,10,11,11,10,10,9,11,10,11,11,10,10,9,11,10,11,10,10,10,9,11
6006,2,2,3,3,2,2,2,2,2,3,3,2,2,2,2,2,3,3,2,2,2
6007,2,2,2,1,1,1,1,2,2,2,1,1,1,1,2,2,2,1,1,1,1
6008,0,0,0,0,0,0,0,0,0,0,0,0,0,0,0,0,0,0,0,0,0
6009,1,1,1,1,1,1,1,1,1,1,1,1,1,1,1,1,1,1,1,1,1
6010,0,0,0,0,0,0,0,0,0,0,0,0,0,0,0,0,0,0,0,0,0
6011,6,7,7,7,7,6,6,6,7,7,7,7,6,6,6,7,7,7,7,6,6
6012,0,0,0,0,0,0,0,0,0,0,0,0,0,0,0,0,0,0,0,0,0
6013,0,0,0,0,0,0,0,0,0,0,0,0,0,0,0,0,0,0,0,0,0
6014,0,0,0,0,0,0,0,0,0,0,0,0,0,0,0,0,0,0,0,0,0
6015,0,0,0,0,0,0,0,0,0,0,0,0,0,0,0,0,0,0,0,0,0
6016,1,0,0,0,0,0,0,1,0,0,0,0,0,0,1,0,0,0,0,0,0
6017,1,1,1,1,1,0,0,0,0,1,1,0,0,0,0,0,0,0,0,0,0
6018,0,0,0,0,0,0,0,0,0,0,0,0,0,0,0,0,0,0,0,0,0
6019,0,0,0,0,0,0,0,0,0,0,0,0,0,0,0,0,0,0,0,0,0
6020,0,0,0,0,0,0,0,0,0,0,0,0,0,0,0,0,0,0,0,0,0
6021,0,0,0,0,0,0,0,0,0,0,0,0,0,0,0,0,0,0,0,0,0
6022,0,0,0,0,0,0,0,0,0,0,0,0,0,0,0,0,0,0,0,0,0
6023,0,0,0,0,0,0,0,0,0,0,0,0,0,0,0,0,0,0,0,0,0
6024,0,0,0,0,0,0,0,0,0,0,0,0,0,0,0,0,0,0,0,0,0
6025,0,0,0,0,0,0,0,0,0,0,0,0,0,0,0,0,0,0,0,0,0
6026,0,0,0,0,0,0,0,0,0,0,0,0,0,0,0,0,0,0,0,0,0
6027,0,0,0,0,0,0,0,0,0,0,0,0,0,0,0,0,0,0,0,0,0
6028,0,0,0,0,0,0,0,0,0,0,0,0,0,0,0,0,0,0,0,0,0
6029,2,2,2,2,2,2,1,2,2,2,2,2,2,1,2,2,2,2,2,2,1
6030,17,16,17,12,12,11,11,13,13,15,11,10,10,10,12,12,13,10,10,9,10
6031,0,0,0,0,0,0,0,0,0,0,0,0,0,0,0,0,0,0,0,0,0
6032,1,1,1,0,0,0,0,0,0,0,0,0,0,0,0,0,0,0,0,0,0
6033,0,1,1,1,1,1,1,0,1,1,1,1,1,1,0,1,1,1,1,1,1
6034,0,0,0,0,0,0,0,0,0,0,0,0,0,0,0,0,0,0,0,0,0
6035,0,0,0,0,0,0,0,0,0,0,0,0,0,0,0,0,0,0,0,0,0
6036,0,0,0,0,0,0,0,0,0,0,0,0,0,0,0,0,0,0,0,0,0
6037,0,0,0,0,0,0,0,0,0,0,0,0,0,0,0,0,0,0,0,0,0
6038,0,0,0,0,0,0,0,0,0,0,0,0,0,0,0,0,0,0,0,0,0
6039,0,0,0,0,0,0,0,0,0,0,0,0,0,0,0,0,0,0,0,0,0
6040,0,0,0,0,0,0,0,0,0,0,0,0,0,0,0,0,0,0,0,0,0
6041,0,0,0,0,0,0,0,0,0,0,0,0,0,0,0,0,0,0,0,0,0
6042,0,0,0,0,0,0,0,0,0,0,0,0,0,0,0,0,0,0,0,0,0
6043,0,0,0,0,0,0,0,0,0,0,0,0,0,0,0,0,0,0,0,0,0
6044,2,2,1,1,1,1,1,2,2,1,1,1,1,1,2,2,1,1,1,1,1
6045,10,10,10,10,9,8,8,10,11,11,10,9,8,8,9,9,9,9,7,6,7
6046,3,3,3,3,2,2,3,3,3,3,3,3,3,3,4,3,3,3,3,3,3
6047,0,0,0,0,0,0,0,0,0,0,0,0,0,0,0,0,0,0,0,0,0
6048,1,1,1,1,1,1,1,1,1,1,1,1,1,1,1,1,1,1,1,1,1
6049,43,44,45,41,37,34,36,43,46,46,43,39,37,39,44,43,42,39,34,32,34
6050,0,0,0,0,0,0,0,0,0,0,0,0,0,0,0,0,0,0,0,0,0
6051,2,1,1,2,1,1,1,2,1,1,2,1,1,1,2,1,1,2,1,1,1
6052,10,9,8,8,6,5,6,8,8,7,7,6,5,6,7,7,7,7,5,5,6
6053,59,58,53,43,41,38,39,55,55,50,42,40,36,37,53,52,49,40,39,36,37
6054,15,14,12,10,9,12,12,14,13,12,10,9,12,12,14,13,12,10,9,12,12
6055,2,1,1,1,1,1,1,1,1,1,1,1,1,1,1,1,1,1,1,1,1
6056,17,19,18,17,15,14,14,17,19,17,17,14,13,13,16,17,16,16,13,13,13
6057,18,20,19,17,14,12,13,17,19,19,17,13,12,12,17,19,18,17,13,12,12
6058,41,42,41,36,33,28,30,41,42,41,36,32,28,30,41,42,41,36,32,28,30
6059,8,8,9,8,8,7,7,8,8,9,8,8,7,7,8,8,9,8,8,7,7
6060,12,12,14,12,11,8,8,11,12,13,12,11,8,8,10,11,13,12,11,8,7
6061,6,6,6,6,6,5,5,5,6,6,6,5,5,4,5,5,6,5,5,4,4
6062,3,4,4,3,3,2,3,3,4,4,3,3,2,3,3,4,4,3,3,2,3
6063,1,1,1,1,1,1,1,1,1,1,1,1,1,1,1,1,1,1,1,1,1
6064,3,4,4,4,3,3,3,3,4,4,4,3,3,3,3,4,4,4,3,3,3
6065,28,27,26,22,19,18,18,20,20,20,18,16,16,18,19,18,19,17,15,15,15
6066,96,107,106,96,88,84,82,97,109,108,98,89,84,81,97,108,108,97,88,86,85
6067,0,0,0,0,0,0,0,0,0,0,0,0,0,0,0,0,0,0,0,0,0
6068,28,31,32,30,26,23,26,31,33,33,31,27,24,27,31,32,31,29,24,22,24
6069,33,35,34,29,26,25,26,31,34,32,29,25,24,26,31,33,32,29,25,26,29
6070,6,6,6,5,4,3,4,5,5,5,5,4,3,4,4,5,5,4,4,3,4
6071,13,13,12,10,9,9,9,11,12,10,9,8,8,7,10,10,9,8,7,7,7
6072,83,80,65,59,56,54,54,82,78,62,57,54,52,53,80,77,61,56,53,52,52
6073,5,5,6,6,4,4,4,5,5,6,6,4,4,4,5,5,6,6,4,4,4
6074,14,12,10,9,8,8,8,9,9,8,8,7,6,7,8,7,7,7,6,6,6
6075,5,6,6,6,4,4,4,5,6,6,6,4,4,4,5,6,6,6,4,4,4
6076,3,2,3,2,2,2,2,2,2,3,2,2,2,2,2,2,2,2,2,2,2
6077,3,3,4,3,3,3,2,3,3,4,3,3,3,2,3,3,4,3,3,3,2
6078,1,1,1,1,1,1,1,1,1,2,1,1,1,1,1,1,2,1,1,1,1
6079,4,4,4,3,3,3,3,4,4,4,3,3,3,3,3,3,3,3,3,3,3
6080,0,0,0,0,0,0,0,0,0,0,0,0,0,0,0,0,0,0,0,0,0
6081,1,1,1,1,1,1,0,1,1,1,1,1,1,0,1,1,1,1,1,1,0
6082,2,2,2,1,1,1,2,2,2,2,2,1,1,2,2,2,2,1,1,1,2
6083,3,3,3,3,3,3,2,3,3,3,3,3,3,2,3,3,3,3,3,3,2
6084,6,6,6,6,4,4,4,6,6,6,6,4,4,4,6,6,6,6,4,4,4
6085,0,0,0,0,0,0,0,0,0,0,0,0,0,0,0,0,0,0,0,0,0
6086,0,0,0,0,0,0,0,0,0,0,0,0,0,0,0,0,0,0,0,0,0
6087,0,0,0,0,0,0,0,0,0,0,0,0,0,0,0,0,0,0,0,0,0
6088,0,0,0,0,0,0,0,0,0,0,0,0,0,0,0,0,0,0,0,0,0
6089,0,0,0,0,0,0,0,0,0,0,0,0,0,0,0,0,0,0,0,0,0
6090,0,0,0,0,0,0,0,0,0,0,0,0,0,0,0,0,0,0,0,0,0
6091,0,0,0,0,0,0,0,0,0,0,0,0,0,0,0,0,0,0,0,0,0
6092,0,0,0,0,0,0,0,0,0,0,0,0,0,0,0,0,0,0,0,0,0
6093,0,0,0,0,0,0,0,0,0,0,0,0,0,0,0,0,0,0,0,0,0
6094,0,0,0,0,0,0,0,0,0,0,0,0,0,0,0,0,0,0,0,0,0
6095,0,0,0,0,0,0,0,0,0,0,0,0,0,0,0,0,0,0,0,0,0
6096,0,0,0,0,0,0,0,0,0,0,0,0,0,0,0,0,0,0,0,0,0
6097,1,1,0,0,0,0,1,1,1,0,0,0,0,1,1,1,0,0,0,0,1
6098,0,0,0,1,0,1,0,0,0,0,1,0,1,0,0,0,0,1,0,1,0
6099,4,3,2,2,1,1,1,1,1,1,1,1,1,1,1,1,1,1,1,1,1
6100,1,1,1,1,1,1,1,1,1,1,1,1,1,1,1,1,1,1,1,1,1
6101,0,0,0,0,0,0,0,0,0,0,0,0,0,0,0,0,0,0,0,0,0
6102,0,0,0,0,0,0,0,0,0,0,0,0,0,0,0,0,0,0,0,0,0
6103,0,0,0,0,0,0,0,0,0,0,0,0,0,0,0,0,0,0,0,0,0
6104,0,0,0,0,0,0,0,0,0,0,0,0,0,0,0,0,0,0,0,0,0
6105,0,0,0,0,0,0,0,0,0,0,0,0,0,0,0,0,0,0,0,0,0
6106,0,0,0,0,0,0,0,0,0,0,0,0,0,0,0,0,0,0,0,0,0
6107,12,12,12,11,12,11,11,12,12,12,11,12,11,11,12,12,12,11,12,11,11
6108,5,6,5,4,4,3,3,4,4,4,4,4,3,3,4,4,4,4,3,3,3
6109,0,0,0,0,0,0,0,0,0,0,0,0,0,0,0,0,0,0,0,0,0
6110,0,0,0,0,0,0,0,0,0,0,0,0,0,0,0,0,0,0,0,0,0
6111,0,0,0,0,0,0,0,0,0,0,0,0,0,0,0,0,0,0,0,0,0
6112,0,0,0,0,0,0,0,0,0,0,0,0,0,0,0,0,0,0,0,0,0
6113,0,0,0,0,0,0,0,0,0,0,0,0,0,0,0,0,0,0,0,0,0
6114,4,4,4,4,4,4,4,4,4,4,4,4,4,4,4,4,4,3,3,3,3
6115,0,0,0,0,0,0,0,0,0,0,0,0,0,0,0,0,0,0,0,0,0
6116,0,0,0,0,0,0,0,0,0,0,0,0,0,0,0,0,0,0,0,0,0
6117,0,0,0,0,0,0,0,0,0,0,0,0,0,0,0,0,0,0,0,0,0
6118,0,0,0,0,0,0,0,0,0,0,0,0,0,0,0,0,0,0,0,0,0
6119,21,21,23,28,29,30,23,23,22,25,29,30,31,22,22,21,23,27,28,29,21
6120,2,2,1,1,2,2,2,2,2,1,1,2,2,2,2,2,2,1,2,2,2
6121,0,0,0,0,0,0,0,0,0,0,0,0,0,0,0,0,0,0,0,0,0
6122,0,0,0,0,0,0,0,0,0,0,0,0,0,0,0,0,0,0,0,0,0
6123,0,0,0,0,0,0,0,0,0,0,0,0,0,0,0,0,0,0,0,0,0
6124,0,0,0,0,0,0,0,0,0,0,0,0,0,0,0,0,0,0,0,0,0
6125,0,0,0,0,0,0,0,0,0,0,0,0,0,0,0,0,0,0,0,0,0
6126,0,0,0,0,0,0,0,0,0,0,0,0,0,0,0,0,0,0,0,0,0
6127,1,3,3,2,2,2,2,2,3,3,2,2,2,2,2,3,3,2,2,2,2
6128,0,1,1,1,1,1,1,0,1,1,1,1,1,0,0,1,1,1,1,1,0
6129,1,1,1,1,1,1,0,1,1,1,1,1,1,0,1,1,1,1,1,1,0
6130,5,5,7,7,6,5,3,4,4,6,7,6,5,3,4,4,6,7,6,5,3
6131,3,3,2,2,2,2,2,3,3,3,2,2,2,2,3,3,3,2,2,2,2
6132,0,0,0,0,0,0,0,0,0,0,0,0,0,0,0,0,0,0,0,0,0
6133,0,0,0,0,0,0,0,0,0,0,0,0,0,0,0,0,0,0,0,0,0
6134,81,117,138,118,108,75,75,86,123,142,121,109,75,77,90,127,146,124,111,78,81
6135,33,34,34,30,27,25,22,27,31,33,31,28,25,21,30,35,37,34,32,32,31
6136,4,4,4,4,4,3,3,4,4,4,5,4,3,3,4,4,4,5,4,3,3
6137,0,1,1,1,0,0,0,0,1,1,1,0,0,0,0,1,1,1,0,0,0
6138,0,0,0,0,0,0,0,0,0,0,0,0,0,0,0,0,0,0,0,0,0
6139,1,1,1,1,1,1,1,1,1,1,1,1,1,1,1,1,1,1,1,1,1
6140,5,6,9,8,7,5,3,5,6,9,8,7,5,3,5,6,9,8,7,5,3
6141,10,15,17,22,19,14,9,10,15,17,22,19,14,9,10,15,17,22,19,14,9
6142,114,117,106,90,82,82,101,114,117,106,90,82,82,101,114,117,106,90,82,82,101
6143,1,2,2,2,1,1,1,1,2,2,2,1,1,1,1,2,2,2,1,1,1
6144,18,25,30,31,33,22,12,18,25,29,31,33,22,12,18,25,29,31,33,22,12
6145,0,0,0,0,0,0,0,0,0,0,0,0,0,0,0,0,0,0,0,0,0
6146,1,1,2,2,2,2,1,1,1,2,2,2,2,1,1,2,2,2,2,2,1
6147,8,12,15,14,12,11,9,9,13,15,14,12,10,8,9,12,15,13,12,10,8
6148,95,93,84,67,62,73,77,94,92,84,68,62,74,77,95,93,84,68,63,74,79
6149,6,9,12,10,8,6,5,7,10,12,10,9,6,5,7,9,12,10,8,6,5
6150,0,1,0,0,0,1,0,0,1,0,0,0,0,0,0,1,0,0,0,0,0
6151,1,1,1,0,0,1,1,1,1,1,0,0,1,1,1,1,1,0,1,1,1
6152,0,0,0,0,0,0,0,0,0,0,0,0,0,0,0,0,0,0,0,0,0
6153,1,1,1,1,1,1,1,1,1,1,1,1,1,1,1,1,1,1,1,1,1
6154,0,0,0,0,0,0,0,0,0,0,0,0,0,0,0,0,0,0,0,0,0
6155,0,0,0,0,0,0,0,0,0,0,0,0,0,0,0,0,0,0,0,0,0
6156,0,0,0,0,0,0,0,0,0,0,0,0,0,0,0,0,0,0,0,0,0
6157,0,0,1,0,0,0,0,0,0,1,0,0,0,0,0,0,0,0,0,0,0
6158,0,0,0,0,0,0,0,0,0,0,0,0,0,0,0,0,0,0,0,0,0
6159,0,0,0,0,0,0,0,0,0,0,0,0,0,0,0,0,0,0,0,0,0
6160,1,1,1,1,1,1,1,1,1,1,1,1,1,1,1,1,1,1,1,1,1
6161,0,0,0,0,0,0,0,0,0,0,0,0,0,0,0,0,0,0,0,0,0
6162,0,0,0,0,0,0,0,0,0,0,0,0,0,0,0,0,0,0,0,0,0
6163,0,0,0,0,0,0,0,0,0,0,0,0,0,0,0,0,0,0,0,0,0
6164,0,0,0,0,0,0,0,0,0,0,0,0,0,0,0,0,0,0,0,0,0
6165,0,0,0,0,0,0,0,0,0,0,0,0,0,0,0,0,0,0,0,0,0
6166,0,0,0,0,0,0,0,0,0,0,0,0,0,0,0,0,0,0,0,0,0
6167,0,0,0,0,0,0,0,0,0,0,0,0,0,0,0,0,0,0,0,0,0
6168,0,1,0,0,0,0,0,0,1,0,0,0,0,0,0,1,0,0,0,0,0
6169,0,0,0,0,0,0,0,0,0,0,0,0,0,0,0,0,0,0,0,0,0
6170,0,0,0,0,0,0,0,0,0,0,0,0,0,0,0,0,0,0,0,0,0
6171,0,0,0,0,0,0,0,0,0,0,0,0,0,0,0,0,0,0,0,0,0
6172,0,0,0,0,0,0,0,0,0,0,0,0,0,0,0,0,0,0,0,0,0
6173,0,0,1,0,0,0,0,0,0,1,0,0,0,0,0,0,1,0,0,0,0
6174,0,0,0,0,0,0,0,0,0,0,0,0,0,0,0,0,0,0,0,0,0
6175,0,0,0,0,0,0,0,0,0,0,0,0,0,0,0,0,0,0,0,0,0
6176,0,0,0,0,0,0,0,0,0,0,0,0,0,0,0,0,0,0,0,0,0
6177,0,0,0,0,0,0,0,0,0,0,0,0,0,0,0,0,0,0,0,0,0
6178,0,0,0,0,0,0,0,0,0,0,0,0,0,0,0,0,0,0,0,0,0
6179,0,1,0,0,1,0,0,0,1,1,0,1,0,0,0,1,0,0,1,0,0
6180,0,0,0,0,0,0,0,0,0,0,0,0,0,0,0,0,0,0,0,0,0
6181,0,0,0,0,0,0,0,0,0,0,0,0,0,0,0,0,0,0,0,0,0
6182,0,0,0,0,0,0,0,0,0,0,0,0,0,0,0,0,0,0,0,0,0
6183,0,0,0,0,0,0,0,0,0,0,0,0,0,0,0,0,0,0,0,0,0
6184,0,0,0,0,0,0,0,0,0,0,0,0,0,0,0,0,0,0,0,0,0
6185,0,0,0,0,0,0,0,0,0,0,0,0,0,0,0,0,0,0,0,0,0
6186,1,1,1,0,0,0,0,1,1,1,0,0,0,0,1,1,1,0,0,0,0
6187,0,0,0,0,0,0,0,0,0,0,0,0,0,0,0,0,0,0,0,0,0
6188,0,0,0,0,0,0,0,0,0,0,0,0,0,0,0,0,0,0,0,0,0
6189,0,0,0,0,0,0,0,0,0,0,0,0,0,0,0,0,0,0,0,0,0
6190,0,0,1,0,0,0,0,0,0,1,0,0,0,0,0,0,1,0,0,0,0
6191,0,0,0,0,0,0,0,0,0,0,0,0,0,0,0,0,0,0,0,0,0
6192,0,0,0,0,0,0,0,0,0,0,0,0,0,0,0,0,0,0,0,0,0
6193,0,0,0,0,0,0,0,0,0,0,0,0,0,0,0,0,0,0,0,0,0
6194,0,0,0,0,0,0,0,0,0,0,0,0,0,0,0,0,0,0,0,0,0
6195,0,0,0,0,0,0,0,0,0,0,0,0,0,0,0,0,0,0,0,0,0
6196,0,0,0,0,0,0,0,0,0,0,0,0,0,0,0,0,0,0,0,0,0
6197,0,0,0,0,0,0,0,0,0,0,0,0,0,0,0,0,0,0,0,0,0
6198,0,0,0,0,0,0,0,0,0,0,0,0,0,0,0,0,0,0,0,0,0
6199,0,0,0,0,0,0,0,0,0,0,0,0,0,0,0,0,0,0,0,0,0
6200,0,0,0,0,0,0,0,0,0,0,0,0,0,0,0,0,0,0,0,0,0
6201,0,0,0,0,0,0,0,0,0,0,0,0,0,0,0,0,0,0,0,0,0
6202,0,0,0,0,0,0,0,0,0,0,0,0,0,0,0,0,0,0,0,0,0
6203,0,0,0,0,0,0,0,0,0,0,0,0,0,0,0,0,0,0,0,0,0
6204,0,0,0,0,0,0,0,0,0,0,0,0,0,0,0,0,0,0,0,0,0
6205,0,0,0,0,0,0,0,0,0,0,0,0,0,0,0,0,0,0,0,0,0
6206,0,0,0,0,0,0,0,0,0,0,0,0,0,0,0,0,0,0,0,0,0
6207,0,0,0,0,0,0,0,0,0,0,0,0,0,0,0,0,0,0,0,0,0
6208,0,0,0,0,0,0,0,0,0,0,0,0,0,0,0,0,0,0,0,0,0
6209,0,0,0,0,0,0,0,0,0,0,0,0,0,0,0,0,0,0,0,0,0
6210,0,0,0,0,0,0,0,0,0,0,0,0,0,0,0,0,0,0,0,0,0
6211,0,0,0,0,0,0,0,0,0,0,0,0,0,0,0,0,0,0,0,0,0
6212,0,0,0,0,0,0,0,0,0,0,0,0,0,0,0,0,0,0,0,0,0
6213,0,0,0,0,0,0,0,0,0,0,0,0,0,0,0,0,0,0,0,0,0
6214,8,1,1,0,0,0,0,8,1,1,0,0,0,0,8,1,1,0,0,0,0
6215,0,0,0,0,0,0,0,0,0,0,0,0,0,0,0,0,0,0,0,0,0
6216,0,0,0,0,0,0,0,0,0,0,0,0,0,0,0,0,0,0,0,0,0
6217,1,2,2,3,3,2,1,1,2,2,3,3,2,1,1,2,2,3,3,2,1
6218,1,3,5,5,5,3,1,1,3,5,5,5,3,1,1,3,5,5,5,3,1
6219,1,1,1,1,1,1,1,1,1,1,1,1,1,1,1,1,1,1,1,1,1
6220,0,0,0,0,0,0,0,0,0,0,0,0,0,0,0,0,0,0,0,0,0
6221,0,0,1,1,1,1,0,0,0,1,1,1,1,0,0,0,1,1,1,1,0
6222,17,17,18,17,16,17,19,21,20,19,16,14,13,13,14,13,13,12,11,11,11
6223,2,2,3,2,2,2,2,2,2,3,2,2,2,2,2,2,3,2,2,2,2
6224,0,0,1,1,0,0,0,0,0,1,1,0,0,0,0,0,1,1,0,0,0
6225,145,176,214,209,177,154,139,193,251,277,253,211,182,169,214,269,313,286,225,187,175
6226,0,0,1,0,0,0,1,1,1,1,0,1,1,1,1,1,1,0,1,1,1
6227,14,15,14,12,10,10,10,13,14,14,11,9,9,9,12,13,12,10,8,8,8
6228,0,0,0,0,0,0,0,0,0,0,0,0,0,0,0,0,0,0,0,0,0
6229,0,0,0,0,0,0,0,0,0,0,0,0,0,0,0,0,0,0,0,0,0
6230,2,2,2,3,3,3,2,2,2,2,3,3,3,2,2,2,2,3,3,3,2
6231,5,5,5,5,5,5,5,5,5,5,5,4,4,4,4,4,4,4,4,4,4
6232,24,27,28,26,22,20,22,26,28,28,25,20,18,19,22,23,23,21,17,16,17
6233,0,0,0,0,0,0,0,0,0,0,0,0,0,0,0,0,0,0,0,0,0
6234,4,3,3,3,3,3,2,4,3,3,3,3,3,2,4,3,3,3,3,3,2
6235,8,10,10,9,8,7,7,8,10,10,9,8,7,7,8,10,10,9,8,7,7
6236,0,0,0,0,0,0,0,0,0,0,0,0,0,0,0,0,0,0,0,0,0
6237,3,3,3,2,2,2,2,3,3,3,2,2,2,2,2,3,2,2,2,2,2
6238,42,60,55,64,55,42,28,42,60,55,64,55,42,28,42,60,55,64,55,42,28
6239,4,4,6,5,7,5,3,4,4,6,5,7,5,3,4,4,6,5,7,5,3
6240,0,0,0,0,0,0,0,0,0,0,0,0,0,0,0,0,0,0,0,0,0
6241,0,0,0,0,0,0,0,0,0,0,0,0,0,0,0,0,0,0,0,0,0
6242,0,0,0,0,0,0,0,0,0,0,0,0,0,0,0,0,0,0,0,0,0
6243,0,0,0,0,0,0,0,0,0,0,0,0,0,0,0,0,0,0,0,0,0
6244,0,0,0,1,1,1,0,0,0,0,1,1,1,0,0,0,0,0,1,1,0
6245,0,0,0,0,0,0,0,0,0,0,0,0,0,0,0,0,0,0,0,0,0
6246,0,0,0,0,0,0,0,0,0,0,0,0,0,0,0,0,0,0,0,0,0
6247,0,0,0,0,0,0,0,0,0,0,0,0,0,0,0,0,0,0,0,0,0
6248,0,0,0,0,0,0,0,0,0,0,0,0,0,0,0,0,0,0,0,0,0
6249,0,0,0,0,0,0,0,0,0,0,0,0,0,0,0,0,0,0,0,0,0
6250,0,0,0,0,0,0,0,0,0,0,0,0,0,0,0,0,0,0,0,0,0
6251,0,0,0,0,0,0,0,0,0,0,0,0,0,0,0,0,0,0,0,0,0
6252,10,7,5,4,4,4,5,5,5,5,4,4,4,5,5,5,4,4,4,3,4
6253,0,0,0,0,0,0,0,0,0,0,0,0,0,0,0,0,0,0,0,0,0
6254,22,23,23,20,17,16,16,19,21,20,18,15,14,14,16,17,17,15,13,12,12
6255,6,6,6,5,5,4,5,5,6,5,5,4,4,4,5,5,5,4,4,4,4
6256,14,15,16,14,12,11,11,13,14,13,12,10,9,10,11,11,11,10,9,8,8
6257,38,42,42,37,31,27,28,33,37,35,31,28,25,26,30,30,30,27,23,22,24
6258,2,2,2,2,2,2,2,2,2,2,2,2,2,2,2,2,2,2,2,2,2
6259,9,10,10,9,8,7,7,9,9,9,8,7,7,7,8,9,8,8,7,6,7
6260,4,4,4,5,4,3,3,4,4,4,5,4,3,3,4,4,4,5,4,3,3
6261,0,0,0,0,0,0,0,0,0,0,0,0,0,0,0,0,0,0,0,0,0
6262,2,2,2,2,2,2,2,2,2,2,2,2,2,2,2,2,2,2,2,2,2
6263,0,0,0,0,0,0,0,0,0,0,0,0,0,0,0,0,0,0,0,0,0
6264,0,0,0,0,0,0,0,0,0,0,0,0,0,0,0,0,0,0,0,0,0
6265,3,4,4,4,3,2,2,3,4,4,4,3,2,2,3,4,4,4,3,2,2
6266,0,0,0,0,0,0,0,0,0,0,0,0,0,0,0,0,0,0,0,0,0
6267,0,1,0,0,0,0,0,0,1,1,0,0,0,0,0,1,1,0,0,0,0
6268,0,0,0,0,0,0,0,0,0,0,0,0,0,0,0,0,0,0,0,0,0
6269,0,0,0,0,0,0,0,0,0,0,0,0,0,0,0,0,0,0,0,0,0
6270,0,0,0,0,0,0,0,0,0,0,0,0,0,0,0,0,0,0,0,0,0
6271,0,0,0,0,0,0,0,0,0,0,0,0,0,0,0,0,0,0,0,0,0
6272,0,0,0,0,0,0,0,0,0,0,0,0,0,0,0,0,0,0,0,0,0
6273,1,1,1,1,1,1,1,1,1,1,1,1,1,1,1,1,1,1,1,1,1
6274,1,1,1,1,1,1,1,1,1,1,1,1,1,1,1,1,1,1,1,1,1
6275,0,0,0,0,0,0,0,0,0,0,0,0,0,0,0,0,0,0,0,0,0
6276,6,7,7,4,4,3,3,5,7,7,4,4,3,3,5,7,7,4,4,3,3
6277,4,4,4,4,4,3,3,4,4,5,4,4,3,3,4,4,5,4,4,3,3
6278,0,0,0,0,0,0,0,0,0,0,0,0,0,0,0,0,0,0,0,0,0
6279,1,1,1,1,1,1,1,1,1,1,1,1,1,1,1,1,1,1,1,1,1
6280,8,8,8,8,8,7,6,8,8,8,8,8,7,6,8,8,8,8,8,7,6
6281,9,10,9,8,8,7,7,8,9,9,8,7,7,7,8,9,9,8,7,7,7
6282,7,8,8,8,7,6,6,7,8,9,8,7,6,6,7,8,8,8,7,5,5
6283,3,3,3,3,2,2,2,2,2,3,2,2,2,2,2,2,2,2,2,2,2
6284,1,1,1,1,1,1,1,1,1,1,1,1,1,1,1,1,1,1,1,1,1
6285,1,1,1,0,0,0,0,1,1,1,0,0,0,0,1,1,1,0,0,0,0
6286,10,10,10,10,9,8,9,10,11,10,10,9,8,9,10,10,10,9,9,8,9
6287,2,2,2,2,2,2,2,2,2,2,2,2,2,2,2,2,2,2,2,2,2
6288,59,62,64,55,53,54,62,61,64,65,57,54,55,62,61,65,66,57,54,55,63
6289,0,0,0,0,0,0,0,0,0,0,0,0,0,0,0,0,0,0,0,0,0
6290,2,2,2,2,2,1,1,2,2,2,2,2,1,1,2,2,2,2,2,1,1
6291,1,1,1,1,1,1,1,1,1,1,1,1,1,1,1,1,1,1,1,1,1
6292,5,7,6,6,6,4,5,5,7,7,7,6,5,5,5,7,7,7,6,5,5
6293,0,1,1,1,1,1,0,0,1,1,1,1,1,0,0,1,1,1,1,1,0
6294,1,2,2,2,2,1,1,2,2,2,2,2,1,1,2,2,2,2,2,1,1
6295,41,44,47,47,45,44,40,44,46,49,49,47,44,39,44,46,49,48,46,45,44
6296,6,6,6,6,5,5,5,5,5,5,5,5,5,4,5,5,5,5,4,4,4
6297,13,15,14,16,13,10,13,12,14,14,15,12,10,12,11,14,13,15,12,9,12
6298,0,0,1,1,1,1,1,1,1,1,1,1,1,1,1,1,1,1,1,1,1
6299,4,4,4,4,3,3,2,3,4,4,4,3,2,2,3,3,4,3,3,2,2
6300,5,4,4,4,3,3,3,4,4,4,4,3,3,3,4,3,3,3,2,3,2
6301,1,1,1,1,1,0,0,1,1,1,1,1,0,0,1,1,1,1,1,0,0
6302,2,2,1,1,1,1,1,1,1,1,1,1,1,1,1,1,1,1,1,1,1
6303,0,0,0,0,0,0,0,0,0,0,0,0,0,0,0,0,0,0,0,0,0
6304,0,0,0,0,0,0,0,0,0,0,0,0,0,0,0,0,0,0,0,0,0
6305,0,0,0,0,0,0,0,0,0,0,0,0,0,0,0,0,0,0,0,0,0
6306,2,2,3,2,2,2,2,2,2,3,2,2,2,2,2,2,3,2,2,2,2
6307,2,2,2,2,2,2,2,2,2,2,2,2,2,2,2,2,2,2,2,2,2
6308,1,1,1,1,1,1,1,1,1,1,1,1,1,1,1,1,1,1,1,1,1
6309,0,0,0,0,0,0,0,0,0,0,0,0,0,0,0,0,0,0,0,0,0
6310,10,10,11,10,9,8,9,10,10,10,9,8,8,9,9,9,10,9,8,8,8
6311,0,0,0,0,0,0,0,0,0,0,1,0,0,0,0,0,0,0,0,0,0
6312,0,1,1,1,1,1,1,1,1,1,1,1,1,1,1,1,1,1,1,1,1
6313,1,1,1,1,1,1,1,1,1,1,1,1,1,1,1,1,1,1,1,1,1
6314,0,0,0,0,0,0,0,0,0,0,0,0,0,0,0,0,0,0,0,0,0
6315,0,0,0,0,0,0,0,0,0,0,0,0,0,0,0,0,0,0,0,0,0
6316,0,0,0,0,0,0,0,0,0,0,0,0,0,0,0,0,0,0,0,0,0
6317,1,1,0,0,0,0,0,0,0,0,0,0,0,0,0,0,0,0,0,0,0
6318,0,0,0,0,0,0,0,0,0,0,0,0,0,0,0,0,0,0,0,0,0
6319,0,0,0,0,0,0,0,0,0,0,0,0,0,0,0,0,0,0,0,0,0
6320,0,0,0,0,0,0,0,0,0,0,0,0,0,0,0,0,0,0,0,0,0
6321,0,0,0,0,0,0,0,0,0,0,0,0,0,0,0,0,0,0,0,0,0
6322,0,0,0,0,0,0,0,0,0,0,0,0,0,0,0,0,0,0,0,0,0
6323,0,0,0,0,0,0,0,0,0,0,0,0,0,0,0,0,0,0,0,0,0
6324,0,0,0,0,0,0,0,0,0,0,0,0,0,0,0,0,0,0,0,0,0
6325,0,0,0,0,0,0,0,0,0,0,0,0,0,0,0,0,0,0,0,0,0
6326,0,0,0,0,0,0,0,0,0,0,0,0,0,0,0,0,0,0,0,0,0
6327,0,0,0,0,0,0,0,0,0,0,0,0,0,0,0,0,0,0,0,0,0
6328,0,0,0,0,0,0,0,0,0,0,0,0,0,0,0,0,0,0,0,0,0
6329,0,0,0,0,0,0,0,0,0,0,0,0,0,0,0,0,0,0,0,0,0
6330,0,0,0,0,0,0,0,0,0,0,0,0,0,0,0,0,0,0,0,0,0
6331,0,0,0,0,0,0,0,0,0,0,0,0,0,0,0,0,0,0,0,0,0
6332,0,0,0,0,0,0,0,0,0,0,0,0,0,0,0,0,0,0,0,0,0
6333,1,1,1,1,1,1,1,1,1,1,1,1,1,1,1,1,1,1,1,1,1
6334,0,0,0,0,0,0,0,0,0,0,0,0,0,0,0,0,0,0,0,0,0
6335,33,35,36,31,29,27,27,33,36,36,31,29,28,29,33,34,34,28,26,25,25
6336,0,0,0,0,0,0,0,0,0,0,0,0,0,0,0,0,0,0,0,0,0
6337,0,0,0,0,0,0,0,0,0,0,0,0,0,0,0,0,0,0,0,0,0
6338,1,1,1,1,0,0,0,1,1,1,1,1,1,1,1,1,1,1,1,1,1
6339,12,14,16,16,14,11,10,12,15,17,16,14,11,10,12,14,16,15,13,11,10
6340,12,11,10,9,8,8,8,9,9,9,9,8,8,8,9,8,7,7,6,6,7
6341,1,1,1,1,1,1,1,1,1,1,1,1,1,1,1,1,1,1,1,0,1
6342,0,0,0,0,0,0,0,0,0,0,0,0,0,0,0,0,0,0,0,0,0
6343,2,2,2,1,1,1,1,1,2,2,1,1,1,1,1,2,2,1,1,1,1
6344,7,6,6,5,4,5,5,6,6,6,5,4,5,5,6,6,6,5,4,5,5
6345,1,1,1,1,1,1,1,1,1,1,1,1,1,1,1,1,1,1,1,1,1
6346,0,0,0,0,0,0,0,0,0,0,0,0,0,0,0,0,0,0,0,0,0
6347,0,0,0,0,0,0,0,0,0,0,0,0,0,0,0,0,0,0,0,0,0
6348,3,3,3,3,2,2,2,3,3,3,3,2,2,2,3,3,3,3,2,2,2
6349,15,17,19,17,14,14,12,15,17,18,15,13,13,12,14,16,16,14,12,12,11
6350,1,0,0,0,0,0,0,1,0,0,0,0,0,0,1,0,0,0,0,0,0
6351,0,0,0,0,0,0,0,0,0,0,0,0,0,0,0,0,0,0,0,0,0
6352,0,0,0,0,0,0,0,0,0,0,0,0,0,0,0,0,0,0,0,0,0
6353,0,0,0,0,0,0,0,0,0,0,0,0,0,0,0,0,0,0,0,0,0
6354,0,0,0,0,0,0,0,0,0,0,0,0,0,0,0,0,0,0,0,0,0
6355,0,0,0,0,0,0,0,0,0,0,0,0,0,0,0,0,0,0,0,0,0
6356,0,0,0,0,0,0,0,0,0,0,0,0,0,0,0,0,0,0,0,0,0
6357,0,0,0,0,0,0,0,0,0,0,0,0,0,0,0,0,0,0,0,0,0
6358,0,0,0,0,0,0,0,0,0,0,0,0,0,0,0,0,0,0,0,0,0
6359,4,3,3,3,3,3,3,3,3,3,3,3,3,3,3,3,3,3,2,2,2
6360,1,1,1,1,0,0,1,1,1,1,1,0,0,1,1,1,1,1,0,0,1
6361,0,0,0,0,0,0,0,0,0,0,0,0,0,0,0,0,0,0,0,0,0
6362,5,5,5,5,4,4,4,5,5,5,5,4,4,4,5,5,5,5,4,4,4
6363,1,1,1,1,1,1,1,1,1,1,1,1,1,1,1,1,1,1,1,1,1
6364,2,2,2,2,1,1,1,2,2,2,2,1,1,1,2,2,2,2,1,1,1
6365,1,1,1,1,1,1,1,1,1,1,1,1,1,1,1,1,1,1,1,1,1
6366,0,0,0,0,0,0,0,0,0,0,0,0,0,0,0,0,0,0,0,0,0
6367,1,0,1,0,0,0,1,1,0,1,0,0,0,1,1,1,1,0,0,1,1
6368,0,0,0,0,0,0,0,0,0,0,0,0,0,0,0,0,0,0,0,0,0
6369,0,0,0,0,0,0,0,0,0,0,0,0,0,0,0,0,0,0,0,0,0
6370,3,3,3,3,2,2,2,3,3,3,3,2,2,2,3,3,3,3,2,2,2
6371,1,3,6,8,8,8,7,6,6,5,4,3,2,1,1,1,1,2,1,1,1
6372,3,3,2,2,1,1,2,1,2,2,2,1,1,2,2,2,2,2,2,2,2
6373,0,0,0,0,0,0,0,0,0,0,0,0,0,0,0,0,0,0,0,0,0
6374,13,13,12,11,10,10,11,13,13,12,11,10,10,10,12,12,11,10,9,9,10
6375,4,3,4,4,3,3,3,4,3,4,4,3,3,3,4,3,4,4,3,3,3
6376,24,24,23,21,20,19,20,23,24,24,23,21,19,20,23,23,22,21,18,17,18
6377,0,0,0,0,0,0,0,0,0,0,0,0,0,0,0,0,0,0,0,0,0
6378,20,20,20,18,17,18,19,22,23,23,21,19,19,19,22,22,22,20,18,19,21
6379,5,6,6,4,3,3,4,5,5,6,4,3,3,3,4,5,6,4,3,3,4
6380,26,26,26,24,22,21,21,26,26,26,24,21,21,21,25,25,25,23,20,20,20
6381,4,4,4,3,3,2,3,4,5,5,4,3,3,3,4,5,5,4,3,3,4
6382,9,11,11,10,8,7,7,9,11,11,10,8,7,7,9,10,10,10,8,7,7
6383,3,3,3,3,3,2,2,3,3,3,3,3,2,2,3,3,3,3,3,2,2
6384,4,4,4,4,4,3,4,4,5,5,4,4,3,3,4,4,4,4,3,3,3
6385,0,0,0,0,0,0,0,0,0,0,0,0,0,0,0,0,0,0,0,0,0
6386,1,1,1,1,1,1,1,1,1,1,1,1,1,1,1,1,1,1,1,1,1
6387,0,0,0,0,0,0,0,0,0,0,0,0,0,0,0,0,0,0,0,0,0
6388,0,0,0,0,0,0,0,0,0,0,0,0,0,0,0,0,0,0,0,0,0
6389,1,1,1,1,1,1,1,1,1,1,1,1,1,1,1,1,1,1,1,1,1
6390,0,0,0,0,0,0,0,0,0,0,0,0,0,0,0,0,0,0,0,0,0
6391,14,15,15,15,15,14,13,13,15,15,15,14,14,13,13,14,15,15,14,14,13
6392,5,5,6,6,6,5,4,5,5,6,6,5,5,4,5,5,6,6,5,5,4
6393,0,0,0,0,0,0,0,0,0,0,0,0,0,0,0,0,0,0,0,0,0
6394,0,0,0,0,0,0,0,0,0,0,0,0,0,0,0,0,0,0,0,0,0
6395,2,2,2,1,2,1,2,2,2,2,1,2,1,2,2,2,2,1,2,1,2
6396,0,0,0,0,0,0,0,0,0,0,0,0,0,0,1,0,0,0,0,0,1
6397,0,0,0,0,0,0,0,0,0,0,0,0,0,0,0,0,0,0,0,0,0
6398,0,0,0,0,0,0,0,0,0,0,0,0,0,0,0,0,0,0,0,0,0
6399,0,0,0,0,0,0,0,0,0,0,0,0,0,0,0,0,0,0,0,0,0
6400,0,0,0,0,0,0,0,0,0,0,0,0,0,0,0,0,0,0,0,0,0
6401,0,0,0,0,0,0,0,0,0,0,0,0,0,0,0,0,0,0,0,0,0
6402,0,0,0,0,0,0,0,0,0,0,0,0,0,0,0,0,0,0,0,0,0
6403,0,0,0,0,0,0,0,0,0,0,0,0,0,0,0,0,0,0,0,0,0
6404,0,0,0,0,0,0,0,0,0,0,0,0,0,0,0,0,0,0,0,0,0
6405,0,0,0,0,0,0,0,0,0,0,0,0,0,0,0,0,0,0,0,0,0
6406,0,0,0,0,0,0,0,0,0,0,0,0,0,0,0,0,0,0,0,0,0
6407,0,0,0,0,0,0,0,0,0,0,0,0,0,0,0,0,0,0,0,0,0
6408,0,0,0,0,0,0,0,0,0,0,0,0,0,0,0,0,0,0,0,0,0
6409,0,0,0,0,0,0,0,0,0,0,0,0,0,0,0,0,0,0,0,0,0
6410,0,0,0,0,0,0,0,0,0,0,0,0,0,0,0,0,0,0,0,0,0
6411,0,0,0,0,0,0,0,0,0,0,0,0,0,0,0,0,0,0,0,0,0
6412,0,0,0,0,0,0,0,0,0,0,0,0,0,0,0,0,0,0,0,0,0
6413,0,0,0,0,0,0,0,0,0,0,0,0,0,0,0,0,0,0,0,0,0
6414,0,0,0,0,0,0,0,0,0,0,0,0,0,0,0,0,0,0,0,0,0
6415,0,0,0,0,0,0,0,0,0,0,0,0,0,0,0,0,0,0,0,0,0
6416,0,0,0,0,0,0,0,0,0,0,0,0,0,0,0,0,0,0,0,0,0
6417,1,1,1,1,1,1,1,1,1,1,1,1,1,1,1,1,1,1,1,1,1
6418,7,6,6,6,5,5,5,6,7,6,6,5,4,5,6,6,5,5,4,4,4
6419,0,0,0,0,0,0,0,0,0,0,0,0,0,0,0,0,0,0,0,0,0
6420,0,0,0,0,0,0,0,0,0,0,0,0,0,0,0,0,0,0,0,0,0
6421,0,0,0,0,0,0,0,0,0,0,0,0,0,0,0,0,0,0,0,0,0
6422,0,0,0,0,0,0,0,0,0,0,0,0,0,0,0,0,0,0,0,0,0
6423,2,3,5,4,3,2,2,2,3,5,4,3,2,2,2,3,5,4,3,2,2
6424,41,52,54,49,42,36,39,48,54,49,42,35,31,32,37,40,37,33,27,26,30
6425,55,68,68,59,48,41,47,58,66,63,55,46,41,46,54,56,53,45,35,31,35
6426,21,23,21,20,18,15,15,17,20,19,18,16,14,14,16,19,18,17,16,13,14
6427,5,6,7,5,4,3,3,5,6,7,5,4,3,2,5,6,7,5,4,3,2
6428,1,2,3,3,2,1,1,1,2,3,3,2,1,1,1,2,3,3,2,1,1
6429,16,19,19,18,15,13,12,15,18,17,17,15,13,12,14,17,17,16,14,13,12
6430,10,11,11,8,7,6,6,8,10,10,9,8,7,6,10,13,12,10,9,10,12
6431,8,10,10,8,7,7,7,9,11,10,9,7,7,7,9,11,10,9,7,7,7
6432,11,12,11,11,9,9,9,11,12,11,11,9,9,9,11,12,11,11,10,9,10
6433,11,11,11,10,8,8,9,11,11,12,11,9,9,9,11,12,13,12,10,10,12
6434,16,16,15,14,11,11,12,14,15,14,14,11,11,11,14,15,14,14,12,12,14
6435,23,28,29,27,23,20,20,26,31,31,29,24,22,21,27,32,32,30,25,22,23
6436,55,64,64,57,49,43,48,62,70,67,60,53,48,52,60,61,58,51,42,38,42
6437,19,21,22,20,19,17,17,22,23,23,21,19,18,18,22,23,23,21,20,19,20
6438,31,34,37,35,30,28,31,39,43,41,38,32,29,32,38,39,39,37,31,30,34
6439,13,16,16,14,11,10,10,13,16,16,14,11,10,10,13,16,16,14,11,10,10
6440,6,9,10,7,5,4,3,6,9,10,7,5,4,3,6,10,10,7,5,4,3
6441,0,0,0,0,0,0,0,0,0,0,0,0,0,0,0,0,0,0,0,0,0
6442,0,0,0,0,0,0,0,0,0,0,0,0,0,0,0,0,0,0,0,0,0
6443,0,0,0,0,0,0,0,0,0,0,0,0,0,0,0,0,0,0,0,0,0
6444,0,0,0,0,0,0,0,0,0,0,0,0,0,0,0,0,0,0,0,0,0
6445,5,5,3,3,2,3,4,5,5,3,3,2,3,4,5,5,3,3,2,3,4
6446,8,9,10,9,8,8,7,8,9,10,9,8,8,7,8,9,10,9,8,8,7
6447,1,1,1,1,1,1,1,1,1,1,1,1,1,1,1,1,1,1,1,1,1
6448,0,0,0,0,0,0,0,0,0,0,0,0,0,0,0,0,0,0,0,0,0
6449,0,0,0,0,0,0,0,0,0,0,0,0,0,0,0,0,0,0,0,0,0
6450,45,48,50,46,51,44,40,45,48,50,46,51,44,40,45,48,50,46,51,44,40
6451,7,8,7,7,7,6,7,8,8,7,7,6,6,6,7,7,6,6,5,5,6
6452,1,1,1,1,1,1,1,1,1,1,1,1,1,1,1,1,1,0,1,1,1
6453,8,9,9,10,9,9,8,8,9,9,10,9,9,8,8,9,9,10,9,9,8
6454,9,11,11,10,9,8,7,8,10,10,9,8,7,6,7,9,10,9,7,6,6
6455,0,0,0,0,0,0,0,0,0,0,0,0,0,0,0,0,0,0,0,0,0
6456,2,2,2,2,1,2,2,2,2,2,2,2,2,2,2,2,2,2,2,2,2
6457,29,31,31,30,27,26,26,31,34,33,31,27,26,27,30,31,30,29,25,23,23
6458,0,0,0,0,1,1,0,0,0,0,1,1,1,1,1,1,1,1,1,1,1
6459,0,0,0,0,0,0,0,0,0,0,0,0,0,0,0,0,0,0,0,0,0
6460,26,33,36,36,31,26,24,29,35,36,35,31,26,24,28,33,34,33,28,24,22
6461,0,0,0,0,0,0,0,0,0,0,0,0,0,0,0,0,0,0,0,0,0
6462,0,0,0,0,0,0,0,0,0,0,0,0,0,0,0,0,0,0,0,0,0
6463,0,0,0,0,0,0,0,0,0,0,0,0,0,0,0,0,0,0,0,0,0
6464,66,70,70,56,56,54,58,65,70,69,57,56,53,56,64,72,73,61,60,61,70
6465,13,14,15,14,12,9,9,11,12,14,14,11,9,8,10,12,14,13,11,9,8
6466,3,4,4,4,3,3,3,4,4,5,4,3,3,3,4,4,4,4,3,3,3
6467,17,19,18,17,18,18,18,17,19,18,17,18,18,18,17,19,18,17,18,18,18
6468,0,0,0,0,0,0,0,0,0,0,0,0,0,0,0,0,0,0,0,0,0
6469,50,54,54,50,48,46,47,49,55,55,52,48,43,42,47,56,58,55,53,54,62
6470,1,1,1,1,1,1,1,1,1,1,1,1,1,1,1,1,1,1,1,1,1
6471,3,3,3,3,3,4,4,3,3,3,3,4,4,4,3,3,3,3,4,4,4
6472,1,1,1,1,1,1,1,1,1,1,1,1,1,1,1,1,1,1,1,1,1
6473,3,3,3,3,2,2,2,2,3,3,2,2,2,2,2,2,2,2,2,2,2
6474,5,5,5,4,5,5,4,5,5,5,4,5,5,4,5,5,5,4,5,5,4
6475,3,3,3,2,2,3,3,3,3,3,3,2,3,3,3,3,3,3,2,3,3
6476,0,0,0,0,0,0,0,0,0,0,0,0,0,0,0,0,0,0,0,0,0
6477,0,0,0,0,0,0,0,0,0,0,0,0,0,0,0,0,0,0,0,0,0
6478,0,0,0,0,0,0,0,0,0,0,0,0,0,0,1,1,1,1,1,1,1
6479,0,0,0,0,0,0,0,0,0,0,0,0,0,0,0,0,0,0,0,0,0
6480,0,0,0,0,0,0,0,0,0,0,0,0,0,0,0,0,0,0,0,0,0
6481,0,0,0,0,0,0,0,0,0,0,0,0,0,0,0,0,0,0,0,0,0
6482,0,0,0,0,0,0,0,0,0,0,0,0,0,0,0,0,0,0,0,0,0
6483,0,0,0,0,0,0,0,0,0,0,0,0,0,0,0,0,0,0,0,0,0
6484,0,0,0,0,0,0,0,0,0,0,0,0,0,0,0,0,0,0,0,0,0
6485,0,0,0,0,0,0,0,0,0,0,0,0,0,0,0,0,0,0,0,0,0
6486,0,0,0,0,0,0,0,0,0,0,0,0,0,0,0,0,0,0,0,0,0
6487,0,0,0,0,0,0,0,0,0,0,0,0,0,0,0,0,0,0,0,0,0
6488,0,0,0,0,0,0,0,0,0,0,0,0,0,0,0,0,0,0,0,0,0
6489,0,0,0,0,0,0,0,0,0,0,0,0,0,0,0,0,0,0,0,0,0
6490,0,0,0,0,0,0,0,0,0,0,0,0,0,0,0,0,0,0,0,0,0
6491,46,45,41,32,29,30,36,45,49,46,40,33,30,32,44,50,52,47,40,41,48
6492,0,0,1,0,0,0,0,0,0,1,0,0,0,0,0,0,1,0,0,0,0
6493,1,1,1,1,1,1,1,2,2,2,1,1,1,1,2,2,2,1,1,1,2
6494,2,3,3,3,3,2,2,2,3,3,3,3,2,2,2,3,3,3,3,2,2
6495,0,1,1,0,0,0,0,1,1,1,0,0,0,0,1,1,1,0,0,0,0
6496,1,1,1,1,1,1,1,1,1,1,1,1,1,1,1,1,1,1,1,1,1
6497,0,0,0,0,0,0,0,0,0,0,0,0,0,0,0,0,0,0,0,0,0
6498,0,0,0,0,0,0,0,0,0,0,0,0,0,0,0,0,0,0,0,0,0
6499,1,1,1,1,1,1,1,1,1,1,1,1,1,1,1,1,1,1,1,1,1
6500,0,0,0,0,0,0,0,0,0,0,0,0,0,0,0,0,0,0,0,0,0
6501,0,0,0,0,0,0,0,0,0,0,0,0,0,0,0,0,0,0,0,0,0
6502,0,0,0,0,0,0,0,0,0,0,0,0,0,0,0,0,0,0,0,0,0
6503,1,1,1,1,1,0,0,1,1,1,1,1,0,0,1,1,1,1,1,0,0
6504,2,2,1,1,2,2,2,2,2,2,1,2,1,2,2,2,2,1,2,2,2
6505,3,4,4,3,3,2,3,4,4,4,4,3,2,3,4,4,4,3,3,2,3
6506,0,0,0,0,0,0,0,0,0,0,0,0,0,0,0,0,0,0,0,0,0
6507,0,0,0,0,0,0,0,0,0,0,0,0,0,0,0,0,0,0,0,0,0
6508,0,0,0,0,0,0,0,0,0,0,0,0,0,0,0,0,0,0,0,0,0
6509,0,0,0,0,0,0,0,0,0,0,0,0,0,0,0,0,0,0,0,0,0
6510,0,0,0,0,0,0,0,0,0,0,0,0,0,0,0,0,0,0,0,0,0
6511,0,0,0,0,0,0,0,0,0,0,0,0,0,0,0,0,0,0,0,0,0
6512,0,0,0,0,0,0,0,0,0,0,0,0,0,0,0,0,0,0,0,0,0
6513,0,0,0,0,0,0,0,0,0,0,0,0,0,0,0,0,0,0,0,0,0
6514,0,0,0,0,0,0,0,0,0,0,0,0,0,0,0,0,0,0,0,0,0
6515,0,0,0,0,0,0,0,0,0,0,0,0,0,0,0,0,0,0,0,0,0
6516,0,0,0,0,0,0,0,0,0,0,0,0,0,0,0,0,0,0,0,0,0
6517,0,0,0,0,0,0,0,0,0,0,0,0,0,0,0,0,0,0,0,0,0
6518,0,0,0,0,0,0,0,0,0,0,0,0,0,0,0,0,0,0,0,0,0
6519,0,0,0,0,0,0,0,0,0,0,0,0,0,0,0,0,0,0,0,0,0
6520,0,0,0,0,0,0,0,0,0,0,0,0,0,0,0,0,0,0,0,0,0
6521,0,0,0,0,0,0,0,0,0,0,0,0,0,0,0,0,0,0,0,0,0
6522,0,0,0,0,0,0,0,0,0,0,0,0,0,0,0,0,0,0,0,0,0
6523,0,0,0,0,0,0,0,0,0,0,0,0,0,0,0,0,0,0,0,0,0
6524,0,0,0,0,0,0,0,0,0,0,0,0,0,0,0,0,0,0,0,0,0
6525,0,0,0,0,0,0,0,0,0,0,0,0,0,0,0,0,0,0,0,0,0
6526,0,0,0,0,0,0,0,0,0,0,0,0,0,0,0,0,0,0,0,0,0
6527,0,0,0,0,0,0,0,0,0,0,0,0,0,0,0,0,0,0,0,0,0
6528,436,487,562,525,452,383,336,437,487,562,524,452,383,336,436,487,562,524,452,383,336
6529,0,0,0,0,0,0,0,0,0,0,0,0,0,0,0,0,0,0,0,1,1
6530,3,3,3,3,2,2,2,3,3,3,2,2,2,2,3,3,3,2,2,2,3
6531,2,2,2,1,1,1,1,2,2,2,2,1,1,1,2,2,2,2,2,2,2
6532,1,1,1,1,1,1,1,1,1,1,1,1,1,1,1,1,1,1,1,1,1
6533,2,2,2,2,2,2,2,2,2,2,2,2,2,2,2,2,2,3,3,2,2
6534,3,4,4,3,3,2,2,3,3,3,3,3,2,2,3,3,3,3,2,2,2
6535,2,2,2,2,2,1,1,2,2,2,2,2,1,1,2,2,2,2,2,1,1
6536,2,2,2,2,2,2,2,2,2,2,2,2,2,2,2,2,2,2,2,2,2
6537,3,3,3,3,3,2,2,3,3,3,3,3,2,2,3,3,3,3,3,2,2
6538,18,19,19,20,19,18,15,17,19,18,20,19,17,15,17,19,18,20,19,17,15
6539,10,11,11,11,11,9,8,9,10,11,11,11,9,8,9,10,11,10,11,8,8
6540,1,1,1,1,1,0,0,1,1,1,1,1,0,0,1,1,1,1,1,0,0
6541,4,6,6,6,5,3,3,4,6,6,6,5,3,3,4,6,6,6,5,3,3
6542,133,134,148,129,125,109,118,131,132,144,125,121,107,116,129,129,142,124,118,103,112
6543,5,4,3,3,3,3,3,3,3,3,3,3,3,3,3,3,3,3,3,3,3
6544,9,10,10,10,9,8,8,9,10,10,10,9,8,8,9,10,10,10,9,8,8
6545,0,0,0,0,0,0,0,0,0,0,0,0,0,0,0,0,0,0,0,0,0
6546,1,1,1,1,1,1,1,1,1,1,1,1,1,1,1,1,1,1,1,1,1
6547,2,2,2,2,2,2,2,2,2,2,2,2,2,1,2,2,2,2,2,2,1
6548,1,1,1,1,1,1,1,1,1,1,1,1,1,1,1,1,1,1,1,1,1
6549,1,1,1,0,0,0,1,1,1,1,0,0,0,1,1,1,1,0,1,0,1
6550,0,0,0,0,0,0,0,0,0,0,0,0,0,0,0,0,0,0,0,0,0
6551,0,0,0,0,0,0,0,0,0,0,0,0,0,0,0,0,0,0,0,0,0
6552,0,0,0,0,0,0,0,0,0,0,0,0,0,0,0,0,0,0,0,0,0
6553,1,1,1,1,1,1,1,1,1,1,1,1,1,1,1,1,1,1,1,1,1
6554,1,1,1,1,1,1,1,1,1,1,1,1,1,1,1,1,1,1,1,1,1
6555,0,0,0,0,0,0,0,0,0,0,0,0,0,0,0,0,0,0,0,0,0
6556,0,0,0,0,0,0,0,0,0,0,0,0,0,0,0,0,0,0,0,0,0
6557,2,2,2,2,1,1,2,2,2,2,2,2,2,2,2,2,2,2,2,1,2
6558,1,1,1,1,1,1,1,2,2,2,2,1,1,1,2,1,2,2,1,1,1
6559,5,5,6,5,5,4,4,5,6,6,5,5,4,4,5,6,6,5,5,4,4
6560,0,1,1,1,1,0,0,0,1,1,1,1,0,0,0,1,1,1,1,0,0
6561,0,0,0,0,0,0,0,0,0,0,0,0,0,0,0,0,0,0,0,0,0
6562,0,0,0,0,0,0,0,0,0,0,0,0,0,0,0,0,0,0,0,0,0
6563,2,3,3,2,2,2,2,2,3,3,2,2,2,2,2,3,3,2,2,2,2
6564,0,0,0,0,0,0,0,0,0,0,0,0,0,0,0,0,0,0,0,0,0
6565,0,0,0,0,0,0,0,0,0,0,0,0,0,0,0,0,0,0,0,0,0
6566,0,0,0,0,0,0,0,0,0,0,0,0,0,0,0,0,0,0,0,0,0
6567,1,1,0,1,0,1,0,1,1,1,1,0,0,0,1,1,1,1,0,1,0
6568,43,43,45,40,35,33,34,41,42,45,42,37,34,35,41,41,44,41,36,32,33
6569,37,35,33,28,25,22,24,29,31,31,28,25,24,25,30,30,30,27,24,22,23
6570,21,19,18,17,16,15,16,21,19,18,17,16,15,16,21,19,18,17,16,15,16
6571,1,1,1,1,1,1,1,1,1,1,1,1,1,1,1,1,1,1,1,1,1
6572,46,45,39,28,22,19,20,26,25,24,20,17,16,17,24,23,23,19,18,18,22
6573,0,0,0,0,0,0,0,0,0,0,0,0,0,0,0,0,0,0,0,0,0
6574,1,1,1,0,0,0,0,1,1,1,0,0,0,0,1,1,1,0,0,0,0
6575,2,2,1,1,1,1,1,1,1,1,1,1,1,1,1,1,1,1,1,1,1
6576,4,3,3,2,2,2,2,3,3,3,2,2,2,2,3,3,3,2,2,2,2
6577,9,8,8,8,8,8,8,9,9,8,7,8,7,7,8,8,8,7,8,7,7
6578,9,10,9,8,7,6,6,7,8,8,7,6,6,6,7,7,7,6,5,5,5
6579,1,2,1,1,1,1,1,1,2,1,1,1,1,1,1,2,1,1,1,1,1
6580,0,0,0,0,0,0,0,0,0,0,0,0,0,0,0,0,0,0,0,0,0
6581,2,2,2,2,2,2,2,2,2,2,2,2,2,1,2,2,2,2,2,2,2
6582,1,1,2,2,2,2,2,2,2,2,2,2,2,2,2,3,2,2,2,2,2
6583,7,6,6,4,4,4,5,5,5,6,4,4,4,5,5,5,6,4,4,4,4
6584,8,8,8,8,6,5,5,7,7,8,8,6,5,5,6,6,7,6,5,4,4
6585,4,4,3,4,3,3,3,4,4,3,4,3,3,3,4,4,3,4,3,3,3
6586,27,27,24,21,18,16,16,18,21,21,22,19,17,16,19,22,23,23,21,18,19
6587,1,1,1,1,1,1,1,1,1,1,1,1,1,1,1,1,1,1,1,1,1
6588,0,0,0,0,0,0,0,0,0,0,0,0,0,0,0,0,0,0,0,0,0
6589,0,1,0,0,0,0,0,0,1,0,0,0,0,0,0,1,0,0,0,0,0
6590,0,0,0,0,0,0,0,0,0,0,0,0,0,0,0,0,0,0,0,0,0
6591,0,0,1,0,0,1,0,0,0,1,0,0,1,0,0,0,1,0,0,1,0
6592,2,2,2,2,2,1,1,2,2,2,2,2,2,1,2,2,2,2,2,2,1
6593,0,0,0,0,0,0,0,0,0,0,0,0,0,0,0,0,0,0,0,0,0
6594,0,0,0,0,0,0,0,0,0,0,0,0,0,0,0,0,0,0,0,0,0
6595,1,1,1,1,1,1,1,1,1,1,1,1,1,1,1,1,1,1,1,1,1
6596,0,0,0,0,0,0,0,0,0,0,0,0,0,0,0,0,0,0,0,0,0
6597,0,0,0,0,0,0,0,0,0,0,0,0,0,0,0,0,0,0,0,0,0
6598,0,0,0,0,0,0,0,0,0,0,0,0,0,0,0,0,0,0,0,0,0
6599,0,0,0,0,0,0,0,0,0,0,0,0,0,0,0,0,0,0,0,0,0
6600,0,0,0,0,0,0,0,0,0,0,0,0,0,0,0,0,0,0,0,0,0
6601,0,0,0,0,0,0,0,0,0,0,0,0,0,0,0,0,0,0,0,0,0
6602,2,1,1,1,1,1,1,1,1,1,1,1,1,1,1,1,1,1,1,1,1
6603,0,0,0,0,0,0,0,0,0,0,0,0,0,0,0,0,0,0,0,0,0
6604,0,0,0,0,0,0,0,0,0,0,0,0,0,0,0,0,0,0,0,0,0
6605,0,0,0,0,0,0,0,0,0,0,0,0,0,0,0,0,0,0,0,0,0
6606,0,0,0,0,0,0,0,0,0,0,0,0,0,0,0,0,0,0,0,0,0
6607,0,0,0,0,0,0,0,0,0,0,0,0,0,0,0,0,0,0,0,0,0
6608,0,0,0,0,0,0,0,0,0,0,0,0,0,0,0,0,0,0,0,0,0
6609,0,0,0,0,0,0,0,0,0,0,0,0,0,0,0,0,0,0,0,0,0
6610,0,0,0,0,0,0,0,0,0,0,0,0,0,0,0,0,0,0,0,0,0
6611,0,0,0,0,0,0,0,0,0,0,0,0,0,0,0,0,0,0,0,0,0
6612,119,136,133,121,106,93,105,125,140,133,124,111,99,105,122,138,139,133,114,103,119
6613,3,4,4,4,4,3,3,3,4,4,4,4,3,3,3,4,4,4,4,3,3
6614,0,1,0,0,0,0,0,0,1,0,1,0,0,0,0,1,0,0,0,0,0
6615,0,0,0,0,0,0,0,0,0,0,0,0,0,0,0,0,0,0,0,0,0
6616,0,0,0,0,0,0,0,0,0,0,0,0,0,0,0,0,0,0,0,0,0
6617,2,2,2,2,2,2,2,2,2,2,2,2,2,2,2,2,2,2,2,2,2
6618,1,2,1,2,1,1,1,1,2,1,2,1,1,1,1,2,1,2,1,1,1
6619,0,0,0,0,0,0,0,0,0,0,0,0,0,0,0,0,0,0,0,0,0
6620,0,0,0,0,0,0,0,0,0,0,0,0,0,0,0,0,0,0,0,0,0
6621,4,4,4,3,3,2,2,3,4,4,3,3,2,2,3,4,4,3,3,2,3
6622,3,3,3,4,3,3,3,3,3,3,4,3,3,3,3,3,3,4,3,3,3
6623,16,17,18,16,14,14,14,16,17,18,16,14,14,14,16,17,18,16,14,14,14
6624,1,1,1,1,1,1,1,1,1,1,1,1,1,1,1,1,1,1,1,1,1
6625,2,3,4,4,3,3,2,2,3,4,4,3,3,2,2,3,4,4,3,3,2
6626,1,1,1,1,1,1,1,1,1,1,1,1,1,1,1,1,1,1,1,1,1
6627,2,2,1,1,1,1,1,1,1,1,1,1,1,1,1,1,1,1,1,1,1
6628,3,3,3,2,2,2,2,2,2,3,2,2,2,2,2,2,2,2,2,1,2
6629,5,4,4,3,3,3,3,3,3,3,3,3,2,2,3,3,3,2,2,2,2
6630,2,3,2,2,1,1,2,1,2,2,2,1,1,2,1,2,2,2,1,1,2
6631,2,2,2,2,2,2,2,2,2,2,2,2,2,2,2,2,2,2,1,1,1
6632,1,1,1,1,1,1,1,1,1,1,1,1,1,1,1,1,1,1,1,1,1
6633,12,12,11,10,9,9,9,11,11,10,9,8,8,8,9,9,8,7,6,6,7
6634,1,1,1,1,1,1,1,1,1,1,1,1,1,1,1,1,1,1,1,1,1
6635,1,1,0,0,0,0,0,0,0,0,0,0,0,0,0,0,0,0,0,0,0
6636,0,1,0,0,1,0,1,0,1,0,1,1,0,1,0,1,0,0,1,0,1
6637,3,3,3,3,3,2,3,3,3,3,3,3,2,3,3,3,3,3,3,2,3
6638,2,2,2,1,1,1,1,2,2,2,1,1,1,1,1,2,1,1,1,1,1
6639,37,46,35,33,24,30,31,27,38,31,30,23,30,31,27,38,33,33,26,32,32
6640,5,4,5,4,4,4,5,6,6,6,5,5,5,6,6,5,5,5,4,4,5
6641,0,0,0,0,0,0,0,0,0,0,0,0,0,0,0,0,0,0,0,0,0
6642,1,1,0,1,1,1,1,1,1,0,1,1,1,1,1,1,0,1,0,1,1
6643,0,0,0,0,0,0,0,0,0,0,0,0,0,0,0,1,1,1,0,0,0
6644,0,1,1,1,1,0,0,1,1,1,1,1,0,0,1,1,1,1,1,0,0
6645,1,1,2,2,2,2,2,3,3,3,3,3,3,3,3,4,4,3,3,3,4
6646,7,6,5,4,4,4,5,5,5,5,4,4,4,5,5,5,5,5,5,5,6
6647,1,1,1,1,1,1,1,2,1,2,1,1,1,1,1,1,1,1,1,1,1
6648,0,0,0,0,0,0,0,0,0,0,0,0,0,0,0,0,0,0,0,0,0
6649,3,4,4,4,3,2,2,3,4,4,4,3,2,2,3,4,4,4,3,2,2
6650,0,0,0,0,0,0,0,0,0,0,0,0,0,0,0,0,0,0,0,0,0
6651,9,11,14,14,10,7,5,9,11,14,14,10,7,5,9,11,14,14,10,7,5
6652,19,21,21,19,14,13,14,19,21,21,19,14,13,14,19,21,21,19,14,13,14
6653,0,0,0,0,0,0,0,0,0,0,0,0,0,0,0,0,0,0,0,0,0
6654,7,6,6,5,5,5,5,6,6,6,5,5,5,5,6,5,6,5,5,5,5
6655,1,1,1,1,1,1,1,1,1,1,1,1,1,1,1,1,1,1,1,1,1
6656,0,0,0,0,0,0,0,0,0,0,0,0,0,0,0,0,0,0,0,0,0
6657,0,0,0,0,0,0,0,0,0,0,0,0,0,0,0,0,0,0,0,0,0
6658,0,0,0,0,0,0,0,0,0,0,0,0,0,0,0,0,0,0,0,0,0
6659,3,3,3,3,3,3,3,3,3,3,3,3,3,3,3,3,3,3,3,3,3
6660,0,0,0,0,0,0,0,0,0,0,0,0,0,0,0,0,0,0,0,0,0
6661,0,0,0,0,0,0,0,0,0,0,0,0,0,0,0,0,0,0,0,0,0
6662,0,0,0,0,0,0,0,0,0,0,0,0,0,0,0,0,0,0,0,0,0
6663,0,0,0,0,0,0,0,0,0,0,0,0,0,0,0,0,0,0,0,0,0
6664,0,0,0,0,0,0,0,0,0,0,0,0,0,0,0,0,0,0,0,0,0
6665,0,0,0,0,0,0,0,0,0,0,0,0,0,0,0,0,0,0,0,0,0
6666,0,0,0,0,0,0,0,0,0,0,0,0,0,0,0,0,0,0,0,0,0
6667,0,0,0,0,0,0,0,0,0,0,0,0,0,0,0,0,0,0,0,0,0
6668,0,0,0,0,0,0,0,0,0,0,0,0,0,0,0,0,0,0,0,0,0
6669,0,0,0,0,0,0,0,0,0,0,0,0,0,0,0,0,0,0,0,0,0
6670,16,19,20,17,13,11,11,16,19,20,17,13,11,11,16,19,20,17,13,11,11
6671,7,9,10,9,7,6,6,7,9,10,9,7,6,6,7,9,10,9,7,6,6
6672,2,3,3,3,2,2,2,2,3,3,3,2,2,2,2,3,3,3,2,2,2
6673,3,3,4,3,2,2,2,3,3,4,3,2,2,2,3,3,4,3,2,2,2
6674,0,0,0,0,0,0,0,0,0,0,0,0,0,0,0,0,0,0,0,0,0
6675,0,0,0,0,0,0,0,0,0,0,0,0,0,0,0,0,0,0,0,0,0
6676,0,0,0,0,0,0,0,0,0,0,0,0,0,0,0,0,0,0,0,0,0
6677,0,0,0,0,0,0,0,0,0,0,0,0,0,0,0,0,0,0,0,0,0
6678,1,1,1,1,1,1,1,1,1,1,1,1,1,1,1,1,1,1,1,1,1
6679,1,1,1,2,1,1,0,1,1,1,2,1,1,0,1,1,1,2,1,1,0
6680,2,2,2,2,1,1,1,2,2,2,2,1,1,1,2,2,2,2,1,1,1
6681,4,4,4,4,4,4,3,4,4,4,4,4,4,3,4,4,4,4,4,4,3
6682,4,4,4,4,3,3,3,4,4,4,4,3,3,3,4,4,4,4,3,3,3
6683,25,24,20,18,17,21,22,25,24,20,18,17,21,22,25,24,20,18,17,21,22
6684,0,0,0,0,0,0,0,0,0,0,0,0,0,0,0,0,0,0,0,0,0
6685,0,0,0,0,0,0,0,0,0,0,0,0,0,0,0,0,0,0,0,0,0
6686,3,4,4,3,3,3,3,3,4,4,3,3,3,3,3,3,3,3,3,3,3
6687,8,9,10,9,9,7,7,8,9,10,9,9,7,7,8,9,10,9,9,7,7
6688,4,4,4,4,5,4,4,4,5,4,4,5,4,4,4,4,4,4,5,4,4
6689,14,15,16,14,13,10,9,12,14,15,13,11,9,8,10,12,14,12,11,9,8
6690,2,3,3,3,3,2,2,2,3,3,3,3,2,2,2,3,3,3,3,2,2
6691,6,6,7,6,5,4,4,5,7,7,6,5,4,4,5,6,7,5,4,4,4
6692,1,1,1,1,1,1,1,1,1,1,1,1,1,1,1,1,1,1,1,1,1
6693,3,3,3,3,3,3,2,3,3,3,3,3,2,2,2,3,3,3,3,2,2
6694,1,1,1,1,1,1,1,1,1,1,1,1,1,1,1,1,1,1,1,1,1
6695,0,0,0,0,0,0,0,0,0,0,0,0,0,0,0,0,0,0,0,0,0
6696,0,0,0,0,0,0,0,0,0,0,0,0,0,0,0,0,0,0,0,0,0
6697,9,8,8,7,7,7,8,8,8,8,8,7,7,8,8,7,7,6,6,6,6
6698,1,1,1,1,0,0,0,1,1,1,1,0,0,0,1,1,1,1,0,0,0
6699,8,7,7,6,5,5,5,6,6,6,5,5,5,5,6,5,5,5,4,4,4
6700,1,1,1,1,1,1,1,1,1,1,1,1,1,1,1,1,1,1,1,1,1
6701,5,5,5,5,5,4,3,4,4,4,4,5,4,3,3,4,4,4,4,4,3
6702,0,0,0,0,0,0,0,0,0,0,0,0,0,0,0,0,0,0,0,0,0
6703,1,1,1,1,1,1,1,1,1,1,1,1,1,1,1,1,1,1,1,1,1
6704,2,2,2,2,2,2,2,2,2,2,2,2,1,1,1,1,1,1,1,1,1
6705,1,1,1,1,1,1,1,2,2,2,1,1,1,1,2,2,2,1,1,1,2
6706,0,0,0,0,0,0,0,0,0,0,0,0,0,0,0,0,0,0,0,0,0
6707,0,0,0,0,0,0,0,0,0,0,0,0,0,0,0,0,0,0,0,0,0
6708,0,0,0,0,0,0,0,0,0,0,0,0,0,0,0,0,0,0,0,0,0
6709,0,0,0,0,0,0,0,0,0,0,0,0,0,0,0,0,1,1,1,1,1
6710,0,0,0,0,0,0,0,0,0,0,0,0,0,0,0,0,0,0,0,0,0
6711,1,2,2,1,1,1,1,1,2,2,1,1,1,1,1,2,2,1,1,1,1
6712,2,2,2,2,2,1,1,2,2,2,2,2,1,1,2,2,2,2,2,1,1
6713,1,1,1,1,1,1,1,1,1,1,1,1,1,1,1,1,1,1,1,1,1
6714,0,0,0,0,0,0,0,0,0,0,0,0,0,0,0,0,0,0,0,0,0
6715,0,0,0,0,0,0,0,0,0,0,0,0,0,0,0,0,0,0,0,0,0
6716,2,2,2,2,1,2,2,2,2,2,2,1,2,2,2,2,2,2,1,2,2
6717,1,2,1,1,1,1,1,1,2,1,1,1,1,1,1,2,1,1,1,1,1
6718,0,0,0,0,0,0,0,0,0,0,0,0,0,0,0,0,0,0,0,0,0
6719,216,256,334,291,240,223,244,307,360,403,336,293,277,296,322,363,426,355,274,251,285
6720,2,2,2,1,1,1,1,2,2,2,1,1,1,1,2,2,2,1,1,1,1
6721,1,1,1,1,1,1,1,1,1,1,1,1,1,1,1,1,1,1,1,1,1
6722,6,7,7,5,4,3,4,6,7,7,5,4,3,4,6,7,7,5,4,3,4
6723,28,31,30,26,25,24,25,29,32,29,25,22,21,22,26,29,26,22,21,20,21
6724,9,8,7,7,5,4,4,6,6,7,6,5,4,4,5,6,7,6,4,4,4
6725,18,19,17,15,12,10,11,15,18,17,15,12,10,11,14,17,17,15,12,9,11
6726,0,0,0,0,0,0,0,0,0,0,0,0,0,0,0,0,0,0,0,0,0
6727,5,5,5,4,5,5,4,5,5,5,4,5,4,4,5,5,5,4,5,4,4
6728,10,9,7,6,5,4,5,6,7,6,6,5,4,5,6,7,6,6,5,4,5
6729,1,1,1,1,1,0,1,1,1,1,1,1,0,1,1,1,1,1,1,0,1
6730,1,1,1,1,1,1,1,1,1,1,1,1,1,1,1,1,1,1,1,1,1
6731,1,1,1,1,0,0,1,1,1,1,1,0,0,1,1,1,1,1,0,0,1
6732,1,1,1,1,1,1,1,1,1,1,1,1,1,1,1,1,1,1,1,1,1
6733,14,14,15,14,12,10,10,12,13,15,14,12,9,10,12,13,14,13,12,9,10
6734,1,1,1,1,1,1,1,1,1,1,1,1,1,1,1,1,1,1,1,1,1
6735,7,7,8,7,6,5,5,7,7,8,7,6,5,5,7,7,8,7,6,5,5
6736,2,3,5,4,4,3,3,3,4,5,4,4,3,3,3,3,5,4,4,3,3
6737,6,6,6,5,5,4,4,5,6,6,6,5,4,4,5,6,6,5,5,4,4
6738,3,4,5,4,3,2,2,3,4,5,4,3,2,2,3,4,5,4,3,2,2
6739,0,0,0,0,0,0,0,0,0,0,0,0,0,0,0,0,0,0,0,0,0
6740,3,3,4,3,3,2,2,3,3,4,3,3,2,2,3,3,4,3,3,2,3
6741,2,1,1,1,0,1,1,2,1,1,1,0,1,1,2,1,1,1,0,1,1
6742,0,0,0,0,0,0,0,0,0,0,0,0,0,0,0,0,0,0,0,0,0
6743,0,0,0,0,0,0,0,0,0,0,0,0,0,0,0,0,0,0,0,0,0
6744,0,0,1,1,1,1,0,0,0,1,1,1,1,0,0,0,1,1,1,1,0
6745,0,0,0,0,0,0,0,0,0,0,0,0,0,0,0,0,0,0,0,0,0
6746,2,2,2,1,2,2,2,2,2,2,1,2,2,2,2,2,2,1,2,2,2
6747,0,0,0,0,0,0,0,0,0,0,0,0,0,0,0,0,0,0,0,0,0
6748,0,0,0,0,0,0,0,0,0,0,0,0,0,0,0,0,0,0,0,0,0
6749,0,0,0,0,0,0,0,0,0,0,0,0,0,0,0,0,0,0,0,0,0
6750,0,0,0,0,0,0,0,0,0,0,0,0,0,0,0,0,0,0,0,0,0
6751,0,0,0,0,0,0,0,0,0,0,0,0,0,0,0,0,0,0,0,0,0
6752,0,0,0,0,0,0,0,0,0,0,0,0,0,0,0,0,0,0,0,0,0
6753,10,10,9,9,8,8,7,10,10,9,9,8,8,7,10,10,9,9,8,8,7
6754,0,0,0,0,0,0,0,0,0,0,0,0,0,0,0,0,0,0,0,0,0
6755,0,0,0,0,0,0,0,0,0,0,0,0,0,0,0,0,0,0,0,0,0
6756,2,2,2,2,2,1,1,1,2,2,2,2,1,1,1,1,1,2,2,1,1
6757,0,0,0,0,0,0,0,0,0,0,0,0,0,0,0,0,0,0,0,0,0
6758,0,0,0,0,0,0,0,0,0,0,0,0,0,0,0,0,0,0,0,0,0
6759,0,0,0,0,0,0,0,0,0,0,0,0,0,0,0,0,0,0,0,0,0
6760,0,0,0,0,0,0,0,0,0,0,0,0,0,0,0,0,0,0,0,0,0
6761,0,0,0,0,0,0,0,0,0,0,0,0,0,0,0,0,0,0,0,0,0
6762,0,0,0,0,0,0,0,0,0,0,0,0,0,0,0,0,0,0,0,0,0
6763,0,0,0,0,0,0,0,0,0,0,0,0,0,0,0,0,0,0,0,0,0
6764,436,484,545,504,436,367,336,436,485,545,504,436,367,336,436,484,545,504,436,367,336
6765,21,17,16,18,18,23,42,83,120,121,96,87,93,143,279,426,465,375,319,301,327
6766,0,0,0,0,0,0,0,0,0,0,0,0,0,0,0,0,0,0,0,0,0
6767,0,0,0,0,0,0,1,1,1,1,1,1,1,1,1,1,1,0,0,0,0
6768,8,9,8,8,8,8,8,8,9,9,8,8,8,8,8,9,8,8,8,8,8
6769,0,0,0,1,0,0,1,1,1,1,1,1,1,1,1,1,1,1,1,1,1
6770,2,1,1,1,1,2,2,2,1,1,1,1,2,2,2,1,1,1,1,2,2
6771,0,0,0,0,0,0,0,0,0,0,0,0,0,0,0,0,0,0,0,0,0
6772,0,0,0,0,0,0,0,0,0,0,0,0,0,0,0,0,0,0,0,0,0
6773,0,0,0,0,0,0,0,0,0,0,0,0,0,0,0,0,0,0,0,0,0
6774,1,1,1,1,1,1,1,1,1,1,1,1,1,1,1,1,1,1,1,1,1
6775,2,2,2,2,2,2,2,2,2,2,2,2,1,1,2,2,2,1,1,1,1
6776,2,2,2,2,2,2,2,2,2,2,2,2,2,2,2,3,2,2,2,2,2
6777,0,0,0,0,0,0,0,0,0,0,0,0,0,0,0,0,0,0,0,0,0
6778,5,4,4,4,4,3,3,5,5,4,4,4,3,3,4,4,4,4,3,3,3
6779,0,0,0,0,0,0,0,0,0,0,0,0,0,0,0,0,0,0,0,0,0
6780,0,0,0,0,0,0,0,0,0,0,0,0,0,0,0,0,0,0,0,0,0
6781,9,7,6,5,5,5,5,6,5,6,5,5,5,4,6,5,5,5,5,4,4
6782,3,4,3,3,2,2,2,3,4,3,3,2,2,2,3,4,3,3,2,2,2
6783,1,1,1,1,0,0,0,1,1,1,1,0,0,0,1,1,1,1,0,0,0
6784,0,0,0,0,0,0,0,0,0,0,0,0,0,0,0,0,0,0,0,0,0
6785,1,1,1,1,1,1,1,1,1,1,1,1,1,1,1,1,1,1,1,1,1
6786,0,0,0,0,0,0,0,0,0,0,0,0,0,0,0,0,0,0,0,0,0
6787,0,0,0,0,0,0,0,0,0,0,0,0,0,0,0,0,0,0,0,0,0
6788,1,2,2,2,1,1,1,1,2,2,2,1,1,1,1,2,2,2,1,1,1
6789,3,5,5,5,3,2,3,3,5,5,5,3,2,3,3,5,5,5,3,2,2
6790,2,2,2,2,1,1,2,2,2,2,2,1,1,2,2,2,2,2,2,2,2
6791,3,3,3,3,3,3,3,4,4,4,4,4,3,4,5,5,5,5,5,5,6
6792,6,8,8,6,5,5,5,6,7,7,6,6,5,5,6,7,7,6,5,4,4
6793,0,0,0,0,0,0,0,0,0,0,0,0,0,0,0,0,0,0,0,0,0
6794,0,0,0,0,0,0,0,0,0,0,0,0,0,0,0,0,0,0,0,0,0
6795,10,8,7,6,6,6,6,6,6,6,6,6,5,5,6,6,6,5,5,5,5
6796,0,0,0,0,0,0,0,0,0,0,0,0,0,0,0,0,0,0,0,0,0
6797,3,3,3,3,2,2,2,3,3,3,3,2,2,2,3,3,3,3,2,2,2
6798,0,0,0,0,0,0,0,0,0,0,0,0,0,0,0,0,0,0,0,0,0
6799,367,435,458,427,356,307,299,378,454,468,437,361,313,301,389,465,495,465,389,345,359
6800,1,1,1,0,0,0,0,1,1,1,0,0,0,0,1,1,1,0,0,0,0
6801,13,18,20,18,14,10,10,13,18,20,18,14,10,10,13,18,20,18,14,10,10
6802,0,0,0,0,0,0,0,0,0,0,0,0,0,0,0,0,0,0,0,0,0
6803,12,13,12,11,10,9,9,12,15,14,12,11,10,12,15,17,17,15,14,13,14
6804,1,1,1,1,1,1,1,1,1,1,1,1,1,1,1,1,1,1,1,1,1
6805,4,4,3,3,2,2,2,4,4,3,3,2,2,2,4,4,3,3,2,2,2
6806,0,0,0,0,0,0,0,0,0,0,0,0,0,0,0,0,0,0,0,0,0
6807,0,0,0,0,0,0,0,0,0,0,0,0,0,0,0,0,0,0,0,0,0
6808,3,3,3,3,2,2,3,3,3,3,3,2,2,3,3,3,3,3,2,2,3
6809,0,0,0,0,0,0,0,0,0,0,0,0,0,0,0,0,0,0,0,0,0
6810,0,0,0,0,0,0,0,0,0,0,0,0,0,0,0,0,0,0,0,0,0
6811,4,4,4,4,4,3,3,4,4,4,4,4,3,3,4,4,4,4,4,3,3
6812,12,16,17,15,11,10,12,12,16,17,15,11,10,12,12,16,17,15,11,10,12
6813,1,2,2,1,1,1,1,1,2,2,1,1,1,1,1,2,2,1,1,1,1
6814,20,21,21,19,17,15,17,20,21,21,19,16,15,17,20,21,21,19,17,15,17
6815,6,8,7,6,4,2,4,6,8,7,6,4,2,4,6,8,7,6,4,3,4
6816,1,1,0,0,0,1,1,1,1,0,0,0,1,1,1,1,0,0,0,1,1
6817,0,0,0,0,0,0,0,0,0,0,0,0,0,0,0,0,0,0,0,0,0
6818,1,1,1,1,1,1,1,1,1,1,1,1,1,1,1,1,1,1,1,1,1
6819,0,0,0,0,0,0,0,0,0,0,0,0,0,0,0,0,0,0,0,0,0
6820,0,0,0,0,0,0,0,0,0,0,0,0,0,0,0,0,0,0,0,0,0
6821,0,0,0,0,0,0,0,0,0,0,0,0,0,0,0,0,0,0,0,0,0
6822,0,0,0,0,0,0,0,0,0,0,0,0,0,0,0,0,0,0,0,0,0
6823,0,0,0,0,0,0,0,0,0,0,0,0,0,0,0,0,0,0,0,0,0
6824,0,0,0,0,0,0,0,0,0,0,0,0,0,0,0,0,0,0,0,0,0
6825,0,0,0,0,0,0,0,0,0,0,0,0,0,0,0,0,0,0,0,0,0
6826,1,1,1,1,1,0,0,1,1,1,1,1,0,0,1,1,1,1,1,1,0
6827,1,1,1,1,1,1,1,1,1,1,1,1,1,1,1,1,1,1,1,1,1
6828,0,0,0,0,0,0,0,0,0,0,0,0,0,0,0,0,0,0,0,0,0
6829,1,1,1,1,1,1,1,1,1,1,1,1,1,1,1,1,1,1,1,1,1
6830,1,1,1,1,1,1,1,1,1,1,1,1,1,1,1,1,1,1,1,1,1
6831,0,0,1,0,0,0,0,0,1,1,0,0,0,0,0,1,1,0,0,0,0
6832,0,0,0,0,0,0,0,0,0,0,0,0,0,0,0,0,0,0,0,0,0
6833,0,1,1,0,0,0,0,0,1,1,0,0,0,0,0,1,1,0,0,0,0
6834,1,1,1,1,1,1,1,1,1,1,1,1,1,1,1,1,1,1,1,1,1
6835,2,2,2,2,2,1,2,2,2,2,2,2,1,2,2,2,2,2,2,1,2
6836,0,0,0,0,0,0,0,0,0,0,0,0,0,0,0,0,0,0,0,0,0
6837,0,0,0,0,0,0,0,0,0,0,0,0,0,0,0,0,0,0,0,0,0
6838,1,1,1,1,1,1,1,1,1,2,1,1,0,1,1,1,1,1,1,1,1
6839,1,1,1,1,1,1,1,1,1,1,1,1,1,1,1,1,1,1,1,1,1
6840,0,0,0,0,0,0,0,0,0,0,0,0,0,0,0,0,0,0,0,0,0
6841,0,0,0,0,0,0,0,0,0,0,0,0,0,0,0,0,0,0,0,0,0
6842,0,0,0,0,0,0,0,0,0,0,0,0,0,0,0,0,0,0,0,0,0
6843,0,0,0,0,0,0,0,0,0,0,0,0,0,0,0,0,0,0,0,0,0
6844,0,0,0,0,0,0,0,0,0,0,0,0,0,0,0,0,0,0,0,0,0
6845,0,0,0,0,0,0,0,0,0,0,0,0,0,0,0,0,0,0,0,0,0
6846,0,0,0,0,0,0,0,0,0,0,0,0,0,0,0,0,0,0,0,0,0
6847,0,0,0,0,0,0,0,0,0,0,0,0,0,0,0,0,0,0,0,0,0
6848,0,0,0,0,0,0,0,0,0,0,0,0,0,0,0,0,0,0,0,0,0
6849,0,0,0,0,0,0,0,0,0,0,0,0,0,0,0,0,0,0,0,0,0
6850,0,0,0,0,0,0,0,0,0,0,0,0,0,0,0,0,0,0,0,0,0
6851,0,0,0,0,0,0,0,0,0,0,0,0,0,0,0,0,0,0,0,0,0
6852,1,1,1,1,1,0,0,1,1,1,1,1,0,0,1,1,1,1,1,0,0
6853,7,7,7,6,6,5,5,6,6,7,6,6,5,5,6,6,6,5,5,4,4
6854,0,0,0,0,0,0,0,0,0,0,0,0,0,0,0,0,0,0,0,0,0
6855,0,0,0,0,0,0,0,0,0,0,0,0,0,0,0,0,0,0,0,0,0
6856,2,3,3,3,3,2,2,3,3,3,3,3,2,2,3,3,3,3,3,2,2
6857,0,0,0,0,0,0,0,0,0,0,0,0,0,0,0,0,0,0,0,0,0
6858,2,2,2,2,2,2,2,2,2,2,2,2,2,2,2,2,2,2,2,2,2
6859,0,0,0,0,0,0,0,0,0,0,0,0,0,0,0,0,0,0,0,0,0
6860,0,0,0,0,0,0,0,0,0,0,0,0,0,0,0,0,0,0,0,0,0
6861,0,0,0,0,0,0,0,0,0,0,0,0,0,0,0,0,0,0,0,0,0
6862,0,0,0,0,0,0,0,0,0,0,0,0,0,0,0,0,0,0,0,0,0
6863,0,0,0,0,0,0,0,0,0,0,0,0,0,0,0,0,0,0,0,0,0
6864,0,1,1,1,1,1,0,0,1,1,1,1,0,0,0,1,1,1,1,1,0
6865,0,0,0,0,0,0,0,0,0,0,0,0,0,0,0,0,0,0,0,0,0
6866,2,2,1,1,2,1,1,2,2,1,1,2,1,1,2,2,1,1,2,1,1
6867,1,1,1,1,1,1,1,1,1,1,1,1,1,1,1,1,1,1,1,1,1
6868,7,7,8,8,7,6,6,7,8,8,8,6,5,5,5,6,6,6,5,4,4
6869,44,49,50,46,41,37,38,45,52,52,49,43,39,39,46,51,52,47,40,38,41
6870,0,0,0,0,0,0,0,0,0,0,0,0,0,0,0,0,0,0,0,0,0
6871,1,1,1,1,1,1,1,1,1,1,1,1,1,1,1,1,1,1,1,1,1
6872,4,4,5,4,4,3,3,4,5,5,4,4,3,3,4,4,4,4,3,3,3
6873,2,2,2,2,1,1,1,2,2,2,2,1,1,1,2,2,2,2,1,1,1
6874,5,4,4,3,3,3,3,3,3,3,2,2,2,2,2,2,2,2,2,2,2
6875,0,0,0,0,0,0,0,0,0,0,0,0,0,0,0,0,0,0,0,0,0
6876,0,0,0,0,0,0,0,0,0,0,0,0,0,0,0,0,0,0,0,0,0
6877,0,0,0,0,0,0,0,0,0,0,0,0,0,0,0,0,0,0,0,0,0
6878,0,0,0,0,0,0,0,0,0,0,0,0,0,0,0,0,0,0,0,0,0
6879,1,1,1,1,1,1,1,1,1,1,1,1,1,1,1,1,1,1,1,1,1
6880,13,14,15,13,12,10,10,13,14,15,13,12,10,10,13,14,15,13,12,10,10
6881,22,21,20,17,15,15,17,21,22,20,18,16,16,16,21,23,22,19,17,19,23
6882,1,1,1,1,1,1,1,1,1,1,1,1,1,1,1,1,1,1,1,1,1
6883,1,2,2,2,2,1,1,1,2,2,2,2,1,1,1,2,2,2,2,1,1
6884,2,1,1,1,0,0,0,1,1,0,0,0,0,0,0,0,0,0,0,0,0
6885,2,2,2,2,2,3,3,2,2,2,2,2,3,3,2,2,2,2,2,3,3
6886,4,4,4,4,3,3,3,4,4,4,4,3,3,3,4,4,4,4,3,3,3
6887,0,0,0,0,0,0,0,0,0,0,0,0,0,0,0,0,0,0,0,0,0
6888,25,27,28,25,22,20,20,23,25,26,24,21,19,19,22,24,25,23,21,19,19
6889,35,37,35,30,28,25,26,30,34,32,29,27,25,25,29,33,32,30,28,26,27
6890,12,13,13,11,10,9,10,11,13,12,11,9,9,9,10,11,11,9,8,8,8
6891,17,18,18,17,15,14,14,17,18,18,16,14,13,13,15,16,16,14,13,12,12
6892,7,7,6,5,5,4,5,6,6,6,5,4,4,4,5,5,5,4,3,3,3
6893,1,1,1,1,1,1,1,1,2,1,1,1,1,1,1,2,2,1,2,1,1
6894,60,64,67,52,53,45,43,57,64,71,58,60,51,49,66,75,82,64,63,54,54
6895,44,50,50,45,40,37,38,45,50,47,43,39,37,37,41,43,42,38,34,33,36
6896,0,0,0,0,0,0,0,0,0,0,0,0,0,0,0,0,0,0,0,0,0
6897,58,76,83,71,60,54,50,58,78,84,73,60,52,47,56,76,83,72,60,55,52
6898,0,0,0,0,0,0,0,0,0,0,0,0,0,0,0,0,0,0,0,0,0
6899,0,0,0,0,0,0,0,0,0,0,0,0,0,0,0,0,0,0,0,0,0
6900,0,0,0,0,0,0,0,0,0,0,0,0,0,0,0,0,0,0,0,0,0
6901,0,0,0,0,0,0,0,0,0,0,0,0,0,0,0,0,0,0,0,0,0
6902,1,1,1,1,1,1,1,1,1,1,1,1,1,1,1,1,1,1,1,1,1
6903,0,0,0,0,0,0,0,0,0,0,0,0,0,0,0,0,0,0,0,0,0
6904,0,0,0,0,0,0,0,0,0,0,0,0,0,0,0,0,0,0,0,0,0
6905,4,4,3,3,3,3,3,3,3,3,3,3,3,3,3,4,3,3,3,3,3
6906,10,11,11,10,9,8,9,10,11,10,9,9,9,10,10,10,10,9,8,8,8
6907,19,20,19,16,14,13,13,17,18,16,13,12,11,12,14,13,11,10,8,7,8
6908,0,1,0,0,0,0,0,1,1,0,0,0,0,0,1,1,0,0,0,0,0
6909,14,12,11,10,10,9,10,11,10,9,8,7,7,8,9,8,8,7,6,6,7
6910,10,8,6,5,5,5,6,6,6,5,5,5,5,5,6,6,5,5,5,5,5
6911,0,0,0,1,1,1,1,0,0,1,1,1,1,1,0,0,1,1,1,1,1
6912,3,3,3,4,3,3,3,3,3,3,4,3,3,3,3,3,3,4,3,3,3
6913,1,1,1,1,1,1,1,1,1,1,1,1,1,1,1,1,1,1,1,1,1
6914,1,1,2,2,2,1,1,2,2,2,2,2,1,2,2,2,2,2,2,1,2
6915,0,0,0,0,0,0,0,0,0,0,0,0,0,0,0,0,0,0,0,0,0
6916,8,9,10,9,8,7,7,8,9,9,8,7,6,6,7,8,8,8,6,6,6
6917,15,15,13,12,10,9,9,10,11,10,10,8,8,8,10,10,10,10,9,8,8
6918,0,0,0,1,0,1,1,0,0,0,1,0,1,1,0,0,0,1,0,1,1
6919,2,2,2,2,2,2,2,2,2,2,2,2,2,2,2,2,2,2,2,2,2
6920,2,2,2,2,2,1,1,2,2,2,2,2,1,1,2,2,2,2,2,1,1
6921,1,1,1,1,1,1,1,1,1,1,1,1,1,1,1,1,1,1,1,1,1
6922,15,17,17,15,14,12,11,15,17,17,15,14,12,11,15,17,17,15,14,12,11
6923,3,3,4,3,2,4,3,3,3,4,3,2,4,3,3,3,4,3,2,4,3
6924,14,15,15,13,10,11,9,14,15,15,13,10,11,9,14,15,15,13,10,11,9
6925,0,1,0,1,1,1,0,1,1,0,1,1,1,1,1,2,1,2,2,3,3
6926,0,0,0,0,0,0,0,0,0,0,0,0,0,0,0,0,0,0,0,0,0
6927,0,0,0,0,0,0,0,0,0,0,0,0,0,0,0,0,0,0,0,0,0
6928,0,0,0,0,0,0,0,0,0,0,0,0,0,0,0,0,0,0,0,0,0
6929,1,1,1,1,1,0,0,1,1,1,1,1,0,0,1,1,1,1,1,0,0
6930,12,10,9,8,7,8,9,10,9,8,8,7,8,9,9,9,8,7,7,8,9
6931,2,2,2,2,2,2,2,2,2,2,2,2,2,2,2,2,2,2,2,2,2
6932,8,6,6,6,5,6,6,7,6,6,5,5,6,6,7,5,6,5,5,6,6
6933,1,1,1,1,1,1,1,1,1,1,1,1,1,1,1,1,1,1,1,1,1
6934,0,0,0,0,0,0,0,0,0,0,0,0,0,0,0,0,0,0,0,0,0
6935,0,0,0,0,0,0,0,0,0,0,0,0,0,0,0,0,0,0,0,0,0
6936,0,0,0,0,0,0,0,0,0,0,0,0,0,0,0,0,0,0,0,0,0
6937,0,0,0,0,0,0,0,0,0,0,0,0,0,0,0,0,0,0,0,0,0
6938,0,0,0,0,0,0,0,0,0,0,0,0,0,0,0,0,0,0,0,0,0
6939,23,25,26,23,20,17,18,21,22,21,19,17,16,17,17,16,15,14,12,11,12
6940,0,0,0,0,0,0,0,0,0,0,0,0,0,0,0,0,0,0,0,0,0
6941,0,0,0,0,0,0,0,0,0,0,0,0,0,0,0,0,0,0,0,0,0
6942,1,0,1,0,0,0,0,1,0,1,0,0,0,0,1,0,1,0,0,0,0
6943,0,0,0,0,0,0,0,0,0,0,0,0,0,0,0,0,0,0,0,0,0
6944,4,5,5,5,5,4,4,4,5,5,5,5,4,4,4,5,5,5,5,4,4
6945,2,2,2,2,2,2,2,3,2,3,2,2,2,2,3,3,3,2,2,2,2
6946,2,1,1,1,0,0,1,1,1,1,1,1,0,0,1,0,0,0,0,0,0
6947,5,5,3,2,2,2,2,2,2,2,2,2,2,2,2,2,2,1,2,1,2
6948,4,4,3,2,2,2,2,2,2,2,2,2,2,2,2,2,2,2,1,1,2
6949,0,0,0,0,0,0,0,0,0,0,0,0,0,0,0,0,0,0,0,0,0
6950,1,2,2,2,2,2,2,2,2,2,2,2,2,1,2,2,3,2,2,2,2
6951,290,291,304,274,226,199,221,280,312,323,290,239,225,261,353,411,459,416,360,316,354
6952,18,21,22,20,19,15,14,19,21,22,20,19,15,14,19,21,22,20,19,15,14
6953,92,116,113,80,56,50,61,95,119,114,81,55,49,58,91,116,112,80,55,51,63
6954,11,11,12,11,10,8,8,11,11,12,11,10,8,8,11,11,12,11,10,8,8
6955,0,0,0,0,0,0,0,0,0,0,0,0,0,0,0,0,0,0,0,0,0
6956,0,1,0,0,1,0,0,0,1,1,0,1,0,0,0,1,1,0,1,0,0
6957,3,4,4,4,3,2,2,3,4,4,4,3,2,2,3,4,4,4,3,2,2
6958,8,9,11,10,8,7,6,9,9,11,10,8,7,6,9,9,11,11,8,7,6
6959,4,4,4,3,3,2,3,4,4,4,3,3,2,3,4,4,4,3,3,3,3
6960,1,1,1,0,1,0,0,1,1,1,0,1,0,0,1,1,1,0,1,0,0
6961,8,8,7,5,5,4,5,7,7,7,5,4,4,4,6,6,6,4,4,4,5
6962,2,2,2,2,2,2,2,2,2,2,2,2,2,2,2,2,2,2,2,2,2
6963,71,77,76,63,54,46,55,70,82,79,66,61,57,67,85,95,96,84,75,66,73
6964,10,10,11,10,10,9,9,11,11,12,10,10,9,9,11,11,12,10,10,9,9
6965,31,35,33,19,18,16,18,31,34,32,19,18,16,17,31,34,32,19,19,17,19
6966,0,0,0,0,0,0,0,0,0,0,0,0,0,0,0,0,0,0,0,0,0
6967,34,34,33,25,23,22,25,31,32,32,24,23,22,25,31,32,32,24,23,22,25
6968,239,287,292,269,213,184,180,241,288,293,270,213,184,180,240,287,292,269,213,183,180
6969,128,148,140,117,93,80,85,109,137,135,118,96,85,91,116,140,140,122,99,85,90
6970,12,13,12,11,9,8,8,11,12,11,10,8,8,8,11,12,11,10,8,8,8
6971,7,9,8,8,7,6,6,7,9,8,8,7,6,6,7,9,8,8,7,6,6
6972,11,11,11,10,10,9,10,12,11,11,10,9,9,8,10,10,10,9,8,8,9
6973,1,0,0,0,0,0,0,1,0,0,0,0,0,0,1,0,0,0,0,0,0
6974,31,33,34,33,27,26,29,31,33,34,33,27,26,29,31,33,34,33,27,26,29
6975,0,0,0,0,0,0,0,0,0,0,0,0,0,0,0,0,0,0,0,0,0
6976,0,0,0,1,0,0,0,0,0,0,1,0,0,0,0,0,0,1,0,0,0
6977,0,0,0,0,0,0,0,0,0,0,0,0,0,0,0,0,0,0,0,0,0
6978,0,0,0,0,0,0,0,0,0,0,0,0,1,1,1,1,1,2,2,3,3
6979,1,1,1,1,1,1,0,1,1,1,1,1,1,0,1,1,1,1,1,1,0
6980,0,0,0,0,0,0,0,0,0,0,0,0,0,0,0,0,0,0,0,0,0
6981,0,0,0,0,0,0,0,0,0,0,0,0,0,0,0,0,0,0,0,0,0
6982,0,0,0,0,0,0,0,0,0,0,0,0,0,0,0,0,0,0,0,0,0
6983,4,3,2,1,1,1,1,1,1,0,0,0,0,0,1,1,1,1,1,1,1
6984,5,6,5,4,4,4,5,5,5,5,5,5,5,5,6,6,6,5,5,5,5
6985,3,3,3,2,2,2,2,3,3,3,2,2,2,2,3,3,3,2,2,2,2
6986,0,0,0,0,0,0,0,0,0,0,0,0,0,0,0,0,0,0,0,0,0
6987,0,0,0,0,0,0,0,0,0,0,0,0,0,0,0,0,0,0,0,0,0
6988,0,0,0,0,0,0,0,0,0,0,0,0,0,0,0,0,0,0,0,0,0
6989,0,0,0,0,0,0,0,0,0,0,0,0,0,0,0,0,0,0,0,0,0
6990,0,0,0,0,0,0,0,0,0,0,0,0,0,0,0,0,0,0,0,0,0
6991,38,40,35,35,29,33,36,37,39,35,35,29,33,36,37,39,35,35,29,33,36
6992,5,5,7,6,5,3,4,5,5,7,6,5,3,4,5,5,7,6,5,3,4
6993,0,0,0,0,0,0,0,0,0,0,0,0,0,0,0,0,0,0,0,0,0
6994,0,0,0,0,0,0,0,0,0,0,0,0,0,0,0,0,0,0,0,0,0
6995,3,3,2,2,1,1,2,2,2,2,2,1,1,1,2,2,2,1,1,1,1
6996,0,0,0,0,0,0,0,0,0,0,0,0,0,0,0,0,0,0,0,0,0
6997,3,0,0,0,0,2,26,3,0,0,0,0,2,26,3,0,0,0,0,2,26
6998,0,0,0,0,0,0,0,0,0,0,0,0,0,0,0,0,0,0,0,0,0
6999,0,0,0,0,0,0,0,0,0,0,0,0,0,0,0,0,0,0,0,0,0
7000,0,0,0,0,0,0,0,0,0,0,0,0,0,0,0,0,0,0,0,0,0
7001,0,0,0,0,0,0,0,0,0,0,0,0,0,0,0,0,0,0,0,0,0
7002,0,0,0,0,0,0,0,0,0,0,0,0,0,0,0,0,0,0,0,0,0
7003,0,0,0,0,0,0,0,0,0,0,0,0,0,0,0,0,0,0,0,0,0
7004,0,0,0,0,0,0,0,0,0,0,0,0,0,0,0,0,0,0,0,0,0
7005,0,0,0,0,0,0,0,0,0,0,0,0,0,0,1,1,0,0,0,0,1
7006,0,0,0,0,0,0,0,0,0,0,0,0,0,0,0,0,0,0,0,0,0
7007,0,0,0,0,0,0,0,0,0,0,0,0,0,0,0,0,0,0,0,0,0
7008,0,0,0,0,0,0,0,0,0,0,0,0,0,0,0,0,0,0,0,0,0
7009,3,3,3,3,2,2,2,3,3,3,3,2,2,2,3,3,3,3,2,2,2
7010,1,1,1,1,1,1,1,1,1,1,1,1,1,1,1,1,1,1,1,1,1
7011,1,1,1,1,1,1,1,1,1,1,1,1,1,1,1,1,1,1,1,1,1
7012,129,116,118,103,105,100,106,120,110,111,99,101,98,105,118,108,111,100,103,100,108
7013,43,44,43,43,39,35,32,38,41,41,40,36,33,31,36,39,39,40,36,33,30
7014,1,1,1,1,1,1,0,1,1,1,1,1,1,0,1,1,1,1,1,1,0
7015,5,4,4,4,3,4,4,5,4,4,4,3,4,4,5,4,4,4,3,4,4
7016,0,0,0,0,0,0,0,0,0,0,0,0,0,0,0,0,0,0,0,0,0
7017,1,1,1,0,0,0,0,1,1,1,0,0,0,0,1,1,1,0,0,0,0
7018,0,0,0,0,0,0,0,0,0,0,0,0,0,0,0,0,0,0,0,0,0
7019,0,0,0,0,0,0,0,0,0,0,0,0,0,0,0,0,0,0,0,0,0
7020,1,0,0,0,0,0,0,1,0,0,0,0,0,0,1,0,0,0,0,0,0
7021,8,9,10,8,6,5,5,8,9,10,8,6,5,5,8,9,9,8,6,5,5
7022,3,5,5,4,3,3,4,3,5,5,4,3,3,4,3,5,5,4,3,3,4
7023,7,7,6,5,4,5,4,7,7,6,5,4,5,4,7,7,6,5,4,5,4
7024,1,1,1,1,0,1,0,1,1,1,1,0,1,0,1,1,1,1,0,1,0
7025,4,3,4,3,2,2,3,3,3,4,2,2,2,3,3,3,4,2,2,2,2
7026,0,0,0,0,0,0,0,0,0,0,0,0,0,0,0,0,0,0,0,0,0
7027,0,0,0,0,0,0,0,0,0,0,0,0,0,0,0,0,0,0,0,0,0
7028,7,7,6,6,5,4,5,5,6,6,6,5,4,5,5,5,5,5,5,4,4
7029,0,1,1,1,1,0,0,0,0,1,1,0,0,0,0,0,1,1,0,0,0
7030,0,0,0,0,0,0,0,0,0,0,0,0,0,0,0,0,0,0,0,0,0
7031,4,4,4,4,4,3,4,4,4,4,4,4,3,4,4,4,4,4,3,3,3
7032,0,1,1,0,0,0,0,0,1,1,0,0,0,0,0,1,1,0,0,0,0
7033,0,0,0,0,0,0,0,0,0,0,0,0,0,0,0,0,0,0,0,0,0
7034,0,0,0,0,0,0,0,0,0,0,0,0,0,0,0,0,0,0,0,0,0
7035,0,0,0,0,0,0,0,0,0,0,0,0,0,0,0,0,0,0,0,0,0
7036,0,0,0,0,0,0,0,0,0,0,0,0,0,0,0,0,0,0,0,0,0
7037,0,0,0,0,0,0,0,0,0,0,0,0,0,0,0,0,0,0,0,0,0
7038,7,7,7,6,6,5,6,6,6,6,6,5,5,6,6,6,6,6,5,5,5
7039,1,1,1,1,1,1,0,1,1,1,1,1,1,0,1,1,1,1,1,1,0
7040,11,11,12,11,10,9,9,12,12,11,10,9,9,9,11,10,10,9,8,7,8
7041,11,11,11,10,9,9,9,11,11,11,9,8,8,9,10,10,10,9,8,8,9
7042,44,40,36,31,29,28,31,38,41,39,34,28,25,25,34,37,37,34,29,29,32
7043,31,28,25,22,21,19,20,22,23,23,21,19,18,18,20,21,20,19,17,16,16
7044,14,13,12,11,10,10,10,11,11,11,10,9,9,9,10,10,10,9,8,8,9
7045,2,2,2,2,2,1,1,2,2,2,2,2,1,1,2,2,2,2,2,1,1
7046,4,4,3,3,3,3,3,4,3,3,3,3,3,3,4,3,3,3,3,3,4
7047,0,0,0,0,0,0,0,0,0,0,0,0,0,0,0,0,0,0,0,0,0
7048,1,0,1,1,0,0,0,1,1,1,1,0,0,0,1,0,1,1,0,0,0
7049,23,21,21,17,15,17,18,21,20,20,16,15,17,18,21,20,20,16,15,16,18
7050,2,2,2,2,2,2,1,1,2,2,2,2,2,1,1,2,2,2,2,2,1
7051,0,0,0,0,0,0,0,0,0,0,0,0,0,0,0,0,0,0,0,0,0
7052,0,0,0,0,0,0,0,0,0,0,0,0,0,0,0,0,0,0,0,0,0
7053,1,1,0,0,0,1,1,1,1,0,0,0,1,1,1,1,0,1,1,1,1
7054,0,0,0,0,0,0,0,0,0,0,0,0,0,0,0,0,0,0,0,0,0
7055,0,0,0,0,0,0,0,0,0,0,0,0,0,0,0,0,0,0,0,0,0
7056,0,0,0,0,0,0,0,0,0,0,0,0,0,0,0,0,0,0,0,0,0
7057,0,0,0,0,0,0,0,0,0,0,0,0,0,0,0,0,0,0,0,0,0
7058,0,0,0,0,0,0,0,0,0,0,0,0,0,0,0,0,0,0,0,0,0
7059,0,0,0,0,0,0,0,0,0,0,0,0,0,0,0,0,0,0,0,0,0
7060,0,0,0,0,0,0,0,0,0,0,0,0,0,0,0,0,0,0,0,0,0
7061,1,1,1,0,0,0,0,1,1,1,0,0,0,0,1,1,1,0,0,0,0
7062,3,3,4,4,3,3,2,3,3,4,4,3,3,2,3,3,4,4,3,3,2
7063,3,3,4,4,3,3,3,3,3,4,4,3,3,3,3,3,4,4,3,3,3
7064,1,2,2,2,1,1,1,1,2,2,2,1,1,1,1,2,2,1,1,1,1
7065,1,1,1,1,1,1,1,1,1,1,1,1,1,1,1,1,1,1,1,1,1
7066,9,10,14,9,6,5,4,9,10,14,9,6,5,4,9,10,14,9,6,5,4
7067,0,0,0,0,0,0,0,0,0,0,0,0,0,0,0,1,1,1,1,1,1
7068,0,0,0,0,0,0,0,0,0,0,0,0,0,0,0,0,0,0,0,0,0
7069,0,0,0,0,0,0,0,0,0,0,0,0,0,0,0,0,0,0,0,0,0
7070,0,0,0,0,0,0,0,0,0,0,0,0,0,0,0,0,0,0,0,0,0
7071,0,0,0,0,0,0,0,0,0,0,0,0,0,0,0,0,0,0,0,0,0
7072,0,0,1,1,0,0,0,0,0,1,1,0,0,0,0,0,1,1,0,0,0
7073,1,1,1,1,0,0,0,1,1,1,1,0,0,0,1,1,1,1,0,0,0
7074,0,0,0,0,0,0,0,0,0,0,0,0,0,0,0,0,0,0,0,0,0
7075,31,29,30,30,26,24,23,27,28,30,30,26,24,23,27,28,30,30,27,25,24
7076,25,25,24,22,19,20,20,21,20,20,21,19,20,20,22,21,20,20,18,21,21
7077,2,2,2,1,1,1,2,2,2,2,2,1,2,2,2,2,2,2,1,1,2
7078,1,1,0,0,0,0,0,0,0,0,0,0,0,0,0,0,0,0,0,0,0
7079,1,1,1,1,1,1,1,1,1,1,1,1,1,1,1,1,1,1,1,1,1
7080,1,1,1,1,1,1,1,1,1,1,1,1,1,1,1,1,1,1,1,1,1
7081,5,6,5,5,5,4,5,5,5,5,5,5,4,5,5,6,5,5,5,4,5
7082,1,1,1,1,1,1,1,1,1,1,1,1,1,1,1,1,1,1,1,1,1
7083,0,0,0,0,0,0,0,0,0,0,0,0,0,0,0,0,0,0,0,0,0
7084,1,1,1,1,1,0,1,1,1,1,1,1,0,1,1,1,1,1,1,0,1
7085,1,1,0,0,0,0,0,1,1,0,0,0,0,0,1,1,0,0,0,0,0
7086,0,0,0,0,0,0,0,0,0,0,0,0,0,0,0,0,0,0,0,0,0
7087,1,1,1,1,0,1,1,1,1,1,0,0,1,1,1,1,1,0,0,1,1
7088,1,1,0,0,0,0,0,0,0,0,0,0,0,0,0,0,0,0,0,0,0
7089,0,0,0,0,0,0,0,0,0,0,0,0,0,0,0,0,0,0,0,0,0
7090,0,0,0,0,0,0,0,0,0,0,0,0,0,0,0,0,0,0,0,0,0
7091,12,13,15,15,14,13,13,14,16,16,15,14,13,13,14,15,15,15,14,13,13
7092,1,1,1,1,1,1,1,1,1,1,1,1,1,1,1,1,1,1,1,1,1
7093,1,1,1,1,1,1,1,1,1,1,1,1,1,1,1,1,1,1,1,1,1
7094,32,33,32,37,36,30,27,30,31,28,35,33,29,26,29,27,25,32,30,26,23
7095,13,13,11,12,11,8,10,11,12,10,11,10,8,10,11,12,10,11,10,8,10
7096,1,1,2,1,1,1,1,1,1,2,1,1,1,1,1,1,2,1,1,1,1
7097,6,6,5,4,4,3,4,4,5,5,5,4,4,4,5,6,6,5,5,5,5
7098,0,0,0,0,0,0,0,0,0,0,0,0,0,0,0,0,0,0,0,0,0
7099,58,61,62,67,59,52,48,58,61,62,67,59,52,48,58,61,62,67,59,52,48
7100,0,0,0,0,0,0,0,0,0,0,0,0,0,0,0,0,0,0,0,0,0
7101,4,3,2,2,1,2,3,4,3,2,2,1,2,3,4,3,2,2,1,2,3
7102,12,12,14,14,13,12,12,12,12,14,14,13,12,12,12,12,14,14,13,12,12
7103,18,17,19,20,15,13,16,18,17,19,20,15,12,16,18,17,19,20,15,12,16
7104,0,0,0,0,0,0,0,0,0,0,0,0,0,0,0,0,0,0,0,0,0
7105,0,0,0,0,0,0,0,0,0,0,0,0,0,0,0,0,0,0,0,0,0
7106,0,0,0,0,0,0,0,0,0,0,0,0,0,0,0,0,0,0,0,0,0
7107,0,0,0,0,0,0,0,0,0,0,0,0,0,0,0,0,0,0,0,0,0
7108,0,0,0,0,0,0,0,0,0,0,0,0,0,0,0,0,0,0,0,0,0
7109,0,0,0,0,0,0,0,0,0,0,0,0,0,0,0,0,0,0,0,0,0
7110,0,0,0,0,0,0,0,0,0,0,0,0,0,0,0,0,0,0,0,0,0
7111,0,0,0,0,0,0,0,0,0,0,0,0,0,0,0,0,0,0,0,0,0
7112,0,0,0,0,0,0,0,0,0,0,0,0,0,0,0,0,0,0,0,0,0
7113,0,0,0,0,0,0,0,0,0,0,0,0,0,0,0,0,0,0,0,0,0
7114,0,0,0,0,0,0,0,0,0,0,0,0,0,0,0,0,0,0,0,0,0
7115,3,2,1,1,1,1,1,1,1,1,1,1,1,1,1,1,1,1,1,1,1
7116,11,11,7,5,4,4,5,6,6,6,5,5,5,5,6,6,6,5,4,4,4
7117,0,0,0,0,0,0,0,0,0,0,0,0,0,0,0,0,0,0,0,0,0
7118,1,1,2,2,1,1,1,1,1,2,2,1,1,1,1,1,2,2,1,1,1
7119,1,1,1,0,1,1,0,1,1,1,0,1,1,0,1,1,1,0,1,1,0
7120,2,2,1,2,1,1,1,2,2,1,2,1,1,1,2,2,1,2,1,1,1
7121,0,0,0,0,0,0,0,0,0,0,0,0,0,0,0,0,0,0,0,0,0
7122,0,0,0,0,0,0,0,0,0,0,0,0,0,0,0,0,0,0,0,0,0
7123,8,13,12,11,1,2,6,8,13,12,11,1,2,6,8,13,12,11,1,2,6
7124,0,0,0,0,0,0,0,0,0,0,0,0,0,0,0,0,0,0,0,0,0
7125,2,2,2,1,2,2,2,3,3,3,2,2,2,2,3,3,3,2,2,2,2
7126,0,0,1,1,0,0,0,1,0,1,1,0,0,0,1,0,1,1,0,0,0
7127,0,0,0,0,0,0,0,0,0,0,0,0,0,0,0,0,0,0,0,0,0
7128,0,0,0,0,0,0,0,0,0,0,0,0,0,0,0,0,0,0,0,0,0
7129,0,0,0,0,0,0,0,0,0,0,0,0,0,0,0,0,0,0,0,0,0
7130,0,1,1,1,1,1,0,1,1,1,1,1,1,0,1,1,1,1,1,1,0
7131,1,1,1,1,1,1,1,1,1,1,1,1,1,1,1,1,1,1,1,1,1
7132,0,0,0,0,0,0,0,0,0,0,0,0,0,0,0,0,0,0,0,0,0
7133,5,5,6,5,5,4,4,4,5,5,5,4,4,4,4,5,5,5,4,4,4
7134,0,0,0,0,0,0,0,0,0,0,0,0,0,0,0,0,0,0,0,0,0
7135,0,0,0,0,0,0,0,0,0,0,0,0,0,0,0,0,0,0,0,0,0
7136,1,2,2,1,1,1,1,1,2,2,1,1,1,1,1,2,2,1,1,1,1
7137,2,2,2,2,2,2,2,2,2,2,2,2,2,2,2,2,2,2,2,2,2
7138,9,8,6,5,5,4,4,5,5,5,4,4,4,4,5,5,5,4,4,4,4
7139,1,1,1,1,1,1,1,1,1,1,1,1,1,1,1,1,1,1,1,1,1
7140,0,0,0,0,0,0,0,0,0,0,0,0,0,0,0,0,0,0,0,0,0
7141,0,0,0,0,0,0,0,0,0,0,0,0,0,0,0,0,0,0,0,0,0
7142,6,8,8,7,5,4,4,6,8,8,7,5,4,4,6,8,8,7,5,4,4
7143,19,31,36,22,16,9,7,19,31,36,22,16,9,7,19,31,36,22,16,9,7
7144,6,6,8,6,10,9,10,7,7,8,6,10,8,10,7,6,7,6,9,8,10
7145,5,7,7,5,4,3,3,5,7,7,5,4,3,3,5,7,7,5,4,3,3
7146,11,10,8,7,6,6,6,7,7,6,5,5,5,5,6,6,5,5,4,5,4
7147,4,4,4,4,4,3,3,4,4,4,4,4,3,3,4,4,4,4,4,3,3
7148,0,0,0,0,0,0,0,0,0,0,0,0,0,0,0,0,0,0,0,0,0
7149,2,2,1,1,1,1,1,1,1,1,1,1,1,1,1,1,1,1,1,1,1
7150,2,2,2,2,2,2,2,2,2,2,2,2,2,2,2,2,2,2,2,2,2
7151,0,0,0,0,0,0,0,0,0,0,0,0,0,0,0,0,0,0,0,0,0
7152,3,3,3,2,2,2,2,2,3,3,2,2,2,2,3,3,3,2,2,2,2
7153,8,8,7,7,6,5,5,6,6,5,4,4,3,3,3,3,3,3,3,2,2
7154,1,1,1,1,1,1,1,1,1,1,1,1,1,1,1,1,1,1,1,1,1
7155,0,0,0,0,0,0,0,0,0,0,0,0,0,0,0,0,0,0,0,0,0
7156,1,1,1,0,0,0,0,0,0,0,0,0,0,0,0,0,0,0,0,0,0
7157,0,0,0,0,0,0,0,0,0,0,0,0,0,0,0,0,0,0,0,0,0
7158,0,0,0,0,0,0,0,0,0,0,0,0,0,0,0,0,0,0,0,0,0
7159,14,13,12,10,9,9,9,10,10,10,9,7,7,7,8,8,9,8,7,7,7
7160,0,0,0,0,0,0,0,0,0,0,0,0,0,0,0,0,0,0,0,0,0
7161,241,291,327,353,347,243,220,241,291,327,353,347,243,220,241,291,327,353,347,244,221
7162,210,195,195,191,159,134,145,209,216,222,218,181,155,165,245,274,303,288,245,223,264
7163,2,2,1,1,2,2,2,2,2,1,1,2,2,2,2,2,1,1,2,2,2
7164,2,2,2,2,2,2,2,2,2,2,2,2,2,2,2,2,2,2,2,2,2
7165,0,1,1,1,1,0,0,0,1,1,1,1,0,0,0,1,1,1,1,0,0
7166,1,1,1,1,1,1,1,1,1,1,1,0,0,1,1,1,1,1,1,0,1
7167,3,4,5,6,5,4,3,3,4,5,6,5,4,3,3,4,5,6,5,4,3
7168,4,4,3,3,3,2,2,3,3,3,3,3,2,2,3,3,3,3,3,2,2
7169,303,355,355,321,280,229,226,324,390,382,343,290,229,217,337,425,436,393,341,306,366
7170,0,0,0,0,0,0,0,0,0,0,0,0,0,0,0,0,0,0,0,0,0
7171,34,35,39,43,42,35,29,33,34,38,42,39,33,26,28,27,29,33,31,26,19
7172,9,10,10,10,7,7,8,9,10,9,9,6,6,7,9,9,9,9,6,6,7
7173,34,42,44,38,30,29,36,34,42,44,38,30,29,36,34,42,44,38,30,29,36
7174,99,101,99,89,80,74,86,101,108,101,92,81,77,83,98,107,110,102,91,89,108
7175,21,23,23,25,20,17,18,21,23,23,25,20,17,18,21,23,23,25,20,17,18
7176,51,60,66,67,62,56,56,65,74,72,69,62,56,56,69,82,84,84,76,78,93
7177,37,45,52,57,50,36,30,37,45,52,57,50,36,30,37,45,52,57,50,36,30
7178,4,4,4,4,3,3,3,3,4,4,4,3,3,3,3,4,4,4,3,3,3
7179,9,9,8,7,6,5,5,6,7,6,6,5,5,5,6,6,6,6,5,5,5
7180,0,0,0,0,0,0,0,0,0,0,0,0,0,0,0,0,0,0,0,0,0
7181,98,109,114,99,86,75,86,112,122,115,100,88,80,86,106,111,116,103,87,81,98
7182,0,0,0,0,0,0,0,0,0,0,0,0,0,0,0,0,0,0,0,0,0
7183,0,0,0,0,0,0,0,0,0,0,0,0,0,0,0,0,0,0,0,0,0
7184,0,0,0,0,0,0,0,0,0,0,0,0,0,0,0,0,0,0,0,0,0
7185,6,7,6,5,5,4,5,6,6,6,5,4,4,5,6,6,5,5,4,4,5
7186,0,0,0,0,0,0,0,0,0,0,0,0,0,0,0,0,0,0,0,0,0
7187,0,0,0,0,0,0,0,0,0,0,0,0,0,0,0,0,0,0,0,0,0
7188,0,0,0,0,0,0,0,0,0,0,0,0,0,0,0,0,0,0,0,0,0
7189,1,1,1,1,1,1,1,1,1,1,1,1,1,1,1,1,1,1,1,1,1
7190,0,0,0,0,0,0,0,0,0,0,0,0,0,0,0,0,0,0,0,0,0
7191,0,0,0,0,0,0,0,0,0,0,0,0,0,0,0,0,0,0,0,0,0
7192,0,0,0,0,0,0,0,0,0,0,0,0,0,0,0,0,0,0,0,0,0
7193,7,8,7,7,6,5,6,7,8,7,7,6,5,6,7,8,7,7,6,5,6
7194,0,0,0,0,0,0,0,0,0,0,0,0,0,0,0,0,0,0,0,0,0
7195,0,0,0,0,0,0,0,0,0,0,0,0,0,0,0,0,0,0,0,0,0
7196,0,0,0,0,0,0,0,0,0,0,0,0,0,0,0,0,0,0,0,0,0
7197,3,5,6,5,4,3,3,3,5,6,5,4,3,3,3,5,6,5,4,3,3
7198,0,0,0,0,0,0,0,0,0,0,0,0,0,0,0,0,0,0,0,0,0
7199,0,0,0,0,0,0,0,0,0,0,0,0,0,0,0,0,0,0,0,0,0
7200,0,0,0,0,0,0,0,0,0,0,0,0,0,0,0,0,0,0,0,0,0
7201,0,0,0,0,0,0,0,0,0,0,0,0,0,0,0,0,0,0,0,0,0
7202,1,1,1,1,1,1,1,1,2,1,1,1,1,1,2,2,2,2,1,1,2
7203,0,1,1,1,1,1,1,0,1,1,1,1,1,1,0,1,1,1,1,1,1
7204,0,0,0,0,0,0,0,0,0,0,0,0,0,0,0,0,0,0,0,0,0
7205,5,6,5,5,4,4,3,4,4,4,4,4,3,3,4,4,4,4,3,3,3
7206,3,3,2,2,2,2,2,2,2,2,2,2,2,2,2,2,2,2,2,2,2
7207,0,0,0,0,0,0,0,0,0,0,0,0,0,0,0,0,0,0,0,0,0
7208,0,0,0,0,0,0,0,0,0,0,0,0,0,0,0,0,0,0,0,0,0
7209,0,0,0,0,0,0,0,0,0,0,0,0,0,0,0,0,0,0,0,0,0
7210,1,2,2,1,1,1,1,2,2,2,2,1,1,1,2,2,2,2,1,1,1
7211,4,4,4,4,4,4,4,4,5,5,4,4,4,4,4,5,4,4,4,4,4
7212,0,0,0,0,0,0,0,0,0,0,0,0,0,0,0,0,0,0,0,0,0
7213,1,1,1,0,0,0,0,1,0,0,0,0,0,0,1,1,1,1,1,1,1
7214,1,1,1,1,1,1,1,1,1,1,1,1,1,1,1,1,1,1,1,1,1
7215,7,7,6,5,5,4,4,5,6,5,5,5,4,4,5,6,6,5,5,4,4
7216,0,0,0,0,0,0,0,0,0,0,0,0,0,0,0,0,0,0,0,0,0
7217,0,1,1,1,1,1,0,0,1,1,1,1,1,0,0,1,1,1,1,1,0
7218,0,0,0,0,0,0,0,0,0,0,0,0,0,0,0,0,0,0,0,0,0
7219,0,0,0,0,0,0,0,0,0,0,0,0,0,0,0,0,0,0,0,0,0
7220,12,13,14,13,11,9,9,12,13,14,13,11,9,9,12,13,14,13,11,9,9
7221,1,2,2,2,1,1,1,1,2,2,2,1,1,1,1,2,2,2,1,1,1
7222,1,1,1,1,1,1,1,1,1,1,1,1,1,1,1,1,1,1,1,1,1
7223,2,2,2,2,2,2,2,2,2,2,2,2,2,2,2,2,2,2,2,2,2
7224,28,29,28,27,25,21,20,22,24,24,24,21,18,18,19,20,20,20,18,15,14
7225,0,0,0,0,0,0,0,0,0,0,0,0,0,0,0,0,0,0,0,0,0
7226,3,3,3,3,2,2,2,3,3,3,3,2,2,2,3,3,3,3,2,2,2
7227,0,0,0,0,0,0,0,0,0,0,0,0,0,0,0,0,0,0,0,0,0
7228,1,1,1,1,1,1,1,1,1,1,1,1,1,1,1,1,1,1,1,1,1
7229,2,2,1,1,1,1,1,1,1,1,1,1,1,1,1,1,1,1,1,1,1
7230,2,2,1,1,1,1,1,1,1,1,1,1,1,1,1,1,1,1,1,1,1
7231,0,0,0,0,0,0,0,0,0,0,0,0,0,0,0,0,0,0,0,0,0
7232,0,0,0,0,0,0,0,0,0,0,0,0,0,0,0,0,0,0,0,0,0
7233,0,0,0,0,0,0,0,0,0,0,0,0,0,0,0,0,0,0,0,0,0
7234,0,0,0,0,0,0,0,0,0,0,0,0,0,0,0,0,0,0,0,0,0
7235,0,0,0,0,0,0,0,0,0,0,0,0,0,0,0,0,0,0,0,0,0
7236,0,0,0,0,0,0,0,0,0,0,0,0,0,0,0,0,0,0,0,0,0
7237,0,0,0,0,0,0,0,0,0,0,0,0,0,0,0,0,0,0,0,0,0
7238,0,0,0,0,0,0,0,0,0,0,0,0,0,0,0,0,0,0,0,0,0
7239,0,0,0,0,0,0,0,0,0,0,0,0,0,0,0,0,0,0,0,0,0
7240,0,0,0,0,0,0,0,0,0,0,0,0,0,0,0,0,0,0,0,0,0
7241,0,0,0,0,0,0,0,0,0,0,0,0,0,0,0,0,0,0,0,0,0
7242,0,0,0,0,0,0,0,0,0,0,0,0,0,0,0,0,0,0,0,0,0
7243,0,0,0,0,0,0,0,0,0,0,0,0,0,0,0,0,0,0,0,0,0
7244,0,0,0,0,0,0,0,0,0,0,0,0,0,0,0,0,0,0,0,0,0
7245,0,0,0,0,0,0,0,0,0,0,0,0,0,0,0,0,0,0,0,0,0
7246,0,0,0,0,0,0,0,0,0,0,0,0,0,0,0,0,0,0,0,0,0
7247,0,0,0,0,0,0,0,0,0,0,0,0,0,0,0,0,0,0,0,0,0
7248,0,0,0,0,0,0,0,0,0,0,0,0,0,0,0,0,0,0,0,0,0
7249,0,0,0,0,0,0,0,0,0,0,0,0,0,0,0,0,0,0,0,0,0
7250,0,0,0,0,0,0,0,0,0,0,0,0,0,0,0,0,0,0,0,0,0
7251,0,0,0,0,0,0,0,0,0,0,0,0,0,0,0,0,0,0,0,0,0
7252,0,0,0,0,0,0,0,0,0,0,0,0,0,0,0,0,0,0,0,0,0
7253,0,0,0,0,0,0,0,0,0,0,0,0,0,0,0,0,0,0,0,0,0
7254,0,0,0,0,0,0,0,0,0,0,0,0,0,0,0,0,0,0,0,0,0
7255,0,0,0,0,0,0,0,0,0,0,0,0,0,0,0,0,0,0,0,0,0
7256,1,0,0,0,0,0,0,1,0,0,0,0,0,0,1,0,0,0,0,0,0
7257,0,0,0,0,0,0,0,0,0,0,0,0,0,0,0,0,0,0,0,0,0
7258,5,5,5,5,5,4,4,5,5,5,5,4,4,4,4,5,5,5,4,4,3
7259,1,1,1,1,1,0,1,1,1,1,1,1,0,1,1,1,1,1,1,0,1
7260,0,0,0,0,0,0,0,0,0,0,0,0,0,0,0,0,0,0,0,0,0
7261,2,2,1,1,1,1,2,2,2,1,1,1,1,2,2,2,1,1,1,1,2
7262,10,11,10,8,7,7,8,10,11,10,8,7,7,8,10,11,10,8,7,7,8
7263,6,6,5,4,4,4,4,6,5,5,4,3,4,4,6,5,4,4,3,3,4
7264,0,0,0,0,0,0,0,0,0,0,0,0,0,0,0,0,0,0,0,0,0
7265,18,24,16,14,8,10,12,18,24,16,14,8,10,12,18,24,16,14,8,10,12
7266,0,0,0,0,0,0,0,0,0,0,0,0,0,0,0,0,0,0,0,0,0
7267,0,0,0,0,0,0,0,0,0,0,0,0,0,0,0,0,0,0,0,0,0
7268,1,2,2,2,2,2,2,2,2,2,2,1,1,2,2,2,2,2,1,2,2
7269,0,0,0,0,0,0,0,0,0,0,0,0,0,0,0,0,0,0,0,0,0
7270,1,1,1,1,1,1,1,1,1,1,1,1,1,1,1,1,1,1,1,1,1
7271,0,0,1,0,0,0,0,0,0,1,0,0,0,0,0,0,1,0,0,0,0
7272,0,0,0,0,0,0,0,0,0,0,0,0,0,0,0,0,0,0,0,0,0
7273,0,0,0,0,0,0,0,0,0,0,0,0,0,0,0,0,0,0,0,0,0
7274,7,7,6,6,6,5,5,5,6,6,6,6,5,5,6,6,6,6,6,5,5
7275,74,87,87,71,60,51,53,68,79,80,69,61,53,54,69,80,82,70,60,51,52
7276,28,29,28,24,21,19,20,23,25,25,22,20,19,19,22,23,23,21,19,18,18
7277,62,62,59,51,46,43,46,52,55,53,50,46,44,47,53,56,56,53,49,46,50
7278,17,18,17,15,14,13,14,16,17,17,15,14,13,13,16,17,17,16,15,14,15
7279,36,40,38,35,33,31,29,33,37,36,35,33,31,29,34,39,38,36,34,33,32
7280,100,108,108,96,81,74,82,93,104,97,90,79,74,81,95,103,104,101,89,84,98
7281,4,4,4,3,3,3,3,3,3,4,3,3,3,3,3,3,3,3,3,3,2
7282,7,6,5,5,4,4,5,5,5,5,4,4,4,5,5,4,4,4,3,3,4
7283,4,3,3,3,3,3,3,3,3,3,3,3,3,3,3,3,3,3,2,2,3
7284,0,0,0,0,0,0,0,0,0,0,0,0,0,0,0,0,0,0,0,0,0
7285,0,0,0,0,0,0,0,0,0,0,0,0,0,0,0,0,0,0,0,0,0
7286,0,0,0,0,0,0,0,1,0,0,0,0,0,0,1,0,0,0,0,0,0
7287,0,0,0,0,0,0,0,0,0,0,0,0,0,0,0,0,0,0,0,0,0
7288,0,0,0,0,0,0,0,0,0,0,0,0,0,0,0,0,0,0,0,0,0
7289,0,0,0,0,0,0,0,0,0,0,0,0,0,0,0,0,0,0,0,0,0
7290,0,0,0,0,0,0,0,0,0,0,0,0,0,0,0,0,0,0,0,0,0
7291,0,0,0,0,0,0,0,0,0,0,0,0,0,0,0,0,0,0,0,0,0
7292,4,5,5,5,4,4,4,4,5,5,5,4,4,4,4,5,5,5,5,4,4
7293,4,4,3,3,3,3,3,4,4,3,3,3,3,3,4,4,3,3,3,3,3
7294,2,2,2,2,2,2,2,2,2,2,2,2,2,2,2,2,2,2,2,2,2
7295,10,9,8,7,7,6,7,8,8,7,6,6,5,5,6,6,6,5,5,4,5
7296,44,48,46,40,36,34,35,41,46,43,39,34,31,31,40,45,43,40,35,35,39
7297,2,3,3,3,3,2,1,2,3,3,3,3,2,1,2,3,3,3,3,2,1
7298,10,11,10,9,8,7,8,9,10,10,9,8,7,7,9,9,9,8,7,7,7
7299,12,12,12,10,10,8,9,11,11,11,10,9,8,9,10,11,11,10,9,8,9
7300,4,5,5,4,4,3,4,4,5,5,4,4,3,4,4,5,5,4,4,3,4
7301,8,8,8,7,6,6,6,6,7,7,7,6,6,6,6,7,7,7,6,6,6
7302,41,46,50,47,42,40,42,50,54,52,47,42,41,44,48,47,45,40,33,33,37
7303,6,6,6,5,5,4,4,5,5,5,5,4,4,4,4,5,5,4,4,4,4
7304,2,2,2,2,2,2,2,3,3,3,3,2,2,2,3,3,3,3,2,2,2
7305,2,3,2,2,2,2,2,2,3,2,2,2,2,2,2,3,2,2,2,2,2
7306,23,24,24,22,20,18,18,22,24,23,21,19,18,18,20,20,19,18,16,14,14
7307,3,3,3,4,4,3,3,3,3,3,4,4,3,3,3,3,3,4,4,3,3
7308,1,1,1,1,1,1,1,1,1,1,1,1,1,1,1,1,1,1,1,1,1
7309,6,6,7,6,5,5,5,5,6,7,6,5,5,5,5,6,6,6,5,4,5
7310,3,3,3,3,2,2,2,3,2,3,3,2,2,2,2,2,3,3,2,2,2
7311,11,11,11,11,10,10,10,11,11,11,11,10,10,10,10,10,10,10,10,9,9
7312,2,2,2,2,2,2,2,2,2,2,2,2,2,2,2,2,2,2,2,2,2
7313,6,7,7,6,6,5,5,6,6,7,6,6,5,5,6,6,7,6,6,5,5
7314,1,1,1,1,1,1,1,1,1,1,1,1,1,1,1,1,1,1,1,1,1
7315,6,6,7,6,6,6,6,6,6,7,6,6,6,6,6,6,7,6,6,6,6
7316,167,189,186,173,156,138,136,170,176,166,158,147,133,131,166,175,176,174,163,150,154
7317,0,0,1,0,0,0,0,0,0,1,0,0,0,0,0,0,1,0,0,0,0
7318,0,0,0,0,0,0,0,0,0,0,0,0,0,0,0,0,0,0,0,0,0
7319,11,11,11,10,9,8,8,9,9,9,9,8,7,7,8,8,9,9,8,7,7
7320,27,24,23,20,19,17,17,19,21,22,20,18,16,16,18,19,20,19,17,15,14
7321,13,13,13,12,11,10,10,11,12,12,11,11,9,9,11,11,12,11,11,9,10
7322,1,1,1,0,0,0,0,0,0,0,0,0,0,0,0,0,0,0,0,0,0
7323,5,5,5,4,4,3,3,4,5,5,5,4,3,4,5,5,5,5,4,4,4
7324,4,4,4,5,4,3,3,4,4,4,4,4,3,3,3,4,4,4,3,3,3
7325,11,11,10,9,8,7,7,8,9,9,8,7,6,6,7,8,7,7,7,6,6
7326,7,7,8,7,6,6,6,7,8,8,7,6,6,6,7,8,8,7,6,6,6
7327,11,10,10,8,8,7,7,9,9,9,8,7,6,6,8,8,8,7,6,6,6
7328,13,13,13,12,10,9,11,12,13,13,11,10,9,10,12,12,13,11,10,9,10
7329,0,0,0,0,0,0,0,0,0,0,0,0,0,0,0,0,0,0,0,0,0
7330,3,3,3,3,2,2,3,3,3,3,3,3,3,3,3,4,3,3,3,3,3
7331,3,3,3,4,3,3,2,3,3,3,4,3,2,2,3,3,3,4,3,2,2
7332,1,1,1,1,1,1,1,1,1,1,1,1,1,1,1,1,1,1,1,1,1
7333,1,1,1,1,1,0,0,1,1,1,1,1,0,0,1,1,1,1,1,1,0
7334,0,0,0,0,0,0,0,0,0,0,0,0,0,0,0,0,0,0,0,0,0
7335,2,1,1,1,1,1,1,1,1,1,1,1,1,1,1,1,1,1,1,1,1
7336,4,4,3,3,3,3,3,3,3,3,3,3,2,3,3,3,3,3,3,2,3
7337,1,1,1,1,0,0,0,1,1,1,1,0,0,0,1,1,0,0,0,0,0
7338,0,0,0,0,0,0,0,0,0,0,0,0,0,0,0,0,0,0,0,0,0
7339,1,1,1,1,1,1,1,1,1,1,1,1,1,1,1,1,1,1,1,1,1
7340,2,2,2,2,1,1,2,2,2,2,2,1,1,2,2,2,2,2,1,1,2
7341,0,0,0,0,0,0,0,0,0,0,0,0,0,0,0,0,0,0,0,0,0
7342,0,0,0,0,0,0,0,0,0,0,0,0,0,0,0,0,0,0,0,0,0
7343,0,0,0,0,0,0,0,0,0,0,0,0,0,0,0,0,0,0,0,0,0
7344,0,0,0,0,0,0,0,0,0,0,0,0,0,0,0,0,0,0,0,0,0
7345,0,0,0,0,0,0,0,0,0,0,0,0,0,0,0,0,0,0,0,0,0
7346,0,0,0,0,0,0,0,0,0,0,0,0,0,0,0,0,0,0,0,0,0
7347,0,0,0,0,0,0,0,0,0,0,0,0,0,0,0,0,0,0,0,0,0
7348,0,0,0,0,0,0,0,0,0,0,0,0,0,0,0,0,0,0,0,0,0
7349,0,0,0,0,0,0,0,0,0,0,0,0,0,0,0,0,0,0,0,0,0
7350,4,4,4,4,3,3,4,4,4,4,4,3,3,4,4,4,4,4,3,3,4
7351,1,1,1,1,1,1,1,1,1,1,1,1,1,1,1,1,1,1,1,1,1
7352,4,4,4,4,3,3,3,4,4,4,4,3,3,3,4,4,4,3,3,3,3
7353,0,0,0,0,0,0,0,0,0,0,0,0,0,0,0,0,0,0,0,0,0
7354,0,0,0,0,0,0,0,0,0,0,0,0,0,0,0,0,0,0,0,0,0
7355,0,0,0,0,0,0,0,0,0,0,0,0,0,0,0,0,0,0,0,0,0
7356,0,0,0,0,0,0,0,0,0,0,0,0,0,0,0,0,0,0,0,0,0
7357,0,0,0,0,0,0,0,0,0,0,0,0,0,0,0,0,0,0,0,0,0
7358,4,5,5,4,4,4,4,4,5,4,4,4,3,4,4,4,4,3,3,3,3
7359,19,21,21,19,17,16,16,20,22,22,20,17,16,17,19,19,19,17,15,13,13
7360,0,0,0,0,0,0,0,0,0,0,0,0,0,0,0,0,0,0,0,0,0
7361,2,3,3,3,3,3,3,4,4,4,3,3,3,4,4,4,4,3,3,3,4
7362,1,1,2,2,2,1,1,1,1,2,2,2,1,1,1,1,2,2,2,1,1
7363,1,1,1,1,1,1,1,2,2,2,2,1,1,2,2,2,2,1,1,1,2
7364,0,0,0,0,0,0,0,0,0,0,0,0,0,0,0,0,0,0,0,0,0
7365,0,0,0,0,0,0,0,0,0,0,0,0,0,0,0,0,0,0,0,0,0
7366,0,0,0,0,0,0,0,0,0,0,0,0,0,0,0,0,0,0,0,0,0
7367,0,0,0,0,0,0,0,0,0,0,0,0,0,0,0,0,0,0,0,0,0
7368,5,4,4,3,2,2,2,3,3,3,3,2,2,2,2,3,3,2,2,2,2
7369,1,1,1,1,1,1,1,1,1,1,1,1,1,1,1,1,1,1,1,1,1
7370,0,0,0,0,0,0,0,0,0,0,0,0,0,0,0,0,0,0,0,0,0
7371,0,0,0,0,0,0,0,0,0,0,0,0,0,0,0,0,0,0,0,0,0
7372,1,1,0,0,0,0,0,0,0,0,0,0,0,0,0,0,0,0,0,0,0
7373,0,0,0,0,0,0,0,0,0,0,0,0,0,0,0,0,0,0,0,0,0
7374,0,0,0,0,0,0,0,0,0,0,0,0,0,0,0,0,0,0,0,0,0
7375,0,0,0,0,0,0,0,0,0,0,0,0,0,0,0,0,0,0,0,0,0
7376,0,0,0,0,0,0,0,0,0,0,0,0,0,0,0,0,0,0,0,0,0
7377,0,0,0,0,0,0,0,0,0,0,0,0,0,0,0,0,0,0,0,0,0
7378,32,33,34,32,29,26,25,28,32,35,34,30,26,25,29,33,36,34,31,29,30
7379,0,0,0,0,0,0,0,0,0,1,0,0,0,0,0,0,1,0,0,0,0
7380,0,0,0,0,0,0,0,0,0,0,0,0,0,0,0,0,0,0,0,0,0
7381,0,0,0,0,0,0,0,0,0,0,0,0,0,0,0,0,0,0,0,0,0
7382,0,0,0,0,0,0,0,0,0,0,0,0,0,0,0,0,0,0,0,0,0
7383,0,0,0,0,0,0,0,0,0,0,0,0,0,0,0,0,0,0,0,0,0
7384,0,0,0,0,0,0,0,0,0,0,0,0,0,0,0,0,0,0,0,0,0
7385,0,0,0,0,0,0,0,0,0,0,0,0,0,0,0,0,0,0,0,0,0
7386,0,0,0,0,0,0,0,0,0,0,0,0,0,0,0,0,0,0,0,0,0
7387,0,0,0,0,0,0,0,0,0,0,0,0,0,0,0,0,0,0,0,0,0
7388,0,0,0,0,0,0,0,0,0,0,0,0,0,0,0,0,0,0,0,0,0
7389,5,5,4,5,6,4,5,5,5,4,5,6,4,5,5,5,4,5,6,4,5
7390,3,1,0,1,0,2,1,3,1,0,1,0,2,1,3,1,0,1,0,2,1
7391,0,0,0,0,0,0,0,0,0,0,0,0,0,0,0,0,0,0,0,0,0
7392,0,0,0,0,0,0,0,0,0,0,0,0,0,0,0,0,0,0,0,0,0
7393,2,2,2,2,2,2,2,2,2,2,2,2,1,2,2,2,2,2,2,1,2
7394,2,1,1,0,1,1,1,2,1,1,0,1,1,1,2,1,1,0,1,1,1
7395,0,0,0,0,0,0,0,0,0,0,0,0,0,0,0,0,0,0,0,0,0
7396,2,2,2,2,2,2,2,2,2,2,2,2,2,2,2,2,2,2,2,2,2
7397,0,0,0,0,0,0,0,0,0,0,0,0,0,0,0,0,0,0,0,0,0
7398,1,2,2,1,1,1,1,2,2,2,2,1,1,1,2,2,2,2,1,1,1
7399,1,1,1,1,1,1,1,1,1,1,1,1,1,1,1,1,1,1,1,1,1
7400,0,0,0,0,0,0,0,0,0,0,0,0,0,0,0,0,0,0,0,0,0
7401,1,1,1,1,1,1,1,1,1,1,1,1,1,1,1,1,1,1,1,1,1
7402,1,1,1,1,0,1,1,1,1,1,1,0,1,1,1,1,1,1,0,1,1
7403,3,3,2,3,3,3,2,2,2,2,3,3,3,2,2,2,2,3,3,2,2
7404,0,0,0,0,0,0,0,0,0,0,0,0,0,0,0,0,0,0,0,0,0
7405,1,1,1,1,1,1,1,1,1,1,1,1,1,1,1,1,1,1,1,1,1
7406,0,0,0,0,0,0,0,0,0,0,0,0,0,0,0,0,0,0,0,0,0
7407,0,0,0,0,0,0,0,0,0,0,0,0,0,0,0,0,0,0,0,0,0
7408,0,0,0,0,0,0,0,0,0,0,0,0,0,0,0,0,0,0,0,0,0
7409,0,1,0,0,1,0,0,0,1,0,0,0,0,0,0,1,0,0,0,0,0
7410,0,0,0,0,0,0,0,0,0,0,0,0,0,0,0,0,0,0,0,0,0
7411,0,0,0,0,0,0,0,0,0,0,0,0,0,0,0,0,0,0,0,0,0
7412,0,0,0,0,0,0,0,0,0,0,0,0,0,0,0,0,0,0,0,0,0
7413,0,0,0,0,0,0,0,0,0,0,0,0,0,0,0,0,0,0,0,0,0
7414,0,0,0,0,0,0,0,0,0,0,0,0,0,0,0,0,0,0,0,0,0
7415,0,0,0,0,0,0,0,0,0,0,0,0,0,0,0,0,0,0,0,0,0
7416,0,0,0,0,0,0,0,0,0,0,0,0,0,0,0,0,0,0,0,0,0
7417,0,0,0,0,0,0,0,0,0,0,0,0,0,0,0,0,0,0,0,0,0
7418,0,0,0,0,0,0,0,0,0,0,0,0,0,0,0,0,0,0,0,0,0
7419,0,0,0,0,0,0,0,0,0,0,0,0,0,0,0,0,0,0,0,0,0
7420,0,0,0,0,0,0,0,0,0,0,0,0,0,0,0,0,0,0,0,0,0
7421,0,0,0,0,0,0,0,0,0,0,0,0,0,0,0,0,0,0,0,0,0
7422,0,0,0,0,0,0,0,0,0,0,0,0,0,0,0,0,0,0,0,0,0
7423,0,0,0,0,0,0,0,0,0,0,0,0,0,0,0,0,0,0,0,0,0
7424,0,0,0,0,0,0,0,0,0,0,0,0,0,0,0,0,0,0,0,0,0
7425,1,1,1,1,1,1,1,1,1,1,1,1,1,1,1,1,1,1,1,1,1
7426,0,0,0,0,0,0,0,0,0,0,0,0,0,0,0,0,0,0,0,0,0
7427,0,0,0,0,0,0,0,0,0,0,0,0,0,0,0,0,0,0,0,0,0
7428,1,1,2,2,2,1,1,1,1,2,2,2,1,1,1,1,2,2,2,1,1
7429,0,0,0,0,0,0,0,0,0,0,0,0,0,0,0,0,0,0,0,0,0
7430,0,0,0,0,0,0,0,0,0,0,0,0,0,0,0,0,0,0,0,0,0
7431,6,7,6,6,5,5,4,6,7,6,6,5,5,4,6,7,6,6,5,5,5
7432,1,1,1,0,0,0,1,1,1,1,0,0,0,1,1,1,1,0,0,0,1
7433,1,2,2,1,1,1,1,1,2,2,1,1,1,1,1,2,2,1,1,1,1
7434,1,1,1,1,1,1,1,1,1,1,1,1,1,1,1,1,1,1,1,1,1
7435,0,0,0,0,0,0,0,0,0,0,0,0,0,0,0,0,0,0,0,0,0
7436,0,0,0,0,0,0,0,0,0,0,0,0,0,0,0,0,0,0,0,0,0
7437,8,9,10,11,13,11,8,8,9,10,11,13,11,8,8,9,10,11,13,11,8
7438,0,0,0,0,0,0,0,0,0,0,0,0,0,0,0,0,0,0,0,0,0
7439,0,0,0,0,0,0,0,0,0,0,0,0,0,0,0,0,0,0,0,0,0
7440,0,0,0,0,0,0,0,0,0,0,0,0,0,0,0,0,0,0,0,0,0
7441,2,3,3,3,2,2,2,2,3,3,3,2,2,2,3,3,3,3,2,2,2
7442,1,1,1,1,1,1,1,1,1,1,1,1,1,1,1,1,1,1,1,1,1
7443,0,0,0,0,0,0,0,0,0,0,0,0,0,0,0,0,0,0,0,0,0
7444,0,0,0,0,0,0,0,0,0,0,0,0,0,0,0,0,0,0,0,0,0
7445,0,0,0,0,0,0,0,0,0,0,0,0,0,0,0,0,0,0,0,0,0
7446,2,2,2,2,2,1,2,2,2,2,2,2,1,2,2,2,2,2,2,2,2
7447,0,0,0,0,0,0,0,0,0,0,0,0,0,0,0,0,0,0,0,0,0
7448,0,0,0,0,0,0,0,0,0,0,0,0,0,0,0,0,0,0,0,0,0
7449,32,38,40,38,33,27,28,32,38,40,38,33,27,28,32,38,40,38,33,27,28
7450,1,2,2,1,1,1,1,1,2,2,1,1,1,1,1,2,2,1,1,1,1
7451,0,0,0,0,0,0,0,0,0,0,0,0,0,0,0,0,0,0,0,0,0
7452,0,0,0,0,0,0,0,0,0,0,0,0,0,0,0,0,0,0,0,0,0
7453,0,0,0,0,0,0,0,0,0,0,0,0,0,0,0,0,0,0,0,0,0
7454,14,20,21,19,16,14,13,14,20,21,19,16,14,13,14,20,21,19,16,14,13
7455,0,0,1,1,0,0,0,0,0,1,1,0,0,0,0,0,1,1,0,0,0
7456,0,0,0,0,0,0,0,0,0,0,0,0,0,0,0,0,0,0,0,0,0
7457,2,3,2,2,2,2,2,2,3,2,3,2,2,2,3,4,3,3,3,3,4
7458,0,0,0,0,0,0,0,0,0,0,0,0,0,0,0,0,0,0,0,0,0
7459,0,0,0,0,0,0,0,0,0,0,0,0,0,0,0,0,0,0,0,0,0
7460,12,11,9,8,8,7,9,11,10,9,8,8,7,9,11,10,9,8,8,7,9
7461,0,0,0,0,0,0,0,0,0,0,0,0,0,0,0,0,0,0,0,0,0
7462,2,2,1,1,1,1,1,1,1,1,1,1,1,1,1,1,1,1,1,1,1
7463,0,0,0,0,0,0,0,0,0,0,0,0,0,0,0,0,0,0,0,0,0
7464,0,0,0,0,0,0,0,0,0,0,0,0,0,0,0,0,0,0,0,0,0
7465,7,6,6,6,5,4,4,7,6,6,6,5,4,4,7,6,6,6,5,4,4
7466,11,13,13,12,11,10,9,11,13,13,12,11,10,9,11,13,13,12,11,10,9
7467,3,3,3,2,2,2,2,3,3,3,3,2,2,2,3,3,3,2,2,2,2
7468,32,33,33,29,25,24,24,28,31,29,27,24,23,24,27,29,30,28,25,24,25
7469,16,16,15,13,11,10,11,12,13,12,11,10,9,10,11,12,12,11,10,9,10
7470,10,10,9,8,8,7,8,9,9,9,9,8,8,8,9,10,9,9,8,7,8
7471,4,5,5,4,4,3,4,4,5,5,5,4,4,5,5,6,6,5,4,4,5
7472,1,1,1,1,1,1,1,1,1,2,2,1,1,1,1,2,2,2,1,1,1
7473,6,6,5,4,4,4,4,5,5,5,4,4,4,4,5,4,4,4,4,3,3
7474,0,0,0,0,0,0,0,0,0,0,0,0,0,0,0,0,0,0,0,0,0
7475,0,0,0,0,1,0,0,0,0,0,1,1,0,0,0,0,0,0,1,0,0
7476,3,3,3,2,2,2,2,2,3,2,2,2,2,2,2,2,2,2,2,2,2
7477,9,9,8,7,7,7,7,8,8,7,7,7,7,7,8,8,7,7,6,6,7
7478,0,0,0,0,0,1,1,0,0,0,0,0,1,1,0,0,0,0,0,1,1
7479,13,15,15,14,13,12,13,15,16,15,14,12,12,13,14,15,14,13,11,11,12
7480,4,5,5,3,2,1,1,4,5,5,3,2,1,1,4,5,5,3,2,1,1
7481,0,0,0,0,0,0,0,0,0,0,0,0,0,0,0,0,0,0,0,0,0
7482,10,9,9,8,7,7,7,8,8,7,7,6,6,6,7,7,6,6,5,5,5
7483,88,85,74,65,58,65,66,84,82,70,62,56,64,65,82,79,68,60,55,64,66
7484,21,21,20,16,14,13,14,16,17,16,14,13,12,13,15,16,16,14,13,12,13
7485,88,81,74,65,59,64,74,88,87,77,67,60,67,79,88,82,74,65,57,64,73
7486,2,2,2,1,1,1,2,2,2,2,1,1,1,1,2,2,2,1,1,1,2
7487,56,59,57,50,44,42,51,60,64,59,51,45,43,50,60,63,61,54,47,47,60
7488,0,0,0,0,0,0,0,0,0,0,0,0,0,0,0,0,0,0,0,0,0
7489,0,0,0,0,0,0,0,0,0,0,0,0,0,0,0,0,0,0,0,0,0
7490,0,0,0,0,0,0,0,0,0,0,0,0,0,0,0,0,0,0,0,0,0
7491,0,0,0,0,0,0,0,0,0,0,0,0,0,0,0,0,0,0,0,0,0
7492,28,31,32,29,24,21,22,28,31,31,27,23,19,20,24,25,25,22,18,15,16
7493,9,8,7,7,6,7,8,9,8,7,7,6,6,8,9,8,7,7,6,7,8
7494,4,5,5,5,4,3,4,4,5,5,5,4,3,4,4,5,5,5,4,3,4
7495,0,0,0,1,1,0,0,0,1,0,1,1,0,0,0,1,0,1,1,0,0
7496,1,1,1,1,1,0,0,1,1,1,1,1,0,0,1,1,1,1,1,0,0
7497,4,4,4,4,4,3,3,4,4,4,4,4,3,3,4,4,4,4,4,3,3
7498,1,1,1,1,1,1,1,1,1,1,1,1,1,1,1,1,1,1,1,1,1
7499,6,6,6,5,5,5,5,6,6,6,5,5,5,5,6,6,6,5,5,5,5
7500,4,3,2,3,3,3,3,4,3,2,3,3,3,3,4,3,2,3,3,3,3
7501,1,1,1,1,1,1,1,1,1,1,1,1,1,1,1,1,1,1,1,1,1
7502,0,0,0,0,0,0,0,0,0,0,0,0,0,0,0,0,0,0,0,0,0
7503,0,0,0,1,0,0,0,0,0,0,1,0,0,0,0,0,0,1,0,0,0
7504,0,1,1,1,1,0,0,0,1,1,1,1,0,0,0,1,1,1,1,0,0
7505,4,4,4,4,3,3,3,4,4,4,4,3,3,3,4,4,4,4,3,3,3
7506,0,0,0,0,0,0,0,0,0,0,0,0,0,0,0,0,0,0,0,0,0
7507,4,5,4,4,4,3,4,4,5,4,4,4,3,4,4,5,4,4,4,3,4
7508,17,17,17,15,13,11,12,15,15,15,13,12,10,11,12,12,12,10,9,7,9
7509,1,1,1,1,1,1,1,1,2,1,1,1,1,1,1,2,2,1,1,1,1
7510,0,0,0,0,0,0,0,0,0,0,0,0,0,0,0,0,0,0,0,0,0
7511,0,0,0,0,0,0,0,0,0,0,0,0,0,0,0,0,0,0,0,0,0
7512,1,1,1,1,1,1,1,1,2,2,1,1,1,1,2,2,2,1,1,1,1
7513,18,18,16,14,12,12,14,16,17,16,14,12,12,13,16,17,16,14,13,13,15
7514,0,0,0,0,0,0,0,0,0,0,0,0,0,0,0,0,0,0,0,0,0
7515,0,0,0,0,0,0,0,0,0,0,0,0,0,0,0,0,0,0,0,0,0
7516,0,0,0,0,0,0,0,0,0,0,0,0,0,0,0,0,0,0,0,0,0
7517,2,2,2,2,2,2,1,2,2,2,2,2,2,1,2,2,2,2,2,2,2
7518,0,0,0,0,0,0,0,0,0,0,0,0,0,0,0,0,0,0,0,0,0
7519,1,1,1,1,1,1,1,1,1,1,1,1,1,1,1,1,1,1,1,1,1
7520,1,1,1,1,1,1,1,1,1,1,1,1,1,1,1,1,1,1,1,1,1
7521,3,4,4,5,5,3,3,4,5,4,5,5,4,3,4,4,4,5,5,4,4
7522,1,2,2,2,1,1,1,1,2,2,2,1,1,1,1,2,2,2,1,1,1
7523,4,4,4,4,4,3,3,4,4,4,4,4,3,3,4,4,4,4,4,3,3
7524,0,1,0,0,1,0,0,0,1,0,0,1,0,0,0,1,0,0,1,0,0
7525,1,1,1,1,1,1,1,1,1,1,1,1,1,1,1,1,1,1,1,1,1
7526,1,1,1,1,1,1,1,1,2,2,1,1,1,1,2,2,2,1,1,1,1
7527,0,0,0,0,0,0,0,0,0,0,0,0,0,0,0,0,0,0,0,0,0
7528,0,0,0,0,0,0,0,0,0,0,0,0,0,0,0,0,0,0,0,0,0
7529,0,0,0,0,0,0,0,0,0,0,0,0,0,0,0,0,0,0,0,0,0
7530,0,0,0,0,0,0,0,0,0,0,0,0,0,0,0,0,0,0,0,0,0
7531,1,1,1,1,1,1,1,1,1,1,1,1,1,1,1,1,1,1,1,1,1
7532,0,0,0,0,0,0,0,0,0,0,0,0,0,0,0,0,0,0,0,0,0
7533,1,1,1,1,1,1,1,1,1,1,1,1,1,1,1,1,1,1,1,1,1
7534,0,0,0,0,0,0,0,0,0,0,0,0,0,0,0,0,0,0,0,0,0
7535,0,0,0,0,0,0,0,0,0,0,0,0,0,0,0,0,0,0,0,0,0
7536,0,0,0,0,0,0,0,0,0,0,0,0,0,0,0,0,0,0,0,0,0
7537,0,0,0,0,0,0,0,0,0,0,0,0,0,0,0,0,0,0,0,0,0
7538,0,0,0,0,0,0,0,0,0,0,0,0,0,0,0,0,0,0,0,0,0
7539,0,0,0,0,0,0,0,0,0,0,0,0,0,0,0,0,0,0,0,0,0
7540,0,0,0,0,0,0,0,0,0,0,0,0,0,0,0,0,0,0,0,0,0
7541,0,0,0,0,0,0,0,0,0,0,0,0,0,0,0,0,0,0,0,0,0
7542,0,0,0,0,0,0,0,0,0,0,0,0,0,0,0,0,0,0,0,0,0
7543,0,0,0,0,0,0,0,0,0,0,0,0,0,0,0,0,0,0,0,0,0
7544,0,0,0,0,0,0,0,0,0,0,0,0,0,0,0,0,0,0,0,0,0
7545,0,0,0,0,0,0,0,0,0,0,0,0,0,0,0,0,0,0,0,0,0
7546,0,0,0,0,0,0,0,0,0,0,0,0,0,0,0,0,0,0,0,0,0
7547,0,0,0,0,0,0,0,0,0,0,0,0,0,0,0,0,0,0,0,0,0
7548,0,0,0,0,0,0,0,0,0,0,0,0,0,0,0,0,0,0,0,0,0
7549,0,0,0,0,0,0,0,0,0,0,0,0,0,0,0,0,0,0,0,0,0
7550,0,0,0,0,0,0,0,0,0,0,0,0,0,0,0,0,0,0,0,0,0
7551,0,0,0,0,0,0,0,0,0,0,0,0,0,0,0,0,0,0,0,0,0
7552,0,0,0,0,0,0,0,0,0,0,0,0,0,0,0,0,0,0,0,0,0
7553,0,0,0,0,0,0,0,0,0,0,0,0,0,0,0,0,0,0,0,0,0
7554,0,0,0,0,0,0,0,0,0,0,0,0,0,0,0,0,0,0,0,0,0
7555,0,0,0,0,0,0,0,0,0,0,0,0,0,0,0,0,0,0,0,0,0
7556,0,0,0,0,0,0,0,0,0,0,0,0,0,0,0,0,0,0,0,0,0
7557,0,0,0,0,0,0,0,0,0,0,0,0,0,0,0,0,0,0,0,0,0
7558,0,0,0,0,0,0,0,0,0,0,0,0,0,0,0,0,0,0,0,0,0
7559,0,0,0,0,0,0,0,0,0,0,0,0,0,0,0,0,0,0,0,0,0
7560,3,5,5,5,5,2,2,3,5,5,5,5,2,2,3,5,5,5,5,2,2
7561,0,0,0,0,0,0,0,0,0,0,0,0,0,0,0,0,0,0,0,0,0
7562,0,0,0,0,0,0,0,0,0,0,0,0,0,0,0,0,0,0,0,0,0
7563,0,0,0,0,0,0,0,0,0,0,0,0,0,0,0,0,0,0,0,0,0
7564,0,0,0,0,0,0,0,0,0,0,0,0,0,0,0,0,0,0,0,0,0
7565,0,0,0,0,0,0,0,0,0,0,0,0,0,0,0,0,0,0,0,0,0
7566,0,0,0,0,0,0,0,0,0,0,0,0,0,0,0,0,0,0,0,0,0
7567,0,0,0,0,0,0,0,0,0,0,0,0,0,0,0,0,0,0,0,0,0
7568,3,2,1,1,1,1,1,1,1,1,1,0,1,1,1,1,1,0,0,1,1
7569,0,0,0,0,0,0,0,0,0,0,0,0,0,0,0,0,0,0,0,0,0
7570,0,0,0,0,0,0,0,0,0,0,0,0,0,0,0,0,0,0,0,0,0
7571,0,0,0,0,0,0,0,0,0,0,0,0,0,0,0,0,0,0,0,0,0
7572,27,32,37,42,38,31,23,27,32,35,41,36,29,21,25,29,33,39,34,28,20
7573,0,1,1,1,1,0,0,0,1,1,1,1,0,0,0,1,1,1,1,0,0
7574,0,0,0,0,0,0,0,0,0,0,0,0,0,0,0,0,0,0,0,0,0
7575,0,0,0,0,0,0,0,0,0,0,0,0,0,0,0,0,0,0,0,0,0
7576,0,0,0,0,0,0,0,0,0,0,0,0,0,0,0,0,0,0,0,0,0
7577,0,0,0,0,0,0,0,0,0,0,0,0,0,0,0,0,0,0,0,0,0
7578,0,0,0,0,0,0,0,0,0,0,0,0,0,0,0,0,0,0,0,0,0
7579,0,0,0,0,0,0,0,0,0,0,0,0,0,0,0,0,0,0,0,0,0
7580,6,7,7,6,6,5,5,6,7,7,6,6,5,5,6,7,7,6,6,5,5
7581,2,2,1,1,1,1,1,2,2,2,1,1,1,1,2,2,2,1,1,1,1
7582,1,1,2,1,1,1,1,1,1,2,1,1,1,1,1,1,2,1,1,1,1
7583,6,6,5,5,4,4,4,5,5,5,4,4,4,4,5,5,5,4,4,4,4
7584,35,32,28,23,19,16,18,20,21,21,19,17,16,18,20,20,21,19,17,16,16
7585,0,0,0,0,0,0,0,0,0,0,0,0,0,0,0,0,0,0,0,0,0
7586,0,0,0,0,0,0,0,0,0,0,0,0,0,0,0,0,0,0,0,0,0
7587,0,0,0,0,0,0,0,0,0,0,0,0,0,0,0,0,0,0,0,0,0
7588,0,0,0,0,0,0,0,0,0,0,0,0,0,0,0,0,0,0,0,0,0
7589,4,5,5,4,4,4,4,4,5,5,4,4,4,4,4,4,4,4,4,3,3
7590,42,48,54,51,48,41,37,46,55,60,58,52,42,36,46,54,60,57,51,45,44
7591,3,3,3,3,3,3,3,3,3,3,3,3,3,3,3,3,3,3,2,2,3
7592,3,3,3,3,3,3,3,3,3,3,3,3,2,2,3,3,3,3,2,2,2
7593,1,1,1,1,1,1,1,1,1,1,1,1,1,1,1,1,1,1,1,1,1
7594,2,2,2,2,1,1,1,2,2,2,2,1,1,1,2,2,2,2,1,1,2
7595,7,7,7,7,6,6,6,7,7,7,7,6,5,6,6,7,7,7,6,5,6
7596,1,1,1,1,1,1,1,1,1,1,1,1,1,1,1,1,1,1,1,1,1
7597,0,0,0,0,0,0,0,0,0,0,0,0,0,0,0,0,0,0,0,0,0
7598,0,0,0,0,0,0,0,0,0,0,0,0,0,0,0,0,0,0,0,0,0
7599,0,0,0,0,0,0,0,0,0,0,0,0,0,0,0,0,0,0,0,0,0
7600,0,0,0,0,0,0,0,0,0,0,0,0,0,0,0,0,0,0,0,0,0
7601,0,0,0,0,0,0,0,0,0,0,0,0,0,0,0,0,0,0,0,0,0
7602,0,0,0,0,0,0,0,0,0,0,0,0,0,0,0,0,0,0,0,0,0
7603,0,1,1,0,0,0,0,0,1,1,0,0,0,0,0,1,1,0,0,0,0
7604,1,1,1,1,1,1,1,1,1,1,1,1,1,1,1,1,1,1,1,1,1
7605,0,0,0,0,0,0,0,0,0,0,0,0,0,0,0,0,0,0,0,0,0
7606,0,0,0,0,0,0,0,0,0,0,0,0,0,0,0,0,0,0,0,0,0
7607,32,37,40,37,34,30,31,36,41,42,39,36,31,32,37,40,42,40,35,30,31
7608,7,9,10,9,6,6,6,6,9,9,8,6,5,5,6,8,8,7,5,5,5
7609,15,15,14,11,9,8,8,9,10,10,9,8,7,7,8,9,10,9,7,7,7
7610,0,0,0,0,0,0,0,0,0,0,0,0,0,0,0,0,0,0,0,0,0
7611,0,0,0,0,0,0,0,0,0,0,0,0,0,0,0,0,0,0,0,0,0
7612,0,0,0,0,0,0,0,0,0,0,0,0,0,0,0,0,0,0,0,0,0
7613,0,0,0,0,0,0,0,0,0,0,0,0,0,0,0,0,0,0,0,0,0
7614,0,0,0,0,0,0,0,0,0,0,0,0,0,0,0,0,0,0,0,0,0
7615,0,0,0,0,0,0,0,0,0,0,0,0,0,0,0,0,0,0,0,0,0
7616,0,0,0,0,0,0,0,0,0,0,0,0,0,0,0,0,0,0,0,0,0
7617,0,0,0,0,0,0,0,0,0,0,0,0,0,0,0,0,0,0,0,0,0
7618,0,0,0,0,0,0,0,0,0,0,0,0,0,0,0,0,0,0,0,0,0
7619,0,0,0,0,0,0,0,0,0,0,0,0,0,0,0,0,0,0,0,0,0
7620,2,2,2,2,2,1,1,2,2,2,2,2,1,1,2,2,2,2,2,1,1
7621,0,0,0,0,0,0,0,0,0,0,0,0,0,0,0,0,0,0,0,0,0
7622,4,4,6,5,4,3,2,4,4,6,5,4,3,2,4,4,6,5,4,3,2
7623,1,3,3,2,2,1,1,1,3,3,2,2,1,1,1,3,3,2,2,1,1
7624,17,27,36,35,30,21,13,17,27,36,35,30,21,13,17,27,36,35,30,21,13
7625,2,2,2,2,2,1,1,2,2,2,2,2,1,1,2,2,2,2,2,1,1
7626,8,9,10,8,8,7,5,7,8,10,8,8,7,4,7,8,10,8,8,7,4
7627,0,0,0,0,0,0,0,0,0,0,0,0,0,0,0,0,0,0,0,0,0
7628,0,0,0,0,0,0,0,0,0,0,0,0,0,0,0,0,0,0,0,0,0
7629,1,1,1,1,0,0,1,1,1,1,1,0,0,1,1,1,1,1,0,0,1
7630,19,16,14,10,8,9,11,13,13,12,10,8,9,11,13,12,12,9,8,8,10
7631,0,0,0,0,0,0,0,0,0,0,0,0,0,0,0,0,0,0,0,0,0
7632,4,4,5,4,4,3,3,4,4,4,4,4,3,3,4,4,5,4,4,4,3
7633,1,1,2,1,1,1,1,2,2,2,2,1,1,2,2,2,2,2,2,2,2
7634,3,4,5,4,5,4,3,4,5,5,5,5,4,4,4,5,6,5,5,5,4
7635,6,8,8,8,6,5,5,6,8,8,8,6,5,5,6,8,8,8,6,5,5
7636,4,4,4,4,3,3,3,4,4,4,4,3,3,3,4,4,4,4,3,3,3
7637,0,0,0,0,0,0,0,0,0,0,0,0,0,0,0,0,0,0,0,0,0
7638,0,0,0,0,0,0,0,0,0,0,0,0,0,0,0,0,0,0,0,0,0
7639,0,0,0,0,0,0,0,0,0,0,0,0,0,0,0,0,0,0,0,0,0
7640,0,0,0,0,0,0,0,0,0,0,0,0,0,0,0,0,0,0,0,0,0
7641,0,0,0,0,0,0,0,0,0,0,0,0,0,0,0,0,0,0,0,0,0
7642,1,1,0,0,0,0,0,1,1,0,0,0,0,0,1,1,0,0,0,0,0
7643,0,0,0,0,0,0,0,0,0,0,0,0,0,0,0,0,0,0,0,0,0
7644,1,1,1,1,1,1,1,1,1,1,1,1,1,1,1,1,1,1,1,1,1
7645,0,0,0,0,0,0,0,0,0,0,0,0,0,0,0,0,0,0,0,0,0
7646,9,9,8,7,5,6,6,8,9,7,6,4,5,5,6,7,6,4,3,4,4
7647,3,3,3,3,2,2,2,3,3,3,3,2,2,2,2,2,2,2,2,2,2
7648,11,10,9,8,7,6,7,8,8,7,6,5,4,5,5,5,5,4,3,3,4
7649,2,2,2,2,2,1,2,2,2,2,2,2,1,2,2,2,2,2,2,1,2
7650,4,4,3,3,3,3,3,4,4,3,3,3,3,3,4,4,3,3,3,3,3
7651,1,1,1,0,0,0,0,1,1,0,0,0,0,0,1,1,0,0,0,0,0
7652,15,14,14,14,13,12,13,15,15,14,13,11,11,12,13,12,11,11,9,9,9
7653,12,15,14,12,10,10,9,11,14,14,12,10,10,9,11,14,14,11,10,10,9
7654,2,2,1,1,1,1,1,1,1,1,2,1,1,1,1,1,1,1,1,1,1
7655,1,1,1,1,1,1,1,1,1,1,1,1,1,1,1,1,1,1,1,1,1
7656,12,9,8,7,6,6,6,7,7,6,6,5,5,5,5,5,5,4,4,4,4
7657,4,4,3,3,3,3,3,4,3,3,3,2,3,3,3,3,3,2,2,3,3
7658,3,4,6,6,4,4,4,4,5,6,6,5,4,4,4,5,6,6,4,4,3
7659,7,9,10,9,8,7,6,7,9,9,9,8,7,6,7,9,10,9,8,7,6
7660,1,1,1,0,0,1,1,1,1,1,0,0,1,1,1,1,1,1,0,1,1
7661,0,1,1,1,1,1,1,1,1,1,1,1,1,1,1,1,1,1,1,1,1
7662,3,3,3,3,3,2,2,3,3,3,3,3,2,2,3,3,3,3,3,2,2
7663,0,0,0,0,0,0,0,0,0,0,0,0,0,0,0,0,0,0,0,0,0
7664,3,2,2,1,1,1,1,1,1,1,1,1,1,1,1,1,1,1,0,0,0
7665,0,0,0,0,0,0,0,0,0,0,0,0,0,0,0,0,0,0,0,0,0
7666,0,0,0,0,0,0,0,0,0,0,0,0,0,0,0,0,0,0,0,0,0
7667,0,0,0,0,0,0,0,0,0,0,0,0,0,0,0,0,0,0,0,0,0
7668,0,0,0,0,0,0,0,0,0,0,0,0,0,0,0,0,0,0,0,0,0
7669,0,0,0,0,0,0,0,0,0,0,0,0,0,0,0,0,0,0,0,0,0
7670,1,1,1,1,1,1,1,1,1,1,1,1,1,0,1,1,1,1,1,1,1
7671,0,0,0,0,0,0,0,0,0,0,0,0,0,0,1,1,1,0,0,0,0
7672,0,0,0,0,0,0,0,0,0,0,0,0,0,0,0,0,0,0,0,0,0
7673,0,0,0,0,0,0,0,0,0,0,0,0,0,0,0,0,0,0,0,0,0
7674,0,0,0,0,0,0,0,0,0,0,0,0,0,0,0,0,0,0,0,0,0
7675,0,0,0,0,0,0,0,0,0,0,0,0,0,0,0,0,0,0,0,0,0
7676,0,0,0,0,0,0,0,0,0,0,0,0,0,0,0,0,0,0,0,0,0
7677,0,0,0,0,0,0,0,0,0,0,0,0,0,0,0,0,0,0,0,0,0
7678,2,2,2,2,1,2,2,2,2,2,2,1,2,2,2,2,2,2,1,2,2
7679,1,1,1,1,1,1,1,1,1,1,1,1,1,1,1,1,1,1,1,1,1
7680,2,3,2,2,2,2,3,2,3,2,2,2,2,3,2,3,2,2,2,2,3
7681,12,13,12,11,11,10,9,10,11,11,11,11,10,10,11,12,12,12,11,10,9
7682,2,3,3,3,2,2,1,2,3,3,3,2,2,1,2,3,3,3,2,2,1
7683,198,182,167,154,137,139,150,201,189,173,159,138,140,145,199,191,184,173,152,155,174
7684,15,16,16,15,13,12,12,14,15,16,15,13,12,12,14,15,16,15,13,12,12
7685,0,0,0,0,0,0,0,0,0,0,0,0,0,0,0,0,0,0,0,0,0
7686,2,2,1,1,1,1,1,1,1,1,1,1,1,1,2,2,2,2,1,2,2
7687,0,0,0,0,0,0,0,0,0,0,0,0,0,0,0,0,0,0,0,0,0
7688,0,0,0,0,0,0,0,0,0,0,0,0,0,0,0,0,0,0,0,0,0
7689,0,0,0,0,0,0,0,0,0,0,0,0,0,0,0,0,0,0,0,0,0
7690,0,0,0,0,0,0,0,0,0,0,0,0,0,0,0,0,0,0,0,0,0
7691,0,0,0,0,0,0,0,0,0,0,0,0,0,0,0,0,0,0,0,0,0
7692,0,0,0,0,0,0,0,0,0,0,0,0,0,0,0,0,0,0,0,0,0
7693,0,0,0,0,0,0,0,0,0,0,0,0,0,0,0,0,0,0,0,0,0
7694,0,0,0,0,0,0,0,0,0,0,0,0,0,0,0,0,0,0,0,0,0
7695,4,5,4,2,1,2,2,4,5,4,2,1,2,2,4,5,4,2,1,2,2
7696,3,4,3,2,2,1,2,3,4,3,2,2,1,2,3,4,3,2,2,1,2
7697,6,8,6,3,2,1,3,6,8,6,3,2,1,3,6,8,6,3,2,1,3
7698,26,33,30,15,10,8,9,26,33,30,15,10,8,9,26,33,30,15,10,8,9
7699,1,1,1,0,0,0,0,1,1,1,0,0,0,0,1,1,1,0,0,0,0
7700,0,1,1,1,1,0,0,0,1,1,1,1,0,0,0,1,1,1,1,0,0
7701,8,8,7,4,5,5,6,8,8,7,5,5,5,6,8,8,7,4,5,5,6
7702,33,45,42,28,25,21,27,33,45,42,28,25,21,27,33,45,42,28,25,21,27
7703,17,19,17,11,9,8,10,13,15,14,9,8,7,8,11,11,10,5,5,4,5
7704,0,0,0,0,0,0,0,0,0,0,0,0,0,0,0,0,0,0,0,0,0
7705,6,8,6,3,1,1,2,6,8,6,3,1,1,2,6,8,6,3,1,1,2
7706,0,0,0,0,0,0,0,0,0,0,0,0,0,0,0,0,0,0,0,0,0
7707,1,1,1,1,0,0,0,1,1,1,1,0,0,0,1,1,1,1,0,0,0
7708,3,4,3,1,1,1,2,3,4,3,1,1,1,2,3,4,3,1,1,1,2
7709,31,44,49,38,36,31,32,50,67,69,48,37,28,27,45,58,59,42,35,29,29
7710,0,0,0,0,0,0,0,0,0,0,0,0,0,0,0,0,0,0,0,0,0
7711,0,0,0,0,0,0,0,0,0,0,0,0,0,0,0,0,0,0,0,0,0
7712,7,7,6,4,2,2,3,5,6,6,3,2,2,3,4,6,6,3,2,2,3
7713,0,0,0,0,0,0,0,0,0,0,0,0,0,0,0,0,0,0,0,0,0
7714,0,0,0,0,0,0,0,0,0,0,0,0,0,0,0,0,0,0,0,0,0
7715,0,0,0,0,0,0,0,0,0,0,0,0,0,0,0,0,0,0,0,0,0
7716,0,0,0,0,0,0,0,0,0,0,0,0,0,0,0,0,0,0,0,0,0
7717,0,0,0,0,0,0,0,0,0,0,0,0,0,0,0,0,0,0,0,0,0
7718,0,0,0,0,0,0,0,0,0,0,0,0,0,0,0,0,0,0,0,0,0
7719,1,1,1,1,0,1,1,1,1,1,1,0,0,1,1,1,1,1,0,0,1
7720,0,0,0,0,0,0,0,0,0,0,0,0,0,0,0,0,0,0,0,0,0
7721,0,0,0,0,0,0,0,0,0,0,0,0,0,0,0,0,0,0,0,0,0
7722,0,0,0,0,0,0,0,0,0,0,0,0,0,0,0,0,0,0,0,0,0
7723,0,0,0,0,0,0,0,0,0,0,0,0,0,0,0,0,0,0,0,0,0
7724,2,2,2,2,1,1,1,2,2,2,2,1,1,2,2,2,2,2,1,1,2
7725,0,0,0,0,0,0,0,0,0,0,0,0,0,0,0,0,0,0,0,0,0
7726,2,3,5,5,5,4,4,5,6,6,6,6,5,5,5,6,7,7,6,5,5
7727,41,33,25,19,18,20,24,27,27,25,22,19,18,19,27,30,28,25,23,27,33
7728,1,1,0,0,0,0,0,1,0,0,0,0,0,0,1,0,0,0,0,0,0
7729,36,52,56,55,45,38,33,39,56,56,55,45,39,34,37,51,51,49,39,33,28
7730,10,12,11,12,11,9,9,11,12,12,12,11,9,9,11,12,11,12,11,9,9
7731,54,59,57,53,48,41,42,49,58,57,55,50,44,44,49,53,51,48,42,36,38
7732,25,25,24,21,19,19,20,25,26,24,21,19,19,20,24,24,22,19,17,17,18
7733,1,1,1,1,1,1,0,1,1,1,1,1,1,0,1,1,1,1,1,1,0
7734,1,1,1,1,1,1,1,1,1,1,1,1,1,1,1,1,1,1,1,1,1
7735,2,2,2,2,2,1,1,2,2,2,2,2,1,1,2,2,2,2,2,1,1
7736,3,3,3,3,3,2,3,3,4,3,3,3,3,3,3,4,4,3,3,3,3
7737,0,0,0,0,0,0,0,0,0,0,0,0,0,0,0,0,0,0,0,0,0
7738,2,2,2,1,1,1,2,2,2,2,1,1,1,2,2,2,2,1,1,1,2
7739,21,21,20,18,18,17,18,21,22,20,18,17,16,18,19,18,17,15,14,13,14
7740,14,15,15,14,13,11,12,14,15,15,14,13,12,12,14,14,15,13,13,11,11
7741,8,7,8,9,7,6,8,8,7,8,9,7,6,8,8,7,8,9,7,6,8
7742,10,12,14,16,15,13,13,15,16,17,18,16,14,14,15,15,15,16,15,13,13
7743,0,0,0,0,0,0,0,0,0,0,0,0,0,0,0,0,0,0,0,0,0
7744,0,0,0,0,0,0,0,0,0,0,0,0,0,0,0,0,0,0,0,0,0
7745,1,1,1,0,0,1,1,1,1,1,0,0,0,0,1,1,1,0,0,0,1
7746,0,0,0,0,0,0,0,0,0,0,0,0,0,0,0,0,0,0,0,0,0
7747,0,0,0,0,0,0,0,0,0,0,0,0,0,0,0,0,0,0,0,0,0
7748,0,0,0,0,0,0,0,0,0,0,0,0,0,0,0,0,0,0,0,0,0
7749,0,0,0,0,0,0,0,0,0,0,0,0,0,0,0,0,0,0,0,0,0
7750,0,0,0,0,0,0,0,0,0,0,0,0,0,0,0,0,0,0,0,0,0
7751,0,0,0,0,0,0,0,0,0,0,0,0,0,0,0,0,0,0,0,0,0
7752,2,3,3,2,2,2,2,3,3,3,3,2,2,3,3,3,3,3,2,2,3
7753,0,0,0,0,0,0,0,0,0,0,0,0,0,0,0,0,0,0,0,0,0
7754,2,2,2,2,2,1,1,2,2,2,2,2,1,1,2,2,2,2,2,1,1
7755,4,5,5,5,5,4,4,5,6,6,5,5,4,4,4,5,5,4,4,4,4
7756,1,1,1,1,2,1,2,2,2,2,2,2,2,2,2,2,2,2,2,2,2
7757,1,1,1,2,2,1,1,1,1,2,2,2,1,1,1,1,2,2,2,1,1
7758,1,1,1,1,1,1,1,1,1,1,1,1,1,1,1,1,1,1,1,1,1
7759,61,59,61,58,51,52,53,62,62,64,61,53,52,51,60,60,63,60,53,53,56
7760,1,1,1,1,1,1,1,1,1,1,1,1,1,1,1,1,1,1,1,1,1
7761,1,1,1,1,1,1,1,1,1,1,1,1,1,1,1,1,1,1,1,1,1
7762,0,0,0,0,0,0,0,0,0,0,0,0,0,0,0,0,0,0,0,0,0
7763,0,0,0,0,0,0,0,0,0,0,0,0,0,0,0,0,0,0,0,0,0
7764,2,2,2,2,2,2,2,2,2,2,2,2,2,2,2,2,2,2,2,2,2
7765,1,0,0,0,0,0,1,1,0,0,0,0,0,1,1,0,0,0,0,0,1
7766,2,2,3,3,2,2,2,2,2,3,3,2,2,2,2,2,3,3,2,2,2
7767,0,0,0,0,0,0,0,0,0,0,0,0,0,0,0,0,0,0,0,0,0
7768,9,7,6,5,5,5,5,6,6,6,5,5,4,5,5,5,4,4,4,4,4
7769,37,39,38,32,29,28,30,34,38,35,31,27,26,27,31,34,33,29,26,26,31
7770,1,1,1,1,1,1,1,1,1,1,1,1,1,1,1,1,1,1,1,1,1
7771,0,0,0,0,0,0,0,0,0,0,0,0,0,0,0,0,0,0,0,0,0
7772,0,0,0,0,0,0,0,0,0,0,0,0,0,0,0,0,0,0,0,0,0
7773,0,0,0,0,0,0,0,0,0,0,0,0,0,0,0,0,0,0,0,0,0
7774,0,0,0,0,0,0,0,0,0,0,0,0,0,0,0,0,0,0,0,0,0
7775,0,0,0,0,0,0,0,0,0,0,0,0,0,0,0,0,0,0,0,0,0
7776,0,0,0,0,0,0,0,0,0,0,0,0,0,0,0,0,0,0,0,0,0
7777,4,4,4,4,3,3,3,4,4,4,4,3,3,4,4,4,5,4,4,4,4
7778,0,0,0,0,0,0,0,0,0,0,0,0,0,0,0,0,0,0,0,0,0
7779,0,0,0,0,0,0,0,0,0,0,0,0,0,0,0,1,0,0,0,0,1
7780,2,3,3,2,2,2,2,2,2,3,2,2,2,2,2,2,2,2,2,2,2
7781,0,0,0,0,0,0,0,0,0,0,0,0,0,0,0,0,0,0,0,0,0
7782,0,0,0,0,0,0,0,0,0,0,0,0,0,0,0,0,0,0,0,0,0
7783,0,0,0,0,0,0,0,0,0,0,0,0,0,0,0,0,0,0,0,0,0
7784,0,0,0,0,0,0,0,0,0,0,0,0,0,0,0,0,0,0,0,0,0
7785,0,0,0,0,0,0,0,0,0,0,0,0,0,0,0,0,0,0,0,0,0
7786,1,1,1,1,1,1,1,1,1,1,1,1,1,1,1,1,1,1,1,1,1
7787,1,1,1,1,1,1,1,1,1,1,1,1,1,1,1,1,1,1,1,1,1
7788,1,2,1,1,1,1,1,1,2,1,1,1,1,1,1,2,1,1,1,1,1
7789,0,0,0,0,0,0,0,0,0,0,0,0,0,0,0,0,0,0,0,0,0
7790,2,2,2,2,2,2,2,2,2,2,2,2,2,2,2,2,2,2,2,2,2
7791,0,0,0,0,0,0,0,0,0,0,0,0,0,0,0,0,0,0,0,0,0
7792,1,1,1,1,0,0,1,1,1,1,1,0,0,1,1,1,1,1,0,0,1
7793,29,30,27,23,20,19,21,28,30,28,25,22,21,23,30,33,30,26,23,22,24
7794,23,25,25,24,20,20,20,23,25,25,24,20,20,20,23,24,24,23,19,19,19
7795,7,7,5,5,5,5,5,5,5,5,5,5,5,5,5,5,5,4,4,4,5
7796,0,0,0,0,0,0,0,0,0,0,0,0,0,0,0,0,0,0,0,0,0
7797,4,4,5,4,4,4,4,5,5,5,4,4,4,4,4,4,4,3,3,3,4
7798,0,0,0,0,0,0,0,0,0,0,0,0,0,0,0,0,0,0,0,0,0
7799,26,25,22,20,18,17,18,20,21,19,17,15,14,15,16,17,16,15,13,13,14
7800,4,4,4,4,3,3,3,3,3,4,3,3,3,3,3,3,3,3,2,2,3
7801,0,0,0,0,0,0,0,0,0,1,0,0,0,0,0,0,1,0,0,0,0
7802,0,0,0,0,0,0,0,0,0,0,0,0,0,0,0,0,0,0,0,0,0
7803,0,1,1,1,0,0,0,1,1,1,1,0,0,0,1,1,1,1,0,0,1
7804,1,1,1,0,1,1,1,1,1,1,0,1,1,1,1,1,1,0,1,1,1
7805,0,0,0,0,0,0,0,0,0,0,0,0,0,0,0,0,0,0,0,0,0
7806,0,0,0,0,0,0,0,0,0,0,0,0,0,0,0,0,0,0,0,0,0
7807,0,1,0,0,0,1,1,0,1,0,0,0,1,1,0,1,0,0,0,1,1
7808,1,1,1,1,1,1,1,1,1,1,1,1,1,1,1,1,1,1,1,1,1
7809,2,2,2,2,2,2,1,2,2,2,2,2,2,1,2,2,2,2,2,2,1
7810,1,0,0,0,0,0,1,1,0,0,0,0,0,0,1,0,0,0,0,0,1
7811,2,2,2,2,2,2,2,2,2,2,2,2,2,2,2,2,2,2,2,2,2
7812,1,1,2,1,1,1,1,1,1,2,1,1,1,1,1,1,2,1,1,1,1
7813,1,1,1,1,1,1,1,1,1,1,1,1,1,1,1,1,1,1,1,1,1
7814,0,0,0,0,0,0,0,0,0,1,0,0,0,0,1,1,1,1,0,0,1
7815,6,8,8,8,6,5,5,7,8,9,8,6,5,5,7,8,8,8,6,5,5
7816,0,0,0,0,0,0,0,0,0,0,0,0,0,0,0,0,0,0,0,0,0
7817,0,0,0,0,0,0,0,0,0,0,0,0,0,0,0,0,0,0,0,0,0
7818,0,0,0,0,0,0,0,0,0,0,0,0,0,0,0,0,0,0,0,0,0
7819,0,0,0,0,0,0,0,0,0,0,0,0,0,0,0,0,0,0,0,0,0
7820,2,2,1,1,1,2,2,2,2,1,1,1,1,2,2,2,1,1,1,2,2
7821,1,1,1,1,1,1,1,1,1,1,1,1,1,1,1,1,1,1,1,1,1
7822,0,0,0,0,0,0,0,0,0,0,0,0,0,0,0,0,0,0,0,0,0
7823,0,0,0,0,0,0,0,0,0,0,0,0,0,0,0,0,0,0,0,0,0
7824,0,0,0,0,0,0,0,0,0,0,0,0,0,0,0,0,0,0,0,0,0
7825,0,0,0,0,0,0,0,0,0,0,0,0,0,0,0,0,0,0,0,0,0
7826,0,0,0,0,0,0,0,0,0,0,0,0,0,0,0,0,0,0,0,0,0
7827,0,0,0,0,0,0,0,0,0,0,0,0,0,0,0,0,0,0,0,0,0
7828,6,7,7,7,6,6,6,7,7,7,7,6,6,6,7,6,6,6,5,5,5
7829,10,9,12,10,10,12,9,10,10,12,10,11,12,9,10,10,12,10,10,12,9
7830,7,8,8,7,7,6,7,8,9,8,7,6,6,7,8,8,7,7,6,6,6
7831,9,10,10,9,8,7,8,9,10,10,9,8,8,8,9,9,9,8,8,7,8
7832,4,4,4,4,3,3,3,4,4,4,4,3,3,3,4,4,4,4,3,3,3
7833,37,40,37,32,30,27,30,37,40,37,32,30,27,30,37,40,37,32,30,27,30
7834,34,34,28,25,21,17,24,32,32,27,25,21,17,24,31,32,27,25,20,17,23
7835,25,26,20,16,21,22,22,25,26,20,16,21,22,22,25,26,20,16,21,22,22
7836,2,2,2,2,2,2,2,2,2,2,2,2,2,2,2,3,2,2,2,2,2
7837,3,3,3,3,2,2,3,3,3,3,3,2,2,3,3,3,3,2,2,2,3
7838,4,5,4,4,4,4,4,4,5,5,4,4,4,4,4,5,5,4,4,4,4
7839,18,17,15,15,14,13,14,17,17,15,15,14,13,14,17,15,14,14,13,12,13
7840,11,11,12,10,9,9,9,11,12,12,10,9,9,9,11,11,12,10,9,8,9
7841,0,0,0,0,0,0,0,0,0,0,0,0,0,0,0,0,0,0,0,0,0
7842,1,1,1,1,1,1,1,1,1,1,1,1,1,1,1,1,1,1,1,1,1
7843,13,14,12,10,10,9,10,11,13,12,10,10,9,10,12,13,12,11,10,10,10
7844,1,1,1,1,1,1,1,1,1,1,1,1,1,1,1,1,1,1,1,1,1
7845,13,16,13,12,11,8,10,13,16,13,12,11,8,10,13,15,13,12,11,8,10
7846,0,0,0,0,0,0,0,0,0,0,0,0,0,0,0,0,0,0,0,0,0
7847,2,2,2,2,2,2,2,2,2,2,2,2,2,2,2,2,2,2,2,2,2
7848,0,0,0,0,0,0,0,0,0,0,0,0,0,0,0,0,0,0,0,0,0
7849,0,0,0,0,0,0,0,0,0,0,0,0,0,0,0,0,0,0,0,0,0
7850,0,0,0,0,0,0,0,0,0,0,0,0,0,0,0,0,0,0,0,0,0
7851,8,8,8,6,8,8,9,8,8,8,6,8,8,9,8,8,8,6,8,8,9
7852,1,2,1,1,1,1,1,2,2,1,1,1,1,1,2,2,1,1,1,1,1
7853,17,19,19,17,15,14,15,18,20,19,17,15,14,15,18,19,18,16,14,13,14
7854,54,64,57,49,42,40,44,54,63,56,49,42,40,44,54,63,56,48,41,40,44
7855,0,0,0,0,0,0,0,0,0,0,0,0,0,0,0,0,0,0,0,0,0
7856,8,9,6,6,5,4,6,9,9,6,6,5,4,6,9,9,6,6,5,4,6
7857,1,1,1,1,1,1,1,1,1,1,1,1,1,1,1,1,1,1,1,1,1
7858,8,9,10,8,7,6,6,8,9,10,8,7,6,6,8,9,10,8,7,6,6
7859,7,8,6,6,6,7,7,7,8,6,6,6,7,7,7,8,6,6,6,7,7
7860,1,1,1,1,1,1,0,1,1,1,1,1,1,0,1,1,1,1,1,1,0
7861,6,6,6,5,5,5,4,6,7,6,5,5,5,4,6,7,6,5,5,5,4
7862,2,2,3,3,3,2,2,2,2,3,3,3,2,2,2,2,3,3,3,2,2
7863,1,1,1,2,1,1,1,1,1,2,2,1,1,1,1,1,2,2,1,1,1
7864,1,1,1,1,1,1,1,1,1,1,1,1,1,1,1,1,1,1,1,1,1
7865,1,1,1,1,1,1,1,1,1,1,1,1,1,1,1,1,1,1,1,1,1
7866,26,27,26,23,19,18,19,25,26,26,23,19,17,18,24,25,25,22,18,17,17
7867,0,0,0,0,0,0,0,0,0,0,0,0,0,0,0,0,0,0,0,0,0
7868,0,0,0,0,0,0,0,0,0,0,0,0,0,0,0,0,0,0,0,0,0
7869,0,0,0,0,0,0,0,0,0,0,0,0,0,0,0,0,0,0,0,0,0
7870,2,2,1,1,1,1,1,1,1,1,1,1,1,1,1,1,1,1,1,1,1
7871,3,2,3,2,2,1,2,3,2,3,2,2,1,2,3,2,3,2,2,1,2
7872,1,1,1,1,1,1,1,1,1,1,1,1,1,1,1,1,1,1,1,1,1
7873,1,1,0,0,0,0,0,1,1,0,0,0,0,0,1,1,0,0,0,0,0
7874,0,0,0,0,0,0,0,0,0,0,0,0,0,0,0,0,0,0,0,0,0
7875,0,0,0,0,0,0,0,0,0,0,0,0,0,0,0,0,0,0,0,0,0
7876,0,1,0,0,1,1,1,1,1,1,1,1,1,1,1,1,1,1,1,1,1
7877,0,0,0,0,0,0,0,0,0,0,0,0,0,0,0,0,0,0,0,0,0
7878,0,0,0,0,0,0,0,0,0,0,0,0,0,0,0,0,0,0,0,0,0
7879,0,0,0,0,0,0,0,0,0,0,0,0,0,0,0,0,0,0,0,0,0
7880,1,1,1,1,0,0,0,1,1,1,1,0,0,0,1,1,1,1,1,0,1
7881,0,0,0,0,0,0,0,0,0,0,0,0,0,0,0,0,0,0,0,0,0
7882,0,0,0,0,0,0,0,0,0,0,0,0,0,0,0,0,0,0,0,0,0
7883,0,0,0,0,0,0,0,0,0,0,0,0,0,0,0,0,0,0,0,0,0
7884,0,0,0,0,0,0,0,0,0,0,0,0,0,0,0,0,0,0,0,0,0
7885,0,0,0,0,0,0,0,0,0,0,0,0,0,0,0,0,0,0,0,0,0
7886,0,0,0,0,0,0,0,0,0,0,0,0,0,0,0,0,0,0,0,0,0
7887,0,0,0,0,0,0,0,0,0,0,0,0,0,0,0,0,0,0,0,0,0
7888,0,0,0,0,0,0,0,0,0,0,0,0,0,0,0,0,0,0,0,0,0
7889,0,0,0,0,0,0,0,0,0,0,0,0,0,0,0,0,0,0,0,0,0
7890,0,0,0,0,0,0,0,0,0,0,0,0,0,0,0,0,0,0,0,0,0
7891,0,0,0,0,0,0,0,0,0,0,0,0,0,0,0,0,0,0,0,0,0
7892,0,0,0,0,0,0,0,0,0,0,0,0,0,0,0,0,0,0,0,0,0
7893,0,0,0,0,0,0,0,0,0,0,0,0,0,0,0,0,0,0,0,0,0
7894,0,0,0,0,0,0,0,0,0,0,0,0,0,0,0,0,0,0,0,0,0
7895,1,0,0,0,0,0,0,0,0,0,0,0,0,0,0,0,0,0,0,0,0
7896,0,0,0,0,0,0,0,0,0,0,0,0,0,0,0,0,0,0,0,0,0
7897,0,0,0,0,0,0,0,0,0,0,0,0,0,0,0,0,0,0,0,0,0
7898,0,0,0,0,0,0,0,0,1,1,1,0,0,0,1,1,1,1,1,1,0
7899,0,0,0,0,0,0,0,0,0,0,0,0,0,0,0,0,0,0,0,0,0
7900,0,0,0,0,0,0,0,0,0,0,0,0,0,0,0,0,0,0,0,0,0
7901,0,0,0,0,0,0,0,0,0,0,0,0,0,0,0,0,0,0,0,0,0
7902,0,0,0,0,0,0,0,0,0,0,0,0,0,0,0,0,0,0,0,0,0
7903,0,0,0,0,0,0,0,0,0,0,0,0,0,0,0,0,0,0,0,0,0
7904,2,1,2,1,1,1,1,2,1,2,1,1,1,1,2,1,2,1,1,1,1
7905,1,1,1,1,1,1,1,1,1,1,1,1,1,1,1,1,1,1,1,1,1
7906,26,26,23,21,19,17,19,21,22,21,21,19,17,17,21,21,21,20,18,17,19
7907,1,1,1,1,1,0,1,1,1,1,1,1,0,1,1,1,1,1,1,0,1
7908,0,0,0,0,0,0,0,0,0,0,0,0,0,0,0,0,0,0,0,0,0
7909,1,1,1,1,1,1,1,1,1,1,1,1,1,1,1,1,1,1,1,1,1
7910,0,1,1,1,0,0,1,1,1,1,1,0,0,1,1,1,1,1,0,0,0
7911,15,16,15,14,12,11,11,12,13,13,12,11,10,10,11,12,12,11,10,9,9
7912,0,0,0,0,0,0,0,0,0,0,0,0,0,0,0,0,0,0,0,0,0
7913,0,0,0,0,0,0,0,0,0,0,0,0,0,0,0,0,0,0,0,0,0
7914,1,1,1,1,1,1,1,1,1,1,1,1,1,1,1,1,1,1,1,1,1
7915,0,0,0,0,0,0,0,0,0,0,0,0,0,0,0,0,0,0,0,0,0
7916,5,5,4,4,3,3,3,4,4,4,4,3,3,3,4,4,4,4,4,4,4
7917,0,0,0,0,0,0,0,0,0,0,0,0,0,0,0,0,0,0,0,0,0
7918,0,0,0,0,0,0,0,0,0,0,0,0,0,0,0,0,0,0,0,0,0
7919,3,3,4,3,3,2,2,3,3,4,3,3,2,2,3,3,4,3,3,2,2
7920,0,1,1,1,1,1,0,1,1,1,1,1,1,0,1,1,1,1,1,1,0
7921,0,0,0,0,0,0,0,0,0,0,0,0,0,0,0,0,0,0,0,0,0
7922,0,0,0,0,0,0,0,0,0,0,0,0,0,0,0,0,0,0,0,0,0
7923,0,0,0,0,0,0,0,0,0,0,0,0,0,0,0,0,0,0,0,0,0
7924,0,0,0,0,0,0,0,0,0,0,0,0,0,0,0,0,0,0,0,0,0
7925,2,2,2,2,2,2,2,2,2,2,2,1,1,1,1,1,1,1,1,1,1
7926,1,0,0,0,0,1,0,1,1,0,0,0,0,0,1,0,0,0,0,0,0
7927,11,10,8,8,7,7,7,7,7,7,6,6,6,6,6,6,6,6,5,5,5
7928,9,7,6,5,5,5,5,5,5,6,5,5,5,4,5,5,5,5,4,4,4
7929,5,5,5,4,4,4,4,4,5,5,4,4,4,3,4,5,5,4,4,4,3
7930,3,3,3,2,2,2,2,2,3,3,2,2,2,2,2,3,3,2,2,2,2
7931,0,0,0,0,0,0,0,0,0,0,0,0,0,0,0,0,0,0,0,0,0
7932,0,0,0,0,0,0,0,0,0,0,0,0,0,0,0,0,0,0,0,0,0
7933,1,1,1,1,1,1,1,2,2,2,1,1,1,1,2,2,2,1,1,1,2
7934,0,0,0,0,0,0,0,0,0,0,0,0,0,0,0,0,0,0,0,0,0
7935,5,5,4,4,4,3,3,3,3,3,3,2,2,2,2,2,2,1,1,1,1
7936,0,0,0,0,0,0,0,0,0,0,0,0,0,0,0,0,0,0,0,0,0
7937,21,21,19,16,14,13,14,15,17,17,15,14,13,13,15,17,17,15,14,14,15
7938,5,6,5,5,4,4,4,5,5,5,5,4,4,4,5,5,5,4,4,4,4
7939,11,10,9,8,7,6,7,8,8,8,7,7,6,6,7,8,7,7,6,5,6
7940,7,7,6,5,4,4,4,5,5,5,4,4,4,4,5,5,5,5,4,4,5
7941,1,1,1,1,1,1,1,1,1,1,1,1,1,1,1,1,1,1,1,1,1
7942,23,24,24,21,19,17,17,20,22,23,22,20,17,16,20,22,24,22,20,19,20
7943,1,1,0,0,0,1,1,1,1,1,0,0,1,1,1,1,1,0,0,1,1
7944,5,5,4,3,3,3,3,4,5,4,4,4,3,4,4,4,4,3,3,3,3
7945,4,4,4,3,3,3,3,3,4,3,3,3,3,3,3,3,3,3,2,2,3
7946,3,3,3,2,2,2,3,3,3,3,3,2,2,3,3,3,3,3,2,2,3
7947,0,0,0,0,0,0,0,0,0,0,0,0,0,0,0,0,0,0,0,0,0
7948,4,4,4,3,3,3,3,4,4,4,3,3,3,3,4,4,4,3,3,3,3
7949,1,1,1,1,1,1,1,1,1,1,1,1,1,1,1,1,1,1,1,1,1
7950,5,6,6,6,5,4,4,5,6,6,5,5,4,4,5,5,6,5,5,4,4
7951,17,17,15,12,11,9,10,13,14,13,11,10,9,10,12,13,12,10,9,9,10
7952,21,23,22,19,16,14,16,19,22,22,20,17,16,17,20,23,24,21,18,17,20
7953,4,4,4,3,3,3,4,4,5,5,4,4,4,5,5,6,6,6,5,6,6
7954,2,2,2,2,2,2,2,2,2,2,2,2,2,2,2,2,2,2,2,2,2
7955,8,9,8,8,7,6,6,7,8,7,6,5,5,5,5,7,6,5,5,4,5
7956,1,1,1,1,1,1,1,1,1,1,1,1,1,1,1,1,1,1,1,1,1
7957,2,3,3,3,2,2,2,2,3,3,3,2,2,2,2,3,3,3,2,2,2
7958,0,0,0,0,0,0,0,0,0,0,0,0,0,0,0,0,0,0,0,0,0
7959,0,0,0,0,0,0,0,0,0,0,0,0,0,0,0,0,0,0,0,0,0
7960,2,3,3,2,2,1,1,2,2,3,2,2,1,1,2,3,3,2,2,1,2
7961,0,0,0,0,0,0,0,0,0,0,0,0,0,0,0,0,0,0,0,0,0
7962,2,2,2,2,1,1,1,2,2,2,2,1,1,1,1,1,2,1,1,1,1
7963,1,1,1,1,1,1,1,1,1,1,1,1,1,1,1,1,1,1,1,1,1
7964,5,5,5,4,4,4,4,5,5,5,4,4,4,4,5,5,5,4,4,4,4
7965,1,1,1,1,1,1,1,1,1,1,1,1,1,1,1,1,1,1,1,1,1
7966,3,4,3,3,3,2,3,3,4,3,3,3,2,3,3,4,3,3,3,2,3
7967,0,1,0,1,0,0,0,0,1,0,1,0,0,0,0,1,0,1,0,0,1
7968,7,7,7,7,6,7,6,7,7,7,7,6,7,6,7,7,7,7,6,7,6
7969,12,12,11,11,10,10,10,11,11,10,10,9,9,9,10,10,10,9,9,9,9
7970,0,0,0,1,0,0,0,0,0,0,1,0,0,0,0,0,1,1,0,0,0
7971,1,0,0,1,0,0,0,1,0,1,1,0,0,0,1,0,1,1,0,0,0
7972,2,1,1,1,1,1,1,1,1,1,1,1,1,1,1,1,1,1,1,1,1
7973,0,0,0,0,0,0,0,0,0,0,0,0,0,0,0,0,0,0,0,0,0
7974,1,1,1,1,1,1,1,1,1,1,1,1,1,1,1,1,1,1,1,1,1
7975,16,16,14,13,12,13,13,15,17,16,16,14,14,13,16,18,17,16,14,16,18
7976,1,1,1,1,1,0,0,1,1,1,1,0,0,0,1,1,1,1,1,0,0
7977,3,3,2,2,2,2,2,2,2,2,2,1,2,2,2,2,2,2,1,2,2
7978,3,3,3,3,2,2,2,3,4,4,3,3,2,2,3,4,4,3,3,2,3
7979,16,15,13,11,10,8,9,11,11,11,10,9,7,8,9,10,10,9,8,7,7
7980,11,11,10,8,9,7,6,9,9,9,8,9,7,6,9,9,9,7,8,7,6
7981,1,1,1,1,1,1,1,1,1,1,1,1,1,1,1,1,1,1,1,1,1
7982,0,0,0,0,0,0,0,0,0,0,0,0,0,0,0,0,0,0,0,0,0
7983,3,3,2,2,2,2,2,2,2,2,2,1,2,2,2,2,2,2,1,2,2
7984,3,3,2,2,2,1,2,2,2,2,2,2,1,1,1,1,2,1,1,1,1
7985,0,0,0,0,0,0,0,0,0,0,0,0,0,0,0,0,0,0,0,0,0
7986,0,0,0,0,0,0,0,0,0,0,0,0,0,0,0,0,0,0,0,0,0
7987,0,0,0,0,0,0,0,0,0,0,0,0,0,0,0,0,0,0,0,0,0
7988,0,0,0,0,0,0,0,0,0,0,0,0,0,0,0,0,0,0,0,0,0
7989,0,0,1,0,0,0,0,0,0,1,0,0,0,0,0,0,1,0,0,0,0
7990,0,0,0,0,0,0,0,0,0,0,0,0,0,0,0,0,0,0,0,0,0
7991,0,0,0,0,0,0,0,0,0,0,0,0,0,0,0,0,0,0,0,0,0
7992,0,0,0,0,0,0,0,0,0,0,0,0,0,0,0,0,0,0,0,0,0
7993,0,0,0,0,0,0,0,0,0,0,0,0,0,0,0,0,0,0,0,0,0
7994,0,0,0,0,0,0,0,0,0,0,0,0,0,0,0,0,0,0,0,0,0
7995,0,1,1,0,1,0,0,0,1,1,1,1,0,0,1,1,1,1,1,0,0
7996,54,58,61,53,47,41,42,49,55,54,48,41,36,37,45,50,52,47,42,38,42
7997,18,19,18,17,15,15,16,19,20,19,17,15,15,16,18,18,16,14,12,12,13
7998,47,49,48,41,36,32,37,47,48,43,37,34,34,39,46,44,42,38,33,32,38
7999,0,0,0,0,0,0,0,0,0,0,0,0,0,0,0,0,0,0,0,0,0
8000,0,0,0,0,0,0,0,0,0,0,0,0,0,0,0,0,0,0,0,0,0
8001,0,0,0,0,0,0,0,0,0,0,0,0,0,0,0,0,0,0,0,0,0
8002,6,7,7,6,6,5,5,7,7,6,6,5,5,5,6,6,6,6,5,5,5
8003,0,0,0,0,0,0,0,0,0,0,0,0,0,0,0,0,0,0,0,0,0
8004,9,9,11,11,12,9,7,9,9,11,11,12,9,7,9,9,11,11,12,9,7
8005,0,0,0,0,0,0,0,0,0,0,0,0,0,0,0,0,0,0,0,0,0
8006,0,0,0,0,0,0,0,0,0,0,0,0,0,0,0,0,0,0,0,0,0
8007,0,0,0,0,0,0,0,0,0,0,0,0,0,0,0,0,0,0,0,0,0
8008,0,0,0,0,0,0,0,0,0,0,0,0,0,0,0,0,0,0,0,0,0
8009,1,1,1,1,1,1,1,1,1,1,1,1,1,1,1,1,1,1,1,1,1
8010,3,3,5,4,4,3,2,3,3,5,4,3,3,2,3,3,5,4,4,3,2
8011,4,4,4,3,3,3,3,4,4,4,3,3,3,3,4,4,4,3,3,3,3
8012,0,0,0,0,0,0,0,0,0,0,0,0,0,0,0,0,0,0,0,0,0
8013,0,0,0,0,0,0,0,0,0,0,0,0,0,0,0,0,0,0,0,0,0
8014,0,0,0,0,0,0,0,0,0,0,0,0,0,0,0,0,0,0,0,0,0
8015,0,0,0,0,0,0,0,0,0,0,0,0,0,0,0,0,0,0,0,0,0
8016,0,0,0,0,0,0,0,0,0,0,0,0,0,0,0,0,0,0,0,0,0
8017,0,0,0,0,0,0,0,0,0,0,0,0,0,0,0,0,0,0,0,0,0
8018,1,1,1,1,1,1,1,1,1,1,1,1,1,1,1,1,1,1,1,1,1
8019,4,4,5,4,4,3,3,4,4,5,4,4,3,3,4,4,5,4,4,3,3
8020,0,0,0,0,0,0,0,0,0,0,0,0,0,0,0,0,0,0,0,0,0
8021,0,0,0,0,0,0,0,0,0,0,0,0,0,0,0,0,0,0,0,0,0
8022,0,0,0,0,0,0,0,0,0,0,0,0,0,0,0,0,0,0,0,0,0
8023,0,0,0,0,0,0,0,0,0,0,0,0,0,0,0,0,0,0,0,0,0
8024,1,1,1,1,1,1,1,1,1,1,1,1,1,0,1,1,1,1,1,1,0
8025,0,0,0,0,0,0,0,0,0,0,0,0,0,0,0,0,0,0,0,0,0
8026,0,0,0,0,0,0,0,0,0,0,0,0,0,0,0,0,0,0,0,0,0
8027,30,32,32,29,25,24,26,29,30,28,27,24,24,26,28,28,26,25,22,21,24
8028,18,16,16,14,13,11,12,13,14,14,13,12,11,11,12,11,12,11,10,9,9
8029,7,6,6,6,5,5,5,6,5,5,5,4,4,4,5,4,4,4,4,4,4
8030,1,1,1,1,1,1,1,1,1,1,1,1,1,1,1,1,1,1,1,1,1
8031,0,0,0,0,0,0,0,0,0,0,0,0,0,0,0,0,0,0,0,0,0
8032,0,0,0,0,0,0,0,0,0,0,0,0,0,0,0,0,0,0,0,0,0
8033,0,0,0,0,0,0,0,0,0,0,0,0,0,0,0,0,0,0,0,0,0
8034,19,19,17,15,13,12,13,16,17,17,15,14,13,14,16,16,15,14,12,12,13
8035,0,0,0,0,0,0,0,0,0,0,0,0,0,0,0,0,0,0,0,0,0
8036,0,0,0,0,0,0,0,0,0,0,0,0,0,0,0,0,0,0,0,0,0
8037,0,0,0,0,0,0,0,0,0,0,0,0,0,0,0,0,0,0,0,0,0
8038,5,5,5,4,4,4,4,5,5,5,4,4,4,4,4,4,4,4,4,3,4
8039,1,1,2,1,1,1,1,1,1,2,1,1,1,1,1,1,2,1,1,1,1
8040,1,1,1,1,1,1,1,1,1,1,1,1,1,1,1,1,1,1,1,1,1
8041,1,1,1,1,1,1,1,1,1,1,1,1,1,1,1,1,1,1,1,1,1
8042,0,0,0,0,0,0,0,0,0,0,0,0,0,0,0,0,0,0,0,0,0
8043,0,0,0,0,0,0,0,0,0,0,0,0,0,0,0,0,0,0,0,0,0
8044,0,0,0,1,1,1,0,0,1,1,1,1,1,0,1,1,1,1,1,1,0
8045,3,3,4,3,4,3,3,3,3,4,4,4,3,3,3,3,4,4,4,3,3
8046,1,1,1,1,1,1,1,1,1,1,1,1,1,1,1,1,1,1,1,1,1
8047,4,4,5,5,4,4,3,4,4,5,5,4,4,3,4,4,5,5,4,4,3
8048,1,1,1,1,1,1,1,1,1,1,1,1,1,1,1,1,1,1,1,1,1
8049,0,0,0,0,0,0,0,0,0,0,0,0,0,0,0,0,0,0,0,0,0
8050,0,0,0,0,0,0,0,0,0,0,0,0,0,0,0,0,0,0,0,0,0
8051,0,0,0,0,0,0,0,0,0,0,0,0,0,0,0,0,0,0,0,0,0
8052,0,0,0,0,0,0,0,0,0,0,0,0,0,0,0,0,0,0,0,0,0
8053,0,0,0,0,0,0,0,0,0,0,0,0,0,0,0,0,0,0,0,0,0
8054,7,7,6,6,5,5,5,6,6,6,5,4,4,4,5,5,5,5,4,4,4
8055,3,4,4,4,3,3,3,3,4,4,3,3,3,3,3,3,3,3,3,3,3
8056,7,7,6,6,5,5,5,6,6,6,5,5,5,5,6,6,5,5,5,5,5
8057,2,3,3,3,2,2,2,3,3,3,3,2,2,2,3,3,3,3,2,2,2
8058,0,0,0,0,0,0,0,0,0,0,0,0,0,0,0,0,0,0,0,0,0
8059,0,0,0,0,0,0,0,0,0,0,0,0,0,0,0,0,0,0,0,0,0
8060,0,0,0,0,0,0,0,0,0,0,0,0,0,0,0,0,0,0,0,0,0
8061,0,0,0,0,0,0,0,0,0,0,0,0,0,0,0,0,0,0,0,0,0
8062,3,3,3,3,2,2,2,3,3,3,3,2,2,2,3,3,3,3,2,2,2
8063,1,1,1,1,1,1,1,1,1,1,1,1,1,1,1,1,1,1,1,1,1
8064,18,19,20,20,19,16,14,15,18,20,20,19,16,13,15,18,20,20,19,16,13
8065,11,13,13,13,13,12,10,12,13,13,13,13,11,10,12,13,13,13,13,11,10
8066,0,0,0,0,0,0,0,0,0,0,0,0,0,0,0,0,0,0,0,0,0
8067,3,5,5,5,3,3,3,3,5,5,5,3,3,3,3,5,5,5,3,3,3
8068,1,2,2,2,1,1,1,1,2,2,2,1,1,1,1,2,2,2,1,1,1
8069,1,2,2,1,1,1,1,1,2,2,1,1,1,1,1,2,2,1,1,1,1
8070,0,0,0,0,0,0,0,0,0,0,0,0,0,0,0,0,0,0,0,0,0
8071,0,0,0,0,0,0,0,0,0,0,0,0,0,0,0,0,0,0,0,0,0
8072,1,1,2,2,2,1,1,1,1,2,2,2,1,1,1,1,2,2,2,1,1
8073,2,2,2,2,2,2,2,2,2,2,2,2,2,2,2,2,2,2,2,1,2
8074,4,5,4,4,4,3,3,4,5,4,4,4,3,3,4,5,4,4,4,3,3
8075,0,0,0,0,0,0,0,0,0,0,0,0,0,0,0,0,0,0,0,0,0
8076,21,21,20,16,14,12,13,16,17,16,14,13,12,13,15,14,14,12,11,10,11
8077,4,4,4,3,3,2,3,4,4,4,3,3,3,3,4,4,4,3,3,3,3
8078,34,32,30,21,19,19,25,29,30,29,20,19,19,25,28,30,29,20,19,19,25
8079,2,1,1,1,1,1,1,1,1,1,1,1,1,1,1,1,1,1,1,1,1
8080,6,6,4,4,4,5,5,6,6,4,4,4,5,5,6,6,4,4,4,5,5
8081,38,39,39,34,33,30,33,39,42,39,34,32,31,36,39,39,36,30,28,28,32
8082,2,2,2,2,2,2,2,2,2,2,2,2,2,2,2,2,2,2,2,2,2
8083,58,56,53,48,46,42,40,48,51,51,48,44,40,39,46,47,48,45,42,40,41
8084,6,7,6,5,5,5,6,7,7,6,6,6,5,6,6,7,6,5,5,5,6
8085,37,36,34,32,34,36,38,46,52,53,50,46,45,48,50,48,45,40,35,33,35
8086,30,33,32,32,30,24,23,31,33,32,32,30,24,23,30,33,32,32,30,24,23
8087,3,3,2,2,2,2,2,2,2,2,2,2,1,2,2,2,2,2,1,1,2
8088,6,5,4,4,3,3,4,5,4,4,4,3,3,4,5,4,4,3,3,3,4
8089,0,0,0,0,0,0,0,0,0,0,0,0,0,0,0,0,0,0,0,0,0
8090,18,16,16,13,11,11,12,16,16,15,12,9,7,8,10,9,8,6,4,4,5
8091,2,1,1,1,1,0,1,1,1,1,1,1,0,0,1,1,1,1,0,0,0
8092,1,1,1,1,1,1,1,1,1,1,1,1,1,1,1,1,1,1,1,1,1
8093,12,10,9,8,8,9,8,10,10,9,9,9,10,9,12,11,10,9,9,9,8
8094,0,0,0,0,0,0,0,0,0,0,0,0,0,0,0,0,0,0,0,0,0
8095,0,0,0,0,0,0,0,0,0,0,0,0,0,0,0,0,0,0,0,0,0
8096,0,0,0,0,0,0,0,0,0,0,0,0,0,0,0,0,0,0,0,0,0
8097,0,0,0,0,0,0,0,0,0,0,0,0,0,0,0,0,0,0,0,0,0
8098,0,0,0,0,0,0,0,0,0,0,0,0,0,0,0,0,0,0,0,0,0
8099,0,0,0,0,0,0,0,0,0,0,0,0,0,0,0,0,0,0,0,0,0
8100,0,0,0,0,0,0,0,0,0,0,0,0,0,0,0,0,0,0,0,0,0
8101,0,0,0,0,0,0,0,0,0,0,0,0,0,0,0,0,0,0,0,0,0
8102,0,0,0,0,0,0,0,0,0,0,0,0,0,0,0,0,0,0,0,0,0
8103,10,8,6,5,5,4,4,5,5,4,4,5,4,4,5,4,4,4,5,4,4
8104,1,1,1,1,0,0,1,1,1,1,1,1,1,1,1,1,1,1,1,1,1
8105,0,0,0,0,0,0,0,0,0,0,0,0,0,0,0,0,0,0,0,0,0
8106,0,0,0,0,0,0,0,0,0,0,0,0,0,0,0,0,0,0,0,0,0
8107,0,0,0,0,0,0,0,0,0,0,0,0,0,0,0,0,0,0,0,0,0
8108,0,0,0,0,0,0,0,0,0,0,0,0,0,0,0,0,0,0,0,0,0
8109,1,2,2,2,2,2,2,2,3,3,2,2,2,2,3,3,3,3,2,2,3
8110,2,2,2,1,2,1,1,2,2,2,1,2,1,1,2,2,2,1,2,1,1
8111,2,2,2,2,2,1,1,2,2,2,2,2,1,1,2,2,2,2,1,1,1
8112,2,2,2,2,2,2,2,2,2,2,2,2,2,2,2,2,2,2,2,2,2
8113,17,18,17,14,14,12,13,14,16,16,14,13,12,12,14,15,15,13,12,11,12
8114,6,6,6,6,5,5,6,7,7,7,6,5,5,5,6,6,6,5,5,4,5
8115,1,1,1,1,1,1,1,1,1,1,1,1,1,1,1,1,1,1,1,1,1
8116,0,0,0,0,0,0,0,0,0,0,0,0,0,0,0,0,0,0,0,0,0
8117,0,0,0,0,0,0,0,0,0,0,0,0,0,0,0,0,0,0,0,0,0
8118,0,0,0,0,0,0,0,0,0,0,0,0,0,0,0,0,0,0,0,0,0
8119,0,0,0,0,0,0,0,0,0,0,0,0,0,0,0,0,0,0,0,0,0
8120,0,0,0,0,0,0,0,0,0,0,0,0,0,0,0,0,0,0,0,0,0
8121,1,1,1,1,1,1,1,1,1,1,1,1,1,1,1,1,1,1,1,1,1
8122,9,9,9,8,8,7,7,9,9,9,8,8,7,7,9,9,9,8,8,7,7
8123,19,22,22,19,17,17,15,20,23,24,21,19,18,16,22,25,26,22,20,21,20
8124,1,1,1,1,1,1,1,1,1,1,1,1,1,1,1,1,1,1,1,1,1
8125,2,3,3,2,2,1,2,2,3,3,2,1,1,2,2,3,3,2,1,1,2
8126,2,2,2,1,1,1,2,2,2,2,1,1,1,2,2,2,2,1,1,1,2
8127,2,2,2,2,2,2,2,2,2,2,2,2,2,2,2,2,2,2,2,2,2
8128,7,7,7,6,6,5,5,7,7,7,6,6,5,5,7,7,7,6,6,5,5
8129,1,1,1,1,0,1,1,1,1,1,1,0,1,1,1,1,1,1,0,1,1
8130,0,0,0,0,0,0,0,0,0,0,0,0,0,0,0,0,0,0,0,0,0
8131,2,3,3,2,2,2,2,2,3,3,2,2,2,2,2,3,3,2,2,2,2
8132,1,1,2,1,1,1,1,1,1,2,1,1,1,1,1,1,2,1,1,1,1
8133,1,1,1,1,0,1,1,1,1,1,1,0,1,1,1,1,1,1,0,1,1
8134,3,2,2,2,2,2,2,3,2,2,2,2,2,2,3,2,2,2,2,2,2
8135,0,0,0,0,0,0,0,0,0,0,0,0,0,0,0,0,0,0,0,0,0
8136,2,3,2,2,2,2,2,2,3,2,2,2,2,1,2,3,2,2,2,2,1
8137,0,0,0,0,0,0,0,0,0,0,0,0,0,0,0,0,0,0,0,0,0
8138,0,0,0,0,0,0,0,0,0,0,0,0,0,0,0,0,0,0,0,0,0
8139,0,0,0,0,0,0,0,0,0,0,0,0,0,0,0,0,0,0,0,0,0
8140,0,0,0,0,0,0,0,0,0,0,0,0,0,0,0,0,0,0,0,0,0
8141,0,0,0,0,0,0,0,0,0,0,0,0,0,0,0,0,0,0,0,0,0
8142,1,1,1,1,1,1,1,1,1,1,1,1,1,1,1,1,1,1,1,1,1
8143,8,8,7,7,6,7,7,8,9,9,9,8,8,8,10,12,12,12,11,13,16
8144,0,0,0,0,0,0,0,0,0,0,0,0,0,0,0,0,0,0,0,0,0
8145,0,0,0,0,0,0,0,0,0,0,0,0,0,0,0,0,0,0,0,0,0
8146,0,0,0,0,0,0,0,0,0,0,0,0,0,0,0,0,0,0,0,0,0
8147,1,1,1,1,1,1,1,1,1,1,1,1,1,1,1,1,1,1,1,1,1
8148,0,0,0,0,0,0,0,0,0,0,0,0,0,0,0,0,0,0,0,0,0
8149,1,0,1,0,1,1,1,1,0,1,0,1,1,1,1,0,1,0,1,1,1
8150,0,0,0,0,0,0,0,0,0,0,0,0,0,0,0,0,0,0,0,0,0
8151,0,0,0,0,0,0,0,0,0,0,0,0,0,0,0,0,0,0,0,0,0
8152,3,3,3,3,3,3,3,3,3,3,3,3,3,3,3,3,3,3,3,3,3
8153,1,1,1,1,1,1,1,1,1,1,1,1,1,1,1,1,1,1,1,1,1
8154,0,0,0,0,0,0,0,0,0,0,0,0,0,0,0,0,0,0,0,0,0
8155,28,26,24,23,22,22,23,25,25,23,23,22,22,22,25,25,23,23,22,22,22
8156,0,0,0,0,0,0,0,0,0,0,0,0,0,0,0,0,0,0,0,0,0
8157,1,1,1,1,1,1,1,1,1,1,1,1,1,1,1,1,1,1,1,1,1
8158,0,0,0,0,0,0,0,0,0,0,0,0,0,0,0,0,0,0,0,0,0
8159,0,0,0,0,0,0,0,0,0,0,0,0,0,0,0,0,0,0,0,0,0
8160,0,0,0,0,0,0,0,0,0,0,0,0,0,0,0,0,0,0,0,0,0
8161,2,3,3,2,2,2,2,2,3,3,2,2,2,2,2,3,3,2,2,2,2
8162,1,1,1,1,0,0,0,1,1,1,1,0,0,0,1,1,1,1,0,0,0
8163,3,4,4,4,3,2,3,3,4,4,4,3,3,3,4,4,4,4,3,3,3
8164,0,0,0,0,0,0,0,0,0,0,0,0,0,0,0,0,0,0,0,0,0
8165,7,6,7,6,4,5,5,6,5,6,5,3,4,5,5,5,6,5,3,4,5
8166,1,2,2,2,2,2,2,2,2,2,2,2,2,2,2,2,2,2,2,2,2
8167,9,7,5,5,4,4,4,6,6,6,6,5,5,6,8,9,9,9,8,8,9
8168,6,6,7,7,6,5,6,6,6,7,7,6,5,6,6,6,7,8,6,5,6
8169,0,0,0,0,0,0,0,0,0,0,0,0,0,0,0,0,0,0,0,0,0
8170,26,25,20,16,14,14,16,18,19,17,15,14,14,18,21,21,19,17,16,16,19
8171,3,3,3,3,2,2,2,3,3,3,3,3,2,2,3,3,3,3,3,3,3
8172,1,1,2,2,2,1,1,1,2,2,3,2,1,1,1,1,2,2,2,2,1
8173,0,0,0,0,0,0,0,0,0,0,0,0,0,0,0,0,0,0,0,0,0
8174,0,0,0,0,0,0,0,0,0,0,0,0,0,0,0,0,0,0,0,0,0
8175,0,0,0,0,0,0,0,0,0,0,0,0,0,0,0,0,0,0,0,0,0
8176,0,0,0,0,0,0,0,0,0,0,0,0,0,0,0,0,0,0,0,0,0
8177,0,0,0,0,0,0,0,0,0,0,0,0,0,0,0,0,0,0,0,0,0
8178,1,1,0,1,1,1,1,1,1,0,1,1,1,1,1,1,0,1,1,1,0
8179,0,0,0,0,0,0,0,0,0,0,0,0,0,0,0,0,0,0,0,0,0
8180,0,0,0,0,0,0,0,0,0,0,0,0,0,0,0,0,0,0,0,0,0
8181,0,0,0,0,0,0,0,0,0,0,0,0,0,0,0,0,0,0,0,0,0
8182,0,0,0,0,0,0,0,0,0,0,0,0,0,0,0,0,0,0,0,0,0
8183,0,0,0,0,0,0,0,0,0,0,0,0,0,0,0,0,0,0,0,0,0
8184,1,2,2,2,2,1,1,1,2,2,2,2,1,1,1,2,2,2,2,1,1
8185,1,1,1,1,1,1,1,1,1,1,1,1,1,1,1,1,1,1,1,1,1
8186,0,0,0,0,0,0,0,0,0,0,0,0,0,0,0,0,0,0,0,0,0
8187,3,3,3,2,2,2,2,3,3,2,2,2,2,2,3,3,2,2,2,2,2
8188,0,0,0,0,0,0,0,0,0,0,0,0,0,0,0,0,0,0,0,0,0
8189,2,2,2,2,2,2,2,2,2,2,1,1,1,1,1,1,1,1,1,1,1
8190,1,1,1,1,1,1,1,1,1,1,1,1,1,1,1,1,1,1,1,1,1
8191,0,0,0,0,0,0,0,0,0,0,0,0,0,0,0,0,0,0,0,0,0
8192,54,51,47,43,41,38,41,48,51,50,48,43,38,41,49,52,51,47,41,39,43
8193,0,0,0,0,0,0,0,0,0,0,0,0,0,0,0,0,0,0,0,0,0
8194,0,0,0,0,0,0,0,0,0,0,0,0,0,0,0,0,0,0,0,0,0
8195,0,0,0,0,0,0,0,0,0,0,0,0,0,0,0,0,0,0,0,0,0
8196,2,2,2,1,1,1,2,2,2,2,2,2,1,2,2,2,2,2,2,1,2
8197,0,0,0,0,0,0,0,0,0,0,0,0,0,0,0,0,0,0,0,0,0
8198,28,32,32,30,27,24,24,27,31,30,29,27,24,24,27,29,29,29,26,24,25
8199,6,6,6,5,5,5,5,6,6,6,5,5,5,5,6,6,6,5,5,5,5
8200,1,1,1,1,1,1,1,1,1,1,1,1,1,1,1,1,1,1,1,1,1
8201,7,9,7,6,5,6,6,6,8,7,6,5,5,6,6,8,7,6,5,5,6
8202,18,16,14,14,12,11,11,15,13,12,13,11,11,11,14,12,11,12,10,10,10
8203,87,96,103,91,78,70,71,82,97,97,88,79,73,72,83,94,102,95,83,78,81
8204,23,20,17,15,17,18,17,23,20,17,15,17,18,17,23,20,17,15,17,18,17
8205,1,2,3,3,2,1,1,1,2,3,3,2,1,1,1,2,3,3,2,1,1
8206,4,4,4,4,3,3,3,4,4,4,4,3,3,3,4,4,4,3,3,3,3
8207,2,2,2,2,2,2,2,2,2,2,2,2,2,2,2,2,2,2,2,2,2
8208,2,2,2,2,2,1,1,2,2,2,2,2,1,1,2,2,2,2,2,1,1
8209,5,5,6,5,4,5,4,5,5,6,5,4,4,4,5,5,6,5,4,5,4
8210,4,3,4,2,3,3,4,4,3,4,2,3,3,4,4,3,4,2,3,3,4
8211,21,21,20,16,13,12,14,18,18,17,15,12,12,14,18,17,16,14,12,13,15
8212,26,26,26,18,15,17,19,22,22,24,17,14,16,18,21,21,23,16,13,16,18
8213,23,26,24,20,19,18,19,20,24,23,19,18,18,18,20,23,22,18,17,17,18
8214,93,91,99,96,93,80,77,89,89,98,97,94,80,76,89,89,99,96,93,80,78
8215,2,3,2,2,2,2,2,2,3,2,2,2,2,2,2,3,2,2,2,2,2
8216,7,6,6,5,5,6,6,6,6,6,5,5,5,5,6,6,5,5,4,5,5
8217,2,2,2,2,2,2,2,2,2,2,2,2,2,2,2,2,2,2,2,2,2
8218,93,83,86,76,72,76,75,92,84,86,77,72,76,74,90,79,81,72,66,71,71
8219,3,4,4,3,3,3,3,4,4,4,4,3,3,3,4,4,4,3,3,3,3
8220,35,32,29,24,21,18,17,24,23,24,22,19,16,15,22,21,22,20,18,15,15
8221,26,26,24,22,21,20,21,25,27,27,26,23,20,19,25,28,28,26,24,25,29
8222,16,16,12,12,11,12,11,14,14,12,12,11,12,11,14,14,11,11,11,11,10
8223,11,11,11,9,8,8,7,8,8,8,7,6,6,6,7,6,7,6,5,5,5
8224,39,38,35,31,28,31,31,38,40,39,36,31,33,32,39,40,39,34,29,32,32
8225,2,1,2,1,1,1,1,2,1,2,1,1,1,1,2,1,2,1,1,1,1
8226,13,14,16,15,13,11,11,13,14,16,15,13,11,11,13,14,16,15,13,11,11
8227,10,9,9,8,8,8,7,9,8,8,8,8,7,7,9,8,8,7,8,7,6
8228,6,7,7,6,5,5,5,6,7,7,6,5,5,5,6,7,7,6,5,5,5
8229,59,64,63,62,55,55,53,63,71,70,70,62,60,58,63,66,64,60,50,48,47
8230,3,2,3,3,2,2,2,3,2,3,3,2,2,2,3,2,3,3,2,2,2
8231,2,2,2,2,2,2,2,2,2,2,2,2,2,2,2,2,2,2,2,2,2
8232,1,1,1,1,1,1,1,1,1,1,1,1,1,1,1,1,1,1,1,1,1
8233,1,0,1,0,1,0,1,1,0,1,0,1,0,1,1,0,1,0,1,0,1
8234,1,2,2,2,1,1,1,1,2,2,2,1,1,1,1,2,2,2,1,1,1
8235,4,3,3,3,3,2,2,3,2,2,2,2,2,2,3,2,2,2,2,2,2
8236,27,24,20,18,16,17,16,20,17,15,14,13,14,14,17,14,13,13,12,14,14
8237,1,1,1,0,0,1,1,1,1,1,0,0,1,0,1,1,1,0,0,1,0
8238,0,0,0,0,0,0,0,0,0,0,0,0,0,0,0,0,0,0,0,0,0
8239,0,0,0,0,0,0,0,0,0,0,0,0,0,0,0,0,0,0,0,0,0
8240,0,0,0,0,0,0,0,0,0,0,0,0,0,0,0,0,0,0,0,0,0
8241,0,0,0,0,0,0,0,0,0,0,0,0,0,0,0,0,0,0,0,0,0
8242,0,0,0,0,0,0,0,0,0,0,0,0,0,0,0,0,0,0,0,0,0
8243,0,0,0,0,0,0,0,0,0,0,0,0,0,0,0,0,0,0,0,0,0
8244,0,0,0,0,0,0,0,0,0,0,0,0,0,0,0,0,0,0,0,0,0
8245,1,0,0,0,0,0,0,1,0,0,0,0,0,0,1,0,0,0,0,0,0
8246,2,2,2,2,1,2,2,2,2,2,2,1,1,1,2,1,1,1,1,1,1
8247,0,0,0,0,0,0,0,0,0,0,0,0,0,0,0,0,0,0,0,0,0
8248,2,2,3,2,2,2,2,2,2,2,2,2,2,2,2,2,2,1,1,1,1
8249,1,1,1,0,0,0,0,1,1,1,0,0,0,0,1,1,1,0,0,0,0
8250,1,1,1,1,1,1,1,1,1,1,1,1,1,1,1,1,1,1,1,1,1
8251,0,0,0,0,0,0,0,0,0,0,0,0,0,0,0,0,0,0,0,0,0
8252,1,1,2,2,1,1,1,1,2,2,2,2,1,1,1,2,2,2,2,1,1
8253,1,1,1,1,1,1,1,1,1,1,1,1,1,1,1,1,1,1,1,1,1
8254,0,1,1,0,0,0,0,0,1,1,0,0,0,0,0,1,1,0,0,0,0
8255,0,0,0,0,0,0,0,0,0,0,0,0,0,0,0,0,0,0,0,0,0
8256,0,0,0,0,0,0,0,0,0,0,0,0,0,0,0,0,0,0,0,0,0
8257,2,2,3,2,2,2,2,3,3,3,3,3,3,3,3,3,3,2,2,2,2
8258,0,0,0,0,0,0,0,0,0,0,0,0,0,0,0,0,0,0,0,0,0
8259,0,0,0,0,0,0,0,0,0,0,0,0,0,0,0,0,0,0,0,0,0
8260,3,3,3,3,3,3,2,3,3,3,3,2,2,2,1,2,2,1,1,1,1
8261,0,0,0,0,0,0,0,0,0,0,0,0,0,0,0,0,0,0,0,0,0
8262,0,0,0,0,0,0,0,0,0,0,0,0,0,0,0,0,0,0,0,0,0
8263,0,0,0,0,0,0,0,0,0,0,0,0,0,0,0,0,0,0,0,0,0
8264,2,3,3,2,1,1,1,2,3,3,2,1,1,1,2,3,3,2,1,1,1
8265,1,1,1,1,1,1,1,1,1,1,1,1,1,1,1,1,1,1,1,1,1
8266,10,10,12,9,7,6,7,8,9,11,9,7,6,7,8,9,11,8,7,6,7
8267,3,3,4,4,4,3,2,3,3,4,4,4,2,2,3,3,4,4,4,2,2
8268,0,0,0,0,0,0,0,0,0,0,0,0,0,0,0,0,0,0,0,0,0
8269,49,54,59,55,49,43,40,47,57,65,62,54,46,42,49,58,65,62,54,50,52
8270,2,3,3,3,2,1,2,2,3,3,3,2,1,2,2,3,3,3,2,1,2
8271,0,0,0,0,0,0,0,0,0,0,0,0,0,0,0,0,0,0,0,0,0
8272,8,9,9,8,9,8,8,8,8,9,8,9,8,8,7,8,8,7,8,8,7
8273,36,48,56,55,47,31,21,37,49,57,55,47,31,21,37,48,56,54,46,30,20
8274,60,87,74,61,40,34,38,52,80,67,55,35,30,35,50,80,69,58,38,34,41
8275,55,77,99,104,97,56,46,59,80,99,104,95,55,45,59,83,105,111,102,64,57
8276,0,0,0,0,0,0,0,0,0,0,0,0,0,0,0,0,0,0,0,0,0
8277,1,1,1,1,1,1,1,1,1,1,1,1,1,1,1,1,1,1,1,1,1
8278,2,3,5,4,3,2,2,2,3,5,4,3,2,2,2,3,5,4,3,2,2
8279,17,19,18,17,14,12,11,14,17,16,16,13,11,10,13,15,15,15,13,10,9
8280,7,8,9,11,12,10,9,7,8,9,11,12,10,9,7,8,9,11,12,10,9
8281,1,1,1,1,1,1,1,1,1,1,1,1,1,1,1,1,1,1,1,1,1
8282,0,0,0,0,0,0,0,0,0,0,0,0,0,0,0,0,0,0,0,0,0
8283,0,0,0,0,0,0,0,0,0,0,0,0,0,0,0,0,0,0,0,0,0
8284,0,0,0,0,0,0,0,0,0,0,0,0,0,0,0,0,0,0,0,0,0
8285,0,0,0,0,0,0,0,0,0,0,0,0,0,0,0,0,0,0,0,0,0
8286,0,0,0,0,0,0,0,0,0,0,0,0,0,0,0,0,0,0,0,0,0
8287,0,0,0,0,0,0,0,0,0,0,0,0,0,0,0,0,1,0,0,0,0
8288,0,0,0,0,0,0,0,0,0,0,0,0,0,0,0,0,0,0,0,0,0
8289,0,0,0,0,0,0,0,0,0,0,0,0,0,0,0,0,0,0,0,0,0
8290,11,9,6,5,4,3,4,5,5,5,5,4,4,4,6,5,5,4,4,4,4
8291,0,0,0,0,0,0,0,0,0,0,0,0,0,0,0,0,0,0,0,0,0
8292,0,0,0,0,0,0,0,0,0,0,0,0,0,0,0,0,0,0,0,0,0
8293,0,0,0,0,0,0,0,0,0,0,0,0,0,0,0,0,0,0,0,0,0
8294,0,0,0,0,0,0,0,0,0,0,0,0,0,0,0,0,0,0,0,0,0
8295,0,0,0,0,0,0,0,0,0,0,0,0,0,0,0,0,0,0,0,0,0
8296,0,1,0,1,0,0,0,0,1,0,1,0,0,0,0,1,0,1,0,0,0
8297,79,82,88,82,73,67,69,81,88,89,80,67,61,63,75,77,84,82,70,64,68
8298,1,1,1,1,1,1,1,1,1,1,1,1,1,1,1,1,1,1,1,1,1
8299,5,4,4,2,3,3,3,5,4,4,2,3,3,3,5,4,4,2,3,3,3
8300,0,0,0,0,0,0,0,0,0,0,0,0,0,0,0,0,0,0,0,0,1
8301,7,8,9,9,8,6,5,6,7,9,8,7,6,5,6,7,8,8,7,6,5
8302,36,35,33,28,25,23,23,27,28,28,26,23,22,21,25,26,26,24,21,20,20
8303,10,8,7,7,6,6,5,6,6,6,6,5,5,5,5,5,5,5,5,5,4
8304,0,0,0,0,0,0,0,0,0,0,0,0,0,0,0,0,0,0,0,0,0
8305,15,12,11,10,9,9,10,13,11,11,10,9,9,10,13,11,11,10,9,9,10
8306,2,2,2,2,4,3,1,2,2,2,3,4,3,1,2,2,2,3,4,3,1
8307,24,23,24,24,22,23,25,29,30,31,31,26,25,25,30,30,31,29,24,26,29
8308,0,0,0,0,0,0,0,0,0,0,0,0,0,0,0,0,0,0,0,0,0
8309,0,0,0,0,0,0,0,0,0,0,0,0,0,0,0,0,0,0,0,0,0
8310,0,0,0,0,0,0,0,0,0,0,0,0,0,0,0,0,0,0,0,0,0
8311,0,0,0,0,0,0,0,0,0,0,0,0,0,0,0,0,0,0,0,0,0
8312,0,0,0,0,0,0,0,0,0,0,0,0,0,0,0,0,0,0,0,0,0
8313,0,0,0,0,0,0,0,0,0,0,0,0,0,0,0,0,0,0,0,0,0
8314,0,0,0,0,0,0,0,0,0,0,0,0,0,0,0,0,0,0,0,0,0
8315,0,0,0,0,0,0,0,0,0,0,0,0,0,0,0,0,0,0,0,0,0
8316,0,0,0,0,0,0,0,0,0,0,0,0,0,0,0,0,0,0,0,0,0
8317,2,2,2,2,2,2,1,2,2,2,2,2,2,1,2,2,2,2,2,2,1
8318,42,43,47,46,43,41,44,53,55,53,49,43,42,46,53,51,50,47,40,41,46
8319,2,2,2,2,2,1,2,2,2,2,2,2,1,2,2,2,2,2,2,1,2
8320,16,13,10,9,8,8,9,10,10,8,8,7,7,7,8,7,7,6,6,6,6
8321,0,0,0,0,0,0,0,0,0,0,0,0,0,0,0,0,0,0,0,0,0
8322,0,0,0,0,0,0,0,0,0,0,0,0,0,0,0,0,0,0,0,0,0
8323,0,0,0,0,0,0,0,0,0,0,0,0,0,0,0,0,0,0,0,0,0
8324,0,0,0,0,0,0,0,0,0,0,0,0,0,0,0,0,0,0,0,0,0
8325,0,0,0,0,0,0,0,0,0,0,0,0,0,0,0,0,0,0,0,0,0
8326,5,6,6,5,4,4,5,5,6,6,5,4,4,4,5,6,6,5,4,4,4
8327,3,3,3,2,2,2,2,3,3,3,3,2,2,2,3,3,3,3,2,2,2
8328,29,30,30,26,23,21,22,26,28,27,25,22,21,22,25,26,25,23,21,20,22
8329,2,2,2,2,2,2,2,2,2,2,2,2,2,2,2,2,2,2,2,2,2
8330,19,19,18,17,15,14,15,18,18,18,17,15,14,15,18,18,18,16,15,14,15
8331,71,70,71,63,61,58,63,73,75,75,68,62,56,58,69,74,77,69,65,65,76
8332,82,88,84,70,62,56,60,70,74,67,58,52,52,57,69,74,72,64,59,58,66
8333,6,6,4,3,2,2,3,3,4,3,3,3,3,3,3,4,3,3,3,2,3
8334,0,0,0,0,0,0,0,0,0,0,0,0,0,0,0,0,0,0,0,0,0
8335,0,0,0,0,0,0,0,0,0,0,0,0,0,0,0,0,0,0,0,0,0
8336,0,0,0,0,0,0,0,0,0,0,0,0,0,0,0,0,0,0,0,0,0
8337,2,2,2,2,2,2,2,2,2,2,2,2,2,2,2,2,2,2,2,2,2
8338,0,0,0,0,0,0,0,0,0,0,0,0,0,0,0,0,0,0,0,0,0
8339,0,0,0,0,0,0,0,0,0,0,0,0,0,0,0,0,0,0,0,0,0
8340,14,14,14,14,13,12,12,13,13,14,13,13,12,12,13,13,13,13,12,11,12
8341,0,0,0,0,0,0,0,0,0,0,0,0,0,0,0,0,0,0,0,0,0
8342,0,0,0,0,0,0,0,0,0,0,0,0,0,0,0,0,0,0,0,0,0
8343,2,2,2,2,2,1,1,2,2,2,2,2,1,1,2,2,2,2,2,1,1
8344,0,0,0,0,0,0,0,0,0,0,0,0,0,0,0,0,0,0,0,0,0
8345,8,9,9,8,7,7,7,8,9,9,8,7,7,7,8,9,9,8,7,7,7
8346,9,10,11,10,10,8,8,9,10,11,10,10,8,8,9,10,11,10,10,8,8
8347,14,15,15,13,11,9,10,12,14,14,12,11,10,12,14,15,15,14,13,11,13
8348,0,0,0,0,0,0,0,0,0,0,0,0,0,0,0,0,0,0,0,0,0
8349,18,19,18,17,15,13,14,18,19,18,17,15,13,14,18,19,18,17,15,13,14
8350,0,0,0,0,0,0,0,0,0,0,0,0,0,0,0,0,0,0,0,0,0
8351,1,1,1,1,1,1,1,1,1,1,1,1,1,1,1,1,1,1,1,1,1
8352,1,0,0,0,0,1,0,1,0,0,0,0,0,0,1,0,0,0,0,0,0
8353,1,1,1,1,1,1,1,1,1,1,1,1,1,1,1,1,1,1,1,1,1
8354,0,0,0,0,0,0,0,0,0,0,0,0,0,0,0,0,0,0,0,0,0
8355,0,0,0,0,0,0,0,0,0,0,0,0,0,0,0,0,0,0,0,0,0
8356,0,1,1,1,1,1,1,1,1,1,1,1,1,1,1,1,1,1,1,1,1
8357,0,0,0,0,0,0,0,0,0,0,0,0,0,0,0,0,0,0,0,0,0
8358,0,0,0,0,0,0,0,0,0,0,0,0,0,0,0,0,0,0,0,0,0
8359,0,0,0,0,0,0,0,0,0,0,0,0,0,0,0,0,0,0,0,0,0
8360,0,0,0,0,0,0,0,0,0,0,0,0,0,0,0,0,0,0,0,0,0
8361,0,0,0,0,0,0,0,0,0,0,0,0,0,0,0,0,0,0,0,0,0
8362,0,0,0,0,0,0,0,0,0,0,0,0,0,0,0,0,0,0,0,0,0
8363,1,1,0,0,0,0,0,0,0,0,0,0,0,0,0,0,0,0,0,0,0
8364,2,1,1,1,1,1,1,1,1,1,1,1,1,0,1,1,1,1,1,1,0
8365,3,3,2,2,1,2,2,3,3,2,2,1,2,2,3,3,2,2,1,2,2
8366,1,2,2,2,1,1,1,1,2,2,2,1,1,1,1,1,2,1,1,1,1
8367,0,0,0,0,0,0,0,0,0,0,0,0,0,0,0,0,0,0,0,0,0
8368,21,22,23,22,21,19,18,20,23,24,24,22,20,19,22,23,23,23,21,20,21
8369,3,3,3,3,3,3,3,3,4,4,4,4,3,3,4,4,4,4,4,3,3
8370,0,0,0,0,0,0,0,0,0,0,0,0,0,0,0,0,0,0,0,0,0
8371,4,4,4,5,6,5,4,4,4,4,5,6,5,4,4,4,4,5,5,5,4
8372,5,6,5,4,4,4,4,5,6,5,4,4,4,4,5,6,5,4,4,4,4
8373,4,5,5,5,3,3,3,3,4,5,5,3,3,3,3,4,5,5,3,3,3
8374,0,0,0,0,0,0,0,0,0,0,0,0,0,0,0,0,0,0,0,0,0
8375,2,2,2,2,2,2,2,1,2,2,2,2,1,2,1,2,2,2,2,1,2
8376,8,8,8,8,8,7,6,7,7,7,7,7,6,6,6,6,7,7,6,5,5
8377,0,0,0,0,0,0,0,0,0,0,0,0,0,0,0,0,0,0,0,0,0
8378,24,26,29,25,23,18,19,24,26,29,25,23,18,19,24,26,29,25,23,18,19
8379,0,0,0,0,0,0,0,0,0,0,0,0,0,0,0,0,0,0,0,0,0
8380,4,5,6,6,6,5,3,4,5,6,6,6,5,3,4,5,6,6,6,5,3
8381,0,0,0,0,0,0,0,0,0,0,0,0,0,0,0,0,0,0,0,0,0
8382,0,0,0,0,0,0,0,0,0,0,0,0,0,0,0,0,0,0,0,0,0
8383,0,0,0,0,0,0,0,0,0,0,0,0,0,0,0,0,0,0,0,0,0
8384,0,0,0,0,0,0,0,0,0,0,0,0,0,0,0,0,0,0,0,0,0
8385,0,0,0,0,0,0,0,0,0,0,0,0,0,0,0,0,0,0,0,0,0
8386,0,0,0,0,0,0,0,0,0,0,0,0,0,0,0,0,0,0,0,0,0
8387,0,0,0,0,0,0,0,0,0,0,0,0,0,0,0,0,0,0,0,0,0
8388,0,0,0,0,0,0,0,0,0,0,0,0,0,0,0,0,0,0,0,0,0
8389,0,0,0,0,0,0,0,0,0,0,0,0,0,0,0,0,0,0,0,0,0
8390,9,9,10,9,9,8,7,8,9,9,9,8,8,7,8,9,10,9,8,8,7
8391,0,0,0,0,0,0,0,0,0,0,0,0,0,0,0,0,0,0,0,0,0
8392,0,0,0,0,0,0,0,0,0,0,0,0,0,0,0,0,0,0,0,0,0
8393,2,2,2,3,3,2,2,3,3,3,3,3,2,2,3,3,3,3,3,2,2
8394,0,0,0,0,0,0,0,0,0,0,0,0,0,0,0,0,0,0,0,0,0
8395,0,0,0,0,0,0,0,0,0,0,0,0,0,0,0,0,0,0,0,0,0
8396,2,2,2,1,1,1,1,2,2,2,2,1,1,1,2,2,2,2,1,1,1
8397,0,0,0,0,0,0,0,0,0,0,0,0,0,0,0,0,0,0,0,0,0
8398,15,17,17,15,14,12,12,14,16,17,14,13,12,11,13,15,16,14,13,11,11
8399,0,0,0,0,0,0,0,0,0,0,0,0,0,0,0,0,0,0,0,0,0
8400,7,8,7,6,5,4,4,7,8,7,6,5,4,4,7,8,7,6,5,4,4
8401,14,15,15,14,13,12,12,14,15,15,14,13,11,12,14,15,15,14,13,11,12
8402,7,8,9,8,8,6,6,7,7,8,7,7,6,6,7,7,8,7,7,5,6
8403,4,4,4,4,4,3,4,4,4,4,4,4,3,4,4,4,4,4,4,3,3
8404,0,0,0,0,0,0,0,0,0,0,0,0,0,0,0,0,0,0,0,0,0
8405,0,0,0,0,0,0,0,0,0,0,0,0,0,0,0,0,0,0,0,0,0
8406,0,0,0,0,0,0,0,0,0,0,0,0,0,0,0,0,0,0,0,0,0
8407,0,0,0,0,0,0,0,0,0,0,0,0,0,0,0,0,0,0,0,0,0
8408,1,2,2,2,1,1,1,1,2,2,2,1,1,1,1,2,2,2,1,1,1
8409,0,0,0,0,0,0,0,0,0,0,0,0,0,0,0,0,0,0,0,0,0
8410,1,2,1,1,0,0,0,1,2,1,1,0,0,0,1,2,1,1,0,0,0
8411,0,0,0,0,0,0,0,0,0,0,0,0,0,0,0,0,0,0,0,0,0
8412,0,0,0,0,0,0,0,0,0,0,0,0,0,0,0,0,0,0,0,0,0
8413,0,0,0,0,0,0,0,0,0,0,0,0,0,0,0,0,0,0,0,0,0
8414,0,0,0,0,0,0,0,0,0,0,0,0,0,0,0,0,0,0,0,0,0
8415,0,0,0,0,0,0,0,0,0,0,0,0,0,0,0,0,0,0,0,0,0
8416,0,0,0,0,0,0,0,0,0,0,0,0,0,0,0,0,0,0,0,0,0
8417,0,0,0,0,0,0,0,0,0,0,0,0,0,0,0,0,0,0,0,0,0
8418,0,0,0,0,1,0,0,0,0,0,0,1,0,0,0,0,0,0,1,0,0
8419,2,2,2,2,2,1,1,1,2,2,2,2,1,1,1,2,2,2,2,1,1
8420,8,7,6,6,5,5,5,5,5,5,5,4,4,4,4,5,5,5,4,4,4
8421,7,7,7,6,6,5,5,7,7,7,6,6,5,5,7,7,7,6,6,5,5
8422,0,0,0,0,0,0,0,0,0,0,0,0,0,0,0,0,0,0,0,0,0
8423,0,0,0,0,0,0,0,0,0,0,0,0,0,0,0,0,0,0,0,0,0
8424,10,11,10,9,8,8,8,8,9,9,9,7,8,7,7,8,8,8,7,8,8
8425,9,9,8,6,5,5,5,6,6,6,5,4,4,5,5,6,6,5,4,4,5
8426,1,1,1,1,1,1,1,1,1,1,0,0,0,0,1,1,1,0,0,1,1
8427,0,0,0,0,0,0,0,0,0,0,0,0,0,0,0,0,0,0,0,0,0
8428,2,2,2,1,1,2,2,2,2,2,2,1,2,2,3,2,2,2,2,2,2
8429,8,8,8,7,6,5,6,7,7,7,6,5,5,5,6,6,6,6,5,5,5
8430,2,1,1,1,1,1,1,1,1,1,1,1,1,1,1,1,1,1,1,1,1
8431,0,0,0,0,0,0,0,0,0,0,0,0,0,0,0,0,0,0,0,0,0
8432,0,0,0,0,0,0,0,0,0,0,0,0,0,0,0,0,0,0,0,0,0
8433,0,0,0,0,0,0,0,0,0,0,0,0,0,0,0,0,0,0,0,0,0
8434,0,0,0,0,0,0,0,0,0,0,0,0,0,0,0,0,0,0,0,0,0
8435,2,1,1,1,1,1,1,1,1,1,1,1,1,1,1,1,1,1,1,1,1
8436,2,2,2,1,1,1,1,1,1,1,1,1,1,1,1,1,1,1,1,1,1
8437,0,0,0,0,0,0,0,0,0,0,0,0,0,0,0,0,0,0,0,0,0
8438,0,0,0,0,0,0,0,0,0,0,0,0,0,0,0,0,0,0,0,0,0
8439,1,0,0,0,0,0,0,0,0,0,0,0,0,0,0,0,0,0,0,0,0
8440,0,0,0,0,0,0,0,0,0,0,0,0,0,0,0,0,0,0,0,0,0
8441,0,0,0,0,0,0,0,0,0,0,0,0,0,0,0,0,0,0,0,0,0
8442,1,1,1,1,1,1,1,1,1,1,1,1,1,1,1,1,1,1,1,1,1
8443,0,0,0,0,0,0,0,0,0,0,0,0,0,0,0,0,0,0,0,0,0
8444,0,0,0,0,0,0,0,0,0,0,0,0,0,0,0,0,0,0,0,0,0
8445,2,5,7,8,6,3,2,2,5,7,8,6,3,2,2,5,7,8,6,3,2
8446,0,0,0,0,0,0,0,0,0,0,0,0,0,0,0,0,0,0,0,0,0
8447,1,1,1,1,1,1,1,1,1,1,1,1,1,1,1,1,1,1,1,1,1
8448,0,0,1,1,0,0,0,1,1,1,1,1,1,1,1,1,1,1,1,1,1
8449,4,4,4,3,2,1,1,2,3,3,3,2,1,1,2,3,4,3,2,1,2
8450,0,0,0,0,0,0,0,0,0,0,0,0,0,0,0,0,0,0,0,0,0
8451,1,1,1,1,1,1,1,1,1,1,1,1,1,1,1,1,1,1,1,1,1
8452,0,0,0,0,0,0,0,0,0,0,0,0,0,0,0,0,0,0,0,0,0
8453,5,6,6,6,5,5,5,5,5,5,5,5,5,4,5,4,5,4,4,4,4
8454,0,0,0,0,0,0,0,0,0,0,0,0,0,0,0,0,0,0,0,0,0
8455,0,0,0,0,0,0,0,0,0,0,0,0,0,0,0,0,0,0,0,0,0
8456,0,0,0,0,0,0,0,0,0,0,0,0,0,0,0,0,0,0,0,0,0
8457,0,0,0,0,0,0,0,0,0,0,0,0,0,0,0,0,0,0,0,0,0
8458,0,0,0,0,0,0,0,0,0,0,0,0,0,0,0,0,0,0,0,0,0
8459,1,1,1,1,1,1,1,1,1,1,1,1,1,1,1,1,1,1,1,1,1
8460,10,9,10,10,9,7,7,9,9,10,9,8,7,6,8,7,8,8,7,6,5
8461,10,11,13,12,10,9,8,10,11,13,12,10,9,8,10,11,13,12,10,9,8
8462,0,0,0,0,0,0,0,0,0,0,0,0,0,0,0,0,0,0,0,0,0
8463,26,27,26,22,19,17,18,22,23,22,20,18,17,19,23,21,20,18,16,15,17
8464,0,1,0,0,0,0,0,0,1,0,0,0,0,0,0,1,0,0,0,0,0
8465,4,5,7,5,5,4,4,5,5,7,5,5,4,4,5,5,7,5,4,4,4
8466,4,5,5,6,4,3,3,4,5,5,6,4,3,3,4,5,5,6,4,3,3
8467,0,0,0,0,0,0,0,0,0,0,0,0,0,0,0,0,0,0,0,0,0
8468,0,0,0,0,0,0,0,0,0,0,0,0,0,0,0,0,0,0,0,0,0
8469,0,0,0,0,0,0,0,0,0,0,0,0,0,0,0,0,0,0,0,0,0
8470,4,4,4,3,3,3,3,3,4,3,3,3,3,3,3,3,3,3,3,2,3
8471,0,0,0,0,0,0,0,0,0,0,0,0,0,0,0,0,0,0,0,0,0
8472,1,1,1,1,1,0,0,1,1,1,1,1,0,0,1,1,1,1,1,0,0
8473,0,0,0,0,0,0,0,0,0,0,0,0,0,0,0,0,0,0,0,0,0
8474,0,0,0,0,0,0,0,0,0,0,0,0,0,0,0,0,0,0,0,0,0
8475,0,0,0,0,0,0,0,0,0,0,0,0,0,0,0,0,0,0,0,0,0
8476,0,0,0,0,0,0,0,0,0,0,0,0,0,0,0,0,0,0,0,0,0
8477,0,0,0,0,0,0,0,0,0,0,0,0,0,0,0,0,0,0,0,0,0
8478,0,0,0,0,0,0,0,0,0,0,0,0,0,0,0,0,0,0,0,0,0
8479,0,0,0,0,0,0,0,0,0,0,0,0,0,0,0,0,0,0,0,0,0
8480,0,0,0,0,0,0,0,0,0,0,0,0,0,0,0,0,0,0,0,0,0
8481,0,0,0,0,0,0,0,0,0,0,0,0,0,0,0,0,0,0,0,0,0
8482,0,1,0,0,0,1,0,0,1,0,0,0,1,0,0,1,0,0,0,1,0
8483,0,0,0,0,0,0,0,0,0,0,0,0,0,0,0,0,0,0,0,0,0
8484,0,0,0,0,0,0,0,0,0,0,0,0,0,0,0,0,0,0,0,0,0
8485,0,0,0,0,0,0,0,0,0,0,0,0,0,0,0,0,0,0,0,0,0
8486,1,1,1,1,1,1,0,1,1,1,1,1,0,0,1,1,1,1,1,0,0
8487,0,0,0,0,0,0,0,0,0,0,0,0,0,0,0,0,0,0,0,0,0
8488,0,0,0,0,0,0,0,0,0,0,0,0,0,0,0,0,0,0,0,0,0
8489,0,0,0,0,0,0,0,0,0,0,0,0,0,0,0,0,0,0,0,0,0
8490,0,0,0,0,0,0,0,0,0,0,0,0,0,0,0,0,0,0,0,0,0
8491,0,0,0,0,0,0,0,0,0,0,0,0,0,0,0,0,0,0,0,0,0
8492,0,0,0,0,0,0,0,0,0,0,0,0,0,0,0,0,0,0,0,0,0
8493,0,0,0,0,0,0,0,0,0,0,0,0,0,0,0,0,0,0,0,0,0
8494,0,0,0,0,0,0,0,0,0,0,0,0,0,0,0,0,0,0,0,0,0
8495,0,0,0,0,0,0,0,0,0,0,0,0,0,0,0,0,0,0,0,0,0
8496,10,12,12,13,12,11,10,10,12,12,13,12,11,10,10,12,12,13,12,11,10
8497,4,6,7,6,4,5,3,4,6,7,6,4,5,3,4,6,7,6,4,5,3
8498,2,3,5,5,4,2,3,2,3,5,5,4,2,3,2,3,5,5,4,2,3
8499,7,9,10,11,10,7,5,7,9,10,11,10,7,5,7,9,10,11,10,7,5
8500,0,0,0,0,0,0,0,0,0,0,0,0,0,0,0,0,0,0,0,0,0
8501,0,0,0,0,0,0,0,0,0,0,0,0,0,0,0,0,0,0,0,0,0
8502,0,0,0,0,0,0,0,0,0,0,0,0,0,0,0,0,0,0,0,0,0
8503,0,0,0,0,0,0,0,0,0,0,0,0,0,0,0,0,0,0,0,0,0
8504,0,0,0,0,0,0,0,0,0,0,0,0,0,0,0,0,0,0,0,0,0
8505,0,0,0,0,0,0,0,0,0,0,0,0,0,0,0,0,0,0,0,0,0
8506,4,4,4,4,5,4,4,5,4,4,4,4,4,4,4,3,3,4,4,4,4
8507,1,1,1,1,1,1,1,1,1,1,1,1,1,1,1,1,1,1,1,1,1
8508,0,0,0,0,0,0,0,0,0,0,0,0,0,0,0,0,0,0,0,0,0
8509,0,0,0,0,0,0,0,0,0,0,0,0,0,0,0,0,0,0,0,0,0
8510,0,0,0,0,0,1,1,1,1,1,1,0,0,1,1,1,0,0,0,0,1
8511,9,6,5,4,3,3,3,3,3,2,2,2,2,2,2,2,2,2,2,2,2
8512,0,0,0,0,0,0,0,0,0,0,0,0,0,0,0,0,0,0,0,0,0
8513,0,0,0,0,0,0,0,0,0,0,0,0,0,0,0,0,0,0,0,0,0
8514,3,2,2,1,1,1,1,1,2,2,1,1,1,1,1,2,2,1,1,1,1
8515,1,1,1,1,1,1,1,1,1,2,1,1,1,1,1,1,2,1,1,1,1
8516,2,3,2,3,2,2,2,2,3,3,3,3,3,3,3,3,3,3,3,3,2
8517,7,9,8,8,6,5,5,7,9,8,8,6,5,5,7,9,8,8,6,5,5
8518,0,0,0,0,0,0,0,0,0,0,0,0,0,0,0,0,0,0,0,0,0
8519,0,1,1,0,0,0,0,1,1,1,0,0,0,0,1,1,1,0,0,0,0
8520,2,2,2,2,2,2,2,3,3,3,3,3,3,3,3,3,3,2,2,2,2
8521,3,3,3,3,2,2,2,2,2,2,2,2,2,2,2,2,2,2,2,2,2
8522,5,6,6,6,6,6,5,6,6,6,6,6,5,5,6,6,5,5,5,5,5
8523,3,3,3,3,3,3,3,3,3,3,3,2,2,2,3,2,2,3,2,2,2
8524,2,3,3,3,2,2,2,2,3,3,3,2,2,2,2,3,3,3,2,2,2
8525,11,11,11,9,7,8,8,11,11,11,9,7,8,8,11,11,11,9,7,8,8
8526,2,2,2,2,2,2,1,2,2,2,2,2,2,1,2,2,2,2,2,2,1
8527,3,3,3,3,2,2,3,3,3,3,3,2,2,3,3,3,3,3,2,2,3
8528,21,24,25,24,21,17,20,25,27,25,23,19,16,19,24,24,23,22,19,15,19
8529,41,45,48,43,33,30,34,41,45,48,42,33,30,34,40,44,47,42,32,29,33
8530,306,347,354,345,303,273,252,335,398,387,370,315,279,256,347,416,422,400,340,311,304
8531,198,215,229,240,221,216,193,232,291,324,333,300,272,245,307,402,475,459,415,391,365
8532,20,19,18,16,14,13,14,15,16,14,13,10,10,11,13,13,12,11,9,9,10
8533,30,33,31,26,24,23,25,28,31,29,25,23,23,24,27,28,26,23,20,21,23
8534,0,0,0,0,0,0,0,0,0,0,0,0,0,0,0,0,0,0,0,0,0
8535,7,7,6,9,8,7,5,7,7,6,9,8,7,5,7,7,6,9,8,7,5
8536,22,22,27,33,32,26,21,22,22,27,33,32,26,21,22,22,27,32,32,26,21
8537,19,20,20,18,17,16,15,18,20,18,17,16,15,14,16,18,17,15,15,14,13
8538,0,0,0,0,0,0,0,0,0,0,0,0,0,0,0,0,0,0,0,0,0
8539,3,3,3,3,3,2,3,3,3,3,3,3,2,3,3,3,3,3,3,2,3
8540,30,31,30,25,21,20,20,24,26,25,21,18,18,19,24,25,24,20,18,18,19
8541,67,70,70,59,53,49,52,58,64,64,55,50,47,50,57,61,62,54,49,47,51
8542,2,2,2,1,1,1,1,1,2,1,1,1,1,1,1,2,1,1,1,1,1
8543,3,2,2,2,2,2,2,2,2,2,2,2,1,1,2,2,2,1,1,1,1
8544,2,3,3,2,2,2,2,2,3,3,2,2,2,2,2,3,3,2,2,2,2
8545,4,4,4,4,3,2,2,4,3,4,4,3,2,2,4,3,4,4,3,2,2
8546,7,8,8,7,7,6,6,7,8,8,7,7,6,6,7,8,8,7,7,6,6
8547,10,12,13,11,10,8,8,11,13,13,11,10,8,8,11,13,13,11,10,8,9
8548,1,1,1,0,0,0,1,1,1,1,0,0,0,1,1,1,1,0,0,0,1
8549,33,39,39,34,29,27,27,34,39,39,33,28,26,27,33,37,36,32,26,26,28
8550,36,41,43,44,43,38,41,47,51,50,47,43,38,41,44,46,45,42,39,34,37
8551,25,31,33,25,22,20,19,25,31,33,25,22,20,19,25,31,33,25,22,20,19
8552,50,46,45,37,34,33,37,48,49,50,44,39,36,38,50,50,51,43,39,39,43
8553,47,46,47,32,32,31,33,46,46,47,32,31,30,33,46,45,47,32,31,30,32
8554,11,10,8,8,7,8,8,11,10,8,9,7,8,8,11,10,8,8,7,8,8
8555,0,0,0,0,0,0,0,0,0,0,0,0,0,0,0,0,0,0,0,0,0
8556,0,0,1,1,1,1,1,0,0,1,1,1,1,1,0,0,1,1,1,1,1
8557,4,6,4,3,2,3,6,4,6,4,3,2,3,6,4,6,4,3,2,3,6
8558,17,18,20,18,16,14,14,17,18,19,17,15,14,14,16,16,17,16,14,12,13
8559,0,1,1,0,0,0,0,0,1,1,0,0,0,0,0,1,1,0,0,0,0
8560,1,1,1,1,1,1,1,1,1,1,1,1,1,1,1,1,1,1,1,1,1
8561,0,0,0,0,0,0,1,1,0,0,0,0,0,1,1,0,0,0,0,0,1
8562,0,0,0,0,0,0,0,0,0,0,0,0,0,0,0,0,0,0,0,0,0
8563,0,1,1,1,1,0,0,0,1,1,1,1,0,0,0,1,1,1,1,0,0
8564,1,2,2,1,1,1,1,1,2,2,1,1,1,1,1,2,2,1,1,1,1
8565,4,4,5,3,2,2,2,4,4,5,3,2,2,2,4,4,5,2,2,2,2
8566,3,3,3,3,3,3,3,3,3,3,3,3,3,3,3,3,3,3,3,3,3
8567,7,5,4,3,3,3,4,4,4,3,3,2,2,2,2,2,1,1,1,1,1
8568,0,1,1,1,1,1,0,1,1,1,1,1,0,0,1,1,1,1,1,1,0
8569,2,2,3,2,2,1,1,2,2,3,2,2,1,1,2,2,3,2,2,1,1
8570,6,7,6,6,6,6,5,6,7,6,6,6,6,5,6,7,6,6,6,6,5
8571,0,0,0,1,0,0,0,0,0,0,1,0,0,0,0,0,0,1,0,0,0
8572,0,0,0,0,0,0,0,0,1,1,1,0,0,0,0,1,1,1,0,0,0
8573,12,11,11,10,10,10,10,12,10,11,10,10,10,10,12,10,11,10,10,10,10
8574,0,0,0,0,0,0,0,0,0,1,1,1,0,0,0,1,1,1,1,0,0
8575,0,0,0,0,0,0,0,0,0,0,0,0,0,0,0,0,0,0,0,0,0
8576,2,3,3,2,2,2,2,2,3,3,2,2,2,2,2,3,3,2,2,2,2
8577,0,0,0,0,0,0,0,0,0,0,0,0,0,0,0,0,0,0,0,0,0
8578,0,0,0,0,0,0,0,0,0,0,0,0,0,0,0,0,0,0,0,0,0
8579,1,1,1,1,1,1,0,1,1,1,1,1,0,0,1,1,1,1,1,1,0
8580,9,10,10,9,7,7,7,9,10,10,9,7,7,7,9,10,10,9,7,7,7
8581,8,9,8,6,5,5,6,8,9,8,6,5,5,6,8,9,8,6,5,5,6
8582,4,4,4,3,3,3,3,3,3,3,3,3,2,2,3,3,3,3,2,2,2
8583,1,1,1,1,1,1,1,1,1,1,1,1,1,1,1,1,1,1,1,1,1
8584,0,0,0,0,0,0,0,0,0,0,0,0,0,0,0,0,0,0,0,0,0
8585,1,1,1,1,0,1,1,1,1,1,1,0,1,1,1,1,1,1,0,1,1
8586,0,0,0,0,0,0,0,0,0,0,0,0,0,0,0,0,0,0,0,0,0
8587,0,1,1,0,0,0,0,0,1,1,0,0,0,0,0,1,1,0,0,0,0
8588,0,1,1,1,0,0,0,0,1,1,1,0,0,0,0,1,1,1,0,0,0
8589,3,3,4,2,2,2,2,3,3,4,2,2,2,2,3,4,4,2,2,2,2
8590,0,0,0,0,0,0,0,0,0,0,0,0,0,0,0,0,0,0,0,0,0
8591,0,0,0,0,0,0,0,0,0,0,0,0,0,0,0,0,0,0,0,0,0
8592,0,0,0,0,0,0,0,0,0,0,0,0,0,0,0,0,0,0,0,0,0
8593,0,0,0,0,0,0,0,0,0,0,0,0,0,0,0,0,0,0,0,0,0
8594,0,0,1,0,0,0,0,0,0,1,0,0,0,0,0,0,1,0,0,0,0
8595,0,0,0,0,0,0,0,0,0,0,0,0,0,0,0,0,0,0,0,0,0
8596,0,0,0,0,0,0,0,0,0,0,0,0,0,0,0,0,0,0,0,0,0
8597,0,0,0,0,0,0,0,0,0,0,0,0,0,0,0,0,0,0,0,0,0
8598,2,2,2,2,2,2,2,2,2,2,2,2,2,2,2,2,2,2,2,2,2
8599,0,0,0,0,0,0,0,0,0,0,0,0,0,0,0,0,0,0,0,0,0
8600,19,19,18,16,14,13,13,14,14,14,13,12,11,12,13,12,12,11,10,10,11
8601,0,0,0,0,0,0,0,0,0,0,0,0,0,0,0,0,0,0,0,0,0
8602,0,0,0,0,0,0,0,0,0,0,0,0,0,0,0,0,0,0,0,0,0
8603,0,0,0,0,0,0,0,0,0,0,0,0,0,0,0,0,0,0,0,0,0
8604,0,0,0,0,0,0,0,0,0,0,0,0,0,0,0,0,0,0,0,0,0
8605,0,0,1,0,1,0,0,0,0,1,0,0,0,0,0,0,1,0,0,0,0
8606,0,0,0,0,0,0,0,0,0,0,0,0,0,0,0,0,0,0,0,0,0
8607,0,0,0,0,0,0,0,0,0,0,0,0,0,0,0,0,0,0,0,0,0
8608,0,0,0,0,0,0,0,0,0,0,0,0,0,0,0,0,0,0,0,0,0
8609,2,2,1,1,1,1,1,1,1,1,1,1,1,1,1,1,1,1,1,1,1
8610,0,0,0,0,1,0,0,0,0,0,0,1,0,0,0,0,0,0,1,0,0
8611,0,0,0,0,0,0,0,0,0,0,0,0,0,0,0,0,0,0,0,0,0
8612,0,0,0,0,0,0,0,0,0,0,0,0,0,0,0,0,0,0,0,0,0
8613,0,0,0,0,0,0,0,0,0,0,0,0,0,0,0,0,0,0,0,0,0
8614,0,0,0,0,0,0,0,0,0,0,0,0,0,0,0,0,0,0,0,0,0
8615,0,0,0,0,0,0,0,0,0,0,0,0,0,0,0,0,0,0,0,0,0
8616,0,0,0,0,0,0,0,0,0,0,0,0,0,0,0,0,0,0,0,0,0
8617,0,0,0,0,0,0,0,0,0,0,0,0,0,0,0,0,0,0,0,0,0
8618,0,0,0,0,0,0,0,0,0,0,0,0,0,0,0,0,0,0,0,0,0
8619,0,0,0,0,0,0,0,0,0,0,0,0,0,0,0,0,0,0,0,0,0
8620,0,0,0,0,0,0,0,0,0,0,0,0,0,0,0,0,0,0,0,0,0
8621,0,0,0,0,0,0,0,0,0,0,0,0,0,0,0,0,0,0,0,0,0
8622,0,0,0,0,0,0,0,0,0,0,0,0,0,0,0,0,0,0,0,0,0
8623,0,0,0,0,0,0,0,0,0,0,0,0,0,0,0,0,0,0,0,0,0
8624,0,0,0,0,0,0,0,0,0,0,0,0,0,0,0,0,0,0,0,0,0
8625,0,0,0,0,0,0,0,0,0,0,0,0,0,0,0,0,0,0,0,0,0
8626,0,0,0,0,0,0,0,0,0,0,0,0,0,0,0,0,0,0,0,0,0
8627,0,0,0,0,0,0,0,0,0,0,0,0,0,0,0,0,0,0,0,0,0
8628,137,167,178,163,146,125,140,169,188,177,156,134,118,128,146,164,171,160,139,120,129
8629,60,85,93,83,52,55,57,60,85,93,83,52,55,57,60,85,93,83,52,55,57
8630,0,0,0,0,0,0,0,0,0,0,0,0,0,0,0,0,0,0,0,0,0
8631,11,13,14,12,13,12,12,11,13,14,12,13,12,12,11,13,14,12,13,12,12
8632,6,8,10,10,9,6,6,6,8,10,10,9,6,5,6,8,10,10,9,6,6
8633,2,3,3,3,3,2,2,2,3,3,3,3,2,2,2,3,3,3,3,2,2
8634,7,3,4,5,3,5,5,7,3,4,5,3,5,5,7,3,4,5,3,5,5
8635,0,0,0,0,0,0,0,0,0,0,0,0,0,0,0,0,0,0,0,0,0
8636,0,1,1,1,1,1,1,0,1,1,1,1,1,1,0,1,1,1,1,1,1
8637,84,105,115,104,86,72,89,132,147,129,110,93,82,95,136,157,156,142,119,109,133
8638,1,1,1,1,1,0,1,1,1,1,1,1,0,1,1,1,1,1,1,0,1
8639,7,7,8,6,6,6,6,7,8,9,7,6,6,6,7,7,8,6,6,6,6
8640,1,1,1,1,1,1,1,1,1,1,1,1,1,1,1,1,1,1,1,1,1
8641,0,0,0,0,0,0,0,0,0,0,0,0,0,0,0,0,0,0,0,0,0
8642,14,13,12,10,9,8,8,9,9,9,8,7,6,6,6,6,6,5,4,4,4
8643,0,0,0,0,0,0,0,0,0,0,0,0,0,0,0,0,0,0,0,0,0
8644,0,0,0,0,0,0,0,0,0,0,0,0,0,0,0,0,0,0,0,0,0
8645,0,0,0,0,0,0,0,0,0,0,0,0,0,0,0,0,0,0,0,0,0
8646,6,7,7,6,5,5,5,6,6,6,6,5,5,5,5,6,5,5,5,4,4
8647,3,3,2,2,2,2,2,2,2,2,2,2,2,2,2,2,2,1,1,1,1
8648,7,13,15,12,6,6,5,7,13,15,12,6,6,5,7,13,15,12,6,6,5
8649,96,111,108,97,80,71,77,95,112,106,95,76,72,78,91,100,96,86,67,61,67
8650,15,12,14,13,12,13,13,15,12,14,13,12,13,13,15,12,14,13,12,13,13
8651,68,71,70,66,61,56,61,71,76,74,70,62,55,58,69,75,75,71,63,59,68
8652,1,1,1,1,1,0,0,1,1,1,1,1,0,0,1,1,1,1,1,0,0
8653,6,6,5,5,5,5,5,6,6,5,5,5,5,5,6,6,5,5,5,5,5
8654,1,1,1,1,1,1,0,1,1,1,1,1,1,0,1,1,1,1,1,1,0
8655,2,2,2,2,2,2,2,2,2,2,2,2,2,2,2,2,2,2,2,2,2
8656,1,1,1,1,1,1,1,1,1,1,1,1,1,1,1,1,1,1,1,1,1
8657,1,1,1,1,1,1,1,1,1,1,1,1,1,1,1,1,1,1,1,1,1
8658,0,0,0,0,0,0,0,0,0,0,0,0,0,0,0,0,0,0,0,0,0
8659,1,1,1,1,1,1,1,1,1,1,1,1,1,1,1,1,1,1,1,1,1
8660,1,1,1,1,1,1,1,1,1,1,1,1,1,1,1,1,1,1,1,1,1
8661,0,0,0,0,0,0,0,0,0,0,0,0,0,0,0,0,0,0,0,0,0
8662,0,0,0,0,0,0,0,0,0,0,0,0,0,0,0,0,0,0,0,0,0
8663,0,0,0,0,0,0,0,0,0,0,0,0,0,0,0,0,0,0,0,0,0
8664,0,0,0,0,0,0,0,0,0,0,0,0,0,0,0,0,0,0,0,0,0
8665,0,0,0,0,0,0,0,0,0,0,0,0,0,0,0,0,0,0,0,0,0
8666,0,0,0,0,0,0,0,0,0,0,0,0,0,0,0,0,0,0,0,0,0
8667,0,0,0,0,0,0,0,0,0,0,0,0,0,0,0,0,0,0,0,0,0
8668,0,0,0,0,0,0,0,0,0,0,0,0,0,0,0,0,0,0,0,0,0
8669,0,0,0,0,0,0,0,0,0,0,0,0,0,0,0,0,0,0,0,0,0
8670,0,0,0,0,0,0,0,0,0,0,0,0,0,0,0,0,0,0,0,0,0
8671,0,0,0,0,0,0,0,0,0,0,0,0,0,0,0,0,0,0,0,0,0
8672,0,0,0,0,0,0,0,0,0,0,0,0,0,0,0,0,0,0,0,0,0
8673,0,0,0,0,0,0,0,0,0,0,0,0,0,0,0,0,0,0,0,0,0
8674,0,1,1,0,0,0,0,0,1,1,0,0,0,0,0,1,1,0,0,0,0
8675,0,0,0,0,0,0,0,0,0,0,0,0,0,0,0,0,0,0,0,0,0
8676,0,0,0,0,0,0,0,0,0,0,0,0,0,0,0,0,0,0,0,0,0
8677,28,33,32,26,23,21,23,28,33,32,26,23,21,23,28,33,32,26,23,21,23
8678,19,22,19,15,13,15,14,19,22,19,15,12,15,14,19,22,19,15,13,15,14
8679,3,3,4,3,3,2,2,3,3,4,3,3,2,2,3,3,4,3,3,2,2
8680,5,5,5,4,4,4,4,5,5,5,4,4,4,4,5,5,5,4,4,4,4
8681,50,55,58,56,48,41,41,47,53,58,56,48,40,40,46,52,56,55,47,39,39
8682,3,3,2,3,3,3,2,2,2,2,3,3,3,2,2,2,2,3,3,3,2
8683,1,1,1,1,1,0,0,1,1,1,1,0,0,0,1,1,1,0,1,0,0
8684,1,1,1,1,0,0,0,1,1,1,1,0,0,0,1,1,1,1,0,0,0
8685,3,3,3,2,2,2,2,3,3,3,2,2,2,2,3,3,3,2,2,2,2
8686,1,3,2,1,1,1,1,1,3,2,1,1,1,1,1,3,2,1,1,1,1
8687,6,8,9,7,6,5,5,6,8,9,7,6,5,5,6,8,9,7,6,5,5
8688,1,1,1,0,0,1,1,1,1,1,0,0,1,1,1,1,1,0,0,1,1
8689,3,4,5,3,3,3,3,4,5,5,4,3,3,3,4,5,5,4,3,3,3
8690,32,30,28,24,23,21,22,25,27,26,22,21,20,22,25,25,24,21,20,19,20
8691,1,1,1,1,1,1,1,1,1,1,1,1,1,1,1,1,2,1,1,1,1
8692,7,7,6,5,5,4,5,6,7,6,5,5,5,5,6,6,5,5,4,4,4
8693,0,0,0,0,0,0,0,0,0,0,0,0,0,0,0,0,0,0,0,0,0
8694,9,13,14,15,12,9,8,9,13,14,15,12,9,8,9,13,14,15,12,9,8
8695,27,28,27,23,20,18,19,22,25,23,20,18,17,19,23,25,23,21,18,18,22
8696,61,72,71,62,54,51,54,63,77,72,63,55,54,59,64,75,75,67,55,52,58
8697,0,0,0,0,0,0,0,0,0,0,0,0,0,0,0,0,0,0,0,0,0
8698,5,7,7,7,6,5,4,5,7,7,7,6,5,4,5,7,7,7,6,5,4
8699,14,14,14,11,10,10,12,15,17,15,14,12,11,12,16,19,19,17,15,15,18
8700,195,221,206,201,186,172,176,190,218,196,194,179,169,170,184,211,207,211,194,180,186
8701,27,34,37,31,27,23,22,27,34,37,31,27,23,22,27,34,37,31,27,23,22
8702,458,502,575,544,470,414,383,519,633,762,733,637,542,500,700,913,1140,1051,951,857,849
8703,1,1,1,1,1,1,1,1,1,1,1,1,1,1,1,1,1,1,1,1,1
8704,116,150,156,151,136,124,123,137,167,166,160,141,126,119,141,185,194,191,170,164,185
8705,12,14,14,14,12,10,10,12,14,14,14,12,10,10,12,14,14,14,12,9,10
8706,34,31,31,30,26,21,22,23,25,27,28,25,20,21,23,24,27,29,25,20,21
8707,593,602,648,596,515,473,469,605,693,761,700,581,529,523,763,956,1131,1113,1065,1108,1347
8708,548,588,656,605,525,475,467,618,725,792,721,580,504,460,636,775,903,871,782,743,794
8709,0,1,1,1,1,0,0,0,1,1,1,1,0,0,1,1,1,1,1,0,0
8710,12,11,12,14,13,12,12,12,11,12,14,13,12,11,12,11,12,14,13,12,11
8711,6,5,4,4,4,4,3,4,6,6,7,6,6,5,6,8,8,8,7,7,6
8712,10,10,9,10,9,7,7,9,9,9,10,8,7,7,8,9,8,9,8,7,7
8713,1,1,1,1,1,1,1,1,1,1,1,1,1,1,1,1,1,1,1,1,1
8714,4,4,5,5,5,4,4,4,4,5,5,5,4,4,4,4,5,4,5,4,4
8715,1,1,1,1,1,1,0,1,1,1,1,1,1,0,1,1,1,1,1,1,0
8716,14,15,14,13,11,10,11,12,13,13,11,10,9,10,11,12,12,11,9,9,9
8717,1,1,1,1,1,1,1,1,1,1,1,1,1,1,1,1,1,1,1,1,1
8718,19,21,23,20,18,17,18,22,24,23,19,17,17,18,20,21,20,18,16,16,19
8719,64,52,46,38,35,33,42,55,70,78,74,66,63,71,95,120,143,125,106,99,114
8720,0,0,0,0,0,0,0,0,0,0,0,0,0,0,0,0,0,0,0,0,0
8721,0,0,0,0,0,0,0,0,0,0,0,0,0,0,0,0,0,0,0,0,0
8722,0,0,0,0,0,0,0,0,0,0,1,1,1,0,0,0,0,0,0,0,0
8723,0,0,0,0,0,0,0,0,0,0,0,0,0,0,0,0,0,0,0,0,0
8724,0,0,0,0,0,0,0,0,0,0,0,0,0,0,0,0,0,0,0,0,0
8725,0,0,0,0,0,0,0,0,0,0,0,0,0,0,0,0,0,0,0,0,0
8726,0,0,0,0,0,0,0,0,0,0,0,0,0,0,0,0,0,0,0,0,0
8727,0,0,0,0,0,0,0,0,0,0,0,0,0,0,0,0,0,0,0,0,0
8728,0,0,0,0,0,0,0,0,0,0,0,0,0,0,0,0,0,0,0,0,0
8729,2,2,2,2,2,1,2,2,2,2,2,2,1,2,2,2,2,2,2,2,2
8730,1,1,1,1,1,1,1,1,1,1,1,1,1,1,1,1,1,1,1,1,0
8731,0,0,0,0,0,0,0,0,0,0,0,0,0,0,0,0,0,0,0,0,0
8732,0,0,0,0,0,0,0,0,0,0,0,0,0,0,0,0,0,0,0,0,0
8733,99,99,83,67,58,60,85,109,139,134,118,89,90,109,160,210,255,257,252,235,266
8734,17,16,16,15,14,12,14,15,16,16,14,12,11,13,13,13,12,10,8,8,9
8735,0,0,0,0,0,0,0,0,0,0,0,0,0,0,0,0,0,0,0,0,0
8736,1,0,0,0,0,0,0,0,0,0,0,0,0,0,0,0,0,0,0,0,0
8737,1,2,2,2,1,1,1,1,2,2,2,1,1,1,1,2,2,2,1,1,1
8738,1,1,1,1,1,1,1,1,1,1,1,1,1,1,1,1,1,1,1,1,1
8739,2,2,2,2,2,2,2,2,2,2,2,2,2,2,2,2,2,2,2,2,2
8740,0,0,0,0,0,0,0,0,0,0,0,0,0,0,0,0,0,0,0,0,0
8741,0,0,0,0,0,0,0,0,0,0,0,0,0,0,0,0,0,0,0,0,0
8742,0,0,0,0,0,0,0,0,0,0,0,0,0,0,0,0,0,0,0,0,0
8743,1,1,1,1,1,1,1,1,1,1,1,1,1,1,1,1,1,1,1,1,1
8744,0,0,0,0,0,0,0,0,0,0,0,0,0,0,0,0,0,0,0,0,0
8745,3,4,4,4,3,3,4,4,5,5,4,4,4,4,4,5,4,4,3,3,4
8746,0,0,0,0,0,0,0,0,0,0,0,0,0,0,0,0,0,0,0,0,0
8747,0,0,0,0,0,0,0,0,0,0,0,0,0,0,0,0,0,0,0,0,0
8748,0,0,0,0,1,1,1,0,0,0,0,1,1,1,0,0,0,0,1,1,1
8749,0,0,0,0,0,0,0,0,0,0,0,0,0,0,0,0,0,0,0,0,0
8750,0,0,0,0,0,0,0,0,0,0,0,0,0,0,0,0,0,0,0,0,0
8751,0,0,0,0,0,0,0,0,0,0,0,0,0,0,0,0,0,0,0,0,0
8752,0,0,0,0,0,0,0,0,0,0,0,0,0,0,0,0,0,0,0,0,0
8753,0,0,0,0,0,0,0,0,0,0,0,0,0,0,0,0,0,0,0,0,0
8754,0,0,0,0,0,0,0,0,0,0,0,0,0,0,0,0,0,0,0,0,0
8755,0,0,0,0,0,0,0,0,0,0,0,0,0,0,0,0,0,0,0,0,0
8756,0,0,0,0,0,0,0,0,0,0,0,0,0,0,0,0,0,0,0,0,0
8757,1,1,1,1,1,1,1,1,1,1,1,1,1,1,1,1,1,1,1,1,1
8758,1,1,1,1,1,1,1,1,1,1,1,1,1,1,1,1,1,1,1,1,1
8759,0,0,0,0,0,0,0,0,0,0,0,0,0,0,0,0,0,0,0,0,0
8760,0,0,0,0,0,0,0,0,0,0,0,0,0,0,0,0,0,0,0,0,0
8761,1,1,1,1,1,1,1,1,1,1,1,1,1,1,1,1,1,1,1,1,1
8762,1,1,1,1,1,1,1,1,1,1,1,1,1,1,1,1,1,1,1,1,1
8763,1,1,1,1,1,1,1,1,1,1,1,1,1,1,1,1,1,1,1,1,1
8764,0,0,0,0,0,0,0,0,0,0,0,0,0,0,0,0,0,0,0,0,0
8765,0,0,0,0,0,0,0,0,0,0,0,0,0,0,0,0,0,0,0,0,0
8766,0,0,0,0,0,0,0,0,0,0,0,0,0,0,0,0,0,0,0,0,0
8767,1,1,0,0,0,1,1,1,1,0,1,0,1,1,1,1,0,1,0,1,1
8768,0,0,0,0,0,0,0,0,0,0,0,0,0,0,0,0,0,0,0,0,0
8769,0,2,0,0,0,0,1,0,2,0,0,0,0,1,0,2,0,0,0,0,1
8770,0,0,0,0,0,0,0,0,0,0,0,0,0,0,0,0,0,0,0,0,0
8771,3,3,4,5,4,4,4,6,6,6,6,5,4,5,6,5,5,5,4,4,4
8772,0,0,0,0,0,0,0,0,0,0,0,0,0,0,0,0,0,0,0,0,0
8773,0,0,0,0,0,0,0,0,0,0,0,0,0,0,0,0,0,0,0,0,0
8774,18,18,17,16,15,13,13,16,17,16,15,14,12,12,14,15,15,14,13,11,12
8775,0,0,0,0,0,0,0,0,0,0,0,0,0,0,0,0,0,0,0,0,0
8776,0,0,0,0,0,0,0,0,0,0,0,0,0,0,0,0,0,0,0,0,0
8777,0,0,0,0,0,0,0,0,0,0,0,0,0,0,0,0,0,0,0,0,0
8778,0,0,0,0,0,0,0,0,0,0,0,0,0,0,0,0,0,0,0,0,0
8779,1,1,1,1,1,1,1,1,1,1,1,1,1,1,1,1,1,1,1,1,1
8780,1,1,1,1,1,1,1,1,1,1,1,1,1,1,1,1,1,1,1,1,1
8781,1,1,1,1,1,1,1,1,1,1,1,1,1,1,1,1,1,1,1,1,1
8782,8,10,10,9,7,7,7,8,10,10,9,7,7,7,8,10,10,9,7,7,7
8783,1,1,0,0,0,0,0,1,1,0,0,0,0,0,1,1,0,0,0,0,0
8784,0,0,0,0,0,0,0,0,0,0,0,0,0,0,0,0,0,0,0,0,0
8785,0,0,0,0,0,0,0,0,0,0,0,0,0,0,0,0,0,0,0,0,0
8786,0,0,0,0,0,0,0,0,0,0,0,0,0,0,0,0,0,0,0,0,0
8787,9,10,9,7,6,7,8,9,9,8,7,6,7,7,9,8,7,6,5,6,7
8788,0,1,1,1,1,0,0,0,1,1,1,1,0,0,0,1,1,1,1,0,0
8789,10,11,11,10,9,7,7,9,10,11,10,9,7,7,9,10,11,10,9,7,7
8790,0,0,0,0,0,0,0,0,0,0,0,0,0,0,0,0,0,0,0,0,0
8791,13,15,15,14,12,11,11,13,15,15,14,12,11,11,13,15,15,14,12,11,11
8792,22,23,21,18,17,15,17,20,23,21,19,17,14,15,20,22,20,18,16,14,17
8793,1,1,2,2,1,1,1,1,1,2,2,1,1,1,1,1,2,2,1,1,1
8794,0,0,0,0,0,0,0,0,0,0,0,0,0,0,0,0,0,0,0,0,0
8795,2,2,2,2,2,2,2,2,2,2,2,2,2,2,2,2,2,2,2,2,2
8796,0,0,0,0,0,0,0,0,0,0,0,0,0,0,0,0,0,0,0,0,0
8797,0,0,0,0,0,0,0,0,0,0,0,0,0,0,0,0,0,0,0,0,0
8798,0,0,0,0,0,0,0,0,0,0,0,0,0,0,0,0,0,0,0,0,0
8799,0,0,0,0,0,0,0,0,0,0,0,0,0,0,0,0,0,0,0,0,0
8800,0,0,0,0,0,0,0,0,0,0,0,0,0,0,0,0,0,0,0,0,0
8801,0,0,0,0,0,0,0,0,0,0,0,0,0,0,0,0,0,0,0,0,0
8802,0,0,0,0,0,0,0,0,0,0,0,0,0,0,0,0,0,0,0,0,0
8803,0,0,0,0,0,0,0,0,0,0,0,0,0,0,0,0,0,0,0,0,0
8804,0,0,0,0,0,0,0,0,0,0,0,0,0,0,0,0,0,0,0,0,0
8805,0,0,0,0,0,0,0,0,0,0,0,0,0,0,0,0,0,0,0,0,0
8806,0,0,0,0,0,0,0,0,0,0,0,0,0,0,0,0,0,0,0,0,0
8807,0,0,0,0,0,0,0,0,0,0,0,0,0,0,0,0,0,0,0,0,0
8808,0,0,0,0,0,0,0,0,0,0,0,0,0,0,0,0,0,0,0,0,0
8809,1,1,1,1,1,1,1,1,1,1,1,1,1,1,1,1,1,1,1,1,1
8810,3,3,3,3,3,2,2,3,3,3,3,3,2,2,3,3,3,2,2,2,2
8811,2,2,2,2,2,1,1,2,2,2,2,1,1,1,1,1,2,1,1,1,1
8812,6,5,5,4,4,3,3,4,5,4,4,4,3,3,4,4,4,4,3,3,3
8813,0,0,0,0,0,0,0,1,1,1,1,1,1,1,1,1,1,1,1,1,1
8814,0,0,0,0,0,0,0,0,0,0,0,0,0,0,0,0,0,0,0,0,0
8815,0,0,0,0,0,0,0,0,0,0,0,0,0,0,0,0,0,0,0,0,0
8816,0,0,0,0,0,0,0,0,0,0,0,0,0,0,0,0,0,0,0,0,0
8817,10,9,7,5,4,4,5,5,5,5,4,4,4,4,5,5,6,4,4,4,5
8818,0,0,0,0,0,0,0,0,0,0,0,0,0,0,0,0,0,0,0,0,0
8819,0,0,0,0,0,0,0,0,0,0,0,0,0,0,0,0,0,0,0,0,0
8820,0,0,0,0,0,0,0,0,0,0,0,0,0,0,0,0,0,0,0,0,0
8821,6,6,5,4,4,3,4,4,5,4,4,3,3,3,4,4,4,3,3,3,3
8822,0,0,0,0,0,0,0,0,0,0,0,0,0,0,0,0,0,0,0,0,0
8823,1,1,1,0,1,1,1,1,1,1,0,1,1,1,1,1,1,0,1,1,1
8824,0,0,0,0,0,0,0,0,0,0,0,0,0,0,0,0,0,0,0,0,0
8825,0,0,0,0,0,0,0,0,0,0,0,0,0,0,0,0,0,0,0,0,0
8826,0,0,0,0,0,0,0,1,1,1,1,1,1,1,1,2,2,2,2,2,2
8827,41,46,48,44,41,36,36,43,48,51,47,43,37,36,43,49,51,47,43,38,40
8828,2,2,2,2,2,2,2,2,2,2,2,2,2,2,2,2,2,2,2,2,2
8829,0,0,0,0,0,0,0,0,0,0,0,0,0,0,0,0,0,0,0,0,0
8830,0,0,0,0,0,0,0,0,0,0,0,0,0,0,0,0,0,0,0,0,0
8831,11,13,14,14,12,11,10,13,15,14,14,12,11,10,13,14,14,14,12,11,10
8832,0,0,0,0,0,0,0,0,0,0,0,0,0,0,0,0,0,0,0,0,0
8833,9,10,10,9,8,7,7,9,10,9,8,7,6,7,8,9,9,8,7,7,7
8834,2,2,2,2,2,2,2,2,2,2,2,2,2,2,2,2,3,2,2,2,2
8835,1,1,1,1,1,1,1,1,1,1,1,1,1,1,1,1,1,1,1,1,1
8836,0,0,0,0,0,0,0,0,0,0,0,0,0,0,0,0,0,0,0,0,0
8837,0,0,0,0,0,0,0,0,0,0,0,0,0,0,0,0,0,0,0,0,0
8838,0,0,0,0,0,0,0,0,0,0,0,0,0,0,0,0,0,0,0,0,0
8839,0,0,0,0,0,0,0,0,0,0,0,0,0,0,0,0,0,0,0,0,0
8840,0,0,0,0,0,0,0,0,0,0,0,0,0,0,0,0,0,0,0,0,0
8841,0,0,0,0,0,0,0,0,0,0,0,0,0,0,0,0,0,0,0,0,0
8842,0,0,0,0,0,0,0,0,0,0,0,0,0,0,0,0,0,0,0,0,0
8843,1,1,1,1,0,1,1,1,1,1,1,0,1,1,1,1,1,1,0,1,1
8844,0,0,0,0,0,0,0,0,0,0,0,0,0,0,0,0,0,0,0,0,0
8845,0,0,0,0,0,0,0,0,0,0,0,0,0,0,0,0,0,0,0,0,0
8846,2,1,1,1,1,1,1,2,1,1,1,1,1,1,2,1,1,1,1,1,1
8847,0,0,0,0,0,0,0,0,0,0,0,0,0,0,0,0,0,0,0,0,0
8848,0,0,0,0,0,0,0,0,0,0,0,0,0,0,0,0,0,0,0,0,0
8849,0,0,0,0,0,0,0,0,0,0,0,0,0,0,0,0,0,0,0,0,0
8850,1,1,1,1,1,1,1,1,1,1,1,1,1,1,1,1,1,1,1,1,1
8851,1,1,1,1,1,1,1,1,1,1,1,1,1,1,1,1,1,1,1,1,1
8852,0,0,0,0,0,0,0,0,0,0,0,0,0,0,0,0,0,0,0,0,0
8853,0,0,0,0,0,0,0,0,0,0,0,0,0,0,0,0,0,0,0,0,0
8854,43,44,46,44,40,37,40,47,52,55,54,45,36,35,44,53,57,55,48,45,54
8855,2,2,2,2,2,2,2,2,2,2,2,2,2,2,2,2,2,2,2,2,2
8856,27,24,23,22,18,17,18,19,19,20,21,18,17,17,18,18,20,20,17,16,17
8857,36,37,32,27,23,20,21,24,26,25,23,20,18,19,21,21,20,19,17,15,15
8858,77,82,88,85,73,62,63,77,84,85,82,70,59,61,73,77,80,78,66,57,63
8859,38,43,45,44,39,30,34,40,45,48,47,41,31,31,39,45,48,47,41,32,36
8860,86,94,93,83,68,53,58,74,78,78,76,64,51,56,71,72,75,74,63,50,57
8861,1,1,1,2,2,1,1,1,1,1,2,2,1,1,1,1,1,2,2,1,1
8862,3,3,2,3,2,2,2,3,3,2,3,2,2,2,3,3,2,3,2,2,2
8863,51,45,39,38,34,33,35,38,37,35,36,30,29,30,35,35,35,37,33,34,39
8864,1,1,1,0,0,0,0,1,1,1,0,0,0,0,1,1,1,0,0,0,0
8865,15,15,14,11,10,8,9,11,12,11,10,8,8,9,10,10,10,9,7,7,8
8866,23,24,25,22,21,19,19,22,24,24,22,19,18,18,20,22,22,21,19,18,18
8867,2,3,3,3,3,2,2,2,3,3,3,3,2,2,2,3,3,3,3,2,2
8868,0,0,0,0,0,0,0,0,0,0,0,0,0,0,0,0,0,0,0,0,0
8869,2,2,2,2,2,2,2,2,2,2,2,2,2,2,2,2,2,2,2,2,2
8870,2,3,3,2,2,2,2,2,3,3,3,2,2,2,2,3,3,3,2,2,2
8871,1,0,0,0,0,0,0,0,0,0,0,0,0,0,0,0,0,0,0,0,0
8872,0,0,0,0,0,0,0,0,0,0,0,0,0,0,0,0,0,0,0,0,0
8873,1,1,1,1,1,1,1,1,1,1,1,1,1,1,1,1,1,1,1,1,1
8874,0,0,0,1,1,0,0,0,0,0,1,1,0,0,0,0,0,1,1,0,0
8875,0,0,0,0,0,0,0,0,0,0,0,0,0,0,0,0,0,0,0,0,0
8876,26,29,30,26,22,20,20,26,29,30,26,22,20,20,26,29,30,26,22,20,20
8877,6,7,6,5,4,4,5,5,6,6,5,4,4,5,6,7,6,5,5,5,6
8878,1,1,2,2,2,2,2,2,2,2,2,2,2,2,2,2,2,2,2,1,2
8879,11,11,11,10,9,8,8,9,10,10,9,8,7,8,8,9,9,8,7,7,7
8880,2,3,2,2,2,2,2,2,3,2,2,2,2,2,2,3,2,2,2,2,2
8881,2,2,1,1,1,1,1,1,1,1,1,1,1,1,1,1,1,1,1,1,1
8882,20,19,17,15,14,13,13,14,15,13,12,12,12,12,13,13,13,12,12,12,12
8883,1,1,1,1,1,1,1,1,1,1,1,1,1,1,1,1,0,0,0,0,1
8884,4,3,3,3,3,2,2,3,3,3,3,2,2,2,3,3,3,3,2,2,2
8885,2,2,1,1,0,0,0,0,0,0,0,0,0,0,0,0,0,0,0,0,0
8886,0,0,0,0,0,0,0,0,0,0,0,0,0,0,0,0,0,0,0,0,0
8887,0,0,1,0,0,0,0,0,0,1,0,0,0,0,0,0,1,0,0,0,0
8888,2,2,2,2,2,1,2,2,2,2,2,2,1,2,2,2,2,2,2,2,2
8889,3,4,4,4,4,3,2,3,4,4,4,4,3,2,3,4,4,4,4,3,2
8890,18,20,25,25,24,19,13,17,19,24,24,23,19,13,18,21,25,25,24,20,15
8891,3,3,3,2,2,2,2,2,2,2,2,2,1,1,2,2,2,2,2,1,2
8892,2,2,1,1,1,1,1,2,2,1,1,1,1,1,2,2,1,1,1,1,1
8893,0,0,0,0,0,0,0,0,0,0,0,0,0,0,0,0,0,0,0,0,0
8894,0,0,0,0,0,0,0,0,0,0,0,0,0,0,0,0,0,0,0,0,0
8895,1,2,3,1,1,0,1,1,2,3,1,1,0,1,1,2,3,1,1,0,1
8896,0,0,0,0,0,0,0,0,0,0,0,0,0,0,0,0,0,0,0,0,0
8897,0,0,0,0,0,0,0,0,0,0,0,0,0,0,0,0,0,0,0,0,0
8898,0,0,0,0,0,0,0,0,0,0,0,0,0,0,0,0,0,0,0,0,0
8899,0,0,0,0,0,0,0,0,0,0,0,0,0,0,0,0,0,0,0,0,0
8900,19,23,27,27,24,20,18,19,23,27,27,24,20,18,19,23,27,27,24,20,18
8901,3,3,4,3,3,3,3,4,3,4,3,3,3,3,4,3,4,3,3,3,3
8902,0,0,0,0,0,0,0,0,0,0,0,0,0,0,0,0,0,0,0,0,0
8903,1,1,1,1,1,1,1,1,1,1,1,1,1,1,1,1,1,1,1,1,1
8904,0,0,0,0,0,0,0,0,0,0,0,0,0,0,0,0,0,0,0,0,0
8905,0,0,0,0,0,0,0,0,0,0,0,0,0,0,0,0,0,0,0,0,0
8906,1,1,1,1,1,1,1,1,0,1,1,1,1,1,1,0,1,1,1,1,1
8907,2,2,2,2,2,2,2,2,3,3,2,2,2,2,3,3,3,3,3,3,3
8908,0,0,0,0,0,0,0,0,0,0,0,0,0,0,0,0,0,0,0,0,0
8909,1,1,1,0,0,0,1,1,1,1,0,0,0,1,1,1,1,0,0,0,1
8910,1,1,1,1,0,1,1,1,1,1,1,1,1,1,1,1,1,1,1,1,1
8911,0,0,1,1,1,0,0,0,0,1,1,1,0,0,0,0,1,1,1,0,0
8912,1,2,2,2,2,1,1,2,2,2,2,2,1,1,2,2,2,2,2,1,1
8913,3,3,3,2,1,2,1,2,2,2,2,1,2,1,2,2,2,2,1,2,1
8914,0,0,0,0,0,0,0,0,0,0,0,0,0,0,0,0,0,0,0,0,0
8915,1,1,1,1,1,1,1,1,1,1,1,1,1,1,2,2,1,1,1,1,2
8916,0,0,0,0,0,0,0,1,1,0,0,0,0,0,0,0,0,0,0,0,0
8917,0,0,0,0,0,0,0,0,0,0,0,0,0,0,0,0,0,0,0,0,0
8918,0,0,0,0,0,0,0,0,0,0,0,0,0,0,0,0,0,0,0,0,0
8919,0,0,0,0,0,0,0,0,0,0,0,0,0,0,0,0,0,0,0,0,0
8920,0,0,0,0,0,0,0,0,0,0,0,0,0,0,0,0,0,0,0,0,0
8921,0,0,0,0,0,0,0,0,0,0,0,0,0,0,0,0,0,0,0,0,0
8922,0,0,0,0,0,0,0,0,0,0,0,0,0,0,0,0,0,0,0,0,0
8923,0,0,0,0,0,0,0,0,0,0,0,0,0,0,0,0,0,0,0,0,0
8924,0,0,0,0,0,0,0,0,0,0,0,0,0,0,0,0,0,0,0,0,0
8925,0,0,0,0,0,0,0,0,0,0,0,0,0,0,0,0,0,0,0,0,0
8926,0,0,0,0,0,0,0,0,0,0,0,0,0,0,0,0,0,0,0,0,0
8927,0,0,0,0,0,0,0,0,0,0,0,0,0,0,0,0,0,0,0,0,0
8928,0,0,0,0,0,0,0,0,0,0,0,0,0,0,0,0,0,0,0,0,0
8929,0,0,0,0,0,0,0,0,0,0,0,0,0,0,0,0,0,0,0,0,0
8930,0,0,0,0,0,0,0,0,0,0,0,0,0,0,0,0,0,0,0,0,0
8931,1,2,2,2,1,1,1,2,2,2,2,1,1,1,2,2,2,2,1,1,1
8932,0,0,0,0,0,0,0,0,0,0,0,0,0,0,0,0,0,0,0,0,0
8933,2,2,1,1,1,1,1,2,2,1,1,1,1,2,2,2,2,1,1,2,2
8934,0,0,0,0,0,0,0,0,0,0,0,0,0,0,0,0,0,0,0,0,0
8935,1,1,1,1,1,1,1,1,1,1,1,1,1,1,1,1,1,1,1,1,1
8936,1,0,0,0,0,0,1,1,0,0,1,0,0,1,1,0,0,0,0,0,1
8937,36,41,42,38,34,30,32,38,42,37,32,27,25,28,34,37,35,32,27,27,30
8938,66,70,66,57,50,47,50,60,66,61,53,46,44,49,60,63,59,53,46,46,50
8939,1,2,1,1,1,1,1,1,2,1,1,1,1,1,1,2,1,1,1,1,1
8940,29,25,24,19,16,16,18,21,20,19,16,13,14,17,20,18,18,15,13,15,17
8941,40,42,41,37,35,31,34,32,36,36,33,31,29,33,30,32,33,31,30,29,33
8942,28,31,32,28,26,21,22,28,31,31,27,25,20,21,26,29,30,27,24,20,21
8943,47,59,70,69,56,47,41,44,56,66,66,54,46,40,43,55,65,65,53,45,39
8944,1,1,1,1,1,1,1,1,1,1,1,1,1,1,1,1,1,1,1,1,1
8945,55,60,59,47,43,37,38,50,57,55,44,40,35,36,49,55,54,44,41,37,40
8946,7,7,7,6,6,5,4,5,5,5,4,4,3,3,3,3,4,4,3,2,3
8947,16,18,18,18,15,12,15,16,18,18,18,15,12,15,16,18,18,18,15,12,15
8948,0,0,0,0,0,0,0,0,0,0,0,0,0,0,0,0,0,0,0,0,0
8949,116,116,108,90,73,83,90,116,134,136,119,97,104,112,154,183,195,167,137,146,163
8950,5,5,4,3,2,3,4,5,5,4,3,2,3,4,5,5,4,3,2,3,4
8951,1,1,1,1,1,1,1,1,1,1,1,1,1,1,1,1,1,1,1,1,1
8952,23,23,22,19,15,13,13,17,18,18,16,13,11,12,15,17,17,16,13,12,13
8953,0,0,1,0,0,0,0,0,0,1,0,0,0,0,0,0,1,0,0,0,0
8954,98,136,154,148,117,97,104,132,161,158,146,110,91,97,121,146,157,157,121,102,113
8955,22,18,14,13,12,13,14,16,17,16,16,15,16,18,20,19,18,16,14,15,16
8956,0,0,0,0,0,0,0,0,0,0,0,0,0,0,0,0,0,0,0,0,0
8957,0,0,0,0,0,0,0,0,0,0,0,0,0,0,0,0,0,0,0,0,0
8958,3,3,4,3,3,2,2,3,3,4,3,3,2,2,3,3,4,3,3,2,2
8959,1,1,1,1,1,1,1,1,1,1,1,1,1,1,1,1,1,1,1,1,1
8960,24,32,29,24,20,14,14,24,32,29,24,20,14,14,24,32,29,24,20,14,14
8961,28,24,19,18,17,15,16,18,19,17,17,16,13,14,16,17,15,15,15,12,13
8962,28,22,24,24,21,18,21,30,30,34,35,31,27,30,41,42,44,40,35,34,40
8963,3,3,3,2,2,2,2,3,3,3,3,2,2,2,3,3,3,3,2,2,2
8964,8,6,5,4,4,3,4,3,3,4,3,3,2,3,2,3,3,3,3,2,4
8965,11,10,10,8,8,7,7,10,11,11,9,7,6,6,8,9,8,7,6,5,5
8966,66,64,55,43,42,41,46,54,58,52,42,40,39,43,52,56,52,43,42,43,48
8967,2,2,3,4,2,2,1,2,2,3,4,2,2,1,2,2,3,4,2,2,1
8968,10,13,15,14,10,7,8,10,13,15,14,10,7,8,10,13,15,14,10,7,8
8969,2,3,3,3,2,2,2,3,3,3,3,2,2,2,3,3,3,3,2,2,2
8970,4,5,5,5,4,4,3,4,5,5,5,4,4,3,4,5,5,5,4,4,3
8971,1,1,1,2,2,2,1,1,1,2,2,2,2,1,1,1,2,2,2,2,1
8972,3,3,2,1,1,1,1,1,1,1,1,1,1,1,1,1,1,1,1,1,1
8973,5,7,5,4,3,3,2,5,7,5,4,3,2,2,5,7,5,4,3,3,2
8974,2,2,2,2,2,2,2,2,3,3,2,1,2,2,2,2,2,2,1,2,2
8975,0,0,0,0,0,0,0,0,0,0,0,0,0,0,0,0,0,0,0,0,0
8976,3,3,3,4,4,3,4,4,4,4,4,4,4,4,4,4,4,4,4,4,4
8977,2,2,2,2,2,2,2,2,2,2,2,2,2,2,2,2,2,2,2,2,2
8978,0,2,2,0,0,0,0,0,2,2,0,0,0,0,0,2,2,0,0,0,0
8979,0,0,0,0,0,0,0,0,0,0,0,0,0,0,0,0,0,0,0,0,0
8980,0,0,0,0,0,0,0,0,0,0,0,0,0,0,0,0,0,0,0,0,0
8981,1,1,1,1,0,0,0,0,1,1,0,0,0,0,0,1,1,0,0,0,1
8982,0,0,0,0,0,1,0,0,0,0,0,0,0,0,0,0,0,0,0,0,0
8983,6,6,5,4,5,4,5,6,6,5,4,5,4,5,6,6,5,4,5,4,5
8984,25,29,28,21,16,18,19,25,29,28,21,16,18,19,25,29,28,21,16,18,19
8985,1,2,3,3,3,2,1,2,2,3,3,3,2,1,2,2,3,3,3,2,1
8986,1,1,1,1,1,1,1,1,1,1,1,1,1,1,1,1,1,1,1,1,1
8987,2,2,2,2,2,2,2,2,2,2,2,2,2,2,2,2,2,2,2,2,2
8988,1,1,1,1,1,1,1,1,1,1,1,1,1,1,1,1,1,1,1,1,1
8989,0,0,0,0,0,0,0,0,0,0,0,0,0,0,0,0,0,0,0,0,0
8990,0,0,0,0,0,0,0,0,0,0,0,0,0,0,0,0,0,0,0,0,0
8991,0,0,0,0,0,0,0,0,0,0,0,0,0,0,0,0,0,0,0,0,0
8992,3,4,4,3,3,3,2,3,4,4,4,3,3,2,3,4,4,3,3,3,2
8993,0,0,0,0,0,0,0,0,0,0,0,0,0,0,0,0,0,0,0,0,0
8994,0,0,0,0,0,0,0,0,0,0,0,0,0,0,0,0,0,0,0,0,0
8995,0,0,0,0,0,0,0,0,0,0,0,0,0,0,0,0,0,0,0,0,0
8996,2,2,2,2,3,2,2,2,2,2,2,3,2,2,2,2,2,2,3,2,2
8997,0,1,0,0,0,0,0,0,1,0,0,0,0,0,0,1,0,0,0,0,0
8998,0,0,0,0,0,0,0,0,0,0,0,0,0,0,0,0,0,0,0,0,0
8999,0,0,0,0,0,0,0,0,0,0,0,0,0,0,0,0,0,0,0,0,0
9000,0,0,0,0,0,0,0,0,0,0,0,0,0,0,0,0,0,0,0,0,0
9001,0,0,0,0,0,0,0,0,0,0,0,0,0,0,0,0,0,0,0,0,0
9002,0,0,0,0,0,0,0,0,0,0,0,0,0,0,0,0,0,0,0,0,0
9003,0,0,0,0,0,0,0,0,0,0,0,0,0,0,0,0,0,0,0,0,0
9004,1,1,0,0,0,0,0,0,0,0,0,0,0,0,0,0,0,0,0,0,0
9005,12,13,13,12,10,9,9,10,11,10,9,8,7,8,8,8,8,7,6,6,6
9006,0,0,0,0,0,1,0,0,0,0,0,0,1,0,0,0,0,0,0,1,0
9007,0,0,0,0,0,0,0,0,0,0,0,0,0,0,0,0,0,0,0,0,0
9008,0,0,0,0,0,0,0,0,0,0,0,0,0,0,0,0,0,0,0,0,0
9009,0,0,0,0,0,0,0,0,0,0,0,0,0,0,0,0,0,0,0,0,0
9010,0,0,0,0,0,0,0,0,0,0,0,0,0,0,0,0,0,0,0,0,0
9011,0,0,0,0,0,0,0,0,0,0,0,0,0,0,0,0,0,0,0,0,0
9012,0,0,0,0,0,0,0,0,0,0,0,0,0,0,0,0,0,0,0,0,0
9013,0,0,0,0,0,0,0,0,0,0,0,0,0,0,0,0,0,0,0,0,0
9014,0,0,0,1,0,0,0,0,0,0,1,0,0,0,0,0,0,1,0,0,0
9015,0,0,0,0,0,0,0,0,0,0,0,0,0,0,0,0,0,0,0,0,0
9016,0,0,0,0,0,0,0,0,0,0,0,0,0,0,0,0,0,0,0,0,0
9017,0,0,0,0,0,0,0,0,0,0,0,0,0,0,0,0,0,0,0,0,0
9018,1,0,0,0,0,0,0,1,0,0,0,0,0,0,1,0,0,0,0,0,0
9019,0,0,0,0,0,0,0,0,0,0,0,0,0,0,0,0,0,0,0,0,0
9020,0,0,0,0,0,0,0,0,0,0,0,0,0,0,0,0,0,0,0,0,0
9021,0,0,0,0,0,0,0,0,0,0,0,0,0,0,0,0,0,0,0,0,0
9022,0,0,0,0,0,0,0,0,0,0,0,0,0,0,0,0,0,0,0,0,0
9023,0,0,0,0,0,0,0,0,0,0,0,0,0,0,0,0,0,0,0,0,0
9024,0,0,0,0,0,0,0,0,0,0,0,0,0,0,0,0,0,0,0,0,0
9025,2,2,2,2,2,2,2,2,2,2,2,2,2,2,2,2,2,2,2,2,2
9026,1,0,0,0,0,0,0,1,0,0,0,0,0,0,1,0,0,0,0,0,0
9027,5,7,6,6,5,4,4,5,6,6,6,5,4,4,5,6,6,6,5,4,4
9028,6,7,8,7,6,6,6,8,9,9,7,6,6,7,8,9,9,8,6,6,7
9029,1,1,1,1,0,0,0,1,1,1,1,0,0,0,1,1,1,1,0,0,1
9030,2,2,2,2,2,2,2,2,2,2,2,2,2,2,2,2,2,2,2,2,2
9031,1,1,1,1,1,1,1,1,1,1,1,1,1,1,1,1,1,1,1,1,1
9032,0,0,0,0,0,0,0,0,0,0,0,0,0,0,0,0,0,0,0,0,0
9033,1,1,1,1,1,1,1,1,1,1,1,1,1,1,1,1,1,1,1,1,1
9034,0,0,0,0,0,0,0,0,0,0,0,0,0,0,0,0,0,0,0,0,0
9035,0,0,0,0,0,0,0,0,0,0,0,0,0,0,0,0,0,0,0,0,0
9036,0,0,0,0,0,0,0,0,0,0,0,0,0,0,0,0,0,0,0,0,0
9037,2,3,3,3,3,2,2,3,3,3,3,3,2,2,3,3,3,3,3,2,3
9038,2,2,2,2,2,2,2,2,2,2,2,2,2,2,2,2,2,3,2,2,2
9039,3,3,3,2,2,2,2,3,3,3,2,2,2,2,3,3,2,2,2,2,2
9040,1,1,1,1,1,1,1,1,1,1,1,1,1,1,1,1,1,1,1,1,1
9041,0,0,0,0,0,0,1,1,1,1,1,1,1,1,1,1,1,1,1,1,1
9042,6,6,5,5,4,4,4,5,5,5,4,4,4,4,4,5,5,4,4,4,4
9043,3,3,3,3,3,3,3,3,3,3,3,3,3,3,3,2,2,2,2,2,2
9044,1,1,2,2,1,1,2,2,2,2,2,2,2,2,2,2,2,2,1,2,2
9045,0,0,0,0,0,0,0,0,0,0,0,0,0,0,0,0,0,0,0,0,0
9046,0,0,0,0,0,0,0,0,0,0,0,0,0,0,0,0,0,0,0,0,0
9047,2,2,2,2,2,1,2,2,2,2,2,2,1,2,2,2,2,2,2,1,2
9048,30,31,30,28,24,22,22,26,28,29,28,24,22,21,26,29,31,30,26,24,24
9049,3,2,2,1,1,1,1,2,2,2,1,1,1,1,1,2,1,1,1,1,1
9050,1,0,0,0,0,0,0,0,0,0,0,0,0,0,0,0,0,0,0,0,0
9051,0,0,0,0,0,0,0,0,0,0,0,0,0,0,0,0,0,0,0,0,0
9052,0,0,0,0,0,0,0,0,0,0,0,0,0,0,0,0,0,0,0,0,0
9053,0,0,0,0,0,0,0,0,0,0,0,0,0,0,0,0,0,0,0,0,0
9054,0,0,0,0,0,0,0,0,0,0,0,0,0,0,0,0,0,0,0,0,0
9055,2,2,2,2,2,2,2,2,2,2,2,2,2,2,2,2,2,2,2,2,2
9056,0,0,0,0,0,0,0,0,0,0,0,0,0,0,0,0,0,0,0,0,0
9057,0,0,0,0,0,0,0,0,0,0,0,0,0,0,0,0,0,0,0,0,0
9058,1,1,1,1,1,1,1,1,1,1,1,1,1,1,1,1,1,1,1,1,1
9059,3,3,2,2,2,2,2,3,3,3,3,3,3,3,3,3,3,3,3,3,3
9060,9,9,8,8,7,6,6,8,8,8,8,6,6,6,8,8,8,8,7,6,6
9061,5,5,5,5,4,3,4,5,5,5,5,4,3,4,5,5,5,5,4,3,4
9062,6,7,7,7,6,5,5,6,7,7,7,6,5,5,6,7,7,7,6,5,5
9063,0,0,0,0,0,0,0,0,0,0,0,0,0,0,0,0,0,0,0,0,0
9064,0,0,0,0,0,0,0,0,0,0,0,0,0,0,0,0,0,0,0,0,0
9065,0,0,0,0,0,0,0,0,0,0,0,0,0,0,0,0,0,0,0,0,0
9066,0,0,0,0,0,0,0,0,0,0,0,0,0,0,0,0,0,0,0,0,0
9067,0,0,0,0,0,0,0,0,0,0,0,0,0,0,0,0,0,0,0,0,0
9068,0,0,0,0,0,0,0,0,0,0,0,0,0,0,0,0,0,0,0,0,0
9069,0,0,0,0,0,0,0,0,0,0,0,0,0,0,0,0,0,0,0,0,0
9070,0,0,0,0,0,0,0,0,0,0,0,0,0,0,0,0,0,0,0,0,0
9071,3,2,3,3,3,2,2,3,2,3,3,3,2,2,3,2,3,3,3,2,2
9072,3,3,3,3,3,3,3,3,3,3,3,2,2,2,3,3,2,2,2,2,2
9073,78,85,83,68,56,54,58,73,83,83,69,57,54,57,74,84,84,71,59,57,63
9074,7,6,4,8,5,3,2,2,4,3,7,4,3,2,2,4,3,7,4,3,2
9075,10,10,11,10,10,9,9,10,10,11,10,10,9,8,10,10,11,10,10,9,9
9076,0,1,1,0,0,0,0,1,1,1,0,0,0,0,0,1,1,0,0,0,0
9077,0,0,0,0,0,0,0,0,0,0,0,0,0,0,0,0,0,0,0,0,0
9078,2,1,1,1,1,1,1,1,1,1,1,1,1,1,1,1,1,1,1,1,1
9079,7,8,9,8,8,7,7,7,8,9,8,7,7,7,7,8,8,7,7,7,6
9080,0,0,0,0,0,0,0,0,0,0,0,0,0,0,0,0,0,0,0,0,0
9081,0,0,0,0,0,0,0,0,0,0,0,0,0,0,0,0,0,0,0,0,0
9082,0,0,0,0,0,0,0,0,0,0,0,0,0,0,0,0,0,0,0,0,0
9083,0,0,0,0,0,0,0,0,0,0,0,0,0,0,0,0,0,0,0,0,0
9084,1,0,1,1,0,0,1,1,0,1,1,0,0,1,1,0,1,1,0,0,1
9085,2,2,2,2,2,1,2,2,2,2,2,2,1,2,2,2,2,2,2,1,2
9086,2,2,2,2,2,2,2,2,2,2,2,2,2,2,2,2,2,3,2,2,2
9087,2,4,4,4,4,3,3,4,5,4,4,4,3,3,4,4,4,4,3,3,4
9088,0,0,0,0,0,0,0,0,0,0,0,0,0,0,0,0,0,0,0,0,0
9089,3,3,3,3,2,2,2,3,3,3,3,2,2,2,3,3,3,3,2,2,2
9090,17,20,20,19,18,16,14,17,20,20,19,18,16,14,17,20,20,19,18,16,14
9091,2,1,1,1,2,1,1,2,2,2,1,2,1,1,2,2,2,1,2,1,1
9092,1,1,1,1,1,0,0,1,1,1,1,1,0,0,1,1,1,1,1,0,0
9093,1,1,1,1,1,1,1,1,1,1,1,1,1,1,1,1,1,1,1,1,1
9094,0,0,0,0,0,0,0,0,0,0,0,0,0,0,0,0,0,0,0,0,0
9095,7,7,8,7,6,5,5,7,7,8,7,6,5,6,7,7,8,7,6,5,5
9096,0,0,0,0,0,0,0,0,0,0,0,0,0,0,0,0,0,0,0,0,0
9097,13,14,13,11,11,12,14,13,14,12,11,11,12,14,13,14,12,11,11,12,14
9098,0,0,0,0,0,0,0,0,0,0,0,0,0,0,0,0,0,0,0,0,0
9099,2,2,2,1,1,1,1,1,1,1,1,1,1,1,1,1,1,1,1,1,1
9100,4,4,4,3,3,3,4,4,4,4,3,3,3,4,4,4,4,3,3,3,4
9101,1,1,1,1,0,0,0,1,1,1,1,0,0,0,1,1,1,1,0,0,0
9102,1,1,1,0,0,1,0,1,1,1,0,0,1,0,1,1,1,0,0,1,0
9103,16,18,17,16,15,16,18,16,18,17,16,15,16,18,16,18,17,16,15,16,18
9104,2,3,3,3,3,3,3,4,4,4,3,3,3,3,4,4,4,3,3,3,4
9105,1,2,2,2,2,1,1,2,2,2,2,2,2,1,2,2,2,2,2,2,2
9106,0,0,0,0,0,0,0,0,0,0,0,0,0,0,0,0,0,0,0,0,0
9107,0,0,0,0,0,0,0,0,0,0,0,0,0,0,0,0,0,0,0,0,0
9108,0,0,0,0,0,0,0,0,0,0,0,0,0,0,0,0,0,0,0,0,0
9109,0,0,0,0,0,0,0,0,0,0,0,0,0,0,0,0,0,0,0,0,0
9110,2,2,1,1,1,1,1,1,1,1,1,1,1,1,1,2,1,1,1,1,1
9111,4,5,4,3,4,4,4,4,5,4,3,4,4,4,4,5,4,3,4,4,4
9112,29,46,49,39,28,21,20,28,45,49,39,28,21,19,28,46,49,39,28,22,22
9113,1,1,1,1,1,1,1,1,1,1,1,1,1,1,1,1,1,1,1,1,1
9114,6,5,5,5,4,4,4,5,5,5,5,4,4,4,5,5,4,4,4,4,4
9115,0,0,0,0,0,0,0,0,0,0,0,0,0,0,0,0,0,0,0,0,0
9116,9,10,9,8,7,6,6,8,9,8,8,7,6,7,8,8,8,7,6,6,6
9117,1,1,1,1,1,1,1,1,1,1,1,1,1,1,1,1,1,1,1,1,1
9118,0,0,0,0,0,0,0,0,0,0,0,0,0,0,0,0,0,0,0,0,0
9119,0,0,0,0,0,0,0,0,0,0,0,0,0,0,0,0,0,0,0,0,0
9120,0,0,0,0,0,0,0,0,0,0,0,0,0,0,0,0,0,0,0,0,0
9121,45,55,47,36,28,26,41,45,55,47,36,28,26,40,45,55,47,36,28,26,40
9122,0,0,0,0,0,0,0,0,0,0,0,0,0,0,0,0,0,0,0,0,0
9123,0,0,0,0,0,0,0,0,0,0,0,0,0,0,0,0,0,0,0,0,0
9124,1,2,1,1,1,1,1,1,2,1,1,1,1,1,1,2,1,1,1,1,1
9125,147,143,152,143,131,118,123,153,157,171,167,153,133,133,167,171,182,170,157,149,164
9126,37,33,30,33,29,30,33,32,30,30,35,31,29,31,32,30,31,35,31,31,36
9127,0,0,0,0,0,0,0,0,0,0,0,0,0,0,0,0,0,0,0,0,0
9128,4,4,4,5,3,3,3,4,4,4,5,3,3,3,4,4,4,5,3,3,3
9129,4,5,5,6,5,4,4,5,5,5,6,5,4,4,4,5,5,5,5,4,4
9130,5,6,6,6,5,4,3,4,5,6,6,5,4,3,4,5,6,6,5,5,3
9131,1,1,1,1,1,1,1,1,1,1,1,1,1,1,1,1,1,1,1,1,1
9132,4,4,4,4,4,4,4,4,4,4,4,3,3,3,3,3,2,2,2,2,2
9133,0,0,0,0,0,0,0,0,0,0,0,0,0,0,0,0,0,0,0,0,0
9134,0,0,0,0,0,0,0,0,0,0,0,0,0,0,0,0,0,0,0,0,0
9135,0,0,0,1,1,0,0,0,0,0,1,1,0,0,0,0,0,1,1,0,0
9136,0,0,0,0,0,0,0,0,0,0,0,0,0,0,0,0,0,0,0,0,0
9137,0,0,0,0,0,0,0,0,0,0,0,0,0,0,0,0,0,0,0,0,0
9138,0,0,0,0,0,0,0,0,0,0,0,0,0,0,0,0,0,0,0,0,0
9139,0,0,0,0,0,0,0,0,0,0,0,0,0,0,0,0,0,0,0,0,0
9140,0,0,0,0,0,0,0,0,0,0,0,0,0,0,0,0,0,0,0,0,0
9141,1,2,2,2,1,1,1,2,2,2,2,1,1,1,2,2,2,2,1,1,1
9142,0,0,0,0,0,0,0,0,0,0,0,0,0,0,0,0,0,0,0,0,0
9143,0,0,0,0,0,0,0,0,0,0,0,0,0,0,0,0,0,0,0,0,0
9144,0,0,0,0,0,0,0,0,0,0,0,0,0,0,0,0,0,0,0,0,0
9145,0,0,0,0,0,0,0,0,0,0,0,0,0,0,0,0,0,0,0,0,0
9146,0,0,0,0,0,0,0,0,0,0,0,0,0,0,0,0,0,0,0,0,0
9147,0,0,0,0,0,0,0,0,0,0,0,0,0,0,0,0,0,0,0,0,0
9148,0,0,0,0,0,0,0,0,0,0,0,0,0,0,0,0,0,0,0,0,0
9149,0,0,0,0,0,0,0,0,0,0,0,0,0,0,0,0,0,0,0,0,0
9150,0,0,0,0,0,0,0,0,0,0,0,0,0,0,0,0,0,0,0,0,0
9151,0,0,0,0,0,0,0,0,0,0,0,0,0,0,0,0,0,0,0,0,0
9152,0,0,0,0,0,0,0,0,0,0,0,0,0,0,0,0,0,0,0,0,0
9153,0,0,0,0,0,0,0,0,0,0,0,0,0,0,0,0,0,0,0,0,0
9154,0,0,0,0,0,0,0,0,0,0,0,0,0,0,0,0,0,0,0,0,0
9155,0,0,0,0,0,0,0,0,0,0,0,0,0,0,0,0,0,0,0,0,0
9156,2,2,1,1,1,1,2,2,2,1,1,1,1,2,2,2,1,1,1,1,2
9157,0,0,0,0,0,0,0,0,0,0,0,0,0,0,0,0,0,0,0,0,0
9158,1,1,1,1,1,1,1,1,1,1,1,1,1,1,1,1,1,1,1,1,1
9159,0,0,0,0,0,0,0,0,0,0,0,0,0,0,0,0,0,0,0,0,0
9160,0,0,0,0,0,0,0,0,0,0,0,0,0,0,0,0,0,0,0,0,0
9161,0,0,0,0,0,0,0,0,0,0,0,0,0,0,0,0,0,0,0,0,0
9162,4,4,4,3,3,3,3,4,4,4,3,3,3,3,4,4,4,3,3,3,3
9163,0,0,0,0,0,0,0,0,0,0,0,0,0,0,0,0,0,0,0,0,0
9164,0,0,0,0,0,0,0,0,0,0,0,0,0,0,0,0,0,0,0,0,0
9165,16,14,14,12,11,13,13,16,14,14,12,11,13,13,16,14,14,12,11,13,13
9166,2,1,1,1,1,1,1,2,1,1,1,1,1,1,2,1,1,1,1,1,1
9167,11,9,9,8,7,9,9,11,9,9,8,7,9,9,11,9,9,8,7,9,9
9168,8,9,10,8,8,7,7,8,9,10,8,7,6,7,8,9,9,8,7,6,6
9169,7,8,8,6,5,4,5,7,8,8,6,5,4,5,7,8,8,6,5,4,5
9170,37,38,38,35,31,28,29,37,38,38,35,31,28,29,37,38,38,35,31,28,29
9171,29,31,35,34,34,34,37,45,48,46,42,39,37,38,45,45,43,39,34,34,39
9172,48,51,55,46,43,38,41,47,51,56,47,44,39,42,48,52,56,47,43,38,40
9173,0,0,0,0,0,0,0,0,0,0,0,0,0,0,0,0,0,0,0,0,0
9174,18,23,30,26,20,13,15,18,23,30,25,20,13,15,17,21,28,24,18,12,13
9175,15,20,24,23,17,12,12,17,21,25,23,16,12,11,16,20,24,22,16,12,11
9176,0,1,1,0,0,0,0,0,1,1,0,0,0,0,0,1,1,0,0,0,0
9177,0,0,0,0,0,0,0,0,0,0,0,0,0,0,0,0,0,0,0,0,0
9178,0,0,0,0,0,0,0,0,0,0,0,0,0,0,0,0,0,0,0,0,0
9179,0,0,0,0,0,0,0,0,0,0,0,0,0,0,0,0,0,0,0,0,0
9180,3,4,4,3,3,3,3,4,4,4,4,3,3,3,4,4,4,3,3,3,3
9181,1,1,1,0,0,0,0,1,1,1,0,0,0,0,1,1,1,0,0,0,0
9182,22,20,18,17,16,14,14,16,16,15,14,13,12,12,13,12,12,11,10,9,10
9183,0,0,0,0,0,0,0,0,0,0,0,0,0,0,0,0,0,0,0,0,0
9184,6,6,5,4,4,3,3,5,6,5,4,3,3,3,5,5,4,3,3,3,3
9185,0,0,0,0,0,0,0,0,0,0,0,0,0,0,0,0,0,0,0,0,0
9186,4,3,3,3,2,2,2,3,3,3,3,2,2,2,3,3,3,2,2,2,2
9187,0,0,0,0,0,0,0,0,0,0,0,0,0,0,0,0,0,0,0,0,0
9188,1,1,1,0,0,0,0,0,1,0,0,0,0,0,0,0,0,0,0,0,0
9189,1,1,1,1,1,1,1,1,1,1,1,1,1,1,1,2,1,1,1,1,1
9190,0,0,0,0,0,0,0,0,0,0,0,0,0,0,0,0,0,0,0,0,0
9191,0,0,0,0,0,0,0,0,0,0,0,0,0,0,0,0,0,0,0,0,0
9192,24,24,22,20,19,21,22,24,24,23,20,19,21,22,24,24,22,20,19,21,22
9193,0,0,0,0,0,0,0,0,0,0,0,0,0,0,0,0,0,0,0,0,0
9194,0,0,0,0,0,0,0,0,0,0,0,0,0,0,0,0,0,0,0,0,0
9195,1,2,2,2,2,1,1,1,2,2,2,2,1,1,1,2,2,2,2,1,1
9196,10,9,14,4,6,11,8,10,9,14,4,6,11,8,10,9,14,4,6,11,8
9197,73,84,84,70,59,54,62,73,79,75,66,59,57,63,70,71,71,63,54,52,61
9198,0,0,0,0,0,0,0,0,0,0,0,0,0,0,0,0,0,0,0,0,0
9199,0,0,0,0,0,0,0,0,0,0,0,0,0,0,0,0,0,0,0,0,0
9200,0,0,0,0,0,0,0,0,0,0,0,0,0,0,0,0,0,0,0,0,0
9201,0,0,0,0,0,0,0,0,0,0,0,0,0,0,0,0,0,0,0,0,0
9202,1,1,1,2,1,1,1,1,1,1,2,1,1,1,1,1,1,2,1,1,1
9203,0,0,0,0,0,0,0,0,0,0,0,0,0,0,0,0,0,0,0,0,0
9204,0,0,0,0,0,0,0,0,0,0,0,0,0,0,0,0,0,0,0,0,0
9205,0,0,0,0,0,0,0,0,0,0,0,0,0,0,0,0,0,0,0,0,0
9206,101,124,123,100,61,51,61,100,124,123,100,60,50,60,98,122,122,99,59,49,59
9207,9,9,13,11,9,6,6,9,9,13,11,9,6,6,9,9,13,11,9,6,6
9208,0,0,0,0,0,0,0,0,0,0,0,0,0,0,0,0,0,0,0,0,0
9209,0,0,0,0,0,0,0,0,0,0,0,0,0,0,0,0,0,0,0,0,0
9210,1,1,1,1,1,1,0,1,1,1,1,1,1,0,1,1,1,1,1,1,0
9211,3,4,4,3,3,2,2,3,4,4,4,3,2,2,3,4,4,4,3,2,2
9212,24,21,21,22,20,20,20,24,21,21,22,20,20,20,24,21,21,22,20,20,20
9213,1,1,1,1,1,1,0,1,1,1,1,1,1,0,1,1,1,1,1,1,1
9214,21,20,20,18,17,17,17,21,20,20,18,17,17,17,21,20,20,18,17,17,17
9215,1,1,1,1,1,1,0,1,1,1,1,1,1,0,1,1,1,1,1,1,0
9216,0,0,0,0,0,0,0,0,0,0,0,0,0,0,0,0,0,0,0,0,0
9217,0,0,0,0,0,0,0,0,0,0,0,0,0,0,0,0,0,0,0,0,0
9218,0,0,0,0,0,0,0,0,0,0,0,0,0,0,0,0,0,0,0,0,0
9219,5,6,5,4,3,3,3,3,4,5,4,3,3,3,3,4,5,4,3,3,3
9220,8,9,9,8,7,6,6,7,8,8,8,7,6,6,7,8,8,7,7,6,6
9221,10,11,12,11,10,9,8,10,11,12,11,10,9,8,10,11,12,11,10,9,8
9222,0,0,0,0,0,0,0,0,0,0,0,0,0,0,0,0,0,0,0,0,0
9223,0,0,0,0,0,0,0,0,0,0,0,0,0,0,0,0,0,0,0,0,0
9224,0,0,0,0,0,0,0,0,0,0,0,0,0,0,0,0,0,0,0,0,0
9225,0,0,1,0,1,0,1,1,1,1,1,1,1,1,1,1,1,1,1,1,1
9226,0,0,0,0,0,0,0,0,0,0,0,0,0,0,0,0,1,1,1,1,1
9227,0,0,0,0,0,0,0,0,0,0,0,0,0,0,0,0,0,0,0,0,0
9228,0,0,0,0,0,0,0,0,0,0,0,0,0,0,0,0,0,0,0,0,0
9229,0,0,0,0,0,0,0,0,0,0,0,0,0,0,0,0,0,0,0,0,0
9230,0,0,0,0,0,0,0,0,0,0,0,0,0,0,0,0,0,0,0,0,0
9231,0,0,0,0,0,0,0,0,0,0,0,0,0,0,0,0,0,0,0,0,0
9232,0,0,0,0,0,0,0,0,0,0,0,0,0,0,0,0,0,0,0,0,0
9233,0,0,0,0,0,0,0,0,0,0,0,0,0,0,0,0,0,0,0,0,0
9234,0,0,0,0,0,0,0,0,0,0,0,0,0,0,0,0,0,0,0,0,0
9235,1,1,2,2,1,1,1,1,2,2,2,2,1,1,1,2,2,2,1,1,1
9236,0,0,0,0,0,0,0,0,0,0,0,0,0,0,0,0,0,0,0,0,0
9237,0,0,0,0,0,0,0,0,0,0,0,0,0,0,0,0,0,0,0,0,0
9238,1,1,1,2,1,1,1,1,1,1,2,1,1,1,1,1,2,2,2,1,1
9239,5,4,4,4,4,4,4,5,4,4,4,4,4,4,5,4,4,4,4,4,4
9240,6,6,6,5,5,5,5,6,6,5,5,4,5,5,5,5,5,5,4,4,5
9241,15,17,18,16,14,13,12,15,17,18,16,14,13,12,15,17,18,16,14,13,12
9242,1,1,1,1,1,1,1,1,1,1,1,1,1,1,1,1,1,1,1,1,1
9243,1,1,1,1,1,1,1,1,1,1,1,1,1,1,1,1,1,1,1,1,1
9244,3,3,3,3,3,2,3,3,3,3,3,3,2,3,3,3,3,3,3,2,3
9245,25,26,25,21,19,18,19,23,25,24,20,18,17,18,22,24,24,20,18,17,19
9246,1,1,1,1,1,1,1,1,1,1,1,1,1,1,1,1,1,1,1,1,1
9247,0,1,0,0,1,0,0,1,1,1,0,1,0,0,1,1,1,0,1,0,0
9248,3,3,3,3,3,2,3,3,3,3,3,3,2,3,3,3,3,3,3,2,3
9249,7,7,7,6,6,5,6,7,6,6,5,5,4,5,6,5,4,4,3,3,4
9250,0,0,0,0,0,0,0,0,0,0,0,0,0,0,0,0,0,0,0,0,0
9251,0,0,0,0,0,0,0,0,0,0,0,0,0,0,0,0,0,0,0,0,0
9252,1,1,1,1,1,1,1,1,1,1,1,1,1,1,1,1,1,1,1,1,1
9253,0,0,0,0,0,0,0,0,0,0,0,0,0,0,0,0,0,0,0,0,0
9254,0,0,0,0,0,0,0,0,0,0,0,0,0,0,0,0,0,0,0,0,0
9255,8,7,6,5,5,4,4,5,5,6,5,4,4,4,4,4,5,4,4,3,3
9256,6,5,4,3,3,3,3,3,3,3,3,3,2,2,3,3,3,3,2,2,2
9257,1,1,1,1,1,1,1,1,1,1,1,1,1,1,1,1,1,1,1,1,1
9258,2,2,2,2,2,2,2,2,2,2,2,2,2,2,2,2,2,2,2,2,2
9259,10,10,10,8,8,8,8,9,9,9,8,8,8,8,9,9,8,7,7,7,8
9260,5,6,5,4,4,4,4,5,5,5,4,4,4,4,5,5,5,4,4,3,4
9261,1,1,1,1,1,1,1,1,1,1,1,1,1,1,1,1,1,1,1,1,1
9262,3,4,4,4,3,3,3,3,4,4,4,3,3,3,3,4,4,4,3,3,3
9263,0,0,0,0,0,0,0,0,0,0,0,0,0,0,0,0,0,0,0,0,0
9264,1,1,1,1,1,1,1,1,1,1,1,1,1,0,1,1,1,1,1,1,1
9265,0,0,0,0,0,0,0,0,0,0,0,0,0,0,0,0,0,0,0,0,0
9266,5,6,5,4,3,4,4,5,6,5,4,3,4,4,5,6,5,4,3,4,4
9267,0,0,0,0,0,0,0,0,0,0,0,0,0,0,0,0,0,0,0,0,0
9268,18,19,18,16,14,14,16,18,19,18,16,14,14,16,18,19,18,16,14,14,16
9269,1,1,1,1,1,1,1,1,1,1,1,1,1,1,1,1,1,1,1,1,1
9270,0,0,0,0,0,0,0,0,0,0,0,0,0,0,0,0,0,0,0,0,0
9271,1,2,2,1,1,1,1,1,1,1,1,1,1,1,1,1,1,1,1,1,1
9272,2,2,2,1,1,1,1,2,2,2,1,1,1,1,2,2,2,1,1,1,1
9273,0,0,0,0,0,0,0,0,0,0,0,0,0,0,0,0,0,0,0,0,0
9274,0,0,0,0,0,0,0,0,0,0,0,0,0,0,0,0,0,0,0,0,0
9275,5,5,5,4,3,3,4,4,5,5,4,3,3,4,4,5,5,4,3,3,4
9276,10,10,9,7,6,5,5,7,7,7,6,5,5,5,7,7,7,6,5,4,5
9277,1,1,1,2,2,2,1,1,1,1,2,2,2,1,1,1,1,2,2,2,1
9278,7,9,8,6,6,6,5,7,9,8,6,6,6,5,7,9,8,6,6,6,5
9279,6,6,5,4,4,3,4,4,5,5,4,3,3,3,4,5,4,4,3,3,3
9280,0,0,0,0,0,0,0,0,0,0,0,0,0,0,0,0,0,0,0,0,0
9281,0,0,1,0,0,0,1,0,0,1,0,0,0,1,0,0,1,0,0,0,1
9282,1,1,0,0,0,0,0,0,0,0,0,0,0,0,0,0,0,0,0,0,0
9283,4,5,5,5,3,2,2,4,5,5,5,3,2,2,4,5,5,5,3,2,2
9284,0,0,0,0,0,0,0,0,0,0,0,0,0,0,0,0,0,0,0,0,0
9285,0,0,0,0,0,0,0,0,0,0,0,0,0,0,0,0,0,0,0,0,0
9286,1,2,1,1,1,1,1,1,2,1,1,1,1,1,1,2,1,1,1,1,1
9287,0,0,0,0,0,0,0,0,0,0,0,0,0,0,0,0,0,0,0,0,0
9288,0,0,0,0,0,0,0,0,0,0,0,0,0,0,0,0,0,0,0,0,0
9289,0,0,0,0,0,0,0,0,0,0,0,0,0,0,0,0,0,0,0,0,0
9290,0,0,0,0,0,0,0,0,0,0,0,0,0,0,0,0,0,0,0,0,0
9291,0,0,0,0,0,0,0,0,0,0,0,0,0,0,0,0,0,0,0,0,0
9292,0,0,0,0,0,0,0,0,0,0,0,0,0,0,0,0,0,0,0,0,0
9293,0,0,1,1,1,0,0,0,0,1,1,1,0,1,1,1,1,2,2,2,2
9294,1,1,1,1,1,1,1,1,1,1,1,1,1,1,1,2,1,1,1,1,1
9295,0,0,0,0,0,0,0,0,0,0,0,0,0,0,0,0,0,0,0,0,0
9296,0,0,0,0,0,0,0,0,0,0,0,0,0,0,0,0,0,0,0,0,0
9297,0,0,0,0,0,0,0,0,0,0,0,0,0,0,0,0,0,0,0,0,0
9298,0,0,0,0,0,0,0,0,0,0,0,0,0,0,0,0,0,0,0,0,0
9299,0,0,0,0,0,0,0,0,0,0,0,0,0,0,0,0,0,0,0,0,0
9300,0,0,0,0,0,0,0,0,0,0,0,0,0,0,0,0,0,0,0,0,0
9301,0,0,0,0,0,0,0,0,0,0,0,0,0,0,0,0,0,0,0,0,0
9302,0,0,0,0,0,0,0,0,0,0,0,0,0,0,0,0,0,0,0,0,0
9303,0,0,0,0,0,0,0,0,0,0,0,0,0,0,0,0,0,0,0,0,0
9304,0,0,0,0,0,0,0,0,0,0,0,0,0,0,0,0,0,0,0,0,0
9305,0,0,0,0,0,0,0,0,0,0,0,0,0,0,0,0,0,0,0,0,0
9306,0,0,0,0,0,0,0,0,0,0,0,0,0,0,0,0,0,0,0,0,0
9307,0,0,0,0,0,0,0,0,0,0,0,0,0,0,0,0,0,0,0,0,0
9308,0,0,0,0,0,0,0,0,0,0,0,0,0,0,0,0,0,0,0,0,0
9309,0,0,0,0,0,0,0,0,0,0,0,0,0,0,0,0,0,0,0,0,0
9310,0,0,0,0,0,0,0,0,0,0,0,0,0,0,0,0,0,0,0,0,0
9311,0,0,0,0,0,0,0,0,0,0,0,0,0,0,0,0,0,0,0,0,0
9312,0,0,0,0,0,0,0,0,0,0,0,0,0,0,0,0,0,0,0,0,0
9313,0,0,0,0,0,0,0,0,0,0,0,0,0,0,0,0,0,0,0,0,0
9314,0,0,0,0,0,0,0,0,0,0,0,0,0,0,0,0,0,0,0,0,0
9315,0,0,0,0,0,0,0,0,0,0,0,0,0,0,0,0,0,0,0,0,0
9316,0,0,0,0,0,0,0,0,0,0,0,0,0,0,0,0,0,0,0,0,0
9317,0,0,0,0,0,0,0,0,0,0,0,0,0,0,0,0,0,0,0,0,0
9318,0,0,0,0,0,0,0,0,0,0,0,0,0,0,0,0,0,0,0,0,0
9319,0,0,0,0,0,0,0,0,0,0,0,0,0,0,0,0,0,0,0,0,0
9320,2,2,3,3,2,2,2,3,3,3,3,2,2,2,2,2,2,2,2,2,2
9321,1,2,1,1,1,1,1,1,2,1,1,1,1,1,1,2,1,1,1,1,1
9322,0,0,0,0,0,0,0,0,0,0,0,0,0,0,0,0,0,0,0,0,0
9323,1,1,1,0,0,0,0,1,1,1,0,0,0,0,1,1,1,0,0,0,0
9324,0,0,0,0,0,0,0,0,0,0,0,0,0,0,0,0,1,0,0,0,0
9325,3,3,2,2,2,2,2,3,3,2,2,2,2,2,3,3,2,2,2,2,2
9326,0,0,0,0,0,0,0,0,0,0,0,0,0,0,0,0,0,0,0,0,0
9327,1,1,1,1,1,1,1,1,1,1,1,1,1,1,1,1,1,1,1,1,1
9328,3,3,3,3,3,2,2,3,3,3,3,3,2,2,3,3,3,3,3,2,2
9329,0,0,0,0,0,0,0,0,0,0,0,0,0,0,0,0,0,1,1,1,1
9330,0,0,0,0,0,0,0,0,0,0,0,0,0,0,0,0,0,0,0,0,0
9331,0,0,0,0,0,0,0,0,0,0,0,0,0,0,0,0,0,0,0,0,0
9332,0,0,0,0,0,0,0,0,0,0,0,0,0,0,0,0,0,0,0,0,0
9333,0,0,0,0,0,0,0,0,0,0,0,0,0,0,0,0,0,0,0,0,0
9334,0,0,0,0,0,0,0,0,0,0,0,0,0,0,0,0,0,0,0,0,0
9335,2,1,1,1,1,1,1,1,1,1,1,1,1,1,1,1,1,1,1,1,1
9336,0,0,0,0,0,0,0,0,0,0,0,0,0,0,0,0,0,0,0,0,0
9337,0,0,0,0,0,0,0,0,0,0,0,0,0,0,0,0,0,0,0,0,0
9338,0,0,0,0,0,0,0,0,0,0,0,0,0,0,0,0,0,0,0,0,0
9339,29,32,30,28,27,24,26,31,36,35,33,30,26,27,31,34,34,31,29,26,28
9340,0,0,0,0,0,0,0,0,0,0,0,0,0,0,0,0,0,0,0,0,0
9341,0,0,0,0,0,0,0,0,0,0,0,0,0,0,0,0,0,0,0,0,0
9342,5,5,4,4,4,4,4,5,5,4,4,4,4,4,5,5,4,4,4,4,4
9343,0,0,0,0,0,0,0,0,0,0,0,0,0,0,0,0,0,0,0,0,0
9344,5,5,5,4,5,4,4,5,5,5,4,5,4,4,5,5,5,4,5,4,4
9345,2,2,2,2,2,2,2,2,2,2,2,2,2,2,2,2,2,2,2,2,2
9346,8,8,6,5,6,6,6,8,8,6,5,6,6,6,8,8,6,5,6,6,6
9347,3,3,3,3,2,3,3,2,2,2,2,2,2,2,2,2,2,2,2,2,2
9348,7,9,9,7,7,6,7,7,9,9,7,7,6,7,7,8,9,7,7,6,7
9349,1,1,1,1,1,1,1,1,1,1,1,1,1,1,1,1,1,1,1,1,1
9350,0,0,1,0,1,0,0,0,1,1,0,1,0,0,0,0,1,0,0,0,0
9351,0,0,0,0,0,0,0,0,0,0,0,0,0,0,0,0,0,0,0,0,0
9352,0,0,0,0,0,0,0,0,0,0,0,0,0,0,0,0,0,0,0,0,0
9353,0,0,0,0,0,0,0,0,0,0,0,0,0,0,0,0,0,0,0,0,0
9354,0,0,0,0,0,0,0,0,0,0,0,0,0,0,0,0,0,0,0,0,0
9355,0,0,0,0,0,0,0,0,0,0,0,0,0,0,0,0,0,0,0,0,0
9356,0,0,0,0,0,0,0,0,0,0,0,0,0,0,0,0,0,0,0,0,0
9357,0,0,0,0,0,0,0,0,0,0,0,0,0,0,0,0,0,0,0,0,0
9358,0,0,0,0,0,0,0,0,0,0,0,0,0,0,0,0,0,0,0,0,0
9359,0,0,0,0,0,0,0,0,0,0,0,0,0,0,0,0,0,0,0,0,0
9360,2,2,1,1,1,1,1,1,1,1,1,1,1,1,1,1,1,1,1,1,1
9361,3,2,1,1,1,2,1,1,1,0,0,0,2,0,1,1,0,0,0,2,0
9362,2,2,2,2,2,2,2,1,2,2,3,3,3,3,3,4,4,4,4,3,3
9363,0,0,0,0,0,0,0,0,1,0,0,0,0,0,1,1,0,0,0,0,0
9364,0,0,0,0,0,0,0,0,0,0,0,0,0,0,0,0,0,0,0,0,0
9365,0,0,0,0,0,0,0,0,0,0,0,0,0,0,0,0,0,0,0,0,0
9366,0,0,0,0,0,0,0,0,0,0,0,0,0,0,0,0,0,0,0,0,0
9367,0,0,0,0,0,0,0,0,0,0,0,0,0,0,0,0,0,0,0,0,0
9368,5,5,4,4,3,3,3,3,4,4,3,3,3,3,3,3,3,3,2,2,2
9369,1,1,1,1,1,1,1,1,1,1,1,1,1,1,1,1,1,1,1,1,1
9370,0,0,0,0,0,0,0,0,0,0,0,0,0,0,0,0,0,0,0,0,0
9371,0,1,1,1,1,1,0,0,1,1,1,1,1,0,0,1,1,1,1,1,0
9372,1,1,1,1,1,1,1,1,1,1,1,1,1,1,1,1,1,1,1,1,1
9373,3,3,3,3,3,2,2,2,3,3,3,3,2,2,2,3,3,3,3,2,2
9374,0,0,0,0,0,0,0,0,0,0,0,0,0,0,0,0,0,0,0,0,0
9375,2,3,2,2,2,2,2,3,3,2,2,2,2,2,2,3,2,2,2,2,2
9376,0,0,0,0,0,0,0,0,0,0,0,0,0,0,0,0,0,0,0,0,0
9377,0,0,0,0,0,0,0,0,0,0,0,0,0,0,0,0,0,0,0,0,0
9378,0,0,0,0,0,0,0,0,0,0,0,0,0,0,0,0,0,0,0,0,0
9379,0,0,0,0,0,0,0,0,0,0,0,0,0,0,0,0,0,0,0,0,0
9380,0,0,0,0,0,0,0,0,0,0,0,0,0,0,0,0,0,0,0,0,0
9381,3,3,4,4,3,3,3,3,3,4,4,3,3,3,3,3,4,4,3,3,3
9382,1,1,1,1,1,1,1,1,1,1,1,1,1,1,1,1,1,1,1,1,1
9383,4,4,4,3,3,3,3,4,4,4,4,3,3,4,4,4,4,4,3,3,4
9384,70,66,62,54,51,55,55,70,66,62,54,51,55,55,70,66,62,54,51,55,55
9385,2,1,2,1,1,1,1,2,1,2,1,1,1,1,2,1,2,1,1,1,1
9386,10,11,11,9,8,9,9,10,11,11,9,8,9,9,10,11,11,9,8,9,9
9387,0,0,0,0,0,0,0,0,0,0,0,0,0,0,0,0,0,0,0,0,0
9388,1,1,1,1,1,1,1,2,1,1,1,1,1,1,2,2,1,1,1,1,1
9389,0,0,0,0,0,0,0,0,0,0,0,0,0,0,0,0,0,0,0,0,0
9390,0,0,0,0,0,0,0,0,0,0,0,0,0,0,0,0,0,0,0,0,0
9391,10,10,9,8,6,6,8,10,10,9,8,6,6,8,10,10,9,8,6,6,8
9392,6,6,6,5,4,4,5,6,6,6,5,4,4,5,6,6,6,5,4,4,5
9393,8,7,7,5,5,4,5,6,6,6,5,5,4,4,5,5,6,5,4,4,4
9394,3,3,3,3,2,2,2,3,3,3,3,2,2,2,3,3,3,3,2,2,2
9395,1,1,2,1,1,1,1,1,1,2,1,1,1,1,1,1,2,1,1,1,1
9396,10,9,11,8,8,7,10,10,9,11,8,8,7,10,10,9,11,8,8,7,10
9397,0,0,0,0,0,0,0,0,0,0,0,0,0,0,0,0,0,0,0,0,0
9398,9,10,7,6,8,7,7,9,10,7,6,8,7,7,9,10,7,6,8,7,7
9399,0,0,0,0,0,0,0,0,0,0,0,0,0,0,0,0,0,0,0,0,0
9400,7,7,7,5,5,6,7,7,7,7,5,5,6,7,7,7,7,5,5,6,7
9401,0,0,1,0,0,1,1,0,0,1,0,0,0,1,0,0,1,0,0,0,1
9402,1,0,1,0,1,1,1,1,0,1,0,1,1,1,1,0,1,0,1,1,1
9403,6,5,5,4,5,4,5,6,4,5,4,5,4,5,6,4,5,4,5,4,5
9404,0,0,0,0,0,0,0,0,0,0,0,0,0,0,0,0,0,0,0,0,0
9405,1,1,0,1,0,0,0,1,1,0,1,0,0,0,1,1,0,0,0,0,0
9406,0,0,0,0,0,0,0,0,0,0,0,0,0,0,0,0,0,0,0,0,0
9407,0,0,0,0,0,0,0,0,0,0,0,0,0,0,0,0,0,0,0,0,0
9408,6,5,6,5,5,5,5,6,5,6,5,5,5,5,6,5,6,5,5,5,5
9409,0,0,0,0,0,0,0,0,0,0,0,0,0,0,0,0,0,0,0,0,0
9410,0,0,0,0,0,0,0,0,0,0,0,0,0,0,0,0,0,0,0,0,0
9411,0,0,0,0,0,0,0,0,0,0,0,0,0,0,0,0,0,0,0,0,0
9412,1,1,1,1,1,1,1,1,1,1,1,1,1,1,1,1,1,1,1,1,1
9413,0,0,0,0,0,0,0,0,0,0,0,0,0,0,0,0,0,0,0,0,0
9414,1,1,1,0,0,0,1,1,1,1,1,0,0,1,1,1,1,0,0,0,1
9415,0,0,0,0,0,0,0,0,0,0,0,0,0,0,0,0,0,0,0,0,0
9416,3,3,3,3,2,2,2,3,3,3,3,2,2,2,3,3,3,3,2,2,2
9417,0,0,0,0,0,0,0,0,0,0,0,0,0,0,0,0,0,0,0,0,0
9418,1,1,1,1,1,1,1,1,1,1,1,1,1,1,1,1,1,1,1,1,1
9419,0,0,0,0,0,0,0,0,0,0,0,0,0,0,0,0,0,0,0,0,0
9420,21,20,18,16,15,15,16,18,19,16,15,14,14,16,17,17,14,13,12,12,12
9421,36,35,33,30,27,27,30,33,35,32,31,28,28,33,32,31,28,26,23,23,25
9422,4,4,3,2,2,2,2,3,3,3,2,2,2,2,3,3,3,2,2,2,2
9423,1,1,1,1,1,1,1,1,1,1,1,1,1,1,1,1,1,1,1,1,1
9424,64,52,40,31,29,31,37,38,37,36,33,30,29,32,38,41,40,37,36,40,47
9425,52,54,50,42,38,35,37,47,49,45,39,36,35,37,45,44,41,36,33,32,35
9426,0,0,0,0,0,0,0,0,0,0,0,0,0,0,0,0,0,0,0,0,0
9427,1,1,1,0,1,0,1,1,1,1,0,1,0,1,1,1,1,0,1,0,1
9428,2,2,2,2,2,1,2,2,2,2,2,2,1,2,2,2,2,2,2,1,2
9429,0,0,0,0,0,0,0,0,0,0,0,0,0,0,0,0,0,0,0,0,0
9430,2,2,1,1,1,2,2,2,2,1,1,1,2,2,2,2,1,1,1,2,2
9431,0,0,0,0,0,0,0,0,0,0,0,0,0,0,0,0,0,0,0,0,0
9432,1,1,1,1,1,1,1,1,1,1,1,1,1,1,1,1,1,1,1,1,1
9433,0,0,0,0,0,0,0,0,0,0,0,0,0,0,0,0,0,0,0,0,0
9434,0,0,0,0,0,0,0,0,0,0,0,0,0,0,0,0,0,0,0,0,0
9435,0,0,0,0,0,0,0,0,0,0,0,0,0,0,0,0,0,0,0,0,0
9436,3,3,2,2,2,2,2,3,3,2,2,2,2,2,3,3,2,2,2,2,2
9437,0,0,0,0,0,0,0,0,0,0,0,0,0,0,0,0,0,0,0,0,0
9438,10,7,6,6,6,5,6,6,6,6,6,5,5,4,4,3,3,3,2,2,2
9439,0,0,0,0,0,0,0,0,0,0,0,0,0,0,0,0,0,0,0,0,0
9440,0,0,0,0,0,0,0,0,0,0,0,0,0,0,0,0,0,0,0,0,0
9441,0,0,0,0,0,0,0,0,0,0,0,0,0,0,0,0,0,0,0,0,0
9442,0,0,0,0,0,0,0,0,0,0,0,0,0,0,0,0,0,0,0,0,0
9443,0,0,0,0,0,0,0,0,0,0,0,0,0,0,0,0,0,0,0,0,0
9444,0,0,1,1,1,0,0,0,0,1,1,1,0,0,0,0,1,1,1,0,0
9445,0,0,0,0,0,0,0,0,0,0,0,0,0,0,0,0,0,0,0,0,0
9446,1,2,2,3,3,3,3,1,2,2,3,3,3,3,1,2,2,3,3,3,3
9447,0,0,0,0,0,0,0,0,0,0,0,0,0,0,0,0,0,0,0,0,0
9448,0,0,0,0,0,0,0,0,0,0,0,0,0,0,0,0,0,0,0,0,0
9449,0,0,0,0,0,0,0,0,0,0,0,0,0,0,0,0,0,0,0,0,0
9450,0,0,0,0,0,0,0,0,0,0,0,0,0,0,0,0,0,0,0,0,0
9451,0,0,0,0,0,0,0,0,0,0,0,0,0,0,0,0,0,0,0,0,0
9452,0,0,0,0,0,0,0,0,0,0,0,0,0,0,0,0,0,0,0,0,0
9453,0,0,0,0,0,0,0,0,0,0,0,0,0,0,0,0,0,0,0,0,0
9454,0,0,0,0,0,0,0,0,0,0,0,0,0,0,0,0,0,0,0,0,0
9455,0,0,0,0,0,0,0,0,0,0,0,0,0,0,0,0,0,0,0,0,0
9456,0,0,0,0,0,0,0,0,0,0,0,0,0,0,0,0,0,0,0,0,0
9457,0,0,0,0,0,0,0,0,0,0,0,0,0,0,1,1,1,1,1,1,1
9458,0,0,0,0,0,0,0,0,0,0,0,0,0,0,0,0,0,0,0,0,0
9459,0,0,0,0,0,0,0,0,0,0,0,0,0,0,0,0,0,0,0,0,0
9460,0,0,0,0,0,0,0,0,0,0,0,0,0,0,0,0,0,0,0,0,0
9461,0,0,0,0,0,0,0,0,0,0,0,0,0,0,0,0,0,0,0,0,0
9462,0,0,0,0,0,0,0,0,0,0,0,0,0,0,0,0,0,0,0,0,0
9463,0,0,0,0,0,0,0,0,0,0,0,0,0,0,0,0,0,0,0,0,0
9464,0,0,0,0,0,0,0,0,0,0,0,0,0,0,0,0,0,0,0,0,0
9465,0,0,0,0,0,0,0,0,0,0,0,0,0,0,0,0,0,0,0,0,0
9466,0,0,0,0,0,0,0,0,0,0,0,0,0,0,0,0,0,0,0,0,0
9467,0,0,0,0,0,0,0,0,0,0,0,0,0,0,0,0,0,0,0,0,0
9468,0,0,0,0,0,0,0,0,0,0,0,0,0,0,0,0,0,0,0,0,0
9469,1,0,0,0,0,0,0,0,0,0,0,0,0,0,0,0,0,0,0,0,0
9470,0,0,0,0,0,0,0,0,0,0,0,0,0,0,0,0,0,0,0,0,0
9471,0,0,0,0,0,0,0,0,0,0,0,0,0,0,0,0,0,0,0,0,0
9472,0,0,0,0,0,0,0,0,0,0,0,0,0,0,0,0,0,0,0,0,0
9473,2,2,2,1,1,1,1,2,2,2,1,1,1,1,2,2,2,1,1,1,1
9474,0,0,0,0,0,0,0,0,0,0,0,0,0,0,0,0,0,0,0,0,0
9475,0,0,0,0,0,0,0,0,0,0,0,0,0,0,0,0,0,0,0,0,0
9476,0,0,0,0,0,0,0,0,0,0,0,0,0,0,0,0,0,0,0,0,0
9477,0,0,0,0,0,0,0,0,0,0,0,0,0,0,0,0,0,0,0,0,0
9478,66,75,79,70,65,58,59,73,93,99,91,80,67,65,78,97,105,94,81,73,79
9479,0,0,0,0,0,0,0,0,0,0,0,0,0,0,0,0,0,0,0,0,0
9480,30,33,37,38,36,27,27,30,33,37,38,36,27,27,30,33,37,38,36,27,27
9481,6,6,6,5,5,4,5,6,6,6,5,5,4,5,6,6,6,5,5,4,5
9482,14,16,16,14,13,10,11,14,16,16,14,13,10,11,14,16,16,14,13,10,11
9483,3,4,4,3,3,2,2,3,4,4,3,3,2,2,3,4,4,3,3,2,2
9484,148,171,150,128,87,79,124,162,181,148,122,78,73,116,159,182,157,135,92,87,136
9485,46,56,58,48,39,29,37,42,52,54,45,37,29,37,43,53,55,46,38,30,37
9486,371,488,506,491,426,283,304,388,527,553,532,454,309,334,476,670,738,716,634,502,564
9487,46,50,52,45,40,35,40,51,57,57,48,41,36,41,52,58,59,53,45,41,46
9488,15,14,14,13,12,10,9,10,11,11,10,9,7,7,9,9,9,9,8,7,7
9489,7,8,9,9,8,7,6,7,8,9,9,8,7,6,7,8,9,9,8,7,6
9490,4,4,5,4,4,3,3,4,4,5,4,4,3,3,4,4,5,4,4,3,3
9491,9,12,11,10,8,7,5,9,12,11,10,8,7,5,9,12,11,10,8,7,5
9492,0,0,1,1,1,0,0,0,0,1,1,1,0,0,0,0,1,1,1,0,0
9493,13,16,16,15,13,11,11,13,16,16,15,13,11,11,13,16,16,15,13,11,11
9494,21,22,23,23,21,18,18,21,22,23,23,21,18,18,21,22,23,23,21,18,18
9495,8,10,9,9,7,6,6,8,10,9,9,7,6,6,8,10,9,9,7,6,6
9496,17,19,20,22,20,18,17,17,19,20,22,20,18,17,17,19,20,22,20,18,17
9497,3,3,3,2,2,2,2,3,3,3,2,2,2,2,3,3,3,2,2,2,2
9498,6,6,7,7,7,6,6,6,6,7,7,7,6,6,6,6,7,7,7,6,6
9499,8,15,16,12,5,5,5,8,15,16,12,5,5,5,8,15,16,12,5,5,5
9500,6,6,7,8,7,6,5,6,6,7,8,7,6,5,6,6,7,8,7,6,5
9501,5,5,5,6,6,5,4,5,5,5,6,6,5,4,5,5,5,6,6,5,4
9502,10,12,12,12,10,9,9,10,12,12,12,10,9,9,10,12,12,12,10,9,9
9503,10,22,25,24,22,13,12,13,25,28,25,22,13,11,13,25,28,25,22,13,12
9504,11,13,16,20,25,24,16,14,16,17,20,24,22,14,11,13,15,19,24,22,14
9505,80,118,160,166,159,147,123,80,118,160,166,159,147,123,80,118,160,166,159,147,123
9506,185,231,285,273,231,214,184,225,280,294,266,220,217,186,250,332,412,422,375,354,322
9507,178,215,248,309,255,215,173,216,254,259,310,255,222,183,244,296,327,390,328,287,244
9508,4,7,6,6,6,5,5,4,7,6,6,6,5,5,4,7,6,6,6,5,5
9509,1,1,1,1,1,1,1,1,1,1,1,1,1,1,1,1,1,1,1,1,1
9510,0,0,0,0,0,0,0,0,0,0,0,0,0,0,0,0,0,0,0,0,0
9511,0,0,0,0,0,0,0,0,0,0,0,0,0,0,0,0,0,0,0,0,0
9512,0,0,0,0,0,0,0,0,0,0,0,0,0,0,0,0,0,0,0,0,0
9513,0,0,0,0,0,0,0,0,0,0,0,0,0,0,0,0,0,0,0,0,0
9514,0,0,0,0,0,0,0,0,0,0,0,0,0,0,0,0,0,0,0,0,0
9515,18,19,18,17,14,14,16,19,21,20,19,16,15,16,20,22,21,19,17,17,22
9516,0,0,0,0,0,0,0,0,0,0,0,0,0,0,0,0,0,0,0,0,0
9517,1,1,1,1,1,1,1,1,1,1,1,1,1,1,1,1,1,1,1,1,1
9518,0,0,0,0,0,0,0,0,0,0,0,0,0,0,0,0,0,0,0,0,0
9519,26,27,27,25,21,21,21,26,27,27,24,21,21,21,26,27,27,24,21,21,21
9520,0,0,0,0,0,0,0,0,0,0,0,0,0,0,0,0,0,0,0,0,0
9521,7,6,6,6,5,5,5,5,5,6,5,4,4,4,5,5,5,5,4,4,4
9522,0,0,0,0,0,0,0,0,0,0,0,0,0,0,0,0,0,0,0,0,0
9523,1,1,2,2,2,2,1,1,1,2,2,2,1,1,1,1,2,2,2,1,1
9524,0,0,0,0,0,0,0,0,0,0,0,0,0,0,0,0,0,0,0,0,0
9525,25,25,24,22,20,19,20,24,24,23,22,20,19,19,23,22,22,21,19,18,19
9526,1,1,1,1,1,1,1,1,1,1,1,1,1,1,1,1,1,1,1,1,1
9527,0,0,0,0,0,0,0,0,0,0,0,0,0,0,0,0,0,0,0,0,0
9528,52,61,62,55,46,39,40,46,52,52,50,43,39,41,47,52,53,50,42,37,39
9529,22,21,22,21,20,19,19,22,21,22,21,20,19,19,22,21,22,21,20,19,19
9530,0,0,0,0,0,0,0,0,0,0,0,0,0,0,0,0,0,0,0,0,0
9531,0,0,0,0,0,0,0,0,0,0,0,0,0,0,0,0,0,0,0,0,0
9532,0,0,0,0,0,0,0,0,0,0,0,0,0,0,0,0,0,0,0,0,0
9533,0,0,0,0,0,0,0,0,0,0,0,0,0,0,0,0,0,0,0,0,0
9534,0,0,0,0,0,0,0,0,0,0,0,0,0,0,0,0,0,0,0,0,0
9535,0,0,0,0,0,0,0,0,0,0,0,0,0,0,0,0,0,0,0,0,0
9536,0,0,0,0,0,0,0,0,0,0,0,0,0,0,0,0,0,0,0,0,0
9537,1,1,1,1,1,1,0,1,1,1,1,1,1,0,1,1,1,1,1,1,0
9538,0,0,0,0,0,0,0,0,0,0,0,0,0,0,0,0,0,0,0,0,0
9539,0,0,0,0,0,0,0,0,0,0,0,0,0,0,0,0,0,0,0,0,0
9540,1,1,1,1,1,1,1,1,1,1,1,1,1,1,1,1,1,1,1,1,1
9541,0,0,0,0,0,0,0,0,0,0,0,0,0,0,0,0,0,0,0,0,0
9542,0,0,0,0,0,0,0,0,0,0,0,0,0,0,0,0,0,0,0,0,0
9543,4,4,4,4,4,4,3,3,4,4,4,4,3,3,3,4,4,4,4,3,3
9544,4,4,5,4,4,3,4,4,4,4,4,3,3,3,4,4,4,3,3,3,3
9545,5,5,5,4,4,4,4,5,5,5,4,4,4,4,4,4,4,4,4,4,4
9546,1,1,1,0,0,1,1,1,1,1,0,0,1,1,1,1,1,0,0,1,1
9547,1,1,1,1,1,1,1,1,1,1,1,1,1,1,1,1,1,1,1,1,1
9548,2,2,2,1,1,1,2,2,2,2,2,2,1,2,2,2,2,2,2,2,2
9549,1,2,2,2,2,2,2,3,3,3,3,3,3,3,3,3,3,3,3,3,3
9550,0,0,0,0,0,0,0,0,0,0,0,0,0,0,0,0,0,0,0,0,0
9551,0,0,0,0,0,0,0,0,0,0,0,0,0,0,0,0,0,0,0,0,0
9552,0,0,0,0,0,0,0,0,0,0,0,0,0,0,0,0,0,0,0,0,0
9553,172,204,198,186,165,147,155,193,225,204,187,163,147,154,192,231,225,210,181,164,176
9554,11,22,20,17,20,17,10,11,22,20,17,20,17,9,11,22,20,17,20,17,10
9555,223,242,241,206,177,148,155,207,221,218,188,161,140,150,203,221,225,196,168,144,152
9556,3,3,4,4,4,3,2,3,3,4,4,4,3,2,3,3,4,4,4,3,2
9557,4,4,6,5,5,4,2,4,4,6,5,5,4,2,4,4,6,5,5,4,2
9558,0,0,0,0,0,0,0,0,0,0,0,0,0,0,0,0,0,0,0,0,0
9559,0,0,0,0,0,0,0,0,0,0,0,0,0,0,0,0,0,0,0,0,0
9560,0,0,0,0,0,0,0,0,0,0,0,0,0,0,0,0,0,0,0,0,0
9561,0,0,0,0,0,0,0,0,0,0,0,0,0,0,0,0,0,0,0,0,0
9562,0,0,0,0,0,0,0,0,0,1,0,0,0,0,0,0,1,0,0,0,0
9563,0,0,0,0,0,0,0,0,0,0,0,0,0,0,0,0,0,0,0,0,0
9564,0,0,0,0,0,0,0,0,0,0,0,0,0,0,0,0,0,0,0,0,0
9565,0,0,0,0,0,0,0,0,0,0,0,0,0,0,0,0,0,0,0,0,0
9566,0,0,0,0,0,0,0,0,0,0,0,0,0,0,0,0,0,0,0,0,0
9567,5,6,7,6,5,5,5,6,6,7,6,5,4,5,6,6,7,6,5,4,5
9568,0,0,0,0,0,0,0,0,0,0,0,0,0,0,0,0,0,0,0,0,0
9569,4,5,5,4,3,3,3,4,5,5,4,3,3,3,4,5,5,4,3,3,3
9570,0,0,0,0,0,0,0,0,0,0,0,0,0,0,0,0,0,0,0,0,0
9571,9,9,9,8,7,7,8,9,9,9,8,7,7,8,9,9,9,8,7,7,8
9572,0,0,0,0,0,0,0,0,0,0,0,0,0,0,0,0,0,0,0,0,0
9573,5,6,5,5,4,4,4,5,6,5,5,4,4,4,5,5,5,5,4,3,4
9574,3,3,3,2,2,2,2,3,3,3,3,2,2,2,3,3,3,2,2,2,2
9575,2,2,2,2,2,2,2,2,2,2,2,2,2,2,2,2,2,2,2,2,2
9576,25,26,27,27,25,24,21,25,26,27,27,25,24,21,25,26,27,27,25,24,21
9577,3,3,3,4,3,3,2,3,3,3,4,3,3,2,3,3,3,4,3,3,2
9578,11,11,11,9,9,8,9,11,11,9,8,8,8,8,9,8,7,6,6,6,7
9579,1,1,1,1,1,1,1,1,1,1,1,1,1,1,1,1,1,1,1,1,1
9580,0,0,0,0,0,0,0,0,0,0,0,0,0,0,0,0,0,0,0,0,0
9581,0,0,0,0,0,0,0,0,0,0,0,0,0,0,0,0,0,0,0,0,0
9582,12,11,10,8,8,7,7,8,8,7,6,6,6,6,6,6,6,5,5,4,5
9583,0,0,0,0,0,0,0,0,0,0,0,0,0,0,0,0,0,0,0,0,0
9584,17,19,19,18,17,15,15,17,19,19,18,17,15,15,17,19,19,18,17,15,15
9585,0,0,0,0,0,0,0,0,0,0,0,0,0,0,0,0,0,0,0,0,0
9586,0,0,0,0,0,0,0,0,0,0,0,0,0,0,0,0,0,0,0,0,0
9587,0,0,0,0,0,0,0,0,0,0,0,0,0,0,0,0,0,0,0,0,0
9588,2,2,2,1,2,1,2,2,2,2,2,2,2,2,2,2,2,2,2,2,2
9589,148,129,120,84,65,94,127,148,129,120,84,65,94,127,148,129,120,84,65,94,127
9590,0,0,1,0,0,0,0,0,0,1,0,0,0,0,0,0,1,0,0,0,0
9591,2,3,3,2,2,2,2,2,3,3,3,3,2,2,2,3,3,3,3,2,2
9592,2,2,1,1,1,1,1,2,2,1,1,1,1,1,2,2,1,1,1,1,1
9593,0,0,0,0,0,0,0,0,0,0,0,0,0,0,0,0,0,0,0,0,0
9594,1,0,0,0,0,0,0,0,0,0,0,0,0,0,0,0,0,0,0,0,0
9595,0,0,0,0,0,0,0,0,0,0,0,0,0,0,0,0,0,0,0,0,0
9596,0,0,0,0,0,0,0,0,0,0,0,0,0,0,0,0,0,0,0,0,0
9597,0,0,0,0,0,0,0,0,0,0,0,0,0,0,0,0,0,0,0,0,0
9598,38,36,33,31,28,28,26,30,30,28,28,25,25,24,28,28,26,27,24,25,23
9599,0,0,0,0,0,0,0,0,0,0,0,0,0,0,0,0,0,0,0,0,0
9600,0,0,0,0,0,0,0,0,0,0,0,0,0,0,0,0,0,0,0,0,0
9601,2,2,2,1,2,1,1,2,2,2,1,2,1,1,2,2,2,1,2,1,1
9602,0,0,0,0,0,0,0,0,0,0,0,0,0,0,0,0,0,0,0,0,0
9603,0,0,0,0,0,0,0,0,0,0,0,0,0,0,0,0,0,0,0,0,0
9604,0,0,0,0,0,0,0,0,0,0,0,0,0,0,0,0,0,0,0,0,0
9605,0,0,0,0,0,0,0,0,0,0,0,0,0,0,0,0,0,0,0,0,0
9606,0,0,0,0,0,0,0,0,0,0,0,0,0,0,0,0,0,0,0,0,0
9607,0,0,0,0,0,0,0,0,0,0,0,0,0,0,0,0,0,0,0,0,0
9608,0,0,0,0,0,0,0,0,0,0,0,0,0,0,0,0,0,0,0,0,0
9609,8,7,6,6,6,6,6,6,6,6,5,4,4,5,5,5,5,5,5,5,6
9610,1,1,0,1,1,0,1,1,1,0,1,1,0,1,1,1,0,1,1,0,1
9611,0,0,0,0,0,0,0,0,0,0,0,0,0,0,0,0,0,0,0,0,0
9612,1,1,1,1,1,1,1,1,1,1,1,1,1,1,1,1,1,1,1,1,1
9613,1,1,1,1,1,1,1,1,1,1,1,1,1,0,1,1,1,1,1,1,1
9614,0,0,0,0,0,0,0,0,0,0,0,0,0,0,0,0,0,0,0,0,0
9615,1,0,0,0,0,0,0,0,0,0,0,0,0,0,1,0,0,0,0,0,0
9616,0,0,0,0,0,0,0,0,0,0,0,0,0,0,0,0,0,0,0,0,0
9617,1,1,0,1,1,1,1,1,1,0,1,1,1,1,1,1,0,1,1,1,1
9618,0,0,0,0,0,0,0,0,0,0,0,0,0,0,0,0,0,0,0,0,0
9619,18,15,12,12,10,9,8,9,9,8,9,8,7,6,8,7,7,8,7,6,6
9620,39,42,41,38,33,28,29,35,40,42,41,37,31,30,38,42,44,41,37,31,33
9621,8,9,8,6,5,5,5,6,7,7,6,6,5,5,7,8,8,7,6,5,6
9622,1,2,2,1,1,1,1,1,2,2,1,1,1,1,1,2,2,1,1,1,1
9623,2,2,3,2,2,1,1,2,2,3,2,2,1,1,2,2,3,2,2,1,1
9624,0,0,0,0,0,0,0,0,0,0,0,0,0,0,0,0,0,0,0,0,0
9625,3,4,5,5,5,5,5,6,7,8,7,7,6,7,7,8,8,8,7,8,8
9626,22,21,22,20,19,17,18,20,22,22,21,20,18,18,20,20,21,20,18,17,18
9627,24,30,32,29,26,22,21,25,31,33,30,27,23,22,25,30,31,29,25,22,21
9628,50,55,49,41,37,32,30,37,44,42,37,34,30,29,36,42,41,38,35,29,28
9629,7,6,5,4,4,4,4,4,4,4,3,3,3,3,4,3,3,3,3,2,2
9630,0,0,0,0,0,0,0,0,0,0,0,0,0,0,0,0,0,0,0,0,0
9631,1,2,2,2,2,1,1,1,2,2,2,2,1,1,1,2,2,2,2,1,1
9632,16,23,21,20,16,13,12,16,23,21,20,16,13,12,16,23,21,20,16,13,12
9633,17,24,22,20,18,13,12,17,24,22,20,18,13,12,17,24,22,20,18,13,12
9634,2,2,2,2,2,1,1,2,2,2,2,2,1,1,2,2,2,2,2,1,1
9635,2,1,1,1,1,1,1,1,1,1,1,1,1,1,1,1,1,1,1,1,1
9636,5,3,2,2,2,2,2,3,2,1,2,2,2,2,2,2,1,2,2,2,2
9637,66,59,47,40,28,24,27,42,53,54,52,39,33,36,54,63,61,51,36,32,35
9638,41,42,39,38,34,34,34,34,35,34,35,32,33,31,34,35,35,35,31,32,30
9639,2,2,1,1,1,1,1,2,2,2,1,1,1,1,2,2,2,1,1,1,1
9640,0,0,0,0,0,0,0,0,0,0,0,0,0,0,0,0,0,0,0,0,0
9641,0,0,0,1,0,1,0,0,0,0,1,0,1,0,0,0,0,1,0,1,0
9642,0,0,0,0,0,0,0,0,0,0,0,0,0,0,0,0,0,0,0,0,0
9643,0,0,0,0,0,0,0,0,0,0,0,0,0,0,0,0,0,0,0,0,0
9644,0,0,0,0,0,0,0,0,0,0,0,0,0,0,0,0,0,0,0,0,0
9645,0,0,0,0,0,0,0,0,0,0,0,0,0,0,0,0,0,0,0,0,0
9646,0,0,0,0,0,0,0,0,0,0,0,0,0,0,0,0,0,0,0,0,0
9647,0,0,0,0,0,0,0,0,0,0,0,0,0,0,0,0,0,0,0,0,0
9648,0,0,0,0,0,0,0,0,0,0,0,0,0,0,0,0,0,0,0,0,0
9649,13,13,13,11,10,10,10,12,13,13,12,10,10,10,12,13,14,12,11,11,12
9650,5,5,4,4,3,3,3,4,4,4,3,3,3,3,4,4,4,3,3,3,3
9651,221,239,229,188,165,151,167,207,231,223,189,163,154,169,224,258,267,231,208,202,241
9652,3,4,3,2,1,1,1,3,4,3,2,1,1,1,3,4,3,2,1,1,1
9653,0,1,1,1,1,1,0,1,1,1,1,1,1,0,1,1,1,1,1,1,0
9654,14,12,13,10,8,9,11,11,10,12,9,8,9,11,11,10,12,9,8,9,11
9655,4,5,5,4,4,3,3,4,5,5,4,4,3,3,4,5,5,4,4,3,3
9656,1,1,1,0,0,1,0,1,1,1,0,0,0,0,1,1,1,0,0,1,0
9657,1,1,2,2,1,2,2,2,2,2,2,1,2,2,2,2,2,2,1,2,2
9658,9,9,9,8,7,6,6,7,8,8,8,7,6,6,7,8,8,8,7,6,6
9659,1,1,1,2,2,2,1,1,1,1,2,2,2,1,1,1,1,2,2,2,1
9660,2,1,1,0,0,1,1,1,1,1,0,0,1,1,1,1,1,0,0,0,1
9661,7,5,4,3,3,2,3,4,4,3,3,3,2,3,4,4,3,3,3,2,3
9662,1,0,1,1,0,0,0,1,1,1,1,0,0,0,1,1,1,1,1,0,0
9663,2,3,3,3,2,2,2,3,3,3,3,2,2,2,2,3,3,3,2,2,2
9664,0,0,0,0,0,0,0,0,0,0,0,0,0,0,0,0,0,0,0,0,0
9665,0,0,0,0,0,0,0,0,0,0,0,0,0,0,0,0,0,0,0,0,0
9666,0,0,0,0,0,0,0,0,0,0,0,0,0,0,0,0,0,0,0,0,0
9667,0,0,0,0,0,0,0,0,0,0,0,0,0,0,0,0,0,0,0,0,0
9668,0,0,0,0,0,0,0,0,0,0,0,0,0,0,0,0,0,0,0,0,0
9669,0,0,0,0,0,0,0,0,0,0,0,0,0,0,0,0,0,0,0,0,0
9670,0,0,0,0,0,0,0,0,0,0,0,0,0,0,0,0,0,0,0,0,0
9671,0,0,0,0,0,0,0,0,0,0,0,0,0,0,0,0,0,0,0,0,0
9672,0,0,0,0,0,0,0,0,0,0,0,0,0,0,0,0,0,0,0,0,0
9673,0,0,0,0,0,0,0,0,0,0,0,0,0,0,0,0,0,0,0,0,0
9674,0,0,0,0,0,0,0,0,0,0,0,0,0,0,0,0,0,0,0,0,0
9675,0,0,0,0,0,0,0,0,0,0,0,0,0,0,0,0,0,0,0,0,0
9676,0,0,0,0,0,0,0,0,0,0,0,0,0,0,0,0,0,0,0,0,0
9677,0,0,0,0,0,0,0,0,0,0,0,0,0,0,0,0,0,0,0,0,0
9678,2,2,2,2,2,1,1,2,2,2,2,2,1,1,2,2,2,2,2,1,1
9679,0,0,0,0,0,0,0,0,0,0,0,0,0,0,0,0,0,0,0,0,0
9680,0,0,0,0,0,0,0,0,0,0,0,0,0,0,0,0,0,0,0,0,0
9681,0,0,0,0,0,0,0,0,0,0,0,0,0,0,0,0,0,0,0,0,0
9682,1,2,2,2,1,1,1,1,2,2,2,1,1,1,1,2,2,2,1,1,1
9683,0,0,0,0,0,0,0,0,0,0,0,0,0,0,0,0,0,0,1,1,1
9684,0,0,0,0,0,0,0,0,0,0,0,0,0,0,0,0,0,0,0,0,0
9685,0,0,0,0,0,0,0,0,0,0,0,0,0,0,0,0,0,0,0,0,0
9686,0,0,0,0,0,0,0,0,0,0,0,0,0,0,0,0,0,0,0,0,0
9687,0,0,0,0,0,0,0,0,0,0,0,0,0,0,0,0,0,0,0,0,0
9688,0,0,0,0,0,0,0,0,0,0,0,0,0,0,0,0,0,0,0,0,0
9689,0,0,0,0,0,0,0,0,0,0,0,0,0,0,0,0,0,0,0,0,0
9690,436,483,539,508,439,367,336,436,483,539,508,439,367,336,436,483,539,508,439,367,336
9691,0,0,0,0,0,0,0,0,0,0,0,0,0,0,0,0,0,0,0,0,0
9692,0,0,0,0,0,0,0,0,0,0,0,0,0,0,0,0,0,0,0,0,0
9693,0,0,0,0,0,0,0,0,0,0,0,0,0,0,0,0,0,0,0,0,0
9694,11,13,14,12,11,10,9,11,13,14,12,11,10,9,11,13,14,12,11,10,9
9695,5,5,5,5,4,3,4,5,5,5,5,4,3,4,5,5,5,5,4,3,4
9696,0,0,0,0,0,0,0,0,0,0,0,0,0,0,0,0,0,0,0,0,0
9697,0,0,0,1,1,1,0,0,0,0,1,1,1,0,0,0,0,1,1,1,0
9698,1,1,1,1,0,0,0,1,1,1,1,0,0,0,1,1,1,1,0,0,0
9699,0,0,0,0,0,0,0,0,0,0,0,0,0,0,0,0,0,0,0,0,0
9700,0,0,0,0,0,0,0,0,0,0,0,0,0,0,0,0,0,0,0,0,0
9701,0,0,0,0,0,0,0,0,0,0,0,0,0,0,0,0,0,0,0,0,0
9702,0,0,0,0,0,0,0,0,0,0,0,0,0,0,0,0,0,0,0,0,0
9703,1,1,1,1,1,1,0,1,1,1,1,1,1,0,1,1,1,1,1,1,0
9704,0,0,0,0,0,0,0,0,0,0,0,0,0,0,0,0,0,0,0,0,0
9705,0,0,0,0,0,0,0,0,0,0,0,0,0,0,0,0,0,0,0,0,0
9706,5,6,6,6,5,5,4,5,6,6,6,5,5,4,5,6,6,6,5,5,5
9707,177,211,209,165,99,114,131,161,194,195,155,92,109,125,157,188,191,155,92,110,129
9708,0,2,2,0,0,0,0,0,2,2,0,0,0,0,0,2,2,0,0,0,0
9709,24,24,23,21,20,18,19,24,24,23,20,19,18,19,22,21,20,18,17,16,18
9710,22,22,23,21,21,19,19,22,24,23,22,21,19,20,22,22,22,20,19,18,18
9711,0,0,0,0,0,0,0,0,0,0,0,0,0,0,0,0,0,0,0,0,0
9712,36,35,32,37,26,29,34,36,35,32,37,26,29,34,36,35,32,37,26,29,34
9713,0,3,4,3,2,1,1,0,3,4,3,2,1,1,0,3,4,3,2,1,1
9714,9,9,12,11,10,6,7,9,9,13,11,10,6,7,9,9,13,11,10,6,7
9715,0,0,0,0,0,0,0,0,0,0,0,0,0,0,0,0,0,0,0,0,0
9716,0,0,0,0,0,0,0,0,0,0,0,0,0,0,0,0,0,0,0,0,0
9717,0,0,0,0,0,0,0,0,0,0,0,0,0,0,0,0,0,0,0,0,0
9718,0,0,0,0,0,0,0,0,0,0,0,0,0,0,0,0,0,0,0,0,0
9719,8,9,10,13,13,12,9,8,9,10,13,13,12,9,8,9,10,12,12,12,9
9720,0,0,0,0,0,0,0,0,0,0,0,0,0,0,0,0,0,0,0,0,0
9721,0,0,0,0,0,0,0,0,0,0,0,0,0,0,0,0,0,0,0,0,0
9722,0,0,0,0,0,0,0,0,0,0,0,0,0,0,0,0,0,0,0,0,0
9723,2,2,1,1,1,1,1,1,1,1,1,1,1,1,1,1,1,1,1,1,1
9724,4,4,3,3,3,3,3,4,4,3,3,3,2,3,3,3,3,2,2,2,2
9725,4,4,3,3,3,3,3,4,4,3,3,3,3,3,4,4,3,3,3,3,3
9726,1,1,1,1,1,1,1,1,1,1,1,1,1,1,1,2,1,1,1,1,1
9727,14,14,13,12,11,9,11,13,13,13,12,11,8,11,13,13,13,11,10,8,10
9728,0,0,0,0,0,0,0,0,0,0,0,0,0,0,0,0,0,0,0,0,0
9729,10,9,8,7,6,6,7,8,8,8,7,6,6,7,8,8,7,6,5,5,6
9730,1,1,1,1,1,1,1,1,1,1,1,1,1,1,1,1,1,1,1,1,1
9731,2,2,2,2,2,2,2,2,2,2,2,2,2,2,2,2,2,2,2,2,2
9732,14,14,13,12,11,11,11,14,14,14,14,13,12,12,15,15,15,13,12,12,13
9733,0,0,0,0,0,0,0,0,0,0,0,0,0,0,0,0,0,0,0,0,0
9734,3,3,2,2,2,2,2,3,3,2,2,2,2,2,3,3,2,2,2,2,2
9735,2,2,2,1,1,1,1,2,2,2,1,1,1,1,2,2,2,1,1,1,1
9736,6,7,7,6,6,6,6,7,7,7,6,5,5,5,6,7,6,5,5,5,5
9737,6,7,7,6,5,5,6,7,7,7,6,5,5,6,6,7,7,6,5,5,6
9738,15,17,16,15,13,11,11,13,16,16,15,13,11,10,13,15,15,14,12,10,10
9739,0,0,0,0,0,0,0,0,0,0,0,0,0,0,0,0,0,0,0,0,0
9740,2,2,2,1,1,1,1,2,1,2,1,1,1,1,2,1,1,1,1,1,1
9741,0,0,0,0,0,0,0,0,0,0,0,0,0,0,0,0,0,0,0,0,0
9742,0,0,0,0,0,0,0,0,0,0,0,0,0,0,0,0,0,0,0,0,0
9743,33,31,28,25,24,25,28,33,34,32,30,28,26,28,34,36,34,31,29,31,38
9744,1,1,1,1,1,1,1,1,1,1,1,1,1,1,1,1,1,1,1,1,1
9745,3,2,2,1,1,1,1,2,2,1,1,1,1,1,2,1,1,1,1,1,1
9746,1,0,0,0,0,0,0,1,0,0,0,0,0,0,1,0,0,0,0,0,0
9747,6,6,6,5,4,4,5,6,6,6,5,4,4,5,6,6,6,5,4,4,5
9748,1,1,1,1,1,1,1,1,1,1,1,1,1,1,1,1,1,1,1,1,1
9749,1,1,1,1,1,1,1,1,1,1,1,1,1,1,1,1,1,1,1,1,1
9750,9,9,8,8,7,7,7,8,8,8,8,7,7,7,8,8,8,7,7,7,8
9751,0,0,0,0,0,0,0,0,0,0,0,0,0,0,0,0,0,0,0,0,0
9752,0,0,0,0,0,0,0,0,0,0,0,0,0,0,0,0,0,0,0,0,0
9753,0,0,1,1,1,1,1,1,1,1,1,1,1,1,1,1,1,1,1,1,1
9754,0,0,0,0,0,0,0,0,0,0,0,0,0,0,0,0,0,0,0,0,0
9755,0,0,0,1,0,0,0,0,0,0,1,0,0,0,0,0,0,1,0,0,0
9756,0,0,0,0,0,0,0,0,0,0,0,0,0,0,0,0,0,0,0,0,0
9757,0,0,0,0,0,0,0,0,0,0,0,0,0,0,0,0,0,0,0,0,0
9758,0,0,0,0,0,0,0,0,0,0,0,0,0,0,0,0,0,0,0,0,0
9759,0,0,0,0,0,0,0,0,0,0,0,0,0,0,0,0,0,0,0,0,0
9760,0,0,0,0,0,0,0,0,0,0,0,0,0,0,0,0,0,0,0,0,0
9761,0,0,0,0,0,0,0,0,0,0,0,0,0,0,0,0,0,0,0,0,0
9762,0,0,0,0,0,0,0,0,0,0,0,0,0,0,0,0,0,0,0,0,0
9763,0,0,0,0,0,0,0,0,0,0,0,0,0,0,0,0,0,0,0,0,0
9764,0,0,0,0,0,0,0,0,0,0,0,0,0,0,0,0,0,0,0,0,0
9765,0,0,0,0,0,0,0,0,0,0,0,0,0,0,0,0,0,0,0,0,0
9766,2,2,1,1,1,1,1,1,1,1,1,1,1,1,1,1,1,1,1,1,1
9767,1,1,1,1,1,1,1,1,1,1,1,1,1,1,1,1,1,1,1,1,1
9768,0,0,0,0,0,0,0,0,0,0,0,0,0,0,0,0,0,0,0,0,0
9769,0,0,0,0,0,0,0,0,0,0,0,0,0,0,0,0,0,0,0,0,0
9770,1,1,1,1,1,1,1,1,1,1,1,1,0,0,1,1,0,0,0,0,0
9771,0,0,0,0,0,0,0,0,0,0,0,0,0,0,0,0,0,0,0,0,0
9772,0,0,0,0,0,0,0,0,0,0,0,0,0,0,0,0,0,0,0,0,0
9773,2,2,2,2,2,2,1,1,1,2,2,2,2,1,1,1,2,2,2,2,1
9774,11,11,11,12,12,9,8,10,10,10,10,10,8,7,9,9,8,9,9,7,7
9775,1,1,1,1,1,1,1,1,1,1,1,1,1,1,1,1,1,1,1,1,1
9776,5,5,5,6,7,6,5,5,5,5,6,6,5,4,4,4,4,5,5,4,3
9777,4,4,5,5,4,4,4,4,5,5,5,4,3,3,4,4,4,4,3,3,3
9778,16,17,18,17,15,13,14,17,20,18,17,13,11,11,13,14,14,12,10,9,9
9779,0,0,0,1,0,0,0,0,0,0,1,0,0,0,0,0,0,1,0,0,0
9780,5,5,5,5,5,4,4,5,5,6,5,5,4,4,4,5,5,5,4,4,4
9781,2,3,3,3,3,3,2,3,3,3,3,3,3,2,3,3,3,3,3,3,2
9782,5,5,5,4,4,4,4,5,5,5,4,4,4,3,4,5,4,4,3,4,4
9783,0,0,0,0,0,0,0,0,0,0,0,0,0,0,0,0,0,0,0,0,0
9784,1,1,2,2,2,2,2,2,2,2,2,2,2,2,2,2,2,2,2,2,2
9785,0,0,0,0,0,0,0,0,0,0,0,0,0,0,0,0,0,0,0,0,0
9786,0,0,0,0,0,0,0,0,0,0,0,0,0,0,0,0,0,0,0,0,0
9787,0,0,1,1,0,0,1,1,1,1,1,1,1,1,1,1,1,1,1,1,1
9788,3,3,4,4,4,3,2,3,3,3,4,3,3,1,2,2,2,3,3,3,1
9789,0,0,0,0,0,0,0,0,0,0,0,0,0,0,0,0,0,0,0,0,0
9790,0,0,0,0,0,0,0,0,0,0,0,0,0,0,0,0,0,0,0,0,0
9791,0,0,0,0,0,0,0,0,0,0,0,0,0,0,0,0,0,0,0,0,0
9792,0,0,0,0,0,0,0,0,0,0,0,0,0,0,0,0,0,0,0,0,0
9793,3,3,3,3,2,2,3,3,3,3,3,2,2,3,3,3,3,3,2,2,3
9794,97,100,93,81,73,65,72,81,87,81,73,65,61,67,83,92,90,83,77,74,85
9795,3,3,2,2,2,2,2,3,3,2,2,2,2,2,3,3,2,2,2,2,2
9796,280,273,252,218,191,180,202,222,246,231,207,190,191,208,242,260,266,253,239,228,255
9797,47,41,35,30,26,22,21,22,22,21,20,17,14,13,13,12,11,11,10,9,9
9798,5,6,6,6,6,5,5,5,6,6,6,6,5,5,5,6,6,6,6,5,5
9799,164,193,195,176,165,154,146,162,192,193,175,164,154,147,162,192,193,175,164,154,147
9800,0,0,0,0,0,0,0,0,0,0,0,0,0,0,0,0,0,0,0,0,0
9801,5,5,5,4,4,4,4,5,5,5,4,4,4,4,5,5,5,4,4,4,4
9802,8,9,10,10,8,5,5,8,9,10,10,8,5,5,8,9,10,10,8,5,5
9803,2,2,2,2,2,2,2,2,2,2,2,2,2,2,2,2,2,2,2,2,2
9804,0,0,0,0,0,0,0,0,0,0,0,0,0,0,0,0,0,0,0,0,0
9805,4,7,4,4,3,4,4,4,7,4,4,3,4,4,4,7,5,4,3,4,5
9806,3,3,2,1,1,1,2,2,2,1,1,1,1,2,2,2,1,1,1,1,2
9807,1,1,2,1,1,1,1,1,1,2,2,2,1,1,1,1,2,1,2,1,1
9808,1,1,1,1,1,1,1,1,1,1,1,1,1,1,1,1,1,1,1,1,1
9809,1,1,1,1,1,1,1,1,1,1,1,1,1,1,1,1,1,1,1,1,1
9810,3,3,2,2,2,1,2,2,2,2,2,2,2,2,2,2,2,2,2,1,2
9811,0,0,0,0,0,0,0,0,0,0,0,0,0,0,0,0,0,0,0,0,0
9812,0,0,0,0,0,0,0,0,0,0,0,0,0,0,0,0,0,0,0,0,0
9813,7,7,6,6,6,6,6,7,7,6,6,6,6,6,7,7,6,6,6,6,6
9814,1,1,0,1,1,1,1,1,1,0,1,1,1,1,1,1,0,1,1,1,1
9815,0,0,0,0,0,0,0,0,0,0,0,0,0,0,0,0,0,0,0,0,0
9816,0,0,0,0,0,0,0,0,0,0,0,0,0,0,0,0,0,0,0,0,0
9817,0,0,0,0,0,0,0,0,0,0,0,0,0,0,0,0,0,0,0,0,0
9818,1,2,2,2,2,1,1,1,2,2,2,2,1,1,1,2,2,2,2,1,1
9819,2,1,1,1,1,1,1,1,1,1,1,1,1,1,1,1,1,1,1,1,1
9820,0,0,0,0,0,0,0,0,0,0,0,0,0,0,0,0,0,0,0,0,0
9821,0,0,0,0,0,0,0,0,0,0,0,0,0,0,0,0,0,0,0,0,0
9822,0,0,0,0,0,0,0,0,0,0,0,0,0,0,0,0,0,0,0,0,0
9823,1,1,1,1,1,1,0,1,1,1,1,1,1,0,1,1,1,1,1,1,1
9824,1,1,1,1,1,1,1,1,1,1,1,1,1,1,1,1,1,1,1,1,1
9825,1,2,2,2,2,2,5,2,2,2,2,2,2,5,2,2,2,3,3,3,6
9826,3,2,2,1,1,1,1,1,1,1,1,0,0,0,0,0,0,0,0,0,0
9827,15,15,15,14,14,14,15,16,16,15,12,11,11,13,14,14,14,14,14,14,16
9828,0,0,0,0,0,0,0,0,0,0,0,0,0,0,0,0,0,0,0,0,0
9829,0,1,1,1,1,1,1,1,1,1,1,1,1,1,1,1,1,1,1,1,1
9830,1,1,1,1,1,1,1,1,1,1,2,1,1,1,1,2,2,2,2,1,1
9831,2,2,2,2,2,2,1,2,2,2,2,2,2,1,2,2,2,2,2,2,1
9832,0,0,0,0,0,0,0,0,0,0,0,0,0,0,0,0,0,0,0,0,0
9833,17,24,27,17,21,15,10,17,24,27,17,21,15,10,17,24,27,17,21,15,10
9834,38,36,34,29,28,27,29,34,35,35,33,31,28,30,35,35,34,31,30,29,33
9835,16,16,14,13,12,11,12,12,13,12,11,11,10,10,11,12,11,11,10,10,11
9836,0,0,0,0,0,0,0,0,0,0,0,0,0,0,0,0,0,0,0,0,0
9837,2,3,3,2,2,1,2,2,3,3,2,2,1,2,2,3,3,2,2,1,2
9838,1,1,1,1,1,1,1,1,1,1,1,1,1,1,1,1,1,1,1,1,1
9839,0,0,0,0,0,0,0,0,0,0,0,0,0,0,0,0,0,0,0,0,0
9840,0,0,0,0,0,0,0,0,0,0,0,0,0,0,0,0,0,0,0,0,0
9841,0,0,1,1,0,0,0,0,0,1,1,0,0,0,0,0,1,1,1,0,0
9842,0,0,0,0,0,0,0,0,0,0,0,0,0,0,0,0,0,0,0,0,0
9843,0,0,0,0,0,0,0,0,0,0,0,0,0,0,0,0,0,0,0,0,0
9844,10,9,9,8,8,7,7,10,9,9,8,8,7,7,10,9,9,8,8,7,7
9845,3,4,6,5,5,3,2,4,5,6,5,5,3,2,3,4,5,5,4,3,2
9846,0,0,0,0,0,0,0,0,0,0,0,0,0,0,0,0,0,0,0,0,0
9847,1,1,0,0,0,0,0,0,0,0,0,0,0,0,0,0,0,0,0,0,0
9848,1,1,1,1,1,1,1,1,1,1,1,1,1,1,1,1,1,1,1,1,1
9849,0,0,0,0,0,0,0,0,0,0,0,0,0,0,0,0,0,0,0,0,0
9850,0,0,0,0,0,0,0,0,0,0,0,0,0,0,0,0,0,0,0,0,0
9851,0,0,0,0,0,0,0,0,0,0,0,0,0,0,0,0,0,0,0,0,0
9852,15,14,14,12,11,11,10,12,13,14,12,10,10,10,12,12,13,11,10,10,9
9853,22,23,23,20,18,16,16,19,20,21,18,17,15,15,18,19,20,18,16,15,15
9854,0,0,0,0,0,0,0,0,0,0,0,0,0,0,0,0,0,0,0,0,0
9855,24,28,27,21,20,18,19,23,26,25,20,18,17,17,21,25,24,19,18,17,17
9856,7,7,7,6,6,5,5,6,6,6,5,4,3,4,4,4,4,3,3,2,3
9857,1,1,1,1,1,1,1,1,1,1,1,1,1,1,1,1,1,1,1,1,1
9858,1,1,2,2,1,1,1,1,1,2,2,1,1,1,1,1,2,2,1,1,1
9859,18,23,23,20,17,16,18,22,28,28,25,21,18,20,24,29,28,23,19,19,21
9860,18,19,18,15,13,12,13,14,15,15,13,12,11,12,13,14,14,12,11,10,11
9861,0,0,0,0,0,0,0,0,0,0,0,0,0,0,0,0,0,0,0,0,0
9862,3,4,4,3,3,2,3,3,4,4,3,3,3,3,3,4,4,4,3,3,3
9863,2,3,3,2,2,2,2,3,3,3,2,2,2,2,3,3,3,2,2,2,2
9864,3,3,3,3,3,2,3,3,3,3,3,3,2,3,3,3,3,3,3,2,3
9865,1,2,2,2,1,1,2,2,2,2,2,2,2,2,2,2,2,2,2,2,2
9866,8,7,7,6,5,5,4,5,6,7,5,5,4,4,5,5,6,5,5,4,4
9867,26,25,25,22,22,21,21,25,27,27,25,23,22,23,26,27,28,24,23,22,22
9868,4,4,4,3,3,3,2,3,3,4,3,3,2,2,3,3,3,3,2,2,2
9869,0,0,0,0,0,0,0,0,0,0,0,0,0,0,0,0,0,0,0,0,0
9870,0,0,0,0,0,0,0,0,0,0,0,0,0,0,0,0,0,0,0,0,0
9871,0,0,0,0,0,0,0,0,0,0,0,0,0,0,0,0,0,0,0,0,0
9872,0,0,0,0,0,0,0,0,0,0,0,0,0,0,0,0,0,0,0,0,0
9873,0,0,0,0,0,0,0,0,0,0,0,0,0,0,0,0,0,0,0,0,0
9874,0,0,0,0,0,0,0,0,0,0,0,0,0,0,0,0,0,0,0,0,0
9875,0,0,0,0,0,0,0,0,0,0,0,0,0,0,0,0,0,0,0,0,0
9876,0,0,0,0,0,0,0,0,0,0,0,0,0,0,0,0,0,0,0,0,0
9877,0,0,0,0,0,0,0,0,0,0,0,0,0,0,0,0,0,0,0,0,0
9878,33,34,35,36,32,32,31,33,34,35,36,32,32,31,33,34,35,36,32,32,31
9879,1,1,1,1,1,1,2,1,1,1,1,1,1,2,1,1,1,1,1,1,2
9880,0,0,0,0,0,0,0,0,0,0,0,0,0,0,0,0,0,0,0,0,0
9881,1,1,1,1,1,1,1,1,1,1,1,1,1,1,1,1,1,1,1,1,1
9882,1,2,2,2,2,1,1,1,2,2,2,2,1,1,1,2,2,2,2,1,1
9883,1,2,1,1,1,1,1,2,2,1,1,1,1,1,1,2,1,1,1,1,1
9884,1,1,1,1,1,1,1,1,1,1,1,1,1,1,1,1,1,1,1,1,1
9885,12,12,13,13,12,11,11,12,13,14,13,12,11,10,11,12,12,12,11,10,9
9886,3,2,2,2,2,2,2,2,2,2,1,1,1,1,1,2,1,1,1,1,2
9887,4,4,4,4,4,3,3,4,4,4,4,3,3,3,3,3,3,3,3,3,3
9888,2,2,2,3,2,2,2,2,2,2,3,2,2,2,2,2,2,3,2,2,2
9889,35,38,41,33,28,21,20,26,28,32,27,23,17,17,22,24,29,25,22,17,19
9890,6,4,3,2,2,1,1,1,1,1,1,1,1,0,1,0,0,0,0,0,1
9891,1,1,1,1,1,1,1,1,1,1,1,1,1,1,1,1,1,1,1,1,1
9892,1,1,1,1,1,1,1,1,1,1,1,1,1,1,1,1,1,1,1,1,1
9893,5,5,6,5,5,5,5,6,6,6,6,5,5,5,5,5,5,5,4,4,4
9894,3,2,2,1,1,1,2,1,1,1,1,1,1,1,1,1,1,1,1,1,2
9895,0,0,0,0,0,0,0,0,0,0,0,0,0,0,0,0,0,0,0,0,0
9896,3,2,2,2,1,1,1,2,2,2,1,1,1,1,2,2,2,1,1,1,1
9897,13,13,14,13,11,10,11,12,13,14,13,11,9,9,10,10,10,9,7,6,7
9898,8,8,7,6,6,5,5,7,7,7,6,5,4,5,6,7,7,6,5,4,5
9899,35,37,37,33,29,26,28,36,41,40,36,30,27,30,36,38,37,34,29,26,30
9900,9,9,8,6,6,6,7,7,8,8,6,6,6,7,7,8,8,6,6,6,7
9901,20,26,28,26,22,18,18,22,27,28,25,21,17,17,21,24,25,22,18,15,15
9902,494,503,541,511,459,404,388,501,572,637,603,533,478,486,739,961,1285,1257,1311,1400,1720
9903,38,42,47,40,34,28,30,38,42,47,40,34,28,29,38,42,47,40,34,28,30
9904,24,27,29,25,23,20,20,27,30,30,27,22,20,20,25,26,26,22,19,17,16
9905,14,14,18,16,12,7,7,10,11,15,14,11,6,6,9,10,14,13,10,6,5
9906,3,3,3,2,2,2,2,2,3,2,2,2,2,2,2,2,2,2,1,1,2
9907,1,1,1,1,0,0,0,1,1,1,1,0,0,0,1,1,1,1,0,0,0
9908,19,16,14,11,11,11,13,17,16,15,13,12,11,12,17,16,15,12,12,13,15
9909,0,0,0,0,0,0,0,0,0,0,0,0,0,0,0,0,0,0,0,0,0
9910,16,14,12,11,11,12,13,16,16,16,15,14,13,14,18,18,18,17,15,16,17
9911,0,0,0,0,0,0,0,0,0,0,0,0,0,0,0,0,0,0,0,0,0
9912,0,0,0,0,0,0,0,0,0,0,0,0,0,0,0,0,0,0,0,0,0
9913,0,0,0,6,1,0,0,0,0,0,6,1,0,0,0,0,0,6,0,0,0
9914,0,0,0,0,0,0,0,0,0,0,0,0,0,0,0,0,0,0,0,0,0
9915,0,0,0,0,0,0,0,0,0,0,0,0,0,0,0,0,0,0,0,0,0
9916,1,1,1,1,1,1,1,1,1,1,1,1,1,1,1,1,1,1,1,1,1
9917,13,15,15,13,11,10,10,13,15,15,13,11,10,10,13,15,15,13,11,10,10
9918,2,3,3,3,2,2,2,2,3,3,3,2,2,2,2,3,3,3,2,2,2
9919,6,7,7,6,5,5,5,6,7,7,6,5,5,5,6,7,7,6,5,5,5
9920,0,0,0,0,0,0,0,0,0,0,0,0,0,0,0,0,0,0,0,0,0
9921,0,0,0,0,0,0,0,0,0,0,0,0,0,0,0,0,0,0,0,0,0
9922,0,0,0,0,0,0,0,0,0,0,0,0,0,0,0,0,0,0,0,0,0
9923,0,0,0,0,0,0,0,0,0,0,0,0,0,0,0,0,0,0,0,0,1
9924,0,0,0,0,0,0,0,0,0,0,0,0,0,0,0,0,0,0,0,0,0
9925,0,0,1,1,1,1,1,1,1,1,1,1,1,1,1,1,1,1,1,1,1
9926,1,1,1,0,0,1,0,1,1,1,0,0,1,0,1,1,1,0,0,1,0
9927,7,7,7,6,6,6,7,7,7,7,6,6,6,7,7,7,7,6,7,7,7
9928,0,0,0,0,0,0,0,0,0,0,0,0,0,0,0,0,0,0,0,0,0
9929,15,11,12,14,14,14,12,15,11,12,14,14,14,12,15,11,12,14,14,14,12
9930,2,1,1,0,0,0,1,1,1,1,0,0,0,0,0,0,0,0,0,0,0
9931,7,6,11,17,19,16,23,7,6,11,17,19,16,23,7,6,11,17,19,16,23
9932,0,2,2,2,0,0,0,0,2,2,2,0,0,0,0,2,2,2,0,0,0
9933,0,1,1,1,0,1,0,0,1,1,1,0,0,0,0,1,1,1,0,0,0
9934,0,0,0,0,0,0,0,0,0,0,0,0,0,0,0,0,0,0,0,0,0
9935,0,0,0,0,0,0,0,0,0,0,0,0,0,0,0,0,0,0,0,0,0
9936,0,0,0,0,0,0,0,0,0,0,0,0,0,0,0,0,0,0,0,0,0
9937,0,0,0,0,0,0,0,0,0,0,0,0,0,0,0,0,0,0,0,0,0
9938,0,0,0,0,0,0,0,0,0,0,0,0,0,0,0,0,0,0,0,0,0
9939,0,0,0,0,0,0,0,0,0,0,0,0,0,0,0,0,0,0,0,0,0
9940,0,0,0,0,0,0,0,0,0,0,0,0,0,0,0,0,0,0,0,0,0
9941,0,0,0,0,0,0,0,0,0,0,0,0,0,0,0,0,0,0,0,0,0
9942,0,0,0,0,0,0,0,0,0,0,0,0,0,0,0,0,0,0,0,0,0
9943,0,0,0,0,0,0,0,0,0,0,0,0,0,0,0,0,0,0,0,0,0
9944,33,37,36,35,31,31,28,34,39,36,36,31,31,28,33,37,34,33,29,29,26
9945,7,9,9,10,10,8,8,7,9,9,10,10,8,8,7,9,9,10,10,8,8
9946,0,0,0,0,0,0,0,0,0,0,0,0,0,0,0,0,0,0,0,0,0
9947,0,0,0,0,0,0,0,0,0,0,0,0,0,0,0,0,0,0,0,0,0
9948,0,0,0,0,0,0,0,0,0,0,0,0,0,0,0,0,0,0,0,0,0
9949,0,0,0,0,0,0,0,0,0,0,0,0,0,0,0,0,0,0,0,0,0
9950,0,0,0,0,0,0,0,0,0,0,0,0,0,0,0,0,0,0,0,0,0
9951,5,5,5,5,5,4,4,5,5,5,5,5,4,4,5,5,5,5,4,3,3
9952,18,15,13,11,9,9,9,10,11,10,9,8,7,7,8,8,9,8,7,6,6
9953,2,2,3,2,2,2,2,2,2,3,2,2,2,2,2,2,3,2,2,2,2
9954,2,2,3,2,2,2,2,3,3,3,3,2,2,2,3,3,3,3,2,2,3
9955,0,0,0,0,0,0,0,0,0,0,0,0,0,0,0,0,0,0,0,0,0
9956,0,0,0,0,0,0,0,0,0,0,0,0,0,0,0,0,0,0,0,0,0
9957,19,18,18,17,16,15,15,16,17,17,17,16,14,15,16,16,17,16,15,14,14
9958,0,0,0,0,0,0,0,0,0,0,0,0,0,0,0,0,0,0,0,0,0
9959,0,0,0,0,0,0,0,0,0,0,0,0,0,0,0,0,0,0,0,0,0
9960,0,0,0,0,0,0,0,0,0,0,0,0,0,0,0,0,0,0,0,0,0
9961,0,0,0,0,0,0,0,0,0,0,0,0,0,0,0,0,0,0,0,0,0
9962,0,0,0,0,0,0,0,0,0,0,0,0,0,0,0,0,0,0,0,0,0
9963,0,0,0,0,0,0,0,0,0,0,0,0,0,0,0,0,0,0,0,0,0
9964,0,0,0,0,0,0,0,0,0,0,0,0,0,0,0,0,0,0,0,0,0
9965,0,0,0,0,0,0,0,0,0,0,0,0,0,0,0,0,0,0,0,0,0
9966,0,0,0,0,0,0,0,0,0,0,0,0,0,0,0,0,0,0,0,0,0
9967,1,0,0,0,0,0,0,1,0,0,1,0,0,0,1,0,0,1,0,0,0
9968,1,1,1,1,1,1,1,1,1,1,1,1,1,1,1,1,1,1,1,1,1
9969,0,0,0,0,0,0,0,0,0,0,0,0,0,0,0,0,0,0,0,0,0
9970,0,0,0,0,0,0,0,0,0,0,0,0,0,0,0,0,0,0,0,0,0
9971,0,0,0,0,0,0,0,0,0,0,0,0,0,0,0,0,0,0,0,0,0
9972,4,4,4,3,3,3,3,4,4,4,3,3,3,3,4,4,4,3,3,3,3
9973,18,19,19,17,16,15,15,17,18,17,15,14,13,13,13,13,12,11,10,9,10
9974,1,1,2,1,1,1,1,1,1,2,1,1,1,1,1,1,2,1,1,1,1
9975,0,1,0,1,0,0,0,0,0,0,1,0,0,0,0,1,0,1,1,0,0
9976,2,2,1,1,2,2,1,2,1,1,1,1,1,1,2,1,1,1,1,2,1
9977,22,15,13,12,13,15,18,21,22,20,18,16,18,18,18,15,12,10,8,7,8
9978,0,0,0,0,0,0,0,0,0,0,0,0,0,0,0,0,0,0,0,0,0
9979,1,1,1,1,1,1,1,1,1,1,1,1,1,1,1,1,1,1,1,1,1
9980,1,1,1,1,1,1,1,1,1,1,1,1,1,1,1,1,1,1,1,1,1
9981,1,1,1,0,0,0,0,0,0,0,0,0,0,0,0,0,0,0,0,0,0
9982,0,0,0,0,0,0,0,0,0,0,0,0,0,0,0,0,0,0,0,0,0
9983,1,1,1,2,1,1,1,1,2,2,2,1,1,1,1,1,1,1,1,1,1
9984,11,13,12,13,11,10,9,11,13,13,13,11,10,9,11,13,13,13,11,10,9
9985,2,2,2,1,1,1,1,2,2,2,1,1,1,1,2,2,2,1,1,1,1
9986,2,3,4,5,5,4,3,2,3,4,5,5,4,3,2,3,4,5,5,4,3
9987,90,113,112,78,84,64,97,90,113,112,78,84,64,97,90,113,112,78,84,64,97
9988,71,71,75,58,77,73,58,71,71,75,58,77,73,58,71,71,75,58,77,73,58
9989,10,6,7,0,0,0,4,10,6,7,0,0,0,4,10,6,7,0,0,0,4
9990,0,0,0,0,0,0,0,0,0,0,0,0,0,0,0,0,0,0,0,0,0
9991,14,7,14,5,2,3,12,15,8,14,5,2,2,12,15,8,14,4,2,2,11
9992,1,1,1,1,1,1,0,1,1,1,1,1,1,0,1,1,1,1,1,1,0
9993,18,10,18,0,0,1,13,18,10,18,0,0,1,13,18,10,18,0,0,1,13
9994,2,1,2,1,1,1,1,2,1,2,1,1,1,1,2,1,2,1,1,1,1
9995,0,0,0,0,0,0,0,0,0,0,0,0,0,0,1,1,1,1,1,1,1
9996,0,0,0,2,0,0,0,0,0,0,2,0,0,0,0,0,0,2,0,0,0
9997,36,29,29,38,30,40,44,36,29,29,38,30,40,44,36,29,29,38,30,40,44
9998,0,0,0,9,11,0,0,0,0,0,9,11,0,0,0,0,0,9,11,0,0
9999,0,0,0,0,0,0,2,0,0,0,0,0,0,2,0,0,0,0,0,0,2
10000,0,0,0,0,0,0,0,0,0,0,0,0,0,0,0,0,0,0,0,0,0
10001,0,0,1,0,0,0,0,0,0,1,0,0,0,0,0,0,1,0,0,0,0
10002,2,1,0,0,0,0,0,2,1,0,0,0,0,0,2,1,0,0,0,0,0
10003,17,18,19,18,17,16,16,17,18,18,18,17,16,16,17,18,18,17,16,16,15
10004,91,95,95,86,78,71,77,87,94,83,74,67,66,73,81,87,87,80,72,69,74
10005,8,8,7,7,7,6,6,7,8,7,7,6,6,6,7,7,7,6,6,5,5
10006,0,0,0,0,0,0,0,0,0,0,0,0,0,0,0,0,0,0,0,0,0
10007,0,0,0,0,0,0,0,0,0,0,0,0,0,0,0,0,0,0,0,0,0
10008,0,0,0,0,0,0,0,0,0,0,0,0,0,0,0,0,0,0,0,0,0
10009,0,0,0,0,0,0,0,0,0,0,0,0,0,0,0,0,0,0,0,0,0
10010,0,0,0,0,0,0,0,0,0,0,0,0,0,0,0,0,0,0,0,0,0
10011,0,0,0,0,0,0,0,0,0,0,0,0,0,0,0,0,0,0,0,0,0
10012,1,1,1,1,1,1,1,1,1,1,1,1,1,0,1,1,1,1,1,1,0
10013,0,0,0,0,0,0,0,0,0,0,0,0,0,0,0,0,0,0,0,0,0
10014,0,0,0,0,0,0,0,0,0,0,0,0,0,0,0,0,0,0,0,0,0
10015,13,14,14,13,13,12,13,14,15,13,13,13,12,13,13,13,12,12,12,11,12
10016,0,0,0,0,0,0,0,0,0,0,0,0,0,0,0,0,0,0,0,0,0
10017,2,2,2,2,1,1,1,2,2,2,2,1,1,1,2,2,2,2,1,1,1
10018,1,1,1,1,1,1,1,1,1,1,1,1,1,1,1,1,1,1,1,1,1
10019,0,0,0,0,0,0,0,0,0,0,0,0,0,0,0,0,0,0,0,0,0
10020,0,0,0,0,0,0,0,0,0,0,0,0,0,0,0,0,0,0,0,0,0
10021,0,0,0,0,0,0,0,0,0,0,0,0,0,0,0,0,0,0,0,0,0
10022,0,0,0,0,0,0,0,0,0,0,0,0,0,0,0,0,0,0,0,0,0
10023,0,0,0,0,0,0,0,0,0,0,0,0,0,0,0,0,0,0,0,0,0
10024,3,3,4,3,3,3,3,3,3,4,3,3,3,3,3,3,4,3,3,3,3
10025,0,0,0,0,0,0,0,0,0,0,0,0,0,0,0,0,0,0,0,0,0
10026,3,3,2,2,2,2,2,2,2,2,2,1,1,2,2,2,2,1,1,1,1
10027,3,3,3,3,3,2,3,3,3,3,3,3,2,2,3,3,3,3,3,2,2
10028,2,3,3,3,2,2,2,2,3,3,3,2,2,2,2,3,3,3,2,2,2
10029,0,0,0,0,0,0,0,0,0,0,0,0,0,0,0,0,0,0,0,0,0
10030,1,1,1,1,1,1,1,1,1,1,1,1,1,1,1,1,1,1,1,1,1
10031,0,0,0,0,0,0,0,0,0,0,0,0,0,0,0,0,0,0,0,0,0
10032,0,0,0,0,0,0,0,0,0,0,0,0,0,0,0,0,0,0,0,0,0
10033,15,15,14,12,11,11,12,14,15,15,14,12,11,12,14,16,16,15,14,14,16
10034,1,1,1,1,1,1,1,1,1,1,1,1,1,1,1,2,2,1,1,1,1
10035,191,208,199,177,153,155,194,237,269,224,181,148,161,207,247,293,278,239,189,187,231
10036,6,7,8,7,6,6,7,8,9,9,8,7,7,8,9,11,11,9,8,9,11
10037,1,1,1,1,1,1,1,1,1,1,1,1,1,1,1,1,1,1,1,1,1
10038,1,1,1,1,1,1,1,1,1,1,1,1,1,1,1,2,1,1,1,1,1
10039,5,5,5,4,4,3,4,4,5,5,5,4,3,4,4,4,4,4,3,3,3
10040,0,0,0,0,0,0,0,0,0,0,0,0,0,0,0,0,0,0,0,0,0
10041,1,1,1,1,1,1,1,1,1,1,1,1,1,1,1,1,1,1,1,1,1
10042,11,12,12,10,9,8,8,10,12,12,10,9,7,8,10,12,12,10,9,7,8
10043,8,8,8,7,6,6,6,7,7,8,7,6,6,6,7,7,7,7,5,5,6
10044,8,8,7,6,5,5,6,6,6,6,6,5,5,5,5,6,6,5,5,5,5
10045,6,7,8,7,6,5,5,6,7,8,7,6,5,5,6,7,8,7,6,5,5
10046,7,8,9,8,7,6,6,7,9,9,8,7,6,6,7,8,9,8,7,6,6
10047,1,1,1,1,1,1,1,1,1,1,1,1,1,1,1,1,1,1,1,1,1
10048,0,0,0,0,0,0,0,0,0,0,0,0,0,0,0,0,0,0,0,0,0
10049,2,2,2,2,2,2,2,2,2,2,2,1,1,1,1,1,1,1,1,1,1
10050,0,0,0,0,0,0,0,0,0,0,0,0,0,0,0,0,0,0,0,0,0
10051,100,105,109,100,91,83,85,102,114,108,97,84,78,81,95,107,108,99,86,81,84
10052,20,21,22,19,17,16,18,20,22,22,20,18,16,17,20,23,24,22,20,19,21
10053,10,9,8,7,7,6,7,8,8,8,8,8,7,7,8,9,9,8,8,8,8
10054,1,2,2,1,1,2,1,2,2,2,1,1,1,1,2,2,2,1,1,2,1
10055,11,11,9,8,7,7,7,8,8,7,6,6,5,6,6,7,6,5,5,5,5
10056,0,0,0,0,0,0,0,0,0,0,0,0,0,0,0,0,0,0,0,0,0
10057,115,126,121,103,85,77,87,97,110,105,93,77,72,80,91,103,106,97,81,74,85
10058,4,4,5,5,3,3,3,4,4,5,5,3,3,2,4,4,5,5,3,3,2
10059,2,2,2,2,2,2,2,2,2,2,2,2,1,2,2,2,2,2,2,2,2
10060,4,5,5,5,4,3,3,4,5,5,5,4,3,3,4,5,5,5,4,3,3
10061,2,2,1,1,1,1,1,1,1,1,1,0,0,0,0,0,0,0,0,0,0
10062,4,3,3,3,3,2,2,3,3,3,3,2,2,2,2,2,2,2,2,2,2
10063,0,1,0,0,0,0,0,0,1,0,0,0,0,0,0,1,0,0,0,0,0
10064,3,2,2,1,1,1,1,1,2,1,1,1,1,1,1,1,1,1,1,1,1
10065,7,6,5,4,4,4,4,5,5,5,4,4,4,4,5,5,5,4,3,3,3
10066,1,1,1,1,1,0,1,1,1,1,1,1,0,1,1,1,1,1,1,0,1
10067,0,1,1,1,0,0,0,0,1,1,1,0,0,0,0,1,1,1,0,0,0
10068,0,0,0,0,0,0,0,0,0,0,0,0,0,0,0,0,0,0,0,0,0
10069,0,0,0,0,0,0,0,0,0,0,0,0,0,0,0,0,0,0,0,0,0
10070,0,0,0,0,0,0,0,0,0,0,0,0,0,0,0,0,0,0,0,0,0
10071,0,0,0,1,1,1,1,0,0,1,1,1,1,1,0,0,1,1,1,1,1
10072,0,0,0,0,0,0,0,0,0,0,0,0,0,0,0,0,0,0,0,0,0
10073,3,2,2,1,1,1,1,1,1,1,1,1,1,1,1,1,1,1,1,1,1
10074,0,0,0,0,0,0,0,0,0,0,0,0,0,0,0,0,0,0,0,0,0
10075,0,0,0,0,0,0,0,0,0,0,0,0,0,0,0,0,0,0,0,0,0
10076,0,0,0,0,0,0,0,0,0,0,0,0,0,0,0,0,0,0,0,0,0
10077,0,0,0,0,0,0,0,0,0,0,0,0,0,0,0,0,0,0,0,0,0
10078,0,0,0,0,0,0,0,0,0,0,0,0,0,0,0,0,0,0,0,0,0
10079,0,0,0,0,0,0,0,0,0,0,0,0,0,0,0,0,0,0,0,0,0
10080,0,0,0,0,0,0,0,0,0,0,0,0,0,0,0,0,0,0,0,0,0
10081,0,0,0,0,0,0,0,0,0,0,0,0,0,0,0,0,0,0,0,0,0
10082,0,0,0,0,0,0,0,0,0,0,0,0,0,0,0,0,0,0,0,0,0
10083,0,0,0,0,0,0,0,0,0,0,0,0,0,0,0,0,0,0,0,0,0
10084,1,1,1,1,1,1,1,1,1,1,1,1,1,1,1,1,1,1,1,1,1
10085,0,0,0,0,0,0,0,0,0,0,0,0,0,0,0,0,0,0,0,0,0
10086,0,0,0,0,0,0,0,0,0,0,0,0,0,0,0,0,0,0,0,0,0
10087,0,0,0,0,0,0,0,0,0,0,0,0,0,0,0,0,0,0,0,0,0
10088,0,0,0,0,0,0,0,0,0,0,0,0,0,0,0,0,0,0,0,0,0
10089,0,0,0,0,0,0,0,0,0,0,0,0,0,0,0,0,0,0,0,0,0
10090,0,0,0,0,0,0,0,0,0,0,0,0,0,0,0,0,0,0,0,0,0
10091,0,0,0,0,0,0,0,0,0,0,0,0,0,0,0,0,0,0,0,0,0
10092,0,0,0,0,0,0,0,0,0,0,0,0,0,0,0,0,0,0,0,0,0
10093,0,0,0,0,0,0,0,0,0,0,0,0,0,0,0,0,0,0,0,0,0
10094,0,0,0,0,0,0,0,0,0,0,0,0,0,0,0,0,0,0,0,0,0
10095,0,0,0,0,0,0,0,0,0,0,0,0,0,0,0,0,0,0,0,0,0
10096,0,0,0,0,0,0,0,0,0,0,0,0,0,0,0,0,0,0,0,0,0
10097,0,0,0,0,0,0,0,0,0,0,0,0,0,0,0,0,0,0,0,0,0
10098,0,0,0,0,0,0,0,0,0,0,0,0,0,0,0,0,0,0,0,0,0
10099,0,0,0,0,0,0,0,0,0,0,0,0,0,0,0,0,0,0,0,0,0
10100,1,1,1,1,1,1,1,1,1,1,1,1,1,1,1,1,1,1,1,1,1
10101,0,0,0,0,0,0,0,0,0,0,0,0,0,0,0,0,0,0,0,0,0
10102,0,0,0,0,0,0,0,0,0,0,0,0,0,0,0,0,0,0,0,0,0
10103,0,0,0,0,0,0,0,0,0,0,0,0,0,0,0,0,0,0,0,0,0
10104,0,0,0,0,0,0,0,0,0,0,0,0,0,0,0,0,0,0,0,0,0
10105,17,16,14,13,13,12,13,14,13,12,11,11,10,11,12,11,10,10,10,10,10
10106,18,17,16,15,13,14,15,16,16,16,14,13,13,15,16,16,15,14,13,13,14
10107,3,3,3,2,2,2,2,3,3,3,2,2,2,2,2,3,2,2,2,2,2
10108,10,10,9,9,8,8,8,10,10,9,9,8,8,8,10,10,9,9,8,8,8
10109,10,10,9,8,7,7,8,10,10,9,8,7,7,8,10,10,9,8,7,7,8
10110,10,11,11,11,13,10,10,10,11,11,11,13,10,10,10,11,11,11,13,10,10
10111,1,1,1,1,1,1,1,1,1,1,1,1,1,1,1,1,1,1,1,1,1
10112,1,1,2,1,1,1,1,1,1,2,1,1,1,1,1,1,2,1,1,1,1
10113,18,17,16,14,13,12,12,13,14,14,13,12,11,12,13,14,14,13,13,11,12
10114,2,2,3,2,2,2,2,3,3,3,3,2,2,2,3,3,3,3,2,2,2
10115,1,2,2,2,2,2,2,2,2,2,2,2,2,2,2,2,2,2,2,2,2
10116,0,0,0,0,0,0,0,0,0,0,0,0,0,0,0,0,0,0,0,0,0
10117,2,3,3,3,3,2,2,3,3,3,3,3,3,3,3,3,3,3,3,3,3
10118,0,0,0,0,0,0,0,0,0,0,0,0,0,0,0,0,0,0,0,0,0
10119,2,2,2,2,1,1,1,1,2,2,2,1,1,1,1,2,2,2,1,1,2
10120,8,9,8,7,6,5,6,7,9,8,7,6,5,6,7,8,7,7,6,5,6
10121,2,2,3,2,2,3,3,3,3,3,3,3,3,3,3,3,3,3,3,3,3
10122,0,0,0,0,0,0,0,0,0,0,0,0,0,0,0,0,0,0,0,0,0
10123,6,6,5,4,4,3,3,4,5,5,4,4,3,3,4,5,5,4,4,3,3
10124,0,1,1,1,1,1,1,0,1,1,1,1,1,1,0,1,1,1,1,1,1
10125,0,0,0,0,0,0,0,0,0,0,0,0,0,0,0,0,0,0,0,0,0
10126,1,1,1,0,0,0,1,1,1,1,0,0,0,1,1,1,1,0,0,0,1
10127,1,1,1,1,1,1,1,1,1,1,1,1,1,1,1,1,1,1,1,1,1
10128,39,42,37,33,27,28,30,35,38,34,31,24,26,29,34,36,32,29,23,25,27
10129,12,11,10,8,7,6,7,8,9,9,7,6,6,6,8,9,9,7,6,6,6
10130,15,16,15,13,12,11,12,12,13,13,11,10,10,10,11,12,11,10,9,9,9
10131,3,3,4,4,4,3,3,4,4,4,4,4,3,3,3,3,4,4,3,3,3
10132,0,0,0,0,0,0,0,0,0,0,0,0,0,0,0,0,0,0,0,0,0
10133,0,0,0,0,0,0,0,0,0,0,0,0,0,0,0,0,0,0,0,0,0
10134,0,0,0,0,0,0,0,0,0,0,0,0,0,0,0,0,0,0,0,0,0
10135,4,4,4,4,3,3,4,4,4,4,3,3,3,3,4,4,4,3,3,3,3
10136,6,7,7,6,5,5,6,7,7,8,6,6,5,6,7,7,7,6,5,5,5
10137,1,1,1,0,0,0,1,1,1,1,0,0,0,1,1,1,1,0,1,1,1
10138,5,4,4,4,3,4,4,5,4,4,4,3,4,4,5,4,4,4,4,4,5
10139,7,8,7,6,5,5,4,6,7,7,6,5,5,4,6,7,7,6,5,5,4
10140,0,0,0,0,0,0,0,0,0,0,0,0,0,0,0,0,0,0,0,0,0
10141,0,0,0,0,0,0,0,0,0,0,0,0,0,0,0,0,0,0,0,0,0
10142,6,7,8,5,5,5,5,6,7,8,5,5,5,5,6,7,8,5,5,5,5
10143,3,3,3,2,2,2,2,3,3,3,2,2,2,2,3,3,3,2,2,2,2
10144,2,2,2,2,2,1,1,2,2,2,2,2,1,1,2,2,2,2,2,1,1
10145,12,14,16,14,12,10,10,11,13,16,14,12,10,9,11,13,15,14,12,10,9
10146,0,0,0,0,0,0,0,0,0,0,0,0,0,0,0,0,0,0,0,0,0
10147,0,0,0,0,0,0,0,0,0,0,0,0,0,0,0,0,0,0,0,0,0
10148,0,0,0,0,0,0,0,0,0,0,1,0,0,0,0,0,0,0,0,0,0
10149,1,1,1,1,1,1,1,1,1,1,1,1,1,1,1,1,1,1,1,1,1
10150,1,2,2,2,1,2,2,2,2,2,2,2,2,2,2,2,2,2,2,2,2
10151,3,3,3,2,2,2,3,3,4,3,2,2,2,3,3,3,3,2,2,2,3
10152,0,1,0,0,0,0,0,0,1,1,0,0,0,0,0,1,1,0,0,0,0
10153,7,7,7,8,6,6,5,7,7,7,8,6,6,5,7,7,7,8,6,6,5
10154,0,0,0,0,0,0,0,0,0,0,0,0,0,0,0,0,0,0,0,0,0
10155,1,2,1,1,1,1,1,2,2,1,1,1,1,1,1,2,1,1,1,1,1
10156,0,0,0,0,0,0,0,0,0,0,0,0,0,0,0,0,0,0,0,0,0
10157,1,1,1,1,1,1,1,1,1,1,1,1,1,1,1,1,1,1,1,1,1
10158,0,0,0,0,0,0,0,0,0,0,0,0,0,0,0,0,0,0,0,0,0
10159,0,0,0,0,0,0,0,0,0,0,0,0,0,0,0,0,0,0,0,0,0
10160,0,0,0,0,0,0,0,0,0,0,0,0,0,0,0,0,0,0,0,0,0
10161,1,1,1,1,1,1,1,1,2,1,1,1,1,1,2,2,1,1,1,1,1
10162,0,1,0,0,0,0,0,0,1,0,0,0,0,0,0,1,0,1,1,0,1
10163,0,0,0,0,0,0,0,0,0,0,0,0,0,0,0,0,0,0,0,0,0
10164,0,0,0,0,0,0,0,0,0,0,0,0,0,0,0,0,0,0,0,0,0
10165,0,0,0,0,0,0,0,0,0,0,0,0,0,0,0,0,0,0,0,0,0
10166,2,2,2,1,1,1,1,1,1,1,1,1,1,1,2,2,2,1,1,1,1
10167,1,2,2,2,1,1,1,2,2,2,2,2,1,1,1,2,2,1,1,1,1
10168,0,0,0,0,0,0,0,0,0,0,0,0,0,0,0,0,0,0,0,0,0
10169,0,0,0,0,0,0,0,0,0,0,0,0,0,0,0,0,0,0,0,0,0
10170,1,0,0,0,0,0,0,0,0,0,0,0,0,0,0,0,0,0,0,0,0
10171,0,0,0,0,0,0,0,0,0,0,0,0,0,0,0,0,0,0,0,0,0
10172,0,0,0,0,0,0,0,0,0,0,0,0,0,0,0,0,0,0,0,0,0
10173,0,0,0,0,0,0,0,0,0,0,0,0,0,0,0,0,0,0,0,0,0
10174,0,0,0,0,0,0,0,0,0,0,0,0,0,0,0,0,0,0,0,0,0
10175,0,1,1,0,0,1,1,1,1,1,1,1,1,1,1,1,1,1,1,1,1
10176,1,1,1,1,1,1,1,2,2,2,1,1,1,1,2,2,2,1,1,1,1
10177,0,0,0,0,0,0,0,0,0,0,0,0,0,0,0,0,0,0,0,0,0
10178,5,4,3,2,2,2,2,2,3,3,3,3,3,3,3,3,3,3,3,3,3
10179,0,0,0,0,0,0,0,0,0,0,0,0,0,0,0,0,0,0,0,0,0
10180,28,28,27,23,21,18,20,24,24,22,20,18,17,19,23,24,23,21,19,17,18
10181,19,17,15,14,12,11,11,13,14,12,11,9,9,9,11,12,11,10,9,8,9
10182,29,29,29,24,26,25,24,29,30,30,24,27,25,24,29,30,30,25,27,25,24
10183,10,11,10,7,7,8,6,8,11,9,7,6,6,5,6,8,7,5,4,5,4
10184,6,6,6,6,5,5,5,6,7,6,6,5,5,5,6,6,6,6,5,5,5
10185,3,3,3,3,3,3,3,3,3,3,3,3,3,3,3,3,3,3,3,3,3
10186,4,5,5,4,4,3,3,4,5,5,4,4,3,3,4,5,5,4,4,3,3
10187,3,3,4,3,3,2,2,3,3,4,3,3,2,2,3,3,4,3,3,2,2
10188,1,1,1,1,1,1,1,1,1,1,1,1,1,1,1,1,1,1,1,1,1
10189,4,4,5,5,4,4,4,4,4,5,5,4,4,4,4,4,5,5,4,4,4
10190,0,0,0,0,0,0,0,0,0,0,0,0,0,0,0,0,0,0,0,0,0
10191,1,1,1,1,1,1,1,1,1,1,1,1,1,1,1,1,1,1,1,1,1
10192,0,0,0,0,0,0,0,0,0,0,0,0,0,0,0,0,0,0,0,0,0
10193,12,13,12,10,9,7,7,10,11,11,10,9,7,7,10,11,11,10,9,7,8
10194,5,6,5,6,5,4,4,4,5,5,6,5,4,4,4,5,5,6,5,4,4
10195,1,2,2,2,2,1,2,2,2,2,2,2,1,1,2,2,2,2,2,1,2
10196,15,14,13,12,10,9,9,10,11,10,10,8,8,8,9,10,10,9,8,8,8
10197,3,2,2,2,1,1,1,2,2,2,1,1,1,1,2,2,1,1,1,1,1
10198,9,7,6,6,5,4,5,5,5,5,5,5,4,4,5,5,5,5,5,4,4
10199,1,1,1,1,1,1,1,1,1,1,1,1,1,1,1,1,1,1,1,1,1
10200,1,1,1,1,1,0,0,1,1,1,1,1,0,0,1,1,1,1,1,0,0
10201,5,4,3,2,2,2,2,3,3,2,2,2,2,2,3,2,2,2,2,2,2
10202,8,8,7,7,6,5,5,7,8,7,7,6,5,5,7,7,7,6,6,5,5
10203,0,0,0,0,0,0,0,0,0,0,0,0,0,0,0,0,0,0,0,0,0
10204,4,5,5,4,4,3,3,4,4,4,4,3,3,3,4,4,4,4,3,3,3
10205,17,16,15,14,13,13,14,15,16,16,15,14,13,12,15,18,19,18,16,17,20
10206,29,35,40,44,37,27,26,29,35,40,44,36,27,25,28,34,39,43,35,26,25
10207,25,27,25,22,19,16,17,19,22,22,20,18,16,17,19,22,21,20,17,15,16
10208,11,12,11,10,8,7,8,9,11,10,9,8,7,8,9,10,10,9,8,7,8
10209,2,2,2,2,1,1,1,2,2,2,2,1,1,1,1,2,2,1,1,1,1
10210,1,1,1,1,1,1,1,1,1,1,1,1,1,1,1,1,1,1,1,0,0
10211,0,0,0,0,0,0,0,0,0,0,0,0,0,0,0,0,0,0,0,0,0
10212,0,0,0,0,0,0,0,0,0,0,0,0,0,0,0,0,0,0,0,0,0
10213,0,0,0,0,0,0,0,0,0,0,0,0,0,0,0,0,0,0,0,0,0
10214,4,3,3,2,2,2,2,2,2,2,2,1,1,2,2,2,2,1,1,1,2
10215,0,0,0,0,0,0,0,0,0,0,0,0,0,0,0,0,0,0,0,0,0
10216,0,0,0,0,0,0,0,0,0,0,0,0,0,0,0,0,0,0,0,0,0
10217,0,0,0,0,0,0,0,0,0,0,0,0,0,0,0,0,0,0,0,0,0
10218,0,0,0,0,0,0,0,0,0,0,0,0,0,0,0,0,0,0,0,0,0
10219,0,0,0,0,0,0,0,0,0,0,0,0,0,0,0,0,0,0,0,0,0
10220,0,0,0,0,0,0,0,0,0,0,0,0,0,0,0,0,0,0,0,0,0
10221,0,0,0,0,0,0,0,0,0,0,0,0,0,0,0,0,0,0,0,0,0
10222,1,1,1,1,1,1,1,1,1,1,1,1,1,1,1,1,1,1,1,1,1
10223,0,0,0,0,0,0,0,0,0,0,0,0,0,0,0,0,0,0,0,0,0
10224,3,2,1,1,0,0,0,0,0,0,0,0,0,0,0,0,0,0,0,0,0
10225,0,0,0,0,0,0,0,0,0,0,0,0,0,0,0,0,0,0,0,0,0
10226,18,18,16,15,13,11,11,15,16,15,14,12,10,10,14,15,14,13,11,10,10
10227,0,0,0,0,0,0,0,0,0,0,0,0,0,0,0,0,0,0,0,0,0
10228,0,0,0,0,0,0,0,0,0,0,0,0,0,0,0,0,0,0,0,0,0
10229,1,0,0,0,0,1,1,1,0,0,0,0,1,1,1,0,0,0,1,1,1
10230,0,0,0,0,0,0,0,0,0,0,0,0,0,0,0,0,0,0,0,0,0
10231,5,5,5,4,4,4,4,4,5,4,4,3,3,4,4,5,4,4,3,3,4
10232,2,2,2,2,2,2,2,2,2,2,2,2,2,2,2,2,2,2,2,2,2
10233,7,8,8,7,6,5,5,6,8,8,7,6,5,5,6,8,8,7,6,5,5
10234,4,4,4,4,3,3,3,4,4,4,4,3,3,3,4,4,4,4,3,3,3
10235,0,0,1,0,0,0,0,0,0,1,0,0,0,0,0,0,1,0,0,0,0
10236,2,2,2,2,2,2,2,2,2,2,2,2,2,2,2,2,2,2,2,1,1
10237,0,0,0,0,0,0,0,0,0,0,0,0,0,0,0,0,0,0,0,0,0
10238,2,2,2,2,1,1,1,2,2,2,2,1,1,1,2,2,2,1,1,1,1
10239,1,1,1,1,1,1,1,1,1,1,1,1,1,1,1,1,1,1,1,1,1
10240,0,0,0,0,0,0,0,0,0,0,0,0,0,0,0,0,0,0,0,0,0
10241,0,1,1,1,1,1,1,1,1,1,1,1,1,1,1,1,1,1,1,1,1
10242,0,0,0,0,0,0,0,0,0,0,0,0,0,0,0,0,0,0,0,0,0
10243,0,0,0,0,0,0,0,0,0,0,0,0,0,0,0,0,0,0,0,0,0
10244,0,0,0,0,0,0,0,0,0,0,0,0,0,0,0,0,0,0,0,0,0
10245,0,0,0,0,0,0,0,0,0,0,0,0,0,0,0,0,0,0,0,0,0
10246,0,0,0,0,0,0,0,0,0,0,0,0,0,0,0,0,0,0,0,0,0
10247,1,1,1,1,1,1,1,1,1,1,1,1,1,1,1,1,1,1,1,1,1
10248,0,0,0,0,0,0,0,0,0,0,0,0,0,0,0,0,0,0,0,0,0
10249,0,0,0,0,0,0,0,0,0,0,0,0,0,0,0,0,0,0,0,0,0
10250,0,0,0,0,0,0,0,0,0,0,0,0,0,0,0,0,0,0,0,0,0
10251,0,0,0,0,0,0,0,0,0,0,0,0,0,0,0,0,0,0,0,0,0
10252,0,1,1,1,1,1,1,1,1,1,1,1,1,1,1,1,1,1,1,1,1
10253,0,0,0,0,0,0,0,0,0,0,0,0,0,0,0,0,0,0,0,0,0
10254,0,0,0,0,0,0,0,0,0,0,0,0,0,0,0,0,0,0,0,0,0
10255,2,2,2,2,2,2,2,2,2,2,2,2,2,2,2,2,2,2,2,2,2
10256,2,3,2,2,2,2,2,2,3,2,2,2,2,2,2,3,2,2,2,2,2
10257,0,0,0,0,0,0,0,0,0,0,0,0,0,0,0,0,0,0,0,0,0
10258,1,1,1,1,1,1,1,1,1,1,1,1,1,1,1,1,1,1,1,1,1
10259,0,0,0,0,0,0,0,0,0,0,0,0,0,0,0,0,0,0,0,0,0
10260,0,0,0,0,0,0,0,0,0,0,0,0,0,0,0,0,0,0,0,0,0
10261,0,0,0,0,0,0,0,0,0,0,0,0,0,0,0,0,0,0,0,0,0
10262,0,0,0,0,0,0,0,0,0,0,0,0,0,0,0,0,0,0,0,0,0
10263,0,0,0,0,0,0,0,0,0,0,0,0,0,0,0,0,0,0,0,0,0
10264,2,3,2,2,2,2,2,2,3,3,2,2,2,2,2,2,2,2,2,1,2
10265,0,0,0,0,0,0,0,0,0,0,0,0,0,0,0,0,0,0,0,0,0
10266,1,1,1,1,1,1,1,1,1,1,1,1,1,1,1,1,1,1,1,1,1
10267,6,7,7,5,4,3,3,6,7,7,5,4,3,3,6,7,7,5,4,3,3
10268,3,3,3,3,3,3,3,3,3,3,3,3,3,3,3,3,2,3,3,2,3
10269,0,0,0,0,0,0,0,0,0,0,0,0,0,0,0,0,0,0,0,0,0
10270,1,1,1,1,1,1,1,1,1,1,1,1,1,1,1,1,1,1,1,1,1
10271,0,0,0,0,0,0,0,0,0,0,0,0,0,0,0,0,0,0,0,0,0
10272,0,0,0,0,0,0,0,0,0,0,0,0,0,0,0,0,0,0,0,0,0
10273,0,0,0,0,0,0,0,0,0,0,0,0,0,0,0,0,0,0,0,0,0
10274,0,0,0,0,0,0,0,0,0,0,0,0,0,0,0,0,0,0,0,0,0
10275,0,0,0,0,0,0,0,0,0,0,0,0,0,0,0,0,0,0,0,0,0
10276,0,0,0,0,0,0,0,0,0,0,0,0,0,0,0,0,0,0,0,0,0
10277,1,1,1,1,1,0,1,1,1,1,1,1,1,1,1,1,1,1,1,1,1
10278,0,1,1,1,1,1,1,0,1,1,1,1,1,1,0,1,1,1,1,1,1
10279,50,55,50,41,34,32,33,35,39,37,33,30,29,31,34,38,37,34,31,30,32
10280,2,2,2,2,2,2,2,2,2,2,2,2,2,2,2,3,2,2,2,2,2
10281,63,52,45,38,35,31,35,45,47,45,39,35,31,36,53,60,61,56,50,45,52
10282,7,8,7,6,6,7,7,7,8,7,6,6,7,7,7,8,7,6,6,7,7
10283,0,0,0,0,0,0,0,0,0,0,0,0,0,0,0,0,0,0,0,0,0
10284,10,13,13,11,9,9,7,9,12,13,11,9,9,7,9,12,13,11,9,9,7
10285,4,4,5,4,3,3,2,4,4,5,4,3,3,2,4,4,5,4,3,3,2
10286,10,17,19,16,11,10,11,11,18,20,16,11,10,11,11,17,19,16,10,10,10
10287,0,0,0,0,0,0,0,0,0,0,0,0,0,0,0,0,0,0,0,0,0
10288,0,0,0,0,0,0,0,0,0,0,0,0,0,0,0,0,0,0,0,0,0
10289,0,0,0,0,0,0,0,0,0,0,0,0,0,0,0,0,0,0,0,0,0
10290,0,0,0,0,0,0,0,0,0,0,0,0,0,0,0,0,0,0,0,0,0
10291,0,0,0,0,0,0,0,0,0,0,0,0,0,0,0,0,0,0,0,0,0
10292,0,0,0,0,0,0,0,0,0,0,0,0,0,0,0,0,0,0,0,0,0
10293,1,1,1,1,1,1,1,1,1,2,1,1,1,1,1,1,2,1,1,1,1
10294,21,20,18,17,17,16,18,19,20,19,18,19,19,21,23,23,21,20,19,18,20
10295,2,3,3,3,3,2,2,2,3,3,3,3,2,2,2,3,3,3,3,2,2
10296,0,0,0,0,0,0,0,0,0,0,0,0,0,0,0,0,0,0,0,0,0
10297,2,2,2,2,2,1,2,2,2,2,2,2,2,2,2,2,2,2,2,2,2
10298,21,17,16,15,14,17,21,20,17,15,14,14,17,21,20,17,15,14,14,17,21
10299,0,1,1,1,1,0,0,0,1,1,1,1,0,0,0,1,1,1,1,0,0
10300,1,1,1,1,1,1,1,1,1,1,1,1,1,1,1,1,1,1,1,1,1
10301,28,23,19,20,22,22,28,29,24,21,22,25,25,31,32,27,24,24,26,26,31
10302,0,0,0,0,0,0,0,0,0,0,0,0,0,0,0,0,0,0,0,0,0
10303,2,2,2,2,2,2,2,2,2,2,2,2,2,1,2,2,2,2,2,2,2
10304,0,0,0,0,0,0,0,0,0,0,0,0,0,0,0,0,0,0,0,0,0
10305,59,63,62,58,53,48,50,57,63,62,59,53,50,53,57,58,57,53,46,43,46
10306,3,3,2,2,2,2,2,3,3,2,2,2,2,2,3,3,2,2,2,2,2
10307,1,1,1,1,1,1,1,1,1,1,1,1,1,1,1,1,1,1,1,1,1
10308,8,7,6,6,6,7,10,8,7,6,6,6,7,10,8,7,6,6,6,7,10
10309,4,4,4,4,3,3,3,4,4,4,4,3,3,3,4,4,4,4,3,3,3
10310,7,8,8,8,7,7,6,7,8,8,8,7,7,6,7,8,8,8,7,7,6
10311,9,9,8,8,8,8,9,9,9,8,8,8,8,9,9,9,8,8,8,8,9
10312,1,1,1,1,1,1,1,1,1,1,1,1,1,1,1,1,1,1,1,1,1
10313,17,17,16,15,14,15,19,20,20,19,18,17,18,21,22,22,21,19,17,18,21
10314,0,0,0,0,0,0,0,0,0,0,0,0,0,0,0,0,0,0,0,0,0
10315,0,0,0,0,0,0,0,0,0,0,0,0,0,0,0,0,0,0,0,0,0
10316,0,0,0,0,0,0,0,0,0,0,0,0,0,0,0,0,0,0,1,1,1
10317,0,0,0,0,0,0,0,0,0,0,0,0,0,0,0,0,0,0,0,0,0
10318,0,0,0,0,0,0,0,0,0,0,0,0,0,0,0,0,0,0,0,0,0
10319,0,0,0,0,0,0,0,0,0,0,0,0,0,0,0,0,0,0,0,0,0
10320,0,0,0,0,0,0,0,0,0,0,0,0,0,0,0,0,0,0,0,0,0
10321,0,0,0,0,0,0,0,0,0,0,0,0,0,0,0,0,0,0,0,0,0
10322,0,0,0,0,0,0,0,0,0,0,0,0,0,0,0,0,0,0,0,0,0
10323,0,0,0,0,0,0,0,0,0,0,0,0,0,0,0,0,0,0,0,0,0
10324,2,3,3,2,2,2,2,2,3,2,2,2,2,2,2,2,2,2,2,2,2
10325,3,3,3,3,2,2,2,3,3,3,3,2,2,2,3,3,3,2,2,2,2
10326,16,18,18,19,16,14,13,15,18,18,18,15,13,12,15,17,17,18,15,13,12
10327,0,1,0,0,0,0,0,0,1,0,0,0,0,0,0,1,0,0,0,0,0
10328,1,1,2,2,1,1,2,2,2,2,2,2,2,2,2,2,2,2,2,2,2
10329,0,0,0,0,0,0,0,0,0,0,0,0,0,0,0,0,0,0,0,0,0
10330,0,0,0,0,0,0,0,0,0,0,0,0,0,0,0,0,0,0,0,0,0
10331,0,0,0,0,0,0,0,0,0,0,0,0,0,0,0,0,0,0,0,0,0
10332,0,0,0,0,0,0,0,0,0,0,0,0,0,0,0,0,0,0,0,0,0
10333,3,3,3,3,2,3,3,3,3,3,3,3,3,3,3,3,3,2,2,2,3
10334,0,0,0,0,0,0,0,0,0,0,0,0,0,0,0,0,0,0,0,0,0
10335,0,0,0,0,0,0,0,0,0,0,0,0,0,0,0,0,0,0,0,0,0
10336,3,2,2,1,1,1,1,1,1,1,1,1,1,1,1,1,1,1,0,1,1
10337,31,36,36,35,31,27,26,31,36,36,35,31,27,26,31,36,36,35,31,27,26
10338,1,1,1,1,1,1,1,1,1,1,1,1,1,1,1,1,2,1,1,1,1
10339,53,63,71,62,53,38,40,53,63,71,62,53,38,40,53,63,71,62,53,38,40
10340,0,0,0,0,0,0,0,0,0,0,0,0,0,0,0,0,0,0,0,0,0
10341,0,0,0,0,0,0,0,0,0,0,0,0,0,0,0,0,0,0,0,0,0
10342,0,0,0,0,0,0,0,0,0,0,0,0,0,0,0,0,0,0,0,0,0
10343,0,0,0,0,0,0,0,0,0,0,0,0,0,0,0,0,0,0,0,0,0
10344,8,8,8,8,7,6,7,8,8,8,8,7,6,7,8,8,8,8,7,6,7
10345,0,0,0,0,0,0,0,0,0,0,0,0,0,0,0,0,0,0,0,0,0
10346,0,0,0,0,0,0,0,0,0,0,0,0,0,0,0,0,0,0,0,0,0
10347,4,4,4,4,4,3,3,4,4,4,4,4,3,3,4,4,4,4,4,3,3
10348,0,0,0,0,0,0,0,0,0,0,0,0,0,0,0,0,0,0,0,0,0
10349,0,0,0,0,0,0,0,0,0,0,0,0,0,0,0,0,0,0,0,0,0
10350,0,0,0,0,0,0,0,0,0,0,0,0,0,0,0,0,0,0,0,0,0
10351,0,0,0,0,0,0,0,0,0,0,0,0,0,0,0,0,0,0,0,0,0
10352,2,2,2,1,1,1,1,2,2,2,1,1,1,1,2,2,2,1,1,1,1
10353,1,1,1,1,1,1,1,1,1,1,1,1,1,1,1,1,1,1,1,1,1
10354,19,20,20,18,16,15,16,19,21,20,19,17,16,16,19,19,19,18,16,14,14
10355,0,0,0,0,0,0,0,0,0,0,0,0,0,0,0,0,0,0,0,0,0
10356,5,5,5,5,4,3,4,5,5,5,5,4,3,4,5,5,5,5,4,3,4
10357,0,0,0,0,0,0,0,0,0,0,0,0,0,0,0,0,0,0,0,0,0
10358,0,0,0,0,0,0,0,0,0,0,0,0,0,0,0,0,0,0,0,0,0
10359,0,0,0,0,0,0,0,0,0,0,0,0,0,0,0,0,0,0,0,0,0
10360,0,1,1,1,0,0,0,0,1,1,1,0,0,0,0,1,1,1,0,0,0
10361,12,14,9,11,10,11,14,12,14,9,11,10,11,14,12,14,9,11,10,11,14
10362,3,4,4,3,3,3,2,3,4,4,3,3,3,2,3,4,4,3,3,3,2
10363,1,1,0,0,0,1,1,1,1,0,0,0,1,1,1,1,0,0,0,1,1
10364,0,0,0,0,0,0,0,0,0,0,0,0,0,0,0,0,0,0,0,0,0
10365,1,1,1,1,1,1,1,1,1,1,1,1,1,1,2,1,1,1,1,1,1
10366,3,2,2,2,2,3,3,3,2,2,2,2,3,3,3,2,2,2,2,3,3
10367,0,0,0,0,0,0,0,0,0,0,0,0,0,0,0,0,0,0,0,0,0
10368,1,1,1,1,1,1,1,1,1,1,1,1,1,1,1,1,1,1,1,1,1
10369,49,51,49,44,38,33,35,42,48,47,43,38,34,36,42,44,44,40,35,32,36
10370,1,1,1,1,1,1,1,1,1,1,1,1,1,1,1,1,1,1,1,1,1
10371,1,1,2,2,1,1,1,1,1,2,2,1,1,1,1,1,2,2,1,1,1
10372,10,9,9,8,7,6,6,8,8,9,8,7,6,6,8,8,9,8,7,6,6
10373,109,120,117,101,89,80,88,103,110,95,83,71,65,72,85,93,90,83,74,69,79
10374,51,53,50,43,38,34,37,44,49,49,44,40,38,42,49,52,51,44,38,36,42
10375,47,52,54,46,39,37,41,48,51,47,40,35,36,43,51,55,55,49,43,44,55
10376,14,15,15,14,11,10,11,14,15,15,14,11,10,11,14,15,15,14,11,10,11
10377,27,27,27,24,22,20,21,25,26,25,24,22,21,22,27,28,28,26,24,23,25
10378,0,0,0,0,0,0,0,0,0,0,0,0,0,0,0,0,0,0,0,0,0
10379,34,40,43,38,32,28,30,36,39,37,33,28,26,28,31,32,31,28,23,21,25
10380,19,20,20,18,16,15,15,19,21,20,19,17,16,17,19,19,19,17,15,14,15
10381,17,16,15,12,10,9,10,12,12,11,9,8,8,9,10,9,8,7,6,6,7
10382,4,3,3,3,2,2,2,3,3,3,2,2,2,2,3,3,3,2,2,2,2
10383,0,0,0,0,0,0,0,0,0,0,0,0,0,0,0,0,0,0,0,0,0
10384,0,0,0,0,0,0,0,0,0,0,0,0,0,0,0,0,0,0,0,0,0
10385,1,1,1,1,1,1,1,1,1,1,1,1,1,1,1,1,1,1,1,1,1
10386,1,2,1,1,1,1,1,1,2,1,1,1,1,1,1,2,1,1,1,1,1
10387,2,2,2,2,2,1,2,2,2,2,2,2,1,2,2,2,2,2,2,1,2
10388,1,1,1,1,1,1,1,1,1,1,1,1,1,1,1,1,1,1,1,1,1
10389,2,2,2,2,2,2,2,2,2,2,2,2,2,2,2,2,2,2,2,2,2
10390,0,0,0,0,0,0,0,0,0,0,0,0,0,0,0,0,0,0,0,0,0
10391,0,0,0,0,0,0,0,0,0,0,0,0,0,0,0,0,0,0,0,0,0
10392,0,0,0,0,0,0,0,0,0,0,0,0,0,0,0,0,0,0,0,0,0
10393,1,1,1,1,1,0,0,1,1,1,1,1,0,0,1,1,1,1,1,0,0
10394,0,0,0,0,0,0,0,0,0,0,0,0,0,0,0,0,0,0,0,0,0
10395,0,0,0,0,0,0,0,0,0,0,0,0,0,0,0,0,0,0,0,0,0
10396,0,0,0,0,0,0,0,0,0,0,0,0,0,0,0,0,0,0,0,0,0
10397,4,5,7,6,5,3,3,4,5,7,6,5,3,3,4,5,7,6,5,3,3
10398,10,9,8,7,6,6,6,7,7,7,7,6,5,5,6,6,6,6,5,5,5
10399,0,0,0,0,0,0,0,0,0,0,0,0,0,0,0,0,0,0,0,0,0
10400,0,0,0,0,0,0,0,0,0,0,0,0,0,0,0,0,0,0,0,0,0
10401,0,0,0,0,0,0,0,0,0,0,0,0,0,0,0,0,0,0,0,0,0
10402,0,0,0,0,0,0,0,0,0,0,0,0,0,0,0,0,0,0,0,0,0
10403,0,0,0,0,0,0,0,0,0,0,0,0,0,0,0,0,0,0,0,0,0
10404,18,22,22,19,16,14,13,18,22,22,19,16,14,13,18,22,22,19,16,14,13
10405,1,1,1,1,1,1,1,1,1,1,1,1,1,1,1,1,1,1,1,1,1
10406,1,1,1,1,1,1,0,1,1,1,1,1,1,0,1,1,1,1,1,1,0
10407,0,0,0,0,0,0,0,0,0,0,0,0,0,0,0,0,0,0,0,0,0
10408,0,0,0,0,0,0,0,0,0,0,0,0,0,0,0,0,0,0,0,0,0
10409,0,0,0,0,0,0,0,0,0,0,0,0,0,0,0,0,0,0,0,0,0
10410,0,0,0,0,0,0,0,0,0,0,0,0,0,0,0,0,0,0,0,0,0
10411,0,0,0,0,0,0,0,0,0,0,0,0,0,0,0,0,0,0,0,0,0
10412,0,0,0,0,0,0,0,0,0,0,0,0,0,0,0,0,0,0,0,0,0
10413,0,0,0,0,0,0,0,0,0,0,0,0,0,0,0,0,0,0,0,0,0
10414,33,35,34,31,35,32,33,33,35,34,31,35,32,33,33,35,34,31,35,32,33
10415,0,0,0,0,0,0,0,0,0,0,0,0,0,0,0,0,0,0,0,0,0
10416,1,1,0,0,0,0,1,1,1,1,0,0,0,1,1,1,1,0,0,0,1
10417,6,6,5,5,5,4,5,6,6,5,5,5,5,5,5,5,4,4,4,4,4
10418,0,0,0,0,0,0,0,0,0,0,0,0,0,0,0,0,0,0,0,0,0
10419,2,2,2,2,1,2,2,2,2,2,2,1,2,2,2,2,2,2,1,2,2
10420,3,3,3,3,3,3,3,4,4,3,3,3,3,3,4,4,3,3,3,3,3
10421,2,2,2,2,1,1,1,2,2,2,2,1,1,1,2,2,2,2,1,1,2
10422,13,14,13,12,10,9,10,12,13,12,11,10,9,10,12,13,13,12,11,10,11
10423,4,4,4,3,3,3,3,3,3,3,3,3,3,3,3,3,3,3,3,3,3
10424,0,0,0,0,0,0,0,0,0,0,0,0,0,0,0,0,0,0,0,0,0
10425,0,0,0,0,0,0,0,0,0,0,0,0,0,0,0,0,0,0,0,0,0
10426,0,1,1,0,0,0,0,0,1,1,0,0,0,0,0,1,1,0,0,0,0
10427,1,0,0,0,0,0,0,0,0,0,0,0,0,0,0,0,0,0,0,0,0
10428,1,1,0,0,0,0,0,0,0,0,0,0,0,0,0,0,0,0,0,0,0
10429,1,1,1,1,1,1,1,1,1,1,1,1,1,1,1,1,1,1,1,1,1
10430,0,0,0,0,0,0,0,0,0,0,0,0,0,0,0,0,0,0,0,0,0
10431,0,0,0,0,0,0,0,0,0,0,0,0,0,0,0,0,0,0,0,0,0
10432,0,1,0,0,0,1,1,0,1,0,0,0,1,1,0,1,0,0,0,1,1
10433,0,0,0,0,0,0,0,0,0,0,0,0,0,0,0,0,0,0,0,0,0
10434,2,2,2,2,2,2,2,2,2,2,2,2,2,2,2,2,2,2,2,2,2
10435,1,1,1,1,1,1,1,1,1,1,1,1,1,1,1,1,1,1,1,1,1
10436,0,0,0,0,0,0,0,0,0,0,0,0,0,0,0,0,0,0,0,0,0
10437,0,0,1,1,0,0,0,0,0,1,1,0,0,0,0,0,1,1,0,0,0
10438,0,0,0,0,0,0,0,0,0,0,0,0,0,0,0,0,0,0,0,0,0
10439,0,0,0,0,0,0,0,0,0,0,0,0,0,0,0,0,0,0,0,0,0
10440,0,0,0,0,0,0,0,0,0,0,0,0,0,0,0,0,0,0,0,0,0
10441,0,0,0,0,0,0,0,0,0,0,0,0,0,0,0,0,0,0,0,0,0
10442,0,0,0,0,0,0,0,0,0,0,0,0,0,0,0,0,0,0,0,0,0
10443,0,0,0,0,0,0,0,0,0,0,0,0,0,0,0,0,0,0,0,0,0
10444,0,0,0,0,0,0,0,0,0,0,0,0,0,0,0,0,0,0,0,0,0
10445,0,0,0,0,0,0,0,0,0,0,0,0,0,0,0,0,0,0,0,0,0
10446,1,1,1,1,1,1,1,1,1,1,1,1,1,1,1,1,1,1,1,1,1
10447,0,0,0,0,0,0,0,0,0,0,0,0,0,0,0,0,0,0,0,0,0
10448,0,0,0,0,0,0,0,0,0,0,0,0,0,0,0,0,0,0,0,0,0
10449,0,0,0,0,0,0,0,0,0,0,0,0,0,0,0,0,0,0,0,0,0
10450,3,3,3,3,2,2,2,2,3,2,3,2,2,2,2,3,2,3,2,2,2
10451,1,1,1,1,1,1,1,1,1,1,1,1,1,1,1,1,1,1,1,1,1
10452,1,1,1,1,1,1,1,1,1,1,1,1,1,1,1,1,1,1,0,0,1
10453,5,6,7,7,5,4,4,5,6,7,7,5,4,4,5,6,7,7,5,4,4
10454,1,1,1,1,1,1,1,1,1,1,1,1,1,1,1,1,1,1,1,1,1
10455,5,5,5,5,4,4,4,5,5,5,5,4,4,4,4,5,5,4,4,3,3
10456,1,2,2,2,2,1,1,2,2,2,2,2,1,1,2,2,2,1,1,1,1
10457,31,34,31,29,23,20,19,23,27,27,26,21,18,17,21,25,25,25,20,18,16
10458,31,39,37,32,26,21,30,40,49,44,38,29,21,29,38,43,36,30,22,18,26
10459,32,32,32,26,22,19,21,27,29,28,24,21,19,21,26,26,27,24,21,19,21
10460,64,69,69,60,52,45,49,59,65,63,55,48,43,46,55,59,59,53,46,42,48
10461,18,17,16,13,11,10,10,12,13,12,10,8,7,7,9,9,10,8,7,6,6
10462,2,2,2,2,2,2,2,2,2,2,2,2,2,2,2,2,2,2,2,2,2
10463,2,2,3,3,2,2,2,3,3,3,3,2,2,2,2,2,2,2,2,2,2
10464,4,3,3,3,3,2,3,3,3,3,2,2,2,2,2,2,1,1,1,1,1
10465,3,3,3,3,3,2,2,2,3,3,3,3,3,2,2,3,3,3,3,2,2
10466,39,42,42,37,33,28,29,37,42,43,39,35,31,32,39,41,41,37,33,28,29
10467,111,118,122,118,105,96,99,121,135,135,125,104,93,97,121,139,148,142,122,111,113
10468,9,10,8,8,8,7,6,7,8,7,8,8,7,6,7,8,7,8,7,7,6
10469,3,3,4,4,5,3,3,3,3,4,4,5,3,3,3,3,4,4,5,3,3
10470,17,20,17,15,14,10,11,15,18,17,15,13,10,11,15,18,16,15,13,10,11
10471,58,55,52,46,41,37,35,45,48,52,49,43,37,33,45,50,55,52,47,43,43
10472,102,115,126,117,104,84,77,93,107,122,114,102,82,76,92,106,120,113,101,81,75
10473,0,0,0,0,0,0,0,0,0,0,0,0,0,0,0,0,0,0,0,0,0
10474,12,13,11,10,8,8,8,8,9,8,8,6,7,7,7,8,8,8,6,6,7
10475,0,0,0,0,0,0,0,0,0,0,0,0,0,0,0,0,0,0,0,0,0
10476,0,0,0,0,0,0,0,0,0,0,0,0,0,0,0,0,0,0,0,0,0
10477,211,222,279,230,249,191,171,208,225,282,233,250,190,168,206,225,285,239,258,203,185
10478,65,70,68,62,54,47,45,55,59,60,58,52,46,44,53,57,60,58,52,45,43
10479,5,5,5,6,6,4,6,5,5,5,6,6,4,6,5,5,5,6,6,4,6
10480,0,0,0,0,0,0,0,0,0,0,0,0,0,0,0,0,0,0,0,0,0
10481,2,3,2,2,2,2,2,2,3,2,2,2,2,2,2,3,2,2,3,2,2
10482,0,0,0,0,0,0,0,0,0,0,0,0,0,0,0,0,0,0,0,0,0
10483,0,0,0,0,0,0,0,0,0,0,0,0,0,0,0,0,0,0,0,0,0
10484,2,2,2,3,3,2,2,2,2,2,2,3,2,2,2,2,2,2,3,2,2
10485,1,2,2,2,2,2,2,2,2,2,2,2,2,2,2,3,3,2,2,2,2
10486,20,14,15,18,5,5,17,20,14,15,18,5,5,17,20,14,15,18,5,5,18
10487,3,4,4,4,3,3,2,3,4,4,4,3,3,2,3,4,4,4,3,3,2
10488,6,7,7,7,6,5,5,7,8,8,7,6,5,5,7,8,7,7,6,5,6
10489,21,23,24,22,20,17,15,21,23,23,21,20,16,14,20,23,23,21,19,16,14
10490,0,1,1,1,1,0,0,0,1,1,1,1,0,0,0,1,1,1,1,0,0
10491,0,0,0,0,0,0,0,0,0,0,0,0,0,0,0,0,0,0,0,0,0
10492,8,9,9,9,8,6,6,8,9,9,9,9,7,6,8,9,9,9,9,7,6
10493,0,0,0,0,0,0,0,0,0,0,0,0,0,0,0,0,0,0,0,0,0
10494,0,0,0,0,0,0,0,0,0,0,0,0,0,0,0,0,0,0,0,0,0
10495,0,0,0,0,0,0,0,0,0,0,0,0,0,0,0,0,0,0,0,0,0
10496,1,1,1,1,1,1,1,1,1,1,1,1,1,1,1,1,1,1,1,1,1
10497,8,10,11,10,8,6,5,7,9,10,10,7,6,5,7,9,10,9,7,5,5
10498,1,1,1,1,1,1,1,1,1,1,1,1,1,1,1,1,1,1,1,1,1
10499,0,0,0,0,0,0,0,0,0,0,0,0,0,0,0,0,0,0,0,0,0
10500,1,1,1,1,1,1,1,1,2,1,1,1,1,1,1,1,1,1,1,1,1
10501,0,0,0,0,0,0,0,0,0,0,0,0,0,0,0,0,0,0,0,0,0
10502,0,0,0,0,0,0,0,0,0,0,0,0,0,0,0,0,0,0,0,0,0
10503,0,0,0,0,0,0,0,0,0,0,0,0,0,0,0,0,0,0,0,0,0
10504,0,0,1,1,1,2,2,2,2,2,2,2,2,3,2,2,2,2,2,2,2
10505,0,0,0,0,0,0,0,0,0,0,0,0,0,0,0,0,0,0,0,0,0
10506,0,0,0,0,0,0,0,0,0,0,0,0,0,0,0,0,0,0,0,0,0
10507,0,0,0,0,0,0,0,0,0,0,0,0,0,0,0,0,0,0,0,0,0
10508,1,1,1,1,1,1,1,1,1,1,1,1,1,1,1,1,1,1,1,1,1
10509,0,0,0,0,0,0,0,0,0,0,0,0,0,0,0,0,0,0,0,0,0
10510,1,1,1,1,1,1,1,1,1,1,1,1,1,1,1,1,1,1,1,1,1
10511,0,0,0,0,0,0,0,0,0,0,0,0,0,0,0,0,0,0,0,0,0
10512,0,0,0,0,0,0,0,0,0,0,0,0,0,0,0,0,0,0,0,0,0
10513,0,0,0,0,0,0,0,0,0,0,0,0,0,0,0,0,0,0,0,0,0
10514,0,0,0,0,0,0,0,0,0,0,0,0,0,0,0,0,0,0,0,0,0
10515,0,0,0,0,0,0,0,0,0,0,0,0,0,0,0,0,0,0,0,0,0
10516,0,0,0,0,0,0,0,0,0,0,0,0,0,0,0,0,0,0,0,0,0
10517,0,0,0,0,0,0,0,0,0,0,0,0,0,0,0,0,0,0,0,0,0
10518,0,0,0,0,0,0,0,0,0,0,0,0,0,0,0,0,0,0,0,0,0
10519,0,0,0,0,0,0,0,0,0,0,0,0,0,0,0,0,0,0,0,0,0
10520,0,0,0,0,0,0,0,0,0,0,0,0,0,0,0,0,0,0,0,0,0
10521,0,0,0,0,0,0,0,0,0,0,0,0,0,0,0,0,0,0,0,0,0
10522,0,0,0,0,0,1,0,0,0,0,0,0,1,0,0,0,0,0,0,1,0
10523,0,0,0,0,0,0,0,0,0,0,0,0,0,0,0,0,0,0,0,0,0
10524,0,0,0,0,0,0,0,0,0,0,0,0,0,0,0,0,0,0,0,0,0
10525,0,0,0,0,4,0,0,0,0,0,0,4,0,0,0,0,0,0,4,0,0
10526,1,1,1,1,1,1,1,1,1,1,1,1,1,1,1,1,1,1,1,1,1
10527,0,0,0,0,0,0,0,0,0,0,0,0,0,0,0,0,0,0,0,0,0
10528,0,0,0,0,0,0,0,0,0,0,0,0,0,0,0,0,0,0,0,0,0
10529,0,0,0,1,0,0,0,0,0,0,1,0,0,0,0,0,0,1,0,0,0
10530,0,0,0,0,0,0,0,0,0,0,0,0,0,0,0,0,0,0,0,0,0
10531,0,0,0,0,0,0,0,0,0,0,0,0,0,0,0,0,0,0,0,0,0
10532,0,0,0,0,0,0,0,0,0,0,0,0,0,0,0,0,0,0,0,0,0
10533,0,0,0,0,0,0,0,0,0,0,0,0,0,0,0,0,0,0,0,0,0
10534,0,0,0,0,0,0,0,0,0,0,0,0,0,0,0,0,0,0,0,0,0
10535,1,1,1,0,1,1,1,1,1,1,1,1,1,1,1,1,1,0,1,1,1
10536,0,0,0,0,0,0,0,0,0,0,0,0,0,0,0,0,0,0,0,0,0
10537,0,0,0,0,0,0,0,0,0,0,0,0,0,0,0,0,0,0,0,0,0
10538,0,0,0,0,0,0,0,0,0,0,0,0,0,0,0,0,0,0,0,0,0
10539,0,0,0,0,0,0,0,0,0,0,0,0,0,0,0,0,0,0,0,0,0
10540,0,0,0,0,0,0,0,0,0,0,0,0,0,0,0,0,0,0,0,0,0
10541,2,2,2,2,2,2,2,2,2,2,2,2,2,2,2,2,2,2,2,2,2
10542,4,5,5,4,4,4,4,4,5,5,4,4,4,4,4,5,5,4,4,4,4
10543,0,0,0,0,0,0,0,0,0,0,0,0,0,0,0,0,0,0,0,0,0
10544,0,0,0,0,0,0,0,0,0,0,0,0,0,0,0,0,0,0,0,0,0
10545,0,0,0,0,0,0,0,0,0,0,0,0,0,0,0,0,0,0,0,0,0
10546,0,0,0,0,0,0,0,0,0,0,0,0,0,0,0,0,0,0,0,0,0
10547,11,10,9,7,6,7,8,10,10,9,7,6,7,8,10,10,9,7,6,7,8
10548,0,0,0,0,0,0,0,0,0,0,0,0,0,0,0,0,0,0,0,0,0
10549,0,0,0,0,0,0,0,0,0,0,0,0,0,0,0,0,0,0,0,0,0
10550,4,5,3,3,3,4,4,4,5,3,3,3,4,4,4,5,3,3,3,4,4
10551,0,0,0,0,0,0,0,0,0,0,0,0,0,0,0,0,0,0,0,0,0
10552,1,1,1,1,1,1,1,1,1,1,1,1,1,1,1,1,1,1,1,1,1
10553,0,0,0,0,0,0,0,0,0,0,0,0,0,0,0,0,0,0,0,0,0
10554,15,13,11,8,7,7,7,10,11,10,8,6,6,6,9,9,8,7,5,6,6
10555,0,0,0,0,0,0,0,0,0,0,0,0,0,0,0,0,0,0,0,0,0
10556,26,31,30,25,22,20,21,26,31,30,25,22,20,21,26,31,30,25,22,20,21
10557,9,10,11,10,8,7,7,9,10,11,10,8,7,7,9,10,11,10,8,7,7
10558,0,0,0,0,0,0,0,0,0,0,0,0,0,0,0,0,0,0,0,0,0
10559,2,3,3,3,3,2,3,3,3,3,3,3,3,3,4,4,4,3,3,3,3
10560,0,0,0,0,0,0,0,0,0,0,0,0,0,0,0,0,0,0,0,0,0
10561,1,1,1,1,1,1,1,1,1,1,1,1,1,1,1,1,1,1,1,1,1
10562,0,0,0,0,0,0,0,0,0,0,0,0,0,0,0,0,0,0,0,0,0
10563,1,1,1,1,1,1,2,1,1,1,1,1,1,2,1,1,1,1,1,1,2
10564,1,1,1,1,1,1,1,1,1,1,1,1,1,1,1,1,1,1,1,1,1
10565,0,0,0,0,0,0,0,0,0,0,0,0,0,0,0,0,0,0,0,0,0
10566,0,0,0,0,0,0,0,0,0,0,0,0,0,0,0,0,0,0,0,0,0
10567,0,0,0,0,0,0,0,0,0,0,0,0,0,0,0,0,0,0,0,0,0
10568,0,0,0,0,0,0,0,0,0,0,0,0,0,0,0,0,0,0,0,0,0
10569,0,0,0,0,0,0,0,0,0,0,0,0,0,0,0,0,0,0,0,0,0
10570,0,0,0,0,0,0,0,0,0,0,0,0,0,0,0,0,0,0,0,0,0
10571,0,0,0,0,0,0,0,0,0,0,0,0,0,0,0,0,0,0,0,0,0
10572,4,5,5,6,5,5,5,5,5,5,6,5,5,5,5,5,5,6,5,5,5
10573,9,8,6,6,5,4,5,5,6,6,5,5,4,4,5,5,5,5,4,4,4
10574,1,1,2,2,2,1,1,1,1,2,2,2,1,1,1,1,2,2,2,1,2
10575,31,30,28,26,22,22,22,27,29,28,27,22,21,20,25,26,25,24,20,21,22
10576,0,0,0,0,0,0,0,0,0,0,0,0,0,0,0,0,0,0,0,0,0
10577,0,1,1,0,0,0,0,1,1,1,0,0,0,0,1,1,1,0,0,0,0
10578,2,2,2,1,1,1,1,1,2,2,1,1,1,1,1,2,2,1,1,1,1
10579,1,1,1,1,1,1,2,2,2,2,2,2,2,2,2,2,2,2,2,2,2
10580,1,1,1,1,1,1,1,1,1,1,1,1,1,1,1,1,1,1,1,1,1
10581,0,0,0,0,0,0,0,0,0,0,0,0,0,0,0,0,0,0,0,0,0
10582,0,0,0,0,0,0,0,0,0,0,0,0,0,0,0,0,0,0,0,0,0
10583,0,0,0,0,0,0,0,0,0,0,0,0,0,0,0,0,0,0,0,0,0
10584,0,0,0,0,0,0,0,0,0,0,0,0,0,0,0,0,0,0,0,0,0
10585,0,0,0,0,0,0,0,0,0,0,0,0,0,0,0,0,0,0,0,0,0
10586,0,0,0,0,0,0,0,0,0,0,0,0,0,0,0,0,0,0,0,0,0
10587,61,62,59,52,47,42,44,54,62,68,65,59,50,50,65,79,90,80,69,60,64
10588,11,12,12,10,9,8,8,10,10,10,8,7,6,6,7,7,8,7,6,6,6
10589,3,2,2,2,2,2,2,2,2,2,2,2,2,2,2,2,2,2,2,2,2
10590,0,0,0,0,0,0,0,0,0,0,0,0,0,0,0,0,0,0,0,0,0
10591,1,1,1,1,1,1,1,1,1,1,1,1,1,1,1,1,1,1,1,1,1
10592,4,5,5,3,3,3,3,4,5,5,3,3,3,3,4,5,5,3,3,3,3
10593,1,2,1,1,1,1,1,1,2,1,1,1,1,1,1,2,1,1,1,1,1
10594,0,0,0,0,0,0,0,0,0,0,0,0,0,0,0,0,0,0,0,0,0
10595,0,0,0,0,0,0,0,0,0,0,0,0,0,0,0,0,0,0,0,0,0
10596,1,1,1,1,0,0,1,1,1,1,1,0,0,1,1,1,1,1,0,0,1
10597,0,0,0,1,1,1,0,1,0,1,1,1,1,0,1,1,1,1,1,1,0
10598,0,0,0,0,0,0,0,0,0,0,0,0,0,0,0,0,0,0,0,0,0
10599,9,12,10,9,8,9,9,9,12,10,9,8,9,9,9,12,10,9,8,9,9
10600,9,12,9,8,6,8,7,9,12,9,8,6,8,7,9,12,9,8,6,8,7
10601,14,12,12,10,7,11,9,14,12,12,10,7,11,9,14,12,12,10,7,11,9
10602,0,0,0,0,0,0,0,0,0,0,0,0,0,0,0,0,0,0,0,0,0
10603,0,0,0,0,0,0,0,0,0,0,0,0,0,0,0,0,0,0,0,0,0
10604,1,1,1,1,1,1,1,1,1,1,1,1,1,1,1,1,1,1,1,1,1
10605,0,0,0,0,0,0,0,0,0,0,0,0,0,0,0,0,0,0,0,0,0
10606,0,0,0,0,0,0,0,0,0,0,0,0,0,0,0,0,0,0,0,0,0
10607,0,0,0,0,0,0,0,0,0,0,0,0,0,0,0,0,0,0,0,0,0
10608,1,1,1,2,2,2,1,1,1,1,2,2,2,1,1,1,1,2,2,2,1
10609,0,0,0,0,0,0,0,0,0,0,0,0,0,0,0,0,0,0,0,0,0
10610,0,0,0,0,0,0,0,0,0,0,0,0,0,0,0,0,0,0,0,0,0
10611,2,1,1,2,1,1,1,2,1,1,2,1,1,1,2,1,1,2,1,1,1
10612,1,1,1,1,1,1,1,1,1,1,1,1,1,1,1,1,1,1,1,1,1
10613,0,0,0,0,0,0,0,0,0,0,0,0,0,0,0,0,0,0,0,0,0
10614,0,0,0,0,0,0,0,0,0,0,0,0,0,0,0,0,0,0,0,0,0
10615,0,0,0,0,0,0,0,0,0,0,0,0,0,0,0,0,0,0,0,0,0
10616,0,0,0,0,0,0,0,0,0,0,0,0,0,0,0,0,0,0,0,0,0
10617,0,0,0,0,0,0,0,0,0,0,0,0,0,0,0,0,0,0,0,0,0
10618,0,0,0,0,0,0,0,0,0,0,0,0,0,0,0,0,0,0,0,0,0
10619,1,0,0,0,0,0,0,1,0,0,0,0,0,0,1,0,0,0,0,0,0
10620,0,0,0,0,0,0,0,0,0,0,0,0,0,0,0,0,0,0,0,0,0
10621,0,0,0,0,0,0,0,0,0,0,0,0,0,0,0,0,0,0,0,0,0
10622,1,1,1,1,1,1,1,1,1,1,1,1,1,1,1,1,1,1,1,1,1
10623,0,0,0,0,0,0,0,0,0,0,0,0,0,0,0,0,0,0,0,0,0
10624,6,6,5,4,4,4,4,6,6,5,4,4,4,4,6,6,5,4,4,4,4
10625,0,0,0,0,0,0,0,0,0,0,0,0,0,0,0,0,0,0,0,0,0
10626,1,1,1,1,0,0,1,1,1,1,1,0,0,1,1,1,1,1,0,0,1
10627,1,1,1,1,1,1,1,1,1,1,1,1,1,1,1,1,1,1,1,1,1
10628,0,0,0,0,0,0,0,0,0,0,0,0,0,0,0,0,0,0,0,0,0
10629,0,0,0,0,0,0,0,0,0,0,0,0,0,0,0,0,0,0,0,0,0
10630,0,0,0,0,0,0,0,0,0,0,0,0,0,0,0,0,0,0,0,0,0
10631,0,0,0,0,0,0,0,0,0,0,0,0,0,0,0,0,0,0,0,0,0
10632,1,1,1,1,1,1,1,1,1,1,1,1,1,1,1,1,1,1,1,1,1
10633,0,0,0,0,0,0,0,0,0,0,0,0,0,0,0,0,0,0,0,0,0
10634,1,1,1,1,1,1,1,1,1,1,1,1,1,1,1,1,1,1,1,1,1
10635,2,2,2,2,2,2,2,2,2,2,2,2,2,2,2,2,2,2,2,2,2
10636,0,0,0,0,0,0,0,0,0,0,0,0,0,0,0,0,0,0,0,0,0
10637,0,0,0,0,0,0,0,0,0,0,0,0,0,0,0,0,0,0,0,0,0
10638,0,0,0,0,0,0,0,0,0,0,0,0,0,0,0,0,0,0,0,0,0
10639,1,0,0,0,0,0,0,1,0,0,0,0,0,0,1,0,0,0,0,0,0
10640,0,0,0,0,0,0,0,0,0,0,0,0,0,0,0,0,0,0,0,0,0
10641,0,0,0,0,0,0,0,0,0,0,0,0,0,0,0,0,0,0,0,0,0
10642,0,0,0,0,0,0,0,0,0,0,0,0,0,0,0,0,0,0,0,0,0
10643,0,0,0,0,0,0,0,0,0,0,0,0,0,0,0,0,0,0,0,0,0
10644,0,0,0,0,0,0,0,0,0,0,0,0,0,0,0,0,0,0,0,0,0
10645,0,0,0,0,0,0,0,0,0,0,0,0,0,0,0,0,0,0,0,0,0
10646,0,0,0,0,0,0,0,0,0,0,0,0,0,0,0,0,0,0,0,0,0
10647,0,0,0,0,0,0,0,0,0,0,0,0,0,0,0,0,0,0,0,0,0
10648,0,0,0,0,0,0,0,0,0,0,0,0,0,0,0,0,0,0,0,0,0
10649,0,1,0,1,0,1,1,1,1,0,1,0,1,0,1,1,0,1,0,1,0
10650,0,0,0,0,0,0,0,0,0,0,0,0,0,0,0,0,0,0,0,0,0
10651,0,0,0,0,0,0,0,0,0,0,0,0,0,0,0,0,0,0,0,0,0
10652,0,0,0,0,0,0,0,0,0,0,0,0,0,0,0,0,0,0,0,0,0
10653,0,0,0,0,0,0,0,0,0,0,0,0,0,0,0,0,0,0,0,0,0
10654,0,0,0,0,0,0,1,0,0,0,0,0,0,1,0,0,0,0,0,0,1
10655,0,0,0,0,0,0,0,0,0,0,0,0,0,0,0,0,0,0,0,0,0
10656,0,0,0,0,0,0,0,0,0,0,0,0,0,0,0,0,0,0,0,0,0
10657,0,0,0,0,0,0,0,0,0,0,0,0,0,0,0,0,0,0,0,0,0
10658,0,0,0,0,0,0,0,0,0,0,0,0,0,0,0,0,0,0,0,0,0
10659,0,0,0,0,0,0,0,0,0,0,0,0,0,0,0,0,0,0,0,0,0
10660,0,0,0,0,0,0,0,0,0,0,0,0,0,0,0,0,0,0,0,0,0
10661,0,0,0,0,0,0,0,0,0,0,0,0,0,0,0,0,0,0,0,0,0
10662,0,0,0,0,0,0,0,0,0,0,0,0,0,0,0,0,0,0,0,0,0
10663,0,0,0,0,0,0,0,0,0,0,0,0,0,0,0,0,0,0,0,0,0
10664,0,0,0,0,0,0,0,0,0,0,0,0,0,0,0,0,0,0,0,0,0
10665,0,0,0,0,0,0,0,0,0,0,0,0,0,0,0,0,0,0,0,0,0
10666,0,0,0,0,0,0,0,0,0,0,0,0,0,0,0,0,0,0,0,0,0
10667,0,0,0,0,0,0,0,0,0,0,0,0,0,0,0,0,0,0,0,0,0
10668,0,0,0,0,0,0,0,0,0,0,0,0,0,0,0,0,0,0,0,0,0
10669,0,0,0,0,0,0,0,0,0,0,0,0,0,0,0,0,0,0,0,0,0
10670,0,0,0,0,0,0,0,0,0,0,0,0,0,0,0,0,0,0,0,0,0
10671,0,0,0,0,0,0,0,0,0,0,0,0,0,0,0,0,0,0,0,0,0
10672,0,0,0,0,0,0,0,0,0,0,0,0,0,0,0,0,0,0,0,0,0
10673,0,0,0,0,0,0,0,0,0,0,0,0,0,0,0,0,0,0,0,0,0
10674,0,0,0,0,0,0,0,0,0,0,0,0,0,0,0,0,0,0,0,0,0
10675,0,0,0,0,0,0,0,0,0,0,0,0,0,0,0,0,0,0,0,0,0
10676,0,0,0,0,0,0,0,0,0,0,0,0,0,0,0,0,0,0,0,0,0
10677,0,0,0,0,0,0,0,0,0,0,0,0,0,0,0,0,0,0,0,0,0
10678,21,25,26,26,21,19,18,21,25,26,26,21,19,18,21,25,26,26,21,19,18
10679,5,6,5,5,4,4,4,5,6,5,5,4,4,4,5,6,5,5,4,4,4
10680,0,1,1,1,0,0,0,1,1,1,1,0,0,0,1,1,1,1,0,0,0
10681,0,0,0,0,0,0,0,0,0,0,0,0,0,0,0,0,0,0,0,0,0
10682,1,1,1,1,1,1,1,1,1,1,1,1,1,1,1,1,1,1,1,1,1
10683,1,1,1,1,1,1,1,1,1,1,1,1,1,1,1,1,1,1,1,1,1
10684,0,0,0,0,0,0,0,0,0,0,0,0,0,0,0,0,0,0,0,0,0
10685,0,0,0,0,0,0,0,0,0,0,0,0,0,0,0,0,0,0,0,0,0
10686,0,0,0,0,0,0,0,0,0,0,0,0,0,0,0,0,0,0,0,0,0
10687,0,0,0,0,0,0,0,0,0,0,0,0,0,0,0,0,0,0,0,0,0
10688,0,0,0,0,0,0,0,0,0,0,0,0,0,0,0,0,0,0,0,0,0
10689,0,0,0,0,0,0,0,0,0,0,0,0,0,0,0,0,0,0,0,0,0
10690,0,0,0,0,0,0,0,0,0,0,0,0,0,0,0,0,0,0,0,0,0
10691,0,0,0,0,0,0,0,0,0,0,1,0,0,0,0,0,0,0,0,0,0
10692,0,0,0,0,0,0,0,0,0,0,0,0,0,0,0,0,0,0,0,0,0
10693,0,0,0,0,0,0,0,0,0,0,0,0,0,0,0,0,0,0,0,0,0
10694,0,0,1,0,0,1,1,0,0,1,0,0,1,1,0,0,1,0,0,1,1
10695,0,0,0,0,0,0,0,0,0,0,0,0,0,0,0,0,0,0,0,0,0
10696,0,0,0,0,0,0,0,0,0,0,0,0,0,0,0,0,0,0,0,0,0
10697,0,0,0,0,0,0,0,0,0,0,0,0,0,0,0,0,0,0,0,0,0
10698,0,0,0,0,0,0,0,0,0,0,0,0,0,0,0,0,0,0,0,0,0
10699,0,0,0,1,2,0,0,0,0,0,1,2,0,0,0,0,0,1,2,0,0
10700,1,2,1,2,2,1,2,1,2,1,3,3,1,3,1,2,1,2,2,0,1
10701,2,6,3,2,2,0,1,2,6,3,2,2,0,1,2,6,3,1,2,0,1
10702,0,1,0,0,2,1,0,0,1,0,0,2,1,0,0,0,0,0,2,1,0
10703,1,1,1,1,1,0,0,1,1,1,1,1,0,0,1,1,1,1,1,0,0
10704,2,1,1,1,1,0,0,1,1,1,1,1,0,0,1,1,1,1,1,0,0
10705,1,2,6,1,0,1,3,2,2,6,1,0,1,3,2,2,6,1,0,1,3
10706,0,0,0,0,0,0,0,0,0,0,0,0,0,0,0,0,0,0,0,0,0
10707,1,1,1,1,1,1,1,1,1,1,1,1,1,1,1,1,1,1,1,1,1
10708,0,0,0,0,0,0,0,0,0,0,0,0,0,0,0,0,0,0,0,0,0
10709,1,1,1,1,1,1,1,1,1,1,2,2,1,1,2,2,3,3,2,2,2
10710,0,0,0,0,0,0,0,0,0,0,0,0,0,0,0,0,0,0,0,0,0
10711,1,1,1,1,1,1,1,1,1,1,1,1,1,1,1,1,1,1,1,1,1
10712,0,1,1,1,0,0,0,0,1,1,1,0,0,0,0,1,1,1,0,0,0
10713,3,3,3,3,3,2,3,3,3,3,3,2,2,2,2,2,2,2,2,2,2
10714,2,2,2,2,1,1,1,1,2,2,2,1,1,1,1,2,2,2,1,1,1
10715,0,0,0,0,0,0,0,0,0,0,0,0,0,0,0,0,0,0,0,0,0
10716,1,1,1,1,1,0,0,1,1,1,1,1,0,0,1,1,1,1,1,0,0
10717,0,0,0,0,0,0,0,0,0,0,0,0,0,0,0,0,0,0,0,0,0
10718,0,0,0,0,0,0,0,0,0,0,0,0,0,0,0,0,0,0,0,0,0
10719,0,0,0,0,0,0,0,0,0,0,0,0,0,0,0,0,0,0,0,0,0
10720,2,2,2,2,2,0,0,2,2,2,2,2,0,0,2,2,2,2,2,0,0
10721,0,0,0,0,0,0,0,0,0,0,0,0,0,0,0,0,0,0,0,0,0
10722,0,0,0,0,0,0,0,0,1,0,0,0,0,0,0,1,0,0,0,0,0
10723,1,2,2,2,2,1,1,1,2,2,2,2,1,1,1,2,2,2,2,1,1
10724,2,3,2,2,2,2,2,2,3,2,2,2,2,2,2,3,2,3,2,2,2
10725,0,0,0,0,0,0,0,0,0,0,0,0,0,0,0,0,0,0,0,0,0
10726,6,8,8,6,3,3,3,6,8,8,6,3,3,3,6,8,8,6,3,3,3
10727,14,14,13,11,10,10,11,14,15,15,14,12,11,12,16,19,19,18,16,18,23
10728,3,3,3,3,3,3,2,3,3,3,3,3,3,2,3,3,3,3,3,3,2
10729,12,10,8,8,8,5,4,6,6,6,7,8,6,4,6,6,6,7,7,5,4
10730,1,1,1,1,1,1,1,1,1,1,1,1,1,1,1,1,1,1,1,1,1
10731,1,1,1,1,1,1,1,1,1,1,1,1,1,1,1,1,1,1,1,1,1
10732,6,6,5,5,5,5,5,6,6,5,5,5,5,5,6,6,5,5,5,5,5
10733,8,8,7,6,5,5,6,7,8,7,6,6,6,6,8,8,7,6,6,6,6
10734,7,8,7,5,5,5,6,6,7,6,6,6,6,6,7,8,7,6,7,7,8
10735,2,4,4,4,4,3,4,4,5,5,5,4,4,4,5,5,5,5,4,4,4
10736,1,1,1,1,1,1,1,1,1,1,1,1,0,1,1,1,1,0,1,0,1
10737,0,1,1,0,1,0,0,0,1,1,0,1,0,0,0,1,1,0,1,0,0
10738,1,1,1,1,1,1,1,1,1,1,1,1,1,1,1,1,1,1,1,1,1
10739,1,2,2,1,1,1,1,1,1,1,1,1,1,1,1,2,2,1,1,1,1
10740,20,22,22,20,17,15,16,20,21,21,19,17,15,16,19,21,22,20,18,16,16
10741,0,1,0,0,0,0,0,1,1,0,0,0,0,0,1,1,0,0,0,0,0
10742,1,1,1,1,1,1,1,1,1,1,1,1,1,1,1,1,1,1,1,1,1
10743,1,1,1,1,1,1,0,1,1,1,1,1,1,0,1,1,1,1,1,1,0
10744,1,1,2,2,2,1,1,1,1,2,2,2,1,1,1,1,2,2,2,1,1
10745,10,9,9,9,9,8,9,10,9,9,9,9,8,9,10,9,9,9,9,8,9
10746,1,1,1,1,1,1,1,1,1,1,1,1,1,1,1,1,1,1,1,1,1
10747,0,0,0,0,0,0,0,0,0,0,0,0,0,0,0,0,0,0,0,0,0
10748,0,0,0,0,0,0,0,0,0,0,0,0,0,0,0,0,0,0,0,0,0
10749,0,0,0,0,0,0,0,0,0,0,0,0,0,0,0,0,0,0,0,0,0
10750,0,0,0,0,0,0,0,0,0,0,0,0,0,0,0,0,0,0,0,0,0
10751,0,0,0,0,0,0,0,0,0,0,0,0,0,0,0,0,0,0,0,0,0
10752,0,0,0,0,0,0,0,0,0,0,0,0,0,0,0,0,0,0,0,0,0
10753,0,0,0,0,0,0,0,0,0,0,0,0,0,0,0,0,0,0,0,0,0
10754,0,0,0,0,0,0,0,0,0,0,0,0,0,0,0,0,0,0,0,0,0
10755,1,1,1,1,1,1,0,0,0,0,1,1,1,0,0,0,0,1,1,1,0
10756,0,0,0,0,0,0,0,0,0,0,0,0,0,0,0,0,0,0,0,0,0
10757,0,0,0,0,0,0,0,0,0,0,0,0,0,0,0,0,0,0,0,0,0
10758,0,0,0,0,0,0,0,0,0,0,0,0,0,0,0,0,0,0,0,0,0
10759,0,0,0,0,0,0,0,0,0,0,0,0,0,0,0,0,0,0,0,0,0
10760,0,0,0,0,0,0,0,0,0,0,0,0,0,0,0,0,0,0,0,0,0
10761,0,0,0,0,0,0,0,0,0,0,0,0,0,0,0,0,0,0,0,0,0
10762,0,0,0,0,0,0,0,0,0,0,0,0,0,0,0,0,0,0,0,0,0
10763,0,0,0,0,0,0,0,0,0,0,0,0,0,0,0,0,0,0,0,0,0
10764,0,0,0,0,0,0,0,0,0,0,0,0,0,0,0,0,0,0,0,0,0
10765,0,0,0,0,0,0,0,0,0,0,0,0,0,0,0,0,0,0,0,0,0
10766,0,0,0,0,0,0,0,0,0,0,0,0,0,0,0,0,0,0,0,0,0
10767,1,1,1,1,0,0,1,1,1,1,1,0,0,0,1,1,1,1,0,0,1
10768,0,0,0,0,0,0,0,0,0,0,0,0,0,0,0,0,0,0,0,0,0
10769,0,0,0,0,0,0,0,0,0,0,0,0,0,0,0,0,0,0,0,0,0
10770,1,0,0,0,0,0,1,1,0,0,0,0,0,1,1,0,0,0,0,0,1
10771,0,0,0,0,0,0,0,0,0,0,0,0,0,0,0,0,0,0,0,0,0
10772,0,0,0,0,0,0,0,0,0,0,0,0,0,0,0,0,0,0,0,0,0
10773,0,0,0,0,0,0,0,0,0,0,0,0,0,0,0,0,0,0,0,0,0
10774,1,1,1,1,1,1,1,1,1,1,1,1,1,1,1,1,1,1,1,1,1
10775,1,1,1,1,1,0,1,1,1,1,1,1,0,1,1,1,1,1,1,0,1
10776,6,7,8,8,6,6,5,6,7,8,8,6,5,5,6,7,7,8,6,5,5
10777,2,2,2,2,2,2,2,2,2,2,2,2,2,2,2,2,2,2,2,2,2
10778,6,6,6,5,5,4,5,6,7,6,5,5,4,5,6,6,6,5,5,4,5
10779,2,2,2,2,2,2,2,2,2,2,2,2,2,2,2,2,2,2,2,2,2
10780,4,4,3,4,3,3,3,5,5,4,4,4,4,4,5,5,5,5,4,4,5
10781,0,0,0,0,0,0,0,0,0,0,0,0,0,0,0,0,0,0,0,0,0
10782,0,0,0,0,0,0,0,0,0,0,0,0,0,0,0,0,0,0,0,0,0
10783,1,1,0,0,0,0,1,1,1,0,0,0,0,0,1,1,0,0,0,0,0
10784,0,0,0,0,0,0,0,0,0,0,0,0,0,0,0,0,0,0,0,0,0
10785,0,0,0,0,0,0,0,0,0,0,0,0,0,0,0,0,0,0,0,0,0
10786,0,0,0,0,0,0,0,0,0,0,0,0,0,0,0,0,0,0,0,0,0
10787,0,0,0,0,0,0,0,0,0,0,0,0,0,0,0,0,0,0,0,0,0
10788,0,0,0,0,0,0,0,0,0,0,0,0,0,0,0,0,0,0,0,0,0
10789,1,2,2,2,1,1,1,1,2,2,2,1,1,1,1,2,2,2,1,1,1
10790,1,1,1,1,1,1,1,1,1,1,1,1,1,1,1,1,1,1,1,1,1
10791,4,4,4,3,3,3,4,4,4,4,3,3,4,4,4,4,4,4,4,4,4
10792,8,8,8,7,6,5,5,6,7,7,7,6,5,5,6,7,8,7,7,6,5
10793,0,0,0,0,0,0,0,0,0,0,0,0,0,0,0,0,0,0,0,0,0
10794,0,1,1,1,0,0,0,0,1,1,1,0,0,0,0,1,1,1,0,0,0
10795,1,2,1,1,1,1,1,1,2,1,1,1,1,1,1,2,1,1,1,1,1
10796,2,3,3,3,2,2,1,2,3,3,3,2,2,1,2,3,3,3,2,2,1
10797,0,0,0,0,0,0,0,0,0,0,0,0,0,0,0,0,0,0,0,0,0
10798,1,1,2,1,1,1,1,1,1,2,1,1,1,1,1,1,2,1,1,1,1
10799,2,2,2,2,1,2,2,2,2,2,2,1,1,2,2,2,2,2,1,2,2
10800,1,2,1,1,1,1,1,1,1,1,1,1,1,1,2,2,2,2,1,1,2
10801,0,0,0,0,0,0,0,0,0,0,0,0,0,0,0,0,0,0,0,0,0
10802,0,0,0,0,0,0,0,0,0,0,0,0,0,0,0,0,0,0,0,0,0
10803,0,0,0,0,0,0,0,0,0,0,0,0,0,0,0,0,0,0,0,0,0
10804,0,0,0,0,0,0,0,0,0,0,0,0,0,0,0,0,0,0,0,0,0
10805,0,0,0,0,0,0,0,0,0,0,0,0,0,0,0,0,0,0,0,0,0
10806,3,3,2,2,2,2,2,2,2,3,2,2,2,2,2,3,3,2,2,2,2
10807,0,1,1,0,0,0,0,0,1,1,1,0,0,0,0,1,1,0,0,0,0
10808,0,1,0,1,1,1,1,1,1,1,1,1,1,1,0,1,0,1,1,1,1
10809,0,0,0,0,0,0,0,0,0,0,0,0,0,0,0,0,0,0,0,0,0
10810,6,6,6,6,7,7,7,6,6,6,6,7,7,7,6,6,6,6,7,7,7
10811,0,0,0,0,0,0,0,0,0,0,0,0,0,0,0,0,0,0,0,0,0
10812,2,3,3,3,2,2,1,2,3,3,3,2,2,1,2,3,3,3,2,2,1
10813,1,1,1,1,1,1,1,1,1,1,1,1,1,1,1,1,1,1,1,1,1
10814,4,8,9,7,4,3,3,4,8,9,7,4,3,3,4,8,9,7,4,3,3
10815,2,3,3,3,3,1,1,2,2,3,4,3,1,1,2,2,3,3,3,1,1
10816,5,9,9,10,8,6,3,5,9,9,10,7,6,3,4,9,9,10,7,5,3
10817,4,6,6,5,4,3,3,4,5,5,4,4,3,3,4,5,5,4,4,3,3
10818,0,1,1,1,1,0,0,0,1,1,1,1,0,0,0,1,1,1,1,0,0
10819,0,0,0,0,0,0,0,0,0,0,0,0,0,0,0,0,0,0,0,0,0
10820,2,2,3,2,2,2,1,2,2,3,2,2,2,1,2,2,3,2,2,2,1
10821,5,6,6,4,3,3,3,4,5,5,4,3,3,3,4,5,5,4,3,3,3
10822,1,1,1,1,1,1,1,1,1,1,1,1,1,0,1,1,1,1,1,0,0
10823,1,1,1,1,1,1,1,1,1,1,1,1,1,1,1,1,1,1,1,1,1
10824,0,0,0,0,0,0,1,1,1,1,1,1,1,1,1,1,1,1,1,1,1
10825,1,1,1,1,1,1,1,1,1,1,1,1,1,1,1,1,1,1,1,1,1
10826,1,1,1,0,0,0,0,1,0,0,0,0,0,0,1,0,0,0,0,0,0
10827,1,2,2,1,1,1,1,1,2,2,1,1,1,1,1,1,2,1,1,1,1
10828,4,4,3,3,2,2,3,3,3,3,3,3,3,3,3,3,3,3,2,3,3
10829,0,0,0,0,0,0,0,0,0,0,0,0,0,0,0,0,0,0,0,0,0
10830,0,0,0,0,0,0,0,0,0,0,0,0,0,0,0,0,0,0,0,0,0
10831,0,0,0,0,0,0,0,0,0,0,0,0,0,0,0,0,0,0,0,0,0
10832,0,0,0,0,0,0,0,0,0,0,0,0,0,0,0,0,0,0,0,0,0
10833,0,0,0,0,0,0,0,0,0,0,0,0,0,0,0,0,0,0,0,0,0
10834,0,0,0,0,0,0,0,0,0,0,0,0,0,0,0,0,0,0,0,0,0
10835,1,1,1,1,1,1,1,1,1,1,1,1,1,1,1,1,1,1,1,1,1
10836,0,0,0,0,0,0,0,0,0,0,0,0,0,0,0,0,0,0,0,0,0
10837,0,0,0,0,0,0,0,0,0,0,0,0,0,0,0,0,0,0,0,0,0
10838,0,0,0,0,0,0,0,0,0,0,0,0,0,0,0,0,0,0,0,0,0
10839,0,0,0,0,0,0,0,0,0,0,0,0,0,0,0,0,0,0,0,0,0
10840,0,0,0,0,0,0,0,0,0,0,0,0,0,0,0,0,0,0,0,0,0
10841,0,0,0,0,0,0,0,0,0,0,0,0,0,0,0,0,0,0,0,0,0
10842,2,3,3,2,2,2,2,2,3,3,2,2,2,2,2,3,3,2,2,2,2
10843,0,0,0,0,0,0,0,0,0,0,0,0,0,0,0,0,0,0,0,0,0
10844,1,1,2,1,1,1,1,1,1,2,1,1,1,1,1,1,2,1,1,1,1
10845,0,0,0,0,0,0,0,0,0,0,0,0,0,0,0,0,0,0,0,0,0
10846,0,0,0,0,0,0,0,0,0,0,0,0,0,0,0,0,0,0,0,0,0
10847,14,13,14,13,12,10,11,14,15,16,14,11,7,7,7,7,7,6,5,4,4
10848,5,4,4,3,3,3,3,4,3,4,3,3,3,3,3,3,3,3,3,3,3
10849,0,0,0,0,0,0,0,0,0,0,0,0,0,0,0,0,0,0,0,0,0
10850,1,1,0,0,0,0,0,0,0,0,0,0,0,0,0,0,0,0,0,0,0
10851,0,0,0,0,0,0,0,0,0,0,0,0,0,0,0,0,0,0,0,0,0
10852,0,0,0,0,0,0,0,0,0,0,0,0,0,0,0,0,0,0,0,0,0
10853,4,5,5,6,5,5,5,5,5,5,5,5,4,4,4,5,4,4,4,4,4
10854,1,1,1,1,1,1,1,1,1,1,1,1,1,1,1,1,1,1,1,1,1
10855,0,0,0,0,0,0,0,0,0,0,0,0,0,0,0,0,0,0,0,0,0
10856,10,10,9,8,8,7,8,9,9,9,8,7,7,7,8,9,8,7,7,6,7
10857,2,3,3,2,2,2,3,3,3,3,2,2,2,3,2,2,2,2,2,2,3
10858,22,24,25,24,23,21,22,26,28,26,24,22,20,20,23,22,21,20,18,17,17
10859,91,116,128,120,107,98,106,126,146,138,126,109,102,106,111,124,128,120,101,95,104
10860,100,113,114,103,92,84,88,114,124,112,100,87,82,85,102,105,100,92,80,75,80
10861,0,0,0,0,0,0,0,0,0,0,0,0,0,0,0,0,0,0,0,0,0
10862,1,2,2,2,2,2,2,2,2,2,2,2,2,2,3,2,2,2,2,2,2
10863,25,24,23,20,18,17,20,24,22,21,18,16,15,18,21,19,17,15,14,13,16
10864,36,40,39,33,28,27,30,39,42,40,33,28,27,30,37,40,38,32,27,26,28
10865,1,1,2,1,1,0,0,1,1,2,1,1,0,0,1,1,2,1,1,0,0
10866,4,5,5,5,5,5,5,6,7,6,5,5,5,5,6,6,5,4,4,5,5
10867,19,20,20,21,20,17,20,22,24,22,22,20,17,20,22,22,21,20,18,16,19
10868,9,8,8,7,7,7,7,8,8,8,7,7,7,7,8,8,8,7,7,7,7
10869,82,88,92,85,81,79,88,103,108,99,86,78,78,83,90,89,87,80,72,72,83
10870,9,11,12,12,11,10,10,12,13,13,12,10,10,9,11,12,12,11,9,9,9
10871,10,11,12,11,10,9,10,12,14,14,13,11,11,12,12,13,13,12,10,10,10
10872,3,3,3,2,2,2,3,3,3,3,2,2,2,3,3,3,3,2,2,2,3
10873,0,1,0,1,1,0,0,0,1,1,1,1,0,0,0,1,1,1,1,0,0
10874,1,1,1,1,1,1,1,1,1,1,1,1,1,1,1,1,1,1,1,1,1
10875,4,5,5,6,5,4,4,4,5,5,6,5,4,4,4,5,5,6,5,4,4
10876,6,5,4,3,4,3,3,4,4,4,4,4,3,3,4,4,4,4,4,3,3
10877,1,1,1,1,1,0,1,1,1,1,1,1,0,1,1,1,1,1,1,0,1
10878,6,6,7,6,6,6,6,7,7,7,7,6,6,6,7,7,7,6,6,6,6
10879,93,111,121,123,112,91,89,106,118,117,116,105,85,84,98,107,109,110,100,82,82
10880,3,2,2,2,2,2,2,2,2,2,2,2,1,1,1,1,1,1,1,1,1
10881,0,0,0,0,0,0,0,0,0,0,0,0,0,0,0,0,0,0,0,0,0
10882,2,2,3,3,2,2,2,3,3,3,3,2,2,2,3,2,3,2,2,2,2
10883,4,3,3,3,3,2,3,3,3,3,2,2,2,2,2,2,2,2,2,2,2
10884,6,7,9,9,9,7,8,9,10,11,11,10,8,9,9,10,11,10,9,7,8
10885,5,5,6,6,5,5,5,6,6,6,5,5,5,5,6,5,5,5,5,5,5
10886,5,5,5,5,4,3,4,5,5,5,5,4,3,4,5,5,4,4,4,3,4
10887,7,6,6,6,6,6,6,6,6,6,5,4,3,3,3,3,3,3,2,2,3
10888,1,1,1,1,1,1,0,1,1,1,1,1,1,0,1,1,1,1,1,1,0
10889,2,1,1,1,1,1,1,1,1,1,1,1,1,1,1,1,1,1,1,1,1
10890,0,1,1,1,1,1,1,1,1,1,1,1,1,1,0,1,1,1,1,1,0
10891,0,0,0,0,0,0,0,0,0,0,0,0,0,0,0,0,0,0,0,0,0
10892,0,0,0,0,0,0,0,0,0,0,0,0,0,0,0,0,0,0,0,0,0
10893,0,0,0,0,0,0,0,0,0,0,0,0,0,0,0,0,0,0,0,0,0
10894,0,0,0,0,0,0,0,0,0,0,0,0,0,0,0,0,0,0,0,0,0
10895,0,0,0,0,0,0,0,0,0,0,0,0,0,0,0,0,0,0,0,0,0
10896,25,23,23,19,16,16,16,18,18,19,17,14,13,13,16,16,17,16,15,15,17
10897,0,0,0,0,0,0,0,0,0,0,0,0,0,0,0,0,0,0,0,0,0
10898,1,1,0,0,0,0,1,1,1,0,0,0,0,1,1,1,0,0,0,0,1
10899,0,0,0,0,0,0,0,0,1,0,0,0,0,0,1,1,0,1,0,1,0
10900,0,0,0,0,0,0,0,0,0,0,0,0,0,0,0,0,0,0,0,0,0
10901,0,0,0,0,0,0,0,0,0,0,0,0,0,0,0,0,0,0,0,0,0
10902,2,2,2,2,2,2,2,2,2,2,2,2,2,2,2,2,2,2,2,2,2
10903,0,0,0,0,0,0,0,0,0,0,0,0,0,0,0,0,0,0,0,0,0
10904,0,0,0,0,0,0,0,0,0,0,0,0,0,0,0,0,0,0,0,0,0
10905,0,0,0,0,0,0,0,0,0,0,0,0,0,0,0,0,0,0,0,0,0
10906,0,1,0,0,0,0,0,0,1,0,0,0,0,0,0,0,0,0,0,0,0
10907,2,2,2,1,1,1,1,1,1,1,1,1,1,1,1,1,1,1,1,1,1
10908,0,0,0,0,0,0,0,0,0,0,0,0,0,0,0,0,0,0,0,0,0
10909,0,0,0,0,0,0,0,0,0,0,0,0,0,0,0,0,0,0,0,0,0
10910,0,0,0,0,0,0,0,0,0,0,0,0,0,0,0,0,0,0,0,0,0
10911,1,1,2,2,2,2,2,2,2,2,2,2,2,2,2,2,2,2,1,2,1
10912,0,0,0,0,0,0,0,0,0,0,0,0,0,0,0,0,0,0,0,0,0
10913,0,0,0,0,0,0,0,0,0,0,0,0,0,0,0,0,0,0,0,0,0
10914,0,0,0,0,0,0,0,0,0,0,0,0,0,0,0,0,0,0,0,0,0
10915,1,1,1,1,1,1,1,1,1,1,1,1,1,1,1,1,1,1,1,1,1
10916,3,4,5,5,5,5,5,6,6,5,5,4,4,4,5,4,4,4,3,3,4
10917,0,0,0,0,0,0,0,0,0,0,0,0,0,0,0,0,0,0,0,0,0
10918,0,0,0,0,0,0,0,0,0,0,0,0,0,0,0,0,0,0,0,0,0
10919,0,0,0,0,0,0,0,0,0,0,0,0,0,0,0,0,0,0,0,0,0
10920,0,0,0,0,0,0,0,0,0,0,0,0,0,0,0,0,0,0,0,0,0
10921,21,22,21,19,16,14,15,18,21,20,18,16,14,15,17,19,19,17,14,13,13
10922,12,11,11,9,8,7,7,9,9,10,9,7,7,7,8,8,8,8,7,6,6
10923,10,11,11,9,8,7,7,9,10,9,8,7,6,6,7,8,8,7,6,5,5
10924,12,13,11,10,9,7,7,9,11,10,10,8,7,6,8,9,8,8,7,5,5
10925,12,13,12,11,10,9,9,11,12,12,11,10,9,9,11,11,11,11,10,8,8
10926,17,17,17,15,13,11,12,14,16,16,15,13,11,12,14,15,15,14,12,10,10
10927,2,3,3,3,3,2,2,2,3,3,3,3,2,2,2,3,3,3,3,2,2
10928,6,7,7,6,5,4,5,6,6,6,6,5,4,4,5,6,6,5,5,4,4
10929,94,118,123,111,94,81,90,112,133,128,116,100,89,92,107,121,125,117,96,85,94
10930,6,6,6,5,5,4,4,5,5,5,5,4,4,4,4,4,4,4,4,3,3
10931,1,2,2,1,1,1,1,2,2,2,1,1,1,1,2,2,2,1,1,1,2
10932,0,0,0,0,0,0,0,0,0,0,0,0,0,0,0,0,0,0,0,0,1
10933,8,7,7,6,5,5,5,6,6,6,6,5,4,5,5,5,6,5,5,4,4
10934,0,0,0,0,0,0,0,0,0,0,0,0,0,0,0,0,0,0,0,0,0
10935,0,0,0,0,0,0,0,0,0,0,0,0,0,0,0,0,0,0,0,0,0
10936,13,16,15,13,10,9,11,13,15,15,13,10,9,11,13,15,15,13,10,9,11
10937,6,8,7,7,6,4,5,6,8,7,7,6,4,5,6,8,7,7,6,4,5
10938,25,28,27,27,23,18,18,25,29,30,30,25,20,19,26,30,30,29,24,20,20
10939,493,539,570,523,420,330,335,381,472,494,466,379,311,299,383,483,534,523,457,379,381
10940,3,5,4,3,3,4,3,3,5,4,3,3,4,3,3,5,4,3,3,4,3
10941,2,3,3,4,4,2,2,2,3,3,4,4,1,1,2,3,3,4,4,2,2
10942,0,0,0,0,0,0,0,0,0,0,0,0,0,0,0,0,0,0,0,0,0
10943,0,0,0,0,0,0,0,0,0,0,0,0,0,0,0,0,0,0,0,0,0
10944,0,0,0,0,0,0,0,0,0,0,0,0,0,0,0,0,0,0,0,0,0
10945,26,31,31,29,26,22,21,26,31,31,29,26,22,21,26,31,31,29,26,22,21
10946,0,0,0,0,0,0,0,0,0,0,0,0,0,0,0,0,0,0,0,0,0
10947,0,0,0,0,0,0,0,0,0,0,0,0,0,0,0,0,0,0,0,0,0
10948,1,1,1,1,1,0,0,1,1,1,1,1,0,0,1,1,1,1,1,0,0
10949,8,9,8,7,6,6,6,7,8,8,7,6,5,6,6,7,7,7,6,5,5
10950,1,1,1,1,1,1,1,1,1,1,1,1,1,1,1,1,1,1,1,1,1
10951,3,3,3,2,2,2,2,2,3,2,2,2,2,2,3,3,3,2,2,2,2
10952,16,21,19,14,9,10,10,16,21,19,14,9,10,10,16,21,19,14,9,10,10
10953,21,29,32,41,38,25,20,22,29,33,41,38,25,20,22,29,33,41,38,25,21
10954,2,3,3,3,2,2,2,2,4,3,3,2,2,2,2,4,3,3,2,2,2
10955,1,1,1,1,1,1,1,1,1,1,1,1,1,1,1,1,1,1,1,1,1
10956,0,0,0,0,0,0,0,0,0,0,0,0,0,0,0,0,0,0,0,0,0
10957,0,0,0,0,0,0,0,0,0,0,0,0,0,0,0,0,0,0,0,0,0
10958,0,0,0,0,1,0,0,0,0,0,0,1,0,0,0,0,0,0,1,0,0
10959,0,0,0,0,0,0,0,0,0,0,0,0,0,0,0,0,0,0,0,0,0
10960,0,0,0,1,0,0,0,0,0,0,1,0,0,0,0,0,0,1,0,0,0
10961,2,2,3,3,3,2,2,2,2,3,3,3,2,2,2,2,3,3,3,2,2
10962,2,2,1,1,1,1,1,2,2,2,1,1,1,1,2,2,2,1,1,1,1
10963,20,20,19,18,16,17,16,21,20,19,18,16,17,16,21,20,19,18,16,17,16
10964,0,0,0,0,0,0,0,0,0,0,0,0,0,0,0,0,0,0,0,0,0
10965,1,1,1,1,1,1,1,1,1,1,1,0,1,1,1,1,1,1,0,1,1
10966,0,0,0,0,0,0,0,0,0,0,0,0,0,0,0,0,0,0,0,0,0
10967,0,0,0,0,0,0,0,0,0,0,0,0,0,0,0,0,0,0,0,0,0
10968,0,0,0,0,0,0,0,0,0,0,0,0,0,0,0,0,0,0,0,0,0
10969,0,0,0,0,0,0,0,0,0,0,0,0,0,0,0,0,0,0,0,0,0
10970,2,2,1,1,1,1,1,1,1,1,1,1,1,1,1,1,1,1,1,1,1
10971,0,0,0,0,0,0,0,0,0,0,0,0,0,0,0,0,0,0,0,0,0
10972,2,3,4,5,4,4,3,3,3,4,5,4,4,3,2,3,4,5,4,4,3
10973,0,0,0,0,0,0,0,0,0,0,0,0,0,0,0,0,0,0,0,0,0
10974,0,0,0,0,0,0,0,0,0,0,0,0,0,0,0,0,0,0,0,0,0
10975,0,0,0,0,0,0,0,0,0,0,0,0,0,0,0,0,0,0,0,0,0
10976,0,0,0,0,0,0,0,0,0,0,0,0,0,0,0,0,0,0,0,0,0
10977,0,0,0,0,0,0,0,0,0,0,0,0,0,0,0,0,0,0,0,0,0
10978,0,0,0,0,0,0,0,0,0,0,0,0,0,0,0,0,0,0,0,0,0
10979,0,0,0,0,0,0,0,0,0,0,0,0,0,0,0,0,0,0,0,0,0
10980,0,0,0,0,0,0,0,0,0,0,0,0,0,0,0,0,0,0,0,0,0
10981,0,0,0,0,0,0,0,0,0,0,0,0,0,0,0,0,0,0,0,0,0
10982,2,3,3,2,2,1,2,2,3,3,2,2,1,2,2,3,3,2,2,1,2
10983,2,3,3,2,1,2,2,2,3,3,2,1,2,2,2,3,3,2,1,2,2
10984,0,0,0,0,0,0,0,0,0,0,0,0,0,0,0,0,0,0,0,0,0
10985,4,5,5,4,3,3,3,4,5,5,4,3,3,3,4,5,5,4,3,3,3
10986,0,0,0,0,0,0,0,0,0,0,0,0,0,0,0,0,0,0,0,0,0
10987,39,41,40,37,34,31,32,37,40,39,38,35,32,32,38,40,40,38,34,33,35
10988,2,3,3,3,3,2,2,2,3,3,3,3,2,2,2,3,3,3,3,2,2
10989,0,1,1,0,0,0,0,0,1,1,0,0,0,0,0,1,1,0,0,0,0
10990,10,12,13,12,10,9,8,10,12,13,12,10,9,8,10,12,13,12,10,9,8
10991,0,0,0,0,0,0,0,0,0,0,0,0,0,0,0,0,0,0,0,0,0
10992,1,1,1,1,1,1,1,1,1,1,1,1,1,1,1,1,1,1,1,1,1
10993,0,0,0,0,0,0,0,0,0,0,0,0,0,0,0,0,0,0,0,0,0
10994,0,0,0,0,0,0,0,0,0,0,0,0,0,0,0,0,0,0,0,0,0
10995,29,30,30,28,24,21,22,28,33,35,34,29,25,26,30,33,34,33,27,23,23
10996,1,1,1,1,1,1,1,1,1,1,1,1,1,1,1,1,1,1,1,1,1
10997,0,0,0,0,0,0,0,0,0,0,0,0,0,0,0,0,0,0,0,0,0
10998,0,0,0,0,0,0,0,0,0,0,0,0,0,0,0,0,0,0,0,0,0
10999,13,15,16,12,12,10,10,13,15,16,12,12,10,10,13,15,16,12,12,10,10
11000,2,2,2,2,2,1,2,2,2,2,2,2,1,2,2,2,2,2,2,1,2
11001,17,20,21,19,17,13,12,17,20,21,19,17,13,12,17,20,21,19,17,13,12
11002,29,37,45,37,28,21,18,29,37,45,37,28,21,18,29,37,45,37,28,21,18
11003,2,2,2,2,2,1,1,2,2,2,2,2,1,1,2,2,2,2,2,2,2
11004,2,2,2,2,2,2,2,2,2,2,2,2,2,2,2,2,2,2,2,2,2
11005,127,163,191,166,132,114,84,127,163,191,166,132,114,84,127,163,191,166,132,114,84
11006,0,0,0,0,0,0,0,0,0,0,0,0,0,0,0,0,0,0,0,0,0
11007,0,0,0,0,0,0,0,0,0,0,0,0,0,0,0,0,0,0,0,0,0
11008,0,0,0,0,0,0,0,0,0,0,0,0,0,0,0,0,0,0,0,0,0
11009,1,1,1,1,0,1,1,1,1,1,1,0,1,1,1,1,1,1,0,1,1
11010,5,5,5,5,4,3,4,4,5,5,5,4,3,4,5,5,5,5,4,3,4
11011,1,1,1,1,1,1,1,1,1,1,1,1,1,1,1,1,1,1,1,1,1
11012,1,1,1,1,1,1,1,1,1,1,1,1,1,1,1,1,1,1,1,1,1
11013,2,2,2,2,2,2,1,2,2,2,2,2,2,1,2,2,2,2,2,2,1
11014,1,1,1,1,1,1,1,1,1,1,1,1,0,0,1,1,1,1,1,1,0
11015,0,0,0,0,0,0,0,0,0,0,0,0,0,0,0,0,0,0,0,0,0
11016,36,39,41,37,44,40,33,36,39,41,37,44,40,33,36,39,41,37,44,40,33
11017,5,6,5,5,4,3,3,5,6,5,5,4,3,3,5,6,5,5,4,3,3
11018,0,0,0,0,0,0,0,0,0,0,0,0,0,0,0,0,0,0,0,0,0
11019,3,4,3,4,3,3,3,3,4,3,4,3,3,3,3,4,3,4,3,3,3
11020,29,27,21,13,12,11,12,17,17,15,9,8,7,7,11,11,10,5,5,4,5
11021,4,6,5,4,3,3,3,5,6,5,4,3,3,3,5,6,5,4,3,3,3
11022,57,54,66,56,60,65,55,56,54,66,56,60,65,55,56,54,66,56,60,65,55
11023,0,0,0,1,1,0,0,0,0,0,1,0,0,0,0,0,0,1,1,0,0
11024,10,9,7,6,8,9,9,10,9,7,6,8,9,9,10,9,7,6,8,9,9
11025,0,0,0,0,0,0,0,0,0,0,0,0,0,0,0,0,0,0,0,0,0
11026,0,0,0,0,1,0,0,0,0,0,0,1,0,0,0,0,0,0,1,0,0
11027,0,0,0,0,0,0,0,0,0,0,0,0,0,0,0,0,0,0,0,0,0
11028,6,6,6,6,5,4,4,6,6,6,5,5,4,4,5,6,5,5,4,4,4
11029,0,0,0,0,0,0,0,1,0,0,0,0,0,0,1,0,0,0,0,0,0
11030,7,8,8,7,6,6,6,8,8,8,7,6,6,6,8,8,8,7,6,6,6
11031,0,0,0,0,0,0,0,0,0,0,0,0,0,0,0,0,0,0,0,0,0
11032,0,0,0,0,0,0,0,0,0,0,0,0,0,0,0,0,0,0,0,0,0
11033,0,0,0,0,0,0,0,0,0,0,0,0,0,0,0,0,0,0,0,0,0
11034,0,0,0,0,0,0,0,0,0,0,0,0,0,0,0,0,0,0,0,0,0
11035,0,0,0,0,0,0,0,0,0,0,0,0,0,0,0,0,0,0,0,0,0
11036,6,4,5,4,3,3,4,6,4,5,4,3,3,4,6,4,5,4,3,3,4
11037,3,2,2,2,2,2,2,3,2,2,2,2,2,2,3,2,2,2,2,2,2
11038,0,0,0,0,0,0,0,0,0,0,0,0,0,0,0,0,0,0,0,0,0
11039,0,0,0,0,0,0,0,0,0,0,0,0,0,0,0,0,0,0,0,0,0
11040,0,0,0,0,0,0,0,0,0,0,0,0,0,0,0,0,0,0,0,0,0
11041,0,0,0,0,0,0,0,0,0,0,0,0,0,0,0,0,0,0,0,0,0
11042,5,5,5,5,5,6,5,5,5,5,5,5,6,5,5,5,5,5,5,6,5
11043,0,0,0,0,0,0,0,0,0,0,0,0,0,0,0,0,0,0,0,0,0
11044,0,0,0,0,0,0,0,0,0,0,0,0,0,0,0,0,0,0,0,0,0
11045,0,0,0,0,0,0,0,0,0,0,0,0,0,0,0,0,0,0,0,0,0
11046,2,2,2,2,2,2,2,2,2,2,2,2,2,2,2,2,2,2,2,2,2
11047,0,0,1,1,0,0,0,0,0,1,1,0,0,0,0,0,1,1,0,0,0
11048,1,1,1,1,0,0,0,1,1,1,1,0,0,0,1,1,1,1,0,0,0
11049,2,2,2,2,2,2,2,2,3,3,2,2,2,2,3,3,3,2,2,2,2
11050,0,0,0,0,0,0,0,0,0,0,0,0,0,0,0,0,0,0,0,0,0
11051,0,0,0,0,0,0,0,0,0,0,0,0,0,0,0,0,0,0,0,0,0
11052,1,1,1,1,1,1,1,1,1,1,1,1,1,1,1,1,1,1,1,1,1
11053,0,0,0,0,0,0,0,0,0,0,0,0,0,0,0,0,0,0,0,0,0
11054,0,0,0,0,0,0,0,0,0,0,0,0,0,0,0,0,0,0,0,0,0
11055,0,0,0,0,0,0,0,0,0,0,0,0,0,0,0,0,0,0,0,0,0
11056,0,0,0,0,0,0,1,1,1,1,1,1,1,1,1,1,1,1,1,1,1
11057,0,0,0,0,0,0,0,0,0,0,0,0,0,0,0,0,0,0,0,0,0
11058,0,0,0,0,0,0,0,0,0,0,0,0,0,0,0,0,0,0,0,0,0
11059,0,0,0,0,0,0,0,0,0,0,0,0,0,0,0,0,0,0,0,0,0
11060,0,0,0,0,0,0,0,0,0,0,0,0,0,0,0,0,0,0,0,0,0
11061,0,0,0,0,0,0,0,0,0,0,0,0,0,0,0,0,0,0,0,0,0
11062,0,0,0,0,0,0,0,0,0,0,0,0,0,0,0,0,0,0,0,0,0
11063,0,0,0,0,0,0,0,0,0,0,0,0,0,0,0,0,0,0,0,0,0
11064,8,8,8,8,7,6,7,8,8,8,8,7,6,7,8,8,8,8,7,6,7
11065,0,0,0,0,0,0,0,0,0,0,0,0,0,0,0,0,0,0,0,0,0
11066,0,0,0,0,0,0,0,0,0,0,0,0,0,0,0,0,0,0,0,0,0
11067,0,0,0,0,0,0,0,0,0,0,0,0,0,0,0,0,0,0,0,0,0
11068,0,0,0,0,0,0,0,0,1,0,0,0,0,1,1,1,0,0,0,1,1
11069,0,0,1,0,0,0,0,1,0,1,0,0,0,0,1,0,1,0,0,0,0
11070,0,0,0,0,0,0,0,0,0,0,0,0,0,0,0,0,0,0,0,0,0
11071,0,0,0,0,0,0,0,0,0,0,0,0,0,0,0,0,0,0,0,0,0
11072,1,1,1,1,0,0,0,0,0,0,0,0,0,0,0,0,0,0,0,0,0
11073,2,2,2,1,1,1,1,2,2,2,1,1,1,1,2,2,2,1,1,1,2
11074,17,18,18,17,15,14,14,17,18,17,16,14,13,14,16,17,16,14,12,12,12
11075,0,1,1,1,0,0,0,0,1,1,1,0,0,0,0,1,1,1,0,0,0
11076,2,2,1,1,1,1,1,1,2,1,1,1,1,1,1,1,1,1,1,1,1
11077,0,0,0,0,0,0,0,0,0,0,0,0,0,0,0,0,0,0,0,0,0
11078,0,0,0,0,0,0,0,0,0,0,0,0,0,0,0,0,0,0,0,0,0
11079,0,0,0,0,0,0,0,0,0,0,0,0,0,0,0,0,0,0,0,0,0
11080,0,0,0,0,0,0,0,0,0,0,0,0,0,0,0,0,0,0,0,0,0
11081,0,0,0,0,0,0,0,0,0,0,0,0,0,0,0,0,0,0,0,0,0
11082,0,0,0,0,0,0,0,0,0,0,0,0,0,0,0,0,0,0,0,0,0
11083,0,0,0,0,0,0,0,0,0,0,0,0,0,0,0,0,0,0,0,0,0
11084,0,0,0,0,0,0,0,0,0,0,0,0,0,0,0,0,0,0,0,0,0
11085,0,0,0,0,0,0,0,0,0,0,0,0,0,0,0,0,0,0,0,0,0
11086,0,0,0,0,0,0,0,0,0,0,0,0,0,0,0,0,0,0,0,0,0
11087,0,0,0,0,0,0,0,0,0,0,0,0,0,0,0,0,0,0,0,0,0
11088,0,0,0,0,0,0,0,0,0,0,0,0,0,0,0,0,0,0,0,0,0
11089,0,0,0,1,0,0,0,0,0,0,1,0,0,0,0,0,0,0,0,0,0
11090,1,1,1,1,1,1,1,1,1,1,1,1,1,1,1,1,1,1,1,1,1
11091,1,1,1,1,1,1,1,1,1,1,1,1,1,1,1,1,1,1,1,1,1
11092,0,0,0,0,0,0,0,0,0,0,0,0,0,0,0,0,0,0,0,0,0
11093,6,5,4,4,4,3,3,3,4,4,3,3,3,3,3,3,3,3,3,3,3
11094,0,0,0,0,0,0,0,0,0,0,0,0,0,0,0,0,0,0,0,0,0
11095,0,0,0,0,0,0,0,0,0,0,0,0,0,0,0,0,0,0,0,0,0
11096,1,1,1,1,1,0,0,1,1,1,1,1,0,0,1,1,1,1,1,0,0
11097,0,0,0,0,0,0,0,0,0,0,0,0,0,0,0,0,0,0,0,0,0
11098,0,0,0,0,0,0,0,0,0,0,0,0,0,0,0,0,0,0,0,0,0
11099,0,0,0,0,0,0,0,0,0,0,0,0,0,0,0,0,0,0,0,0,0
11100,0,0,0,0,0,0,0,0,0,0,0,0,0,0,0,0,0,0,0,0,0
11101,0,0,0,0,0,0,0,0,0,0,0,0,0,0,0,0,0,0,0,0,0
11102,0,0,0,0,0,0,0,0,0,0,0,0,0,0,0,0,0,0,0,0,0
11103,0,0,0,0,0,0,0,0,0,0,0,0,0,0,0,0,0,0,0,0,0
11104,1,1,0,0,0,1,1,1,1,0,0,0,1,1,1,1,0,0,0,1,1
11105,2,2,2,1,1,1,1,1,2,1,1,1,1,1,2,2,2,1,1,1,1
11106,6,7,8,8,7,5,5,7,8,9,9,8,6,5,6,7,7,7,6,5,4
11107,0,0,0,0,0,0,0,0,0,0,0,0,0,0,0,0,0,0,0,0,0
11108,1,1,1,1,1,1,1,1,1,1,1,1,1,1,1,1,1,1,1,1,1
11109,0,0,0,0,0,0,0,0,0,0,0,0,0,0,0,0,0,0,0,0,0
11110,0,1,1,1,1,0,0,1,1,1,1,1,0,0,0,1,1,1,1,0,0
11111,0,0,0,0,0,0,0,0,0,0,0,0,0,0,0,0,0,0,0,0,0
11112,1,1,0,0,0,0,1,1,0,0,0,0,0,0,1,1,0,0,0,0,0
11113,0,0,0,0,0,0,0,0,0,0,0,0,0,0,0,0,0,0,0,0,0
11114,1,1,1,1,1,1,1,1,1,1,1,1,1,1,1,1,1,1,1,1,1
11115,0,0,0,0,0,0,0,0,0,0,0,0,0,0,0,0,0,0,0,0,0
11116,1,1,1,0,1,0,1,1,1,1,0,1,0,1,1,1,1,0,1,0,1
11117,3,3,3,2,2,2,2,3,3,3,2,2,2,2,3,3,3,2,2,2,2
11118,50,53,49,42,34,31,32,39,42,44,45,38,34,33,40,40,41,40,33,29,28
11119,6,5,6,5,5,5,5,6,5,6,5,5,5,5,6,5,6,5,5,5,5
11120,0,0,0,0,0,0,0,0,0,0,0,0,0,0,0,0,0,0,0,0,0
11121,0,0,0,0,0,0,0,0,0,0,0,0,0,0,0,0,0,0,0,0,0
11122,0,0,0,0,0,0,0,0,0,0,0,0,0,0,0,0,0,0,0,0,0
11123,10,10,10,9,9,8,8,9,9,9,9,9,8,8,9,9,9,9,9,8,8
11124,2,2,2,3,2,2,2,2,2,2,3,2,2,2,2,2,2,3,2,2,2
11125,17,19,19,17,16,14,15,16,19,18,16,15,14,14,15,17,16,15,14,12,13
11126,1,2,2,2,2,2,2,3,3,3,2,2,2,2,2,2,2,2,2,2,2
11127,2,2,3,2,2,2,2,3,3,3,3,3,2,2,3,3,3,3,2,2,2
11128,0,0,0,0,0,0,0,0,0,0,0,0,0,0,0,0,0,0,0,0,0
11129,0,0,0,0,0,0,0,0,0,0,0,0,0,0,0,0,0,0,0,0,0
11130,86,93,93,89,76,65,69,79,86,87,84,72,63,64,77,87,92,92,79,71,77
11131,3,3,3,3,3,3,2,3,3,3,3,3,3,2,3,3,3,3,3,3,2
11132,5,4,4,3,3,3,4,5,4,4,3,3,3,4,5,4,4,3,3,3,4
11133,6,6,7,6,5,5,5,6,7,7,6,5,5,5,6,7,7,7,6,5,6
11134,2,2,1,1,1,1,1,1,1,1,1,1,1,1,1,1,1,1,1,1,1
11135,0,0,0,0,0,0,0,0,0,0,0,0,0,0,0,0,0,0,0,0,0
11136,0,0,0,0,0,0,0,0,0,0,0,0,0,0,0,0,0,0,0,0,0
11137,0,0,0,0,0,0,0,0,0,0,0,0,0,0,0,0,0,0,0,0,0
11138,0,0,0,0,0,0,0,0,0,0,0,0,0,0,0,0,0,0,0,0,0
11139,0,0,0,0,0,0,0,0,0,0,0,0,0,0,0,0,0,0,0,0,0
11140,0,0,0,0,0,0,0,0,0,0,0,0,0,0,0,0,0,0,0,0,0
11141,1,1,1,1,1,1,1,2,2,2,2,1,1,1,1,2,1,1,1,1,1
11142,1,2,2,2,2,1,1,2,2,2,2,2,1,1,2,2,2,2,2,1,1
11143,6,8,9,7,6,6,4,5,8,9,7,6,6,4,5,8,9,7,6,5,4
11144,4,4,4,3,3,2,2,3,3,4,3,3,2,3,3,3,4,3,3,2,3
11145,0,0,0,0,0,0,0,0,0,0,0,0,0,0,0,0,0,0,0,0,0
11146,19,21,21,21,17,16,15,19,21,21,21,17,16,15,19,21,21,21,17,16,15
11147,1,1,1,1,1,1,1,1,1,1,1,1,1,1,1,1,1,1,1,1,1
11148,2,2,2,2,2,1,1,2,2,2,2,2,1,1,2,2,2,2,2,1,1
11149,17,17,16,15,13,11,11,14,15,15,13,12,10,9,12,13,13,12,11,9,9
11150,1,1,1,1,1,1,1,1,1,1,1,1,1,1,1,1,1,1,1,1,1
11151,6,6,4,8,6,7,8,6,6,4,8,6,7,8,6,6,4,8,6,7,8
11152,0,0,0,0,0,0,0,0,0,0,0,0,0,0,0,0,0,0,0,0,0
11153,0,0,0,0,0,0,0,0,0,0,0,0,0,0,0,0,0,0,0,0,0
11154,0,0,0,0,1,1,0,0,0,0,0,1,1,0,0,0,0,0,1,1,0
11155,0,0,0,0,0,0,0,0,0,0,0,0,0,0,0,0,0,0,0,0,0
11156,0,0,1,0,0,0,0,0,0,1,0,0,0,0,0,0,1,0,0,0,0
11157,0,0,0,0,0,0,0,0,0,0,0,0,0,0,0,0,0,0,0,0,0
11158,13,16,17,15,13,10,10,12,15,17,15,13,11,10,13,16,17,15,13,11,10
11159,8,8,9,8,7,6,7,8,8,8,7,7,6,6,7,7,7,7,6,5,5
11160,7,9,11,8,7,6,5,7,9,11,8,7,6,5,7,9,11,8,7,6,5
11161,0,1,1,1,0,0,0,0,1,1,1,0,0,0,0,1,1,1,0,0,0
11162,1,1,1,1,1,1,1,1,1,1,1,1,1,1,1,1,1,1,1,1,1
11163,1,1,1,1,0,0,0,0,1,1,1,0,0,0,0,1,1,0,0,0,0
11164,5,5,5,4,4,4,4,5,5,5,5,4,4,4,4,5,5,4,4,4,4
11165,7,9,10,6,4,4,6,7,9,10,6,4,4,6,7,9,10,6,4,4,6
11166,14,15,13,13,11,8,8,11,12,11,11,9,7,7,9,11,10,10,9,6,6
11167,34,40,42,35,29,25,24,30,36,39,33,28,25,23,30,36,38,33,28,24,23
11168,0,0,0,0,0,0,0,0,0,0,0,0,0,0,0,0,0,0,0,0,0
11169,1,1,1,1,1,1,1,1,1,1,1,1,1,1,1,1,1,1,1,1,1
11170,0,0,0,0,0,0,0,0,0,0,0,0,0,0,0,0,0,0,0,0,0
11171,0,0,0,0,0,0,0,0,0,0,0,0,0,0,0,0,0,0,0,0,0
11172,1,1,1,1,1,1,1,1,1,1,1,1,1,1,1,1,1,1,1,1,1
11173,0,0,0,0,1,0,0,0,0,1,1,1,0,0,0,0,0,0,1,0,0
11174,1,1,1,1,1,1,1,1,1,1,1,1,1,1,1,1,1,1,1,1,1
11175,0,0,0,0,0,0,0,0,0,0,0,0,0,0,0,0,0,0,0,0,0
11176,0,0,0,0,0,0,0,0,0,0,0,0,0,0,0,0,0,0,0,0,0
11177,0,0,0,0,0,0,0,0,0,0,0,0,0,0,0,0,0,0,0,0,0
11178,1,1,1,1,1,1,1,1,1,1,1,1,1,1,1,1,1,1,1,1,1
11179,1,1,1,1,0,0,0,1,1,1,1,0,0,0,1,1,1,1,0,0,0
11180,0,0,0,0,0,0,0,0,0,0,0,0,0,0,0,0,0,0,0,0,0
11181,0,0,0,0,0,0,0,0,0,0,0,0,0,0,0,0,0,0,0,0,0
11182,0,0,0,0,0,0,0,0,0,0,0,0,0,0,0,0,0,0,0,0,0
11183,2,2,1,2,2,2,1,1,2,1,2,2,2,1,1,2,1,2,2,2,1
11184,0,0,0,0,0,0,0,0,0,0,0,0,0,0,0,0,0,0,0,0,0
11185,0,0,0,0,0,0,0,0,0,0,0,0,0,0,0,0,0,0,0,0,0
11186,0,0,0,0,0,0,0,0,0,0,0,0,0,0,0,0,0,0,0,0,0
11187,1,1,1,0,0,0,0,0,0,1,0,0,0,0,1,1,1,1,1,0,1
11188,0,0,0,0,0,0,0,0,0,0,0,0,0,0,0,0,0,0,0,0,0
11189,0,0,0,0,0,0,0,0,0,0,0,0,0,0,0,0,0,0,0,0,0
11190,0,0,0,0,0,0,0,0,0,0,0,0,0,0,0,0,0,0,0,0,0
11191,0,0,0,0,0,0,0,0,0,0,0,0,0,0,0,0,0,0,0,0,0
11192,0,0,0,0,0,0,0,0,0,0,0,0,0,0,0,0,0,0,0,0,0
11193,0,0,0,0,0,0,0,0,0,0,0,0,0,0,0,0,0,0,0,0,0
11194,0,0,0,0,0,0,0,0,0,0,0,0,0,0,0,0,0,0,0,0,0
11195,0,0,0,0,0,0,0,0,0,0,0,0,0,0,0,0,0,0,0,0,0
11196,0,0,0,0,0,0,0,0,0,0,0,0,0,0,0,0,0,0,0,0,0
11197,0,0,0,0,0,0,0,0,0,0,0,0,0,0,0,0,0,0,0,0,0
11198,0,0,0,0,0,0,0,0,0,0,0,0,0,0,0,0,0,0,0,0,0
11199,0,0,0,0,0,0,0,0,0,0,0,0,0,0,0,0,0,0,0,0,0
11200,0,0,0,0,0,0,0,0,0,0,0,0,0,0,0,0,0,0,0,0,0
11201,0,0,0,0,0,0,0,0,0,0,0,0,0,0,0,0,0,0,0,0,0
11202,0,0,0,0,0,0,0,0,0,0,0,0,0,0,0,0,0,0,0,0,0
11203,0,0,0,0,0,0,0,0,0,0,0,0,0,0,0,0,0,0,0,0,0
11204,1,1,1,1,1,1,1,1,1,1,1,1,1,1,1,1,1,1,1,1,1
11205,1,1,1,1,1,1,1,1,1,1,1,1,1,1,1,1,1,1,1,1,1
11206,1,1,1,1,1,1,1,1,1,1,1,1,1,1,1,1,1,1,1,1,1
11207,3,4,5,6,5,4,3,3,4,5,6,5,4,3,3,4,5,6,5,4,3
11208,0,0,0,0,0,0,0,0,0,0,0,0,0,0,0,0,0,0,0,0,0
11209,0,0,0,0,0,0,0,0,0,0,0,0,0,0,0,0,0,0,0,0,0
11210,0,0,0,0,0,0,0,0,0,0,0,0,0,0,0,0,0,0,0,0,0
11211,0,0,0,0,0,0,0,0,0,0,0,0,0,0,0,0,0,0,0,0,0
11212,0,0,0,0,0,0,0,0,0,0,0,0,0,0,0,0,0,0,0,0,0
11213,8,12,14,12,8,4,5,8,12,14,12,8,4,5,8,12,14,12,8,4,5
11214,63,67,60,52,44,53,55,63,67,60,52,44,53,55,63,67,60,52,44,53,55
11215,5,9,8,6,4,3,4,5,9,8,6,4,3,4,5,9,9,6,4,3,4
11216,32,36,40,39,34,27,27,31,35,40,38,34,27,27,31,35,40,38,34,27,27
11217,3,3,3,2,2,2,2,2,3,2,2,2,2,2,2,3,2,2,2,2,2
11218,1,1,1,1,1,1,1,1,1,1,1,1,1,1,1,1,1,1,1,1,1
11219,0,0,0,0,0,0,0,0,0,0,0,0,0,0,0,0,0,0,0,0,0
11220,1,1,2,1,1,1,1,1,1,2,1,1,1,1,1,1,2,2,1,1,1
11221,2,2,2,2,1,1,1,1,1,1,1,1,1,1,1,1,1,1,1,1,1
11222,0,0,0,0,0,0,0,0,0,0,0,0,0,0,0,0,0,0,0,0,0
11223,0,0,0,0,0,0,0,0,0,0,0,0,0,0,0,0,0,0,0,0,0
11224,0,0,0,0,0,0,0,0,0,0,0,0,0,0,0,0,0,0,0,0,0
11225,0,0,0,1,0,0,0,0,0,0,1,0,0,0,0,0,0,1,0,0,0
11226,0,0,0,0,0,0,0,0,0,0,0,0,0,0,0,0,0,0,0,0,0
11227,0,0,0,0,0,0,0,0,0,0,0,0,0,0,0,0,0,0,0,0,0
11228,0,0,0,0,0,0,0,0,0,0,0,0,0,0,0,0,0,0,0,0,0
11229,0,0,0,0,0,0,0,0,0,0,0,0,0,0,0,0,0,0,0,0,0
11230,0,0,0,0,0,0,0,0,0,0,0,0,0,0,0,0,0,0,0,0,0
11231,0,0,0,0,0,0,0,0,0,0,0,0,0,0,0,0,0,0,0,0,0
11232,3,3,4,4,3,3,3,3,4,4,4,3,2,2,3,3,4,4,3,2,2
11233,3,4,4,4,3,3,3,4,4,5,4,3,3,3,4,4,5,4,3,3,3
11234,0,0,0,0,0,1,0,0,0,0,0,0,1,0,0,0,0,0,0,1,0
11235,0,0,0,0,0,0,0,0,0,0,0,0,0,0,0,0,0,0,0,0,0
11236,0,0,0,0,0,0,0,0,0,0,0,0,0,0,0,0,0,0,0,0,0
11237,0,0,0,0,0,0,0,0,0,0,0,0,0,0,0,0,0,0,0,0,0
11238,75,81,82,75,64,58,55,76,81,83,75,63,57,54,75,79,80,73,61,55,52
11239,15,15,15,13,11,10,10,12,13,12,11,10,9,10,11,11,11,10,9,9,9
11240,1,1,1,0,0,0,0,1,1,1,0,0,0,0,1,1,1,0,0,0,0
11241,2,2,2,2,2,1,1,2,2,2,2,2,1,1,2,2,2,2,2,1,1
11242,1,1,1,1,1,1,1,1,1,1,1,1,1,1,1,1,1,1,1,1,1
11243,305,362,360,329,258,218,205,295,354,346,318,249,216,206,301,362,367,341,270,232,222
11244,1,1,1,1,1,0,1,1,1,1,1,1,0,1,1,1,1,1,1,0,1
11245,2,2,2,2,1,1,1,2,2,2,2,1,1,1,2,2,2,2,1,1,1
11246,0,0,0,0,0,0,0,0,0,0,0,0,0,0,0,0,0,0,0,0,0
11247,0,0,0,0,0,0,0,0,0,0,0,0,0,0,0,0,0,0,0,0,0
11248,0,0,1,1,1,1,0,0,1,1,1,1,1,0,0,0,1,1,1,1,0
11249,0,0,0,0,0,0,0,0,0,0,0,0,0,0,0,0,0,0,0,0,0
11250,0,0,0,0,0,0,0,0,0,0,0,0,0,0,0,0,0,0,0,0,0
11251,0,0,0,0,0,0,0,0,0,0,0,0,0,0,0,0,0,0,0,0,0
11252,13,13,12,10,9,8,8,10,10,9,8,7,7,7,8,8,7,6,6,5,6
11253,4,3,3,3,3,3,3,3,3,3,2,2,2,2,2,2,2,2,2,2,2
11254,4,4,4,4,4,3,3,4,4,4,4,3,3,3,3,4,4,3,3,3,3
11255,5,5,5,4,4,4,4,4,5,4,4,3,3,4,4,4,4,4,3,3,3
11256,0,0,0,0,0,0,0,0,0,0,0,0,0,0,0,0,0,0,0,0,0
11257,23,24,23,19,16,16,18,22,23,21,19,17,17,20,22,21,20,18,15,15,18
11258,9,8,7,6,5,5,5,6,6,5,5,4,4,5,5,5,4,4,4,4,4
11259,4,2,1,1,1,1,2,2,1,1,1,1,1,1,2,1,1,1,1,1,1
11260,1,1,1,1,1,1,1,1,1,1,1,1,1,1,1,1,1,1,1,1,1
11261,0,0,0,0,0,0,0,0,0,0,0,0,0,0,0,0,0,0,0,0,0
11262,1,1,1,1,1,1,1,1,1,1,1,1,1,1,1,1,1,1,1,1,1
11263,4,5,5,4,4,3,3,4,4,5,4,4,3,3,4,4,4,4,3,3,3
11264,0,0,0,0,0,0,0,0,0,0,0,0,0,0,0,0,0,0,0,0,0
11265,4,5,5,4,4,3,3,4,5,5,4,4,3,3,4,5,5,4,4,3,3
11266,10,10,11,10,9,7,8,10,10,11,10,9,7,8,10,10,11,10,9,7,8
11267,0,0,0,0,0,0,0,0,0,0,0,0,0,0,0,0,0,0,0,0,0
11268,0,1,1,1,0,0,0,0,1,1,1,0,0,0,0,1,1,1,0,0,0
11269,0,0,0,0,0,0,0,0,0,0,0,0,0,0,0,0,0,0,0,0,0
11270,0,0,0,0,0,0,0,0,0,0,0,0,0,0,0,0,0,0,0,0,0
11271,8,10,8,8,7,6,7,7,9,7,7,7,6,7,7,9,7,7,7,6,7
11272,0,0,0,0,0,0,0,0,0,0,0,0,0,0,0,0,0,0,0,1,0
11273,5,5,5,4,4,4,4,5,5,5,4,4,4,4,5,5,5,4,4,4,4
11274,0,0,0,0,0,0,0,0,0,0,0,0,0,0,0,0,0,0,0,0,0
11275,0,0,0,0,0,0,0,0,0,0,0,0,0,0,0,0,0,0,0,0,0
11276,1,1,0,0,0,0,0,1,1,0,0,0,0,0,1,1,0,0,0,0,0
11277,0,0,0,0,0,0,0,0,0,0,0,0,0,0,0,0,0,0,0,0,0
11278,0,0,0,0,0,0,0,0,0,0,0,0,0,0,0,0,0,0,0,0,0
11279,0,0,0,0,0,0,0,0,0,0,0,0,0,0,0,0,0,0,0,0,0
11280,0,0,0,0,0,0,0,0,0,0,0,0,0,0,0,0,0,0,0,0,0
11281,0,0,0,0,0,0,0,0,0,0,0,0,0,0,0,0,0,0,0,0,0
11282,1,0,0,0,0,0,0,0,0,0,0,0,0,0,0,0,0,0,0,0,0
11283,3,3,4,4,3,2,2,3,4,4,4,3,3,2,3,3,4,4,3,2,2
11284,1,1,1,0,0,0,0,1,1,1,0,1,0,1,1,1,1,0,1,0,0
11285,0,1,0,0,0,0,0,0,1,0,0,0,0,0,0,1,0,0,0,0,0
11286,0,0,0,0,0,0,0,0,0,0,0,0,0,0,0,0,0,0,0,0,0
11287,0,0,0,0,0,0,0,0,0,0,0,0,0,0,0,0,0,0,0,0,0
11288,0,0,0,0,0,0,0,0,0,0,0,0,0,0,0,0,0,0,0,0,0
11289,0,0,0,0,0,0,0,0,0,0,0,0,0,0,0,0,0,0,0,0,0
11290,0,0,0,0,0,0,0,0,0,0,0,0,0,0,0,0,0,0,0,0,0
11291,1,1,1,1,1,1,0,1,1,1,1,1,0,0,1,1,1,1,1,0,0
11292,0,0,0,0,0,0,0,0,0,0,0,0,0,0,0,0,0,0,0,0,0
11293,0,0,0,0,0,0,0,0,0,0,0,0,0,0,0,0,0,0,0,0,0
11294,0,0,0,0,0,0,0,0,0,0,0,0,0,0,0,0,0,0,0,0,0
11295,0,0,0,0,0,0,0,0,0,0,0,0,0,0,0,0,0,0,0,0,0
11296,11,12,12,11,11,10,10,11,12,11,11,10,9,9,10,11,11,11,10,9,9
11297,14,15,14,13,12,11,12,13,14,13,13,12,11,11,12,13,12,12,10,10,10
11298,2,3,3,3,1,1,1,2,3,4,3,1,1,1,2,3,4,3,1,1,1
11299,0,0,0,0,0,0,0,0,0,0,0,0,0,0,0,0,0,0,0,0,0
11300,12,7,5,4,4,3,11,12,7,5,4,4,3,11,12,7,5,4,4,3,11
11301,0,0,0,0,0,0,0,0,0,0,0,0,0,0,0,0,0,0,0,0,0
11302,10,10,10,11,10,10,9,10,10,10,11,10,9,8,10,9,10,10,10,9,8
11303,1,1,1,1,0,0,0,1,1,1,1,0,0,0,1,1,1,1,0,0,0
11304,0,1,0,0,0,0,1,1,1,1,1,1,1,1,1,1,1,1,0,0,1
11305,1,2,1,1,1,1,1,1,2,1,1,1,1,1,1,2,1,1,1,1,1
11306,0,0,0,0,0,0,0,0,0,0,0,0,0,0,0,0,0,0,0,0,0
11307,0,0,0,0,0,0,0,0,0,0,0,0,0,0,0,0,0,0,0,0,0
11308,7,0,1,1,0,1,7,7,0,1,1,0,1,6,7,0,1,1,0,1,7
11309,1,0,0,0,0,0,0,1,0,0,0,0,0,0,1,0,0,0,0,0,0
11310,14,15,15,14,12,12,12,14,15,16,14,12,13,12,15,15,15,14,12,12,12
11311,30,32,33,29,26,23,26,28,30,30,27,24,23,26,28,29,30,27,24,22,24
11312,163,186,176,159,140,143,139,159,184,176,160,142,145,142,164,191,186,169,149,151,147
11313,73,71,70,63,56,55,56,70,72,73,67,60,57,57,72,73,74,66,58,56,58
11314,0,0,0,0,0,0,0,0,0,0,0,0,0,0,0,0,0,0,0,0,0
11315,7,7,7,6,6,5,6,7,7,7,6,6,5,6,7,7,7,6,6,5,6
11316,0,0,0,0,0,0,0,0,0,0,0,0,0,0,0,0,0,0,0,0,0
11317,0,0,0,0,0,0,0,0,0,0,0,0,0,0,0,0,0,0,0,0,0
11318,6,6,6,6,5,5,5,6,6,7,6,5,5,6,6,6,6,6,5,5,5
11319,1,1,1,1,1,1,1,1,1,1,1,1,0,0,1,1,1,1,1,1,1
11320,2,2,2,2,2,1,1,2,2,2,2,2,1,1,2,2,2,2,2,1,1
11321,0,0,0,0,0,0,0,0,0,0,0,0,0,0,0,0,1,0,0,1,0
11322,0,0,0,0,0,0,0,0,0,0,0,0,0,0,0,0,0,0,0,0,0
11323,0,0,0,0,0,0,0,0,0,0,0,0,0,0,0,0,0,0,0,0,0
11324,0,0,0,0,0,0,0,0,0,0,0,0,0,0,0,0,0,0,0,0,0
11325,0,0,0,0,0,0,0,0,0,0,0,0,0,0,0,0,0,0,0,0,0
11326,0,0,0,0,0,0,0,0,0,0,0,0,0,0,0,0,0,0,0,0,0
11327,0,0,0,0,0,0,0,0,0,0,0,0,0,0,0,0,0,0,0,0,0
11328,0,0,0,0,0,0,0,0,0,0,0,0,0,0,0,0,0,0,0,0,0
11329,0,0,0,0,0,0,0,0,0,0,0,0,0,0,0,0,0,0,0,0,0
11330,0,0,0,0,0,0,0,0,0,0,0,0,0,0,0,0,0,0,0,0,0
11331,0,0,1,0,0,0,0,0,1,1,0,0,0,0,0,0,1,0,0,0,0
11332,0,0,0,0,0,0,0,0,0,0,0,0,0,0,0,0,0,0,0,0,0
11333,0,0,0,0,0,0,0,0,0,0,0,0,0,0,0,0,0,0,0,0,0
11334,0,0,0,0,0,0,0,0,0,0,0,0,0,0,0,0,0,0,0,0,0
11335,0,0,0,0,0,0,0,0,0,0,0,0,0,0,0,0,0,0,0,0,0
11336,0,0,0,0,0,0,0,0,1,1,0,0,0,0,1,1,1,0,0,0,0
11337,2,2,2,2,2,2,2,2,2,2,2,2,2,2,2,2,2,2,2,2,2
11338,336,293,271,249,249,268,293,337,363,343,318,291,303,339,479,623,700,689,734,819,987
11339,1,1,1,1,1,1,1,1,1,1,1,1,1,1,1,1,1,1,1,1,1
11340,22,20,18,16,13,13,17,22,20,18,16,13,13,17,22,20,18,16,13,13,17
11341,0,0,1,1,1,1,1,1,1,1,1,1,1,1,0,0,0,0,0,0,0
11342,1,1,1,1,1,1,1,1,1,1,1,1,1,1,1,1,1,1,1,1,1
11343,1,1,1,1,1,1,1,1,1,1,1,1,1,1,1,1,1,1,1,1,1
11344,2,2,2,1,1,1,1,1,1,1,1,1,1,1,1,1,1,1,1,1,1
11345,4,4,2,2,1,1,2,2,3,3,2,2,2,2,3,3,3,3,2,2,3
11346,2,2,2,1,1,1,1,2,2,2,1,1,1,1,2,2,2,1,1,1,1
11347,0,0,0,0,0,0,1,1,1,0,0,0,0,1,1,1,1,1,1,1,1
11348,0,1,1,1,1,0,1,1,1,1,1,1,1,1,1,1,1,1,1,1,1
11349,1,1,1,0,0,0,0,1,1,1,0,0,0,0,0,1,1,0,0,0,0
11350,3,3,3,2,2,2,2,3,3,3,2,2,2,2,3,3,3,2,2,2,2
11351,2,2,2,2,2,1,1,2,2,2,2,2,1,1,2,2,2,2,2,1,1
11352,0,1,1,1,1,0,0,0,1,1,1,1,0,0,0,1,1,1,1,0,0
11353,0,0,0,0,0,0,0,0,0,0,0,0,0,0,0,0,0,0,0,0,0
11354,0,0,0,0,0,0,0,0,0,0,0,0,0,0,0,0,0,0,0,0,0
11355,0,0,0,0,0,0,0,0,0,0,0,0,0,0,0,0,0,0,0,0,0
11356,0,0,0,0,0,0,0,0,0,0,0,0,0,0,0,0,0,0,0,0,0
11357,0,0,0,0,0,0,0,0,0,0,0,0,0,0,0,0,0,0,0,0,0
11358,0,0,0,0,0,0,0,0,0,0,0,0,0,0,0,0,0,0,0,0,0
11359,2,2,2,1,1,2,2,2,2,2,1,1,2,2,2,2,2,1,1,2,2
11360,0,0,0,0,0,0,0,0,0,0,0,0,0,0,0,0,0,0,0,0,0
11361,1,1,1,1,1,1,1,1,1,1,1,1,0,1,1,1,1,1,1,1,1
11362,3,3,2,2,1,1,1,1,2,2,1,1,1,1,2,2,2,1,1,1,1
11363,26,33,36,36,31,24,22,27,33,36,36,31,24,22,27,33,36,36,31,24,22
11364,20,18,16,12,12,13,15,18,16,15,13,13,13,14,21,21,18,15,16,22,29
11365,1,1,1,1,0,1,1,1,1,1,1,0,1,1,1,1,1,1,0,1,1
11366,0,0,0,0,0,0,0,0,0,0,0,0,0,0,0,0,0,0,0,0,0
11367,0,0,0,0,0,0,0,0,0,0,0,0,0,0,0,0,0,0,0,0,0
11368,2,2,1,1,1,1,1,1,1,1,1,1,1,1,1,1,1,1,1,1,1
11369,0,0,0,0,0,0,0,0,0,0,0,0,0,0,0,0,0,0,0,0,0
11370,0,0,0,0,0,0,0,0,0,0,0,0,0,0,0,0,0,0,0,0,0
11371,0,0,0,0,0,0,0,0,0,0,0,0,0,0,0,0,0,0,0,0,0
11372,0,0,0,0,0,0,0,0,0,0,0,0,0,0,0,0,0,0,0,0,0
11373,0,0,0,0,0,0,0,0,0,0,0,0,0,0,0,0,0,0,0,0,0
11374,0,0,0,0,0,0,0,0,0,0,0,0,0,0,0,0,0,0,0,0,0
11375,0,0,0,0,0,0,0,0,0,0,0,0,0,0,0,0,0,0,0,0,0
11376,2,2,2,2,2,2,2,2,3,2,2,2,2,2,2,2,2,2,2,2,2
11377,0,0,0,0,0,0,0,0,0,0,0,0,0,0,0,0,0,0,0,0,0
11378,0,0,0,0,0,0,0,0,0,0,0,0,0,0,0,0,0,0,0,0,0
11379,34,44,48,25,21,16,14,34,44,48,25,20,16,14,34,44,48,25,21,16,14
11380,0,0,0,0,0,0,0,0,0,0,0,0,0,0,0,0,0,0,0,0,0
11381,0,0,0,0,0,0,0,0,0,0,0,0,0,0,0,0,0,0,0,0,0
11382,0,0,0,0,0,0,0,0,0,0,0,0,0,0,0,0,0,0,1,0,0
11383,2,2,3,4,4,2,2,2,2,3,4,4,2,2,2,2,3,4,4,2,2
11384,3,3,2,2,4,3,3,3,3,2,2,4,3,3,3,3,2,2,4,3,3
11385,13,18,20,18,22,19,9,13,18,20,18,21,19,9,13,18,20,18,21,19,9
11386,0,0,0,0,0,0,0,0,0,0,0,0,0,0,0,0,0,0,0,0,0
11387,0,0,0,0,0,0,0,0,0,0,0,0,0,0,0,0,0,0,0,0,0
11388,0,0,0,0,0,0,0,0,0,0,0,0,0,0,0,0,0,0,0,0,0
11389,0,0,0,1,1,0,0,0,0,0,1,1,0,0,0,0,0,1,1,0,0
11390,0,0,0,0,0,0,0,0,0,0,0,0,0,0,0,0,0,0,0,0,0
11391,1,1,1,1,2,1,1,1,1,1,1,2,1,1,1,1,1,1,2,1,1
11392,0,0,0,0,0,0,0,0,0,0,0,0,0,0,0,0,0,0,0,0,0
11393,0,0,0,0,0,0,0,0,0,0,0,0,0,0,0,0,0,0,0,0,0
11394,0,0,0,0,1,1,1,0,0,0,0,1,1,1,0,0,0,0,1,0,1
11395,1,0,0,4,5,4,5,0,0,0,4,5,4,5,0,0,0,4,5,4,5
11396,0,0,0,1,1,0,0,0,0,0,1,1,0,0,0,0,0,1,1,0,0
11397,0,0,0,0,0,0,0,0,0,0,0,0,0,0,0,0,0,0,0,0,0
11398,1,0,0,1,1,1,0,1,0,0,1,1,1,0,1,0,0,1,1,1,0
11399,0,0,0,0,0,0,0,0,0,0,0,0,0,0,0,0,0,0,0,0,0
11400,0,0,0,0,0,0,0,0,0,0,0,0,0,0,0,0,0,0,0,0,0
11401,0,0,0,0,0,0,0,0,0,0,0,0,0,0,0,0,0,0,0,0,0
11402,0,0,0,0,0,0,0,0,0,0,0,0,0,0,0,0,0,0,0,0,0
11403,1,1,1,1,0,1,1,1,1,1,1,0,1,1,1,1,1,1,0,1,1
11404,0,0,0,0,0,0,0,0,0,0,0,0,0,0,0,0,0,0,0,0,0
11405,0,0,0,0,0,0,0,0,0,0,0,0,0,0,0,0,0,0,0,0,0
11406,0,0,0,0,0,0,0,0,0,1,0,0,0,0,0,0,0,0,0,0,0
11407,0,1,1,0,0,0,0,0,1,1,0,0,0,0,0,1,1,0,0,0,0
11408,0,0,0,0,0,0,0,0,0,0,0,0,0,0,0,0,0,0,0,0,0
11409,0,0,0,0,0,0,0,0,0,0,0,0,0,0,0,0,0,0,0,0,0
11410,0,0,0,0,0,0,0,0,0,0,0,0,0,0,0,0,0,0,0,0,0
11411,9,12,10,10,8,7,8,9,12,10,10,8,7,8,9,12,10,10,8,7,8
11412,0,1,0,0,1,0,0,0,1,0,0,1,0,0,0,1,0,0,1,0,0
11413,0,0,0,0,0,0,0,0,0,0,0,0,0,0,0,0,0,0,0,0,0
11414,0,0,0,0,0,0,0,0,0,0,0,0,0,0,0,0,0,0,0,0,0
11415,4,5,5,4,4,3,4,4,5,5,5,4,3,4,4,5,5,4,4,3,4
11416,0,0,0,0,0,0,0,0,0,0,0,0,0,0,0,0,0,0,0,0,0
11417,0,0,0,0,0,0,0,0,0,0,0,0,0,0,0,0,0,0,0,0,0
11418,0,0,0,0,0,0,0,0,0,0,1,1,2,3,4,5,5,5,5,6,7
11419,4,5,6,5,4,3,3,4,5,6,5,4,3,3,4,5,6,5,4,3,3
11420,37,40,43,40,33,28,29,33,38,40,39,34,29,31,33,33,35,33,27,23,26
11421,21,23,22,19,17,14,16,21,23,22,19,17,14,16,21,23,22,19,17,14,16
11422,1,1,1,1,1,1,1,1,1,1,1,1,1,1,1,1,1,1,1,1,1
11423,0,0,0,0,0,0,0,0,0,0,0,0,0,0,0,0,0,0,0,0,0
11424,1,2,2,2,1,1,1,1,2,2,2,1,1,1,1,2,2,2,1,1,1
11425,0,0,0,0,0,0,0,0,0,0,0,0,0,0,0,0,0,0,0,0,0
11426,2,2,2,2,2,1,1,2,2,2,2,2,1,1,2,2,2,2,2,1,1
11427,5,5,5,4,4,3,3,4,5,4,4,4,4,4,4,5,5,4,4,4,4
11428,5,5,5,4,4,3,3,4,4,5,5,4,3,3,4,4,5,4,4,3,3
11429,4,4,4,4,3,3,2,4,4,4,4,3,3,2,4,4,4,4,3,2,2
11430,3,4,4,3,2,3,3,3,4,4,3,2,3,3,3,4,4,3,2,3,3
11431,1,1,1,1,1,1,0,1,1,1,1,1,1,0,1,1,1,1,1,1,0
11432,0,0,0,0,0,0,0,0,0,0,0,0,0,0,0,0,0,0,0,0,0
11433,0,0,0,0,0,0,0,0,0,0,0,0,0,0,0,0,0,0,0,0,0
11434,0,0,0,0,0,0,0,0,0,0,0,0,0,0,0,0,0,0,0,0,0
11435,0,0,0,0,0,0,0,0,0,0,0,0,0,0,0,0,0,0,0,0,0
11436,0,0,0,0,0,0,0,0,0,0,0,0,0,0,0,0,0,0,0,0,0
11437,0,0,0,0,0,0,0,0,0,0,0,0,0,0,0,0,0,0,0,0,0
11438,5,5,4,4,4,4,4,4,5,4,4,3,3,3,4,4,3,3,3,3,3
11439,0,0,0,0,0,0,0,0,0,0,0,0,0,0,0,0,0,0,0,0,0
11440,7,6,6,5,4,3,2,4,5,6,5,4,3,2,4,4,6,5,4,2,2
11441,0,0,0,0,0,0,0,0,0,0,0,0,0,0,0,0,0,0,0,0,0
11442,2,1,1,1,1,1,1,1,1,1,1,0,0,0,1,1,1,1,0,0,0
11443,0,0,0,0,0,0,0,0,0,0,0,0,0,0,0,0,0,0,0,0,0
11444,0,0,0,0,0,0,0,0,0,0,0,0,0,0,0,0,0,0,0,0,0
11445,2,2,3,3,2,2,1,2,2,3,3,3,2,1,2,2,3,3,3,2,1
11446,0,0,0,0,0,0,0,0,0,0,0,0,0,0,0,0,0,0,0,0,0
11447,0,0,0,0,0,0,0,0,0,0,0,0,0,0,0,0,0,0,0,0,0
11448,0,0,0,0,0,0,0,0,0,0,0,0,0,0,0,0,0,0,0,0,0
11449,7,7,7,6,6,5,5,6,6,6,6,5,5,5,5,6,6,5,5,5,5
11450,0,0,0,0,0,0,0,0,0,0,0,0,0,0,0,0,0,0,0,0,0
11451,0,0,0,0,0,0,0,0,0,0,0,0,0,0,0,0,0,0,0,0,0
11452,0,0,0,0,0,0,0,0,0,0,0,0,0,0,0,0,0,0,0,0,0
11453,7,8,8,8,7,7,7,9,10,10,10,9,8,8,10,11,10,10,9,9,9
11454,6,7,7,6,6,6,6,7,7,7,7,6,6,6,7,7,7,7,6,6,7
11455,2,2,3,3,2,2,3,3,3,3,3,3,3,3,4,4,4,4,3,4,4
11456,1,1,1,1,1,1,1,1,1,1,1,1,1,1,1,1,1,1,1,1,1
11457,1,2,1,1,1,1,1,1,1,1,1,1,1,1,1,1,1,1,1,1,1
11458,1,1,1,1,1,1,1,1,1,1,1,1,1,1,1,1,1,1,1,1,1
11459,0,0,0,0,0,0,0,0,0,0,0,0,0,0,0,0,0,0,0,0,0
11460,0,0,0,0,0,0,0,0,0,0,0,0,0,0,0,0,0,0,0,0,0
11461,0,0,0,0,0,0,0,0,0,0,0,0,0,0,0,0,0,0,0,0,0
11462,0,0,0,0,0,0,0,0,0,0,0,0,0,0,0,0,0,0,0,0,0
11463,0,0,0,0,0,0,0,0,0,0,0,0,0,0,0,0,0,0,0,0,0
11464,0,0,0,0,0,0,0,0,0,0,0,0,0,0,0,0,0,0,0,0,0
11465,3,3,3,3,3,3,3,3,3,3,3,3,3,3,3,3,3,3,3,3,3
11466,0,0,0,0,0,0,0,0,0,0,0,0,0,0,0,0,0,0,0,0,0
11467,0,0,0,0,0,0,0,0,0,0,0,0,0,0,0,0,0,0,0,0,0
11468,0,0,0,0,0,0,0,0,0,0,0,0,0,0,0,0,0,0,0,0,0
11469,0,0,0,0,0,0,0,0,0,0,0,0,0,0,0,0,0,0,0,0,0
11470,1,1,1,1,1,1,1,1,1,1,1,1,1,1,1,1,1,1,1,1,1
11471,20,20,20,19,18,16,17,19,20,20,19,18,16,17,19,20,20,19,18,16,17
11472,4,4,3,3,3,3,3,4,4,4,4,4,3,4,4,5,4,4,4,4,5
11473,1,1,1,1,1,1,1,1,2,1,1,1,1,2,2,2,2,2,2,2,2
11474,2,2,2,2,2,2,2,2,3,2,2,2,2,2,2,2,2,2,2,2,2
11475,8,7,7,6,5,5,5,6,6,6,5,5,5,5,6,6,5,5,4,4,5
11476,0,0,0,0,0,0,0,0,0,0,0,0,0,0,0,0,0,0,0,0,0
11477,0,0,0,0,0,0,0,0,0,0,0,0,0,0,0,0,0,0,0,0,0
11478,0,0,0,0,0,0,0,0,0,0,0,0,0,0,0,0,0,0,0,0,0
11479,0,0,0,0,0,0,0,0,0,0,0,0,0,0,0,0,0,0,0,0,0
11480,0,0,0,0,1,1,1,0,0,0,0,1,1,1,0,0,0,0,1,1,1
11481,1,1,1,1,1,1,1,1,1,1,1,1,1,1,1,1,1,1,1,1,1
11482,0,0,0,0,0,0,0,0,0,0,0,0,0,0,0,0,0,0,0,0,0
11483,0,0,0,0,0,0,0,0,0,0,0,0,0,0,0,0,0,0,0,0,0
11484,0,1,0,1,0,0,1,1,1,1,1,0,0,0,1,1,0,1,0,0,0
11485,0,0,0,0,0,0,0,0,0,0,0,0,0,0,0,0,0,0,0,0,0
11486,1,2,1,2,1,1,1,1,2,1,2,1,1,1,1,2,1,2,1,1,1
11487,1,1,1,1,1,1,1,1,1,1,1,1,1,1,1,1,1,1,1,1,1
11488,0,0,0,0,0,0,0,0,0,0,0,0,0,0,0,0,0,0,0,0,0
11489,37,40,37,33,28,26,29,35,40,38,36,30,27,29,37,40,38,35,29,28,32
11490,58,60,58,52,45,41,43,54,57,56,50,44,40,42,52,53,52,46,40,37,39
11491,1,1,1,1,1,1,1,1,1,1,1,1,1,1,1,1,1,1,1,1,1
11492,3,3,3,2,1,1,2,3,3,3,2,1,1,2,3,3,3,2,1,1,2
11493,1,1,1,1,1,1,1,1,1,1,1,1,1,1,1,1,1,1,1,1,1
11494,0,0,0,0,0,0,0,0,0,0,0,0,0,0,0,0,0,0,0,0,0
11495,0,0,0,0,0,0,0,0,0,0,0,0,0,0,0,0,0,0,0,0,0
11496,0,0,0,0,0,0,0,0,0,0,0,0,0,0,0,0,0,0,0,0,0
11497,0,0,0,0,0,0,0,0,0,0,0,0,0,0,0,0,0,0,0,0,0
11498,0,0,0,0,0,0,0,0,0,0,0,0,0,0,0,0,0,0,0,0,0
11499,0,0,0,0,0,0,0,0,0,1,1,1,1,1,1,1,1,1,1,1,1
11500,0,0,0,0,0,0,0,0,0,0,0,0,0,0,0,0,0,0,0,0,0
11501,0,0,0,0,0,0,0,0,0,0,0,0,0,0,0,0,0,0,0,0,0
11502,3,2,2,2,1,1,1,2,2,2,1,1,1,1,2,1,2,1,1,1,1
11503,1,1,1,1,1,1,1,1,1,1,1,1,1,1,1,1,1,1,1,1,1
11504,1,1,1,1,0,0,1,1,1,1,1,1,0,1,1,1,1,1,1,1,1
11505,10,11,11,10,8,7,8,9,10,10,9,7,7,7,8,9,9,8,6,6,6
11506,0,0,0,0,0,0,0,0,0,0,0,0,0,0,0,0,0,0,0,0,0
11507,3,3,3,3,2,2,2,3,3,3,3,2,2,2,2,3,3,2,2,2,2
11508,7,8,8,7,6,5,6,7,8,8,7,6,5,6,7,8,8,7,6,5,6
11509,3,3,2,2,2,2,2,2,3,2,2,2,2,2,2,2,2,2,2,2,2
11510,0,0,0,0,0,0,0,0,0,0,0,0,0,0,0,0,0,0,0,0,0
11511,0,0,0,0,0,0,0,0,0,0,0,0,0,0,0,0,0,0,0,0,0
11512,12,12,11,9,8,7,8,9,9,9,8,7,7,7,8,8,8,7,6,6,7
11513,0,0,0,0,0,0,0,0,0,0,0,0,0,0,0,0,0,0,0,0,0
11514,0,0,0,0,0,0,0,0,0,0,0,0,0,0,0,0,0,0,0,0,0
11515,0,0,0,0,0,0,0,0,0,0,0,0,0,0,0,0,0,0,0,0,0
11516,0,0,0,0,0,0,0,0,0,0,0,0,0,0,0,0,0,0,0,0,0
11517,4,5,5,4,4,4,4,5,5,5,4,4,4,4,4,4,4,3,3,3,3
11518,0,0,0,0,0,0,0,0,0,0,0,0,0,0,0,0,0,0,0,0,0
11519,0,0,0,0,0,0,0,0,0,0,0,0,0,0,0,0,0,0,0,0,0
11520,1,1,1,1,1,1,1,1,1,1,1,1,1,1,1,1,1,1,1,1,1
11521,0,0,0,0,0,0,0,0,0,0,0,0,0,0,0,0,0,0,0,0,0
11522,1,0,0,0,0,0,0,1,0,0,0,0,0,0,1,0,0,0,0,0,0
11523,3,2,2,1,1,1,2,3,2,2,2,2,2,2,3,2,2,2,2,2,2
11524,3,4,4,3,3,2,2,3,4,4,3,3,2,2,3,4,4,3,3,2,2
11525,0,0,0,0,0,0,0,0,0,0,0,0,0,0,0,0,0,0,0,0,0
11526,0,0,0,0,0,0,0,0,0,0,0,0,0,0,0,0,0,0,0,0,0
11527,0,0,0,0,0,0,0,0,0,0,0,0,0,0,0,0,0,0,0,0,0
11528,0,0,0,0,0,0,0,0,0,0,0,0,0,0,0,0,0,0,0,0,0
11529,0,0,0,0,0,0,0,0,0,0,0,0,0,0,0,0,0,0,0,0,0
11530,1,1,1,1,1,1,1,1,1,1,1,1,1,1,1,1,1,1,1,1,1
11531,0,0,0,0,0,0,0,0,0,0,0,0,0,0,0,0,0,0,0,0,0
11532,0,0,0,0,0,0,0,0,0,0,0,0,0,0,0,0,0,0,0,0,0
11533,52,55,55,47,39,36,37,48,53,51,45,36,34,35,46,51,50,43,35,34,37
11534,0,0,0,0,0,0,0,0,0,0,0,0,0,0,0,0,0,0,0,0,0
11535,0,0,0,0,0,0,0,0,0,0,0,0,0,0,0,0,0,0,0,0,0
11536,0,0,0,0,0,0,0,0,0,0,0,0,0,0,0,0,0,0,0,0,0
11537,0,0,0,0,0,0,0,0,0,0,0,0,0,0,0,0,0,0,0,0,0
11538,0,0,0,0,0,0,0,0,0,0,0,0,0,0,0,0,0,0,0,0,0
11539,0,0,0,0,0,0,0,0,0,0,0,0,0,0,0,0,0,0,0,0,0
11540,0,0,0,0,0,0,0,0,0,0,0,0,0,0,0,0,0,0,0,0,0
11541,0,0,0,0,0,0,0,0,0,0,0,0,0,0,0,0,0,0,0,0,0
11542,18,16,18,15,13,11,10,18,16,18,15,13,11,10,18,16,18,15,13,11,10
11543,13,13,14,13,11,9,8,13,13,14,14,11,9,8,13,13,14,13,11,9,8
11544,0,0,0,0,0,0,0,0,0,0,0,0,0,0,0,0,0,0,0,0,0
11545,1,1,0,0,0,0,0,1,1,0,0,0,0,0,0,0,0,0,0,0,0
11546,7,7,7,6,6,5,5,6,7,7,6,6,5,5,6,7,7,6,6,5,5
11547,1,1,1,1,1,1,1,1,1,1,1,1,1,1,1,1,1,1,1,1,1
11548,13,12,11,9,8,8,8,9,9,9,7,6,7,7,8,8,8,6,6,6,6
11549,0,0,0,0,0,0,0,0,0,0,0,0,0,0,0,0,0,0,0,0,0
11550,4,4,4,4,4,3,3,4,4,4,4,4,3,3,4,4,4,4,4,3,3
11551,97,111,112,102,88,80,89,102,111,105,94,80,78,87,98,105,105,97,82,78,86
11552,0,0,0,0,0,0,0,0,0,0,0,0,0,0,0,0,0,0,0,0,0
11553,0,0,0,0,0,0,0,0,0,0,0,0,0,0,0,0,0,0,0,0,0
11554,1,1,1,1,1,1,1,1,1,1,1,1,1,1,1,1,1,1,1,1,1
11555,0,0,0,0,0,0,0,0,0,0,0,0,0,0,0,0,0,0,0,0,0
11556,0,0,0,0,0,0,0,0,0,0,0,0,0,0,0,0,0,0,0,0,0
11557,0,0,0,0,0,0,0,0,0,0,0,0,0,0,0,0,0,0,0,0,0
11558,0,1,1,1,1,2,2,3,4,4,3,3,4,5,6,6,6,5,5,6,7
11559,0,0,0,0,0,0,0,0,0,0,0,0,0,0,0,0,0,0,0,0,0
11560,0,0,0,0,0,0,0,0,0,0,0,0,0,0,0,0,0,0,0,0,0
11561,0,0,0,0,0,0,0,0,0,0,0,0,0,0,0,0,0,0,0,0,0
11562,0,0,0,0,0,0,0,0,0,0,0,0,0,0,0,0,0,0,0,0,0
11563,0,0,0,0,0,0,0,0,0,0,0,0,0,0,0,0,0,0,0,0,0
11564,1,1,1,0,0,0,0,0,0,0,0,0,0,0,0,0,0,0,0,0,0
11565,1,1,1,1,1,1,1,1,1,1,1,1,1,1,1,1,1,1,0,0,1
11566,5,4,3,3,2,2,2,2,2,2,2,2,1,2,2,2,2,2,1,1,1
11567,2,2,2,2,2,2,2,2,2,2,2,2,2,2,2,2,2,2,2,2,2
11568,1,1,1,1,1,1,1,1,1,1,1,1,1,1,1,1,1,1,1,1,1
11569,0,0,0,0,0,0,0,0,0,0,0,0,0,0,0,0,0,0,0,0,0
11570,0,1,1,1,1,0,0,1,1,1,1,1,0,0,1,1,1,1,1,0,0
11571,0,0,0,0,0,0,0,0,0,0,0,0,0,0,0,0,0,0,0,0,0
11572,2,2,2,2,2,2,2,2,2,2,2,2,2,2,2,2,2,2,2,2,2
11573,0,0,0,0,0,0,0,0,0,0,0,0,0,0,0,0,0,0,0,0,0
11574,0,0,0,0,0,0,0,0,0,0,0,0,0,0,0,0,0,0,0,0,0
11575,21,23,23,21,18,15,16,20,23,23,21,18,15,16,18,20,20,18,15,12,13
11576,2,2,2,2,2,2,2,2,3,3,2,2,2,2,2,3,2,2,2,2,2
11577,0,0,0,0,0,0,0,0,0,0,0,0,0,0,0,0,0,0,0,0,0
11578,37,42,39,37,31,28,30,35,41,39,38,32,28,29,34,41,39,38,32,31,34
11579,3,4,4,3,3,3,3,4,4,4,3,3,3,3,3,4,3,3,3,3,3
11580,3,4,4,3,3,3,3,3,4,4,4,3,3,3,3,3,4,3,3,3,3
11581,3,3,2,2,2,2,2,2,2,2,2,2,2,2,2,2,2,2,2,2,2
11582,0,0,0,0,0,0,0,0,0,0,0,0,0,0,0,0,0,0,0,0,0
11583,0,0,0,0,0,0,0,0,0,0,0,0,0,0,0,0,0,0,0,0,0
11584,0,0,0,0,0,0,0,0,0,0,0,0,0,0,0,0,0,0,0,0,0
11585,0,0,0,0,0,0,0,0,0,0,0,0,0,0,0,0,0,0,0,0,0
11586,2,3,2,1,1,3,3,3,3,2,1,1,3,3,3,3,2,1,1,3,3
11587,0,0,0,0,0,0,0,0,0,0,0,0,0,0,0,0,0,0,0,0,0
11588,8,8,9,9,8,7,7,9,9,9,9,8,8,7,8,8,8,8,7,7,7
11589,0,0,0,0,0,0,0,0,0,0,0,0,0,0,0,0,0,0,0,0,0
11590,0,0,0,0,0,0,0,0,0,0,0,0,0,0,0,0,0,0,0,0,0
11591,0,0,0,0,0,0,0,0,0,0,0,0,0,0,0,0,0,0,0,0,0
11592,24,23,20,18,15,11,14,18,18,19,17,15,11,13,18,18,18,17,14,11,13
11593,60,68,74,63,51,46,48,59,69,76,64,51,46,47,58,66,71,60,47,42,42
11594,10,12,15,14,10,8,7,11,12,15,14,10,8,7,10,12,15,13,10,8,7
11595,456,502,561,540,466,419,397,542,657,746,704,624,596,625,987,1352,1627,1498,1389,1471,1724
11596,43,41,36,33,33,33,34,40,47,45,41,36,35,36,41,45,40,35,31,31,31
11597,62,67,60,54,47,45,50,56,63,59,57,52,49,53,59,62,60,56,47,46,53
11598,3,3,3,3,2,2,2,3,3,3,3,2,2,2,3,3,3,3,2,2,2
11599,1,1,1,1,1,1,1,1,1,1,1,1,1,1,1,1,1,1,1,1,1
11600,0,0,0,0,0,0,0,0,0,0,0,0,0,0,0,0,0,0,0,0,0
11601,0,0,0,0,0,0,0,0,0,0,0,0,0,0,0,0,0,0,0,0,0
11602,1,2,1,1,1,1,1,1,1,1,1,1,1,1,1,1,1,1,1,1,1
11603,0,0,0,0,0,0,0,0,0,0,0,0,0,0,0,0,0,0,0,0,0
11604,0,0,0,0,0,0,0,0,0,0,0,0,0,0,0,0,0,0,0,0,0
11605,20,18,16,14,12,10,10,13,14,13,12,10,9,8,10,10,9,8,7,7,6
11606,2,2,2,2,1,1,1,2,2,2,2,1,1,1,2,2,2,2,1,1,1
11607,0,1,1,1,1,0,0,0,1,1,1,1,0,0,0,1,1,1,1,0,0
11608,21,22,24,25,23,20,21,21,22,24,25,23,20,21,21,22,24,25,23,20,21
11609,7,8,8,7,7,6,6,7,8,8,7,7,6,6,7,8,8,7,7,6,6
11610,249,287,297,276,231,240,223,246,287,297,278,233,242,226,251,292,303,281,236,245,228
11611,0,0,0,0,0,0,0,0,0,0,0,0,0,0,0,0,0,0,0,0,0
11612,209,200,181,148,125,116,119,148,152,134,117,108,107,107,140,143,140,128,119,113,117
11613,3,3,3,2,2,2,2,3,3,3,2,2,2,2,3,3,3,2,2,2,2
11614,15,13,10,9,7,7,8,9,8,8,7,6,6,7,8,7,7,6,6,6,6
11615,1,1,1,1,1,1,1,1,1,1,1,1,1,1,1,1,1,1,1,1,1
11616,0,0,0,0,0,0,0,1,1,1,1,1,1,1,1,2,2,2,2,2,2
11617,0,0,0,0,0,0,0,0,0,0,0,0,0,0,0,0,0,0,0,0,0
11618,0,0,0,0,0,0,0,0,0,0,0,0,0,0,0,0,0,0,0,0,0
11619,0,0,0,0,0,0,0,0,0,0,0,0,0,0,0,0,0,0,0,0,0
11620,90,93,81,73,64,59,70,84,90,80,74,63,58,66,79,83,75,71,62,59,72
11621,27,27,24,19,17,15,17,19,20,19,16,14,14,15,18,18,18,16,15,14,15
11622,10,12,11,10,10,8,8,10,12,11,10,10,8,8,10,12,11,10,10,8,8
11623,21,21,21,19,17,15,15,16,17,17,16,14,13,14,15,14,15,14,13,12,13
11624,15,19,16,19,19,18,19,15,19,17,19,20,18,19,15,19,17,19,20,18,19
11625,5,6,5,3,3,3,3,5,6,5,3,3,3,3,5,6,5,3,3,3,3
11626,63,64,57,56,54,50,53,60,61,56,54,53,49,52,59,60,55,54,52,48,51
11627,6,6,7,7,6,6,5,6,6,7,7,6,6,5,6,6,7,7,6,6,5
11628,4,4,5,5,4,4,3,3,4,3,3,3,3,3,3,3,3,3,3,3,3
11629,1,1,1,1,1,1,1,1,1,1,1,1,1,1,1,1,1,1,1,1,1
11630,9,8,7,7,6,6,7,8,8,8,7,7,7,7,8,8,8,7,7,7,8
11631,3,4,4,4,4,4,4,4,5,5,5,4,4,5,5,5,5,5,4,4,4
11632,66,34,19,12,8,6,5,4,3,2,2,1,1,1,1,1,1,1,1,1,1
11633,2,2,2,2,2,2,2,2,2,2,2,2,2,2,2,2,2,2,2,2,2
11634,0,0,0,0,0,0,0,0,0,0,0,0,0,0,0,0,0,0,0,0,0
11635,0,0,0,0,0,0,0,0,0,0,0,0,0,0,0,0,0,0,0,0,0
11636,0,0,0,0,0,0,0,0,0,0,0,0,0,0,0,0,0,0,0,0,0
11637,1,1,1,1,1,1,1,1,1,1,1,1,1,1,1,1,1,1,1,1,1
11638,5,5,8,11,10,9,4,5,5,8,11,10,9,4,5,5,8,11,10,9,4
11639,0,0,0,0,0,0,0,0,0,0,0,0,0,0,0,0,0,0,0,0,0
11640,2,2,2,2,2,2,1,2,2,2,2,2,2,1,2,2,2,2,2,2,1
11641,2,2,2,2,2,2,2,2,2,2,2,2,2,2,2,2,2,2,2,2,2
11642,0,0,0,0,0,0,0,0,0,0,0,0,0,0,0,0,0,0,0,0,0
11643,5,5,6,6,5,4,4,5,5,6,6,4,3,3,4,4,5,5,4,3,3
11644,4,4,3,3,3,3,2,3,3,3,3,2,2,2,2,3,2,2,2,2,2
11645,2,2,2,2,2,2,2,2,2,2,2,1,1,1,1,2,2,1,1,1,1
11646,2,2,2,2,2,2,2,3,3,3,2,2,2,2,3,3,2,2,2,2,2
11647,3,3,2,2,2,2,2,2,2,2,2,2,2,2,2,2,2,2,2,2,2
11648,0,0,0,0,0,0,0,0,0,0,0,0,0,0,0,0,0,0,0,0,0
11649,0,0,0,0,0,0,0,0,0,0,0,0,0,0,0,0,0,0,0,0,0
11650,152,182,174,139,115,102,100,152,182,174,139,114,102,100,152,182,174,139,114,102,100
11651,0,0,0,0,0,0,0,0,0,0,0,0,0,0,0,0,0,0,0,0,0
11652,0,0,0,0,0,0,0,0,0,0,0,0,0,0,0,0,0,0,0,0,0
11653,2,2,2,1,1,1,1,2,2,2,1,1,1,1,2,2,2,1,1,1,1
11654,4,4,3,3,3,3,3,3,3,3,3,3,3,3,3,3,3,3,3,3,3
11655,1,1,1,1,1,1,1,1,1,1,1,1,1,1,1,1,1,1,1,1,1
11656,1,1,1,1,1,1,1,1,1,1,1,1,1,1,1,1,1,1,1,1,1
11657,3,3,2,2,2,2,2,2,2,2,2,2,2,2,2,2,2,2,2,2,2
11658,0,0,0,0,0,0,0,0,0,0,0,0,0,0,0,0,0,0,0,0,0
11659,5,4,4,3,3,3,3,4,4,3,3,3,3,3,3,3,3,3,3,3,3
11660,1,2,2,2,2,1,1,1,2,2,2,2,1,1,1,2,2,2,2,1,1
11661,1,1,1,1,1,0,0,1,1,1,1,1,0,1,1,1,1,1,1,0,1
11662,50,52,52,48,43,39,39,44,48,46,42,37,35,36,39,39,38,36,31,29,29
11663,0,0,0,0,0,0,0,0,0,0,0,0,0,0,0,0,0,0,0,0,0
11664,0,0,0,0,0,0,0,0,0,0,0,0,0,0,0,0,0,0,0,0,0
11665,1,1,1,1,1,1,1,1,1,1,1,1,1,1,1,1,1,1,1,1,1
11666,1,1,1,0,0,0,0,0,0,0,0,0,0,0,0,0,0,0,0,0,0
11667,0,0,0,0,0,0,0,0,0,0,0,0,0,0,0,0,0,0,0,0,0
11668,11,13,13,11,10,9,9,12,13,13,11,10,9,9,11,13,13,11,9,8,9
11669,0,0,0,0,0,0,0,0,0,0,0,0,0,0,0,0,0,0,0,0,0
11670,22,23,20,20,16,17,15,20,22,20,20,16,17,14,20,21,19,20,16,16,14
11671,2,2,3,2,2,2,2,2,2,3,2,2,2,2,2,3,3,2,3,2,2
11672,15,17,15,14,12,10,10,13,15,14,14,11,10,10,13,15,14,13,11,10,10
11673,1,1,1,1,1,1,1,1,1,1,1,1,1,1,1,1,1,1,1,1,1
11674,0,0,0,0,0,0,0,0,0,0,0,0,0,0,0,0,0,0,0,0,0
11675,0,0,0,0,0,0,0,0,0,0,0,0,0,0,0,0,0,0,0,0,0
11676,3,3,4,4,4,3,3,3,3,4,4,4,3,3,3,3,4,4,4,3,3
11677,16,18,16,16,13,12,14,13,16,14,15,13,12,14,13,15,14,15,12,12,13
11678,3,3,3,3,3,2,2,2,2,2,3,2,2,2,2,2,2,3,2,2,3
11679,0,0,0,0,0,0,0,0,0,0,0,0,0,0,0,0,0,0,0,0,0
11680,0,0,0,0,0,0,0,0,0,0,0,0,0,0,0,0,0,0,0,0,0
11681,1,2,2,2,2,1,1,1,2,2,2,2,1,1,1,2,2,2,2,1,1
11682,0,0,0,0,0,0,0,0,0,0,0,0,0,0,0,0,0,0,0,0,0
11683,0,0,0,0,0,0,0,0,0,0,0,0,0,0,0,0,0,0,0,0,0
11684,0,0,0,0,0,0,0,0,0,0,0,0,0,0,0,0,0,0,0,0,0
11685,0,0,0,0,0,0,0,0,0,0,0,0,0,0,0,0,0,0,0,0,0
11686,0,0,1,1,0,0,0,0,0,1,1,0,0,0,0,0,1,1,0,0,0
11687,2,2,2,3,3,3,3,2,2,2,3,3,3,3,2,2,2,3,3,3,3
11688,17,16,14,12,10,11,12,16,15,14,11,10,11,11,15,14,12,10,9,10,11
11689,0,0,0,0,0,0,0,0,0,0,0,0,0,0,0,0,0,0,0,0,0
11690,0,0,0,0,0,0,0,0,0,0,0,0,0,0,0,0,0,0,0,0,0
11691,1,1,1,1,1,1,1,1,1,1,1,1,1,1,1,1,1,1,1,1,1
11692,6,6,6,4,4,4,4,5,5,5,4,4,4,4,5,5,5,4,4,3,4
11693,3,3,3,3,3,2,3,3,3,3,3,3,2,2,3,3,3,3,2,2,3
11694,7,7,7,7,6,5,6,7,7,7,7,6,5,6,7,7,7,6,6,5,6
11695,7,6,5,5,4,4,5,6,6,5,5,4,4,4,6,5,5,4,3,4,4
11696,14,16,17,18,14,12,11,13,15,15,17,13,11,11,13,14,14,16,13,11,11
11697,9,9,8,8,8,7,6,8,9,8,8,8,7,6,8,8,8,8,8,7,6
11698,2,2,2,2,2,2,2,2,2,2,2,2,2,2,2,2,2,2,2,2,2
11699,4,4,4,4,3,3,3,4,4,4,4,3,3,3,3,4,4,4,3,3,3
11700,0,1,1,1,0,0,0,1,1,1,1,0,0,0,1,1,1,1,0,0,0
11701,2,3,3,3,3,2,2,2,3,3,3,3,2,2,2,3,3,3,3,2,2
11702,7,8,8,8,8,7,6,7,7,8,8,8,6,6,6,7,7,8,7,6,6
11703,1,1,1,1,0,1,0,1,1,1,1,0,0,0,1,1,1,1,0,0,0
11704,8,7,7,6,6,5,6,6,6,6,6,5,5,5,5,5,5,5,5,5,5
11705,3,3,3,2,2,2,2,2,3,3,2,2,2,2,3,3,3,2,2,2,2
11706,2,2,2,1,1,1,1,2,2,2,1,1,1,1,2,2,2,1,1,1,1
11707,4,4,4,3,3,3,4,4,4,4,3,3,3,4,4,4,4,3,3,3,4
11708,2,2,1,1,1,1,1,1,1,1,1,1,1,1,1,1,1,1,1,1,1
11709,0,0,0,0,0,0,0,0,0,0,0,0,0,0,0,0,0,0,0,0,0
11710,1,1,1,1,1,1,1,1,1,1,1,1,1,1,1,1,1,1,1,1,1
11711,0,0,0,0,0,0,0,0,0,0,0,0,0,0,0,0,0,0,0,0,0
11712,0,0,0,0,0,0,0,0,0,0,0,0,0,0,0,0,0,0,0,0,0
11713,0,0,0,0,0,0,0,0,0,0,0,0,0,0,0,0,0,0,0,0,0
11714,0,0,0,0,0,0,0,0,0,0,0,0,0,0,0,0,0,0,0,0,0
11715,0,0,0,0,0,0,0,0,0,0,0,0,0,0,0,0,0,0,0,0,0
11716,0,0,0,0,0,0,0,0,0,0,0,0,0,0,0,0,0,0,0,0,0
11717,0,0,0,0,0,0,0,0,0,0,0,0,0,0,0,0,0,0,0,0,0
11718,8,10,11,8,6,4,4,7,10,11,8,5,3,4,6,9,10,7,5,3,4
11719,1,1,1,1,1,1,1,1,1,1,1,1,1,1,1,1,1,1,1,1,1
11720,4,4,4,3,3,3,3,4,4,4,3,3,3,3,4,4,4,4,3,3,3
11721,0,0,0,0,0,0,0,0,0,0,1,0,0,0,0,0,0,1,1,0,0
11722,0,0,0,0,0,0,0,0,0,0,0,0,0,0,0,0,0,0,0,0,0
11723,5,5,4,4,3,4,4,4,4,4,3,3,4,4,4,4,4,3,3,4,4
11724,15,15,14,13,12,12,13,14,14,13,12,11,11,11,13,13,12,11,10,10,11
11725,5,5,4,4,4,3,3,4,4,4,4,4,3,3,4,4,4,4,3,3,3
11726,2,2,2,2,2,2,2,2,2,2,2,2,2,2,2,2,2,2,2,2,2
11727,1,1,1,1,1,1,1,1,1,1,1,1,1,1,1,1,1,1,1,1,1
11728,2,3,3,3,2,2,2,2,3,3,3,2,2,2,2,3,3,3,2,2,2
11729,1,1,1,1,1,1,1,1,1,1,1,1,1,0,1,1,1,1,1,1,1
11730,1,1,1,1,1,1,1,1,1,1,1,1,1,1,1,1,1,1,1,1,1
11731,7,7,7,7,6,5,5,7,7,7,7,6,5,5,7,7,7,7,6,5,5
11732,7,8,8,8,7,6,7,7,8,8,8,7,6,7,7,8,8,8,7,6,7
11733,1,1,1,1,1,1,1,1,1,1,1,1,1,1,1,1,1,1,1,1,1
11734,5,6,6,5,5,5,5,5,6,6,5,5,4,5,5,6,6,5,5,5,5
11735,1,1,1,1,1,1,1,1,1,1,1,1,1,1,1,1,1,1,1,1,1
11736,3,4,4,4,4,3,3,3,4,4,4,4,3,3,3,4,4,4,4,3,3
11737,1,1,1,1,1,1,1,1,1,1,1,1,1,1,1,1,1,1,1,1,1
11738,0,0,0,0,0,0,0,0,0,0,0,0,0,0,0,0,0,0,0,0,0
11739,0,0,0,0,0,0,0,0,0,0,0,0,0,0,0,0,0,0,0,0,0
11740,1,0,0,0,0,0,0,1,0,0,0,0,0,0,1,0,0,0,0,0,0
11741,5,4,3,3,3,3,3,4,3,3,3,2,2,3,3,2,2,2,2,2,2
11742,3,3,3,3,2,2,2,3,3,3,3,2,2,2,3,3,3,3,2,2,2
11743,0,0,0,0,0,0,0,0,0,0,0,0,0,0,0,0,0,0,0,0,0
11744,1,1,0,1,0,0,0,1,1,0,1,0,0,0,1,1,0,1,0,0,0
11745,0,0,0,0,0,0,0,0,0,0,0,0,0,0,0,0,0,0,0,0,0
11746,0,0,0,0,0,0,0,0,0,0,0,0,0,0,0,0,0,0,0,0,0
11747,4,4,5,3,3,2,3,4,4,5,3,3,2,3,4,4,5,3,3,2,3
11748,0,0,0,0,0,0,0,0,0,0,0,0,0,0,0,0,0,0,0,0,0
11749,1,1,0,1,0,0,0,1,1,0,1,0,0,0,1,1,0,1,0,0,0
11750,7,8,7,6,5,3,4,4,6,6,5,4,3,3,3,5,4,4,3,2,3
11751,1,2,2,2,2,2,1,1,2,2,2,2,2,1,1,2,2,2,2,2,1
11752,2,2,2,1,1,2,2,2,2,2,1,1,2,2,2,2,2,1,1,2,2
11753,0,0,0,0,0,0,0,0,0,0,0,0,0,0,0,0,0,0,0,0,0
11754,1,1,1,1,1,1,1,1,1,1,1,1,1,1,1,1,1,1,1,1,1
11755,5,5,5,5,4,3,3,4,5,5,5,4,3,3,4,5,5,5,4,3,3
11756,0,0,1,1,0,0,0,1,1,1,1,1,0,1,1,1,1,1,1,1,1
11757,6,6,6,6,6,6,6,7,7,6,5,5,5,5,5,5,4,4,4,4,4
11758,1,1,1,1,1,1,1,1,1,1,1,1,1,1,1,1,1,1,1,1,1
11759,0,0,0,0,0,0,0,0,0,0,0,0,0,0,0,0,0,0,0,0,0
11760,0,0,0,0,0,0,0,0,0,0,0,0,0,0,0,0,0,0,0,0,0
11761,0,0,0,0,0,0,0,0,0,0,0,0,0,0,0,0,0,0,0,0,0
11762,4,4,4,3,3,3,4,4,5,5,4,3,4,4,5,5,5,4,3,4,4
11763,1,1,2,2,2,1,1,1,1,2,2,2,1,1,1,1,2,2,2,1,1
11764,3,3,4,6,5,5,3,3,3,4,6,5,5,3,3,3,4,6,5,5,3
11765,6,6,6,5,5,5,5,5,5,5,4,4,4,4,4,4,4,4,4,4,4
11766,120,119,117,112,104,94,101,122,127,126,121,109,95,99,125,132,133,128,117,111,123
11767,511,564,646,549,517,454,437,539,604,672,572,536,476,449,543,613,706,604,556,493,478
11768,526,571,647,554,521,449,428,526,596,663,567,526,458,436,539,617,710,609,566,495,480
11769,264,274,287,314,309,264,283,291,317,318,341,331,292,312,309,336,350,366,342,293,295
11770,2,3,5,5,3,2,2,2,3,5,5,3,2,2,2,3,5,5,3,2,2
11771,128,129,138,119,116,110,93,128,129,138,119,116,110,93,128,129,138,119,116,110,93
11772,30,32,33,35,32,28,25,27,30,29,33,30,29,26,27,29,30,34,31,28,25
11773,97,122,128,118,104,95,110,130,150,141,129,114,109,120,132,148,152,140,116,107,119
11774,5,5,6,7,6,5,5,5,6,6,7,6,6,5,5,6,6,7,6,6,6
11775,9,10,10,10,9,9,9,9,10,10,10,9,9,8,9,9,10,10,9,8,8
11776,0,0,0,0,0,0,0,0,0,0,1,0,0,0,0,0,0,1,0,0,0
11777,0,0,0,1,1,1,0,0,0,0,1,1,1,0,0,0,0,1,1,1,0
11778,1,1,2,2,2,2,2,1,1,2,2,2,2,2,1,1,2,2,2,2,2
11779,0,0,0,0,0,0,0,0,0,0,0,0,0,0,0,0,0,0,0,0,0
11780,0,0,0,0,0,0,0,0,0,0,0,0,0,0,0,0,0,0,0,0,0
11781,0,0,0,0,0,0,0,0,0,0,0,0,0,0,0,0,0,0,0,0,0
11782,5,6,8,6,6,6,8,9,10,10,8,7,6,8,10,11,10,8,7,9,13
11783,0,0,0,0,0,0,0,0,0,0,0,0,0,0,0,0,0,0,0,0,0
11784,1,1,1,1,1,1,1,1,1,1,1,1,1,1,1,1,1,1,1,1,1
11785,0,0,0,0,0,0,0,0,0,0,0,0,0,0,0,0,0,0,0,0,0
11786,2,2,1,1,1,1,1,2,2,2,1,1,1,1,2,2,2,1,1,1,2
11787,0,0,0,0,0,0,0,0,0,0,0,0,0,0,0,0,0,0,0,0,0
11788,2,3,3,3,3,2,2,3,3,3,3,3,2,3,3,3,3,3,3,2,3
11789,0,0,0,0,0,0,0,0,0,0,0,0,0,0,0,0,0,0,0,0,0
11790,0,0,0,0,0,0,0,0,0,0,0,0,0,0,0,0,0,0,0,0,0
11791,2,3,2,2,2,2,2,2,3,2,2,2,2,2,2,3,2,2,2,2,2
11792,0,0,0,0,0,0,0,0,0,0,0,0,0,0,0,0,0,0,0,0,0
11793,1,1,1,1,1,1,1,1,1,1,1,1,1,1,1,1,1,1,1,1,1
11794,0,0,0,0,0,0,0,0,0,0,0,0,0,0,0,0,0,0,0,0,0
11795,0,0,0,0,0,0,0,0,0,0,0,0,0,0,0,0,0,0,0,0,0
11796,0,0,0,0,0,0,0,0,0,0,0,0,0,0,0,0,0,0,0,0,0
11797,0,0,0,0,0,0,0,0,0,0,0,0,0,0,0,0,0,0,0,0,0
11798,0,0,0,0,0,0,0,0,0,0,0,0,0,0,0,0,0,0,0,0,0
11799,4,4,4,4,4,3,3,4,4,4,4,4,3,3,3,4,4,4,4,3,3
11800,0,0,0,0,0,0,0,0,0,0,0,0,0,0,0,0,0,0,0,0,0
11801,1,0,0,0,0,0,0,0,0,0,0,0,0,0,0,0,0,0,0,0,0
11802,0,0,1,0,0,0,0,0,0,1,0,0,0,0,0,0,1,0,0,0,0
11803,0,0,0,0,0,0,0,0,0,0,0,0,0,0,0,0,0,0,0,0,0
11804,0,0,0,0,0,0,0,0,0,0,0,0,0,0,0,0,0,0,0,0,0
11805,0,0,0,0,0,0,0,0,0,0,0,0,0,0,0,0,0,0,0,0,0
11806,0,0,0,0,0,0,0,0,0,0,0,0,0,0,0,0,0,0,0,0,0
11807,2,2,1,1,1,1,1,1,1,1,1,1,1,1,1,1,1,0,0,1,1
11808,0,0,0,0,0,0,0,0,0,0,0,0,0,0,0,0,0,0,0,0,0
11809,0,0,0,0,0,0,0,0,0,0,0,0,0,0,0,0,0,0,0,0,0
11810,2,1,1,1,1,1,1,2,1,2,1,1,1,1,2,1,2,1,1,1,1
11811,3,3,3,2,2,2,2,2,2,2,2,2,2,2,2,2,2,2,2,2,2
11812,1,1,1,1,1,1,1,1,1,1,1,1,1,1,1,1,1,1,1,1,1
11813,9,12,16,13,11,8,8,12,14,17,14,12,9,9,11,13,16,13,11,8,8
11814,11,14,15,14,14,10,8,9,12,14,13,13,10,8,9,12,14,13,13,10,8
11815,11,12,11,10,11,10,10,12,12,11,10,10,9,8,9,9,8,7,8,7,7
11816,4,6,8,9,9,6,3,4,6,8,9,9,6,3,4,6,8,9,9,6,3
11817,2,3,2,2,2,2,1,2,3,2,2,2,2,1,2,3,2,2,2,2,1
11818,0,0,0,0,0,0,0,0,0,0,0,0,0,0,0,0,0,0,0,0,0
11819,0,0,0,0,0,0,0,0,0,0,0,0,0,0,0,0,0,0,0,0,0
11820,0,0,0,0,0,0,0,0,0,0,0,0,0,0,0,0,0,0,0,0,0
11821,7,6,5,5,5,4,4,4,4,4,3,2,2,2,2,2,2,2,1,1,2
11822,0,0,0,0,0,0,0,0,0,0,0,0,0,0,0,0,0,0,0,0,0
11823,1,1,1,0,0,0,0,1,1,1,0,0,0,0,1,1,1,0,0,0,0
11824,0,0,0,0,0,0,0,0,0,0,0,0,0,0,0,0,0,0,0,0,0
11825,0,0,0,0,0,0,0,0,0,0,0,0,0,0,0,0,0,0,0,0,0
11826,0,0,0,0,0,0,0,0,0,0,0,0,0,0,0,0,0,0,0,0,0
11827,0,0,0,0,0,0,0,0,0,0,0,0,0,0,0,0,0,0,0,0,0
11828,0,0,0,0,0,0,0,0,0,0,0,0,0,0,0,0,0,0,0,0,0
11829,0,0,0,0,0,0,0,0,0,0,0,0,0,0,0,0,0,0,0,0,0
11830,0,0,0,0,0,0,0,0,0,0,0,0,0,0,0,0,0,0,0,0,0
11831,63,72,78,77,66,62,61,72,83,85,84,72,68,67,75,80,85,84,69,64,67
11832,0,0,0,0,0,0,0,0,0,0,0,0,0,0,0,0,0,0,0,0,0
11833,0,0,0,0,0,0,0,0,0,0,0,0,0,0,0,0,0,0,0,0,0
11834,0,0,0,0,0,0,0,0,0,0,0,0,0,0,0,0,0,0,0,0,0
11835,0,0,0,0,0,0,0,0,0,0,0,0,0,0,0,0,0,0,0,0,0
11836,0,0,0,0,0,0,0,0,0,0,0,0,0,0,0,0,0,0,0,0,0
11837,0,0,0,0,0,0,0,0,0,0,0,0,0,0,0,0,0,0,0,0,0
11838,0,0,0,0,0,0,0,0,0,0,0,0,0,0,0,0,0,0,0,0,0
11839,0,0,0,0,0,0,0,0,0,0,0,0,0,0,0,0,0,0,0,0,0
11840,0,0,0,0,0,0,0,0,0,0,0,0,0,0,0,0,0,0,0,0,0
11841,0,0,0,0,0,0,0,0,0,0,0,0,0,0,0,0,0,0,0,0,0
11842,3,3,2,3,2,2,2,3,3,2,3,2,2,2,3,3,2,3,2,2,2
11843,7,6,6,5,5,5,4,5,4,5,4,5,5,4,4,4,5,4,5,5,4
11844,0,0,0,0,0,0,0,0,0,0,0,0,0,0,0,0,0,0,0,0,0
11845,9,9,7,6,6,5,6,7,7,7,6,5,5,5,6,7,6,5,5,5,5
11846,12,11,14,14,13,9,9,9,9,13,13,12,8,9,9,9,12,13,12,8,8
11847,0,0,0,0,0,0,0,0,0,0,0,0,0,0,0,0,0,0,0,0,0
11848,30,28,28,26,25,23,23,26,28,29,28,26,24,25,27,26,27,27,24,23,23
11849,1,1,1,1,1,1,1,1,1,1,1,1,1,1,1,1,1,1,1,1,1
11850,1,1,1,1,1,1,0,1,1,1,1,1,1,0,1,1,1,1,1,1,1
11851,2,1,2,2,2,1,1,2,1,2,2,2,1,1,2,1,2,2,2,1,1
11852,0,0,0,0,0,0,0,0,0,0,0,0,0,0,0,0,0,0,0,0,0
11853,2,2,3,3,2,1,1,2,2,3,3,2,1,1,2,2,3,3,2,1,1
11854,3,3,3,3,3,2,2,3,3,3,3,3,2,2,3,3,3,3,3,2,2
11855,11,10,10,9,9,9,8,9,9,9,9,9,9,8,9,9,9,9,9,9,7
11856,2,3,3,3,3,2,2,3,3,3,3,3,2,2,3,3,3,3,3,2,3
11857,0,0,0,0,0,0,0,0,0,0,0,0,0,0,0,0,0,0,0,0,0
11858,2,1,1,1,1,1,0,1,1,1,1,0,0,0,1,0,0,0,0,0,0
11859,1,1,1,1,1,1,1,1,1,1,1,1,1,1,1,1,1,1,1,1,1
11860,1,1,1,1,1,1,1,1,1,1,1,1,1,1,1,1,1,1,1,1,1
11861,0,0,0,0,0,0,0,0,0,0,0,0,0,0,0,0,0,0,0,0,0
11862,0,0,0,0,0,0,0,0,0,0,0,0,0,0,0,0,0,0,0,0,0
11863,0,0,0,0,0,0,0,0,0,0,0,0,0,0,0,0,0,0,0,0,0
11864,0,0,0,0,0,0,0,0,0,0,0,0,0,0,0,0,0,0,0,0,0
11865,0,0,0,0,0,0,0,0,0,0,0,0,0,0,0,0,0,0,0,0,0
11866,0,0,0,0,0,0,0,0,0,0,0,0,0,0,0,0,0,0,0,0,0
11867,0,0,0,0,0,0,0,0,0,0,0,0,0,0,0,0,0,0,0,0,0
11868,0,0,0,0,0,0,0,0,0,0,0,0,0,0,0,0,0,0,0,0,0
11869,0,0,0,0,0,0,0,0,0,0,0,0,0,0,0,0,0,0,0,0,0
11870,0,0,0,0,0,0,0,0,0,0,0,0,0,0,0,0,0,0,0,0,0
11871,0,0,0,0,0,0,0,0,0,0,0,0,0,0,0,0,0,0,0,0,0
11872,0,0,0,0,0,0,0,0,0,0,0,0,0,0,0,0,0,0,0,0,0
11873,0,0,0,0,0,0,0,0,0,0,0,0,0,0,0,0,0,0,0,0,0
11874,0,0,0,0,0,0,0,0,0,0,0,0,0,0,0,0,0,0,0,0,0
11875,0,0,0,0,0,0,0,0,0,0,0,0,0,0,0,0,0,0,0,0,0
11876,0,0,0,0,0,0,0,0,0,0,0,0,0,0,0,0,0,0,0,0,0
11877,1,1,0,0,0,0,0,0,0,0,0,0,0,0,0,0,0,0,0,0,0
11878,0,0,0,0,0,0,0,0,0,0,0,0,0,0,0,0,0,0,0,0,0
11879,0,0,0,0,0,0,0,0,0,0,0,0,0,0,0,0,0,0,0,0,0
11880,0,0,0,0,0,0,0,0,0,0,0,0,0,0,0,0,0,0,0,0,0
11881,0,0,0,0,0,0,0,0,0,0,0,0,0,0,0,0,0,0,0,0,0
11882,0,0,0,0,0,0,0,0,0,0,0,0,0,0,0,0,0,0,0,0,0
11883,0,0,0,0,0,0,0,0,0,0,0,0,0,0,0,0,0,0,0,0,0
11884,0,0,0,0,0,0,0,0,0,0,0,0,0,0,0,0,0,0,0,0,0
11885,0,0,0,0,0,0,0,0,0,0,0,0,0,0,0,0,0,0,0,0,0
11886,0,0,0,0,0,0,0,0,0,0,0,0,0,0,0,0,0,0,0,0,0
11887,0,0,0,0,0,0,0,0,0,0,0,0,0,0,0,0,0,0,0,0,0
11888,0,0,0,0,0,0,0,0,0,0,0,0,0,0,0,0,0,0,0,0,0
11889,1,1,1,1,1,1,1,1,1,1,1,1,1,1,2,2,1,1,1,1,1
11890,1,1,1,1,1,1,1,1,1,1,1,1,1,1,1,1,1,1,1,1,1
11891,33,37,37,32,26,23,24,28,32,30,27,24,22,23,26,29,29,27,24,22,23
11892,35,39,40,36,32,30,31,35,39,39,36,33,32,33,36,37,38,35,30,28,29
11893,2,2,2,2,2,2,2,2,2,2,2,2,2,2,2,2,2,2,2,2,2
11894,4,4,5,4,4,3,3,4,4,5,4,4,3,3,4,4,5,4,4,3,3
11895,22,27,31,30,25,22,22,25,29,31,29,25,23,23,25,28,30,29,24,22,22
11896,0,0,0,0,0,0,0,0,0,0,0,0,0,0,0,0,0,0,0,0,0
11897,27,29,34,35,37,34,20,27,29,34,35,37,34,20,27,29,34,35,37,34,20
11898,1,1,1,1,1,1,1,1,1,1,1,1,1,1,1,1,1,1,1,1,1
11899,0,0,0,0,0,0,0,0,0,0,0,0,0,0,0,0,0,0,0,0,0
11900,0,0,0,0,0,0,0,0,0,0,0,0,0,0,0,0,0,0,0,0,0
11901,0,0,0,0,0,0,0,0,0,0,0,0,0,0,0,0,0,0,0,0,0
11902,11,14,15,14,12,9,9,11,14,15,14,12,9,9,11,14,15,14,12,9,9
11903,2,2,2,2,2,2,2,2,2,2,2,2,2,2,3,3,3,3,3,3,3
11904,0,0,0,0,0,0,0,0,0,0,0,0,0,0,0,0,0,0,0,0,0
11905,0,0,0,0,0,0,0,0,0,0,0,0,0,0,0,0,0,0,0,0,0
11906,1,1,1,1,1,1,1,1,1,1,1,1,1,1,1,1,1,1,1,1,1
11907,3,3,4,3,3,3,3,4,4,4,4,3,3,3,4,4,4,3,3,3,3
11908,7,7,7,6,5,5,5,6,6,6,5,5,5,5,6,6,6,5,5,5,5
11909,1,1,1,0,0,0,1,1,1,1,0,0,0,0,1,1,1,0,0,0,0
11910,1,1,1,1,1,1,1,1,1,1,1,1,1,1,1,1,1,1,1,1,1
11911,4,4,4,4,4,4,4,4,4,4,4,4,4,3,4,4,4,4,4,3,3
11912,1,0,1,0,0,0,1,1,0,1,0,0,0,1,1,0,1,0,0,0,1
11913,0,0,0,0,0,0,0,0,0,0,0,0,0,0,0,0,0,0,0,0,0
11914,0,0,0,0,0,0,0,0,0,0,0,0,0,0,0,0,0,0,0,0,0
11915,0,0,0,0,0,0,0,0,0,0,0,0,0,0,0,0,0,0,0,0,0
11916,0,0,0,0,0,0,0,0,0,0,0,0,0,0,0,0,0,0,0,0,0
11917,0,0,0,0,0,0,0,0,0,0,0,0,0,0,0,0,0,0,0,0,0
11918,2,2,1,1,1,1,2,2,2,1,1,1,1,2,2,2,1,1,1,1,2
11919,0,0,0,0,0,0,0,1,0,0,0,0,0,0,1,0,0,0,0,0,0
11920,4,4,4,3,3,3,4,4,4,4,4,3,3,4,4,4,4,3,3,3,4
11921,4,4,3,2,2,2,2,2,2,2,2,2,2,2,2,2,2,2,2,2,2
11922,6,5,4,3,3,3,3,4,4,4,3,3,3,3,3,4,3,3,2,3,2
11923,3,4,4,4,3,2,3,3,4,4,4,3,2,2,3,4,4,4,3,2,3
11924,2,3,3,3,2,3,2,2,3,3,3,2,3,2,2,3,3,3,2,3,2
11925,0,0,0,0,0,0,0,0,0,0,0,0,0,0,0,0,0,0,0,0,0
11926,14,15,15,13,12,10,11,13,14,14,12,11,9,9,11,12,12,11,10,8,9
11927,1,0,0,1,1,1,1,1,0,0,1,1,1,1,1,0,0,1,1,1,1
11928,0,0,0,0,0,0,0,0,0,0,0,0,0,0,0,0,0,0,0,0,0
11929,4,3,3,2,2,2,2,3,3,2,2,2,2,2,2,2,2,2,2,2,2
11930,11,9,9,7,8,8,7,9,8,8,6,6,7,6,8,7,7,5,5,6,6
11931,0,0,0,0,0,0,0,0,0,0,0,0,0,0,0,0,0,0,0,0,0
11932,1,1,2,1,1,1,1,1,1,2,1,1,1,1,1,1,2,1,1,1,1
11933,0,0,0,0,0,0,0,0,0,0,0,0,0,0,0,0,0,0,0,0,0
11934,0,0,0,0,0,0,0,0,0,0,0,0,0,0,0,0,0,0,0,0,0
11935,1,1,1,0,0,0,0,1,1,1,1,0,0,0,1,1,1,0,0,0,0
11936,0,0,1,0,0,0,0,0,0,1,0,0,0,0,0,0,1,0,0,0,0
11937,0,0,0,0,0,0,0,0,0,0,0,0,0,0,0,0,0,0,0,0,0
11938,0,0,0,0,0,0,0,0,0,0,0,0,0,0,0,0,0,0,0,0,0
11939,15,15,14,12,10,10,11,13,13,12,10,9,9,10,11,10,8,7,6,7,7
11940,1,1,1,1,1,1,1,1,1,1,1,1,1,1,1,1,1,1,1,1,1
11941,12,12,12,10,10,10,11,13,13,13,12,11,11,11,13,14,13,12,11,12,14
11942,0,3,8,5,1,2,2,0,3,8,5,1,2,2,0,3,8,4,1,2,2
11943,2,2,2,1,1,1,1,1,1,1,1,1,1,1,1,1,1,1,1,1,1
11944,0,0,0,1,0,0,1,0,0,0,1,0,0,1,0,0,0,1,0,0,1
11945,1,1,1,1,1,1,1,1,1,1,1,1,1,1,1,1,1,1,1,1,1
11946,0,0,0,0,0,0,0,0,0,0,0,0,0,0,0,0,0,0,0,0,0
11947,0,0,0,0,0,0,0,0,0,0,0,0,0,0,0,0,0,0,0,0,0
11948,0,0,0,0,0,0,0,0,0,0,0,0,0,0,0,0,0,0,0,0,0
11949,0,0,0,0,0,0,0,0,0,0,0,0,0,0,0,0,0,0,0,0,0
11950,0,0,0,0,0,0,0,0,0,0,0,0,0,0,0,0,0,0,0,0,0
11951,0,0,0,0,0,0,0,0,0,0,0,0,0,0,0,0,0,0,0,0,0
11952,0,0,0,0,0,0,0,0,0,0,0,0,0,0,0,0,0,0,0,0,0
11953,0,0,0,0,0,0,0,0,0,0,0,0,0,0,0,0,0,0,0,0,0
11954,0,0,0,0,0,0,0,0,0,0,0,0,0,0,0,0,0,0,0,0,0
11955,48,46,42,46,41,33,35,44,46,44,49,43,36,38,50,52,50,53,46,38,39
11956,148,149,143,117,101,92,101,132,138,135,114,98,90,99,136,147,147,129,115,111,125
11957,38,46,49,46,34,28,24,34,42,47,45,33,27,24,33,42,46,44,32,27,23
11958,70,76,71,63,50,40,41,52,66,69,63,48,38,39,55,71,79,77,61,52,54
11959,0,0,1,1,0,0,0,0,0,1,1,0,0,0,0,0,1,1,0,0,0
11960,6,7,8,8,7,6,5,6,7,8,8,7,6,5,6,7,8,8,7,6,5
11961,0,0,0,0,0,0,0,0,0,0,0,0,0,0,0,0,0,0,0,0,0
11962,0,0,0,0,0,0,0,0,0,0,0,0,0,0,0,0,0,0,0,0,0
11963,1,1,1,1,0,0,0,1,1,1,1,0,0,0,1,1,1,1,0,0,0
11964,1,1,1,1,1,1,1,1,1,1,1,1,1,1,1,1,1,1,1,1,1
11965,4,5,5,4,4,3,3,4,5,5,4,4,3,3,4,5,5,4,4,3,3
11966,0,0,0,0,0,0,0,0,0,0,0,0,0,0,0,0,0,0,0,0,0
11967,0,1,1,1,0,1,1,1,1,1,1,1,1,1,1,1,1,1,1,1,1
11968,0,0,0,1,0,0,0,1,1,1,1,1,1,1,1,1,2,2,2,1,1
11969,4,4,5,5,5,4,4,5,5,5,5,4,4,4,4,5,5,5,4,4,4
11970,3,3,3,3,2,2,2,3,3,3,3,2,2,2,3,3,3,3,2,2,2
11971,20,24,23,21,14,12,15,20,24,23,21,14,12,15,20,24,23,21,14,12,15
11972,4,3,3,2,2,2,3,3,3,3,2,2,2,2,3,3,2,2,2,2,2
11973,0,0,0,0,0,0,0,0,0,0,0,0,0,0,0,0,0,0,0,0,0
11974,1,1,0,1,1,1,1,1,1,0,1,1,1,1,1,1,0,1,1,1,1
11975,0,0,0,0,0,0,0,0,0,0,0,0,0,0,0,0,0,0,0,0,0
11976,2,1,1,2,1,1,1,2,2,1,2,1,1,2,2,2,2,2,1,2,2
11977,0,0,0,0,0,0,0,0,0,0,0,0,0,0,0,0,0,0,0,0,0
11978,1,2,2,2,1,1,1,1,2,2,2,1,1,1,1,2,2,2,1,1,1
11979,0,0,0,0,0,0,0,0,0,0,0,0,0,0,0,0,0,0,0,0,0
11980,0,0,0,0,0,0,0,0,0,0,0,0,0,0,0,0,0,0,0,0,0
11981,0,0,0,0,0,0,0,0,0,0,0,0,0,0,0,0,0,0,0,0,0
11982,0,0,0,0,0,0,0,0,0,0,0,0,0,0,0,0,0,0,0,0,0
11983,3,3,3,2,2,2,2,3,3,3,3,2,2,2,3,3,3,2,2,2,2
11984,1,1,1,1,1,1,1,1,1,1,1,1,1,1,1,2,2,1,1,1,1
11985,0,0,0,0,0,0,0,0,0,0,0,0,0,0,0,0,0,0,0,0,0
11986,0,0,0,0,0,0,0,0,0,0,0,0,0,0,0,0,0,0,0,0,0
11987,0,0,1,0,1,0,0,0,0,1,0,1,0,0,0,1,1,0,1,0,0
11988,1,1,1,0,0,1,1,1,1,1,0,0,1,1,1,1,1,0,0,1,1
11989,0,0,0,0,0,0,0,0,0,0,0,0,0,0,0,0,0,0,0,0,0
11990,1,1,1,1,1,1,1,1,1,1,1,1,1,1,1,1,1,1,1,1,1
11991,1,2,2,2,2,2,1,1,2,2,2,2,2,1,1,2,2,2,2,2,1
11992,0,0,0,0,0,0,0,0,0,0,0,0,0,0,0,0,0,0,0,0,0
11993,0,0,0,0,0,0,0,0,0,0,0,0,0,0,0,0,0,0,0,0,0
11994,6,8,9,8,7,4,4,5,8,9,8,8,5,4,5,8,10,8,8,5,5
11995,80,90,92,89,79,68,67,80,90,92,89,79,68,67,80,90,92,89,79,68,67
11996,1,1,1,1,1,1,1,1,1,1,1,1,1,1,1,1,1,1,1,1,1
11997,0,0,0,0,0,0,0,0,0,0,0,0,0,0,0,0,0,0,0,0,0
11998,0,0,0,0,0,0,0,0,0,0,0,0,0,0,0,0,0,0,0,0,0
11999,0,0,0,0,0,0,0,0,0,0,0,0,0,0,0,0,0,0,0,0,0
12000,1,1,1,0,0,0,0,0,0,0,0,0,0,0,0,0,0,0,0,0,0
12001,0,0,0,0,0,0,0,0,0,0,0,0,0,0,0,0,0,0,0,0,0
12002,0,0,0,0,0,0,0,0,0,0,0,0,0,0,0,0,0,0,0,0,0
12003,1,1,1,1,1,1,1,1,1,1,1,1,1,1,1,1,1,1,1,1,1
12004,0,1,1,1,1,1,1,1,1,1,1,1,1,1,1,1,1,1,1,0,1
12005,0,0,0,0,0,0,0,0,0,0,0,0,0,0,0,0,0,0,0,0,0
12006,0,0,0,0,0,0,0,0,0,0,0,0,0,0,0,0,0,0,0,0,0
12007,0,0,0,0,0,0,0,0,0,0,0,0,0,0,0,0,0,0,0,0,0
12008,0,0,0,0,0,0,0,0,0,0,0,0,0,0,0,0,0,0,0,0,0
12009,0,0,0,0,0,0,0,0,0,0,0,0,0,0,0,0,0,0,0,0,0
12010,0,0,0,0,0,0,0,0,0,0,0,0,0,0,0,0,0,0,0,0,0
12011,0,0,0,0,0,0,0,0,0,0,0,0,0,0,0,0,0,0,0,0,0
12012,0,0,0,0,0,0,0,0,0,0,0,0,0,0,0,0,0,0,0,0,0
12013,0,0,0,0,0,0,0,0,0,0,0,0,0,0,0,0,0,0,0,0,0
12014,0,0,0,0,0,0,0,0,0,0,0,0,0,0,0,0,0,0,0,0,0
12015,0,0,0,0,0,0,0,0,0,0,0,0,0,0,0,0,0,0,0,0,0
12016,0,0,0,0,0,0,0,0,0,0,0,0,0,0,0,0,0,0,0,0,0
12017,0,0,0,0,0,0,0,0,0,0,0,0,0,0,0,0,0,0,0,0,0
12018,0,0,0,0,0,0,0,0,0,0,0,0,0,0,0,0,0,0,0,0,0
12019,0,0,0,0,0,0,0,0,0,0,0,0,0,0,0,0,0,0,0,0,0
12020,112,117,119,114,100,91,91,112,117,119,114,100,91,91,112,117,119,114,100,91,91
12021,26,33,24,22,19,12,17,26,33,24,22,19,12,17,26,33,24,22,19,12,17
12022,0,0,0,0,0,0,0,0,0,0,0,0,0,0,0,0,0,0,0,0,0
12023,1,1,1,1,1,0,0,1,1,1,1,0,0,0,1,1,1,1,0,0,0
12024,1,2,2,2,2,2,1,1,2,2,2,2,2,1,1,2,2,2,2,2,1
12025,0,0,0,0,0,0,0,0,0,0,0,0,0,0,0,0,0,0,0,0,0
12026,0,0,0,0,0,0,0,0,0,0,0,0,0,0,0,0,0,0,0,0,0
12027,0,0,0,0,0,0,0,0,0,0,0,0,0,0,0,0,0,0,0,0,0
12028,54,78,94,61,52,41,41,55,79,95,61,52,42,41,55,78,94,60,52,41,41
12029,39,40,41,37,28,30,27,39,40,41,37,28,30,27,39,40,41,37,28,30,27
12030,0,0,0,0,0,0,0,0,0,0,0,0,0,0,0,0,0,0,0,0,0
12031,0,1,0,0,1,1,0,0,1,0,0,1,1,0,0,1,0,0,1,1,0
12032,0,0,0,0,0,0,0,0,0,0,0,0,0,0,0,0,0,0,0,0,0
12033,0,0,0,0,0,0,0,0,0,0,0,0,0,0,0,0,0,0,0,0,0
12034,6,7,6,5,3,2,2,4,5,6,4,2,2,2,4,5,5,4,2,2,2
12035,1,1,1,1,1,1,1,1,1,1,1,1,1,1,1,1,1,1,1,1,1
12036,9,9,9,8,8,7,7,8,8,8,7,6,6,7,8,8,8,7,7,6,7
12037,1,2,1,1,1,1,2,2,2,1,1,1,1,1,1,2,1,1,1,1,2
12038,0,0,0,0,0,0,0,0,0,0,0,0,0,0,0,0,0,0,0,0,0
12039,2,1,1,1,1,1,1,2,1,1,1,1,1,1,2,1,1,1,1,1,1
12040,0,0,0,0,0,0,0,0,0,0,0,0,0,0,0,0,0,0,0,0,0
12041,1,0,1,1,1,1,1,1,0,1,1,1,1,1,1,0,1,1,1,1,1
12042,6,7,5,4,4,5,5,6,7,5,4,4,5,5,6,7,5,4,4,5,5
12043,1,1,1,1,1,1,1,1,1,1,1,1,1,1,1,1,1,1,1,1,1
12044,0,0,0,0,0,0,0,0,0,0,0,0,0,0,0,0,0,0,0,0,0
12045,0,0,0,0,0,0,0,0,0,0,0,0,0,0,0,0,0,0,0,0,0
12046,0,0,0,0,0,0,0,0,0,0,0,0,0,0,0,0,0,0,0,0,0
12047,0,0,0,0,0,0,0,0,0,0,0,0,0,0,0,0,0,0,0,0,0
12048,0,0,0,0,0,0,0,0,0,0,0,0,0,0,0,0,0,0,0,0,0
12049,0,0,0,0,0,0,0,0,0,0,0,0,0,0,0,0,0,0,0,0,0
12050,0,1,0,0,0,0,1,0,1,0,0,0,0,1,0,1,0,0,0,0,1
12051,3,3,3,3,2,2,2,3,3,3,3,2,2,2,3,3,3,3,2,2,2
12052,5,4,4,4,3,4,4,4,4,4,4,3,3,4,4,4,4,3,3,3,4
12053,4,3,3,3,3,3,3,4,3,3,3,3,3,3,4,3,3,3,3,3,3
12054,2,2,2,2,2,2,2,2,2,2,2,2,2,2,2,1,2,2,1,2,2
12055,0,0,0,0,0,0,0,0,0,0,0,0,0,0,0,0,0,0,0,0,0
12056,0,0,0,0,0,0,0,0,0,0,0,0,0,0,0,0,0,0,0,0,0
12057,39,40,39,35,31,30,32,39,43,43,40,34,30,31,38,43,44,41,36,36,42
12058,0,0,0,0,0,0,0,0,0,0,0,0,0,0,0,0,0,0,0,0,0
12059,1,1,1,1,1,1,1,1,2,1,1,1,1,1,1,2,2,1,1,1,1
12060,1,1,1,1,1,1,1,1,1,1,1,1,1,1,1,1,1,1,1,1,1
12061,0,0,0,0,0,0,0,0,0,0,0,0,0,0,0,0,0,0,0,0,0
12062,0,0,1,0,0,0,0,0,0,1,0,0,0,0,0,0,1,0,0,0,0
12063,1,1,1,1,1,1,1,1,1,1,1,1,1,1,1,1,1,1,1,1,1
12064,4,6,6,6,4,4,3,5,6,6,6,4,4,3,5,6,6,5,4,3,3
12065,0,0,0,0,0,0,0,0,0,0,0,0,0,0,0,0,0,0,0,0,0
12066,0,0,0,0,0,0,0,0,0,0,0,0,0,0,0,0,0,0,0,0,0
12067,0,0,0,0,0,0,0,0,0,0,0,0,0,0,0,1,0,0,0,0,0
12068,4,5,6,6,5,4,4,4,5,6,5,5,4,4,4,5,5,5,4,4,4
12069,0,0,0,0,0,0,0,0,0,0,0,0,0,0,0,0,0,0,0,0,0
12070,0,0,0,0,0,0,0,0,0,0,0,0,0,0,0,0,0,0,0,0,0
12071,2,5,6,5,3,2,1,3,5,7,5,3,2,2,3,5,7,5,3,2,2
12072,14,16,15,10,7,13,11,14,16,15,10,7,13,11,14,16,15,10,7,13,11
12073,3,3,2,2,1,3,3,3,3,2,2,1,3,3,3,3,2,2,2,3,3
12074,0,0,0,0,0,0,0,0,0,0,0,0,0,0,0,0,0,0,0,0,0
12075,0,0,0,0,0,0,0,0,0,0,0,0,0,0,0,0,0,0,0,0,0
12076,0,0,0,0,0,0,0,0,0,0,0,0,0,0,0,0,0,0,0,0,0
12077,0,0,0,0,0,0,0,0,0,0,0,0,0,0,0,0,0,0,0,0,0
12078,0,0,0,0,0,0,0,0,0,0,0,0,0,0,0,0,0,0,0,0,0
12079,0,0,0,0,0,0,0,0,0,0,0,0,0,0,0,0,0,0,0,0,0
12080,0,0,0,0,0,1,0,1,0,0,0,0,0,0,0,0,0,0,0,0,0
12081,1,1,1,1,1,1,2,2,2,2,2,1,1,2,2,2,2,1,1,1,2
12082,2,2,2,1,1,1,1,1,2,1,1,1,1,1,2,2,2,1,1,1,1
12083,2,2,2,1,1,1,1,1,2,2,1,1,1,1,1,2,2,1,1,1,1
12084,2,2,2,2,2,2,2,2,2,2,2,2,2,2,2,2,2,2,2,2,2
12085,2,2,2,2,1,1,2,2,2,2,2,2,1,2,2,2,2,2,2,1,2
12086,1,1,1,1,1,1,1,1,1,1,1,1,1,1,1,2,2,1,1,1,1
12087,6,7,6,5,4,5,5,6,7,6,5,4,5,5,6,7,6,5,4,5,5
12088,0,0,0,0,0,0,0,0,0,0,0,0,0,0,0,0,0,0,0,0,0
12089,1,1,2,2,1,1,1,1,1,2,2,1,1,1,1,1,2,2,1,1,1
12090,0,0,0,0,0,0,0,0,0,0,0,0,0,0,0,0,0,0,0,0,0
12091,0,0,0,0,0,0,0,0,0,0,0,0,0,0,0,0,0,0,0,0,0
12092,0,0,0,0,0,0,0,0,0,0,0,0,0,0,0,0,0,0,0,0,0
12093,0,0,0,0,0,0,0,0,0,0,0,0,0,0,0,0,1,0,0,0,0
12094,1,1,1,1,1,1,1,1,1,1,1,1,1,1,1,1,1,1,1,1,1
12095,2,2,2,2,1,1,1,2,2,2,2,1,1,1,2,2,2,2,1,1,1
12096,0,0,0,0,0,0,0,0,0,0,0,0,0,0,0,0,0,0,0,0,0
12097,0,0,0,0,0,0,0,0,0,0,0,0,0,0,0,0,0,0,0,0,0
12098,4,4,3,3,2,3,3,4,4,3,3,2,3,3,4,4,3,3,2,3,3
12099,1,0,0,0,0,0,0,1,0,0,0,0,0,0,1,0,0,0,0,0,0
12100,0,0,0,0,0,0,0,0,0,0,0,0,0,0,0,0,0,0,0,0,0
12101,0,0,0,0,0,0,0,0,0,0,0,0,0,0,0,0,0,0,0,0,0
12102,0,0,0,0,0,0,0,0,0,0,0,0,0,0,0,0,0,0,0,0,0
12103,0,0,0,0,0,0,0,0,0,0,0,0,0,0,0,0,0,0,0,0,0
12104,0,0,0,0,0,0,0,0,0,0,0,0,0,0,0,0,0,0,0,0,0
12105,7,7,6,6,5,5,5,6,6,6,5,5,4,4,5,5,5,5,4,4,4
12106,0,0,0,0,0,0,0,0,0,0,0,0,0,0,0,0,0,0,0,0,0
12107,2,2,2,2,2,2,1,2,2,2,2,2,1,1,2,2,2,2,1,1,1
12108,0,0,0,1,1,0,0,0,0,0,1,0,0,0,0,0,0,1,1,0,0
12109,0,0,0,0,0,0,0,0,0,0,0,0,0,0,0,0,0,0,0,0,0
12110,5,5,5,5,4,3,3,3,4,5,5,4,3,3,3,4,5,5,4,3,3
12111,5,6,6,5,4,3,4,5,6,6,5,4,3,3,5,6,6,5,4,3,3
12112,4,4,4,4,3,3,3,3,3,3,3,3,3,2,3,3,3,3,2,2,2
12113,12,11,11,10,9,7,7,8,8,8,8,7,6,6,6,7,7,7,6,6,5
12114,1,1,1,0,1,1,1,1,1,1,0,1,1,1,1,1,1,0,1,1,1
12115,0,0,0,0,0,0,0,0,0,0,0,0,0,0,0,0,0,0,0,0,0
12116,0,0,0,0,0,0,0,0,0,0,0,0,0,0,0,0,0,0,0,0,0
12117,0,0,0,0,0,0,0,0,0,0,0,0,0,0,0,0,0,0,0,0,0
12118,0,0,0,0,0,0,0,0,0,0,0,0,0,0,0,0,0,0,0,0,0
12119,0,0,0,0,0,0,0,0,0,0,0,0,0,0,0,0,0,0,0,0,0
12120,3,3,3,2,3,2,3,3,3,3,3,3,2,3,3,3,3,2,3,2,3
12121,0,0,0,0,0,0,0,0,0,0,0,0,0,0,0,0,0,0,0,0,0
12122,28,30,31,30,27,24,23,28,29,31,30,26,24,23,28,29,31,30,26,24,23
12123,0,0,0,0,0,0,0,0,0,0,0,0,0,0,0,0,0,0,0,1,0
12124,4,4,4,3,3,3,3,3,3,4,3,3,3,3,3,3,4,3,3,3,3
12125,5,7,7,6,4,2,3,5,7,7,6,4,2,3,5,7,7,6,4,3,3
12126,3,4,4,4,3,2,3,3,4,4,4,3,2,2,3,4,4,4,3,2,3
12127,1,1,1,1,1,1,1,1,1,1,1,1,1,1,1,2,2,1,1,1,1
12128,0,0,0,0,0,0,0,0,0,0,0,0,0,0,0,0,0,0,0,0,0
12129,1,0,0,0,0,0,0,1,0,1,0,0,0,0,1,0,1,0,0,0,0
12130,0,0,0,0,0,0,0,0,0,0,0,0,0,0,0,0,0,0,0,0,0
12131,0,0,0,0,0,0,0,0,0,0,0,0,0,0,0,0,0,0,0,0,0
12132,0,0,0,0,0,0,0,0,0,0,0,0,0,0,0,0,0,0,0,0,0
12133,0,0,0,0,0,0,0,0,0,0,0,0,0,0,0,0,0,0,0,0,0
12134,0,0,0,0,0,0,0,0,0,0,0,0,0,0,0,0,0,0,0,0,0
12135,3,4,4,4,4,3,3,3,4,4,4,4,3,3,3,4,4,4,4,3,3
12136,0,0,0,0,0,0,0,0,0,0,0,0,0,0,0,0,0,0,0,0,0
12137,2,2,2,2,2,1,2,2,2,2,2,2,1,2,2,2,2,2,2,1,2
12138,0,0,0,0,0,0,0,0,0,0,0,0,0,0,0,0,0,0,0,0,0
12139,1,1,0,0,0,0,1,1,1,0,0,0,0,1,1,1,0,0,0,0,1
12140,0,0,0,0,0,0,0,0,0,0,0,0,0,0,0,0,0,0,0,0,0
12141,8,10,9,10,8,7,8,8,10,9,10,8,7,8,8,10,9,10,9,7,8
12142,1,1,1,1,1,1,0,1,1,1,1,1,0,0,1,1,1,1,1,0,0
12143,25,26,23,21,19,18,20,24,25,23,21,19,18,20,24,25,23,21,19,18,19
12144,2,2,2,2,2,2,2,2,2,2,2,2,2,2,2,2,2,2,2,2,2
12145,6,6,6,6,5,5,5,6,6,6,6,5,5,5,6,6,6,6,5,5,5
12146,0,0,0,0,0,0,0,0,0,0,0,0,0,0,0,0,0,0,0,0,0
12147,0,0,0,0,0,0,0,0,0,0,0,0,0,0,0,0,0,0,0,0,0
12148,0,0,0,0,0,0,0,0,0,0,0,0,0,0,0,0,0,0,0,0,0
12149,0,0,0,0,0,0,0,0,0,0,0,0,0,0,0,0,0,0,0,0,0
12150,0,0,0,0,0,0,0,0,0,0,0,0,0,0,0,0,0,0,0,0,0
12151,0,0,0,0,0,0,0,0,0,0,0,0,0,0,0,0,0,0,0,0,0
12152,0,0,1,1,0,0,0,0,0,0,1,0,1,0,0,0,1,1,0,0,0
12153,1,1,1,1,1,1,0,1,1,1,1,1,1,0,1,1,1,1,1,1,0
12154,0,0,0,0,0,0,0,0,0,0,0,0,0,0,0,0,0,0,0,0,0
12155,0,0,0,0,0,0,0,0,0,0,0,0,0,0,0,0,0,0,0,0,0
12156,11,11,10,7,5,5,9,11,11,10,7,5,5,9,11,11,10,7,5,5,9
12157,1,1,1,1,1,1,1,1,1,1,1,1,1,1,1,1,1,1,1,1,1
12158,0,0,0,0,0,0,0,0,0,0,0,0,0,0,0,0,0,0,0,0,0
12159,0,0,0,0,0,0,0,0,0,0,0,0,0,0,0,0,0,0,0,0,0
12160,0,0,0,0,0,0,0,0,0,0,0,0,0,0,0,0,0,0,0,0,0
12161,0,0,0,0,0,0,0,0,0,0,0,0,0,0,0,0,0,0,0,0,0
12162,0,0,0,0,0,0,0,0,0,0,0,0,0,0,0,0,0,0,0,0,0
12163,0,0,0,0,0,0,0,0,0,0,0,0,0,0,0,0,0,0,0,0,0
12164,3,4,4,4,3,3,3,3,4,4,4,3,3,3,3,4,4,4,3,3,3
12165,6,7,7,7,6,6,5,6,7,7,7,6,6,5,6,7,7,7,6,6,5
12166,0,0,0,0,0,0,0,0,0,0,0,0,0,0,0,0,0,0,0,0,0
12167,26,26,25,22,21,21,22,26,26,25,22,21,21,22,26,26,25,22,21,21,22
12168,0,0,0,0,0,0,0,0,0,0,0,0,0,0,0,0,0,0,0,0,0
12169,0,0,0,0,0,0,0,0,0,0,0,0,0,0,0,0,0,0,0,0,0
12170,0,0,0,0,0,0,0,0,0,0,0,0,0,0,0,0,0,0,0,0,0
12171,0,0,0,0,0,0,0,0,0,0,0,0,0,0,0,0,0,0,0,0,0
12172,4,4,5,5,5,4,4,4,5,6,5,5,4,4,5,5,6,5,5,4,4
12173,6,7,8,7,7,6,5,6,7,8,7,7,6,5,6,7,8,7,7,6,5
12174,11,10,10,10,8,7,8,11,10,10,10,8,7,8,11,10,10,10,8,7,8
12175,0,0,0,0,0,0,0,0,0,0,0,0,0,0,0,0,0,0,0,0,0
12176,6,7,6,6,3,3,4,6,7,6,6,3,3,4,6,7,6,6,3,3,4
12177,0,0,0,0,0,0,0,0,0,0,0,0,0,0,0,0,0,0,0,0,0
12178,0,0,0,0,0,0,0,0,0,0,0,0,0,0,0,0,0,0,0,0,0
12179,0,0,0,0,0,0,0,0,0,0,0,0,0,0,0,0,0,0,0,0,0
12180,1,1,1,0,0,0,0,1,1,1,0,0,0,0,1,1,1,0,0,0,0
12181,1,2,1,1,1,1,2,1,2,1,1,1,1,2,1,2,1,1,1,1,2
12182,0,0,0,0,0,0,0,0,0,0,0,0,0,0,0,0,0,0,0,0,0
12183,0,0,0,0,0,0,0,0,0,0,0,0,0,0,0,0,0,0,0,0,0
12184,0,0,0,0,0,0,0,0,0,0,0,0,0,0,0,0,0,0,0,0,0
12185,0,0,0,0,0,0,0,0,0,0,0,0,0,0,0,0,0,0,0,0,0
12186,0,0,0,0,0,0,0,0,0,0,0,0,0,0,0,0,0,0,0,0,0
12187,0,0,0,0,0,0,0,0,0,0,0,0,0,0,0,0,0,0,0,0,0
12188,1,1,1,1,1,1,1,1,1,1,1,1,1,1,1,1,1,1,1,1,1
12189,5,5,5,5,4,4,4,5,5,5,5,4,4,4,5,5,6,5,5,4,5
12190,1,1,2,1,1,1,1,1,1,2,1,1,1,1,1,1,2,1,1,1,1
12191,22,21,19,16,16,14,15,16,17,16,14,14,13,14,14,15,14,13,13,12,13
12192,0,0,0,0,0,0,0,0,0,0,0,0,0,0,0,0,0,0,0,0,0
12193,0,0,0,0,0,0,0,0,0,0,0,0,0,0,0,0,0,0,0,0,0
12194,0,0,0,0,0,0,0,0,0,0,0,0,0,0,0,0,0,0,0,0,0
12195,0,0,0,0,0,0,0,0,0,0,0,0,0,0,0,0,0,0,0,0,0
12196,0,0,0,0,0,0,0,0,0,0,0,0,0,0,0,0,0,0,0,0,0
12197,0,0,0,0,0,0,0,0,0,0,0,0,0,0,0,0,0,0,0,0,0
12198,0,0,0,0,0,0,0,0,0,0,0,0,0,0,0,0,0,0,0,0,0
12199,0,0,0,0,0,0,0,0,0,0,0,0,0,0,0,0,0,0,0,0,0
12200,0,0,0,0,0,0,0,0,0,0,0,0,0,0,0,0,0,0,0,0,0
12201,0,0,0,0,0,0,0,0,0,0,0,0,0,0,0,0,0,0,0,0,0
12202,0,0,0,0,0,0,0,0,0,0,0,0,0,0,0,0,0,0,0,0,0
12203,1,1,2,2,2,2,2,2,2,2,3,2,2,2,2,3,3,3,3,3,3
12204,0,0,0,0,0,0,0,0,0,0,0,0,0,0,0,0,0,0,0,0,0
12205,0,0,0,0,0,0,0,0,0,0,0,0,0,0,0,0,0,0,0,0,0
12206,1,1,1,0,0,0,0,0,0,0,0,0,0,0,0,0,0,0,0,0,0
12207,0,1,1,1,0,0,0,0,1,1,1,0,0,0,0,1,1,1,0,0,0
12208,1,1,1,1,1,1,1,1,1,1,1,1,1,1,1,1,1,1,1,1,1
12209,3,3,3,3,3,2,3,3,3,3,3,3,2,2,3,3,3,3,3,2,2
12210,1,1,1,2,1,1,1,1,1,1,2,1,1,1,1,1,1,2,1,1,1
12211,10,10,9,8,7,6,7,8,8,7,7,6,6,6,7,7,6,6,5,5,6
12212,2,3,3,2,2,2,2,2,3,3,3,2,2,2,2,3,3,2,2,2,2
12213,8,8,7,6,6,6,6,7,7,6,6,6,6,6,7,7,6,5,6,6,6
12214,2,3,2,2,2,2,2,2,3,2,2,2,2,2,2,3,2,2,2,2,2
12215,9,8,8,7,6,6,6,7,7,7,6,5,5,5,7,7,7,6,5,5,5
12216,0,0,0,0,0,0,0,0,0,0,0,0,0,0,0,0,0,0,0,0,0
12217,1,1,0,0,0,0,0,0,0,0,0,0,0,0,0,0,0,0,0,0,0
12218,0,0,0,0,0,0,0,0,0,0,0,0,0,0,0,0,0,0,0,0,0
12219,0,0,0,0,0,0,0,0,0,0,0,0,0,0,0,0,0,0,0,0,0
12220,0,0,0,0,0,0,0,0,0,0,0,0,0,0,0,0,0,0,0,0,0
12221,0,0,0,0,0,0,0,0,0,0,0,0,0,0,0,0,0,0,0,0,0
12222,0,0,0,0,0,0,0,0,0,0,0,0,0,0,0,0,0,0,0,0,0
12223,0,0,0,0,0,0,0,0,0,0,0,0,0,0,0,0,0,0,0,0,0
12224,0,0,0,0,0,0,0,0,0,0,0,0,0,0,0,0,0,0,0,0,0
12225,0,0,0,0,0,0,0,0,0,0,0,0,0,0,0,0,0,0,0,0,0
12226,0,0,0,0,0,0,0,0,0,0,0,0,0,0,0,0,0,0,0,0,0
12227,0,0,0,0,0,0,0,0,0,0,0,0,0,0,0,0,0,0,0,0,0
12228,0,0,0,0,0,0,0,0,0,0,0,0,0,0,0,0,0,0,0,0,0
12229,0,1,1,1,0,1,1,0,1,1,1,0,1,1,0,1,1,1,0,1,1
12230,0,0,0,0,0,0,0,0,0,0,0,0,0,0,0,0,0,0,0,0,0
12231,31,34,35,31,27,23,25,31,34,35,31,27,23,25,31,34,35,31,27,23,25
12232,0,0,0,0,0,0,0,0,0,0,0,0,0,0,0,0,0,0,0,0,0
12233,1,1,1,1,1,1,1,1,1,1,1,1,1,1,1,1,1,1,1,1,1
12234,4,2,1,1,0,0,0,0,0,0,0,0,0,0,0,0,0,0,0,0,0
12235,1,1,1,1,1,1,1,1,1,1,1,1,1,1,1,1,1,1,1,1,1
12236,3,3,3,3,3,3,3,4,4,4,4,4,4,4,4,5,5,5,4,4,4
12237,2,2,2,2,2,2,1,2,2,2,2,2,2,1,2,2,2,2,2,2,1
12238,0,0,0,1,1,1,1,1,1,1,1,1,1,1,0,0,0,0,0,1,1
12239,1,1,0,0,1,1,1,1,1,0,0,1,1,1,1,1,0,0,1,1,2
12240,5,6,5,5,4,4,4,5,5,5,5,4,4,4,5,5,5,4,4,4,4
12241,0,0,0,0,0,0,0,0,0,0,0,0,0,0,0,0,0,0,0,0,0
12242,0,0,0,0,0,0,0,0,0,0,0,0,0,0,0,0,0,0,0,0,0
12243,31,34,31,28,25,23,27,33,37,34,31,27,23,26,31,35,33,30,26,24,28
12244,4,4,4,5,3,1,1,1,3,4,5,4,2,2,4,7,8,9,7,5,6
12245,1,1,1,2,2,2,1,1,1,1,2,2,2,1,1,1,1,2,2,2,1
12246,0,0,0,0,0,0,0,0,0,0,0,0,0,0,0,0,0,0,0,0,0
12247,0,0,0,0,0,0,0,0,0,0,0,0,0,0,0,0,0,0,0,0,0
12248,5,4,4,4,3,3,4,4,4,4,4,3,3,3,4,4,3,3,3,3,3
12249,58,64,68,55,51,50,47,58,64,68,55,51,50,47,58,64,68,55,51,50,47
12250,1,1,1,1,0,0,1,1,1,1,1,0,0,1,1,1,1,1,0,0,1
12251,5,5,5,4,4,3,3,4,4,4,4,3,2,3,3,3,3,3,3,2,2
12252,4,5,5,4,3,3,3,3,4,4,3,3,3,3,3,4,4,4,3,3,4
12253,2,2,2,2,2,2,2,2,2,2,2,2,2,2,2,2,2,2,2,2,2
12254,4,4,4,3,3,3,3,3,3,3,3,3,3,3,3,3,3,3,3,3,3
12255,15,15,17,15,13,13,16,15,15,16,15,13,13,15,14,13,15,14,12,12,14
12256,13,11,16,16,15,11,11,11,10,15,15,14,10,10,10,9,13,13,13,9,10
12257,35,34,36,33,34,33,33,35,35,37,34,35,34,33,35,33,36,33,34,33,33
12258,0,0,0,0,0,0,0,0,0,0,0,0,0,0,0,0,0,0,0,0,0
12259,7,7,7,6,6,5,5,6,6,6,6,5,5,5,5,6,6,6,5,4,4
12260,18,19,19,16,14,12,12,14,15,16,14,13,12,13,14,15,16,15,13,12,13
12261,29,29,33,30,25,24,26,30,31,31,29,25,25,27,31,30,32,31,26,26,29
12262,10,8,7,6,5,5,5,5,5,5,4,3,3,3,3,3,2,2,2,2,2
12263,0,0,0,0,0,0,0,0,0,0,0,0,0,0,0,0,0,0,0,0,0
12264,4,3,2,2,2,2,2,2,2,2,2,2,2,2,2,2,2,2,2,2,2
12265,4,4,4,3,3,3,3,4,4,4,3,3,3,3,4,4,3,3,2,2,3
12266,2,2,1,2,1,1,1,2,2,2,2,1,1,1,2,2,2,2,1,1,1
12267,3,3,3,2,2,2,2,3,3,3,2,2,2,2,3,3,2,2,2,2,2
12268,2,2,2,2,1,2,2,2,2,2,2,2,2,2,2,2,2,2,1,2,2
12269,0,0,0,0,0,0,0,0,1,0,1,1,0,0,1,1,1,1,1,1,1
12270,0,0,0,0,0,0,0,0,0,0,0,0,0,0,0,0,0,0,0,0,0
12271,0,0,0,0,0,0,0,0,0,0,0,0,0,0,0,0,0,0,0,0,0
12272,0,0,0,0,0,0,0,0,0,0,0,0,0,0,0,0,0,0,0,0,0
12273,0,0,0,0,0,0,0,0,0,0,0,0,0,0,0,0,0,0,0,0,0
12274,0,0,0,0,0,0,0,0,0,0,0,0,0,0,0,0,0,0,0,0,0
12275,0,0,0,0,0,0,0,0,0,0,0,0,0,0,0,0,0,0,0,0,0
12276,1,2,2,1,1,1,2,2,2,2,2,2,2,2,2,2,2,2,2,2,2
12277,0,0,0,0,0,0,0,0,0,0,0,0,0,0,0,0,0,0,0,0,0
12278,0,0,0,0,0,0,0,0,0,0,0,0,0,0,0,0,0,0,0,1,0
12279,0,0,0,0,0,0,0,0,0,0,0,0,0,0,0,0,0,0,0,0,0
12280,21,27,35,36,34,27,26,21,27,35,36,34,27,26,21,27,35,36,34,27,26
12281,17,19,24,23,23,18,16,17,19,24,23,23,18,16,17,19,24,23,23,18,16
12282,10,10,10,9,9,9,10,11,12,11,10,10,10,11,11,10,10,9,8,8,9
12283,2,0,0,2,2,2,2,2,0,0,2,2,2,2,2,0,0,2,2,2,2
12284,66,89,110,131,109,85,66,66,89,110,131,109,85,66,66,89,110,131,109,85,66
12285,435,484,564,520,453,384,324,436,484,564,520,453,384,324,436,484,564,520,453,384,324
12286,466,516,579,528,465,396,350,457,510,575,526,463,396,351,457,508,575,528,465,398,354
12287,3,5,5,7,6,4,4,5,6,6,8,6,4,4,5,6,6,7,6,4,4
12288,0,0,0,0,0,0,0,0,0,0,0,0,0,0,0,0,0,0,0,0,0
12289,4,3,3,3,2,3,3,4,3,3,3,2,3,3,4,3,3,2,2,3,3
12290,2,2,1,1,1,1,1,2,2,2,1,1,1,1,2,2,2,1,1,1,1
12291,76,69,64,53,48,49,59,77,74,68,57,49,47,56,80,84,81,70,63,67,88
12292,2,2,2,2,2,2,2,3,3,3,3,3,3,3,4,4,4,4,3,3,4
12293,1,1,1,1,1,1,1,1,1,1,1,1,1,1,1,1,1,1,1,1,1
12294,6,7,6,6,6,6,6,6,7,6,6,6,6,6,6,7,6,6,6,6,6
12295,2,2,2,1,1,1,1,2,2,2,2,1,1,1,2,2,2,2,1,1,2
12296,10,10,8,7,6,6,7,8,9,8,7,7,7,8,9,8,8,7,7,7,8
12297,1,1,1,2,2,1,1,1,1,1,2,2,1,1,1,1,1,2,2,1,1
12298,4,4,4,4,3,3,3,4,4,4,4,3,3,3,4,4,4,4,3,3,3
12299,201,197,202,170,155,148,162,203,196,198,170,156,149,160,200,191,199,175,162,156,175
12300,34,32,26,23,23,24,27,28,28,24,22,22,23,26,26,25,21,18,18,20,22
12301,14,11,10,9,8,8,8,12,10,9,8,8,7,8,12,9,8,7,7,7,8
12302,26,23,18,21,21,20,22,25,22,18,21,21,20,22,25,22,18,21,21,20,22
12303,1,0,1,0,0,0,0,1,0,1,0,0,0,0,1,0,1,0,0,0,0
12304,143,152,159,172,146,137,130,163,196,199,207,164,142,126,172,225,258,265,228,220,250
12305,0,0,0,0,0,0,0,0,0,0,0,0,0,0,0,0,0,0,0,0,0
12306,38,46,36,33,25,24,31,38,46,36,33,25,24,31,38,46,36,33,25,24,31
12307,0,0,0,0,0,0,0,0,0,0,0,0,0,0,0,0,0,0,0,0,0
12308,38,42,44,56,45,43,36,38,42,44,56,45,43,36,38,42,44,56,45,43,36
12309,0,0,0,0,0,0,0,0,0,0,0,0,0,0,0,0,0,0,0,0,0
12310,0,0,0,0,0,0,0,0,0,0,0,0,0,0,0,0,0,0,0,0,0
12311,0,0,0,0,0,0,0,0,1,0,0,0,0,0,0,0,0,0,0,0,0
12312,0,0,0,0,0,0,0,0,0,0,0,0,0,0,0,0,0,0,0,0,0
12313,0,0,0,0,0,0,0,0,0,0,0,0,0,0,0,0,0,0,0,0,0
12314,0,0,0,0,0,0,0,0,0,0,0,0,0,0,0,0,0,0,0,0,0
12315,0,0,0,0,0,0,0,0,0,0,0,0,0,0,0,0,0,0,0,0,0
12316,0,0,0,0,0,0,0,0,0,0,0,0,0,0,0,0,0,0,0,0,0
12317,0,0,0,0,0,0,0,0,0,0,0,0,0,0,0,0,0,0,0,0,0
12318,0,0,0,0,0,0,0,0,0,0,0,0,0,0,0,0,0,0,0,0,0
12319,0,0,0,0,0,0,0,0,0,0,0,0,0,0,0,0,0,0,0,0,0
12320,0,0,0,0,0,0,0,0,0,0,0,0,0,0,0,0,0,0,0,0,0
12321,0,4,5,3,3,0,0,0,4,5,3,3,0,0,0,4,5,3,3,0,0
12322,0,0,0,0,0,0,0,0,0,0,0,0,0,0,0,0,0,0,0,0,0
12323,0,0,0,0,0,0,0,0,0,0,0,0,0,0,0,0,0,0,0,0,0
12324,0,0,0,0,0,0,0,0,0,0,0,0,0,0,0,0,0,0,0,0,0
12325,0,0,0,0,0,0,0,0,0,0,0,0,0,0,0,0,0,0,0,0,0
12326,0,0,0,0,0,0,0,0,0,0,0,0,0,0,0,0,0,0,0,0,0
12327,0,0,0,0,0,0,0,0,0,0,0,0,0,0,0,0,0,0,0,0,0
12328,19,1,0,0,0,0,1,19,1,0,0,0,0,1,19,1,0,0,0,0,1
12329,4,2,6,5,4,0,2,4,2,6,5,4,0,2,4,2,6,5,4,0,2
12330,0,0,0,0,0,0,0,0,0,0,0,0,0,0,0,0,0,0,0,0,0
12331,0,0,0,0,0,0,0,0,0,0,0,0,0,0,0,0,0,0,0,0,0
12332,10,11,10,17,5,1,8,10,11,10,17,5,1,8,10,11,10,17,5,1,8
12333,0,0,0,0,2,2,1,0,0,0,0,2,2,1,0,0,0,0,2,2,1
12334,429,479,541,447,395,363,337,429,479,541,447,395,363,337,429,479,541,447,395,363,337
12335,426,403,457,256,225,377,362,455,443,490,285,248,402,398,538,559,611,391,367,560,604
12336,467,534,586,315,249,392,391,517,626,691,398,298,429,423,613,789,892,578,478,618,658
12337,247,291,309,281,248,204,218,329,452,525,463,415,362,418,723,1048,1170,952,873,910,1128
12338,204,211,195,181,156,145,166,199,219,202,180,151,145,172,208,233,234,218,183,172,209
12339,72,79,93,94,94,95,99,119,156,170,154,148,143,157,167,188,203,177,143,131,140
12340,45,47,40,46,38,31,28,35,39,35,44,37,30,27,35,39,35,44,37,32,30
12341,59,60,59,52,48,44,53,61,63,62,55,50,50,58,70,73,75,68,61,60,69
12342,82,83,90,84,80,67,68,71,78,87,84,81,68,70,80,93,106,104,100,92,100
12343,0,0,0,0,0,0,0,0,0,0,0,0,0,0,0,0,0,0,0,0,0
12344,8,7,2,1,3,3,9,8,7,2,1,3,3,9,8,7,2,1,3,3,9
12345,16,16,14,11,11,20,17,16,16,14,11,11,20,17,16,16,14,11,11,20,17
12346,5,9,7,18,15,3,4,5,9,7,18,15,3,4,5,9,7,18,15,3,4
12347,195,200,202,180,163,159,166,184,188,198,186,160,153,158,197,214,247,243,232,236,279
12348,132,144,132,110,91,82,95,118,136,126,107,88,83,97,133,162,168,154,133,126,147
12349,56,61,63,54,45,41,51,73,81,72,59,50,51,68,91,99,101,88,70,70,91
12350,61,58,58,46,43,44,49,61,58,58,46,43,44,49,61,58,58,46,43,44,49
12351,24,26,24,21,19,20,22,29,31,28,25,23,22,24,31,32,30,27,25,26,30
12352,70,67,59,55,50,48,53,62,62,57,56,52,51,57,72,74,70,68,63,64,71
12353,6,0,0,2,0,0,0,6,0,0,2,0,0,0,6,0,0,2,0,0,0
12354,0,2,0,0,0,0,0,0,2,0,0,0,0,0,0,2,0,0,0,0,0
12355,2,1,2,0,0,2,2,2,1,2,0,0,2,2,2,1,2,0,0,2,2
12356,0,0,0,0,0,0,0,0,0,0,0,0,0,0,0,0,0,0,0,0,0
12357,3,2,2,0,0,3,2,3,2,2,0,0,3,2,3,2,2,0,0,3,2
12358,0,0,0,0,0,0,0,0,0,0,0,0,0,0,0,0,0,0,0,0,0
12359,0,0,0,0,0,0,0,0,0,0,0,0,0,0,0,0,0,0,0,0,0
12360,0,0,0,0,0,0,0,0,0,0,0,0,0,0,0,0,0,0,0,0,0
12361,0,0,0,1,0,0,0,0,0,0,1,0,0,0,0,0,0,1,0,0,0
12362,0,0,0,0,0,0,0,0,0,0,0,0,0,0,0,0,0,0,0,0,0
12363,0,0,0,0,0,0,0,0,0,0,0,0,0,0,0,0,0,0,0,0,0
12364,392,452,472,11,21,233,221,392,452,472,11,21,233,221,392,452,472,11,21,233,221
12365,0,0,0,0,0,0,0,0,0,0,0,0,0,0,0,0,0,0,0,0,0
12366,5,5,5,5,4,4,4,5,5,5,5,4,4,4,5,5,5,5,4,4,4
12367,0,0,0,1,0,0,0,0,0,0,1,0,0,0,0,0,0,0,0,0,0
12368,3,3,4,3,3,3,3,3,3,4,3,3,3,3,3,3,4,3,3,3,3
12369,1,1,1,0,0,0,0,1,1,1,0,0,0,0,1,1,1,0,0,0,0
12370,1,2,2,2,1,1,1,1,2,2,2,1,1,1,1,2,2,2,1,1,1
12371,0,0,0,0,0,0,0,0,0,0,0,0,0,0,0,0,0,0,0,0,0
12372,3,3,3,3,3,2,2,3,3,3,3,3,2,2,3,3,3,3,3,2,2
12373,1,1,1,1,1,1,1,1,1,1,1,1,1,1,1,1,1,1,1,1,1
12374,4,5,4,4,3,3,3,4,5,4,4,3,3,3,4,5,4,4,3,3,3
12375,23,24,22,20,18,17,18,20,21,20,19,17,17,17,19,19,18,17,15,15,16
12376,23,26,26,23,20,17,17,23,26,26,23,20,17,17,23,26,26,23,20,17,17
12377,4,3,4,4,4,4,4,4,3,4,4,3,3,4,4,3,4,4,4,4,4
12378,1,1,0,0,0,0,1,1,1,0,0,0,0,0,1,1,0,0,0,0,1
12379,0,1,0,0,0,0,0,0,1,1,0,0,0,0,0,0,1,0,0,0,0
12380,0,0,0,0,0,0,0,0,0,0,0,0,0,0,0,0,0,0,0,0,0
12381,0,0,0,0,0,0,0,0,0,0,0,0,0,0,0,0,0,0,0,0,0
12382,0,0,0,0,0,0,0,0,0,0,0,0,0,0,0,0,0,0,0,0,0
12383,0,0,0,0,0,0,0,0,0,0,0,0,0,0,0,0,0,0,0,0,0
12384,0,0,0,0,0,0,0,0,0,0,0,0,0,0,0,0,0,0,0,0,0
12385,0,0,0,0,0,0,0,0,0,0,0,0,0,0,0,0,0,0,0,0,0
12386,0,0,0,0,0,0,0,0,0,0,0,0,0,0,0,0,0,0,0,0,0
12387,0,0,0,0,0,0,0,0,0,0,0,0,0,0,0,0,0,0,0,0,0
12388,0,0,0,0,0,0,0,0,0,0,0,0,0,0,0,0,0,0,0,0,0
12389,0,0,0,0,0,0,0,0,0,0,0,0,0,0,0,0,0,0,0,0,0
12390,9,10,11,11,10,8,8,8,9,11,11,10,8,8,8,9,11,11,10,8,8
12391,29,30,27,21,16,15,16,21,25,24,20,15,14,16,19,22,21,18,14,13,14
12392,12,14,16,14,12,11,10,13,15,16,15,13,11,11,13,15,17,15,13,12,12
12393,0,0,0,0,0,0,0,0,0,0,0,0,0,0,0,0,0,0,0,0,0
12394,2,2,2,2,2,2,2,2,2,1,1,1,1,1,1,1,1,1,1,1,1
12395,1,1,1,0,0,0,0,0,0,0,0,0,0,0,0,0,0,0,0,0,0
12396,1,1,1,1,1,1,1,2,2,2,2,2,2,2,2,2,2,2,2,2,2
12397,0,0,0,0,0,0,0,0,0,0,0,0,0,0,0,0,0,0,0,0,0
12398,0,0,0,0,0,0,0,0,0,0,0,0,0,0,0,0,0,0,0,0,0
12399,0,0,0,0,0,0,0,0,0,0,0,0,0,0,0,0,0,0,0,0,0
12400,0,0,0,0,0,0,0,0,0,0,0,0,0,0,0,0,0,0,0,0,0
12401,2,2,1,1,1,1,1,1,1,1,1,1,1,1,2,2,1,1,1,1,1
12402,0,0,0,0,0,0,0,0,0,0,0,0,0,0,0,0,0,0,0,0,0
12403,0,0,0,0,0,0,0,0,0,0,0,0,0,0,0,0,0,0,0,0,0
12404,10,14,17,18,14,11,10,11,15,17,18,14,11,10,11,15,17,18,14,11,10
12405,4,5,6,6,6,4,4,4,5,6,6,5,4,4,4,5,6,6,5,4,4
12406,4,4,2,4,4,3,3,4,4,2,4,4,3,3,4,4,2,4,4,3,3
12407,0,0,0,0,0,0,0,0,0,0,0,0,0,0,0,0,0,0,0,0,0
12408,0,0,0,0,0,0,0,0,0,0,0,0,0,0,0,0,0,0,0,0,0
12409,0,0,0,0,0,0,0,0,0,0,0,0,0,0,0,0,0,0,0,0,0
12410,0,0,0,0,0,0,0,0,0,0,0,0,0,0,0,0,0,0,0,0,0
12411,1,1,1,1,1,1,1,1,1,1,1,1,1,1,1,1,1,1,1,1,1
12412,1,1,1,1,1,1,1,1,1,1,1,1,1,1,1,1,1,1,1,1,1
12413,6,6,6,6,6,6,6,6,6,6,6,6,6,6,6,6,6,6,6,6,6
12414,19,20,17,14,12,11,12,15,15,14,13,11,11,12,14,14,13,12,11,11,12
12415,3,2,2,2,1,1,1,3,2,2,2,1,1,1,3,2,2,2,1,1,1
12416,6,5,6,22,22,19,5,6,6,7,22,22,18,4,5,5,6,21,21,18,4
12417,6,6,7,7,5,5,5,5,6,7,7,6,5,5,5,6,7,7,6,5,5
12418,0,0,0,0,0,0,0,0,0,0,0,0,0,0,0,0,0,0,0,0,0
12419,2,1,2,1,2,1,2,2,1,2,1,2,1,2,2,1,2,1,2,1,2
12420,0,0,0,0,0,0,0,0,0,0,0,0,0,0,0,0,0,0,0,0,0
12421,0,0,0,0,0,0,0,0,0,0,0,0,0,0,0,0,0,0,0,0,0
12422,1,1,1,1,1,1,1,1,1,1,1,1,1,1,1,1,1,1,1,1,1
12423,21,23,24,23,21,19,19,21,23,24,23,21,19,19,21,23,24,23,21,19,19
12424,194,206,235,222,189,177,157,193,207,237,224,190,178,157,193,205,236,223,189,178,159
12425,3,4,4,4,3,2,3,3,4,4,4,3,2,3,3,4,4,4,3,2,3
12426,10,13,12,11,9,10,9,10,13,12,11,9,10,9,10,13,12,11,9,10,9
12427,438,477,542,495,434,367,338,438,477,541,495,434,367,338,438,477,541,495,434,367,338
12428,1,1,1,1,1,1,1,1,1,1,1,1,1,1,1,1,1,1,1,1,1
12429,10,12,11,10,9,7,8,10,12,11,10,9,7,8,10,12,11,10,9,7,8
12430,21,21,20,18,16,15,15,18,19,19,17,16,14,14,17,19,18,17,15,14,14
12431,6,8,7,6,5,5,5,6,8,7,6,5,5,5,6,8,7,6,5,5,5
12432,9,12,11,10,9,8,9,9,12,11,10,9,8,9,9,12,11,10,9,9,9
12433,58,64,63,57,49,44,46,58,64,63,57,49,44,45,57,63,62,56,48,43,46
12434,13,13,13,12,11,12,14,13,13,13,12,11,12,14,13,13,13,12,11,12,14
12435,31,36,44,39,35,25,25,30,36,44,39,35,25,25,30,36,44,39,35,25,25
12436,1,1,1,1,1,1,1,1,2,2,2,1,1,1,1,1,1,1,1,1,1
12437,15,15,14,14,12,11,10,11,11,11,11,9,8,7,8,9,9,9,8,7,7
12438,0,0,0,0,0,0,0,0,1,1,0,0,0,0,0,1,1,0,0,0,0
12439,97,105,111,97,85,76,80,94,102,102,91,86,81,86,97,99,104,94,85,77,83
12440,26,27,26,22,20,19,21,26,29,29,26,23,20,21,25,28,27,25,22,20,24
12441,2,2,2,2,2,1,1,2,2,2,2,2,1,1,2,2,2,2,2,1,1
12442,150,163,170,139,125,114,119,135,148,157,130,120,113,119,134,146,155,128,118,109,113
12443,2,2,2,2,2,2,2,2,2,2,2,2,2,2,2,2,2,2,2,2,2
12444,4,4,4,3,3,3,3,4,4,4,3,3,2,3,4,3,4,3,3,2,3
12445,1,1,1,1,1,1,1,1,1,1,1,1,1,1,1,1,1,1,1,1,1
12446,3,3,3,3,2,2,2,3,3,3,3,2,2,2,3,3,3,3,2,2,2
12447,1,1,0,0,0,0,1,0,0,0,0,0,0,0,0,0,0,0,0,0,0
12448,1,1,1,1,1,1,1,1,1,1,1,1,1,1,1,1,1,1,1,1,1
12449,0,0,0,0,0,0,0,0,0,0,0,0,0,0,0,0,0,0,0,0,0
12450,0,0,0,0,0,0,0,0,0,0,0,0,0,0,0,0,0,0,0,0,0
12451,0,0,0,0,0,0,0,0,0,0,0,0,0,0,0,0,0,0,0,0,0
12452,0,0,0,0,0,0,0,0,0,0,0,0,0,0,0,0,0,0,0,0,0
12453,0,0,0,0,0,0,0,0,0,0,0,0,0,0,0,0,0,0,0,0,0
12454,0,0,0,0,0,0,0,0,0,0,0,0,0,0,0,0,0,0,0,0,0
12455,1,1,1,1,1,1,1,2,2,2,1,1,1,1,1,1,1,1,1,1,1
12456,0,0,0,0,0,0,0,0,0,0,0,0,0,0,0,0,0,0,0,0,0
12457,0,0,0,0,0,0,0,0,0,0,0,0,0,0,0,0,0,0,0,0,0
12458,0,0,0,0,0,0,0,0,0,0,0,0,0,0,0,0,0,0,0,0,0
12459,2,2,2,2,2,2,2,3,3,2,2,2,2,2,2,2,2,2,1,2,2
12460,8,7,7,6,6,6,6,6,6,6,5,5,5,5,5,5,4,4,4,4,4
12461,0,0,0,0,0,0,0,0,0,0,0,0,0,0,0,0,0,0,0,0,0
12462,1,1,1,1,1,1,1,1,1,1,1,1,1,1,1,1,1,1,1,1,1
12463,1,1,0,0,0,0,0,0,0,0,0,0,0,0,0,0,0,0,0,0,0
12464,3,3,3,2,2,2,2,2,3,3,2,2,2,2,3,3,3,3,2,2,2
12465,1,1,2,2,2,2,1,1,2,2,3,2,2,1,1,2,3,3,3,3,2
12466,9,9,7,5,5,5,8,9,9,7,5,5,5,8,9,9,7,5,5,5,8
12467,0,0,0,0,0,0,0,0,0,0,0,0,0,0,0,0,0,0,0,0,0
12468,0,0,0,0,0,0,0,0,0,0,0,0,0,0,0,0,0,0,0,0,0
12469,2,2,1,1,1,1,1,1,1,1,1,1,1,1,1,1,1,1,1,1,1
12470,1,2,3,2,1,1,1,1,2,3,2,1,1,1,1,2,3,2,1,1,1
12471,0,0,0,0,0,0,0,0,0,0,0,0,0,0,0,0,0,0,0,0,0
12472,3,3,2,2,1,1,1,2,2,2,1,1,1,1,2,2,2,1,1,1,1
12473,14,13,11,9,8,7,7,9,9,8,7,6,6,6,7,7,7,6,5,5,5
12474,14,15,15,13,12,10,12,14,15,15,13,11,10,12,13,13,13,12,11,9,11
12475,12,12,11,10,7,6,7,8,9,9,8,6,6,6,7,8,9,8,6,6,6
12476,4,4,4,4,3,3,3,4,4,4,4,3,3,3,4,4,4,3,3,3,3
12477,1,1,1,1,1,1,1,1,1,1,1,1,1,1,1,1,1,1,1,1,1
12478,2,3,3,3,3,2,3,3,4,4,4,3,2,3,3,3,3,3,3,2,3
12479,0,0,0,0,0,0,0,0,0,0,0,0,0,0,0,0,0,0,0,0,0
12480,0,0,0,0,0,0,0,0,0,0,0,0,0,0,0,0,0,0,0,0,0
12481,0,0,0,0,0,0,0,0,0,0,0,0,0,0,0,0,0,0,0,0,0
12482,0,0,0,0,0,0,0,0,0,0,0,0,0,0,0,0,0,0,0,0,0
12483,1,1,1,1,0,0,0,0,1,1,0,0,0,0,0,1,1,0,0,0,0
12484,0,0,0,0,0,0,0,0,0,0,0,0,0,0,0,0,0,0,0,0,0
12485,15,15,15,14,13,12,12,15,15,15,14,13,12,12,15,15,15,14,13,12,12
12486,2,2,2,2,2,2,2,2,2,2,2,2,2,2,2,2,2,2,2,2,2
12487,3,4,4,3,3,3,3,3,4,4,3,3,3,3,3,4,4,3,3,3,3
12488,0,0,0,0,0,0,0,0,0,0,0,0,0,0,0,0,0,0,0,0,0
12489,0,0,0,0,0,0,0,0,0,0,0,0,0,0,0,0,0,0,0,0,0
12490,0,0,0,0,0,0,0,0,0,0,0,0,0,0,0,0,0,0,0,0,0
12491,164,167,176,163,144,133,153,179,187,187,172,146,130,147,188,216,229,212,188,189,251
12492,0,0,0,0,0,0,0,0,0,0,0,0,0,0,0,0,0,0,0,0,0
12493,2,2,1,1,1,1,1,1,1,1,1,1,1,1,1,1,1,1,1,1,1
12494,6,6,6,5,4,5,5,6,6,6,5,4,4,5,6,6,6,5,4,4,5
12495,31,33,31,28,23,21,25,30,32,30,28,23,20,24,29,30,28,26,22,19,23
12496,47,52,53,53,43,37,37,44,50,51,51,41,35,36,43,49,50,51,41,36,37
12497,69,75,70,61,53,50,58,69,73,66,57,49,48,56,68,74,68,60,54,55,70
12498,0,0,0,0,0,0,0,0,0,0,0,0,0,0,1,0,0,0,0,0,0
12499,18,18,16,14,13,12,12,16,18,17,15,12,11,11,14,15,13,11,10,9,10
12500,9,11,12,11,10,8,9,9,11,12,11,10,8,9,9,11,12,11,10,8,9
12501,0,0,0,0,0,0,0,0,0,0,0,0,0,0,0,0,0,0,0,0,0
12502,0,0,0,0,0,0,0,0,0,0,0,0,0,0,0,0,0,0,0,0,0
12503,0,0,0,0,0,0,0,0,0,0,0,0,0,0,0,0,0,0,0,0,0
12504,0,0,0,0,0,0,0,0,0,0,0,0,0,0,0,0,0,0,0,0,0
12505,0,0,0,0,0,0,0,0,0,0,0,0,0,0,0,0,0,0,0,0,0
12506,0,0,0,0,0,0,0,0,0,0,0,0,0,0,0,0,0,0,0,0,0
12507,0,0,0,0,0,0,0,0,0,0,0,0,0,0,0,0,0,0,0,0,0
12508,1,1,1,1,1,1,2,2,1,1,1,1,1,2,1,1,1,1,1,1,2
12509,0,0,0,0,0,0,0,0,0,0,0,0,0,0,0,0,0,0,0,0,0
12510,0,0,0,0,0,0,0,0,0,0,0,0,0,0,0,0,0,0,0,0,0
12511,1,1,1,1,1,1,1,1,1,1,1,1,1,1,1,1,1,1,1,1,1
12512,0,0,0,0,0,0,0,0,0,0,0,0,0,0,0,0,0,0,0,0,0
12513,0,0,0,0,0,0,0,0,0,0,0,0,0,0,0,0,0,0,0,0,0
12514,0,0,0,0,0,0,0,0,0,0,0,0,0,0,0,0,0,0,0,0,0
12515,0,0,0,0,0,0,0,0,0,0,0,0,0,0,0,0,0,0,0,0,0
12516,32,37,42,44,40,36,35,37,43,48,50,44,38,39,40,43,48,48,41,37,38
12517,25,29,31,30,28,24,23,27,31,33,33,30,27,27,30,30,30,29,25,23,23
12518,185,203,220,209,177,156,139,180,205,226,220,180,151,130,180,212,239,228,187,166,158
12519,1,1,1,1,1,1,1,1,1,1,1,1,1,1,1,1,1,1,1,1,1
12520,40,46,48,48,45,40,38,45,53,56,55,49,39,36,46,55,59,57,53,50,52
12521,0,0,0,0,0,0,0,0,0,0,0,0,0,0,0,0,0,0,0,0,0
12522,0,0,0,0,0,0,0,0,0,0,0,0,0,0,0,0,0,0,0,0,0
12523,0,0,0,0,0,0,0,0,0,0,0,0,0,0,0,0,0,0,0,0,0
12524,0,0,0,0,0,0,0,0,0,0,0,0,0,0,0,0,0,0,0,0,0
12525,6,6,7,6,6,5,4,5,6,6,5,5,4,4,5,6,6,5,5,4,4
12526,3,3,4,3,3,3,3,3,3,3,3,3,3,3,3,3,4,3,3,3,3
12527,1,2,2,1,1,1,1,2,2,2,2,1,1,1,2,2,2,1,1,1,1
12528,0,0,0,0,0,0,0,0,0,0,0,0,0,0,0,0,0,0,0,0,0
12529,23,21,22,22,19,18,19,23,21,22,22,19,18,19,23,21,22,22,19,18,19
12530,3,3,3,3,3,3,3,3,4,3,3,3,3,3,3,3,3,2,2,2,2
12531,3,2,3,2,2,2,2,3,2,3,2,2,2,2,3,2,3,2,2,2,2
12532,0,0,0,0,0,0,0,0,0,0,0,0,0,0,0,0,0,0,0,0,0
12533,3,2,2,2,2,2,2,2,2,2,2,1,1,2,2,2,2,2,1,1,2
12534,1,1,1,1,1,1,1,1,1,1,1,1,1,1,1,1,1,1,1,1,1
12535,0,0,0,0,0,0,0,0,0,0,0,0,0,0,0,0,0,0,0,0,0
12536,0,0,0,0,0,0,0,0,0,0,0,0,0,0,0,0,0,0,0,0,0
12537,1,1,1,1,1,1,1,1,1,1,1,1,1,1,1,1,1,1,1,1,1
12538,14,17,15,11,7,7,8,12,16,14,11,7,7,8,12,15,14,11,7,7,8
12539,2,2,2,2,2,1,1,2,2,2,2,2,1,1,2,2,2,2,2,1,1
12540,2,3,3,4,3,3,3,4,4,4,4,4,4,4,4,5,5,5,4,4,4
12541,0,0,0,0,0,0,0,0,0,0,0,0,0,0,0,0,0,0,0,0,0
12542,0,0,0,0,0,0,0,0,0,0,0,0,0,0,0,0,0,0,0,0,0
12543,0,0,0,0,0,0,0,0,0,0,0,0,0,0,0,0,0,0,0,0,0
12544,0,0,0,0,0,0,0,0,0,0,0,0,0,0,0,0,0,0,0,0,0
12545,0,0,0,0,0,0,0,0,0,0,0,0,0,0,0,0,0,0,0,0,0
12546,0,0,0,0,0,0,0,0,0,0,0,0,0,0,0,0,0,0,0,0,0
12547,19,19,18,16,13,13,12,14,15,16,14,12,12,11,14,15,16,14,12,12,11
12548,9,9,9,9,9,8,8,9,9,9,9,9,8,8,9,9,9,9,9,8,8
12549,26,32,33,30,21,20,18,26,32,32,29,21,20,18,26,32,32,29,21,20,18
12550,13,13,13,12,11,11,11,13,13,12,11,11,11,10,13,13,12,11,11,11,10
12551,5,7,14,6,5,4,6,6,7,14,6,5,4,6,6,7,14,6,5,4,6
12552,2,6,4,6,4,4,3,2,6,3,6,4,4,3,1,6,3,6,4,4,3
12553,24,18,10,7,8,7,6,8,9,5,3,5,5,4,7,9,5,4,6,6,5
12554,10,10,11,10,10,12,13,10,10,11,10,10,12,13,10,10,11,10,10,12,13
12555,11,11,10,8,3,7,9,11,11,10,8,3,7,9,11,11,10,8,3,7,9
12556,7,9,9,13,4,4,5,7,9,9,13,4,4,5,7,9,9,13,4,4,5
12557,26,22,23,15,16,18,25,26,22,23,15,16,18,25,26,22,23,15,16,18,25
12558,25,26,23,17,20,20,20,25,26,23,17,20,20,20,25,26,23,17,20,20,20
12559,30,25,22,21,24,24,30,30,25,22,21,24,24,30,30,25,22,21,24,24,30
12560,2,2,3,4,4,3,3,2,2,3,4,4,4,3,3,2,3,4,4,4,3
12561,0,0,0,0,0,0,0,0,0,0,0,0,0,0,0,0,0,0,0,0,0
12562,0,0,0,0,0,0,0,0,0,0,0,0,0,0,0,0,0,0,0,0,0
12563,2,2,1,1,1,2,1,2,2,1,1,1,1,1,2,2,1,1,1,2,1
12564,0,0,0,0,0,0,0,0,0,0,0,0,0,0,0,0,0,0,0,0,0
12565,6,3,3,8,8,6,6,6,3,3,8,8,6,6,6,3,3,8,8,6,6
12566,0,0,0,0,0,0,0,0,0,0,0,0,0,0,0,0,0,0,0,0,0
12567,1,1,1,1,1,1,1,1,1,1,1,1,1,0,1,1,1,1,1,1,1
12568,17,17,13,10,7,6,7,9,10,9,8,7,6,7,10,11,11,10,9,8,9
12569,0,0,0,0,0,0,0,0,0,0,0,0,0,0,0,0,0,0,0,0,0
12570,0,0,0,0,0,0,0,0,0,0,0,0,0,0,0,0,0,0,0,0,0
12571,0,0,0,0,0,0,0,0,0,0,0,0,0,0,0,0,0,0,0,0,0
12572,0,0,0,0,0,0,0,0,0,0,0,0,0,0,0,0,0,0,0,0,0
12573,0,0,0,0,0,0,0,0,0,0,0,0,0,0,0,0,0,0,0,0,0
12574,3,3,6,3,3,7,7,5,5,7,3,3,7,7,5,5,7,3,3,7,7
12575,0,0,0,0,0,0,0,0,0,0,0,0,0,0,0,0,0,0,0,0,0
12576,0,0,0,0,2,0,2,0,0,0,0,2,0,2,0,0,0,0,2,0,2
12577,0,0,0,0,0,0,0,0,0,0,0,0,0,0,0,0,0,0,0,0,0
12578,0,0,0,0,0,0,0,0,0,0,0,0,0,0,0,0,0,0,0,0,0
12579,0,0,0,0,0,0,0,0,0,0,0,0,0,0,0,0,0,0,0,0,0
12580,1,1,2,1,1,1,1,1,1,2,1,1,1,1,1,1,2,1,1,1,1
12581,1,1,1,1,1,1,1,1,1,1,1,1,1,1,1,0,0,0,0,0,0
12582,0,0,0,0,0,0,0,0,0,0,0,0,0,0,0,0,0,0,0,0,0
12583,0,0,0,0,0,0,0,0,0,0,0,0,0,0,0,0,0,0,0,0,0
12584,0,0,0,0,0,0,0,0,0,0,0,0,0,0,0,0,0,0,0,0,0
12585,1,1,1,1,0,0,0,1,1,1,1,0,0,0,1,1,1,1,0,0,0
12586,19,19,18,17,17,16,17,18,17,15,15,14,13,14,15,14,12,12,12,11,13
12587,4,3,3,3,2,2,3,3,3,3,3,2,2,2,3,3,3,2,2,2,2
12588,10,9,8,7,7,6,7,8,8,8,7,6,6,6,7,6,6,5,5,4,5
12589,1,1,1,1,1,1,1,1,1,1,1,1,1,1,1,1,1,1,1,1,1
12590,1,1,1,1,1,1,1,1,1,1,1,1,1,1,1,1,1,1,1,1,1
12591,0,0,0,0,0,0,0,0,0,0,0,0,0,0,0,0,0,0,0,0,0
12592,19,19,19,18,17,17,19,22,22,20,19,18,18,19,21,20,18,17,15,15,17
12593,11,12,10,8,8,7,9,11,11,10,8,8,7,9,11,11,10,8,8,7,9
12594,12,11,10,9,8,7,7,8,9,8,8,7,6,6,7,7,7,7,6,6,6
12595,1,1,1,1,1,1,1,1,1,1,1,1,1,1,1,1,1,1,1,1,1
12596,2,2,2,1,1,1,2,2,2,2,1,1,1,2,2,2,2,1,1,1,2
12597,0,0,0,0,0,0,0,0,0,0,0,0,0,0,0,0,0,0,0,0,0
12598,0,0,1,1,1,0,0,0,0,1,1,1,0,0,0,0,1,1,1,1,1
12599,1,1,1,1,1,1,1,1,1,1,1,1,1,1,1,1,1,1,1,1,1
12600,2,2,2,2,1,1,1,2,2,2,2,1,1,1,2,2,2,2,2,1,2
12601,0,0,0,0,0,0,0,0,0,0,0,0,0,0,0,0,0,0,1,1,1
12602,0,0,0,0,0,0,0,0,0,0,0,0,0,0,0,0,0,0,0,0,0
12603,0,0,0,0,0,0,0,0,0,0,0,0,0,0,0,0,0,0,0,0,0
12604,0,1,0,1,1,1,1,0,1,0,1,1,1,1,0,0,0,1,1,1,1
12605,0,0,0,0,0,0,0,0,0,0,0,0,0,0,0,0,0,0,0,0,0
12606,0,0,0,0,0,0,0,0,0,0,0,0,0,0,0,0,0,0,0,0,0
12607,0,0,0,0,0,0,0,0,0,0,0,0,0,0,0,0,0,0,0,0,0
12608,0,0,0,0,0,0,0,0,0,0,0,0,0,0,0,0,0,0,0,0,0
12609,0,0,0,0,0,0,0,0,0,0,0,0,0,0,0,0,0,0,0,0,0
12610,0,0,0,0,0,0,0,0,0,0,0,0,0,0,0,0,0,0,0,0,0
12611,1,1,1,1,1,1,1,2,2,2,2,2,2,2,2,2,2,2,2,2,2
12612,1,1,1,1,1,1,1,1,1,1,1,1,1,1,1,1,1,1,1,1,1
12613,0,0,0,0,0,0,0,0,0,0,0,0,0,0,0,0,0,0,0,0,0
12614,0,0,0,0,0,0,0,0,0,0,0,0,0,0,0,0,0,0,0,0,0
12615,0,0,0,0,0,0,0,0,0,0,0,0,0,0,0,0,0,0,0,0,0
12616,0,0,0,0,0,0,0,0,0,0,0,0,0,0,0,0,0,0,0,0,0
12617,0,0,0,0,0,0,0,0,0,0,0,0,0,0,0,0,0,0,0,0,0
12618,0,0,0,0,0,0,0,0,0,0,0,0,0,0,0,0,0,0,0,0,0
12619,1,1,1,1,1,1,1,1,1,1,1,1,1,1,1,1,1,1,1,1,1
12620,4,4,3,4,3,3,2,3,3,3,4,3,3,2,3,3,3,4,3,3,2
12621,1,1,1,1,1,1,1,1,1,1,1,1,1,1,1,1,1,1,1,1,1
12622,31,34,33,29,26,25,27,32,37,38,35,30,26,25,31,38,39,36,31,32,37
12623,6,7,7,6,5,5,5,5,6,6,6,5,5,5,6,6,6,6,5,5,5
12624,4,4,4,3,3,3,3,4,4,4,3,3,3,3,4,4,4,3,3,3,3
12625,3,3,4,4,3,3,3,3,3,4,3,3,3,3,3,3,4,3,3,3,3
12626,22,24,28,26,21,20,16,19,22,27,26,21,20,16,19,22,26,25,20,19,15
12627,6,8,9,9,8,8,9,11,12,12,11,10,9,9,12,13,13,10,9,9,10
12628,5,6,7,7,6,5,5,5,6,7,6,5,5,5,5,5,6,6,5,4,4
12629,4,4,4,4,4,4,3,4,4,4,4,4,4,3,4,4,4,4,4,4,3
12630,1,2,3,2,2,2,1,1,2,3,2,2,2,1,1,2,3,2,2,2,1
12631,3,4,3,3,3,3,3,3,4,4,3,3,3,3,3,4,4,3,3,3,3
12632,0,1,0,0,0,0,0,1,1,0,0,0,0,0,1,1,0,0,0,0,0
12633,14,18,14,13,16,11,9,14,18,14,13,16,11,9,14,18,14,13,16,11,9
12634,0,0,0,0,0,0,0,0,0,0,0,0,0,0,0,0,0,0,0,0,0
12635,0,0,0,0,0,0,0,0,0,0,0,0,0,0,0,0,0,0,0,0,0
12636,4,4,3,3,3,3,3,3,3,3,3,2,2,2,3,3,3,2,2,2,2
12637,4,5,6,5,5,5,5,6,6,6,6,5,5,5,6,6,6,6,5,5,5
12638,1,1,1,1,1,1,1,1,1,1,1,1,1,1,1,1,1,1,1,1,1
12639,3,3,3,2,2,2,2,3,3,3,2,2,2,2,3,3,3,2,2,2,2
12640,4,5,6,5,4,3,2,4,5,6,5,4,3,2,4,5,6,5,4,3,2
12641,0,1,1,0,0,0,0,0,1,1,1,0,0,0,0,1,1,1,0,0,0
12642,2,2,2,2,2,1,2,2,2,2,2,2,1,2,2,2,2,2,2,1,2
12643,0,0,0,1,0,0,0,0,0,0,1,0,0,0,0,0,0,0,0,0,0
12644,0,0,1,1,0,0,0,0,0,1,1,0,0,0,0,0,1,1,0,0,0
12645,1,2,2,1,1,1,1,1,2,2,1,1,1,1,1,2,2,1,1,1,1
12646,4,4,4,3,3,3,3,4,4,4,3,3,3,3,4,4,4,3,3,3,3
12647,6,6,7,7,7,5,5,6,6,7,7,7,5,5,6,6,7,7,7,5,5
12648,0,0,0,0,0,0,0,0,0,0,0,0,0,0,0,0,0,0,0,0,0
12649,1,1,1,1,1,1,1,1,1,1,1,1,1,1,1,1,1,1,1,1,1
12650,194,170,261,271,248,226,216,195,170,261,271,248,226,216,194,170,261,271,248,226,216
12651,9,12,10,10,4,4,8,9,12,10,10,4,4,8,9,12,10,10,4,4,8
12652,104,144,171,151,117,87,86,107,139,152,132,99,76,73,95,131,157,148,117,91,87
12653,36,44,46,42,39,32,26,36,44,46,42,39,32,26,36,44,46,42,39,32,26
12654,74,76,75,57,65,59,62,74,76,75,57,65,59,62,74,76,75,57,65,59,62
12655,10,12,15,29,29,32,23,10,11,14,29,29,32,23,10,11,14,29,29,32,23
12656,6,4,6,8,8,7,7,6,4,6,8,8,7,7,6,4,6,8,8,7,7
12657,22,20,16,13,14,12,19,20,20,16,12,14,12,19,21,21,18,15,15,13,20
12658,15,0,0,0,0,0,0,15,0,0,0,0,0,0,15,0,0,0,0,0,0
12659,15,5,5,8,4,4,9,15,5,5,8,4,4,8,15,5,5,8,4,4,9
12660,0,0,0,0,0,0,0,0,0,0,0,0,0,0,0,0,0,0,0,0,0
12661,0,0,0,0,0,0,0,0,0,0,0,0,0,0,0,0,0,0,0,0,0
12662,0,0,0,0,0,0,0,0,0,0,0,0,0,0,0,0,0,0,0,0,0
12663,0,0,0,0,0,0,0,0,0,0,0,0,0,0,0,0,0,0,0,0,0
12664,16,17,18,16,11,10,11,12,14,17,14,9,9,10,11,13,15,13,8,8,9
12665,0,0,0,0,0,0,0,0,0,0,0,0,0,0,0,0,0,0,0,0,0
12666,0,0,0,0,0,0,0,0,0,0,0,0,0,0,0,0,0,0,0,0,0
12667,1,1,2,2,2,1,1,1,1,2,2,2,1,1,1,1,2,2,2,1,1
12668,30,33,34,29,25,22,23,26,28,27,25,22,19,21,24,25,26,24,21,19,19
12669,0,0,0,0,0,0,0,0,0,0,0,0,0,0,0,0,0,0,0,0,0
12670,1,1,1,1,1,1,1,1,1,1,1,1,1,1,1,1,1,1,1,1,1
12671,0,0,0,0,0,0,0,0,0,0,0,0,0,0,0,0,0,0,0,0,0
12672,3,3,3,3,2,2,2,3,3,3,3,2,2,3,3,3,3,3,2,2,3
12673,0,0,0,0,0,0,0,0,0,0,0,0,0,0,0,0,0,0,0,0,0
12674,0,0,0,0,0,0,0,0,0,0,0,0,0,0,0,0,0,0,0,0,0
12675,0,0,0,0,0,0,0,0,0,0,0,0,0,0,0,0,0,0,0,0,0
12676,0,0,0,0,0,0,0,0,0,0,0,0,0,0,0,0,0,0,0,0,0
12677,0,0,0,0,0,0,0,0,0,0,0,0,0,0,0,0,0,0,0,0,0
12678,0,0,0,0,0,0,0,0,0,0,0,0,0,0,0,0,0,0,0,0,0
12679,0,0,0,0,0,0,0,0,0,0,0,0,0,0,0,0,0,0,0,0,0
12680,0,0,0,0,0,0,0,0,0,0,0,0,0,0,0,0,0,0,0,0,1
12681,0,0,0,0,0,0,0,0,0,0,0,0,0,0,0,0,0,0,0,0,0
12682,1,1,1,1,1,1,1,1,1,1,1,1,1,1,1,2,1,1,1,1,1
12683,5,5,5,4,4,3,3,3,4,5,4,4,3,4,4,4,5,4,4,3,3
12684,22,22,22,20,18,17,18,21,23,23,21,19,18,18,21,21,21,20,18,16,16
12685,1,1,1,1,0,1,1,1,1,1,1,0,1,1,1,1,1,1,0,1,1
12686,0,0,0,0,0,0,0,0,0,0,0,0,0,0,0,0,0,0,0,0,0
12687,1,1,1,1,1,1,1,1,1,1,1,1,0,1,1,1,1,1,1,1,1
12688,25,23,21,18,16,13,14,17,18,19,16,14,11,12,15,16,16,14,12,10,11
12689,3,3,3,3,3,3,3,4,4,3,3,3,3,3,3,3,3,3,3,3,3
12690,10,9,8,8,6,5,6,8,8,8,7,6,5,6,7,7,8,7,6,5,6
12691,4,4,3,3,3,2,2,3,3,3,3,2,2,3,3,3,3,3,2,2,3
12692,9,11,12,11,9,8,8,10,12,12,10,8,7,8,9,10,10,9,7,6,6
12693,1,1,1,1,1,1,1,1,1,1,1,1,1,1,1,1,1,1,1,1,1
12694,0,0,0,0,0,0,0,0,0,0,0,0,0,0,0,0,0,0,0,0,0
12695,9,10,11,9,7,6,7,9,10,11,9,7,6,7,9,10,11,9,7,6,7
12696,0,0,0,0,0,0,0,0,0,0,0,0,0,0,0,0,0,0,0,0,0
12697,1,1,0,0,0,0,0,0,0,0,0,0,0,0,1,1,1,0,0,0,1
12698,0,0,0,0,0,0,0,0,0,0,0,0,0,0,0,0,0,0,0,0,0
12699,0,0,0,0,0,0,0,0,0,0,0,0,0,0,0,0,0,0,0,0,0
12700,0,0,0,0,0,0,0,0,0,0,0,0,0,0,0,0,0,0,0,0,0
12701,0,0,0,0,0,0,0,0,0,0,0,0,0,0,0,0,0,0,0,0,0
12702,1,1,1,1,1,1,1,1,1,1,1,1,1,1,1,1,1,1,1,1,1
12703,1,1,1,1,1,1,1,1,1,1,1,1,1,1,1,1,1,1,1,1,1
12704,0,0,0,0,0,0,0,0,0,0,0,0,0,0,0,0,0,0,0,0,0
12705,0,0,0,0,0,0,0,0,0,0,0,0,0,0,0,0,0,0,0,0,0
12706,0,0,0,0,0,0,0,0,0,0,0,0,0,0,0,0,0,0,0,0,0
12707,6,7,7,5,4,4,5,5,6,6,4,4,4,4,5,5,6,4,4,4,4
12708,0,0,0,0,0,0,0,0,0,0,0,0,0,0,0,0,0,0,0,0,0
12709,0,0,0,0,0,0,0,0,0,0,0,0,0,0,0,0,0,0,0,0,0
12710,9,8,6,6,5,5,5,5,6,5,5,4,4,5,5,5,5,4,4,4,4
12711,0,0,0,0,0,0,0,0,0,0,0,0,0,0,0,0,0,0,0,0,0
12712,1,1,1,1,1,1,1,1,1,1,1,1,1,1,1,1,1,1,1,1,1
12713,0,0,0,1,1,1,1,0,1,1,1,1,1,1,0,1,1,1,1,1,1
12714,0,0,0,0,0,0,0,0,0,0,0,0,0,0,0,0,0,0,0,0,0
12715,0,0,0,0,0,0,0,0,0,0,0,0,0,0,0,0,0,0,0,0,0
12716,0,0,0,0,0,0,0,0,0,0,0,0,0,0,0,0,0,0,0,0,0
12717,0,0,0,0,0,0,0,0,0,0,0,0,0,0,0,0,0,0,0,0,0
12718,2,3,3,2,1,2,2,2,3,3,2,1,2,2,2,3,3,2,1,2,2
12719,0,0,0,0,0,0,0,0,0,0,0,0,0,0,0,0,0,0,0,0,0
12720,3,4,3,3,4,3,3,3,4,3,3,4,3,3,3,4,3,3,4,3,3
12721,3,5,5,4,4,3,3,3,5,5,4,4,3,3,3,5,5,4,4,3,3
12722,2,2,2,2,2,1,1,2,2,2,2,2,1,1,2,2,2,2,2,1,1
12723,0,0,0,0,0,0,0,0,0,0,0,0,0,0,0,0,0,0,0,0,0
12724,0,0,0,0,0,0,0,0,0,0,0,0,0,0,0,0,0,0,0,0,0
12725,10,10,8,6,5,5,6,7,8,7,5,5,5,5,7,8,7,5,5,5,5
12726,6,4,3,4,3,3,3,3,3,3,3,3,2,2,3,2,2,3,3,2,2
12727,49,53,48,40,34,36,40,48,50,46,39,35,36,40,47,48,44,38,33,34,40
12728,8,8,9,8,7,7,7,8,9,8,7,6,5,5,7,7,7,6,5,5,5
12729,3,3,3,3,2,3,3,3,3,3,3,2,3,3,3,3,3,3,2,3,3
12730,1,1,1,1,1,1,1,1,1,1,1,1,1,1,1,1,1,1,1,1,1
12731,2,3,2,2,2,2,2,2,3,2,2,2,2,2,2,3,2,2,2,2,2
12732,1,0,0,0,0,0,0,1,0,0,0,0,0,0,1,0,0,0,0,0,0
12733,5,5,6,6,6,6,7,9,9,10,9,9,7,7,9,10,10,9,9,9,11
12734,3,3,2,3,2,2,2,2,2,2,2,2,2,2,2,2,1,2,2,2,1
12735,3,3,3,3,2,2,2,3,3,3,3,2,2,2,3,3,3,3,2,2,2
12736,0,0,0,0,0,0,0,0,0,0,0,0,0,0,0,0,0,0,0,0,0
12737,0,0,0,0,0,0,0,0,0,0,0,0,0,0,0,0,0,0,0,0,0
12738,0,0,0,0,0,0,0,0,0,0,0,0,0,0,0,0,0,0,0,0,0
12739,1,1,1,1,1,1,1,1,1,1,1,1,1,1,1,1,1,1,1,1,1
12740,0,0,0,0,0,0,0,0,0,0,0,0,0,0,0,0,0,0,0,0,0
12741,1,1,1,1,1,1,1,1,1,1,1,1,1,1,1,1,1,1,1,1,1
12742,40,35,35,27,26,27,24,39,34,34,27,26,26,24,38,34,34,27,26,26,24
12743,1,1,1,1,1,1,1,1,1,1,1,1,1,1,1,1,1,1,1,1,1
12744,2,2,2,1,1,1,1,2,2,2,2,1,1,1,2,2,2,1,1,1,1
12745,3,3,3,2,2,2,2,3,3,3,2,2,2,2,2,3,3,2,2,2,2
12746,0,0,0,0,0,0,0,0,0,0,0,0,0,0,0,0,0,0,0,0,0
12747,1,1,0,1,0,0,0,1,1,0,1,0,0,0,1,1,0,1,0,0,0
12748,0,0,0,0,0,0,0,0,0,0,0,0,0,0,0,0,0,0,0,0,0
12749,1,0,0,0,0,0,0,0,0,0,0,0,0,0,0,0,0,0,0,0,0
12750,3,3,2,2,1,1,2,2,2,2,1,1,1,1,2,2,1,1,1,1,1
12751,0,0,0,0,0,0,0,0,0,0,0,0,0,0,0,0,0,0,0,0,0
12752,0,0,0,0,0,0,0,0,0,0,0,0,0,0,0,0,0,0,0,0,0
12753,0,0,0,0,0,0,0,0,0,0,0,0,0,0,0,0,0,0,0,0,0
12754,0,0,0,0,0,0,0,0,0,0,0,0,0,0,0,0,0,0,0,0,0
12755,15,15,16,14,12,11,11,13,15,15,14,12,10,11,12,13,13,12,11,9,9
12756,102,128,133,119,103,91,106,129,149,137,122,107,96,102,113,123,124,115,95,87,106
12757,2,2,2,2,2,1,2,2,2,2,2,2,2,2,2,2,2,2,2,2,2
12758,2,2,2,2,1,1,1,1,2,2,1,1,1,1,1,1,1,1,1,1,1
12759,35,36,34,31,30,26,28,28,32,33,30,30,25,28,28,32,33,31,30,25,28
12760,8,8,8,8,7,6,7,7,8,7,7,6,6,6,6,6,6,6,5,4,5
12761,0,0,0,0,0,0,0,0,0,0,0,0,0,0,0,0,0,0,0,0,0
12762,0,0,0,0,0,0,0,0,0,0,0,0,0,0,0,0,0,0,0,0,0
12763,9,8,8,7,6,6,6,7,6,6,5,4,4,4,5,4,4,4,3,3,4
12764,3,3,3,3,2,2,2,3,2,2,2,2,2,2,2,2,2,2,2,2,2
12765,12,12,11,9,8,7,8,8,9,8,7,7,7,7,8,8,8,7,7,6,7
12766,3,3,3,3,3,3,3,3,3,3,3,3,3,2,3,3,3,3,3,3,2
12767,1,1,1,1,1,1,1,1,1,1,1,1,1,1,1,1,1,1,1,1,1
12768,84,114,107,100,95,97,110,84,114,107,100,95,97,110,84,114,107,100,95,98,110
12769,2,2,2,2,2,2,2,2,2,2,2,2,1,2,2,2,2,2,2,2,2
12770,5,4,2,2,2,1,1,1,2,1,1,1,1,1,1,1,1,1,1,1,1
12771,3,3,3,3,3,3,3,3,3,3,3,3,3,3,3,3,3,3,3,3,3
12772,4,4,4,4,3,3,2,3,4,4,4,3,3,2,3,4,4,3,3,2,2
12773,0,0,0,0,0,0,0,0,0,0,0,0,0,0,0,0,0,0,0,0,0
12774,0,0,0,0,0,0,0,0,0,0,0,0,0,0,0,0,0,0,0,0,0
12775,0,0,0,0,0,0,0,0,0,0,0,0,0,0,0,0,0,0,0,0,0
12776,0,0,0,0,0,0,0,0,0,0,0,0,0,0,0,0,0,0,0,0,0
12777,3,3,3,3,2,2,2,2,3,3,2,2,2,2,2,2,2,2,2,1,2
12778,0,0,0,0,0,0,0,0,0,0,0,0,0,0,0,0,0,0,0,0,0
12779,0,0,0,0,0,0,0,0,0,0,0,0,0,0,0,0,0,0,0,0,0
12780,0,0,0,0,0,0,0,0,0,0,0,0,0,0,0,0,0,0,0,0,0
12781,0,0,0,0,0,0,0,0,0,0,0,0,0,0,0,0,0,0,0,0,0
12782,3,2,2,2,2,2,2,2,2,2,1,1,1,1,1,1,1,1,1,1,1
12783,3,3,3,3,2,2,2,3,3,3,3,3,2,2,3,3,3,3,3,2,3
12784,1,1,2,1,1,1,1,1,1,2,1,1,1,1,1,1,2,1,1,1,1
12785,31,31,31,25,23,24,32,31,31,31,25,23,24,32,31,31,30,25,22,23,31
12786,8,9,8,7,6,6,6,8,9,8,7,6,6,6,8,9,8,7,6,6,6
12787,4,4,4,4,4,4,4,4,4,4,4,4,4,4,4,4,4,4,4,4,4
12788,137,163,162,145,132,123,132,156,175,158,138,125,122,126,143,153,148,135,119,116,130
12789,6,5,5,5,5,5,5,6,5,5,5,5,5,4,6,5,5,5,5,5,4
12790,0,0,0,0,0,0,0,0,0,0,0,0,0,0,0,0,0,0,0,0,0
12791,3,3,3,2,2,2,2,3,3,3,3,2,2,2,3,3,3,3,3,2,3
12792,114,123,118,107,101,94,99,119,125,107,94,87,85,90,107,112,103,96,90,87,97
12793,1,1,0,0,0,0,0,1,1,0,0,0,0,0,1,1,0,0,0,0,0
12794,1,1,0,1,0,1,1,1,1,0,0,0,0,1,1,1,0,0,0,0,1
12795,0,0,0,0,0,0,0,0,0,0,0,0,0,0,0,0,0,0,0,0,0
12796,0,0,0,0,0,0,0,0,0,0,0,0,0,0,0,0,0,0,0,0,0
12797,0,0,0,0,0,1,0,0,0,0,0,0,1,0,0,0,0,0,0,1,0
12798,0,0,0,0,0,0,0,0,0,0,0,0,0,0,0,0,0,0,0,0,0
12799,0,0,0,0,0,0,0,0,0,0,0,0,0,0,0,0,0,0,0,0,0
12800,0,0,0,0,0,0,0,0,0,0,0,0,0,0,0,0,0,0,0,0,0
12801,0,0,0,0,0,0,0,0,0,0,0,0,0,0,0,0,0,0,0,0,0
12802,0,0,0,0,0,0,0,0,0,0,0,0,0,0,0,0,0,0,0,0,0
12803,0,0,0,0,0,0,0,0,0,0,0,0,0,0,0,0,0,0,0,0,0
12804,0,0,0,0,0,0,0,0,0,0,1,1,1,1,1,1,1,1,1,1,1
12805,2,2,2,2,2,2,1,2,2,3,2,2,2,1,2,2,3,2,2,2,1
12806,0,0,0,0,0,0,0,0,0,0,0,0,0,0,0,0,0,0,0,0,0
12807,2,1,1,1,1,1,1,2,1,1,1,1,1,1,2,1,1,1,1,1,1
12808,0,0,0,0,0,0,0,0,0,0,0,0,0,0,0,0,0,0,0,0,0
12809,0,0,0,0,0,0,0,0,0,0,0,0,0,0,0,0,0,0,0,0,0
12810,0,0,0,0,0,0,0,0,0,0,0,0,0,0,0,0,0,0,0,0,0
12811,3,1,1,0,0,0,0,0,0,0,0,0,0,0,0,0,0,0,0,0,0
12812,5,2,1,1,1,2,2,1,1,1,1,1,1,1,1,1,1,1,1,1,1
12813,0,0,0,0,0,0,0,0,0,0,0,0,0,0,0,0,0,0,0,0,0
12814,0,0,0,0,0,0,0,0,0,0,0,0,0,0,0,0,0,0,0,0,0
12815,3,3,3,4,3,3,3,3,3,3,4,3,3,3,3,3,3,3,3,3,3
12816,3,3,3,3,2,2,3,3,3,3,3,2,2,3,3,3,3,3,2,2,3
12817,0,0,0,0,0,0,0,0,0,0,0,0,0,0,0,0,0,0,0,0,0
12818,0,0,0,0,0,0,0,0,0,0,0,0,0,0,0,0,0,0,0,0,0
12819,0,0,0,0,0,0,0,0,0,0,0,0,0,0,0,0,0,0,0,0,0
12820,2,2,1,1,1,1,1,2,2,1,1,1,1,1,2,2,1,1,1,1,1
12821,0,0,0,0,0,0,0,0,0,0,0,0,0,0,0,0,0,0,0,0,0
12822,0,0,0,0,0,0,0,0,0,0,0,0,0,0,0,0,0,0,0,0,0
12823,9,10,11,11,10,9,10,11,11,11,10,9,8,9,9,10,9,8,7,7,7
12824,1,1,1,1,1,1,1,1,1,1,1,1,1,1,1,1,1,1,1,1,1
12825,0,0,0,0,0,0,0,0,0,0,0,0,0,0,0,0,0,0,0,0,0
12826,0,0,1,1,0,0,0,0,0,1,1,0,0,0,0,0,1,1,0,0,0
12827,0,0,0,0,0,0,0,0,0,0,0,0,0,0,0,0,0,0,0,0,0
12828,0,0,0,0,0,0,0,0,0,0,0,0,0,0,0,0,0,0,0,0,0
12829,3,3,3,3,2,2,2,3,3,3,3,2,2,2,3,3,3,3,2,2,2
12830,1,1,1,1,1,1,1,1,1,1,1,1,1,1,1,1,1,1,1,1,1
12831,0,0,0,0,0,0,0,0,0,0,0,0,0,0,0,0,0,0,0,0,0
12832,0,0,0,0,0,0,0,0,0,0,0,0,0,0,0,0,0,0,0,0,0
12833,0,0,0,0,0,0,0,0,0,0,0,0,0,0,0,0,0,0,0,0,0
12834,5,5,5,4,3,3,3,5,5,5,4,3,3,3,4,5,5,4,3,3,3
12835,4,5,4,4,4,4,4,4,5,4,4,4,4,4,4,5,4,4,4,4,4
12836,1,1,1,1,1,1,1,1,1,1,1,1,1,1,1,1,1,1,1,1,1
12837,2,2,2,2,2,2,2,2,2,2,2,2,2,2,2,2,2,2,2,2,2
12838,1,1,1,1,1,1,1,1,1,1,1,1,1,1,1,1,1,1,1,1,1
12839,24,21,19,18,19,20,23,25,23,22,21,20,20,22,25,23,22,21,21,22,26
12840,0,0,0,0,0,0,0,0,0,0,0,0,0,0,0,0,0,0,0,0,0
12841,0,1,1,1,1,0,0,0,1,1,1,1,0,0,0,1,1,1,1,0,0
12842,0,0,0,0,0,0,0,0,0,0,0,0,0,0,0,0,0,0,0,0,0
12843,4,5,5,5,5,5,5,4,5,5,5,5,5,5,4,5,5,5,5,5,5
12844,24,25,28,29,23,19,19,24,25,28,29,23,19,19,24,25,28,29,23,19,19
12845,1,1,1,1,1,1,1,1,1,1,1,1,1,1,1,1,1,1,1,1,1
12846,0,0,0,0,0,0,0,0,0,0,0,0,0,0,0,0,0,0,0,0,0
12847,0,0,0,0,0,0,0,0,0,0,0,0,0,0,0,0,0,0,0,0,0
12848,0,1,1,1,1,1,1,1,1,1,1,1,1,1,1,1,1,1,1,1,1
12849,4,3,3,2,2,2,2,3,2,2,2,2,2,2,3,2,2,2,2,2,2
12850,0,0,0,0,0,0,0,0,0,0,0,0,0,0,0,0,0,0,0,0,0
12851,3,3,3,2,2,2,2,2,3,3,2,2,2,2,2,2,3,2,2,2,2
12852,0,0,0,0,0,0,0,0,0,0,0,0,0,0,0,0,0,0,0,0,0
12853,1,1,1,1,1,1,1,1,1,1,1,1,1,1,1,2,1,1,1,1,1
12854,0,0,0,0,0,0,0,0,0,0,0,0,0,0,0,0,0,0,0,0,0
12855,0,0,0,0,0,0,0,0,0,0,0,0,0,0,0,0,0,0,0,0,0
12856,0,0,0,0,0,0,0,0,0,0,0,0,0,0,0,0,0,0,0,0,0
12857,0,0,0,0,0,0,0,0,0,0,1,0,0,0,0,0,0,0,0,0,0
12858,16,13,10,9,8,7,6,7,8,7,7,6,5,5,6,6,6,6,5,5,5
12859,3,3,3,2,2,2,2,3,3,3,3,2,2,2,3,3,3,2,2,2,2
12860,5,6,5,5,5,5,5,5,6,5,5,5,5,6,5,6,6,5,5,5,6
12861,3,3,3,2,2,2,2,2,2,2,2,2,2,2,2,2,2,2,2,2,2
12862,1,1,1,1,1,1,1,1,1,1,1,1,1,0,1,1,1,0,1,1,0
12863,0,0,0,0,0,0,0,0,0,0,0,0,0,0,0,0,0,0,0,0,0
12864,0,0,0,0,0,0,0,0,0,0,0,0,0,0,0,0,0,0,0,0,0
12865,1,1,1,1,1,0,0,1,1,1,1,1,0,0,1,1,1,1,1,0,0
12866,1,1,1,1,1,1,1,1,1,1,1,1,1,1,1,1,1,1,1,1,1
12867,1,1,1,1,1,1,1,1,1,1,1,1,1,1,1,1,1,1,1,1,1
12868,1,1,1,1,1,1,1,1,1,1,1,1,1,1,1,1,1,1,1,1,1
12869,12,13,13,13,11,11,12,14,16,15,15,13,13,14,16,15,15,14,13,13,14
12870,31,32,32,32,30,28,30,30,32,32,32,30,28,30,30,32,32,32,30,28,30
12871,0,0,0,0,0,0,0,0,0,0,0,0,0,0,0,0,0,0,0,0,0
12872,0,0,0,0,0,0,0,0,0,0,0,0,0,1,1,1,1,1,1,1,1
12873,2,2,2,2,2,2,2,3,3,3,3,2,2,2,2,2,2,2,2,2,2
12874,8,7,6,5,5,5,5,6,6,6,5,4,4,4,6,5,5,4,4,4,4
12875,0,0,0,0,0,0,0,0,0,0,0,0,0,0,0,0,0,0,0,0,0
12876,8,8,8,7,7,6,6,7,8,7,7,6,6,6,7,7,7,6,6,5,5
12877,3,3,2,2,2,2,2,3,3,2,2,2,2,2,3,3,2,2,2,2,2
12878,0,0,0,0,0,1,1,0,0,0,0,0,1,1,0,0,0,0,0,1,1
12879,2,3,3,3,3,2,3,3,3,3,3,2,2,2,3,3,3,3,2,2,3
12880,0,0,0,0,0,0,0,0,0,0,0,0,0,0,0,0,0,0,0,0,0
12881,0,0,0,0,0,0,0,0,0,0,0,0,0,0,0,0,0,0,0,0,0
12882,0,0,0,0,0,0,0,0,0,0,0,0,0,0,0,0,0,0,0,0,0
12883,0,0,0,0,0,0,0,0,0,0,0,0,0,0,0,0,0,0,0,0,0
12884,73,77,82,66,65,51,51,70,74,81,65,63,50,50,68,70,77,61,60,47,47
12885,4,4,4,3,2,2,2,4,4,4,3,2,2,2,4,4,4,3,2,2,2
12886,128,130,140,134,124,103,90,128,130,140,134,124,103,90,128,130,140,134,124,103,90
12887,0,0,0,0,0,0,0,0,0,0,0,0,0,0,0,0,0,0,0,0,0
12888,7,10,11,14,15,11,7,7,10,11,15,15,11,7,7,10,11,14,15,11,7
12889,9,10,10,10,10,9,8,9,10,10,10,10,9,8,9,10,10,10,10,9,9
12890,70,74,72,68,60,56,56,64,70,67,68,61,58,57,63,66,65,66,59,56,58
12891,1,2,2,1,1,1,1,2,2,2,2,1,1,1,2,2,2,2,1,1,1
12892,3,3,3,2,2,2,2,3,3,3,2,2,2,2,3,3,3,2,2,2,2
12893,2,2,2,2,2,2,2,2,2,2,2,2,2,2,2,2,2,2,2,2,2
12894,5,5,4,4,3,3,3,4,4,4,4,3,3,3,3,4,4,3,3,3,3
12895,1,1,1,1,1,1,1,1,1,1,1,1,1,1,1,1,1,1,1,1,1
12896,0,0,0,0,0,0,0,0,0,0,0,0,0,0,0,0,0,0,0,0,0
12897,12,14,15,13,13,12,12,14,16,16,15,13,12,11,13,14,13,12,10,9,9
12898,0,0,0,0,0,0,0,0,0,0,0,0,0,0,0,0,0,0,0,0,0
12899,14,15,15,13,13,12,13,14,15,15,13,13,12,13,14,15,15,13,13,12,13
12900,5,5,5,4,3,4,4,4,4,5,3,3,4,4,4,4,5,3,3,4,4
12901,0,0,0,0,0,0,0,0,0,0,0,0,0,0,0,0,0,0,0,0,0
12902,0,0,0,0,0,0,0,0,0,0,0,0,0,0,0,0,0,0,0,0,0
12903,2,3,3,3,3,2,2,3,4,3,3,2,2,2,2,3,3,2,2,2,2
12904,0,0,0,0,0,0,0,0,0,0,0,0,0,0,0,0,0,0,0,0,0
12905,3,3,3,3,3,3,2,3,3,3,3,3,3,2,3,3,2,3,3,3,2
12906,7,7,6,6,5,5,6,7,7,7,6,5,5,5,7,7,6,6,5,5,5
12907,60,71,66,55,47,46,50,53,61,57,52,47,48,51,50,52,47,43,37,39,45
12908,21,21,20,17,15,14,14,18,20,19,17,14,14,14,18,19,19,16,14,14,14
12909,0,0,0,1,1,0,0,0,0,0,1,1,0,0,0,0,0,1,1,0,0
12910,1,1,1,1,1,0,1,0,1,1,0,0,0,0,0,0,0,0,0,0,0
12911,1,1,1,0,1,1,1,1,1,1,0,1,1,1,1,1,1,0,1,1,1
12912,0,0,1,0,1,0,1,0,0,1,0,0,0,0,0,0,1,0,1,0,1
12913,0,0,0,0,0,0,0,0,0,0,0,0,0,0,0,0,0,0,0,0,0
12914,0,0,0,0,0,0,0,0,0,0,0,0,0,0,0,0,0,0,0,0,0
12915,0,0,0,0,0,0,0,0,0,0,0,0,0,0,0,0,0,0,0,0,0
12916,0,0,0,0,0,0,0,0,0,0,0,0,0,0,0,0,0,0,0,0,0
12917,4,4,3,3,3,2,2,3,2,2,2,1,1,1,1,1,1,1,1,1,1
12918,0,0,0,0,0,0,0,0,0,0,0,0,0,0,0,0,0,0,0,0,0
12919,0,0,0,0,0,0,0,0,0,0,0,0,0,0,0,0,0,0,0,0,0
12920,0,0,0,0,0,0,0,0,0,0,0,0,0,0,0,0,0,0,0,0,0
12921,0,0,0,0,0,0,0,0,0,0,0,0,0,0,0,0,0,0,0,0,0
12922,0,0,0,1,1,0,0,0,0,0,1,1,0,0,0,0,0,1,1,0,0
12923,0,0,0,0,0,0,0,0,0,0,0,0,0,0,0,0,0,0,0,0,0
12924,0,0,0,0,0,0,0,0,0,0,0,0,0,0,0,0,0,0,0,0,0
12925,1,2,2,2,2,2,1,1,2,2,2,2,2,1,1,2,2,2,2,2,1
12926,0,0,0,0,0,0,0,0,0,0,0,0,0,0,0,0,0,0,0,0,0
12927,0,0,0,0,0,0,0,0,0,0,0,0,0,0,0,0,0,0,0,0,0
12928,143,125,114,91,71,78,91,134,118,108,87,69,78,92,134,117,108,87,69,78,93
12929,1,1,1,1,1,1,1,1,1,1,1,1,1,1,1,1,1,1,1,1,1
12930,2,2,3,2,2,2,2,2,2,3,2,2,2,2,2,2,3,2,2,2,2
12931,0,0,0,0,0,0,0,0,0,0,0,0,0,0,0,0,0,0,0,0,0
12932,4,4,3,3,3,3,3,4,3,3,3,3,3,3,3,3,3,3,3,2,3
12933,0,0,0,0,0,0,0,0,0,0,0,0,0,0,0,0,0,0,0,0,0
12934,0,0,0,0,0,0,0,0,0,0,0,0,0,0,0,0,0,0,0,0,0
12935,0,0,0,0,0,0,0,0,0,0,0,0,0,0,0,0,0,0,0,0,0
12936,0,0,0,0,0,0,0,0,0,0,0,0,0,0,0,0,0,0,0,0,0
12937,10,10,10,9,7,6,7,10,10,10,9,7,6,7,10,10,10,9,7,6,7
12938,1,1,1,0,0,1,1,1,1,1,0,0,1,0,1,1,1,0,0,1,0
12939,0,0,0,0,0,0,0,0,0,0,0,0,0,0,0,0,0,0,0,0,0
12940,7,7,7,6,6,7,7,8,8,7,6,6,7,7,8,7,7,6,5,7,7
12941,0,0,0,0,0,0,0,0,0,0,0,0,0,0,0,0,0,0,0,0,0
12942,1,1,1,1,1,2,2,1,1,1,1,1,2,2,1,1,1,1,1,2,2
12943,0,0,0,0,0,0,0,0,0,0,0,0,0,0,0,0,0,0,0,0,0
12944,0,0,0,0,0,0,0,0,0,0,0,0,0,0,0,0,0,0,0,0,0
12945,0,0,0,0,0,0,0,0,0,0,0,0,0,0,0,0,0,0,0,0,0
12946,0,0,0,0,0,0,0,0,0,0,0,0,0,0,0,0,0,0,0,0,0
12947,0,0,0,0,0,0,0,0,0,0,0,0,0,0,0,0,0,0,0,0,0
12948,0,0,0,0,0,0,0,0,0,0,0,0,0,0,0,0,0,0,0,0,0
12949,0,0,0,0,0,0,0,0,0,0,0,0,0,0,0,0,0,0,0,0,0
12950,0,0,0,0,0,0,0,0,0,0,0,0,0,0,0,0,0,0,0,0,0
12951,0,0,0,0,0,0,0,0,0,0,0,0,0,0,0,0,0,0,0,0,0
12952,0,0,0,0,0,0,0,0,0,0,0,0,0,0,0,0,0,0,0,0,0
12953,0,0,0,0,0,0,0,0,0,0,0,0,0,0,0,0,0,0,0,0,0
12954,0,0,0,0,0,0,0,0,0,0,0,0,0,0,0,0,0,0,0,0,0
12955,0,0,0,0,0,0,0,0,0,0,0,0,0,0,0,0,0,0,0,0,0
12956,1,1,1,1,1,1,1,1,1,1,1,1,1,1,1,1,1,1,1,1,1
12957,0,0,0,0,0,0,0,0,0,0,0,0,0,0,0,0,0,0,0,0,0
12958,19,19,19,17,16,14,13,14,16,16,16,15,13,12,13,14,14,14,14,12,12
12959,8,9,9,10,8,7,7,8,10,9,9,8,7,7,8,8,8,8,7,6,6
12960,9,10,9,9,8,6,6,7,8,8,8,7,6,6,6,7,7,7,6,5,5
12961,4,4,4,5,4,4,4,4,5,5,5,4,4,4,4,4,4,5,4,4,3
12962,145,165,158,148,129,104,98,119,141,144,142,128,106,100,119,135,139,137,122,98,92
12963,0,0,0,0,0,0,0,0,0,0,0,0,0,0,0,0,0,0,0,0,0
12964,0,0,0,0,0,0,0,0,0,0,0,0,0,0,0,0,0,0,0,0,0
12965,0,0,0,0,0,0,0,0,0,0,0,0,0,0,0,0,0,0,0,0,0
12966,0,0,0,0,0,0,0,0,0,0,0,0,0,0,0,0,0,0,0,0,0
12967,49,46,46,77,76,49,43,55,59,61,91,83,50,39,53,63,69,100,94,68,65
12968,19,18,15,16,13,12,11,19,18,15,16,13,12,11,19,18,15,16,13,12,11
12969,16,16,15,16,16,14,12,16,16,15,16,16,14,12,16,16,15,16,16,14,12
12970,25,53,52,34,13,8,8,25,53,52,34,13,8,8,25,53,52,34,13,8,8
12971,8,9,7,6,5,5,5,8,9,7,6,5,5,5,8,9,7,6,5,5,5
12972,18,16,20,15,14,16,13,16,16,22,17,15,17,13,15,16,20,15,13,15,12
12973,47,51,48,38,33,31,36,50,57,55,45,38,34,35,51,60,58,47,41,42,51
12974,10,7,6,8,9,8,4,4,4,5,7,9,8,3,4,4,5,7,9,7,3
12975,32,35,38,71,70,63,40,31,35,38,72,69,60,35,30,40,47,83,80,75,57
12976,17,15,7,5,4,4,15,17,15,7,5,4,4,15,17,15,7,5,4,4,15
12977,1,1,1,1,2,2,1,1,1,1,1,2,2,1,1,1,1,1,2,2,1
12978,1,1,1,1,1,0,0,1,1,1,1,1,0,0,1,1,1,1,1,0,0
12979,16,14,18,17,17,14,8,10,9,15,15,15,12,6,9,9,14,15,14,11,6
12980,21,22,21,25,21,19,14,21,22,21,25,21,19,14,21,22,21,25,21,19,14
12981,78,92,83,56,39,38,38,78,92,83,56,39,38,38,78,92,83,56,40,38,38
12982,344,379,405,349,394,362,263,257,303,335,294,362,348,242,272,320,392,363,441,422,338
12983,154,164,165,158,137,119,123,148,159,158,152,131,116,117,146,159,166,164,142,127,136
12984,105,115,121,117,103,94,93,118,135,130,123,104,92,88,113,132,137,132,113,106,116
12985,0,0,0,0,0,0,0,0,0,0,0,0,0,0,0,0,0,0,0,0,0
12986,1,1,1,2,1,1,1,1,1,1,2,1,1,1,1,1,1,2,1,1,1
12987,11,7,5,4,4,4,4,5,5,4,4,3,3,4,4,3,3,2,2,2,2
12988,0,0,0,0,0,0,0,0,0,0,0,0,0,0,0,0,0,0,0,0,0
12989,0,0,0,0,0,0,0,0,0,0,0,0,0,0,0,0,0,0,0,0,0
12990,0,0,0,0,0,0,0,0,0,0,0,0,0,0,0,0,0,0,0,0,0
12991,1,2,2,2,2,1,1,1,2,2,2,2,1,1,1,2,2,2,2,1,1
12992,1,1,1,0,0,1,1,1,1,1,0,0,1,1,1,1,1,0,0,1,1
12993,4,4,5,4,3,3,3,4,4,5,4,3,3,3,4,4,5,4,3,3,3
12994,1,1,1,1,1,1,1,1,1,1,1,1,1,1,1,1,1,1,1,1,1
12995,9,7,6,5,5,4,4,5,5,5,5,4,4,3,4,4,4,4,3,3,3
12996,1,1,1,1,1,0,1,1,1,1,1,1,1,1,1,1,1,1,1,1,1
12997,9,8,7,6,5,5,6,6,7,7,6,5,5,6,6,6,6,5,5,5,5
12998,1,1,1,1,1,1,1,1,1,1,1,1,1,1,1,1,1,1,1,1,1
12999,0,0,0,0,0,0,0,0,0,0,0,0,0,0,0,0,0,0,0,0,0
13000,0,0,0,0,0,0,0,0,0,0,0,0,0,0,0,0,0,0,0,0,0
13001,23,21,20,16,15,15,15,18,18,17,15,14,14,15,18,18,17,15,14,14,15
13002,2,2,2,2,2,2,2,2,2,2,2,2,2,2,2,2,2,2,2,2,2
13003,35,36,34,29,25,21,22,25,27,26,23,20,18,20,23,25,25,24,21,20,22
13004,69,62,61,62,58,64,60,64,56,55,58,54,59,55,61,56,56,60,59,70,73
13005,22,20,17,14,12,11,12,14,14,14,13,11,10,11,14,13,12,11,10,10,11
13006,1,1,1,1,1,0,1,1,1,1,1,1,1,1,1,1,1,1,1,1,1
13007,1,1,1,1,1,1,1,1,1,1,1,1,0,0,1,1,1,1,1,0,0
13008,1,1,0,0,0,0,0,0,0,0,0,0,0,0,0,0,0,0,0,0,0
13009,24,24,23,20,18,18,19,21,22,21,19,17,16,16,19,19,19,17,16,17,20
13010,1,1,1,1,1,1,1,1,1,1,1,1,1,1,1,1,1,1,1,1,1
13011,1,1,1,1,0,1,1,1,1,1,1,0,1,1,1,1,1,1,0,1,1
13012,1,1,1,1,1,1,1,1,1,1,1,1,1,1,1,1,1,1,1,1,1
13013,28,30,31,32,28,25,25,28,30,31,32,28,25,25,28,30,31,32,28,25,25
13014,0,0,0,0,0,0,0,0,0,0,0,0,0,0,0,0,0,0,0,0,0
13015,0,0,0,0,0,0,0,0,0,0,0,0,0,0,0,0,0,0,0,0,0
13016,100,91,92,89,59,61,81,100,91,92,89,59,61,81,100,91,92,89,59,61,81
13017,2,2,2,2,2,2,2,2,2,2,2,2,2,2,2,2,2,2,2,2,2
13018,2,2,3,5,4,3,2,2,2,3,5,4,3,2,2,2,3,5,4,3,2
13019,0,0,0,0,0,0,0,0,0,0,0,0,0,0,0,0,0,0,0,0,0
13020,0,1,1,0,0,0,0,0,1,1,1,0,0,0,0,1,1,0,0,0,0
13021,0,0,0,0,0,0,0,0,0,0,0,0,0,0,0,0,0,0,0,0,0
13022,7,7,7,7,6,5,5,6,6,6,6,5,5,5,5,6,5,5,5,4,4
13023,1,1,1,1,0,0,1,1,1,1,1,0,0,1,1,1,1,1,0,0,1
13024,8,8,9,9,7,5,5,6,8,8,9,7,5,5,7,8,8,9,7,5,5
13025,1,1,1,1,1,1,1,1,1,1,1,1,1,1,1,1,1,1,1,1,1
13026,3,3,4,3,3,3,3,4,4,4,3,2,2,3,3,3,3,3,2,2,3
13027,2,2,3,2,2,2,2,3,2,3,2,2,2,2,3,2,3,2,2,2,2
13028,0,0,1,1,1,0,0,0,0,1,1,1,0,0,0,0,1,1,1,0,0
13029,0,0,0,0,0,0,0,0,0,0,0,0,0,0,0,0,0,0,0,0,0
13030,0,0,0,0,0,0,0,0,0,0,0,0,0,0,0,0,0,0,0,0,0
13031,0,0,0,0,0,0,0,0,0,0,0,0,0,0,0,0,0,0,0,0,0
13032,0,0,0,0,0,0,0,0,0,0,0,0,0,0,0,0,0,0,0,0,0
13033,0,0,0,0,0,0,0,0,0,0,0,0,0,0,0,0,0,0,0,0,0
13034,5,6,6,6,4,3,4,5,6,6,6,4,3,4,5,6,6,5,4,3,4
13035,2,3,3,3,2,2,2,2,3,3,3,2,2,2,2,3,3,3,2,2,2
13036,12,12,11,10,9,8,8,8,8,8,7,6,5,6,6,6,6,6,5,5,5
13037,0,0,0,0,0,0,0,0,0,0,0,0,0,0,0,0,0,0,0,0,0
13038,1,2,1,1,1,1,1,2,2,1,1,1,1,1,1,2,1,1,1,1,1
13039,0,0,0,0,0,0,0,0,0,0,0,0,0,0,0,0,0,0,0,0,0
13040,0,0,0,0,0,0,0,0,0,0,0,0,0,0,0,0,0,0,0,0,0
13041,3,3,3,3,2,2,2,3,3,3,3,2,2,2,3,3,3,2,2,2,2
13042,0,0,0,0,0,0,0,0,0,0,0,0,0,0,0,0,0,0,0,0,0
13043,0,0,0,0,0,0,0,0,0,0,0,0,0,0,0,0,0,0,0,0,0
13044,0,0,0,0,0,0,0,0,0,0,0,0,0,0,0,0,0,0,0,0,0
13045,0,0,0,0,0,0,0,0,0,0,0,0,0,0,0,0,0,0,0,0,0
13046,1,1,1,1,1,0,1,1,1,1,1,1,0,1,1,1,1,1,1,0,1
13047,0,0,0,0,0,0,0,0,0,0,1,1,1,1,1,1,1,2,2,2,2
13048,6,7,7,7,5,5,4,6,7,7,7,5,4,4,5,6,6,6,5,4,4
13049,4,5,4,4,4,3,3,4,5,4,4,4,3,3,4,5,4,4,4,3,3
13050,0,0,0,0,0,0,0,0,0,0,0,0,0,0,0,0,0,0,0,0,0
13051,0,0,0,0,0,0,0,0,0,0,0,0,0,0,0,0,0,0,0,0,0
13052,1,3,3,2,1,0,0,1,3,3,2,1,0,0,1,3,3,2,1,0,0
13053,0,0,0,0,0,0,0,0,0,0,0,0,0,0,0,0,0,0,0,0,0
13054,2,2,4,5,4,4,1,2,2,4,5,4,4,1,2,2,4,5,4,4,1
13055,0,1,1,1,1,1,1,0,1,1,1,1,1,1,0,1,1,1,1,1,1
13056,0,0,0,0,0,0,0,0,0,0,0,0,0,0,0,0,0,0,0,0,0
13057,0,0,0,0,0,0,0,0,0,0,0,0,0,0,0,0,0,0,0,0,0
13058,2,2,2,2,2,2,1,2,2,2,2,2,2,1,2,2,2,2,2,2,1
13059,8,9,9,8,7,6,6,8,9,9,8,7,6,6,8,9,9,8,7,6,6
13060,0,0,0,0,0,0,0,0,0,0,0,0,0,0,0,0,0,0,0,0,0
13061,2,2,2,2,2,2,2,2,2,2,2,2,2,2,2,2,2,2,1,1,1
13062,8,11,11,10,7,6,6,8,11,11,10,7,6,6,8,11,11,10,7,6,6
13063,7,9,9,8,6,5,5,7,9,9,8,6,5,5,7,9,9,8,6,5,5
13064,4,4,5,4,3,2,2,4,4,5,4,3,2,2,4,4,5,4,3,2,2
13065,9,13,14,12,8,8,7,9,13,14,12,8,7,7,9,12,13,11,7,6,7
13066,19,18,18,15,13,13,12,16,17,17,14,13,12,11,15,16,16,14,12,12,11
13067,2,3,3,3,2,2,2,3,3,3,3,2,2,2,2,3,3,3,2,2,2
13068,4,5,5,5,4,3,3,4,5,5,5,4,3,3,4,5,5,5,4,3,3
13069,0,1,1,1,1,0,0,0,1,1,1,1,0,0,0,1,1,1,1,0,0
13070,0,0,0,0,0,0,0,0,0,0,0,0,0,0,0,0,0,0,0,0,0
13071,0,0,0,0,0,0,0,0,0,0,0,0,0,0,0,0,0,0,0,0,0
13072,0,0,0,0,0,0,0,0,0,0,0,0,0,0,0,0,0,0,0,0,0
13073,0,0,0,0,0,0,0,0,0,0,0,0,0,0,0,0,0,0,0,0,0
13074,0,0,0,0,0,0,0,0,0,0,0,0,0,0,0,0,0,0,0,0,0
13075,0,0,0,0,0,0,0,0,0,0,0,0,0,0,0,0,0,0,0,0,0
13076,0,0,0,0,0,0,0,0,0,0,0,0,0,0,0,0,0,0,0,0,0
13077,2,2,2,2,2,2,2,2,2,2,2,2,2,2,2,2,2,2,2,2,2
13078,0,0,0,0,0,0,0,0,0,0,0,0,0,0,0,0,0,0,0,0,0
13079,0,0,0,0,0,0,0,0,0,0,0,0,0,0,0,0,0,0,0,0,0
13080,2,2,2,2,2,2,2,2,2,2,2,2,2,2,2,2,2,2,2,2,3
13081,0,0,0,0,0,0,0,0,0,0,0,0,0,0,0,0,0,0,0,0,0
13082,0,0,0,0,0,0,0,0,0,0,0,0,0,0,0,0,0,0,0,0,0
13083,1,1,1,1,1,1,1,1,1,1,1,1,1,1,2,2,1,1,1,1,1
13084,0,0,0,0,0,0,0,0,0,0,0,0,0,0,0,0,0,0,0,0,0
13085,2,2,2,2,2,2,2,2,3,2,2,2,2,2,2,2,2,1,1,1,1
13086,0,0,0,0,0,0,0,0,0,0,0,0,0,0,0,0,0,0,0,0,0
13087,0,0,0,0,0,0,0,0,0,0,0,0,0,0,0,0,0,0,0,0,0
13088,0,0,0,0,0,0,0,0,0,0,0,0,0,0,0,0,0,0,0,0,0
13089,3,3,3,3,3,2,2,3,3,3,3,3,2,2,3,3,3,3,3,2,2
13090,2,2,2,2,1,1,1,2,2,2,2,1,1,1,2,2,2,2,1,2,1
13091,2,2,2,1,1,1,1,1,1,1,1,1,1,1,1,1,1,1,1,1,1
13092,12,12,12,11,10,10,11,13,13,13,12,11,11,12,13,13,12,11,10,10,10
13093,1,2,2,2,2,2,1,2,2,2,3,2,2,1,2,2,2,3,2,2,2
13094,0,0,0,0,0,0,0,0,0,0,0,0,0,0,0,0,0,0,0,0,0
13095,0,0,0,0,0,0,0,0,0,0,0,0,0,0,0,0,0,0,0,0,0
13096,10,11,11,11,9,8,8,10,10,11,11,9,8,8,9,10,11,10,9,7,7
13097,13,15,16,13,11,11,12,13,15,16,13,11,10,12,13,14,15,12,10,10,11
13098,1,1,1,1,1,1,1,2,2,2,2,1,1,1,2,2,2,2,1,1,2
13099,1,0,0,1,1,1,1,1,0,0,1,1,1,1,1,0,0,1,1,1,1
13100,1,1,1,1,1,1,1,1,1,1,1,1,1,1,1,1,1,1,1,1,1
13101,4,2,1,2,2,1,1,1,1,1,1,2,1,1,1,1,1,1,1,1,1
13102,0,0,0,0,0,0,0,0,0,0,0,0,0,0,0,0,0,0,0,0,0
13103,5,4,4,3,3,4,4,5,4,4,4,4,4,4,5,4,4,4,4,4,4
13104,0,0,0,0,0,0,0,0,0,0,0,0,0,0,0,0,0,0,0,0,0
13105,0,0,0,0,0,0,0,0,0,0,0,0,0,0,0,0,0,0,0,0,0
13106,0,0,0,0,0,0,0,0,0,0,0,0,0,0,0,0,0,0,0,0,0
13107,0,0,0,0,0,0,0,0,0,0,0,0,0,0,0,0,0,0,0,0,0
13108,0,0,0,0,0,0,0,0,0,0,0,0,0,0,0,0,0,0,0,0,0
13109,0,0,0,0,1,1,1,0,0,0,0,1,1,0,0,0,0,0,0,1,0
13110,1,1,1,1,1,1,1,1,1,1,1,1,1,1,1,1,1,1,1,1,1
13111,3,3,3,1,1,2,2,3,3,3,1,1,2,2,3,3,3,1,1,2,2
13112,21,21,19,19,15,15,16,20,20,19,19,15,15,16,19,19,18,18,14,14,15
13113,9,10,10,10,9,8,7,9,10,10,10,9,8,7,9,10,10,10,9,8,7
13114,2,2,2,2,2,1,1,2,2,2,2,2,1,1,2,2,2,2,2,1,1
13115,1,1,2,1,1,1,1,1,1,2,1,1,1,1,1,1,2,1,1,1,1
13116,1,1,1,1,1,1,1,1,1,1,1,1,1,1,1,1,1,1,1,1,1
13117,5,6,5,4,4,3,4,5,6,5,4,4,3,4,5,5,5,4,4,3,4
13118,8,7,7,7,7,7,7,9,9,8,8,7,7,7,8,6,6,5,5,5,5
13119,2,2,1,1,1,1,1,1,1,1,1,1,1,1,1,1,1,1,1,1,1
13120,7,5,5,5,4,3,4,5,4,5,5,4,3,3,5,4,5,5,4,3,3
13121,1,1,1,1,1,1,1,1,1,1,1,1,1,1,1,1,1,1,1,1,1
13122,12,12,11,9,8,8,9,11,12,11,9,8,9,9,11,11,10,9,8,8,8
13123,1,1,1,1,1,1,1,1,1,1,1,1,1,1,1,1,1,1,1,1,1
13124,5,4,4,4,3,3,3,3,3,3,3,3,3,3,3,3,3,3,3,2,3
13125,1,1,1,1,1,1,1,1,1,1,1,1,1,1,1,1,1,1,1,1,1
13126,2,2,2,1,1,1,1,2,2,2,1,1,1,1,2,2,2,1,1,1,1
13127,2,2,1,2,1,1,2,2,2,1,2,1,1,2,2,2,1,2,1,1,2
13128,1,1,1,0,0,0,1,1,1,1,0,0,0,1,1,1,1,0,0,0,1
13129,0,0,0,0,0,0,0,0,0,0,0,0,0,0,0,0,0,0,0,0,0
13130,1,2,2,1,1,1,1,1,2,2,1,1,1,1,1,2,2,1,1,1,1
13131,0,0,0,0,0,0,0,0,0,0,0,0,0,0,0,0,0,0,0,0,0
13132,1,1,1,1,1,1,1,1,1,1,1,1,1,1,1,1,1,1,1,1,1
13133,1,1,1,1,1,0,0,1,1,1,1,1,0,0,1,1,1,1,1,0,0
13134,0,0,1,1,0,0,0,0,0,1,1,0,0,0,0,0,1,1,0,0,0
13135,0,0,0,0,0,0,0,0,0,0,0,0,0,0,0,0,0,0,0,0,0
13136,1,1,1,1,1,1,1,1,1,1,1,1,1,1,2,1,1,1,1,1,1
13137,0,0,0,0,0,0,0,0,0,0,0,0,0,0,0,0,0,0,0,0,0
13138,0,0,1,1,1,1,1,1,1,1,1,1,1,1,1,1,1,1,1,1,1
13139,0,0,0,0,0,0,0,0,0,0,0,0,0,0,0,0,0,0,0,0,0
13140,0,0,0,0,0,0,0,0,0,0,0,0,0,0,0,0,0,0,0,0,0
13141,1,1,0,0,0,0,0,1,1,0,0,0,0,0,1,1,0,0,0,0,0
13142,0,0,0,0,0,0,0,0,0,0,0,0,0,0,0,0,0,0,0,0,0
13143,0,0,0,0,0,0,0,0,0,0,0,0,0,0,0,0,0,0,0,0,0
13144,0,0,0,0,0,0,0,0,0,0,0,0,0,0,0,0,0,0,0,0,0
13145,0,0,0,0,0,0,0,0,0,0,0,0,0,0,0,0,0,0,0,0,0
13146,0,0,0,0,0,0,0,0,0,0,0,0,0,0,0,0,0,0,0,0,0
13147,0,0,0,0,0,0,0,0,0,0,0,0,0,0,0,0,0,0,0,0,0
13148,0,0,0,0,0,0,0,0,0,0,0,0,0,0,0,0,0,0,0,0,0
13149,0,0,0,0,0,0,0,0,0,0,0,0,0,0,0,0,0,0,0,0,0
13150,0,0,0,0,0,0,0,0,0,0,0,0,0,0,0,0,0,0,0,0,0
13151,0,0,0,0,0,0,0,0,0,0,0,0,0,0,0,0,0,0,0,0,0
13152,0,0,0,0,0,0,0,0,0,0,0,0,0,0,0,0,0,0,0,0,0
13153,0,0,0,0,0,0,0,0,0,0,0,0,0,0,0,0,0,0,0,0,0
13154,1,1,1,1,0,1,1,1,1,1,1,1,1,1,1,1,1,1,1,1,1
13155,0,0,0,0,0,0,0,0,0,0,0,0,0,0,0,0,0,0,0,0,0
13156,0,0,0,0,0,0,0,0,0,0,0,0,0,0,0,0,0,0,0,0,0
13157,0,0,0,0,0,0,0,0,0,0,0,0,0,0,0,0,0,0,0,0,0
13158,0,0,0,0,0,0,0,0,0,0,0,0,0,0,0,0,0,0,0,0,0
13159,0,0,0,0,0,0,0,0,0,0,0,0,0,0,0,0,0,0,0,0,0
13160,0,0,0,0,0,0,0,0,0,0,0,0,0,0,0,0,0,0,0,0,0
13161,0,0,0,0,0,0,0,0,0,0,0,0,0,0,0,0,0,0,0,0,0
13162,0,0,0,0,0,0,0,0,0,0,0,0,0,0,0,0,0,0,0,0,0
13163,0,0,0,0,0,0,0,0,0,0,0,0,0,0,0,0,0,0,0,0,0
13164,0,0,0,0,0,0,0,0,0,0,0,0,0,0,0,0,0,0,0,0,0
13165,0,0,0,0,0,0,0,0,0,0,0,0,0,0,0,0,0,0,0,0,0
13166,0,0,0,0,0,0,0,0,0,0,0,0,0,0,0,0,0,0,0,0,0
13167,0,0,0,0,0,0,0,0,0,0,0,0,0,0,0,0,0,0,0,0,0
13168,0,0,0,0,0,0,0,0,0,0,0,0,0,0,0,0,0,0,0,0,0
13169,0,0,0,0,0,0,0,0,0,0,0,0,0,0,0,0,0,0,0,0,0
13170,0,0,0,0,0,0,0,0,0,0,0,0,0,0,0,0,0,0,0,0,0
13171,1,0,0,0,0,0,0,1,0,0,0,0,0,0,1,0,0,0,0,0,0
13172,0,0,0,0,0,0,0,0,0,0,0,0,0,0,0,0,0,0,0,0,0
13173,0,0,0,0,0,0,0,0,0,0,0,0,0,0,0,0,0,0,0,0,0
13174,0,0,0,0,0,0,0,0,0,0,0,0,0,0,0,0,0,0,0,0,0
13175,0,0,0,0,0,0,0,0,0,0,0,0,0,0,0,0,0,0,0,0,0
13176,0,0,0,0,0,0,0,0,0,0,0,0,0,0,0,0,0,0,0,0,0
13177,0,0,0,0,0,0,0,0,0,0,0,0,0,0,0,0,0,0,0,0,0
13178,0,0,0,0,0,0,0,0,0,0,0,0,0,0,0,0,0,0,0,0,0
13179,1,1,1,1,1,1,1,1,1,1,1,1,1,1,1,1,1,1,1,1,1
13180,2,3,3,2,2,2,2,3,3,3,2,2,2,2,3,3,3,2,2,2,2
13181,1,1,2,2,1,1,2,2,3,2,2,2,2,2,2,3,2,2,2,2,2
13182,1,1,1,1,1,1,1,1,1,1,1,1,1,1,1,1,1,1,1,1,1
13183,0,0,0,0,0,0,0,0,0,0,0,0,0,0,0,0,0,0,0,0,0
13184,0,0,0,0,0,0,0,0,0,0,0,0,0,0,0,0,0,0,0,0,0
13185,0,0,0,0,0,0,0,0,0,0,0,0,0,0,0,0,0,0,0,0,0
13186,5,6,7,8,8,7,6,5,6,7,8,8,7,6,5,6,7,8,8,7,6
13187,4,4,4,4,3,3,3,3,4,4,4,3,3,3,3,3,4,3,3,3,3
13188,1,1,1,1,0,0,0,1,1,1,1,0,0,0,1,1,1,1,0,0,0
13189,0,0,0,0,0,0,0,0,0,0,0,0,0,0,0,0,0,0,0,0,0
13190,0,0,0,0,0,0,0,0,0,0,0,0,0,0,0,0,0,0,0,0,0
13191,0,0,0,0,0,0,0,0,0,0,0,0,0,0,0,0,0,0,0,0,0
13192,0,0,0,0,0,0,0,0,0,0,0,0,0,0,0,0,0,0,0,0,0
13193,0,0,0,0,0,0,0,0,0,0,0,0,0,0,0,0,0,0,0,0,0
13194,0,0,0,0,0,0,0,0,0,0,0,0,0,0,0,0,0,0,0,0,0
13195,0,0,0,0,0,0,0,0,0,0,0,0,0,0,0,0,0,0,0,0,0
13196,0,0,0,0,0,0,0,0,0,0,0,0,0,0,0,0,0,0,0,0,0
13197,0,0,0,0,0,0,0,0,0,0,0,0,0,0,0,0,0,0,0,0,0
13198,0,0,0,0,0,0,0,0,0,0,0,0,0,0,0,0,0,0,0,0,0
13199,0,0,0,0,0,0,0,0,0,0,0,0,0,0,0,0,0,0,0,0,0
13200,0,0,0,0,0,0,0,0,0,0,0,0,0,0,0,0,0,0,0,0,0
13201,84,95,97,88,77,70,77,90,99,94,87,75,70,76,83,84,83,77,66,61,70
13202,20,20,18,15,13,12,13,16,17,16,14,12,11,12,14,15,15,13,12,11,12
13203,56,59,60,53,48,46,50,58,61,58,52,46,44,47,54,55,53,48,42,42,47
13204,67,69,66,56,50,47,54,64,65,60,51,46,44,50,61,61,59,52,46,45,55
13205,33,34,34,31,28,26,28,33,35,33,30,27,25,27,31,31,30,27,24,23,25
13206,4,3,3,2,2,2,2,2,2,2,2,1,1,1,2,1,1,1,1,1,1
13207,0,0,0,0,0,0,0,0,0,0,0,0,0,0,0,0,0,0,0,0,0
13208,0,0,0,0,0,0,0,0,0,0,0,0,0,0,0,0,0,0,0,0,0
13209,2,2,2,2,2,1,1,2,2,2,2,2,1,1,2,2,2,2,2,1,1
13210,5,4,4,3,3,3,3,4,4,3,3,3,3,3,3,3,3,3,3,3,3
13211,13,14,14,12,11,10,11,13,14,14,12,11,11,11,12,12,11,10,9,8,9
13212,3,3,2,2,2,1,2,2,2,2,2,2,1,2,2,2,1,1,1,1,1
13213,0,0,0,0,0,0,0,0,0,0,0,0,0,0,0,0,0,0,0,0,0
13214,1,1,1,1,1,1,1,1,1,1,1,1,1,1,1,1,1,1,1,1,1
13215,4,4,3,3,3,2,2,2,2,2,2,2,1,1,2,1,1,1,1,1,1
13216,1,1,2,2,2,1,1,1,1,2,2,2,1,1,1,1,2,2,2,1,1
13217,4,4,4,4,4,3,3,4,4,4,4,4,3,3,4,4,4,4,4,3,3
13218,12,13,13,11,9,9,9,12,13,13,11,9,9,9,12,13,13,11,9,9,9
13219,6,6,8,8,8,10,8,6,6,8,8,8,10,8,6,6,8,8,8,10,8
13220,10,10,8,7,6,6,6,7,7,7,7,6,6,6,6,7,6,6,5,5,5
13221,0,0,0,0,0,0,1,1,1,1,1,1,1,1,1,1,1,1,1,1,1
13222,1,1,1,1,1,0,0,0,1,1,1,1,1,1,1,1,1,1,1,1,1
13223,0,0,0,0,0,0,0,0,0,0,0,0,0,0,0,0,0,0,0,0,0
13224,11,11,11,10,8,8,9,11,11,11,10,8,8,9,11,11,11,10,8,8,9
13225,2,2,2,3,3,2,2,2,2,2,3,3,2,2,2,2,2,3,3,2,2
13226,3,5,5,5,5,4,4,4,5,5,5,5,4,4,4,5,5,5,5,4,4
13227,8,5,3,2,2,2,3,2,2,2,1,1,2,3,2,2,2,1,1,2,3
13228,0,0,0,0,0,0,0,0,0,0,0,0,0,0,0,0,0,0,0,0,0
13229,1,1,0,1,1,0,0,1,1,1,1,1,0,0,1,1,1,1,1,0,0
13230,0,0,0,0,0,0,0,0,0,0,0,0,0,0,0,0,0,0,0,0,0
13231,0,0,0,0,0,0,0,0,0,0,0,0,0,0,0,0,0,0,0,0,0
13232,1,2,2,2,2,2,1,1,2,2,2,2,2,1,1,2,2,2,2,2,1
13233,0,0,0,0,0,0,0,0,0,0,0,0,0,0,0,0,0,0,0,0,0
13234,1,1,2,1,1,0,0,1,1,2,1,1,0,0,1,1,2,1,1,0,0
13235,0,0,0,0,0,0,0,0,0,0,0,0,0,0,0,0,0,0,0,0,0
13236,0,0,0,0,0,0,0,0,0,0,0,0,0,0,0,0,0,0,0,0,0
13237,0,0,0,1,0,0,0,0,0,0,1,0,0,0,0,0,0,1,0,0,0
13238,1,1,1,0,1,1,0,1,1,1,0,1,1,0,1,1,1,0,1,1,0
13239,3,4,3,3,2,3,3,3,4,3,3,2,3,3,3,4,3,3,2,3,3
13240,0,0,0,0,0,0,0,0,0,0,0,0,0,0,0,0,0,0,0,0,0
13241,0,0,0,0,0,0,0,0,0,0,0,0,0,0,0,0,0,0,0,0,0
13242,0,0,0,0,0,0,0,0,0,0,0,0,0,0,0,0,0,0,0,0,0
13243,21,20,17,13,12,12,13,15,16,16,13,12,11,11,14,15,16,13,12,12,13
13244,1,1,1,1,1,1,1,1,1,1,1,1,1,1,1,1,1,1,1,1,1
13245,3,3,3,3,2,2,2,3,3,3,3,2,2,2,3,3,3,3,2,2,2
13246,1,1,1,1,1,1,1,1,1,1,1,1,1,1,1,1,1,1,1,1,1
13247,0,0,0,0,0,0,0,0,0,0,0,0,0,0,0,0,0,0,0,0,0
13248,3,4,5,5,4,4,4,5,5,5,5,4,4,4,5,5,5,5,4,4,4
13249,1,1,1,1,1,1,1,1,1,1,1,1,1,1,1,1,1,1,1,1,1
13250,0,0,0,0,0,0,0,0,0,0,0,0,0,0,0,0,0,0,0,0,0
13251,0,0,0,0,0,0,0,0,0,0,0,0,0,0,0,0,0,0,0,0,0
13252,0,0,0,0,0,0,0,0,0,0,0,0,0,0,0,0,0,0,0,0,0
13253,0,0,0,0,0,0,0,0,0,0,0,0,0,0,0,0,0,0,0,0,0
13254,0,0,0,0,0,0,0,0,0,0,0,0,0,0,0,0,0,0,0,0,0
13255,0,0,0,0,0,0,0,0,0,0,0,0,0,0,0,0,0,0,0,0,0
13256,1,0,0,0,0,0,0,0,0,0,0,0,0,0,0,0,0,0,0,0,0
13257,0,0,0,0,0,0,0,0,0,0,0,0,0,0,0,0,0,0,0,0,0
13258,0,0,0,0,0,0,0,0,0,0,0,0,0,0,0,0,0,0,0,0,0
13259,1,1,1,2,1,1,1,1,1,2,2,1,1,1,1,1,1,2,1,1,1
13260,0,0,0,0,0,0,0,0,0,0,0,0,0,0,0,0,0,0,0,0,0
13261,1,1,1,1,1,1,1,1,1,1,1,1,1,0,1,1,1,1,1,1,1
13262,0,1,0,0,0,1,0,0,1,0,0,0,1,0,0,0,0,0,0,1,0
13263,0,0,0,0,0,0,0,0,0,0,0,0,0,0,0,0,0,0,0,0,0
13264,1,1,1,1,1,1,1,1,1,1,1,1,1,1,1,1,1,1,1,1,1
13265,12,14,14,14,12,10,10,12,14,14,14,12,10,10,12,14,14,14,12,10,10
13266,0,0,0,0,0,0,0,0,0,0,0,0,0,0,0,0,0,0,0,0,0
13267,0,0,0,0,0,0,0,0,0,0,0,0,0,0,0,0,0,0,0,0,0
13268,0,0,0,0,0,0,0,0,0,0,0,0,0,0,0,0,0,0,0,0,0
13269,1,1,1,1,1,1,1,1,1,1,1,1,1,1,1,1,1,1,1,1,1
13270,0,0,0,0,0,0,0,0,0,0,0,0,0,0,0,0,0,0,0,0,0
13271,0,0,0,0,0,0,0,0,0,0,0,0,0,0,0,0,0,0,0,0,0
13272,0,0,0,0,0,0,0,0,0,0,0,0,0,0,0,0,0,0,0,0,0
13273,0,0,0,0,0,0,0,0,0,0,0,0,0,0,0,0,0,0,0,0,0
13274,0,0,0,0,0,0,0,0,0,0,0,0,0,0,0,0,0,0,0,0,0
13275,41,39,34,31,26,26,27,34,39,39,38,33,31,31,40,44,43,41,36,37,41
13276,13,15,15,15,14,15,13,13,15,15,15,14,15,13,13,15,15,15,14,15,13
13277,6,5,5,5,4,4,4,4,4,4,3,3,3,3,3,3,3,3,3,3,3
13278,0,0,1,1,0,0,0,0,0,1,1,0,0,0,0,0,1,1,0,0,0
13279,3,3,3,3,3,3,2,3,3,3,3,3,3,2,3,3,3,3,3,3,2
13280,309,348,348,364,308,230,251,330,399,404,418,352,284,335,547,725,733,701,665,690,929
13281,2,2,2,2,2,2,2,2,2,2,2,2,2,2,2,2,2,2,2,2,2
13282,1,1,1,1,1,0,0,1,1,1,1,1,0,0,1,1,1,1,1,0,0
13283,0,0,0,0,0,0,0,0,0,0,0,0,0,0,0,0,0,0,0,0,0
13284,459,438,416,387,343,316,338,401,479,487,458,382,344,357,465,604,663,608,544,533,633
13285,625,617,653,591,518,445,444,582,667,736,669,564,479,467,656,810,938,850,759,706,799
13286,0,0,0,0,0,0,0,0,0,0,0,0,0,0,0,0,0,0,0,0,0
13287,0,0,0,0,0,0,0,0,0,0,0,0,0,0,0,0,0,0,0,0,0
13288,1,1,1,1,1,1,1,1,1,1,1,1,1,1,1,1,1,1,1,1,1
13289,1,2,1,2,2,1,1,1,2,1,2,2,1,1,1,2,1,2,2,1,1
13290,1,1,1,1,1,1,1,1,1,1,1,1,1,1,1,1,1,1,1,1,1
13291,5,5,5,5,5,4,4,5,5,5,5,5,4,4,5,5,5,5,5,4,4
13292,6,5,5,5,5,4,5,5,5,5,4,4,4,4,4,4,4,3,3,3,3
13293,5,5,4,4,3,3,3,4,4,4,3,3,3,3,4,4,4,3,3,3,3
13294,3,3,3,2,2,3,3,3,3,3,3,3,3,3,3,3,3,3,3,3,3
13295,0,0,0,0,0,0,0,0,0,0,0,0,0,0,0,0,0,0,0,0,0
13296,0,0,0,0,0,0,0,0,0,0,0,0,0,0,0,0,0,0,0,0,0
13297,0,0,0,0,0,0,0,0,0,0,0,0,0,0,0,0,0,0,0,0,0
13298,0,0,0,0,0,0,0,0,0,0,0,0,0,0,0,0,0,0,0,0,0
13299,0,0,0,0,0,0,0,0,0,0,0,0,0,0,0,0,0,0,0,0,0
13300,0,0,0,0,0,0,0,0,0,0,0,0,0,0,0,0,0,0,0,0,0
13301,0,0,0,0,0,0,0,0,0,0,0,0,0,0,0,0,0,0,0,0,0
13302,16,16,16,15,14,13,13,15,15,15,13,12,12,12,14,13,13,12,11,11,11
13303,1,1,1,1,1,1,1,1,2,1,1,2,1,1,2,2,1,1,1,1,1
13304,3,4,3,3,3,3,2,3,4,3,3,3,3,2,3,4,3,3,3,3,2
13305,5,5,4,3,3,3,3,4,5,3,3,2,2,3,4,4,3,2,2,2,2
13306,1,1,1,0,0,0,0,0,0,0,0,0,0,0,0,0,0,0,0,0,0
13307,0,0,0,0,0,0,0,0,0,0,0,0,0,0,0,0,0,0,0,0,0
13308,0,0,0,0,0,0,0,0,0,0,0,0,0,0,0,0,0,0,0,0,0
13309,0,0,0,0,0,0,0,0,0,0,0,0,0,0,0,0,0,0,0,0,0
13310,1,1,0,0,0,0,0,0,0,0,0,0,0,0,0,0,0,0,0,0,0
13311,0,0,0,0,0,0,0,0,0,0,0,0,0,0,0,0,0,0,0,0,0
13312,0,0,0,0,0,0,0,0,0,0,0,0,0,0,0,0,0,0,0,0,0
13313,0,0,0,0,0,0,0,0,0,0,0,0,0,0,0,0,0,0,0,0,0
13314,3,3,3,3,2,2,2,3,3,3,3,2,2,2,3,3,3,3,2,2,2
13315,4,4,4,3,3,3,3,4,4,3,3,3,3,3,4,4,3,3,3,3,3
13316,3,3,3,3,2,2,2,2,3,3,3,2,2,2,3,3,3,3,2,2,3
13317,0,0,0,0,0,0,0,0,0,0,0,0,0,0,0,0,0,0,0,0,0
13318,0,0,0,0,0,0,0,0,0,0,0,0,0,0,0,0,0,0,0,0,0
13319,0,0,0,0,0,0,0,0,0,0,0,0,0,0,0,0,0,0,0,0,0
13320,0,0,0,0,0,0,0,0,0,0,0,0,0,0,0,0,0,0,0,0,0
13321,0,0,0,0,0,0,0,0,0,0,0,0,0,0,0,0,0,0,0,0,0
13322,0,0,0,0,0,0,0,0,0,0,0,0,0,0,0,0,0,0,0,0,0
13323,0,0,0,0,0,0,0,0,0,0,0,0,0,0,0,0,0,0,0,0,0
13324,0,0,0,0,0,0,0,0,0,0,0,0,0,0,0,0,0,0,0,0,0
13325,0,0,0,0,0,0,0,0,0,0,0,0,0,0,0,0,0,0,0,0,0
13326,0,0,0,0,0,0,0,0,0,0,0,0,0,0,0,0,0,0,0,0,0
13327,0,0,0,0,0,0,0,0,0,0,0,0,0,0,0,0,0,0,0,0,0
13328,0,0,0,0,0,0,0,0,0,0,0,0,0,0,0,0,0,0,0,0,0
13329,0,0,0,0,0,0,0,0,0,0,0,0,0,0,0,0,0,0,0,0,0
13330,3,3,3,3,3,3,2,3,3,3,3,3,3,2,3,3,3,3,3,3,2
13331,0,0,0,0,0,0,0,0,0,0,0,0,0,0,0,0,0,0,0,0,0
13332,1,1,1,1,1,1,1,1,1,1,1,1,1,1,1,1,1,1,1,1,1
13333,138,168,172,152,127,103,118,148,166,159,141,115,95,104,139,167,176,163,136,113,131
13334,11,10,9,8,7,7,6,9,9,9,7,7,6,6,8,8,8,6,6,5,5
13335,5,3,5,6,6,6,4,5,3,5,6,6,6,4,5,3,5,6,6,6,4
13336,45,45,49,44,40,37,39,45,45,49,44,40,37,39,45,45,49,44,40,37,39
13337,0,0,0,0,0,0,0,0,0,0,0,0,0,0,0,0,0,0,0,0,0
13338,3,3,3,3,2,2,3,3,3,3,3,2,2,2,3,3,3,3,2,2,2
13339,32,44,53,50,43,31,26,31,45,56,53,46,33,28,33,47,58,54,46,35,31
13340,2,3,2,2,2,2,2,2,2,2,2,2,2,2,2,2,2,2,2,2,2
13341,0,0,0,0,0,0,0,0,0,0,0,0,0,0,0,0,0,0,0,0,0
13342,0,0,0,0,0,0,0,0,0,0,0,0,0,0,0,0,0,0,0,0,0
13343,0,0,0,0,0,0,0,0,0,0,0,0,0,0,0,0,0,0,0,0,0
13344,2,2,2,2,2,2,1,2,2,2,2,2,2,1,2,2,2,2,2,2,1
13345,1,1,1,1,1,1,1,1,1,1,1,1,1,1,1,1,1,1,1,1,1
13346,5,6,7,6,6,6,6,6,7,6,5,5,5,5,6,6,6,5,5,5,5
13347,0,0,0,0,0,0,0,0,0,0,0,0,0,0,0,0,0,0,0,0,0
13348,14,15,14,12,11,13,14,15,16,14,12,10,12,13,14,15,13,11,10,12,13
13349,0,0,0,0,0,0,0,0,0,0,0,0,0,0,0,0,0,0,0,0,0
13350,1,1,1,1,1,1,1,1,1,1,1,1,1,1,1,1,1,1,1,1,1
13351,0,0,0,0,0,0,0,0,0,0,0,0,0,0,0,0,0,0,0,0,0
13352,0,0,0,0,0,0,0,0,0,0,0,0,0,0,0,0,0,0,0,0,0
13353,0,0,0,0,0,0,0,0,0,0,0,0,0,0,0,0,0,0,0,0,0
13354,0,0,0,0,0,0,0,0,0,0,0,0,0,0,0,0,0,0,0,0,0
13355,1,1,0,0,0,0,0,1,1,1,0,0,0,0,1,1,1,0,0,0,0
13356,1,1,2,0,0,0,1,1,1,2,0,0,0,1,1,1,2,0,0,0,1
13357,0,0,0,0,1,1,0,0,0,1,0,1,1,0,0,0,0,0,0,1,0
13358,0,0,0,0,0,0,0,0,0,0,0,0,0,0,0,0,0,0,0,0,0
13359,0,0,0,0,0,0,0,0,0,0,0,0,0,0,0,0,0,0,0,0,0
13360,4,4,4,3,2,2,2,3,4,4,3,2,2,2,3,4,4,3,2,2,2
13361,0,0,0,0,0,0,0,0,0,0,0,0,0,0,0,0,0,0,0,0,0
13362,0,0,0,0,0,0,0,0,0,0,0,0,0,0,0,0,0,0,0,0,0
13363,0,0,0,0,0,0,0,0,0,0,0,0,0,0,0,0,0,0,0,0,0
13364,1,1,1,0,0,1,0,1,1,0,0,0,0,0,0,1,0,0,0,0,0
13365,0,0,0,0,0,0,0,0,0,0,0,0,0,0,0,0,0,0,0,0,0
13366,0,0,0,0,0,0,0,0,0,0,0,0,0,0,0,0,0,0,0,0,0
13367,1,1,1,0,1,1,1,1,1,1,0,1,1,1,1,1,1,0,1,1,1
13368,5,4,3,3,2,2,3,4,3,3,3,2,2,3,4,3,3,2,2,2,3
13369,0,0,0,0,0,0,0,0,0,0,0,0,0,0,0,0,0,0,0,0,0
13370,9,10,10,9,8,7,7,9,10,9,9,7,7,7,9,9,9,9,8,7,7
13371,1,2,2,1,1,1,1,1,2,2,1,1,1,1,1,2,2,1,1,1,1
13372,13,13,13,14,12,11,11,12,13,13,13,12,11,10,12,13,13,13,12,11,10
13373,0,0,0,1,0,0,0,0,0,1,1,0,0,0,0,0,1,1,0,0,0
13374,0,0,0,0,0,0,0,0,0,0,0,0,0,0,0,0,0,0,0,0,0
13375,0,0,0,0,0,0,0,0,0,0,0,0,0,0,0,0,0,0,0,0,0
13376,0,0,0,0,0,0,0,0,0,0,0,0,0,0,0,0,0,0,0,0,0
13377,0,0,0,0,0,0,0,0,0,0,0,0,0,0,0,0,0,0,0,0,0
13378,0,0,0,0,0,0,0,0,0,0,0,0,0,0,0,0,0,0,0,0,0
13379,0,0,0,0,0,0,0,0,0,0,0,0,0,0,0,0,0,0,0,0,0
13380,0,0,0,0,0,0,0,0,0,0,0,0,0,0,0,0,0,0,0,0,0
13381,0,0,0,0,0,0,0,0,0,0,0,0,0,0,0,0,0,0,0,0,0
13382,4,4,4,4,4,4,4,5,5,5,5,4,4,4,5,5,4,4,4,4,4
13383,0,0,0,0,0,0,0,0,0,0,0,0,0,0,0,0,0,0,0,0,0
13384,0,0,0,0,0,0,0,0,0,0,0,0,0,0,0,0,0,0,0,0,0
13385,0,0,0,0,0,0,0,0,0,0,0,0,0,0,0,0,0,0,0,0,0
13386,0,0,0,0,0,0,0,0,0,0,0,0,0,0,0,0,0,0,0,0,0
13387,0,0,0,0,0,0,0,0,0,0,0,0,0,0,0,0,0,0,0,0,0
13388,5,6,5,5,4,4,5,5,6,5,5,4,4,5,5,6,5,5,4,4,5
13389,10,10,11,10,9,9,10,12,13,13,12,11,11,12,14,14,14,13,11,12,13
13390,0,0,0,0,0,0,0,0,0,0,0,0,0,0,0,0,0,0,0,0,0
13391,0,0,0,0,0,0,0,0,0,0,0,0,0,0,0,0,0,0,0,0,0
13392,0,0,0,0,0,0,0,0,0,0,0,0,0,0,0,0,0,0,0,0,0
13393,1,1,1,1,1,1,1,1,1,1,1,1,1,1,1,1,1,1,1,1,1
13394,2,3,3,3,3,2,2,2,3,3,3,3,2,2,2,3,3,3,3,2,2
13395,15,17,17,15,13,12,13,15,18,19,17,15,14,14,15,16,15,13,11,10,10
13396,50,50,47,38,31,28,28,32,33,33,29,26,24,25,30,30,33,31,27,25,25
13397,6,5,4,3,3,3,3,3,3,3,3,2,2,2,3,2,2,2,2,2,2
13398,13,12,12,11,10,10,11,13,14,14,13,12,12,12,13,13,13,11,10,10,11
13399,3,3,3,2,2,2,2,2,2,2,2,2,2,2,2,2,2,2,2,2,2
13400,4,4,3,3,3,2,3,3,3,3,3,2,2,2,2,2,2,2,2,2,2
13401,12,12,11,9,8,7,7,8,8,8,8,7,7,7,8,8,9,8,7,6,7
13402,0,0,0,0,0,0,0,0,0,0,0,0,0,0,0,0,0,0,0,0,0
13403,0,0,0,0,0,0,0,0,0,0,0,0,0,0,0,0,0,0,0,0,0
13404,4,4,3,2,2,2,2,3,3,3,2,2,2,2,3,3,3,3,2,2,3
13405,0,0,0,0,0,0,0,0,0,0,0,0,0,0,0,0,0,0,0,0,0
13406,16,20,22,24,20,14,12,16,20,22,24,20,14,12,16,20,22,24,20,14,12
13407,0,0,0,0,0,0,0,0,0,0,0,0,0,0,0,0,0,0,0,0,0
13408,1,1,0,0,0,0,0,0,0,0,0,0,0,0,0,0,0,0,0,0,0
13409,0,0,0,0,0,0,0,0,0,0,0,0,0,0,0,0,0,0,0,0,0
13410,1,1,1,1,1,1,1,1,1,1,1,1,1,1,1,1,1,1,1,1,1
13411,3,3,2,2,2,1,1,1,1,1,1,1,1,1,1,1,1,1,1,1,1
13412,0,0,0,0,0,0,0,0,0,0,0,0,0,0,0,0,0,0,0,0,0
13413,0,0,0,0,0,0,0,0,0,0,0,0,0,0,0,0,0,0,0,0,0
13414,0,0,0,0,0,0,0,0,0,0,0,0,0,0,0,0,0,0,0,0,0
13415,0,0,0,0,0,0,0,0,0,0,0,0,0,0,0,0,0,0,0,0,0
13416,2,2,2,2,2,2,2,3,3,3,3,2,2,2,3,3,3,2,2,2,2
13417,0,0,0,0,0,1,0,0,0,0,0,1,1,0,0,0,0,0,0,1,0
13418,1,1,1,1,1,1,1,1,1,1,1,1,1,1,1,1,1,1,1,1,1
13419,1,1,1,0,0,0,0,1,1,1,0,0,0,0,1,1,1,0,0,0,0
13420,1,2,2,1,1,1,1,1,2,2,1,1,1,1,1,2,2,1,1,1,1
13421,0,0,0,0,0,0,0,0,0,0,0,0,0,0,0,0,0,0,0,0,0
13422,0,0,0,0,0,0,0,0,0,0,0,0,0,0,0,0,0,0,0,0,0
13423,7,7,7,6,6,6,6,7,7,7,6,6,5,5,6,5,5,5,5,4,5
13424,1,1,1,1,0,0,1,1,1,1,1,0,0,1,1,1,1,1,0,0,1
13425,7,7,6,5,5,4,5,6,6,6,5,4,4,4,5,4,4,3,3,3,3
13426,0,0,0,0,0,0,0,0,0,0,0,0,0,0,0,0,0,0,0,0,0
13427,1,1,1,1,1,1,1,1,1,1,1,1,1,1,1,1,1,1,1,1,1
13428,0,0,0,0,0,0,0,0,0,0,0,0,0,0,0,0,0,0,0,0,0
13429,2,2,2,2,2,1,2,2,2,2,2,2,2,2,2,2,2,2,2,2,2
13430,0,0,0,0,0,0,0,0,0,0,0,0,0,0,0,0,0,0,0,0,0
13431,0,0,0,0,0,0,0,0,0,0,0,0,0,0,0,0,0,0,0,0,0
13432,0,0,0,0,0,0,0,0,0,0,0,0,0,0,0,0,0,0,0,0,0
13433,0,0,0,0,0,0,0,0,0,0,0,0,0,0,0,0,0,0,0,0,0
13434,0,0,0,0,0,0,0,0,0,0,0,0,0,0,0,0,0,0,0,0,0
13435,0,0,0,0,0,0,0,0,0,0,0,0,0,0,0,0,0,0,0,0,0
13436,0,0,0,0,0,0,0,0,0,0,0,0,0,0,0,0,0,0,0,0,0
13437,0,0,0,0,0,0,0,0,0,0,0,0,0,0,0,0,0,0,0,0,0
13438,0,0,0,0,0,0,0,0,0,0,0,0,0,0,0,0,0,0,0,0,0
13439,0,0,0,0,0,0,0,0,0,0,0,0,0,0,0,0,0,0,0,0,0
13440,242,284,301,272,245,233,221,242,284,301,272,245,233,221,242,284,301,272,245,233,221
13441,0,0,0,0,0,0,0,0,0,0,0,0,0,0,0,0,0,0,0,0,0
13442,1,1,0,0,0,0,1,1,1,0,0,0,0,1,1,1,0,0,0,0,1
13443,0,0,0,0,0,0,0,0,0,0,0,0,0,0,0,0,0,0,0,0,0
13444,0,0,0,0,0,0,0,0,0,0,0,0,0,0,0,0,0,0,0,0,0
13445,30,34,39,37,31,25,21,26,31,37,36,30,24,21,25,29,36,35,29,23,19
13446,274,288,313,286,268,217,250,288,295,303,279,262,214,237,268,276,306,291,275,230,267
13447,0,0,0,0,0,0,0,0,0,0,0,0,0,0,0,0,0,0,0,0,0
13448,0,0,0,0,0,0,0,0,0,0,0,0,0,0,0,0,0,0,0,0,0
13449,0,0,0,0,0,0,0,0,0,0,0,0,0,0,0,0,0,0,0,0,0
13450,0,0,0,0,0,0,0,0,0,0,0,0,0,0,0,0,0,0,0,0,0
13451,0,0,0,0,0,0,0,0,0,0,0,0,0,0,0,0,0,0,0,0,0
13452,3,2,2,1,1,1,2,2,2,2,1,1,1,2,2,2,2,1,1,1,2
13453,2,2,2,2,2,1,2,2,2,2,2,2,1,2,2,2,2,2,2,1,2
13454,2,2,2,2,1,1,1,2,2,2,2,2,2,2,2,2,3,2,2,2,2
13455,0,1,1,1,1,1,1,1,1,1,1,2,1,2,2,2,2,2,2,2,2
13456,0,0,0,0,0,0,0,0,0,0,0,0,0,0,0,0,0,0,0,0,0
13457,0,0,0,0,0,0,0,0,0,0,0,0,0,0,0,0,0,0,0,0,0
13458,2,3,3,3,3,2,2,2,3,3,3,3,2,2,2,3,3,3,3,2,2
13459,8,10,12,14,12,9,8,8,10,12,14,12,9,8,8,10,12,14,12,9,8
13460,2,3,3,4,4,3,3,2,3,3,4,4,3,3,2,3,3,4,4,3,3
13461,0,0,0,0,0,0,0,0,0,0,0,0,0,0,0,0,0,0,0,0,0
13462,3,4,4,5,5,5,4,3,4,4,5,5,5,4,3,4,4,5,5,5,4
13463,0,0,0,0,0,0,0,0,0,0,0,0,0,0,0,0,0,0,0,0,0
13464,125,138,132,122,109,103,117,142,155,141,128,111,109,118,145,160,156,147,129,128,147
13465,29,32,33,27,23,19,21,26,29,29,24,21,19,21,25,27,29,25,21,18,21
13466,12,13,15,12,10,8,7,12,13,15,12,10,8,7,12,13,15,12,10,8,7
13467,0,0,0,0,0,0,0,0,0,0,0,0,0,0,0,0,0,0,0,0,0
13468,9,8,7,6,5,4,4,5,6,6,5,4,3,4,5,5,5,5,4,3,4
13469,4,5,5,5,5,4,4,5,5,5,5,5,4,4,5,5,5,5,5,4,4
13470,15,16,15,14,12,12,13,15,16,15,15,13,12,13,15,16,15,15,13,13,14
13471,13,13,11,9,8,7,8,10,10,10,9,8,7,8,10,10,9,8,7,7,7
13472,33,34,32,28,26,25,27,33,37,36,34,31,27,28,36,41,41,38,34,34,41
13473,3,3,3,3,2,2,2,2,3,3,3,2,2,2,2,3,3,2,2,2,2
13474,37,38,36,31,28,28,30,35,38,35,32,28,26,27,34,39,39,35,32,33,39
13475,1,2,2,2,1,1,1,2,2,2,2,1,1,1,2,2,2,2,1,1,2
13476,0,0,0,0,0,0,0,0,0,0,0,0,0,0,0,0,0,0,0,0,0
13477,1,1,1,0,0,1,1,1,1,1,0,0,1,1,1,1,1,0,1,1,1
13478,12,13,13,12,11,11,11,13,14,13,12,10,10,11,12,12,12,11,9,9,10
13479,0,0,0,0,0,0,0,0,0,0,0,0,0,0,0,0,0,0,0,0,0
13480,0,0,0,0,0,0,0,0,0,0,0,0,0,0,0,0,0,0,0,0,0
13481,0,0,0,0,0,0,0,0,0,0,0,0,0,0,0,0,0,0,0,0,0
13482,3,3,4,3,3,3,3,4,4,5,4,3,3,3,4,4,4,3,3,3,3
13483,1,2,2,2,1,1,1,2,2,2,2,1,1,1,1,2,2,2,1,1,1
13484,5,6,6,6,5,4,5,6,6,6,6,5,4,5,6,6,6,6,5,4,5
13485,3,3,3,3,3,2,2,3,3,3,3,3,2,2,3,3,3,3,3,2,2
13486,16,16,15,14,12,11,11,13,14,14,13,12,11,12,13,13,14,13,11,11,11
13487,8,8,7,6,5,5,5,6,6,6,5,5,5,5,5,6,5,5,4,4,5
13488,7,6,6,5,5,5,5,5,5,5,5,4,4,5,5,5,5,4,4,4,5
13489,5,4,4,4,4,3,3,4,4,4,3,3,3,3,3,3,3,3,3,2,2
13490,4,3,3,2,2,2,2,2,2,2,2,2,1,1,2,2,2,1,1,1,1
13491,1,1,1,1,1,1,1,1,1,1,1,1,1,1,1,1,1,1,1,1,1
13492,1,1,1,1,1,1,1,1,1,1,1,1,1,1,1,1,1,1,1,1,1
13493,2,3,3,3,3,2,2,3,3,3,3,3,3,3,3,3,3,3,3,3,3
13494,4,6,6,6,5,4,4,4,6,6,6,5,4,4,4,6,6,6,5,4,4
13495,4,4,5,4,4,4,4,5,5,5,4,4,4,4,5,5,5,4,4,4,4
13496,10,9,9,7,6,6,7,8,9,8,7,6,6,6,7,7,7,6,5,4,5
13497,2,2,2,2,2,1,1,2,2,2,2,2,1,1,2,2,2,2,2,1,1
13498,4,3,3,2,2,2,2,3,3,3,2,2,2,2,2,2,2,2,2,2,2
13499,0,0,0,0,0,0,0,0,0,0,0,0,0,0,0,0,0,0,0,0,0
13500,1,1,1,1,1,1,1,1,1,1,1,1,1,1,1,1,1,1,1,1,1
13501,20,22,21,19,16,14,15,17,19,18,17,16,14,15,17,18,17,16,15,13,13
13502,0,0,0,0,0,1,1,0,0,0,0,0,1,1,0,0,0,0,0,1,1
13503,0,0,0,0,0,0,0,0,0,0,0,0,0,0,0,0,0,0,0,0,0
13504,0,0,0,0,0,0,0,0,0,0,0,0,0,0,0,0,0,0,0,0,0
13505,0,0,0,0,0,0,0,0,0,0,0,0,0,0,0,0,0,0,0,0,0
13506,0,0,0,0,0,0,0,0,0,0,0,0,0,0,0,0,0,0,0,0,0
13507,0,0,0,0,0,0,0,0,0,0,0,0,0,0,0,0,0,0,0,0,0
13508,5,6,5,5,4,3,4,4,5,5,4,4,3,3,4,5,5,4,4,3,4
13509,13,12,10,9,9,9,11,11,11,9,8,8,8,10,10,10,9,8,7,8,9
13510,0,1,0,0,0,0,1,0,1,0,0,0,0,1,0,1,0,0,0,0,1
13511,0,1,1,1,0,0,0,0,1,1,1,0,0,0,0,1,1,1,0,0,0
13512,0,0,0,0,0,0,0,0,0,0,0,0,0,0,0,0,0,0,0,0,0
13513,0,0,0,0,0,0,0,0,0,0,0,0,0,0,0,0,0,0,0,0,0
13514,0,0,0,0,0,0,0,0,0,0,0,0,0,0,0,0,0,0,0,0,0
13515,0,0,0,0,0,0,0,0,0,0,0,0,0,0,0,0,0,0,0,0,0
13516,1,2,2,1,1,2,1,1,2,2,1,1,2,1,1,2,2,1,1,2,1
13517,0,0,0,0,0,0,0,0,0,0,0,0,0,0,0,0,0,0,0,0,0
13518,0,0,0,1,1,1,1,0,0,0,1,1,1,1,0,0,0,1,1,1,1
13519,2,3,3,3,2,2,2,2,3,3,3,2,2,2,2,3,3,3,2,2,2
13520,1,1,1,0,0,0,0,1,1,0,0,0,0,0,1,0,0,0,0,0,0
13521,45,48,48,41,39,36,38,45,48,48,41,39,36,38,45,48,48,41,39,36,38
13522,0,0,0,0,0,0,0,0,0,0,0,0,0,0,0,0,0,0,0,0,0
13523,0,0,0,0,0,0,0,0,0,0,0,0,0,0,0,0,0,0,0,0,0
13524,0,0,0,0,0,0,0,0,0,0,0,0,0,0,0,0,0,0,0,0,0
13525,0,0,0,0,0,0,0,0,0,0,0,0,0,0,0,0,0,0,0,0,0
13526,0,0,0,0,0,0,0,0,0,0,0,0,0,0,0,0,0,0,0,0,0
13527,0,0,0,0,0,0,0,0,0,0,0,0,0,0,0,0,0,0,1,1,1
13528,0,0,0,0,0,0,0,0,0,0,0,0,0,0,0,0,0,0,0,0,0
13529,1,1,1,1,1,1,1,1,2,2,1,1,1,1,2,2,2,1,1,1,1
13530,1,1,1,1,1,1,1,1,1,1,1,1,1,1,1,1,1,1,1,1,1
13531,0,0,0,0,0,0,0,0,0,0,0,0,0,0,0,0,0,0,0,0,0
13532,0,0,0,0,0,0,0,0,0,0,0,0,0,0,0,0,0,0,0,0,0
13533,0,0,0,0,0,0,0,0,0,0,0,0,0,0,0,0,0,0,0,0,0
13534,7,8,8,8,8,6,6,7,8,8,8,7,6,6,6,7,8,8,7,6,6
13535,0,0,0,0,0,0,0,0,0,0,0,0,0,0,0,0,0,0,0,0,0
13536,0,0,0,0,0,0,0,0,0,0,0,0,0,0,0,0,0,0,0,0,0
13537,0,0,0,0,0,0,0,0,0,0,0,0,0,0,0,0,0,0,0,0,0
13538,43,53,55,52,46,40,41,47,54,52,49,44,39,40,42,45,46,44,38,34,38
13539,6,6,6,5,5,4,5,5,5,5,4,3,3,4,4,4,4,3,3,3,4
13540,0,0,0,0,0,0,0,0,0,0,0,0,0,0,0,0,0,0,0,0,0
13541,4,3,3,4,4,4,4,4,3,3,4,4,4,4,4,3,3,4,4,4,4
13542,9,9,8,7,7,6,6,7,7,8,7,7,6,6,6,7,7,7,6,6,5
13543,0,0,0,0,0,0,0,0,0,0,0,0,0,0,0,0,0,0,0,0,0
13544,0,0,0,0,0,0,0,0,0,0,0,0,0,0,0,0,0,0,0,0,0
13545,0,0,0,0,0,0,0,0,0,0,0,0,0,0,0,0,0,0,0,0,0
13546,1,1,2,2,1,1,1,1,1,2,2,1,1,1,1,1,2,2,1,1,1
13547,5,5,6,6,6,5,4,5,5,7,6,6,5,4,5,5,7,6,6,5,4
13548,2,2,1,1,1,1,1,1,1,1,1,1,1,1,1,1,1,1,1,1,1
13549,0,0,0,0,0,0,0,0,0,0,0,0,0,0,0,0,0,0,0,0,0
13550,1,1,1,1,1,1,1,2,2,2,1,1,1,1,1,2,1,1,1,1,1
13551,1,1,1,1,1,1,1,1,1,1,1,1,1,1,1,1,1,1,1,1,1
13552,0,0,0,0,0,0,1,0,0,0,0,0,0,1,0,0,0,0,0,0,1
13553,14,15,18,16,14,12,12,15,16,18,16,13,11,10,12,12,13,11,9,7,7
13554,9,9,8,7,6,6,7,8,8,7,7,6,5,7,7,8,7,6,6,5,7
13555,6,6,6,6,6,5,5,6,6,6,6,6,5,5,6,6,6,6,6,5,5
13556,0,0,0,0,0,0,0,0,0,0,0,0,0,0,0,0,0,0,0,0,0
13557,0,0,0,0,0,0,0,0,0,0,0,0,0,0,0,0,0,0,0,0,0
13558,0,0,0,0,0,0,0,0,0,0,0,0,0,0,0,0,0,0,0,0,0
13559,0,0,0,0,0,0,0,0,0,0,0,0,0,0,0,0,0,0,0,0,0
13560,0,0,0,0,0,0,0,0,0,0,0,0,0,0,0,0,0,0,0,0,0
13561,0,1,0,0,0,0,1,0,1,0,0,0,0,1,0,0,0,0,0,0,1
13562,0,1,1,1,1,0,0,1,1,1,1,1,0,0,1,1,1,1,1,0,0
13563,2,2,2,2,2,1,1,2,2,2,2,2,1,1,2,2,2,2,2,1,1
13564,0,0,0,0,0,0,0,0,0,0,0,0,0,0,0,0,0,0,0,0,0
13565,1,1,2,2,2,1,1,1,1,2,2,2,1,1,1,1,2,2,2,1,1
13566,3,3,4,4,4,3,3,3,3,4,4,3,3,3,3,3,4,4,4,3,3
13567,1,1,1,1,1,1,1,1,1,1,1,1,1,1,1,1,1,1,1,1,1
13568,1,1,1,1,0,1,1,1,1,1,1,0,1,1,1,1,1,1,0,1,1
13569,0,0,0,0,0,0,0,0,0,0,0,0,0,0,0,0,0,0,0,0,0
13570,1,1,1,1,1,1,1,1,1,1,1,1,1,1,1,1,1,1,1,1,1
13571,0,0,0,0,0,0,0,0,0,0,0,0,0,0,0,0,0,0,0,0,0
13572,2,2,2,1,1,1,2,2,2,2,1,1,1,2,2,2,2,1,1,1,2
13573,0,0,0,0,0,0,0,0,0,0,0,0,0,0,0,0,0,0,0,0,0
13574,1,1,1,0,0,0,1,1,1,1,0,0,0,1,1,1,1,0,0,0,1
13575,0,0,0,0,0,0,0,0,0,0,0,0,0,0,0,0,0,0,0,0,0
13576,9,8,7,7,6,6,6,8,8,8,7,6,6,6,7,7,6,5,4,4,4
13577,1,2,2,1,1,1,1,1,2,2,1,1,1,1,1,2,2,2,1,1,1
13578,2,3,3,2,1,2,2,2,3,3,2,1,2,2,2,3,3,2,1,2,2
13579,5,6,6,5,4,3,4,5,5,6,5,4,3,4,4,5,5,4,3,3,3
13580,1,1,1,1,1,1,1,1,1,1,1,1,1,1,1,1,1,1,1,1,1
13581,0,0,0,0,0,0,0,0,0,0,0,0,0,0,0,0,0,0,0,0,0
13582,2,3,3,2,2,2,2,2,3,3,2,2,2,2,2,3,3,2,2,2,2
13583,0,0,0,0,0,0,0,0,0,0,0,0,0,0,1,1,1,1,1,1,1
13584,1,1,1,1,1,1,1,1,1,1,1,1,1,1,1,1,1,1,1,1,1
13585,2,2,1,1,1,1,2,2,2,1,1,1,1,1,2,2,1,1,1,1,2
13586,0,0,0,0,0,0,0,0,0,0,0,0,0,0,0,0,0,0,0,0,0
13587,0,0,0,0,0,0,0,0,0,0,0,0,0,0,0,0,0,0,0,0,0
13588,0,0,0,0,0,0,0,0,0,0,0,0,0,0,0,0,0,0,0,0,0
13589,4,4,4,4,3,3,4,4,4,4,4,3,3,4,4,4,4,4,3,3,4
13590,8,8,7,7,6,6,6,8,8,7,7,6,6,6,8,8,7,7,6,6,6
13591,3,2,2,2,2,2,2,2,2,2,1,2,2,2,2,2,1,1,2,2,2
13592,4,4,4,3,3,3,3,4,4,4,3,3,3,3,4,4,4,3,3,3,3
13593,0,0,0,0,0,0,0,0,0,0,0,0,0,0,0,0,0,0,0,0,0
13594,1,1,1,1,1,1,1,1,1,1,1,1,1,1,1,1,1,1,1,1,1
13595,1,1,1,1,1,1,1,1,1,1,1,1,1,1,1,1,1,1,1,1,1
13596,1,1,0,0,0,1,1,1,0,0,0,0,0,0,1,0,0,0,0,0,0
13597,0,0,0,0,0,0,0,0,0,0,0,0,0,0,1,1,1,1,1,1,1
13598,4,4,3,3,2,2,2,4,4,3,3,2,2,2,4,4,3,3,3,2,2
13599,3,3,3,2,2,2,2,3,3,3,2,2,2,2,3,3,3,2,2,2,2
13600,1,1,1,1,1,1,1,1,1,1,1,1,1,1,1,1,1,1,1,1,1
13601,0,0,0,0,0,0,0,0,0,0,0,0,0,0,0,0,0,0,0,0,0
13602,0,0,0,0,0,0,0,0,0,0,0,0,0,0,0,0,0,0,0,0,0
13603,1,1,1,1,1,1,1,1,1,1,1,1,1,1,1,1,1,1,1,1,1
13604,1,2,1,1,1,1,1,1,2,1,1,1,1,1,1,2,1,1,1,1,1
13605,0,0,0,0,0,0,0,0,0,0,0,0,0,0,0,0,0,0,0,0,0
13606,0,0,0,0,0,0,0,0,0,0,0,0,0,0,0,0,0,0,0,0,0
13607,12,12,13,12,11,11,11,13,13,13,13,11,11,10,12,12,12,12,10,10,10
13608,0,1,1,0,0,0,0,1,1,1,0,0,0,0,1,1,1,0,0,0,0
13609,1,1,1,1,1,1,1,1,1,2,1,1,1,1,1,1,2,1,1,1,1
13610,0,0,0,0,0,0,0,0,0,0,0,0,0,0,0,0,0,0,0,0,0
13611,9,9,8,7,6,6,7,9,9,8,7,6,6,7,9,9,8,7,6,6,7
13612,0,0,0,0,0,0,0,0,0,0,0,0,0,0,0,0,0,0,0,0,0
13613,1,1,0,0,1,0,1,1,1,1,1,1,1,1,1,1,1,1,1,1,1
13614,0,0,0,0,0,0,0,0,0,0,0,0,0,0,0,0,0,0,0,0,0
13615,1,1,1,1,1,1,1,2,2,2,2,2,2,2,2,2,2,2,2,2,2
13616,4,3,3,3,3,3,3,3,3,3,3,3,3,3,3,3,3,3,3,3,3
13617,0,0,0,0,0,0,0,0,0,0,0,0,0,0,0,0,0,0,0,0,0
13618,0,0,0,0,0,0,0,0,0,0,0,0,0,0,0,0,0,0,0,0,0
13619,0,0,0,0,0,0,0,0,0,0,0,0,0,0,0,0,0,0,0,0,0
13620,0,0,0,0,0,0,0,0,0,0,0,0,0,0,0,0,0,0,0,0,0
13621,0,0,0,0,0,0,0,0,0,0,0,0,0,0,0,0,0,0,0,0,0
13622,0,0,0,0,0,0,0,0,0,0,0,0,0,0,0,0,0,0,0,0,0
13623,0,0,0,0,0,0,0,0,0,0,0,0,0,0,0,0,0,0,0,0,0
13624,0,0,0,0,0,0,0,0,0,0,0,0,0,0,0,0,0,0,0,0,0
13625,0,0,0,0,0,0,0,0,0,0,0,0,0,0,0,0,0,0,0,0,0
13626,0,0,0,0,0,0,0,0,0,0,0,0,0,0,0,0,0,0,0,0,0
13627,0,0,0,0,0,0,0,0,0,0,0,0,0,0,0,0,0,0,0,0,0
13628,0,0,0,0,0,0,0,0,0,0,0,0,0,0,0,0,0,0,0,0,0
13629,0,0,0,0,0,0,0,0,0,0,0,0,0,0,0,0,0,0,0,0,0
13630,0,0,0,0,0,0,0,0,0,0,0,0,0,0,0,0,0,0,0,0,0
13631,0,0,0,0,0,0,0,0,0,0,0,0,0,0,0,0,0,0,0,0,0
13632,0,0,0,0,0,0,0,0,0,0,0,0,0,0,0,0,0,0,0,0,0
13633,0,0,0,0,0,0,0,0,0,0,0,0,0,0,0,0,0,0,0,0,0
13634,0,0,0,0,0,0,0,0,0,0,0,0,0,0,0,0,0,0,0,0,0
13635,0,0,0,0,0,0,0,0,0,0,0,0,0,0,0,0,0,0,0,0,0
13636,0,0,0,0,0,0,0,0,0,0,0,0,0,0,0,0,0,0,0,0,0
13637,0,0,0,0,0,0,0,0,0,0,0,0,0,0,0,0,0,0,0,0,0
13638,0,0,0,0,0,0,0,0,0,0,0,0,0,0,0,0,0,0,0,0,0
13639,0,0,0,0,0,0,0,0,0,0,0,0,0,0,0,0,0,0,0,0,0
13640,0,0,0,0,0,0,0,0,0,0,0,0,0,0,0,0,0,0,0,0,0
13641,0,0,0,0,0,0,0,0,0,0,0,0,0,0,0,0,0,0,0,0,0
13642,0,0,0,0,0,0,0,0,0,0,0,0,0,0,0,0,0,0,0,0,0
13643,0,0,0,0,0,0,0,0,0,0,0,0,0,0,0,0,0,0,0,0,0
13644,4,4,4,4,3,3,3,4,4,4,4,3,3,3,4,4,3,3,3,3,3
13645,0,0,0,0,0,0,0,0,0,0,0,0,0,0,0,0,0,0,0,0,0
13646,0,0,0,0,0,0,0,0,0,0,0,0,0,0,0,0,0,0,0,0,0
13647,0,0,0,0,0,0,0,0,0,0,0,0,0,0,0,0,0,0,0,0,0
13648,0,0,0,0,0,0,0,0,0,0,0,0,0,0,0,0,0,0,0,0,0
13649,0,0,0,0,0,0,0,0,0,0,0,0,0,0,0,0,0,0,0,0,0
13650,2,3,3,3,3,3,2,2,3,3,3,3,3,2,2,3,3,3,3,3,2
13651,0,0,0,0,0,0,0,0,0,0,0,0,0,0,0,0,0,0,0,0,0
13652,33,30,30,26,24,23,29,36,39,35,31,27,26,31,35,37,35,32,28,28,31
13653,0,0,0,0,0,0,0,0,0,0,0,0,0,0,0,0,0,0,0,0,0
13654,0,0,0,0,0,0,0,0,0,0,0,0,0,0,0,0,0,0,0,0,0
13655,2,2,2,2,2,2,2,2,2,2,2,2,2,2,2,2,2,2,2,2,2
13656,1,2,1,1,1,1,1,1,2,1,1,1,1,1,1,2,1,1,1,1,1
13657,4,4,3,2,2,2,2,2,2,2,2,2,2,2,2,3,2,2,2,2,2
13658,0,0,0,0,0,0,0,0,0,0,0,0,0,0,0,0,0,0,0,0,0
13659,0,0,0,0,0,0,0,0,0,0,0,0,0,0,0,0,0,0,0,0,0
13660,7,8,7,6,6,5,5,6,6,7,6,5,5,5,5,6,7,6,5,5,5
13661,1,1,1,1,0,1,1,1,1,1,1,0,1,1,1,1,1,1,0,1,1
13662,0,0,0,0,0,0,0,0,0,0,0,0,0,0,0,0,0,0,0,0,0
13663,0,0,0,0,0,0,0,0,0,0,0,0,0,0,0,0,0,0,0,0,0
13664,0,0,0,0,0,0,0,0,0,0,0,0,0,0,0,0,0,0,0,0,0
13665,0,0,0,0,0,0,0,0,0,0,0,0,0,0,0,0,0,0,0,0,0
13666,13,17,17,17,13,11,9,11,15,16,16,13,11,9,12,15,17,16,13,11,10
13667,6,7,9,10,9,7,6,7,7,9,10,9,7,6,7,7,9,10,9,7,6
13668,0,0,0,0,0,0,0,0,0,0,0,0,0,0,0,0,0,0,0,0,0
13669,8,12,15,17,17,8,6,8,12,15,17,17,8,6,8,12,15,17,17,8,6
13670,0,0,0,0,0,0,0,0,0,0,0,0,0,0,0,0,0,0,0,0,0
13671,0,0,0,0,0,0,0,0,0,0,0,0,0,0,0,0,0,0,0,0,0
13672,1,1,2,2,2,1,1,1,1,2,2,2,1,1,1,1,2,2,2,1,1
13673,18,21,22,21,16,13,15,18,21,22,21,16,13,15,18,21,22,21,16,13,15
13674,0,0,0,0,0,0,1,0,0,0,0,0,0,1,0,0,0,0,0,0,1
13675,1,1,1,1,1,1,1,1,1,1,1,1,1,1,1,1,1,1,1,1,1
13676,0,0,0,0,0,0,0,0,0,0,0,0,0,0,0,0,0,0,0,0,0
13677,0,0,0,0,0,0,0,0,0,0,0,0,0,0,0,0,0,0,0,0,0
13678,1,0,0,0,0,1,1,1,0,0,0,0,1,1,1,0,0,0,0,1,1
13679,2,2,1,1,1,1,1,1,1,1,1,1,1,1,1,1,1,1,1,1,1
13680,0,0,0,0,0,0,0,0,0,0,0,0,0,0,0,0,0,0,0,0,0
13681,0,0,0,0,0,0,0,0,0,0,0,0,0,0,0,0,0,0,0,0,0
13682,0,0,0,0,0,0,0,0,0,0,0,0,0,0,0,0,0,0,0,0,0
13683,0,0,0,0,0,0,0,0,0,0,0,0,0,0,0,0,0,0,0,0,0
13684,1,1,1,1,1,1,1,1,1,1,1,1,1,1,1,1,1,1,1,1,1
13685,2,2,2,2,2,2,2,2,2,2,2,2,2,2,2,2,2,2,2,2,2
13686,0,0,0,0,0,0,0,0,0,0,0,0,0,0,0,0,0,0,0,0,0
13687,7,7,6,6,5,5,5,5,6,6,6,5,5,5,5,6,6,5,5,5,5
13688,0,0,0,0,0,0,0,0,0,0,0,0,0,0,0,0,0,0,0,0,0
13689,0,0,0,0,0,0,0,0,0,0,0,0,0,0,0,0,0,0,0,0,0
13690,4,4,4,4,3,4,4,4,4,4,4,4,4,4,4,4,4,3,3,3,3
13691,0,0,0,0,0,0,0,0,0,0,0,0,0,0,0,0,0,0,0,0,0
13692,0,0,0,0,0,0,0,0,0,0,0,0,0,0,0,0,0,0,0,0,0
13693,4,6,7,6,6,5,4,5,6,7,6,6,5,4,5,7,7,6,6,5,4
13694,0,0,0,0,0,0,0,0,0,0,0,0,0,0,0,0,0,0,0,0,0
13695,1,1,1,1,1,1,1,1,1,1,1,1,1,1,1,1,1,1,1,1,1
13696,0,0,0,0,0,0,0,0,0,0,0,0,0,0,0,0,0,0,0,0,0
13697,0,0,0,0,0,0,0,0,0,0,0,0,0,0,0,0,0,0,0,0,0
13698,1,1,1,1,1,1,0,1,1,1,1,1,1,0,1,1,1,1,1,1,0
13699,5,5,6,7,6,5,4,5,5,6,7,6,5,4,5,5,6,7,6,5,4
13700,0,0,0,0,0,0,0,0,0,0,0,0,0,0,0,0,0,0,0,0,0
13701,3,3,4,4,4,3,2,3,3,4,4,4,3,2,3,3,4,4,4,3,2
13702,1,1,1,1,1,1,1,1,1,1,1,1,1,1,1,1,1,1,1,1,1
13703,0,0,0,0,0,0,0,0,0,0,0,0,0,0,0,0,0,0,0,0,0
13704,0,0,0,0,0,0,0,0,0,0,0,0,0,0,0,0,0,0,0,0,0
13705,0,0,0,0,0,0,0,0,0,0,0,0,0,0,0,0,0,0,0,0,0
13706,0,0,0,0,0,0,0,0,0,0,0,0,0,0,0,0,0,0,0,0,0
13707,0,0,0,0,0,0,0,0,0,0,0,0,0,0,0,0,0,0,0,0,0
13708,0,0,0,0,0,0,0,0,0,0,0,0,0,0,0,0,0,0,0,0,0
13709,1,1,1,1,1,1,1,1,1,1,1,1,1,1,1,1,1,1,1,1,1
13710,1,1,1,1,1,1,1,1,1,1,1,1,1,1,1,1,1,1,1,1,1
13711,42,50,50,43,37,33,35,45,51,49,43,36,33,35,42,44,43,38,31,29,31
13712,0,0,0,0,0,0,0,0,0,0,0,0,0,0,0,0,0,0,0,0,0
13713,0,0,0,0,0,0,0,0,0,0,0,0,0,0,0,0,0,0,0,0,0
13714,0,0,0,0,0,0,0,0,0,0,0,0,0,0,0,0,0,0,0,0,0
13715,18,18,18,17,15,14,13,15,17,18,16,14,13,11,13,14,15,14,13,11,10
13716,32,38,46,46,40,32,30,33,39,47,48,42,33,31,33,37,45,46,39,31,29
13717,1,1,1,1,1,1,1,1,1,1,1,1,1,1,1,1,1,1,1,1,1
13718,56,59,62,57,51,46,48,57,66,67,62,55,50,53,60,65,67,60,50,46,49
13719,0,0,0,0,0,0,0,0,0,0,0,0,0,0,0,0,0,0,0,0,0
13720,32,39,41,38,29,24,25,33,42,41,38,29,25,25,31,36,35,34,26,21,22
13721,9,9,9,8,7,6,6,7,8,9,8,6,5,5,7,8,8,8,6,5,5
13722,0,0,0,0,0,0,0,0,0,0,0,0,0,0,0,0,0,0,0,0,0
13723,1,1,1,1,1,1,1,1,1,1,1,1,1,1,1,1,1,1,1,1,1
13724,43,52,55,49,42,40,39,43,52,55,49,42,40,39,43,52,55,49,42,40,39
13725,0,0,0,0,0,0,0,0,0,0,0,0,0,0,0,0,0,0,0,0,0
13726,6,8,9,8,6,5,5,6,7,8,8,6,5,5,6,7,8,8,6,5,4
13727,0,0,0,1,0,0,0,0,0,0,1,0,0,0,0,0,0,0,0,0,0
13728,11,11,11,10,8,7,6,8,9,9,8,7,5,5,7,8,8,8,7,5,5
13729,11,12,12,11,9,8,8,10,11,12,10,9,8,8,10,10,11,10,9,8,8
13730,15,15,12,11,10,9,10,12,13,11,10,9,9,9,11,12,10,10,9,9,9
13731,1,1,1,1,1,1,1,1,1,1,1,1,1,1,1,1,1,1,1,1,1
13732,19,23,20,16,13,11,11,13,16,15,13,10,9,9,12,15,14,13,11,10,10
13733,2,3,2,2,2,1,1,2,2,2,2,2,1,1,2,2,2,2,2,2,2
13734,0,0,0,0,0,0,0,0,0,0,0,0,0,0,0,0,0,0,0,0,0
13735,0,0,0,0,0,0,0,0,0,0,0,0,0,0,0,0,0,0,0,0,0
13736,0,0,0,0,0,0,0,0,0,0,0,0,0,0,0,0,0,0,0,0,0
13737,15,27,31,27,18,7,5,15,27,31,27,18,7,5,15,27,31,27,18,7,5
13738,4,3,2,2,2,2,2,2,2,2,1,1,1,1,1,1,1,1,1,1,1
13739,0,0,0,0,0,0,0,0,0,0,0,0,0,0,0,0,0,0,0,0,0
13740,0,0,0,0,0,0,0,0,0,0,0,0,0,0,0,0,0,0,0,0,0
13741,0,0,0,0,0,0,0,0,0,0,0,0,0,0,0,0,0,0,0,0,0
13742,0,0,0,0,0,0,0,0,0,0,0,0,0,0,0,0,0,0,0,0,0
13743,0,0,0,0,0,0,0,0,0,0,0,0,0,0,0,0,0,0,0,0,0
13744,0,0,0,0,0,0,0,0,0,0,0,0,0,0,0,0,0,0,0,0,0
13745,0,0,0,0,0,0,0,0,0,0,0,0,0,0,0,0,0,0,0,0,0
13746,0,0,0,0,0,0,0,0,0,0,0,0,0,0,0,0,0,0,0,0,0
13747,0,0,0,0,0,0,0,0,0,0,0,0,0,0,0,0,0,0,0,0,0
13748,0,0,0,0,0,0,0,0,0,0,0,0,0,0,0,0,0,0,0,0,0
13749,0,0,0,0,0,0,0,0,0,0,0,0,0,0,0,0,0,0,0,0,0
13750,0,0,0,0,0,0,0,0,0,0,0,0,0,0,0,0,0,0,0,0,0
13751,0,0,0,0,0,0,0,0,0,0,0,0,0,0,0,0,0,0,0,0,0
13752,0,1,1,1,1,1,1,1,1,1,1,1,1,1,1,1,1,1,1,1,1
13753,1,1,2,1,1,1,1,1,1,2,1,1,1,1,1,1,2,1,1,1,1
13754,0,0,0,0,0,0,0,0,0,0,0,0,0,0,0,0,0,0,0,0,0
13755,2,2,2,2,1,1,1,2,2,2,1,1,1,1,1,1,1,1,1,1,1
13756,0,0,0,0,0,0,0,0,0,0,0,0,0,0,0,0,0,0,0,0,0
13757,0,0,1,0,0,0,0,0,0,1,0,0,0,0,0,0,1,0,0,0,0
13758,0,0,0,0,0,0,0,0,0,0,0,0,0,0,0,0,0,0,0,0,0
13759,0,0,0,0,0,0,0,0,0,0,0,0,0,0,0,0,0,0,0,0,0
13760,4,4,4,4,4,3,3,4,4,3,3,2,2,2,2,2,2,1,1,1,1
13761,0,0,0,0,0,0,0,0,0,0,0,0,0,0,0,0,0,0,0,0,0
13762,0,0,0,0,0,0,0,0,0,0,0,0,0,0,0,0,0,0,0,0,0
13763,14,15,14,13,11,10,11,12,13,12,11,10,9,11,11,12,11,11,10,9,11
13764,18,20,20,18,15,14,13,18,20,20,18,15,14,13,18,20,20,18,15,14,13
13765,8,8,7,8,7,6,6,8,8,7,8,7,6,6,8,8,7,8,7,6,6
13766,4,5,4,4,3,3,3,4,4,4,4,3,3,4,4,4,4,4,3,3,4
13767,0,0,0,0,0,0,0,0,0,0,0,0,0,0,0,0,0,0,0,0,0
13768,0,1,1,0,0,0,0,0,1,1,0,0,0,0,0,1,1,0,0,0,0
13769,1,1,1,1,1,1,1,1,1,1,1,1,1,1,1,1,1,1,1,1,1
13770,0,0,0,0,0,0,0,0,0,0,0,0,0,0,0,0,0,0,0,0,0
13771,0,0,0,0,0,0,0,0,0,0,0,0,0,0,0,0,0,0,0,0,0
13772,0,0,0,0,0,0,0,0,0,0,0,0,0,0,0,0,0,0,0,0,0
13773,65,66,65,59,53,50,53,61,65,65,61,55,50,52,61,65,65,61,55,53,58
13774,0,0,0,0,0,0,0,0,0,0,0,0,0,0,0,0,0,0,0,0,0
13775,0,0,0,0,0,0,0,0,0,0,0,0,0,0,0,0,0,0,0,0,0
13776,1,1,1,1,1,1,1,1,1,1,1,1,1,1,1,1,1,1,1,1,1
13777,0,0,0,0,0,0,0,0,0,0,0,0,0,0,0,0,0,0,0,0,0
13778,2,2,3,2,3,2,2,2,2,3,2,3,2,2,2,2,3,2,3,2,2
13779,6,7,7,7,6,5,5,6,7,7,7,6,5,5,6,7,7,7,6,5,5
13780,8,8,8,7,6,6,6,7,7,7,6,6,5,5,6,6,6,6,5,5,5
13781,8,9,12,10,9,5,6,7,9,11,10,9,5,5,7,9,11,10,9,5,5
13782,42,44,45,40,34,29,29,35,37,39,36,33,29,29,32,32,33,30,26,23,23
13783,20,23,26,25,21,15,15,18,22,24,24,20,13,13,16,19,22,21,18,12,12
13784,2,2,2,2,2,1,2,2,2,2,2,2,1,1,2,2,2,2,2,1,2
13785,10,11,12,11,10,9,9,10,10,11,11,10,9,9,10,10,11,11,10,9,9
13786,2,1,1,1,1,1,1,1,1,1,1,1,0,0,1,1,1,1,0,0,0
13787,3,3,3,2,2,2,2,2,3,2,2,2,2,2,2,3,3,2,2,2,2
13788,2,2,2,2,2,2,2,2,2,3,2,2,2,2,2,2,3,2,2,2,2
13789,4,5,7,8,6,3,3,4,6,8,8,6,3,3,4,5,7,8,6,3,3
13790,5,7,12,11,10,6,5,6,7,12,11,10,6,5,6,7,12,11,10,6,5
13791,1,1,2,1,1,1,1,2,2,2,2,2,2,2,2,3,3,2,2,2,2
13792,1,1,1,1,1,1,1,1,1,1,1,1,1,1,1,1,1,1,1,1,1
13793,2,2,2,2,2,1,1,2,2,2,2,1,1,1,2,2,2,2,1,1,1
13794,4,4,6,6,6,4,4,4,4,6,6,6,3,3,4,4,6,6,6,3,4
13795,3,3,3,3,2,2,2,3,3,3,3,2,2,2,3,3,3,3,2,2,2
13796,18,22,27,27,23,17,18,23,27,30,30,25,19,20,23,26,29,27,22,16,17
13797,3,3,4,4,4,3,3,3,3,4,4,4,3,3,3,3,4,4,4,3,3
13798,0,0,0,0,0,0,0,0,0,0,0,0,0,0,1,1,1,0,0,0,1
13799,1,2,1,1,1,1,2,2,2,2,1,2,2,2,2,2,2,1,1,2,2
13800,2,3,3,3,3,3,3,3,3,3,3,3,3,3,4,4,3,3,3,3,3
13801,0,0,0,0,0,0,0,0,0,0,0,0,0,0,0,0,0,0,0,0,0
13802,2,2,3,3,3,2,2,2,2,3,3,3,2,2,2,2,3,3,3,2,2
13803,1,1,1,1,1,1,1,1,1,1,1,1,1,1,1,1,1,1,1,1,1
13804,4,4,4,4,3,3,3,3,3,4,4,3,3,3,3,3,3,3,3,2,2
13805,0,0,0,0,0,0,0,0,0,0,0,0,0,0,0,0,0,0,0,0,0
13806,0,0,0,0,0,0,0,0,0,0,0,0,0,0,0,0,0,0,0,0,0
13807,0,0,0,0,0,0,0,0,0,0,0,0,0,0,0,0,0,0,0,0,0
13808,1,1,1,1,0,0,0,1,1,1,1,0,0,0,1,1,1,1,0,0,0
13809,0,0,0,0,0,0,0,0,0,0,0,0,0,0,0,0,0,0,0,0,0
13810,0,0,0,0,0,0,0,0,0,0,0,0,0,0,0,0,0,0,0,0,0
13811,0,0,0,0,0,0,0,0,0,0,0,0,0,0,0,0,0,0,0,0,0
13812,0,0,0,0,0,0,0,0,0,0,0,0,0,0,0,0,0,0,0,0,0
13813,0,0,0,0,0,0,0,0,0,0,0,0,0,0,0,0,0,0,0,0,0
13814,0,0,0,0,0,0,0,0,0,0,0,0,0,0,0,0,0,0,0,0,0
13815,0,0,0,0,0,0,0,0,0,0,0,0,0,0,0,0,0,0,0,0,0
13816,0,0,0,0,0,0,0,0,0,0,0,0,0,0,0,0,0,0,0,0,0
13817,0,0,0,0,0,0,0,0,0,0,0,0,0,0,0,0,0,0,0,0,0
13818,0,0,0,0,0,0,0,0,0,0,0,0,0,0,0,0,0,0,0,0,0
13819,0,0,0,0,0,0,0,0,0,0,0,0,0,0,0,0,0,0,0,0,0
13820,0,0,0,0,0,0,0,0,0,0,0,0,0,0,0,0,0,0,0,0,0
13821,0,0,0,0,0,0,0,0,0,0,0,0,0,0,0,0,0,0,0,0,0
13822,0,0,0,0,0,0,0,0,0,0,0,0,0,0,0,0,0,0,0,0,0
13823,2,2,2,2,2,2,2,2,2,2,2,2,2,2,2,2,2,2,2,2,2
13824,0,0,0,0,0,0,0,0,0,0,0,0,0,0,0,0,0,0,0,0,0
13825,0,0,0,0,0,0,0,0,0,0,0,0,0,0,0,0,0,0,0,0,0
13826,0,0,0,0,0,0,0,0,0,0,0,0,0,0,0,0,0,0,0,0,0
13827,0,0,0,0,0,0,0,0,0,0,0,0,0,0,0,0,0,0,0,0,0
13828,1,1,1,1,1,1,1,1,1,1,1,1,1,1,1,1,1,1,1,1,1
13829,0,0,0,0,0,0,0,0,0,0,0,0,0,0,0,0,0,0,0,0,0
13830,0,0,0,0,0,0,0,0,0,0,0,0,0,0,0,0,0,0,0,0,0
13831,1,0,0,0,0,1,1,1,0,0,0,0,1,1,1,0,0,0,0,1,1
13832,1,1,1,1,1,1,1,1,1,1,1,1,1,1,1,1,1,1,1,1,1
13833,45,39,34,26,23,27,31,34,33,37,31,29,35,40,43,38,41,33,25,26,27
13834,0,0,0,0,0,0,0,0,0,0,0,0,0,0,0,0,0,0,0,0,0
13835,0,0,0,0,0,0,0,0,0,0,0,0,0,0,0,0,0,0,0,0,0
13836,2,2,2,2,2,2,2,2,2,2,2,2,2,2,2,2,2,2,2,2,2
13837,2,2,2,2,2,2,2,2,2,2,2,2,2,2,2,2,2,2,2,2,2
13838,7,5,4,5,4,3,8,7,5,4,5,4,3,8,7,5,4,5,4,3,8
13839,10,11,14,16,8,12,18,10,11,14,16,8,12,18,10,11,14,16,8,12,18
13840,23,24,20,15,14,14,15,18,23,26,23,22,19,19,27,37,41,37,34,35,41
13841,8,8,12,14,13,14,16,18,19,19,20,17,16,18,20,19,19,18,16,16,19
13842,3,2,2,2,0,0,2,3,2,2,2,0,0,2,3,2,2,2,0,0,2
13843,3,7,10,10,7,4,4,3,7,10,10,7,4,4,3,7,10,10,7,4,4
13844,1,1,1,1,1,1,1,1,1,1,1,1,1,1,1,1,1,1,1,1,1
13845,0,0,0,0,0,0,0,0,0,0,0,0,0,0,0,0,0,0,0,0,0
13846,67,74,72,64,56,42,44,64,73,70,65,57,43,44,65,73,72,66,58,45,46
13847,28,38,32,30,32,31,31,28,38,32,30,32,31,31,28,38,32,30,32,31,31
13848,189,198,197,164,160,154,182,210,234,238,192,181,177,217,265,301,330,282,258,246,283
13849,18,20,14,20,10,12,16,18,20,14,20,10,12,16,18,20,14,20,10,12,16
13850,12,22,12,9,8,12,9,12,22,12,9,8,12,9,12,22,12,9,8,12,9
13851,0,0,0,0,0,0,0,0,0,0,0,0,0,0,0,0,0,0,0,0,0
13852,1,2,2,2,2,2,3,4,4,4,4,3,2,3,3,3,3,3,2,2,3
13853,56,72,62,45,29,39,50,56,72,62,46,29,39,50,56,72,62,46,29,39,50
13854,185,172,140,113,92,84,88,101,105,92,77,68,76,89,102,100,98,91,82,79,83
13855,1,1,1,1,1,0,1,1,1,1,1,1,0,1,1,1,1,1,1,0,1
13856,268,259,241,218,211,196,241,276,274,249,211,191,184,241,309,336,362,362,378,363,390
13857,89,96,92,72,52,70,81,89,96,92,72,52,70,81,89,96,92,72,52,70,81
13858,17,10,7,9,7,12,7,8,6,5,8,5,11,7,8,5,4,7,5,11,6
13859,140,157,160,169,169,173,206,237,273,260,249,230,239,307,379,448,477,468,450,396,361
13860,39,62,51,50,47,47,47,40,63,51,50,47,47,47,40,63,51,50,47,47,47
13861,16,16,19,14,13,12,10,16,16,19,14,13,12,10,16,16,19,14,13,12,10
13862,29,22,14,10,10,9,10,9,11,10,7,7,7,8,7,11,13,12,12,11,12
13863,7,11,7,10,9,14,14,7,11,7,10,9,14,14,7,11,7,10,9,14,14
13864,24,22,32,32,35,42,41,24,22,32,32,35,42,41,24,22,32,32,35,42,41
13865,8,9,10,6,5,6,5,8,9,10,6,5,6,5,8,9,10,6,5,6,5
13866,23,18,15,15,16,24,21,23,18,15,15,16,24,21,23,18,15,15,16,24,21
13867,10,9,11,14,17,13,16,10,9,11,14,17,13,16,10,9,11,14,17,13,16
13868,0,0,0,0,0,0,0,0,0,0,0,0,0,0,0,0,0,0,0,0,0
13869,0,0,0,0,0,0,0,0,0,0,0,0,0,0,0,0,0,0,0,0,0
13870,6,7,1,2,2,4,7,6,7,1,2,2,4,7,6,7,1,2,2,4,7
13871,0,0,0,0,0,0,0,0,0,0,0,0,0,0,0,0,0,0,0,0,0
13872,0,0,0,0,0,0,0,0,0,0,0,0,0,0,0,0,0,0,0,0,0
13873,0,0,0,0,0,0,0,0,0,0,0,0,0,0,0,0,0,0,0,0,0
13874,0,0,0,0,0,0,0,0,0,0,0,0,0,0,0,0,0,0,0,0,0
13875,0,0,0,0,0,0,0,0,0,0,0,0,0,0,0,0,0,0,0,0,0
13876,4,4,5,4,2,3,4,4,4,5,4,2,3,4,4,4,5,4,2,3,4
13877,2,2,0,0,0,0,0,2,2,0,0,0,0,0,2,2,0,0,0,0,0
13878,0,0,0,0,0,0,0,0,0,0,0,0,0,0,0,0,0,0,0,0,0
13879,1,0,0,0,0,0,0,1,0,0,0,0,0,0,1,0,0,0,0,0,0
13880,1,1,0,0,0,0,0,1,1,0,0,0,0,0,1,1,0,0,0,0,0
13881,6,5,3,2,2,2,2,1,1,1,1,1,1,1,1,1,1,1,1,1,1
13882,0,0,0,0,0,0,0,0,0,0,0,0,0,0,0,0,0,0,0,0,0
13883,1,1,1,1,1,1,1,1,1,1,1,1,1,1,1,1,1,1,1,1,1
13884,3,3,3,3,3,3,3,3,3,3,3,3,3,3,3,3,3,3,3,3,3
13885,0,0,0,0,0,0,0,0,0,0,0,0,0,0,0,0,0,0,0,0,0
13886,0,0,0,0,0,0,0,0,0,0,0,0,0,0,0,0,0,0,0,0,0
13887,4,3,2,2,2,2,2,2,2,2,2,1,1,2,2,2,2,1,1,1,2
13888,0,0,0,0,0,0,0,0,0,0,0,0,0,0,0,0,0,0,0,0,1
13889,0,0,0,0,0,0,0,0,0,0,0,0,0,0,0,0,0,0,0,0,0
13890,1,1,1,1,0,0,1,1,1,1,1,1,1,1,1,1,1,1,1,1,1
13891,0,0,0,0,0,0,0,0,0,0,0,0,0,0,0,0,0,0,0,0,0
13892,0,0,0,1,1,0,0,0,0,0,1,1,0,0,0,0,0,1,1,0,0
13893,1,0,0,0,0,0,0,0,0,0,0,0,0,0,0,0,0,0,0,0,0
13894,3,3,3,3,2,3,3,3,3,3,3,2,3,3,3,3,3,3,2,3,3
13895,8,8,6,6,5,5,5,5,6,6,5,5,5,4,5,6,5,5,5,4,4
13896,0,0,0,0,0,0,0,0,0,0,0,0,0,0,0,0,0,0,0,0,0
13897,0,0,0,0,0,0,0,0,0,0,0,0,0,0,0,0,0,0,0,0,0
13898,2,2,2,2,2,2,2,2,2,2,2,2,2,2,2,2,2,2,2,2,2
13899,0,0,0,0,0,0,0,0,0,0,0,0,0,0,0,0,0,0,0,0,0
13900,0,0,0,0,0,0,0,0,0,0,0,0,0,0,0,0,0,0,0,0,0
13901,22,24,23,19,17,15,16,17,19,19,16,15,14,14,17,18,18,16,14,13,14
13902,3,3,2,2,1,1,1,1,1,1,1,1,1,1,1,1,1,1,1,1,1
13903,1,1,1,1,1,1,1,1,1,1,1,1,1,1,1,1,1,1,1,1,1
13904,0,0,0,1,1,0,0,0,0,0,1,1,0,0,0,0,0,1,1,0,0
13905,2,2,2,2,2,2,2,2,2,2,2,2,2,2,2,2,2,2,2,2,2
13906,3,4,4,3,3,3,3,3,4,3,3,2,2,2,2,3,2,2,2,2,2
13907,2,2,2,1,1,1,2,2,2,2,1,1,1,2,2,2,2,1,1,1,2
13908,5,6,6,5,5,5,5,5,6,6,5,5,4,5,5,5,5,5,4,4,5
13909,6,6,6,6,5,5,5,6,6,6,6,5,5,5,6,7,8,7,7,6,7
13910,1,1,1,1,1,1,1,2,1,1,1,1,1,1,1,1,1,1,1,1,1
13911,0,0,0,0,0,0,0,0,0,0,0,0,0,0,0,0,0,0,0,0,0
13912,0,0,0,0,0,0,0,0,0,0,0,0,0,0,0,0,0,0,0,0,0
13913,3,3,3,3,3,2,2,3,3,3,3,3,2,2,3,3,3,3,3,3,3
13914,20,26,32,36,33,28,23,30,38,43,43,37,30,24,34,45,50,50,43,39,36
13915,7,8,10,15,13,9,5,7,8,10,15,13,9,5,7,8,10,15,13,9,5
13916,10,8,6,6,5,5,5,6,6,5,5,4,4,4,5,5,4,4,4,4,4
13917,33,40,41,34,28,23,25,31,39,40,34,28,24,26,33,41,42,35,29,24,27
13918,0,0,0,0,0,0,0,0,0,0,0,0,0,0,0,0,0,0,0,0,0
13919,1,2,2,1,1,1,1,1,2,2,1,1,1,1,1,2,2,1,1,1,1
13920,4,3,3,3,3,2,2,3,3,3,2,2,2,2,2,2,2,2,1,1,1
13921,12,12,13,11,9,8,8,10,11,11,10,9,8,8,10,10,11,10,9,8,8
13922,0,0,0,0,0,0,0,0,0,0,0,0,0,0,0,0,0,0,0,0,0
13923,0,0,0,1,0,0,0,0,0,0,1,0,0,0,0,0,0,0,0,0,0
13924,2,2,2,2,2,2,2,2,2,2,2,2,2,2,2,2,2,2,2,2,2
13925,0,0,0,0,0,0,0,0,0,0,0,0,0,0,0,0,0,0,0,0,0
13926,10,10,9,8,6,6,6,7,8,8,7,6,5,6,7,8,7,7,6,6,6
13927,2,3,3,2,2,2,2,3,3,3,3,2,2,2,3,3,3,2,2,2,2
13928,1,1,1,1,1,1,1,1,1,1,1,1,1,1,1,1,1,1,1,1,1
13929,1,2,2,1,1,1,1,2,2,2,2,1,1,1,2,2,2,1,1,1,1
13930,1,1,1,1,1,1,1,1,1,1,1,1,1,1,1,1,1,1,1,1,1
13931,2,3,2,2,2,2,2,3,3,3,2,2,2,2,3,3,2,2,2,2,2
13932,1,0,0,0,0,0,0,0,0,0,0,0,0,0,0,0,0,0,0,0,0
13933,0,0,0,0,0,0,0,0,0,0,0,0,0,0,0,0,0,0,0,0,0
13934,1,1,1,1,1,1,1,1,1,1,1,1,1,1,1,1,1,1,1,1,1
13935,3,3,3,2,2,2,2,3,3,3,3,2,2,2,3,3,3,2,2,2,2
13936,1,1,1,1,0,1,1,1,1,1,1,0,1,1,1,1,1,1,1,1,1
13937,0,0,0,0,0,0,0,0,0,0,0,0,0,0,0,0,0,0,0,0,0
13938,3,3,3,2,2,2,2,3,3,3,2,2,2,2,3,3,3,2,2,2,2
13939,1,1,1,0,1,1,1,1,1,1,0,1,1,1,1,1,1,0,1,1,1
13940,0,0,0,0,0,0,0,0,0,0,0,0,0,0,0,0,0,0,0,0,0
13941,1,1,1,1,1,1,1,1,1,1,1,1,1,1,1,1,1,1,1,1,1
13942,1,1,1,1,1,1,1,1,1,1,1,1,1,1,1,1,1,1,1,1,1
13943,1,1,0,0,0,0,0,1,1,0,0,0,0,0,1,1,0,0,0,0,0
13944,0,0,0,0,0,0,0,0,0,0,0,0,0,0,0,0,0,0,0,0,0
13945,0,0,0,0,0,0,0,0,0,0,0,0,0,0,0,0,0,0,0,0,0
13946,0,0,0,0,0,0,0,0,0,0,0,0,0,0,0,0,0,0,0,0,0
13947,0,0,0,0,0,0,0,0,0,0,0,0,0,0,0,0,0,0,0,0,0
13948,0,0,0,0,0,0,0,0,0,0,0,0,0,0,0,0,0,0,0,0,0
13949,0,0,0,0,0,0,0,0,0,0,0,0,0,0,0,0,0,0,0,0,0
13950,0,0,0,0,0,0,0,0,0,0,0,0,0,0,0,0,0,0,0,0,0
13951,0,0,0,0,0,0,0,0,0,0,0,0,0,0,0,0,0,0,0,0,0
13952,0,0,0,0,0,0,0,0,0,0,0,0,0,0,0,0,0,0,0,0,0
13953,0,0,0,0,0,0,0,0,0,0,0,0,0,0,0,0,0,0,0,0,0
13954,0,0,0,0,0,0,0,0,0,0,0,0,0,0,0,0,0,0,0,0,0
13955,0,0,0,0,0,0,0,0,0,0,0,0,0,0,0,0,0,0,0,0,0
13956,0,0,0,0,0,0,0,0,0,0,0,0,0,0,0,0,0,0,0,0,0
13957,0,0,0,0,0,0,0,0,0,0,0,0,0,0,0,0,0,0,0,0,0
13958,0,0,0,0,0,0,0,0,0,0,0,0,0,0,0,0,0,0,0,0,0
13959,0,0,0,0,0,0,0,0,0,0,0,0,0,0,0,0,0,0,0,0,0
13960,1,1,1,1,1,1,1,1,1,1,1,1,1,1,1,1,1,1,1,1,1
13961,0,0,0,0,0,0,0,0,0,0,0,0,0,0,0,0,0,0,0,0,0
13962,0,0,0,0,0,0,0,0,0,0,0,0,0,0,0,0,0,0,0,0,0
13963,0,0,0,0,0,0,0,0,0,0,0,0,0,0,0,0,0,0,0,0,0
13964,1,1,1,1,1,1,1,1,1,1,1,1,1,1,1,1,1,1,1,1,1
13965,0,0,0,0,0,0,0,0,0,0,0,0,0,0,0,0,0,0,0,0,0
13966,1,1,1,1,1,1,1,1,1,1,1,1,1,1,1,1,1,1,1,1,1
13967,0,0,0,0,0,0,0,0,0,0,0,0,0,0,0,0,0,0,0,0,0
13968,0,0,0,0,0,0,0,0,0,0,0,0,0,0,0,0,0,0,0,0,0
13969,0,0,0,0,0,0,0,0,0,0,0,0,0,0,0,0,0,0,0,0,0
13970,0,0,0,0,0,0,0,0,0,0,0,0,0,0,0,0,0,0,0,0,0
13971,0,0,0,0,0,0,0,0,0,0,0,0,0,0,0,0,0,0,0,0,0
13972,1,1,1,1,1,1,1,1,1,1,1,1,1,1,1,1,1,1,1,1,1
13973,1,1,2,2,2,2,2,2,2,2,2,2,2,2,2,3,3,3,3,3,2
13974,3,4,6,7,7,7,7,7,8,9,9,10,9,9,9,11,11,12,11,10,9
13975,3,3,4,4,3,3,3,3,3,4,4,3,3,3,3,3,4,4,3,3,3
13976,0,0,0,0,0,0,0,0,0,0,0,0,0,0,0,0,0,0,0,0,0
13977,1,2,2,2,2,1,1,1,2,2,2,2,1,1,1,2,2,2,2,1,1
13978,16,17,17,15,14,13,14,16,17,16,15,15,14,15,17,16,16,15,13,13,14
13979,0,0,0,0,0,0,0,0,0,0,0,0,0,0,0,0,0,0,0,0,0
13980,0,0,0,0,0,0,0,0,0,0,0,0,0,0,0,0,0,0,0,0,0
13981,23,24,25,22,18,15,15,19,21,21,19,16,14,14,17,18,19,17,14,12,12
13982,0,0,0,0,0,0,0,0,0,0,0,0,0,0,0,0,0,0,0,0,0
13983,0,0,0,0,0,0,0,0,0,0,0,0,0,0,0,0,0,0,0,0,0
13984,1,1,2,2,2,1,1,1,1,2,2,2,1,1,1,1,2,2,2,1,1
13985,10,10,10,9,8,8,8,11,11,10,9,7,7,7,9,9,8,7,6,6,6
13986,1,2,1,1,2,1,1,1,2,1,1,2,1,1,1,2,1,1,2,1,1
13987,1,1,0,0,0,0,0,0,0,0,0,0,0,0,0,0,0,0,0,0,0
13988,17,19,18,20,16,15,15,18,20,18,21,16,15,15,18,20,18,20,16,15,15
13989,0,0,0,0,0,0,0,0,0,0,0,0,0,0,0,0,0,0,0,0,0
13990,13,12,11,9,7,8,9,11,11,10,9,7,8,9,11,10,10,8,7,7,8
13991,0,0,0,0,0,0,0,0,0,0,0,0,0,0,0,0,0,0,0,0,0
13992,1,1,0,0,0,1,1,1,1,0,0,0,1,1,1,1,0,0,0,1,1
13993,1,1,1,1,1,1,0,1,1,1,1,1,1,0,1,1,1,1,1,1,0
13994,0,0,0,0,0,0,0,0,0,0,0,0,0,0,0,0,0,0,0,0,0
13995,0,0,0,0,0,0,0,0,0,0,0,0,0,0,0,0,0,0,0,0,0
13996,0,0,0,0,0,0,0,0,0,0,0,0,0,0,0,0,0,0,0,0,0
13997,0,0,0,0,0,0,0,0,0,0,0,0,0,0,0,0,0,0,0,0,0
13998,0,0,0,0,0,0,0,0,0,0,0,0,0,0,0,0,0,0,0,0,0
13999,0,0,0,0,0,0,0,0,0,0,0,0,0,0,0,0,0,0,0,0,0
14000,0,0,0,0,0,0,0,0,0,0,0,0,0,0,0,0,0,0,0,0,0
14001,0,0,0,0,0,0,0,0,0,0,0,0,0,0,0,0,0,0,0,0,0
14002,2,2,2,2,2,2,2,2,2,2,2,2,2,2,2,2,2,2,2,2,2
14003,0,0,0,0,0,0,0,0,0,0,0,0,0,0,0,0,0,0,0,0,0
14004,0,0,0,0,0,0,0,0,0,0,0,0,0,0,0,0,0,0,0,0,0
14005,0,0,0,0,0,0,0,0,0,0,0,0,0,0,0,0,0,0,0,0,0
14006,0,0,0,0,0,0,0,0,0,0,0,0,0,0,0,0,0,0,0,0,0
14007,15,14,12,11,10,12,10,12,12,11,11,10,12,9,12,12,11,11,10,12,9
14008,12,11,10,8,8,9,9,11,10,10,8,8,10,9,11,10,11,8,8,10,10
14009,3,3,3,2,2,2,2,3,3,3,2,2,2,3,3,3,2,2,2,2,2
14010,14,13,11,9,8,7,8,9,10,9,8,7,6,7,8,8,7,6,5,5,5
14011,8,6,5,4,4,4,4,5,4,4,3,3,4,4,4,4,4,3,3,4,4
14012,6,6,5,4,4,3,4,5,5,5,4,4,3,4,4,5,4,4,3,3,3
14013,5,6,5,4,3,3,4,5,5,5,4,3,3,4,5,5,5,4,3,3,4
14014,14,15,13,10,10,9,10,11,13,12,10,9,8,9,10,11,10,8,8,7,7
14015,3,3,3,3,2,2,2,3,3,3,3,2,2,2,3,3,3,3,2,2,2
14016,6,5,5,4,4,4,5,6,5,5,4,4,4,4,5,5,4,3,3,3,4
14017,1,1,1,1,1,1,1,1,1,1,1,1,1,1,1,1,1,1,1,1,1
14018,2,2,2,2,2,2,2,2,2,2,2,2,2,2,2,2,2,2,2,2,2
14019,0,0,0,0,0,0,0,0,0,0,0,0,0,0,0,0,0,0,0,0,0
14020,2,2,2,2,2,1,1,2,2,2,2,2,1,1,2,2,2,2,2,1,1
14021,4,4,4,3,3,3,3,4,4,4,3,3,3,3,4,4,4,3,3,3,3
14022,7,5,4,3,3,3,3,3,3,3,2,2,1,1,1,1,1,1,1,1,1
14023,1,1,1,1,1,1,1,1,1,1,1,1,1,1,1,1,1,1,1,1,1
14024,4,4,4,4,4,4,3,4,4,4,4,4,4,3,4,4,4,4,4,4,3
14025,1,1,1,1,1,1,1,1,1,1,1,1,1,1,1,1,1,1,1,1,1
14026,1,1,1,0,0,0,1,1,1,1,1,0,0,1,1,1,1,1,1,1,1
14027,0,0,0,0,0,0,0,0,0,0,0,0,0,0,0,0,0,0,0,0,0
14028,0,0,0,0,0,0,0,0,0,0,0,0,0,0,0,0,0,0,0,0,0
14029,0,0,0,0,0,0,0,0,0,0,0,0,0,0,0,0,0,0,0,0,0
14030,0,1,0,0,0,0,0,0,1,0,0,0,0,0,0,1,0,0,0,0,0
14031,3,3,3,2,2,2,2,3,3,3,2,2,2,2,3,3,3,2,2,2,2
14032,4,5,5,5,5,5,4,4,5,5,5,5,5,4,4,5,5,5,5,5,4
14033,127,129,140,151,129,114,103,127,129,140,151,129,114,103,127,129,140,151,129,114,103
14034,14,16,17,14,13,13,14,14,16,17,14,13,13,14,14,16,17,14,13,13,14
14035,0,0,0,0,0,0,0,0,0,0,0,0,0,0,0,0,0,0,0,0,0
14036,0,0,0,0,0,0,0,0,0,0,0,0,0,0,0,0,0,0,0,0,0
14037,0,0,0,0,0,0,0,0,0,0,0,0,0,0,0,0,0,0,0,0,0
14038,2,3,2,2,1,1,1,2,3,3,2,1,1,1,2,3,2,2,1,1,1
14039,1,0,0,0,0,0,0,1,0,0,0,0,0,0,1,0,0,0,0,0,0
14040,7,8,8,7,6,5,6,7,8,8,7,6,6,6,7,8,8,7,6,5,6
14041,3,4,4,4,3,3,3,3,4,4,4,3,3,3,3,4,4,3,3,2,3
14042,4,5,5,4,4,4,4,5,5,5,5,4,4,4,5,5,5,4,4,4,4
14043,1,1,1,1,1,1,1,1,1,1,1,1,1,1,1,1,1,1,1,1,1
14044,8,9,8,7,6,6,6,7,8,8,7,6,6,6,7,8,8,7,6,6,6
14045,0,1,1,1,0,0,0,0,1,1,1,0,0,0,0,1,1,0,0,0,0
14046,2,2,2,2,1,1,1,2,2,2,2,1,1,1,2,2,2,2,1,1,1
14047,6,7,7,7,5,5,5,6,7,7,7,5,5,5,6,7,7,7,5,5,5
14048,1,1,1,0,0,0,0,1,1,1,0,0,0,0,1,1,1,0,0,0,0
14049,2,2,2,2,2,2,2,3,3,3,2,2,2,2,3,3,3,2,2,2,3
14050,1,1,1,1,0,0,0,1,1,1,1,0,0,0,1,1,1,0,0,0,0
14051,0,0,0,0,0,0,0,0,0,0,0,0,0,0,0,0,0,0,0,0,0
14052,0,0,0,0,0,0,0,0,0,0,0,0,0,0,0,0,0,0,0,0,0
14053,2,3,3,3,3,2,2,3,3,3,3,3,2,2,3,3,3,3,3,2,2
14054,4,5,5,5,4,4,4,5,6,6,5,4,4,4,5,6,6,5,4,4,4
14055,0,0,0,0,0,0,0,0,0,0,0,0,0,0,0,0,0,0,0,0,0
14056,14,15,14,12,10,12,11,14,15,14,13,11,12,12,14,15,14,13,11,12,12
14057,2,2,2,2,2,2,2,3,3,3,2,2,2,2,3,3,2,2,2,2,2
14058,0,0,0,0,0,0,0,0,0,0,0,0,0,0,0,0,0,0,0,0,0
14059,4,5,5,4,4,4,4,4,5,5,4,4,4,4,4,5,5,4,4,4,4
14060,3,3,2,2,2,2,2,2,2,2,2,2,2,2,2,2,2,2,2,2,2
14061,2,2,2,1,1,1,1,2,2,2,1,1,0,1,2,2,2,1,1,1,1
14062,1,2,2,2,1,1,2,2,2,2,2,2,1,2,2,2,2,2,2,2,2
14063,3,3,3,3,3,3,3,4,4,3,3,3,3,3,4,4,4,3,3,3,3
14064,0,0,0,0,0,0,0,0,0,0,0,0,0,0,0,0,0,0,0,0,0
14065,2,2,2,2,2,2,2,2,2,2,2,2,2,2,2,2,2,2,2,2,2
14066,1,1,1,1,1,1,1,1,1,1,1,1,1,1,1,1,1,1,1,1,1
14067,2,0,0,1,1,1,8,2,0,0,1,1,1,8,2,0,0,1,1,1,8
14068,0,0,0,0,0,0,0,0,0,0,0,0,0,0,0,0,0,0,0,0,0
14069,0,0,0,0,0,0,0,0,0,0,0,0,0,0,0,0,0,0,0,0,0
14070,0,0,0,0,0,0,0,0,0,0,0,0,0,0,0,0,0,0,0,0,0
14071,1,1,0,0,0,0,0,0,0,0,0,0,0,0,0,0,0,0,0,0,0
14072,0,0,0,0,0,0,0,0,0,0,0,0,0,0,0,0,0,0,0,0,0
14073,0,0,0,0,0,0,0,0,0,0,0,0,0,0,0,0,0,0,0,0,0
14074,0,0,0,0,0,0,0,0,0,0,0,0,0,0,0,0,0,0,0,0,0
14075,0,0,0,0,0,0,0,0,0,0,0,0,0,0,0,0,0,0,0,0,0
14076,3,2,2,2,2,2,2,2,2,2,2,2,2,2,2,2,2,2,2,2,2
14077,0,0,0,0,1,1,0,0,0,0,0,1,1,0,0,0,0,0,1,1,0
14078,0,0,0,0,0,0,0,0,0,0,0,0,0,0,0,0,0,0,0,0,0
14079,0,0,0,0,0,0,0,0,0,0,0,0,0,0,0,0,0,0,0,0,0
14080,2,2,2,2,2,2,2,2,3,3,2,2,2,2,2,3,3,3,3,2,3
14081,0,1,1,1,1,1,0,1,1,1,1,1,1,0,1,1,1,1,1,1,0
14082,0,0,0,0,0,0,0,0,0,0,0,0,0,0,0,0,0,0,0,0,0
14083,0,0,0,0,0,0,0,0,0,0,0,0,0,0,0,0,0,0,0,0,0
14084,10,12,12,12,10,8,8,9,11,11,10,8,6,6,6,8,8,8,7,5,5
14085,0,0,0,0,0,0,0,0,0,0,0,0,0,0,0,0,0,0,0,0,0
14086,1,1,1,1,1,0,0,0,0,0,1,0,0,0,0,0,0,1,0,0,0
14087,0,0,0,0,0,0,0,0,0,0,0,0,0,0,0,0,0,0,0,0,0
14088,0,0,0,0,0,0,0,0,0,0,0,0,0,0,0,0,0,0,0,0,0
14089,0,0,0,0,0,0,0,0,0,0,0,0,0,0,0,0,0,0,0,0,0
14090,0,0,0,0,0,0,0,0,0,0,0,0,0,0,0,0,0,0,0,0,0
14091,0,0,0,0,0,0,0,0,0,0,0,0,0,0,0,0,0,0,0,0,0
14092,0,0,0,0,0,0,0,0,0,0,0,0,0,0,0,0,0,0,0,0,0
14093,0,0,0,0,0,0,0,0,0,0,0,0,0,0,0,0,0,0,0,0,0
14094,0,0,0,1,0,0,0,0,0,0,1,0,0,0,0,0,0,1,1,0,0
14095,0,0,0,0,0,0,0,0,0,0,0,0,0,0,0,0,0,0,0,0,0
14096,0,0,0,0,0,0,0,0,0,0,0,0,0,0,0,0,0,0,0,0,0
14097,0,0,0,0,2,1,1,0,0,0,0,2,1,1,0,0,0,0,2,1,1
14098,1,1,0,0,0,0,0,1,1,1,0,0,0,0,1,1,0,0,0,0,0
14099,6,6,5,5,4,4,5,5,5,5,5,5,4,5,5,5,5,5,4,4,4
14100,2,2,2,1,1,1,1,2,2,2,2,1,1,1,2,2,2,2,1,1,1
14101,5,5,4,4,4,3,4,4,4,4,4,3,3,4,4,4,4,4,3,3,4
14102,0,0,0,0,0,0,0,0,0,0,0,0,0,0,0,0,0,0,0,0,0
14103,2,2,2,1,1,1,2,2,2,2,1,1,2,2,2,2,2,1,1,1,2
14104,0,0,0,0,0,0,0,0,0,0,0,0,0,0,0,0,0,0,0,0,0
14105,0,0,0,0,0,0,0,0,0,0,0,0,0,0,0,0,0,0,0,0,0
14106,1,1,1,1,1,1,1,1,1,2,1,1,1,1,1,1,2,1,1,1,1
14107,18,18,19,17,15,14,14,16,17,16,14,12,12,12,14,13,13,12,11,11,11
14108,2,2,2,2,2,2,2,2,2,2,2,2,2,2,2,2,2,2,2,2,2
14109,0,0,0,0,0,0,0,0,0,0,0,0,0,0,0,0,0,0,0,0,0
14110,0,0,0,0,0,0,0,0,0,0,0,0,0,0,0,0,0,0,0,0,0
14111,2,1,1,1,1,1,0,0,1,1,0,1,1,0,0,0,1,0,1,1,0
14112,1,1,1,1,1,1,0,1,1,1,1,1,1,0,1,1,1,1,1,1,0
14113,0,0,0,1,0,0,0,0,0,1,1,0,0,0,0,0,1,1,0,0,0
14114,0,0,0,0,0,0,0,0,0,0,0,0,0,0,0,0,0,0,0,0,0
14115,0,0,0,0,0,0,0,0,0,0,0,0,0,0,0,0,0,0,0,0,0
14116,1,1,1,1,1,1,1,1,1,1,1,1,1,1,1,1,1,1,1,1,1
14117,2,3,3,3,2,2,2,2,3,3,3,2,2,2,2,3,3,3,2,2,2
14118,13,14,14,13,11,10,10,12,14,14,13,12,10,11,12,13,14,12,11,10,10
14119,4,4,4,3,3,2,3,3,4,3,3,3,2,3,3,3,3,3,2,2,3
14120,6,6,5,4,3,4,5,6,6,5,4,3,4,5,6,6,5,4,3,4,5
14121,0,0,0,0,0,0,0,0,0,0,0,0,0,0,0,0,0,0,0,0,0
14122,1,1,1,1,1,0,1,1,1,1,1,1,0,1,1,1,1,1,1,0,1
14123,10,11,11,9,8,7,8,8,10,10,9,8,7,7,8,9,9,9,7,6,6
14124,10,12,14,14,11,9,8,9,12,14,14,11,9,8,9,12,13,13,10,9,8
14125,3,5,6,6,5,4,4,5,6,7,7,5,4,4,5,6,7,6,5,4,4
14126,2,3,2,2,2,2,2,2,3,2,2,2,2,2,2,3,2,2,2,2,2
14127,13,14,14,13,10,9,8,11,12,13,13,10,9,8,11,12,13,13,10,9,8
14128,3,3,3,3,3,2,2,3,3,3,3,3,2,3,3,3,3,3,2,2,2
14129,1,1,1,1,1,1,1,1,1,1,1,1,1,1,1,1,1,1,1,1,1
14130,2,2,2,2,2,2,2,2,2,2,2,2,2,2,2,2,2,2,2,2,2
14131,0,1,0,0,0,0,0,0,1,1,0,0,0,0,0,1,0,0,0,0,0
14132,4,4,4,3,3,3,3,3,4,4,3,3,3,3,4,4,4,3,3,3,3
14133,3,3,2,2,2,1,1,2,2,2,2,2,1,1,2,2,2,2,2,1,1
14134,3,3,3,2,2,2,2,2,3,3,2,2,2,2,2,3,3,2,2,2,2
14135,0,0,0,0,0,0,0,0,0,0,0,0,0,0,0,0,0,0,0,0,0
14136,1,1,1,1,1,1,1,1,1,1,1,1,1,1,1,1,1,1,1,1,1
14137,3,3,3,3,2,2,2,3,3,3,3,2,2,2,3,3,3,2,2,2,2
14138,0,0,0,0,0,0,0,0,0,0,0,0,0,0,0,0,0,0,0,0,0
14139,0,0,0,0,0,0,0,0,0,0,0,0,0,0,0,0,0,0,0,0,0
14140,0,0,0,0,0,0,0,0,0,0,0,0,0,0,0,0,0,0,0,0,0
14141,0,0,0,0,0,0,0,0,0,0,0,0,0,0,0,0,0,0,0,0,0
14142,0,0,0,0,0,0,0,0,0,0,0,0,0,0,0,0,0,0,0,0,0
14143,1,1,0,0,0,0,0,0,0,0,0,0,0,0,0,0,0,0,0,0,0
14144,0,0,0,0,0,0,0,0,0,0,0,0,0,0,0,0,0,0,0,0,0
14145,0,0,0,0,0,0,0,0,0,0,0,0,0,0,0,0,0,0,0,1,1
14146,0,0,0,0,0,0,0,0,0,0,0,0,0,0,0,0,0,0,0,0,0
14147,0,0,0,0,0,0,0,0,0,0,0,0,0,0,0,0,0,0,0,0,0
14148,3,2,1,0,0,0,0,0,0,0,0,0,0,0,0,0,0,0,0,0,0
14149,1,1,1,1,0,1,1,1,1,1,1,0,1,1,1,1,1,1,0,1,1
14150,1,2,2,1,1,2,1,2,2,2,1,1,2,1,2,2,2,1,1,2,1
14151,11,11,10,9,7,6,7,9,10,9,8,7,6,6,8,9,9,8,6,6,6
14152,8,7,7,6,6,5,5,6,6,6,5,5,4,4,5,5,5,5,4,4,4
14153,3,3,3,3,2,2,3,3,3,3,3,2,2,3,3,3,3,3,2,2,3
14154,1,1,1,0,0,1,1,1,1,1,0,0,1,1,1,1,1,0,0,1,1
14155,0,0,0,0,0,0,0,0,0,0,0,0,0,0,0,0,0,0,0,0,0
14156,0,0,0,0,0,0,0,0,0,0,0,0,0,0,0,0,0,0,0,0,0
14157,0,0,0,0,0,0,0,0,0,0,0,0,0,0,0,0,0,0,0,0,0
14158,0,0,0,0,0,0,0,0,0,0,0,0,0,0,0,0,0,0,0,0,0
14159,0,0,0,0,0,0,0,0,0,0,0,0,0,0,0,0,0,0,0,0,0
14160,31,31,30,26,23,22,23,27,29,27,25,22,21,22,26,27,27,26,23,22,24
14161,14,14,14,14,13,14,13,15,16,15,15,14,14,13,15,16,15,15,14,15,16
14162,0,0,0,0,0,0,0,0,0,0,0,0,0,0,0,0,0,0,0,0,0
14163,4,5,5,5,4,4,4,5,6,6,5,5,5,5,6,6,5,5,4,4,4
14164,0,0,0,0,0,0,0,0,0,0,0,0,0,0,0,0,0,0,0,0,0
14165,0,0,0,0,0,0,0,0,0,0,0,0,0,0,0,0,0,0,0,0,0
14166,7,8,8,8,6,6,6,7,8,8,8,7,6,6,7,8,8,8,7,6,6
14167,0,0,0,0,0,0,0,0,0,0,0,0,0,0,0,0,0,0,0,0,0
14168,0,0,0,0,0,0,0,0,0,0,0,0,0,0,0,0,0,0,0,0,0
14169,6,6,6,5,5,5,5,5,6,6,5,5,5,4,5,6,6,5,5,5,4
14170,2,2,2,2,1,2,2,2,2,2,2,1,2,2,2,2,2,2,2,2,2
14171,4,4,4,4,3,3,3,4,4,4,4,3,3,3,4,4,4,4,3,3,3
14172,2,2,2,1,1,1,1,2,2,2,1,1,1,1,2,2,2,1,1,1,1
14173,2,2,2,2,1,2,2,2,2,2,2,2,2,2,2,2,2,2,2,2,2
14174,1,1,1,0,0,0,0,1,1,1,0,0,0,0,1,1,1,0,0,0,0
14175,0,0,0,0,0,0,0,0,0,0,0,0,0,0,0,0,0,0,0,0,0
14176,0,0,0,0,0,0,0,0,0,0,0,0,0,0,0,0,0,0,0,0,0
14177,5,5,4,3,3,2,3,3,3,3,2,2,2,2,2,2,2,2,2,2,2
14178,2,1,1,1,1,0,0,1,0,0,0,0,0,0,1,0,0,0,0,0,0
14179,0,0,0,0,0,0,0,0,0,0,0,0,0,0,0,0,0,0,0,0,0
14180,0,0,0,0,0,0,0,0,0,0,0,0,0,0,0,0,0,0,0,0,0
14181,0,0,0,0,0,0,0,0,0,0,0,0,0,0,0,0,0,0,0,0,0
14182,46,46,51,50,50,50,46,46,46,51,50,50,50,46,46,46,51,50,51,51,46
14183,0,0,0,0,0,0,0,0,0,0,0,0,0,0,0,0,0,0,0,0,0
14184,4,3,3,3,3,3,3,3,2,2,3,3,2,3,3,2,2,3,3,3,3
14185,2,2,2,2,2,2,2,2,2,2,2,2,2,2,2,2,2,2,2,2,2
14186,1,0,1,1,1,1,1,1,1,1,1,1,1,1,1,1,1,1,1,1,1
14187,0,0,0,0,0,0,0,0,0,0,0,0,0,0,0,0,0,0,0,0,0
14188,0,0,0,0,0,0,0,0,0,0,0,0,0,0,0,0,0,0,0,0,0
14189,0,0,0,0,0,0,0,0,0,0,0,0,0,0,0,0,0,0,0,0,0
14190,0,0,0,0,0,0,0,0,0,0,0,0,0,0,0,0,0,0,0,0,0
14191,0,0,0,0,0,0,0,0,0,0,0,0,0,0,0,0,0,0,0,0,0
14192,0,0,0,0,0,0,0,0,0,0,0,0,0,0,0,0,0,0,0,0,0
14193,0,0,0,0,0,0,0,0,0,0,0,0,0,0,0,0,0,0,0,0,0
14194,0,0,0,0,0,0,0,0,0,0,0,0,0,0,0,0,0,0,0,0,0
14195,0,0,0,0,0,0,0,0,0,0,0,0,0,0,0,0,0,0,0,0,0
14196,0,0,0,0,0,0,0,0,0,0,0,0,0,0,0,0,0,0,0,0,0
14197,0,0,0,0,0,0,0,0,0,0,0,0,0,0,0,0,0,0,0,0,0
14198,0,0,0,0,0,0,0,0,0,0,0,0,0,0,0,0,0,0,0,0,0
14199,0,0,0,0,0,0,0,0,0,0,0,0,0,0,0,0,0,0,0,0,0
14200,0,0,0,0,0,0,0,0,0,0,0,0,0,0,0,0,0,0,0,0,0
14201,0,0,0,0,0,0,0,0,0,0,0,0,0,0,0,0,0,0,0,0,0
14202,1,1,1,0,0,0,0,1,1,1,0,0,0,0,1,1,1,0,0,0,1
14203,7,7,8,7,7,7,7,8,7,7,6,6,6,6,7,6,6,6,6,5,6
14204,4,4,4,3,2,2,2,4,4,4,3,2,2,2,4,4,5,3,2,2,2
14205,0,1,1,1,0,0,0,0,1,1,1,0,0,0,0,1,1,1,0,0,0
14206,7,7,7,6,6,4,5,7,7,7,6,6,4,4,7,7,7,6,6,4,5
14207,5,5,5,4,4,3,3,4,4,4,3,3,2,2,2,3,2,2,2,2,2
14208,0,0,0,0,0,0,0,0,0,0,0,0,0,0,0,0,0,0,0,0,0
14209,1,1,1,1,1,1,1,1,1,1,1,1,1,1,1,1,1,1,1,1,1
14210,5,8,11,9,5,4,4,5,8,11,9,5,4,4,5,8,11,9,5,4,4
14211,0,0,0,0,0,0,0,0,0,0,0,0,0,0,0,0,0,0,0,0,0
14212,3,3,3,3,3,3,3,3,3,3,3,2,2,2,3,3,2,2,2,2,2
14213,2,2,2,2,2,2,2,2,2,2,2,2,2,2,2,2,2,2,2,2,2
14214,5,6,7,6,5,5,5,5,6,7,6,5,5,5,5,6,7,6,5,5,5
14215,0,0,0,0,0,0,0,0,0,0,0,0,0,0,0,0,0,0,0,0,0
14216,2,2,2,2,1,1,1,2,2,2,2,1,1,1,2,2,2,2,1,1,1
14217,1,2,2,2,1,1,1,1,2,2,2,1,1,1,1,2,2,2,1,1,1
14218,1,1,1,1,1,0,0,1,1,1,1,1,0,0,1,1,1,1,1,0,0
14219,1,1,1,1,1,1,1,1,1,1,1,1,1,1,1,1,1,1,1,1,1
14220,0,0,0,0,0,0,0,0,0,0,0,0,0,0,0,0,0,0,0,0,0
14221,5,5,5,5,4,4,4,5,5,5,5,4,4,4,5,5,5,5,4,4,4
14222,0,1,0,0,0,0,0,0,1,0,0,0,0,0,0,1,0,0,0,0,0
14223,0,0,0,0,0,0,0,0,0,0,0,0,0,0,0,0,0,0,0,0,0
14224,9,10,10,9,8,7,7,9,10,10,9,8,7,7,9,10,10,9,8,7,7
14225,0,0,0,0,0,0,0,0,0,0,0,0,0,0,0,0,0,0,0,0,0
14226,3,4,4,3,3,3,3,3,4,4,4,3,3,3,3,4,4,3,3,3,3
14227,3,4,4,4,4,3,3,4,4,4,4,3,3,3,4,4,4,4,3,3,3
14228,0,0,0,0,0,0,0,0,0,0,0,0,0,0,0,0,0,0,0,0,0
14229,1,2,2,1,1,1,1,1,2,2,1,1,1,1,1,2,2,1,1,1,1
14230,1,1,1,1,2,2,2,1,1,1,1,2,2,2,1,1,1,1,2,2,2
14231,0,0,0,0,0,0,0,0,0,0,0,0,0,0,0,0,0,0,0,0,0
14232,0,0,0,0,0,0,0,0,0,0,0,0,0,0,0,0,0,0,0,0,0
14233,0,0,0,0,0,0,0,0,0,0,0,0,0,0,0,0,0,0,0,0,0
14234,0,0,0,0,0,0,0,0,0,0,0,0,0,0,0,0,0,0,0,0,0
14235,1,1,0,0,0,0,1,1,1,0,0,0,0,1,1,1,0,0,0,0,1
14236,0,0,0,0,0,0,0,0,0,0,0,0,0,0,0,0,0,0,0,0,0
14237,0,0,0,0,0,0,0,0,0,0,0,0,0,0,0,0,0,0,0,0,0
14238,1,1,1,1,1,1,1,1,1,1,1,1,1,1,1,1,1,1,1,1,1
14239,0,0,0,0,0,0,0,0,0,0,0,0,0,0,0,0,0,0,0,0,0
14240,0,0,0,0,0,0,0,0,0,0,0,0,0,0,0,0,0,0,0,0,0
14241,0,0,0,0,0,0,0,0,0,0,0,0,0,0,0,0,0,0,0,0,0
14242,0,0,0,0,0,0,0,0,0,0,0,0,0,0,0,0,0,0,0,0,0
14243,0,0,0,0,0,0,0,0,0,0,0,0,0,0,0,0,0,0,0,0,0
14244,0,0,0,0,0,0,0,0,0,0,0,0,0,0,0,0,0,0,0,0,0
14245,0,0,0,0,0,0,0,0,0,0,0,0,0,0,0,0,0,0,0,0,0
14246,0,0,0,0,0,0,0,0,0,0,0,0,0,0,0,0,0,0,0,0,0
14247,0,0,0,0,0,0,0,0,0,0,0,0,0,0,0,0,0,0,0,0,0
14248,0,0,0,0,0,0,0,0,0,0,0,0,0,0,0,0,0,0,0,0,0
14249,0,0,0,0,0,0,0,0,0,0,0,0,0,0,0,0,0,0,0,0,0
14250,0,0,0,0,0,0,0,0,0,0,0,0,0,0,0,0,0,0,0,0,0
14251,0,0,0,0,0,0,0,0,0,0,0,0,0,0,0,0,0,0,0,0,0
14252,13,13,12,9,9,8,9,11,11,11,9,8,8,8,10,10,10,8,7,7,8
14253,23,23,22,20,17,18,18,20,22,22,21,18,19,19,21,22,22,20,18,18,19
14254,0,0,0,0,0,0,0,0,0,0,0,0,0,0,0,0,0,0,0,0,0
14255,15,16,16,14,12,11,12,14,15,15,14,12,12,12,14,15,14,13,11,11,11
14256,0,0,0,0,0,0,0,0,1,0,0,0,0,0,0,1,0,0,0,0,0
14257,2,2,2,2,2,2,2,2,2,2,2,2,2,2,2,2,2,2,2,2,2
14258,0,0,0,0,0,0,0,0,0,0,0,0,0,0,0,0,0,0,0,0,0
14259,0,0,0,0,0,0,0,0,0,0,0,0,0,0,0,0,0,0,0,0,0
14260,0,0,0,0,0,0,0,0,0,0,0,0,0,0,0,0,0,0,0,0,0
14261,0,0,0,0,0,0,0,0,0,0,0,0,0,0,0,0,0,0,0,0,0
14262,0,0,0,0,0,0,0,0,0,0,0,0,0,0,0,0,0,0,0,0,0
14263,1,2,2,3,3,3,3,3,3,3,3,2,2,2,3,3,2,2,2,2,2
14264,0,0,0,0,0,0,0,0,0,0,0,0,0,0,0,0,0,0,0,0,0
14265,1,1,1,1,1,1,1,1,1,1,1,1,1,1,1,1,1,1,1,1,1
14266,0,0,0,0,0,0,0,0,0,0,0,0,0,0,0,0,0,0,0,0,0
14267,1,1,1,1,1,1,1,1,1,1,1,1,1,1,1,1,1,1,1,1,1
14268,0,0,0,0,0,0,0,0,0,0,0,0,0,0,0,0,0,0,0,0,0
14269,4,4,4,4,3,3,4,5,5,5,4,4,4,5,6,5,5,5,4,4,5
14270,21,21,19,16,14,12,12,14,15,15,13,11,11,11,13,12,12,10,9,8,8
14271,12,11,10,8,8,12,12,12,11,10,8,8,12,12,12,11,10,8,8,12,12
14272,8,7,8,8,8,7,7,8,7,8,8,8,7,7,8,7,8,8,8,7,7
14273,1,1,1,1,1,1,1,1,1,1,1,1,1,1,1,1,1,1,1,1,1
14274,4,5,5,5,5,4,4,5,6,5,5,4,4,4,5,5,4,4,4,4,4
14275,1,2,1,1,1,1,1,1,2,2,2,1,1,1,1,1,1,1,1,1,1
14276,0,0,0,0,0,0,0,0,0,0,0,0,0,0,0,0,0,0,0,0,0
14277,1,1,1,1,1,0,1,1,1,1,1,1,1,1,1,1,1,1,1,1,1
14278,1,1,1,1,1,1,1,1,1,1,1,1,1,1,1,2,2,2,1,1,2
14279,1,1,1,1,1,1,1,1,1,1,1,1,1,1,1,1,1,1,1,1,1
14280,0,0,0,0,0,0,0,0,0,0,0,0,0,0,0,0,0,0,0,0,0
14281,1,1,1,1,1,1,1,2,2,2,2,1,1,2,2,2,2,2,2,2,2
14282,1,2,1,1,1,1,1,2,2,2,1,1,1,2,2,2,2,2,1,1,2
14283,0,0,0,0,0,0,0,0,0,0,0,0,0,0,0,0,0,0,0,0,0
14284,1,0,0,0,0,0,0,0,0,0,0,0,0,0,0,0,0,0,0,0,0
14285,0,0,0,0,0,0,0,0,0,0,0,0,0,0,0,0,0,0,0,0,0
14286,0,0,0,0,0,0,0,0,0,0,0,0,0,0,0,0,0,0,0,0,0
14287,0,0,0,0,0,0,0,0,0,0,0,0,0,0,0,0,0,0,0,0,0
14288,0,0,0,0,0,0,0,0,0,0,0,0,0,0,0,0,0,0,0,0,0
14289,0,0,0,0,0,0,0,0,0,0,0,0,0,0,0,0,0,0,0,0,0
14290,45,56,56,43,38,29,30,45,56,56,43,38,28,30,45,56,56,43,38,29,30
14291,8,10,13,14,14,14,15,18,20,20,18,16,14,15,17,16,15,13,11,11,11
14292,0,0,0,0,0,0,0,0,0,0,0,0,0,0,0,0,0,0,0,0,0
14293,1,0,0,0,0,0,0,1,0,0,0,0,0,0,0,0,0,0,0,0,0
14294,1,1,1,1,1,1,1,1,1,1,1,1,1,1,1,1,1,1,1,1,1
14295,1,2,2,2,2,2,2,2,2,2,2,2,2,2,2,2,2,2,2,1,1
14296,1,1,1,1,1,1,2,2,2,2,2,2,1,1,2,2,2,2,2,2,2
14297,0,0,0,0,0,0,0,0,0,0,0,0,0,0,0,0,0,0,0,0,0
14298,0,0,0,0,0,0,0,0,0,0,0,0,0,0,0,0,0,0,0,0,0
14299,0,0,0,0,0,0,0,0,0,0,0,0,0,0,0,0,0,0,0,0,0
14300,1,0,1,0,0,0,1,1,0,1,0,0,0,1,1,0,1,0,0,0,1
14301,0,0,0,0,0,0,0,0,0,0,0,0,0,0,0,0,0,0,0,0,0
14302,0,0,0,0,0,0,0,0,0,0,0,0,0,0,0,0,0,0,0,0,0
14303,0,0,0,0,0,0,0,0,0,0,0,0,0,0,0,0,0,0,0,0,0
14304,0,0,0,0,0,0,0,0,0,0,0,0,0,0,0,0,0,0,0,0,0
14305,26,29,28,23,20,18,19,24,26,26,22,19,17,17,22,24,25,21,18,17,18
14306,12,12,11,9,8,7,7,9,10,10,9,8,7,7,9,9,10,8,7,7,7
14307,0,0,0,0,0,0,0,0,0,0,0,0,0,0,0,0,0,0,0,0,0
14308,0,0,0,0,0,0,0,0,0,0,0,0,0,0,0,0,0,0,0,0,0
14309,0,0,0,0,0,0,0,0,0,0,0,0,0,0,0,0,0,0,0,0,0
14310,0,0,0,0,0,0,0,0,0,0,0,0,0,0,0,0,0,0,0,0,0
14311,0,0,0,0,0,0,0,0,0,0,0,0,0,0,0,0,0,0,0,0,0
14312,0,1,1,1,1,0,0,0,1,1,1,1,0,0,1,1,1,1,1,1,1
14313,6,6,5,5,4,4,4,4,5,5,4,4,3,3,4,4,4,4,4,3,3
14314,0,0,0,0,0,0,0,0,0,0,0,0,0,0,0,0,0,0,0,0,0
14315,0,0,0,0,0,0,0,0,0,0,0,0,0,0,0,0,0,0,0,0,0
14316,2,2,2,2,1,1,2,2,2,2,2,1,1,2,2,2,2,2,1,1,2
14317,4,4,4,4,3,3,3,4,4,4,4,3,3,3,4,4,4,4,3,3,3
14318,0,0,0,0,0,0,0,0,0,0,0,0,0,0,0,0,0,0,0,0,0
14319,2,3,3,2,2,2,2,3,3,3,2,2,2,2,2,3,3,2,2,2,2
14320,3,3,3,2,2,2,2,2,2,3,2,2,2,2,2,3,3,2,2,2,2
14321,0,1,1,1,1,0,0,0,1,1,1,1,0,0,0,1,1,1,1,0,0
14322,0,0,0,0,0,0,0,0,0,0,0,0,0,0,0,0,0,0,0,0,0
14323,0,0,0,0,0,0,0,0,0,0,0,0,0,0,0,0,0,0,0,0,0
14324,0,0,0,0,0,0,0,0,0,0,0,0,0,0,0,0,0,0,0,0,0
14325,0,0,0,0,0,0,0,0,0,0,0,0,0,0,0,0,0,0,0,0,0
14326,17,18,20,20,20,20,23,29,31,28,26,24,22,24,28,27,25,23,21,20,23
14327,0,1,1,1,1,1,0,0,1,1,1,1,1,0,0,1,1,1,1,1,0
14328,63,68,67,58,53,49,54,62,68,63,57,52,49,52,60,62,59,54,48,46,53
14329,0,0,0,0,0,0,0,0,0,0,0,0,0,0,0,0,0,0,0,0,0
14330,0,0,0,0,0,0,0,0,0,0,0,0,0,0,0,0,0,0,0,0,0
14331,0,0,0,0,0,0,0,0,0,0,0,0,0,0,0,0,0,0,0,0,0
14332,1,1,1,1,1,1,1,1,1,1,1,1,1,1,1,1,1,1,1,1,1
14333,1,1,1,1,1,1,1,1,1,1,1,1,1,1,1,1,1,1,1,1,1
14334,6,8,8,7,7,7,7,8,9,9,8,8,8,7,8,9,9,9,8,8,9
14335,1,1,1,1,1,1,1,1,1,1,1,1,1,1,1,1,1,1,1,1,1
14336,7,5,4,4,4,4,4,4,4,4,4,4,4,4,4,4,4,3,4,4,3
14337,2,2,2,2,2,2,2,2,2,3,3,2,2,2,2,2,3,2,2,2,2
14338,13,12,11,13,15,13,13,12,11,10,13,15,13,12,11,10,10,13,14,12,12
14339,1,1,1,1,1,1,1,1,1,1,1,1,1,1,1,1,1,1,1,1,1
14340,3,3,3,4,3,3,3,3,3,4,4,3,3,3,3,3,4,4,3,3,3
14341,3,3,3,3,3,3,3,4,3,4,4,3,3,3,4,3,4,4,3,3,3
14342,0,1,1,1,0,1,1,1,1,1,1,1,1,1,1,1,1,1,1,1,1
14343,4,4,3,3,2,2,3,3,3,3,3,3,3,3,3,4,4,3,3,3,3
14344,31,32,35,41,42,41,34,31,32,34,41,41,41,33,29,29,32,39,39,39,32
14345,0,0,0,0,0,0,0,0,0,0,0,0,0,0,0,0,0,0,0,0,0
14346,1,1,1,1,1,1,1,1,1,1,1,1,1,1,1,1,1,1,1,1,1
14347,1,1,1,1,1,1,1,1,1,1,1,1,1,1,1,1,1,1,1,1,1
14348,10,10,11,11,11,11,11,11,12,12,11,11,11,10,10,10,10,10,10,9,9
14349,9,9,8,8,8,7,8,9,9,8,8,8,7,8,9,9,8,8,8,7,8
14350,3,3,2,2,2,2,2,2,2,2,2,2,2,2,2,2,2,2,2,2,2
14351,0,0,0,0,0,0,0,0,0,0,0,0,0,0,0,0,0,0,0,0,0
14352,0,0,0,0,0,0,0,0,0,0,0,0,0,0,0,0,0,0,0,0,0
14353,2,2,2,2,2,2,2,1,1,1,1,1,1,1,1,1,1,1,1,1,1
14354,1,1,1,1,1,1,1,1,1,1,1,1,1,1,1,1,1,1,1,1,1
14355,1,1,1,1,0,0,1,1,1,1,1,1,1,1,1,1,1,1,0,0,1
14356,0,0,0,0,0,0,0,0,0,0,0,0,0,0,0,0,0,0,0,0,0
14357,0,0,0,0,0,0,0,0,0,0,0,0,0,0,0,0,0,0,0,0,0
14358,0,0,0,0,0,0,0,0,0,0,0,0,0,0,0,0,0,0,0,0,0
14359,0,0,0,0,0,0,0,0,0,0,0,0,0,0,0,0,0,0,0,0,0
14360,0,0,0,0,0,0,0,0,0,0,0,0,0,0,0,0,0,0,0,0,0
14361,1,1,1,1,1,1,1,1,1,1,1,1,1,1,1,1,1,1,1,1,1
14362,2,2,2,2,2,2,2,2,2,2,2,1,1,2,2,2,2,1,1,1,2
14363,0,0,0,0,0,0,0,0,0,0,0,0,0,0,0,0,0,0,0,0,0
14364,0,0,0,0,0,0,0,0,0,0,0,0,0,0,0,0,0,0,0,0,0
14365,0,0,0,0,0,0,0,0,0,0,0,0,0,0,0,0,0,0,0,0,0
14366,0,0,0,0,0,0,0,0,0,0,0,0,0,0,0,0,0,0,0,0,0
14367,0,0,0,0,0,0,0,0,0,0,0,0,0,0,0,0,0,0,0,0,0
14368,0,0,0,0,0,0,0,0,0,0,0,0,0,0,0,0,0,0,0,0,0
14369,0,0,0,0,0,0,0,0,0,0,0,0,0,0,0,0,0,0,0,0,0
14370,11,11,11,10,9,8,9,10,11,10,10,9,8,9,10,11,10,10,9,8,9
14371,12,14,16,15,12,10,10,14,15,17,15,12,10,10,14,15,16,15,12,10,10
14372,1,1,1,1,1,1,1,1,1,2,1,1,1,1,1,1,2,1,1,1,1
14373,3,4,4,4,3,3,2,3,4,4,4,3,3,2,3,4,4,4,3,3,2
14374,141,175,173,161,142,135,155,199,221,175,146,124,126,152,184,206,179,158,134,131,151
14375,437,484,548,514,441,365,336,437,484,548,514,441,365,336,437,484,548,514,441,365,336
14376,1,2,2,2,1,1,1,1,2,2,2,1,1,1,1,2,2,2,1,1,1
14377,1,1,1,1,1,1,1,1,1,1,1,1,1,0,1,1,1,1,1,1,1
14378,1,1,1,1,1,1,1,1,1,1,1,1,1,1,1,1,1,1,1,1,1
14379,0,0,0,0,0,0,0,0,0,0,0,0,0,0,0,0,0,0,0,0,0
14380,0,0,0,0,0,0,0,0,0,0,0,0,0,0,0,0,0,0,0,0,0
14381,0,1,0,0,0,0,0,0,1,0,0,0,0,0,0,1,0,0,0,0,0
14382,2,3,3,3,2,2,2,2,3,3,3,2,2,2,2,3,3,3,2,2,2
14383,8,7,5,5,4,4,4,5,5,5,4,4,4,4,4,4,5,4,4,3,4
14384,2,2,2,2,2,2,2,2,2,2,2,2,2,2,2,2,2,2,2,2,2
14385,46,47,46,41,34,35,37,44,48,47,43,36,36,38,46,50,50,46,40,41,46
14386,0,0,0,0,0,0,0,0,0,0,0,0,0,0,0,0,0,0,0,0,0
14387,0,0,0,0,0,0,0,0,0,0,0,0,0,0,0,0,0,0,0,0,0
14388,0,0,0,0,0,0,0,0,0,0,0,0,0,0,0,0,0,0,0,0,0
14389,0,0,0,0,0,0,0,0,0,0,0,0,0,0,0,0,0,0,0,0,0
14390,0,0,0,0,0,0,0,0,0,0,0,0,0,0,0,0,0,0,0,0,0
14391,5,4,4,4,4,5,6,7,6,5,5,5,6,7,7,6,5,5,5,5,6
14392,1,1,1,1,1,2,1,1,2,2,2,2,2,2,2,2,2,2,2,2,2
14393,3,3,3,2,2,1,1,3,3,3,2,2,1,1,3,3,3,2,2,1,1
14394,1,1,1,1,1,1,1,1,1,1,1,1,1,1,1,1,1,1,1,1,1
14395,0,0,0,0,0,0,0,0,0,0,0,0,0,0,0,0,0,0,0,0,0
14396,1,1,1,1,1,1,1,1,1,1,1,1,1,1,1,1,1,1,1,1,1
14397,21,21,20,18,16,15,17,20,21,20,19,17,16,17,20,21,19,18,16,15,16
14398,0,0,0,0,0,0,0,0,0,0,0,0,0,0,0,0,0,0,0,0,0
14399,3,3,3,3,3,2,3,3,3,3,3,3,3,3,3,3,3,3,3,3,3
14400,3,4,4,3,3,2,3,3,4,4,3,3,2,3,3,4,4,3,3,2,3
14401,0,1,0,1,1,0,0,1,1,0,1,1,0,0,1,1,0,1,1,0,0
14402,6,6,6,5,4,4,4,5,5,5,4,4,4,4,5,5,5,4,4,4,4
14403,2,2,1,1,1,1,1,1,1,1,1,1,1,1,1,1,1,1,1,1,1
14404,175,190,206,189,170,156,157,177,190,194,180,155,137,135,169,202,223,209,187,181,200
14405,1,1,1,1,1,1,1,1,1,1,1,1,1,1,1,1,1,1,1,1,1
14406,2,3,3,3,2,2,2,3,3,3,3,3,3,3,3,3,3,3,3,3,3
14407,0,0,0,0,0,0,0,0,0,0,0,0,0,0,0,0,0,0,0,0,0
14408,0,0,0,0,0,0,0,0,0,0,0,0,0,0,0,0,0,0,0,0,0
14409,0,0,0,0,0,0,0,0,0,0,0,0,0,0,0,0,0,0,0,0,0
14410,0,0,0,0,0,0,0,0,0,0,0,0,0,0,0,0,0,0,0,0,0
14411,3,3,3,2,2,2,2,2,3,2,2,2,2,2,3,3,3,2,2,2,2
14412,1,1,1,1,1,1,1,1,1,1,1,1,1,1,1,1,1,1,1,1,1
14413,10,11,11,11,9,8,8,9,10,10,9,8,7,7,8,9,8,8,7,6,6
14414,0,0,0,0,0,0,0,0,0,0,0,0,0,0,0,0,0,0,0,0,0
14415,0,0,0,0,0,0,0,0,0,0,0,0,0,0,0,0,0,0,0,0,0
14416,0,0,0,0,0,0,0,0,0,0,0,0,0,0,0,0,0,0,0,0,0
14417,1,1,2,2,1,0,1,1,1,2,2,1,0,0,1,1,2,2,1,0,1
14418,2,3,4,3,3,2,2,2,3,4,3,3,2,2,2,3,4,3,3,2,2
14419,0,0,0,0,0,0,0,0,0,0,0,0,0,0,0,0,0,0,0,0,0
14420,69,71,63,52,46,44,47,58,61,56,48,43,41,46,56,58,54,48,43,43,49
14421,12,15,14,13,10,8,7,9,13,13,12,9,8,6,8,12,12,11,9,7,6
14422,36,40,40,41,34,27,27,31,36,36,39,32,25,25,26,29,30,34,27,21,20
14423,1,1,1,1,1,1,1,1,1,1,1,1,1,1,1,1,1,1,1,1,1
14424,0,1,0,0,0,0,0,0,1,1,0,0,0,0,0,1,1,0,0,0,0
14425,7,8,7,6,6,5,5,6,7,6,6,5,5,5,6,6,6,6,5,5,5
14426,29,36,29,25,21,18,20,24,33,27,23,19,17,19,23,31,26,23,19,17,19
14427,3,3,3,2,2,2,2,3,3,3,2,2,2,2,3,3,3,2,2,2,2
14428,0,0,0,0,0,0,0,0,0,0,0,0,0,0,0,0,0,0,0,0,0
14429,2,2,2,2,1,1,2,2,2,2,2,2,1,2,2,2,2,2,1,1,2
14430,0,1,1,0,0,0,0,0,1,1,0,0,0,0,0,1,1,0,0,0,0
14431,15,16,15,13,12,10,10,14,16,15,13,11,10,10,13,15,14,12,11,10,10
14432,2,3,2,2,2,2,2,2,4,3,2,3,2,2,2,4,3,2,3,2,2
14433,3,3,2,2,2,1,2,2,2,2,2,2,2,2,2,2,2,2,2,2,2
14434,20,22,23,21,18,16,16,19,23,24,23,19,17,17,20,23,24,22,19,17,16
14435,64,73,84,80,69,59,58,77,85,87,79,67,58,57,72,73,75,68,56,48,51
14436,1,1,1,1,1,1,1,1,1,1,1,1,1,1,1,1,1,1,1,1,1
14437,6,8,7,7,4,4,4,6,7,7,7,4,4,4,5,7,7,7,4,4,4
14438,2,2,2,1,1,1,1,1,1,1,1,1,1,1,1,1,1,1,1,1,1
14439,2,2,3,2,2,1,1,2,2,3,2,2,1,1,2,2,3,2,2,1,1
14440,0,0,0,0,0,0,0,0,0,0,0,0,0,0,0,0,0,0,0,0,0
14441,76,76,74,64,58,49,52,63,65,63,57,52,45,49,59,58,57,54,49,43,47
14442,0,0,0,0,0,0,0,0,0,0,0,0,0,0,0,0,0,0,0,0,0
14443,45,48,49,44,41,35,36,44,47,45,41,37,33,34,40,41,40,37,34,30,31
14444,1,1,1,1,1,1,1,1,1,1,1,1,1,1,1,1,1,1,1,1,1
14445,22,20,17,15,14,13,14,17,18,16,15,15,14,15,18,18,17,16,15,15,16
14446,1,1,1,1,0,1,1,1,1,1,1,0,0,1,1,1,1,1,0,0,1
14447,37,39,38,32,29,24,27,32,35,35,29,26,22,24,29,30,31,26,23,19,21
14448,1,2,2,2,2,2,2,3,3,3,3,2,2,2,3,3,3,3,2,2,2
14449,5,4,3,3,3,3,3,4,4,3,3,3,3,3,4,4,3,3,3,3,3
14450,0,0,0,0,0,0,0,0,0,0,0,0,0,0,0,0,0,0,0,0,0
14451,0,0,0,1,1,0,0,0,0,0,1,1,0,0,0,0,1,1,1,0,0
14452,0,0,0,0,0,0,0,0,0,0,0,0,0,0,0,0,0,0,0,0,0
14453,25,24,21,18,16,15,16,18,19,19,16,15,14,16,18,17,17,16,14,13,15
14454,6,7,6,6,5,4,5,6,6,6,5,4,4,4,4,5,4,4,3,3,3
14455,4,3,3,3,3,2,3,3,3,3,3,2,2,2,2,3,2,2,2,2,2
14456,2,2,2,2,2,2,2,2,2,2,2,2,2,2,2,2,2,2,2,2,2
14457,8,7,6,6,5,5,5,6,7,6,5,5,5,5,6,6,6,5,5,5,5
14458,0,0,0,0,0,0,0,0,0,0,0,0,0,0,0,0,0,0,0,0,0
14459,3,3,2,2,2,2,2,3,3,3,3,3,3,3,3,3,3,3,3,3,3
14460,2,2,2,2,2,2,3,3,3,3,2,2,2,3,3,3,2,2,2,2,2
14461,0,0,0,0,0,0,0,0,0,0,0,0,0,0,0,0,0,0,0,0,0
14462,0,0,0,0,0,0,0,0,0,0,0,0,0,0,0,0,0,0,0,0,0
14463,0,0,0,0,0,0,0,0,0,0,0,0,0,0,0,0,0,0,0,0,0
14464,1,0,0,0,0,1,1,1,0,0,0,0,1,1,1,0,0,0,0,1,1
14465,0,0,0,0,0,0,0,0,0,0,0,0,0,0,0,0,0,0,0,0,0
14466,2,3,3,2,2,2,2,3,3,3,2,2,2,2,3,3,3,2,2,2,3
14467,0,0,0,0,0,0,0,0,0,0,0,0,0,0,0,0,0,0,0,0,0
14468,0,0,0,0,0,0,0,0,0,0,0,0,0,0,0,0,0,0,0,0,0
14469,0,0,0,0,0,0,0,0,0,0,0,0,0,0,0,0,0,0,0,0,0
14470,0,0,0,0,0,0,0,0,0,0,0,0,0,0,0,0,0,0,0,0,0
14471,0,0,1,0,0,0,0,0,0,1,0,0,0,0,0,0,1,0,0,0,0
14472,0,0,0,0,0,0,0,0,0,0,0,0,0,0,0,0,0,0,0,0,0
14473,0,0,0,0,0,0,0,0,0,0,0,0,0,0,0,0,0,0,0,0,0
14474,0,0,0,0,0,0,0,0,0,0,0,0,0,0,0,0,0,0,0,0,0
14475,0,0,0,0,0,0,0,0,0,0,0,0,0,0,0,0,0,0,0,0,0
14476,0,0,0,0,0,0,0,0,0,0,0,0,0,0,0,0,0,0,0,0,0
14477,0,0,0,0,0,0,0,0,0,0,0,0,0,0,0,0,0,0,0,0,0
14478,0,0,0,0,0,0,0,0,0,0,0,0,0,0,0,0,0,0,0,0,0
14479,0,0,0,0,0,0,0,0,0,0,0,0,0,0,0,0,0,0,0,0,0
14480,0,0,0,0,0,0,0,0,0,0,0,0,0,0,0,0,0,0,0,0,0
14481,0,0,0,0,0,0,0,0,0,0,0,0,0,0,0,0,0,0,0,0,0
14482,0,0,0,0,0,0,0,0,0,0,0,0,0,0,0,0,0,0,0,0,0
14483,0,0,0,0,0,0,0,0,0,0,0,0,0,0,0,0,0,0,0,0,0
14484,0,0,0,0,0,0,0,0,0,0,0,0,0,0,0,0,0,0,0,0,0
14485,0,0,0,0,0,0,0,0,0,0,0,0,0,0,0,0,0,0,0,0,0
14486,1,1,2,2,2,1,2,2,2,2,2,2,1,2,2,2,2,2,2,1,2
14487,0,0,0,0,0,0,0,0,0,0,0,0,0,0,0,0,0,0,0,0,0
14488,0,0,0,0,0,0,0,0,0,0,0,0,0,0,0,0,0,0,0,0,0
14489,0,0,0,0,0,0,0,0,0,0,0,0,0,0,0,0,0,0,0,0,0
14490,0,0,0,0,0,0,0,0,0,0,0,0,0,0,0,0,0,0,0,0,0
14491,0,0,0,0,0,0,0,0,0,0,0,0,0,0,0,0,0,0,0,0,0
14492,1,1,1,1,1,0,0,1,1,1,1,1,0,0,1,1,1,1,1,0,0
14493,0,0,0,0,0,0,0,0,0,0,0,0,0,0,0,0,0,0,0,0,0
14494,0,0,0,0,0,0,0,0,0,0,0,0,0,0,0,0,0,0,0,0,0
14495,1,1,0,1,1,1,1,1,1,0,1,1,1,1,1,1,0,1,1,1,1
14496,0,0,0,0,0,0,0,0,0,0,0,0,0,0,0,0,0,0,0,0,0
14497,0,0,0,0,0,0,0,0,0,0,0,0,0,0,0,0,0,0,0,0,0
14498,0,0,0,0,0,0,0,0,0,0,0,0,0,0,0,0,0,0,0,0,0
14499,0,0,0,0,0,0,0,0,0,0,0,0,0,0,0,0,0,0,0,0,0
14500,0,0,0,0,0,0,0,0,0,0,0,0,0,0,0,0,0,0,0,0,0
14501,2,3,2,2,2,2,2,2,3,2,2,2,2,2,2,2,2,2,2,2,2
14502,0,0,0,0,0,0,0,0,0,0,0,0,0,0,0,0,0,0,0,0,0
14503,0,0,0,0,0,0,0,0,0,0,0,0,0,0,0,0,0,0,0,0,0
14504,0,0,0,0,0,0,0,0,0,0,0,0,0,0,0,0,0,0,0,0,0
14505,12,11,10,8,7,7,7,8,8,7,6,6,6,6,7,7,7,7,6,6,6
14506,0,0,0,0,0,0,0,0,0,0,0,0,0,0,0,0,0,0,0,0,0
14507,4,4,3,3,3,4,3,4,4,4,4,4,4,3,4,4,3,3,3,3,3
14508,2,2,2,2,1,1,1,2,2,2,2,1,1,1,2,2,2,2,1,1,1
14509,14,14,13,11,9,8,8,10,11,11,10,9,8,8,9,11,12,10,9,8,8
14510,11,12,12,10,9,8,8,10,11,11,10,9,8,8,10,11,11,10,9,8,8
14511,0,0,0,0,0,0,0,0,0,0,0,0,0,0,0,0,0,0,0,0,0
14512,1,1,1,1,1,1,0,1,1,1,1,1,1,0,1,1,1,1,1,1,0
14513,1,3,3,3,3,0,0,1,3,3,3,3,0,0,1,3,3,3,3,0,0
14514,12,13,12,11,10,9,9,10,12,11,11,9,9,9,10,11,11,10,9,9,9
14515,2,2,2,2,2,2,2,2,2,2,2,2,2,2,2,3,3,2,2,2,2
14516,6,8,7,6,4,3,4,6,8,7,6,4,3,4,6,8,7,6,4,3,4
14517,3,4,3,3,3,2,2,3,4,3,3,3,2,2,4,4,3,3,3,2,3
14518,0,0,0,0,0,0,0,0,0,0,0,0,0,0,0,0,0,0,0,0,0
14519,1,2,2,2,1,1,1,1,2,2,2,1,1,1,1,2,2,2,1,1,1
14520,14,15,13,11,9,8,9,11,12,11,10,9,8,9,10,11,11,10,9,8,9
14521,9,11,10,9,7,6,6,7,9,9,8,6,6,6,7,8,8,8,6,6,6
14522,28,34,37,33,28,24,25,30,36,36,33,28,25,27,32,38,41,38,33,29,32
14523,36,38,37,31,26,22,23,27,31,30,28,24,21,22,26,29,30,29,25,22,23
14524,2,2,3,3,2,2,2,3,3,3,3,3,2,2,3,3,3,3,3,2,3
14525,0,0,0,0,0,0,0,0,0,0,0,0,0,0,0,0,0,0,0,0,0
14526,83,94,90,77,63,53,56,63,73,72,66,58,50,52,62,72,75,71,64,56,60
14527,5,5,4,4,4,3,3,4,4,4,4,4,3,3,3,4,4,3,3,3,3
14528,12,13,12,10,8,8,9,10,11,10,9,8,8,8,10,10,10,10,8,8,9
14529,2,2,3,2,2,2,2,3,3,3,3,2,2,2,3,3,3,2,2,2,2
14530,3,3,3,3,3,3,3,4,4,3,3,3,3,3,3,3,3,3,3,3,3
14531,0,0,0,0,0,0,0,0,0,0,0,0,0,0,0,0,0,0,0,0,0
14532,9,8,8,7,6,6,6,7,7,7,7,6,6,6,7,7,7,6,6,6,6
14533,3,3,3,3,3,3,3,3,3,3,3,2,2,3,3,3,3,3,2,2,3
14534,0,0,0,0,0,0,0,0,0,0,0,0,0,0,0,0,0,0,0,0,0
14535,0,0,0,0,0,0,0,0,0,0,0,0,0,0,0,0,0,0,0,0,0
14536,0,1,1,0,0,0,0,1,1,1,0,0,0,0,1,1,1,0,0,0,0
14537,0,1,1,0,0,0,0,1,1,1,0,0,0,0,1,1,1,0,0,0,0
14538,0,0,0,0,0,0,0,0,0,0,0,0,0,0,0,0,0,0,0,0,0
14539,3,3,3,3,2,2,2,3,3,3,2,2,2,2,3,3,3,2,2,2,2
14540,2,2,2,2,1,1,2,2,2,2,2,1,1,2,2,2,2,2,1,1,2
14541,7,8,8,7,7,7,7,8,9,8,7,7,7,7,8,9,8,8,7,7,8
14542,0,0,0,0,1,1,0,0,0,0,0,1,1,0,0,0,0,0,1,1,0
14543,0,0,0,0,0,0,0,0,0,0,0,0,0,0,0,0,0,0,0,0,0
14544,0,0,0,0,0,0,0,0,0,0,0,0,0,0,0,0,0,0,0,0,0
14545,0,0,0,0,0,0,0,0,0,0,0,0,0,0,0,0,0,0,0,0,0
14546,0,0,0,0,0,0,0,0,0,0,0,0,0,0,0,0,0,0,0,0,0
14547,0,0,0,0,0,0,0,0,0,0,0,0,0,0,0,0,0,0,0,0,0
14548,1,1,1,0,1,1,1,1,1,1,1,0,0,0,0,0,0,0,0,0,0
14549,0,0,0,0,0,0,0,0,0,0,0,0,0,0,0,0,0,0,0,0,0
14550,0,0,0,0,0,0,0,0,0,0,0,0,0,0,0,0,0,0,0,0,0
14551,1,2,2,2,2,1,1,2,2,2,2,2,1,1,1,2,2,2,2,1,1
14552,2,2,2,2,2,2,2,2,2,2,2,2,2,2,2,2,2,2,2,2,2
14553,5,6,5,5,4,4,4,5,6,5,5,4,4,4,5,6,5,5,4,4,4
14554,7,7,6,5,5,6,6,7,7,6,5,5,6,6,7,7,6,5,5,6,6
14555,0,0,0,0,0,0,0,0,0,0,0,0,0,0,0,0,0,0,0,0,0
14556,0,0,0,0,0,0,0,0,0,0,0,0,0,0,0,0,0,0,0,0,0
14557,0,0,0,0,0,0,0,0,0,0,0,0,0,0,0,0,0,0,0,0,0
14558,2,2,2,2,1,2,2,2,2,2,2,2,2,2,2,2,2,2,1,1,2
14559,1,1,1,1,0,1,0,1,1,1,1,0,1,0,1,1,1,1,0,1,0
14560,4,3,3,6,6,5,4,4,3,3,6,6,5,4,4,3,3,6,6,5,4
14561,4,5,5,4,4,4,4,5,5,5,5,5,4,4,5,6,6,5,5,4,5
14562,11,10,10,9,8,8,8,8,8,8,7,6,7,7,7,7,7,6,6,6,6
14563,2,2,2,2,2,2,2,2,2,2,2,2,2,2,2,2,2,2,2,2,2
14564,1,1,1,1,1,1,1,1,1,1,1,1,1,1,1,1,1,1,1,1,1
14565,0,0,0,0,0,0,0,0,0,0,0,0,0,0,0,0,0,0,0,0,0
14566,0,1,1,1,1,0,0,0,1,1,1,1,0,0,0,1,1,1,1,0,0
14567,0,1,1,1,0,0,0,0,1,1,1,0,0,0,0,1,1,0,0,0,0
14568,1,1,1,1,1,1,1,1,1,1,1,1,1,1,1,1,1,1,1,1,1
14569,4,5,5,5,5,4,3,4,5,5,5,5,4,3,4,5,5,5,5,4,3
14570,10,10,13,10,8,8,8,10,10,13,10,8,8,8,10,10,13,10,8,8,8
14571,283,275,265,212,163,145,149,189,227,237,202,161,145,151,198,238,254,220,180,163,173
14572,21,23,26,25,21,19,19,21,23,26,25,21,19,19,21,23,26,25,21,19,19
14573,28,25,25,26,21,23,29,31,28,27,27,21,22,27,30,27,27,27,21,24,31
14574,15,13,13,15,12,16,14,15,13,13,15,12,16,14,15,13,13,15,12,16,14
14575,6,5,5,3,4,3,4,3,3,4,3,4,3,4,3,3,4,3,3,3,3
14576,202,182,156,125,100,112,132,147,143,127,108,92,111,135,167,173,174,156,142,159,191
14577,6,4,4,4,5,5,5,6,4,4,4,5,5,5,6,4,4,4,5,5,5
14578,491,515,557,543,466,402,355,462,510,568,557,477,413,370,492,547,617,604,517,449,409
14579,448,375,491,538,483,402,378,432,413,550,600,515,423,394,475,503,690,738,667,575,549
14580,513,493,580,560,496,434,404,489,512,607,589,511,444,407,513,554,667,640,564,507,510
14581,121,107,114,145,141,129,133,122,114,125,157,150,134,135,126,118,127,156,149,136,141
14582,149,119,115,105,103,87,99,119,118,132,124,118,99,110,141,151,169,155,144,124,138
14583,10,10,15,14,10,9,8,10,10,15,14,10,9,8,10,10,15,14,11,9,8
14584,228,147,218,295,249,162,200,240,162,229,307,258,168,206,259,201,279,354,307,227,277
14585,224,181,281,329,300,241,250,281,227,297,338,304,244,245,279,234,322,367,330,273,284
14586,469,494,547,538,463,398,354,454,483,545,539,465,401,358,465,496,559,555,483,422,385
14587,83,68,84,99,97,78,79,83,68,84,99,97,78,79,83,68,84,99,97,78,79
14588,290,295,301,283,231,200,227,307,346,346,325,256,220,245,356,441,491,458,389,368,462
14589,37,35,44,40,36,28,30,37,35,44,40,36,28,30,37,35,44,40,36,28,30
14590,27,26,28,26,25,21,22,26,26,27,24,22,19,20,24,24,25,23,22,19,20
14591,205,190,165,153,137,129,135,158,174,170,171,157,146,151,185,215,221,219,211,211,227
14592,132,107,111,118,118,111,127,132,107,110,119,118,111,124,130,106,113,123,124,118,136
14593,456,422,483,496,406,419,388,481,491,544,541,438,449,413,514,540,622,608,491,493,473
14594,7,8,9,9,8,6,6,7,8,9,9,8,6,6,7,8,9,9,8,7,6
14595,1,0,0,0,0,0,1,1,0,0,0,0,0,1,1,0,0,0,0,0,1
14596,1,0,1,0,0,0,0,0,0,1,1,0,0,0,0,0,1,0,0,0,0
14597,0,0,0,0,0,0,0,0,0,0,0,0,0,0,0,0,0,0,0,0,0
14598,2,2,2,4,3,2,1,2,2,3,4,3,2,1,2,2,3,4,3,2,2
14599,0,0,0,0,0,0,0,0,0,0,0,0,0,0,0,0,0,0,0,0,0
14600,0,0,0,0,0,0,0,0,0,0,0,0,0,0,0,0,0,0,0,0,0
14601,0,0,0,0,0,0,0,0,0,0,0,0,0,0,0,0,0,0,0,0,0
14602,0,0,0,0,0,0,0,0,0,0,0,0,0,0,0,0,0,0,0,0,0
14603,0,0,0,0,0,0,0,0,0,0,0,0,0,0,0,0,0,0,0,0,0
14604,0,0,0,0,0,0,0,0,0,0,0,0,0,0,0,0,0,0,0,0,0
14605,3,2,2,3,2,1,1,2,1,2,3,2,1,1,2,1,2,3,2,1,1
14606,0,0,0,1,1,1,1,1,1,1,1,1,1,2,1,1,1,1,1,2,2
14607,0,0,0,0,0,0,0,0,0,0,0,0,0,0,0,0,0,0,0,0,0
14608,0,0,0,0,0,0,0,0,0,0,0,0,0,0,0,0,0,0,0,0,0
14609,1,1,0,1,0,0,1,1,1,0,1,0,0,1,1,1,0,1,0,0,1
14610,0,0,0,0,0,0,0,0,0,0,0,0,0,0,0,0,0,0,0,0,0
14611,0,0,0,0,0,0,0,0,0,0,0,0,0,0,0,0,0,0,0,0,0
14612,0,0,0,0,0,0,0,0,0,0,0,0,0,0,0,0,0,0,0,0,0
14613,1,1,2,1,1,1,1,1,1,1,1,1,1,1,1,1,1,1,1,1,1
14614,6,7,7,7,5,4,4,4,7,7,6,4,3,3,3,5,5,5,3,3,2
14615,2,2,2,2,1,1,1,2,2,3,2,1,1,1,2,2,3,2,1,1,1
14616,15,16,15,14,10,9,10,11,14,15,13,8,7,8,9,12,12,11,7,6,6
14617,8,8,9,7,7,7,8,10,12,13,12,11,9,9,11,13,14,12,11,10,11
14618,1,1,1,1,1,1,1,1,1,1,1,1,1,1,1,1,1,1,1,1,1
14619,1,1,1,1,1,1,1,1,1,1,1,1,1,1,1,1,1,1,1,1,1
14620,1,1,1,1,1,0,0,1,1,1,1,1,0,0,1,1,1,1,1,0,0
14621,1,1,2,2,1,1,1,1,1,2,2,1,1,1,1,1,2,2,1,1,1
14622,0,0,0,0,0,0,0,0,0,0,0,0,0,0,0,0,0,0,0,0,0
14623,1,1,1,1,1,1,1,1,1,1,1,1,1,1,1,1,1,1,1,1,1
14624,0,0,0,0,0,0,0,0,0,0,0,0,0,0,0,0,0,0,0,0,0
14625,3,4,4,4,4,3,3,4,4,4,4,4,3,3,4,4,4,4,3,3,3
14626,0,0,0,0,0,0,0,0,0,0,0,0,0,0,0,0,0,0,0,0,0
14627,0,0,0,0,0,0,0,0,0,0,0,0,0,0,0,0,0,0,0,0,0
14628,0,0,0,0,0,0,0,0,0,0,0,0,0,0,0,0,0,0,0,0,0
14629,0,0,0,0,0,0,0,0,0,0,0,0,0,0,0,0,0,0,0,0,0
14630,0,0,0,0,0,0,0,0,0,0,0,0,0,0,0,0,0,0,0,0,0
14631,0,0,0,0,0,0,0,0,0,0,0,0,0,0,0,0,0,0,0,0,0
14632,0,0,0,0,0,0,0,0,0,0,0,0,0,0,0,0,0,0,0,0,0
14633,2,2,3,2,2,2,1,2,2,3,2,2,2,1,2,2,3,2,2,2,1
14634,0,0,0,0,0,0,0,0,0,0,0,0,0,0,0,0,0,0,0,0,0
14635,0,0,0,1,0,0,0,0,0,0,1,0,0,0,0,0,0,1,0,0,0
14636,0,0,0,0,0,0,0,0,0,0,0,0,0,0,0,0,0,0,0,0,0
14637,0,0,0,0,0,0,0,0,0,0,0,0,0,0,0,0,0,0,0,0,0
14638,0,0,0,0,0,0,0,0,0,0,0,0,0,0,0,0,0,0,0,0,0
14639,0,0,0,0,0,0,0,0,0,0,0,0,0,0,0,0,0,0,0,0,0
14640,1,1,1,1,1,1,1,1,1,1,1,1,1,1,1,1,1,1,1,1,1
14641,0,0,0,0,0,0,0,0,0,0,0,0,0,0,0,0,0,0,0,0,0
14642,0,0,0,0,0,0,0,0,0,0,0,0,0,0,0,0,0,0,0,0,0
14643,0,0,0,1,1,0,0,0,0,0,1,1,0,0,0,0,0,1,1,0,0
14644,2,2,2,2,1,1,2,2,2,2,2,1,1,1,2,2,2,1,1,1,1
14645,0,1,1,1,1,0,1,1,1,1,1,1,1,1,1,1,1,1,1,1,1
14646,0,0,0,0,0,0,0,0,1,0,0,0,0,0,0,0,0,0,0,0,0
14647,1,1,2,1,1,1,1,1,1,2,1,1,1,1,1,1,2,1,1,1,1
14648,0,0,0,0,0,0,0,0,0,0,0,0,0,0,0,0,0,0,0,0,0
14649,1,1,1,2,1,1,1,1,1,1,2,1,1,1,1,1,1,2,1,1,1
14650,13,13,13,13,13,12,11,12,13,12,11,11,11,10,10,11,11,11,11,10,10
14651,2,2,3,2,2,2,2,2,2,3,2,2,2,2,2,2,2,2,2,2,2
14652,3,4,4,3,3,2,3,4,4,4,3,3,2,3,4,4,4,3,3,3,3
14653,0,0,0,0,0,0,0,0,0,0,0,0,0,0,0,0,0,0,0,0,0
14654,3,2,2,2,2,1,2,2,1,2,2,2,1,1,2,1,1,1,2,1,1
14655,0,0,0,0,0,0,0,0,0,0,0,0,0,0,0,0,0,0,0,0,0
14656,0,0,0,0,0,0,0,0,0,0,0,0,0,0,0,0,0,0,0,0,0
14657,0,0,0,0,0,0,0,0,0,0,0,0,0,0,0,0,0,0,0,0,0
14658,0,0,0,0,0,0,0,0,0,0,0,0,0,0,0,0,0,0,0,0,0
14659,2,2,2,2,1,1,2,2,2,2,1,1,1,2,2,2,2,1,1,1,1
14660,44,40,39,28,27,34,36,46,42,40,29,27,33,35,45,40,39,28,27,34,38
14661,5,5,5,5,5,4,5,5,5,5,5,4,4,5,5,5,5,4,4,4,4
14662,0,0,0,0,0,0,0,0,0,0,0,0,0,0,0,0,0,0,0,0,0
14663,1,1,1,0,0,0,0,1,1,1,0,0,0,0,1,1,1,1,1,0,1
14664,4,4,3,3,3,3,3,4,3,3,3,3,3,3,4,3,3,3,2,3,3
14665,0,0,0,0,0,0,0,0,0,0,0,0,0,0,0,0,0,0,0,0,0
14666,1,1,1,1,1,1,1,1,1,1,1,1,1,1,1,1,1,1,1,1,1
14667,8,5,4,3,2,2,2,1,1,1,1,0,0,0,0,0,0,0,0,0,0
14668,1,2,2,1,1,1,1,1,2,2,1,1,1,1,1,2,2,1,1,1,1
14669,0,0,0,0,0,0,0,0,0,0,0,0,0,0,0,0,0,0,0,0,0
14670,0,0,0,0,0,1,0,0,0,0,0,0,1,0,0,0,0,0,0,1,0
14671,0,0,0,0,0,0,0,0,0,0,0,0,0,0,0,0,0,0,0,0,0
14672,0,0,0,0,0,0,0,0,0,0,0,0,0,0,0,0,0,0,0,0,0
14673,1,1,1,1,1,1,1,1,1,1,1,1,1,1,1,1,1,1,1,1,1
14674,3,4,4,3,2,2,2,3,3,3,3,2,2,2,3,3,3,3,2,2,2
14675,0,1,1,0,0,0,0,0,1,1,0,0,0,0,0,1,1,0,0,0,0
14676,1,1,1,1,1,1,1,1,1,1,1,1,1,0,1,1,1,1,1,1,0
14677,0,1,0,0,0,0,0,1,1,0,0,0,0,0,0,1,0,0,0,0,0
14678,0,0,0,0,0,0,0,0,0,0,0,0,0,0,0,0,0,0,0,0,0
14679,0,0,0,0,0,0,0,0,0,0,0,0,0,0,0,0,0,0,0,0,0
14680,6,7,8,6,4,4,5,6,7,8,6,4,4,5,6,7,8,6,4,5,5
14681,0,0,0,0,0,0,0,0,0,0,0,0,0,0,0,0,0,0,0,0,0
14682,4,4,3,3,3,3,3,3,4,4,3,3,3,3,3,4,4,3,3,3,3
14683,7,8,9,9,7,6,6,8,9,10,9,7,6,5,7,9,9,8,6,5,5
14684,61,91,87,70,51,40,43,61,95,96,80,58,42,41,61,96,97,80,57,46,52
14685,0,0,0,0,0,0,0,0,0,0,0,0,0,0,0,0,0,0,0,0,0
14686,0,0,0,0,1,1,1,1,1,1,1,1,1,1,1,1,1,1,1,1,1
14687,3,3,2,1,1,1,1,1,1,1,1,1,1,1,1,1,1,1,1,1,1
14688,0,0,0,0,0,0,0,0,0,0,0,0,0,0,0,0,0,0,0,0,0
14689,2,2,1,2,1,1,1,1,1,1,1,1,1,1,1,1,1,1,1,1,1
14690,0,0,0,0,0,0,0,0,0,0,0,0,0,0,0,0,0,0,0,0,0
14691,0,0,0,0,0,0,0,0,0,0,0,0,0,0,0,0,0,0,0,0,0
14692,0,0,0,0,0,0,0,0,0,0,0,0,0,0,0,0,0,0,0,0,0
14693,0,0,0,0,0,0,0,0,0,0,0,0,0,0,0,0,0,0,0,0,0
14694,0,0,0,0,0,0,0,0,0,0,0,0,0,0,0,0,0,0,0,0,0
14695,1,1,1,1,1,1,1,1,1,1,1,1,1,1,1,1,1,1,1,1,1
14696,0,0,0,0,0,0,0,0,0,0,0,0,0,0,0,0,0,0,0,0,0
14697,0,0,0,0,0,0,0,0,0,0,0,0,0,0,0,0,0,0,0,0,0
14698,2,2,2,2,1,1,2,2,2,2,2,1,1,2,2,2,2,2,1,1,2
14699,1,0,0,0,0,0,0,0,0,0,0,0,0,0,0,0,0,0,0,0,0
14700,4,4,5,5,4,4,4,4,5,4,4,3,3,3,3,3,3,3,2,2,2
14701,2,2,2,2,2,2,2,2,2,2,2,2,2,2,2,2,2,2,2,2,2
14702,0,0,0,0,0,0,0,0,0,0,0,0,0,0,0,0,0,0,0,0,0
14703,1,1,1,1,1,1,1,1,1,1,1,1,1,1,1,1,1,1,1,1,1
14704,2,2,2,2,2,1,1,2,2,2,2,1,1,1,2,2,2,1,1,1,1
14705,0,0,0,0,0,0,0,0,0,0,0,0,0,0,0,0,0,0,0,0,0
14706,0,0,0,0,0,0,0,0,0,0,0,0,0,0,0,0,0,0,0,0,0
14707,3,3,3,3,3,2,2,3,3,3,3,3,2,2,3,3,3,3,3,2,3
14708,3,4,4,4,3,3,3,4,4,4,4,4,4,3,4,4,4,4,4,4,4
14709,0,0,0,0,0,0,0,0,0,0,0,0,0,0,0,0,0,0,0,0,0
14710,1,2,2,3,3,2,1,2,2,2,3,3,2,1,2,2,2,3,3,2,1
14711,5,6,5,5,3,2,2,5,6,5,5,3,2,2,5,6,5,5,3,2,2
14712,1,1,1,0,0,0,0,1,1,1,0,0,0,0,1,1,1,0,0,0,0
14713,1,1,1,1,1,1,0,1,1,1,1,1,1,0,1,1,1,1,1,1,0
14714,3,3,3,4,4,3,2,3,3,3,4,4,3,2,3,3,3,4,4,3,2
14715,1,1,1,2,1,1,1,1,1,1,2,1,1,1,1,1,1,2,1,1,1
14716,0,0,0,1,0,0,0,0,0,0,1,0,0,0,0,0,0,1,0,0,0
14717,0,0,0,0,0,0,0,0,0,0,0,0,0,0,0,0,0,0,0,0,0
14718,0,0,0,0,0,0,0,0,0,0,0,0,0,0,0,0,0,0,0,0,0
14719,0,0,0,0,0,0,0,0,0,0,0,0,0,0,0,0,0,0,0,0,0
14720,1,1,1,1,1,1,1,1,1,1,1,1,1,1,1,1,1,1,1,1,1
14721,1,1,1,1,1,1,1,1,1,1,1,1,1,1,1,1,1,1,1,1,1
14722,0,0,0,0,0,0,0,0,0,0,0,0,0,0,0,0,0,0,0,0,0
14723,0,0,0,0,0,0,0,0,0,0,0,0,0,0,0,0,0,0,0,0,0
14724,0,0,0,0,0,0,0,0,0,0,0,0,0,0,0,0,0,0,0,0,0
14725,0,0,0,0,0,0,0,0,0,0,0,0,0,0,0,0,0,0,0,0,0
14726,7,8,8,7,5,4,5,7,8,8,7,5,4,5,7,8,8,7,5,4,5
14727,5,5,4,3,3,3,3,3,3,3,3,3,3,3,3,3,3,3,3,2,3
14728,0,0,0,0,0,0,0,0,0,0,0,0,0,0,0,0,0,0,0,0,0
14729,0,0,0,0,0,0,0,0,0,0,0,0,0,0,0,0,0,0,0,0,0
14730,0,0,0,0,0,0,0,0,0,0,0,0,0,0,0,0,0,0,0,0,0
14731,37,39,38,35,31,28,27,33,37,37,34,31,27,26,33,36,36,33,30,26,26
14732,8,6,5,4,4,3,3,4,4,4,3,3,3,3,4,3,3,3,3,3,3
14733,16,21,19,17,10,8,10,14,20,18,16,9,8,10,14,19,18,16,9,8,10
14734,4,3,2,2,1,1,1,2,2,2,2,1,1,1,1,2,1,2,1,1,1
14735,0,0,0,0,0,0,0,0,0,0,0,0,0,0,0,0,0,0,0,0,0
14736,0,0,0,0,0,0,0,0,0,0,0,0,0,0,0,0,0,0,0,0,0
14737,7,6,5,4,4,5,5,5,6,5,4,4,5,4,5,5,5,4,4,4,4
14738,1,1,1,1,1,1,1,1,1,1,1,1,1,1,1,1,1,1,1,1,1
14739,0,0,0,0,0,0,0,0,0,0,0,0,0,0,0,0,0,0,0,0,0
14740,0,0,0,0,0,0,0,0,0,0,0,0,0,0,0,0,0,0,0,0,0
14741,0,0,0,0,0,0,0,0,0,0,0,0,0,0,0,0,0,0,0,0,0
14742,0,0,0,0,0,0,0,0,0,0,0,0,0,0,0,0,0,0,0,0,0
14743,0,0,0,0,0,0,0,0,0,0,0,0,0,0,0,0,0,0,0,0,0
14744,0,0,0,0,0,0,0,0,0,0,0,0,0,0,0,0,0,0,0,0,0
14745,1,2,2,1,1,1,2,1,2,2,1,1,1,1,1,1,2,1,1,1,1
14746,312,376,398,383,335,284,310,409,476,460,425,375,329,365,450,523,533,490,414,357,389
14747,1,1,1,0,0,0,0,1,1,1,0,0,0,0,1,1,1,0,0,0,0
14748,0,0,0,0,0,0,0,0,0,0,0,0,0,0,0,0,0,0,0,0,0
14749,3,3,3,3,3,3,3,3,3,3,3,3,3,3,3,3,3,3,3,3,3
14750,0,0,0,0,0,0,0,0,0,0,0,0,0,0,0,0,0,0,0,0,0
14751,3,3,3,3,3,3,3,3,3,4,3,3,3,3,3,3,3,3,3,3,3
14752,13,11,9,8,7,7,8,10,10,9,8,7,7,8,9,9,8,8,7,7,8
14753,10,9,9,8,7,6,7,9,9,8,7,6,6,6,8,7,7,6,6,5,6
14754,14,14,12,13,12,12,11,12,13,12,12,12,12,11,12,12,11,12,11,11,11
14755,4,4,3,3,3,3,3,4,4,3,3,3,3,3,4,4,3,3,3,3,3
14756,3,3,3,3,3,2,2,3,3,3,3,3,2,2,3,3,3,3,3,2,2
14757,2,3,3,3,3,2,1,2,3,3,3,3,2,1,2,3,3,3,3,2,1
14758,0,0,0,0,0,0,0,0,0,0,0,0,0,0,0,0,0,0,0,0,0
14759,16,16,15,13,11,10,11,13,14,13,12,11,10,11,12,13,13,11,10,9,10
14760,15,16,15,13,12,12,12,14,15,15,14,13,12,11,14,15,15,13,12,12,12
14761,3,3,3,2,2,2,2,2,3,2,2,2,2,2,2,2,2,2,2,2,2
14762,1,1,1,1,1,1,1,1,1,1,1,1,1,1,1,1,1,1,1,1,1
14763,1,1,1,1,1,1,1,1,1,1,1,1,1,1,1,1,1,1,1,1,1
14764,0,0,0,0,0,0,0,0,0,0,0,0,0,0,0,0,0,0,0,0,0
14765,0,0,0,0,0,0,0,0,0,0,0,0,0,0,0,0,0,0,0,0,0
14766,0,0,0,0,0,0,0,0,0,0,0,0,0,0,0,0,0,0,0,0,0
14767,0,0,0,0,0,0,0,0,0,0,0,0,0,0,0,0,0,0,0,0,0
14768,0,0,0,0,0,0,0,0,0,0,0,0,0,0,0,0,0,0,0,0,0
14769,0,0,0,0,0,0,0,0,0,0,0,0,0,0,0,0,0,0,0,0,0
14770,0,0,0,0,0,0,0,0,0,0,0,0,0,0,0,0,0,0,0,0,0
14771,0,0,0,0,0,0,0,0,0,0,0,0,0,0,0,0,0,0,0,0,0
14772,4,4,5,4,4,3,4,4,5,5,4,4,3,4,4,5,5,4,3,3,4
14773,0,0,0,0,0,0,0,0,0,0,0,0,0,0,0,0,0,0,0,0,0
14774,82,87,87,83,81,68,67,78,86,88,86,83,69,66,78,86,88,85,83,71,71
14775,1,2,2,2,1,1,1,1,2,2,2,1,1,1,1,2,2,2,1,1,1
14776,1,1,1,1,1,1,1,1,1,1,1,1,1,1,1,1,1,1,1,1,1
14777,1,1,1,1,1,1,1,1,1,1,1,1,1,1,1,1,1,1,1,1,1
14778,1,2,2,1,1,1,1,1,2,2,1,1,1,1,1,2,2,1,1,1,1
14779,0,0,0,0,0,0,0,0,0,0,0,0,0,0,0,0,0,0,0,0,0
14780,0,0,0,0,0,0,0,0,0,0,0,0,0,0,0,0,0,0,0,0,0
14781,3,3,6,7,6,4,4,3,3,6,7,6,4,4,3,3,6,7,6,4,4
14782,14,17,18,14,11,9,10,14,17,18,14,11,9,10,14,17,18,14,11,9,10
14783,145,139,163,174,157,124,122,118,113,134,153,142,119,123,136,143,170,189,183,165,175
14784,6,7,7,7,6,5,5,6,7,7,7,6,5,5,6,7,7,7,6,5,5
14785,0,0,0,0,0,0,0,0,0,0,0,0,0,0,0,0,0,0,0,0,0
14786,0,0,0,0,0,0,0,0,0,0,0,0,0,0,0,0,0,0,0,0,0
14787,0,0,0,0,0,0,0,0,0,0,0,0,0,0,0,0,0,0,0,0,0
14788,1,1,1,1,1,1,1,1,1,1,1,1,1,1,1,1,1,1,1,1,1
14789,1,0,1,0,0,0,0,1,0,1,0,0,0,0,1,0,1,0,0,0,0
14790,2,2,2,2,2,2,1,2,2,2,2,2,2,1,2,2,2,2,2,2,1
14791,0,0,0,0,0,0,0,0,0,0,0,0,0,0,0,0,0,0,0,0,0
14792,0,0,0,0,0,0,0,0,0,0,0,0,0,0,0,0,0,0,0,0,0
14793,8,7,7,7,7,7,7,8,8,8,8,8,9,9,8,8,8,7,6,7,7
14794,3,3,2,2,2,2,2,2,2,2,2,2,2,2,3,2,2,2,2,2,2
14795,12,10,10,9,8,8,8,9,9,9,8,8,7,7,8,8,8,8,7,7,7
14796,2,2,2,3,2,2,2,3,3,3,3,2,2,2,3,3,3,3,2,2,2
14797,3,3,3,3,2,2,3,3,3,3,3,2,2,2,3,3,3,2,2,2,2
14798,1,1,1,1,1,1,1,1,1,1,1,1,1,1,1,1,1,1,1,1,1
14799,0,0,0,0,0,0,0,0,0,0,0,0,0,0,0,0,0,0,0,0,0
14800,0,0,0,0,0,0,0,0,0,0,0,0,0,0,0,0,0,0,0,0,0
14801,1,2,2,2,1,1,1,1,2,2,2,1,1,1,1,2,2,2,1,1,1
14802,1,1,1,1,1,1,1,1,1,1,1,1,1,1,1,1,1,1,1,1,1
14803,6,8,7,6,5,5,5,6,8,7,7,5,5,5,6,8,7,6,5,5,5
14804,0,0,0,0,0,0,0,0,0,0,0,0,0,0,0,0,0,0,0,0,0
14805,0,0,0,0,0,0,0,0,0,0,0,0,0,0,0,0,0,0,0,0,0
14806,0,0,0,0,0,0,0,0,0,0,0,0,0,0,0,0,0,0,0,0,0
14807,1,1,1,1,1,1,1,1,1,1,1,1,1,1,1,1,1,1,1,1,1
14808,0,1,1,1,2,1,1,1,1,1,1,2,1,1,1,1,1,1,2,1,1
14809,0,0,0,0,0,0,0,0,0,0,0,0,0,0,0,0,0,0,0,0,0
14810,18,22,16,18,19,19,19,18,22,16,18,19,19,19,18,22,16,18,19,19,19
14811,3,4,3,2,1,2,3,4,4,3,2,1,2,4,4,4,3,2,1,2,4
14812,1,1,2,1,0,0,0,1,1,2,1,0,0,0,1,1,2,1,0,0,0
14813,4,4,4,5,4,4,3,5,4,4,5,4,4,3,5,4,4,4,3,4,3
14814,16,12,12,11,12,11,11,16,12,12,11,12,11,11,16,12,12,11,12,11,11
14815,10,9,9,7,5,6,6,10,9,9,7,5,6,6,10,9,9,7,5,6,6
14816,10,9,7,6,5,5,7,10,9,7,6,5,5,7,10,9,7,6,5,5,7
14817,3,3,2,2,2,3,2,2,2,1,2,2,3,2,2,2,1,2,2,3,2
14818,39,50,42,29,18,21,32,39,50,42,29,18,21,32,39,50,42,29,18,21,32
14819,0,0,0,0,0,0,0,0,0,0,0,0,0,0,0,0,0,0,0,0,0
14820,1,0,0,0,0,0,0,0,0,0,0,0,0,0,0,0,0,0,0,0,0
14821,2,3,3,4,2,2,1,2,3,3,4,2,2,1,1,3,3,4,2,2,1
14822,0,0,0,0,0,0,0,0,0,0,0,0,0,0,0,0,0,0,0,0,0
14823,0,0,0,0,0,0,0,0,0,0,0,0,0,0,0,0,0,0,0,0,0
14824,0,0,0,0,0,0,0,0,0,0,0,0,0,0,0,0,0,0,0,0,0
14825,0,0,0,0,0,1,0,0,0,0,0,0,1,0,0,0,0,0,0,0,0
14826,1,1,1,0,0,1,1,1,1,1,0,0,1,1,1,1,1,0,0,1,1
14827,0,0,0,0,0,0,0,0,0,0,0,0,0,0,0,0,0,0,0,0,0
14828,2,2,2,2,2,2,2,2,2,2,2,2,2,2,2,2,2,2,2,2,2
14829,13,13,12,12,10,9,10,11,12,12,12,10,9,10,12,12,13,13,11,10,11
14830,11,11,10,10,9,8,8,8,9,9,10,8,7,8,8,8,8,9,8,7,7
14831,0,0,0,0,0,0,0,0,0,0,0,0,0,0,0,0,0,0,0,0,0
14832,0,0,0,0,0,0,0,0,0,0,0,0,0,0,0,0,0,0,0,0,0
14833,0,0,0,0,0,0,0,0,0,0,0,0,0,0,0,0,0,0,0,0,0
14834,0,0,0,0,0,0,0,0,0,0,0,0,0,0,0,0,0,0,0,0,0
14835,0,0,0,0,0,0,0,0,0,0,0,0,0,0,0,0,0,0,0,0,0
14836,0,0,0,0,0,0,0,0,0,0,0,0,0,0,0,0,0,0,0,0,0
14837,4,4,3,3,3,2,3,3,3,3,3,3,2,2,3,3,3,3,2,2,3
14838,2,1,1,1,1,1,1,2,1,1,1,1,1,1,2,1,1,1,1,1,1
14839,1,1,1,1,1,1,1,1,1,1,1,1,1,1,1,1,1,1,1,1,1
14840,3,3,4,3,3,3,3,3,3,4,4,3,3,3,3,3,4,3,3,3,3
14841,17,17,17,16,14,13,14,16,17,16,14,13,13,14,15,15,14,12,11,11,13
14842,2,3,3,3,3,2,3,3,3,3,3,3,3,3,3,3,3,3,3,3,3
14843,2,2,1,2,2,1,2,2,2,2,2,2,2,2,2,2,2,2,2,2,2
14844,1,1,1,1,1,1,1,1,1,1,1,1,1,1,1,1,1,1,1,1,1
14845,2,2,2,1,1,1,1,2,2,2,1,1,1,1,2,2,2,1,1,1,1
14846,0,0,0,0,0,0,0,0,0,0,0,0,0,0,0,0,0,0,0,0,0
14847,0,0,0,0,0,0,0,0,0,0,0,0,0,0,0,0,0,0,0,0,0
14848,0,0,0,0,0,0,0,0,0,0,0,0,0,0,0,0,0,0,0,0,0
14849,0,0,0,0,0,0,0,0,0,0,0,0,0,0,0,0,0,0,0,0,0
14850,0,0,0,0,0,0,0,0,0,0,0,0,0,0,0,0,0,0,0,0,0
14851,0,0,0,0,0,0,0,0,0,0,0,0,0,0,0,0,0,0,0,0,0
14852,0,0,0,0,0,0,0,0,0,0,0,0,0,0,0,0,0,0,0,0,0
14853,0,0,0,0,0,0,0,0,0,0,0,0,0,0,0,0,0,0,0,0,0
14854,0,0,0,0,0,0,0,0,0,0,0,0,0,0,0,0,0,0,0,0,0
14855,0,0,0,0,0,0,0,0,0,0,0,0,0,0,0,0,0,0,0,0,0
14856,0,0,0,0,0,0,0,0,0,0,0,0,0,0,0,0,0,0,0,0,0
14857,0,0,0,0,0,0,0,0,0,0,0,0,0,0,0,0,0,0,0,0,0
14858,0,0,0,0,0,0,0,0,0,0,0,0,0,0,0,0,0,0,0,0,0
14859,0,0,0,0,0,0,0,0,0,0,0,0,0,0,0,0,0,0,0,0,0
14860,4,3,2,2,3,2,2,2,2,2,2,3,3,2,2,2,2,2,3,3,3
14861,0,0,0,0,0,0,0,0,0,0,0,0,0,0,0,0,0,0,0,0,0
14862,0,0,0,0,0,0,0,0,0,0,0,0,0,0,0,0,0,0,0,0,0
14863,0,0,0,0,0,0,0,0,0,0,0,0,0,0,0,0,0,0,0,0,0
14864,0,0,0,0,0,0,0,0,0,0,0,0,0,0,0,0,0,0,0,0,0
14865,0,0,0,0,0,0,0,0,0,0,0,0,0,0,0,0,0,0,0,0,0
14866,0,0,0,0,0,0,0,0,0,0,0,0,0,0,0,0,0,0,0,0,0
14867,1,1,1,1,1,1,1,1,1,1,1,1,1,1,1,1,1,1,1,1,1
14868,1,1,1,1,1,1,1,1,1,1,1,1,1,1,1,1,1,1,1,1,1
14869,2,3,3,2,2,2,2,2,3,3,2,2,2,2,2,3,3,2,2,2,2
14870,1,1,1,1,1,1,1,1,1,1,1,1,1,1,1,1,1,1,1,1,1
14871,0,0,0,0,0,0,0,0,0,0,0,0,0,0,0,0,0,0,0,0,0
14872,0,0,0,0,0,0,0,0,0,0,0,0,0,0,0,0,0,0,0,0,0
14873,0,0,0,0,0,0,0,0,0,0,0,0,0,0,0,0,0,0,0,0,0
14874,0,0,0,0,0,0,0,0,0,0,0,0,0,0,0,0,0,0,0,0,0
14875,0,0,0,0,0,0,0,0,0,0,0,0,0,0,0,0,0,0,0,0,0
14876,0,0,0,0,0,0,0,0,0,0,0,0,0,0,0,0,0,0,0,0,0
14877,0,0,0,0,0,0,0,0,0,0,0,0,0,0,0,0,0,0,0,0,0
14878,2,1,1,1,1,1,2,2,1,1,1,1,1,1,2,1,1,1,1,1,2
14879,1,1,1,1,1,1,1,1,1,1,1,1,1,1,1,1,1,1,1,1,1
14880,0,0,0,0,0,0,0,0,0,0,0,0,0,0,0,0,0,0,0,0,0
14881,64,71,71,67,59,54,55,63,68,67,64,59,56,59,65,65,65,60,51,48,53
14882,81,89,89,77,67,62,66,76,82,77,68,59,57,62,73,78,78,70,61,59,66
14883,9,8,8,7,7,6,6,7,8,7,7,6,6,5,6,6,6,5,5,5,5
14884,3,3,4,3,3,3,3,4,4,4,3,3,3,3,3,3,3,3,3,3,3
14885,1,1,1,1,1,1,1,1,1,1,1,1,1,1,1,1,1,1,1,1,1
14886,5,5,4,4,3,3,4,4,4,4,3,3,3,3,3,3,3,3,2,2,3
14887,4,3,2,2,1,1,1,1,1,1,1,1,1,1,1,1,1,1,0,0,1
14888,0,0,0,0,0,0,0,0,0,0,0,0,0,0,0,0,0,0,0,0,0
14889,0,0,0,0,0,0,0,0,0,0,0,0,0,0,0,0,0,0,0,0,0
14890,11,12,11,10,9,9,9,10,11,11,10,9,9,9,10,11,11,10,9,9,9
14891,3,3,3,3,3,2,2,3,4,3,3,3,2,2,3,4,4,3,3,2,2
14892,1,1,1,1,1,1,1,1,1,1,1,1,1,1,1,1,1,1,1,1,1
14893,1,1,1,1,1,1,1,1,1,1,1,1,1,1,1,1,1,1,1,1,1
14894,10,11,9,8,8,7,7,9,10,9,8,7,7,7,8,9,8,8,7,6,7
14895,1,1,1,1,1,1,1,1,1,1,1,1,1,1,1,1,1,1,1,1,1
14896,3,4,3,3,3,3,3,3,3,3,3,3,3,3,3,3,3,3,3,3,3
14897,6,6,6,6,5,5,5,6,6,6,6,5,5,5,6,6,6,6,5,5,5
14898,2,2,2,2,1,1,1,2,2,2,2,1,1,1,2,2,2,2,2,1,2
14899,2,2,2,1,1,1,1,1,2,2,1,1,1,1,1,2,2,1,1,1,1
14900,2,2,2,1,1,1,1,2,2,2,1,1,1,1,1,1,1,1,1,1,1
14901,0,0,0,0,0,0,0,0,0,0,0,0,0,0,0,0,0,0,0,0,0
14902,0,0,0,0,0,0,0,0,0,0,0,0,0,0,0,0,0,0,0,0,0
14903,2,2,1,1,1,1,1,1,1,1,1,1,1,1,1,1,1,1,1,1,1
14904,0,0,0,0,0,0,0,0,0,0,0,0,0,0,0,0,0,0,0,0,0
14905,0,0,0,0,0,0,0,0,0,0,0,0,0,0,0,0,0,0,0,0,0
14906,3,3,3,2,2,2,2,2,3,2,2,2,2,2,2,2,2,2,2,2,2
14907,3,3,2,2,2,1,2,2,2,2,2,1,1,1,2,2,2,2,1,1,1
14908,5,6,7,6,6,4,4,6,7,7,7,6,4,4,6,7,7,6,6,4,4
14909,3,3,3,2,2,2,2,3,3,3,2,2,2,2,3,3,3,2,2,2,2
14910,0,0,0,0,0,0,0,0,0,0,0,0,0,0,0,0,0,0,0,0,0
14911,0,0,0,0,0,0,0,0,0,0,0,0,0,0,0,0,0,0,0,0,0
14912,8,10,10,8,6,7,5,8,10,10,7,6,6,5,8,10,9,7,6,6,5
14913,26,29,27,23,20,17,18,22,25,23,20,18,16,17,19,19,17,16,13,12,12
14914,5,5,5,5,4,4,4,5,5,5,5,4,4,4,5,5,5,5,4,4,4
14915,1,1,1,1,1,1,1,1,1,1,1,1,1,1,1,1,1,1,1,1,1
14916,0,0,0,0,0,0,0,0,0,0,0,0,0,0,0,0,0,0,0,0,0
14917,0,0,0,0,0,0,0,0,0,0,0,0,0,0,0,0,0,0,0,0,0
14918,1,1,1,1,1,1,1,1,1,1,1,1,1,1,1,1,1,1,1,1,1
14919,2,2,2,2,2,2,2,2,2,2,2,2,2,2,2,2,2,2,2,2,2
14920,0,0,0,0,0,0,0,0,0,0,0,0,0,0,0,0,0,0,0,0,0
14921,5,5,5,4,4,4,4,4,4,4,4,3,3,4,4,4,4,4,3,3,4
14922,0,0,0,0,0,0,0,0,0,0,0,0,0,0,0,0,0,0,0,0,0
14923,0,0,0,0,0,0,0,0,0,0,0,0,0,0,0,0,0,0,0,0,0
14924,6,6,5,4,4,4,4,4,5,4,4,4,4,4,4,5,4,4,4,4,3
14925,7,6,6,6,5,6,5,7,6,6,6,5,6,5,7,6,6,6,5,6,5
14926,45,51,49,40,36,34,35,45,51,49,40,36,34,35,45,51,49,40,36,34,35
14927,0,0,0,0,0,0,0,0,0,0,0,0,0,0,0,0,0,0,0,0,0
14928,26,26,24,24,22,20,21,26,26,24,24,22,20,21,26,26,24,24,22,20,21
14929,16,17,17,15,13,12,13,15,16,16,14,13,12,13,14,14,14,13,11,11,11
14930,23,27,29,29,28,26,28,30,34,33,32,30,29,31,32,33,33,32,29,29,31
14931,1,1,1,1,1,1,1,1,1,1,1,1,1,1,1,1,1,1,1,1,1
14932,0,0,0,0,0,0,0,0,0,0,0,0,0,0,0,0,0,0,0,0,0
14933,3,3,3,3,2,2,2,3,3,3,3,2,2,2,3,3,3,3,2,2,2
14934,2,2,2,2,2,2,2,2,2,2,2,2,2,2,2,2,2,2,2,1,1
14935,14,15,15,13,13,12,11,12,14,14,12,12,12,11,11,13,13,12,12,12,11
14936,2,2,2,2,1,1,1,2,2,2,2,1,1,1,2,2,2,2,1,1,1
14937,2,2,2,2,1,1,1,2,2,2,2,1,1,1,2,2,2,2,1,1,1
14938,0,1,0,0,0,0,0,0,1,0,0,0,0,0,0,1,0,0,0,0,0
14939,1,1,1,1,0,0,1,1,1,1,1,0,0,1,1,1,1,1,0,0,1
14940,5,6,5,4,4,5,5,5,6,5,4,4,5,5,5,6,5,4,4,5,5
14941,15,15,13,11,10,10,10,10,11,11,9,8,8,8,8,8,8,6,6,6,6
14942,10,10,9,7,7,7,6,8,8,8,7,7,7,7,8,8,8,7,7,7,6
14943,6,6,6,4,4,4,4,5,5,5,4,3,3,4,4,5,4,3,3,3,4
14944,1,1,1,2,1,1,1,1,1,1,2,1,1,1,1,1,1,2,1,1,1
14945,9,7,6,5,4,4,4,4,4,4,4,3,3,3,3,3,3,3,3,3,3
14946,3,4,3,3,3,3,3,3,4,3,3,3,3,3,3,4,3,3,3,3,3
14947,0,0,0,0,0,0,0,0,0,0,0,0,0,0,0,0,0,0,0,0,0
14948,0,0,0,0,0,0,0,0,0,0,0,0,0,0,0,0,0,0,0,0,0
14949,0,0,0,0,0,0,0,0,0,0,0,0,0,0,0,0,0,0,0,0,0
14950,0,0,0,0,0,0,0,0,0,0,0,0,0,0,0,0,0,0,0,0,0
14951,0,0,0,0,0,0,0,0,0,0,0,0,0,0,0,0,0,0,0,0,0
14952,0,0,0,0,0,0,0,0,0,0,0,0,0,0,0,0,0,0,0,0,0
14953,0,0,0,0,0,0,0,0,0,0,0,0,0,0,0,0,0,0,0,0,0
14954,0,0,0,0,0,0,0,0,0,0,0,0,0,0,0,0,0,0,0,0,0
14955,0,0,0,0,0,0,0,0,0,0,0,0,0,0,0,0,0,0,0,0,0
14956,1,1,1,1,1,1,1,1,1,1,1,1,1,1,1,1,1,1,1,1,1
14957,0,0,0,0,0,0,0,0,0,0,0,0,0,0,0,0,0,0,0,0,0
14958,9,11,11,6,4,4,7,9,11,11,6,4,4,7,9,11,11,6,4,4,7
14959,61,77,81,73,63,52,49,58,71,74,70,61,52,48,64,82,89,83,72,63,66
14960,1,1,1,1,1,1,1,1,1,1,1,1,1,1,1,1,1,1,1,1,1
14961,0,0,0,0,0,0,0,0,0,0,0,0,0,0,0,0,0,0,0,0,0
14962,16,17,17,17,16,14,13,15,16,16,17,16,14,13,15,16,16,17,16,14,13
14963,0,0,0,0,0,0,0,0,0,0,0,0,0,0,0,0,0,0,0,0,0
14964,0,0,0,0,0,0,0,0,0,0,0,0,0,0,0,0,0,0,0,0,0
14965,0,0,0,0,0,0,0,0,0,0,0,0,0,0,0,0,0,0,0,0,0
14966,0,0,0,0,0,0,0,0,0,0,0,0,0,0,0,0,0,0,0,0,0
14967,7,5,5,5,4,5,6,7,5,5,5,5,5,6,7,5,5,5,5,5,6
14968,0,0,0,0,0,0,0,0,0,0,0,0,0,0,0,0,0,0,0,0,0
14969,0,0,0,0,0,0,0,0,0,0,0,0,0,0,0,0,0,0,0,0,0
14970,0,0,0,0,0,0,0,0,0,0,0,0,0,0,0,0,0,0,0,0,0
14971,2,2,2,2,2,2,2,2,2,2,2,2,2,2,2,2,2,2,2,2,2
14972,0,0,0,0,0,0,0,0,0,0,0,0,0,0,0,0,0,0,0,0,0
14973,0,0,0,0,0,0,0,0,0,0,0,0,0,0,0,0,0,0,0,0,0
14974,1,1,1,1,0,1,1,1,1,1,1,1,1,1,1,1,1,1,1,1,1
14975,1,2,1,1,1,0,1,1,2,1,1,1,0,1,1,2,1,1,1,0,1
14976,1,1,1,1,1,1,0,1,1,1,1,1,0,0,1,1,1,1,1,0,0
14977,0,1,1,1,0,0,0,1,1,1,1,0,0,0,0,1,1,1,0,0,0
14978,0,0,0,0,0,0,0,0,0,0,0,0,0,0,0,0,0,0,0,0,0
14979,1,2,2,2,2,2,1,2,2,2,2,2,2,2,2,2,2,2,2,2,2
14980,1,1,0,0,0,0,0,0,0,0,0,0,0,0,0,0,0,0,0,0,0
14981,2,3,3,4,4,3,1,2,3,3,4,4,3,2,2,4,4,4,4,3,2
14982,3,3,3,3,3,2,2,3,3,3,3,3,2,2,3,3,3,3,3,2,2
14983,1,1,1,1,1,1,1,1,1,1,1,1,1,1,1,1,1,1,1,1,1
14984,0,0,0,0,0,0,0,0,0,0,0,0,0,0,0,0,0,0,0,0,0
14985,4,4,4,5,4,3,3,3,3,4,5,4,3,2,3,3,4,4,4,3,2
14986,0,0,0,0,0,0,0,0,0,0,0,0,0,0,0,0,0,0,0,0,0
14987,3,3,4,5,5,3,3,2,2,4,5,5,3,3,2,2,4,5,5,3,3
14988,6,6,6,6,6,5,5,6,6,7,6,6,5,5,6,6,7,6,6,5,5
14989,0,0,1,0,0,0,0,0,0,1,0,0,0,0,0,0,1,0,0,0,0
14990,0,0,0,0,0,0,0,0,0,0,0,0,0,0,0,0,0,0,0,0,0
14991,0,0,0,0,0,0,0,0,0,0,0,0,0,0,0,0,0,0,0,0,0
14992,0,0,0,1,1,1,1,1,0,0,1,1,1,0,1,0,0,1,1,1,1
14993,0,0,0,0,0,0,0,0,0,0,0,0,0,0,0,0,0,0,0,0,0
14994,0,0,0,0,0,0,0,0,0,0,0,0,0,0,0,0,0,0,0,0,0
14995,0,0,0,0,0,0,0,0,0,0,0,0,0,0,0,0,0,0,0,0,0
14996,0,0,0,0,0,0,0,0,0,0,0,0,0,0,0,0,0,0,0,0,0
14997,0,0,0,0,0,0,0,0,0,0,0,0,0,0,0,0,0,0,0,0,0
14998,1,1,1,1,1,1,1,1,1,1,1,1,1,1,1,1,1,1,1,1,1
14999,3,3,3,3,3,2,2,3,3,3,3,3,2,2,3,3,3,3,3,2,2
15000,9,10,12,11,9,8,8,9,10,12,11,9,8,8,9,10,12,11,9,8,8
15001,0,0,0,0,0,0,0,0,0,0,0,0,0,0,0,0,0,0,0,0,0
15002,0,0,0,0,0,0,0,0,0,0,0,0,0,0,0,0,0,0,0,0,0
15003,0,0,0,0,0,0,0,0,0,0,0,0,0,0,0,0,0,0,0,0,0
15004,0,0,0,0,0,0,0,0,0,0,0,0,0,0,0,0,0,0,0,0,0
15005,4,3,3,3,3,3,4,4,3,3,3,3,3,4,4,3,3,3,3,3,4
15006,0,0,0,0,0,0,0,0,0,0,0,0,0,0,0,0,0,0,0,0,0
15007,1,1,1,1,1,1,1,1,1,1,1,1,1,1,1,1,1,1,1,1,1
15008,0,0,0,0,0,0,0,0,0,0,0,0,0,0,0,0,0,0,0,0,0
15009,1,1,2,2,1,1,1,1,1,2,2,1,1,1,1,1,2,2,1,1,1
15010,0,0,0,0,0,0,0,0,0,0,0,0,0,0,0,0,0,0,0,0,0
15011,0,0,0,0,0,0,0,0,0,0,0,0,0,0,0,0,0,0,0,0,0
15012,0,0,0,0,0,0,0,0,0,0,0,0,0,0,0,0,0,0,0,0,0
15013,0,0,0,0,0,0,0,0,0,0,0,0,0,0,0,0,0,0,0,0,0
15014,0,0,0,0,0,0,0,0,0,0,0,0,0,0,0,0,0,0,0,0,0
15015,1,1,1,1,1,1,1,1,1,1,1,1,1,1,1,1,1,1,1,1,1
15016,2,2,2,2,2,1,2,2,2,2,2,2,1,1,2,2,2,2,2,1,2
15017,0,0,0,0,0,0,0,0,0,0,0,0,0,0,0,0,0,0,0,0,0
15018,29,29,28,24,21,19,21,25,26,24,21,19,18,20,23,22,21,18,17,16,19
15019,184,193,182,173,163,154,157,196,208,190,178,165,157,164,201,209,194,182,166,157,159
15020,9,13,12,13,11,9,9,9,13,12,13,11,9,9,9,13,12,13,11,9,9
15021,62,66,59,55,50,54,51,60,64,58,54,50,53,50,59,63,57,53,49,53,50
15022,12,12,14,13,11,10,10,12,12,14,13,11,10,10,12,11,13,12,11,9,10
15023,45,50,52,43,37,33,31,40,45,44,38,33,30,29,39,43,44,37,33,31,31
15024,150,158,165,158,143,129,133,172,186,178,161,139,126,133,173,181,180,167,144,131,137
15025,11,13,16,14,11,10,9,11,13,16,14,11,10,9,11,13,16,14,11,10,9
15026,2,2,2,2,1,1,2,2,2,2,2,2,1,2,2,2,2,2,2,1,2
15027,22,23,19,21,23,21,19,24,25,20,23,24,21,18,22,23,19,21,23,21,20
15028,11,13,12,10,8,8,9,11,12,12,10,8,8,9,11,12,12,10,8,8,9
15029,6,5,4,4,3,3,3,4,4,4,4,3,3,3,3,3,3,3,3,2,3
15030,0,0,0,0,0,0,0,0,0,0,0,0,0,0,0,0,0,0,0,0,0
15031,4,4,3,3,3,3,3,3,3,3,3,2,2,3,2,2,2,2,2,2,3
15032,35,36,35,30,25,22,22,25,26,24,21,19,18,19,21,20,20,19,18,17,19
15033,0,0,1,1,0,0,0,0,0,1,1,0,0,0,0,0,1,1,0,0,0
15034,0,1,0,0,0,0,0,0,1,0,0,0,0,0,0,1,0,0,0,0,0
15035,3,1,1,1,1,1,2,3,2,2,2,1,1,2,2,1,1,1,1,1,2
15036,0,0,0,0,0,0,0,0,0,0,0,0,0,0,0,0,0,0,0,0,0
15037,2,3,3,2,2,2,2,2,3,3,2,2,2,2,2,2,3,2,2,2,2
15038,0,0,0,1,0,0,0,0,0,0,1,0,0,0,0,0,0,1,0,0,0
15039,1,1,1,1,1,1,1,1,1,1,1,1,1,1,1,1,1,1,1,1,1
15040,6,6,7,6,6,5,5,6,6,7,6,6,5,5,6,6,7,6,6,5,5
15041,0,0,0,0,0,0,0,0,0,0,0,0,0,0,0,0,0,0,0,0,0
15042,0,0,0,0,0,0,0,0,0,0,0,0,0,0,0,0,0,0,0,0,0
15043,1,1,1,1,1,1,1,1,1,1,1,1,1,1,1,1,1,1,1,1,1
15044,0,0,1,1,1,1,0,1,0,1,1,1,1,0,1,0,1,1,1,1,0
15045,10,13,15,15,12,11,9,10,13,15,15,12,11,9,10,13,15,15,12,11,9
15046,28,29,30,26,24,22,23,29,33,32,29,26,24,24,29,30,31,28,24,24,28
15047,13,13,13,14,13,12,12,13,13,13,14,13,12,12,13,13,13,14,13,12,12
15048,0,0,0,0,0,0,0,0,0,0,0,0,0,0,0,0,0,0,0,0,0
15049,0,0,0,0,0,0,0,0,0,0,0,0,0,0,0,0,0,0,0,0,0
15050,0,0,0,0,0,0,0,0,0,0,0,0,0,0,0,0,0,0,0,0,0
15051,4,5,4,4,4,3,4,4,5,4,4,4,3,4,4,5,4,4,4,3,4
15052,0,0,0,0,0,0,0,0,0,0,0,0,0,0,0,0,0,0,0,0,0
15053,0,0,0,0,0,0,0,0,0,0,0,0,0,0,0,0,0,0,0,0,0
15054,0,0,0,0,0,0,0,0,0,0,0,0,0,0,0,0,0,0,0,0,0
15055,0,0,0,0,0,0,0,0,0,0,0,0,0,0,0,0,0,0,0,0,0
15056,1,1,1,1,1,1,1,1,1,1,1,1,1,1,1,1,1,1,1,1,1
15057,0,0,0,0,0,0,0,0,0,0,0,0,0,0,0,0,0,0,0,0,0
15058,0,0,0,0,0,0,0,0,0,0,0,0,0,0,0,0,0,0,0,0,0
15059,0,0,0,0,0,0,0,0,0,0,0,0,0,0,0,0,0,0,0,0,0
15060,0,0,0,0,0,0,0,0,0,0,0,0,0,0,0,0,0,0,0,0,0
15061,1,1,1,1,1,1,1,1,1,1,1,1,1,1,1,1,1,1,1,1,1
15062,3,3,3,3,2,2,2,2,3,3,2,2,2,2,2,3,3,2,2,2,2
15063,82,89,93,97,91,82,85,96,109,110,109,102,94,100,107,112,113,109,93,82,85
15064,0,0,0,0,0,0,0,0,0,0,0,0,0,0,0,0,0,0,0,0,0
15065,0,0,0,0,0,0,0,0,0,0,0,0,0,0,0,0,0,0,0,0,0
15066,0,0,0,0,0,0,0,0,0,0,0,0,0,0,0,0,0,0,0,0,0
15067,0,0,0,0,0,0,0,0,0,0,0,0,0,0,0,0,0,0,0,0,0
15068,0,0,0,0,0,0,0,0,0,0,0,0,0,0,0,0,0,0,0,0,0
15069,0,0,0,0,0,0,0,0,0,0,0,0,0,0,0,0,0,0,0,0,0
15070,2,2,2,2,2,2,2,2,2,2,2,2,2,2,2,2,2,2,2,2,2
15071,0,0,0,0,0,0,0,0,0,0,0,0,0,0,0,0,0,0,0,0,0
15072,0,0,0,0,0,0,0,0,0,0,0,0,0,0,0,0,0,0,0,0,0
15073,0,0,0,0,0,0,0,0,0,0,0,0,0,0,0,0,0,0,0,0,0
15074,61,65,58,45,36,30,31,39,47,48,43,37,32,32,41,51,55,50,44,39,39
15075,1,1,1,1,0,0,1,1,1,1,1,0,0,1,1,1,1,1,0,0,1
15076,6,6,6,5,5,5,5,6,6,6,6,5,5,6,8,8,8,7,7,8,8
15077,0,0,0,0,0,0,0,0,0,0,0,0,0,0,0,0,0,0,0,0,0
15078,3,4,4,4,3,3,2,3,3,4,4,3,2,2,2,3,3,4,3,2,2
15079,7,7,6,5,4,3,4,5,6,6,5,4,3,4,5,6,6,5,4,3,3
15080,2,2,2,1,2,2,2,2,2,2,2,2,2,2,2,2,2,2,2,2,2
15081,30,30,29,26,25,24,25,30,33,32,29,26,23,24,30,32,32,28,25,25,29
15082,1,1,2,1,1,1,1,1,1,2,1,1,1,1,1,1,2,1,1,1,1
15083,5,5,6,6,5,4,4,5,5,6,6,5,4,4,5,5,6,6,5,4,4
15084,2,2,2,2,2,2,2,2,2,2,2,1,1,1,1,1,1,1,1,1,1
15085,6,5,3,3,3,3,3,3,3,3,3,2,2,2,3,3,2,2,2,2,2
15086,3,3,3,3,3,2,2,3,3,3,3,3,2,2,3,3,3,3,3,2,2
15087,18,18,17,15,14,13,14,16,17,16,15,14,13,14,15,15,14,13,12,11,11
15088,0,0,0,0,0,0,0,0,0,0,0,0,0,0,0,0,0,0,0,0,0
15089,0,0,0,0,0,0,0,0,0,0,0,0,0,0,0,0,0,0,0,0,0
15090,7,7,7,6,6,5,5,7,7,7,6,6,5,5,7,7,7,6,6,5,5
15091,0,0,0,0,0,0,0,0,0,0,0,0,0,0,0,0,0,0,0,0,0
15092,5,6,6,5,5,5,5,5,7,6,5,5,4,4,5,6,6,5,5,4,4
15093,4,4,5,4,3,3,3,3,4,5,4,3,2,2,3,4,5,4,3,2,3
15094,17,18,19,17,14,11,11,14,16,18,17,14,11,10,13,15,17,16,13,10,9
15095,2,2,3,2,2,1,1,2,2,3,2,2,1,1,2,2,3,2,2,1,1
15096,33,33,32,28,26,24,24,27,31,31,28,26,24,25,28,30,30,27,25,22,23
15097,7,7,6,5,5,5,5,7,7,6,5,5,5,5,6,6,6,5,4,4,5
15098,0,0,0,0,0,0,0,0,0,0,0,0,0,0,0,0,0,0,0,0,0
15099,9,9,7,8,7,7,7,9,9,8,8,6,6,5,6,6,5,5,4,4,4
15100,37,38,38,36,32,28,29,36,39,39,36,33,30,32,37,37,36,34,30,27,28
15101,2,3,3,4,3,2,2,3,3,4,4,3,2,2,3,3,3,4,3,2,2
15102,0,0,0,0,0,0,0,0,0,0,0,0,0,0,0,0,0,0,0,0,0
15103,0,0,0,0,0,0,0,0,0,0,0,0,0,0,0,0,0,0,0,0,0
15104,0,0,0,0,0,0,0,0,0,0,0,0,0,0,0,0,0,0,0,0,0
15105,0,0,0,0,0,0,0,0,0,0,0,0,0,0,0,0,0,0,0,0,0
15106,0,0,0,0,0,0,0,0,0,0,0,0,0,0,0,0,0,0,0,0,0
15107,0,0,0,0,0,0,0,0,0,0,0,0,0,0,0,0,0,0,0,0,0
15108,0,0,0,0,0,0,0,0,0,0,0,0,0,0,0,0,0,0,0,0,0
15109,0,0,0,0,0,0,0,0,0,0,0,0,0,0,0,0,0,0,0,0,0
15110,0,0,0,0,0,0,0,0,0,0,0,0,0,0,0,0,0,0,0,0,0
15111,0,0,0,0,0,0,0,0,0,0,0,0,0,0,0,0,0,0,0,0,0
15112,0,0,0,0,0,0,0,0,0,0,0,0,0,0,0,0,0,0,0,0,0
15113,0,0,0,0,0,0,0,0,0,0,0,0,0,0,0,0,0,0,0,0,0
15114,0,0,0,0,0,0,0,0,0,0,0,0,0,0,0,0,0,0,0,0,0
15115,0,0,0,0,0,0,0,0,0,0,0,0,0,0,0,0,0,0,0,0,0
15116,0,0,0,0,0,0,0,0,0,0,0,0,0,0,0,0,0,0,0,0,0
15117,0,1,0,0,0,0,0,0,1,0,0,0,0,0,0,1,0,0,0,0,0
15118,11,11,10,9,8,8,8,9,9,9,8,7,7,7,8,8,8,7,6,6,6
15119,0,0,1,1,0,0,0,0,0,1,1,0,0,0,0,0,1,1,0,0,0
15120,0,0,0,0,0,0,0,0,0,0,0,0,0,0,0,0,0,0,0,0,0
15121,0,0,0,0,0,0,0,0,0,0,0,0,0,0,0,0,0,0,0,0,0
15122,1,2,2,1,1,1,2,2,2,2,2,2,2,2,2,2,2,2,2,2,2
15123,16,15,15,13,12,11,12,15,15,14,12,11,11,12,13,12,11,10,9,9,10
15124,23,23,23,20,18,16,17,20,21,20,18,15,14,15,16,16,15,14,12,11,12
15125,2,2,2,2,2,2,2,2,2,2,2,2,2,2,2,2,2,2,2,2,2
15126,2,2,2,2,2,2,2,2,2,2,2,2,2,2,2,2,2,2,2,1,1
15127,1,1,1,1,1,1,1,1,1,2,1,1,1,1,1,1,1,1,1,1,1
15128,0,0,0,0,0,0,0,0,0,0,0,0,0,0,0,0,0,0,0,0,0
15129,0,0,0,0,0,0,0,0,0,0,0,0,0,0,0,0,0,0,0,0,0
15130,1,1,1,1,1,1,1,1,1,1,1,1,1,1,1,1,1,1,1,1,1
15131,2,3,3,2,2,2,2,3,3,3,3,2,2,3,3,3,3,2,2,2,3
15132,14,17,17,13,11,11,13,16,19,17,14,12,11,13,16,19,17,14,12,12,14
15133,1,1,1,1,1,1,1,1,1,1,1,1,1,1,1,1,1,1,1,1,1
15134,2,4,4,2,2,2,2,3,4,5,3,2,2,3,3,4,4,2,2,2,3
15135,2,3,3,3,2,2,3,3,3,3,3,3,3,3,3,3,3,3,3,3,3
15136,2,2,2,2,2,2,2,2,2,2,2,2,2,2,2,2,2,2,2,2,2
15137,2,2,2,1,1,1,1,1,2,1,1,1,1,1,1,2,1,1,1,1,1
15138,5,6,5,4,3,2,5,5,6,5,4,3,2,5,5,6,5,4,3,2,5
15139,1,1,0,0,0,0,0,0,0,0,0,0,0,0,0,0,0,0,0,0,0
15140,0,1,1,1,1,1,1,1,2,1,1,1,1,1,1,1,1,1,1,1,1
15141,2,2,2,2,2,2,2,3,3,3,3,3,3,3,4,4,3,3,3,3,3
15142,1,2,1,2,1,1,1,1,2,1,2,1,1,1,1,2,2,2,1,1,1
15143,1,1,1,1,1,1,1,1,1,1,1,1,1,1,1,1,1,1,1,1,1
15144,0,0,0,0,0,0,0,0,0,0,0,0,0,0,0,0,0,0,0,0,0
15145,0,0,0,0,0,0,0,0,0,0,0,0,0,0,0,0,0,0,0,0,0
15146,5,2,1,1,1,1,1,2,1,1,1,1,1,1,1,1,1,1,1,1,1
15147,0,0,0,0,0,0,0,0,0,0,0,0,0,0,0,0,0,0,0,0,0
15148,2,2,1,1,1,1,1,1,1,1,1,1,1,1,1,1,1,1,1,1,1
15149,0,0,0,0,0,0,0,0,0,0,0,0,0,0,0,0,0,0,0,0,0
15150,0,0,0,0,0,0,0,0,0,0,0,0,0,0,0,0,0,0,0,0,0
15151,1,2,2,2,2,1,1,1,2,2,2,2,1,1,1,2,2,2,2,1,1
15152,15,19,17,14,10,9,10,12,16,15,13,10,9,10,12,15,14,13,9,9,10
15153,2,3,3,2,2,2,2,2,3,3,2,2,2,2,2,3,3,2,2,2,2
15154,2,3,3,3,2,2,2,2,3,4,3,2,2,2,2,3,4,3,2,2,2
15155,0,0,0,0,0,0,0,0,0,0,0,0,0,0,0,0,0,0,0,0,0
15156,11,12,15,23,14,10,8,10,11,14,23,13,10,8,9,10,13,22,13,10,7
15157,42,44,42,39,33,30,31,37,40,39,37,32,29,32,36,36,34,32,27,24,27
15158,2,3,3,2,2,2,2,2,3,3,2,2,2,2,2,2,3,2,2,2,2
15159,1,1,1,1,1,0,1,1,1,1,1,1,0,1,1,1,1,1,1,0,1
15160,83,86,84,81,71,67,65,81,90,90,88,75,69,66,84,91,92,88,75,71,71
15161,1,2,2,2,2,1,1,1,2,2,2,2,1,1,1,2,2,2,2,1,1
15162,5,6,6,5,4,4,4,5,6,6,5,4,4,4,5,6,6,5,4,4,4
15163,99,112,128,126,106,87,86,110,128,136,132,109,89,87,109,125,138,135,109,91,96
15164,0,0,0,0,0,0,0,0,0,0,0,0,0,0,0,0,0,0,0,0,0
15165,18,19,19,15,13,12,14,17,19,18,15,13,11,13,16,17,17,14,13,12,14
15166,0,0,0,0,0,0,0,0,0,0,0,0,0,0,0,0,0,0,0,0,0
15167,0,0,0,0,0,0,0,0,0,0,0,0,0,0,0,0,0,0,0,0,0
15168,0,0,0,0,0,0,0,0,0,0,0,0,0,0,0,0,0,0,0,0,0
15169,0,0,0,0,0,0,0,0,0,0,0,0,0,0,0,0,0,0,0,0,0
15170,3,3,3,2,2,2,2,2,2,2,2,2,2,2,2,2,2,2,2,2,2
15171,0,0,0,0,0,0,0,0,0,0,0,0,0,0,0,0,0,0,0,0,0
15172,1,1,1,1,1,1,1,1,1,1,1,1,1,1,1,1,1,0,0,0,0
15173,8,8,8,8,7,6,7,8,8,8,8,7,6,7,8,8,8,8,7,6,7
15174,32,33,31,27,22,18,17,20,22,23,21,18,16,16,19,21,23,22,19,16,16
15175,5,5,5,4,4,3,3,4,4,5,4,3,3,3,4,4,4,4,3,3,3
15176,5,5,5,5,4,4,4,4,5,5,4,3,3,3,3,4,4,3,3,3,3
15177,8,8,8,7,6,5,5,6,6,6,5,4,3,3,4,4,4,3,3,2,2
15178,8,7,7,6,5,5,5,5,5,5,4,4,3,3,4,4,4,3,3,3,3
15179,13,14,14,13,12,11,11,12,13,13,11,10,9,9,10,11,10,9,8,8,8
15180,6,6,7,6,6,5,5,6,6,6,5,5,4,5,5,5,5,5,4,4,4
15181,4,4,4,3,3,3,3,4,4,4,3,3,3,3,3,3,3,3,2,2,2
15182,6,6,5,4,3,3,4,4,5,4,4,3,3,3,4,4,4,3,2,2,3
15183,0,0,0,0,0,0,0,0,0,0,0,0,0,0,0,0,0,0,0,0,0
15184,0,0,0,0,0,0,0,0,0,0,0,0,0,0,0,0,0,0,0,0,0
15185,0,0,0,0,0,0,0,0,0,0,0,0,0,0,0,0,0,0,0,0,0
15186,0,0,0,0,0,0,0,0,0,0,0,0,0,0,0,0,0,0,0,0,0
15187,0,0,0,0,0,0,0,0,0,0,0,0,0,0,0,0,0,0,0,0,0
15188,0,0,0,0,0,0,0,0,0,0,0,0,0,0,0,0,0,0,0,0,0
15189,2,2,3,2,2,2,2,2,2,2,2,2,2,2,2,2,3,2,2,2,2
15190,1,2,2,1,1,1,1,1,2,2,2,2,1,1,1,2,2,2,1,1,1
15191,3,3,3,3,3,2,2,3,3,3,3,3,2,2,3,3,3,3,3,2,2
15192,4,4,4,3,3,3,3,3,4,4,3,3,3,3,3,3,3,3,3,3,3
15193,11,12,11,9,8,9,9,11,12,10,8,7,7,7,9,9,8,6,5,6,6
15194,59,66,62,54,49,48,57,68,78,77,72,62,54,55,73,93,97,89,77,79,103
15195,2,2,2,2,2,2,2,2,3,3,2,2,2,2,3,3,3,2,2,2,2
15196,3,3,3,2,2,2,2,3,3,3,2,2,2,2,3,2,2,2,2,2,2
15197,1,1,1,1,1,1,1,1,1,1,1,1,1,1,1,1,1,1,1,1,1
15198,11,11,12,9,9,8,9,11,11,12,9,9,8,9,11,11,12,9,9,8,9
15199,0,0,0,0,0,0,0,0,0,0,0,0,0,0,0,0,0,0,0,0,0
15200,0,0,0,0,0,0,0,0,0,0,0,0,0,0,0,0,0,0,0,0,0
15201,0,0,0,0,0,0,0,0,0,0,0,0,0,0,0,0,0,0,0,0,0
15202,2,2,1,1,1,1,1,1,1,1,1,1,1,1,1,1,1,1,1,1,1
15203,0,0,0,0,0,0,0,0,0,0,0,0,0,0,0,0,0,0,0,0,0
15204,0,0,0,0,0,0,0,0,0,0,0,0,0,0,0,0,0,0,0,0,0
15205,1,1,0,0,0,0,1,1,1,1,0,0,0,1,1,1,1,0,0,0,1
15206,5,5,5,3,3,4,5,5,5,5,3,3,4,5,5,5,5,3,3,4,5
15207,0,0,0,0,0,0,0,0,0,0,0,0,0,0,0,0,0,0,0,0,0
15208,0,0,0,0,0,0,0,0,0,0,0,0,0,0,0,0,0,0,0,0,0
15209,0,0,0,0,0,0,0,0,0,0,0,0,0,0,0,0,0,0,0,0,0
15210,0,0,0,0,0,0,0,0,0,0,0,0,0,0,0,0,0,0,0,0,0
15211,0,0,0,0,0,0,0,0,0,0,0,0,0,0,0,0,0,0,0,0,0
15212,0,0,0,0,0,0,0,0,0,0,0,0,0,0,0,0,0,0,0,0,0
15213,1,1,1,1,1,1,1,0,1,0,0,1,1,0,0,0,0,0,0,0,0
15214,2,3,3,3,3,2,2,3,3,3,3,3,3,3,3,3,3,3,3,3,3
15215,5,6,7,7,6,5,4,5,6,7,7,6,5,4,5,6,7,7,6,5,4
15216,3,3,4,3,3,2,2,3,3,4,3,3,2,2,3,3,4,3,3,2,2
15217,8,10,10,9,8,6,6,8,10,10,9,8,6,6,8,10,10,9,8,6,6
15218,1,1,1,1,0,0,1,1,1,1,1,0,0,1,1,1,1,1,0,0,1
15219,4,4,5,4,5,5,4,4,4,5,4,5,5,4,4,4,5,4,5,5,4
15220,0,0,0,0,0,0,0,0,0,0,0,0,0,0,0,0,0,0,0,0,0
15221,0,0,0,0,0,0,0,0,0,0,0,0,0,0,0,0,0,0,0,0,0
15222,0,0,0,0,0,0,0,0,0,0,0,0,0,0,0,0,0,0,0,0,0
15223,0,0,0,0,0,0,0,0,0,0,0,0,0,0,0,0,0,0,0,0,0
15224,6,6,6,6,5,4,5,6,6,6,6,5,4,5,6,6,6,6,5,4,5
15225,5,4,3,4,4,4,4,5,4,3,4,4,4,4,5,4,3,4,4,4,4
15226,5,5,5,5,5,4,5,5,6,5,5,4,4,4,5,5,5,4,4,3,4
15227,1,1,1,1,1,1,1,1,1,1,1,1,1,1,1,1,1,1,1,1,1
15228,136,153,163,194,169,150,143,136,153,163,194,169,150,143,136,153,163,194,169,150,143
15229,31,33,33,31,27,25,24,31,33,33,31,27,24,24,31,33,33,31,27,24,24
15230,0,0,0,0,0,0,0,0,0,0,0,0,0,0,0,0,0,0,0,0,0
15231,6,9,8,7,4,4,4,5,8,8,7,4,4,4,5,8,8,7,4,4,5
15232,14,19,18,20,19,15,14,14,19,18,20,19,15,14,14,19,18,20,19,15,15
15233,62,65,86,88,81,54,49,60,64,86,88,80,54,49,60,63,85,88,80,54,48
15234,1,1,1,1,1,1,1,1,1,1,1,1,1,1,1,1,1,1,1,1,1
15235,2,3,3,2,2,2,2,3,3,3,3,3,3,3,3,3,3,3,3,3,3
15236,13,17,18,17,14,10,9,13,17,18,17,14,10,9,13,17,18,17,14,10,10
15237,0,0,0,0,0,0,0,0,0,0,0,0,0,0,0,0,0,0,0,0,0
15238,0,0,0,0,0,0,0,0,0,0,0,0,0,0,0,0,0,0,0,0,0
15239,0,0,0,0,0,0,0,0,0,0,0,0,0,0,0,0,0,0,0,0,0
15240,0,0,0,0,0,0,0,0,0,0,0,0,0,0,0,0,0,0,0,0,0
15241,0,0,0,0,0,0,0,0,0,0,0,0,0,0,0,0,0,0,0,0,0
15242,0,0,0,0,0,0,0,0,0,0,0,0,0,0,0,0,0,0,0,0,0
15243,0,0,0,0,0,0,0,0,0,0,0,0,0,0,0,0,0,0,0,0,0
15244,0,0,0,0,0,0,0,0,0,0,0,0,0,0,0,0,0,0,0,0,0
15245,0,0,0,0,0,0,0,0,0,0,0,0,0,0,0,0,0,0,0,0,0
15246,10,10,9,8,7,6,7,9,10,9,7,6,7,7,9,10,9,8,7,6,7
15247,2,2,2,2,2,2,2,2,2,2,2,2,2,2,2,3,3,2,2,2,2
15248,6,6,5,5,4,4,4,5,5,5,4,4,4,4,5,5,4,4,3,3,4
15249,0,0,0,0,0,0,0,0,0,0,0,0,0,0,0,0,0,0,0,0,0
15250,2,2,2,1,1,1,2,2,2,2,1,1,1,2,2,2,2,1,1,1,2
15251,4,4,4,3,3,3,3,3,4,4,4,3,3,3,3,4,4,3,3,3,3
15252,9,9,9,7,7,6,6,7,8,8,7,6,5,5,7,7,7,6,6,5,5
15253,0,0,0,0,0,0,0,0,0,0,0,0,0,0,0,0,0,0,0,0,0
15254,0,0,0,0,0,0,0,0,0,0,0,0,0,0,0,0,0,0,0,0,0
15255,0,0,0,0,0,0,0,0,0,0,0,0,0,0,0,0,0,0,0,0,0
15256,0,0,0,0,0,0,0,0,0,0,0,0,0,0,0,0,0,0,0,0,0
15257,0,0,0,0,0,0,0,0,0,0,0,0,0,0,0,0,0,0,0,0,0
15258,0,0,0,0,0,0,0,0,0,0,0,0,0,0,0,0,0,0,0,0,0
15259,0,0,0,0,0,0,0,0,0,0,0,0,0,0,0,0,0,0,0,0,0
15260,0,0,0,0,0,0,0,0,0,0,0,0,0,0,0,0,0,0,0,0,0
15261,0,0,0,0,0,0,0,0,0,0,0,0,0,0,0,0,0,0,0,0,0
15262,0,0,0,0,0,0,0,0,0,0,0,0,0,0,0,0,0,0,0,0,0
15263,0,0,0,0,0,0,0,0,0,0,0,0,0,0,0,0,0,0,0,0,0
15264,0,0,0,0,0,0,0,0,0,0,0,0,0,0,0,0,0,0,0,0,0
15265,0,1,0,0,0,0,0,0,0,0,0,0,0,0,1,1,0,0,0,0,1
15266,3,3,2,2,2,2,2,2,2,2,2,2,2,2,2,2,2,2,1,1,2
15267,0,0,0,0,0,0,0,0,0,0,0,0,0,0,0,0,0,0,0,0,0
15268,0,0,0,0,0,0,0,0,0,0,0,0,0,0,0,0,0,0,0,0,0
15269,0,0,0,0,0,0,0,0,0,0,0,0,0,0,0,0,0,0,0,0,0
15270,0,0,0,0,0,0,0,0,0,0,0,0,0,0,0,0,0,0,0,0,0
15271,0,0,0,0,0,0,0,0,0,0,0,0,0,0,0,0,0,0,0,0,0
15272,4,4,4,3,3,3,3,4,4,4,3,3,3,3,4,4,4,3,3,3,3
15273,0,0,0,0,0,0,0,0,0,0,0,0,0,0,0,0,0,0,0,0,0
15274,0,0,0,0,0,0,0,0,0,0,0,0,0,0,0,0,0,0,0,0,0
15275,1,1,1,1,1,0,0,1,1,1,1,1,0,0,1,1,1,1,1,0,0
15276,1,1,1,1,1,1,1,1,1,1,1,1,1,1,1,1,1,1,1,1,1
15277,0,0,0,0,0,0,0,0,0,0,0,0,0,0,0,0,0,0,0,0,0
15278,0,0,0,0,0,0,0,0,0,0,0,0,0,0,0,0,0,0,0,0,0
15279,21,21,21,20,18,17,16,19,20,20,19,18,17,16,19,20,20,19,18,17,16
15280,1,1,1,2,1,1,1,1,1,2,2,1,1,1,1,1,1,2,1,1,1
15281,0,0,0,0,0,0,0,0,0,0,0,0,0,0,0,0,0,0,0,0,0
15282,7,8,10,9,9,7,7,8,9,10,9,9,7,7,8,8,9,8,8,7,7
15283,6,5,4,4,3,3,4,4,5,4,4,3,3,4,4,4,4,3,3,3,3
15284,0,1,1,0,1,0,0,0,1,1,0,1,0,0,0,1,1,0,1,0,0
15285,3,4,5,5,4,3,3,3,4,5,5,4,3,3,3,4,5,5,4,3,3
15286,6,7,8,8,6,6,5,6,7,8,8,6,6,5,6,7,8,8,6,6,5
15287,2,2,1,1,1,1,1,1,1,1,1,1,1,1,1,1,1,1,1,1,1
15288,0,0,0,0,0,0,0,0,0,0,0,0,0,0,0,0,0,0,0,0,0
15289,0,0,0,0,0,0,0,0,0,0,0,0,0,0,0,0,0,0,0,0,0
15290,0,0,0,0,0,0,0,0,0,0,0,0,0,0,0,0,0,0,0,0,0
15291,1,1,2,1,1,1,1,1,1,2,1,1,1,1,1,1,2,1,1,1,1
15292,0,0,0,0,0,0,0,0,0,0,0,0,0,0,0,0,0,0,0,0,0
15293,0,0,0,0,0,0,0,0,0,0,0,0,0,0,0,0,0,0,0,0,0
15294,0,0,0,0,0,0,0,0,0,0,0,0,0,0,0,0,0,0,0,0,0
15295,0,0,0,0,0,0,0,0,0,0,0,0,0,0,0,0,0,0,0,0,0
15296,0,0,0,0,0,0,0,0,0,0,0,0,0,0,0,0,0,0,0,0,0
15297,0,0,0,0,0,0,0,0,0,0,0,0,0,0,0,0,0,0,0,0,0
15298,0,0,0,0,0,0,0,0,0,0,0,0,0,0,0,0,0,0,0,0,0
15299,34,33,28,24,22,20,23,26,29,30,29,26,24,24,26,26,25,22,19,16,16
15300,5,7,7,7,7,6,4,5,7,7,7,7,6,4,5,7,7,7,7,6,4
15301,0,0,0,0,0,0,0,0,0,0,0,0,0,0,0,0,0,0,0,0,0
15302,0,0,0,0,0,0,0,0,0,0,0,0,0,0,0,0,0,0,0,0,0
15303,0,0,0,0,0,0,0,0,0,0,0,0,0,0,0,0,0,0,0,0,0
15304,0,0,0,0,0,0,0,0,0,0,0,0,0,0,0,0,0,0,0,0,0
15305,6,6,5,4,3,3,3,4,5,4,4,3,3,3,4,4,4,3,3,3,3
15306,0,0,0,0,0,0,0,0,0,0,0,0,0,0,0,0,0,0,0,0,0
15307,0,0,0,0,0,0,0,0,0,0,0,0,0,0,0,0,0,0,0,0,0
15308,3,4,4,5,3,2,2,3,4,4,5,3,2,2,3,4,4,4,3,2,2
15309,2,3,3,2,2,2,2,2,3,3,2,2,2,2,2,3,3,2,2,2,2
15310,0,0,0,0,0,0,0,0,0,0,0,0,0,0,0,0,0,0,0,0,0
15311,6,6,6,6,5,4,4,6,7,6,6,5,4,4,6,7,6,6,5,4,4
15312,2,3,3,2,2,2,2,2,3,3,2,2,2,2,3,3,3,2,2,2,2
15313,2,2,3,3,2,1,1,2,2,3,3,2,1,1,2,2,3,3,2,1,1
15314,99,114,116,102,86,75,78,90,103,101,93,78,69,71,88,110,120,112,97,88,98
15315,50,61,64,54,48,41,40,52,66,70,60,52,43,40,53,69,77,67,59,54,57
15316,0,0,0,0,0,0,0,0,0,0,0,0,0,0,0,0,0,0,0,0,0
15317,11,12,12,11,8,6,6,7,9,11,10,7,5,5,7,8,10,9,7,5,4
15318,16,20,21,18,15,13,14,18,21,22,18,15,13,14,18,21,22,18,15,13,14
15319,20,20,21,20,18,17,18,21,23,23,23,20,18,18,21,22,23,23,19,18,19
15320,1,2,2,2,2,2,1,2,2,2,2,2,2,2,2,2,2,2,2,2,2
15321,0,0,0,0,0,0,0,0,0,0,0,0,0,0,0,0,0,0,0,0,0
15322,0,0,0,0,0,0,0,0,0,0,0,0,0,0,0,0,0,0,0,0,0
15323,6,4,3,3,3,3,3,3,3,3,3,3,2,3,3,3,3,3,2,2,3
15324,25,27,29,26,22,21,24,28,30,32,29,25,23,25,30,31,33,30,25,25,30
15325,21,21,21,19,17,13,12,17,18,19,17,15,12,11,16,17,17,16,14,11,10
15326,4,4,4,3,3,3,3,3,3,3,3,3,2,2,3,3,3,2,2,2,2
15327,4,3,2,2,2,2,2,2,2,2,2,2,2,2,2,2,2,2,2,2,2
15328,5,4,4,4,4,3,3,3,3,3,3,3,3,3,3,3,3,3,3,3,3
15329,0,0,0,0,0,0,0,0,0,0,0,0,0,0,0,0,0,0,0,0,0
15330,0,0,0,0,0,0,0,0,0,0,0,0,0,0,0,0,0,0,0,0,0
15331,1,1,1,0,1,0,0,1,1,0,0,1,0,0,1,1,0,0,0,0,0
15332,3,3,3,2,3,2,2,2,3,3,2,3,2,2,2,2,3,2,3,2,2
15333,0,0,0,0,0,0,0,0,0,0,0,0,0,0,0,0,0,0,0,0,0
15334,16,15,14,11,10,10,11,12,13,12,10,9,9,10,10,9,9,7,6,6,7
15335,0,0,0,0,0,0,0,0,0,0,0,0,0,0,0,0,0,0,0,0,0
15336,6,5,6,5,5,6,6,7,6,6,5,5,6,6,7,6,6,5,4,5,6
15337,3,3,2,2,2,2,2,2,2,2,2,2,2,2,2,2,2,2,2,1,2
15338,1,1,1,1,0,0,0,1,1,1,1,1,0,0,1,1,1,1,1,0,1
15339,0,1,1,1,1,1,1,1,1,1,1,1,1,1,1,1,1,1,1,1,1
15340,0,0,0,0,0,0,0,0,0,0,0,0,0,0,0,0,0,0,0,0,0
15341,0,0,0,0,0,0,0,0,0,0,0,0,0,0,0,0,0,0,0,0,0
15342,1,2,2,2,2,2,2,2,2,3,3,3,2,3,3,3,3,3,3,2,3
15343,0,0,0,0,0,0,0,0,0,0,0,0,0,0,0,0,0,0,0,0,0
15344,1,0,0,0,0,0,0,0,0,0,0,0,0,0,0,0,0,0,0,0,0
15345,2,3,3,2,2,2,3,2,3,3,2,2,2,3,2,3,3,2,2,2,3
15346,1,1,1,1,0,0,1,1,1,1,1,0,0,0,1,1,1,1,0,0,0
15347,0,0,0,0,0,0,0,0,0,0,0,0,0,0,0,0,0,0,0,0,0
15348,0,0,0,0,0,0,0,0,0,0,0,0,0,0,0,0,0,0,0,0,0
15349,0,0,0,0,0,0,0,0,0,0,0,0,0,0,0,0,0,0,0,0,0
15350,0,0,0,0,0,0,0,0,0,0,0,0,0,0,0,0,0,0,0,0,0
15351,2,3,3,3,2,2,2,2,3,3,3,2,2,2,2,3,3,3,2,2,2
15352,1,1,1,1,1,1,1,1,1,1,1,1,1,1,1,1,1,1,1,1,1
15353,1,1,1,1,1,1,1,1,1,1,1,1,1,1,1,1,1,1,1,1,1
15354,2,1,1,1,1,1,1,1,1,1,1,1,1,1,1,1,1,1,1,1,1
15355,0,0,0,0,0,0,0,0,0,0,0,0,0,0,0,0,0,0,0,0,0
15356,0,0,0,0,0,0,0,0,0,0,0,0,0,0,0,0,0,0,0,0,0
15357,0,0,0,0,0,0,0,0,0,0,0,0,0,0,0,0,0,0,0,0,0
15358,0,0,0,0,0,0,0,0,0,0,0,0,0,0,0,0,0,0,0,0,0
15359,0,0,0,0,0,0,0,0,0,0,0,0,0,0,0,0,0,0,0,0,0
15360,41,45,39,37,41,35,30,44,49,43,40,43,37,31,46,51,45,41,45,39,34
15361,8,10,9,7,6,5,6,7,9,8,7,6,5,6,7,9,8,6,5,5,6
15362,0,0,0,0,0,0,0,1,0,0,0,0,0,0,1,0,0,0,0,0,0
15363,0,0,0,0,0,0,0,0,0,0,0,0,0,0,0,0,0,0,0,0,0
15364,2,1,1,2,1,1,1,2,1,1,2,1,1,1,2,1,1,2,1,1,1
15365,0,0,0,0,0,0,0,0,0,0,0,0,0,0,0,0,0,0,0,0,0
15366,0,0,0,0,0,0,0,0,0,0,0,0,0,0,0,0,0,0,0,0,0
15367,14,14,13,11,9,8,8,11,13,12,11,8,8,7,11,13,12,10,8,8,8
15368,20,25,27,23,19,14,15,20,25,27,23,19,14,15,20,25,27,23,19,14,15
15369,3,3,3,3,3,3,3,3,3,3,3,3,3,3,3,3,3,3,3,3,3
15370,0,1,1,0,0,1,0,0,1,1,0,0,1,0,0,1,1,0,0,1,0
15371,0,0,0,0,0,0,0,0,0,0,0,0,0,0,0,0,0,0,0,0,0
15372,1,2,2,2,2,1,1,1,2,2,2,2,1,1,1,2,2,2,2,1,1
15373,2,2,2,2,2,2,2,2,2,2,2,2,2,2,2,2,2,2,2,2,2
15374,0,0,0,0,0,0,0,0,0,0,0,0,0,0,0,0,0,0,0,0,0
15375,0,0,0,0,0,0,0,0,0,0,0,0,0,0,0,0,0,0,0,0,0
15376,1,1,1,1,0,0,0,1,1,1,1,0,0,0,1,1,1,1,0,0,0
15377,0,0,0,0,0,0,0,0,0,0,0,0,0,0,0,0,0,0,0,0,0
15378,12,11,9,8,8,7,7,9,9,9,8,7,7,7,8,7,7,6,5,5,5
15379,0,0,0,0,0,0,0,0,0,0,0,0,0,0,0,0,0,0,0,0,0
15380,0,0,0,0,0,0,0,0,0,0,0,0,0,0,0,0,0,0,0,0,0
15381,0,0,0,0,0,0,0,0,0,0,0,0,0,0,0,0,0,0,0,0,0
15382,0,0,0,0,0,0,0,0,0,0,0,0,0,0,0,0,0,0,0,0,0
15383,0,0,0,0,0,0,0,0,0,0,0,0,0,0,0,0,0,0,0,0,0
15384,0,0,0,0,0,0,0,0,0,0,0,0,0,0,0,0,0,0,0,0,0
15385,0,0,0,0,0,0,0,0,0,0,0,0,0,0,0,0,0,0,0,0,0
15386,1,1,1,1,1,1,1,1,1,1,1,1,1,1,1,1,1,1,1,1,1
15387,3,4,4,4,3,2,2,3,4,4,4,3,2,2,3,4,4,4,3,2,2
15388,6,6,6,6,5,4,4,5,6,6,6,5,4,4,5,6,6,6,5,4,4
15389,1,1,1,1,1,1,1,1,1,1,1,1,1,1,1,1,1,1,1,1,1
15390,0,0,0,0,0,0,0,0,0,0,0,0,0,0,0,0,0,0,0,0,0
15391,0,0,0,0,0,0,0,0,0,0,0,0,0,0,0,0,0,0,0,0,0
15392,0,1,0,0,0,0,0,0,1,0,0,0,0,0,0,1,0,0,0,0,0
15393,0,1,1,1,0,0,1,1,1,1,1,0,0,1,1,1,1,1,0,0,1
15394,0,0,0,0,0,0,0,0,0,0,0,0,0,0,0,0,0,0,0,0,0
15395,0,0,0,0,0,0,0,0,0,0,0,0,0,0,0,0,0,0,0,0,0
15396,7,7,7,6,5,5,5,6,7,6,6,5,4,4,5,5,5,4,4,4,4
15397,0,0,0,0,0,0,0,0,0,0,0,0,0,0,0,0,0,0,0,0,0
15398,2,1,1,1,1,1,1,1,1,1,1,1,1,1,1,1,1,1,1,1,1
15399,0,0,0,0,0,0,0,0,0,0,0,0,0,0,0,0,0,0,0,0,0
15400,0,0,0,0,0,0,0,0,0,0,0,0,0,0,0,0,0,0,0,0,0
15401,0,0,0,0,0,0,0,0,0,0,0,0,0,0,0,0,0,0,0,0,0
15402,1,1,1,1,1,1,1,1,1,1,1,1,1,1,1,1,1,1,1,1,1
15403,32,33,27,24,20,21,24,26,28,24,22,19,21,24,25,27,23,22,19,20,24
15404,12,15,15,13,11,12,13,16,19,18,16,13,13,13,17,19,18,15,13,13,15
15405,18,17,15,12,11,11,12,14,14,13,10,10,10,11,13,13,12,10,10,10,11
15406,1,2,2,3,2,1,1,1,2,2,3,2,1,1,1,2,2,3,2,1,1
15407,1,1,1,1,1,1,1,1,1,1,1,1,1,1,1,1,1,1,1,1,1
15408,7,8,7,6,5,7,7,7,8,7,6,6,7,8,8,9,7,6,6,7,8
15409,0,0,0,0,0,0,0,0,0,0,0,0,0,0,0,0,0,0,0,0,0
15410,0,0,0,0,0,0,0,0,0,0,0,0,0,0,0,0,0,0,0,0,0
15411,0,0,0,0,0,0,0,0,0,0,0,0,0,0,0,0,0,0,0,0,0
15412,0,0,0,0,0,0,0,0,0,0,0,0,0,0,0,0,0,0,0,0,0
15413,0,0,0,0,0,0,0,0,0,0,0,0,0,0,0,0,0,0,0,0,0
15414,0,0,0,0,0,0,0,0,0,0,0,0,0,0,0,0,0,0,0,0,0
15415,0,0,0,0,0,0,0,0,0,0,0,0,0,0,0,0,0,0,0,0,0
15416,0,0,0,0,0,0,0,0,0,0,0,0,0,0,0,0,0,0,0,0,0
15417,0,0,0,0,0,0,0,0,0,0,0,0,0,0,0,0,0,0,0,0,0
15418,0,0,0,0,0,0,0,0,0,0,0,0,1,1,1,1,1,1,1,1,1
15419,0,0,0,0,0,0,0,0,0,0,0,0,0,0,0,0,0,0,0,0,0
15420,0,0,0,0,0,0,0,0,0,0,0,0,0,0,0,0,0,0,0,0,0
15421,0,0,0,0,0,0,0,0,0,0,0,0,0,0,0,0,0,0,0,0,0
15422,11,16,16,20,20,19,13,11,16,16,20,20,19,13,11,16,16,20,20,19,13
15423,1,0,1,1,1,1,1,1,0,1,1,1,1,1,1,0,1,1,1,1,1
15424,0,0,0,0,0,0,0,0,0,0,0,0,0,0,0,0,0,0,0,0,0
15425,0,0,0,0,0,0,0,0,0,0,0,0,0,0,0,0,0,0,0,0,0
15426,3,3,3,3,3,2,2,2,3,3,3,3,2,2,2,3,3,3,3,2,2
15427,1,1,1,1,1,1,1,1,1,1,1,1,0,1,1,1,1,1,1,1,1
15428,0,0,0,0,0,0,0,0,0,0,0,0,0,0,0,0,0,0,0,0,0
15429,3,3,3,3,3,3,3,3,3,4,3,3,2,3,3,3,3,3,3,2,3
15430,4,4,4,3,3,3,4,5,5,6,5,5,5,6,6,7,7,7,6,6,7
15431,0,0,0,0,0,0,0,0,0,0,0,0,0,0,0,0,0,0,0,0,0
15432,4,4,4,3,3,3,3,3,4,3,3,3,3,3,3,3,3,3,2,2,3
15433,2,3,3,2,2,1,2,2,3,3,2,2,1,2,2,3,3,2,2,1,2
15434,4,5,4,3,3,3,2,3,4,4,3,3,3,2,3,4,4,3,2,2,2
15435,0,0,0,0,0,0,0,0,0,0,0,0,0,0,0,0,0,0,0,0,0
15436,0,0,0,0,0,0,0,0,0,0,0,0,0,0,0,0,0,0,0,0,0
15437,0,0,0,0,0,0,0,0,0,0,0,0,0,0,0,0,0,0,0,0,0
15438,0,0,0,0,0,0,0,0,0,0,0,0,0,0,0,0,0,0,0,0,0
15439,0,0,0,0,0,0,0,0,0,0,0,0,0,0,0,0,0,0,0,0,0
15440,0,0,0,0,0,0,0,0,0,0,0,0,0,0,0,0,0,0,0,0,0
15441,0,0,0,0,0,0,0,0,0,0,0,0,0,0,0,0,0,0,0,0,0
15442,0,0,0,0,0,0,0,0,0,0,0,0,0,0,0,0,0,0,0,0,0
15443,1,1,1,1,1,1,1,1,1,1,1,1,1,1,1,1,1,1,1,1,1
15444,0,0,0,0,0,0,0,0,0,0,0,0,0,0,0,0,0,0,0,0,0
15445,1,0,1,0,0,0,1,1,0,1,0,0,0,1,1,0,1,0,0,0,1
15446,0,0,0,0,0,0,0,0,0,0,0,0,0,0,0,0,0,0,0,0,0
15447,1,1,1,1,1,1,1,1,1,1,1,1,1,1,1,1,1,1,1,1,1
15448,0,0,0,0,0,0,0,0,0,0,0,0,0,0,0,0,0,0,0,0,0
15449,0,0,0,0,0,0,0,0,0,0,0,0,0,0,0,0,0,0,0,0,0
15450,0,0,0,0,0,0,0,0,0,0,0,0,0,0,0,0,0,0,0,0,0
15451,0,0,0,0,0,0,0,0,0,0,0,0,0,0,0,0,0,0,0,0,0
15452,0,0,0,0,0,0,0,0,0,0,0,0,0,0,0,0,0,0,0,0,0
15453,0,0,0,0,0,0,0,0,0,0,0,0,0,0,0,0,0,0,0,0,0
15454,0,0,0,0,0,0,0,0,0,0,0,0,0,0,0,0,0,0,0,0,0
15455,0,0,0,0,0,0,0,0,0,0,0,0,0,0,0,0,0,0,0,0,0
15456,0,0,0,0,0,0,0,0,0,0,0,0,0,0,0,0,0,0,0,0,0
15457,0,0,0,0,0,0,0,0,0,0,0,0,0,0,0,0,0,0,0,0,0
15458,0,0,0,0,0,0,0,0,0,0,0,0,0,0,0,0,0,0,0,0,0
15459,0,0,0,0,0,0,0,0,0,0,0,0,0,0,0,0,0,0,0,0,0
15460,0,0,0,0,0,0,0,0,0,0,0,0,0,0,0,0,0,0,0,0,0
15461,1,1,1,1,1,1,1,1,1,1,1,1,1,1,1,1,1,1,1,1,1
15462,0,0,0,0,0,0,0,0,0,0,0,0,0,0,0,0,0,0,0,0,0
15463,1,2,1,1,1,1,2,1,2,1,1,1,1,2,1,2,1,1,1,1,2
15464,0,0,0,0,0,0,0,0,0,0,0,0,0,0,0,0,0,0,0,0,0
15465,0,0,0,0,0,0,0,0,0,0,0,0,0,0,0,0,0,0,0,0,0
15466,0,0,0,0,0,0,0,0,0,0,0,0,0,0,0,0,0,0,0,0,0
15467,0,0,0,0,0,0,0,0,0,0,0,0,0,0,0,0,0,0,0,0,0
15468,1,0,1,1,1,1,1,1,0,1,1,1,1,1,1,0,1,1,1,1,1
15469,0,0,0,0,0,0,0,0,0,0,0,0,0,0,0,0,0,0,0,0,0
15470,0,0,0,0,0,0,0,0,0,0,0,0,0,0,0,0,0,0,0,0,0
15471,0,0,0,0,0,0,0,0,0,0,0,0,0,0,0,0,0,0,0,0,0
15472,62,71,73,68,57,53,56,67,78,75,70,58,53,58,66,72,72,69,56,53,63
15473,3,3,2,2,1,1,1,2,2,2,1,1,1,1,1,1,1,1,1,1,1
15474,1,1,1,1,1,1,1,1,1,1,1,1,1,1,1,1,1,1,1,1,1
15475,14,14,11,9,8,7,8,10,11,9,8,6,6,7,9,10,8,7,6,6,7
15476,75,87,76,68,69,67,68,76,91,79,69,69,67,70,76,87,76,66,65,64,69
15477,0,0,0,0,0,0,0,0,0,0,0,0,0,0,0,0,0,0,0,0,0
15478,0,0,0,0,0,0,0,0,0,0,0,0,0,0,0,0,0,0,0,0,0
15479,1,1,2,2,2,1,1,1,2,2,2,2,1,1,1,2,2,2,2,1,1
15480,0,0,0,0,0,0,0,0,0,0,0,0,0,0,0,0,0,0,0,0,0
15481,0,0,0,0,0,0,0,0,0,0,0,0,0,0,0,0,0,0,0,0,0
15482,0,0,0,0,0,0,0,0,0,0,0,0,0,0,0,0,0,0,0,0,0
15483,0,0,0,0,0,0,0,0,0,0,0,0,0,0,0,0,0,0,0,0,0
15484,0,0,0,0,0,0,0,0,0,0,0,0,0,0,0,0,0,0,0,0,0
15485,1,1,1,1,1,1,1,1,1,1,1,1,1,1,1,1,1,1,1,1,1
15486,2,2,2,2,1,2,1,2,2,2,2,1,2,1,2,2,2,2,1,2,1
15487,0,0,0,0,0,0,0,0,0,0,0,0,0,0,0,0,0,0,0,0,0
15488,5,5,4,3,2,2,2,3,3,3,3,2,2,2,3,3,3,3,2,2,2
15489,1,1,1,1,1,1,1,1,1,1,1,1,1,1,1,1,1,1,1,1,1
15490,21,28,30,27,20,17,18,24,33,34,30,22,18,18,24,31,33,29,21,18,18
15491,0,0,0,0,0,0,0,0,0,0,0,0,0,0,0,0,0,0,0,0,0
15492,0,0,0,0,0,0,0,0,0,0,0,0,0,0,0,0,0,0,0,0,0
15493,1,1,1,1,0,0,1,1,1,1,1,0,0,1,1,1,1,1,0,0,1
15494,5,6,6,6,5,4,4,5,6,6,6,5,4,4,5,6,6,6,5,4,4
15495,1,1,1,1,1,1,1,1,1,1,1,1,1,1,1,1,1,1,1,1,1
15496,0,0,0,0,0,0,0,0,0,0,0,0,0,0,0,0,0,0,0,0,0
15497,0,0,0,0,0,0,0,0,0,0,0,0,0,0,0,0,0,0,0,0,0
15498,0,0,0,0,0,0,0,0,0,0,0,0,0,0,0,0,0,0,0,0,0
15499,0,0,0,0,0,0,0,0,0,0,0,0,0,0,0,0,0,0,0,0,0
15500,0,0,0,0,0,0,0,0,0,0,0,0,0,0,0,0,0,0,0,0,0
15501,0,0,0,0,0,0,0,0,0,0,0,0,0,0,0,0,0,0,0,0,0
15502,5,6,7,6,5,4,4,5,6,7,6,5,4,4,5,6,7,6,5,4,4
15503,0,0,0,0,0,0,0,0,0,0,0,0,0,0,0,0,0,0,0,0,0
15504,0,0,0,0,0,0,0,0,0,0,0,0,0,0,0,0,0,0,0,0,0
15505,29,29,25,20,17,16,18,21,24,22,19,17,16,17,21,22,21,19,16,16,17
15506,31,34,31,27,22,20,21,22,25,25,25,22,20,21,20,21,20,19,15,13,14
15507,2,2,2,2,2,1,1,2,2,2,2,2,1,1,2,2,2,2,2,1,1
15508,5,4,4,5,4,4,3,5,4,4,5,4,4,3,5,4,4,5,4,4,3
15509,17,16,14,11,10,9,9,11,11,11,9,8,7,8,9,9,9,8,7,7,7
15510,8,9,12,12,12,8,6,7,9,12,12,12,8,6,7,8,11,12,12,8,5
15511,1,1,1,1,1,1,1,1,1,1,1,1,1,1,1,1,1,1,1,1,1
15512,0,0,0,0,0,0,0,0,0,0,0,0,0,0,0,0,0,0,0,0,0
15513,0,0,0,0,0,0,0,0,0,0,0,0,0,0,0,0,0,0,0,0,0
15514,0,0,0,0,0,0,0,0,0,0,0,0,0,0,0,0,0,0,0,0,0
15515,0,0,0,0,0,0,0,0,0,0,0,0,0,0,0,0,0,0,0,0,0
15516,0,0,0,0,0,0,0,0,0,0,0,0,0,0,0,0,0,0,0,0,0
15517,0,0,0,1,1,1,1,0,0,0,1,1,1,1,0,0,0,1,1,1,1
15518,4,4,4,4,4,3,3,4,4,4,4,4,3,3,4,4,4,4,4,3,3
15519,1,1,0,0,0,0,0,1,1,0,0,0,0,0,1,1,0,0,0,0,0
15520,0,0,0,0,0,0,0,0,0,0,0,0,0,0,0,0,0,0,0,0,0
15521,3,5,5,4,2,2,2,3,5,5,4,3,2,2,3,5,5,4,3,2,2
15522,1,2,2,2,2,1,1,1,2,2,2,2,1,1,1,2,2,2,2,1,1
15523,0,0,0,0,0,0,0,0,0,0,0,0,0,0,0,0,0,0,0,0,0
15524,0,0,0,0,0,0,0,0,0,0,0,0,0,0,0,0,0,0,0,0,0
15525,1,1,1,1,1,1,1,1,1,1,1,1,1,1,1,1,1,1,1,1,1
15526,1,2,2,2,2,2,2,2,2,2,2,2,2,2,2,2,2,2,2,2,2
15527,0,0,0,0,0,0,0,0,0,0,0,0,0,0,0,0,0,0,0,0,0
15528,4,4,4,4,4,3,3,4,4,5,4,4,3,3,4,4,5,4,4,3,3
15529,0,0,0,0,0,0,0,0,0,0,0,0,0,0,0,0,0,0,0,0,0
15530,0,0,0,0,0,0,0,0,0,0,0,0,0,0,0,0,0,0,0,0,0
15531,0,0,0,0,0,0,0,0,0,0,0,0,0,0,0,0,0,0,0,0,0
15532,2,2,2,2,2,2,2,2,2,2,2,2,2,2,2,2,2,2,2,2,2
15533,1,1,1,1,1,1,1,1,1,1,1,1,1,1,1,1,1,1,1,1,1
15534,14,13,12,10,11,10,10,11,12,12,11,12,11,11,11,11,11,10,11,10,10
15535,14,15,11,9,8,8,8,9,12,10,8,7,7,7,9,11,9,8,7,7,7
15536,3,3,3,3,2,2,2,2,3,3,2,2,2,2,2,2,2,2,2,2,2
15537,1,2,2,2,2,2,2,2,2,2,2,2,2,2,2,2,2,2,1,2,2
15538,0,0,0,0,0,0,0,0,0,0,0,0,0,0,0,0,0,0,0,0,0
15539,1,1,1,1,1,1,1,1,1,1,1,1,1,1,1,1,1,1,1,1,1
15540,5,3,3,3,3,2,3,3,3,3,3,2,2,2,2,2,3,2,2,2,2
15541,0,0,0,0,0,0,0,0,0,0,0,0,0,0,0,0,0,0,0,0,0
15542,0,0,0,0,0,0,0,0,0,0,0,0,0,0,0,0,0,0,0,0,0
15543,0,0,0,0,0,0,0,0,0,0,0,0,0,0,0,0,0,0,0,0,0
15544,0,0,0,0,0,0,0,0,0,0,0,0,0,0,0,0,0,0,0,0,0
15545,0,0,0,0,0,0,0,0,0,0,0,0,0,0,0,0,0,0,0,0,0
15546,0,0,0,0,0,0,0,0,0,0,0,0,0,0,0,0,0,0,0,0,0
15547,0,0,0,0,0,0,0,0,0,0,0,0,0,0,0,0,0,0,0,0,0
15548,0,0,0,0,0,0,0,0,0,0,0,0,0,0,0,0,0,0,0,0,0
15549,0,0,0,0,0,0,0,0,0,0,0,0,0,0,0,0,0,0,0,0,0
15550,0,0,0,0,0,0,0,0,0,0,0,0,0,0,0,0,0,0,0,0,0
15551,0,0,0,0,0,0,0,0,0,0,0,0,0,0,0,0,0,0,0,0,0
15552,0,0,0,0,0,0,0,0,0,0,0,0,0,0,0,0,0,0,0,0,0
15553,0,0,0,0,0,0,0,0,0,0,0,0,0,0,0,0,0,0,0,0,0
15554,0,0,0,0,0,0,0,0,0,0,0,0,0,0,0,0,0,0,0,0,0
15555,0,0,0,0,0,0,0,0,0,0,0,0,0,0,0,0,0,0,0,0,0
15556,0,0,0,0,0,0,0,0,0,0,0,0,0,0,0,0,0,0,0,0,0
15557,0,0,0,0,0,0,0,0,0,0,0,0,0,0,0,0,0,0,0,0,0
15558,0,0,0,0,0,0,0,0,0,0,0,0,0,0,0,0,0,0,0,0,0
15559,0,0,0,0,0,0,0,0,0,0,0,0,0,0,0,0,0,0,0,0,0
15560,0,0,0,0,0,0,0,0,0,0,0,0,0,0,0,0,0,0,0,0,0
15561,0,0,0,0,0,0,0,0,0,0,0,0,0,0,0,0,0,0,0,0,0
15562,0,0,0,0,0,0,0,0,0,0,0,0,0,0,0,0,0,0,0,0,0
15563,0,0,0,0,0,0,0,0,0,0,0,0,0,0,0,0,0,0,0,0,0
15564,0,0,0,0,0,0,0,0,0,0,0,0,0,0,0,0,0,0,0,0,0
15565,0,0,0,0,0,0,0,0,0,0,0,0,0,0,0,0,0,0,0,0,0
15566,0,0,0,0,0,0,0,0,0,0,0,0,0,0,0,0,0,0,0,0,0
15567,0,0,0,0,0,0,0,0,0,0,0,0,0,0,0,0,0,0,0,0,0
15568,0,0,0,0,0,0,0,0,0,0,0,0,0,0,0,0,0,0,0,0,0
15569,0,0,0,0,0,0,0,0,0,0,0,0,0,0,0,0,0,0,0,0,0
15570,0,0,0,0,0,0,0,0,0,0,0,0,0,0,0,0,0,0,0,0,0
15571,0,0,0,0,0,0,0,0,0,0,0,0,0,0,0,0,0,0,0,0,0
15572,0,0,0,0,0,0,0,0,0,0,0,0,0,0,0,0,0,0,0,0,0
15573,0,0,0,0,0,0,0,0,0,0,0,0,0,0,0,0,0,0,0,0,0
15574,0,0,0,0,0,0,0,0,0,0,0,0,0,0,0,0,0,0,0,0,0
15575,0,0,0,0,0,0,0,0,0,0,0,0,0,0,0,0,0,0,0,0,0
15576,0,0,0,0,0,0,0,0,0,0,0,0,0,0,0,0,0,0,0,0,0
15577,0,0,0,0,0,0,0,0,0,0,0,0,0,0,0,0,0,0,0,0,0
15578,0,0,0,0,0,0,0,0,0,0,0,0,0,0,0,0,0,0,0,0,0
15579,0,0,0,0,0,0,0,0,0,0,0,0,0,0,0,0,0,0,0,0,0
15580,21,21,20,19,18,16,16,18,19,19,18,17,16,16,17,17,17,17,15,14,14
15581,4,4,4,3,2,2,3,3,3,3,3,3,2,3,3,3,3,3,3,3,3
15582,2,2,2,2,2,2,2,2,2,2,2,2,2,2,2,2,2,2,2,2,2
15583,9,10,9,9,8,7,8,9,10,9,9,8,7,8,9,10,9,9,8,7,8
15584,0,0,0,0,0,0,0,0,0,0,0,0,0,0,0,0,0,0,0,0,0
15585,0,0,0,0,0,0,0,0,0,0,0,0,0,0,0,0,0,0,0,0,0
15586,23,24,23,21,19,17,18,22,25,26,25,22,20,21,23,23,22,20,17,15,16
15587,1,1,1,1,1,1,1,1,1,1,1,1,1,1,1,1,1,1,1,1,1
15588,0,0,1,1,0,0,1,0,0,0,1,0,0,0,0,0,0,1,0,0,0
15589,8,7,7,7,4,5,8,8,7,7,7,4,5,8,8,7,7,7,4,5,8
15590,3,2,2,2,1,1,1,2,2,2,1,1,1,1,2,2,1,1,1,1,1
15591,1,1,1,1,1,1,1,1,1,1,1,1,1,1,1,1,1,1,1,1,1
15592,3,3,3,2,2,2,2,2,3,3,2,2,2,2,3,3,3,2,2,2,2
15593,1,1,0,1,0,0,1,1,1,0,1,0,0,1,1,1,0,1,0,0,1
15594,0,0,0,0,0,0,0,0,0,0,0,0,0,0,0,0,0,0,0,0,0
15595,0,0,0,0,0,0,0,0,0,0,0,0,0,0,0,0,0,0,0,0,0
15596,0,0,0,0,0,0,0,0,0,0,0,0,0,0,0,0,0,0,0,0,0
15597,0,0,0,0,0,0,0,0,0,0,0,0,0,0,0,0,0,0,0,0,0
15598,0,0,0,0,0,0,0,0,0,0,0,0,0,0,0,0,0,0,0,0,0
15599,21,22,21,18,16,15,15,18,20,20,19,17,17,17,19,19,20,18,16,15,15
15600,22,25,24,17,16,15,16,22,25,24,17,16,15,16,22,25,24,17,16,15,16
15601,55,59,60,55,50,45,46,49,56,53,51,49,47,47,49,51,52,50,47,43,45
15602,8,8,8,7,7,6,7,7,7,7,6,6,6,7,7,7,7,7,6,6,7
15603,1,1,1,1,1,1,1,1,1,1,1,1,1,1,1,1,1,1,1,1,1
15604,34,37,40,36,32,29,32,35,39,37,33,30,28,32,34,35,35,32,29,26,30
15605,3,3,2,2,1,1,1,2,2,1,1,1,1,1,1,1,1,1,1,1,1
15606,0,0,0,0,0,0,0,0,0,0,0,0,0,0,0,0,0,0,0,0,0
15607,4,3,3,2,2,2,2,2,2,2,2,1,1,1,1,1,1,1,1,1,1
15608,0,0,0,0,0,0,0,0,0,0,0,0,0,0,0,0,0,0,0,0,0
15609,2,1,1,1,1,1,1,1,1,1,1,1,1,1,2,2,1,1,1,1,1
15610,0,0,0,0,0,0,0,0,0,0,0,0,0,0,0,0,0,0,0,0,0
15611,0,0,0,0,0,0,0,0,0,0,0,0,0,0,0,0,0,0,0,0,0
15612,0,0,0,0,0,0,0,0,0,0,0,0,0,0,0,0,0,0,0,0,0
15613,1,1,1,1,1,1,1,1,1,1,1,1,1,1,1,1,1,1,1,1,1
15614,11,13,13,12,11,9,9,11,12,13,12,11,9,9,10,12,13,12,11,9,9
15615,4,4,5,5,4,4,4,4,4,5,5,4,4,4,4,4,5,5,4,4,4
15616,1,1,1,1,1,1,1,1,1,1,1,1,1,1,1,1,1,1,1,1,1
15617,20,20,20,18,16,14,15,16,17,17,16,14,13,14,15,16,16,15,14,13,13
15618,7,8,8,7,6,4,4,6,8,8,7,6,4,4,5,7,7,6,5,3,3
15619,3,4,4,4,4,3,3,4,4,4,4,3,3,3,4,4,4,4,3,3,3
15620,2,2,2,2,2,2,2,2,2,2,2,2,2,2,2,2,2,2,2,2,2
15621,5,6,7,7,6,5,5,6,7,7,6,5,5,5,6,7,6,6,5,5,5
15622,1,1,2,2,2,1,1,1,1,2,2,2,1,1,1,1,2,2,2,1,1
15623,1,1,1,1,1,1,1,1,1,1,1,1,1,1,1,1,1,1,1,1,1
15624,1,1,1,1,1,1,1,1,1,1,1,1,1,1,1,1,1,1,1,1,1
15625,2,2,1,1,1,1,1,1,2,1,1,1,1,1,1,1,1,1,1,1,1
15626,8,8,7,6,5,5,5,6,8,8,7,6,5,5,7,8,7,6,5,5,5
15627,32,32,33,30,26,24,25,29,30,29,27,24,23,25,28,28,29,27,25,24,25
15628,0,0,0,0,0,0,0,0,0,0,0,0,0,0,0,0,0,0,0,0,0
15629,0,0,0,0,0,0,0,0,0,0,0,0,0,0,0,0,0,0,0,0,0
15630,0,0,0,0,0,0,0,0,0,0,0,0,0,0,0,0,0,0,0,0,0
15631,7,7,7,6,6,6,6,7,7,7,6,6,5,6,6,5,5,4,4,4,4
15632,4,4,4,4,4,4,4,4,4,4,4,3,3,3,3,3,3,3,3,3,3
15633,0,0,0,0,0,0,0,0,0,0,0,0,0,0,0,0,0,0,0,0,0
15634,0,0,0,0,0,0,0,0,0,0,0,0,0,0,0,0,0,0,0,0,0
15635,0,0,0,0,0,0,0,0,0,0,0,0,0,0,0,0,0,0,0,0,0
15636,0,0,0,0,0,0,0,0,0,0,0,0,0,0,0,0,0,0,0,0,0
15637,0,0,0,0,0,0,0,0,0,0,0,0,0,0,0,0,0,0,0,0,0
15638,0,0,0,0,0,0,0,0,0,0,0,0,0,0,0,0,0,0,0,0,0
15639,2,2,3,3,3,2,2,3,3,3,3,3,3,3,3,3,3,3,3,3,3
15640,6,6,5,6,6,5,3,3,3,4,5,5,5,3,3,3,4,5,5,4,3
15641,4,4,3,2,2,2,2,2,2,2,2,2,2,2,2,2,2,2,2,2,2
15642,3,3,2,2,2,1,1,2,2,2,2,2,1,1,2,2,2,2,2,1,1
15643,4,5,5,4,4,4,4,5,5,5,4,4,4,4,5,5,5,4,4,4,4
15644,1,1,1,1,0,0,0,1,1,1,1,0,0,0,1,1,1,1,0,0,0
15645,1,1,1,1,1,1,1,1,1,1,1,1,1,1,1,1,1,1,1,1,1
15646,2,2,1,1,1,1,1,2,2,1,1,1,1,1,1,1,1,1,1,1,1
15647,2,2,2,2,1,1,1,2,2,2,1,1,1,1,1,2,1,1,1,1,1
15648,1,1,1,1,1,1,1,1,1,1,1,1,1,1,1,1,1,1,1,1,1
15649,0,0,0,0,0,0,0,0,0,0,0,0,0,0,0,0,0,0,0,0,0
15650,0,0,0,0,0,0,0,0,0,0,0,0,0,0,0,0,0,0,0,0,0
15651,0,0,0,0,0,0,0,0,0,0,0,0,0,0,0,0,0,0,0,0,0
15652,10,10,10,16,24,23,21,10,10,10,16,24,23,21,10,10,10,16,24,23,21
15653,3,3,2,2,2,2,2,2,2,2,2,2,2,2,2,2,2,2,1,1,2
15654,0,0,0,0,0,0,0,0,0,0,0,0,0,0,0,0,0,0,0,0,0
15655,0,0,0,0,0,0,0,0,0,0,0,0,0,0,0,0,0,0,0,0,0
15656,0,0,0,0,0,0,0,0,0,0,0,0,0,0,0,0,0,0,0,0,0
15657,0,0,0,0,0,0,0,0,0,0,0,0,0,0,0,0,0,0,0,0,0
15658,1,1,1,0,0,0,0,0,0,0,0,0,0,0,0,0,0,0,0,0,0
15659,1,1,1,1,1,0,1,1,1,1,1,1,0,1,1,1,1,1,1,0,1
15660,1,1,1,1,1,1,1,1,1,1,1,1,1,1,1,1,1,1,1,1,1
15661,1,1,1,1,1,1,0,1,1,1,1,1,1,0,1,1,1,1,1,1,0
15662,2,2,2,2,2,1,2,2,1,2,2,2,1,2,2,1,2,2,2,1,2
15663,6,8,8,8,8,6,5,6,8,8,8,8,6,5,6,8,8,8,8,6,5
15664,9,10,10,9,8,7,7,9,9,9,8,7,7,7,8,9,8,8,7,6,6
15665,0,1,1,1,1,1,0,0,1,1,1,1,1,0,0,1,1,1,1,1,0
15666,0,0,0,0,0,0,0,0,0,0,0,0,0,0,0,0,0,0,0,0,0
15667,0,0,0,0,0,0,0,0,0,0,0,0,0,0,0,0,0,0,0,0,0
15668,1,1,1,1,1,0,1,1,1,1,1,1,0,1,1,1,1,1,1,1,1
15669,3,4,5,5,4,3,2,3,4,5,5,4,3,2,3,4,5,5,4,3,2
15670,260,298,302,250,234,198,194,256,298,305,253,236,199,195,258,298,304,252,234,198,195
15671,0,0,0,0,0,0,0,0,0,0,0,0,0,0,0,0,0,0,0,0,0
15672,3,4,4,4,4,3,3,4,4,4,4,4,3,3,4,4,4,4,3,3,3
15673,0,0,0,0,0,0,0,0,0,0,0,0,0,0,0,0,0,0,0,0,0
15674,2,1,1,1,1,1,1,1,1,1,1,1,1,1,1,1,1,1,1,1,1
15675,5,5,4,4,4,4,4,5,5,5,5,5,4,5,5,5,4,5,4,4,4
15676,5,4,4,3,3,3,3,4,4,4,3,3,3,3,4,4,4,3,3,3,3
15677,0,0,0,0,0,1,1,1,0,0,0,0,1,1,0,0,0,0,0,1,1
15678,0,0,0,0,0,0,0,0,0,0,0,0,0,0,0,0,0,0,0,0,0
15679,0,0,0,0,0,0,0,0,0,0,0,0,0,0,0,0,0,0,0,0,0
15680,0,1,1,0,0,0,0,0,1,1,0,0,0,0,0,1,1,0,0,0,0
15681,0,0,0,0,0,0,0,0,0,0,0,0,0,0,0,0,0,0,0,0,0
15682,6,7,6,5,4,3,4,4,6,6,5,4,4,4,5,6,6,5,4,4,4
15683,0,1,0,1,0,0,0,0,1,0,1,0,0,0,0,1,0,1,0,0,0
15684,0,0,0,0,0,0,0,0,0,0,0,0,0,0,0,0,0,0,0,0,0
15685,0,0,0,0,0,0,0,0,0,0,0,0,0,0,0,0,0,0,0,0,0
15686,0,0,0,0,0,0,0,0,0,0,0,0,0,0,0,0,0,0,0,0,0
15687,7,10,12,12,10,6,6,8,11,12,12,10,6,6,8,10,12,12,10,6,6
15688,0,0,0,0,0,0,0,0,0,0,0,0,0,0,0,0,0,0,0,0,0
15689,2,3,3,2,1,2,2,2,3,3,2,1,2,2,2,3,3,2,1,2,2
15690,0,0,0,0,0,0,0,0,0,0,0,0,0,0,0,0,0,0,0,0,0
15691,1,1,0,0,0,0,0,1,1,0,0,0,0,0,1,1,0,0,0,0,0
15692,12,15,14,10,5,7,9,11,15,14,10,5,7,9,11,15,14,10,5,7,9
15693,11,11,12,12,11,9,8,10,11,11,12,10,9,8,10,10,11,11,10,9,8
15694,5,6,6,5,4,4,4,5,6,6,5,4,4,4,5,6,6,5,4,4,4
15695,0,0,0,0,0,0,0,0,0,0,0,0,0,0,0,0,0,0,0,0,0
15696,0,0,0,0,0,0,0,0,0,0,0,0,0,0,0,0,0,0,0,0,0
15697,17,18,19,15,14,12,14,17,17,19,15,14,12,13,17,17,18,15,13,12,13
15698,0,0,0,0,0,0,0,0,0,0,0,0,0,0,0,0,0,0,0,0,0
15699,0,0,0,0,0,0,0,0,0,0,0,0,0,0,0,0,0,0,0,0,0
15700,0,0,0,0,0,0,0,0,0,0,0,0,0,0,0,0,0,0,0,0,0
15701,0,0,0,0,0,0,0,0,0,0,0,0,0,0,0,0,0,0,0,0,0
15702,1,1,1,1,1,1,1,1,1,1,1,1,1,1,1,1,1,1,1,1,1
15703,1,1,1,0,0,0,0,1,1,1,0,0,0,0,1,0,1,0,0,0,0
15704,1,1,1,1,1,1,1,1,1,1,1,1,1,1,1,1,1,1,1,1,1
15705,1,1,1,1,1,1,1,1,1,1,1,1,1,1,1,1,1,1,1,1,1
15706,0,0,0,0,0,0,0,0,0,0,0,0,0,0,0,0,0,0,0,0,0
15707,1,1,0,0,0,0,1,1,1,1,0,0,0,1,1,1,1,0,0,0,1
15708,8,6,6,5,4,4,4,7,5,5,5,4,4,4,7,5,5,4,4,4,4
15709,13,12,10,9,8,8,9,11,10,9,9,8,7,9,10,9,8,8,7,6,8
15710,7,6,6,5,4,4,5,6,5,5,5,4,4,5,6,5,5,4,4,4,5
15711,4,4,4,3,3,2,3,3,3,3,3,3,2,3,3,3,3,3,3,2,3
15712,1,1,1,1,1,1,1,1,1,1,1,1,1,1,1,1,1,1,1,1,1
15713,3,3,3,2,2,2,3,3,3,3,2,2,2,3,3,3,3,2,2,2,3
15714,0,0,0,0,0,0,0,0,0,0,0,0,0,0,0,0,0,0,0,0,0
15715,5,7,7,6,6,3,3,5,7,7,6,6,3,3,5,7,7,6,6,3,3
15716,24,27,25,24,20,17,17,24,27,25,24,20,17,17,24,27,25,24,20,17,17
15717,0,0,0,0,0,0,0,0,0,0,0,0,0,0,0,0,0,0,0,0,0
15718,38,39,43,40,38,32,31,38,39,43,40,38,32,31,37,39,43,40,38,31,31
15719,9,10,10,8,7,5,4,9,10,10,8,7,5,4,9,10,10,8,7,5,4
15720,2,2,2,2,2,2,1,2,2,2,2,2,2,1,2,2,2,2,2,2,1
15721,6,8,7,6,5,2,4,6,8,7,6,5,2,4,6,8,6,6,5,2,4
15722,23,26,31,27,25,21,21,23,26,31,27,25,21,21,23,26,31,27,25,21,21
15723,0,0,0,0,0,0,0,0,0,0,0,0,0,0,0,0,0,0,0,0,0
15724,0,0,0,0,0,0,0,0,0,0,0,0,0,0,0,0,0,0,0,0,0
15725,1,1,1,1,1,1,0,1,1,1,1,1,1,0,1,1,1,1,1,1,0
15726,0,0,0,0,0,0,0,0,0,0,0,0,0,0,0,0,0,0,0,0,0
15727,10,10,9,8,7,7,7,8,8,8,8,7,7,6,8,8,8,8,7,7,7
15728,32,32,30,27,25,25,25,30,31,29,27,25,25,24,30,30,28,26,24,25,25
15729,0,0,0,0,0,0,0,0,0,0,0,0,0,0,0,0,0,0,0,0,0
15730,5,5,4,4,4,4,4,4,4,4,4,4,3,3,4,4,4,4,3,3,3
15731,0,0,0,0,0,0,0,0,0,0,0,0,0,0,0,0,0,0,0,0,0
15732,0,0,0,0,0,0,0,0,0,0,0,0,0,0,0,0,0,0,0,0,0
15733,0,0,0,0,0,0,0,0,0,0,0,0,0,0,0,0,0,0,0,0,0
15734,1,1,1,1,1,1,1,1,1,1,1,1,1,1,1,1,1,1,1,1,1
15735,5,4,4,4,3,3,4,4,4,4,4,3,3,3,4,4,4,4,3,3,3
15736,2,2,2,2,2,2,2,2,2,2,2,2,2,2,2,2,2,2,2,2,2
15737,0,0,0,0,0,0,0,0,0,0,0,0,0,0,0,0,0,0,0,0,0
15738,0,1,1,1,1,0,0,0,1,1,1,1,0,0,0,1,1,1,1,0,0
15739,0,0,0,0,0,0,0,0,0,0,0,0,0,0,0,0,0,0,0,0,0
15740,0,0,0,0,0,0,0,0,0,0,0,0,0,0,0,0,0,0,0,0,0
15741,1,1,1,2,1,1,1,1,1,1,2,1,1,1,1,1,1,2,1,1,1
15742,2,3,3,3,2,3,3,4,4,4,4,3,3,4,4,4,4,4,3,3,4
15743,0,0,0,0,0,0,0,0,0,0,0,0,0,0,0,0,0,0,0,0,0
15744,23,23,20,18,16,16,18,22,25,25,23,20,17,18,23,27,27,24,21,22,27
15745,14,13,12,11,10,9,10,12,12,11,10,9,8,9,11,11,11,9,9,8,10
15746,0,0,0,0,0,0,0,0,0,0,0,0,0,0,0,0,0,0,0,0,0
15747,1,2,1,1,1,1,1,1,2,1,1,1,1,1,1,2,1,1,1,1,1
15748,9,7,7,6,5,4,5,7,6,6,6,5,4,5,7,6,6,6,5,4,5
15749,0,0,0,0,0,0,0,0,0,0,0,0,0,0,0,0,0,0,0,0,0
15750,0,0,0,0,0,0,0,0,0,0,0,0,0,0,0,0,0,0,0,0,0
15751,1,1,1,2,2,2,1,1,1,1,2,2,2,1,1,1,1,2,2,2,1
15752,1,2,3,3,4,3,1,1,2,3,3,4,3,1,1,2,3,3,4,3,1
15753,0,0,1,0,0,0,0,0,1,1,0,0,0,0,0,0,1,0,0,0,0
15754,0,0,0,0,0,0,0,0,0,0,0,0,0,0,0,0,0,0,0,0,0
15755,0,0,0,0,0,0,0,0,0,0,0,0,0,0,0,0,0,0,0,0,0
15756,0,0,0,0,0,0,0,0,0,0,0,0,0,0,0,0,0,0,0,0,0
15757,0,0,0,0,0,0,0,0,0,0,0,0,0,0,0,0,0,0,0,0,0
15758,0,0,0,0,0,0,0,0,0,0,0,0,0,0,0,1,1,1,1,1,1
15759,0,0,0,0,0,0,0,0,0,0,0,0,0,0,0,0,0,0,0,0,0
15760,0,0,0,0,0,0,0,0,0,0,0,0,0,0,0,0,0,0,0,0,0
15761,1,1,1,0,0,0,0,1,1,1,0,0,0,0,1,1,1,0,0,0,0
15762,0,0,0,0,0,0,0,0,0,0,0,0,0,0,0,0,0,0,0,0,0
15763,0,0,0,0,0,0,0,0,0,0,0,0,0,0,0,0,0,0,0,0,0
15764,2,1,1,2,0,1,1,2,1,1,2,0,1,1,2,1,1,2,1,1,1
15765,0,0,0,0,0,0,0,0,0,0,0,0,0,0,0,0,0,0,0,0,0
15766,0,0,0,0,0,0,0,0,0,0,0,0,0,0,0,0,0,0,0,0,0
15767,1,1,1,1,1,1,1,1,1,1,1,1,1,1,1,1,1,1,1,1,1
15768,0,0,0,0,0,0,0,0,0,0,0,0,0,0,0,0,0,0,0,0,0
15769,0,0,0,0,0,0,0,0,0,0,0,0,0,0,0,0,0,0,0,0,0
15770,0,0,0,0,0,0,0,0,0,0,0,0,0,0,0,0,0,0,0,0,0
15771,0,0,0,0,0,0,0,0,0,0,0,0,0,0,0,0,0,0,0,0,0
15772,0,0,0,0,0,0,0,0,0,0,0,0,0,0,0,0,0,0,0,0,0
15773,0,0,0,0,0,0,0,0,0,0,0,0,0,0,0,0,0,0,0,0,0
15774,8,9,10,9,8,7,7,8,9,9,8,8,7,6,7,8,8,8,7,6,6
15775,0,0,0,0,0,0,0,0,0,0,0,0,0,0,0,0,0,0,0,0,0
15776,0,0,0,0,0,0,0,0,0,0,0,0,0,0,0,0,0,0,0,0,0
15777,0,0,0,0,0,0,0,0,0,0,0,0,0,0,0,0,0,0,0,0,0
15778,0,0,0,0,0,0,0,0,0,0,0,0,0,0,0,0,0,0,0,0,0
15779,0,0,0,0,0,0,0,0,0,0,0,0,0,0,0,0,0,0,0,0,0
15780,0,0,0,0,0,0,0,0,0,0,0,0,0,0,0,0,0,0,0,0,0
15781,0,0,0,0,0,0,0,0,0,0,0,0,0,0,0,0,0,0,0,0,0
15782,0,0,0,0,0,1,0,0,0,0,0,0,1,0,0,0,0,0,0,1,0
15783,0,0,0,0,0,0,0,0,0,0,0,0,0,0,0,0,0,0,0,0,0
15784,0,0,0,0,0,0,0,0,0,0,0,0,0,0,0,0,0,0,0,0,0
15785,0,0,0,0,0,0,0,0,0,0,0,0,0,0,0,0,0,0,0,0,0
15786,10,10,9,7,7,6,7,8,9,10,9,8,7,8,9,10,9,8,8,8,9
15787,2,1,1,1,1,1,1,1,1,1,1,1,1,1,1,1,1,1,1,1,1
15788,134,129,120,97,85,80,95,121,119,111,92,80,78,94,122,122,116,99,90,89,104
15789,0,0,0,0,0,0,0,0,0,0,0,0,0,0,0,0,0,0,0,0,0
15790,2,2,2,2,2,2,2,2,2,2,2,2,2,2,2,2,2,2,2,2,2
15791,0,0,0,0,0,0,0,0,0,0,0,0,0,0,0,0,0,0,0,0,0
15792,0,0,0,0,0,0,0,0,0,0,0,0,0,0,0,0,0,0,0,0,0
15793,0,0,0,0,0,0,0,0,0,0,0,0,0,0,0,0,0,0,0,0,0
15794,0,0,0,0,0,0,0,0,0,0,0,0,0,0,0,0,0,0,0,0,0
15795,0,0,0,0,0,0,0,0,0,0,0,0,0,0,0,0,0,0,0,0,0
15796,0,0,0,0,0,0,0,0,0,0,0,0,0,0,0,0,0,0,0,0,0
15797,0,0,0,0,0,0,0,0,0,0,0,0,0,0,0,0,0,0,0,0,0
15798,0,0,0,0,0,0,0,0,0,0,0,0,0,0,0,0,0,0,0,0,0
15799,0,0,0,0,0,0,0,0,0,0,0,0,0,0,0,0,0,0,0,0,0
15800,0,0,0,0,0,0,0,0,0,0,0,0,0,0,0,0,0,0,0,0,0
15801,0,0,0,0,0,0,0,0,0,0,0,0,0,0,0,0,0,0,0,0,0
15802,1,1,1,1,1,1,1,1,1,1,1,1,1,1,1,1,1,1,1,1,1
15803,0,1,0,0,0,0,0,0,0,0,0,0,0,0,0,0,0,0,0,0,1
15804,0,0,0,0,0,0,0,0,0,0,0,0,0,0,0,0,0,0,0,0,0
15805,1,1,1,1,1,1,1,1,1,1,1,1,1,1,1,1,1,1,1,1,1
15806,1,1,0,0,0,0,0,0,0,0,0,0,0,0,0,0,0,0,0,0,0
15807,27,25,22,21,20,20,23,26,24,22,21,20,20,23,26,24,22,21,20,20,23
15808,0,0,0,0,0,0,0,0,0,0,0,0,0,0,0,0,0,0,0,0,0
15809,0,0,0,0,0,0,0,0,0,0,0,0,0,0,0,0,0,0,0,0,0
15810,0,0,0,0,0,0,0,0,0,0,0,0,0,0,0,0,0,0,0,0,0
15811,1,0,0,0,0,0,0,1,0,0,0,0,0,0,1,0,0,0,0,0,0
15812,2,2,2,2,2,2,2,2,2,2,2,2,2,2,2,2,2,2,2,2,2
15813,2,2,2,2,2,2,2,2,2,2,2,2,2,2,2,2,2,2,2,2,2
15814,2,2,2,2,2,2,2,2,2,2,2,2,2,2,2,2,2,2,2,2,2
15815,0,0,0,0,0,0,0,0,0,0,0,0,0,0,0,0,0,0,0,0,0
15816,0,0,0,0,0,0,0,0,0,0,0,0,0,0,0,0,0,0,0,0,0
15817,0,0,0,0,1,1,0,0,0,0,0,1,1,0,0,0,0,0,1,1,0
15818,0,0,0,0,0,0,0,0,0,0,0,0,0,0,0,0,0,0,0,0,0
15819,9,9,9,9,8,7,8,9,9,9,8,7,7,7,8,8,8,8,7,7,7
15820,1,1,1,1,1,1,1,2,2,2,2,2,2,2,2,2,2,2,2,2,2
15821,150,150,156,131,124,110,113,144,146,155,133,127,112,114,144,145,153,131,125,111,115
15822,20,21,20,17,14,13,14,17,18,17,15,13,13,14,16,16,15,14,12,11,13
15823,45,45,43,35,31,28,30,38,40,40,34,29,26,26,37,41,41,36,32,32,37
15824,0,0,0,0,0,0,0,0,0,0,0,0,0,0,0,0,0,0,0,0,0
15825,0,0,0,0,0,0,0,0,0,0,0,0,0,0,0,0,0,0,0,0,0
15826,1,1,1,1,1,1,1,1,1,1,1,1,1,1,1,1,1,1,1,1,1
15827,0,0,0,0,0,0,0,0,0,0,0,0,0,0,0,0,0,0,0,0,0
15828,2,1,1,1,1,1,1,1,1,1,1,1,1,1,1,1,1,1,1,1,1
15829,0,0,0,0,0,0,0,0,0,0,0,0,0,0,0,0,0,0,0,0,0
15830,0,0,0,0,0,0,0,0,0,0,0,0,0,0,0,0,0,0,0,0,0
15831,1,1,1,1,1,1,1,1,1,1,1,1,1,1,1,1,1,1,1,1,1
15832,12,11,9,9,8,8,8,8,9,8,8,8,7,7,7,8,7,7,7,6,6
15833,1,1,1,1,1,1,1,1,1,1,1,1,1,1,1,1,1,1,1,1,1
15834,4,4,3,3,2,2,2,2,2,2,2,2,2,1,2,2,2,2,2,1,1
15835,1,1,1,0,0,0,0,1,1,1,0,0,0,0,1,1,1,0,0,0,0
15836,28,36,41,40,36,27,23,26,33,39,40,35,28,23,27,33,40,40,36,28,23
15837,12,12,12,10,9,7,6,8,9,10,9,7,6,5,6,8,9,9,7,5,5
15838,9,10,11,10,9,8,8,9,10,11,10,9,8,8,9,9,10,9,8,8,8
15839,2,3,3,3,2,2,2,2,3,3,3,2,2,2,2,3,3,3,3,2,2
15840,4,5,6,6,5,4,3,4,5,6,5,5,4,3,4,5,6,5,5,4,3
15841,2,3,3,3,2,2,2,2,2,3,3,2,2,1,2,2,3,3,2,1,1
15842,2,4,5,5,4,2,2,2,4,5,5,4,2,2,2,4,5,5,4,2,2
15843,7,8,7,7,6,5,6,7,8,7,6,6,5,6,7,7,7,6,5,5,6
15844,1,1,1,1,1,1,1,1,1,1,1,1,1,1,1,1,1,1,1,1,1
15845,11,13,13,11,10,8,7,8,10,11,10,9,8,7,8,10,11,10,9,7,6
15846,2,2,1,2,1,2,2,2,2,2,2,2,2,2,2,2,2,2,2,2,2
15847,2,3,3,3,3,2,2,3,3,3,3,2,2,2,3,3,3,3,2,3,3
15848,10,11,11,10,9,8,9,9,10,10,9,9,8,8,9,10,10,9,8,8,8
15849,6,6,6,6,5,4,4,5,6,6,6,5,4,4,5,6,6,6,5,4,4
15850,9,9,9,9,7,7,7,8,8,9,8,6,7,7,7,8,8,8,6,6,7
15851,1,2,2,2,2,2,2,2,2,2,2,2,2,2,2,2,2,2,2,2,2
15852,2,3,3,3,2,2,2,3,3,3,3,2,2,2,3,3,3,3,3,2,3
15853,0,0,1,0,0,0,0,0,0,1,0,0,0,0,0,0,1,0,0,0,0
15854,14,16,15,13,11,10,10,12,14,13,12,11,10,10,11,12,12,12,10,9,9
15855,1,1,1,1,1,1,1,1,1,1,1,1,1,1,1,1,1,1,1,1,1
15856,5,6,6,6,5,5,5,6,6,6,6,5,5,5,5,5,5,5,5,5,5
15857,0,1,1,0,0,0,0,0,1,1,0,0,0,0,0,1,1,0,0,0,0
15858,3,3,3,3,3,3,3,3,3,3,3,3,3,3,3,3,3,3,3,3,3
15859,1,1,1,1,1,1,1,1,2,2,1,1,1,1,1,2,2,1,1,1,1
15860,3,4,4,3,3,2,2,3,3,3,3,3,2,2,3,3,3,3,3,2,2
15861,0,0,0,0,0,0,0,0,0,0,0,0,0,0,0,0,0,0,0,0,0
15862,0,0,0,0,0,0,0,0,0,0,0,0,0,0,0,0,0,0,0,0,0
15863,0,0,0,0,0,0,0,0,0,0,0,0,0,0,0,0,0,0,0,0,0
15864,0,0,0,0,0,0,0,0,0,0,0,0,0,0,0,0,0,0,0,0,0
15865,0,0,0,0,0,0,0,0,0,0,0,0,0,0,0,0,0,0,0,0,0
15866,0,0,0,0,0,0,0,0,0,0,0,0,0,0,0,0,0,0,0,0,0
15867,0,0,0,0,0,0,0,0,0,0,0,0,0,0,0,0,0,0,0,0,0
15868,0,0,0,0,0,0,0,0,0,0,0,0,0,0,0,0,0,0,0,0,0
15869,0,0,0,0,0,0,0,0,0,0,0,0,0,0,0,0,0,0,0,0,0
15870,0,0,0,0,0,0,0,0,0,0,0,0,0,0,0,0,0,0,0,0,0
15871,0,0,0,0,0,0,0,0,0,0,0,0,0,0,0,0,0,0,0,0,0
15872,1,1,1,1,1,1,1,1,1,1,1,1,1,1,1,1,1,1,1,1,1
15873,0,0,0,0,0,0,0,0,0,0,0,0,0,0,0,0,0,0,0,0,0
15874,0,0,0,0,0,0,0,0,0,0,0,0,1,1,1,1,1,1,1,1,1
15875,0,0,0,0,0,0,0,0,0,0,0,0,0,0,0,0,0,0,0,0,0
15876,0,0,0,0,0,0,0,0,0,0,0,0,0,0,0,0,0,0,0,0,0
15877,1,1,1,1,1,1,1,1,1,1,1,1,1,1,1,1,1,1,1,1,1
15878,0,0,0,0,0,0,0,0,0,0,0,0,0,0,0,0,0,0,0,0,0
15879,7,5,3,2,2,2,2,2,2,2,2,2,2,2,2,1,1,1,1,1,1
15880,4,3,2,2,1,1,1,1,1,1,1,1,1,1,1,1,1,1,1,1,1
15881,2,2,2,2,2,2,3,3,4,4,3,3,3,4,4,4,4,4,3,4,4
15882,0,1,1,1,1,1,1,1,1,1,1,1,1,1,1,1,1,1,1,1,1
15883,0,0,0,0,0,0,0,0,0,0,0,0,0,0,0,0,0,0,0,0,0
15884,0,0,0,0,0,0,0,0,0,0,0,0,0,0,0,0,0,0,0,0,0
15885,2,4,7,12,14,10,4,2,4,7,12,14,10,4,2,4,7,12,14,10,4
15886,5,6,4,4,4,3,3,4,5,4,4,3,3,3,4,5,4,4,3,3,3
15887,0,0,0,0,0,0,0,0,0,0,0,0,0,0,0,0,0,0,0,0,0
15888,1,1,1,1,1,1,1,1,1,1,1,1,1,1,1,1,1,1,1,1,1
15889,0,0,0,0,0,0,0,0,0,0,0,0,0,0,0,0,0,0,0,0,0
