ID,2023-04-05,2023-04-06,2023-04-07,2023-04-08,2023-04-09,2023-04-10,2023-04-11,2023-04-12,2023-04-13,2023-04-14,2023-04-15,2023-04-16,2023-04-17,2023-04-18,2023-04-19,2023-04-20,2023-04-21,2023-04-22,2023-04-23,2023-04-24,2023-04-25
0,1,1,1,1,1,1,1,1,1,1,1,1,1,1,1,1,1,1,1,1,1
1,1,1,1,1,1,1,1,1,2,1,1,1,1,1,1,2,2,2,1,2,2
2,0,1,1,1,1,0,0,0,1,1,1,1,0,0,0,1,1,1,1,0,0
3,0,0,0,1,1,0,0,0,0,0,1,1,0,0,0,0,0,1,1,0,0
4,2,2,3,3,2,1,2,2,2,3,3,2,1,2,2,2,3,3,2,1,2
5,1,1,0,1,1,1,1,1,1,0,1,1,1,1,1,1,0,1,1,1,1
6,0,0,0,0,0,0,0,0,0,0,0,0,0,0,0,0,0,0,0,0,0
7,11,11,11,10,9,9,10,11,11,11,10,9,9,10,11,11,11,10,9,9,10
8,0,0,0,0,0,0,0,0,0,0,0,0,0,0,0,0,0,0,0,0,0
9,6,6,5,6,6,7,6,6,6,5,6,7,7,6,6,6,5,6,6,7,6
10,0,0,0,0,0,0,0,0,0,0,0,0,0,0,0,0,0,0,0,0,0
11,0,0,0,0,0,0,0,0,0,0,0,0,0,0,0,0,0,0,0,0,0
12,0,0,0,0,0,0,0,0,0,0,0,0,0,0,0,0,0,0,0,0,0
13,0,0,0,0,0,0,0,0,0,0,0,0,0,0,0,0,0,0,0,0,0
14,1,2,2,2,1,2,2,2,2,2,2,1,1,2,2,2,2,1,1,1,1
15,0,0,0,0,0,0,1,1,0,0,0,0,0,0,0,0,0,0,0,0,0
16,0,1,0,0,0,0,0,0,1,0,0,0,0,0,0,1,0,0,0,0,0
17,7,9,13,15,12,9,4,7,10,13,15,12,9,5,8,10,13,15,12,9,5
18,13,16,18,12,8,8,9,13,16,18,12,8,8,9,13,16,18,12,8,8,9
19,1,2,2,3,1,1,0,1,2,2,3,1,1,0,1,2,2,3,1,1,0
20,0,0,0,0,0,0,0,0,0,0,0,0,0,0,0,0,0,0,0,0,0
21,0,0,0,0,0,0,0,0,0,0,0,0,0,0,0,0,0,0,0,0,0
22,0,0,0,0,0,0,0,0,0,0,0,0,0,0,0,0,0,0,0,0,0
23,0,0,0,0,0,0,0,0,0,0,0,0,0,0,0,0,0,0,0,0,0
24,0,0,0,0,0,0,0,0,0,0,0,0,0,0,0,0,0,0,0,0,0
25,0,0,0,0,0,0,0,1,1,1,1,1,1,1,1,1,1,1,1,1,1
26,0,0,0,1,0,0,0,0,0,0,1,0,0,0,0,0,0,1,0,0,0
27,0,0,0,0,0,0,0,0,0,0,0,0,0,0,0,0,0,0,0,0,0
28,0,0,0,0,0,0,0,0,0,0,0,0,0,0,0,0,0,0,0,0,0
29,4,5,5,4,4,3,4,4,4,4,4,3,3,3,4,4,4,4,4,3,3
30,2,2,1,2,1,1,1,2,2,1,2,1,1,1,2,2,1,2,1,1,1
31,0,0,0,0,0,0,0,0,0,0,0,0,0,0,0,0,0,0,0,0,0
32,9,10,11,11,10,9,8,10,12,13,13,11,9,8,9,10,11,10,9,8,7
33,0,0,0,0,0,0,0,0,0,0,0,0,0,0,0,0,0,0,0,0,0
34,0,0,0,0,0,0,0,0,0,0,0,0,0,0,0,0,0,0,0,0,0
35,5,3,4,3,4,4,3,5,3,4,3,4,4,3,5,3,4,3,4,4,3
36,4,3,4,5,4,1,2,4,3,4,5,4,1,2,4,3,4,5,4,1,2
37,0,0,0,0,0,0,0,0,0,0,0,0,0,0,0,0,0,0,0,0,0
38,0,0,0,0,0,0,0,0,0,0,0,0,0,0,0,0,0,0,0,0,0
39,0,0,0,0,0,0,0,0,0,0,0,0,0,0,0,0,0,0,0,0,0
40,53,58,68,69,68,69,53,53,58,68,69,68,69,53,53,58,68,69,68,69,53
41,0,0,0,0,0,0,0,0,0,0,0,0,0,0,0,0,0,0,0,0,0
42,4,4,5,4,3,3,3,4,4,5,4,3,3,3,4,4,5,4,3,3,3
43,3,3,4,3,3,2,2,3,3,4,3,3,2,2,3,3,4,3,3,2,2
44,1,1,1,1,1,0,0,1,1,1,1,1,0,0,1,1,1,1,1,0,0
45,1,1,1,1,1,1,1,1,2,2,1,1,1,1,2,2,2,1,1,1,1
46,1,1,1,1,1,1,1,1,1,1,1,1,1,1,1,1,1,1,1,1,1
47,22,22,21,20,19,19,20,22,22,21,20,19,19,19,22,22,20,20,19,19,19
48,0,0,0,0,0,0,0,0,0,0,0,0,0,0,0,0,0,0,0,0,0
49,2,2,2,2,2,1,1,2,2,2,2,2,1,1,2,2,2,2,2,1,1
50,6,7,7,6,6,5,5,6,7,8,7,6,5,5,6,6,6,5,5,4,4
51,1,1,1,1,1,1,1,1,1,1,1,1,1,1,1,1,1,1,0,0,1
52,0,0,0,0,0,0,0,0,0,0,0,0,0,0,0,0,0,0,0,0,0
53,1,1,1,1,1,0,1,1,1,1,1,1,0,1,1,1,1,1,1,0,1
54,1,2,2,2,2,2,1,1,2,2,2,2,2,1,1,1,2,2,2,2,1
55,0,0,0,2,1,0,0,0,0,0,2,1,0,0,0,0,0,2,1,0,0
56,0,0,0,0,0,0,0,0,0,0,0,0,0,0,1,0,0,0,0,0,1
57,0,0,0,0,0,0,0,0,0,0,0,0,0,0,0,0,0,0,0,0,0
58,0,0,0,0,0,0,0,0,0,0,0,0,0,0,0,0,0,0,0,0,0
59,0,0,0,0,0,0,0,0,0,0,0,0,0,0,0,0,0,0,0,0,0
60,1,1,1,1,0,1,1,1,1,1,1,0,1,1,1,1,1,1,0,1,1
61,1,1,1,1,1,1,0,1,1,1,1,1,1,0,1,1,1,1,1,1,0
62,0,0,0,0,0,0,0,0,0,0,0,0,0,0,0,0,0,0,0,0,0
63,0,0,0,0,0,0,0,0,0,0,0,0,0,0,0,0,0,0,0,0,0
64,0,0,0,0,0,0,0,0,0,0,0,0,0,0,0,0,0,0,0,0,0
65,0,0,1,1,0,0,0,0,0,1,1,0,0,0,0,0,1,1,0,0,0
66,1,0,1,1,0,1,1,1,0,1,1,0,1,1,1,0,1,1,0,1,1
67,0,0,0,0,0,0,0,1,1,1,1,1,1,1,2,2,2,2,1,1,2
68,0,0,0,1,1,0,1,0,0,0,1,1,0,1,0,0,0,0,1,0,1
69,0,0,0,0,0,0,0,0,0,0,0,0,0,0,0,0,0,0,0,0,0
70,0,0,0,0,0,0,0,0,0,0,0,0,0,0,0,0,0,0,0,0,0
71,0,0,0,0,0,0,0,0,0,0,0,0,0,0,0,0,0,0,0,0,0
72,0,0,0,0,0,0,0,0,0,0,0,0,0,0,0,0,0,0,0,0,0
73,0,0,0,0,0,0,0,0,0,0,0,0,0,0,0,0,0,0,0,0,0
74,0,0,0,0,0,0,0,0,0,0,0,0,0,0,0,0,0,0,0,0,0
75,0,0,0,0,0,0,0,0,0,0,0,0,0,0,0,0,0,0,0,0,0
76,0,0,0,0,0,0,0,0,0,0,0,0,0,0,0,0,0,0,0,0,0
77,1,1,1,1,1,1,1,1,1,1,1,1,1,1,1,1,1,1,1,1,1
78,0,0,0,0,0,0,0,0,0,0,0,0,0,0,0,0,0,0,0,0,0
79,0,0,0,0,0,0,0,0,0,0,0,0,0,0,0,0,0,0,0,0,0
80,0,0,0,0,0,0,0,0,0,0,0,0,0,0,0,0,0,0,0,0,0
81,0,0,0,0,0,0,0,0,0,0,0,0,0,0,0,0,0,0,0,0,0
82,9,9,7,5,3,3,5,7,8,7,5,3,3,4,7,7,6,5,3,2,4
83,1,1,1,1,1,1,1,1,1,1,1,1,1,1,1,1,1,1,1,1,1
84,0,0,0,0,0,0,0,0,0,0,0,0,0,0,0,0,0,0,0,0,0
85,1,1,1,1,1,1,1,1,1,1,1,1,1,1,1,1,1,1,1,1,1
86,0,0,0,0,0,0,0,0,0,0,0,0,0,0,0,0,0,0,0,0,0
87,0,0,0,0,0,0,0,0,0,0,0,0,0,0,0,0,0,0,0,0,0
88,0,0,0,0,0,0,0,0,0,0,0,0,0,0,0,0,0,0,0,0,0
89,0,0,0,0,0,0,0,0,0,0,0,0,0,0,0,0,0,0,0,0,0
90,0,0,0,0,0,0,0,0,0,0,0,0,0,0,0,0,0,0,0,0,0
91,0,0,0,0,0,0,0,0,0,0,0,0,0,0,0,0,0,0,0,0,0
92,0,0,0,0,0,0,0,0,0,0,0,0,0,0,0,0,0,0,0,0,0
93,0,0,0,0,0,0,0,0,0,0,0,0,0,0,0,0,0,0,0,0,0
94,0,0,0,0,0,0,0,0,0,0,0,0,0,0,0,0,0,0,0,0,0
95,0,0,0,0,0,0,0,0,0,0,0,0,0,0,0,0,0,0,0,0,0
96,0,0,0,0,0,0,0,0,0,0,0,0,0,0,0,0,0,0,0,0,0
97,0,0,0,0,0,0,0,0,0,0,0,0,0,0,0,0,0,0,0,0,0
98,8,9,8,8,8,8,7,8,9,8,8,8,7,7,8,9,8,8,8,7,7
99,1,1,2,1,1,1,1,1,1,2,1,1,1,1,1,1,2,1,1,1,1
100,0,0,0,0,0,0,0,0,0,0,0,0,0,0,0,0,0,0,0,0,0
101,6,6,6,6,6,5,5,6,6,6,6,6,5,5,6,6,6,6,6,5,5
102,4,4,5,5,4,3,3,4,4,5,5,4,3,3,4,4,5,5,4,3,3
103,0,0,0,0,0,0,0,0,0,0,0,0,0,0,0,0,0,0,0,0,0
104,0,0,0,0,0,0,0,0,0,0,0,0,0,0,0,0,0,0,0,0,0
105,0,0,0,0,0,0,0,0,0,0,0,0,0,0,0,0,0,0,0,0,0
106,0,0,0,0,0,0,0,0,0,0,0,0,0,0,0,0,0,0,0,0,0
107,1,1,1,1,1,1,1,1,1,1,1,1,1,1,1,1,1,1,1,1,1
108,0,1,0,0,0,0,0,0,1,0,0,0,0,0,0,1,0,0,0,0,0
109,0,0,0,0,0,0,0,0,0,0,0,0,0,0,0,0,0,0,0,0,0
110,24,24,24,22,21,21,22,26,28,29,27,26,26,25,31,31,30,26,24,24,24
111,1,2,1,1,1,0,1,1,2,1,1,1,0,1,1,2,1,1,1,0,1
112,1,2,2,1,1,1,1,1,1,2,2,1,1,1,1,2,2,2,1,1,1
113,2,2,2,2,2,1,2,2,2,2,2,2,1,2,2,2,2,2,2,1,2
114,1,1,1,1,1,1,1,1,1,1,1,1,1,1,1,1,1,1,1,1,1
115,1,1,1,1,1,1,0,1,1,1,1,1,1,0,1,1,1,1,1,1,0
116,4,4,5,5,5,4,4,5,5,5,5,5,4,4,4,5,5,4,4,4,4
117,25,23,18,15,12,11,12,17,18,17,15,12,11,12,16,17,16,14,12,11,13
118,1,2,2,2,1,1,1,2,2,2,2,1,1,2,2,2,2,2,1,1,2
119,9,10,10,8,8,8,9,11,13,12,10,9,9,9,11,11,10,8,8,8,9
120,11,11,10,9,7,7,8,10,11,11,9,8,8,9,11,12,11,10,8,8,9
121,1,1,2,1,1,1,1,1,1,2,1,1,1,1,1,1,2,1,1,1,1
122,2,2,2,2,1,2,1,2,2,2,2,2,2,2,2,3,2,2,2,2,2
123,4,4,5,5,4,4,4,5,5,5,4,4,3,4,5,4,5,4,4,3,4
124,3,3,3,2,2,2,2,3,3,3,3,2,2,2,3,3,3,2,2,2,3
125,0,0,0,0,0,0,0,0,0,0,0,0,0,0,0,0,0,0,0,0,0
126,0,0,0,0,0,0,0,0,0,0,0,0,0,0,0,0,0,0,0,0,0
127,0,0,0,0,0,0,0,0,0,0,0,0,0,0,0,0,0,0,0,0,0
128,0,0,0,0,0,0,0,0,0,0,0,0,0,0,0,0,0,0,0,0,0
129,0,0,0,0,0,0,0,0,0,0,0,0,0,0,0,0,0,0,0,0,0
130,1,1,1,1,1,1,1,1,1,1,1,1,1,1,1,1,1,1,1,1,1
131,1,2,2,2,2,1,2,1,2,2,2,2,1,2,1,2,2,2,2,1,2
132,0,0,0,0,0,0,0,0,0,0,0,0,0,0,0,0,0,1,1,1,1
133,5,5,5,5,5,4,4,5,5,6,6,5,5,5,6,5,6,5,5,5,5
134,0,0,0,0,0,0,0,0,0,0,0,0,0,0,0,0,0,0,0,0,0
135,8,9,9,8,7,6,7,9,10,11,10,8,7,8,10,11,11,9,8,7,7
136,0,0,0,0,0,0,0,0,0,0,0,0,0,0,0,0,0,0,0,0,0
137,0,0,0,0,0,0,0,0,0,0,0,0,0,0,0,0,0,0,0,0,0
138,1,1,2,1,1,1,1,1,1,2,1,1,1,1,1,1,2,1,1,1,1
139,2,2,2,2,2,2,2,2,2,2,2,2,2,2,2,2,2,2,2,2,2
140,11,10,12,12,10,10,10,11,10,12,12,10,10,10,11,10,12,12,10,10,10
141,19,20,22,21,20,18,18,21,23,25,24,22,19,19,23,24,25,23,20,18,19
142,1,1,1,1,1,1,1,1,1,1,1,0,0,0,0,0,0,0,0,0,1
143,0,0,0,0,0,0,0,0,0,0,0,0,0,0,0,0,0,0,0,0,0
144,3,4,4,4,3,3,3,3,4,4,4,3,3,3,3,4,4,4,3,3,3
145,28,46,55,54,44,35,31,33,50,57,54,44,35,31,33,50,57,54,43,34,30
146,8,10,10,9,7,8,9,9,11,10,10,7,9,9,9,10,10,9,7,8,8
147,3,2,3,2,2,2,2,3,2,3,2,2,2,2,3,2,3,2,2,2,2
148,3,3,4,5,4,3,2,3,3,4,5,4,3,2,3,3,4,5,4,3,2
149,3,3,3,4,3,3,3,3,3,3,4,3,3,3,3,3,3,3,3,3,3
150,6,9,6,6,5,5,5,6,9,6,6,5,5,5,6,9,6,6,5,5,5
151,6,6,7,7,6,6,5,6,6,7,7,6,6,5,6,6,7,7,6,6,5
152,1,0,0,0,0,0,0,1,0,0,0,0,0,0,1,0,0,0,0,0,0
153,0,0,0,0,0,0,0,0,0,0,0,0,0,0,0,0,0,0,0,0,0
154,0,0,0,0,0,0,0,0,0,0,0,0,0,0,0,0,0,0,0,0,0
155,0,0,0,0,0,0,0,0,0,0,0,0,0,0,0,0,0,0,0,0,0
156,4,8,8,6,6,6,3,3,7,8,6,6,6,3,3,7,8,6,6,6,3
157,0,1,1,1,1,1,1,0,1,1,1,1,1,1,0,1,1,1,1,1,1
158,1,2,2,2,2,1,1,1,2,2,2,2,1,1,1,2,2,2,2,1,1
159,24,30,27,20,17,16,13,17,26,28,22,19,17,15,18,27,27,22,19,18,15
160,0,0,0,0,0,0,0,0,0,0,0,0,0,0,0,0,0,0,0,0,0
161,24,23,22,13,12,13,12,16,16,19,12,12,12,11,15,16,19,12,12,13,12
162,0,0,0,0,0,0,0,0,0,0,0,0,0,0,0,0,0,0,0,0,0
163,0,0,0,0,0,0,1,0,0,0,0,0,0,1,0,0,0,0,0,0,1
164,29,34,35,35,28,26,24,30,35,36,35,27,25,24,31,36,37,36,29,27,26
165,1,2,2,2,1,2,2,1,2,2,2,1,2,2,1,2,2,2,1,2,2
166,3,2,3,3,3,2,2,3,3,3,3,3,3,3,3,3,3,3,3,3,3
167,6,6,6,5,5,4,4,5,5,5,5,5,4,4,5,6,5,5,5,4,5
168,2,2,2,2,1,1,1,2,2,2,2,1,1,1,2,2,2,2,1,1,1
169,2,2,3,3,2,2,1,2,2,3,3,2,2,1,2,2,3,3,2,2,1
170,1,1,1,1,1,1,1,1,1,1,1,1,1,1,1,1,1,1,1,1,1
171,2,3,3,3,2,2,2,2,3,3,3,2,2,2,2,3,3,3,3,3,3
172,5,5,5,4,4,4,4,5,5,5,4,4,4,4,5,5,5,4,4,4,4
173,0,0,0,0,0,0,0,0,0,0,0,0,0,0,0,0,0,0,0,0,0
174,0,0,0,0,0,0,0,0,0,0,0,0,0,0,0,0,0,0,0,0,0
175,1,1,1,1,1,1,1,1,1,1,1,1,1,1,1,1,1,1,1,1,1
176,0,0,0,0,0,0,0,0,0,0,0,0,0,0,0,0,0,0,0,0,0
177,0,0,0,0,0,0,0,0,0,0,0,0,0,0,0,0,0,0,0,0,0
178,1,1,2,2,1,1,1,1,1,2,2,1,1,1,1,1,2,2,1,1,1
179,0,0,0,0,0,0,0,0,0,0,0,0,0,0,0,0,0,0,0,0,0
180,0,0,0,0,0,0,0,0,0,0,0,0,0,0,0,0,0,0,0,0,0
181,0,0,0,0,0,0,0,0,0,0,0,0,0,0,0,0,0,0,0,0,0
182,0,0,0,0,0,0,0,0,0,0,0,0,0,0,0,0,0,0,0,0,0
183,0,0,0,0,0,0,0,0,0,0,0,0,0,0,0,0,0,0,0,0,0
184,0,0,0,0,0,0,0,0,0,0,0,0,0,0,0,0,0,0,0,0,0
185,0,0,0,0,0,0,0,0,0,0,0,0,0,0,0,0,0,0,0,0,0
186,0,0,0,0,0,0,0,0,0,0,0,0,0,0,0,0,0,0,0,0,0
187,0,0,0,0,0,0,0,0,0,0,0,0,0,0,0,0,0,0,0,0,0
188,1,1,0,1,1,1,1,1,1,1,1,1,1,1,1,1,1,1,1,1,1
189,0,0,0,0,0,0,0,0,0,0,0,0,0,0,0,0,0,0,0,0,0
190,0,0,0,0,0,0,0,0,0,0,0,0,0,0,0,0,0,0,0,0,0
191,0,0,0,0,0,0,0,0,0,0,0,0,0,0,0,0,0,0,0,0,0
192,0,0,0,0,0,0,0,0,0,0,0,0,0,0,0,0,0,0,0,0,0
193,0,0,0,0,0,0,0,0,0,0,0,0,0,0,0,0,0,0,0,0,0
194,2,2,2,2,2,2,2,2,2,2,2,2,2,2,2,2,2,2,2,2,2
195,0,0,0,0,0,0,0,0,0,0,0,0,0,0,0,0,0,0,0,0,0
196,0,0,0,0,0,0,0,0,0,0,0,0,0,0,0,0,0,0,0,0,0
197,0,0,0,0,0,0,0,0,0,0,0,0,0,0,0,0,0,0,0,0,0
198,2,2,2,1,1,1,1,1,1,1,1,1,1,2,2,2,2,2,2,2,2
199,1,1,1,1,1,1,1,1,1,1,1,1,1,1,1,1,1,1,1,1,1
200,1,1,1,0,0,0,0,0,1,1,1,0,0,0,0,1,0,0,0,0,0
201,0,0,0,0,0,0,0,0,0,0,0,0,0,0,0,0,0,0,0,0,0
202,0,0,0,0,0,0,0,0,0,0,0,0,0,0,0,0,0,0,0,0,0
203,0,0,0,0,0,0,0,0,0,0,0,0,0,0,0,0,0,0,0,0,0
204,0,0,0,1,1,0,0,0,0,0,1,1,0,0,0,0,0,1,1,0,0
205,10,10,9,7,6,6,7,10,10,9,7,6,6,7,10,10,9,7,6,6,7
206,0,0,0,0,1,1,0,0,0,0,0,1,1,0,0,0,0,0,1,1,0
207,20,20,20,17,14,16,17,19,20,20,18,16,18,19,22,21,19,16,15,17,19
208,21,20,19,16,13,12,14,18,21,23,20,18,16,17,19,19,19,16,14,13,14
209,10,10,10,9,7,6,7,9,12,14,13,11,9,9,12,13,13,11,9,7,8
210,0,0,0,0,0,0,0,0,0,0,0,0,0,0,0,0,0,0,0,0,0
211,1,1,1,0,0,0,0,1,1,1,1,0,0,1,1,1,1,1,1,1,1
212,4,5,5,4,4,3,3,3,4,4,4,4,3,3,4,4,5,4,4,4,4
213,1,1,0,1,1,1,1,1,1,1,1,1,1,1,1,1,1,1,1,1,1
214,2,2,1,1,1,1,1,1,1,1,1,1,1,1,1,1,1,1,1,1,1
215,0,0,0,0,0,0,0,0,0,0,0,0,0,0,0,0,0,0,0,0,0
216,0,0,0,0,0,0,0,0,0,0,0,0,0,0,0,0,0,0,0,0,0
217,0,0,0,0,0,0,0,0,0,0,0,0,0,0,0,0,0,0,0,0,0
218,0,0,0,0,0,0,0,0,0,0,0,0,0,0,0,0,0,0,0,0,0
219,0,0,0,0,0,0,0,0,0,0,0,0,0,0,0,0,0,0,0,0,0
220,5,7,7,6,6,4,4,5,7,7,6,6,4,4,5,7,7,6,6,4,4
221,20,23,25,23,20,17,16,20,24,27,27,25,22,21,25,28,28,26,23,20,21
222,8,8,7,6,5,7,7,7,8,7,7,5,7,7,7,8,7,7,5,7,7
223,8,9,9,8,7,7,7,8,9,9,8,7,7,7,8,9,9,8,7,7,7
224,46,45,44,43,39,37,39,42,42,42,41,39,37,39,42,44,43,42,39,38,39
225,17,17,17,15,13,11,12,15,16,18,17,17,16,16,18,17,18,16,15,14,15
226,1,1,1,1,1,1,1,1,1,1,1,1,1,1,1,1,1,1,1,1,1
227,0,1,1,1,1,0,0,0,1,1,1,1,0,0,0,1,1,1,1,0,0
228,6,6,5,5,4,4,4,5,5,5,5,5,4,5,6,7,6,6,5,5,6
229,1,1,1,2,2,2,2,1,1,1,2,2,2,2,1,1,1,2,2,2,2
230,0,0,0,0,0,0,0,0,0,0,0,0,0,0,0,0,0,0,0,0,0
231,0,0,0,0,0,0,0,0,0,0,0,0,0,0,0,0,0,0,0,0,1
232,1,1,1,1,1,1,1,1,1,1,1,1,1,1,1,1,1,1,1,1,1
233,0,0,0,0,0,0,0,0,0,0,0,0,0,0,0,0,0,0,0,0,0
234,3,3,3,2,2,2,2,2,3,3,2,2,2,2,2,3,3,2,2,2,2
235,1,1,1,1,1,1,1,1,1,1,1,1,1,1,1,1,1,1,1,1,1
236,1,1,1,1,1,1,1,1,1,1,1,1,1,1,1,1,1,1,1,1,1
237,1,1,1,1,1,1,1,1,1,1,1,1,1,1,1,1,1,1,1,1,1
238,0,0,0,0,0,0,0,0,0,0,0,0,0,0,0,0,0,0,0,0,0
239,0,0,0,0,0,0,0,0,0,0,0,0,0,0,0,0,0,0,0,0,0
240,0,0,0,0,0,0,0,0,0,0,0,0,0,0,0,0,0,0,0,0,0
241,0,0,1,0,0,0,0,0,0,1,0,0,0,0,0,0,1,0,0,0,0
242,2,2,2,1,1,1,1,2,2,2,1,1,1,1,2,2,1,1,1,1,1
243,14,16,18,16,15,14,13,16,17,18,17,15,14,12,14,15,16,15,14,13,12
244,0,0,0,0,0,0,0,0,0,0,0,0,0,0,0,0,0,0,0,0,0
245,0,0,0,0,0,0,0,0,0,0,0,0,0,0,0,0,0,0,0,0,0
246,2,2,2,2,2,2,2,2,2,2,2,2,2,2,2,2,2,2,2,2,2
247,6,6,6,6,5,5,5,6,6,6,6,5,6,5,6,7,7,6,5,6,5
248,112,119,98,88,83,83,86,98,106,99,95,90,91,96,113,122,109,99,92,91,96
249,12,11,9,7,7,6,8,12,11,9,7,7,6,8,12,11,9,7,7,6,8
250,9,9,8,7,6,5,8,9,9,8,7,6,5,8,9,9,8,7,6,5,8
251,59,58,56,53,49,43,44,53,57,57,54,50,43,43,52,54,54,51,47,41,42
252,13,12,12,9,10,11,12,14,13,12,9,10,11,12,14,13,12,9,10,11,13
253,3,2,3,2,2,2,3,3,2,3,2,3,2,3,4,3,3,2,3,2,3
254,39,34,28,26,22,32,34,38,34,28,26,22,32,34,39,36,30,28,24,35,38
255,26,28,29,24,19,15,19,25,29,32,27,21,17,21,29,33,34,29,23,19,23
256,41,36,38,41,32,29,34,42,41,43,45,35,32,36,42,40,42,44,36,32,37
257,13,15,15,14,11,10,13,13,15,15,14,11,10,13,13,15,15,14,11,10,13
258,0,0,0,0,0,0,0,0,0,0,0,0,0,0,0,0,0,0,0,0,0
259,0,0,0,0,0,0,0,0,0,0,0,0,0,0,0,0,0,0,0,0,0
260,6,6,5,8,6,6,7,6,6,5,8,6,6,7,6,6,5,8,6,6,7
261,0,0,0,0,0,0,0,0,0,0,0,0,0,0,0,0,0,0,0,0,0
262,1,1,0,0,1,1,1,1,1,0,0,1,1,1,1,1,0,0,1,1,1
263,0,0,0,0,0,0,0,0,0,0,0,0,0,0,0,0,0,0,0,0,0
264,0,0,1,1,1,1,0,0,0,1,1,1,1,0,0,0,1,1,1,1,0
265,1,1,0,0,1,1,1,1,1,0,0,1,1,1,1,1,0,0,1,1,1
266,0,0,0,0,0,0,0,0,0,0,0,0,0,0,0,0,0,0,0,0,0
267,1,1,0,1,1,1,2,1,1,0,1,1,1,2,1,1,0,1,1,1,2
268,0,0,0,0,0,0,0,0,0,0,0,0,0,0,0,0,0,0,0,0,0
269,1,0,0,0,0,0,0,1,0,0,0,0,0,0,1,0,0,0,0,0,0
270,0,0,0,0,0,0,0,0,0,0,0,0,0,0,0,0,0,0,0,0,0
271,10,12,13,13,10,8,8,10,12,13,13,10,8,8,10,12,13,13,10,8,8
272,54,56,58,54,43,37,36,60,66,66,59,49,42,40,66,73,74,66,53,45,43
273,1,2,3,4,4,2,1,1,2,3,4,4,2,1,1,2,3,4,4,2,1
274,16,20,17,20,15,12,16,16,20,17,19,15,12,16,16,20,16,19,15,12,16
275,11,11,11,9,9,8,9,11,12,11,10,9,9,10,12,12,12,10,9,9,10
276,1,1,1,1,1,1,1,1,1,1,1,1,1,1,1,1,1,1,1,1,1
277,0,0,0,0,0,0,0,0,0,0,0,0,0,0,0,0,0,0,0,0,0
278,53,59,61,57,49,44,44,53,59,61,57,49,44,44,53,59,61,57,49,43,44
279,2,3,2,2,2,2,2,2,3,2,2,2,2,2,2,3,2,2,2,2,2
280,9,10,12,11,9,9,8,9,10,12,11,9,9,8,9,10,12,11,9,9,8
281,28,30,30,29,25,22,22,28,30,30,29,25,22,22,28,30,30,29,25,22,22
282,3,3,2,3,2,3,3,3,3,2,3,2,3,3,3,3,2,3,2,3,3
283,13,14,12,12,9,11,12,14,15,13,13,10,11,12,14,15,13,13,10,11,13
284,3,3,4,3,3,3,3,3,3,4,3,3,3,3,3,3,4,3,3,3,3
285,15,17,18,17,15,13,13,15,17,18,17,15,13,13,15,17,19,17,15,13,13
286,40,43,45,42,36,32,33,40,43,45,42,36,32,33,40,43,45,42,36,32,33
287,3,3,3,3,3,3,3,3,3,3,3,3,3,3,3,3,3,3,3,3,3
288,1,1,1,1,1,1,1,1,1,1,1,1,1,1,1,1,1,1,1,1,1
289,0,0,0,1,1,0,0,0,0,0,1,1,0,0,0,0,0,1,1,0,0
290,0,0,0,1,0,0,0,0,0,0,1,1,0,0,0,0,0,1,1,0,0
291,0,0,0,0,0,0,0,0,0,0,0,0,0,0,0,0,0,0,0,0,0
292,0,0,0,0,0,0,0,0,0,0,0,0,0,0,0,0,0,0,0,0,0
293,0,0,0,0,0,0,0,0,0,0,0,0,1,1,1,1,1,1,2,2,2
294,3,2,2,2,1,1,2,1,1,1,1,1,2,3,4,5,5,6,6,6,6
295,3,3,3,3,3,3,3,3,3,3,3,3,3,3,3,3,3,3,3,3,3
296,2,2,2,2,1,2,1,2,2,2,2,1,2,1,2,2,2,2,1,2,1
297,1,0,0,0,1,1,1,1,0,0,0,1,1,1,1,0,0,0,1,1,1
298,14,15,14,13,12,11,12,14,15,14,13,12,11,12,14,15,14,13,12,11,12
299,4,5,5,3,3,3,3,4,5,5,3,3,3,4,5,5,5,3,3,3,3
300,7,6,6,6,6,6,7,7,6,6,6,6,6,7,8,7,6,6,6,6,7
301,25,23,21,19,17,18,19,22,21,20,18,17,18,19,23,22,21,19,17,18,19
302,10,10,12,12,12,10,10,10,11,13,14,14,12,11,10,10,10,10,10,8,8
303,0,0,0,0,0,0,0,0,0,0,0,0,0,0,0,0,0,0,0,0,0
304,0,0,0,0,0,0,0,0,0,0,0,0,0,0,0,0,0,0,0,0,0
305,0,0,0,0,0,0,0,0,0,0,0,0,0,0,0,0,0,0,0,0,0
306,0,0,0,0,0,0,0,0,0,0,0,0,0,0,0,0,0,0,0,0,0
307,0,0,0,0,0,0,0,0,0,0,0,0,0,0,0,0,0,0,0,0,0
308,0,0,0,0,0,0,0,0,0,0,0,0,0,0,0,0,0,0,0,0,0
309,0,0,0,0,0,0,0,0,0,0,0,0,0,0,0,0,0,0,0,0,0
310,0,0,0,0,0,0,0,0,0,0,0,0,0,0,0,0,0,0,0,0,0
311,0,0,0,0,0,0,0,0,0,0,0,0,0,0,0,0,0,0,0,0,0
312,0,0,0,0,0,0,0,0,0,0,0,0,0,0,0,0,0,0,0,0,0
313,9,9,9,9,8,7,7,8,9,9,9,8,7,7,8,8,9,8,7,6,7
314,0,0,0,0,0,0,0,0,0,0,0,0,0,0,0,0,0,0,0,0,0
315,0,0,0,0,0,0,0,0,0,0,0,0,0,0,0,0,0,0,0,0,0
316,2,2,2,2,2,2,1,2,2,2,2,2,2,1,2,2,2,2,2,2,1
317,2,2,2,1,1,1,1,2,2,2,1,1,1,1,2,2,2,1,1,1,1
318,11,11,10,10,8,8,8,10,11,11,10,9,8,8,10,11,10,9,8,8,8
319,34,37,35,34,34,29,30,36,40,38,37,36,31,31,37,40,37,34,34,29,29
320,1,2,2,2,2,1,1,1,2,2,2,2,1,1,1,2,2,2,2,1,1
321,1,1,1,1,1,0,0,1,1,1,1,1,0,0,1,1,1,1,1,0,0
322,0,0,0,0,0,0,0,0,0,0,0,0,0,0,0,0,0,0,0,0,0
323,1,1,1,1,1,1,1,1,1,1,1,1,1,1,1,1,1,1,1,1,1
324,2,2,2,2,2,2,1,2,2,2,2,2,2,1,2,2,2,2,2,2,1
325,2,2,2,3,2,2,2,2,3,2,3,3,2,2,3,3,2,3,3,2,2
326,0,0,0,0,0,0,0,0,0,0,0,0,0,0,0,0,0,0,0,1,1
327,1,1,1,1,1,0,0,1,1,1,1,1,0,0,1,1,1,1,1,0,1
328,0,0,0,0,0,0,0,0,0,0,0,0,0,0,0,0,0,0,0,0,0
329,1,1,1,1,1,0,1,1,1,1,1,1,0,1,1,1,1,1,1,0,1
330,4,4,5,4,3,3,3,4,4,5,4,3,3,3,4,5,6,5,4,3,4
331,1,2,2,2,2,1,1,1,2,2,2,2,1,1,1,2,2,2,2,1,1
332,38,45,39,42,40,34,37,37,45,38,41,39,32,35,34,41,34,37,35,30,32
333,8,10,10,8,8,6,6,8,10,10,8,7,6,5,7,9,9,7,7,5,5
334,11,12,12,11,10,9,9,11,12,12,11,10,8,9,10,12,12,12,11,9,10
335,0,0,0,0,0,0,0,0,0,0,0,0,0,0,0,0,0,0,0,0,0
336,1,1,1,0,0,0,0,1,1,1,0,0,0,0,1,1,1,0,0,0,0
337,1,2,2,1,1,1,1,1,2,2,1,1,1,1,1,2,2,1,1,1,1
338,2,2,1,1,1,1,1,2,2,1,1,1,1,1,2,2,1,1,1,1,1
339,0,0,0,0,0,0,0,0,0,0,0,0,0,0,0,0,0,0,0,0,0
340,1,1,1,1,1,0,0,1,1,1,1,1,0,0,1,1,1,1,1,0,0
341,4,4,4,3,3,3,2,3,4,3,3,3,2,2,3,3,3,3,3,3,3
342,3,2,2,1,1,1,1,1,1,1,1,1,1,1,1,1,1,1,1,1,1
343,4,4,4,4,3,3,3,4,5,5,4,3,2,3,4,5,4,4,3,3,4
344,0,0,0,0,0,0,0,0,0,0,0,0,0,0,0,0,0,0,0,0,0
345,0,0,0,0,0,0,0,0,0,0,0,0,0,0,0,0,0,0,0,0,0
346,43,44,43,36,38,36,40,43,44,43,36,38,36,40,43,44,43,36,38,36,40
347,3,3,3,3,2,2,2,3,3,3,3,2,2,2,3,3,3,3,2,2,2
348,1,2,1,1,1,1,1,1,2,1,1,1,1,1,1,2,1,1,1,1,1
349,0,0,0,0,0,0,0,0,0,0,0,0,0,0,0,0,0,0,0,0,0
350,0,0,0,0,0,0,0,0,0,0,0,0,0,0,0,0,0,0,0,0,0
351,1,1,0,1,1,1,1,1,1,0,1,1,1,1,1,1,0,1,1,1,1
352,0,0,0,0,0,0,0,0,0,0,0,0,0,0,0,1,1,0,0,0,0
353,1,2,1,0,0,0,0,1,2,1,0,0,0,0,1,2,1,0,0,0,0
354,0,1,1,1,1,1,0,0,1,1,1,1,1,0,0,1,1,1,1,1,0
355,0,0,0,0,0,0,0,0,0,0,0,0,0,0,0,0,0,1,1,1,1
356,0,0,0,0,0,0,0,0,0,0,0,0,0,0,0,0,0,0,0,0,0
357,18,19,20,16,14,13,15,22,27,28,25,22,19,20,26,28,27,21,18,16,18
358,0,0,0,0,0,0,0,0,0,0,0,0,0,0,0,0,0,0,0,0,0
359,1,0,1,1,1,1,0,1,0,1,1,1,1,0,1,0,1,1,1,1,0
360,2,2,2,2,1,1,2,2,2,2,2,1,1,2,2,2,2,2,1,1,2
361,0,0,0,1,1,0,0,0,0,0,1,1,0,0,0,0,0,1,1,0,0
362,5,8,9,8,7,3,3,4,8,9,8,7,3,3,4,8,9,8,7,3,3
363,1,1,1,1,1,1,1,1,1,1,1,1,1,1,1,1,1,1,1,1,1
364,0,0,0,0,0,0,0,0,0,0,0,0,0,0,0,0,0,0,0,0,0
365,2,3,3,2,2,1,1,2,3,3,2,2,1,1,2,3,3,2,2,1,1
366,0,0,0,0,0,0,0,0,0,0,0,0,0,0,0,0,0,0,0,0,0
367,0,0,0,0,0,0,0,0,0,0,0,0,0,0,0,0,0,0,0,0,0
368,0,0,0,0,0,0,0,0,0,0,0,0,0,0,0,0,0,0,0,0,0
369,120,133,143,135,116,101,103,124,135,139,125,109,91,92,115,130,138,125,110,97,101
370,0,0,0,0,0,0,0,0,0,0,0,0,0,0,0,0,0,0,0,0,0
371,33,38,38,36,31,23,22,30,36,37,36,31,24,22,29,35,36,34,31,23,22
372,2,3,4,4,4,2,2,2,3,4,4,4,2,2,2,3,4,4,4,2,2
373,5,5,5,5,4,3,4,5,5,5,5,4,3,4,5,6,6,5,5,4,5
374,3,3,3,3,2,2,2,3,3,3,3,2,2,2,3,3,3,3,2,2,2
375,39,39,40,36,32,29,29,36,39,41,38,33,29,29,35,38,40,36,32,30,30
376,1,1,1,1,1,0,0,1,1,1,1,1,0,0,1,1,1,1,1,0,0
377,6,6,5,4,4,3,4,5,5,5,4,4,3,3,5,5,5,5,4,4,4
378,4,4,4,3,3,2,2,4,4,4,3,3,2,2,3,4,4,3,3,2,2
379,6,7,7,6,6,4,4,4,6,7,6,6,4,4,4,6,6,6,5,3,3
380,45,47,44,45,40,39,40,41,45,43,45,40,38,39,39,43,41,43,38,37,39
381,1,1,1,2,2,1,1,1,1,1,2,2,1,1,1,1,1,2,2,1,1
382,16,20,20,20,17,12,14,16,20,20,20,17,12,14,16,20,20,20,17,12,14
383,5,6,7,7,6,5,4,5,6,7,7,6,5,4,5,6,7,7,6,5,5
384,6,7,7,6,5,5,5,6,7,7,6,5,5,6,7,8,8,6,6,5,6
385,2,2,2,2,1,1,1,2,2,2,2,1,1,1,2,2,2,2,1,1,1
386,2,2,1,1,1,0,1,2,2,1,1,1,1,1,2,3,2,2,1,1,1
387,1,1,2,2,1,1,1,1,2,2,2,1,1,1,1,2,2,2,2,1,1
388,1,1,1,1,1,1,1,1,1,1,1,1,1,1,1,1,1,1,1,1,1
389,3,3,3,2,2,2,2,2,3,3,2,2,2,2,3,3,3,3,2,2,2
390,1,2,1,1,1,1,1,1,2,2,1,1,1,1,1,2,2,1,2,1,1
391,0,0,0,0,0,0,0,0,0,0,0,0,0,0,0,0,0,0,0,0,0
392,4,4,3,3,2,2,2,3,3,2,2,2,2,2,3,2,2,2,2,2,2
393,0,0,0,0,0,0,0,0,0,0,0,0,0,0,0,0,0,0,0,0,0
394,0,0,0,0,0,0,0,0,0,0,0,0,0,0,0,0,0,0,0,0,0
395,0,0,0,0,0,0,0,0,0,0,0,0,0,0,0,0,0,0,0,0,0
396,0,0,0,0,0,0,0,0,0,0,0,0,0,0,0,0,0,0,0,0,0
397,0,0,0,0,0,0,0,0,0,0,0,0,0,0,0,0,0,0,0,0,0
398,0,0,0,0,0,0,0,0,0,0,0,0,0,0,0,0,0,0,0,0,0
399,0,0,0,0,0,0,0,0,0,0,0,0,0,0,0,0,0,0,0,0,0
400,0,0,0,0,0,0,0,0,0,0,0,0,0,0,0,0,0,0,0,0,0
401,1,0,0,0,0,0,0,0,0,0,0,0,0,0,0,0,0,0,0,0,0
402,0,0,0,0,0,0,0,0,0,0,0,0,0,0,0,0,0,0,0,0,0
403,0,0,0,0,0,0,0,0,0,0,0,0,0,0,0,0,0,0,0,0,0
404,0,1,1,1,1,1,1,1,1,1,1,1,0,0,0,0,0,0,0,0,0
405,0,0,0,0,0,0,0,0,0,0,0,0,0,0,0,0,1,0,1,0,0
406,0,0,0,0,0,0,0,0,0,0,0,0,0,0,0,0,0,0,0,0,0
407,0,0,0,0,0,0,0,0,0,0,0,0,0,0,0,0,0,0,0,0,0
408,4,2,0,0,2,0,0,4,2,0,0,2,0,0,4,2,0,0,2,0,0
409,0,0,0,0,0,0,0,0,0,0,0,0,0,0,0,0,0,0,0,0,0
410,2,2,2,1,1,1,1,2,2,2,2,1,1,1,2,2,2,2,1,1,1
411,1,1,1,1,0,0,0,1,1,1,1,0,0,0,1,1,1,1,0,0,0
412,11,12,9,9,7,7,8,13,15,10,10,7,7,8,13,14,10,9,7,6,8
413,1,2,2,1,1,1,1,1,2,2,1,1,1,1,1,2,2,1,1,1,1
414,0,1,1,1,0,0,0,1,1,1,1,0,0,0,1,1,1,1,1,1,1
415,2,2,2,2,2,2,1,2,2,2,2,2,1,1,2,2,2,2,2,1,1
416,4,3,4,3,3,2,3,4,3,4,3,3,2,3,4,3,4,3,3,2,3
417,1,1,1,2,1,1,1,1,1,1,2,1,1,1,1,1,1,2,1,1,1
418,15,15,13,12,10,9,9,13,15,15,13,10,9,8,11,12,12,11,10,9,9
419,0,0,0,0,0,0,0,0,0,0,0,0,0,0,0,0,0,0,0,0,0
420,1,1,2,1,1,1,1,1,1,2,1,1,1,1,1,1,2,1,1,1,1
421,0,1,0,0,0,0,0,0,1,0,0,0,0,0,0,1,0,0,0,0,0
422,1,2,2,2,2,2,2,1,2,2,2,2,2,2,1,2,2,2,2,2,2
423,2,2,2,2,2,2,2,2,2,2,2,2,2,2,2,2,2,2,2,2,2
424,0,0,0,0,0,0,0,0,0,0,0,0,0,0,0,0,0,0,0,0,0
425,8,8,8,6,5,4,6,8,8,8,6,5,4,6,7,7,7,5,4,4,5
426,16,14,14,13,11,10,9,12,12,13,13,11,10,9,12,11,13,13,10,10,9
427,1,1,1,1,1,1,1,1,1,1,1,1,1,1,1,1,1,1,1,1,1
428,2,2,2,2,2,2,2,2,2,2,2,2,2,2,2,2,2,2,2,2,2
429,26,27,23,20,18,18,20,24,25,22,20,18,20,22,25,25,21,18,17,18,20
430,1,2,2,2,1,1,1,1,2,2,2,1,1,1,1,2,2,2,1,1,1
431,1,1,1,1,1,0,0,1,1,1,1,1,0,0,1,1,1,1,1,0,0
432,4,5,5,4,4,3,4,4,5,5,4,4,3,3,4,5,5,4,4,3,3
433,94,100,103,94,79,69,79,93,99,100,90,77,66,77,93,100,100,90,76,66,77
434,6,7,7,7,7,7,7,6,7,7,7,7,7,7,6,7,6,7,6,6,6
435,4,4,2,2,2,2,2,3,3,2,2,2,2,2,3,3,2,2,1,2,2
436,0,0,0,0,0,0,0,0,0,0,0,0,0,0,0,0,0,0,0,0,0
437,6,7,6,5,4,4,4,5,6,6,5,4,4,4,5,7,6,5,4,4,4
438,4,4,4,4,3,3,3,4,5,5,4,3,3,3,3,4,4,4,3,3,3
439,7,7,6,5,4,3,4,6,6,6,5,4,3,4,6,6,5,5,4,3,4
440,7,7,6,6,5,4,4,7,7,7,7,6,5,4,5,5,5,5,4,4,3
441,4,5,5,4,3,3,2,4,5,5,4,3,3,2,4,5,5,4,3,3,2
442,0,0,0,0,0,0,0,0,0,0,0,0,0,0,0,0,0,0,0,0,0
443,2,1,2,2,2,2,1,2,1,2,2,2,2,1,2,1,2,2,2,2,1
444,0,0,0,0,0,0,0,0,0,0,0,0,0,0,0,0,0,0,0,0,0
445,0,0,0,0,0,0,0,0,0,0,0,0,0,0,0,0,0,0,0,0,0
446,1,1,1,1,0,1,1,1,1,1,1,0,1,1,1,1,1,1,0,1,1
447,1,1,1,0,0,0,0,1,1,1,0,0,0,0,1,1,1,0,0,0,0
448,1,1,1,1,0,0,1,1,1,1,1,0,0,1,1,1,1,0,0,0,1
449,0,0,0,0,0,0,0,0,0,0,0,0,0,0,0,0,0,0,0,0,0
450,0,0,0,0,0,0,0,0,0,0,0,0,0,0,0,0,0,0,0,0,0
451,0,0,0,0,0,0,0,0,0,0,0,0,0,0,0,0,0,0,0,0,0
452,0,1,1,0,0,0,0,1,1,1,1,0,0,0,1,1,1,1,0,1,1
453,0,0,0,0,0,0,0,0,0,0,0,0,0,0,0,0,0,0,0,0,0
454,0,0,0,0,0,0,0,0,0,0,0,0,0,0,0,0,0,0,0,0,0
455,0,0,0,0,0,0,0,0,0,0,0,0,0,0,0,0,0,0,0,0,0
456,0,0,0,0,0,0,0,0,0,0,0,0,0,0,0,0,0,0,0,0,0
457,0,0,0,0,0,0,0,0,0,0,0,0,0,0,0,0,0,0,0,0,0
458,0,0,0,0,0,0,0,0,0,0,0,0,0,0,0,0,0,0,0,0,0
459,0,0,0,0,0,0,0,0,0,0,0,0,0,0,0,0,0,0,0,0,0
460,0,0,0,0,0,0,0,0,0,0,0,0,0,0,0,0,0,0,0,0,0
461,0,0,0,0,0,0,0,0,0,0,0,0,0,0,0,0,0,0,0,0,0
462,0,0,0,0,0,0,0,0,0,0,0,0,0,0,0,0,0,0,0,0,0
463,0,0,0,0,0,0,0,0,0,0,0,0,0,0,0,0,0,0,0,0,0
464,0,0,0,0,0,0,0,0,0,0,0,0,0,0,0,0,0,0,0,0,0
465,0,0,0,0,0,0,0,0,0,0,0,0,0,0,0,0,0,0,0,0,0
466,0,0,0,0,0,0,0,0,0,0,0,0,0,0,0,0,0,0,0,0,0
467,0,0,0,0,0,0,0,0,0,0,0,0,0,0,0,0,0,0,0,0,0
468,0,0,0,0,0,0,0,0,0,0,0,0,0,0,0,0,0,0,0,0,0
469,0,0,0,0,0,0,0,0,0,0,0,0,0,0,0,0,0,0,0,0,0
470,0,0,0,0,0,0,0,0,0,0,0,0,0,0,0,0,0,0,0,0,0
471,0,0,0,0,0,0,0,0,0,0,0,0,0,0,1,0,0,0,0,0,0
472,0,0,0,0,0,0,0,0,0,0,0,0,0,0,0,0,0,0,0,0,0
473,0,0,0,0,0,0,0,0,0,0,0,0,0,0,0,0,0,0,0,0,0
474,0,0,0,0,0,0,0,0,0,0,0,0,0,0,0,0,0,0,0,0,0
475,0,0,0,0,0,0,0,0,0,0,0,0,0,0,0,0,0,0,0,0,0
476,0,0,0,0,0,0,0,0,0,0,0,0,0,0,0,0,0,0,0,0,0
477,0,0,0,0,0,0,0,0,0,0,0,0,0,0,0,0,0,0,0,0,0
478,0,0,0,0,0,0,0,0,0,0,0,0,0,0,0,0,0,0,0,0,0
479,0,0,0,0,0,0,0,0,0,0,0,0,0,0,0,0,0,0,0,0,0
480,0,0,0,0,0,0,0,0,0,0,0,0,0,0,0,0,0,0,0,0,0
481,0,0,0,0,0,0,0,0,0,0,0,0,0,0,0,0,0,0,0,0,0
482,0,0,0,0,0,0,0,0,0,0,0,0,0,0,0,0,0,0,0,0,0
483,0,0,0,0,0,0,0,0,0,0,0,0,0,0,0,0,0,0,0,0,0
484,3,3,3,3,2,2,3,4,6,6,6,5,5,5,6,5,5,4,3,3,4
485,781,853,967,902,780,669,601,770,860,977,906,782,666,599,773,868,988,915,789,680,628
486,461,551,568,551,453,371,361,460,550,567,550,453,371,361,460,550,567,550,453,371,361
487,0,0,0,0,0,0,0,0,0,0,0,0,0,0,0,0,0,0,0,0,0
488,163,177,218,217,180,128,138,175,194,228,220,185,129,139,175,193,230,221,187,133,147
489,22,21,24,25,22,17,16,19,20,23,24,21,16,14,16,17,20,23,21,16,15
490,20,21,22,21,18,15,19,22,25,24,22,19,15,18,20,21,20,18,15,13,17
491,2,2,2,3,3,2,2,2,2,2,3,3,2,2,2,2,2,3,3,2,2
492,4,5,6,4,2,1,2,4,5,6,4,2,2,3,5,6,6,3,2,1,3
493,0,0,0,0,0,0,0,0,0,0,0,0,0,0,0,0,0,0,0,0,0
494,5,6,6,6,6,5,5,5,6,6,6,6,5,5,6,6,6,6,6,5,5
495,0,0,0,0,0,0,0,0,0,0,0,0,0,0,0,0,0,0,0,0,0
496,3,3,3,2,2,2,2,2,2,2,2,2,2,2,2,2,2,2,2,2,2
497,3,3,3,3,3,3,3,3,3,3,3,3,3,3,3,3,3,3,3,3,3
498,1,1,1,1,1,1,1,1,1,1,1,1,1,1,1,1,1,1,1,1,1
499,1,1,1,1,1,1,1,1,1,1,1,1,1,1,1,1,1,1,1,1,1
500,0,0,0,0,0,0,0,0,0,0,0,0,0,0,0,0,0,0,0,0,0
501,0,0,0,0,0,0,0,0,0,0,0,0,0,0,0,0,0,0,0,0,0
502,0,0,0,0,0,0,0,0,0,0,0,0,0,0,0,0,0,0,0,0,0
503,1,1,2,1,1,1,1,1,1,2,1,1,1,1,1,1,2,1,1,1,1
504,0,0,0,0,0,0,0,0,0,0,0,0,0,0,0,0,0,0,0,0,0
505,0,0,0,0,0,0,0,0,0,0,0,0,0,0,0,0,0,0,0,0,0
506,0,0,0,0,0,0,0,0,0,0,0,0,0,0,0,0,0,0,0,0,0
507,0,0,0,0,0,0,0,0,1,1,1,0,0,1,1,1,1,1,0,0,1
508,3,3,3,3,3,3,3,3,4,5,5,4,4,4,4,5,4,4,4,4,4
509,57,52,56,48,44,43,48,57,54,58,49,46,45,49,57,54,56,46,42,42,47
510,2,2,2,1,1,2,2,2,2,2,2,1,2,2,2,2,2,2,1,2,2
511,0,0,0,0,0,0,0,0,0,0,0,0,0,0,0,0,0,0,0,0,0
512,0,0,0,0,0,0,0,0,0,0,0,0,0,0,0,0,0,0,0,0,0
513,0,0,0,0,0,0,0,0,0,0,0,0,0,0,0,0,0,0,0,0,0
514,0,0,0,0,0,0,0,0,0,0,0,0,0,0,0,0,0,0,0,0,0
515,0,0,0,0,0,0,0,0,0,0,0,0,0,0,0,0,0,0,0,0,0
516,4,4,4,3,3,3,3,4,3,3,3,3,2,2,3,3,3,3,3,2,2
517,11,11,11,10,10,9,10,11,11,11,10,10,9,10,11,11,11,10,10,9,10
518,1,2,1,2,1,1,1,1,2,1,2,1,1,1,1,2,1,2,1,1,1
519,15,19,17,14,12,11,12,16,19,18,15,13,11,12,16,19,18,14,13,11,13
520,27,28,29,29,25,20,20,27,29,30,30,26,21,21,29,32,32,31,27,23,24
521,20,22,23,20,17,14,15,20,24,25,23,20,17,18,22,23,22,19,17,15,16
522,4,3,2,2,1,2,2,2,2,2,3,1,2,2,2,3,2,3,2,2,2
523,8,8,8,7,5,4,5,7,8,8,8,6,5,6,8,9,9,8,7,6,7
524,3,3,3,3,2,2,2,3,3,3,3,2,2,2,3,3,3,3,2,2,2
525,9,12,12,11,7,6,7,10,11,11,10,7,6,8,11,13,13,12,8,8,9
526,0,0,0,0,0,0,0,0,0,0,0,0,0,0,0,0,0,0,0,0,0
527,82,82,78,76,50,69,72,82,82,78,76,50,69,72,82,82,78,76,50,69,72
528,1,1,1,0,1,0,1,1,1,1,0,1,0,1,1,1,1,0,1,0,1
529,0,0,0,0,0,0,0,0,0,0,0,0,0,0,0,0,0,0,0,0,0
530,0,0,0,0,0,0,0,0,0,0,0,0,0,0,0,0,0,0,0,0,0
531,0,0,0,0,0,0,0,0,0,0,0,0,0,0,0,0,0,0,0,0,0
532,0,0,0,0,0,0,0,0,0,0,0,0,0,0,0,0,0,0,0,0,0
533,0,0,0,0,0,0,0,0,0,0,0,0,0,0,0,0,0,0,0,0,0
534,0,0,0,0,0,0,0,0,0,0,0,0,0,0,0,0,0,0,0,0,0
535,0,0,0,0,0,0,0,0,0,0,0,0,0,0,0,0,0,0,0,0,0
536,2,1,1,1,1,1,1,1,1,1,1,1,1,1,1,1,1,0,1,1,1
537,0,0,0,0,0,0,0,0,0,0,0,0,0,0,0,0,0,0,0,0,0
538,0,0,0,0,0,0,0,0,0,0,0,0,0,0,0,0,0,0,0,0,0
539,0,0,0,0,0,0,0,0,0,0,0,0,0,0,0,0,0,0,0,0,0
540,0,0,0,0,0,0,0,0,0,0,0,0,0,0,0,0,0,0,0,0,0
541,130,141,141,121,98,93,99,130,141,141,122,98,93,99,130,141,141,122,98,93,99
542,0,0,0,0,0,0,0,0,0,0,0,0,0,0,0,0,0,0,0,0,0
543,0,0,2,0,0,0,0,0,0,2,0,0,0,0,0,0,2,0,0,0,0
544,0,0,0,0,0,0,0,0,0,0,0,0,0,0,0,0,0,0,0,0,0
545,0,0,0,0,0,0,0,0,0,0,0,0,0,0,0,0,0,0,0,0,0
546,0,0,0,0,0,0,0,0,0,0,0,0,0,0,0,0,0,0,0,0,0
547,0,0,0,0,0,0,0,0,0,0,0,0,0,0,0,0,0,0,0,0,0
548,0,0,0,0,0,0,0,0,0,0,0,0,0,0,0,0,0,0,0,0,0
549,4,4,4,5,5,4,2,3,3,3,4,4,3,2,2,2,3,4,4,3,2
550,0,0,0,0,0,0,0,0,0,0,0,0,0,0,0,0,0,0,0,0,0
551,0,0,0,0,0,0,0,0,0,0,0,0,0,0,0,0,0,0,0,0,0
552,13,13,15,14,11,9,9,11,13,15,14,12,10,9,11,13,15,14,12,10,9
553,2,2,2,1,1,1,1,2,2,2,2,1,1,1,2,1,1,1,1,1,1
554,0,0,0,0,0,0,0,0,0,0,0,0,0,0,0,0,0,0,0,0,0
555,4,4,4,3,2,2,3,3,3,4,3,3,2,3,3,3,3,3,2,2,3
556,0,0,0,0,0,0,0,0,0,0,0,0,0,0,0,0,0,0,0,0,0
557,0,0,0,0,0,0,0,0,0,0,0,0,0,0,0,0,0,0,0,0,0
558,0,0,0,0,0,0,0,0,0,0,0,0,0,0,0,0,0,0,0,0,0
559,0,0,0,0,0,0,0,0,0,0,0,0,0,0,0,0,0,0,0,0,0
560,4,8,8,8,4,3,2,5,8,9,9,5,3,2,4,7,7,7,3,2,2
561,0,0,0,0,0,0,0,0,0,0,0,0,0,0,0,0,0,0,0,0,0
562,4,5,5,5,4,2,3,4,5,5,5,4,2,3,4,5,5,5,4,2,3
563,0,0,0,0,0,0,1,0,0,0,0,0,0,1,0,0,0,0,0,0,1
564,1,0,0,0,1,1,1,1,0,0,0,1,1,1,1,1,0,0,1,1,1
565,0,0,0,0,0,0,0,0,0,0,0,0,0,0,0,0,0,0,0,0,0
566,0,0,0,0,0,0,0,0,0,0,0,0,0,0,0,0,0,0,0,0,0
567,0,0,0,0,1,0,1,0,0,0,0,1,0,1,0,0,0,0,1,0,1
568,0,1,1,1,1,1,1,0,1,1,1,1,1,1,0,1,1,1,1,1,1
569,0,0,1,0,0,0,0,0,0,1,0,0,0,0,0,0,1,0,0,0,0
570,5,4,3,3,3,3,3,3,3,3,3,3,3,3,4,3,3,3,3,3,3
571,1,1,1,1,1,0,0,1,1,1,1,1,0,0,1,1,1,1,1,0,0
572,1,1,1,1,0,1,1,1,1,1,1,0,1,1,1,1,1,1,0,1,1
573,7,8,8,7,6,5,5,6,7,7,7,6,5,5,6,7,7,7,6,6,5
574,0,0,0,0,0,0,0,0,0,0,0,0,0,0,0,0,0,0,0,0,0
575,1,1,1,1,1,1,1,1,1,1,1,1,1,1,1,1,1,1,1,1,1
576,3,4,7,5,4,3,3,4,4,7,5,4,3,3,4,4,7,5,4,3,3
577,10,11,12,12,10,9,9,10,11,12,12,10,9,9,10,11,12,12,10,9,9
578,2,2,1,2,1,1,1,2,2,2,2,2,2,1,2,2,2,2,2,2,1
579,72,73,73,66,64,70,77,70,69,66,58,57,63,70,68,72,72,64,63,69,76
580,66,64,61,55,52,47,51,66,67,68,64,61,56,60,75,74,70,63,59,53,58
581,1,1,1,2,2,1,1,1,1,1,2,2,1,1,1,1,1,2,2,1,1
582,1,2,1,1,1,1,1,1,1,1,1,1,1,1,1,1,1,1,1,1,1
583,0,0,0,0,0,0,0,0,0,0,0,0,0,0,0,0,0,0,0,0,0
584,2,2,2,2,1,1,2,2,2,2,2,1,1,2,2,2,2,1,1,1,2
585,11,12,11,11,11,11,10,10,11,10,10,10,11,10,10,11,10,10,11,11,10
586,2,2,1,2,1,1,1,2,2,1,2,1,1,1,2,2,1,2,1,1,1
587,2,2,2,2,2,1,2,2,2,2,2,2,2,2,2,2,2,2,1,2,2
588,7,8,8,6,6,6,6,7,8,7,6,6,6,6,7,8,7,6,5,6,6
589,1,1,1,1,1,0,0,1,1,1,1,1,0,0,1,1,1,1,1,0,0
590,1,1,1,2,2,2,1,1,1,1,2,2,2,1,1,1,1,2,2,2,1
591,55,60,61,58,48,42,41,50,57,59,56,49,43,43,54,62,63,58,49,44,45
592,0,1,1,1,0,0,1,1,1,1,1,1,1,1,1,1,1,1,1,1,1
593,0,0,0,0,0,0,0,0,0,0,0,0,0,0,0,0,0,0,0,0,0
594,2,2,2,2,2,2,2,2,2,2,2,2,2,2,2,2,2,2,2,2,2
595,1,1,1,1,1,1,1,1,1,1,1,1,1,1,2,2,2,1,1,1,2
596,1,1,1,1,1,1,1,1,1,1,1,1,1,1,1,1,1,1,1,1,1
597,1,1,1,1,1,1,1,1,1,1,1,1,1,1,1,1,1,1,1,1,1
598,1,1,1,1,1,1,1,1,1,1,1,1,1,1,2,2,2,2,1,1,1
599,2,2,1,1,1,2,2,1,2,1,1,1,2,2,1,2,1,1,1,2,2
600,3,3,3,3,3,2,3,3,3,3,3,3,2,3,4,4,4,3,3,3,4
601,4,4,5,4,4,4,4,4,5,5,5,4,4,4,4,4,4,4,4,4,4
602,2,3,2,2,1,2,2,2,3,2,2,2,2,2,2,3,2,2,2,2,2
603,1,1,0,0,0,1,0,1,1,0,0,0,1,0,1,1,0,0,0,1,0
604,0,0,0,0,0,0,0,0,0,0,0,0,0,0,0,0,0,0,0,0,0
605,2,2,2,1,1,1,1,2,2,2,1,1,1,1,2,2,2,2,1,1,1
606,2,2,2,2,2,2,2,2,2,2,2,2,2,2,2,2,2,2,2,2,2
607,3,3,3,2,2,2,2,3,2,2,2,2,2,2,3,3,3,2,2,2,2
608,4,3,3,3,2,4,4,4,3,3,3,2,4,4,4,3,3,3,2,4,4
609,0,0,0,0,0,0,0,0,0,0,0,0,0,0,0,0,0,0,0,0,0
610,2,2,2,2,2,2,2,2,2,2,2,2,2,2,2,1,2,2,2,2,2
611,1,1,1,1,1,0,0,1,1,1,1,1,0,0,1,1,1,1,1,0,1
612,0,0,0,0,0,0,0,0,0,0,0,0,0,0,0,0,0,0,0,0,0
613,0,0,0,0,0,0,0,0,0,0,0,0,0,0,0,0,0,0,0,0,0
614,0,0,0,0,0,0,0,0,0,0,0,0,0,0,0,0,0,0,0,0,0
615,0,0,0,0,0,0,0,0,0,0,0,0,0,0,0,0,0,0,0,0,0
616,0,0,0,0,0,0,0,0,0,0,0,0,0,0,0,0,0,0,0,0,0
617,0,0,0,0,0,0,0,0,0,0,0,0,0,0,0,0,0,0,0,0,0
618,0,0,0,0,0,0,0,0,0,0,0,0,0,0,0,0,0,0,0,0,0
619,0,0,0,0,0,0,0,0,0,0,0,0,0,0,0,0,0,0,0,0,0
620,0,0,0,0,0,0,0,0,0,0,0,0,0,0,0,0,0,0,0,0,0
621,0,0,0,0,0,0,0,0,0,0,0,0,0,0,0,0,0,0,0,0,0
622,0,0,0,0,0,0,0,0,0,0,0,0,0,0,0,0,0,0,0,0,0
623,0,0,0,0,0,0,0,0,0,0,0,0,0,0,0,0,0,0,0,0,0
624,0,0,0,0,0,0,0,0,0,0,0,0,0,0,0,0,0,0,0,0,0
625,0,0,0,0,0,0,0,0,0,0,0,0,0,0,0,0,0,0,0,0,0
626,0,0,0,0,0,0,0,0,0,0,0,0,0,0,0,0,0,0,0,0,0
627,0,0,0,0,0,0,0,0,0,0,0,0,0,0,0,0,0,0,0,0,0
628,0,0,0,0,0,0,0,0,0,0,0,0,0,0,0,0,0,0,0,0,0
629,0,0,0,0,0,0,0,0,0,0,0,0,0,0,0,0,0,0,0,0,0
630,0,0,0,0,0,0,0,0,0,0,0,0,0,0,0,0,0,0,0,0,0
631,0,0,0,0,0,0,0,0,0,0,0,0,0,0,0,0,0,0,0,0,0
632,0,0,0,0,0,0,0,0,0,0,0,0,0,0,0,0,0,0,0,0,0
633,4,3,3,3,2,2,2,2,3,3,2,2,2,2,2,3,3,2,2,2,2
634,0,0,0,0,0,0,0,0,0,0,0,0,0,0,0,0,0,0,0,0,0
635,0,0,0,0,0,0,0,0,0,0,0,0,0,0,0,0,0,0,0,0,0
636,0,0,0,0,0,0,0,0,0,0,0,0,0,0,0,0,0,0,0,0,0
637,3,3,4,3,3,3,3,3,3,4,3,3,3,3,3,3,4,3,3,3,3
638,3,3,3,3,2,2,3,3,3,3,3,3,2,3,3,3,3,3,2,2,3
639,1,1,1,1,1,1,1,2,2,2,1,1,1,1,1,1,1,1,1,1,1
640,0,0,0,0,0,0,0,0,0,0,0,0,0,0,0,0,0,0,0,0,0
641,8,5,4,4,3,2,3,6,5,5,5,4,4,3,4,2,1,1,1,1,1
642,3,4,3,4,3,3,3,4,4,3,4,3,3,4,4,4,4,4,4,3,4
643,18,21,22,20,16,14,14,17,20,21,19,16,14,14,17,21,21,19,16,14,14
644,0,0,0,0,0,0,0,0,0,0,0,0,0,0,0,0,0,0,0,0,0
645,0,0,0,0,0,0,0,0,0,0,0,0,0,0,0,0,0,0,0,0,0
646,0,0,0,0,0,0,0,0,0,0,0,0,0,0,0,0,0,0,0,0,0
647,0,0,0,0,0,0,0,0,0,0,0,0,0,0,0,0,0,0,0,0,0
648,0,0,0,0,0,0,0,0,0,0,0,0,0,0,0,0,0,0,0,0,0
649,0,0,0,0,0,0,0,0,0,0,0,0,0,0,0,0,0,0,0,0,0
650,0,0,0,0,0,0,0,0,0,0,0,0,0,0,0,0,0,0,0,0,0
651,3,3,2,2,2,2,2,3,3,2,2,2,2,2,3,3,2,2,2,2,2
652,0,0,0,0,0,0,0,0,0,0,0,0,0,0,0,0,0,0,0,0,0
653,0,0,0,0,0,0,0,0,0,0,0,0,0,0,0,0,0,0,0,0,0
654,0,0,0,0,0,0,0,0,0,0,0,0,0,0,0,0,0,0,0,0,0
655,0,0,0,0,0,0,0,0,0,0,0,0,0,0,0,0,0,0,0,0,0
656,2,2,2,2,2,2,2,2,2,2,2,2,2,2,2,2,2,2,2,2,3
657,1,2,1,1,1,1,1,1,2,1,1,1,1,1,1,2,1,1,1,1,1
658,0,0,1,1,2,2,2,2,2,2,2,2,2,2,2,2,2,2,2,2,1
659,0,0,0,0,0,0,0,0,0,0,0,0,0,0,0,0,0,0,0,0,0
660,1,1,2,2,2,2,2,2,3,3,3,2,2,2,2,2,2,1,1,1,2
661,1,1,1,1,1,1,1,1,1,1,1,1,1,1,1,1,1,1,1,1,1
662,8,10,11,9,8,6,6,8,10,11,9,8,6,6,8,10,11,9,8,6,6
663,5,7,8,6,5,4,5,6,8,9,6,5,4,5,6,8,10,7,6,5,6
664,5,6,6,5,5,4,4,5,6,6,5,5,4,4,5,6,6,5,5,4,4
665,9,10,10,10,9,9,9,9,10,10,10,9,8,9,9,10,10,10,9,9,10
666,12,12,13,12,11,11,10,12,12,13,12,11,11,10,12,12,13,12,11,11,10
667,3,3,3,2,2,2,3,3,3,3,2,2,2,3,3,3,3,2,2,3,3
668,2,3,3,2,2,1,2,2,3,3,2,2,1,2,2,3,3,2,2,1,2
669,5,5,5,5,4,4,4,5,5,5,5,4,4,4,5,5,5,5,4,4,5
670,1,1,1,1,1,1,1,1,1,1,1,1,1,1,1,1,1,1,1,1,1
671,1,0,1,1,1,1,1,1,1,1,1,1,1,1,1,1,1,1,1,1,1
672,1,1,1,0,0,0,1,1,1,1,0,0,0,1,1,1,1,0,0,0,1
673,0,0,0,0,0,0,0,0,0,0,0,0,0,0,0,0,0,0,0,0,0
674,0,0,0,0,0,0,0,0,0,0,0,0,0,0,0,0,0,0,0,0,0
675,0,0,0,0,0,0,0,0,0,0,0,0,0,0,0,0,0,0,0,0,0
676,1,1,1,1,1,1,1,1,1,1,1,1,1,1,1,1,1,1,1,1,1
677,0,0,0,0,0,0,0,0,0,0,0,0,0,0,0,0,0,0,0,0,0
678,0,0,0,0,0,0,0,0,0,0,0,0,0,0,0,0,0,0,0,0,0
679,0,0,0,0,0,0,0,0,0,0,0,0,0,0,0,0,0,0,0,0,0
680,0,0,0,0,0,0,0,0,0,0,0,0,0,0,0,0,0,0,0,0,0
681,0,0,0,0,0,0,0,0,0,0,0,0,0,0,0,0,0,0,0,0,0
682,0,0,0,0,0,0,0,0,0,0,0,0,0,0,0,0,0,0,0,0,0
683,0,0,0,0,0,0,0,0,0,0,0,0,0,0,0,0,0,0,0,0,0
684,1,1,1,1,1,1,1,1,1,1,1,1,1,1,1,1,1,1,1,1,1
685,0,0,1,1,1,0,0,0,0,1,1,1,0,0,0,0,1,1,1,0,0
686,6,7,7,7,7,7,6,6,7,7,7,7,7,6,6,7,7,7,7,7,6
687,1,1,1,1,2,1,1,1,1,1,1,2,1,1,1,1,1,1,2,1,1
688,1,1,0,0,0,0,0,1,1,0,0,0,0,0,1,1,0,0,0,0,0
689,0,0,0,0,0,0,0,0,0,0,0,0,0,0,0,0,0,0,0,0,1
690,0,0,0,0,0,0,0,0,0,0,0,0,0,0,0,0,0,0,0,0,0
691,0,0,0,0,0,0,0,0,0,0,0,0,0,0,0,0,0,0,0,0,0
692,0,0,0,0,0,0,0,0,0,0,0,0,0,0,0,0,0,0,0,0,0
693,0,0,0,0,0,0,0,0,0,0,0,0,0,0,0,0,0,0,0,0,0
694,0,0,0,0,0,0,0,0,0,0,0,0,0,0,0,0,0,0,0,0,0
695,0,0,0,0,0,0,0,0,0,0,0,0,0,0,0,0,0,0,0,0,0
696,0,0,0,0,0,0,0,0,0,0,0,0,0,0,0,0,0,0,0,0,0
697,1,1,1,1,1,1,1,1,1,1,1,1,1,1,1,1,1,1,1,1,1
698,0,0,0,0,0,0,0,0,0,0,0,0,0,0,0,0,0,0,0,0,0
699,2,3,3,3,3,3,3,4,5,4,4,3,3,3,4,4,4,3,3,3,4
700,0,0,0,0,0,0,0,0,0,0,0,0,0,0,0,0,0,0,0,0,0
701,0,0,0,0,0,0,0,0,1,1,0,0,0,0,1,1,1,1,0,1,1
702,0,0,0,0,0,0,0,0,0,0,0,0,0,0,0,0,0,0,0,0,0
703,0,0,0,0,0,0,0,0,0,0,0,0,0,0,0,0,0,0,0,0,0
704,1,2,2,1,1,1,1,2,2,2,2,1,1,1,2,2,2,2,2,2,3
705,2,1,1,1,1,1,1,1,1,1,1,0,0,0,1,1,1,0,0,0,0
706,0,0,0,0,0,0,0,0,0,0,0,0,0,0,0,0,0,0,0,0,0
707,0,0,0,0,0,0,0,0,0,0,0,0,0,0,0,0,0,0,0,0,0
708,20,20,17,14,12,13,18,20,20,17,14,12,13,18,20,20,17,14,12,13,18
709,9,11,12,10,8,6,6,9,11,12,10,8,6,6,9,11,12,10,8,6,6
710,1,1,1,1,1,0,1,1,1,1,1,1,0,1,1,1,1,1,1,1,1
711,33,36,34,30,26,23,24,32,37,36,32,27,24,24,32,36,35,31,27,24,24
712,3,3,3,3,2,2,2,3,3,3,3,2,2,2,3,3,3,3,2,2,2
713,0,0,0,0,0,0,0,0,0,0,0,0,0,0,0,0,0,0,0,0,0
714,8,9,8,7,6,5,6,7,8,7,7,6,5,5,7,8,8,8,7,6,6
715,4,4,3,3,2,2,3,3,3,3,3,3,3,3,3,3,3,3,2,2,3
716,3,3,3,2,2,2,2,2,3,3,3,2,2,2,3,3,3,3,3,3,3
717,2,2,2,1,1,1,1,2,2,2,1,1,1,1,2,2,2,1,1,1,1
718,0,0,0,0,0,0,0,0,0,0,0,0,0,0,0,0,0,0,0,0,0
719,0,0,0,0,0,0,0,0,0,0,0,0,0,0,0,0,0,0,0,0,0
720,0,0,0,0,0,0,0,0,0,0,0,0,0,0,0,0,0,0,0,0,0
721,2,2,2,1,1,1,1,2,2,2,1,1,1,1,2,2,2,1,1,1,1
722,0,0,0,0,0,0,0,0,1,0,0,0,0,0,1,1,1,1,1,0,1
723,1,1,1,1,1,0,0,1,1,1,1,1,0,0,1,1,1,1,1,1,1
724,0,0,0,0,0,0,0,0,0,0,0,0,0,0,0,0,0,0,0,0,0
725,2,2,1,1,1,1,1,2,2,1,1,1,1,1,2,2,1,1,1,1,1
726,0,0,0,0,0,0,0,0,0,0,0,0,0,0,0,0,0,0,0,0,0
727,1,1,1,1,1,1,1,1,1,1,1,1,1,1,1,1,1,1,1,1,1
728,0,0,0,0,0,0,0,0,0,0,0,0,0,0,0,0,0,0,0,0,0
729,0,0,0,1,1,0,0,0,0,0,1,1,0,0,0,0,0,1,1,0,0
730,0,0,0,0,0,0,0,0,0,0,0,0,0,0,0,0,0,0,0,0,0
731,0,0,0,0,0,0,0,0,0,0,0,0,0,0,0,0,0,0,0,0,0
732,6,6,6,7,6,5,5,6,6,6,6,5,4,4,6,7,7,7,6,5,6
733,10,11,10,9,9,8,8,10,11,10,9,9,8,8,10,11,10,9,9,8,8
734,138,140,149,141,117,94,99,140,155,161,143,115,84,84,119,127,137,129,111,90,97
735,14,16,18,17,15,12,11,13,16,17,17,16,12,11,12,13,15,14,14,11,10
736,6,5,5,4,3,3,3,4,4,5,4,3,3,3,4,4,4,3,3,2,3
737,0,0,0,0,0,0,0,0,0,0,0,0,0,0,0,0,0,0,0,0,0
738,0,0,0,0,0,0,0,0,0,0,0,0,0,0,0,0,0,0,0,0,0
739,0,0,0,0,0,0,0,0,0,0,0,0,0,0,0,0,0,0,0,0,0
740,1,1,0,0,0,1,1,1,1,0,0,0,1,1,1,1,0,0,0,1,1
741,3,3,3,3,3,3,2,3,3,3,3,3,3,2,3,3,3,3,3,3,3
742,1,1,1,1,1,1,1,1,1,1,1,1,1,1,1,1,1,1,1,1,1
743,0,0,0,0,0,0,0,0,0,0,0,0,0,0,0,0,0,0,0,0,0
744,11,10,11,9,8,8,8,10,10,10,9,8,8,8,9,9,10,9,8,8,9
745,4,4,4,5,5,4,3,4,4,4,5,5,4,3,4,4,4,5,5,4,3
746,3,3,4,4,3,3,3,3,3,4,4,3,3,2,3,3,4,3,3,3,3
747,0,0,0,0,0,0,0,0,0,0,0,0,0,0,0,0,0,0,0,0,0
748,0,0,0,0,0,0,0,0,0,0,0,0,0,0,0,0,0,0,0,0,0
749,0,0,0,0,0,0,0,0,0,0,0,0,0,0,0,0,0,0,0,0,0
750,0,0,0,0,0,0,0,0,0,0,0,0,0,0,0,0,0,0,0,0,0
751,0,0,0,0,0,0,0,0,0,0,0,0,0,0,0,0,0,0,0,0,0
752,2,2,2,2,1,1,2,2,2,2,2,2,2,2,2,2,1,1,1,2,2
753,0,0,0,0,0,0,0,0,0,0,0,0,0,0,0,0,0,0,0,0,0
754,0,0,0,0,0,0,0,0,0,0,0,0,0,0,0,0,0,0,0,0,0
755,0,0,0,0,0,0,0,0,0,0,0,0,0,0,0,0,0,0,0,0,0
756,0,0,0,0,0,0,0,0,0,0,0,0,0,0,0,0,0,0,0,0,0
757,34,35,34,21,14,19,22,33,35,34,21,14,19,22,33,35,34,21,14,19,22
758,4,3,3,3,3,3,3,3,3,3,3,3,3,3,3,3,3,3,3,3,3
759,2,3,2,2,1,2,2,2,3,2,2,1,2,2,2,3,2,2,1,2,2
760,57,63,57,49,39,35,35,45,57,59,56,46,40,41,50,59,57,50,41,37,38
761,19,21,23,21,17,16,16,19,21,23,21,17,16,15,19,21,23,21,17,16,15
762,0,0,0,0,0,0,0,0,0,0,0,0,0,0,0,0,0,0,0,0,0
763,3,5,6,6,5,5,4,3,5,6,6,5,5,3,3,4,5,5,5,5,4
764,1,1,1,1,1,0,1,1,1,1,1,1,1,1,1,1,1,1,1,1,1
765,5,7,8,7,6,5,5,5,8,8,7,6,5,5,6,8,8,8,6,6,5
766,3,4,4,3,3,3,3,2,4,5,4,4,3,3,2,4,4,4,3,3,3
767,0,0,0,0,0,0,0,0,0,0,0,0,0,0,0,0,0,0,0,0,0
768,2,2,3,3,3,3,3,4,4,4,4,4,3,3,4,3,4,3,3,3,3
769,2,2,2,2,2,2,2,2,3,2,3,2,2,2,2,3,3,3,2,2,2
770,10,11,11,10,9,8,8,10,11,11,10,9,8,8,10,11,11,10,9,8,8
771,0,0,0,0,0,0,0,0,0,0,0,0,0,0,0,0,0,0,0,0,0
772,1,1,1,2,2,1,1,1,1,1,2,2,1,1,1,1,1,2,2,1,1
773,0,0,0,0,0,0,0,0,0,0,0,0,0,0,0,0,0,0,0,0,0
774,0,1,1,1,1,1,1,0,1,1,1,1,1,1,0,1,1,1,1,1,1
775,1,1,1,0,0,0,1,1,1,1,0,0,0,1,1,1,1,0,0,0,1
776,0,0,0,0,0,0,0,0,0,0,0,0,0,0,0,0,0,0,0,0,0
777,0,0,0,0,0,0,0,0,0,0,0,0,0,0,0,0,0,0,0,0,0
778,11,12,11,11,10,10,10,11,12,12,11,10,9,9,10,11,10,9,9,9,9
779,0,0,0,0,0,0,0,0,0,0,0,0,0,0,0,0,0,0,0,0,0
780,2,2,2,2,2,1,2,2,2,2,2,2,1,2,2,2,2,2,2,1,2
781,23,23,22,20,18,16,17,22,26,27,25,22,19,19,24,27,27,25,23,19,20
782,0,0,0,0,0,1,1,1,0,1,1,1,1,1,1,0,0,1,1,1,1
783,1,1,1,0,1,0,0,1,1,1,1,1,0,0,1,1,1,1,1,1,1
784,1,1,1,1,1,1,1,1,1,1,1,1,1,1,1,1,1,1,1,1,1
785,0,0,0,0,0,0,0,0,0,0,0,0,0,0,0,0,0,0,0,0,0
786,0,0,0,0,0,0,0,0,0,0,0,0,0,0,0,0,0,0,0,0,0
787,2,2,2,2,2,2,2,2,2,2,2,2,2,2,2,2,2,2,2,2,2
788,12,16,17,15,13,11,10,12,16,17,15,13,11,10,12,16,17,15,13,11,10
789,41,43,42,39,35,32,34,44,51,52,48,43,37,39,46,50,48,43,37,33,36
790,3,3,3,3,3,2,2,3,3,3,3,3,2,2,3,3,3,3,3,2,2
791,1,2,1,1,1,1,1,1,2,1,1,1,1,1,1,2,1,1,1,1,1
792,0,0,0,0,0,0,0,0,0,0,0,0,0,0,0,0,0,0,0,0,0
793,0,1,1,1,1,1,1,1,1,2,2,2,2,2,3,3,3,3,3,3,3
794,0,0,0,0,0,0,0,0,0,0,0,0,0,0,0,0,0,0,0,0,0
795,0,0,0,0,0,1,1,1,1,0,0,0,0,0,1,0,0,0,0,0,0
796,0,0,0,0,0,0,0,0,0,0,0,0,0,0,0,0,0,0,0,0,0
797,0,0,0,0,0,0,0,0,0,0,0,0,0,0,0,0,0,0,0,0,0
798,0,0,0,0,0,0,0,0,0,0,0,0,0,0,0,0,0,0,0,0,0
799,14,15,14,9,8,6,7,11,14,14,9,8,6,7,12,15,14,10,8,6,8
800,19,20,19,19,16,15,17,19,22,21,21,18,17,18,21,22,20,18,16,15,16
801,1,2,2,2,1,1,1,1,2,2,2,1,1,1,1,2,2,2,1,1,1
802,0,0,0,0,0,0,0,0,0,0,0,0,0,0,0,0,0,0,0,0,0
803,0,0,0,0,0,0,0,0,0,0,0,0,0,0,0,0,0,0,0,0,0
804,0,0,0,0,0,0,0,0,0,0,0,0,0,0,0,0,0,0,0,0,0
805,3,3,3,3,3,2,2,3,3,3,3,3,2,2,3,3,3,3,3,2,2
806,2,3,2,3,2,2,2,2,3,2,3,2,2,2,2,3,2,3,2,2,2
807,3,4,4,4,3,3,2,3,4,4,4,3,3,2,3,4,4,4,3,3,2
808,4,5,5,4,3,3,4,4,5,5,4,3,3,4,4,5,5,4,3,3,4
809,1,1,2,1,1,1,1,1,1,2,1,1,1,1,1,1,2,1,1,1,1
810,1,1,1,2,1,1,1,1,1,1,2,1,1,1,1,1,1,2,1,1,1
811,1,1,1,0,1,1,1,1,1,1,0,1,1,1,1,1,1,0,1,1,1
812,13,15,14,13,12,11,10,13,14,14,13,11,11,10,13,14,14,13,11,10,10
813,10,10,10,7,7,6,8,10,11,11,8,8,7,9,11,11,11,8,7,7,8
814,3,4,3,3,3,3,3,3,4,4,3,3,3,3,4,4,4,3,3,3,3
815,9,10,9,8,7,6,7,9,10,9,8,7,6,7,9,10,9,8,7,6,8
816,0,0,0,0,0,0,0,0,0,0,0,0,0,0,0,0,0,0,0,0,0
817,2,2,2,2,2,2,2,3,3,2,2,2,2,2,3,3,2,2,2,2,2
818,2,3,3,3,2,2,2,2,3,3,3,2,2,2,2,3,3,3,2,2,2
819,0,0,0,0,0,0,0,0,0,0,0,0,0,0,0,0,0,0,0,0,0
820,1,1,1,1,1,1,1,1,1,1,1,1,1,1,1,1,1,1,1,1,1
821,0,0,0,0,0,0,0,0,0,0,0,0,0,0,0,0,0,0,0,0,0
822,0,0,0,0,0,0,0,0,0,0,0,0,0,0,0,0,0,0,0,0,0
823,0,0,0,0,0,0,0,0,0,0,0,0,0,0,0,0,0,0,0,0,0
824,825,940,1088,1040,898,772,723,912,1008,1092,1005,875,755,726,924,1022,1126,1030,890,770,738
825,0,0,0,0,0,0,0,0,0,0,0,0,0,0,0,0,0,0,0,0,0
826,0,0,0,0,0,0,0,0,0,0,0,0,0,0,0,0,0,0,0,0,0
827,0,0,0,0,0,0,0,0,0,0,0,0,0,0,0,0,0,0,0,0,0
828,0,0,1,1,0,0,0,1,0,1,1,1,0,0,1,1,1,1,1,0,0
829,1,1,0,0,0,0,0,1,1,0,0,0,0,0,1,1,0,0,0,0,0
830,2,3,2,2,2,1,2,2,3,2,2,2,1,2,2,3,2,2,2,1,2
831,25,28,28,25,22,19,21,26,31,34,31,27,23,24,28,32,30,25,21,18,19
832,0,0,0,0,0,0,0,0,1,1,1,1,1,2,2,1,1,1,1,1,2
833,1,1,1,1,1,1,1,1,1,1,1,1,1,1,1,1,1,1,1,1,1
834,0,0,0,0,0,0,0,0,1,0,0,0,0,0,0,1,1,1,1,1,1
835,0,0,0,0,0,0,0,0,0,0,0,0,0,0,0,0,0,0,0,0,0
836,14,11,9,7,5,6,6,8,8,7,6,5,6,6,7,7,7,6,4,5,5
837,1,1,1,0,0,1,0,1,1,1,0,0,1,0,1,1,1,0,0,1,0
838,4,5,5,4,3,2,2,3,4,5,4,3,2,2,3,4,4,4,3,2,3
839,4,4,4,3,2,1,1,2,4,4,3,2,1,1,2,3,4,3,2,1,1
840,2,2,3,2,1,1,1,2,2,3,2,1,1,1,2,2,3,2,1,1,1
841,2,2,2,1,1,2,2,2,1,1,1,1,2,2,2,1,1,1,1,1,1
842,0,0,0,0,0,0,0,0,0,0,0,0,0,0,0,0,0,0,0,0,0
843,0,0,0,0,0,0,0,0,0,0,0,0,0,0,0,0,0,0,0,0,0
844,0,0,0,0,0,0,0,0,0,0,0,0,0,0,0,0,0,0,0,0,0
845,53,64,69,57,57,45,43,53,64,69,57,57,45,43,53,64,69,57,57,45,43
846,4,4,4,4,3,3,3,4,4,4,4,3,3,3,4,4,4,4,3,3,3
847,182,184,180,151,144,131,143,187,199,195,165,158,141,150,193,198,191,156,149,133,147
848,428,531,502,428,347,308,347,428,531,502,428,347,308,347,428,531,502,428,347,308,347
849,14,14,12,11,9,8,9,12,13,12,11,9,8,9,12,13,11,10,9,8,8
850,34,35,35,30,25,21,25,34,35,35,30,25,21,25,34,35,35,30,25,21,25
851,36,37,35,30,25,22,24,33,35,34,30,25,22,24,33,34,32,28,24,21,23
852,70,72,71,62,54,46,54,70,74,75,66,58,48,56,72,75,74,64,56,48,57
853,4,4,4,3,2,3,3,4,4,4,3,2,3,3,4,4,4,3,2,3,3
854,52,59,59,47,40,35,39,51,59,59,47,40,35,38,51,59,59,47,40,35,38
855,14,15,13,11,9,9,10,13,15,13,11,9,9,10,12,14,11,9,7,8,8
856,32,35,33,26,26,23,27,32,35,33,26,26,23,27,32,35,33,26,26,23,27
857,36,36,30,25,20,17,22,30,35,32,28,22,18,22,28,32,29,26,22,20,24
858,17,17,15,12,10,10,13,18,22,20,17,13,12,12,15,16,14,12,10,11,13
859,17,17,17,13,11,8,9,12,14,15,12,9,7,7,11,12,13,11,9,8,8
860,4,6,6,4,3,3,4,4,6,6,4,3,3,4,4,6,6,4,3,3,4
861,79,92,85,58,55,60,69,82,97,92,65,61,65,74,86,100,93,65,61,65,75
862,123,126,128,113,99,93,91,128,132,131,113,99,92,88,123,125,125,107,93,87,84
863,187,208,196,193,185,176,152,185,206,194,192,184,175,151,185,206,194,192,184,175,151
864,77,78,77,66,61,60,59,72,77,77,65,59,58,53,61,64,64,56,54,56,54
865,31,30,29,23,18,16,17,25,27,30,26,22,19,19,27,27,29,23,20,18,19
866,104,118,118,115,95,78,77,104,118,118,115,95,78,78,104,119,118,115,95,78,78
867,33,35,35,31,27,21,23,32,41,46,41,34,26,25,32,37,38,34,29,23,23
868,35,42,43,34,30,24,26,36,47,49,41,35,28,29,38,45,45,36,31,25,27
869,17,18,23,20,17,14,14,15,18,25,22,19,15,15,16,19,24,20,17,14,15
870,1,1,1,1,1,1,1,1,1,1,1,1,1,1,1,1,1,1,1,1,1
871,17,19,22,21,17,13,10,15,22,28,27,23,18,14,19,24,28,26,22,17,14
872,11,12,12,12,10,8,8,11,12,13,12,10,8,8,11,12,12,12,10,8,8
873,24,30,29,16,12,9,15,22,31,34,22,15,11,15,22,30,29,16,12,10,16
874,33,37,40,35,32,27,26,33,37,40,35,32,27,26,33,37,40,35,32,27,26
875,4,4,4,3,3,2,2,3,3,4,3,2,2,2,3,3,4,3,3,2,2
876,38,38,34,31,28,26,30,37,42,41,37,34,31,34,39,42,38,34,30,28,31
877,0,0,0,0,0,0,0,0,0,0,0,0,0,0,0,0,0,0,0,0,0
878,32,34,36,31,27,21,24,32,38,42,39,35,28,29,34,35,35,28,23,18,21
879,0,0,0,2,3,2,5,0,0,0,2,3,2,5,0,0,0,2,3,2,5
880,2,2,2,3,2,2,2,2,2,2,3,2,2,2,2,2,2,3,2,2,2
881,0,0,0,0,0,0,0,0,0,0,0,0,0,0,0,0,0,0,0,0,0
882,0,0,0,0,0,0,0,0,0,0,0,0,0,0,1,0,0,0,0,1,1
883,0,0,0,0,0,0,0,0,0,0,0,0,0,0,0,0,0,0,0,0,0
884,8,8,9,7,7,6,6,8,8,9,7,7,6,6,8,8,9,7,7,6,6
885,0,0,0,0,0,0,0,0,0,0,0,0,0,0,0,0,0,0,0,0,0
886,0,0,0,0,0,0,0,0,0,0,0,0,0,0,0,0,0,0,0,0,0
887,0,0,0,0,0,0,0,0,0,0,0,0,0,0,0,0,0,0,0,0,0
888,0,0,0,0,0,0,0,0,0,0,0,0,0,0,0,0,0,0,0,0,0
889,4,5,4,4,3,3,3,3,4,4,3,3,3,3,4,4,4,3,2,2,2
890,0,0,0,0,0,0,0,0,0,0,0,0,0,0,0,0,0,0,0,0,0
891,0,0,0,0,0,0,0,0,0,0,0,0,0,0,0,0,0,0,0,0,0
892,0,0,0,0,0,0,0,0,0,0,0,0,0,0,0,0,0,0,0,0,0
893,1,1,1,1,1,1,1,1,1,1,1,1,1,1,1,1,1,1,1,1,1
894,0,0,0,0,0,0,0,0,0,0,0,0,0,0,0,0,0,0,0,0,0
895,10,8,6,5,3,4,5,10,11,11,8,6,5,5,8,7,6,5,4,5,7
896,13,13,13,11,10,8,9,14,17,18,16,14,11,12,17,18,18,15,13,11,12
897,0,0,0,0,0,0,0,0,0,0,0,0,0,0,0,0,0,0,0,0,0
898,35,37,37,34,32,27,29,35,37,37,34,32,27,28,34,36,36,34,31,27,28
899,26,29,27,25,21,19,21,26,31,31,29,26,23,25,31,35,33,30,25,22,25
900,42,44,41,37,34,29,28,37,39,39,35,33,28,26,35,37,39,35,32,27,25
901,2,2,2,2,2,2,2,2,2,2,2,2,2,2,2,2,2,2,2,2,2
902,196,198,200,192,162,143,153,186,196,193,178,152,131,139,168,180,184,177,156,139,148
903,6,6,7,6,5,4,4,5,6,6,6,6,4,4,6,7,7,7,6,5,5
904,23,23,22,17,16,16,15,24,26,25,20,19,18,17,26,27,26,21,19,19,18
905,3,3,3,3,3,2,3,3,3,3,3,3,2,3,3,4,3,3,3,2,3
906,27,27,27,24,20,16,17,21,24,27,25,21,17,18,21,23,25,24,20,17,18
907,5,5,5,5,4,4,4,4,5,5,5,4,4,4,4,4,4,4,4,4,3
908,4,4,4,5,4,4,3,4,4,4,5,4,4,3,4,3,4,5,4,4,3
909,1,1,1,1,1,0,1,1,1,1,1,1,0,1,1,1,1,1,1,0,1
910,12,16,18,18,17,12,5,12,16,18,18,17,12,5,12,16,18,18,17,12,5
911,98,110,111,104,95,83,83,101,118,119,110,101,88,85,101,113,111,99,90,80,80
912,1,1,1,1,1,1,1,1,1,1,1,1,1,1,1,1,1,1,1,1,1
913,6,6,5,4,3,5,4,5,6,5,4,3,5,4,5,6,5,4,3,5,4
914,1,2,3,3,3,2,1,1,2,3,3,3,2,1,1,2,3,3,3,2,1
915,0,1,0,1,1,1,1,0,1,0,1,1,1,1,0,1,0,1,1,1,1
916,0,0,0,0,0,0,0,0,0,0,0,0,0,0,0,0,0,0,0,0,0
917,0,0,0,0,0,0,0,0,0,0,0,0,0,0,0,0,0,0,0,0,0
918,0,0,0,0,0,0,0,0,0,0,0,0,0,0,0,0,0,0,0,0,0
919,0,0,0,0,0,0,0,0,0,0,0,0,0,0,0,0,0,0,0,0,0
920,6,6,5,4,3,3,3,4,5,4,4,3,3,3,4,4,3,2,2,2,2
921,1,1,1,1,1,0,0,1,1,1,1,1,0,0,1,1,1,1,1,0,0
922,3,3,3,3,2,2,2,3,3,3,3,2,2,2,3,3,3,2,2,2,2
923,2,2,2,1,1,1,2,2,2,2,1,1,1,1,1,1,1,1,1,1,2
924,1,1,1,1,1,1,1,1,1,1,1,1,1,1,1,1,1,1,1,1,1
925,7,8,8,7,6,6,6,7,8,7,7,6,5,5,6,7,6,6,5,5,5
926,11,12,11,10,9,8,8,11,12,12,11,10,8,8,10,10,10,9,8,7,8
927,2,3,4,2,2,2,3,2,3,4,2,2,2,3,2,3,4,2,2,2,3
928,9,10,10,9,8,7,7,8,10,10,9,9,8,7,9,10,10,9,9,8,7
929,7,7,7,6,6,5,5,6,7,7,6,6,5,5,6,7,6,5,5,4,5
930,18,20,21,20,18,17,15,20,24,26,25,22,19,17,21,24,24,22,19,18,16
931,8,9,8,7,7,5,5,6,8,8,7,7,5,5,6,8,8,7,7,5,5
932,4,4,5,5,4,3,3,3,3,4,4,4,3,2,3,3,4,4,4,3,3
933,25,26,24,22,18,14,13,19,25,27,27,22,16,15,20,23,22,21,18,14,12
934,1,1,1,1,1,1,1,1,1,1,1,1,1,1,2,2,2,2,1,2,1
935,11,13,14,13,11,10,10,11,13,15,14,12,11,11,11,13,14,13,11,10,10
936,3,3,3,3,3,2,2,3,3,3,3,3,3,2,3,3,3,3,3,3,2
937,1,1,2,2,2,2,2,2,2,2,2,2,2,2,3,2,2,2,2,2,2
938,2,3,2,2,2,2,2,2,3,2,2,2,2,2,2,3,2,2,2,2,2
939,27,29,29,29,25,25,23,27,29,29,29,25,25,23,27,29,29,29,25,25,23
940,0,0,0,0,0,0,0,0,0,0,0,0,0,0,0,0,0,0,0,0,0
941,3,3,3,3,2,2,2,3,3,3,3,2,2,2,3,3,3,3,2,2,2
942,3,4,4,4,4,3,3,3,4,4,4,4,3,3,3,4,4,4,4,3,3
943,3,3,2,2,2,2,2,3,3,2,2,2,2,2,3,3,2,2,2,2,2
944,1,1,1,1,0,0,1,1,1,1,1,0,0,1,1,1,1,1,0,0,1
945,1,2,2,2,1,2,1,2,2,2,2,1,2,1,2,2,2,2,1,2,2
946,0,0,0,0,0,0,0,0,0,0,0,0,0,0,0,0,0,0,0,0,0
947,0,0,0,0,0,0,0,0,0,0,0,0,0,0,0,0,0,0,0,0,0
948,3,3,2,2,2,2,2,3,3,2,2,2,2,2,3,3,2,2,2,2,2
949,0,0,0,0,0,0,0,0,0,0,0,0,0,0,0,0,0,0,0,0,0
950,0,0,0,0,0,0,0,0,0,0,0,0,0,0,0,0,0,0,0,0,0
951,3,3,3,3,3,3,3,3,3,3,3,3,3,3,3,3,3,3,3,3,3
952,2,2,1,1,1,1,2,2,2,1,1,1,1,1,2,2,1,1,1,1,1
953,0,0,0,0,0,0,0,0,0,0,0,0,0,0,0,0,0,0,0,0,0
954,0,0,0,0,0,0,0,0,0,0,0,0,0,0,0,0,0,0,0,0,0
955,0,0,0,0,0,0,0,0,0,0,0,0,0,0,0,0,0,0,0,0,0
956,0,0,0,0,0,0,0,0,0,0,0,0,0,0,0,0,0,0,0,0,0
957,0,0,0,0,0,0,0,0,0,0,0,0,0,0,0,0,0,0,0,0,0
958,1,2,2,2,1,1,1,1,2,2,1,1,1,1,1,2,2,1,1,1,1
959,0,0,0,0,0,0,0,0,0,0,0,0,0,0,0,0,0,0,0,0,0
960,0,0,0,0,0,0,0,0,0,0,0,0,0,0,0,0,0,0,0,0,0
961,0,0,0,0,0,0,0,0,0,0,0,0,0,0,0,0,0,0,0,0,0
962,0,0,0,0,0,0,0,0,0,0,0,0,0,0,0,0,0,0,0,0,0
963,3,3,3,3,2,3,2,3,3,3,3,2,3,2,3,3,3,3,2,3,2
964,5,7,8,8,7,6,4,5,7,8,8,7,6,4,5,7,8,8,7,6,4
965,0,0,0,0,0,0,0,0,0,0,0,0,0,0,0,0,0,0,0,0,0
966,1,1,1,1,1,1,1,1,1,1,1,1,1,1,1,1,1,1,1,1,1
967,53,64,68,55,47,36,35,53,64,68,55,47,36,35,53,64,68,55,47,36,35
968,2,3,3,2,2,1,1,2,3,3,2,2,1,1,2,3,3,2,2,1,2
969,1,1,1,1,1,1,1,1,1,1,1,1,1,1,1,1,1,1,1,1,1
970,1,1,1,1,0,1,1,1,1,1,1,1,1,1,1,1,1,1,1,1,1
971,1,1,1,1,1,1,1,1,1,1,1,1,1,1,1,1,1,1,1,1,1
972,0,0,0,0,0,0,0,0,0,0,0,0,0,0,0,0,0,0,0,0,0
973,8,8,7,6,5,4,4,6,6,6,6,5,4,5,7,8,7,7,6,5,5
974,1,1,1,1,1,1,1,1,1,1,1,1,1,1,1,1,1,1,1,1,1
975,1,1,1,1,1,1,1,1,1,1,1,1,1,1,1,1,1,1,0,0,1
976,3,3,3,2,2,2,2,2,2,2,2,2,2,2,2,3,2,2,2,2,2
977,0,0,1,0,0,0,0,0,1,1,1,1,0,0,1,1,1,1,1,0,1
978,7,8,8,9,8,6,5,7,8,8,9,8,6,5,7,8,8,9,8,6,5
979,1,1,1,1,1,0,1,1,1,1,1,1,1,1,1,1,1,1,1,1,1
980,1,1,1,1,0,0,0,1,1,1,1,0,0,0,1,1,1,1,0,0,0
981,1,2,1,1,1,1,1,1,1,1,1,1,1,1,1,2,1,1,1,1,1
982,1,1,1,1,1,1,1,1,1,1,1,1,1,1,1,1,1,1,1,1,1
983,1,1,1,1,1,1,1,1,1,1,1,1,1,1,1,2,1,1,1,1,1
984,0,0,0,0,0,0,0,0,0,0,0,0,0,0,0,0,0,0,0,0,0
985,1,1,1,1,1,1,1,1,1,1,1,1,1,1,1,1,1,1,1,1,1
986,1,1,1,1,1,1,1,1,1,1,1,1,1,1,1,1,1,1,1,1,1
987,1,2,2,2,2,1,1,1,2,2,2,2,1,1,1,2,2,2,2,1,1
988,7,8,8,7,7,6,5,7,8,8,7,7,6,5,6,8,8,7,7,6,5
989,3,3,3,3,3,2,3,3,3,3,3,3,2,3,3,4,4,3,3,3,3
990,4,5,7,5,4,2,2,4,6,7,5,4,2,2,5,6,7,6,4,3,3
991,69,62,75,93,83,68,72,75,70,82,98,87,70,73,77,70,80,94,84,70,75
992,3,3,3,3,2,2,1,3,3,3,3,2,2,1,3,3,3,3,2,2,1
993,15,17,19,18,16,13,12,15,17,19,18,16,13,12,16,17,19,18,16,13,12
994,2,3,3,3,2,2,2,2,3,3,3,3,2,2,3,3,3,3,3,2,2
995,8,11,10,9,7,6,6,8,11,10,9,7,6,6,8,11,10,9,7,6,6
996,0,0,0,0,0,0,0,0,0,0,0,0,0,0,0,0,0,0,0,0,0
997,21,20,20,18,17,16,18,22,23,22,19,17,16,17,21,21,20,18,17,16,17
998,4,4,5,4,4,4,3,4,4,4,4,4,3,3,4,4,4,4,4,3,3
999,3,3,3,3,3,2,2,2,2,3,3,3,2,2,2,3,3,3,3,3,2
1000,3,3,3,2,2,2,2,2,3,3,2,2,2,2,3,3,3,2,2,2,2
1001,12,15,17,16,13,10,10,13,16,17,16,13,10,10,13,16,17,16,13,10,10
1002,0,0,0,1,1,0,0,0,0,0,1,1,0,0,0,0,0,1,1,0,0
1003,4,5,4,4,4,3,3,4,5,4,4,4,3,3,4,5,4,4,4,3,3
1004,17,18,18,17,15,15,14,19,20,18,17,16,15,14,19,20,19,18,16,16,15
1005,1,1,1,1,0,1,1,1,1,1,1,0,1,1,1,1,1,1,1,1,1
1006,3,3,3,3,3,2,2,3,3,3,3,3,2,2,3,3,3,3,2,2,2
1007,1,1,1,1,1,1,1,1,1,1,2,2,1,1,1,2,2,2,2,1,1
1008,10,13,17,24,20,12,9,10,13,17,24,20,12,9,10,13,17,24,20,12,9
1009,63,66,76,68,64,51,52,63,66,76,68,63,50,52,63,66,76,67,63,50,52
1010,1,1,0,0,0,1,1,1,1,0,0,0,1,1,1,1,0,0,0,1,1
1011,1,1,1,1,1,1,1,1,1,1,1,1,1,1,1,1,1,1,1,1,1
1012,10,11,13,12,10,10,11,13,15,16,14,12,10,11,13,13,14,12,9,9,9
1013,14,16,14,12,10,8,9,11,12,13,11,9,8,9,11,13,14,12,10,9,9
1014,9,9,9,8,7,7,8,9,9,9,8,7,7,7,9,9,9,8,7,7,7
1015,2,2,2,1,1,1,1,2,2,2,1,1,1,1,2,2,2,1,1,1,1
1016,11,12,11,8,7,6,6,11,12,11,8,7,6,6,11,12,11,8,7,6,7
1017,0,0,0,0,0,0,0,0,0,0,0,0,0,0,0,0,0,0,0,0,0
1018,1,0,0,0,0,0,0,1,0,0,0,0,0,0,1,0,0,0,0,0,0
1019,8,10,11,11,8,6,6,8,10,11,11,8,6,6,8,10,11,11,9,6,6
1020,0,0,0,0,0,0,0,0,0,0,0,0,0,0,0,0,0,0,0,0,0
1021,3,4,4,4,3,2,2,4,4,4,4,3,3,3,4,5,5,4,4,3,3
1022,2,2,2,2,2,1,1,1,2,2,2,1,1,1,1,2,2,2,1,1,1
1023,5,5,5,4,4,4,4,5,5,6,5,4,4,4,5,5,6,5,5,4,4
1024,6,7,7,7,6,5,4,6,7,7,7,6,5,4,6,7,7,7,6,5,5
1025,0,0,0,0,0,0,0,0,0,0,0,0,0,0,0,0,0,0,0,0,0
1026,0,0,0,0,0,0,0,0,0,0,0,0,0,0,0,0,0,0,0,0,0
1027,10,11,12,11,9,7,7,9,11,12,12,9,8,8,11,14,15,14,11,9,8
1028,3,4,3,4,4,3,3,3,4,3,4,4,3,3,3,3,3,4,3,3,3
1029,0,0,0,0,0,0,0,0,0,0,0,0,0,0,0,0,0,0,0,0,0
1030,1,1,1,1,0,0,0,1,1,1,1,0,0,0,1,1,1,1,0,0,0
1031,1,1,1,0,0,0,0,1,1,1,1,0,0,0,1,1,1,1,0,0,0
1032,2,3,3,3,2,2,2,2,3,3,3,2,2,2,2,3,3,3,2,2,2
1033,1,1,1,1,1,1,1,1,1,1,1,1,1,1,1,1,1,1,1,1,1
1034,1,1,1,1,1,1,1,1,1,1,1,1,1,1,1,1,1,1,1,1,1
1035,2,2,2,2,1,1,1,2,2,2,2,1,1,1,2,2,2,2,1,1,1
1036,0,0,0,0,0,0,0,0,0,0,0,0,0,0,0,0,0,0,0,0,0
1037,1,1,1,1,1,1,1,1,1,1,1,1,1,1,1,1,1,1,1,1,1
1038,0,0,0,0,0,0,0,0,0,0,0,0,0,0,0,0,0,0,0,0,0
1039,0,0,0,0,0,0,0,0,0,0,0,0,0,0,0,0,0,0,0,0,0
1040,8,9,9,8,7,6,6,8,9,9,8,7,6,6,8,9,8,8,7,6,5
1041,10,8,9,10,11,9,8,9,8,9,10,11,9,8,9,8,9,10,11,9,8
1042,5,5,5,9,7,5,5,5,5,5,9,7,5,5,5,5,5,9,7,5,5
1043,6,6,6,7,5,5,4,6,6,6,6,5,5,4,6,6,6,6,5,5,4
1044,1,1,1,1,1,1,1,1,1,1,1,1,1,1,1,1,1,1,1,1,1
1045,1,2,2,1,1,1,1,1,1,2,1,1,1,1,1,2,2,1,1,1,1
1046,769,851,966,905,776,662,597,764,857,967,898,771,654,590,761,858,975,910,782,670,609
1047,5,5,4,3,3,2,3,3,4,4,3,3,2,3,3,4,4,3,3,3,3
1048,1,1,1,1,1,1,0,1,1,1,1,1,1,0,1,1,1,1,1,1,0
1049,16,22,21,19,12,8,12,18,24,22,20,13,8,12,18,23,20,18,11,7,11
1050,19,19,19,16,13,15,16,19,19,19,16,13,15,16,19,19,19,16,13,15,16
1051,0,0,0,0,0,0,0,0,0,0,0,0,0,0,0,0,0,0,0,0,0
1052,0,0,0,0,0,0,0,0,0,0,0,0,0,0,0,0,0,0,0,0,0
1053,0,0,0,0,0,0,0,0,0,0,0,0,0,0,0,0,0,0,0,0,0
1054,0,0,0,0,0,0,0,0,0,0,0,0,0,0,0,0,0,0,0,0,0
1055,0,0,0,0,0,0,0,0,0,0,0,0,0,0,0,0,0,0,0,1,0
1056,1,1,1,1,1,1,1,1,1,1,1,1,1,1,1,1,1,1,1,1,1
1057,0,0,0,0,0,0,0,0,0,0,0,0,0,0,0,0,0,0,0,0,0
1058,0,0,0,0,0,0,0,0,0,0,0,0,0,0,0,0,0,0,0,0,0
1059,2,2,2,2,2,2,2,2,2,2,2,2,2,2,2,2,2,2,2,2,2
1060,0,0,0,0,0,0,0,0,1,0,0,0,0,0,0,1,0,0,0,0,1
1061,4,5,7,5,3,2,2,4,5,7,5,3,2,2,4,5,7,5,3,2,2
1062,0,0,0,0,0,0,0,0,0,0,0,0,0,0,0,0,0,0,0,0,0
1063,0,0,0,0,0,0,0,0,0,0,0,0,0,0,0,0,0,0,0,0,0
1064,0,0,0,0,0,0,0,0,0,0,0,0,0,0,0,0,0,0,0,0,0
1065,0,0,0,0,0,0,0,0,0,0,0,0,0,0,0,0,0,0,0,0,0
1066,0,0,0,0,0,0,0,0,0,0,0,0,0,0,0,0,0,0,0,0,0
1067,0,0,0,0,0,0,0,0,0,0,0,0,0,0,0,0,0,0,0,0,0
1068,0,0,0,0,0,0,0,0,0,0,0,0,0,0,0,0,0,0,0,0,0
1069,0,0,0,0,0,0,0,0,0,0,0,0,0,0,0,0,0,0,0,0,0
1070,1,2,2,2,1,1,1,2,2,2,2,2,1,1,2,3,2,2,2,2,2
1071,0,1,0,0,1,0,1,1,1,1,1,1,1,1,1,1,1,1,1,1,1
1072,0,0,0,0,0,0,0,0,0,0,0,0,0,0,0,0,0,0,0,0,0
1073,0,0,0,0,0,0,0,0,0,1,1,0,0,0,0,0,0,0,0,0,0
1074,0,0,0,0,0,0,0,0,0,0,0,0,0,0,0,0,0,0,0,0,0
1075,0,0,0,0,0,0,0,0,0,0,0,0,0,0,0,0,0,0,0,0,0
1076,0,0,0,0,0,0,0,0,0,0,0,0,0,0,0,0,0,0,0,0,0
1077,0,0,0,0,0,0,0,0,0,0,0,0,0,0,0,0,0,0,0,0,0
1078,0,0,0,0,0,0,0,0,0,0,0,0,0,0,0,0,0,0,0,0,0
1079,0,0,0,0,0,0,0,0,0,0,0,0,0,0,0,0,0,0,0,0,0
1080,1,1,1,1,1,1,1,1,1,1,1,1,1,1,1,1,1,1,1,1,1
1081,0,0,0,0,0,0,0,0,0,0,0,0,0,0,0,0,0,0,0,0,0
1082,0,0,0,0,0,0,0,0,0,0,0,0,0,0,0,0,0,0,0,0,0
1083,0,0,0,0,0,0,0,0,0,0,0,0,0,0,0,0,0,0,0,0,0
1084,0,0,0,0,0,0,0,0,0,0,0,0,0,0,0,0,0,0,0,0,0
1085,0,0,0,0,0,0,0,0,0,0,0,0,0,0,0,0,0,0,0,0,0
1086,0,0,0,0,0,0,0,0,0,0,0,0,0,0,0,0,0,0,0,0,0
1087,0,0,0,0,0,0,0,0,0,0,0,0,0,0,0,0,0,0,0,0,0
1088,0,0,0,0,0,0,0,0,0,0,0,0,0,0,0,0,0,0,0,0,0
1089,0,0,0,0,0,0,0,0,0,0,0,0,0,0,0,0,0,0,0,0,0
1090,0,0,0,0,0,0,0,0,0,0,0,0,0,0,0,0,0,0,0,0,0
1091,0,0,0,0,0,0,0,0,0,0,0,0,0,0,0,0,0,0,0,0,0
1092,0,0,0,0,0,0,0,0,0,0,0,0,0,0,0,0,0,0,0,0,0
1093,0,0,0,0,0,0,0,0,0,0,0,0,0,0,0,0,0,0,0,0,0
1094,0,0,0,0,0,0,0,0,0,0,0,0,0,0,0,0,0,0,0,0,0
1095,0,0,0,0,0,0,0,0,0,0,0,0,0,0,0,0,0,0,0,0,0
1096,0,0,0,0,0,0,0,0,0,0,0,0,0,0,0,0,0,0,0,0,0
1097,0,0,0,0,0,0,0,0,0,0,0,0,0,0,0,0,0,0,0,0,0
1098,0,0,0,0,0,0,0,0,0,0,0,0,0,0,0,0,0,0,0,0,0
1099,0,0,0,0,0,0,0,0,0,0,0,0,0,0,0,0,0,0,0,0,0
1100,0,0,0,0,0,0,0,0,0,0,0,0,0,0,0,0,0,0,0,0,0
1101,0,0,0,0,0,0,0,0,0,0,0,0,0,0,0,0,0,0,0,0,0
1102,0,0,0,0,0,0,0,0,0,0,0,0,0,0,0,0,0,0,0,0,0
1103,0,1,1,0,0,0,0,0,1,1,1,0,0,0,0,1,1,1,0,0,0
1104,0,0,0,0,0,0,0,0,0,0,0,0,0,0,0,0,0,0,0,0,0
1105,0,0,0,0,0,0,0,0,0,0,0,0,0,0,0,0,0,0,0,0,0
1106,0,0,0,0,0,0,0,0,0,0,0,0,0,0,0,0,0,0,0,0,0
1107,0,0,0,0,0,0,0,0,0,0,0,0,0,0,0,0,0,0,0,0,0
1108,0,0,0,0,0,0,0,0,0,0,0,0,0,0,0,0,0,0,0,0,0
1109,0,0,0,0,0,0,0,0,0,0,0,0,0,0,0,0,0,1,1,1,1
1110,0,0,0,0,0,0,0,0,0,0,0,0,0,0,0,0,0,0,0,0,0
1111,0,0,0,0,0,0,0,0,0,0,0,0,0,0,0,0,0,0,0,0,0
1112,0,0,0,0,0,0,0,0,0,0,0,0,0,0,0,0,0,0,0,0,0
1113,0,0,0,0,0,0,0,0,0,0,0,0,0,0,0,0,0,0,0,0,0
1114,0,0,0,0,0,0,0,0,0,0,0,0,0,0,0,0,0,0,0,0,0
1115,3,4,6,6,6,6,6,7,7,6,6,5,4,4,5,5,5,5,4,4,4
1116,2,2,2,3,3,2,2,2,2,2,3,3,2,2,2,2,2,3,3,2,2
1117,2,2,2,2,1,2,1,2,2,2,2,1,2,1,2,2,2,2,1,2,1
1118,0,1,1,1,0,1,1,0,1,1,1,0,1,1,0,1,1,1,0,1,1
1119,0,0,0,0,0,0,0,0,0,0,0,0,0,0,0,0,0,0,0,0,0
1120,0,0,0,0,0,0,0,0,0,0,0,0,0,0,0,0,0,0,0,0,0
1121,0,0,0,0,0,0,0,0,0,0,0,0,0,0,0,0,0,0,0,0,0
1122,12,13,14,14,12,11,12,14,16,16,16,13,12,13,16,17,16,15,12,11,13
1123,43,55,63,58,49,41,36,43,55,63,58,49,41,36,43,55,63,58,49,41,36
1124,42,42,42,41,37,32,32,41,44,45,45,40,35,34,42,43,44,42,37,32,32
1125,4,4,4,4,3,3,3,3,4,4,4,3,3,3,3,4,4,4,3,3,3
1126,1,1,1,1,1,1,1,1,1,1,1,1,1,1,1,1,1,1,1,1,1
1127,0,0,0,0,0,0,0,0,0,0,0,0,0,0,0,0,0,0,0,0,0
1128,0,0,0,0,0,0,0,0,0,0,0,0,0,0,0,0,0,0,0,0,0
1129,0,0,0,0,0,0,0,0,0,0,0,0,0,0,0,0,0,0,0,0,0
1130,4,4,4,4,3,3,3,4,4,4,4,3,3,3,4,4,4,3,3,3,3
1131,12,14,13,10,9,8,7,11,14,15,14,12,11,9,12,15,14,13,12,11,10
1132,7,6,5,4,3,3,3,4,5,5,3,3,3,3,4,5,5,3,3,3,3
1133,0,0,0,0,0,0,0,0,0,0,0,0,0,0,0,0,0,0,0,1,1
1134,1,2,2,2,1,1,1,1,2,2,2,1,1,1,1,2,2,2,1,1,1
1135,70,71,76,66,56,47,51,70,71,76,66,56,47,51,70,71,76,66,56,47,51
1136,2,2,2,3,2,2,1,2,2,2,3,2,2,1,2,2,2,3,2,2,1
1137,3,3,3,2,2,1,2,3,4,5,3,2,2,2,3,4,4,3,2,2,3
1138,0,0,0,0,0,0,0,0,0,0,0,0,0,0,0,0,0,0,0,0,0
1139,1,1,1,1,1,1,1,1,1,1,1,1,1,1,1,1,1,1,1,1,1
1140,1,1,1,1,0,0,0,1,1,1,1,1,0,1,1,2,1,1,1,1,1
1141,1,1,1,1,1,1,1,1,1,1,1,1,1,1,1,1,1,1,1,1,1
1142,23,24,25,21,17,20,26,23,24,25,21,17,20,26,23,24,25,21,17,20,26
1143,28,31,29,29,26,24,24,28,30,29,28,26,23,24,28,30,29,28,26,23,24
1144,8,8,8,7,6,5,6,8,9,10,9,8,7,7,9,9,9,8,7,6,7
1145,1,1,1,1,1,1,1,1,2,2,1,2,2,2,3,3,3,2,2,2,3
1146,0,1,1,1,0,0,0,0,1,1,1,0,0,0,0,1,1,1,0,0,0
1147,11,12,11,10,9,8,9,11,12,11,10,9,8,9,11,12,11,10,9,8,9
1148,0,0,0,0,0,0,0,0,0,0,0,0,0,0,0,0,0,0,0,0,0
1149,1,0,0,1,1,1,1,1,0,0,1,1,1,1,1,0,0,1,1,1,1
1150,0,0,0,0,0,0,0,0,0,0,0,0,0,0,0,0,0,0,0,0,0
1151,6,7,7,3,7,6,5,6,7,7,3,7,6,5,6,7,7,3,7,7,5
1152,2,2,2,2,2,2,2,2,2,2,2,2,2,2,2,2,2,2,2,2,2
1153,405,340,377,398,374,374,324,403,349,397,426,407,410,369,456,406,449,466,436,433,398
1154,2,2,3,3,3,4,3,3,3,3,4,4,4,4,3,3,3,4,4,4,3
1155,180,149,147,134,147,165,201,187,163,161,145,157,172,205,189,160,154,135,149,167,204
1156,0,0,1,0,0,0,0,0,0,1,1,0,0,0,0,0,0,0,0,0,0
1157,1,1,1,0,1,1,0,1,1,1,0,1,1,0,1,1,1,0,1,1,1
1158,1,2,2,1,1,1,1,1,2,2,1,1,1,1,1,2,2,1,1,1,1
1159,2,2,2,1,2,2,2,2,2,2,1,2,2,2,2,3,2,1,2,2,2
1160,1,1,1,1,1,1,1,1,1,1,1,1,1,1,1,1,2,1,1,1,1
1161,4,4,3,2,2,2,2,4,4,3,2,2,2,2,4,4,3,2,2,2,2
1162,2,2,2,1,2,2,1,2,2,2,1,2,2,1,2,2,2,1,2,2,1
1163,17,16,14,13,14,16,14,17,16,14,13,14,16,14,17,16,14,13,14,16,14
1164,1,1,1,0,0,0,0,1,1,1,1,0,0,0,1,1,1,1,0,0,0
1165,5,6,6,5,4,4,3,5,5,6,5,4,4,3,5,5,6,5,4,4,4
1166,4,5,7,5,6,5,4,4,5,7,5,6,5,4,4,5,7,5,6,5,4
1167,0,0,0,0,0,0,0,0,0,0,0,0,0,0,0,0,0,0,0,0,0
1168,6,3,2,3,3,2,4,6,3,2,3,3,2,4,6,3,2,3,3,2,4
1169,6,4,3,3,3,2,3,6,4,3,3,3,2,3,6,4,3,3,3,2,3
1170,4,4,4,4,3,5,5,5,5,5,4,4,5,5,5,5,5,5,4,5,6
1171,8,10,9,9,9,8,8,8,10,9,9,9,8,8,8,10,9,9,9,8,8
1172,2,3,3,2,3,2,2,2,3,3,2,3,2,2,2,3,3,2,3,2,2
1173,0,0,0,0,0,0,0,0,0,0,0,0,0,0,0,0,0,0,0,0,0
1174,1,2,2,2,3,2,1,1,2,2,2,3,2,1,1,2,2,2,3,2,1
1175,2,3,2,2,2,2,2,2,3,2,2,2,2,2,2,3,2,2,2,2,2
1176,1,1,1,1,1,1,1,1,1,1,1,1,1,1,1,2,2,2,1,1,2
1177,0,0,0,0,0,0,0,0,0,0,0,0,0,0,0,0,0,0,0,0,0
1178,0,0,0,0,0,0,0,0,0,0,0,0,0,0,0,0,0,0,0,0,0
1179,0,0,0,0,0,0,0,0,0,0,0,0,0,0,0,0,0,0,0,0,0
1180,10,14,22,24,19,11,11,13,19,29,30,21,11,10,11,12,11,9,9,5,6
1181,0,0,0,0,0,0,0,0,0,0,0,0,0,0,0,0,0,0,0,0,0
1182,0,0,0,0,0,0,0,0,0,0,0,0,0,0,0,0,0,0,0,0,0
1183,0,0,0,0,0,0,0,0,0,0,0,0,0,0,0,0,0,0,0,0,0
1184,65,73,83,79,69,58,60,67,79,87,80,72,61,64,69,75,78,69,70,66,75
1185,2,1,1,0,1,1,1,2,1,1,0,1,1,1,2,1,1,0,1,1,1
1186,1,1,1,1,1,1,1,1,1,1,1,1,1,1,1,1,2,1,1,1,2
1187,0,0,0,0,0,0,0,0,0,0,0,0,0,0,0,0,0,0,0,0,0
1188,0,0,0,0,0,0,0,0,0,0,0,0,0,0,0,0,0,0,0,0,0
1189,0,0,0,0,0,0,0,0,0,0,0,0,0,0,0,0,0,0,0,0,0
1190,0,0,0,0,0,0,0,0,0,0,0,0,0,0,0,0,0,0,0,0,0
1191,0,0,0,0,0,0,0,0,0,0,0,0,0,0,0,0,0,0,0,0,0
1192,0,0,0,0,0,0,0,0,0,0,0,0,0,0,0,0,0,0,0,0,0
1193,0,0,0,0,0,0,0,0,0,0,0,0,0,0,0,0,0,0,0,0,0
1194,0,0,0,0,0,0,0,0,0,0,0,0,0,0,0,0,0,0,0,0,0
1195,0,0,0,0,0,0,0,0,0,0,0,0,0,0,0,0,0,0,0,0,0
1196,0,0,0,0,0,0,0,0,0,0,0,0,0,0,0,0,1,1,2,2,1
1197,0,0,0,0,0,0,0,0,0,0,0,0,0,0,0,0,0,0,0,0,0
1198,0,0,0,0,0,0,0,0,0,0,0,0,0,0,0,0,0,0,0,0,0
1199,0,0,0,0,0,0,0,0,0,0,0,0,0,0,0,0,1,1,0,0,1
1200,0,0,0,0,0,0,0,0,0,0,0,0,0,0,0,0,0,0,0,0,0
1201,0,0,0,0,0,0,0,0,0,0,0,0,0,0,0,0,0,0,0,0,0
1202,0,0,0,0,0,0,0,0,0,0,0,0,0,0,0,0,0,0,0,0,0
1203,0,0,0,0,0,0,0,0,0,0,0,0,0,0,0,0,0,0,0,0,0
1204,0,0,0,0,0,0,0,0,0,0,0,0,0,0,0,0,0,0,0,0,0
1205,0,0,0,0,0,0,0,0,0,0,0,0,0,0,0,0,0,0,0,0,0
1206,4,4,4,3,2,1,2,3,3,4,3,2,1,1,1,2,2,1,1,1,1
1207,0,0,0,0,0,0,0,0,0,0,0,0,0,0,0,0,0,0,0,0,0
1208,0,0,0,9,0,0,0,0,0,0,9,0,0,0,0,0,0,9,0,0,0
1209,0,0,0,0,0,0,0,0,0,0,0,0,0,0,0,0,0,0,0,0,0
1210,1,2,2,3,1,1,1,1,2,2,3,1,1,1,1,2,2,3,2,1,1
1211,1,0,0,0,0,1,1,1,0,0,0,0,1,1,1,0,0,0,0,1,1
1212,0,0,0,0,0,0,0,0,0,0,0,0,0,0,0,0,0,0,0,0,0
1213,0,0,0,0,0,0,0,0,0,0,0,0,0,0,0,0,0,0,0,0,0
1214,0,0,0,0,0,0,0,0,0,0,0,0,0,0,0,0,0,0,0,0,0
1215,25,22,20,17,16,16,19,21,20,19,17,16,16,19,21,21,19,17,16,15,18
1216,1,1,1,1,1,1,1,1,1,1,1,1,1,1,1,1,1,1,1,1,1
1217,1,1,1,1,1,1,1,1,1,1,1,1,1,1,1,1,1,1,1,1,1
1218,2,1,1,1,1,1,1,1,1,1,1,1,1,1,2,2,2,1,1,1,1
1219,3,3,3,2,2,2,2,3,3,3,2,2,2,2,3,3,3,3,3,3,3
1220,0,0,0,0,0,0,0,0,0,0,0,0,0,0,0,0,0,0,0,0,0
1221,190,205,206,195,177,150,154,184,206,202,188,170,141,143,175,202,204,194,177,152,158
1222,7,7,6,6,5,5,5,6,7,6,6,5,5,5,7,8,7,6,6,5,6
1223,4,5,5,5,4,3,3,5,5,5,5,4,3,3,5,5,6,5,4,3,4
1224,14,15,16,14,11,9,10,14,16,17,16,13,12,12,15,16,16,13,11,10,11
1225,30,32,32,28,25,24,29,34,38,37,33,29,27,31,35,36,34,29,25,24,29
1226,3,3,2,2,1,1,1,2,2,2,2,1,1,1,2,2,3,2,2,2,2
1227,4,5,6,5,4,3,3,3,5,5,5,3,2,2,3,4,4,3,2,2,2
1228,1,0,0,0,0,0,0,1,0,0,0,0,0,0,1,0,0,0,0,0,0
1229,4,5,6,6,6,5,6,6,6,6,6,6,5,6,6,6,6,6,6,5,5
1230,3,4,4,3,3,2,2,2,3,4,3,3,2,2,2,3,4,3,3,2,2
1231,0,0,0,0,0,0,0,0,0,0,0,0,0,0,0,0,0,0,0,0,0
1232,0,0,1,0,1,0,0,0,0,1,0,1,0,0,0,0,1,0,1,0,0
1233,2,1,1,1,1,1,1,2,1,1,1,1,1,1,2,1,1,1,1,1,1
1234,12,13,15,17,16,11,11,11,13,15,17,16,11,11,11,13,15,17,16,11,11
1235,13,14,13,17,12,8,8,13,14,13,17,12,8,8,13,14,13,17,12,8,8
1236,0,0,0,0,0,0,0,0,0,0,0,0,0,0,0,0,0,0,0,0,0
1237,0,0,0,0,0,0,0,0,0,0,0,0,0,0,0,0,0,0,0,0,0
1238,0,0,0,0,0,0,0,0,0,0,0,0,0,0,0,0,0,0,0,0,0
1239,0,0,0,0,0,0,0,0,0,0,0,0,0,0,0,0,0,0,0,0,0
1240,0,0,0,0,0,0,0,0,0,0,0,0,0,0,0,0,0,0,0,0,0
1241,0,0,0,0,0,0,0,0,0,0,0,0,0,0,0,0,0,0,0,0,0
1242,0,0,0,0,0,0,0,0,0,0,0,0,0,0,0,0,0,0,0,0,0
1243,0,0,0,0,0,0,0,0,0,0,0,0,0,0,0,0,0,0,0,0,0
1244,0,0,0,0,0,0,0,0,0,0,0,0,0,0,0,0,0,0,0,0,0
1245,0,0,0,0,0,0,0,0,0,0,0,0,0,0,0,0,0,0,0,0,0
1246,0,0,0,0,0,0,0,0,0,0,0,0,0,0,0,0,0,0,0,0,0
1247,6,7,6,6,5,4,5,7,7,7,6,5,5,5,7,7,7,6,5,4,5
1248,5,5,5,4,4,3,3,5,5,5,4,4,3,3,5,5,5,4,4,3,3
1249,1,1,1,1,1,0,1,1,1,1,1,1,1,1,1,1,1,1,1,1,1
1250,0,0,0,0,0,0,0,0,0,0,0,0,0,0,0,0,0,0,0,0,0
1251,0,0,0,0,0,0,0,0,0,0,0,0,0,0,0,0,0,0,0,0,0
1252,0,0,0,0,0,0,0,0,0,0,0,0,0,0,0,0,0,0,0,0,0
1253,0,0,0,0,0,0,0,0,0,0,0,0,0,0,0,0,0,0,0,0,0
1254,1,1,1,1,1,1,1,1,1,1,1,1,1,1,1,1,1,1,1,1,1
1255,10,10,9,7,6,6,7,10,11,11,9,7,7,7,10,10,9,7,6,6,7
1256,6,7,6,5,4,4,4,6,6,5,5,4,4,4,6,6,6,5,5,4,4
1257,3,4,4,4,3,3,3,4,4,4,4,4,4,4,5,6,6,5,5,4,4
1258,5,5,5,4,4,4,5,6,8,8,6,5,4,5,6,5,5,4,3,3,4
1259,0,0,0,0,0,0,0,0,0,0,0,0,0,0,0,0,0,0,0,0,0
1260,0,0,0,0,0,0,0,0,0,0,0,0,0,0,0,0,0,0,0,0,0
1261,0,0,0,0,0,0,0,0,0,0,0,0,0,0,0,0,0,0,0,0,0
1262,0,0,0,0,0,0,0,0,0,0,0,0,0,0,0,0,0,0,0,0,0
1263,1,1,1,1,0,0,0,1,1,1,1,0,0,0,1,1,1,1,0,0,0
1264,13,14,14,13,7,7,8,13,14,14,13,7,7,7,13,14,14,13,7,7,7
1265,2,2,2,0,0,0,2,2,2,2,0,0,0,2,2,2,2,0,0,0,2
1266,0,0,0,0,0,0,0,0,0,0,0,0,0,0,0,0,0,0,0,0,0
1267,0,0,0,0,0,0,0,0,0,0,0,0,0,0,0,0,0,0,0,0,0
1268,37,28,34,27,11,12,25,37,28,34,27,11,12,25,37,28,34,27,11,12,25
1269,19,24,19,20,18,12,16,19,24,19,20,18,12,16,19,24,19,20,18,12,16
1270,19,21,19,15,10,12,14,19,21,19,15,9,11,13,18,20,18,15,9,11,13
1271,0,0,0,0,0,0,0,0,0,0,0,0,0,0,0,0,0,0,0,0,0
1272,2,2,3,3,3,3,2,2,2,3,3,3,3,2,2,2,3,3,3,3,2
1273,3,3,3,2,2,2,2,3,3,3,2,2,2,2,3,3,3,2,2,2,2
1274,3,5,6,6,5,4,4,3,5,6,6,5,4,4,3,5,6,6,5,4,4
1275,3,3,3,2,2,2,2,3,3,3,2,2,2,2,3,3,3,2,2,2,2
1276,0,0,0,0,0,0,0,0,0,0,0,0,0,0,0,0,0,0,0,0,0
1277,0,1,1,1,0,0,0,0,1,1,1,0,0,0,1,1,1,1,0,0,0
1278,0,0,0,0,0,0,0,0,0,0,0,0,0,0,0,0,0,0,0,0,0
1279,2,2,2,2,2,2,2,3,3,3,2,2,2,2,3,2,2,2,2,1,2
1280,0,0,0,0,0,0,0,0,0,0,0,0,0,0,0,0,0,0,0,0,0
1281,0,0,0,0,0,0,0,0,0,0,0,0,0,0,0,0,0,0,0,0,0
1282,29,33,33,29,26,21,21,29,36,39,36,31,26,25,31,35,33,28,25,21,21
1283,0,0,0,0,0,0,0,0,0,0,0,0,0,0,0,0,0,0,0,0,0
1284,1,1,1,1,1,1,1,1,1,1,1,1,1,0,1,1,1,1,1,1,1
1285,0,0,0,0,0,0,0,0,0,0,0,0,0,0,0,0,0,0,0,0,0
1286,1,2,2,1,1,1,1,2,2,2,2,1,1,2,2,2,2,2,2,1,2
1287,4,5,6,5,5,4,5,4,5,6,5,5,4,5,4,5,5,5,5,4,5
1288,4,3,3,3,3,2,3,2,3,3,3,3,2,3,2,2,3,2,3,2,3
1289,0,0,0,0,0,0,0,0,0,0,0,0,0,0,0,0,0,0,0,0,0
1290,8,7,7,6,5,4,5,6,8,9,8,6,6,6,7,8,8,6,5,5,6
1291,0,0,0,0,0,0,0,0,0,0,0,0,0,0,0,0,0,0,0,0,0
1292,0,0,0,0,0,0,0,0,0,0,0,0,0,0,0,0,0,0,0,0,0
1293,0,0,0,0,0,0,0,0,0,0,0,0,0,0,0,0,0,0,0,0,0
1294,0,0,0,0,0,0,0,0,0,0,0,0,0,0,0,0,0,0,0,0,0
1295,1,1,1,1,1,1,1,1,1,1,1,1,1,1,1,1,1,1,1,1,1
1296,32,31,32,26,19,18,20,29,32,37,32,24,21,23,33,34,33,27,21,20,22
1297,2,3,2,2,1,1,2,2,3,2,2,1,1,1,2,2,2,1,1,1,1
1298,13,14,13,11,7,5,5,9,10,10,9,6,4,4,8,9,9,9,6,5,5
1299,27,29,28,22,18,16,19,25,29,30,25,19,17,19,25,28,28,23,19,17,19
1300,0,0,0,0,0,0,0,0,0,0,0,0,0,0,0,0,0,0,0,0,0
1301,9,8,7,7,6,7,8,10,9,8,7,5,6,7,10,8,7,6,5,6,7
1302,1,1,1,1,1,1,1,1,1,1,1,1,1,1,1,1,1,1,1,1,2
1303,0,0,0,1,1,1,0,0,0,0,1,1,1,0,0,0,0,1,1,1,1
1304,0,0,0,0,0,0,0,0,0,0,0,0,0,0,0,0,0,0,0,0,0
1305,1,1,1,1,1,1,1,1,1,1,1,1,1,1,1,1,1,1,1,1,1
1306,0,0,0,1,1,0,0,0,0,0,1,1,0,0,1,1,1,1,1,1,1
1307,0,0,0,0,0,0,0,0,0,0,0,0,1,0,0,0,0,0,0,1,0
1308,14,13,14,11,10,9,9,12,14,18,15,13,11,10,11,11,13,10,9,8,8
1309,14,14,14,13,11,9,9,10,11,12,12,10,8,8,10,11,12,12,11,10,10
1310,5,4,3,3,3,2,3,4,4,4,3,3,2,3,4,4,4,3,3,3,3
1311,4,4,4,3,2,2,2,2,3,3,3,2,2,2,3,3,3,3,2,2,2
1312,4,3,3,3,2,2,2,3,3,3,3,2,2,2,3,3,3,3,2,2,2
1313,1,1,1,0,0,1,1,1,1,1,0,0,1,1,1,1,1,0,0,1,1
1314,0,0,0,0,0,0,0,0,0,0,0,0,0,0,0,0,0,0,0,0,0
1315,0,0,0,0,0,0,0,0,0,0,0,0,0,0,0,0,0,0,0,0,0
1316,13,12,10,9,7,6,7,8,8,7,6,5,5,6,9,9,9,9,7,7,8
1317,4,4,3,3,3,3,3,3,3,3,3,3,3,3,3,3,3,3,3,3,3
1318,0,0,0,0,0,0,0,0,0,0,0,0,0,0,0,0,0,0,0,0,0
1319,1,2,2,2,2,1,1,1,2,2,2,2,1,1,1,2,2,2,2,1,1
1320,0,0,0,0,0,0,0,0,0,0,0,0,0,0,0,0,0,0,0,0,0
1321,0,0,0,0,0,0,0,0,0,0,0,0,0,0,0,0,0,0,0,0,0
1322,0,0,0,0,0,0,0,0,0,0,0,0,0,0,0,0,0,0,0,0,0
1323,0,0,0,0,0,0,0,0,0,0,0,0,0,0,0,0,0,0,0,0,0
1324,0,0,0,0,0,0,0,0,0,0,0,0,0,0,0,0,0,0,0,0,0
1325,1,2,1,1,1,1,1,1,2,1,1,1,1,1,1,2,1,1,1,1,1
1326,0,0,0,0,0,0,0,0,0,0,0,0,0,0,0,0,0,0,0,0,0
1327,2,2,2,2,1,1,1,2,2,2,2,1,1,1,2,2,2,2,1,1,1
1328,46,48,49,46,37,31,30,41,49,56,54,43,36,35,45,49,51,48,39,33,32
1329,5,5,7,6,6,5,6,5,5,7,6,7,5,6,5,5,7,6,7,5,6
1330,0,0,0,0,0,0,0,0,0,0,0,0,0,0,0,0,0,0,0,0,0
1331,35,34,33,29,26,22,22,26,29,31,28,25,20,20,24,25,26,24,22,20,20
1332,7,7,8,6,5,5,6,7,8,8,7,6,6,6,7,8,8,7,6,6,6
1333,0,0,0,0,0,0,0,0,0,0,0,0,0,0,0,0,0,0,0,0,0
1334,0,1,1,1,0,0,1,1,1,1,1,1,1,1,1,1,1,1,1,1,1
1335,0,0,0,0,0,0,0,0,0,0,0,0,0,0,0,0,0,0,0,0,0
1336,0,0,0,0,0,0,0,0,0,0,0,0,0,0,0,0,0,0,0,0,0
1337,8,8,7,6,6,5,6,7,7,7,6,6,5,5,6,6,6,5,5,4,5
1338,7,7,7,7,6,6,7,8,8,8,8,6,5,6,6,6,6,6,5,5,5
1339,3,3,3,3,3,3,3,3,3,3,3,3,3,3,3,3,3,4,3,3,3
1340,0,0,0,0,0,0,0,0,0,0,0,0,0,0,0,0,0,0,0,0,0
1341,0,0,0,0,0,0,0,0,0,0,0,0,0,0,0,0,0,0,0,0,0
1342,1,1,1,2,1,1,1,1,1,1,2,1,1,1,1,1,1,2,1,1,1
1343,5,5,6,4,3,3,4,5,5,6,4,3,3,4,5,5,6,4,3,3,4
1344,0,0,0,0,0,0,0,0,0,0,0,0,0,0,0,0,0,0,0,0,0
1345,0,0,0,0,0,0,0,0,0,0,0,0,0,0,0,0,0,0,0,0,0
1346,3,3,3,2,2,2,2,2,3,3,2,2,2,2,2,3,3,2,2,2,2
1347,2,3,3,3,2,2,2,2,3,3,3,2,2,2,2,3,3,3,2,2,2
1348,0,0,0,0,0,0,0,0,0,0,0,0,0,0,0,0,0,0,0,0,0
1349,0,0,0,0,0,0,0,0,0,0,0,0,0,0,0,0,0,0,0,0,0
1350,0,0,0,0,0,0,0,0,0,0,0,0,0,0,0,0,0,0,0,0,0
1351,0,0,0,0,0,0,0,0,0,0,0,0,0,0,0,0,0,0,0,0,0
1352,0,0,0,0,0,0,0,0,0,0,0,0,0,0,0,0,0,0,1,1,1
1353,0,0,0,0,0,0,0,0,0,0,0,0,0,0,0,0,0,0,0,0,0
1354,0,0,0,0,0,0,0,0,0,0,0,0,0,0,0,0,0,0,0,0,0
1355,0,0,0,0,0,0,0,0,0,0,0,0,0,0,0,0,0,0,0,0,0
1356,0,0,0,0,0,0,0,0,0,0,0,0,0,0,0,0,0,0,0,0,0
1357,0,0,0,0,0,0,0,0,0,0,0,0,0,0,0,0,0,0,0,0,0
1358,0,0,0,0,0,0,0,0,0,0,0,0,0,0,0,0,0,0,0,0,0
1359,0,0,0,0,0,0,0,0,0,0,0,0,0,0,0,0,0,0,0,0,0
1360,87,85,86,72,50,49,69,87,85,86,72,50,49,69,87,85,86,72,50,49,69
1361,0,0,0,0,0,0,0,0,0,0,0,0,0,0,0,0,0,0,0,0,0
1362,0,0,0,0,0,0,0,0,0,0,0,0,0,0,0,0,0,0,0,0,0
1363,0,0,0,0,0,0,0,0,0,0,0,0,0,0,0,0,0,0,0,0,0
1364,5,5,5,5,4,4,4,5,6,5,5,4,4,4,6,6,5,5,4,4,4
1365,2,2,2,2,2,2,2,2,2,3,2,2,2,2,2,3,3,3,2,2,2
1366,1,1,1,1,1,1,1,1,1,1,1,1,1,1,1,1,1,1,1,1,1
1367,2,2,2,2,2,1,2,2,2,2,2,2,1,2,2,2,2,1,1,1,2
1368,0,0,0,0,0,0,0,0,0,0,0,0,0,0,0,0,0,0,0,0,0
1369,5,2,2,3,4,6,5,5,1,2,3,4,6,5,5,1,2,3,4,6,5
1370,0,0,0,0,0,0,0,0,0,0,0,0,0,0,0,0,0,0,0,0,0
1371,0,0,0,0,0,0,0,0,0,0,0,0,0,0,0,0,0,0,0,0,0
1372,11,10,9,10,8,8,7,8,8,8,9,8,8,8,9,9,9,10,9,8,8
1373,13,13,9,11,9,9,12,13,13,9,11,9,9,12,13,13,9,11,9,9,12
1374,1,1,1,1,1,1,1,1,1,1,1,1,1,1,1,1,1,1,1,1,1
1375,3,3,4,2,2,2,2,3,3,4,2,2,2,2,3,3,4,2,2,2,2
1376,0,0,0,0,0,0,0,0,0,0,0,0,0,0,0,0,0,0,0,0,0
1377,0,0,0,0,0,0,0,0,0,0,0,0,0,0,0,0,0,0,0,0,0
1378,1,1,1,1,1,1,1,1,1,1,1,1,1,1,1,1,1,1,1,1,1
1379,3,3,2,2,2,1,2,3,3,2,2,2,1,2,3,3,2,2,2,1,2
1380,1,1,2,1,1,1,1,1,1,2,1,1,1,1,1,1,2,1,1,1,1
1381,2,2,2,3,2,2,2,2,2,2,3,2,2,1,2,2,2,3,2,2,2
1382,1,2,2,2,1,1,1,1,2,2,2,1,1,2,2,2,2,2,1,1,2
1383,11,13,12,11,9,8,8,10,12,12,10,9,8,7,9,10,10,9,8,6,6
1384,8,8,9,7,6,7,7,8,8,9,7,6,7,7,8,8,9,7,6,7,7
1385,0,0,0,0,0,0,0,0,0,0,0,0,0,0,0,0,0,0,0,0,0
1386,0,0,1,3,7,8,9,9,9,9,9,8,4,2,1,0,0,0,0,0,0
1387,0,0,0,0,0,0,0,0,0,0,0,0,0,0,0,0,0,0,0,0,0
1388,0,0,0,0,0,0,0,0,0,0,0,0,0,0,0,0,0,0,0,0,0
1389,2,2,2,3,2,2,2,2,2,2,3,2,2,2,2,2,2,3,2,2,2
1390,3,4,4,4,3,2,3,3,4,5,5,4,4,4,5,6,6,5,4,4,4
1391,6,7,7,6,5,5,5,6,7,7,6,5,5,5,6,7,7,6,5,5,5
1392,8,9,9,8,7,6,6,8,9,9,8,7,7,7,9,10,9,8,7,6,6
1393,0,0,0,0,0,0,0,0,0,0,0,0,0,0,0,0,0,0,0,0,0
1394,0,0,0,0,0,0,0,0,0,0,0,0,0,0,0,0,0,0,0,0,0
1395,4,5,5,5,4,3,4,4,6,6,5,5,4,4,4,5,5,4,4,3,3
1396,7,9,11,9,8,5,4,7,9,11,9,8,5,4,7,9,11,9,8,5,4
1397,0,0,0,0,0,0,0,0,0,0,0,0,0,0,0,0,0,0,0,0,0
1398,0,0,0,0,0,0,0,0,0,0,0,0,0,0,0,0,0,0,0,0,0
1399,0,0,0,0,0,0,0,0,0,0,0,0,0,0,0,0,0,0,0,0,0
1400,8,9,9,8,9,7,8,8,9,9,8,9,7,8,8,9,9,8,9,7,8
1401,0,0,0,0,0,0,0,0,0,0,0,0,0,0,0,0,0,0,0,0,0
1402,9,9,9,8,7,6,7,8,10,10,8,7,5,5,6,6,7,6,6,5,5
1403,21,23,22,20,18,15,15,17,20,21,20,18,15,15,17,20,20,19,18,15,15
1404,27,29,28,24,20,17,18,23,26,27,24,21,18,18,23,25,25,22,19,17,18
1405,6,6,6,6,5,4,5,6,6,7,7,6,5,6,7,7,7,7,5,4,5
1406,1,1,2,2,2,2,2,2,2,2,2,2,2,2,4,4,4,4,3,3,3
1407,0,0,0,0,0,0,0,0,0,0,0,0,0,0,0,0,0,0,0,0,0
1408,0,0,0,0,0,0,0,0,0,0,0,0,0,0,0,0,0,0,0,0,0
1409,0,0,0,0,0,0,0,0,0,0,0,0,0,0,0,0,0,0,0,0,0
1410,0,0,0,0,0,0,0,0,0,0,0,0,0,0,0,0,0,0,0,0,0
1411,0,0,0,0,0,0,0,0,0,0,0,0,0,0,0,0,0,0,0,0,0
1412,0,0,0,0,0,0,0,0,0,0,0,0,0,0,0,0,0,0,0,0,0
1413,0,0,0,0,0,0,0,0,0,0,0,0,0,0,0,0,0,0,0,0,0
1414,0,0,0,0,0,0,0,0,0,0,0,0,0,0,0,0,0,0,0,0,0
1415,36,40,40,39,35,30,31,35,40,40,38,35,30,30,34,38,38,36,33,28,28
1416,9,10,11,10,9,8,7,9,10,11,10,9,8,7,9,10,11,10,9,8,7
1417,26,35,37,32,25,21,21,26,34,37,32,25,21,21,26,34,37,32,25,21,21
1418,1,1,1,1,1,1,0,1,1,1,1,1,1,0,1,1,1,1,1,1,0
1419,0,0,0,0,0,0,0,0,0,0,0,0,0,0,0,0,0,0,0,0,0
1420,0,0,0,0,0,0,0,0,0,0,0,0,0,0,0,0,0,0,0,0,0
1421,6,7,7,6,5,5,5,6,6,7,6,5,5,5,6,6,7,6,5,5,5
1422,3,4,4,3,3,2,2,3,4,4,3,3,2,2,3,4,4,3,3,2,3
1423,1,1,1,1,1,1,1,1,1,1,1,1,1,1,1,1,1,1,1,1,1
1424,1,1,1,1,1,1,1,1,1,1,1,1,1,1,1,1,1,1,1,1,1
1425,4,4,4,4,3,3,3,4,4,4,4,3,3,3,4,4,4,4,3,3,3
1426,3,4,4,4,4,3,3,4,4,5,5,4,3,3,4,5,5,4,4,3,4
1427,2,2,1,1,1,1,1,2,2,1,1,1,1,1,2,2,1,1,1,1,1
1428,0,0,1,0,0,0,0,0,0,1,0,0,0,0,0,0,1,0,0,0,0
1429,3,3,3,3,2,2,2,3,3,3,3,2,2,2,3,3,3,3,2,2,2
1430,25,30,30,30,33,25,24,29,34,34,34,37,28,25,29,32,31,30,33,25,23
1431,2,2,2,2,1,1,1,2,2,2,2,1,1,1,2,2,2,2,1,1,1
1432,16,17,19,17,15,13,14,16,17,16,14,12,11,12,15,17,18,16,14,12,13
1433,5,5,5,4,4,3,4,5,5,5,4,4,3,4,5,5,5,4,4,3,4
1434,0,0,0,0,0,0,0,0,0,0,0,0,0,0,0,0,0,0,0,0,0
1435,0,0,0,0,0,0,0,0,0,0,0,0,0,0,0,0,0,0,0,0,0
1436,0,0,0,0,0,0,0,0,0,0,0,0,0,0,0,0,0,0,0,0,0
1437,0,0,0,0,0,0,0,0,0,0,0,0,0,0,0,0,0,0,0,0,0
1438,0,0,0,0,0,0,0,0,0,0,0,0,0,0,0,0,0,0,0,0,0
1439,1,1,1,1,1,0,0,1,1,1,1,1,0,0,1,1,1,1,0,0,0
1440,0,0,0,0,0,0,0,0,0,0,0,0,0,0,0,0,0,0,0,0,0
1441,0,0,0,0,0,0,0,0,0,0,0,0,0,0,0,0,0,0,0,0,0
1442,0,0,0,0,0,0,0,0,0,0,0,0,0,0,0,0,0,0,0,0,0
1443,0,0,0,0,0,0,0,0,0,0,0,0,0,0,0,0,0,0,0,0,0
1444,0,0,0,0,0,0,0,0,0,0,0,0,0,0,0,0,0,0,0,0,0
1445,0,0,0,0,0,0,0,0,0,0,0,0,0,0,0,0,0,0,0,0,0
1446,0,0,0,0,0,0,0,0,0,0,0,0,0,0,0,0,0,0,0,0,0
1447,0,0,0,0,0,0,0,0,0,0,0,0,0,0,0,0,0,0,0,0,0
1448,0,0,0,0,0,0,0,0,0,0,0,0,0,0,0,0,0,0,0,0,0
1449,0,0,0,0,0,0,0,0,0,0,0,0,0,0,0,0,0,0,0,0,0
1450,0,0,0,0,0,0,0,0,0,0,0,0,0,0,0,0,0,0,0,0,0
1451,0,0,0,0,0,0,0,0,0,0,0,0,0,0,0,0,0,0,0,0,0
1452,1,1,1,1,1,1,1,1,1,1,1,1,1,1,1,1,1,1,1,1,1
1453,1,1,0,0,0,0,2,1,1,0,0,0,0,2,1,1,0,0,0,0,2
1454,6,7,7,6,5,4,5,6,7,7,5,4,4,4,5,4,4,2,2,2,3
1455,0,0,0,0,0,0,0,0,0,0,0,0,0,0,0,0,0,0,0,0,0
1456,0,0,1,1,0,0,0,0,0,1,1,0,0,0,0,0,1,1,0,0,0
1457,24,17,16,14,13,15,21,26,20,18,14,11,11,13,14,7,6,4,3,6,9
1458,7,2,1,1,1,1,1,4,2,2,1,1,1,1,5,3,3,3,3,3,4
1459,2,2,2,3,3,3,3,3,3,2,2,2,2,1,1,1,1,1,2,2,2
1460,3,5,6,8,8,9,10,10,9,9,9,9,10,11,11,10,9,8,6,6,6
1461,3,4,3,3,3,2,2,3,4,3,3,3,2,2,3,4,3,3,3,2,2
1462,0,0,0,0,0,0,0,0,0,0,0,0,0,0,0,0,0,0,0,0,0
1463,1,1,1,1,1,1,1,1,1,1,1,1,1,1,1,1,1,1,1,1,1
1464,0,0,0,0,0,0,0,0,0,0,0,0,0,0,0,0,0,0,0,0,0
1465,0,0,0,0,0,0,0,0,0,0,0,0,0,0,0,0,0,0,0,0,0
1466,18,17,15,13,11,10,12,16,19,20,18,16,14,15,19,20,19,16,13,12,13
1467,1,1,1,1,1,1,1,1,1,1,1,1,1,1,1,1,1,1,1,1,1
1468,3,4,4,4,3,3,2,3,4,4,3,3,3,2,3,4,5,4,4,3,3
1469,0,0,0,0,0,0,0,0,0,0,0,0,0,0,0,0,0,0,0,0,0
1470,0,0,0,0,0,0,0,0,0,0,0,0,0,0,0,0,0,0,0,0,0
1471,0,0,0,0,0,0,0,0,0,0,0,0,0,0,0,0,0,0,0,0,0
1472,0,0,0,0,0,0,0,0,0,0,0,0,0,0,0,0,0,0,0,0,0
1473,0,0,0,0,0,0,0,0,0,0,0,0,0,0,0,0,0,0,0,0,0
1474,0,0,0,0,0,0,0,0,0,0,0,0,0,0,0,0,0,0,0,0,0
1475,0,0,0,0,0,0,0,0,0,0,0,0,0,0,0,0,0,0,0,0,0
1476,0,0,0,0,0,0,0,0,0,0,0,0,0,0,0,0,0,0,0,0,0
1477,5,5,6,6,5,4,5,7,7,7,6,4,4,4,6,6,5,5,4,3,4
1478,0,0,0,0,0,0,0,0,0,0,0,0,0,0,0,0,0,0,0,0,0
1479,2,3,2,3,2,2,2,3,3,3,3,2,2,3,3,3,3,3,3,3,4
1480,5,5,6,5,5,5,5,5,5,7,6,5,5,5,5,5,7,6,5,6,5
1481,21,23,23,21,19,17,18,20,22,22,20,19,17,17,19,21,21,19,18,17,17
1482,49,51,53,52,46,43,43,48,49,50,49,44,42,42,48,49,50,49,44,42,42
1483,18,16,17,17,17,16,17,20,19,19,19,18,18,19,21,19,19,19,17,17,18
1484,1,1,1,1,1,1,1,1,0,0,0,0,0,0,0,0,0,0,0,0,1
1485,1,1,2,1,1,1,1,1,1,2,1,1,1,1,1,1,2,1,1,1,1
1486,0,0,0,0,0,0,0,0,0,0,0,0,0,0,0,0,0,0,0,0,0
1487,10,13,13,20,16,11,6,10,12,12,18,15,11,6,10,13,12,19,15,11,6
1488,1,1,2,1,2,1,1,1,1,2,1,2,1,1,1,1,2,1,2,1,1
1489,0,0,0,0,0,0,0,0,0,0,0,0,0,0,0,0,0,0,0,0,0
1490,67,69,70,68,64,57,58,66,71,72,69,65,56,57,67,71,70,66,61,54,55
1491,10,8,9,9,11,8,8,10,8,9,9,11,8,8,10,8,9,9,11,8,8
1492,50,53,47,47,36,40,40,51,53,47,47,36,40,39,50,52,46,46,35,40,39
1493,0,0,1,0,0,0,0,0,0,1,0,0,0,0,0,0,1,0,0,0,0
1494,0,0,0,0,0,0,0,0,0,0,0,0,0,0,0,0,0,0,0,0,0
1495,0,0,0,0,0,0,0,0,0,0,0,0,0,0,0,0,0,0,0,0,0
1496,10,10,10,8,7,6,7,10,10,10,8,6,5,6,7,7,7,6,5,5,5
1497,1,1,1,1,1,1,1,1,1,1,1,1,1,1,1,1,1,1,1,1,1
1498,0,0,0,0,0,0,0,0,0,0,0,0,0,0,0,0,0,0,0,0,0
1499,0,1,1,0,0,0,0,0,1,1,0,0,0,0,0,1,1,1,0,0,0
1500,5,6,6,6,5,5,5,6,7,6,6,6,6,6,6,7,7,6,6,6,6
1501,1,2,2,2,2,1,1,1,2,2,2,2,1,1,1,2,2,2,2,1,1
1502,8,10,9,9,7,7,7,8,10,9,9,7,6,6,8,10,9,8,7,6,6
1503,1,2,2,2,1,1,1,1,2,2,2,1,1,1,1,2,2,2,1,1,1
1504,1,2,2,2,1,1,1,1,2,2,2,1,1,1,1,2,2,2,1,1,1
1505,0,0,0,0,0,0,0,0,0,0,0,0,0,0,0,0,0,0,0,0,0
1506,13,15,14,14,14,12,12,14,16,15,15,14,11,11,13,14,14,14,13,11,11
1507,0,0,0,0,0,0,0,0,0,0,0,0,0,0,0,0,0,0,0,0,0
1508,1,1,1,1,1,1,0,1,1,1,1,1,1,0,1,1,1,1,1,1,0
1509,1,1,1,1,1,1,1,1,1,1,1,1,1,1,1,1,1,1,1,1,1
1510,4,5,5,4,4,4,3,4,5,5,5,4,4,4,4,5,5,5,4,4,4
1511,1,1,1,2,1,1,1,1,1,1,2,1,1,1,1,1,1,2,1,1,1
1512,1,1,1,1,1,0,0,1,1,1,1,1,0,0,1,1,1,1,1,0,1
1513,4,5,6,6,5,4,4,6,7,7,6,5,4,4,5,6,6,5,4,3,4
1514,3,3,4,3,3,3,3,3,4,4,3,3,3,3,4,4,4,4,3,3,3
1515,1,1,1,1,0,0,1,1,1,1,1,0,0,1,1,1,1,1,0,0,1
1516,4,5,5,4,4,4,4,5,6,5,4,4,4,4,5,5,5,4,4,4,4
1517,3,3,3,3,3,2,2,3,3,3,3,3,3,3,3,3,3,3,2,2,3
1518,7,7,7,6,5,4,5,6,7,8,7,6,5,5,6,7,7,6,5,5,5
1519,1,2,2,2,2,1,1,2,2,2,2,2,2,2,2,2,2,2,2,2,2
1520,5,5,4,3,3,2,2,3,3,3,3,3,2,2,3,4,4,4,4,3,3
1521,4,5,5,4,3,3,3,4,5,5,4,4,3,3,4,5,4,4,3,3,3
1522,0,1,1,1,1,1,1,1,1,1,1,1,1,1,1,1,1,1,1,1,1
1523,2,3,4,3,3,3,2,2,3,4,3,3,3,2,2,3,4,3,3,3,2
1524,0,0,0,0,0,0,0,0,0,0,0,0,0,0,0,0,0,0,0,0,0
1525,0,0,0,0,0,0,0,0,0,0,0,0,0,0,0,0,0,0,0,0,0
1526,0,0,0,0,0,0,0,0,0,0,0,0,0,0,0,0,0,0,0,0,0
1527,0,0,0,0,0,0,0,0,0,0,0,0,0,0,0,0,0,0,0,0,0
1528,0,1,1,1,0,0,1,1,1,1,1,1,1,1,1,1,1,1,1,1,1
1529,0,0,0,0,0,0,0,0,0,0,0,0,0,0,0,0,0,0,0,0,0
1530,0,0,0,0,0,0,0,0,0,0,0,0,0,0,0,0,0,0,0,0,0
1531,8,8,8,7,6,5,5,8,9,10,10,8,7,8,11,12,11,10,8,6,7
1532,5,5,6,5,4,4,4,5,6,6,6,6,5,5,7,8,8,8,7,6,6
1533,0,0,0,0,0,0,0,0,0,0,0,0,0,0,0,0,0,0,0,0,0
1534,1,1,1,1,0,0,0,1,1,1,0,0,0,0,1,1,1,1,1,1,1
1535,10,14,15,19,17,19,16,10,14,15,19,17,19,16,10,14,15,19,17,19,16
1536,63,60,55,51,51,47,53,62,60,56,52,51,48,53,62,59,55,51,50,47,52
1537,0,0,0,0,0,0,0,0,0,0,0,0,0,0,0,0,0,0,0,0,0
1538,0,0,0,0,0,0,0,0,0,0,0,0,0,0,0,0,0,0,0,0,0
1539,0,0,0,0,0,0,0,0,0,0,0,0,0,0,0,0,0,0,0,0,0
1540,1,1,1,1,1,1,1,1,1,1,1,1,1,1,1,1,1,1,1,1,1
1541,0,0,0,0,0,0,0,0,0,0,0,0,0,0,0,0,0,0,0,0,0
1542,2,2,2,2,2,1,2,2,2,2,2,2,1,2,2,2,2,2,2,1,2
1543,0,0,0,0,0,0,0,0,0,0,0,0,0,0,0,0,0,0,0,0,0
1544,73,96,92,87,81,69,60,73,96,92,87,81,69,60,73,96,92,87,81,69,60
1545,0,0,0,0,0,0,0,0,0,0,0,0,0,0,0,0,0,0,0,0,0
1546,0,0,0,0,0,0,0,0,0,0,0,0,0,0,0,0,0,0,0,0,0
1547,0,0,0,0,0,0,0,0,0,0,0,0,0,0,0,0,0,0,0,0,0
1548,2,3,3,3,3,2,2,2,3,3,3,3,2,2,3,3,3,3,3,2,2
1549,4,4,5,5,5,3,3,3,4,5,5,5,3,3,3,4,5,5,5,3,4
1550,0,0,0,0,0,0,0,0,0,0,0,0,0,0,0,0,0,0,0,0,0
1551,0,0,0,0,0,0,1,1,1,1,1,1,1,1,1,1,1,1,1,1,1
1552,0,0,0,0,0,0,0,0,0,0,0,0,0,0,0,0,0,0,0,0,0
1553,0,0,0,0,0,0,0,0,0,0,0,0,0,0,0,0,0,0,0,0,0
1554,0,0,0,0,0,0,0,0,0,0,0,0,0,0,0,0,0,0,0,0,0
1555,3,2,2,7,9,5,2,3,2,2,7,9,5,2,3,2,2,7,9,5,2
1556,3,3,3,3,3,3,3,3,3,3,3,3,3,3,3,3,3,3,3,3,3
1557,11,13,12,10,9,8,9,11,13,12,10,9,8,9,11,13,12,10,9,8,9
1558,24,29,32,30,29,26,21,26,31,33,31,30,26,22,26,31,33,31,29,26,22
1559,9,13,14,13,9,8,7,9,13,14,13,9,8,7,9,13,14,13,9,8,7
1560,26,31,31,30,27,22,21,26,31,31,30,27,22,21,26,31,31,30,27,22,21
1561,10,10,10,9,8,7,7,10,10,10,9,8,7,7,9,10,10,8,8,7,7
1562,5,5,6,5,4,4,4,5,5,6,5,4,4,4,5,5,6,5,4,4,4
1563,1,1,1,1,1,1,1,1,1,1,1,1,1,1,1,0,0,0,0,0,0
1564,6,7,7,7,5,5,5,6,7,7,7,5,5,5,6,7,7,7,5,5,5
1565,0,0,0,0,0,0,0,0,0,0,0,0,0,0,0,0,0,0,0,0,0
1566,0,0,0,0,0,0,0,0,0,0,0,0,0,0,0,0,0,0,0,0,0
1567,0,0,0,0,0,0,0,0,0,0,0,0,0,0,0,0,0,0,0,0,0
1568,33,29,26,25,23,23,28,32,28,25,24,22,22,27,31,27,25,24,22,22,27
1569,17,19,18,16,13,12,14,18,22,21,18,15,13,15,18,20,18,15,12,11,13
1570,0,0,0,0,0,0,0,0,0,0,0,0,0,0,0,0,0,0,0,0,0
1571,0,0,0,0,0,0,0,0,0,0,0,0,0,0,0,0,0,0,0,0,0
1572,0,0,0,0,0,0,0,0,0,0,0,0,0,0,0,0,0,0,0,0,0
1573,0,0,0,0,0,0,0,0,0,0,0,0,0,0,0,0,0,0,0,0,0
1574,6,5,5,5,5,5,5,6,5,5,5,5,5,5,6,5,5,5,5,5,5
1575,20,20,18,17,15,16,17,20,20,18,17,15,16,17,20,20,18,17,15,16,17
1576,0,0,0,0,0,0,0,0,0,0,0,0,0,0,0,0,0,0,0,0,0
1577,1,1,1,1,2,1,1,1,1,1,1,2,1,1,1,1,1,1,2,1,1
1578,13,13,12,12,11,10,12,12,13,12,12,11,10,12,12,13,12,12,11,10,12
1579,0,0,0,0,0,0,0,0,0,0,0,0,0,0,0,0,0,0,0,0,0
1580,5,5,5,4,4,4,4,5,5,5,4,4,4,4,5,5,5,4,4,4,4
1581,3,4,3,3,2,2,3,3,4,4,3,2,2,3,3,4,4,3,2,2,3
1582,0,0,0,0,0,0,0,0,0,0,0,0,0,0,0,0,0,0,0,0,0
1583,0,0,0,0,0,0,0,0,0,0,0,0,0,0,0,0,0,0,0,0,0
1584,17,19,18,16,12,8,9,16,20,19,17,13,8,8,15,18,17,15,12,8,8
1585,11,14,15,14,11,9,10,13,18,21,20,16,13,13,16,18,18,16,12,10,11
1586,11,13,13,14,15,14,14,13,14,12,12,12,11,10,10,11,10,10,11,10,10
1587,4,5,4,6,6,6,5,4,4,4,6,6,6,5,4,4,4,6,6,5,5
1588,1,1,1,1,1,1,1,1,1,1,1,1,1,1,1,1,1,1,1,1,1
1589,0,0,0,0,0,0,0,0,0,0,0,0,0,0,0,0,0,0,0,0,0
1590,0,0,0,0,0,0,0,0,0,0,0,0,0,0,0,0,0,0,0,0,0
1591,0,1,1,1,1,0,0,0,1,1,1,1,0,0,0,1,1,1,1,0,0
1592,0,0,0,0,0,0,0,0,0,0,0,0,0,0,0,0,0,0,0,0,0
1593,0,0,0,0,0,0,0,0,0,0,0,0,0,0,0,0,0,0,0,0,0
1594,0,0,0,0,0,0,0,0,0,0,0,0,0,0,0,0,0,0,0,0,1
1595,0,0,0,0,0,0,0,0,0,0,0,0,0,0,0,0,0,0,0,0,0
1596,0,0,0,0,0,0,0,0,0,0,0,0,0,0,0,0,0,0,0,0,0
1597,0,0,0,0,0,0,0,0,0,0,0,0,0,0,0,0,0,0,0,0,0
1598,6,7,7,6,5,4,5,7,8,9,8,6,5,5,7,7,7,6,5,5,5
1599,2,2,2,2,2,1,2,2,2,2,2,2,1,2,2,2,2,2,2,1,2
1600,3,3,3,3,3,2,2,3,3,3,3,2,2,2,3,3,3,3,2,2,2
1601,2,3,3,3,3,2,2,3,3,3,3,3,2,2,3,3,3,3,3,2,2
1602,4,4,3,3,2,3,3,4,4,3,3,2,3,3,3,3,3,3,2,2,3
1603,1,1,1,1,1,1,1,1,1,1,1,1,1,1,1,1,1,1,1,1,1
1604,9,11,11,9,7,6,7,9,11,11,9,7,6,7,8,10,11,9,7,6,7
1605,7,7,6,5,4,4,5,6,6,6,5,4,4,4,5,6,5,5,4,4,5
1606,1,2,2,1,1,1,1,1,2,2,1,1,1,1,1,2,2,1,1,1,1
1607,277,293,299,260,223,215,223,277,301,306,266,228,218,226,282,305,309,265,225,216,226
1608,21,21,19,16,15,13,15,18,20,20,17,16,13,14,17,19,19,16,15,13,15
1609,16,14,12,9,8,7,8,10,9,9,8,8,7,8,10,9,8,7,7,7,8
1610,0,0,0,0,0,0,0,0,0,0,0,0,0,0,0,0,0,0,0,0,0
1611,6,7,7,7,6,6,6,6,7,7,7,6,6,6,6,7,7,7,6,6,6
1612,1,1,0,0,1,1,1,1,1,0,0,1,1,1,1,1,0,0,1,1,1
1613,8,10,9,7,7,6,6,8,10,9,7,7,6,6,8,9,8,6,7,6,6
1614,0,0,0,0,0,0,0,0,0,0,0,0,0,0,0,0,0,0,0,0,0
1615,9,9,8,7,7,6,6,8,8,8,7,6,5,6,7,7,7,6,6,5,6
1616,5,5,5,4,4,4,4,5,5,5,4,4,4,4,5,6,6,5,4,4,5
1617,0,0,0,0,0,0,0,0,0,0,0,0,0,0,0,0,0,0,0,0,0
1618,8,9,8,8,8,7,7,8,9,8,8,8,7,7,8,9,8,8,8,7,7
1619,0,0,0,0,0,0,0,0,0,0,0,0,0,0,0,0,0,0,0,0,0
1620,0,0,0,0,0,0,0,0,0,0,0,0,0,0,0,0,0,0,0,0,0
1621,0,0,0,0,0,0,0,0,0,0,0,0,0,0,0,0,0,0,0,0,0
1622,0,0,0,0,0,0,0,0,0,0,0,0,0,0,0,0,0,0,0,0,0
1623,0,0,0,0,0,0,0,0,0,0,0,0,0,0,0,0,0,0,0,0,0
1624,5,5,6,6,5,4,4,5,5,5,5,5,4,4,5,5,5,5,5,4,4
1625,0,0,0,0,0,0,0,0,0,0,0,0,0,0,0,0,0,0,0,0,0
1626,4,3,2,0,0,0,2,4,3,2,0,0,0,2,4,3,2,0,0,0,2
1627,0,0,0,0,0,0,0,0,0,0,0,0,0,0,0,0,0,0,0,0,0
1628,0,0,0,0,0,0,0,0,0,0,0,0,0,0,0,0,0,0,0,0,0
1629,3,4,4,3,2,1,1,3,3,4,3,2,1,1,3,4,4,3,2,2,2
1630,0,0,0,0,0,0,0,0,0,0,0,0,0,0,0,0,0,0,0,0,0
1631,12,16,18,10,9,7,7,13,18,20,12,10,8,8,13,17,17,9,9,7,7
1632,3,4,4,4,3,2,2,3,4,4,4,3,2,2,3,4,4,4,3,3,2
1633,0,0,0,0,0,0,0,0,0,0,0,0,0,0,0,0,0,0,0,0,0
1634,0,0,0,0,0,0,0,0,0,0,0,0,0,0,0,0,0,0,0,0,0
1635,0,0,0,0,0,0,0,0,0,0,0,0,0,0,0,0,0,0,0,0,0
1636,3,3,4,4,3,3,3,3,4,4,5,4,3,3,4,5,5,4,4,3,4
1637,0,0,0,0,0,0,0,0,0,0,0,0,0,0,0,0,0,0,0,0,0
1638,4,3,4,3,3,4,4,4,3,4,3,3,4,4,4,3,4,3,3,4,4
1639,2,2,4,4,4,3,2,2,2,4,4,4,3,2,2,2,4,4,4,3,2
1640,0,0,0,0,0,0,0,0,0,0,0,0,0,0,0,0,0,0,0,0,0
1641,0,0,0,0,0,0,0,0,0,0,0,0,0,0,0,0,0,0,0,0,0
1642,3,3,3,3,2,1,2,2,3,3,3,2,2,2,2,3,3,3,2,2,2
1643,10,10,10,8,7,6,6,9,10,10,9,7,6,7,9,10,11,10,8,7,8
1644,0,0,0,0,0,0,0,0,0,0,0,0,0,0,0,0,0,0,0,0,0
1645,0,0,0,0,0,0,0,0,0,0,0,0,0,0,0,0,0,0,0,0,0
1646,0,0,0,0,0,0,0,0,0,0,0,0,0,0,0,0,0,0,0,0,0
1647,0,0,0,0,0,0,0,0,0,0,0,0,0,0,0,0,0,0,0,0,0
1648,0,0,0,0,0,0,0,0,0,0,0,0,0,0,0,0,0,0,0,0,0
1649,0,0,0,0,0,0,0,0,0,0,0,0,0,0,0,0,0,0,0,0,0
1650,0,0,0,0,0,0,0,0,0,0,0,0,0,0,0,0,0,0,0,0,0
1651,0,0,0,0,0,0,0,0,0,0,0,0,0,0,0,0,0,0,0,0,0
1652,0,0,0,0,0,0,0,0,0,0,0,0,0,0,0,0,0,0,0,0,0
1653,0,0,0,0,0,0,0,0,0,0,0,0,0,0,0,0,0,0,0,0,0
1654,0,0,0,0,0,0,0,0,0,0,0,0,0,0,0,0,0,0,0,0,0
1655,0,0,0,0,0,0,0,0,0,0,0,0,0,0,0,0,0,0,0,0,0
1656,0,0,0,0,0,0,0,0,0,0,0,0,0,0,0,0,0,0,0,0,0
1657,42,39,40,32,35,36,41,42,39,40,32,35,36,41,42,39,40,32,35,36,41
1658,1,2,2,2,2,1,1,1,2,2,2,2,1,1,1,2,2,2,2,1,1
1659,0,0,1,1,1,1,1,1,1,1,1,1,1,1,1,1,1,1,1,1,1
1660,0,0,0,0,0,0,0,0,0,0,0,0,0,0,0,0,0,0,0,0,0
1661,0,0,0,0,0,0,0,0,0,0,0,0,0,0,0,0,0,0,0,0,0
1662,0,0,0,1,0,0,0,0,0,0,1,0,0,0,0,0,0,1,0,0,0
1663,12,13,12,11,10,9,9,11,12,12,11,10,9,9,11,12,12,11,10,9,9
1664,8,9,9,8,7,6,6,7,9,9,8,7,6,5,7,9,9,8,7,6,5
1665,5,5,5,5,4,5,4,5,5,5,5,5,5,4,5,5,5,5,4,5,4
1666,6,6,6,5,4,4,4,5,5,5,4,3,3,3,4,5,4,4,3,3,3
1667,2,2,3,2,1,1,1,2,2,3,2,1,1,1,2,2,3,2,1,1,1
1668,1,1,1,1,0,1,1,1,1,1,1,0,1,1,1,1,1,1,0,1,1
1669,13,14,14,13,11,10,11,14,15,16,15,12,10,9,11,12,13,12,11,10,10
1670,13,14,14,14,12,10,10,13,14,14,14,12,10,10,13,14,14,14,12,10,10
1671,1,1,1,1,1,1,1,1,1,1,1,1,1,1,1,1,1,1,1,1,1
1672,1,1,1,1,1,1,1,1,1,1,1,1,1,1,1,1,1,1,1,1,1
1673,2,1,2,2,1,1,2,2,2,2,2,1,1,2,2,1,2,2,1,1,2
1674,30,32,30,26,22,19,21,27,30,29,24,20,17,18,24,27,27,22,19,16,17
1675,3,3,3,2,2,2,2,2,3,2,2,2,2,2,2,3,2,2,2,2,2
1676,12,13,13,13,12,10,10,12,13,13,13,12,10,10,12,13,13,13,12,10,10
1677,2,2,2,2,2,1,1,2,2,2,2,2,1,1,2,2,2,2,2,1,1
1678,6,6,6,5,4,4,4,4,5,5,5,4,4,4,4,5,5,5,4,4,4
1679,0,0,0,0,0,0,0,0,0,0,0,0,0,0,0,0,0,0,0,0,0
1680,5,5,5,4,4,4,3,4,4,4,4,4,4,4,4,4,4,4,4,4,4
1681,3,3,4,3,3,2,2,3,3,4,3,3,2,2,3,3,4,3,3,2,2
1682,0,0,0,0,0,0,0,0,0,0,0,0,0,0,0,0,0,0,0,0,0
1683,1,1,1,2,1,1,1,1,1,1,2,1,1,1,1,1,1,2,1,1,1
1684,0,0,0,0,0,0,0,0,0,0,0,0,0,0,0,0,0,0,0,0,0
1685,0,0,0,0,0,0,0,0,1,1,1,0,0,0,1,1,1,1,0,0,0
1686,3,4,4,3,3,3,3,3,4,4,3,3,3,3,3,4,4,3,3,3,3
1687,0,0,0,0,0,0,0,0,0,0,0,0,0,0,0,0,0,0,0,0,0
1688,7,8,7,6,6,5,6,7,8,7,6,6,5,6,8,9,7,7,6,6,7
1689,5,5,6,6,5,3,3,5,5,6,6,5,3,3,5,5,6,6,5,3,3
1690,2,2,2,2,2,1,1,2,2,2,2,2,1,1,2,2,2,2,2,1,1
1691,16,20,21,19,14,12,10,17,24,28,25,19,17,14,19,22,23,20,15,13,11
1692,1,2,2,2,2,1,1,1,2,2,2,2,1,1,1,2,2,2,2,1,1
1693,2,2,2,2,2,2,2,2,2,2,2,2,2,2,2,2,2,2,2,2,2
1694,1,1,1,1,1,1,1,1,1,1,1,1,1,1,1,1,1,1,1,1,1
1695,4,3,4,3,3,2,3,4,3,4,3,3,2,3,4,3,4,3,3,2,3
1696,1,1,1,1,1,1,1,1,1,1,1,1,1,1,1,1,1,1,1,1,1
1697,3,3,3,3,3,2,2,3,3,3,3,3,2,2,3,3,3,3,3,2,2
1698,2,1,2,1,1,1,1,2,1,2,1,1,1,1,2,2,2,1,1,1,1
1699,1,1,0,1,0,0,0,1,1,0,1,0,0,0,1,1,0,1,0,0,1
1700,0,0,0,0,0,0,0,0,0,0,0,0,0,0,0,0,0,0,0,0,0
1701,35,39,39,37,32,26,28,34,38,37,34,31,26,28,35,40,39,36,32,27,29
1702,2,3,2,2,2,2,2,2,3,2,2,2,2,2,2,3,2,2,2,2,2
1703,2,3,3,3,2,2,2,2,3,3,3,2,2,2,2,3,3,3,2,2,2
1704,1,1,1,1,1,1,1,1,1,1,1,1,1,1,1,1,1,1,1,1,1
1705,4,5,5,5,4,3,3,4,5,6,5,4,3,3,4,5,5,4,4,3,3
1706,29,33,33,28,22,21,22,31,37,37,34,28,26,27,35,38,36,30,24,23,24
1707,164,188,188,170,146,121,137,168,190,186,165,141,116,130,161,185,183,165,142,118,134
1708,6,8,7,6,5,4,4,6,7,7,7,6,5,5,7,9,8,7,7,6,6
1709,3,3,4,3,3,2,2,3,3,4,3,3,2,2,3,3,4,3,3,2,2
1710,6,5,5,5,4,4,3,5,5,5,5,4,3,3,5,5,5,5,4,4,3
1711,0,0,0,0,0,0,0,0,0,0,0,0,0,0,0,0,0,0,0,0,0
1712,16,19,20,19,16,13,14,16,17,17,16,13,12,13,18,22,22,19,16,14,14
1713,4,3,3,2,2,2,2,3,3,3,2,2,1,2,3,3,2,2,2,1,2
1714,1,1,1,1,1,1,1,1,1,2,1,1,1,1,1,1,2,1,1,1,1
1715,1,1,1,1,1,1,1,1,1,1,1,1,1,1,1,1,1,1,1,1,1
1716,0,0,0,0,0,0,0,0,0,0,0,0,0,0,0,0,0,0,0,0,0
1717,10,10,10,11,10,8,8,9,9,10,10,10,8,7,9,9,10,10,10,8,8
1718,0,0,0,0,0,0,0,0,0,0,0,0,0,0,0,0,0,0,0,0,0
1719,0,0,0,0,0,0,0,0,0,0,0,0,0,0,0,0,0,0,0,0,0
1720,2,3,3,3,2,2,2,2,3,3,3,2,2,2,2,3,3,3,2,2,2
1721,0,0,0,0,0,0,0,0,0,0,0,0,0,0,0,0,0,0,0,0,0
1722,1,1,2,1,1,1,1,1,1,2,1,1,1,1,1,1,2,1,1,1,1
1723,1,1,1,1,1,1,1,1,1,1,1,1,1,1,1,1,1,1,1,1,1
1724,24,28,28,24,21,18,19,24,29,30,28,25,22,22,28,32,31,27,23,20,22
1725,32,34,29,24,20,18,20,29,36,37,34,30,26,28,38,42,40,34,28,24,26
1726,0,0,0,0,0,0,0,0,0,0,0,0,0,0,0,0,0,0,0,0,0
1727,12,14,13,13,11,8,9,12,13,12,11,10,8,8,12,14,14,13,11,9,9
1728,0,0,0,0,0,0,0,0,0,0,0,0,0,0,0,0,0,0,0,0,0
1729,2,3,2,2,2,2,2,2,3,2,2,2,2,2,2,3,2,3,2,2,2
1730,11,13,13,11,9,8,8,11,13,13,11,9,8,8,11,13,13,11,9,8,8
1731,59,62,59,51,44,39,42,53,60,63,55,48,42,44,53,58,58,50,44,39,41
1732,1,2,2,2,2,1,1,1,2,2,2,2,1,1,1,2,2,2,2,1,1
1733,2,3,3,3,3,2,2,2,3,3,3,3,2,2,2,3,3,3,3,2,2
1734,3,3,3,3,2,2,2,3,3,3,3,2,2,2,3,3,3,3,2,2,2
1735,0,0,0,0,0,0,0,0,0,0,0,0,0,0,0,0,0,0,0,0,0
1736,3,3,3,3,3,2,3,3,3,3,3,3,2,3,3,3,3,3,3,2,3
1737,1,1,1,1,1,0,0,1,1,1,1,1,0,0,1,1,1,1,1,0,0
1738,2,2,3,2,2,2,2,2,2,2,2,2,2,2,2,2,2,2,2,2,2
1739,2,2,2,2,1,1,2,2,2,2,2,1,1,2,2,2,2,2,1,1,2
1740,19,18,19,17,16,12,13,16,17,19,17,15,11,12,14,14,17,16,14,11,12
1741,0,0,0,0,0,0,0,0,0,0,0,0,0,0,0,0,0,0,0,0,0
1742,14,15,15,14,12,10,10,13,14,14,13,11,10,10,13,14,15,13,12,10,10
1743,13,16,19,19,16,14,13,14,16,18,17,15,13,12,15,19,21,20,17,14,13
1744,3,3,3,2,2,2,2,3,3,3,2,2,2,2,3,3,3,2,2,2,3
1745,0,0,0,0,0,0,0,0,0,0,0,0,0,0,0,0,0,0,0,0,0
1746,4,4,5,5,5,4,3,4,4,4,5,4,4,3,4,4,4,4,4,4,3
1747,11,13,13,12,9,8,8,10,12,12,11,9,8,8,11,13,13,11,9,8,8
1748,8,8,8,6,5,5,6,8,8,8,6,5,5,6,8,8,8,6,5,5,6
1749,2,2,2,2,2,1,2,2,2,2,2,2,1,1,2,2,2,2,2,1,2
1750,2,3,3,2,2,2,2,2,3,3,2,2,2,2,2,3,3,2,2,2,2
1751,9,11,12,11,9,7,8,9,10,11,10,9,8,9,13,15,15,14,12,10,11
1752,0,0,0,0,0,0,0,0,0,0,0,0,0,0,0,0,0,0,0,0,0
1753,15,22,24,23,18,11,12,17,23,24,22,18,11,12,19,27,28,25,20,14,14
1754,13,16,17,16,14,11,12,14,14,13,12,10,8,9,12,14,14,14,11,9,10
1755,3,4,5,4,4,3,3,3,4,5,4,4,3,3,3,4,5,4,4,3,3
1756,1,1,1,1,1,0,0,1,1,1,1,1,0,0,1,1,1,1,1,0,1
1757,2,2,2,2,2,1,2,2,2,3,2,2,2,2,2,2,2,2,2,1,2
1758,4,6,5,5,5,3,3,4,6,5,5,5,3,3,4,6,5,5,5,3,4
1759,5,5,5,4,4,4,4,5,5,5,4,4,4,4,5,5,5,4,4,4,4
1760,1,1,1,1,1,1,1,1,1,1,1,1,1,1,1,1,1,1,1,1,1
1761,9,9,11,11,13,12,11,8,9,11,11,13,12,11,8,9,11,11,13,12,11
1762,21,23,27,26,24,20,21,24,26,29,27,24,20,22,25,25,28,25,23,19,20
1763,1,1,1,1,1,1,1,1,1,1,1,1,1,1,1,1,1,1,1,1,1
1764,3,3,2,2,2,2,2,3,3,2,2,2,2,2,3,3,2,2,2,2,2
1765,1,1,1,1,1,1,1,1,1,1,1,1,1,1,2,2,2,2,2,2,2
1766,0,0,0,0,0,0,0,0,0,0,0,0,0,0,0,0,0,0,0,0,0
1767,10,10,8,8,7,6,7,8,8,8,8,7,6,7,8,9,9,9,8,7,9
1768,3,4,4,3,2,2,3,4,6,6,5,4,4,4,6,7,6,4,3,4,4
1769,2,2,2,2,1,1,2,2,2,2,2,2,1,2,2,2,2,1,1,1,2
1770,2,2,1,1,1,1,1,2,2,2,1,1,1,2,2,2,2,1,1,1,2
1771,0,0,0,0,0,0,0,0,0,0,0,0,0,0,0,0,0,0,0,0,0
1772,0,0,0,0,0,0,0,0,0,0,0,0,0,0,0,0,0,0,0,0,0
1773,1,1,1,1,1,1,1,1,1,1,1,1,1,1,1,1,1,1,1,1,1
1774,1,1,1,1,1,1,1,1,1,1,1,1,1,1,1,1,1,1,1,1,1
1775,0,1,1,1,1,0,0,0,1,1,1,1,0,0,0,1,1,1,1,0,0
1776,1,1,1,2,2,2,2,1,1,1,2,2,2,2,1,1,1,2,2,2,2
1777,0,0,0,0,0,0,0,0,0,0,0,0,0,0,0,0,0,0,0,0,0
1778,0,0,0,0,0,0,0,0,0,0,0,0,0,0,0,0,0,0,0,0,0
1779,0,0,0,0,0,0,0,0,0,0,0,0,0,0,0,0,0,0,0,0,0
1780,0,0,0,0,0,0,0,0,0,0,0,0,0,0,0,0,0,0,0,0,0
1781,0,0,0,0,0,0,0,0,0,0,0,0,0,0,0,0,0,0,0,0,0
1782,0,0,0,0,0,0,0,0,0,0,0,0,0,0,0,0,0,0,0,0,0
1783,1,1,1,1,0,1,1,1,1,1,1,0,1,1,1,1,1,1,0,1,1
1784,0,0,0,0,0,0,0,0,0,0,0,0,0,0,0,0,0,0,0,0,0
1785,0,0,0,0,0,0,0,0,0,0,0,0,0,0,0,0,0,0,0,0,0
1786,0,0,0,0,0,0,0,0,0,0,0,0,0,0,0,0,0,0,0,0,0
1787,0,0,0,0,0,0,0,0,0,0,0,0,0,0,0,0,0,0,0,0,0
1788,0,0,0,0,0,0,0,0,0,0,0,0,0,0,0,0,0,0,0,0,0
1789,0,0,0,0,0,0,0,0,0,0,0,0,0,0,0,0,0,0,0,0,0
1790,0,0,0,0,0,0,0,0,0,0,1,1,1,1,1,1,1,1,1,1,1
1791,0,0,0,0,0,0,0,0,0,0,0,0,0,0,0,0,0,0,0,0,0
1792,0,0,0,0,0,0,0,0,0,0,0,0,0,0,0,0,0,0,0,0,0
1793,0,0,0,0,0,0,0,0,0,0,0,0,0,0,0,0,0,0,0,0,0
1794,0,0,1,1,1,0,0,0,0,1,1,1,0,0,0,0,1,1,1,0,0
1795,0,0,0,0,0,0,0,0,0,0,0,0,0,0,0,0,0,0,0,0,0
1796,0,0,0,0,0,0,0,0,0,0,0,0,0,0,0,0,0,0,0,0,0
1797,0,0,0,0,0,0,0,0,0,0,0,0,0,0,0,0,0,0,0,0,0
1798,0,0,0,0,0,0,0,0,0,0,0,0,0,0,0,0,0,0,0,0,0
1799,0,0,0,0,0,0,0,0,0,0,0,0,0,0,0,0,0,0,0,0,0
1800,0,0,0,0,0,0,0,0,0,0,0,0,0,0,0,0,0,0,0,0,0
1801,0,0,0,0,0,0,0,0,0,0,0,0,0,0,0,0,0,0,0,0,0
1802,0,0,0,0,0,0,0,0,0,0,0,0,0,0,0,0,0,0,0,0,0
1803,0,0,0,0,0,0,0,0,0,0,0,0,0,0,0,0,0,0,0,0,0
1804,0,0,0,0,0,0,0,0,0,0,0,0,0,0,0,0,0,0,0,0,0
1805,0,0,0,0,0,0,0,0,0,0,0,0,0,0,0,0,0,0,0,0,0
1806,0,0,0,0,0,0,0,0,0,0,0,0,0,0,0,0,0,0,0,0,0
1807,0,0,0,0,0,0,0,0,0,0,0,0,0,0,0,0,0,0,0,0,0
1808,0,0,0,0,0,0,0,0,0,0,0,1,1,1,1,1,1,1,1,1,1
1809,0,0,0,0,0,0,0,0,0,0,0,0,0,0,0,0,0,0,0,0,0
1810,0,0,0,0,0,0,0,0,0,0,0,0,0,0,0,0,0,0,0,0,0
1811,0,0,0,0,0,0,0,0,0,0,0,0,0,0,0,0,0,0,0,0,0
1812,0,0,0,0,0,0,0,0,0,0,0,0,0,0,0,0,0,0,0,0,0
1813,0,0,0,0,0,0,0,0,0,0,0,0,0,0,0,0,0,0,0,0,0
1814,0,0,0,0,0,0,0,0,0,0,0,0,0,0,0,0,0,0,0,0,0
1815,0,0,0,0,0,0,0,0,0,0,0,0,0,0,0,0,0,0,0,0,0
1816,0,0,0,0,0,0,0,0,0,0,0,0,0,0,0,0,0,0,0,0,0
1817,0,0,0,0,0,0,0,0,0,0,0,0,0,0,0,0,0,0,0,0,0
1818,3,2,1,1,1,1,1,1,1,1,1,1,1,1,1,1,1,1,1,1,1
1819,0,0,0,0,0,0,0,0,0,0,0,0,0,0,0,0,0,0,0,0,0
1820,0,0,0,0,0,0,0,0,0,0,0,0,0,0,1,1,1,1,1,1,1
1821,0,0,0,0,0,0,0,0,0,0,0,0,0,0,0,0,0,0,0,0,0
1822,10,12,16,13,10,8,7,10,12,15,12,10,8,7,11,13,17,13,11,9,8
1823,18,16,16,16,11,14,16,21,20,20,20,14,16,19,22,20,19,18,13,14,16
1824,8,9,9,9,8,7,8,10,12,12,11,10,8,9,11,12,12,10,9,8,8
1825,9,8,8,7,5,4,5,6,6,7,6,4,3,4,6,6,6,5,4,3,4
1826,2,2,2,2,2,1,2,2,2,2,2,2,1,2,2,2,2,2,1,1,2
1827,13,19,21,19,15,8,10,13,19,21,19,15,8,10,13,20,21,19,15,9,10
1828,2,2,2,2,2,2,2,2,2,2,2,2,1,2,2,2,2,2,2,1,2
1829,16,19,21,22,22,17,13,16,19,21,22,22,17,13,16,19,21,22,22,17,13
1830,31,34,39,38,33,29,29,33,39,45,45,38,33,33,40,48,52,49,43,38,39
1831,74,138,103,91,73,60,60,75,141,106,95,78,65,67,82,146,109,96,78,65,67
1832,28,26,24,21,18,17,18,20,22,22,19,16,14,15,17,18,18,16,13,12,13
1833,29,37,44,38,29,22,23,29,37,43,38,29,22,23,30,38,43,38,29,22,23
1834,15,21,22,22,15,14,14,17,24,23,23,16,15,13,17,23,22,21,14,14,12
1835,8,10,11,12,10,8,7,8,10,11,12,10,8,7,8,10,11,12,10,8,7
1836,6,6,8,7,7,6,6,6,6,8,7,7,6,6,6,6,8,7,7,6,6
1837,13,14,22,25,17,14,9,12,14,22,25,17,14,9,12,14,22,25,17,14,9
1838,29,37,33,30,27,24,25,29,37,32,30,26,23,24,28,36,32,29,26,23,24
1839,5,7,9,9,7,3,3,5,7,9,9,7,3,3,5,7,9,9,7,3,3
1840,1,1,2,2,2,1,1,1,1,2,2,2,1,1,1,1,2,2,2,1,1
1841,8,8,9,8,8,7,6,7,7,8,8,8,7,7,8,9,10,9,9,8,7
1842,4,4,4,3,3,2,3,4,4,3,3,2,2,2,4,4,3,3,2,2,3
1843,4,4,4,4,3,3,4,4,4,4,4,3,3,4,4,4,4,4,3,3,4
1844,0,0,0,0,0,0,0,0,0,0,0,0,0,0,0,0,0,0,0,0,0
1845,1,0,1,0,1,1,0,1,0,1,0,1,1,0,1,0,1,0,1,1,0
1846,3,2,3,2,2,1,2,3,2,3,2,2,1,2,3,2,3,2,2,1,2
1847,0,0,0,0,0,0,0,0,0,0,0,0,0,0,0,0,0,0,0,0,0
1848,4,3,4,3,2,2,2,4,3,4,3,2,2,2,4,3,4,3,2,2,2
1849,2,2,3,2,2,1,2,2,3,3,3,2,2,2,4,5,4,4,3,2,3
1850,1,1,1,1,1,1,1,1,1,1,1,1,1,1,1,1,1,1,1,1,1
1851,0,0,0,0,0,0,0,0,0,0,0,0,0,0,0,0,0,0,0,0,0
1852,1,1,1,1,1,1,1,1,1,1,1,1,1,1,1,1,1,1,1,1,1
1853,4,4,4,3,3,2,3,3,4,4,4,3,3,3,5,6,6,5,4,4,4
1854,0,0,0,0,0,0,0,0,0,0,0,0,0,0,0,0,0,0,0,0,0
1855,0,0,0,0,0,0,0,0,0,0,0,0,0,0,0,0,0,0,0,0,0
1856,0,0,0,0,0,0,0,0,0,0,0,0,0,0,0,0,0,0,0,0,0
1857,0,0,0,0,0,0,0,0,0,0,0,0,0,0,0,0,0,0,0,0,0
1858,9,10,11,11,10,7,6,8,11,12,12,10,8,6,8,10,11,12,10,8,7
1859,5,6,7,7,6,4,4,5,6,7,7,6,4,4,4,6,7,7,6,5,4
1860,10,12,12,12,13,12,11,11,12,12,12,13,13,11,11,12,12,12,13,13,11
1861,2,3,6,9,8,5,2,2,3,6,9,8,5,2,2,3,6,9,8,5,2
1862,5,7,6,5,5,3,3,4,7,6,5,5,3,3,4,7,6,5,6,3,3
1863,3,4,4,3,3,2,2,3,3,4,3,3,2,2,3,3,3,3,3,2,2
1864,0,0,0,0,1,0,0,0,0,1,1,1,0,0,0,0,1,1,1,1,0
1865,13,13,12,11,10,8,8,10,12,14,13,11,9,8,9,10,12,12,11,10,10
1866,1,1,1,1,1,1,1,1,1,1,1,2,1,1,1,1,1,1,2,1,1
1867,3,3,3,2,2,3,2,3,3,3,2,2,3,2,3,3,3,2,2,3,2
1868,5,6,6,5,5,5,5,5,6,6,5,5,5,5,5,6,6,6,5,5,5
1869,1,1,2,2,1,1,1,1,1,2,2,1,1,1,1,1,2,2,1,1,1
1870,0,0,1,1,0,1,1,0,0,1,1,0,1,1,0,0,1,1,0,1,1
1871,0,0,0,0,0,0,0,0,0,0,0,0,0,0,0,0,0,0,0,0,0
1872,1,1,1,1,1,1,1,1,1,1,1,1,1,1,1,1,1,1,1,1,1
1873,0,0,0,0,0,0,0,0,0,0,0,0,0,0,0,0,0,0,0,0,0
1874,0,0,0,0,0,0,0,0,0,0,0,0,0,0,0,0,0,0,0,0,0
1875,0,0,0,0,0,0,0,0,0,0,0,0,0,0,0,0,0,0,0,0,0
1876,0,0,0,0,0,0,0,0,0,0,0,0,0,0,0,0,0,0,0,0,0
1877,0,0,0,0,0,0,0,0,0,0,0,0,0,0,0,0,0,0,0,0,0
1878,0,0,0,0,0,0,0,0,0,0,0,0,0,0,0,0,0,0,0,0,0
1879,1,1,1,1,1,1,1,1,1,1,1,1,1,1,1,1,1,1,1,1,1
1880,0,0,0,0,0,0,0,0,0,0,0,0,0,0,0,0,0,0,0,0,0
1881,0,0,0,1,1,0,0,0,0,0,1,1,0,0,0,0,0,1,1,0,0
1882,0,0,0,0,0,0,0,0,0,0,0,0,0,0,0,0,0,0,0,0,0
1883,0,0,0,0,0,0,0,0,0,0,0,0,0,0,0,0,0,0,0,0,0
1884,0,0,0,0,0,0,0,0,0,0,0,0,0,0,0,0,0,0,0,0,0
1885,1,1,1,1,1,1,1,1,1,1,1,1,1,1,1,1,1,1,1,1,1
1886,0,0,0,0,0,0,0,0,0,0,0,0,0,0,0,0,0,0,0,0,0
1887,0,0,0,0,0,0,0,0,0,0,0,0,0,0,0,0,0,0,0,0,0
1888,0,0,0,0,1,0,0,0,1,1,1,1,0,0,1,1,1,1,1,0,0
1889,1,0,1,0,0,0,0,1,0,1,0,0,0,0,1,0,1,0,0,0,0
1890,0,0,0,0,0,0,0,0,0,0,0,0,0,0,0,0,0,0,0,0,0
1891,0,0,0,0,0,0,0,0,0,0,0,0,0,0,0,0,0,0,0,0,0
1892,17,19,19,20,20,18,16,17,19,19,20,19,18,15,17,19,19,20,19,18,15
1893,1,1,1,1,1,1,0,1,1,1,1,1,1,0,1,1,1,1,1,1,0
1894,38,46,52,51,43,32,32,42,51,55,52,43,31,29,37,44,47,45,38,28,28
1895,46,51,51,48,42,34,32,42,54,59,56,48,38,36,44,52,53,48,41,33,30
1896,5,5,10,12,11,9,5,5,5,10,12,11,9,5,5,5,10,12,11,9,5
1897,31,45,55,52,54,38,32,33,49,60,58,60,42,35,35,47,55,51,53,37,31
1898,1,2,2,2,2,1,1,1,2,2,2,2,1,1,1,2,2,2,2,1,1
1899,9,12,12,13,10,7,6,9,11,12,13,11,8,6,9,12,12,13,11,8,6
1900,3,4,4,6,5,2,2,3,4,4,6,5,2,2,3,4,4,6,5,2,2
1901,23,25,27,29,22,20,17,20,22,25,27,21,19,17,20,23,26,29,22,20,17
1902,21,28,35,35,28,19,12,18,27,36,36,30,20,13,19,27,33,32,27,18,12
1903,7,9,13,12,11,10,8,7,9,13,12,11,10,8,7,9,13,12,11,10,8
1904,4,6,6,5,4,3,3,4,6,6,5,4,3,3,4,6,6,5,4,3,3
1905,0,0,0,0,0,0,0,0,0,0,0,0,0,0,0,0,0,0,0,0,0
1906,0,0,0,0,0,0,0,0,0,0,0,0,0,0,0,0,0,0,0,0,0
1907,3,3,4,3,3,2,3,3,4,4,3,3,2,3,4,4,4,3,3,3,3
1908,1,1,1,1,1,1,1,1,1,1,1,1,1,1,1,1,1,1,1,1,1
1909,2,2,2,1,1,2,1,2,2,2,1,1,1,1,2,2,2,1,1,2,1
1910,1,1,1,1,1,1,1,1,1,1,1,1,1,1,1,1,1,1,1,1,1
1911,0,0,1,1,1,0,0,0,0,1,1,1,0,0,0,0,1,1,1,0,0
1912,0,0,0,0,0,0,0,0,0,0,0,0,0,0,0,0,0,0,0,0,0
1913,0,0,0,0,0,0,0,0,0,0,0,0,0,0,0,0,0,0,0,0,0
1914,0,0,0,0,0,0,0,0,0,0,0,0,0,0,0,0,0,0,0,0,0
1915,0,0,0,0,0,0,0,0,0,0,0,0,0,0,0,0,0,0,0,0,0
1916,0,0,0,0,0,0,0,0,0,0,0,0,0,0,0,0,0,0,0,0,0
1917,0,0,0,0,0,0,0,0,0,0,0,0,0,0,0,0,0,0,0,0,0
1918,0,0,0,0,0,0,0,0,0,0,0,0,0,0,0,0,0,0,0,0,0
1919,0,0,0,0,0,0,0,0,0,0,0,0,0,0,0,0,0,0,0,0,0
1920,0,0,0,0,0,0,0,0,0,0,0,0,0,0,0,0,0,0,0,0,0
1921,0,0,0,0,0,0,0,0,0,0,0,0,0,0,0,0,0,0,0,0,0
1922,0,0,0,0,0,0,0,0,0,0,0,0,0,0,0,0,0,0,0,0,0
1923,0,0,0,0,0,0,0,0,0,0,0,0,0,0,0,0,0,0,0,0,0
1924,0,0,0,0,0,0,0,0,0,0,0,0,0,0,0,0,0,0,0,0,0
1925,1,0,0,0,0,0,0,0,0,0,0,0,0,0,0,0,0,0,0,0,0
1926,0,1,1,0,0,0,0,0,1,0,0,0,0,0,0,1,1,0,0,0,1
1927,0,0,0,0,0,0,0,0,0,0,0,0,0,0,0,0,0,0,0,0,0
1928,0,0,0,0,0,0,0,0,0,0,0,0,0,0,0,0,0,0,0,0,0
1929,0,0,0,0,0,0,0,0,0,0,0,0,0,0,0,0,0,0,0,0,0
1930,0,0,0,0,0,0,0,0,0,0,0,0,0,0,0,0,0,0,0,0,0
1931,0,0,0,0,0,0,0,0,0,0,0,0,0,0,0,0,0,0,0,0,0
1932,2,2,2,2,2,2,1,2,2,2,2,2,2,1,2,2,2,2,2,2,1
1933,3,3,3,2,2,2,2,3,3,4,3,2,2,2,3,3,3,2,2,2,3
1934,4,4,4,3,3,3,3,4,3,4,3,3,2,3,3,3,3,3,3,2,3
1935,4,6,4,4,4,5,2,4,6,4,4,4,5,2,4,6,4,4,4,5,2
1936,0,0,0,0,0,0,0,0,0,0,0,0,0,0,0,0,0,0,0,0,0
1937,1,2,1,1,1,1,1,1,2,1,1,1,1,1,1,2,1,1,1,1,1
1938,35,35,34,30,27,28,31,39,42,41,37,32,32,34,40,39,37,32,28,29,32
1939,4,6,6,5,3,3,3,4,6,6,5,3,3,3,4,6,6,5,3,3,3
1940,65,65,68,62,55,49,55,66,70,71,62,53,45,47,53,55,58,51,45,39,42
1941,1,1,1,1,1,1,1,2,2,2,2,2,2,2,2,2,2,1,1,1,1
1942,2,1,1,1,1,1,1,1,1,1,1,1,1,1,2,1,1,1,1,1,1
1943,0,0,0,0,0,0,0,0,0,0,0,0,0,0,0,0,0,0,0,0,0
1944,0,0,0,0,0,0,0,0,0,0,0,0,0,0,0,0,0,0,0,0,0
1945,0,0,0,0,0,0,0,0,0,0,0,0,0,0,0,0,0,0,0,0,0
1946,2,3,2,2,1,0,1,2,3,2,2,1,1,1,2,4,3,3,2,2,2
1947,0,0,0,0,0,0,0,0,0,0,0,0,0,0,0,0,0,0,0,0,0
1948,47,49,51,50,46,40,41,47,49,51,50,46,40,41,47,49,51,50,46,40,41
1949,13,16,16,15,12,10,11,14,19,21,20,17,14,13,15,19,18,16,13,12,12
1950,8,9,9,8,7,6,7,8,9,9,8,7,7,7,8,9,9,8,7,7,7
1951,12,17,19,19,15,12,10,12,17,19,19,15,12,10,12,17,19,19,15,12,10
1952,28,29,26,22,19,17,20,25,29,29,28,24,22,24,28,30,28,25,21,19,22
1953,23,23,24,23,21,21,21,23,23,24,23,21,21,21,23,23,24,23,21,21,21
1954,18,22,23,23,17,14,14,18,22,23,23,17,14,14,18,22,23,23,17,14,14
1955,3,3,3,2,2,2,2,3,3,3,2,2,2,2,3,3,3,2,2,2,2
1956,1,1,1,1,0,1,1,1,1,1,1,0,1,1,1,1,1,1,0,1,1
1957,0,0,0,0,0,0,0,0,0,0,0,0,0,0,0,0,0,0,0,0,0
1958,0,0,0,0,0,0,0,0,0,0,0,0,0,0,0,0,0,0,0,0,0
1959,0,0,0,0,0,0,0,0,0,0,0,0,0,0,0,0,0,0,0,0,0
1960,0,0,0,0,0,0,0,0,0,0,0,0,0,0,0,0,0,0,0,0,0
1961,1,0,0,0,0,0,0,1,0,0,0,0,0,0,1,0,0,0,0,0,0
1962,0,0,0,0,0,0,0,0,0,0,0,0,0,0,0,0,0,0,0,0,0
1963,23,27,26,21,16,14,17,23,27,26,21,16,14,17,23,27,26,21,16,14,17
1964,71,73,79,62,57,52,53,71,73,79,62,57,52,53,71,73,79,62,57,52,53
1965,59,63,54,54,42,43,52,59,63,54,54,42,43,52,59,63,54,54,42,43,52
1966,2,2,3,2,2,2,2,2,2,3,2,2,2,2,2,2,3,2,2,2,2
1967,2,2,2,2,2,2,2,2,2,2,2,2,2,2,2,2,2,2,2,2,2
1968,5,4,5,4,4,3,4,4,4,5,4,4,3,4,4,4,5,4,4,3,4
1969,0,0,0,0,0,0,0,0,0,0,0,0,0,0,0,0,0,0,0,0,0
1970,0,0,0,0,1,0,0,0,0,0,0,1,0,0,0,0,0,0,1,0,0
1971,0,0,0,0,0,0,0,0,0,0,0,0,0,0,0,0,0,0,0,0,0
1972,14,19,22,22,17,12,10,13,19,23,22,18,12,9,12,17,21,21,17,11,9
1973,0,0,0,0,0,0,0,0,0,0,0,0,0,0,0,0,0,0,0,0,0
1974,0,0,0,0,0,0,0,0,0,0,0,0,0,0,0,0,0,0,0,0,0
1975,2,2,1,1,1,1,1,1,1,1,1,1,1,1,2,2,1,1,1,1,1
1976,7,9,9,8,6,5,5,8,10,9,8,7,6,5,8,9,9,8,7,6,6
1977,6,6,7,7,6,5,5,5,6,7,7,6,5,5,6,6,7,7,6,5,5
1978,5,6,7,7,4,3,3,5,6,7,7,4,3,3,5,6,7,7,4,3,3
1979,4,3,3,3,3,3,3,3,3,3,3,3,3,3,3,3,3,3,3,3,3
1980,1,1,1,1,1,1,1,1,1,1,1,1,1,1,1,1,1,1,1,1,1
1981,4,4,4,4,3,3,3,4,4,4,4,3,3,3,4,4,4,3,3,3,4
1982,40,45,46,42,37,31,34,39,45,46,42,37,31,33,39,44,46,41,37,31,33
1983,3,4,4,4,3,3,3,3,4,4,4,3,3,3,3,4,4,4,3,3,3
1984,0,0,0,0,0,0,0,0,0,0,0,0,0,0,0,0,0,0,0,0,0
1985,1,1,1,1,1,1,1,1,1,1,1,1,1,1,1,1,1,1,1,1,1
1986,0,0,0,0,0,0,0,0,0,0,0,0,0,0,0,0,0,0,0,0,0
1987,1,1,1,1,0,0,1,1,1,1,1,1,1,1,1,1,1,1,1,1,1
1988,10,11,12,12,11,9,9,11,12,13,12,11,9,9,11,12,14,14,12,10,10
1989,2,3,2,2,2,2,2,2,3,3,2,2,2,2,2,3,3,2,2,2,2
1990,5,5,6,6,5,5,6,7,8,9,7,6,5,4,5,5,5,5,4,4,4
1991,16,17,17,17,16,14,14,16,17,17,17,16,14,14,16,17,17,17,16,14,14
1992,1,1,1,1,1,1,1,1,1,1,1,1,1,1,1,1,1,1,1,1,1
1993,8,9,10,9,8,7,8,10,11,11,10,9,8,9,11,11,11,10,9,8,9
1994,0,0,0,0,0,0,0,0,0,0,0,0,0,0,0,0,0,0,0,0,0
1995,0,0,0,0,0,0,0,0,0,0,0,0,0,0,0,0,0,0,0,0,0
1996,4,3,3,3,4,4,3,4,3,3,3,4,4,3,4,3,3,3,3,3,3
1997,7,4,5,4,3,3,5,7,4,5,4,3,3,5,7,4,5,4,3,3,5
1998,8,8,7,6,5,5,6,7,7,7,6,6,6,7,7,7,6,6,5,5,5
1999,1,0,0,0,0,0,0,0,0,0,0,0,0,0,0,0,0,0,0,0,0
2000,11,12,12,11,9,8,9,12,14,14,13,11,10,10,13,14,14,12,10,9,10
2001,0,0,0,0,0,0,0,0,0,0,0,0,0,0,0,0,0,0,0,0,0
2002,3,2,3,3,2,1,2,3,2,3,3,2,1,2,3,2,3,3,2,1,2
2003,86,112,148,163,157,118,94,89,123,161,175,167,124,97,91,122,157,168,160,119,92
2004,14,17,18,17,13,12,11,15,19,20,18,14,12,11,15,19,20,18,14,13,12
2005,7,7,8,8,7,5,6,7,8,8,8,6,4,3,4,4,5,5,4,4,3
2006,45,46,52,51,49,39,36,40,44,54,54,52,42,40,44,50,59,57,54,43,40
2007,0,0,0,0,0,0,0,0,0,0,0,0,0,0,0,0,0,0,0,0,0
2008,12,13,12,10,10,10,9,11,12,11,10,9,9,8,10,11,11,10,9,9,8
2009,9,10,9,10,9,10,8,9,10,9,10,9,10,8,9,10,9,10,9,10,8
2010,1,0,1,0,0,0,0,1,0,1,1,0,0,0,1,0,1,1,0,0,0
2011,1,1,1,1,1,1,1,1,1,1,1,1,1,1,1,1,1,1,1,1,1
2012,1,1,1,1,1,1,1,1,1,1,1,1,1,1,1,1,1,1,1,1,1
2013,1,1,1,1,1,1,1,1,1,1,1,1,1,1,1,1,1,1,1,1,1
2014,2,3,3,2,1,1,1,2,2,3,2,2,2,2,3,3,3,2,2,2,3
2015,1,1,1,1,1,1,1,1,1,1,1,1,1,1,1,1,1,1,1,1,1
2016,0,0,0,0,0,0,0,0,0,0,0,0,0,0,0,0,0,0,0,0,0
2017,2,2,3,3,2,3,3,2,3,3,3,3,3,3,3,3,4,4,3,4,4
2018,0,0,0,0,0,0,0,0,0,0,0,0,0,0,0,0,0,1,0,1,0
2019,0,0,0,0,0,0,0,0,0,0,0,0,0,0,0,0,0,0,0,0,0
2020,0,0,0,0,0,0,0,0,0,0,0,0,0,0,0,0,0,0,0,0,0
2021,0,0,0,0,0,0,0,0,0,0,0,0,0,0,0,0,0,0,0,0,0
2022,0,0,0,1,1,0,0,0,0,0,1,1,0,0,0,0,0,1,1,0,0
2023,0,0,0,0,0,0,0,0,0,0,0,0,0,0,0,0,0,0,0,0,0
2024,1,1,1,0,0,1,1,1,1,1,0,0,1,1,1,1,1,0,0,1,1
2025,0,0,0,0,0,1,0,0,0,0,0,0,1,0,0,0,0,0,0,1,0
2026,0,0,0,0,0,0,0,0,0,0,0,0,0,0,0,0,0,0,0,0,0
2027,2,2,2,2,1,1,1,2,2,2,2,1,1,1,3,3,3,2,2,2,2
2028,31,33,36,34,30,26,27,32,36,39,36,31,26,26,32,35,37,34,30,26,27
2029,1,1,1,1,1,1,1,1,1,1,1,1,1,1,1,1,1,1,1,1,1
2030,1,1,1,1,1,1,1,1,1,1,1,1,1,1,1,1,1,1,1,1,1
2031,10,11,14,13,12,10,10,11,12,14,14,13,11,11,12,13,15,14,13,11,11
2032,24,26,29,26,21,17,17,24,26,29,26,21,17,17,24,26,29,26,21,17,17
2033,100,108,109,108,95,86,84,100,108,109,108,95,86,84,100,108,109,108,95,86,84
2034,0,0,0,0,0,0,0,0,0,0,0,0,0,0,0,0,0,0,0,0,0
2035,0,0,0,0,0,0,0,0,0,0,0,0,0,0,0,0,0,0,0,0,0
2036,3,3,2,2,2,2,2,3,3,2,2,2,2,2,3,3,2,2,2,2,2
2037,3,3,3,2,1,2,2,3,3,3,2,1,2,2,3,3,3,2,1,2,2
2038,14,13,11,9,7,7,7,10,11,10,9,7,6,6,8,9,9,8,7,7,8
2039,0,0,0,0,1,0,0,0,0,0,0,1,0,0,0,0,0,0,1,0,0
2040,1,1,2,2,1,0,1,1,1,2,2,1,0,1,1,1,2,2,1,0,1
2041,3,3,3,3,3,4,3,3,3,3,3,3,4,3,3,3,3,3,3,4,3
2042,1,1,1,1,0,0,0,1,1,1,1,0,0,0,1,1,1,1,0,0,0
2043,1,1,1,1,1,1,1,1,1,1,1,1,1,1,1,1,1,1,1,1,1
2044,3,3,3,3,2,2,2,3,3,3,3,2,2,2,3,3,3,3,3,2,2
2045,1,1,1,1,1,1,1,1,1,1,1,1,1,1,1,1,1,1,1,1,1
2046,0,0,0,0,0,0,0,0,0,0,0,0,0,0,0,0,0,0,0,0,0
2047,28,31,31,30,25,21,20,25,30,32,33,28,24,24,30,35,35,33,27,23,23
2048,1,1,1,1,1,1,1,1,1,1,1,1,1,1,1,1,1,1,1,1,1
2049,1,1,1,1,1,1,1,1,1,1,1,1,1,1,1,2,2,1,1,1,1
2050,4,4,4,4,3,2,2,3,4,4,3,3,2,2,3,4,4,3,3,2,2
2051,2,3,3,2,1,1,2,2,3,3,2,1,1,2,2,3,3,2,1,1,2
2052,1,1,0,1,1,1,1,1,1,0,1,1,1,1,1,1,0,1,1,1,1
2053,0,0,0,0,0,0,0,0,0,0,0,0,0,0,0,0,0,0,0,0,0
2054,0,0,0,0,0,0,0,0,0,0,0,0,0,0,0,0,0,0,0,0,0
2055,0,0,0,0,0,0,0,0,0,0,0,0,0,0,0,0,0,0,0,0,0
2056,0,0,0,0,0,0,0,0,0,0,0,0,0,0,0,0,0,0,0,0,0
2057,8,10,9,8,7,6,6,7,9,8,8,7,6,6,8,10,9,9,7,6,7
2058,10,11,11,10,9,8,8,9,10,11,10,9,8,8,9,9,10,9,9,8,9
2059,22,22,19,17,15,13,14,18,20,19,17,15,13,13,16,18,17,16,13,12,12
2060,200,286,307,316,269,232,189,200,286,307,316,269,232,189,200,286,307,316,269,232,189
2061,0,0,0,0,0,0,0,0,0,0,0,0,0,0,0,0,0,0,0,0,0
2062,0,0,0,0,0,0,0,0,0,0,0,0,0,0,0,0,0,0,0,0,0
2063,40,47,52,52,48,49,41,40,47,52,52,48,49,41,40,47,52,52,48,49,41
2064,39,36,33,29,27,28,33,42,48,47,43,38,35,39,44,44,40,35,31,30,34
2065,3,4,5,4,4,3,3,3,4,5,4,4,3,3,3,4,5,4,4,3,3
2066,20,19,18,14,12,10,10,14,18,20,18,14,11,10,12,14,14,13,11,9,9
2067,11,14,15,13,9,6,6,11,14,14,13,10,7,7,12,14,15,13,9,6,7
2068,8,8,6,5,4,4,5,8,9,7,7,5,4,4,6,7,5,5,4,4,4
2069,11,10,13,14,13,13,13,14,13,15,15,13,13,13,13,11,12,12,11,12,12
2070,1,1,1,1,1,1,1,1,1,1,1,1,1,1,1,1,1,1,1,1,1
2071,27,27,23,21,19,16,18,24,26,25,24,23,19,21,25,26,23,22,21,18,20
2072,32,33,30,26,25,25,26,31,32,29,25,24,24,24,29,30,27,25,24,24,24
2073,26,24,22,27,28,27,30,32,31,27,32,32,29,31,31,28,23,27,27,26,28
2074,1,1,1,1,1,0,0,1,1,1,1,1,0,0,1,1,1,1,1,0,0
2075,1,1,1,1,1,1,1,1,1,1,1,1,1,1,1,1,1,1,1,1,1
2076,0,0,0,0,0,0,0,0,0,0,0,0,0,0,0,0,0,0,0,0,0
2077,1,2,1,1,1,1,1,1,1,1,1,1,1,1,1,1,1,1,1,1,1
2078,0,1,1,1,1,1,1,1,1,1,1,1,1,1,1,1,1,1,1,1,1
2079,1,1,2,2,2,1,1,1,1,2,2,2,1,1,1,2,2,2,2,1,1
2080,0,0,0,0,0,0,0,0,0,0,0,0,0,0,0,0,0,0,0,0,0
2081,0,0,0,0,0,0,0,0,0,0,0,0,0,0,0,0,0,0,0,0,0
2082,0,0,0,0,0,0,0,0,0,0,0,0,0,0,0,0,1,1,1,1,1
2083,0,0,0,0,0,0,0,0,0,0,0,0,0,0,0,0,0,0,0,0,0
2084,0,0,0,0,0,0,0,0,0,0,0,0,0,0,0,0,0,0,0,0,0
2085,0,0,0,0,0,0,0,0,0,0,0,0,0,0,0,0,0,0,0,0,0
2086,0,0,0,0,0,0,0,0,0,0,0,0,0,0,0,0,0,0,0,0,0
2087,0,0,0,0,0,0,0,0,0,0,0,0,0,0,0,0,0,0,0,0,0
2088,1,1,0,1,1,1,1,1,1,0,1,1,1,1,1,1,0,1,1,1,1
2089,0,0,0,0,0,0,0,0,0,0,0,0,0,0,0,0,0,0,0,0,0
2090,0,0,0,0,0,0,0,0,0,0,0,0,0,0,0,0,0,0,0,0,0
2091,0,0,0,0,0,0,0,0,0,0,0,0,0,0,0,0,0,0,0,0,0
2092,1,0,0,0,0,0,0,1,0,0,0,0,0,0,1,0,0,0,0,0,0
2093,0,0,0,0,0,0,0,0,0,0,0,0,0,0,0,0,0,0,0,0,0
2094,8,11,10,8,8,7,6,8,10,9,8,8,7,6,8,10,9,8,8,7,6
2095,1,1,1,1,1,1,1,1,1,1,1,1,1,1,1,1,1,1,1,1,1
2096,6,7,5,4,4,4,4,6,7,5,4,4,4,4,6,7,5,4,4,4,5
2097,4,5,5,5,4,2,3,4,5,5,5,4,3,3,4,5,6,5,4,3,3
2098,0,0,0,0,0,0,0,0,0,0,0,0,0,0,0,0,0,0,0,0,0
2099,0,0,0,0,0,0,0,0,0,0,0,0,0,0,0,0,0,0,0,0,0
2100,1,1,1,1,1,1,1,1,1,1,1,1,1,1,1,1,1,1,1,1,1
2101,0,0,0,0,0,0,0,0,0,0,0,0,0,0,0,0,0,0,0,0,0
2102,0,0,0,0,0,0,0,0,0,0,0,0,0,0,0,0,0,0,0,0,0
2103,0,0,0,0,0,0,0,0,0,0,0,0,0,0,0,0,0,0,0,0,0
2104,0,0,0,0,0,0,0,0,0,0,0,0,0,0,0,0,0,0,0,0,0
2105,0,0,0,0,0,0,0,0,0,0,0,0,0,0,0,0,0,0,0,0,0
2106,0,0,0,0,0,0,0,0,0,0,0,0,0,0,0,0,0,0,0,0,0
2107,0,0,0,0,0,0,0,0,0,0,0,0,0,0,0,0,0,0,0,0,0
2108,0,0,0,0,0,0,0,0,0,0,0,0,0,0,0,0,0,0,0,0,0
2109,0,0,0,0,0,0,0,0,0,0,0,0,0,0,0,0,0,0,0,0,0
2110,25,24,23,22,22,20,20,22,22,21,21,21,20,18,19,19,19,20,20,19,17
2111,10,12,12,11,10,8,7,10,11,11,10,9,7,6,9,11,11,10,10,8,6
2112,0,0,0,0,0,0,0,0,0,0,0,0,0,0,0,0,0,0,0,0,0
2113,0,0,1,0,1,0,0,0,0,1,0,1,0,0,0,0,1,1,1,0,0
2114,1,1,1,1,1,1,1,1,1,1,1,1,1,1,2,2,2,1,1,1,1
2115,3,4,5,4,3,3,3,4,5,5,4,3,3,2,3,3,3,3,2,3,2
2116,0,0,0,0,0,0,0,0,0,0,0,0,0,0,0,0,0,0,0,0,0
2117,0,0,0,0,0,0,0,0,0,0,0,0,0,0,0,0,0,0,0,0,0
2118,0,0,0,0,0,0,0,0,0,0,0,0,0,0,0,0,0,0,0,0,0
2119,0,0,0,0,0,0,0,0,0,0,0,0,0,0,0,0,0,0,0,0,0
2120,0,0,0,0,0,1,1,1,0,0,0,0,0,0,0,0,0,0,0,0,0
2121,0,0,0,0,0,0,0,0,0,0,0,0,0,0,0,0,0,0,0,0,0
2122,0,0,0,0,1,1,1,1,1,1,1,1,1,1,1,1,1,1,1,1,1
2123,0,0,0,0,0,0,0,0,0,0,0,0,0,0,0,0,0,0,0,0,0
2124,0,0,0,0,0,0,0,0,0,0,0,0,0,0,0,0,0,0,0,0,0
2125,0,0,0,0,0,0,0,0,0,0,0,0,0,0,0,0,0,0,0,0,0
2126,1,1,1,1,1,1,1,1,0,0,0,0,0,0,0,0,0,0,0,0,0
2127,19,19,17,15,14,12,13,16,19,20,19,18,16,17,20,22,21,19,16,14,15
2128,10,10,9,9,7,7,7,8,9,9,9,8,7,7,8,9,9,8,7,7,7
2129,4,5,5,5,4,4,4,4,5,5,5,4,4,4,4,5,5,5,4,4,4
2130,2,2,2,2,2,1,2,2,2,2,2,2,1,2,2,2,2,2,2,1,2
2131,0,0,0,0,0,0,0,0,0,0,0,0,0,0,0,0,0,0,0,0,0
2132,0,0,0,0,0,0,0,0,0,0,0,0,0,0,0,0,0,0,0,0,0
2133,357,370,385,377,315,280,284,345,367,382,374,316,281,287,354,379,396,386,326,292,298
2134,12,14,13,13,9,7,8,12,14,13,13,9,7,8,12,14,13,13,9,7,8
2135,2,2,2,2,2,2,2,2,2,2,2,2,2,2,2,2,2,2,2,2,2
2136,8,9,10,9,7,6,7,9,9,9,7,5,5,6,9,10,10,8,6,5,6
2137,3,4,4,3,2,2,2,3,4,4,3,2,2,2,3,4,4,3,2,2,2
2138,0,0,0,0,0,0,0,0,0,0,0,0,0,0,0,0,0,0,0,0,0
2139,12,14,13,10,8,7,8,9,11,11,10,9,8,9,12,16,18,16,14,12,13
2140,1,0,0,0,0,1,1,1,0,0,0,0,1,1,1,0,0,0,0,1,1
2141,0,0,0,0,0,0,0,0,0,0,0,0,0,0,0,0,0,0,0,0,0
2142,0,0,0,0,0,0,0,0,0,0,0,0,0,0,0,0,0,0,0,0,0
2143,2,2,2,2,1,1,1,2,2,2,2,1,1,2,2,2,2,2,2,2,2
2144,0,0,0,0,0,0,0,0,0,0,0,0,0,0,0,0,0,0,0,0,0
2145,1,1,1,1,1,1,1,1,1,1,1,1,1,1,1,1,1,1,1,1,1
2146,0,0,0,0,0,0,0,0,0,0,0,0,0,0,0,0,0,0,0,1,0
2147,3,4,3,5,2,3,3,3,4,3,5,2,3,3,3,4,3,5,2,3,3
2148,3,2,2,2,2,2,2,2,2,2,2,2,2,2,2,2,2,2,2,2,2
2149,0,0,0,0,0,0,0,0,0,0,0,0,0,0,0,0,0,0,0,0,0
2150,2,3,2,2,1,1,2,2,3,2,2,1,1,2,2,3,2,2,1,1,2
2151,0,0,0,0,0,0,0,0,0,0,0,0,0,0,0,0,0,0,0,0,0
2152,0,0,0,0,0,0,0,0,0,0,0,0,0,0,0,0,0,0,0,0,0
2153,0,0,0,0,0,0,0,0,0,0,0,0,0,0,0,0,0,0,0,0,0
2154,0,0,0,0,0,0,0,0,0,0,0,0,0,0,0,0,0,0,0,0,0
2155,0,0,0,0,0,0,0,0,0,0,0,0,0,0,0,0,0,0,0,0,0
2156,0,0,0,0,0,0,0,0,0,0,0,0,0,0,0,0,0,0,0,0,0
2157,0,0,0,0,0,0,0,0,0,0,0,0,0,0,0,0,0,0,0,0,0
2158,0,0,0,0,0,0,0,0,0,0,0,0,0,0,0,0,0,0,0,0,0
2159,1,1,1,1,1,1,1,1,1,1,1,1,1,1,1,2,2,2,2,1,2
2160,0,0,0,0,0,0,0,0,0,0,0,0,0,0,0,0,0,0,0,0,0
2161,0,0,0,0,0,0,0,0,0,0,0,0,0,0,0,0,0,0,0,0,0
2162,0,0,0,0,0,0,0,0,0,0,0,0,0,0,0,0,0,0,0,0,0
2163,0,0,0,0,0,0,0,0,0,0,0,0,0,0,0,0,0,0,0,0,0
2164,0,0,0,0,0,0,0,0,0,0,0,0,0,0,0,0,0,0,0,0,0
2165,0,0,0,0,0,0,0,0,0,0,0,0,0,0,0,0,0,0,0,0,0
2166,0,0,0,0,0,0,0,0,0,0,0,0,0,0,0,0,0,0,0,0,0
2167,0,0,0,0,0,0,0,0,0,0,0,0,0,0,0,0,0,0,0,0,0
2168,0,0,0,0,0,0,0,0,0,0,0,0,0,0,0,0,0,0,0,0,0
2169,1,1,1,1,1,1,1,1,1,1,1,1,1,1,1,1,1,1,1,1,1
2170,3,3,3,3,2,2,3,3,3,3,3,2,2,3,3,3,3,3,2,2,3
2171,119,123,125,112,108,96,102,119,123,125,112,108,96,102,119,123,125,112,108,96,102
2172,7,8,7,6,6,5,5,7,8,7,6,6,5,5,7,8,7,6,6,5,5
2173,1,0,0,0,0,0,0,0,0,0,0,0,0,0,0,0,0,0,0,0,1
2174,2,3,3,3,2,2,3,4,5,4,4,4,3,3,4,4,3,3,2,2,3
2175,3,4,4,4,3,3,3,4,4,3,3,2,2,2,2,2,2,2,1,1,2
2176,0,0,0,0,0,0,0,0,0,0,0,0,0,0,0,0,0,0,0,0,0
2177,1,2,2,2,1,1,1,1,2,2,2,1,1,1,1,2,2,2,1,1,1
2178,0,0,0,0,0,0,0,0,0,0,0,0,0,0,0,0,0,0,0,0,0
2179,0,0,0,0,0,0,0,0,0,0,0,0,0,0,0,0,0,0,0,0,0
2180,3,3,4,3,3,3,3,3,3,4,3,3,3,3,3,3,4,3,3,3,3
2181,1,1,1,1,1,1,1,1,1,1,1,1,1,1,1,1,1,1,1,1,1
2182,6,6,5,4,4,5,5,6,6,5,4,3,4,4,5,5,4,4,3,4,4
2183,9,8,7,7,7,7,8,9,8,7,7,7,7,8,9,8,7,7,7,7,8
2184,1,1,1,1,0,0,1,1,1,1,1,0,1,1,1,1,1,1,0,0,1
2185,1,1,1,0,0,0,0,0,1,1,0,0,0,0,0,1,1,0,0,0,0
2186,15,16,16,15,14,14,14,16,15,14,13,12,12,13,14,14,13,11,10,10,10
2187,1,1,1,1,1,1,1,2,2,2,2,2,1,1,2,2,1,2,2,1,2
2188,16,15,13,10,11,12,14,16,15,13,10,11,12,14,16,15,13,10,11,12,14
2189,0,0,0,0,0,0,0,0,0,0,0,0,0,0,0,0,0,0,0,0,0
2190,0,0,0,0,0,0,0,0,0,0,0,0,0,0,0,0,0,0,0,0,0
2191,0,0,0,0,0,0,0,0,0,0,0,0,0,0,0,0,0,0,0,0,0
2192,0,0,0,0,1,1,1,1,1,1,1,1,1,1,1,1,1,1,1,1,1
2193,0,0,0,0,0,0,0,0,0,0,0,0,0,0,0,0,0,0,0,0,0
2194,0,0,0,0,0,0,0,0,0,0,0,0,0,0,0,0,0,0,0,0,0
2195,0,0,0,0,0,0,0,0,0,0,0,0,0,0,0,0,0,0,0,0,0
2196,0,0,0,0,0,0,0,0,0,0,0,0,0,0,0,0,0,0,0,0,0
2197,0,0,0,0,0,0,0,0,0,0,0,0,0,0,0,0,0,0,0,0,0
2198,0,0,0,0,0,0,0,0,0,0,0,0,0,0,0,0,0,0,0,0,0
2199,0,0,0,0,0,0,0,0,0,1,0,0,0,0,1,1,1,1,1,1,1
2200,0,0,0,0,0,0,0,0,0,0,0,0,0,0,0,0,0,0,0,0,0
2201,0,0,0,0,0,0,0,0,0,0,0,0,0,0,0,0,0,0,0,0,0
2202,0,0,0,0,0,0,0,0,0,0,0,0,0,0,0,0,0,0,0,0,0
2203,1,1,1,0,1,1,1,1,1,1,1,1,1,1,1,1,1,1,1,1,1
2204,0,0,0,0,0,0,0,0,0,0,0,0,0,0,0,0,0,0,0,0,0
2205,0,0,0,0,0,0,0,0,0,0,0,0,0,0,0,0,0,0,0,0,0
2206,0,0,0,0,0,0,0,0,0,0,0,0,0,0,0,0,0,0,0,0,0
2207,0,0,0,0,0,0,0,0,0,0,0,0,0,0,0,0,0,0,0,0,0
2208,0,0,0,0,0,0,0,0,0,0,0,0,0,0,0,0,0,0,0,0,0
2209,0,0,0,0,0,0,0,0,0,0,0,0,0,0,0,0,0,0,0,0,0
2210,1,1,1,1,1,1,1,1,1,1,1,1,1,1,1,1,1,1,1,1,1
2211,0,0,0,0,0,0,0,0,0,0,0,0,0,0,0,0,0,0,0,0,0
2212,0,0,0,0,0,0,0,0,0,0,0,0,0,0,0,0,0,0,0,0,0
2213,0,0,0,0,0,0,0,0,0,0,0,0,0,0,0,0,0,0,0,0,0
2214,0,0,0,0,0,0,0,0,0,0,0,0,0,0,0,0,0,0,0,0,0
2215,0,0,0,0,0,0,0,0,0,0,0,0,0,0,0,0,0,0,0,0,0
2216,0,0,0,0,0,0,0,0,0,0,0,0,0,0,0,0,0,0,0,0,0
2217,9,8,7,7,6,6,8,12,16,17,16,14,13,13,15,15,13,11,9,8,9
2218,0,0,0,0,0,0,0,0,0,0,0,0,0,0,0,0,0,0,0,0,0
2219,0,0,0,0,0,0,0,0,0,0,0,0,0,0,0,0,0,0,0,0,0
2220,0,0,0,0,0,0,0,0,0,0,0,0,0,0,0,0,0,0,0,0,0
2221,3,4,4,3,4,3,3,3,4,5,4,4,3,3,3,4,5,5,5,4,4
2222,121,84,79,76,83,112,111,121,83,77,73,81,111,110,121,84,79,75,83,112,111
2223,3,3,3,3,3,3,3,3,3,3,3,3,3,3,4,4,4,3,3,3,3
2224,1,2,1,1,1,2,2,1,2,1,1,1,2,2,1,2,1,1,1,2,2
2225,1,1,1,1,1,1,1,1,1,1,1,1,1,1,1,1,1,1,1,1,1
2226,0,0,0,0,0,0,0,0,0,0,0,0,0,0,0,0,0,0,0,0,0
2227,0,0,0,0,0,0,0,0,0,0,0,0,0,0,0,0,0,0,0,0,0
2228,0,0,0,0,0,0,0,0,0,0,0,0,0,0,0,0,0,0,0,0,0
2229,0,0,0,0,0,0,0,0,0,0,0,0,0,0,0,0,0,0,0,0,0
2230,2,2,2,1,1,1,2,2,2,2,1,1,2,2,2,2,2,1,1,1,2
2231,0,0,0,0,0,0,0,0,0,0,0,0,0,0,0,0,0,0,0,0,0
2232,0,0,0,0,0,0,0,0,0,0,0,0,0,0,0,0,0,0,0,0,0
2233,2,2,2,2,1,1,1,2,2,2,2,2,1,1,2,2,2,2,2,1,2
2234,0,0,0,0,0,0,0,0,0,0,0,0,0,0,0,0,0,0,0,0,0
2235,11,12,12,12,10,9,9,10,11,12,12,10,9,8,10,11,11,11,10,9,9
2236,0,0,0,0,0,0,0,0,0,0,0,0,0,0,0,0,0,0,0,0,0
2237,5,6,5,5,4,4,5,5,6,5,5,4,4,5,5,6,5,5,4,4,5
2238,5,6,6,6,5,4,5,5,6,6,6,5,4,5,5,6,6,6,5,4,5
2239,7,8,8,8,6,5,5,6,7,7,8,6,4,4,5,7,7,7,5,4,4
2240,0,0,0,0,0,0,0,0,0,0,0,0,0,0,0,0,0,0,0,0,0
2241,0,0,0,0,0,0,0,0,0,0,0,0,0,0,0,0,0,0,0,0,0
2242,29,28,29,25,23,22,25,31,30,30,25,23,21,22,29,28,28,23,20,19,20
2243,29,34,36,37,33,28,25,29,35,37,38,34,28,25,30,35,38,38,34,29,26
2244,8,7,6,5,5,5,6,8,8,8,7,6,6,7,8,8,8,6,5,5,6
2245,10,9,6,5,4,4,5,6,7,7,6,5,5,5,7,7,7,6,5,5,5
2246,1,1,1,1,1,0,1,1,1,1,1,1,0,1,1,1,1,1,1,0,1
2247,0,0,0,0,0,0,0,0,0,0,0,0,0,0,0,0,0,0,0,0,0
2248,11,13,15,13,11,9,9,10,13,15,14,12,10,10,10,11,13,11,9,7,8
2249,0,0,0,0,0,0,0,0,0,0,0,0,0,0,0,0,0,0,0,0,0
2250,3,3,3,3,3,2,2,2,3,3,3,3,2,2,2,3,2,3,3,2,2
2251,0,0,0,0,0,0,0,0,0,0,0,0,0,0,0,0,0,0,0,0,0
2252,0,0,0,0,0,0,0,0,0,0,0,0,0,0,0,0,0,0,0,0,0
2253,1,1,1,1,1,1,1,1,1,1,1,1,1,1,1,1,1,1,1,1,1
2254,7,6,5,5,6,6,6,7,6,5,5,6,6,6,7,6,5,5,6,6,6
2255,7,8,8,7,5,5,6,7,8,8,7,6,6,6,8,9,8,7,6,6,6
2256,9,10,9,7,6,4,6,8,9,9,7,6,4,6,7,8,8,6,6,4,6
2257,0,1,0,1,0,0,0,0,1,0,1,0,0,0,0,1,0,1,0,0,0
2258,1,1,1,1,1,1,1,1,1,1,1,1,1,1,1,1,1,1,1,1,1
2259,2,2,2,2,2,2,2,2,2,2,2,2,2,2,2,2,2,2,2,2,2
2260,1,2,2,2,2,1,1,1,2,2,2,2,1,1,1,2,2,2,2,1,1
2261,0,0,0,0,0,0,0,0,0,0,0,0,0,0,0,0,0,0,0,0,0
2262,1,1,1,1,1,1,1,1,1,1,1,1,1,1,1,1,1,1,1,1,1
2263,0,0,0,0,0,0,0,0,0,0,0,0,0,0,0,0,0,0,0,0,0
2264,3,3,3,3,2,2,2,3,3,3,3,2,2,2,3,3,3,3,2,2,2
2265,2,2,3,3,2,2,2,3,3,3,3,2,2,2,2,2,2,2,2,2,2
2266,0,0,0,0,0,0,0,0,0,0,0,0,0,0,0,0,0,0,0,0,0
2267,0,0,0,0,0,0,0,0,0,0,0,0,0,0,0,0,0,0,0,0,0
2268,0,0,0,0,0,0,0,0,0,0,0,0,0,0,0,0,0,0,0,0,0
2269,0,0,0,0,0,0,0,0,0,0,0,0,0,0,0,0,0,0,0,0,0
2270,0,0,0,0,0,0,0,0,0,0,0,0,0,0,0,0,0,0,0,0,0
2271,0,0,0,0,0,0,0,0,0,0,0,0,0,0,0,0,0,0,0,0,0
2272,0,0,0,0,0,0,0,0,0,0,0,0,0,0,0,0,0,0,0,0,0
2273,0,0,0,0,0,0,0,0,0,0,0,0,0,0,0,0,0,0,0,0,0
2274,1,1,1,1,1,1,1,1,1,1,1,1,1,1,1,1,1,1,1,1,1
2275,0,0,0,0,0,0,0,0,0,0,0,0,0,0,0,0,0,0,0,0,0
2276,2,3,3,3,2,2,2,2,3,3,3,2,2,2,2,3,3,3,2,2,2
2277,5,5,6,5,5,4,4,5,5,6,5,4,4,4,4,5,5,5,4,4,4
2278,6,5,5,4,4,3,3,4,5,5,4,4,3,3,4,4,5,4,3,3,3
2279,6,7,6,6,5,4,5,6,7,6,5,5,4,4,6,6,6,5,4,4,4
2280,2,2,2,2,2,2,2,2,2,2,2,2,2,2,2,2,2,2,2,2,2
2281,0,0,0,0,0,0,0,0,0,0,0,0,0,0,0,0,0,0,0,0,0
2282,4,5,6,6,5,5,4,4,5,6,6,5,5,4,4,5,6,6,5,5,4
2283,2,2,2,2,2,2,2,2,2,2,2,2,2,2,2,2,2,2,2,2,2
2284,10,11,10,10,8,7,7,9,10,10,11,8,8,7,8,9,9,9,7,7,6
2285,0,0,1,0,0,0,0,0,0,1,0,0,0,0,0,0,1,0,0,0,0
2286,1,1,1,1,1,1,1,1,1,1,1,1,1,1,1,1,1,1,1,1,1
2287,0,0,0,0,0,0,0,0,0,0,0,0,0,0,0,0,0,0,0,0,0
2288,1,1,1,1,1,1,1,1,1,1,1,1,1,1,1,1,1,1,1,1,1
2289,1,2,2,2,2,1,2,2,2,2,2,2,1,2,2,2,2,2,2,2,2
2290,0,0,0,0,0,0,0,0,0,0,0,0,0,0,0,0,0,0,0,0,0
2291,0,0,0,0,0,0,0,0,0,0,0,0,0,0,0,0,0,0,0,0,0
2292,0,0,0,0,0,0,0,0,0,0,0,0,0,0,0,0,0,0,0,0,0
2293,0,0,0,0,0,0,0,0,0,0,0,0,0,0,0,0,0,0,0,0,0
2294,6,9,10,11,8,6,5,6,9,10,11,8,6,5,6,9,10,11,8,6,5
2295,8,9,10,10,9,7,6,8,9,10,10,9,7,6,8,9,10,10,9,7,6
2296,0,0,0,0,0,0,0,0,0,0,0,0,0,0,0,0,0,0,0,0,0
2297,1,1,1,1,1,1,1,1,1,1,1,1,1,1,1,1,1,1,1,1,1
2298,2,2,2,2,1,2,2,2,2,2,2,1,2,2,2,2,2,2,1,2,2
2299,0,0,0,0,0,0,0,0,0,0,0,0,0,0,0,0,0,0,0,0,0
2300,2,3,3,3,4,4,3,2,3,3,3,4,4,3,2,3,3,3,4,4,3
2301,9,7,5,4,3,6,7,9,7,5,4,3,6,7,9,7,5,4,3,6,7
2302,0,0,0,0,0,0,0,0,0,0,0,0,0,0,0,0,0,0,0,0,0
2303,1,1,2,2,2,2,1,1,1,2,2,2,2,1,1,1,2,2,2,2,1
2304,12,12,10,10,10,9,10,10,11,10,10,10,8,9,8,9,8,9,9,8,9
2305,14,17,25,17,15,21,12,12,16,25,17,15,21,11,11,15,23,16,14,21,11
2306,1,1,2,2,3,2,2,1,1,2,2,3,2,2,1,1,2,2,3,3,3
2307,0,0,0,0,0,0,0,0,0,0,0,0,0,0,0,0,0,0,0,0,0
2308,0,0,2,2,2,1,1,0,0,2,2,2,1,1,0,0,2,2,2,1,1
2309,0,0,0,0,0,0,0,0,0,0,0,0,0,0,0,0,0,0,0,0,0
2310,5,5,5,4,3,3,4,5,6,5,5,4,4,4,4,4,3,2,2,3,3
2311,0,0,0,0,0,1,0,0,0,0,0,0,0,0,0,0,0,0,0,0,0
2312,0,0,0,0,0,0,0,0,0,0,0,0,0,0,0,0,0,0,0,0,0
2313,0,0,0,0,0,0,0,0,0,0,0,0,0,0,0,0,0,0,0,0,0
2314,0,0,0,0,0,0,0,0,0,0,0,0,0,0,0,0,0,0,0,0,0
2315,4,5,5,4,4,4,3,4,5,5,4,4,4,3,4,5,5,4,4,4,3
2316,2,2,2,2,2,1,2,1,2,2,1,2,1,2,1,2,1,1,2,1,1
2317,0,0,0,0,0,0,0,1,1,1,1,1,1,1,2,2,2,2,1,1,2
2318,0,0,0,0,0,0,0,0,0,0,0,0,0,0,0,0,0,0,0,0,0
2319,1,1,1,1,1,1,1,1,1,1,1,1,1,1,1,1,1,1,1,1,1
2320,0,0,0,0,0,0,0,0,0,0,0,0,0,0,0,0,0,0,0,0,0
2321,0,0,0,0,0,0,0,0,0,0,0,0,0,0,1,1,1,1,0,0,0
2322,0,0,0,0,0,0,0,0,0,0,0,0,0,0,0,0,0,0,0,0,0
2323,0,0,0,0,0,0,0,0,0,0,0,0,0,0,0,0,0,0,0,0,0
2324,0,0,0,0,0,0,0,0,0,0,0,0,0,0,0,0,0,0,0,0,0
2325,0,0,0,0,0,0,0,0,0,0,0,0,0,0,0,0,0,0,0,0,0
2326,0,0,0,0,0,0,0,0,0,0,0,0,0,0,0,0,0,0,0,0,0
2327,0,0,0,0,0,0,0,0,0,0,0,0,0,0,0,0,0,0,0,0,0
2328,0,0,0,0,0,0,0,0,0,0,0,0,0,0,0,0,0,0,0,0,0
2329,0,0,0,0,0,0,0,0,0,0,0,0,0,0,0,0,0,0,0,0,0
2330,10,11,11,11,10,9,8,10,11,11,11,10,9,8,10,11,11,11,10,9,8
2331,103,137,88,43,26,35,83,105,138,86,41,24,32,80,103,138,87,42,26,35,83
2332,42,42,43,41,37,36,35,42,42,43,41,37,36,35,42,42,43,41,37,36,36
2333,1,1,1,1,1,1,1,1,1,1,1,1,1,1,1,1,1,1,1,1,1
2334,30,31,31,21,17,15,15,30,31,31,21,17,15,15,30,31,31,21,17,15,15
2335,4,4,4,3,2,2,2,4,4,4,3,2,2,2,4,4,4,3,2,2,2
2336,0,0,0,0,0,0,0,0,0,0,0,0,0,0,0,0,0,0,0,0,0
2337,0,1,0,0,0,0,0,0,1,0,0,0,0,0,0,1,0,0,0,0,0
2338,0,0,0,0,0,0,0,0,0,0,0,0,0,0,0,0,0,0,0,0,0
2339,2,2,3,3,3,2,1,2,2,3,3,3,2,1,2,2,3,3,3,2,2
2340,4,5,7,6,5,3,3,4,6,7,6,5,3,3,4,6,7,6,5,3,3
2341,16,18,19,19,16,12,11,16,20,22,22,18,13,12,17,21,21,20,17,13,13
2342,0,0,0,0,0,0,0,0,0,0,0,0,0,0,0,0,0,0,0,0,0
2343,2,3,3,3,2,2,2,2,3,3,3,2,2,2,2,3,3,3,3,3,3
2344,2,2,2,2,1,1,1,2,2,2,2,2,1,1,2,2,2,2,1,1,1
2345,0,0,0,0,0,0,0,0,0,0,0,0,0,0,0,0,0,0,0,0,0
2346,0,0,1,1,0,0,0,0,0,1,1,0,0,0,0,0,1,1,0,0,0
2347,0,0,0,0,0,0,0,0,0,0,0,0,0,0,0,0,0,0,0,0,0
2348,0,0,0,0,0,0,0,0,0,0,0,0,0,0,0,0,0,0,0,0,0
2349,0,0,0,0,0,0,0,0,0,0,0,0,0,0,0,0,0,0,0,0,0
2350,0,0,0,0,0,0,0,0,0,0,0,0,0,0,0,0,0,0,0,0,0
2351,0,1,1,1,0,0,1,0,1,1,1,0,0,1,0,1,1,1,0,0,1
2352,0,0,0,0,0,0,0,0,0,0,0,0,0,0,0,0,0,0,0,0,0
2353,0,0,0,0,0,0,0,0,0,0,0,0,0,0,0,0,0,0,0,0,0
2354,0,0,0,0,0,0,0,0,0,0,0,0,0,0,0,0,0,0,0,0,0
2355,0,0,0,0,0,0,0,0,0,0,0,0,0,0,0,0,0,0,0,0,0
2356,10,12,12,10,8,8,8,10,12,12,10,8,8,8,10,12,12,10,8,8,8
2357,0,0,0,0,0,0,0,0,0,0,0,0,0,0,0,0,0,0,0,0,0
2358,0,0,0,0,0,0,0,0,0,0,0,0,0,0,0,0,0,0,0,0,0
2359,0,0,0,0,0,0,0,0,0,0,0,0,0,0,0,0,0,0,0,0,0
2360,0,0,0,0,0,0,0,0,0,0,0,0,0,0,0,0,0,0,0,0,0
2361,0,0,0,0,0,0,0,0,0,0,0,0,0,0,0,0,0,0,0,0,0
2362,2,2,2,2,2,2,2,2,2,2,2,2,2,2,2,2,1,2,2,2,2
2363,3,3,3,3,3,2,2,3,3,3,2,2,2,2,3,3,3,2,2,2,2
2364,10,11,11,10,9,8,8,10,11,11,10,9,8,8,10,11,11,10,9,8,8
2365,14,12,11,10,10,9,9,10,10,10,9,9,9,8,10,9,10,9,10,9,9
2366,2,2,3,3,3,2,2,2,2,3,3,3,2,2,2,2,3,3,3,2,2
2367,1,1,1,1,0,0,0,1,1,1,1,0,0,0,1,1,1,1,0,0,0
2368,1,1,0,0,0,0,0,1,1,0,0,0,0,0,1,1,0,0,0,0,0
2369,24,23,21,19,17,18,18,22,22,20,19,17,18,17,21,21,20,18,17,18,17
2370,0,0,1,0,0,0,1,0,0,1,0,0,0,1,0,0,1,0,0,0,1
2371,1,1,1,1,1,1,1,1,1,1,1,1,1,1,1,1,1,2,1,1,1
2372,0,0,0,0,0,0,0,0,0,0,0,0,0,0,0,0,0,0,0,0,0
2373,0,0,0,0,0,0,0,0,0,0,0,0,0,0,0,0,0,0,0,0,0
2374,0,0,0,0,0,0,0,0,0,0,0,0,0,0,0,0,0,0,0,0,0
2375,0,0,0,0,0,0,0,0,0,0,0,0,0,0,0,0,0,0,0,0,0
2376,6,6,7,8,9,7,5,6,6,7,8,9,7,5,6,6,7,8,9,8,5
2377,1,1,1,1,1,1,1,1,1,1,1,1,1,1,1,1,1,1,1,1,1
2378,0,0,0,0,0,0,0,0,0,1,1,0,0,0,0,0,1,1,0,0,0
2379,0,0,0,0,0,0,0,0,0,0,0,0,0,0,0,0,0,0,0,0,0
2380,4,4,2,1,1,2,3,4,4,2,1,1,2,3,4,4,2,1,1,2,3
2381,0,0,0,0,0,0,0,0,0,0,0,0,0,0,0,0,0,0,0,0,0
2382,123,135,152,148,122,106,100,123,134,150,145,120,104,99,125,138,154,148,122,106,100
2383,9,10,10,10,8,7,7,7,9,9,9,8,7,6,7,9,9,9,8,7,7
2384,2,2,2,2,1,1,2,2,2,2,2,1,2,2,2,2,2,2,1,2,2
2385,76,82,86,77,68,64,67,77,81,83,73,65,61,65,75,80,83,73,66,62,65
2386,1,1,1,1,1,1,1,1,1,1,1,1,1,1,1,1,1,1,1,1,1
2387,0,0,0,0,0,0,0,0,0,0,0,0,0,0,0,0,0,0,0,0,0
2388,7,6,5,5,5,5,4,5,6,6,6,6,6,5,7,7,8,7,7,7,7
2389,0,0,0,0,0,0,0,0,0,0,0,0,0,0,0,0,0,0,0,0,0
2390,0,0,0,0,0,0,0,0,0,0,0,0,0,0,0,0,0,0,0,0,0
2391,3,4,4,3,2,2,2,3,4,4,3,2,2,2,3,4,4,3,2,2,2
2392,2,2,2,3,3,2,1,2,2,2,3,3,2,1,2,2,2,3,3,2,1
2393,62,72,74,65,54,45,45,62,76,78,68,55,45,45,61,75,79,71,58,48,47
2394,108,128,132,125,103,83,84,121,143,143,130,105,82,80,113,133,134,123,101,80,81
2395,1,1,1,1,1,0,1,1,0,0,0,0,0,1,1,1,1,1,1,1,1
2396,11,11,9,8,8,8,9,10,10,9,8,8,8,9,11,11,10,9,9,9,10
2397,2,2,2,2,2,2,2,2,2,2,2,2,2,2,2,2,2,2,2,2,2
2398,0,0,0,0,0,0,0,0,0,0,0,0,0,0,0,0,0,0,0,0,0
2399,0,0,0,0,0,0,0,0,0,0,0,0,0,0,0,0,0,0,0,0,0
2400,3,3,4,3,3,3,4,4,4,4,3,3,3,2,3,3,2,2,2,2,2
2401,0,0,0,0,0,0,0,0,0,0,0,0,0,0,0,0,0,0,0,0,0
2402,0,0,0,0,0,0,0,0,0,0,0,0,0,0,0,0,0,0,0,0,0
2403,0,0,0,0,0,0,0,0,0,0,0,0,0,0,0,0,0,0,0,0,0
2404,1,1,1,1,1,1,1,1,1,1,1,1,1,1,1,1,1,1,1,1,1
2405,10,10,8,9,8,8,8,9,10,8,9,8,8,8,9,10,8,9,8,8,8
2406,14,14,13,12,11,10,11,15,17,15,14,11,10,10,13,14,13,11,9,8,8
2407,10,10,9,7,7,7,8,10,10,9,8,7,7,8,10,10,10,9,8,8,9
2408,9,8,8,7,6,5,6,8,7,7,6,5,5,6,8,8,8,7,6,6,6
2409,0,0,0,0,0,0,0,0,0,0,0,0,0,0,0,0,0,0,0,0,0
2410,43,51,54,53,45,36,29,39,51,57,56,48,37,30,39,48,53,52,45,35,28
2411,0,0,0,0,0,0,0,0,0,0,0,0,0,0,1,1,1,1,1,2,2
2412,0,0,0,0,0,0,0,0,0,0,0,0,0,0,0,0,0,0,0,0,0
2413,0,0,0,0,0,0,0,0,0,0,0,0,0,0,0,0,0,0,0,0,0
2414,0,0,0,0,0,0,0,0,0,0,0,0,0,0,0,0,0,0,0,0,0
2415,0,0,0,0,0,0,0,0,0,0,0,0,0,0,0,0,0,0,0,0,0
2416,0,0,0,0,0,0,0,0,0,0,0,0,0,0,0,0,0,0,0,0,0
2417,0,0,0,0,0,0,0,0,0,0,0,0,0,0,0,0,0,0,0,0,0
2418,0,0,0,0,0,0,0,0,0,0,0,0,0,0,0,0,0,0,0,0,0
2419,12,14,14,13,13,11,11,14,17,17,15,15,13,12,13,14,14,12,13,11,12
2420,2,3,3,2,2,1,1,2,3,3,2,2,1,1,2,3,3,2,2,1,1
2421,14,15,15,14,11,10,10,12,14,14,12,11,9,9,11,13,13,12,10,9,9
2422,1,2,2,2,1,1,1,2,2,2,2,2,1,2,2,2,2,2,1,1,1
2423,0,0,0,0,0,0,0,0,0,0,0,0,0,0,0,0,0,0,0,0,0
2424,2,1,2,2,2,2,2,1,1,2,2,2,2,2,1,1,2,2,2,2,2
2425,6,6,6,5,5,5,6,7,7,6,6,6,5,6,6,6,6,5,5,5,6
2426,0,0,0,0,0,0,0,0,0,0,0,0,0,0,0,0,0,0,0,0,0
2427,1,2,1,1,1,1,1,1,2,1,1,1,1,1,1,2,1,1,1,1,1
2428,3,4,4,3,3,2,3,3,4,4,3,3,2,3,3,4,4,3,3,3,3
2429,1,1,1,1,1,1,1,1,1,1,1,1,1,1,1,1,1,1,1,1,1
2430,0,0,0,0,0,0,0,0,0,0,0,0,0,0,0,0,0,0,0,0,0
2431,0,0,0,0,0,0,0,0,0,0,0,0,0,0,0,0,0,0,0,0,0
2432,0,0,0,0,0,0,0,0,0,0,0,0,0,0,0,0,0,0,0,0,0
2433,99,93,91,91,54,52,76,99,93,91,91,54,52,76,99,93,91,91,54,52,76
2434,0,2,2,2,2,2,2,0,2,2,2,2,2,2,0,2,2,2,2,2,2
2435,0,0,0,0,0,0,0,0,0,0,0,0,0,0,0,0,0,0,0,0,0
2436,2,3,3,2,1,1,2,2,3,3,2,2,1,1,2,2,2,2,1,1,2
2437,0,0,1,1,1,1,0,0,0,1,1,1,1,0,0,0,1,1,1,1,0
2438,13,13,12,9,8,6,7,10,12,12,10,9,7,8,10,12,11,10,8,6,7
2439,2,2,2,2,1,2,1,2,2,2,2,2,2,2,2,3,3,2,2,2,2
2440,0,0,0,0,0,0,0,0,0,0,0,0,0,0,0,0,0,0,0,0,0
2441,3,3,3,2,2,2,2,2,3,3,2,2,2,2,3,3,3,2,2,2,2
2442,2,2,2,2,2,2,2,2,2,2,2,2,2,2,2,2,2,2,2,2,2
2443,0,0,0,0,0,0,0,0,0,0,0,0,0,0,0,0,0,0,0,0,0
2444,0,0,0,0,0,0,0,0,0,0,0,0,0,0,0,0,0,0,0,0,0
2445,3,3,3,3,3,2,2,3,3,3,3,3,2,2,3,3,3,3,3,2,2
2446,0,0,0,0,0,0,0,0,0,0,0,0,0,0,0,0,0,0,0,0,0
2447,1,1,0,0,0,0,0,1,0,0,0,0,0,0,1,0,0,0,0,0,0
2448,7,8,6,6,5,6,6,7,8,6,6,5,6,6,7,8,6,6,5,6,6
2449,0,0,0,0,0,0,0,0,0,0,0,0,0,0,0,0,0,0,0,0,0
2450,0,0,0,0,0,0,0,0,0,0,0,0,0,0,0,0,0,0,0,0,0
2451,73,82,79,71,60,51,54,68,80,80,72,61,52,54,69,80,79,71,62,54,57
2452,40,40,43,38,37,34,35,40,40,43,38,36,33,34,39,39,42,37,36,33,34
2453,10,12,12,11,8,6,6,7,9,10,10,7,5,5,6,9,10,9,7,5,5
2454,26,28,33,33,29,24,23,27,29,33,33,30,25,23,29,33,37,36,32,27,26
2455,7,7,7,6,6,6,8,8,8,7,6,6,6,7,8,8,7,7,6,6,7
2456,4,4,4,4,3,2,3,4,4,5,4,3,2,3,4,4,4,4,3,2,3
2457,7,7,8,6,7,6,6,6,7,7,6,6,5,6,6,6,7,6,6,6,6
2458,70,75,73,66,71,68,76,71,77,73,64,69,65,71,67,74,72,64,69,66,73
2459,12,12,11,9,7,7,8,10,10,10,8,7,6,8,9,9,10,8,6,6,7
2460,2,2,2,2,2,2,2,2,2,2,2,2,2,2,2,2,2,2,2,2,2
2461,7,8,8,8,7,6,6,7,8,8,7,7,6,6,7,9,9,9,8,7,7
2462,1,1,1,1,1,1,1,1,1,1,1,1,1,1,1,1,1,1,1,1,1
2463,0,0,0,0,0,0,0,0,0,0,0,0,0,0,0,0,0,0,0,0,0
2464,0,0,0,0,0,0,1,0,0,0,0,0,0,1,0,0,0,0,0,0,1
2465,0,0,0,0,0,0,0,0,0,0,0,0,0,0,0,0,0,0,0,0,0
2466,29,22,21,19,18,21,25,34,31,29,24,21,21,23,31,27,25,22,20,22,26
2467,0,0,0,0,0,0,0,0,0,0,0,0,0,0,0,0,0,0,0,0,0
2468,0,0,0,0,0,0,0,0,0,0,0,0,0,0,0,0,0,0,0,0,0
2469,0,0,0,0,0,0,0,0,0,0,0,0,0,0,0,0,0,0,0,0,0
2470,0,0,0,0,0,0,0,0,0,0,0,0,0,0,0,0,0,0,0,0,0
2471,1,1,1,0,0,0,1,1,1,1,0,0,0,1,1,1,0,0,0,0,1
2472,1,1,1,1,1,1,1,1,1,1,1,1,1,1,1,1,1,1,1,1,1
2473,0,0,0,0,0,0,0,0,0,0,0,0,0,0,0,0,0,0,0,0,0
2474,0,0,0,0,0,0,0,0,0,0,0,0,0,0,0,0,0,0,0,0,0
2475,0,0,0,0,0,0,0,0,0,0,0,0,0,0,0,0,0,0,0,0,0
2476,0,0,0,0,0,0,0,0,0,0,0,0,0,0,0,0,0,0,0,0,0
2477,0,0,0,0,0,0,0,0,0,0,0,0,0,0,0,0,0,0,0,0,0
2478,1,1,1,1,0,0,0,1,1,1,1,0,0,0,1,1,1,1,0,0,0
2479,11,11,11,9,8,8,9,10,10,10,9,8,8,8,10,10,10,9,8,8,8
2480,0,0,0,0,0,0,0,0,0,0,0,0,0,0,0,0,0,0,0,0,0
2481,0,0,0,0,0,0,0,0,0,0,0,0,0,0,0,0,0,0,0,0,0
2482,0,0,0,0,0,0,0,0,0,0,0,0,0,0,0,0,0,0,0,0,0
2483,0,0,0,0,0,0,0,0,0,0,0,0,0,0,0,0,0,0,0,0,0
2484,0,0,0,0,0,0,0,0,0,0,0,0,0,0,0,0,0,0,0,0,0
2485,0,0,0,0,0,0,0,0,0,0,0,0,0,0,0,0,0,0,0,0,0
2486,0,0,0,0,0,0,0,0,0,0,0,0,0,0,0,0,0,0,0,0,0
2487,0,0,0,0,0,0,0,0,0,0,0,0,0,0,0,0,0,0,0,0,0
2488,0,0,0,0,0,0,0,0,0,0,0,0,0,0,0,0,0,0,0,0,0
2489,0,0,0,0,0,0,0,0,0,0,0,0,0,0,0,0,0,0,0,0,0
2490,0,0,0,0,0,0,0,0,0,0,0,0,0,0,0,0,0,0,0,0,0
2491,0,0,0,0,0,0,0,0,0,0,0,0,0,0,0,0,0,0,0,0,0
2492,3,3,3,3,3,3,3,3,3,3,3,3,3,3,3,3,3,3,3,3,3
2493,3,0,0,0,0,0,0,3,0,0,0,0,0,0,3,0,0,0,0,0,0
2494,0,0,0,0,0,0,0,0,0,0,0,0,0,0,0,0,0,0,0,0,0
2495,3,4,4,4,4,3,3,4,4,4,5,5,4,4,4,4,4,4,4,4,4
2496,5,6,7,6,5,5,4,5,6,7,6,5,5,4,5,6,7,6,5,5,4
2497,1,1,2,2,2,1,1,2,2,2,2,2,2,2,2,2,2,2,2,2,2
2498,0,0,0,0,0,0,0,0,0,0,0,0,0,0,0,0,0,0,1,1,1
2499,6,5,5,5,5,4,4,4,5,5,5,5,3,3,3,3,3,4,4,3,3
2500,0,0,0,0,0,0,0,0,0,0,0,0,0,0,0,0,0,0,0,0,0
2501,0,0,0,0,0,0,0,0,0,0,0,0,0,0,0,0,0,0,0,0,0
2502,1,1,1,1,1,1,1,1,1,1,1,1,1,1,1,1,1,1,1,1,1
2503,0,0,0,0,0,0,0,0,0,0,0,0,0,0,0,0,0,0,0,0,0
2504,0,0,0,0,0,0,0,0,0,0,0,0,0,0,0,0,0,0,0,0,0
2505,7,7,6,6,6,6,6,7,7,6,6,6,6,6,7,7,6,6,6,6,6
2506,5,5,5,5,4,4,5,5,5,5,5,4,4,4,5,5,5,4,4,4,4
2507,1,1,1,1,0,0,0,1,1,1,1,0,0,0,1,1,1,1,0,0,0
2508,0,1,1,1,0,0,0,0,1,1,1,0,0,0,0,1,1,1,0,0,0
2509,6,6,6,5,4,3,3,6,6,6,5,4,3,3,6,6,6,5,4,3,3
2510,0,0,0,0,0,0,0,0,0,0,0,0,0,0,0,0,0,0,0,0,0
2511,0,0,0,0,0,0,0,0,0,0,0,0,0,0,0,0,0,0,0,0,0
2512,0,0,0,0,0,0,0,0,0,0,0,0,0,0,0,0,0,0,0,0,0
2513,0,0,0,0,0,0,0,0,0,0,0,0,0,0,0,0,0,0,0,0,0
2514,0,1,0,0,0,1,0,0,1,0,0,0,1,0,0,1,0,0,0,1,0
2515,7,7,7,8,7,10,8,7,7,7,8,7,10,8,7,7,7,8,7,10,8
2516,0,0,0,0,0,1,1,1,1,1,1,1,1,1,1,1,1,1,1,1,1
2517,0,0,0,0,0,0,0,0,0,0,0,0,0,0,0,0,0,0,0,0,0
2518,8,10,11,9,7,6,4,8,10,11,9,7,6,4,8,10,11,9,7,6,4
2519,4,4,5,5,4,3,3,4,4,5,5,4,3,3,4,4,5,5,4,3,3
2520,17,20,23,22,17,12,13,17,20,23,22,17,12,13,17,20,23,22,17,12,13
2521,8,9,9,7,6,4,4,8,9,9,7,6,4,4,8,9,9,7,6,4,4
2522,40,51,47,40,35,26,27,40,51,47,40,35,26,27,40,51,47,40,35,26,27
2523,0,0,0,0,0,0,0,0,0,0,0,0,0,0,0,0,0,0,0,0,0
2524,1,1,1,1,1,1,1,1,1,1,1,1,1,1,2,2,2,2,2,2,2
2525,0,0,0,0,0,0,0,0,0,0,0,0,0,0,0,0,0,0,0,0,0
2526,5,7,5,5,5,4,4,5,7,5,5,5,4,4,5,7,5,5,5,4,4
2527,13,15,13,12,10,9,10,13,15,13,12,10,9,10,13,15,13,12,10,9,10
2528,57,67,67,60,50,42,44,56,70,71,64,54,45,46,58,69,69,61,52,44,46
2529,24,28,31,28,25,22,21,24,28,31,28,25,22,21,24,28,31,28,25,22,21
2530,1,1,1,1,1,1,1,1,1,1,1,1,1,1,1,1,1,1,1,1,1
2531,3,2,2,2,2,2,2,2,2,2,2,2,2,2,2,2,2,2,2,2,2
2532,16,23,27,27,22,13,12,15,22,26,27,22,13,12,15,22,26,26,22,13,12
2533,28,35,41,51,49,39,31,36,45,51,58,53,42,33,37,43,48,55,53,43,35
2534,73,83,82,74,65,55,53,68,84,87,79,69,58,55,69,83,83,75,65,55,52
2535,116,125,137,124,112,95,97,116,124,137,123,111,95,96,115,124,136,123,111,95,96
2536,153,157,161,156,126,114,125,153,162,165,159,128,113,121,147,157,162,157,126,113,125
2537,3,4,4,4,4,3,3,3,4,4,4,4,3,3,3,4,4,4,4,3,3
2538,11,14,13,10,8,7,8,12,14,13,9,8,6,8,11,13,12,9,8,6,8
2539,4,5,4,4,4,4,4,4,5,4,4,4,4,4,4,5,4,4,4,4,4
2540,13,16,14,14,11,9,9,13,16,14,13,11,9,9,13,16,14,13,11,9,9
2541,1,1,1,1,1,1,1,1,1,1,1,1,1,1,1,1,1,1,1,1,1
2542,1,1,1,1,1,1,1,1,1,1,1,1,1,1,1,1,1,1,1,1,1
2543,5,4,4,3,2,2,3,4,4,5,4,4,4,4,5,4,4,3,3,3,3
2544,0,0,0,0,0,0,0,0,0,0,0,0,0,0,0,0,0,0,0,0,0
2545,0,1,0,0,0,0,0,0,1,0,0,0,0,0,0,1,0,0,0,0,0
2546,17,19,21,16,14,12,12,17,19,21,16,14,12,12,17,19,21,16,14,12,12
2547,5,8,8,6,4,4,3,5,8,8,6,4,4,3,5,8,8,6,4,4,3
2548,1,2,1,1,1,1,1,1,2,1,1,1,1,1,1,2,1,1,1,1,1
2549,16,16,16,15,14,12,13,16,16,16,15,14,12,13,16,16,16,15,14,12,13
2550,4,5,8,5,6,5,4,4,5,8,5,6,5,4,4,5,8,5,6,5,4
2551,1,1,2,2,1,1,1,1,2,2,2,1,1,1,2,2,2,2,2,1,2
2552,8,9,8,7,6,6,7,8,9,8,7,6,6,7,8,9,8,7,6,6,7
2553,7,7,6,5,5,4,4,5,6,6,5,5,4,4,5,6,5,5,5,4,4
2554,0,1,1,1,1,1,1,1,1,1,1,1,1,1,1,1,1,1,1,1,1
2555,6,7,7,7,6,5,6,6,7,7,7,6,5,6,6,7,7,7,6,5,6
2556,133,141,134,90,82,88,100,133,141,134,90,82,88,100,133,141,134,90,82,88,100
2557,1,1,1,1,1,1,1,1,1,1,1,1,1,1,1,1,1,1,1,1,1
2558,0,0,0,0,0,0,0,0,0,0,0,0,0,0,0,0,0,0,0,0,0
2559,0,0,0,0,0,0,0,0,0,0,0,0,0,0,0,0,0,0,0,0,0
2560,0,0,0,0,0,0,0,0,0,0,0,0,0,0,0,0,0,0,0,0,0
2561,0,0,0,0,0,0,0,0,0,0,0,0,0,0,0,0,0,0,0,0,0
2562,0,0,0,0,0,0,0,0,0,0,0,0,0,0,0,0,0,0,0,0,0
2563,0,0,0,0,0,0,0,0,0,0,0,0,0,0,0,0,0,0,0,0,0
2564,0,0,0,0,0,0,0,0,0,0,0,0,0,0,0,0,0,0,0,0,0
2565,0,0,0,0,0,0,0,0,0,0,0,0,0,0,0,0,0,0,0,0,0
2566,0,0,0,0,0,0,0,0,0,0,0,0,0,0,0,0,0,0,0,0,0
2567,0,0,0,0,0,0,0,0,0,0,0,0,0,0,0,0,0,0,0,0,0
2568,0,0,0,0,0,0,0,0,0,0,0,0,0,0,0,0,0,0,0,0,0
2569,0,0,0,0,0,0,0,0,0,0,0,0,0,0,0,0,0,0,0,0,0
2570,0,0,0,0,0,0,0,0,0,0,0,0,0,0,0,0,0,0,0,0,0
2571,0,0,0,0,0,0,0,0,0,0,0,0,0,0,0,0,0,0,0,0,0
2572,12,13,12,9,8,7,8,12,13,12,9,8,7,8,12,13,12,9,8,7,8
2573,0,0,0,0,0,0,0,0,0,0,0,0,0,0,0,0,0,0,0,0,0
2574,0,0,0,0,0,0,0,0,0,0,0,0,0,0,0,0,0,0,0,0,0
2575,0,0,0,0,0,0,0,0,0,0,0,0,0,0,0,0,0,0,0,0,0
2576,2,1,0,0,0,0,0,1,0,0,0,0,0,0,1,0,0,0,0,0,0
2577,20,17,17,16,13,11,15,21,17,14,11,8,7,9,12,8,7,5,4,4,5
2578,5,3,2,1,1,1,1,1,1,1,1,1,1,1,1,1,1,1,1,1,1
2579,1,1,1,1,1,1,1,1,1,1,1,1,1,1,1,1,1,1,1,1,1
2580,46,49,46,41,37,32,33,39,42,43,39,37,33,34,39,43,43,40,37,33,33
2581,6,6,6,6,5,5,4,5,6,5,6,5,4,4,5,6,5,6,4,4,4
2582,0,0,0,0,0,0,0,0,0,0,0,0,0,0,0,0,0,0,0,0,0
2583,2,2,2,2,2,1,1,2,2,2,2,2,1,1,2,2,2,2,2,1,1
2584,4,5,5,4,3,3,3,4,4,4,4,3,3,3,4,5,5,4,3,3,4
2585,0,0,0,0,0,0,0,0,0,0,0,0,0,0,0,0,0,1,2,2,2
2586,0,0,0,0,0,0,0,0,0,0,0,0,0,0,0,0,0,0,0,0,0
2587,0,0,0,0,0,0,0,0,0,0,0,0,0,0,0,0,0,0,0,0,0
2588,0,0,0,0,0,0,0,0,0,0,0,0,0,0,0,0,0,0,0,0,0
2589,0,0,0,0,0,0,0,0,0,0,0,0,0,0,0,0,0,0,0,0,0
2590,9,12,11,10,9,10,9,9,12,11,10,9,10,9,9,12,11,10,9,10,9
2591,1,1,0,0,0,0,0,1,1,0,0,0,0,0,1,1,0,0,0,0,0
2592,4,5,4,3,3,2,2,4,5,4,3,3,2,2,4,5,4,3,3,2,2
2593,0,0,1,1,0,0,0,0,0,1,1,0,0,0,0,0,1,1,0,0,0
2594,1,2,2,1,1,1,1,1,2,2,1,1,1,1,1,1,2,1,1,1,1
2595,3,3,3,3,2,2,2,3,3,3,3,2,2,2,3,3,3,3,2,2,2
2596,1,1,1,1,0,0,1,1,1,1,1,0,0,1,1,1,1,1,0,0,1
2597,2,2,3,2,2,2,2,2,2,3,2,2,2,2,2,2,3,2,2,2,2
2598,1,1,1,1,1,1,1,1,1,1,1,1,1,1,1,1,1,1,1,1,1
2599,0,0,0,0,0,0,0,0,0,0,0,0,0,0,0,0,0,0,0,0,0
2600,0,0,0,0,0,0,0,0,0,0,0,0,0,0,0,0,0,0,0,0,0
2601,0,0,0,0,0,0,0,0,0,0,0,0,0,0,0,0,0,0,0,0,0
2602,0,0,0,0,0,0,0,0,0,0,0,0,0,0,0,0,0,0,0,0,0
2603,0,0,0,0,0,0,0,0,0,0,0,0,0,0,0,0,0,0,0,0,0
2604,0,0,0,0,0,0,0,0,0,0,0,0,0,0,0,0,0,0,0,0,0
2605,0,0,0,0,0,0,0,0,0,0,0,0,0,0,0,0,0,0,0,0,0
2606,6,7,8,7,6,5,5,6,7,7,7,6,5,5,7,9,9,9,8,7,7
2607,8,9,9,8,7,6,6,7,9,9,8,8,7,7,9,10,10,9,8,8,8
2608,0,0,0,0,0,0,0,0,0,0,0,0,0,0,0,0,0,0,0,0,0
2609,0,0,0,0,0,0,0,0,0,0,0,0,0,0,0,0,0,0,0,0,0
2610,0,0,0,0,0,0,0,0,0,0,0,0,0,0,0,0,0,0,0,0,0
2611,0,0,0,0,0,0,0,0,0,0,0,0,0,0,0,0,0,0,0,0,0
2612,0,0,0,0,0,0,0,0,0,0,0,0,0,0,0,0,0,0,0,0,0
2613,0,0,0,0,0,0,0,0,0,0,0,0,0,0,0,0,0,0,0,0,0
2614,203,190,189,152,82,93,128,203,190,189,152,82,93,128,203,190,189,152,82,93,128
2615,3,3,3,3,2,2,2,3,3,3,3,2,2,2,3,3,3,3,2,2,2
2616,0,0,0,0,0,0,0,0,0,0,0,0,0,0,0,0,0,0,0,0,0
2617,0,0,0,0,0,0,0,0,0,0,0,0,0,0,0,0,0,0,0,0,0
2618,0,0,0,0,0,0,0,0,0,0,0,0,0,0,0,0,0,0,0,0,0
2619,52,57,62,55,45,42,41,50,59,65,59,49,43,42,51,56,58,51,45,43,43
2620,14,17,14,16,15,11,12,14,16,14,16,15,11,12,14,16,14,16,15,11,12
2621,0,0,0,0,0,0,0,0,0,0,0,0,0,0,0,0,0,0,0,0,0
2622,8,9,10,10,9,7,7,8,9,9,8,7,6,6,8,10,11,10,9,7,8
2623,1,1,1,1,1,1,1,1,1,1,1,1,1,1,1,1,1,1,1,1,1
2624,11,13,13,12,11,10,10,11,13,13,13,12,10,10,11,13,13,12,11,10,10
2625,3,3,5,5,4,3,3,3,4,5,5,4,3,3,3,4,5,5,5,3,3
2626,3,3,4,4,3,2,2,3,3,4,4,3,2,2,3,3,4,4,3,2,2
2627,8,9,10,8,7,6,6,8,9,10,8,7,6,6,8,9,9,8,7,6,6
2628,20,22,25,24,19,17,16,20,22,25,24,19,17,16,20,22,25,24,19,17,16
2629,2,2,2,2,1,1,1,2,2,2,2,1,1,1,2,2,2,2,1,1,1
2630,8,9,10,9,8,6,6,8,9,9,9,7,6,6,8,9,9,9,7,6,6
2631,161,167,176,172,156,130,135,159,168,177,172,157,129,134,158,168,179,174,158,131,136
2632,0,0,0,0,0,0,0,0,0,0,0,0,0,0,0,0,0,0,0,0,0
2633,25,26,26,24,21,20,21,25,26,26,24,21,20,21,25,26,26,24,21,20,21
2634,22,24,28,27,23,16,16,21,24,28,27,23,16,16,21,24,28,27,23,16,16
2635,44,50,53,51,46,40,41,44,50,53,51,46,40,41,44,50,53,51,46,40,41
2636,0,0,0,0,0,0,0,0,0,0,0,0,0,0,0,0,0,0,0,0,0
2637,0,0,0,0,0,0,0,0,0,0,0,0,0,0,0,0,0,0,0,0,0
2638,0,0,0,0,0,0,0,0,0,0,0,0,0,0,0,0,0,0,0,0,0
2639,0,0,0,0,0,0,0,0,0,0,0,0,0,0,0,0,0,0,0,0,0
2640,0,0,0,0,0,0,0,0,0,0,0,0,0,0,0,0,0,0,0,0,0
2641,0,0,0,0,0,0,0,0,0,0,0,0,0,0,0,0,0,0,0,0,0
2642,0,0,0,0,0,0,0,0,0,0,0,0,0,0,0,0,0,0,0,0,0
2643,0,0,0,0,0,0,0,0,0,0,0,0,0,0,0,0,0,0,0,0,0
2644,3,1,1,1,0,0,0,3,1,1,1,0,0,0,3,1,1,1,0,0,0
2645,0,0,0,0,0,0,0,0,0,0,0,0,0,0,0,0,0,0,0,0,0
2646,0,0,0,0,0,0,0,0,0,0,0,0,0,0,0,0,0,0,0,0,0
2647,0,0,0,0,0,0,0,0,0,0,0,0,0,0,0,0,0,0,0,0,0
2648,1,1,2,1,1,1,1,1,1,2,2,1,1,1,1,1,2,2,1,1,1
2649,0,0,0,0,0,0,0,0,0,0,0,0,0,0,0,0,0,0,0,0,0
2650,0,0,0,0,0,0,0,0,0,0,0,0,0,0,0,0,0,0,0,0,0
2651,4,4,4,4,4,4,4,4,4,4,4,4,4,4,4,4,4,4,4,4,4
2652,4,4,4,4,4,4,4,4,4,4,4,4,4,4,4,4,4,4,4,4,4
2653,0,0,0,0,0,0,0,0,0,0,0,0,0,0,0,0,0,0,0,0,0
2654,1,1,1,1,1,1,1,1,1,1,1,1,1,1,1,1,0,0,0,1,1
2655,0,0,0,0,0,0,0,0,0,0,0,0,0,0,0,0,0,0,0,0,0
2656,0,0,0,0,0,0,0,0,0,0,0,0,0,0,0,0,0,0,0,0,0
2657,0,0,0,0,0,0,0,1,1,1,1,1,1,1,1,1,1,1,1,1,1
2658,3,3,3,3,2,2,2,3,3,3,3,3,2,2,3,3,3,3,2,2,2
2659,1,1,1,2,1,1,1,1,1,1,2,1,1,1,1,1,1,2,1,1,1
2660,47,44,46,41,36,32,33,40,42,47,43,38,34,34,41,42,45,42,37,33,33
2661,3,3,3,3,3,2,2,3,3,3,3,3,2,2,3,3,3,3,3,2,2
2662,7,8,9,9,7,7,7,9,10,10,9,7,7,7,8,10,10,9,8,7,7
2663,2,2,2,2,2,2,1,2,2,2,2,2,2,1,2,2,2,2,2,2,2
2664,35,39,38,36,29,25,25,29,35,38,37,31,26,26,31,37,39,38,32,27,27
2665,21,23,23,19,15,13,13,15,16,16,14,12,10,12,16,17,19,16,13,11,12
2666,3,3,3,3,3,2,2,3,3,3,3,3,2,2,3,3,3,3,3,2,2
2667,3,3,3,3,3,2,2,3,3,3,3,3,2,2,3,3,3,3,3,2,2
2668,4,6,6,5,4,3,3,4,6,6,5,4,3,3,4,6,6,5,4,3,3
2669,6,6,7,7,6,4,5,6,6,8,7,6,4,5,6,6,8,7,6,5,5
2670,29,33,33,30,25,22,20,24,30,34,32,27,23,21,25,30,32,28,24,21,19
2671,3,3,3,3,2,1,1,3,3,3,3,2,1,1,3,3,3,3,2,1,1
2672,14,14,13,11,11,10,11,13,13,12,11,11,10,11,13,13,12,11,10,10,11
2673,0,1,1,0,0,0,0,0,1,1,0,0,0,0,0,1,1,0,0,0,0
2674,0,0,0,0,0,0,0,0,0,0,0,0,0,0,0,0,0,0,0,0,0
2675,5,4,4,4,3,3,5,5,4,4,4,3,3,5,5,4,4,4,3,3,5
2676,16,17,19,18,16,14,14,16,17,21,19,17,14,13,15,16,19,17,16,14,14
2677,11,12,12,11,10,9,9,11,12,12,11,10,9,9,11,12,12,11,10,9,9
2678,13,13,13,11,11,10,11,13,13,13,11,11,10,11,13,13,13,12,11,11,11
2679,1,1,1,1,1,1,1,1,1,1,1,1,1,1,1,1,1,1,1,1,1
2680,2,2,2,2,2,1,1,2,2,2,2,2,1,1,2,2,2,2,2,1,1
2681,3,3,3,3,2,3,3,3,3,3,3,2,3,3,3,3,3,3,2,3,3
2682,3,4,4,4,3,3,2,3,4,4,4,3,3,2,3,4,4,4,3,3,2
2683,0,0,0,0,0,0,0,0,0,0,0,0,0,0,0,0,0,0,0,0,0
2684,1,2,1,2,1,1,1,1,2,1,2,1,1,1,1,2,1,2,1,1,1
2685,12,12,12,9,9,8,9,12,12,12,9,9,8,9,12,12,12,9,9,8,9
2686,10,10,11,11,11,9,8,10,10,11,11,11,9,8,10,10,11,11,11,9,8
2687,25,34,39,37,30,22,21,28,38,43,41,33,24,23,28,34,36,34,28,21,21
2688,5,5,4,3,2,2,3,5,5,4,3,2,2,3,5,5,4,3,2,2,4
2689,0,0,0,0,0,0,0,0,0,0,0,0,0,0,0,0,0,0,0,0,0
2690,2,2,2,2,2,1,2,2,2,2,2,2,1,2,2,2,2,2,2,1,2
2691,30,34,33,28,25,21,22,25,31,32,28,26,21,23,26,31,32,28,26,22,23
2692,4,3,4,3,3,3,3,4,3,4,3,3,3,3,4,3,4,3,3,3,3
2693,47,47,44,38,35,32,34,42,46,43,37,34,30,32,40,42,40,34,32,30,32
2694,3,3,3,2,2,2,3,3,3,3,2,2,2,3,3,3,3,2,2,2,3
2695,30,29,26,23,20,18,19,22,22,21,19,17,16,18,20,20,19,17,15,14,16
2696,4,4,4,3,3,3,3,4,4,4,3,3,3,3,4,4,4,3,3,3,3
2697,4,5,5,4,4,4,4,5,6,5,5,4,4,4,5,6,5,5,4,4,4
2698,0,0,0,0,0,0,0,0,0,0,0,0,0,0,0,0,0,0,0,0,0
2699,2,2,2,2,2,2,2,2,2,2,2,2,2,2,2,2,2,2,2,2,2
2700,1,1,1,1,1,1,1,1,1,1,1,1,1,1,1,1,1,1,1,1,1
2701,0,0,0,0,0,0,0,0,0,0,0,0,0,0,0,0,0,0,0,0,0
2702,1,1,1,1,1,1,1,1,1,1,1,1,1,1,1,1,1,1,1,1,1
2703,0,1,1,1,1,0,1,1,1,1,1,1,1,1,1,1,1,1,1,1,1
2704,0,0,0,0,0,0,0,0,0,0,0,0,0,0,0,0,0,0,0,0,0
2705,0,0,0,1,0,0,0,0,0,0,1,0,0,0,0,0,0,1,0,0,0
2706,1,0,0,1,1,1,1,1,0,0,1,1,1,1,1,0,0,1,1,1,1
2707,2,2,1,2,2,1,2,2,2,1,2,2,1,2,2,2,1,2,2,1,2
2708,0,0,0,0,0,0,0,0,0,0,0,0,0,0,0,0,0,0,0,0,0
2709,0,0,0,0,0,0,0,0,0,0,0,0,0,0,0,0,0,0,0,0,0
2710,0,0,0,0,0,0,0,0,0,0,0,0,0,0,0,0,0,0,0,0,0
2711,0,0,0,0,0,0,0,0,0,0,0,0,0,0,0,0,0,0,0,0,0
2712,0,0,0,0,0,0,0,0,0,0,0,0,0,0,0,0,0,0,0,0,0
2713,0,0,0,0,0,0,0,0,0,0,0,0,0,0,0,0,0,0,0,0,0
2714,1,1,2,2,2,1,0,1,1,2,2,2,1,0,1,1,2,2,2,1,0
2715,0,0,0,0,0,0,0,0,0,0,0,0,0,0,0,0,0,0,0,0,0
2716,0,0,0,1,0,0,0,0,0,0,1,0,0,0,0,0,0,1,0,0,0
2717,0,0,0,0,0,0,0,0,0,0,0,0,0,0,0,0,0,0,0,0,1
2718,4,3,7,4,4,4,3,4,3,7,4,4,4,3,4,3,7,4,4,4,3
2719,0,0,0,0,0,0,0,0,0,0,0,0,0,0,0,0,0,0,0,0,0
2720,0,0,0,0,0,0,0,0,0,0,0,0,0,0,0,0,0,0,0,0,0
2721,0,0,0,0,0,0,0,0,0,0,0,0,0,0,0,0,0,0,0,0,0
2722,2,2,2,2,2,1,1,2,2,2,2,1,1,1,1,1,2,1,1,1,1
2723,3,3,2,2,1,1,2,2,2,2,2,2,2,2,2,2,2,2,1,1,2
2724,0,1,1,2,1,1,1,1,1,1,2,1,1,1,1,1,1,2,2,2,1
2725,1,1,2,2,2,2,2,2,2,2,2,2,2,2,2,2,1,1,1,1,1
2726,1,1,1,2,2,2,2,2,2,2,2,3,3,3,3,2,2,2,2,2,2
2727,1,1,1,1,1,2,2,2,2,2,2,2,2,2,2,2,2,2,2,2,2
2728,3,4,3,3,3,3,3,3,4,3,3,3,3,3,3,4,3,3,3,3,3
2729,0,1,0,1,0,0,0,0,1,0,1,0,0,0,0,1,0,1,0,0,0
2730,2,2,2,2,2,2,2,2,2,2,2,1,1,1,2,1,1,1,1,1,1
2731,1,1,1,1,1,1,1,1,1,1,1,1,1,1,1,1,1,1,1,1,1
2732,0,0,0,0,0,0,0,0,0,0,0,0,0,0,0,0,0,0,0,0,0
2733,2,1,1,1,1,1,1,1,1,1,1,1,1,1,1,1,1,0,0,0,0
2734,7,8,8,6,3,2,5,7,8,8,6,3,2,5,7,8,8,6,3,2,5
2735,169,224,245,217,156,132,131,164,225,248,219,157,131,128,160,221,244,217,159,136,136
2736,0,0,0,0,0,0,0,0,0,0,0,0,0,0,0,0,0,0,0,0,0
2737,1,1,1,1,1,1,1,1,1,1,1,1,1,1,1,1,1,1,1,1,1
2738,16,18,17,17,15,14,14,16,19,19,20,19,17,17,19,21,19,17,15,15,15
2739,1,1,1,1,0,0,1,1,1,1,1,0,0,1,1,1,1,1,0,0,1
2740,1,1,1,1,1,1,1,1,1,1,1,1,1,1,1,1,1,1,1,1,1
2741,0,1,1,1,1,0,0,0,1,1,1,1,0,0,0,1,1,1,1,1,1
2742,0,0,0,0,0,0,0,0,0,0,0,0,0,0,0,0,0,0,0,0,0
2743,0,0,0,0,0,0,0,0,0,0,0,0,0,0,0,0,0,0,0,0,0
2744,0,0,0,0,0,0,0,0,0,0,0,0,0,0,0,0,0,0,0,0,0
2745,31,40,40,34,30,23,22,31,40,41,37,33,26,25,34,42,42,36,32,25,24
2746,39,44,47,47,45,43,43,53,55,53,48,45,40,38,47,48,46,41,39,35,34
2747,3,3,3,2,2,2,2,3,3,3,2,2,2,2,3,3,3,2,2,2,3
2748,0,0,0,0,0,0,0,0,0,0,0,0,0,0,0,0,0,0,0,0,0
2749,44,50,50,48,43,36,41,47,56,55,51,46,38,42,49,57,57,53,48,40,45
2750,3,3,3,2,2,2,3,3,3,3,2,2,2,3,3,3,3,2,2,2,3
2751,0,0,0,0,0,0,0,0,0,0,0,0,0,0,0,0,0,0,0,0,0
2752,32,35,33,29,25,23,24,31,34,32,28,24,22,23,31,34,32,29,25,23,24
2753,3,3,3,3,2,2,2,3,3,3,3,2,2,2,3,3,3,3,2,2,2
2754,22,21,23,21,18,14,14,22,21,23,21,18,14,14,22,21,23,21,18,14,14
2755,18,18,16,13,10,8,9,12,15,15,13,11,8,9,12,13,13,12,10,8,10
2756,3,3,3,3,2,2,2,3,3,3,3,2,2,2,3,3,3,3,2,2,3
2757,61,70,71,44,36,29,32,63,72,72,44,36,29,31,63,73,74,46,38,31,34
2758,11,11,11,11,10,9,10,12,13,14,13,11,9,9,10,9,10,10,9,8,9
2759,6,6,6,5,4,4,4,5,5,6,4,4,4,4,5,5,6,4,4,4,4
2760,1,1,0,0,0,0,0,1,0,0,0,0,0,0,1,1,0,0,0,0,0
2761,16,15,14,11,8,9,11,14,16,16,13,10,10,12,16,17,16,13,10,11,14
2762,1,1,1,1,1,1,1,1,1,1,1,1,1,1,1,1,1,1,1,1,1
2763,10,10,9,8,8,6,6,8,9,9,8,7,6,6,8,8,8,8,7,6,6
2764,2,2,2,2,2,1,2,2,2,2,2,2,1,2,2,2,2,2,2,1,2
2765,5,5,4,4,4,4,3,4,5,4,4,4,4,3,4,5,4,4,4,4,4
2766,3,3,2,2,2,1,2,3,3,2,2,2,1,2,3,3,2,2,1,1,2
2767,6,6,7,6,5,4,5,6,6,7,5,5,4,4,5,6,6,5,5,4,4
2768,22,22,22,33,35,33,26,23,24,23,33,35,33,26,23,24,23,33,35,33,26
2769,0,0,0,0,0,0,0,0,0,0,0,0,0,0,0,0,0,0,0,0,0
2770,1,1,1,0,0,0,1,1,1,1,0,0,0,0,1,1,1,0,0,0,1
2771,16,15,11,8,7,7,8,10,12,12,11,9,9,9,11,11,10,9,8,8,9
2772,0,0,0,0,0,0,0,0,0,0,0,0,0,0,1,1,2,2,3,3,3
2773,3,4,5,4,5,4,4,4,4,4,3,3,3,3,3,4,4,4,4,4,4
2774,7,9,8,9,7,5,5,6,9,9,9,8,5,5,5,8,8,8,7,5,5
2775,185,188,189,154,139,153,164,201,212,207,170,154,165,175,210,213,208,165,146,158,170
2776,27,34,39,38,32,24,25,32,45,51,51,44,34,34,40,48,51,47,38,29,29
2777,35,39,42,35,30,24,25,35,45,54,51,46,39,40,49,53,54,46,40,33,35
2778,11,12,12,9,6,5,4,6,9,12,10,7,4,4,6,10,16,16,13,10,9
2779,248,257,292,278,255,229,223,255,272,300,284,266,237,234,268,287,320,299,276,248,250
2780,71,68,70,63,59,58,69,81,89,91,81,75,70,78,88,92,91,77,71,67,77
2781,132,148,165,160,128,105,105,147,166,176,167,135,108,104,146,162,174,165,132,107,104
2782,5,6,7,8,6,6,5,5,6,7,8,6,6,5,5,6,7,8,6,6,5
2783,0,0,0,0,0,0,0,0,0,0,0,0,0,0,0,0,0,0,0,0,0
2784,5,4,4,3,2,3,4,5,4,4,3,2,3,4,5,4,4,3,2,3,4
2785,39,41,43,40,33,28,26,37,37,39,38,32,28,26,37,37,39,38,32,28,26
2786,26,34,34,30,26,20,21,27,35,34,29,26,20,21,28,36,35,31,27,21,22
2787,3,3,2,2,2,1,2,3,3,2,2,2,1,2,3,3,2,2,2,1,2
2788,127,148,193,191,169,106,100,138,165,208,205,183,117,109,148,170,211,203,179,114,108
2789,82,114,112,111,91,64,58,87,125,128,127,106,75,69,97,131,132,126,104,75,70
2790,35,38,39,36,32,31,33,36,42,43,40,35,33,35,37,42,43,39,35,33,36
2791,0,0,0,0,0,0,0,0,0,0,0,0,0,0,0,0,0,0,0,0,0
2792,1,1,1,1,1,0,1,1,1,1,1,1,0,1,1,1,1,1,1,1,1
2793,18,20,17,13,11,10,9,14,20,21,18,15,12,11,14,16,15,13,12,11,11
2794,29,38,37,30,24,22,21,29,38,37,30,24,22,21,29,38,37,30,24,22,21
2795,0,0,0,0,0,0,0,0,0,0,0,0,0,0,0,0,0,0,0,0,0
2796,11,14,15,13,9,9,8,11,13,15,13,9,9,9,11,14,15,13,10,9,9
2797,9,9,8,7,7,6,8,9,9,8,7,7,6,8,9,9,8,7,7,6,8
2798,21,17,13,12,9,7,9,15,15,16,15,12,9,11,18,17,17,17,14,11,14
2799,12,15,14,13,10,9,8,11,15,15,14,12,10,9,12,15,16,15,12,11,10
2800,2,2,3,3,3,2,2,2,2,3,3,3,2,2,2,2,3,3,3,2,2
2801,4,4,5,4,4,4,4,4,5,5,4,4,4,4,4,5,4,4,4,4,4
2802,3,3,3,3,2,2,2,3,4,4,3,3,2,3,3,4,3,3,2,2,3
2803,2,3,3,3,2,2,2,2,3,3,3,2,2,2,3,3,3,3,3,3,3
2804,99,113,123,111,92,77,80,101,121,130,116,96,78,80,101,119,129,117,97,81,84
2805,11,11,11,11,9,7,8,11,12,12,11,10,8,8,11,11,11,10,9,7,8
2806,29,39,32,28,17,20,20,29,39,32,28,17,20,20,29,39,32,28,17,20,20
2807,29,34,42,39,31,23,19,25,31,39,36,29,21,18,26,34,44,42,35,27,24
2808,1,2,2,2,2,1,1,1,2,2,2,2,1,1,1,2,2,2,2,1,1
2809,3,3,3,2,2,2,2,3,3,3,3,2,2,3,3,4,4,3,3,2,3
2810,1,1,2,2,1,1,1,1,1,2,2,1,1,1,1,2,2,2,1,1,1
2811,0,0,0,0,0,0,0,0,0,0,0,0,0,0,0,0,0,0,0,0,0
2812,1,1,1,0,1,0,0,1,1,1,0,1,0,0,1,1,1,0,1,0,0
2813,70,70,72,67,68,66,69,70,70,72,67,68,66,69,70,70,72,67,68,66,69
2814,7,8,9,8,6,5,4,7,8,9,8,6,5,4,7,8,9,8,6,5,5
2815,37,44,42,32,28,28,30,37,44,43,33,29,29,32,39,47,44,33,30,29,32
2816,4,5,4,4,4,3,4,4,5,4,4,4,3,4,4,5,4,4,4,3,4
2817,9,10,8,8,5,4,5,7,10,11,11,8,6,7,7,8,7,7,5,4,5
2818,8,9,9,7,6,6,6,8,8,7,7,5,6,6,10,12,11,9,7,8,8
2819,19,22,23,19,15,13,14,19,24,27,24,20,18,19,25,29,30,24,19,17,18
2820,39,41,41,35,28,24,27,40,45,47,42,34,29,32,44,47,45,39,31,27,30
2821,25,35,35,28,23,18,20,28,39,38,29,24,18,19,26,35,33,25,21,16,17
2822,55,57,59,57,49,45,43,52,58,63,62,53,47,46,56,60,64,61,52,47,46
2823,5,7,13,13,11,6,3,5,7,13,13,11,6,3,5,7,13,13,11,6,3
2824,9,9,9,8,6,4,4,6,7,8,8,6,5,5,7,8,9,9,7,5,5
2825,16,16,18,15,12,16,13,15,16,18,15,12,16,13,15,16,18,15,12,16,13
2826,8,8,8,5,5,4,5,7,9,9,6,6,4,5,7,7,7,5,5,4,5
2827,17,20,22,19,16,11,9,13,21,28,27,22,16,14,18,25,29,26,21,15,13
2828,3,3,2,2,3,2,2,3,3,2,2,3,2,2,3,3,2,2,3,2,2
2829,1,1,1,1,1,1,1,1,1,1,1,1,1,1,1,1,1,1,1,1,1
2830,1,1,1,1,1,1,1,1,1,1,1,1,1,1,1,1,1,1,1,1,1
2831,1,2,2,2,2,2,1,1,2,2,2,2,2,1,1,2,2,2,2,2,1
2832,13,16,14,15,13,12,12,13,16,14,15,13,12,12,13,16,14,15,13,12,12
2833,1,1,1,1,1,1,1,1,1,1,1,1,1,1,1,1,1,1,1,1,1
2834,1,2,2,2,2,1,1,1,2,2,2,2,1,1,1,2,2,2,2,1,1
2835,0,0,1,1,0,0,0,0,0,1,1,0,0,0,0,0,1,1,0,0,0
2836,0,0,0,0,0,0,0,0,1,1,1,1,1,1,1,1,1,1,1,2,2
2837,0,0,0,0,0,0,0,0,0,0,0,0,0,0,0,0,0,0,0,0,0
2838,2,2,1,1,1,1,1,1,1,1,1,1,1,1,1,1,1,1,1,1,1
2839,4,4,4,4,4,3,3,4,5,4,4,4,3,3,4,4,3,3,3,3,3
2840,1,1,1,1,1,1,1,1,2,2,1,1,1,1,2,2,2,2,1,1,1
2841,1,1,1,2,1,1,1,1,1,1,2,1,1,1,1,1,1,2,1,1,1
2842,1,1,1,1,1,1,1,1,1,1,1,1,1,1,1,1,1,1,1,1,1
2843,3,6,7,7,9,8,4,2,5,6,7,8,8,4,2,5,6,7,8,8,4
2844,0,0,0,0,0,0,0,0,0,1,0,0,0,0,1,1,1,1,1,1,1
2845,0,0,0,0,0,0,0,0,0,0,0,0,0,0,0,0,0,0,0,0,0
2846,0,0,0,0,0,0,0,0,0,0,0,0,0,0,0,0,0,0,0,0,0
2847,0,0,0,0,0,0,0,0,0,0,0,0,0,0,0,0,0,0,0,0,0
2848,0,0,0,0,0,0,0,0,0,0,0,0,0,0,0,0,0,0,0,0,0
2849,1,1,1,1,1,1,1,1,1,1,1,1,1,1,1,1,1,1,1,1,1
2850,0,0,0,0,0,0,0,0,0,0,0,0,0,0,0,0,0,0,0,0,0
2851,0,0,0,0,0,0,0,0,0,0,0,0,0,0,0,0,0,0,0,0,0
2852,0,0,0,0,0,0,0,0,0,0,0,0,0,0,0,0,0,0,0,0,0
2853,0,0,0,0,0,0,0,0,0,0,0,0,0,0,0,0,0,0,0,0,0
2854,2,2,2,2,1,1,1,2,3,3,2,1,1,2,3,3,3,3,2,2,2
2855,0,0,0,0,0,0,0,0,0,0,0,0,0,0,0,0,0,0,0,0,0
2856,0,0,0,0,0,0,0,0,0,0,0,0,0,0,0,0,0,0,0,0,0
2857,0,0,0,0,0,0,0,0,0,0,0,0,0,0,0,0,0,0,0,0,0
2858,0,0,0,0,0,0,0,0,0,0,0,0,0,0,0,0,0,0,0,0,0
2859,0,0,0,0,0,0,0,0,0,0,0,0,0,0,0,0,0,0,0,0,0
2860,0,0,0,0,0,0,0,0,0,0,0,0,0,0,0,0,0,0,0,0,0
2861,0,0,0,0,0,0,0,0,0,0,0,0,0,0,0,0,0,0,0,0,0
2862,0,0,0,0,0,0,0,0,0,0,0,0,0,0,0,0,0,0,0,0,0
2863,1,1,1,0,0,0,1,1,1,1,0,0,0,1,1,1,1,0,0,0,1
2864,12,13,12,4,6,6,6,12,13,12,4,6,6,6,12,13,12,4,6,6,7
2865,1,1,1,0,0,1,0,1,1,1,0,0,1,0,1,1,1,0,0,1,0
2866,0,0,0,0,0,0,0,0,0,0,0,0,0,0,0,0,0,0,0,0,0
2867,1,1,1,1,1,1,1,1,1,1,1,1,1,1,1,2,1,1,1,1,1
2868,1,0,0,0,0,0,0,0,0,0,0,0,0,0,1,1,1,1,0,0,1
2869,0,0,0,0,0,0,0,0,0,1,0,0,0,0,0,1,1,1,1,1,1
2870,1,1,1,2,3,2,2,0,1,1,2,3,2,2,0,1,1,2,3,2,2
2871,0,0,0,1,1,0,0,0,0,0,1,1,0,0,0,0,0,1,1,0,0
2872,0,0,0,0,0,0,0,0,0,0,0,0,0,0,0,0,0,0,0,0,0
2873,0,0,0,0,0,0,0,0,0,0,0,0,0,0,0,0,0,0,0,0,0
2874,0,0,0,0,0,0,0,0,0,1,1,1,1,1,1,1,1,1,1,1,1
2875,0,0,0,0,0,0,0,0,0,0,0,0,0,0,0,0,0,0,0,0,0
2876,1,0,0,0,0,0,0,0,0,0,0,0,0,0,0,0,0,0,0,0,0
2877,2,2,1,1,1,0,1,1,1,1,1,0,0,1,1,1,1,1,0,0,1
2878,6,5,3,3,2,2,2,2,2,2,1,1,1,1,2,2,2,3,3,3,3
2879,0,0,0,0,1,0,0,0,0,0,0,1,0,0,0,0,0,0,1,0,0
2880,0,0,0,0,0,0,0,0,0,0,0,0,0,0,0,0,0,0,0,0,0
2881,0,0,0,0,0,0,0,0,0,0,0,0,0,0,0,0,0,0,0,0,0
2882,1,1,1,1,1,1,1,1,1,1,1,1,1,1,1,1,1,1,1,1,1
2883,0,0,0,0,0,0,0,0,0,0,0,0,0,0,0,0,0,0,0,0,0
2884,0,0,0,0,0,0,0,0,0,0,0,0,0,0,0,0,0,0,0,0,0
2885,0,0,0,0,0,0,0,0,0,0,0,0,0,0,0,0,0,0,0,0,0
2886,0,0,0,0,0,0,0,0,0,0,0,0,0,0,0,0,0,0,0,0,0
2887,0,0,0,0,0,0,0,0,0,0,0,0,0,0,0,0,0,0,0,0,0
2888,1,1,1,1,1,0,1,1,1,1,1,1,0,1,1,1,1,1,1,0,1
2889,0,0,0,0,0,0,0,0,0,0,0,0,0,0,0,0,0,0,0,0,0
2890,0,0,0,0,0,0,0,0,0,0,0,0,0,0,0,0,0,0,0,0,0
2891,0,0,0,0,0,0,0,0,0,0,0,0,0,0,0,0,0,0,0,0,0
2892,0,0,0,0,0,0,0,0,0,0,0,0,0,0,0,0,0,0,0,0,0
2893,2,2,2,2,3,2,2,2,2,2,2,3,2,2,2,2,2,2,3,2,2
2894,1,1,1,1,1,1,1,1,1,1,1,1,1,1,1,1,1,1,1,1,1
2895,0,0,0,0,0,0,0,0,0,0,0,0,0,0,0,0,0,0,0,0,0
2896,0,0,0,0,0,0,0,0,0,0,0,0,0,0,0,0,0,0,0,0,0
2897,22,23,22,19,17,16,17,20,22,22,20,18,17,18,22,23,23,20,17,17,18
2898,14,15,15,17,16,14,14,14,15,15,17,16,14,14,14,15,15,17,16,14,14
2899,3,4,4,4,4,4,4,5,5,4,4,3,3,3,5,6,6,5,4,4,4
2900,13,14,14,14,12,10,10,12,13,14,13,11,9,9,11,11,12,12,11,9,9
2901,2,2,3,2,2,2,2,2,3,3,3,2,2,2,2,3,3,3,2,2,2
2902,9,9,8,9,8,7,7,9,9,8,9,8,7,7,9,9,8,9,8,7,7
2903,1,2,2,1,1,1,1,1,2,2,1,1,1,1,1,2,2,1,1,1,1
2904,0,0,0,0,0,0,0,0,0,0,0,0,0,0,0,0,0,0,0,0,0
2905,0,0,0,0,0,0,0,0,0,0,0,0,0,0,0,0,0,0,0,0,0
2906,0,0,0,0,0,0,0,0,0,0,0,0,0,0,0,0,0,0,0,0,0
2907,15,16,14,16,15,11,13,15,16,14,16,15,11,13,15,16,14,16,15,11,13
2908,1,1,1,0,0,0,0,1,1,1,0,0,0,0,1,1,1,0,0,0,0
2909,2,2,2,3,2,3,3,3,3,3,3,2,2,2,2,2,2,1,1,1,2
2910,1,1,1,1,1,1,1,1,1,1,1,1,1,1,1,1,1,1,1,1,1
2911,10,11,13,12,11,10,9,10,11,13,12,11,10,9,10,11,13,12,11,10,9
2912,12,13,11,10,10,10,9,12,13,11,10,10,10,9,12,13,11,10,10,10,9
2913,1,1,0,0,0,0,0,1,1,0,0,0,0,0,1,1,0,0,0,0,0
2914,23,26,24,20,18,18,19,23,26,24,20,18,18,19,23,26,24,20,18,18,19
2915,10,9,9,11,9,9,9,10,9,9,11,9,9,9,10,9,9,11,9,9,9
2916,5,5,6,5,4,4,4,5,6,6,5,5,4,4,5,5,6,5,5,4,4
2917,0,0,1,0,0,0,0,0,0,1,0,0,0,0,0,0,1,0,0,0,0
2918,0,0,0,0,0,0,0,0,0,0,0,0,0,0,0,0,0,0,0,0,0
2919,12,12,11,9,8,9,10,14,15,13,10,8,8,8,11,10,8,7,6,8,9
2920,1,2,1,2,1,2,2,1,2,1,2,1,2,2,1,2,1,2,1,2,2
2921,3,4,4,3,3,3,3,3,4,4,3,3,3,3,3,4,4,3,3,3,3
2922,0,0,0,0,0,0,0,0,0,0,0,0,0,0,0,0,0,0,0,0,0
2923,21,25,24,21,18,16,18,21,25,24,21,18,16,18,21,25,24,21,18,16,18
2924,1,1,1,1,1,1,1,1,1,1,1,1,1,1,1,1,1,1,1,1,1
2925,0,0,0,0,0,0,0,0,0,0,0,0,0,0,0,0,0,0,0,0,0
2926,1,1,1,1,1,1,1,1,1,1,1,1,1,1,1,1,1,1,1,1,1
2927,0,0,0,0,0,0,0,0,0,0,0,0,0,0,0,0,0,0,0,0,0
2928,0,0,1,0,0,0,0,0,0,1,0,0,0,0,0,0,1,0,0,0,0
2929,0,0,0,0,0,0,0,0,0,0,0,0,0,0,0,0,0,0,0,0,0
2930,0,0,0,0,0,0,0,0,0,0,0,0,0,0,0,0,0,0,0,0,0
2931,0,0,0,0,0,0,0,0,0,0,0,0,0,0,0,0,0,0,0,0,0
2932,0,0,0,0,0,0,0,0,0,0,0,0,0,0,0,0,0,0,0,0,0
2933,0,0,0,0,0,0,0,0,0,0,0,0,0,0,0,0,0,0,0,0,0
2934,0,0,0,0,0,0,0,0,0,0,0,0,0,0,0,0,0,0,0,0,0
2935,0,0,0,0,0,0,0,0,0,0,0,0,0,0,0,0,0,0,0,0,0
2936,0,0,0,0,0,0,0,0,0,0,0,0,0,0,0,0,0,0,0,0,0
2937,0,0,0,0,0,0,0,0,0,0,0,0,0,0,0,0,0,0,0,0,0
2938,0,0,0,0,0,0,0,0,0,0,0,0,0,0,0,0,0,0,0,0,0
2939,0,0,0,0,0,0,0,0,0,0,0,0,0,0,0,0,0,0,0,0,0
2940,0,0,0,0,0,0,0,0,0,0,0,0,0,0,0,0,0,0,0,0,0
2941,0,0,0,0,0,0,0,0,0,0,0,0,0,0,0,0,0,0,0,0,0
2942,0,0,0,0,0,0,0,0,0,0,0,0,0,0,0,0,0,0,0,0,0
2943,4,4,4,4,4,4,3,4,4,4,4,4,4,3,4,4,4,4,4,4,3
2944,35,37,40,38,32,30,33,42,47,46,39,31,26,29,39,49,53,47,39,35,39
2945,0,0,0,0,0,0,0,0,0,0,0,0,0,0,0,0,0,0,0,0,0
2946,3,3,3,2,2,2,3,3,3,3,2,2,2,3,3,3,3,2,2,2,3
2947,0,0,0,0,0,0,0,0,0,0,0,0,0,0,0,0,0,0,0,0,0
2948,0,1,0,0,0,0,0,0,1,0,0,0,0,0,0,1,0,0,0,0,0
2949,0,0,0,0,0,0,0,0,0,0,0,0,0,0,0,0,0,0,0,0,0
2950,0,0,0,0,0,0,0,0,0,0,0,0,0,0,0,0,0,0,0,0,0
2951,1,1,0,0,0,0,0,1,1,0,0,0,0,0,1,1,0,0,0,1,1
2952,1,1,1,1,1,1,1,2,2,2,2,1,1,1,1,1,1,0,0,0,1
2953,7,9,8,7,5,5,5,7,9,8,7,5,5,5,7,9,8,7,5,5,5
2954,7,9,9,8,7,5,5,7,9,9,8,7,5,5,7,9,9,8,7,5,5
2955,89,102,99,91,71,63,72,89,107,103,94,76,66,75,94,112,110,102,82,72,80
2956,17,14,14,13,12,11,14,17,14,14,13,12,11,14,17,14,14,13,12,11,14
2957,2,3,3,3,3,3,4,4,4,3,3,3,3,4,4,4,3,3,2,3,3
2958,5,6,6,5,5,4,5,5,6,7,6,5,5,5,5,6,6,5,4,4,5
2959,5,6,6,5,4,3,3,5,6,5,5,4,3,4,5,5,5,4,4,3,4
2960,0,0,0,0,0,0,0,0,0,0,0,0,0,0,0,0,0,0,0,0,0
2961,3,4,4,3,3,3,3,3,4,4,3,3,3,3,3,4,4,3,3,3,3
2962,0,0,0,0,0,0,0,0,0,0,0,0,0,0,0,0,0,0,0,0,0
2963,0,0,0,0,0,0,0,0,0,0,0,0,0,0,0,0,0,0,0,0,0
2964,0,0,0,0,0,0,0,0,0,0,0,0,0,0,0,0,0,0,0,0,0
2965,0,1,0,0,0,0,0,0,1,0,0,0,0,0,0,1,0,0,0,0,0
2966,42,45,42,40,34,34,38,40,44,42,39,33,32,35,36,40,38,36,31,31,35
2967,2,2,3,2,2,2,1,2,2,3,2,2,2,1,2,2,3,2,2,2,1
2968,1,1,1,1,1,1,0,1,1,1,1,1,1,0,1,1,1,1,1,1,0
2969,0,0,0,0,0,0,0,0,0,0,0,0,0,0,0,0,0,0,0,0,0
2970,2,2,2,2,2,2,2,2,2,2,2,2,2,2,2,2,2,2,2,2,2
2971,0,0,0,0,0,0,0,0,0,0,0,0,0,0,0,0,0,0,0,0,0
2972,3,5,5,5,4,3,3,3,5,5,5,4,3,3,3,4,5,4,4,3,3
2973,0,0,1,0,0,1,1,1,0,1,1,1,1,1,1,1,1,1,1,1,1
2974,10,11,10,10,9,8,9,10,11,10,10,9,8,9,10,11,10,10,9,8,9
2975,10,11,10,10,9,8,9,10,11,10,10,9,8,9,10,11,10,10,9,8,9
2976,5,5,6,6,5,4,4,4,5,6,5,5,4,4,5,5,6,5,5,4,4
2977,8,8,8,8,7,8,7,8,8,8,8,7,7,6,7,7,7,7,7,7,6
2978,19,18,21,18,17,15,16,20,21,23,20,19,17,17,21,20,22,20,19,17,18
2979,1,1,1,1,1,1,1,1,1,1,1,1,1,1,1,1,1,1,1,1,1
2980,2,2,2,1,1,1,1,1,1,1,1,1,1,1,2,2,2,2,1,1,1
2981,0,1,1,1,1,0,0,1,1,1,1,1,1,0,1,1,1,1,1,1,1
2982,1,1,1,1,1,1,1,1,1,1,1,1,1,1,1,1,1,1,1,1,1
2983,3,4,4,4,3,3,3,3,4,4,4,3,3,3,3,4,4,4,3,3,3
2984,0,0,0,0,0,0,0,0,0,0,0,0,0,0,0,0,0,0,0,0,0
2985,0,0,0,0,0,0,0,0,0,0,0,0,0,0,0,0,0,0,0,0,0
2986,0,0,0,0,0,0,0,0,0,0,0,0,0,0,0,0,0,0,0,0,0
2987,1,1,1,1,1,0,0,1,1,1,1,1,0,0,1,1,1,1,1,0,0
2988,1,1,1,0,0,0,1,1,1,1,0,0,0,1,1,1,1,0,0,0,1
2989,0,0,0,0,0,0,0,0,0,0,0,0,0,0,0,0,0,0,0,0,0
2990,0,0,0,0,0,0,0,0,0,0,0,0,0,0,0,0,0,0,0,0,0
2991,0,0,0,0,0,0,0,0,0,0,0,0,0,0,0,0,0,0,0,0,0
2992,9,11,13,14,13,9,8,9,11,13,14,13,9,8,9,11,13,14,13,9,8
2993,0,0,0,0,0,0,0,0,0,0,0,0,0,0,0,0,0,0,0,0,0
2994,4,5,5,5,4,4,3,4,5,5,5,4,4,3,4,5,5,5,4,4,3
2995,1,1,0,0,1,1,1,1,0,0,1,1,1,1,1,0,0,0,1,1,1
2996,8,8,7,7,6,6,7,8,9,8,7,6,6,7,9,9,8,8,6,6,8
2997,0,0,0,0,0,0,0,0,0,0,0,0,0,0,0,0,0,0,0,0,0
2998,5,7,8,7,4,3,2,5,7,8,7,4,3,2,5,7,8,7,4,3,3
2999,89,90,88,82,75,76,85,90,91,88,82,76,76,85,90,91,88,82,76,76,85
3000,1,1,3,1,1,2,2,1,1,3,1,1,2,2,1,1,3,1,1,2,2
3001,1,2,1,1,2,1,2,1,2,1,1,2,1,2,1,2,1,1,2,1,2
3002,0,0,0,0,0,0,0,0,0,0,0,0,0,0,0,0,0,0,0,0,0
3003,0,0,0,0,0,0,0,0,0,0,0,0,0,0,0,0,0,0,0,0,0
3004,0,0,0,0,0,0,0,0,0,0,0,0,0,0,0,0,0,0,0,0,0
3005,0,0,0,0,0,0,0,0,0,0,0,0,0,0,0,0,0,0,0,0,0
3006,0,0,0,0,0,0,0,0,0,0,0,0,0,0,0,0,0,0,0,0,0
3007,0,0,0,0,0,0,0,0,0,0,0,0,0,0,0,0,0,0,0,0,0
3008,0,0,0,0,0,0,0,0,0,0,1,1,1,1,1,2,3,5,6,6,6
3009,1,0,0,0,0,0,1,1,0,0,0,0,0,1,1,0,0,0,0,0,1
3010,15,16,16,14,12,11,12,15,17,17,15,14,13,15,18,20,19,16,14,13,14
3011,2,2,3,1,1,1,1,2,2,3,1,1,1,1,2,2,3,1,1,1,1
3012,4,5,5,4,4,4,4,4,5,5,4,4,4,4,4,5,5,4,4,4,4
3013,13,14,14,12,12,10,10,13,14,14,13,12,11,11,13,13,12,11,10,9,9
3014,10,11,11,11,9,9,8,10,11,11,11,9,9,8,10,11,11,11,9,9,8
3015,0,0,0,0,0,0,0,0,0,0,0,0,0,0,0,0,0,0,0,0,0
3016,3,4,4,4,4,3,3,3,4,4,4,4,3,3,3,4,4,4,4,3,3
3017,10,12,12,10,8,7,8,10,11,10,8,7,6,7,9,10,10,8,6,5,6
3018,0,0,0,0,0,0,0,0,0,0,0,0,0,0,0,0,0,0,0,0,0
3019,1,1,1,1,0,0,1,1,1,1,1,0,0,1,1,1,1,1,0,0,1
3020,1,1,1,0,0,0,0,1,1,1,0,0,0,0,1,1,1,0,0,0,0
3021,3,3,4,3,3,2,2,3,3,4,3,3,2,2,3,3,4,3,3,2,2
3022,0,0,0,0,0,0,0,0,0,0,0,0,0,0,0,0,0,0,0,0,0
3023,0,0,0,0,0,0,0,0,0,0,0,0,0,0,0,0,0,0,0,0,0
3024,0,0,0,0,0,0,0,0,0,0,0,0,0,0,0,0,0,0,0,0,0
3025,0,0,0,0,0,0,0,0,0,0,0,0,0,0,0,0,0,0,0,0,0
3026,0,0,0,0,0,0,0,0,0,0,0,0,0,0,0,0,0,0,0,0,0
3027,0,0,0,0,0,0,0,0,0,0,0,0,0,0,0,0,0,0,0,0,0
3028,6,7,5,3,3,2,4,6,7,5,3,3,2,4,6,7,5,3,3,2,4
3029,0,0,0,0,0,0,0,0,0,0,0,0,0,0,0,0,0,0,0,0,0
3030,6,8,9,8,6,4,4,6,8,9,8,6,4,4,6,8,9,8,6,4,4
3031,0,0,0,0,0,0,0,0,0,0,0,0,0,0,0,0,0,0,0,0,0
3032,11,13,12,13,9,9,9,11,13,12,13,9,9,9,11,13,12,13,9,9,9
3033,0,0,0,0,0,0,0,0,0,0,0,0,0,0,0,0,0,0,0,0,0
3034,3,3,4,4,4,2,2,3,3,4,4,4,2,2,3,3,4,4,4,3,2
3035,3,4,6,5,5,3,3,3,4,6,5,5,3,3,3,4,6,5,5,3,3
3036,11,15,18,20,20,12,9,11,15,18,20,20,12,9,11,15,18,20,20,12,9
3037,1,1,1,1,0,0,0,1,1,1,1,0,0,0,1,1,1,1,0,0,0
3038,0,0,0,0,0,0,0,0,0,0,0,0,0,0,0,0,0,0,0,0,0
3039,0,0,0,0,0,0,0,0,0,0,0,0,0,0,0,0,0,0,0,0,0
3040,4,3,2,1,1,1,1,3,2,2,1,1,1,1,2,2,2,1,1,1,1
3041,0,0,0,0,0,0,0,0,0,0,0,0,0,0,0,0,0,0,0,0,0
3042,0,0,0,0,0,0,0,0,0,0,0,0,0,0,0,0,0,0,0,0,0
3043,0,0,0,0,0,0,0,0,0,0,0,0,0,0,0,0,0,0,0,0,0
3044,0,0,0,0,0,0,0,0,0,0,0,0,0,0,0,0,0,0,0,0,0
3045,0,0,0,0,0,0,0,0,0,0,0,0,0,0,0,0,0,0,0,0,0
3046,1,1,1,1,1,1,1,1,1,1,1,1,1,1,1,1,1,1,1,1,1
3047,0,0,0,0,0,0,0,0,0,0,0,0,0,0,0,0,0,0,0,0,0
3048,0,0,0,0,0,0,0,0,0,0,0,0,0,0,0,0,0,0,0,0,0
3049,0,0,0,0,0,0,0,0,0,0,0,0,0,0,0,0,0,0,0,0,0
3050,0,0,0,0,0,0,0,0,0,0,0,0,0,0,0,0,0,0,0,0,0
3051,0,0,0,0,0,0,0,0,0,0,0,0,0,0,0,0,0,0,0,0,0
3052,0,0,0,0,0,0,0,0,0,0,0,0,0,0,0,0,0,0,0,0,0
3053,0,0,0,0,0,0,0,0,0,0,0,0,0,0,0,0,0,0,0,0,0
3054,2,2,1,2,1,1,2,2,2,1,2,1,1,2,2,2,1,2,1,1,2
3055,0,0,0,0,0,0,0,0,0,0,0,0,0,0,0,0,0,0,0,0,0
3056,0,1,0,0,0,0,0,0,0,0,0,0,0,0,0,0,0,0,0,0,0
3057,1,2,2,2,1,1,1,1,2,2,2,1,1,1,1,2,2,2,1,1,1
3058,22,20,16,13,12,11,11,15,17,18,16,15,13,13,15,16,14,12,11,10,11
3059,0,0,0,0,0,0,0,0,0,0,0,0,0,0,0,0,0,0,0,0,0
3060,1,1,1,1,1,0,0,1,1,1,1,1,0,0,1,1,1,1,1,0,0
3061,0,0,0,0,0,0,0,0,0,0,0,0,0,0,0,0,0,0,0,0,0
3062,9,9,9,9,9,8,8,9,9,9,9,9,8,8,9,9,9,9,9,8,8
3063,0,0,0,0,0,0,0,0,0,0,0,0,0,0,0,0,0,0,0,0,0
3064,0,0,0,0,0,0,0,0,0,0,0,0,0,0,0,0,0,0,0,0,0
3065,2,2,2,2,2,2,2,2,2,2,2,2,2,2,2,2,2,2,2,2,2
3066,4,4,4,4,4,4,4,4,4,4,4,4,4,4,4,4,4,4,4,4,4
3067,5,3,3,3,3,3,3,3,2,2,2,2,2,2,2,2,1,2,2,2,2
3068,0,0,1,1,1,1,1,0,0,1,1,1,1,1,0,0,1,1,1,1,1
3069,10,11,12,9,8,6,8,10,13,16,15,12,8,9,11,13,13,10,9,7,8
3070,0,0,0,0,0,0,0,0,0,0,0,0,0,0,0,0,0,0,0,0,0
3071,145,139,148,144,119,118,122,140,140,148,143,118,116,121,140,138,148,142,117,116,122
3072,2,2,3,3,3,2,2,2,2,3,3,3,2,2,2,2,3,3,3,2,2
3073,2,2,2,2,2,2,1,2,2,2,2,2,2,1,2,2,2,2,2,2,2
3074,5,6,7,6,6,4,5,5,6,7,6,6,4,5,5,6,7,6,6,5,5
3075,3,3,3,3,2,2,2,3,3,3,2,2,2,2,2,2,2,2,2,2,2
3076,1,1,1,1,1,0,1,1,1,1,1,1,0,1,1,1,1,1,1,1,1
3077,9,9,9,8,8,8,6,9,9,9,8,8,8,6,9,9,9,8,8,8,6
3078,0,0,0,0,0,0,0,0,0,0,0,0,0,0,0,0,0,0,0,0,0
3079,7,8,10,9,8,6,5,7,8,9,9,7,6,5,7,8,9,8,7,6,5
3080,3,3,3,3,3,3,2,3,3,3,3,3,3,2,3,3,3,3,3,3,2
3081,2,2,3,2,2,2,1,2,2,3,2,2,2,1,2,2,3,2,2,2,1
3082,0,0,0,0,0,0,0,0,0,0,0,0,0,0,0,0,0,0,0,0,0
3083,0,0,0,0,0,0,0,0,0,0,0,0,0,0,0,0,0,0,0,0,0
3084,276,244,330,428,237,207,170,283,262,345,441,247,213,174,288,262,345,435,242,209,175
3085,1,1,1,1,1,0,0,1,1,1,1,1,0,0,1,1,1,1,1,0,0
3086,16,17,17,13,10,7,8,11,14,17,15,12,8,8,9,10,11,11,9,7,7
3087,2,1,1,2,1,1,2,2,1,1,2,1,1,2,2,1,1,2,1,1,2
3088,70,71,56,78,82,72,56,70,71,56,78,82,71,56,70,71,56,78,82,72,56
3089,0,0,1,1,1,1,1,1,1,1,1,1,1,1,1,1,1,1,1,1,1
3090,0,0,0,0,0,0,0,0,0,0,0,0,0,0,0,0,0,0,0,0,0
3091,2,2,2,2,2,2,2,2,2,3,2,2,2,2,2,2,2,2,2,2,2
3092,0,0,0,0,0,0,0,0,0,0,0,0,0,0,0,0,0,0,0,0,0
3093,5,6,5,4,3,2,3,5,6,5,4,3,2,3,5,6,5,4,3,2,3
3094,0,0,0,0,0,0,0,0,0,0,0,0,0,0,0,0,0,0,0,0,0
3095,4,5,5,5,4,4,4,5,6,6,6,6,5,5,5,6,6,6,5,5,5
3096,0,0,0,0,0,0,0,0,0,0,0,0,0,0,0,0,0,0,0,0,0
3097,11,11,12,12,10,9,9,11,11,12,12,10,9,9,11,11,12,12,10,9,9
3098,1,1,1,2,2,2,1,1,1,1,2,2,2,1,1,1,1,2,2,2,1
3099,0,0,0,0,0,0,0,0,0,0,0,0,0,0,0,0,0,0,0,0,0
3100,11,12,11,8,7,8,9,11,12,12,8,7,8,9,12,13,13,8,8,9,10
3101,2,2,2,2,2,1,1,2,2,2,2,2,1,1,2,2,2,2,2,1,1
3102,0,0,0,0,0,0,0,0,0,0,0,0,0,0,0,0,0,0,0,0,0
3103,11,11,10,10,10,8,7,10,13,14,14,13,11,8,9,9,9,9,9,7,6
3104,1,1,1,1,1,1,1,1,1,1,1,1,1,1,1,1,1,1,1,1,1
3105,199,236,214,204,175,141,147,169,219,209,205,178,141,145,164,210,197,196,175,142,149
3106,0,0,0,0,0,0,0,0,0,0,0,0,0,0,0,0,0,0,0,0,0
3107,1,1,1,1,1,0,1,1,1,1,1,1,0,1,0,1,1,1,1,0,1
3108,0,0,0,0,0,0,0,0,0,0,0,0,0,0,0,0,0,0,0,0,0
3109,1,1,1,1,1,1,1,1,1,1,1,1,1,1,1,1,1,1,1,1,1
3110,18,20,19,16,13,14,16,19,21,20,17,14,15,17,19,20,19,16,13,14,17
3111,7,9,10,9,7,6,7,9,10,11,10,8,6,6,8,8,8,7,6,5,5
3112,2,2,2,2,2,1,2,2,2,2,2,2,1,2,2,2,2,2,1,1,2
3113,1,1,1,1,1,1,1,1,1,1,1,1,1,1,1,1,1,1,1,1,1
3114,2,3,3,2,2,2,1,2,3,3,2,2,2,1,2,3,3,2,2,2,1
3115,0,1,0,0,1,0,0,0,1,0,0,1,0,0,0,1,0,0,1,0,0
3116,0,0,0,0,0,0,0,0,0,0,0,0,0,0,0,0,0,0,0,0,0
3117,0,0,1,1,1,1,1,1,1,1,1,1,1,1,1,1,1,1,1,1,1
3118,0,0,0,0,0,0,0,0,0,0,0,0,0,0,0,0,0,0,0,0,0
3119,8,8,7,6,6,5,5,6,6,6,5,5,5,5,7,7,7,6,5,5,5
3120,0,0,0,0,0,0,0,0,0,0,0,0,0,0,0,0,0,0,0,0,0
3121,0,0,0,0,0,0,0,0,0,0,0,0,0,0,0,0,0,0,0,0,0
3122,0,0,0,0,0,0,0,0,0,0,0,0,0,0,0,0,0,0,0,0,0
3123,0,0,0,0,0,0,0,0,0,1,0,0,0,0,0,0,0,0,0,0,0
3124,0,0,0,0,0,0,0,0,0,0,0,0,0,0,0,0,0,0,0,0,0
3125,0,0,0,0,0,0,0,0,0,0,0,0,0,0,0,0,0,0,0,0,0
3126,0,0,0,0,0,0,0,0,0,0,0,0,0,0,1,1,1,1,1,1,1
3127,0,0,0,1,1,1,1,1,1,1,1,1,1,1,2,2,2,2,2,2,2
3128,0,0,0,0,0,0,0,0,0,0,0,0,0,0,0,0,0,0,0,0,0
3129,0,0,0,0,0,0,0,0,0,0,0,0,0,0,0,0,0,0,0,0,0
3130,0,0,0,0,0,0,0,0,0,0,0,0,0,0,0,0,0,1,0,0,0
3131,0,0,0,0,0,0,0,0,0,0,0,0,0,0,0,0,0,0,0,0,0
3132,13,15,16,19,18,14,14,13,15,16,19,18,14,15,14,15,17,20,18,14,15
3133,0,0,0,0,0,0,0,0,0,0,0,0,0,0,0,0,0,0,0,0,0
3134,0,0,0,0,0,0,0,0,0,0,0,0,0,0,0,0,0,0,0,0,0
3135,10,9,9,7,6,6,6,8,9,9,7,6,6,6,8,8,8,7,6,5,5
3136,3,3,3,3,2,2,3,3,3,3,3,2,2,2,3,3,3,3,2,2,3
3137,20,21,23,19,15,14,16,20,22,20,14,11,9,10,12,14,15,13,11,11,12
3138,3,2,2,2,3,2,2,3,2,2,2,3,2,2,3,2,2,2,3,2,2
3139,1,1,1,1,1,1,1,1,1,1,1,1,1,1,1,1,1,1,1,1,1
3140,33,37,37,33,31,27,29,34,41,41,35,31,26,28,32,38,38,32,28,24,26
3141,10,10,9,7,6,6,7,9,9,8,6,6,5,6,8,8,7,6,5,5,6
3142,11,13,13,13,11,9,9,12,13,13,13,12,10,10,12,13,13,13,11,10,10
3143,11,19,13,9,8,5,5,7,16,10,7,7,5,5,7,16,10,7,6,4,5
3144,63,63,60,56,55,51,55,63,70,69,65,62,56,58,64,67,62,57,55,50,53
3145,7,7,7,7,4,4,5,7,7,7,7,4,4,4,5,6,6,6,4,4,4
3146,75,72,61,70,62,62,70,78,80,70,78,69,67,73,78,76,63,70,63,62,70
3147,13,14,15,14,12,10,11,13,16,18,16,14,12,12,14,15,16,14,13,11,12
3148,6,8,7,6,4,3,4,6,8,6,6,4,4,5,8,12,10,9,6,6,7
3149,6,8,9,8,7,5,5,6,8,9,8,7,5,5,8,11,13,11,9,8,10
3150,1,0,1,0,0,0,0,1,0,1,0,0,0,0,1,0,1,0,0,0,0
3151,0,0,0,0,0,0,0,0,0,0,0,0,0,0,0,0,0,0,0,0,0
3152,22,24,23,21,18,18,23,28,32,30,23,18,15,16,18,21,20,17,15,14,17
3153,18,20,19,17,15,14,15,19,23,22,19,16,14,15,17,18,17,15,13,12,12
3154,5,6,6,5,4,4,4,5,6,6,6,5,4,5,6,7,7,6,5,4,5
3155,30,36,33,30,25,27,30,29,37,36,34,30,31,34,33,39,36,32,28,30,33
3156,13,16,17,14,11,10,11,15,19,22,20,16,14,14,19,21,21,17,14,13,15
3157,17,16,16,14,12,12,13,16,18,17,13,11,11,10,12,13,12,10,10,10,11
3158,2,2,1,1,1,1,1,1,2,1,1,1,1,1,1,1,1,1,1,1,1
3159,4,3,3,3,3,2,2,3,3,3,3,3,3,3,4,4,4,4,3,3,3
3160,2,2,2,2,2,2,2,2,2,2,2,2,2,2,2,2,2,2,2,2,2
3161,1,1,1,1,1,1,1,1,1,1,1,1,1,1,1,2,1,1,1,1,2
3162,1,1,1,1,1,1,1,1,1,1,1,1,1,1,1,1,1,1,1,1,1
3163,3,3,3,3,3,2,2,2,2,2,2,2,2,2,2,2,2,2,2,2,2
3164,2,1,1,1,1,1,1,1,1,1,1,1,1,1,1,1,1,1,1,1,1
3165,1,1,0,1,1,1,1,1,1,0,1,1,1,1,1,1,0,1,1,1,1
3166,0,0,0,0,0,0,0,0,0,0,0,0,0,0,0,0,0,0,0,0,0
3167,0,0,0,0,0,0,0,0,0,0,0,0,0,0,0,0,0,0,0,0,0
3168,3,3,4,3,2,2,3,3,3,3,3,2,2,2,3,3,3,3,2,2,3
3169,3,3,3,2,2,2,2,2,2,2,2,2,2,2,3,3,3,2,2,2,2
3170,2,5,9,11,13,13,13,13,14,14,14,14,14,16,14,10,5,2,1,1,0
3171,0,0,0,0,0,0,0,0,0,0,0,0,0,0,0,0,0,0,0,0,0
3172,6,9,11,9,7,4,3,6,9,11,9,7,4,3,6,9,11,9,7,4,3
3173,136,164,190,144,64,67,122,136,164,190,144,64,67,122,136,164,190,144,64,67,122
3174,0,0,0,0,0,0,0,0,0,0,0,0,0,0,0,0,0,0,0,0,0
3175,0,0,0,0,0,0,0,0,0,0,0,0,0,0,0,0,0,0,0,0,0
3176,0,0,0,0,0,0,0,0,0,0,0,0,0,0,0,0,0,0,0,0,0
3177,0,0,0,0,0,0,0,0,0,0,0,0,0,0,0,0,0,0,0,0,0
3178,0,0,0,0,0,0,0,0,0,0,0,0,0,0,0,0,0,0,0,0,0
3179,6,9,10,11,8,7,7,7,10,10,11,8,7,7,7,10,10,11,8,7,8
3180,0,0,0,0,0,0,0,0,0,0,0,0,0,0,0,0,0,0,0,0,0
3181,9,9,9,10,11,9,9,9,9,9,10,11,9,9,9,9,9,10,11,9,9
3182,8,10,10,10,9,7,7,8,10,10,10,9,7,7,9,11,11,11,10,8,9
3183,41,57,53,41,34,28,28,41,57,53,41,34,28,28,41,57,53,41,34,28,28
3184,3,3,3,2,2,2,3,3,3,3,2,2,2,3,3,3,3,2,2,2,3
3185,3,3,3,2,2,2,2,3,3,3,2,2,2,2,3,3,2,2,2,2,2
3186,1,1,0,0,0,1,1,1,1,0,0,0,1,1,1,1,0,0,1,1,1
3187,0,0,0,0,0,0,0,0,0,0,0,0,0,0,0,0,0,0,0,0,0
3188,0,0,1,1,1,1,0,0,0,1,1,1,1,0,0,0,1,1,1,1,0
3189,1,1,1,1,1,1,1,1,1,1,1,1,1,1,1,1,1,1,1,1,1
3190,0,0,0,0,0,0,0,0,0,0,0,0,0,0,0,0,0,0,0,0,0
3191,0,0,0,0,0,0,0,0,0,0,0,0,0,0,0,0,0,0,0,0,0
3192,1,1,1,1,1,1,1,1,1,1,1,1,1,1,1,1,1,1,1,1,1
3193,0,0,0,0,0,0,0,0,0,0,0,0,0,0,0,0,0,0,0,0,0
3194,0,0,0,0,0,0,0,0,0,0,0,0,0,0,0,0,0,1,1,2,2
3195,0,0,0,0,0,0,0,0,0,0,0,0,0,0,0,0,0,0,0,0,0
3196,0,0,0,0,0,0,0,0,0,0,0,0,0,0,0,0,0,0,0,0,0
3197,1,1,1,1,2,0,0,1,1,1,1,2,0,0,1,1,1,1,2,0,0
3198,0,0,0,0,0,0,0,0,0,0,0,0,0,0,0,0,0,0,0,0,0
3199,0,0,0,0,0,0,0,0,0,0,0,0,0,0,0,0,0,0,0,0,0
3200,0,0,0,0,0,0,0,0,0,0,0,0,0,0,0,0,0,0,0,0,0
3201,0,8,1,8,5,4,1,0,8,1,8,5,4,1,0,8,1,8,5,4,1
3202,0,0,0,0,0,0,0,0,0,0,0,0,0,0,0,0,0,0,0,0,0
3203,4,4,4,3,1,3,2,4,4,4,3,1,3,2,4,4,4,3,1,3,2
3204,3,4,3,3,2,3,2,3,4,3,3,2,3,2,3,4,3,3,2,3,2
3205,3,0,1,6,0,0,0,3,0,0,6,0,0,0,4,1,1,6,0,0,0
3206,4,4,2,3,2,2,3,4,4,2,3,2,2,3,4,4,2,3,2,2,3
3207,0,0,0,0,0,0,0,0,0,0,0,0,0,0,0,0,0,0,0,0,0
3208,0,0,0,0,0,0,0,0,0,0,0,0,0,0,0,0,0,0,0,0,0
3209,0,0,0,0,0,0,0,0,0,0,0,0,0,0,0,0,0,0,0,0,0
3210,0,1,0,0,0,0,0,0,1,0,0,0,0,1,0,1,0,0,0,0,1
3211,3,0,0,0,0,0,0,3,0,0,0,0,0,0,3,0,0,0,0,0,0
3212,0,0,0,0,0,0,0,0,0,0,0,0,0,0,0,0,0,0,0,0,0
3213,0,0,0,0,0,0,0,0,0,0,0,0,0,0,0,0,0,0,0,0,0
3214,0,0,0,0,0,0,0,0,0,0,0,0,0,0,0,0,0,0,0,0,0
3215,0,0,0,0,0,0,0,0,0,0,0,0,0,0,0,0,0,0,0,0,0
3216,8,7,5,5,5,7,7,8,7,5,5,5,7,7,8,7,5,5,5,7,7
3217,2,3,3,2,1,2,2,2,3,3,2,1,2,2,2,3,3,2,1,2,2
3218,3,3,4,4,3,2,2,3,4,4,4,3,2,2,3,4,4,4,3,2,3
3219,2,3,3,3,2,2,1,2,3,3,3,2,2,1,2,3,3,3,2,2,1
3220,1,1,1,2,2,2,1,1,1,1,2,2,2,1,1,1,1,2,2,2,1
3221,3,3,3,3,3,2,2,3,3,4,3,3,3,3,3,4,4,4,4,3,3
3222,6,6,6,5,4,4,3,4,5,6,5,4,4,4,5,6,6,6,5,4,4
3223,0,0,0,0,0,0,0,0,0,0,0,0,0,0,0,0,0,0,0,0,0
3224,0,0,0,0,0,0,0,0,0,0,0,0,0,0,0,0,0,0,0,0,0
3225,9,10,10,8,6,5,5,8,9,10,9,7,6,6,9,9,10,8,7,5,6
3226,5,6,6,5,3,3,3,5,6,5,5,3,3,3,5,8,7,6,5,4,5
3227,16,19,21,13,11,8,9,15,18,20,13,10,8,8,16,19,22,14,12,9,10
3228,2,3,3,3,2,2,2,2,3,3,3,2,2,2,2,3,3,3,2,2,2
3229,1,1,1,1,1,1,1,1,1,1,1,1,1,1,1,1,1,1,1,1,1
3230,0,0,0,0,0,0,0,0,0,0,0,0,0,0,0,0,0,0,0,0,0
3231,0,0,0,0,0,0,0,0,0,0,0,0,0,0,0,0,0,0,0,0,0
3232,2,2,2,2,1,1,1,2,2,2,2,1,1,2,2,2,2,2,1,2,2
3233,0,0,0,0,0,0,0,0,0,0,0,0,0,0,0,0,0,0,0,0,0
3234,1,1,1,1,1,1,1,1,1,1,1,1,1,1,1,1,1,1,1,1,1
3235,0,0,0,0,0,0,0,0,0,0,0,0,0,0,0,0,0,0,0,0,0
3236,1,1,2,2,2,1,1,2,2,2,2,2,1,1,2,2,2,2,1,1,1
3237,0,0,0,0,0,0,0,0,0,0,0,0,0,0,0,0,0,0,0,0,0
3238,0,0,0,0,0,0,0,0,0,0,0,0,0,0,0,0,0,0,0,0,0
3239,28,29,28,26,24,24,25,28,29,27,25,23,23,25,27,28,27,24,21,22,23
3240,88,85,82,78,71,65,67,83,84,82,78,71,65,66,83,85,83,77,70,65,67
3241,5,5,5,5,4,3,3,4,4,5,5,4,3,3,4,4,5,4,3,2,3
3242,22,24,23,22,19,17,19,21,23,23,21,18,17,19,21,23,22,21,18,17,18
3243,2,2,2,3,3,2,2,2,2,2,3,3,2,2,2,2,3,3,3,2,2
3244,17,17,17,15,14,14,15,16,16,16,15,14,14,15,15,16,16,14,14,14,15
3245,1,1,1,1,1,1,1,1,1,1,1,1,1,1,1,1,1,1,1,1,1
3246,4,5,4,4,4,4,4,4,5,4,4,4,4,4,4,5,4,4,4,4,4
3247,1,2,2,2,1,2,1,1,2,2,2,1,2,1,1,2,2,2,1,2,1
3248,42,44,50,47,40,36,36,44,48,54,50,43,38,37,45,48,53,49,41,37,37
3249,18,19,20,20,15,14,15,18,19,20,20,15,14,15,18,19,20,20,15,14,15
3250,13,15,15,15,13,12,11,14,16,16,15,13,11,11,13,15,15,15,13,11,11
3251,1,2,2,2,2,1,1,1,2,2,2,2,1,1,1,2,2,2,2,1,1
3252,33,35,37,34,30,28,27,35,39,42,40,36,33,32,40,43,45,41,37,33,33
3253,8,8,9,8,6,6,7,8,8,9,8,6,6,7,8,8,9,8,6,6,7
3254,0,0,0,0,0,0,0,0,0,0,0,0,0,0,0,0,0,0,0,0,0
3255,6,6,7,7,6,5,5,6,6,7,7,6,5,5,6,6,7,7,6,5,5
3256,4,4,4,3,3,2,3,3,4,4,4,3,3,3,4,5,4,4,4,3,4
3257,7,7,7,6,5,5,5,7,7,7,6,5,5,5,7,7,7,6,5,5,5
3258,0,0,0,0,0,0,0,0,0,0,0,0,0,0,0,0,0,0,0,0,0
3259,0,0,0,0,0,0,0,0,0,0,0,0,0,0,0,0,0,0,0,0,0
3260,0,0,0,0,0,0,0,0,0,0,0,0,0,0,0,0,0,0,0,0,0
3261,0,0,0,0,0,0,0,0,0,0,0,0,0,0,0,0,0,0,0,0,0
3262,0,0,0,0,0,0,0,0,0,0,0,0,0,0,0,0,0,0,0,0,0
3263,0,0,0,0,0,0,0,0,0,0,0,0,0,0,0,0,0,0,0,0,0
3264,0,0,0,0,0,0,0,0,0,0,0,0,0,0,0,0,0,0,0,0,0
3265,0,0,0,0,0,0,0,0,0,0,0,0,0,0,0,0,0,0,0,0,0
3266,0,0,0,0,0,0,0,0,0,0,0,0,0,0,0,0,0,0,0,0,0
3267,4,3,2,2,1,1,2,3,3,3,2,2,2,2,3,2,2,1,1,1,1
3268,9,9,9,7,6,6,7,8,8,8,6,5,4,5,6,6,6,5,4,4,5
3269,0,0,0,0,0,0,0,0,0,0,0,0,0,0,0,0,0,0,0,0,0
3270,0,0,0,0,0,0,0,0,0,0,0,0,0,0,0,0,0,0,0,0,0
3271,0,0,0,0,0,0,0,0,0,0,0,0,0,0,0,0,0,0,0,0,0
3272,0,0,0,0,0,0,0,0,0,0,0,0,0,0,0,0,0,0,0,0,0
3273,0,0,0,0,0,0,0,0,0,0,0,0,0,0,0,0,0,0,0,0,0
3274,0,0,0,0,0,0,0,0,0,0,0,0,0,0,0,0,0,0,0,0,0
3275,4,5,5,6,7,7,5,4,5,5,6,7,7,5,4,5,5,6,7,7,5
3276,0,0,0,0,0,0,0,0,0,0,0,0,0,0,0,0,0,0,0,0,0
3277,1,1,1,1,1,1,1,1,1,1,1,1,1,1,1,1,1,1,1,1,1
3278,1,1,2,1,1,1,1,1,2,2,1,1,1,1,2,2,2,2,2,2,2
3279,6,6,7,5,4,4,5,6,6,7,4,4,4,4,5,5,6,4,3,3,4
3280,1,1,1,1,1,0,1,1,1,1,1,1,0,1,1,1,1,1,1,0,1
3281,3,3,3,3,3,3,2,3,3,3,3,3,3,3,3,3,4,4,3,3,3
3282,1,1,1,1,1,1,1,1,1,1,1,1,0,1,1,1,1,1,1,0,1
3283,1,1,1,1,1,1,1,1,1,1,1,1,1,1,1,1,1,1,1,1,1
3284,0,0,0,0,0,0,0,0,0,0,0,0,0,0,0,0,0,0,0,0,0
3285,0,0,0,0,0,0,1,1,1,1,1,1,1,1,1,1,1,1,1,1,1
3286,1,1,2,2,2,1,1,2,2,2,2,2,2,1,2,2,2,2,2,2,2
3287,5,5,5,4,3,3,3,4,4,4,3,3,3,3,4,4,4,4,3,3,3
3288,0,0,0,0,0,0,0,0,0,0,0,0,0,0,0,0,0,0,0,0,0
3289,0,1,0,1,0,0,1,1,1,1,1,0,0,1,1,1,1,1,1,1,1
3290,2,3,3,3,2,2,2,3,3,3,3,3,3,2,3,3,3,3,2,2,2
3291,0,0,0,0,0,0,0,0,0,0,0,0,0,0,0,0,0,0,0,0,0
3292,1,1,1,1,1,1,1,1,1,1,1,1,1,1,1,1,1,1,1,1,1
3293,1,1,1,1,1,1,1,1,1,1,1,1,1,1,1,1,1,1,1,1,1
3294,0,0,0,0,0,0,0,0,0,0,0,0,0,0,0,0,0,0,0,0,0
3295,1,1,1,1,0,0,0,1,1,1,1,1,1,1,1,1,1,1,1,1,1
3296,0,0,0,0,0,0,0,0,0,0,0,0,0,0,0,0,0,0,0,0,0
3297,0,0,0,0,0,0,0,0,0,0,0,0,0,0,0,0,0,0,0,0,0
3298,0,0,0,0,0,0,0,0,0,0,0,0,0,0,0,0,0,0,0,0,0
3299,0,0,0,0,0,0,0,0,0,0,0,0,0,0,0,0,0,0,0,0,0
3300,0,0,0,0,0,0,0,0,0,0,0,0,0,0,0,0,0,0,0,0,0
3301,0,0,0,1,0,0,1,1,1,1,1,0,0,1,1,1,1,1,1,0,1
3302,0,0,0,0,0,0,0,0,0,0,0,0,0,0,0,0,0,0,0,0,0
3303,0,0,0,0,0,0,0,0,0,0,0,0,0,0,0,0,0,0,0,0,0
3304,0,0,0,0,0,0,0,0,0,0,0,0,0,1,1,1,1,1,1,1,2
3305,0,0,0,0,0,0,0,1,1,1,1,1,1,1,1,1,1,1,1,1,2
3306,0,0,0,0,0,0,0,0,0,0,0,0,0,0,0,0,0,0,0,0,0
3307,0,0,0,0,0,0,0,0,0,0,0,0,0,0,0,0,0,0,0,0,1
3308,0,0,0,0,0,0,0,0,0,0,0,0,0,0,0,0,0,0,0,0,0
3309,0,0,0,0,0,0,0,0,0,0,0,0,0,0,0,0,0,0,0,0,0
3310,0,0,0,0,0,0,0,0,0,0,0,0,0,0,0,0,0,0,0,0,0
3311,0,0,0,0,0,0,0,0,0,0,0,0,0,0,0,0,0,0,0,0,0
3312,0,0,0,0,0,0,0,0,0,0,0,0,0,0,0,0,0,0,0,0,0
3313,0,0,0,0,0,0,0,0,0,0,0,0,0,0,0,0,0,0,0,0,0
3314,0,0,0,0,0,0,0,0,0,0,0,0,0,0,0,0,0,0,0,0,0
3315,0,0,0,0,0,0,0,0,0,0,0,0,0,0,0,0,0,0,0,0,0
3316,0,0,0,0,0,0,0,0,0,0,0,0,0,0,0,0,0,0,0,0,0
3317,5,5,6,5,6,5,5,6,6,7,6,7,6,6,7,8,8,7,8,7,7
3318,4,6,7,7,7,5,5,5,7,8,8,8,5,5,5,7,8,8,8,5,5
3319,6,7,8,7,6,6,6,6,7,8,7,6,6,6,6,7,8,7,6,6,6
3320,1,1,1,1,0,0,0,1,1,1,1,1,1,1,1,2,2,2,2,1,1
3321,0,0,0,0,0,0,0,0,0,0,0,0,0,0,0,0,0,0,0,0,0
3322,0,0,0,0,0,0,0,0,0,0,0,0,0,0,0,0,0,0,0,0,0
3323,0,0,0,0,0,0,0,0,0,0,0,0,0,0,0,0,0,0,0,0,0
3324,0,1,1,1,1,1,1,1,1,1,1,0,0,0,1,1,0,0,0,0,0
3325,1,0,0,0,0,0,0,1,0,0,0,0,0,0,1,0,0,0,0,0,0
3326,5,6,8,7,6,4,5,5,6,8,7,6,4,5,5,6,7,7,6,5,5
3327,3,4,4,4,3,2,2,3,4,4,4,3,3,3,3,4,4,4,4,3,3
3328,2,2,2,2,2,2,2,2,2,3,3,2,2,2,2,3,3,3,2,2,2
3329,1,1,1,1,1,1,1,1,1,1,1,1,1,1,1,1,1,1,1,1,1
3330,2,3,3,2,2,2,2,3,3,3,2,2,2,2,2,3,3,2,2,2,2
3331,0,0,0,0,0,0,0,0,0,0,0,0,0,0,0,0,0,0,0,0,0
3332,12,12,13,12,10,9,9,11,11,12,11,10,9,9,12,12,13,13,11,10,10
3333,1,1,1,0,1,0,0,1,1,1,0,1,0,0,1,1,1,0,1,0,0
3334,5,7,7,7,5,4,4,5,7,7,7,5,4,4,5,7,7,7,5,4,4
3335,0,0,0,0,0,0,0,0,0,0,0,0,0,0,0,0,0,0,0,0,0
3336,0,0,0,0,0,0,0,0,0,0,0,0,0,0,0,0,0,0,0,0,0
3337,0,0,0,0,0,0,0,0,0,0,0,0,0,0,0,0,0,0,0,0,0
3338,0,0,0,0,0,0,0,0,0,0,0,0,0,0,0,0,0,0,0,0,0
3339,0,0,0,0,0,0,0,0,0,0,0,0,0,0,0,0,0,0,1,1,1
3340,0,0,0,0,0,0,0,0,0,0,0,0,0,0,0,0,0,0,0,0,0
3341,0,0,0,0,0,0,0,0,0,0,0,0,0,0,0,0,0,0,0,0,0
3342,2,2,2,2,1,1,1,2,2,2,2,1,1,1,2,2,2,2,1,1,1
3343,2,1,2,2,1,1,2,2,1,2,2,1,1,1,2,1,2,2,2,2,2
3344,0,0,0,0,0,0,0,0,0,0,0,0,0,0,0,0,0,0,0,0,0
3345,0,0,0,0,0,0,0,0,0,0,0,0,0,0,0,0,0,0,0,0,0
3346,0,0,0,0,0,0,0,0,0,0,0,0,0,0,0,0,0,0,0,0,0
3347,0,0,0,0,0,0,0,0,0,0,0,0,0,0,0,0,0,0,0,0,0
3348,0,0,0,0,0,0,0,0,0,0,0,0,0,0,0,0,0,0,0,0,0
3349,0,0,0,0,0,0,0,0,0,0,0,0,0,0,0,0,0,0,0,0,0
3350,0,0,0,0,0,0,0,0,0,0,0,0,0,0,0,0,0,0,0,0,0
3351,5,5,5,5,4,4,4,5,5,4,4,4,4,4,5,4,3,3,3,3,3
3352,1,1,2,1,1,1,1,2,2,2,2,2,1,1,2,2,2,1,1,1,1
3353,0,0,0,0,0,0,0,0,0,0,0,0,0,0,0,0,0,0,0,0,0
3354,0,0,0,0,0,0,0,0,0,0,0,0,0,0,0,0,0,0,0,0,0
3355,0,0,0,0,0,0,0,0,0,0,0,0,0,0,0,0,0,0,0,0,0
3356,323,408,400,338,287,278,277,323,408,400,338,287,278,277,323,408,400,338,287,278,277
3357,183,207,196,174,165,158,147,183,207,196,174,165,158,147,183,207,196,174,165,158,147
3358,7,6,4,3,3,3,5,7,6,4,3,3,3,5,7,6,4,3,3,3,5
3359,0,0,0,0,0,0,0,0,0,0,0,0,1,3,5,3,2,1,1,1,1
3360,5,5,5,5,4,3,3,5,5,5,5,4,3,4,5,5,5,5,4,3,4
3361,4,3,3,4,3,3,3,3,3,3,4,3,3,3,3,3,3,4,3,3,3
3362,0,0,0,0,0,0,0,0,0,0,0,0,0,0,0,0,0,0,0,0,0
3363,2,3,3,3,2,2,2,2,3,3,3,2,2,2,2,2,3,3,2,2,2
3364,26,34,34,31,21,19,19,23,33,34,31,21,19,20,28,40,43,39,28,25,24
3365,1,1,2,2,2,1,1,1,1,2,2,2,1,1,1,1,2,2,2,1,1
3366,2,3,4,4,4,2,2,2,2,4,4,4,2,2,2,2,4,4,4,2,2
3367,4,4,4,4,3,3,3,4,4,4,4,3,3,3,4,4,4,4,3,3,3
3368,14,15,17,17,16,14,13,14,15,17,17,16,14,13,14,15,16,17,16,14,13
3369,41,52,58,57,46,41,44,52,62,61,56,44,38,37,43,51,52,49,37,33,32
3370,6,9,10,14,13,11,5,6,9,10,14,13,11,5,6,9,10,14,13,11,5
3371,3,3,3,3,3,3,2,3,3,3,3,3,3,2,3,3,3,3,3,3,2
3372,29,33,35,31,26,23,21,22,25,28,24,21,18,17,22,27,30,27,23,20,18
3373,47,55,58,57,48,36,38,46,57,59,57,48,35,36,43,51,54,53,45,34,35
3374,2,2,2,2,2,2,1,2,2,2,2,2,2,1,2,2,2,2,2,2,1
3375,2,2,3,2,2,1,1,2,2,3,2,2,1,1,2,2,3,2,2,1,1
3376,10,13,16,15,11,9,8,10,14,16,15,11,9,8,10,14,16,15,11,9,8
3377,4,4,4,4,4,3,3,4,4,4,4,4,3,3,4,4,4,4,4,3,4
3378,1,1,1,1,1,1,1,1,1,1,1,1,1,1,1,1,1,1,1,1,1
3379,31,42,44,39,25,21,22,28,41,43,38,25,21,21,25,38,41,35,22,17,18
3380,5,6,6,8,7,4,4,5,6,7,8,7,4,4,5,7,6,8,6,4,4
3381,2,3,3,4,4,3,2,2,3,3,4,4,3,2,2,3,3,4,4,3,2
3382,10,15,18,17,13,8,9,10,15,18,17,13,8,9,10,15,18,17,13,8,9
3383,1,1,2,1,1,1,1,1,1,2,1,1,1,1,1,1,2,1,1,1,1
3384,33,43,47,59,52,43,29,33,43,48,59,52,43,29,34,44,48,60,52,44,30
3385,3,3,3,3,3,3,3,3,3,3,3,3,3,3,3,3,3,3,3,3,3
3386,5,5,5,4,4,4,5,5,5,5,4,4,4,5,5,5,5,4,4,4,5
3387,13,14,14,21,21,19,12,14,14,14,21,21,19,12,14,14,14,21,21,19,12
3388,12,15,16,16,14,13,10,12,15,16,16,14,13,10,12,15,16,16,14,13,10
3389,82,104,107,107,89,64,66,82,104,108,107,89,64,65,81,103,107,106,88,64,65
3390,13,15,15,15,14,12,12,14,16,17,16,14,12,12,13,15,15,15,13,12,11
3391,11,16,18,26,22,18,9,11,16,18,26,22,18,9,11,16,18,26,22,18,9
3392,46,57,66,61,53,45,39,46,57,66,60,53,45,38,45,57,66,60,53,45,38
3393,1,1,1,1,1,1,1,1,1,1,1,1,1,1,1,1,0,1,1,1,1
3394,8,11,12,13,10,7,7,8,11,12,13,10,7,7,8,11,12,13,10,7,7
3395,29,27,26,24,22,22,25,29,30,30,28,25,23,26,30,30,30,28,26,25,28
3396,1,1,1,1,1,1,1,1,1,1,1,1,1,1,1,1,1,1,1,1,1
3397,1,0,0,0,0,0,1,1,1,1,0,0,0,0,1,1,1,1,1,1,1
3398,1,1,1,1,1,1,1,1,1,1,1,1,1,1,1,1,1,1,1,1,1
3399,1,2,2,1,1,1,1,1,2,2,1,1,1,1,1,2,2,1,1,1,1
3400,0,0,0,1,1,1,1,0,0,0,1,1,1,1,0,0,0,1,1,1,1
3401,0,0,0,0,0,0,0,0,0,0,0,0,0,0,0,0,0,0,0,0,0
3402,4,3,3,4,3,4,3,3,3,3,4,3,3,3,4,3,3,4,3,4,3
3403,1,1,1,1,0,0,0,1,1,1,1,0,0,0,1,1,1,1,0,0,0
3404,0,0,0,0,0,0,0,0,0,0,0,0,0,0,0,0,0,0,0,0,0
3405,0,0,0,0,0,0,0,0,0,0,0,0,0,0,0,0,0,0,0,0,0
3406,0,0,0,0,0,0,0,0,0,0,0,0,0,0,0,0,0,0,0,0,0
3407,0,0,0,0,0,0,0,0,0,0,0,0,0,0,0,0,0,0,0,0,0
3408,0,0,0,0,0,0,0,0,0,0,0,0,0,0,0,0,0,0,0,0,0
3409,11,7,5,5,5,5,5,6,5,5,5,4,4,4,4,4,3,3,2,2,2
3410,1,1,2,1,1,2,2,2,2,2,2,2,2,2,3,3,2,2,1,2,2
3411,0,0,0,0,0,0,0,0,0,0,0,0,0,0,0,0,0,0,0,0,0
3412,0,0,0,0,0,0,0,0,0,0,0,0,0,0,0,0,0,0,0,0,0
3413,71,77,76,69,62,53,57,69,75,75,69,62,53,57,69,74,73,66,59,50,55
3414,0,0,0,0,0,0,0,0,0,0,0,0,0,0,0,0,0,0,0,0,0
3415,61,69,63,43,40,41,39,61,69,63,43,40,41,39,61,69,63,43,40,41,39
3416,22,25,23,20,20,20,21,22,25,23,20,20,20,21,22,25,23,20,20,20,21
3417,1,1,1,1,1,1,1,1,1,1,1,1,1,1,1,1,1,1,1,1,1
3418,11,12,10,9,7,6,8,11,11,8,7,6,5,8,11,13,10,9,7,6,9
3419,0,0,1,0,0,0,0,0,0,1,0,0,0,0,0,0,0,0,0,0,0
3420,0,0,0,0,0,0,0,0,0,0,0,0,0,0,0,0,0,0,0,0,0
3421,1,1,1,3,3,3,1,1,1,1,3,3,2,1,1,1,1,3,3,2,1
3422,1,1,1,3,2,2,1,1,1,1,3,2,2,1,1,1,1,3,2,2,1
3423,0,0,0,0,1,0,0,0,0,0,0,1,0,0,0,0,0,0,1,0,0
3424,0,0,0,0,0,0,0,0,0,0,0,0,0,0,0,0,0,0,0,0,0
3425,0,0,0,0,0,1,0,0,0,0,0,0,0,0,0,0,0,0,0,0,0
3426,7,7,6,5,4,4,5,6,7,6,6,5,4,5,5,5,5,4,4,4,5
3427,0,1,0,0,0,0,0,0,1,0,0,0,0,0,0,1,0,0,0,0,0
3428,0,0,0,0,0,0,0,0,0,0,0,0,0,0,0,0,0,0,0,0,0
3429,0,0,0,0,0,0,0,0,0,0,0,0,0,0,0,0,0,0,0,0,0
3430,0,0,0,0,0,0,0,0,0,0,0,0,0,0,0,0,0,0,0,0,0
3431,0,0,0,0,0,0,0,0,0,0,0,0,0,0,0,0,0,0,0,0,0
3432,1,1,1,1,1,1,1,1,1,1,1,1,1,1,1,1,1,1,1,1,1
3433,27,30,32,29,28,25,25,27,30,32,29,28,25,25,27,30,32,29,28,25,25
3434,2,2,2,2,2,2,2,2,2,2,2,2,2,2,2,2,2,2,2,2,2
3435,0,0,1,1,1,0,0,0,0,1,1,1,0,0,0,0,1,1,1,0,0
3436,0,0,0,0,0,0,0,0,0,0,0,0,0,0,0,0,0,0,0,0,0
3437,1,2,2,2,1,1,1,1,2,2,1,1,1,1,2,2,2,2,2,2,2
3438,0,0,0,0,0,0,0,0,0,0,0,0,0,0,0,0,0,0,0,0,0
3439,2,3,3,3,2,2,2,2,3,3,3,2,2,2,3,3,3,2,2,2,2
3440,3,3,4,4,3,3,3,4,3,3,3,2,2,2,3,3,3,3,2,2,2
3441,0,1,1,0,0,0,0,1,1,1,0,0,0,0,1,1,1,1,1,1,1
3442,0,0,0,0,0,0,0,0,0,0,0,0,0,0,0,0,0,0,0,0,0
3443,7,8,8,7,6,5,6,7,8,8,7,6,6,6,7,9,9,8,7,6,7
3444,2,2,2,2,2,2,2,2,2,2,2,2,2,2,2,2,2,2,2,2,2
3445,1,1,1,1,1,1,1,1,1,1,1,1,1,1,1,1,1,1,1,1,1
3446,4,4,4,4,3,3,3,4,4,4,4,3,3,4,4,4,5,4,4,3,4
3447,1,1,1,1,1,1,1,1,1,1,1,1,1,1,1,1,1,1,1,1,1
3448,0,0,0,0,0,0,0,0,0,0,0,0,0,0,0,0,0,0,0,0,0
3449,0,0,0,0,0,0,0,0,0,0,0,0,0,0,0,0,0,0,0,0,0
3450,2,2,2,2,2,2,2,2,2,2,2,2,2,2,2,2,2,2,2,2,2
3451,1,1,1,1,1,0,0,1,1,1,1,1,0,0,1,1,1,1,1,1,1
3452,0,0,0,0,0,0,0,0,0,0,0,0,0,0,0,0,0,0,0,0,0
3453,0,0,0,0,0,0,0,0,0,0,0,0,0,0,0,0,0,0,0,0,0
3454,1,1,1,1,1,1,0,1,1,1,1,1,1,0,1,1,1,1,1,1,0
3455,0,0,0,0,0,0,0,0,0,0,0,0,0,0,0,0,0,0,0,0,0
3456,0,0,0,0,0,0,0,0,0,0,0,0,0,0,0,0,0,0,0,0,0
3457,0,0,0,0,0,0,0,0,0,0,0,0,0,0,0,0,0,0,0,0,0
3458,0,0,0,0,0,0,0,1,1,1,0,0,0,0,1,1,1,1,1,1,1
3459,48,50,47,42,37,34,36,45,54,58,54,48,43,43,49,53,53,47,42,38,39
3460,1,1,1,1,1,1,1,1,1,1,1,1,1,1,1,1,1,1,1,1,1
3461,0,0,0,0,0,0,0,0,0,0,0,0,0,0,0,0,0,0,0,0,0
3462,0,0,0,0,0,0,0,0,0,0,0,0,0,0,0,0,0,0,0,0,0
3463,1,1,1,1,1,1,1,1,1,1,1,1,1,1,1,1,1,1,1,1,1
3464,14,19,24,24,20,15,13,14,19,24,24,20,15,13,14,19,24,24,20,16,13
3465,6,7,7,5,5,5,5,6,7,7,5,5,5,5,6,7,7,5,5,5,5
3466,7,5,4,3,2,5,5,7,5,4,3,2,5,5,7,5,4,3,2,5,5
3467,0,0,0,0,0,0,0,0,0,0,0,0,0,0,0,0,0,0,0,0,0
3468,13,14,16,15,17,14,13,13,14,16,15,17,14,13,13,14,16,15,17,14,13
3469,2,2,2,2,2,1,1,2,2,2,2,2,1,1,2,2,2,2,2,2,2
3470,1,1,1,1,1,1,1,1,2,2,2,2,1,1,2,2,2,2,2,1,2
3471,0,0,0,0,0,0,0,0,0,0,0,0,0,0,0,0,0,0,0,0,0
3472,0,0,0,0,0,0,0,0,0,0,0,0,0,0,0,0,0,0,0,0,0
3473,0,0,0,0,0,0,0,0,0,0,0,0,0,0,0,0,0,0,0,0,0
3474,0,0,0,0,0,0,0,0,0,0,0,0,0,0,0,0,0,0,0,0,0
3475,0,0,0,0,0,0,0,0,0,0,0,0,0,0,0,0,0,0,0,0,0
3476,0,0,0,0,0,0,0,0,0,0,0,0,0,0,0,0,0,0,0,0,0
3477,0,0,0,0,0,0,0,0,0,0,0,0,0,0,0,0,0,0,0,0,0
3478,0,0,0,0,0,0,0,0,0,0,0,0,0,0,0,0,0,0,0,0,0
3479,0,0,0,0,0,0,0,0,0,0,0,0,0,0,0,0,0,0,0,0,0
3480,1,1,1,1,1,1,1,1,1,1,1,1,1,1,1,1,1,1,1,1,1
3481,720,803,927,858,742,639,574,754,857,976,900,775,671,628,853,961,1091,1009,864,784,819
3482,0,0,0,0,0,0,0,0,0,0,0,0,0,0,0,0,0,0,0,0,0
3483,0,0,0,0,0,0,0,0,0,0,0,0,0,0,0,0,0,0,0,0,0
3484,13,14,12,8,7,7,8,13,14,12,8,7,7,8,13,14,12,8,7,7,8
3485,0,0,0,0,0,0,0,0,0,0,0,0,0,0,0,0,0,0,0,0,0
3486,0,0,0,0,0,0,0,0,0,0,0,0,0,0,0,0,0,0,0,0,0
3487,46,48,40,29,27,29,29,44,53,48,35,30,31,29,40,45,38,28,26,28,27
3488,1,2,2,2,2,2,2,2,3,3,3,3,2,2,3,3,3,3,2,2,2
3489,0,0,0,0,0,0,0,0,0,0,0,0,0,0,0,0,0,0,0,0,0
3490,21,24,26,24,20,17,19,23,29,31,28,23,18,20,24,28,31,28,23,18,20
3491,24,35,38,39,32,24,20,24,35,37,38,32,24,20,24,35,37,38,32,24,20
3492,6,7,6,7,4,4,4,6,7,6,7,4,4,4,6,6,6,7,4,4,4
3493,0,0,0,0,0,0,0,0,0,0,0,0,0,0,0,0,0,0,0,0,0
3494,0,0,0,0,0,0,0,0,0,0,0,0,0,0,0,0,0,0,0,0,0
3495,4,4,4,3,3,2,2,4,4,4,3,3,2,2,4,4,4,3,3,2,2
3496,2,2,3,2,2,2,2,2,2,3,2,2,2,2,2,2,3,2,2,2,2
3497,25,25,21,19,16,15,16,20,22,21,20,17,16,17,21,24,23,21,18,16,18
3498,11,12,12,11,9,7,6,8,10,11,10,9,7,6,8,10,10,10,8,7,7
3499,0,0,0,0,0,0,0,0,0,0,0,0,0,0,0,0,0,0,0,0,0
3500,10,12,11,10,8,8,8,10,13,12,11,9,8,8,10,11,10,9,7,7,8
3501,29,31,28,24,20,17,18,22,27,28,25,21,17,18,22,26,25,23,19,16,17
3502,22,22,22,19,15,14,14,20,23,23,20,16,14,14,17,19,19,17,13,12,12
3503,17,18,17,16,14,12,15,17,18,17,16,14,12,15,17,18,17,16,14,12,15
3504,52,87,93,73,64,48,44,52,87,93,72,64,48,44,52,87,93,72,64,47,44
3505,3,3,3,3,3,2,2,3,3,3,3,3,2,2,3,3,3,3,3,2,2
3506,7,11,11,11,8,7,6,7,11,11,11,8,7,6,7,11,11,11,8,7,6
3507,3,4,4,4,4,3,3,3,4,4,4,4,3,3,3,4,4,4,4,3,3
3508,1,1,1,1,1,1,1,1,1,1,1,1,1,1,1,1,1,1,1,1,1
3509,16,16,17,16,14,14,14,17,18,17,16,15,14,13,18,18,18,17,15,14,14
3510,30,32,31,30,26,22,21,26,30,31,32,28,24,22,27,29,29,29,26,22,21
3511,1,1,1,1,1,1,1,1,1,1,1,1,1,1,1,1,1,1,1,1,1
3512,1,2,2,2,2,2,2,1,2,2,2,2,2,2,1,2,2,2,2,2,2
3513,0,0,0,0,0,0,0,0,0,0,0,0,0,0,0,0,0,0,0,0,0
3514,9,10,10,13,7,6,7,9,10,10,13,7,6,7,9,10,10,13,7,6,7
3515,12,15,16,15,14,11,10,12,15,15,15,13,10,9,11,14,15,14,13,10,9
3516,0,0,0,0,0,0,0,0,0,0,0,0,0,0,0,0,0,0,0,0,0
3517,1,1,1,1,1,1,1,1,1,1,1,1,1,1,1,1,1,1,1,1,1
3518,0,0,0,0,0,0,0,0,0,0,0,0,0,0,0,0,0,0,0,0,0
3519,0,0,0,0,0,0,0,0,0,0,0,0,0,0,0,0,0,0,0,0,0
3520,0,0,0,0,0,0,0,0,0,0,0,0,0,0,0,0,0,0,0,0,0
3521,0,0,0,0,0,0,0,0,0,0,0,0,0,0,0,0,0,0,0,0,0
3522,0,0,0,0,0,0,0,0,0,0,0,0,0,0,0,0,0,0,0,0,0
3523,0,0,0,0,0,0,0,0,0,0,0,0,0,0,0,0,0,0,0,0,0
3524,0,0,0,0,0,0,0,0,0,0,0,0,0,0,0,0,0,0,0,0,0
3525,0,0,0,0,0,0,0,0,0,0,0,0,0,0,0,0,0,0,0,0,0
3526,0,0,0,0,0,0,0,0,0,0,0,0,0,0,0,0,0,0,0,0,0
3527,0,0,0,0,0,0,0,0,0,0,0,0,0,0,0,0,0,0,0,0,0
3528,0,0,0,0,0,0,0,0,0,0,0,0,0,0,0,0,0,0,0,0,0
3529,0,0,0,0,0,0,0,0,0,0,0,0,0,0,0,0,0,0,0,0,0
3530,0,0,0,0,0,0,0,0,0,0,0,0,0,0,0,0,0,0,0,0,0
3531,0,0,0,0,0,0,0,0,0,0,0,0,0,0,0,0,0,0,0,0,0
3532,0,0,0,0,0,0,0,0,0,0,0,0,0,0,0,0,0,0,0,0,0
3533,0,0,0,0,0,0,0,0,0,0,0,0,0,0,0,0,0,0,0,0,0
3534,16,14,12,12,10,10,12,16,21,23,22,18,15,16,20,20,18,16,13,12,13
3535,1,1,1,1,1,1,1,1,1,1,1,1,1,1,1,1,1,1,1,1,1
3536,0,0,0,0,0,0,0,0,0,0,0,0,0,0,0,0,0,0,0,0,0
3537,0,0,0,0,0,0,0,0,0,0,0,0,0,0,0,0,0,0,0,0,0
3538,0,0,0,0,0,0,0,0,0,0,0,0,0,0,0,0,0,0,0,0,0
3539,1,1,2,1,1,1,1,1,1,2,1,1,1,1,1,1,2,1,1,1,1
3540,2,2,2,2,2,1,1,2,2,2,2,2,1,1,2,2,2,2,2,1,1
3541,12,11,11,10,8,8,10,15,21,24,22,17,15,15,19,20,19,16,13,12,12
3542,5,6,7,7,5,4,4,5,6,6,6,5,4,4,5,7,7,7,5,5,5
3543,28,31,32,31,26,24,26,31,35,34,32,27,24,26,30,34,33,30,25,23,24
3544,4,5,5,5,4,4,3,4,5,5,5,4,4,3,5,5,6,5,4,4,3
3545,30,35,37,35,28,26,28,30,37,38,36,29,27,28,32,38,38,34,28,26,27
3546,1,1,1,1,1,0,0,1,1,1,1,1,0,0,1,1,1,1,1,1,1
3547,34,38,37,36,29,29,31,35,40,38,35,28,27,29,33,37,35,33,26,25,27
3548,5,6,6,5,4,4,4,5,6,6,5,5,4,4,5,6,6,5,5,4,4
3549,6,7,9,10,8,7,7,7,9,10,10,9,8,8,9,9,9,9,8,8,8
3550,1,1,1,1,1,1,1,1,1,1,1,1,1,1,1,1,1,1,1,1,1
3551,2,2,2,2,2,1,1,2,2,2,2,2,1,1,2,2,2,2,2,2,2
3552,4,5,5,4,3,3,4,5,5,5,4,3,3,4,5,6,5,4,3,3,4
3553,4,4,3,3,2,2,2,3,3,4,3,3,2,2,3,3,3,3,3,2,2
3554,16,18,18,14,11,9,10,13,16,18,15,12,10,11,14,16,16,14,11,9,11
3555,1,2,2,2,2,2,2,2,2,2,2,2,2,2,2,3,2,2,2,2,2
3556,1,1,1,1,1,1,1,1,1,1,1,1,0,1,1,1,1,1,0,0,1
3557,0,0,0,0,0,0,0,0,0,0,0,0,0,0,0,0,1,1,1,1,1
3558,0,0,0,0,0,0,0,0,0,0,0,0,0,0,0,0,0,0,0,0,0
3559,0,0,0,0,0,0,0,0,0,0,0,0,0,0,0,0,0,0,0,0,0
3560,1,1,1,1,1,1,1,1,1,1,1,1,1,1,1,1,2,2,1,1,2
3561,51,57,53,51,44,40,43,51,57,53,51,43,40,43,51,57,53,51,43,40,43
3562,5,5,4,4,3,2,2,3,4,4,4,3,2,2,3,4,4,4,3,2,2
3563,0,0,0,1,0,0,0,0,0,0,1,0,0,0,0,0,0,1,0,0,0
3564,0,0,0,0,0,0,0,0,0,0,0,0,0,0,0,0,0,0,0,0,0
3565,0,0,0,0,0,0,0,0,0,0,0,0,0,0,0,0,0,0,0,0,0
3566,7,7,6,5,4,3,4,5,5,5,5,4,4,4,4,4,4,4,3,3,4
3567,0,0,0,0,0,0,0,0,0,0,0,0,0,0,0,0,0,0,0,0,0
3568,1,1,0,0,0,0,0,1,1,0,0,0,0,0,1,1,0,0,0,0,0
3569,0,0,0,0,0,0,0,0,0,0,0,0,0,0,0,0,0,0,0,0,0
3570,1,1,1,1,1,1,1,1,1,1,1,1,1,1,1,1,1,1,1,1,1
3571,4,4,4,3,3,3,4,4,4,4,4,4,4,4,4,4,3,3,3,3,4
3572,3,3,3,3,3,3,2,3,3,3,3,3,3,2,3,3,3,3,3,3,2
3573,2,2,2,2,2,1,2,2,2,2,2,2,1,2,2,2,2,2,2,1,2
3574,1,1,0,0,0,0,1,1,1,0,0,0,0,1,1,1,0,0,0,0,1
3575,4,4,3,3,3,4,4,4,4,3,3,3,4,4,4,4,3,3,3,4,4
3576,2,2,3,3,2,2,2,3,3,3,3,3,2,2,3,3,3,2,2,2,2
3577,5,5,5,4,4,4,4,5,6,5,5,4,4,4,5,6,6,5,5,5,5
3578,0,1,1,1,1,1,0,0,1,1,1,1,1,0,0,1,1,1,1,1,0
3579,31,40,41,34,29,24,25,31,40,41,34,29,24,25,31,40,41,34,29,24,25
3580,55,54,54,52,47,40,36,48,55,61,61,55,48,44,57,59,59,55,47,40,35
3581,1,1,1,1,1,1,1,1,1,1,1,1,1,1,1,1,1,1,1,1,1
3582,1,1,1,1,1,1,1,1,1,1,1,1,1,1,1,1,1,1,1,1,1
3583,18,17,15,19,17,18,12,16,19,23,28,26,26,20,23,24,23,26,23,24,17
3584,105,108,107,103,88,86,89,110,116,115,109,92,88,88,107,113,111,104,88,86,89
3585,725,802,861,807,707,611,558,730,817,876,820,718,619,564,733,815,873,815,714,616,563
3586,70,77,76,70,59,50,53,72,83,84,77,66,57,60,78,88,85,77,66,56,59
3587,78,82,81,70,62,53,60,72,79,80,70,63,53,60,73,80,80,70,63,54,62
3588,234,269,247,234,210,198,212,233,273,251,237,213,199,212,235,273,252,236,211,198,212
3589,2,3,3,2,2,2,2,2,3,3,2,2,2,2,2,3,3,2,2,2,2
3590,2,2,2,3,3,2,2,2,2,2,2,3,2,2,2,2,2,3,3,2,2
3591,1,1,1,1,1,1,1,1,1,1,1,1,1,1,1,1,1,1,1,1,1
3592,3,3,2,2,2,2,3,3,3,2,2,2,2,3,3,3,2,2,2,2,3
3593,2,2,3,2,2,2,2,2,2,3,2,2,2,2,2,2,3,2,2,2,2
3594,1,1,1,1,1,1,0,1,1,1,1,1,1,0,1,1,1,1,1,1,0
3595,10,12,12,11,8,7,7,10,12,12,10,7,6,7,10,13,12,10,8,6,7
3596,0,0,1,0,0,0,0,0,0,1,0,0,0,0,0,0,1,0,0,0,0
3597,1,2,2,1,1,1,1,1,2,2,1,1,1,1,1,2,2,1,1,1,1
3598,1,1,0,0,0,0,1,1,1,1,0,1,1,1,1,1,1,0,0,0,1
3599,0,0,0,0,0,0,0,0,0,0,0,0,0,0,0,0,0,0,0,0,0
3600,1,1,1,0,1,1,1,1,1,1,0,1,1,1,1,1,1,0,1,1,1
3601,0,0,1,0,0,0,0,0,0,1,0,0,0,0,0,0,1,0,0,0,0
3602,0,0,0,0,0,0,0,0,0,0,0,0,0,0,0,0,0,0,0,0,0
3603,0,0,0,0,0,0,0,0,0,0,0,0,0,0,0,0,0,0,0,0,0
3604,0,0,0,0,0,0,0,0,0,0,0,0,0,0,0,0,0,0,0,0,0
3605,0,0,0,0,0,0,0,0,0,0,0,0,0,0,0,0,0,0,0,0,0
3606,0,0,0,0,0,0,0,0,0,0,0,0,0,0,0,0,0,0,0,0,0
3607,0,0,0,0,0,0,0,0,0,0,0,0,0,0,0,0,0,0,0,0,0
3608,3,2,1,0,0,0,1,2,1,1,0,0,0,1,2,1,1,0,0,0,1
3609,0,0,0,0,0,0,0,0,0,0,0,1,0,0,0,0,0,0,1,0,0
3610,0,0,0,0,0,0,0,0,0,0,0,0,0,0,0,0,0,0,0,0,0
3611,0,0,0,0,0,0,0,0,0,0,0,0,0,0,0,0,0,0,0,0,0
3612,0,0,0,0,0,0,0,0,0,0,0,0,0,0,0,0,0,0,0,0,0
3613,0,0,0,0,0,0,0,0,0,0,0,0,0,0,0,0,0,0,0,0,0
3614,0,0,0,0,0,0,0,0,0,0,0,0,0,0,0,0,0,0,0,0,0
3615,6,8,6,5,5,4,4,6,8,6,5,5,4,4,6,8,6,5,5,4,4
3616,0,0,0,0,0,0,0,0,0,0,0,0,0,0,0,0,0,0,0,0,0
3617,0,0,0,0,0,0,0,0,0,0,0,0,0,0,0,0,0,0,0,0,0
3618,0,0,0,0,0,0,0,0,0,0,0,0,0,0,0,0,0,0,0,0,0
3619,0,0,0,0,0,0,0,0,0,0,0,0,0,0,0,0,0,0,0,0,0
3620,4,4,5,4,4,4,4,5,6,6,6,5,4,5,6,6,6,5,5,4,5
3621,7,9,8,9,9,8,7,7,9,8,9,9,9,8,8,10,9,9,9,9,8
3622,2,2,2,2,1,1,1,1,2,2,2,1,1,1,1,2,2,2,1,1,1
3623,1,1,1,1,1,1,1,1,1,1,1,1,1,1,1,1,1,1,1,1,1
3624,0,0,0,0,0,0,0,0,0,0,0,0,0,0,0,0,0,0,0,0,0
3625,0,0,0,0,0,0,0,0,0,0,0,0,0,0,0,0,0,0,0,0,0
3626,43,54,70,64,55,40,31,43,54,70,64,55,40,31,43,54,70,64,55,40,31
3627,0,0,0,0,0,0,0,0,0,0,0,0,0,0,0,0,0,0,0,0,0
3628,7,7,7,7,6,5,5,7,6,6,6,6,5,5,7,6,6,6,6,5,5
3629,0,0,0,0,0,0,0,0,0,0,0,0,0,0,0,0,0,0,0,0,0
3630,2,3,1,1,1,2,3,2,3,1,1,1,2,3,2,3,1,1,1,2,3
3631,11,9,9,8,6,8,8,12,10,10,8,6,8,8,12,11,11,9,7,9,10
3632,1,1,1,1,1,1,1,1,1,1,1,1,1,1,1,1,1,1,1,1,1
3633,5,5,4,3,3,3,3,4,5,4,3,3,3,3,4,5,4,3,3,3,3
3634,4,5,5,4,3,2,3,4,5,5,4,3,2,4,4,5,5,4,3,2,4
3635,0,0,0,0,0,0,0,0,0,0,0,0,0,0,0,0,0,0,0,0,0
3636,1,0,0,1,1,1,0,1,0,0,1,1,1,0,1,0,0,1,1,1,0
3637,0,0,0,0,0,0,0,0,0,0,0,0,0,0,0,0,0,0,0,0,0
3638,1,1,2,1,1,0,0,1,1,2,1,1,0,0,1,1,2,1,1,0,0
3639,1,0,0,0,0,0,0,0,0,0,0,0,0,0,0,0,0,0,0,0,0
3640,0,0,0,0,0,0,0,0,0,0,0,0,0,0,0,0,0,0,0,0,0
3641,0,0,0,0,0,0,0,0,0,0,0,0,0,0,0,0,0,0,0,0,0
3642,0,0,0,0,0,0,0,0,0,0,0,0,0,0,0,0,0,0,0,0,0
3643,0,0,0,0,0,0,0,0,0,0,0,0,0,0,0,0,0,0,0,0,0
3644,0,0,0,0,0,0,0,0,0,0,0,0,0,0,0,0,0,0,0,0,0
3645,0,0,0,0,0,0,0,0,0,0,0,0,0,0,0,0,0,0,0,0,0
3646,1,0,1,1,1,0,0,1,0,1,1,1,0,0,1,0,1,1,1,0,1
3647,1,1,1,1,1,1,1,1,1,1,1,1,1,1,1,1,1,1,1,1,1
3648,1,1,1,2,1,1,1,1,1,1,2,1,1,1,1,1,1,2,1,1,1
3649,0,0,0,0,0,0,0,0,0,0,0,0,0,0,0,0,0,0,0,0,0
3650,0,0,0,0,0,0,0,0,0,0,0,0,0,0,0,0,0,0,0,0,0
3651,0,0,0,0,0,0,0,0,0,0,0,0,0,0,0,0,0,0,0,0,0
3652,1,1,0,1,1,1,0,1,1,0,1,1,1,0,1,1,0,1,1,1,0
3653,0,0,0,0,0,0,0,0,0,0,0,0,0,0,0,0,0,0,0,0,0
3654,2,1,1,1,1,1,1,1,1,1,1,1,1,1,1,1,1,1,1,1,1
3655,6,7,8,8,7,6,6,8,9,9,9,8,7,6,7,8,8,8,7,6,6
3656,1,1,1,1,1,0,0,1,1,1,1,1,0,0,1,1,1,1,1,0,0
3657,0,0,0,0,0,0,0,0,0,0,0,0,0,0,0,0,0,0,0,0,0
3658,4,4,5,5,4,4,4,5,5,6,5,5,4,5,6,6,6,6,5,5,5
3659,1,1,1,1,1,1,1,1,1,1,1,1,1,1,1,1,1,1,1,1,1
3660,6,7,7,5,5,5,5,7,8,8,6,5,5,5,7,8,8,6,5,5,5
3661,0,0,0,0,0,0,0,0,0,0,0,0,0,0,0,0,0,0,0,0,0
3662,0,0,0,0,0,0,0,0,0,0,0,0,0,0,0,0,0,0,0,0,0
3663,16,18,18,17,15,15,16,20,25,25,24,20,18,18,20,19,18,16,15,14,14
3664,0,0,0,0,0,0,0,0,0,0,0,0,0,0,0,0,0,0,0,0,0
3665,3,4,5,4,3,3,3,3,4,5,4,3,3,3,4,4,5,5,4,3,3
3666,3,4,6,6,6,3,3,3,4,6,6,6,3,3,3,4,6,6,6,3,3
3667,5,4,5,4,3,3,3,4,5,5,4,4,3,3,4,5,5,4,4,3,4
3668,8,8,11,10,9,7,6,7,7,10,10,9,7,6,7,7,10,10,9,7,6
3669,34,35,38,39,31,27,27,31,33,37,38,31,28,27,32,33,37,38,31,28,29
3670,20,20,20,19,17,16,16,19,20,20,19,16,15,15,17,18,18,17,15,14,14
3671,9,8,7,6,5,5,6,8,9,10,9,7,6,6,7,7,6,6,5,4,5
3672,16,17,17,17,15,13,13,15,16,17,16,14,12,13,15,17,17,16,15,13,14
3673,4,4,4,3,3,3,3,4,5,5,4,3,3,3,4,4,4,3,2,3,3
3674,8,8,9,8,6,6,6,9,10,11,10,8,7,8,10,10,9,7,6,5,6
3675,18,21,25,23,19,14,13,16,21,27,26,21,16,15,18,22,26,24,20,15,14
3676,1,2,3,3,2,1,1,1,2,3,3,2,1,1,1,2,3,3,2,1,1
3677,6,8,9,9,7,5,5,6,7,9,9,7,5,5,6,7,9,9,6,5,5
3678,2,2,2,2,2,2,2,2,2,2,2,2,2,2,2,2,2,2,2,2,2
3679,1,1,1,1,1,1,1,1,1,2,2,1,1,1,1,1,1,1,1,1,1
3680,1,1,1,0,0,0,0,1,1,1,0,0,0,0,1,1,1,0,0,0,0
3681,15,13,12,11,10,9,9,13,11,9,9,9,8,8,11,10,9,9,9,8,8
3682,1,1,1,2,2,1,1,1,1,1,2,2,1,1,1,1,1,2,2,1,1
3683,18,16,18,17,15,14,15,19,24,27,24,18,15,14,19,23,26,23,20,18,18
3684,0,1,0,3,0,0,0,0,1,0,3,0,0,0,0,1,0,3,0,0,0
3685,0,0,0,0,0,0,0,0,0,0,0,0,0,0,0,0,0,0,0,0,0
3686,0,0,0,0,0,0,0,0,0,0,0,0,0,0,0,0,0,0,0,0,0
3687,0,0,0,0,0,0,0,0,0,0,1,0,0,0,0,0,0,0,0,0,0
3688,1,1,2,2,2,1,1,2,2,2,2,2,1,2,2,2,2,1,1,0,1
3689,0,0,0,0,0,0,0,0,0,0,0,0,0,0,0,0,0,0,0,0,0
3690,2,2,2,3,4,3,2,2,3,2,3,4,3,2,2,3,2,3,4,3,2
3691,2,3,3,3,3,2,2,2,3,3,3,3,2,2,2,3,3,3,3,2,3
3692,6,6,6,7,6,6,6,6,6,6,7,6,6,6,6,6,6,7,6,6,6
3693,2,2,2,1,1,1,1,2,2,2,1,1,1,1,2,2,2,1,1,1,1
3694,0,0,0,0,0,0,0,0,0,0,0,0,0,0,0,0,0,0,0,0,0
3695,1,1,1,0,0,0,0,1,1,1,0,0,0,0,1,1,1,0,0,0,0
3696,0,0,0,0,0,0,0,0,0,0,0,0,0,0,0,0,0,0,0,0,0
3697,0,0,0,0,0,0,0,0,0,0,0,0,0,0,0,0,0,0,0,0,0
3698,0,0,0,0,0,0,0,0,0,0,0,0,0,0,0,0,0,0,0,0,0
3699,2,2,1,1,1,1,1,1,1,1,1,1,1,1,1,0,0,0,0,0,0
3700,0,0,0,0,0,0,0,0,0,0,0,0,0,0,0,0,0,0,0,0,0
3701,0,0,0,0,0,0,0,0,0,0,0,0,0,0,0,0,0,0,0,0,0
3702,17,20,20,18,17,14,13,16,19,20,18,16,13,13,16,19,20,18,16,13,13
3703,0,0,0,0,0,0,0,0,0,0,0,0,0,0,0,0,0,0,0,0,0
3704,0,0,0,0,0,0,0,0,0,0,0,0,0,0,0,0,0,0,0,0,0
3705,31,31,31,31,29,26,27,31,35,37,37,35,30,30,34,36,36,36,34,31,31
3706,1,1,1,1,0,1,1,1,1,1,1,0,1,1,1,1,1,1,1,1,1
3707,96,107,118,94,85,77,81,97,107,118,94,84,76,79,95,105,116,93,84,76,80
3708,4,3,3,3,3,2,3,4,3,3,3,3,2,3,4,3,3,3,3,2,3
3709,6,8,7,7,7,7,6,6,8,7,7,7,7,6,6,8,7,7,7,7,6
3710,0,0,0,0,0,0,0,0,0,0,0,0,0,0,0,0,0,0,0,0,0
3711,1,1,2,2,2,3,3,3,3,3,3,3,3,3,3,3,3,2,2,1,1
3712,1,0,0,0,0,0,0,1,0,0,0,0,0,0,1,1,0,0,0,0,0
3713,3,3,3,3,4,4,3,3,3,3,3,4,4,3,3,3,3,3,4,4,3
3714,35,37,36,35,32,32,32,35,37,36,35,32,32,32,35,37,36,35,33,32,32
3715,0,0,0,0,0,0,0,0,0,0,0,0,0,0,0,0,0,0,0,0,0
3716,2,3,2,2,2,2,1,2,3,2,2,2,2,1,2,3,2,2,2,2,1
3717,3,3,3,3,2,2,3,3,4,3,3,3,2,3,4,4,4,3,3,3,4
3718,0,0,0,0,0,0,0,0,0,0,0,0,0,0,0,0,0,0,0,0,0
3719,0,0,0,0,0,0,0,0,0,0,0,0,0,0,0,0,0,0,0,0,0
3720,0,0,0,0,0,0,0,0,0,0,0,0,0,0,0,0,0,0,0,0,0
3721,1,1,1,1,1,1,1,1,1,1,1,1,1,1,1,1,1,1,1,1,1
3722,0,0,0,0,0,0,0,0,0,0,0,0,0,0,0,0,0,0,0,0,0
3723,0,0,0,0,0,0,0,0,0,0,0,0,0,0,0,0,0,0,0,0,0
3724,1,1,1,1,1,0,1,1,1,1,1,1,0,1,1,1,1,1,1,1,1
3725,0,0,0,0,0,0,0,0,0,0,0,0,0,0,0,0,0,0,0,0,0
3726,52,62,63,62,58,50,42,52,62,63,62,58,50,42,52,62,63,62,58,50,42
3727,0,0,0,0,1,0,0,0,0,0,0,1,0,0,0,0,0,0,1,0,0
3728,0,0,0,0,0,0,0,0,0,0,0,0,0,0,0,0,0,0,0,0,0
3729,0,0,0,0,0,1,1,0,0,0,0,0,1,1,0,0,0,0,0,1,1
3730,0,1,0,0,0,0,0,0,1,0,0,0,0,0,0,1,0,0,0,0,0
3731,0,0,0,1,0,0,0,0,0,0,1,1,0,0,0,0,0,1,1,0,0
3732,0,0,0,0,0,0,0,0,0,0,0,0,0,0,0,0,0,0,0,0,0
3733,0,0,0,0,0,0,0,0,0,0,0,0,0,0,0,0,0,0,0,0,0
3734,15,18,17,17,17,15,14,15,18,17,18,17,14,13,14,17,16,17,17,15,14
3735,8,8,8,8,8,8,8,8,9,9,8,8,8,8,9,10,9,9,9,8,9
3736,10,10,11,10,9,8,9,10,9,9,8,8,7,8,10,9,9,8,7,7,7
3737,3,4,4,3,3,2,2,3,4,4,3,3,2,2,3,4,4,3,3,2,3
3738,1,1,1,2,1,1,1,2,2,1,2,1,1,1,1,2,1,2,1,1,2
3739,4,4,4,4,4,3,4,4,4,4,4,4,3,4,4,4,4,4,4,4,4
3740,0,0,0,0,0,0,0,0,0,0,0,0,0,0,0,0,0,0,0,0,0
3741,1,2,2,1,1,1,1,1,2,2,1,1,1,1,1,2,2,1,1,1,1
3742,3,4,3,3,3,2,2,3,4,3,3,3,2,2,3,4,3,3,3,2,2
3743,2,2,2,2,2,1,2,2,2,2,2,2,1,2,2,2,2,2,2,1,2
3744,48,51,54,50,44,39,38,47,51,52,48,42,36,35,46,51,54,51,45,40,39
3745,26,28,28,27,22,19,18,23,26,27,26,22,19,18,23,26,26,26,22,19,18
3746,3,3,3,2,2,2,2,2,2,2,2,2,2,2,2,3,2,2,2,2,2
3747,3,4,4,4,5,5,5,3,4,4,4,5,5,5,3,4,4,4,5,5,5
3748,0,0,0,0,0,0,0,0,0,0,0,0,0,0,0,0,0,0,0,0,0
3749,2,2,1,1,1,1,1,2,1,1,1,1,1,1,2,1,1,1,1,1,1
3750,0,0,0,0,0,0,0,0,0,0,0,0,0,0,0,0,0,0,0,0,0
3751,0,0,0,0,0,0,0,0,0,0,0,0,0,0,0,0,0,0,0,0,0
3752,0,0,0,0,0,0,0,0,0,0,0,0,0,0,0,0,0,0,0,0,0
3753,0,0,0,0,0,0,0,0,0,0,0,0,0,0,0,0,0,0,0,0,0
3754,0,0,0,0,0,0,0,0,0,0,0,0,0,0,0,0,0,0,0,0,0
3755,0,0,0,0,0,0,0,0,0,0,0,0,0,0,0,0,0,0,0,0,0
3756,0,0,0,0,0,0,0,0,0,0,0,0,0,0,0,0,0,0,0,0,0
3757,3,3,3,3,3,2,3,3,3,3,2,2,2,2,3,3,3,3,2,2,2
3758,1,1,0,0,0,0,0,0,0,0,0,0,0,0,1,1,1,1,1,1,1
3759,2,2,2,1,1,1,1,2,2,2,1,1,1,1,2,2,2,1,1,1,1
3760,1,1,1,1,1,1,1,1,1,1,1,1,1,1,1,1,1,1,1,1,1
3761,1,2,2,2,2,1,1,1,2,2,2,2,1,1,1,2,2,2,2,1,1
3762,0,0,0,0,0,0,0,0,0,0,0,0,0,0,0,0,0,0,0,0,0
3763,0,0,0,0,0,0,0,0,0,0,0,0,0,0,0,0,0,0,0,0,0
3764,0,0,0,0,0,0,0,0,0,0,0,0,0,0,1,1,0,0,0,0,0
3765,1,1,1,1,1,1,1,1,1,1,1,1,1,1,1,1,1,1,1,1,1
3766,0,0,0,1,1,2,2,3,3,4,4,4,4,4,3,3,3,3,3,3,3
3767,0,0,0,0,0,0,0,0,0,0,0,0,0,0,0,0,0,0,0,0,0
3768,0,0,0,0,0,0,0,0,0,0,0,0,0,0,0,0,0,0,0,0,0
3769,0,0,0,0,0,0,0,0,0,0,0,0,0,0,0,0,0,0,0,0,0
3770,0,0,0,0,0,0,0,0,0,0,0,0,0,0,0,0,0,0,0,0,0
3771,4,3,3,3,3,2,2,3,3,3,3,3,2,2,3,3,3,3,3,2,2
3772,3,3,4,3,4,3,4,3,3,4,3,4,3,4,3,3,4,3,4,3,4
3773,1,2,2,2,1,1,1,1,2,2,2,1,1,1,1,2,2,2,1,1,1
3774,1,1,1,1,1,0,0,1,1,1,1,1,0,0,1,1,1,1,1,0,1
3775,0,0,0,0,0,0,0,0,0,0,0,0,0,0,0,0,0,0,0,0,0
3776,0,0,0,0,0,0,0,0,0,0,0,0,0,0,0,0,0,0,0,0,0
3777,1,0,3,9,8,0,0,1,0,3,9,8,0,0,1,0,3,9,8,0,0
3778,0,0,0,0,0,0,0,0,0,0,0,0,0,0,0,0,0,0,0,0,0
3779,0,0,0,0,0,0,0,0,0,0,0,0,0,0,0,0,0,0,0,0,0
3780,1,1,1,1,1,0,0,1,1,1,1,1,0,0,1,1,1,1,1,0,1
3781,0,0,1,1,1,0,0,0,0,1,1,1,0,0,0,0,1,1,1,0,0
3782,1,1,1,1,0,0,1,1,1,1,1,0,0,1,1,1,1,1,0,0,1
3783,1,2,1,1,1,1,1,1,2,1,2,2,1,1,1,2,2,2,2,1,1
3784,0,0,0,0,0,0,0,0,0,0,0,0,0,0,0,0,0,0,0,0,0
3785,1,1,1,1,1,1,1,1,1,1,1,1,1,1,1,1,1,1,1,1,1
3786,0,0,0,0,0,0,0,0,0,0,0,0,0,0,0,0,0,0,0,0,0
3787,0,0,0,0,0,0,0,0,0,0,0,0,0,0,0,0,0,0,0,0,0
3788,0,0,0,0,0,0,0,0,0,0,0,0,0,0,0,0,0,0,0,0,0
3789,2,1,1,1,1,1,1,2,2,2,2,2,2,2,2,2,2,2,2,2,3
3790,0,0,0,0,0,0,0,0,0,0,0,0,0,0,0,0,0,0,0,0,0
3791,3,5,4,4,3,2,2,3,5,4,4,3,2,2,3,5,4,4,3,2,2
3792,32,34,33,31,27,25,25,29,33,32,31,27,24,24,27,30,30,29,26,23,23
3793,2,2,2,3,3,2,2,2,3,2,3,3,2,2,2,3,2,3,3,2,2
3794,0,0,0,0,0,0,0,0,0,0,0,0,0,0,0,0,0,0,0,0,0
3795,15,16,14,13,11,11,12,15,16,14,13,11,11,12,15,16,14,13,11,11,12
3796,5,6,7,7,6,4,3,5,6,7,7,6,4,3,5,6,7,7,6,4,3
3797,0,1,1,1,0,0,0,0,1,1,1,0,0,0,0,1,1,1,0,0,0
3798,0,0,0,0,0,0,0,0,0,0,0,0,0,0,0,0,0,0,0,0,0
3799,0,0,0,0,0,0,0,0,0,0,0,0,0,0,0,0,0,0,0,0,0
3800,0,0,0,0,0,0,0,0,0,0,0,0,0,0,0,0,0,0,0,0,0
3801,0,0,0,0,0,0,0,0,0,1,1,1,1,1,1,1,1,1,1,1,1
3802,0,0,0,0,0,0,0,0,0,0,0,0,0,0,0,0,0,0,0,0,0
3803,0,0,0,0,0,0,0,0,0,0,0,0,0,0,0,0,0,0,0,0,0
3804,0,0,0,0,0,0,0,0,0,0,0,0,0,0,0,0,0,0,0,0,0
3805,0,0,0,0,0,0,0,0,0,0,0,0,0,0,0,0,0,0,0,0,0
3806,4,4,4,4,3,3,3,4,5,5,5,4,4,3,5,5,5,5,4,4,4
3807,0,0,0,0,0,0,0,0,0,0,0,0,0,0,0,0,0,0,0,0,0
3808,0,0,0,0,0,0,0,0,0,0,0,0,0,0,0,0,0,0,0,0,0
3809,0,0,0,0,0,0,0,0,0,0,0,0,0,0,0,0,0,0,0,0,0
3810,14,15,16,16,15,12,13,14,15,16,16,15,12,13,14,15,16,16,15,12,13
3811,0,0,1,1,1,0,0,0,0,1,1,1,0,0,0,0,1,1,1,0,0
3812,0,0,0,0,0,0,0,0,0,0,0,0,0,0,0,0,0,0,0,0,0
3813,0,0,0,0,0,0,0,0,0,0,0,0,0,0,0,0,0,0,0,0,0
3814,1,1,0,0,0,0,1,1,1,0,0,0,0,1,1,1,0,0,0,0,1
3815,39,39,39,38,32,26,24,30,33,35,36,31,25,24,31,35,38,38,31,24,23
3816,4,5,5,4,3,3,4,3,3,4,3,3,3,4,3,3,4,3,3,3,4
3817,37,38,35,32,27,25,27,31,33,34,33,30,28,30,34,37,37,33,30,28,30
3818,11,11,12,11,12,10,9,11,11,12,11,12,10,9,11,11,12,11,12,10,9
3819,39,42,41,37,34,31,31,39,42,40,37,33,31,31,39,42,40,37,33,31,31
3820,3,3,3,3,2,2,2,3,3,3,3,2,2,2,3,3,3,3,2,2,3
3821,1,1,1,0,0,0,1,1,1,1,0,0,0,1,1,1,1,0,0,0,1
3822,67,80,91,81,61,49,48,69,83,95,88,70,58,58,80,93,101,88,68,57,57
3823,25,33,39,41,32,22,22,25,33,39,41,32,22,22,25,33,39,41,32,22,22
3824,30,36,46,42,35,28,26,30,36,46,42,35,28,26,30,36,46,42,35,28,26
3825,62,70,71,61,53,48,50,57,71,78,69,59,52,53,58,67,71,63,55,50,53
3826,29,40,51,46,37,26,23,29,40,51,46,37,26,23,29,40,51,46,38,26,23
3827,32,41,52,47,38,27,27,32,41,52,47,38,27,27,32,41,52,47,38,27,27
3828,321,396,369,329,341,292,279,321,396,369,329,341,292,279,321,396,369,329,341,292,279
3829,712,784,879,812,705,597,554,716,787,882,813,705,596,553,715,788,882,813,705,596,552
3830,334,413,397,371,347,264,266,341,417,396,366,344,262,266,343,422,403,373,349,267,272
3831,0,0,0,0,0,0,0,0,0,0,0,0,0,0,0,0,0,0,0,0,0
3832,118,123,135,123,115,111,105,118,123,135,123,115,111,105,118,123,135,123,115,111,105
3833,202,208,211,233,195,159,155,194,202,208,232,197,161,158,199,208,212,232,196,161,158
3834,204,246,227,209,167,149,151,207,249,228,209,166,147,148,203,245,224,206,165,147,148
3835,0,0,0,0,0,0,0,0,0,0,0,0,0,0,0,0,0,0,0,0,0
3836,726,805,935,860,745,652,577,743,827,953,875,757,659,584,750,832,958,875,754,655,581
3837,766,839,965,895,777,680,607,778,863,982,899,779,678,606,777,861,983,900,777,680,612
3838,0,0,0,0,0,0,0,0,0,0,0,0,0,0,0,0,0,0,0,0,0
3839,451,547,519,471,414,387,380,458,559,532,482,424,394,385,463,563,537,485,425,395,387
3840,294,227,329,415,550,499,389,283,210,308,393,539,494,390,286,211,309,389,534,493,390
3841,2,0,0,0,0,0,2,2,0,0,0,0,0,2,2,0,0,0,0,0,2
3842,2,0,0,0,0,2,2,2,0,0,0,0,2,2,2,0,0,0,0,2,2
3843,51,64,64,59,48,40,44,50,62,62,58,47,40,44,50,62,62,58,47,40,44
3844,58,56,54,58,55,59,59,69,77,76,80,71,70,68,76,74,64,62,58,61,59
3845,7,6,5,7,7,8,8,7,6,5,7,7,8,8,7,6,5,7,7,8,8
3846,35,46,56,63,51,37,33,35,46,56,63,51,37,33,36,46,56,63,51,37,34
3847,13,14,19,22,22,18,17,13,14,19,22,22,18,17,13,14,19,22,22,18,17
3848,7,7,7,5,5,5,4,6,6,7,6,5,5,4,6,6,6,5,5,5,4
3849,28,36,40,42,39,38,27,30,38,41,42,39,38,27,31,39,42,43,40,39,28
3850,22,21,22,30,29,27,25,22,21,22,31,29,28,26,24,24,26,34,33,30,28
3851,9,13,13,7,6,1,6,9,13,13,8,7,2,7,10,14,14,8,7,2,7
3852,0,0,0,0,0,0,0,0,0,0,0,0,0,0,0,0,0,0,0,0,0
3853,0,3,0,0,0,0,0,0,2,0,0,0,0,0,0,3,0,0,0,0,0
3854,253,293,298,290,242,216,206,257,309,314,302,251,219,206,253,301,307,296,247,220,213
3855,211,151,159,261,328,292,259,211,151,159,261,328,293,259,211,151,159,261,328,293,259
3856,0,2,0,0,0,0,0,0,2,0,0,0,0,0,0,2,0,0,0,0,0
3857,0,0,0,0,0,0,0,0,0,0,0,0,0,0,0,0,0,0,0,0,0
3858,489,569,582,512,425,394,388,495,581,595,522,433,397,390,498,585,601,527,436,402,398
3859,173,180,203,269,387,370,327,173,180,203,269,387,370,326,173,180,203,269,387,370,327
3860,4,2,0,0,0,0,0,4,2,0,0,0,0,0,4,2,0,0,0,0,0
3861,0,0,0,0,0,0,0,0,0,0,0,0,0,0,0,0,0,0,0,0,0
3862,161,187,197,208,178,156,145,173,205,212,220,189,162,148,173,200,206,212,181,158,149
3863,31,24,28,34,37,37,33,32,24,27,33,36,36,32,31,23,27,33,36,36,32
3864,0,0,0,0,0,3,0,0,0,0,0,0,3,0,0,0,0,0,0,3,0
3865,0,0,0,0,0,0,1,0,0,0,0,0,0,1,0,0,0,0,0,0,1
3866,18,20,24,21,19,13,13,21,25,29,23,19,12,11,16,18,23,20,19,12,12
3867,19,23,17,16,12,14,22,19,23,17,16,12,14,22,19,23,17,16,12,14,22
3868,2,3,3,4,3,3,3,3,4,4,5,4,4,4,4,4,4,5,4,4,4
3869,41,39,51,62,46,38,45,41,38,50,61,45,38,45,41,38,50,61,45,38,45
3870,125,98,102,203,201,178,179,125,103,108,208,204,180,182,130,110,118,218,213,188,189
3871,0,0,1,1,0,0,0,0,0,1,1,0,0,0,0,0,1,1,0,0,0
3872,0,0,4,5,5,3,0,0,0,4,5,5,3,0,0,0,4,5,5,3,0
3873,36,41,31,19,13,15,19,36,40,30,19,13,15,19,36,40,30,19,13,15,19
3874,39,56,78,92,78,48,19,44,68,93,107,89,57,27,50,65,84,97,82,52,23
3875,38,44,57,55,49,40,26,39,45,58,55,49,39,25,38,44,56,54,49,39,26
3876,442,481,511,582,566,475,398,443,499,537,601,580,485,407,452,510,547,611,590,496,423
3877,370,357,423,435,421,359,324,381,380,438,429,411,338,302,356,346,411,413,404,344,311
3878,173,181,195,199,153,167,165,178,191,202,199,153,163,159,171,183,196,195,151,166,165
3879,7,4,2,8,4,0,2,7,4,2,8,4,0,2,7,4,2,8,4,0,2
3880,3,0,0,0,0,3,3,3,0,0,0,0,3,3,3,0,0,0,0,3,3
3881,339,350,362,485,341,322,272,322,331,334,454,318,297,240,289,307,331,468,337,324,277
3882,193,124,137,253,277,288,260,194,125,137,254,277,287,260,194,125,137,253,277,287,260
3883,9,16,7,14,7,19,3,9,16,7,14,7,19,3,9,16,7,14,7,19,3
3884,10,6,5,5,1,5,5,10,6,5,5,1,5,5,10,6,5,5,1,5,5
3885,307,356,337,328,305,285,272,310,360,330,311,288,262,244,284,342,324,316,297,278,266
3886,205,153,195,275,359,381,345,213,163,203,277,358,378,342,210,163,207,284,366,386,349
3887,40,37,19,19,14,18,21,32,34,20,20,14,18,21,32,35,21,22,16,19,22
3888,33,34,33,23,27,24,28,29,35,37,26,29,26,30,29,33,33,23,27,24,27
3889,21,17,17,18,22,22,22,24,21,20,20,22,23,24,29,25,21,20,23,23,22
3890,24,18,18,26,25,26,31,30,27,26,33,31,31,35,29,20,16,24,25,25,29
3891,5,5,7,9,8,3,3,5,6,8,9,8,3,3,5,6,8,9,8,3,3
3892,14,14,12,4,6,7,6,15,15,12,4,6,7,6,15,15,12,4,6,8,7
3893,17,24,24,23,18,27,23,21,25,24,22,17,23,15,17,24,24,22,17,23,15
3894,22,22,24,23,23,20,21,25,25,26,23,24,20,21,27,30,31,27,26,22,22
3895,230,272,286,252,225,193,170,213,261,278,240,218,184,160,203,249,271,240,222,195,176
3896,604,646,679,654,542,470,503,626,675,698,652,529,437,466,594,645,673,637,520,442,478
3897,149,182,197,200,191,161,153,174,207,205,194,182,148,139,160,196,204,197,188,161,159
3898,121,125,129,125,108,97,106,131,147,153,147,128,112,118,139,148,149,136,116,103,112
3899,726,805,930,858,756,685,643,833,945,1068,995,879,773,700,853,928,1028,924,791,681,619
3900,789,868,1003,936,810,731,684,866,970,1074,971,836,724,660,836,926,1031,938,803,709,646
3901,772,844,962,881,763,671,609,779,866,975,884,763,661,595,766,850,965,880,763,670,610
3902,1,0,0,0,0,0,0,1,0,0,0,0,0,0,1,0,0,0,0,0,0
3903,0,1,1,1,0,0,0,0,1,1,1,0,0,0,0,1,1,1,0,0,0
3904,5,8,6,7,7,5,5,5,7,6,7,7,5,5,5,7,6,7,7,5,5
3905,0,0,0,0,0,0,0,0,0,0,0,0,0,0,0,0,0,0,0,0,0
3906,21,19,17,23,22,24,31,21,19,17,23,22,24,31,21,19,17,23,22,24,31
3907,0,0,0,0,0,0,0,0,0,0,0,0,0,0,0,0,0,0,0,0,0
3908,4,2,2,2,2,2,4,6,4,4,2,2,2,3,3,0,0,0,2,2,4
3909,202,231,219,212,192,183,204,207,230,209,191,170,160,186,197,235,229,219,195,185,210
3910,40,26,43,64,79,82,64,40,26,43,64,79,82,64,40,26,43,64,79,82,64
3911,62,69,66,59,49,45,40,56,65,68,64,54,49,43,61,71,69,61,52,48,43
3912,7,14,15,14,10,7,4,7,14,15,14,10,7,5,7,14,15,14,10,7,5
3913,0,0,0,0,0,0,0,0,0,0,0,0,0,0,0,0,0,0,0,0,0
3914,88,94,97,93,74,78,78,92,100,103,98,78,80,81,96,104,104,96,76,80,81
3915,18,29,33,26,19,18,15,18,35,50,44,28,23,20,25,39,40,31,22,21,18
3916,16,16,25,25,12,12,11,17,17,25,25,12,12,12,17,17,25,26,12,12,12
3917,205,200,222,215,189,173,177,202,216,236,226,206,187,201,236,254,279,251,223,209,223
3918,18,20,17,18,19,20,19,18,20,17,18,19,20,19,18,20,17,18,19,20,19
3919,17,26,32,46,40,30,16,17,26,32,46,40,30,16,17,25,32,46,40,30,16
3920,99,98,103,96,86,117,111,108,108,108,100,89,118,112,106,101,98,87,79,110,106
3921,13,9,10,19,25,24,17,13,9,10,19,25,24,17,13,9,10,19,25,24,17
3922,6,0,0,0,0,0,0,6,0,0,0,0,0,0,6,0,0,0,0,0,0
3923,13,21,20,12,4,8,6,13,21,19,11,2,7,2,4,9,11,8,2,7,3
3924,9,13,6,9,5,4,10,10,15,7,10,6,4,10,9,13,6,9,5,4,10
3925,8,15,21,19,15,7,6,8,15,21,19,15,7,6,8,15,21,19,15,7,6
3926,12,11,18,16,15,17,14,11,11,18,16,15,17,15,12,11,18,16,16,17,16
3927,0,0,0,0,0,0,0,0,0,0,0,0,0,0,0,0,0,0,0,0,0
3928,0,0,0,0,0,0,0,0,0,0,0,0,0,0,0,0,0,0,0,0,0
3929,3,0,0,0,0,0,2,3,0,0,0,0,0,2,3,0,0,0,0,0,2
3930,3,0,0,0,0,0,0,3,0,0,0,0,0,0,3,0,0,0,0,0,0
3931,4,42,60,4,3,1,1,4,42,60,4,3,1,1,4,42,60,4,3,1,1
3932,3,0,0,0,0,0,0,3,0,0,0,0,0,0,3,0,0,0,0,0,0
3933,1,0,0,0,0,0,0,1,0,0,0,0,0,0,1,0,0,0,0,0,0
3934,7,1,1,32,28,7,4,7,1,1,32,28,7,4,7,1,1,32,28,7,4
3935,9,13,12,11,4,1,3,9,13,12,11,4,1,3,9,13,12,11,4,1,3
3936,3,2,0,14,13,0,2,3,2,0,14,13,0,2,3,2,0,14,13,0,2
3937,0,0,0,0,0,0,0,0,0,0,0,0,0,0,0,0,0,0,0,0,0
3938,0,0,0,0,0,0,0,0,0,0,0,0,0,0,0,0,0,0,0,0,0
3939,0,0,0,0,0,1,0,0,0,0,0,0,1,0,0,0,0,0,0,1,0
3940,5,6,6,0,0,3,3,5,6,6,0,0,3,4,5,6,6,0,0,3,4
3941,5,6,6,0,0,3,3,5,6,6,0,0,3,3,5,6,6,0,0,3,3
3942,1,5,1,0,3,0,3,1,5,1,0,3,0,3,1,5,1,0,3,0,3
3943,40,44,40,41,35,31,32,44,48,43,41,33,28,29,39,42,37,37,32,29,29
3944,1,0,1,0,0,0,1,1,1,1,2,5,10,17,19,15,10,4,1,0,1
3945,0,0,0,0,0,0,0,0,0,0,0,0,0,0,0,0,0,0,0,0,0
3946,4,3,0,0,0,0,1,4,3,0,0,0,0,1,4,3,0,0,0,0,1
3947,0,0,0,0,0,0,0,0,0,0,0,0,0,0,0,0,0,0,0,0,0
3948,19,18,19,22,16,2,1,19,18,19,22,16,2,1,19,18,19,22,16,2,1
3949,0,0,0,0,0,0,0,0,0,0,0,0,0,0,0,0,0,0,0,0,0
3950,0,0,1,2,5,8,10,13,16,13,4,1,0,0,0,1,2,2,2,1,1
3951,10,13,7,3,3,4,9,10,13,7,4,3,4,9,10,13,7,4,3,4,9
3952,0,0,0,0,0,0,0,0,0,0,0,0,0,0,0,0,0,0,0,0,0
3953,0,0,3,8,10,4,3,0,0,4,8,10,4,3,0,0,3,8,10,4,3
3954,0,0,0,0,2,0,0,0,0,0,0,2,0,0,0,0,0,0,2,0,0
3955,0,0,0,0,2,2,2,0,0,0,0,2,2,2,0,0,0,0,2,2,2
3956,0,0,0,0,0,0,0,0,0,0,0,0,0,0,0,0,0,0,0,0,0
3957,0,0,0,0,0,0,0,0,0,0,0,0,0,0,0,0,0,0,0,0,0
3958,0,0,0,0,0,3,5,0,0,0,0,0,3,5,0,0,0,0,0,3,5
3959,0,0,0,0,0,0,0,0,0,0,0,0,0,0,0,0,0,0,0,0,0
3960,0,0,0,0,0,0,0,0,0,0,0,0,0,0,0,0,0,0,0,0,0
3961,0,0,0,0,0,0,0,0,0,0,0,0,0,0,0,0,0,0,0,0,0
3962,0,0,0,0,0,0,0,0,0,0,0,0,0,0,0,0,0,0,0,0,0
3963,1,1,2,1,0,0,0,1,1,2,1,0,0,1,1,1,2,1,1,1,1
3964,0,0,0,8,7,2,0,0,0,0,8,7,2,0,0,0,0,8,7,2,0
3965,0,0,0,0,0,0,0,0,0,0,0,0,0,0,0,0,0,0,0,0,0
3966,1,1,1,0,0,0,0,1,1,1,0,0,0,0,1,1,1,0,0,0,0
3967,0,0,0,0,0,0,0,0,0,0,0,0,0,0,0,0,0,0,0,0,0
3968,6,7,6,6,5,4,4,5,6,6,5,4,3,4,5,5,5,5,4,4,4
3969,4,4,5,5,4,3,4,5,6,5,5,4,4,4,5,5,5,5,4,4,4
3970,0,0,0,0,0,0,0,0,0,0,0,0,0,0,0,0,0,0,0,0,0
3971,0,0,0,0,0,0,0,0,0,0,0,0,0,0,0,0,0,0,0,0,0
3972,0,0,1,0,0,0,0,1,1,1,1,0,0,1,1,1,1,1,1,1,1
3973,14,16,18,20,18,15,14,14,17,19,21,18,15,13,13,16,17,20,19,15,14
3974,3,3,3,3,3,2,2,3,3,3,3,3,2,2,3,3,3,3,3,2,2
3975,6,6,6,7,6,6,5,6,6,6,7,6,6,6,7,7,6,7,7,6,7
3976,0,0,0,0,0,1,0,0,0,0,0,0,1,0,0,0,0,0,0,1,0
3977,1,1,1,2,2,0,0,1,1,1,2,2,0,0,1,1,1,2,2,0,0
3978,0,0,0,0,0,0,0,0,0,0,0,0,0,0,0,0,0,0,0,0,0
3979,1,1,1,1,1,1,0,1,1,1,1,1,1,0,1,1,1,1,1,1,0
3980,7,7,8,8,7,7,6,7,7,7,8,7,7,6,7,7,7,8,7,7,6
3981,1,1,1,1,1,1,1,2,1,1,1,1,1,1,2,1,1,1,1,1,1
3982,27,30,37,38,35,25,28,27,30,37,38,35,25,28,27,31,38,39,36,26,29
3983,5,6,9,10,9,6,5,5,6,9,10,9,6,5,5,6,9,10,8,6,5
3984,1,1,1,1,1,1,1,1,1,1,1,1,1,1,1,1,1,1,1,1,1
3985,0,0,0,0,0,0,0,0,0,0,0,0,0,0,0,0,0,0,0,0,0
3986,0,1,1,1,1,1,1,1,1,1,1,1,1,1,1,1,1,1,0,0,0
3987,39,41,39,41,36,35,35,39,43,42,45,39,38,38,40,42,40,41,35,35,35
3988,10,10,10,10,8,7,7,9,9,10,9,8,7,6,8,8,9,9,8,7,6
3989,5,5,5,6,6,6,5,5,5,5,6,6,6,5,5,5,5,6,6,6,5
3990,8,8,8,11,10,9,8,8,8,8,11,10,9,8,8,8,8,11,10,9,9
3991,13,14,16,18,16,13,11,12,14,17,18,17,13,11,12,14,17,19,17,13,11
3992,1,1,1,1,1,0,1,1,1,1,1,1,0,1,1,1,1,1,1,0,1
3993,0,0,0,0,0,0,0,0,0,0,0,0,0,0,0,0,0,0,0,0,0
3994,0,0,0,0,0,0,0,0,0,0,0,0,0,0,0,0,0,0,0,0,0
3995,0,0,0,0,0,0,0,0,0,0,0,0,0,0,0,0,0,0,0,0,0
3996,3,3,3,2,2,1,2,3,3,3,3,2,2,2,2,2,2,1,1,1,2
3997,0,1,0,0,0,0,0,0,1,0,0,0,0,0,0,1,0,0,0,0,0
3998,94,101,101,90,83,72,76,95,105,104,92,85,73,77,96,104,103,89,80,68,70
3999,11,15,14,11,8,7,9,12,19,20,17,14,12,13,16,19,18,14,12,11,13
4000,55,58,67,64,54,47,46,61,73,83,75,61,51,49,61,68,76,70,57,48,46
4001,248,253,254,252,225,193,195,239,247,245,239,217,188,195,248,265,269,264,237,204,207
4002,3,3,3,3,2,2,2,3,3,3,3,2,2,2,3,3,3,3,2,2,2
4003,1,1,0,0,0,0,0,1,1,0,0,0,0,0,1,1,0,0,0,0,0
4004,70,80,86,79,68,62,61,70,80,86,79,68,62,61,70,80,86,79,68,62,61
4005,9,8,8,8,9,9,9,10,8,8,8,9,9,9,9,8,8,8,9,9,9
4006,1,1,1,1,1,1,1,1,1,1,1,1,1,1,1,1,1,1,1,1,1
4007,2,2,2,2,2,2,2,2,2,2,2,2,2,2,2,2,2,2,2,2,2
4008,15,16,15,13,11,10,12,14,15,16,14,12,12,14,16,17,15,13,10,9,12
4009,0,0,0,0,0,0,0,0,0,0,0,0,0,0,0,0,0,0,0,0,0
4010,0,0,0,0,0,0,0,0,0,0,0,0,0,0,0,0,0,0,0,0,0
4011,0,0,0,0,0,0,0,0,0,0,0,0,0,0,0,0,0,0,0,0,0
4012,0,0,0,0,0,0,0,0,0,0,0,0,0,0,0,0,0,0,0,0,0
4013,0,0,0,0,0,0,0,0,0,0,0,0,0,0,1,1,1,1,0,0,1
4014,1,1,1,0,0,0,0,1,1,1,0,0,0,0,1,1,1,0,0,0,0
4015,0,0,0,0,0,0,0,0,0,0,0,0,0,0,0,0,0,0,0,0,0
4016,0,0,0,0,0,0,0,0,0,0,0,0,0,0,0,0,0,0,0,0,0
4017,5,5,5,5,4,4,4,5,5,4,4,3,3,3,5,5,5,4,4,3,4
4018,11,14,15,14,12,9,7,10,14,16,16,13,10,7,10,14,16,15,12,9,7
4019,13,13,12,11,10,10,11,13,15,16,14,13,12,12,13,13,13,11,11,11,11
4020,2,2,3,3,3,2,2,2,2,3,3,3,2,2,2,2,3,3,3,2,2
4021,1,1,0,0,0,0,1,1,1,0,0,0,0,1,1,1,0,0,0,0,1
4022,9,10,9,9,9,8,8,8,9,9,8,8,8,8,9,10,9,9,9,8,8
4023,0,0,0,0,0,0,0,0,0,0,0,0,0,0,0,0,0,0,0,0,0
4024,0,0,1,1,0,0,0,0,0,1,1,1,0,0,0,0,1,1,0,0,0
4025,0,0,0,0,0,0,0,0,0,0,0,0,0,0,0,0,0,0,0,0,0
4026,0,0,0,0,0,0,0,0,0,0,0,0,0,0,0,0,0,1,1,1,1
4027,0,0,0,0,0,0,0,0,0,0,0,0,0,0,0,0,0,0,0,0,0
4028,0,0,0,0,0,0,0,0,0,0,0,0,0,0,0,0,0,0,0,0,0
4029,0,0,0,0,0,0,0,0,0,0,0,0,0,0,0,0,0,0,0,0,0
4030,0,0,0,0,0,0,0,0,0,0,0,0,0,0,0,0,0,0,0,0,0
4031,0,0,0,0,0,0,0,0,0,0,0,0,0,0,0,0,0,0,0,0,0
4032,0,0,0,0,0,0,0,0,0,0,0,0,0,0,0,0,0,0,0,0,0
4033,10,11,11,11,10,9,10,11,13,13,13,11,10,10,12,13,13,13,11,10,11
4034,151,188,225,216,185,151,133,151,188,225,215,184,151,133,151,188,225,215,184,151,133
4035,38,39,36,32,28,26,37,35,42,47,46,40,37,45,41,43,43,38,33,31,41
4036,5,4,4,4,3,3,3,4,4,4,3,3,3,3,4,4,3,3,3,3,3
4037,2,2,2,2,2,1,1,2,2,2,2,2,1,1,2,2,2,2,2,1,1
4038,15,17,19,18,15,14,14,15,16,16,15,14,13,14,17,20,21,20,17,16,16
4039,0,0,0,0,0,0,0,0,0,0,0,0,0,0,0,0,0,0,0,0,0
4040,11,12,9,8,8,9,10,10,10,7,6,6,7,9,11,12,10,9,9,9,10
4041,9,9,10,9,8,6,7,8,8,9,8,8,6,7,9,9,10,9,8,7,7
4042,1,0,0,0,0,0,0,0,0,0,0,0,0,0,0,0,0,0,0,0,0
4043,6,7,7,7,7,7,6,7,7,7,7,7,6,6,7,7,7,7,7,7,6
4044,0,0,0,0,0,0,0,0,0,0,0,0,0,0,0,0,0,0,0,0,0
4045,0,0,0,0,0,0,0,0,0,0,0,0,0,0,0,0,0,0,0,0,0
4046,2,1,1,1,1,1,1,1,1,1,1,1,1,1,1,1,1,1,1,1,1
4047,3,3,4,4,3,2,2,3,3,4,4,3,2,2,3,3,4,4,3,2,2
4048,0,0,0,0,0,0,0,0,0,0,0,0,0,0,0,0,0,0,0,0,0
4049,0,0,0,0,0,0,0,0,0,0,0,0,0,0,0,0,0,0,0,0,0
4050,36,44,49,53,46,33,24,30,42,51,55,47,34,23,28,38,46,52,46,33,23
4051,1,1,2,1,2,1,2,1,1,2,1,2,1,2,1,1,2,1,2,1,2
4052,0,0,0,0,0,0,0,0,0,0,0,0,0,0,0,0,0,0,0,0,0
4053,6,5,3,3,3,4,4,6,5,3,3,3,4,4,6,5,3,3,3,4,4
4054,2,2,1,1,1,1,2,2,2,2,2,1,1,2,2,2,2,2,1,1,2
4055,0,0,0,0,0,0,0,0,0,0,0,0,0,0,0,0,0,0,0,0,0
4056,1,1,1,1,1,1,1,1,1,1,1,1,1,1,1,0,0,0,0,0,0
4057,0,0,0,0,0,0,0,0,0,0,0,0,0,0,0,0,0,0,0,0,0
4058,3,3,3,2,2,2,2,3,2,2,2,2,2,2,2,2,1,1,2,1,1
4059,0,0,0,0,0,0,0,0,0,0,0,0,0,0,0,0,0,0,0,0,0
4060,7,7,5,5,6,6,7,7,7,5,5,6,6,7,7,7,5,5,6,6,7
4061,14,12,10,10,9,11,10,14,12,10,10,9,11,10,14,12,10,10,9,11,10
4062,0,0,0,0,0,0,0,0,0,0,0,0,0,0,0,0,0,0,0,0,0
4063,0,0,0,0,0,0,0,0,0,0,0,0,0,0,0,0,0,0,0,0,0
4064,1,1,1,1,1,1,1,1,1,1,1,1,1,1,1,1,1,1,1,1,1
4065,0,0,0,0,0,0,0,0,0,0,0,0,0,0,0,0,0,0,0,0,0
4066,10,10,12,12,12,10,9,10,10,12,11,12,10,9,10,10,12,11,12,10,9
4067,0,0,0,0,0,0,0,0,0,0,0,0,0,0,0,0,0,0,0,0,0
4068,0,0,0,0,0,0,0,0,0,0,0,0,0,0,0,0,0,0,0,0,0
4069,2,2,2,2,3,2,2,2,2,2,2,3,2,2,2,2,2,2,3,2,2
4070,2,2,2,2,1,2,2,2,2,2,2,2,2,2,2,2,2,2,2,2,2
4071,29,34,36,36,30,23,21,29,34,36,36,30,23,21,29,34,36,36,30,23,21
4072,27,31,32,31,26,22,23,29,33,33,32,28,24,24,31,35,36,34,29,25,26
4073,0,0,0,0,0,0,0,0,0,0,0,0,0,0,0,0,0,0,0,0,0
4074,2,3,4,3,3,2,2,2,3,3,3,2,1,1,2,3,4,3,2,2,2
4075,1,1,1,1,1,1,1,1,1,1,1,1,1,1,1,1,1,1,1,1,1
4076,0,0,0,0,0,0,0,0,0,0,0,0,0,0,0,0,0,0,0,0,0
4077,0,0,0,0,0,0,0,0,0,0,0,0,0,0,0,0,0,0,0,0,0
4078,0,0,0,0,0,0,0,0,0,0,0,0,0,0,0,0,0,0,0,0,0
4079,0,0,0,0,0,0,0,0,0,0,0,0,0,0,0,0,0,0,0,0,0
4080,1,2,2,2,1,1,1,1,2,2,2,1,1,1,1,2,2,2,1,1,1
4081,0,0,0,0,0,0,0,0,0,0,0,0,0,0,0,0,0,0,0,0,0
4082,0,0,0,0,0,0,0,0,0,0,0,0,0,0,0,0,0,0,0,0,0
4083,0,0,0,0,0,0,0,0,0,0,0,0,0,0,0,0,0,0,0,0,0
4084,1,1,2,2,1,1,1,1,1,2,2,1,1,1,1,1,2,2,1,1,1
4085,0,0,0,0,0,0,0,0,0,0,0,0,0,0,0,0,0,0,0,0,0
4086,0,0,0,0,0,0,0,0,0,0,0,0,0,0,0,0,0,0,0,0,0
4087,1,1,1,1,0,1,1,1,1,1,1,0,1,1,1,1,1,1,0,1,1
4088,1,1,1,1,1,1,1,1,1,1,1,1,1,1,1,1,1,1,1,1,1
4089,0,0,0,0,0,0,0,0,0,0,0,0,0,0,0,0,0,0,0,0,0
4090,0,0,2,2,0,0,0,0,0,2,2,0,0,0,0,0,2,2,0,0,0
4091,1,0,1,0,1,1,1,1,1,1,1,1,1,1,1,1,1,1,2,2,2
4092,0,0,0,0,0,0,0,0,0,0,0,0,0,0,0,0,0,0,0,0,0
4093,0,0,0,0,0,0,0,0,0,0,0,0,0,0,0,0,0,0,0,0,0
4094,2,2,2,2,1,1,1,2,3,2,2,1,1,2,2,3,2,2,1,2,2
4095,1,1,1,1,1,1,1,1,1,1,1,1,1,1,1,1,1,1,1,1,1
4096,0,0,0,0,0,0,0,0,0,0,0,0,0,0,0,0,0,0,0,0,0
4097,0,0,0,0,0,0,0,0,0,0,0,0,0,0,0,0,0,0,0,0,0
4098,0,0,0,0,0,0,0,0,0,0,0,0,0,0,0,0,0,0,0,0,0
4099,10,11,12,11,10,9,9,11,12,12,11,10,9,9,11,12,12,11,9,8,9
4100,3,3,3,3,3,3,3,3,3,3,3,3,3,3,3,3,4,3,3,3,3
4101,1,2,2,2,2,1,1,1,2,2,2,2,1,1,1,2,2,2,2,1,1
4102,30,30,31,29,26,23,24,30,30,31,29,25,23,24,30,31,32,30,26,23,25
4103,1,1,1,1,1,1,1,1,1,1,1,1,1,1,1,1,1,1,1,1,1
4104,1,1,1,0,0,0,0,1,1,1,0,0,0,0,1,1,1,0,0,0,0
4105,4,5,5,5,4,4,4,4,5,5,5,4,4,4,4,5,5,5,4,4,4
4106,0,0,0,0,0,0,0,0,0,0,0,0,0,0,0,0,0,0,0,0,0
4107,4,4,4,4,4,3,3,4,4,4,4,4,3,3,4,4,4,5,4,3,3
4108,1,1,1,1,0,0,0,1,1,1,1,0,0,0,1,1,1,1,0,0,0
4109,0,0,0,0,0,0,0,0,0,0,0,0,0,0,0,0,0,0,0,0,0
4110,0,0,0,0,0,0,0,0,0,0,0,0,0,0,0,0,0,0,0,0,0
4111,0,0,0,0,0,0,0,0,0,0,0,0,0,0,0,0,0,0,0,0,0
4112,0,0,0,0,0,0,0,0,0,0,0,0,0,0,0,0,0,0,0,0,0
4113,0,0,0,0,0,0,0,0,0,0,0,0,0,0,0,0,0,0,0,0,0
4114,1,2,2,2,1,1,1,1,2,2,2,1,1,1,1,2,2,2,1,1,1
4115,94,100,99,94,75,66,72,83,96,99,96,79,69,75,87,101,104,102,83,73,78
4116,10,16,18,16,13,9,8,10,16,18,16,13,9,8,10,16,18,16,13,9,8
4117,0,0,0,1,1,1,0,0,0,0,1,1,1,0,0,0,0,1,1,1,0
4118,43,49,49,50,44,37,35,43,49,49,50,44,37,35,43,49,49,50,44,37,35
4119,5,5,4,3,2,1,1,1,0,0,0,0,0,0,0,0,0,0,1,1,1
4120,0,0,0,0,0,0,0,0,0,0,0,0,0,0,0,0,0,0,0,0,0
4121,0,0,0,0,0,0,0,0,0,0,0,0,0,0,0,0,0,0,0,1,1
4122,0,0,0,0,0,0,0,0,0,0,0,0,0,0,0,0,0,0,0,0,0
4123,0,0,0,0,0,0,0,0,0,0,0,0,0,0,0,0,0,0,0,0,0
4124,0,0,0,0,0,0,0,0,0,0,0,0,0,0,0,0,0,0,0,0,0
4125,0,0,0,0,0,0,0,0,0,0,0,0,0,0,0,0,0,0,0,0,0
4126,0,0,0,0,0,0,0,0,0,0,0,0,0,0,0,0,0,0,0,0,0
4127,0,0,0,0,0,0,0,0,0,0,0,0,0,0,0,0,0,0,0,0,0
4128,0,0,0,0,0,0,0,0,0,0,0,0,0,0,0,0,0,0,0,0,0
4129,0,0,0,0,0,0,0,0,0,0,0,0,0,0,0,0,0,0,0,0,1
4130,6,6,6,6,5,5,5,6,7,7,6,6,5,6,7,7,7,6,5,6,7
4131,0,0,0,0,0,0,0,0,0,0,0,0,0,0,0,0,0,0,0,0,0
4132,1,1,1,1,1,1,1,1,1,1,1,1,1,1,1,1,1,1,1,1,1
4133,11,12,14,13,11,9,9,11,12,14,13,11,9,9,11,12,14,13,11,9,9
4134,0,0,0,0,0,0,0,0,0,0,0,0,0,0,0,0,0,0,0,0,0
4135,1,1,1,1,1,1,1,1,1,1,1,1,1,1,1,1,1,1,1,1,1
4136,1,1,1,1,1,1,0,1,1,1,1,1,1,0,1,1,1,1,1,1,0
4137,2,3,3,3,2,2,2,2,3,3,3,2,2,2,2,3,3,3,2,2,2
4138,6,7,7,6,5,4,4,5,6,6,6,5,4,4,5,6,6,6,5,4,4
4139,6,6,6,5,4,4,5,6,6,6,5,4,4,5,6,6,5,5,4,4,5
4140,0,0,0,0,0,0,0,0,0,0,0,0,0,0,0,0,0,0,0,0,0
4141,9,9,8,7,6,5,6,8,8,7,6,5,5,5,6,6,6,5,4,4,5
4142,1,0,1,0,0,0,0,1,0,1,0,0,0,0,1,0,1,0,0,0,0
4143,1,1,1,1,1,1,1,1,1,1,1,1,1,1,1,1,1,1,1,1,1
4144,1,1,1,1,1,1,1,1,1,1,1,1,1,0,1,1,1,1,1,1,1
4145,0,0,0,0,0,0,0,0,0,0,0,0,0,0,0,0,0,0,0,0,0
4146,0,0,0,0,0,0,0,0,0,0,0,0,0,0,0,0,0,0,0,0,0
4147,7,7,5,4,3,5,5,7,7,5,4,3,5,5,7,7,5,4,3,5,5
4148,2,2,2,2,2,2,1,2,2,2,2,2,2,2,2,2,2,2,2,2,2
4149,0,0,0,0,0,0,0,0,0,0,0,0,0,0,0,0,0,0,0,0,0
4150,0,0,0,0,0,0,0,0,0,0,0,0,0,0,0,0,0,0,0,0,0
4151,0,0,0,0,0,0,0,0,0,0,0,0,0,0,0,0,0,0,0,0,0
4152,2,2,2,2,1,1,1,2,2,2,2,1,1,1,2,2,2,2,1,1,1
4153,0,0,0,0,0,0,0,0,0,0,0,0,0,0,0,0,0,0,0,0,0
4154,0,0,0,0,0,0,0,0,0,0,0,0,0,0,0,0,0,0,0,0,0
4155,3,3,5,7,8,8,9,9,9,9,10,10,10,10,9,9,9,9,9,8,7
4156,0,0,0,0,0,0,0,0,0,0,0,0,0,0,0,0,0,0,0,0,0
4157,0,0,0,0,0,0,0,0,0,0,0,0,0,0,0,0,0,0,0,0,0
4158,0,0,0,0,0,0,0,0,0,0,0,0,0,0,0,0,0,0,0,0,0
4159,1,3,3,3,1,1,0,1,3,3,3,1,1,0,1,3,3,3,1,1,0
4160,0,0,0,0,0,0,0,0,0,0,0,0,0,0,0,0,0,0,0,0,0
4161,0,0,0,0,0,0,0,0,0,0,0,0,0,0,0,0,0,0,0,0,0
4162,2,2,2,2,2,1,1,1,2,2,2,1,1,1,2,2,2,2,2,2,2
4163,4,4,4,4,3,3,3,4,4,4,3,2,2,2,3,3,3,3,2,2,2
4164,0,0,0,0,0,0,0,0,0,0,0,0,0,0,0,0,0,0,0,0,0
4165,0,0,0,0,0,0,0,0,0,0,0,0,0,0,0,0,0,0,0,0,0
4166,1,1,1,1,1,1,1,1,1,1,1,1,1,1,1,1,1,1,1,1,1
4167,0,0,0,0,0,0,0,0,0,0,0,0,0,0,0,0,0,0,0,0,0
4168,0,0,0,0,0,0,0,0,0,0,0,0,0,0,0,0,0,0,0,0,0
4169,0,0,0,0,0,0,0,0,0,0,0,0,0,0,0,0,0,0,0,0,0
4170,1,1,1,1,1,1,1,1,1,1,1,1,1,1,1,1,1,1,1,1,1
4171,0,0,0,0,0,0,0,0,0,0,0,0,0,0,0,0,0,0,0,0,0
4172,0,0,0,0,0,0,0,0,0,0,0,0,0,0,0,0,0,0,0,0,0
4173,4,5,5,4,3,2,2,3,4,4,4,3,3,3,4,4,5,4,3,3,3
4174,2,2,2,2,2,2,1,2,2,2,2,2,2,1,2,2,2,2,2,2,1
4175,0,0,0,0,0,0,0,0,0,0,0,0,0,0,0,0,0,0,0,0,0
4176,0,0,0,0,0,0,0,0,0,0,0,0,0,0,0,0,0,0,0,0,0
4177,2,2,2,2,2,1,1,2,2,2,2,2,2,1,2,2,2,2,2,2,2
4178,3,3,3,3,3,2,2,3,3,3,3,3,2,2,3,3,3,3,3,2,2
4179,3,3,3,3,3,2,2,3,3,3,3,3,2,2,3,3,3,3,3,3,2
4180,2,2,2,2,1,1,2,2,2,2,2,1,1,2,2,2,2,2,1,1,2
4181,20,23,24,23,20,18,17,20,23,24,22,20,17,16,19,22,23,22,19,17,16
4182,3,3,3,3,3,2,2,3,3,3,3,3,2,2,3,3,3,3,3,2,3
4183,20,24,24,21,19,17,17,20,24,24,21,19,17,17,20,24,24,21,19,17,17
4184,4,4,4,3,3,2,2,3,4,4,3,3,2,2,4,4,4,4,3,2,3
4185,14,17,18,16,14,11,11,14,17,18,15,13,11,10,14,17,18,15,13,11,10
4186,2,2,2,2,2,1,1,2,2,2,2,2,1,1,2,2,2,2,2,1,1
4187,110,121,131,124,111,96,98,118,133,139,129,115,97,97,118,130,138,126,112,97,101
4188,129,144,142,126,114,93,95,129,144,143,126,114,93,94,128,143,141,125,113,93,94
4189,28,33,35,30,24,21,22,28,33,34,29,24,21,21,28,33,34,29,24,21,22
4190,1,1,1,1,0,0,1,1,1,1,1,0,0,1,1,1,1,1,0,0,1
4191,5,6,7,6,5,4,4,5,6,6,6,5,4,4,5,7,7,6,5,5,5
4192,7,7,7,6,5,4,5,5,7,7,6,5,4,4,5,6,5,5,4,4,4
4193,4,5,5,4,4,3,3,4,4,4,4,4,3,3,4,4,4,4,4,3,3
4194,55,65,66,63,50,44,44,55,68,70,69,57,49,49,59,68,64,59,47,42,43
4195,242,285,291,289,236,199,181,247,296,298,291,239,200,182,250,299,303,295,241,204,189
4196,137,143,155,143,129,113,121,142,155,167,153,138,120,126,146,155,167,150,135,119,128
4197,10,11,12,10,8,7,8,11,12,13,11,9,8,8,10,11,12,9,7,7,7
4198,5,5,5,4,3,2,3,4,5,5,5,4,3,3,4,5,5,5,4,3,4
4199,2,1,2,1,1,1,2,2,2,2,1,1,1,2,2,2,2,2,1,2,2
4200,3,3,3,3,3,2,3,3,3,3,3,3,3,3,4,4,3,3,3,3,3
4201,2,3,3,3,2,2,1,3,3,3,3,2,2,1,3,3,3,3,2,2,2
4202,3,3,4,3,2,3,2,3,3,4,3,2,3,3,3,3,4,3,2,2,3
4203,569,743,778,757,618,423,448,577,771,808,777,632,434,467,609,809,854,822,668,464,498
4204,0,0,0,0,0,0,0,0,0,0,0,0,0,0,1,0,0,1,0,0,0
4205,0,0,0,0,0,0,0,0,0,0,0,0,0,0,0,0,0,0,0,0,0
4206,1,1,1,1,1,1,1,1,1,1,1,1,1,1,1,1,1,1,1,1,1
4207,0,0,0,0,0,0,0,0,0,0,0,0,0,0,0,0,0,0,0,0,0
4208,0,0,0,0,0,0,0,0,0,0,0,0,0,0,0,0,0,0,0,0,0
4209,1,1,1,1,1,1,1,1,1,1,1,1,1,1,1,1,1,1,1,1,1
4210,0,0,0,0,0,0,0,0,0,0,0,0,0,0,0,0,0,0,0,0,0
4211,1,2,2,2,2,1,1,1,2,2,2,2,2,1,2,2,2,2,2,2,2
4212,2,2,1,1,1,1,1,2,2,1,1,1,1,1,2,2,1,1,1,1,1
4213,0,0,0,0,0,0,0,0,0,0,0,0,0,0,0,0,0,0,0,0,0
4214,0,0,0,0,0,0,0,0,0,0,0,0,0,0,0,0,0,0,0,0,0
4215,0,0,0,0,0,0,0,0,0,0,0,0,0,0,0,0,0,0,0,0,0
4216,0,0,0,0,0,0,0,0,0,0,0,0,0,0,0,0,0,0,0,0,0
4217,0,0,0,0,0,0,0,0,0,0,0,0,0,0,0,0,0,0,0,0,0
4218,7,6,8,6,6,6,6,7,7,8,6,6,6,6,8,7,8,6,6,6,6
4219,1,1,2,2,1,1,1,1,1,2,2,2,1,1,1,1,2,2,1,1,1
4220,0,0,0,0,0,0,0,0,0,0,0,0,0,0,0,0,0,0,0,0,0
4221,0,0,0,0,1,1,0,0,0,0,0,1,1,0,0,0,0,0,1,1,0
4222,9,8,7,6,6,6,7,9,8,7,6,6,6,6,8,7,6,5,5,6,6
4223,2,2,2,2,1,2,2,2,2,2,2,1,2,2,2,2,2,2,1,2,2
4224,4,4,3,6,6,7,6,4,4,3,6,6,7,7,5,4,4,7,6,7,7
4225,6,4,4,4,4,4,6,6,4,4,4,4,4,6,6,4,4,4,4,4,6
4226,2,1,1,1,1,1,1,2,1,1,1,1,1,1,2,1,1,1,1,1,1
4227,5,4,4,1,1,0,0,5,4,4,1,1,0,0,5,4,4,1,1,0,0
4228,2,2,2,2,1,1,1,2,2,2,2,1,1,1,2,2,2,2,1,1,1
4229,0,0,0,0,0,0,0,0,0,0,0,0,0,0,0,0,0,0,0,0,0
4230,174,170,171,154,156,140,143,175,178,178,159,161,141,141,171,174,176,156,158,141,142
4231,0,0,0,0,0,0,0,0,0,0,0,0,0,0,0,0,0,0,0,0,0
4232,3,4,4,4,3,3,3,4,4,4,4,3,3,3,4,4,4,4,3,3,3
4233,2,3,2,2,2,2,2,2,2,2,2,2,2,2,2,3,3,2,2,2,2
4234,0,0,0,0,0,0,0,0,0,0,0,0,0,0,0,0,0,0,0,0,0
4235,27,30,30,27,21,18,17,28,30,30,27,21,17,16,27,29,29,26,21,18,18
4236,3,4,4,2,2,3,2,2,3,3,2,1,3,2,2,3,3,2,2,3,2
4237,0,0,0,0,0,0,0,0,0,0,0,0,0,0,0,0,0,0,0,0,0
4238,105,121,125,119,99,80,80,102,124,126,118,99,80,81,103,122,125,115,94,76,75
4239,0,0,0,0,0,0,0,0,0,0,0,0,0,0,0,0,0,0,0,0,0
4240,0,0,0,0,0,0,0,0,0,0,0,0,0,0,0,0,0,0,0,0,0
4241,0,0,0,0,0,0,0,0,0,0,0,0,0,0,0,0,0,0,0,0,0
4242,6,8,10,11,10,9,7,7,8,8,9,8,7,7,8,9,10,10,9,7,6
4243,46,57,63,58,53,44,37,46,57,63,59,53,44,37,46,57,63,58,53,44,37
4244,29,38,42,43,35,28,24,29,38,42,43,35,28,24,29,38,42,43,35,28,24
4245,0,0,0,0,0,0,0,0,0,0,0,0,0,0,0,0,0,0,0,0,0
4246,0,0,0,0,0,0,0,0,0,0,0,0,0,0,0,0,0,0,0,0,0
4247,4,5,5,6,4,4,4,4,5,5,6,4,4,4,4,5,5,6,4,4,4
4248,0,0,0,0,0,0,0,0,0,0,0,0,0,0,0,0,0,0,0,0,0
4249,3,4,4,3,3,2,3,3,4,4,4,3,3,3,4,5,5,5,4,3,4
4250,17,11,8,8,7,8,9,10,9,9,8,8,8,9,9,8,8,7,5,5,5
4251,0,0,0,0,0,0,0,0,0,0,0,0,0,0,0,0,0,0,0,0,0
4252,2,2,2,2,1,1,2,2,2,2,2,1,1,2,2,2,2,2,1,1,2
4253,3,4,3,3,2,2,3,3,4,3,3,2,2,3,3,4,3,3,2,2,3
4254,3,3,3,2,2,2,2,3,2,2,2,2,2,2,3,2,2,2,2,2,2
4255,0,0,0,1,1,0,0,0,0,0,1,1,0,0,0,0,0,1,1,0,0
4256,1,1,1,1,1,1,1,1,1,1,1,1,1,1,1,1,1,1,1,1,1
4257,0,1,1,1,0,1,0,0,1,1,1,0,1,0,0,1,1,1,0,1,0
4258,1,2,2,2,2,2,2,2,2,2,2,2,1,1,1,2,2,2,2,1,1
4259,1,1,1,1,1,1,1,1,1,1,1,1,1,1,1,1,1,1,1,1,1
4260,6,5,6,5,4,3,3,3,2,2,2,2,2,2,2,2,2,2,2,2,2
4261,0,0,0,0,0,0,0,0,0,0,0,0,0,0,0,0,0,0,0,0,0
4262,0,0,0,0,0,0,0,0,0,0,0,0,0,0,0,0,0,0,0,0,0
4263,0,0,0,0,0,0,0,0,0,0,0,0,0,0,0,0,0,0,0,0,0
4264,1,0,0,0,0,1,0,1,0,0,0,0,1,0,1,0,0,0,0,1,0
4265,0,0,0,0,0,0,0,0,0,0,0,0,0,0,0,0,0,0,0,0,0
4266,1,1,1,1,1,0,1,1,1,1,1,1,0,1,1,1,1,1,1,0,1
4267,9,10,9,9,8,7,8,9,9,9,8,7,7,7,9,9,9,8,7,7,7
4268,2,2,2,2,2,2,1,2,2,2,2,2,2,1,2,2,2,2,2,2,1
4269,1,1,1,1,1,0,0,1,1,1,1,1,0,0,1,1,1,1,1,0,0
4270,5,5,4,4,4,4,4,4,4,4,4,3,3,3,4,5,4,4,4,4,3
4271,0,0,0,0,0,0,0,0,0,0,0,0,0,0,0,0,0,0,0,0,0
4272,0,0,0,0,0,0,0,0,0,0,0,0,0,0,0,0,0,0,0,0,0
4273,0,0,0,0,0,0,0,0,0,0,0,0,0,0,0,0,0,0,0,0,0
4274,0,0,0,0,0,0,0,0,0,0,0,0,0,0,0,0,0,0,0,0,0
4275,0,1,1,1,0,1,1,0,1,1,1,0,1,1,0,1,1,1,1,1,1
4276,0,1,1,0,0,0,0,0,1,1,0,0,0,0,0,1,1,0,0,0,0
4277,1,1,1,0,0,0,0,1,1,1,1,0,0,0,1,1,1,1,0,0,0
4278,46,49,48,43,37,34,38,45,49,47,43,37,34,38,45,49,47,43,37,34,38
4279,13,14,14,15,13,12,12,13,14,15,15,13,12,12,13,14,15,15,13,12,12
4280,330,334,369,348,295,264,276,332,342,374,351,298,265,275,331,339,371,348,295,264,279
4281,6,8,9,8,7,6,5,6,8,9,8,7,6,5,6,8,9,8,7,6,5
4282,2,2,2,3,3,3,3,2,2,2,3,3,3,3,2,2,2,3,3,3,3
4283,0,0,0,0,0,0,0,0,0,0,0,0,0,0,0,0,0,0,0,0,0
4284,0,0,0,0,0,0,0,0,0,0,0,0,0,0,0,0,0,0,0,0,0
4285,0,0,0,0,0,0,0,0,0,0,0,0,0,0,0,0,0,0,0,0,0
4286,0,0,0,0,0,0,0,0,0,0,0,0,0,0,0,0,0,0,0,0,0
4287,0,0,0,0,0,0,0,0,0,0,0,0,0,0,0,0,0,0,0,0,0
4288,0,0,0,0,0,0,0,0,0,0,0,0,0,0,0,0,0,0,0,0,0
4289,255,274,275,267,227,211,218,259,285,288,279,238,224,233,271,291,295,289,248,229,237
4290,31,32,34,27,21,18,22,32,36,38,31,26,22,27,37,42,44,36,29,25,30
4291,12,14,15,15,12,12,14,19,24,25,22,17,15,17,22,22,19,16,12,12,13
4292,1,1,1,1,0,1,1,1,1,1,1,0,1,1,1,1,1,1,1,1,1
4293,3,3,3,3,2,3,3,3,3,3,3,2,3,2,3,3,3,3,2,3,2
4294,0,0,0,0,0,0,0,0,0,0,0,0,0,0,0,0,0,0,0,0,0
4295,0,0,0,0,0,0,0,0,0,0,0,0,0,0,0,0,0,0,0,0,0
4296,1,1,1,1,1,1,1,1,1,1,1,1,1,1,1,1,1,1,1,1,1
4297,1,1,1,0,0,1,0,1,1,1,0,0,1,0,1,1,1,0,0,1,0
4298,0,0,0,0,0,0,0,0,0,0,0,0,0,0,0,0,0,0,0,0,0
4299,0,0,0,0,0,0,0,0,0,0,0,0,0,0,0,0,0,0,0,0,0
4300,0,0,0,0,0,0,0,0,0,0,0,0,0,0,0,0,0,0,0,0,0
4301,0,0,0,0,0,0,0,0,0,0,0,0,0,0,0,0,0,0,0,0,0
4302,0,0,0,0,0,0,0,0,0,0,0,0,0,0,0,0,0,0,0,0,0
4303,0,0,0,0,0,0,0,0,0,0,0,0,0,0,0,0,0,0,0,0,0
4304,0,0,0,0,0,0,0,0,0,0,0,0,0,0,0,0,0,0,0,0,0
4305,1,1,1,1,1,1,0,1,1,1,1,1,1,0,1,1,1,1,1,1,0
4306,1,1,1,1,1,1,1,1,1,1,1,1,1,1,1,1,1,1,1,1,1
4307,3,3,3,3,3,2,2,3,3,3,3,3,3,2,3,3,3,3,3,3,3
4308,346,347,384,360,301,282,305,377,386,407,369,303,270,277,338,359,404,382,320,291,304
4309,97,112,131,129,107,81,74,91,114,137,135,112,83,76,95,118,140,134,112,85,79
4310,4,5,6,5,5,4,3,4,5,6,5,5,4,3,4,5,6,5,5,4,3
4311,0,0,0,0,0,0,0,0,0,0,0,0,0,0,0,0,0,0,0,0,0
4312,0,0,0,0,0,0,0,0,0,0,0,0,0,0,0,0,0,0,0,0,0
4313,0,1,1,1,0,0,0,0,1,1,1,0,0,0,0,1,1,1,0,0,0
4314,0,0,0,0,0,0,0,0,0,0,0,0,0,0,0,0,0,0,0,0,0
4315,4,5,6,5,4,3,3,4,5,6,5,4,3,3,4,5,6,5,4,3,3
4316,0,0,0,0,0,0,0,0,0,0,0,0,0,0,0,0,0,0,0,0,0
4317,0,0,0,0,0,0,0,0,0,0,0,0,0,0,0,0,0,0,0,0,0
4318,1,1,1,1,1,1,1,1,1,1,1,1,1,1,1,1,1,1,1,1,1
4319,3,3,2,3,3,3,3,3,3,2,3,3,3,3,3,3,2,3,3,3,3
4320,21,26,36,38,32,26,28,39,40,37,33,27,21,22,30,28,28,24,20,17,20
4321,0,0,0,0,0,0,0,0,0,0,0,0,0,0,0,0,0,0,0,0,0
4322,1,1,1,1,1,1,1,1,1,1,1,1,1,1,1,1,1,1,1,1,1
4323,0,0,0,0,0,0,0,0,0,0,0,0,0,0,0,0,0,0,0,0,0
4324,0,0,0,0,0,0,0,0,0,0,0,0,0,0,0,0,0,0,0,0,0
4325,9,9,8,6,5,5,5,6,7,7,7,6,5,6,7,8,7,6,5,5,6
4326,2,2,2,2,2,2,1,2,2,2,2,2,2,1,2,2,2,2,2,2,1
4327,2,3,2,3,2,2,2,2,3,2,3,2,2,2,2,3,2,3,2,2,2
4328,2,2,2,2,1,1,1,2,2,2,2,1,1,1,2,2,2,2,1,1,1
4329,4,4,4,4,3,2,3,3,4,5,4,4,3,3,4,5,5,5,4,4,4
4330,2,3,4,3,3,2,2,2,3,4,3,3,2,2,2,3,4,3,3,2,2
4331,6,6,7,6,6,5,4,6,6,7,6,6,5,4,6,6,7,6,6,5,4
4332,5,6,5,7,6,5,4,5,6,5,7,6,5,4,5,6,5,7,6,5,4
4333,19,22,23,23,20,14,15,19,22,23,22,19,14,15,19,22,23,22,19,14,15
4334,406,498,526,500,414,362,352,407,512,534,496,405,345,337,397,501,524,482,392,338,338
4335,176,194,199,192,166,147,152,180,204,204,190,165,141,143,169,191,192,179,156,137,144
4336,0,0,0,0,0,0,0,0,0,0,0,0,0,0,0,0,0,0,0,0,0
4337,47,46,41,35,29,26,27,36,46,47,40,34,31,30,31,32,29,23,20,20,22
4338,20,17,15,13,10,10,12,18,21,21,18,14,13,14,20,22,22,18,14,13,14
4339,0,0,0,0,0,0,0,0,0,0,0,0,0,0,0,0,0,0,0,0,0
4340,4,4,4,3,3,3,3,3,3,3,3,3,3,3,3,3,3,3,2,3,3
4341,0,0,0,0,0,0,0,0,0,0,0,0,0,0,0,0,0,0,0,0,0
4342,4,4,6,4,3,2,2,4,5,6,4,4,2,3,4,5,6,4,4,2,3
4343,50,61,72,69,59,44,42,56,71,82,79,67,50,47,61,75,85,80,67,51,49
4344,6,6,5,4,5,5,6,6,6,5,4,5,5,6,6,6,5,4,5,5,6
4345,13,16,16,17,15,11,11,13,16,16,17,15,11,11,13,16,16,17,15,11,11
4346,0,0,0,0,0,0,0,0,0,0,0,0,0,0,0,0,0,0,0,0,0
4347,0,0,0,0,0,0,0,0,0,0,0,0,0,0,0,0,0,0,0,0,0
4348,0,0,0,0,0,0,0,0,0,0,0,0,0,0,0,0,0,0,0,0,0
4349,1,1,1,0,0,0,0,1,1,1,0,0,0,0,1,1,1,0,0,0,1
4350,5,5,5,5,4,3,4,5,5,5,5,4,3,4,5,5,5,5,4,3,4
4351,7,7,7,8,8,6,6,7,7,7,8,8,6,6,7,7,7,8,8,6,6
4352,0,0,1,0,0,0,0,0,0,1,0,0,0,0,0,0,1,0,0,0,0
4353,0,0,0,0,0,0,0,0,0,0,0,0,0,0,0,0,0,0,0,0,0
4354,0,0,0,0,0,0,0,0,0,0,0,0,0,0,0,0,0,0,0,0,0
4355,0,0,0,0,0,0,0,0,0,0,0,0,0,0,0,0,0,0,0,0,0
4356,0,0,0,0,0,0,0,0,0,0,0,0,0,0,0,0,0,0,0,0,0
4357,0,0,0,0,0,0,0,0,0,0,0,0,0,0,0,0,0,0,0,0,0
4358,1,1,1,1,1,1,1,1,1,1,1,1,1,1,1,1,1,1,1,1,1
4359,22,25,26,24,21,17,19,24,29,30,28,24,20,22,27,30,31,28,24,20,23
4360,15,18,18,17,13,11,12,14,18,18,17,13,11,11,14,17,18,17,13,11,11
4361,58,58,56,53,50,47,51,59,61,59,53,48,44,48,57,61,62,57,51,47,50
4362,2,2,2,1,1,1,2,2,2,2,1,1,1,2,2,2,2,1,1,1,2
4363,7,9,9,9,8,6,5,7,9,9,9,8,6,5,7,9,9,9,8,6,5
4364,0,0,0,0,0,0,0,0,0,0,0,0,0,0,0,0,0,0,0,0,0
4365,3,4,4,3,3,3,3,3,4,4,3,3,3,3,3,4,4,3,3,3,3
4366,5,6,6,7,5,4,4,5,6,7,8,6,4,4,5,6,6,7,5,4,4
4367,4,4,3,3,3,3,4,5,5,4,3,3,3,4,5,4,3,2,2,3,4
4368,3,3,3,3,3,3,3,4,4,3,3,2,3,2,4,4,4,3,3,3,3
4369,5,5,4,4,3,3,3,4,5,5,5,4,4,4,5,6,5,5,4,4,4
4370,1,1,1,1,2,1,1,1,1,1,1,2,1,1,1,1,1,1,2,1,1
4371,0,0,0,0,0,0,0,0,0,0,0,0,0,0,0,0,0,0,0,0,0
4372,0,0,0,0,0,0,0,0,0,0,0,0,0,0,0,0,0,0,0,0,0
4373,0,0,0,1,1,1,1,1,1,1,1,1,1,1,1,1,1,1,1,1,1
4374,0,0,0,0,0,0,0,0,0,0,0,0,0,0,0,0,0,0,0,0,0
4375,0,0,0,0,0,0,0,0,0,0,0,0,0,0,0,0,0,0,0,0,0
4376,0,0,0,0,0,0,0,0,0,0,0,0,0,0,0,0,0,0,0,0,0
4377,0,0,0,0,0,0,0,0,0,0,0,0,0,0,0,0,0,0,0,0,0
4378,0,0,0,0,0,0,0,0,0,0,0,0,0,0,0,0,0,0,0,0,0
4379,0,0,0,0,0,0,0,0,0,0,0,0,0,0,0,0,0,0,0,0,0
4380,0,0,0,0,0,0,0,0,0,0,0,0,0,0,0,0,0,0,0,0,0
4381,0,0,0,0,0,0,0,0,0,0,0,0,0,0,0,0,0,0,0,0,0
4382,1,0,1,1,1,1,1,1,1,2,1,1,1,1,1,1,2,1,1,1,1
4383,0,0,0,0,0,0,0,0,0,0,0,0,0,0,0,0,0,0,0,0,0
4384,2,2,2,1,1,1,1,2,2,2,2,2,1,1,2,2,2,2,2,1,1
4385,2,2,2,2,0,0,0,2,2,2,2,0,0,0,2,2,2,2,0,0,0
4386,15,15,15,13,11,12,12,14,14,14,13,11,12,12,14,14,14,12,11,12,12
4387,0,0,0,0,0,0,0,0,0,0,0,0,0,0,0,0,0,0,0,0,0
4388,0,0,0,0,0,0,0,0,0,0,0,0,0,0,0,0,0,0,0,0,0
4389,11,11,11,11,11,9,9,11,11,11,11,11,9,9,11,11,11,11,11,9,9
4390,21,21,22,20,17,16,18,19,19,19,17,15,13,16,19,22,24,23,19,17,18
4391,0,0,0,0,1,1,0,0,0,0,1,1,1,0,0,0,0,1,1,1,0
4392,0,0,0,0,0,0,0,0,0,0,0,0,0,0,0,0,0,0,0,0,0
4393,1,1,1,0,0,0,0,1,1,1,0,0,0,0,1,1,1,1,0,0,0
4394,20,22,20,16,14,12,14,17,22,24,20,17,13,14,15,17,17,14,14,13,17
4395,0,0,0,0,0,0,0,0,0,0,0,0,0,0,0,0,0,0,0,0,0
4396,3,3,3,3,2,3,3,3,3,3,3,2,3,3,3,3,3,3,2,3,3
4397,11,12,13,11,10,10,11,12,12,11,10,9,9,10,12,13,13,11,10,11,12
4398,9,9,9,8,6,6,7,9,10,9,8,6,6,7,9,10,9,8,7,6,8
4399,2,2,2,2,2,2,2,2,2,2,2,2,2,2,2,2,2,2,2,2,2
4400,0,0,0,0,0,0,0,0,0,0,0,0,0,0,0,0,0,0,0,0,0
4401,10,10,10,9,7,7,8,11,11,11,9,8,7,9,11,11,10,9,7,7,9
4402,13,13,11,9,7,7,9,11,11,11,10,8,8,9,11,10,9,8,7,8,9
4403,10,10,9,7,8,7,8,10,10,9,7,8,7,8,10,10,9,7,8,7,8
4404,16,16,16,12,12,9,9,12,13,13,10,10,8,7,10,12,12,10,11,8,8
4405,27,19,21,34,26,25,27,27,19,21,34,26,25,27,27,19,21,34,26,25,27
4406,25,24,21,17,15,15,18,25,27,26,23,20,19,22,27,27,24,20,17,17,20
4407,2,1,1,1,1,1,1,2,1,1,1,1,1,1,2,1,1,1,1,1,1
4408,7,8,7,8,7,7,7,7,8,7,8,7,7,7,7,8,7,8,7,7,7
4409,0,0,0,0,0,0,0,0,0,0,0,0,0,0,0,0,0,0,0,0,0
4410,0,0,0,0,0,0,0,0,0,0,0,0,0,0,0,0,0,0,0,0,0
4411,0,0,0,0,0,0,0,0,0,0,0,0,0,0,0,0,0,0,0,0,0
4412,0,0,0,0,0,0,0,0,0,0,0,0,0,0,0,0,0,0,0,0,0
4413,0,0,0,0,0,0,0,0,0,0,0,0,0,0,0,0,0,0,0,0,0
4414,0,0,0,0,0,0,0,0,0,0,0,0,0,0,0,0,0,0,0,0,0
4415,0,0,0,0,0,0,0,0,0,0,0,0,0,0,0,0,0,0,0,0,0
4416,0,0,0,0,0,0,0,0,0,0,0,0,0,0,0,0,0,0,0,0,0
4417,1,1,1,1,1,1,1,1,1,1,1,1,1,1,1,1,1,1,1,1,1
4418,1,1,1,1,1,1,1,1,1,1,1,1,1,1,1,2,2,1,1,1,2
4419,0,0,0,0,0,0,0,0,0,0,0,0,0,0,0,0,0,0,0,0,0
4420,0,0,0,0,0,0,0,0,0,0,0,0,0,0,0,0,0,0,0,0,0
4421,3,2,3,3,2,2,1,3,2,3,3,2,2,1,3,2,3,3,2,2,2
4422,4,3,3,3,3,3,3,3,3,3,3,3,3,2,3,3,2,3,3,3,2
4423,3,3,3,3,3,2,3,3,3,3,3,3,2,3,3,3,3,3,3,2,3
4424,5,6,7,7,7,6,7,5,6,6,7,6,6,7,5,6,6,6,6,6,7
4425,3,3,3,2,2,3,3,3,3,3,2,2,3,3,3,3,3,2,2,3,3
4426,36,33,28,24,31,32,37,33,31,27,24,30,31,36,33,31,27,24,31,32,37
4427,7,7,6,5,4,4,4,5,7,8,9,7,6,6,7,7,6,5,5,4,4
4428,1,1,1,1,1,0,1,1,1,1,1,1,0,0,1,1,1,1,1,1,1
4429,1,1,1,1,0,0,0,0,1,1,0,0,0,0,0,1,1,1,0,1,0
4430,1,1,1,1,1,1,1,1,1,1,1,1,1,1,1,1,1,1,1,1,1
4431,28,29,32,31,24,29,21,28,29,32,31,24,29,21,28,29,32,31,24,29,21
4432,1,1,1,1,1,1,1,1,1,1,1,1,1,1,1,1,1,1,1,1,1
4433,0,0,0,0,0,0,0,0,0,0,0,0,0,1,1,1,1,1,1,1,1
4434,26,34,36,33,26,33,34,29,39,41,38,29,36,35,29,37,37,33,26,33,33
4435,0,0,0,0,0,0,0,0,0,0,0,0,0,0,0,0,0,0,0,0,0
4436,12,13,13,11,10,9,10,14,17,18,17,16,14,14,18,19,16,14,12,11,12
4437,0,0,0,0,0,0,0,0,0,0,0,0,0,0,0,0,0,0,0,0,0
4438,2,2,2,2,2,1,2,2,3,3,2,2,1,1,2,2,2,2,2,1,2
4439,3,4,3,3,3,3,3,4,4,3,3,3,3,3,3,3,2,2,2,2,2
4440,1,1,1,1,1,1,1,1,1,1,1,1,1,1,1,1,1,1,1,1,1
4441,4,4,3,3,2,2,3,4,4,3,3,2,2,3,4,4,3,3,2,2,3
4442,13,13,12,10,9,9,11,13,13,13,11,9,9,9,11,10,10,8,8,8,10
4443,2,2,3,2,2,2,2,2,2,3,2,2,2,2,2,2,3,2,2,2,2
4444,1,1,1,1,1,1,1,1,1,1,1,1,1,1,1,1,1,1,1,1,1
4445,1,1,0,0,0,0,0,1,1,0,0,0,0,0,1,1,0,0,0,0,0
4446,1,2,2,2,1,2,2,1,2,3,2,1,2,2,2,3,3,2,1,3,2
4447,2,2,2,2,2,1,1,1,2,2,2,2,1,1,2,2,2,2,2,2,2
4448,2,2,2,2,2,2,2,2,2,2,2,2,2,2,2,2,2,2,2,2,2
4449,1,1,1,0,0,0,1,1,1,0,0,0,0,1,1,1,0,0,0,0,1
4450,0,0,0,0,0,0,0,0,0,0,0,0,0,0,0,0,0,0,0,0,0
4451,0,0,0,0,0,0,0,0,0,0,0,0,0,0,0,0,0,0,0,0,0
4452,0,0,0,0,0,0,0,0,0,0,0,0,0,0,0,0,0,0,0,0,0
4453,0,0,0,0,0,0,0,0,0,0,0,0,0,0,0,0,0,0,0,0,0
4454,0,0,0,0,0,0,0,0,0,0,0,0,0,0,0,0,0,0,0,0,0
4455,0,0,0,0,0,0,0,0,0,0,0,0,0,0,0,0,0,0,0,0,0
4456,0,0,0,0,0,0,0,0,0,0,0,0,0,0,0,0,0,0,0,0,0
4457,1,1,1,0,0,0,0,1,1,1,0,0,0,0,1,1,1,0,0,0,0
4458,0,0,0,0,0,0,0,0,0,0,0,0,0,0,0,0,0,0,0,0,0
4459,0,0,0,0,0,0,0,0,0,0,0,0,0,0,0,0,0,0,0,0,0
4460,0,0,0,0,0,0,0,0,0,0,0,0,0,0,0,0,0,0,0,0,0
4461,1,1,2,1,1,1,1,2,2,2,2,2,1,1,1,1,1,1,1,1,1
4462,0,0,0,0,0,0,0,0,0,0,0,0,0,0,0,0,0,0,0,0,0
4463,0,0,0,0,0,0,0,0,0,0,0,0,0,0,0,0,0,0,0,0,0
4464,0,0,0,0,0,0,0,0,0,0,0,0,0,0,0,0,0,0,0,0,0
4465,1,1,2,2,1,1,1,1,1,2,2,1,1,1,1,1,2,2,1,1,1
4466,4,5,5,5,4,3,3,4,5,5,5,4,3,3,4,5,5,5,4,3,3
4467,1,1,0,0,0,1,1,1,1,1,1,1,1,1,1,1,1,1,1,1,1
4468,1,1,1,1,1,1,1,1,1,1,1,1,1,1,1,1,1,1,1,1,1
4469,0,0,0,0,0,0,0,0,0,0,0,0,0,0,0,0,0,0,0,0,0
4470,688,762,910,840,683,621,544,688,762,910,840,683,621,544,688,762,910,840,683,621,544
4471,531,691,781,707,533,423,419,531,691,781,707,533,423,419,531,691,781,707,533,423,419
4472,84,99,105,93,84,75,75,97,110,108,91,81,69,66,84,97,101,87,79,70,68
4473,194,215,227,210,175,141,161,190,212,209,183,156,120,136,164,192,202,188,166,137,160
4474,4,4,5,4,3,3,3,4,4,4,4,3,3,3,4,4,4,4,3,3,3
4475,40,40,42,47,46,42,41,42,43,45,49,48,42,40,40,40,41,45,44,40,39
4476,33,39,56,70,61,39,28,32,40,57,72,62,40,27,28,35,52,67,58,37,25
4477,7,9,8,7,6,5,5,8,9,7,7,5,4,5,7,8,7,7,5,5,5
4478,3,3,4,3,3,2,2,3,3,3,3,3,3,3,3,3,3,3,3,2,2
4479,0,0,0,0,0,0,0,0,0,0,0,0,0,0,0,0,0,0,0,0,0
4480,0,0,0,0,0,0,0,0,0,0,0,0,0,0,0,0,0,0,0,0,0
4481,0,0,0,0,0,0,0,0,0,0,0,0,0,0,0,0,0,0,0,0,0
4482,0,0,0,0,0,0,0,0,0,0,0,0,0,0,0,0,0,0,0,0,0
4483,1,1,1,1,1,1,1,1,1,1,1,1,1,1,1,1,1,1,1,1,1
4484,0,0,0,0,0,0,1,1,1,1,1,1,1,2,2,2,2,2,3,3,3
4485,0,0,0,0,0,0,0,0,0,0,0,0,0,0,0,0,0,0,0,0,0
4486,0,0,0,0,0,0,0,0,0,0,0,0,0,0,0,0,0,0,0,0,0
4487,0,0,0,0,0,0,0,0,0,0,0,0,0,0,0,0,0,0,0,0,0
4488,3,2,2,2,1,2,2,2,1,1,1,1,2,2,3,2,1,1,1,2,2
4489,0,0,0,0,0,0,0,0,0,0,0,0,0,0,0,0,0,0,0,0,0
4490,1,1,2,2,2,1,1,1,1,2,2,2,1,1,1,1,2,2,2,1,1
4491,2,2,2,2,2,1,1,2,2,2,2,2,1,1,2,2,2,2,2,1,1
4492,3,3,3,2,2,2,2,3,3,3,2,2,2,2,3,3,3,2,2,2,2
4493,1,1,1,1,1,1,1,1,1,1,1,1,1,1,1,1,1,1,1,1,1
4494,1,2,1,1,1,1,1,1,2,1,1,1,1,1,1,2,1,1,1,1,1
4495,11,11,11,10,8,10,11,11,11,11,10,8,10,11,11,11,11,10,8,10,11
4496,8,8,8,7,6,5,7,8,8,8,7,6,5,7,8,8,8,7,6,5,7
4497,5,5,4,4,4,5,5,5,5,4,4,4,5,5,5,5,4,4,4,5,5
4498,4,4,5,4,4,4,4,4,4,5,4,4,4,4,4,4,5,4,4,4,4
4499,0,0,0,0,0,0,0,0,0,0,0,0,0,0,0,0,0,0,0,0,0
4500,2,2,2,2,2,2,2,2,2,2,2,2,2,2,2,2,2,2,2,2,2
4501,0,1,0,0,0,0,0,0,0,0,0,0,0,0,0,0,0,0,0,0,0
4502,0,0,0,0,0,0,0,0,0,0,0,0,0,0,0,0,0,0,0,0,0
4503,1,1,1,1,1,1,1,1,1,1,1,1,1,1,1,1,1,1,1,1,2
4504,0,0,0,0,0,0,0,0,0,0,0,0,0,0,0,0,0,0,0,0,0
4505,3,2,1,1,1,1,1,1,1,1,1,1,1,1,1,1,1,1,1,1,1
4506,1,1,1,1,0,2,2,1,1,1,1,0,2,2,1,1,1,1,0,2,2
4507,0,0,0,0,0,0,0,0,0,0,0,0,0,0,0,0,0,0,0,0,0
4508,3,3,3,3,3,2,2,3,3,3,3,3,2,2,3,3,3,3,3,2,2
4509,2,3,2,2,2,4,3,2,3,2,2,2,4,3,2,3,2,2,2,4,3
4510,33,45,45,22,28,23,34,33,45,45,22,28,23,34,33,45,45,22,28,23,34
4511,305,310,345,330,326,246,251,306,312,347,331,327,247,251,307,312,346,331,327,247,252
4512,395,459,464,430,347,357,305,396,460,465,431,348,357,305,396,460,464,431,348,358,305
4513,259,294,284,319,274,241,230,259,294,284,319,274,241,230,259,294,284,319,274,241,230
4514,247,249,229,262,260,241,230,247,249,229,262,260,241,230,247,249,229,262,260,242,230
4515,2,1,1,1,1,1,1,2,1,1,1,1,1,1,2,1,1,1,1,1,1
4516,8,14,14,8,3,1,4,10,20,23,12,4,1,3,8,14,15,11,6,2,5
4517,7,2,5,8,5,2,5,7,2,5,8,5,2,5,7,2,5,7,5,2,5
4518,0,0,4,0,4,0,4,0,0,4,0,4,0,4,0,0,4,0,4,0,4
4519,14,13,19,4,2,7,15,14,13,19,4,2,7,15,14,13,19,4,2,7,15
4520,12,11,10,6,2,4,4,6,8,13,11,7,8,7,8,7,9,8,5,7,7
4521,0,0,0,0,0,0,1,0,0,0,0,0,0,1,0,0,0,0,0,0,1
4522,0,0,5,0,4,1,5,0,0,5,0,4,1,5,0,0,5,0,4,1,5
4523,0,0,0,0,0,0,0,0,0,0,0,0,0,0,0,0,0,0,0,0,0
4524,0,0,0,0,0,0,0,0,0,0,0,0,0,0,0,0,0,0,0,0,0
4525,0,0,0,0,0,0,0,0,0,0,0,0,0,0,0,0,0,0,0,0,0
4526,13,16,17,16,13,11,11,13,16,16,15,13,11,11,14,16,17,16,13,11,11
4527,1,1,1,1,1,1,1,1,1,1,1,1,1,1,1,1,1,1,1,1,1
4528,1,1,1,1,1,1,1,1,1,1,1,1,1,1,1,1,1,1,1,1,1
4529,61,64,67,66,57,55,57,69,70,69,67,57,55,56,67,67,67,64,55,53,54
4530,61,75,79,79,68,55,50,61,75,79,79,68,55,50,61,75,79,79,68,55,50
4531,36,39,41,38,34,32,29,36,39,41,38,34,32,29,36,39,41,38,34,32,29
4532,0,0,0,0,0,0,0,0,0,0,0,0,0,0,0,0,0,0,0,0,0
4533,2,2,2,2,2,2,2,2,2,2,2,2,2,2,2,2,2,2,2,2,2
4534,1,1,1,1,1,1,1,1,1,1,1,1,1,1,1,1,1,1,1,1,1
4535,1,1,1,1,1,1,1,1,1,1,1,1,1,1,1,2,1,1,1,1,0
4536,1,1,2,3,2,2,1,1,1,2,3,2,2,1,1,1,2,3,2,2,1
4537,8,8,8,7,6,5,6,8,8,8,7,6,5,6,8,8,8,7,6,5,6
4538,2,3,3,3,2,2,2,1,2,3,3,2,2,2,2,3,3,3,3,2,2
4539,57,64,64,62,55,47,49,64,76,76,72,64,54,55,69,76,73,67,59,49,51
4540,6,6,5,4,4,4,4,6,6,5,4,4,4,4,6,6,5,4,4,4,4
4541,48,53,51,51,45,38,37,45,51,50,51,44,37,36,45,52,51,52,46,39,38
4542,13,17,14,12,10,9,9,14,17,14,12,10,8,9,13,17,14,12,10,8,9
4543,5,5,6,6,6,5,4,5,5,6,6,6,5,4,5,5,6,6,6,5,4
4544,17,20,20,16,17,18,19,22,22,18,14,15,17,15,18,21,20,16,16,18,19
4545,0,0,0,0,0,0,0,0,0,0,0,0,0,0,0,0,0,0,0,0,0
4546,1,1,1,1,1,2,2,3,3,2,2,2,2,2,2,1,1,1,1,1,1
4547,0,0,0,0,0,0,0,0,0,0,0,0,0,0,0,0,0,0,0,0,0
4548,0,0,0,1,1,0,0,0,0,0,1,1,0,0,0,0,0,1,1,0,0
4549,0,0,0,0,0,0,0,0,0,0,0,0,0,0,0,0,0,0,0,0,0
4550,0,0,0,0,0,0,0,0,0,0,0,0,0,0,0,0,0,0,0,0,0
4551,1,1,1,1,1,1,1,1,1,1,1,1,1,1,1,1,1,1,1,1,1
4552,0,0,0,0,0,0,0,0,0,0,0,0,0,0,0,0,0,0,0,0,0
4553,0,0,1,1,1,1,1,1,1,1,1,1,1,1,1,1,1,1,1,1,1
4554,0,0,0,0,0,0,0,0,0,0,0,0,0,0,0,0,0,0,0,0,0
4555,0,0,0,0,0,0,0,0,0,0,0,0,0,0,0,0,0,0,0,0,0
4556,0,0,0,0,0,0,0,0,0,0,0,0,0,0,0,0,0,0,0,0,0
4557,0,0,0,0,0,0,0,0,0,0,0,0,0,0,0,0,0,0,0,0,0
4558,1,1,0,1,0,0,0,1,1,0,1,0,0,0,1,1,0,1,0,0,0
4559,0,0,0,0,0,0,0,0,0,0,0,0,0,0,0,0,0,0,0,0,0
4560,0,0,0,0,0,0,0,0,0,0,0,0,0,0,0,0,0,0,0,0,0
4561,0,0,1,0,1,0,0,0,0,1,0,1,0,0,0,0,1,0,1,0,0
4562,0,1,0,0,0,1,1,0,1,0,0,0,1,1,0,1,0,0,0,1,1
4563,0,0,0,0,0,0,0,0,0,0,0,0,0,0,0,0,0,0,0,0,0
4564,4,5,5,5,4,3,3,4,5,5,5,4,3,3,4,5,5,5,4,3,3
4565,0,0,0,0,0,0,0,0,0,0,0,0,0,0,0,0,0,0,0,0,0
4566,0,0,0,0,0,0,0,0,0,0,0,0,0,0,0,0,0,0,0,0,0
4567,0,0,0,0,0,0,0,0,0,0,0,0,0,0,0,0,0,0,0,0,0
4568,0,0,0,0,0,0,0,0,0,0,0,0,0,0,0,0,0,0,0,0,0
4569,0,0,0,0,0,0,0,0,0,0,0,0,0,0,0,0,0,0,0,0,0
4570,4,5,5,4,3,3,3,4,5,5,4,3,3,3,4,4,4,4,3,3,4
4571,1,2,2,1,1,1,1,1,2,2,2,1,1,1,1,1,2,1,1,1,1
4572,2,3,2,2,2,2,2,2,2,2,2,2,2,2,2,2,2,2,2,2,2
4573,1,1,1,1,1,1,1,1,1,1,1,1,1,1,1,1,1,1,1,1,1
4574,6,7,6,5,4,4,4,5,6,6,6,5,4,4,4,5,5,4,4,3,4
4575,5,6,5,5,4,4,5,6,7,7,6,5,5,5,5,5,5,4,4,4,4
4576,2,2,2,2,2,2,2,2,2,2,2,2,2,2,2,2,2,2,2,2,2
4577,30,30,28,25,21,18,18,26,32,36,33,28,23,23,30,33,33,29,24,20,20
4578,16,16,16,13,10,9,9,12,15,17,15,12,10,9,11,12,13,12,10,10,10
4579,5,6,6,6,5,5,5,5,6,6,6,5,5,5,5,6,6,6,5,5,5
4580,0,0,0,0,0,0,0,0,0,0,0,0,0,0,0,0,0,0,0,0,0
4581,0,0,0,0,0,0,0,0,0,0,0,0,0,0,0,0,0,0,0,0,0
4582,0,0,0,0,0,0,0,0,0,0,0,0,0,0,0,0,0,0,0,0,0
4583,0,0,0,0,0,0,0,0,0,0,0,0,0,0,0,0,0,0,0,0,0
4584,0,0,0,0,0,0,0,0,0,0,0,0,0,0,0,0,0,0,0,0,0
4585,0,0,0,0,0,0,0,0,0,0,0,0,0,0,0,0,0,0,0,0,0
4586,0,0,0,0,0,0,0,0,0,0,0,0,0,0,0,0,0,0,0,0,0
4587,6,7,9,9,7,5,3,6,7,9,9,7,5,3,6,7,9,9,7,5,3
4588,1,1,1,1,1,1,1,1,1,1,1,1,1,1,1,1,1,1,1,1,1
4589,3,3,3,2,2,2,2,3,2,3,2,2,2,2,3,2,3,2,2,2,2
4590,0,0,0,0,0,0,0,0,0,0,0,0,0,0,0,0,0,0,0,0,0
4591,1,1,2,1,1,1,1,1,1,1,1,1,1,1,2,2,2,2,2,2,2
4592,0,0,0,0,0,0,0,0,0,0,0,0,0,0,0,0,0,0,0,0,0
4593,0,0,0,0,0,0,0,0,0,0,0,0,0,0,0,0,0,0,0,0,0
4594,0,0,1,0,0,0,0,0,0,1,0,0,0,0,0,0,1,0,0,0,0
4595,2,2,2,2,2,2,2,2,2,2,2,2,2,2,2,2,2,2,2,2,2
4596,0,0,0,0,0,0,0,0,0,0,0,0,0,0,0,0,0,0,0,0,0
4597,0,0,0,0,0,0,0,0,0,0,0,0,0,0,0,0,0,0,0,0,0
4598,0,0,0,0,0,0,0,0,0,0,0,0,0,0,0,0,0,0,0,0,0
4599,0,0,0,0,0,0,0,0,0,0,0,0,0,0,0,0,0,0,0,0,0
4600,0,0,0,0,0,0,0,0,0,0,0,0,0,0,0,0,0,0,0,0,0
4601,10,12,12,9,8,9,9,10,12,12,9,8,9,9,10,12,12,9,8,9,9
4602,4,5,5,4,4,3,4,4,5,5,4,4,4,4,4,5,5,4,4,4,4
4603,1,2,1,1,1,1,1,1,2,1,1,1,1,1,1,2,1,1,1,1,1
4604,92,95,97,92,84,70,76,92,95,97,92,84,70,76,92,95,97,92,84,70,76
4605,0,0,0,0,0,0,0,0,0,0,0,0,0,0,0,0,0,0,0,0,0
4606,2,3,3,2,3,2,3,2,3,3,2,3,2,3,2,3,3,2,3,2,3
4607,4,4,4,4,3,3,3,3,4,4,4,3,3,3,3,4,3,3,3,2,3
4608,12,12,13,13,13,12,12,12,13,13,13,13,12,11,12,12,12,12,13,12,11
4609,1,1,1,1,1,1,1,1,1,1,1,1,1,1,1,1,1,1,1,1,1
4610,12,14,15,15,13,11,10,12,14,15,15,13,11,10,12,14,15,15,13,11,10
4611,4,4,4,3,3,3,3,4,4,4,3,3,3,3,4,4,4,3,3,3,3
4612,29,31,32,31,28,24,24,29,31,31,31,27,23,23,29,31,32,31,28,23,24
4613,5,6,6,6,5,4,5,5,6,6,6,5,4,5,5,6,6,6,5,4,5
4614,0,0,0,0,0,0,0,0,0,0,0,0,0,0,0,0,0,0,0,0,0
4615,0,1,1,0,0,0,0,0,1,1,0,0,0,0,0,1,1,0,0,0,0
4616,7,7,7,7,8,7,6,7,7,7,7,8,7,6,7,7,7,7,8,7,6
4617,3,3,3,3,3,3,3,3,3,3,3,3,3,3,3,3,2,3,3,3,3
4618,5,5,4,4,4,4,5,5,5,4,4,4,4,4,5,5,4,4,4,4,4
4619,1,1,0,1,0,0,0,1,1,0,1,0,0,0,1,1,0,1,0,0,1
4620,0,0,0,0,0,0,0,0,0,0,0,0,0,0,0,0,0,0,0,0,0
4621,0,0,0,0,0,0,0,0,0,0,0,0,0,0,0,0,0,0,0,0,0
4622,0,0,0,0,0,0,0,0,0,0,0,0,0,0,0,0,0,0,0,0,0
4623,57,62,62,59,54,50,54,62,68,66,62,55,49,53,60,66,64,60,53,48,52
4624,33,34,35,34,31,27,28,36,39,40,38,34,29,28,34,35,35,33,30,26,27
4625,0,0,0,0,0,0,0,0,0,0,0,0,0,0,0,0,0,0,0,0,0
4626,1,1,1,1,1,1,1,1,1,1,1,1,1,1,1,1,1,1,1,1,1
4627,7,9,10,10,8,5,4,7,9,10,10,8,5,4,7,9,10,10,8,5,4
4628,2,2,1,1,1,1,2,2,2,1,1,1,1,2,2,2,1,1,1,1,2
4629,5,4,4,3,1,2,2,3,3,4,3,1,2,2,3,3,4,3,1,2,2
4630,0,0,0,0,0,0,0,0,0,0,0,0,0,0,0,0,0,0,0,0,0
4631,1,1,1,2,2,2,1,1,1,1,2,2,2,1,1,1,1,2,2,2,1
4632,0,0,0,0,0,0,0,0,0,0,0,0,0,0,0,0,0,0,0,0,0
4633,0,0,0,0,0,0,0,0,0,0,0,0,0,0,0,0,0,0,0,0,0
4634,0,0,0,0,0,0,0,0,0,0,0,0,0,0,0,0,0,0,0,0,0
4635,0,0,0,0,0,0,0,0,0,0,0,0,0,0,0,0,0,0,0,0,0
4636,0,0,0,0,0,0,0,0,0,0,0,0,0,0,0,0,0,0,0,0,0
4637,0,0,0,0,0,0,0,0,0,0,0,0,0,0,0,0,0,0,0,0,0
4638,0,0,0,0,0,0,0,0,0,0,0,0,0,0,0,0,0,0,0,0,0
4639,5,5,6,7,6,6,4,5,5,6,7,6,6,4,5,5,6,7,6,6,4
4640,0,0,0,0,0,0,0,0,0,0,0,0,0,0,0,0,0,0,0,0,0
4641,0,0,0,0,0,0,0,0,0,0,0,0,0,0,0,0,0,0,0,0,0
4642,0,0,0,0,0,0,0,0,0,0,0,0,0,0,0,0,0,0,0,0,0
4643,11,11,11,7,8,7,9,11,11,11,7,8,7,9,11,11,11,7,8,7,9
4644,2,1,1,1,1,1,1,1,1,0,0,0,1,1,1,1,1,1,1,1,1
4645,1,1,1,1,1,1,1,1,1,1,1,1,1,1,1,1,1,1,1,1,1
4646,8,9,11,8,7,6,7,10,11,12,10,8,7,7,10,10,10,8,8,7,9
4647,8,8,8,7,7,6,5,6,6,8,7,7,6,5,6,6,6,6,6,5,5
4648,79,87,85,84,74,67,69,78,86,82,79,72,65,68,79,87,86,82,74,68,70
4649,7,8,8,7,5,5,6,8,8,8,7,6,5,6,7,8,8,7,6,5,6
4650,1,1,2,2,1,1,1,1,2,2,2,1,1,1,2,2,2,2,2,1,1
4651,2,2,2,1,1,1,2,2,2,2,2,2,2,2,2,2,2,2,2,2,2
4652,1,0,0,0,0,1,0,1,0,0,0,0,1,0,1,0,0,0,0,1,0
4653,1,2,2,2,1,1,1,1,2,2,2,1,1,1,1,2,2,2,1,1,1
4654,0,0,0,0,0,0,0,0,0,0,0,0,0,0,0,0,0,0,0,0,0
4655,1,1,2,1,1,1,1,1,1,2,1,1,1,1,1,1,2,1,1,1,1
4656,30,37,38,38,34,27,25,30,37,38,38,34,27,25,30,37,38,38,34,27,25
4657,70,85,91,85,75,59,54,70,85,91,85,75,59,54,70,85,91,85,75,59,54
4658,244,301,309,275,243,203,197,244,301,309,275,243,203,197,244,301,309,275,243,203,197
4659,55,62,66,63,53,42,41,55,62,66,63,53,42,41,55,62,66,63,53,42,41
4660,126,129,140,137,125,94,97,126,129,140,137,125,94,97,126,129,140,137,125,94,97
4661,14,19,22,21,18,13,11,14,19,22,21,18,13,11,14,19,22,21,18,13,11
4662,32,38,38,37,31,27,27,33,40,39,36,29,24,23,29,35,36,33,26,22,22
4663,24,28,31,32,27,21,20,24,28,31,32,27,21,20,24,28,31,32,27,21,20
4664,1,1,1,1,1,1,1,1,1,1,1,1,1,1,1,1,1,1,1,1,1
4665,0,0,0,0,0,0,0,0,0,0,0,0,0,0,0,0,0,0,0,0,0
4666,0,0,0,0,0,0,0,0,0,0,0,0,0,0,0,0,0,0,0,0,0
4667,22,20,18,17,15,14,15,17,18,17,17,15,14,15,16,17,15,15,14,14,15
4668,2,2,2,2,2,2,2,2,2,2,2,2,2,2,2,2,2,2,2,2,2
4669,0,0,0,0,0,0,0,0,0,0,0,0,0,0,0,0,0,0,0,0,0
4670,0,0,0,0,0,0,0,0,0,0,0,0,0,0,0,0,0,0,0,0,0
4671,3,3,3,2,2,3,3,3,3,3,2,2,3,3,3,3,3,2,2,3,3
4672,1,1,1,1,1,1,0,1,1,1,1,1,1,1,1,1,1,1,1,1,1
4673,1,1,2,2,2,2,3,3,3,3,3,3,3,4,4,3,3,3,3,3,3
4674,0,0,0,0,0,0,0,0,0,0,0,0,0,0,0,0,0,0,0,0,0
4675,13,14,14,13,12,11,12,13,13,13,12,11,10,11,12,13,13,12,11,10,11
4676,6,6,5,5,5,5,4,5,5,5,5,5,5,4,5,5,5,5,5,5,4
4677,1,0,1,0,0,0,0,1,0,1,0,0,0,0,1,0,1,0,0,0,0
4678,4,6,6,5,4,3,4,4,6,6,4,4,3,3,4,5,6,4,4,3,3
4679,3,2,2,2,1,2,2,3,2,2,2,1,2,2,3,2,2,2,1,2,2
4680,5,6,6,4,4,3,3,5,6,6,4,4,3,3,5,6,6,4,4,3,3
4681,120,133,133,123,111,104,105,126,145,145,135,122,114,113,133,146,143,129,115,107,110
4682,1,1,2,1,1,1,1,1,1,2,1,1,1,1,1,1,2,1,1,1,1
4683,7,8,6,7,6,5,6,7,8,6,6,6,5,6,7,8,6,6,6,5,6
4684,4,4,4,3,3,3,3,4,4,4,4,3,3,3,4,4,4,3,3,3,3
4685,6,6,6,5,4,4,4,5,6,6,5,4,4,4,5,7,7,6,5,4,5
4686,4,4,4,3,3,3,2,3,4,5,4,4,3,3,3,4,4,3,3,2,2
4687,0,0,0,0,0,0,0,0,0,0,0,0,0,0,0,0,0,0,0,0,0
4688,4,5,6,6,5,4,3,4,5,6,6,5,4,3,4,5,6,6,5,4,3
4689,10,12,12,11,10,8,9,10,12,12,11,10,8,9,10,12,12,11,10,8,9
4690,0,0,0,0,0,0,0,0,0,0,0,0,0,0,0,0,0,0,0,0,0
4691,13,12,11,9,7,6,6,7,9,10,9,7,6,6,8,12,13,11,9,7,7
4692,5,8,7,8,6,6,5,5,8,7,8,6,6,5,5,8,7,8,6,6,5
4693,307,307,299,205,204,203,251,304,304,299,208,206,205,251,302,300,294,202,202,202,249
4694,20,21,23,22,21,17,18,20,20,23,22,21,17,18,20,20,23,22,21,17,18
4695,2,2,1,2,1,1,1,2,2,1,2,1,1,1,2,2,1,2,1,1,1
4696,2,2,3,3,2,2,2,2,2,3,3,2,2,2,2,2,3,3,2,2,2
4697,17,21,21,18,15,14,13,19,23,24,21,18,16,15,21,24,25,20,17,16,15
4698,23,33,29,28,27,22,20,23,36,33,32,29,24,21,23,34,30,29,27,23,20
4699,5,5,5,4,4,4,5,5,6,5,5,5,5,5,6,6,5,5,4,4,5
4700,86,94,97,88,75,61,66,81,97,98,84,69,52,51,59,70,77,69,61,52,55
4701,19,22,23,20,17,13,12,16,22,27,25,21,16,14,17,21,23,21,18,14,13
4702,18,19,16,13,12,11,13,15,18,17,16,15,13,14,16,17,16,14,13,12,13
4703,1,1,2,1,1,0,1,1,1,2,1,1,0,1,1,1,1,1,1,0,1
4704,149,158,162,145,129,111,118,150,162,164,144,125,105,110,141,151,156,138,120,102,106
4705,0,0,0,0,0,0,0,0,0,0,0,0,0,0,0,0,0,0,0,0,0
4706,1,2,2,2,2,1,1,2,2,2,2,2,1,1,2,2,2,2,2,1,2
4707,8,8,8,7,6,5,6,7,8,8,7,6,6,6,7,8,8,7,6,6,6
4708,1,1,1,0,0,0,0,1,1,1,0,0,0,0,1,1,1,0,0,0,0
4709,2,3,4,4,3,2,1,2,3,4,4,3,2,1,2,3,4,4,3,2,1
4710,0,1,1,1,1,0,1,1,1,1,1,1,1,1,1,1,1,1,1,1,1
4711,1,1,1,1,0,0,0,1,1,1,1,1,1,1,1,1,1,1,1,1,1
4712,0,0,0,0,0,0,0,0,0,0,0,0,0,0,0,0,0,0,0,0,0
4713,21,25,31,30,28,22,18,21,25,31,30,28,22,18,21,25,31,30,28,22,18
4714,4,5,5,4,4,2,1,3,4,5,5,4,2,1,3,4,5,4,4,2,2
4715,4,4,5,3,3,2,3,4,4,5,3,2,2,3,4,5,5,3,3,3,4
4716,1,1,1,0,0,0,1,1,1,1,1,0,0,1,1,1,1,0,0,0,1
4717,3,3,1,1,0,1,2,3,3,1,1,0,1,2,3,3,1,1,0,1,2
4718,3,4,4,4,5,5,4,3,4,4,4,5,5,4,3,4,4,4,5,5,4
4719,2,3,3,3,2,2,2,2,3,3,3,3,2,2,2,3,3,3,3,2,2
4720,0,1,1,1,1,1,1,1,1,1,1,1,1,1,1,1,1,1,1,1,1
4721,1,1,1,1,1,1,1,1,1,1,1,1,1,1,1,1,1,1,1,1,1
4722,12,9,12,13,13,12,11,12,9,12,13,14,12,11,12,9,12,13,14,12,11
4723,2,2,2,2,2,2,2,2,2,2,2,2,2,2,2,2,2,2,2,1,2
4724,0,0,0,0,0,0,0,0,0,0,0,0,0,0,0,0,0,0,0,0,0
4725,0,0,0,0,0,0,0,0,0,0,0,0,0,0,0,0,0,0,0,0,0
4726,2,2,2,2,1,1,1,1,1,1,2,1,1,1,1,1,1,1,1,1,1
4727,0,0,0,0,0,0,0,0,0,0,0,0,0,0,0,0,0,0,0,0,0
4728,0,0,0,0,0,0,0,0,0,0,0,0,0,0,0,0,0,0,0,0,0
4729,0,0,0,0,0,0,0,0,0,0,0,0,0,0,0,0,0,0,0,0,0
4730,1,1,1,1,1,1,1,1,1,1,1,1,1,0,1,1,1,1,1,1,0
4731,1,1,1,1,1,1,1,1,1,1,1,1,1,1,2,2,3,3,2,2,2
4732,0,0,0,0,0,0,0,0,0,0,0,0,0,0,0,0,0,0,0,0,0
4733,0,0,0,0,0,0,0,0,0,0,0,0,0,0,0,0,0,0,0,0,0
4734,1,3,5,8,9,9,9,10,10,11,13,13,12,11,9,9,10,9,8,6,5
4735,0,0,0,0,0,0,0,1,1,1,0,0,0,1,1,1,1,1,1,1,1
4736,0,0,0,0,0,0,0,0,0,0,0,0,0,0,1,0,0,0,0,0,1
4737,3,4,3,2,2,2,2,3,4,3,2,2,2,2,3,4,3,2,2,2,2
4738,0,0,0,0,0,0,0,0,0,0,0,0,0,0,0,0,0,0,0,0,0
4739,0,0,0,0,0,0,0,0,0,0,0,0,0,0,0,0,0,0,0,0,0
4740,0,0,0,0,0,0,0,0,0,0,0,0,0,0,0,0,0,0,0,0,0
4741,0,0,0,0,0,0,0,0,0,0,0,0,0,0,0,0,0,0,0,0,0
4742,0,0,0,0,0,0,0,0,0,0,0,0,0,0,0,0,0,0,0,0,0
4743,0,0,0,0,0,0,0,0,0,0,0,0,0,0,0,0,0,0,0,0,0
4744,0,0,0,0,0,0,0,0,0,0,0,0,0,0,0,0,0,0,0,0,0
4745,2,2,2,1,1,1,1,2,2,2,1,1,1,1,2,2,2,1,1,1,1
4746,0,0,0,0,0,0,0,0,0,0,0,0,0,0,0,0,0,0,0,0,0
4747,3,3,1,1,1,1,2,3,3,1,1,1,1,2,3,3,1,1,1,1,2
4748,0,0,0,0,0,0,0,0,0,0,0,0,0,0,0,0,0,0,0,0,0
4749,3,3,2,1,1,1,1,2,2,2,1,1,1,1,2,3,3,2,2,2,2
4750,1,1,1,1,1,1,1,1,1,1,1,1,1,1,2,2,2,1,1,1,2
4751,1,2,2,2,2,2,2,2,2,2,2,2,1,1,1,1,1,1,1,1,1
4752,0,0,0,0,0,0,0,0,0,0,0,0,0,0,0,0,0,0,0,0,0
4753,0,0,0,0,0,0,0,0,0,0,0,0,0,0,0,0,0,0,0,0,0
4754,0,0,0,0,0,0,0,0,0,0,0,0,0,0,0,0,0,0,0,0,0
4755,4,4,4,3,3,3,3,4,5,6,6,5,4,4,5,5,5,4,4,3,4
4756,0,0,0,0,0,0,0,0,0,0,0,0,0,0,0,0,0,0,0,0,0
4757,0,0,0,0,0,0,0,0,0,0,0,0,0,0,0,0,0,0,0,0,0
4758,0,0,0,0,0,0,0,0,0,0,0,0,0,0,0,0,0,0,0,0,0
4759,0,0,0,0,0,0,0,0,0,0,0,0,0,0,0,0,0,0,0,0,0
4760,0,0,0,0,0,0,0,0,0,0,0,0,0,0,0,0,0,0,0,0,0
4761,0,0,0,0,0,0,0,0,0,0,0,0,0,0,0,0,0,0,0,0,0
4762,3,2,3,2,3,3,2,3,2,3,2,3,3,2,3,2,3,2,3,3,2
4763,1,2,2,2,1,1,1,1,2,2,2,1,1,1,1,2,2,2,1,1,1
4764,5,5,5,4,3,3,3,4,4,4,4,3,3,3,4,5,5,5,4,3,3
4765,18,22,18,20,17,15,16,18,23,19,20,16,14,15,18,22,18,20,16,15,16
4766,11,13,12,10,9,9,9,10,11,11,10,9,9,9,10,11,11,9,8,9,9
4767,4,4,5,4,4,3,3,4,4,5,4,4,3,3,4,4,5,4,4,3,3
4768,6,8,7,6,5,5,5,6,8,8,6,5,5,5,6,8,8,6,5,5,5
4769,1,2,2,2,1,1,2,2,2,2,2,1,1,2,2,2,2,2,1,1,2
4770,1,2,2,2,1,1,1,2,2,2,1,1,1,1,2,2,2,2,1,1,1
4771,5,6,7,6,5,4,4,5,7,7,6,5,4,5,5,7,7,6,5,4,4
4772,1,1,1,1,1,1,1,1,1,1,1,1,1,1,1,1,1,1,1,1,1
4773,1,2,2,1,1,1,1,2,2,2,2,1,1,1,2,2,2,2,2,2,2
4774,0,0,0,0,0,0,0,0,0,0,0,0,0,0,0,0,0,0,0,0,0
4775,418,512,548,539,424,355,341,400,498,523,503,396,324,314,384,496,545,538,430,360,354
4776,0,0,0,0,0,0,0,0,0,0,0,0,0,0,0,0,0,0,0,0,0
4777,1,1,1,1,1,1,0,1,1,1,1,1,1,0,1,1,1,1,1,1,0
4778,2,2,1,1,1,1,1,2,2,1,1,1,1,1,2,2,1,1,1,1,1
4779,2,2,2,2,2,2,1,2,2,2,2,2,2,1,2,2,2,2,2,2,1
4780,0,0,0,0,0,0,0,0,0,0,0,0,0,0,0,0,0,0,0,0,0
4781,0,0,0,0,0,0,3,0,0,0,0,0,0,3,0,0,0,0,0,0,3
4782,0,0,0,0,0,0,0,0,0,0,0,0,0,0,0,0,0,0,0,0,0
4783,1,1,0,0,0,0,0,1,0,0,0,0,0,0,1,0,0,0,0,0,0
4784,2,3,0,0,2,3,0,2,3,0,0,2,3,0,2,3,0,0,2,3,0
4785,0,0,0,0,0,0,0,0,0,0,0,0,0,0,0,0,0,0,0,0,0
4786,0,0,0,0,0,0,0,0,0,0,0,0,0,0,0,0,0,0,0,0,0
4787,0,0,0,0,0,0,0,0,1,0,0,0,0,0,0,1,0,0,0,0,0
4788,1,0,1,1,0,0,0,1,0,1,1,0,0,0,1,0,1,1,0,0,1
4789,0,0,0,0,0,0,0,0,0,0,0,0,0,0,0,0,0,0,0,0,0
4790,0,0,0,0,0,0,0,0,0,0,0,0,0,0,0,0,0,0,0,0,0
4791,1,0,0,0,0,0,0,0,0,0,0,0,0,0,0,0,0,0,0,0,0
4792,0,0,0,0,0,0,0,0,0,0,0,0,0,0,0,0,0,0,0,0,0
4793,1,1,1,1,1,1,1,1,1,1,1,1,1,1,1,1,1,1,1,1,1
4794,0,0,0,0,0,0,0,0,0,0,0,0,0,0,0,0,0,0,0,0,0
4795,0,0,0,0,0,0,0,0,0,0,0,1,1,1,1,1,1,1,1,1,1
4796,0,0,0,0,0,0,0,0,0,0,0,0,0,0,0,0,0,0,0,0,0
4797,100,116,114,87,68,62,64,94,116,123,100,80,72,73,102,118,121,94,75,67,69
4798,61,79,98,101,91,73,58,62,80,98,101,91,72,57,62,81,101,104,93,75,61
4799,74,84,75,57,47,40,52,70,84,77,61,51,42,53,71,84,77,59,50,43,56
4800,88,105,128,124,102,77,67,88,105,128,124,102,77,67,88,105,128,124,102,77,67
4801,114,123,115,77,63,55,66,106,123,126,93,80,71,81,120,132,130,92,76,66,77
4802,0,0,0,0,0,0,0,0,0,0,0,0,0,0,0,0,0,0,0,0,0
4803,0,1,1,0,1,0,0,0,1,1,0,1,0,0,0,1,1,0,1,0,0
4804,1,1,1,1,1,1,1,1,1,1,1,1,1,1,1,1,1,1,1,1,1
4805,23,25,26,26,24,20,20,23,26,28,29,26,22,20,23,25,26,26,23,20,19
4806,2,2,2,2,2,1,1,2,2,2,2,2,1,1,2,2,2,2,2,1,1
4807,0,0,1,1,1,0,0,0,0,1,1,1,0,0,0,0,1,1,1,0,0
4808,0,0,0,0,1,1,1,0,0,0,0,1,1,1,0,0,0,0,1,1,1
4809,15,23,30,25,19,14,11,16,23,30,25,19,14,11,16,23,30,25,19,14,11
4810,0,0,0,0,0,0,0,0,0,0,0,0,0,0,0,0,0,0,0,0,0
4811,1,1,1,1,1,1,1,1,1,1,1,1,1,1,1,1,1,1,1,1,1
4812,1,1,1,1,1,1,1,1,1,1,1,1,1,1,1,1,1,1,1,1,1
4813,0,0,0,0,0,0,0,0,0,0,0,0,0,0,0,0,0,0,0,0,0
4814,1,2,1,1,1,1,1,1,2,1,1,1,1,1,1,2,1,1,1,1,1
4815,14,15,15,15,13,12,12,14,15,15,14,12,11,12,13,15,15,14,12,11,12
4816,1,1,1,1,1,1,1,1,1,1,1,1,1,1,1,1,1,1,1,1,1
4817,1,1,1,0,0,0,1,1,1,1,0,0,0,1,1,1,1,0,0,0,1
4818,0,0,0,0,0,0,0,0,0,0,0,0,0,0,0,0,0,0,0,0,0
4819,0,0,0,0,0,0,0,0,0,0,0,0,0,0,0,0,0,0,0,0,0
4820,1,1,1,1,1,1,1,1,1,1,1,1,1,1,2,2,2,1,1,1,1
4821,0,0,0,0,0,0,0,0,0,0,0,0,0,0,0,0,0,0,0,0,0
4822,0,0,0,0,0,0,0,0,0,0,0,0,0,0,0,0,0,0,0,0,0
4823,1,1,1,1,1,1,1,1,1,1,1,1,1,1,1,2,2,1,1,1,2
4824,1,1,1,0,0,0,0,0,0,0,0,0,0,0,1,1,1,1,1,1,1
4825,0,0,0,0,0,0,0,0,0,0,0,0,0,0,0,0,0,0,0,0,0
4826,0,0,0,0,0,0,0,0,0,0,0,0,0,0,0,0,0,0,0,0,0
4827,31,29,26,24,21,21,24,30,31,29,27,23,23,26,31,31,28,24,21,21,24
4828,0,0,0,0,0,0,0,0,0,0,0,0,0,0,0,0,0,0,0,0,0
4829,1,1,0,0,0,0,0,1,0,0,0,0,0,0,1,1,0,0,0,0,0
4830,0,1,1,1,1,1,1,0,1,1,1,1,1,1,0,1,1,1,1,1,1
4831,3,3,3,3,3,2,3,3,3,3,3,3,2,3,3,3,3,3,3,2,3
4832,1,2,1,2,1,1,1,1,2,1,2,1,1,1,1,2,1,2,1,1,1
4833,7,6,5,4,4,4,4,7,6,5,4,4,4,4,7,6,5,4,4,4,4
4834,0,0,0,0,0,0,0,0,0,0,0,0,0,0,0,0,0,0,0,0,0
4835,8,10,10,9,9,9,9,9,10,9,8,9,8,9,10,12,11,10,10,9,9
4836,8,9,9,8,6,5,5,6,7,7,7,6,5,4,6,7,7,7,6,5,5
4837,1,1,1,1,1,1,1,1,1,1,1,1,1,1,1,1,1,1,1,1,1
4838,9,8,7,6,5,5,5,6,6,6,5,5,5,5,6,7,7,6,5,5,5
4839,55,60,58,51,43,38,41,55,66,70,64,55,49,52,63,67,64,55,46,41,45
4840,13,14,14,11,10,10,10,13,14,14,11,10,10,10,13,14,14,11,10,10,11
4841,0,0,0,0,0,0,0,0,0,0,0,0,0,0,0,0,0,0,0,0,0
4842,7,8,8,7,6,6,6,7,8,8,7,6,6,6,7,8,8,7,6,6,6
4843,56,58,57,50,45,40,43,57,65,69,62,55,48,50,62,64,63,55,49,43,47
4844,2,2,2,2,2,1,1,2,2,2,2,2,1,1,2,2,2,2,2,1,1
4845,14,14,14,14,12,11,12,14,14,14,14,12,11,12,14,14,14,14,12,11,12
4846,2,2,2,2,2,2,2,2,2,2,2,2,2,2,2,2,2,2,2,2,2
4847,2,2,2,2,2,2,1,2,2,2,2,2,2,1,2,2,2,2,2,2,1
4848,4,5,5,5,5,4,4,4,5,5,5,5,4,4,4,5,5,5,5,4,4
4849,1,1,2,2,2,1,0,1,1,2,2,2,1,0,1,1,2,3,2,1,1
4850,1,1,2,1,2,1,1,1,1,2,1,2,1,1,1,1,2,1,2,1,1
4851,22,22,19,17,15,14,14,19,19,18,16,15,14,14,18,19,17,16,14,14,14
4852,0,0,0,0,0,0,0,0,0,0,0,0,0,0,0,0,0,0,0,0,0
4853,1,1,1,1,1,1,1,1,1,1,1,1,1,1,1,1,1,1,1,1,1
4854,0,0,0,0,0,0,0,0,0,0,0,0,0,0,0,0,0,0,0,0,0
4855,0,0,0,0,0,0,0,0,0,0,0,0,0,0,0,0,0,0,0,0,0
4856,3,3,3,3,2,2,2,3,3,3,3,2,2,2,3,3,3,3,2,2,2
4857,0,0,0,0,0,0,0,0,0,0,0,0,0,0,0,0,0,0,0,0,0
4858,0,0,0,0,0,0,0,0,0,0,0,0,0,0,0,0,0,0,0,0,0
4859,0,0,0,0,0,0,0,0,0,0,0,0,0,0,0,0,0,0,0,0,0
4860,2,2,1,1,1,1,1,2,1,1,1,1,1,1,2,2,1,1,1,1,2
4861,0,0,0,0,0,0,0,0,0,0,0,0,0,0,0,0,0,0,0,0,0
4862,1,1,2,3,4,6,7,8,9,8,8,7,7,7,6,5,4,3,3,3,3
4863,0,0,0,0,0,0,0,0,0,0,0,0,0,0,0,0,0,0,0,0,0
4864,1,1,1,1,1,1,1,1,1,1,1,1,1,1,1,1,1,1,1,1,1
4865,1,1,1,1,1,1,1,1,2,2,1,1,1,1,1,2,2,1,1,1,1
4866,0,0,0,0,0,0,0,0,0,0,0,0,0,0,0,0,0,0,0,0,0
4867,1,1,1,1,1,1,1,1,1,1,1,1,1,1,1,1,1,1,1,1,1
4868,1,1,1,1,1,1,1,1,1,1,1,1,1,1,1,1,1,1,1,1,1
4869,1,1,1,1,1,1,1,1,1,1,1,1,1,1,1,1,1,1,1,1,1
4870,3,3,3,3,3,2,3,3,3,3,3,3,2,3,3,4,3,3,3,2,3
4871,1,1,1,1,1,1,1,1,1,1,1,1,1,1,1,1,1,1,1,1,1
4872,702,775,912,844,727,622,533,702,775,912,844,727,622,533,702,775,912,844,727,622,533
4873,8,10,9,5,5,3,5,8,10,9,5,5,3,5,8,10,9,5,5,3,5
4874,4,4,4,4,4,3,4,4,4,4,4,3,3,3,4,4,4,4,3,3,3
4875,0,0,0,0,0,0,0,0,0,0,0,0,0,0,0,0,0,0,0,0,0
4876,0,0,0,0,0,0,0,0,0,0,0,0,0,0,0,0,0,0,0,0,0
4877,2,3,3,2,2,2,2,2,3,3,2,2,2,2,2,3,3,2,2,2,2
4878,0,0,0,0,0,0,0,0,0,0,0,0,0,0,0,0,0,0,0,0,0
4879,0,0,0,0,0,0,0,0,0,0,0,0,0,0,0,0,0,0,0,0,0
4880,1,1,1,1,1,1,1,1,1,1,1,1,1,1,1,1,1,1,1,1,1
4881,0,0,0,0,0,0,0,0,0,0,0,0,0,0,0,0,0,0,0,0,0
4882,1,1,1,1,1,1,1,1,1,1,1,1,1,1,2,2,2,1,1,1,1
4883,0,0,1,0,1,1,0,0,0,1,0,1,1,0,0,0,1,0,1,1,0
4884,4,4,4,4,4,3,3,4,4,5,4,4,3,3,4,4,4,4,3,3,3
4885,0,0,0,0,0,0,0,0,0,0,0,0,0,0,0,0,0,0,0,0,0
4886,0,0,0,0,0,0,0,0,0,0,0,0,0,0,0,0,0,0,0,0,0
4887,0,0,0,0,0,0,0,0,0,0,0,0,0,0,0,0,0,0,0,0,0
4888,0,0,0,0,0,0,0,0,0,0,0,0,0,0,0,0,0,0,0,0,0
4889,0,0,0,0,0,0,0,0,0,0,0,0,0,0,0,0,0,0,0,0,0
4890,0,0,0,0,0,0,0,0,0,0,0,0,0,0,0,0,0,0,0,0,0
4891,0,0,0,0,0,0,0,0,0,0,0,0,0,0,0,0,0,0,0,0,0
4892,1,1,1,1,1,1,1,1,1,1,1,1,0,0,0,0,0,0,0,0,0
4893,5,5,5,4,4,4,5,5,5,5,4,3,4,5,5,5,5,4,3,4,5
4894,0,0,0,0,0,0,0,0,0,0,0,0,0,0,0,0,0,0,0,0,0
4895,0,0,0,0,0,0,0,0,0,0,0,0,0,0,0,0,0,0,0,0,0
4896,0,0,0,0,0,0,0,0,0,0,0,0,0,0,0,0,0,0,0,0,0
4897,0,0,0,0,0,0,0,0,0,0,0,0,0,0,0,0,0,0,0,0,0
4898,0,0,0,0,0,0,0,0,0,0,0,0,0,0,0,0,0,0,0,0,0
4899,3,4,4,3,2,2,2,3,4,4,3,2,2,2,3,4,3,3,2,2,2
4900,0,0,0,0,0,0,0,0,0,0,0,0,0,0,0,0,0,0,0,0,0
4901,8,9,10,8,6,5,5,8,10,11,9,7,5,5,8,9,9,8,7,6,7
4902,7,8,7,6,5,4,5,8,9,9,7,5,4,4,7,8,8,7,5,5,6
4903,4,5,5,4,4,3,3,4,5,5,4,4,3,3,4,5,5,4,4,3,3
4904,4,4,4,4,3,2,3,4,4,4,4,3,2,2,3,4,4,4,3,3,3
4905,5,6,6,5,4,3,4,6,7,7,5,4,3,4,5,7,7,7,6,5,6
4906,3,4,4,3,3,2,2,3,4,4,3,3,2,2,3,4,4,3,3,2,2
4907,8,9,9,7,6,5,6,8,10,10,8,6,5,5,7,8,8,7,6,5,7
4908,3,3,3,3,2,2,2,2,3,3,3,2,2,2,3,3,3,3,2,2,2
4909,7,7,7,6,5,4,5,7,8,8,6,5,4,4,7,8,8,6,5,5,5
4910,5,5,5,4,3,3,3,5,5,5,4,3,3,3,4,6,6,5,4,3,4
4911,3,4,3,3,2,2,2,4,4,4,3,2,2,2,3,4,4,3,3,2,3
4912,5,5,5,4,3,3,3,5,6,6,5,3,3,3,4,5,5,5,4,4,4
4913,4,5,5,4,3,3,4,5,7,7,5,4,3,3,5,6,6,5,4,4,4
4914,4,5,5,4,3,2,3,5,6,6,5,3,2,3,4,6,6,5,4,3,4
4915,3,3,3,3,2,2,2,2,3,3,3,2,2,2,2,3,3,3,2,2,2
4916,2,2,2,2,2,2,2,2,3,3,2,2,1,1,2,2,2,2,2,1,2
4917,4,4,4,3,3,2,2,3,4,3,3,3,2,2,3,3,3,3,2,2,2
4918,6,6,6,5,4,3,3,5,6,6,5,4,3,3,5,6,6,5,4,3,4
4919,7,8,8,7,6,5,6,8,9,9,8,6,5,5,7,8,9,8,7,6,6
4920,4,5,5,4,3,2,3,4,4,4,4,3,2,3,4,4,4,4,3,3,3
4921,3,4,4,3,2,2,2,3,4,3,3,2,2,2,3,3,3,3,3,2,2
4922,8,9,9,8,6,5,6,8,9,9,8,6,4,5,7,8,8,7,6,5,6
4923,3,3,3,3,2,2,2,3,3,3,3,2,2,2,3,3,3,3,2,2,2
4924,5,7,6,6,5,4,5,6,7,7,6,5,4,4,6,7,8,7,6,5,6
4925,4,4,4,4,3,2,3,3,4,4,3,3,2,2,3,3,4,3,3,2,3
4926,0,0,0,0,0,0,0,0,0,0,0,0,0,0,0,0,0,0,0,0,0
4927,0,0,0,0,0,0,0,0,0,0,0,0,0,0,0,0,0,0,0,0,0
4928,6,6,6,5,4,4,5,6,6,6,5,4,4,5,6,6,6,5,4,4,5
4929,1,1,0,0,1,0,0,1,1,0,0,1,0,0,1,1,0,0,1,0,0
4930,4,4,4,4,3,3,3,4,4,4,4,3,3,3,4,4,4,4,3,3,3
4931,5,8,7,6,4,4,4,4,7,7,7,5,4,5,6,8,8,7,5,4,5
4932,0,0,0,0,1,0,0,0,0,0,0,1,0,0,0,0,0,0,1,0,0
4933,0,0,0,0,0,0,0,0,0,0,0,0,0,0,0,0,0,0,0,0,0
4934,0,0,0,0,0,0,0,0,0,0,0,0,0,0,0,0,0,0,0,0,0
4935,5,6,6,6,6,6,5,5,6,6,6,6,6,5,5,5,6,6,6,6,5
4936,0,0,0,0,0,0,0,0,0,0,0,0,0,0,0,0,0,0,0,0,0
4937,0,0,0,0,0,0,0,0,0,0,0,0,0,0,0,0,0,0,0,0,0
4938,0,0,0,0,0,0,0,0,0,0,0,0,0,0,0,0,0,0,0,0,0
4939,0,0,0,0,0,0,0,0,0,0,0,0,0,0,0,0,0,0,0,0,0
4940,0,0,0,0,0,0,0,0,0,0,0,0,0,0,0,0,0,0,0,0,0
4941,7,7,8,7,7,6,7,8,7,8,7,7,6,6,8,7,8,7,6,5,6
4942,0,0,0,0,0,0,0,0,1,1,1,0,0,0,1,1,1,1,1,1,1
4943,0,0,0,0,0,0,0,0,0,0,0,0,0,0,0,0,0,0,0,0,0
4944,0,0,0,0,0,0,0,0,0,0,0,0,0,0,0,0,0,0,0,0,0
4945,0,0,0,0,0,0,0,0,0,0,0,0,0,0,0,0,0,0,0,0,0
4946,0,1,1,0,1,0,0,0,1,1,0,0,0,0,0,1,1,1,1,0,1
4947,18,20,21,18,16,15,14,18,21,21,19,17,16,15,18,20,21,18,16,15,14
4948,0,0,0,0,0,0,0,0,0,0,0,0,0,0,0,0,0,0,0,0,0
4949,3,3,3,3,3,2,2,3,3,3,3,3,3,3,3,4,4,4,3,3,3
4950,90,96,98,98,90,79,81,89,99,100,99,91,80,81,88,96,96,94,86,76,78
4951,3,3,4,4,3,3,2,3,3,4,4,3,3,2,3,3,4,4,3,3,2
4952,2,2,2,2,2,2,2,2,3,2,2,2,2,2,2,3,3,2,2,2,2
4953,2,2,3,2,2,2,1,2,2,3,2,2,2,1,2,2,3,2,2,2,1
4954,3,3,4,3,3,2,2,3,3,4,3,3,2,2,3,3,4,3,3,2,2
4955,0,0,0,0,0,0,0,0,0,0,0,0,0,0,0,0,0,0,0,0,0
4956,0,0,0,0,0,0,0,0,0,0,0,0,0,0,0,0,0,0,0,0,0
4957,3,3,3,3,3,3,2,3,3,3,3,3,3,2,3,3,3,3,3,3,2
4958,2,2,1,2,2,1,1,2,2,1,2,2,1,1,2,2,1,2,2,1,1
4959,1,1,1,1,2,1,1,1,2,2,2,2,1,1,1,1,1,1,2,1,1
4960,3,3,3,4,4,3,3,3,3,3,4,4,3,3,3,3,3,4,4,3,3
4961,3,3,3,3,3,2,2,3,3,4,3,3,2,2,3,3,3,3,2,2,2
4962,0,0,0,0,0,0,0,0,0,0,0,0,0,0,0,0,0,0,0,0,0
4963,0,0,0,0,0,0,0,0,0,0,0,0,0,0,0,0,0,0,0,0,0
4964,0,0,0,0,0,0,0,0,0,0,0,0,0,0,0,0,0,0,0,0,0
4965,1,0,0,0,0,1,1,1,0,0,0,0,1,1,1,0,0,0,0,1,1
4966,0,0,0,0,0,0,0,0,0,0,0,0,0,0,0,0,0,0,0,0,0
4967,0,0,0,0,0,0,0,0,0,0,0,0,0,0,0,0,0,0,0,0,0
4968,0,0,0,0,0,0,0,0,0,0,0,0,0,0,0,0,0,0,0,0,0
4969,0,0,0,0,0,0,0,0,0,0,0,0,0,0,0,0,0,0,0,0,0
4970,15,16,19,18,17,15,14,15,16,19,18,17,15,14,15,16,19,18,17,15,14
4971,10,11,11,12,12,9,11,10,11,11,12,12,9,11,10,11,11,12,12,9,11
4972,0,0,0,0,0,0,0,0,0,0,0,0,0,0,0,0,0,0,0,0,0
4973,0,0,0,0,0,0,0,0,0,0,0,0,0,0,0,0,0,0,0,0,0
4974,1,1,2,2,1,1,1,1,2,2,2,1,1,1,2,2,2,2,1,1,1
4975,4,5,6,6,4,4,4,4,5,6,6,4,4,4,5,5,6,6,4,4,4
4976,3,3,3,3,3,3,3,3,3,3,3,3,3,3,3,3,3,3,3,3,3
4977,0,1,1,0,0,0,0,0,1,1,0,0,0,0,0,1,1,0,0,0,0
4978,0,0,0,0,0,0,0,0,0,0,0,0,0,0,0,0,0,0,0,0,0
4979,1,1,1,1,1,1,1,1,1,1,1,1,1,1,1,1,1,1,1,1,1
4980,1,1,1,2,2,1,1,1,1,1,2,2,1,1,1,1,1,2,2,1,1
4981,1,1,1,1,1,1,1,1,1,1,1,1,1,1,1,1,1,1,1,1,1
4982,0,0,0,0,0,0,0,0,0,0,0,0,0,0,0,0,0,0,0,0,0
4983,11,17,19,22,19,14,8,12,20,22,26,21,16,10,14,21,23,26,22,17,11
4984,0,0,0,0,0,0,0,0,0,0,0,0,0,0,0,0,0,0,0,0,0
4985,0,1,1,0,0,0,0,1,1,1,1,1,1,1,1,2,1,1,1,1,1
4986,0,0,0,0,0,0,0,0,0,0,0,0,0,0,0,0,0,0,0,0,0
4987,0,0,0,0,0,0,0,0,0,0,0,0,0,0,0,0,0,0,0,0,0
4988,6,7,7,5,5,5,6,8,9,9,7,6,6,6,7,7,7,5,4,5,6
4989,0,0,0,0,0,0,0,0,0,0,0,0,0,0,0,0,0,0,0,0,0
4990,0,0,0,0,0,0,0,0,0,0,0,0,0,0,0,0,0,0,0,0,0
4991,1,1,1,1,1,0,0,1,1,1,1,1,0,0,1,1,1,1,1,0,0
4992,0,0,0,0,0,0,0,0,0,0,0,0,0,0,0,0,0,0,0,0,0
4993,17,19,20,14,8,9,11,17,19,20,14,8,9,11,17,19,20,14,8,9,11
4994,6,7,8,8,7,5,5,5,6,6,6,5,4,4,4,5,6,6,5,4,4
4995,0,0,0,0,0,0,0,0,0,0,0,0,0,0,0,0,0,0,0,0,0
4996,0,0,0,0,0,0,0,0,0,0,0,0,0,0,0,0,0,0,0,0,0
4997,0,0,0,0,0,0,0,0,0,0,0,0,0,0,0,0,0,0,0,0,0
4998,2,2,2,1,1,1,1,1,2,2,2,1,1,1,2,2,2,2,1,1,1
4999,0,0,0,0,0,0,0,0,0,0,0,0,0,0,0,0,0,0,0,0,0
5000,1,1,1,1,1,1,1,1,1,1,1,1,1,1,1,1,1,1,1,1,1
5001,0,0,0,0,0,0,0,0,1,1,1,1,1,1,1,1,1,1,1,0,1
5002,1,1,1,2,1,1,1,1,1,1,2,1,1,1,1,1,1,2,1,1,1
5003,1,1,1,1,1,1,1,1,1,1,1,1,1,1,1,1,1,1,1,1,1
5004,5,5,5,5,4,3,4,4,5,5,4,4,3,4,4,5,5,4,4,3,4
5005,0,1,1,0,0,0,0,0,1,1,0,0,0,0,0,1,1,0,0,0,1
5006,9,9,9,8,7,6,6,9,9,9,8,7,6,6,9,9,9,8,7,6,6
5007,10,11,10,9,7,7,7,9,10,11,9,8,7,7,9,9,8,7,6,5,5
5008,2,2,2,2,2,1,1,2,2,2,2,1,1,1,2,3,3,3,2,2,2
5009,42,42,41,37,34,31,34,44,50,51,47,42,38,38,45,45,43,38,35,32,35
5010,28,29,27,24,21,20,23,31,35,35,32,29,26,27,33,35,33,28,24,23,27
5011,3,4,4,4,3,3,3,4,4,4,4,4,4,4,5,6,5,5,4,4,4
5012,0,0,0,0,0,0,0,0,0,0,0,0,0,0,0,0,0,0,0,0,0
5013,28,32,33,31,27,23,25,30,37,38,37,32,27,28,32,36,34,31,27,23,26
5014,11,11,11,11,10,9,11,15,17,17,16,14,12,12,15,15,14,12,11,9,11
5015,1,1,1,1,1,1,1,2,2,2,1,1,1,1,2,2,2,1,1,1,1
5016,2,2,2,2,2,1,2,2,2,2,2,2,1,2,2,2,2,2,2,1,2
5017,4,5,5,4,3,3,3,3,4,4,3,3,3,3,4,5,5,4,4,3,3
5018,6,6,6,5,4,3,3,4,5,5,4,4,3,3,5,5,5,4,4,3,4
5019,21,22,22,21,18,17,18,24,28,28,26,23,20,21,26,28,28,24,20,19,20
5020,7,7,7,6,5,5,5,7,7,6,6,5,5,5,7,7,7,6,5,5,5
5021,10,10,10,9,8,8,8,12,13,13,12,11,10,10,14,14,14,12,11,10,10
5022,4,5,5,5,5,5,5,5,6,5,5,5,5,4,5,5,5,5,5,5,4
5023,2,2,2,1,1,1,1,2,2,2,1,1,1,1,2,2,2,1,1,1,1
5024,0,0,0,0,0,0,0,0,0,0,0,0,0,0,0,0,0,0,0,0,0
5025,9,9,8,7,7,6,7,9,11,11,11,10,9,9,9,9,8,7,6,6,6
5026,0,0,0,0,0,0,0,0,0,0,0,0,0,0,0,0,0,0,0,0,0
5027,0,0,0,0,0,0,0,0,0,0,0,0,0,0,0,0,0,0,0,0,0
5028,0,0,0,0,0,0,0,0,0,0,0,0,0,0,0,0,0,0,0,0,0
5029,0,0,0,0,0,0,0,0,0,0,0,0,0,0,0,0,0,0,0,0,0
5030,0,0,0,0,0,0,0,0,0,0,0,0,0,0,0,0,0,0,0,0,0
5031,5,9,5,4,4,9,18,5,9,5,4,4,9,18,5,9,5,4,4,9,18
5032,0,0,0,0,0,0,0,0,0,0,0,0,0,0,0,0,0,0,0,0,0
5033,19,23,26,17,13,11,12,19,28,38,28,18,14,16,23,26,23,16,13,13,15
5034,0,0,0,0,0,0,0,0,0,0,0,0,0,0,0,0,0,0,0,0,0
5035,0,0,0,0,0,0,0,0,0,0,0,0,0,0,0,0,0,0,0,0,0
5036,0,0,0,0,0,0,0,0,0,0,0,0,0,0,0,0,0,0,0,0,0
5037,19,18,18,16,14,13,14,19,18,18,16,14,13,14,19,18,18,16,14,13,14
5038,19,25,29,27,19,14,13,19,25,29,27,19,14,13,18,25,29,27,19,14,13
5039,9,13,13,13,10,8,7,9,13,13,13,10,8,7,9,13,13,13,10,8,7
5040,259,306,311,257,201,179,186,252,304,305,248,199,177,186,257,315,324,266,215,195,209
5041,16,28,33,31,16,11,11,16,28,33,31,16,11,11,16,28,33,31,16,11,11
5042,26,28,30,27,19,15,18,27,29,30,27,19,15,18,26,28,30,27,19,15,18
5043,252,301,274,247,199,179,175,230,289,263,234,191,171,173,241,319,310,285,234,209,208
5044,71,80,90,80,68,52,49,71,80,90,80,68,52,49,71,80,90,80,68,52,49
5045,334,336,321,299,220,189,205,292,316,315,297,226,195,214,305,335,336,320,244,213,233
5046,2,3,3,3,2,2,1,2,3,3,3,2,2,1,2,3,3,3,2,2,1
5047,626,779,782,760,610,439,464,606,790,806,786,637,462,488,629,809,822,798,644,468,496
5048,12,16,18,18,17,11,9,12,16,18,18,17,11,9,12,16,18,18,17,11,10
5049,25,32,35,36,31,22,20,25,32,35,36,31,22,19,25,32,35,36,31,22,20
5050,27,35,38,39,25,18,16,27,35,38,39,26,18,16,27,35,38,39,26,18,16
5051,349,378,373,380,350,252,254,322,383,388,395,367,264,267,343,412,423,429,397,296,299
5052,29,32,34,34,31,25,24,29,32,34,34,31,25,24,29,32,34,34,31,25,24
5053,2,3,3,3,2,2,1,2,3,3,3,2,2,1,2,3,3,3,2,2,1
5054,73,91,99,90,76,54,55,75,92,99,90,75,54,54,73,90,99,90,75,54,54
5055,6,7,8,8,8,6,5,6,7,8,8,8,6,5,5,7,8,8,8,6,5
5056,15,15,17,16,12,10,9,15,14,17,15,12,10,9,15,14,17,15,12,10,9
5057,29,36,36,32,24,20,24,29,36,36,32,24,20,24,29,36,36,33,24,20,24
5058,99,119,126,104,80,62,60,95,116,122,103,88,72,73,110,134,138,114,94,78,80
5059,13,14,17,16,12,11,13,14,15,17,16,13,12,14,15,16,18,16,12,11,13
5060,65,52,53,45,32,34,51,66,56,59,52,38,39,56,69,56,56,48,34,37,55
5061,3,4,4,5,4,3,2,3,4,4,5,4,3,2,3,4,4,5,4,3,2
5062,51,57,57,50,44,43,43,51,56,57,50,44,43,43,51,56,57,50,44,43,43
5063,18,21,20,20,18,15,16,18,21,20,20,18,15,16,18,21,20,20,18,15,16
5064,4,5,6,4,4,3,3,4,5,6,4,4,3,3,4,5,6,4,4,3,3
5065,1,1,0,1,1,1,1,1,1,0,1,1,1,1,1,1,0,1,1,1,1
5066,2,2,3,2,1,0,1,2,2,3,2,1,0,1,2,2,3,2,1,0,1
5067,0,0,0,0,0,0,0,0,0,0,0,0,0,0,0,0,0,0,0,0,0
5068,42,43,45,41,36,28,27,42,43,45,41,36,28,27,42,43,45,41,36,28,27
5069,3,3,3,3,2,2,2,3,3,3,3,2,2,2,3,3,3,3,2,2,2
5070,0,0,0,0,0,0,1,0,0,0,1,1,1,1,1,0,0,0,0,1,1
5071,33,22,21,18,14,13,17,38,29,26,22,17,14,15,34,21,19,15,12,12,16
5072,11,9,8,6,4,3,4,11,12,14,12,9,7,7,14,12,10,6,5,4,5
5073,0,0,0,0,0,0,0,0,0,0,0,0,0,0,0,0,0,0,0,0,0
5074,6,7,7,6,6,6,6,6,7,7,6,6,5,5,6,7,7,6,6,6,6
5075,0,0,0,0,0,0,0,0,0,0,0,0,0,0,0,0,0,0,0,0,0
5076,3,2,2,2,1,1,2,3,2,2,2,1,1,2,3,2,2,2,1,1,2
5077,0,0,0,0,0,0,0,0,0,0,0,0,0,0,0,0,0,0,0,0,0
5078,26,27,28,27,25,22,22,26,28,28,27,25,21,22,26,28,29,27,25,22,23
5079,1,0,0,0,0,0,0,0,0,0,0,0,0,0,1,1,1,1,1,1,1
5080,5,4,3,3,2,3,3,3,3,3,3,3,3,3,3,3,3,2,2,2,3
5081,4,5,5,5,4,4,4,4,5,5,5,4,4,4,4,5,5,5,4,4,4
5082,1,1,1,1,1,1,1,1,1,1,1,1,1,1,1,1,1,1,1,1,1
5083,1,0,0,1,0,0,0,1,0,0,1,0,0,0,1,0,0,1,0,0,0
5084,3,3,3,3,3,2,3,3,3,3,3,3,3,3,3,3,3,3,3,3,3
5085,1,1,1,1,1,1,1,1,1,1,1,1,1,1,1,1,1,1,1,1,1
5086,0,0,0,0,0,0,0,0,0,0,0,0,0,0,0,0,0,0,0,0,0
5087,0,1,1,1,1,1,1,1,1,1,1,1,1,1,1,1,1,1,1,1,1
5088,0,0,0,0,0,0,0,0,0,0,0,0,0,0,0,0,0,0,0,0,0
5089,0,0,0,0,0,0,0,0,0,0,0,0,0,0,0,0,0,0,0,0,0
5090,0,0,0,0,0,0,0,0,0,0,0,0,0,0,0,0,0,0,0,0,0
5091,7,8,8,7,6,5,5,6,7,8,7,5,4,5,6,8,8,7,6,5,5
5092,6,8,9,7,6,4,4,6,9,11,9,7,5,5,6,8,9,8,7,5,6
5093,4,4,4,4,4,3,4,4,5,5,4,4,4,4,4,5,4,4,4,3,4
5094,3,4,4,3,2,2,2,3,4,4,3,3,2,2,3,4,4,4,3,3,3
5095,33,35,35,32,27,24,25,31,35,36,34,30,26,27,32,35,33,30,26,23,24
5096,16,19,17,16,14,12,13,16,19,17,16,14,12,13,16,19,17,16,14,12,13
5097,1,2,2,2,2,2,2,1,2,2,2,3,2,2,1,2,2,2,2,2,2
5098,6,6,7,6,5,4,4,7,7,7,6,5,4,4,7,7,7,6,5,5,5
5099,2,2,2,2,2,2,1,2,2,2,2,2,2,1,2,2,2,2,2,2,1
5100,2,2,2,2,2,2,2,2,2,2,2,2,2,2,2,2,2,2,2,2,2
5101,2,3,2,2,2,2,2,2,3,2,2,2,2,2,2,3,2,2,2,2,2
5102,8,9,10,9,8,7,7,8,9,10,9,8,7,7,8,9,10,9,8,7,7
5103,4,5,5,4,3,3,3,4,5,5,4,3,3,3,4,5,5,4,3,3,3
5104,43,50,47,38,32,32,32,41,49,47,38,33,32,33,43,52,49,40,34,34,34
5105,4,5,5,5,4,3,3,4,4,5,4,3,3,3,4,5,5,5,4,4,4
5106,2,2,2,2,2,2,1,2,2,2,2,2,2,1,2,2,2,2,2,2,1
5107,20,23,24,22,19,15,16,20,26,31,30,26,20,20,24,28,30,27,23,18,19
5108,92,111,117,110,93,74,68,84,102,117,115,99,80,76,98,118,127,119,100,81,78
5109,12,14,14,13,11,8,9,12,14,14,13,11,8,9,12,14,14,13,11,8,9
5110,6,8,7,8,6,6,5,6,8,7,8,6,6,5,6,8,7,8,6,6,5
5111,14,14,16,11,10,11,12,14,14,16,11,10,11,12,14,14,16,11,10,11,12
5112,5,4,4,4,4,4,4,5,4,4,4,4,4,4,5,4,4,4,4,4,4
5113,22,18,21,30,23,17,13,22,18,21,30,23,17,13,22,18,21,30,23,17,13
5114,34,38,37,33,30,28,28,33,38,36,33,31,29,29,33,37,35,32,29,28,29
5115,1,1,2,2,2,1,1,1,1,2,2,2,1,1,1,1,2,2,2,1,1
5116,5,5,5,5,5,5,4,5,5,5,5,5,5,4,5,5,5,5,5,5,4
5117,8,8,8,6,6,5,6,8,8,8,6,6,5,6,8,8,8,6,6,5,6
5118,5,5,6,4,4,4,4,5,5,6,4,4,4,4,5,5,6,4,4,4,4
5119,1,1,1,1,1,1,0,1,1,1,1,1,1,0,1,1,1,1,1,1,0
5120,6,7,6,6,6,5,5,6,6,6,6,6,5,5,6,7,6,6,6,5,5
5121,22,28,28,23,21,20,21,22,28,28,23,21,20,21,22,28,28,23,21,20,21
5122,0,0,0,0,0,0,0,0,0,0,0,0,0,0,0,0,0,0,0,0,0
5123,31,33,32,30,26,23,24,29,35,36,35,30,26,26,31,35,35,34,29,25,26
5124,9,11,10,10,8,7,7,9,11,10,10,8,7,7,9,11,10,10,8,7,7
5125,7,8,8,7,6,5,6,7,8,8,8,6,5,6,7,8,8,8,6,5,6
5126,4,6,6,5,4,4,4,4,6,6,5,4,4,4,4,6,6,5,4,4,4
5127,8,8,9,8,7,6,7,8,8,9,8,7,6,7,8,8,9,8,7,6,7
5128,7,8,9,7,7,7,6,7,8,9,7,7,7,6,7,8,9,7,7,7,6
5129,1,1,1,1,1,1,0,1,1,1,1,1,1,0,1,1,1,1,1,1,1
5130,0,0,0,0,0,0,0,0,0,0,0,0,0,0,0,0,0,0,0,0,0
5131,20,25,24,20,19,20,21,20,25,24,20,19,20,21,20,25,24,20,19,20,21
5132,9,9,9,8,7,6,7,9,9,10,8,7,6,7,9,9,9,8,7,6,7
5133,49,61,60,51,46,42,43,52,64,62,53,48,43,43,52,64,61,51,46,41,42
5134,36,36,34,32,28,24,31,34,33,32,31,27,25,32,36,36,37,36,31,28,36
5135,37,41,42,38,32,28,32,38,42,43,39,33,29,33,39,43,43,38,32,29,32
5136,1,1,1,1,1,1,1,1,1,1,1,1,1,1,1,1,1,1,1,1,1
5137,5,5,6,5,4,3,3,4,5,5,5,4,4,3,4,5,5,5,4,4,4
5138,8,8,8,7,6,6,7,8,8,8,7,6,6,7,8,8,8,7,6,6,7
5139,16,17,19,16,14,13,14,16,19,21,18,16,15,15,18,19,21,18,15,14,15
5140,2,2,2,1,1,1,2,2,2,2,1,1,1,2,2,2,2,1,1,1,2
5141,9,10,10,8,6,5,6,8,9,9,7,6,5,5,8,8,9,6,5,5,5
5142,1,1,1,1,1,1,1,1,1,1,1,1,1,1,1,1,1,1,1,1,1
5143,3,3,3,2,2,2,2,3,3,3,2,2,2,2,3,3,3,2,2,2,2
5144,6,7,4,3,4,4,5,6,7,4,3,4,4,5,6,7,4,3,4,4,5
5145,4,4,4,3,4,3,4,4,4,4,3,4,3,4,4,4,4,3,4,3,4
5146,2,2,2,1,2,1,1,2,2,2,1,2,1,1,2,2,2,1,2,1,1
5147,9,9,10,8,8,9,8,10,9,10,8,9,9,8,10,10,10,8,9,9,8
5148,0,0,0,1,0,0,0,0,0,0,1,0,0,0,0,0,0,1,0,0,0
5149,0,0,0,0,0,0,0,0,0,0,0,0,0,0,0,0,0,0,0,0,0
5150,0,0,0,0,0,0,0,0,0,0,0,0,0,0,0,0,0,0,0,0,0
5151,0,0,0,0,0,0,0,0,0,0,0,0,0,0,0,0,0,0,0,0,0
5152,0,0,0,0,0,0,0,0,0,0,0,0,0,0,0,0,0,0,0,0,0
5153,0,0,0,0,0,0,0,0,0,0,0,0,0,0,0,0,0,0,0,0,0
5154,0,0,0,0,0,0,0,0,0,0,0,0,0,0,0,0,0,0,0,0,0
5155,0,0,0,0,0,0,0,0,0,0,0,0,0,0,0,0,0,0,0,0,0
5156,0,0,0,0,0,0,0,0,0,0,0,0,0,0,0,0,0,0,0,0,0
5157,0,0,0,0,0,0,0,0,0,0,0,0,0,0,0,0,0,0,0,0,0
5158,0,0,0,0,0,0,0,0,0,0,0,0,0,0,0,0,0,0,0,0,0
5159,0,0,0,0,0,0,0,0,0,0,0,0,0,0,0,0,0,0,0,0,0
5160,0,0,0,0,0,0,0,0,0,0,0,0,0,0,0,0,0,0,0,0,0
5161,0,0,0,0,0,0,0,0,0,0,0,0,0,0,0,0,0,0,0,0,0
5162,0,0,0,0,0,0,0,0,0,0,0,0,0,0,0,1,1,1,1,1,1
5163,22,22,21,19,17,16,17,21,23,22,20,18,16,17,20,21,20,18,15,14,15
5164,9,11,11,11,9,8,7,9,11,11,11,9,8,7,9,11,11,11,9,8,7
5165,41,43,43,39,36,31,32,41,43,43,39,36,31,32,41,43,43,39,36,31,32
5166,10,12,13,12,11,9,8,10,12,13,12,11,9,8,10,12,13,12,11,9,8
5167,2,3,3,3,2,2,2,2,3,3,3,2,2,2,2,3,3,3,2,2,2
5168,2,2,2,2,2,2,1,2,2,2,2,2,2,1,2,2,2,2,2,2,1
5169,4,5,6,6,5,4,4,5,6,6,6,5,4,4,5,6,6,6,5,4,4
5170,0,0,0,0,0,0,0,0,0,0,0,0,0,0,0,0,0,0,0,0,0
5171,3,4,3,3,2,2,2,3,4,4,3,2,2,2,3,4,4,3,2,2,3
5172,4,4,6,5,4,2,2,4,4,6,5,4,2,2,4,4,6,5,4,2,2
5173,49,49,50,46,40,37,42,49,49,50,46,40,37,42,49,49,50,46,40,37,42
5174,130,122,137,150,129,98,104,130,122,137,150,129,98,104,130,122,137,150,129,98,104
5175,1,1,1,1,1,1,1,1,1,1,1,1,1,1,1,1,1,1,1,1,1
5176,0,0,0,0,0,0,0,0,0,0,0,0,0,0,0,0,0,0,0,0,0
5177,0,0,0,0,0,0,0,0,0,0,0,0,0,0,0,0,0,0,0,0,0
5178,1,1,1,1,1,1,1,1,1,1,1,1,1,1,1,1,1,1,1,1,1
5179,0,0,1,0,0,0,0,0,0,1,0,0,0,0,0,0,1,0,0,0,0
5180,3,2,3,3,3,2,2,3,2,3,2,3,2,2,3,2,3,2,3,2,2
5181,4,5,6,5,4,3,3,4,5,6,5,4,4,4,5,6,6,5,4,4,4
5182,0,0,0,0,0,0,0,0,0,0,0,0,0,0,0,0,0,0,0,0,0
5183,0,0,0,0,0,0,0,0,0,0,0,0,0,0,0,0,0,0,0,0,0
5184,11,11,12,11,11,9,7,11,11,12,11,11,9,7,11,11,12,11,11,9,7
5185,0,0,0,0,0,0,0,0,0,0,0,0,0,0,0,0,0,0,0,0,0
5186,0,0,0,0,0,0,0,0,0,0,0,0,0,0,0,0,0,0,0,0,0
5187,0,0,0,0,0,0,0,0,0,0,0,0,0,0,0,0,0,0,0,0,0
5188,0,0,0,0,0,0,0,0,0,0,0,0,0,0,0,0,0,0,0,0,0
5189,0,0,0,0,0,0,0,0,0,0,0,0,0,0,0,0,0,0,0,0,0
5190,0,0,0,0,0,0,0,0,0,0,0,0,0,0,0,0,0,0,0,0,0
5191,81,57,56,54,44,44,81,82,62,61,58,48,47,83,86,64,62,57,46,46,83
5192,0,0,0,0,0,0,0,0,0,0,0,0,0,0,0,0,0,0,0,0,0
5193,0,0,0,0,0,0,0,0,0,0,0,0,0,0,0,0,0,0,0,0,0
5194,0,0,0,0,0,0,0,0,0,0,0,0,0,0,0,0,0,0,0,0,0
5195,1,0,1,1,1,1,1,1,0,1,1,1,1,1,1,0,1,1,1,1,1
5196,5,5,6,6,6,5,4,5,5,6,6,6,5,4,5,5,6,6,6,5,5
5197,0,0,0,0,0,0,0,0,0,0,0,0,0,0,0,0,0,0,0,0,0
5198,0,0,0,0,0,0,0,0,0,0,0,0,0,0,0,0,0,0,0,0,0
5199,0,0,0,0,0,0,0,0,0,0,0,0,0,0,0,0,0,0,0,0,0
5200,0,0,0,0,0,0,0,0,0,0,0,0,0,0,0,0,0,0,0,0,0
5201,0,0,0,0,0,0,0,0,0,0,0,0,0,0,0,0,0,0,0,0,0
5202,0,0,0,0,0,0,0,0,0,0,0,0,0,0,0,0,0,0,0,0,0
5203,1,1,1,1,1,1,1,1,1,1,1,1,1,1,1,1,1,1,1,1,1
5204,0,0,0,0,0,0,0,0,0,0,0,0,0,0,0,0,0,0,0,0,0
5205,0,0,0,0,0,0,0,0,0,0,0,0,0,0,0,0,0,0,0,0,0
5206,2,2,2,2,2,2,1,2,2,2,2,2,2,1,2,2,2,2,2,2,2
5207,1,1,1,1,1,1,0,1,1,1,1,1,1,0,1,1,1,1,1,1,0
5208,2,2,3,2,2,2,2,2,2,3,2,2,2,2,2,2,3,2,2,2,2
5209,0,0,0,0,0,0,0,0,0,0,0,0,0,0,0,0,0,0,0,0,0
5210,0,0,0,0,0,0,0,0,0,0,0,0,0,0,0,0,0,0,0,0,0
5211,0,0,0,0,0,0,0,0,0,0,0,0,0,0,0,0,0,0,0,0,0
5212,0,0,0,0,0,0,0,0,0,0,0,0,0,0,0,0,0,0,0,0,0
5213,0,0,0,1,0,0,0,1,0,1,1,1,1,1,1,1,1,1,1,1,1
5214,0,0,0,0,0,0,0,0,0,0,0,0,0,0,0,0,0,0,0,0,0
5215,0,0,0,0,0,0,0,0,0,0,0,0,0,0,0,0,0,0,0,0,0
5216,0,0,0,0,0,0,0,0,0,0,0,0,0,0,0,0,0,0,0,0,0
5217,0,0,0,0,0,0,0,0,0,0,0,0,0,0,0,0,0,0,0,0,0
5218,0,0,0,0,0,0,0,0,0,0,0,0,0,0,0,0,0,0,0,0,0
5219,2,2,2,1,1,2,2,2,2,2,1,2,2,2,3,4,3,2,3,3,4
5220,0,0,0,0,0,0,0,0,0,0,0,0,0,0,0,0,0,0,0,0,0
5221,12,14,15,14,11,10,10,12,13,13,11,9,8,9,13,15,16,14,11,10,11
5222,15,17,12,7,5,4,5,7,10,11,9,7,5,5,8,10,11,9,7,6,7
5223,4,3,3,3,3,3,3,4,3,3,3,3,3,3,4,3,3,3,3,3,3
5224,0,0,0,0,0,0,0,0,0,0,0,0,0,0,0,0,0,0,0,0,0
5225,0,0,0,0,0,0,0,0,0,0,0,0,0,0,0,0,0,0,0,0,0
5226,0,0,0,0,0,0,0,0,0,0,0,0,0,0,0,0,0,0,0,0,0
5227,5,5,5,3,3,3,4,4,5,5,3,3,3,3,4,4,4,3,3,3,3
5228,0,1,1,1,1,0,0,0,1,1,1,1,0,0,0,1,1,1,1,0,0
5229,6,7,6,9,7,6,6,6,7,6,9,7,6,6,6,7,6,8,7,6,6
5230,9,9,8,5,4,7,7,9,9,8,5,4,7,7,9,9,8,5,4,7,7
5231,8,9,9,8,6,5,6,9,10,10,9,7,6,8,10,12,11,10,8,7,9
5232,0,0,0,0,0,0,0,0,0,0,0,0,0,0,0,0,0,0,0,0,0
5233,0,0,0,0,0,0,0,0,0,0,0,0,0,0,0,0,0,0,0,0,0
5234,0,0,0,0,0,0,0,0,0,0,0,0,0,0,0,0,0,0,0,0,0
5235,8,8,9,6,7,5,5,7,8,10,8,8,6,5,7,7,8,6,7,5,5
5236,9,10,9,8,8,7,8,9,10,9,8,8,7,8,9,10,9,8,8,7,8
5237,1,2,3,2,2,2,2,3,3,3,3,3,3,3,3,3,3,3,3,3,3
5238,2,1,1,1,1,1,1,2,1,1,1,1,1,1,2,1,1,1,1,1,1
5239,2,2,2,1,2,1,1,2,2,2,1,2,1,1,2,2,2,1,2,1,1
5240,39,43,46,38,29,29,34,39,43,46,38,29,29,34,39,43,46,38,29,29,34
5241,3,3,3,2,2,1,1,3,3,3,2,2,1,1,3,3,3,2,2,1,1
5242,23,26,27,26,19,17,19,23,27,29,26,19,18,19,23,25,27,25,19,17,19
5243,7,7,6,6,7,6,5,7,6,6,6,6,6,5,7,6,6,6,6,6,5
5244,7,8,8,8,7,5,5,7,7,8,8,7,5,5,7,8,8,8,6,5,5
5245,20,23,20,15,12,13,11,19,23,20,15,13,13,11,20,24,21,16,13,14,12
5246,3,5,5,5,4,2,2,3,5,5,5,4,2,2,3,5,5,5,4,2,2
5247,0,0,0,1,0,1,0,0,0,0,1,0,1,0,0,0,0,1,0,1,0
5248,3,3,2,5,7,7,4,3,3,2,5,7,7,4,3,3,2,5,7,7,4
5249,56,72,77,66,55,45,36,55,77,83,72,60,49,38,56,73,78,65,53,43,31
5250,1,2,2,2,1,1,1,1,2,2,2,1,1,1,1,2,2,2,1,1,1
5251,0,0,0,1,0,0,0,1,1,1,1,1,1,1,1,1,1,1,1,1,1
5252,0,0,0,0,0,0,0,0,0,0,0,0,0,0,0,0,0,0,0,0,0
5253,1,1,1,1,1,1,1,1,1,1,1,1,1,1,1,1,1,1,1,1,1
5254,0,0,0,0,0,0,0,0,0,0,0,0,0,0,0,0,0,0,0,0,0
5255,0,0,0,0,0,0,0,0,0,0,0,0,0,0,0,0,0,0,0,0,0
5256,0,0,0,0,0,0,0,0,0,0,0,0,0,0,0,0,0,0,0,0,0
5257,0,0,0,0,0,0,0,0,0,0,0,0,0,0,0,0,0,0,0,0,0
5258,0,0,0,0,0,0,0,0,0,0,0,0,0,0,0,0,0,0,0,0,0
5259,0,0,0,0,0,0,0,0,0,0,0,0,0,0,0,0,0,0,0,0,0
5260,0,0,0,0,0,0,0,0,0,0,0,0,0,0,0,0,0,0,0,0,0
5261,7,6,5,6,4,3,3,5,5,5,6,4,4,3,5,4,4,5,3,3,3
5262,28,30,29,28,25,24,26,32,41,41,38,33,30,31,36,40,38,35,30,28,30
5263,23,22,19,17,14,13,13,20,26,28,26,20,18,18,25,31,31,28,22,19,18
5264,0,0,0,0,0,0,0,0,0,0,0,0,0,0,0,0,0,0,0,0,0
5265,1,1,1,1,1,1,1,1,1,1,1,1,1,1,1,1,1,1,1,1,1
5266,41,46,46,40,33,31,34,41,46,46,40,33,31,34,41,46,46,40,33,31,34
5267,88,98,89,83,71,70,73,88,98,89,83,71,70,73,88,98,89,83,71,70,73
5268,59,56,53,44,39,39,44,56,54,52,43,39,39,43,56,54,52,43,39,39,44
5269,0,0,0,0,0,0,0,0,0,0,0,0,0,0,0,0,0,0,0,0,0
5270,2,2,2,2,2,2,2,2,2,2,3,2,2,2,2,2,2,2,2,2,2
5271,0,0,0,0,0,0,0,0,0,0,0,0,0,0,0,0,0,0,0,0,0
5272,0,0,0,0,0,0,0,0,0,0,0,0,0,0,0,0,0,0,0,0,0
5273,0,0,0,0,0,0,0,0,0,0,0,0,0,0,0,0,0,0,0,0,0
5274,0,0,0,0,0,0,0,0,0,0,0,0,0,0,0,0,0,0,0,0,0
5275,0,0,0,0,0,0,0,0,0,0,0,0,0,0,0,0,0,0,0,0,0
5276,0,0,0,0,0,0,0,0,0,0,0,0,0,0,0,0,0,0,0,0,0
5277,0,0,0,0,0,0,0,0,0,0,0,0,0,0,0,0,0,0,0,0,0
5278,8,9,9,9,8,6,7,9,10,10,9,7,6,6,8,10,10,10,8,7,7
5279,21,24,26,23,20,16,16,22,25,26,23,19,16,16,22,25,26,23,20,16,16
5280,17,20,20,16,12,9,10,14,20,24,22,16,11,11,14,17,17,15,12,10,10
5281,3,3,3,3,2,2,2,3,3,3,3,2,2,2,3,3,3,3,2,2,2
5282,16,19,19,16,12,10,11,15,20,23,20,15,12,12,15,17,18,15,13,11,12
5283,11,13,14,12,10,8,9,12,15,17,15,12,9,9,11,12,12,10,9,7,8
5284,3,4,4,4,3,3,3,3,4,4,3,3,3,3,4,4,4,4,4,3,4
5285,56,63,64,58,47,40,41,52,66,70,65,54,45,44,52,59,58,52,44,38,39
5286,10,11,11,9,8,7,7,10,11,12,10,9,7,7,9,10,10,9,8,7,7
5287,52,57,61,56,50,40,41,55,63,68,64,57,46,45,56,60,61,54,48,40,41
5288,75,85,89,83,71,61,62,74,90,93,86,73,62,63,73,85,88,80,69,59,61
5289,28,28,27,23,19,15,16,23,34,46,46,37,28,27,32,37,38,30,23,19,19
5290,26,28,26,22,19,15,17,22,30,34,31,27,21,21,25,28,27,24,20,16,17
5291,3,4,4,3,3,3,3,3,4,4,4,3,3,3,3,4,4,3,3,3,3
5292,25,27,26,21,17,14,15,20,26,30,28,23,18,18,22,24,25,21,18,15,15
5293,21,22,21,17,14,11,13,19,29,38,38,28,21,20,24,29,29,24,18,14,15
5294,10,10,10,9,7,6,7,12,17,21,19,14,12,11,13,13,12,10,7,7,7
5295,18,17,15,9,6,6,7,13,20,27,24,16,13,13,19,20,17,12,8,7,7
5296,21,20,17,12,10,8,10,18,26,30,26,19,15,15,21,23,22,16,12,9,10
5297,1,1,0,0,0,0,0,1,0,0,0,0,0,0,1,1,0,0,0,0,0
5298,6,7,8,9,8,6,5,6,7,8,9,8,6,5,6,7,8,9,8,6,5
5299,2,2,2,2,2,2,1,2,2,2,2,2,2,1,2,2,2,2,2,2,1
5300,2,2,2,3,2,2,2,2,2,2,3,2,2,2,2,2,2,3,2,2,2
5301,9,8,9,9,9,7,8,9,8,9,9,9,7,8,9,8,9,9,9,7,8
5302,0,1,0,1,0,0,0,0,1,0,1,0,0,0,0,1,0,1,0,0,0
5303,0,0,0,0,0,0,0,0,0,0,0,0,0,0,0,0,0,0,0,0,0
5304,0,0,0,0,0,0,0,0,0,0,0,0,0,0,0,0,0,0,0,0,0
5305,0,0,0,0,0,0,0,0,0,0,0,0,0,0,0,0,0,0,0,0,0
5306,1,0,0,0,0,0,0,0,0,0,0,0,0,0,1,0,0,0,0,0,0
5307,0,0,0,0,0,0,0,0,0,0,0,0,0,0,0,0,0,0,0,0,0
5308,0,0,0,0,0,0,0,0,0,0,0,0,0,0,0,0,0,0,0,0,0
5309,0,0,0,0,0,0,0,0,0,0,0,0,0,0,0,0,0,0,0,0,0
5310,0,0,0,0,1,1,1,0,0,0,0,1,1,1,0,0,0,0,1,1,1
5311,0,0,0,0,0,0,0,0,0,0,0,0,0,0,0,0,0,0,0,0,0
5312,1,2,2,2,2,1,1,1,2,2,2,2,1,1,1,2,2,2,2,1,1
5313,0,0,0,0,0,0,0,0,0,0,0,0,0,0,0,0,0,0,0,0,0
5314,0,0,0,0,0,0,0,0,0,0,0,0,0,0,0,0,0,0,0,0,0
5315,0,0,0,0,0,0,0,0,0,0,0,0,0,0,0,0,0,0,0,0,0
5316,2,2,3,2,2,2,2,2,2,3,2,2,2,2,2,2,3,2,2,2,2
5317,1,0,1,1,1,1,1,1,0,1,1,1,1,1,1,0,1,1,1,1,1
5318,4,3,3,2,2,2,2,2,2,2,2,2,2,2,2,2,2,2,2,2,2
5319,0,0,0,0,0,0,0,0,0,0,0,0,0,0,0,0,0,0,0,0,0
5320,0,0,0,0,0,0,0,0,0,0,0,0,0,0,0,0,0,0,0,0,0
5321,0,0,1,1,1,0,0,0,0,1,1,1,1,0,0,0,1,1,1,1,0
5322,0,0,0,0,0,0,0,0,0,0,0,0,0,0,0,0,0,0,0,0,0
5323,4,4,4,3,3,2,2,3,3,4,3,3,2,2,3,3,4,3,3,2,2
5324,3,3,3,2,2,2,2,3,3,3,2,2,2,2,3,3,3,2,2,2,2
5325,0,0,0,0,0,0,0,0,0,0,0,0,0,0,0,0,0,0,0,0,0
5326,0,0,0,0,0,0,0,0,0,0,0,0,0,0,0,0,0,0,0,0,0
5327,0,0,0,0,0,0,0,0,0,0,0,0,0,0,0,0,0,0,0,0,0
5328,0,0,0,0,0,0,0,0,0,0,0,0,0,0,0,0,0,0,0,0,0
5329,0,0,0,0,0,0,0,0,0,0,0,0,0,0,0,0,0,0,0,0,0
5330,1,1,1,2,2,1,1,1,1,1,2,2,1,1,1,1,1,2,2,1,1
5331,3,4,5,5,4,3,3,3,4,5,5,4,3,3,3,3,4,4,4,3,3
5332,1,1,0,0,1,1,1,1,1,0,0,1,1,1,1,1,0,0,1,1,1
5333,18,19,18,15,13,13,14,20,26,28,25,21,18,19,22,25,25,20,17,15,16
5334,9,10,9,7,6,5,6,9,14,17,17,15,13,13,16,19,18,14,10,8,9
5335,18,21,23,18,13,12,13,18,26,35,32,21,16,16,19,21,21,16,12,11,13
5336,0,1,1,1,0,0,0,0,0,0,0,0,0,0,0,0,0,0,0,0,0
5337,7,8,8,8,7,6,7,8,9,9,8,7,7,7,8,8,8,7,7,6,6
5338,0,0,0,0,0,0,0,0,0,0,0,0,0,0,0,0,0,0,0,0,0
5339,5,5,5,4,4,4,4,5,5,5,4,4,4,4,5,5,5,4,4,4,4
5340,5,5,4,4,3,3,3,4,4,4,3,3,3,3,4,3,3,3,2,3,3
5341,6,6,6,5,4,3,4,5,5,5,5,4,3,4,5,5,6,5,5,4,4
5342,0,0,0,0,0,0,0,0,0,0,0,0,0,0,0,0,0,0,0,0,0
5343,0,0,0,0,0,0,0,0,0,0,0,0,0,0,0,0,0,0,0,0,0
5344,0,1,0,1,1,1,0,0,1,0,1,1,1,0,0,1,0,1,1,1,0
5345,0,0,0,0,0,0,0,0,0,0,0,0,0,0,0,0,0,0,0,0,0
5346,0,0,0,0,0,0,0,0,0,0,0,0,0,0,0,0,0,0,0,0,0
5347,15,16,16,15,13,11,12,15,17,16,15,13,11,12,15,17,16,15,13,11,12
5348,2,3,2,2,2,2,2,3,2,2,2,2,2,2,2,2,2,2,2,2,2
5349,17,17,15,14,13,11,13,16,16,15,14,13,12,13,15,15,14,13,13,12,14
5350,30,26,20,20,19,20,23,33,35,30,29,27,26,28,37,36,28,25,22,22,24
5351,21,20,20,20,17,18,19,22,23,25,25,21,20,20,23,23,23,22,18,19,20
5352,71,72,67,57,51,48,55,67,72,70,61,55,51,57,69,73,69,58,52,49,55
5353,9,8,8,6,5,4,4,6,6,7,5,4,4,4,5,6,7,6,5,4,4
5354,65,69,69,61,54,50,57,68,75,73,64,57,52,58,69,74,71,61,54,49,55
5355,3,4,4,4,3,3,3,4,5,5,5,4,4,4,6,7,7,6,5,5,5
5356,8,7,7,7,6,6,6,7,7,8,7,6,6,6,7,7,7,7,6,6,6
5357,8,9,8,7,6,7,8,8,9,8,7,6,7,8,8,9,8,7,6,7,8
5358,2,3,2,2,1,1,2,2,3,2,2,1,1,2,2,3,2,2,1,1,2
5359,8,9,9,8,7,7,7,8,9,9,8,7,7,7,9,9,9,9,7,7,7
5360,21,22,23,19,17,15,16,21,23,24,21,18,16,16,20,21,21,18,16,15,15
5361,0,0,0,0,0,0,0,0,0,0,0,0,0,0,0,0,0,0,0,0,0
5362,0,0,0,0,0,0,0,0,0,0,0,0,0,0,0,0,0,0,0,0,0
5363,0,0,0,0,0,0,0,0,0,0,0,0,0,0,0,0,0,0,0,0,0
5364,30,30,28,24,22,20,22,27,31,33,29,26,24,24,29,31,30,27,24,22,23
5365,0,0,0,0,0,0,0,0,0,0,0,0,0,0,0,0,0,0,0,0,0
5366,0,0,0,0,0,0,0,0,0,0,0,0,0,0,0,0,0,0,0,0,0
5367,3,3,3,3,3,4,4,3,3,3,3,3,3,3,3,3,3,3,2,3,3
5368,1,1,1,1,1,1,1,1,1,1,1,1,1,1,1,1,1,1,1,1,1
5369,1,1,1,1,1,1,1,1,1,1,1,1,1,1,1,1,1,1,1,1,1
5370,2,2,2,2,2,2,2,3,3,3,3,2,2,2,3,3,3,3,2,2,2
5371,0,0,0,0,0,0,0,0,0,0,0,0,0,0,0,0,0,0,0,0,0
5372,1,1,0,0,0,0,0,1,1,0,1,0,0,0,1,1,0,0,0,0,0
5373,0,0,0,0,0,0,0,0,0,0,0,0,0,0,0,0,0,0,0,0,0
5374,1,1,1,1,1,1,1,1,1,1,1,1,1,1,1,1,1,1,1,1,1
5375,0,0,0,0,0,0,0,0,0,0,0,0,0,0,0,0,0,0,0,0,0
5376,0,0,0,0,0,0,0,0,0,0,0,0,0,0,0,0,0,0,0,0,0
5377,0,0,0,0,0,0,0,0,0,0,0,0,0,1,1,1,1,1,1,1,1
5378,0,0,0,0,0,0,0,0,0,0,0,0,0,0,0,0,0,0,0,0,0
5379,0,0,0,0,0,0,0,0,0,0,0,0,0,0,0,0,0,0,0,0,0
5380,0,0,0,0,0,0,0,0,0,0,0,0,0,0,0,0,0,0,0,0,0
5381,0,0,0,0,0,0,0,0,0,0,0,0,0,0,0,0,0,0,0,0,0
5382,0,0,0,0,0,0,0,0,0,0,0,0,0,0,0,0,0,0,0,0,0
5383,0,0,0,0,0,0,0,0,0,0,0,0,0,0,0,0,0,0,0,0,0
5384,0,0,0,0,0,0,0,0,0,0,0,0,0,0,0,0,0,0,0,0,0
5385,0,0,0,0,0,0,0,0,0,0,0,0,0,0,0,0,0,0,0,0,0
5386,0,0,0,0,0,0,0,0,0,0,0,0,0,0,0,0,0,0,0,0,0
5387,0,0,0,0,0,0,0,0,0,0,0,0,0,0,0,0,0,0,0,0,0
5388,0,0,0,0,0,0,0,0,0,0,0,0,0,0,0,0,0,0,0,0,0
5389,0,0,0,0,0,0,0,0,0,0,0,0,0,0,0,0,0,0,0,0,0
5390,0,0,0,0,0,0,0,0,0,0,0,0,0,0,0,0,0,0,0,0,0
5391,4,4,4,3,2,2,2,3,4,5,4,4,3,3,4,3,3,2,2,3,4
5392,0,0,0,0,0,0,0,0,0,0,0,0,0,0,0,0,0,0,0,0,0
5393,0,0,0,0,0,0,0,0,0,0,0,0,0,0,0,0,0,0,0,0,0
5394,0,0,0,0,0,0,0,0,0,0,0,0,0,0,0,0,0,0,0,0,0
5395,1,1,1,1,1,1,1,1,1,1,1,1,1,1,1,1,1,1,1,1,1
5396,0,0,0,0,0,0,0,1,1,1,1,1,1,1,1,1,1,1,1,1,1
5397,1,0,0,0,0,0,0,1,0,0,0,0,0,0,1,0,0,0,0,0,0
5398,1,1,2,1,1,1,1,2,2,2,2,2,1,1,1,1,1,1,1,1,1
5399,2,2,2,2,1,2,2,2,3,3,2,2,2,2,2,2,2,2,1,2,2
5400,1,1,1,1,1,1,1,1,1,1,1,1,1,1,1,1,1,1,1,1,1
5401,1,1,1,1,1,1,1,1,1,1,1,1,1,1,1,1,1,1,1,1,1
5402,0,0,0,0,0,0,1,0,0,0,0,0,0,0,0,0,0,0,0,0,1
5403,0,0,0,0,0,0,0,0,0,0,0,0,0,0,0,0,0,0,0,0,0
5404,0,0,0,0,0,0,0,0,0,0,0,0,0,0,0,0,0,0,0,0,0
5405,0,0,0,0,0,0,0,0,0,0,0,0,0,0,0,0,0,0,0,0,0
5406,0,0,0,0,0,0,0,0,0,0,0,0,0,0,0,0,0,0,0,0,0
5407,3,3,4,4,3,2,2,3,3,4,4,3,2,2,3,3,4,4,3,2,2
5408,0,0,0,0,0,0,0,0,0,0,0,0,0,0,0,0,0,0,0,0,0
5409,1,1,1,1,1,1,1,1,1,1,1,1,1,1,1,1,1,1,1,1,1
5410,2,2,2,2,1,1,2,2,2,2,2,2,1,2,2,1,1,1,1,1,2
5411,0,0,0,0,0,0,0,0,0,0,0,0,0,0,0,0,0,0,0,0,0
5412,0,0,0,0,0,0,0,0,0,0,0,0,0,0,0,0,0,0,0,0,0
5413,0,0,0,0,0,0,0,0,0,0,0,0,0,0,0,0,0,0,0,0,0
5414,0,0,0,0,0,0,0,0,0,0,0,0,0,0,0,0,0,0,0,0,0
5415,0,0,0,0,0,0,0,0,0,0,0,0,0,0,0,0,0,0,0,0,0
5416,4,3,3,3,3,3,3,4,4,4,3,3,3,3,4,4,4,3,3,3,3
5417,8,8,6,7,5,5,6,6,9,9,9,7,6,5,5,7,6,7,6,6,6
5418,1,1,1,1,1,1,1,1,1,1,1,1,1,1,1,1,1,1,1,1,1
5419,1,1,1,1,1,1,1,1,1,1,1,1,1,1,1,1,1,1,1,1,1
5420,0,0,0,0,0,0,0,0,0,0,0,0,0,0,0,0,0,0,0,0,0
5421,0,0,0,0,0,0,0,0,0,0,0,0,0,0,0,0,0,0,0,0,0
5422,4,3,3,3,3,3,3,4,3,3,3,3,3,3,4,3,3,3,3,3,3
5423,0,0,0,0,0,0,0,0,0,0,0,0,0,0,0,0,0,0,0,0,0
5424,12,12,12,11,9,7,7,9,11,11,10,8,7,7,10,12,13,12,10,9,9
5425,0,0,0,0,0,0,0,0,0,0,0,0,0,0,0,0,0,0,0,0,0
5426,1,1,2,2,2,2,1,1,1,2,2,2,2,1,1,1,2,2,2,2,1
5427,12,16,14,12,9,8,7,9,14,13,12,10,8,8,9,13,12,11,9,8,8
5428,1,2,2,2,1,1,1,2,2,2,2,1,1,1,2,2,2,2,1,1,1
5429,0,0,0,0,0,0,0,0,0,0,0,0,0,0,0,0,0,0,0,0,0
5430,0,0,0,0,0,0,0,0,0,0,0,0,0,0,0,0,0,0,0,0,0
5431,2,2,2,1,1,1,2,2,2,2,2,2,1,2,2,2,2,1,1,1,2
5432,0,0,0,0,0,0,0,0,0,0,0,0,0,0,0,0,0,0,0,0,0
5433,0,0,0,1,1,1,1,0,0,0,1,1,1,1,0,0,0,1,1,1,1
5434,0,0,0,0,0,0,0,0,0,0,0,0,0,0,0,0,0,0,0,0,0
5435,0,0,0,0,0,0,0,0,0,0,0,0,0,0,0,0,0,0,0,0,0
5436,0,0,0,0,0,0,0,0,0,0,0,0,0,0,0,0,0,0,0,0,0
5437,0,0,0,0,0,0,0,0,0,0,0,0,0,0,0,0,0,0,0,0,0
5438,0,0,0,0,0,0,0,0,0,0,0,0,0,0,0,0,0,0,0,0,0
5439,0,0,0,0,0,0,0,0,0,0,0,0,0,0,0,0,0,0,0,0,0
5440,0,0,0,0,0,0,0,0,0,0,0,0,0,0,0,0,0,0,0,0,0
5441,0,0,0,0,0,0,0,0,0,0,0,0,0,0,0,0,0,0,0,0,0
5442,1,1,1,1,1,1,1,1,1,1,1,1,1,1,1,1,1,1,1,1,2
5443,0,0,0,0,0,0,0,0,0,0,0,0,0,0,0,0,0,0,0,0,0
5444,0,0,0,0,0,0,0,0,0,0,0,0,0,0,0,0,0,0,0,0,0
5445,6,6,6,6,6,5,6,6,6,6,6,5,5,5,5,6,6,6,5,5,5
5446,0,0,0,0,0,0,0,0,0,0,0,0,0,0,1,1,1,1,0,1,1
5447,1,1,1,1,0,0,1,1,1,1,1,0,0,1,1,1,1,1,0,0,1
5448,0,0,0,0,0,0,0,0,0,0,0,0,0,0,0,0,0,0,0,0,0
5449,0,0,0,0,0,0,0,0,0,0,0,0,0,0,0,0,0,0,0,0,0
5450,3,3,3,2,2,2,2,3,3,3,2,2,2,2,3,3,3,2,2,2,2
5451,3,3,3,3,3,3,3,4,4,4,4,3,3,3,4,4,4,3,3,3,3
5452,0,0,0,0,0,0,0,0,0,0,0,0,0,0,0,0,0,0,0,0,0
5453,4,5,5,5,5,4,4,5,6,6,6,5,5,6,7,8,8,7,6,6,6
5454,6,7,7,7,6,6,5,6,7,7,7,7,6,5,6,7,7,7,6,6,5
5455,2,2,2,2,2,2,2,3,3,2,2,2,2,3,3,3,3,2,2,2,2
5456,3,3,3,3,3,3,3,4,4,4,3,3,3,3,4,4,4,4,3,3,4
5457,1,1,1,1,1,1,1,1,1,1,1,1,1,1,1,2,1,1,1,1,2
5458,0,0,0,0,0,0,0,0,0,0,0,0,0,0,0,0,0,0,0,0,0
5459,0,0,0,0,0,0,0,0,0,0,0,0,0,0,0,0,0,0,0,0,0
5460,0,0,1,0,0,0,0,0,1,1,1,0,0,0,0,1,1,1,0,0,0
5461,0,0,0,0,0,0,0,0,0,0,0,0,0,0,0,0,0,0,0,0,0
5462,0,0,0,0,0,0,0,0,0,0,0,0,0,0,0,0,0,0,0,0,0
5463,6,6,6,6,7,6,7,6,6,6,6,7,6,7,6,6,6,6,7,6,7
5464,10,11,10,8,4,5,6,10,11,10,8,4,5,6,10,11,10,8,4,5,6
5465,0,0,0,0,0,0,0,0,0,0,0,0,0,0,0,0,0,0,0,0,0
5466,0,0,0,0,0,0,0,0,0,0,0,0,0,0,0,0,0,0,0,0,0
5467,0,0,0,0,0,0,0,0,0,0,0,0,0,0,0,0,0,0,0,0,0
5468,17,17,15,16,14,11,12,17,17,15,16,14,11,12,17,17,15,16,14,11,12
5469,0,0,1,1,1,1,0,0,0,1,1,1,1,0,0,0,1,1,1,1,0
5470,0,0,0,0,0,0,0,0,0,0,0,0,0,0,0,0,0,0,0,0,0
5471,0,0,1,0,0,0,0,0,0,1,0,0,0,0,0,0,1,1,0,0,1
5472,0,0,0,0,0,0,0,0,0,0,0,0,0,0,0,0,0,0,0,0,0
5473,1,1,1,1,0,0,0,1,1,1,1,0,0,0,1,1,1,1,0,0,0
5474,4,5,5,4,3,3,3,4,5,5,4,3,3,3,4,5,5,4,3,3,3
5475,0,0,0,0,0,0,0,0,0,0,0,0,0,0,0,0,0,0,0,0,0
5476,2,3,3,3,2,2,2,2,3,3,3,2,2,2,2,3,3,3,2,2,2
5477,0,0,0,0,0,0,0,0,0,0,0,0,0,0,0,0,0,0,0,0,0
5478,0,0,0,0,0,0,0,0,0,0,0,0,0,0,0,0,0,0,0,0,0
5479,11,9,10,10,8,8,9,11,9,10,10,8,8,9,10,9,10,10,8,8,9
5480,26,28,29,24,20,19,20,26,28,29,24,20,19,20,26,28,29,24,20,19,20
5481,7,7,7,6,6,5,6,7,7,7,6,6,5,6,7,7,7,6,6,5,6
5482,11,11,13,12,10,8,8,10,11,12,11,9,7,7,9,10,11,11,9,7,7
5483,1,2,2,1,1,1,1,1,2,2,1,1,1,1,1,2,2,1,1,1,1
5484,23,24,27,26,23,22,21,23,26,28,26,23,22,22,25,27,28,26,23,22,21
5485,1,1,1,2,1,1,1,1,1,1,2,1,1,1,1,2,1,2,1,1,1
5486,2,2,2,2,2,2,1,1,1,1,2,2,2,1,2,2,2,2,2,2,1
5487,0,0,0,0,0,0,0,0,0,0,0,0,0,0,0,0,0,0,0,0,0
5488,1,1,1,1,1,1,1,1,1,1,1,1,1,1,1,1,1,1,1,1,1
5489,0,0,0,0,0,0,0,0,0,0,0,0,0,0,0,0,0,0,0,0,0
5490,0,0,0,0,0,0,0,0,0,0,0,0,0,0,0,0,0,0,0,0,0
5491,0,0,0,0,0,0,0,0,0,0,0,0,0,0,0,0,0,0,0,0,0
5492,0,0,0,0,0,0,0,0,0,0,0,0,0,0,0,0,0,0,0,0,0
5493,3,4,3,3,3,2,2,3,4,3,3,3,2,3,4,4,4,3,3,3,3
5494,7,7,6,5,4,3,4,5,6,6,5,4,4,4,5,5,5,4,4,3,3
5495,1,1,1,1,1,1,1,1,1,1,1,1,1,1,1,1,1,1,1,1,1
5496,4,4,4,4,4,4,4,4,4,4,4,4,3,3,4,5,5,5,4,4,4
5497,56,62,63,59,51,45,46,55,62,64,60,51,45,45,54,60,62,58,50,44,45
5498,8,10,11,8,7,5,6,8,10,11,8,7,5,6,8,10,11,8,7,5,6
5499,4,5,5,4,4,3,4,4,5,5,4,4,3,4,4,5,5,4,4,3,4
5500,5,6,7,6,5,4,4,5,6,7,6,5,4,4,5,6,7,6,5,4,4
5501,25,28,30,28,25,22,23,27,30,32,30,26,23,23,28,31,32,29,26,23,23
5502,4,5,5,5,5,4,4,5,5,5,5,5,4,4,5,5,5,5,5,4,4
5503,19,22,24,22,19,16,17,19,22,24,22,19,16,17,19,22,24,22,19,16,17
5504,25,29,31,26,22,19,19,25,29,31,26,22,19,19,25,29,31,26,22,19,19
5505,12,14,15,14,12,11,11,13,14,15,14,12,11,11,12,14,15,14,12,11,11
5506,4,4,5,5,5,4,3,4,4,5,5,5,4,3,4,4,5,5,5,4,3
5507,5,5,5,6,6,6,5,5,5,5,6,6,6,5,5,5,5,6,6,6,5
5508,4,5,6,6,6,5,5,6,7,7,7,7,6,6,7,8,8,7,6,6,6
5509,2,3,3,3,3,2,2,2,3,3,3,3,2,2,2,3,3,3,3,2,2
5510,4,4,4,4,4,3,3,4,4,4,4,4,3,3,4,4,4,4,4,3,3
5511,0,0,0,0,0,0,0,0,0,0,0,0,0,0,0,0,0,0,0,0,0
5512,0,0,0,0,0,0,0,0,0,0,0,0,0,0,0,0,0,0,0,0,0
5513,0,0,0,0,0,0,0,0,0,0,0,0,0,0,0,0,0,0,0,0,0
5514,0,0,0,0,0,0,0,0,0,0,0,0,0,0,0,0,0,0,0,0,0
5515,0,0,0,0,0,0,0,0,0,0,0,0,0,0,0,1,1,1,1,1,1
5516,0,0,0,0,0,0,0,0,0,0,0,0,0,0,0,0,0,0,0,0,0
5517,0,0,0,0,0,0,0,0,0,0,0,0,0,0,0,0,0,0,0,0,0
5518,1,1,1,1,1,1,1,1,1,1,1,1,1,1,1,1,1,1,1,1,1
5519,1,1,1,1,1,1,1,1,1,1,1,1,1,1,1,1,1,1,1,1,1
5520,10,10,9,6,6,6,8,10,10,9,6,6,6,8,11,11,9,6,6,6,7
5521,0,0,0,0,0,0,0,0,0,0,0,0,0,0,0,0,0,0,0,0,0
5522,7,9,9,9,7,5,5,7,9,9,9,7,5,5,6,9,9,9,7,4,5
5523,4,4,4,3,3,2,4,4,4,4,3,3,2,4,4,4,4,3,3,2,4
5524,0,0,0,0,0,0,0,0,0,0,0,0,0,0,0,0,0,0,0,0,0
5525,15,14,13,11,9,10,10,15,14,13,11,9,10,10,15,14,13,11,9,10,10
5526,0,0,0,0,0,0,0,0,0,0,0,0,0,0,0,0,0,0,0,0,0
5527,3,5,6,7,4,2,1,3,5,6,7,4,2,1,3,5,5,7,4,1,1
5528,0,0,0,0,0,0,0,0,0,0,0,0,0,0,0,0,0,0,0,0,0
5529,1,1,1,2,2,2,1,1,1,1,2,2,2,1,1,1,1,2,2,2,1
5530,2,3,2,3,2,2,2,2,3,2,3,2,2,2,2,3,2,3,2,2,2
5531,0,0,0,0,0,0,0,0,0,0,0,0,0,0,0,0,0,0,0,0,0
5532,0,0,0,0,0,0,0,0,0,0,0,0,0,0,0,0,0,0,0,0,0
5533,0,0,0,0,0,0,0,0,0,0,0,0,0,0,0,0,0,0,0,0,0
5534,0,0,0,0,0,0,0,0,0,0,0,0,0,0,0,0,0,0,0,0,0
5535,0,0,0,0,0,0,0,0,0,0,0,0,0,0,0,0,0,0,0,0,0
5536,3,3,3,3,2,2,2,3,3,3,3,2,2,2,3,3,3,3,2,2,2
5537,4,7,7,6,3,3,3,4,7,7,6,3,3,2,4,7,7,6,3,3,3
5538,25,26,25,24,20,19,20,26,31,32,31,27,26,26,32,34,31,28,23,22,22
5539,3,3,3,3,3,2,2,3,3,3,3,3,2,2,3,3,3,3,3,2,2
5540,3,3,3,3,2,2,2,3,3,3,3,2,2,2,3,3,3,3,2,2,2
5541,1,1,1,1,1,1,1,1,0,1,1,1,1,1,1,1,1,1,1,1,1
5542,0,1,1,1,1,1,1,1,1,1,1,1,1,1,1,1,1,1,1,1,1
5543,3,3,3,3,2,2,2,3,3,3,3,2,2,2,3,3,3,3,2,2,2
5544,22,23,22,21,19,17,18,21,21,21,20,18,17,18,21,22,22,21,18,17,18
5545,1,1,2,1,1,1,1,1,1,2,2,1,1,1,1,2,2,2,1,1,1
5546,0,0,0,0,0,0,0,0,0,0,0,0,0,0,0,0,0,0,0,0,0
5547,0,0,0,0,0,0,0,0,0,0,0,0,0,0,0,0,0,0,0,0,0
5548,6,6,5,5,4,4,4,5,5,5,4,4,4,4,5,5,5,5,4,4,5
5549,3,3,3,3,4,4,2,3,4,3,3,4,4,2,3,3,3,3,3,3,2
5550,1,1,1,1,1,1,1,1,1,1,1,1,1,1,1,1,1,1,1,1,1
5551,3,3,2,3,2,2,2,3,3,2,3,2,2,2,3,3,2,3,2,2,2
5552,4,4,4,3,2,3,3,4,4,4,3,3,3,3,4,4,4,3,3,3,4
5553,10,9,8,7,6,6,7,9,10,10,10,8,8,9,11,11,10,9,8,8,9
5554,3,2,2,2,2,2,2,2,2,2,2,2,2,2,2,2,2,2,2,2,2
5555,23,21,16,14,13,11,13,18,18,16,14,13,11,14,18,18,16,15,13,12,14
5556,1,1,1,1,1,1,1,1,1,1,1,1,1,1,1,1,2,1,1,1,1
5557,1,1,1,1,1,1,0,1,1,1,1,1,1,0,1,1,1,1,1,1,0
5558,1,1,1,1,1,1,1,1,1,1,1,1,1,1,1,1,1,1,1,1,1
5559,0,0,0,0,0,0,0,0,0,0,0,0,0,0,1,1,0,0,0,0,0
5560,0,0,0,0,0,0,0,0,0,0,0,0,0,0,0,0,0,0,0,0,0
5561,0,0,0,0,0,0,0,0,0,0,0,0,0,0,0,0,0,0,0,0,0
5562,0,0,0,0,0,0,0,0,0,0,0,0,0,0,0,0,0,0,0,0,0
5563,0,0,0,0,0,0,0,0,0,0,0,0,0,0,0,0,0,0,0,0,0
5564,0,0,0,0,0,0,0,0,0,0,0,0,0,0,0,0,0,0,0,0,0
5565,0,0,0,0,0,0,0,0,0,0,0,0,0,0,0,0,0,0,0,0,0
5566,0,0,0,0,0,0,0,0,0,0,0,0,0,0,0,0,0,0,0,0,0
5567,0,0,0,0,0,0,0,0,0,0,0,0,0,0,0,0,0,0,0,0,0
5568,0,0,0,0,0,0,0,0,0,0,0,0,0,0,0,0,0,0,0,0,0
5569,1,1,1,1,1,1,1,1,1,1,1,1,1,1,1,1,1,1,1,1,1
5570,0,0,0,0,0,0,0,0,0,0,0,0,0,0,0,0,0,0,0,0,0
5571,0,0,0,0,0,0,0,0,0,0,0,0,0,0,0,0,0,0,0,0,0
5572,0,0,0,0,0,0,0,0,0,0,0,0,0,0,0,0,0,0,0,0,0
5573,1,0,0,1,0,0,0,1,0,0,1,0,0,1,1,0,0,1,0,0,1
5574,0,0,0,0,0,0,0,0,0,0,0,0,0,0,0,1,1,1,1,1,1
5575,0,0,0,0,0,0,0,0,0,0,0,0,0,0,0,0,0,0,0,0,0
5576,0,0,0,0,0,0,0,0,0,0,0,0,0,0,0,0,0,0,0,0,0
5577,9,9,10,8,9,6,8,9,9,10,8,9,6,8,9,9,10,8,9,6,8
5578,14,14,14,14,13,12,12,14,14,14,14,13,12,12,14,14,14,14,13,12,12
5579,0,0,0,0,0,0,0,0,0,0,0,0,0,0,0,0,0,0,0,0,0
5580,9,7,5,7,6,8,9,9,7,5,7,6,8,9,9,7,5,7,6,8,9
5581,0,0,0,0,0,0,0,0,0,0,0,0,1,1,1,1,1,2,2,2,2
5582,0,0,0,0,0,0,0,0,0,0,0,0,0,0,0,0,0,0,0,0,0
5583,0,0,0,0,0,0,0,0,0,0,0,0,0,0,0,0,0,0,0,0,0
5584,1,1,1,1,1,1,1,1,1,1,1,1,1,1,1,1,1,1,1,1,1
5585,1,0,0,0,0,0,1,1,1,1,0,0,0,1,1,1,1,0,0,0,1
5586,0,0,0,0,0,0,0,0,0,0,0,0,0,0,0,0,0,0,0,0,0
5587,1,1,0,0,0,0,1,1,1,1,0,0,0,1,1,1,1,0,0,0,1
5588,0,0,0,0,0,0,0,0,0,0,0,0,0,0,0,0,0,0,0,0,0
5589,4,4,5,5,4,4,4,4,4,5,5,4,4,4,4,4,5,5,4,4,4
5590,3,4,4,4,3,3,4,5,5,4,4,3,3,3,4,4,3,3,2,2,3
5591,0,0,0,0,0,0,0,0,0,0,0,0,0,0,0,0,0,0,0,0,0
5592,0,0,0,0,0,0,0,0,0,0,0,0,0,0,0,0,0,0,0,0,0
5593,0,0,0,0,0,0,0,0,0,0,0,0,0,0,0,0,0,0,0,0,0
5594,0,0,0,0,0,0,0,0,0,0,0,0,0,0,0,0,0,0,0,0,0
5595,0,0,0,0,0,0,0,0,0,0,0,0,0,0,0,0,0,0,0,0,0
5596,0,0,0,0,0,0,0,0,0,0,0,0,0,0,0,0,0,0,0,0,0
5597,5,5,4,4,4,4,5,5,5,4,4,4,4,5,5,5,4,4,4,4,5
5598,4,5,4,4,3,3,3,3,4,4,4,3,3,3,4,5,4,4,4,3,3
5599,0,0,0,0,0,0,0,0,0,0,0,0,0,0,0,0,0,0,0,0,0
5600,1,1,1,1,1,1,1,1,1,1,1,1,1,1,1,2,1,1,1,1,1
5601,1,1,1,1,1,1,1,1,1,1,1,1,1,1,1,1,1,1,1,1,1
5602,4,5,5,5,5,4,4,4,4,4,4,4,4,4,4,4,4,4,3,3,4
5603,0,0,0,0,0,0,0,0,0,0,0,0,0,0,0,0,0,0,0,0,0
5604,3,3,3,3,2,2,2,3,3,3,3,2,2,2,3,4,4,3,3,3,3
5605,0,0,0,0,0,0,0,0,0,0,0,0,0,0,0,0,0,0,0,0,0
5606,1,1,1,1,1,1,1,1,1,1,1,1,1,1,1,1,1,1,1,1,1
5607,4,3,4,4,3,2,3,3,3,4,4,3,2,3,3,3,4,4,3,3,3
5608,0,0,0,0,0,0,0,0,0,0,0,0,0,0,0,0,0,0,0,0,0
5609,0,0,0,0,0,0,0,0,0,0,0,0,0,0,0,0,0,0,0,0,0
5610,0,0,0,0,0,0,0,0,0,0,0,0,0,0,0,0,0,0,0,0,0
5611,51,50,50,45,44,40,39,51,50,50,45,44,40,39,51,50,50,45,44,40,39
5612,3,3,3,3,2,1,1,2,3,3,3,2,1,1,2,3,3,3,2,1,2
5613,1,1,1,1,1,1,1,1,1,1,1,1,1,1,1,1,1,1,1,1,1
5614,0,0,0,0,0,0,0,0,0,0,0,0,0,0,0,0,0,0,0,0,0
5615,0,0,0,0,0,0,0,0,0,0,0,0,0,0,0,0,0,0,0,0,0
5616,0,0,0,0,0,0,0,0,0,0,0,0,0,0,0,0,0,0,0,0,0
5617,22,24,26,20,16,16,16,22,25,28,23,19,18,18,25,25,26,19,17,16,16
5618,2,3,3,3,2,2,2,3,3,3,3,2,2,2,3,3,2,2,2,2,2
5619,50,65,56,50,35,20,23,54,76,72,65,48,30,30,56,71,60,52,37,22,24
5620,12,24,20,19,8,7,5,12,24,20,19,8,7,5,12,24,20,19,8,7,5
5621,72,91,84,70,50,36,38,67,93,93,79,57,40,41,66,86,83,72,54,40,43
5622,5,7,8,7,5,6,5,5,7,8,7,6,6,5,5,7,8,7,5,6,5
5623,7,7,8,7,6,6,6,7,7,7,7,6,5,6,7,8,8,8,6,6,6
5624,8,8,8,8,7,8,7,8,8,8,8,7,8,7,8,8,8,8,7,8,7
5625,1,1,1,1,1,1,1,1,1,1,1,1,1,1,1,1,1,1,1,1,1
5626,0,0,0,0,0,0,0,0,0,0,0,0,0,0,0,0,0,0,0,0,0
5627,0,0,0,0,0,0,0,0,0,0,0,0,0,0,0,0,0,0,0,0,0
5628,77,77,74,66,58,59,68,77,77,73,65,57,58,68,76,75,71,63,55,57,66
5629,6,5,5,4,4,4,4,6,5,5,4,4,4,4,6,5,5,4,4,4,4
5630,2,2,2,2,2,2,2,2,2,2,2,2,2,2,2,2,2,2,2,2,2
5631,1,1,1,1,1,0,1,1,1,1,1,1,0,1,1,1,1,1,1,0,1
5632,8,11,13,16,16,10,8,7,10,13,16,16,10,8,8,11,14,18,18,11,9
5633,0,0,0,0,0,0,0,0,0,0,0,0,0,0,0,0,0,0,0,0,0
5634,0,0,0,0,0,0,0,0,0,0,0,0,0,0,0,0,0,0,0,0,0
5635,1,1,1,1,1,1,1,1,1,1,1,1,1,1,1,1,1,1,1,1,1
5636,0,0,0,0,0,0,0,0,0,0,0,0,0,0,0,0,0,0,0,0,0
5637,0,0,0,0,0,0,0,0,0,0,0,0,0,0,0,0,0,0,0,0,0
5638,16,19,18,15,13,12,13,16,19,19,17,15,14,14,17,19,18,15,13,12,13
5639,1,1,1,1,1,1,1,1,1,1,1,1,1,1,1,1,2,1,1,1,1
5640,1,1,1,1,1,1,1,1,1,1,1,1,1,1,1,1,1,1,1,1,1
5641,7,10,9,10,10,8,7,7,10,9,10,10,8,7,8,10,9,10,10,8,7
5642,2,3,3,3,3,2,2,2,3,3,3,3,2,2,2,3,3,3,3,2,2
5643,1,1,1,0,0,0,0,1,1,1,0,0,0,0,1,1,1,0,0,0,0
5644,0,0,0,0,0,0,0,0,0,0,0,0,0,0,0,0,0,0,0,0,0
5645,1,1,1,1,1,1,1,1,1,1,1,1,1,1,1,1,1,1,1,1,1
5646,0,0,0,0,0,0,0,0,0,0,0,0,0,0,0,0,0,0,0,0,0
5647,0,0,0,0,0,0,0,0,0,0,0,0,0,0,0,0,0,0,0,0,0
5648,2,2,2,2,1,1,2,2,2,2,1,1,1,1,2,2,1,1,1,1,1
5649,4,4,4,4,3,3,3,4,4,4,4,3,3,3,4,4,4,4,3,3,4
5650,7,7,7,6,5,5,6,7,8,7,7,6,5,5,6,7,7,6,5,5,6
5651,0,1,0,0,0,0,0,0,1,0,0,0,0,0,0,1,0,0,0,0,0
5652,1,1,1,1,1,1,1,1,1,1,1,1,1,1,1,1,1,1,1,1,1
5653,0,0,0,0,0,0,0,0,0,0,0,0,0,0,0,0,0,0,0,0,0
5654,0,0,0,0,0,0,0,0,0,0,0,0,0,0,0,0,0,0,0,0,0
5655,5,6,6,5,5,6,6,5,6,6,5,5,6,6,5,6,6,5,5,6,6
5656,3,3,3,3,3,2,2,2,3,3,3,3,2,2,2,3,3,3,3,2,2
5657,1,0,1,1,1,1,1,1,0,1,1,1,1,1,1,0,1,1,1,1,1
5658,18,20,22,22,19,16,14,17,20,22,22,19,16,14,17,20,22,22,19,16,14
5659,23,26,28,30,26,22,20,23,26,28,30,26,22,20,23,26,28,30,26,22,20
5660,0,0,0,0,0,0,0,0,0,0,0,0,0,0,0,0,0,0,0,0,0
5661,1,0,1,1,2,1,1,1,0,1,1,2,1,1,1,0,1,1,2,1,1
5662,24,29,31,27,24,21,23,24,29,31,27,24,21,23,24,29,31,27,24,21,23
5663,5,6,6,5,5,4,4,5,6,6,5,5,4,4,5,6,6,5,5,4,4
5664,6,8,8,9,8,5,4,6,8,8,9,8,5,4,6,8,8,9,8,5,4
5665,1,1,1,1,1,1,1,1,1,1,1,1,1,1,1,1,1,1,1,1,1
5666,0,1,1,1,0,0,0,0,1,1,1,0,0,0,0,1,1,1,0,0,0
5667,0,0,0,0,0,0,0,0,0,0,0,0,0,0,0,0,0,0,0,0,0
5668,1,1,1,1,1,1,0,1,1,1,1,1,1,0,1,1,1,1,1,1,0
5669,1,1,1,1,1,1,1,1,1,1,1,1,1,1,1,1,1,1,1,1,1
5670,12,13,13,11,8,8,11,15,18,18,15,12,11,12,16,18,16,12,10,10,12
5671,86,78,78,79,71,71,81,94,96,91,86,78,70,80,103,112,119,113,103,99,115
5672,3,7,8,7,6,6,9,12,12,8,5,4,4,6,9,11,9,6,4,5,8
5673,22,24,23,22,19,19,20,24,24,22,20,18,18,20,25,27,26,23,20,20,23
5674,11,15,16,14,11,13,15,20,24,25,21,16,17,20,26,25,23,17,13,14,17
5675,2,1,1,0,1,1,1,2,1,1,1,1,1,2,2,2,2,1,1,2,2
5676,1,1,1,1,1,1,0,1,1,1,1,1,1,0,1,1,1,1,1,1,0
5677,1,1,2,2,2,1,1,1,1,2,3,2,2,1,2,2,3,4,3,3,2
5678,9,9,8,7,4,4,6,9,9,8,7,4,4,6,9,9,8,7,4,4,6
5679,0,0,0,0,0,0,0,0,0,0,0,0,0,0,0,0,0,0,0,0,0
5680,8,8,7,7,4,4,6,8,8,7,7,4,4,6,8,8,7,7,4,4,6
5681,2,2,1,0,1,1,1,2,2,1,0,1,1,1,2,2,1,0,1,1,1
5682,0,0,0,0,0,0,0,0,0,0,0,0,0,0,0,0,0,0,0,0,0
5683,16,18,18,16,13,11,11,15,19,20,18,16,13,13,15,15,16,14,12,11,11
5684,0,0,0,0,0,0,0,0,0,0,0,0,0,0,0,0,0,0,0,0,0
5685,0,0,0,0,0,0,0,0,0,0,0,0,0,0,0,0,0,0,0,0,0
5686,2,2,2,2,2,2,2,2,2,2,2,2,2,2,2,3,2,3,2,2,2
5687,0,0,0,0,0,0,0,0,0,0,0,0,0,0,0,0,0,0,0,0,0
5688,1,1,1,1,1,1,1,1,1,1,1,1,1,1,1,1,1,1,1,1,1
5689,0,0,0,0,0,0,0,0,0,0,0,0,0,0,0,0,0,0,0,0,0
5690,1,1,1,1,1,1,1,1,1,1,1,1,1,1,1,1,1,1,1,1,1
5691,32,33,32,28,26,22,24,31,38,39,35,31,26,26,30,34,34,30,27,22,23
5692,30,31,31,29,25,23,23,28,30,31,27,23,20,19,23,24,25,22,19,17,18
5693,5,7,6,5,5,4,4,4,6,6,5,4,4,4,4,6,6,5,4,4,4
5694,46,48,50,47,42,38,39,48,53,53,48,40,34,34,41,46,48,44,38,32,33
5695,1,1,1,1,1,1,0,1,1,1,1,1,1,0,1,1,1,1,1,1,0
5696,63,83,82,60,53,47,49,64,89,90,65,57,49,51,62,83,81,58,51,45,48
5697,0,0,0,0,0,0,0,0,0,0,0,0,0,0,0,0,0,0,0,0,0
5698,2,2,3,2,2,2,1,2,2,2,2,2,2,2,2,2,3,2,2,2,2
5699,1,1,1,1,1,1,1,1,1,1,1,1,1,1,1,1,1,1,1,1,1
5700,0,0,0,0,0,0,0,0,0,0,0,0,0,0,0,0,0,0,0,0,0
5701,0,0,0,0,0,0,0,0,0,0,0,0,0,0,0,0,0,0,0,0,0
5702,0,0,0,0,0,0,0,0,0,0,0,0,0,0,0,0,0,0,0,0,0
5703,4,4,5,5,5,4,4,5,6,5,5,4,4,4,5,5,4,4,4,3,3
5704,8,8,8,8,8,7,6,7,8,8,8,8,7,6,7,8,8,8,8,7,6
5705,17,16,14,12,10,9,9,11,12,12,12,11,10,10,12,12,12,12,10,9,10
5706,1,1,1,1,1,1,1,1,2,1,1,1,1,1,2,2,2,1,1,1,1
5707,2,2,2,2,2,2,2,2,3,2,2,2,2,2,3,3,2,2,2,2,2
5708,1,2,2,2,2,1,1,2,2,2,2,2,2,2,2,2,2,2,2,2,2
5709,1,1,3,3,3,1,1,1,1,3,3,3,1,1,2,2,4,3,3,2,2
5710,0,1,1,1,1,1,1,1,1,1,1,1,1,1,1,1,1,1,1,1,1
5711,31,32,25,20,14,19,28,31,32,25,20,14,19,28,31,32,25,20,14,19,28
5712,23,29,22,26,22,23,13,23,29,22,26,22,23,13,23,29,22,26,22,23,13
5713,1,1,2,1,1,1,1,1,1,2,1,1,1,1,1,1,2,1,1,1,1
5714,0,0,0,0,0,0,0,0,0,0,0,0,0,0,0,0,0,0,0,0,0
5715,5,6,6,5,5,4,4,5,6,6,5,5,4,4,5,6,6,5,5,4,4
5716,4,3,3,3,3,2,2,4,3,3,3,3,2,2,4,3,4,3,3,2,3
5717,5,4,4,3,3,3,3,3,3,3,3,3,3,3,3,3,3,2,2,2,3
5718,25,22,22,20,20,19,20,25,22,22,20,19,19,19,24,21,21,19,19,18,19
5719,98,121,128,106,131,78,76,98,121,128,106,131,78,76,98,121,128,106,131,78,76
5720,0,0,0,0,0,0,0,1,1,0,0,0,0,1,1,1,1,1,1,1,1
5721,0,0,0,0,0,0,0,0,0,0,0,0,0,0,0,0,0,0,0,0,0
5722,0,0,0,0,0,0,0,0,0,0,0,0,0,0,0,0,0,0,0,0,0
5723,0,0,0,0,0,0,0,0,0,0,0,0,0,0,0,0,0,0,0,0,0
5724,0,0,0,0,0,0,1,0,0,0,0,0,0,1,0,0,0,0,0,0,1
5725,2,2,2,2,2,2,2,2,2,2,2,2,2,2,2,2,2,2,2,2,2
5726,0,0,0,0,0,0,0,0,0,0,0,0,0,0,0,0,0,0,0,0,0
5727,0,0,0,0,0,0,0,0,0,0,0,0,0,0,0,0,0,0,0,0,0
5728,1,1,0,1,1,1,1,1,1,0,1,1,1,1,1,1,0,1,1,1,1
5729,7,7,7,7,6,5,5,7,8,7,7,6,5,6,7,8,8,7,6,5,6
5730,13,13,11,9,7,7,8,10,11,11,9,7,7,8,10,11,11,10,8,8,9
5731,7,7,8,7,6,6,6,7,7,8,7,6,6,6,7,7,7,7,6,6,6
5732,7,8,9,11,10,9,6,7,8,9,11,10,9,6,7,8,9,11,10,9,6
5733,1,1,1,1,1,1,1,1,1,1,1,1,1,1,1,1,1,1,1,1,1
5734,0,0,0,0,0,0,0,0,0,0,0,0,0,0,0,0,0,0,0,0,0
5735,9,11,11,9,7,6,7,9,15,20,19,15,12,13,16,21,20,15,12,10,11
5736,4,5,5,5,4,4,4,4,5,5,5,5,4,4,5,5,5,5,5,4,4
5737,1,1,1,1,1,0,1,1,1,1,1,1,0,1,1,1,1,1,1,0,1
5738,0,1,1,1,1,1,0,0,1,1,1,1,1,0,0,1,1,1,1,1,0
5739,1,1,1,1,1,1,1,1,1,1,1,1,1,1,1,1,1,1,1,1,1
5740,0,0,0,0,0,0,0,1,1,1,1,1,1,1,1,1,1,1,1,1,1
5741,0,0,0,0,0,0,0,0,0,0,0,0,0,0,0,0,0,0,0,0,0
5742,0,0,0,0,0,0,0,0,0,0,0,0,0,0,0,0,0,0,0,0,0
5743,0,0,0,0,0,0,0,0,0,0,0,0,0,0,0,0,0,0,0,0,0
5744,0,0,0,0,0,0,0,0,0,0,0,0,0,0,0,0,0,0,0,0,0
5745,0,0,0,0,0,0,0,0,0,0,0,0,0,0,0,0,0,0,0,0,0
5746,0,0,0,0,0,0,0,0,0,0,0,0,0,0,0,0,0,0,0,0,0
5747,0,0,0,0,0,0,0,0,0,0,0,0,0,0,0,0,0,0,0,0,0
5748,0,0,0,0,0,0,0,0,0,0,0,0,0,0,0,0,0,0,0,0,0
5749,0,0,0,0,0,0,0,0,0,0,0,0,0,0,0,0,0,0,0,0,0
5750,0,0,0,0,0,0,0,0,0,0,0,0,0,0,0,0,0,0,0,0,0
5751,1,1,1,1,1,1,1,1,1,1,1,1,1,1,1,1,1,1,1,1,1
5752,14,15,17,15,13,12,12,15,16,18,15,13,12,12,15,16,18,16,14,13,12
5753,0,0,0,0,0,0,0,0,0,0,0,0,0,0,0,0,0,0,0,0,0
5754,1,0,1,1,1,1,1,1,0,1,1,1,1,1,1,0,1,1,1,1,1
5755,5,5,5,4,3,3,3,5,5,5,4,3,3,3,5,5,5,4,3,3,3
5756,6,6,5,5,5,5,5,6,6,5,5,5,5,5,5,5,5,5,5,5,5
5757,0,0,0,0,0,0,0,0,0,0,0,0,0,0,0,0,0,0,0,0,0
5758,0,0,0,0,0,0,0,0,0,0,0,0,0,0,0,0,0,0,0,0,0
5759,0,0,0,0,0,0,0,0,0,0,0,0,0,0,0,0,0,0,0,0,0
5760,0,0,0,0,0,0,0,0,0,0,0,0,0,0,0,0,0,0,0,0,0
5761,0,0,0,0,0,0,0,0,0,0,0,0,0,0,0,0,0,0,0,0,0
5762,0,0,0,0,0,0,0,0,0,0,0,0,0,0,0,0,0,0,0,0,0
5763,0,0,0,0,0,0,0,0,0,0,0,0,0,0,0,0,0,0,0,0,0
5764,0,0,0,0,0,0,0,0,0,0,0,0,0,0,0,0,0,0,0,0,0
5765,0,0,0,0,0,0,0,0,0,0,0,0,0,0,0,0,0,0,0,0,0
5766,1,1,1,0,0,0,1,1,1,1,0,0,0,1,1,1,1,0,0,0,1
5767,0,0,0,0,0,0,0,0,0,0,0,0,0,0,0,0,0,0,0,0,0
5768,6,6,5,4,5,4,4,5,5,5,4,5,4,4,5,5,5,4,4,4,4
5769,2,2,2,2,1,2,2,2,2,2,2,1,2,2,2,2,2,2,1,2,2
5770,2,2,2,2,2,2,2,2,2,2,2,2,2,2,2,2,2,2,2,2,2
5771,7,7,6,6,5,5,5,7,7,6,6,5,5,5,7,7,7,7,6,6,6
5772,0,0,0,0,0,0,0,0,0,0,0,0,0,0,0,0,0,0,0,0,0
5773,1,1,1,1,1,1,1,1,1,1,1,1,1,1,1,1,1,1,1,1,1
5774,0,0,0,0,0,0,0,0,0,0,0,0,0,0,0,0,0,0,0,0,0
5775,0,0,0,0,0,0,0,0,0,0,0,0,0,0,0,0,0,0,0,0,0
5776,56,95,107,134,138,92,68,56,95,107,134,138,92,68,56,95,107,134,138,92,68
5777,59,62,58,50,39,38,45,58,62,58,50,39,38,45,59,62,58,50,39,38,45
5778,5,6,8,6,6,6,5,5,6,8,6,6,6,5,5,6,8,6,6,6,5
5779,0,0,0,0,0,0,0,0,0,0,0,0,0,0,0,0,0,0,0,0,0
5780,3,3,2,2,2,2,2,3,3,2,2,2,2,2,3,3,2,2,2,2,2
5781,1,1,1,1,1,1,1,1,1,2,2,1,1,1,1,1,2,2,1,1,1
5782,1,1,1,1,1,1,1,1,1,1,1,1,1,1,1,1,1,1,1,1,1
5783,0,0,0,0,0,0,0,0,0,0,0,0,0,0,0,0,0,0,0,0,0
5784,0,0,0,0,0,0,0,0,0,0,0,0,0,0,0,0,0,0,0,0,0
5785,0,0,0,0,0,0,0,0,0,0,0,0,0,0,0,0,0,0,0,0,0
5786,9,9,9,9,9,7,6,9,9,9,9,9,7,6,9,9,9,9,9,7,6
5787,0,0,0,0,0,0,0,0,0,0,0,0,0,0,0,0,0,0,0,0,0
5788,0,0,0,1,0,0,1,0,0,1,1,0,0,1,0,0,1,1,1,1,1
5789,0,0,0,0,0,0,0,0,0,0,0,0,0,0,0,0,0,0,0,0,0
5790,0,0,0,0,0,0,0,0,0,0,0,0,0,0,0,0,0,0,0,0,0
5791,17,16,14,13,11,10,10,15,14,13,12,10,9,9,14,14,13,12,10,9,9
5792,5,5,5,5,5,5,4,5,5,5,5,5,5,4,5,5,5,5,5,5,4
5793,1,1,1,1,1,1,1,1,1,1,1,1,1,1,1,1,1,1,1,1,1
5794,3,3,4,3,3,3,2,3,3,4,3,3,3,2,3,3,4,3,3,3,2
5795,1,2,1,1,1,1,2,2,2,1,1,1,1,1,1,2,1,1,1,1,1
5796,0,0,1,0,0,0,0,0,0,1,0,0,0,0,0,0,1,0,0,0,0
5797,0,0,0,0,0,0,0,0,0,0,0,0,0,0,0,0,0,0,0,0,0
5798,0,0,0,0,0,0,0,0,0,0,0,0,0,0,0,0,0,0,0,0,0
5799,1,1,1,2,1,1,1,1,1,1,2,1,1,1,1,1,1,2,1,1,1
5800,2,2,2,2,2,2,2,2,2,2,2,2,2,2,2,2,2,2,2,2,2
5801,4,4,6,5,4,4,4,4,4,6,5,4,4,4,4,4,6,5,4,4,4
5802,0,0,0,0,0,0,0,0,0,0,0,0,0,0,0,0,0,0,0,0,0
5803,0,0,1,0,0,0,0,0,0,1,1,0,0,0,0,0,1,0,0,0,0
5804,0,1,1,1,1,0,0,1,1,1,1,1,0,0,1,2,1,1,1,1,1
5805,10,10,10,10,9,7,8,9,9,8,8,7,6,6,6,6,5,5,4,4,4
5806,2,3,3,2,2,2,1,2,3,3,2,2,2,1,2,3,3,2,2,2,1
5807,11,10,9,8,7,7,8,10,10,9,8,7,7,8,9,9,8,8,7,7,8
5808,0,0,0,0,0,0,0,0,0,0,0,0,0,0,0,0,0,0,0,0,0
5809,9,8,8,7,6,7,7,8,8,8,8,7,7,7,8,8,7,7,6,7,7
5810,3,3,4,3,3,3,3,3,3,4,3,3,3,3,3,3,4,3,3,3,3
5811,4,4,4,4,4,3,3,4,4,4,4,4,3,3,4,4,4,4,4,3,3
5812,2,2,2,2,2,1,1,2,2,2,2,2,1,1,2,2,2,2,2,1,1
5813,1,1,1,1,1,1,1,1,1,1,1,1,1,1,1,1,1,1,1,1,1
5814,0,0,0,0,0,0,0,0,0,0,0,0,0,0,0,0,0,0,0,0,0
5815,3,4,4,5,4,4,4,4,4,5,5,5,4,4,4,5,5,5,5,4,4
5816,0,0,0,0,0,0,0,0,0,0,0,0,0,0,0,0,0,0,0,0,0
5817,0,0,0,0,0,0,0,0,0,0,0,0,0,0,0,0,0,0,0,0,0
5818,0,0,0,0,0,0,0,0,0,0,0,0,0,0,0,0,0,0,0,0,0
5819,0,0,0,0,0,0,0,0,0,0,0,0,0,0,0,0,0,0,0,0,0
5820,2,2,2,1,1,1,1,2,2,1,1,1,1,1,2,2,2,2,1,2,2
5821,97,114,116,99,85,75,76,97,114,116,99,85,75,76,97,114,116,99,85,75,76
5822,104,124,124,102,89,76,82,105,124,124,102,88,76,81,104,124,123,102,88,76,81
5823,9,12,11,10,8,7,7,9,12,11,10,8,7,7,9,12,11,10,8,7,7
5824,9,11,9,9,8,7,7,9,11,9,9,8,7,7,9,11,9,9,8,7,7
5825,1,1,1,1,0,0,0,1,1,1,1,1,0,1,1,1,2,1,1,1,1
5826,0,0,0,2,2,1,1,0,0,0,2,2,1,1,0,0,0,2,2,1,1
5827,0,0,0,0,0,0,0,0,0,0,0,0,0,0,0,0,0,0,0,0,0
5828,0,0,0,0,0,0,0,0,0,0,0,0,0,0,0,0,0,0,0,0,0
5829,3,4,4,4,3,3,3,3,4,4,4,3,3,3,3,4,4,4,3,3,3
5830,8,8,8,8,7,6,6,7,7,7,7,6,6,6,8,8,8,8,7,7,7
5831,3,3,3,3,3,2,2,3,3,3,4,3,3,2,3,2,3,3,3,3,3
5832,3,3,3,3,3,2,2,3,3,3,3,3,3,3,3,4,4,3,3,2,3
5833,2,2,2,2,1,1,1,2,2,2,2,1,1,2,2,3,3,3,2,2,2
5834,1,1,1,1,1,1,1,1,1,1,1,1,1,1,1,1,1,1,1,1,1
5835,0,0,0,0,0,0,0,0,0,0,0,0,0,0,0,0,0,0,0,0,0
5836,0,0,0,0,0,0,0,0,0,0,0,0,0,0,0,0,0,0,0,0,0
5837,4,3,5,3,3,4,3,4,3,5,3,3,4,3,4,3,5,3,3,4,3
5838,11,14,14,11,7,6,7,10,15,17,14,11,8,8,9,10,9,6,4,4,5
5839,1,1,1,1,1,2,2,2,2,2,1,2,2,2,2,2,1,1,1,1,1
5840,4,4,4,4,3,3,2,3,4,4,4,3,3,3,3,4,5,4,4,3,3
5841,2,2,3,3,3,3,2,2,2,3,4,3,3,2,2,2,3,4,4,3,3
5842,8,8,7,6,5,4,5,6,6,6,5,4,4,5,6,7,6,5,5,5,5
5843,0,0,0,1,1,1,1,0,0,0,1,1,1,1,0,0,0,1,1,1,1
5844,7,8,8,7,5,5,5,7,10,11,11,10,9,9,11,13,13,11,9,8,8
5845,10,9,9,8,6,6,6,8,10,12,11,10,9,9,12,13,14,12,10,9,10
5846,0,0,0,0,0,0,0,0,0,0,0,0,0,0,0,0,0,0,0,0,0
5847,1,1,1,1,1,1,1,1,1,1,1,1,1,1,1,1,1,1,1,1,1
5848,9,10,9,8,7,6,8,9,10,9,8,7,6,8,9,10,9,8,7,6,8
5849,0,0,0,0,0,0,0,0,0,0,0,0,0,0,0,0,0,0,0,0,0
5850,0,0,0,0,0,0,0,0,0,0,0,0,0,0,0,0,0,0,0,0,0
5851,0,0,0,0,0,0,0,0,0,0,0,0,0,0,0,0,0,0,0,0,0
5852,0,0,0,0,0,0,0,0,0,0,0,0,0,0,0,0,0,0,0,0,0
5853,0,0,0,0,0,0,0,0,0,0,0,0,0,0,0,0,0,0,0,0,0
5854,0,0,0,0,0,0,0,0,0,0,0,0,0,0,0,0,0,0,0,0,0
5855,0,0,0,0,0,0,0,0,0,0,0,0,0,0,0,0,0,0,0,0,0
5856,0,0,0,0,0,0,0,0,0,0,0,0,0,0,0,0,0,0,0,0,0
5857,10,10,11,11,10,10,10,12,12,12,11,10,10,10,12,11,11,10,9,9,9
5858,0,0,0,0,0,0,0,0,0,0,0,0,0,0,0,0,0,0,0,0,0
5859,18,20,21,21,19,17,17,20,23,25,26,23,20,20,24,26,27,26,23,20,21
5860,28,26,26,24,21,20,21,28,33,36,33,29,26,26,31,33,33,29,25,23,24
5861,18,14,12,11,10,10,11,14,14,14,12,12,10,10,11,9,10,9,10,10,10
5862,13,14,14,14,14,11,9,9,12,13,15,14,11,9,9,11,13,15,15,13,10
5863,11,11,10,10,8,8,8,9,10,10,11,10,9,9,9,10,10,11,10,9,9
5864,12,12,15,16,16,15,16,14,14,16,17,16,14,16,14,14,16,16,15,13,15
5865,18,20,20,22,21,19,17,18,20,22,24,23,21,19,19,21,21,22,21,20,18
5866,2,1,1,1,1,1,1,1,1,2,2,1,1,2,2,1,1,1,1,1,1
5867,0,0,0,0,0,0,0,0,0,0,0,0,0,0,0,0,0,0,0,0,0
5868,129,139,129,127,112,106,109,127,143,133,130,116,108,111,131,144,133,129,113,107,110
5869,0,1,0,0,0,0,0,0,1,0,0,0,0,0,0,1,0,0,0,0,0
5870,0,0,0,0,0,0,0,0,0,0,0,0,0,0,0,0,0,0,0,0,0
5871,0,0,0,0,0,0,0,0,0,0,0,0,0,0,0,0,0,0,0,0,0
5872,0,0,0,0,0,0,0,0,0,0,0,0,0,0,0,0,0,0,0,0,0
5873,1,1,1,1,1,1,1,1,1,1,1,1,1,1,1,1,1,1,1,1,1
5874,0,1,1,0,0,0,0,0,1,1,0,0,0,0,0,1,1,0,0,0,0
5875,1,1,1,1,1,1,1,1,1,1,1,1,1,1,1,1,1,1,1,1,1
5876,0,0,0,0,0,0,0,0,0,0,0,0,0,0,0,0,0,0,0,0,0
5877,0,0,0,0,0,0,0,0,0,0,0,0,0,0,0,0,0,0,0,0,0
5878,0,0,0,0,0,0,0,0,0,0,0,0,0,0,0,0,0,0,0,0,0
5879,0,0,0,0,0,0,0,0,0,0,0,0,0,0,0,0,0,0,0,0,0
5880,0,0,0,0,0,0,0,0,0,0,0,0,0,0,0,0,0,0,0,0,0
5881,24,22,21,17,15,16,18,22,21,20,16,14,15,16,20,19,19,15,14,15,16
5882,1,1,1,1,1,1,1,0,1,1,1,1,1,0,0,1,1,1,1,1,1
5883,8,7,8,7,7,5,6,7,7,8,7,7,6,6,8,9,11,9,8,6,6
5884,0,0,0,0,0,0,0,0,0,0,0,0,0,0,0,0,0,0,0,0,0
5885,1,1,1,1,2,1,1,1,1,1,1,2,1,1,1,1,1,1,2,1,1
5886,22,21,19,14,12,13,14,19,19,18,14,12,12,14,19,19,18,14,13,14,15
5887,2,2,3,2,2,2,2,2,2,3,2,2,1,2,2,2,2,2,2,1,2
5888,5,5,5,5,4,3,3,4,5,5,5,4,3,3,4,4,4,4,4,3,3
5889,0,0,0,0,0,0,0,0,0,0,0,0,0,0,0,0,0,0,0,0,0
5890,2,3,3,3,3,3,3,3,3,3,3,3,3,3,3,3,4,3,3,3,3
5891,18,22,23,20,14,10,13,18,22,23,20,14,10,13,18,22,23,20,14,10,13
5892,18,19,19,15,12,10,11,15,19,21,17,13,10,11,14,16,16,13,11,10,11
5893,2,3,2,2,3,3,2,2,3,2,2,3,3,2,2,3,2,2,3,3,2
5894,3,2,2,2,1,1,1,1,2,2,2,1,1,1,2,2,2,2,2,2,1
5895,2,2,2,1,1,1,1,1,2,2,1,1,1,1,2,2,2,2,1,1,1
5896,0,0,0,0,0,0,0,0,0,0,0,0,0,0,0,0,0,0,0,0,0
5897,0,0,0,0,0,0,0,0,0,0,0,0,0,0,0,0,0,0,0,0,0
5898,2,2,2,3,2,2,2,2,3,3,3,2,2,2,3,3,3,3,2,2,2
5899,1,1,1,1,1,1,1,1,1,1,1,1,1,1,1,1,1,1,1,1,1
5900,0,0,0,0,0,0,0,0,0,0,0,0,0,0,0,0,0,0,0,0,0
5901,1,2,2,2,2,1,1,1,2,2,2,2,1,1,2,2,2,2,2,1,1
5902,0,0,0,0,0,0,0,0,0,0,0,0,0,0,0,0,0,0,0,0,0
5903,0,0,0,0,0,0,0,0,0,0,0,0,0,0,0,0,0,0,0,0,0
5904,3,4,5,4,3,2,2,3,4,4,4,3,2,2,3,4,4,4,3,2,2
5905,1,1,1,1,1,1,1,1,1,1,1,1,1,1,1,1,1,1,1,1,1
5906,0,0,0,0,0,0,0,0,0,0,0,0,0,0,0,0,0,0,0,0,0
5907,0,0,0,0,0,0,0,0,0,0,0,0,0,0,0,0,0,0,0,0,0
5908,0,0,0,0,0,0,0,0,0,0,0,0,0,0,0,0,0,0,0,0,0
5909,0,0,0,0,0,0,0,0,0,0,0,0,0,0,0,0,0,0,0,0,0
5910,0,0,0,0,0,0,0,0,0,0,0,0,0,0,0,0,0,0,0,0,0
5911,0,0,0,0,0,0,0,0,0,0,0,0,0,0,0,0,0,0,0,0,0
5912,0,0,0,0,0,0,0,0,0,0,0,0,0,0,0,0,0,0,0,0,0
5913,0,0,0,0,0,0,0,0,0,0,0,0,0,0,0,0,0,0,0,0,0
5914,5,7,9,9,7,4,4,5,7,9,9,8,4,4,5,7,9,9,8,4,4
5915,0,0,0,0,0,0,0,0,0,0,0,0,0,0,0,0,0,0,0,0,0
5916,0,0,0,0,0,0,0,0,0,0,0,0,0,0,0,0,0,0,0,0,0
5917,1,1,2,1,2,1,1,1,1,2,1,2,1,1,1,1,2,1,2,1,1
5918,0,0,0,0,0,0,0,0,0,0,0,0,0,0,0,0,0,0,0,0,0
5919,0,0,0,0,0,0,0,0,0,0,0,0,0,0,0,0,0,0,0,0,0
5920,0,0,0,0,0,0,0,0,0,0,0,0,0,0,0,0,0,0,0,0,0
5921,0,0,0,0,0,0,0,0,0,0,0,0,0,0,0,0,0,0,0,0,0
5922,0,0,0,0,0,0,0,0,0,0,0,0,0,0,0,0,0,0,0,0,0
5923,0,1,0,0,0,1,0,0,1,0,0,0,1,0,0,1,0,0,0,1,0
5924,1,1,1,0,0,0,1,1,1,1,0,0,0,1,1,1,1,0,0,1,1
5925,7,6,10,8,7,5,4,6,6,10,8,7,5,4,6,6,10,8,7,5,4
5926,0,0,0,0,0,0,0,0,0,0,0,0,0,0,0,0,0,0,0,0,0
5927,0,0,0,0,0,0,0,0,0,0,0,0,0,0,0,0,0,0,0,0,0
5928,1,1,1,0,1,1,1,1,1,1,0,1,1,1,1,1,1,0,1,1,1
5929,4,5,5,4,4,4,4,4,5,5,5,4,4,4,4,5,5,5,4,4,5
5930,2,2,2,2,2,2,2,2,2,2,2,2,2,2,2,2,2,2,2,2,2
5931,1,1,1,1,1,1,1,1,1,1,1,1,1,1,1,1,1,1,1,1,1
5932,0,0,0,0,0,0,0,0,0,0,0,0,0,0,0,0,0,0,0,0,0
5933,0,0,0,0,0,0,0,0,0,0,0,0,0,0,0,0,0,0,0,0,0
5934,0,0,0,0,0,0,0,0,0,0,0,0,0,0,0,0,0,0,0,0,0
5935,0,0,0,0,0,0,0,0,0,0,0,0,0,0,0,0,0,0,0,0,0
5936,3,3,4,3,2,2,2,3,3,4,3,2,2,2,3,3,4,3,2,2,2
5937,0,0,0,0,0,0,0,0,0,0,0,0,0,0,0,0,0,0,0,0,0
5938,0,0,0,0,0,0,0,0,0,0,0,0,0,0,0,0,0,0,0,0,0
5939,4,5,7,11,11,7,5,4,5,7,11,11,7,4,4,5,7,11,11,8,5
5940,1,1,1,1,0,1,1,1,1,1,1,0,1,1,1,1,1,1,0,1,1
5941,0,0,0,0,0,0,0,0,0,0,0,0,0,0,0,0,0,0,0,0,0
5942,1,1,0,0,1,1,1,1,1,0,0,1,1,1,1,1,0,0,1,1,1
5943,0,0,0,0,0,0,0,0,0,0,0,0,0,0,0,0,0,0,0,0,0
5944,8,7,6,5,4,4,5,6,6,5,4,4,4,5,8,8,7,6,5,5,6
5945,0,1,1,1,1,0,0,1,1,1,1,1,0,0,1,1,1,1,1,0,0
5946,3,4,4,3,3,3,3,3,4,4,3,3,3,3,3,4,4,3,3,3,3
5947,3,3,3,4,3,2,2,2,3,3,3,3,2,2,3,3,4,4,3,3,3
5948,0,0,0,0,0,0,0,0,0,0,0,0,0,0,0,0,0,0,0,0,0
5949,47,69,83,77,61,44,43,47,69,83,77,61,44,43,47,69,83,77,61,44,43
5950,1,1,0,0,0,0,0,0,1,0,0,0,0,0,0,1,0,0,0,0,0
5951,0,0,0,0,0,0,0,0,0,0,0,0,0,0,0,0,0,0,0,0,0
5952,0,0,0,0,0,0,0,0,0,0,0,0,0,0,0,0,0,0,0,0,0
5953,0,0,0,0,0,0,0,0,0,0,0,0,0,0,0,0,0,0,0,0,0
5954,0,0,0,0,0,0,0,0,0,0,0,0,0,0,0,0,0,0,0,0,0
5955,0,0,0,0,0,0,0,0,0,0,0,0,0,0,0,0,0,0,0,0,0
5956,1,1,1,1,1,1,1,1,1,1,1,1,1,1,1,1,1,1,1,1,1
5957,26,31,33,30,26,23,23,28,32,32,30,25,22,23,29,34,35,31,26,23,23
5958,1,1,1,1,1,1,1,1,1,1,1,1,1,1,1,1,1,1,1,1,1
5959,1,1,1,1,1,1,1,1,1,1,1,1,1,1,1,1,1,1,1,1,1
5960,0,0,0,0,0,0,0,0,0,0,0,0,0,0,0,0,0,0,0,0,0
5961,0,0,0,0,0,0,0,0,0,0,0,0,0,0,0,0,0,0,0,0,0
5962,2,3,2,2,2,2,2,3,3,2,2,2,2,2,2,2,1,1,1,1,1
5963,0,0,0,0,0,0,0,0,0,0,0,0,0,0,0,0,0,0,0,0,0
5964,0,0,0,0,0,0,0,0,0,0,0,0,0,0,0,0,0,0,0,0,0
5965,3,2,2,2,2,2,2,2,2,2,2,2,2,2,2,2,1,1,1,1,2
5966,0,1,1,0,0,0,0,0,1,1,0,0,0,0,0,1,1,0,0,0,0
5967,0,0,0,0,0,0,0,0,0,0,0,0,0,0,0,0,0,0,0,0,0
5968,0,0,0,0,0,0,0,0,0,0,0,0,0,0,0,0,0,0,0,0,0
5969,0,0,0,0,0,0,0,0,0,0,0,0,0,0,0,0,0,0,0,0,0
5970,2,3,3,3,2,3,2,2,3,4,3,2,3,2,3,3,4,3,3,3,2
5971,47,69,65,43,36,32,34,50,75,72,51,44,38,39,55,77,71,48,41,36,38
5972,1,1,1,1,1,1,1,1,1,1,1,1,1,1,1,1,1,1,1,1,1
5973,0,0,0,0,0,0,0,0,0,0,0,0,0,0,0,0,0,0,0,0,0
5974,0,0,0,0,0,0,0,0,0,0,0,0,0,0,0,0,0,0,0,0,0
5975,0,0,0,0,0,0,0,0,0,0,0,0,0,0,0,0,0,0,0,0,0
5976,0,0,0,0,0,0,0,0,0,0,0,0,0,0,0,0,0,0,0,0,0
5977,0,0,0,0,0,0,0,0,0,0,0,0,0,0,0,0,0,0,0,0,0
5978,5,5,6,5,4,4,4,5,6,6,6,5,5,5,6,5,5,5,4,4,5
5979,56,60,61,58,51,43,42,56,69,74,71,60,49,46,57,65,67,64,56,48,46
5980,1,1,1,1,1,1,1,1,2,2,3,3,3,3,4,4,4,4,4,3,4
5981,3,3,3,3,3,3,3,4,5,4,4,3,3,3,4,4,3,3,2,3,3
5982,1,1,1,1,1,1,1,1,1,1,1,1,1,1,1,1,1,1,1,1,1
5983,0,0,0,0,0,0,0,0,0,0,0,0,0,0,0,0,0,0,0,0,0
5984,0,0,0,0,0,0,0,0,0,0,0,0,0,0,0,0,0,0,0,0,0
5985,2,2,2,2,1,1,1,2,2,2,2,1,1,1,2,2,2,2,1,1,1
5986,0,0,0,0,0,0,0,0,0,0,0,0,0,0,0,0,0,0,0,0,0
5987,2,2,2,2,2,2,2,2,2,2,2,2,2,2,2,2,2,2,2,2,2
5988,1,1,1,0,0,0,1,1,1,1,0,0,0,1,1,1,1,0,0,0,1
5989,0,0,0,0,0,0,0,0,0,0,0,0,0,0,0,0,0,0,0,0,0
5990,1,1,1,1,1,0,0,1,1,1,1,1,1,0,1,1,1,1,1,0,0
5991,2,2,1,1,1,1,1,2,2,1,1,1,1,1,2,2,1,1,1,1,1
5992,50,63,67,62,53,39,36,50,63,67,62,53,39,36,50,63,67,62,53,39,37
5993,37,33,30,30,27,26,34,41,39,33,29,25,22,27,32,29,25,23,21,22,28
5994,6,5,5,4,4,4,4,6,5,5,4,4,4,4,6,6,5,5,4,4,5
5995,3,3,3,3,3,3,4,3,3,3,3,3,3,4,3,3,3,3,3,3,4
5996,203,206,214,204,195,169,176,210,224,229,216,205,174,181,221,235,244,227,213,182,194
5997,6,7,7,7,7,6,7,6,8,7,7,7,7,7,7,8,7,7,7,7,7
5998,2,1,8,9,7,1,1,2,1,9,9,8,2,2,2,2,8,9,7,1,1
5999,16,20,22,20,16,13,13,16,20,22,20,16,13,13,16,20,22,20,16,13,13
6000,20,18,15,12,9,9,10,16,18,19,16,13,11,11,15,15,15,12,10,9,11
6001,1,1,1,1,1,1,1,1,1,1,1,1,1,1,1,1,1,1,1,1,1
6002,0,0,0,0,0,0,0,0,0,0,0,0,0,0,0,0,0,0,0,0,0
6003,3,3,3,4,3,3,2,3,3,3,4,3,2,2,3,3,3,4,3,3,3
6004,4,4,5,5,5,3,3,4,4,5,5,5,3,3,4,4,5,5,5,3,3
6005,16,18,17,16,16,15,17,16,18,17,16,16,15,17,16,18,17,16,16,15,17
6006,3,4,5,4,4,3,2,3,4,5,4,4,3,2,3,4,5,4,4,3,2
6007,3,3,3,2,2,2,2,3,3,3,2,2,2,2,3,3,3,2,2,2,2
6008,0,0,0,0,0,0,0,0,0,0,0,0,0,0,0,0,0,0,0,0,0
6009,1,1,1,1,1,1,1,2,2,2,2,2,1,1,2,2,2,2,2,1,1
6010,0,0,0,0,0,0,0,0,0,0,0,0,0,0,0,0,0,0,0,0,0
6011,10,11,12,11,11,10,10,10,11,12,11,11,10,10,10,11,12,11,11,10,10
6012,0,0,0,0,0,0,0,0,0,0,0,0,0,0,0,0,0,0,0,0,0
6013,1,1,0,0,0,0,0,1,1,0,0,0,0,0,1,1,0,0,0,0,0
6014,0,0,0,0,0,0,0,0,0,0,0,0,0,0,0,0,0,0,0,0,0
6015,0,0,0,0,0,0,0,0,0,0,0,0,0,0,0,0,0,0,0,0,0
6016,1,0,0,0,0,0,1,1,0,0,0,0,0,1,1,0,0,0,0,0,1
6017,1,1,1,1,1,0,0,0,0,1,1,1,0,0,0,0,1,1,1,0,0
6018,0,0,0,0,0,0,0,0,0,0,0,0,0,0,0,0,0,0,0,0,0
6019,0,0,0,0,0,0,0,0,0,0,0,0,0,0,0,0,0,0,0,0,0
6020,0,0,0,0,0,0,0,0,0,0,0,0,0,0,0,0,0,0,0,0,0
6021,0,0,0,0,0,0,0,0,0,0,0,0,0,0,0,0,0,0,0,0,0
6022,0,0,0,0,0,0,0,0,0,0,0,0,0,0,0,0,0,0,0,0,0
6023,0,0,0,0,0,0,0,0,0,0,0,0,0,0,0,0,0,0,0,0,0
6024,0,0,0,0,0,0,0,0,0,0,0,0,0,0,0,0,0,0,0,0,0
6025,0,0,0,0,0,0,0,0,0,0,0,0,0,0,0,0,0,0,0,0,0
6026,0,0,0,0,0,0,0,0,0,0,0,0,0,0,0,0,0,0,0,0,0
6027,0,0,0,0,0,0,0,0,0,0,0,0,0,0,0,0,0,0,0,0,0
6028,0,0,0,0,0,0,0,0,0,0,0,0,0,0,0,0,0,0,0,0,0
6029,3,3,3,3,3,3,2,3,3,3,3,3,2,2,3,3,3,3,3,2,2
6030,19,20,24,18,16,14,15,18,20,24,19,17,15,16,20,22,25,19,17,16,17
6031,0,0,0,0,0,0,0,0,0,0,0,0,0,0,0,0,0,0,0,0,0
6032,1,1,1,0,0,0,0,1,1,1,0,0,0,0,1,1,1,1,0,0,1
6033,1,1,1,1,1,1,1,1,1,1,1,1,1,1,1,1,1,1,1,1,1
6034,0,1,1,0,0,0,0,0,1,1,0,0,0,0,0,1,1,1,0,0,0
6035,0,0,0,0,0,0,0,0,0,0,0,0,0,0,0,0,0,1,1,1,0
6036,0,0,0,0,0,0,0,0,0,0,0,0,0,0,0,0,0,0,0,0,0
6037,0,0,0,0,0,0,0,0,0,0,0,0,0,0,0,0,0,0,0,0,0
6038,0,0,0,0,0,0,0,0,0,0,0,0,0,0,0,0,0,0,0,0,0
6039,0,0,0,0,0,0,0,0,0,0,0,0,0,0,0,0,0,0,0,0,0
6040,0,0,0,0,0,0,0,0,0,0,0,0,0,0,0,0,0,0,0,0,0
6041,0,0,0,0,0,0,0,0,0,0,0,0,0,0,0,0,0,0,0,0,0
6042,0,0,0,0,0,0,0,0,0,0,0,0,0,0,0,0,0,0,0,0,0
6043,0,0,0,0,0,0,0,0,0,0,0,0,0,0,0,0,0,0,0,0,0
6044,3,3,2,2,2,2,2,3,3,2,2,2,2,2,3,3,2,2,2,2,2
6045,11,12,13,12,10,9,9,11,13,13,12,10,8,9,11,12,13,12,10,8,9
6046,3,3,3,2,2,2,2,3,3,3,3,2,2,2,3,3,2,2,2,2,2
6047,0,0,0,0,0,0,0,0,0,0,0,0,0,0,0,0,0,0,0,0,0
6048,2,2,2,1,1,1,1,2,2,2,1,1,1,1,2,2,2,1,1,1,1
6049,41,41,42,38,35,32,33,40,43,45,42,38,35,34,40,40,40,36,33,31,32
6050,0,0,0,0,0,0,0,0,0,0,0,0,0,0,0,0,0,0,0,0,0
6051,4,2,2,3,2,2,2,4,2,2,3,2,2,2,4,2,2,3,2,2,2
6052,14,13,12,11,8,7,8,11,11,11,11,9,7,9,12,11,11,11,9,7,9
6053,85,83,78,63,60,54,54,80,80,78,65,62,56,56,81,80,75,61,59,54,55
6054,23,21,19,16,14,19,19,23,20,19,15,14,18,19,23,20,19,15,14,18,19
6055,1,1,1,1,1,1,1,1,1,1,1,1,1,1,1,1,1,1,1,1,1
6056,27,30,29,27,22,22,22,27,30,28,26,21,20,20,26,29,28,26,21,21,21
6057,26,29,28,26,19,17,18,26,29,28,26,20,17,19,26,29,29,26,20,18,19
6058,67,69,68,59,53,45,49,68,70,68,59,53,45,49,68,69,67,58,53,45,48
6059,13,14,14,14,13,11,11,13,14,14,14,13,11,11,13,14,14,14,13,11,11
6060,17,19,22,20,18,13,12,17,19,22,20,17,13,12,17,19,22,20,17,13,12
6061,6,6,7,7,6,5,4,5,5,6,6,6,4,4,5,5,6,6,6,4,4
6062,6,6,6,5,5,4,5,6,6,6,5,5,4,5,6,6,6,5,5,4,5
6063,2,1,1,1,1,1,1,2,1,1,1,1,1,1,2,1,1,1,1,1,1
6064,5,6,7,6,5,4,4,5,6,7,6,5,4,4,5,6,7,6,5,4,4
6065,23,23,24,22,20,19,21,23,24,24,21,19,19,21,22,23,24,21,19,19,20
6066,147,165,165,147,133,126,123,148,167,168,152,138,130,127,151,168,167,149,134,127,125
6067,0,0,0,0,0,0,0,0,0,0,0,0,0,0,0,0,0,0,0,0,0
6068,38,38,36,33,27,24,28,35,41,45,44,38,34,37,44,48,46,42,35,31,35
6069,30,30,29,26,23,22,23,30,35,36,34,30,27,28,33,35,33,29,24,23,24
6070,8,8,8,7,6,5,6,7,8,8,7,6,5,6,7,8,8,7,6,5,6
6071,18,19,16,14,12,12,11,17,19,18,16,14,14,13,18,19,16,14,12,12,11
6072,130,124,99,90,86,83,84,128,123,98,90,86,83,84,128,123,98,90,85,83,84
6073,7,8,9,9,7,7,6,7,8,9,9,7,7,6,7,8,9,9,7,7,6
6074,14,12,11,9,8,7,8,10,11,11,10,9,9,9,11,10,10,8,7,7,8
6075,9,10,9,9,7,7,6,9,10,9,9,7,7,6,9,10,9,9,7,7,6
6076,3,2,3,2,2,3,2,2,2,3,2,2,3,2,2,2,3,2,2,3,2
6077,4,5,6,5,5,4,3,4,5,6,5,5,4,3,4,5,6,5,5,4,3
6078,2,2,2,2,2,2,2,2,2,2,2,2,2,2,2,2,2,2,2,2,2
6079,4,4,4,3,3,4,4,5,5,5,4,4,4,5,5,6,6,5,5,5,6
6080,0,0,1,1,1,0,0,0,0,1,1,1,0,0,0,0,1,1,1,0,0
6081,1,1,1,1,1,1,1,1,1,1,1,1,1,1,1,1,1,1,1,1,1
6082,3,3,3,2,2,2,3,3,3,3,2,2,2,3,3,3,3,2,2,2,3
6083,5,5,5,5,4,4,4,5,5,5,5,4,4,4,5,5,5,5,4,4,4
6084,9,10,10,9,7,6,7,9,10,10,9,7,6,7,9,10,10,9,7,6,7
6085,0,0,0,0,0,0,1,0,0,0,0,0,0,1,0,0,0,0,0,0,1
6086,0,0,0,0,0,0,0,0,0,0,0,0,0,0,0,0,0,0,0,0,0
6087,0,0,0,0,0,0,0,0,0,0,0,0,0,0,0,0,0,0,0,0,0
6088,0,0,0,0,0,0,0,0,0,0,0,0,0,0,1,1,1,1,1,1,1
6089,0,0,0,0,0,0,0,0,0,0,0,0,0,0,0,0,0,0,0,0,0
6090,0,0,0,0,0,0,0,0,0,0,0,0,0,0,0,0,0,0,0,0,0
6091,0,0,0,0,0,0,0,0,0,0,0,0,0,0,0,0,0,0,0,0,0
6092,0,0,0,0,0,0,0,0,0,0,0,0,0,0,0,0,0,0,0,0,0
6093,0,0,0,0,0,0,0,0,0,0,0,0,0,0,0,0,0,0,0,0,0
6094,0,0,0,0,0,0,0,0,0,0,0,0,0,0,0,0,0,0,0,0,0
6095,0,0,0,0,0,0,0,0,0,0,0,0,0,0,0,0,0,0,0,0,0
6096,0,0,0,0,0,0,0,0,0,0,0,0,0,0,0,0,0,0,0,0,0
6097,1,1,1,0,1,1,1,1,1,1,0,1,1,1,1,1,1,0,1,1,1
6098,0,0,1,1,1,1,0,0,0,1,1,1,1,0,0,0,1,1,1,1,0
6099,1,1,1,1,1,1,1,1,1,1,1,1,1,1,1,1,1,1,1,1,1
6100,1,1,1,1,1,1,1,1,1,1,1,1,1,1,1,1,1,1,1,1,1
6101,0,0,0,0,0,0,0,0,0,0,0,0,0,0,0,0,0,0,0,0,0
6102,0,0,0,0,0,0,0,0,0,0,0,0,0,0,0,0,0,0,0,0,0
6103,0,0,0,0,0,0,0,0,0,0,0,0,0,0,0,0,0,0,0,0,0
6104,0,0,0,0,0,0,0,0,0,0,0,0,0,0,0,0,0,0,0,0,0
6105,1,3,4,4,4,4,4,5,5,4,3,2,2,1,1,2,2,1,1,1,1
6106,0,0,0,0,0,0,0,0,0,0,0,0,0,0,0,0,0,0,0,0,0
6107,19,19,19,19,20,18,18,19,19,19,19,20,18,18,19,19,19,19,20,18,18
6108,7,8,7,6,5,4,4,5,6,6,6,5,4,5,5,6,6,6,5,4,5
6109,0,0,0,0,0,0,0,0,0,0,0,0,0,0,0,0,0,0,0,0,0
6110,0,0,0,0,0,0,0,0,0,0,0,0,0,0,0,0,0,0,0,0,0
6111,0,0,0,0,0,0,0,0,0,0,0,0,0,0,0,0,0,0,0,0,0
6112,0,0,0,0,0,0,0,0,0,0,0,0,0,0,0,0,0,0,0,0,0
6113,0,0,0,0,0,0,0,0,0,0,0,0,0,0,0,0,0,0,0,0,0
6114,3,3,3,3,3,3,3,3,3,3,3,3,3,3,3,3,3,3,3,3,3
6115,0,0,0,0,0,0,0,0,0,0,0,0,0,0,0,0,0,0,0,0,0
6116,1,1,1,1,1,0,1,1,1,1,1,1,0,1,1,1,1,1,1,1,1
6117,0,0,0,0,0,0,0,0,0,0,0,0,0,0,0,0,0,0,0,0,0
6118,0,0,0,0,0,0,0,0,0,0,0,0,0,0,0,0,0,0,0,0,0
6119,37,33,35,41,43,45,34,35,35,38,43,44,45,31,30,29,32,39,42,44,31
6120,3,3,2,2,2,2,3,4,4,3,2,3,3,4,5,5,4,3,3,4,4
6121,0,0,0,0,0,0,0,0,0,0,0,0,0,0,0,0,0,0,0,0,0
6122,0,0,0,0,0,0,0,0,0,0,0,0,0,0,0,0,0,0,0,0,0
6123,0,0,0,0,0,0,0,0,0,0,0,0,0,0,0,0,0,0,0,0,0
6124,0,0,0,0,0,0,0,0,0,0,0,0,0,0,0,0,0,0,0,0,0
6125,0,0,0,0,0,0,0,0,0,0,0,0,0,0,0,0,0,0,0,0,0
6126,0,0,0,0,0,0,0,0,0,0,0,0,0,0,0,0,0,0,0,0,0
6127,2,3,3,2,1,2,1,2,4,3,2,2,2,1,1,3,3,1,1,2,1
6128,1,1,2,1,1,1,1,1,1,2,1,1,1,1,1,1,2,1,1,1,1
6129,1,1,1,1,1,1,1,1,1,1,1,1,1,1,1,1,1,1,1,1,1
6130,8,7,10,10,10,7,5,7,7,10,10,10,7,5,7,7,10,10,10,7,5
6131,4,4,4,3,3,3,3,4,4,4,3,3,3,3,4,4,4,3,2,3,2
6132,1,1,1,1,1,0,0,1,1,1,1,1,0,0,1,1,1,1,1,1,1
6133,0,0,0,0,0,0,0,0,0,0,0,0,0,0,0,0,0,0,0,0,0
6134,122,177,208,174,156,103,105,126,187,218,181,162,106,106,124,181,211,175,157,104,105
6135,43,45,44,37,32,28,23,35,46,54,48,41,34,27,35,39,42,36,33,28,23
6136,6,6,6,7,6,5,5,6,7,7,8,6,5,5,5,6,6,6,5,5,5
6137,1,1,1,1,1,1,0,1,1,1,1,1,1,0,1,1,1,1,1,1,0
6138,0,0,1,0,0,0,0,0,0,1,0,0,0,0,0,0,1,0,0,0,0
6139,2,2,2,2,2,2,2,2,2,3,2,3,2,2,2,2,3,3,3,2,2
6140,9,10,14,13,12,8,6,9,10,14,13,12,7,6,9,10,14,13,11,7,6
6141,17,25,28,35,31,23,14,17,25,28,35,31,23,14,17,25,28,35,31,23,14
6142,184,190,172,146,133,133,164,185,190,172,146,133,133,163,184,190,171,145,132,133,163
6143,2,2,3,3,2,2,2,2,2,3,3,2,2,2,2,2,3,3,2,2,2
6144,30,41,48,51,54,35,19,29,40,48,50,54,35,19,29,40,48,50,54,35,19
6145,0,0,0,1,1,1,0,0,0,1,1,1,1,0,0,0,0,0,1,1,0
6146,2,2,2,3,3,3,1,2,2,2,3,3,3,1,2,2,2,3,3,3,2
6147,13,21,26,23,18,14,11,12,20,26,25,21,17,13,16,23,28,24,21,17,14
6148,153,149,134,107,98,116,122,151,151,139,113,103,120,126,154,152,139,113,103,121,126
6149,9,13,19,15,12,9,8,11,15,20,16,13,9,7,10,13,18,15,12,8,7
6150,1,1,0,1,0,1,1,0,1,0,1,0,1,1,0,1,0,1,0,1,1
6151,1,1,1,1,1,1,1,1,1,1,1,1,1,1,1,1,1,1,1,1,1
6152,1,1,1,1,1,1,1,1,2,2,2,2,2,1,2,2,2,2,2,2,2
6153,2,2,2,1,1,2,2,2,2,2,1,1,2,2,2,2,2,2,1,2,2
6154,1,1,1,1,0,0,0,1,1,1,1,0,0,0,1,1,1,1,0,0,0
6155,0,0,0,0,0,0,0,0,0,0,0,0,0,0,0,0,0,0,0,0,0
6156,1,0,0,0,0,0,0,1,0,0,0,0,0,0,1,0,0,0,0,0,0
6157,1,1,1,1,0,0,0,1,1,1,1,0,0,0,1,1,1,1,0,0,0
6158,0,0,0,0,0,0,1,0,0,0,0,0,0,1,0,0,0,0,0,0,1
6159,0,0,0,0,0,0,0,0,0,0,0,0,0,0,0,0,0,0,0,0,0
6160,2,2,1,1,1,1,1,2,2,1,1,1,1,1,2,2,1,1,1,1,1
6161,1,1,1,1,1,1,1,1,1,1,1,1,1,1,1,1,1,1,1,1,1
6162,0,0,0,0,0,0,0,0,0,0,0,0,0,0,0,0,0,0,0,0,0
6163,0,0,0,0,0,0,0,0,0,0,0,0,0,0,0,0,0,0,0,0,0
6164,0,0,0,0,0,0,0,0,0,0,0,0,0,0,0,0,0,0,0,0,0
6165,0,0,0,0,0,0,0,0,0,0,0,0,0,0,0,0,0,0,0,0,0
6166,0,0,0,0,0,0,0,0,0,0,0,0,0,0,0,0,0,0,0,0,0
6167,0,0,0,0,0,0,0,0,0,0,0,0,0,0,0,0,0,0,0,0,0
6168,0,1,1,0,0,0,0,0,1,1,0,0,0,0,0,1,0,0,0,0,0
6169,0,0,0,0,0,0,0,0,0,0,0,0,0,0,0,0,0,0,0,0,0
6170,0,0,0,0,0,0,0,0,0,0,0,0,0,0,0,0,0,0,0,0,0
6171,0,0,0,0,0,0,0,0,0,0,0,0,0,0,0,0,0,0,0,0,0
6172,0,0,0,0,0,0,0,0,0,0,0,0,0,0,0,0,0,0,0,0,0
6173,1,0,1,1,1,1,1,1,0,1,1,1,1,1,1,0,1,1,1,1,1
6174,0,0,0,0,0,0,0,0,0,0,0,0,0,0,0,0,0,0,0,0,0
6175,0,0,0,0,0,0,0,0,0,0,0,0,0,0,0,0,0,0,0,0,0
6176,0,0,0,0,0,0,0,0,0,0,0,0,0,0,0,0,0,0,0,0,0
6177,0,0,0,0,0,0,0,0,0,0,0,0,0,0,0,0,0,0,0,0,0
6178,0,0,0,0,0,0,0,0,0,0,0,0,0,0,0,0,0,0,0,0,0
6179,0,1,1,1,1,0,0,0,1,1,1,1,0,0,0,1,1,1,1,0,0
6180,0,0,0,0,0,0,0,0,0,0,0,0,0,0,0,0,0,0,0,0,0
6181,0,0,0,0,0,0,0,0,0,0,0,0,0,0,0,0,0,0,0,0,0
6182,0,0,0,0,0,0,0,0,0,0,0,0,0,0,0,0,0,0,0,0,0
6183,0,0,0,0,0,0,0,0,0,0,0,0,0,0,0,0,0,0,0,0,0
6184,0,0,0,0,0,0,0,0,0,0,0,0,0,0,0,0,0,0,0,0,0
6185,0,0,0,0,0,0,0,0,0,0,0,0,0,0,0,0,0,0,0,0,0
6186,1,1,1,1,1,1,1,1,1,1,1,1,1,1,1,1,1,1,1,1,1
6187,0,0,0,0,0,0,0,0,0,0,0,0,0,0,0,0,0,0,0,0,0
6188,0,0,0,0,0,0,0,0,0,0,0,0,0,0,0,0,0,0,0,0,0
6189,0,0,0,0,0,0,0,0,0,0,0,0,0,0,0,0,0,0,0,0,0
6190,1,1,1,0,0,0,0,1,1,1,0,0,0,0,1,1,1,0,0,0,0
6191,0,0,0,0,0,0,0,0,0,0,0,0,0,0,0,0,0,0,0,0,0
6192,0,0,0,0,0,0,0,0,0,0,0,0,0,0,0,0,0,0,0,0,0
6193,0,0,0,0,0,0,0,0,0,0,0,0,0,0,0,0,0,0,0,0,0
6194,0,0,0,0,0,0,0,0,0,0,0,0,0,0,0,0,0,0,0,0,0
6195,0,0,0,0,0,0,0,0,0,0,0,0,0,0,0,0,0,0,0,0,0
6196,0,0,0,0,0,0,0,0,0,0,0,0,0,0,0,0,0,0,0,0,0
6197,0,0,0,0,0,0,0,0,0,0,0,0,0,0,0,0,0,0,0,0,0
6198,0,0,0,0,0,0,0,0,0,0,0,0,0,0,0,0,0,0,0,0,0
6199,0,0,0,0,0,0,0,0,0,0,0,0,0,0,0,0,0,0,0,0,0
6200,0,0,0,0,0,0,0,0,0,0,0,0,0,0,0,0,0,0,0,0,0
6201,0,0,0,0,0,0,0,0,0,0,0,0,0,0,0,0,0,0,0,0,0
6202,0,0,0,0,0,0,0,0,0,0,0,0,0,0,0,0,0,0,0,0,0
6203,0,0,0,0,0,0,0,0,0,0,0,0,0,0,0,0,0,0,0,0,0
6204,0,0,0,0,0,0,0,0,0,0,0,0,0,0,0,0,0,0,0,0,0
6205,0,0,0,0,0,0,0,0,0,0,0,0,0,0,0,0,0,0,0,0,0
6206,0,0,0,0,0,0,0,0,0,0,0,0,0,0,0,0,0,0,0,0,0
6207,0,0,0,0,0,0,0,0,0,0,0,0,0,0,0,0,0,0,0,0,0
6208,0,0,0,0,0,0,0,0,0,0,0,0,0,0,0,0,0,0,0,0,0
6209,0,0,0,0,0,0,0,0,0,0,0,0,0,0,0,0,0,0,0,0,0
6210,0,0,0,0,0,0,0,0,0,0,0,0,0,0,0,0,0,0,0,0,0
6211,0,0,0,0,0,0,0,0,0,0,0,0,0,0,0,0,0,0,0,0,0
6212,0,0,0,0,0,0,0,0,0,0,0,0,0,0,0,0,0,0,0,0,0
6213,0,0,0,0,0,0,0,0,0,0,0,0,0,0,0,0,0,0,0,0,0
6214,13,2,2,0,0,0,0,13,2,2,0,0,0,0,13,2,2,0,0,0,0
6215,0,0,0,0,0,0,0,0,0,0,0,0,0,0,0,0,0,0,0,0,0
6216,0,0,0,0,0,0,0,0,0,0,0,0,0,0,0,0,0,0,0,0,0
6217,2,2,4,4,4,3,2,2,2,4,4,4,3,2,2,2,4,4,4,3,2
6218,2,5,8,9,7,4,2,2,5,8,9,7,4,2,2,5,8,9,7,4,2
6219,1,1,2,1,1,1,1,1,1,2,1,1,1,1,1,1,2,1,1,1,1
6220,1,0,0,0,0,0,0,1,0,0,0,0,0,0,1,0,0,0,0,0,0
6221,1,1,2,2,1,1,0,1,1,2,2,1,1,1,1,1,1,2,1,1,1
6222,22,22,22,20,18,18,19,21,21,21,19,18,18,19,22,23,23,22,20,20,22
6223,2,3,4,3,3,2,2,2,3,4,3,3,2,2,2,3,4,3,3,3,2
6224,0,0,1,1,0,0,0,0,0,1,1,0,0,0,0,0,1,1,0,0,0
6225,201,248,298,290,240,196,151,201,253,299,286,236,190,144,192,243,293,282,232,188,143
6226,1,1,1,0,0,1,1,1,1,1,1,1,1,1,2,2,2,1,1,1,2
6227,16,17,17,13,10,11,11,15,17,17,13,10,11,11,15,17,17,13,10,11,11
6228,0,0,0,0,1,0,0,0,0,0,0,1,0,0,0,0,0,0,1,0,0
6229,0,0,0,0,0,0,0,0,0,0,0,0,0,0,0,0,0,0,0,0,0
6230,3,3,3,4,5,5,3,3,3,3,4,5,5,3,3,3,3,4,5,5,3
6231,7,8,7,7,6,6,7,8,8,8,7,6,6,7,8,9,8,8,7,7,8
6232,35,39,39,35,28,25,27,32,36,37,33,27,24,26,32,37,39,36,30,27,28
6233,1,1,1,1,0,0,1,1,1,1,1,1,1,1,1,1,1,1,1,1,1
6234,7,5,5,5,5,5,4,7,5,5,5,5,5,4,7,5,5,5,5,5,4
6235,14,16,17,15,13,11,12,14,16,17,15,13,11,12,14,16,17,15,13,11,12
6236,0,0,0,0,0,0,0,0,0,0,0,0,0,0,0,0,0,0,0,0,0
6237,4,4,5,4,3,3,4,5,7,6,5,4,4,4,5,6,5,4,4,3,4
6238,68,97,90,103,89,68,45,68,97,90,103,89,68,45,68,97,90,103,89,68,45
6239,6,7,10,8,11,9,4,6,7,10,8,11,9,4,6,7,10,8,11,9,4
6240,0,0,0,0,0,0,0,0,0,0,0,0,0,0,0,0,0,0,0,0,0
6241,1,1,0,0,0,0,0,1,1,0,0,0,0,0,1,1,0,0,0,0,0
6242,0,0,0,0,0,0,0,0,0,0,0,0,0,0,0,0,0,0,0,0,0
6243,0,0,0,0,0,0,0,0,0,0,0,0,0,0,0,0,0,0,0,0,0
6244,0,0,0,1,1,1,0,0,0,0,1,1,1,0,0,0,0,1,1,1,0
6245,0,0,0,0,0,0,0,0,0,0,0,0,0,0,0,0,0,0,0,0,0
6246,0,0,0,0,0,0,0,0,0,0,0,0,0,0,0,0,0,0,0,0,0
6247,0,0,0,0,0,0,0,0,0,0,0,0,0,0,0,0,0,0,0,0,0
6248,0,0,0,0,0,0,0,0,0,0,0,0,0,0,0,0,0,0,0,0,0
6249,0,0,0,0,0,0,0,0,0,0,0,0,0,0,0,0,0,0,0,0,0
6250,0,0,0,0,0,0,0,0,0,0,0,0,0,0,0,0,0,0,0,0,0
6251,0,0,0,0,0,0,0,0,0,0,0,0,0,0,0,0,0,0,0,0,0
6252,2,1,0,0,0,0,0,0,0,0,0,0,0,0,0,0,0,0,0,0,0
6253,0,0,0,0,0,0,0,0,0,0,0,0,0,0,0,0,0,0,0,0,0
6254,20,19,19,18,15,15,16,21,24,24,22,19,17,18,22,23,23,20,16,15,16
6255,5,5,4,4,3,3,3,4,4,4,4,3,3,3,3,3,3,3,3,3,3
6256,12,13,13,13,11,10,11,12,14,14,13,11,10,11,14,16,16,15,12,11,12
6257,32,34,34,31,26,23,25,32,39,42,39,33,28,28,33,35,34,29,25,22,24
6258,1,1,1,1,1,1,1,1,2,1,1,1,1,1,1,2,2,1,1,1,1
6259,11,12,12,11,9,8,9,11,13,12,11,10,9,10,12,13,13,11,10,9,11
6260,6,7,7,7,6,5,5,6,7,7,7,6,5,5,6,7,7,7,6,5,5
6261,1,1,1,1,1,1,1,1,1,2,1,1,1,1,2,2,2,2,2,1,2
6262,3,3,4,4,4,4,3,3,3,4,4,4,4,3,3,3,4,4,4,4,3
6263,0,0,0,0,0,0,0,0,0,0,0,0,0,0,0,0,0,0,0,0,0
6264,0,0,0,0,0,0,0,0,0,0,0,0,0,0,0,0,0,0,0,0,0
6265,4,7,6,6,5,3,2,4,7,6,6,5,3,2,4,7,6,6,5,3,3
6266,0,0,0,0,0,0,0,0,0,0,0,0,0,0,0,0,0,0,0,0,0
6267,1,1,1,1,0,0,1,1,1,1,1,0,0,1,1,1,1,1,0,0,1
6268,0,0,0,0,0,0,0,0,0,0,0,0,0,0,0,0,0,0,0,0,0
6269,0,0,0,0,0,0,0,0,0,0,0,0,0,0,0,0,0,0,0,0,0
6270,0,0,0,0,1,1,1,1,0,0,0,0,0,0,0,0,0,0,0,0,0
6271,0,0,0,0,0,0,0,0,0,0,0,0,0,0,0,0,0,0,0,0,0
6272,0,0,0,0,0,0,0,0,0,0,0,0,0,0,0,0,0,0,0,0,0
6273,1,1,1,1,1,1,1,1,1,1,1,1,1,1,1,1,1,1,1,1,1
6274,1,1,2,1,1,1,1,1,1,2,1,1,1,1,1,1,1,1,1,1,1
6275,0,0,0,0,0,0,0,0,0,0,0,0,0,0,0,0,0,0,0,0,0
6276,9,11,11,7,6,5,4,9,11,11,7,6,5,4,9,11,11,7,6,5,4
6277,6,6,7,7,6,5,5,6,6,7,7,6,5,5,6,6,7,7,6,5,5
6278,0,0,0,0,0,0,1,0,0,0,0,0,0,1,0,0,0,0,0,0,1
6279,1,1,1,1,1,1,1,1,1,1,1,1,1,1,1,1,1,1,1,1,1
6280,11,12,12,12,12,10,9,11,12,12,12,12,10,9,11,12,12,12,12,10,9
6281,13,14,14,12,11,10,11,13,14,14,12,11,10,11,13,14,14,12,11,11,11
6282,8,9,10,9,8,6,5,7,8,9,9,8,6,5,7,8,9,8,7,6,5
6283,4,4,4,3,3,3,3,3,4,4,4,4,3,3,3,4,4,4,4,3,4
6284,2,2,2,2,2,1,2,2,2,2,2,2,2,2,2,2,2,2,2,1,2
6285,1,1,1,1,1,1,1,1,1,1,1,1,1,1,1,1,1,1,1,1,1
6286,17,17,16,15,14,13,14,17,17,16,15,14,13,13,17,17,16,15,14,13,14
6287,3,3,4,3,3,2,3,3,3,4,3,3,3,3,3,3,3,3,2,2,3
6288,93,97,98,83,78,80,92,91,102,108,94,86,86,98,98,106,108,92,85,86,98
6289,1,1,1,1,1,0,0,0,1,1,1,1,0,0,0,1,1,1,1,0,0
6290,2,3,3,3,3,2,2,3,3,4,3,3,2,2,3,4,4,4,4,3,4
6291,2,2,1,1,1,1,2,2,2,2,2,2,2,2,2,2,2,2,2,2,3
6292,7,10,9,9,8,6,6,6,9,9,9,8,6,6,6,9,9,9,8,6,6
6293,1,1,1,2,1,1,1,1,1,1,2,1,1,1,1,1,1,2,1,1,1
6294,2,2,3,3,3,2,2,2,2,3,3,3,2,2,2,2,3,3,3,2,2
6295,63,66,72,71,67,63,58,65,74,86,85,78,71,65,72,78,83,80,73,68,63
6296,9,9,9,7,6,5,6,7,8,8,8,7,6,6,7,6,6,6,5,5,6
6297,19,23,22,24,19,15,19,18,22,21,24,19,15,19,18,21,21,23,19,15,19
6298,0,0,0,1,0,0,0,0,0,1,1,1,1,0,1,1,1,1,1,1,1
6299,3,4,4,4,3,2,2,3,4,4,4,3,2,2,3,4,5,5,3,2,2
6300,5,5,5,5,3,3,3,5,6,6,6,5,5,4,6,6,5,4,3,3,4
6301,1,1,2,1,1,1,1,1,1,2,1,1,1,1,1,1,2,1,1,1,1
6302,2,2,1,1,1,1,1,1,1,1,1,1,1,1,2,2,1,1,1,1,1
6303,0,0,0,0,0,0,0,0,0,0,0,0,0,0,0,0,0,0,0,0,0
6304,0,0,0,0,0,0,0,0,0,0,0,0,0,0,0,0,0,0,0,0,0
6305,0,0,0,0,0,0,0,0,0,0,0,0,0,0,0,0,0,0,0,0,0
6306,4,4,4,4,4,3,3,4,4,4,4,4,3,3,4,4,4,4,4,3,3
6307,2,3,3,2,2,2,2,2,3,3,2,2,2,2,2,3,3,2,2,2,2
6308,2,2,2,2,2,2,2,2,2,2,2,2,2,2,2,2,2,2,2,2,2
6309,0,0,0,0,0,0,0,0,0,0,0,0,0,0,0,0,0,0,0,0,0
6310,11,10,11,10,9,8,9,11,12,13,12,10,9,10,10,9,10,9,8,7,8
6311,0,0,1,1,1,0,0,0,0,1,1,1,0,0,0,0,1,1,1,0,0
6312,0,1,1,1,1,0,0,1,1,1,1,1,0,0,1,1,1,1,1,1,1
6313,1,2,1,1,1,1,1,1,2,1,1,1,1,1,2,2,2,2,1,1,1
6314,0,0,0,0,0,0,0,0,0,0,0,0,0,0,0,0,0,0,0,0,0
6315,0,0,0,0,0,0,0,0,0,0,0,0,0,0,0,0,0,0,0,0,0
6316,0,0,0,0,0,0,0,0,0,0,0,0,0,0,0,0,0,0,0,0,0
6317,1,1,1,1,1,1,1,1,1,1,1,1,1,1,1,1,1,1,0,0,1
6318,0,0,0,0,0,0,0,0,0,0,0,0,0,0,0,0,0,0,0,0,0
6319,0,0,0,0,0,0,0,0,0,0,0,0,0,0,0,0,0,0,0,0,0
6320,0,0,0,0,0,0,0,0,0,0,0,0,0,0,0,0,0,0,0,0,0
6321,0,0,0,0,0,0,0,0,0,0,0,0,0,0,0,0,0,0,0,0,0
6322,0,0,0,0,0,0,0,0,0,0,0,0,0,0,0,0,0,0,0,0,0
6323,0,0,0,0,0,0,0,0,0,0,0,0,0,0,0,0,0,0,0,0,0
6324,0,0,0,0,0,0,0,0,0,0,0,0,0,0,0,0,0,0,0,0,0
6325,0,0,0,0,0,0,0,0,0,0,0,0,0,0,0,0,0,0,0,0,0
6326,0,0,0,0,0,0,0,0,0,0,0,0,0,0,0,0,0,0,0,0,0
6327,1,0,0,1,0,0,0,1,0,0,1,0,0,0,1,0,0,1,0,0,0
6328,1,1,1,1,1,1,1,1,1,1,1,1,1,1,1,1,1,1,1,1,1
6329,0,0,0,0,0,0,0,0,0,0,0,0,0,0,0,0,0,0,0,0,0
6330,0,0,0,0,0,0,0,0,0,0,0,0,0,0,0,0,0,0,0,0,0
6331,0,0,0,0,0,0,0,0,0,0,0,0,0,0,0,0,0,0,0,0,0
6332,0,0,0,1,1,1,0,0,0,1,1,1,1,0,0,0,0,1,1,1,0
6333,2,2,2,2,1,1,1,2,2,2,2,1,1,1,2,2,2,2,1,1,1
6334,0,0,0,0,0,0,0,0,0,0,0,0,0,0,0,0,0,0,0,0,0
6335,38,38,40,32,31,29,30,40,47,52,44,41,37,35,44,45,46,36,33,30,29
6336,0,0,0,0,0,0,0,0,0,0,0,0,0,0,0,0,0,0,0,0,0
6337,0,0,0,0,0,0,0,0,0,0,0,0,0,0,0,0,0,0,0,0,0
6338,1,1,1,1,1,1,1,1,1,1,1,1,1,1,1,1,1,1,1,1,1
6339,19,24,28,27,23,19,17,21,26,29,28,23,18,17,22,27,30,29,24,19,18
6340,11,9,8,8,6,6,6,8,7,8,8,7,7,6,7,5,5,6,5,5,5
6341,1,1,1,1,1,1,1,1,1,1,1,1,1,1,1,1,1,1,1,1,1
6342,0,0,0,0,0,0,0,0,0,0,0,0,0,0,0,0,0,0,0,0,0
6343,2,3,3,3,2,2,2,3,4,4,3,3,3,3,4,5,5,4,4,3,4
6344,8,7,8,6,5,6,6,8,7,8,6,5,6,6,7,6,7,5,4,5,6
6345,1,1,1,1,1,1,1,1,1,1,1,1,1,1,1,1,1,1,1,1,1
6346,0,0,0,0,0,0,0,0,0,0,0,0,0,0,0,0,0,0,0,0,0
6347,0,0,0,0,0,0,0,0,0,0,0,0,0,0,0,0,0,0,0,0,0
6348,4,4,4,4,4,4,3,4,4,4,4,4,4,3,4,4,4,4,4,4,3
6349,19,23,26,23,18,17,15,21,29,36,33,24,20,16,20,24,25,21,18,18,16
6350,1,1,1,0,0,0,0,1,1,1,0,0,0,0,1,1,1,0,0,0,0
6351,1,1,1,0,0,0,1,1,1,1,0,0,0,1,1,1,1,0,0,0,1
6352,0,0,0,0,0,0,0,0,0,0,0,0,0,0,0,0,0,0,0,0,0
6353,0,0,0,0,0,0,0,0,0,0,0,0,0,0,0,0,0,0,0,0,0
6354,0,0,0,0,0,0,0,0,0,0,0,0,0,0,0,0,0,0,0,0,0
6355,0,0,0,0,0,0,0,0,0,0,0,0,0,0,0,0,0,0,0,0,0
6356,0,0,0,0,0,0,0,1,1,0,0,0,0,0,1,1,0,0,0,0,0
6357,1,0,1,1,1,0,0,1,0,1,1,1,0,0,1,0,1,1,1,0,0
6358,0,0,0,0,0,0,0,0,0,0,0,0,0,0,0,0,0,0,0,0,0
6359,3,3,3,3,2,2,2,2,2,3,3,2,2,2,2,2,2,2,2,2,2
6360,1,1,1,1,1,1,1,1,1,1,1,1,1,1,1,1,1,1,1,1,1
6361,0,0,0,0,0,0,0,0,0,0,0,0,0,0,0,0,0,0,0,0,0
6362,8,9,9,7,6,6,7,8,9,9,7,6,6,7,8,9,9,7,6,6,7
6363,1,2,2,2,1,1,1,1,2,2,2,1,1,1,1,2,2,2,1,2,1
6364,3,3,3,3,2,2,2,3,3,3,3,2,2,2,3,3,3,3,2,2,2
6365,2,2,2,2,1,1,1,2,2,2,2,1,1,1,2,2,2,2,1,1,1
6366,1,1,1,0,0,0,0,1,1,1,0,0,0,0,1,1,0,0,0,0,0
6367,1,1,1,1,1,1,1,1,1,1,1,1,1,1,1,1,1,1,1,1,1
6368,1,0,1,0,0,0,0,1,0,1,0,0,0,0,1,0,1,0,0,0,0
6369,0,0,0,0,0,0,0,0,0,0,0,0,0,0,0,0,0,0,0,0,0
6370,4,5,5,4,4,3,4,4,5,5,4,4,3,4,4,5,5,4,4,3,4
6371,0,0,0,0,0,0,0,0,0,0,1,1,0,0,0,0,0,1,0,0,0
6372,2,2,2,2,2,2,2,2,2,2,2,2,2,2,2,2,2,2,2,2,2
6373,1,1,0,1,1,1,1,1,1,0,1,1,1,1,1,1,0,1,1,1,1
6374,20,21,18,15,13,13,15,19,21,20,18,14,13,13,16,17,15,14,12,13,14
6375,5,5,5,5,5,4,4,5,5,5,5,5,4,4,5,5,5,5,5,4,4
6376,26,24,23,21,19,17,18,22,25,28,28,25,22,22,25,25,26,24,21,19,19
6377,1,0,0,0,0,0,0,1,0,0,0,0,0,0,1,0,0,0,0,0,0
6378,21,21,20,18,16,16,16,20,22,23,21,19,19,19,21,22,22,19,17,17,16
6379,8,8,9,5,4,5,5,7,8,9,5,4,4,5,7,8,8,5,4,4,5
6380,40,42,42,38,33,32,32,40,41,41,38,33,32,32,40,41,41,37,32,32,32
6381,4,4,4,3,2,2,3,4,4,4,3,2,2,2,4,4,4,3,2,2,3
6382,12,14,14,13,11,9,8,12,14,14,13,11,9,8,11,14,14,13,11,9,8
6383,4,4,4,5,5,4,3,4,4,4,5,5,4,3,4,4,4,5,5,4,3
6384,4,5,4,4,3,3,3,4,4,4,4,3,3,3,4,4,4,4,3,3,3
6385,0,0,0,0,0,0,0,0,0,0,0,0,0,0,0,0,0,0,0,0,0
6386,1,1,2,2,2,2,1,1,1,2,2,2,2,1,1,1,2,2,2,2,1
6387,0,1,1,1,1,1,0,0,1,0,0,0,0,0,0,0,0,0,0,0,0
6388,0,0,0,0,0,0,0,0,0,0,0,0,0,0,0,0,0,0,0,0,0
6389,2,2,2,1,1,1,1,2,2,2,1,1,1,1,2,2,2,1,1,1,1
6390,0,0,0,0,0,0,0,0,0,0,0,0,0,0,1,1,1,1,1,1,1
6391,18,20,21,21,20,19,17,19,22,22,22,20,18,16,17,20,21,21,20,19,17
6392,7,7,8,9,8,7,6,8,9,9,10,8,7,5,7,8,8,9,8,7,5
6393,0,1,0,1,0,0,0,0,1,0,1,0,0,0,0,1,0,1,0,0,0
6394,1,0,0,1,1,0,1,0,0,0,1,1,0,1,0,0,0,1,1,0,1
6395,3,3,3,2,3,2,3,3,3,3,2,3,2,3,3,3,3,2,3,2,3
6396,0,0,0,0,0,0,0,0,0,0,0,0,0,0,0,0,0,0,0,0,0
6397,0,0,0,0,0,0,0,0,0,0,0,0,0,0,0,0,0,0,0,0,0
6398,0,0,0,0,0,0,0,0,0,0,0,0,0,0,0,0,0,0,0,0,0
6399,0,0,0,0,0,0,0,0,0,0,0,0,0,0,0,0,0,0,0,0,0
6400,0,0,0,0,0,0,0,0,0,0,0,0,0,0,0,0,0,0,0,0,0
6401,0,1,0,0,0,0,0,0,1,0,0,0,0,0,0,1,0,0,0,0,0
6402,0,0,0,0,0,0,0,0,0,0,0,0,0,0,0,0,0,0,0,0,0
6403,0,0,0,0,0,0,0,0,0,0,0,0,0,0,0,0,0,0,0,0,0
6404,0,0,0,0,0,0,0,0,0,0,0,0,0,0,0,0,0,0,0,0,0
6405,0,0,0,0,0,0,0,0,0,0,0,0,0,0,0,0,0,0,0,0,0
6406,0,0,0,0,0,0,0,0,0,0,0,0,0,0,0,0,0,0,0,0,0
6407,0,0,0,0,0,0,0,0,0,0,0,0,0,0,0,0,0,0,0,0,0
6408,0,0,0,0,0,0,0,0,0,0,0,0,0,0,0,0,0,0,0,0,0
6409,0,0,0,0,0,0,0,0,0,0,0,0,0,0,0,0,0,0,0,0,0
6410,0,0,0,0,0,0,0,0,0,0,0,0,0,0,0,0,0,0,0,0,0
6411,0,0,0,0,0,0,0,0,0,0,0,0,0,0,0,0,0,0,0,0,0
6412,0,0,0,0,0,0,0,0,0,0,0,0,0,0,0,0,0,0,0,0,0
6413,0,0,0,0,0,0,0,0,0,0,0,0,0,0,0,0,0,0,0,0,0
6414,0,0,0,0,0,0,0,0,0,0,0,0,1,1,1,1,1,1,1,1,1
6415,0,0,0,0,0,0,0,0,0,0,0,0,0,0,0,0,0,0,0,0,0
6416,0,0,0,0,0,0,0,0,0,0,0,0,0,0,0,0,0,0,0,0,0
6417,1,1,1,1,1,1,1,1,1,1,1,1,1,1,1,1,1,1,1,1,1
6418,7,7,6,5,4,4,5,7,7,6,5,4,3,4,5,5,5,5,4,4,5
6419,0,0,0,0,0,0,0,0,0,0,0,0,0,0,0,0,0,0,0,0,0
6420,0,0,0,0,0,0,0,0,0,0,0,0,0,0,0,0,0,0,0,0,0
6421,0,0,0,0,0,0,0,0,0,0,0,0,0,0,0,0,0,0,0,0,0
6422,0,0,0,0,0,0,0,0,0,0,0,0,0,0,0,0,0,0,0,0,0
6423,3,5,8,6,4,3,3,3,5,8,6,4,3,3,3,5,8,6,4,3,3
6424,30,36,36,35,29,26,25,33,41,38,34,28,23,22,31,40,40,37,31,26,25
6425,47,55,58,49,34,24,25,32,41,47,43,32,24,25,34,40,39,34,26,20,21
6426,30,38,37,32,27,21,22,27,36,36,33,28,22,22,26,32,30,28,24,20,21
6427,7,10,11,8,6,4,4,7,10,11,8,6,4,4,7,10,11,8,6,4,4
6428,2,4,5,4,3,2,2,2,4,5,5,3,2,2,2,4,5,5,3,2,2
6429,18,21,21,20,16,13,12,16,21,22,21,17,13,12,16,21,21,21,17,14,13
6430,12,15,17,16,13,11,10,12,15,17,15,13,10,9,12,15,16,14,13,10,9
6431,10,11,10,8,6,6,6,9,12,10,9,7,6,7,10,12,11,9,7,7,6
6432,15,18,19,18,14,12,13,17,20,20,18,14,12,12,14,15,14,12,10,8,9
6433,12,11,11,10,8,7,9,12,14,15,14,11,10,11,14,15,15,13,10,9,11
6434,20,22,21,21,16,14,16,20,23,21,20,15,13,14,18,19,18,17,13,11,12
6435,27,32,31,28,23,20,18,25,31,30,28,23,19,18,25,30,29,27,22,19,17
6436,53,57,59,56,48,40,40,51,58,61,58,49,41,41,51,56,56,52,45,38,38
6437,28,35,36,28,24,20,20,28,34,36,29,25,20,20,28,32,33,27,23,20,20
6438,35,38,42,42,33,28,29,38,44,45,42,32,27,28,38,42,41,38,30,26,28
6439,20,25,26,23,18,16,16,20,25,26,23,18,16,16,20,25,26,23,18,16,16
6440,9,15,16,12,8,6,5,9,15,16,12,8,6,5,9,15,16,12,8,6,5
6441,0,0,0,0,0,0,0,0,0,0,0,0,0,0,0,0,0,0,0,0,0
6442,0,0,0,0,0,0,0,0,0,0,0,0,0,0,0,0,0,0,0,0,0
6443,0,0,0,0,0,0,0,0,0,0,0,0,0,0,0,0,0,0,0,0,0
6444,0,0,0,0,0,0,0,0,0,0,0,0,0,0,0,0,0,0,0,0,0
6445,9,8,5,5,4,5,7,9,8,5,5,4,5,7,9,8,5,5,4,5,7
6446,13,15,15,15,13,13,12,13,15,15,15,13,13,12,13,15,15,15,13,13,12
6447,2,2,2,2,2,2,2,2,2,2,2,2,2,2,2,2,2,2,2,2,2
6448,0,0,0,0,0,0,0,0,0,0,0,0,0,0,0,0,0,0,0,0,0
6449,0,0,0,0,0,0,0,0,0,0,0,0,0,0,0,0,0,0,0,0,0
6450,73,78,81,74,83,71,65,73,78,81,74,83,71,65,73,78,81,74,83,71,65
6451,9,10,9,8,7,7,7,9,10,9,8,7,7,8,11,13,12,10,9,8,9
6452,2,2,1,1,1,1,1,2,2,1,1,1,1,1,2,2,1,1,1,1,1
6453,13,15,15,16,15,14,13,13,15,15,16,15,14,13,13,15,15,16,15,14,13
6454,12,15,16,15,12,10,10,12,15,16,15,12,10,10,12,15,15,14,11,10,9
6455,0,0,0,0,0,0,0,0,0,0,0,0,0,0,0,0,0,0,0,0,0
6456,2,1,1,1,1,1,1,2,2,1,1,1,1,2,2,2,1,1,1,1,2
6457,29,32,32,30,25,23,22,28,34,37,36,29,26,26,32,37,36,33,27,24,24
6458,0,1,1,1,1,1,1,0,1,1,1,1,1,1,1,1,1,1,1,2,1
6459,0,0,0,0,0,0,0,0,0,0,0,0,0,0,0,0,0,0,0,0,0
6460,35,44,48,48,40,32,29,36,47,51,52,45,36,32,41,50,53,51,43,35,31
6461,1,1,1,0,0,0,0,1,1,1,0,0,0,0,1,1,1,0,0,0,0
6462,0,0,0,0,0,0,0,0,0,0,0,0,0,0,0,0,0,0,0,0,0
6463,0,0,0,0,0,0,0,0,0,0,0,0,0,0,0,0,0,0,0,0,0
6464,74,81,83,67,68,64,68,76,85,86,69,71,66,69,78,87,88,70,71,66,70
6465,17,19,22,22,18,14,13,16,19,21,21,17,13,12,16,18,21,21,17,13,12
6466,5,7,7,6,5,5,5,6,7,7,6,5,4,5,7,8,8,6,5,5,5
6467,28,30,29,28,29,29,29,28,30,29,28,29,29,29,28,30,29,28,29,29,29
6468,0,0,0,0,0,0,0,0,0,0,0,0,0,0,0,0,0,0,0,0,0
6469,59,69,72,69,63,54,53,55,67,72,71,67,58,56,60,70,71,65,60,52,52
6470,1,1,1,2,2,2,1,1,1,1,2,2,2,1,1,1,1,2,2,2,1
6471,5,5,6,4,6,6,6,5,5,6,4,6,6,6,5,5,6,4,6,6,6
6472,2,2,2,2,2,1,1,2,2,2,2,2,1,1,2,2,2,2,2,1,1
6473,2,3,3,3,3,2,2,2,3,3,3,3,2,2,2,3,3,3,3,2,2
6474,8,8,8,7,7,8,7,8,8,8,7,7,7,7,8,8,8,7,7,7,7
6475,4,4,5,4,3,4,5,4,4,5,4,4,4,5,4,4,5,4,4,4,5
6476,0,0,0,0,0,0,0,0,0,0,0,0,0,0,0,0,0,0,0,0,0
6477,0,0,0,0,0,0,0,0,0,0,0,0,0,0,0,0,0,0,0,0,0
6478,0,0,0,0,0,0,0,0,0,0,0,0,0,0,0,0,0,0,0,0,0
6479,0,0,0,0,0,1,1,1,1,1,1,1,1,1,1,1,0,0,0,0,0
6480,0,0,0,0,0,0,0,0,0,0,0,0,0,0,0,0,0,0,0,0,0
6481,0,0,0,0,0,0,0,0,0,0,0,0,0,0,0,0,0,0,0,0,0
6482,0,0,0,0,0,0,0,0,0,0,0,0,0,0,0,0,0,0,0,0,0
6483,0,0,0,0,0,0,0,0,0,0,0,0,0,0,0,0,0,0,0,0,0
6484,0,0,0,0,0,0,0,0,0,0,0,0,0,0,0,0,0,0,0,0,0
6485,0,0,0,0,0,0,0,0,0,0,0,0,0,0,0,0,0,0,0,0,0
6486,0,0,0,0,0,0,0,0,0,0,0,0,0,0,0,0,0,0,0,0,0
6487,0,0,0,0,0,0,0,0,0,0,0,0,0,0,0,0,0,0,0,0,0
6488,0,0,0,0,0,0,0,0,0,0,0,0,0,0,0,0,0,0,0,0,0
6489,0,0,0,0,0,0,0,0,0,0,0,0,0,0,0,0,0,0,0,0,0
6490,0,0,0,0,0,0,0,0,0,0,0,0,0,0,0,0,0,0,0,0,0
6491,30,25,26,27,22,20,25,30,25,20,16,14,13,16,22,20,20,20,19,19,22
6492,1,1,1,0,0,1,1,1,1,1,0,0,1,1,1,1,1,0,1,1,1
6493,1,1,1,1,1,1,1,2,1,1,1,1,1,1,2,2,2,1,1,2,2
6494,4,5,5,5,4,3,3,4,5,5,5,4,3,3,4,5,5,5,4,3,3
6495,1,1,1,1,1,1,1,1,1,1,1,1,1,1,1,1,1,1,1,1,1
6496,1,1,1,1,1,1,1,1,1,1,1,1,1,1,1,1,1,1,1,1,1
6497,0,0,0,0,0,0,0,0,0,0,0,0,0,0,0,0,0,0,0,0,0
6498,0,0,0,0,0,0,0,0,0,0,0,0,0,0,0,0,0,0,0,0,0
6499,1,1,1,1,1,1,1,1,1,1,1,1,1,1,1,1,1,1,1,1,1
6500,0,0,0,0,0,0,0,0,0,0,0,0,0,0,0,0,0,0,0,0,0
6501,0,0,0,0,0,0,0,0,0,0,0,0,0,0,0,0,0,0,0,0,0
6502,0,0,0,0,0,0,0,0,0,0,0,0,0,0,0,0,0,0,0,0,0
6503,1,1,1,1,1,1,1,1,1,1,1,1,1,1,1,1,1,1,1,1,1
6504,3,2,2,2,3,2,3,3,2,2,2,3,2,3,3,2,2,2,3,2,3
6505,4,5,5,4,3,2,3,4,5,5,4,3,2,3,4,5,5,4,3,2,3
6506,0,0,0,0,0,0,0,0,0,0,0,0,0,0,0,0,0,0,0,0,0
6507,0,0,0,0,0,0,0,0,0,0,0,0,0,0,0,0,0,0,0,0,0
6508,0,0,0,0,0,0,0,0,0,0,0,0,0,0,0,0,0,0,0,0,0
6509,0,1,1,1,0,0,0,1,2,2,1,1,1,1,1,3,3,3,3,2,3
6510,0,0,0,0,0,0,0,0,0,0,0,0,0,0,0,0,0,0,0,0,0
6511,0,0,0,0,0,0,0,0,0,0,0,0,0,0,0,0,0,0,0,0,0
6512,0,0,0,0,0,0,0,0,0,0,0,0,0,0,0,0,0,0,0,0,0
6513,0,0,0,0,0,0,0,0,0,0,0,0,0,0,0,0,0,0,0,0,0
6514,0,0,0,0,0,0,0,0,0,0,0,0,0,0,0,0,0,0,0,0,0
6515,0,0,0,0,0,0,0,0,0,0,0,0,0,0,0,0,0,0,0,0,0
6516,0,0,0,0,0,0,0,0,0,0,0,0,0,0,0,0,0,0,0,0,0
6517,0,0,0,0,0,0,0,0,0,0,0,0,0,0,0,0,0,0,0,0,0
6518,0,0,0,0,0,0,0,0,0,0,0,0,0,0,0,0,0,0,0,0,0
6519,0,0,0,0,0,0,0,0,0,0,0,0,0,0,0,0,0,0,0,0,0
6520,0,0,0,0,0,0,0,0,0,0,0,0,0,0,0,0,0,0,0,0,0
6521,0,0,0,0,0,0,0,0,0,0,0,0,0,0,0,0,0,0,0,0,0
6522,0,0,0,0,0,0,0,0,0,0,0,0,0,0,0,0,0,0,0,0,0
6523,0,0,0,0,0,0,0,0,0,0,0,0,0,0,0,0,0,0,0,0,0
6524,0,0,0,0,0,0,0,0,0,0,0,0,0,0,0,0,0,0,0,0,0
6525,0,1,1,1,0,0,0,0,1,1,1,0,0,0,0,1,1,1,1,0,0
6526,0,0,1,0,0,0,0,0,0,1,0,0,0,0,0,0,1,0,0,0,0
6527,0,1,1,0,0,0,0,0,1,1,0,0,0,0,0,1,1,0,0,0,0
6528,706,787,908,848,732,619,544,706,787,908,848,732,619,544,706,787,908,848,732,619,544
6529,0,0,0,0,0,0,0,0,0,0,0,0,0,0,0,0,0,0,0,0,0
6530,5,5,5,4,4,3,4,4,5,4,4,4,3,4,4,5,4,4,3,3,4
6531,3,3,3,2,2,2,3,3,3,3,3,3,3,3,4,4,4,3,3,4,4
6532,1,1,2,2,2,1,1,1,1,2,2,2,1,1,1,1,2,1,2,1,1
6533,3,3,3,4,3,3,3,3,3,3,4,3,3,3,3,3,3,4,3,2,3
6534,3,3,3,3,3,2,3,4,4,4,4,3,3,3,4,3,3,3,3,3,3
6535,3,4,3,3,3,2,2,3,4,3,3,3,2,2,3,4,3,3,3,2,2
6536,3,3,3,3,3,2,3,3,3,3,3,3,2,3,3,3,3,3,3,2,3
6537,4,5,5,4,4,3,3,4,5,5,4,4,3,3,4,5,5,4,4,3,4
6538,28,30,30,33,31,28,24,28,30,30,33,31,28,24,28,30,30,33,31,28,24
6539,15,17,17,17,17,14,13,14,17,17,17,17,14,13,14,17,17,17,17,14,13
6540,1,1,1,1,1,1,1,1,1,1,1,1,1,1,1,1,1,1,1,1,1
6541,7,9,9,9,8,6,6,7,9,10,10,8,6,6,7,9,9,9,8,6,6
6542,171,173,198,173,169,145,157,177,182,206,179,173,147,157,177,181,207,180,174,148,159
6543,3,3,3,3,3,3,3,3,3,3,3,3,3,3,3,3,3,3,3,3,3
6544,15,17,17,16,15,13,14,15,16,17,16,15,12,14,15,16,17,16,15,12,14
6545,0,1,0,0,1,1,1,1,1,1,1,1,1,1,1,1,1,1,1,1,1
6546,2,1,2,1,2,1,1,2,1,2,1,2,1,1,2,1,2,1,2,1,1
6547,3,3,3,3,3,3,2,3,3,3,3,3,3,2,3,3,3,3,3,3,2
6548,1,2,2,1,1,1,1,1,2,2,1,1,1,1,1,2,2,1,1,1,1
6549,1,1,1,1,1,1,1,1,1,1,1,1,1,1,1,1,1,1,1,1,1
6550,0,0,0,0,0,0,0,0,0,0,0,0,0,0,0,0,0,0,0,0,0
6551,0,0,0,0,0,0,0,0,0,0,0,0,0,0,0,0,0,0,0,0,0
6552,0,0,0,0,0,0,0,0,0,0,0,0,0,0,0,0,0,0,0,0,0
6553,2,3,3,2,2,2,2,3,3,2,2,2,2,2,2,2,2,2,2,2,2
6554,1,2,1,1,1,1,2,1,2,1,1,1,1,2,1,2,1,1,1,1,2
6555,0,0,0,0,0,0,0,0,0,0,0,0,0,0,0,0,0,0,0,0,0
6556,0,0,0,0,0,0,0,0,0,0,0,0,0,0,0,0,0,0,0,0,0
6557,2,2,2,2,2,2,2,3,3,2,2,2,2,2,3,3,2,2,2,2,2
6558,2,2,2,2,1,1,2,2,2,2,2,2,2,2,2,2,2,2,2,2,2
6559,9,9,10,10,10,8,7,9,9,9,9,9,8,7,9,9,9,9,9,7,7
6560,1,1,1,1,1,1,1,1,1,1,1,1,1,1,1,1,1,1,1,1,1
6561,0,0,0,0,0,0,0,0,0,0,0,0,0,0,0,0,0,0,0,0,0
6562,0,0,0,0,0,0,0,0,0,0,0,0,0,0,0,0,0,0,0,0,0
6563,5,6,6,6,6,5,6,6,6,6,4,4,3,4,4,4,4,4,4,4,4
6564,0,0,0,0,0,0,0,0,0,0,0,0,0,0,0,0,0,0,0,0,0
6565,0,0,0,0,0,0,0,0,0,0,0,0,0,0,0,0,0,0,0,0,0
6566,0,0,0,0,0,0,0,0,0,0,0,0,0,0,0,0,0,0,0,0,0
6567,1,1,1,1,1,1,1,1,1,1,1,1,1,1,1,1,1,1,1,1,1
6568,57,55,59,53,46,40,40,48,49,54,49,43,38,39,48,50,57,52,45,40,40
6569,37,36,35,31,27,25,27,32,33,33,29,25,23,24,30,31,33,30,27,25,27
6570,33,30,30,28,26,23,26,33,30,30,28,26,23,26,33,30,30,28,26,23,26
6571,2,2,2,2,2,1,1,2,2,2,2,2,1,1,2,2,2,2,2,1,1
6572,39,36,36,29,23,21,23,34,37,41,36,31,26,27,37,37,37,31,27,24,27
6573,0,0,0,0,0,0,0,0,0,0,0,0,0,0,0,0,0,0,0,0,0
6574,1,1,1,1,1,1,1,1,1,1,1,1,1,1,1,1,1,1,1,1,1
6575,3,2,2,2,1,1,1,2,1,1,1,1,1,1,1,1,1,1,1,1,1
6576,6,5,5,4,3,4,4,5,5,5,4,3,4,4,5,5,5,4,3,4,4
6577,14,14,13,11,12,11,12,14,14,14,12,12,11,11,13,12,12,11,12,11,11
6578,7,7,7,6,5,4,4,5,7,7,6,5,4,4,5,6,6,5,4,4,4
6579,2,3,2,1,1,2,2,2,3,2,1,1,2,2,2,3,2,1,1,2,2
6580,0,0,0,0,0,0,0,0,0,0,0,0,0,0,0,0,0,0,0,0,0
6581,3,3,4,3,3,3,2,3,3,4,3,3,3,2,3,3,4,3,3,3,2
6582,1,1,1,1,1,1,0,1,1,1,1,1,1,0,1,1,1,1,1,1,1
6583,8,8,9,5,5,5,6,7,7,8,5,4,5,5,6,7,8,5,5,6,6
6584,6,7,8,8,6,4,4,6,6,8,8,6,4,4,5,6,8,8,6,3,4
6585,6,6,5,6,4,5,5,6,6,5,6,4,5,5,6,6,5,6,4,5,5
6586,25,27,28,28,25,22,23,26,30,30,31,27,24,24,26,29,28,28,25,22,22
6587,1,1,1,1,1,0,0,1,1,1,1,1,1,1,1,1,1,1,1,1,2
6588,0,0,0,0,0,0,0,0,0,0,0,0,0,0,0,0,0,0,0,0,0
6589,1,1,0,0,0,1,0,1,1,0,0,0,1,0,1,1,0,0,0,1,0
6590,0,0,0,0,0,0,0,0,0,0,0,0,0,0,0,0,0,0,0,0,0
6591,0,0,1,1,0,1,0,0,0,1,1,0,1,0,0,0,1,1,0,1,0
6592,1,2,1,2,2,2,1,1,2,1,2,2,2,1,1,2,1,2,2,2,1
6593,0,0,0,0,0,0,0,0,0,0,0,0,0,0,0,0,0,0,0,0,0
6594,0,0,0,0,0,0,0,0,0,0,0,0,0,0,0,0,0,0,0,0,0
6595,0,0,0,0,0,0,0,0,0,0,0,0,0,0,0,0,0,0,0,0,0
6596,0,0,0,0,0,0,0,0,0,0,0,0,0,0,0,0,0,0,0,0,0
6597,0,0,0,0,0,0,0,0,0,0,0,0,0,0,0,0,0,0,0,0,0
6598,0,0,0,0,0,1,0,0,0,0,0,0,1,0,0,0,0,0,0,1,0
6599,0,0,0,0,0,0,0,0,0,0,0,0,0,0,0,0,0,0,0,0,0
6600,0,0,0,0,0,0,0,0,0,0,0,0,0,0,0,0,0,0,0,0,0
6601,0,0,0,0,0,0,0,0,0,0,0,0,0,0,0,0,0,0,0,0,0
6602,1,1,1,0,1,1,1,1,1,1,0,1,1,1,1,1,1,0,1,1,1
6603,0,0,0,0,0,0,0,0,0,0,0,0,0,0,0,0,0,0,0,0,0
6604,0,0,0,0,0,0,0,0,0,0,0,0,0,0,0,0,0,0,0,0,0
6605,0,0,0,0,0,0,0,0,0,0,0,0,0,0,0,0,0,0,0,0,0
6606,0,0,0,0,0,0,0,0,0,0,0,0,0,0,0,0,0,0,0,0,0
6607,0,0,0,0,0,0,0,0,0,0,0,0,0,0,0,0,0,0,0,0,0
6608,0,0,0,0,0,0,0,0,0,0,0,0,0,0,0,0,0,0,0,0,0
6609,0,0,0,0,0,0,0,0,0,0,0,0,0,0,0,0,0,0,0,0,0
6610,0,0,0,0,0,0,0,0,0,0,0,0,0,0,0,0,0,0,0,0,0
6611,0,0,0,0,0,0,0,0,0,0,0,0,0,0,0,0,0,0,0,0,0
6612,112,119,118,117,105,90,96,114,126,123,120,107,90,93,111,121,120,117,105,90,96
6613,5,7,7,7,7,5,5,5,7,7,7,7,5,5,5,7,7,7,7,5,5
6614,0,1,1,1,0,0,0,0,1,1,1,0,0,0,0,1,1,1,0,0,0
6615,0,0,0,0,0,0,0,0,0,0,0,0,0,0,0,0,0,0,0,0,0
6616,0,0,0,0,0,0,0,0,0,0,0,0,0,0,0,0,0,0,0,0,0
6617,3,3,4,3,3,3,3,3,3,4,3,3,3,3,3,3,4,3,3,3,3
6618,2,2,2,2,2,2,2,2,2,2,2,2,2,2,2,2,2,2,2,2,2
6619,0,0,0,0,0,0,0,0,0,0,0,0,0,0,0,0,0,0,0,0,0
6620,0,0,0,0,0,0,0,0,0,0,0,0,0,0,0,0,0,0,0,0,0
6621,3,3,3,3,2,1,2,2,3,3,3,2,1,2,3,3,4,3,2,2,2
6622,5,5,5,6,5,5,5,5,5,5,6,5,5,5,5,5,5,6,5,5,5
6623,27,28,28,26,22,22,23,27,28,28,26,22,22,23,27,28,28,26,22,22,23
6624,2,2,1,1,1,1,1,2,2,1,1,1,1,1,2,2,1,1,1,1,1
6625,4,5,6,6,5,4,3,4,5,6,6,5,4,3,4,5,6,6,5,4,3
6626,2,2,2,2,2,1,1,2,2,2,2,2,1,1,2,2,2,2,2,1,1
6627,2,2,2,1,1,1,1,2,2,2,2,1,1,2,2,2,2,2,2,2,2
6628,3,3,3,3,2,2,2,2,3,3,3,2,2,2,3,3,3,3,2,2,2
6629,4,4,3,2,2,2,2,3,3,3,3,3,2,2,3,3,3,2,2,2,3
6630,2,3,2,2,1,2,2,2,3,2,2,1,2,2,2,3,2,2,1,2,2
6631,2,2,2,2,1,1,1,2,2,3,2,1,1,1,2,4,5,4,4,3,3
6632,1,1,1,1,1,1,1,1,1,1,1,1,1,1,1,1,1,1,1,1,1
6633,11,12,10,8,6,6,7,9,11,10,8,6,6,7,9,11,10,9,7,7,8
6634,1,1,1,1,1,1,1,1,1,1,1,1,1,1,1,2,2,2,2,2,2
6635,1,1,1,1,1,0,1,1,1,1,1,1,0,1,1,1,1,1,1,0,1
6636,1,1,1,1,1,1,1,1,1,1,1,1,1,1,1,1,1,1,1,1,1
6637,5,5,5,5,4,4,4,5,5,5,5,4,4,4,5,5,5,5,4,4,4
6638,2,2,1,1,1,1,1,1,2,2,1,1,1,1,2,2,2,1,1,1,1
6639,34,47,35,37,28,42,43,34,47,36,38,29,43,45,37,51,39,41,32,46,47
6640,4,3,3,2,1,1,3,4,3,3,2,2,2,3,4,4,3,3,2,2,4
6641,0,0,0,0,0,0,0,0,0,0,0,0,0,0,0,0,0,0,0,0,0
6642,1,1,1,2,1,1,1,1,1,1,2,1,1,1,1,1,1,1,1,1,1
6643,0,0,0,0,0,0,0,0,0,0,0,0,0,0,0,0,0,0,0,0,0
6644,1,1,1,1,1,0,0,1,1,1,1,1,0,0,1,1,1,1,1,0,0
6645,1,0,0,0,0,0,0,1,1,1,1,0,0,0,1,1,1,1,1,1,1
6646,1,0,0,0,0,0,0,1,0,0,0,0,0,0,1,0,0,0,0,0,0
6647,2,2,2,2,2,2,2,2,2,2,2,2,2,2,2,2,2,2,2,2,2
6648,0,0,0,0,0,0,0,0,0,0,0,0,0,0,0,0,0,0,0,0,0
6649,5,6,6,6,5,4,3,5,6,6,6,5,4,3,5,6,6,6,5,4,3
6650,1,1,1,1,0,0,0,1,1,1,1,0,0,0,1,1,1,1,0,0,0
6651,15,18,22,23,17,11,9,15,18,22,23,17,11,9,15,18,22,23,17,11,9
6652,31,35,34,30,22,21,23,31,35,34,30,22,20,23,31,35,34,30,22,20,23
6653,0,0,0,0,0,0,0,0,0,0,0,0,0,0,0,0,0,0,0,0,0
6654,8,7,8,7,7,7,7,7,7,8,7,7,7,7,7,7,8,7,7,7,7
6655,2,2,2,2,1,2,1,2,2,2,2,1,2,1,2,2,2,2,1,2,1
6656,0,0,0,0,0,0,0,0,0,0,0,0,0,0,0,0,0,0,0,0,0
6657,1,1,0,1,1,1,1,1,1,0,1,1,1,1,1,1,0,1,1,1,1
6658,0,0,0,0,0,0,0,0,0,0,0,0,0,0,0,0,0,0,0,0,0
6659,3,4,4,4,4,3,3,4,4,4,4,4,4,3,4,4,4,4,4,4,4
6660,0,0,0,0,0,0,0,0,0,0,0,0,0,0,0,0,0,0,0,0,0
6661,0,0,0,0,0,0,0,0,0,0,0,0,0,0,0,0,0,0,0,0,0
6662,0,0,0,0,0,0,0,0,0,0,0,0,0,0,0,0,0,0,0,0,0
6663,0,0,0,0,0,0,0,0,0,0,0,0,0,0,0,0,0,0,0,0,0
6664,0,0,0,0,0,0,0,0,0,0,0,0,0,0,0,0,0,0,0,0,0
6665,0,0,0,0,0,0,0,0,0,0,0,0,0,0,0,0,0,0,0,0,0
6666,0,0,0,0,0,0,0,0,0,0,0,0,0,0,0,0,0,0,0,0,0
6667,0,0,0,0,0,0,0,0,0,0,0,0,0,0,0,0,0,0,0,0,0
6668,0,0,0,0,0,0,0,0,0,0,0,0,0,0,0,0,0,0,0,0,0
6669,0,0,0,0,0,0,0,0,0,0,0,1,1,1,1,1,0,0,0,0,1
6670,26,30,32,27,21,17,18,26,30,32,27,21,17,18,26,30,32,27,21,17,18
6671,11,14,15,14,12,9,9,11,14,15,14,12,9,9,11,14,15,14,12,9,9
6672,4,5,5,5,4,3,3,4,5,5,5,4,3,3,4,5,5,5,4,3,3
6673,4,5,6,5,3,3,3,4,5,6,5,3,3,3,4,5,6,5,3,3,3
6674,0,0,0,0,0,0,0,0,0,0,0,0,0,0,0,0,0,0,0,0,0
6675,0,0,0,0,0,0,0,0,0,0,0,0,0,0,0,0,0,0,0,0,0
6676,0,0,0,0,0,0,0,0,0,0,0,0,0,0,0,0,0,0,0,0,0
6677,0,0,0,0,0,0,0,0,0,0,0,0,0,0,0,0,0,0,0,0,0
6678,2,2,1,2,2,1,1,2,2,1,2,2,1,1,2,2,1,2,2,1,1
6679,2,1,2,3,2,2,1,2,1,2,3,2,2,1,2,1,2,3,2,2,1
6680,3,3,3,3,2,2,2,3,3,3,3,2,2,2,3,3,3,3,2,2,2
6681,6,7,7,6,6,6,5,6,7,7,6,6,6,5,6,6,7,6,6,6,5
6682,6,7,6,6,5,5,5,6,7,6,6,5,5,5,6,7,6,6,5,5,5
6683,41,39,33,29,28,34,36,39,38,32,29,28,34,36,39,38,32,29,28,34,36
6684,0,0,0,0,0,0,0,0,0,0,0,0,0,0,0,0,0,0,0,0,0
6685,0,0,0,0,0,0,0,0,0,0,0,0,0,0,0,0,0,0,0,0,0
6686,4,5,5,5,5,4,4,5,6,6,5,5,4,4,5,6,6,5,5,4,4
6687,10,11,13,12,12,9,8,10,11,13,12,12,9,8,9,10,12,11,12,9,8
6688,5,6,6,6,7,6,5,5,6,6,6,7,6,5,5,6,6,6,7,6,5
6689,18,21,23,20,17,13,12,16,20,23,20,17,13,12,15,18,21,19,16,13,11
6690,4,5,5,5,4,3,2,4,5,5,5,4,3,2,4,5,5,5,4,3,2
6691,8,10,12,9,7,5,5,8,9,11,8,7,6,5,8,9,10,8,6,5,5
6692,1,2,2,1,1,1,1,1,2,2,1,1,1,1,1,2,2,1,1,1,1
6693,3,4,4,4,4,3,3,3,3,4,4,3,3,3,3,3,4,4,3,3,3
6694,1,2,2,2,1,1,1,1,2,2,2,1,1,1,1,2,2,2,1,1,1
6695,0,0,0,0,0,0,0,0,0,0,0,0,0,0,0,0,0,0,0,0,0
6696,0,0,1,0,0,0,0,0,0,0,0,0,0,0,0,0,0,0,0,0,0
6697,9,9,9,8,7,6,8,9,8,8,7,6,5,7,7,7,6,6,5,5,6
6698,1,1,1,1,1,0,1,1,1,1,1,1,0,1,1,1,1,1,1,0,1
6699,7,7,7,6,5,5,5,7,7,7,6,5,5,5,6,6,6,5,4,4,4
6700,2,2,2,2,1,1,1,2,2,2,2,1,1,1,2,2,2,2,1,1,1
6701,5,5,5,6,6,5,3,4,5,5,6,6,5,3,4,5,5,6,6,5,3
6702,0,0,0,0,0,0,0,0,0,0,0,0,0,0,0,0,0,0,0,0,0
6703,1,1,1,2,2,2,1,1,1,1,2,2,2,1,1,1,1,2,2,2,1
6704,1,1,2,1,1,1,1,1,1,2,1,1,1,1,2,2,2,2,2,1,2
6705,1,1,1,1,1,1,1,1,1,1,1,1,1,1,1,1,1,1,1,1,1
6706,0,0,0,0,0,0,0,0,0,0,0,0,0,0,0,0,0,0,0,0,0
6707,0,0,0,0,0,0,0,0,0,0,0,0,0,0,0,0,0,0,0,0,0
6708,1,1,1,1,1,1,1,1,1,1,1,1,1,1,1,1,1,1,1,1,1
6709,0,0,0,0,0,0,0,0,0,0,0,0,0,0,0,0,0,0,0,0,0
6710,0,0,0,0,0,0,0,0,0,0,0,0,0,0,0,0,0,0,0,0,0
6711,2,3,3,2,1,2,2,2,3,3,2,1,2,2,2,3,3,2,1,2,2
6712,3,3,3,3,3,2,2,3,3,3,3,3,2,2,3,3,3,3,3,2,2
6713,1,2,1,1,1,1,1,1,2,1,1,1,1,1,1,2,1,1,1,1,1
6714,0,0,0,0,0,0,0,0,0,0,0,0,0,0,0,0,0,0,0,0,0
6715,0,0,0,0,0,0,0,0,0,0,0,0,0,0,0,0,0,0,0,0,0
6716,3,3,3,2,2,2,3,3,3,3,2,2,2,3,3,3,3,2,2,2,3
6717,2,2,2,2,1,1,1,2,2,2,2,1,1,1,2,2,2,2,1,2,1
6718,0,0,0,0,0,0,0,0,0,0,0,0,0,0,0,0,0,0,0,0,0
6719,264,295,382,292,222,205,216,277,322,411,323,253,238,259,322,373,464,371,291,266,289
6720,3,3,4,2,2,1,1,3,3,4,2,2,1,1,3,3,4,2,2,1,1
6721,2,2,1,2,1,1,1,2,2,1,2,1,1,1,2,2,1,2,1,1,1
6722,11,13,13,9,7,5,6,11,12,12,9,6,5,7,11,12,12,8,6,5,7
6723,44,50,46,39,37,35,38,46,51,46,39,36,34,36,44,49,45,38,36,34,37
6724,10,10,11,10,7,7,7,9,10,11,10,7,6,6,8,9,10,10,7,6,6
6725,25,30,30,26,21,16,19,25,30,29,26,20,16,19,24,29,28,24,19,14,17
6726,0,0,0,0,0,0,0,0,0,0,0,0,0,0,0,0,0,0,0,0,0
6727,8,9,9,8,8,8,8,9,9,9,8,8,8,8,9,9,9,8,8,8,8
6728,12,12,11,10,8,7,9,10,11,11,10,8,7,9,11,12,11,10,8,7,9
6729,2,2,2,2,1,1,1,2,2,2,2,1,1,1,2,2,2,2,1,1,1
6730,2,2,2,2,1,1,2,2,2,2,2,1,1,2,2,2,2,2,1,1,2
6731,2,2,1,1,1,1,1,2,2,1,1,1,1,1,2,2,1,1,1,1,1
6732,2,2,2,1,1,1,1,2,2,2,1,1,1,1,2,2,2,1,1,1,1
6733,21,23,24,22,19,15,17,19,22,24,22,19,15,16,19,21,23,21,19,15,16
6734,2,2,2,2,2,2,2,2,2,2,2,2,2,2,2,2,2,2,2,2,2
6735,11,12,13,12,10,8,9,12,12,13,12,10,8,9,11,12,13,12,10,8,9
6736,3,4,7,6,5,4,3,3,4,7,6,5,4,3,3,4,7,6,5,4,3
6737,7,7,8,7,6,5,4,6,7,7,7,6,5,4,6,7,7,7,6,5,4
6738,5,7,8,7,5,3,3,5,7,8,7,5,3,3,5,7,8,7,5,3,3
6739,0,0,0,0,0,0,0,0,0,0,0,0,0,0,0,0,0,0,0,0,0
6740,5,4,5,5,4,3,3,4,4,5,5,4,3,3,4,4,5,4,4,3,3
6741,3,2,2,2,1,2,2,3,2,2,2,1,2,2,3,2,2,2,1,2,2
6742,0,0,0,0,0,0,0,0,0,0,0,0,0,0,0,0,0,0,0,0,0
6743,0,0,0,0,0,0,0,0,0,0,0,0,0,0,0,0,0,0,0,0,0
6744,0,1,1,2,2,1,1,0,1,1,2,2,1,1,1,1,1,2,2,1,1
6745,0,0,0,0,0,0,0,0,0,0,0,0,0,0,0,0,0,0,0,0,0
6746,3,3,2,2,3,2,3,3,3,2,2,3,2,3,3,3,2,2,3,2,3
6747,0,0,0,0,0,0,0,0,0,0,0,0,0,0,0,0,0,0,0,0,0
6748,0,0,0,0,0,0,1,0,0,0,0,0,0,0,0,0,0,0,0,0,1
6749,0,0,0,0,0,0,0,0,0,0,0,0,0,0,0,0,0,0,0,0,0
6750,0,0,0,0,0,0,0,0,0,0,0,0,0,0,0,0,0,0,0,0,0
6751,0,0,0,0,0,0,0,0,0,0,0,0,0,0,0,0,0,0,0,0,0
6752,0,0,0,0,0,1,1,1,1,1,1,0,0,1,1,0,0,0,1,1,1
6753,16,16,15,14,14,12,11,16,16,15,14,14,12,11,16,16,15,14,14,12,11
6754,0,1,1,2,2,2,1,1,1,1,1,2,1,1,1,2,2,2,3,3,3
6755,0,0,0,0,0,0,0,0,0,0,0,0,0,0,0,0,0,0,0,0,0
6756,2,3,3,3,3,2,2,2,2,2,3,2,2,2,2,2,2,3,2,2,2
6757,0,0,0,0,0,0,0,0,0,0,0,0,0,0,0,0,0,0,0,0,0
6758,0,0,0,0,0,0,0,0,0,0,0,0,0,0,0,0,0,0,0,0,0
6759,0,0,0,0,0,0,0,0,0,0,0,0,0,0,0,0,0,0,0,0,0
6760,0,0,0,0,0,0,0,0,0,0,0,0,0,0,0,0,0,0,0,0,0
6761,1,1,1,1,1,1,2,2,2,1,1,1,1,2,2,2,1,1,1,1,1
6762,0,0,0,0,0,0,0,0,0,0,0,0,0,0,0,0,0,0,0,0,0
6763,0,0,0,0,0,0,0,0,0,0,0,0,0,0,0,0,0,0,0,0,0
6764,706,784,881,815,705,594,543,706,784,881,815,705,594,543,706,784,881,815,705,594,543
6765,83,71,56,53,46,47,59,80,76,60,54,48,46,57,71,62,53,54,50,52,63
6766,0,1,1,1,1,1,1,2,2,2,1,1,1,1,1,1,1,1,1,2,3
6767,0,0,0,0,0,0,0,0,0,0,0,0,0,0,0,0,0,0,0,0,0
6768,13,14,13,12,12,13,13,13,14,13,12,13,13,13,13,13,13,11,12,12,13
6769,0,0,0,0,0,0,0,0,0,0,0,0,0,0,0,0,0,0,0,0,0
6770,3,2,2,1,1,3,3,3,2,2,1,1,3,3,3,2,2,1,1,3,3
6771,0,0,0,0,0,0,0,0,0,0,0,0,0,0,0,0,0,0,0,0,0
6772,0,0,0,0,0,0,0,0,0,0,0,0,0,0,0,0,0,0,0,0,0
6773,0,0,0,0,0,0,0,0,0,0,0,0,0,0,0,0,0,0,0,0,0
6774,2,1,2,2,2,1,1,2,1,2,2,2,1,1,2,1,2,2,2,1,1
6775,2,2,2,2,2,2,2,2,2,2,2,2,2,2,3,2,2,2,2,2,2
6776,2,2,2,2,2,2,2,2,2,2,2,2,2,2,2,2,2,2,2,2,2
6777,0,0,0,0,0,0,0,0,0,0,0,0,0,0,0,0,0,0,0,0,0
6778,7,7,7,6,6,5,6,8,8,8,7,6,5,5,7,6,6,6,6,5,6
6779,0,0,1,0,0,0,0,0,0,1,0,0,0,0,0,0,1,0,0,0,0
6780,0,0,0,0,0,0,0,0,0,0,0,0,0,0,0,0,0,0,0,0,0
6781,9,7,8,7,7,6,6,8,7,7,6,7,6,6,8,7,8,7,7,7,6
6782,5,6,6,5,4,3,4,5,6,6,5,4,3,4,5,6,6,5,4,4,4
6783,1,1,1,1,1,1,1,1,1,1,1,1,1,1,1,1,1,1,1,1,1
6784,0,0,0,0,0,0,0,0,0,0,0,0,0,0,0,0,0,0,0,0,0
6785,2,2,1,1,1,1,1,2,2,1,1,1,1,1,2,2,1,1,1,1,1
6786,0,0,0,0,0,0,0,0,0,0,0,0,0,0,0,0,0,0,0,0,0
6787,0,0,0,0,0,0,0,0,0,0,0,0,0,0,0,0,0,0,0,0,0
6788,2,2,2,3,2,1,2,2,2,2,3,2,1,2,2,2,2,3,2,1,2
6789,5,10,10,9,6,5,5,6,11,10,9,6,5,5,6,10,10,9,6,5,5
6790,2,2,2,2,2,2,2,2,3,3,2,2,2,2,2,3,2,2,2,2,2
6791,3,3,3,3,3,3,3,3,3,3,3,3,3,3,3,3,3,3,3,3,3
6792,5,6,6,4,4,3,3,4,6,6,4,4,3,3,4,6,6,4,4,3,3
6793,0,0,0,0,0,0,0,0,0,0,0,0,0,0,0,0,0,0,0,0,0
6794,0,0,0,0,0,0,0,0,0,0,0,0,0,0,0,0,0,0,0,0,0
6795,12,11,11,9,9,7,8,9,9,9,8,8,7,7,9,9,9,8,8,7,8
6796,0,0,0,0,0,0,0,0,0,0,0,0,0,0,0,0,0,0,0,0,0
6797,4,4,4,4,3,3,3,4,4,4,4,3,3,3,4,4,4,4,3,3,3
6798,0,0,0,0,0,0,0,0,0,0,0,0,0,0,0,0,0,0,0,0,0
6799,540,628,674,644,530,448,409,508,610,654,619,511,428,394,503,619,677,649,539,457,425
6800,1,1,1,1,0,0,0,1,1,1,1,0,0,0,1,1,1,1,0,0,0
6801,22,29,32,29,22,17,16,22,29,32,29,22,17,16,22,29,32,29,22,17,16
6802,0,0,0,0,0,0,0,0,0,0,0,0,0,0,0,0,0,0,0,0,0
6803,11,14,12,10,9,7,7,11,13,11,10,9,7,7,11,13,11,9,8,7,7
6804,2,2,2,2,1,1,1,2,2,2,2,1,1,1,2,2,2,2,1,1,1
6805,6,7,5,5,3,3,4,6,7,5,5,3,3,4,6,7,5,5,3,3,4
6806,0,0,0,0,0,0,0,0,0,0,0,0,1,1,1,2,2,2,2,1,1
6807,0,0,0,0,0,0,0,0,0,0,0,0,0,0,0,0,0,0,0,0,0
6808,5,5,5,4,4,3,5,5,5,5,4,4,3,5,5,5,5,4,4,3,5
6809,0,0,0,0,0,0,0,0,0,0,0,0,0,0,0,0,0,0,0,0,0
6810,0,0,0,0,0,0,0,0,0,0,0,0,0,0,0,0,0,0,0,0,0
6811,6,6,7,7,6,6,6,7,7,7,7,6,6,6,7,7,7,7,6,6,6
6812,19,25,27,24,18,16,20,19,25,27,24,18,16,20,19,25,27,24,18,16,20
6813,2,3,3,2,2,2,2,2,3,3,2,2,2,2,2,3,3,2,2,2,2
6814,33,34,34,31,27,25,27,33,34,34,31,27,25,27,33,34,34,31,27,25,27
6815,9,12,12,10,6,4,6,9,12,12,10,6,4,6,9,12,12,10,6,4,6
6816,1,1,1,1,0,1,1,1,1,1,1,0,1,1,1,1,1,1,0,1,1
6817,0,0,0,0,0,0,0,0,0,0,0,0,0,0,0,0,0,0,0,0,0
6818,2,2,1,1,1,1,1,2,2,1,1,1,1,1,2,2,1,1,1,1,1
6819,0,0,0,0,0,0,0,0,0,0,0,0,0,0,0,0,0,0,0,0,0
6820,0,0,0,0,0,0,0,0,0,0,0,0,0,0,0,0,0,0,0,0,0
6821,0,0,0,0,0,0,0,0,0,0,0,0,0,0,0,0,0,0,0,0,0
6822,0,0,0,0,0,0,0,0,0,0,0,0,0,0,0,0,0,0,0,0,0
6823,0,0,0,0,0,0,0,0,0,0,0,0,0,0,0,0,0,0,0,0,0
6824,0,0,0,0,0,0,0,0,0,0,0,0,0,0,0,0,0,0,0,0,0
6825,0,0,0,0,0,0,0,0,0,0,0,0,0,0,0,0,0,0,0,0,0
6826,1,1,1,1,1,1,1,1,1,1,1,1,1,1,1,1,1,1,1,1,1
6827,2,2,2,2,2,2,1,2,2,2,2,2,2,1,2,2,2,2,2,2,1
6828,1,0,0,0,0,0,0,1,0,0,0,0,0,0,1,0,0,0,0,0,0
6829,2,2,2,2,2,1,1,2,2,2,2,2,1,1,2,2,2,2,2,1,1
6830,2,2,2,2,2,2,2,2,2,2,2,2,2,2,2,2,2,2,2,2,2
6831,1,1,1,1,1,1,1,1,1,1,1,1,1,1,1,1,1,1,1,1,1
6832,0,0,1,1,1,0,0,0,0,1,1,1,0,0,0,0,1,1,1,0,0
6833,1,1,1,1,1,1,0,1,1,1,1,1,1,0,1,1,1,1,1,1,0
6834,2,2,2,2,1,1,1,2,2,2,2,1,1,1,2,2,2,2,1,1,1
6835,3,3,3,3,3,2,3,3,3,3,3,3,2,3,3,3,3,3,3,2,3
6836,0,1,0,0,0,0,0,0,1,0,0,0,0,0,0,1,0,0,0,0,0
6837,0,0,0,0,0,0,0,0,0,0,0,0,0,0,0,0,0,0,0,0,0
6838,2,2,2,2,1,1,1,2,2,2,2,1,1,1,2,2,2,2,1,1,1
6839,2,2,2,2,1,1,2,2,2,2,2,1,1,2,2,2,2,2,1,1,2
6840,0,0,0,0,0,0,0,0,0,0,0,0,0,0,0,0,0,0,0,0,0
6841,0,0,0,0,0,0,0,0,0,0,0,0,0,0,0,0,0,0,0,0,0
6842,0,0,0,0,0,0,0,0,0,0,0,0,0,0,0,0,0,0,0,0,0
6843,0,0,0,0,0,0,0,0,0,0,0,0,0,0,0,0,0,0,0,0,0
6844,0,0,0,0,0,0,0,0,0,0,0,0,0,0,0,0,0,0,0,0,0
6845,0,0,0,0,0,0,0,0,0,0,0,0,0,0,0,0,0,0,0,0,0
6846,0,0,0,0,0,0,0,0,0,0,0,0,0,0,0,0,0,0,0,0,0
6847,0,0,0,0,0,0,0,0,0,0,0,0,0,0,0,0,0,0,0,0,0
6848,0,0,0,0,0,0,0,0,0,0,0,0,0,0,0,0,0,0,0,0,0
6849,0,0,0,0,0,0,0,0,0,0,0,0,0,0,0,0,0,0,0,0,0
6850,0,0,0,0,0,0,0,0,0,0,0,0,0,0,0,0,0,0,0,0,0
6851,0,0,0,0,0,0,0,0,0,0,0,0,0,0,0,0,0,0,0,0,0
6852,1,2,1,1,1,1,1,1,2,1,1,1,1,1,1,2,1,1,1,1,1
6853,9,10,10,8,7,6,7,8,9,10,9,8,7,7,7,7,8,7,6,5,5
6854,0,0,0,0,0,0,0,0,0,0,0,0,0,0,0,0,0,0,0,0,0
6855,0,0,0,0,0,0,0,0,0,0,0,0,0,0,0,0,0,0,0,0,0
6856,4,5,6,5,4,4,3,4,6,6,5,4,4,3,5,6,6,6,5,4,3
6857,0,0,0,0,0,0,0,0,0,0,0,0,0,0,0,0,0,0,0,0,0
6858,4,3,3,3,3,2,3,4,3,3,3,3,2,3,4,3,3,3,3,2,3
6859,0,0,0,0,0,0,0,0,0,0,0,0,0,0,0,0,0,0,0,0,0
6860,0,0,0,0,0,0,0,0,0,0,0,0,0,0,0,0,0,0,0,0,0
6861,0,0,0,0,0,0,0,0,0,0,0,0,0,0,0,0,0,0,0,0,0
6862,0,0,0,0,0,0,0,0,0,0,0,0,0,0,0,0,0,0,0,0,0
6863,0,0,0,0,0,0,0,0,0,0,0,0,0,0,1,0,1,0,0,0,0
6864,1,1,1,1,1,1,1,1,1,1,1,1,1,1,1,1,1,1,1,1,1
6865,0,0,0,0,0,0,0,0,0,0,0,0,0,0,0,0,0,0,0,0,0
6866,3,3,2,2,3,2,2,3,3,2,2,3,2,2,3,3,2,2,3,2,2
6867,2,2,2,2,2,2,2,2,2,2,2,2,2,2,2,2,2,2,2,2,2
6868,8,10,13,12,9,7,6,8,10,11,10,8,6,6,9,13,15,14,11,9,9
6869,43,49,51,46,38,33,32,43,53,55,49,41,34,33,44,51,52,46,39,34,34
6870,1,1,0,0,0,0,0,1,1,0,0,0,0,0,1,1,0,0,0,0,0
6871,2,2,2,1,1,1,1,2,2,2,1,1,1,1,2,2,2,1,1,1,1
6872,5,5,6,5,4,3,4,5,5,6,5,4,4,3,5,4,4,4,3,3,4
6873,2,2,2,2,2,1,2,2,2,2,2,2,2,2,2,2,2,2,2,1,1
6874,5,6,6,5,4,4,4,5,5,5,4,4,3,4,5,6,6,5,5,4,5
6875,0,0,0,0,0,0,0,0,0,0,0,0,0,0,0,0,0,0,0,0,0
6876,0,0,0,0,0,0,0,0,0,0,0,0,0,0,0,0,0,0,0,0,0
6877,0,0,0,0,0,0,0,0,0,0,0,0,0,0,0,0,0,0,0,0,0
6878,0,0,0,0,0,0,0,0,0,0,0,0,0,0,0,0,0,0,0,0,0
6879,1,1,1,1,1,1,1,1,1,1,1,1,1,1,1,1,1,1,1,1,1
6880,21,23,25,21,19,17,16,21,23,25,21,19,17,16,21,23,25,21,19,17,16
6881,22,24,24,21,18,16,17,23,25,26,23,20,19,19,24,23,22,17,15,15,17
6882,1,2,2,2,2,1,2,2,2,2,2,2,1,2,2,2,2,2,1,1,2
6883,2,3,3,4,3,2,1,2,3,3,4,3,2,1,2,3,3,4,3,2,1
6884,1,1,0,0,0,0,0,0,0,0,0,0,0,0,0,0,0,0,0,0,0
6885,2,3,3,3,4,4,4,2,3,3,3,4,5,5,3,3,3,3,4,5,4
6886,6,5,5,5,4,4,4,4,4,4,4,4,3,3,4,4,4,4,3,3,3
6887,0,0,0,0,0,0,0,0,0,0,0,0,0,0,0,0,0,0,0,0,0
6888,27,29,30,26,24,22,22,26,30,32,29,26,23,24,26,29,30,27,24,22,22
6889,39,43,40,37,35,33,34,38,44,42,38,36,33,35,39,46,44,41,38,37,37
6890,13,15,15,12,10,10,10,13,16,17,15,12,11,11,14,16,15,11,9,9,9
6891,21,23,24,21,18,16,17,23,27,28,24,21,19,19,23,25,24,20,17,16,17
6892,9,10,8,6,5,4,5,8,10,10,9,7,6,6,8,8,7,6,5,4,5
6893,1,1,1,1,1,1,1,1,1,1,1,1,1,1,1,1,1,1,1,1,1
6894,92,101,110,87,89,75,73,96,106,113,89,89,75,72,95,106,114,90,90,76,73
6895,45,46,43,39,37,35,37,45,51,49,45,42,39,41,49,51,48,42,39,37,39
6896,0,0,0,0,0,0,0,0,0,0,0,0,0,0,0,0,0,0,0,0,0
6897,80,108,120,104,85,74,66,78,109,124,108,89,76,68,80,110,122,105,86,75,68
6898,0,0,0,0,0,0,0,0,0,0,0,0,0,0,0,0,0,0,0,0,0
6899,0,0,1,1,1,0,0,0,0,1,1,1,0,0,0,0,1,1,1,0,0
6900,0,0,0,0,0,0,0,0,0,0,0,0,0,0,0,0,0,0,0,0,0
6901,0,0,0,0,0,0,0,0,0,0,0,0,0,0,0,0,0,0,0,0,0
6902,1,1,1,1,1,1,1,1,1,1,1,1,1,1,1,1,2,1,1,1,1
6903,0,0,0,0,0,0,0,0,0,0,0,0,0,0,0,0,0,0,0,0,0
6904,0,0,0,0,0,0,0,0,0,0,0,0,0,0,0,0,0,0,0,0,0
6905,4,4,4,3,3,2,2,3,3,3,3,2,2,2,3,3,3,3,2,2,2
6906,6,6,6,5,5,4,4,5,5,5,4,4,4,5,8,9,8,7,6,6,7
6907,13,13,11,9,7,6,6,11,13,14,14,12,10,10,15,16,15,12,10,8,9
6908,1,1,0,0,0,0,0,1,1,0,0,0,0,0,1,1,0,0,0,0,0
6909,13,13,12,11,9,9,10,13,14,14,13,11,11,12,14,14,13,11,10,9,11
6910,8,7,6,5,5,5,5,7,6,5,4,5,5,5,6,6,5,4,5,5,5
6911,1,1,1,1,1,1,1,1,1,1,1,1,1,1,1,1,1,2,2,2,2
6912,5,5,5,6,6,5,5,5,5,6,6,6,5,5,5,5,5,6,6,5,5
6913,1,1,1,1,1,1,1,1,1,1,1,1,1,1,1,1,1,1,1,1,1
6914,1,1,1,1,1,1,1,1,1,1,1,1,1,1,1,1,1,1,1,1,1
6915,0,0,0,0,0,0,0,0,0,0,0,0,0,0,0,0,0,0,0,0,0
6916,9,11,12,11,9,8,7,10,12,12,12,10,8,8,11,13,13,12,10,9,9
6917,14,16,15,14,12,10,10,13,17,18,17,15,14,13,17,20,20,18,14,13,12
6918,1,0,1,1,1,1,1,1,0,1,1,1,1,1,1,0,1,1,1,1,1
6919,3,3,4,3,3,3,3,3,3,4,3,3,3,3,3,3,4,3,3,3,3
6920,3,3,3,3,3,2,2,3,3,3,3,3,2,2,3,3,3,3,3,2,2
6921,1,1,1,1,0,1,0,0,1,1,1,0,1,0,0,1,1,1,0,1,0
6922,24,27,27,24,22,19,19,24,27,27,24,22,19,19,24,27,27,24,22,19,19
6923,4,5,6,5,4,6,5,4,5,6,5,4,6,5,4,5,6,5,4,6,5
6924,23,25,24,21,16,17,15,23,25,24,21,16,17,15,23,25,24,21,16,18,15
6925,1,1,0,1,1,1,1,1,1,0,1,1,1,1,1,1,0,1,1,1,1
6926,0,0,0,0,0,0,0,0,0,0,0,0,0,0,0,0,0,0,0,0,0
6927,0,0,0,0,0,0,0,0,0,0,0,0,0,0,0,0,0,0,0,0,0
6928,0,0,0,0,0,0,0,0,0,0,0,0,0,0,0,0,0,0,0,0,0
6929,1,1,1,1,1,1,1,1,1,1,1,1,1,1,1,1,1,1,1,1,1
6930,11,10,9,8,7,8,9,10,10,9,8,8,8,9,10,9,8,7,7,8,9
6931,3,4,4,3,3,3,3,3,4,4,3,3,3,3,3,4,4,3,3,3,3
6932,11,9,9,8,8,9,10,11,9,9,8,8,9,10,11,9,9,8,8,9,10
6933,2,2,2,2,2,2,2,2,2,2,2,2,2,2,2,2,2,2,2,2,2
6934,0,0,0,0,0,0,0,0,0,0,0,0,0,0,0,0,0,0,0,0,0
6935,1,1,0,0,0,0,1,1,1,0,0,0,0,1,1,1,0,0,0,0,1
6936,0,0,0,0,0,0,0,0,0,0,0,0,0,0,0,0,0,0,0,0,0
6937,0,0,0,0,0,0,0,0,0,0,0,0,0,0,0,0,0,0,0,0,0
6938,0,0,0,0,0,0,0,0,0,0,0,0,0,0,0,0,0,0,0,0,0
6939,19,19,20,18,15,13,14,19,21,23,21,18,15,16,20,21,20,18,15,13,14
6940,0,0,0,0,0,0,0,0,0,0,0,0,0,0,0,0,0,0,0,0,0
6941,0,0,0,0,0,0,0,0,0,0,0,0,0,0,0,0,0,0,0,0,0
6942,1,1,1,1,1,1,0,1,1,1,1,1,1,0,1,1,1,1,1,1,0
6943,0,1,1,1,0,0,0,0,1,1,1,1,0,0,1,1,1,1,1,0,0
6944,7,8,8,7,7,7,7,7,8,8,7,7,7,7,7,8,8,7,7,7,7
6945,2,2,2,2,2,2,2,2,2,2,2,2,2,2,2,2,2,2,2,2,2
6946,3,2,1,1,1,1,1,1,1,1,1,1,1,1,1,1,1,1,1,1,1
6947,3,3,2,2,2,2,2,2,2,2,2,2,2,2,2,2,2,2,2,2,2
6948,6,5,4,3,2,2,3,4,4,3,3,2,2,2,3,3,2,2,2,2,2
6949,0,0,0,0,0,0,0,0,0,0,0,0,0,0,0,0,0,0,0,0,0
6950,2,4,4,4,3,2,2,2,4,4,4,3,2,2,2,4,4,4,3,3,2
6951,359,365,389,356,292,256,268,338,367,405,375,308,265,275,343,372,413,391,325,287,303
6952,30,34,35,33,30,24,22,30,34,35,33,30,24,22,30,34,35,33,30,24,22
6953,133,170,164,113,73,65,83,139,185,186,134,87,74,89,144,183,177,122,80,71,88
6954,17,18,20,17,16,12,13,17,18,20,17,16,12,13,17,18,20,17,16,12,13
6955,0,1,1,0,0,0,0,0,1,1,0,0,0,0,0,1,1,0,0,0,0
6956,1,1,1,1,1,1,1,1,1,1,1,1,1,1,1,1,1,1,1,1,1
6957,5,7,7,7,5,4,4,5,7,7,7,5,4,4,5,7,7,7,5,4,4
6958,14,14,17,17,13,11,9,14,14,17,17,13,11,9,14,14,17,17,13,11,9
6959,7,7,6,5,4,4,5,7,7,6,5,4,4,5,7,7,6,5,4,4,5
6960,1,1,1,1,1,1,1,1,1,1,1,1,1,1,1,1,1,1,1,1,1
6961,10,12,11,8,6,6,9,16,18,16,11,9,8,10,17,19,16,11,10,9,12
6962,3,4,4,3,3,3,3,3,4,4,3,3,3,3,3,4,4,3,3,3,3
6963,50,55,57,52,46,37,39,52,58,61,56,50,39,40,52,56,58,53,48,39,41
6964,16,16,18,16,15,14,14,18,19,20,17,16,14,14,18,18,20,17,16,15,14
6965,46,51,48,28,26,22,26,46,52,49,29,27,23,27,48,54,51,30,28,24,27
6966,0,0,0,0,0,0,0,0,0,0,0,0,0,0,0,0,0,0,0,0,0
6967,46,45,43,30,27,26,30,39,41,42,30,28,27,31,41,43,44,32,29,27,31
6968,384,460,469,431,341,293,286,383,459,468,431,341,293,286,383,459,468,431,341,293,286
6969,154,186,181,153,119,101,107,148,199,208,184,144,120,123,160,201,204,179,142,120,127
6970,15,17,16,15,12,10,11,14,17,16,15,12,10,11,14,17,16,14,11,10,11
6971,12,14,14,13,11,10,10,12,14,14,13,11,10,10,12,14,14,13,11,10,10
6972,14,14,15,12,11,10,11,16,24,35,30,21,14,13,16,16,20,19,18,16,18
6973,1,0,0,0,1,1,1,1,0,0,0,1,1,1,1,0,0,0,1,1,1
6974,51,54,56,53,44,41,48,51,54,56,53,44,41,48,51,54,55,53,44,41,48
6975,0,0,0,0,0,0,0,0,0,0,0,0,0,0,0,0,0,0,1,1,2
6976,1,1,1,1,0,0,1,1,1,1,1,0,0,1,1,1,1,1,0,0,1
6977,0,0,0,0,0,0,0,0,0,0,0,0,0,0,0,0,0,0,0,0,0
6978,0,0,0,0,0,0,0,0,0,0,0,0,0,0,0,0,0,0,0,0,0
6979,1,1,1,2,1,1,1,1,1,1,2,1,1,1,1,1,1,2,1,1,1
6980,0,0,0,0,0,0,0,0,0,0,0,0,0,0,0,0,0,0,0,0,0
6981,0,0,0,0,0,0,0,0,0,0,0,0,0,0,0,0,0,0,0,0,0
6982,0,0,0,0,0,0,0,0,0,0,0,0,0,0,0,0,0,0,0,0,0
6983,1,1,1,1,1,0,0,0,1,1,1,1,1,1,1,2,2,2,2,2,2
6984,1,0,0,0,0,0,0,1,1,1,1,1,1,1,1,2,2,1,1,1,1
6985,4,5,4,4,3,3,3,4,5,4,4,3,3,3,4,5,4,4,3,3,3
6986,0,0,0,0,0,0,0,0,0,0,0,0,0,0,0,0,0,0,0,0,0
6987,0,0,0,0,0,0,0,0,0,0,0,0,0,0,0,0,0,0,0,0,0
6988,0,0,0,0,0,0,0,0,0,0,0,0,0,0,0,0,0,0,0,0,0
6989,0,0,0,0,0,0,0,0,0,0,0,0,0,0,0,0,0,0,0,0,0
6990,1,0,0,0,1,1,1,1,0,0,0,1,1,1,1,0,0,0,1,1,1
6991,61,65,58,58,48,54,60,62,66,59,58,48,54,60,62,65,58,58,48,53,59
6992,8,9,12,10,9,5,6,8,9,12,10,9,5,6,8,9,12,10,9,5,6
6993,0,0,0,0,0,0,0,0,0,0,0,0,0,0,0,0,0,0,0,0,0
6994,0,0,0,0,0,0,0,0,0,0,0,0,0,0,0,0,0,0,0,0,0
6995,5,4,3,3,2,2,2,3,3,3,3,2,2,2,3,2,2,2,1,2,2
6996,0,0,0,0,0,0,0,0,0,0,0,0,0,0,0,0,0,0,0,0,0
6997,5,0,0,0,0,4,42,5,0,0,0,0,4,42,5,0,0,0,0,4,42
6998,0,1,1,0,0,0,0,0,1,1,0,0,0,0,0,1,1,0,0,0,0
6999,0,0,0,0,0,0,0,0,0,0,0,0,0,0,0,0,0,0,0,0,0
7000,0,0,0,0,0,0,0,0,0,0,0,0,0,0,0,0,0,0,0,0,0
7001,0,0,0,0,0,0,0,0,0,0,0,0,0,0,0,0,0,0,0,0,0
7002,1,0,1,1,1,0,1,1,0,1,1,1,0,1,1,0,1,1,1,0,1
7003,0,0,0,0,0,0,0,0,0,0,0,0,0,0,0,0,0,0,0,0,0
7004,0,0,0,0,0,0,0,0,0,0,0,0,0,0,0,0,0,0,0,0,0
7005,0,0,0,0,0,0,0,0,0,0,0,0,0,0,0,0,0,0,0,0,0
7006,0,0,0,0,0,0,0,0,0,0,0,0,0,0,0,0,0,0,0,0,0
7007,0,0,0,0,0,0,0,0,0,0,0,0,0,0,0,0,0,0,0,0,0
7008,0,0,0,0,0,0,0,0,0,0,0,0,0,0,0,0,0,0,0,0,0
7009,5,5,5,5,3,3,4,5,5,5,5,3,3,4,5,5,5,5,3,3,4
7010,1,1,1,1,1,1,1,1,1,1,1,1,1,1,1,1,1,1,1,1,1
7011,1,1,2,1,1,1,1,1,1,2,1,1,1,1,1,1,2,1,1,1,1
7012,163,143,152,137,144,137,146,164,149,157,141,147,139,147,164,147,154,136,141,134,142
7013,52,56,58,58,52,46,42,52,57,58,59,53,47,43,52,57,58,58,53,47,43
7014,1,1,1,1,1,1,1,1,1,1,1,1,1,1,1,1,1,1,1,1,1
7015,8,7,6,7,5,6,7,8,7,6,7,5,6,7,8,7,6,7,5,6,7
7016,0,0,0,0,0,0,0,0,0,0,0,0,0,0,0,0,0,0,0,0,0
7017,1,1,1,1,1,0,1,1,1,1,1,1,0,1,1,1,1,1,1,0,1
7018,0,0,0,0,0,0,0,0,0,0,0,0,0,0,0,0,0,0,0,0,0
7019,0,0,0,0,0,0,0,0,0,0,0,0,0,0,0,0,0,0,0,0,0
7020,1,0,0,0,0,0,0,1,0,0,0,0,0,0,1,0,0,0,0,0,0
7021,13,15,16,14,10,8,9,13,15,15,13,10,8,9,13,15,15,13,10,8,9
7022,6,9,8,7,4,6,6,6,10,9,8,5,6,6,6,10,9,8,5,7,7
7023,11,11,10,9,6,7,7,11,11,10,9,6,7,7,11,11,10,9,6,7,7
7024,1,1,1,1,1,1,1,1,1,1,1,1,1,1,1,1,1,1,1,1,1
7025,4,2,5,2,1,1,2,3,2,5,2,2,2,2,3,3,5,2,2,2,3
7026,0,0,0,0,1,0,0,0,0,0,0,1,0,0,0,0,0,0,1,0,0
7027,0,0,0,0,0,0,0,0,0,0,0,0,0,0,0,0,0,0,0,0,0
7028,6,7,7,7,6,5,5,6,6,6,6,5,4,5,6,6,7,7,5,5,5
7029,0,1,1,1,1,0,0,0,1,1,1,1,0,0,0,1,1,1,1,0,0
7030,1,1,1,1,1,1,1,1,1,1,1,1,1,1,1,1,1,1,1,1,1
7031,4,3,3,3,3,2,2,3,3,3,3,2,2,2,3,3,3,3,2,2,2
7032,1,1,1,1,0,0,0,1,1,1,1,0,0,0,1,1,1,1,0,0,0
7033,0,0,0,0,0,0,0,0,0,0,0,0,0,0,0,0,0,0,0,0,0
7034,0,0,0,0,1,0,0,0,0,0,0,1,0,0,0,0,0,0,1,0,0
7035,0,0,0,0,0,0,0,0,0,0,0,0,0,0,0,0,0,0,0,0,0
7036,0,0,0,0,0,0,0,0,0,0,0,0,0,0,0,0,0,0,0,0,0
7037,0,0,0,0,0,0,0,0,0,0,0,0,0,0,0,0,0,0,0,0,0
7038,10,10,10,9,8,8,9,10,10,10,9,8,8,8,10,10,10,8,8,7,8
7039,1,1,1,1,1,1,1,1,1,1,1,1,1,1,1,1,1,1,1,1,1
7040,10,10,10,8,8,7,7,11,13,14,12,11,9,9,13,13,13,10,9,8,8
7041,13,12,13,11,10,10,11,13,12,13,11,10,10,11,13,13,14,11,10,10,11
7042,31,30,30,27,24,21,23,32,37,40,37,31,27,28,36,37,38,34,28,24,26
7043,25,24,24,22,20,19,19,23,24,24,23,20,19,20,24,26,27,25,22,21,22
7044,16,16,16,15,12,12,13,16,17,17,15,12,12,12,15,14,14,13,11,11,13
7045,3,3,3,3,2,2,2,3,3,3,3,2,2,2,3,3,3,3,2,2,2
7046,4,3,3,2,3,3,3,3,3,2,2,2,2,3,3,2,2,2,2,2,2
7047,0,0,0,0,0,0,0,0,0,0,0,0,0,0,0,0,0,0,0,0,0
7048,1,1,1,1,1,1,0,1,1,1,1,1,1,0,1,1,1,1,1,1,0
7049,37,34,35,28,25,28,30,37,35,36,30,25,27,29,34,32,33,26,24,27,29
7050,2,3,3,3,2,2,2,2,3,3,3,2,2,2,2,3,3,3,3,2,2
7051,0,0,0,0,0,0,0,0,0,0,0,0,0,0,0,0,0,0,0,0,0
7052,1,1,1,1,1,0,1,2,3,3,2,1,1,1,3,6,7,5,4,3,3
7053,1,1,1,1,1,1,2,1,1,1,1,1,1,2,1,1,1,1,1,1,2
7054,0,0,0,0,0,0,0,0,0,0,0,0,0,0,0,0,0,0,0,0,0
7055,0,0,0,0,0,0,0,0,0,0,0,0,0,0,0,0,0,0,0,0,0
7056,0,0,0,0,0,0,0,0,0,0,0,0,0,0,0,0,0,0,0,0,0
7057,0,0,0,0,0,0,0,0,0,0,0,0,0,0,0,0,0,0,0,0,0
7058,0,0,0,0,0,0,0,0,0,0,0,0,0,0,0,0,0,0,0,0,0
7059,0,0,0,0,0,0,0,0,0,0,0,0,0,0,0,0,0,0,0,0,0
7060,0,0,0,0,0,0,0,0,0,0,0,0,0,0,0,0,0,0,0,0,0
7061,1,1,1,1,1,1,1,1,1,1,1,1,1,1,1,1,1,1,1,1,1
7062,5,5,7,6,5,4,4,5,5,7,6,5,4,4,5,5,7,6,5,4,4
7063,5,5,6,6,5,5,4,5,5,6,6,5,5,4,5,5,6,6,5,5,4
7064,2,3,3,2,2,1,1,2,3,3,2,2,1,1,2,3,3,2,2,1,1
7065,2,2,2,1,2,1,1,2,2,2,1,2,1,1,2,2,2,1,2,1,1
7066,15,16,23,14,10,8,7,15,16,23,14,10,8,7,15,16,23,14,10,8,7
7067,0,0,0,0,0,0,0,0,0,0,0,0,0,0,0,0,0,0,0,0,0
7068,0,0,0,0,0,0,0,0,0,0,0,0,0,0,0,0,0,0,0,0,0
7069,0,0,0,0,0,0,0,0,0,0,0,0,0,0,0,0,0,0,0,0,0
7070,0,0,0,0,0,0,0,0,0,0,0,0,0,0,0,0,0,0,0,0,0
7071,0,0,0,0,0,0,0,0,0,0,0,0,0,0,0,0,0,0,0,0,0
7072,0,1,1,1,1,0,0,0,1,1,1,1,0,0,0,1,1,1,1,0,0
7073,1,1,1,1,1,1,1,1,1,1,1,1,1,1,1,1,1,1,1,1,1
7074,0,0,0,0,0,0,0,0,0,0,0,0,0,0,0,0,0,0,0,0,0
7075,42,42,44,44,38,35,33,40,41,44,44,38,35,33,40,41,44,44,38,35,33
7076,30,27,26,28,25,28,28,30,28,27,26,22,24,24,26,26,27,27,23,25,24
7077,1,2,2,2,1,1,2,1,1,1,1,1,1,2,2,3,3,3,2,2,2
7078,1,2,3,3,3,2,2,2,2,2,2,2,2,3,5,7,7,7,6,6,6
7079,2,2,2,3,2,2,2,2,2,3,3,3,2,2,2,2,3,3,3,2,3
7080,2,2,2,2,2,1,1,2,2,2,2,2,1,1,2,2,2,2,2,1,1
7081,9,9,9,9,8,7,8,9,9,9,9,8,7,7,7,7,7,7,6,6,6
7082,2,2,2,2,2,2,2,2,2,2,2,2,2,2,2,2,2,2,2,2,2
7083,0,0,0,0,0,0,0,0,0,0,0,0,0,0,0,0,0,0,0,0,0
7084,1,1,1,1,1,1,1,1,1,1,1,1,1,1,1,1,1,1,1,1,1
7085,1,1,1,0,1,1,1,1,1,1,0,1,1,1,1,1,1,0,1,1,1
7086,0,0,0,0,0,0,0,0,0,0,0,0,0,0,0,0,0,0,0,0,0
7087,1,1,1,1,1,1,1,1,1,1,1,1,1,1,1,1,1,1,1,1,1
7088,1,1,1,1,0,0,1,1,1,1,1,0,0,1,1,1,1,1,1,1,1
7089,0,0,0,0,0,0,0,0,0,0,0,0,0,0,0,0,0,0,0,0,0
7090,0,0,0,0,0,0,0,0,0,0,0,0,0,0,0,0,0,0,0,0,0
7091,14,17,20,20,18,16,16,19,21,22,21,19,17,17,20,22,22,21,18,16,16
7092,1,1,1,1,1,1,1,1,1,1,1,1,1,1,1,1,1,1,1,1,1
7093,2,2,2,2,2,2,2,2,2,2,2,2,2,2,2,2,2,2,2,2,2
7094,34,33,30,42,41,34,29,33,33,30,42,41,34,29,34,35,33,44,43,36,31
7095,18,19,16,17,16,12,16,18,20,17,18,16,12,15,17,18,15,17,16,12,16
7096,2,2,3,2,2,2,1,2,2,3,2,2,2,1,2,2,3,2,2,2,2
7097,7,8,8,7,7,6,6,7,8,9,8,7,6,6,7,8,8,7,6,5,6
7098,0,0,0,0,0,0,0,0,0,0,0,0,0,0,0,0,0,0,0,0,0
7099,94,98,100,109,96,84,78,94,98,100,109,96,84,78,94,98,100,109,96,84,78
7100,0,0,0,0,0,0,0,0,0,0,0,0,0,0,0,0,0,0,0,0,0
7101,6,4,4,3,2,3,5,6,4,4,3,2,3,5,6,4,4,3,2,3,5
7102,19,20,23,23,22,20,20,19,20,24,23,22,20,20,19,20,24,23,22,20,20
7103,28,28,30,32,24,20,26,28,28,30,32,24,20,26,28,28,30,32,24,20,26
7104,0,0,0,0,0,0,0,0,0,0,0,0,0,0,0,0,0,0,0,0,0
7105,0,0,0,0,0,0,0,0,0,0,0,0,0,0,0,0,0,0,0,0,0
7106,0,0,0,0,0,0,0,0,0,0,0,0,0,0,0,0,0,0,0,0,0
7107,0,0,0,0,0,0,0,0,0,0,0,0,0,0,0,0,0,0,0,0,0
7108,0,0,0,0,0,0,0,0,0,0,0,0,0,0,0,0,0,0,0,0,0
7109,0,0,0,0,0,0,0,0,0,0,0,0,0,0,0,0,0,0,0,0,0
7110,0,0,0,0,0,0,0,0,0,0,0,0,0,0,0,0,0,0,0,0,0
7111,0,0,0,0,0,0,0,0,0,0,0,0,0,0,0,0,0,0,0,0,0
7112,0,0,0,0,0,0,0,0,0,0,0,0,0,0,0,0,0,0,0,0,0
7113,0,0,0,0,0,0,0,0,0,0,0,0,0,0,0,0,0,0,0,0,0
7114,0,0,0,0,0,0,0,0,0,0,0,0,0,0,0,0,0,0,0,0,0
7115,1,1,1,1,1,1,1,1,1,1,1,1,1,1,1,1,1,1,0,0,1
7116,6,5,3,2,2,2,2,2,2,2,2,2,2,2,3,3,2,2,2,2,2
7117,0,0,0,0,0,0,0,0,0,0,0,0,0,0,0,0,0,0,0,0,0
7118,2,2,3,3,2,2,1,2,2,3,3,2,2,1,2,2,3,3,2,1,1
7119,1,1,1,1,1,1,1,1,1,1,1,1,1,1,1,1,1,1,1,1,1
7120,3,3,2,3,2,2,2,3,3,2,3,2,2,2,3,3,2,3,2,2,2
7121,0,0,0,0,0,0,0,0,0,0,0,0,0,0,0,0,0,0,0,0,0
7122,1,0,0,0,0,0,0,1,0,0,0,0,0,0,1,0,0,0,0,0,1
7123,13,21,19,17,1,3,10,13,21,19,17,1,3,10,13,21,19,17,1,3,10
7124,0,0,0,0,0,0,0,0,0,0,0,0,0,0,0,0,0,0,0,0,0
7125,3,4,4,1,1,1,2,4,7,6,2,2,1,2,6,9,7,3,2,2,2
7126,1,1,1,1,1,1,1,1,1,1,1,1,1,1,1,1,1,1,1,1,1
7127,0,0,0,0,0,0,0,0,0,0,0,0,0,0,0,0,0,0,0,0,0
7128,0,0,0,0,0,0,0,0,0,0,0,0,0,0,0,0,0,0,0,0,0
7129,0,0,0,0,0,0,0,0,0,0,0,0,0,0,0,0,0,0,0,0,0
7130,1,1,1,1,1,1,1,1,1,1,1,1,1,1,1,1,1,1,1,1,1
7131,2,2,2,2,2,2,2,2,2,2,2,2,2,2,2,2,2,2,2,2,2
7132,0,0,0,0,0,0,0,0,0,0,0,0,0,0,0,0,0,0,0,0,0
7133,7,9,9,9,8,7,6,7,8,8,8,7,6,6,7,8,8,8,7,6,6
7134,0,0,0,0,0,0,0,0,0,0,0,0,0,0,0,0,0,0,0,0,0
7135,0,0,0,0,0,0,0,0,0,0,0,0,0,0,0,0,0,0,0,0,0
7136,2,3,4,1,1,1,1,2,3,4,1,1,1,1,2,3,4,1,1,1,1
7137,3,4,3,3,3,3,4,3,4,3,3,3,3,4,3,4,3,3,3,3,4
7138,7,7,6,5,5,4,3,5,5,5,4,5,4,3,5,5,5,4,4,4,3
7139,1,2,2,2,2,1,2,2,2,2,2,1,1,2,2,3,3,2,2,2,2
7140,0,0,0,0,0,0,0,0,0,0,0,0,0,0,0,0,0,0,0,0,0
7141,0,0,0,0,0,0,0,0,0,0,0,0,0,0,0,0,0,0,0,0,0
7142,10,13,14,11,7,7,6,10,13,14,11,7,7,6,10,13,14,11,7,7,6
7143,31,51,59,36,26,16,12,33,52,59,36,26,15,11,31,51,58,36,26,15,11
7144,9,8,10,8,14,12,14,9,8,11,8,14,12,15,10,10,12,9,15,14,17
7145,7,11,12,8,6,5,4,8,11,12,8,6,5,4,8,11,12,8,6,5,4
7146,13,13,11,10,8,9,8,12,14,15,16,15,15,14,17,19,17,16,13,13,13
7147,6,6,7,6,6,5,5,6,6,7,6,6,5,5,6,6,7,6,6,5,5
7148,0,0,0,0,0,0,0,0,0,0,0,0,0,0,0,0,0,0,0,0,0
7149,1,2,1,1,1,1,1,1,1,1,1,1,1,1,1,1,1,1,1,1,1
7150,2,3,3,3,3,2,3,3,3,3,3,2,2,2,3,3,3,3,3,3,3
7151,0,0,0,0,0,0,0,0,0,0,0,0,0,0,0,0,0,0,0,0,0
7152,2,2,2,2,2,2,2,2,2,2,2,2,1,2,2,2,2,2,2,2,2
7153,7,7,6,5,5,4,4,6,8,8,8,7,6,6,7,7,6,5,5,4,4
7154,2,2,1,1,1,1,1,2,2,2,2,1,1,1,2,2,2,2,1,1,2
7155,0,0,0,0,0,0,0,0,0,0,0,0,0,0,0,0,0,0,0,0,0
7156,1,1,1,1,1,1,1,1,1,1,1,1,1,1,1,1,1,1,1,1,1
7157,0,0,0,0,0,0,0,0,0,0,0,0,0,0,0,0,0,0,0,0,0
7158,0,0,0,0,0,0,0,0,0,0,0,0,0,0,0,0,0,0,0,0,0
7159,11,11,13,12,11,11,11,13,14,16,15,14,13,13,15,16,17,15,13,12,13
7160,0,0,0,0,0,0,0,0,0,0,0,0,0,0,0,0,0,0,0,0,0
7161,389,470,529,571,561,394,357,389,470,529,571,561,394,357,389,470,529,571,561,394,357
7162,285,267,281,291,242,203,209,294,280,283,282,232,187,187,271,263,279,290,242,200,204
7163,3,2,2,2,3,3,3,3,2,2,2,3,3,3,3,2,2,2,3,3,3
7164,3,3,3,2,2,2,2,3,3,3,3,2,2,2,3,3,3,2,2,2,2
7165,1,1,2,2,2,1,1,1,1,2,2,2,1,1,1,1,2,2,2,1,1
7166,1,1,1,1,1,1,1,1,1,1,1,1,1,1,1,1,1,1,1,1,1
7167,5,7,8,9,8,6,5,5,7,8,9,8,6,5,5,7,8,9,8,6,5
7168,5,5,5,4,4,3,3,4,4,4,4,4,3,3,3,4,4,4,3,3,3
7169,465,538,548,515,447,352,330,456,544,549,506,437,335,310,437,526,537,500,433,339,320
7170,0,0,0,0,0,0,0,0,0,0,0,0,0,0,0,0,0,0,0,0,0
7171,36,38,45,54,51,42,31,37,39,46,54,53,43,33,39,41,47,55,52,43,33
7172,13,14,13,13,9,9,10,13,14,12,12,8,8,9,12,13,12,12,8,8,9
7173,56,68,71,62,49,47,58,56,68,70,62,49,47,58,56,68,70,62,49,47,58
7174,100,101,110,106,94,84,90,104,106,105,95,84,73,76,90,95,100,95,88,80,88
7175,34,37,38,40,33,28,28,34,37,38,40,33,28,28,34,37,38,40,33,28,28
7176,75,86,91,93,83,72,67,80,93,97,98,87,75,69,81,91,93,92,82,71,66
7177,60,73,84,93,81,58,48,60,73,84,93,81,58,48,60,73,84,93,81,58,48
7178,8,10,10,9,8,7,8,10,11,11,10,8,8,8,10,11,10,8,7,6,6
7179,9,10,9,8,7,6,7,9,10,10,9,8,7,7,9,10,9,8,7,6,7
7180,0,0,0,0,0,0,0,0,0,0,0,0,0,0,0,0,0,0,0,0,0
7181,101,102,114,105,93,79,82,106,106,109,94,85,71,72,95,95,103,90,81,71,76
7182,0,0,0,0,0,0,0,0,0,0,0,0,0,0,0,0,0,0,0,0,0
7183,0,0,0,0,0,0,0,0,0,0,0,0,0,0,0,0,0,0,0,0,0
7184,0,0,0,0,0,0,0,0,0,0,0,0,0,0,0,0,0,0,0,0,0
7185,7,8,8,6,6,6,7,9,11,10,8,6,6,6,8,8,7,5,4,5,5
7186,1,1,1,1,1,0,0,1,1,1,1,1,0,0,1,1,1,1,1,0,0
7187,0,0,0,0,0,0,0,0,0,0,0,0,0,0,0,0,0,0,0,0,0
7188,0,0,0,0,0,0,0,0,0,0,0,0,0,0,0,0,0,0,0,0,0
7189,2,2,1,1,1,1,1,2,2,1,1,1,1,1,2,2,1,1,1,1,1
7190,0,0,0,0,0,0,0,0,0,0,0,0,0,0,0,0,0,0,0,0,0
7191,0,0,0,0,0,0,0,0,0,0,0,0,0,0,0,0,0,0,0,0,0
7192,0,0,0,0,0,0,0,0,0,0,0,0,0,0,0,0,0,0,0,0,0
7193,11,13,12,11,10,9,10,11,13,12,11,10,9,10,11,13,12,11,10,9,10
7194,0,0,0,0,0,0,0,0,0,0,0,0,0,0,1,1,1,1,1,1,1
7195,0,0,0,0,0,0,0,0,0,0,0,0,0,0,0,0,0,0,0,0,0
7196,0,0,0,0,0,0,0,0,0,0,0,0,0,0,0,0,0,0,0,0,0
7197,6,8,10,8,6,4,4,6,8,10,8,6,4,4,6,8,10,8,6,4,4
7198,0,0,0,0,0,0,0,0,0,0,0,0,0,0,0,0,0,0,0,0,0
7199,0,0,0,0,0,0,0,0,0,0,0,0,0,0,0,0,0,0,0,0,0
7200,0,0,0,0,0,0,0,0,0,0,0,0,0,0,0,0,0,0,0,0,0
7201,1,0,0,0,0,0,0,0,0,0,0,0,0,0,0,0,0,0,0,0,0
7202,1,1,1,1,1,1,1,1,1,1,1,1,1,1,1,2,1,1,1,1,2
7203,0,1,1,2,2,1,1,0,1,1,2,2,1,1,0,1,1,2,2,1,1
7204,0,0,0,0,0,0,0,0,0,0,0,0,0,0,0,0,0,0,0,0,0
7205,6,8,8,8,7,7,6,8,9,9,9,8,7,7,8,8,8,8,7,6,6
7206,2,2,2,2,1,1,2,2,2,2,2,2,2,2,2,2,2,2,2,2,2
7207,0,0,1,1,1,1,1,1,1,1,2,1,1,1,1,2,2,2,2,1,1
7208,0,0,0,0,0,0,0,0,0,0,0,0,0,0,0,0,0,0,0,0,0
7209,0,0,0,0,0,0,0,0,0,0,0,0,0,0,0,0,0,0,0,0,0
7210,2,2,2,2,1,1,1,2,2,2,2,1,1,1,2,2,2,2,1,1,1
7211,3,4,3,3,3,3,3,4,4,4,3,3,2,3,3,3,3,3,3,2,3
7212,0,0,0,0,0,0,0,0,0,0,0,0,0,0,0,0,0,0,0,0,0
7213,2,2,2,2,2,1,2,2,2,2,2,2,1,1,2,2,2,2,1,1,2
7214,1,2,2,2,2,2,2,2,2,2,2,2,2,2,2,2,3,3,2,2,3
7215,6,7,7,7,6,4,5,6,7,7,7,6,4,5,6,7,7,6,6,5,5
7216,0,0,0,0,0,0,0,0,0,0,0,0,0,0,0,0,0,0,0,0,0
7217,1,1,1,2,2,2,1,1,1,1,2,2,2,1,1,1,1,2,2,2,1
7218,0,1,1,1,1,0,0,0,1,1,1,1,0,0,0,1,1,1,1,0,0
7219,0,0,1,1,1,0,0,0,0,1,1,1,0,0,0,0,1,1,1,0,0
7220,19,20,23,21,17,14,15,19,20,23,21,17,14,15,19,20,23,21,17,14,15
7221,2,3,3,3,2,2,2,2,3,3,3,2,2,2,2,3,3,3,2,2,2
7222,2,2,2,2,1,2,1,2,2,2,2,1,2,1,2,2,2,2,1,2,1
7223,3,3,3,3,3,3,2,3,3,3,3,3,3,2,3,3,3,3,3,3,2
7224,27,28,27,25,21,17,17,22,31,40,40,32,25,24,29,32,33,30,24,19,18
7225,0,1,1,1,1,1,1,0,1,1,1,1,1,1,0,1,1,1,1,1,1
7226,5,5,5,5,4,4,4,5,5,5,5,4,4,4,5,5,5,4,4,4,4
7227,0,0,1,0,0,0,0,0,0,1,0,0,0,0,0,0,1,0,0,0,0
7228,1,1,1,1,1,1,1,1,1,1,1,1,1,1,1,1,1,1,1,1,1
7229,1,1,1,1,1,1,1,1,1,1,1,1,1,1,1,1,1,1,1,1,1
7230,1,1,1,1,1,1,1,1,1,1,1,1,1,1,1,1,1,1,1,1,1
7231,0,0,0,0,0,0,0,0,0,0,0,0,0,0,0,0,0,0,0,0,0
7232,0,0,0,0,0,0,0,0,0,0,0,0,0,0,0,0,0,0,0,0,0
7233,0,0,0,0,0,0,0,0,0,0,0,0,0,0,0,0,0,0,0,0,0
7234,0,0,0,1,1,1,1,0,0,0,1,1,1,1,0,0,0,1,1,1,0
7235,0,0,0,0,0,0,0,0,0,0,0,0,0,0,0,0,0,0,0,0,0
7236,0,0,0,0,0,0,0,0,0,0,0,0,0,0,0,0,0,0,0,0,0
7237,0,0,0,0,0,0,0,0,0,0,0,0,0,0,0,0,0,0,0,0,0
7238,0,0,0,0,0,0,0,0,0,0,0,0,0,0,0,0,0,0,0,0,0
7239,0,0,0,0,0,0,0,0,0,0,0,0,0,0,0,0,0,0,0,0,0
7240,0,0,0,0,0,0,0,0,0,0,0,0,0,0,0,0,0,0,0,0,0
7241,0,0,0,0,0,0,0,0,0,0,0,0,0,0,0,0,0,0,0,0,0
7242,0,0,0,0,0,0,0,0,0,0,0,0,0,0,0,0,0,0,0,0,0
7243,0,0,0,0,0,0,0,0,0,0,0,0,0,0,0,0,0,0,0,0,0
7244,0,0,0,0,0,0,0,0,0,0,0,0,0,0,0,0,0,0,0,0,0
7245,0,0,0,0,0,0,0,0,0,0,0,0,0,0,0,0,0,0,0,0,0
7246,0,0,0,0,0,0,0,0,0,0,0,0,0,0,0,0,0,0,0,0,0
7247,0,0,0,0,0,0,0,0,0,0,0,0,0,0,0,0,0,0,0,0,0
7248,0,0,0,0,0,0,0,0,0,0,0,0,0,0,0,0,0,0,0,0,0
7249,0,0,0,0,0,0,0,0,0,0,0,0,0,0,0,0,0,0,0,0,0
7250,0,0,0,0,0,0,0,0,0,0,0,0,0,0,0,0,0,0,0,0,0
7251,0,0,0,0,0,0,0,0,0,0,0,0,0,0,0,0,0,0,0,0,0
7252,0,0,0,0,0,0,0,0,0,0,0,0,0,0,0,0,0,0,0,0,0
7253,0,0,0,0,0,0,0,0,0,0,0,0,0,0,0,0,0,0,0,0,0
7254,0,0,0,0,0,0,0,0,0,0,0,0,0,0,0,0,0,0,0,0,0
7255,0,0,0,0,0,0,0,0,0,0,0,0,0,0,0,0,0,0,0,0,0
7256,1,1,1,1,1,0,0,1,1,1,1,1,0,0,1,1,1,1,1,0,0
7257,0,0,0,0,0,0,0,0,0,0,0,0,0,0,0,0,0,0,0,0,0
7258,6,8,8,7,6,5,5,6,8,8,8,6,6,5,7,9,10,8,7,6,6
7259,1,1,1,1,1,1,1,1,1,1,1,1,1,1,1,1,1,1,1,1,1
7260,0,0,0,0,0,0,0,0,0,0,0,0,0,0,0,0,0,0,0,0,0
7261,3,2,2,2,2,2,2,3,2,2,2,2,2,2,3,2,2,2,2,2,2
7262,17,17,16,13,11,11,12,17,17,16,13,11,11,12,17,17,16,13,11,11,12
7263,6,5,3,2,1,1,2,5,5,4,2,1,2,2,6,6,5,3,2,2,2
7264,0,0,0,0,0,0,0,0,0,0,0,0,0,0,0,0,0,0,0,0,0
7265,29,39,26,23,13,16,20,29,39,26,23,13,16,20,29,39,26,23,13,16,20
7266,0,0,0,0,0,0,0,0,0,0,0,0,0,0,0,0,0,0,0,0,0
7267,0,0,0,0,0,0,0,0,0,0,0,0,0,0,0,0,0,0,0,0,0
7268,2,3,3,3,3,2,2,3,4,4,4,4,3,3,4,5,5,5,4,4,4
7269,0,0,0,0,0,0,0,0,0,0,0,0,0,0,0,0,0,0,0,0,0
7270,2,2,2,2,2,1,1,2,2,2,2,2,1,1,2,2,2,2,2,1,1
7271,1,1,1,1,1,1,1,1,1,1,1,1,1,1,1,1,1,1,1,1,1
7272,0,0,0,0,0,0,0,0,0,0,0,0,0,0,0,0,0,0,0,0,0
7273,0,1,1,2,2,1,1,1,1,1,1,1,1,1,1,1,1,1,0,0,0
7274,12,11,11,10,9,8,8,9,9,10,10,9,8,7,8,9,9,10,9,8,7
7275,87,100,101,83,71,59,58,77,91,93,78,68,57,58,82,98,101,84,73,62,62
7276,25,27,27,25,22,20,20,25,28,30,28,26,23,23,27,30,30,26,23,21,20
7277,69,68,64,58,52,48,51,59,60,59,55,51,47,50,59,61,60,56,51,47,50
7278,20,22,22,19,17,16,16,18,20,20,17,16,15,16,19,21,21,18,17,15,16
7279,54,58,55,52,49,46,42,49,54,53,51,49,45,42,49,54,53,51,48,44,41
7280,81,83,77,74,64,60,63,71,75,71,70,63,58,62,69,72,68,66,59,55,59
7281,4,5,5,5,4,4,4,5,5,5,5,4,3,3,4,4,5,4,4,3,3
7282,6,6,7,6,5,5,6,7,7,7,7,7,6,8,10,11,10,9,8,7,8
7283,3,3,3,3,3,3,3,4,4,4,3,3,3,3,4,3,3,2,2,2,2
7284,0,0,0,0,0,0,0,0,0,0,0,0,0,0,0,0,0,0,0,0,0
7285,0,0,0,0,0,0,0,0,0,0,0,0,0,0,0,0,0,0,0,0,0
7286,1,1,1,1,0,0,0,1,1,1,1,0,0,0,1,1,1,1,0,0,0
7287,0,0,0,0,0,0,0,0,0,0,0,0,0,0,0,0,0,0,0,0,0
7288,0,0,0,0,0,0,0,0,0,0,0,0,0,0,0,0,0,0,0,0,0
7289,0,0,0,0,0,0,0,0,0,0,0,0,0,0,0,0,0,0,0,0,0
7290,0,0,0,0,0,0,0,0,0,0,0,0,0,0,0,0,0,0,0,0,0
7291,0,0,0,0,0,0,0,0,0,0,0,0,0,0,0,0,0,0,0,0,0
7292,7,8,8,7,7,7,6,7,8,8,8,7,7,6,7,8,8,8,8,7,7
7293,4,4,4,3,3,3,3,4,4,4,3,3,3,3,4,4,3,3,3,3,4
7294,3,3,3,3,3,3,3,3,3,3,3,3,3,3,3,3,3,3,3,3,3
7295,8,8,8,7,7,6,6,7,8,7,6,6,5,6,7,8,7,6,6,6,7
7296,48,52,50,46,39,35,35,46,56,58,54,46,40,40,48,54,53,47,40,34,34
7297,3,4,5,5,4,3,2,3,4,5,5,4,3,2,3,4,4,5,4,3,2
7298,11,12,12,10,9,8,8,11,12,13,11,9,8,9,11,12,11,10,8,7,8
7299,19,19,19,17,15,14,14,17,18,19,16,15,13,14,17,18,18,16,15,13,14
7300,7,7,8,7,6,5,6,7,7,8,7,6,5,6,7,7,8,7,6,5,6
7301,10,11,11,10,9,9,9,10,11,11,10,9,9,9,10,10,11,10,9,9,9
7302,44,46,46,41,36,37,40,50,53,53,47,41,40,42,51,53,52,45,39,38,42
7303,4,5,5,5,4,3,3,4,5,5,5,4,4,3,5,5,6,5,5,4,4
7304,3,3,3,3,3,3,2,3,3,3,3,3,3,2,3,3,3,3,3,3,2
7305,4,4,4,4,4,4,3,4,4,4,4,4,4,3,4,4,4,4,4,4,3
7306,21,22,23,20,18,15,15,20,24,27,25,22,19,18,22,24,23,20,17,15,14
7307,4,4,4,5,5,5,4,4,4,4,5,5,5,4,4,4,4,5,5,5,4
7308,2,2,2,2,2,1,1,2,2,2,2,2,1,1,2,2,2,2,2,1,1
7309,9,10,11,10,9,8,8,9,10,11,10,9,7,8,9,10,11,10,9,7,8
7310,4,4,5,4,4,3,4,4,4,5,4,4,3,4,4,4,5,4,4,3,4
7311,13,13,13,13,12,11,11,12,12,13,13,12,11,11,12,12,12,13,12,11,11
7312,3,4,4,4,3,3,3,3,4,4,4,3,3,3,3,4,4,4,3,3,3
7313,9,11,12,11,10,9,8,9,10,11,10,9,8,8,9,10,11,10,9,8,8
7314,1,1,1,1,1,0,0,1,1,1,1,1,0,0,1,1,1,1,1,0,1
7315,10,10,11,10,10,9,10,10,10,11,10,10,9,10,10,10,11,10,10,9,10
7316,225,221,222,219,208,186,176,216,221,221,217,206,181,170,212,217,217,212,201,178,170
7317,1,1,1,1,1,0,0,1,1,1,1,1,0,0,1,1,1,1,1,0,0
7318,0,0,0,0,0,0,0,0,0,0,0,0,0,0,0,0,0,0,0,0,0
7319,14,15,15,14,12,10,10,12,13,16,15,13,11,10,11,12,13,12,11,10,10
7320,23,22,22,19,17,15,16,23,29,33,28,24,19,19,24,27,28,24,20,17,17
7321,12,13,14,13,12,9,9,12,13,13,12,11,9,9,14,17,18,16,14,11,11
7322,1,1,0,0,0,0,0,0,0,0,0,0,0,0,1,1,0,0,0,0,0
7323,5,6,6,5,4,3,3,5,5,5,5,4,3,3,5,5,5,5,4,3,3
7324,5,5,5,6,5,4,3,4,4,5,6,4,3,3,4,4,5,6,4,3,3
7325,13,13,12,10,9,8,8,9,11,12,11,10,7,7,7,8,8,8,8,7,6
7326,7,8,8,7,6,5,6,7,7,7,7,6,5,6,7,8,8,7,6,5,6
7327,11,11,10,9,7,6,7,10,11,11,10,9,7,8,10,10,10,9,8,7,8
7328,18,19,19,17,15,13,15,17,18,18,16,14,13,15,17,19,19,16,15,13,15
7329,0,0,0,0,0,0,0,0,0,0,0,0,0,0,0,0,0,0,0,0,0
7330,3,3,3,3,2,3,3,4,4,3,3,3,3,3,4,4,3,3,3,3,3
7331,5,4,5,6,5,4,4,5,4,5,6,5,4,4,5,4,5,6,5,4,4
7332,1,1,1,1,1,1,1,1,1,1,1,1,1,1,1,1,1,1,1,1,1
7333,1,1,1,1,1,1,1,1,1,1,1,1,1,1,1,1,1,1,1,1,1
7334,1,1,1,0,1,1,0,1,1,1,0,1,1,0,1,1,1,0,1,1,0
7335,2,2,2,2,2,2,2,2,2,2,2,2,2,2,2,2,2,2,2,2,2
7336,4,4,3,3,3,3,3,4,4,3,3,3,3,3,4,4,3,3,3,3,3
7337,1,1,1,1,1,1,1,1,1,1,1,1,1,1,1,1,1,1,1,1,1
7338,0,0,0,0,0,0,0,1,1,1,1,1,1,1,1,1,1,1,1,1,1
7339,1,1,1,1,1,1,1,1,1,1,1,1,1,1,2,2,1,1,1,1,1
7340,2,2,2,2,1,1,1,2,2,2,2,1,1,2,2,2,2,2,2,1,2
7341,0,0,0,0,0,0,0,0,0,0,0,0,0,0,0,0,0,0,0,0,0
7342,0,0,0,0,0,0,0,0,0,0,0,0,0,0,0,0,0,0,0,0,0
7343,0,0,0,0,0,0,0,0,0,0,0,0,0,0,0,0,0,0,0,0,0
7344,0,0,0,0,0,0,0,0,0,0,0,0,0,0,0,0,0,0,0,0,0
7345,0,0,0,0,0,0,0,0,0,0,0,0,0,0,0,0,0,0,0,0,0
7346,0,0,0,0,0,0,0,0,0,0,0,0,0,0,0,0,0,0,0,0,0
7347,0,0,0,0,0,0,0,0,0,0,0,0,0,0,0,0,0,0,0,0,0
7348,0,0,0,0,0,0,0,0,0,0,0,0,0,0,0,0,0,0,0,0,0
7349,0,0,0,0,0,0,0,0,0,0,0,0,0,0,0,0,0,0,0,0,0
7350,6,6,6,6,5,5,6,6,6,6,6,5,5,6,6,6,6,6,5,5,6
7351,2,1,1,1,1,1,1,2,1,1,1,1,1,1,2,1,1,1,1,1,1
7352,5,5,6,5,5,5,5,6,6,6,6,5,5,5,6,6,6,5,4,4,4
7353,0,0,0,0,0,0,0,0,0,0,0,0,0,0,0,0,0,0,0,0,0
7354,1,0,0,1,1,1,0,1,0,0,1,1,1,1,1,0,0,1,1,1,1
7355,0,0,0,0,0,0,0,0,0,0,0,0,0,0,0,0,0,0,0,0,0
7356,0,0,0,0,0,0,0,0,0,0,0,0,0,0,0,0,0,0,0,0,0
7357,0,0,0,0,0,0,0,0,0,0,0,0,0,0,0,0,0,0,0,0,0
7358,4,4,4,3,3,3,3,4,4,4,3,3,3,3,3,3,3,2,2,3,3
7359,14,17,18,16,14,13,13,17,21,23,21,18,16,15,18,19,19,16,13,12,12
7360,0,0,0,0,0,0,0,0,0,0,0,0,0,0,0,0,0,0,0,0,0
7361,3,3,3,3,3,3,3,3,4,4,3,3,3,3,3,4,4,3,3,3,4
7362,2,2,3,3,2,2,2,2,2,3,3,2,2,2,2,2,3,3,2,2,2
7363,0,0,0,0,0,0,0,0,0,0,0,0,0,0,0,0,0,0,0,0,0
7364,0,0,0,0,0,0,0,0,0,0,0,0,0,0,0,0,0,0,0,0,0
7365,0,0,0,0,0,0,0,0,0,0,0,0,0,0,0,0,0,0,0,0,0
7366,0,0,0,0,0,0,0,0,0,0,0,0,0,0,0,0,0,0,0,0,0
7367,0,0,0,0,0,0,0,0,0,0,0,0,0,0,0,0,0,0,0,0,0
7368,3,4,4,3,2,3,3,3,4,4,3,3,3,3,3,3,4,3,3,3,3
7369,2,2,2,2,2,2,2,2,2,2,2,2,2,2,2,2,2,2,2,2,2
7370,0,0,0,0,0,0,0,0,0,0,0,0,0,0,0,0,0,0,0,0,0
7371,0,0,0,0,0,0,0,0,0,0,0,0,0,0,0,0,0,0,0,0,0
7372,0,0,0,0,0,0,0,0,0,0,0,0,0,0,0,0,0,0,0,0,0
7373,0,0,0,0,0,0,0,0,0,0,0,0,0,0,0,0,0,0,0,0,0
7374,0,0,0,0,0,0,0,0,0,0,0,0,0,0,0,0,0,0,0,0,0
7375,0,0,0,0,0,0,0,0,0,0,0,0,0,0,0,0,0,0,0,0,0
7376,0,0,0,0,0,0,0,0,0,0,0,0,0,0,0,0,0,0,0,0,0
7377,0,0,0,0,0,0,0,0,0,0,0,0,0,0,0,0,0,0,0,0,0
7378,40,40,43,40,35,30,29,34,40,46,44,39,33,30,31,34,39,38,34,29,26
7379,0,0,1,1,1,1,0,0,0,1,1,1,1,0,0,0,1,1,1,1,0
7380,0,0,0,0,0,0,0,0,0,0,0,0,0,0,0,0,0,0,0,0,0
7381,0,0,0,0,0,0,0,0,0,0,0,0,0,0,0,0,0,0,0,0,0
7382,0,0,0,0,0,0,0,0,0,0,0,0,0,0,0,0,0,0,0,0,0
7383,0,0,0,0,0,0,0,0,0,0,0,0,0,0,0,0,0,0,0,0,0
7384,0,0,0,0,0,0,0,0,0,0,0,0,0,0,0,0,0,0,0,0,0
7385,0,0,0,0,0,0,0,0,0,0,0,0,0,0,0,0,0,0,0,0,0
7386,0,0,0,0,0,0,0,0,0,0,0,0,0,0,0,0,0,0,0,0,0
7387,0,0,0,0,0,0,0,0,0,0,0,0,0,0,0,0,0,0,0,0,0
7388,0,0,0,0,0,0,0,0,0,0,0,0,0,0,0,0,0,0,0,0,0
7389,8,8,7,8,10,7,8,8,8,7,8,10,7,8,8,8,7,8,10,7,8
7390,4,1,0,1,0,3,2,4,1,0,1,0,3,2,4,1,0,1,0,3,2
7391,0,0,0,0,0,0,0,0,0,0,0,0,0,0,0,0,0,0,0,0,0
7392,0,0,0,0,0,0,0,0,0,0,0,0,0,0,0,0,0,0,0,0,0
7393,3,3,4,3,4,2,3,3,3,4,3,4,2,3,3,3,4,3,4,2,3
7394,3,2,2,0,1,2,2,3,2,2,0,1,2,2,3,2,2,0,1,2,2
7395,0,0,0,0,0,0,0,0,0,0,0,0,0,0,0,0,0,0,0,0,0
7396,4,4,3,3,3,3,3,4,4,3,3,3,3,3,4,4,3,3,3,3,3
7397,0,0,0,0,0,0,0,0,0,0,0,0,0,0,0,0,0,0,0,0,0
7398,2,2,2,2,2,1,1,2,2,2,2,2,1,2,2,3,2,2,2,2,2
7399,1,2,2,1,1,1,1,1,2,2,1,1,1,1,1,2,2,1,1,1,1
7400,1,1,1,1,0,0,0,1,1,1,1,0,0,0,1,1,1,1,0,0,0
7401,1,1,1,1,1,1,1,1,1,1,1,1,1,1,1,1,1,1,1,1,1
7402,1,1,1,1,0,1,1,1,1,1,1,0,1,1,1,1,1,1,0,1,1
7403,4,4,3,4,4,4,3,3,3,3,4,4,4,3,3,3,3,4,4,3,3
7404,0,0,0,0,0,0,0,0,0,0,0,0,0,0,0,0,0,0,0,0,0
7405,2,2,2,2,2,2,1,2,2,2,2,2,2,1,2,2,2,2,2,2,1
7406,0,0,0,0,0,0,0,0,0,0,0,0,0,0,0,0,0,0,0,0,0
7407,0,1,0,0,0,0,0,0,0,0,0,0,0,0,0,0,0,0,0,0,0
7408,0,0,0,0,0,0,0,0,0,0,0,0,0,0,1,1,1,0,0,0,0
7409,1,1,1,1,1,1,1,1,1,1,1,1,1,1,1,1,1,1,1,1,1
7410,0,0,0,0,0,0,0,0,0,0,0,0,0,0,0,0,0,0,0,0,0
7411,0,0,0,0,0,0,0,0,0,0,0,0,0,0,0,0,0,0,0,0,0
7412,0,0,0,0,0,0,0,0,0,0,0,0,0,0,0,0,0,0,0,0,0
7413,0,0,0,0,0,0,0,0,0,0,0,0,0,0,0,0,0,0,0,0,0
7414,0,0,0,0,0,0,0,0,0,0,0,0,0,0,0,0,0,0,0,0,0
7415,0,0,0,0,0,0,0,0,0,0,0,0,0,0,0,0,0,0,0,0,0
7416,0,0,0,0,0,0,0,0,0,0,0,0,0,0,0,0,0,0,0,0,0
7417,0,0,0,0,0,0,0,0,0,0,0,0,0,0,0,0,0,0,0,0,0
7418,0,0,1,0,0,0,0,0,0,1,0,0,0,0,0,0,1,0,0,0,0
7419,0,0,0,0,0,0,0,0,0,0,0,0,0,0,0,0,0,0,0,0,0
7420,0,0,0,0,0,0,0,0,0,0,0,0,0,0,0,0,0,0,0,0,0
7421,0,0,0,0,0,0,0,0,0,0,0,0,0,0,0,0,0,0,0,0,0
7422,0,0,0,0,0,0,0,0,0,0,0,0,0,0,0,0,0,0,0,0,0
7423,0,0,0,0,0,0,0,0,0,0,0,0,0,0,0,0,0,0,0,0,0
7424,0,0,0,0,0,0,0,0,0,0,0,0,0,0,0,0,0,0,0,0,0
7425,2,2,2,2,1,1,1,2,2,2,2,1,1,1,2,2,2,2,1,1,1
7426,0,0,0,0,0,0,0,0,0,0,0,0,0,0,0,0,0,0,0,0,0
7427,0,0,0,0,0,0,0,0,0,0,0,0,0,0,0,0,0,0,0,0,0
7428,2,2,2,3,3,2,2,2,2,2,3,3,2,2,2,2,2,3,3,2,2
7429,0,0,0,0,0,0,0,0,0,0,0,0,0,0,0,0,0,0,0,0,0
7430,0,0,0,0,0,0,0,0,0,0,0,0,0,0,0,0,0,0,0,0,0
7431,9,10,10,9,8,7,7,9,10,10,9,8,7,7,9,10,10,9,8,7,7
7432,1,1,1,1,1,1,1,1,1,1,1,1,1,1,1,1,1,1,1,1,1
7433,2,2,3,2,2,1,1,2,2,3,2,2,1,1,2,2,3,2,2,1,1
7434,2,2,2,2,2,1,2,2,2,2,2,2,1,2,2,2,2,2,2,1,2
7435,0,0,0,0,0,0,0,0,0,0,0,0,0,0,1,1,0,0,0,0,1
7436,0,0,0,0,0,0,0,0,0,0,0,0,0,0,0,0,0,0,0,0,0
7437,13,14,16,18,21,18,13,13,14,16,18,21,18,13,13,14,17,19,21,18,13
7438,0,0,0,0,0,0,0,0,0,0,0,0,0,0,0,0,0,0,0,0,0
7439,0,0,0,0,0,0,0,0,0,0,0,0,0,0,0,0,0,0,0,0,0
7440,0,0,0,0,0,0,0,0,0,0,0,0,0,0,0,0,0,0,0,0,0
7441,3,3,4,4,3,3,3,4,4,4,4,3,2,2,3,3,3,3,3,2,2
7442,2,2,2,2,2,2,2,2,2,2,2,2,2,2,2,2,2,2,2,2,2
7443,0,0,0,0,0,0,0,0,0,0,0,0,0,0,0,0,0,0,0,0,0
7444,0,0,1,1,1,0,0,0,0,1,1,1,0,0,0,1,1,1,1,0,0
7445,0,0,0,0,0,0,0,0,0,0,0,0,0,0,0,0,0,0,0,0,0
7446,3,3,3,3,2,2,2,2,2,2,2,2,2,2,2,3,3,2,2,2,2
7447,0,0,0,0,0,0,0,0,0,0,0,0,0,0,0,0,0,0,0,0,0
7448,0,0,0,0,0,0,0,0,0,0,0,0,0,0,0,0,0,0,0,0,0
7449,52,62,64,61,54,44,45,52,62,64,61,54,44,45,52,62,64,61,54,44,45
7450,2,3,3,2,2,2,2,2,3,3,2,2,2,2,2,3,3,2,2,2,2
7451,0,0,0,0,0,0,0,0,0,0,0,0,0,0,0,0,0,0,0,0,0
7452,0,0,0,0,0,0,0,0,0,0,0,0,0,0,0,0,0,0,0,0,0
7453,0,0,0,0,0,0,1,0,0,0,0,0,0,1,0,0,0,0,0,0,1
7454,23,32,34,31,26,23,20,23,32,34,31,26,23,20,23,32,34,31,26,23,20
7455,0,1,1,1,1,0,0,0,1,1,1,1,0,0,0,1,1,1,1,0,0
7456,0,0,0,0,0,0,0,0,0,0,0,0,0,0,0,0,0,0,0,0,0
7457,3,4,3,3,3,3,3,4,4,3,4,3,3,3,3,4,3,3,3,3,3
7458,0,0,0,0,0,0,0,0,0,0,0,0,0,0,0,0,0,0,0,0,0
7459,0,0,1,1,2,2,2,1,1,1,1,1,1,1,1,1,1,1,0,0,0
7460,18,17,14,13,12,11,14,17,16,14,13,12,11,14,17,16,14,13,12,11,14
7461,0,0,0,0,0,0,0,0,0,0,0,0,0,0,0,0,0,0,0,0,0
7462,1,1,1,1,1,1,1,1,1,1,1,1,1,1,2,2,2,2,2,1,2
7463,0,0,0,0,0,0,0,0,0,0,0,0,0,0,0,0,0,0,0,0,0
7464,0,0,0,0,0,0,0,0,0,0,0,0,0,0,0,0,0,0,0,0,0
7465,12,10,10,9,7,6,6,12,10,10,9,7,6,6,12,10,10,9,7,6,6
7466,18,21,22,21,18,17,16,19,21,22,21,18,17,16,18,21,21,21,18,17,16
7467,3,4,3,3,2,2,3,4,4,4,3,3,3,3,4,4,4,3,3,3,3
7468,24,27,28,25,21,20,20,24,27,29,27,23,22,22,27,29,30,27,23,22,21
7469,12,13,12,12,11,9,10,13,14,14,13,12,10,11,13,14,13,12,11,9,10
7470,11,12,12,11,10,9,9,11,12,12,11,10,9,10,11,12,13,12,10,10,10
7471,4,5,5,4,4,3,4,5,6,5,5,4,4,5,6,7,7,6,5,5,6
7472,1,1,2,2,1,1,1,1,1,2,2,1,1,1,1,1,2,2,1,1,1
7473,7,8,8,7,6,6,6,8,9,9,8,7,6,6,7,7,7,5,5,4,5
7474,0,0,0,0,0,1,1,1,0,0,0,0,0,0,0,0,0,0,0,0,0
7475,0,0,0,1,1,1,0,0,0,0,1,1,1,0,0,0,0,1,1,1,0
7476,4,4,4,4,3,3,3,4,4,4,4,3,3,3,4,4,4,4,3,3,3
7477,12,13,12,11,10,10,10,12,11,10,9,9,9,10,12,12,11,10,10,9,10
7478,1,1,1,1,1,1,1,1,1,1,1,1,1,1,1,1,1,1,1,1,1
7479,16,18,17,16,13,13,14,17,19,17,16,14,13,14,16,17,15,14,12,12,15
7480,6,8,8,5,3,2,2,6,8,8,5,3,2,2,6,8,8,5,3,2,2
7481,0,0,0,0,0,0,0,0,0,0,0,0,0,0,0,0,0,0,0,0,0
7482,8,8,7,5,4,3,4,6,7,7,6,5,5,5,7,9,9,8,7,7,9
7483,122,116,99,89,81,93,94,122,118,103,92,83,95,95,122,117,100,89,81,93,94
7484,25,26,25,21,17,15,16,21,24,24,21,17,14,16,20,23,23,20,18,16,18
7485,107,102,97,87,75,81,92,111,110,103,91,79,82,92,109,105,98,85,73,77,87
7486,3,4,4,2,2,2,2,3,4,4,2,2,2,2,3,4,4,2,2,2,2
7487,55,52,47,41,36,34,43,52,52,47,41,36,33,42,51,51,46,39,34,34,43
7488,0,0,0,0,0,0,0,0,0,0,0,0,0,0,0,0,0,0,0,0,0
7489,0,0,0,0,0,0,0,0,0,0,0,0,0,0,0,0,0,0,0,0,0
7490,0,0,0,0,0,0,0,1,1,1,1,1,0,0,1,1,1,0,0,0,1
7491,0,0,0,0,0,0,0,0,0,1,0,0,0,0,0,0,0,0,0,0,0
7492,24,25,26,21,16,12,13,20,26,30,26,20,15,15,19,21,23,20,15,12,12
7493,14,13,11,11,10,10,13,14,13,11,11,10,10,13,14,13,11,11,10,10,13
7494,7,8,9,8,7,5,6,7,8,9,8,7,5,6,7,8,9,8,7,5,6
7495,1,1,1,1,1,1,1,1,1,1,1,1,1,1,1,1,1,1,1,1,1
7496,1,2,2,1,1,1,1,1,2,2,1,1,1,1,1,2,2,1,1,1,1
7497,6,7,7,7,7,5,5,6,7,7,7,7,5,5,6,7,7,7,7,5,5
7498,2,2,2,2,2,2,2,2,2,2,2,2,2,2,2,2,2,2,2,2,2
7499,8,9,10,9,8,6,7,8,8,8,7,6,5,6,7,7,7,6,6,5,6
7500,6,5,4,5,4,4,5,6,5,4,5,4,4,5,6,5,4,5,4,4,5
7501,2,2,2,2,1,1,1,2,2,2,2,1,1,1,2,2,2,2,1,1,1
7502,0,0,0,0,0,0,0,0,0,0,0,0,0,0,0,0,0,0,0,0,0
7503,1,0,0,1,0,0,1,1,0,0,1,0,0,1,1,0,0,1,0,0,1
7504,1,1,1,1,1,1,1,1,1,1,1,1,1,1,1,1,1,1,1,1,1
7505,6,7,7,7,5,5,5,6,7,7,7,5,5,5,6,7,7,7,5,5,5
7506,0,1,1,1,0,0,0,0,1,1,1,0,0,1,0,1,1,1,0,0,1
7507,7,8,7,6,6,6,6,7,8,7,6,6,6,6,7,8,7,6,6,6,6
7508,13,13,13,11,9,6,8,11,13,16,14,12,8,9,12,13,14,13,11,8,10
7509,1,2,2,2,1,1,1,2,2,2,2,1,1,1,2,2,2,2,2,2,2
7510,0,0,0,1,0,0,0,0,0,0,1,0,0,0,0,0,0,1,0,0,0
7511,0,0,0,0,0,0,0,0,0,0,0,0,0,0,0,0,0,0,0,0,0
7512,1,1,2,1,1,1,1,1,2,2,1,1,1,1,2,2,2,1,1,1,1
7513,14,15,14,12,11,10,12,13,13,12,10,9,9,11,13,14,13,12,11,10,12
7514,0,0,0,0,0,0,0,0,0,0,0,0,0,0,0,0,0,0,0,0,0
7515,0,0,1,1,1,0,0,0,0,1,1,1,0,0,0,0,1,1,1,0,0
7516,0,0,0,0,0,0,0,0,0,0,0,0,0,0,0,0,0,0,0,0,0
7517,3,3,3,3,3,3,3,3,3,3,3,3,3,3,3,3,3,3,3,3,3
7518,0,0,0,1,1,0,0,0,0,0,1,1,0,0,0,0,0,1,1,0,0
7519,1,1,1,1,1,1,1,1,1,1,1,1,1,1,1,1,1,1,1,1,1
7520,2,2,2,2,2,1,1,2,2,2,2,2,1,1,2,2,2,2,2,1,1
7521,4,6,7,8,7,5,4,5,7,8,9,8,6,5,7,8,8,8,8,6,6
7522,2,3,3,2,2,2,2,2,3,3,2,2,2,2,2,3,3,2,2,2,2
7523,6,6,6,7,6,5,4,6,6,6,7,6,5,4,6,6,6,7,6,5,4
7524,1,1,1,1,1,1,1,1,1,1,1,1,1,1,1,1,1,1,1,1,1
7525,2,2,2,2,2,1,2,2,3,3,3,2,1,2,2,2,2,2,1,1,2
7526,0,1,1,0,0,0,0,0,1,1,0,0,0,0,0,1,1,0,0,0,0
7527,0,0,0,0,0,0,0,0,0,0,0,0,0,0,0,0,0,0,0,0,0
7528,0,0,0,0,0,0,0,0,0,0,0,0,0,0,0,0,0,0,0,0,0
7529,0,0,0,0,0,0,0,0,0,0,0,0,0,0,0,0,0,0,0,0,0
7530,0,0,0,0,0,0,0,0,0,0,0,0,0,0,0,0,0,0,0,0,0
7531,1,1,1,1,1,1,1,1,1,1,1,1,1,1,1,1,1,1,1,1,1
7532,0,0,0,0,0,0,0,0,0,0,0,0,0,0,0,0,0,0,0,0,0
7533,1,1,1,1,1,1,1,1,1,1,1,1,1,1,1,1,1,1,1,1,1
7534,0,0,0,0,0,0,0,0,0,0,0,0,0,0,0,0,0,0,0,0,0
7535,0,0,0,0,0,0,0,0,0,0,0,0,0,0,0,0,0,0,0,0,0
7536,0,0,0,0,0,0,0,0,0,0,0,0,0,0,0,0,0,0,0,0,0
7537,0,0,0,0,0,0,0,0,0,0,0,0,0,0,0,0,0,0,0,0,0
7538,0,0,0,0,0,0,0,0,0,0,0,0,0,0,0,0,0,0,0,0,0
7539,0,0,0,0,0,0,0,0,0,0,0,0,0,0,0,0,0,0,0,0,0
7540,0,0,0,0,0,0,0,0,0,0,0,0,0,0,0,0,0,0,0,0,0
7541,0,0,0,0,0,0,0,0,0,0,0,0,0,0,0,0,0,0,0,0,0
7542,0,0,0,0,0,0,0,0,0,0,0,0,0,0,0,0,0,0,0,0,0
7543,0,0,0,0,0,0,0,0,0,0,0,0,0,0,0,0,0,0,0,0,0
7544,0,0,0,0,0,0,0,0,0,0,0,0,0,0,0,0,0,0,0,0,0
7545,0,0,0,0,0,0,0,0,0,0,0,0,0,0,0,0,0,0,0,0,0
7546,0,0,0,0,0,0,0,0,0,0,0,0,0,0,0,0,0,0,0,0,0
7547,0,0,0,0,0,0,0,0,0,0,0,0,0,0,0,0,0,0,0,0,0
7548,0,0,0,0,0,0,0,0,0,0,0,0,0,0,0,0,0,0,0,0,0
7549,0,0,0,0,0,0,0,0,0,0,0,0,0,0,0,0,0,0,0,0,0
7550,0,0,0,0,0,0,0,0,0,0,0,0,0,0,0,0,0,0,0,0,0
7551,0,0,0,0,0,0,0,0,0,0,0,0,0,0,0,0,0,0,0,0,0
7552,0,0,0,0,0,0,0,0,0,0,0,0,0,0,0,0,0,0,0,0,0
7553,0,0,0,0,0,0,0,0,0,0,0,0,0,0,0,0,0,0,0,0,0
7554,0,0,0,0,0,0,0,0,0,0,0,0,0,0,0,0,0,0,0,0,0
7555,0,0,0,0,0,0,0,0,0,0,0,0,0,0,0,0,0,0,0,0,0
7556,0,0,0,0,0,0,0,0,0,0,0,0,0,0,0,0,0,0,0,0,0
7557,0,0,0,0,0,0,0,0,0,0,0,0,0,0,0,0,0,0,0,0,0
7558,0,0,0,0,0,0,0,0,0,0,0,0,0,0,0,0,0,0,0,0,0
7559,1,1,1,1,1,0,0,1,1,1,1,1,0,0,1,1,1,1,1,1,0
7560,5,8,8,8,7,3,3,5,8,8,8,7,3,3,5,8,8,8,7,3,3
7561,0,0,0,0,0,0,0,0,0,0,0,0,0,0,0,0,0,0,0,0,0
7562,0,0,0,0,0,0,0,0,0,0,0,0,0,1,1,1,2,2,1,1,1
7563,0,0,0,0,0,0,0,0,0,0,0,0,0,0,0,0,0,0,0,0,0
7564,0,0,0,0,0,0,0,0,0,0,0,0,0,0,0,0,0,0,0,0,0
7565,0,0,0,0,0,0,0,0,0,0,0,0,0,0,0,0,0,0,0,0,0
7566,0,0,0,0,0,0,0,0,0,0,0,0,0,0,0,0,0,0,0,0,0
7567,0,0,0,0,0,0,0,0,0,0,0,0,0,0,0,0,0,0,0,0,0
7568,2,2,2,1,1,1,1,1,1,2,1,1,1,1,1,0,1,0,0,1,1
7569,0,0,0,0,0,0,0,0,0,0,0,0,0,0,0,0,0,0,0,0,0
7570,0,0,0,0,0,0,0,0,0,0,0,0,0,0,0,0,0,0,0,0,0
7571,0,0,0,0,1,0,0,0,0,0,0,1,0,0,0,0,0,0,1,0,0
7572,40,48,55,64,56,45,32,41,52,60,70,62,50,38,47,57,63,70,61,49,37
7573,0,1,1,1,1,0,1,0,1,1,1,1,0,1,0,1,1,1,1,0,1
7574,0,0,0,0,0,0,0,0,0,0,0,0,0,0,0,0,0,0,0,0,0
7575,0,0,0,0,0,0,0,0,0,0,0,0,0,0,0,0,0,0,0,0,0
7576,0,0,0,0,0,0,0,0,0,0,0,0,0,0,0,0,0,0,0,0,0
7577,0,0,0,0,0,0,0,0,0,0,0,0,0,0,0,0,0,0,0,0,0
7578,0,0,0,0,0,0,0,0,0,0,0,0,0,0,0,0,0,0,0,0,0
7579,0,0,0,0,0,0,0,0,0,0,0,0,0,0,0,0,0,0,0,0,0
7580,10,12,12,10,9,8,7,10,12,12,10,9,8,7,10,12,12,10,9,8,7
7581,3,3,2,2,2,2,2,3,3,2,2,2,2,2,3,3,2,2,2,2,2
7582,2,2,2,2,2,2,2,2,2,2,2,2,2,2,2,2,2,2,2,2,2
7583,3,3,3,3,3,2,2,3,3,3,3,3,2,3,3,3,4,3,3,3,3
7584,33,35,31,28,23,22,24,25,25,25,23,20,20,22,25,27,27,25,22,21,23
7585,0,0,0,0,0,0,0,0,0,0,0,0,0,0,0,0,0,0,0,0,0
7586,0,0,0,0,0,0,0,0,0,0,0,0,0,0,0,0,0,0,0,0,0
7587,0,0,0,0,0,0,0,0,0,0,0,0,0,0,0,0,0,0,0,0,0
7588,0,1,1,0,0,0,0,0,1,1,0,0,0,0,0,1,1,0,0,0,0
7589,3,4,4,4,3,3,3,3,4,4,4,3,3,3,3,4,4,4,4,3,3
7590,53,64,73,69,62,48,39,51,65,78,76,67,53,43,54,65,73,69,62,48,39
7591,4,4,4,3,3,3,3,4,4,4,3,3,3,3,4,4,3,3,3,3,3
7592,3,3,3,2,2,2,2,2,2,2,2,2,2,2,2,2,3,3,2,2,2
7593,1,2,2,2,1,1,1,1,2,2,2,1,1,1,1,2,2,2,1,1,1
7594,2,2,2,2,1,1,1,2,2,2,2,1,2,1,2,2,2,2,1,2,2
7595,10,11,11,11,9,8,8,10,11,11,11,9,8,8,10,10,10,10,8,8,9
7596,1,1,1,1,1,1,1,1,1,1,1,1,1,1,1,1,1,1,1,1,1
7597,0,0,0,0,0,0,0,0,0,0,0,0,0,0,0,0,0,0,0,0,0
7598,0,0,0,0,0,0,0,0,0,0,0,0,0,0,0,0,0,0,0,0,0
7599,0,0,0,0,0,0,0,0,0,0,0,0,0,0,0,0,0,0,0,0,0
7600,0,0,0,0,0,0,0,0,0,0,0,0,0,0,0,0,0,0,0,0,0
7601,0,0,0,0,0,0,0,0,0,0,0,0,0,0,0,0,0,0,0,0,0
7602,0,0,0,0,0,0,0,0,0,0,0,0,0,0,0,0,0,0,0,0,0
7603,1,1,1,1,1,0,1,1,1,1,1,1,0,1,1,1,1,1,1,0,1
7604,1,2,2,2,2,1,1,1,2,2,2,2,1,1,1,2,2,2,2,1,1
7605,0,0,0,0,0,0,0,0,0,0,0,0,0,0,0,0,0,0,0,0,0
7606,0,0,0,0,0,0,0,0,0,0,0,0,0,0,0,0,0,0,1,1,1
7607,32,36,39,37,34,29,30,36,41,42,39,36,30,29,36,40,41,37,34,28,28
7608,9,14,14,13,9,8,9,10,15,16,15,11,9,10,12,16,16,15,11,10,11
7609,20,22,21,18,14,13,13,16,20,22,20,16,14,15,17,20,21,18,14,13,13
7610,0,0,0,0,0,0,0,0,0,0,0,0,0,0,0,0,0,0,0,0,0
7611,0,0,0,0,0,0,0,0,0,0,0,0,0,0,0,0,0,0,0,0,0
7612,0,0,0,0,0,0,0,0,0,0,0,0,0,0,0,0,0,0,0,0,0
7613,0,0,0,0,0,0,0,0,0,0,0,0,0,0,0,0,0,0,0,0,0
7614,0,0,0,0,0,0,0,0,0,0,0,0,0,0,0,0,0,0,0,0,0
7615,0,0,0,0,0,0,0,0,0,0,0,0,0,0,0,0,0,0,0,0,0
7616,0,0,0,0,0,0,0,0,0,0,0,0,0,0,0,0,0,0,0,0,0
7617,0,0,0,0,0,0,0,0,0,0,0,0,0,0,0,0,0,0,0,0,0
7618,0,0,0,0,0,0,0,0,0,0,0,0,0,0,0,0,0,0,0,0,0
7619,0,0,0,0,0,0,0,0,0,0,0,0,0,0,0,0,0,0,0,0,0
7620,3,3,3,3,3,2,2,3,2,3,2,3,2,2,3,2,2,2,2,2,2
7621,0,0,0,0,0,0,0,0,0,0,0,0,0,0,0,0,0,0,0,0,0
7622,7,7,10,8,6,5,4,7,7,10,8,6,5,4,7,7,10,8,6,5,4
7623,2,4,4,4,3,2,1,2,4,4,4,3,2,1,2,4,4,4,3,2,1
7624,28,43,58,57,48,34,21,28,43,58,56,48,34,21,28,43,58,56,48,34,21
7625,3,3,2,3,3,2,1,3,3,2,3,3,2,1,3,3,2,3,3,2,1
7626,9,11,14,11,11,9,5,9,11,14,11,11,9,5,9,11,14,11,11,9,5
7627,0,0,0,0,0,0,0,0,0,0,0,0,0,0,0,0,0,0,0,0,0
7628,0,0,0,0,0,0,0,0,0,0,0,0,0,0,0,0,0,0,0,0,0
7629,2,2,2,2,0,1,1,2,2,2,2,0,1,1,2,2,2,2,0,1,1
7630,20,16,14,9,7,7,10,14,13,12,8,6,6,10,14,14,14,10,7,8,11
7631,0,0,0,0,0,0,0,0,0,0,0,0,0,0,0,0,0,0,0,0,0
7632,4,5,5,5,5,4,3,4,5,5,5,5,4,4,5,5,6,5,5,4,4
7633,1,1,1,1,1,1,1,1,1,1,1,1,1,1,1,1,1,1,1,1,1
7634,4,5,6,6,6,5,4,4,5,6,6,6,5,4,4,5,6,6,6,5,4
7635,10,13,13,13,9,7,8,10,13,13,13,9,7,8,10,13,13,13,9,7,8
7636,7,7,6,6,5,5,5,7,7,6,6,5,5,5,7,7,6,6,5,5,5
7637,0,1,0,0,0,0,0,0,1,0,0,0,0,0,0,1,0,0,0,0,0
7638,0,0,0,0,0,0,0,0,0,0,0,0,0,0,0,0,0,0,0,0,0
7639,0,1,0,1,0,0,0,0,1,0,1,0,0,0,0,1,0,1,0,0,0
7640,0,0,0,0,0,0,0,0,0,0,0,0,0,0,0,0,0,0,0,0,0
7641,0,0,0,0,0,0,0,0,0,0,0,0,0,0,0,0,0,0,0,0,0
7642,1,1,0,1,1,0,0,1,1,0,1,1,0,0,1,1,0,1,1,0,0
7643,0,0,0,0,0,0,0,0,0,0,0,0,0,0,0,0,0,0,0,0,0
7644,1,2,2,2,2,2,1,1,2,2,2,2,2,1,1,2,2,2,2,2,1
7645,0,0,0,0,1,0,0,0,0,0,0,1,0,0,0,0,0,0,1,0,0
7646,11,12,10,7,5,6,6,10,10,9,7,4,6,6,10,12,10,8,6,7,8
7647,3,3,3,3,2,2,2,3,3,3,3,3,3,2,3,2,2,2,2,2,2
7648,12,11,10,8,6,5,7,9,9,9,7,6,5,7,8,8,8,6,5,5,7
7649,3,3,4,3,3,2,2,3,3,4,3,3,2,2,3,3,4,3,3,2,2
7650,6,6,5,5,4,4,5,5,5,5,5,4,4,4,5,5,4,4,4,3,4
7651,1,1,1,1,1,1,1,1,1,1,0,0,1,1,1,1,1,0,0,1,1
7652,14,15,16,15,12,11,13,16,18,18,18,15,13,13,16,16,15,13,11,10,11
7653,19,25,24,19,16,16,15,18,23,23,19,16,16,16,19,23,23,19,16,16,15
7654,2,2,1,1,1,1,1,1,1,1,1,1,1,1,1,1,1,2,2,1,1
7655,2,2,2,1,1,1,1,2,2,2,1,1,1,1,2,2,2,1,1,1,1
7656,13,11,9,7,6,6,7,9,10,10,9,7,7,7,8,7,7,6,5,6,7
7657,6,5,5,4,3,4,4,5,5,5,5,4,4,5,6,6,7,6,5,6,6
7658,5,7,10,9,7,5,5,5,7,9,9,6,5,5,5,7,9,9,6,5,5
7659,12,14,15,15,13,11,10,12,14,15,15,13,11,10,12,14,15,15,13,12,10
7660,2,2,1,1,1,1,1,2,2,2,1,1,1,2,2,2,2,1,1,1,2
7661,1,2,1,1,2,1,1,1,2,1,1,2,1,1,1,2,1,1,2,1,1
7662,4,5,6,5,5,4,4,4,5,6,5,5,4,4,5,5,6,5,5,4,4
7663,0,0,0,1,1,0,0,0,0,0,1,1,0,0,0,0,0,1,1,0,0
7664,4,3,2,1,1,1,1,2,2,2,1,1,1,1,1,1,1,1,1,1,1
7665,0,0,0,0,0,0,0,0,0,0,0,0,0,0,0,0,0,0,0,0,0
7666,0,0,0,0,0,0,0,0,0,0,0,0,0,0,0,0,0,0,0,0,0
7667,0,0,0,0,0,0,0,0,0,0,0,0,0,0,0,0,0,0,0,0,0
7668,0,0,0,0,0,0,0,0,0,0,0,0,0,0,0,0,0,0,0,0,0
7669,0,0,0,0,0,0,0,0,0,0,0,0,0,0,0,0,0,0,0,0,0
7670,1,1,1,1,1,1,1,1,1,1,1,1,1,1,1,1,1,1,1,1,1
7671,1,0,1,0,0,0,0,1,1,1,1,0,0,1,1,1,1,1,1,1,1
7672,0,0,0,0,0,0,0,0,0,0,0,0,0,0,0,0,0,0,0,0,0
7673,0,0,0,0,0,0,0,0,0,0,0,0,0,0,0,0,0,0,0,0,0
7674,0,0,0,0,0,0,0,0,0,0,0,0,0,0,0,0,0,0,0,0,0
7675,0,0,0,0,0,0,0,0,0,0,0,0,0,0,0,0,0,0,0,0,0
7676,0,0,0,0,0,0,0,0,0,0,0,0,0,0,0,0,0,0,0,0,0
7677,0,0,0,0,0,0,0,0,0,0,0,0,0,0,0,0,0,0,0,0,0
7678,3,3,4,2,2,3,3,3,3,3,2,2,3,3,3,3,3,2,2,3,3
7679,1,1,1,1,1,1,1,1,1,1,1,1,1,1,1,1,1,1,1,1,1
7680,3,3,3,3,2,2,3,3,3,3,3,2,2,3,3,4,4,3,3,3,4
7681,15,17,16,16,15,13,13,16,19,20,20,19,18,17,19,20,19,18,17,15,14
7682,3,5,4,5,3,3,2,3,5,4,5,3,3,2,3,5,4,5,3,3,2
7683,214,175,161,152,134,137,138,207,183,177,169,151,152,151,215,181,173,166,147,149,150
7684,23,25,26,24,21,20,20,23,26,26,24,21,20,20,22,25,25,24,21,19,20
7685,1,1,1,1,0,0,0,1,1,1,1,0,0,0,1,1,1,1,0,0,0
7686,1,1,1,1,0,0,0,1,1,1,1,0,0,0,1,0,1,1,0,0,0
7687,0,0,0,0,0,0,0,0,0,0,0,0,0,0,0,0,0,0,0,0,0
7688,1,1,1,1,0,0,1,1,1,1,1,0,0,1,1,1,1,1,0,0,1
7689,0,0,0,0,0,0,0,0,0,0,0,0,0,0,0,0,0,0,0,0,0
7690,0,0,0,0,0,0,0,0,0,0,0,0,0,0,0,0,0,0,0,0,0
7691,0,0,0,0,0,0,0,0,0,0,0,0,0,0,0,0,0,0,0,0,0
7692,0,0,0,0,0,0,0,0,0,0,0,0,0,0,0,0,0,0,0,0,0
7693,0,0,0,0,0,0,0,0,0,0,0,0,0,0,0,0,0,0,0,0,0
7694,0,0,0,0,0,0,0,0,0,0,0,0,0,0,0,0,0,0,0,0,0
7695,7,9,7,3,2,3,3,7,9,7,3,2,3,3,7,9,7,3,2,3,3
7696,6,6,5,4,3,2,3,6,6,5,3,3,2,3,6,6,5,3,3,2,3
7697,11,13,11,6,4,3,7,11,13,11,6,3,2,6,10,12,10,5,3,2,6
7698,42,53,49,24,15,13,15,42,53,49,24,15,13,15,42,53,49,24,15,13,15
7699,1,1,1,1,0,1,0,1,1,1,1,0,1,0,1,1,1,1,0,1,0
7700,1,1,1,1,1,1,0,1,1,1,1,1,1,0,1,1,1,1,1,1,0
7701,13,13,11,7,8,8,10,13,13,11,7,8,8,10,13,13,11,7,8,8,10
7702,54,73,69,45,41,34,43,54,73,68,45,41,34,43,54,73,68,45,41,34,43
7703,14,16,15,8,7,7,10,15,17,16,10,9,8,10,16,17,16,10,9,8,11
7704,0,0,0,0,0,0,0,0,0,0,0,0,0,0,0,0,0,0,0,0,0
7705,10,13,10,4,2,1,3,10,13,10,4,2,1,3,10,13,9,4,2,1,3
7706,1,1,1,0,0,0,0,0,1,1,0,0,0,0,0,1,1,0,0,0,0
7707,2,2,2,1,0,0,0,2,2,2,1,0,0,0,2,2,2,1,0,0,0
7708,5,6,4,2,2,1,3,5,6,4,2,2,1,3,5,6,4,2,2,1,3
7709,54,66,60,36,33,27,28,54,75,72,47,41,32,31,52,64,60,38,36,31,34
7710,0,0,0,0,0,0,0,0,0,0,0,0,0,0,0,0,0,0,0,0,0
7711,0,1,0,1,0,0,0,0,1,0,1,0,0,0,0,1,1,1,0,0,0
7712,9,13,12,8,5,6,7,10,13,12,8,5,6,7,10,12,11,7,4,5,6
7713,0,0,0,0,0,0,0,0,0,0,0,0,0,0,0,0,0,0,0,0,0
7714,0,0,0,0,0,0,0,0,0,0,0,0,0,0,0,0,0,0,0,0,0
7715,0,0,0,0,0,0,0,0,0,0,0,0,0,0,0,0,0,0,0,0,0
7716,0,0,0,0,0,0,0,0,0,0,0,0,0,0,0,0,0,0,0,0,0
7717,0,0,0,0,0,0,0,0,0,0,0,0,0,0,0,0,0,0,0,0,0
7718,0,0,0,0,0,0,0,0,0,0,0,0,0,0,0,0,0,0,0,0,0
7719,2,2,2,1,0,1,2,2,2,2,1,0,1,2,2,2,2,1,0,1,2
7720,0,0,0,0,0,0,0,0,0,0,0,0,0,0,0,0,0,0,0,0,0
7721,0,0,0,0,0,0,0,0,0,0,0,0,0,0,0,0,0,0,0,0,0
7722,0,0,0,0,0,0,0,0,0,0,0,0,0,0,0,0,0,0,0,0,0
7723,0,0,0,0,0,0,0,0,0,0,0,0,0,0,0,0,0,0,0,0,0
7724,1,1,1,1,1,1,1,1,1,1,1,1,1,1,1,1,1,1,1,1,1
7725,0,0,0,0,0,0,0,0,0,0,0,0,0,0,0,0,0,0,0,0,0
7726,2,3,4,4,4,4,5,5,6,5,5,5,5,6,6,6,6,5,5,4,4
7727,19,16,15,13,12,12,13,16,15,14,11,9,8,9,11,10,10,7,6,6,7
7728,1,1,0,0,0,0,1,1,1,1,1,0,0,1,1,1,1,1,0,0,1
7729,25,47,49,48,36,28,19,25,51,55,54,41,32,22,28,52,55,53,39,31,22
7730,12,14,14,15,14,11,10,12,14,13,15,14,10,9,13,15,14,16,14,11,10
7731,66,76,74,70,63,54,56,67,79,77,71,63,53,55,66,77,75,70,61,52,54
7732,30,31,29,25,22,22,23,30,31,28,24,21,21,22,30,31,29,25,22,22,23
7733,1,1,1,1,1,1,1,1,1,1,1,1,1,1,1,1,1,1,1,1,1
7734,1,1,1,1,1,1,1,1,1,1,1,1,1,1,1,1,1,1,1,1,1
7735,3,3,4,4,2,2,2,3,3,4,4,2,2,2,3,3,3,4,2,2,2
7736,4,4,4,4,3,3,3,3,4,4,3,3,3,3,3,4,4,3,3,3,3
7737,0,0,0,0,0,0,0,0,0,0,0,0,0,0,0,0,0,0,0,0,0
7738,3,4,3,2,2,2,3,3,4,3,2,2,2,3,3,4,3,2,2,2,3
7739,18,18,17,16,15,14,16,18,19,18,16,16,14,16,18,19,18,16,16,15,16
7740,19,21,21,19,18,15,15,18,20,20,18,17,14,14,18,20,20,18,17,15,15
7741,12,12,13,14,12,10,13,12,12,13,14,12,10,13,12,12,13,14,12,10,13
7742,14,16,19,22,19,16,14,16,17,19,21,19,16,15,16,17,18,20,17,14,13
7743,0,0,0,0,0,0,0,0,0,0,0,0,0,0,0,0,0,0,0,0,0
7744,0,0,0,0,0,0,0,0,0,0,0,0,0,0,0,0,0,0,0,0,0
7745,1,1,1,1,1,1,1,1,1,1,1,1,1,1,1,1,1,1,1,1,1
7746,0,0,1,0,0,0,0,0,0,1,0,0,0,0,0,0,1,0,0,0,0
7747,0,0,0,0,0,0,0,0,0,0,0,0,0,0,0,0,0,0,0,0,0
7748,0,0,0,0,0,0,0,0,0,0,0,0,0,0,0,0,0,0,0,0,0
7749,0,0,0,0,0,0,0,0,0,0,0,0,0,0,0,0,0,0,0,0,0
7750,0,0,0,0,0,0,0,0,0,0,0,0,0,0,0,0,0,0,0,0,0
7751,0,0,0,0,0,0,0,0,0,0,0,0,0,0,0,0,0,0,0,0,0
7752,1,1,1,1,1,1,1,1,1,1,1,1,1,1,1,1,1,1,1,1,1
7753,0,0,0,0,0,0,0,0,0,0,0,0,0,0,0,0,0,0,0,0,0
7754,2,2,3,2,2,2,2,2,2,2,2,2,2,2,2,2,2,2,2,2,2
7755,5,6,7,6,6,5,5,7,8,9,8,7,6,6,7,9,9,8,7,6,6
7756,1,1,1,1,1,1,1,1,1,1,1,1,1,1,1,2,1,1,1,1,1
7757,1,1,2,2,2,1,1,1,1,2,2,2,1,1,2,2,2,2,2,2,1
7758,1,1,1,1,1,1,1,1,1,1,1,1,1,1,1,1,1,1,1,1,1
7759,97,96,101,98,85,83,85,98,101,107,103,90,87,89,103,104,108,102,88,86,88
7760,1,1,1,1,1,1,1,1,1,1,1,1,1,1,1,1,1,1,1,1,1
7761,2,2,1,1,1,1,1,2,2,1,1,1,1,1,2,2,1,1,1,1,1
7762,0,0,0,0,0,0,0,0,0,0,0,0,0,0,0,0,0,0,0,0,0
7763,0,0,0,0,0,0,0,0,0,0,0,0,0,0,0,0,0,0,0,0,0
7764,3,4,4,3,3,3,3,3,4,4,3,3,3,3,3,4,4,3,3,3,3
7765,1,1,1,1,1,1,1,1,1,1,1,1,1,1,1,1,1,1,1,1,1
7766,2,3,4,4,3,2,2,2,2,4,4,3,2,2,2,2,4,4,3,2,2
7767,0,0,0,0,0,0,0,0,0,0,0,0,0,0,0,0,0,0,0,0,0
7768,5,4,4,4,4,3,3,4,4,3,3,2,2,2,2,2,2,2,2,2,2
7769,28,33,33,30,27,26,27,32,38,37,33,30,27,28,34,38,36,30,26,25,27
7770,1,2,2,2,1,1,1,1,2,2,2,1,1,1,1,2,2,2,1,1,1
7771,0,0,0,0,0,0,0,0,0,0,0,0,0,0,0,0,0,0,0,0,0
7772,0,0,0,0,0,0,0,0,0,0,0,0,0,0,0,0,0,0,0,0,0
7773,0,0,0,0,0,0,0,0,0,0,0,0,0,0,0,0,0,0,0,0,0
7774,0,0,0,0,0,0,0,0,0,0,0,0,0,0,0,0,0,0,0,0,0
7775,0,0,0,0,0,0,0,0,0,0,0,0,0,0,0,0,0,0,0,0,0
7776,0,0,0,0,0,0,0,0,0,0,0,0,0,0,0,0,0,0,0,0,0
7777,4,4,5,4,4,3,3,4,4,4,4,3,3,3,3,3,4,3,3,3,2
7778,0,0,0,0,0,0,0,0,0,0,0,0,0,0,0,0,0,0,0,0,0
7779,1,1,1,1,1,1,1,1,1,1,1,1,1,1,1,1,1,1,1,1,1
7780,2,2,2,2,2,1,1,2,2,2,2,2,1,1,2,2,2,1,1,1,1
7781,0,0,0,0,0,0,0,0,0,0,0,0,0,0,0,0,0,0,0,0,0
7782,0,0,0,0,0,0,0,0,0,0,0,0,0,0,0,0,0,0,0,0,0
7783,0,0,0,0,0,0,0,0,0,0,0,0,0,0,0,0,0,0,0,0,0
7784,0,0,0,0,0,0,0,0,0,0,0,0,0,0,0,0,0,0,0,0,0
7785,0,0,0,0,0,0,0,0,0,0,0,0,0,0,0,0,0,0,0,0,0
7786,2,2,2,2,2,2,2,2,2,2,2,2,2,2,2,2,2,2,2,2,2
7787,1,2,2,2,2,2,1,1,2,2,2,2,2,1,1,2,2,2,2,2,1
7788,2,3,2,2,2,2,2,2,2,2,2,2,2,2,2,2,2,2,2,2,2
7789,0,0,0,0,0,0,0,0,0,0,0,0,0,0,0,0,0,0,0,0,0
7790,2,2,2,1,1,1,1,2,2,2,1,1,1,1,2,2,2,1,1,1,1
7791,1,1,1,1,1,1,0,1,1,1,1,1,1,0,1,1,1,1,1,1,1
7792,1,1,1,1,1,1,1,1,1,1,1,1,1,1,1,1,1,1,1,1,1
7793,43,45,41,35,31,29,32,43,48,46,39,34,32,36,48,52,47,39,35,34,39
7794,34,37,37,36,30,29,29,34,36,36,35,30,29,29,35,37,37,36,31,30,30
7795,7,6,5,4,4,4,5,5,5,4,4,4,4,5,5,5,4,4,4,4,5
7796,0,0,0,0,0,0,0,0,0,0,0,0,0,0,0,0,0,0,0,0,0
7797,3,4,3,3,2,2,3,3,3,3,2,2,2,3,3,3,3,3,3,2,3
7798,0,0,0,0,0,0,0,0,0,0,0,0,0,0,0,0,0,0,0,0,0
7799,16,18,17,16,14,12,14,17,22,23,22,20,17,19,22,25,23,20,17,14,15
7800,6,5,5,5,4,4,4,5,5,5,5,4,4,4,4,4,4,4,4,4,4
7801,1,1,1,1,0,0,1,1,1,1,1,0,0,1,1,1,1,1,0,0,1
7802,0,1,1,1,1,1,1,0,1,1,1,1,1,1,0,1,1,1,1,1,1
7803,1,1,1,1,1,1,1,1,1,1,1,1,1,1,1,1,1,1,1,1,1
7804,1,1,1,1,1,1,1,1,1,1,1,1,1,1,1,1,1,1,1,1,1
7805,0,0,0,0,0,0,0,0,0,0,0,0,0,0,0,0,0,0,0,0,0
7806,1,0,1,1,1,0,0,1,0,1,1,1,0,0,1,0,1,1,1,0,0
7807,1,1,1,1,0,1,1,1,1,1,1,0,1,1,1,1,1,1,0,1,1
7808,1,2,1,1,1,1,1,1,2,1,1,1,1,1,1,2,1,1,1,1,1
7809,3,3,3,3,3,2,2,3,3,3,3,3,2,2,3,3,3,3,3,2,2
7810,1,1,0,1,0,0,1,1,1,0,1,0,0,1,1,1,0,1,0,0,1
7811,3,3,3,3,3,4,3,3,3,3,3,3,4,3,3,3,3,3,3,4,3
7812,1,2,3,2,1,2,1,1,2,3,2,1,2,1,1,2,3,2,1,2,1
7813,2,2,2,2,2,2,2,2,2,2,2,2,2,2,2,2,2,2,2,2,2
7814,0,0,0,0,0,0,0,0,0,0,0,0,0,0,0,0,0,0,0,0,0
7815,8,11,12,11,8,6,6,9,12,13,12,9,6,6,9,12,12,11,9,7,8
7816,0,0,0,0,0,0,0,0,0,0,0,0,0,0,0,0,0,0,0,0,0
7817,0,0,0,0,0,0,0,0,0,0,0,0,0,0,0,0,0,0,0,0,0
7818,0,0,1,0,0,0,0,0,0,1,0,0,0,0,0,0,1,0,0,0,0
7819,0,0,0,0,0,0,0,0,0,0,0,0,0,0,0,0,0,0,0,0,0
7820,4,3,2,1,1,2,4,4,3,2,1,1,2,4,4,3,2,1,1,2,4
7821,1,1,1,1,1,1,1,1,1,1,1,1,1,1,1,1,1,1,1,1,1
7822,0,0,0,0,0,0,0,0,0,0,0,0,0,0,0,0,0,0,0,0,0
7823,0,0,0,0,0,0,0,0,0,0,0,0,0,0,0,0,0,0,0,0,0
7824,0,0,0,0,0,0,0,0,0,0,0,0,0,0,0,0,0,0,0,0,0
7825,0,0,0,0,0,0,0,0,0,0,0,0,0,0,0,0,0,0,0,0,0
7826,0,0,0,0,0,0,0,0,0,0,0,0,0,0,0,0,0,0,0,0,0
7827,0,0,0,0,0,0,0,0,0,0,0,0,0,0,0,0,0,0,0,0,0
7828,6,7,7,6,5,5,5,6,6,6,5,4,4,5,6,7,7,6,5,5,6
7829,14,13,18,14,15,17,12,14,13,17,13,14,17,12,13,13,17,13,14,17,12
7830,9,10,9,8,7,6,7,9,10,10,9,7,7,8,10,11,10,9,7,7,8
7831,6,7,7,6,5,4,4,5,6,6,5,5,4,4,6,7,7,7,6,5,6
7832,4,4,5,4,4,3,3,4,4,5,4,4,3,3,3,4,5,4,3,3,3
7833,60,65,60,52,48,43,48,59,64,60,52,48,43,48,59,64,60,52,48,43,48
7834,49,50,42,39,32,26,36,49,50,42,39,32,26,36,49,50,42,39,32,26,36
7835,41,42,33,26,33,35,35,41,42,33,26,33,35,35,41,42,33,26,33,35,35
7836,3,3,3,2,2,2,2,2,3,2,2,2,2,2,2,2,2,2,2,2,2
7837,4,4,3,3,3,2,3,3,3,3,3,3,2,3,3,3,3,2,3,2,3
7838,4,5,5,5,5,4,4,4,5,5,4,5,3,4,4,5,5,4,4,3,4
7839,21,19,18,17,16,15,16,21,18,16,16,15,14,15,19,17,16,16,14,14,15
7840,14,15,16,13,12,11,11,14,15,16,13,12,10,11,13,14,15,13,12,10,10
7841,0,0,0,0,0,0,0,0,0,0,0,0,0,0,0,0,0,0,0,0,0
7842,2,2,2,2,1,1,1,2,2,2,2,1,1,1,2,2,2,2,1,1,1
7843,18,20,17,15,14,13,14,17,19,17,15,14,13,14,17,19,17,15,14,13,14
7844,1,1,1,1,1,1,1,1,1,1,1,1,1,1,1,1,1,1,1,1,1
7845,21,25,22,19,17,13,17,21,25,22,19,17,13,16,21,25,22,19,17,13,16
7846,0,0,0,0,0,0,0,0,0,0,0,0,0,0,0,0,0,0,0,0,0
7847,3,3,3,3,3,2,2,3,3,3,3,3,2,2,3,3,3,3,3,2,2
7848,0,0,0,0,0,0,0,0,0,0,0,0,0,0,0,0,0,0,0,0,0
7849,0,0,0,0,0,0,0,0,0,0,0,0,0,0,0,1,0,0,0,0,1
7850,0,0,0,0,0,0,0,0,0,0,0,0,0,0,0,0,0,0,0,0,0
7851,12,13,13,10,13,12,14,12,13,13,10,13,12,14,12,13,12,10,13,12,14
7852,2,3,2,2,2,2,1,2,3,2,2,2,2,1,2,3,2,2,2,2,1
7853,19,22,21,19,17,15,16,20,23,22,19,16,14,15,18,21,19,17,15,13,14
7854,82,97,87,75,64,61,67,83,98,87,75,64,60,66,81,96,85,73,63,60,66
7855,0,0,0,0,0,0,0,0,0,0,0,0,0,0,0,0,0,0,0,0,0
7856,14,14,10,10,8,7,10,14,14,10,10,8,7,10,14,14,10,10,8,7,10
7857,2,2,2,2,2,2,2,2,2,2,2,2,2,2,2,2,2,2,2,2,2
7858,12,14,15,12,11,10,10,12,14,15,12,11,10,10,12,14,15,12,11,10,10
7859,11,13,10,9,9,12,12,11,13,10,9,9,12,12,11,13,10,9,9,12,12
7860,1,1,1,1,1,1,1,1,1,1,1,1,1,1,1,1,1,1,1,1,1
7861,8,9,8,7,6,6,5,8,9,8,7,6,6,5,8,9,8,7,6,6,5
7862,3,4,5,5,5,3,3,3,3,5,5,5,3,2,2,3,5,5,4,3,2
7863,2,2,2,2,2,2,1,2,2,2,2,2,2,1,2,2,2,2,2,2,1
7864,1,1,1,1,1,1,1,1,1,1,1,1,1,1,1,1,1,1,1,1,1
7865,1,2,2,2,1,1,1,1,2,2,2,1,1,1,1,2,2,2,1,1,1
7866,33,34,35,31,25,22,22,32,35,37,33,27,24,24,34,36,39,35,29,26,27
7867,0,0,0,0,0,0,0,0,0,0,0,0,0,0,0,0,0,0,0,0,0
7868,1,0,0,0,1,0,1,1,0,0,0,1,0,1,1,0,0,0,1,0,1
7869,0,0,0,0,0,0,0,0,0,0,0,0,0,0,0,0,0,0,0,0,0
7870,1,1,1,1,0,1,1,1,1,1,0,0,0,1,1,1,1,0,0,0,1
7871,6,4,4,4,3,2,3,6,4,4,4,3,2,3,6,4,4,4,3,2,3
7872,1,2,2,1,1,1,1,1,2,2,1,1,1,1,1,2,2,1,1,1,1
7873,1,1,0,0,1,0,1,1,1,0,0,1,0,1,1,1,0,0,1,0,1
7874,0,1,1,1,1,1,1,1,1,1,1,1,1,1,1,1,1,1,1,1,1
7875,0,0,0,0,0,0,0,0,0,0,0,0,0,0,0,0,0,0,0,0,0
7876,0,0,0,0,0,0,0,0,0,0,0,0,0,0,0,1,0,0,0,0,0
7877,0,0,0,0,0,0,0,0,0,0,0,0,0,0,0,0,0,0,0,0,0
7878,0,0,0,0,0,0,0,0,0,0,0,0,0,0,0,0,0,0,0,0,0
7879,0,0,0,0,0,0,0,0,0,0,0,0,0,0,0,0,0,0,0,0,0
7880,1,1,1,1,1,0,1,1,1,1,1,1,0,1,1,1,1,1,1,0,1
7881,0,0,0,0,0,0,0,0,0,0,0,0,0,0,0,0,0,0,0,0,0
7882,0,0,0,0,0,0,0,0,0,0,0,0,0,0,0,0,0,0,0,0,0
7883,0,0,0,0,0,0,0,0,0,0,0,0,0,0,0,0,0,0,0,0,0
7884,0,0,0,0,0,0,0,0,0,0,0,0,0,0,0,0,0,0,0,0,0
7885,0,0,0,0,0,0,0,0,0,0,0,0,0,0,0,0,0,0,0,0,0
7886,0,0,0,0,0,0,0,0,0,0,0,0,0,0,0,0,0,0,0,0,0
7887,0,0,0,0,0,0,0,0,0,0,0,0,0,0,0,0,0,0,0,0,0
7888,0,0,0,0,0,0,0,0,0,0,0,0,0,0,0,0,0,0,0,0,0
7889,0,0,0,0,0,0,0,0,0,0,0,0,0,0,0,0,0,0,0,0,0
7890,0,0,0,0,0,0,0,0,0,0,0,0,0,0,0,0,0,0,0,0,0
7891,0,0,0,0,0,0,0,0,0,0,0,0,0,0,0,0,0,0,0,0,0
7892,0,0,0,0,0,0,0,0,0,0,0,0,0,0,0,0,0,0,0,0,0
7893,0,0,0,0,0,0,0,0,0,0,0,0,0,0,0,0,0,0,0,0,0
7894,0,0,0,0,0,0,0,0,0,0,0,0,0,0,0,0,0,0,0,0,0
7895,1,0,0,0,0,0,0,1,0,0,0,0,0,0,0,0,0,0,0,0,0
7896,0,0,0,0,0,0,0,0,0,0,0,0,0,0,0,0,0,0,0,0,0
7897,0,0,0,0,0,0,0,0,0,0,0,0,0,0,0,0,0,0,0,0,0
7898,0,0,0,0,0,0,0,0,0,0,0,0,0,0,0,0,0,0,0,0,0
7899,0,0,0,0,0,0,0,0,0,0,0,0,0,0,0,0,0,0,0,0,0
7900,0,0,0,0,0,0,0,0,0,0,0,0,0,0,0,0,0,0,0,0,0
7901,0,0,0,0,0,0,0,0,0,0,0,0,0,0,0,0,0,0,0,0,0
7902,0,0,0,0,0,0,0,0,0,0,0,0,0,0,0,0,0,0,0,0,0
7903,0,0,0,0,0,0,0,0,0,0,0,0,0,0,0,0,0,0,0,0,0
7904,3,2,2,2,2,1,2,3,2,2,2,2,1,2,3,2,2,2,2,1,2
7905,2,2,2,2,2,2,1,2,2,2,2,2,2,1,2,2,2,2,2,2,1
7906,29,29,27,25,21,18,20,25,26,26,26,22,19,21,25,27,27,26,23,20,22
7907,1,1,1,1,1,1,1,1,1,1,1,1,1,1,1,1,1,1,1,1,1
7908,0,1,1,1,0,0,0,0,1,1,1,0,0,0,0,1,1,1,0,0,0
7909,1,2,2,2,1,1,1,1,2,2,2,1,1,1,1,2,2,2,1,1,1
7910,0,0,0,0,0,0,0,0,0,0,0,0,0,0,0,0,0,0,0,0,0
7911,14,16,16,14,12,11,12,15,20,24,24,20,18,18,21,23,22,20,16,14,15
7912,1,1,1,0,1,0,1,1,1,1,1,1,0,1,1,1,1,1,1,1,1
7913,0,0,0,0,0,0,0,0,0,0,0,0,0,0,0,0,0,0,0,0,0
7914,1,1,1,1,1,1,1,1,1,1,1,1,1,1,1,1,1,1,1,1,1
7915,0,0,0,0,0,0,0,0,0,0,0,0,0,0,0,0,0,0,0,0,0
7916,6,6,6,5,5,4,5,6,6,6,5,5,4,5,6,6,6,5,5,5,6
7917,0,0,0,0,0,0,0,0,0,0,0,0,0,0,0,0,0,0,0,0,0
7918,0,0,0,0,0,0,0,0,0,0,0,0,0,0,0,0,0,0,0,0,0
7919,5,5,6,5,4,4,4,5,5,6,5,4,4,4,5,5,6,5,4,4,4
7920,0,1,1,1,1,1,0,0,1,1,1,1,1,0,0,1,1,1,1,1,0
7921,0,0,0,0,0,0,0,0,0,0,0,0,0,0,0,0,0,0,0,0,0
7922,0,0,0,0,0,0,0,0,0,0,0,0,0,0,0,0,0,0,0,0,0
7923,0,0,0,0,0,0,0,0,0,0,0,0,0,0,0,0,0,0,0,0,0
7924,0,0,0,0,0,0,0,0,0,0,0,0,0,0,0,0,0,0,0,0,0
7925,3,2,1,1,1,1,1,2,1,1,1,1,1,1,1,1,1,1,1,1,1
7926,1,1,1,1,1,1,1,1,1,1,1,1,1,1,1,1,1,1,1,1,1
7927,10,9,9,8,7,7,7,8,9,8,8,7,7,7,7,7,7,7,6,7,7
7928,6,6,6,5,5,5,4,5,5,6,5,5,5,4,5,5,6,5,5,5,5
7929,7,9,9,7,7,6,6,7,8,8,7,6,6,6,7,8,8,7,6,6,6
7930,3,3,3,3,2,2,2,3,3,3,2,2,2,2,2,3,3,2,2,2,2
7931,0,0,0,0,0,0,0,0,0,0,0,0,0,0,0,0,0,0,0,0,0
7932,0,0,0,0,0,0,0,0,0,0,0,0,0,0,0,0,0,0,0,0,0
7933,0,0,0,0,0,0,0,0,0,0,0,0,0,0,0,0,0,0,0,0,0
7934,0,0,0,0,0,0,0,0,0,0,0,0,0,0,0,0,0,0,0,0,0
7935,3,2,2,1,1,1,1,1,1,1,1,1,1,1,1,1,1,1,1,1,1
7936,0,0,0,0,0,0,0,0,0,0,0,0,0,0,0,0,0,0,0,0,0
7937,24,27,29,25,22,20,21,23,25,25,22,20,18,20,23,26,25,21,18,15,16
7938,6,6,6,5,4,3,4,5,5,5,5,4,3,3,4,4,4,4,3,3,3
7939,12,11,10,9,8,7,7,9,10,10,9,8,7,7,10,10,10,9,9,8,9
7940,9,8,8,6,6,5,5,6,7,7,6,6,5,5,6,6,6,5,5,5,5
7941,2,2,2,1,1,1,1,2,2,2,1,1,1,1,2,2,2,1,1,1,1
7942,30,29,31,29,27,25,25,31,36,39,37,33,29,28,33,35,37,33,30,27,26
7943,1,1,1,1,1,1,1,1,1,1,1,1,1,1,1,1,1,1,1,1,1
7944,5,4,3,3,2,2,2,3,3,3,3,3,3,3,3,3,3,3,3,2,3
7945,6,6,6,5,4,4,4,4,5,4,4,3,3,4,4,4,4,3,3,2,2
7946,3,3,2,2,2,2,2,3,3,3,2,2,2,2,3,3,2,2,2,2,2
7947,0,0,0,0,0,0,0,0,0,0,0,0,0,0,0,0,0,0,0,0,0
7948,5,6,6,5,5,5,5,6,6,6,5,5,5,5,6,6,6,5,4,4,5
7949,1,1,1,1,1,1,1,1,1,1,1,1,1,1,1,1,1,1,1,1,1
7950,6,8,9,8,7,6,6,8,10,11,10,8,7,7,10,11,11,9,8,7,8
7951,14,15,14,12,10,10,11,15,16,15,12,11,10,11,16,17,16,13,11,11,12
7952,20,20,20,18,14,12,13,15,17,16,14,11,9,10,13,17,18,17,14,11,12
7953,2,1,1,1,1,1,1,1,1,1,1,1,1,1,1,1,1,1,1,1,1
7954,2,2,2,2,2,1,2,2,2,2,2,1,1,1,2,2,2,2,2,2,2
7955,11,13,11,9,8,7,9,10,14,13,12,11,10,11,11,13,11,9,8,8,9
7956,1,2,2,1,1,1,1,1,2,2,1,1,1,1,1,2,2,1,1,1,1
7957,4,5,4,4,3,3,3,4,5,4,4,3,3,3,4,5,4,4,3,3,3
7958,0,0,0,0,0,0,0,0,0,0,0,0,0,0,0,0,0,0,0,0,0
7959,0,0,0,0,0,0,0,0,0,0,0,0,0,0,0,0,0,0,0,0,0
7960,3,4,5,4,3,3,3,3,4,5,4,3,2,2,2,4,4,3,3,2,2
7961,0,0,0,0,0,0,0,0,0,0,0,0,0,0,0,0,0,0,0,0,0
7962,2,2,2,2,1,1,1,1,1,1,1,1,1,1,1,1,2,2,1,1,1
7963,2,2,2,2,1,1,2,2,2,2,2,1,1,2,2,2,2,2,1,1,2
7964,8,8,8,6,6,6,6,7,8,8,7,6,6,6,7,7,8,6,6,6,6
7965,1,1,1,1,1,1,1,1,1,1,1,1,1,1,1,1,1,1,1,1,1
7966,5,6,5,5,4,4,4,5,6,5,5,4,4,4,5,6,6,5,4,4,5
7967,1,1,0,1,1,0,1,1,1,0,1,1,0,1,1,1,0,1,1,0,1
7968,11,11,11,11,10,11,10,11,11,11,11,10,11,10,11,11,11,11,10,11,10
7969,16,17,16,16,15,15,15,16,17,15,15,14,14,14,16,17,16,16,15,14,15
7970,1,1,1,1,1,1,1,1,1,1,1,1,1,1,1,1,1,1,1,1,1
7971,1,1,1,1,1,1,1,1,1,1,1,1,1,1,1,1,1,1,1,1,1
7972,2,1,1,1,1,1,1,1,1,1,1,1,1,1,1,1,1,1,1,1,1
7973,0,0,0,0,0,0,0,0,0,0,0,0,0,0,0,0,0,0,0,0,0
7974,1,1,1,0,0,0,1,1,1,1,1,1,1,1,1,1,1,1,1,1,1
7975,11,11,11,10,8,8,8,11,11,10,9,7,8,6,9,9,8,8,6,7,6
7976,1,1,1,1,1,1,1,1,1,1,1,1,1,1,1,1,1,1,1,1,1
7977,2,2,2,1,1,1,1,2,2,2,1,1,1,1,2,2,2,1,1,1,1
7978,5,6,7,6,5,4,5,7,8,8,7,5,4,5,7,8,8,7,6,5,6
7979,16,15,13,11,8,6,7,12,16,17,16,12,9,10,13,15,14,12,10,8,10
7980,17,17,16,12,13,11,9,14,14,14,11,12,10,9,14,15,17,14,15,12,11
7981,1,1,1,1,1,1,1,1,1,1,1,1,1,1,1,1,1,1,1,1,1
7982,0,0,0,0,0,0,0,0,0,0,0,0,0,0,0,0,0,0,0,0,0
7983,2,2,2,1,1,1,1,1,2,1,1,1,1,1,1,1,1,1,1,1,1
7984,2,3,3,3,3,2,3,3,3,4,3,3,3,2,3,3,4,3,3,3,3
7985,0,0,0,0,0,0,0,0,0,0,0,0,0,0,0,0,0,0,0,0,0
7986,0,0,0,0,0,0,0,0,0,0,0,0,0,0,0,0,0,0,0,0,0
7987,0,0,0,0,0,0,0,0,0,0,0,0,0,0,0,0,0,0,0,0,0
7988,0,0,0,0,0,0,0,0,0,0,0,0,0,0,0,0,0,0,0,0,0
7989,0,0,2,0,0,0,0,0,0,2,0,0,0,0,0,0,2,0,0,0,0
7990,0,1,0,1,0,1,0,0,1,0,1,0,1,0,0,1,0,1,0,1,0
7991,0,0,0,0,0,0,0,0,0,0,0,0,0,0,0,0,0,0,0,0,0
7992,0,0,0,0,0,0,0,1,1,1,0,0,0,1,1,1,1,1,1,1,1
7993,0,0,0,0,0,0,0,0,0,0,0,0,0,0,0,0,0,0,0,0,0
7994,0,0,0,0,0,0,0,0,0,0,0,0,0,0,0,0,0,0,0,0,0
7995,1,1,1,1,1,1,1,1,1,1,1,1,1,1,1,1,1,1,1,1,1
7996,51,55,57,50,43,36,36,46,55,59,54,47,38,38,48,55,57,51,43,36,36
7997,19,20,20,17,14,13,14,17,18,16,14,12,12,14,19,21,20,18,15,14,16
7998,29,22,21,18,16,16,21,31,30,29,25,22,20,23,31,26,23,18,15,14,18
7999,0,0,0,0,0,0,0,0,0,0,0,0,0,0,0,0,0,0,0,0,0
8000,0,0,0,0,0,0,0,0,0,0,0,0,0,0,0,0,0,0,0,0,0
8001,0,0,0,0,0,0,0,0,0,0,0,0,0,0,0,0,0,0,0,0,0
8002,7,8,9,8,6,5,5,7,9,9,8,6,5,6,8,10,10,9,7,7,7
8003,0,0,0,0,1,1,1,0,0,0,0,1,1,1,0,0,0,0,1,1,1
8004,14,15,17,17,19,15,11,14,15,17,17,19,15,11,14,15,17,17,19,15,11
8005,0,0,0,1,2,3,3,3,4,4,5,5,5,5,6,6,6,6,5,5,5
8006,0,0,0,0,0,0,0,0,0,0,0,0,0,0,0,0,0,0,0,0,0
8007,0,0,0,0,0,0,0,0,0,0,0,0,0,0,0,0,0,0,0,0,0
8008,0,0,0,0,0,0,0,0,0,0,0,0,0,0,0,0,0,0,0,0,0
8009,0,0,0,0,0,0,0,0,0,0,0,0,0,0,0,0,0,0,0,0,0
8010,5,5,7,7,6,4,4,5,5,7,7,6,4,4,5,5,7,7,6,4,4
8011,6,6,6,5,5,5,5,6,6,6,5,5,5,5,6,6,6,5,5,5,5
8012,0,0,0,0,0,0,0,0,0,0,0,0,0,0,0,0,0,0,0,0,0
8013,0,0,0,0,0,0,0,0,0,0,0,0,0,0,0,0,0,0,0,0,0
8014,0,0,0,0,0,0,0,0,0,0,0,0,0,0,0,0,0,0,0,0,0
8015,0,0,0,0,0,0,0,0,0,0,0,0,1,1,1,1,1,2,2,1,1
8016,0,0,0,0,0,0,0,0,0,0,0,0,0,0,0,0,0,0,0,0,0
8017,0,0,0,0,0,0,0,0,0,0,0,0,0,0,0,0,0,0,0,0,0
8018,1,1,1,1,1,1,1,1,1,1,1,1,1,1,1,1,1,1,1,1,1
8019,6,6,7,6,6,5,5,5,6,7,6,6,5,5,5,6,7,6,6,5,5
8020,0,0,0,0,0,0,0,0,0,0,0,0,0,0,0,0,0,0,0,0,0
8021,0,0,0,0,0,0,0,0,0,0,0,0,0,0,0,0,0,0,0,0,0
8022,0,0,0,0,0,0,0,0,0,0,0,0,0,0,0,0,0,0,0,0,0
8023,0,0,0,0,0,0,0,0,0,0,0,0,0,0,0,0,0,0,0,0,0
8024,1,1,2,1,1,1,1,1,1,2,1,1,1,1,1,1,2,1,1,1,1
8025,0,0,0,0,0,0,0,0,0,0,0,0,0,0,0,0,0,0,0,0,0
8026,1,0,0,0,0,0,0,0,0,0,0,0,0,0,0,0,0,0,0,0,0
8027,32,30,28,26,23,23,26,31,31,30,27,24,22,24,26,24,23,22,19,19,21
8028,12,11,13,11,10,8,9,11,12,13,11,10,8,8,10,10,12,11,11,10,12
8029,7,7,6,6,5,5,6,8,7,6,6,5,4,5,7,7,6,7,5,5,7
8030,2,2,1,1,1,1,1,2,2,2,1,1,1,1,2,2,1,1,1,1,2
8031,0,0,0,0,0,0,0,0,0,0,0,0,0,0,0,0,0,0,0,0,0
8032,1,0,0,0,0,0,0,1,0,0,0,0,0,0,1,0,0,0,0,0,0
8033,0,0,0,0,0,0,0,0,0,0,0,0,0,0,0,0,0,0,0,0,0
8034,20,18,15,13,12,11,13,19,23,23,20,17,14,15,20,20,18,15,12,10,12
8035,0,0,0,0,0,0,0,0,0,0,0,0,0,0,0,0,0,0,0,0,0
8036,0,0,0,0,0,0,0,0,0,0,0,0,0,0,0,0,0,0,0,0,0
8037,0,0,0,0,0,0,0,0,0,0,0,0,0,0,0,0,0,0,0,0,0
8038,4,4,3,3,3,3,3,3,3,3,3,3,3,3,3,3,3,3,3,3,3
8039,2,2,3,2,2,1,1,2,2,3,2,2,1,1,2,2,3,2,2,1,2
8040,2,2,2,2,2,2,1,2,2,2,2,2,2,1,2,2,2,2,2,2,1
8041,1,1,1,1,1,1,1,1,1,1,1,1,1,1,1,1,1,1,1,1,1
8042,0,0,0,0,0,0,0,0,0,0,0,0,0,0,0,0,0,0,0,0,0
8043,0,0,0,0,0,0,0,0,0,1,0,0,0,0,1,0,1,0,0,0,0
8044,1,1,1,1,1,1,1,1,1,1,1,1,1,1,1,1,1,1,1,1,1
8045,5,5,6,6,6,5,5,5,5,6,6,6,5,5,5,6,6,6,6,5,5
8046,1,1,1,2,2,1,1,1,1,1,2,2,1,1,1,1,1,2,2,1,1
8047,6,7,8,7,7,6,5,6,7,8,7,7,6,5,6,7,8,7,7,6,6
8048,1,1,1,2,2,2,1,1,1,1,2,2,2,1,1,1,1,2,2,2,1
8049,1,1,1,1,0,0,0,1,1,1,1,0,0,0,1,1,1,1,0,0,0
8050,0,0,0,0,0,0,0,0,0,0,0,0,0,0,0,0,0,0,0,0,0
8051,0,0,0,0,0,0,0,0,0,0,0,0,0,0,0,0,0,0,0,0,0
8052,0,0,0,0,0,0,0,0,0,0,0,0,0,0,0,0,0,0,0,0,0
8053,0,0,0,0,0,0,0,0,0,0,0,0,0,0,0,0,0,0,0,0,0
8054,8,9,9,7,5,6,6,9,11,11,10,7,7,7,10,13,13,12,9,9,10
8055,4,5,5,5,4,3,3,4,5,6,5,4,4,4,4,5,5,4,4,4,4
8056,8,8,8,7,6,6,7,9,10,11,10,9,8,8,9,10,9,8,7,6,7
8057,3,3,3,3,2,2,2,3,3,3,3,3,2,2,3,3,3,3,2,2,2
8058,1,1,0,0,0,0,1,1,1,0,0,0,0,1,1,1,0,0,0,0,1
8059,0,0,0,0,0,0,0,0,0,0,0,0,0,0,0,0,0,0,0,0,0
8060,0,0,0,0,0,0,0,0,0,0,0,0,0,0,0,0,0,0,0,0,0
8061,0,0,0,0,0,0,0,0,0,0,0,0,0,0,0,0,0,0,0,0,0
8062,5,5,4,5,3,3,4,5,5,4,5,3,3,4,5,5,4,5,3,3,4
8063,1,1,1,1,1,1,1,1,1,1,1,1,1,1,1,1,1,1,1,1,1
8064,25,28,31,31,30,24,20,22,26,30,31,30,24,20,23,27,31,32,30,25,21
8065,19,22,22,22,22,19,17,20,21,21,20,20,18,17,21,24,23,22,22,19,17
8066,0,0,0,0,0,0,0,0,0,0,0,0,0,0,0,0,0,0,0,0,0
8067,5,9,9,7,5,5,5,5,9,9,7,5,5,5,5,9,9,7,5,5,5
8068,1,3,3,3,2,1,1,1,3,3,3,2,1,1,1,3,3,3,2,1,1
8069,2,3,3,2,2,2,2,2,3,3,2,2,2,2,2,3,3,2,2,2,2
8070,0,0,0,0,0,0,0,0,0,0,0,0,0,0,0,0,0,0,0,0,0
8071,0,0,0,0,0,0,0,0,0,0,0,0,0,0,0,0,0,0,0,0,0
8072,2,1,3,3,3,1,2,2,1,3,3,3,1,2,2,2,3,3,3,1,2
8073,2,2,2,2,2,2,2,2,3,2,2,2,2,2,2,2,1,1,1,1,2
8074,6,8,7,7,6,5,5,6,7,7,7,6,5,5,6,7,7,7,6,5,5
8075,0,0,0,0,0,0,0,0,0,0,0,0,0,0,0,0,0,0,0,0,0
8076,18,16,16,14,13,12,13,17,19,20,18,17,15,16,19,19,18,15,14,12,13
8077,4,5,4,4,3,3,3,4,5,5,4,3,2,2,3,3,3,3,3,2,2
8078,51,52,50,34,31,32,42,49,53,52,37,34,34,43,48,49,47,32,30,31,41
8079,2,1,1,1,1,1,1,1,1,1,1,1,1,1,1,1,1,1,1,1,1
8080,10,10,7,7,7,8,9,10,10,7,7,7,8,9,10,10,7,7,7,8,9
8081,30,31,29,22,22,20,24,31,38,43,36,31,27,31,38,39,34,23,21,19,22
8082,4,4,4,3,3,3,3,4,4,4,3,3,3,3,4,4,3,3,3,3,3
8083,56,53,53,49,47,45,45,56,59,62,59,57,53,53,64,64,63,55,51,47,45
8084,9,10,9,8,8,8,9,10,10,9,8,8,8,9,11,12,11,9,9,8,10
8085,36,34,34,28,25,23,26,36,40,40,33,28,26,27,33,33,33,27,23,22,23
8086,49,53,51,52,48,39,37,49,53,51,52,48,39,37,49,53,51,52,48,39,37
8087,3,3,3,3,2,2,2,3,3,3,2,2,2,2,3,3,3,3,2,2,2
8088,8,8,7,5,3,3,4,6,6,7,6,5,4,4,4,3,3,3,2,2,4
8089,0,0,0,0,0,0,0,0,0,0,0,0,0,0,0,0,0,0,0,0,0
8090,18,17,17,13,10,8,12,18,18,18,13,10,8,11,16,15,14,10,7,6,9
8091,2,2,1,2,1,1,2,2,2,2,2,2,1,2,2,2,2,2,1,1,1
8092,2,2,2,2,1,1,2,2,2,2,2,1,1,2,2,2,2,2,1,1,2
8093,10,8,6,6,5,7,6,9,9,7,6,6,7,5,8,7,6,5,5,7,5
8094,0,0,0,0,0,0,0,0,0,0,0,0,0,0,0,0,0,0,0,0,0
8095,0,0,0,0,0,0,0,0,0,0,0,0,0,0,0,0,0,0,0,0,0
8096,0,0,0,0,0,0,0,0,0,0,0,0,0,0,0,0,0,0,0,0,0
8097,0,0,0,0,0,0,0,0,0,0,0,0,0,0,0,0,0,0,0,0,0
8098,0,0,0,0,0,0,0,0,0,0,0,0,0,0,0,0,0,0,0,0,0
8099,0,0,0,0,0,0,0,0,0,0,0,0,0,0,0,0,0,0,0,0,0
8100,0,0,0,0,0,0,0,0,0,0,0,0,0,0,0,0,0,0,0,0,0
8101,0,0,0,0,0,0,0,0,0,0,0,0,0,0,0,0,0,0,0,0,0
8102,0,0,0,0,0,0,0,0,0,0,0,0,0,0,0,0,0,0,0,0,0
8103,8,6,4,2,3,2,2,4,4,3,2,3,2,2,5,4,4,3,3,2,2
8104,1,1,1,1,1,1,1,2,1,1,1,1,1,1,1,1,1,1,1,1,1
8105,0,0,0,0,0,0,0,0,0,0,0,0,0,0,0,0,0,0,0,0,0
8106,0,0,0,0,0,0,0,0,0,0,0,0,0,0,0,0,0,0,0,0,0
8107,0,0,0,0,0,0,0,0,0,0,0,0,0,0,0,0,0,0,0,0,0
8108,0,1,1,0,0,0,0,0,1,1,0,0,0,0,0,1,1,0,0,0,0
8109,0,1,1,1,0,0,0,1,1,1,1,0,0,0,1,2,2,1,1,1,1
8110,3,3,3,2,2,2,2,3,3,3,2,2,2,2,3,3,3,2,2,2,2
8111,3,3,3,3,2,2,2,3,3,3,3,2,2,2,3,3,3,3,2,2,2
8112,3,3,4,4,3,3,3,3,3,4,4,3,3,3,3,3,4,4,3,3,3
8113,24,25,23,19,18,15,16,19,23,24,21,20,17,18,20,22,22,18,18,15,16
8114,8,8,8,7,7,6,7,9,9,9,7,7,6,6,8,8,8,7,6,6,6
8115,2,2,2,2,1,1,1,2,2,2,2,1,1,1,2,2,2,2,1,1,1
8116,0,0,0,0,0,0,0,0,0,0,0,0,0,0,0,0,0,0,0,0,0
8117,0,0,0,0,0,0,0,0,0,0,0,0,0,0,0,0,0,0,0,0,0
8118,0,0,0,0,0,0,0,0,0,0,0,0,0,0,0,0,0,0,0,0,0
8119,0,0,0,0,0,0,0,0,0,0,0,0,0,0,0,0,0,0,0,0,0
8120,0,0,0,0,0,0,0,0,0,0,0,0,0,0,0,0,0,0,0,0,0
8121,2,2,2,2,2,2,2,2,2,2,2,2,2,2,2,2,2,2,2,2,2
8122,14,14,14,13,12,11,12,14,14,14,12,12,11,12,14,14,14,12,12,11,12
8123,28,31,33,27,24,23,20,26,29,30,25,22,22,20,27,31,32,27,24,24,21
8124,1,1,1,2,2,2,1,1,1,1,2,2,2,1,1,1,1,2,2,2,1
8125,4,5,5,3,2,2,4,4,5,5,3,2,2,4,4,5,5,3,2,2,4
8126,3,3,3,2,2,2,2,3,3,3,2,2,2,2,3,3,3,2,2,2,2
8127,2,2,2,2,2,2,2,2,2,2,2,2,1,1,2,2,2,2,2,2,1
8128,11,11,11,10,10,9,9,11,11,11,10,10,9,9,11,11,11,10,10,9,9
8129,1,1,1,1,1,1,1,1,1,1,1,1,1,1,1,1,1,1,1,1,1
8130,1,1,1,0,0,0,1,1,1,1,0,0,1,1,1,1,1,0,0,1,1
8131,4,4,4,4,3,3,3,4,4,4,4,3,3,3,4,4,4,4,3,3,3
8132,2,2,2,2,2,2,2,2,2,2,2,2,2,2,2,2,2,2,2,2,2
8133,1,1,1,1,1,1,1,1,1,1,1,1,1,1,1,1,1,1,1,1,1
8134,5,4,4,3,4,3,4,5,4,4,3,4,3,4,5,4,4,3,4,3,4
8135,0,0,0,0,0,0,0,0,0,0,0,0,0,0,0,0,0,0,0,0,1
8136,4,5,4,3,3,3,2,4,5,4,3,3,3,2,4,5,4,3,3,3,2
8137,0,0,0,0,0,0,0,0,0,0,0,0,0,0,0,0,0,0,0,0,0
8138,0,0,0,0,0,0,0,0,0,0,0,0,0,0,0,0,0,0,0,0,0
8139,0,0,0,0,0,0,0,0,0,0,0,0,0,0,0,0,0,0,0,0,0
8140,0,0,0,0,0,0,0,0,0,0,0,0,0,0,0,0,0,0,0,0,0
8141,0,0,0,0,0,0,0,0,0,0,0,0,0,0,0,0,0,0,0,0,0
8142,1,1,1,1,1,1,1,1,1,1,1,1,1,1,1,1,1,1,1,1,1
8143,7,7,7,7,6,6,8,9,11,11,10,9,9,9,10,10,10,9,8,8,9
8144,0,0,0,0,0,0,0,0,0,0,0,0,0,0,0,0,0,0,0,0,0
8145,0,0,0,0,0,0,0,0,0,0,0,0,0,0,0,0,0,0,0,0,0
8146,0,0,0,0,0,0,0,0,0,0,0,0,0,0,0,0,0,0,0,0,0
8147,2,2,2,1,1,1,1,2,2,2,1,1,1,1,2,2,2,1,1,1,1
8148,0,0,0,0,0,0,0,0,0,0,0,0,0,0,0,0,0,0,0,0,0
8149,1,1,1,0,1,1,1,1,1,1,0,1,1,1,1,1,1,0,1,1,1
8150,1,1,1,1,1,0,1,1,1,1,1,1,0,1,1,1,1,1,1,0,1
8151,0,0,0,0,0,0,0,0,0,0,0,0,0,0,0,0,0,0,0,0,0
8152,5,5,6,5,5,5,4,5,5,6,5,5,5,4,5,5,6,5,5,5,4
8153,2,2,2,2,2,2,2,2,2,2,2,2,2,2,2,2,2,2,2,2,2
8154,1,1,0,0,0,0,0,1,1,0,0,0,0,0,1,1,0,0,0,0,0
8155,41,41,37,37,35,35,36,40,40,37,37,35,35,36,40,40,37,37,35,35,36
8156,1,1,1,0,0,0,0,1,1,1,0,0,0,0,1,1,1,0,0,0,0
8157,1,1,1,1,1,1,1,2,2,2,1,1,1,1,2,2,2,1,1,1,1
8158,0,0,0,0,0,0,0,0,0,0,0,0,0,0,0,0,0,0,0,0,0
8159,0,0,0,0,0,0,0,0,0,0,0,0,0,0,0,0,0,0,0,0,0
8160,0,0,0,0,0,0,0,0,0,0,0,0,0,0,0,0,0,0,0,0,0
8161,4,4,5,4,4,4,3,4,5,5,4,4,4,3,5,5,6,5,5,4,4
8162,1,1,1,1,1,1,1,1,1,1,1,1,1,1,1,1,1,1,1,1,1
8163,5,6,6,5,4,3,3,5,6,6,5,4,3,3,5,6,6,5,4,3,3
8164,0,1,0,0,1,1,1,1,1,0,1,1,1,1,1,1,0,0,1,1,1
8165,11,10,12,9,6,7,8,10,11,16,14,10,10,10,12,13,16,13,9,11,12
8166,2,3,3,3,2,2,3,2,3,3,3,2,3,3,3,4,3,3,3,3,3
8167,6,5,5,5,5,4,4,5,5,5,5,5,4,4,5,4,4,5,4,4,4
8168,6,7,8,9,7,5,6,5,6,8,9,7,5,6,6,6,8,9,7,5,6
8169,0,0,0,0,0,0,0,0,0,0,0,0,0,0,0,0,0,0,0,0,0
8170,12,10,8,7,7,6,7,9,9,8,7,7,6,7,8,8,7,6,6,6,7
8171,4,4,4,4,4,3,3,4,5,5,4,4,3,3,4,4,4,4,4,4,4
8172,1,1,2,3,3,2,1,1,2,2,3,3,2,1,1,2,2,3,2,2,1
8173,0,0,0,0,0,0,0,0,0,0,0,0,0,0,0,0,0,0,0,0,0
8174,0,0,0,0,0,0,0,0,0,0,0,0,0,0,0,0,0,0,0,0,0
8175,0,0,0,0,0,0,0,0,0,0,0,0,0,0,0,0,0,0,0,0,0
8176,0,0,0,0,0,0,0,0,0,0,0,0,0,0,0,0,0,0,0,0,0
8177,0,0,0,0,0,0,0,0,0,0,0,0,0,0,0,0,0,0,0,0,0
8178,1,1,0,1,1,1,1,1,1,0,1,1,1,1,1,1,0,1,1,1,1
8179,0,0,0,0,0,0,0,0,0,0,0,0,0,0,0,0,0,0,0,0,0
8180,0,0,0,0,0,0,0,0,0,0,0,0,0,0,0,0,0,0,0,0,0
8181,0,0,0,0,0,0,0,0,0,0,0,0,0,0,0,0,0,0,0,0,0
8182,0,0,0,0,0,0,0,0,0,0,0,0,0,0,0,0,0,0,0,0,0
8183,0,0,0,0,0,0,0,0,0,0,0,0,0,0,0,0,0,0,0,0,0
8184,2,3,3,3,3,2,2,2,3,3,3,3,2,2,2,3,3,3,3,2,2
8185,1,1,2,1,1,1,1,1,1,2,1,1,1,1,1,1,2,1,1,1,1
8186,0,0,0,0,0,0,0,0,0,0,0,0,0,0,0,0,0,0,0,0,0
8187,1,1,1,1,1,1,1,1,1,1,1,1,1,1,1,1,1,1,1,1,1
8188,0,0,0,0,0,0,0,0,0,0,0,0,0,0,0,0,0,0,0,0,0
8189,2,3,2,2,2,2,2,3,4,4,3,3,2,2,3,3,3,3,2,2,2
8190,2,2,2,2,2,1,2,2,2,2,2,2,1,2,2,2,2,2,2,1,2
8191,0,0,0,0,0,0,0,0,0,0,0,0,0,0,0,0,0,0,0,0,0
8192,52,51,49,45,40,36,42,55,62,62,58,51,46,51,61,61,57,49,42,37,42
8193,0,0,0,0,0,0,0,0,0,0,0,0,0,0,0,0,0,0,0,0,0
8194,0,0,0,0,0,0,0,0,0,0,0,0,0,0,0,0,0,0,0,0,0
8195,0,0,0,0,0,0,0,0,0,0,0,0,0,0,0,0,0,0,0,0,0
8196,2,2,2,2,1,1,2,2,2,2,2,2,1,2,2,3,2,2,2,2,2
8197,0,0,0,0,0,0,0,0,0,0,0,0,0,0,0,0,0,0,0,0,0
8198,20,20,21,24,23,20,18,20,21,21,24,22,19,16,15,16,17,20,19,17,14
8199,9,9,10,7,6,7,7,9,9,9,6,6,6,6,9,9,9,7,7,7,8
8200,1,1,1,1,1,1,1,1,1,1,1,1,1,1,1,1,1,1,1,1,1
8201,8,10,9,7,6,6,7,7,10,8,7,6,6,7,8,11,9,7,6,7,8
8202,22,19,18,18,15,15,15,20,17,16,17,15,15,15,21,18,17,18,15,16,16
8203,79,86,92,85,77,76,77,85,92,92,84,75,72,73,82,89,92,82,75,72,72
8204,38,33,28,24,27,29,28,38,33,28,24,27,29,28,38,33,28,24,27,29,28
8205,2,4,6,5,4,2,3,3,4,6,6,4,2,3,3,5,6,6,4,2,3
8206,5,6,6,5,4,4,4,5,5,5,5,4,4,4,5,5,5,5,4,4,5
8207,4,3,3,3,3,3,3,4,3,3,3,3,3,3,4,3,3,3,3,3,3
8208,3,3,3,3,3,2,2,3,3,3,3,3,2,2,3,3,3,3,3,2,3
8209,7,8,9,8,7,7,6,7,8,9,8,7,7,6,7,8,9,8,7,7,6
8210,7,5,7,4,5,5,6,7,5,7,4,5,5,6,7,5,7,4,5,5,6
8211,21,19,20,18,14,15,17,22,21,21,18,15,15,17,23,21,21,18,14,15,16
8212,33,32,34,22,18,22,25,29,29,32,21,18,22,25,30,30,34,23,19,25,28
8213,24,29,28,23,22,22,22,24,29,28,23,22,22,22,24,30,29,24,23,22,23
8214,107,102,119,119,118,98,91,109,107,123,120,118,96,89,106,104,121,119,117,95,87
8215,3,4,4,3,3,3,3,3,4,4,3,3,3,3,3,4,4,3,3,3,3
8216,8,7,6,5,5,6,5,6,6,6,5,5,5,5,6,6,6,5,5,6,6
8217,3,4,4,4,4,3,4,3,4,4,4,4,3,4,3,4,4,4,4,3,4
8218,123,105,111,98,93,101,100,125,107,110,95,90,98,96,123,106,111,97,92,99,97
8219,6,6,7,6,6,5,6,6,7,7,7,6,6,6,7,7,8,7,6,6,6
8220,34,32,35,33,29,26,25,35,34,36,33,29,25,25,36,36,38,35,30,25,24
8221,28,28,29,27,24,22,22,28,30,30,28,26,23,24,30,31,31,28,25,22,22
8222,23,23,18,18,16,17,16,21,22,17,17,16,18,16,22,22,18,19,17,18,16
8223,14,14,15,12,10,10,10,12,12,13,11,10,9,9,12,12,13,11,10,10,10
8224,49,50,50,44,37,40,39,49,51,50,44,35,39,37,48,50,50,44,35,37,35
8225,3,2,3,2,1,2,2,3,2,3,2,1,2,2,3,2,3,2,1,2,2
8226,21,23,25,24,21,18,18,21,23,26,25,22,19,18,22,23,26,25,22,18,18
8227,15,13,12,11,11,10,10,13,11,11,10,10,10,9,13,12,12,11,11,11,10
8228,10,11,11,10,9,8,8,10,11,11,10,9,8,8,10,11,11,10,9,8,8
8229,61,67,65,64,53,54,52,64,73,70,67,55,55,52,63,70,66,62,51,51,50
8230,5,3,4,4,4,4,3,5,3,4,4,4,4,3,5,3,4,4,4,4,3
8231,3,3,3,3,2,2,2,3,3,3,3,2,2,2,3,3,3,3,2,2,2
8232,2,2,2,2,2,2,2,2,2,2,2,2,2,2,2,2,2,2,2,2,2
8233,1,1,1,0,1,1,1,1,1,1,0,1,1,1,1,1,1,0,1,1,1
8234,2,3,3,2,2,2,2,2,3,3,3,2,2,2,2,3,3,2,2,2,2
8235,5,4,3,4,4,3,3,4,3,3,4,4,3,4,5,3,3,3,3,3,3
8236,31,27,25,25,24,27,27,33,29,26,25,24,26,26,32,29,26,25,23,26,26
8237,1,1,1,1,0,1,1,1,1,1,1,0,1,1,1,1,1,1,0,1,1
8238,0,0,0,0,0,0,0,0,0,0,0,0,0,0,0,0,0,0,0,0,0
8239,0,0,0,0,0,0,0,0,0,0,0,0,0,0,0,0,0,0,0,0,0
8240,0,0,0,0,0,0,0,0,0,0,0,0,0,0,0,0,0,0,0,0,0
8241,0,0,0,0,0,0,0,0,0,0,0,0,0,0,0,0,0,0,0,0,0
8242,0,0,0,0,0,0,0,0,0,0,0,0,0,0,0,0,0,0,0,0,0
8243,0,0,0,0,0,0,0,0,0,0,0,0,0,0,0,0,0,0,0,0,0
8244,0,0,0,0,0,0,0,0,0,0,0,0,0,0,0,0,0,0,0,0,0
8245,1,1,1,1,1,1,0,1,1,1,1,1,1,0,1,1,1,1,1,1,0
8246,2,2,2,1,1,1,1,2,1,1,1,1,1,1,1,1,1,1,1,1,1
8247,0,0,0,0,0,0,0,0,0,0,0,0,0,0,0,0,0,0,0,0,0
8248,3,3,3,2,2,1,2,2,2,2,2,2,2,2,2,2,1,1,1,1,2
8249,1,1,1,1,1,0,0,1,1,1,1,1,0,0,1,1,1,1,1,0,0
8250,2,1,1,2,1,1,1,2,1,1,2,1,1,1,2,1,1,2,1,1,1
8251,0,1,1,0,0,0,0,0,1,1,0,0,0,0,0,1,1,0,0,0,0
8252,2,2,3,3,2,2,2,3,3,3,3,3,2,2,3,4,4,4,3,3,3
8253,1,2,2,1,1,1,1,1,2,2,1,1,1,1,1,2,2,1,1,1,1
8254,1,1,1,0,0,0,0,1,1,1,0,0,0,0,1,1,1,0,0,0,0
8255,0,0,0,0,0,0,0,0,0,0,0,0,0,0,0,0,0,0,0,0,0
8256,0,0,0,0,0,0,0,0,0,0,0,0,0,0,0,0,0,0,0,0,0
8257,1,1,1,1,1,1,1,1,1,1,1,1,1,1,1,1,1,1,1,1,1
8258,0,0,0,0,0,0,0,0,0,0,0,0,0,0,0,0,0,0,0,0,0
8259,0,0,0,0,0,0,0,0,0,0,0,0,0,0,0,0,0,0,0,0,0
8260,2,3,3,3,2,2,2,3,4,4,3,3,2,2,2,3,3,2,2,2,3
8261,0,0,0,0,0,0,0,0,0,0,0,0,0,0,0,0,0,0,0,0,0
8262,0,0,0,0,0,0,0,0,0,0,0,0,0,0,0,0,0,0,0,0,0
8263,0,0,0,0,0,0,0,0,0,0,0,0,0,0,0,0,0,0,0,0,0
8264,3,4,5,3,2,2,2,3,4,5,3,2,2,2,3,4,5,3,2,2,2
8265,2,2,2,2,2,2,1,2,2,2,2,2,2,1,2,2,2,2,2,2,1
8266,13,14,17,13,10,10,11,12,14,17,13,10,10,11,12,14,17,13,10,10,11
8267,4,5,7,7,6,4,3,4,5,7,7,6,4,3,4,5,7,7,6,4,4
8268,0,0,0,0,0,0,0,0,0,0,0,0,0,0,0,0,0,0,0,0,0
8269,65,73,84,82,72,63,59,67,81,93,90,79,67,61,68,79,89,84,73,63,58
8270,3,4,4,4,3,2,2,3,4,4,4,3,2,2,3,4,4,4,3,2,2
8271,0,0,0,0,0,0,0,0,0,0,0,0,0,0,0,0,0,0,0,0,0
8272,7,8,10,9,10,9,7,6,7,8,7,9,8,8,7,9,10,9,10,10,9
8273,56,75,88,85,72,47,31,56,76,89,87,73,48,31,56,75,87,85,72,47,31
8274,73,115,95,80,48,40,46,70,119,104,87,54,43,48,71,117,99,82,50,41,46
8275,90,123,158,170,158,94,79,98,133,167,179,167,99,82,101,133,166,174,161,94,79
8276,0,0,0,0,0,0,0,0,0,0,0,0,0,0,0,0,0,0,0,0,0
8277,1,1,1,1,1,1,1,1,1,1,1,1,1,1,1,1,1,1,1,1,1
8278,4,5,7,7,5,4,3,4,5,7,7,5,3,3,4,5,7,7,5,3,3
8279,21,26,26,26,20,16,14,19,23,24,24,20,16,14,19,25,25,25,21,17,16
8280,11,12,14,18,19,16,14,11,12,14,18,19,16,14,11,12,14,18,19,16,14
8281,1,1,2,2,2,1,1,1,1,2,2,2,1,1,1,1,2,2,2,1,1
8282,0,0,0,0,0,0,0,0,0,0,0,0,0,0,0,0,0,0,0,0,0
8283,0,0,0,0,0,0,0,0,0,0,0,0,0,0,0,0,0,0,0,0,0
8284,0,0,0,0,0,0,0,0,0,0,0,0,0,0,0,0,0,0,0,0,0
8285,0,0,0,0,0,0,0,0,0,0,0,0,0,0,0,0,0,0,0,0,0
8286,0,0,0,0,0,0,0,0,0,0,0,0,0,0,0,0,0,0,0,0,0
8287,0,1,1,0,0,0,0,0,1,1,0,0,0,0,0,1,1,0,0,0,0
8288,0,0,0,0,0,0,0,0,0,0,0,0,0,0,0,0,0,0,0,0,0
8289,0,0,0,0,0,0,0,0,0,0,0,0,0,0,0,0,0,0,0,0,0
8290,8,6,5,3,2,2,3,5,7,7,5,3,2,3,4,4,4,3,3,3,4
8291,0,0,0,0,0,0,0,0,0,0,0,0,0,0,0,0,0,0,0,0,0
8292,0,0,0,0,0,0,0,0,0,0,0,0,0,0,0,0,0,0,0,0,0
8293,0,0,0,0,0,0,0,0,0,0,0,0,0,0,0,0,0,0,0,0,0
8294,0,0,0,0,0,0,0,0,0,0,0,0,0,0,0,0,0,0,0,0,0
8295,0,0,0,0,0,0,0,0,0,0,0,0,0,0,0,0,0,0,0,0,0
8296,0,1,1,1,1,1,1,0,1,1,1,1,1,1,0,1,1,1,1,1,1
8297,93,86,92,87,76,72,76,90,93,101,93,81,74,78,93,97,105,97,86,80,87
8298,2,2,2,2,1,1,2,2,2,2,2,1,1,2,2,2,2,2,1,1,2
8299,7,6,6,4,5,6,5,7,6,6,4,5,6,5,7,7,6,4,5,6,5
8300,1,0,0,0,0,0,1,1,0,0,0,0,0,1,1,0,0,0,0,0,1
8301,12,14,16,15,13,10,9,10,12,15,14,12,10,8,10,12,14,14,12,10,8
8302,48,47,45,41,37,37,37,45,48,48,44,39,37,37,44,46,46,41,36,35,34
8303,10,9,9,9,8,8,7,9,9,9,9,8,7,7,8,7,8,8,7,7,6
8304,0,0,0,0,0,0,0,0,0,0,0,0,0,0,0,0,0,0,0,0,0
8305,26,21,19,17,15,15,17,23,20,19,18,16,15,17,23,20,19,18,16,15,16
8306,2,3,4,4,6,5,2,2,3,4,4,6,5,2,2,3,4,4,6,5,2
8307,27,28,31,31,25,26,28,31,33,36,35,29,28,29,32,33,34,31,25,24,26
8308,0,0,0,0,0,0,0,0,0,0,0,0,0,0,0,0,0,0,0,0,0
8309,0,0,0,0,0,0,0,0,0,0,0,0,0,0,0,0,0,0,0,0,0
8310,0,0,0,0,0,0,0,0,0,0,0,0,0,0,0,0,0,0,0,0,0
8311,0,0,0,0,0,0,0,0,0,0,0,0,0,0,0,0,0,0,0,0,0
8312,0,0,0,0,0,0,0,0,0,0,0,0,0,0,0,0,0,0,0,0,0
8313,0,0,0,0,0,0,0,0,0,0,0,0,0,0,0,0,0,0,0,0,0
8314,0,0,0,0,0,0,0,0,0,0,0,0,0,0,0,0,0,0,0,0,0
8315,1,1,1,1,1,1,1,2,1,1,1,1,1,1,2,1,1,1,1,1,1
8316,0,1,1,1,1,1,0,0,1,1,1,1,1,0,0,1,1,1,1,1,0
8317,3,3,3,3,3,2,2,3,3,3,3,3,2,2,3,3,3,3,3,2,2
8318,47,43,42,39,35,35,39,48,45,44,41,36,36,39,49,45,42,38,34,34,38
8319,3,3,3,3,3,2,2,3,3,3,3,3,2,2,3,3,3,3,3,2,2
8320,14,12,11,9,9,9,9,12,11,11,10,9,9,9,11,11,9,9,8,8,9
8321,0,0,0,0,0,0,0,0,0,0,0,0,0,0,0,0,0,0,0,0,0
8322,0,0,0,0,0,0,0,0,0,0,0,0,0,0,0,0,0,0,0,0,0
8323,0,0,0,0,0,0,0,0,0,0,0,0,0,0,0,0,0,0,0,0,0
8324,0,0,0,0,0,0,0,0,0,0,0,0,0,0,0,0,0,0,0,0,0
8325,0,0,0,0,0,0,0,0,0,0,0,0,0,0,0,0,0,0,0,0,0
8326,8,9,9,9,7,6,7,8,9,9,9,7,6,7,8,9,9,9,7,7,7
8327,3,4,5,4,4,4,4,5,5,5,5,4,4,4,4,5,5,4,4,3,4
8328,28,29,28,26,23,22,22,28,32,32,29,26,23,23,27,29,28,25,22,20,20
8329,3,3,3,3,3,2,3,3,3,3,3,3,2,3,3,3,3,3,3,2,3
8330,29,29,28,26,24,22,24,29,29,28,26,24,23,25,29,29,28,26,24,22,24
8331,92,92,95,86,82,75,81,95,98,101,89,83,75,79,89,88,87,76,72,66,70
8332,88,95,96,88,79,73,76,89,97,95,85,78,73,76,89,94,92,79,70,65,67
8333,5,4,3,3,3,3,3,4,3,3,3,3,3,3,3,3,3,3,3,2,2
8334,0,0,0,0,0,0,0,0,0,0,0,0,0,0,0,0,0,0,0,0,0
8335,0,0,0,1,0,0,0,0,0,0,1,0,0,0,0,0,0,1,0,0,0
8336,1,1,1,0,0,0,0,1,1,1,0,0,0,1,1,1,1,0,0,1,1
8337,3,3,3,3,3,3,3,3,3,3,3,3,3,3,3,3,3,3,3,3,3
8338,0,0,0,0,0,0,0,0,0,0,0,0,0,0,0,0,0,0,0,0,0
8339,0,0,0,0,0,0,0,0,0,0,0,0,0,0,0,0,0,0,0,0,0
8340,20,20,21,21,19,18,18,20,19,20,20,19,18,18,20,19,20,20,19,18,18
8341,0,0,0,0,0,0,0,0,0,0,0,0,0,0,0,0,0,0,0,0,0
8342,0,0,0,0,0,0,0,0,0,0,0,0,0,0,0,0,0,0,0,0,0
8343,3,3,3,3,3,2,2,3,3,3,3,3,2,2,3,3,3,3,3,2,2
8344,0,0,1,1,0,0,0,0,0,1,1,0,0,0,0,0,1,1,0,0,0
8345,13,14,14,14,12,11,11,13,14,14,14,12,11,11,13,14,14,14,12,11,11
8346,15,16,17,17,16,13,12,15,16,17,17,16,13,12,15,16,17,17,16,13,12
8347,8,8,9,9,8,5,6,7,8,8,8,7,5,5,6,7,8,8,7,5,6
8348,0,0,0,0,0,0,0,0,0,0,0,0,0,0,0,0,0,0,0,0,0
8349,29,31,29,27,24,21,22,29,31,29,27,24,21,22,29,31,29,27,24,21,22
8350,1,1,1,1,1,1,1,1,1,1,1,1,1,1,1,1,1,1,1,1,1
8351,2,1,1,2,2,1,2,2,2,2,2,2,2,2,2,2,2,2,2,2,2
8352,1,1,1,0,1,1,1,1,1,1,0,1,1,1,1,1,1,0,1,1,1
8353,2,2,2,2,2,2,1,2,2,2,2,2,2,1,2,2,2,2,2,2,1
8354,0,0,0,0,0,0,0,0,0,0,0,0,0,0,0,0,0,0,0,0,0
8355,0,0,0,0,0,0,0,0,0,0,0,0,0,0,0,0,0,0,0,0,0
8356,0,0,0,0,0,0,0,0,0,0,0,0,0,0,0,0,0,0,0,0,0
8357,0,0,0,0,0,0,0,0,0,0,0,0,0,0,0,0,0,0,0,0,0
8358,0,0,0,0,0,0,0,0,0,0,0,0,0,0,0,0,0,0,0,0,0
8359,0,0,0,0,0,0,0,0,0,0,0,0,0,0,0,0,0,0,0,0,0
8360,0,0,0,0,0,0,0,0,0,0,0,0,0,0,0,0,0,0,0,0,0
8361,0,0,0,0,0,0,0,0,0,0,0,0,0,0,0,0,0,0,0,0,0
8362,0,0,0,0,0,0,0,0,0,0,0,0,0,0,0,0,0,0,0,0,0
8363,1,1,0,0,0,0,0,1,1,1,1,0,0,0,1,1,1,1,0,0,0
8364,2,2,2,2,1,1,1,2,1,2,2,1,1,1,2,2,2,2,1,1,1
8365,5,5,3,2,2,4,3,5,5,3,2,2,4,3,5,5,3,2,2,4,3
8366,2,2,2,2,2,1,1,2,2,2,2,2,1,1,2,2,2,2,2,1,1
8367,0,0,0,0,0,0,0,0,0,0,0,0,0,0,0,0,0,0,0,0,0
8368,20,23,25,27,23,20,18,22,27,29,30,27,23,20,23,26,27,27,23,20,18
8369,4,4,4,4,4,3,3,4,4,4,4,4,3,3,4,4,4,4,4,3,3
8370,0,0,0,0,0,0,0,0,0,0,0,0,0,0,0,0,0,0,0,0,0
8371,7,7,8,9,9,8,7,7,8,8,9,9,8,7,7,8,8,9,9,9,7
8372,8,9,7,7,7,6,7,8,9,8,7,7,6,7,9,9,8,7,7,6,7
8373,5,7,9,8,5,5,5,5,7,9,8,5,5,5,5,7,9,8,5,5,5
8374,0,0,0,0,0,0,0,0,0,0,0,0,0,0,0,0,0,0,0,0,0
8375,2,3,3,2,3,2,2,2,3,3,2,3,2,2,2,3,3,2,3,2,2
8376,10,12,14,13,11,9,8,10,12,14,13,12,10,10,12,14,15,14,12,10,10
8377,1,0,1,0,0,0,0,1,0,1,0,0,0,0,1,0,1,0,0,0,0
8378,39,42,47,41,37,30,30,39,42,47,41,37,30,30,39,42,47,41,37,30,30
8379,0,0,1,0,0,0,0,0,0,1,0,0,0,0,0,0,1,0,0,0,0
8380,7,9,10,10,10,8,5,7,9,10,10,10,8,5,7,9,10,10,10,8,5
8381,0,0,0,0,0,0,0,0,0,0,0,0,0,0,0,0,0,0,0,0,0
8382,0,0,0,0,0,0,0,0,0,0,0,0,0,0,0,0,0,0,0,0,0
8383,0,0,0,0,0,0,0,0,0,0,0,0,0,0,0,0,0,0,0,0,0
8384,0,0,0,0,0,0,0,0,0,0,0,0,0,0,0,0,0,0,0,0,0
8385,0,0,0,0,0,0,0,0,0,0,0,0,0,0,0,0,0,0,0,0,0
8386,0,0,0,0,0,0,0,0,0,0,0,0,0,0,0,0,0,0,0,0,0
8387,0,0,0,0,0,0,0,0,0,0,0,0,0,0,0,0,0,0,0,0,0
8388,0,0,0,0,0,0,0,0,0,0,0,0,0,0,0,0,0,0,0,0,0
8389,0,0,0,0,0,0,0,0,0,0,0,0,0,0,0,0,0,0,0,0,0
8390,10,12,15,13,11,9,8,10,12,15,14,11,9,8,10,12,14,13,11,10,9
8391,0,0,0,0,0,0,0,0,0,0,0,0,0,0,0,0,0,0,0,0,0
8392,0,0,0,0,0,0,0,0,0,0,0,0,0,0,0,0,0,0,0,0,0
8393,2,2,2,3,3,2,2,2,2,2,3,3,2,2,2,2,2,3,3,2,2
8394,0,0,0,0,0,0,0,0,0,0,0,0,0,0,0,0,0,0,0,0,0
8395,0,0,0,0,0,0,0,0,0,0,0,0,0,0,0,0,0,0,0,0,0
8396,2,2,3,2,1,2,2,2,2,3,2,1,2,2,2,2,3,2,1,2,2
8397,0,0,0,0,0,0,0,0,0,0,0,0,0,0,0,0,0,0,0,0,0
8398,19,23,25,22,19,16,16,20,24,25,22,19,16,16,21,25,26,22,20,17,17
8399,0,0,0,0,0,0,0,0,0,0,0,0,0,0,0,0,0,0,0,0,0
8400,11,13,11,9,8,7,7,11,13,11,9,8,7,7,11,13,11,9,8,7,7
8401,22,23,25,23,21,19,19,22,23,25,23,21,19,19,22,23,25,23,21,19,19
8402,8,7,9,8,8,5,6,7,7,9,8,8,5,6,6,7,9,8,8,5,6
8403,6,6,6,5,6,5,5,6,6,6,5,6,5,5,6,6,6,5,6,5,5
8404,0,0,0,0,0,0,0,0,0,0,0,0,0,0,0,0,0,0,0,0,0
8405,0,0,0,0,0,0,0,0,0,0,0,0,0,0,0,0,0,0,0,0,0
8406,0,0,0,0,0,0,0,0,0,0,0,0,0,0,0,0,0,0,0,0,0
8407,0,0,0,0,0,0,0,0,0,0,0,0,0,0,0,0,0,0,0,0,0
8408,2,3,3,3,2,2,2,2,3,3,3,2,2,2,2,3,3,3,2,2,2
8409,0,0,0,0,0,0,0,0,0,0,0,0,0,0,0,0,0,0,0,0,0
8410,2,3,1,1,1,1,1,2,3,1,1,1,1,1,2,3,1,1,1,1,1
8411,0,0,0,0,0,0,0,0,0,0,0,0,0,0,0,0,0,0,0,0,0
8412,0,0,0,0,0,0,0,0,0,0,0,0,0,0,0,0,0,0,0,0,0
8413,0,0,0,0,0,0,0,0,0,0,0,0,0,0,0,0,0,0,0,0,0
8414,0,0,0,0,0,0,0,0,0,1,1,0,0,0,0,1,1,1,1,1,1
8415,0,0,0,0,0,0,0,0,0,0,0,0,0,0,0,0,0,0,0,0,0
8416,0,0,0,0,0,0,0,0,0,0,0,0,0,0,0,0,0,0,0,0,0
8417,0,0,0,0,0,0,0,0,0,0,0,0,0,0,0,0,0,0,0,0,0
8418,0,1,0,1,1,1,0,0,1,0,1,1,1,0,0,1,0,1,1,1,0
8419,3,3,3,3,2,2,2,2,3,3,3,2,2,2,2,2,2,2,2,2,1
8420,8,9,9,9,8,7,7,8,9,9,9,8,7,7,8,9,9,9,8,7,7
8421,11,12,11,10,10,9,9,11,12,11,10,10,8,9,11,11,11,10,10,9,9
8422,0,0,0,0,0,0,0,0,0,0,0,0,0,0,0,0,0,0,0,0,0
8423,0,0,0,0,0,0,0,0,0,0,0,0,0,0,0,0,0,0,0,0,0
8424,10,13,14,14,12,13,13,13,16,16,15,13,14,15,16,18,18,17,14,14,14
8425,8,9,9,7,6,6,6,7,8,8,6,6,5,6,7,8,7,6,5,5,5
8426,1,1,1,1,1,1,1,1,1,1,1,1,1,1,1,1,1,1,1,1,1
8427,0,0,0,0,0,0,0,0,0,0,0,0,0,0,0,0,0,0,0,0,0
8428,4,3,3,2,2,2,3,4,3,3,2,2,2,3,4,3,3,2,2,2,3
8429,9,9,9,8,6,6,7,9,10,10,9,8,7,7,8,7,7,6,6,5,6
8430,1,1,1,1,1,1,1,1,1,1,1,1,1,1,1,1,1,1,1,1,1
8431,0,0,0,0,0,0,0,0,0,0,0,0,0,0,0,0,0,0,0,0,0
8432,0,0,0,0,0,0,0,0,0,0,0,0,0,0,0,0,0,0,0,0,0
8433,0,0,0,0,0,0,0,0,0,0,0,0,0,0,0,0,0,0,0,0,0
8434,0,0,0,0,0,0,0,0,0,0,0,0,0,0,0,0,0,0,0,0,0
8435,2,2,2,1,1,1,1,2,2,2,1,1,1,1,2,2,2,1,1,1,1
8436,2,2,2,2,2,2,2,2,2,2,2,2,2,2,2,2,2,2,2,2,2
8437,0,0,0,0,0,0,0,0,0,0,0,0,0,0,0,0,0,0,0,0,0
8438,1,1,2,2,2,3,3,4,5,5,5,5,4,5,7,9,9,8,7,6,7
8439,1,2,2,2,2,1,2,2,2,2,2,2,2,2,2,2,2,1,1,1,1
8440,0,0,0,0,0,0,0,0,0,0,0,0,0,0,0,0,0,0,0,0,0
8441,0,0,0,0,0,0,0,0,0,0,0,0,0,0,0,0,0,0,0,0,0
8442,1,1,1,1,1,1,1,1,1,1,1,1,1,1,1,1,1,1,1,1,1
8443,0,0,0,0,0,0,0,0,0,0,0,0,0,0,0,0,0,0,0,0,0
8444,0,0,0,0,0,0,0,0,0,0,0,0,0,0,0,0,0,0,0,0,0
8445,3,8,11,13,9,4,3,3,8,11,13,9,4,3,3,8,11,13,9,4,3
8446,0,0,0,0,0,0,0,0,0,0,0,0,0,0,0,0,0,0,0,0,0
8447,2,2,2,2,2,2,2,2,2,2,2,2,2,2,2,2,2,2,2,2,2
8448,0,0,1,0,0,0,0,0,0,1,1,0,0,0,0,1,1,1,0,0,0
8449,4,5,6,5,4,2,2,3,5,5,5,3,1,2,3,5,5,4,3,1,2
8450,0,0,0,0,0,0,0,0,0,0,0,0,0,0,0,0,0,0,0,0,0
8451,2,2,2,2,1,1,2,2,2,2,2,1,1,2,2,2,2,2,1,1,2
8452,0,0,0,0,0,0,0,0,0,0,0,0,0,0,0,0,0,0,0,0,0
8453,7,7,6,6,5,5,4,5,5,5,5,5,5,5,6,6,6,5,5,5,5
8454,0,0,0,0,1,1,1,0,0,0,0,1,1,1,0,0,0,0,1,1,1
8455,0,0,0,0,0,0,0,0,0,0,0,0,0,0,0,0,0,0,0,0,0
8456,0,0,0,0,0,0,0,0,0,0,0,0,0,0,0,0,0,0,0,0,0
8457,0,0,0,0,0,0,0,0,0,0,0,0,0,0,0,0,0,0,0,0,0
8458,0,0,0,0,0,0,0,0,0,0,0,0,0,0,0,0,0,0,0,0,0
8459,1,1,1,2,2,1,1,1,1,1,2,2,1,1,1,1,1,2,2,1,1
8460,12,13,15,14,11,9,9,13,14,15,14,12,11,11,14,14,14,12,10,8,9
8461,16,18,22,20,17,14,14,16,18,22,20,17,14,14,16,19,22,20,17,14,14
8462,0,0,0,0,0,0,0,0,0,0,0,0,0,0,0,0,0,0,0,0,0
8463,13,12,14,12,10,9,10,16,18,20,18,15,12,11,16,16,16,13,10,10,11
8464,1,1,1,0,0,0,0,1,1,1,0,0,0,0,1,1,1,0,0,0,0
8465,6,7,10,7,6,5,5,7,7,10,7,6,5,5,7,7,10,7,6,5,5
8466,6,8,9,9,6,5,5,6,8,9,9,6,5,5,6,8,9,9,6,5,5
8467,0,0,0,0,0,0,0,0,0,0,0,0,0,0,0,0,0,0,0,0,0
8468,0,0,0,0,0,0,0,0,0,0,0,0,0,0,0,0,0,0,0,0,0
8469,0,0,0,0,0,0,0,0,0,0,0,0,0,0,0,0,0,0,0,0,0
8470,5,4,4,3,3,2,3,3,3,3,3,3,2,2,3,3,3,3,3,2,3
8471,0,0,1,0,0,0,0,0,0,1,0,0,0,0,0,0,1,1,0,0,0
8472,1,1,1,1,1,1,1,1,1,1,1,1,1,1,1,1,1,1,1,1,1
8473,1,0,1,1,1,1,1,1,1,1,1,1,1,1,1,1,1,1,1,1,1
8474,0,0,0,0,0,0,0,0,0,0,0,0,0,0,0,0,0,0,0,0,0
8475,0,0,0,0,0,0,0,0,0,0,0,0,0,0,0,0,0,0,0,0,0
8476,0,0,0,0,0,0,0,0,0,0,0,0,0,0,0,0,0,0,0,0,0
8477,0,0,0,0,0,0,0,0,0,0,0,0,0,0,0,0,0,0,0,0,0
8478,0,0,0,0,0,0,0,0,0,0,0,0,0,0,0,0,0,0,0,0,0
8479,0,0,0,0,0,0,0,0,0,0,0,0,0,0,0,0,0,0,0,0,0
8480,0,0,0,0,0,0,0,0,0,0,0,0,0,0,0,0,0,0,0,0,0
8481,0,0,0,0,0,0,0,0,0,0,0,0,0,0,0,0,0,0,0,0,0
8482,1,1,0,1,0,1,0,1,1,0,1,0,1,0,1,1,0,1,0,1,0
8483,0,0,0,0,0,0,0,0,0,0,0,0,0,0,0,0,0,0,0,0,0
8484,0,0,0,0,0,0,0,0,0,0,0,0,0,0,0,0,0,0,0,0,0
8485,0,1,1,1,1,1,0,0,1,1,1,1,1,0,0,1,1,1,1,1,0
8486,1,1,1,1,1,1,1,1,1,1,1,1,1,1,1,1,1,1,1,1,1
8487,0,0,0,0,0,0,0,0,0,0,0,0,0,0,0,0,0,0,0,0,0
8488,0,0,0,0,0,0,0,0,0,0,0,0,0,0,0,0,0,0,0,0,0
8489,0,0,0,0,0,0,0,0,0,0,0,0,0,0,0,0,0,0,0,0,0
8490,0,0,0,0,0,0,0,0,0,0,0,0,0,0,0,0,0,0,0,0,0
8491,0,0,0,0,0,0,0,0,0,0,0,0,0,0,0,0,0,0,0,0,0
8492,0,0,0,0,0,0,0,0,0,0,0,0,0,0,0,0,0,0,0,0,0
8493,0,0,0,0,0,0,0,0,0,0,0,0,0,0,0,0,0,0,0,0,0
8494,0,0,0,0,0,0,0,0,0,0,0,0,0,0,0,0,0,0,0,0,0
8495,0,0,0,0,0,0,0,0,0,0,0,0,0,0,0,0,0,0,0,0,0
8496,16,19,20,20,19,18,16,16,19,20,20,19,18,16,16,19,20,20,19,18,16
8497,6,10,11,9,7,7,6,6,10,11,9,7,7,6,6,10,11,9,7,7,6
8498,4,5,7,9,7,4,4,4,4,7,9,7,4,4,4,4,7,9,7,4,4
8499,12,15,17,18,16,12,8,12,15,17,18,16,12,8,12,15,17,18,16,12,8
8500,0,0,0,0,0,0,0,0,0,0,0,0,0,0,0,0,0,0,0,0,0
8501,0,0,0,0,0,0,0,0,0,0,0,0,0,0,0,0,0,0,0,0,0
8502,0,0,0,0,0,0,0,0,0,0,0,0,0,0,0,0,0,0,0,0,0
8503,0,0,0,0,0,0,0,0,0,0,0,0,0,0,0,0,0,0,0,0,0
8504,0,0,0,0,0,0,0,0,0,0,0,0,0,0,0,0,0,0,0,0,0
8505,0,0,0,0,0,0,0,0,0,0,0,0,0,0,0,0,0,0,0,0,0
8506,7,6,6,6,6,6,6,7,6,6,6,6,6,6,6,5,5,6,6,6,6
8507,1,1,2,2,1,1,1,1,1,2,2,1,1,1,1,1,2,2,1,1,1
8508,1,1,0,0,1,1,0,1,0,0,0,1,1,0,1,0,0,0,1,1,0
8509,0,0,0,0,0,0,0,0,0,0,0,0,0,0,0,0,0,0,0,0,0
8510,0,1,0,0,0,0,1,1,1,1,1,0,0,1,1,1,1,1,1,1,1
8511,8,7,7,6,5,5,6,8,9,8,8,7,7,7,9,9,8,7,6,6,7
8512,0,0,0,0,0,0,0,0,0,0,0,0,0,0,0,0,0,0,0,0,0
8513,0,0,0,0,0,0,0,0,0,0,0,0,0,0,0,0,0,0,0,0,0
8514,3,3,2,2,2,1,2,2,2,2,2,2,1,2,2,2,2,2,2,1,2
8515,2,2,2,1,1,1,1,2,2,2,1,1,1,1,2,2,2,1,1,1,1
8516,2,3,2,2,2,2,1,2,3,2,3,2,2,1,2,3,2,2,2,2,1
8517,11,14,13,13,10,8,8,11,14,12,13,10,8,8,11,14,12,13,10,8,8
8518,1,1,0,0,0,0,0,1,1,0,0,0,0,0,1,1,0,0,0,0,0
8519,1,1,1,1,1,0,1,1,1,1,1,1,0,1,1,1,1,1,1,0,1
8520,1,1,1,1,0,0,1,1,1,1,1,1,1,1,1,1,1,1,1,1,1
8521,4,4,4,4,3,3,3,4,4,4,4,3,3,3,4,4,4,4,3,3,3
8522,7,7,7,7,7,7,6,7,8,7,7,7,7,6,8,9,8,7,7,7,7
8523,4,4,4,4,3,3,4,4,5,4,5,4,4,4,5,6,6,5,5,5,5
8524,4,5,5,5,4,3,4,4,5,5,5,4,3,4,4,5,5,5,4,3,4
8525,18,18,18,15,12,12,13,18,18,18,15,12,12,13,18,18,18,15,12,12,13
8526,3,4,3,3,4,4,2,3,4,3,3,4,4,2,3,4,3,3,4,4,2
8527,4,5,4,5,4,3,5,4,5,4,5,4,3,5,4,5,4,5,4,3,5
8528,30,33,33,31,25,19,23,31,35,34,32,26,20,25,37,45,47,43,33,25,30
8529,64,71,75,66,51,46,53,64,70,75,66,50,46,52,63,70,75,66,50,46,52
8530,450,512,516,507,438,387,337,433,505,511,501,435,383,335,434,508,516,507,438,387,338
8531,308,336,345,350,311,309,274,320,365,375,375,335,327,287,322,358,368,372,331,326,291
8532,20,22,20,18,14,15,18,23,28,27,24,20,19,22,26,29,25,21,17,16,19
8533,36,37,33,27,23,23,24,30,35,34,29,25,24,26,32,36,35,29,25,25,27
8534,0,0,0,0,0,0,0,0,0,0,0,0,0,0,0,0,0,0,0,0,0
8535,11,11,10,15,14,11,8,11,11,10,15,14,11,8,11,11,10,15,14,11,8
8536,36,36,45,53,52,42,35,37,36,45,53,52,42,34,35,34,43,51,51,41,33
8537,25,29,28,25,24,22,21,26,30,28,26,24,23,22,27,31,30,27,25,23,23
8538,0,0,0,0,0,0,0,0,0,0,0,0,0,0,0,0,0,0,0,0,0
8539,5,5,5,5,5,4,5,5,5,5,5,5,4,5,5,5,5,5,5,4,5
8540,39,39,35,27,22,21,22,33,43,47,42,35,34,36,45,49,45,35,29,27,30
8541,87,96,100,85,74,66,71,84,97,103,87,77,69,74,86,97,100,84,74,67,73
8542,2,3,2,2,2,2,2,2,3,3,2,2,2,2,2,3,3,2,2,2,2
8543,5,5,4,4,4,4,5,7,7,7,6,6,5,6,7,6,5,4,4,4,5
8544,4,4,4,4,4,4,4,4,4,4,4,4,4,4,4,4,4,4,4,4,4
8545,6,6,7,6,4,4,4,6,6,7,6,4,4,4,6,6,7,6,4,4,4
8546,12,13,13,12,12,10,11,13,13,13,11,12,10,10,12,13,13,11,12,10,10
8547,17,21,22,20,18,15,16,20,24,25,22,19,15,16,20,24,24,21,18,15,15
8548,2,1,1,1,1,1,1,2,2,1,1,1,1,2,2,2,2,1,1,1,2
8549,48,54,51,42,33,30,31,41,50,53,45,37,33,34,43,51,51,43,35,32,34
8550,57,64,64,60,56,48,53,60,66,66,63,59,51,55,63,70,69,64,60,52,57
8551,40,50,53,41,36,32,30,40,50,53,41,36,32,30,40,50,53,41,36,32,30
8552,73,70,73,63,55,51,54,70,71,76,65,59,54,57,76,77,79,66,60,56,59
8553,75,75,76,52,51,49,53,75,74,76,52,51,48,52,74,73,75,51,50,48,52
8554,18,17,13,14,11,13,13,18,17,13,14,11,14,13,18,17,13,14,11,14,13
8555,0,0,0,0,0,0,0,0,0,0,0,0,0,0,0,0,0,0,0,0,0
8556,1,1,1,1,1,1,1,1,1,1,1,1,1,1,1,1,1,1,1,1,1
8557,6,10,7,4,4,5,9,6,10,7,4,4,5,9,6,10,7,4,4,5,9
8558,24,24,23,17,14,11,13,17,21,24,21,17,13,14,17,17,19,16,14,12,14
8559,0,1,1,1,1,1,1,0,1,1,1,1,1,1,0,1,1,1,1,1,1
8560,2,2,2,2,1,1,1,2,2,2,2,1,1,1,2,2,2,2,1,1,1
8561,1,1,1,1,0,1,1,1,1,1,1,0,1,1,1,1,1,1,0,1,1
8562,0,0,0,0,0,0,0,0,0,0,0,0,0,0,0,0,0,0,0,0,0
8563,0,2,2,2,1,1,0,0,2,2,2,1,1,0,0,2,2,2,1,1,0
8564,2,3,3,2,2,2,2,2,3,3,2,2,2,2,2,3,3,2,2,2,2
8565,6,6,7,4,3,3,4,6,6,7,4,3,3,4,6,6,7,4,3,3,4
8566,4,4,5,5,4,4,5,4,4,5,5,4,4,5,4,4,5,5,4,4,5
8567,2,1,1,1,1,1,1,1,1,1,0,0,0,0,1,1,1,1,2,2,2
8568,1,1,1,1,1,1,1,1,1,1,1,1,1,1,1,1,1,1,1,1,1
8569,3,4,4,3,3,2,2,3,4,4,3,3,2,2,3,4,4,3,3,2,2
8570,10,11,10,10,9,9,8,10,11,10,10,9,9,8,10,11,10,10,9,9,8
8571,1,1,1,1,1,0,1,1,1,1,1,1,0,1,1,1,1,1,1,0,1
8572,0,1,1,1,0,0,0,0,1,1,1,0,1,1,1,1,1,1,1,1,1
8573,19,17,18,17,17,16,16,19,17,17,16,17,16,15,19,17,17,16,17,16,15
8574,0,0,0,0,0,0,0,0,1,1,1,1,1,1,1,1,1,1,1,1,1
8575,1,1,1,1,0,0,0,1,1,1,1,0,0,0,1,1,1,1,0,0,0
8576,4,4,5,4,3,3,3,4,4,5,4,3,3,3,4,4,5,4,3,3,3
8577,0,0,0,0,0,0,0,0,0,0,0,0,0,0,0,0,0,0,0,0,0
8578,0,0,0,0,0,0,0,0,0,0,0,0,1,1,1,1,1,1,1,1,1
8579,1,1,1,1,1,1,1,1,1,1,1,1,1,1,1,1,1,1,1,1,1
8580,14,16,16,14,11,12,12,14,16,16,14,11,12,12,14,16,16,14,11,12,12
8581,12,14,13,10,9,8,10,13,14,13,10,9,8,9,12,14,13,10,9,8,10
8582,5,6,7,6,5,5,5,7,8,8,8,7,6,6,7,7,7,6,5,4,4
8583,1,1,1,1,1,1,1,1,1,1,1,1,1,1,1,1,1,1,1,1,1
8584,0,0,0,0,0,0,0,0,0,0,0,0,0,0,0,0,0,0,0,0,0
8585,1,2,2,1,1,1,1,1,2,2,1,1,1,1,1,2,2,1,1,1,1
8586,0,0,0,0,0,0,0,0,0,0,0,0,0,0,0,0,0,0,0,0,0
8587,1,1,1,0,0,1,0,1,1,1,0,0,1,0,1,1,1,0,0,1,0
8588,0,2,2,2,1,0,0,0,2,2,2,1,0,0,0,2,2,2,1,0,0
8589,5,6,6,4,3,3,4,5,6,6,4,3,3,4,5,6,6,4,3,3,4
8590,0,0,0,0,0,0,0,0,0,0,0,0,0,0,0,0,0,0,0,0,0
8591,0,0,0,0,0,0,0,0,0,0,0,0,0,0,0,0,0,0,0,0,0
8592,0,0,0,0,0,0,0,0,0,0,0,0,0,0,0,0,0,0,0,0,0
8593,0,0,0,0,0,0,0,0,0,0,0,0,0,0,0,0,0,0,0,0,0
8594,1,1,1,0,0,0,0,1,1,1,0,0,0,0,1,1,1,0,0,0,0
8595,0,0,0,0,0,0,0,0,0,0,0,0,0,0,0,0,0,0,0,0,0
8596,0,0,0,0,0,0,0,0,0,0,0,0,0,0,0,0,0,0,0,0,0
8597,0,0,0,0,0,0,0,0,0,0,0,0,0,0,0,0,0,0,0,0,0
8598,2,2,2,2,1,1,2,2,2,2,2,2,2,2,2,2,2,2,1,1,2
8599,0,0,0,0,0,0,0,0,0,0,0,0,0,0,0,0,0,0,0,0,0
8600,19,17,18,17,15,15,15,16,16,18,17,17,18,22,26,29,32,31,28,28,31
8601,0,0,0,0,0,0,0,0,0,0,0,0,0,0,0,0,0,0,0,0,0
8602,0,0,0,0,0,0,0,0,0,0,0,0,0,0,0,0,0,0,0,0,0
8603,0,0,0,0,0,0,0,0,0,0,0,0,0,0,0,0,0,0,0,0,0
8604,0,1,0,0,0,0,0,0,1,0,0,0,0,0,0,1,0,0,0,0,0
8605,0,0,1,1,1,0,0,0,0,1,1,1,0,0,0,0,1,1,1,0,0
8606,0,1,0,0,0,0,0,0,1,0,0,0,0,0,0,1,0,0,0,0,0
8607,0,0,0,0,0,0,0,0,0,0,0,0,0,0,0,0,0,0,0,0,0
8608,0,0,0,0,0,0,0,0,0,0,0,0,0,0,0,0,0,0,0,0,0
8609,2,2,2,1,1,1,1,2,2,2,1,1,1,1,2,1,1,1,1,1,2
8610,0,0,0,0,2,0,0,0,0,0,0,2,0,0,0,0,0,0,2,0,0
8611,1,0,0,0,0,0,0,1,0,0,0,0,0,0,1,0,0,0,0,0,0
8612,1,0,0,0,0,0,0,1,0,0,0,0,0,0,1,0,0,0,0,0,0
8613,0,0,0,0,0,0,0,0,0,0,0,0,0,0,0,0,0,0,0,0,0
8614,0,0,0,0,0,0,0,0,0,0,0,0,0,0,0,0,0,0,0,0,0
8615,0,0,0,0,0,0,0,0,0,0,0,0,0,0,0,0,0,0,0,0,0
8616,0,0,0,0,0,0,0,0,0,0,0,0,0,0,0,0,0,0,0,0,0
8617,0,0,0,0,0,0,0,0,0,0,0,0,0,0,0,0,0,0,0,0,0
8618,0,0,0,0,0,0,0,0,0,0,0,0,0,0,0,0,0,0,0,0,0
8619,0,0,0,0,0,0,0,0,0,0,0,0,0,0,0,0,0,0,0,0,0
8620,0,0,0,0,0,0,0,0,0,0,0,0,0,0,0,0,0,0,0,0,0
8621,0,0,0,0,0,0,0,0,0,0,0,0,0,0,0,0,0,0,0,1,1
8622,0,0,0,0,0,0,0,0,0,0,0,0,0,0,0,0,0,0,0,0,0
8623,0,0,0,0,0,0,0,0,0,0,0,0,0,0,0,0,0,0,0,0,0
8624,0,0,0,0,0,0,0,0,0,0,0,0,0,0,0,0,0,0,0,0,0
8625,0,0,0,0,0,0,0,0,0,0,0,0,0,0,0,0,0,0,0,0,0
8626,0,0,0,0,0,0,0,0,0,0,0,0,0,0,0,0,0,0,0,0,0
8627,0,0,0,0,0,0,0,0,0,0,0,0,0,0,0,0,0,0,0,0,0
8628,142,148,160,151,136,113,118,141,159,170,158,143,116,118,142,159,170,159,145,121,126
8629,96,137,151,134,84,89,92,96,137,151,134,84,89,92,96,137,151,134,84,89,92
8630,0,0,0,0,0,0,0,0,0,0,0,0,0,0,0,0,0,0,0,0,0
8631,17,21,22,20,21,20,19,17,21,22,20,21,20,19,17,21,22,20,21,20,19
8632,10,12,16,16,14,10,9,10,12,16,16,14,10,9,10,12,16,16,14,10,9
8633,4,5,5,5,5,4,4,4,5,5,5,5,4,4,4,5,5,5,5,4,4
8634,11,5,7,7,4,8,8,11,5,7,7,4,8,8,11,5,7,7,4,8,8
8635,0,0,0,0,0,0,0,0,0,0,0,0,0,0,0,0,0,0,0,0,0
8636,1,1,1,1,1,1,1,1,1,1,1,1,1,1,1,1,1,1,1,1,1
8637,141,147,155,148,126,105,113,148,155,150,136,117,96,105,144,153,153,145,124,105,118
8638,1,1,1,1,1,1,1,1,1,1,1,1,1,1,1,1,1,1,1,1,1
8639,9,10,11,9,8,7,8,9,10,11,8,8,7,8,9,10,11,8,8,7,8
8640,1,1,1,1,0,0,1,1,1,1,1,1,0,1,1,1,1,1,0,0,1
8641,0,0,0,0,0,0,0,0,0,0,0,0,0,0,0,0,0,0,0,0,0
8642,11,11,12,10,8,6,7,9,9,10,9,7,6,6,7,6,7,6,5,5,6
8643,0,0,0,0,0,0,0,0,0,0,0,0,0,0,0,0,0,0,0,0,0
8644,0,0,0,0,0,0,0,0,0,0,0,0,0,0,0,0,0,0,0,0,0
8645,0,0,0,0,0,0,0,0,0,0,0,0,0,0,0,0,0,0,0,0,0
8646,8,9,9,8,7,6,6,7,8,8,8,7,6,6,7,8,8,8,7,6,6
8647,2,2,2,2,1,1,2,2,2,2,2,2,2,2,2,2,2,2,1,2,2
8648,12,21,24,19,10,9,9,11,21,24,19,10,9,9,11,21,24,19,10,9,9
8649,88,103,100,89,69,62,66,86,106,105,94,73,64,67,85,103,101,89,69,61,64
8650,24,20,23,21,19,20,21,24,20,23,21,19,20,21,24,20,23,21,19,20,21
8651,74,78,76,71,62,54,59,73,83,82,78,69,58,63,76,82,80,76,67,57,63
8652,1,1,1,1,1,1,1,1,2,2,2,2,2,2,2,2,2,2,2,2,2
8653,9,9,8,8,8,8,8,9,9,8,8,8,8,8,9,9,8,8,8,8,8
8654,1,1,1,1,1,1,1,1,1,1,1,1,1,1,1,1,1,1,1,1,1
8655,3,4,4,3,3,3,2,3,4,4,3,3,3,3,3,4,4,3,3,3,3
8656,1,1,2,1,1,1,1,1,1,2,1,1,1,1,1,1,2,1,1,1,1
8657,1,1,1,1,1,1,1,1,1,1,1,1,1,1,1,1,1,1,1,1,1
8658,0,0,0,0,0,0,0,0,0,0,0,0,0,0,0,0,0,0,0,0,0
8659,1,1,1,1,1,1,1,1,1,1,1,1,1,1,1,1,1,1,1,1,1
8660,2,2,2,2,2,2,1,2,2,2,2,2,2,1,2,2,2,2,2,2,1
8661,0,0,0,0,0,0,0,0,0,0,0,0,0,0,0,0,0,0,0,0,0
8662,0,1,0,0,0,0,0,0,1,0,0,0,0,0,0,1,0,0,0,0,0
8663,0,0,0,0,0,0,0,0,0,0,0,0,0,0,0,0,0,0,0,0,0
8664,0,0,0,0,0,0,0,0,0,0,0,0,0,0,0,0,0,0,0,0,0
8665,0,0,0,0,0,0,0,0,0,0,0,0,0,0,0,0,0,0,0,0,0
8666,0,0,0,0,0,0,0,0,0,0,0,0,0,0,0,0,0,0,0,0,0
8667,0,0,0,0,0,0,0,0,0,0,0,0,0,0,0,0,0,0,0,0,0
8668,0,0,0,0,0,0,0,0,0,0,0,0,0,0,0,0,0,0,0,0,0
8669,0,0,0,0,0,0,0,0,1,1,2,2,3,3,3,3,3,3,3,3,3
8670,0,0,0,0,0,0,0,0,0,0,0,0,0,0,0,0,0,0,0,0,0
8671,0,0,0,0,0,0,0,0,0,0,0,0,0,0,0,0,0,0,0,0,0
8672,0,0,0,0,0,0,0,0,0,0,0,0,0,0,0,0,0,0,0,0,0
8673,0,0,0,0,0,0,0,0,0,0,0,0,0,0,0,0,0,0,0,0,0
8674,1,1,1,1,0,0,0,1,1,1,1,1,0,0,1,1,1,1,1,0,0
8675,0,0,0,0,0,0,0,0,0,0,0,0,0,0,0,0,0,0,0,0,0
8676,0,0,0,0,0,0,0,0,0,0,0,0,0,0,0,0,0,0,0,0,0
8677,45,53,51,43,37,34,38,45,53,51,43,37,34,38,45,53,51,43,37,34,38
8678,30,35,31,24,20,24,23,30,35,31,24,20,24,23,30,35,31,24,20,24,23
8679,4,5,6,5,4,4,4,4,5,6,5,4,4,4,4,5,6,5,4,4,4
8680,8,8,8,7,7,7,7,8,9,8,7,7,6,6,8,8,8,7,7,7,7
8681,73,82,89,86,73,61,61,70,80,88,86,73,61,61,70,80,88,86,73,61,61
8682,3,3,2,4,4,4,3,3,2,2,4,4,4,3,3,2,2,4,4,4,3
8683,1,1,1,1,1,1,1,1,1,1,1,1,1,1,1,1,1,1,1,1,1
8684,1,1,1,1,1,0,1,1,1,1,1,1,1,1,1,1,1,1,1,1,1
8685,5,5,5,3,3,3,3,5,5,5,4,3,3,3,5,5,5,3,3,3,3
8686,2,4,4,2,1,1,1,2,4,4,2,1,1,1,2,4,4,2,1,1,1
8687,9,13,14,12,10,8,8,9,13,14,12,10,8,8,9,13,14,12,10,8,8
8688,1,1,1,1,1,1,1,1,1,1,1,1,1,1,1,1,1,1,1,1,1
8689,4,6,6,4,4,3,4,4,6,6,4,4,3,4,4,6,6,4,3,3,4
8690,21,23,21,17,15,14,17,22,27,26,22,20,18,19,22,24,22,17,16,15,17
8691,1,1,1,1,1,1,1,1,1,1,1,1,1,1,1,1,1,1,1,1,1
8692,6,5,4,3,2,2,3,4,4,4,3,2,2,2,2,2,2,2,1,1,2
8693,0,0,0,0,0,0,0,0,0,0,0,0,0,0,0,0,0,0,0,0,0
8694,14,20,22,24,19,15,13,14,20,22,24,19,15,13,14,20,22,24,19,15,13
8695,20,21,21,20,17,15,15,20,24,25,25,22,18,18,22,24,24,21,18,15,16
8696,45,56,57,50,42,40,42,50,65,64,54,45,42,41,46,56,54,46,38,36,37
8697,1,1,1,1,1,1,0,1,1,1,1,1,1,0,1,1,1,1,1,1,0
8698,8,11,11,12,10,7,7,8,11,11,12,10,7,7,8,11,11,12,10,7,7
8699,13,14,13,12,11,10,12,13,14,14,13,12,11,12,13,14,14,12,11,10,11
8700,219,233,216,232,225,212,202,208,237,220,231,224,207,199,210,246,240,255,245,228,223
8701,44,56,59,51,43,36,35,44,56,59,51,43,36,35,44,56,59,51,43,36,35
8702,822,861,955,884,747,651,588,768,864,995,963,849,733,617,733,801,910,855,733,640,570
8703,2,2,2,2,2,2,2,2,2,2,2,2,2,2,2,2,2,2,2,2,2
8704,170,222,242,243,207,171,156,171,219,229,222,191,155,138,154,205,220,216,188,161,153
8705,20,23,23,23,19,16,16,21,23,23,23,19,16,16,20,22,22,22,19,15,15
8706,31,31,34,37,32,25,25,28,29,34,37,32,25,25,28,30,35,39,34,27,27
8707,802,860,970,917,784,688,612,770,843,949,891,763,665,596,755,835,944,894,775,687,625
8708,729,798,910,849,727,640,578,752,834,939,870,739,639,563,722,810,934,878,757,660,583
8709,1,1,1,1,1,1,1,1,1,1,1,1,1,1,1,1,1,1,1,1,1
8710,20,18,19,22,21,19,18,19,18,19,22,21,19,18,19,18,19,22,21,19,19
8711,6,7,7,8,6,7,6,7,8,7,8,7,7,6,6,7,7,8,6,7,6
8712,16,16,16,17,15,12,13,16,16,15,17,15,11,12,14,14,14,15,14,11,12
8713,1,1,1,1,1,1,1,1,1,1,1,1,1,1,1,1,1,1,1,1,1
8714,7,7,8,7,8,7,6,7,7,8,7,8,7,6,7,7,8,7,8,7,6
8715,1,1,1,1,1,1,1,1,1,1,1,1,1,1,1,1,1,1,1,1,1
8716,10,12,12,11,8,7,7,9,11,12,11,9,8,9,12,14,14,12,10,9,10
8717,1,1,1,1,1,1,1,2,1,1,1,1,1,1,2,2,2,1,1,1,2
8718,16,16,17,15,15,15,17,20,20,19,17,16,15,15,17,17,17,14,14,13,15
8719,50,44,45,42,38,37,44,54,52,51,45,40,36,39,45,40,39,35,34,34,40
8720,1,1,1,2,1,1,2,2,2,2,2,2,2,2,2,2,2,2,2,2,2
8721,0,0,0,0,0,0,0,0,0,0,0,0,0,0,0,0,0,0,0,0,0
8722,0,0,0,0,0,0,0,0,0,0,0,0,0,0,0,0,0,0,0,0,0
8723,0,0,0,0,0,0,0,0,0,0,0,0,0,0,0,0,0,0,0,0,0
8724,0,0,0,0,0,0,0,0,0,0,0,0,0,0,0,0,0,0,0,0,0
8725,0,0,0,0,0,0,0,0,0,0,0,0,0,0,0,0,0,0,0,0,0
8726,0,1,1,1,1,1,0,1,1,1,1,1,1,1,1,1,1,1,1,1,1
8727,0,0,0,0,0,0,0,0,0,0,0,0,0,0,0,0,0,0,0,0,0
8728,0,0,0,0,0,0,0,0,0,0,0,0,0,0,0,0,0,0,0,0,0
8729,3,3,3,3,2,2,2,3,3,3,2,2,2,2,3,3,3,3,2,2,2
8730,1,2,2,1,1,1,1,2,2,2,1,1,1,1,1,1,1,1,1,1,1
8731,0,0,0,0,0,0,0,0,0,0,0,0,0,0,0,0,0,0,0,0,0
8732,0,0,0,0,0,0,0,0,0,0,0,0,0,0,0,0,0,0,0,0,0
8733,113,78,53,42,36,43,72,108,120,99,74,62,55,71,87,96,98,98,89,91,116
8734,8,7,7,6,5,5,7,10,13,15,14,12,12,13,15,15,15,13,10,9,11
8735,0,0,0,0,0,0,0,0,0,0,0,0,0,0,0,0,0,0,0,0,0
8736,0,0,0,0,0,0,0,0,0,0,0,0,0,0,0,0,0,0,0,0,0
8737,2,2,2,3,2,2,1,2,2,2,3,2,2,1,2,2,2,3,2,2,1
8738,1,1,1,1,1,1,1,1,1,1,1,1,1,1,1,1,1,1,1,1,1
8739,2,2,2,2,2,1,1,2,2,2,2,2,1,1,2,2,2,2,2,1,1
8740,0,0,0,0,0,0,0,0,0,0,0,0,0,0,0,0,0,0,0,0,0
8741,0,0,0,0,0,0,0,0,0,0,0,0,0,0,0,0,0,0,0,0,0
8742,0,0,0,0,0,0,0,0,0,0,0,0,0,0,0,0,0,0,0,0,0
8743,1,1,1,1,1,1,1,1,1,1,1,1,1,1,1,1,1,1,1,1,1
8744,0,0,0,0,0,0,0,0,0,0,0,0,0,0,0,0,0,0,0,0,0
8745,5,6,6,5,4,4,5,5,6,6,5,4,4,5,5,6,6,5,4,5,5
8746,0,0,0,0,0,0,0,0,0,0,0,0,0,0,0,0,0,0,0,0,0
8747,0,0,0,1,1,1,0,0,0,0,1,1,1,0,0,0,0,1,1,1,0
8748,1,0,0,1,1,1,1,1,0,0,1,1,1,1,1,0,0,1,1,1,1
8749,0,0,0,0,0,0,0,0,0,0,0,0,0,0,0,0,0,0,0,0,0
8750,0,0,0,0,0,0,0,0,0,0,0,0,0,0,0,0,0,0,0,0,0
8751,0,0,0,0,0,0,0,0,0,0,0,0,0,0,0,0,0,0,0,0,0
8752,0,0,0,0,0,0,0,0,0,0,0,0,0,0,0,0,0,0,0,0,0
8753,0,0,0,0,0,0,0,0,0,0,0,0,0,0,0,0,0,0,0,0,0
8754,0,0,0,0,0,0,0,0,0,0,0,0,0,0,0,0,0,0,0,0,0
8755,0,0,0,0,0,0,0,0,0,0,0,0,0,0,0,0,0,0,0,0,0
8756,0,0,0,0,0,0,0,0,0,0,0,0,0,0,0,0,0,0,0,0,0
8757,1,2,2,2,2,1,1,1,2,2,2,2,1,1,1,2,2,2,2,1,1
8758,1,1,2,2,1,1,1,1,1,2,2,1,1,1,1,1,2,2,1,1,1
8759,1,1,1,1,1,1,0,1,1,1,1,1,1,0,1,1,1,1,1,1,0
8760,0,1,1,1,1,0,0,0,1,1,1,1,0,0,0,1,1,1,1,0,0
8761,1,1,1,1,2,1,1,1,1,1,1,2,1,1,1,1,1,1,2,1,1
8762,2,2,2,1,2,1,2,2,2,2,1,2,1,2,2,2,2,1,2,1,2
8763,2,2,2,1,1,1,2,2,2,2,1,1,1,1,1,1,1,1,1,1,1
8764,0,0,0,0,0,0,0,0,0,0,0,0,0,0,0,0,0,0,0,0,0
8765,0,0,0,0,0,0,0,0,0,0,0,0,0,0,0,0,0,0,0,0,0
8766,0,0,0,0,0,0,0,0,0,0,0,0,0,0,0,0,0,0,0,0,0
8767,1,1,1,1,1,1,1,1,1,1,1,1,1,1,1,1,1,1,1,1,1
8768,0,0,0,0,0,0,0,0,0,0,0,0,0,0,0,0,0,0,0,0,0
8769,0,3,0,0,0,0,2,0,3,0,0,0,0,2,0,3,0,0,0,0,2
8770,0,0,0,0,0,0,0,0,0,0,0,0,0,0,0,0,0,0,0,0,0
8771,3,4,5,4,3,3,3,5,5,4,4,3,2,2,4,4,4,3,3,3,5
8772,0,0,0,0,0,0,0,0,0,0,0,0,0,0,0,0,0,0,0,0,0
8773,0,1,1,0,1,0,0,0,1,1,0,1,0,0,0,1,1,0,1,0,0
8774,21,23,22,20,19,15,16,19,21,20,19,18,15,16,19,21,21,19,18,15,17
8775,0,0,0,0,0,0,0,0,0,0,0,0,0,0,0,0,0,0,0,0,0
8776,0,0,0,0,0,0,0,0,0,0,0,0,0,0,0,0,0,0,0,0,0
8777,0,0,0,0,0,0,0,0,0,0,0,0,0,0,0,0,0,0,0,0,0
8778,1,1,1,1,0,1,1,1,1,1,1,0,1,1,1,1,1,1,1,1,1
8779,1,1,1,1,1,1,1,1,2,2,2,1,1,1,2,2,2,1,1,1,1
8780,1,1,1,1,1,1,1,1,1,1,1,1,1,1,1,1,1,1,1,1,1
8781,1,2,2,2,2,1,1,1,2,2,2,2,1,1,1,2,2,2,2,1,1
8782,14,17,16,15,12,12,12,14,17,17,15,13,12,12,14,17,16,15,12,11,12
8783,1,1,1,1,1,0,1,1,1,1,1,1,0,1,1,1,1,1,1,0,1
8784,1,1,0,0,0,0,0,1,1,0,0,0,0,0,1,1,0,0,0,0,0
8785,0,0,1,0,0,0,0,0,0,1,0,0,0,0,0,0,1,0,0,0,0
8786,0,0,0,0,0,0,0,0,0,0,0,0,0,0,0,0,0,0,0,0,0
8787,11,11,10,8,6,8,9,11,11,10,8,6,8,9,11,11,9,7,6,8,8
8788,1,1,1,1,1,0,1,1,1,1,1,1,0,1,1,1,1,1,1,1,1
8789,15,17,18,16,14,12,13,16,18,19,17,15,12,12,15,17,18,16,14,12,12
8790,0,0,0,0,0,0,0,0,0,0,0,0,0,0,0,0,0,0,0,0,0
8791,21,24,25,22,19,18,18,21,24,25,22,19,18,18,21,24,25,22,19,18,18
8792,23,26,24,23,19,15,18,23,27,24,22,19,15,17,21,24,22,20,17,14,17
8793,2,2,3,2,2,2,2,2,2,3,2,2,2,2,2,2,3,2,2,2,2
8794,0,0,0,0,0,0,0,0,0,0,0,0,0,0,0,0,0,0,0,0,0
8795,1,1,1,1,1,1,1,1,1,1,1,1,1,1,1,1,1,1,1,1,1
8796,0,0,0,0,0,0,0,0,0,0,0,0,0,0,0,0,0,0,0,0,0
8797,0,0,0,0,0,0,0,0,0,0,0,0,0,0,0,0,0,0,0,0,0
8798,0,0,0,0,0,0,0,0,0,0,0,0,0,0,0,0,0,0,0,0,0
8799,0,0,0,0,0,0,0,0,0,0,0,0,0,0,0,0,0,0,0,0,0
8800,0,0,0,0,0,0,0,0,0,0,1,1,2,3,3,3,2,2,2,3,3
8801,0,0,0,0,0,0,0,0,0,0,0,0,0,0,0,0,0,0,0,0,0
8802,0,0,0,0,0,0,0,0,0,0,0,0,0,0,0,0,0,0,0,0,0
8803,0,0,0,0,0,0,0,0,0,0,0,0,0,0,0,0,0,0,0,0,0
8804,1,1,0,0,0,0,1,1,1,0,0,0,0,1,1,1,0,0,0,0,1
8805,0,0,0,0,0,0,0,0,0,0,0,0,0,0,0,0,0,0,0,0,0
8806,0,0,0,0,0,0,0,0,0,0,0,0,0,0,0,0,0,0,0,0,0
8807,0,0,0,0,0,0,0,0,0,0,0,0,0,0,0,0,0,0,0,0,0
8808,0,0,0,0,0,0,0,0,0,0,0,0,0,0,0,0,0,0,0,0,0
8809,1,1,1,1,1,1,0,0,0,1,1,1,1,0,0,0,1,1,1,0,0
8810,3,3,4,4,3,3,2,3,4,4,3,3,3,2,3,4,4,3,3,3,3
8811,2,2,3,2,2,1,2,2,2,3,2,2,2,2,3,3,3,2,2,2,2
8812,7,7,7,6,5,4,4,7,7,6,6,5,4,4,6,6,6,5,5,4,4
8813,0,0,0,0,0,0,0,0,0,0,0,0,0,0,0,0,0,0,0,0,0
8814,0,0,0,0,0,1,1,1,1,1,1,1,1,1,1,1,1,1,1,1,1
8815,0,0,0,0,0,0,0,0,0,0,0,0,0,0,0,0,0,0,0,0,0
8816,0,0,0,0,0,0,0,0,0,0,0,0,0,0,0,0,0,0,0,0,0
8817,8,7,6,4,4,4,5,6,6,6,5,4,5,6,8,9,9,8,8,9,10
8818,0,0,0,0,0,0,0,0,0,0,0,0,0,0,0,0,0,0,0,0,0
8819,0,0,0,0,0,0,0,0,0,0,0,0,0,0,0,0,0,0,0,0,0
8820,0,0,0,0,0,0,0,0,0,0,0,0,0,0,0,0,0,0,0,0,0
8821,2,2,2,1,1,1,1,1,1,1,1,1,1,1,1,1,1,1,1,1,2
8822,0,0,0,0,0,0,0,0,0,0,0,0,0,0,1,1,1,1,0,1,1
8823,1,1,1,1,1,1,1,1,1,1,1,1,1,1,1,1,1,1,1,1,1
8824,0,0,0,0,0,0,0,0,0,0,0,0,0,0,0,0,0,0,0,0,0
8825,0,0,0,0,0,0,0,0,0,0,0,0,0,0,0,0,0,0,0,0,0
8826,0,0,0,0,0,0,0,0,0,0,0,0,0,0,0,0,0,0,0,0,0
8827,55,62,66,62,56,48,47,57,68,75,71,64,54,52,60,65,67,62,56,48,47
8828,2,2,2,2,2,2,2,2,2,2,2,2,2,2,2,2,2,2,2,2,2
8829,0,0,0,0,0,0,0,0,0,0,0,0,0,0,0,0,0,0,0,0,0
8830,0,0,0,0,0,0,0,0,0,0,0,0,0,0,0,0,0,0,0,0,0
8831,18,21,21,22,19,17,15,19,22,21,21,18,16,14,18,22,22,23,20,18,16
8832,0,0,0,0,0,0,0,0,0,0,0,0,0,0,0,0,0,0,0,0,0
8833,8,9,9,8,7,6,7,8,10,9,9,8,7,7,9,11,10,9,8,7,7
8834,2,1,1,1,1,1,1,1,1,1,1,1,1,1,1,2,2,2,1,1,1
8835,2,2,2,2,2,2,2,2,2,2,2,2,2,2,2,2,2,2,2,2,2
8836,0,0,0,0,0,0,0,0,0,0,0,0,0,0,0,0,0,0,0,0,0
8837,0,0,0,0,0,0,0,0,0,0,0,0,0,0,0,0,0,0,0,0,0
8838,0,0,0,0,0,0,0,0,0,0,0,0,0,0,0,0,0,0,0,0,0
8839,0,0,0,0,0,0,0,0,0,0,0,0,0,0,0,0,0,0,0,0,0
8840,0,0,0,0,0,0,0,0,0,0,0,0,0,0,0,0,0,0,0,0,0
8841,0,0,0,0,0,0,0,0,0,0,0,0,0,0,0,0,0,0,0,0,0
8842,0,0,0,0,0,0,0,0,0,0,0,0,0,0,0,0,0,0,0,0,0
8843,2,2,2,1,1,1,1,2,2,2,2,1,1,1,2,2,2,2,1,1,1
8844,0,0,0,0,0,0,0,0,0,0,0,0,0,0,0,0,0,0,0,0,0
8845,0,0,0,0,0,0,0,0,0,0,0,0,0,0,0,0,0,0,0,0,0
8846,2,2,2,2,1,2,2,2,2,2,2,1,2,2,2,2,2,2,1,2,2
8847,0,0,0,0,0,0,0,0,0,0,0,0,0,0,0,0,0,0,0,0,0
8848,0,0,0,0,0,0,0,0,0,0,0,0,0,0,0,0,0,0,0,0,0
8849,0,0,0,0,0,0,0,0,0,0,0,0,0,0,0,0,0,0,0,0,0
8850,2,2,2,2,1,1,1,2,2,2,2,1,1,1,2,2,2,2,1,1,1
8851,2,2,2,2,2,2,2,2,2,2,2,2,2,2,2,2,2,2,2,2,2
8852,0,0,0,0,0,0,0,0,0,0,0,0,0,0,0,0,0,0,0,0,0
8853,0,0,0,0,0,0,0,0,0,0,0,0,0,0,0,0,0,0,0,0,0
8854,44,45,50,51,42,33,33,39,45,52,56,48,39,39,46,50,55,55,46,38,39
8855,4,4,4,4,4,3,4,4,4,4,4,4,3,4,4,4,4,4,4,3,4
8856,33,31,32,31,25,23,24,27,29,34,34,28,25,25,27,27,29,30,25,23,25
8857,25,26,27,27,24,21,22,25,29,30,30,27,23,23,25,27,26,26,23,20,22
8858,75,75,82,85,72,62,65,81,85,89,90,77,65,67,81,82,86,85,71,60,62
8859,51,58,62,61,52,36,40,49,60,69,70,60,43,46,55,65,70,67,57,41,44
8860,88,81,85,88,76,55,62,81,82,88,89,77,56,61,80,78,84,84,72,52,58
8861,2,2,2,3,3,2,2,2,2,3,4,4,3,3,4,5,5,6,6,6,7
8862,4,4,4,4,4,3,3,4,4,4,4,4,3,3,4,4,4,4,4,3,3
8863,49,43,42,46,39,38,40,43,42,43,49,42,40,42,44,42,42,46,39,38,41
8864,1,1,1,0,0,0,0,1,1,1,0,0,0,0,1,1,1,0,0,0,0
8865,15,14,13,11,9,8,10,12,14,14,12,10,9,10,11,11,9,7,6,6,8
8866,25,28,30,28,25,21,21,24,27,29,26,24,21,22,25,29,31,29,27,24,24
8867,2,3,4,4,4,3,2,2,3,4,3,3,2,2,2,3,4,3,3,2,2
8868,0,0,0,0,0,0,0,0,0,0,0,0,0,0,0,0,0,0,0,0,0
8869,3,3,3,3,3,3,3,3,3,3,3,3,3,3,3,3,3,3,3,3,3
8870,3,4,4,4,3,3,3,3,4,4,4,3,3,3,3,4,4,4,3,3,3
8871,1,1,1,1,1,1,1,1,1,1,1,1,1,1,1,1,1,1,1,1,1
8872,0,1,1,1,1,0,0,0,1,1,1,1,0,0,0,1,1,1,1,0,0
8873,2,2,2,2,1,2,2,2,2,2,2,1,2,2,2,2,2,2,1,2,2
8874,1,1,1,1,1,1,1,1,1,1,1,1,1,1,1,1,1,1,1,1,1
8875,0,0,0,0,0,0,0,0,0,0,0,0,0,0,0,0,0,0,0,0,0
8876,41,46,48,42,36,32,33,41,46,48,42,36,32,33,41,46,48,42,36,32,33
8877,6,5,5,4,3,3,4,4,4,5,4,3,3,4,4,4,5,4,3,3,4
8878,2,2,2,2,2,2,2,3,2,2,2,2,2,2,2,2,2,1,1,2,2
8879,10,10,10,9,8,7,8,10,11,11,10,8,7,7,9,11,12,12,11,9,10
8880,3,4,4,4,4,3,3,3,4,4,4,4,3,3,4,4,4,4,4,3,3
8881,2,2,1,1,1,1,1,1,1,1,1,1,1,1,1,1,1,1,1,1,1
8882,19,20,18,16,16,16,17,19,22,20,18,19,18,19,21,21,19,16,15,15,16
8883,1,1,1,1,1,1,1,1,1,1,1,1,1,1,1,1,1,1,1,1,1
8884,3,3,3,3,2,2,2,3,3,3,3,2,2,3,4,4,4,3,3,3,3
8885,2,2,2,2,2,2,2,2,2,2,1,1,1,1,2,2,2,2,1,1,2
8886,0,0,0,0,0,0,0,0,0,0,0,0,0,0,0,0,0,0,0,0,0
8887,1,1,1,1,1,1,0,1,1,1,1,1,1,0,1,1,1,1,1,1,0
8888,2,2,2,2,2,2,2,2,2,2,2,2,2,2,2,3,3,2,2,2,2
8889,5,6,6,6,6,4,4,5,6,6,6,6,4,4,5,6,6,6,6,4,4
8890,22,23,30,32,31,25,15,20,21,29,31,31,25,15,20,22,30,33,32,26,16
8891,2,2,2,2,2,1,2,2,2,3,2,2,1,2,2,3,3,2,2,1,2
8892,3,3,2,2,2,2,2,3,3,2,2,2,2,2,3,3,2,2,2,2,2
8893,0,0,0,0,0,0,0,0,0,0,0,0,0,0,0,0,0,0,0,0,0
8894,0,1,1,1,0,0,0,0,1,1,1,1,0,0,0,1,1,1,1,0,0
8895,2,3,4,2,1,1,1,2,3,4,2,1,1,1,2,3,4,2,1,1,1
8896,0,0,0,0,0,0,0,0,0,0,0,0,0,0,0,0,0,0,0,0,0
8897,0,0,0,0,0,0,0,0,0,0,0,0,0,0,0,0,0,0,0,0,0
8898,0,0,0,0,0,0,0,0,0,0,0,0,0,0,0,0,0,0,0,0,0
8899,0,0,0,0,0,0,0,0,0,0,0,0,0,0,0,0,0,0,0,0,0
8900,31,37,43,43,38,32,29,31,37,43,43,38,32,29,31,37,43,43,38,32,29
8901,3,3,4,3,3,3,3,4,3,3,3,2,2,2,3,2,2,2,2,2,2
8902,0,0,0,0,0,0,0,0,0,0,0,0,0,0,0,0,0,0,0,0,0
8903,2,2,2,2,2,1,1,2,2,2,2,2,1,1,2,2,2,2,2,1,1
8904,0,0,0,0,0,0,0,0,0,0,0,0,0,0,0,0,0,0,0,0,0
8905,0,0,0,0,0,0,0,0,0,0,0,0,0,0,0,0,0,0,0,0,0
8906,1,1,1,1,1,1,1,1,1,1,1,1,1,1,1,1,1,1,1,1,1
8907,2,3,3,2,2,2,2,2,3,3,3,2,2,2,3,4,5,4,3,3,4
8908,0,0,0,0,0,0,0,0,0,0,0,0,0,0,0,0,0,0,0,0,0
8909,1,1,1,1,0,1,1,1,1,1,1,0,1,1,1,1,1,1,0,1,1
8910,1,1,1,1,0,1,1,1,1,1,1,0,1,1,1,1,1,1,0,1,1
8911,0,0,2,1,1,0,0,0,0,2,1,1,0,0,0,0,2,1,1,0,0
8912,2,3,3,3,3,2,2,2,3,3,3,3,2,2,2,3,3,3,3,2,2
8913,3,3,3,3,1,2,2,3,3,3,3,1,2,2,3,3,3,3,1,3,2
8914,0,0,0,0,0,0,0,0,0,0,0,0,0,0,0,0,0,0,0,0,0
8915,2,2,1,1,1,1,1,2,2,1,1,1,1,1,2,2,2,1,1,1,1
8916,1,1,1,1,1,1,1,1,1,1,1,1,1,1,1,1,1,1,1,1,1
8917,0,0,0,0,0,0,0,0,0,0,0,0,0,0,0,0,0,0,0,0,0
8918,0,0,0,0,0,0,0,0,0,0,0,0,0,0,0,0,0,0,0,0,0
8919,0,0,0,0,0,0,0,0,0,0,0,0,0,0,0,0,0,0,0,0,0
8920,0,0,0,0,0,0,0,0,0,0,0,0,0,0,0,0,0,0,0,0,0
8921,0,0,0,0,0,0,0,0,0,0,0,0,0,0,0,0,0,0,0,0,0
8922,0,0,0,0,0,0,0,0,0,0,0,0,0,0,0,0,0,0,0,0,0
8923,0,0,0,0,0,0,0,0,0,0,0,0,0,0,0,1,0,0,0,1,1
8924,0,0,0,0,0,0,0,0,0,0,0,0,0,0,0,0,0,0,0,0,0
8925,0,0,0,0,0,0,0,0,0,0,0,0,0,0,0,0,0,0,0,0,0
8926,0,0,0,0,0,0,0,0,0,0,0,0,0,0,0,0,0,0,0,0,0
8927,0,0,0,0,0,0,0,0,0,0,0,0,0,0,0,0,0,0,0,0,0
8928,0,0,0,0,0,0,0,0,0,0,0,0,0,0,0,0,0,0,0,0,0
8929,0,0,0,0,0,0,0,0,0,0,0,0,0,0,0,0,0,0,0,0,0
8930,0,0,0,0,1,0,0,0,0,0,0,1,0,0,0,0,0,0,1,0,0
8931,2,3,3,3,2,2,2,2,3,3,3,2,2,2,2,3,3,3,2,2,2
8932,0,0,0,0,0,0,0,0,0,0,0,0,0,0,0,0,0,0,0,0,0
8933,3,3,2,1,1,2,2,2,2,2,2,2,2,2,2,2,2,1,2,2,2
8934,0,0,0,0,0,0,0,0,0,0,0,0,0,0,0,0,0,0,0,0,0
8935,2,2,2,2,2,1,1,2,2,2,2,2,1,1,2,2,2,2,2,1,2
8936,1,1,1,1,1,1,1,1,1,1,1,1,1,1,1,1,1,1,1,1,1
8937,31,37,38,36,30,26,28,36,43,42,38,32,26,27,33,39,38,34,28,25,26
8938,77,81,78,69,59,54,57,72,81,79,69,59,53,54,69,79,80,71,61,55,58
8939,3,3,3,2,2,1,2,3,3,3,2,2,1,2,3,3,3,2,1,1,1
8940,30,28,29,24,19,21,26,33,36,37,31,25,25,28,34,33,32,25,20,21,25
8941,37,38,40,36,33,30,37,33,39,43,39,37,34,40,35,39,42,37,34,31,38
8942,42,48,49,43,39,31,34,43,48,50,45,40,32,34,43,47,48,42,38,31,33
8943,73,91,108,106,85,70,62,70,95,116,114,92,76,65,71,92,109,106,86,72,64
8944,1,1,1,1,1,1,1,1,1,1,1,1,1,1,1,1,1,1,1,1,1
8945,76,85,85,68,62,53,55,78,91,90,71,64,52,53,74,85,84,65,58,48,49
8946,10,10,11,10,8,7,8,11,12,13,12,11,9,10,12,12,11,10,9,7,9
8947,26,29,29,29,23,20,24,26,29,29,29,23,20,24,26,29,29,29,23,20,24
8948,1,0,0,0,0,1,0,1,0,0,0,0,1,0,1,0,0,0,0,1,0
8949,198,208,208,191,159,168,176,208,221,216,187,154,163,170,193,199,189,158,128,142,154
8950,8,8,6,4,4,4,6,8,8,6,4,4,4,6,8,8,6,4,4,4,6
8951,2,2,2,2,1,1,1,2,2,2,2,1,1,1,2,2,2,2,1,1,1
8952,19,21,21,19,15,13,15,21,25,25,22,17,14,15,19,20,19,17,13,11,13
8953,0,1,1,1,0,0,0,0,1,1,1,0,0,0,0,1,1,1,0,0,0
8954,150,184,204,207,155,118,117,140,180,200,197,148,109,106,130,170,195,198,153,119,120
8955,21,19,18,16,13,14,15,19,23,25,23,19,18,18,20,21,21,19,15,15,16
8956,0,1,1,0,0,0,0,0,1,1,0,0,0,0,0,1,1,0,0,0,0
8957,0,0,0,0,0,0,0,0,0,0,0,0,0,0,0,0,0,0,0,0,0
8958,4,5,6,5,5,3,3,4,5,6,5,5,3,3,4,5,6,5,5,3,3
8959,2,2,2,2,2,1,1,2,2,2,2,2,1,1,2,2,2,2,2,1,1
8960,38,51,47,39,33,23,22,38,51,47,39,33,23,22,38,51,47,39,33,23,22
8961,24,24,21,21,19,16,17,22,23,22,22,20,16,18,22,23,21,21,19,16,17
8962,44,38,42,41,34,27,28,38,32,36,36,31,24,26,36,31,35,35,30,23,24
8963,4,5,5,4,4,4,4,5,6,5,5,4,4,4,5,6,5,5,4,4,4
8964,10,10,10,8,7,6,8,8,8,8,6,6,4,6,5,6,6,5,5,4,6
8965,12,12,13,11,9,8,8,12,13,13,11,9,7,7,11,12,12,11,9,8,8
8966,77,82,77,65,62,60,66,79,89,84,71,69,66,71,84,89,83,66,62,60,66
8967,3,4,5,6,4,3,2,3,4,5,6,4,3,2,3,4,5,6,4,3,2
8968,17,21,24,23,17,12,13,16,21,23,23,17,12,13,16,21,23,23,17,12,13
8969,4,4,5,4,3,2,3,4,4,5,4,3,2,3,4,4,5,4,3,2,3
8970,7,7,8,8,7,6,5,7,7,8,8,7,6,5,7,7,8,8,7,6,5
8971,1,1,3,3,4,3,2,1,1,2,3,3,3,2,1,1,2,3,3,3,2
8972,5,4,3,3,3,2,3,3,3,3,3,3,3,2,2,2,2,2,2,1,2
8973,8,11,7,6,4,4,3,8,11,7,6,4,4,3,8,11,7,6,4,4,3
8974,2,3,3,1,1,2,2,2,3,3,1,1,1,2,2,3,2,1,1,1,1
8975,0,0,0,0,0,0,0,0,0,0,0,0,0,0,0,0,0,0,0,0,0
8976,6,6,6,7,7,6,6,7,7,8,8,8,7,7,7,8,8,8,8,7,7
8977,3,4,4,3,3,3,4,3,4,4,3,3,3,4,4,4,4,4,3,3,4
8978,0,3,3,1,1,1,0,0,3,3,1,1,1,0,0,3,3,1,1,0,0
8979,0,0,0,0,0,0,0,0,0,0,0,0,0,0,0,0,0,0,0,0,0
8980,0,0,0,0,0,0,0,0,0,0,0,0,0,0,0,0,0,0,0,0,0
8981,1,1,1,1,1,1,1,2,2,2,2,2,2,2,2,3,3,2,2,2,2
8982,0,0,0,0,1,1,0,0,0,0,0,1,1,0,0,0,0,0,1,1,0
8983,10,10,9,7,8,8,9,11,11,10,8,9,9,10,11,12,10,8,9,8,9
8984,40,47,46,34,25,30,31,40,47,46,34,25,30,31,40,47,46,34,25,30,31
8985,3,3,4,5,5,4,2,3,4,5,6,5,4,2,3,3,4,5,4,4,2
8986,1,1,1,1,1,1,1,1,2,1,1,1,1,1,1,2,2,2,2,1,1
8987,3,4,4,4,3,4,3,3,4,4,4,3,4,3,3,4,4,4,3,4,3
8988,1,2,1,1,1,1,1,1,2,1,1,1,1,1,1,2,1,1,1,1,1
8989,0,0,0,0,0,0,0,0,0,0,0,0,0,0,0,0,0,0,0,0,0
8990,0,0,0,0,0,0,0,0,0,0,0,0,0,0,0,0,0,0,0,0,0
8991,0,0,0,0,0,0,0,0,0,0,0,0,0,0,0,0,0,0,0,0,0
8992,5,7,7,6,6,5,3,5,7,7,7,6,5,3,5,7,7,6,6,5,3
8993,0,0,0,0,0,0,0,0,0,0,0,0,0,0,0,0,0,0,0,0,0
8994,0,0,0,0,0,0,0,0,0,0,0,0,0,0,0,0,0,0,0,0,0
8995,0,0,0,0,0,0,0,0,0,0,0,0,0,0,0,0,0,0,0,0,0
8996,4,4,4,4,5,4,4,5,5,5,5,6,4,4,5,5,5,5,5,4,4
8997,1,1,1,0,0,0,0,1,1,1,0,0,0,0,1,1,1,0,0,0,1
8998,0,0,0,0,1,0,0,0,0,0,0,1,0,0,0,0,0,0,1,0,0
8999,0,1,1,0,1,1,1,1,1,1,1,1,1,1,1,1,1,1,1,1,1
9000,0,0,0,0,0,0,0,0,0,0,0,0,0,0,0,0,0,0,0,0,0
9001,0,0,0,0,0,0,0,0,0,0,0,0,0,0,0,0,0,0,0,0,0
9002,0,0,0,0,0,0,0,0,0,0,0,0,0,0,0,0,0,0,0,0,0
9003,0,0,0,0,0,0,0,0,0,0,0,0,0,0,0,0,0,0,0,0,0
9004,0,1,1,0,0,0,0,0,0,0,0,0,0,0,0,0,0,0,0,0,0
9005,8,9,9,7,5,4,5,5,6,6,4,3,3,3,4,5,6,5,5,4,5
9006,0,0,0,1,1,1,1,0,0,0,1,1,1,1,0,0,0,1,1,1,1
9007,0,0,0,0,0,0,0,0,0,0,0,0,0,0,0,0,0,0,0,0,0
9008,0,0,0,0,0,0,0,0,0,0,0,0,0,0,0,0,0,0,0,0,0
9009,0,0,0,0,0,0,0,0,0,0,0,0,0,0,0,0,0,0,0,0,0
9010,0,1,0,0,0,0,0,0,1,0,0,0,0,0,0,1,0,0,0,0,0
9011,0,0,0,0,0,0,0,0,0,0,0,0,0,0,0,0,0,0,0,0,0
9012,0,0,0,0,0,0,0,0,0,0,0,0,0,0,0,0,0,0,0,0,0
9013,0,0,0,0,0,0,0,0,0,0,0,0,0,0,0,0,0,0,0,0,0
9014,0,1,1,1,1,1,1,0,1,1,1,1,1,1,0,1,1,1,1,1,1
9015,0,0,0,0,0,0,0,0,0,0,0,0,0,0,0,0,0,0,0,0,0
9016,0,0,0,0,0,0,0,0,0,0,0,0,0,0,0,0,0,0,0,0,0
9017,1,1,1,1,1,1,1,1,1,1,1,1,1,1,1,1,1,1,1,1,1
9018,2,0,0,0,0,0,0,2,0,0,0,0,0,0,2,0,0,0,0,0,0
9019,0,0,0,0,0,0,0,0,0,0,0,0,0,0,0,0,0,0,0,0,0
9020,0,0,0,0,0,0,0,0,0,0,0,0,0,0,0,0,0,0,0,0,0
9021,0,0,0,0,0,0,0,0,0,0,0,0,0,0,0,0,0,0,0,0,0
9022,0,0,0,0,0,0,0,0,0,0,0,0,0,0,0,0,0,0,0,0,0
9023,0,0,0,0,0,0,0,0,0,0,0,0,0,0,0,0,0,0,0,0,0
9024,0,0,0,0,0,0,0,0,0,0,0,0,0,0,0,0,0,0,0,0,0
9025,3,3,3,3,3,3,4,4,4,4,4,3,3,3,3,3,2,2,1,1,1
9026,1,1,1,1,0,1,1,1,1,1,1,0,1,1,1,1,1,1,0,1,1
9027,7,9,9,8,7,5,5,7,9,9,8,7,5,5,7,9,9,8,7,5,5
9028,8,10,10,9,7,7,7,9,10,10,9,8,7,8,10,11,11,9,8,8,8
9029,1,1,1,1,1,1,1,1,1,1,1,1,1,1,1,1,1,1,1,1,1
9030,4,3,4,4,4,3,3,4,4,4,4,4,3,3,4,4,4,4,4,3,3
9031,1,2,2,2,1,1,1,1,2,2,2,1,1,1,1,2,2,2,1,1,1
9032,0,0,0,0,0,0,0,0,0,0,0,0,0,0,0,0,0,0,0,0,0
9033,2,2,2,2,1,2,2,2,2,2,2,1,1,1,2,2,2,2,1,1,1
9034,0,0,0,0,0,0,0,0,0,0,0,0,0,0,0,0,0,0,0,0,0
9035,0,0,0,0,0,0,0,0,0,0,0,0,0,0,0,0,0,0,0,0,0
9036,0,0,0,0,0,0,0,0,0,0,0,0,0,0,0,0,0,0,0,0,0
9037,3,4,5,5,4,4,4,4,5,5,5,4,4,4,4,4,5,5,4,3,3
9038,2,2,2,3,3,2,2,3,3,3,3,3,3,3,3,3,3,4,3,3,3
9039,4,4,4,4,3,3,3,4,4,4,3,3,3,3,4,4,4,4,3,3,3
9040,1,1,0,0,0,0,0,1,0,0,0,0,0,0,0,0,0,0,0,0,0
9041,0,0,0,0,0,0,0,0,0,0,0,0,0,0,0,0,0,0,0,0,0
9042,2,2,2,2,2,2,2,2,2,2,2,2,2,2,3,3,3,2,2,2,2
9043,3,3,3,2,2,2,2,3,3,3,2,2,2,2,2,2,2,2,2,2,2
9044,1,1,1,1,1,1,1,1,1,1,1,1,1,1,1,1,1,1,1,1,1
9045,0,0,0,0,0,0,0,0,0,0,0,0,0,0,0,0,0,0,0,0,0
9046,0,0,0,0,0,0,0,0,0,0,0,0,0,0,0,0,0,0,0,0,0
9047,2,2,2,2,2,1,2,2,2,2,2,2,2,2,2,3,3,3,2,2,2
9048,27,27,28,27,22,19,18,24,29,34,33,28,23,21,26,29,31,30,25,21,20
9049,3,3,3,2,2,2,2,3,3,3,2,2,2,2,3,3,3,2,2,2,2
9050,1,1,1,1,0,1,0,1,1,1,1,0,0,0,1,1,1,1,1,1,1
9051,0,0,0,0,0,0,0,0,0,0,0,0,0,0,0,0,0,0,0,0,0
9052,0,0,0,0,0,0,0,0,0,0,0,0,0,0,0,0,0,0,0,0,0
9053,0,0,0,0,0,0,0,0,0,0,0,0,0,0,0,0,0,0,0,0,0
9054,0,0,0,0,0,0,0,0,0,0,0,0,0,0,0,0,0,0,0,0,0
9055,4,4,4,4,4,4,4,4,4,4,5,4,4,4,4,4,4,4,5,4,5
9056,0,0,0,0,0,0,0,0,0,0,0,0,0,0,0,0,0,0,0,0,0
9057,0,0,0,0,0,0,0,1,1,1,1,0,0,0,0,0,0,0,0,0,0
9058,1,2,2,1,1,1,1,1,2,2,1,1,1,1,1,2,2,1,1,1,1
9059,2,2,3,3,2,2,2,2,3,3,3,2,2,2,3,3,3,3,2,2,2
9060,11,11,12,13,10,8,8,12,13,14,14,10,8,8,11,11,12,12,9,8,8
9061,8,8,8,7,6,6,6,8,8,8,7,6,6,6,8,8,8,7,6,6,6
9062,9,10,11,11,9,7,7,9,10,11,11,9,7,6,9,10,11,11,9,7,7
9063,0,0,0,0,0,0,0,0,0,0,0,0,0,0,0,0,0,0,0,0,0
9064,0,0,0,0,0,0,0,0,0,0,0,0,0,0,0,0,0,0,0,0,0
9065,0,0,0,0,0,0,0,0,0,0,0,0,0,0,0,0,0,0,0,0,0
9066,0,0,0,0,0,0,0,0,0,0,0,0,0,0,0,0,0,0,0,0,0
9067,0,0,0,0,0,0,0,0,0,0,0,0,0,0,0,0,0,0,0,0,0
9068,0,0,0,0,0,0,0,0,0,0,0,0,0,0,0,0,0,0,0,0,0
9069,0,0,0,0,0,0,0,0,0,0,0,0,0,0,0,0,0,0,0,0,0
9070,0,0,0,0,0,0,0,0,0,0,0,0,0,0,0,0,0,0,0,0,0
9071,4,4,5,4,5,3,4,4,4,5,5,5,3,4,4,4,5,5,5,3,4
9072,1,0,0,0,0,0,0,1,0,0,0,0,0,0,1,1,0,0,0,0,0
9073,114,123,120,98,80,77,84,108,122,123,102,82,77,82,104,116,115,96,79,76,82
9074,4,6,5,11,7,5,3,5,11,12,16,9,6,3,4,7,6,12,8,6,4
9075,16,17,18,17,17,14,14,16,17,18,17,17,14,14,16,17,18,17,17,14,14
9076,1,1,1,1,1,1,1,1,1,1,1,1,1,1,1,1,1,1,1,1,1
9077,0,0,0,0,0,0,0,0,0,0,0,0,0,0,0,0,0,0,0,0,0
9078,1,1,1,1,1,1,1,1,1,1,1,1,1,1,1,1,1,1,1,1,1
9079,10,11,12,10,10,10,9,10,11,12,10,10,10,9,10,11,12,10,10,10,9
9080,0,0,0,0,0,0,0,0,0,0,0,0,0,0,0,0,0,0,0,0,0
9081,0,0,0,0,0,0,0,0,0,0,0,0,0,0,0,0,0,0,0,0,0
9082,0,0,0,0,0,0,0,0,0,0,0,0,0,0,0,0,0,0,0,0,0
9083,0,0,0,0,0,0,0,0,0,0,0,0,0,0,0,0,0,0,0,0,0
9084,2,1,1,1,1,0,1,2,1,1,1,1,0,1,2,1,1,1,1,0,1
9085,3,3,3,3,3,2,2,3,3,4,3,3,2,2,3,3,4,3,3,2,3
9086,4,4,4,4,4,3,3,4,4,4,4,3,3,3,4,4,4,4,3,3,3
9087,3,5,6,6,5,4,4,4,6,6,6,5,4,4,4,5,5,5,4,4,4
9088,0,0,0,0,0,0,0,0,0,0,0,0,0,0,0,0,0,0,0,0,0
9089,4,5,5,5,3,3,3,4,5,5,5,3,3,3,4,5,5,5,3,3,3
9090,28,33,32,31,29,26,23,28,33,32,31,28,25,23,28,33,32,31,28,25,23
9091,3,2,2,2,2,2,2,3,2,2,2,2,2,2,3,2,2,2,2,2,2
9092,1,1,1,1,1,1,1,1,1,1,1,1,1,1,1,1,1,1,1,1,1
9093,2,1,1,1,1,1,1,2,1,1,1,1,1,1,2,1,1,1,1,1,1
9094,0,0,0,0,0,0,0,0,0,0,0,0,0,0,0,0,0,0,0,0,0
9095,9,9,10,9,7,5,6,8,8,9,9,7,5,6,8,8,10,9,8,6,6
9096,0,0,0,0,0,0,0,0,0,0,0,0,0,0,0,0,0,0,0,0,0
9097,22,22,20,17,17,19,22,21,22,20,18,17,19,22,22,22,20,18,17,19,22
9098,0,0,0,0,0,0,0,0,0,0,0,0,0,0,0,0,0,0,0,0,0
9099,2,2,2,2,2,1,1,2,2,2,2,2,1,1,2,2,2,2,2,1,1
9100,6,7,7,5,4,5,6,6,7,7,5,4,5,6,6,7,7,5,4,5,6
9101,1,1,1,1,1,1,1,1,1,1,1,1,1,1,1,1,1,1,1,1,1
9102,2,1,1,1,1,1,1,2,1,1,1,1,1,1,2,1,1,1,1,1,1
9103,26,29,28,26,25,27,29,26,29,28,25,25,27,29,26,29,28,25,24,27,29
9104,3,4,4,3,3,3,3,4,4,3,3,3,3,3,4,4,4,3,3,3,3
9105,1,2,2,2,2,1,1,1,2,2,2,2,1,1,2,2,2,2,2,2,1
9106,0,0,0,0,0,0,0,0,0,0,0,0,0,0,0,0,0,0,0,0,0
9107,0,0,0,0,0,0,0,0,0,0,0,0,0,0,0,0,0,0,0,0,0
9108,0,0,0,0,0,0,0,0,0,0,0,0,0,0,0,0,0,0,0,0,0
9109,0,0,0,0,0,0,0,0,0,0,0,0,0,0,0,0,0,0,0,0,0
9110,2,2,2,2,1,1,1,2,2,2,2,1,1,1,2,2,2,2,1,1,1
9111,7,8,6,6,7,7,7,7,8,6,6,7,7,7,7,8,6,6,7,7,7
9112,45,74,79,61,42,29,27,41,70,77,61,43,30,28,42,71,77,60,42,30,29
9113,2,2,2,2,2,2,2,2,2,2,2,2,2,2,2,2,2,2,2,2,2
9114,5,5,5,5,4,4,4,5,5,5,5,4,4,4,5,5,5,5,4,4,4
9115,0,0,0,0,0,0,0,0,0,0,0,0,0,0,0,0,0,0,0,0,0
9116,15,17,15,11,7,6,6,9,16,24,21,13,8,8,10,14,17,15,11,9,8
9117,1,1,1,1,1,1,1,1,1,1,1,1,1,1,1,1,1,1,1,1,1
9118,0,0,0,0,0,0,0,0,0,0,0,0,0,0,0,0,0,0,0,0,0
9119,0,0,0,0,0,0,0,0,0,0,0,0,0,0,0,0,0,0,0,0,0
9120,0,0,0,0,0,0,0,0,0,0,0,0,0,0,0,0,0,0,0,0,0
9121,73,89,75,58,45,42,65,73,89,75,58,45,42,65,73,89,75,58,45,42,65
9122,0,0,0,0,0,0,0,0,0,0,0,0,0,0,0,0,0,0,0,0,0
9123,0,0,0,0,0,0,0,0,0,0,0,0,0,0,0,0,0,0,0,0,0
9124,2,3,2,2,1,1,1,2,3,2,2,1,1,1,2,3,2,2,1,1,1
9125,241,246,267,253,222,193,201,250,258,272,255,225,193,200,250,255,271,250,219,189,198
9126,49,46,48,57,48,49,56,56,52,51,57,49,48,53,54,51,50,55,48,48,55
9127,0,0,0,0,0,0,0,0,0,0,0,0,0,0,0,0,0,0,0,0,0
9128,6,8,7,8,5,5,5,7,8,8,9,5,5,5,7,8,8,8,5,5,5
9129,6,7,7,8,7,6,6,7,7,7,8,7,6,6,6,7,7,8,7,6,6
9130,7,9,10,10,8,7,5,6,9,10,10,9,7,5,7,9,9,10,8,7,5
9131,2,2,2,1,1,1,1,2,2,2,1,1,1,1,2,2,2,1,1,1,1
9132,4,3,3,3,3,3,3,3,3,3,3,3,3,3,3,3,3,3,3,3,3
9133,0,0,0,0,0,0,0,0,0,0,0,0,0,0,0,0,0,0,0,0,0
9134,0,0,0,0,0,0,0,0,0,0,0,0,0,0,0,0,0,0,0,0,0
9135,1,1,1,1,1,1,1,1,1,1,1,1,1,0,1,1,1,1,1,1,1
9136,0,0,0,0,0,0,0,0,0,0,0,0,0,0,0,0,0,0,0,0,0
9137,0,0,0,0,0,0,0,0,0,0,0,0,0,0,0,0,0,0,0,0,0
9138,0,0,0,0,0,0,0,0,0,0,0,0,0,0,0,0,0,0,0,0,0
9139,0,0,0,0,0,0,0,0,0,0,0,0,0,0,0,0,0,0,0,0,0
9140,0,0,0,0,0,0,0,0,0,0,0,0,0,0,0,0,0,0,0,0,0
9141,2,2,2,3,1,1,1,2,3,3,3,2,1,1,2,3,3,3,2,1,1
9142,0,0,0,0,0,0,0,0,0,0,0,0,0,0,0,0,0,0,0,0,0
9143,0,0,0,0,0,0,0,0,0,0,0,0,0,0,0,0,0,0,0,0,0
9144,0,0,0,0,0,0,0,0,0,0,0,0,0,0,0,0,0,0,0,0,0
9145,0,0,0,0,0,0,0,0,0,0,0,0,0,0,0,0,0,0,0,0,0
9146,0,0,0,0,0,0,0,0,0,0,0,0,0,0,0,0,0,0,0,0,0
9147,0,0,0,0,0,0,0,0,0,0,0,0,0,0,0,0,0,0,0,0,0
9148,0,0,0,0,0,0,0,0,0,0,0,0,0,0,0,0,0,0,0,0,0
9149,0,0,0,0,0,0,0,0,0,0,0,0,0,0,0,0,0,0,0,0,0
9150,0,0,0,0,0,0,0,0,0,0,0,0,0,0,0,0,0,0,0,0,0
9151,0,0,0,0,0,0,0,0,0,0,0,0,0,0,0,0,0,0,0,0,0
9152,0,0,0,0,0,0,0,0,0,0,0,0,0,0,0,0,0,0,0,0,0
9153,0,0,0,0,0,0,0,0,0,0,0,0,0,0,0,0,0,0,0,0,0
9154,0,0,0,0,0,0,0,0,0,0,0,0,0,0,0,0,0,0,0,0,0
9155,0,0,0,0,0,0,0,0,0,0,0,0,0,0,0,0,0,0,0,0,0
9156,3,3,3,2,2,3,4,4,4,4,3,3,3,4,4,4,3,3,2,3,3
9157,0,0,0,0,0,0,0,0,0,0,0,0,0,0,0,0,0,0,0,0,0
9158,2,2,2,2,1,1,1,2,2,2,2,1,1,1,2,2,2,2,1,1,1
9159,0,0,0,0,0,0,0,0,0,0,0,0,0,0,0,0,0,0,0,0,0
9160,0,0,0,0,0,0,0,0,0,0,0,0,0,0,0,0,0,0,0,0,0
9161,0,0,0,0,0,0,0,0,0,0,0,0,0,0,0,0,0,0,0,0,0
9162,6,6,7,5,5,5,5,6,6,7,5,5,5,5,6,6,7,5,5,5,5
9163,0,0,0,0,0,0,0,0,0,0,0,0,0,0,0,0,0,0,0,0,0
9164,1,1,0,0,0,1,1,1,1,0,0,0,1,1,1,1,0,0,0,1,1
9165,26,22,23,19,18,21,20,26,22,23,20,18,21,20,26,22,23,19,18,21,20
9166,2,2,2,2,1,2,2,2,2,2,2,1,2,2,2,2,2,2,1,2,2
9167,17,15,16,13,12,15,16,18,16,16,13,13,15,16,17,15,15,12,12,14,15
9168,13,14,15,13,11,10,10,12,13,14,12,10,9,10,12,14,15,13,11,10,11
9169,10,13,12,10,8,7,7,10,13,12,10,8,7,7,10,13,12,10,8,7,7
9170,60,62,62,56,51,45,48,60,62,62,56,51,45,48,60,62,62,56,51,45,48
9171,38,40,41,39,37,35,35,43,46,47,45,42,38,38,45,44,42,38,35,33,35
9172,72,80,89,76,71,62,65,76,84,93,79,73,63,67,78,86,93,78,71,62,66
9173,0,0,0,0,0,0,0,0,0,0,0,0,0,0,0,0,0,0,0,0,0
9174,16,24,37,31,22,12,14,18,27,39,32,22,11,12,15,23,36,30,22,11,12
9175,21,28,35,32,23,16,14,22,29,36,34,24,17,16,25,31,36,33,23,16,15
9176,0,1,1,1,1,1,0,0,1,1,1,1,1,0,0,1,1,1,1,1,0
9177,0,1,0,0,0,0,0,0,1,0,0,0,0,0,0,1,0,0,0,0,0
9178,0,0,0,0,0,0,0,0,0,0,0,0,0,0,0,0,0,0,0,0,0
9179,0,0,0,0,0,0,0,0,0,0,0,0,0,0,0,0,0,0,0,0,0
9180,3,3,4,3,3,2,2,3,4,4,3,3,3,3,3,4,4,3,3,3,3
9181,1,1,1,0,0,0,0,1,1,1,0,0,0,0,1,1,1,0,0,0,0
9182,17,17,17,17,15,13,15,18,20,20,19,16,14,14,17,17,16,15,13,11,12
9183,0,0,0,0,0,0,0,0,0,0,0,0,0,0,0,0,0,0,0,0,0
9184,7,8,6,5,4,3,4,7,9,7,6,5,4,5,8,10,8,7,5,4,5
9185,0,0,0,0,0,0,0,0,0,0,0,0,0,0,0,0,0,0,0,0,0
9186,2,2,2,2,2,2,2,3,3,3,2,2,2,2,3,3,3,3,2,2,2
9187,0,0,0,0,0,0,1,1,1,1,1,1,1,1,1,1,1,1,1,1,1
9188,1,1,1,0,0,0,1,1,1,1,0,0,1,1,1,1,1,1,0,1,1
9189,1,1,1,1,1,1,1,1,1,1,1,1,1,1,1,1,1,1,1,1,1
9190,1,1,0,0,0,0,0,1,1,0,0,0,0,0,1,1,0,0,0,0,1
9191,0,0,0,0,0,0,0,0,0,0,0,0,0,0,0,0,0,0,0,0,0
9192,36,34,32,29,27,30,32,34,33,31,28,27,30,31,34,33,31,28,27,30,31
9193,0,0,0,0,0,0,0,0,0,0,0,0,0,0,0,0,0,0,0,0,0
9194,0,0,0,0,0,0,0,0,0,0,0,0,0,0,0,0,0,0,0,0,0
9195,2,3,2,3,2,2,2,2,3,2,3,2,2,2,2,3,2,3,2,2,2
9196,16,15,23,6,10,18,13,16,15,23,6,10,18,13,16,15,23,6,10,18,13
9197,55,51,53,49,45,43,46,52,52,55,50,46,44,46,51,49,52,46,43,42,46
9198,0,0,0,0,0,0,0,0,0,0,0,0,0,0,0,0,0,0,0,0,0
9199,0,0,0,0,0,0,0,0,0,0,0,0,0,0,0,0,0,0,0,0,0
9200,0,0,0,0,0,0,0,0,0,0,0,0,0,0,0,0,0,0,0,0,0
9201,0,0,0,0,0,0,0,0,0,0,0,0,0,0,0,0,0,0,0,0,0
9202,2,2,2,2,2,2,2,2,2,2,2,2,2,2,2,2,2,2,2,2,2
9203,0,0,0,0,0,0,0,0,0,0,0,0,0,0,0,0,0,0,0,0,0
9204,0,0,0,0,0,0,0,0,0,0,0,0,0,0,0,0,0,0,0,0,0
9205,0,0,0,0,0,0,0,0,0,0,0,0,0,0,0,0,0,0,0,0,0
9206,159,196,194,155,91,75,92,158,198,198,160,94,77,92,154,191,190,152,89,73,89
9207,14,14,21,18,14,9,10,14,14,21,18,14,9,10,14,14,21,18,14,9,10
9208,0,0,0,0,0,0,0,0,0,0,0,0,0,0,0,0,0,0,0,0,0
9209,0,0,0,0,0,0,0,0,0,0,0,0,0,0,0,0,0,0,0,0,0
9210,1,1,1,1,1,1,1,1,1,1,1,1,1,1,1,1,1,1,1,1,1
9211,5,6,7,6,4,3,3,5,6,7,6,4,3,3,5,6,7,6,5,3,3
9212,38,33,34,35,33,32,32,38,33,34,35,33,32,32,38,33,34,35,33,32,32
9213,1,1,1,1,2,1,1,1,2,2,2,2,2,1,2,2,2,2,2,2,1
9214,34,33,32,29,28,27,27,34,33,33,29,28,27,27,34,33,33,29,28,28,28
9215,1,1,1,1,1,1,1,1,1,1,1,1,1,1,1,1,1,1,1,1,1
9216,0,0,0,0,0,0,0,0,0,0,0,0,0,0,0,0,0,0,0,0,0
9217,0,0,0,0,0,0,0,0,0,0,0,0,0,0,0,0,0,0,0,0,0
9218,0,0,0,0,0,0,0,0,0,0,0,0,0,0,0,0,0,0,0,0,0
9219,8,9,9,7,5,3,3,4,7,8,7,5,4,4,5,6,7,6,4,3,3
9220,9,11,12,11,10,8,8,10,12,12,11,10,8,8,10,11,11,10,9,8,8
9221,16,18,19,17,16,14,14,16,18,19,17,16,14,14,16,18,19,17,16,14,14
9222,0,0,0,0,0,0,0,0,0,0,0,0,0,0,0,0,0,0,0,0,0
9223,0,0,0,0,0,0,0,0,0,0,0,0,0,0,0,0,0,0,0,0,0
9224,0,0,0,0,0,0,0,0,0,0,0,0,0,0,0,0,0,0,0,0,0
9225,0,0,0,0,0,0,0,1,1,1,1,1,1,1,1,1,1,1,1,1,1
9226,0,0,0,0,0,0,0,0,0,0,0,0,0,0,0,0,0,0,0,0,0
9227,0,0,0,0,0,0,0,0,0,0,0,0,0,0,0,0,0,0,0,0,0
9228,0,0,0,0,0,0,0,0,0,0,0,0,0,0,0,0,0,0,0,0,0
9229,0,0,0,0,0,0,0,0,0,0,0,0,0,0,0,0,0,0,0,0,0
9230,0,0,0,0,0,0,0,0,0,0,0,0,0,0,0,0,0,0,0,0,0
9231,0,0,0,0,0,0,0,0,0,0,0,0,0,0,0,0,0,0,0,0,0
9232,0,0,0,0,0,0,0,0,0,0,0,0,0,0,0,0,0,0,0,0,0
9233,0,0,0,0,0,0,0,0,0,0,0,0,0,0,0,0,0,0,0,0,0
9234,0,0,0,0,0,0,0,0,0,0,0,0,0,0,0,0,0,0,0,0,0
9235,1,2,2,2,2,2,2,1,2,2,2,2,2,2,2,2,2,2,2,2,2
9236,0,0,0,0,0,0,0,0,0,0,0,0,0,0,0,0,0,0,0,0,0
9237,1,1,1,1,1,1,1,1,1,1,1,1,1,1,1,1,1,1,1,1,1
9238,1,2,2,2,2,1,1,2,2,2,2,2,2,1,2,2,2,3,2,2,2
9239,8,6,7,6,6,7,7,8,6,7,6,6,7,7,8,6,7,6,6,7,7
9240,8,8,8,7,6,6,7,8,8,7,7,6,6,7,8,9,8,8,6,7,7
9241,24,27,28,27,23,20,20,24,27,28,27,23,20,20,24,27,28,27,23,20,20
9242,1,2,1,1,1,1,1,1,2,1,1,1,1,1,1,2,1,1,1,1,1
9243,1,1,1,1,1,1,1,1,1,1,1,1,1,1,1,1,1,1,1,1,1
9244,5,5,5,5,4,4,4,5,5,5,5,4,4,4,5,5,5,5,4,4,4
9245,29,30,30,24,21,19,21,27,31,34,29,25,23,24,29,31,30,24,20,19,21
9246,2,2,2,2,1,1,1,2,2,2,2,1,1,1,2,2,2,2,1,1,1
9247,1,1,1,1,1,0,1,1,1,1,1,1,0,1,1,1,1,1,1,0,1
9248,3,3,3,3,3,2,2,3,3,3,3,3,2,2,3,3,3,3,3,2,2
9249,5,5,5,4,3,2,3,5,5,6,6,5,4,4,6,6,6,5,4,4,5
9250,0,0,0,0,0,0,0,0,0,0,0,0,0,0,0,0,0,0,0,0,0
9251,0,0,0,0,0,0,0,0,0,0,0,0,0,0,0,0,0,0,0,0,0
9252,1,2,2,2,1,1,1,1,2,2,2,1,1,1,1,2,2,2,1,1,1
9253,0,1,1,1,1,0,0,0,1,1,1,1,0,0,0,1,1,1,1,0,0
9254,1,1,1,1,0,0,0,1,1,1,1,0,0,0,1,1,1,1,0,0,0
9255,8,8,8,6,5,3,4,5,6,7,6,5,3,4,5,5,6,5,5,4,4
9256,6,5,3,3,3,2,2,3,3,3,3,2,2,2,3,3,3,3,2,2,2
9257,1,1,1,1,1,1,1,1,1,1,1,1,1,1,1,1,1,1,1,1,1
9258,2,3,3,2,2,1,1,2,2,2,1,1,1,1,2,3,2,2,2,2,2
9259,11,11,11,10,9,9,10,11,12,13,12,11,10,11,12,12,12,10,9,9,10
9260,7,7,6,5,5,4,4,6,6,6,5,5,4,4,6,6,6,5,5,4,4
9261,1,2,1,1,1,1,1,1,1,1,1,1,1,1,1,1,1,1,1,1,1
9262,5,6,6,6,5,5,5,5,6,6,6,5,5,5,5,6,6,6,5,5,5
9263,0,0,0,0,0,0,0,0,0,0,0,0,0,0,0,0,0,0,0,0,0
9264,2,2,1,2,1,1,1,2,2,1,2,1,1,1,2,2,1,2,1,1,1
9265,0,0,0,0,0,0,0,0,0,0,0,0,0,0,0,0,0,0,0,0,0
9266,8,9,8,6,6,6,6,8,9,8,6,5,6,6,8,9,8,6,5,6,6
9267,0,0,0,0,0,0,0,0,0,0,0,0,0,0,0,0,0,0,0,0,0
9268,29,30,29,26,22,22,26,29,30,29,26,22,22,26,29,30,29,26,22,22,26
9269,1,2,2,2,2,1,1,1,2,2,2,2,1,1,1,2,2,2,2,1,1
9270,0,0,0,0,0,0,0,0,0,0,0,0,0,0,0,0,0,0,0,0,0
9271,2,2,2,2,2,1,1,2,2,2,2,2,1,1,2,2,2,2,2,1,1
9272,3,3,3,2,2,1,2,3,3,3,2,2,1,2,3,3,3,2,2,1,2
9273,0,0,0,0,0,0,0,0,0,0,0,0,0,0,0,0,0,0,0,0,0
9274,0,0,0,0,0,0,0,0,0,0,0,0,0,0,0,0,0,0,0,0,0
9275,8,8,8,7,5,4,7,8,8,8,7,5,4,7,7,8,8,7,5,4,7
9276,10,10,9,7,6,4,5,8,8,8,7,5,4,5,8,9,9,7,6,5,5
9277,2,2,2,3,3,3,2,2,2,2,3,3,3,2,2,2,2,3,3,3,2
9278,12,14,13,10,9,9,7,11,13,13,10,9,8,7,11,13,12,10,9,8,7
9279,6,7,6,5,4,3,4,4,6,5,4,4,3,3,4,5,5,4,3,3,3
9280,0,0,0,0,0,0,0,0,0,0,0,0,0,0,0,0,0,0,0,0,0
9281,1,0,1,0,1,0,1,1,0,1,0,1,0,1,1,0,1,0,1,0,1
9282,0,1,1,0,0,0,0,1,1,1,0,0,0,0,1,1,1,1,1,1,1
9283,7,9,9,8,5,3,2,7,9,9,8,5,3,2,7,9,9,8,5,3,2
9284,0,0,0,0,0,0,0,0,0,0,0,0,0,0,0,0,0,0,0,0,0
9285,0,0,0,0,0,0,0,0,0,0,0,0,0,0,0,0,0,0,0,0,0
9286,2,3,2,2,2,2,2,2,3,2,2,2,2,2,2,3,2,2,2,2,2
9287,0,0,0,0,0,0,0,0,0,0,0,0,0,1,1,1,1,1,1,1,1
9288,0,0,0,0,0,0,0,0,0,0,0,0,0,0,0,0,0,0,0,0,0
9289,0,0,0,0,0,0,0,0,0,0,0,0,0,0,0,0,0,0,0,0,0
9290,0,0,0,0,0,1,1,0,1,1,0,0,1,1,1,1,1,1,1,1,1
9291,0,0,0,0,0,0,0,0,0,0,0,0,0,0,0,0,0,0,0,0,0
9292,1,1,1,1,1,0,0,1,1,1,1,1,0,0,1,1,1,1,1,1,0
9293,1,0,1,1,1,0,1,1,0,1,1,1,1,1,1,1,1,2,2,2,2
9294,1,1,1,1,1,1,1,1,1,1,1,1,1,1,1,1,1,1,1,1,1
9295,0,0,0,0,0,0,0,0,0,0,0,0,0,0,0,0,0,0,0,0,0
9296,0,0,0,0,0,0,0,0,0,0,0,0,0,0,0,0,0,0,0,0,0
9297,0,0,0,0,0,0,0,0,0,0,0,0,0,0,0,0,0,0,0,0,0
9298,0,0,0,0,0,0,0,0,0,0,0,0,0,0,0,0,0,0,0,0,0
9299,0,0,0,0,0,0,0,0,0,0,0,0,0,0,0,0,0,0,0,0,0
9300,0,0,0,0,0,0,0,0,0,0,0,0,0,0,0,0,0,0,0,0,0
9301,0,0,0,0,0,0,0,0,0,0,0,0,0,0,0,0,0,0,0,0,0
9302,0,0,0,0,0,0,0,0,0,0,0,0,0,0,0,0,0,0,0,0,0
9303,0,0,0,0,0,0,0,0,0,0,0,0,0,0,0,0,0,0,0,0,0
9304,0,0,0,0,0,0,0,0,0,0,0,0,0,0,0,0,0,0,0,0,0
9305,0,0,0,0,0,0,0,0,0,0,0,0,0,0,0,0,0,0,0,0,0
9306,0,0,0,0,0,0,0,0,0,0,0,0,0,0,0,0,0,0,0,0,0
9307,0,0,0,0,0,0,0,0,0,0,0,0,0,0,0,0,0,0,0,0,0
9308,0,0,0,0,0,0,0,0,0,0,0,0,0,0,0,0,0,0,0,0,0
9309,0,0,0,0,0,0,0,0,0,0,0,0,0,0,0,0,0,0,0,0,0
9310,0,0,0,0,0,0,0,0,0,0,0,0,0,0,0,0,0,0,0,0,0
9311,0,0,0,0,0,0,0,0,0,0,0,0,0,0,0,0,0,0,0,0,0
9312,0,0,0,0,0,0,0,0,0,0,0,0,0,0,0,0,0,0,0,0,0
9313,0,0,0,0,0,0,0,0,0,0,0,0,0,0,0,0,0,0,0,0,0
9314,0,1,0,1,0,1,0,1,1,1,1,0,1,0,1,1,1,1,1,1,1
9315,0,0,0,0,0,0,0,0,0,0,0,0,0,0,0,0,0,0,0,0,0
9316,0,0,0,0,0,0,0,0,0,0,0,0,0,0,0,0,0,0,0,0,0
9317,0,0,0,0,0,0,0,0,0,0,0,0,0,0,0,0,0,0,0,0,0
9318,0,0,0,0,0,0,0,0,0,0,0,0,0,0,0,0,0,0,0,0,0
9319,0,0,0,0,0,0,0,0,0,0,0,0,0,0,0,0,0,0,0,0,0
9320,1,1,1,1,1,1,1,1,1,1,1,1,1,1,1,1,1,1,1,1,1
9321,1,1,1,1,1,1,1,1,2,2,1,1,1,1,1,2,1,1,1,1,1
9322,0,0,0,0,0,0,0,0,0,0,0,0,0,0,0,0,0,0,0,0,0
9323,1,1,1,1,1,1,1,1,1,1,1,1,1,1,1,1,1,1,1,1,1
9324,1,1,1,1,0,0,0,1,1,1,1,0,0,0,1,1,1,1,0,0,0
9325,5,5,4,4,3,3,4,5,5,4,4,3,3,4,5,5,4,4,3,3,4
9326,0,0,0,0,0,0,0,0,0,0,0,0,0,0,0,0,0,0,0,0,0
9327,2,2,2,2,2,1,1,2,2,2,2,2,1,1,2,2,2,2,2,1,2
9328,4,4,5,5,4,3,3,4,4,5,5,4,3,3,4,4,5,5,4,3,3
9329,0,0,0,0,0,0,0,0,0,0,0,0,0,0,0,0,0,0,0,0,0
9330,0,0,0,0,0,0,0,0,0,0,0,0,0,0,0,0,0,0,0,0,0
9331,0,0,0,0,0,0,0,0,0,0,0,0,0,0,0,0,0,0,0,0,0
9332,0,0,0,0,0,0,0,0,0,0,0,0,0,0,0,0,0,0,0,0,0
9333,0,0,0,0,0,0,0,0,0,0,0,0,0,0,0,0,0,0,0,0,0
9334,0,0,0,0,0,0,0,0,0,0,0,0,0,0,0,0,0,0,0,0,0
9335,1,1,1,1,0,0,1,1,1,1,1,0,0,1,1,1,1,1,1,1,1
9336,0,0,0,0,0,0,0,0,0,0,0,0,0,0,0,0,0,0,0,0,0
9337,0,0,0,0,0,0,0,0,0,0,0,0,0,0,0,0,0,0,0,0,0
9338,0,0,0,0,0,0,0,0,0,0,0,0,0,0,0,0,0,0,0,0,0
9339,29,33,32,30,27,22,23,27,34,35,33,31,26,27,31,36,34,30,28,23,24
9340,0,0,0,0,0,0,0,0,0,0,0,0,0,0,0,0,0,0,0,0,0
9341,0,0,0,0,0,0,0,0,0,0,0,0,0,0,0,0,0,0,0,0,0
9342,5,5,4,4,3,3,3,4,4,3,4,3,2,4,5,5,4,4,3,3,4
9343,0,0,0,0,1,1,0,0,0,0,0,1,1,0,0,0,0,0,1,1,1
9344,7,7,7,6,7,5,5,7,7,7,6,7,5,5,7,7,7,6,8,6,6
9345,3,3,3,3,3,3,3,3,3,3,3,3,3,3,3,3,3,3,3,3,3
9346,13,12,10,9,10,9,10,13,12,10,9,10,9,10,13,12,10,9,10,9,10
9347,2,2,3,2,2,3,3,2,2,2,2,2,2,2,2,2,2,2,2,2,2
9348,11,14,15,12,12,10,11,11,14,15,12,12,10,11,12,14,15,12,12,10,11
9349,1,1,1,1,1,1,1,1,1,1,1,1,1,1,1,1,1,1,1,1,1
9350,1,1,1,1,1,1,1,1,1,1,1,1,1,1,1,1,1,1,1,1,1
9351,1,1,0,1,1,0,0,1,1,0,1,1,0,0,1,1,0,1,1,0,0
9352,0,0,0,0,0,0,0,0,0,0,0,0,0,0,0,0,0,0,0,0,0
9353,0,0,0,0,0,0,0,0,0,0,0,0,0,0,0,0,0,0,0,0,0
9354,0,0,0,0,0,0,0,0,0,0,0,0,0,0,0,0,0,0,0,0,0
9355,0,0,0,0,0,0,0,0,0,0,0,0,0,0,0,0,0,0,0,0,0
9356,0,0,0,0,0,0,0,0,0,0,0,0,0,0,0,0,0,0,0,0,0
9357,0,0,0,0,0,0,0,0,0,0,0,0,0,0,0,0,0,0,0,0,0
9358,0,0,0,0,0,0,0,0,0,0,0,0,0,0,0,0,0,0,0,0,0
9359,0,0,0,0,0,0,0,0,0,0,0,0,0,0,0,0,0,0,0,0,0
9360,1,1,1,1,1,1,1,1,1,1,1,1,1,1,1,1,1,1,1,1,1
9361,3,2,1,1,1,3,1,2,1,1,1,1,3,1,2,1,1,1,1,3,1
9362,1,1,1,1,1,1,1,1,1,1,1,1,1,1,1,1,1,1,1,1,1
9363,1,1,1,1,1,1,1,1,1,1,1,1,1,1,1,1,1,1,1,1,1
9364,0,0,0,0,0,0,0,0,0,0,0,0,0,0,0,0,0,0,0,0,0
9365,0,0,0,0,0,0,0,0,0,0,0,0,0,0,0,0,0,0,0,0,0
9366,0,0,0,0,0,0,0,0,0,0,0,0,0,0,0,0,0,0,0,0,0
9367,0,0,0,0,0,0,0,0,0,0,0,0,0,0,0,0,0,0,0,0,0
9368,7,6,6,5,4,3,4,4,5,5,4,3,3,3,4,4,4,4,3,3,3
9369,2,2,1,1,1,1,1,1,1,1,1,1,1,1,1,2,1,1,1,1,1
9370,0,0,0,0,0,0,0,0,0,0,0,0,0,0,0,0,0,0,0,0,0
9371,1,1,1,2,2,2,0,1,1,1,2,2,2,0,1,1,1,2,2,2,1
9372,1,1,1,1,1,1,1,1,1,1,1,1,1,1,1,1,1,1,1,1,1
9373,3,3,4,3,3,3,2,3,3,4,3,3,3,2,3,3,4,3,3,3,2
9374,0,0,0,0,0,0,0,0,0,0,0,0,0,0,0,0,0,0,0,0,0
9375,4,4,4,3,4,4,4,4,4,4,3,4,4,4,4,4,4,3,4,4,4
9376,0,0,0,0,0,0,0,0,0,0,0,0,0,0,0,0,0,0,0,0,0
9377,0,0,0,0,0,0,0,0,0,0,0,0,0,0,0,0,0,0,0,0,0
9378,0,0,0,0,0,0,0,0,0,0,0,0,0,0,0,0,0,0,0,0,0
9379,0,0,0,0,0,0,0,0,0,0,0,0,0,0,0,0,0,1,1,1,1
9380,0,0,0,0,0,0,0,0,0,0,0,0,0,0,0,0,0,0,0,0,0
9381,5,6,6,6,5,5,5,5,6,6,6,5,5,5,5,6,6,6,5,5,5
9382,1,2,2,2,1,1,1,1,2,2,2,1,1,1,1,2,2,2,1,1,1
9383,4,4,4,3,3,3,3,3,3,3,3,3,2,3,3,3,3,3,3,2,3
9384,113,107,100,88,83,88,89,113,107,100,88,83,88,89,113,107,100,88,83,88,89
9385,3,2,3,2,2,2,2,3,2,3,2,2,2,2,3,2,3,2,2,2,2
9386,16,18,18,14,13,15,14,16,18,18,14,13,15,14,16,18,18,14,13,15,14
9387,0,0,0,0,0,0,0,0,0,0,0,0,0,0,0,0,0,0,0,0,0
9388,2,2,2,2,2,2,2,2,2,2,2,2,2,2,2,2,2,2,2,2,2
9389,1,1,0,0,0,0,0,1,1,0,0,0,0,0,1,1,0,0,0,0,0
9390,0,0,0,0,0,0,0,0,0,0,0,0,0,0,0,0,0,0,0,0,0
9391,13,13,13,11,9,8,11,13,13,12,11,9,8,11,14,14,14,12,10,9,11
9392,9,10,9,8,7,6,8,9,10,9,8,7,6,8,9,10,9,8,7,6,8
9393,10,10,11,9,8,7,7,9,9,9,8,7,6,7,8,9,9,8,7,6,7
9394,4,3,4,3,3,3,3,4,3,4,3,3,3,3,4,3,3,3,3,2,2
9395,2,2,3,2,2,2,2,2,2,3,2,2,2,2,2,2,3,2,2,2,2
9396,16,14,17,12,13,11,15,16,14,17,12,13,11,15,16,14,17,12,13,11,15
9397,0,0,0,0,0,0,0,0,0,0,0,0,0,0,0,0,0,0,0,0,0
9398,15,16,12,10,12,11,12,15,16,12,10,12,11,12,15,16,12,10,12,11,12
9399,0,0,0,0,0,0,0,0,0,0,0,0,0,0,0,0,0,0,0,0,0
9400,11,11,11,8,8,10,11,11,11,11,8,8,10,11,11,11,11,8,8,10,11
9401,1,1,1,1,1,1,1,1,1,1,1,1,1,1,1,1,1,1,1,1,1
9402,2,1,1,1,1,1,1,2,1,1,1,1,1,1,2,1,1,1,1,1,1
9403,9,7,8,6,8,7,9,9,7,8,6,8,7,9,9,7,8,6,8,7,9
9404,1,1,0,0,0,0,1,1,1,0,0,0,0,1,1,1,0,0,0,0,1
9405,1,1,1,1,0,1,1,1,1,1,1,1,1,1,1,1,1,1,1,1,1
9406,0,0,0,0,0,0,0,0,0,0,0,0,0,0,0,0,0,0,0,0,0
9407,0,0,0,0,0,0,0,0,0,0,0,0,0,0,0,0,0,0,0,0,0
9408,10,9,9,8,8,8,8,9,9,9,8,8,8,8,9,9,9,8,8,8,8
9409,1,1,1,0,0,0,0,1,1,1,0,0,0,0,1,1,1,0,0,0,0
9410,1,1,1,0,0,0,0,1,1,1,0,0,0,0,1,1,1,0,0,0,0
9411,0,0,0,0,0,0,0,0,0,0,0,0,0,0,0,0,0,0,0,0,0
9412,2,2,2,2,2,1,1,2,2,2,2,2,1,1,2,2,2,2,2,1,1
9413,0,0,0,0,0,0,0,0,0,0,0,0,0,0,0,0,0,0,0,0,0
9414,1,1,1,1,1,1,1,1,1,1,1,1,1,1,2,2,1,1,1,1,1
9415,0,1,1,1,0,0,0,0,1,1,1,0,0,0,0,1,1,1,0,0,0
9416,4,4,5,5,4,4,3,4,5,5,5,4,4,3,4,5,5,5,4,4,3
9417,0,0,1,1,1,0,0,0,0,1,1,1,0,0,0,0,1,1,1,0,0
9418,1,1,1,1,1,1,1,1,1,1,1,1,1,1,1,1,1,1,1,1,1
9419,0,0,0,0,0,0,0,0,0,0,0,0,0,0,0,0,0,0,0,0,0
9420,18,18,16,14,12,12,13,15,17,15,13,12,11,12,13,14,12,10,9,10,11
9421,30,25,22,20,18,19,22,22,22,21,20,18,19,21,18,17,16,15,14,16,19
9422,6,6,5,3,3,4,4,6,5,5,3,3,4,4,6,6,5,3,3,4,4
9423,2,2,2,2,1,2,2,2,2,2,2,1,2,2,2,2,2,2,1,2,2
9424,45,43,42,37,32,31,39,42,43,42,36,33,31,38,40,39,38,32,29,29,36
9425,58,59,57,51,48,46,49,63,67,65,58,55,51,54,67,68,63,53,49,47,50
9426,0,0,0,0,0,0,0,0,0,0,0,0,0,0,0,0,0,0,0,0,0
9427,1,1,1,0,1,1,1,1,1,1,0,1,1,1,1,1,1,0,1,1,1
9428,3,3,3,3,3,2,3,3,3,3,3,3,2,3,3,3,3,3,3,2,3
9429,0,0,0,0,0,0,0,0,0,0,0,0,0,0,0,0,0,0,0,0,0
9430,3,3,2,2,2,3,3,3,3,2,2,2,3,3,3,3,2,2,2,3,3
9431,1,1,1,1,1,1,1,1,1,1,1,1,1,1,1,1,1,1,1,1,1
9432,1,1,2,2,1,1,1,1,1,2,2,1,1,1,1,1,2,2,1,1,1
9433,0,0,0,0,0,0,0,0,0,0,0,0,0,0,0,0,0,0,0,0,0
9434,0,1,0,0,0,0,0,0,1,0,0,0,0,0,0,1,0,0,0,0,0
9435,0,0,0,0,0,0,0,0,0,0,0,0,0,0,0,0,0,0,0,0,0
9436,4,4,3,3,3,3,3,4,4,3,3,3,3,3,4,4,3,3,3,3,3
9437,1,1,1,0,0,0,0,1,1,1,0,0,0,0,1,1,1,0,0,0,0
9438,10,11,12,9,7,6,7,9,12,16,16,15,14,13,14,13,11,8,7,6,8
9439,0,0,0,0,0,0,0,0,0,0,0,0,0,0,0,0,0,0,0,0,0
9440,0,0,0,0,0,0,0,0,0,0,0,0,0,0,0,0,0,0,0,0,0
9441,0,0,0,0,0,0,0,0,0,0,0,0,0,0,0,0,0,0,0,0,0
9442,0,0,0,0,0,0,0,0,0,0,0,0,0,0,0,0,0,0,0,0,0
9443,0,0,0,0,0,0,0,0,0,0,0,0,0,0,0,0,0,0,0,0,0
9444,0,1,1,1,1,1,0,0,1,1,1,1,1,0,0,1,1,1,1,1,0
9445,0,0,0,0,0,0,0,0,0,0,0,0,0,0,0,0,0,0,0,0,0
9446,2,3,4,4,4,5,5,2,3,4,4,4,5,5,2,3,4,4,4,5,5
9447,0,0,0,0,0,0,0,0,0,0,0,0,0,0,0,0,0,0,0,0,0
9448,0,0,0,0,0,0,0,0,0,0,0,0,0,0,0,0,0,0,0,0,0
9449,0,0,0,0,0,0,0,0,0,0,0,0,0,0,0,0,0,0,0,0,0
9450,0,0,0,0,0,0,0,0,0,0,0,0,0,0,0,0,0,0,0,0,0
9451,0,0,0,0,0,0,0,0,0,0,0,0,1,1,1,1,1,1,1,1,1
9452,0,0,0,0,0,0,0,0,0,0,0,0,0,0,0,0,0,0,0,0,0
9453,0,0,0,0,0,0,0,0,0,0,0,0,0,0,0,0,0,0,0,0,0
9454,0,0,0,0,0,0,0,0,0,0,0,0,0,0,0,0,0,0,0,0,0
9455,0,0,0,0,0,0,0,0,0,0,0,0,0,0,0,0,0,0,0,0,0
9456,0,0,0,0,0,0,0,0,0,0,0,0,0,0,0,0,0,0,0,0,0
9457,0,0,0,0,0,0,0,0,0,0,0,0,0,0,0,0,0,0,0,0,1
9458,0,0,0,0,0,0,0,0,0,0,0,0,0,0,0,0,0,0,0,0,0
9459,0,0,0,0,0,0,0,0,0,0,0,0,0,0,0,0,0,0,0,0,0
9460,1,1,1,0,0,0,0,1,1,1,0,0,0,0,1,1,1,0,0,0,0
9461,0,0,0,0,0,0,0,0,0,0,0,0,0,0,0,0,0,0,0,0,0
9462,0,0,0,0,0,0,0,0,0,0,0,0,0,0,0,0,0,0,0,0,0
9463,0,0,0,0,0,0,0,0,0,0,0,0,0,0,0,0,0,0,0,0,0
9464,0,0,0,0,0,0,0,0,0,0,0,0,0,0,0,0,0,0,0,0,0
9465,0,0,0,0,0,0,0,0,0,0,0,0,0,0,0,0,0,0,0,0,0
9466,0,0,0,0,0,0,0,0,0,0,0,0,0,0,0,0,0,0,0,0,0
9467,1,2,4,4,4,4,5,5,5,5,4,4,4,5,5,6,5,5,4,4,5
9468,0,0,0,0,0,0,0,0,0,0,0,0,0,0,0,0,0,0,0,0,0
9469,1,1,1,1,1,1,1,1,1,1,1,1,1,1,1,1,1,1,1,1,1
9470,0,0,0,0,0,0,0,0,0,0,0,0,0,0,0,0,0,0,0,0,0
9471,0,0,0,0,0,0,0,0,0,0,0,0,0,0,0,0,0,0,0,0,0
9472,0,0,1,0,0,0,0,0,0,1,0,0,0,0,0,0,1,0,0,0,0
9473,4,4,4,1,1,1,2,4,4,4,1,1,1,2,4,4,4,1,1,1,2
9474,0,0,0,0,0,0,0,0,0,0,0,0,0,0,0,0,0,0,0,0,0
9475,0,0,0,0,0,0,0,0,0,0,0,0,0,0,0,0,0,0,0,0,0
9476,0,0,0,0,0,0,0,0,0,0,0,0,0,0,0,0,0,0,0,0,0
9477,0,0,0,0,0,0,0,0,0,0,0,0,0,0,0,0,0,0,0,0,0
9478,76,100,110,99,84,66,63,82,109,116,102,87,67,63,81,106,113,98,82,64,61
9479,0,0,1,1,0,0,0,0,0,1,1,0,0,0,0,0,1,1,0,0,0
9480,49,53,60,62,59,44,44,49,54,60,62,59,44,44,49,54,60,62,59,44,44
9481,9,9,9,8,9,6,8,9,9,9,8,9,6,8,9,9,9,8,9,6,8
9482,23,26,26,24,22,17,18,23,26,26,24,21,17,18,23,26,26,24,22,17,18
9483,5,6,6,5,4,4,4,5,6,6,5,4,4,4,5,6,6,5,4,4,4
9484,218,246,216,195,131,121,187,241,269,226,194,129,114,177,229,260,226,195,132,120,187
9485,61,78,83,68,54,40,51,60,76,81,67,54,39,50,58,74,78,65,53,39,52
9486,603,782,819,806,697,463,478,579,760,792,775,673,439,460,578,779,819,806,703,471,496
9487,64,66,67,59,52,45,49,59,63,66,58,52,43,45,54,58,63,56,50,43,46
9488,19,21,23,22,18,15,15,19,23,24,23,18,14,14,18,20,20,19,16,13,14
9489,12,13,15,14,13,11,9,12,13,15,14,13,11,9,12,13,15,14,13,11,10
9490,7,7,8,6,6,5,4,7,7,8,6,6,5,4,7,7,8,6,6,5,4
9491,15,20,17,16,13,12,8,15,20,17,16,13,12,8,15,20,17,16,13,12,8
9492,0,0,1,1,1,0,0,0,0,1,1,1,0,0,0,0,1,1,1,0,0
9493,21,25,26,24,21,18,18,21,25,26,24,21,18,18,21,25,26,24,21,18,18
9494,35,37,38,38,34,29,29,34,36,37,37,33,29,29,34,36,37,37,33,29,29
9495,13,16,14,14,11,10,10,13,16,14,14,11,10,10,13,16,14,14,11,10,10
9496,27,30,32,35,32,28,27,27,30,32,35,32,28,27,27,30,32,35,32,28,27
9497,5,4,4,3,3,4,4,5,4,4,4,3,4,4,5,4,4,3,3,4,4
9498,11,11,13,13,12,11,11,13,12,13,13,11,10,9,11,11,13,12,11,10,9
9499,14,24,26,20,9,7,9,14,24,26,20,9,7,9,14,24,26,20,9,7,9
9500,9,10,11,13,11,9,8,9,10,11,13,11,9,8,9,10,11,13,11,9,8
9501,8,9,9,10,10,9,8,9,9,10,11,11,9,9,9,10,10,11,11,9,8
9502,16,19,20,19,16,15,15,16,19,20,19,16,15,15,16,19,20,19,16,15,15
9503,16,34,40,36,33,17,15,17,35,40,37,33,17,15,17,35,40,37,33,18,15
9504,18,20,24,30,37,34,22,18,20,24,30,37,34,22,18,20,24,30,37,34,22
9505,130,190,259,268,258,238,199,130,190,259,268,258,238,199,130,190,259,268,258,238,199
9506,189,236,300,294,252,245,160,175,226,289,281,244,238,154,173,230,301,297,260,256,176
9507,270,311,352,458,378,316,232,272,315,345,441,362,297,204,239,285,331,442,369,309,220
9508,7,11,10,9,10,9,7,7,11,10,9,10,9,7,7,11,10,9,10,9,7
9509,2,1,1,2,2,2,2,2,1,1,2,2,2,2,2,1,1,2,2,2,2
9510,0,0,0,0,0,0,0,0,0,0,0,0,0,0,0,0,0,0,0,0,0
9511,1,0,0,0,0,0,0,1,0,0,0,0,0,0,1,0,0,0,0,0,0
9512,0,0,0,0,0,0,0,0,0,0,0,0,0,0,0,0,1,0,0,0,0
9513,1,1,1,0,0,0,1,1,1,1,0,0,0,1,1,1,1,0,0,0,1
9514,0,0,0,0,0,0,0,0,0,0,0,0,0,0,0,0,0,0,0,0,0
9515,18,20,19,18,14,11,13,18,22,22,18,12,10,11,15,17,19,20,17,14,16
9516,0,0,0,0,0,0,0,0,0,0,0,0,0,0,0,0,0,0,0,0,0
9517,2,2,2,2,2,2,2,2,2,2,2,2,2,2,2,2,2,2,1,1,2
9518,0,0,0,0,0,0,0,0,0,0,0,0,0,0,0,0,0,0,0,0,0
9519,42,44,45,40,35,34,33,41,43,43,39,34,33,33,41,43,43,39,34,33,33
9520,0,0,0,0,0,0,0,0,0,0,0,0,0,0,0,0,0,0,0,0,0
9521,8,7,7,6,5,4,5,6,7,7,7,5,4,4,5,5,5,5,4,4,4
9522,0,0,0,0,0,0,0,0,0,0,0,0,0,0,0,0,0,0,0,0,0
9523,2,2,3,3,3,2,2,2,2,3,3,3,2,2,2,2,3,3,3,2,2
9524,0,0,0,0,0,0,0,0,0,0,0,0,0,0,0,0,0,0,0,0,0
9525,32,31,31,30,27,25,25,32,31,32,30,27,25,24,30,29,29,28,25,23,23
9526,1,2,2,2,1,1,1,1,2,2,2,1,1,1,1,2,2,2,1,1,1
9527,0,0,0,0,0,0,0,0,0,0,0,0,0,0,0,0,0,0,0,0,0
9528,52,57,59,55,46,39,39,50,63,67,63,52,43,42,51,60,63,59,49,42,42
9529,36,35,35,35,32,31,30,36,35,35,35,32,31,30,36,35,35,35,32,31,30
9530,0,0,0,0,0,0,0,0,0,0,0,0,0,0,0,0,0,0,0,0,0
9531,0,0,0,0,0,0,0,0,0,0,0,0,0,0,0,0,0,0,0,0,0
9532,0,0,0,0,0,0,0,0,0,0,0,0,0,0,0,0,0,0,0,0,0
9533,0,0,0,0,0,0,0,0,0,0,0,0,0,0,0,0,0,0,0,0,0
9534,0,0,0,0,0,0,0,0,0,0,0,0,0,0,0,0,0,0,0,0,0
9535,0,0,0,0,0,0,0,0,0,0,0,0,0,0,0,0,0,0,0,0,0
9536,0,0,0,0,0,0,0,0,0,0,0,0,0,0,0,0,0,0,0,0,0
9537,1,1,1,1,1,1,1,1,1,1,1,1,1,1,1,1,1,1,1,1,1
9538,0,0,0,0,0,0,0,0,0,0,0,0,0,0,0,0,0,0,0,0,0
9539,0,0,0,0,0,0,0,0,0,0,0,0,0,0,0,0,0,0,0,0,0
9540,1,1,1,1,1,1,1,1,1,1,1,1,0,0,0,1,0,0,0,0,0
9541,0,0,0,0,0,0,0,0,0,0,0,0,0,0,0,0,0,0,0,0,0
9542,0,0,0,0,0,0,0,0,0,0,0,0,0,0,0,0,0,0,0,0,0
9543,5,6,6,7,7,6,5,5,6,6,7,7,6,5,5,6,6,7,7,5,5
9544,4,5,5,4,4,4,4,5,5,5,4,4,3,4,4,5,5,4,3,3,4
9545,6,6,7,6,6,5,6,7,7,7,6,6,5,6,7,7,7,6,5,5,5
9546,1,1,1,1,1,1,1,1,1,1,1,1,1,1,1,1,1,1,1,1,1
9547,1,1,1,1,1,1,1,1,1,1,1,1,1,1,1,1,1,1,1,2,2
9548,2,2,2,2,2,2,2,2,3,2,2,2,1,2,2,2,2,2,1,1,2
9549,1,1,1,1,1,1,1,1,1,1,1,1,1,1,1,1,1,1,1,1,1
9550,0,0,0,0,1,0,0,0,0,0,0,1,0,0,0,0,0,0,1,1,0
9551,0,0,0,0,0,0,0,0,0,0,0,0,0,0,0,0,0,0,0,0,0
9552,1,1,1,0,0,0,0,1,1,1,0,0,0,0,1,1,1,0,0,0,0
9553,220,257,237,222,196,175,177,223,263,242,227,201,178,180,226,265,244,228,200,177,179
9554,18,35,32,27,32,27,15,18,35,32,27,32,27,15,18,35,32,27,32,27,15
9555,254,271,279,239,205,172,177,254,274,282,241,208,173,179,255,275,284,242,209,174,180
9556,5,5,6,7,7,4,4,5,5,6,7,7,4,4,5,5,6,7,7,4,4
9557,7,7,9,9,8,7,4,7,7,9,9,8,7,3,7,7,9,9,8,7,4
9558,0,0,0,0,0,0,0,0,0,0,0,0,0,0,0,0,0,0,0,0,0
9559,0,0,0,0,0,0,0,0,0,0,0,0,0,0,0,0,0,0,0,0,0
9560,0,0,0,0,0,0,0,0,0,0,0,0,0,0,0,0,0,0,0,0,0
9561,0,0,1,0,0,0,0,0,0,1,0,0,0,0,0,0,1,0,0,0,0
9562,1,1,1,1,0,0,0,1,1,1,1,0,0,0,1,1,1,1,0,0,0
9563,0,0,0,0,0,0,0,0,0,0,0,0,0,0,0,0,0,0,0,0,0
9564,0,0,0,0,0,0,0,0,0,0,0,0,0,0,0,0,0,0,0,0,0
9565,0,0,0,0,0,0,0,0,0,0,0,0,0,0,0,0,0,0,0,0,0
9566,0,0,0,0,0,0,0,0,0,0,0,0,0,0,0,0,0,0,0,0,0
9567,7,8,10,8,7,6,6,8,9,10,8,7,6,6,7,7,8,7,6,5,5
9568,0,0,0,0,0,0,0,0,0,0,0,0,0,0,0,0,0,0,0,0,0
9569,6,8,8,7,5,4,4,6,8,8,7,5,4,4,6,8,8,7,5,4,4
9570,0,0,0,0,0,0,0,0,0,0,0,0,0,0,0,0,0,0,0,0,0
9571,15,15,14,13,12,11,13,15,15,14,13,12,11,13,15,15,14,13,12,12,13
9572,0,0,0,0,0,0,0,0,0,0,0,0,0,0,0,0,0,0,0,0,0
9573,8,8,7,7,5,5,6,8,8,8,7,6,6,6,8,9,8,7,6,5,6
9574,4,4,4,4,4,4,4,4,4,4,4,4,4,4,4,4,4,4,4,4,4
9575,3,3,3,3,3,2,2,3,3,3,3,3,2,2,3,3,3,3,3,2,2
9576,40,43,44,43,40,38,35,40,43,44,43,40,38,35,40,43,44,43,40,38,35
9577,5,5,5,6,5,5,4,5,5,5,6,5,5,4,5,5,5,6,5,5,4
9578,10,8,7,7,6,7,9,13,15,15,13,12,11,11,13,12,10,8,7,7,8
9579,1,1,1,1,1,1,1,1,1,1,1,1,1,1,1,1,1,1,1,1,1
9580,0,0,0,0,0,0,0,0,0,0,0,0,0,0,0,0,0,0,0,0,0
9581,0,0,0,0,0,0,0,0,0,0,0,0,0,0,0,0,0,0,0,0,0
9582,11,9,8,7,6,6,7,9,11,11,10,9,9,9,10,9,8,6,6,6,7
9583,0,1,1,0,0,0,0,0,1,1,0,0,0,0,0,1,1,0,0,0,0
9584,28,30,32,29,27,25,25,28,30,32,29,27,25,25,28,30,32,29,27,25,25
9585,0,0,0,0,0,0,0,0,0,0,0,0,0,0,0,0,0,0,0,0,0
9586,0,0,0,0,0,0,0,0,0,0,0,0,0,0,0,0,0,0,0,0,0
9587,0,0,0,0,0,0,0,0,0,0,0,0,0,0,0,0,0,0,0,0,0
9588,2,2,1,1,1,1,1,2,2,1,1,1,1,1,2,2,1,1,1,1,2
9589,239,209,195,137,105,153,205,239,209,195,137,105,153,205,239,209,195,137,105,153,205
9590,0,1,1,0,1,0,0,0,1,1,0,1,0,0,0,1,1,0,1,0,0
9591,4,4,4,4,4,3,3,4,4,4,4,4,3,3,4,4,4,4,4,3,3
9592,3,2,2,2,2,1,2,3,2,2,2,2,1,2,3,2,2,2,2,1,2
9593,0,0,0,0,0,0,0,0,0,0,0,0,0,0,0,0,0,0,0,0,0
9594,1,1,0,0,0,1,1,1,1,1,1,1,1,1,1,1,1,1,1,1,1
9595,0,0,0,0,0,0,0,0,0,0,0,0,0,0,0,0,0,0,0,0,0
9596,1,1,1,1,1,1,1,1,1,1,1,1,1,1,1,1,1,1,1,1,1
9597,0,0,0,0,0,0,0,0,0,0,0,0,0,0,0,0,0,0,0,0,0
9598,42,41,38,37,33,33,32,40,41,38,38,34,34,33,42,43,41,41,35,35,34
9599,0,0,0,0,0,0,0,0,0,0,0,0,0,0,0,0,0,0,0,0,0
9600,1,0,0,0,0,0,0,1,0,0,0,0,0,0,1,0,0,0,0,0,0
9601,3,3,3,2,3,2,2,3,3,3,2,3,2,2,3,3,3,2,3,2,2
9602,0,0,0,0,0,0,0,0,0,0,0,0,0,0,0,0,0,0,0,0,0
9603,0,0,0,0,0,0,0,0,0,0,0,0,0,0,0,0,0,0,0,0,0
9604,0,0,0,0,0,0,0,0,0,0,0,0,0,0,0,0,0,0,0,0,0
9605,0,0,0,0,0,0,0,0,0,0,0,0,0,0,0,0,0,0,0,0,0
9606,0,0,0,0,0,0,0,0,0,0,0,0,0,0,0,0,0,0,0,0,0
9607,0,0,0,0,0,0,0,0,0,0,0,0,0,0,0,0,0,0,0,0,0
9608,0,0,0,0,0,0,0,0,0,0,0,0,0,0,0,0,0,0,0,0,0
9609,1,1,1,1,1,1,1,1,1,1,1,1,0,0,0,0,1,1,1,1,1
9610,1,1,1,1,1,1,1,1,1,1,1,1,1,1,1,1,0,1,1,1,1
9611,0,0,0,0,0,0,0,0,0,0,0,0,0,0,0,0,0,0,0,0,0
9612,1,1,1,1,1,1,1,1,1,1,1,1,1,1,1,1,1,1,1,1,1
9613,1,1,1,2,1,1,1,1,1,1,2,1,1,1,1,1,1,2,1,1,1
9614,0,0,0,0,0,0,0,0,0,0,0,0,0,0,0,0,0,0,0,0,0
9615,1,1,1,1,0,0,1,1,1,1,1,1,0,1,1,1,1,1,1,1,1
9616,0,0,0,0,0,0,0,0,0,0,0,0,0,0,0,0,0,0,0,0,0
9617,1,1,1,1,1,1,1,1,1,1,1,1,1,1,1,1,1,1,1,1,1
9618,0,0,0,0,0,0,0,0,0,0,0,0,0,0,0,0,0,0,0,0,0
9619,18,18,17,17,15,13,12,16,17,18,19,18,16,14,17,17,16,16,14,13,11
9620,38,42,44,42,37,28,25,33,41,48,50,44,34,31,38,44,47,44,37,28,26
9621,8,10,8,7,6,5,5,7,8,8,7,6,5,5,7,9,8,7,6,5,6
9622,2,3,3,3,3,2,3,3,4,3,3,3,2,2,3,3,3,3,3,2,3
9623,3,4,5,4,3,2,2,3,4,5,4,3,2,2,3,4,5,4,3,2,2
9624,0,1,1,1,0,0,1,1,1,1,1,1,0,1,1,1,1,1,1,1,1
9625,4,6,8,7,6,5,5,7,7,8,7,6,5,5,6,7,7,5,5,4,5
9626,18,19,21,20,20,17,17,20,22,24,25,24,20,20,23,23,23,22,20,17,17
9627,31,41,44,40,35,30,29,35,44,46,41,36,30,30,36,45,47,41,36,30,29
9628,47,54,49,41,36,28,26,36,46,45,39,35,27,25,35,47,46,40,36,28,26
9629,3,3,4,3,3,3,3,4,5,5,5,4,3,3,4,4,4,3,3,2,2
9630,0,0,0,0,0,0,0,0,0,0,0,0,0,0,0,0,0,0,0,0,0
9631,2,3,3,3,2,2,2,2,3,3,3,2,2,2,2,3,3,3,2,2,2
9632,26,37,34,32,27,21,19,26,37,34,32,27,21,19,26,37,34,32,27,21,19
9633,27,38,36,33,29,21,19,27,38,36,33,29,21,19,27,38,36,33,29,21,19
9634,3,3,3,3,3,2,2,3,3,3,3,3,2,2,3,3,3,3,3,2,2
9635,3,3,3,3,2,2,3,3,4,4,3,3,3,3,4,4,3,3,3,3,3
9636,4,2,2,2,2,2,2,4,4,3,3,3,2,2,4,3,3,3,3,2,2
9637,65,77,73,62,40,31,33,54,73,88,90,61,43,41,60,75,79,74,53,43,46
9638,34,41,44,46,38,38,37,44,52,53,53,44,42,42,51,58,58,55,45,44,45
9639,3,3,3,2,2,2,2,3,3,3,2,2,2,2,3,3,3,2,2,2,2
9640,0,0,0,0,0,0,0,0,0,0,0,0,0,0,0,0,0,0,0,0,0
9641,1,1,1,1,1,1,1,1,1,1,1,1,1,1,1,1,1,1,1,1,1
9642,0,0,0,0,0,0,0,0,0,0,0,0,0,0,0,0,0,0,0,0,0
9643,0,0,0,0,0,0,0,0,0,0,0,0,0,0,0,0,0,0,0,0,0
9644,0,0,0,0,0,0,0,0,0,0,0,0,0,0,0,0,0,0,0,0,0
9645,0,1,1,1,1,0,1,1,1,1,1,0,0,0,1,1,1,1,1,1,1
9646,0,0,0,0,0,0,0,0,0,0,0,0,0,0,0,0,0,0,0,0,0
9647,0,0,0,0,0,0,0,0,0,0,0,0,0,0,0,0,0,0,0,0,0
9648,0,0,0,0,0,0,0,0,0,0,0,0,0,0,0,0,0,0,0,0,0
9649,12,12,14,12,10,9,10,14,17,19,16,13,11,11,14,14,14,11,9,9,9
9650,5,5,5,4,4,4,4,5,5,5,4,4,4,4,5,5,5,4,4,4,4
9651,279,285,286,239,208,194,203,250,279,283,239,213,193,204,262,302,315,268,239,222,244
9652,5,7,6,2,2,2,2,5,7,6,2,2,2,2,5,7,6,2,2,2,2
9653,1,1,1,1,1,1,1,1,1,1,1,1,1,1,1,1,1,1,1,1,1
9654,18,16,19,14,12,14,16,16,15,18,14,11,14,16,16,15,18,14,11,13,16
9655,7,8,8,6,6,5,5,7,8,8,6,6,5,5,7,8,8,6,6,5,5
9656,1,1,1,1,1,1,1,1,1,1,1,1,1,1,1,1,1,1,1,1,1
9657,1,1,1,1,0,1,1,1,2,1,1,1,1,1,1,2,1,1,1,1,2
9658,12,11,11,10,9,7,7,9,10,11,10,9,8,8,10,11,11,10,9,7,7
9659,2,2,2,2,2,2,2,2,2,2,2,2,2,2,2,2,2,2,2,2,2
9660,1,1,1,0,0,1,1,1,1,1,0,0,1,1,1,1,1,0,0,1,1
9661,8,7,5,4,4,3,4,5,6,5,4,4,3,4,5,5,5,4,3,3,4
9662,1,1,1,2,1,0,0,1,1,1,1,1,0,0,1,1,1,2,1,0,0
9663,3,3,4,3,3,2,2,3,4,4,3,3,2,2,3,4,5,4,3,2,2
9664,0,0,0,0,0,0,0,0,0,0,0,0,0,0,0,0,0,0,0,0,0
9665,0,0,0,0,0,0,0,0,0,0,0,0,0,0,0,0,0,0,0,0,0
9666,0,0,0,0,0,0,0,0,0,0,0,0,0,0,0,0,0,0,0,0,0
9667,0,0,0,0,0,0,0,0,0,0,0,0,0,0,0,0,0,0,0,0,0
9668,0,0,0,0,0,0,0,0,0,0,0,0,0,0,0,0,0,0,0,0,0
9669,0,0,0,0,0,0,0,0,0,0,0,0,0,0,0,0,0,0,0,0,0
9670,0,0,0,0,0,0,0,0,0,0,0,0,0,0,0,0,0,0,0,0,0
9671,0,0,0,0,0,0,0,0,0,0,0,0,0,0,0,0,0,0,0,0,0
9672,0,0,0,0,0,0,0,0,0,0,0,0,0,0,0,0,0,0,0,0,0
9673,0,0,0,0,0,0,0,0,0,0,0,0,0,0,0,0,0,0,0,0,0
9674,0,0,0,0,0,0,0,0,0,0,0,0,0,0,0,0,0,0,0,0,0
9675,0,0,0,0,0,0,0,0,0,0,0,0,0,0,0,0,0,0,0,0,0
9676,0,0,0,0,0,0,0,0,0,0,0,0,0,0,0,0,0,0,0,0,0
9677,0,0,0,0,0,0,0,0,0,0,0,0,0,0,0,0,0,0,0,0,0
9678,3,3,3,3,3,2,2,3,3,3,3,3,2,2,3,3,3,3,3,2,2
9679,0,0,0,0,0,0,0,0,0,0,0,0,0,0,0,0,0,0,0,0,0
9680,0,0,0,0,0,0,0,0,0,0,0,0,0,0,0,0,0,0,0,0,0
9681,0,0,0,0,0,0,0,0,0,0,0,0,0,0,0,0,0,0,0,0,0
9682,2,2,3,2,2,2,1,2,2,3,2,2,2,1,2,2,3,2,2,2,1
9683,0,0,0,0,0,0,0,0,0,0,0,0,0,0,0,0,0,0,0,0,0
9684,0,0,0,0,0,0,0,0,0,0,0,0,0,0,0,0,0,0,0,0,0
9685,0,0,0,0,0,0,0,0,0,0,0,0,0,0,0,0,0,0,0,0,0
9686,0,0,0,0,0,0,0,0,0,0,0,0,0,0,0,0,0,0,0,0,0
9687,0,0,0,0,0,0,0,0,0,0,0,0,0,0,0,0,0,0,0,0,0
9688,0,0,0,0,0,0,0,0,0,0,0,0,0,0,0,0,0,0,0,0,0
9689,0,0,0,0,0,0,0,0,0,0,0,0,0,0,0,0,0,0,0,0,0
9690,705,781,871,822,710,593,544,705,781,871,822,710,593,544,705,781,871,822,710,593,544
9691,0,0,0,0,0,0,0,0,0,0,0,0,0,0,0,0,0,0,0,0,0
9692,0,0,0,0,0,0,0,0,0,0,0,0,0,0,0,0,0,0,0,0,0
9693,1,1,1,0,0,0,0,1,1,1,0,0,0,0,1,1,1,0,0,0,0
9694,18,21,23,20,18,17,15,18,21,23,20,18,17,15,18,21,23,20,18,17,15
9695,9,8,8,8,7,6,6,9,8,8,8,7,6,6,9,8,8,8,7,6,6
9696,0,0,0,0,0,0,0,0,0,0,0,0,0,0,0,0,0,0,0,0,0
9697,0,0,1,1,1,1,0,0,0,1,1,1,1,0,0,0,1,1,1,1,0
9698,1,2,2,1,0,0,0,1,2,2,1,0,0,0,1,2,2,1,0,0,0
9699,0,0,0,0,0,0,0,0,0,0,0,0,0,0,0,0,0,0,0,0,0
9700,0,0,0,0,0,0,0,0,0,0,0,0,0,0,0,0,0,0,0,0,0
9701,0,0,0,0,0,0,0,0,0,0,0,0,0,0,0,0,0,0,0,0,0
9702,0,0,0,0,0,0,0,0,0,0,0,0,0,0,0,0,0,0,0,0,0
9703,1,1,1,1,1,1,1,1,1,1,1,1,1,1,1,1,1,1,1,1,1
9704,0,0,0,0,0,0,0,0,0,0,0,0,0,0,0,0,0,0,0,0,0
9705,0,0,0,0,0,0,0,0,0,0,0,0,0,0,0,0,0,0,0,0,0
9706,9,10,10,9,8,8,7,9,10,10,9,8,8,7,9,10,10,9,9,8,7
9707,223,269,273,216,119,149,174,221,271,277,219,121,150,174,219,267,273,216,120,150,175
9708,0,3,3,0,0,0,0,0,3,3,0,0,0,0,0,3,3,0,0,0,0
9709,36,36,33,30,27,24,25,32,33,32,30,27,25,25,32,32,30,26,24,22,23
9710,23,24,25,22,20,16,16,21,24,28,27,25,21,21,28,33,34,29,25,21,21
9711,0,0,0,0,0,0,0,0,0,1,0,0,0,0,0,0,0,0,0,0,0
9712,58,57,52,60,42,47,55,58,57,52,60,42,47,55,58,57,52,60,42,47,55
9713,0,4,6,5,3,1,1,0,4,6,5,3,1,1,0,4,6,5,3,1,1
9714,15,15,20,17,17,10,12,15,15,20,17,17,10,12,15,15,20,17,17,10,12
9715,0,0,0,0,0,0,0,0,0,0,0,0,0,0,0,0,0,0,0,0,0
9716,0,0,0,0,0,0,0,0,0,0,0,0,0,0,0,0,0,0,0,0,0
9717,0,0,0,0,0,0,0,0,0,0,0,0,0,0,0,0,0,0,0,0,0
9718,0,0,0,0,0,0,0,0,0,0,0,0,0,0,0,0,0,0,0,0,0
9719,11,13,15,19,19,18,14,12,13,14,19,19,17,13,10,12,13,18,18,17,13
9720,0,0,0,0,0,0,0,0,0,0,0,0,0,0,0,0,0,0,0,0,0
9721,0,0,0,0,0,0,0,0,0,0,0,0,0,0,0,0,0,0,0,0,0
9722,0,0,0,0,0,0,0,0,0,0,0,0,0,0,0,0,0,0,0,0,0
9723,2,2,1,1,1,1,1,1,1,1,1,1,1,1,1,1,2,1,1,1,1
9724,5,5,5,4,3,3,3,5,5,5,4,4,3,4,5,5,5,4,3,3,3
9725,6,6,5,5,4,5,5,6,6,5,5,4,5,5,6,6,5,5,4,5,5
9726,1,2,1,1,1,0,1,1,2,1,1,1,1,1,2,2,1,1,1,1,2
9727,25,24,23,19,18,14,18,22,22,21,19,17,13,17,21,21,21,18,17,14,17
9728,0,0,0,0,0,0,0,0,0,0,0,0,0,0,0,0,0,0,0,0,0
9729,14,14,13,9,8,8,10,14,18,19,15,12,12,13,17,19,19,14,12,11,13
9730,1,1,1,1,1,1,1,1,1,1,1,1,1,1,1,1,1,1,1,1,1
9731,2,2,2,1,1,1,1,1,2,2,2,1,1,1,2,2,2,2,1,1,2
9732,16,17,18,16,14,12,12,16,19,20,18,16,13,14,18,20,19,17,14,12,12
9733,0,0,0,0,0,0,0,0,0,0,1,0,0,0,0,0,0,0,0,0,0
9734,5,4,3,2,2,2,3,4,4,3,2,2,2,2,4,4,3,2,2,2,2
9735,3,3,3,2,2,2,2,3,3,3,2,2,2,2,3,3,3,2,2,2,2
9736,8,9,9,8,7,7,7,8,9,9,8,7,6,7,8,9,8,7,7,7,7
9737,8,9,8,7,6,5,7,8,9,8,7,6,5,7,8,9,8,7,6,5,7
9738,21,25,25,23,20,17,17,21,25,25,23,20,17,17,21,24,24,23,20,17,17
9739,1,1,1,1,1,1,1,1,1,1,1,0,1,1,1,1,1,0,0,0,1
9740,2,2,1,1,1,1,1,1,1,1,1,1,1,1,1,1,1,1,1,1,1
9741,0,0,0,0,0,0,0,0,0,0,0,0,0,0,0,0,0,0,0,0,0
9742,1,1,1,0,0,0,0,1,1,1,2,7,14,11,4,1,1,0,0,0,0
9743,45,44,41,38,35,34,38,44,45,43,40,36,34,37,42,41,38,34,31,30,34
9744,2,2,2,1,2,1,1,2,2,2,1,2,1,1,2,2,2,1,2,1,1
9745,3,2,2,2,2,2,2,3,2,2,2,2,2,2,3,2,2,2,2,2,3
9746,1,1,1,1,0,1,1,1,1,1,1,0,1,1,1,1,1,1,0,1,1
9747,10,10,9,7,6,7,8,9,9,9,7,6,7,8,9,9,9,7,6,7,8
9748,1,1,1,1,1,0,1,1,1,1,1,1,1,1,1,1,1,1,1,1,1
9749,1,1,1,1,1,1,1,1,1,1,1,1,1,1,1,1,1,1,1,1,1
9750,11,12,12,11,9,9,10,11,12,11,10,9,9,10,11,11,10,9,9,9,10
9751,0,0,0,0,0,0,0,0,0,0,0,0,0,0,0,0,0,0,0,0,0
9752,0,1,1,1,0,0,0,0,1,1,1,0,0,0,0,1,1,1,0,0,0
9753,0,0,1,1,0,0,0,1,1,1,0,0,0,0,1,0,1,1,1,0,1
9754,0,0,0,0,0,0,0,0,0,0,0,0,0,0,0,0,0,0,0,0,0
9755,0,1,1,1,1,1,0,0,1,1,1,1,1,0,0,1,1,1,1,1,0
9756,0,0,0,0,0,0,0,0,0,0,0,0,0,0,0,0,0,0,0,0,0
9757,0,0,0,0,0,0,0,0,0,0,0,0,0,0,0,0,0,0,0,0,0
9758,0,0,0,0,0,0,0,0,0,0,0,0,0,0,0,0,0,0,0,0,0
9759,0,0,0,0,0,0,0,0,0,0,0,0,0,0,0,0,0,0,0,0,0
9760,0,0,0,0,0,0,0,0,0,0,0,0,0,0,0,0,0,0,0,0,0
9761,0,0,0,0,0,0,0,0,0,0,0,0,0,0,0,0,0,0,0,0,0
9762,0,0,0,0,0,0,0,0,0,0,0,0,0,0,0,0,0,0,0,0,0
9763,1,1,0,0,0,0,0,1,1,1,0,0,0,0,1,1,1,1,1,1,1
9764,0,0,0,0,0,0,0,0,0,0,0,0,0,0,0,0,0,0,0,0,0
9765,0,0,0,0,0,0,0,0,0,0,0,0,0,0,0,0,0,0,0,0,0
9766,4,2,1,1,1,1,1,1,1,1,1,1,1,1,1,1,1,1,1,1,2
9767,1,1,1,1,0,0,1,1,1,1,1,1,1,1,1,1,1,1,1,1,1
9768,0,0,0,0,0,0,0,0,0,0,0,0,0,0,0,0,0,0,0,0,0
9769,0,0,0,0,0,0,0,0,0,0,0,0,0,0,0,0,0,0,0,0,0
9770,0,1,1,1,1,1,1,1,1,1,1,1,1,1,1,1,1,1,1,1,1
9771,0,0,0,0,0,0,0,0,0,0,0,0,0,0,0,0,0,0,0,0,0
9772,0,0,0,0,0,0,0,0,0,0,0,0,0,0,0,0,0,0,0,0,0
9773,2,2,3,3,3,3,2,2,2,3,3,3,3,2,2,2,3,3,3,3,2
9774,11,12,13,14,15,11,10,13,15,14,14,14,10,8,12,13,12,13,14,10,9
9775,2,2,1,1,1,1,1,2,2,1,1,1,1,1,2,2,1,1,1,1,1
9776,5,5,5,7,7,5,4,4,4,5,7,7,5,4,4,5,5,7,7,5,4
9777,4,3,4,4,4,3,3,3,3,4,4,4,3,3,3,3,3,4,3,3,2
9778,12,14,15,15,11,9,9,12,14,15,14,11,9,9,12,15,17,16,13,11,11
9779,0,1,1,1,0,0,0,0,1,1,1,0,0,0,0,1,1,1,0,0,1
9780,5,7,8,7,5,5,5,5,7,8,7,6,6,6,7,8,8,7,6,5,5
9781,3,3,3,5,4,3,3,3,3,3,5,4,3,3,3,3,3,5,4,3,3
9782,5,5,5,4,3,3,3,4,4,5,4,3,4,3,5,6,6,5,4,4,4
9783,0,0,0,0,0,0,0,0,0,0,0,0,0,0,0,0,0,0,0,0,0
9784,1,1,1,1,1,1,1,1,1,1,1,1,1,1,1,1,1,1,1,1,1
9785,0,0,0,0,0,0,0,0,0,0,0,0,0,0,0,0,0,0,0,0,0
9786,0,0,0,0,0,0,0,0,0,0,0,0,0,0,0,0,0,0,0,0,0
9787,0,0,0,0,0,0,0,0,0,0,0,0,0,0,0,0,1,1,0,0,0
9788,6,6,6,6,4,4,3,6,8,11,11,8,7,5,7,7,8,8,6,6,5
9789,0,0,0,0,0,0,0,0,0,0,0,0,0,0,0,0,0,0,0,0,0
9790,0,0,0,0,0,0,0,0,0,0,0,0,0,0,0,1,0,0,0,0,0
9791,0,0,0,0,0,0,0,0,0,0,0,0,0,0,0,0,0,0,0,0,0
9792,0,0,0,0,0,0,0,0,0,0,0,0,0,0,0,0,0,0,0,0,0
9793,4,5,5,4,4,4,4,5,6,5,5,4,4,4,5,5,5,4,4,4,4
9794,89,95,98,94,87,75,77,90,99,100,94,88,75,76,87,93,93,87,80,69,72
9795,5,5,4,4,3,3,3,5,5,4,4,3,3,3,5,5,4,4,3,3,3
9796,236,246,239,228,206,201,220,246,270,255,238,217,211,240,267,291,279,249,223,217,243
9797,26,20,17,17,15,15,16,20,20,19,18,15,14,15,19,21,21,21,17,16,17
9798,9,9,10,10,9,8,8,9,9,10,10,9,8,8,9,9,10,10,9,8,8
9799,260,308,312,283,266,250,240,266,314,315,283,264,248,237,264,315,316,284,266,249,238
9800,0,0,0,0,0,0,0,0,0,0,0,0,0,0,0,0,0,0,0,0,0
9801,8,8,8,6,6,6,7,8,8,8,6,6,6,7,8,8,8,6,6,6,7
9802,13,15,16,17,14,8,8,13,15,16,17,14,8,8,13,14,16,17,14,8,8
9803,3,3,3,3,3,3,3,3,3,3,3,3,3,3,3,3,3,3,3,3,3
9804,0,0,0,0,0,0,0,0,0,0,0,0,0,0,0,0,0,0,0,0,0
9805,7,10,7,7,5,6,7,6,10,7,7,5,6,7,6,10,7,7,5,6,7
9806,4,3,2,1,2,2,3,3,3,2,1,2,2,3,3,3,2,1,2,2,3
9807,2,2,2,2,2,1,2,2,2,3,2,2,2,2,2,3,4,3,3,2,2
9808,2,2,2,2,2,2,2,2,2,2,2,2,2,2,2,3,2,2,2,2,2
9809,2,1,2,2,2,2,2,2,1,2,2,2,2,2,2,1,2,2,2,2,2
9810,3,3,2,2,2,1,2,2,2,2,2,2,1,2,2,2,2,2,2,1,2
9811,1,1,1,1,1,1,0,1,1,1,1,1,1,0,1,1,1,1,1,1,0
9812,1,1,1,1,1,1,0,1,1,1,1,1,1,0,1,1,1,1,1,1,0
9813,11,12,10,9,9,9,9,11,12,10,9,9,9,9,11,12,10,9,9,9,9
9814,1,1,1,1,1,1,1,1,1,1,1,1,1,1,1,1,1,1,1,1,1
9815,1,1,0,0,0,1,0,1,1,0,0,0,1,0,1,1,0,0,0,1,0
9816,0,0,0,0,0,0,0,0,0,0,0,0,0,0,0,0,0,0,0,0,0
9817,0,0,0,1,1,1,0,0,0,0,1,1,1,0,0,0,0,1,1,1,0
9818,2,4,4,4,3,2,1,2,4,4,4,3,2,1,2,4,4,4,3,2,1
9819,2,2,2,2,2,2,2,2,2,2,2,2,2,2,2,2,2,2,2,2,2
9820,0,0,0,0,0,0,0,0,0,0,0,0,0,0,0,0,0,0,0,0,0
9821,0,0,0,0,0,0,0,0,0,0,0,0,0,0,0,0,0,0,0,0,0
9822,0,0,0,0,0,0,0,0,0,0,0,0,0,0,0,0,0,0,0,0,0
9823,1,2,2,2,2,1,1,2,2,3,2,2,2,1,2,3,3,3,2,2,2
9824,2,2,1,2,1,2,1,1,2,1,2,1,1,1,1,2,1,2,1,1,1
9825,1,1,1,2,3,8,27,31,21,9,4,3,4,15,19,21,18,13,9,8,15
9826,5,4,4,3,3,3,3,3,2,2,2,2,2,3,3,2,2,2,2,2,2
9827,4,3,2,2,1,1,2,2,2,2,2,1,1,2,1,1,1,1,1,1,1
9828,0,0,0,0,0,0,0,0,0,0,0,0,0,0,0,0,0,0,0,0,0
9829,0,0,0,1,1,1,1,1,1,1,1,1,1,1,1,1,1,1,1,1,1
9830,2,2,2,2,2,2,1,2,2,2,2,2,2,1,2,2,2,2,2,2,1
9831,2,3,3,3,3,3,2,2,3,3,3,3,3,2,2,3,3,3,3,3,2
9832,0,0,0,0,0,0,0,0,0,0,0,0,0,0,0,0,0,0,0,0,0
9833,27,39,43,28,34,24,15,27,39,43,28,34,24,15,27,39,43,28,34,24,15
9834,42,43,45,40,36,32,34,42,45,48,43,39,34,36,43,43,41,35,34,30,33
9835,15,15,15,13,12,12,13,16,20,22,20,17,15,16,17,19,18,16,14,13,14
9836,0,0,0,0,0,0,0,0,0,0,0,0,0,0,0,0,0,0,0,0,0
9837,4,4,4,3,2,2,3,4,4,4,3,2,2,3,4,4,4,3,2,2,3
9838,2,2,2,1,2,1,1,2,2,2,2,2,1,1,2,2,2,2,2,1,2
9839,0,0,0,0,0,0,0,0,0,0,0,0,0,0,0,0,0,0,0,0,0
9840,0,0,0,0,0,0,0,0,0,0,0,0,0,0,0,0,0,0,0,0,0
9841,1,1,1,1,1,0,1,1,1,1,1,1,0,1,1,1,1,1,1,0,1
9842,0,0,0,0,0,0,1,0,0,0,0,0,0,1,0,0,0,0,0,0,0
9843,0,0,0,0,0,0,0,0,0,0,0,0,0,0,0,0,0,0,0,0,0
9844,16,15,15,14,12,11,11,16,15,15,14,12,11,11,16,15,15,14,12,11,11
9845,5,7,9,8,7,4,3,5,7,9,8,7,5,3,5,6,8,8,7,4,3
9846,0,0,0,0,0,0,0,0,0,0,0,0,0,0,0,0,0,0,0,0,0
9847,0,0,0,0,0,0,0,1,1,1,1,1,0,0,1,1,1,1,1,1,1
9848,2,2,2,2,2,2,2,2,2,2,2,2,2,2,2,2,2,2,2,2,2
9849,0,0,0,0,0,0,0,0,0,0,0,0,0,0,0,0,0,0,0,0,0
9850,0,0,0,0,0,0,0,0,0,0,0,0,0,0,0,0,0,0,0,0,0
9851,0,0,0,0,0,0,0,0,0,0,0,0,0,0,0,0,0,0,0,0,0
9852,17,17,18,15,12,13,12,15,16,18,15,13,13,11,14,15,17,15,12,12,11
9853,24,26,28,25,22,18,17,21,25,28,25,22,18,17,22,26,29,26,23,19,18
9854,0,0,1,0,0,0,0,0,0,1,0,0,0,0,0,0,1,0,0,0,0
9855,36,42,40,31,29,27,28,35,42,40,32,30,27,28,35,42,40,32,30,28,29
9856,8,9,9,7,6,5,6,8,10,11,9,7,5,6,8,9,9,7,6,5,6
9857,1,1,1,1,1,1,1,1,1,1,1,1,1,1,1,1,1,1,1,1,1
9858,1,2,3,2,2,1,1,1,2,3,3,2,1,1,1,2,3,3,2,1,1
9859,22,28,29,27,22,20,23,27,34,34,29,24,20,22,26,32,32,28,23,21,23
9860,15,16,16,14,12,11,13,17,24,30,28,23,19,20,24,27,26,20,15,12,13
9861,0,1,0,0,0,0,0,0,1,0,0,0,0,0,0,1,0,0,0,0,0
9862,4,5,5,4,4,3,3,4,5,6,5,4,3,3,4,5,5,4,3,3,3
9863,2,2,3,2,2,2,1,2,2,3,2,2,2,1,2,3,3,2,2,2,2
9864,3,3,4,3,3,2,3,4,4,4,3,3,2,3,3,4,4,3,3,3,4
9865,1,1,2,1,1,1,1,2,2,2,1,1,1,1,2,2,2,2,1,1,2
9866,7,8,8,6,6,4,4,6,7,8,6,5,4,4,5,6,8,6,6,4,4
9867,23,24,27,25,23,20,18,22,27,32,31,28,25,22,26,29,31,27,24,21,19
9868,4,4,5,3,2,2,2,3,4,5,4,3,2,2,4,5,5,4,3,3,2
9869,0,0,0,0,0,0,0,0,0,0,0,0,0,0,0,0,0,0,0,0,0
9870,0,0,0,0,0,0,0,0,0,0,0,0,0,0,0,0,0,0,0,0,0
9871,0,0,0,0,0,0,0,0,0,0,0,0,0,0,0,0,0,0,0,0,0
9872,0,0,0,0,0,0,0,0,0,0,0,0,0,0,0,0,0,0,0,0,0
9873,0,0,0,0,0,0,0,0,0,0,0,0,0,0,0,0,0,0,0,0,0
9874,0,0,0,0,0,0,0,0,0,0,0,0,0,0,0,0,0,0,0,0,0
9875,0,0,0,0,0,0,0,0,0,0,0,0,0,0,0,0,0,0,0,0,0
9876,0,0,0,0,0,0,0,0,0,0,0,0,0,0,0,0,0,0,0,0,0
9877,0,0,0,0,0,0,0,0,0,0,0,0,0,0,0,0,0,0,0,0,0
9878,54,56,57,58,52,51,50,54,56,57,58,52,51,50,54,56,57,58,52,51,50
9879,2,2,2,2,1,2,3,2,2,2,2,1,2,3,2,2,2,2,1,2,3
9880,0,0,0,0,0,0,0,0,0,0,0,0,0,0,0,0,0,0,0,0,0
9881,1,1,1,1,1,1,1,1,1,1,1,1,1,1,1,1,1,1,1,1,1
9882,2,3,4,3,3,2,2,2,3,4,3,3,2,2,2,4,4,3,3,2,2
9883,2,2,2,2,2,2,2,2,2,2,2,2,2,2,2,2,2,2,2,2,2
9884,1,1,1,1,1,1,1,1,1,1,1,1,1,1,1,1,1,1,1,1,1
9885,14,15,16,15,13,11,11,15,18,19,18,15,13,12,15,16,17,16,15,13,13
9886,1,1,1,1,0,0,0,0,0,0,0,0,0,1,1,1,1,1,1,1,2
9887,5,5,5,5,4,4,4,5,5,5,5,4,4,4,5,6,6,5,5,5,5
9888,3,3,4,4,4,3,3,3,3,4,4,4,3,3,4,3,4,4,4,3,3
9889,37,41,50,45,38,28,30,41,53,64,55,44,30,30,40,49,58,49,40,29,30
9890,1,1,0,0,0,0,0,0,0,0,0,0,0,0,0,0,0,0,0,0,0
9891,2,2,2,2,2,2,2,2,2,2,2,2,2,2,2,2,2,2,2,2,2
9892,2,2,2,2,2,2,2,2,2,2,2,2,2,2,2,2,2,2,2,2,2
9893,9,8,7,7,6,5,6,6,7,7,6,5,4,5,5,6,6,6,5,4,5
9894,3,1,2,2,1,1,2,1,0,1,1,1,1,1,1,0,1,1,1,1,1
9895,0,0,0,0,0,0,0,0,0,0,0,0,0,0,0,0,0,0,0,0,0
9896,4,3,3,2,2,2,2,3,3,3,3,2,2,2,3,3,3,2,2,2,2
9897,15,17,17,14,11,10,10,12,15,17,15,13,11,11,12,13,14,13,11,10,11
9898,11,12,12,10,9,7,8,10,11,11,10,9,7,8,11,11,11,10,9,7,8
9899,39,40,37,32,26,22,25,35,42,44,39,33,28,30,37,40,38,33,27,22,25
9900,13,14,13,10,9,10,11,12,13,13,10,9,10,11,12,14,13,10,10,11,11
9901,25,33,35,32,26,20,19,26,35,36,33,27,20,20,27,34,36,33,27,21,21
9902,740,793,871,839,764,676,628,766,814,877,827,738,633,580,716,765,831,791,711,619,577
9903,62,68,76,65,55,46,48,62,68,76,65,55,46,48,62,68,76,65,55,46,48
9904,44,46,46,40,34,32,39,53,52,42,32,26,22,21,28,33,34,29,26,24,23
9905,17,18,24,21,16,9,9,15,17,24,23,17,10,9,13,14,22,20,15,8,8
9906,4,4,4,3,3,3,4,4,5,5,4,4,4,4,5,5,4,4,3,3,4
9907,1,1,1,1,1,1,1,1,1,1,1,1,1,1,1,1,1,1,1,1,1
9908,21,17,16,13,12,12,15,20,19,16,12,11,10,11,13,11,11,10,10,11,12
9909,0,0,0,0,0,0,0,0,0,0,0,0,0,0,0,0,0,0,0,0,0
9910,12,10,10,9,7,7,10,15,14,11,8,6,5,6,10,9,8,6,5,6,7
9911,0,0,0,0,0,0,0,0,0,0,0,0,0,0,0,0,0,0,0,0,0
9912,0,0,0,0,0,0,0,0,0,0,0,0,0,0,0,0,0,0,0,0,0
9913,0,0,0,10,1,0,0,0,0,0,10,1,0,0,0,0,0,10,1,0,0
9914,0,0,0,0,0,0,0,0,0,0,0,0,0,0,0,0,0,0,0,0,0
9915,0,0,0,0,0,0,0,0,0,0,0,0,0,0,0,0,0,0,0,0,0
9916,1,1,1,1,1,1,1,1,1,1,1,1,1,1,1,1,1,1,1,1,1
9917,21,25,24,21,18,16,17,21,25,24,21,18,16,17,21,25,24,21,18,16,17
9918,3,4,4,4,4,3,3,3,4,4,4,4,3,3,3,4,4,4,4,3,3
9919,10,11,12,10,8,8,9,10,11,12,10,8,8,9,10,11,12,10,8,8,9
9920,0,0,1,1,1,1,1,0,0,0,0,0,0,0,0,0,0,0,0,0,0
9921,0,0,0,0,0,0,0,0,0,0,0,0,0,0,0,0,0,0,0,0,0
9922,0,0,0,0,0,0,0,0,0,0,0,0,0,0,0,0,0,0,0,0,0
9923,0,0,0,0,0,0,0,0,0,0,0,0,0,0,0,0,1,1,1,1,1
9924,0,0,0,0,0,0,0,0,0,0,0,0,0,0,0,0,0,0,0,0,0
9925,0,0,0,0,0,0,0,1,1,1,1,1,0,0,1,1,1,1,1,1,1
9926,1,1,1,1,1,1,1,1,1,1,1,1,1,1,1,1,1,1,1,1,1
9927,11,11,11,9,10,10,10,11,11,11,9,10,10,10,11,11,11,9,10,10,10
9928,0,0,0,0,0,0,0,0,0,0,0,0,0,0,0,0,0,0,0,0,0
9929,24,18,20,23,22,22,20,24,18,20,23,22,22,20,24,18,20,23,22,22,20
9930,1,1,1,0,0,0,1,1,1,1,0,0,0,1,1,1,1,0,0,0,1
9931,12,10,18,27,30,27,38,12,10,18,27,30,27,38,12,10,18,27,30,27,38
9932,0,3,3,2,0,0,0,0,3,3,2,0,0,0,0,3,3,2,0,0,0
9933,1,1,1,1,1,1,1,1,1,1,1,1,1,1,1,1,1,1,1,1,1
9934,0,0,0,0,0,0,0,0,0,0,0,0,0,0,0,0,0,0,0,0,0
9935,0,0,0,0,0,0,0,0,0,0,0,0,0,0,0,0,0,0,0,0,0
9936,0,0,0,0,0,0,0,0,0,0,0,0,0,0,0,0,0,0,0,0,0
9937,0,0,0,0,0,0,0,0,0,0,0,0,0,0,0,0,0,0,0,0,0
9938,0,0,0,0,0,0,0,0,0,0,0,0,0,0,0,0,0,0,0,0,0
9939,0,0,0,0,0,0,0,0,0,0,0,0,0,0,0,0,0,0,0,0,0
9940,0,0,0,0,0,0,0,0,0,0,0,0,0,0,0,0,0,0,0,0,0
9941,0,0,0,0,0,0,0,0,0,0,0,0,0,0,0,0,0,0,0,0,0
9942,0,0,0,0,0,0,0,0,0,0,0,0,0,0,0,0,0,0,0,0,0
9943,0,0,0,0,0,0,0,0,0,0,0,0,0,0,0,0,0,0,0,0,0
9944,49,55,51,50,44,44,39,47,54,51,50,44,44,39,47,53,49,49,43,43,38
9945,12,15,14,16,16,12,13,12,15,14,16,16,12,13,12,15,14,16,16,12,13
9946,0,0,0,1,1,1,2,2,3,3,4,4,4,4,4,3,3,2,2,1,1
9947,0,0,0,0,0,0,0,0,0,0,0,0,0,0,0,0,0,0,0,0,0
9948,0,0,0,0,0,0,0,0,0,0,0,0,0,0,0,0,0,0,0,0,0
9949,0,0,0,0,0,0,0,0,0,0,0,0,0,0,0,0,0,0,0,0,0
9950,0,0,0,0,0,0,0,0,0,0,0,0,0,0,0,0,0,0,0,0,0
9951,6,6,6,6,5,4,5,7,7,7,7,6,5,4,6,6,6,6,5,4,4
9952,16,15,14,12,10,9,10,12,13,14,12,10,9,9,11,11,11,10,8,8,8
9953,3,4,4,4,3,3,3,3,4,4,4,3,3,3,3,4,4,4,3,3,3
9954,2,2,3,2,2,2,2,2,3,3,3,2,2,2,3,3,3,3,2,2,2
9955,0,0,0,0,0,0,0,0,0,0,0,0,0,0,0,0,0,0,0,0,0
9956,0,0,0,0,0,0,0,0,0,0,0,0,0,0,0,0,0,0,0,0,0
9957,21,22,22,22,20,18,18,20,21,22,21,19,17,18,19,20,21,21,19,17,18
9958,0,0,0,0,0,0,0,0,0,0,0,0,0,0,0,0,0,0,0,0,0
9959,0,0,0,0,0,0,0,0,0,0,0,0,0,0,0,0,0,0,0,0,0
9960,0,0,0,0,0,0,0,0,0,0,0,0,0,0,0,0,0,0,0,0,0
9961,0,0,0,0,0,0,0,0,0,0,0,0,0,0,0,0,0,0,0,0,0
9962,0,0,0,0,0,0,0,0,0,0,0,0,0,0,0,0,0,0,0,0,0
9963,0,0,1,1,0,0,0,0,0,1,1,0,0,0,0,0,1,1,0,0,0
9964,0,0,0,0,1,0,0,0,0,0,0,1,0,0,0,0,0,0,1,0,0
9965,0,0,0,0,0,0,0,0,0,0,0,0,0,0,0,0,0,0,0,0,0
9966,0,0,0,0,0,0,0,0,0,0,0,0,0,0,0,0,0,0,0,0,0
9967,1,1,1,1,1,1,0,1,1,1,1,1,1,0,1,1,1,1,1,1,0
9968,1,1,2,2,2,2,1,1,1,2,2,2,2,1,1,1,2,2,2,2,1
9969,0,0,0,0,0,0,0,0,0,0,0,0,0,0,0,0,0,0,0,0,0
9970,0,0,0,0,0,0,0,0,0,0,0,0,0,0,0,0,0,0,0,0,0
9971,0,0,0,0,0,0,0,0,0,0,0,0,0,0,0,0,0,0,0,0,0
9972,4,4,4,4,3,3,3,4,4,4,4,3,3,3,4,4,4,4,3,3,3
9973,14,16,16,14,12,11,11,13,15,17,16,15,13,13,17,20,19,16,14,13,13
9974,1,1,2,2,2,1,1,1,1,2,2,2,1,1,1,1,2,2,2,1,1
9975,1,1,1,1,1,1,1,1,1,1,1,1,1,1,1,1,1,1,1,1,1
9976,4,3,3,3,3,4,4,5,4,4,4,4,4,4,5,5,4,4,4,5,5
9977,6,3,2,2,2,2,2,3,3,2,2,3,4,6,6,5,3,2,1,1,1
9978,0,1,1,1,0,1,0,0,1,1,1,0,1,0,0,1,1,1,0,1,0
9979,1,1,1,1,1,1,1,1,1,1,1,1,1,1,1,1,1,1,1,1,1
9980,2,2,2,2,2,1,1,2,2,2,2,2,1,1,2,2,2,2,2,1,1
9981,1,1,1,2,2,2,2,3,3,2,2,2,1,1,1,1,1,1,1,1,1
9982,0,0,0,0,0,0,0,0,0,0,0,0,0,0,0,0,0,0,0,0,0
9983,1,2,1,1,1,1,1,1,2,2,2,2,1,2,2,2,2,2,2,1,2
9984,17,21,20,21,18,16,15,17,21,20,21,18,16,15,17,21,20,21,18,16,15
9985,3,4,4,2,2,2,1,3,4,4,2,2,2,1,3,4,4,2,2,2,1
9986,3,4,6,8,8,6,4,3,4,6,8,8,6,4,3,4,6,8,8,6,4
9987,145,184,182,126,136,104,157,145,184,182,126,136,104,157,145,184,182,126,136,104,157
9988,115,116,122,94,125,119,94,114,115,121,94,125,119,94,114,115,121,94,125,119,94
9989,16,9,11,0,0,0,7,16,9,11,0,0,0,7,16,9,11,0,0,0,7
9990,0,0,0,0,0,0,0,0,0,0,0,0,0,0,0,0,0,0,0,0,0
9991,20,9,19,5,0,1,16,21,10,20,5,1,1,16,20,9,19,5,0,1,16
9992,2,2,2,2,2,2,1,2,2,3,2,2,2,1,2,2,3,2,2,2,1
9993,29,16,29,1,0,1,20,29,16,29,1,0,1,20,29,16,29,1,0,1,20
9994,3,2,3,2,2,2,2,3,2,3,2,2,2,2,3,2,3,2,2,2,2
9995,0,0,0,0,0,0,0,0,0,0,0,0,0,0,0,0,0,0,0,0,0
9996,0,0,0,3,0,0,0,0,0,0,3,0,0,0,0,0,0,3,0,0,0
9997,58,46,47,61,49,65,71,58,46,47,61,49,65,71,58,46,47,61,49,65,71
9998,0,0,0,15,18,0,0,0,0,0,15,18,0,0,0,0,0,15,18,0,0
9999,0,0,0,0,0,1,4,1,1,0,0,0,0,3,0,0,0,0,0,0,3
10000,0,0,0,0,0,0,0,0,0,0,0,0,0,0,0,0,0,0,0,0,0
10001,0,0,2,0,0,0,0,0,0,2,0,0,0,0,0,0,2,0,0,0,0
10002,3,1,0,0,0,0,0,3,1,0,0,0,0,0,3,1,0,0,0,0,0
10003,21,23,24,23,22,21,20,22,23,23,22,21,20,19,22,25,25,24,23,22,20
10004,61,55,51,45,47,49,54,62,63,60,53,54,54,58,67,65,62,53,53,53,58
10005,8,9,8,9,8,7,7,9,10,9,9,8,8,7,9,10,9,9,8,7,7
10006,0,0,0,0,0,0,0,0,0,0,0,0,0,0,0,0,0,0,0,0,0
10007,0,0,0,0,0,0,0,0,0,0,0,1,0,0,0,0,0,0,1,0,0
10008,0,0,0,0,0,0,0,0,0,0,0,0,0,0,0,0,0,0,0,0,0
10009,0,0,0,0,0,0,0,0,0,0,0,0,0,0,0,0,0,0,0,0,0
10010,0,0,0,0,0,0,0,0,0,0,0,0,0,0,0,0,0,0,0,0,0
10011,0,0,0,0,0,0,0,0,0,0,0,0,0,0,0,0,0,0,0,0,0
10012,1,1,1,1,1,1,1,1,1,1,1,1,1,1,1,1,1,1,1,1,1
10013,0,0,0,0,0,0,0,0,0,0,0,0,0,0,0,0,0,0,0,0,0
10014,0,0,0,0,0,0,0,0,0,0,1,1,1,1,1,1,1,1,1,0,0
10015,14,17,17,18,17,17,17,20,22,21,21,20,19,20,23,25,23,21,19,18,19
10016,0,1,1,1,0,0,0,0,1,1,1,0,0,0,0,1,1,1,0,0,0
10017,3,3,3,3,2,2,2,3,3,3,3,2,2,2,3,3,3,3,2,2,2
10018,1,1,1,1,1,1,1,1,1,1,1,1,1,1,1,1,1,1,1,1,1
10019,0,0,0,0,0,0,0,0,0,0,0,0,0,0,0,0,0,0,0,0,0
10020,0,0,0,0,0,0,0,0,0,0,0,0,0,0,0,0,0,0,0,0,0
10021,0,0,0,0,0,0,0,0,0,0,0,0,0,0,0,0,0,0,0,0,0
10022,0,0,0,0,0,0,0,0,0,0,0,0,0,0,0,0,0,0,0,0,0
10023,0,0,0,0,0,0,0,0,0,0,0,0,0,0,0,0,0,0,0,0,0
10024,5,5,6,5,5,4,4,5,5,6,5,5,4,4,5,5,6,5,5,4,4
10025,0,0,0,0,0,0,0,0,0,0,0,0,0,0,0,0,0,0,0,0,0
10026,3,3,3,2,2,2,2,3,3,3,2,2,2,2,3,3,3,2,2,2,2
10027,4,4,4,4,4,3,3,4,4,4,4,4,3,3,4,4,4,4,4,3,3
10028,4,4,5,4,3,3,3,4,4,5,4,3,3,3,4,4,5,4,3,3,3
10029,0,0,0,0,0,0,0,0,0,0,0,0,0,0,0,0,0,0,0,0,0
10030,1,2,2,1,1,1,1,2,2,2,1,1,1,2,3,3,3,3,3,3,3
10031,0,1,0,0,0,0,0,0,1,0,0,0,0,0,0,1,0,0,0,0,0
10032,0,0,0,0,0,0,0,0,0,0,0,0,0,0,0,0,0,0,0,0,0
10033,11,11,12,11,10,9,10,12,13,15,14,13,12,12,14,15,15,13,11,11,11
10034,1,1,1,1,1,1,1,1,1,1,1,1,1,1,1,1,1,1,1,1,1
10035,120,120,102,93,75,86,105,113,117,99,90,76,90,111,118,120,100,89,74,87,107
10036,5,6,6,6,5,4,5,5,6,6,5,4,4,4,5,7,7,6,5,5,5
10037,1,1,1,1,1,1,1,1,1,1,1,1,1,1,1,1,1,1,1,1,1
10038,1,2,2,1,1,1,2,1,2,2,1,1,1,2,1,2,2,1,1,1,2
10039,5,6,6,5,4,2,3,4,6,7,6,4,2,3,4,5,6,5,4,3,4
10040,1,1,1,1,1,0,0,1,1,1,1,1,0,0,1,1,1,1,1,0,0
10041,2,2,1,1,1,1,1,2,2,1,1,1,1,1,2,2,1,1,1,1,1
10042,18,21,21,17,15,13,14,17,20,20,17,15,13,14,18,20,20,17,16,13,14
10043,7,8,9,7,5,3,4,6,8,11,10,7,5,5,7,8,9,8,5,5,5
10044,6,6,6,4,3,2,3,3,4,4,4,3,3,3,3,3,4,3,3,2,3
10045,10,13,14,13,12,10,11,12,15,15,14,12,10,11,12,15,16,15,13,11,12
10046,12,14,14,13,11,9,9,12,14,14,13,11,9,9,12,14,14,13,11,9,9
10047,1,1,1,1,1,1,1,1,1,1,1,1,1,1,1,1,1,1,1,1,1
10048,0,0,0,0,0,0,0,0,0,0,0,0,0,0,0,0,0,0,0,0,0
10049,3,3,2,2,2,2,3,3,3,3,3,3,3,3,3,3,2,2,2,2,3
10050,0,1,1,1,0,0,0,0,1,1,1,0,0,0,0,1,1,1,0,0,0
10051,86,93,95,84,74,68,66,85,94,95,84,74,67,66,84,93,95,84,74,68,66
10052,22,24,25,22,20,18,20,22,23,24,21,19,18,20,23,24,26,22,20,18,20
10053,5,4,4,4,3,3,3,4,4,5,5,4,3,4,4,4,4,4,4,3,4
10054,2,3,2,2,2,2,2,2,3,2,2,2,2,2,2,3,2,2,2,2,2
10055,9,9,7,5,4,4,5,7,9,9,8,6,6,6,8,10,9,7,6,5,6
10056,0,0,0,0,0,0,0,0,0,0,0,0,0,0,0,0,0,0,0,0,0
10057,77,80,84,76,67,64,73,79,88,91,82,70,65,72,77,85,88,79,68,64,72
10058,6,7,8,7,5,4,4,6,7,8,7,5,4,4,6,7,8,7,5,4,4
10059,4,3,4,4,4,2,3,4,3,4,4,4,2,3,4,3,4,4,4,2,3
10060,7,8,8,7,6,5,5,7,8,8,7,6,5,5,7,8,8,7,6,5,5
10061,1,1,1,1,1,1,1,1,1,1,1,1,1,0,0,0,0,1,1,1,0
10062,5,4,4,4,3,3,3,3,3,4,4,3,2,2,3,3,3,3,3,2,2
10063,1,1,1,1,1,1,1,1,1,1,1,1,1,1,1,1,1,1,1,1,1
10064,2,3,2,2,2,1,1,2,2,2,2,1,1,1,2,2,2,2,1,1,1
10065,5,5,5,4,3,3,3,4,5,5,4,3,3,3,4,5,4,3,3,3,3
10066,1,1,1,1,1,1,1,1,1,1,1,1,1,1,1,1,1,1,1,1,1
10067,1,1,1,1,1,0,1,1,1,1,1,1,0,1,1,1,1,1,1,1,1
10068,0,0,0,0,0,0,0,0,0,0,0,0,0,0,0,0,0,0,0,0,1
10069,0,0,0,0,0,0,0,0,0,0,0,0,0,0,0,0,0,0,0,0,0
10070,0,0,0,0,0,0,1,0,0,0,0,0,0,1,0,0,0,0,0,0,1
10071,1,1,1,1,2,2,1,1,1,1,1,2,2,1,1,1,1,1,2,2,1
10072,0,0,0,0,0,0,0,0,0,0,0,0,0,0,0,0,0,0,0,0,0
10073,4,4,4,3,2,2,3,3,4,4,3,2,2,2,3,3,3,3,2,2,3
10074,0,0,0,0,0,0,0,0,0,0,0,0,0,0,0,0,0,0,0,0,0
10075,0,0,0,0,0,0,0,0,0,0,0,0,0,0,0,0,0,0,0,0,0
10076,0,0,0,0,0,0,0,0,0,0,0,0,0,0,0,0,0,0,0,0,0
10077,0,0,0,0,0,0,0,0,0,0,0,0,0,0,0,0,0,0,0,0,0
10078,0,0,0,0,0,0,0,0,0,0,0,0,0,0,0,0,0,0,0,0,0
10079,0,0,0,0,0,0,0,0,0,0,0,0,0,0,0,0,0,0,0,0,0
10080,0,0,0,0,0,0,0,0,0,0,0,0,0,0,0,0,0,0,0,0,0
10081,0,0,0,0,0,0,0,0,0,0,1,1,1,1,1,1,0,0,1,1,1
10082,0,0,0,0,0,0,0,0,0,0,0,0,0,0,0,0,0,0,0,0,0
10083,0,0,0,0,0,0,0,0,0,0,0,0,0,0,0,0,0,0,0,0,0
10084,1,1,1,1,1,1,1,1,1,1,1,1,1,1,1,1,1,1,1,1,1
10085,0,0,0,0,0,0,0,0,0,0,0,0,0,0,0,0,0,0,0,0,0
10086,0,0,0,0,0,0,0,0,0,0,0,0,0,0,0,0,0,0,0,0,0
10087,0,0,0,0,0,0,0,0,0,0,0,0,0,0,0,0,0,0,0,0,0
10088,0,0,0,0,0,0,0,0,0,0,0,0,0,0,0,0,0,0,0,0,0
10089,0,0,0,0,0,0,0,0,0,0,0,0,0,0,0,0,0,0,0,0,0
10090,0,0,0,0,0,0,0,0,0,0,0,0,0,0,0,0,0,0,0,0,0
10091,0,0,0,0,0,0,0,0,0,0,0,0,0,0,0,0,0,0,0,0,0
10092,0,0,0,0,0,0,0,0,0,0,0,0,0,0,0,0,0,0,0,0,0
10093,0,0,0,0,0,0,0,0,0,0,0,0,0,0,0,0,0,0,0,0,0
10094,0,0,0,0,0,0,0,0,0,0,0,0,0,0,0,0,0,0,0,0,0
10095,1,1,1,1,1,1,1,1,1,1,1,1,1,1,1,1,1,1,1,1,1
10096,0,0,0,0,0,0,0,0,0,0,0,0,0,0,0,0,0,0,0,0,0
10097,0,0,0,0,0,0,0,0,0,0,0,0,0,0,0,0,0,0,0,0,0
10098,0,0,0,0,0,0,0,0,0,0,0,0,0,0,0,0,0,0,0,0,0
10099,0,0,0,0,0,0,0,0,0,0,0,0,0,0,0,0,0,0,0,0,0
10100,1,1,1,1,1,1,1,1,1,1,1,1,1,1,1,1,1,1,1,1,1
10101,0,0,0,0,0,0,0,0,0,0,0,0,0,0,0,0,0,0,0,0,0
10102,0,0,0,0,0,0,0,0,0,0,0,0,0,0,0,0,0,0,0,0,0
10103,0,0,0,0,0,0,0,0,0,0,0,0,0,0,0,0,0,0,0,0,0
10104,0,0,0,0,0,0,0,0,0,0,0,0,0,0,0,0,0,0,0,0,0
10105,20,15,12,11,11,11,13,15,14,13,13,12,12,13,14,12,11,10,11,11,13
10106,25,25,23,22,19,20,22,24,24,23,22,19,20,22,24,25,23,22,19,20,23
10107,2,2,2,1,1,1,1,2,2,2,2,1,1,1,1,1,1,1,1,1,1
10108,16,15,14,14,13,13,13,16,15,14,14,13,13,13,16,15,14,14,13,13,13
10109,16,16,15,12,11,12,13,16,16,15,12,11,12,13,16,16,15,12,11,12,13
10110,16,18,18,18,21,16,17,16,18,18,18,21,16,17,16,18,18,18,21,16,17
10111,1,1,1,1,1,1,1,1,1,1,1,1,1,1,1,1,1,1,1,1,1
10112,2,2,3,2,2,2,2,2,2,3,2,2,2,2,2,2,3,2,2,2,2
10113,19,20,20,17,15,12,14,19,34,51,42,27,19,17,19,19,19,16,15,12,13
10114,2,3,3,2,2,1,2,3,3,3,2,2,1,2,3,3,3,3,2,1,2
10115,2,2,2,2,2,1,2,2,2,2,2,2,1,2,2,2,2,2,2,1,2
10116,0,0,0,0,0,0,0,0,0,0,0,0,0,0,0,0,0,0,0,0,0
10117,3,3,3,3,3,2,2,3,3,3,4,3,3,2,3,3,3,4,3,3,2
10118,0,0,0,0,0,0,0,0,0,0,0,0,0,0,0,0,0,0,0,0,0
10119,2,2,2,2,2,2,2,2,2,2,2,2,2,2,2,3,3,3,2,2,2
10120,9,12,10,9,7,6,7,9,11,10,9,7,6,7,9,12,10,9,8,7,7
10121,2,2,2,1,1,2,1,2,2,2,1,1,2,1,2,2,2,2,1,2,2
10122,0,0,0,0,0,0,0,0,0,0,0,0,0,0,0,0,0,0,0,0,0
10123,6,6,6,5,4,3,3,4,6,6,5,4,3,3,5,6,6,5,4,4,4
10124,1,1,1,1,1,1,1,1,1,1,1,1,1,1,1,1,1,1,1,1,1
10125,0,0,0,0,0,0,1,0,0,0,0,0,0,1,0,0,0,0,0,0,1
10126,1,1,1,1,1,1,1,1,1,1,1,1,1,1,1,1,1,1,1,1,1
10127,1,1,1,1,1,1,1,1,1,1,1,1,1,1,1,1,1,1,1,1,1
10128,49,55,49,44,32,33,35,44,52,50,47,35,35,37,46,53,49,45,33,35,38
10129,14,15,14,11,9,9,10,13,14,14,11,9,8,9,12,13,13,11,9,8,9
10130,21,22,21,17,15,13,14,16,19,20,17,16,14,15,17,19,19,16,15,13,15
10131,4,4,5,4,4,3,3,4,4,4,4,4,3,3,4,4,5,4,4,3,3
10132,0,0,0,0,0,0,0,0,0,0,0,0,0,0,0,0,0,0,0,0,0
10133,0,0,0,0,0,0,0,0,0,0,0,0,0,0,0,0,0,0,0,0,0
10134,0,1,0,0,0,0,0,0,1,0,0,0,0,0,0,1,0,0,0,0,0
10135,6,6,6,5,4,4,5,6,7,7,6,5,4,5,5,5,5,4,3,3,4
10136,7,8,8,7,5,4,5,6,8,8,7,6,5,5,7,8,9,7,6,5,6
10137,1,1,1,1,1,1,1,1,1,1,1,1,1,1,1,1,1,1,1,1,1
10138,8,8,8,7,6,6,7,9,8,7,6,5,5,7,8,8,7,7,5,5,7
10139,9,11,10,9,8,7,7,9,11,10,9,8,7,6,9,11,10,9,8,7,6
10140,0,0,0,0,0,0,0,0,0,0,0,0,0,0,0,0,0,0,0,0,0
10141,0,0,0,0,0,0,0,0,0,0,0,0,0,0,0,0,0,0,0,0,0
10142,10,11,13,8,8,7,9,10,11,13,8,8,7,9,10,11,13,8,8,7,9
10143,4,5,5,4,3,3,3,4,5,4,3,3,3,3,4,5,4,3,3,3,3
10144,3,3,3,3,3,2,2,3,3,3,3,3,2,2,3,3,3,3,3,2,2
10145,18,21,25,22,18,16,15,18,21,25,22,18,16,15,18,21,25,22,18,16,15
10146,1,1,1,1,1,1,0,1,1,1,1,1,1,0,1,1,1,1,1,1,1
10147,0,0,0,0,0,0,0,0,0,0,0,0,0,0,0,0,0,0,0,0,0
10148,0,1,1,1,1,1,1,0,1,1,1,1,1,1,0,1,1,1,1,1,1
10149,1,1,0,0,0,0,0,0,0,0,0,0,0,0,1,1,1,1,1,1,1
10150,1,2,1,1,1,1,1,1,2,1,1,1,1,1,1,2,1,1,1,1,1
10151,5,6,4,4,3,4,4,5,6,4,4,3,4,4,5,6,4,4,3,4,4
10152,1,1,1,1,0,0,1,1,1,1,1,0,0,1,1,1,1,1,0,0,1
10153,12,11,11,13,10,10,9,12,11,11,13,10,10,9,12,11,11,13,10,10,9
10154,0,0,0,0,0,0,0,0,0,0,0,0,0,0,0,0,0,0,0,0,0
10155,2,3,2,2,1,1,2,2,3,2,2,1,1,2,2,3,2,2,1,1,2
10156,0,0,0,0,0,0,0,0,0,0,0,0,0,0,0,0,0,0,0,0,0
10157,1,1,1,1,1,1,1,1,1,1,1,1,1,1,1,1,1,1,1,1,1
10158,0,0,0,0,0,0,0,0,0,0,0,0,0,0,0,0,0,0,0,0,0
10159,0,0,0,0,0,0,0,0,0,0,0,0,0,0,0,0,0,0,0,0,0
10160,0,0,0,0,0,0,0,0,0,0,0,0,0,0,0,0,0,0,0,0,0
10161,1,1,1,1,1,1,1,1,1,1,1,1,1,1,1,1,1,1,1,1,1
10162,1,1,0,1,1,0,0,1,1,0,1,1,0,0,0,1,0,1,1,0,0
10163,0,0,0,0,0,0,0,0,0,0,0,0,0,0,0,0,0,0,0,0,0
10164,0,0,0,0,0,0,0,0,0,0,0,0,0,0,0,0,0,0,0,0,0
10165,1,1,1,0,1,1,1,0,1,1,0,1,1,1,0,1,1,0,1,1,1
10166,1,1,1,1,1,0,0,1,1,1,1,1,0,0,1,1,1,1,1,0,0
10167,1,2,2,1,1,1,1,1,2,2,1,1,1,1,2,2,2,2,1,1,1
10168,0,0,0,0,0,0,0,0,0,0,0,0,0,0,0,0,0,0,0,0,0
10169,0,0,0,0,0,0,0,0,0,0,0,0,0,0,0,0,0,0,0,0,0
10170,1,1,1,1,1,1,1,1,1,1,1,1,1,1,1,2,1,1,1,1,1
10171,0,0,0,0,0,0,0,0,0,0,0,0,0,0,0,0,0,0,0,0,0
10172,0,0,0,0,0,0,0,0,0,0,0,0,0,0,0,0,0,0,0,0,0
10173,0,0,0,0,0,0,0,0,0,0,0,0,0,0,0,0,0,0,0,0,0
10174,0,0,0,0,0,0,0,0,0,0,0,0,0,0,0,0,0,0,0,0,0
10175,0,0,0,0,0,0,0,0,0,0,0,0,0,0,0,0,0,0,0,0,0
10176,1,1,1,0,0,0,0,1,1,1,0,0,0,0,1,1,1,0,0,0,0
10177,0,0,0,0,0,0,0,0,0,0,0,0,0,0,0,0,0,0,0,0,0
10178,2,2,2,3,3,3,3,3,3,3,4,4,4,5,5,5,4,4,4,4,4
10179,0,0,0,0,0,0,0,0,0,0,0,0,0,0,0,0,0,0,0,0,0
10180,26,27,26,22,20,18,20,27,29,28,23,21,18,20,26,29,28,24,21,18,20
10181,16,17,16,14,12,12,12,15,17,15,14,12,12,12,15,17,16,15,12,12,12
10182,43,43,43,34,38,36,34,42,43,43,34,38,36,34,41,42,42,33,37,36,33
10183,10,15,14,10,8,9,7,10,14,13,9,8,9,6,9,13,11,8,6,8,5
10184,7,8,8,7,6,6,5,7,7,7,6,6,6,5,6,7,7,6,6,6,5
10185,5,5,5,5,5,4,4,5,5,5,5,5,4,4,5,5,5,5,5,4,4
10186,6,7,8,7,6,5,5,6,7,8,7,6,5,5,6,7,8,7,6,5,5
10187,5,6,6,5,4,3,4,5,6,6,5,4,3,3,5,6,6,5,4,3,4
10188,2,2,2,1,1,1,1,2,2,2,1,1,1,1,2,2,2,1,1,1,1
10189,6,7,8,7,7,6,6,6,7,8,7,7,6,6,6,7,8,8,7,6,6
10190,0,0,0,0,0,0,0,0,0,0,0,0,0,0,0,0,0,0,0,0,0
10191,1,2,1,1,1,1,1,1,2,1,1,1,1,1,1,2,1,1,1,1,1
10192,1,1,1,0,1,0,1,1,1,1,0,1,0,1,1,1,1,0,1,0,1
10193,16,17,17,15,13,11,10,13,15,16,14,13,10,10,13,14,14,13,12,10,9
10194,7,8,8,9,7,7,6,7,8,8,9,7,7,6,7,8,8,9,7,7,6
10195,1,2,2,2,2,1,1,1,2,2,2,2,1,1,1,2,2,2,2,2,2
10196,15,17,16,15,13,13,13,15,17,17,16,13,12,13,15,18,17,15,13,13,13
10197,2,2,2,2,1,1,2,2,2,2,2,1,1,2,2,2,2,2,1,1,2
10198,9,9,8,7,7,5,6,7,7,7,7,6,5,5,6,6,7,7,6,5,6
10199,1,1,2,1,1,1,1,1,1,2,1,1,1,1,1,1,2,1,1,1,1
10200,1,1,1,1,1,1,1,1,1,1,1,1,1,1,1,1,1,1,1,1,1
10201,3,3,3,2,2,2,2,3,3,3,2,2,2,2,3,3,3,2,2,2,2
10202,11,12,12,11,9,8,9,11,12,12,10,9,8,9,11,12,12,11,9,8,9
10203,1,1,1,0,0,0,0,1,1,1,1,0,0,0,1,1,1,1,0,0,0
10204,8,8,9,7,7,7,7,9,9,10,8,8,7,8,10,10,10,8,7,7,7
10205,13,15,16,15,13,12,12,15,17,18,17,15,13,14,16,18,19,18,15,14,15
10206,44,54,62,69,57,42,40,44,53,62,69,57,41,40,44,53,62,69,57,42,40
10207,33,38,36,32,27,24,26,31,37,37,34,30,26,27,31,36,35,32,28,24,26
10208,16,18,18,16,13,12,13,15,18,17,15,13,12,13,15,18,18,16,13,12,13
10209,2,2,2,2,1,1,2,3,3,3,2,1,2,2,3,4,5,4,3,3,4
10210,1,1,1,1,1,1,1,1,1,1,1,1,1,1,1,1,1,1,1,1,1
10211,1,1,1,0,1,0,1,1,1,1,0,1,0,1,1,1,1,0,1,0,1
10212,0,0,0,0,0,0,0,0,0,0,0,0,0,0,0,0,0,0,0,0,0
10213,0,0,0,0,0,0,0,0,0,0,0,0,0,0,0,0,0,0,0,0,0
10214,3,3,2,1,1,1,2,2,2,2,1,1,1,1,2,2,1,1,1,1,2
10215,1,1,1,0,1,1,0,1,1,1,0,1,1,0,1,1,1,0,1,1,0
10216,0,0,0,0,0,0,0,0,0,0,0,0,0,0,0,0,0,0,0,0,0
10217,0,0,0,0,0,0,0,0,0,0,0,0,0,0,0,0,0,0,0,0,0
10218,0,0,0,0,0,0,0,0,0,0,0,0,0,0,0,0,0,0,0,0,0
10219,0,0,0,0,0,0,0,0,0,0,0,0,0,0,0,0,0,0,0,0,0
10220,0,0,0,0,0,0,0,0,0,0,0,0,0,0,0,0,0,0,0,0,0
10221,0,0,0,0,0,0,0,0,0,0,0,0,0,0,0,0,0,0,0,0,0
10222,1,1,1,0,0,0,0,0,0,1,0,0,0,0,0,0,0,0,0,0,0
10223,0,0,0,0,0,0,0,0,0,0,0,0,0,0,0,0,0,0,0,0,0
10224,2,2,1,1,1,1,1,2,2,2,2,1,1,1,3,3,3,3,3,3,3
10225,0,0,0,0,0,0,0,0,0,0,0,0,0,0,0,0,0,0,0,0,0
10226,21,22,21,19,16,13,13,20,21,21,19,17,14,14,21,22,21,18,16,14,14
10227,0,0,0,0,0,0,0,0,0,0,0,0,0,0,0,0,0,0,0,0,0
10228,0,0,0,0,0,0,0,0,0,0,0,0,0,0,0,0,0,0,0,0,0
10229,1,0,0,0,1,1,1,1,0,0,0,1,1,1,1,0,0,0,1,1,1
10230,0,0,0,0,0,0,0,0,0,0,0,0,0,0,0,0,0,0,0,0,0
10231,5,5,5,4,3,3,3,4,5,5,4,3,3,3,4,5,4,4,3,3,3
10232,3,3,3,3,3,3,3,3,3,3,3,3,3,3,3,3,3,3,3,3,3
10233,7,9,10,9,8,6,6,8,10,11,10,8,6,6,8,10,10,9,8,6,7
10234,5,6,6,5,4,4,4,4,5,5,5,4,3,3,4,5,5,5,4,4,3
10235,1,1,1,1,1,1,0,1,1,1,1,1,1,0,1,1,1,1,1,1,0
10236,1,1,1,1,1,1,1,1,1,1,1,1,1,1,1,1,1,1,1,1,1
10237,0,0,0,0,0,0,0,0,0,0,0,0,0,0,0,0,0,0,0,0,0
10238,1,1,1,1,1,1,1,1,1,1,1,1,1,1,1,2,2,1,1,1,1
10239,2,2,2,2,1,1,1,2,2,2,2,1,1,1,2,2,2,2,1,1,1
10240,0,0,0,0,0,0,0,0,0,0,0,0,0,0,0,0,0,0,0,0,0
10241,0,0,0,1,1,1,1,0,0,0,1,1,1,1,0,0,0,1,1,1,1
10242,0,0,0,0,0,0,0,0,0,0,0,0,0,0,0,0,0,0,0,0,0
10243,0,0,0,0,0,0,0,0,0,0,0,0,0,0,0,0,0,0,0,0,0
10244,0,0,0,0,0,0,0,0,0,0,0,0,0,0,0,0,0,0,0,0,0
10245,0,0,0,0,0,0,0,0,0,0,0,0,0,0,0,0,0,0,0,0,0
10246,0,0,0,0,0,0,0,0,0,0,0,0,0,0,0,0,0,0,0,0,0
10247,0,0,0,0,0,0,0,0,0,0,0,0,0,0,0,0,0,0,0,0,0
10248,0,0,0,0,0,0,0,0,0,0,0,0,0,0,0,0,0,0,0,0,0
10249,0,1,1,1,1,1,1,2,1,1,1,1,1,1,1,1,1,0,0,0,0
10250,0,0,0,0,0,0,0,0,0,0,0,0,0,0,0,0,0,0,0,0,0
10251,0,0,0,0,0,0,0,0,0,0,0,0,0,0,0,0,0,0,0,0,0
10252,0,0,0,0,0,0,0,0,0,0,0,0,0,0,0,0,0,0,0,0,0
10253,0,0,0,0,0,0,0,0,0,0,0,0,0,0,0,0,0,0,0,0,0
10254,0,0,1,1,1,0,0,0,0,1,1,1,0,0,0,0,1,1,1,0,0
10255,3,3,3,3,3,2,3,3,3,3,3,3,2,3,3,3,3,3,3,2,3
10256,4,4,4,4,3,3,3,4,4,4,4,3,3,3,4,4,4,4,3,3,3
10257,0,0,0,0,0,0,0,0,0,0,0,0,0,0,0,0,0,0,0,0,0
10258,1,1,1,1,1,1,1,1,1,1,1,1,1,1,1,1,1,1,1,1,1
10259,0,0,0,0,0,0,0,0,0,0,0,0,0,0,0,0,0,0,0,0,0
10260,0,0,0,0,0,0,0,0,0,0,0,0,0,0,0,0,0,0,0,0,0
10261,0,0,0,0,0,0,0,0,0,0,0,0,0,0,0,0,0,0,0,0,0
10262,0,0,0,0,0,0,0,0,0,0,0,0,0,0,0,0,0,0,0,0,0
10263,0,0,0,0,0,0,0,0,0,0,0,0,0,0,0,0,0,0,0,0,0
10264,1,1,1,1,1,1,1,1,1,1,1,1,1,1,1,2,2,1,1,1,1
10265,0,0,0,0,0,0,0,0,0,0,0,0,0,0,0,0,0,0,0,0,0
10266,1,1,1,1,1,1,1,1,1,1,1,1,1,1,1,1,1,1,1,1,1
10267,9,11,11,9,6,5,5,9,11,11,9,6,5,5,9,11,11,9,6,5,5
10268,4,4,4,4,3,3,3,3,4,4,4,4,3,3,3,3,3,4,3,3,3
10269,0,0,1,0,1,0,0,0,0,1,0,1,0,0,0,0,1,0,1,0,0
10270,2,2,2,2,2,2,1,2,2,2,2,2,2,1,2,2,2,2,2,2,1
10271,0,0,0,0,0,0,0,0,0,0,0,0,0,0,0,0,0,0,0,0,0
10272,0,0,0,0,0,0,0,0,0,0,0,0,0,0,0,0,0,0,0,0,0
10273,0,0,0,0,0,0,0,0,0,0,0,0,0,0,0,0,0,0,0,0,0
10274,0,0,0,0,0,0,0,0,0,0,0,0,0,0,0,0,0,0,0,0,0
10275,0,0,0,0,0,0,0,0,0,0,0,0,0,0,0,0,0,0,0,0,0
10276,0,0,0,0,0,0,0,0,0,0,0,0,0,0,0,0,0,0,0,0,0
10277,1,1,1,1,1,1,1,1,1,1,1,1,1,1,1,1,1,1,1,1,1
10278,1,2,2,2,1,2,1,1,2,2,2,1,2,1,1,2,2,2,1,2,1
10279,53,56,54,50,46,46,47,46,48,45,42,40,41,44,43,45,44,41,39,41,44
10280,2,2,1,1,1,1,1,1,1,1,1,1,1,1,1,1,1,1,1,1,1
10281,52,45,46,43,42,37,42,54,53,53,48,46,38,41,51,49,52,49,47,40,43
10282,11,13,12,10,10,11,12,11,13,12,10,10,11,12,11,13,12,10,10,11,12
10283,0,0,0,0,0,0,0,0,0,0,0,0,0,0,0,0,0,0,0,0,0
10284,14,18,19,16,13,12,10,13,18,19,16,12,12,10,13,17,18,15,12,12,10
10285,6,7,8,6,5,4,4,6,7,8,6,5,4,4,6,7,8,6,5,4,4
10286,15,26,29,24,15,15,15,16,26,30,24,15,14,15,15,26,29,24,15,14,15
10287,0,0,0,0,0,0,0,0,0,0,0,0,0,0,0,0,0,0,0,0,0
10288,0,0,0,0,0,0,0,0,0,0,0,0,0,0,0,0,0,0,0,0,0
10289,0,1,1,0,0,0,0,0,1,1,0,0,0,0,0,1,1,0,0,1,1
10290,0,0,0,0,0,0,0,0,0,0,0,0,0,0,0,0,1,0,0,0,1
10291,0,0,0,0,0,0,0,0,0,0,0,0,0,0,0,0,0,0,0,0,0
10292,0,0,0,0,0,0,0,0,0,0,0,0,0,0,0,0,0,0,0,0,0
10293,2,2,2,2,2,1,2,2,2,2,2,2,1,2,2,2,2,2,2,1,2
10294,30,30,28,27,27,26,29,31,29,27,25,25,24,27,29,29,27,25,25,25,27
10295,4,5,5,4,4,4,4,4,5,5,4,4,4,4,4,5,5,4,4,4,4
10296,0,0,1,0,0,0,0,0,0,1,0,0,0,0,0,0,1,0,0,0,0
10297,3,3,3,3,2,2,2,3,3,3,3,2,2,2,3,3,3,3,3,2,3
10298,33,28,25,24,23,28,34,33,28,25,23,23,28,34,33,27,25,23,23,28,34
10299,1,1,1,1,1,1,0,1,1,1,1,1,1,0,1,1,1,1,1,1,0
10300,2,2,2,1,1,1,1,2,2,2,1,1,1,1,2,2,2,1,1,1,1
10301,44,34,29,30,34,35,43,44,35,29,31,35,36,45,46,37,31,32,36,36,45
10302,0,0,0,0,0,0,0,0,0,0,0,0,0,0,0,0,0,0,0,0,0
10303,3,4,4,3,3,3,3,3,4,4,3,3,3,3,3,4,4,3,3,3,3
10304,0,0,0,0,0,0,0,0,0,0,0,0,0,0,0,0,0,0,0,0,0
10305,56,58,56,52,48,45,48,56,62,61,57,51,48,50,58,63,61,56,50,47,50
10306,4,4,4,4,4,4,4,4,4,4,4,4,4,4,4,4,4,4,4,4,4
10307,2,2,2,2,2,2,1,2,2,2,2,2,2,1,2,2,2,2,2,2,1
10308,14,11,10,10,10,12,16,14,11,10,10,10,12,16,14,11,10,10,10,12,16
10309,6,6,6,6,5,5,4,6,6,6,6,5,5,4,6,6,6,6,5,5,4
10310,11,12,13,13,11,11,10,11,12,13,13,11,11,10,11,12,13,13,11,11,10
10311,15,14,13,13,13,13,14,15,14,13,13,13,13,14,15,14,13,13,13,13,15
10312,1,2,2,2,2,1,1,1,2,2,2,2,1,1,1,2,2,2,2,1,1
10313,27,26,23,22,20,22,26,27,26,24,22,21,22,26,27,26,24,22,20,22,27
10314,0,0,0,0,0,0,0,0,0,0,0,0,0,0,0,0,0,0,0,0,0
10315,0,0,0,0,0,0,0,0,0,0,0,0,0,0,0,0,0,0,0,0,0
10316,0,0,0,0,0,0,0,0,0,0,0,0,0,0,0,0,0,0,0,0,0
10317,0,0,0,0,0,0,0,0,0,0,0,0,0,0,0,0,0,0,0,0,0
10318,0,0,0,0,0,0,0,0,0,0,0,0,0,0,0,0,0,0,0,0,0
10319,0,0,0,0,0,0,0,0,0,0,0,0,0,0,0,0,0,0,0,0,0
10320,0,0,0,0,0,0,0,0,0,0,0,0,0,0,0,0,0,0,0,0,0
10321,0,0,0,0,0,0,0,0,0,0,0,0,0,0,0,0,0,0,0,0,0
10322,0,0,0,0,0,0,0,0,0,0,0,0,0,0,0,0,0,0,0,0,0
10323,0,0,0,0,0,0,0,0,0,0,0,0,0,0,0,0,0,0,0,0,0
10324,4,5,5,5,3,3,3,4,5,5,4,3,3,3,4,4,4,4,3,3,3
10325,2,2,2,2,2,2,1,1,2,2,2,2,2,1,2,2,2,2,2,2,1
10326,25,29,28,28,23,20,19,23,29,30,30,25,21,19,22,25,26,27,23,20,20
10327,0,1,0,0,0,0,0,0,1,0,0,0,0,0,0,1,0,0,0,0,0
10328,1,2,2,2,2,2,2,2,2,2,2,2,2,2,2,2,2,2,1,1,2
10329,0,0,0,0,0,0,0,0,0,0,0,0,0,0,0,0,0,0,0,0,0
10330,0,0,0,0,0,0,0,0,0,0,0,0,0,0,0,1,1,1,0,0,0
10331,0,0,0,0,0,0,0,0,0,0,0,0,0,0,0,0,0,0,0,0,0
10332,0,0,0,0,0,0,0,0,0,0,0,0,0,0,0,0,0,0,0,0,0
10333,1,2,2,2,1,1,1,1,2,2,1,1,1,1,2,2,2,1,1,1,1
10334,0,0,0,0,0,0,0,0,0,0,0,0,0,0,0,0,0,0,0,0,0
10335,0,0,0,0,0,0,0,0,0,0,0,0,0,0,0,0,0,0,0,0,0
10336,2,3,3,4,4,4,4,5,5,5,4,4,3,3,3,2,2,2,1,1,1
10337,50,58,58,56,50,43,42,50,58,58,56,50,43,42,50,58,58,56,50,43,42
10338,2,2,2,1,1,1,1,2,2,2,1,1,1,1,2,2,2,1,1,1,1
10339,86,102,114,101,85,61,64,86,102,114,101,85,61,64,86,102,114,101,85,61,64
10340,0,0,0,0,0,0,0,0,0,0,0,0,0,0,0,0,0,0,0,0,0
10341,0,0,0,0,0,0,0,0,0,0,0,0,0,0,0,0,0,0,0,0,0
10342,0,0,0,0,0,0,0,0,0,0,0,0,0,0,0,0,0,0,0,0,0
10343,0,0,0,0,0,0,0,0,0,0,0,0,0,0,0,0,0,0,0,0,0
10344,13,14,14,13,12,11,11,13,14,14,13,12,11,11,13,14,14,13,12,11,11
10345,0,0,0,0,0,0,0,0,0,0,0,0,0,0,0,0,0,0,0,0,0
10346,0,0,0,0,0,0,0,0,0,0,0,0,0,0,0,0,0,0,0,0,0
10347,7,6,7,6,6,5,6,7,6,7,7,6,5,5,7,6,7,6,6,5,6
10348,0,0,0,0,0,0,0,0,0,0,0,0,0,0,0,0,0,0,0,0,0
10349,0,0,0,0,0,0,0,0,0,0,0,0,0,0,0,0,0,0,0,0,0
10350,0,0,0,1,1,1,1,1,1,1,1,1,1,1,1,1,1,1,1,1,1
10351,0,0,0,0,0,0,0,0,0,0,0,0,0,0,0,0,0,0,0,0,0
10352,3,3,2,2,2,2,2,3,3,2,2,2,2,2,3,3,2,2,2,2,2
10353,2,2,2,2,2,1,1,2,2,2,2,2,1,1,2,2,2,2,2,1,1
10354,21,23,21,18,16,14,14,19,22,22,20,18,16,17,21,22,21,19,17,16,17
10355,0,0,0,0,0,0,0,0,0,0,0,0,0,0,0,0,0,0,0,0,0
10356,8,9,8,7,6,6,7,8,9,8,7,6,6,7,8,9,8,7,6,6,7
10357,0,0,0,0,0,0,0,0,0,0,0,0,0,0,0,0,0,0,0,0,0
10358,0,0,0,0,0,0,0,0,0,0,0,0,0,0,0,0,0,0,0,0,0
10359,0,0,0,0,0,0,0,0,0,0,0,0,0,0,0,0,0,0,0,0,0
10360,1,1,1,1,1,1,0,1,1,1,1,1,1,0,1,1,1,1,1,1,0
10361,19,23,14,17,17,18,23,19,23,14,17,17,18,23,19,23,14,17,17,18,23
10362,5,6,6,5,4,4,4,5,6,6,5,4,4,4,5,6,6,5,4,4,4
10363,1,1,1,1,1,1,1,1,1,1,1,1,1,1,1,1,0,1,1,1,1
10364,0,0,0,0,0,0,0,0,0,0,0,0,0,0,0,0,0,0,0,0,0
10365,1,1,2,2,2,2,2,2,2,2,2,2,2,2,2,2,3,3,3,2,2
10366,5,3,3,3,4,5,5,5,3,3,3,4,5,5,5,3,3,3,4,5,5
10367,0,0,0,0,0,0,0,0,0,0,0,0,0,0,0,0,0,0,0,0,0
10368,1,2,1,1,1,1,1,1,2,1,1,1,1,1,1,2,1,1,1,1,1
10369,49,51,49,46,39,32,32,39,43,44,42,38,32,33,40,43,43,40,35,30,31
10370,2,1,2,2,2,1,1,2,1,2,2,2,1,1,2,1,2,2,2,1,1
10371,2,2,3,2,2,2,2,2,2,3,2,2,2,2,2,2,3,2,2,2,2
10372,13,12,13,12,10,9,9,12,11,13,12,10,9,9,12,12,13,12,10,9,9
10373,89,92,87,82,73,65,69,83,89,85,78,70,60,64,79,85,83,78,70,63,68
10374,37,35,34,29,26,24,27,36,41,42,36,32,27,28,35,35,34,28,25,22,24
10375,29,23,24,23,21,21,24,27,26,27,24,22,20,21,23,20,21,19,17,17,20
10376,22,24,25,23,18,16,17,22,24,25,23,18,16,17,22,24,25,23,18,16,17
10377,21,19,18,16,14,13,14,19,21,20,17,14,12,12,17,17,16,14,12,12,13
10378,0,0,0,0,0,0,0,0,0,0,0,0,0,0,0,0,0,0,0,0,0
10379,20,19,18,16,14,12,14,18,20,20,17,15,13,14,17,17,16,12,11,9,11
10380,13,12,11,11,10,10,10,12,12,11,10,8,8,8,10,11,11,10,9,8,9
10381,10,7,6,5,5,5,6,9,8,7,6,4,4,4,6,6,5,4,3,3,3
10382,2,2,2,2,1,1,1,1,2,2,2,1,1,1,2,2,2,1,1,1,2
10383,0,0,0,0,0,0,0,0,0,0,0,0,0,0,0,0,0,0,0,0,0
10384,0,1,1,1,0,0,0,0,1,1,1,0,0,0,0,1,1,1,0,0,0
10385,1,1,1,1,1,1,1,1,1,1,1,1,1,1,1,1,1,1,1,1,1
10386,2,3,2,2,2,2,2,2,3,2,2,1,2,2,2,3,2,2,1,2,2
10387,3,3,3,3,3,2,2,3,3,3,3,3,2,2,3,3,3,3,3,2,2
10388,2,2,2,2,2,2,2,2,2,2,2,2,2,2,2,2,2,2,2,2,2
10389,4,4,4,3,3,3,3,4,4,4,4,3,3,3,4,4,4,3,3,3,3
10390,1,1,0,0,0,0,0,1,1,0,0,0,0,0,1,1,0,0,0,0,0
10391,0,0,0,0,0,0,0,0,0,0,0,0,0,0,0,0,0,0,0,0,0
10392,0,0,0,0,0,0,0,0,0,0,0,0,0,0,0,0,0,0,0,0,0
10393,1,1,1,1,1,0,0,1,1,1,1,1,0,0,1,1,1,1,1,0,0
10394,0,0,0,0,0,0,0,0,0,0,0,0,0,0,0,0,0,0,0,0,0
10395,0,1,0,1,1,0,0,0,1,0,1,1,0,0,0,1,0,1,1,0,0
10396,0,0,0,0,0,0,0,0,0,0,0,0,0,0,0,0,0,0,0,0,0
10397,6,8,11,10,8,6,5,6,8,11,10,8,6,5,6,8,11,10,8,6,5
10398,8,9,9,8,6,5,6,8,9,9,8,7,5,5,7,8,7,6,5,4,4
10399,0,0,0,0,0,0,0,0,0,0,0,0,0,0,0,0,0,0,0,0,0
10400,0,0,0,0,0,0,0,0,0,0,0,0,0,0,0,0,0,0,0,0,0
10401,0,0,0,0,0,0,0,0,0,0,0,0,0,0,0,0,0,0,0,0,0
10402,0,0,0,0,0,0,0,0,0,0,0,0,0,0,0,0,0,0,0,0,0
10403,0,0,0,0,0,0,0,0,0,0,0,0,0,0,0,0,0,0,0,0,0
10404,29,36,35,30,26,23,22,29,36,35,30,26,23,22,29,36,35,30,26,23,22
10405,2,2,2,1,1,1,1,2,2,2,1,1,1,1,2,2,2,1,1,1,1
10406,1,1,1,1,1,1,1,1,1,1,1,1,1,1,1,1,1,1,1,1,1
10407,0,0,0,0,0,0,0,0,0,0,0,0,0,0,0,0,0,0,0,0,0
10408,0,0,0,0,0,0,0,0,0,0,0,0,0,0,0,0,0,0,0,0,0
10409,1,1,1,1,1,1,1,1,1,1,1,1,1,1,1,1,1,1,1,1,1
10410,0,0,0,0,0,0,0,0,0,0,0,0,0,0,0,0,0,0,0,0,0
10411,0,0,0,0,0,0,0,0,0,0,1,1,1,1,0,0,0,0,0,0,0
10412,0,0,0,0,0,0,0,0,0,0,0,0,0,0,0,0,0,0,0,0,0
10413,0,0,0,0,0,0,0,0,0,0,0,0,0,0,0,0,0,0,0,0,0
10414,54,57,55,51,56,52,53,54,57,55,51,56,52,53,54,57,55,51,56,52,53
10415,1,0,0,0,0,0,0,1,0,0,0,0,0,0,1,0,0,0,0,0,0
10416,1,1,1,1,1,1,1,1,1,1,1,1,1,1,1,1,1,1,1,1,1
10417,4,4,5,5,4,4,4,5,6,6,5,4,3,3,3,3,3,2,2,2,3
10418,0,0,0,0,0,0,0,0,0,0,0,0,0,0,0,0,0,0,0,0,0
10419,3,3,3,3,2,3,3,3,4,3,3,2,3,3,3,4,3,3,2,3,3
10420,4,5,4,4,4,4,4,6,6,6,6,5,5,5,6,6,6,5,4,4,5
10421,3,3,3,3,2,2,2,3,3,3,3,2,2,2,3,3,3,3,2,2,2
10422,14,15,14,13,10,10,11,13,15,15,14,12,11,13,15,15,15,13,11,11,12
10423,5,5,5,5,4,4,4,5,5,5,4,4,4,4,5,5,5,5,4,4,4
10424,0,0,0,0,0,0,0,0,0,0,0,0,0,0,0,0,0,0,0,0,0
10425,0,0,0,0,0,0,0,0,0,0,0,0,0,0,0,0,0,0,0,0,0
10426,0,1,1,0,0,0,0,0,1,1,0,0,0,0,0,1,1,0,0,0,0
10427,1,1,1,1,1,1,1,1,1,1,1,1,1,1,1,1,1,1,1,1,1
10428,1,2,2,2,2,1,2,2,2,2,2,2,1,1,1,1,0,0,0,0,0
10429,2,2,1,1,1,1,2,2,2,1,1,1,1,2,2,2,1,1,1,1,2
10430,0,0,0,0,0,0,0,0,0,0,0,0,0,0,0,0,0,0,0,0,0
10431,0,0,0,0,0,0,0,0,0,0,0,0,0,0,0,0,0,0,0,0,0
10432,1,1,1,1,1,1,1,1,1,1,1,1,1,1,1,1,1,1,1,1,1
10433,1,1,1,1,1,1,1,1,1,1,1,1,1,1,1,1,1,1,1,1,1
10434,3,4,3,4,4,4,3,4,4,4,4,4,4,4,4,4,4,4,4,4,4
10435,2,2,1,1,1,1,2,2,2,1,1,1,1,2,2,2,1,1,1,1,2
10436,0,1,1,0,0,0,0,0,1,1,0,0,0,0,0,1,1,0,0,0,0
10437,1,1,1,1,1,0,1,1,1,1,1,1,1,1,1,1,1,1,1,1,1
10438,0,0,0,0,0,0,0,0,0,0,0,0,0,0,0,0,0,0,0,0,0
10439,0,0,0,0,0,0,0,0,0,0,0,0,0,0,0,0,0,0,0,0,0
10440,0,0,0,0,0,0,0,0,0,0,0,0,0,0,0,0,0,0,0,0,0
10441,0,0,0,0,0,0,0,0,0,0,0,0,0,0,0,0,0,0,0,0,0
10442,0,0,0,0,0,0,0,0,0,0,0,0,0,0,0,0,0,0,0,0,0
10443,0,0,0,0,0,0,0,0,0,0,0,0,0,0,0,0,0,0,0,0,0
10444,0,0,0,0,0,0,0,0,0,0,0,0,0,0,0,0,0,0,0,0,0
10445,0,0,0,0,0,0,0,0,0,0,0,0,0,0,0,0,0,0,0,0,0
10446,1,2,2,2,1,1,1,2,3,3,3,2,2,2,4,6,6,5,4,3,3
10447,0,0,0,0,0,0,0,0,0,0,0,0,0,0,0,0,0,0,0,0,0
10448,0,0,0,0,0,0,0,1,1,0,0,0,0,0,0,0,0,0,0,0,0
10449,0,0,0,0,0,0,0,0,0,0,0,0,0,0,0,0,0,0,0,0,0
10450,3,3,2,3,2,2,2,2,3,2,3,2,2,2,2,3,2,3,2,2,2
10451,1,1,1,1,2,1,1,1,1,1,1,2,1,1,1,1,1,1,2,1,1
10452,1,1,0,0,0,0,0,1,1,0,0,0,0,0,0,1,0,0,0,0,0
10453,8,9,11,11,8,7,6,8,9,11,11,8,7,6,8,9,11,11,8,7,6
10454,2,1,2,2,1,1,1,2,1,2,2,1,1,1,2,1,2,2,1,1,1
10455,7,8,7,7,6,5,6,7,8,8,7,6,5,5,7,7,7,6,6,5,6
10456,2,2,2,2,2,1,1,2,2,2,2,2,1,1,2,2,2,2,2,2,1
10457,27,32,32,32,25,21,19,25,31,32,33,26,22,20,25,30,31,32,26,22,20
10458,46,57,51,44,33,24,36,49,60,52,44,33,23,35,48,59,52,43,32,24,37
10459,31,32,33,28,23,21,23,31,34,34,30,27,23,25,31,31,29,23,20,17,20
10460,61,64,65,58,52,47,51,65,71,71,62,56,48,51,64,68,68,59,53,47,51
10461,17,19,20,17,13,11,11,15,18,20,18,13,10,10,13,15,16,14,11,10,11
10462,1,2,2,2,2,1,1,1,2,2,3,2,1,1,1,3,2,3,2,2,2
10463,1,1,1,1,1,1,1,1,1,1,1,1,1,1,1,1,1,1,1,1,1
10464,1,1,1,1,1,1,1,1,1,1,1,1,1,1,1,1,1,1,1,1,1
10465,1,2,2,3,2,2,1,1,2,2,2,2,2,1,1,1,2,2,2,2,1
10466,51,56,56,48,42,35,36,49,57,58,52,46,38,37,48,52,51,44,40,33,34
10467,128,132,143,136,114,102,105,136,154,163,154,131,113,114,145,159,166,154,130,115,120
10468,11,14,12,12,12,10,9,10,12,11,12,11,10,8,9,11,10,11,11,10,8
10469,5,4,6,6,7,5,4,5,4,6,6,7,5,4,5,4,6,6,7,5,4
10470,23,27,24,22,19,14,16,22,26,23,21,18,13,14,20,24,22,20,18,13,14
10471,56,56,60,55,47,41,38,54,60,66,60,52,45,42,57,60,64,58,51,45,42
10472,156,174,194,180,161,130,120,148,175,201,188,167,134,124,150,176,201,189,169,137,128
10473,0,1,0,1,0,0,0,0,1,0,1,0,0,0,0,1,0,1,0,0,0
10474,20,23,19,16,11,11,12,15,21,23,22,17,16,16,18,20,18,15,11,11,12
10475,0,0,0,0,0,0,0,0,0,0,0,0,0,0,0,0,0,0,0,0,0
10476,0,0,0,0,0,0,0,0,0,0,0,0,0,0,0,0,0,0,0,0,0
10477,315,339,436,362,392,298,263,321,353,451,376,404,308,272,332,363,460,380,408,311,277
10478,75,79,84,83,74,64,61,76,85,92,91,81,70,65,80,86,91,87,77,67,63
10479,8,8,9,9,10,7,9,8,8,9,9,10,7,9,8,8,9,9,10,7,9
10480,0,0,0,0,0,0,0,0,0,0,0,0,0,0,0,0,0,0,0,0,0
10481,3,4,3,3,4,3,3,3,4,3,3,4,3,3,3,4,3,3,4,3,3
10482,0,0,0,0,0,0,0,0,0,0,0,0,0,0,0,0,0,0,0,0,0
10483,0,0,0,0,0,0,0,0,0,0,0,0,0,0,0,0,0,0,0,0,0
10484,3,3,4,4,4,4,3,3,3,4,4,4,4,3,3,3,4,4,4,4,3
10485,1,1,1,1,1,1,1,1,1,1,1,1,1,1,1,1,1,1,1,1,1
10486,32,22,24,29,7,8,28,32,22,24,29,7,8,28,32,22,24,29,7,8,28
10487,4,6,7,6,5,4,4,4,6,7,6,5,4,4,4,6,7,6,5,4,4
10488,10,11,10,9,8,7,7,10,11,10,9,8,7,7,9,10,9,9,8,7,7
10489,31,35,36,34,31,25,22,32,36,37,34,31,25,22,32,36,36,33,31,25,22
10490,0,1,1,1,1,1,1,0,1,1,1,1,1,0,0,1,1,1,1,1,0
10491,0,0,0,1,0,1,0,1,1,1,1,1,1,1,1,1,1,1,1,1,1
10492,11,13,14,14,12,9,8,10,13,13,13,12,9,8,11,15,15,15,13,10,9
10493,0,0,0,0,0,0,0,0,0,0,0,0,0,0,0,0,0,0,0,0,0
10494,0,0,0,0,0,0,0,0,0,0,0,0,0,0,0,0,0,0,0,0,0
10495,0,0,0,0,0,0,0,0,0,0,0,0,0,0,0,0,0,0,0,0,0
10496,1,1,1,1,1,0,1,1,1,1,1,1,1,1,2,2,2,2,2,2,2
10497,10,14,15,14,10,7,6,10,13,15,14,10,7,7,10,14,15,14,10,7,7
10498,1,1,1,1,1,1,1,1,1,1,1,1,1,1,1,1,1,1,1,1,1
10499,0,0,0,0,0,0,0,0,0,0,0,0,0,0,0,0,0,0,0,0,0
10500,2,2,2,2,2,2,2,2,2,2,2,2,2,2,2,2,2,2,2,2,2
10501,0,0,0,0,0,0,0,0,0,0,0,0,0,0,0,0,0,0,0,0,0
10502,0,0,0,0,0,0,0,0,0,0,0,0,0,0,0,0,0,0,0,0,0
10503,0,0,0,0,0,0,0,0,0,0,0,0,0,0,0,0,0,0,0,0,0
10504,0,0,0,0,0,0,0,0,1,1,1,1,1,1,1,1,1,1,1,1,1
10505,0,0,0,0,0,0,0,0,0,0,0,0,0,0,0,0,0,0,0,0,0
10506,0,0,0,0,0,0,0,0,0,0,0,0,0,0,0,0,0,0,0,0,0
10507,1,1,1,0,0,0,1,1,1,1,1,1,1,1,1,1,1,1,0,0,1
10508,0,0,0,0,0,0,0,0,0,0,0,0,0,0,0,0,0,0,0,0,0
10509,0,0,0,0,0,0,0,0,0,0,0,0,0,0,0,0,0,0,0,0,0
10510,0,0,0,0,0,0,0,0,0,0,0,0,0,0,1,1,0,0,0,0,1
10511,0,0,0,0,0,0,0,0,0,0,0,0,0,0,0,0,0,0,0,0,0
10512,0,0,0,0,0,0,0,0,0,0,0,0,0,0,0,0,0,0,0,0,0
10513,0,0,0,0,0,0,0,0,0,0,0,0,0,0,0,0,0,0,0,0,0
10514,0,0,1,1,1,0,1,1,1,2,1,1,1,2,3,4,4,4,3,3,3
10515,0,0,0,0,0,0,0,0,0,0,0,0,0,0,0,0,0,0,0,0,0
10516,0,0,0,0,0,0,0,0,0,0,0,0,0,0,0,0,0,0,0,0,0
10517,0,0,0,0,0,0,0,0,0,0,0,0,0,0,0,0,0,0,0,0,0
10518,0,0,0,0,0,0,0,0,0,0,0,0,0,0,0,0,0,0,0,0,0
10519,0,0,0,0,0,0,0,0,0,0,0,0,0,0,0,0,0,0,0,0,0
10520,0,0,0,0,0,0,0,0,0,0,0,0,0,0,0,0,0,0,0,0,0
10521,0,0,0,0,0,0,0,0,0,0,0,0,0,0,0,0,0,0,0,0,0
10522,0,0,0,0,0,1,0,0,0,0,0,0,1,0,0,0,0,1,1,1,1
10523,0,0,0,0,0,0,0,0,0,1,1,0,0,0,0,0,0,0,0,0,0
10524,0,0,0,0,0,0,0,0,0,0,0,0,0,0,0,0,0,0,0,0,0
10525,0,0,0,0,6,0,0,0,0,0,0,6,0,0,0,0,0,0,6,0,0
10526,0,1,1,1,0,0,0,1,1,1,1,1,0,0,1,1,1,1,1,1,1
10527,0,0,0,0,0,0,0,0,0,0,0,0,0,0,0,0,0,0,0,0,0
10528,0,0,0,0,0,0,0,0,0,0,0,0,0,0,0,0,0,0,0,0,0
10529,0,0,0,1,0,0,0,0,0,0,1,0,0,0,0,0,0,1,0,0,0
10530,0,0,0,0,0,0,0,0,0,0,0,0,0,0,0,0,0,0,0,0,0
10531,0,0,0,0,0,0,0,0,0,0,0,0,0,0,0,0,0,0,0,0,0
10532,0,0,0,0,0,0,0,0,0,0,0,0,0,0,0,0,0,0,0,0,0
10533,0,0,0,0,0,0,0,0,0,0,0,0,0,0,0,0,0,0,0,0,0
10534,0,0,0,0,0,0,0,0,0,0,0,0,0,0,0,0,0,0,0,0,0
10535,2,2,2,1,1,1,2,2,2,2,1,1,1,2,2,2,2,1,1,1,2
10536,0,0,0,0,0,0,0,0,0,0,0,0,0,0,0,0,0,0,0,0,0
10537,0,0,0,0,0,0,0,0,0,0,0,0,0,0,0,0,0,0,0,0,0
10538,0,0,0,0,0,0,0,0,0,0,0,0,0,0,0,0,0,0,0,0,0
10539,0,0,0,0,0,0,0,0,0,0,0,0,0,0,0,0,0,0,0,0,0
10540,0,0,0,0,0,0,0,0,0,0,0,0,0,0,0,0,0,0,0,0,0
10541,2,2,3,2,2,2,2,2,2,3,2,2,2,2,2,2,2,2,2,2,2
10542,7,8,8,7,7,6,6,7,8,8,7,7,6,6,7,8,8,7,7,6,7
10543,0,0,0,0,0,0,0,0,0,0,0,0,0,0,0,0,0,0,0,0,0
10544,0,0,0,0,0,0,0,0,0,0,0,0,0,0,0,0,0,0,0,0,0
10545,0,0,0,0,0,0,0,0,0,0,0,0,0,0,0,0,0,0,0,0,0
10546,0,0,0,0,0,0,0,0,0,0,0,0,0,0,0,0,0,0,0,0,0
10547,15,14,12,9,8,9,11,16,16,14,10,8,9,10,15,15,13,11,9,10,11
10548,0,0,0,0,0,0,0,0,0,0,0,0,0,0,0,0,0,0,0,0,0
10549,0,0,0,0,0,0,0,0,0,0,0,0,0,0,0,0,0,0,0,0,0
10550,7,8,5,5,6,6,6,7,8,5,5,5,6,6,7,8,5,5,6,6,6
10551,0,0,0,0,0,0,0,0,0,0,0,0,0,0,0,0,0,0,0,0,0
10552,2,2,2,2,2,1,2,2,2,2,2,2,1,2,2,2,2,2,2,1,2
10553,0,0,0,0,0,0,0,0,0,0,0,0,0,0,0,0,0,0,0,0,0
10554,15,15,13,10,8,8,9,14,17,17,14,11,11,11,14,15,13,10,8,8,9
10555,0,0,0,0,0,0,0,0,0,0,0,0,0,0,0,0,0,0,0,0,0
10556,42,51,49,41,36,32,33,42,51,49,41,36,32,33,42,51,49,41,36,32,33
10557,15,17,18,17,14,12,13,15,17,19,17,15,12,13,16,18,19,17,15,13,13
10558,0,0,0,0,0,0,0,0,0,0,0,0,0,0,0,0,0,0,0,0,0
10559,3,3,3,3,3,2,2,3,3,3,3,3,2,2,3,3,3,3,3,2,2
10560,0,0,0,0,0,0,0,0,0,0,0,0,0,0,0,0,0,0,0,0,0
10561,2,2,2,2,2,1,2,2,2,2,2,2,1,2,2,2,2,2,2,1,2
10562,1,1,1,1,1,1,0,1,1,1,1,1,1,0,1,1,1,1,1,1,1
10563,2,2,2,1,2,2,3,2,2,2,1,2,2,3,2,2,2,1,2,2,3
10564,2,2,2,2,1,1,2,2,2,2,2,1,1,2,2,2,2,2,2,2,2
10565,0,0,0,0,0,0,0,0,0,0,0,0,0,0,0,0,0,0,0,0,0
10566,0,0,0,0,0,0,0,0,0,0,0,0,0,0,0,0,0,0,0,0,0
10567,0,0,0,0,0,0,0,0,0,0,0,0,0,0,0,0,0,0,0,0,0
10568,0,0,0,0,0,0,0,0,0,0,0,0,0,0,0,0,0,0,0,0,0
10569,0,0,0,0,0,0,0,0,0,0,0,0,0,0,0,0,0,0,0,0,0
10570,0,0,0,0,0,0,0,0,0,0,0,0,0,0,0,0,0,0,0,0,0
10571,0,0,0,0,0,0,0,0,0,0,0,0,0,0,0,0,0,0,0,0,0
10572,6,7,7,8,7,6,5,5,6,6,7,7,6,6,6,7,6,7,7,6,6
10573,10,11,9,8,7,5,5,6,7,7,7,6,5,5,5,6,7,7,6,5,5
10574,2,2,2,3,2,2,2,2,2,2,3,2,2,2,2,2,2,3,2,2,2
10575,36,35,31,29,23,23,23,31,37,40,39,30,30,29,36,37,34,31,25,25,25
10576,0,0,0,0,0,0,0,0,0,0,0,0,0,0,0,0,0,0,0,0,0
10577,1,1,1,1,1,1,1,1,2,1,1,1,1,1,1,2,2,1,1,1,1
10578,2,2,2,2,2,2,2,2,2,2,2,2,2,2,3,3,3,3,3,2,2
10579,1,1,1,0,1,0,1,1,1,1,1,1,1,1,1,1,1,1,1,1,1
10580,1,2,1,1,1,1,1,1,2,2,1,1,1,1,2,2,2,2,1,2,2
10581,0,0,0,0,0,0,0,0,0,0,0,0,0,0,0,0,0,0,0,0,0
10582,0,0,0,0,0,0,0,0,0,0,0,0,0,0,0,0,0,0,0,0,0
10583,0,0,0,0,0,0,0,0,0,0,0,0,0,0,0,0,0,0,0,0,0
10584,0,0,0,0,0,0,0,0,0,0,0,0,0,0,0,0,0,0,0,0,0
10585,0,0,0,0,0,0,0,0,0,0,0,0,1,1,1,1,1,1,1,1,1
10586,1,1,1,1,1,1,1,1,1,1,1,1,1,1,1,1,1,1,1,1,1
10587,85,86,90,87,80,72,75,88,94,96,89,81,70,71,84,90,92,86,78,69,73
10588,9,10,11,9,6,4,5,7,10,11,11,8,6,7,11,13,14,12,10,8,9
10589,2,3,3,3,2,2,2,2,2,3,3,2,2,2,2,3,3,3,2,2,2
10590,0,0,0,0,0,0,0,0,0,0,0,0,0,0,0,0,0,0,0,0,0
10591,2,2,2,2,1,2,2,2,2,2,2,1,2,2,2,2,2,2,1,2,2
10592,7,8,8,5,4,4,5,7,8,8,5,4,4,5,7,8,8,5,4,4,5
10593,2,2,2,2,1,2,2,2,2,2,2,1,2,2,2,2,2,2,1,2,2
10594,0,0,1,0,1,0,0,0,1,1,0,1,0,0,0,0,1,0,1,0,0
10595,1,0,0,0,0,0,1,1,0,0,0,0,1,1,1,0,0,0,0,1,1
10596,1,1,1,1,1,1,1,1,1,1,1,1,1,1,1,1,1,1,1,1,1
10597,0,0,0,1,1,1,0,0,0,0,1,1,1,0,1,0,0,1,1,1,0
10598,0,0,0,0,0,0,0,0,0,0,0,0,0,0,0,0,0,0,0,0,0
10599,15,20,17,14,12,15,14,15,20,17,14,12,15,14,15,20,17,14,12,15,14
10600,14,19,14,13,10,14,12,14,19,14,13,10,14,12,14,19,14,13,10,14,12
10601,23,20,20,16,12,17,15,23,20,20,16,12,17,15,23,20,20,16,12,17,15
10602,0,0,0,0,0,0,1,0,0,0,0,0,0,1,0,0,0,0,0,0,1
10603,0,0,0,0,0,0,0,0,0,0,0,0,0,0,0,0,0,0,0,0,0
10604,2,2,2,2,2,2,2,2,2,2,2,2,2,2,2,2,2,2,2,2,2
10605,0,0,0,0,0,0,0,0,0,0,0,0,0,0,0,0,0,0,0,0,0
10606,0,0,0,0,0,0,0,0,0,0,0,0,0,0,0,0,0,0,0,0,0
10607,0,0,0,0,0,0,0,0,0,0,0,0,0,0,0,0,0,0,0,0,0
10608,2,2,2,2,2,2,2,2,2,2,2,2,2,2,2,2,2,2,2,2,2
10609,0,0,0,0,0,0,0,0,0,0,0,0,0,0,0,0,0,0,0,0,0
10610,0,0,0,0,0,0,0,0,0,0,0,0,0,0,0,0,0,0,0,0,0
10611,2,2,2,3,2,2,2,2,2,2,3,2,2,2,2,2,2,3,2,2,2
10612,2,2,2,2,2,2,2,2,2,2,2,2,2,2,2,2,2,2,2,2,2
10613,0,0,0,0,0,0,0,0,0,0,0,0,0,0,0,0,0,0,0,0,0
10614,0,0,0,0,0,0,0,0,0,0,0,0,0,0,0,0,0,0,0,0,0
10615,0,0,0,0,0,0,0,0,0,0,0,0,0,0,0,0,0,0,0,0,0
10616,0,0,0,0,0,0,0,0,0,0,0,0,0,0,0,0,0,0,0,0,0
10617,0,0,0,0,0,0,0,0,0,0,0,0,0,0,0,0,0,0,0,0,0
10618,0,0,0,0,0,0,0,0,0,0,0,0,0,0,0,0,0,0,0,0,0
10619,1,1,1,1,1,1,1,1,1,1,1,1,1,1,1,1,1,1,1,1,1
10620,0,0,0,0,0,0,0,0,0,0,0,0,0,0,0,0,0,0,0,0,0
10621,0,0,0,0,0,0,0,0,0,0,0,0,0,0,0,0,0,0,0,0,0
10622,1,1,1,1,1,1,1,1,1,1,1,1,1,1,1,1,1,1,1,1,1
10623,0,0,0,0,0,0,0,0,0,0,0,0,0,0,0,0,0,0,0,0,0
10624,9,9,8,6,6,7,7,9,9,8,6,6,7,7,9,9,8,6,6,7,7
10625,0,0,1,0,0,0,0,0,0,1,0,0,0,0,0,0,1,0,0,0,0
10626,2,2,1,1,1,1,1,2,2,1,1,1,1,1,2,2,1,1,1,1,1
10627,2,2,2,2,2,1,1,2,2,2,2,2,1,1,2,2,2,2,2,1,1
10628,0,0,0,0,0,0,0,0,0,0,0,0,0,0,0,0,0,0,0,0,0
10629,0,1,1,1,1,1,1,0,1,1,1,1,1,1,0,1,1,1,1,1,1
10630,0,0,0,0,0,0,0,0,0,0,0,0,0,0,0,0,0,0,0,0,0
10631,1,1,0,0,0,1,0,1,1,0,0,0,1,0,1,1,0,0,0,1,0
10632,2,2,2,2,2,2,2,2,2,2,2,2,2,2,2,2,2,2,2,2,2
10633,0,0,0,0,0,0,0,0,0,0,0,0,0,0,0,0,0,0,0,0,0
10634,2,2,1,1,2,1,1,2,2,1,1,2,1,1,2,2,1,1,2,1,1
10635,3,3,3,3,2,3,3,3,3,3,3,2,3,3,3,3,3,3,2,3,3
10636,0,0,0,0,0,0,0,0,0,0,0,0,0,0,0,0,0,0,0,0,0
10637,0,0,0,0,0,0,0,0,0,0,0,0,0,0,0,0,0,0,0,0,0
10638,0,0,0,0,0,0,0,0,0,0,0,0,0,0,0,0,0,0,0,0,0
10639,1,0,0,0,0,0,0,1,0,0,0,0,0,0,1,0,0,0,0,0,0
10640,0,0,0,0,0,0,0,0,0,0,0,0,0,0,0,0,0,0,0,0,0
10641,0,0,0,0,0,0,0,0,0,0,0,0,0,0,0,0,0,0,0,0,0
10642,0,0,0,0,0,0,0,0,0,0,0,0,0,0,0,0,0,0,0,0,0
10643,0,0,0,0,0,0,0,0,0,0,0,0,0,0,0,0,0,0,0,0,0
10644,0,0,0,0,0,0,0,0,0,0,0,0,0,0,0,0,0,0,0,0,0
10645,0,0,0,0,0,0,0,0,0,0,0,0,0,0,0,0,0,0,0,0,0
10646,0,0,0,0,0,0,0,0,0,0,0,0,0,0,0,0,0,0,0,0,0
10647,0,0,0,0,0,0,0,0,0,0,0,0,0,0,0,0,0,0,0,0,0
10648,0,0,0,0,0,0,0,0,0,0,0,0,0,0,0,0,0,0,0,0,0
10649,1,1,0,1,1,1,1,1,1,0,1,1,1,1,1,1,0,1,1,1,1
10650,0,0,0,0,0,0,0,0,0,0,0,0,0,0,0,0,0,0,0,0,0
10651,0,0,0,0,0,0,0,0,0,0,0,0,0,0,0,0,0,0,0,0,0
10652,0,0,0,0,0,0,0,0,0,0,0,0,0,0,0,0,0,0,0,0,0
10653,0,0,0,0,0,0,0,0,0,0,0,0,0,0,0,0,0,0,0,0,0
10654,1,1,0,0,0,0,1,1,1,0,0,0,0,1,1,1,0,0,0,0,1
10655,0,0,0,0,0,0,0,0,0,0,0,0,0,0,0,0,0,0,0,0,0
10656,0,0,0,0,0,0,0,0,0,0,0,0,0,0,0,0,0,0,0,0,0
10657,0,0,0,0,0,0,0,0,0,0,0,0,0,0,0,0,0,0,0,0,0
10658,0,0,0,0,0,0,0,0,0,0,0,0,0,0,0,0,0,0,0,0,0
10659,0,0,0,0,0,0,0,0,0,0,0,0,0,0,0,0,0,0,0,0,0
10660,0,0,0,0,0,0,0,0,0,0,0,0,0,0,0,0,0,0,0,0,0
10661,0,0,0,0,0,0,0,0,0,0,0,0,0,0,0,0,0,0,0,0,0
10662,0,0,0,0,0,0,0,0,0,0,0,0,0,0,0,0,0,0,0,0,0
10663,0,0,0,0,0,0,0,0,0,0,0,0,0,0,0,0,0,0,0,0,0
10664,0,0,0,0,0,0,0,0,0,0,0,0,0,0,0,0,0,0,0,0,0
10665,0,0,0,0,0,0,0,0,0,0,0,0,0,0,0,0,0,0,0,0,0
10666,0,0,0,0,0,0,0,0,0,0,0,0,0,0,0,0,0,0,0,0,0
10667,0,0,0,0,0,0,0,0,0,0,0,0,0,0,0,0,0,0,0,0,0
10668,0,0,0,0,0,0,0,0,0,0,0,0,0,0,0,0,0,0,0,0,0
10669,0,0,0,0,0,0,0,0,0,0,0,0,0,0,0,0,0,0,0,0,0
10670,0,0,0,0,0,0,0,0,0,0,0,0,0,0,0,0,0,0,0,0,0
10671,0,0,0,0,0,0,0,0,0,0,0,0,0,0,0,0,0,0,0,0,0
10672,0,0,0,0,0,0,0,0,0,0,0,0,0,0,0,0,0,0,0,0,0
10673,0,0,0,0,0,0,0,0,0,0,0,0,0,0,0,0,0,0,0,0,0
10674,0,0,0,0,0,0,0,0,0,0,0,0,0,0,0,0,0,0,0,0,0
10675,0,0,0,0,0,0,0,0,0,0,0,0,0,0,0,0,0,0,0,0,0
10676,0,0,0,0,0,0,0,0,0,0,0,0,0,0,0,0,0,0,0,0,0
10677,0,0,0,0,0,0,0,0,0,0,0,0,0,0,0,0,0,0,0,0,0
10678,34,40,42,41,34,30,28,34,40,42,41,34,30,28,34,40,42,41,34,30,28
10679,6,7,6,6,5,4,4,5,6,6,6,5,4,4,6,7,6,6,5,4,5
10680,1,1,1,1,1,0,0,1,1,1,1,1,0,0,1,1,1,1,1,0,0
10681,0,0,0,1,1,0,0,0,0,0,1,1,0,0,0,0,0,1,1,0,0
10682,1,2,2,2,2,1,1,1,2,2,2,2,1,1,1,2,2,2,2,1,1
10683,2,2,2,2,2,2,2,2,2,2,2,2,2,2,2,2,2,2,2,2,2
10684,0,0,0,0,0,0,0,0,0,0,0,0,0,0,0,0,0,0,0,0,0
10685,0,0,0,0,0,0,0,0,0,0,0,0,0,0,0,0,0,0,0,0,0
10686,0,0,0,0,0,0,0,0,0,0,0,0,0,0,0,0,0,0,0,0,0
10687,0,0,0,0,0,0,0,0,0,0,0,0,0,0,0,0,0,0,0,0,0
10688,0,0,0,1,1,0,0,0,0,0,1,1,0,0,0,0,0,1,1,0,0
10689,0,0,0,0,0,0,0,0,0,0,0,0,0,0,0,0,0,0,0,0,0
10690,0,0,0,0,0,0,0,0,0,0,0,0,0,0,0,0,0,0,0,0,0
10691,1,1,1,1,1,1,1,1,1,1,1,1,1,1,1,1,1,1,1,1,1
10692,0,0,0,0,0,0,0,0,0,0,0,0,0,0,0,0,0,0,0,0,0
10693,0,0,0,0,0,0,0,0,0,0,0,0,0,0,0,0,0,0,0,0,0
10694,1,1,1,1,1,1,1,1,1,1,1,1,1,1,1,1,1,1,1,1,1
10695,0,0,0,0,0,0,0,0,0,0,0,0,0,0,0,0,0,0,0,0,0
10696,0,0,0,0,0,0,0,0,0,0,0,0,0,0,0,0,0,0,0,0,0
10697,0,0,0,0,0,0,0,0,0,0,0,0,0,0,0,0,0,0,0,0,0
10698,0,0,0,0,0,0,0,0,0,0,0,0,0,0,0,0,0,0,0,0,0
10699,0,1,0,2,3,0,0,0,1,0,2,3,0,0,0,1,0,2,3,0,0
10700,0,2,0,2,2,0,2,0,2,0,2,2,0,2,0,2,0,2,2,0,2
10701,3,9,5,2,4,1,6,9,18,17,14,11,3,2,2,9,5,2,4,0,2
10702,1,1,1,0,3,2,0,1,1,1,0,3,2,0,1,1,1,0,3,2,0
10703,2,2,1,1,1,0,1,2,2,1,1,1,0,1,2,2,1,1,1,0,1
10704,2,1,1,1,1,0,0,2,1,1,1,1,0,0,2,1,1,1,1,0,0
10705,2,3,9,2,0,2,5,2,3,9,2,0,2,5,2,3,9,2,0,2,5
10706,0,0,0,0,0,0,0,0,0,0,0,0,0,0,0,0,0,0,0,0,0
10707,1,1,1,1,1,1,1,1,1,1,1,1,1,1,1,1,1,1,1,1,1
10708,0,0,0,0,0,0,0,0,0,0,0,0,0,0,0,0,0,0,0,0,0
10709,1,1,2,2,2,2,1,1,1,1,1,1,1,0,1,1,1,1,1,1,0
10710,0,0,0,0,0,0,0,0,0,0,0,0,0,0,0,0,0,0,0,0,0
10711,1,2,2,1,1,1,1,1,2,2,1,1,1,1,1,2,1,1,1,1,1
10712,0,1,1,1,1,1,0,0,1,1,1,1,1,0,0,1,1,1,1,1,0
10713,3,3,3,3,2,2,3,4,4,4,4,3,2,2,2,2,2,2,2,2,3
10714,2,3,3,3,3,2,2,3,3,3,3,3,3,3,4,5,5,5,4,4,4
10715,1,1,1,1,0,0,1,1,1,1,1,0,0,1,1,1,1,1,0,0,1
10716,1,1,1,1,1,1,1,1,1,1,1,1,1,1,1,1,1,1,1,1,1
10717,0,0,0,0,0,0,0,0,0,0,0,0,0,0,0,0,0,0,0,0,0
10718,0,0,0,0,0,0,0,0,0,0,0,0,0,0,0,0,0,0,0,0,0
10719,0,0,0,0,0,0,0,0,0,0,0,0,0,0,0,0,0,0,0,0,0
10720,3,3,3,4,3,0,0,3,3,3,4,3,0,0,3,3,3,4,3,0,0
10721,0,0,0,0,0,0,0,0,0,0,0,0,0,0,0,0,0,0,0,0,0
10722,1,1,1,0,0,0,0,1,1,1,0,0,0,0,1,1,1,0,0,0,0
10723,2,2,3,3,2,2,2,2,2,3,3,2,2,2,2,2,3,3,2,2,2
10724,4,4,4,4,4,3,3,4,4,4,4,4,3,3,4,4,4,4,4,3,3
10725,0,0,0,0,0,0,0,0,0,0,0,0,0,0,0,0,0,0,0,0,0
10726,10,13,13,9,5,5,5,10,13,13,10,5,5,5,10,13,13,10,5,5,5
10727,12,13,13,12,9,9,11,18,30,36,35,26,19,18,21,24,24,22,18,16,18
10728,5,5,4,4,5,5,4,5,5,4,4,5,5,4,5,5,4,4,5,5,4
10729,17,20,19,20,18,12,9,11,13,15,16,15,9,6,9,13,16,19,18,13,10
10730,2,2,2,2,2,2,2,2,2,2,2,2,2,2,2,2,2,2,2,2,2
10731,2,2,2,2,2,2,1,2,2,2,2,2,2,1,2,2,2,2,2,2,1
10732,9,10,8,8,7,8,8,9,10,8,8,8,8,8,9,10,8,8,8,8,8
10733,8,7,7,6,5,6,6,8,8,7,6,6,6,6,8,8,7,6,5,6,6
10734,8,8,8,7,7,7,8,9,11,11,10,9,9,9,11,12,11,9,9,8,9
10735,4,5,6,6,5,4,3,3,4,5,5,5,4,5,7,9,10,9,8,7,7
10736,1,1,1,1,1,1,1,1,1,1,1,1,1,1,1,1,1,1,1,1,1
10737,1,1,1,1,1,0,1,1,1,1,1,1,0,1,1,1,1,1,1,1,1
10738,1,1,1,1,1,1,1,1,1,1,1,1,1,1,1,1,1,1,1,1,1
10739,1,1,2,2,1,1,1,1,2,2,2,2,1,1,2,2,2,2,2,1,1
10740,20,20,21,19,17,14,14,19,22,25,24,22,19,18,21,23,24,22,19,16,15
10741,1,1,1,0,0,0,0,1,1,1,0,0,0,0,1,1,1,0,0,0,0
10742,1,2,2,1,1,1,1,1,2,2,1,1,1,1,1,2,2,1,1,1,1
10743,1,2,2,1,1,1,1,1,2,2,1,1,1,1,1,2,2,1,1,1,1
10744,2,2,3,3,3,2,2,2,2,3,3,3,2,2,2,2,3,3,3,2,2
10745,16,15,14,15,14,13,14,17,15,14,15,14,13,14,17,15,14,15,14,13,14
10746,1,1,1,1,1,1,1,1,1,1,1,1,1,1,1,1,1,1,1,1,1
10747,0,0,0,0,0,0,0,0,0,0,0,0,0,0,0,0,0,0,0,0,0
10748,0,0,0,0,0,0,0,0,0,0,0,0,0,0,0,0,0,0,0,0,0
10749,0,0,0,0,0,0,0,0,0,0,0,0,0,0,0,0,0,0,0,0,0
10750,0,0,0,0,0,0,0,0,1,1,1,0,0,1,1,1,1,1,1,1,1
10751,0,0,1,1,0,0,0,0,0,1,1,0,0,0,0,0,1,1,0,0,0
10752,0,1,1,0,0,1,0,1,1,1,1,1,0,0,1,1,1,1,1,1,1
10753,0,0,0,0,0,0,0,0,0,0,0,0,0,0,0,0,0,0,0,0,0
10754,0,0,0,0,0,0,0,0,0,0,0,0,0,0,0,0,0,0,0,0,0
10755,1,1,1,2,1,1,0,0,1,1,2,2,1,1,1,1,1,2,2,2,1
10756,0,0,0,0,0,0,0,0,0,0,0,0,0,0,0,0,0,0,0,0,0
10757,0,0,0,0,0,0,0,0,0,0,0,0,0,0,0,0,0,0,0,0,0
10758,0,0,0,0,0,0,0,0,0,0,0,0,0,0,0,0,0,0,0,0,0
10759,0,0,0,0,0,0,0,0,0,0,0,0,0,0,0,0,0,0,0,0,0
10760,0,0,0,0,0,0,0,0,0,0,0,0,0,0,0,0,0,0,0,0,0
10761,0,0,0,0,0,0,0,1,1,0,0,0,0,1,1,1,1,1,1,1,2
10762,1,1,1,1,1,1,1,1,1,1,1,1,1,1,1,1,1,1,1,1,1
10763,0,0,0,0,0,0,0,0,0,0,0,0,0,0,0,0,0,0,0,0,0
10764,0,0,0,0,0,0,0,0,0,0,0,0,0,0,0,0,0,0,0,0,0
10765,0,1,0,0,0,0,0,1,1,0,0,0,0,0,1,1,0,1,1,0,1
10766,0,0,0,0,0,0,0,0,0,0,0,0,0,0,0,0,0,0,0,0,0
10767,0,0,0,0,0,0,0,0,0,0,0,0,0,0,0,1,1,1,0,0,0
10768,0,0,0,0,0,0,0,0,0,0,0,0,0,0,0,0,0,0,0,0,0
10769,0,0,0,0,0,0,0,0,0,0,0,0,0,0,0,0,0,0,0,0,0
10770,1,0,0,0,0,0,1,1,0,0,0,0,0,1,1,0,0,0,0,0,1
10771,0,0,0,0,0,0,0,0,0,0,0,0,0,0,0,0,0,0,0,0,0
10772,0,0,0,0,0,0,0,0,0,0,0,0,0,0,0,0,0,0,0,0,0
10773,0,0,0,0,0,0,0,0,0,0,0,0,0,0,0,0,0,0,0,0,0
10774,2,2,2,2,2,1,1,2,2,2,2,2,1,1,2,2,2,2,2,1,1
10775,2,2,1,1,1,1,1,2,2,1,1,1,1,1,2,2,1,1,1,1,1
10776,9,11,11,12,10,8,7,9,11,12,12,10,8,7,9,10,11,11,9,8,7
10777,4,4,3,4,3,4,3,4,4,3,4,3,4,3,4,3,3,4,3,3,3
10778,7,8,8,6,6,4,5,7,7,7,6,5,4,5,7,7,7,6,5,4,5
10779,3,4,4,4,3,3,3,3,4,4,3,3,2,2,3,4,4,4,3,2,3
10780,6,7,6,6,5,5,5,7,7,6,6,5,5,5,7,6,5,6,4,4,5
10781,0,0,0,0,0,0,0,0,0,0,0,0,0,1,1,1,1,1,1,1,1
10782,0,0,0,0,0,0,0,0,0,0,0,0,0,0,0,0,0,0,0,0,0
10783,1,1,1,0,0,0,1,1,1,1,0,0,0,1,1,1,1,0,0,0,1
10784,0,0,0,0,0,0,0,0,0,0,0,0,0,0,0,0,0,0,0,0,0
10785,0,0,0,0,0,0,0,0,0,0,0,0,0,0,0,0,0,0,0,0,0
10786,0,0,0,0,0,0,0,0,0,0,0,0,0,0,0,0,0,0,0,0,0
10787,0,0,0,0,0,0,0,0,0,0,0,0,0,0,0,0,0,0,0,0,0
10788,0,0,0,0,0,0,0,0,0,0,0,0,0,0,0,0,0,0,0,0,0
10789,2,3,3,3,2,2,2,2,3,3,3,2,2,2,2,3,3,3,2,2,2
10790,1,1,1,1,1,1,1,1,1,1,1,1,1,1,1,1,1,1,1,1,1
10791,5,5,5,4,3,4,4,4,4,4,4,4,4,4,5,5,5,4,4,4,4
10792,15,16,15,15,13,12,11,14,17,17,17,15,13,13,14,15,15,15,13,11,10
10793,0,1,1,0,0,0,1,0,1,1,0,0,0,1,0,1,1,0,0,0,1
10794,1,1,1,1,1,1,1,1,1,1,1,1,1,1,1,1,1,1,1,1,1
10795,1,2,2,2,2,2,1,1,2,2,2,2,2,1,1,2,2,2,2,2,1
10796,3,4,4,4,3,3,2,3,4,4,4,3,3,2,3,4,4,4,3,3,2
10797,0,0,0,0,0,0,0,0,0,0,0,0,0,0,0,0,0,0,0,0,0
10798,2,1,3,2,2,2,2,2,1,3,2,2,2,2,2,1,3,2,2,2,2
10799,3,4,3,3,2,2,3,3,4,3,3,2,2,3,3,4,3,3,2,2,3
10800,1,1,2,2,1,1,1,1,1,2,2,1,1,1,1,2,2,2,2,1,1
10801,0,0,0,0,0,0,0,0,0,0,0,0,0,0,0,0,0,0,0,0,0
10802,0,0,0,0,0,0,0,0,0,0,0,0,0,0,0,0,0,0,0,0,0
10803,0,0,0,0,0,0,0,0,0,0,0,0,0,0,0,0,0,0,0,0,0
10804,0,0,0,0,0,0,0,0,0,0,0,0,0,0,0,0,0,0,0,0,0
10805,0,0,0,0,0,0,0,0,0,0,0,0,0,0,0,0,0,0,0,0,0
10806,2,3,3,2,2,2,2,2,2,2,2,2,2,2,2,2,2,2,2,1,2
10807,1,1,1,1,1,1,1,1,1,1,1,1,1,1,1,1,1,1,1,1,1
10808,1,1,0,1,1,1,1,0,1,0,1,1,1,0,0,0,0,0,1,1,0
10809,0,0,0,0,0,0,0,0,0,0,0,0,0,0,0,0,0,0,0,0,0
10810,9,9,10,10,11,11,11,9,9,10,10,11,11,11,9,9,10,10,11,11,11
10811,0,1,1,0,0,0,0,1,1,1,1,0,0,0,1,1,1,1,0,0,1
10812,3,4,5,5,4,3,2,3,5,5,5,4,4,3,4,5,6,5,4,4,4
10813,1,1,1,1,1,1,1,1,1,1,1,1,1,1,1,1,1,1,1,1,1
10814,6,13,14,12,6,5,5,6,13,14,12,6,5,5,6,13,14,12,6,5,5
10815,2,3,5,5,4,2,2,2,3,5,6,4,2,2,2,3,5,5,4,2,2
10816,10,17,17,18,14,12,8,12,18,18,19,14,12,8,11,18,17,18,14,12,7
10817,5,7,8,7,5,5,5,6,7,8,7,5,5,5,6,8,8,7,6,5,5
10818,1,2,2,2,1,1,1,1,2,2,2,1,1,1,1,2,2,2,1,1,1
10819,0,0,0,0,0,0,0,0,0,0,0,0,0,0,0,0,0,0,0,0,0
10820,2,3,3,3,3,2,1,2,3,3,3,3,2,1,2,3,3,3,3,2,1
10821,5,7,8,6,5,4,4,5,7,8,6,5,4,4,5,7,7,5,4,3,3
10822,1,1,1,1,1,1,1,1,1,1,1,1,1,1,1,1,1,1,1,1,1
10823,1,1,1,1,1,1,1,1,2,2,1,1,1,1,1,2,2,1,1,1,2
10824,0,0,0,0,0,0,0,0,0,0,0,0,0,0,0,0,0,0,0,0,0
10825,2,1,1,1,1,1,1,1,1,1,1,1,1,1,1,1,1,1,1,1,1
10826,1,1,1,0,0,1,1,1,1,1,0,0,1,1,1,1,1,0,0,1,1
10827,2,2,2,2,1,1,1,2,2,2,2,1,1,1,2,2,2,2,1,2,2
10828,6,6,7,7,7,7,7,7,6,5,5,4,4,6,8,10,10,10,9,9,9
10829,0,0,0,0,0,0,0,0,0,0,0,0,0,0,0,0,0,0,0,0,0
10830,0,0,0,0,0,0,0,0,0,0,0,0,0,0,0,0,0,0,0,0,0
10831,0,0,0,0,0,0,0,0,0,0,0,0,0,0,0,0,0,0,0,0,0
10832,0,0,0,0,0,0,0,0,0,0,0,0,0,0,0,0,0,0,0,0,0
10833,0,0,0,0,0,0,0,0,0,0,0,0,0,0,0,0,0,0,0,0,0
10834,1,1,0,1,1,1,1,1,1,1,1,1,1,1,1,1,0,1,0,1,1
10835,1,1,1,1,0,0,0,0,1,1,1,0,0,0,0,1,1,1,0,0,0
10836,2,3,3,2,1,1,1,2,3,4,3,2,1,1,2,3,3,3,2,2,2
10837,0,0,0,0,0,0,0,0,0,1,1,0,0,0,0,0,0,0,0,0,0
10838,0,0,0,0,0,0,0,0,0,0,0,0,0,0,0,0,0,0,0,0,0
10839,1,1,1,1,0,0,0,0,1,1,0,0,0,0,1,1,1,0,0,0,1
10840,0,0,0,0,0,0,0,0,0,0,0,0,0,0,0,0,0,0,0,0,0
10841,0,0,0,0,0,0,0,0,0,0,0,0,0,0,0,0,0,0,0,0,0
10842,3,4,4,4,3,3,3,3,4,4,4,3,3,3,3,4,4,4,3,3,3
10843,0,0,0,0,0,0,0,0,0,0,0,0,0,0,0,0,0,0,0,0,0
10844,2,2,2,2,2,2,1,2,2,2,2,2,2,1,2,2,2,2,2,2,1
10845,0,0,0,0,0,0,0,0,0,0,0,0,0,0,0,0,0,0,0,0,0
10846,0,0,0,0,0,0,0,0,0,0,0,0,0,0,0,0,0,0,0,0,0
10847,10,10,12,11,10,8,10,11,12,13,12,10,8,9,10,9,10,9,8,6,7
10848,5,4,5,4,4,4,4,5,5,6,5,5,5,5,6,6,6,6,5,6,5
10849,0,0,0,0,0,0,0,0,0,0,0,0,0,0,0,0,0,0,0,0,0
10850,1,1,1,1,1,1,1,1,1,1,1,1,1,1,1,2,1,1,1,1,1
10851,0,0,0,0,0,0,0,0,0,0,0,0,0,0,0,0,0,0,0,0,0
10852,0,0,0,0,0,0,0,0,0,0,0,0,0,0,0,0,0,0,0,0,0
10853,6,6,7,7,7,6,7,9,10,10,10,8,7,8,9,10,10,9,8,7,8
10854,1,1,1,1,1,1,1,1,1,1,1,1,1,1,1,1,1,1,1,1,1
10855,0,0,0,0,0,0,0,0,0,0,0,0,0,0,0,0,0,0,0,0,0
10856,13,13,13,11,10,9,11,12,13,13,11,10,9,10,12,13,13,11,10,9,10
10857,2,3,3,2,3,2,3,2,3,3,2,2,2,3,2,3,3,2,3,2,3
10858,22,22,22,21,19,17,16,21,22,22,21,20,18,17,22,21,19,18,17,16,15
10859,100,116,125,121,104,96,97,111,130,134,125,109,98,98,109,126,132,124,107,97,97
10860,102,106,103,98,87,80,76,102,107,104,98,87,80,75,100,104,100,93,82,75,72
10861,0,0,0,0,0,0,0,0,0,0,0,0,0,0,0,0,0,0,0,0,0
10862,2,2,2,2,2,1,1,2,2,2,1,1,1,1,2,2,2,1,1,1,1
10863,30,23,20,17,15,15,19,24,21,19,17,15,15,19,24,21,20,17,15,15,19
10864,53,57,53,43,36,34,38,50,55,53,43,37,35,38,50,54,52,43,36,35,39
10865,1,2,3,2,1,1,1,1,2,3,2,1,1,1,1,2,3,2,1,1,1
10866,5,6,4,3,3,4,4,5,6,4,3,3,4,4,5,6,5,3,4,5,6
10867,24,26,25,25,21,18,23,26,28,26,26,22,18,22,25,25,22,22,19,16,20
10868,16,14,14,12,11,11,11,13,12,12,11,10,11,10,13,12,12,11,10,11,10
10869,88,86,85,75,69,70,80,98,101,96,83,76,73,81,99,100,96,81,73,72,81
10870,9,11,11,11,9,8,8,10,12,11,11,9,8,8,10,12,12,12,10,10,11
10871,7,8,9,8,6,5,6,7,8,8,7,5,4,4,4,6,6,5,4,4,4
10872,4,5,4,3,3,3,5,5,5,5,3,3,3,5,4,5,4,3,2,3,5
10873,1,1,1,1,1,1,1,1,1,1,1,1,1,1,1,1,1,1,1,1,1
10874,1,1,1,1,1,1,1,1,1,1,1,1,1,1,1,1,1,1,1,1,1
10875,6,8,7,9,8,7,6,6,8,7,9,8,7,6,6,8,7,9,8,7,6
10876,8,7,7,5,5,4,4,5,6,6,5,5,4,3,4,5,5,4,5,3,3
10877,1,1,1,1,1,1,1,1,1,2,1,1,1,1,1,2,2,2,1,1,1
10878,9,9,9,8,7,7,8,9,8,9,8,7,7,8,9,9,9,8,7,7,8
10879,132,149,154,159,146,116,112,135,153,158,162,149,118,114,136,154,158,161,148,117,113
10880,2,2,2,2,1,1,1,2,2,2,2,2,1,1,2,2,2,2,1,1,1
10881,0,0,0,0,0,0,0,0,0,0,0,0,0,0,0,0,0,0,0,0,0
10882,2,2,2,2,2,2,2,2,2,2,2,2,2,2,3,3,4,3,3,3,3
10883,3,3,3,3,3,2,3,3,3,3,3,3,2,3,3,3,3,3,3,3,3
10884,8,10,11,11,11,8,8,8,10,11,11,11,8,8,8,10,11,11,11,8,9
10885,5,5,6,4,4,3,3,5,5,5,4,4,4,5,8,9,8,6,5,5,6
10886,9,9,7,7,6,5,7,8,8,7,7,5,5,7,8,8,7,7,6,5,7
10887,5,5,5,4,3,3,4,5,6,7,6,5,5,5,8,10,11,9,8,8,9
10888,1,1,1,1,1,1,1,1,1,1,1,1,1,1,1,1,1,1,1,1,1
10889,2,1,1,1,1,1,2,2,1,1,1,1,1,2,2,1,1,1,1,1,1
10890,1,1,1,1,1,1,1,1,1,1,1,1,1,1,1,1,1,1,1,1,1
10891,0,0,0,0,0,0,0,0,0,0,0,0,0,0,0,0,0,0,0,0,0
10892,0,0,0,0,0,0,0,0,0,0,0,0,0,0,0,0,0,0,0,0,0
10893,0,0,0,0,0,0,0,0,0,0,0,0,0,0,0,0,0,0,0,0,0
10894,0,0,0,0,0,0,0,0,0,0,0,0,0,0,0,0,0,0,0,0,0
10895,0,0,0,0,0,0,0,0,0,0,0,0,0,0,0,0,0,0,0,0,0
10896,25,23,23,20,16,16,19,24,27,31,28,24,22,25,32,35,35,30,26,25,27
10897,0,0,0,0,0,0,0,0,0,0,0,0,0,0,0,0,0,0,0,0,0
10898,2,2,0,0,1,1,1,2,2,0,0,1,1,1,2,2,0,0,1,1,1
10899,1,1,1,1,1,1,1,1,2,1,2,1,1,1,2,2,2,2,2,2,2
10900,1,0,0,0,0,0,0,1,0,0,0,0,0,0,1,0,0,0,0,0,0
10901,0,0,0,0,0,0,0,0,0,0,0,0,0,0,0,0,0,0,0,0,0
10902,3,3,3,3,3,2,2,3,3,4,3,3,2,2,3,3,4,3,3,2,2
10903,0,0,0,0,0,0,0,0,0,0,0,0,0,0,0,0,0,0,0,0,0
10904,0,0,0,0,0,0,0,0,0,0,0,0,0,0,0,0,0,0,0,0,0
10905,0,0,0,0,0,0,0,0,0,0,0,0,0,0,0,0,0,0,0,0,0
10906,1,1,1,1,1,1,2,2,2,2,1,1,1,1,1,1,1,1,1,1,1
10907,1,2,2,1,1,1,1,2,2,2,2,1,1,1,2,2,2,2,2,2,2
10908,0,0,0,0,0,0,0,0,0,0,0,0,0,0,0,0,0,0,0,0,0
10909,0,0,0,0,0,0,0,0,0,0,0,0,0,0,0,0,0,0,0,0,0
10910,0,0,0,0,0,0,0,0,0,0,0,0,0,0,0,0,0,0,0,0,0
10911,2,2,2,2,1,1,2,2,2,2,1,1,1,2,3,2,2,2,1,2,3
10912,0,0,0,0,0,0,0,0,0,0,0,0,0,0,0,0,0,0,0,0,0
10913,0,0,0,0,0,0,0,0,0,0,0,0,0,0,0,0,0,0,0,0,0
10914,1,1,1,1,1,1,1,2,2,2,2,1,1,1,2,2,1,1,1,1,1
10915,2,2,2,2,2,2,2,2,2,2,2,2,2,2,2,2,2,2,2,2,2
10916,2,2,1,1,1,2,2,2,2,1,1,1,2,2,3,2,1,1,1,2,3
10917,0,0,0,0,0,0,0,0,0,0,0,0,0,0,0,0,0,0,0,0,0
10918,0,0,0,0,0,0,0,0,0,0,0,0,0,0,0,0,0,0,0,0,0
10919,0,0,0,0,0,0,0,0,0,0,0,0,0,0,0,0,0,0,0,0,0
10920,0,0,0,0,0,0,0,0,0,0,0,0,0,0,0,0,0,0,0,0,0
10921,20,22,21,19,16,15,15,19,22,21,19,16,14,14,17,19,19,17,14,12,12
10922,11,11,12,11,9,8,8,10,11,11,10,9,8,7,9,9,9,8,7,6,7
10923,9,10,10,9,7,6,7,9,10,10,9,8,7,7,9,11,10,8,7,6,7
10924,17,18,16,14,12,10,11,14,16,15,13,11,9,10,13,15,14,13,11,9,10
10925,13,15,15,14,12,9,10,12,14,14,13,11,9,10,11,12,12,11,10,8,9
10926,20,22,21,18,15,14,14,18,20,20,19,16,15,15,18,20,19,17,14,12,13
10927,4,4,5,5,4,3,3,4,4,5,5,4,3,3,4,4,5,5,4,3,3
10928,7,8,8,8,7,6,6,7,8,8,8,7,6,6,7,8,7,7,6,5,5
10929,91,103,109,105,94,81,83,100,113,115,105,91,76,75,90,103,107,100,87,75,75
10930,8,9,8,7,7,6,6,7,8,7,7,6,6,6,7,7,7,7,6,6,6
10931,1,1,1,1,1,1,1,1,1,1,1,1,1,1,1,1,1,1,1,1,1
10932,0,1,1,1,1,1,1,1,1,1,1,1,1,1,1,1,1,1,1,1,1
10933,7,8,8,7,5,4,4,6,6,7,7,6,5,5,6,7,7,6,5,5,5
10934,0,0,0,0,0,0,0,0,0,0,0,0,0,0,0,0,0,0,0,0,0
10935,0,0,0,0,0,0,0,0,0,0,0,0,0,0,0,0,0,0,0,0,0
10936,22,26,24,21,16,15,18,21,25,24,21,16,15,18,21,25,24,21,16,15,18
10937,10,13,11,11,9,7,8,10,12,11,11,9,7,8,10,12,11,11,9,7,8
10938,38,43,42,41,33,25,25,35,44,46,47,39,32,32,41,50,50,49,40,31,31
10939,428,525,549,507,394,314,311,409,527,554,510,405,326,334,444,566,599,546,433,356,364
10940,5,7,6,4,4,6,5,5,7,6,4,4,6,5,5,7,6,4,4,6,5
10941,3,5,5,7,6,2,2,3,5,5,7,6,2,2,3,5,5,7,6,2,2
10942,0,0,0,0,0,0,0,0,0,0,0,0,0,0,0,0,0,0,0,0,0
10943,0,0,0,0,0,0,0,0,0,0,0,0,0,0,0,0,0,0,0,0,0
10944,0,0,0,0,0,0,0,0,0,0,0,0,0,0,0,0,0,0,0,0,0
10945,42,49,50,47,42,36,34,42,49,50,47,42,36,34,42,49,50,47,42,36,34
10946,0,0,0,0,0,0,0,0,0,0,0,0,0,0,0,0,0,0,0,0,0
10947,0,0,0,0,0,0,0,0,0,0,0,0,0,0,0,0,0,0,0,0,0
10948,1,1,1,1,1,1,1,1,1,1,1,1,1,1,1,1,1,1,1,1,1
10949,8,9,9,8,7,6,6,7,9,9,8,7,6,6,7,8,9,8,7,6,7
10950,1,2,2,2,2,1,1,1,2,2,2,2,1,1,1,2,2,2,2,1,1
10951,2,2,2,2,1,1,1,2,2,2,2,1,1,1,2,2,2,2,1,1,1
10952,27,33,30,22,14,16,15,27,33,30,22,14,16,15,27,33,30,22,15,16,15
10953,33,45,51,65,60,39,31,33,44,49,64,59,38,32,36,48,53,67,61,40,34
10954,2,5,4,4,3,3,3,3,5,5,4,3,3,2,3,5,4,4,3,2,2
10955,1,2,1,1,1,1,1,1,2,2,2,1,1,1,1,2,2,2,1,1,1
10956,0,0,0,0,0,0,0,0,0,0,0,0,0,0,0,0,0,0,0,0,0
10957,0,0,0,1,0,0,0,0,0,0,1,0,0,0,0,0,0,1,0,0,0
10958,0,0,0,0,1,1,0,0,0,0,0,1,1,0,0,0,0,0,1,1,0
10959,0,0,0,0,1,1,1,0,0,0,0,1,1,1,0,0,0,0,1,1,1
10960,1,0,0,1,0,0,1,1,0,0,1,0,0,1,1,0,0,1,0,0,1
10961,4,4,4,4,4,4,4,4,4,4,4,4,4,4,4,4,4,4,4,4,4
10962,3,3,2,2,2,2,2,3,3,2,2,2,2,2,3,3,2,2,2,2,2
10963,33,33,31,29,27,27,26,33,33,31,29,27,27,26,33,33,31,29,27,27,26
10964,0,0,0,0,0,0,0,0,0,0,0,0,0,0,0,0,0,0,0,0,0
10965,1,1,1,1,1,1,1,1,1,1,1,1,1,1,1,1,1,1,1,1,1
10966,0,0,0,0,0,0,0,0,0,0,0,0,0,0,0,0,0,0,0,0,0
10967,0,0,0,0,0,0,0,0,0,0,0,0,0,0,0,0,0,0,0,0,0
10968,0,0,0,0,0,0,0,0,0,0,0,0,0,0,0,0,0,0,0,0,0
10969,0,0,0,0,0,0,0,0,0,0,0,0,0,0,0,0,0,0,0,0,0
10970,2,2,3,3,2,2,3,3,3,3,3,3,3,3,4,4,4,4,3,3,3
10971,0,0,0,0,0,0,0,0,0,0,0,0,0,0,0,0,0,0,0,0,0
10972,3,4,5,7,6,5,3,3,5,6,7,6,5,4,3,4,5,6,5,5,3
10973,0,1,1,1,1,0,0,1,1,1,1,1,0,1,1,1,1,1,1,1,1
10974,0,0,0,0,0,0,0,0,0,0,0,0,0,0,0,0,0,0,0,0,0
10975,0,0,0,0,0,0,0,0,0,0,0,0,0,0,0,0,0,0,0,0,0
10976,0,0,0,0,0,0,0,0,0,0,0,0,0,0,0,0,0,0,0,0,0
10977,0,0,0,0,0,0,0,0,0,0,0,0,0,0,0,0,0,0,0,0,0
10978,0,0,1,0,0,0,1,1,2,2,1,1,1,1,2,3,3,3,3,2,3
10979,0,0,0,0,0,0,0,0,0,0,0,0,0,0,0,0,0,0,0,0,0
10980,0,0,0,0,0,0,0,0,0,0,0,0,0,0,0,0,0,0,0,0,0
10981,0,0,0,0,0,0,0,0,0,0,0,0,0,0,0,0,0,0,0,0,0
10982,3,4,5,4,3,2,3,3,4,5,4,3,2,3,3,4,5,4,3,2,3
10983,4,5,4,4,2,3,3,4,5,4,4,2,3,3,4,5,4,4,2,3,3
10984,0,0,0,0,0,0,0,0,0,0,0,0,0,0,0,0,0,0,0,0,0
10985,7,8,8,6,5,5,6,7,8,8,6,5,5,5,7,8,8,6,5,5,5
10986,0,0,0,0,0,0,0,0,0,0,0,0,0,0,0,0,0,0,0,0,0
10987,47,48,47,45,41,36,34,43,50,52,51,47,40,39,46,50,49,46,41,36,35
10988,4,5,5,5,4,4,3,4,5,5,5,4,4,3,4,5,5,5,4,4,3
10989,1,1,1,1,1,1,1,1,1,1,1,1,1,1,1,1,1,1,1,1,1
10990,16,19,20,19,16,14,13,16,19,20,19,16,14,13,16,19,20,19,16,14,13
10991,0,0,0,0,0,0,0,0,0,0,0,0,0,0,0,0,0,0,0,0,0
10992,2,2,2,1,2,2,2,2,2,2,1,2,2,2,2,2,2,1,2,2,2
10993,0,0,0,0,0,0,0,0,0,0,0,0,0,0,0,0,0,0,0,0,0
10994,0,0,0,0,0,0,0,0,0,0,0,0,0,0,0,0,0,0,0,0,0
10995,31,37,40,37,28,20,17,22,31,42,46,37,26,22,26,33,39,39,32,25,23
10996,1,1,1,2,2,2,2,1,1,1,2,2,2,2,1,1,1,2,2,2,2
10997,1,1,1,0,0,0,0,0,1,1,0,0,0,0,0,1,1,0,0,0,0
10998,0,0,0,0,0,0,0,0,0,0,0,0,0,0,0,0,0,0,0,0,0
10999,21,24,26,19,20,15,15,21,24,26,19,20,15,15,21,24,26,19,20,15,15
11000,3,3,4,3,3,3,3,3,3,4,3,3,3,3,3,3,4,3,3,3,4
11001,28,32,34,30,28,21,19,27,32,34,30,28,21,19,28,32,34,30,28,21,19
11002,47,61,73,60,46,34,30,47,60,73,60,46,34,30,47,60,73,60,45,34,30
11003,1,2,2,2,2,1,1,1,2,2,2,2,1,1,2,2,2,2,2,2,1
11004,3,3,3,3,3,2,2,3,3,3,3,3,2,2,3,3,3,3,3,2,2
11005,206,264,310,269,213,184,136,206,264,310,269,213,184,136,206,264,310,269,213,184,136
11006,0,0,0,0,0,0,0,0,0,0,0,0,0,0,0,0,0,0,0,0,0
11007,0,0,0,0,0,0,0,0,0,0,0,0,0,0,0,0,0,0,0,0,0
11008,0,0,0,0,0,0,0,0,0,0,0,0,0,0,0,0,0,0,0,0,0
11009,2,1,1,1,1,1,1,2,1,1,1,1,1,1,2,1,1,1,1,1,1
11010,7,8,8,7,5,4,5,6,7,7,6,5,4,5,6,7,7,6,5,4,5
11011,1,2,2,2,2,1,1,1,2,2,2,2,1,1,1,2,2,2,2,1,1
11012,1,1,2,2,1,1,1,1,1,2,2,1,1,1,1,1,2,2,1,1,1
11013,3,4,3,4,3,3,2,3,4,3,4,3,3,2,3,4,3,4,4,3,2
11014,1,1,1,1,1,1,1,1,1,1,1,1,1,1,1,1,1,1,1,1,1
11015,0,0,0,0,0,0,0,0,0,0,0,0,0,0,0,0,0,0,0,0,0
11016,59,64,67,59,71,65,53,59,64,67,59,71,65,53,59,64,67,59,71,65,53
11017,8,9,8,7,6,5,5,8,9,8,7,6,5,5,8,9,8,7,6,5,5
11018,1,1,1,1,1,1,1,1,1,1,1,1,1,1,1,1,1,1,1,1,1
11019,5,6,5,6,5,5,5,5,6,5,6,5,5,5,5,6,5,6,5,5,5
11020,20,20,18,9,8,6,7,16,19,21,12,12,9,10,18,20,18,8,8,6,7
11021,6,7,6,4,4,3,3,6,7,6,5,4,3,3,6,8,6,5,4,3,3
11022,91,87,107,91,97,105,89,91,87,107,91,97,105,89,91,87,107,91,97,105,89
11023,0,0,1,1,1,0,0,0,0,1,1,1,0,0,0,0,1,1,1,0,0
11024,16,15,11,10,13,15,15,16,15,11,10,13,15,15,16,15,11,10,13,15,15
11025,0,0,0,0,0,0,0,0,0,0,0,0,0,0,0,0,0,0,0,0,0
11026,0,0,0,0,2,0,0,0,0,0,0,2,0,0,0,0,0,0,2,0,0
11027,0,0,0,0,0,0,0,0,0,0,0,0,0,0,0,0,0,0,0,0,0
11028,7,7,7,7,6,5,5,7,7,7,7,6,5,5,7,7,7,7,6,5,5
11029,1,0,1,1,1,1,1,1,0,1,1,1,1,1,1,0,1,1,1,1,1
11030,12,12,12,11,10,10,10,12,12,12,11,10,10,10,12,12,12,11,10,10,10
11031,0,0,0,0,0,0,0,0,0,0,0,0,0,0,0,0,0,0,0,0,0
11032,0,0,0,0,0,0,0,0,0,0,0,0,0,0,0,0,0,0,0,0,0
11033,0,0,0,0,0,0,0,0,0,0,0,0,0,0,0,0,0,0,0,0,0
11034,0,0,0,0,0,0,0,0,0,0,0,0,0,0,0,0,0,0,0,0,0
11035,0,0,0,0,0,0,0,0,0,0,0,0,0,0,0,0,0,0,0,0,0
11036,9,7,8,6,5,5,7,9,7,8,6,5,5,7,9,7,8,6,5,5,7
11037,4,4,4,3,3,3,3,4,4,4,3,3,3,3,4,4,4,3,3,3,3
11038,0,0,0,0,0,0,0,0,0,0,0,0,0,0,0,0,0,0,0,0,0
11039,0,0,0,0,0,0,0,0,0,0,0,0,0,0,0,0,0,0,0,0,0
11040,0,0,0,0,0,0,0,0,0,0,0,0,0,0,0,0,0,0,0,0,0
11041,0,0,0,0,0,0,0,0,0,0,0,0,0,0,0,0,0,0,0,0,0
11042,8,8,8,8,8,9,8,8,8,8,8,8,9,8,8,8,8,8,8,9,8
11043,0,0,0,0,0,0,0,0,0,0,0,0,0,0,0,0,0,0,0,0,0
11044,0,0,0,0,0,0,0,0,0,0,0,0,0,0,0,0,0,0,0,0,0
11045,0,0,0,0,0,0,0,0,0,0,0,0,0,0,0,0,0,0,0,0,0
11046,2,1,1,1,1,1,1,1,1,1,1,1,1,1,1,1,1,1,1,1,1
11047,0,0,2,1,1,0,1,0,0,1,1,1,0,1,0,0,1,1,1,0,1
11048,2,3,4,3,2,2,2,3,4,4,3,2,2,2,2,3,3,2,1,1,1
11049,2,2,2,1,1,1,1,1,1,1,1,1,1,1,1,1,2,1,1,1,1
11050,0,0,0,0,0,0,0,0,0,0,0,0,0,0,0,0,0,0,0,0,0
11051,0,0,0,0,0,0,0,0,0,0,0,0,0,0,0,0,0,0,0,0,0
11052,2,2,2,2,1,1,1,2,2,2,2,1,1,1,2,2,2,2,1,1,2
11053,0,0,0,0,0,0,0,0,0,0,0,0,0,0,0,0,0,0,0,0,0
11054,0,0,0,0,0,0,0,0,0,0,0,0,0,0,0,0,0,0,0,0,0
11055,0,0,0,0,0,0,0,0,0,0,0,0,0,0,0,0,0,0,0,0,0
11056,0,0,0,0,0,0,0,0,0,0,0,0,0,0,0,0,0,0,0,0,0
11057,0,0,0,0,0,0,0,0,0,0,0,0,0,0,0,0,0,0,0,0,0
11058,0,0,0,0,0,0,0,0,0,0,0,0,0,0,0,0,0,0,0,0,0
11059,0,0,0,0,0,0,0,0,0,0,0,0,0,0,0,0,0,0,0,0,0
11060,0,0,0,0,0,0,0,0,0,0,0,0,0,0,0,0,0,0,0,0,0
11061,0,0,0,0,0,0,0,0,0,0,0,0,0,0,0,0,0,0,0,0,0
11062,0,0,0,0,0,0,0,0,0,0,0,0,0,0,0,0,0,0,0,0,0
11063,0,0,0,0,0,0,0,0,0,0,0,0,0,0,0,0,0,0,0,0,0
11064,12,13,13,13,11,10,11,12,13,13,13,11,10,11,12,13,13,13,11,10,11
11065,0,0,0,0,0,0,0,0,0,0,0,0,0,0,0,0,0,0,0,0,0
11066,0,0,0,0,0,0,0,0,0,0,0,0,0,0,0,0,0,0,0,0,0
11067,0,0,0,0,0,0,0,0,0,0,0,0,0,0,0,0,0,0,0,0,0
11068,1,1,1,1,1,1,1,1,1,1,1,1,1,1,1,2,1,1,1,1,2
11069,1,1,1,1,0,1,0,1,1,1,1,0,1,0,1,1,1,1,0,1,0
11070,0,0,0,0,0,0,0,0,0,0,0,0,0,0,0,0,0,0,0,0,0
11071,0,0,0,0,0,0,0,0,0,0,0,0,0,0,0,0,0,0,0,0,0
11072,1,1,1,0,0,0,0,0,0,0,0,0,0,0,0,0,0,0,0,0,0
11073,4,3,3,2,2,2,2,4,3,3,2,2,2,2,4,3,3,2,2,2,2
11074,21,23,22,20,17,15,16,21,24,23,21,18,17,17,21,22,20,17,15,14,15
11075,1,1,1,1,1,1,1,1,1,1,1,1,1,1,1,1,1,1,1,1,1
11076,2,2,2,1,1,1,1,2,2,2,1,1,1,1,2,2,2,1,1,2,1
11077,0,0,0,0,0,0,0,0,0,0,0,0,0,0,0,0,0,0,0,0,0
11078,0,0,0,0,0,0,0,0,0,0,0,0,0,0,0,0,0,0,0,0,0
11079,0,0,0,0,0,0,0,0,0,0,0,0,0,0,0,0,0,0,0,0,0
11080,0,0,0,0,0,0,0,0,0,0,0,0,0,0,0,0,0,0,0,0,0
11081,0,0,0,0,0,0,0,0,0,0,0,0,0,0,0,0,0,0,0,0,0
11082,0,0,0,0,0,0,0,0,0,0,0,0,0,0,0,0,0,0,0,0,0
11083,1,0,0,0,0,0,0,0,0,0,0,0,0,0,0,0,0,0,0,0,0
11084,0,0,0,0,0,0,0,0,0,0,0,0,0,0,0,0,0,0,0,0,0
11085,0,0,0,0,0,0,0,0,0,0,0,0,0,0,0,0,0,0,0,0,0
11086,0,0,0,0,0,0,0,0,0,0,0,0,0,0,0,0,0,0,0,0,0
11087,0,0,0,0,0,0,0,0,0,0,0,0,0,0,0,0,0,0,0,0,0
11088,0,0,0,0,0,0,0,0,0,0,0,0,0,0,0,0,0,0,0,0,0
11089,1,1,1,1,1,1,0,1,1,1,1,1,1,1,1,1,1,1,1,1,1
11090,1,1,1,1,1,1,1,1,1,1,1,1,1,1,1,1,1,1,1,1,1
11091,2,2,2,2,2,2,2,2,2,2,2,2,2,2,2,2,2,2,2,2,3
11092,0,0,0,0,0,0,0,0,0,0,0,0,0,0,0,0,0,0,0,0,0
11093,4,4,4,4,4,3,3,3,4,4,4,4,3,3,3,4,4,3,4,3,3
11094,0,0,0,0,0,0,0,0,0,0,0,0,0,0,0,0,0,0,0,0,0
11095,0,0,0,0,0,0,0,0,0,0,0,0,0,0,0,0,0,0,0,0,0
11096,1,1,1,1,1,1,1,1,1,1,1,1,1,1,1,1,1,1,1,1,1
11097,0,0,0,0,0,0,0,0,0,0,0,0,0,0,0,0,0,0,0,0,0
11098,0,0,0,0,0,0,0,0,0,0,0,0,0,0,0,0,0,0,0,0,0
11099,0,0,0,0,0,0,0,0,0,0,0,0,0,0,0,0,0,0,0,0,0
11100,0,0,0,0,0,0,0,0,0,0,0,0,0,0,0,0,0,0,0,0,0
11101,0,0,0,0,0,0,0,0,0,0,0,0,0,0,0,0,0,0,0,0,0
11102,0,0,0,0,0,0,0,0,0,0,0,0,0,0,0,0,0,0,0,0,0
11103,0,0,0,0,0,0,0,0,0,0,0,0,0,0,0,0,0,0,0,0,0
11104,1,1,1,1,1,1,1,1,1,1,1,1,1,1,1,1,1,1,1,1,1
11105,2,2,1,1,1,1,1,1,2,2,1,1,1,1,2,2,2,1,1,1,1
11106,8,10,11,10,9,7,6,9,10,11,11,10,8,8,11,13,14,12,11,9,9
11107,0,0,0,0,0,0,0,0,0,0,0,0,0,0,0,0,0,0,0,0,0
11108,1,1,1,1,1,1,1,1,1,1,1,1,1,1,1,1,1,1,1,1,1
11109,0,0,0,0,0,0,0,0,0,0,0,0,0,0,0,0,0,0,0,0,0
11110,1,1,1,1,1,1,1,1,1,1,1,1,1,1,1,1,1,1,1,1,1
11111,0,0,0,0,0,0,0,0,0,0,0,0,0,0,0,0,0,0,0,0,0
11112,1,1,1,1,1,1,1,1,1,1,1,1,1,1,1,1,1,1,1,1,1
11113,0,0,0,0,0,0,0,0,0,0,0,0,0,0,0,0,0,0,0,0,0
11114,1,2,2,2,2,2,3,3,3,2,2,2,2,2,2,2,1,1,1,1,1
11115,0,0,0,0,0,0,0,0,0,0,0,0,0,0,0,0,0,0,0,0,0
11116,1,1,1,1,1,1,1,1,1,1,1,1,1,1,1,1,1,1,1,1,1
11117,4,4,4,3,2,2,3,4,5,4,3,3,3,3,4,5,5,3,3,3,3
11118,53,54,56,55,44,39,39,50,56,60,60,50,43,43,53,55,58,57,47,41,41
11119,9,8,9,9,9,8,8,9,8,9,9,9,8,8,9,8,9,9,9,8,8
11120,0,0,0,0,0,0,0,0,0,0,0,0,0,0,0,0,0,0,0,0,0
11121,0,0,0,0,0,0,0,0,0,0,0,0,0,0,0,0,0,0,0,0,0
11122,0,0,0,0,0,0,0,0,0,0,0,0,0,0,0,0,0,0,0,0,0
11123,10,10,11,11,9,8,8,10,10,11,11,10,9,10,13,14,14,13,12,10,11
11124,4,4,4,4,4,3,3,4,4,4,4,4,3,3,4,4,4,4,4,3,3
11125,22,26,25,23,20,18,19,21,26,25,22,20,18,18,20,24,23,20,19,17,18
11126,2,3,4,4,3,3,3,5,6,6,5,4,4,4,5,5,4,3,2,2,2
11127,2,3,3,3,2,2,2,3,3,3,3,3,2,2,3,4,4,3,3,3,3
11128,0,0,0,0,0,0,0,0,0,0,0,0,0,0,0,0,0,0,0,0,0
11129,1,1,1,0,0,0,0,1,1,1,0,0,0,0,1,1,1,0,0,0,0
11130,81,86,92,95,82,69,69,83,92,100,103,89,74,73,85,90,94,94,79,66,66
11131,5,5,5,5,5,4,4,5,5,5,5,5,4,4,5,5,5,5,5,4,4
11132,7,7,7,5,6,5,6,7,7,7,5,6,5,6,7,7,7,5,6,5,6
11133,5,7,7,6,5,4,5,6,9,9,8,7,6,7,10,12,13,11,9,8,10
11134,2,2,2,2,2,1,1,2,2,2,2,2,1,1,2,2,2,2,2,1,1
11135,0,0,0,0,0,0,0,0,0,0,0,0,0,0,0,0,0,0,0,0,0
11136,0,0,0,0,0,0,0,0,0,0,0,0,0,0,0,0,0,0,0,0,0
11137,0,0,0,0,0,0,0,0,0,0,0,0,0,0,0,0,0,0,0,0,0
11138,0,0,0,0,0,0,0,0,0,0,0,0,0,0,0,0,0,0,0,0,0
11139,0,0,0,0,0,0,0,0,0,0,0,0,0,0,0,0,0,0,0,0,0
11140,0,0,0,0,0,0,0,0,0,0,0,0,0,0,0,0,0,0,0,0,0
11141,0,1,1,1,1,1,1,1,1,1,1,1,1,1,1,1,1,1,1,1,1
11142,2,2,2,2,2,1,1,2,2,2,2,2,1,1,2,2,2,2,2,2,2
11143,6,11,12,9,8,6,4,6,11,12,9,8,7,4,7,12,13,10,9,7,5
11144,3,2,3,2,2,1,1,2,2,3,2,2,2,2,3,3,4,2,2,1,1
11145,0,0,0,0,0,0,0,0,0,0,0,0,0,0,0,0,0,0,0,0,0
11146,31,35,35,34,28,27,25,31,35,34,33,27,27,25,31,35,34,33,27,27,25
11147,2,2,2,2,2,1,1,2,2,2,2,2,1,1,2,2,2,2,2,1,1
11148,3,3,4,4,3,2,2,3,3,4,4,3,2,2,3,3,4,4,3,2,2
11149,19,21,22,21,18,15,14,19,21,21,19,17,14,13,18,20,20,19,17,14,13
11150,2,1,1,2,1,1,1,2,1,1,2,1,1,1,2,2,2,2,1,2,2
11151,10,9,6,13,10,12,13,10,9,6,13,10,12,13,10,9,6,13,10,12,13
11152,0,0,0,0,0,0,0,0,0,0,0,0,0,0,0,0,0,0,0,0,0
11153,0,0,0,0,0,0,0,0,0,0,0,0,0,0,0,0,0,0,0,0,0
11154,0,0,0,0,1,1,0,0,0,0,0,1,1,0,0,0,0,0,1,1,0
11155,0,0,0,0,0,0,0,0,0,0,0,0,0,0,0,0,0,0,0,0,0
11156,0,1,1,1,0,0,0,0,1,1,1,0,0,0,0,1,1,1,0,0,0
11157,0,0,0,0,0,0,0,0,0,0,0,0,0,0,0,0,0,0,0,0,0
11158,17,22,26,23,18,14,12,16,20,23,21,17,13,13,16,21,24,21,17,13,12
11159,7,8,8,7,6,5,6,8,9,9,8,7,5,6,8,9,9,8,7,6,6
11160,11,16,19,15,13,11,9,12,16,18,14,13,10,9,12,16,18,14,13,10,9
11161,1,1,1,1,1,1,1,1,1,1,1,1,1,1,1,1,1,1,1,1,1
11162,2,2,2,2,1,1,1,2,2,2,2,1,1,1,2,2,2,2,1,1,1
11163,1,1,1,1,1,1,1,1,1,1,1,1,1,1,1,1,1,1,1,1,1
11164,4,5,5,5,4,3,3,4,5,5,4,4,3,3,4,5,5,4,4,4,4
11165,11,15,16,10,7,6,9,11,15,16,10,7,6,9,11,15,16,10,7,6,9
11166,19,20,17,17,13,9,9,14,17,16,17,14,10,10,15,17,15,16,13,10,10
11167,48,59,63,52,43,37,35,47,59,64,53,44,38,36,47,57,61,50,42,35,33
11168,0,0,0,0,0,0,0,0,0,0,0,0,0,0,0,0,0,0,0,0,0
11169,1,1,1,1,1,1,1,1,1,1,1,1,1,1,1,1,1,1,1,1,1
11170,0,0,0,0,0,0,0,0,0,0,0,0,0,0,0,0,0,0,0,0,0
11171,0,0,0,0,0,0,0,0,0,0,0,0,0,0,0,1,0,0,0,0,1
11172,2,2,3,3,2,2,2,3,3,3,3,3,2,2,3,3,3,3,2,2,2
11173,0,1,1,1,1,1,1,0,1,1,1,1,1,1,0,1,1,1,1,1,1
11174,1,1,1,1,1,1,1,1,1,1,1,1,1,1,1,1,1,1,1,1,1
11175,0,0,0,0,0,0,0,0,0,0,0,0,0,0,0,0,0,0,0,0,0
11176,0,0,0,0,0,0,0,0,0,0,0,0,0,0,0,0,0,0,0,0,0
11177,0,0,0,0,0,0,0,0,0,0,0,0,0,0,0,0,0,0,0,0,0
11178,2,2,2,2,2,1,1,2,2,2,2,2,1,1,2,2,2,2,2,1,1
11179,1,1,1,1,1,1,1,1,1,1,1,1,1,1,1,1,1,1,1,1,1
11180,0,0,0,0,0,0,0,0,0,0,0,0,0,0,0,0,0,0,0,0,0
11181,0,0,0,0,0,0,0,0,0,0,0,0,0,0,0,0,0,0,0,0,0
11182,0,0,0,0,0,0,0,0,0,0,0,0,0,0,0,0,0,0,0,0,0
11183,2,3,2,3,2,2,2,2,2,2,3,3,2,2,2,2,2,3,2,2,2
11184,0,0,0,0,0,0,0,0,0,0,0,0,0,0,0,0,0,0,0,0,0
11185,0,0,0,0,0,0,0,0,0,0,0,0,0,0,0,0,0,0,0,0,0
11186,0,0,0,0,0,0,0,0,0,0,0,0,0,0,0,0,0,0,0,0,0
11187,1,0,0,0,0,0,0,0,0,0,0,0,0,0,0,0,0,0,0,0,0
11188,0,0,0,0,0,0,0,0,0,0,0,0,0,0,0,0,0,0,1,0,1
11189,0,0,0,0,0,0,0,0,0,0,0,0,0,0,0,0,0,0,0,0,0
11190,0,0,0,0,0,0,0,0,0,0,0,0,0,0,0,0,0,0,0,0,0
11191,0,0,0,0,0,0,0,0,0,0,0,0,0,0,0,0,0,0,0,0,0
11192,0,0,0,0,0,0,0,0,0,0,0,0,0,0,0,0,0,0,0,0,0
11193,0,0,0,0,0,0,0,0,0,0,0,0,0,0,0,0,0,0,0,0,0
11194,0,0,0,0,0,0,0,0,0,0,0,0,0,0,0,0,0,0,0,0,0
11195,0,0,0,0,0,0,0,0,0,0,0,0,0,0,0,0,0,0,0,0,0
11196,0,0,0,0,0,0,0,0,0,0,0,0,0,0,0,0,0,0,0,0,0
11197,0,0,0,0,0,0,0,0,0,0,0,0,0,0,0,0,0,0,0,0,0
11198,0,0,0,0,0,0,0,0,0,0,0,0,0,0,0,0,0,0,0,0,0
11199,0,0,0,0,0,0,0,0,0,0,0,0,0,0,0,0,0,0,0,0,0
11200,0,0,0,0,0,0,0,0,0,0,0,0,0,0,0,0,0,0,0,0,0
11201,0,0,0,0,0,0,0,0,0,0,0,0,0,0,0,0,0,0,0,0,0
11202,0,0,0,0,0,0,0,0,0,0,0,0,0,0,0,0,0,0,0,0,0
11203,0,0,0,0,0,0,0,0,0,0,0,0,0,0,0,0,0,0,0,0,0
11204,0,0,1,1,0,0,0,1,1,1,1,0,0,0,1,1,1,1,1,1,1
11205,0,0,0,0,0,0,0,0,0,0,0,0,0,0,0,0,0,0,0,0,0
11206,1,1,1,1,1,1,1,1,1,1,1,1,1,1,1,1,1,1,1,1,1
11207,6,7,9,9,8,6,5,6,7,9,9,8,6,5,6,7,9,9,8,6,5
11208,0,0,0,0,0,0,0,0,0,0,0,0,0,0,0,0,0,0,0,0,0
11209,0,0,0,0,0,0,0,0,0,0,0,0,0,0,0,0,0,0,0,0,0
11210,0,0,0,0,0,0,0,0,0,0,0,0,0,0,0,0,0,0,0,0,0
11211,0,0,0,0,0,0,0,0,0,0,0,0,0,0,0,0,0,0,0,0,0
11212,0,0,0,0,0,0,0,0,0,0,0,0,0,0,0,0,0,0,0,0,0
11213,13,19,23,20,12,6,9,13,19,23,20,12,6,9,13,19,23,20,12,6,9
11214,102,108,97,84,71,86,89,102,108,97,84,71,86,89,102,108,97,84,71,86,89
11215,8,14,14,10,7,5,6,8,14,14,10,7,5,6,8,14,14,10,7,5,6
11216,50,57,65,62,55,44,43,50,57,65,62,55,44,43,50,57,65,62,55,44,43
11217,4,4,3,3,3,2,3,3,3,3,3,3,2,2,3,3,3,3,2,2,2
11218,2,2,2,2,2,2,2,2,2,2,2,2,2,2,2,2,2,2,2,2,2
11219,0,0,0,0,0,0,0,0,0,0,0,0,0,0,0,0,0,0,0,0,0
11220,1,1,2,2,1,1,1,1,1,2,2,1,1,1,1,1,2,2,1,1,1
11221,2,1,1,1,1,1,1,1,1,1,1,1,1,1,2,2,2,2,2,2,2
11222,0,0,0,0,0,0,0,0,0,0,0,0,0,0,0,0,0,0,0,0,0
11223,0,0,0,0,0,0,0,0,0,0,0,0,0,0,0,0,0,0,0,0,0
11224,0,0,0,0,0,0,0,0,0,0,0,0,0,0,0,0,0,0,0,0,0
11225,1,1,1,1,0,0,0,1,1,1,1,0,0,0,1,1,1,1,0,0,0
11226,0,0,0,0,0,0,0,0,0,0,0,0,0,0,0,0,0,0,0,0,0
11227,0,0,0,0,0,0,0,0,0,0,0,0,0,0,0,0,0,0,0,0,0
11228,0,0,0,0,0,0,0,0,0,0,0,0,0,0,0,0,0,0,0,0,0
11229,0,0,0,0,0,0,0,0,0,0,0,0,0,0,0,0,0,0,0,0,0
11230,0,0,0,0,0,0,0,0,0,0,0,0,0,0,0,0,0,0,0,0,0
11231,0,0,0,0,0,0,0,0,0,0,0,0,0,0,0,0,0,0,0,0,0
11232,4,5,6,5,4,3,3,4,5,6,5,4,3,3,4,4,5,5,4,3,3
11233,6,7,9,7,6,5,5,7,8,9,7,5,5,5,6,7,8,7,5,4,5
11234,1,1,1,0,1,1,1,1,1,1,0,1,1,1,1,1,1,0,1,1,1
11235,0,0,0,0,0,0,0,0,0,0,0,0,0,0,0,0,0,0,0,0,0
11236,0,0,0,0,0,0,0,0,0,0,0,0,0,0,0,0,0,0,0,0,0
11237,0,0,0,0,0,0,0,0,0,0,0,0,0,0,0,0,0,0,0,0,0
11238,115,123,126,115,96,87,82,115,123,126,114,96,87,82,115,123,125,114,96,87,82
11239,14,14,13,11,10,9,9,11,13,13,12,11,10,10,12,12,12,10,9,9,9
11240,1,2,1,1,1,1,1,1,2,1,1,1,1,1,1,2,1,1,1,1,1
11241,3,3,3,3,3,2,2,3,3,3,3,3,2,2,3,3,3,3,3,2,2
11242,2,2,2,2,2,2,1,2,2,2,2,2,2,1,2,2,2,2,2,2,1
11243,409,483,484,456,361,312,285,410,491,492,463,366,313,285,413,493,494,466,369,317,289
11244,1,2,1,1,1,1,1,1,2,1,1,1,1,1,1,2,1,1,1,1,1
11245,3,3,3,3,2,2,2,3,3,3,3,2,2,2,3,3,3,3,2,2,2
11246,0,0,0,0,0,0,0,0,0,0,0,0,0,0,0,0,0,0,0,0,0
11247,0,0,0,0,0,0,0,0,0,0,0,0,0,0,0,0,0,0,0,0,0
11248,1,1,1,1,1,1,1,1,1,1,1,1,1,1,1,1,1,1,1,1,1
11249,0,0,0,0,0,0,0,0,0,0,0,0,0,0,0,0,0,0,0,0,0
11250,0,0,0,0,0,0,0,0,0,0,0,0,0,0,0,0,0,0,0,0,0
11251,0,0,0,0,0,0,0,0,0,0,0,0,0,0,0,0,0,0,0,0,0
11252,8,9,8,8,7,6,6,9,10,10,10,9,8,9,12,13,12,10,8,7,7
11253,2,2,2,2,1,1,2,2,2,3,2,2,2,2,3,3,3,2,2,2,2
11254,3,4,4,3,3,2,2,3,3,4,3,3,2,2,2,2,3,3,3,2,2
11255,3,3,3,3,3,2,2,3,4,3,3,3,2,3,3,3,3,3,2,2,3
11256,0,0,0,0,0,0,0,0,0,0,0,0,0,0,0,0,0,0,0,0,0
11257,9,9,9,8,6,6,8,10,9,8,6,4,4,6,8,8,8,8,6,7,8
11258,3,2,1,1,1,1,1,1,1,1,1,1,1,1,2,2,2,1,1,2,2
11259,3,1,1,1,1,1,1,2,1,1,1,1,1,1,2,1,1,1,1,1,1
11260,1,1,1,1,1,1,1,1,1,1,1,1,1,1,1,1,1,1,1,1,1
11261,0,0,0,0,0,0,0,0,0,0,0,0,0,0,0,0,0,0,0,0,0
11262,2,2,2,2,2,1,2,2,2,2,2,2,1,2,2,2,2,2,2,2,2
11263,5,6,7,7,5,5,5,6,6,6,6,5,4,4,6,8,8,7,5,5,5
11264,0,0,1,1,1,0,0,1,1,1,1,1,1,1,1,1,1,1,1,1,1
11265,6,8,8,7,6,6,5,6,8,8,7,6,6,5,6,8,8,7,6,6,5
11266,16,16,17,16,14,12,13,16,16,17,16,14,12,13,16,16,17,16,14,12,13
11267,0,0,0,0,1,1,1,1,1,1,1,1,1,1,1,1,1,1,0,0,0
11268,1,1,1,1,1,1,1,1,1,1,1,1,1,1,1,1,1,1,1,1,1
11269,0,0,0,0,0,0,0,0,0,0,0,0,0,0,0,0,0,0,0,0,0
11270,0,0,0,0,0,0,0,0,0,0,0,0,0,0,0,0,0,0,0,0,0
11271,12,14,12,12,11,10,10,11,13,11,11,10,9,10,11,13,11,11,10,9,10
11272,1,1,1,1,1,1,1,1,1,1,1,1,1,1,1,1,1,1,1,1,1
11273,8,8,7,6,6,7,7,8,8,7,6,6,7,7,8,8,7,6,6,7,7
11274,1,1,1,0,0,0,0,1,1,1,0,0,0,0,1,1,1,0,0,0,0
11275,0,0,0,0,0,0,0,0,0,0,0,0,0,0,0,0,0,0,0,0,0
11276,1,1,1,0,0,0,0,1,1,1,0,0,0,0,1,1,1,0,0,0,0
11277,0,0,0,0,0,0,0,0,0,0,0,0,0,0,0,0,0,0,0,0,0
11278,0,0,0,1,0,0,0,0,0,0,1,0,0,0,0,0,0,1,0,0,0
11279,0,0,0,0,0,0,0,0,0,0,0,0,0,0,0,0,0,0,0,0,0
11280,0,0,0,0,0,0,0,0,0,0,0,0,0,0,0,0,0,0,0,0,0
11281,0,0,0,0,0,0,0,0,0,0,0,0,0,0,0,0,0,0,0,0,0
11282,1,1,1,1,1,0,1,1,1,1,1,1,0,0,0,0,0,0,0,0,0
11283,3,4,5,5,4,3,2,3,4,5,5,4,3,2,3,4,5,5,4,3,2
11284,1,1,1,1,1,1,1,1,1,1,1,1,1,1,1,2,1,1,1,1,1
11285,1,1,1,1,0,0,0,1,1,1,1,0,0,0,1,1,1,1,0,0,0
11286,0,0,0,0,0,0,0,0,0,0,0,0,0,0,0,0,0,0,0,0,0
11287,0,0,0,0,0,0,0,0,0,0,0,0,0,0,0,0,0,0,0,0,0
11288,0,0,0,0,0,0,0,0,0,0,0,0,0,0,0,0,0,0,0,0,0
11289,0,0,0,0,0,0,0,0,0,0,0,0,0,0,0,0,0,0,0,0,0
11290,0,0,0,0,0,0,0,0,0,0,0,0,0,0,0,0,0,0,0,0,0
11291,1,1,1,1,1,1,1,1,1,1,1,1,1,1,1,1,1,1,1,1,1
11292,0,0,0,0,0,0,0,0,0,0,0,0,0,0,0,0,0,0,0,0,0
11293,0,0,0,0,0,0,0,0,0,0,0,0,0,0,0,0,0,0,0,0,0
11294,0,0,0,0,0,0,0,0,0,0,0,0,0,0,0,0,0,0,0,0,0
11295,0,0,0,0,0,0,0,0,0,0,0,0,0,0,0,0,0,0,0,0,0
11296,18,19,20,18,17,15,15,17,19,19,18,16,15,15,18,21,21,20,18,16,16
11297,17,18,17,16,15,14,15,17,19,19,18,16,15,15,17,18,17,16,15,14,15
11298,4,4,6,4,2,1,2,4,4,6,4,2,1,2,4,4,6,4,2,1,2
11299,0,0,0,0,0,0,0,0,0,0,0,0,0,0,0,0,0,0,0,0,0
11300,19,11,8,6,6,5,17,19,11,8,6,6,5,17,19,11,8,6,6,5,17
11301,0,0,0,0,0,0,0,0,0,0,0,0,0,0,0,0,0,0,0,0,0
11302,18,19,21,21,19,18,18,23,24,24,23,20,18,17,20,19,19,19,17,16,15
11303,1,1,1,1,1,1,0,1,1,1,1,1,1,0,1,1,1,1,1,1,0
11304,0,0,0,0,0,0,0,0,0,0,0,0,0,0,0,0,0,0,0,0,0
11305,1,3,2,1,1,1,1,1,3,2,1,1,1,1,1,3,2,1,1,1,1
11306,0,0,0,0,0,0,0,0,0,0,0,0,0,0,0,0,0,0,0,0,0
11307,0,0,0,0,0,0,0,0,0,0,0,0,0,0,0,0,0,0,0,0,0
11308,11,1,1,1,0,2,10,11,1,1,1,0,2,10,11,1,1,1,0,2,10
11309,2,1,1,1,1,1,1,3,2,2,1,1,0,0,2,1,1,1,1,1,1
11310,20,22,22,20,17,17,16,20,21,21,19,16,17,16,20,22,22,20,17,17,16
11311,37,41,42,38,33,31,35,38,39,39,34,30,29,35,42,46,47,41,36,33,36
11312,258,296,282,254,225,230,225,259,298,283,256,226,232,227,262,303,289,261,230,235,230
11313,97,96,100,90,79,77,77,97,98,101,91,79,76,77,98,100,105,95,82,78,78
11314,0,0,0,0,0,0,0,0,0,0,0,0,0,0,0,0,0,0,0,0,0
11315,11,11,11,10,9,9,9,11,11,11,10,9,9,9,11,11,11,10,9,9,9
11316,0,0,0,0,0,0,0,0,0,0,0,0,0,0,0,0,0,0,0,0,0
11317,0,0,0,0,0,0,0,0,0,0,0,0,0,0,0,0,0,0,0,0,0
11318,7,7,7,6,6,6,6,7,7,7,6,6,6,6,7,7,7,6,5,6,6
11319,1,1,1,1,1,1,1,1,1,1,1,1,1,1,1,1,1,1,1,1,1
11320,3,3,4,3,3,2,2,3,3,4,3,3,2,2,3,3,4,3,3,2,2
11321,0,0,1,1,1,1,1,0,0,1,1,1,1,0,0,0,1,0,1,1,0
11322,1,1,1,1,0,0,1,1,1,1,1,0,0,1,1,1,1,1,0,0,1
11323,0,0,0,0,0,0,0,0,0,0,0,0,0,0,0,0,0,0,0,0,0
11324,1,1,1,0,0,0,0,1,1,1,0,0,0,0,1,1,1,0,0,0,0
11325,0,0,0,0,0,0,0,0,0,0,0,0,0,0,0,0,0,0,0,0,0
11326,0,0,0,0,0,0,0,0,0,0,0,0,0,0,0,0,0,0,0,0,0
11327,0,0,0,0,0,0,0,0,0,0,0,0,0,0,0,0,0,0,0,0,0
11328,0,0,0,0,0,0,0,0,0,0,0,0,0,0,0,0,0,0,0,0,0
11329,0,0,0,0,0,0,0,0,0,0,0,0,0,0,0,0,0,0,0,0,0
11330,0,0,0,0,0,0,0,0,0,0,0,0,0,0,0,0,0,0,0,0,0
11331,1,1,1,1,0,1,1,1,1,1,1,0,1,1,1,1,1,1,0,1,1
11332,0,0,0,0,0,0,0,0,0,0,0,0,0,0,0,0,0,0,0,0,0
11333,0,0,0,0,0,0,0,0,0,0,0,0,0,0,0,0,0,0,0,0,0
11334,0,0,0,0,0,0,0,0,0,0,0,0,0,0,0,0,0,0,0,0,0
11335,0,0,0,0,0,0,0,0,0,0,0,0,0,0,0,0,0,0,0,0,0
11336,0,0,0,0,0,0,0,0,0,0,0,0,0,0,1,1,1,1,1,1,1
11337,2,2,2,2,2,2,2,2,2,2,1,1,1,1,1,1,1,1,1,1,1
11338,344,332,317,300,305,321,311,336,331,313,291,295,306,301,340,352,338,322,329,342,340
11339,2,2,2,2,2,2,2,2,2,2,2,2,2,2,2,2,2,2,2,2,2
11340,36,33,29,27,21,21,28,36,33,29,27,21,21,28,36,33,29,27,21,21,28
11341,0,0,0,0,0,0,0,0,0,0,0,0,0,0,0,0,0,0,0,0,0
11342,1,1,2,2,2,1,1,1,1,1,2,1,1,1,1,1,1,1,1,1,1
11343,1,1,1,1,1,1,1,1,1,1,1,1,1,1,1,1,1,1,1,1,1
11344,2,2,2,2,2,2,1,2,2,2,2,2,2,1,2,2,2,2,2,2,1
11345,2,2,1,1,1,1,1,1,2,2,1,1,1,1,2,2,2,2,1,1,2
11346,1,2,2,1,1,1,1,2,2,2,2,1,1,2,3,4,5,4,4,4,4
11347,0,0,0,0,0,0,0,0,0,0,0,0,0,0,0,0,0,0,0,0,0
11348,1,1,1,1,1,1,2,2,2,2,2,2,2,2,2,2,2,2,2,2,2
11349,1,1,1,1,1,1,1,1,1,1,1,1,1,1,1,1,1,1,1,1,1
11350,5,5,5,3,3,3,4,5,5,5,3,3,3,4,5,5,5,3,3,3,4
11351,3,3,4,4,3,2,2,3,3,4,4,3,2,2,3,3,4,4,3,2,2
11352,1,1,1,1,1,1,1,1,1,1,1,1,1,1,1,1,1,1,1,1,1
11353,0,0,0,0,0,0,0,0,0,0,0,0,0,0,0,0,0,0,0,0,0
11354,0,1,1,0,0,0,0,1,1,1,1,0,1,1,1,1,1,1,1,1,1
11355,0,0,0,0,0,0,0,0,0,0,0,0,0,0,0,0,0,0,0,0,0
11356,0,0,0,0,0,0,0,0,0,0,0,0,0,0,0,0,0,0,0,0,0
11357,0,0,0,0,0,0,0,0,0,0,0,0,0,0,0,0,0,0,0,0,0
11358,0,0,0,0,0,0,0,0,0,0,0,0,0,0,0,0,0,0,0,0,0
11359,3,3,3,2,2,3,2,3,3,3,2,2,3,2,3,3,3,2,2,3,2
11360,0,0,0,0,0,0,0,0,0,0,0,0,0,0,0,0,0,0,0,0,0
11361,1,1,1,1,1,1,1,1,1,1,1,1,1,1,1,1,1,1,1,1,1
11362,2,2,1,1,1,1,1,2,2,2,1,1,1,1,2,2,2,1,1,1,1
11363,43,53,58,58,50,39,36,43,53,58,58,50,39,36,43,53,58,58,50,39,36
11364,18,15,14,10,9,9,11,17,16,15,10,9,9,9,12,8,6,3,2,3,4
11365,2,2,2,1,1,2,2,2,2,2,1,1,2,2,2,2,2,1,1,2,2
11366,0,0,0,0,0,0,0,0,0,0,0,0,0,0,0,0,0,0,0,0,0
11367,0,0,0,0,0,0,0,0,0,0,0,0,0,0,0,0,0,0,0,0,0
11368,2,2,2,1,1,1,1,2,2,2,1,1,1,1,2,2,2,2,1,2,2
11369,0,0,0,0,0,0,0,0,0,0,0,0,0,0,0,0,0,0,0,0,0
11370,0,0,0,0,0,0,0,0,0,0,0,0,0,0,0,0,0,0,0,0,0
11371,0,0,0,0,0,0,0,0,0,0,0,0,0,0,0,0,0,0,0,0,0
11372,0,0,0,0,0,0,0,0,0,0,0,0,0,0,0,0,0,0,0,0,0
11373,0,1,1,1,0,0,0,0,1,1,1,0,0,0,0,1,1,1,0,0,0
11374,0,0,0,0,0,0,0,0,0,0,0,0,0,0,0,0,0,0,0,0,0
11375,0,0,0,0,0,0,0,0,0,0,0,0,0,0,0,0,0,0,0,0,0
11376,3,4,5,5,4,3,3,4,5,6,5,5,4,5,6,7,7,6,5,4,5
11377,0,0,0,0,0,0,0,0,0,0,0,0,0,0,0,0,0,0,0,0,0
11378,0,0,0,0,0,0,0,0,0,0,0,0,0,0,0,0,0,0,0,0,0
11379,54,71,77,41,33,25,22,54,71,77,41,33,25,22,54,71,77,41,33,25,22
11380,0,0,0,0,0,0,0,0,0,0,0,0,0,0,0,0,0,0,0,0,0
11381,0,0,0,0,0,0,0,0,0,0,0,0,0,0,0,0,0,0,0,0,0
11382,0,0,0,0,1,0,0,0,0,0,0,1,0,0,0,0,0,0,1,0,0
11383,4,3,4,6,6,3,2,4,3,4,6,6,3,2,4,3,4,6,6,3,2
11384,6,5,4,4,6,5,5,5,5,4,4,6,5,5,5,5,4,4,6,5,5
11385,20,29,33,30,35,31,14,20,29,33,30,35,31,14,20,29,33,30,35,31,14
11386,0,0,0,0,0,0,0,0,0,0,0,0,0,0,0,0,0,0,0,0,0
11387,0,0,0,0,0,0,0,0,0,0,0,0,0,0,0,0,0,0,0,0,0
11388,0,0,0,0,0,0,0,0,0,0,0,0,0,0,0,0,0,0,0,0,0
11389,1,1,1,1,1,1,1,1,1,1,1,1,1,1,1,1,1,1,1,1,1
11390,0,0,0,0,0,0,0,0,0,0,0,0,0,0,0,0,0,0,0,0,0
11391,1,1,1,2,3,2,2,1,1,1,2,3,2,2,1,1,1,2,3,2,2
11392,0,0,0,0,0,0,0,0,0,0,0,0,0,0,0,0,0,0,0,0,0
11393,0,0,0,0,0,0,0,0,0,0,0,0,0,0,0,0,0,0,0,0,0
11394,0,0,0,0,1,1,1,0,0,0,0,2,1,1,0,0,0,0,2,1,1
11395,0,0,0,7,7,6,8,0,0,0,7,7,6,8,0,0,0,7,7,6,8
11396,0,0,1,1,1,0,0,0,0,1,1,1,0,0,0,0,1,1,1,0,0
11397,0,0,0,0,0,0,0,0,0,0,0,0,0,0,0,0,0,0,0,0,0
11398,1,1,1,2,1,2,1,1,1,1,2,1,2,1,1,1,1,2,1,2,1
11399,1,0,0,0,0,0,0,1,0,0,0,0,0,0,1,0,0,0,0,0,0
11400,0,0,0,0,0,0,0,0,0,0,0,0,0,0,0,0,0,0,0,0,0
11401,0,0,0,0,0,0,0,0,0,0,0,0,0,0,0,0,0,0,0,0,0
11402,0,0,0,0,0,0,0,0,0,0,0,0,0,0,0,0,0,0,0,0,0
11403,1,1,1,1,0,1,1,1,1,1,1,0,1,1,1,1,1,1,0,1,1
11404,0,1,1,0,0,0,0,0,0,0,0,0,0,0,0,0,0,0,0,0,0
11405,0,0,0,1,0,0,0,0,0,0,1,0,0,0,0,0,0,1,0,0,0
11406,0,1,1,1,0,0,0,0,1,1,1,0,0,0,0,1,1,1,0,0,0
11407,0,1,1,1,1,0,0,0,1,1,1,1,0,0,0,1,1,1,1,0,0
11408,0,0,0,0,0,0,0,0,0,0,0,0,0,0,0,0,0,0,0,0,0
11409,0,0,0,0,0,0,0,0,0,0,0,0,0,0,0,0,0,0,0,0,0
11410,0,0,0,0,0,0,0,0,0,0,0,0,0,0,0,0,0,0,0,0,0
11411,14,19,16,16,13,11,13,14,19,16,16,13,11,13,14,19,16,16,13,11,13
11412,0,1,0,0,1,0,0,0,1,0,0,1,0,0,0,1,0,0,1,0,0
11413,0,0,0,0,0,0,0,0,0,0,0,0,0,0,0,0,0,0,0,0,0
11414,0,0,0,0,0,0,0,0,0,0,0,0,0,0,0,0,0,0,0,0,0
11415,3,5,4,4,3,3,3,3,5,4,4,3,3,3,3,5,4,4,3,3,3
11416,0,0,0,0,0,0,0,0,0,0,0,0,0,0,0,0,0,0,0,0,0
11417,0,0,0,0,0,0,0,0,0,0,0,0,0,0,0,0,0,0,0,0,0
11418,0,0,0,0,0,0,0,0,0,0,0,0,0,0,1,1,1,1,1,1,1
11419,6,8,10,8,7,5,5,6,8,10,8,7,5,5,6,8,10,8,7,5,5
11420,31,35,40,39,30,25,27,34,43,48,46,37,30,32,40,47,50,45,36,30,32
11421,34,37,36,30,27,23,26,34,37,36,30,27,23,26,34,37,36,30,27,23,26
11422,1,1,1,1,1,0,0,1,1,1,1,1,0,0,1,1,1,1,1,0,0
11423,0,0,0,0,0,0,0,0,0,0,0,0,0,0,0,0,0,0,0,0,0
11424,2,3,3,3,2,2,2,2,3,3,3,2,2,2,2,3,3,3,2,2,2
11425,0,0,0,0,0,0,0,0,0,0,0,0,0,0,0,0,0,0,0,0,0
11426,3,3,4,4,3,2,2,3,3,4,4,3,2,2,3,3,4,4,3,2,2
11427,4,5,5,5,4,3,4,4,6,5,5,4,4,4,4,6,5,5,5,4,4
11428,5,5,6,5,4,3,3,4,5,6,5,4,3,3,4,5,6,5,4,3,3
11429,6,6,6,6,5,4,4,6,6,6,6,5,4,4,6,6,6,6,5,4,4
11430,5,6,6,4,4,5,5,5,6,6,4,4,5,5,5,6,6,4,4,5,5
11431,1,1,1,1,1,1,1,1,1,1,1,1,1,1,1,1,1,1,1,1,1
11432,0,0,0,0,0,0,0,0,0,0,0,0,0,0,0,0,0,0,0,0,0
11433,0,0,0,0,0,0,0,0,0,0,0,0,0,0,0,0,0,0,0,0,0
11434,0,0,0,0,0,0,0,0,0,0,0,0,0,0,0,0,0,0,0,0,0
11435,0,0,0,0,0,0,0,0,0,0,0,0,0,0,0,0,0,0,0,0,0
11436,0,0,0,0,0,0,0,0,0,0,0,0,0,0,0,0,0,0,0,0,0
11437,0,0,0,0,0,0,0,0,0,0,0,0,0,0,0,0,0,0,0,0,0
11438,5,6,4,4,4,4,4,6,7,5,5,5,4,4,5,6,5,5,5,5,5
11439,0,0,0,0,0,0,0,0,0,0,0,0,0,0,0,0,0,0,0,0,0
11440,5,6,8,7,6,3,2,4,6,8,7,5,3,2,4,6,8,7,6,3,3
11441,0,0,0,0,0,0,0,0,0,0,0,0,0,0,0,0,0,0,0,0,0
11442,2,1,1,1,1,1,1,1,1,1,1,1,1,1,1,1,1,1,1,1,1
11443,0,0,0,0,0,0,0,0,0,0,0,0,0,0,0,0,0,0,0,0,0
11444,1,1,1,1,1,1,1,1,1,1,1,1,1,0,1,1,1,1,1,1,0
11445,3,4,4,5,4,3,2,3,4,4,5,4,3,2,3,4,4,5,4,3,2
11446,0,0,0,0,0,0,0,0,0,0,0,0,0,0,0,0,0,0,0,0,0
11447,0,0,0,0,0,0,0,0,0,0,0,0,0,0,0,0,0,0,0,0,0
11448,0,0,0,0,0,0,0,0,0,0,0,0,0,0,0,0,0,0,0,0,0
11449,11,11,11,10,8,7,7,8,9,9,9,8,8,7,8,8,8,7,6,6,6
11450,0,0,0,0,0,0,0,0,0,0,0,0,0,0,0,0,0,0,0,0,0
11451,0,0,1,1,0,0,0,0,1,1,1,0,0,0,1,1,1,1,1,1,1
11452,0,0,0,0,0,0,0,0,0,0,0,0,0,0,0,0,0,0,0,0,0
11453,11,11,11,11,10,10,9,11,11,11,11,10,10,9,11,11,11,11,10,10,9
11454,8,9,9,8,8,7,8,9,10,10,9,8,8,8,9,10,10,9,8,8,8
11455,2,2,3,3,2,2,2,3,3,3,3,2,2,2,2,3,3,3,2,2,2
11456,1,1,1,1,1,1,1,1,1,1,1,1,1,1,1,1,1,1,1,1,1
11457,2,2,2,1,1,1,1,1,1,2,1,1,1,1,1,1,1,1,1,1,1
11458,1,1,1,1,1,1,1,2,2,2,2,1,1,1,2,2,2,2,1,1,1
11459,0,0,0,0,0,0,0,0,0,0,0,0,0,0,0,0,0,0,0,0,0
11460,0,0,0,0,0,0,0,0,0,0,0,0,0,0,0,0,0,0,0,0,0
11461,0,0,0,0,0,0,0,0,0,0,0,0,0,0,0,0,0,0,0,0,0
11462,0,0,0,0,0,0,0,0,0,0,0,0,0,0,0,0,0,0,0,0,0
11463,0,0,0,0,0,0,0,0,0,0,0,0,0,0,0,0,0,0,0,0,0
11464,0,0,0,0,0,0,0,0,0,0,0,0,0,0,0,0,0,0,0,0,0
11465,2,2,3,2,2,2,2,2,2,2,2,2,2,2,2,2,2,2,2,2,2
11466,0,0,0,0,0,0,0,0,0,0,0,0,0,0,0,0,0,0,0,0,0
11467,0,0,0,0,0,0,0,0,0,0,0,0,0,0,0,0,0,0,0,0,0
11468,0,0,0,0,0,0,0,0,0,0,0,0,0,0,0,0,0,0,0,0,0
11469,0,0,0,0,0,0,0,0,0,0,0,0,0,0,0,0,0,0,0,0,0
11470,2,2,2,2,2,2,2,2,2,2,2,2,2,2,2,2,2,1,2,1,2
11471,32,33,33,31,29,26,28,33,34,33,31,29,26,27,31,32,32,30,29,25,27
11472,7,7,6,5,4,3,4,5,5,5,5,4,3,4,5,5,5,4,4,3,4
11473,1,1,1,1,1,1,1,1,1,1,1,1,1,1,1,1,1,1,1,1,1
11474,1,1,1,1,1,1,1,1,1,2,1,1,1,1,1,1,1,1,1,1,1
11475,7,7,6,5,4,4,5,7,7,8,7,6,4,4,4,4,4,3,3,3,4
11476,0,0,0,1,1,0,0,0,0,0,1,1,0,0,0,0,0,1,1,0,0
11477,0,0,0,0,0,0,0,0,0,0,0,0,0,0,0,0,0,0,0,0,0
11478,0,0,0,0,0,0,0,0,0,0,0,0,0,0,0,0,0,0,0,0,0
11479,0,0,0,0,0,0,0,0,0,0,0,0,0,0,0,0,0,0,0,0,0
11480,1,1,0,1,1,1,1,1,1,0,1,1,1,1,1,1,0,1,1,1,1
11481,1,1,1,2,1,1,1,1,1,1,2,1,1,1,1,1,1,2,1,1,1
11482,0,0,0,0,0,0,0,0,0,0,0,0,0,0,0,0,0,1,1,2,2
11483,0,0,0,0,0,0,0,0,0,0,0,0,0,0,0,0,0,0,0,0,0
11484,1,1,1,1,1,1,1,1,1,1,1,1,1,1,1,1,1,1,1,1,1
11485,0,0,0,0,0,0,0,0,0,0,0,0,0,0,0,0,0,0,0,0,0
11486,2,3,2,2,2,2,2,2,3,2,2,2,2,2,2,3,2,2,2,2,2
11487,2,2,2,2,1,1,1,2,2,2,2,1,1,1,2,2,2,2,1,1,1
11488,1,1,1,1,1,0,0,1,1,1,1,1,0,0,1,1,1,1,1,0,0
11489,56,63,59,51,38,31,33,43,50,51,46,36,31,34,48,62,67,60,47,40,42
11490,81,86,83,73,62,56,59,75,80,79,71,62,57,61,79,85,84,74,64,59,63
11491,1,1,1,1,1,1,1,1,1,1,1,1,1,1,1,1,1,1,1,1,1
11492,4,5,5,4,2,2,3,4,5,5,4,2,2,3,4,5,5,4,2,2,3
11493,1,1,1,1,1,1,1,1,1,1,1,1,1,1,1,1,1,1,1,1,1
11494,0,0,0,0,0,0,0,0,0,0,0,0,0,0,0,0,0,0,0,0,0
11495,0,0,0,0,0,0,0,0,0,0,0,0,0,0,0,0,0,0,0,0,0
11496,0,0,0,0,0,0,0,0,0,0,0,0,0,0,0,0,0,0,1,1,1
11497,0,0,0,0,0,0,0,0,0,0,0,0,0,0,0,0,0,0,0,0,0
11498,0,0,0,0,0,0,0,0,0,0,0,0,0,0,0,0,0,0,0,0,0
11499,0,0,0,0,0,0,0,0,0,0,0,0,0,0,0,0,0,0,0,0,0
11500,0,0,0,0,0,0,0,0,0,0,0,0,0,0,0,0,0,0,0,0,0
11501,0,0,0,0,0,0,0,0,0,0,0,0,0,0,0,0,0,0,0,0,0
11502,4,3,3,3,2,2,2,3,3,3,3,3,2,3,3,3,3,3,2,2,2
11503,1,1,2,2,2,1,2,2,2,2,2,2,1,2,2,2,2,2,2,2,2
11504,1,1,1,1,1,1,1,1,1,1,1,1,1,1,1,1,2,1,1,1,1
11505,13,16,15,14,11,10,11,13,16,16,14,11,10,11,13,16,15,14,11,10,11
11506,1,1,0,0,0,0,1,1,1,0,0,0,0,1,1,1,0,0,0,0,1
11507,3,4,4,3,2,2,3,3,3,3,3,2,2,3,4,4,4,4,3,3,3
11508,11,12,12,12,10,9,9,11,12,12,12,10,9,9,11,12,12,12,10,9,9
11509,2,2,2,1,1,1,1,2,2,2,1,1,1,1,2,2,2,1,1,1,1
11510,0,0,0,0,0,0,0,0,0,0,0,0,0,0,0,0,0,0,0,0,0
11511,0,0,0,0,0,0,0,0,0,0,0,0,0,0,0,0,0,0,0,0,0
11512,15,13,12,10,9,8,9,11,10,10,8,7,6,7,9,8,9,8,7,6,7
11513,0,0,0,0,0,0,0,0,0,0,0,0,0,0,0,0,0,0,0,0,0
11514,0,0,0,0,0,0,0,0,0,0,0,0,0,0,0,0,0,0,0,0,0
11515,0,0,0,0,0,0,0,0,0,0,0,0,0,0,0,0,0,0,0,0,0
11516,0,0,0,0,0,0,0,0,0,0,0,0,0,0,0,0,0,0,0,0,0
11517,4,4,5,4,4,4,4,5,4,4,3,3,3,3,4,4,4,4,3,4,4
11518,0,0,0,0,0,0,0,0,0,0,0,0,0,0,0,0,0,0,0,0,0
11519,0,0,0,0,0,0,0,0,0,0,0,0,0,0,0,0,0,0,0,0,0
11520,2,2,2,2,1,2,2,2,2,2,2,1,2,2,2,2,2,2,2,2,2
11521,0,0,0,0,0,0,0,0,0,0,0,0,0,0,0,0,0,0,0,0,0
11522,1,0,0,0,0,0,0,1,0,0,0,0,0,0,1,0,0,0,0,0,0
11523,3,1,1,1,1,1,1,3,2,2,1,1,1,1,3,1,1,1,1,1,1
11524,5,6,6,5,5,4,4,5,6,6,5,5,4,4,5,6,6,5,5,4,4
11525,0,0,0,0,0,0,0,0,0,0,0,0,0,0,0,0,0,0,0,0,0
11526,0,0,0,0,0,0,0,0,0,0,0,0,0,0,0,0,0,0,0,0,0
11527,0,0,0,0,0,0,0,0,0,0,0,0,0,0,0,0,0,0,0,0,0
11528,0,0,0,0,0,0,0,0,0,0,0,0,0,0,0,0,0,0,0,0,0
11529,0,0,0,0,0,0,0,0,0,0,0,0,0,0,0,0,0,0,0,0,0
11530,2,1,1,1,1,1,1,1,1,1,1,1,1,1,2,2,2,2,1,1,2
11531,0,0,0,0,0,0,0,0,0,0,0,0,0,0,0,0,0,0,0,0,0
11532,0,0,0,0,0,0,0,0,0,0,0,0,0,0,0,0,0,0,0,0,0
11533,54,60,60,51,40,36,38,55,65,66,57,45,40,40,56,64,65,54,42,38,39
11534,0,0,0,0,0,0,0,0,0,0,0,0,0,0,0,0,0,0,0,0,0
11535,0,0,0,0,0,0,0,0,0,0,0,0,0,0,0,0,0,0,0,0,0
11536,0,0,0,0,0,0,0,0,0,0,0,0,0,0,0,0,0,0,0,0,0
11537,0,0,0,0,0,0,0,0,0,0,0,0,0,0,0,0,0,0,0,0,0
11538,0,0,0,0,0,0,0,0,0,0,0,0,0,0,0,0,0,0,0,0,0
11539,0,1,0,0,0,1,0,0,1,0,0,0,1,0,0,1,0,0,0,1,0
11540,0,0,0,0,0,0,0,0,0,0,0,0,0,0,0,0,0,0,0,0,0
11541,0,0,0,0,0,0,0,0,0,0,0,0,0,0,0,0,0,0,0,0,0
11542,29,26,29,25,21,17,16,29,26,29,25,21,17,16,29,26,29,25,21,17,16
11543,20,22,23,22,18,14,12,20,22,23,22,18,14,12,20,22,23,22,18,14,12
11544,0,0,0,0,0,0,0,0,0,0,0,0,0,0,0,0,0,0,0,0,0
11545,1,1,1,1,1,1,1,1,1,1,1,1,1,1,1,2,1,1,1,1,2
11546,9,11,11,10,9,8,9,10,11,11,10,9,8,8,9,10,10,9,9,7,8
11547,1,1,1,1,1,1,1,1,1,1,1,1,1,1,1,1,1,1,1,1,1
11548,13,12,11,9,8,9,9,11,11,11,9,9,9,10,10,10,10,8,8,9,10
11549,0,0,0,0,0,0,0,0,0,0,0,0,0,0,0,0,0,0,0,0,0
11550,6,7,6,7,6,5,5,6,7,7,7,6,5,5,6,7,7,7,6,5,5
11551,82,85,91,88,77,72,75,84,91,95,90,78,71,72,79,84,89,84,74,70,73
11552,1,1,0,0,0,1,1,1,1,0,0,0,1,1,1,1,0,0,0,1,1
11553,0,0,1,0,0,0,0,0,0,1,0,0,0,0,0,0,1,0,0,0,0
11554,2,2,2,2,1,2,2,2,2,2,2,1,2,2,2,2,2,2,1,2,2
11555,0,0,0,0,0,0,0,0,0,0,0,0,0,0,0,1,1,1,1,1,1
11556,0,0,0,0,0,0,0,0,0,0,0,0,0,0,0,0,0,0,0,0,0
11557,0,0,0,0,0,0,0,0,0,0,0,0,0,0,0,0,0,0,0,0,0
11558,0,0,0,0,0,0,0,0,0,0,0,0,0,0,0,0,0,0,0,0,0
11559,0,0,0,0,0,0,0,0,0,0,0,0,0,0,0,0,0,0,0,0,0
11560,0,0,0,0,0,0,0,0,0,0,1,2,5,8,13,13,11,10,10,11,12
11561,0,0,0,0,0,0,0,0,0,0,0,0,0,0,0,0,0,0,0,0,0
11562,0,0,0,0,0,0,0,0,0,0,0,0,0,0,0,0,0,0,0,0,0
11563,0,0,0,0,0,0,0,0,0,0,0,0,0,0,0,0,0,0,0,0,0
11564,1,0,0,0,0,0,0,0,0,0,0,0,0,0,0,0,0,0,0,0,0
11565,0,0,1,1,0,0,1,1,1,1,1,1,1,1,1,1,1,1,1,1,1
11566,4,4,4,3,3,2,2,3,3,3,3,3,2,2,3,3,3,2,2,2,2
11567,3,4,4,3,3,2,2,3,4,4,3,3,2,2,3,4,4,3,3,2,2
11568,2,2,2,2,2,1,1,2,2,2,2,2,1,1,2,2,2,2,2,1,1
11569,0,0,0,0,0,0,0,0,0,0,0,0,0,0,0,0,0,0,0,0,0
11570,1,1,1,1,1,1,1,1,1,1,1,1,1,1,1,1,1,1,1,1,1
11571,0,0,0,0,0,0,0,0,0,0,0,0,0,0,0,0,0,0,0,0,0
11572,1,1,1,1,1,1,1,1,1,1,1,1,1,1,1,1,1,1,1,1,1
11573,0,0,0,0,0,0,0,0,0,0,0,0,0,0,0,0,0,0,0,0,0
11574,0,0,0,0,0,0,0,0,0,0,0,0,0,0,0,0,0,0,0,0,0
11575,27,31,32,28,23,19,21,26,32,34,30,26,21,23,28,32,33,29,24,20,22
11576,3,3,4,3,3,3,3,4,4,4,3,3,3,3,4,4,4,4,3,3,3
11577,0,0,0,1,1,0,0,0,0,0,1,1,0,0,0,0,0,1,1,0,0
11578,56,63,59,56,46,40,42,51,63,62,59,49,42,43,52,62,60,57,48,43,44
11579,3,3,3,3,3,3,2,3,3,3,3,3,3,2,3,3,3,3,3,3,3
11580,3,3,3,3,2,2,2,2,3,3,3,2,2,2,3,3,3,3,2,2,2
11581,3,2,2,2,2,1,1,2,2,2,2,2,2,1,2,2,2,2,2,2,2
11582,0,0,0,0,0,0,0,0,0,0,0,0,0,0,0,0,0,0,0,0,0
11583,0,0,0,0,0,0,0,0,0,0,0,0,0,0,0,0,0,0,0,0,0
11584,0,0,0,0,0,0,0,0,0,0,0,0,0,0,0,0,0,0,0,0,0
11585,0,0,0,0,0,0,0,0,0,0,0,0,0,0,0,0,0,0,0,0,0
11586,4,5,3,1,2,5,6,4,5,3,1,2,5,6,4,5,3,1,2,5,6
11587,0,0,0,0,0,0,0,0,0,0,0,0,0,0,0,0,0,0,0,0,0
11588,10,10,11,11,10,10,9,11,11,11,12,10,10,10,11,11,11,11,10,10,9
11589,0,0,0,0,0,0,0,0,0,0,0,0,0,0,0,0,0,0,0,0,0
11590,0,0,0,0,0,0,0,0,0,0,0,0,0,0,0,0,0,0,0,0,0
11591,0,0,0,0,0,0,0,0,0,0,0,0,0,0,0,0,0,0,0,0,0
11592,36,38,39,35,28,21,26,36,40,43,41,34,26,29,39,40,41,37,31,23,28
11593,86,99,111,93,73,66,68,86,104,117,99,76,66,66,81,96,109,92,72,64,65
11594,16,19,26,24,18,14,12,18,22,27,25,18,15,12,17,19,24,21,15,12,10
11595,787,851,947,920,796,715,652,811,874,944,897,769,674,604,770,849,937,900,781,706,663
11596,39,43,41,38,34,32,32,38,49,54,53,49,44,42,48,53,51,43,37,34,34
11597,59,57,53,56,49,47,50,53,56,51,51,46,43,46,53,58,58,58,52,51,55
11598,3,3,4,3,2,2,2,3,3,4,3,2,2,2,3,3,4,3,2,2,2
11599,1,1,2,1,1,1,1,1,1,2,1,1,1,1,1,1,2,1,1,1,1
11600,0,0,0,0,0,0,0,0,0,0,0,0,0,0,0,0,0,0,0,0,0
11601,0,0,0,0,0,0,0,0,0,0,0,0,0,0,0,0,0,0,0,0,0
11602,4,5,5,4,4,3,4,5,7,7,6,5,4,5,6,7,5,3,3,2,3
11603,0,0,0,0,0,0,0,0,0,0,0,0,0,0,0,0,0,0,0,0,0
11604,0,0,0,0,0,0,0,0,0,0,0,0,0,0,0,0,0,0,0,0,0
11605,18,19,20,20,15,12,10,14,17,21,22,19,15,14,20,22,19,15,11,10,9
11606,2,3,4,2,2,1,2,2,3,4,2,2,1,2,2,3,4,2,2,1,2
11607,1,1,1,1,1,1,1,1,1,1,1,1,1,1,1,1,1,1,1,1,1
11608,34,36,39,41,37,33,33,34,36,39,41,37,33,33,34,36,39,41,37,33,33
11609,12,13,14,12,11,10,10,12,13,14,12,11,10,10,12,13,14,12,11,10,10
11610,397,461,477,445,372,388,359,397,461,478,446,373,388,360,399,464,480,447,374,389,361
11611,0,0,0,0,0,0,0,0,0,0,0,0,0,0,0,0,0,0,0,0,0
11612,162,157,145,127,115,110,108,150,153,144,127,117,113,112,151,150,138,119,109,106,105
11613,4,4,4,4,3,3,3,4,4,4,4,3,3,3,4,4,4,4,3,3,3
11614,13,11,11,9,7,7,8,10,11,12,11,8,8,8,10,10,11,9,7,7,8
11615,2,2,2,2,2,2,2,2,2,2,2,2,2,2,2,2,2,2,2,2,2
11616,0,0,0,0,0,0,0,0,0,0,0,0,0,0,0,0,0,0,0,0,0
11617,0,0,0,0,0,0,0,0,0,0,0,0,0,0,0,0,0,0,0,0,0
11618,0,0,0,0,0,0,0,0,0,0,0,0,0,0,0,0,0,0,0,0,0
11619,0,0,0,0,0,0,0,0,0,0,0,0,0,0,0,0,0,0,0,0,0
11620,92,96,83,77,66,61,76,97,105,92,86,74,67,81,100,102,87,79,67,61,76
11621,13,13,12,10,8,7,9,12,14,14,12,10,9,10,13,15,14,11,10,9,10
11622,16,19,18,16,16,13,13,16,19,18,16,16,13,13,16,19,18,16,16,13,13
11623,18,17,17,17,14,14,15,18,19,20,19,16,15,16,19,19,19,17,14,13,13
11624,24,30,26,31,31,29,31,26,31,27,31,32,29,30,25,30,27,31,32,30,31
11625,8,9,8,5,5,5,5,8,9,8,5,5,5,5,8,9,8,5,5,5,5
11626,84,87,78,76,74,68,73,84,87,80,78,76,70,74,85,87,78,76,74,68,73
11627,9,10,11,11,10,10,8,9,10,11,11,10,10,8,9,10,11,11,10,10,8
11628,6,7,8,7,6,6,6,7,9,9,9,7,7,7,8,8,8,7,6,6,6
11629,1,1,1,1,1,1,1,1,1,1,1,1,1,1,1,1,1,1,1,1,1
11630,6,6,7,6,5,5,7,10,13,13,11,9,8,9,11,11,9,7,5,5,7
11631,2,3,3,3,3,3,3,3,3,3,3,3,3,3,4,4,4,4,3,3,3
11632,3,2,2,2,1,0,1,1,1,1,1,1,1,1,0,0,0,0,0,1,1
11633,3,4,4,4,3,3,3,3,4,4,4,3,3,3,3,4,4,4,3,3,3
11634,0,0,0,0,0,0,0,0,0,0,0,0,0,0,0,0,0,0,0,0,0
11635,0,0,0,0,0,0,0,0,0,0,0,0,0,0,0,0,0,0,0,0,0
11636,0,0,0,0,0,0,0,0,0,0,0,0,0,0,0,0,0,0,0,0,0
11637,1,1,1,1,1,1,1,1,1,1,1,1,1,1,1,1,1,1,1,1,1
11638,8,9,13,17,16,15,7,8,9,13,17,16,15,7,8,9,13,17,16,15,7
11639,0,0,0,0,0,0,0,0,0,0,0,0,0,0,0,0,0,0,0,0,0
11640,3,3,3,3,3,3,2,3,3,3,3,3,3,2,3,3,3,3,3,3,2
11641,4,4,4,3,3,3,3,4,4,4,3,3,3,3,4,4,4,3,3,3,3
11642,0,0,0,0,0,0,0,0,0,0,0,0,0,0,1,1,1,0,0,0,1
11643,6,8,10,9,7,5,5,8,10,12,11,8,6,6,9,12,14,13,10,8,8
11644,4,5,6,5,4,3,3,5,6,7,7,6,5,5,7,8,9,8,6,6,5
11645,2,2,2,2,2,2,2,2,3,2,2,2,2,2,2,3,3,2,2,2,2
11646,2,3,3,2,2,2,2,2,3,2,2,2,1,1,2,2,3,2,2,2,2
11647,2,2,2,1,1,1,1,2,2,2,2,1,1,1,2,2,2,2,1,1,1
11648,0,0,0,0,0,0,0,0,0,0,0,0,0,0,0,0,0,0,0,0,0
11649,0,0,0,0,0,0,0,0,0,0,0,0,0,0,0,0,0,0,0,0,0
11650,246,294,282,224,185,164,162,246,294,282,224,185,164,162,246,294,282,224,185,164,162
11651,0,0,0,0,0,0,0,0,0,0,0,0,0,0,0,0,0,0,0,0,0
11652,0,0,0,0,0,0,0,0,0,0,0,0,0,0,0,0,0,0,0,0,0
11653,3,3,3,2,2,2,2,3,3,3,2,2,2,2,3,3,3,2,2,2,2
11654,4,4,4,4,3,3,3,3,4,4,4,3,3,3,4,4,4,3,3,3,3
11655,1,2,2,1,2,1,1,1,2,2,1,2,1,1,1,2,2,1,2,1,1
11656,1,1,1,1,1,1,1,1,1,2,1,1,1,1,1,2,2,1,1,1,2
11657,4,4,3,3,3,2,2,3,3,3,3,3,2,2,3,3,3,3,3,2,2
11658,0,0,0,0,0,0,0,0,0,0,0,0,0,0,0,0,0,0,0,0,0
11659,5,5,4,4,3,3,4,4,4,4,4,3,3,4,4,4,4,4,3,3,4
11660,2,2,3,3,3,2,2,2,2,3,3,3,2,2,2,2,3,3,3,2,2
11661,1,1,1,1,1,1,1,1,1,1,1,1,1,1,1,1,1,1,1,1,1
11662,37,38,37,34,30,28,29,37,44,49,46,41,36,36,43,46,44,39,33,30,30
11663,0,0,0,0,0,0,0,0,0,0,0,0,0,0,0,0,0,0,0,0,0
11664,0,0,0,0,0,0,0,0,0,0,0,0,0,0,0,0,0,0,0,0,0
11665,2,2,2,2,2,2,1,2,2,2,2,2,2,1,2,2,2,2,2,2,1
11666,1,1,1,1,1,1,1,1,1,0,0,0,1,1,1,1,1,1,1,1,2
11667,1,2,2,3,2,2,2,3,4,4,4,3,3,3,4,6,6,4,3,3,3
11668,18,21,22,18,16,14,15,19,22,22,18,16,14,14,18,20,20,16,14,13,14
11669,0,0,0,0,0,0,0,0,0,0,0,0,0,0,0,0,0,0,0,0,0
11670,32,34,30,31,24,25,22,31,33,30,31,24,25,22,31,32,29,30,24,25,22
11671,3,4,4,3,3,2,2,3,4,4,3,3,2,2,3,4,4,3,3,2,2
11672,23,26,23,21,18,16,15,21,25,23,22,18,16,15,20,23,22,21,17,15,15
11673,1,1,2,2,2,2,2,1,1,2,2,2,2,2,1,1,2,2,2,2,2
11674,0,0,0,0,0,0,1,0,0,0,0,0,0,1,0,0,0,0,0,0,1
11675,0,0,0,0,0,0,0,0,0,0,0,0,0,0,0,0,0,0,0,0,0
11676,5,5,6,6,6,5,4,5,5,6,6,6,5,4,5,5,6,6,6,5,4
11677,18,21,20,21,17,16,18,16,20,19,21,17,16,18,16,20,18,20,16,15,18
11678,3,3,3,4,3,3,3,3,3,3,4,3,3,3,3,3,3,4,3,3,3
11679,0,1,1,0,0,0,0,0,1,1,0,0,0,0,0,1,1,0,0,0,0
11680,0,0,0,0,0,0,0,0,0,0,0,0,0,0,0,0,0,0,0,0,0
11681,2,3,3,3,2,2,1,2,3,3,3,2,2,1,2,3,3,3,2,2,1
11682,0,0,0,0,0,0,0,0,0,0,0,0,0,0,0,0,0,0,0,0,0
11683,0,0,0,0,0,0,0,0,0,0,0,0,0,0,0,0,0,0,0,0,0
11684,0,0,0,0,0,0,0,0,0,0,0,0,0,0,0,0,0,0,0,0,0
11685,0,0,0,0,0,0,0,0,0,0,0,0,0,0,0,0,0,0,0,0,0
11686,0,1,1,1,1,1,0,0,1,1,1,1,1,0,0,1,1,1,1,0,0
11687,3,3,3,5,5,4,4,3,3,3,5,5,4,4,3,2,3,5,5,4,4
11688,28,28,26,21,17,18,21,30,33,30,24,20,21,23,32,31,26,20,16,18,21
11689,0,0,0,0,0,0,0,0,0,0,0,0,0,0,0,0,0,0,0,0,0
11690,0,0,0,0,0,0,0,0,0,0,0,0,0,0,0,0,0,0,0,0,0
11691,2,2,2,1,1,1,2,2,2,2,1,1,1,2,2,2,2,1,1,1,2
11692,7,7,7,5,5,4,5,6,6,7,5,4,4,5,6,6,7,5,4,4,5
11693,4,4,4,4,3,2,3,4,4,4,4,3,3,3,4,5,5,4,3,3,4
11694,8,8,8,7,6,5,6,7,7,7,7,6,5,5,7,8,8,7,6,6,6
11695,7,6,5,4,3,4,4,6,5,5,5,3,4,4,6,5,5,4,3,4,5
11696,14,16,17,21,16,13,12,14,15,15,19,14,12,12,15,17,18,21,16,13,13
11697,9,9,8,8,8,7,4,8,9,8,8,8,7,4,8,9,8,8,8,7,4
11698,2,1,1,2,1,1,1,1,1,1,1,1,1,1,1,1,1,1,1,1,1
11699,5,5,6,5,4,3,4,5,5,5,5,3,3,4,6,7,6,6,4,4,5
11700,1,1,1,1,1,1,1,1,1,1,1,1,1,1,1,1,1,1,1,1,1
11701,4,4,5,4,4,3,3,4,4,5,4,4,3,3,4,4,5,4,4,3,3
11702,7,7,8,8,8,6,5,6,8,9,9,8,6,5,5,6,7,8,7,6,6
11703,1,1,1,1,1,1,1,1,1,1,1,1,1,1,1,1,1,1,1,1,1
11704,7,6,6,5,4,4,4,5,5,6,5,4,4,4,5,5,5,5,4,4,4
11705,2,2,2,2,2,2,2,2,2,2,2,2,2,2,2,2,2,2,2,2,2
11706,3,3,3,2,2,2,2,3,3,3,2,2,2,2,3,3,3,2,2,2,2
11707,4,4,4,3,3,3,3,4,4,4,3,3,3,3,4,4,3,3,3,3,3
11708,3,2,2,2,2,1,2,2,2,2,2,2,1,2,3,3,3,3,2,2,2
11709,0,0,1,0,0,0,0,0,0,1,0,0,0,0,0,0,1,0,0,0,0
11710,1,1,1,1,1,0,1,1,1,1,1,1,1,1,1,1,1,1,1,1,1
11711,0,0,0,0,0,0,0,0,0,0,0,0,0,0,0,0,0,0,0,0,0
11712,0,0,0,0,0,0,0,0,0,0,0,0,1,1,1,1,1,1,1,1,1
11713,0,0,0,0,0,0,0,0,0,0,0,0,0,0,0,0,0,0,0,0,0
11714,0,0,0,0,0,0,0,0,0,0,0,0,0,0,0,0,0,0,0,0,0
11715,0,0,0,0,0,0,0,0,0,0,0,0,0,0,0,0,0,0,0,0,0
11716,0,0,0,0,0,0,0,0,0,0,0,0,0,0,0,0,0,0,0,0,0
11717,0,0,0,0,0,0,0,0,0,0,0,0,0,0,0,0,0,0,0,0,0
11718,11,16,18,13,9,6,7,11,16,17,13,8,6,6,11,15,17,12,8,6,6
11719,1,1,1,1,1,1,1,1,2,2,1,1,1,1,1,1,1,1,1,1,1
11720,4,4,4,4,3,3,3,4,4,4,3,3,3,3,4,4,4,3,3,3,4
11721,1,1,1,1,1,1,1,1,2,2,2,2,2,1,2,2,2,2,2,2,2
11722,0,0,0,0,0,0,0,0,0,0,0,0,0,0,0,0,0,0,0,0,0
11723,5,5,5,4,4,5,5,5,5,5,4,4,5,5,5,5,5,4,4,5,5
11724,19,20,19,18,16,16,17,19,20,19,18,16,16,17,19,20,19,18,16,16,17
11725,7,8,8,8,7,7,7,9,10,9,7,6,6,6,8,10,9,9,7,7,7
11726,3,3,3,3,3,3,3,3,3,3,3,3,3,2,3,3,4,3,3,3,3
11727,2,2,2,2,1,2,1,2,2,2,2,1,2,1,2,2,2,2,1,2,2
11728,4,5,6,5,4,3,4,4,6,6,5,4,3,3,4,5,6,4,4,3,3
11729,1,1,1,1,1,1,1,1,1,1,1,1,1,1,1,1,1,1,1,1,1
11730,2,2,2,2,2,2,2,2,2,2,2,2,2,2,2,2,2,2,2,2,2
11731,11,11,11,11,10,8,9,11,11,11,11,10,8,9,11,11,11,11,10,8,9
11732,12,13,13,13,11,10,11,12,13,13,13,11,10,11,12,13,13,13,11,10,11
11733,2,2,2,2,2,1,1,2,2,2,2,2,1,1,2,2,2,2,2,1,1
11734,9,9,9,8,8,7,7,9,9,9,8,8,7,7,9,9,9,8,8,7,7
11735,2,2,2,2,2,1,2,2,2,2,2,2,1,2,2,2,2,2,2,1,2
11736,5,7,7,7,6,5,5,5,7,7,7,6,5,5,5,7,7,7,6,5,5
11737,2,2,2,2,2,1,2,2,2,2,2,2,1,2,2,2,2,2,2,1,2
11738,0,0,0,0,0,0,0,0,0,0,0,0,0,0,0,0,0,0,0,0,0
11739,0,0,0,0,0,0,0,0,0,0,0,0,0,0,0,0,0,0,0,0,0
11740,1,1,1,1,1,1,1,1,1,1,1,1,1,1,1,1,1,1,1,1,1
11741,4,2,2,1,1,1,2,2,2,2,2,1,1,2,3,2,2,2,1,1,2
11742,4,5,5,5,3,3,3,4,5,5,5,3,3,3,4,5,5,5,3,3,3
11743,0,0,0,0,0,0,0,0,0,0,0,0,0,0,0,0,0,0,0,0,0
11744,1,1,1,1,1,1,1,1,1,1,1,1,1,1,1,1,1,1,1,1,1
11745,0,0,0,0,0,0,0,0,0,0,0,0,0,0,0,0,0,0,0,0,0
11746,0,0,0,0,0,0,0,0,0,0,0,0,0,0,0,0,0,0,0,0,0
11747,7,7,8,5,4,4,4,7,7,8,5,4,4,4,7,7,8,5,4,4,5
11748,0,0,0,0,0,0,0,0,0,0,0,0,0,0,0,0,0,0,0,0,0
11749,1,2,0,1,0,0,0,1,2,0,1,0,0,0,1,2,0,1,0,0,0
11750,6,8,6,3,2,0,1,1,4,4,3,1,0,1,2,6,5,4,2,1,2
11751,2,3,3,3,3,2,2,2,3,3,3,3,2,2,2,3,3,3,3,2,2
11752,3,3,3,2,2,2,3,3,3,3,2,2,2,3,3,3,3,2,2,2,3
11753,0,0,0,0,0,0,0,0,1,0,0,0,0,1,1,1,1,1,1,1,1
11754,0,1,1,1,0,1,1,1,1,1,1,1,1,1,1,1,1,1,1,1,2
11755,8,9,8,8,7,5,6,8,9,8,8,7,5,6,8,9,8,8,7,6,7
11756,0,0,1,1,0,0,0,1,0,1,1,0,0,0,1,0,0,0,0,0,0
11757,6,5,4,4,4,4,4,4,5,4,4,4,3,4,4,4,3,3,3,3,3
11758,1,1,2,2,1,1,1,2,2,2,2,2,2,2,2,2,2,2,2,2,2
11759,0,0,0,0,0,0,0,0,0,0,0,0,0,0,0,0,0,0,0,0,0
11760,0,0,0,0,0,0,0,0,0,0,0,0,0,0,0,0,0,0,0,0,0
11761,0,0,0,0,0,0,0,0,0,0,0,0,0,0,0,0,0,0,0,0,0
11762,4,4,4,3,3,3,3,4,4,4,3,3,3,3,4,4,4,3,3,3,3
11763,2,2,3,3,3,2,2,2,2,3,3,3,2,2,2,2,3,3,3,2,2
11764,5,6,6,10,9,8,6,5,6,6,10,9,8,6,5,6,6,10,9,8,6
11765,7,7,8,7,6,6,6,8,8,9,8,7,6,6,8,9,9,8,7,7,7
11766,175,176,176,172,157,138,145,176,180,181,176,162,142,148,179,179,178,171,156,137,144
11767,715,781,922,781,740,645,579,709,784,923,779,738,641,573,703,776,918,777,737,643,579
11768,743,820,949,807,760,657,603,738,822,942,794,752,645,588,723,811,943,804,765,664,614
11769,284,310,355,414,390,296,260,241,272,320,379,373,285,260,251,289,343,404,394,310,289
11770,4,4,7,8,4,3,3,4,5,8,8,4,3,3,4,5,8,9,5,4,4
11771,207,208,223,193,188,177,151,207,208,223,193,188,177,151,207,208,223,193,188,177,151
11772,20,22,23,30,26,23,16,17,20,22,30,27,24,19,21,25,26,32,28,25,20
11773,86,90,86,77,69,65,72,90,114,116,96,83,75,74,77,81,79,75,70,69,77
11774,5,6,7,9,7,6,5,6,6,7,9,7,6,5,6,7,7,10,8,7,6
11775,11,12,14,14,12,11,11,13,14,15,14,13,12,12,14,15,16,16,15,14,13
11776,1,1,1,1,1,1,1,1,1,1,1,1,1,1,1,1,1,1,1,1,1
11777,0,1,1,1,1,1,1,1,1,1,1,1,1,1,1,1,1,1,1,1,1
11778,2,2,3,4,3,3,2,2,2,3,4,3,3,2,2,2,3,4,3,3,2
11779,0,0,0,0,0,0,0,0,0,0,0,0,0,0,0,0,0,0,0,0,0
11780,0,0,0,0,0,0,0,0,0,0,0,0,0,0,0,0,0,0,0,0,0
11781,0,0,0,0,0,0,0,0,0,0,0,0,0,0,0,0,0,0,0,0,0
11782,7,10,15,14,11,8,10,12,16,20,17,12,9,10,13,16,19,16,13,11,13
11783,0,0,0,0,0,0,0,0,0,0,0,0,0,0,0,0,0,0,0,0,0
11784,1,2,2,2,2,1,1,1,2,2,2,2,1,1,1,2,2,2,2,1,1
11785,0,0,0,0,0,0,0,0,0,0,0,0,0,0,0,0,0,0,0,0,0
11786,1,1,1,1,1,1,1,1,1,1,1,1,1,1,1,1,1,1,1,1,1
11787,0,0,0,0,0,0,0,0,0,0,0,0,0,0,0,0,0,0,0,0,0
11788,3,3,3,3,2,2,2,3,3,3,3,3,2,2,3,3,3,3,3,2,2
11789,0,0,0,0,0,0,0,0,0,0,0,0,0,0,0,0,0,0,0,0,0
11790,0,0,0,0,0,0,0,0,0,0,0,0,0,0,0,0,0,0,0,0,0
11791,3,4,4,4,3,3,3,3,4,4,4,3,3,3,3,4,4,4,3,3,3
11792,0,1,1,1,1,1,1,0,1,1,1,1,1,1,0,1,1,1,1,1,1
11793,2,2,2,2,2,2,2,2,2,2,2,2,2,2,2,2,2,2,2,2,2
11794,0,0,0,0,0,0,0,0,0,0,0,0,0,0,0,0,0,0,0,0,0
11795,0,0,0,0,0,0,0,0,0,0,0,0,0,0,0,0,0,0,0,0,0
11796,0,0,0,0,0,0,0,0,0,0,0,0,0,0,0,0,0,0,0,0,0
11797,0,0,0,0,0,0,0,0,0,0,0,0,0,0,0,0,0,0,0,0,0
11798,0,0,1,0,0,0,0,0,0,1,0,0,0,0,0,0,1,0,0,0,0
11799,6,7,7,6,6,5,5,6,7,7,6,6,5,5,6,7,7,6,6,5,5
11800,0,0,0,0,0,0,0,0,0,0,0,0,0,0,0,0,0,0,0,0,0
11801,1,1,1,1,1,0,0,1,1,1,1,1,1,0,1,1,1,1,1,1,0
11802,1,1,1,1,1,0,0,0,1,1,1,1,0,0,1,1,1,1,1,1,0
11803,0,0,0,0,0,0,0,0,0,0,0,0,0,0,0,0,0,0,0,0,0
11804,0,0,0,0,0,0,0,0,0,0,0,0,0,0,0,0,0,0,0,0,0
11805,0,0,0,0,0,0,0,0,0,0,0,0,0,0,0,0,0,0,0,0,0
11806,0,0,0,0,0,0,0,0,0,0,0,0,0,0,0,0,0,0,0,0,0
11807,0,0,0,0,0,0,0,0,0,0,0,0,0,0,0,0,0,0,0,0,0
11808,0,0,0,0,0,0,0,0,0,0,0,0,0,0,0,0,0,0,0,0,0
11809,0,0,0,0,0,0,0,0,0,0,0,0,0,0,0,0,0,0,0,0,0
11810,3,2,2,2,2,1,2,3,2,2,2,2,1,2,3,2,2,2,2,1,2
11811,4,4,4,3,3,3,3,3,4,4,2,3,3,3,3,4,4,2,3,3,3
11812,1,1,1,1,1,1,1,1,1,1,1,1,1,1,1,1,1,1,1,1,1
11813,12,16,21,17,14,9,8,12,16,21,17,14,9,8,12,16,21,17,14,9,8
11814,16,20,23,22,22,16,13,14,19,22,21,22,16,13,14,19,22,21,22,16,13
11815,7,7,6,4,5,4,3,6,7,6,4,5,4,3,6,7,6,5,6,4,4
11816,6,10,13,14,14,11,4,6,10,13,14,14,10,4,6,10,13,14,14,10,4
11817,4,4,3,4,3,3,2,4,4,3,4,3,3,2,4,4,3,4,3,3,2
11818,0,0,0,0,0,0,0,0,0,0,0,0,0,0,0,0,0,0,0,0,0
11819,0,0,0,0,0,0,0,0,0,0,0,0,0,0,0,0,0,0,0,0,0
11820,0,0,0,0,0,0,0,0,0,0,0,0,0,0,0,0,0,0,0,0,0
11821,6,6,6,5,3,3,4,5,5,5,4,4,3,4,5,5,4,3,3,3,4
11822,0,0,0,0,0,0,0,0,0,0,0,0,0,0,0,0,0,0,0,0,0
11823,1,1,1,1,1,1,1,1,1,1,1,1,1,1,1,1,1,1,1,1,1
11824,0,0,0,0,0,0,0,0,0,0,0,0,0,0,0,0,0,0,0,0,0
11825,0,0,0,0,0,0,0,0,0,0,0,0,0,0,0,0,0,0,0,0,0
11826,0,0,0,0,0,0,0,0,0,0,0,0,0,0,0,0,0,0,0,0,0
11827,0,0,0,0,0,0,0,0,0,0,0,0,0,0,0,0,0,0,0,0,0
11828,1,1,1,1,0,0,0,1,1,1,1,0,0,0,1,1,1,1,1,0,0
11829,0,0,0,0,0,0,0,0,0,0,0,0,0,0,0,0,0,0,0,0,0
11830,0,0,0,0,0,0,0,0,0,0,0,0,0,0,0,0,0,0,0,0,0
11831,59,65,75,81,68,61,54,61,67,73,77,65,59,51,57,62,69,74,63,59,53
11832,0,0,0,0,0,0,0,0,0,0,0,0,0,0,0,0,0,0,0,0,0
11833,0,0,0,0,0,0,0,0,0,0,0,0,0,0,0,0,0,0,0,0,0
11834,1,1,1,1,1,1,1,1,1,1,1,1,1,1,1,1,1,1,1,1,1
11835,0,1,0,0,0,0,0,0,1,0,0,0,0,0,0,1,0,0,0,0,0
11836,0,0,0,0,0,0,0,0,0,0,0,0,0,0,0,0,0,0,0,0,0
11837,0,0,0,0,0,0,0,0,0,0,0,0,0,0,0,0,0,0,0,0,0
11838,0,0,0,0,0,0,0,0,0,0,0,0,0,0,0,0,0,0,0,0,0
11839,0,0,0,0,0,0,0,0,0,0,0,0,0,0,0,0,0,0,0,0,0
11840,0,0,0,0,0,0,0,0,0,0,0,0,0,0,0,0,0,0,0,0,0
11841,0,0,0,0,0,0,0,0,0,0,0,0,0,0,0,0,0,0,0,0,0
11842,4,4,4,5,4,4,3,4,4,4,5,4,3,3,4,4,4,5,4,3,3
11843,10,9,10,8,9,9,6,8,8,9,7,9,9,6,7,7,8,7,8,9,6
11844,0,0,0,0,0,0,0,0,0,0,0,0,0,0,0,0,0,0,0,0,0
11845,9,10,9,8,7,6,7,9,9,9,7,7,6,7,9,9,9,7,7,6,7
11846,14,14,20,20,19,13,13,14,14,20,20,19,13,13,14,14,19,20,19,12,13
11847,0,0,0,0,0,0,0,0,0,0,0,0,0,0,0,0,0,0,0,0,0
11848,25,26,26,23,20,17,19,24,26,27,24,21,18,19,22,23,22,19,16,14,14
11849,2,2,2,2,2,1,1,2,2,2,2,2,1,1,2,2,2,2,2,1,1
11850,1,1,1,1,1,1,1,1,1,1,1,1,1,1,1,2,2,2,1,1,1
11851,3,2,2,2,3,2,2,3,2,2,2,3,2,2,3,2,2,2,3,2,2
11852,0,0,0,0,0,0,0,0,0,0,0,0,0,0,0,0,0,0,0,0,0
11853,2,3,5,5,3,2,2,2,3,5,5,3,2,2,3,3,5,5,3,2,2
11854,5,5,5,4,4,4,3,5,5,5,4,4,4,3,5,5,5,4,4,4,3
11855,18,17,17,15,15,15,13,16,16,17,16,15,14,12,15,15,15,15,14,14,13
11856,3,3,3,3,3,2,3,3,3,4,4,4,3,3,3,3,3,3,3,2,3
11857,0,0,0,0,0,0,0,0,0,0,0,0,0,0,0,0,0,0,0,0,0
11858,1,1,1,1,1,1,1,1,1,1,1,1,1,1,1,1,1,1,1,1,1
11859,1,1,1,1,1,1,1,2,2,1,1,1,1,1,2,2,2,2,1,1,2
11860,1,1,1,1,1,1,1,1,1,0,0,0,0,1,2,2,2,2,2,2,2
11861,0,0,0,0,0,0,0,0,0,0,0,0,0,0,0,0,0,0,0,0,0
11862,0,0,1,0,1,0,0,0,0,1,1,1,0,0,0,0,1,1,1,0,0
11863,0,0,0,0,0,0,0,0,0,0,0,0,0,0,0,0,0,0,0,0,0
11864,0,0,0,0,0,0,0,0,0,0,0,0,0,0,0,0,0,0,0,0,0
11865,0,0,0,0,0,0,0,0,0,0,0,0,0,0,0,0,0,0,0,0,0
11866,0,0,0,0,0,0,0,0,0,0,0,0,0,0,0,0,0,0,0,0,0
11867,0,0,0,0,0,0,0,0,0,0,0,0,0,0,0,0,0,0,0,0,0
11868,0,0,0,0,0,0,0,0,0,0,0,0,0,0,0,0,0,0,0,0,0
11869,0,0,0,0,0,0,0,0,0,0,0,0,0,0,0,0,0,0,0,0,0
11870,0,0,0,0,0,0,0,0,0,0,0,0,0,0,0,0,0,0,0,0,0
11871,0,0,0,0,0,0,0,0,0,0,0,0,0,0,0,0,0,0,0,0,0
11872,0,0,0,0,0,0,0,0,0,0,0,0,0,0,0,0,0,0,0,0,0
11873,0,0,0,0,0,0,0,0,0,0,0,0,0,0,0,0,0,0,0,0,0
11874,0,0,0,0,0,0,0,0,0,0,0,0,0,0,0,0,0,0,0,0,0
11875,0,0,0,0,0,0,0,0,0,0,0,0,0,0,0,0,0,0,0,0,0
11876,0,0,0,0,0,0,0,0,0,0,0,0,0,0,0,0,0,0,0,0,0
11877,1,1,1,0,0,0,1,1,1,1,1,1,0,1,1,1,1,1,1,0,1
11878,0,0,0,0,0,0,0,0,0,0,0,0,0,0,0,0,0,0,0,0,0
11879,0,0,0,0,0,0,0,0,0,0,0,0,0,0,0,0,0,0,0,0,0
11880,0,0,0,0,0,0,0,0,0,0,0,0,0,0,0,0,0,0,0,0,0
11881,0,0,0,0,0,0,0,0,0,0,0,0,0,0,0,0,0,0,0,0,0
11882,0,1,1,1,0,0,0,0,1,1,1,0,0,0,0,1,1,1,0,0,0
11883,0,0,0,0,0,0,0,0,0,0,0,0,0,0,0,0,0,0,0,0,0
11884,0,0,0,0,0,0,0,0,0,0,0,0,0,0,0,0,0,0,0,0,0
11885,0,0,0,0,0,0,0,0,0,0,0,0,0,0,0,0,0,0,0,0,0
11886,0,0,0,0,0,0,0,0,0,0,0,0,0,0,0,0,0,0,0,0,0
11887,0,0,0,0,0,0,0,0,0,0,0,0,0,0,0,0,0,0,0,0,0
11888,0,0,1,1,1,1,1,1,1,1,1,1,1,0,0,0,0,0,0,0,0
11889,2,2,1,1,1,1,1,2,2,2,1,1,1,1,2,2,2,1,1,1,1
11890,1,1,1,1,1,1,1,1,1,1,1,1,1,1,1,1,1,1,1,1,1
11891,28,31,28,26,22,21,20,23,26,25,24,21,20,19,23,26,25,24,21,20,19
11892,30,35,36,34,29,26,28,32,37,37,34,30,27,30,35,40,41,37,32,30,32
11893,3,4,4,4,3,3,3,4,4,4,4,3,3,3,3,4,4,4,3,3,3
11894,6,8,8,7,6,6,6,7,8,9,8,7,6,6,7,8,8,7,6,6,6
11895,24,28,31,30,25,22,22,24,28,30,29,24,21,21,25,29,31,30,25,22,21
11896,1,0,0,0,0,0,0,1,0,0,0,0,0,0,1,0,0,0,0,0,0
11897,44,47,55,56,59,55,33,44,47,55,56,59,55,33,44,47,55,56,59,55,33
11898,2,2,2,1,1,1,1,2,2,2,1,1,1,1,2,2,2,1,1,1,1
11899,0,0,0,0,0,0,0,0,0,0,0,0,0,0,0,0,0,0,0,0,0
11900,0,0,0,0,0,0,0,0,0,1,0,0,0,0,0,0,0,0,0,0,0
11901,0,0,0,0,0,0,0,0,0,0,0,0,0,0,0,0,0,0,0,0,0
11902,19,22,25,23,19,14,14,19,22,25,23,19,14,14,19,22,25,23,19,14,14
11903,2,2,2,2,2,2,2,2,2,2,2,2,2,2,2,2,2,2,2,2,2
11904,0,1,1,1,0,0,0,0,1,1,1,0,0,0,0,1,1,1,0,0,0
11905,0,0,0,0,0,0,0,0,0,0,0,0,0,0,0,0,0,0,0,0,0
11906,2,2,2,2,1,1,1,2,2,2,1,1,1,1,2,2,2,1,1,1,1
11907,4,4,4,4,3,3,3,4,4,4,3,3,2,2,4,4,3,3,2,2,2
11908,7,8,8,7,6,6,6,7,8,8,7,6,6,7,8,8,8,6,6,6,6
11909,1,1,1,0,0,1,1,1,1,1,1,1,1,1,1,1,1,1,1,1,1
11910,1,1,1,1,1,1,1,1,1,1,1,1,1,1,1,1,1,1,1,1,1
11911,5,5,6,5,5,4,4,6,6,7,6,5,4,4,6,6,6,6,6,5,5
11912,1,1,1,1,1,0,1,1,1,1,1,1,0,1,1,1,1,1,1,0,1
11913,0,0,0,0,0,0,0,0,0,0,0,0,0,0,0,0,0,0,0,0,0
11914,0,0,0,0,0,0,0,0,0,0,0,0,0,0,0,0,0,0,0,0,0
11915,0,0,0,0,0,0,0,0,0,0,0,0,0,0,0,0,0,0,0,0,0
11916,0,0,0,0,0,0,0,0,0,0,0,0,0,0,0,0,0,0,0,0,0
11917,0,1,0,0,0,0,0,0,1,0,0,0,0,0,0,1,0,0,0,0,0
11918,3,3,2,1,2,2,4,3,3,2,1,2,2,4,3,3,2,1,2,2,4
11919,1,1,1,1,1,1,0,1,1,1,1,1,1,0,1,1,1,1,1,1,1
11920,7,7,6,6,5,5,6,7,7,6,6,5,5,6,7,7,6,6,5,5,6
11921,3,3,3,3,2,2,2,3,3,3,3,2,2,2,2,3,3,2,2,2,2
11922,5,6,5,4,3,3,3,4,5,5,4,3,3,3,4,5,5,4,3,3,3
11923,5,6,7,6,5,4,4,5,6,7,6,5,4,4,5,6,7,6,5,4,4
11924,4,5,5,5,4,4,3,4,5,5,5,4,4,3,4,5,5,5,4,4,3
11925,0,1,0,0,0,0,0,0,1,0,0,0,0,0,0,1,0,0,0,0,0
11926,19,19,19,17,15,12,13,16,17,17,15,14,11,13,17,17,17,15,13,10,11
11927,1,1,1,1,1,1,1,1,1,1,1,1,1,1,1,1,1,1,1,2,2
11928,0,0,0,0,0,0,0,0,0,0,0,0,0,0,0,0,0,0,0,0,0
11929,4,4,3,2,2,2,2,3,3,3,2,2,2,2,3,3,2,2,2,2,2
11930,14,14,14,11,10,11,11,15,15,15,12,11,11,11,14,13,13,10,10,11,11
11931,0,0,0,0,0,0,0,0,0,0,0,0,0,0,0,0,0,0,0,0,0
11932,2,2,3,2,2,1,1,2,2,3,2,2,1,1,2,2,3,2,2,1,1
11933,0,0,0,0,0,0,0,0,0,0,0,0,0,0,0,0,0,0,0,0,0
11934,0,0,0,0,0,0,0,0,0,0,0,0,0,0,0,0,0,0,0,0,0
11935,1,1,1,1,0,0,1,1,1,1,1,0,0,1,1,1,1,1,0,0,1
11936,1,0,1,0,0,0,0,1,0,1,0,0,0,0,1,0,1,0,0,0,0
11937,0,0,0,0,0,0,0,0,0,0,0,0,0,0,0,0,0,0,0,0,0
11938,0,0,0,0,0,0,0,0,0,0,0,0,0,0,0,0,0,0,0,0,0
11939,14,15,14,12,10,9,9,12,14,16,16,14,13,13,15,15,14,12,9,9,9
11940,1,1,1,1,1,1,1,1,1,1,1,1,1,1,1,1,1,1,1,1,1
11941,12,12,12,11,9,10,12,14,15,16,14,13,13,15,16,15,13,11,10,11,12
11942,1,4,14,8,1,4,4,1,5,14,8,1,4,4,1,5,14,8,1,4,4
11943,2,2,2,2,1,1,1,2,2,2,2,1,1,1,2,2,2,1,1,1,1
11944,1,1,1,1,1,1,1,1,1,1,1,1,1,1,1,1,1,1,1,1,1
11945,1,1,2,3,3,4,4,4,5,5,5,6,6,6,6,6,6,6,6,5,5
11946,0,0,0,0,0,0,0,0,0,0,0,0,0,0,0,0,0,0,0,0,0
11947,0,0,0,0,0,0,0,0,0,0,0,0,0,0,0,0,0,0,0,0,0
11948,0,0,0,0,0,0,0,0,0,0,0,0,0,0,0,0,0,0,0,0,0
11949,0,0,0,0,0,0,0,0,0,0,0,0,0,0,0,0,0,0,0,0,0
11950,0,0,0,0,0,0,0,0,0,0,0,0,0,0,0,0,0,0,0,0,0
11951,0,0,0,0,0,0,0,0,0,0,0,0,0,0,0,0,0,0,0,0,0
11952,0,0,0,0,0,0,0,0,0,0,0,0,0,0,0,0,0,0,0,0,0
11953,1,2,2,3,3,3,3,3,3,3,2,2,1,1,2,2,2,2,2,2,2
11954,0,0,0,0,0,0,0,0,0,0,0,0,0,0,0,0,0,0,0,0,0
11955,46,46,46,54,44,31,30,45,51,55,65,54,39,37,51,55,56,63,52,38,38
11956,191,194,196,168,146,132,141,188,205,212,183,159,139,147,192,204,210,181,157,141,152
11957,57,69,75,71,51,41,35,51,68,80,79,56,45,38,54,70,77,72,53,44,39
11958,73,91,99,96,75,59,57,70,92,104,104,86,69,65,77,93,101,96,76,60,57
11959,0,1,2,1,0,0,0,1,1,2,2,1,1,1,1,1,2,2,1,1,1
11960,10,12,12,12,11,10,8,10,12,12,12,11,10,8,10,12,12,12,11,10,8
11961,0,0,0,0,0,0,0,0,0,0,0,0,0,0,0,0,0,0,0,0,0
11962,0,0,0,0,0,0,0,0,0,0,0,0,0,0,0,0,0,0,0,0,0
11963,1,1,1,1,1,1,1,1,1,1,1,1,1,1,1,1,1,1,1,1,1
11964,1,1,2,2,2,1,1,1,1,2,2,2,1,1,1,1,2,2,2,1,1
11965,7,8,8,7,6,5,5,7,8,8,7,6,5,5,7,8,8,7,6,5,5
11966,0,0,0,0,0,0,0,0,0,0,0,0,0,0,0,0,0,0,0,0,0
11967,0,1,0,0,0,0,0,0,1,0,0,0,0,0,0,1,1,1,0,1,1
11968,0,1,1,1,1,1,1,1,2,2,2,2,2,2,2,2,3,3,3,3,3
11969,5,6,6,6,6,5,5,6,6,6,6,6,5,5,5,5,6,6,5,5,5
11970,5,5,5,5,4,4,4,5,5,5,5,4,4,4,5,5,5,5,4,4,4
11971,32,40,38,34,22,20,24,32,40,38,34,22,20,24,32,40,38,34,22,20,24
11972,3,3,3,2,2,2,2,2,2,2,2,2,2,2,2,2,2,2,2,2,2
11973,0,0,0,0,0,0,0,0,0,0,0,0,0,0,0,0,0,0,0,0,0
11974,1,1,1,1,1,1,1,1,1,1,1,1,1,1,1,1,1,1,1,1,1
11975,0,0,0,0,0,0,0,0,0,0,0,0,0,0,0,0,0,0,0,0,0
11976,2,1,1,2,1,1,2,2,1,1,2,1,1,2,2,2,1,2,1,1,2
11977,0,0,0,0,0,0,0,0,0,0,0,0,0,0,0,0,0,0,0,0,0
11978,2,2,3,3,2,2,1,2,2,3,3,2,2,1,2,2,3,3,2,2,1
11979,0,0,0,0,0,0,0,0,0,0,0,0,0,0,0,0,0,0,0,0,0
11980,1,1,1,1,1,0,0,1,1,1,1,1,0,0,1,1,1,1,1,0,0
11981,1,1,1,1,0,0,0,1,1,1,1,0,0,0,1,1,1,1,0,1,0
11982,0,0,0,0,0,0,0,0,0,0,0,0,0,0,0,0,0,0,0,0,0
11983,2,3,2,2,2,2,2,2,2,2,2,2,2,2,2,2,2,2,2,2,2
11984,1,1,1,1,1,1,1,1,1,1,1,1,1,1,1,1,1,1,1,1,1
11985,0,0,0,0,0,0,0,0,0,0,0,0,0,0,0,0,0,0,0,0,0
11986,0,0,0,0,0,0,0,0,0,0,0,0,0,0,0,0,0,0,0,0,0
11987,1,1,1,1,1,1,1,1,1,1,1,1,1,1,1,1,1,1,1,1,1
11988,1,1,1,1,1,1,1,1,1,1,1,1,1,1,1,1,1,1,1,1,1
11989,0,0,0,0,0,0,0,0,0,0,0,0,0,0,0,0,0,0,0,0,0
11990,2,2,2,2,2,2,1,2,1,1,2,2,2,1,2,1,1,2,2,2,1
11991,2,3,3,3,3,3,2,2,3,3,3,3,3,2,2,3,3,3,3,3,2
11992,0,0,0,0,0,0,0,0,0,0,0,0,0,0,0,0,0,0,0,0,0
11993,0,0,1,0,1,1,1,1,1,1,1,1,1,1,1,1,1,1,1,1,1
11994,9,14,17,14,12,7,7,9,15,18,15,13,7,6,8,13,16,14,13,8,7
11995,130,146,149,145,128,111,109,130,146,149,145,128,111,109,130,146,149,145,128,111,109
11996,1,1,1,1,1,1,1,1,1,1,1,1,1,1,1,1,1,1,1,1,1
11997,0,0,0,0,0,0,0,0,0,0,0,0,0,0,0,0,0,0,0,0,0
11998,0,0,0,0,0,0,0,0,0,0,0,0,0,0,0,0,0,0,0,0,0
11999,0,0,0,0,0,0,0,0,0,0,0,0,0,0,0,0,0,0,0,0,0
12000,1,1,1,1,1,1,1,1,1,1,1,1,1,1,1,1,1,1,1,1,1
12001,1,1,0,0,0,0,1,1,1,1,1,1,1,1,1,1,1,1,1,1,1
12002,0,0,0,0,0,0,0,0,0,0,0,0,0,0,0,0,0,0,0,0,0
12003,1,1,1,1,0,1,1,1,1,1,1,1,1,1,1,1,1,1,1,1,1
12004,0,1,1,1,1,1,1,1,1,1,1,1,1,1,1,1,1,1,1,1,1
12005,0,0,0,0,0,0,0,0,0,0,0,0,0,0,0,0,0,0,0,0,0
12006,0,0,0,0,0,0,0,0,0,0,0,0,0,0,0,0,0,0,0,0,0
12007,0,0,0,0,0,0,0,0,0,0,0,0,0,0,0,0,0,0,0,0,0
12008,0,0,0,0,0,0,0,0,0,0,0,0,0,0,0,0,0,0,0,0,0
12009,0,0,0,0,0,0,0,0,0,0,0,0,0,0,0,0,0,0,0,0,0
12010,0,0,0,0,0,0,0,0,0,0,0,0,0,0,0,0,0,0,0,0,0
12011,0,0,0,0,0,0,0,0,0,0,0,0,0,0,0,0,0,0,0,0,0
12012,0,0,0,0,0,0,0,0,0,0,0,0,0,0,0,0,0,0,0,0,0
12013,0,0,0,0,0,0,0,0,0,0,0,0,0,0,0,0,0,0,0,0,0
12014,0,0,0,0,0,0,0,0,0,0,0,0,0,0,0,0,0,0,0,0,0
12015,0,0,0,0,0,0,0,0,0,0,0,0,0,0,0,0,0,0,0,0,0
12016,0,0,0,0,0,0,0,0,0,0,0,0,0,0,1,1,1,1,1,1,1
12017,0,0,0,0,0,0,0,0,0,0,0,0,0,0,0,0,0,0,0,0,0
12018,0,0,0,0,0,0,0,0,0,0,0,0,0,0,0,0,0,0,0,0,0
12019,0,0,0,0,0,0,0,0,0,0,0,0,0,0,0,0,0,0,0,0,0
12020,181,189,193,185,162,147,148,181,189,193,185,162,147,148,181,189,193,185,162,147,148
12021,42,53,38,35,31,19,27,42,53,38,35,31,19,27,42,53,38,35,31,19,27
12022,0,0,0,0,0,0,0,0,0,0,0,0,0,0,0,0,0,0,0,0,0
12023,1,1,1,1,1,1,1,1,1,1,1,1,1,1,1,1,1,1,1,1,1
12024,2,3,3,3,3,3,2,2,3,3,3,3,3,2,2,3,3,3,3,3,2
12025,0,0,0,0,0,0,0,0,0,0,0,0,0,0,0,0,0,0,0,0,0
12026,0,0,0,0,0,0,0,0,0,0,0,0,0,0,0,0,0,0,0,0,0
12027,0,0,0,0,0,0,0,0,0,0,0,0,0,0,0,0,0,0,0,0,0
12028,86,124,150,96,82,65,64,86,124,150,96,82,65,64,86,124,150,96,82,65,64
12029,63,65,67,60,45,49,43,63,65,67,60,45,49,43,63,65,67,60,45,49,43
12030,0,0,0,0,0,1,0,0,0,0,0,0,1,0,0,0,0,0,0,1,0
12031,0,2,0,0,1,1,0,0,2,0,0,1,1,0,0,2,0,0,1,1,0
12032,0,0,0,0,0,0,0,0,0,0,0,0,0,0,0,0,0,0,0,0,0
12033,0,0,0,0,0,0,0,0,0,0,0,0,0,0,0,0,0,0,0,0,0
12034,7,9,9,7,4,3,3,7,9,10,7,4,3,4,7,9,9,7,4,3,3
12035,1,1,1,1,1,1,1,1,1,1,1,1,1,1,1,1,1,1,1,2,1
12036,7,6,6,5,4,3,4,5,6,6,5,4,3,3,4,5,5,4,4,3,4
12037,2,2,2,2,1,2,2,2,2,2,2,1,2,2,2,2,2,2,1,2,2
12038,0,0,0,0,0,0,0,0,0,0,0,0,0,0,0,0,0,0,0,0,0
12039,2,2,2,2,2,2,2,2,2,2,2,2,2,2,2,2,2,2,2,2,2
12040,0,0,0,0,0,0,0,0,0,0,0,0,0,0,0,0,0,0,0,0,0
12041,1,1,1,1,2,1,1,1,1,1,1,2,1,1,1,1,1,1,2,1,1
12042,9,11,8,7,7,8,9,9,11,8,7,7,8,9,9,11,8,7,7,8,9
12043,2,1,2,1,1,1,1,2,1,2,1,1,1,1,2,1,2,1,1,1,1
12044,0,0,0,0,0,0,0,0,0,0,0,0,0,0,0,0,0,0,0,0,0
12045,0,0,0,0,0,0,0,0,0,0,0,0,0,0,0,0,0,0,0,0,0
12046,0,0,0,0,0,0,0,0,0,0,0,0,0,0,0,0,0,0,0,0,0
12047,0,0,0,0,0,0,0,0,0,0,0,0,0,0,0,0,0,0,0,0,0
12048,0,0,0,0,0,0,0,0,0,0,0,0,0,0,0,0,0,0,0,0,0
12049,0,0,0,0,0,0,0,0,0,0,0,0,0,0,0,0,0,0,0,0,0
12050,0,1,1,1,0,0,1,0,1,1,1,0,0,1,0,1,1,1,0,0,1
12051,4,5,5,4,4,3,4,4,5,5,4,4,3,4,4,5,5,4,4,3,4
12052,7,7,6,6,5,5,6,7,6,6,5,5,5,6,7,6,6,5,5,5,6
12053,6,6,6,5,5,4,5,6,6,6,5,5,4,5,6,6,6,5,5,4,5
12054,3,3,3,3,3,3,3,3,3,3,3,3,3,3,3,3,3,3,3,3,3
12055,0,0,0,0,0,0,0,0,0,0,0,0,0,0,0,0,0,0,0,0,0
12056,0,0,0,0,0,0,0,0,0,0,0,0,0,0,0,0,0,0,0,0,0
12057,49,54,49,36,28,23,24,34,43,51,45,34,27,26,32,33,31,28,24,21,21
12058,0,0,0,0,0,0,0,0,0,0,0,0,0,0,0,0,0,0,0,0,0
12059,1,1,1,1,1,1,1,1,1,1,1,1,1,1,1,1,1,1,1,1,1
12060,1,1,1,1,1,1,1,1,1,1,1,1,1,1,1,1,1,1,1,1,1
12061,0,0,0,1,0,0,0,0,0,0,1,0,0,0,0,0,0,1,0,0,0
12062,0,1,1,0,0,0,0,0,1,1,0,0,0,0,0,1,1,0,0,0,0
12063,1,2,2,2,2,1,1,1,2,2,2,2,1,1,1,2,2,2,2,1,1
12064,6,9,9,8,6,4,4,6,9,9,8,6,4,4,6,8,9,8,6,4,4
12065,0,0,0,0,0,0,0,0,0,0,0,0,0,0,0,0,0,0,0,0,0
12066,0,0,0,0,0,0,0,0,0,0,0,0,0,0,0,0,0,0,0,0,0
12067,1,1,2,2,2,1,1,1,2,2,2,2,2,2,2,2,3,2,2,2,2
12068,7,10,11,10,8,6,6,8,10,11,10,8,6,6,7,9,10,9,7,6,6
12069,0,0,0,0,0,0,0,0,0,0,0,0,0,0,0,0,0,0,0,0,0
12070,0,0,0,0,0,0,0,0,0,0,0,0,0,0,0,0,0,0,0,0,0
12071,4,7,10,7,4,2,2,4,7,10,7,5,2,2,4,8,10,7,5,2,2
12072,22,27,25,16,12,21,18,22,26,25,16,12,21,18,22,26,25,16,12,21,18
12073,4,5,3,3,2,4,4,4,5,3,3,2,4,4,4,5,3,3,2,4,4
12074,0,0,0,0,0,0,0,0,0,0,0,0,0,0,0,0,0,0,0,0,0
12075,0,0,0,0,0,0,0,0,0,0,0,0,0,0,0,0,0,0,0,0,0
12076,0,0,0,0,0,0,0,0,0,0,0,0,0,0,0,0,0,0,0,0,0
12077,0,0,0,0,0,0,0,0,0,0,0,0,0,0,0,0,0,0,0,0,0
12078,0,0,0,0,0,0,0,0,0,0,0,0,0,0,0,0,0,0,0,0,0
12079,0,0,0,0,0,0,0,0,0,0,0,0,0,0,0,0,0,0,0,0,0
12080,1,0,0,0,0,1,0,1,0,0,0,0,1,0,1,0,0,0,0,1,0
12081,1,1,1,1,0,0,1,1,1,1,1,0,0,1,0,1,0,1,0,0,1
12082,3,3,4,4,3,3,4,5,5,5,5,4,4,5,6,6,6,6,5,5,5
12083,2,2,2,2,2,2,2,2,3,3,2,2,2,2,2,2,2,2,2,2,2
12084,2,2,2,2,2,1,2,2,2,2,2,2,2,2,2,2,2,2,2,2,2
12085,2,2,2,1,1,1,1,1,1,1,1,1,1,1,1,1,1,1,1,1,1
12086,0,0,0,0,0,0,0,0,0,1,1,0,0,1,1,1,1,1,1,1,1
12087,10,11,10,8,7,8,8,10,11,10,8,7,8,8,10,11,10,8,7,8,8
12088,0,0,0,0,0,0,0,0,0,0,0,0,0,0,0,0,0,0,0,0,0
12089,2,2,2,3,2,1,2,2,2,2,3,2,1,2,2,2,2,3,2,1,2
12090,0,0,0,0,0,0,0,0,0,0,0,0,0,0,0,0,0,0,0,0,0
12091,0,0,0,0,0,0,0,0,0,0,0,0,0,0,0,0,0,0,0,0,0
12092,0,0,0,0,0,0,0,0,0,0,0,0,0,0,0,0,0,0,0,0,0
12093,1,1,1,1,1,1,1,1,1,1,1,1,1,1,1,1,1,1,1,1,1
12094,1,1,1,2,2,1,1,1,1,1,2,2,1,1,1,1,1,2,2,1,1
12095,3,3,3,3,2,2,2,3,3,3,3,2,2,2,3,3,3,3,2,2,2
12096,0,0,1,1,0,0,0,0,0,1,1,0,0,0,0,0,1,1,0,0,0
12097,0,0,0,0,0,0,0,0,0,0,0,0,0,0,0,0,0,0,0,0,0
12098,6,6,5,4,4,5,5,6,6,5,4,4,5,5,6,6,5,4,4,5,5
12099,1,1,1,0,1,1,0,1,1,1,0,1,1,0,1,1,1,0,1,1,1
12100,0,0,0,0,0,0,0,0,0,0,0,0,0,0,0,0,0,0,0,0,0
12101,0,0,0,0,0,0,0,0,0,0,0,0,0,0,0,0,0,0,0,0,0
12102,0,0,0,0,0,0,0,0,0,0,1,1,1,0,0,0,0,0,0,0,0
12103,0,0,0,0,0,0,0,0,0,0,0,0,0,0,0,0,0,0,0,0,0
12104,0,0,0,0,0,0,0,0,0,0,0,0,0,0,0,0,0,0,0,0,0
12105,7,6,5,5,4,4,4,5,4,5,5,4,4,4,5,5,4,5,4,4,4
12106,0,0,0,0,0,0,0,0,0,0,0,0,0,0,0,0,0,0,0,0,0
12107,3,3,3,3,3,3,2,3,3,3,3,2,2,2,3,3,3,3,2,2,2
12108,1,0,1,1,1,1,0,1,0,1,1,1,1,0,1,0,1,1,1,1,0
12109,0,0,0,0,0,0,0,0,0,0,0,0,0,0,0,0,0,0,0,0,0
12110,4,5,6,6,5,4,3,4,5,6,6,5,4,3,4,4,6,6,5,4,3
12111,8,9,9,7,6,5,5,7,9,9,7,6,5,5,7,9,8,7,6,5,5
12112,4,5,5,5,4,4,4,5,5,5,5,4,4,3,4,5,4,4,4,3,3
12113,11,11,11,11,9,8,7,10,12,13,12,10,8,8,10,12,13,13,11,9,9
12114,1,1,1,1,1,1,1,1,1,1,1,1,1,1,1,1,1,1,1,1,1
12115,0,0,0,0,0,0,0,0,0,0,0,0,0,0,0,0,0,0,0,0,0
12116,0,0,0,0,0,0,0,0,0,0,0,0,0,0,0,0,0,0,0,0,0
12117,0,0,0,0,0,0,0,0,0,0,0,0,0,0,0,0,0,0,0,0,0
12118,0,0,0,0,0,0,0,0,0,0,0,0,0,0,0,0,0,0,0,0,0
12119,0,0,0,0,0,0,0,0,0,0,0,0,0,0,0,0,0,0,0,0,0
12120,4,5,4,4,4,4,4,4,5,4,4,4,4,4,4,5,4,4,4,4,4
12121,0,0,0,0,0,0,0,0,0,0,0,0,0,0,0,0,0,0,0,0,0
12122,45,48,50,48,43,39,37,45,48,50,48,43,39,37,45,48,50,48,43,39,37
12123,1,1,1,1,1,1,1,1,1,1,1,1,1,1,1,1,1,1,1,1,1
12124,6,6,6,6,5,4,5,6,6,6,5,4,4,4,6,6,6,6,4,4,5
12125,8,12,12,10,7,4,4,8,12,12,10,7,4,4,8,12,12,10,7,4,5
12126,5,6,6,6,5,4,4,5,6,6,6,5,4,4,5,6,6,6,5,4,4
12127,1,2,2,1,1,1,1,2,2,2,1,1,1,1,2,2,2,1,1,1,1
12128,0,0,0,0,0,0,0,0,0,0,0,0,0,0,0,0,0,0,0,0,0
12129,1,1,1,1,1,1,1,1,1,1,1,1,1,1,1,1,1,1,1,1,1
12130,0,0,0,0,0,0,0,0,0,0,0,0,0,0,0,0,0,0,0,0,0
12131,0,0,0,0,0,0,0,0,0,0,0,0,0,0,0,0,0,0,0,0,0
12132,0,0,0,0,0,0,0,0,0,0,0,0,0,0,0,0,0,0,0,0,0
12133,0,0,0,0,0,0,0,0,0,0,0,0,0,0,0,0,0,0,0,0,0
12134,0,0,0,0,0,0,0,0,0,0,0,0,0,0,0,0,0,0,0,0,0
12135,5,6,6,7,6,5,5,5,6,6,7,6,5,5,5,6,6,7,6,5,5
12136,0,0,0,0,0,0,0,0,0,0,0,0,0,0,0,0,0,0,0,0,0
12137,3,3,3,3,3,2,2,3,3,3,3,3,2,2,3,3,3,3,3,2,2
12138,0,0,0,0,0,0,0,0,0,0,0,0,1,1,1,2,2,2,2,2,2
12139,1,1,1,1,1,1,1,1,1,1,1,1,1,1,1,1,1,1,1,1,1
12140,0,0,0,0,0,0,0,0,0,0,0,0,0,0,0,0,0,0,0,0,0
12141,13,16,14,15,14,12,13,14,16,14,15,14,12,13,13,16,14,15,14,12,13
12142,1,1,1,1,1,1,1,1,1,1,1,1,1,1,1,1,1,1,1,1,1
12143,39,40,37,34,31,29,32,38,40,37,34,31,29,31,38,40,37,34,31,29,31
12144,3,3,3,3,3,2,3,3,3,3,3,3,2,3,3,3,3,3,3,2,3
12145,10,9,9,9,8,8,8,10,9,9,9,8,8,8,10,9,9,9,8,8,8
12146,0,0,0,0,0,0,0,0,0,0,0,0,0,0,0,0,0,0,0,0,0
12147,0,0,0,0,0,0,0,0,0,0,0,0,0,0,0,0,0,0,0,0,0
12148,0,0,0,0,0,0,0,0,0,0,0,0,0,0,0,0,0,0,0,0,0
12149,0,0,0,0,0,0,0,0,1,1,1,1,1,1,1,1,1,2,2,1,1
12150,0,0,0,0,0,0,0,0,0,0,0,0,0,0,0,0,0,0,0,0,0
12151,0,0,0,0,0,0,0,0,0,0,0,0,0,0,0,0,0,0,0,0,0
12152,0,0,1,1,1,1,0,0,0,1,1,1,1,0,0,1,1,1,1,1,1
12153,1,1,1,1,1,1,1,1,1,1,1,1,1,1,1,1,1,1,1,1,1
12154,0,0,0,0,0,0,0,0,0,0,0,0,0,0,0,0,0,0,0,0,0
12155,0,0,0,0,0,0,0,0,0,0,0,0,0,0,0,0,0,0,0,0,0
12156,19,18,17,12,9,9,17,20,19,18,12,9,10,17,21,19,18,12,9,9,16
12157,2,2,2,2,2,2,2,3,3,3,3,3,3,3,4,3,3,3,3,3,3
12158,0,0,0,0,0,0,0,0,0,0,0,0,0,0,0,0,0,0,0,0,0
12159,0,0,0,0,0,0,0,0,0,0,0,0,0,0,0,0,0,0,0,0,0
12160,0,0,0,0,0,0,0,0,0,0,0,0,0,0,0,0,0,0,0,0,0
12161,0,0,0,0,0,0,0,0,0,0,0,0,0,0,0,0,0,0,0,0,0
12162,0,0,0,0,0,0,0,0,0,0,0,0,0,0,0,0,0,0,0,0,0
12163,0,0,0,0,0,0,0,0,0,0,0,0,0,0,0,0,0,0,0,0,0
12164,5,6,6,6,6,5,4,5,6,6,6,6,5,4,5,6,6,6,6,5,4
12165,10,11,11,11,10,9,9,10,11,11,11,10,9,9,10,11,11,11,10,9,9
12166,0,0,0,0,0,0,0,0,0,0,0,0,0,0,0,0,0,0,0,0,0
12167,43,42,41,36,35,34,36,43,42,41,36,34,34,36,42,42,40,36,34,34,36
12168,0,0,0,0,0,0,0,0,0,0,0,0,0,0,0,0,0,0,0,0,0
12169,0,0,0,0,0,0,0,1,1,1,1,0,0,1,1,1,1,1,1,1,1
12170,0,0,0,0,0,0,0,0,0,0,0,0,0,0,0,0,0,0,0,0,0
12171,0,0,0,1,1,0,0,0,0,0,1,1,0,0,0,0,0,1,1,0,0
12172,5,6,7,7,6,5,4,5,5,6,6,6,5,4,5,5,7,7,6,5,4
12173,9,12,13,11,11,9,8,9,12,13,11,11,9,8,9,12,13,11,11,9,8
12174,17,17,16,16,13,11,12,17,17,16,16,13,11,12,17,17,16,16,13,11,12
12175,0,0,0,0,0,0,0,0,0,0,0,0,0,0,0,0,0,0,0,0,0
12176,10,12,11,11,6,7,9,12,13,12,12,7,7,9,11,12,10,9,4,5,7
12177,0,0,0,0,0,0,0,0,0,0,0,0,0,0,0,0,0,0,0,0,0
12178,0,0,0,0,0,0,0,0,0,0,0,0,0,0,0,0,0,0,0,0,0
12179,0,0,0,1,0,0,0,0,0,0,1,0,0,0,0,0,0,1,0,0,0
12180,1,2,1,0,0,0,0,1,2,1,0,0,0,0,1,2,1,0,0,0,0
12181,2,2,2,1,1,2,3,2,2,2,1,1,2,3,2,2,1,1,1,2,3
12182,0,0,0,0,0,0,0,0,0,0,0,0,0,0,0,0,0,0,0,0,0
12183,0,0,0,0,0,0,0,0,0,0,0,0,0,0,0,0,0,0,0,0,0
12184,0,0,0,0,0,0,0,0,0,0,0,0,0,0,0,0,0,0,0,0,0
12185,0,0,0,0,0,0,0,0,0,0,0,0,0,0,0,0,0,0,0,0,0
12186,0,0,0,0,0,0,0,0,0,0,0,0,0,0,0,0,0,0,0,0,0
12187,0,0,0,0,0,0,0,0,0,0,0,0,0,0,0,0,0,0,0,0,0
12188,2,2,2,2,2,2,2,2,2,2,2,2,2,2,2,2,2,2,2,2,2
12189,7,8,8,8,7,6,6,7,7,8,7,7,6,6,7,7,8,7,6,6,6
12190,2,2,2,2,2,2,2,2,2,2,2,2,2,2,2,2,2,2,2,2,2
12191,24,24,22,20,19,18,19,20,21,20,18,18,17,18,19,20,20,18,18,17,18
12192,1,1,0,0,0,0,0,0,1,1,1,0,0,1,1,1,1,1,0,0,1
12193,0,0,0,0,0,0,0,0,0,0,0,0,0,0,0,0,0,0,0,0,0
12194,0,0,0,0,0,0,0,0,0,0,0,0,0,0,0,0,0,0,0,0,0
12195,0,0,0,0,0,0,0,0,0,0,0,0,0,0,0,0,0,0,0,0,0
12196,0,0,1,0,0,0,0,0,0,1,0,0,0,0,0,0,1,0,0,0,0
12197,0,0,0,0,0,0,0,0,0,0,0,0,0,0,0,0,0,0,0,0,0
12198,0,0,0,0,0,0,0,0,0,0,0,0,0,0,0,0,0,0,0,0,0
12199,0,0,0,0,0,0,0,0,0,0,0,0,0,0,0,0,0,0,0,0,0
12200,0,0,0,0,0,0,0,0,0,0,0,0,0,0,0,0,0,0,0,0,0
12201,0,0,0,0,0,0,0,0,0,0,0,0,0,0,0,0,0,0,0,0,0
12202,0,0,0,0,0,0,0,0,0,0,0,0,0,0,0,0,0,0,0,0,0
12203,1,1,2,2,2,3,3,3,3,3,3,3,3,4,3,3,4,4,3,3,3
12204,1,0,0,0,0,0,0,1,0,0,0,0,0,0,1,0,0,0,0,1,0
12205,0,0,0,0,0,0,0,0,0,0,0,0,0,0,0,0,0,0,0,0,0
12206,1,1,1,0,1,1,1,1,1,1,0,1,1,1,1,1,0,0,1,1,1
12207,1,1,1,1,1,0,0,1,1,1,1,1,0,0,1,1,1,1,1,0,0
12208,2,2,2,2,2,1,2,2,2,2,2,2,1,2,2,2,2,2,2,1,2
12209,7,6,6,5,5,4,5,6,7,8,8,7,5,6,6,6,6,6,5,4,5
12210,2,2,2,2,2,2,1,2,2,2,2,2,2,1,2,2,2,2,2,2,1
12211,7,7,7,6,5,4,5,5,6,6,5,4,4,5,5,6,5,5,4,4,5
12212,4,4,5,4,3,4,4,4,4,5,4,3,4,4,4,4,4,4,3,4,4
12213,8,8,7,6,6,7,7,8,8,7,6,7,7,6,7,7,5,5,5,6,5
12214,3,4,4,3,3,3,3,3,4,4,3,3,3,3,3,4,4,3,3,3,3
12215,12,12,12,10,8,8,9,11,11,11,9,8,8,9,11,11,11,10,9,8,10
12216,1,1,1,1,1,1,1,1,1,1,1,1,1,1,1,1,1,1,1,1,1
12217,0,0,0,0,0,0,0,0,0,0,0,0,0,0,0,0,0,0,0,0,0
12218,0,0,0,0,0,0,0,0,0,0,0,0,0,0,0,0,0,0,0,0,0
12219,0,0,0,0,0,0,0,0,0,0,0,0,0,0,0,0,0,0,0,0,0
12220,0,0,0,0,0,0,0,0,0,0,0,0,0,0,0,0,0,0,0,0,0
12221,0,0,0,0,0,0,0,0,0,0,0,0,0,0,0,0,0,0,0,0,0
12222,0,0,0,0,0,0,0,0,0,0,0,0,0,0,0,0,0,0,0,0,0
12223,0,0,0,0,0,0,0,0,0,0,0,0,0,0,0,0,0,0,0,0,0
12224,0,0,1,1,0,0,0,0,1,1,0,0,0,0,0,1,1,1,0,0,1
12225,0,0,0,0,0,0,0,0,0,0,0,0,0,0,0,0,0,0,0,0,0
12226,0,0,0,0,0,0,0,0,0,0,0,0,0,0,0,0,0,0,0,0,0
12227,0,0,0,0,0,0,0,0,0,0,0,0,0,0,0,0,0,0,0,0,0
12228,0,0,0,0,0,0,0,0,0,0,0,0,0,0,0,0,0,0,0,0,0
12229,1,1,1,1,1,2,2,1,1,1,1,1,2,2,1,1,1,1,1,2,2
12230,0,0,0,0,0,0,0,0,1,0,0,0,0,0,0,0,0,0,0,0,0
12231,51,55,57,50,44,38,41,51,56,57,50,45,38,41,51,55,57,50,44,38,41
12232,0,0,0,0,0,0,0,0,0,0,0,0,0,0,0,0,0,0,0,0,0
12233,0,0,0,0,0,0,0,1,1,1,1,0,0,0,1,1,1,1,0,0,1
12234,1,1,0,0,0,0,0,0,0,0,0,0,0,0,0,0,0,0,0,0,0
12235,1,1,1,1,1,1,1,1,1,1,1,1,1,1,1,1,1,1,1,1,1
12236,4,4,4,4,4,4,3,4,4,4,4,4,4,3,4,4,4,4,4,4,3
12237,3,3,3,3,3,3,2,3,3,3,3,3,3,2,3,3,3,3,3,3,2
12238,0,0,0,0,0,1,0,0,0,0,0,0,1,0,0,0,0,0,0,1,0
12239,2,2,0,0,1,2,2,2,2,0,0,1,2,2,2,2,0,0,1,2,2
12240,8,9,8,7,6,6,6,8,9,7,7,6,6,6,8,9,8,7,6,6,6
12241,0,0,0,0,0,0,0,0,0,0,0,0,0,0,0,0,0,0,0,0,0
12242,0,0,0,0,0,0,0,0,0,0,0,0,0,0,0,0,0,0,0,0,0
12243,38,42,38,36,30,27,30,38,45,43,41,35,30,33,41,47,43,40,33,29,33
12244,4,5,6,7,5,1,1,2,4,6,7,5,1,1,2,4,6,7,5,1,1
12245,3,5,6,7,6,5,4,5,6,6,7,6,5,3,5,6,7,8,7,6,5
12246,0,0,0,0,0,0,0,0,0,0,0,0,0,0,0,0,0,0,0,0,0
12247,0,0,0,0,0,0,1,0,0,0,0,1,1,1,1,1,1,0,0,1,1
12248,6,5,5,5,4,5,5,6,6,5,5,4,5,5,6,5,5,5,5,5,6
12249,94,103,109,89,83,81,76,94,103,109,89,83,81,76,94,103,109,89,83,81,76
12250,2,2,2,1,0,1,1,2,2,2,1,0,1,1,2,2,2,1,0,1,1
12251,7,6,6,6,5,4,5,6,6,7,6,5,4,4,5,5,5,5,5,4,5
12252,6,6,6,5,4,4,4,4,5,5,5,4,3,3,4,4,5,4,4,3,3
12253,2,2,3,3,3,2,2,2,2,3,3,3,2,2,2,2,3,2,2,2,3
12254,6,6,5,5,4,4,4,4,4,5,4,4,4,4,4,4,5,4,4,4,4
12255,18,18,20,18,15,16,20,18,19,21,19,16,17,21,20,20,21,19,16,17,22
12256,15,13,20,20,20,14,15,16,14,21,22,21,16,16,17,14,21,21,20,15,16
12257,49,46,49,45,47,45,46,48,48,53,49,50,48,48,49,47,52,47,48,47,46
12258,0,0,0,0,0,0,0,0,0,0,0,0,0,0,0,0,0,0,0,0,0
12259,7,7,7,7,7,6,6,7,7,8,8,7,7,7,8,8,8,8,7,7,7
12260,15,14,13,11,10,8,8,9,10,11,10,10,8,8,9,10,11,10,9,8,8
12261,28,25,27,26,22,22,26,29,27,28,27,23,22,25,27,25,26,26,22,22,25
12262,10,9,8,7,6,6,6,7,7,7,6,5,5,5,6,6,6,5,4,5,5
12263,0,0,0,0,0,0,0,0,0,0,0,0,0,0,0,0,0,0,0,0,0
12264,2,2,1,1,1,1,1,1,1,1,1,1,1,1,1,1,1,1,1,1,2
12265,4,4,3,2,2,2,2,3,3,3,2,2,2,3,4,4,3,3,2,2,3
12266,3,2,2,2,2,2,2,3,2,2,2,2,2,2,3,2,2,2,2,2,2
12267,2,2,2,2,2,2,2,2,2,2,2,2,2,2,2,2,2,2,2,2,2
12268,3,3,3,2,2,2,2,2,2,2,2,2,2,2,1,2,2,2,1,1,2
12269,1,1,2,2,2,1,2,3,3,3,3,3,3,3,5,6,6,5,4,4,5
12270,0,0,0,0,0,0,0,0,0,0,0,0,0,0,0,0,0,0,0,0,0
12271,0,0,0,0,0,0,0,0,0,0,0,0,0,0,0,0,0,0,0,0,0
12272,0,0,0,0,0,0,0,0,0,0,0,0,0,0,0,0,0,0,0,0,0
12273,0,0,0,0,0,0,0,0,0,0,0,0,0,0,0,0,0,0,0,0,0
12274,0,1,1,0,0,0,0,0,1,1,0,0,0,0,0,1,1,0,0,0,0
12275,0,0,0,0,0,0,0,0,1,1,0,0,0,0,0,0,0,0,0,0,0
12276,3,4,6,7,7,8,8,9,10,10,11,10,10,12,13,14,13,12,10,9,10
12277,0,0,0,0,0,0,0,0,0,0,0,0,0,0,0,0,0,0,0,0,0
12278,0,1,1,1,1,1,0,0,1,1,1,1,1,0,0,1,1,1,1,1,0
12279,1,1,1,1,0,0,1,1,1,1,1,0,0,1,1,1,1,1,0,0,1
12280,34,43,56,58,55,44,43,34,43,56,58,55,44,43,34,43,56,58,55,44,43
12281,27,30,40,37,37,29,25,27,30,40,37,37,29,25,27,30,40,37,37,29,25
12282,7,6,6,5,4,4,4,5,5,5,4,4,4,4,5,5,6,5,5,5,4
12283,3,0,0,3,3,4,3,3,0,0,3,3,4,3,3,0,0,3,3,4,3
12284,107,144,178,212,177,137,106,107,144,178,212,177,137,106,107,144,178,212,177,137,106
12285,704,783,912,840,732,622,524,704,783,912,840,732,622,524,704,783,912,840,732,622,524
12286,727,805,913,836,736,629,557,730,815,921,842,741,631,557,730,813,921,841,741,633,561
12287,7,12,13,13,9,5,4,7,12,11,12,8,4,3,6,9,10,12,9,5,5
12288,0,0,0,0,0,0,0,0,0,0,0,0,0,0,0,0,0,0,0,0,0
12289,6,5,5,4,4,5,6,6,5,5,4,4,5,6,6,5,5,4,4,5,6
12290,2,2,2,2,2,2,2,2,2,2,2,2,2,2,2,2,2,2,2,2,2
12291,92,81,77,65,59,56,70,91,84,82,71,65,60,72,93,84,80,67,61,58,72
12292,2,2,2,2,2,1,2,2,2,2,2,2,1,2,2,2,2,3,2,2,2
12293,2,1,1,1,1,1,1,2,2,2,2,1,1,1,2,2,1,1,1,1,1
12294,10,11,9,9,9,9,9,10,11,9,9,9,9,9,10,11,9,9,9,9,9
12295,2,2,2,2,1,1,1,2,2,2,2,1,1,1,2,2,2,2,1,1,2
12296,6,5,4,3,3,3,3,4,4,4,3,3,3,4,5,5,5,4,3,4,5
12297,2,2,2,3,2,2,2,2,2,2,3,3,2,2,2,2,2,3,3,2,2
12298,6,6,6,6,5,5,5,6,6,6,6,5,5,5,6,6,6,6,5,5,5
12299,275,247,256,213,200,192,209,267,253,265,222,207,195,209,261,243,256,217,206,198,215
12300,39,38,30,26,26,29,33,35,35,29,25,25,28,32,34,35,28,24,25,28,32
12301,12,7,7,6,5,5,5,11,6,6,5,4,4,4,10,6,6,6,5,5,5
12302,41,36,29,33,33,32,36,41,36,29,33,33,32,36,41,36,29,33,33,32,36
12303,1,0,1,0,0,0,0,1,0,1,0,0,0,0,1,0,1,0,0,0,0
12304,180,206,219,249,204,182,163,197,227,224,246,201,175,151,182,213,219,247,205,183,162
12305,0,0,0,0,0,0,0,0,0,0,0,0,0,0,0,0,0,0,0,0,0
12306,62,75,59,53,41,38,50,62,75,59,53,41,38,50,62,75,59,53,41,38,50
12307,0,0,0,0,0,0,0,0,0,0,0,0,0,0,0,0,0,0,0,0,0
12308,61,68,71,91,73,69,58,61,68,71,91,73,69,58,61,68,71,91,73,69,58
12309,0,0,0,0,0,0,0,0,0,0,0,0,0,0,0,0,0,0,0,0,0
12310,0,0,0,0,0,0,0,0,0,0,0,0,0,0,0,0,0,0,0,0,0
12311,1,1,0,0,1,0,1,1,1,0,0,1,0,1,1,1,0,0,1,0,1
12312,0,0,0,0,0,0,0,0,0,0,0,0,0,0,0,0,0,0,0,0,0
12313,0,0,0,0,0,0,0,0,0,0,0,0,0,0,0,0,0,0,0,0,0
12314,0,0,0,0,0,0,0,0,0,0,0,0,0,0,0,0,0,0,0,0,0
12315,0,0,0,0,0,0,0,0,0,0,0,0,0,0,0,0,0,0,0,0,0
12316,0,0,0,0,0,0,0,0,0,0,0,0,0,0,0,0,0,0,0,0,0
12317,0,0,0,0,0,0,0,0,0,0,0,0,0,0,0,0,0,0,0,0,0
12318,0,0,0,0,0,0,0,0,0,0,0,0,0,0,0,0,0,0,0,0,0
12319,0,0,0,0,0,0,0,0,0,0,0,0,0,0,0,0,0,0,0,0,0
12320,0,0,0,0,0,0,0,0,0,0,0,0,0,0,0,0,0,0,0,0,0
12321,0,7,8,5,5,0,0,0,7,8,5,5,0,0,0,7,8,5,5,0,0
12322,0,0,0,0,0,0,0,0,0,0,0,0,0,0,0,0,0,0,0,0,0
12323,0,0,0,0,0,0,0,0,0,0,0,0,0,0,0,0,0,0,0,0,0
12324,1,2,2,2,2,2,3,5,8,6,3,2,1,1,3,5,5,3,2,2,2
12325,0,1,1,2,2,2,2,2,2,2,2,2,2,2,1,2,2,2,2,2,2
12326,0,0,0,0,0,0,0,0,0,0,0,0,0,0,0,0,0,0,0,0,0
12327,0,0,0,0,0,0,0,0,0,0,0,0,0,0,0,0,0,0,0,0,0
12328,31,1,0,0,0,0,1,30,1,0,0,0,0,1,30,1,0,0,0,0,1
12329,6,3,10,8,7,0,3,6,3,10,8,7,0,3,6,3,10,8,7,0,3
12330,0,0,0,0,0,0,0,0,0,0,0,0,0,0,0,0,0,0,0,1,1
12331,0,0,0,0,0,0,0,0,0,0,0,0,0,0,0,0,0,0,0,0,0
12332,17,17,17,28,8,2,13,17,17,17,28,8,2,13,17,17,17,28,8,2,13
12333,0,0,0,0,3,3,2,0,0,0,0,3,3,2,0,0,0,0,3,3,2
12334,694,775,876,724,638,587,545,694,775,876,724,638,587,545,694,775,876,724,638,587,545
12335,708,696,804,493,442,696,667,789,733,779,440,387,626,607,766,750,831,504,449,714,739
12336,772,873,961,528,420,649,629,777,876,946,507,403,625,605,762,857,930,498,398,631,614
12337,434,501,526,477,418,340,347,461,540,556,496,427,334,328,428,507,536,484,423,339,338
12338,165,186,192,183,138,110,122,161,188,185,171,131,102,109,142,164,166,154,119,98,109
12339,76,90,113,105,93,86,75,76,97,122,113,102,91,79,81,99,121,109,97,90,81
12340,40,46,43,58,45,32,25,36,48,52,71,56,40,33,46,60,60,73,57,42,35
12341,51,50,53,46,38,33,43,63,72,67,48,35,26,27,33,34,42,42,40,35,39
12342,117,128,148,145,135,111,112,117,130,146,141,135,110,110,116,130,149,144,138,117,120
12343,0,0,0,0,0,0,0,0,0,0,0,0,0,0,1,2,4,2,1,0,0
12344,14,11,3,1,4,5,14,14,11,3,1,4,5,14,14,11,3,1,4,5,14
12345,26,26,23,18,18,32,27,26,26,23,18,18,32,27,26,26,23,18,18,32,27
12346,9,14,11,29,24,5,6,9,14,11,29,24,5,6,9,14,11,29,24,5,6
12347,231,234,267,259,224,215,233,257,250,248,221,192,176,186,219,231,258,248,220,213,231
12348,152,178,186,178,146,127,134,153,173,171,157,135,117,123,143,168,171,159,137,124,134
12349,42,43,45,38,28,24,39,75,82,59,34,18,11,14,31,33,38,39,30,22,25
12350,98,94,94,75,70,71,79,98,94,94,75,70,71,79,98,94,94,75,70,71,79
12351,27,28,24,20,17,15,18,29,34,29,23,17,14,14,21,23,19,17,16,16,17
12352,97,96,91,90,80,77,86,104,108,99,91,81,73,81,98,101,92,85,77,74,83
12353,9,1,0,4,0,0,0,9,1,0,4,0,0,0,9,1,0,4,0,0,0
12354,0,3,0,0,0,0,0,0,3,0,0,0,0,0,0,3,0,0,0,0,0
12355,3,2,2,0,0,4,2,3,2,2,0,0,4,2,3,2,2,0,0,4,2
12356,0,0,0,0,0,0,0,0,0,0,0,0,0,0,0,0,0,0,0,0,0
12357,4,4,4,0,0,5,4,4,4,4,0,0,5,4,4,4,4,0,0,5,4
12358,0,0,0,0,0,0,0,0,0,0,0,0,0,0,0,0,0,0,0,0,0
12359,0,0,0,0,0,0,0,0,0,0,0,0,0,0,0,0,0,0,0,0,0
12360,0,0,0,0,0,0,0,0,0,0,0,0,0,0,0,0,0,0,0,0,0
12361,0,0,0,2,0,0,0,0,0,0,2,0,0,0,0,0,0,2,0,0,0
12362,0,0,0,0,0,0,0,0,0,0,0,0,0,0,0,0,0,0,0,0,0
12363,0,0,0,0,0,0,0,0,0,0,0,0,0,0,0,0,0,0,0,0,0
12364,633,732,764,17,34,377,358,633,732,764,17,34,377,358,633,732,764,17,34,377,358
12365,0,0,0,0,0,0,0,0,0,0,0,0,0,0,0,0,0,0,0,0,0
12366,8,9,8,8,7,6,6,8,9,8,8,7,6,6,8,9,8,8,7,6,6
12367,1,1,1,1,1,1,1,1,1,1,1,1,1,1,1,1,1,1,1,1,1
12368,5,6,6,5,5,4,4,5,6,6,5,5,4,4,5,6,6,5,5,4,4
12369,1,1,1,1,1,1,1,1,1,1,1,1,1,1,1,1,1,1,1,1,1
12370,2,3,3,2,2,2,2,2,3,3,2,2,2,2,2,3,3,2,2,2,2
12371,0,0,0,0,0,0,0,0,0,0,0,0,0,0,0,0,0,0,0,0,0
12372,5,5,5,5,4,4,4,5,5,5,5,4,4,4,5,5,5,5,4,4,4
12373,2,2,2,1,1,1,1,2,2,2,1,1,1,1,2,2,2,1,1,1,1
12374,6,8,6,7,6,6,5,6,8,6,6,6,5,5,6,8,6,6,6,5,5
12375,23,24,23,22,21,20,22,24,25,25,23,21,21,22,24,24,23,22,20,19,20
12376,37,42,42,37,33,27,27,37,42,42,37,33,27,27,37,42,42,37,33,27,27
12377,7,6,6,6,6,6,6,7,6,6,6,6,6,6,7,6,6,6,6,6,6
12378,1,1,1,1,1,1,1,1,1,1,1,1,1,1,1,1,1,1,1,1,1
12379,1,1,1,1,1,0,0,1,1,1,1,1,0,0,1,1,1,1,1,0,0
12380,0,0,0,0,0,0,0,0,0,0,0,0,0,0,0,0,0,0,0,0,0
12381,0,0,0,0,0,0,0,0,0,0,0,0,0,0,0,0,0,0,0,0,0
12382,0,0,0,0,0,0,0,0,0,0,0,0,0,0,0,0,0,0,0,0,0
12383,0,0,0,0,0,0,0,0,0,0,0,0,0,0,0,0,0,0,0,0,0
12384,0,0,0,0,0,0,0,0,0,0,0,0,0,0,0,0,0,0,0,0,0
12385,0,0,0,0,0,0,0,0,0,0,0,0,0,0,0,0,0,0,0,0,0
12386,0,0,0,0,0,0,0,0,0,0,0,0,0,0,0,0,0,0,0,0,0
12387,0,0,0,0,0,0,0,0,0,0,0,0,0,0,0,0,0,0,0,0,0
12388,0,0,0,0,0,0,0,0,0,0,0,0,0,0,0,0,0,0,0,0,0
12389,0,0,0,0,0,0,0,0,0,0,0,0,0,0,0,0,0,0,0,0,0
12390,14,16,18,18,16,13,13,14,15,17,18,16,13,13,13,15,17,18,16,13,13
12391,24,28,27,21,15,13,15,22,30,31,26,19,17,18,25,30,29,23,16,15,16
12392,19,23,26,23,19,16,15,20,26,30,28,22,19,18,22,26,28,24,20,18,17
12393,0,0,0,0,0,0,0,0,0,0,0,0,0,0,0,0,0,0,0,0,0
12394,3,4,5,4,3,3,3,3,3,2,2,1,1,2,2,2,2,2,1,1,2
12395,1,1,1,1,0,1,1,1,1,0,0,0,0,0,1,1,1,0,0,1,1
12396,1,1,1,1,1,1,1,1,1,1,1,1,1,1,1,1,1,1,1,1,1
12397,0,0,0,0,0,0,1,0,0,0,0,0,1,1,0,0,0,0,0,0,1
12398,0,0,0,0,0,0,0,0,0,0,0,0,0,0,0,0,0,0,0,0,0
12399,0,0,0,0,0,0,0,0,0,0,0,0,0,0,0,0,0,0,0,0,0
12400,0,0,0,0,0,0,0,0,0,0,0,0,0,0,0,0,0,0,0,0,0
12401,2,2,1,1,1,1,1,1,1,1,1,1,1,1,2,2,1,1,1,1,2
12402,0,0,0,0,0,0,0,0,0,0,0,0,0,0,0,0,0,0,0,0,0
12403,1,2,2,2,2,2,3,3,3,3,2,2,2,1,1,1,1,1,1,1,2
12404,14,19,24,25,18,14,13,14,19,24,25,18,14,13,14,19,24,25,18,15,13
12405,7,8,10,9,9,7,7,7,8,10,9,9,7,7,7,8,10,9,9,7,7
12406,6,6,4,7,6,5,4,6,6,4,7,6,5,4,6,6,4,7,6,5,4
12407,0,0,0,0,0,0,0,0,0,0,0,0,0,0,0,0,0,0,0,0,0
12408,0,0,0,0,0,0,0,0,0,0,0,0,0,0,0,0,0,0,0,0,0
12409,1,0,0,0,0,0,0,1,0,0,0,0,0,0,1,0,0,0,0,0,0
12410,0,0,0,0,0,0,0,0,0,0,0,0,0,0,0,0,0,0,0,0,0
12411,1,1,1,1,1,1,1,1,1,1,1,1,1,1,1,1,1,1,1,1,1
12412,2,2,2,2,2,2,2,2,2,2,2,2,2,2,2,2,2,2,2,2,2
12413,10,11,10,10,10,11,11,10,11,10,10,10,11,11,10,11,10,10,10,11,11
12414,18,17,16,14,12,12,14,19,22,22,20,18,17,19,24,23,21,17,15,15,17
12415,4,4,3,3,1,1,1,4,4,3,3,1,1,1,4,4,3,3,1,1,1
12416,7,8,9,35,34,28,5,7,8,9,35,34,28,5,7,8,10,35,34,29,6
12417,9,9,11,10,8,7,6,7,8,11,10,8,7,6,6,7,9,9,7,6,6
12418,0,1,1,1,1,0,0,0,1,1,1,1,0,0,0,1,1,1,1,0,0
12419,3,2,3,2,2,2,3,3,2,3,2,2,2,3,3,2,3,2,2,2,3
12420,0,0,0,0,0,0,0,0,0,0,0,0,0,0,0,0,0,0,0,0,0
12421,0,0,0,0,0,0,0,0,0,0,0,0,0,0,0,0,0,0,0,0,0
12422,2,2,2,2,2,2,2,2,2,2,2,2,2,2,2,2,2,2,2,2,2
12423,34,37,39,37,34,31,32,35,37,39,37,34,31,32,35,38,40,38,34,32,32
12424,299,320,370,352,298,279,245,300,319,367,348,295,276,243,299,320,371,352,299,280,247
12425,5,6,6,6,5,4,5,5,6,6,6,5,4,5,5,6,6,6,5,4,5
12426,16,22,20,18,15,16,15,16,22,20,18,15,16,15,16,22,20,18,15,16,15
12427,709,771,876,801,702,594,546,709,771,876,801,702,594,546,709,771,876,801,702,594,547
12428,1,2,2,2,2,1,1,1,2,2,2,2,1,1,1,2,2,2,2,1,1
12429,16,19,18,16,14,12,14,16,19,18,16,14,12,13,16,19,18,16,14,12,14
12430,29,30,30,27,24,22,21,27,29,28,25,23,21,21,27,28,28,25,23,21,20
12431,10,13,11,10,8,8,7,10,13,11,10,8,8,7,10,13,11,10,8,8,7
12432,15,19,18,16,14,14,15,15,19,18,16,14,14,15,15,19,18,16,15,14,15
12433,86,97,97,90,76,66,68,86,95,92,83,70,62,65,83,93,92,84,72,64,66
12434,22,22,22,20,18,19,22,22,21,22,20,18,19,22,22,21,22,20,18,19,22
12435,51,60,73,65,58,42,43,52,61,73,64,57,41,42,51,60,73,64,58,42,42
12436,2,2,2,2,1,1,1,2,2,2,2,1,1,1,2,2,2,2,1,1,1
12437,17,18,20,20,18,16,15,17,19,19,19,16,15,14,17,19,20,21,18,16,15
12438,1,1,1,1,1,1,0,1,1,1,1,1,1,0,1,1,1,1,1,1,0
12439,95,99,103,93,88,79,83,93,94,95,85,82,73,79,94,97,101,92,87,78,81
12440,30,32,32,28,24,21,23,28,33,34,31,27,23,25,29,33,32,28,24,21,23
12441,3,3,3,3,3,2,2,3,3,3,3,3,2,2,3,3,3,3,3,2,2
12442,213,235,247,199,179,166,177,208,236,250,201,180,165,175,204,233,251,206,185,171,181
12443,3,4,4,4,3,3,3,3,4,4,4,3,3,3,3,4,4,4,3,3,3
12444,6,6,6,5,5,4,4,6,6,6,5,5,4,4,6,6,7,6,5,4,5
12445,1,1,1,1,1,1,1,1,1,1,1,1,1,1,1,1,1,1,1,1,1
12446,5,5,5,5,4,4,4,5,5,6,5,4,3,4,5,5,6,5,4,3,4
12447,1,1,1,1,1,1,1,1,1,1,1,1,1,1,1,1,1,1,1,1,1
12448,1,1,1,1,1,1,1,1,1,1,1,1,1,1,1,1,1,1,1,1,1
12449,0,0,0,0,0,0,0,0,0,0,0,0,0,0,0,0,0,0,0,0,0
12450,0,0,0,0,0,0,0,0,0,0,0,0,0,0,0,0,0,0,0,0,0
12451,0,0,0,0,0,0,0,0,0,0,0,0,0,0,0,0,0,0,0,0,0
12452,0,0,0,0,0,0,0,0,0,0,0,0,0,0,0,0,0,0,0,0,0
12453,0,0,0,0,0,0,0,0,0,0,0,0,0,0,0,0,0,0,0,0,0
12454,0,0,0,0,0,0,0,0,0,0,0,0,0,0,0,0,0,0,0,0,0
12455,1,2,2,1,1,1,1,1,1,1,1,1,1,1,2,2,2,2,2,2,2
12456,0,0,0,0,0,0,0,0,0,0,0,0,0,0,0,0,0,0,0,0,0
12457,0,0,0,0,0,0,0,0,0,0,0,0,0,0,0,0,0,0,0,0,0
12458,0,0,0,0,0,0,0,0,0,0,0,0,0,0,0,0,0,0,0,0,0
12459,1,1,1,1,1,0,0,1,1,1,1,0,0,0,1,1,1,1,1,1,1
12460,3,3,3,3,2,2,3,3,3,3,3,2,2,2,3,3,2,2,2,2,2
12461,0,0,0,0,0,0,0,0,0,0,0,0,0,0,0,0,0,0,0,0,0
12462,2,2,2,2,2,1,1,2,2,2,2,2,1,1,2,2,2,2,2,1,1
12463,1,1,0,0,0,0,1,0,1,0,0,0,0,1,0,1,0,0,0,0,1
12464,3,4,4,3,2,2,2,3,4,4,3,2,2,2,3,4,4,3,2,2,3
12465,1,2,3,3,3,3,1,1,2,3,3,3,3,1,1,2,3,3,3,3,1
12466,14,14,12,9,9,9,13,15,15,12,9,9,9,14,16,15,13,9,9,9,13
12467,0,0,0,0,0,0,0,0,0,0,0,0,0,0,0,0,0,0,0,0,0
12468,0,0,0,0,0,0,0,0,0,0,0,0,0,0,0,0,0,0,0,0,0
12469,2,2,2,2,2,2,2,2,2,2,2,2,1,1,2,2,2,2,2,1,1
12470,2,3,5,3,2,2,1,2,3,5,3,2,2,1,2,3,5,3,2,2,1
12471,0,0,0,0,0,0,0,0,0,0,0,0,0,0,0,0,0,0,0,0,0
12472,3,3,3,2,2,1,1,2,2,2,2,1,1,1,2,2,2,2,2,1,1
12473,14,14,12,9,7,6,6,9,11,13,11,8,6,6,8,8,8,7,6,5,5
12474,12,14,16,14,11,8,9,12,15,17,16,13,10,10,13,15,16,15,12,9,10
12475,11,11,11,10,6,5,5,7,9,11,10,6,4,4,6,8,9,8,5,4,5
12476,4,5,5,4,3,3,2,4,5,5,4,3,3,3,4,5,5,5,4,4,3
12477,1,1,1,1,1,1,1,1,1,1,1,1,1,1,1,1,1,2,2,1,1
12478,3,4,4,4,3,2,3,3,4,4,4,3,2,3,2,3,4,4,3,2,3
12479,0,0,0,0,0,0,0,0,0,0,0,0,0,0,0,0,0,0,0,0,0
12480,0,0,0,0,0,0,0,0,0,0,0,0,0,0,0,0,0,0,0,0,0
12481,0,0,0,0,0,0,0,0,0,0,0,0,0,0,0,0,0,0,0,0,0
12482,0,0,0,1,0,0,0,0,0,0,1,0,0,0,0,0,0,1,0,0,0
12483,1,2,2,2,1,1,1,2,2,2,2,1,1,1,2,2,2,2,2,2,2
12484,0,0,0,0,0,0,0,0,0,0,0,0,0,0,0,0,0,0,0,0,0
12485,25,26,26,24,22,19,20,24,25,25,23,21,19,19,24,24,25,23,21,19,19
12486,3,4,3,3,3,3,3,3,4,3,3,3,3,3,3,4,3,3,3,3,3
12487,5,6,7,6,5,5,5,5,6,7,6,5,5,5,5,6,7,6,5,5,5
12488,0,0,0,0,0,0,0,0,0,0,0,0,0,0,0,0,0,0,0,0,0
12489,0,0,0,0,0,0,0,0,0,0,0,0,0,0,0,0,0,0,0,0,0
12490,0,0,0,0,0,0,0,0,0,0,0,0,0,0,0,0,0,0,0,0,0
12491,264,265,281,270,233,203,225,251,256,267,251,219,190,215,247,263,283,271,239,213,240
12492,0,1,0,0,0,0,0,0,1,0,0,0,0,0,0,1,0,0,0,0,0
12493,1,1,1,1,1,1,1,1,1,1,1,1,1,1,1,1,1,1,1,1,1
12494,8,7,8,6,6,6,7,10,10,10,7,6,7,7,10,9,9,7,5,6,6
12495,45,48,45,41,34,30,37,45,48,46,42,34,30,36,43,46,43,40,33,30,36
12496,72,81,82,83,66,57,60,73,83,84,84,67,58,59,71,81,82,83,66,58,60
12497,96,106,101,89,76,71,86,105,119,112,98,83,76,89,108,119,112,95,78,71,83
12498,1,0,0,0,0,0,0,1,0,0,0,0,0,0,1,0,0,0,0,0,0
12499,23,23,20,17,16,15,15,20,21,20,18,16,15,15,19,20,18,16,15,15,16
12500,15,18,19,17,16,12,14,15,18,19,17,16,12,14,15,18,19,17,16,12,14
12501,0,0,0,0,0,0,0,0,0,0,0,0,0,0,0,0,0,0,0,0,0
12502,0,0,0,0,0,0,0,0,1,1,1,1,1,1,1,1,1,1,1,1,1
12503,0,0,0,0,0,0,0,0,0,0,0,0,0,0,0,0,0,0,0,0,0
12504,0,0,0,0,0,0,0,0,0,0,0,0,0,0,0,0,0,0,0,0,0
12505,0,0,0,0,0,0,0,0,0,0,0,0,0,0,0,0,0,0,0,0,0
12506,0,0,0,0,0,0,0,0,0,0,0,0,0,0,0,0,0,0,0,0,0
12507,0,0,0,0,0,0,0,0,0,0,0,0,0,0,0,0,0,0,0,0,0
12508,2,2,2,2,2,2,3,2,2,2,2,2,2,3,2,2,2,2,2,2,3
12509,0,0,0,0,0,0,0,0,0,0,0,0,0,0,0,0,0,0,0,0,0
12510,0,0,0,0,0,0,0,0,0,0,0,0,0,0,0,0,0,0,0,0,0
12511,1,1,1,1,1,1,1,1,1,1,1,1,1,1,1,1,1,1,1,1,1
12512,0,0,0,0,0,0,0,0,0,0,0,0,0,0,0,0,0,0,0,0,0
12513,0,0,0,0,0,0,0,0,0,0,0,0,0,0,0,0,0,0,0,0,0
12514,0,0,0,0,0,0,0,0,0,0,0,0,0,0,0,0,0,0,0,0,0
12515,0,0,0,0,0,0,0,0,0,0,0,0,0,0,0,0,0,0,0,0,0
12516,39,44,53,55,46,38,39,41,49,58,61,51,43,42,43,48,55,56,46,38,38
12517,28,28,28,28,25,21,19,24,28,32,33,30,25,22,23,23,25,25,24,20,18
12518,230,253,289,279,226,190,164,224,258,296,284,230,191,160,212,239,277,267,217,181,152
12519,2,1,2,2,2,1,1,2,1,2,2,2,1,1,2,1,2,2,2,1,1
12520,58,64,68,66,61,51,49,61,71,77,75,68,56,52,60,65,68,64,58,47,44
12521,0,0,0,0,0,0,0,0,0,0,0,0,0,0,0,0,0,0,0,0,0
12522,0,0,0,0,0,0,0,0,0,0,0,0,0,0,0,0,0,0,0,0,0
12523,0,0,0,0,0,0,0,0,0,0,0,0,0,0,0,0,0,0,0,0,0
12524,0,0,0,0,0,0,0,0,0,0,0,0,0,0,0,0,0,0,0,0,0
12525,8,10,10,9,8,7,7,8,10,11,9,9,7,7,8,10,10,9,8,7,6
12526,4,5,5,5,4,4,4,4,5,5,4,4,4,4,3,5,5,4,4,4,4
12527,2,2,2,1,1,1,1,2,2,2,2,2,2,2,2,2,2,1,1,1,2
12528,0,0,0,0,0,0,0,0,0,0,0,0,0,0,0,0,0,0,0,0,0
12529,37,34,36,36,33,31,32,38,35,36,36,32,30,31,37,34,36,35,32,30,31
12530,2,2,3,2,2,2,2,3,4,4,4,4,3,3,3,3,3,2,2,2,2
12531,5,4,5,4,3,4,3,5,4,5,4,3,4,3,5,4,5,4,3,4,3
12532,0,0,0,0,0,0,0,0,0,0,0,0,0,0,0,0,0,0,0,0,0
12533,2,2,2,2,1,1,2,2,2,2,2,1,2,2,2,2,2,2,1,2,2
12534,1,1,1,1,1,1,1,1,1,1,1,1,1,1,1,1,1,1,1,1,1
12535,0,0,0,0,0,0,0,0,0,0,0,0,0,0,0,0,0,0,0,0,0
12536,0,0,0,0,0,0,0,0,0,0,0,0,0,0,0,0,0,0,0,0,0
12537,1,2,2,2,1,1,1,2,2,2,2,2,2,2,2,2,2,2,2,2,2
12538,13,18,16,11,6,6,7,13,19,17,12,6,5,6,12,17,16,11,5,5,6
12539,3,3,4,4,3,2,2,3,4,4,4,3,2,2,3,4,4,4,3,2,2
12540,3,4,4,4,4,3,3,3,4,4,4,4,4,3,4,5,5,5,4,4,3
12541,0,0,0,0,0,0,0,0,0,0,0,0,0,0,0,0,0,0,0,0,0
12542,0,0,0,0,0,0,0,0,0,0,0,0,0,0,0,0,0,0,0,0,0
12543,0,0,0,0,0,0,0,0,0,0,0,0,0,0,0,0,0,0,0,0,0
12544,0,0,0,0,0,0,0,0,0,0,0,0,0,0,0,0,0,0,0,0,0
12545,0,0,0,0,0,0,0,0,0,0,0,0,0,0,0,0,0,0,0,0,0
12546,0,0,0,0,0,0,0,0,0,0,0,0,0,0,0,0,0,0,0,0,0
12547,30,31,31,27,22,21,20,26,28,31,26,21,20,19,26,28,31,26,21,20,19
12548,14,14,15,15,14,13,13,14,14,15,15,14,13,13,14,14,15,15,14,13,13
12549,42,53,54,49,35,32,29,42,52,53,48,34,32,29,42,52,53,48,34,32,29
12550,21,22,20,18,17,18,17,22,23,21,19,18,18,16,21,22,20,19,18,19,18
12551,8,11,21,9,7,5,9,8,11,21,9,7,5,9,8,11,21,9,7,5,9
12552,3,10,6,10,7,7,6,3,10,6,10,7,7,6,2,10,6,10,7,7,5
12553,10,10,4,2,6,6,4,9,11,6,4,8,7,6,11,15,10,8,11,9,7
12554,17,16,18,17,16,20,20,17,16,18,17,16,20,20,17,16,18,17,16,20,20
12555,19,17,16,13,4,11,14,19,17,16,13,4,11,14,19,17,16,13,4,11,14
12556,12,14,15,20,7,7,7,12,14,15,20,7,7,7,12,14,15,20,7,7,7
12557,42,36,38,24,26,29,40,42,36,38,24,26,29,40,42,36,38,24,26,29,40
12558,40,42,37,27,32,32,33,40,42,37,27,32,32,33,40,42,37,27,32,32,33
12559,49,40,36,34,39,39,49,49,40,36,34,39,39,49,49,40,36,34,39,39,49
12560,4,3,4,6,6,5,4,4,3,4,6,6,5,4,4,3,4,6,6,5,4
12561,0,0,0,0,0,0,0,0,0,0,0,0,0,0,0,0,0,0,0,0,0
12562,0,0,0,0,0,0,0,0,0,0,0,0,0,0,0,0,0,0,0,0,0
12563,3,3,3,2,2,3,2,3,2,2,2,2,2,2,3,2,2,2,2,2,2
12564,0,0,0,0,0,0,0,0,0,0,0,0,0,0,0,0,0,0,0,0,0
12565,9,5,5,12,12,9,10,9,5,5,12,12,9,10,9,5,5,12,12,9,10
12566,0,0,0,1,1,0,0,0,0,0,1,1,0,0,0,0,0,0,0,0,0
12567,1,2,2,2,2,2,1,1,2,2,2,2,2,1,1,2,2,2,2,2,1
12568,5,5,3,3,2,1,1,5,7,7,6,3,2,2,4,4,3,3,1,1,1
12569,0,0,0,0,0,0,0,0,0,0,0,0,0,0,0,0,0,0,0,0,0
12570,0,0,0,0,0,0,0,0,0,0,0,0,0,0,0,0,0,0,0,0,0
12571,0,0,0,0,0,0,0,0,0,0,0,0,0,0,0,0,0,0,0,0,0
12572,0,0,0,0,0,0,0,0,0,0,0,0,0,0,0,0,0,0,0,0,0
12573,0,0,0,0,0,0,0,0,0,0,0,0,0,0,0,0,0,0,0,0,0
12574,5,7,14,6,3,8,9,7,11,20,12,8,11,10,8,9,11,3,3,8,9
12575,0,0,0,0,0,0,0,0,0,0,0,0,0,0,0,0,0,0,0,0,0
12576,0,0,0,0,3,0,3,0,0,0,0,3,0,3,0,0,0,0,3,0,3
12577,0,0,0,0,0,0,0,0,0,0,0,0,0,0,0,0,0,0,0,0,0
12578,0,0,0,0,0,0,0,0,0,0,0,0,0,0,0,0,0,0,0,0,0
12579,0,0,0,0,0,0,0,0,0,0,0,0,0,0,0,0,0,0,0,0,0
12580,1,2,3,2,1,1,2,1,2,3,2,1,1,2,1,2,3,2,1,1,2
12581,2,3,4,3,3,2,3,4,5,5,5,4,4,4,6,7,6,5,4,4,5
12582,0,0,0,0,0,0,0,0,0,0,0,0,0,0,0,0,0,0,0,0,0
12583,0,0,0,0,0,0,0,0,0,0,0,0,0,0,0,0,0,0,0,0,0
12584,0,0,0,0,0,0,0,0,0,0,0,0,0,0,0,0,0,0,0,0,0
12585,1,1,1,1,1,1,1,1,1,1,1,1,1,1,1,1,1,1,1,1,1
12586,25,22,19,18,17,16,19,21,21,20,20,19,17,20,22,22,21,20,20,18,21
12587,5,5,5,4,3,3,4,4,4,4,4,3,3,4,5,5,5,4,3,3,4
12588,10,10,8,6,5,5,6,7,7,7,6,5,5,6,8,9,8,7,6,6,7
12589,1,1,1,1,1,1,1,1,2,1,2,1,1,1,2,2,2,2,1,1,1
12590,1,1,1,1,1,1,1,1,1,1,1,1,1,1,1,1,1,1,1,1,1
12591,0,0,0,0,0,0,0,0,0,0,0,0,0,0,0,0,0,0,0,0,0
12592,25,24,22,21,19,20,22,26,27,26,25,25,26,27,29,27,23,21,20,20,24
12593,18,19,17,14,14,13,15,18,18,16,13,13,12,14,17,18,16,13,13,12,14
12594,14,14,12,11,10,9,9,12,13,13,12,10,9,9,11,11,11,10,9,8,9
12595,2,2,2,2,2,2,1,2,2,2,2,2,2,1,2,2,2,2,2,2,1
12596,4,4,3,2,2,2,3,4,4,3,2,2,2,3,4,4,3,2,2,2,3
12597,1,1,1,1,0,0,0,1,1,1,1,0,0,0,1,1,1,1,0,0,0
12598,1,1,1,1,1,1,1,1,1,1,1,1,1,1,1,1,1,1,1,1,1
12599,2,2,2,2,1,1,1,2,2,2,2,1,1,1,2,2,2,2,1,1,1
12600,2,3,3,3,2,1,2,2,3,3,2,2,1,2,2,3,3,2,2,1,2
12601,0,0,0,0,0,0,0,0,0,0,0,0,0,0,0,0,0,0,0,0,0
12602,0,0,0,0,0,0,0,0,0,0,0,0,0,0,0,0,0,0,0,0,0
12603,0,0,0,0,0,0,0,0,0,0,0,0,0,0,0,0,0,0,0,0,0
12604,1,1,1,1,1,1,1,1,1,1,1,1,1,1,1,1,1,1,1,1,1
12605,0,0,0,0,0,0,0,0,0,0,0,0,0,0,0,0,0,0,0,0,0
12606,0,0,0,0,0,0,0,0,0,0,0,0,0,0,0,0,0,0,0,0,0
12607,0,0,0,0,0,0,0,0,0,0,0,0,0,0,0,0,0,0,0,0,0
12608,0,0,0,0,0,0,0,0,0,0,0,0,0,0,0,0,0,0,0,0,0
12609,0,0,0,0,0,0,0,0,0,0,0,0,0,0,0,0,0,0,0,0,0
12610,0,1,0,0,0,0,0,0,1,0,0,0,0,0,0,1,0,0,0,0,0
12611,0,1,1,1,1,1,1,1,1,1,1,1,1,1,1,1,1,1,1,1,1
12612,1,1,1,1,1,1,1,1,1,1,1,1,1,1,1,1,1,1,1,1,1
12613,0,0,0,0,0,0,0,0,0,0,0,0,0,0,0,0,0,0,0,0,0
12614,0,0,0,0,0,0,0,0,0,0,0,0,0,0,0,0,0,0,0,0,0
12615,0,0,0,0,0,0,0,0,0,0,0,0,0,0,0,0,0,0,0,0,0
12616,0,0,0,0,0,0,0,0,0,0,0,0,0,0,0,0,0,0,0,0,0
12617,0,0,0,0,0,0,0,0,0,0,0,0,0,0,0,0,0,0,0,0,0
12618,0,0,0,0,0,0,0,0,0,0,0,0,0,0,0,0,0,0,0,0,0
12619,1,1,2,2,2,1,1,1,1,2,2,2,1,1,1,1,2,2,2,1,1
12620,5,6,6,7,6,5,5,6,7,7,8,7,5,4,6,6,7,7,6,5,4
12621,0,0,1,1,0,0,0,0,0,1,1,0,0,0,1,0,1,1,1,0,0
12622,29,35,37,35,30,26,26,31,39,41,39,34,29,28,33,39,39,36,31,28,28
12623,4,5,5,6,5,4,4,4,5,6,6,5,4,4,5,5,6,6,5,4,3
12624,5,5,5,4,4,3,3,4,5,5,4,4,3,3,5,5,5,4,4,4,4
12625,6,6,7,7,6,6,5,7,7,8,7,6,6,5,7,7,7,6,6,6,5
12626,28,31,39,37,30,29,22,27,32,41,39,32,30,23,28,32,39,37,30,29,22
12627,8,9,10,9,8,7,7,9,11,12,10,8,8,8,10,11,11,9,8,8,8
12628,5,7,9,8,7,6,6,6,7,9,8,7,6,5,6,7,9,8,7,6,6
12629,6,7,7,7,7,6,5,6,7,7,7,7,6,5,6,7,7,7,7,6,5
12630,2,4,4,4,3,2,2,2,4,4,4,3,2,2,2,4,4,4,3,2,2
12631,3,4,4,4,3,3,3,3,4,4,4,3,3,3,3,5,4,4,4,3,3
12632,1,1,0,0,1,1,1,1,1,0,0,1,1,1,1,1,0,0,1,1,1
12633,23,28,22,21,25,18,15,23,28,22,21,25,18,15,23,28,22,21,25,18,15
12634,0,0,0,0,0,0,0,0,0,0,0,0,0,0,0,0,0,0,0,0,0
12635,0,0,0,0,0,0,0,0,0,0,0,0,0,0,0,0,0,0,0,0,0
12636,3,3,2,2,2,1,1,2,2,2,2,2,1,1,2,2,2,2,2,2,2
12637,4,5,6,5,5,4,4,5,5,6,5,5,4,4,5,5,6,6,5,4,5
12638,2,2,2,2,2,1,1,2,2,2,2,2,1,1,2,2,2,2,2,1,1
12639,4,5,4,4,4,3,4,5,5,4,4,4,3,4,5,5,4,4,4,3,4
12640,6,8,9,7,6,5,4,6,8,9,7,6,5,4,6,8,9,7,6,5,4
12641,1,1,1,1,1,1,1,1,1,1,1,1,1,1,1,1,1,1,1,1,1
12642,3,3,3,3,3,2,2,3,3,3,3,3,2,2,3,3,3,3,3,2,2
12643,0,0,1,1,1,1,0,0,0,1,1,1,1,0,0,0,1,1,1,1,0
12644,1,1,1,1,1,0,1,1,1,1,1,1,0,1,1,1,1,1,1,0,1
12645,2,3,3,2,2,2,2,2,3,3,2,2,2,2,2,3,3,2,2,2,2
12646,6,6,6,5,5,5,5,6,6,6,5,5,5,5,6,6,6,5,5,5,5
12647,10,10,12,11,12,9,9,10,10,12,11,11,9,9,10,10,12,11,11,9,9
12648,0,0,0,0,0,0,0,0,0,0,0,0,0,0,0,0,0,0,0,0,0
12649,0,1,1,1,1,1,1,1,1,1,1,1,1,0,0,1,1,1,1,1,1
12650,315,276,422,438,402,365,349,315,276,422,438,402,365,349,315,276,422,438,402,365,349
12651,15,19,17,16,6,6,14,15,19,17,16,6,6,14,15,19,17,16,6,6,14
12652,136,183,212,198,157,123,118,142,187,207,186,147,113,113,145,198,221,199,158,128,128
12653,58,71,75,69,63,51,43,58,71,75,69,63,51,43,58,71,75,69,63,51,43
12654,121,123,122,91,105,96,100,120,123,122,91,105,96,100,120,123,122,91,105,96,100
12655,17,19,23,47,47,51,37,16,19,23,47,47,51,37,16,19,23,47,47,51,37
12656,9,6,9,14,14,12,12,9,6,9,14,14,12,12,9,6,9,14,14,12,12
12657,34,38,34,24,23,20,34,44,53,40,23,22,19,32,50,90,92,55,37,27,39
12658,24,0,0,0,0,0,0,23,0,0,0,0,0,0,23,0,0,0,0,0,0
12659,24,8,8,13,7,7,14,24,8,8,13,7,7,14,24,8,8,13,7,7,14
12660,0,0,0,0,0,0,0,0,0,0,0,0,0,0,0,0,0,0,0,0,0
12661,0,0,0,0,0,0,0,0,0,0,0,0,0,0,0,0,0,0,0,0,0
12662,0,0,0,0,0,0,0,0,0,0,0,0,0,0,0,0,0,0,0,0,0
12663,0,0,0,0,0,0,0,0,0,0,0,0,0,0,0,0,0,0,0,0,0
12664,16,19,23,19,11,11,13,18,23,29,24,14,13,13,15,18,22,18,11,11,13
12665,0,0,0,0,0,0,0,0,0,0,0,0,0,0,0,0,0,0,0,0,0
12666,0,0,0,0,0,0,0,0,0,0,0,0,0,0,0,0,0,0,0,0,0
12667,1,1,3,4,3,1,1,1,1,3,4,3,1,1,1,1,3,4,3,1,1
12668,27,27,28,26,22,20,22,25,26,25,22,20,19,22,27,29,30,28,24,22,24
12669,0,0,0,0,0,0,0,0,0,0,0,0,0,0,0,0,0,0,0,0,0
12670,2,2,2,2,1,1,2,2,2,2,2,1,1,2,2,2,2,2,1,1,2
12671,0,0,0,0,0,0,0,0,0,0,0,0,0,0,0,0,0,0,0,0,0
12672,4,4,5,4,3,3,3,4,4,4,4,3,3,3,4,4,4,4,3,3,3
12673,0,0,0,0,0,0,0,0,0,0,0,0,0,0,0,0,0,0,0,0,0
12674,0,0,0,0,0,0,0,0,0,0,0,0,0,0,0,0,0,0,0,0,0
12675,0,0,0,0,0,0,0,0,0,0,0,0,0,0,0,0,0,0,0,0,0
12676,0,0,0,0,0,0,0,0,0,0,0,0,0,0,0,0,0,0,0,0,0
12677,0,0,0,0,0,0,0,0,0,0,0,0,0,0,0,0,0,0,0,0,0
12678,0,0,0,0,0,0,0,0,0,0,0,0,0,0,0,0,0,0,0,0,0
12679,0,0,0,0,0,0,0,0,0,0,0,0,0,0,0,0,0,0,0,0,0
12680,1,1,1,1,1,1,1,1,1,1,1,1,1,1,1,1,1,1,1,1,1
12681,0,0,0,0,0,0,0,0,0,0,0,0,0,0,0,0,0,0,0,0,0
12682,1,1,1,1,1,1,1,1,1,1,1,1,1,1,1,1,1,1,1,1,1
12683,4,5,5,5,4,3,3,3,4,5,5,4,3,3,3,4,5,5,5,3,3
12684,23,22,20,17,15,13,14,19,24,26,23,19,16,16,20,21,20,17,15,13,14
12685,1,1,1,1,1,1,1,1,1,1,1,1,1,1,1,1,1,1,1,1,1
12686,0,0,0,0,0,0,0,0,0,0,0,0,0,0,0,0,0,0,0,0,0
12687,1,1,1,1,1,1,1,1,1,1,1,1,1,1,1,1,1,1,1,1,1
12688,25,25,25,21,19,15,17,23,27,29,24,21,17,18,23,25,26,22,19,15,17
12689,3,3,3,3,2,2,3,3,3,3,3,3,3,3,3,3,3,3,2,2,3
12690,12,11,11,10,8,7,8,10,10,11,10,8,7,8,10,10,11,10,8,7,8
12691,4,5,6,4,3,2,3,4,6,6,5,3,2,3,4,5,5,4,3,2,3
12692,7,9,10,8,5,4,5,9,17,21,18,11,8,8,12,15,15,11,8,6,7
12693,1,1,1,1,1,1,1,1,1,1,1,1,1,1,1,1,1,1,1,1,1
12694,0,0,0,0,0,0,0,0,0,0,0,0,0,0,0,0,0,0,0,0,0
12695,15,17,18,14,11,9,11,15,17,18,14,11,9,11,15,17,18,14,11,9,11
12696,1,0,0,1,1,1,0,1,0,0,1,1,1,1,1,0,0,1,1,1,1
12697,0,0,0,0,0,0,0,0,0,0,0,0,0,0,1,1,1,0,0,0,0
12698,0,0,0,0,0,0,0,0,0,0,0,0,0,0,0,0,0,0,0,0,0
12699,0,0,0,0,0,0,0,0,0,0,0,0,0,0,0,0,0,0,0,0,0
12700,0,0,0,0,0,0,0,0,0,0,0,0,0,0,0,0,0,0,0,0,0
12701,0,0,0,0,0,0,0,0,0,0,0,0,0,0,0,0,0,0,0,0,0
12702,1,2,1,1,1,1,1,1,2,1,1,1,1,1,1,2,1,1,1,1,1
12703,2,2,2,2,1,1,1,2,2,2,2,1,1,1,2,2,2,2,1,1,1
12704,0,0,0,0,0,0,1,1,1,1,1,1,1,1,1,1,1,1,1,1,1
12705,0,0,0,0,0,0,0,0,0,0,0,0,0,0,0,0,0,0,0,0,0
12706,0,0,0,0,0,0,0,0,0,0,0,0,0,0,0,0,0,0,0,0,0
12707,5,5,6,3,3,3,4,5,6,7,4,4,4,4,5,6,7,4,4,4,4
12708,0,0,0,0,0,0,0,0,0,0,0,0,0,0,0,0,0,0,0,0,0
12709,0,0,0,0,0,0,0,0,0,0,0,0,0,0,0,0,0,0,0,0,0
12710,5,5,4,4,3,3,4,4,4,4,4,3,2,3,3,3,3,3,2,2,3
12711,0,0,0,0,0,0,0,0,0,0,0,0,0,0,0,0,0,0,0,0,0
12712,1,2,2,2,2,1,1,1,2,2,2,2,1,1,1,2,2,2,2,1,1
12713,1,1,1,1,1,1,1,1,1,1,1,1,1,1,1,1,1,1,1,1,1
12714,0,0,0,0,0,0,0,0,0,0,0,0,0,0,0,0,0,0,0,0,0
12715,0,0,0,0,0,0,0,0,0,0,0,0,0,0,0,0,0,0,0,0,0
12716,0,0,0,0,0,0,0,0,0,0,0,0,0,0,0,0,0,0,0,0,0
12717,0,0,0,0,0,0,0,0,0,0,0,0,0,0,0,0,0,0,0,0,0
12718,3,4,4,3,2,3,3,4,5,5,3,2,3,3,4,5,5,3,2,3,3
12719,0,0,0,0,0,0,0,0,0,0,0,0,0,0,0,0,0,0,0,0,0
12720,6,6,5,5,6,5,5,6,6,6,6,6,6,5,6,6,6,6,6,6,5
12721,4,7,6,5,5,4,4,4,7,6,5,5,4,4,4,7,6,5,5,4,4
12722,3,4,3,3,3,2,2,3,4,3,3,3,2,2,3,4,3,3,3,2,2
12723,0,0,0,0,0,0,0,0,0,0,0,0,0,0,0,0,0,0,0,0,0
12724,0,0,0,0,0,0,0,0,0,0,0,0,0,0,0,0,0,0,0,0,0
12725,8,9,9,6,5,5,5,7,8,8,5,5,5,6,7,8,8,5,5,5,5
12726,4,4,3,3,3,2,2,3,3,3,3,3,2,2,3,3,3,3,3,3,3
12727,46,44,39,34,29,33,37,43,44,41,36,32,35,39,46,46,41,35,30,34,37
12728,11,12,12,11,9,9,9,14,15,14,11,9,9,9,13,14,13,10,8,8,9
12729,5,5,4,4,3,4,5,5,5,5,4,3,4,5,5,5,5,4,3,4,5
12730,1,1,1,1,1,1,1,1,1,1,1,1,1,1,1,1,1,1,1,1,1
12731,4,5,4,4,3,3,3,4,5,4,4,3,3,3,4,5,4,4,3,3,3
12732,1,0,0,1,1,1,1,1,0,0,1,1,1,1,1,0,0,1,1,1,1
12733,5,5,4,4,3,3,3,4,5,6,6,5,4,4,5,5,5,5,4,4,4
12734,2,2,2,3,2,2,2,2,2,2,3,2,2,2,2,2,2,3,2,2,2
12735,3,4,4,3,3,2,3,3,4,3,3,3,2,3,3,3,3,3,3,2,3
12736,0,0,0,0,0,0,0,0,0,0,0,0,0,0,0,0,0,0,0,0,0
12737,0,0,0,0,0,0,0,0,0,0,0,0,0,0,0,0,0,0,0,0,0
12738,0,0,0,0,0,0,0,0,0,0,0,0,0,0,0,0,0,0,0,0,0
12739,1,2,2,2,2,1,1,1,2,2,2,2,1,1,1,2,2,2,2,1,1
12740,0,0,0,0,0,0,0,0,0,0,0,0,0,0,0,0,0,0,0,0,0
12741,2,2,1,1,1,1,1,2,2,1,1,1,1,1,2,2,1,1,1,1,1
12742,62,55,55,43,42,42,38,62,55,55,43,42,42,38,62,55,55,43,42,42,38
12743,1,1,1,1,1,1,1,1,1,1,1,1,1,1,1,1,1,1,1,1,1
12744,3,3,3,3,2,2,2,3,3,3,3,2,2,2,3,3,3,3,2,2,2
12745,2,2,2,2,2,2,2,2,2,2,2,2,2,2,2,2,2,2,2,2,2
12746,0,0,0,1,0,0,0,0,0,0,1,0,0,0,0,0,0,1,0,0,0
12747,1,1,1,1,1,0,0,1,1,1,1,1,0,0,1,1,1,1,1,0,0
12748,0,0,0,0,0,0,0,0,0,0,0,0,0,0,0,0,0,0,0,0,0
12749,1,0,0,0,0,0,0,0,0,0,0,0,0,0,0,0,0,0,0,0,0
12750,1,1,1,1,1,0,1,1,1,1,1,1,1,1,1,1,1,1,1,1,1
12751,1,1,1,0,0,0,0,1,1,1,0,0,0,0,1,1,1,0,0,0,1
12752,0,0,0,0,0,0,0,0,0,0,0,0,0,0,0,0,0,0,0,0,0
12753,1,1,1,1,0,0,0,1,1,1,1,1,0,0,1,1,1,1,1,0,1
12754,0,0,0,0,0,0,0,0,0,0,0,0,0,0,0,0,0,0,0,0,0
12755,14,16,18,17,14,12,13,15,18,19,18,15,13,14,16,19,20,18,15,13,14
12756,74,76,78,75,67,57,62,74,82,84,79,71,59,62,74,80,82,77,69,59,63
12757,3,2,3,2,2,2,2,2,2,3,2,2,1,1,2,2,2,2,2,1,1
12758,2,2,2,2,1,1,2,2,2,2,2,2,2,2,2,2,1,1,1,1,2
12759,46,51,52,47,46,38,42,42,48,50,46,46,38,42,42,48,50,46,45,38,42
12760,9,8,7,7,6,5,6,6,7,6,6,6,4,5,6,6,6,6,5,4,5
12761,1,1,1,1,1,1,1,1,1,1,1,1,1,1,1,1,1,1,1,1,1
12762,0,0,0,0,0,0,0,0,0,0,0,0,0,0,0,0,0,0,0,0,0
12763,10,10,9,5,3,3,4,8,12,13,9,5,3,3,6,8,7,4,2,1,2
12764,3,3,3,2,2,2,2,3,2,2,2,2,2,2,3,2,2,2,2,2,2
12765,7,5,4,2,1,1,1,2,3,4,3,3,3,3,4,4,3,2,2,2,2
12766,5,5,5,5,5,5,4,5,5,5,5,5,5,4,5,5,5,5,5,5,4
12767,2,2,2,2,2,2,2,2,2,2,2,2,2,2,2,2,2,2,2,2,2
12768,136,185,174,162,154,158,178,136,185,174,162,154,158,178,136,185,174,162,154,158,178
12769,4,3,3,3,3,2,4,4,3,3,3,3,2,4,4,3,3,3,3,2,4
12770,4,4,2,2,2,1,2,2,3,2,2,2,2,2,2,3,2,2,2,2,2
12771,5,5,5,4,4,4,4,5,5,5,4,4,4,4,5,5,5,4,4,4,4
12772,6,6,6,5,4,4,3,5,6,6,5,4,4,3,5,5,6,5,4,4,3
12773,0,0,0,0,0,0,0,0,0,0,0,0,0,0,0,0,0,0,0,0,0
12774,0,0,0,0,0,0,0,0,0,1,1,1,1,1,1,1,1,1,1,1,1
12775,0,0,0,0,0,0,0,0,0,0,0,0,0,0,0,0,0,0,0,0,0
12776,0,0,0,0,0,0,0,0,0,0,0,0,0,0,0,0,0,0,0,0,0
12777,5,6,6,5,4,3,4,5,6,6,6,4,4,4,5,5,5,4,4,3,4
12778,0,0,0,0,0,0,0,0,0,0,0,0,0,0,0,0,0,0,0,0,0
12779,0,0,0,0,0,0,0,0,0,0,0,0,0,0,0,0,0,0,0,0,0
12780,0,0,0,0,0,0,0,0,0,0,0,0,0,0,0,0,0,0,0,0,0
12781,0,0,0,0,0,0,0,0,0,0,0,0,0,0,0,0,0,0,0,0,0
12782,3,4,3,2,2,2,3,3,4,3,3,2,3,3,4,4,4,3,3,3,3
12783,4,4,4,4,3,3,3,4,4,4,4,3,3,3,4,4,4,4,3,3,3
12784,2,2,2,2,2,2,2,2,2,2,2,2,2,2,2,2,2,2,2,2,2
12785,46,46,46,37,33,36,48,46,46,46,37,33,35,48,47,47,46,38,34,36,49
12786,13,14,13,11,10,9,9,13,14,13,11,10,9,9,13,14,13,11,10,9,9
12787,6,5,5,5,5,5,5,6,5,5,5,5,5,5,6,6,5,5,5,5,6
12788,120,126,120,108,102,100,97,121,134,128,114,107,103,98,119,129,123,109,102,100,95
12789,9,8,8,9,8,8,7,9,8,8,9,8,8,7,9,8,8,9,8,8,7
12790,0,0,0,0,0,0,0,0,0,0,0,0,0,0,0,0,0,0,0,0,0
12791,2,2,3,2,2,1,1,2,2,3,2,2,1,2,2,3,3,2,2,2,2
12792,122,119,107,101,98,96,99,122,123,109,102,100,96,99,122,121,106,97,93,90,91
12793,1,1,1,0,0,0,1,1,1,1,0,0,0,1,1,1,1,0,0,0,1
12794,2,2,0,1,0,1,2,2,2,0,1,0,1,2,2,2,0,1,0,1,2
12795,0,0,0,0,0,0,0,0,0,0,0,0,0,0,0,0,0,0,0,0,0
12796,0,0,0,0,0,0,0,0,0,0,0,0,0,0,0,0,0,0,0,0,0
12797,0,0,0,1,1,1,0,0,0,0,1,1,1,0,0,0,0,1,1,1,0
12798,0,0,0,0,0,0,0,0,0,0,0,0,0,0,0,0,0,0,0,0,0
12799,0,0,0,0,0,0,0,0,0,0,0,0,0,0,0,0,0,0,0,0,0
12800,0,0,0,0,0,0,0,0,0,0,0,0,0,0,0,0,0,0,0,0,0
12801,0,0,0,0,0,0,0,0,0,0,0,0,0,0,0,0,0,0,0,0,0
12802,0,0,0,0,0,0,0,0,0,0,0,0,0,0,0,0,0,0,0,0,0
12803,0,0,0,0,0,0,1,0,0,0,0,1,1,1,1,1,1,1,1,1,1
12804,0,0,0,0,0,0,0,0,0,0,0,0,0,0,0,0,0,0,0,0,0
12805,3,4,4,3,3,3,2,3,4,4,3,3,3,2,3,4,4,3,3,3,2
12806,0,0,0,0,0,0,0,0,0,0,0,0,0,0,0,0,0,0,0,0,0
12807,2,2,2,1,1,1,2,2,2,2,1,1,1,2,2,1,1,1,1,1,2
12808,0,0,0,0,0,0,0,0,0,0,0,0,0,0,0,0,0,0,0,0,0
12809,0,0,0,0,0,0,0,0,0,0,0,0,0,0,0,0,0,0,0,0,0
12810,0,0,0,0,0,0,0,0,0,0,0,0,0,0,0,0,0,0,0,0,0
12811,1,1,1,0,0,0,0,1,1,1,0,0,0,0,1,1,1,1,1,1,1
12812,6,4,3,2,2,2,2,2,2,2,2,2,2,2,1,1,1,1,1,1,1
12813,0,0,0,0,0,0,0,0,0,0,0,0,0,0,0,0,0,0,0,0,0
12814,0,0,0,0,0,0,0,0,0,0,0,0,0,0,0,0,0,0,0,0,0
12815,5,5,5,6,5,5,4,5,5,5,6,5,5,4,5,5,5,6,5,5,4
12816,4,4,4,4,3,3,4,4,4,4,4,3,3,4,4,4,4,4,3,3,4
12817,0,0,0,0,0,0,0,0,0,0,0,0,0,0,0,0,0,0,0,0,0
12818,0,0,0,0,0,0,0,0,0,0,0,0,0,0,0,0,0,0,0,0,0
12819,0,0,0,0,0,0,0,0,0,0,0,0,0,0,0,0,0,0,0,0,0
12820,2,3,2,1,1,1,2,2,3,2,1,1,1,2,2,3,2,1,1,1,2
12821,0,0,0,0,0,0,0,0,0,0,0,0,0,0,0,0,0,0,0,0,0
12822,0,0,0,0,0,0,0,0,0,0,0,0,0,0,0,0,0,0,0,0,0
12823,8,8,7,7,7,7,9,11,14,14,14,13,13,13,14,14,12,10,9,9,10
12824,2,2,1,1,1,1,1,2,2,2,1,1,1,1,2,2,1,1,1,1,1
12825,0,0,0,0,0,0,0,0,0,0,0,0,0,0,0,0,0,0,0,0,0
12826,1,1,1,1,1,0,1,1,1,1,1,1,0,1,1,1,1,1,1,0,1
12827,0,0,0,0,0,0,0,0,0,0,0,0,0,0,0,0,0,0,0,0,0
12828,0,0,0,0,0,0,0,0,0,0,0,0,0,0,0,0,0,0,0,0,0
12829,5,6,5,4,3,3,3,5,6,5,4,3,3,3,5,6,5,4,3,3,3
12830,1,1,1,1,1,1,1,1,1,1,1,1,1,1,1,1,1,1,1,1,1
12831,0,0,0,0,0,0,0,0,0,0,0,0,0,0,0,0,0,0,0,0,0
12832,0,0,0,0,0,0,0,0,0,0,0,0,0,0,0,0,0,0,0,0,0
12833,0,0,0,0,0,0,0,0,0,0,0,0,0,0,0,0,0,0,0,0,0
12834,5,5,6,4,3,3,2,4,5,6,5,3,3,2,4,5,6,4,3,3,2
12835,7,8,7,7,6,6,6,7,8,7,7,6,6,6,7,8,7,7,6,6,6
12836,2,2,1,1,2,2,1,2,2,1,1,2,2,1,2,2,1,1,2,2,1
12837,3,3,4,3,3,3,3,3,3,4,3,3,3,3,3,3,4,3,3,3,3
12838,1,1,1,1,1,1,1,1,1,1,1,1,1,1,1,1,1,1,1,1,1
12839,34,28,24,22,22,23,27,31,27,25,23,23,24,28,31,27,26,24,25,26,30
12840,0,0,0,0,0,0,0,0,0,0,0,0,0,0,0,0,0,0,0,0,0
12841,1,1,1,1,1,1,0,1,1,1,1,1,1,0,1,1,1,1,1,1,0
12842,0,1,1,0,1,0,0,0,1,1,0,1,0,0,0,1,1,0,1,0,0
12843,7,8,8,8,9,9,8,7,8,8,8,9,9,8,7,8,8,8,9,9,8
12844,38,41,45,46,37,30,31,38,41,45,46,37,30,31,38,41,45,46,37,30,31
12845,2,2,2,2,2,1,1,2,2,2,2,2,1,1,2,2,2,2,2,1,1
12846,0,0,0,0,0,0,0,0,0,0,0,0,0,0,0,0,0,0,0,0,0
12847,0,0,0,0,0,0,0,0,0,0,0,0,0,0,0,0,0,0,0,0,0
12848,0,0,1,1,0,0,1,1,1,1,1,0,1,1,1,1,1,1,1,1,1
12849,4,2,2,2,2,2,2,3,2,2,2,2,2,2,2,1,1,1,1,1,1
12850,0,0,0,0,0,0,0,0,0,0,0,0,0,0,0,0,0,0,0,0,0
12851,4,4,4,4,3,3,3,4,4,4,4,3,3,3,4,4,4,4,3,3,3
12852,0,0,0,0,0,0,0,0,0,0,0,0,0,0,0,0,0,0,0,0,0
12853,1,1,1,1,1,0,1,1,1,1,1,1,0,1,1,1,1,1,1,0,1
12854,0,0,0,0,0,0,0,0,0,0,0,0,0,0,0,0,0,0,0,0,0
12855,1,0,0,0,0,0,1,1,0,0,0,0,0,1,1,0,0,0,0,0,1
12856,0,1,1,1,0,0,1,0,1,1,1,0,0,1,0,1,1,1,2,4,4
12857,0,0,1,1,0,0,0,0,0,1,1,0,0,0,0,0,1,1,0,0,0
12858,11,11,10,9,7,6,6,8,11,13,12,9,6,6,7,9,9,8,7,6,6
12859,4,5,6,5,5,4,5,6,6,6,6,5,4,4,5,5,5,4,3,3,3
12860,5,6,5,5,6,5,6,5,6,6,6,6,6,6,5,6,6,6,6,6,6
12861,2,3,4,4,4,3,3,4,5,5,5,4,3,3,4,5,5,5,4,4,3
12862,1,1,1,1,1,1,1,1,1,1,1,1,1,1,1,1,1,1,1,1,1
12863,0,0,0,0,0,0,0,0,0,0,0,0,0,0,0,0,0,0,0,0,0
12864,0,0,0,0,0,0,0,0,0,0,0,0,0,0,0,0,0,0,0,0,0
12865,1,1,2,2,1,1,1,1,1,2,2,1,1,1,1,1,2,2,1,1,1
12866,0,1,1,1,1,0,0,0,1,1,1,1,0,0,0,1,1,1,1,0,0
12867,2,2,2,1,1,1,1,2,2,2,1,1,1,1,2,2,2,1,1,1,1
12868,1,1,1,2,2,1,1,1,1,1,2,2,1,1,1,1,1,2,2,1,1
12869,8,8,8,8,7,6,7,8,9,8,8,7,6,7,8,8,8,7,6,6,6
12870,49,52,52,52,48,45,48,49,52,52,52,48,45,48,49,52,52,52,48,45,48
12871,1,1,1,0,0,0,1,1,1,1,0,0,0,1,1,1,1,0,0,0,1
12872,0,0,0,0,0,0,0,0,0,0,0,0,0,0,0,0,0,0,0,0,0
12873,3,4,5,4,3,3,3,4,6,6,6,5,4,4,5,6,6,4,4,3,4
12874,10,10,10,9,8,7,8,10,10,9,7,6,6,7,10,11,10,8,7,7,8
12875,0,0,0,0,0,0,0,0,0,0,0,0,0,0,0,0,0,0,0,0,0
12876,9,10,11,10,9,9,9,11,12,11,10,9,8,8,10,10,9,8,8,7,7
12877,2,2,2,2,2,2,2,2,2,2,2,2,2,2,2,2,2,2,2,2,2
12878,0,0,0,0,1,2,2,0,0,0,0,1,2,2,0,0,0,0,1,2,2
12879,2,2,3,2,2,2,2,3,3,4,3,3,3,3,4,4,4,4,3,3,3
12880,0,0,0,0,0,0,0,0,0,0,0,0,0,0,0,0,0,0,0,0,0
12881,0,1,1,1,1,1,0,1,1,1,1,1,1,0,1,1,1,1,1,1,1
12882,0,0,0,0,0,0,0,0,0,0,0,0,0,0,1,1,1,1,1,1,1
12883,0,0,0,0,0,0,0,0,0,0,0,0,0,0,0,0,0,0,0,0,0
12884,97,101,112,87,87,66,65,93,99,113,89,89,68,66,93,97,111,86,87,67,66
12885,7,7,7,5,4,3,4,7,7,7,5,4,3,4,7,7,7,5,4,3,4
12886,207,211,227,217,200,166,146,207,211,227,217,200,166,146,207,211,227,217,200,166,146
12887,0,0,0,0,0,0,0,0,0,0,0,0,0,0,0,0,0,0,0,0,0
12888,12,17,17,23,24,18,12,12,17,17,23,24,18,12,12,17,17,23,24,18,12
12889,14,16,17,16,16,14,14,14,16,17,16,16,14,14,14,16,17,16,16,14,14
12890,57,56,53,56,51,50,47,53,54,53,56,51,49,46,53,54,53,55,50,48,45
12891,1,1,1,1,1,1,1,1,2,1,1,1,1,1,2,2,2,1,1,1,1
12892,4,5,4,4,3,3,4,4,5,4,4,3,3,4,4,5,4,4,3,3,4
12893,4,4,5,4,4,4,4,5,5,5,4,4,3,4,4,4,4,4,4,3,4
12894,5,4,4,3,3,2,3,3,4,4,4,3,2,3,3,3,4,3,3,2,3
12895,1,1,1,1,1,1,1,1,1,1,1,1,1,1,1,1,1,1,1,1,1
12896,0,0,0,0,0,0,0,0,0,0,0,0,0,0,0,0,0,0,0,0,0
12897,17,20,22,19,16,14,14,18,21,22,19,17,15,15,19,21,22,19,17,15,15
12898,0,0,0,0,0,0,0,0,0,0,0,0,0,0,0,0,0,0,0,0,0
12899,23,25,25,21,21,19,21,23,25,25,21,21,19,21,23,25,25,21,21,19,21
12900,8,7,8,6,5,7,6,7,6,8,5,5,6,6,7,6,8,5,5,6,6
12901,0,0,0,0,0,0,0,0,0,0,0,0,0,0,0,0,0,0,0,0,0
12902,0,0,0,0,0,0,0,0,0,0,0,0,0,0,0,0,0,0,0,0,0
12903,4,6,5,5,4,3,3,4,5,4,4,3,3,3,4,5,4,4,3,3,3
12904,0,0,0,0,0,0,0,0,0,0,0,0,0,0,0,0,0,0,0,0,0
12905,3,3,3,4,3,3,3,3,3,3,4,3,3,2,3,3,3,4,3,3,3
12906,10,10,10,9,7,7,7,10,10,10,8,8,7,8,10,11,10,9,8,8,9
12907,48,51,45,43,40,44,49,48,54,49,46,44,46,48,47,52,47,43,40,44,48
12908,35,39,36,29,24,22,23,29,32,31,27,24,23,24,30,34,33,28,25,24,24
12909,0,0,0,1,1,1,0,0,0,0,1,1,1,0,0,0,0,1,1,1,0
12910,1,1,1,0,1,0,0,0,0,1,0,1,0,0,0,1,1,0,1,0,1
12911,2,1,1,1,1,1,1,2,1,1,1,1,1,1,2,1,1,1,1,1,2
12912,1,1,1,1,1,1,1,1,1,1,1,1,1,1,1,1,1,1,1,1,1
12913,0,0,0,0,0,0,0,0,0,0,0,0,0,0,0,0,0,0,0,0,0
12914,0,0,0,0,0,0,0,0,0,0,0,0,0,0,0,0,0,0,0,0,0
12915,0,0,0,0,0,0,0,0,0,0,0,0,0,0,0,0,0,0,0,0,0
12916,0,0,0,0,0,0,0,0,0,0,0,0,0,0,0,0,0,0,0,0,0
12917,5,5,4,3,2,2,2,4,4,4,3,2,1,2,3,4,4,3,3,2,3
12918,0,0,0,0,0,0,0,0,0,0,0,0,0,0,0,0,0,0,0,0,0
12919,0,0,0,0,0,0,0,0,0,0,0,0,0,0,0,0,0,0,0,0,0
12920,0,0,0,0,0,0,0,0,0,0,0,0,0,0,0,0,0,0,0,0,0
12921,0,0,0,0,0,0,0,0,0,0,0,0,0,0,0,0,0,0,0,0,0
12922,0,0,1,1,1,1,0,0,0,1,1,1,1,0,0,0,1,1,1,1,0
12923,0,0,0,0,0,1,0,0,0,0,0,0,1,0,0,0,0,0,0,1,0
12924,0,0,0,0,0,0,0,0,0,0,0,0,0,0,0,0,0,0,0,0,0
12925,2,3,2,3,3,2,2,2,3,2,3,3,2,2,2,3,2,3,3,2,2
12926,0,0,0,0,0,0,0,0,0,0,0,0,0,0,0,0,0,0,0,0,0
12927,0,0,0,0,0,0,0,0,0,0,0,0,0,0,0,0,0,0,0,0,0
12928,201,172,160,130,101,115,137,203,176,162,129,101,114,134,201,174,161,128,100,114,136
12929,2,2,2,2,2,2,2,2,2,2,2,2,2,2,2,2,2,2,2,2,2
12930,4,4,4,4,3,3,3,4,4,4,4,3,3,3,4,4,4,4,3,3,3
12931,0,0,1,1,1,0,0,0,0,1,1,1,0,0,0,0,1,1,1,0,0
12932,6,6,5,5,4,4,5,6,5,5,5,4,4,4,5,5,4,5,4,3,4
12933,0,0,0,0,0,0,0,0,0,0,0,0,0,0,0,0,0,0,0,0,0
12934,0,0,0,0,0,0,0,0,0,0,0,0,0,0,0,0,0,0,0,0,0
12935,1,1,1,1,1,0,0,1,1,1,1,1,0,0,1,1,1,1,1,0,0
12936,0,1,1,1,0,0,0,0,1,1,1,0,0,0,0,1,1,1,0,0,0
12937,15,17,16,14,12,10,12,15,17,16,14,12,10,12,15,17,16,14,12,10,12
12938,1,1,1,1,1,1,1,1,1,1,1,1,1,1,1,1,1,1,1,1,1
12939,0,0,0,0,0,0,0,0,0,0,0,0,0,0,0,0,0,0,0,0,0
12940,10,9,9,7,6,8,8,10,9,9,7,6,8,8,10,10,9,8,7,8,9
12941,0,0,0,0,0,0,0,0,0,0,0,0,0,0,0,0,0,0,0,0,0
12942,2,1,1,2,2,3,3,2,1,1,2,2,3,3,2,1,1,2,2,3,3
12943,0,0,0,0,0,0,0,0,0,0,0,0,0,0,0,0,0,0,0,0,0
12944,0,0,0,0,0,0,0,0,0,0,0,0,0,0,0,0,0,0,0,0,0
12945,0,0,0,0,1,1,0,0,0,0,0,1,1,0,0,0,0,0,1,1,0
12946,0,0,0,0,0,0,0,0,0,0,0,0,0,0,0,0,0,0,0,0,0
12947,0,0,0,0,0,0,0,0,0,0,0,0,0,0,0,0,0,0,0,0,0
12948,0,0,0,0,0,0,0,0,0,0,0,0,0,0,0,0,0,0,0,0,0
12949,0,0,0,0,0,0,0,0,0,0,0,0,0,0,0,0,0,0,0,0,0
12950,0,0,0,0,0,0,0,0,0,0,0,0,0,0,0,0,0,0,0,0,0
12951,0,0,0,0,0,0,0,0,0,0,0,0,0,0,0,0,0,0,0,0,0
12952,0,0,0,0,0,0,0,0,0,0,0,0,0,0,0,0,0,0,0,0,0
12953,0,0,0,0,0,0,0,0,0,0,0,0,0,0,0,0,0,0,0,0,0
12954,0,0,0,0,0,1,1,1,1,2,2,2,2,1,1,1,1,1,1,1,1
12955,0,0,0,0,0,0,0,0,0,0,0,0,0,0,0,0,0,0,0,0,0
12956,2,1,1,1,1,1,1,1,1,1,1,1,1,1,1,1,1,1,1,1,2
12957,0,0,0,0,0,0,0,0,0,0,0,0,0,0,0,0,0,0,0,0,0
12958,16,18,18,17,16,13,11,13,15,16,16,15,12,11,13,15,17,18,17,14,12
12959,9,11,11,12,8,7,6,8,10,12,13,10,8,8,10,12,13,13,10,9,9
12960,7,9,9,9,7,5,5,6,8,9,10,8,6,5,6,8,9,9,7,5,5
12961,7,7,8,8,6,6,6,7,8,8,8,6,6,5,7,8,8,8,6,6,6
12962,172,200,204,199,176,141,134,169,208,215,210,184,144,133,161,192,199,199,180,146,139
12963,0,0,0,0,0,0,0,0,0,0,0,0,0,0,0,0,0,0,0,0,0
12964,0,0,0,0,0,0,0,0,0,0,0,0,0,0,0,0,0,0,0,0,0
12965,0,0,0,0,0,0,0,0,0,0,0,0,0,0,0,0,0,0,0,0,0
12966,0,0,0,0,0,0,0,0,0,0,0,0,0,0,0,0,0,0,0,0,0
12967,85,81,84,135,126,76,64,80,83,86,135,128,76,63,79,82,84,132,125,75,65
12968,30,28,24,27,22,19,18,30,28,24,27,22,19,18,30,28,24,27,22,19,18
12969,25,25,24,26,26,22,20,25,25,24,26,26,22,20,25,25,24,26,26,22,20
12970,41,86,84,56,22,13,12,41,86,84,56,22,13,12,41,86,84,56,22,13,12
12971,13,14,12,10,9,8,8,13,14,12,10,9,8,8,12,14,12,10,9,8,8
12972,34,29,32,23,21,25,21,26,27,36,28,25,28,23,26,25,32,24,22,26,21
12973,70,81,78,61,49,42,47,69,87,89,72,59,49,52,70,81,77,59,48,40,44
12974,14,11,11,13,16,13,6,8,9,10,13,15,12,6,8,8,10,13,15,13,6
12975,45,49,53,110,106,96,62,54,65,71,127,122,110,75,65,74,79,132,125,112,79
12976,28,25,11,8,6,7,24,28,25,11,8,6,7,24,28,25,11,8,6,7,24
12977,2,1,1,2,3,3,2,2,1,1,2,3,3,2,2,1,1,2,3,3,2
12978,1,1,1,2,1,1,1,1,1,1,2,1,1,1,1,1,1,2,1,1,1
12979,24,21,24,22,20,16,8,16,21,34,35,33,28,20,26,26,34,31,28,22,15
12980,33,36,34,41,34,30,23,33,36,34,40,34,30,23,33,36,34,40,34,30,23
12981,125,148,134,91,64,62,61,125,148,134,91,64,62,61,125,148,134,91,64,62,61
12982,266,322,391,338,461,441,265,263,318,392,341,472,449,274,275,333,407,342,468,449,273
12983,198,197,202,203,178,158,161,198,213,223,221,197,172,172,208,218,219,211,185,163,165
12984,158,171,174,172,147,132,130,164,188,190,185,162,143,139,168,181,172,156,132,117,118
12985,0,0,0,0,0,0,0,0,0,0,0,0,0,0,0,0,0,0,0,0,0
12986,1,1,2,3,2,2,1,1,1,2,3,2,2,1,1,1,2,3,2,2,1
12987,7,6,5,5,5,6,7,8,8,8,7,7,7,8,9,9,8,7,7,7,8
12988,0,0,0,0,0,0,0,0,0,0,0,0,0,0,0,0,0,0,0,0,0
12989,0,0,0,0,0,0,0,0,0,0,0,0,0,0,0,0,0,0,0,0,0
12990,0,0,0,0,0,0,0,0,0,0,0,0,0,0,0,0,0,0,0,0,0
12991,2,3,3,3,2,1,1,2,3,3,3,2,1,1,2,3,3,3,3,1,1
12992,1,1,1,0,1,1,1,1,1,1,0,1,1,1,1,1,1,0,1,1,1
12993,6,7,9,6,5,4,4,6,7,9,6,5,4,4,6,7,9,6,5,4,4
12994,1,1,1,1,1,0,1,1,1,1,1,1,0,0,1,1,1,1,1,0,0
12995,16,13,10,6,5,4,5,8,11,14,12,10,8,9,12,11,10,6,5,4,4
12996,1,2,2,2,2,1,1,2,2,2,1,1,0,0,1,1,2,2,1,1,1
12997,6,7,7,5,5,4,5,6,6,7,5,5,5,5,6,7,7,6,5,5,5
12998,1,1,1,1,1,1,1,1,1,1,1,1,1,1,1,1,1,1,1,1,1
12999,0,0,0,0,0,0,0,0,0,0,0,0,0,0,0,0,0,0,0,0,0
13000,0,0,0,0,0,0,0,0,0,0,0,0,0,0,0,0,0,0,0,0,0
13001,26,25,24,21,19,19,20,25,25,24,20,19,18,19,23,23,22,19,17,17,18
13002,2,2,2,1,1,1,1,1,2,2,1,1,1,1,1,1,1,1,1,1,1
13003,26,26,24,22,20,18,21,28,35,37,34,29,25,26,30,31,28,24,21,19,20
13004,94,84,85,90,83,90,86,98,95,96,99,89,94,88,97,90,90,93,85,91,85
13005,22,18,15,13,10,9,12,17,17,16,14,11,10,13,16,15,13,11,9,8,10
13006,1,1,1,1,1,1,1,1,1,1,1,1,1,1,1,1,1,1,1,0,0
13007,1,1,1,1,1,1,1,1,1,1,1,1,1,1,1,1,1,1,1,1,1
13008,1,0,0,0,0,0,0,0,0,0,0,0,0,0,0,0,0,0,0,0,1
13009,14,11,11,11,10,10,12,16,19,22,20,16,14,15,17,16,15,10,8,6,7
13010,1,2,2,2,2,1,1,1,2,2,2,2,1,1,1,2,2,2,2,1,1
13011,1,1,1,1,1,1,1,1,1,1,1,1,1,1,1,1,1,1,1,1,1
13012,2,2,2,2,1,1,2,2,2,2,2,1,1,2,2,2,2,2,1,1,2
13013,45,49,50,51,45,41,41,45,49,50,51,45,40,41,45,49,50,51,45,40,41
13014,0,0,0,0,0,0,0,0,0,0,0,0,0,0,0,0,0,0,0,0,0
13015,0,0,0,0,0,0,0,0,0,0,0,0,0,0,0,0,0,0,0,0,0
13016,162,148,149,143,95,99,130,162,148,149,143,95,99,130,162,148,149,143,95,99,130
13017,3,3,3,3,3,3,2,3,3,3,3,3,3,2,3,3,3,3,3,3,3
13018,4,4,5,8,7,5,3,4,4,5,8,7,6,3,4,4,5,8,8,6,4
13019,0,0,0,0,0,0,0,0,0,0,0,0,0,0,0,0,0,0,0,0,0
13020,0,1,1,1,0,0,0,0,1,1,1,0,0,0,0,1,1,1,0,0,0
13021,0,0,0,0,0,0,0,0,0,0,0,0,0,0,0,0,0,0,0,0,0
13022,9,10,10,10,9,8,8,9,10,9,9,8,8,9,11,13,13,12,10,9,10
13023,2,1,1,2,1,0,2,2,1,1,2,1,0,2,2,1,1,2,1,0,2
13024,9,11,12,13,10,7,6,9,11,12,13,10,7,6,9,11,12,12,10,7,6
13025,2,2,2,2,2,2,1,2,2,2,2,2,2,1,2,2,2,2,2,2,1
13026,3,4,4,3,2,2,3,4,4,4,3,2,2,2,3,3,3,2,2,2,3
13027,3,2,3,2,2,2,2,3,2,3,2,2,2,2,3,2,3,2,2,2,2
13028,1,1,1,1,1,0,0,1,1,1,1,1,0,0,1,1,1,1,1,0,0
13029,0,0,0,0,0,0,0,0,0,0,0,0,0,0,0,0,0,0,0,0,0
13030,1,0,0,0,0,0,0,1,0,0,0,0,0,0,1,0,0,0,0,0,0
13031,0,0,0,0,0,0,0,0,0,0,0,0,0,0,0,0,0,0,0,0,0
13032,0,0,0,0,0,0,0,0,0,0,0,0,0,0,0,0,0,0,0,0,0
13033,0,0,0,0,0,0,0,0,0,0,0,0,0,0,0,0,0,0,0,0,0
13034,8,9,9,9,7,5,6,8,9,9,9,7,5,6,8,9,9,9,7,5,6
13035,3,4,4,4,4,3,3,3,4,4,4,4,3,3,3,4,4,4,4,3,3
13036,11,10,9,8,7,6,6,7,8,8,7,6,5,5,6,6,6,6,5,5,4
13037,0,0,0,0,0,0,0,0,0,0,0,0,0,0,0,0,0,0,0,0,0
13038,2,3,3,2,3,3,2,3,3,3,3,3,3,3,3,4,3,3,3,3,3
13039,0,0,0,0,0,0,0,0,0,0,0,0,0,0,0,0,0,0,0,0,0
13040,0,0,0,0,0,0,0,0,0,0,0,0,0,0,0,0,0,0,0,0,0
13041,5,5,4,4,3,3,3,4,5,4,4,3,3,3,4,4,4,4,3,3,3
13042,0,0,0,0,0,0,0,0,0,0,0,0,0,0,0,0,0,0,0,0,0
13043,0,0,0,0,0,0,0,0,0,0,0,0,0,0,0,0,0,0,0,0,0
13044,0,0,0,0,0,0,0,0,0,0,0,0,0,0,0,0,0,0,0,0,0
13045,0,1,0,0,0,0,0,0,1,0,0,0,0,0,0,1,0,0,0,0,0
13046,1,1,1,1,1,1,1,1,1,1,1,1,1,1,1,1,1,1,1,1,1
13047,0,0,0,0,0,0,0,0,0,0,0,0,0,0,0,0,0,0,0,0,0
13048,11,14,14,13,10,8,8,11,15,15,14,11,10,9,12,13,12,11,9,8,8
13049,7,7,7,7,6,6,5,7,7,7,7,6,6,5,7,7,7,7,6,6,5
13050,0,0,0,0,0,0,0,0,0,0,0,0,0,0,0,0,0,0,0,0,0
13051,0,0,0,0,0,0,0,0,0,0,0,0,0,0,0,0,0,0,0,0,0
13052,2,4,5,3,1,0,0,2,4,5,3,1,0,0,2,4,5,3,1,0,0
13053,0,0,0,0,0,0,0,0,0,0,0,0,0,0,0,0,0,1,1,1,1
13054,3,3,7,8,6,7,2,3,3,7,8,6,7,2,3,3,7,8,6,7,2
13055,1,1,1,1,2,2,1,1,1,1,1,2,2,1,1,1,1,1,2,2,1
13056,0,0,0,0,0,0,0,0,0,0,0,0,0,0,0,0,0,0,0,0,0
13057,0,0,0,0,0,0,0,0,0,0,0,0,0,0,0,0,0,0,0,0,0
13058,3,3,3,3,3,3,2,3,3,3,3,3,3,2,3,3,3,3,3,3,2
13059,12,15,15,14,11,10,10,12,15,15,14,11,10,10,12,15,15,14,11,10,10
13060,1,2,2,3,3,3,3,4,4,3,3,3,2,2,2,2,2,1,1,1,1
13061,1,2,2,1,1,1,1,1,1,1,1,1,1,1,1,1,1,1,1,1,1
13062,13,18,18,16,12,11,12,16,21,19,16,11,10,10,13,18,18,16,11,10,10
13063,11,14,15,12,10,9,8,11,14,15,12,10,9,8,11,14,15,12,10,9,8
13064,6,7,8,6,4,3,2,6,7,8,6,4,3,2,6,7,8,6,4,3,2
13065,12,19,21,17,10,9,9,12,19,21,17,10,9,9,12,19,21,17,10,9,9
13066,26,27,27,22,20,19,18,25,27,27,22,19,18,17,23,24,25,21,19,18,17
13067,4,5,5,5,4,3,3,4,5,6,5,4,3,4,5,6,6,6,4,3,4
13068,6,8,8,8,7,5,5,6,8,8,8,7,5,5,6,8,8,8,7,5,5
13069,1,1,1,1,1,1,1,1,1,1,1,1,1,1,1,1,1,1,1,1,1
13070,0,0,0,0,0,0,0,0,0,0,0,0,0,0,0,0,0,0,0,0,0
13071,0,0,0,0,0,0,0,0,0,0,0,0,0,0,0,0,0,0,0,0,0
13072,0,0,0,0,0,0,0,0,0,0,0,0,0,0,0,0,0,0,0,0,0
13073,0,0,0,0,0,0,0,0,0,0,0,0,0,0,0,0,0,0,0,0,0
13074,0,0,0,0,0,0,0,0,0,0,0,0,0,0,0,0,0,0,0,0,0
13075,0,0,0,0,0,0,0,0,0,0,0,0,0,0,0,0,0,0,0,0,0
13076,0,0,0,0,0,0,0,0,0,0,0,0,0,0,0,0,0,0,0,0,0
13077,2,2,2,2,2,2,2,2,2,2,2,1,1,2,2,2,2,2,2,2,2
13078,0,0,0,0,0,0,0,0,0,0,0,0,0,0,0,0,0,0,0,0,0
13079,0,0,0,0,0,0,0,0,0,0,0,0,0,0,0,0,0,0,0,0,0
13080,3,3,3,3,3,3,4,4,4,4,3,3,3,4,4,4,4,4,3,3,4
13081,0,0,0,0,0,0,0,0,0,0,0,0,0,0,0,0,0,0,0,0,0
13082,0,0,0,0,0,0,0,0,0,0,0,0,0,0,0,0,0,0,0,0,0
13083,1,1,1,1,1,1,1,2,2,1,1,1,1,1,2,2,1,1,1,1,1
13084,0,0,0,0,0,0,0,0,0,0,0,0,0,0,0,0,0,0,0,0,0
13085,2,3,3,2,2,2,2,2,2,2,2,2,1,2,2,2,2,2,2,1,2
13086,0,0,0,0,0,0,0,0,0,0,0,0,0,0,0,0,0,0,0,0,0
13087,0,0,0,0,0,0,0,0,0,0,0,0,0,0,0,0,0,0,0,0,0
13088,0,0,0,0,0,0,0,0,0,0,0,0,0,0,0,0,0,0,0,0,0
13089,5,6,6,5,4,3,3,5,6,6,5,4,3,3,5,6,6,5,4,3,3
13090,2,3,3,2,2,2,2,2,3,3,2,2,2,2,2,3,3,2,2,2,2
13091,3,2,3,3,2,2,2,2,2,3,3,2,2,2,2,2,2,2,2,2,2
13092,16,17,17,16,13,13,14,18,21,22,20,17,17,18,22,23,20,17,14,14,16
13093,2,3,3,4,4,3,2,2,3,3,4,4,3,2,2,3,3,4,4,3,2
13094,0,0,0,0,0,0,0,0,0,0,0,0,0,0,0,0,0,0,0,0,0
13095,0,0,0,0,0,0,0,0,0,0,0,0,0,0,0,0,0,0,0,0,0
13096,12,14,15,15,12,11,11,14,16,17,16,13,11,11,14,15,15,14,11,10,10
13097,18,20,22,17,13,13,15,18,21,23,18,14,14,16,20,22,23,18,15,14,17
13098,2,2,2,2,1,1,2,2,2,2,2,1,1,1,2,2,1,1,1,1,1
13099,1,0,1,1,1,1,1,1,0,1,1,1,1,1,1,0,1,1,1,1,1
13100,2,2,1,2,2,2,1,2,2,1,2,2,2,1,2,2,1,2,2,2,1
13101,1,2,2,2,2,2,1,1,2,2,3,3,2,2,2,3,3,3,3,2,2
13102,0,0,0,0,0,0,0,0,0,0,0,0,0,0,0,0,0,0,0,0,0
13103,6,5,5,4,4,6,4,6,5,6,5,5,6,4,6,5,5,4,4,6,5
13104,0,0,0,0,0,0,0,0,0,0,0,0,0,0,0,0,0,0,0,0,0
13105,0,0,0,0,0,0,0,0,0,0,0,0,0,0,0,0,0,0,0,0,0
13106,0,0,0,0,0,0,0,0,0,0,0,0,0,0,0,0,0,0,0,0,0
13107,0,0,0,0,0,0,0,0,0,0,0,0,0,0,0,0,0,0,0,0,0
13108,0,0,0,0,0,0,0,0,0,0,0,0,0,0,0,0,0,0,0,0,0
13109,1,0,0,0,1,1,1,1,0,0,0,1,1,1,1,0,0,0,1,1,1
13110,2,2,2,2,2,2,2,2,2,2,2,2,2,2,2,2,2,2,2,2,2
13111,5,5,4,2,2,3,4,5,5,4,2,2,3,4,5,5,4,2,2,3,4
13112,28,29,28,26,21,20,22,28,28,27,27,21,20,22,26,26,25,25,20,20,22
13113,14,16,16,16,14,13,12,15,16,16,16,14,13,12,15,16,16,16,14,13,12
13114,3,3,3,3,2,2,2,3,3,3,3,2,2,2,3,3,3,3,2,2,2
13115,2,2,3,2,2,2,1,2,2,3,2,2,2,1,2,2,3,2,2,2,2
13116,1,2,2,1,1,1,1,1,2,2,1,1,1,1,1,2,2,1,1,1,1
13117,8,9,8,7,6,5,6,8,9,8,7,6,5,6,8,9,8,7,6,5,6
13118,8,7,7,6,6,5,6,8,7,7,7,7,6,6,8,6,5,5,5,5,5
13119,1,1,1,1,0,0,0,0,0,1,1,0,0,0,0,0,1,1,0,0,0
13120,8,7,7,7,6,5,5,7,7,7,7,6,5,5,7,6,7,7,6,5,5
13121,1,1,1,1,1,1,1,1,1,1,1,1,1,1,1,1,1,1,1,1,1
13122,8,8,7,5,4,4,4,6,6,6,5,4,4,4,6,6,6,4,4,4,4
13123,1,1,1,1,1,1,1,1,1,1,1,1,1,0,0,0,1,1,1,1,0
13124,4,5,5,5,4,3,3,4,5,5,5,4,3,3,4,5,5,5,4,3,3
13125,1,1,1,1,1,1,1,1,1,1,1,1,1,1,1,1,1,1,1,1,1
13126,3,2,2,2,1,1,1,3,2,2,2,1,1,1,3,2,2,2,1,1,1
13127,3,3,2,2,2,2,3,3,3,2,2,2,2,3,3,3,2,2,2,2,3
13128,1,1,1,1,1,1,1,1,1,1,1,1,1,1,1,1,1,1,1,1,1
13129,0,0,0,0,0,0,0,0,0,0,0,0,0,0,0,0,0,0,0,0,0
13130,2,3,3,2,2,2,1,2,3,3,2,2,2,1,2,3,3,2,2,2,1
13131,1,1,1,0,0,0,0,1,1,1,1,0,0,0,1,1,1,1,0,0,0
13132,2,2,2,2,1,1,1,2,2,2,2,1,1,1,2,2,2,2,1,1,1
13133,1,1,1,1,1,1,1,1,1,1,1,1,1,1,1,1,1,1,1,1,1
13134,1,1,1,1,1,1,1,1,1,1,1,1,1,1,1,1,1,1,1,1,1
13135,0,0,0,0,0,0,0,0,0,0,0,0,0,0,0,0,0,0,0,0,0
13136,1,1,1,1,1,1,1,1,1,1,1,1,1,1,1,1,1,1,1,1,1
13137,0,0,0,1,0,0,0,0,0,0,1,0,0,0,0,0,0,1,0,0,0
13138,0,0,1,1,1,0,0,0,1,1,1,1,0,0,0,1,1,1,1,0,1
13139,0,0,0,0,0,0,0,0,0,0,0,0,0,0,0,0,0,0,0,0,0
13140,0,0,0,0,0,0,0,0,0,0,0,0,0,0,0,0,0,0,0,0,0
13141,1,1,1,1,1,1,1,1,1,1,1,1,1,1,1,1,1,1,1,1,1
13142,0,0,0,0,0,0,0,0,0,0,0,0,0,0,0,0,0,0,0,0,0
13143,0,0,0,0,0,0,0,0,0,0,0,0,0,0,0,0,0,0,0,0,0
13144,0,0,0,0,0,0,0,1,0,0,0,0,0,0,1,0,0,0,0,0,0
13145,0,0,0,0,0,0,0,0,0,0,0,0,0,0,0,0,0,0,0,0,0
13146,0,0,0,0,0,0,0,0,0,0,0,0,0,0,0,0,0,0,0,0,0
13147,0,0,1,1,0,0,0,0,0,1,1,0,0,0,0,0,1,1,0,0,0
13148,0,0,0,0,0,0,0,0,0,0,0,0,0,0,0,0,0,0,0,0,0
13149,0,0,0,0,0,0,0,0,0,0,0,0,0,0,0,0,0,0,0,0,0
13150,0,0,0,0,0,0,0,0,0,0,0,0,0,0,0,0,0,0,0,0,0
13151,0,0,0,0,0,0,0,0,0,0,0,0,0,0,0,0,0,0,0,0,0
13152,0,0,0,0,0,0,0,0,0,0,0,0,0,0,0,0,0,0,0,0,0
13153,0,0,0,0,0,0,0,0,0,0,0,0,0,0,0,0,0,0,0,0,0
13154,1,1,1,1,1,1,1,1,1,1,1,1,1,1,1,1,1,1,1,1,1
13155,0,0,0,0,0,0,0,0,0,0,0,0,0,0,0,0,0,0,0,0,0
13156,0,0,0,0,0,0,0,0,0,0,0,0,0,0,0,0,0,0,0,0,0
13157,0,0,0,0,0,0,0,0,0,0,0,0,0,0,0,0,0,0,0,0,0
13158,0,0,0,0,0,0,0,0,0,0,0,0,0,0,0,0,0,0,0,0,0
13159,0,0,0,0,0,0,0,0,0,0,0,0,0,0,0,0,0,0,0,0,0
13160,0,0,0,0,0,0,0,0,0,0,0,0,0,0,0,0,0,0,0,0,0
13161,0,0,0,0,0,0,0,0,0,0,0,0,0,0,0,0,0,0,0,0,0
13162,0,0,0,0,0,0,0,0,0,0,0,0,0,0,0,0,0,0,0,0,0
13163,0,0,0,0,0,0,0,0,0,0,0,0,0,0,0,0,0,0,0,0,0
13164,0,0,0,0,0,0,0,0,0,0,0,0,0,0,0,0,0,0,0,0,0
13165,0,0,0,0,0,0,0,0,0,0,0,0,0,0,0,0,0,0,0,0,0
13166,0,0,0,0,0,0,0,0,0,0,0,0,0,0,0,0,0,0,0,0,0
13167,1,1,1,0,0,0,1,1,1,1,1,0,0,1,1,1,1,1,0,0,1
13168,0,0,0,0,0,0,0,0,0,0,0,0,0,0,0,0,0,0,0,0,0
13169,0,0,0,0,0,0,0,0,0,0,0,0,0,0,0,0,0,0,0,0,0
13170,0,0,0,0,0,0,0,0,0,0,0,0,0,0,0,0,0,0,0,0,0
13171,1,0,0,0,0,0,0,1,0,0,0,0,0,0,1,0,0,0,0,0,1
13172,0,0,0,0,0,0,0,0,0,0,0,0,0,0,0,0,0,0,0,0,0
13173,0,0,0,0,0,0,0,0,0,0,0,0,0,0,0,0,0,0,0,0,0
13174,0,0,0,0,0,0,0,0,0,0,0,0,0,0,0,0,0,0,0,0,0
13175,0,0,0,0,0,0,0,0,0,0,0,0,0,0,0,0,0,0,0,0,0
13176,0,0,0,0,0,0,0,0,0,0,0,0,0,0,0,0,0,0,0,0,0
13177,0,0,0,0,0,0,0,0,0,0,0,0,0,0,0,0,0,0,0,0,0
13178,0,0,0,0,0,0,0,0,0,0,0,0,0,0,0,0,0,0,0,0,0
13179,0,0,0,1,1,1,1,1,1,0,1,1,1,0,1,1,1,1,1,1,1
13180,2,3,3,2,2,2,2,2,3,3,2,2,2,2,2,3,3,2,2,2,2
13181,0,1,1,1,1,1,1,1,1,1,1,1,1,1,1,1,1,1,1,1,1
13182,0,0,0,0,0,0,0,0,0,0,0,0,0,0,0,1,0,0,0,0,0
13183,0,0,0,0,0,0,0,0,0,0,0,0,0,0,0,0,0,0,0,0,0
13184,0,0,0,0,0,0,0,0,0,0,0,0,0,0,0,0,0,0,0,0,0
13185,0,0,0,0,0,0,0,0,0,0,0,0,0,0,0,0,0,0,0,0,0
13186,8,10,12,13,13,12,10,8,10,12,13,13,12,10,9,10,13,14,14,12,10
13187,4,4,4,4,3,3,3,3,4,4,4,3,3,3,3,4,4,4,3,3,3
13188,1,1,1,1,1,1,1,1,1,1,1,1,1,1,1,1,1,1,1,1,1
13189,0,0,0,1,1,1,0,0,0,0,1,1,1,0,0,0,0,1,1,1,0
13190,0,0,0,0,0,0,0,0,0,0,0,0,0,0,0,0,0,0,0,0,0
13191,0,0,0,0,0,0,0,0,0,0,0,0,0,0,0,0,0,0,0,0,0
13192,0,0,0,0,0,0,0,0,0,0,0,0,0,0,0,0,0,0,0,0,0
13193,0,0,0,0,0,0,0,0,0,0,0,0,0,0,0,0,0,0,0,0,0
13194,0,0,0,0,0,0,0,0,0,0,0,0,0,0,0,0,0,0,0,0,0
13195,0,0,0,0,0,0,0,0,0,0,0,0,0,0,0,0,0,0,0,0,0
13196,0,0,0,0,0,0,0,0,0,0,0,0,0,0,0,0,0,0,0,0,0
13197,0,0,0,0,0,0,0,0,0,0,0,0,0,0,0,0,0,0,0,0,0
13198,0,0,0,0,0,0,0,0,0,0,0,0,0,0,0,0,0,0,0,0,0
13199,0,0,0,0,0,0,0,0,0,0,0,0,0,0,0,0,0,0,0,0,0
13200,0,0,0,0,0,0,0,0,0,0,0,0,0,0,0,0,0,0,0,0,0
13201,79,78,77,69,60,56,64,78,82,81,73,64,57,64,76,78,76,67,59,55,63
13202,19,19,17,14,12,12,14,21,26,25,22,18,16,18,24,25,22,18,15,14,16
13203,50,51,52,46,41,38,41,51,55,57,52,47,43,45,53,53,52,45,40,37,40
13204,58,54,52,44,41,40,47,59,58,54,45,41,39,46,58,56,54,46,43,42,51
13205,34,36,37,33,27,24,25,31,35,35,31,26,23,25,32,36,37,33,28,25,27
13206,4,3,2,1,1,1,2,2,3,3,3,2,2,2,2,1,1,1,1,1,1
13207,0,1,0,0,0,0,0,0,1,0,0,0,0,0,0,1,0,0,0,0,0
13208,0,0,0,0,0,0,0,0,0,0,0,0,0,0,0,0,0,0,0,0,0
13209,3,3,3,3,2,2,2,3,3,3,3,2,2,2,3,3,3,3,2,2,2
13210,5,5,4,4,4,3,4,4,5,5,4,4,4,4,5,5,5,4,4,4,5
13211,15,16,17,15,14,12,13,16,18,18,16,14,12,13,16,16,16,14,13,11,12
13212,2,2,1,1,1,1,1,1,1,1,1,1,1,1,2,1,1,1,1,1,1
13213,1,1,1,1,1,0,1,1,1,1,1,1,0,1,1,1,1,1,1,0,1
13214,1,1,0,0,0,0,1,1,1,1,1,0,0,1,1,1,1,0,0,0,1
13215,3,3,3,3,2,2,2,2,2,3,3,2,2,2,3,3,3,2,2,2,2
13216,2,2,2,3,3,2,2,2,2,2,3,3,2,2,2,2,2,3,3,2,2
13217,6,6,6,6,6,5,5,6,6,6,6,6,5,5,6,6,6,6,6,5,5
13218,19,21,21,18,14,15,14,19,21,21,18,14,15,14,19,21,21,18,14,15,14
13219,10,10,13,14,12,16,12,10,10,13,14,12,16,12,10,10,13,14,12,16,12
13220,12,13,11,9,7,7,6,7,8,7,7,6,6,5,6,7,7,6,6,6,6
13221,0,0,0,0,0,0,0,1,1,1,1,0,0,0,1,1,1,1,1,1,1
13222,1,1,1,1,1,1,1,1,1,1,1,1,1,1,1,1,1,1,1,1,1
13223,0,0,0,0,0,0,0,0,0,0,0,0,0,0,0,0,0,0,0,0,0
13224,17,18,18,16,14,13,14,17,18,18,16,14,13,14,17,18,18,16,14,13,14
13225,3,3,3,5,5,3,3,3,3,3,5,5,3,3,3,3,3,5,5,3,3
13226,5,6,7,6,7,5,4,5,6,7,6,7,5,4,5,6,7,6,7,5,4
13227,9,8,6,5,4,5,6,7,8,8,7,7,7,8,8,7,6,4,4,4,6
13228,0,0,0,0,0,0,0,0,0,0,0,0,0,0,0,0,0,0,0,0,0
13229,1,1,1,1,1,1,1,1,1,1,1,1,1,1,1,1,1,1,1,1,1
13230,0,0,0,0,0,0,0,0,0,0,0,0,0,0,0,0,0,0,0,0,0
13231,0,0,0,0,0,0,0,0,0,0,0,0,0,0,0,0,0,0,0,0,0
13232,2,3,3,4,4,2,2,2,3,3,4,4,2,2,2,3,3,4,4,2,2
13233,0,0,0,1,0,0,0,0,0,0,1,0,0,0,0,0,0,1,0,0,0
13234,1,2,3,1,1,0,0,1,2,3,1,1,0,0,1,2,3,1,1,0,0
13235,0,0,0,0,0,0,0,0,0,0,0,0,0,0,0,0,0,0,0,0,0
13236,0,0,0,0,0,0,0,0,0,0,0,0,0,0,0,0,0,0,0,0,0
13237,0,1,0,1,0,0,0,0,1,0,1,0,0,0,0,1,0,1,0,0,0
13238,1,1,1,0,1,1,1,1,1,1,0,1,1,1,1,1,1,0,1,1,1
13239,5,6,5,4,4,5,5,5,6,5,4,4,5,5,5,6,5,4,4,5,5
13240,0,0,0,0,0,0,0,0,0,0,0,0,0,0,0,0,0,0,0,0,0
13241,0,0,0,0,0,0,0,1,1,1,1,0,0,0,0,0,0,0,0,0,0
13242,0,0,0,0,0,0,0,0,0,0,0,0,0,0,0,0,0,0,0,0,0
13243,19,20,18,14,12,12,14,18,21,19,15,12,12,13,17,20,20,16,14,14,15
13244,1,2,2,2,1,1,1,1,2,2,2,1,1,1,1,2,2,2,1,1,1
13245,5,5,6,5,4,3,4,5,5,6,5,4,3,4,5,5,6,5,4,3,4
13246,2,2,2,2,2,2,2,2,2,2,2,2,2,2,2,2,2,2,2,2,2
13247,0,0,0,0,0,0,0,0,0,0,0,0,0,0,0,0,0,0,0,0,0
13248,4,4,4,3,3,3,3,4,5,4,4,3,3,3,3,4,4,3,3,3,3
13249,2,2,2,1,1,1,1,2,2,2,2,1,1,1,1,1,1,1,1,1,1
13250,0,0,0,0,0,0,0,0,0,0,0,0,0,0,0,0,0,0,0,0,0
13251,0,0,0,0,0,0,0,0,0,0,0,0,0,0,0,0,0,0,0,0,0
13252,0,0,0,0,0,0,0,0,0,0,0,0,0,0,0,0,0,0,0,0,0
13253,0,0,0,0,0,0,0,0,0,0,0,0,0,0,0,0,0,0,0,0,0
13254,0,0,0,0,0,0,0,0,0,0,0,0,0,0,0,0,0,0,0,0,0
13255,0,0,0,0,0,0,0,0,0,0,0,0,0,0,0,0,0,0,0,0,0
13256,1,1,1,1,1,1,1,1,1,1,1,1,1,1,1,1,1,1,1,1,1
13257,0,0,0,0,0,0,0,0,0,0,0,0,0,0,0,0,0,0,0,0,0
13258,0,0,0,0,0,0,0,0,0,0,0,0,0,0,0,0,0,0,0,0,0
13259,2,2,2,2,2,2,2,2,2,2,2,2,2,2,2,2,2,2,2,2,2
13260,0,0,0,0,0,0,0,0,0,0,0,0,0,0,0,0,0,0,0,0,0
13261,1,1,1,1,1,1,1,1,1,1,1,1,1,1,1,1,1,1,1,1,1
13262,1,1,1,1,0,1,1,1,1,1,1,0,1,1,1,1,1,1,0,1,1
13263,0,0,0,0,0,0,0,0,0,0,0,0,0,0,0,0,0,0,0,0,0
13264,2,2,1,1,1,1,1,2,2,1,1,1,1,1,2,2,1,1,1,1,1
13265,19,22,23,22,19,16,16,19,22,23,22,19,16,16,19,22,23,22,19,16,16
13266,0,0,0,0,0,0,0,0,0,0,0,0,0,0,0,0,0,0,0,0,0
13267,0,0,0,0,0,0,0,0,0,0,0,0,0,0,0,0,0,0,0,0,0
13268,0,0,0,0,0,0,0,0,0,0,0,0,0,0,0,0,0,0,0,0,0
13269,1,1,1,1,1,1,1,2,2,2,2,2,2,2,3,4,4,4,4,3,4
13270,0,0,0,0,0,0,0,0,0,0,0,0,0,0,0,0,0,0,0,0,0
13271,0,0,0,0,0,0,0,0,0,0,0,0,0,0,0,0,0,0,0,0,0
13272,0,0,0,0,0,0,0,0,0,0,0,0,0,0,0,0,0,0,0,0,0
13273,0,0,0,0,0,0,0,0,0,0,0,0,0,0,0,0,0,0,0,0,0
13274,0,0,0,0,0,0,0,0,0,0,0,0,0,0,0,0,0,0,0,0,0
13275,48,51,50,50,42,39,40,49,56,55,54,46,41,41,50,54,52,50,42,39,39
13276,22,25,25,24,23,24,20,22,25,25,24,23,24,20,22,25,25,24,23,24,20
13277,7,7,6,5,4,4,4,5,5,6,5,5,5,4,6,6,5,5,4,5,5
13278,1,1,1,1,1,1,1,1,1,1,1,1,1,1,1,1,1,1,1,1,1
13279,5,5,5,5,5,5,4,5,5,6,5,5,5,5,6,6,6,5,5,5,5
13280,429,498,513,555,472,350,367,451,512,515,547,458,319,321,423,515,535,581,492,355,359
13281,2,2,2,2,2,1,1,2,2,2,2,2,1,2,2,2,2,2,2,1,2
13282,1,1,1,1,1,1,0,1,1,1,1,1,1,0,1,1,1,1,1,1,0
13283,0,0,0,0,0,0,0,0,0,0,0,0,0,0,0,0,0,0,0,0,0
13284,500,558,568,547,475,434,438,487,544,538,511,450,405,407,464,536,549,536,475,438,445
13285,839,902,1002,923,789,663,626,795,865,950,864,750,630,601,789,881,986,913,796,683,662
13286,0,0,0,0,0,0,0,0,0,0,0,0,0,0,0,0,0,0,0,0,0
13287,0,0,0,0,0,1,1,1,0,0,0,0,0,0,0,0,0,0,0,0,0
13288,2,2,2,2,1,1,1,2,2,2,2,1,1,1,2,2,2,2,1,1,1
13289,2,3,2,3,2,2,2,2,3,2,3,2,2,2,2,3,2,3,2,2,2
13290,2,1,1,2,2,1,1,1,1,1,2,2,1,1,1,1,1,2,2,1,1
13291,7,8,8,8,8,6,6,7,8,8,8,8,6,6,7,8,8,8,8,6,6
13292,7,7,7,6,6,6,7,8,9,9,8,7,7,7,7,7,6,5,5,5,6
13293,8,7,6,5,5,5,5,6,6,6,5,5,4,5,5,5,5,4,4,4,4
13294,4,4,4,4,4,4,4,4,4,4,4,4,4,4,4,4,4,4,4,4,4
13295,0,0,0,0,0,0,0,0,0,0,0,0,0,0,0,0,0,0,0,0,0
13296,0,0,0,0,0,0,0,0,0,0,0,0,0,0,0,0,0,0,0,0,0
13297,0,0,0,0,0,0,0,0,0,0,0,0,0,0,0,0,0,0,0,0,0
13298,0,0,0,0,0,0,0,0,0,0,0,0,0,0,0,0,0,0,0,0,0
13299,0,0,0,0,0,0,0,0,0,0,0,0,0,0,0,0,0,0,0,0,0
13300,0,0,0,0,0,0,0,0,0,0,0,0,0,0,0,0,0,0,0,0,0
13301,0,0,0,0,0,0,0,0,0,0,0,0,0,0,0,0,0,0,0,0,0
13302,20,21,22,21,19,19,18,22,21,20,18,17,16,15,18,19,18,17,16,16,15
13303,1,1,1,2,2,2,1,2,2,2,2,2,2,1,2,2,2,2,2,2,2
13304,5,6,6,5,5,5,4,5,6,6,5,5,5,4,5,6,6,5,5,5,4
13305,5,5,4,2,2,2,3,5,6,4,3,2,2,2,5,5,4,3,2,3,3
13306,1,1,1,1,1,1,1,1,1,1,1,1,0,0,0,0,0,0,0,0,0
13307,0,0,0,0,0,0,0,0,0,0,0,0,0,0,0,0,0,0,0,0,0
13308,0,0,0,0,0,0,0,0,0,0,0,0,0,0,0,0,0,0,0,0,0
13309,0,0,0,0,0,0,0,0,0,0,0,0,0,0,0,0,0,0,0,0,0
13310,1,1,1,1,1,1,1,1,1,1,1,1,1,1,1,1,1,1,1,1,1
13311,0,0,0,0,0,0,0,0,0,0,0,0,0,0,0,0,0,0,0,0,0
13312,0,0,0,0,0,0,0,0,0,0,0,0,0,0,0,0,0,0,0,0,0
13313,0,0,0,0,0,0,0,0,0,0,0,0,0,0,0,0,0,0,0,0,0
13314,4,4,4,4,3,4,3,4,4,4,4,3,4,3,4,4,4,4,3,4,3
13315,6,6,6,5,5,5,4,6,6,5,5,5,5,4,6,6,5,5,5,5,4
13316,2,2,2,2,1,2,2,2,2,2,2,1,1,2,2,2,2,2,1,1,2
13317,0,0,0,0,0,0,0,0,0,0,0,0,0,0,0,0,0,0,0,0,0
13318,0,0,0,0,0,0,0,0,0,0,0,0,0,0,0,0,0,0,0,0,0
13319,0,0,0,0,0,0,0,0,0,0,0,0,0,0,0,0,0,0,0,0,0
13320,0,0,0,0,0,0,0,0,0,0,0,0,0,0,0,0,0,0,0,0,0
13321,0,0,1,1,1,0,1,1,1,1,1,1,1,1,1,1,1,1,1,1,1
13322,0,0,0,0,0,0,0,0,0,0,0,0,0,0,0,0,0,0,0,0,0
13323,0,0,0,0,0,0,0,0,0,0,0,0,0,0,0,0,0,0,0,0,0
13324,0,0,0,0,0,0,0,0,0,0,0,0,0,0,0,0,0,0,0,0,0
13325,0,0,0,0,0,0,0,0,0,0,0,0,0,0,0,0,0,0,0,0,0
13326,0,0,0,0,0,0,0,0,0,0,0,0,0,0,0,0,0,0,0,0,0
13327,0,0,0,0,0,0,0,0,0,0,0,0,0,0,0,0,0,0,0,0,0
13328,0,0,0,0,0,0,0,0,0,0,0,0,0,0,0,0,0,0,0,0,0
13329,0,0,0,0,0,0,0,0,0,0,0,0,0,0,0,0,0,0,0,0,0
13330,4,5,5,4,5,4,4,4,5,5,4,5,4,4,4,5,5,4,5,4,4
13331,0,0,0,0,0,0,0,0,0,0,0,0,0,0,0,0,0,0,0,0,0
13332,1,1,1,1,1,1,1,1,1,1,1,1,1,1,1,1,1,1,1,1,1
13333,120,141,149,136,110,78,84,123,152,162,146,118,84,87,123,149,159,144,116,82,87
13334,11,10,10,7,6,6,5,10,10,10,8,6,6,4,8,8,8,6,6,5,4
13335,7,5,9,9,10,10,6,7,5,9,9,10,10,6,7,5,9,9,10,10,6
13336,73,73,79,72,64,60,63,73,73,78,72,64,60,63,73,73,78,72,64,60,63
13337,0,0,0,0,0,0,0,0,0,0,0,0,0,0,0,0,0,0,0,0,0
13338,4,4,4,3,3,2,3,4,4,4,3,3,2,3,4,4,4,3,3,2,3
13339,44,66,84,79,66,44,33,41,64,84,80,68,45,35,43,66,85,79,67,46,36
13340,3,3,3,2,2,2,2,2,3,3,3,3,2,2,2,3,3,2,2,2,2
13341,0,0,0,0,0,0,0,0,0,0,0,0,0,0,0,0,0,0,0,0,0
13342,0,0,0,0,0,0,0,0,0,0,0,0,0,0,0,0,0,0,0,0,0
13343,0,0,0,0,0,0,0,0,0,0,0,0,0,0,0,0,0,0,0,0,0
13344,3,3,4,3,3,2,2,3,3,4,3,3,2,2,3,3,4,3,3,2,2
13345,1,1,1,1,1,1,1,1,1,1,1,1,1,1,1,1,1,1,1,1,1
13346,7,8,9,8,7,6,7,7,8,9,8,7,7,7,8,9,10,8,8,7,8
13347,0,0,0,0,0,0,0,0,0,0,0,0,0,0,0,0,0,0,0,0,0
13348,19,20,18,15,13,17,18,19,20,18,15,13,16,18,19,20,18,15,13,16,18
13349,0,0,0,0,0,0,0,0,0,0,0,0,0,0,0,0,0,0,0,0,0
13350,2,2,2,2,2,1,1,2,2,2,2,2,1,1,2,2,2,2,2,1,1
13351,0,0,0,0,0,0,0,0,0,0,0,0,0,0,0,0,0,0,0,0,0
13352,0,0,0,0,0,0,0,0,0,0,0,0,0,0,0,0,0,0,0,0,0
13353,0,0,0,0,0,0,0,0,0,0,0,0,0,0,0,0,0,0,0,0,0
13354,0,0,0,0,0,0,0,0,0,1,1,1,0,0,1,1,1,1,1,1,1
13355,1,1,1,1,0,0,0,1,1,1,1,1,0,0,1,1,1,1,1,0,0
13356,2,2,3,1,1,1,1,2,2,3,1,1,0,1,2,2,3,1,1,0,1
13357,0,1,1,1,1,1,0,0,1,1,1,1,1,0,0,1,1,1,1,1,0
13358,0,0,1,0,0,0,0,0,0,1,0,0,0,0,0,0,1,0,0,0,0
13359,0,1,1,1,1,1,0,0,1,1,1,1,1,0,0,1,1,1,1,1,0
13360,5,7,7,5,4,4,4,5,7,6,4,3,3,3,5,7,6,5,4,3,3
13361,0,0,0,0,0,0,0,0,0,0,0,0,0,0,0,0,0,0,0,0,0
13362,0,0,0,0,0,0,0,0,0,0,0,0,0,0,0,0,0,0,0,0,0
13363,0,0,0,0,0,0,0,0,0,0,0,0,0,0,0,0,0,0,0,0,0
13364,1,1,1,1,1,1,1,1,1,1,1,1,1,1,1,1,1,1,1,1,1
13365,0,0,0,0,0,0,0,0,0,0,0,0,0,0,0,0,0,0,0,0,0
13366,0,0,0,0,0,0,0,0,0,0,0,0,0,0,0,0,0,0,0,0,0
13367,1,1,1,1,1,1,1,1,1,1,1,1,1,1,1,1,1,1,1,1,1
13368,5,3,2,2,2,1,1,3,2,1,1,1,1,2,4,2,2,2,2,2,2
13369,0,0,0,0,0,0,0,0,0,0,0,0,0,0,0,0,0,0,0,0,0
13370,10,10,10,10,8,7,8,9,10,10,10,8,7,7,9,9,10,9,8,7,7
13371,2,3,3,2,2,1,1,2,3,3,2,2,1,1,2,3,3,2,2,1,1
13372,20,20,21,21,19,18,17,19,20,21,21,19,18,17,19,20,21,21,19,18,17
13373,1,1,1,1,1,1,1,1,1,1,1,1,1,1,1,1,1,1,1,1,1
13374,0,0,0,0,0,0,0,0,0,0,0,0,0,0,0,0,0,0,0,0,0
13375,0,0,0,0,0,0,0,0,0,0,0,0,0,0,0,0,0,0,0,0,0
13376,0,0,1,0,0,0,0,0,0,0,0,0,0,0,0,0,0,0,0,0,0
13377,0,0,0,0,0,0,0,0,0,0,0,0,0,0,0,0,0,0,0,0,0
13378,0,0,0,0,0,0,0,0,0,0,0,0,0,0,0,0,0,0,0,0,0
13379,0,0,0,0,0,0,0,0,0,0,0,0,0,0,0,0,0,0,0,0,0
13380,0,0,0,0,0,0,0,0,0,0,0,0,0,0,0,0,0,0,0,0,0
13381,0,0,0,0,0,0,0,0,0,0,0,0,0,0,0,0,0,0,0,0,0
13382,4,4,4,5,4,4,5,5,5,5,5,4,4,4,5,4,4,4,3,3,3
13383,0,0,0,0,0,0,0,0,0,0,0,0,0,0,0,0,0,0,0,0,0
13384,0,0,0,0,0,0,0,0,0,0,0,0,0,0,0,0,0,0,0,0,0
13385,0,0,0,0,0,0,0,0,0,0,0,0,0,0,0,0,0,0,0,0,0
13386,0,0,0,0,0,0,0,0,0,0,0,0,0,0,0,0,0,0,0,0,0
13387,0,0,0,0,0,0,0,0,0,0,0,0,0,0,0,0,0,0,0,0,0
13388,8,9,9,8,7,7,7,8,9,9,8,7,7,7,8,9,9,8,7,7,7
13389,10,10,10,9,8,8,9,10,9,9,9,8,9,9,11,11,11,10,9,9,10
13390,0,0,0,0,0,0,0,0,0,0,0,0,0,0,0,0,0,0,0,0,0
13391,0,0,0,0,0,0,0,0,0,0,0,0,0,0,0,0,0,0,0,0,0
13392,0,0,0,0,0,0,0,0,0,0,0,0,0,0,0,0,0,0,0,0,0
13393,1,2,2,1,1,1,1,1,2,2,1,1,1,1,1,2,2,1,1,1,1
13394,3,4,4,5,4,3,3,3,4,4,5,4,3,3,3,4,4,5,4,3,3
13395,14,14,14,12,9,9,10,13,18,20,17,14,12,12,14,15,15,12,10,9,9
13396,30,26,26,22,18,16,14,16,15,18,16,14,14,14,17,17,21,18,16,15,15
13397,4,4,4,3,2,2,2,3,3,3,2,2,2,2,4,4,4,4,4,4,4
13398,13,13,13,12,11,10,12,14,13,11,8,7,7,8,11,11,11,9,8,8,8
13399,3,3,3,2,2,2,2,3,3,3,2,2,2,2,3,3,3,3,2,2,3
13400,3,3,3,3,2,2,2,3,3,3,2,2,2,2,3,3,3,3,2,2,3
13401,9,9,9,7,6,6,6,6,6,7,6,5,5,6,7,8,9,8,7,7,7
13402,0,0,0,0,0,0,0,0,0,0,0,0,0,0,0,0,0,0,0,0,0
13403,0,0,0,0,0,0,0,0,0,0,0,0,0,0,0,0,0,0,0,0,0
13404,3,2,1,1,1,0,1,1,1,1,0,0,0,0,1,1,1,1,1,1,1
13405,0,0,0,0,0,0,0,0,0,0,0,0,0,0,0,0,0,0,0,0,0
13406,25,33,36,38,32,22,20,25,33,36,38,32,22,20,25,33,36,38,32,22,20
13407,1,2,3,4,5,6,6,5,4,3,3,3,4,5,6,5,4,4,4,4,5
13408,1,0,0,0,0,0,0,0,0,0,0,0,0,0,1,1,1,2,2,2,3
13409,0,0,0,0,0,0,0,0,0,0,0,0,0,0,0,0,0,0,0,0,0
13410,1,1,1,1,1,1,1,2,2,2,2,1,1,1,2,2,2,1,1,1,1
13411,2,2,2,2,1,1,1,1,2,2,2,1,1,1,2,2,2,2,1,1,1
13412,0,0,0,0,0,0,0,0,0,0,0,0,0,0,0,0,0,0,0,0,0
13413,0,0,0,0,0,0,0,0,0,0,0,0,0,0,0,0,0,0,0,0,0
13414,0,0,0,0,0,0,0,0,0,0,0,0,0,0,0,0,0,0,0,0,0
13415,0,0,0,0,0,0,0,0,0,0,0,0,0,0,0,0,0,0,0,0,0
13416,2,2,3,3,2,2,2,3,3,3,3,3,2,2,3,3,3,3,3,2,2
13417,0,1,1,1,1,1,1,1,1,1,1,1,1,1,1,1,1,1,1,1,1
13418,1,1,1,1,1,1,1,1,2,1,1,1,1,1,2,2,1,1,1,1,1
13419,1,1,1,1,1,0,1,1,1,1,1,1,1,1,1,1,1,1,1,0,1
13420,2,3,3,2,2,2,2,2,3,3,2,2,2,2,2,3,3,2,2,2,2
13421,0,0,1,1,0,0,0,0,0,1,1,0,0,0,0,0,1,1,0,0,0
13422,1,1,1,1,0,1,1,1,1,1,1,1,1,1,1,1,1,1,1,1,1
13423,7,6,6,6,5,5,5,6,6,6,6,6,5,5,6,6,6,6,6,5,5
13424,1,1,1,1,1,1,1,1,1,1,1,1,1,1,1,1,1,1,1,1,1
13425,6,6,5,4,4,3,4,5,5,5,4,4,4,4,5,5,5,4,4,4,4
13426,1,1,1,0,0,0,0,1,1,1,0,0,0,0,1,1,1,0,0,0,0
13427,1,1,1,1,1,1,1,1,1,1,1,1,1,1,1,1,1,1,1,1,1
13428,1,1,1,1,1,1,1,1,1,1,1,1,1,1,1,1,1,1,1,1,1
13429,3,3,3,3,3,3,3,4,4,4,3,3,3,3,4,3,3,3,3,3,3
13430,0,0,0,0,0,0,0,0,0,0,0,0,0,0,0,0,0,0,0,0,0
13431,0,0,0,0,0,0,0,0,0,0,0,0,0,0,0,0,0,0,0,0,0
13432,0,0,0,0,0,0,0,0,0,0,0,0,0,0,0,0,0,0,0,0,0
13433,0,0,0,0,0,0,0,0,0,0,0,0,0,0,0,0,0,0,0,0,0
13434,0,0,0,0,0,0,0,0,0,0,0,0,0,0,0,0,0,0,0,0,0
13435,0,0,0,0,0,0,0,0,0,0,0,0,0,0,0,0,0,0,0,0,0
13436,0,0,0,0,0,0,0,0,0,0,0,0,0,0,0,0,0,0,0,0,0
13437,0,0,0,0,0,0,0,0,0,0,0,0,0,0,0,0,0,0,0,0,0
13438,0,0,0,0,0,0,0,0,0,0,0,0,0,0,0,0,0,0,0,0,0
13439,0,0,0,0,0,0,0,0,0,0,0,0,0,0,0,0,0,0,0,0,0
13440,391,460,486,440,397,377,358,391,460,486,440,397,377,358,391,460,486,440,397,377,358
13441,1,1,0,0,0,0,0,1,1,0,0,0,0,0,1,1,0,0,0,0,0
13442,2,1,1,1,1,1,1,2,1,1,1,1,1,1,2,1,1,1,1,1,1
13443,0,0,0,0,0,0,0,0,0,0,0,0,0,0,0,0,0,0,0,0,0
13444,0,0,0,0,0,0,0,0,0,0,0,0,0,0,0,0,0,0,0,0,0
13445,34,42,52,51,43,34,27,34,43,54,53,44,34,26,32,40,51,50,42,32,25
13446,322,309,353,338,333,263,293,324,316,361,345,338,266,293,324,317,363,348,342,269,297
13447,0,0,0,0,0,0,0,0,0,0,0,0,0,0,0,0,0,0,0,0,0
13448,0,0,0,0,0,0,0,0,0,0,0,0,0,0,0,0,0,0,0,0,0
13449,0,0,0,0,0,0,0,0,0,0,0,0,0,0,0,0,0,0,0,0,0
13450,0,0,0,0,0,0,0,0,0,0,0,0,0,0,0,0,0,0,0,0,0
13451,1,1,0,0,0,0,0,1,1,0,0,0,0,0,1,1,0,0,0,0,0
13452,3,2,2,2,1,2,2,2,2,2,2,1,2,2,2,2,2,1,1,2,2
13453,3,3,3,3,2,2,2,3,3,3,3,2,2,2,3,3,3,3,2,2,2
13454,2,3,3,2,2,1,1,2,2,3,2,2,1,1,2,2,3,2,2,1,1
13455,1,1,1,1,1,0,1,1,1,1,1,1,1,1,1,1,1,1,1,1,1
13456,0,0,0,0,0,0,0,0,0,0,0,0,0,0,0,0,0,0,0,0,0
13457,2,2,3,4,4,4,5,5,5,5,5,5,5,5,5,5,4,3,3,3,2
13458,4,5,5,5,4,3,3,4,5,5,5,4,3,3,4,5,5,5,4,3,3
13459,12,16,19,23,19,14,12,12,16,19,23,19,14,12,12,16,19,23,19,14,12
13460,4,4,5,6,7,5,5,4,4,5,6,7,5,5,4,4,5,6,7,5,5
13461,0,0,0,0,0,0,0,0,0,0,0,0,0,0,0,0,0,0,0,0,0
13462,5,6,6,8,8,8,7,5,6,6,8,8,8,8,7,8,8,11,10,10,8
13463,0,0,0,0,0,0,0,0,0,0,0,0,0,0,0,0,0,0,0,0,0
13464,145,154,152,145,123,112,114,137,155,152,144,123,110,111,136,154,155,146,125,114,117
13465,28,31,33,27,22,19,23,31,37,40,36,31,27,30,38,41,42,34,28,25,29
13466,19,21,24,20,16,12,12,19,21,24,20,16,12,12,19,21,24,20,16,12,12
13467,0,0,0,0,0,0,0,0,0,0,0,0,0,0,0,0,0,0,0,0,0
13468,9,9,10,8,7,6,7,11,14,16,14,11,10,10,13,13,12,10,8,7,8
13469,7,8,9,9,9,8,8,8,10,10,11,10,8,8,8,9,9,8,8,7,7
13470,24,24,23,22,20,18,20,24,26,24,23,20,18,19,22,22,21,19,16,15,16
13471,15,17,16,15,13,12,14,17,18,17,15,13,12,13,16,17,16,13,11,11,13
13472,37,39,38,37,34,31,32,38,41,40,38,35,32,33,38,40,39,37,33,30,32
13473,4,4,4,3,2,2,2,3,3,4,3,3,2,2,3,3,4,4,3,3,3
13474,29,30,28,24,22,19,20,23,26,24,22,20,18,19,22,25,24,21,20,18,19
13475,1,1,1,1,1,1,1,1,1,1,1,1,1,1,1,1,1,1,1,1,1
13476,0,0,0,0,0,0,0,0,0,0,0,0,0,0,0,0,0,0,0,0,0
13477,1,1,1,1,1,1,1,1,1,1,1,1,1,1,1,1,1,1,1,1,1
13478,14,16,15,13,11,10,11,14,18,20,18,15,13,14,17,18,17,14,12,11,12
13479,0,0,0,0,0,0,0,0,0,0,0,0,0,0,0,0,0,0,0,0,0
13480,0,0,0,0,0,0,0,0,0,0,0,0,0,0,0,0,0,0,0,0,0
13481,0,0,0,0,0,0,0,0,0,0,0,0,0,0,0,0,0,0,0,0,0
13482,2,3,4,4,3,2,2,3,3,5,4,3,2,2,3,3,5,3,2,2,2
13483,2,2,2,2,2,2,2,2,2,2,2,2,2,2,2,2,2,2,2,2,2
13484,9,10,10,10,9,8,8,9,10,10,9,8,7,8,9,10,10,9,8,7,8
13485,5,5,5,5,4,4,4,5,5,5,5,4,4,4,5,5,5,5,4,4,4
13486,15,17,18,17,14,12,13,16,18,19,17,15,13,13,16,17,18,16,13,11,12
13487,8,8,8,7,6,6,6,7,8,7,6,5,5,5,6,7,6,6,5,5,5
13488,7,7,7,6,6,6,6,7,6,6,5,5,5,5,6,5,5,4,4,4,5
13489,5,5,6,5,5,4,4,5,6,6,5,4,4,4,5,5,5,5,4,4,4
13490,3,3,4,3,3,2,3,3,3,3,3,3,2,3,3,3,4,3,3,2,3
13491,1,1,1,1,1,1,1,1,1,1,1,1,1,1,1,1,1,1,1,1,1
13492,2,1,1,1,1,1,1,2,1,1,1,1,1,1,1,1,1,1,1,1,1
13493,3,3,3,3,3,2,2,3,3,3,3,3,2,2,3,3,3,3,3,3,3
13494,7,10,10,9,8,6,6,7,10,10,9,8,6,6,7,10,10,9,8,6,6
13495,5,6,6,6,6,5,6,7,7,7,6,6,5,5,6,7,7,7,6,5,6
13496,6,5,5,5,5,6,7,9,10,9,8,8,8,8,10,9,9,8,7,7,8
13497,3,3,3,3,3,2,2,3,3,3,3,3,2,2,3,3,3,3,3,2,2
13498,4,3,3,3,3,2,3,4,3,3,3,3,2,3,4,4,3,3,3,3,3
13499,1,0,0,0,1,0,0,1,0,0,0,1,0,0,1,0,0,0,1,0,0
13500,1,1,1,1,1,1,1,1,1,1,1,1,1,1,1,1,1,1,1,1,1
13501,17,19,19,18,17,15,17,24,32,34,32,27,23,24,29,31,28,24,20,17,19
13502,1,0,0,0,1,1,1,1,0,0,0,1,1,1,1,0,0,0,1,1,1
13503,0,0,0,0,0,0,0,0,0,0,0,0,0,0,0,0,0,0,0,0,0
13504,0,0,0,0,0,0,0,0,0,0,0,0,0,0,0,0,0,0,0,0,0
13505,0,0,0,0,0,0,0,0,0,0,0,0,0,0,0,0,0,0,0,0,0
13506,0,0,0,0,0,0,0,0,0,0,0,0,0,0,0,0,0,0,0,0,0
13507,0,0,0,0,0,0,0,0,0,0,0,0,0,0,0,0,0,0,0,0,0
13508,4,5,6,6,5,4,4,5,6,6,5,4,3,3,4,6,6,6,5,4,4
13509,16,15,14,12,11,12,14,15,14,12,11,10,11,13,14,14,12,10,10,11,13
13510,1,1,1,0,0,1,1,1,1,1,0,0,1,1,1,1,1,0,0,1,1
13511,1,1,1,1,0,0,0,1,1,1,1,0,0,0,1,1,1,1,0,0,0
13512,0,0,0,0,0,0,0,0,0,0,0,0,0,0,0,0,0,0,0,0,0
13513,0,0,0,0,0,0,0,0,0,0,0,0,0,0,0,0,0,0,0,0,0
13514,0,0,0,0,0,0,0,0,0,0,0,0,0,0,0,0,0,0,0,0,0
13515,0,0,0,0,0,0,0,0,0,0,0,0,0,0,0,0,0,0,0,0,0
13516,2,4,3,2,2,3,2,2,4,3,2,2,3,2,2,4,3,2,2,3,2
13517,0,0,0,0,0,0,0,0,0,0,0,0,0,0,0,0,0,0,0,0,0
13518,1,1,0,1,2,2,1,1,1,0,1,2,2,1,1,1,0,1,2,2,1
13519,3,4,5,5,4,4,4,3,4,5,5,4,4,4,3,4,5,5,4,4,4
13520,3,3,2,2,1,1,1,3,3,3,3,2,1,1,2,2,2,1,1,1,1
13521,73,78,78,66,64,58,62,73,78,78,66,64,58,62,73,78,78,66,64,58,62
13522,0,0,0,0,0,0,0,0,0,0,0,0,0,0,0,0,0,0,0,0,0
13523,0,0,0,0,0,0,0,0,0,0,0,0,0,0,0,0,0,0,0,0,0
13524,0,0,0,0,0,0,0,0,0,0,0,0,0,0,0,0,0,0,0,0,0
13525,0,0,0,0,0,0,0,0,0,0,0,0,0,0,0,0,0,0,0,0,0
13526,0,0,0,0,0,0,0,0,0,0,0,0,0,0,0,0,0,0,0,0,0
13527,0,0,0,0,0,0,0,0,0,0,0,0,0,0,0,0,0,0,0,0,0
13528,0,0,0,0,0,0,0,0,0,0,0,0,0,0,0,0,0,0,0,0,0
13529,0,0,0,0,0,0,0,0,0,1,0,0,0,0,1,1,1,1,1,1,1
13530,1,1,1,1,1,1,1,1,1,1,1,1,1,1,2,2,2,2,1,2,2
13531,0,0,0,0,0,0,0,0,0,0,0,0,0,0,0,0,0,0,0,0,0
13532,0,0,0,0,0,0,0,0,0,0,0,0,0,0,0,0,0,0,0,0,0
13533,0,0,0,0,0,0,0,0,0,0,0,0,0,0,0,0,0,0,0,0,0
13534,10,12,13,12,11,9,9,10,12,12,12,11,9,9,10,11,11,11,10,8,9
13535,0,0,0,0,0,0,0,0,0,0,0,0,0,0,0,0,0,0,0,0,0
13536,0,0,0,0,0,0,0,0,0,0,0,0,0,0,0,0,0,0,0,0,0
13537,0,0,0,0,0,0,0,0,0,0,0,0,0,0,0,0,0,0,0,0,0
13538,30,34,36,37,33,28,27,32,39,41,42,37,30,28,32,38,39,39,35,28,28
13539,6,7,9,7,5,4,5,6,7,8,7,5,4,5,6,6,7,5,5,4,5
13540,0,0,0,0,0,0,0,0,0,0,0,0,0,0,0,0,0,0,0,0,0
13541,6,5,4,6,6,6,6,6,5,4,6,6,6,6,6,5,4,6,6,6,6
13542,9,9,11,11,10,8,8,9,10,10,10,9,8,7,8,7,8,8,7,6,5
13543,0,0,0,0,0,0,0,0,0,0,0,0,0,0,0,0,0,0,0,0,0
13544,0,0,0,0,0,0,0,0,0,0,0,0,0,0,0,0,0,0,0,0,0
13545,0,0,0,0,0,0,0,0,0,0,0,0,0,0,0,0,0,0,0,0,0
13546,2,2,3,3,2,2,2,2,2,3,3,2,2,2,2,2,3,3,2,2,2
13547,8,7,11,10,10,7,6,8,7,11,10,10,7,6,8,7,11,10,10,7,6
13548,2,2,2,1,1,1,1,2,2,2,1,1,1,1,2,2,2,1,1,1,1
13549,0,0,0,0,0,0,0,0,0,0,0,0,0,0,0,0,0,0,0,0,0
13550,1,1,1,1,1,1,1,1,1,1,1,1,1,1,1,1,1,1,1,1,1
13551,0,0,0,0,0,0,0,0,0,0,0,0,0,0,0,0,0,0,0,0,0
13552,1,1,1,1,1,1,1,1,1,1,1,1,1,1,1,1,1,1,1,1,1
13553,11,13,16,13,11,8,7,11,14,17,14,12,8,7,11,13,17,15,13,10,8
13554,8,8,7,7,6,6,8,9,9,8,7,6,5,7,7,8,7,7,7,6,9
13555,10,10,10,9,9,8,8,10,10,10,9,9,8,8,10,10,10,9,9,8,8
13556,0,0,0,0,0,0,0,0,0,0,0,0,0,0,0,0,0,0,0,0,0
13557,0,0,0,0,0,0,0,0,0,0,0,0,0,0,0,0,0,0,0,0,0
13558,0,0,0,0,0,0,0,0,0,0,0,0,0,0,0,0,0,0,0,0,0
13559,0,0,0,0,0,0,0,0,0,0,0,0,0,0,0,0,0,0,0,0,0
13560,0,0,0,0,0,0,0,0,0,0,0,0,0,0,0,0,0,0,0,0,0
13561,1,1,1,1,1,1,1,1,1,1,1,1,1,1,1,1,1,1,1,1,1
13562,1,1,2,1,1,1,1,1,1,2,1,1,1,1,1,1,2,1,1,1,1
13563,3,3,3,3,3,2,2,3,3,3,3,3,2,2,3,3,3,3,3,2,2
13564,0,0,0,0,0,0,0,0,0,0,0,0,0,0,0,0,0,0,0,0,0
13565,2,2,3,3,3,2,2,2,2,3,3,3,2,2,2,2,3,3,3,2,2
13566,5,6,6,6,6,5,5,5,6,6,6,6,5,5,5,6,6,6,6,5,5
13567,2,2,2,1,1,2,2,2,2,2,1,1,2,2,2,2,2,1,1,2,2
13568,1,1,1,1,1,1,1,1,2,1,1,1,1,1,1,2,1,1,1,1,1
13569,0,0,0,0,0,0,0,0,0,0,0,0,0,0,0,0,0,0,0,0,0
13570,1,1,1,1,1,1,1,2,2,1,1,1,1,1,2,2,2,1,1,1,2
13571,0,0,0,0,0,0,0,0,0,0,0,0,0,0,0,0,0,0,0,0,0
13572,3,3,3,2,2,2,2,3,3,3,2,2,2,2,3,3,3,2,2,2,2
13573,0,0,0,0,0,0,0,0,0,0,0,0,0,0,0,0,0,0,0,0,0
13574,1,1,1,1,0,1,1,1,1,1,1,1,1,1,1,1,1,1,0,1,1
13575,0,0,0,0,0,0,0,0,0,0,0,0,0,0,0,0,0,0,0,0,0
13576,8,9,8,7,6,6,7,9,11,10,9,8,7,7,10,10,9,8,7,7,8
13577,2,3,3,2,2,2,2,2,3,3,2,2,2,2,2,2,3,2,2,2,2
13578,4,5,4,4,2,3,3,4,5,5,4,2,3,3,4,5,4,4,2,3,3
13579,5,6,7,6,4,5,6,7,8,8,7,5,4,5,6,6,7,6,5,5,5
13580,1,1,1,1,1,1,1,1,1,1,1,1,1,1,1,2,1,1,1,1,2
13581,0,0,0,0,0,0,0,0,0,0,0,0,0,0,0,0,0,0,0,0,0
13582,4,4,4,4,3,3,3,4,4,4,4,3,3,3,4,4,4,4,3,3,3
13583,0,0,0,0,0,0,0,1,1,1,1,1,1,1,1,1,1,1,1,1,1
13584,2,2,2,2,2,1,2,2,2,2,2,2,1,1,2,2,2,2,2,1,1
13585,3,3,2,2,2,3,3,3,3,2,2,2,2,3,3,3,2,2,2,2,3
13586,0,0,0,0,0,0,0,0,0,0,0,0,0,0,0,0,0,0,0,0,0
13587,1,1,1,1,1,1,1,1,1,1,1,1,1,1,1,1,1,2,1,1,1
13588,0,0,0,0,0,0,0,0,0,0,0,0,0,0,0,0,0,0,0,0,0
13589,7,7,6,6,5,6,6,7,7,6,6,5,6,6,7,7,6,6,5,6,6
13590,13,13,12,11,10,9,10,13,13,12,11,10,9,10,13,13,12,11,10,9,10
13591,3,3,3,2,3,3,3,3,3,2,2,2,3,3,3,2,2,2,2,3,3
13592,6,7,6,5,5,5,5,6,7,6,5,5,5,5,6,7,6,5,5,5,5
13593,0,0,0,0,0,0,0,0,0,0,0,0,0,0,0,0,0,0,0,0,0
13594,2,2,2,2,2,1,1,2,2,2,2,2,1,1,2,2,2,2,2,1,1
13595,2,2,2,2,2,1,1,2,2,2,2,1,1,1,2,2,2,2,2,1,1
13596,1,1,1,1,1,1,1,1,1,1,1,1,1,1,1,1,1,1,1,1,1
13597,1,1,1,0,1,1,1,1,1,1,1,1,1,1,1,1,1,1,1,1,1
13598,8,9,9,8,7,7,7,9,9,9,8,7,6,6,9,9,8,7,6,5,5
13599,4,5,4,4,4,4,4,5,5,5,4,4,4,4,5,5,5,4,4,4,4
13600,1,1,1,1,1,1,1,1,1,1,1,1,1,1,1,1,1,1,1,1,1
13601,0,0,0,0,0,0,0,0,0,0,0,0,0,0,0,0,0,0,0,0,0
13602,0,0,0,0,0,0,0,0,0,0,0,0,0,0,0,0,0,0,0,0,0
13603,2,2,2,2,1,2,2,2,2,2,2,2,2,2,2,2,2,2,2,2,2
13604,2,2,2,2,2,2,2,2,3,2,3,2,2,2,2,3,2,3,2,2,2
13605,0,0,0,0,0,0,0,0,0,0,0,0,0,0,0,0,0,0,0,0,0
13606,1,1,0,0,1,0,0,0,1,0,0,1,0,0,0,1,0,0,1,0,0
13607,16,17,17,16,14,14,14,18,19,19,18,16,15,14,17,17,16,15,13,12,12
13608,1,1,1,1,1,1,1,1,1,1,1,1,1,1,1,1,1,1,1,1,1
13609,2,2,2,2,2,1,1,2,2,2,2,2,1,1,2,2,2,2,2,1,1
13610,0,0,0,0,0,0,0,0,0,0,0,0,0,0,0,0,0,0,0,0,0
13611,14,14,12,11,10,10,11,14,14,12,11,10,10,11,14,14,12,11,10,10,11
13612,1,1,1,0,0,1,0,1,1,1,0,0,1,0,1,1,1,0,0,1,0
13613,1,1,1,1,1,1,1,1,1,1,1,1,1,1,1,1,1,1,1,1,1
13614,0,0,0,0,0,0,0,1,1,1,1,1,1,1,1,1,1,1,1,1,1
13615,2,2,2,2,2,2,2,2,2,2,2,2,2,2,3,2,2,2,2,2,3
13616,6,6,5,5,5,5,5,6,6,6,5,5,5,5,6,5,4,4,4,3,4
13617,0,0,0,0,0,0,0,0,0,0,0,0,0,0,0,0,0,0,0,0,0
13618,0,0,0,0,0,0,0,0,0,0,0,0,0,0,0,0,0,0,0,0,0
13619,0,0,0,0,0,0,0,0,0,0,0,0,0,0,0,0,0,0,0,0,0
13620,0,0,0,0,0,0,0,0,0,0,0,0,0,0,0,0,0,0,0,0,0
13621,0,0,0,0,0,0,0,0,0,0,0,0,0,0,0,0,0,0,0,0,0
13622,0,0,0,0,0,0,0,0,0,0,0,0,0,0,0,0,0,0,0,0,0
13623,0,0,0,0,0,0,0,0,0,0,0,0,0,0,0,0,0,0,0,0,0
13624,0,0,0,0,0,0,0,0,0,0,0,0,0,0,0,0,0,0,0,0,0
13625,0,0,0,0,0,0,0,0,0,0,0,0,0,0,0,0,0,0,0,0,0
13626,0,0,0,0,0,0,0,0,0,0,0,0,0,0,0,0,0,0,0,0,0
13627,0,0,0,0,0,0,0,0,0,0,0,0,0,0,0,0,0,0,0,0,0
13628,0,0,0,0,0,0,0,0,0,0,0,0,0,0,0,0,0,0,0,0,0
13629,0,0,0,0,0,0,0,0,0,0,0,0,0,0,0,0,0,0,0,0,0
13630,0,0,0,0,0,0,0,0,0,0,0,0,0,0,0,0,0,0,0,0,0
13631,0,0,0,0,0,0,0,0,0,0,0,0,0,0,0,0,0,0,0,0,0
13632,0,0,0,0,0,0,0,0,0,0,0,0,0,0,0,0,0,0,0,0,0
13633,0,0,0,0,0,0,0,0,0,0,0,0,0,0,0,0,0,0,0,0,0
13634,0,0,0,0,0,0,0,0,0,0,0,0,0,0,0,0,0,0,0,0,0
13635,0,0,0,0,0,0,0,0,0,0,0,0,0,0,0,0,0,0,0,0,0
13636,0,0,0,0,0,0,0,0,0,0,0,0,0,0,0,0,0,0,0,0,0
13637,0,0,0,0,0,0,0,0,0,0,0,0,0,0,0,0,0,0,0,0,0
13638,0,0,0,0,0,0,0,0,0,0,0,0,0,0,0,0,0,0,0,0,0
13639,0,0,0,0,0,0,0,0,0,0,0,0,0,0,0,0,0,0,0,0,0
13640,0,0,0,0,0,0,0,0,0,0,0,0,0,0,0,0,0,0,0,0,0
13641,0,0,0,0,0,0,0,0,0,0,0,0,0,0,0,0,0,0,0,0,0
13642,0,0,0,0,0,0,0,0,0,0,0,0,0,0,0,0,0,0,0,0,0
13643,0,0,0,0,0,0,0,0,0,0,0,0,0,0,0,0,0,0,0,0,0
13644,5,5,5,5,5,5,5,7,7,6,6,6,6,6,7,6,6,5,5,5,5
13645,0,0,0,0,0,0,0,0,0,0,0,0,0,0,0,0,0,0,0,0,0
13646,0,0,0,0,0,0,0,0,0,0,0,0,0,0,0,0,0,0,0,0,0
13647,0,0,0,0,0,0,0,0,0,0,0,0,0,0,0,0,0,0,0,0,0
13648,0,1,1,0,0,0,0,0,1,1,0,0,0,0,0,1,1,0,0,0,0
13649,0,0,0,0,0,0,0,0,0,0,0,0,0,0,0,0,0,0,0,0,0
13650,4,5,5,5,5,4,4,4,5,5,5,5,4,4,4,5,5,5,5,4,4
13651,0,0,0,0,0,0,0,0,0,0,0,0,0,0,0,0,0,0,0,0,0
13652,13,11,11,11,10,9,11,12,12,11,10,8,8,9,10,9,9,8,7,7,8
13653,0,0,0,0,0,0,0,0,0,0,0,0,0,0,0,0,0,0,0,0,0
13654,0,0,0,0,0,0,0,0,0,0,0,0,0,0,0,0,0,0,0,0,0
13655,3,4,4,3,3,3,3,3,4,4,3,3,3,3,3,4,4,3,3,3,3
13656,2,3,2,1,2,2,1,2,3,2,2,2,2,1,2,3,2,2,2,2,1
13657,3,3,3,3,2,2,2,2,3,3,3,2,2,2,2,3,2,2,2,2,2
13658,0,0,0,0,0,0,0,0,0,0,0,0,0,0,0,0,0,0,0,0,0
13659,0,0,0,0,0,0,0,0,0,0,0,0,0,0,0,0,0,0,0,0,0
13660,8,9,9,8,7,6,6,7,9,10,8,7,6,6,7,9,9,8,7,6,6
13661,1,1,1,1,1,1,1,1,1,1,1,1,1,1,1,1,1,1,1,1,1
13662,0,0,0,1,0,0,0,0,0,0,1,0,0,0,0,0,0,1,0,0,0
13663,0,0,0,0,0,0,0,0,0,0,0,0,0,0,0,0,0,0,0,0,0
13664,0,0,0,0,0,0,0,0,0,0,0,0,0,0,0,0,0,0,0,0,0
13665,0,0,0,0,0,0,0,0,0,0,0,0,0,0,0,0,0,0,0,0,0
13666,17,22,24,24,18,15,12,16,23,26,26,19,15,12,15,21,24,23,18,14,12
13667,11,11,15,16,14,11,9,11,11,15,16,14,11,9,11,11,15,16,15,11,9
13668,0,0,0,0,0,0,0,0,0,0,0,0,0,0,0,0,0,0,0,0,0
13669,13,20,25,28,27,13,9,13,20,25,28,27,13,9,13,20,25,28,27,13,9
13670,0,0,0,0,0,0,0,0,0,0,0,0,0,0,0,0,0,0,0,0,0
13671,0,0,0,0,0,0,0,0,0,0,0,0,0,0,0,0,0,0,0,0,0
13672,1,2,3,3,3,2,1,1,2,3,3,3,2,1,1,2,3,3,3,2,1
13673,28,33,35,33,25,20,23,28,33,35,33,25,20,23,28,33,35,33,25,20,23
13674,1,0,0,0,1,1,1,1,0,0,0,1,1,1,1,0,0,0,1,1,1
13675,2,2,2,2,2,2,2,2,2,2,2,2,2,2,2,2,2,2,2,2,2
13676,0,0,0,0,0,0,0,0,0,0,0,0,0,0,0,0,0,0,0,0,0
13677,0,0,0,0,0,0,0,0,0,0,0,0,0,0,0,0,0,0,0,0,0
13678,2,1,2,3,2,2,1,1,0,1,0,0,1,1,1,0,1,0,0,1,1
13679,7,7,6,5,4,4,4,4,5,5,6,6,6,7,7,8,8,8,7,6,5
13680,0,0,0,0,0,0,0,1,1,1,1,1,1,1,1,1,1,1,1,1,1
13681,0,0,0,0,0,0,0,0,0,0,0,0,0,0,0,0,0,0,0,0,0
13682,0,0,0,0,0,0,0,0,0,0,0,0,0,0,0,0,0,0,0,0,0
13683,0,0,0,0,0,0,0,0,0,0,0,0,0,0,0,0,0,0,0,0,0
13684,1,1,1,1,1,1,1,1,1,1,1,1,1,1,1,1,1,1,1,1,1
13685,3,4,4,4,4,4,4,4,5,5,5,5,4,4,4,5,5,4,4,4,4
13686,0,0,0,1,0,0,0,0,0,0,1,0,0,0,0,0,0,1,0,0,0
13687,6,7,7,6,6,5,5,5,6,7,6,6,5,5,6,7,7,6,6,5,5
13688,0,0,1,1,0,0,0,0,0,1,1,0,0,0,0,0,1,1,0,0,0
13689,0,0,0,0,0,0,0,0,0,0,0,0,0,0,0,0,0,0,0,0,0
13690,4,4,3,3,3,3,3,4,4,4,4,3,3,3,4,3,3,3,2,2,3
13691,1,1,1,1,1,1,1,1,1,1,1,1,1,1,1,1,1,1,1,1,1
13692,0,0,0,1,0,0,0,0,0,0,1,0,0,0,0,0,0,1,0,0,0
13693,7,10,11,9,10,8,7,7,10,11,9,9,8,6,7,10,11,9,9,8,6
13694,1,1,1,1,1,1,1,1,1,1,1,1,1,1,2,2,2,2,2,2,2
13695,1,1,1,1,1,1,1,1,1,1,1,1,1,1,1,2,1,1,1,1,1
13696,0,0,0,0,0,0,0,0,0,0,0,0,0,0,0,0,0,0,0,0,0
13697,0,0,0,0,0,0,0,0,0,0,0,0,0,0,0,0,0,0,0,0,0
13698,1,1,1,1,1,1,1,1,1,1,1,1,1,1,1,1,1,1,1,1,1
13699,8,9,10,11,10,8,7,8,9,10,11,10,8,7,8,9,10,11,10,8,7
13700,1,1,1,0,0,0,0,1,1,1,0,0,0,0,1,1,1,0,0,0,0
13701,5,5,7,7,7,5,3,5,5,7,7,7,5,3,5,5,7,7,7,5,3
13702,2,2,2,1,2,2,1,2,2,2,1,2,2,1,2,2,2,1,2,2,1
13703,0,0,0,0,0,0,0,0,0,0,0,0,0,0,0,0,0,0,0,0,0
13704,0,0,0,0,0,0,0,0,0,0,0,0,0,0,0,0,0,0,0,0,0
13705,0,0,0,0,0,0,0,0,0,0,0,0,0,0,0,0,0,0,0,0,0
13706,0,0,0,0,0,0,0,0,0,0,0,0,0,0,0,0,0,0,0,0,0
13707,0,0,0,0,0,0,0,0,0,0,0,0,0,0,0,0,0,0,0,0,0
13708,0,0,0,0,0,0,0,0,0,0,0,0,0,0,0,0,0,0,0,0,0
13709,2,2,2,2,1,1,2,2,2,2,2,1,1,2,2,2,2,2,1,1,2
13710,2,2,1,2,1,1,1,2,2,1,2,1,1,1,2,2,1,2,1,1,1
13711,49,56,57,50,41,36,37,50,60,62,54,45,38,38,47,53,53,45,38,34,36
13712,0,0,0,0,0,0,0,0,0,0,0,0,0,0,0,0,0,0,0,0,0
13713,0,0,0,0,0,0,0,0,0,0,0,0,0,0,0,0,0,0,0,0,0
13714,0,0,0,0,0,0,0,0,0,0,0,0,0,0,0,0,0,0,0,0,0
13715,20,23,24,22,20,17,16,20,25,27,24,20,17,14,17,20,22,21,18,16,14
13716,42,51,63,62,52,39,36,40,51,67,69,58,44,41,46,56,67,66,56,42,40
13717,2,2,2,2,1,1,1,2,2,2,2,1,1,1,2,2,2,2,1,1,1
13718,54,63,67,57,47,41,42,55,68,73,64,55,48,49,62,72,74,62,53,46,49
13719,0,0,0,0,0,0,0,0,0,0,0,0,0,0,0,0,0,0,0,0,0
13720,30,38,38,36,25,21,22,32,43,45,44,33,27,27,36,45,44,41,30,25,25
13721,12,13,14,12,10,8,9,11,13,14,12,10,8,8,11,13,14,13,11,9,10
13722,0,0,0,0,0,0,0,0,0,0,0,0,0,0,0,0,0,0,0,0,0
13723,1,2,2,2,2,2,1,1,2,2,2,2,2,1,1,2,2,2,2,2,1
13724,70,85,89,79,68,65,63,70,85,89,79,68,65,63,70,85,89,79,68,65,63
13725,0,0,0,0,0,0,0,0,0,0,0,0,0,0,0,0,0,0,0,0,0
13726,7,9,11,11,8,6,6,7,9,11,11,8,6,6,7,9,11,11,8,6,6
13727,1,1,1,1,1,1,1,1,1,1,1,1,1,1,1,1,1,1,1,1,1
13728,15,16,15,13,11,8,8,11,13,13,12,10,7,7,10,13,16,15,12,9,9
13729,14,15,16,13,11,10,10,12,13,15,13,11,10,10,12,14,16,14,11,10,10
13730,11,11,9,9,9,8,8,10,11,9,9,8,7,7,9,9,7,8,7,7,7
13731,1,1,1,1,1,1,1,1,1,1,1,1,1,1,1,1,1,1,1,1,1
13732,20,25,23,18,13,11,12,17,26,31,28,22,18,18,22,27,25,20,16,13,14
13733,3,4,4,3,2,1,2,3,4,4,3,2,2,2,4,6,6,5,4,3,3
13734,0,0,0,0,0,0,0,0,0,0,0,0,0,0,0,0,0,0,0,0,0
13735,1,1,1,1,0,0,0,1,1,1,1,0,0,0,1,1,1,1,0,0,0
13736,0,0,0,0,0,0,0,0,0,0,0,0,0,0,0,0,0,0,0,0,0
13737,24,43,51,43,29,12,7,24,43,51,43,29,12,7,24,43,51,43,29,12,7
13738,3,2,2,1,1,1,1,1,1,1,1,1,1,1,1,1,1,1,1,1,1
13739,0,0,0,0,0,0,0,0,0,0,0,0,0,0,0,0,0,0,0,0,0
13740,0,0,0,0,0,0,0,0,0,0,0,0,0,0,0,0,0,0,0,0,0
13741,0,0,0,0,0,0,0,0,0,0,0,0,0,0,0,0,0,0,0,0,0
13742,0,0,0,0,0,0,0,0,0,0,0,0,0,0,0,0,0,0,0,0,0
13743,0,0,0,0,0,0,0,0,0,0,0,0,0,0,0,0,0,0,1,1,1
13744,0,0,0,0,0,0,0,0,0,0,0,0,0,0,0,0,1,1,0,1,1
13745,0,0,0,0,0,0,0,0,0,0,0,0,0,0,0,0,0,0,0,0,0
13746,0,0,0,0,0,0,0,0,0,0,0,0,0,0,0,0,0,0,0,0,0
13747,0,0,0,0,0,0,0,0,0,0,0,0,0,0,0,0,0,0,0,0,0
13748,0,0,0,0,0,0,0,0,0,0,0,0,0,0,0,0,0,0,0,0,0
13749,0,0,0,0,0,0,0,0,0,0,0,0,0,0,0,0,0,0,0,0,0
13750,0,0,0,0,0,0,0,0,0,0,0,0,0,0,0,0,0,0,0,0,0
13751,0,0,0,0,0,0,0,0,0,0,0,0,0,0,0,0,0,0,0,0,0
13752,0,0,0,0,0,0,0,0,1,1,1,0,0,0,1,1,1,1,0,1,1
13753,2,2,3,2,2,2,2,2,2,3,2,2,2,2,2,2,3,2,2,2,2
13754,0,0,0,0,0,0,0,0,0,0,0,0,0,0,0,0,0,0,0,0,0
13755,1,1,1,1,1,1,1,1,1,1,1,1,1,1,2,2,2,1,1,1,1
13756,0,1,0,0,0,0,0,0,1,0,0,0,0,0,0,1,0,0,0,0,0
13757,0,1,1,1,0,0,0,0,1,1,1,0,0,0,0,1,1,1,0,0,0
13758,0,0,0,0,0,0,0,0,0,0,0,0,0,0,0,0,0,0,0,0,0
13759,0,0,0,0,0,0,0,0,0,0,0,0,0,0,0,0,0,0,0,0,0
13760,3,3,3,2,2,1,2,3,3,3,2,2,1,2,3,3,3,2,2,2,2
13761,0,0,0,0,0,0,0,0,0,0,0,0,0,0,0,0,0,0,0,0,0
13762,0,0,0,0,0,0,0,0,0,0,0,0,0,0,0,0,0,0,0,0,0
13763,14,16,16,16,14,13,15,18,20,18,16,13,12,14,14,14,12,11,9,9,10
13764,29,33,33,29,25,22,22,29,33,33,29,25,22,22,29,33,33,29,25,22,22
13765,12,13,12,12,11,10,10,12,13,12,12,11,10,10,12,13,12,12,11,10,10
13766,3,4,4,3,2,2,3,3,4,4,3,3,2,2,3,3,3,2,2,2,2
13767,0,0,1,0,0,0,0,0,0,1,0,0,0,0,0,0,1,0,0,0,0
13768,1,1,1,0,1,1,1,1,1,1,1,1,1,1,1,1,1,1,1,1,1
13769,1,2,2,1,1,2,1,1,2,2,1,1,2,1,1,2,2,1,1,2,1
13770,0,0,0,0,0,0,0,0,0,0,0,0,0,0,0,0,0,0,0,0,0
13771,0,0,0,0,0,0,0,0,0,0,0,0,0,0,0,0,0,0,0,0,0
13772,0,0,0,0,0,0,0,0,0,0,0,0,0,0,0,0,0,0,0,0,1
13773,87,89,89,83,74,69,75,91,102,108,103,91,84,90,103,108,107,96,83,76,81
13774,0,1,1,1,1,1,1,0,1,1,1,1,1,1,0,1,1,1,1,1,1
13775,0,0,0,0,0,0,0,0,0,0,0,0,0,0,0,1,1,1,1,1,1
13776,2,2,1,1,1,1,2,2,2,1,1,1,1,2,2,2,1,1,1,1,2
13777,0,0,0,0,0,0,0,0,0,0,0,0,0,0,0,0,0,0,0,0,0
13778,4,4,4,4,4,3,3,4,4,4,4,4,3,3,4,4,4,4,4,3,3
13779,10,12,12,11,10,8,8,10,12,12,11,10,8,8,10,12,12,11,10,8,8
13780,9,9,9,8,6,6,6,9,11,11,11,9,7,8,10,10,10,9,8,7,8
13781,12,14,18,16,14,8,8,11,14,18,16,14,8,8,11,13,18,16,14,8,8
13782,40,37,37,32,28,24,26,36,39,42,37,31,27,27,35,37,38,33,28,24,25
13783,25,29,34,33,27,18,19,26,33,38,37,31,21,21,27,31,36,34,28,19,20
13784,3,3,3,3,3,2,2,3,3,3,3,3,2,2,3,3,3,3,3,2,2
13785,14,14,16,16,15,12,12,13,14,16,16,15,12,12,13,14,16,16,15,12,12
13786,1,1,1,1,1,1,1,1,1,2,1,1,1,1,2,2,2,1,1,1,1
13787,2,3,2,2,2,2,2,2,2,2,2,2,2,2,2,2,2,2,2,1,2
13788,2,2,3,3,2,2,2,2,2,3,3,2,2,2,2,2,3,3,2,2,2
13789,5,8,11,12,9,5,4,5,8,11,12,9,4,4,5,8,11,12,9,4,4
13790,9,11,19,17,15,9,7,9,10,18,17,15,8,7,8,10,18,16,15,8,7
13791,1,1,1,1,1,1,1,2,2,2,2,1,1,1,1,1,1,1,1,1,1
13792,1,1,1,1,1,1,1,2,2,2,1,1,1,1,1,1,1,1,1,1,1
13793,3,3,3,3,2,2,2,2,3,3,3,2,2,2,2,3,3,3,2,2,2
13794,5,5,8,8,8,4,4,5,5,8,8,8,4,4,4,5,8,8,8,4,4
13795,3,3,3,2,2,2,3,3,3,3,3,3,3,3,3,3,4,3,3,3,3
13796,25,30,36,35,28,19,21,30,39,45,43,34,24,24,30,35,40,37,30,20,22
13797,5,5,7,7,6,5,4,5,5,7,7,6,5,4,5,5,7,7,6,5,4
13798,1,1,1,1,1,1,1,1,1,1,1,1,1,1,1,1,1,1,1,1,1
13799,2,2,2,1,2,1,2,2,2,2,1,1,1,2,2,2,2,1,1,2,2
13800,2,2,2,2,2,2,2,3,3,3,2,2,2,2,2,3,3,2,2,2,2
13801,0,1,1,1,1,1,1,1,1,1,1,1,1,1,1,1,1,1,1,1,1
13802,3,4,4,5,4,3,3,3,4,4,5,4,3,3,4,4,4,5,4,3,3
13803,1,2,2,1,2,2,2,2,2,2,1,1,1,2,2,2,1,1,1,1,1
13804,3,4,4,4,3,3,3,3,3,4,4,3,3,3,2,3,3,3,3,2,2
13805,1,1,1,0,0,0,0,1,1,1,0,0,0,0,1,1,1,0,0,0,0
13806,0,0,1,0,0,0,0,0,0,1,0,0,0,0,0,0,1,0,0,0,0
13807,0,0,0,0,0,0,0,0,0,0,0,0,0,0,0,0,0,0,0,0,0
13808,1,1,1,1,1,1,1,1,1,1,1,1,1,1,1,1,1,1,1,1,1
13809,0,0,0,0,0,0,0,0,0,0,0,0,0,0,0,0,0,0,0,0,0
13810,0,0,0,0,0,0,0,0,0,0,0,0,0,0,0,0,0,0,0,0,0
13811,0,0,0,0,0,0,0,0,0,0,0,0,0,0,0,0,0,0,0,0,0
13812,0,0,0,0,0,0,0,0,0,0,0,0,0,0,0,0,0,0,0,0,0
13813,0,0,0,0,0,0,0,0,0,0,0,0,0,0,0,0,0,0,1,1,1
13814,0,0,0,0,0,0,0,0,0,0,0,0,0,0,0,0,0,0,0,0,0
13815,0,0,0,0,0,0,0,0,0,0,0,0,0,0,0,0,0,0,0,0,0
13816,0,0,0,0,0,0,0,0,0,0,0,0,0,0,0,0,0,0,0,0,0
13817,0,0,0,0,0,0,0,0,0,0,0,0,0,0,0,0,0,0,0,0,0
13818,0,0,0,0,0,0,0,0,0,0,0,0,0,0,0,0,0,0,0,0,0
13819,0,0,0,0,0,0,0,0,0,0,0,0,0,0,0,0,0,0,0,0,0
13820,0,0,0,0,0,0,0,0,0,0,0,0,0,0,0,0,0,0,0,0,0
13821,0,0,0,0,0,0,0,0,0,0,0,0,0,0,0,0,0,0,0,0,0
13822,0,0,0,0,0,0,0,0,0,0,0,0,0,0,0,0,0,0,0,0,0
13823,1,1,1,1,1,1,1,1,1,1,1,1,1,1,2,2,1,1,1,1,2
13824,0,0,0,0,0,0,0,0,0,0,0,0,0,0,0,0,0,0,0,0,0
13825,0,0,0,0,0,0,0,0,0,0,0,0,0,0,0,0,0,0,0,0,0
13826,0,0,0,0,0,0,0,0,0,0,0,0,0,0,0,0,0,0,0,0,0
13827,1,1,1,0,0,0,0,1,1,1,0,0,0,0,1,1,1,0,1,1,1
13828,2,2,2,2,1,1,1,2,2,2,2,1,1,1,2,2,2,2,1,1,1
13829,0,0,0,0,0,0,0,0,0,0,0,0,0,0,0,0,0,0,0,0,0
13830,0,0,0,0,0,0,0,0,0,0,0,0,0,0,0,0,0,0,0,0,0
13831,2,1,1,1,1,2,2,3,3,2,2,1,2,2,3,2,1,1,1,2,3
13832,1,1,1,1,1,2,1,1,1,1,1,1,2,1,1,1,1,1,1,2,1
13833,21,13,24,30,24,23,21,19,11,31,61,73,57,35,25,17,32,43,40,36,32
13834,0,0,0,0,0,0,0,0,0,0,0,0,0,0,0,0,0,0,0,0,0
13835,0,0,0,0,0,0,0,0,0,0,0,0,0,0,0,0,0,0,0,0,0
13836,3,4,4,3,3,3,3,3,4,4,3,3,3,3,3,4,4,3,3,3,3
13837,3,4,4,4,3,3,3,3,4,4,4,3,3,3,3,4,4,4,3,3,3
13838,11,8,7,8,7,6,13,12,8,7,8,7,6,13,12,8,7,8,7,6,13
13839,16,18,23,26,13,20,29,16,18,22,26,13,20,29,16,18,22,26,13,20,29
13840,9,17,21,14,9,5,3,6,19,39,31,13,6,4,7,14,14,9,7,5,3
13841,13,15,22,22,18,15,16,18,18,20,20,16,15,15,16,12,12,12,10,10,11
13842,4,4,4,3,0,0,3,4,4,4,3,0,0,3,4,4,4,3,0,0,3
13843,6,13,17,18,12,7,6,6,12,16,17,12,7,7,6,12,16,17,12,7,6
13844,1,1,2,2,2,1,1,1,1,2,2,2,1,1,1,1,2,2,2,1,1
13845,0,0,0,0,0,0,0,0,0,0,0,0,0,0,0,0,0,0,0,0,0
13846,102,116,119,112,92,64,62,93,109,115,106,89,62,61,95,116,121,113,98,70,69
13847,45,61,52,48,51,50,50,45,61,52,48,51,50,50,45,61,52,48,51,50,50
13848,251,255,259,198,185,183,214,243,255,267,209,200,194,225,254,267,278,217,205,202,236
13849,29,33,23,33,16,20,26,29,33,23,33,16,20,26,30,33,23,33,16,20,26
13850,19,35,20,15,13,20,15,19,35,20,15,13,20,15,19,35,20,15,13,20,15
13851,0,0,0,0,0,0,0,1,1,1,1,0,1,1,1,1,1,1,1,1,1
13852,3,4,4,4,3,2,4,6,7,7,6,5,3,5,6,8,8,7,7,5,7
13853,91,117,100,74,47,65,83,94,119,101,74,46,64,81,91,117,100,74,46,64,81
13854,95,88,78,71,62,66,71,83,83,76,70,61,63,68,80,82,79,76,69,73,80
13855,1,1,2,2,1,0,1,1,1,2,2,1,0,1,1,1,2,2,1,0,1
13856,256,245,237,202,188,162,201,248,240,226,188,177,147,178,222,221,222,200,192,165,199
13857,146,157,151,117,85,115,133,147,158,151,118,85,114,132,145,155,149,116,84,114,132
13858,17,9,6,9,5,15,9,15,15,12,12,6,15,9,15,19,20,20,11,18,12
13859,216,235,219,214,197,188,201,223,250,223,209,189,174,182,204,232,212,202,186,178,191
13860,64,100,82,79,74,75,75,65,102,83,81,75,76,76,66,103,84,81,76,77,77
13861,26,26,30,23,21,19,17,26,26,30,23,21,19,17,26,26,30,23,21,19,17
13862,11,11,9,4,4,4,5,4,10,13,9,7,5,6,5,11,12,7,6,5,7
13863,12,17,12,16,15,22,23,12,17,12,16,15,22,23,12,17,12,16,15,22,23
13864,38,35,51,52,56,68,66,38,35,51,52,56,68,66,38,35,51,52,56,68,66
13865,13,15,16,10,8,10,9,13,14,16,10,8,10,9,13,14,16,10,8,10,9
13866,38,29,25,25,26,39,34,38,29,25,25,26,39,35,38,30,25,25,27,39,35
13867,17,14,18,22,28,22,26,17,14,18,22,28,22,26,17,14,18,22,28,22,26
13868,0,0,0,0,0,0,0,0,0,0,0,0,0,0,0,0,0,0,0,0,0
13869,0,0,0,0,0,0,0,0,0,0,0,0,0,0,0,0,0,0,0,0,0
13870,10,11,2,3,3,7,11,10,11,2,3,3,7,11,10,11,2,3,3,7,11
13871,0,0,0,0,0,0,0,0,0,0,0,0,0,0,0,0,0,0,0,0,0
13872,0,0,0,0,0,0,0,0,0,0,0,0,0,0,0,0,0,0,0,0,0
13873,0,0,0,0,0,0,0,0,0,0,0,0,0,0,0,0,0,0,0,0,0
13874,0,0,0,0,0,0,0,0,0,0,0,0,0,0,0,0,0,0,0,0,0
13875,0,0,0,0,0,0,0,0,0,0,0,0,0,0,0,0,0,0,0,1,1
13876,6,6,8,6,4,5,6,6,6,8,6,4,5,6,6,6,8,6,4,5,6
13877,3,3,0,0,0,0,0,3,3,0,0,0,0,0,3,3,0,0,0,0,0
13878,0,0,0,0,0,0,0,0,0,0,0,0,0,0,0,0,0,0,0,0,0
13879,1,1,0,0,0,1,1,1,1,0,0,0,1,1,1,1,0,0,0,1,1
13880,2,2,0,0,0,0,0,2,2,0,0,0,0,0,2,2,0,0,0,0,0
13881,4,2,1,1,1,1,1,1,1,1,1,1,1,1,1,0,0,0,0,0,0
13882,0,0,0,0,0,0,0,0,0,0,0,0,0,0,0,0,0,0,0,0,0
13883,2,2,2,1,2,1,1,2,2,2,1,2,1,1,2,2,2,1,2,1,1
13884,5,5,6,5,5,4,4,5,5,6,5,5,4,4,5,5,6,5,5,4,4
13885,0,0,0,0,0,0,0,0,0,0,0,0,0,0,0,0,0,0,0,0,0
13886,0,0,0,0,0,0,0,0,0,0,0,0,0,0,0,0,0,0,0,0,0
13887,2,2,2,2,1,1,1,1,1,2,2,1,1,1,2,2,2,2,1,1,2
13888,1,1,1,1,0,1,1,1,1,1,1,0,1,1,1,1,1,1,0,1,1
13889,0,0,0,0,0,0,0,0,0,0,0,0,0,0,0,0,0,0,0,0,0
13890,1,1,1,1,1,1,1,1,1,1,1,1,1,1,1,1,1,1,1,1,1
13891,0,0,0,0,0,0,0,0,0,0,0,0,0,0,0,0,0,0,0,0,0
13892,0,0,0,1,1,1,0,0,0,0,1,1,1,0,0,0,0,1,1,1,0
13893,1,1,1,1,1,1,1,1,1,1,1,0,0,1,2,3,3,2,2,2,3
13894,4,5,4,4,4,4,4,4,5,4,4,4,4,4,4,5,4,4,4,4,4
13895,7,7,6,6,5,5,5,6,6,6,6,5,5,5,6,7,7,6,6,5,5
13896,0,0,0,0,0,0,0,0,0,0,0,0,0,0,0,0,0,0,0,0,0
13897,0,0,0,0,0,0,0,0,0,0,0,0,0,0,0,0,0,0,0,0,0
13898,4,4,3,3,2,3,3,4,4,3,3,2,3,3,4,4,3,3,2,3,3
13899,0,0,0,0,0,0,0,0,0,0,0,0,0,0,0,0,0,0,0,0,0
13900,0,0,0,0,0,0,0,0,0,0,0,0,0,0,0,0,0,0,0,0,0
13901,32,33,29,23,20,18,19,22,25,25,22,19,18,19,22,24,24,21,18,17,18
13902,1,1,1,1,1,1,1,1,1,1,1,1,1,1,1,1,1,1,1,1,1
13903,0,0,0,0,0,0,0,0,0,0,0,0,0,0,0,0,1,1,0,0,0
13904,0,0,0,2,2,0,0,0,0,0,2,2,0,0,0,0,0,2,2,0,0
13905,2,2,2,2,2,2,2,2,2,2,2,2,2,2,3,3,3,3,2,2,3
13906,4,5,4,3,3,2,2,3,4,4,3,3,2,2,3,4,4,3,3,3,3
13907,3,3,3,2,2,2,2,3,3,3,2,2,2,2,3,3,3,2,2,2,2
13908,4,6,6,5,4,3,4,5,6,7,6,5,4,5,6,7,7,6,6,5,6
13909,9,10,10,10,8,7,7,9,10,10,10,8,7,7,9,10,10,10,8,7,7
13910,2,2,2,2,2,2,2,2,2,2,2,2,2,2,2,2,2,2,2,2,2
13911,0,0,0,0,0,0,0,0,0,0,0,0,0,0,0,0,0,0,0,0,0
13912,0,0,0,0,0,0,0,0,0,0,0,0,0,0,0,0,0,0,0,0,0
13913,2,2,2,2,1,1,2,2,2,2,2,1,1,1,2,2,2,1,1,1,2
13914,35,46,57,61,53,43,35,41,48,55,57,50,41,33,44,58,70,73,64,54,47
13915,11,14,16,23,21,15,8,11,14,16,23,21,15,8,11,14,16,24,21,15,8
13916,8,7,5,5,4,4,4,6,6,5,6,4,5,5,6,7,5,6,5,5,5
13917,51,63,65,54,44,37,41,50,63,65,54,44,37,41,50,63,65,54,44,37,41
13918,0,0,0,0,0,0,0,0,0,0,0,0,0,0,0,0,0,0,0,0,0
13919,2,3,2,2,2,1,2,2,3,2,2,2,1,2,2,3,2,2,2,1,2
13920,4,3,3,3,2,2,2,3,3,3,3,2,2,2,3,3,3,3,2,2,2
13921,15,15,17,15,12,12,11,15,16,18,16,14,13,12,15,16,18,15,13,12,12
13922,0,0,0,0,0,0,0,0,0,0,0,0,0,0,0,0,0,0,0,0,0
13923,1,1,1,1,1,0,1,1,1,1,1,1,0,1,1,1,1,1,1,1,1
13924,3,2,3,2,2,2,2,2,2,3,2,2,2,2,2,2,3,2,2,1,2
13925,0,0,0,0,0,0,0,0,0,0,0,0,0,0,0,0,0,0,0,0,0
13926,11,11,10,9,8,7,8,9,10,10,9,8,7,8,9,11,10,9,8,7,8
13927,2,3,2,2,2,2,2,2,3,3,2,2,2,2,2,3,3,2,2,2,2
13928,1,1,1,2,1,1,1,1,1,1,2,1,1,1,1,1,1,2,1,1,1
13929,1,2,2,1,1,1,1,1,2,2,1,1,1,1,1,1,1,1,1,1,1
13930,2,1,1,1,1,1,1,1,1,1,1,1,1,1,1,1,1,1,1,1,1
13931,3,3,2,2,2,2,2,3,3,2,2,2,2,2,2,2,2,2,2,2,2
13932,1,1,1,0,0,0,0,0,0,1,1,0,0,0,1,1,1,1,0,0,0
13933,0,0,0,0,0,0,0,0,0,0,0,0,0,0,0,0,0,0,0,0,0
13934,1,1,1,1,1,1,1,1,1,1,1,1,1,1,1,1,1,1,1,1,1
13935,4,5,5,4,3,3,3,4,4,4,3,2,3,3,4,4,4,3,2,2,3
13936,1,1,1,1,1,1,1,1,1,1,1,1,1,1,1,1,1,1,1,1,1
13937,1,1,1,0,1,1,0,1,1,1,0,1,1,0,1,1,1,1,1,1,0
13938,3,3,3,2,2,2,2,2,3,2,2,2,2,2,2,2,2,2,2,2,2
13939,1,1,1,1,1,1,1,1,1,1,1,1,1,1,1,1,1,1,1,1,1
13940,0,1,1,1,0,0,0,0,1,1,1,0,0,0,0,1,1,1,0,0,0
13941,1,1,1,1,1,1,1,1,1,1,1,1,1,1,1,1,1,1,1,1,1
13942,1,1,1,1,1,1,1,1,1,1,1,1,1,1,1,2,1,1,1,1,1
13943,1,1,1,0,0,0,1,1,1,1,0,0,0,1,1,1,1,0,0,0,1
13944,0,0,0,0,0,0,0,0,0,0,0,0,0,0,0,0,0,0,0,0,0
13945,0,0,1,0,0,0,0,0,0,0,0,0,0,0,0,0,0,0,0,0,0
13946,0,0,0,0,0,0,0,0,0,0,0,0,0,0,0,0,0,0,0,0,0
13947,0,0,0,0,0,0,0,0,0,0,0,0,0,0,0,0,0,0,0,0,0
13948,0,0,0,0,0,0,0,0,0,0,0,0,0,0,0,0,0,0,0,0,0
13949,0,0,0,0,0,0,0,0,0,0,0,0,0,0,0,0,0,0,0,0,0
13950,0,0,0,0,0,0,0,0,0,0,0,0,0,0,0,0,0,0,0,0,0
13951,0,0,0,0,0,0,0,0,0,0,0,0,0,0,0,0,0,0,0,0,0
13952,0,0,0,0,0,0,0,0,0,0,0,0,0,0,0,0,0,0,0,0,0
13953,0,0,0,0,0,0,0,0,0,0,0,0,0,0,0,0,0,0,0,0,0
13954,0,0,0,0,0,0,0,0,0,0,0,0,0,0,0,0,0,0,0,0,0
13955,0,0,0,0,0,0,0,0,0,0,0,0,0,0,0,0,0,0,0,0,0
13956,0,0,0,0,0,0,0,0,0,0,0,0,0,0,0,0,0,0,0,0,0
13957,0,0,0,0,0,0,0,0,0,0,0,0,0,0,0,0,0,0,0,0,0
13958,0,0,0,0,0,0,0,0,0,0,0,0,0,0,0,0,0,0,0,0,0
13959,0,0,0,0,0,0,0,0,0,0,0,0,0,0,0,0,0,0,0,0,0
13960,0,0,0,0,0,0,0,0,0,0,0,0,0,0,1,1,1,1,1,1,1
13961,0,0,0,0,0,0,0,0,0,0,0,0,0,0,0,0,0,0,0,0,0
13962,0,0,0,0,0,0,0,0,0,0,0,0,0,0,0,0,0,0,0,0,0
13963,0,0,0,0,0,0,0,0,0,0,0,0,0,0,0,0,0,0,0,0,0
13964,1,1,1,1,1,1,1,1,1,1,1,1,1,1,1,1,1,1,1,1,2
13965,0,0,0,0,0,0,0,0,0,0,0,0,0,0,0,0,0,0,0,0,0
13966,1,1,1,1,1,0,0,0,1,1,1,1,0,0,1,1,1,1,1,0,1
13967,0,0,0,0,0,0,0,0,0,0,0,0,0,0,0,0,0,0,0,0,0
13968,0,0,0,0,0,0,0,0,0,0,0,0,0,0,0,0,0,0,0,0,0
13969,0,0,0,0,0,0,0,0,0,0,0,0,0,0,0,0,0,0,0,0,0
13970,0,0,0,0,0,0,0,0,0,0,0,0,0,0,0,0,0,0,0,0,0
13971,0,0,0,0,0,0,0,0,0,0,0,0,0,0,0,0,0,0,0,0,0
13972,1,1,1,1,1,2,2,2,2,2,3,2,2,2,2,2,2,2,2,2,2
13973,0,0,0,0,0,0,0,0,0,0,0,0,0,0,0,0,0,0,0,0,0
13974,1,1,2,2,1,2,2,2,2,2,2,2,2,2,2,2,2,2,1,1,1
13975,5,5,6,6,5,5,5,5,5,6,6,5,5,5,5,5,6,6,5,5,5
13976,0,0,0,0,1,0,0,0,0,1,1,1,1,1,0,0,0,0,1,0,0
13977,2,2,3,3,3,2,2,2,2,3,3,3,2,2,2,2,3,3,3,2,2
13978,12,12,12,11,9,9,10,11,11,11,10,9,9,10,12,12,12,11,10,10,10
13979,0,0,0,0,0,0,0,0,0,0,0,0,0,0,0,0,0,0,0,0,0
13980,0,0,0,0,0,0,0,0,0,0,0,0,0,0,0,0,0,0,0,0,0
13981,24,27,28,26,21,17,17,22,27,30,28,23,19,18,23,26,26,24,20,17,17
13982,0,0,0,0,0,0,0,0,0,0,0,0,0,0,0,0,0,0,0,0,0
13983,0,0,0,0,0,0,0,0,0,0,0,0,0,0,0,0,0,0,0,0,0
13984,2,2,2,3,3,2,2,2,2,2,3,3,2,2,2,2,2,3,3,2,2
13985,13,12,12,11,8,8,9,12,12,12,11,9,8,9,13,12,12,11,9,9,10
13986,2,3,2,2,3,2,2,2,3,2,2,3,2,2,2,3,2,2,3,2,2
13987,1,1,1,1,1,1,1,1,1,1,1,1,1,1,1,1,1,1,1,1,1
13988,27,32,29,33,25,23,24,28,32,28,32,25,23,24,28,32,28,32,25,24,25
13989,0,0,0,0,0,0,0,0,0,0,0,0,0,0,0,0,0,0,0,0,0
13990,12,10,8,6,4,6,8,10,9,8,6,4,6,9,13,14,15,12,9,10,13
13991,0,0,0,0,0,0,0,0,0,0,0,0,0,0,0,0,0,0,0,0,0
13992,1,1,1,0,0,1,1,1,1,1,0,0,1,1,1,1,1,0,0,1,1
13993,1,1,1,1,1,1,1,1,1,1,1,1,1,1,1,1,1,1,1,1,1
13994,0,0,0,0,0,0,0,0,0,0,0,0,0,0,0,0,0,0,0,0,0
13995,0,0,0,0,0,0,0,0,0,0,0,0,0,0,0,0,0,0,0,0,0
13996,0,0,0,0,0,0,0,0,0,0,0,0,0,0,0,0,0,0,0,0,0
13997,0,0,0,0,0,0,0,0,0,0,0,0,0,0,0,0,0,0,0,0,0
13998,0,0,0,0,0,0,0,0,0,0,0,0,0,0,0,0,0,0,0,0,0
13999,0,0,1,0,0,0,0,0,0,1,0,0,0,0,0,0,1,0,0,0,0
14000,0,0,0,0,0,0,0,0,0,0,0,0,0,0,0,0,0,0,0,0,0
14001,0,0,0,0,0,0,0,0,0,0,0,0,0,0,0,0,0,0,0,0,0
14002,4,4,3,3,3,3,3,3,3,3,3,3,3,3,4,4,3,3,3,3,3
14003,0,0,0,0,0,0,0,0,0,0,0,0,0,0,0,0,0,0,0,0,0
14004,0,0,0,0,0,0,0,0,0,0,0,0,0,0,0,0,0,0,0,0,0
14005,0,0,0,0,0,0,0,0,0,0,0,0,0,0,0,0,0,0,0,0,0
14006,0,0,0,0,0,0,0,0,0,0,0,0,0,0,0,0,0,0,0,0,0
14007,20,20,19,18,17,20,16,20,19,17,17,15,18,14,18,18,17,17,15,18,14
14008,18,16,16,12,13,15,15,18,16,16,12,13,15,14,17,16,16,12,13,15,14
14009,4,4,4,3,3,3,4,4,4,4,3,4,3,3,4,3,3,2,2,2,3
14010,10,10,9,8,6,6,6,8,9,9,8,7,6,6,8,7,7,6,5,5,5
14011,10,9,9,7,7,8,9,10,10,9,7,6,6,6,6,6,6,5,5,6,6
14012,6,7,6,6,5,4,4,5,6,6,6,5,4,4,5,5,4,4,3,3,3
14013,6,6,5,4,4,4,4,6,7,6,5,4,4,3,5,5,4,4,3,3,3
14014,13,14,12,10,10,9,9,11,12,12,9,10,9,9,11,12,12,10,10,9,9
14015,2,2,2,2,1,1,2,2,2,2,2,2,1,2,2,2,1,1,1,1,1
14016,5,4,4,3,3,3,4,5,4,4,3,3,3,4,5,3,4,3,3,3,4
14017,2,2,1,1,1,2,1,2,2,1,1,1,2,1,2,2,1,1,1,2,1
14018,3,3,3,3,3,3,3,3,3,3,3,3,3,3,3,3,3,3,3,3,3
14019,0,0,0,0,0,0,0,0,0,0,0,0,0,0,0,0,0,0,0,0,0
14020,3,3,3,3,2,2,2,3,3,3,3,2,2,2,3,3,3,3,2,2,2
14021,6,6,6,6,6,5,5,6,6,6,6,6,5,5,6,7,6,6,6,5,5
14022,5,5,5,4,4,4,4,5,6,6,5,5,5,5,5,5,5,5,5,4,5
14023,2,2,2,1,2,2,1,2,2,2,1,2,2,1,2,2,2,1,2,2,1
14024,6,6,7,6,6,7,5,6,6,7,6,6,7,5,6,6,7,6,6,7,5
14025,2,2,1,2,2,1,1,2,2,1,2,2,1,1,2,2,1,2,2,1,1
14026,0,1,1,1,0,1,1,1,1,1,1,1,1,1,1,1,1,1,1,1,1
14027,0,0,0,0,0,0,0,0,0,0,0,0,0,0,0,0,0,0,0,0,0
14028,0,0,0,0,0,0,0,0,0,0,0,0,0,0,0,0,0,0,0,0,0
14029,0,0,0,0,0,0,0,0,0,0,0,0,0,0,0,0,0,0,0,0,0
14030,0,1,0,0,0,0,0,0,1,0,0,0,0,0,0,1,0,0,0,0,0
14031,5,5,5,4,3,3,3,5,5,5,4,3,3,3,5,5,5,4,3,3,3
14032,7,9,9,9,8,8,6,7,9,9,9,8,8,6,7,9,9,9,8,8,6
14033,206,209,227,245,209,184,167,206,209,227,245,209,184,167,206,209,227,245,209,184,167
14034,22,26,28,23,21,21,22,22,26,28,23,21,21,22,22,26,28,23,21,21,22
14035,0,0,0,0,0,0,0,0,0,0,0,0,0,0,0,0,0,0,0,0,0
14036,0,0,0,0,0,0,0,0,0,0,0,0,0,0,0,0,0,0,0,0,0
14037,0,0,0,0,0,0,0,0,0,0,0,0,0,0,0,0,0,0,0,0,0
14038,3,4,4,3,2,2,2,3,5,4,3,2,2,2,3,5,4,3,2,2,2
14039,1,1,1,0,0,0,0,1,1,1,0,0,0,0,1,1,1,0,0,1,0
14040,10,13,14,12,10,9,9,11,13,13,10,8,8,8,11,14,15,13,11,10,10
14041,5,6,7,7,6,5,5,6,8,7,7,6,5,5,6,7,7,7,6,5,5
14042,5,5,5,5,4,4,4,6,6,5,5,4,4,4,5,5,5,5,4,4,4
14043,1,1,1,1,1,1,1,1,1,1,1,1,1,1,1,1,1,1,1,1,1
14044,8,9,9,9,8,7,7,8,10,9,9,8,7,7,8,9,9,9,8,7,7
14045,0,1,1,1,1,0,0,0,1,1,1,1,0,0,0,1,1,1,1,0,0
14046,3,3,3,3,2,2,2,3,3,3,3,2,2,2,3,3,3,3,2,2,2
14047,8,9,10,9,7,7,7,8,9,10,9,7,7,7,8,9,10,9,7,7,7
14048,1,1,1,1,1,1,1,1,1,1,1,1,1,1,1,1,1,1,1,1,1
14049,3,4,4,4,4,4,4,4,5,5,4,4,4,4,4,5,5,4,4,3,4
14050,1,1,1,1,1,1,1,1,1,1,1,1,1,1,1,1,1,1,1,1,1
14051,0,0,0,0,0,0,0,0,0,0,0,0,0,0,0,0,0,0,0,0,0
14052,0,0,0,0,0,0,0,0,0,0,0,0,0,0,0,0,0,0,0,0,0
14053,2,4,4,4,3,2,3,3,4,4,4,3,2,2,3,4,4,3,3,2,2
14054,5,7,7,6,5,5,5,6,7,7,6,6,5,5,6,7,8,6,6,5,5
14055,0,0,0,0,0,0,0,0,0,0,0,0,0,0,0,0,0,0,0,0,0
14056,22,23,22,20,17,18,17,21,23,21,19,15,17,15,19,20,19,17,14,16,14
14057,2,3,2,2,2,2,2,3,3,2,2,2,2,2,3,3,2,2,1,2,2
14058,0,0,0,0,0,0,0,0,0,0,0,0,0,0,0,0,0,0,0,0,0
14059,7,8,7,7,6,7,6,7,8,7,7,6,7,6,7,8,7,7,6,7,6
14060,2,3,2,2,2,2,2,2,3,2,2,2,2,2,2,2,2,2,2,2,2
14061,3,3,4,1,1,1,2,3,3,4,1,1,1,2,3,3,4,1,1,1,2
14062,1,1,1,1,1,1,1,1,1,1,1,1,1,1,1,1,1,1,1,1,1
14063,3,4,4,4,3,3,3,5,5,5,5,4,4,4,5,5,5,4,4,4,5
14064,0,0,0,0,0,0,0,0,0,0,0,0,0,0,0,0,0,0,0,0,0
14065,3,3,3,3,2,2,2,3,3,3,3,2,2,2,3,3,3,3,2,2,2
14066,1,1,1,1,1,1,1,1,2,1,1,1,1,1,1,2,1,1,1,1,1
14067,3,0,1,1,1,2,12,3,0,1,1,1,2,12,3,0,1,1,1,2,12
14068,0,1,0,0,0,0,1,0,1,1,1,0,0,1,1,1,1,1,0,0,1
14069,0,0,0,0,0,0,0,0,0,0,0,0,0,0,0,0,0,0,0,0,0
14070,0,0,0,0,0,0,0,0,0,0,0,0,0,0,0,0,0,0,0,0,0
14071,1,1,1,1,1,1,1,1,1,1,1,1,1,1,1,1,1,1,1,1,1
14072,0,0,0,0,0,0,0,0,0,0,0,0,0,0,0,0,0,0,0,0,0
14073,0,0,0,0,0,0,0,0,0,0,1,1,1,1,1,1,1,1,1,1,1
14074,0,0,0,0,0,0,0,0,0,0,0,0,0,0,0,0,0,0,0,0,0
14075,0,0,0,0,0,0,0,0,0,0,0,0,0,0,0,0,0,0,0,0,0
14076,2,2,2,2,2,2,2,2,2,2,2,2,2,2,2,2,2,2,2,2,2
14077,1,1,1,1,1,1,1,1,1,1,1,1,1,1,1,1,1,1,1,1,1
14078,0,0,0,0,0,0,0,0,0,0,0,0,0,0,0,0,0,0,0,0,0
14079,0,0,0,0,0,0,0,0,0,0,0,0,0,0,0,0,0,0,0,0,0
14080,2,3,3,3,3,3,3,3,4,4,3,3,3,3,4,4,4,3,3,3,3
14081,1,1,1,1,1,1,1,1,1,1,1,1,1,1,1,1,1,1,1,1,1
14082,0,0,0,0,0,0,0,0,0,0,0,0,0,0,0,0,0,0,0,0,0
14083,0,0,0,0,0,0,0,0,0,0,0,0,0,0,0,0,0,0,0,0,0
14084,9,12,13,13,11,8,8,9,13,14,14,12,9,8,9,13,14,14,12,9,8
14085,0,0,0,0,0,0,0,0,0,0,0,0,0,0,0,0,0,0,0,0,0
14086,1,1,1,1,1,0,0,0,0,1,1,1,0,0,0,0,1,1,1,0,0
14087,0,0,1,1,1,0,1,1,1,1,1,1,1,1,1,1,1,1,1,1,1
14088,1,0,0,0,0,0,0,0,0,0,0,0,0,0,1,0,0,0,0,0,1
14089,0,0,0,0,0,0,0,0,0,0,0,0,0,0,0,0,0,0,0,0,0
14090,0,1,1,1,1,1,0,0,1,1,1,1,1,0,0,1,1,1,1,1,0
14091,0,0,0,0,0,0,0,0,0,0,0,0,0,0,0,0,0,0,0,0,0
14092,0,0,0,0,0,0,0,0,0,0,0,0,0,0,0,0,0,0,0,0,0
14093,0,0,0,0,0,0,0,0,0,0,0,0,0,0,0,0,0,0,0,0,0
14094,0,0,0,1,1,0,0,0,0,0,1,1,0,0,0,0,1,1,1,0,0
14095,0,0,0,0,0,0,0,0,0,0,0,0,0,0,0,0,0,0,0,0,0
14096,0,0,0,0,0,0,0,0,0,0,0,0,0,0,0,0,0,0,0,0,0
14097,0,0,0,0,3,1,1,0,0,0,0,3,1,1,0,0,0,0,3,1,1
14098,1,1,1,1,1,1,1,1,1,1,1,1,1,1,1,1,1,1,1,1,1
14099,5,5,5,5,4,4,4,4,4,4,5,4,4,4,4,4,4,4,4,3,4
14100,1,1,1,1,1,1,1,1,1,1,1,1,1,1,1,1,1,1,1,1,1
14101,4,4,4,4,3,3,3,4,4,4,4,3,3,3,3,3,3,3,3,3,3
14102,1,1,1,0,0,0,1,1,1,1,0,0,0,1,1,1,1,0,0,0,1
14103,2,2,2,2,2,1,1,1,1,1,1,1,1,1,2,2,2,2,2,2,2
14104,0,0,0,0,0,0,0,0,0,0,0,0,0,0,0,0,0,0,0,0,0
14105,0,0,0,0,0,0,0,0,0,0,0,0,0,0,0,0,0,0,0,0,0
14106,2,2,2,2,2,2,2,2,2,2,2,2,2,2,2,2,2,2,2,2,2
14107,21,22,22,18,14,12,12,16,20,24,22,18,14,14,17,19,19,16,13,12,12
14108,3,3,3,3,2,2,2,2,3,3,3,2,2,2,2,3,3,3,2,2,2
14109,0,0,1,1,0,0,0,0,0,1,1,1,0,0,0,0,1,1,0,0,0
14110,0,0,0,0,0,0,0,0,0,0,0,0,0,0,0,0,0,0,0,0,0
14111,2,2,1,1,1,1,1,1,1,1,1,1,1,1,1,1,1,1,1,1,1
14112,1,1,1,1,1,1,0,1,1,1,1,1,1,0,1,1,1,1,1,1,0
14113,0,1,1,1,1,0,0,0,1,1,1,1,0,0,0,1,1,1,1,0,0
14114,0,0,0,0,0,0,0,0,0,0,0,0,0,0,0,0,0,0,0,0,0
14115,0,0,0,0,0,0,0,0,0,0,0,0,0,0,0,0,0,0,0,0,0
14116,1,1,1,1,1,1,1,1,1,1,1,1,1,1,1,1,1,1,1,1,1
14117,4,4,5,4,4,3,3,4,4,5,4,4,3,3,4,4,5,4,4,3,3
14118,15,17,18,16,14,12,12,14,16,18,16,14,12,12,15,16,18,16,14,12,12
14119,5,5,5,4,4,3,4,5,5,5,4,4,3,3,5,5,5,4,4,3,4
14120,9,9,8,6,5,6,8,9,9,8,6,5,6,8,9,9,8,6,5,6,8
14121,0,0,0,0,0,0,0,0,0,0,0,0,0,0,0,0,0,0,0,0,0
14122,1,1,1,1,1,1,1,1,1,1,1,1,1,1,1,1,1,1,1,1,1
14123,9,10,11,10,8,7,7,8,10,11,10,8,7,8,9,11,11,10,8,7,7
14124,16,21,23,23,18,15,14,16,20,22,22,17,14,13,15,20,22,22,17,14,13
14125,4,5,7,7,5,4,4,4,5,7,7,5,4,4,4,5,7,7,5,4,4
14126,4,4,3,3,3,2,2,4,4,3,3,3,2,2,4,4,3,3,3,2,2
14127,17,19,20,19,15,13,12,16,18,20,19,15,13,12,16,18,20,19,15,13,12
14128,4,5,5,5,5,4,4,6,6,6,5,5,4,4,5,5,4,4,3,3,3
14129,1,1,1,1,1,1,1,1,1,1,1,1,1,1,1,1,1,1,1,1,1
14130,3,3,3,3,3,3,3,3,3,3,3,3,3,3,3,3,3,3,3,3,3
14131,1,1,1,1,1,1,1,1,1,1,1,1,1,1,1,1,1,1,1,1,1
14132,4,4,4,3,3,2,2,3,3,4,3,3,2,2,3,4,4,3,3,3,3
14133,2,2,2,2,2,1,1,1,2,2,2,2,1,1,2,2,2,3,2,1,1
14134,3,3,3,3,2,2,2,3,3,3,3,2,2,2,3,3,3,3,2,2,2
14135,1,1,1,1,1,0,1,1,1,1,1,1,0,1,1,1,1,1,1,1,1
14136,2,2,2,2,2,2,2,3,3,3,3,2,2,2,3,3,3,3,2,2,2
14137,4,4,4,3,3,2,3,3,3,4,3,3,2,3,3,3,4,3,3,3,3
14138,0,1,0,0,0,0,0,0,1,0,0,0,0,0,0,1,0,0,0,0,0
14139,0,0,0,0,0,0,0,0,0,0,0,0,0,0,0,0,0,0,0,0,0
14140,0,0,0,0,0,0,0,0,0,0,0,0,0,0,0,0,0,0,0,0,0
14141,0,0,0,0,0,0,0,0,0,0,0,0,0,0,0,0,0,0,0,0,0
14142,0,0,0,0,0,0,0,0,0,0,0,0,0,0,0,0,0,0,0,0,0
14143,1,1,1,0,0,0,1,0,1,1,1,0,0,1,0,1,1,1,0,0,1
14144,0,0,0,0,0,0,0,0,0,0,0,0,0,0,0,0,0,0,0,0,0
14145,1,0,0,0,0,1,1,1,0,0,0,0,1,1,1,0,0,0,0,1,1
14146,0,0,0,0,0,0,0,0,0,0,0,0,0,0,0,0,0,0,0,0,0
14147,0,0,0,0,0,0,0,0,0,0,0,0,0,0,0,0,0,0,0,0,0
14148,2,2,2,2,1,1,1,1,2,2,1,1,1,1,1,2,2,1,1,1,1
14149,1,1,2,1,1,1,1,1,1,2,1,1,1,1,1,1,2,1,1,1,1
14150,2,3,3,2,2,3,2,2,3,3,2,2,3,2,2,3,3,2,2,3,2
14151,15,16,15,14,11,10,10,15,17,16,14,11,10,11,15,17,16,14,12,10,11
14152,7,8,7,6,6,5,6,7,7,7,6,6,6,6,8,9,8,7,7,7,8
14153,5,5,5,4,4,4,5,5,5,5,4,4,4,5,5,5,5,4,4,4,5
14154,2,2,1,1,1,1,1,2,2,1,1,1,1,1,2,2,1,1,1,1,1
14155,0,0,0,0,0,0,0,0,0,0,0,0,0,0,0,0,0,0,0,0,0
14156,0,1,1,1,1,0,0,1,1,1,1,1,0,0,1,1,1,1,1,0,1
14157,0,0,0,0,0,0,0,0,0,0,0,0,0,0,0,0,0,0,0,0,0
14158,0,0,0,0,0,0,0,0,0,0,0,0,0,0,0,0,0,0,0,0,0
14159,0,0,0,0,0,0,0,0,0,0,0,0,0,0,0,0,0,0,0,0,0
14160,34,33,30,28,24,23,24,30,31,31,29,25,24,25,31,32,31,28,25,23,25
14161,17,17,17,18,16,15,15,17,19,19,19,16,15,15,17,19,18,18,16,16,15
14162,0,0,0,0,0,0,0,0,0,0,0,0,0,0,0,0,0,0,0,0,0
14163,3,3,3,2,2,2,2,3,3,3,3,3,2,2,3,3,2,1,1,1,1
14164,0,0,0,0,0,0,0,0,0,0,0,0,0,0,0,0,0,0,0,0,0
14165,0,0,0,0,0,0,0,0,0,0,0,0,0,0,0,0,0,0,0,0,0
14166,12,13,14,12,10,9,9,12,13,13,12,10,9,9,12,13,13,12,11,9,9
14167,0,0,0,0,0,0,0,0,0,0,0,0,0,0,0,0,0,0,0,0,0
14168,0,0,0,0,0,0,0,0,0,0,0,0,0,0,0,0,0,0,0,0,0
14169,8,9,9,8,7,7,7,8,9,9,8,7,7,7,8,9,9,8,7,7,7
14170,3,3,3,2,2,2,2,3,3,3,2,2,2,2,3,3,3,2,2,2,2
14171,6,7,6,6,5,5,5,6,7,6,6,5,5,5,6,7,6,6,5,5,5
14172,3,2,3,2,1,2,2,3,2,3,2,1,2,2,3,2,3,2,1,2,2
14173,3,2,3,2,2,2,2,3,2,3,2,2,2,2,2,2,2,2,2,2,2
14174,1,1,1,1,1,1,1,1,1,1,1,1,1,1,1,1,1,1,1,1,1
14175,0,0,0,0,0,0,0,0,0,0,0,0,0,0,0,0,0,0,0,0,0
14176,0,0,0,0,0,0,0,0,0,0,0,0,0,0,0,0,0,0,0,0,0
14177,2,2,2,1,1,1,1,1,1,1,1,1,1,1,2,2,1,1,1,1,1
14178,2,1,1,1,1,1,1,1,1,1,1,1,1,1,1,1,1,1,1,1,1
14179,0,0,0,0,0,0,0,0,0,0,0,0,0,0,0,0,0,0,0,0,0
14180,0,0,0,0,0,0,0,0,0,0,0,0,0,0,0,0,0,0,0,0,0
14181,0,0,1,1,1,0,1,0,0,1,1,1,0,1,0,0,1,1,1,0,1
14182,75,76,85,83,83,82,75,75,76,85,83,83,82,75,75,75,83,81,82,82,74
14183,0,0,0,0,0,0,0,0,0,0,0,0,0,0,0,0,0,0,0,0,0
14184,8,6,6,5,5,4,5,5,4,4,4,5,4,4,5,3,4,4,5,4,5
14185,3,3,3,3,3,3,3,3,3,3,3,3,3,3,3,3,3,3,3,3,3
14186,1,1,1,1,2,1,1,1,1,1,1,2,1,1,1,1,1,1,2,1,1
14187,0,1,1,1,0,1,1,0,1,1,1,1,1,1,1,1,1,1,1,1,1
14188,0,0,0,0,0,0,0,0,0,0,0,0,0,0,0,0,0,0,0,0,0
14189,0,0,0,0,0,0,0,0,0,0,0,0,0,0,0,0,0,0,0,0,0
14190,0,0,1,1,1,1,0,1,1,1,1,1,1,0,0,0,0,1,0,0,0
14191,0,0,1,0,0,0,0,0,0,1,0,0,0,0,0,0,1,0,0,0,0
14192,0,0,0,0,0,0,0,0,0,0,0,0,0,0,0,0,0,0,0,0,0
14193,0,0,0,0,0,0,0,0,0,0,0,0,0,0,0,0,0,0,0,0,0
14194,0,0,0,0,0,0,0,0,0,0,0,0,0,0,0,0,0,0,0,0,0
14195,0,0,0,0,0,0,0,0,0,0,0,0,0,0,0,0,0,0,0,0,0
14196,0,0,0,0,0,0,0,0,0,0,0,0,0,0,0,0,0,0,0,0,0
14197,0,0,0,0,0,0,0,0,0,0,0,0,0,0,0,0,0,0,0,0,0
14198,0,0,0,0,0,0,0,0,0,0,0,0,0,0,0,0,0,0,0,0,0
14199,0,0,0,0,0,0,0,0,0,0,0,0,0,0,0,0,0,0,0,0,0
14200,0,0,0,0,0,0,0,0,0,0,0,0,0,0,0,0,0,0,0,0,0
14201,0,0,0,0,0,0,0,0,0,0,0,0,0,0,0,0,0,0,0,0,0
14202,1,1,1,1,0,1,1,1,1,1,1,0,1,1,1,1,1,1,0,1,1
14203,8,9,10,9,8,7,8,10,11,11,10,9,8,8,12,12,12,10,9,8,9
14204,6,7,7,5,3,4,4,6,7,7,5,3,4,4,6,7,7,5,3,4,4
14205,1,1,1,1,1,1,1,1,1,1,1,1,1,0,1,1,1,1,1,1,0
14206,11,12,11,9,9,7,7,11,12,11,9,9,7,7,11,12,11,9,9,7,7
14207,4,5,6,6,5,4,4,5,7,8,7,5,4,4,6,7,6,5,4,3,4
14208,0,0,0,0,0,0,0,0,0,0,0,0,0,0,0,0,0,0,0,0,0
14209,1,1,1,1,1,1,1,1,1,1,1,1,1,1,1,1,1,1,1,1,1
14210,9,13,18,15,9,7,6,9,13,18,15,9,7,6,9,13,18,15,9,7,6
14211,0,0,1,0,0,0,0,0,0,1,0,0,0,0,0,0,1,0,0,0,0
14212,3,4,4,4,4,4,4,5,6,6,6,5,4,4,5,5,5,5,4,4,4
14213,4,4,4,4,3,2,3,4,4,4,4,3,2,3,4,4,4,4,3,2,3
14214,9,10,11,10,9,8,7,9,10,11,10,9,8,7,9,10,11,10,9,8,7
14215,0,0,0,0,0,0,0,0,0,0,0,0,0,0,0,0,0,0,0,0,0
14216,3,3,3,3,2,2,2,3,3,3,3,2,2,2,3,3,3,3,2,2,2
14217,2,3,2,2,2,2,2,2,3,2,3,2,2,2,2,3,2,2,2,2,2
14218,1,1,1,1,1,1,1,1,1,1,1,1,1,1,1,1,1,1,1,1,1
14219,2,2,1,1,1,1,1,2,2,1,1,1,1,1,2,2,1,1,1,1,1
14220,0,0,0,0,0,0,0,0,0,0,0,0,0,0,0,0,0,0,0,0,0
14221,8,8,8,7,7,6,7,8,8,8,7,7,6,7,8,8,8,7,7,6,7
14222,1,1,1,1,1,1,1,1,1,1,1,1,1,1,1,1,1,1,1,1,1
14223,0,0,0,0,0,0,0,0,0,0,0,0,0,0,0,0,0,0,0,0,0
14224,14,15,15,14,13,11,12,14,15,15,14,13,11,12,14,15,15,14,13,11,12
14225,0,0,0,0,0,0,0,0,0,0,0,0,0,0,0,0,0,0,0,0,0
14226,5,6,6,6,5,4,5,5,6,6,6,5,4,5,5,6,6,6,5,4,5
14227,4,5,5,5,3,3,3,5,6,6,5,4,3,4,6,8,7,6,4,4,5
14228,0,0,0,0,0,0,0,0,0,0,0,0,0,0,0,0,0,0,0,0,0
14229,2,3,3,2,2,2,2,2,3,3,2,2,2,2,2,3,3,2,2,2,2
14230,2,2,2,1,3,3,3,2,2,2,1,3,4,3,2,2,3,3,5,5,3
14231,0,0,0,0,0,0,0,0,0,0,0,0,0,0,0,0,0,0,0,0,0
14232,1,1,1,0,0,0,0,1,1,1,0,0,0,0,1,1,1,0,0,0,0
14233,0,0,0,0,0,0,0,0,0,0,0,0,0,0,0,0,0,0,0,0,0
14234,0,0,0,0,0,0,0,0,0,0,0,0,0,0,0,0,0,0,0,0,0
14235,1,1,0,0,0,0,1,1,1,0,0,0,0,1,1,1,0,0,0,0,1
14236,0,0,0,0,0,0,0,0,0,0,0,0,0,0,0,0,0,0,0,0,0
14237,0,0,0,0,0,0,0,0,0,0,0,0,0,0,0,0,0,0,0,0,0
14238,2,2,2,1,2,1,2,2,2,2,1,2,1,2,2,2,2,1,2,1,2
14239,0,0,0,0,0,0,0,0,0,0,0,0,0,0,0,0,0,0,0,0,0
14240,0,0,1,1,2,2,3,3,3,3,3,3,4,4,5,5,4,3,3,3,4
14241,0,0,0,0,0,0,0,0,0,0,0,0,0,0,0,0,0,0,0,0,0
14242,0,0,0,0,0,0,0,0,0,0,0,0,0,0,0,0,0,0,0,0,0
14243,0,0,0,0,0,0,0,0,0,0,0,0,0,0,0,0,0,0,0,0,0
14244,0,0,0,0,0,0,0,0,0,0,0,0,0,0,0,0,0,0,0,0,0
14245,0,0,0,0,0,0,0,0,0,0,0,0,0,0,0,0,0,0,0,0,0
14246,0,0,0,0,0,0,0,0,0,0,0,0,0,0,0,1,1,2,2,2,2
14247,0,0,0,0,0,0,0,0,0,0,0,0,0,0,0,0,0,0,0,0,0
14248,0,0,0,0,0,0,0,0,0,0,0,0,0,0,0,0,0,0,0,0,0
14249,0,0,0,0,0,0,0,0,0,0,0,0,0,0,0,0,0,0,0,0,0
14250,0,0,0,0,0,0,0,0,0,0,0,0,0,0,0,0,0,0,0,0,0
14251,0,0,0,0,0,0,0,0,0,0,0,0,0,0,0,0,0,0,0,0,0
14252,14,15,15,12,11,10,11,14,15,14,11,10,10,11,14,15,15,12,11,11,11
14253,26,28,29,28,23,23,24,28,32,34,32,27,26,26,31,34,34,30,25,25,26
14254,0,0,0,0,0,0,0,0,0,0,0,0,0,0,0,0,0,0,0,0,0
14255,17,18,18,17,14,12,12,14,16,16,15,13,13,13,17,20,20,18,15,14,14
14256,1,1,1,1,1,0,0,1,1,1,1,1,0,0,1,1,1,1,1,1,1
14257,2,2,2,2,2,2,2,2,2,2,2,2,2,2,2,2,3,2,2,2,2
14258,0,0,0,0,0,0,0,0,0,0,0,0,0,0,0,0,0,0,0,0,0
14259,0,0,0,0,0,0,0,0,0,0,0,0,0,0,0,0,0,0,0,0,0
14260,0,0,0,0,0,0,0,0,0,0,0,0,0,0,0,0,0,0,0,0,0
14261,0,0,0,0,0,0,0,0,0,0,0,0,0,0,0,0,0,0,0,0,0
14262,0,0,0,0,0,0,0,0,0,0,0,0,0,0,0,0,0,0,0,0,0
14263,1,1,1,1,1,1,1,1,1,1,1,1,1,1,1,1,1,1,1,1,1
14264,0,0,0,0,0,0,0,0,0,0,0,0,0,0,0,0,0,0,0,0,0
14265,1,2,2,1,1,2,1,1,2,2,1,1,2,1,1,2,2,1,1,2,2
14266,0,0,0,0,0,0,0,0,0,0,0,0,0,0,0,0,0,0,0,0,0
14267,1,2,1,1,1,1,1,1,2,1,1,1,1,1,1,2,1,1,1,1,1
14268,0,0,1,0,0,0,0,0,0,1,0,0,0,0,0,0,1,0,0,0,0
14269,4,4,4,4,3,3,4,5,5,5,4,4,3,4,4,4,4,3,3,3,4
14270,8,7,7,5,5,4,5,8,9,10,9,8,7,7,9,8,7,5,4,4,4
14271,19,18,16,13,12,19,20,19,18,16,13,12,19,20,19,18,16,13,12,19,20
14272,13,12,13,13,13,12,11,13,12,13,13,13,12,11,13,12,13,13,13,12,11
14273,1,1,1,1,1,1,1,1,1,1,1,1,1,1,1,1,1,1,1,1,1
14274,4,5,4,4,4,4,4,5,5,4,4,4,4,4,5,5,4,4,4,4,4
14275,2,2,2,2,2,2,2,2,3,3,3,2,2,2,2,3,3,2,2,2,2
14276,0,0,0,0,0,0,0,0,0,0,0,0,0,0,0,0,0,0,0,0,0
14277,1,1,1,1,1,1,1,1,1,1,1,1,1,1,2,2,2,1,1,1,1
14278,0,1,1,1,1,1,1,1,1,1,1,1,1,1,1,1,1,1,1,1,1
14279,1,1,1,1,1,1,1,1,1,1,1,1,1,1,1,1,1,1,1,1,1
14280,0,1,0,0,0,0,0,0,1,0,0,0,0,0,0,1,0,0,0,0,0
14281,1,2,2,2,2,2,2,2,2,2,2,2,2,2,2,2,2,2,2,2,2
14282,2,2,2,2,2,2,2,3,3,2,2,2,2,2,3,3,2,2,2,2,2
14283,0,0,0,0,0,0,0,0,0,0,0,0,0,0,0,0,0,0,0,0,0
14284,1,2,2,2,2,1,2,2,2,2,1,1,0,0,1,1,1,1,1,1,1
14285,0,0,0,0,0,0,1,1,1,1,1,1,1,1,1,1,1,1,1,1,2
14286,0,0,0,0,0,0,0,0,0,0,0,0,0,0,0,0,0,0,0,0,0
14287,0,0,0,0,0,0,0,0,0,0,0,0,0,0,0,0,0,0,0,0,0
14288,0,0,0,0,0,0,0,0,0,0,0,0,0,0,0,0,0,0,0,0,0
14289,0,0,0,0,0,0,0,0,0,0,0,0,0,0,0,0,0,0,0,0,0
14290,73,91,90,69,62,46,49,73,91,90,69,62,46,49,73,91,90,69,62,46,49
14291,8,9,11,9,8,7,8,11,16,21,20,16,13,13,19,20,19,14,12,11,11
14292,0,0,0,0,0,0,0,0,0,0,0,0,0,0,0,0,0,0,0,0,0
14293,1,1,1,0,0,0,1,1,1,1,1,0,0,0,1,0,0,0,0,0,0
14294,1,1,1,1,1,1,1,1,1,1,1,1,1,1,1,1,1,1,1,1,1
14295,1,1,2,2,1,1,1,1,2,2,2,1,1,1,1,2,2,2,1,1,1
14296,1,1,2,1,1,0,1,1,2,1,1,0,0,1,3,3,2,1,0,0,1
14297,0,0,0,0,0,0,0,0,0,1,0,0,0,0,1,1,1,1,1,1,1
14298,0,0,0,0,0,0,0,0,0,0,0,0,0,0,0,0,0,0,0,0,0
14299,1,1,1,1,0,0,0,1,1,1,1,0,0,0,1,1,1,1,1,1,1
14300,1,1,1,1,1,1,1,1,1,1,1,1,1,1,1,1,1,1,1,1,1
14301,0,0,0,0,0,0,0,0,0,0,0,0,0,0,0,0,0,0,0,0,0
14302,0,0,0,0,0,0,0,0,0,0,0,0,0,0,0,1,1,1,1,1,1
14303,0,0,0,0,0,0,0,0,0,0,0,0,0,0,0,0,0,0,0,0,0
14304,0,0,0,0,0,0,0,0,0,0,0,0,0,0,0,0,0,0,0,0,0
14305,37,38,36,29,25,22,22,30,35,37,31,26,22,21,28,34,36,30,26,23,23
14306,16,16,15,12,10,9,9,12,13,14,12,10,9,8,11,11,12,10,9,8,8
14307,0,0,0,0,0,0,0,0,0,0,0,0,0,0,0,0,0,0,0,0,0
14308,0,0,0,0,0,0,0,0,0,0,0,0,0,0,0,0,0,0,0,0,0
14309,0,0,0,0,0,0,0,0,0,0,0,0,0,0,0,0,0,0,0,0,0
14310,0,0,0,0,0,0,0,0,0,0,0,0,0,0,0,0,0,0,0,0,0
14311,0,0,0,0,0,0,0,0,0,0,0,0,0,0,0,0,0,0,0,0,0
14312,0,1,1,1,1,1,1,1,1,1,1,1,1,1,1,1,1,1,1,1,1
14313,6,6,6,6,5,4,4,5,6,6,5,4,4,4,5,6,6,6,5,4,4
14314,0,0,0,0,0,0,0,0,0,0,0,0,0,0,0,0,0,0,0,0,0
14315,0,0,0,0,0,0,0,0,0,0,0,0,0,0,0,0,0,0,0,0,0
14316,3,3,3,3,2,2,3,3,3,3,3,2,2,3,3,3,3,3,2,2,3
14317,5,5,6,5,4,3,3,5,5,6,5,4,3,3,4,4,4,4,3,3,3
14318,0,0,0,0,0,0,0,0,0,0,0,0,0,0,0,0,0,0,0,0,0
14319,2,3,3,2,2,2,2,2,3,3,2,2,2,2,2,3,3,2,2,2,2
14320,3,4,4,3,2,2,2,2,3,3,3,2,2,3,4,6,5,5,4,4,3
14321,1,2,2,2,2,1,1,1,2,2,2,1,1,1,1,2,1,1,1,1,1
14322,0,0,0,0,0,0,0,0,0,0,0,0,0,0,0,0,0,0,0,0,0
14323,0,0,0,0,0,0,0,0,0,0,0,0,0,0,0,0,0,0,0,0,0
14324,0,0,0,0,0,0,0,0,0,0,0,0,0,0,0,0,0,0,0,0,0
14325,0,0,0,0,0,0,0,0,0,0,0,0,0,0,0,0,0,0,0,0,0
14326,25,24,22,21,21,19,22,27,26,24,22,22,21,24,29,28,25,22,22,21,25
14327,1,1,1,1,1,1,1,1,1,1,1,1,1,1,1,1,1,1,1,1,1
14328,62,62,58,53,50,46,49,56,61,62,58,55,50,52,59,62,60,53,52,48,52
14329,0,0,0,0,0,0,0,0,0,0,0,0,0,0,0,0,0,0,0,0,0
14330,0,0,0,0,0,0,0,0,0,0,0,0,0,0,0,0,0,0,0,0,0
14331,0,0,0,0,0,0,0,0,0,0,0,0,0,0,0,0,0,0,0,0,0
14332,1,1,1,1,2,1,1,1,1,1,1,2,1,1,1,1,1,1,2,1,1
14333,1,1,1,1,1,1,1,1,1,1,1,1,1,1,1,1,1,1,1,1,1
14334,8,10,11,10,10,9,8,8,9,9,9,8,8,8,8,10,10,10,9,10,9
14335,2,2,2,2,2,2,2,2,2,2,2,2,2,2,2,2,2,2,2,2,2
14336,6,6,6,6,6,7,7,6,7,6,6,6,6,6,6,6,5,5,5,6,5
14337,3,3,3,3,3,3,3,3,3,3,3,3,3,3,3,3,3,3,3,3,3
14338,17,16,15,19,22,19,18,16,15,15,19,22,18,18,16,15,15,19,22,18,18
14339,1,1,1,1,1,1,1,1,1,1,1,1,1,1,1,1,1,1,1,1,1
14340,5,5,5,5,5,5,4,4,5,5,5,5,5,4,5,5,5,5,5,5,5
14341,6,6,7,7,6,6,6,7,7,7,6,6,5,5,6,6,6,6,6,6,6
14342,1,1,1,1,1,1,1,1,1,1,1,1,1,1,1,1,1,1,1,1,1
14343,3,4,4,4,3,3,3,3,4,4,4,3,3,3,4,4,4,4,3,3,3
14344,40,42,46,58,59,59,47,40,41,45,57,58,58,46,40,41,45,57,59,59,47
14345,0,0,0,0,0,0,0,0,0,0,0,0,0,0,0,0,0,0,0,0,0
14346,1,1,1,1,1,1,1,1,1,1,1,1,1,1,1,1,1,1,1,1,1
14347,1,2,2,2,2,2,1,1,2,2,2,2,2,1,1,2,2,2,2,2,1
14348,9,11,11,12,12,10,9,9,10,10,11,11,10,9,10,12,12,12,12,11,10
14349,14,15,14,14,12,12,13,14,15,14,14,12,12,13,14,15,14,14,12,12,13
14350,3,3,3,3,3,2,2,2,2,3,3,3,2,2,2,3,3,3,3,2,3
14351,0,0,0,0,0,0,0,0,0,0,0,0,0,0,0,0,0,0,0,0,0
14352,0,0,0,0,0,0,0,0,0,0,0,0,0,0,0,0,0,0,0,0,0
14353,2,2,2,2,2,2,2,2,2,2,2,2,2,2,2,2,2,2,2,2,2
14354,1,1,1,1,1,1,1,1,1,1,1,1,1,1,1,1,1,1,1,1,1
14355,1,1,1,1,1,1,1,1,1,1,1,1,1,1,1,1,1,1,1,1,1
14356,0,0,0,0,0,0,0,0,0,0,0,0,0,0,0,0,0,0,0,0,0
14357,0,0,0,0,0,0,0,0,0,0,0,0,0,0,0,0,0,0,0,0,0
14358,0,0,0,0,0,0,0,0,0,0,0,0,0,0,0,0,0,0,0,0,0
14359,0,0,0,0,0,0,0,0,0,0,0,0,0,0,0,0,0,0,0,0,0
14360,1,0,0,0,0,0,0,1,0,0,0,0,0,0,1,0,0,0,0,0,0
14361,2,2,2,2,1,2,1,2,2,2,2,1,2,1,2,2,2,2,1,2,1
14362,1,1,1,1,1,1,1,1,1,1,1,1,1,1,1,1,1,1,1,1,1
14363,0,0,0,0,0,0,0,0,0,0,0,0,0,0,0,0,0,0,0,0,0
14364,0,0,0,0,0,0,0,0,0,0,0,0,0,0,0,0,0,0,0,0,0
14365,0,0,0,0,0,0,0,0,0,0,0,0,0,0,0,0,0,0,0,0,0
14366,0,0,0,0,0,0,0,0,0,0,0,0,0,0,0,0,0,0,0,0,0
14367,0,0,0,0,0,0,0,0,0,0,0,0,0,0,0,0,0,0,0,0,0
14368,0,0,0,0,0,0,0,0,0,0,0,0,0,0,0,0,0,0,0,0,0
14369,0,0,0,0,0,0,0,0,0,0,0,0,0,0,0,0,0,0,0,0,0
14370,12,12,12,12,10,9,9,11,12,12,11,10,9,9,11,12,12,12,10,9,10
14371,18,21,24,22,18,14,14,19,21,23,21,16,13,13,17,19,22,20,16,13,13
14372,2,3,3,3,3,3,3,4,4,5,4,4,3,3,4,5,5,4,4,3,3
14373,5,7,8,7,6,5,4,5,7,7,7,6,5,4,5,7,7,7,6,5,4
14374,121,141,127,115,96,84,83,116,140,129,116,98,84,82,110,133,122,112,97,85,84
14375,706,782,887,831,714,590,544,706,782,887,831,714,590,544,706,782,887,831,714,590,544
14376,2,3,3,3,2,2,2,2,3,3,3,2,2,2,2,3,3,3,2,2,2
14377,1,1,1,1,1,1,1,1,1,1,1,1,1,1,1,1,1,1,1,1,1
14378,2,2,2,2,2,1,1,2,2,2,2,2,1,1,2,2,2,2,2,1,1
14379,0,0,0,0,0,0,0,0,0,0,0,0,0,0,0,0,0,0,0,0,0
14380,0,0,0,0,0,0,0,0,0,0,0,0,0,0,0,0,0,0,0,0,0
14381,1,1,0,1,0,1,1,1,1,0,1,0,1,1,1,1,0,1,0,1,1
14382,3,4,5,5,4,3,3,3,4,5,5,4,3,3,3,4,5,5,4,3,3
14383,8,7,7,6,5,5,5,7,7,7,6,6,5,5,7,7,7,6,6,5,6
14384,2,3,3,3,2,2,2,3,3,3,3,2,2,2,3,3,3,3,3,2,2
14385,56,63,66,60,48,44,43,53,59,61,54,43,39,38,49,57,61,56,45,42,41
14386,0,0,0,0,0,0,0,0,0,0,0,0,0,0,0,0,0,0,0,0,0
14387,0,0,0,0,0,0,0,0,0,0,0,0,0,0,0,0,0,0,0,0,0
14388,0,0,0,0,0,0,0,0,0,0,0,0,0,0,0,0,0,0,0,0,0
14389,0,0,0,0,0,0,0,0,0,0,0,0,0,0,0,0,0,0,0,0,0
14390,0,0,0,0,0,0,0,0,0,0,0,0,0,0,0,0,0,0,0,0,0
14391,4,5,7,8,7,7,8,9,10,10,10,10,10,11,13,14,14,12,10,9,9
14392,1,1,1,1,2,2,2,1,1,1,1,2,2,2,1,1,1,1,2,2,2
14393,4,5,5,3,3,2,2,4,5,5,3,3,2,2,4,5,5,3,3,2,2
14394,1,2,2,2,2,1,2,2,2,2,2,2,1,1,2,2,2,2,2,2,2
14395,1,0,0,0,0,0,0,1,0,0,0,0,0,0,1,0,0,0,0,0,0
14396,1,1,1,1,1,1,1,1,1,2,2,1,1,1,1,2,2,2,2,1,1
14397,20,22,20,17,14,12,12,16,20,23,22,17,13,13,17,18,18,17,15,13,14
14398,0,0,0,0,0,0,0,0,0,0,0,0,0,0,0,0,0,0,0,0,0
14399,4,4,4,4,3,3,3,4,4,4,4,3,3,3,4,4,4,4,3,3,3
14400,4,4,5,4,3,3,3,4,4,5,4,3,3,3,3,4,4,4,3,2,3
14401,1,1,1,1,1,1,1,1,1,1,1,1,1,1,1,1,1,1,1,1,1
14402,5,6,6,5,5,5,5,6,6,6,5,5,4,4,5,5,5,4,4,4,4
14403,2,2,2,2,2,2,2,2,2,2,2,2,1,1,2,2,2,1,2,2,2
14404,204,233,274,265,229,196,184,215,244,272,255,222,187,173,202,232,266,254,222,192,181
14405,2,1,2,2,2,2,2,2,1,2,2,2,2,2,2,1,2,2,2,2,2
14406,2,2,2,2,2,2,2,2,2,2,2,2,2,2,2,2,2,2,2,2,2
14407,0,0,0,0,0,0,0,0,0,0,0,0,0,0,0,0,0,0,0,0,0
14408,0,0,0,0,0,0,0,0,0,0,0,0,0,0,0,0,0,0,0,0,0
14409,0,0,0,0,0,0,0,0,0,0,0,0,0,0,0,0,0,0,0,0,0
14410,0,0,0,0,0,0,0,0,0,0,0,0,0,0,0,0,0,0,0,0,0
14411,2,2,2,1,1,1,1,1,1,1,1,1,1,1,1,1,1,1,1,1,1
14412,1,1,1,1,1,1,1,2,2,2,1,1,1,1,1,1,1,1,1,1,2
14413,10,13,14,14,13,11,11,13,14,13,13,11,9,9,12,15,15,14,12,10,11
14414,0,0,0,0,0,0,0,0,0,0,0,0,0,0,0,0,0,0,0,0,0
14415,0,0,0,0,0,0,0,0,0,0,0,0,0,0,0,0,0,0,0,0,0
14416,0,0,0,0,0,0,0,0,0,0,0,0,0,0,0,0,0,0,0,0,0
14417,1,2,3,3,1,0,1,1,2,3,3,1,0,1,1,2,3,3,1,0,1
14418,3,5,6,5,4,3,3,3,5,6,5,4,3,3,3,5,6,5,4,3,3
14419,0,0,0,0,0,0,0,0,0,0,0,0,0,0,0,0,0,0,0,0,0
14420,70,73,69,59,49,44,48,64,72,71,61,52,46,49,65,71,68,58,50,45,48
14421,14,18,17,15,11,9,7,11,17,17,16,11,8,5,9,14,15,14,10,9,6
14422,34,38,39,45,35,25,24,29,38,42,48,37,26,24,27,33,36,41,32,22,20
14423,1,2,1,1,1,1,1,1,2,1,1,1,1,1,1,2,1,1,1,1,1
14424,1,1,1,1,1,0,1,1,1,1,1,1,1,1,1,1,1,1,1,0,1
14425,9,9,8,7,6,6,5,7,8,8,7,6,6,5,6,7,6,7,6,6,5
14426,37,50,40,32,25,22,25,33,50,43,37,29,25,27,34,47,37,31,25,22,26
14427,5,4,5,4,3,3,3,5,4,5,4,3,3,3,5,4,5,4,3,3,3
14428,0,0,0,0,0,0,0,0,0,0,0,0,0,0,0,0,0,0,0,0,0
14429,3,3,3,3,2,2,2,2,3,3,3,2,2,2,2,3,3,3,2,2,2
14430,1,1,1,1,0,1,0,1,1,1,1,0,1,0,1,1,1,1,0,1,0
14431,18,22,21,17,14,13,13,19,23,22,18,15,13,13,18,21,20,17,14,13,13
14432,2,5,3,3,3,3,3,2,5,3,2,3,2,3,2,5,3,2,3,2,2
14433,1,2,1,1,1,1,1,1,2,2,1,1,1,1,2,2,2,2,1,1,1
14434,23,28,30,27,22,18,17,22,28,31,30,24,20,18,22,27,29,27,23,20,19
14435,83,87,91,85,75,67,69,93,98,98,88,75,64,65,88,93,95,87,75,66,68
14436,1,1,1,1,1,1,1,1,1,1,1,1,1,1,1,1,1,1,1,1,1
14437,6,8,7,8,4,3,4,5,8,7,7,4,3,4,5,7,7,7,4,3,4
14438,1,2,2,2,1,1,1,1,2,2,2,1,1,1,1,2,2,2,1,1,1
14439,3,4,4,4,3,1,2,3,4,4,4,3,1,2,3,4,4,4,3,1,2
14440,0,0,0,0,0,0,0,0,0,0,0,0,0,0,0,0,0,0,0,0,0
14441,77,72,70,65,60,51,56,72,74,75,70,64,53,58,72,71,71,65,61,52,57
14442,0,0,0,0,0,0,0,0,0,0,0,0,0,0,0,0,0,0,0,0,0
14443,45,47,43,36,31,26,28,38,44,46,42,37,31,32,43,45,42,35,31,25,27
14444,1,1,0,0,0,0,0,0,0,0,0,0,0,0,1,0,0,0,0,1,0
14445,22,20,18,15,14,13,14,18,19,17,15,15,14,14,17,17,16,14,14,13,14
14446,1,1,2,1,1,1,1,1,1,2,1,1,1,1,1,1,2,1,1,1,1
14447,39,40,39,31,26,20,24,33,38,41,33,28,22,24,31,34,35,27,23,18,21
14448,2,2,2,2,1,1,1,1,2,2,2,1,1,1,2,2,2,2,1,1,1
14449,4,4,3,3,3,2,3,3,3,3,3,2,2,2,3,3,3,3,2,2,2
14450,0,0,0,0,0,0,0,0,0,0,0,0,0,0,0,0,0,0,0,0,0
14451,0,0,1,1,1,0,0,0,0,1,1,1,0,0,0,0,1,1,1,0,0
14452,0,0,0,0,0,0,0,0,0,0,0,0,0,0,0,0,0,0,0,0,0
14453,20,19,18,16,14,13,15,19,21,19,15,12,10,11,14,16,17,15,14,12,14
14454,8,8,7,5,4,3,3,5,6,6,5,4,3,3,4,5,5,4,3,3,4
14455,3,3,3,2,2,1,2,2,2,2,2,2,1,2,2,3,3,2,2,2,2
14456,2,2,1,1,1,1,1,2,1,1,1,1,1,1,2,1,1,1,1,1,1
14457,6,6,6,5,4,4,4,5,6,5,5,4,4,4,5,6,5,5,4,4,4
14458,0,0,0,0,0,0,0,0,0,0,0,0,0,0,0,0,0,0,0,0,0
14459,1,1,0,1,1,1,1,1,1,0,1,1,1,1,1,1,0,1,1,1,1
14460,2,1,1,1,1,1,2,2,1,1,1,1,1,2,2,1,1,1,1,1,2
14461,0,0,0,0,0,0,0,0,0,0,0,0,0,0,0,0,0,0,0,0,0
14462,0,0,0,0,0,0,0,0,0,0,0,0,0,0,0,0,0,0,0,0,0
14463,0,0,0,0,0,0,0,0,0,0,0,0,0,0,0,0,0,0,0,0,0
14464,2,0,1,1,1,2,2,2,0,1,1,1,2,2,2,0,1,1,1,2,2
14465,0,0,0,0,0,0,0,0,0,0,0,0,0,0,0,0,0,0,0,0,0
14466,2,2,2,1,1,1,2,2,2,2,1,1,1,2,2,2,2,1,1,1,2
14467,0,0,0,0,0,0,0,0,0,0,0,0,0,0,0,0,0,0,0,0,0
14468,1,0,0,0,0,0,0,0,0,0,0,0,0,0,0,0,0,0,0,0,0
14469,0,0,0,0,0,0,0,0,0,0,0,0,0,0,0,0,0,0,0,0,0
14470,0,0,0,0,0,0,0,0,0,0,0,0,0,0,0,0,0,0,0,0,0
14471,0,1,1,0,0,0,0,0,1,1,0,0,0,0,0,1,1,0,0,0,0
14472,0,0,0,0,0,0,0,0,0,0,0,0,0,0,0,0,0,0,0,0,0
14473,0,0,0,0,0,0,0,0,0,0,0,0,0,0,0,0,0,0,0,0,0
14474,0,0,0,0,0,0,0,0,0,0,0,0,0,0,0,0,0,0,0,0,0
14475,0,0,0,0,0,0,0,0,0,0,0,0,0,0,0,0,0,0,0,0,0
14476,0,0,0,0,0,0,0,0,0,0,0,0,0,0,0,0,0,0,0,0,0
14477,0,0,0,0,0,0,0,0,0,0,0,0,0,0,0,0,0,0,0,0,0
14478,0,0,0,0,0,0,0,0,0,0,0,0,0,0,0,0,0,0,0,0,0
14479,0,0,0,0,0,0,0,0,0,0,0,0,0,0,0,0,0,0,0,0,0
14480,0,0,0,0,0,0,0,0,0,0,0,0,0,0,0,0,0,0,0,0,0
14481,0,0,0,0,0,0,0,0,0,0,0,0,0,0,0,0,0,0,0,0,0
14482,0,0,0,0,0,0,0,0,0,0,0,0,0,0,0,0,0,0,0,0,0
14483,0,0,0,0,0,0,0,0,0,0,0,0,0,0,0,0,0,0,0,0,0
14484,0,0,0,0,0,0,0,0,0,0,0,0,0,0,0,0,0,0,0,0,0
14485,0,0,0,0,0,0,0,0,0,0,0,0,0,0,0,0,0,0,0,0,0
14486,1,1,1,1,1,1,1,1,1,1,1,1,1,1,1,1,1,1,1,1,1
14487,0,0,0,0,0,0,0,0,0,0,0,0,0,0,0,0,0,0,0,0,0
14488,0,0,0,0,0,0,0,0,0,0,0,0,0,0,0,0,0,0,0,0,0
14489,0,0,0,0,0,0,0,0,0,0,0,0,0,0,0,0,0,0,0,0,0
14490,0,0,0,0,0,0,0,0,0,0,0,0,0,0,0,0,0,0,0,0,0
14491,0,0,0,0,0,0,0,0,0,0,0,0,0,0,0,0,0,0,0,0,0
14492,1,1,2,1,1,1,1,1,1,2,1,1,1,1,1,1,2,1,1,1,1
14493,0,0,0,0,0,0,0,0,0,0,0,0,0,0,0,0,0,0,0,0,0
14494,0,0,0,0,0,0,0,0,0,0,0,0,0,0,0,0,0,0,0,0,0
14495,1,1,1,1,1,1,1,1,1,1,1,1,1,1,1,1,1,1,1,1,1
14496,0,0,0,0,0,0,0,0,0,0,0,0,0,0,0,0,0,0,0,0,0
14497,0,0,0,0,0,0,0,0,0,0,0,0,0,0,0,0,0,0,0,0,0
14498,0,0,0,0,0,0,0,0,0,0,0,0,0,0,0,0,0,0,0,0,0
14499,0,0,0,0,0,0,0,0,0,0,0,0,0,0,0,0,0,0,0,0,0
14500,0,0,0,0,0,0,0,0,0,0,0,0,0,0,0,0,0,0,0,0,0
14501,2,2,2,2,1,1,1,1,1,1,1,1,1,1,2,2,2,2,1,1,2
14502,0,0,0,0,0,0,0,0,0,0,0,0,0,0,0,0,0,0,0,0,0
14503,0,0,0,0,0,0,0,0,0,0,0,0,0,0,0,0,0,0,0,0,0
14504,0,0,0,0,0,0,0,0,0,0,0,0,0,0,0,0,0,0,0,0,0
14505,9,8,5,3,1,1,2,4,6,8,6,4,2,2,2,2,2,1,1,2,4
14506,0,0,0,0,0,0,0,0,0,0,0,0,0,0,0,0,0,0,0,0,0
14507,5,6,5,5,5,5,5,6,8,8,8,7,7,6,7,8,7,6,6,5,5
14508,2,3,3,2,2,1,1,2,3,3,2,2,1,1,2,3,3,2,2,1,1
14509,10,12,13,11,9,8,8,9,12,12,11,9,8,8,10,12,13,11,9,8,9
14510,16,18,19,16,13,11,12,15,20,22,19,16,13,13,16,17,17,13,12,10,10
14511,0,1,1,0,0,0,0,0,1,1,0,0,0,0,0,1,1,0,0,0,0
14512,1,1,1,1,1,1,1,1,1,1,1,1,1,1,1,1,1,1,1,1,1
14513,1,5,6,5,4,1,1,1,5,6,5,4,1,1,1,5,6,5,4,1,1
14514,13,15,14,13,11,10,10,12,15,14,13,11,10,10,12,14,14,13,11,10,10
14515,2,2,3,3,2,2,2,3,3,3,3,3,2,2,3,3,3,3,3,2,2
14516,9,13,11,10,7,6,7,9,13,11,10,7,6,7,10,13,11,10,7,6,7
14517,5,6,4,4,4,3,3,5,6,4,4,4,3,3,5,6,4,4,4,3,4
14518,0,0,0,0,0,0,0,0,0,0,0,0,0,0,0,0,0,0,0,0,0
14519,2,3,3,3,2,2,1,2,3,3,3,2,2,1,2,3,3,3,2,2,1
14520,11,12,10,9,8,7,7,9,11,10,9,8,7,7,9,11,10,9,8,7,7
14521,10,12,11,10,8,7,8,9,11,11,10,8,7,8,9,11,10,10,8,7,7
14522,28,35,36,32,26,22,23,29,36,36,33,27,23,24,32,38,37,33,27,23,25
14523,33,35,34,31,26,22,22,27,30,30,28,24,20,21,26,30,30,28,25,21,22
14524,2,3,3,3,3,3,3,3,4,4,3,3,3,3,3,3,3,3,3,3,3
14525,0,0,0,0,0,0,0,0,0,1,0,0,0,0,0,0,0,0,0,0,0
14526,81,93,89,82,70,61,64,71,81,82,77,68,58,61,69,80,81,75,66,56,58
14527,7,9,9,8,7,7,7,8,9,9,9,8,7,7,8,9,8,8,7,6,6
14528,9,10,10,8,7,7,7,8,10,10,9,7,7,8,9,10,10,9,7,7,7
14529,3,4,5,4,4,4,4,5,5,5,5,4,4,4,5,4,4,4,3,3,3
14530,4,6,7,6,5,5,5,7,8,8,7,6,6,6,8,9,8,7,6,6,6
14531,0,0,0,0,0,0,0,0,0,0,0,0,0,0,0,0,0,0,0,0,0
14532,14,15,13,11,9,8,9,12,12,12,10,9,8,9,12,12,12,10,9,8,8
14533,5,6,6,6,5,4,5,6,7,6,5,5,4,5,6,6,5,4,4,4,4
14534,0,0,0,0,0,0,0,0,0,0,0,0,0,0,0,0,0,0,0,0,0
14535,0,0,0,0,0,0,0,0,0,0,0,0,0,0,0,0,0,0,0,0,0
14536,1,1,1,1,1,1,0,1,1,1,1,1,1,0,1,1,1,1,1,1,0
14537,1,1,1,1,1,1,0,1,1,1,1,1,1,0,1,1,1,1,1,1,0
14538,0,0,0,0,0,0,0,0,0,0,0,0,0,0,0,0,0,0,0,0,0
14539,3,3,2,2,2,2,2,3,3,3,2,2,2,2,3,3,2,2,2,2,2
14540,3,3,3,3,2,2,2,3,3,3,3,2,2,2,3,3,3,3,2,2,3
14541,6,7,6,6,5,5,5,6,7,6,6,5,5,5,6,7,6,6,5,5,5
14542,1,1,0,1,1,1,1,1,1,0,1,1,1,1,1,1,0,1,1,1,1
14543,0,0,0,0,0,0,0,0,0,0,0,0,0,0,0,0,0,0,0,0,0
14544,0,1,0,0,0,0,0,0,1,0,0,0,0,0,0,1,0,0,0,0,0
14545,0,0,0,0,0,0,0,0,0,0,0,0,0,0,0,0,0,0,0,0,0
14546,0,0,0,0,0,0,0,0,0,0,0,0,0,0,0,0,0,0,0,0,0
14547,0,0,0,0,0,0,0,0,0,0,0,0,0,0,0,0,0,0,0,0,0
14548,1,2,3,4,4,4,4,4,4,4,5,5,5,5,5,5,5,4,4,3,3
14549,0,0,0,0,0,0,0,0,0,0,0,0,0,0,0,0,0,0,0,0,0
14550,0,0,0,0,0,0,0,0,0,0,0,0,0,0,0,0,0,0,0,0,0
14551,2,4,4,4,3,2,2,2,4,4,4,3,2,2,2,4,4,4,3,2,2
14552,3,4,3,3,3,3,2,3,4,3,3,3,3,2,3,4,3,3,3,3,2
14553,8,9,9,8,7,6,7,8,9,9,8,7,6,7,8,9,9,8,7,6,7
14554,11,11,9,8,9,9,9,11,11,9,8,9,9,9,11,11,9,8,9,9,9
14555,0,0,0,0,0,0,0,0,0,0,0,0,0,0,0,0,0,0,0,0,0
14556,0,0,0,0,0,0,0,0,0,0,0,0,0,0,0,0,0,0,0,0,0
14557,0,0,0,0,0,0,0,0,0,0,0,0,0,0,0,0,0,0,0,0,0
14558,1,1,1,1,1,1,1,1,1,1,1,0,1,0,1,1,1,1,1,1,1
14559,2,1,1,1,1,1,1,2,1,1,1,1,1,1,2,1,1,1,1,1,1
14560,7,5,5,10,9,8,7,7,5,5,10,10,8,7,7,5,5,10,10,8,7
14561,5,6,7,6,6,5,5,6,7,7,6,6,5,5,6,7,7,6,6,5,5
14562,9,10,11,11,10,10,11,13,14,14,14,12,12,12,14,15,14,12,10,10,10
14563,3,3,3,3,3,3,3,3,3,3,3,3,3,3,3,3,3,3,3,3,3
14564,1,1,1,1,1,1,1,1,1,1,1,1,1,1,1,1,1,1,1,1,1
14565,0,0,0,0,0,0,0,0,0,0,0,0,0,0,0,0,0,0,0,0,0
14566,1,1,1,1,1,1,1,1,1,1,1,1,1,1,1,1,1,1,1,1,1
14567,1,1,1,1,1,1,1,1,1,1,1,1,1,1,1,1,1,1,1,1,1
14568,1,1,1,1,1,1,1,1,1,1,1,1,1,1,1,1,1,1,1,1,1
14569,7,8,9,8,8,7,5,7,8,8,8,8,7,5,7,8,9,8,8,7,6
14570,17,17,21,16,13,12,13,17,17,21,16,13,12,13,17,17,21,16,14,12,13
14571,323,360,370,323,261,241,255,319,371,380,328,268,246,267,336,390,405,353,289,268,288
14572,34,38,42,41,34,31,30,33,38,42,41,34,31,30,33,38,42,41,34,31,30
14573,39,34,35,36,27,29,39,44,44,48,47,34,35,45,51,47,46,43,32,34,45
14574,24,21,21,24,20,25,23,24,21,21,24,20,25,23,24,21,21,24,20,25,23
14575,8,8,8,6,7,6,7,7,7,8,6,7,6,7,6,6,7,5,6,6,7
14576,189,166,159,148,131,159,192,220,209,201,172,138,153,176,190,174,172,153,127,151,175
14577,9,7,7,7,7,8,9,9,7,7,7,7,8,9,9,7,7,7,8,9,9
14578,739,789,884,880,758,654,570,728,791,886,879,757,650,566,726,788,887,881,760,655,574
14579,648,564,742,831,746,625,576,635,548,725,812,732,616,577,652,576,752,830,745,627,591
14580,749,743,905,901,791,682,609,713,726,889,878,775,669,606,726,753,929,919,810,704,643
14581,175,159,179,232,223,201,206,183,167,180,226,214,191,195,174,159,177,229,219,196,201
14582,142,114,136,138,141,117,125,143,122,143,143,145,117,125,145,126,148,148,150,123,133
14583,17,17,24,22,17,14,13,17,17,24,22,17,14,13,17,17,24,22,17,14,13
14584,347,216,330,456,378,231,284,345,224,342,465,386,235,291,360,245,371,495,415,271,342
14585,341,258,397,460,406,310,311,367,307,447,501,432,325,325,380,302,442,501,444,343,347
14586,712,755,862,860,741,632,554,712,764,873,869,750,639,561,721,773,884,879,758,647,570
14587,134,110,136,160,157,127,128,134,110,135,160,157,127,128,134,110,135,160,157,127,128
14588,375,397,418,415,331,272,282,364,389,397,382,305,244,260,355,398,428,420,340,280,298
14589,61,60,74,66,58,46,48,60,58,72,64,58,46,50,67,64,74,65,57,46,48
14590,44,42,44,39,37,32,34,42,41,43,38,36,31,33,41,41,43,39,37,32,33
14591,250,256,240,228,199,180,186,227,257,246,232,201,178,185,232,266,264,252,221,201,213
14592,181,140,153,172,171,159,180,186,146,156,172,173,159,181,189,151,163,178,177,164,186
14593,644,601,710,745,601,615,522,620,591,695,723,585,600,511,620,605,725,760,619,636,551
14594,11,12,15,14,13,10,9,11,12,15,14,13,10,9,11,12,15,14,13,10,9
14595,2,0,0,0,0,0,1,2,0,0,0,0,0,1,1,0,0,0,0,0,1
14596,1,1,1,1,1,1,1,1,1,1,1,1,1,1,1,1,1,1,1,1,1
14597,0,0,0,0,0,0,0,0,0,0,0,0,0,0,0,0,0,0,0,0,0
14598,3,3,4,6,5,3,2,3,3,4,6,5,3,2,3,3,4,6,5,3,2
14599,1,1,1,1,1,1,1,1,1,1,1,1,1,1,1,1,2,1,1,1,1
14600,0,0,0,0,0,0,0,0,0,0,0,0,0,0,0,0,0,0,0,0,0
14601,0,0,0,0,0,0,0,0,0,0,0,0,0,0,0,0,0,0,0,0,0
14602,0,0,0,0,0,0,0,0,0,0,0,0,0,0,0,0,0,0,0,0,0
14603,0,0,0,0,0,0,0,0,0,0,0,0,0,0,0,0,0,0,0,0,0
14604,0,0,0,0,0,0,0,0,0,0,0,0,0,0,0,0,0,0,0,0,0
14605,3,2,3,5,4,2,2,3,2,3,5,4,2,2,3,2,3,5,4,2,2
14606,0,0,0,0,0,0,0,0,0,0,0,0,0,0,0,0,0,0,0,0,0
14607,0,0,0,0,0,0,0,0,0,0,0,0,0,0,0,0,0,0,0,0,0
14608,0,0,0,0,0,0,0,0,0,0,0,0,0,0,0,0,0,0,0,0,0
14609,1,1,1,1,0,0,1,1,1,1,1,0,0,1,1,1,0,1,0,0,1
14610,0,0,0,0,0,0,0,0,0,0,0,0,0,0,0,0,0,0,0,0,0
14611,0,0,0,0,0,0,0,0,0,0,0,0,0,0,0,0,0,0,0,0,0
14612,0,0,0,0,0,0,0,0,0,0,0,0,0,0,0,0,0,0,0,0,0
14613,2,2,2,2,2,1,1,2,2,3,2,2,1,1,2,2,3,2,2,2,2
14614,7,10,9,8,4,3,3,4,8,8,7,4,3,2,4,7,8,7,4,3,3
14615,3,3,4,3,2,2,2,3,3,4,3,2,2,2,3,3,4,3,2,2,2
14616,11,16,18,16,9,7,7,10,16,18,16,9,7,7,10,15,16,14,8,6,7
14617,9,11,13,11,9,7,7,9,12,14,12,10,8,8,9,10,10,7,5,5,5
14618,1,2,1,2,1,2,1,1,2,1,2,1,2,1,1,2,1,2,1,2,2
14619,1,1,1,1,1,1,1,1,2,1,2,1,1,1,2,2,2,2,1,1,1
14620,1,1,1,1,1,1,1,1,1,1,1,1,1,1,1,1,1,1,1,1,1
14621,2,2,3,2,2,1,1,2,2,3,2,2,1,1,2,2,3,2,2,1,1
14622,0,0,0,0,0,0,0,0,0,0,0,0,0,0,0,0,0,0,0,0,0
14623,1,1,1,1,1,1,1,1,1,1,1,1,1,1,1,1,1,1,1,1,1
14624,0,1,1,1,1,1,1,1,1,1,1,1,1,1,1,1,1,1,1,1,1
14625,4,4,4,4,4,3,3,4,4,4,4,4,3,3,4,4,4,4,4,3,4
14626,0,0,0,0,0,0,0,0,0,0,0,0,0,0,0,0,0,0,0,0,0
14627,0,0,0,0,0,0,0,0,0,0,0,0,0,0,0,0,0,0,0,0,0
14628,0,0,0,0,0,0,0,0,0,0,0,0,0,0,0,0,0,0,0,0,0
14629,0,0,0,0,0,0,0,0,0,0,0,0,0,0,0,0,0,0,0,0,0
14630,0,0,0,0,0,0,0,0,0,0,0,0,0,0,0,0,0,0,0,0,0
14631,0,0,0,0,0,0,0,0,0,0,0,0,0,0,0,0,0,0,0,0,0
14632,0,0,0,0,0,0,0,0,0,0,0,0,0,0,0,0,0,0,0,0,0
14633,4,4,5,3,3,3,2,4,4,5,3,3,3,2,4,4,5,3,3,3,3
14634,0,0,0,0,0,0,0,0,0,0,0,0,0,0,0,0,0,0,0,0,0
14635,0,1,1,1,1,1,0,0,1,1,1,1,1,0,0,1,1,1,1,1,0
14636,1,1,1,1,1,1,1,1,1,1,1,1,1,1,1,1,1,1,1,1,1
14637,0,0,0,0,0,0,0,0,0,0,0,0,0,0,0,0,0,0,0,0,0
14638,0,0,0,0,0,0,0,0,0,0,0,0,0,0,0,0,0,0,0,0,0
14639,1,0,0,0,0,0,0,1,0,0,0,0,0,0,1,0,0,0,0,0,0
14640,1,1,2,2,2,1,2,2,2,2,2,2,1,1,1,1,1,1,1,1,2
14641,0,0,0,0,0,0,0,0,0,0,0,0,0,0,0,0,0,0,0,0,0
14642,1,0,0,0,0,0,0,1,0,0,0,0,0,0,1,0,0,0,0,0,0
14643,1,1,1,1,1,0,0,1,1,1,1,1,0,0,1,1,1,1,1,0,0
14644,1,1,1,1,0,1,1,1,1,1,1,0,1,1,1,1,1,1,1,1,1
14645,0,0,0,1,1,0,1,0,0,0,1,1,0,1,0,0,0,1,1,0,1
14646,1,1,1,0,0,1,1,1,1,1,0,0,1,1,1,1,1,0,0,1,1
14647,2,2,3,2,2,2,2,2,2,3,2,2,2,2,2,2,3,2,2,2,2
14648,1,1,0,0,0,1,1,1,1,0,0,0,1,1,1,1,0,0,0,1,1
14649,2,2,2,3,2,2,2,2,2,2,3,2,2,2,2,2,2,3,2,2,2
14650,14,15,15,15,15,14,13,14,15,15,15,16,15,14,14,14,13,13,14,13,12
14651,2,2,2,2,2,2,2,2,2,3,2,2,2,2,2,3,3,3,3,3,3
14652,5,5,6,4,4,4,4,5,5,6,4,4,4,4,5,5,6,4,4,4,4
14653,0,0,0,0,0,0,0,0,0,0,0,0,0,0,0,0,0,0,0,0,0
14654,3,2,2,2,3,2,2,3,2,2,2,3,2,2,3,2,2,2,3,2,2
14655,0,0,0,0,0,0,0,0,0,0,0,0,0,0,0,0,0,0,0,0,0
14656,0,0,0,0,0,0,0,0,0,0,0,0,0,0,0,0,0,0,0,0,0
14657,0,0,0,0,0,0,0,0,0,0,0,0,0,0,0,0,0,0,0,0,0
14658,0,0,0,0,0,0,0,0,0,0,0,0,0,0,0,0,0,0,0,0,0
14659,3,3,3,2,2,2,2,3,3,3,2,2,2,2,3,3,2,2,2,2,2
14660,65,58,57,42,39,48,51,65,59,59,44,42,51,53,69,64,63,45,42,52,55
14661,3,4,4,3,2,2,3,4,4,4,4,3,3,3,4,4,3,2,2,2,3
14662,0,0,0,0,0,0,0,0,0,0,0,0,0,0,0,0,0,0,0,0,0
14663,3,2,2,2,2,1,2,3,3,2,2,2,2,2,3,3,3,2,2,2,2
14664,4,3,3,2,2,2,2,3,2,2,2,2,2,2,3,2,2,2,1,2,2
14665,0,0,0,0,0,0,0,0,0,0,0,0,0,0,0,0,0,0,0,0,0
14666,2,2,2,1,1,2,2,2,2,2,1,1,2,2,2,2,2,1,1,2,2
14667,8,9,10,9,9,8,10,11,10,9,7,5,4,3,2,1,1,1,1,1,1
14668,2,2,2,2,1,2,2,2,2,2,2,1,2,2,2,2,2,2,1,2,2
14669,0,0,0,0,0,0,0,0,0,0,0,0,0,0,0,0,0,0,0,0,0
14670,1,0,1,0,1,1,1,1,0,1,0,1,1,1,1,0,1,0,1,1,1
14671,0,0,0,0,0,0,0,0,0,0,0,0,0,0,0,0,0,0,0,0,0
14672,0,0,0,0,0,0,0,0,0,0,0,0,0,0,0,0,0,0,0,0,0
14673,1,1,1,1,1,1,1,1,2,2,2,1,1,1,1,2,2,1,1,1,1
14674,3,4,4,3,2,2,2,2,3,3,3,2,2,2,3,3,3,3,2,2,2
14675,0,1,1,1,1,1,0,0,1,1,1,1,1,0,0,1,1,1,1,1,0
14676,1,1,1,1,1,1,1,1,1,1,1,1,1,1,1,1,1,1,1,1,1
14677,1,1,1,1,1,1,1,1,1,1,1,1,1,1,1,1,1,1,1,1,1
14678,0,0,0,0,0,0,0,0,0,0,0,0,0,0,0,0,0,0,0,0,0
14679,0,0,0,0,0,0,0,0,0,0,0,0,0,0,0,0,0,0,0,0,0
14680,9,10,12,9,6,6,6,8,10,12,9,6,6,6,8,9,11,8,6,6,6
14681,0,0,0,0,0,0,0,0,0,0,0,0,0,0,0,0,0,0,0,0,0
14682,3,3,3,3,2,2,2,3,3,3,3,2,2,2,2,2,2,2,1,1,1
14683,11,13,15,14,10,8,8,12,14,15,13,10,8,8,11,12,14,12,9,7,7
14684,75,124,125,101,67,46,47,70,125,128,105,73,51,52,75,127,128,102,68,47,48
14685,0,1,1,1,1,1,1,1,1,1,1,1,1,1,1,1,1,1,1,1,1
14686,0,0,0,0,0,0,0,0,0,0,0,0,0,0,0,0,0,0,0,0,0
14687,2,2,1,1,1,1,1,1,2,1,1,1,1,1,1,1,1,1,0,1,1
14688,0,0,0,0,0,0,0,0,0,0,0,0,0,0,0,0,0,0,0,0,0
14689,2,2,2,2,2,2,1,1,2,2,2,2,2,1,1,2,2,2,2,2,1
14690,0,0,0,0,0,0,0,0,0,0,0,0,0,0,0,0,0,0,0,0,0
14691,0,0,0,0,0,0,0,0,1,1,1,1,0,0,1,1,1,1,1,1,1
14692,0,1,1,1,1,1,1,1,2,2,2,2,2,2,3,3,3,2,2,3,3
14693,0,0,0,0,0,0,0,0,0,0,0,0,0,0,0,0,0,0,0,0,0
14694,0,0,0,0,0,0,0,0,0,0,0,0,0,0,0,0,0,0,0,0,0
14695,1,1,1,1,1,1,1,1,2,2,1,1,1,1,1,1,1,1,1,1,1
14696,0,0,0,0,0,0,0,0,0,0,0,0,0,0,0,0,0,0,0,0,0
14697,0,0,0,0,0,0,0,0,0,0,0,0,0,0,0,0,0,0,0,0,0
14698,2,2,2,2,1,1,2,2,2,2,2,1,1,1,2,2,2,2,1,1,1
14699,0,0,0,0,0,0,0,0,0,0,0,0,0,0,0,0,0,0,0,0,0
14700,7,9,12,11,7,6,6,9,12,13,11,7,5,5,8,10,12,11,8,7,8
14701,3,3,3,3,3,2,3,3,3,3,3,3,2,3,3,3,3,3,3,2,3
14702,0,0,0,0,0,0,0,0,0,0,0,0,0,0,0,0,0,0,0,0,0
14703,1,1,1,1,1,1,1,1,1,1,1,1,1,1,1,1,1,1,1,1,1
14704,2,2,2,2,2,2,2,2,3,3,2,2,2,2,2,2,2,2,2,2,2
14705,0,0,0,0,0,0,0,0,0,0,0,0,0,0,0,0,0,0,0,0,0
14706,0,0,0,0,0,0,0,0,0,0,0,0,0,0,0,0,0,0,0,0,0
14707,4,5,5,5,5,4,4,4,5,5,5,5,4,4,4,5,5,5,5,4,4
14708,4,4,4,4,4,4,3,4,4,4,4,4,4,3,4,4,5,4,4,4,4
14709,0,0,0,0,0,0,0,0,0,0,0,0,0,0,0,0,0,0,0,0,0
14710,2,3,3,5,5,4,2,2,3,3,5,5,4,2,2,3,3,5,5,4,2
14711,7,10,8,7,5,3,3,7,10,8,7,5,3,3,7,10,7,7,5,3,3
14712,1,1,1,1,1,1,0,1,1,1,1,1,1,0,1,1,1,1,1,1,0
14713,1,1,1,1,1,1,1,1,1,1,1,1,1,1,1,1,1,1,1,1,1
14714,4,5,4,7,6,6,3,4,5,4,7,6,6,3,4,5,4,7,6,6,3
14715,1,2,2,3,2,1,1,1,2,2,3,2,1,1,1,2,2,3,2,1,1
14716,0,0,0,1,0,0,0,0,0,0,1,0,0,0,0,0,0,1,0,0,0
14717,0,0,0,0,0,0,0,0,0,0,0,0,0,0,0,0,0,0,0,0,0
14718,0,0,0,0,0,0,0,0,0,0,0,0,0,0,0,0,0,0,0,0,0
14719,0,0,0,0,0,0,0,0,0,0,0,0,0,0,0,0,0,0,0,0,0
14720,1,2,2,1,1,1,1,1,2,2,1,1,1,1,1,2,2,1,1,1,1
14721,2,2,2,2,2,2,2,2,2,2,2,2,2,2,2,2,2,2,2,2,2
14722,0,0,0,0,0,0,0,0,0,0,0,0,0,0,0,0,0,0,0,0,0
14723,0,0,0,0,0,0,0,0,0,0,0,0,0,0,0,0,0,0,0,0,0
14724,0,0,0,0,0,0,0,0,0,0,0,0,0,0,0,0,0,0,0,0,0
14725,1,1,1,1,1,1,1,1,1,1,1,1,1,1,1,1,1,1,1,1,1
14726,11,13,13,11,8,7,8,11,13,13,11,8,7,8,11,13,13,11,8,7,8
14727,4,5,5,4,3,3,3,4,5,5,4,4,3,4,5,5,4,4,4,3,4
14728,0,0,0,0,0,0,0,0,0,0,0,0,0,0,0,0,0,0,0,0,0
14729,0,0,1,1,1,1,0,0,1,1,1,1,1,0,0,0,1,1,1,1,0
14730,0,0,0,0,0,0,0,0,0,0,0,0,0,0,0,0,0,0,0,0,0
14731,48,54,54,49,43,37,36,47,54,55,50,44,38,37,48,54,55,50,44,38,37
14732,7,6,5,4,3,3,3,5,4,5,4,3,3,3,4,4,4,3,3,3,3
14733,23,32,28,25,14,11,15,22,31,28,25,14,11,14,21,30,27,25,14,11,14
14734,4,4,4,3,2,1,2,3,4,3,3,2,2,2,3,4,3,3,2,2,2
14735,0,0,0,0,0,0,0,0,0,0,0,0,0,0,0,0,0,0,0,0,0
14736,0,0,0,0,0,0,0,0,0,0,0,0,0,0,0,0,0,0,0,0,0
14737,8,7,6,5,5,5,5,6,6,6,5,5,5,5,6,6,6,5,4,5,5
14738,2,2,2,2,2,2,2,2,2,2,2,2,2,2,2,2,2,2,2,2,2
14739,0,0,0,0,0,0,0,0,0,0,0,0,0,0,0,0,0,0,0,0,0
14740,0,0,0,0,0,0,0,0,0,0,0,0,0,0,0,0,0,0,0,0,0
14741,0,0,0,0,0,0,0,0,0,0,0,0,0,0,0,0,0,0,0,0,0
14742,0,0,0,0,0,0,0,0,0,0,0,0,0,0,0,0,0,0,0,0,0
14743,0,0,0,0,0,0,0,0,0,0,0,0,0,0,0,0,0,0,0,0,0
14744,0,1,1,0,0,0,0,0,1,1,0,0,0,0,0,1,1,0,0,0,0
14745,2,2,2,1,1,2,2,1,2,2,1,1,1,2,1,1,1,1,1,1,1
14746,423,495,506,473,406,322,331,443,519,518,476,406,314,313,417,495,506,475,410,324,329
14747,1,1,1,1,0,0,1,1,1,1,1,0,0,1,1,1,1,1,0,0,1
14748,0,0,0,0,0,0,0,0,0,0,0,0,0,0,0,0,0,0,0,0,0
14749,5,5,5,5,5,5,5,5,5,5,5,5,5,4,5,5,5,5,5,5,4
14750,0,0,0,0,0,0,0,0,0,0,0,0,0,0,0,0,0,0,0,0,0
14751,4,4,4,4,3,3,3,4,4,4,4,3,3,3,4,5,5,5,4,4,5
14752,12,13,12,11,9,8,9,12,13,12,11,10,9,11,13,14,13,11,10,9,10
14753,13,12,11,10,9,8,10,14,15,15,13,9,7,8,11,10,10,9,8,7,8
14754,18,19,18,19,18,17,17,19,21,20,21,19,19,18,19,20,18,19,18,18,18
14755,6,6,5,5,4,5,5,6,6,5,5,4,5,5,6,6,5,5,4,5,5
14756,5,5,5,5,5,4,4,5,5,5,5,5,4,4,5,5,5,5,5,4,4
14757,3,4,5,5,4,3,2,3,4,5,5,4,3,2,3,4,5,5,4,3,2
14758,0,0,0,0,0,0,0,0,0,0,0,0,0,0,0,0,0,0,0,0,0
14759,16,16,16,14,12,11,12,15,17,16,14,11,10,11,13,15,15,13,11,9,11
14760,18,19,18,17,14,14,13,17,20,21,19,16,15,14,17,18,18,16,14,14,13
14761,2,2,2,1,1,1,1,1,1,1,1,1,1,1,1,2,2,2,2,1,1
14762,1,1,1,1,1,1,1,1,1,1,1,1,1,1,1,1,1,1,1,1,1
14763,1,1,2,2,2,1,2,1,1,2,2,2,1,2,1,1,2,2,2,1,2
14764,0,1,0,0,0,0,0,0,1,0,0,0,0,0,0,1,0,0,0,0,0
14765,0,0,0,0,0,0,0,0,0,0,0,0,0,0,0,0,0,0,0,0,0
14766,0,0,0,0,0,0,0,0,0,0,0,0,0,0,0,0,0,0,0,0,0
14767,0,0,0,0,0,0,0,0,0,0,0,0,0,0,0,0,0,0,0,0,0
14768,0,0,0,0,0,0,0,0,0,0,0,0,0,0,0,0,0,0,0,0,0
14769,0,0,0,0,0,0,0,0,0,0,0,0,0,0,0,0,0,0,0,0,0
14770,0,0,0,0,0,0,0,0,0,0,0,0,0,0,0,0,0,0,0,0,0
14771,0,0,0,0,0,0,0,0,0,0,0,0,0,0,0,0,0,0,0,0,0
14772,4,5,5,5,4,3,4,5,5,5,5,4,3,3,4,4,5,4,3,3,4
14773,0,0,0,0,0,0,0,0,0,0,0,0,0,0,0,0,0,0,0,0,0
14774,103,113,119,118,116,94,88,101,112,118,118,116,95,88,103,114,119,118,116,94,89
14775,2,3,3,3,2,2,2,2,3,3,3,2,2,2,3,3,3,3,2,2,2
14776,1,1,1,1,1,1,1,1,1,1,1,1,1,1,1,1,1,1,1,1,1
14777,1,1,1,1,1,1,1,1,1,1,1,1,1,1,1,1,1,1,1,1,1
14778,2,3,3,2,2,2,2,2,3,3,2,2,2,2,2,3,3,2,2,2,2
14779,1,1,1,1,1,1,1,1,1,1,1,1,1,1,1,1,1,1,1,1,1
14780,0,0,0,0,0,0,0,0,0,0,0,0,0,0,0,0,0,0,0,0,0
14781,4,5,10,11,10,7,6,4,5,10,11,10,7,6,4,5,10,11,10,7,6
14782,23,27,28,23,18,15,15,23,28,28,23,18,15,16,23,28,28,23,18,15,16
14783,162,151,201,237,215,171,166,170,176,222,250,225,169,165,171,181,230,259,235,184,182
14784,10,12,12,13,10,9,9,11,13,12,12,10,9,9,13,16,15,14,11,11,12
14785,0,0,0,0,0,0,0,0,0,0,0,0,0,0,0,0,0,0,0,0,0
14786,0,1,1,1,2,2,2,2,2,2,2,2,3,3,3,2,2,2,2,3,2
14787,0,0,0,0,0,0,0,0,0,0,0,0,0,0,0,0,0,0,0,0,0
14788,2,2,2,2,2,2,1,2,2,2,2,2,2,1,2,2,2,2,2,2,1
14789,1,1,1,0,0,0,0,1,1,1,1,0,0,0,1,1,1,1,0,0,0
14790,3,3,3,4,3,3,2,3,3,3,4,3,3,2,3,3,3,4,3,3,2
14791,0,0,0,0,0,0,0,0,0,0,0,0,0,0,0,0,0,0,0,0,0
14792,1,1,1,1,1,1,1,1,1,1,1,1,1,1,1,1,1,1,1,1,1
14793,11,10,9,9,7,8,8,9,9,8,7,6,7,7,7,7,7,7,6,7,7
14794,4,3,3,3,2,2,2,3,2,2,3,2,2,2,2,2,2,2,2,2,2
14795,15,14,13,12,11,10,11,12,11,12,11,11,10,10,11,11,11,11,11,10,11
14796,2,3,3,3,2,2,2,2,3,2,3,2,2,2,2,3,2,3,2,2,2
14797,3,3,3,3,2,2,2,3,3,3,3,2,2,3,3,3,3,3,2,2,2
14798,1,2,2,1,1,1,1,1,2,2,1,1,1,1,1,2,2,1,1,1,1
14799,0,0,0,0,0,0,0,0,0,0,0,0,0,0,0,0,0,0,0,0,0
14800,0,0,1,1,0,0,0,0,0,1,1,0,0,0,0,0,1,1,0,0,0
14801,2,2,3,3,2,2,2,2,2,3,3,2,2,2,2,2,3,3,2,2,2
14802,1,2,1,1,1,1,1,1,2,1,1,1,1,1,1,2,1,1,1,1,1
14803,10,13,11,10,8,8,9,10,13,11,10,8,8,9,10,13,11,10,8,8,9
14804,0,0,0,0,0,0,0,0,0,0,0,0,0,0,0,0,0,0,0,0,0
14805,0,0,0,0,0,0,0,0,0,0,0,0,0,0,0,0,0,0,0,0,0
14806,0,0,0,0,0,0,0,0,0,0,0,0,0,0,0,0,0,0,0,0,0
14807,2,2,2,2,2,2,2,2,2,2,2,2,2,2,2,2,2,2,2,2,2
14808,0,0,1,1,2,1,0,0,0,1,1,2,1,0,0,0,1,1,2,1,0
14809,0,0,0,0,0,0,0,0,0,0,0,0,0,0,0,0,0,0,0,0,0
14810,29,36,25,28,30,30,31,29,36,25,28,30,30,31,29,36,25,28,30,30,30
14811,6,6,4,3,1,3,6,6,7,5,3,2,3,6,7,7,5,3,2,3,6
14812,1,1,3,2,0,0,0,1,1,3,2,0,0,0,1,1,3,2,0,0,0
14813,6,5,5,6,5,6,4,7,6,6,7,5,6,4,6,6,6,6,5,6,4
14814,25,19,18,18,19,17,18,25,18,18,18,19,17,18,25,18,18,18,19,17,17
14815,16,15,15,11,9,9,10,17,16,16,12,9,9,10,16,16,15,11,9,9,10
14816,16,15,12,10,9,8,12,16,15,12,10,9,8,12,16,15,12,10,9,8,12
14817,3,3,2,2,3,4,3,2,3,2,2,3,4,3,2,3,1,2,3,4,3
14818,62,81,67,46,29,33,51,62,81,67,46,29,33,51,62,81,67,46,29,33,51
14819,0,0,0,0,0,0,0,0,0,0,0,0,0,0,0,0,0,0,0,0,0
14820,0,1,0,1,1,0,0,1,1,1,1,1,0,0,1,1,0,1,1,1,1
14821,2,4,4,5,3,2,1,2,4,5,6,3,3,1,2,4,4,5,3,2,1
14822,0,0,0,0,0,0,0,0,0,0,0,0,0,0,0,0,0,0,0,0,0
14823,0,0,0,0,0,0,0,0,0,0,0,0,0,0,0,0,0,0,0,0,0
14824,0,0,0,0,0,0,0,0,0,0,0,0,0,0,0,0,0,0,0,0,0
14825,0,0,0,0,0,1,0,0,0,0,0,0,1,0,0,0,0,0,0,1,0
14826,1,1,1,1,1,1,1,1,1,1,1,1,1,1,1,1,1,1,1,1,1
14827,0,0,0,0,0,0,0,0,0,0,0,0,0,0,0,0,0,0,0,0,0
14828,4,4,4,4,4,3,3,4,4,4,4,4,3,3,4,4,4,4,4,3,3
14829,10,11,11,11,9,7,8,10,13,13,13,10,8,9,10,11,12,12,10,9,10
14830,9,8,6,7,5,4,4,4,4,4,6,5,3,4,4,4,4,6,5,4,5
14831,0,0,0,0,0,0,0,0,0,0,0,0,0,0,0,0,0,0,0,0,0
14832,0,0,0,0,0,0,0,0,0,0,0,0,0,0,0,0,0,0,0,0,0
14833,0,0,0,1,1,1,0,0,0,0,1,1,1,0,0,0,0,1,1,1,0
14834,0,0,0,0,0,0,0,0,0,0,0,0,0,0,0,0,0,0,0,0,0
14835,1,1,1,1,1,0,1,1,1,1,1,1,0,1,1,1,1,1,1,0,1
14836,1,1,1,0,0,0,1,1,1,1,0,0,0,1,1,1,1,0,0,0,1
14837,6,6,6,5,4,4,5,6,6,6,5,4,4,4,5,5,5,4,4,4,5
14838,2,2,2,2,2,2,1,2,2,2,2,2,2,1,2,2,2,2,2,2,1
14839,1,1,1,1,1,1,1,1,1,1,1,1,1,1,1,1,1,1,1,1,1
14840,5,5,6,6,5,4,4,5,5,6,6,5,4,4,5,5,6,6,5,4,4
14841,16,17,19,18,15,15,17,20,21,20,17,15,13,15,19,21,21,18,15,15,17
14842,2,3,3,3,3,3,3,4,5,5,5,4,4,4,4,4,4,3,3,3,3
14843,2,2,2,2,2,2,2,2,2,2,2,2,2,2,2,2,2,2,2,2,2
14844,1,1,1,1,1,1,1,1,1,1,1,1,1,1,1,1,1,1,1,1,1
14845,3,3,2,1,2,2,2,3,3,2,1,2,2,2,3,3,2,1,2,2,2
14846,0,0,0,0,0,0,0,0,0,0,0,0,0,0,0,0,0,0,0,0,0
14847,0,0,0,0,0,0,0,0,0,0,0,0,0,0,0,0,0,0,0,0,0
14848,0,0,0,0,0,0,0,0,0,0,0,0,0,0,0,0,0,0,0,0,0
14849,0,0,0,0,0,0,0,0,0,0,0,0,0,0,0,0,0,0,0,0,0
14850,0,0,0,0,0,0,0,0,0,0,0,0,0,0,0,0,0,0,0,0,0
14851,0,0,0,0,0,0,0,0,0,0,0,0,0,0,0,0,0,0,0,0,0
14852,0,0,0,0,0,0,0,0,0,0,0,0,0,0,0,0,0,0,0,0,0
14853,0,0,0,0,0,0,0,0,0,0,0,0,0,0,0,0,0,0,0,0,0
14854,0,0,0,0,0,0,0,0,0,0,0,0,0,0,0,0,0,0,0,0,0
14855,0,0,0,0,0,0,0,0,0,0,0,0,0,0,0,0,0,0,0,0,0
14856,0,0,0,0,0,0,0,0,0,0,0,0,0,0,0,0,0,0,0,0,0
14857,0,0,0,0,0,0,0,0,0,0,0,0,0,0,0,0,0,0,0,0,0
14858,0,0,0,0,0,0,0,0,0,0,0,0,0,0,0,0,0,0,0,0,0
14859,0,0,1,1,0,0,0,0,0,1,1,0,0,0,0,0,1,1,0,0,0
14860,4,4,4,4,5,4,4,4,4,4,4,5,4,4,5,5,4,4,5,5,5
14861,0,0,0,0,0,0,0,0,0,0,0,0,0,0,0,0,0,0,0,0,0
14862,0,0,0,0,0,0,0,0,0,0,0,0,0,0,0,0,0,0,0,0,0
14863,0,0,0,0,0,0,0,0,0,0,0,0,0,0,0,0,0,0,0,0,0
14864,0,0,0,0,0,0,0,0,0,0,0,0,0,0,0,0,0,0,0,0,0
14865,0,0,0,0,0,0,0,0,0,0,0,0,0,0,0,0,0,0,0,0,0
14866,0,0,0,0,0,0,0,0,0,0,0,0,0,0,0,0,0,0,0,0,0
14867,1,1,1,1,1,1,1,1,1,1,1,1,1,1,1,1,1,1,1,1,1
14868,1,1,2,1,1,1,1,1,1,2,1,1,1,1,1,1,2,1,1,1,1
14869,4,4,5,4,3,3,2,4,4,5,4,3,3,2,4,4,5,4,3,3,3
14870,2,2,2,1,1,1,1,2,2,2,1,1,1,1,2,2,2,1,1,1,1
14871,0,0,0,0,0,0,0,0,0,0,0,0,0,0,0,0,0,0,0,0,0
14872,0,0,0,0,0,0,0,0,0,0,0,0,0,0,0,0,0,0,0,0,0
14873,0,0,0,0,0,0,0,0,0,0,0,0,0,0,0,0,0,0,0,0,0
14874,0,0,0,0,0,0,0,0,0,0,0,0,0,0,0,0,0,0,0,0,0
14875,0,0,0,0,0,0,0,0,0,0,0,0,0,0,0,0,0,0,0,0,0
14876,0,0,0,0,0,0,0,0,0,0,0,0,0,0,0,0,0,0,0,0,0
14877,0,0,0,0,0,0,0,0,0,0,0,0,0,0,0,0,0,0,0,0,0
14878,2,2,2,2,2,2,2,2,2,2,2,2,2,2,2,2,2,2,2,2,2
14879,1,1,1,1,1,1,1,1,1,1,1,1,1,1,1,1,1,1,1,1,1
14880,1,1,0,0,0,0,0,1,1,0,0,0,0,0,1,1,0,0,0,0,0
14881,59,60,61,59,53,49,51,63,69,71,69,62,57,57,67,70,70,65,57,53,56
14882,69,73,73,65,57,53,56,70,81,84,76,68,63,65,76,79,77,66,57,52,55
14883,11,10,10,9,8,7,7,8,9,9,8,7,7,7,8,8,8,7,6,6,6
14884,4,4,5,4,3,3,4,5,6,7,6,5,4,4,6,6,6,5,4,4,5
14885,2,1,2,2,2,2,2,2,1,2,2,2,2,2,2,1,2,2,2,2,2
14886,5,6,5,4,3,3,4,6,8,8,8,6,5,6,7,8,7,6,4,4,5
14887,4,5,5,4,3,2,2,3,4,5,4,3,2,2,2,3,3,3,2,2,2
14888,0,0,0,0,0,0,0,0,0,0,0,0,0,0,0,0,0,0,0,0,0
14889,0,0,0,0,0,0,0,0,0,0,0,0,0,0,0,0,0,0,0,0,0
14890,16,17,17,15,14,14,14,16,17,17,15,14,14,14,15,17,16,15,14,14,14
14891,4,5,5,4,4,3,3,4,5,5,4,4,3,3,4,5,5,4,4,3,3
14892,1,1,1,1,1,1,1,1,1,1,1,1,1,1,1,1,1,1,1,1,1
14893,2,2,2,2,2,2,2,2,2,2,2,2,2,2,2,2,2,2,2,2,2
14894,14,15,12,10,9,8,9,10,12,11,11,9,8,8,10,11,10,10,9,8,9
14895,2,2,2,2,2,2,2,2,2,2,2,2,2,2,2,2,2,2,2,2,2
14896,5,5,5,5,4,4,4,5,5,5,5,4,4,4,5,5,5,5,4,4,4
14897,8,8,9,9,7,7,7,8,8,9,9,7,7,7,8,8,9,9,7,7,7
14898,2,2,2,2,2,1,1,2,2,2,2,2,1,2,2,2,2,2,2,1,2
14899,1,2,2,1,1,1,1,1,2,2,1,1,1,1,1,2,2,1,1,1,1
14900,2,2,2,2,1,1,1,2,2,2,2,2,2,2,2,2,2,1,1,1,1
14901,0,0,0,0,0,0,0,0,0,0,0,0,0,0,0,0,0,0,0,0,0
14902,0,0,0,0,0,0,0,0,0,0,0,0,0,0,0,0,0,0,0,0,0
14903,2,2,2,2,2,1,1,2,2,2,2,2,1,1,2,2,2,2,1,1,1
14904,0,0,0,0,0,0,0,0,0,0,0,0,0,0,0,0,0,0,0,0,0
14905,0,0,0,0,0,0,0,0,0,0,0,0,0,0,0,0,0,0,0,0,0
14906,1,1,1,1,1,1,1,1,1,1,1,1,1,1,1,2,1,1,1,1,1
14907,2,2,2,2,2,2,2,2,3,4,4,4,4,3,3,3,3,2,2,1,1
14908,6,7,7,7,6,4,3,6,7,7,7,6,4,3,6,7,7,7,6,4,4
14909,5,5,5,4,4,4,4,5,5,4,4,4,4,4,4,5,4,4,4,4,4
14910,0,0,0,0,0,0,0,0,0,0,0,0,0,0,0,0,0,0,0,0,0
14911,0,0,0,0,0,0,0,0,0,0,0,0,0,0,0,0,0,0,0,0,0
14912,12,15,15,11,9,10,8,12,15,15,11,9,10,8,12,15,15,12,10,10,8
14913,18,19,18,17,16,15,14,18,20,20,19,17,15,15,18,20,20,19,17,15,15
14914,5,6,6,6,5,4,5,6,7,7,7,6,5,5,6,6,7,6,5,5,5
14915,2,2,2,2,2,2,1,2,2,2,2,2,2,1,2,2,2,2,2,2,1
14916,0,0,0,0,0,0,0,0,0,0,0,0,0,0,0,0,0,0,0,0,0
14917,0,0,0,0,0,0,0,0,0,0,0,0,0,0,0,0,0,0,0,0,0
14918,1,1,1,1,1,1,1,1,1,1,1,2,1,1,1,1,1,1,2,1,1
14919,3,3,3,3,3,2,3,3,3,3,3,3,2,3,3,3,3,3,3,3,3
14920,0,0,0,0,0,0,0,0,0,0,0,0,0,0,0,0,0,0,0,0,0
14921,8,7,6,5,4,4,5,5,6,6,5,4,4,5,5,5,6,5,4,4,5
14922,0,0,0,0,0,0,0,0,0,0,0,0,0,0,0,0,0,0,0,0,0
14923,0,0,0,0,0,0,0,0,0,0,0,0,0,0,0,0,0,0,0,0,0
14924,7,7,6,6,5,6,5,6,7,6,6,5,6,5,6,7,6,6,5,6,5
14925,11,10,10,10,9,9,9,11,11,10,10,9,10,9,11,11,10,10,9,10,9
14926,73,83,78,65,59,56,57,73,83,79,65,59,56,57,73,83,79,65,59,56,57
14927,0,0,0,0,0,0,0,0,0,0,0,0,0,0,0,0,0,0,0,0,0
14928,42,43,38,39,35,33,34,42,43,38,39,35,33,34,42,43,38,39,35,33,34
14929,16,18,19,17,14,13,13,16,19,20,18,15,14,15,16,18,17,15,13,12,13
14930,24,27,26,24,22,21,21,22,25,25,24,23,22,23,26,29,28,27,25,23,25
14931,1,1,2,2,2,1,1,1,1,2,2,2,1,1,1,1,2,2,2,1,1
14932,1,1,0,1,1,1,1,1,1,0,1,1,1,1,1,1,0,1,1,1,1
14933,5,5,5,4,4,4,3,5,5,5,4,4,4,3,5,5,5,4,4,4,3
14934,2,3,3,3,2,2,2,3,3,3,3,2,2,2,3,3,2,2,2,2,2
14935,14,17,17,15,15,14,12,13,17,17,15,15,14,12,14,17,17,15,15,14,12
14936,3,3,3,3,2,2,2,3,3,3,3,2,2,2,3,3,3,3,2,2,2
14937,4,4,4,3,2,2,2,4,4,4,3,2,2,2,4,4,4,3,2,2,2
14938,1,1,1,1,0,0,1,1,1,1,1,0,0,1,1,1,1,1,0,0,1
14939,1,1,1,1,0,0,1,1,1,1,1,0,0,1,1,1,1,1,0,0,1
14940,8,9,8,7,6,7,8,8,9,8,7,6,7,8,8,9,8,7,6,7,8
14941,16,18,16,11,9,9,9,10,13,14,13,12,11,12,14,16,15,12,11,11,12
14942,8,8,8,7,7,7,6,8,9,8,7,7,7,6,8,8,8,7,7,7,6
14943,7,6,5,4,3,3,4,4,5,4,3,3,3,4,4,4,4,3,3,3,3
14944,1,2,2,3,2,2,1,1,2,2,3,2,2,1,1,2,2,3,2,2,1
14945,5,5,5,5,4,4,4,5,5,5,5,4,4,4,5,4,5,5,4,3,4
14946,5,6,5,5,5,4,4,5,6,5,5,5,4,4,5,6,5,5,5,4,5
14947,0,0,0,0,0,0,0,0,0,0,0,0,0,0,0,0,0,0,0,0,0
14948,0,0,0,0,0,0,0,0,0,0,0,0,0,0,0,0,0,0,0,0,0
14949,1,0,0,0,0,0,0,1,0,0,0,0,0,0,1,0,0,0,0,0,0
14950,0,0,0,0,0,0,0,0,0,0,0,0,0,0,0,0,0,0,0,0,0
14951,0,0,0,0,0,0,0,0,0,0,0,0,0,0,0,0,0,0,0,0,0
14952,0,0,0,0,0,0,0,0,0,0,0,0,0,0,0,0,0,0,0,0,0
14953,0,0,0,0,0,0,0,0,0,0,0,0,0,0,0,0,0,0,0,0,0
14954,0,0,0,0,0,0,0,0,0,0,0,0,0,0,0,0,0,0,0,0,0
14955,0,0,0,0,0,0,0,0,0,0,0,0,0,0,0,0,0,0,0,0,0
14956,1,1,1,1,1,1,1,1,1,1,1,0,0,1,1,1,1,1,0,0,1
14957,0,0,0,0,0,0,0,0,0,0,0,0,0,0,0,0,0,0,0,0,0
14958,15,17,18,10,7,6,12,15,17,18,10,7,6,12,15,17,18,10,7,6,12
14959,76,87,95,93,84,69,62,75,94,103,99,88,71,61,73,90,98,94,83,68,60
14960,1,1,1,2,2,2,2,2,2,2,2,1,1,1,1,1,1,1,1,1,1
14961,0,0,0,0,0,0,0,0,0,0,0,0,0,0,0,0,0,0,0,0,0
14962,23,26,25,27,24,21,20,23,25,25,27,24,21,20,23,25,25,26,24,21,20
14963,0,0,0,0,0,0,0,0,0,0,0,0,0,0,0,0,0,0,0,0,0
14964,0,0,0,0,0,0,0,0,0,0,0,0,0,0,0,0,0,0,0,0,0
14965,0,0,0,0,0,0,0,0,0,0,0,0,0,0,0,0,0,0,0,0,0
14966,0,0,0,0,0,0,0,0,0,0,0,0,0,0,0,0,0,0,0,0,0
14967,11,8,9,8,7,8,9,12,9,9,8,8,9,9,12,9,9,8,8,9,10
14968,0,0,0,0,0,0,0,0,0,0,0,0,0,0,0,0,0,0,0,0,0
14969,0,0,0,0,0,0,0,0,0,0,0,0,0,0,0,0,0,0,0,0,0
14970,0,0,0,0,0,0,0,0,0,0,0,0,0,0,0,0,0,0,0,0,0
14971,2,2,2,2,2,2,2,2,2,2,2,2,2,2,2,3,2,2,2,2,2
14972,0,0,0,0,0,0,0,0,0,0,0,0,0,0,0,0,0,0,0,0,0
14973,0,0,0,0,0,0,0,0,0,0,0,0,0,0,0,0,0,0,0,0,0
14974,1,1,1,1,1,1,1,1,1,1,1,1,1,1,1,1,1,1,1,1,1
14975,1,3,2,2,1,1,1,1,3,2,2,1,1,1,1,3,2,2,1,1,1
14976,1,1,1,1,1,1,1,1,1,1,1,1,1,1,1,1,1,1,1,1,1
14977,1,1,1,1,1,1,1,1,1,1,1,1,1,1,1,1,1,1,1,1,1
14978,0,0,0,0,0,0,0,0,0,0,0,0,0,0,0,0,0,0,0,0,0
14979,1,2,2,2,2,2,1,2,2,2,2,2,2,1,1,1,2,2,2,1,1
14980,1,1,1,1,0,0,1,1,1,1,1,1,1,1,2,2,2,1,1,1,1
14981,2,4,4,6,5,4,1,2,4,4,6,5,4,1,2,4,4,6,5,4,1
14982,4,4,4,4,4,3,3,4,4,4,4,4,3,3,4,4,4,4,4,3,3
14983,2,2,2,2,2,2,1,2,2,2,2,2,2,1,2,2,2,2,2,2,1
14984,0,0,0,0,0,0,0,0,0,0,0,0,0,0,0,0,0,0,0,0,0
14985,6,6,7,8,7,5,4,5,5,7,8,7,5,4,5,5,6,7,7,5,4
14986,0,0,0,0,0,0,0,0,0,0,0,0,0,0,0,0,0,0,0,0,0
14987,3,4,6,7,7,4,3,3,3,5,7,7,4,3,3,3,5,7,7,4,3
14988,4,5,6,6,5,4,4,4,5,5,5,4,3,3,4,5,6,5,5,4,3
14989,1,1,1,1,1,1,1,1,2,2,2,1,1,1,1,2,2,2,2,2,2
14990,0,0,0,0,0,0,0,0,0,0,0,0,0,0,0,0,0,0,0,0,0
14991,0,0,0,0,0,0,0,0,1,0,1,0,0,1,1,1,1,1,1,1,1
14992,1,0,0,1,1,1,1,1,0,0,1,1,1,1,1,0,0,1,1,1,1
14993,0,0,0,0,0,0,0,0,0,0,0,0,0,0,0,0,0,0,0,0,0
14994,0,0,0,0,0,0,0,0,0,0,0,0,0,0,0,0,0,0,0,0,0
14995,0,0,0,0,0,0,0,0,0,0,0,0,0,0,0,0,0,0,0,0,0
14996,0,0,0,0,0,0,0,0,0,0,0,0,0,0,0,0,0,0,0,0,0
14997,0,0,0,0,0,0,0,0,0,0,0,0,0,0,0,0,0,0,0,0,0
14998,2,2,2,2,2,1,1,2,2,2,2,2,1,1,1,1,2,2,1,1,1
14999,5,5,5,5,4,4,4,5,5,5,5,4,4,4,5,5,5,5,4,4,4
15000,14,17,20,18,15,14,13,15,18,21,18,15,14,13,14,17,19,17,14,13,12
15001,0,0,0,0,0,0,0,0,0,0,0,0,0,0,0,0,0,0,0,0,0
15002,0,0,0,0,0,0,0,0,0,0,0,0,0,0,0,0,0,0,0,0,0
15003,0,0,0,0,0,0,0,0,0,0,0,0,0,0,0,0,0,0,0,0,0
15004,0,0,0,0,0,0,0,0,0,0,0,0,0,0,0,0,0,0,0,0,0
15005,6,4,4,4,4,5,6,6,4,4,4,4,5,6,6,4,4,4,4,5,6
15006,1,1,1,1,1,0,0,1,1,1,1,1,0,0,1,1,1,1,1,0,0
15007,1,1,1,1,1,1,1,1,1,1,1,1,1,1,1,1,1,1,1,1,1
15008,0,0,0,0,0,0,0,0,0,0,0,0,0,0,0,0,0,0,0,0,0
15009,2,2,2,3,2,2,1,2,2,2,3,2,2,1,2,2,2,3,2,2,1
15010,0,0,0,0,0,0,0,0,0,0,0,0,0,0,0,0,0,0,0,0,0
15011,0,0,0,0,0,0,0,0,0,0,0,0,0,0,0,0,0,0,0,0,0
15012,0,0,0,0,0,0,0,0,0,0,0,0,0,0,0,0,0,0,0,0,0
15013,1,1,1,1,1,1,1,1,1,1,1,1,1,1,1,1,1,1,1,1,1
15014,0,0,0,0,0,0,0,0,0,0,0,0,0,0,0,0,0,0,0,0,0
15015,1,2,2,2,2,2,1,1,2,2,2,2,2,1,1,2,2,2,2,2,1
15016,2,3,3,3,3,2,2,2,3,3,3,3,2,2,2,3,3,3,3,2,2
15017,0,0,0,0,0,0,0,0,0,0,0,0,0,0,0,0,0,0,0,0,0
15018,29,30,29,24,19,17,19,26,29,28,24,20,17,19,26,29,28,23,19,17,19
15019,254,266,246,231,214,202,205,263,282,261,244,226,210,211,267,283,261,241,222,208,210
15020,15,21,20,20,18,15,14,15,21,20,20,18,15,14,15,21,20,20,18,15,14
15021,94,100,90,84,76,82,77,91,98,90,84,77,82,77,91,98,89,83,76,82,76
15022,16,16,18,17,15,13,13,15,15,18,17,15,13,13,16,16,19,17,16,13,13
15023,62,69,71,60,51,47,47,65,75,77,65,57,51,50,68,78,78,65,56,51,52
15024,204,209,211,195,171,153,158,212,226,230,210,183,160,161,209,217,216,196,172,153,159
15025,16,20,24,21,16,14,12,15,19,23,20,16,14,12,15,19,23,20,16,14,12
15026,3,3,3,3,2,2,3,4,3,3,3,3,2,3,4,3,3,3,3,3,3
15027,32,33,25,29,32,28,24,30,33,29,34,37,32,28,36,37,31,34,36,32,29
15028,18,20,19,16,13,13,15,17,20,19,16,13,12,14,17,20,19,15,13,12,14
15029,9,8,7,7,6,6,7,9,9,8,7,6,5,6,8,7,6,6,6,5,6
15030,0,1,1,1,1,0,0,0,1,1,1,1,0,0,0,1,1,1,1,0,0
15031,3,3,3,2,2,2,3,3,3,3,2,2,2,3,2,3,2,2,2,2,3
15032,18,16,17,15,14,14,17,20,22,22,19,16,14,15,15,15,14,12,11,11,12
15033,0,1,1,1,1,0,0,0,1,1,1,1,0,0,0,1,1,1,1,0,0
15034,1,1,0,0,0,0,0,1,1,0,0,0,0,0,1,1,0,0,0,0,0
15035,3,2,2,1,1,1,3,5,3,3,2,1,1,3,4,3,2,2,1,2,4
15036,0,0,0,0,0,0,0,0,0,0,0,0,0,0,0,0,0,0,0,0,0
15037,3,3,3,3,2,2,2,3,3,4,3,3,3,3,4,5,5,5,4,4,4
15038,1,1,1,1,0,1,1,1,1,1,1,0,1,1,1,1,1,1,0,1,1
15039,1,1,1,1,1,1,1,1,1,1,1,1,1,1,1,1,1,1,1,1,1
15040,10,10,11,10,9,8,9,9,10,11,10,9,8,8,9,10,11,10,9,8,9
15041,0,0,0,0,0,0,0,0,0,0,0,0,0,0,0,0,0,0,0,0,0
15042,0,0,0,0,0,0,0,0,0,0,0,0,0,0,0,0,0,0,0,0,0
15043,1,1,2,1,1,1,1,1,1,2,1,1,1,1,1,1,2,1,1,1,1
15044,1,1,1,1,1,1,1,1,1,1,1,1,1,1,1,1,1,1,1,1,1
15045,16,21,23,23,20,17,14,16,21,23,23,20,17,14,16,21,23,23,20,17,14
15046,21,23,23,20,18,16,17,24,28,29,26,24,21,22,26,25,23,18,16,15,15
15047,21,22,22,22,21,19,19,21,22,22,22,21,19,19,21,22,22,22,21,19,19
15048,0,0,0,0,0,0,0,0,0,0,0,0,0,0,0,0,0,0,0,0,0
15049,0,0,0,0,0,0,0,0,0,0,0,0,0,0,0,0,0,0,0,0,0
15050,0,0,0,0,0,0,0,0,0,0,0,0,0,0,0,0,0,0,0,0,0
15051,7,7,7,7,6,6,6,7,7,7,7,6,6,6,7,7,7,7,6,6,6
15052,0,0,0,0,0,0,0,0,0,0,0,0,0,0,0,0,0,0,0,0,0
15053,0,0,0,0,0,0,0,0,0,0,0,0,0,0,0,0,0,0,0,0,0
15054,0,0,0,0,0,0,0,0,0,0,0,0,0,0,0,0,0,0,0,0,0
15055,0,0,0,0,0,0,0,0,0,0,0,0,0,0,0,0,0,0,0,0,0
15056,1,1,1,1,1,1,1,1,1,1,1,1,1,1,1,1,1,1,1,1,1
15057,0,0,0,0,0,0,0,0,0,0,0,0,0,0,0,0,0,0,0,0,0
15058,0,0,0,0,0,0,0,0,0,0,0,0,0,0,0,0,0,0,0,0,0
15059,0,0,0,0,0,0,0,0,0,0,0,0,0,0,0,0,0,0,0,0,0
15060,0,0,0,0,0,0,0,0,0,0,0,0,0,0,0,0,0,0,0,0,0
15061,1,2,2,1,1,1,1,1,2,2,1,1,1,1,1,2,2,1,1,1,1
15062,3,3,3,3,3,2,2,3,3,3,3,3,2,2,2,3,3,3,3,3,3
15063,90,95,95,96,86,78,82,94,104,102,101,91,81,85,98,105,102,99,89,82,88
15064,0,0,0,0,0,0,0,0,0,0,0,0,0,0,0,0,0,0,0,0,0
15065,0,0,0,0,0,0,0,0,0,0,0,0,0,0,0,0,0,0,0,0,0
15066,0,0,0,0,0,0,0,0,0,0,0,0,0,0,0,0,0,0,0,0,0
15067,0,0,0,0,0,0,0,0,0,0,0,0,0,0,0,0,0,0,0,0,0
15068,0,0,0,0,0,0,0,0,0,0,0,0,0,0,0,0,0,0,0,0,0
15069,0,0,0,0,0,0,0,0,0,0,0,0,0,0,0,0,0,0,0,0,0
15070,3,4,4,4,3,3,3,3,4,4,4,3,3,3,3,4,4,4,3,3,3
15071,0,0,0,0,0,0,0,0,0,0,0,0,0,0,0,0,0,0,0,0,0
15072,0,0,0,0,0,0,0,0,0,0,0,0,0,0,0,0,0,0,0,0,0
15073,0,0,0,0,0,0,0,0,0,0,0,0,0,0,0,0,0,0,0,0,0
15074,63,69,70,66,57,49,46,51,57,59,55,49,42,40,48,55,57,52,45,39,37
15075,1,1,1,1,1,1,1,1,1,1,1,1,1,1,1,1,1,1,1,1,1
15076,5,3,2,2,2,2,2,3,2,2,2,1,1,2,3,2,2,2,1,1,1
15077,0,0,0,0,0,0,0,0,0,0,0,0,0,0,0,0,0,0,0,0,0
15078,4,5,6,6,5,4,3,4,5,6,6,6,4,4,4,5,5,6,5,3,3
15079,7,8,7,6,4,3,3,6,7,7,6,4,3,3,5,6,6,5,3,2,3
15080,2,2,3,2,2,2,2,2,2,3,2,2,2,2,2,2,3,2,2,2,2
15081,30,33,35,31,28,23,25,32,38,41,38,34,29,29,36,38,38,31,28,23,24
15082,2,2,2,2,2,2,1,2,2,2,2,2,2,1,2,2,2,2,2,2,1
15083,8,9,10,9,8,7,7,8,9,10,9,8,7,7,8,9,10,9,8,7,7
15084,3,3,3,3,3,3,3,4,4,3,3,3,3,4,4,4,4,4,3,4,4
15085,4,4,3,3,2,2,2,3,3,3,3,2,2,2,3,3,3,3,2,2,2
15086,4,5,6,5,5,4,3,4,5,6,5,5,4,3,4,5,6,5,5,4,3
15087,20,19,18,15,14,12,14,16,18,19,18,16,13,14,15,15,15,14,13,12,13
15088,0,0,0,0,0,0,0,0,0,0,0,0,0,0,0,0,0,0,0,0,0
15089,0,0,0,0,0,0,0,0,0,0,0,0,0,0,0,0,0,0,0,0,0
15090,11,11,11,10,9,8,8,11,11,11,10,9,8,8,11,11,11,10,9,8,8
15091,0,0,0,0,0,0,0,0,0,0,0,0,0,0,0,0,0,0,0,0,0
15092,7,9,9,7,6,6,6,8,10,9,7,6,6,6,8,10,10,8,7,7,7
15093,6,7,8,7,6,4,4,6,7,8,7,6,4,4,6,7,8,7,6,5,5
15094,21,23,26,24,19,14,14,18,22,26,24,20,15,14,19,22,25,23,18,14,14
15095,3,4,5,4,3,2,2,3,4,5,4,3,2,2,3,4,5,4,3,2,2
15096,37,40,40,36,34,31,32,37,43,44,41,38,33,34,39,44,44,39,36,32,34
15097,8,8,7,6,5,5,6,8,8,7,5,5,5,6,7,7,7,5,5,5,6
15098,1,1,1,1,1,1,1,1,1,1,1,1,1,1,1,1,1,1,1,1,1
15099,13,14,12,11,9,9,9,12,14,13,13,10,10,10,12,13,10,9,7,8,9
15100,54,56,55,50,43,38,40,50,55,56,52,45,39,40,49,53,54,50,44,39,41
15101,4,5,6,7,5,3,3,4,5,6,7,5,3,3,4,5,6,7,5,3,3
15102,0,0,0,0,0,0,0,0,0,0,0,0,0,0,0,0,0,0,0,0,0
15103,1,1,1,0,0,0,1,1,1,1,0,0,0,1,1,1,1,0,0,0,1
15104,0,0,0,0,0,0,0,0,0,0,0,0,0,0,0,0,0,0,0,0,0
15105,0,0,0,0,0,0,0,0,0,0,0,0,0,0,0,0,0,0,0,0,0
15106,0,0,0,0,0,0,0,0,0,0,0,0,0,0,0,0,0,0,0,0,0
15107,0,0,0,0,0,0,0,0,0,0,0,0,0,0,0,0,0,0,0,0,0
15108,0,0,0,0,0,0,0,0,0,0,0,0,0,0,0,0,0,0,0,0,0
15109,0,0,0,0,0,0,0,0,1,1,0,0,0,0,1,1,1,1,0,0,0
15110,0,0,0,0,0,0,0,0,0,0,0,0,0,0,0,0,0,0,0,0,0
15111,0,0,0,0,0,0,0,0,0,0,0,0,0,0,0,0,0,0,0,0,0
15112,0,0,0,0,0,0,0,0,0,0,0,0,0,0,0,0,0,0,0,0,0
15113,0,0,0,0,0,0,0,0,0,0,0,0,0,0,0,0,0,0,0,0,0
15114,0,0,0,0,0,0,0,0,0,0,0,0,0,0,0,0,0,0,0,0,0
15115,0,0,0,0,0,0,0,0,0,0,0,0,0,0,0,0,0,0,0,0,0
15116,0,0,0,0,0,0,0,0,0,0,0,0,0,0,0,0,0,0,0,0,0
15117,0,1,1,1,1,1,1,0,1,1,1,1,1,1,0,1,1,1,1,1,1
15118,12,12,13,11,10,9,8,10,10,10,9,8,7,8,10,11,11,10,9,8,9
15119,0,1,1,1,0,0,1,0,1,1,1,0,0,1,0,1,1,1,0,0,1
15120,0,0,0,0,0,0,0,0,0,0,0,0,0,0,0,0,0,0,0,0,0
15121,0,0,0,0,0,0,0,0,0,0,0,0,0,0,0,0,0,0,0,0,0
15122,1,1,1,1,1,1,1,1,1,1,1,1,1,1,1,1,1,1,1,1,1
15123,11,10,10,9,8,7,8,10,9,9,8,7,7,8,11,12,12,11,9,9,10
15124,16,16,17,17,15,13,15,17,17,17,15,13,12,13,15,15,16,14,12,11,13
15125,3,3,3,3,2,2,2,3,3,3,3,2,2,2,3,3,3,3,2,2,2
15126,1,2,1,1,1,1,1,1,2,1,1,1,1,1,1,1,1,1,1,1,1
15127,2,2,2,2,2,2,2,2,2,2,2,1,1,1,1,1,2,2,1,1,1
15128,0,0,0,0,0,0,0,0,0,0,0,0,0,0,0,0,0,0,0,0,0
15129,0,0,0,0,0,0,0,0,0,0,0,0,0,0,0,0,0,0,0,0,0
15130,1,1,1,1,1,1,1,1,1,1,1,1,1,1,1,1,1,1,1,1,1
15131,2,2,3,3,2,2,2,3,4,5,4,3,2,3,4,5,6,5,4,3,4
15132,19,23,21,16,14,13,16,19,22,20,15,13,12,15,19,23,20,16,14,13,16
15133,1,2,2,2,1,1,2,2,2,3,2,2,2,3,3,4,4,3,2,2,4
15134,3,5,6,3,2,3,3,3,5,6,3,2,2,3,3,6,6,3,2,3,3
15135,2,3,2,2,2,2,2,2,2,2,2,2,2,2,2,2,2,2,2,2,2
15136,3,4,4,4,4,4,4,5,6,7,7,5,5,5,6,7,6,6,4,4,4
15137,2,3,2,2,1,1,2,2,2,2,2,1,1,2,2,3,2,2,1,2,2
15138,8,9,8,6,5,4,8,8,9,8,6,5,4,8,8,9,8,6,5,4,8
15139,1,1,1,1,1,1,1,1,1,1,1,1,1,1,1,1,1,1,1,1,1
15140,0,1,1,1,1,0,1,1,1,1,1,1,1,1,1,1,1,1,1,1,1
15141,2,2,2,2,1,2,2,2,2,1,1,1,1,1,2,2,2,2,2,2,2
15142,2,3,2,3,2,2,2,2,2,2,3,2,2,2,2,3,2,3,2,2,2
15143,1,1,1,1,1,1,2,2,2,2,2,2,2,2,2,2,2,2,2,2,2
15144,0,0,0,0,0,0,0,0,0,0,0,0,0,0,0,0,0,0,0,0,0
15145,0,0,0,0,0,0,0,0,0,0,0,0,0,0,0,0,0,0,0,0,0
15146,4,3,3,2,1,1,2,3,3,3,2,1,1,1,2,2,2,1,1,1,1
15147,0,0,0,0,0,0,0,0,0,0,0,0,0,0,0,0,0,0,0,0,0
15148,2,2,2,2,2,2,2,2,2,2,2,2,2,2,2,2,2,2,2,2,2
15149,0,0,0,0,0,0,0,0,0,0,0,0,0,0,0,0,0,0,0,0,0
15150,0,0,0,0,0,0,0,0,0,0,0,0,0,0,0,0,0,0,0,0,0
15151,2,3,3,3,3,2,2,2,3,3,3,3,2,2,2,3,3,3,3,2,2
15152,13,19,17,15,9,8,9,12,20,20,18,12,10,10,12,18,16,14,9,9,10
15153,3,4,4,4,3,3,3,3,4,4,4,3,3,3,3,4,4,4,3,3,3
15154,3,4,6,5,3,3,3,3,4,6,5,3,3,3,3,4,6,5,3,3,3
15155,0,0,0,0,0,0,1,0,0,0,0,0,0,0,0,0,0,0,0,0,1
15156,18,19,24,36,21,15,12,15,17,24,38,22,15,11,13,14,20,34,20,15,11
15157,39,40,37,35,29,27,31,40,45,45,43,36,33,36,45,47,43,38,32,29,33
15158,4,4,4,4,3,3,3,4,4,5,4,3,2,2,3,4,4,3,2,2,2
15159,1,2,2,1,1,1,1,1,2,2,1,1,1,1,1,2,2,1,1,1,1
15160,109,117,116,111,92,84,80,107,123,128,125,104,94,88,114,125,123,116,95,87,81
15161,2,2,3,3,3,2,2,2,2,3,3,3,2,2,2,2,3,3,3,2,2
15162,8,10,10,8,7,6,6,8,11,10,8,7,6,6,8,11,10,9,7,6,6
15163,116,131,150,149,120,94,91,124,142,155,151,122,94,88,120,137,153,149,121,96,92
15164,0,0,0,0,0,0,0,0,0,0,0,0,0,0,0,0,0,0,0,0,0
15165,16,18,17,13,11,9,11,15,18,19,16,14,11,13,16,16,15,12,11,10,12
15166,0,0,0,0,0,0,0,0,0,0,0,0,0,0,0,0,0,0,0,0,0
15167,0,0,0,0,0,0,0,0,0,0,0,0,0,0,0,0,0,0,0,0,0
15168,0,0,0,0,0,0,0,0,0,0,0,0,0,0,0,0,0,0,0,0,0
15169,1,1,1,1,1,0,1,1,1,1,1,1,0,1,1,1,1,1,1,0,1
15170,1,1,1,1,2,2,2,1,1,1,2,2,2,2,1,1,1,1,1,1,1
15171,0,0,0,0,0,0,0,0,0,0,0,0,0,0,0,0,0,0,0,0,0
15172,1,1,0,0,0,0,0,0,0,0,0,0,0,0,0,0,0,0,0,0,0
15173,13,14,13,12,11,10,11,13,14,13,12,11,10,11,13,14,13,12,11,10,11
15174,28,31,33,31,27,22,23,28,32,32,31,26,22,23,28,31,32,30,25,21,21
15175,6,5,5,4,3,2,3,4,4,5,5,4,3,3,4,5,5,4,4,3,3
15176,7,8,8,7,6,5,5,7,9,10,9,7,6,7,8,10,10,8,7,6,7
15177,8,9,9,8,7,5,6,8,9,9,8,7,5,6,8,9,8,7,6,5,6
15178,7,7,7,6,5,4,4,6,7,7,7,6,5,5,6,7,7,7,6,6,6
15179,15,16,16,14,12,10,11,14,16,15,13,10,8,8,10,12,12,11,10,9,9
15180,8,8,9,7,6,5,6,7,8,8,6,5,4,5,6,6,6,5,5,4,5
15181,6,5,4,3,2,2,3,3,4,4,3,3,3,3,4,4,4,3,3,3,4
15182,5,6,5,4,3,3,3,5,5,5,4,3,3,4,5,6,5,4,3,4,4
15183,1,1,1,1,1,1,0,1,1,1,1,1,1,0,1,1,1,1,1,1,0
15184,0,0,0,0,0,0,0,0,0,0,0,0,0,0,0,0,0,0,0,0,0
15185,0,0,0,0,0,0,0,0,0,0,0,0,0,0,0,0,0,0,0,0,0
15186,0,0,0,0,0,0,0,0,0,0,0,0,0,0,0,0,0,0,0,0,0
15187,0,0,0,0,0,0,0,0,0,0,0,0,0,0,0,0,0,0,0,0,0
15188,0,0,0,0,0,0,0,0,0,0,0,0,0,0,0,0,0,0,0,0,0
15189,2,2,2,2,1,1,1,2,2,2,2,1,1,1,2,2,2,2,1,1,1
15190,2,2,2,2,1,1,1,1,2,2,2,2,1,1,2,2,2,2,2,1,1
15191,4,4,3,3,3,2,2,3,3,3,3,3,2,2,3,3,3,3,3,3,2
15192,5,5,5,5,4,4,4,5,6,6,5,5,5,5,5,6,6,6,5,5,5
15193,15,17,15,12,10,12,13,16,18,16,13,11,13,14,17,18,15,12,10,12,13
15194,43,45,43,39,35,31,34,40,45,42,38,34,30,32,37,42,40,36,33,30,33
15195,2,2,2,2,2,1,1,2,2,2,2,2,1,1,2,2,2,2,1,1,1
15196,4,3,3,2,2,2,2,3,3,3,2,2,2,2,3,2,2,2,2,2,3
15197,1,1,1,1,1,1,1,1,1,1,1,1,1,1,1,1,1,1,1,1,1
15198,17,18,19,15,15,13,14,17,18,19,15,15,13,14,17,18,19,15,15,13,14
15199,0,0,0,0,0,0,0,0,0,0,0,0,0,0,0,0,0,0,0,0,0
15200,0,0,0,0,0,0,0,0,0,0,0,0,0,0,0,0,0,0,0,0,0
15201,0,0,0,0,0,0,0,0,0,0,0,0,0,0,0,0,0,0,0,0,0
15202,4,4,3,3,2,2,3,3,4,4,3,3,3,3,4,4,4,4,3,3,4
15203,0,0,0,0,0,0,0,0,0,0,0,0,0,0,0,0,0,0,0,0,0
15204,0,0,0,0,0,0,0,0,0,0,0,0,0,0,0,0,0,0,0,0,0
15205,1,1,1,1,0,1,1,1,1,1,1,0,1,1,1,1,1,1,0,1,1
15206,8,8,8,5,6,6,7,8,8,8,5,6,6,7,8,8,8,5,6,6,7
15207,0,0,0,0,0,0,0,0,0,0,0,0,0,0,0,0,0,0,0,0,0
15208,0,0,0,0,0,0,0,0,0,0,0,0,0,0,0,0,0,0,0,0,0
15209,0,0,0,0,0,0,0,0,0,0,1,1,1,1,1,0,0,0,0,0,0
15210,0,0,0,0,0,0,0,0,0,0,0,0,0,0,0,0,0,0,0,0,0
15211,0,0,0,0,0,0,0,0,0,0,0,0,0,0,0,0,0,0,0,0,0
15212,0,0,0,0,0,0,0,0,0,0,0,0,0,0,0,0,0,0,0,0,0
15213,1,1,1,1,1,1,1,1,1,1,1,1,1,1,1,1,1,1,1,1,1
15214,3,4,4,4,3,2,2,3,4,4,4,3,3,3,4,5,5,4,4,3,3
15215,8,9,11,11,10,8,7,8,9,11,11,10,8,7,8,9,11,11,10,8,7
15216,5,5,6,5,4,3,3,5,5,6,5,4,3,3,5,5,6,5,4,3,3
15217,13,16,16,15,12,9,9,13,16,16,15,12,9,9,13,16,16,15,12,9,9
15218,1,1,1,1,1,1,1,1,1,1,1,1,1,1,1,1,1,1,1,1,1
15219,7,7,7,7,8,7,7,7,7,7,7,8,7,7,7,7,7,7,8,7,7
15220,0,0,0,0,0,0,0,0,0,0,0,0,0,0,0,0,0,0,0,0,0
15221,0,0,0,0,0,0,0,0,0,0,0,0,0,0,0,0,0,0,0,0,0
15222,0,0,0,0,0,0,0,0,0,0,0,0,0,0,0,0,0,0,0,0,0
15223,0,0,0,0,0,0,0,0,0,0,0,0,0,0,0,0,0,0,0,0,0
15224,10,10,10,9,7,6,8,10,10,10,9,7,6,8,10,10,10,9,7,6,8
15225,8,8,6,7,7,7,8,9,8,7,7,7,7,8,8,7,5,6,6,6,7
15226,5,6,6,5,5,5,6,7,8,8,7,6,6,7,8,9,9,8,8,7,8
15227,1,1,1,1,1,1,1,1,1,1,1,1,1,1,1,1,1,1,1,1,1
15228,219,248,264,314,273,243,232,219,248,264,314,273,243,232,219,248,264,314,273,243,232
15229,49,54,54,50,43,39,39,49,54,54,50,43,39,39,49,54,54,50,43,39,39
15230,0,0,0,0,0,0,0,0,0,0,0,0,0,0,0,0,0,0,0,0,0
15231,7,12,12,10,6,5,6,7,12,11,10,6,5,6,7,12,11,10,6,5,6
15232,21,29,28,31,30,24,22,21,29,28,31,30,24,22,21,29,28,31,30,24,22
15233,93,98,134,138,126,83,74,91,98,134,138,126,83,74,92,98,134,138,126,83,74
15234,1,1,1,1,1,1,1,1,1,1,1,1,1,1,1,1,1,1,1,1,1
15235,2,3,3,3,3,3,2,2,3,3,3,3,3,2,2,3,3,3,3,3,2
15236,21,28,30,27,23,16,15,22,29,31,28,23,16,15,22,29,30,27,23,16,15
15237,0,0,0,0,0,0,0,0,0,0,0,0,0,0,0,0,0,0,0,0,0
15238,0,0,0,0,0,0,0,0,0,0,0,0,0,0,0,0,0,0,0,0,0
15239,0,0,0,0,0,0,0,0,0,0,0,0,0,0,0,0,0,0,0,0,0
15240,0,0,0,0,0,0,0,0,0,0,0,0,0,0,0,0,0,0,0,0,0
15241,0,0,0,0,0,0,0,0,0,0,0,0,0,0,0,0,0,0,0,0,0
15242,0,0,0,0,0,0,0,0,0,0,0,0,0,0,0,0,0,0,0,0,0
15243,0,0,0,0,0,0,0,0,0,0,0,0,0,0,0,0,0,0,0,0,0
15244,0,0,0,0,0,0,0,0,0,0,0,0,0,0,0,0,0,0,0,0,0
15245,0,0,0,0,0,0,0,0,0,0,0,0,0,0,0,0,0,0,0,0,0
15246,5,5,4,3,2,2,3,4,4,4,3,3,3,4,5,6,5,4,4,4,5
15247,1,1,1,1,1,0,1,1,1,1,1,1,0,1,1,1,1,1,1,1,1
15248,5,5,4,3,2,2,2,2,2,2,2,2,2,2,3,3,3,3,2,2,3
15249,0,1,1,0,0,0,0,0,1,1,0,0,0,0,0,1,1,0,0,0,0
15250,3,3,3,2,2,2,3,3,3,3,2,2,2,2,3,3,3,2,2,2,3
15251,4,4,4,4,3,3,3,3,4,4,4,3,3,3,4,5,5,4,4,3,3
15252,12,14,13,10,9,7,8,10,12,12,10,9,7,7,9,11,11,9,8,7,7
15253,0,0,0,0,0,0,0,0,0,0,0,0,0,0,0,0,0,0,0,0,0
15254,0,0,0,0,0,0,0,0,0,0,0,0,0,0,0,0,0,0,0,0,0
15255,0,0,0,0,0,0,0,0,0,0,0,0,0,0,0,0,0,0,0,0,0
15256,0,0,0,0,0,0,0,0,0,0,0,0,0,0,0,0,0,0,0,0,0
15257,0,0,0,0,0,0,0,0,0,0,0,0,0,0,0,0,1,1,1,0,0
15258,0,0,0,0,0,0,0,0,0,0,0,0,0,0,0,0,0,0,0,0,0
15259,0,0,0,0,0,0,0,0,0,0,0,0,0,0,0,0,0,0,0,0,0
15260,0,0,0,0,0,0,0,0,0,0,0,0,0,0,0,0,0,0,0,0,0
15261,0,0,0,0,0,0,0,0,0,0,0,0,0,0,0,0,0,0,0,0,0
15262,0,0,0,0,0,0,0,0,0,0,0,0,0,0,0,0,0,0,0,0,0
15263,0,0,0,0,0,0,0,0,0,0,0,0,0,0,0,0,0,0,0,0,0
15264,0,0,0,0,0,0,0,0,0,0,0,0,0,0,0,0,0,0,0,0,0
15265,1,1,1,1,0,1,1,1,1,1,1,0,1,1,1,1,1,1,0,1,1
15266,1,1,1,1,1,1,1,1,1,1,1,1,1,1,1,1,1,1,1,1,1
15267,0,0,0,0,0,0,0,0,0,0,0,0,0,0,0,0,0,0,0,0,0
15268,0,0,0,0,0,0,0,0,0,0,0,0,0,0,0,0,0,0,0,0,0
15269,0,0,0,0,0,0,0,0,0,0,0,0,0,0,0,0,0,0,0,0,0
15270,0,0,0,0,0,0,0,0,0,0,0,0,0,0,0,0,0,0,0,0,0
15271,0,0,0,0,0,0,0,0,0,0,0,0,0,0,0,0,0,0,0,0,0
15272,6,6,6,5,4,4,5,6,6,6,5,4,4,5,6,6,6,5,4,4,5
15273,0,0,0,0,0,0,0,0,0,0,0,0,0,0,0,0,0,0,0,0,0
15274,0,0,0,0,0,0,0,0,0,0,0,0,0,0,0,0,0,0,0,0,0
15275,1,1,1,1,1,1,1,1,1,1,1,1,1,1,1,1,1,1,1,1,1
15276,1,1,1,1,1,1,1,1,1,1,1,1,1,1,1,1,1,1,1,1,1
15277,0,0,0,0,0,0,0,0,0,0,0,0,0,0,0,0,0,0,0,0,0
15278,0,0,0,0,0,0,0,0,0,0,0,0,0,0,0,0,0,0,0,0,0
15279,32,32,32,30,28,27,25,29,31,31,30,28,26,25,29,31,31,30,28,26,25
15280,2,2,2,2,2,2,2,2,2,2,2,2,2,2,2,2,2,2,2,2,2
15281,0,0,0,0,0,0,0,0,0,0,0,0,0,0,0,0,0,0,0,0,0
15282,9,11,14,12,11,9,8,10,10,13,11,11,8,7,9,10,12,11,11,9,8
15283,5,5,4,4,3,3,4,4,5,4,4,3,3,4,5,5,4,4,3,3,4
15284,1,1,1,1,1,1,1,1,1,1,1,1,1,1,1,1,1,1,1,1,1
15285,4,6,7,7,6,4,4,4,6,7,7,6,4,4,4,6,7,7,6,4,4
15286,10,11,12,13,10,9,8,10,11,12,13,10,9,8,10,11,12,13,10,9,9
15287,2,2,1,1,1,1,1,1,1,1,1,1,1,1,1,1,1,1,1,1,1
15288,1,1,1,1,1,1,0,1,1,1,1,1,1,0,1,1,1,1,1,1,0
15289,0,0,0,0,0,0,0,0,0,0,0,0,0,0,0,0,0,0,0,0,0
15290,0,0,0,0,0,0,0,0,0,0,0,0,0,0,0,0,0,0,0,0,0
15291,2,2,3,1,2,1,2,2,2,3,1,2,1,2,2,2,3,1,2,1,2
15292,0,0,0,0,0,0,0,0,0,0,0,0,0,0,0,0,0,0,0,0,0
15293,0,0,0,0,0,0,0,0,0,0,0,0,0,0,0,0,0,0,0,0,0
15294,0,0,0,0,0,0,0,0,0,0,0,0,0,0,0,0,0,0,0,0,0
15295,0,0,0,0,0,0,0,0,0,0,0,0,0,0,0,0,0,0,0,0,0
15296,0,0,0,0,0,0,0,0,0,0,0,0,0,0,0,0,0,0,0,0,0
15297,0,0,0,0,0,0,0,0,0,0,0,0,0,0,0,0,0,0,0,0,0
15298,0,0,0,0,0,0,0,0,0,0,0,0,0,0,0,0,0,0,0,0,0
15299,31,33,33,28,24,20,21,25,30,34,32,28,23,25,29,33,34,31,27,23,24
15300,8,11,11,11,11,10,7,8,11,11,11,11,10,7,8,11,11,11,11,10,7
15301,0,0,0,0,0,0,0,0,0,0,0,0,0,0,0,0,0,0,0,0,0
15302,0,0,0,0,0,0,0,0,0,0,0,0,0,0,0,0,0,0,0,0,0
15303,0,0,0,0,0,0,0,0,0,0,0,0,0,0,0,0,0,0,0,0,0
15304,0,0,0,0,0,0,0,0,0,0,0,0,0,0,0,0,0,0,0,0,0
15305,5,6,5,4,3,3,4,5,6,5,4,3,3,3,5,5,5,3,3,3,3
15306,0,1,0,0,0,0,0,0,1,0,0,0,0,0,0,1,0,0,0,0,0
15307,0,0,0,0,0,0,0,0,0,0,0,0,0,0,0,0,0,0,0,0,0
15308,6,7,7,7,5,4,4,6,7,7,7,5,4,4,6,7,7,7,5,4,4
15309,3,5,5,3,4,3,3,3,5,5,3,4,3,3,3,5,5,3,4,3,3
15310,1,1,1,1,1,1,1,1,1,1,1,1,1,1,1,1,1,1,1,1,1
15311,9,10,9,9,7,6,6,9,9,8,8,7,5,5,8,9,8,8,7,5,5
15312,3,4,4,3,3,2,3,5,5,5,4,3,3,3,5,5,6,4,4,3,4
15313,2,3,4,4,3,2,2,2,3,4,4,3,2,2,2,3,4,4,3,2,2
15314,90,101,115,115,99,83,76,86,101,115,112,96,79,72,81,95,109,106,93,79,75
15315,67,83,92,80,71,58,52,66,85,95,83,75,61,54,67,84,92,78,70,58,52
15316,0,0,0,0,0,0,0,0,0,0,0,0,0,0,0,0,0,0,0,0,0
15317,14,17,19,14,10,6,6,9,14,18,15,11,7,6,9,12,15,12,9,6,6
15318,25,30,31,25,21,18,19,26,32,34,28,23,19,19,25,29,31,24,21,18,18
15319,14,14,13,12,10,8,9,11,12,13,13,11,9,9,12,12,12,11,9,8,9
15320,2,3,2,3,3,3,2,2,3,2,3,3,2,2,2,3,2,3,3,3,2
15321,1,1,1,0,0,0,1,1,1,0,0,0,0,0,0,0,0,0,0,0,0
15322,0,0,0,0,0,0,0,0,0,0,0,0,0,0,0,0,0,0,0,0,0
15323,9,8,8,7,6,6,7,8,8,8,8,6,6,6,7,6,6,5,4,4,5
15324,32,33,36,32,26,23,27,32,35,40,37,29,25,28,32,33,35,31,26,24,29
15325,28,30,31,27,24,19,17,26,29,30,28,24,19,17,25,27,28,26,23,19,18
15326,4,4,4,3,3,3,3,3,4,4,3,3,3,3,3,3,4,3,3,3,3
15327,5,5,4,3,3,2,3,4,4,4,3,3,2,3,4,4,3,3,3,2,3
15328,9,8,7,5,5,4,5,6,6,6,5,5,4,4,5,4,4,4,3,4,4
15329,0,0,0,0,0,0,0,0,0,0,0,0,0,0,0,0,0,0,0,0,0
15330,0,0,0,0,0,0,0,0,0,0,0,0,0,0,0,0,0,0,0,0,0
15331,1,1,1,1,1,1,1,1,1,1,1,1,1,1,1,1,1,1,1,1,1
15332,5,6,7,5,5,5,4,7,8,8,7,7,6,5,8,8,8,6,6,6,5
15333,0,0,0,0,0,0,0,0,0,0,0,0,0,0,0,0,0,0,0,0,0
15334,9,7,7,6,5,6,7,9,9,9,7,6,6,6,8,8,8,7,6,7,8
15335,0,0,0,0,0,0,0,0,0,0,0,0,0,0,0,0,0,0,0,0,0
15336,7,5,6,4,5,6,7,8,7,7,6,5,6,6,7,5,5,3,4,6,6
15337,4,4,3,3,2,2,2,3,3,3,3,2,2,2,2,2,2,2,2,2,2
15338,1,1,1,1,1,1,1,2,2,2,2,1,1,1,2,2,2,2,2,2,2
15339,1,1,1,1,1,1,1,1,2,2,2,1,1,1,2,2,2,2,1,1,2
15340,0,0,0,0,0,0,0,0,0,0,0,0,0,0,0,0,0,0,0,0,0
15341,0,1,0,0,0,0,0,0,0,0,0,0,0,0,1,1,1,1,0,0,0
15342,1,1,2,2,2,2,2,2,2,2,2,2,1,1,1,1,2,2,2,2,2
15343,0,0,0,0,0,0,0,0,0,0,0,0,0,0,0,0,0,0,0,0,0
15344,0,0,0,0,0,0,0,0,1,1,0,0,0,1,1,1,1,1,1,1,1
15345,2,2,2,2,2,2,3,3,3,3,2,2,3,3,3,3,3,3,2,3,3
15346,2,2,1,1,0,0,1,2,2,1,1,0,0,1,2,2,1,1,0,0,1
15347,0,0,0,0,0,0,0,0,0,0,0,0,0,0,0,0,0,0,0,0,0
15348,0,0,0,0,0,0,0,0,0,0,0,0,0,0,0,0,0,0,0,0,0
15349,0,0,0,0,0,0,0,0,0,0,0,0,0,0,0,0,0,0,0,0,0
15350,0,0,0,0,0,0,0,0,0,0,0,0,0,0,0,0,0,0,0,0,0
15351,4,4,5,5,4,4,4,4,4,5,5,4,4,4,4,4,5,5,4,4,4
15352,1,1,2,2,1,1,1,1,1,2,2,1,1,1,1,1,2,2,1,1,1
15353,2,2,2,2,2,2,1,2,2,2,2,2,2,1,2,2,2,2,2,2,1
15354,1,1,1,1,1,1,1,1,1,1,1,1,1,1,1,1,1,1,1,1,1
15355,0,0,0,0,0,0,0,0,0,0,0,0,0,0,0,0,0,0,0,0,0
15356,0,0,0,0,0,0,0,0,0,0,0,0,0,0,0,0,0,0,0,0,0
15357,0,0,0,0,0,0,0,0,0,0,0,0,0,0,0,0,0,0,0,0,0
15358,0,0,0,0,0,0,0,0,0,0,0,0,0,0,0,0,0,0,0,0,0
15359,0,0,0,0,0,0,0,0,0,0,0,0,0,0,0,0,0,0,0,0,0
15360,60,67,57,53,59,49,40,64,75,67,61,65,53,44,67,75,64,58,63,52,43
15361,9,12,11,8,7,6,7,9,12,11,9,7,6,7,9,12,11,8,7,6,8
15362,1,1,0,0,0,0,0,1,1,0,0,0,0,0,1,1,0,1,0,0,0
15363,0,0,0,0,0,0,0,0,0,0,0,0,0,0,0,0,0,0,0,0,0
15364,3,2,2,2,2,1,2,3,2,2,2,2,1,2,3,2,2,2,2,1,2
15365,0,0,0,0,0,0,0,0,0,0,0,0,0,0,0,0,0,0,0,0,0
15366,0,0,0,0,0,0,0,0,0,0,0,0,0,0,0,0,0,0,0,0,0
15367,23,26,26,23,19,17,17,25,29,28,25,21,19,18,25,27,25,21,17,15,15
15368,33,41,45,39,31,24,26,33,41,45,39,31,24,25,33,41,45,38,31,24,25
15369,5,5,5,5,5,5,5,5,5,5,6,6,11,13,11,6,5,5,5,5,5
15370,1,1,1,0,0,2,0,1,1,1,0,0,2,0,1,1,1,0,0,2,0
15371,0,0,0,0,0,0,0,0,0,0,0,0,0,0,0,0,0,0,0,0,0
15372,2,3,2,3,3,2,2,2,3,2,3,3,2,2,2,3,2,3,3,2,2
15373,3,3,3,3,3,3,3,3,3,3,3,3,3,3,3,3,3,3,3,3,3
15374,0,0,0,0,0,0,0,0,0,0,0,0,0,0,0,0,0,0,0,0,0
15375,1,1,2,3,3,3,3,3,3,2,2,2,2,2,1,1,1,2,1,1,1
15376,1,1,1,1,1,1,1,1,1,1,1,1,1,1,1,1,1,1,1,1,1
15377,0,0,0,0,0,0,0,0,0,0,0,0,0,0,0,0,0,0,0,0,0
15378,8,9,8,7,6,5,6,9,11,11,10,8,7,7,10,11,10,8,7,6,6
15379,0,0,0,0,0,0,0,0,0,0,0,0,0,0,0,0,0,0,0,0,0
15380,0,0,0,0,0,0,0,0,0,0,0,0,0,0,0,0,0,0,0,0,0
15381,0,0,0,0,0,0,0,0,0,0,0,0,0,0,0,0,0,0,0,0,0
15382,0,0,0,0,0,0,0,0,0,0,0,0,0,0,0,0,0,0,0,0,0
15383,0,0,0,0,0,0,0,0,0,0,0,0,0,0,0,0,0,0,0,0,0
15384,0,0,0,0,0,0,0,0,0,0,0,0,0,0,0,0,0,0,0,0,0
15385,1,1,0,0,0,0,1,1,1,0,0,0,0,1,1,1,0,0,0,0,1
15386,1,1,2,1,1,1,1,1,1,2,1,1,1,1,1,1,2,1,1,1,1
15387,5,7,7,6,5,4,4,5,7,7,6,5,4,4,5,7,7,6,5,4,4
15388,6,7,7,7,6,4,4,6,7,7,7,6,4,5,6,7,7,7,6,4,5
15389,1,1,2,1,1,1,1,1,1,2,1,1,1,1,1,1,2,1,1,1,1
15390,0,0,0,0,0,0,0,0,0,0,0,0,0,0,0,0,0,0,0,0,0
15391,0,0,0,0,0,0,0,0,0,0,0,0,0,0,0,0,0,0,0,0,0
15392,1,1,0,0,0,0,1,1,1,0,0,0,0,0,1,1,0,0,0,0,1
15393,1,1,1,1,1,0,1,1,1,1,1,0,0,1,1,1,1,1,1,0,1
15394,0,0,0,0,0,0,0,0,0,0,0,0,0,0,0,0,0,0,0,0,0
15395,0,0,0,0,0,0,0,0,0,0,0,0,0,0,0,0,0,0,0,0,0
15396,6,7,7,5,4,4,5,6,8,8,7,6,5,5,6,6,6,5,4,4,4
15397,0,0,0,0,0,0,0,0,0,0,0,0,0,0,0,0,0,0,0,0,0
15398,1,2,2,2,1,1,1,1,2,2,2,1,1,1,1,2,2,1,1,1,1
15399,0,0,0,0,0,0,0,0,0,0,0,0,0,0,0,0,0,0,0,0,0
15400,0,0,0,0,0,0,0,0,0,0,0,0,0,0,0,0,0,0,0,0,0
15401,0,0,0,0,0,0,0,0,0,1,1,1,1,1,1,1,1,1,1,1,1
15402,2,2,2,2,1,1,2,2,2,2,2,1,1,2,2,2,2,2,1,1,2
15403,38,41,34,31,26,27,32,34,39,34,33,28,30,34,36,38,31,29,25,27,32
15404,17,20,19,17,13,12,13,16,22,23,21,17,16,16,18,23,23,21,16,15,15
15405,20,20,18,13,12,12,14,18,20,20,16,15,14,15,19,19,18,13,13,13,15
15406,2,3,4,4,3,2,1,2,3,4,4,3,2,1,2,3,4,4,3,2,1
15407,1,1,1,1,1,1,1,1,1,1,1,1,1,1,1,1,1,1,1,1,1
15408,9,11,9,7,7,8,9,8,11,9,8,7,8,9,8,10,7,6,6,7,8
15409,1,0,0,0,0,0,1,1,0,0,0,0,0,1,1,0,0,0,1,1,1
15410,0,0,0,0,0,0,0,0,0,0,0,0,0,0,0,0,0,0,0,0,0
15411,0,0,0,0,0,0,0,0,0,0,0,0,0,0,0,0,0,0,0,0,0
15412,0,0,0,0,0,0,0,0,0,0,0,0,0,0,0,0,0,0,0,0,0
15413,0,0,0,0,0,0,0,0,0,0,0,0,0,0,0,0,0,0,0,0,0
15414,0,0,0,0,0,0,0,0,0,0,0,0,0,0,0,0,0,0,0,0,0
15415,0,0,0,0,0,0,0,0,0,0,0,0,0,0,0,0,0,0,0,0,0
15416,0,0,0,0,0,0,0,0,0,0,0,0,0,0,0,0,0,0,0,0,0
15417,0,0,0,0,0,0,0,0,0,0,0,0,0,0,0,0,0,0,0,0,0
15418,0,0,0,0,0,0,0,0,0,0,0,0,0,0,0,0,0,0,0,0,0
15419,0,0,0,0,0,0,0,0,0,0,0,0,0,0,0,0,0,0,0,0,0
15420,0,0,0,0,0,0,0,0,0,0,0,0,0,0,0,0,0,0,0,0,0
15421,0,0,0,0,0,0,0,0,0,0,0,0,0,0,0,0,0,0,0,0,0
15422,18,25,26,31,32,31,21,18,25,26,31,32,31,21,18,25,26,31,32,31,21
15423,1,1,1,1,1,1,1,1,1,1,1,1,1,1,1,1,1,1,1,1,1
15424,0,0,0,0,0,0,0,0,0,0,0,0,0,0,0,0,0,0,0,0,0
15425,0,0,0,0,0,0,0,0,0,0,0,0,0,0,0,0,0,0,0,0,0
15426,4,4,4,4,4,3,3,3,4,4,4,4,3,3,3,4,4,4,4,3,3
15427,2,2,1,1,1,1,1,2,2,1,1,1,1,1,2,2,1,1,1,1,1
15428,0,0,0,0,0,0,0,0,0,0,0,0,0,0,0,0,0,0,0,0,0
15429,5,6,6,5,5,4,4,4,6,6,5,5,4,4,4,5,5,5,4,4,4
15430,2,2,3,3,2,2,3,3,3,3,3,2,2,3,3,3,3,2,2,2,3
15431,0,0,0,0,0,0,0,0,0,0,0,0,0,0,0,0,0,0,0,0,0
15432,2,3,3,2,2,2,2,3,3,3,3,2,2,2,3,3,3,2,2,2,2
15433,3,4,4,4,3,2,3,3,4,4,4,3,2,3,3,4,4,4,3,2,3
15434,5,5,5,4,3,3,3,4,5,5,4,3,3,3,4,5,5,4,3,3,3
15435,0,0,0,0,0,0,0,0,0,0,0,0,0,0,0,0,0,0,0,0,0
15436,0,0,0,0,0,0,0,0,0,0,0,0,0,0,0,0,0,0,0,0,0
15437,0,0,0,0,0,0,0,0,0,0,0,0,0,0,0,0,0,0,0,0,0
15438,0,0,0,0,0,0,0,0,0,0,0,0,0,0,0,0,0,0,0,0,0
15439,0,0,0,0,0,0,0,0,0,0,0,0,0,0,0,0,0,0,0,0,0
15440,0,0,0,0,0,0,0,0,0,0,0,0,0,0,0,0,0,0,0,0,0
15441,0,0,0,0,0,0,0,0,0,0,0,0,0,0,0,0,0,0,0,0,0
15442,0,1,0,0,0,0,0,0,1,0,0,0,0,0,0,1,0,0,0,0,0
15443,2,1,1,1,1,1,1,2,1,1,1,1,1,1,2,1,1,1,1,1,1
15444,0,0,0,0,0,0,0,0,0,0,0,0,0,0,0,0,0,0,0,0,0
15445,1,1,2,1,1,1,1,1,1,2,1,1,1,1,1,1,2,1,1,1,1
15446,0,0,0,0,0,0,0,0,0,0,0,0,0,0,0,0,0,0,0,0,0
15447,1,1,2,1,1,1,1,1,1,2,1,1,1,1,1,1,2,1,1,1,1
15448,0,0,1,1,1,1,1,1,1,1,1,1,1,1,1,1,1,1,1,1,1
15449,0,0,0,0,0,0,0,0,0,0,0,0,0,0,0,0,0,0,0,0,0
15450,0,0,0,0,0,0,0,0,0,0,0,0,0,0,0,0,0,0,0,0,0
15451,0,0,0,0,0,0,0,0,0,0,0,0,0,0,0,0,0,0,0,0,0
15452,0,0,0,0,0,0,0,0,0,0,0,0,0,0,0,0,0,0,0,0,0
15453,0,0,0,0,0,0,0,0,0,0,0,0,0,0,0,0,0,0,0,0,0
15454,0,0,0,0,0,0,0,0,0,0,0,0,0,0,0,0,0,0,0,0,0
15455,0,0,0,0,0,0,0,0,0,0,0,0,0,0,0,0,0,0,0,0,0
15456,0,0,0,0,0,0,0,0,0,0,0,0,0,0,0,0,0,0,0,0,0
15457,0,0,0,0,0,0,0,0,0,0,0,0,0,0,0,0,0,0,0,0,0
15458,0,0,0,0,0,0,0,0,0,0,0,0,0,0,0,0,0,0,0,0,0
15459,0,0,0,0,0,0,0,0,0,0,0,0,0,0,0,0,0,0,0,0,0
15460,0,0,0,0,0,0,0,0,0,0,0,0,0,0,0,0,0,0,0,0,0
15461,1,1,1,1,1,1,1,1,1,1,1,1,1,1,1,1,1,1,1,1,1
15462,0,0,0,0,0,0,0,0,0,0,0,0,0,0,0,0,0,0,0,0,0
15463,2,3,2,2,1,2,3,2,3,2,2,1,2,3,2,3,2,2,1,2,3
15464,0,0,0,0,0,0,0,0,0,0,0,0,0,0,0,0,0,0,0,0,0
15465,0,0,0,0,0,0,0,0,0,0,0,0,0,0,0,0,0,0,0,0,0
15466,0,0,0,0,0,0,0,0,0,0,0,0,0,0,0,0,0,0,0,0,0
15467,0,0,0,0,0,0,0,0,0,0,0,0,0,0,0,0,0,0,0,0,0
15468,1,0,1,1,1,1,1,1,0,1,1,1,1,1,1,0,1,1,1,1,1
15469,0,0,0,0,0,0,0,0,0,0,0,0,0,0,0,0,0,0,0,0,0
15470,0,0,0,0,0,0,0,0,0,0,0,0,0,0,0,0,0,0,0,0,0
15471,0,0,0,0,0,0,0,0,0,0,0,0,0,0,0,0,0,0,0,0,0
15472,60,65,65,64,52,47,49,60,70,71,69,57,51,52,60,67,66,63,51,45,47
15473,3,3,3,2,1,1,2,2,2,2,2,1,1,1,2,2,2,1,1,1,1
15474,1,1,1,1,1,1,1,1,2,1,1,1,1,1,2,2,2,2,1,2,2
15475,20,20,15,12,9,8,11,14,16,14,12,9,9,11,14,16,13,11,9,9,11
15476,97,113,92,77,79,78,81,91,115,100,87,89,85,87,96,116,97,80,83,81,83
15477,0,0,0,0,0,0,0,0,0,0,0,0,0,0,0,0,0,0,0,0,0
15478,0,0,0,0,0,0,0,0,0,0,0,0,0,0,0,0,0,0,0,0,0
15479,1,2,2,2,2,1,1,1,1,2,2,2,1,1,2,2,2,3,2,2,2
15480,0,0,0,0,0,0,0,0,0,0,0,0,0,0,0,0,0,0,0,0,0
15481,0,0,0,0,0,0,0,0,0,0,0,0,0,0,0,0,0,0,0,0,0
15482,0,0,0,0,0,0,0,0,0,0,0,0,0,0,0,0,0,0,0,0,0
15483,0,0,0,0,0,0,0,0,0,0,0,0,0,0,0,0,0,0,0,0,0
15484,0,0,0,0,0,0,0,0,0,0,0,0,0,0,0,0,0,0,0,0,0
15485,2,2,2,1,1,2,1,2,2,2,1,1,2,1,2,2,2,1,1,2,1
15486,3,3,3,3,2,3,2,3,3,3,3,2,3,2,3,3,3,3,2,3,2
15487,0,0,0,0,0,0,0,0,0,0,0,0,0,0,0,0,0,0,0,0,0
15488,6,7,7,6,4,4,4,5,6,6,6,5,4,4,6,6,6,6,5,4,4
15489,1,1,1,2,2,2,2,1,1,1,2,2,2,2,1,1,1,2,2,2,2
15490,27,41,41,33,19,14,12,19,35,46,45,32,24,23,32,47,50,40,25,18,17
15491,0,0,0,0,0,0,0,0,0,0,0,0,0,0,0,0,0,0,0,0,0
15492,0,0,0,0,0,0,0,0,0,0,0,0,1,1,1,0,0,0,0,1,1
15493,1,2,2,2,0,1,1,1,2,2,2,0,1,1,1,2,2,2,0,1,1
15494,8,10,10,9,8,7,6,8,10,10,9,8,7,6,8,10,10,9,8,7,6
15495,1,2,2,2,2,1,1,2,2,2,2,2,1,1,2,2,2,2,2,1,1
15496,0,0,0,0,0,0,0,0,0,0,0,0,0,0,0,0,0,0,0,0,0
15497,0,0,0,0,0,0,0,0,0,0,0,0,0,0,0,0,0,0,0,0,0
15498,0,0,0,0,0,0,0,0,0,0,0,0,0,0,0,0,0,0,0,0,0
15499,0,0,0,0,0,0,0,0,0,0,0,0,0,0,0,0,0,0,0,0,0
15500,0,0,0,0,0,0,0,0,0,0,0,0,0,0,0,0,0,0,0,0,0
15501,0,0,0,0,0,0,0,0,0,0,0,0,0,0,0,0,0,0,0,0,0
15502,9,10,11,9,8,7,7,9,10,11,9,8,7,7,9,10,11,9,8,7,7
15503,0,1,0,0,0,0,0,0,1,0,0,0,0,0,0,1,0,0,0,0,0
15504,1,1,1,1,1,1,1,1,1,1,1,1,1,1,1,1,1,1,1,1,1
15505,13,14,13,11,9,9,9,15,20,21,19,16,14,14,19,20,19,15,12,11,11
15506,23,24,21,16,11,10,12,15,25,32,28,20,17,19,21,26,24,18,12,10,12
15507,2,3,3,3,3,2,1,2,3,3,3,3,2,1,2,3,3,3,3,2,1
15508,7,7,7,7,6,6,5,7,7,7,7,6,6,5,7,7,7,7,6,6,5
15509,13,14,14,11,9,7,7,10,12,13,11,9,8,8,11,12,11,9,8,7,7
15510,9,12,17,18,17,12,7,9,12,17,18,17,12,7,9,12,17,18,17,12,7
15511,1,1,1,1,1,1,1,1,1,1,1,1,1,1,1,1,1,1,1,1,1
15512,0,0,0,0,0,0,0,0,0,0,0,0,0,0,0,0,0,0,0,0,0
15513,1,1,0,0,0,0,0,1,1,0,0,0,0,0,1,1,0,0,0,0,0
15514,0,0,0,0,0,0,0,0,0,0,0,0,0,0,0,0,0,0,0,0,0
15515,0,0,0,0,0,0,0,0,0,0,0,0,0,0,0,0,0,0,0,0,0
15516,0,0,0,0,0,0,0,0,0,0,0,0,0,0,0,0,0,0,0,0,0
15517,0,0,0,2,2,1,1,0,0,0,2,2,1,1,0,0,0,2,2,1,1
15518,6,7,7,7,6,5,5,6,7,7,7,6,5,5,6,7,7,7,6,5,5
15519,1,1,1,0,1,0,1,1,1,1,0,1,0,1,1,1,1,0,1,0,1
15520,0,0,0,0,0,0,0,0,0,0,0,0,0,0,0,0,0,0,0,0,0
15521,4,7,8,6,3,3,2,4,7,8,6,3,3,2,4,7,8,6,3,3,3
15522,1,3,2,3,3,2,1,1,3,2,3,3,2,1,1,3,2,3,3,2,1
15523,0,0,0,0,0,0,0,0,0,0,0,0,0,0,0,0,0,0,0,0,0
15524,0,0,0,0,0,0,0,0,0,0,0,0,0,0,0,0,0,0,0,0,0
15525,1,2,1,1,1,1,1,1,2,1,1,1,1,1,1,2,1,1,1,1,1
15526,1,2,2,2,2,2,2,2,2,2,2,2,1,1,2,2,2,2,2,2,2
15527,0,0,0,0,0,0,0,0,0,0,0,0,0,0,0,0,0,0,0,0,0
15528,7,7,7,7,6,5,5,7,7,7,7,6,5,5,7,7,7,7,6,5,5
15529,0,0,0,0,0,0,0,0,0,0,0,0,0,0,0,0,0,0,0,0,0
15530,0,0,0,0,0,0,0,0,0,0,0,0,0,0,0,0,0,0,0,0,0
15531,0,1,1,1,0,0,0,0,1,1,1,1,0,0,0,1,1,1,1,1,0
15532,3,4,4,3,3,3,3,3,4,4,3,3,3,3,3,4,4,3,3,3,3
15533,1,1,2,2,1,1,1,1,1,2,2,1,1,1,1,1,2,2,1,1,1
15534,11,12,13,13,14,12,11,12,13,14,11,11,10,9,10,12,14,13,14,12,11
15535,20,24,19,15,12,11,12,16,22,21,18,14,13,12,14,17,14,12,10,10,10
15536,2,2,3,3,2,2,2,3,3,3,3,3,2,3,4,5,5,5,4,3,3
15537,1,2,2,1,1,1,1,2,2,2,2,1,2,2,2,2,2,2,1,2,2
15538,0,0,0,0,0,0,0,0,0,0,0,0,0,0,0,0,0,0,0,0,0
15539,2,2,2,2,2,2,2,2,2,2,2,2,2,2,3,2,2,2,2,2,2
15540,4,4,4,3,3,3,3,3,3,4,3,3,3,3,3,3,4,3,3,3,3
15541,0,0,0,1,1,0,0,0,0,0,1,1,0,0,0,0,0,1,1,0,0
15542,0,0,0,0,0,0,0,0,0,0,0,0,0,0,0,0,0,0,0,0,0
15543,0,0,0,0,0,0,0,0,0,0,0,0,0,0,0,0,0,0,0,0,0
15544,0,0,0,0,0,0,0,0,0,0,0,0,0,0,0,0,0,0,0,0,0
15545,0,0,0,0,0,0,0,0,0,0,0,0,0,0,0,0,0,0,0,0,0
15546,0,0,0,0,0,0,0,0,0,0,0,0,0,0,0,0,0,0,0,0,0
15547,0,0,0,0,0,0,0,0,0,0,0,0,0,0,0,0,0,0,0,0,0
15548,0,0,0,0,0,0,0,0,0,0,0,0,0,0,0,0,0,0,0,0,0
15549,0,0,0,0,0,0,0,0,0,0,0,0,0,0,0,0,0,0,0,0,0
15550,0,0,0,0,0,0,0,0,0,0,0,0,0,0,0,0,0,0,0,0,0
15551,0,0,0,0,0,0,0,0,0,0,0,0,0,0,0,0,0,0,0,0,0
15552,0,0,0,0,0,0,0,0,0,0,0,0,0,0,0,0,0,0,0,0,0
15553,0,0,0,0,0,0,0,0,0,0,0,0,0,0,0,0,0,0,0,0,0
15554,1,0,1,0,0,0,0,0,0,1,0,0,0,0,0,0,1,0,0,0,0
15555,0,0,0,0,0,0,0,0,0,0,0,0,0,0,0,0,0,0,0,0,0
15556,0,0,0,0,0,0,0,0,0,0,0,0,0,0,0,0,0,0,0,0,0
15557,0,0,0,0,0,0,0,0,0,0,0,0,0,0,0,0,0,0,0,0,0
15558,0,0,0,0,0,0,0,0,0,0,0,0,0,0,0,0,0,0,0,0,0
15559,0,0,0,0,0,0,0,0,0,0,0,0,0,0,0,0,0,0,0,0,0
15560,0,0,0,0,0,0,0,0,0,0,0,0,0,0,0,0,0,0,0,0,0
15561,0,0,0,0,0,0,0,0,0,0,0,0,0,0,0,0,0,0,0,0,0
15562,0,0,0,0,0,0,0,0,0,0,0,0,0,0,0,0,0,0,0,0,0
15563,0,0,0,0,0,0,0,0,0,0,0,0,0,0,0,0,0,0,0,0,0
15564,0,0,0,0,0,0,0,0,0,0,0,0,0,0,0,0,0,0,0,0,0
15565,0,0,0,0,0,0,0,0,0,0,0,0,0,0,0,0,0,0,0,0,0
15566,1,2,2,3,3,2,2,2,2,2,1,1,1,1,1,1,1,1,1,1,1
15567,0,0,0,0,0,0,0,0,0,0,0,0,0,0,0,0,0,0,0,0,0
15568,0,0,0,0,0,0,0,0,0,0,0,0,0,0,0,0,0,0,0,0,0
15569,0,0,0,0,0,0,0,0,0,0,0,0,0,0,0,0,0,0,0,0,0
15570,0,0,0,0,0,0,0,0,0,0,0,0,0,0,0,0,0,0,0,0,0
15571,0,0,0,0,0,0,0,0,0,0,0,1,1,1,1,1,1,1,1,1,1
15572,0,0,0,0,0,0,0,0,0,0,0,0,0,0,0,0,0,0,0,0,0
15573,0,0,0,0,0,0,0,0,0,0,0,0,0,0,0,0,0,0,0,0,0
15574,0,0,0,0,0,0,0,0,0,0,0,0,0,0,0,0,0,0,0,0,0
15575,0,0,0,0,0,0,0,0,0,0,0,0,0,0,0,0,0,0,0,0,0
15576,0,0,0,0,0,0,0,0,0,0,0,0,0,0,0,0,0,0,0,0,0
15577,0,0,0,0,0,0,0,0,0,0,0,0,0,0,0,0,0,0,0,0,0
15578,0,0,0,0,0,0,0,0,0,0,0,0,0,0,0,0,0,0,0,0,0
15579,0,0,0,0,0,0,0,0,0,0,0,0,0,0,0,0,0,0,0,0,0
15580,18,17,17,16,15,12,12,15,16,17,17,15,13,13,15,16,16,16,15,12,13
15581,4,4,4,4,3,3,3,3,4,4,4,3,3,3,3,3,4,4,3,3,3
15582,3,3,4,3,4,3,2,3,3,4,3,4,3,2,3,3,4,3,4,3,2
15583,14,16,14,14,13,12,13,14,16,14,14,13,12,13,14,16,14,14,13,12,13
15584,0,0,0,0,0,0,0,0,0,0,0,0,0,0,0,0,0,0,0,0,0
15585,0,0,0,0,0,0,0,0,0,0,0,0,0,0,0,0,0,0,0,0,0
15586,18,18,18,16,13,11,12,16,17,17,15,13,11,12,15,16,16,15,13,11,12
15587,1,1,1,1,0,1,1,1,1,1,1,0,1,1,1,1,1,1,0,1,1
15588,1,1,1,1,0,1,1,1,1,1,1,0,1,1,1,1,1,1,0,1,1
15589,13,12,12,12,7,7,13,13,12,12,12,7,7,13,13,12,12,12,7,7,13
15590,2,2,2,1,1,1,1,2,2,2,1,1,1,1,2,2,2,1,1,1,1
15591,1,1,1,1,1,1,1,1,1,1,1,1,1,1,1,1,1,1,1,1,1
15592,3,3,3,2,1,2,2,2,2,3,2,1,2,2,3,3,3,2,1,2,2
15593,1,1,1,1,1,1,1,1,1,1,1,1,1,1,1,1,1,1,1,1,1
15594,0,0,0,0,0,0,0,0,0,0,0,0,0,0,0,0,0,0,0,0,0
15595,0,0,1,1,1,1,1,1,2,1,1,1,1,1,2,2,1,1,1,1,1
15596,0,0,0,0,0,0,0,0,0,0,0,0,0,0,0,0,0,0,0,0,0
15597,0,0,0,0,0,0,0,0,0,0,0,0,0,0,0,0,0,0,0,0,0
15598,0,0,0,0,0,0,0,0,0,0,0,0,0,0,0,0,0,0,0,0,0
15599,20,19,20,19,17,17,18,21,22,22,21,19,19,19,23,22,22,20,18,17,18
15600,36,40,38,28,26,24,26,36,40,38,28,26,24,26,36,40,38,28,26,24,26
15601,28,29,29,29,30,28,27,26,28,28,29,31,29,28,27,29,29,30,31,29,28
15602,5,6,7,6,5,4,5,5,7,7,7,6,5,5,6,8,8,8,7,6,7
15603,1,2,2,1,1,1,1,1,2,2,1,1,1,1,1,2,2,1,1,1,1
15604,25,26,28,25,22,20,25,28,30,31,27,25,21,25,28,30,31,27,25,22,26
15605,2,2,2,2,2,1,2,2,2,2,2,2,2,2,2,2,2,2,2,2,2
15606,0,0,0,0,0,0,0,0,0,0,0,0,0,0,0,0,0,0,0,0,0
15607,2,2,2,2,2,2,2,2,2,2,2,2,2,1,1,1,1,1,1,1,1
15608,0,0,0,0,0,0,0,0,0,0,0,0,0,0,0,0,0,0,0,0,0
15609,1,0,0,0,0,0,0,0,0,0,0,0,0,0,0,0,0,0,0,0,1
15610,0,0,0,0,0,0,0,0,0,0,0,0,0,0,0,0,0,0,0,0,0
15611,0,0,0,0,0,0,0,0,0,0,0,0,0,0,0,0,0,0,0,0,0
15612,0,0,0,0,0,0,0,0,0,0,0,0,0,0,0,0,0,0,0,0,0
15613,1,1,1,1,1,1,1,1,1,1,1,1,1,1,1,1,1,1,1,1,1
15614,17,21,21,20,18,15,16,18,21,21,20,18,15,16,18,21,22,20,18,15,16
15615,7,7,7,8,6,6,6,7,7,8,8,6,6,6,7,7,7,8,6,6,6
15616,1,1,1,1,1,1,1,1,1,1,1,1,1,1,1,1,1,1,1,1,1
15617,21,23,22,20,17,15,17,19,20,20,19,16,14,16,18,20,19,18,16,14,16
15618,8,11,10,9,8,4,5,7,11,10,9,8,5,5,7,11,10,9,8,5,5
15619,6,6,6,6,6,5,5,6,6,6,6,6,5,5,6,6,6,6,6,5,5
15620,3,3,3,2,3,2,2,3,3,3,2,3,2,2,3,3,3,2,3,2,2
15621,7,8,8,8,6,6,5,7,8,8,8,6,6,6,7,8,8,7,6,5,5
15622,2,2,3,3,3,2,2,2,2,3,3,3,2,2,2,2,3,3,3,2,2
15623,2,2,2,2,2,2,2,2,2,2,2,2,2,2,2,2,2,2,2,2,2
15624,1,1,1,1,1,1,1,1,1,1,1,1,1,1,1,1,1,1,1,1,1
15625,2,3,2,2,2,2,2,3,3,2,2,2,2,2,3,3,3,2,2,2,2
15626,11,13,14,11,9,8,8,11,14,15,12,10,8,8,11,13,13,10,8,7,7
15627,27,27,28,25,22,21,22,25,25,25,22,20,19,20,24,24,25,22,20,19,21
15628,0,0,0,0,0,0,0,0,0,0,0,0,0,0,0,0,0,0,0,0,0
15629,0,0,0,0,0,0,0,0,0,0,0,0,0,0,0,0,0,0,0,0,0
15630,0,0,0,0,0,0,0,0,0,0,0,0,0,0,0,0,0,0,1,1,1
15631,6,6,8,8,6,5,6,7,7,7,5,4,4,4,6,7,7,6,5,4,5
15632,6,5,5,6,5,5,6,7,7,7,7,6,6,6,6,6,5,5,5,4,5
15633,0,0,0,0,0,0,0,0,0,0,1,0,0,0,0,0,0,1,0,0,0
15634,0,0,0,0,0,0,0,0,0,0,0,0,0,0,0,0,0,0,0,0,0
15635,0,0,0,0,0,0,0,0,0,0,0,0,0,0,0,0,0,0,0,0,0
15636,0,0,0,0,0,0,0,0,0,0,0,0,0,0,0,0,0,0,0,0,0
15637,0,0,0,0,0,0,0,0,0,0,0,0,0,0,0,0,0,0,0,0,0
15638,0,0,0,0,0,0,0,0,0,0,0,0,0,0,0,0,0,0,0,0,0
15639,2,2,3,3,3,3,2,3,3,3,3,3,3,2,3,2,3,3,3,2,2
15640,7,8,8,10,10,8,5,6,7,8,10,10,8,6,6,7,8,10,9,8,5
15641,3,3,3,2,2,2,2,2,2,2,2,2,2,2,2,2,2,2,2,1,1
15642,2,2,2,2,1,1,1,2,2,2,2,1,1,1,2,2,2,2,1,1,1
15643,6,7,7,6,5,4,5,6,7,7,6,5,5,5,7,9,8,7,6,6,7
15644,1,1,1,1,1,1,0,1,1,1,1,1,1,0,1,1,1,1,1,1,0
15645,1,2,2,1,1,1,1,2,2,2,2,1,1,1,1,2,2,1,1,1,1
15646,1,1,1,1,1,1,1,2,2,2,2,1,1,1,2,1,1,1,1,1,1
15647,2,2,2,2,2,1,1,2,2,2,2,2,1,2,2,2,2,2,2,2,2
15648,2,1,1,1,1,1,1,2,1,1,1,1,1,1,2,1,1,1,1,1,1
15649,0,0,0,1,1,0,0,0,0,0,1,1,0,0,0,0,0,1,1,0,0
15650,0,0,0,0,0,0,0,0,0,0,0,0,0,0,0,0,0,0,0,0,0
15651,0,0,0,0,0,0,0,0,0,0,0,0,0,0,0,0,0,0,0,0,0
15652,17,17,16,26,39,38,34,17,17,16,26,39,38,34,17,17,16,26,39,38,34
15653,2,2,2,2,1,1,1,1,2,2,2,1,1,1,1,2,2,2,1,1,1
15654,0,0,0,0,0,0,0,0,0,0,0,0,0,0,0,0,0,0,0,0,0
15655,0,0,0,0,0,0,0,0,0,0,0,0,0,0,0,0,0,0,0,0,0
15656,0,0,0,0,0,0,0,0,0,0,0,0,0,0,0,0,0,0,0,0,0
15657,0,0,0,0,0,0,0,0,0,0,0,0,0,0,0,0,0,0,0,0,0
15658,1,1,1,0,0,0,0,0,1,1,1,0,0,0,0,1,1,0,0,0,0
15659,1,1,1,1,1,1,1,1,1,1,1,1,1,1,1,1,1,1,1,1,1
15660,1,1,1,1,1,1,1,1,1,1,1,1,1,1,1,1,1,1,1,1,1
15661,2,1,2,2,2,1,1,2,2,2,2,2,1,1,2,2,2,2,2,1,1
15662,3,2,3,2,3,2,2,2,2,3,2,3,1,2,2,2,3,2,3,1,2
15663,11,13,15,14,14,10,8,11,13,14,14,14,10,8,11,13,14,13,13,9,8
15664,9,10,10,9,7,6,6,8,10,10,9,7,6,6,8,9,9,8,7,7,8
15665,1,1,2,2,2,1,0,1,1,2,2,2,1,0,1,1,2,2,2,1,0
15666,0,0,0,0,0,0,0,0,0,0,0,0,0,0,0,0,0,0,0,0,0
15667,0,0,0,0,0,0,0,0,0,0,0,0,0,0,0,0,0,0,0,0,0
15668,1,1,1,1,1,0,0,1,1,1,1,1,0,0,1,1,1,1,1,0,0
15669,4,6,8,8,7,4,4,4,6,8,8,7,4,4,4,6,8,8,7,4,4
15670,394,456,464,382,357,301,296,396,462,471,389,363,307,301,401,465,472,388,362,305,298
15671,0,0,0,0,0,0,0,0,0,0,0,0,0,0,0,0,0,0,0,0,0
15672,3,4,4,5,4,3,3,3,4,4,4,4,3,2,3,4,4,5,4,3,3
15673,0,0,0,0,0,0,0,0,0,0,0,0,0,0,0,0,0,0,0,0,0
15674,2,1,1,1,2,1,1,1,1,1,1,2,1,1,1,1,1,1,2,1,1
15675,3,3,2,3,2,2,3,3,3,3,3,3,2,3,3,4,4,4,4,3,4
15676,5,4,4,4,3,3,3,4,4,4,3,3,3,3,4,4,4,3,3,3,3
15677,1,1,1,1,1,1,1,1,1,1,1,1,1,1,1,1,1,1,1,1,1
15678,0,0,0,0,0,0,0,0,0,0,0,0,0,0,0,0,0,0,0,0,0
15679,0,0,0,0,0,0,0,0,0,0,0,0,0,0,0,0,0,0,0,0,0
15680,1,1,1,1,1,0,0,1,1,1,1,1,0,0,1,1,1,1,1,0,0
15681,0,0,0,0,0,0,0,0,0,0,0,0,0,0,0,0,0,0,0,0,0
15682,4,6,6,6,4,3,3,4,6,6,6,4,3,3,4,6,6,6,4,3,3
15683,0,1,1,1,0,0,1,0,1,1,1,0,0,1,0,1,1,1,0,0,1
15684,0,0,0,0,0,0,0,0,0,0,0,0,0,0,0,0,0,0,0,0,0
15685,0,0,0,0,1,1,1,0,0,0,0,1,1,1,0,0,0,0,1,1,1
15686,0,0,0,0,0,0,0,0,0,0,0,0,0,0,0,0,0,0,0,0,0
15687,12,17,19,19,16,9,9,12,17,20,20,17,10,10,13,16,18,18,15,9,9
15688,0,0,0,0,0,0,0,0,0,0,0,0,0,0,0,0,0,0,0,0,0
15689,3,4,5,3,2,2,3,3,4,5,3,2,2,3,3,4,5,3,2,2,3
15690,0,0,0,0,0,0,0,0,0,0,0,0,0,0,0,0,0,0,0,0,0
15691,1,1,1,1,0,0,1,1,1,1,1,0,0,1,1,1,1,1,0,0,1
15692,19,24,22,17,9,11,14,18,24,22,17,8,11,14,18,24,22,17,8,11,14
15693,15,15,16,16,14,12,11,13,15,16,17,14,12,10,13,14,16,17,14,12,11
15694,8,9,10,8,6,6,7,8,9,10,8,6,6,7,8,9,10,8,6,6,7
15695,0,0,0,0,0,0,0,0,0,0,0,0,0,0,0,0,0,0,0,0,0
15696,0,0,0,0,0,0,0,0,0,0,0,0,0,0,0,0,0,0,0,0,0
15697,27,28,30,25,22,20,22,27,28,30,25,22,20,21,26,27,28,23,21,19,21
15698,0,0,0,0,0,0,0,0,0,0,0,0,0,0,0,0,0,0,0,0,0
15699,0,0,0,0,0,0,0,0,0,0,0,0,0,0,0,0,0,0,0,0,0
15700,0,0,0,0,0,0,0,0,0,0,0,0,0,0,0,0,0,0,0,0,0
15701,0,0,0,0,0,0,0,0,0,0,0,0,0,0,0,0,0,0,0,0,0
15702,0,0,0,0,0,0,0,0,0,0,0,0,0,0,0,0,0,0,0,0,0
15703,0,0,0,0,0,0,0,0,0,0,0,0,0,0,0,0,0,0,0,0,0
15704,1,1,1,1,1,1,1,1,1,1,1,1,1,1,1,1,1,1,1,1,1
15705,1,2,2,1,1,1,1,1,2,2,2,1,1,1,1,2,2,1,1,1,1
15706,0,0,0,0,0,0,0,0,0,0,0,0,0,0,0,0,0,0,0,0,0
15707,2,1,1,1,1,1,1,2,1,1,1,1,1,1,2,1,1,1,1,1,1
15708,11,8,8,6,5,4,5,9,7,7,6,5,5,5,9,6,5,4,3,3,4
15709,15,14,14,13,11,10,12,15,13,13,12,10,10,12,12,10,9,9,8,8,10
15710,9,6,6,5,4,4,6,7,5,5,5,5,5,6,8,7,6,5,5,5,6
15711,6,6,5,4,4,3,4,4,4,4,4,4,3,4,4,4,3,3,3,2,3
15712,1,1,1,1,1,1,1,2,1,1,1,1,1,1,2,1,1,1,1,1,1
15713,3,3,3,2,2,2,3,4,4,4,3,2,2,3,4,4,3,3,2,2,3
15714,0,0,1,0,0,0,0,0,0,1,0,0,0,0,0,0,1,0,0,0,0
15715,8,12,11,10,9,4,5,8,12,11,10,9,4,5,8,12,11,10,9,4,5
15716,39,43,41,39,33,27,28,39,43,41,39,33,27,28,39,43,41,39,33,27,28
15717,0,0,1,1,1,0,1,0,0,1,1,1,0,1,0,0,1,1,1,0,1
15718,61,64,72,66,62,52,51,62,64,71,66,62,51,51,62,65,72,67,63,52,52
15719,14,17,16,12,11,8,7,14,17,16,12,11,8,7,14,17,16,12,11,8,7
15720,3,3,3,4,3,3,2,3,3,3,4,3,3,2,3,3,3,4,3,3,2
15721,10,13,11,10,8,4,7,11,14,11,10,8,3,6,11,14,12,11,9,5,8
15722,37,43,50,43,41,35,35,37,43,51,44,41,35,35,37,43,50,43,40,35,35
15723,0,0,0,0,0,0,0,0,0,0,0,0,0,0,0,0,0,0,0,0,0
15724,0,0,0,0,1,1,1,0,0,0,0,1,1,1,0,0,0,0,1,1,1
15725,1,1,1,1,2,2,1,1,1,1,1,2,2,1,1,1,1,1,2,2,1
15726,0,1,1,1,0,0,0,0,1,1,1,0,0,0,0,1,1,1,0,0,0
15727,11,11,10,10,8,7,8,9,10,10,9,8,7,8,9,9,9,9,7,7,7
15728,47,46,43,40,36,37,37,46,46,44,41,37,37,37,45,46,44,40,37,38,39
15729,1,1,0,0,0,1,1,1,1,1,1,1,1,1,1,1,1,1,1,1,1
15730,6,6,6,6,5,4,4,5,5,5,5,5,4,4,6,5,5,5,5,5,5
15731,0,0,0,0,0,0,0,0,0,0,0,0,0,0,0,0,0,0,0,0,0
15732,0,0,0,0,0,0,0,0,0,0,0,0,0,0,0,0,0,0,0,0,0
15733,0,0,1,1,1,0,0,0,0,1,1,1,0,0,0,0,1,1,1,0,0
15734,1,1,2,1,1,1,1,1,1,1,1,1,1,1,1,1,1,1,1,1,1
15735,8,8,7,7,6,6,6,7,7,7,6,6,5,6,7,7,7,7,6,6,6
15736,3,3,3,3,3,3,2,3,3,3,3,3,3,2,3,3,3,3,3,3,2
15737,0,0,0,0,0,0,0,0,0,0,0,0,0,0,0,0,0,0,0,0,0
15738,1,1,1,1,1,1,1,1,1,1,1,1,1,1,1,1,1,1,1,1,1
15739,0,0,0,0,0,0,0,0,0,0,0,0,0,0,1,1,1,1,0,1,1
15740,0,0,0,0,0,0,0,0,0,0,0,0,0,0,0,0,0,0,0,0,0
15741,2,2,2,2,2,2,1,2,2,2,2,2,2,1,2,2,2,2,2,2,1
15742,2,2,2,1,1,1,2,3,3,2,1,1,1,2,3,3,2,2,1,1,2
15743,0,0,0,0,0,0,0,0,0,0,0,0,0,0,0,0,0,0,0,0,0
15744,24,28,27,24,20,17,19,25,31,29,26,21,19,20,25,28,25,20,16,14,16
15745,16,15,14,12,11,9,11,14,15,15,13,11,9,10,13,13,13,12,11,9,11
15746,0,0,0,0,0,0,0,0,0,0,0,0,0,0,0,0,0,0,0,0,0
15747,2,2,2,2,1,1,1,2,2,2,2,1,1,1,2,2,2,2,1,1,1
15748,12,9,9,7,6,5,6,10,8,8,7,6,5,7,11,9,9,8,7,6,7
15749,0,0,1,1,1,0,0,0,0,1,1,1,0,0,0,0,1,1,1,0,0
15750,0,0,0,0,0,0,0,0,0,0,0,0,0,0,0,0,0,0,0,0,0
15751,1,2,2,4,3,3,1,1,2,2,4,3,3,1,1,2,2,4,3,3,1
15752,2,3,4,5,7,5,2,2,3,4,5,7,5,2,2,3,4,5,7,5,2
15753,1,1,1,1,1,0,0,1,1,1,1,1,0,0,1,1,1,1,1,0,0
15754,0,0,0,0,0,0,0,0,0,0,0,0,0,0,0,0,0,0,0,0,0
15755,0,0,0,0,0,0,0,0,0,0,0,0,0,0,0,0,0,0,0,0,0
15756,0,1,1,1,2,2,2,2,3,3,4,4,4,4,5,5,5,4,4,4,4
15757,0,0,0,0,0,0,0,0,0,0,0,0,0,0,0,0,0,0,0,0,0
15758,0,0,0,0,0,0,0,0,0,0,0,0,0,0,0,0,0,0,0,0,0
15759,0,0,0,0,0,0,0,0,0,0,0,0,0,0,0,0,0,0,0,0,0
15760,0,0,0,0,0,0,0,0,0,0,0,0,0,0,0,0,0,0,0,0,0
15761,1,1,1,1,0,0,0,1,1,1,1,0,0,0,1,1,1,1,0,0,0
15762,0,0,0,0,0,0,0,0,0,0,0,0,0,0,0,0,0,0,0,0,0
15763,0,0,0,0,0,0,0,0,0,0,0,0,0,0,0,0,0,0,0,0,0
15764,3,2,2,3,1,2,2,3,2,2,3,1,2,2,3,3,6,10,11,14,12
15765,0,0,0,0,0,0,0,0,0,0,0,0,0,0,0,0,0,0,0,0,0
15766,0,0,0,0,0,0,0,0,0,0,0,0,0,0,0,0,0,0,0,0,0
15767,1,1,1,1,1,1,1,1,1,1,1,1,1,1,1,2,2,2,2,1,1
15768,0,0,0,0,0,0,0,0,0,0,0,0,0,0,0,0,0,0,0,0,0
15769,0,0,0,0,0,0,0,0,0,0,0,0,0,0,0,0,0,0,0,0,0
15770,0,0,0,0,0,0,0,0,0,0,0,0,0,0,0,0,0,0,0,0,0
15771,0,0,0,0,0,0,0,0,0,0,0,0,0,0,0,0,0,0,0,0,0
15772,0,0,0,0,0,0,0,0,0,0,0,0,0,0,0,0,0,0,0,0,0
15773,0,0,0,0,0,0,0,0,0,0,0,0,0,0,0,0,0,0,0,0,0
15774,8,11,12,11,9,7,6,7,9,12,12,10,7,6,7,10,12,12,11,9,8
15775,0,0,0,0,0,0,0,0,0,0,0,0,0,0,0,0,0,0,0,0,0
15776,0,0,0,0,0,0,0,0,0,0,0,0,0,0,0,0,0,0,0,0,0
15777,0,0,0,0,0,0,0,0,0,0,0,0,0,0,0,0,0,0,0,0,0
15778,0,0,0,0,0,0,0,0,0,0,0,0,0,0,0,0,0,0,0,0,0
15779,0,0,0,0,0,0,0,0,0,0,0,0,0,0,0,0,0,0,0,0,0
15780,0,0,0,0,0,0,0,0,0,0,0,0,0,0,0,0,0,0,0,0,0
15781,0,0,0,0,0,0,0,0,0,0,0,0,0,0,0,0,0,0,0,0,0
15782,1,1,1,1,1,1,1,1,1,1,1,1,1,1,1,1,1,1,1,1,1
15783,0,0,0,0,0,0,0,0,0,0,0,0,0,0,0,0,0,0,0,0,0
15784,0,0,0,0,0,0,0,0,0,0,0,0,0,0,0,0,0,0,0,0,0
15785,0,0,0,0,0,0,0,0,0,0,0,0,0,0,0,0,0,0,0,0,0
15786,10,11,11,9,7,6,6,8,11,12,11,9,8,8,10,10,9,7,5,5,6
15787,2,2,2,2,1,1,1,2,2,2,2,1,1,1,1,1,1,1,1,1,1
15788,198,194,189,159,136,124,146,192,195,187,154,131,118,136,182,188,184,154,133,122,143
15789,0,0,0,0,0,0,0,0,0,0,0,0,0,0,0,0,0,0,0,0,0
15790,3,3,3,3,3,3,3,3,3,3,3,3,3,3,3,3,3,3,3,3,3
15791,0,1,1,1,1,0,1,0,1,1,1,1,0,0,0,1,1,1,1,1,1
15792,0,0,0,0,0,0,0,0,0,0,0,0,0,0,0,0,0,0,0,0,0
15793,0,0,0,0,0,0,0,0,0,0,0,0,0,0,0,0,0,0,0,0,0
15794,0,0,0,0,0,0,0,0,0,0,0,0,0,0,0,0,0,0,0,0,0
15795,0,0,0,0,0,0,0,0,0,0,0,0,0,0,0,0,0,0,0,0,0
15796,0,0,0,0,0,0,0,0,0,0,0,0,0,0,0,0,0,0,0,0,0
15797,0,0,0,0,0,0,0,0,0,0,0,0,0,0,0,0,0,0,0,0,0
15798,0,0,0,0,0,0,0,0,0,0,0,0,0,0,0,0,0,0,0,0,0
15799,0,0,0,0,0,0,0,0,0,0,0,0,0,0,0,0,0,0,0,0,0
15800,0,0,0,0,0,0,0,0,0,0,0,0,0,0,0,0,0,0,0,0,0
15801,0,0,0,0,0,0,0,0,0,0,0,0,0,0,0,0,0,0,0,0,0
15802,1,2,2,2,1,1,2,2,2,3,2,2,2,2,2,3,3,3,2,2,3
15803,1,1,0,0,0,0,1,0,1,0,0,0,0,1,0,1,1,0,0,0,1
15804,0,0,0,0,0,0,0,0,0,0,0,0,0,0,0,0,0,0,0,0,0
15805,2,2,2,1,1,1,1,2,2,2,1,1,1,2,2,2,2,2,1,1,2
15806,2,2,2,1,2,3,3,3,3,3,3,3,3,4,5,4,4,3,3,3,4
15807,47,44,40,38,35,36,41,47,44,40,38,35,35,41,46,43,39,37,34,34,40
15808,0,0,0,0,0,0,0,0,0,0,0,0,0,0,0,0,0,0,0,0,0
15809,0,0,0,0,0,0,0,0,0,0,0,0,0,0,0,0,0,0,0,0,0
15810,0,0,0,0,0,0,0,0,0,0,0,0,0,0,0,0,0,0,0,0,0
15811,1,0,1,0,0,0,1,1,0,1,0,0,0,1,1,0,1,0,0,0,1
15812,3,4,4,3,3,3,2,3,4,4,3,3,3,2,3,4,4,3,3,3,2
15813,3,4,4,4,4,3,3,3,4,4,4,4,3,3,3,4,4,4,4,3,3
15814,3,3,3,3,2,2,2,3,3,3,3,3,2,2,3,3,3,3,2,2,2
15815,0,0,0,0,0,0,0,0,0,0,0,0,0,0,0,0,0,0,0,0,0
15816,0,0,0,0,0,0,0,0,0,1,0,0,0,0,0,0,0,0,0,0,0
15817,1,0,1,1,1,1,1,1,0,1,1,1,1,1,1,0,1,1,1,1,1
15818,0,0,0,0,0,0,0,0,0,0,0,0,0,0,0,0,0,0,0,0,0
15819,13,13,13,13,11,10,11,12,13,13,13,11,10,11,12,13,13,13,12,11,11
15820,1,1,1,1,1,1,1,1,1,1,1,1,1,1,2,2,1,1,1,1,2
15821,222,224,239,203,192,167,170,218,222,239,204,194,170,173,220,222,236,199,189,165,168
15822,20,19,18,15,12,11,12,16,20,22,20,17,15,16,19,19,17,14,11,10,12
15823,41,43,46,40,35,30,30,43,46,48,42,36,30,30,41,42,43,37,32,27,27
15824,1,1,1,1,1,0,0,1,1,1,1,1,0,0,1,1,1,1,1,0,0
15825,0,0,0,0,0,0,0,0,0,0,0,0,0,0,0,0,0,0,0,0,0
15826,1,1,1,1,1,1,1,1,1,1,1,1,1,1,1,1,1,1,1,1,1
15827,0,0,0,0,0,0,0,0,0,0,0,0,0,0,0,0,0,0,0,0,0
15828,1,1,1,1,0,0,1,1,1,1,1,1,1,1,1,1,1,1,1,1,1
15829,0,0,0,0,0,0,0,0,0,0,0,0,0,0,0,0,0,0,0,0,0
15830,0,0,0,0,0,0,0,0,0,0,0,0,0,0,0,0,0,0,0,0,0
15831,2,2,2,1,1,1,1,2,2,2,1,1,1,1,2,2,2,1,1,1,1
15832,10,10,10,9,9,7,7,8,9,10,10,9,8,7,8,10,10,10,9,8,8
15833,2,2,2,2,2,1,1,2,2,2,2,2,1,1,2,2,2,2,2,1,1
15834,7,8,7,6,4,4,4,5,6,6,5,4,4,4,5,6,6,6,4,4,4
15835,1,1,1,1,1,1,1,1,1,1,1,1,1,1,1,1,1,1,1,1,1
15836,31,42,48,46,40,28,20,25,36,46,47,41,29,21,26,37,47,48,42,31,23
15837,12,15,16,13,10,6,6,8,12,15,14,11,8,7,10,13,15,13,11,8,7
15838,11,13,14,14,12,10,10,12,14,15,14,12,10,10,12,13,13,13,11,10,9
15839,3,4,4,4,4,3,3,3,4,4,4,4,3,3,3,4,4,4,4,3,3
15840,6,7,10,9,8,6,5,7,8,10,8,7,5,4,6,7,9,8,7,6,5
15841,3,3,4,4,3,2,2,3,3,4,4,3,2,2,3,3,4,4,3,2,2
15842,4,6,8,8,7,3,3,4,6,8,8,7,3,3,4,6,8,8,7,3,3
15843,7,8,7,7,6,5,6,7,8,7,7,6,5,6,7,8,7,7,6,5,6
15844,1,1,1,1,1,1,1,1,1,1,1,1,1,1,1,1,1,1,1,1,1
15845,11,14,15,14,13,10,8,10,13,15,14,12,9,7,10,12,14,13,11,9,7
15846,1,1,1,1,1,1,1,1,1,1,1,1,1,1,2,2,1,1,1,1,1
15847,3,3,3,3,3,2,2,2,3,2,3,2,2,2,2,3,2,2,2,2,2
15848,10,12,12,10,8,7,7,8,10,10,9,8,7,8,10,12,12,11,9,8,8
15849,7,9,9,9,7,6,5,7,8,8,8,7,5,4,6,7,7,8,7,5,4
15850,10,12,13,13,10,10,11,12,13,14,13,10,10,11,11,11,11,10,7,8,8
15851,1,2,2,2,2,1,1,1,2,2,2,2,1,1,2,2,2,2,2,2,1
15852,3,3,3,3,2,2,2,3,2,3,3,2,2,2,3,2,3,3,2,2,2
15853,1,1,1,1,1,1,1,1,1,1,1,1,1,1,1,1,1,1,1,1,1
15854,19,21,20,17,14,12,12,15,18,19,17,14,12,12,14,16,16,14,12,11,11
15855,1,1,1,1,1,1,1,1,1,1,1,1,1,1,1,1,1,1,1,1,1
15856,7,8,8,8,6,5,6,7,7,6,6,5,4,5,7,9,9,9,8,7,7
15857,1,1,1,1,0,0,0,1,1,1,1,0,0,0,1,1,1,1,1,0,0
15858,3,4,4,3,3,3,3,3,4,4,3,3,3,3,4,4,4,4,3,3,3
15859,1,1,1,1,1,1,1,1,1,1,1,1,1,1,1,1,1,1,1,1,1
15860,4,4,5,4,4,3,2,3,4,4,4,3,3,2,3,4,4,4,3,3,2
15861,0,0,0,0,0,0,0,0,0,0,0,0,0,0,0,0,0,0,0,0,0
15862,0,0,0,0,0,0,0,0,0,0,0,0,0,0,0,0,0,0,0,0,0
15863,0,0,0,0,0,0,0,0,0,0,0,0,0,0,0,0,0,0,0,0,0
15864,0,0,0,0,0,0,0,0,0,0,0,0,0,0,0,0,0,0,0,0,0
15865,0,0,0,0,0,0,0,0,0,0,0,0,0,0,0,0,0,0,0,0,0
15866,0,0,0,0,0,0,0,0,0,0,0,0,0,0,0,0,0,0,0,0,0
15867,0,0,0,0,0,0,0,0,0,0,0,0,0,0,0,0,0,0,0,0,0
15868,0,0,0,0,0,0,0,0,0,0,0,0,0,0,0,0,0,0,0,0,0
15869,0,0,0,0,0,0,0,0,0,0,0,0,0,0,0,0,0,0,0,0,0
15870,0,0,0,0,0,0,0,0,0,0,0,0,0,0,0,0,0,0,0,0,0
15871,0,0,0,0,0,0,0,0,0,0,0,0,0,0,0,0,0,0,0,0,0
15872,1,1,1,1,1,1,1,1,1,1,1,1,1,1,1,1,1,1,1,1,1
15873,0,0,0,0,0,0,0,0,0,0,0,0,0,0,0,0,0,0,0,0,0
15874,0,0,0,0,0,1,1,1,1,1,1,1,1,1,2,2,2,2,1,1,1
15875,0,0,0,0,0,0,0,0,0,0,0,0,0,0,1,1,1,1,1,1,1
15876,1,2,3,4,3,3,3,3,4,5,4,4,3,4,4,5,5,5,4,4,4
15877,1,1,1,1,0,0,0,1,1,1,1,0,0,1,1,1,1,1,0,0,1
15878,0,0,0,0,0,0,0,0,0,0,0,0,0,0,0,0,0,0,0,0,0
15879,10,11,10,10,10,9,11,11,12,11,10,10,10,11,11,10,8,7,6,5,6
15880,4,3,3,3,3,2,3,3,4,3,3,2,2,2,2,2,2,2,2,2,2
15881,1,1,1,1,1,1,1,1,1,2,2,1,1,2,3,3,3,3,2,2,2
15882,1,1,1,1,1,1,1,1,1,1,1,1,1,1,2,3,3,3,2,2,2
15883,0,1,1,1,1,1,1,1,1,1,1,1,1,1,1,2,2,1,1,1,1
15884,0,0,0,0,0,0,0,0,0,0,0,0,0,0,0,0,0,0,0,0,0
15885,4,6,12,19,22,15,7,4,6,12,19,22,15,7,4,6,12,19,22,15,7
15886,7,8,7,6,5,4,4,6,7,6,6,5,4,4,6,7,6,5,5,4,4
15887,0,0,0,0,0,0,0,0,0,0,0,0,0,0,0,0,0,0,0,0,0
15888,1,1,1,1,1,1,1,1,1,1,1,1,1,1,1,1,1,1,1,1,1
15889,0,0,0,0,0,0,0,0,0,0,0,0,0,0,0,0,0,0,0,0,0
