ID,2023-04-05,2023-04-06,2023-04-07,2023-04-08,2023-04-09,2023-04-10,2023-04-11,2023-04-12,2023-04-13,2023-04-14,2023-04-15,2023-04-16,2023-04-17,2023-04-18,2023-04-19,2023-04-20,2023-04-21,2023-04-22,2023-04-23,2023-04-24,2023-04-25
0,1,1,1,1,1,1,1,1,2,1,1,1,1,1,2,2,2,1,1,1,1
1,1,1,1,1,1,1,1,1,1,1,1,1,1,1,1,1,1,1,1,1,1
2,0,1,1,1,1,0,0,0,1,1,1,1,0,0,0,1,1,1,1,0,0
3,0,0,0,1,1,0,0,0,0,0,1,1,0,0,0,0,0,1,1,0,0
4,2,2,3,3,2,1,2,2,2,3,3,2,1,2,2,2,3,3,2,1,2
5,1,1,0,1,1,1,1,1,1,0,1,1,1,1,1,1,0,1,1,1,1
6,0,0,0,0,0,0,0,0,0,0,0,0,0,0,0,0,0,0,0,0,0
7,11,11,11,10,9,9,10,11,11,11,10,9,9,10,11,11,11,10,9,9,10
8,0,0,0,0,0,0,0,0,0,0,0,0,0,0,0,0,0,0,0,0,0
9,6,6,5,6,7,7,6,6,6,5,6,7,7,6,6,6,5,6,6,7,6
10,0,0,0,0,0,0,0,0,0,0,0,0,0,0,0,0,0,0,0,0,0
11,0,0,0,0,0,0,0,0,0,0,0,0,0,0,0,0,0,0,0,0,0
12,0,0,0,0,0,0,0,0,0,0,0,0,0,0,0,0,0,0,0,0,0
13,0,0,0,0,0,0,0,0,0,0,0,0,0,0,0,0,0,0,0,0,0
14,2,1,1,0,0,0,0,0,0,0,0,0,0,0,0,0,0,0,0,0,0
15,3,2,1,1,1,1,1,1,1,1,1,1,1,1,1,1,1,1,1,1,1
16,0,1,0,0,0,0,0,0,1,0,0,0,0,0,0,1,0,0,0,0,0
17,6,9,13,15,12,9,5,7,10,13,15,12,9,4,7,9,12,14,12,9,4
18,13,16,18,13,8,8,9,13,16,18,12,8,8,9,13,16,18,12,8,8,9
19,1,2,2,4,1,1,1,1,2,2,4,1,1,1,1,2,2,3,1,1,0
20,0,0,0,0,0,0,0,0,0,0,0,0,0,0,0,0,0,0,0,0,0
21,0,0,0,0,0,0,0,0,0,0,0,0,0,0,0,0,0,0,0,0,0
22,0,0,0,0,0,0,0,0,0,0,0,0,0,0,0,0,0,0,0,0,0
23,0,0,0,0,0,0,0,0,0,0,0,0,0,0,0,0,0,0,0,0,0
24,0,0,0,0,0,0,0,0,0,0,0,0,0,0,0,0,0,0,0,0,0
25,1,1,0,0,0,0,0,0,0,0,0,0,0,0,1,0,0,0,0,0,0
26,0,0,0,1,0,0,0,0,0,0,1,0,0,0,0,0,0,1,0,0,0
27,0,0,0,0,0,0,0,0,0,0,0,0,0,0,0,0,0,0,0,0,0
28,0,0,0,0,0,0,0,0,0,0,0,0,0,0,0,0,0,0,0,0,0
29,4,4,4,4,3,3,3,4,4,4,4,3,3,3,4,4,4,4,3,3,3
30,2,2,2,2,1,1,2,2,2,2,2,1,1,2,2,2,2,2,1,1,2
31,0,0,0,0,0,0,0,0,0,0,0,0,0,0,0,0,0,0,0,0,0
32,9,9,10,9,8,7,6,7,8,9,9,8,8,7,8,9,9,9,8,7,6
33,0,0,0,0,0,0,0,0,0,0,0,0,0,0,0,0,0,0,0,0,0
34,0,0,0,0,0,0,0,0,0,0,0,0,0,0,0,0,0,0,0,0,0
35,5,3,4,3,4,4,4,5,3,4,3,4,4,3,5,3,4,3,4,4,3
36,4,3,4,5,4,1,2,4,3,4,5,4,1,2,4,3,4,5,4,1,2
37,0,0,0,0,0,0,0,0,0,0,0,0,0,0,0,0,0,0,0,0,0
38,0,0,0,0,0,0,0,0,0,0,0,0,0,0,0,0,0,0,0,0,0
39,0,0,0,0,0,0,0,0,0,0,0,0,0,0,0,0,0,0,0,0,0
40,53,58,68,69,68,69,53,53,58,68,69,68,69,53,53,58,68,69,68,69,53
41,0,0,0,0,0,0,0,0,0,0,0,0,0,0,0,0,0,0,0,0,0
42,4,4,5,4,3,3,3,4,4,5,4,3,3,3,4,4,5,4,3,3,3
43,3,3,4,3,3,2,2,3,3,4,3,3,2,2,3,3,4,3,3,2,2
44,1,1,1,1,1,0,0,1,1,1,1,1,0,0,1,1,1,1,1,0,0
45,1,1,1,1,1,1,1,1,1,1,1,1,1,1,1,1,1,1,1,1,1
46,1,1,2,1,1,1,1,2,2,2,2,1,1,1,2,2,2,2,1,1,1
47,24,23,21,20,19,19,20,22,22,21,20,19,19,20,23,23,22,21,20,20,21
48,0,0,0,0,0,0,0,0,0,0,0,0,0,0,0,0,0,0,0,0,0
49,2,2,2,2,2,1,1,2,2,2,2,2,1,1,2,2,2,2,2,1,1
50,5,5,5,4,4,3,3,4,4,4,4,4,3,3,4,4,4,4,4,4,4
51,0,1,0,0,0,0,0,1,1,1,1,0,0,0,1,1,1,1,0,0,0
52,0,0,0,0,0,0,0,0,0,0,0,0,0,0,0,0,0,0,0,0,0
53,1,1,1,1,1,0,1,1,1,1,1,1,0,1,1,1,1,1,1,0,1
54,2,2,2,2,2,2,1,1,2,2,2,2,2,1,1,2,2,2,2,2,1
55,0,0,0,2,1,0,0,0,0,2,6,8,7,5,3,2,1,2,2,1,1
56,1,0,0,0,0,0,1,1,0,0,0,0,0,1,1,0,0,0,0,0,1
57,0,0,0,0,0,0,0,0,0,0,0,0,0,0,0,0,0,0,0,0,0
58,0,0,0,0,0,0,0,0,0,0,0,0,0,0,0,0,0,0,0,0,0
59,0,0,0,0,0,0,0,0,0,0,0,0,0,0,0,0,0,0,0,0,0
60,1,1,1,1,0,1,1,1,1,1,1,0,1,1,1,1,1,1,0,1,1
61,1,1,1,1,1,1,0,1,1,1,1,1,1,0,1,1,1,1,1,1,0
62,0,0,0,0,0,0,0,0,0,0,0,0,0,0,0,0,0,0,0,0,0
63,0,0,0,0,0,0,0,0,0,0,0,0,0,0,0,0,0,0,0,0,0
64,0,0,0,0,0,0,0,0,0,0,0,0,0,0,0,0,0,0,0,0,0
65,0,0,0,1,0,0,0,0,0,0,1,0,0,0,0,0,0,1,0,0,0
66,1,0,1,1,0,1,1,1,0,1,1,0,1,1,1,0,1,1,0,1,1
67,0,0,0,0,0,0,0,0,0,0,0,0,0,0,0,0,0,0,0,0,0
68,0,0,0,0,1,0,1,0,0,0,0,0,0,0,0,0,0,0,0,0,0
69,0,0,0,0,0,0,0,0,0,0,0,0,0,0,0,0,0,0,0,0,0
70,0,0,0,0,0,0,0,0,0,0,0,0,0,0,0,0,0,0,0,0,0
71,0,0,0,0,0,0,0,0,0,0,0,0,0,0,0,0,0,0,0,0,0
72,0,0,0,0,0,0,0,0,0,0,0,0,0,0,0,0,0,0,0,0,0
73,0,0,0,0,0,0,0,0,0,0,0,0,0,0,0,0,0,0,0,0,0
74,0,0,0,0,0,0,0,0,0,0,0,0,0,0,0,0,0,0,0,0,0
75,0,0,0,0,0,0,0,0,0,0,0,0,0,0,0,0,0,0,0,0,0
76,0,0,0,0,0,0,0,0,0,0,0,0,0,0,0,0,0,0,0,0,0
77,1,1,1,1,1,1,1,1,1,1,1,1,1,1,1,1,1,1,1,1,1
78,0,0,0,0,0,0,0,0,0,0,0,0,0,0,0,0,0,0,0,0,0
79,0,0,0,0,0,0,0,0,0,0,0,0,0,0,0,0,0,0,0,0,0
80,0,0,0,0,0,0,0,0,0,0,0,0,0,0,0,0,0,0,0,0,0
81,0,0,0,0,0,0,0,0,0,0,0,0,0,0,0,0,0,0,0,0,0
82,8,9,7,5,4,3,5,7,8,7,5,3,3,5,7,8,7,5,3,3,5
83,1,1,1,1,1,1,1,1,1,1,1,1,1,1,1,1,1,1,1,1,1
84,0,0,0,0,0,0,0,0,0,0,0,0,0,0,0,0,0,0,0,0,0
85,1,1,1,1,1,1,1,1,1,1,1,1,1,1,1,1,1,1,1,1,1
86,0,0,0,0,0,0,0,0,0,0,0,0,0,0,0,0,0,0,0,0,0
87,0,0,0,0,0,0,0,0,0,0,0,0,0,0,0,0,0,0,0,0,0
88,0,0,0,0,0,0,0,0,0,0,0,0,0,0,0,0,0,0,0,0,0
89,0,0,0,0,0,0,0,0,0,0,0,0,0,0,0,0,0,0,0,0,0
90,0,0,0,0,0,0,0,0,0,0,0,0,0,0,0,0,0,0,0,0,0
91,0,0,0,0,0,0,0,0,0,0,0,0,0,0,0,0,0,0,0,0,0
92,0,0,0,0,0,0,0,0,0,0,0,0,0,0,0,0,0,0,0,0,0
93,0,0,0,0,0,0,0,0,0,0,0,0,0,0,0,0,0,0,0,0,0
94,0,0,0,0,0,0,0,0,0,0,0,0,0,0,0,0,0,0,0,0,0
95,0,0,0,0,0,0,0,0,0,0,0,0,0,0,0,0,0,0,0,0,0
96,0,0,0,0,0,0,0,0,0,0,0,0,0,0,0,0,0,0,0,0,0
97,0,0,0,0,0,0,0,0,0,0,0,0,0,0,0,0,0,0,0,0,0
98,8,9,8,8,8,7,7,8,9,8,8,8,8,7,8,9,8,8,8,7,7
99,1,1,2,1,1,1,1,1,1,2,1,1,1,1,1,1,2,1,1,1,1
100,0,0,0,0,0,0,0,0,0,0,0,0,0,0,0,0,0,0,0,0,0
101,6,6,6,6,6,5,5,6,6,6,6,6,5,5,6,6,6,6,6,5,6
102,4,4,5,5,4,3,3,4,4,5,5,4,3,3,4,4,5,5,4,3,3
103,0,0,0,0,0,0,0,0,0,0,0,0,0,0,0,0,0,0,0,0,0
104,0,0,0,0,0,0,0,0,0,0,0,0,0,0,0,0,0,0,0,0,0
105,0,0,0,0,0,0,0,0,0,0,0,0,0,0,0,0,0,0,0,0,0
106,0,0,0,0,0,0,0,0,0,0,0,0,0,0,0,0,0,0,0,0,0
107,1,1,1,1,1,1,1,1,1,1,1,1,1,1,1,1,1,1,1,1,1
108,0,1,0,0,0,0,0,0,1,0,0,0,0,0,0,1,0,0,0,0,0
109,0,0,0,0,0,0,0,0,0,0,0,0,0,0,0,0,0,0,0,0,0
110,30,30,30,28,27,28,28,34,34,34,31,29,29,29,33,31,28,24,24,25,24
111,1,2,2,1,1,0,1,2,2,2,2,1,1,2,2,2,2,2,1,1,2
112,1,1,1,1,1,1,1,1,1,1,1,1,1,1,1,1,1,1,1,1,1
113,2,2,2,2,2,1,2,2,2,2,2,2,1,2,2,2,2,2,2,2,2
114,1,1,1,1,1,1,1,1,1,1,1,1,1,1,1,1,0,0,0,0,0
115,1,1,1,1,1,1,0,1,1,1,1,1,1,0,1,1,1,2,2,1,1
116,3,3,3,3,3,3,3,3,3,3,3,3,3,3,3,3,3,3,3,3,3
117,19,18,16,14,12,12,13,16,16,15,13,11,10,12,16,18,17,15,14,13,14
118,1,1,1,1,1,1,1,1,1,1,1,1,1,1,1,1,1,1,1,1,1
119,11,11,10,9,9,9,8,9,10,10,9,8,8,8,9,9,9,8,8,8,8
120,9,8,7,6,5,5,6,8,9,9,8,6,6,7,9,9,8,7,7,7,8
121,1,1,2,1,1,1,1,1,1,2,1,1,1,1,1,1,2,1,1,1,1
122,1,2,1,2,1,1,1,1,2,2,2,1,1,1,2,2,2,2,1,1,1
123,4,3,3,3,3,2,3,3,3,3,3,3,2,3,4,3,3,3,3,3,3
124,4,3,2,2,2,2,2,2,3,2,2,2,2,2,3,3,2,2,2,2,2
125,0,0,0,0,0,0,0,0,0,0,0,0,0,0,0,0,0,0,0,0,0
126,0,0,0,0,0,0,0,0,0,0,0,0,0,0,0,0,0,0,0,0,0
127,0,0,0,0,0,0,0,0,0,0,0,0,0,0,0,0,0,0,0,0,0
128,0,0,0,0,0,0,0,0,0,0,0,0,0,0,0,0,0,0,0,0,0
129,0,0,0,0,0,0,0,0,0,0,0,0,0,0,0,0,0,0,0,0,0
130,1,1,1,1,1,1,1,1,1,1,1,1,1,1,1,1,1,1,1,1,1
131,1,2,2,2,2,1,2,2,2,2,2,2,1,2,2,2,2,2,2,1,2
132,0,0,0,0,0,0,0,0,0,0,0,0,0,0,0,0,0,0,0,0,0
133,6,6,5,5,5,4,4,5,5,5,5,4,4,4,5,4,5,5,4,4,4
134,0,0,0,0,0,0,0,0,0,0,0,0,0,0,0,0,0,0,0,0,0
135,6,6,5,4,4,3,3,5,5,5,5,4,4,4,7,7,6,5,5,4,4
136,0,0,0,0,0,0,0,0,0,0,0,0,0,0,0,0,0,0,0,0,0
137,0,0,0,0,0,0,0,0,0,0,0,0,0,0,0,0,0,0,0,0,0
138,1,1,2,1,1,1,1,1,1,2,1,1,1,1,1,1,2,1,1,1,1
139,2,2,2,2,2,2,2,2,2,2,2,2,2,2,2,2,2,2,2,2,2
140,11,10,12,12,10,10,10,11,10,12,12,10,10,10,11,10,12,12,10,10,10
141,26,27,28,28,28,26,27,34,41,44,43,41,39,39,39,35,35,33,32,33,32
142,3,5,8,9,9,9,9,10,11,11,10,8,7,7,7,7,7,7,6,6,7
143,0,0,0,0,0,0,0,0,0,0,0,0,0,0,0,0,0,0,0,0,0
144,3,4,4,4,4,3,3,4,4,4,4,3,3,3,4,4,4,4,3,3,3
145,29,46,55,54,44,35,31,32,48,57,54,44,35,31,31,48,56,54,44,35,31
146,7,8,8,8,6,7,7,8,9,8,8,6,7,7,8,9,8,8,6,7,7
147,4,3,3,3,3,3,2,3,3,3,3,2,3,2,3,2,3,2,2,2,2
148,3,3,4,5,4,3,2,3,3,4,5,4,3,2,3,3,4,5,4,3,2
149,4,4,4,4,4,3,3,3,4,4,4,4,3,3,3,3,3,3,3,3,3
150,6,9,6,6,5,5,5,6,9,6,6,5,5,5,6,9,6,6,5,5,5
151,6,6,7,7,6,6,5,6,6,7,7,6,6,5,6,6,7,7,6,6,5
152,0,0,0,0,0,0,0,0,0,0,0,0,0,0,1,0,0,0,0,0,0
153,0,0,0,0,0,0,0,0,0,0,0,0,0,0,0,0,0,0,0,0,0
154,0,0,0,0,0,0,0,0,0,0,0,0,0,0,0,0,0,0,0,0,0
155,0,0,0,0,0,0,0,0,0,0,0,0,0,0,0,0,0,0,0,0,0
156,3,8,8,7,6,6,4,4,8,8,7,6,6,4,4,8,8,7,6,6,4
157,1,1,1,1,1,1,1,1,1,1,1,1,1,1,1,1,1,1,1,1,1
158,2,2,2,2,2,2,1,1,2,2,2,2,1,1,1,2,2,2,2,1,1
159,19,26,25,20,18,16,11,12,21,23,18,16,15,11,13,21,23,19,17,16,12
160,0,0,0,0,0,0,0,0,0,0,0,0,0,0,0,0,0,0,0,0,0
161,19,19,20,13,13,13,11,14,14,17,11,10,11,9,13,13,17,11,11,12,11
162,0,0,0,0,0,0,0,0,0,0,0,0,0,0,0,0,0,0,0,0,0
163,0,0,1,1,1,1,1,1,1,1,0,1,1,1,1,1,0,0,0,0,1
164,31,35,37,37,30,27,26,32,36,37,37,29,27,25,31,35,36,36,29,27,25
165,1,2,2,2,1,2,2,1,2,2,2,1,2,2,1,2,2,2,1,2,2
166,2,2,3,3,2,2,2,2,2,3,2,2,2,2,2,2,3,2,2,2,2
167,6,6,5,5,5,4,4,5,5,5,5,5,4,4,5,6,5,5,5,4,4
168,2,2,2,2,1,1,1,2,2,2,2,1,1,1,2,2,2,2,1,1,1
169,2,2,3,3,2,2,1,2,2,3,3,2,2,1,2,2,3,3,2,2,2
170,1,1,1,1,1,1,1,1,1,1,1,1,1,1,1,1,1,1,1,1,1
171,2,2,3,3,2,2,2,2,3,3,3,2,2,2,2,3,3,2,2,2,2
172,3,3,3,2,2,3,3,3,3,3,2,2,3,3,3,3,3,2,2,3,3
173,0,0,0,0,0,0,0,0,0,0,0,0,0,0,0,0,0,0,0,0,0
174,0,0,0,0,0,0,0,0,0,0,0,0,0,0,0,0,0,0,0,0,0
175,1,1,1,1,1,1,1,1,1,1,1,1,1,1,1,1,1,1,1,1,1
176,0,0,0,0,0,0,0,0,0,0,0,0,0,0,0,0,0,0,0,0,0
177,0,0,0,0,0,0,0,0,0,0,0,0,0,0,0,0,0,0,0,0,0
178,1,1,2,2,1,1,1,1,1,2,2,1,1,1,1,1,2,2,1,1,1
179,0,0,0,0,0,0,0,0,0,0,0,0,0,0,0,0,0,0,0,0,0
180,0,0,0,1,1,1,2,2,2,1,1,1,1,1,1,1,1,1,1,1,1
181,0,0,0,0,0,0,0,0,0,0,0,0,0,0,0,0,0,0,0,0,0
182,0,0,0,0,0,0,0,0,0,0,0,0,0,0,0,0,0,0,0,0,0
183,0,0,0,0,0,0,0,0,0,0,0,0,0,0,0,0,0,0,0,0,0
184,0,0,0,0,0,0,0,0,0,0,0,0,0,0,0,0,0,0,0,0,0
185,0,0,0,0,0,0,0,0,0,0,0,0,0,0,0,0,0,0,0,0,0
186,0,0,0,0,0,0,0,0,0,0,0,0,0,0,0,0,0,0,0,0,0
187,0,0,0,0,0,0,0,0,0,0,0,0,0,0,0,0,0,0,0,0,0
188,0,0,0,0,0,0,0,0,0,0,0,0,0,0,0,0,0,0,0,0,0
189,0,0,0,0,0,0,0,0,0,0,0,0,0,0,0,0,0,0,0,0,0
190,0,0,0,0,0,0,0,0,0,0,0,0,0,0,0,0,0,0,0,0,0
191,0,0,0,0,0,0,0,0,0,0,0,0,0,0,0,0,0,0,0,0,0
192,0,0,0,0,0,0,0,0,0,0,0,0,0,0,0,0,0,0,0,0,0
193,0,0,0,0,0,0,0,0,0,0,0,0,0,0,0,0,0,0,0,0,0
194,2,2,2,2,2,2,2,2,2,2,2,2,2,2,2,2,2,2,2,2,2
195,0,0,0,0,0,0,0,0,0,0,0,0,0,0,0,0,0,0,0,0,0
196,0,0,0,0,0,0,0,0,0,0,0,0,0,0,0,0,0,0,0,0,0
197,0,0,0,0,0,0,0,0,0,0,0,0,0,0,0,0,0,0,0,0,0
198,3,2,2,2,1,1,2,2,2,2,2,2,1,2,2,2,2,2,2,2,2
199,1,1,1,1,1,1,1,1,1,1,1,1,1,1,1,1,1,1,1,1,1
200,1,1,1,1,0,0,1,1,1,1,0,0,0,0,0,1,1,0,0,0,0
201,0,0,0,0,0,0,0,0,0,0,0,0,0,0,0,0,0,0,0,0,0
202,0,0,0,0,0,0,0,0,0,0,0,0,0,0,0,0,0,0,0,0,0
203,0,0,0,0,0,0,0,0,0,0,0,0,0,0,0,0,0,0,0,0,0
204,0,0,0,1,1,0,0,0,0,0,1,1,0,0,0,0,0,1,1,0,0
205,10,10,9,7,6,6,7,10,10,9,7,6,6,7,10,10,9,7,6,6,7
206,0,0,0,0,1,1,0,0,0,0,0,1,1,0,0,0,0,0,1,1,0
207,21,21,20,19,18,20,20,22,23,22,20,17,19,20,21,20,19,18,17,20,21
208,23,23,23,21,20,18,19,22,25,27,25,22,21,23,26,27,27,24,22,22,23
209,10,11,10,10,9,7,7,9,10,11,10,9,8,8,10,10,10,10,8,7,8
210,0,0,1,1,0,0,0,1,1,1,1,1,1,1,1,1,1,1,0,0,0
211,1,1,0,0,0,0,0,1,1,1,0,0,0,0,1,1,0,0,0,0,0
212,4,4,4,4,4,3,3,3,4,4,4,4,3,3,4,5,5,4,4,3,3
213,1,1,1,1,1,1,1,1,1,1,1,1,1,1,1,1,1,1,1,1,1
214,2,2,2,2,2,1,1,2,2,2,1,2,1,1,2,2,2,1,2,1,1
215,0,0,0,0,0,0,0,0,0,0,0,0,0,0,0,0,0,0,0,0,0
216,1,0,0,0,0,0,0,0,0,0,0,0,0,0,0,0,0,0,0,0,0
217,0,0,0,0,0,0,0,0,0,0,0,0,0,0,0,0,0,0,0,0,0
218,0,0,0,0,0,0,0,0,0,0,0,0,0,0,0,0,0,0,0,0,0
219,0,0,0,0,0,0,0,0,0,0,0,0,0,0,0,0,0,0,0,0,0
220,5,7,7,6,6,4,4,5,7,7,6,6,4,4,5,7,7,6,6,4,4
221,18,19,19,20,18,16,15,19,22,24,24,23,21,21,24,27,28,28,26,25,21
222,8,9,7,7,5,7,7,8,9,7,7,5,7,7,8,9,7,7,5,7,7
223,8,9,9,8,7,7,7,8,10,9,8,7,7,7,9,10,9,8,7,7,7
224,49,49,47,45,41,38,40,43,44,44,42,39,38,39,42,43,43,41,38,37,39
225,19,17,17,15,15,13,14,17,18,20,18,16,14,14,15,15,16,15,14,13,13
226,1,1,2,1,1,1,1,1,1,1,1,1,1,1,1,1,1,1,1,1,1
227,0,1,1,1,1,0,0,0,1,1,1,1,0,0,0,1,1,1,1,0,0
228,7,6,5,4,4,4,4,5,5,5,4,4,3,4,5,5,5,4,4,4,4
229,1,1,1,2,2,2,2,1,1,1,2,2,2,2,1,1,1,2,2,2,2
230,0,0,0,0,0,0,0,0,0,0,0,0,0,0,0,0,0,0,0,0,0
231,0,0,0,0,0,0,1,0,0,0,0,0,0,1,0,0,0,0,0,0,1
232,1,1,1,1,1,1,1,1,1,1,1,1,1,1,1,1,1,1,1,1,1
233,0,0,0,0,0,0,0,0,0,0,0,0,0,0,0,0,0,0,0,0,0
234,3,4,4,3,3,2,2,3,4,3,3,3,2,2,3,3,3,3,3,2,2
235,1,1,2,1,1,1,1,1,1,1,1,1,1,1,1,1,1,1,1,1,1
236,1,1,1,1,1,1,1,1,1,1,1,1,1,1,1,1,1,1,1,1,1
237,1,1,1,1,1,1,1,1,1,1,1,1,1,1,1,1,1,1,1,1,1
238,0,0,0,0,0,0,0,0,0,0,0,0,0,0,0,0,0,0,0,0,0
239,0,0,0,0,0,0,0,0,0,0,0,0,0,0,0,0,0,0,0,0,0
240,0,0,0,0,0,0,0,0,0,0,0,0,0,0,0,0,0,0,0,0,0
241,0,0,1,1,0,0,0,0,0,1,1,0,0,0,1,1,1,1,0,0,0
242,1,1,1,1,1,1,1,1,2,1,1,1,1,1,2,2,1,1,1,1,1
243,14,15,16,15,14,13,12,14,15,16,15,14,13,12,15,15,16,15,14,13,12
244,0,0,0,0,0,0,0,0,0,0,0,0,0,0,0,0,0,0,0,0,0
245,0,0,0,0,0,0,0,0,0,0,0,0,0,0,0,0,0,0,0,0,0
246,2,2,2,2,2,2,2,2,2,2,2,2,2,2,2,2,2,2,2,2,2
247,6,6,6,6,5,5,4,5,6,6,5,5,5,4,5,6,6,5,5,5,4
248,101,102,88,86,85,87,91,102,103,89,86,84,86,88,96,97,86,84,84,87,90
249,12,11,9,7,7,7,8,12,11,9,7,7,7,8,12,11,9,7,7,7,8
250,9,9,8,7,6,5,8,9,9,8,7,6,5,8,9,9,8,7,6,5,8
251,66,69,68,65,61,54,55,65,70,71,66,58,51,53,58,57,55,52,48,45,49
252,13,12,11,8,10,10,12,13,12,11,8,10,10,12,13,12,11,8,10,10,12
253,3,2,3,2,2,2,3,3,2,3,2,2,2,3,3,2,3,2,2,2,2
254,40,34,27,26,22,32,34,38,33,27,26,22,32,33,36,32,27,26,23,33,35
255,27,28,28,23,18,14,17,24,28,30,27,24,21,19,21,24,26,22,18,16,19
256,48,44,47,52,45,41,45,51,49,50,52,44,41,45,46,38,40,43,35,35,40
257,14,15,15,14,11,11,13,14,15,15,14,11,11,13,14,15,15,14,11,11,13
258,0,0,0,0,0,0,0,0,0,0,0,0,0,0,0,0,0,0,0,0,0
259,0,0,0,0,0,0,0,0,0,0,0,0,0,0,0,0,0,0,0,0,0
260,6,6,5,8,6,6,7,6,6,5,8,6,6,7,6,6,5,8,6,6,7
261,0,0,0,0,0,0,0,0,0,0,0,0,0,0,0,0,0,0,0,0,0
262,1,1,0,0,1,1,1,1,1,0,0,1,1,1,1,1,0,0,1,1,1
263,0,0,0,0,0,0,0,0,0,0,0,0,0,0,0,0,0,0,0,0,0
264,0,0,1,1,1,1,0,0,0,1,1,1,1,0,0,0,1,1,1,1,0
265,1,1,0,0,1,1,1,1,1,0,0,1,1,1,1,1,0,0,1,1,1
266,0,0,0,0,0,0,0,0,0,0,0,0,0,0,0,0,0,0,0,0,0
267,2,1,1,1,1,1,2,2,1,1,1,1,1,2,2,1,1,1,1,1,2
268,0,0,0,0,0,0,0,0,0,0,0,0,0,0,0,0,0,0,0,0,0
269,1,0,0,0,0,0,0,1,0,0,0,0,0,0,1,0,0,0,0,0,0
270,0,0,0,0,0,0,0,0,0,0,0,0,0,0,0,0,0,0,0,0,0
271,10,12,13,13,10,8,8,10,12,13,13,10,8,8,10,12,13,13,10,8,8
272,68,74,76,71,60,50,46,70,73,73,66,55,49,46,63,62,63,58,49,42,34
273,1,2,3,4,4,2,1,1,2,3,4,4,2,1,1,2,3,4,4,2,1
274,16,20,17,20,15,12,16,16,20,16,19,15,12,16,16,20,16,19,15,12,16
275,10,10,10,9,8,8,9,10,11,10,9,8,8,9,11,11,11,9,8,8,9
276,1,1,1,1,1,1,1,1,1,1,1,1,1,1,1,1,1,1,1,1,1
277,0,0,0,0,0,0,0,0,0,0,0,0,0,0,0,0,0,0,0,0,0
278,52,58,60,56,48,43,44,53,59,61,57,49,43,44,53,59,61,57,49,43,44
279,2,3,2,2,2,2,2,2,3,2,2,2,2,2,2,3,2,2,2,2,2
280,9,11,12,11,10,9,8,10,11,12,11,10,9,8,9,11,12,11,9,9,8
281,28,30,31,29,25,23,23,29,30,31,29,25,22,22,28,30,31,29,25,22,22
282,3,3,2,3,2,3,3,3,3,2,3,2,3,3,3,3,2,3,2,3,3
283,13,14,13,12,9,11,12,14,15,13,12,9,11,12,14,15,13,12,9,11,12
284,3,3,4,3,3,3,3,3,3,4,3,3,3,3,3,3,4,3,3,3,3
285,15,17,19,17,16,13,13,16,18,19,17,16,13,13,16,18,19,17,16,13,13
286,40,44,45,43,36,32,34,40,43,45,42,36,32,33,40,43,45,42,36,32,33
287,3,3,3,4,3,3,3,3,3,3,3,3,3,3,3,3,3,3,3,3,3
288,1,1,1,1,1,1,1,1,1,1,1,1,1,1,1,1,1,1,1,1,1
289,0,0,0,1,1,0,0,0,0,0,1,1,0,0,0,0,0,1,1,0,0
290,0,0,0,1,0,0,0,0,0,0,1,0,0,0,0,0,0,1,0,0,0
291,0,0,0,0,0,0,0,0,0,0,0,0,0,0,0,0,0,0,0,0,0
292,0,0,0,0,0,0,0,0,0,0,0,0,0,0,0,0,0,0,0,0,0
293,0,0,0,0,0,0,0,0,0,0,0,0,0,0,0,0,0,0,0,0,0
294,2,2,1,1,1,1,1,1,1,1,1,1,1,1,1,1,1,1,1,1,2
295,3,3,3,3,3,3,3,3,3,3,3,3,3,3,3,3,3,3,3,3,3
296,2,2,2,2,2,2,2,2,2,2,2,2,2,2,2,2,2,2,2,2,2
297,1,0,0,0,1,1,1,1,0,0,0,1,1,1,1,0,0,0,1,1,1
298,14,15,15,13,12,11,12,14,15,15,13,12,11,12,14,15,15,13,12,11,12
299,4,5,5,3,3,2,3,4,5,5,3,3,2,3,4,5,5,3,3,2,3
300,7,7,6,6,6,6,7,7,7,6,6,6,7,8,8,7,6,6,6,6,7
301,23,21,20,18,16,18,19,22,20,19,18,16,18,19,22,21,20,18,16,18,19
302,7,6,7,8,9,7,6,6,6,8,8,9,7,6,6,6,8,8,9,7,6
303,0,0,0,0,0,0,0,0,0,0,0,0,0,0,0,0,0,0,0,0,0
304,0,0,0,0,0,0,0,0,0,0,0,0,0,0,0,0,0,0,0,0,0
305,0,0,0,0,0,0,0,0,0,0,0,0,0,0,0,0,0,0,0,0,0
306,0,0,0,0,0,0,0,0,0,0,0,0,0,0,0,0,0,0,0,0,0
307,0,0,0,0,0,0,0,0,0,0,0,0,0,0,0,0,0,0,0,0,0
308,0,0,0,0,0,0,0,0,0,0,0,0,0,0,0,0,0,0,0,0,0
309,0,0,0,0,0,0,0,0,0,0,0,0,0,0,0,0,0,0,0,0,0
310,0,0,0,0,0,0,0,0,0,0,0,0,0,0,0,0,0,0,0,0,0
311,0,0,0,0,0,0,0,0,0,0,0,0,0,0,0,0,0,0,0,0,0
312,0,0,0,0,0,0,0,0,0,0,0,0,0,0,0,0,0,0,0,0,0
313,8,8,7,7,6,5,5,6,6,7,7,6,5,5,6,7,7,7,6,6,6
314,0,0,0,0,0,0,0,0,0,0,0,0,0,0,0,0,0,0,0,0,0
315,0,0,0,0,0,0,0,0,0,0,0,0,0,0,0,0,0,0,0,0,0
316,2,2,2,2,2,2,1,2,2,2,2,2,2,1,2,2,2,2,2,2,1
317,2,2,2,2,2,1,2,2,2,2,1,1,1,1,2,2,2,1,1,1,1
318,9,8,8,7,7,7,6,7,7,7,7,7,7,6,7,8,7,8,7,7,6
319,38,42,41,41,41,36,36,42,47,46,44,43,38,37,43,46,42,38,38,33,32
320,1,2,2,2,2,1,1,1,2,2,2,2,1,1,1,2,2,2,2,1,1
321,1,1,1,1,1,0,0,1,1,1,1,1,0,0,1,1,1,1,1,0,0
322,0,0,0,0,0,0,0,0,0,0,0,0,0,0,0,0,0,0,0,0,0
323,1,1,1,1,1,1,1,1,1,1,1,1,1,1,1,1,1,1,1,1,1
324,2,2,2,2,2,2,2,2,2,2,2,2,2,2,2,2,2,2,2,2,2
325,2,2,2,2,2,2,2,2,2,2,2,2,2,2,2,2,2,2,2,2,2
326,0,0,0,0,0,0,0,0,0,0,0,0,0,0,0,0,0,0,0,0,0
327,1,1,1,1,1,0,1,1,1,1,1,1,0,0,1,1,1,1,1,0,1
328,0,0,0,0,0,0,0,0,0,0,0,0,0,0,0,0,0,0,0,0,0
329,1,1,1,1,1,0,1,1,1,1,1,1,0,1,1,1,1,1,1,1,1
330,4,5,5,5,4,3,3,4,4,5,5,4,3,4,5,5,6,5,4,3,3
331,1,2,2,2,2,1,1,1,2,2,2,2,1,1,1,2,2,2,2,1,1
332,40,48,41,45,43,38,40,40,47,38,41,40,34,37,35,42,35,39,38,34,36
333,8,10,9,8,7,6,6,8,10,9,8,7,6,6,8,10,9,8,7,6,6
334,11,12,12,12,11,9,10,11,13,13,13,12,10,11,12,13,13,13,12,11,11
335,0,0,0,0,0,0,0,0,0,0,0,0,0,0,0,0,0,0,0,0,0
336,1,1,1,0,0,0,0,1,1,1,0,0,0,0,1,1,1,0,0,0,0
337,2,2,2,2,2,1,1,2,2,2,2,2,1,1,2,2,2,2,1,1,1
338,2,2,1,1,1,1,1,2,2,1,1,1,1,1,2,2,1,1,1,1,1
339,0,0,0,0,0,0,0,0,0,0,0,0,0,0,0,0,0,0,0,0,0
340,1,1,1,1,1,0,0,1,1,1,1,1,0,0,1,1,1,1,1,0,0
341,4,4,4,3,3,2,2,3,3,3,3,2,2,2,3,3,3,3,2,2,2
342,2,2,2,2,1,1,1,2,2,2,2,2,1,2,2,2,2,2,2,1,2
343,4,3,3,3,3,3,3,3,3,3,2,2,2,1,2,2,2,2,1,2,2
344,0,0,0,0,0,0,0,0,0,0,0,0,0,0,0,0,0,0,0,0,0
345,0,0,0,0,0,0,0,0,0,0,0,0,0,0,0,0,0,0,0,0,0
346,43,44,43,36,38,36,40,43,44,43,36,38,36,40,43,44,43,36,38,36,40
347,3,3,3,3,2,2,2,3,3,3,3,2,2,2,3,3,3,3,2,2,2
348,1,2,1,1,1,1,1,1,2,1,1,1,1,1,1,2,2,1,1,1,1
349,0,0,0,0,0,0,0,0,0,0,0,0,0,0,0,0,0,0,0,0,0
350,0,0,0,0,0,0,0,0,0,0,0,0,0,0,0,0,0,0,0,0,0
351,1,1,1,1,1,1,1,1,1,1,1,1,1,1,1,1,1,1,1,1,1
352,0,0,0,0,0,0,0,0,0,0,0,0,0,0,0,0,0,0,0,0,0
353,1,2,1,0,0,0,0,1,2,1,0,0,0,0,1,2,1,0,0,0,0
354,0,1,1,1,1,1,0,0,1,1,1,1,1,0,0,1,1,1,1,1,0
355,0,0,0,0,0,0,0,0,0,0,0,0,0,0,0,0,0,0,0,0,0
356,0,0,0,0,0,0,0,0,0,0,0,0,0,0,0,0,0,0,0,0,0
357,18,19,18,15,13,12,13,19,24,25,21,17,13,12,15,16,18,15,13,13,13
358,0,0,0,0,0,0,0,0,0,0,0,0,0,0,0,0,0,0,0,0,0
359,1,1,1,1,1,1,1,1,1,1,1,1,1,1,1,1,1,1,1,1,1
360,2,2,2,2,1,1,2,2,2,2,2,1,1,2,2,2,2,2,1,1,2
361,0,0,0,1,1,0,0,0,0,0,1,1,0,0,0,0,0,1,1,0,0
362,5,8,9,8,7,3,3,4,8,9,8,7,3,3,4,8,9,8,7,4,3
363,1,1,1,1,1,1,1,1,1,1,1,1,1,1,1,1,1,1,1,1,1
364,0,0,0,0,0,0,0,0,0,0,0,0,0,0,0,0,0,0,0,0,1
365,2,3,3,2,2,1,1,2,3,3,2,2,1,1,2,3,3,2,2,1,1
366,0,0,0,0,0,0,0,0,0,0,0,0,0,0,0,0,0,0,0,0,0
367,0,0,1,1,0,1,1,1,1,1,1,1,1,1,1,1,1,0,0,0,0
368,0,0,0,0,0,0,0,0,0,0,0,0,0,0,0,0,0,0,0,0,0
369,118,127,130,121,111,97,98,120,129,129,116,102,89,91,108,117,124,117,112,110,104
370,0,0,0,0,0,0,0,0,0,0,0,0,0,0,0,0,0,0,0,0,0
371,38,42,38,35,31,23,22,29,35,35,34,30,23,23,34,42,41,38,34,27,26
372,2,3,4,4,4,2,2,2,3,4,4,4,2,2,2,3,4,4,4,2,2
373,6,6,6,5,5,4,4,5,5,5,5,5,4,4,5,5,5,5,5,4,4
374,3,3,3,3,2,2,2,3,3,3,3,2,2,2,3,3,3,3,2,2,2
375,47,47,44,39,35,33,34,38,36,34,30,27,26,28,34,34,35,33,33,33,30
376,1,1,1,1,1,0,0,1,1,1,1,1,0,0,1,1,1,1,1,0,0
377,5,5,5,4,4,3,3,4,5,5,4,4,3,3,5,5,5,5,4,4,4
378,4,4,4,3,3,2,2,4,4,4,3,3,2,2,4,4,4,3,3,2,2
379,5,6,6,6,5,3,3,4,5,6,6,5,3,3,4,5,6,6,5,4,4
380,50,50,44,45,41,39,38,38,40,38,40,36,34,34,33,35,34,38,36,38,38
381,1,1,1,2,2,1,1,1,1,1,2,2,1,1,1,1,1,2,2,1,1
382,16,20,21,21,17,13,14,17,20,21,21,17,13,14,16,20,20,21,17,13,14
383,6,6,7,7,6,5,5,5,6,7,7,6,5,5,6,6,7,7,6,5,5
384,6,6,6,5,5,4,5,6,6,6,5,5,5,5,7,7,7,6,6,6,6
385,2,2,2,2,1,1,1,2,2,2,2,1,1,1,2,2,2,2,1,1,1
386,2,3,1,1,1,1,1,2,2,1,1,1,1,1,2,2,1,1,1,1,1
387,1,2,2,2,2,1,1,1,1,1,2,1,1,1,1,2,2,2,1,1,1
388,1,1,1,1,1,1,1,1,1,1,1,1,1,1,1,1,1,1,1,1,1
389,3,3,3,2,2,2,2,2,2,2,2,2,2,2,3,3,2,2,2,2,2
390,2,2,2,2,2,1,1,2,2,2,1,2,1,1,2,2,2,2,2,1,1
391,0,0,0,0,0,0,0,0,0,0,0,0,0,0,0,0,0,0,0,0,0
392,3,3,2,2,2,2,2,3,3,2,2,2,2,2,3,3,2,2,2,2,2
393,0,0,0,0,0,0,0,0,0,0,0,0,0,0,0,0,0,0,0,0,0
394,0,0,0,0,0,0,0,0,0,0,0,0,0,0,0,0,0,0,0,0,0
395,0,0,0,0,0,0,0,0,0,0,0,0,0,0,0,0,0,0,0,0,0
396,0,0,0,0,0,0,0,0,0,0,0,0,0,0,0,0,0,0,0,0,0
397,0,0,0,0,0,0,0,0,0,0,0,0,0,0,0,0,0,0,0,0,0
398,0,0,0,0,0,0,0,0,0,0,0,0,0,0,0,0,0,0,0,0,0
399,0,0,0,0,0,0,0,0,0,0,0,0,0,0,0,0,0,0,0,0,0
400,0,0,0,0,0,0,0,0,0,0,0,0,0,0,0,0,0,0,0,0,0
401,1,1,1,0,0,0,1,1,0,0,0,0,0,1,1,0,0,0,0,0,1
402,0,0,0,0,0,0,0,0,0,0,0,0,0,0,0,0,0,0,0,0,0
403,0,0,0,0,0,0,0,0,0,0,0,0,0,0,0,0,0,0,0,0,0
404,0,0,0,0,0,0,0,0,0,0,0,0,0,0,0,0,0,0,0,0,0
405,1,1,1,1,1,1,1,0,0,0,0,1,1,1,0,0,0,0,0,0,0
406,0,0,0,0,0,0,0,0,0,0,0,0,0,0,0,0,0,0,0,0,0
407,0,0,0,0,0,0,0,0,0,0,0,0,0,0,0,0,0,0,0,0,0
408,4,2,0,0,2,0,0,4,2,0,0,2,0,0,4,2,0,0,2,0,0
409,0,0,0,0,0,0,0,0,0,0,0,0,0,0,0,0,0,0,0,0,0
410,2,2,2,2,1,1,1,2,2,2,2,1,1,1,2,2,2,1,1,1,1
411,1,1,1,1,1,1,1,1,1,1,1,1,0,0,1,1,1,1,1,0,1
412,16,19,16,18,15,16,17,17,14,7,7,5,5,8,13,15,11,12,11,11,11
413,1,2,2,2,1,1,1,2,2,2,2,1,1,1,2,2,2,1,1,1,1
414,0,1,1,1,0,0,0,1,1,1,1,0,1,0,1,1,1,1,0,0,0
415,2,2,2,1,2,1,1,1,1,2,1,2,1,1,2,2,2,2,2,1,1
416,4,3,4,3,3,2,3,4,3,4,3,3,2,3,4,3,4,3,3,2,3
417,1,1,1,2,2,1,2,2,1,1,2,2,1,2,2,2,1,2,2,1,2
418,13,14,13,12,11,10,9,12,13,13,12,11,10,9,12,12,12,11,10,10,9
419,0,0,0,0,0,0,0,0,0,0,0,0,0,0,0,0,0,0,0,0,0
420,1,1,2,1,1,1,1,1,1,2,1,1,1,1,1,1,2,1,1,1,1
421,0,1,0,0,0,0,0,0,1,0,0,0,0,0,0,1,0,0,0,0,0
422,1,2,2,2,3,2,2,2,2,2,2,3,2,2,2,2,2,2,3,2,2
423,2,2,2,2,2,2,2,2,2,2,2,2,2,2,2,2,2,2,2,2,2
424,0,0,0,0,0,0,0,0,0,0,0,0,0,0,0,0,0,0,0,0,0
425,9,8,7,6,5,4,5,7,7,7,6,5,4,6,8,8,8,6,5,5,6
426,16,14,14,14,11,10,10,13,12,13,13,11,10,10,14,13,13,13,11,10,10
427,1,1,1,1,1,1,1,1,1,1,1,1,1,1,1,1,1,1,1,1,1
428,2,2,2,2,2,2,2,2,2,2,2,2,2,2,2,2,2,2,2,2,2
429,28,27,22,20,19,20,21,24,25,22,20,19,19,21,23,24,21,19,18,19,21
430,1,2,2,2,1,1,1,1,2,2,2,1,1,1,1,2,2,2,1,1,1
431,1,1,1,1,1,0,0,1,1,1,1,1,0,0,1,1,1,1,1,0,0
432,5,5,5,4,4,3,4,4,5,5,4,4,3,4,4,5,5,4,4,3,4
433,97,101,101,92,82,73,82,96,101,99,90,80,72,84,98,103,100,91,85,79,81
434,6,7,7,7,7,7,7,6,7,7,7,7,7,7,6,7,7,7,7,7,7
435,4,4,3,2,2,2,2,3,3,3,2,2,2,2,3,3,3,2,2,2,2
436,0,0,0,0,0,0,0,0,0,0,0,0,0,0,0,0,0,0,0,0,0
437,6,7,6,5,4,4,4,5,7,6,5,4,4,4,6,7,6,5,4,4,4
438,4,3,3,3,3,2,3,3,3,3,3,3,2,2,3,3,3,3,3,3,3
439,5,5,4,4,3,3,3,4,5,4,4,3,3,3,5,5,4,4,3,3,3
440,7,6,5,6,5,4,4,5,5,5,6,5,4,4,5,5,5,6,5,4,4
441,4,5,5,4,3,3,3,4,5,5,4,3,3,3,4,5,5,4,3,3,3
442,0,0,0,0,0,0,0,0,0,0,0,0,0,0,0,0,0,0,0,0,0
443,2,1,2,2,2,2,2,2,1,2,2,2,2,2,2,2,2,3,2,2,2
444,0,0,0,0,0,0,0,0,0,0,0,0,0,0,0,0,0,0,0,0,0
445,0,0,0,0,0,0,0,0,0,0,0,0,0,0,0,0,0,0,0,0,0
446,1,1,1,1,0,1,1,1,1,1,1,0,1,1,1,1,1,1,0,1,1
447,1,1,1,0,0,0,1,1,1,1,0,0,0,0,1,1,1,0,0,0,1
448,1,0,1,1,0,0,1,1,0,0,0,0,0,0,1,0,0,0,0,0,0
449,0,0,0,0,0,0,0,0,0,0,0,0,0,0,0,0,0,0,0,0,0
450,0,0,0,0,0,0,0,0,0,0,0,0,0,0,0,0,0,0,0,0,0
451,0,0,0,0,0,0,0,0,0,0,0,0,0,0,0,0,0,0,0,0,0
452,0,1,1,1,0,1,1,1,1,1,1,1,1,1,1,1,1,1,0,1,1
453,0,0,0,0,0,0,0,0,0,0,0,0,0,0,0,0,0,0,0,0,0
454,0,0,0,0,0,0,0,0,0,0,0,0,0,0,0,0,0,0,0,0,0
455,0,0,0,0,0,0,0,0,0,0,0,0,0,0,0,0,0,0,0,0,0
456,0,0,0,0,0,0,0,0,0,0,0,0,0,0,0,0,0,0,0,0,0
457,0,0,0,0,0,0,0,0,0,0,0,0,0,0,0,0,0,0,0,0,0
458,0,0,0,0,0,0,0,0,0,0,0,0,0,0,0,0,0,0,0,0,0
459,0,0,0,0,0,0,0,0,0,0,0,0,0,0,0,0,0,0,0,0,0
460,0,0,0,0,0,0,0,0,0,0,0,0,0,0,0,0,0,0,0,0,0
461,0,0,0,0,0,0,0,0,0,0,0,0,0,0,0,0,0,0,0,0,0
462,0,0,0,0,0,0,0,0,0,0,0,0,0,0,0,0,0,0,0,0,0
463,0,0,0,0,0,0,0,0,0,0,0,0,0,0,0,0,0,0,0,0,0
464,0,0,0,0,0,0,0,0,0,0,0,0,0,0,0,0,0,0,0,0,0
465,0,0,0,0,0,0,0,0,0,0,0,0,0,0,0,0,0,0,0,0,0
466,0,0,0,0,0,0,0,0,0,0,0,0,0,0,0,0,0,0,0,0,0
467,0,0,0,0,0,0,0,0,0,0,0,0,0,0,0,0,0,0,0,0,0
468,0,0,0,0,0,0,0,0,0,0,0,0,0,0,0,0,0,0,0,0,0
469,0,0,0,0,0,0,0,0,0,0,0,0,0,0,0,0,0,0,0,0,0
470,0,0,0,0,0,0,0,0,0,0,0,0,0,0,0,0,0,0,0,0,0
471,0,0,0,0,0,0,0,0,0,0,0,0,0,0,0,0,0,0,0,0,0
472,0,0,0,0,0,0,0,0,0,0,0,0,0,0,0,0,0,0,0,0,0
473,0,0,0,0,0,0,0,0,0,0,0,0,0,0,0,0,0,0,0,0,0
474,0,0,0,0,0,0,0,0,0,0,0,0,0,0,0,0,0,0,0,0,0
475,0,0,0,0,0,0,0,0,0,0,0,0,0,0,0,0,0,0,0,0,0
476,0,0,0,0,0,0,0,0,0,0,0,0,0,0,0,0,0,0,0,0,0
477,0,0,0,0,0,0,0,0,0,0,0,0,0,0,0,0,0,0,0,0,0
478,0,0,0,0,0,0,0,0,0,0,0,0,0,0,0,0,0,0,0,0,0
479,0,0,0,0,0,0,0,0,0,0,0,0,0,0,0,0,0,0,0,0,0
480,0,0,0,0,0,0,0,0,0,0,0,0,0,0,0,0,0,0,0,0,0
481,0,0,0,0,0,0,0,0,0,0,0,0,0,0,0,0,0,0,0,0,0
482,0,1,1,1,0,0,0,0,1,1,1,0,0,0,0,1,1,1,0,0,0
483,0,0,0,0,0,0,0,0,0,0,0,0,0,0,0,0,0,0,0,0,0
484,3,2,2,2,1,1,1,2,3,3,2,2,2,2,3,3,3,3,3,3,4
485,763,830,942,881,765,652,580,759,869,1009,937,793,678,633,812,855,942,859,737,636,583
486,461,551,568,551,453,371,362,462,554,569,551,453,371,362,462,553,570,553,455,373,364
487,0,0,0,0,0,0,0,0,0,0,0,0,0,0,0,0,0,0,0,0,0
488,153,166,198,190,159,109,122,166,197,250,247,212,154,143,154,164,208,208,178,137,159
489,25,20,18,20,18,15,14,20,26,28,30,30,30,26,17,14,16,21,25,36,45
490,33,35,36,38,37,33,36,41,45,43,41,36,33,37,33,30,29,28,26,28,30
491,2,2,2,3,3,2,2,2,2,2,3,3,2,2,2,2,2,3,3,2,2
492,3,3,4,2,1,1,2,3,3,4,2,1,2,4,5,4,4,2,1,2,3
493,0,0,0,0,0,0,0,0,0,0,0,0,0,0,0,0,0,0,0,0,0
494,5,5,5,5,5,4,4,5,6,6,6,6,6,6,6,6,5,5,5,4,4
495,0,1,1,0,0,1,1,1,1,1,0,0,0,0,1,1,0,0,0,0,0
496,3,3,3,3,2,2,2,2,3,3,2,2,2,2,3,3,3,3,2,2,2
497,3,3,3,3,3,3,3,3,3,3,3,3,3,3,3,3,3,3,3,3,3
498,1,1,1,1,1,1,1,1,1,1,1,1,1,1,1,1,1,1,1,1,1
499,1,1,1,1,1,1,1,1,1,1,1,1,1,1,1,1,1,1,1,1,1
500,0,0,0,0,0,0,0,0,0,0,0,0,0,0,0,0,0,0,0,0,0
501,0,0,0,0,0,0,0,0,0,0,0,0,0,0,0,0,0,0,0,0,0
502,0,0,0,0,0,0,0,0,0,0,0,0,0,0,0,0,0,0,0,0,0
503,1,1,2,1,1,1,1,1,1,2,1,1,1,1,1,1,2,1,1,1,1
504,0,0,0,0,0,0,0,0,0,0,0,0,0,0,0,0,0,0,0,0,0
505,0,0,0,0,0,0,0,0,0,0,0,0,0,0,0,0,0,0,0,0,0
506,0,0,0,0,0,0,0,0,0,0,0,0,0,0,0,0,0,0,0,0,0
507,0,0,0,0,0,0,0,0,0,0,0,0,0,0,0,0,0,0,0,0,0
508,1,1,1,1,1,1,1,1,1,1,1,1,1,1,1,1,0,0,0,0,0
509,68,65,69,62,61,58,62,72,73,75,64,59,59,66,64,51,53,42,40,45,51
510,2,2,2,2,1,2,2,2,2,2,1,1,2,2,2,2,2,1,1,2,2
511,0,0,0,0,0,0,0,0,0,0,0,0,0,0,0,0,0,0,0,0,0
512,0,0,0,0,0,0,0,0,0,0,0,0,0,0,0,0,0,0,0,0,0
513,0,0,0,0,0,0,0,0,0,0,0,0,0,0,0,0,0,0,0,0,0
514,0,0,0,0,0,0,0,0,0,0,0,0,0,0,0,0,0,0,0,0,0
515,0,0,0,0,0,0,0,0,0,0,0,0,0,0,0,0,0,0,0,0,0
516,4,3,3,3,3,3,3,4,3,3,3,3,3,3,4,3,3,3,3,2,3
517,11,11,11,10,10,9,10,11,11,11,10,10,9,10,11,11,11,10,10,9,10
518,1,2,1,2,1,1,1,1,2,1,2,1,1,1,1,1,1,2,1,1,1
519,16,18,16,13,11,10,11,14,18,16,13,12,10,12,15,18,16,14,12,10,12
520,27,28,30,31,29,25,26,33,34,34,34,29,24,24,29,29,29,29,26,22,22
521,20,19,18,17,16,14,14,18,22,24,25,24,22,20,18,17,17,16,16,16,17
522,3,3,2,2,1,2,1,2,2,2,2,1,1,1,2,2,2,2,1,1,1
523,7,7,7,7,6,6,6,7,8,8,8,7,7,7,8,8,8,7,6,6,6
524,3,3,3,3,2,2,2,3,3,3,3,2,2,2,3,3,3,3,2,2,2
525,9,10,10,10,7,6,7,9,11,10,10,7,6,7,9,10,10,9,6,6,6
526,0,0,0,0,0,0,0,0,0,0,0,0,0,0,0,0,0,0,0,0,0
527,82,83,78,76,50,69,72,82,82,78,76,50,69,72,82,82,78,76,50,69,72
528,1,1,1,0,1,0,1,1,1,1,0,1,1,1,1,1,1,0,1,0,1
529,0,0,0,0,0,0,0,0,0,0,0,0,0,0,0,0,0,0,0,0,0
530,0,0,0,0,0,0,0,0,0,0,0,0,0,0,0,0,0,0,0,0,0
531,0,0,0,0,0,0,0,0,0,0,0,0,0,0,0,0,0,0,0,0,0
532,0,0,0,0,0,0,0,0,0,0,0,0,0,0,0,0,0,0,0,0,0
533,0,0,0,0,0,0,0,0,0,0,0,0,0,0,0,0,0,0,0,0,0
534,0,0,0,0,0,0,0,0,0,0,0,0,0,0,0,0,0,0,0,0,0
535,0,0,0,0,0,0,0,0,0,0,0,0,0,0,0,0,0,0,0,0,0
536,1,1,1,1,1,1,1,1,1,1,0,1,1,1,1,1,1,0,1,1,1
537,0,0,0,0,0,0,0,0,0,0,0,0,0,0,0,0,0,0,0,0,0
538,0,0,0,0,0,0,0,0,0,0,0,0,0,0,0,0,0,0,0,0,0
539,0,0,0,0,0,0,0,0,0,0,0,0,0,0,0,0,0,0,0,0,0
540,1,1,0,0,0,0,0,0,0,0,0,0,0,0,0,0,0,0,0,0,0
541,130,141,141,122,98,93,100,130,141,141,121,98,93,99,130,141,141,122,98,93,99
542,0,0,0,0,0,0,0,0,0,0,0,0,0,0,0,0,0,0,0,0,0
543,0,0,2,0,0,0,0,0,0,2,0,0,0,0,0,0,2,0,0,0,0
544,0,0,0,0,0,0,0,0,0,0,0,0,0,0,0,0,0,0,0,0,0
545,0,0,0,0,0,0,0,0,0,0,0,0,0,0,0,0,0,0,0,0,0
546,0,0,0,0,0,0,0,0,0,0,0,0,0,0,0,0,0,0,0,0,0
547,0,0,0,0,0,0,0,0,0,0,0,0,0,0,1,1,1,0,0,0,0
548,0,0,0,0,0,0,0,0,0,0,0,0,0,0,0,0,0,0,0,0,0
549,3,3,4,4,5,3,2,2,3,3,4,4,3,2,2,3,3,4,4,3,2
550,0,0,0,0,0,0,0,0,0,0,0,0,0,0,0,0,0,0,0,0,0
551,0,0,0,0,0,0,0,0,0,0,0,0,0,0,0,0,0,0,0,0,0
552,11,13,14,14,11,9,9,11,12,14,14,11,9,9,11,12,14,14,11,9,9
553,1,2,1,1,1,1,1,2,2,1,1,1,1,1,2,2,2,1,1,2,1
554,0,0,0,0,0,0,0,0,0,0,0,0,0,0,0,0,0,0,0,0,0
555,3,2,2,2,2,2,2,2,2,2,2,2,2,2,2,2,2,2,2,2,2
556,0,0,0,0,0,0,0,0,0,0,0,0,0,0,0,0,0,0,0,0,0
557,0,0,0,0,0,0,0,0,0,0,0,0,0,0,0,0,0,0,0,0,0
558,0,0,0,0,0,0,0,0,0,0,0,0,0,0,0,0,0,0,0,0,0
559,0,0,0,0,0,0,0,0,0,0,0,0,0,0,0,0,0,0,0,0,0
560,4,7,7,7,3,2,2,5,9,9,7,3,2,3,9,12,10,8,3,3,3
561,0,0,0,0,0,0,0,0,0,0,0,0,0,0,0,0,0,0,0,0,0
562,4,5,5,5,4,2,3,4,5,5,5,4,2,3,4,5,5,5,4,2,3
563,0,0,0,0,0,0,1,0,0,0,0,0,0,1,0,0,0,0,0,0,1
564,2,1,1,1,1,1,1,1,1,1,1,1,1,1,1,1,1,0,1,1,1
565,0,0,0,0,0,0,0,0,0,0,0,0,0,0,0,0,0,0,0,0,0
566,0,0,0,0,0,0,0,0,0,0,0,0,0,0,0,0,0,0,0,0,0
567,0,0,0,0,1,1,1,0,0,0,0,1,1,1,0,0,0,0,1,0,1
568,0,1,1,1,1,0,0,0,1,1,1,1,0,0,0,1,1,1,1,1,1
569,0,0,1,0,0,0,0,0,0,1,0,0,0,0,0,0,1,0,0,0,0
570,4,4,3,3,3,3,3,3,3,3,3,3,3,3,4,3,3,3,3,3,3
571,1,1,1,1,1,0,0,1,1,1,1,1,0,0,1,1,1,1,1,0,0
572,1,1,1,1,0,1,1,1,1,1,1,0,1,1,1,1,1,1,0,1,1
573,7,7,7,7,6,5,5,6,7,7,7,6,5,5,6,7,7,7,6,6,5
574,0,0,0,0,0,0,0,0,0,0,0,0,0,0,0,0,0,0,0,0,0
575,1,1,1,1,1,1,0,1,1,1,1,1,1,0,1,1,1,1,1,1,0
576,3,4,7,5,4,3,3,3,4,7,5,4,3,3,4,4,7,5,4,3,3
577,10,12,12,13,11,10,9,10,11,12,12,11,9,9,10,11,12,12,11,9,9
578,2,2,1,2,1,1,1,2,2,2,2,2,1,1,2,2,2,2,2,2,1
579,80,83,79,69,68,74,81,76,77,74,65,63,69,74,66,66,65,58,58,66,71
580,72,72,71,67,65,59,61,75,73,70,64,61,55,58,70,65,61,56,54,50,54
581,1,1,1,2,2,1,1,1,1,1,2,2,1,1,1,1,1,2,2,1,1
582,1,1,1,1,1,1,1,1,1,1,1,1,1,1,1,1,1,1,1,1,1
583,0,0,0,0,0,0,0,0,0,0,0,0,0,0,0,0,0,0,0,0,0
584,3,3,2,2,1,2,2,2,3,2,2,1,2,2,2,3,2,2,2,2,2
585,10,11,10,10,10,11,10,10,11,10,10,10,11,10,10,11,10,10,10,11,10
586,2,2,1,2,1,1,1,2,2,1,2,1,1,1,2,2,1,2,1,1,1
587,2,2,2,2,1,1,1,2,2,2,2,1,1,2,2,2,2,2,1,1,2
588,7,8,7,6,5,6,6,7,8,8,6,5,6,6,8,8,8,7,6,6,7
589,1,1,1,1,1,1,1,1,1,1,1,1,1,1,1,1,1,1,1,1,1
590,1,1,2,2,2,2,1,1,1,2,2,2,2,1,1,1,2,2,2,2,2
591,63,67,66,62,54,48,50,62,70,71,66,57,51,51,59,63,61,56,48,45,46
592,0,0,1,1,1,1,1,1,1,1,1,1,1,1,1,0,1,0,0,0,1
593,0,0,0,0,0,0,0,0,0,0,0,0,0,0,0,0,0,0,0,0,0
594,2,2,2,2,2,2,2,2,2,2,2,2,2,2,2,2,2,2,2,2,2
595,1,1,1,1,1,1,1,1,1,1,1,1,1,1,1,1,1,1,1,1,1
596,1,1,1,1,1,1,1,1,1,1,1,1,1,1,1,1,1,1,1,1,1
597,1,1,1,1,1,1,1,1,1,1,1,1,1,1,1,1,1,1,1,1,1
598,1,1,1,1,1,1,1,1,1,1,1,1,1,1,1,1,1,1,1,1,1
599,2,2,2,2,2,2,2,2,2,2,2,2,2,2,2,2,2,2,2,2,2
600,3,3,3,2,3,2,3,3,3,3,3,3,2,3,3,4,3,3,3,3,4
601,4,4,4,5,4,4,4,4,4,5,5,4,4,4,4,4,4,4,4,4,4
602,2,3,2,2,2,2,3,2,3,2,2,2,2,2,2,3,2,2,2,2,2
603,1,1,0,0,0,1,0,1,1,0,0,0,1,0,1,1,0,0,0,1,0
604,0,0,0,0,0,0,0,0,0,0,0,0,0,0,0,0,0,0,0,0,0
605,2,2,2,2,2,1,1,2,2,2,1,1,1,1,2,2,2,2,1,1,1
606,2,2,2,2,2,2,2,2,2,2,2,2,2,2,2,2,2,2,2,2,2
607,3,3,2,2,2,2,2,2,2,2,2,2,2,2,3,3,3,2,2,2,2
608,4,3,3,3,2,4,4,4,4,4,3,2,4,4,4,4,4,3,2,4,4
609,0,0,0,0,0,0,0,0,0,0,0,0,0,0,0,0,0,0,0,0,0
610,2,2,2,2,2,2,2,2,2,2,2,2,2,2,2,2,2,2,2,2,2
611,1,1,1,1,1,0,0,1,1,1,1,1,0,0,1,1,1,1,0,0,0
612,0,0,0,0,0,0,0,0,0,0,0,0,0,0,0,0,0,0,0,0,0
613,0,0,0,0,0,0,0,0,0,0,0,0,0,0,0,0,0,0,0,0,0
614,0,0,0,0,0,0,0,0,0,0,0,0,0,0,0,0,0,0,0,0,0
615,0,0,0,0,0,0,0,0,0,0,0,0,0,0,0,0,0,0,0,0,0
616,0,0,0,0,0,0,0,0,0,0,0,0,0,0,0,0,0,0,0,0,0
617,0,0,0,0,0,0,0,0,0,0,0,0,0,0,0,0,0,0,0,0,0
618,0,0,0,0,0,0,0,0,0,0,0,0,0,0,0,0,0,0,0,0,0
619,0,0,0,0,0,0,0,0,0,0,0,0,0,0,0,0,0,0,0,0,0
620,0,0,0,0,0,0,0,0,0,0,0,0,0,0,0,0,0,0,0,0,0
621,0,0,0,0,0,0,0,0,0,0,0,0,0,0,0,0,0,0,0,0,0
622,0,0,0,0,0,0,0,0,0,0,0,0,0,0,0,0,0,0,0,0,0
623,0,0,0,0,0,0,0,0,0,0,0,0,0,0,0,0,0,0,0,0,0
624,0,0,0,0,0,0,0,0,0,0,0,0,0,0,0,0,0,1,1,1,1
625,0,0,0,0,0,0,0,0,0,0,0,0,0,0,0,0,0,0,0,0,0
626,0,0,0,0,0,0,0,0,0,0,0,0,0,0,0,0,0,0,0,0,0
627,0,0,0,0,0,0,0,0,0,0,0,0,0,0,0,0,0,0,0,0,0
628,0,0,0,0,0,0,0,0,0,0,0,0,0,0,0,0,0,0,0,0,0
629,0,0,0,0,0,0,0,0,0,0,0,0,0,0,0,0,0,0,0,0,0
630,0,0,0,0,0,0,0,0,0,0,0,0,0,0,0,0,0,0,0,0,0
631,0,0,0,0,0,0,0,0,0,0,0,0,0,0,0,0,0,0,0,0,0
632,0,0,0,0,0,0,0,0,0,0,0,0,0,0,0,0,0,0,0,0,0
633,2,2,2,2,2,1,1,2,2,2,2,2,1,1,2,2,2,2,2,1,1
634,0,0,0,0,0,0,0,0,0,0,0,0,0,0,0,0,0,0,0,0,0
635,0,0,0,0,0,0,0,0,0,0,0,0,0,0,0,0,0,0,0,0,0
636,0,0,0,0,0,0,0,0,0,0,0,0,0,0,0,0,0,0,0,0,0
637,3,4,4,3,3,3,3,3,4,4,3,3,3,3,3,4,4,3,3,3,3
638,3,3,3,2,2,2,2,3,3,3,3,2,2,2,3,3,3,2,2,2,2
639,1,1,1,1,1,1,1,1,1,1,1,1,1,1,1,1,1,1,1,1,1
640,0,0,0,0,0,0,0,0,0,0,0,0,0,0,0,0,0,0,0,0,0
641,7,4,4,3,3,3,3,6,6,6,5,3,3,3,6,4,3,2,2,2,2
642,4,4,3,4,3,3,4,4,4,4,4,4,3,4,4,4,4,4,4,3,4
643,19,22,22,21,19,17,17,21,26,26,24,20,18,19,22,25,25,22,19,18,18
644,0,0,0,0,0,0,0,0,0,0,0,0,0,0,0,0,0,0,0,0,0
645,0,0,0,0,0,0,0,0,0,0,0,0,0,0,0,0,0,0,0,0,0
646,0,0,0,0,0,0,0,0,0,0,0,0,0,0,0,0,0,0,0,0,0
647,0,0,0,0,0,0,0,0,0,0,0,0,0,0,0,0,0,0,0,0,0
648,0,0,0,0,0,0,0,0,0,0,0,0,0,0,0,0,0,0,0,0,0
649,0,0,0,0,0,0,0,0,0,0,0,0,0,0,0,0,0,0,0,0,0
650,0,0,0,0,0,0,0,0,0,0,0,0,0,0,0,0,0,0,0,0,0
651,3,3,2,2,2,2,2,3,3,2,2,2,2,2,3,3,2,2,2,2,2
652,0,0,0,0,0,0,0,0,0,0,0,0,0,0,0,0,0,0,0,0,0
653,0,0,0,0,0,0,0,0,0,0,0,0,0,0,0,0,0,0,0,0,0
654,0,0,0,0,0,0,0,0,0,0,0,0,0,0,0,0,0,0,0,0,0
655,0,0,0,0,0,0,0,0,0,0,0,0,0,0,0,0,0,0,0,0,0
656,2,2,2,2,2,2,2,2,2,2,2,2,2,2,2,2,2,2,2,2,2
657,1,2,1,1,1,1,1,1,2,1,1,1,1,1,1,2,1,1,1,1,1
658,0,0,0,0,0,0,0,0,0,0,0,0,0,0,0,0,0,0,0,0,0
659,0,0,0,0,0,0,0,0,0,0,0,0,0,0,0,0,0,0,0,0,1
660,0,0,0,0,0,0,0,0,0,0,0,0,0,0,0,0,0,0,0,0,0
661,1,1,1,1,1,1,1,1,1,1,1,1,1,1,1,1,1,1,1,1,1
662,8,10,11,9,8,6,6,8,10,11,9,8,6,6,8,10,11,9,8,6,6
663,5,7,8,5,5,4,5,5,7,8,6,5,4,5,6,7,8,5,5,4,5
664,5,6,6,5,5,4,4,5,6,6,5,5,4,4,5,6,6,5,5,4,4
665,9,9,9,10,9,8,9,9,10,9,10,9,8,9,9,10,9,10,9,8,9
666,12,12,13,12,11,11,10,12,12,13,12,11,11,10,12,12,13,12,11,11,10
667,3,3,3,3,2,3,3,3,3,3,3,2,3,3,3,3,3,3,2,3,3
668,2,3,3,2,2,1,2,2,3,3,2,2,1,2,2,3,3,2,2,1,2
669,5,4,4,4,3,3,4,5,5,4,4,3,3,4,5,5,4,4,3,3,4
670,1,1,1,1,1,1,1,1,1,1,1,1,1,1,1,1,1,1,1,1,1
671,0,0,1,1,0,0,0,0,0,1,1,0,0,0,0,0,1,1,0,0,0
672,1,1,1,1,0,1,1,1,1,1,1,0,1,1,1,1,1,1,0,0,1
673,0,0,0,0,0,0,0,0,0,0,0,0,0,0,0,0,0,0,0,0,0
674,0,0,0,0,0,0,0,0,0,0,0,0,0,0,0,0,0,0,0,0,0
675,0,0,0,0,0,0,0,0,0,0,0,0,0,0,0,0,0,0,0,0,0
676,1,1,1,1,1,1,1,1,1,1,1,1,1,1,1,1,1,1,1,1,1
677,0,0,0,0,0,0,0,0,0,0,0,0,0,0,0,0,0,0,0,0,0
678,0,0,0,0,0,0,0,0,0,0,0,0,0,0,0,0,0,0,0,0,0
679,0,0,0,0,0,0,0,0,0,0,0,0,0,0,0,0,0,0,0,0,0
680,0,0,0,0,0,0,0,0,0,0,0,0,0,0,0,0,0,0,0,0,0
681,0,0,0,0,0,0,0,0,0,0,0,0,0,0,0,0,0,0,0,0,0
682,0,0,0,0,0,0,0,0,0,0,0,0,0,0,0,0,0,0,0,0,0
683,0,0,0,0,0,0,0,0,0,0,0,0,0,0,0,0,0,0,0,0,0
684,1,1,1,1,1,1,1,1,1,1,1,1,1,1,1,1,1,1,1,1,1
685,0,0,1,1,1,0,0,0,0,1,1,1,0,0,0,0,1,1,1,0,0
686,6,7,7,7,7,7,6,6,7,7,7,7,7,6,6,7,7,7,7,7,6
687,1,1,1,1,2,1,1,1,1,1,1,2,1,1,1,1,1,1,2,1,1
688,1,1,0,0,0,0,0,1,1,0,0,0,0,0,1,1,0,0,0,0,0
689,1,1,0,0,1,0,1,1,1,0,0,0,0,1,1,1,0,0,0,0,1
690,0,0,0,0,0,0,0,0,0,0,0,0,0,0,0,0,0,0,0,0,0
691,0,0,0,0,0,0,0,0,0,0,0,0,0,0,0,0,0,0,0,0,0
692,0,0,0,0,0,0,0,0,0,0,0,0,0,0,0,0,0,0,0,0,0
693,0,0,0,0,0,0,0,0,0,0,0,0,0,0,0,0,0,0,0,0,0
694,0,0,0,0,0,0,0,0,0,0,0,0,0,0,0,0,0,0,0,0,0
695,0,0,0,0,0,0,0,0,0,0,0,0,0,0,0,0,0,0,0,0,0
696,0,0,0,0,0,0,0,0,0,0,0,0,0,0,0,0,0,0,0,0,0
697,2,2,1,1,1,1,1,1,1,1,1,1,1,1,1,1,1,1,1,1,1
698,0,0,0,0,0,0,0,0,0,0,0,0,0,0,0,0,0,0,0,0,0
699,1,1,2,1,1,1,1,2,1,1,1,1,1,1,2,2,2,1,1,1,1
700,0,0,0,0,0,0,0,0,0,0,0,0,0,0,0,0,0,0,0,0,0
701,0,0,1,0,0,0,1,1,1,0,0,0,0,1,1,1,1,0,0,0,1
702,0,0,0,0,0,0,0,0,0,0,0,0,0,0,0,0,0,0,0,0,0
703,0,0,0,0,0,0,0,0,0,0,0,0,0,0,0,0,0,0,0,0,0
704,1,1,1,1,1,1,1,1,1,1,1,1,1,1,1,1,1,1,1,1,1
705,2,2,1,1,1,1,1,1,1,1,1,1,1,1,1,1,1,1,1,1,1
706,0,0,0,0,0,0,0,0,0,0,0,0,0,0,0,0,0,0,0,0,0
707,0,0,0,0,0,0,0,0,0,0,0,0,0,0,0,0,0,0,0,0,0
708,21,20,17,15,13,14,18,21,20,17,14,12,13,18,20,20,17,14,12,13,18
709,10,11,13,10,9,6,6,10,11,12,10,8,6,6,9,11,12,10,8,6,6
710,1,1,1,1,1,1,1,1,1,1,1,1,1,1,1,1,1,1,1,1,1
711,37,40,39,37,35,32,31,37,40,40,36,32,29,28,33,36,35,32,29,26,27
712,3,3,3,3,3,3,2,3,3,3,3,3,3,2,3,3,3,3,3,3,2
713,0,0,0,0,0,0,0,0,0,0,0,0,0,0,0,0,0,0,0,0,0
714,8,8,8,7,6,5,5,7,8,7,7,6,5,5,7,8,7,7,6,5,5
715,4,4,3,3,3,2,3,3,3,3,3,2,2,3,3,3,3,3,3,3,3
716,3,3,3,2,2,2,2,2,3,3,2,2,2,2,2,3,3,2,2,2,2
717,2,2,2,1,1,1,1,2,2,2,1,1,1,1,2,2,2,1,1,1,1
718,0,0,0,0,0,0,0,0,0,0,0,0,0,0,0,0,0,0,0,0,0
719,0,0,0,0,0,0,0,0,0,0,0,0,0,0,0,0,0,0,0,0,0
720,0,0,0,0,0,0,0,0,0,0,0,0,0,0,0,0,0,0,0,0,0
721,2,2,2,1,1,1,1,2,2,2,1,1,1,1,2,2,2,1,1,1,1
722,0,1,1,1,1,0,1,1,1,1,1,1,1,1,1,1,1,1,1,1,1
723,1,1,1,1,1,0,0,1,1,1,1,1,0,0,1,1,1,1,1,0,1
724,0,0,0,0,0,0,0,0,0,0,0,0,0,0,0,0,0,0,0,0,0
725,2,2,2,1,1,1,1,2,2,2,1,1,1,1,2,2,1,1,1,1,1
726,0,0,0,0,0,0,0,0,0,0,0,0,0,0,0,0,0,0,0,0,0
727,1,1,1,1,1,1,1,1,1,1,1,1,1,1,1,1,1,1,1,1,1
728,0,0,0,0,0,0,0,0,0,0,0,0,0,0,0,0,0,0,0,0,0
729,0,0,0,1,1,0,0,0,0,0,1,1,0,0,0,0,0,1,1,0,0
730,0,0,0,0,0,0,0,0,0,0,0,0,0,0,0,0,0,0,0,0,0
731,0,0,0,0,0,0,0,0,0,0,0,0,0,0,0,0,0,0,0,0,0
732,3,3,3,3,3,3,3,3,3,3,3,3,3,3,4,4,4,4,4,3,3
733,10,11,10,9,9,8,8,10,11,10,9,9,8,8,10,11,10,9,9,8,8
734,121,116,112,100,88,74,79,118,121,121,106,91,76,84,118,113,115,103,90,80,85
735,13,14,15,15,14,11,10,12,15,16,15,14,11,10,12,15,16,16,15,12,12
736,4,4,4,3,3,2,2,3,3,4,3,3,2,3,3,4,4,3,3,3,3
737,0,0,0,0,0,0,0,0,0,0,0,0,0,0,0,0,0,0,0,0,0
738,0,0,0,0,0,0,0,0,0,0,0,0,0,0,0,0,0,0,0,0,0
739,0,0,0,0,0,0,0,0,0,0,0,0,0,0,0,0,0,0,0,0,0
740,1,1,0,0,0,1,1,1,1,0,0,0,1,1,1,1,0,0,0,1,1
741,3,3,3,3,3,3,2,3,3,3,3,3,2,2,3,3,3,3,3,2,2
742,1,1,1,1,1,1,1,1,1,1,1,1,1,1,1,1,1,1,1,1,1
743,0,0,0,0,0,0,0,0,0,0,0,0,0,0,0,0,0,0,0,0,0
744,12,11,11,10,9,8,9,10,10,11,10,9,9,9,11,11,12,11,10,9,10
745,4,4,4,5,6,4,4,4,4,4,5,5,4,4,4,4,4,5,5,4,4
746,3,3,4,4,4,3,3,3,3,4,3,3,3,2,3,3,4,3,3,3,2
747,0,0,0,0,0,0,0,0,0,0,0,0,0,0,0,0,0,0,0,0,0
748,0,0,0,0,0,0,0,0,0,0,0,0,0,0,0,0,0,0,0,0,0
749,0,0,0,0,0,0,0,0,0,0,0,0,0,0,0,0,0,0,0,0,0
750,0,0,0,0,0,0,0,0,0,0,0,0,0,0,0,0,0,0,0,0,0
751,0,0,0,0,0,0,0,0,0,0,0,0,0,0,0,0,0,0,0,0,0
752,3,2,1,1,1,1,1,2,1,1,1,1,1,1,1,1,1,1,1,1,1
753,0,0,0,0,0,0,0,0,0,0,0,0,0,0,0,0,0,0,0,0,0
754,0,0,0,0,0,0,0,0,0,0,0,0,0,0,0,0,0,0,0,0,0
755,0,0,0,0,0,0,0,0,0,0,0,0,0,0,0,0,0,0,0,0,0
756,0,0,0,0,0,0,0,0,0,0,0,0,0,0,0,0,0,0,0,0,0
757,41,40,37,23,16,22,25,37,39,38,24,17,23,27,37,38,37,23,16,23,26
758,4,4,4,3,3,3,3,3,3,3,3,3,2,3,3,3,3,3,3,3,3
759,2,3,2,2,1,2,2,2,3,2,2,1,2,2,2,3,2,2,1,2,2
760,56,62,59,58,53,48,49,59,69,65,61,53,49,50,50,53,50,45,38,41,44
761,19,21,23,21,17,16,15,19,21,23,21,17,16,15,19,21,23,21,17,16,15
762,0,0,0,0,0,0,0,0,0,0,0,0,0,0,0,0,0,0,0,0,0
763,3,4,5,5,5,5,3,2,4,5,5,5,4,3,2,4,5,5,5,4,3
764,1,1,1,1,1,1,1,1,1,1,1,1,1,1,1,1,1,1,1,1,1
765,5,7,7,6,5,4,4,4,7,7,6,5,5,4,4,6,7,6,5,5,4
766,2,4,3,3,3,3,3,2,3,3,3,3,3,3,1,3,3,3,3,3,3
767,0,0,0,0,0,0,0,0,0,0,0,0,0,0,0,0,0,0,0,0,0
768,1,1,1,1,1,1,1,1,1,1,1,1,1,1,1,1,1,1,1,1,1
769,3,3,2,3,2,2,2,2,2,2,2,2,2,2,2,2,2,2,2,2,2
770,10,11,11,10,9,8,8,10,11,11,10,9,8,8,10,11,11,10,9,8,8
771,0,0,0,0,0,0,0,0,0,0,0,0,0,0,0,0,0,0,0,0,0
772,1,1,1,2,1,1,1,1,1,1,1,1,1,1,1,1,1,1,1,1,1
773,0,0,0,0,0,0,0,0,0,0,0,0,0,0,0,0,0,0,0,0,0
774,1,1,1,1,1,1,1,1,1,1,1,1,1,1,0,1,1,1,1,1,1
775,1,1,1,0,0,0,1,1,1,1,0,0,0,1,1,1,1,0,0,0,1
776,0,0,0,0,0,0,0,0,0,0,0,0,0,0,0,0,0,0,0,0,0
777,0,0,0,0,0,0,0,0,0,0,0,0,0,0,0,0,0,0,0,0,0
778,11,12,11,10,9,9,9,10,11,10,10,9,9,9,11,11,10,10,9,9,9
779,1,1,1,1,0,0,1,1,1,1,1,1,1,1,1,1,1,1,1,0,1
780,2,3,3,2,2,2,2,2,3,2,2,2,1,2,2,3,2,2,2,1,2
781,23,24,24,23,23,20,22,27,31,31,29,27,24,25,29,30,29,27,25,23,24
782,0,0,0,0,0,0,0,0,0,0,0,0,0,0,0,0,0,0,0,0,0
783,1,0,0,0,0,0,0,1,0,0,0,0,0,0,1,0,0,0,0,0,0
784,1,1,1,1,1,1,1,1,1,1,1,1,1,1,1,1,1,1,1,1,1
785,0,0,0,1,0,1,1,1,1,0,0,0,0,0,1,1,0,0,0,0,0
786,0,0,0,0,0,0,0,0,0,0,0,0,0,0,0,0,0,0,0,0,0
787,2,2,2,2,2,2,2,2,2,2,2,2,2,2,2,2,2,2,2,2,2
788,12,16,17,15,13,11,10,12,16,17,15,13,11,10,12,16,17,15,13,11,10
789,56,63,65,60,53,46,47,58,69,72,65,55,48,49,58,64,63,56,48,44,47
790,3,3,3,3,3,2,2,3,3,3,3,3,2,2,3,3,4,3,3,2,2
791,1,2,1,1,1,1,1,1,2,1,1,1,1,1,1,2,1,1,1,1,1
792,0,0,0,0,0,0,0,0,0,0,0,0,0,0,0,0,0,0,0,0,0
793,0,0,0,0,0,0,0,0,0,0,0,0,0,0,0,0,0,0,0,0,0
794,0,0,0,0,0,0,0,0,0,0,0,0,0,0,0,0,0,0,0,0,0
795,0,1,1,1,1,1,1,1,1,1,1,1,1,1,1,1,0,0,0,0,0
796,0,0,0,0,0,0,0,0,0,0,0,0,0,0,0,0,0,0,0,0,0
797,0,0,0,0,0,0,0,0,0,0,0,0,0,0,0,0,0,0,0,0,0
798,0,0,0,0,0,0,0,0,0,0,0,0,0,0,0,0,0,0,0,0,0
799,13,15,15,11,10,8,9,14,18,18,13,12,10,11,15,17,17,12,11,10,10
800,21,22,21,22,20,19,21,24,27,26,26,24,23,24,25,25,22,20,18,17,19
801,1,2,2,2,1,1,1,1,1,2,1,1,1,1,1,2,2,2,2,2,2
802,0,0,0,0,0,0,0,0,0,0,0,0,0,0,0,0,0,0,0,0,0
803,0,0,0,0,0,0,0,0,0,0,0,0,0,0,0,0,0,0,0,0,0
804,0,0,0,0,0,0,0,0,0,0,0,0,0,0,0,0,0,0,0,0,0
805,3,3,3,3,3,2,2,3,3,3,3,3,2,2,3,3,3,3,3,2,2
806,2,3,3,3,2,2,2,3,3,3,3,2,2,2,3,3,3,3,2,2,2
807,3,4,4,4,3,3,2,3,4,4,4,3,3,2,3,4,4,4,3,3,2
808,4,5,6,4,4,3,4,4,5,6,4,3,3,4,4,5,6,4,3,3,4
809,1,2,2,2,1,1,1,1,2,2,2,1,1,1,2,2,2,2,1,1,1
810,1,1,1,2,1,1,1,1,1,1,2,1,1,1,1,1,1,2,1,1,1
811,1,1,1,0,1,1,1,1,1,1,0,1,1,1,1,1,1,0,1,1,1
812,14,14,13,13,11,10,10,13,14,13,12,11,10,10,13,14,13,13,11,10,10
813,13,11,9,6,5,5,7,10,10,9,6,5,5,6,8,8,9,10,12,11,11
814,3,3,3,3,3,3,3,3,3,3,3,3,3,3,3,3,3,3,3,2,3
815,9,10,9,8,7,6,7,9,10,9,8,7,6,7,9,10,9,8,7,6,8
816,0,0,0,0,0,0,0,0,0,0,0,0,0,0,0,0,0,0,0,0,0
817,2,2,2,2,2,2,2,2,2,2,2,2,2,2,2,2,2,2,2,2,2
818,2,3,3,3,2,2,2,2,3,3,3,2,2,2,2,3,3,3,2,2,2
819,0,0,0,0,0,0,0,0,0,0,0,0,0,0,0,0,0,0,0,0,0
820,1,1,1,1,1,1,1,1,1,1,1,1,1,1,1,1,1,1,1,1,1
821,0,0,0,0,0,0,0,0,0,0,0,0,0,0,0,0,0,0,0,0,0
822,0,0,0,0,0,0,0,0,0,0,0,0,0,0,0,0,0,0,0,0,0
823,0,0,0,0,0,0,0,0,0,0,0,0,0,0,0,0,0,0,0,0,0
824,812,914,1056,996,885,768,693,878,997,1142,1051,901,767,699,884,982,1098,1006,864,733,658
825,0,0,0,0,0,0,0,0,0,0,0,0,0,0,0,0,0,0,0,0,0
826,0,0,0,0,0,0,0,0,0,0,0,0,0,0,0,0,0,0,0,0,0
827,0,0,0,0,0,0,0,0,0,0,0,0,0,0,0,0,0,0,0,0,0
828,0,0,0,0,0,0,0,0,0,0,0,0,0,0,0,0,0,0,0,0,0
829,1,1,0,0,0,0,1,1,1,0,0,0,0,0,1,1,0,0,0,0,0
830,2,3,2,2,2,1,2,2,3,2,2,2,1,2,2,3,2,2,2,1,2
831,25,27,27,24,22,21,22,25,28,28,26,23,21,22,25,27,26,23,20,18,19
832,0,0,0,0,0,0,0,0,0,0,0,0,0,0,0,0,0,0,0,0,0
833,1,1,1,1,1,1,1,1,1,1,1,1,1,1,1,1,1,1,1,1,1
834,1,1,0,0,0,0,0,0,1,0,0,0,0,0,1,1,0,0,0,0,0
835,0,0,0,0,0,0,0,0,0,0,0,0,0,0,0,0,0,0,0,0,0
836,17,14,12,9,7,7,7,8,9,9,8,6,7,8,11,14,15,15,15,17,19
837,1,1,1,0,0,1,0,1,1,1,0,0,1,0,1,1,1,0,0,1,0
838,4,5,5,4,3,3,2,3,4,5,4,3,3,2,3,4,5,4,3,2,2
839,5,4,4,3,3,2,2,2,3,4,3,3,2,2,2,3,4,3,3,2,2
840,2,2,3,2,1,1,1,2,2,3,2,1,1,1,2,2,3,2,1,1,1
841,2,2,2,1,2,2,2,2,1,1,1,1,2,2,2,1,1,1,1,2,2
842,0,0,0,0,0,0,0,0,0,0,0,0,0,0,0,0,0,0,0,0,0
843,0,0,0,0,0,0,0,0,0,0,0,0,0,0,0,0,0,0,0,0,0
844,0,0,0,0,0,0,0,0,0,0,0,0,0,0,0,0,0,0,0,0,0
845,53,64,69,58,57,45,43,53,64,69,57,57,45,43,53,64,69,57,57,45,43
846,4,4,4,4,3,3,3,4,4,4,4,3,3,3,4,4,4,4,3,3,3
847,208,213,211,184,176,153,162,204,215,219,195,194,180,170,177,174,179,166,174,161,175
848,428,531,502,428,347,308,347,428,531,502,428,347,308,347,428,531,502,428,347,308,347
849,13,13,11,10,8,8,8,11,12,11,10,9,8,9,12,12,11,11,9,8,8
850,34,35,35,30,25,21,26,34,35,35,30,25,21,25,34,35,35,30,25,21,26
851,33,33,30,27,23,20,22,30,31,30,27,23,21,23,32,32,30,27,23,21,23
852,71,69,66,58,53,46,55,71,77,76,67,60,54,64,77,76,74,66,60,57,63
853,4,4,4,3,2,3,3,4,4,4,3,2,3,3,4,4,4,3,2,3,3
854,52,59,59,47,41,35,39,52,59,59,47,40,35,38,51,59,59,47,40,35,39
855,17,17,14,12,11,11,11,13,15,13,11,10,10,10,12,14,12,11,9,10,10
856,32,35,33,26,26,23,27,32,35,33,26,26,23,27,32,35,33,26,26,23,27
857,31,31,27,26,24,21,25,32,37,34,32,28,25,28,33,35,31,28,25,22,24
858,22,22,20,19,18,18,19,23,27,25,23,20,20,20,22,23,20,17,15,15,16
859,12,11,11,9,9,7,8,11,11,11,10,9,8,8,11,11,11,10,9,8,8
860,4,6,6,4,3,3,4,4,6,6,4,3,3,4,4,6,6,4,3,3,4
861,83,95,88,63,61,66,75,88,104,97,70,67,73,83,91,101,90,60,56,63,72
862,134,138,137,121,109,102,98,135,139,135,116,103,99,99,132,132,131,116,105,102,97
863,187,207,195,193,185,176,153,187,209,196,194,186,177,154,188,209,196,194,187,178,154
864,74,80,79,70,65,62,57,74,86,87,73,63,59,55,68,77,79,68,61,60,56
865,31,29,31,29,29,28,28,36,40,43,39,35,32,30,31,27,28,23,20,20,22
866,103,118,118,115,96,79,79,106,121,121,117,97,80,80,107,123,124,120,100,84,83
867,35,36,35,33,30,25,25,33,39,40,37,33,27,29,31,31,31,28,25,21,21
868,35,41,43,36,35,30,34,47,61,64,55,49,41,44,54,61,58,46,42,36,35
869,15,15,19,16,14,12,12,14,17,21,17,15,13,15,16,17,22,19,17,15,16
870,1,1,1,1,1,1,1,1,1,1,1,1,1,1,1,1,1,1,1,1,1
871,17,16,18,17,14,10,10,19,30,31,26,21,20,23,27,22,20,17,15,14,15
872,11,12,13,12,11,8,8,11,12,12,12,10,8,8,11,12,13,12,10,8,8
873,28,32,28,14,10,9,16,27,44,50,42,38,33,33,29,32,33,25,26,25,26
874,34,37,41,36,33,28,26,34,37,40,35,32,27,26,33,37,40,35,32,27,26
875,4,4,4,3,3,2,2,3,3,3,2,2,2,2,3,3,3,3,2,2,2
876,38,41,38,35,33,30,32,37,40,38,35,32,29,30,34,36,34,30,28,26,28
877,0,0,0,0,0,0,0,0,0,0,0,0,0,0,0,0,0,0,0,0,0
878,44,43,38,34,32,26,29,35,36,34,30,28,23,27,28,25,26,24,23,21,22
879,0,0,0,2,3,2,5,0,0,0,2,3,2,5,0,0,0,2,3,2,5
880,2,2,2,3,2,2,2,2,2,2,3,2,2,2,2,2,2,3,2,2,2
881,0,0,0,0,0,0,0,0,0,0,0,0,0,0,0,0,0,0,0,0,0
882,0,0,0,0,0,0,0,0,0,0,0,0,0,0,0,0,0,0,0,0,0
883,0,0,0,0,0,0,0,0,0,0,0,0,0,0,0,0,0,0,0,0,0
884,8,8,9,7,7,6,6,9,8,9,7,7,6,6,8,8,9,7,7,6,6
885,0,0,0,0,0,0,0,0,0,0,0,0,0,0,0,0,0,0,2,5,6
886,0,0,0,0,0,0,0,0,0,0,0,0,0,0,0,0,0,0,0,0,0
887,0,0,0,0,0,0,0,0,0,0,0,0,0,0,0,0,0,0,0,0,0
888,0,0,0,0,0,0,0,0,0,0,0,0,0,0,0,0,0,0,0,0,0
889,3,3,2,2,2,2,2,2,2,2,2,1,2,1,2,2,2,2,2,2,2
890,0,0,0,0,0,0,0,0,0,0,0,0,0,0,0,0,0,0,0,0,0
891,0,0,0,0,0,0,0,0,0,0,0,0,0,0,0,0,0,0,0,0,0
892,0,0,0,0,0,0,0,0,0,0,0,0,0,0,0,0,0,0,0,0,0
893,1,1,1,1,1,1,0,1,1,1,0,0,0,0,1,0,0,0,0,0,0
894,0,0,0,0,0,0,0,0,0,0,0,0,0,0,0,0,0,0,0,0,0
895,13,11,10,10,10,9,10,13,14,15,16,15,16,18,19,16,13,10,8,8,10
896,10,10,10,9,9,7,8,11,12,13,11,9,7,7,10,10,11,10,9,8,9
897,0,0,0,0,0,0,0,0,0,0,0,0,0,0,0,0,0,0,0,0,0
898,35,37,36,34,31,27,28,34,36,36,34,31,27,28,34,36,36,34,31,27,28
899,27,30,28,27,25,23,26,33,37,34,31,27,24,25,28,31,29,28,25,24,25
900,37,37,35,31,28,23,20,29,30,32,29,27,22,19,28,29,31,28,26,22,20
901,2,2,2,2,2,2,2,2,2,2,2,2,2,2,2,2,2,2,2,2,2
902,201,203,199,190,174,160,169,203,214,210,196,172,157,169,197,199,191,179,161,154,163
903,6,5,4,4,4,3,2,3,3,4,4,4,3,3,4,3,4,4,4,3,3
904,28,27,26,21,20,19,17,25,26,25,20,18,17,15,24,26,26,21,20,21,20
905,3,3,3,3,3,2,3,3,3,3,3,3,2,3,3,3,3,3,3,2,3
906,25,25,25,24,21,17,18,21,24,26,25,21,17,18,21,25,27,26,22,18,19
907,5,5,5,4,4,4,3,3,3,4,4,3,3,3,3,3,4,4,4,4,4
908,4,3,4,5,4,4,3,4,3,4,5,4,4,3,4,3,4,5,4,4,3
909,1,1,1,1,1,0,1,1,1,1,1,1,0,1,1,1,1,1,1,0,1
910,12,16,18,18,17,12,5,12,16,18,18,17,12,5,12,16,18,18,17,12,5
911,108,122,123,114,106,93,89,107,126,130,118,106,93,92,107,119,121,109,99,89,89
912,1,1,1,1,1,1,1,1,1,1,1,1,1,1,1,1,1,1,1,1,1
913,6,7,6,4,4,6,4,6,6,5,4,3,5,4,5,6,6,4,3,5,4
914,1,2,3,3,3,2,1,1,2,3,3,3,2,1,1,2,3,3,3,2,1
915,0,1,0,1,1,1,1,0,1,0,1,1,1,1,0,1,0,1,1,1,1
916,0,0,0,0,0,0,0,0,0,0,0,0,0,0,0,0,0,0,0,0,0
917,0,0,0,0,0,0,0,0,0,0,0,0,0,0,0,0,0,0,0,0,0
918,0,0,0,0,0,0,0,0,0,0,0,0,0,0,0,0,0,0,0,0,0
919,0,0,0,0,0,0,0,0,0,0,0,0,0,0,0,0,0,0,0,0,0
920,2,2,2,1,1,1,1,1,1,1,1,1,1,1,1,1,1,1,1,1,1
921,1,1,1,1,1,0,0,1,1,1,1,1,0,0,1,1,1,1,1,0,0
922,3,2,1,1,1,1,1,1,1,1,1,1,1,2,2,2,2,1,1,1,1
923,2,2,1,1,1,1,1,1,1,1,1,1,1,1,1,2,2,2,2,2,2
924,2,2,2,2,2,2,2,2,2,2,2,2,2,2,2,2,2,2,2,2,2
925,7,7,6,6,6,6,6,7,8,8,7,6,6,6,8,8,7,6,5,5,5
926,12,12,11,11,11,10,10,12,13,12,12,11,9,9,10,10,10,10,9,8,8
927,3,3,4,3,2,2,3,3,3,4,3,2,2,3,3,3,4,3,2,2,3
928,9,10,10,9,8,7,7,8,10,10,9,8,7,7,8,10,9,9,8,7,7
929,6,7,6,5,5,4,5,5,6,6,5,5,4,5,5,6,6,5,5,4,4
930,19,19,20,19,18,17,15,19,22,25,24,23,22,20,24,25,24,22,20,19,16
931,6,8,7,7,6,4,5,5,7,7,6,6,4,4,5,7,7,6,6,4,4
932,3,4,4,4,4,3,3,3,4,4,4,4,3,3,3,3,4,4,4,3,2
933,23,25,24,25,23,19,17,22,24,23,24,21,17,16,19,20,19,21,19,16,15
934,1,1,1,1,1,1,1,1,1,1,1,1,1,1,1,1,1,1,1,1,1
935,11,11,11,10,9,8,7,7,9,10,10,9,7,7,8,10,11,11,10,8,8
936,3,3,3,3,3,2,2,3,3,3,3,3,2,2,3,3,3,3,3,2,2
937,1,1,1,1,1,1,1,1,1,1,1,1,1,1,1,1,1,1,1,1,1
938,2,3,2,2,2,2,2,2,3,2,2,2,2,2,2,3,2,2,2,2,2
939,27,29,29,29,25,25,23,27,29,29,29,25,25,23,27,29,29,29,25,25,23
940,0,0,0,0,0,0,0,0,0,0,0,0,0,0,0,0,0,0,0,0,0
941,2,2,2,2,2,2,2,2,2,2,2,2,2,2,2,2,2,2,2,2,2
942,3,4,4,4,4,3,3,3,4,5,4,4,3,3,3,4,5,4,4,3,3
943,3,3,3,2,2,2,2,3,3,3,2,2,2,2,3,3,3,2,2,2,2
944,1,1,1,1,0,0,1,1,1,1,1,0,0,1,1,1,1,1,0,0,1
945,1,2,2,2,1,2,1,1,2,2,2,1,2,1,1,2,2,2,1,2,1
946,0,0,0,0,0,0,0,0,0,0,0,0,0,0,0,0,0,0,0,0,0
947,0,0,0,0,0,0,1,1,1,1,1,0,0,0,0,1,1,1,0,0,1
948,3,3,2,2,2,2,2,3,3,2,2,2,2,2,3,3,2,2,2,2,2
949,0,0,0,0,0,0,0,0,0,0,0,0,0,0,0,0,0,0,0,0,0
950,0,0,0,0,0,0,0,0,0,0,0,0,0,0,0,0,0,0,0,0,0
951,3,3,3,3,3,3,3,3,3,3,3,3,3,3,3,3,3,3,3,3,3
952,1,1,1,1,1,1,1,1,1,1,1,1,1,1,1,1,1,1,0,0,1
953,0,0,0,0,0,0,0,0,0,0,0,0,0,0,0,0,0,0,0,0,0
954,0,0,0,0,0,0,0,0,0,0,0,0,0,0,0,0,0,0,0,0,0
955,0,0,0,0,0,0,0,0,0,0,0,0,0,0,0,0,0,0,0,0,0
956,0,0,0,0,0,0,0,0,0,0,0,0,0,0,0,0,0,0,0,0,0
957,0,0,0,0,0,0,0,0,0,0,0,0,0,0,0,0,0,0,0,0,0
958,1,1,2,2,1,1,1,1,2,2,1,1,1,1,1,2,1,1,1,1,1
959,0,0,0,0,0,0,0,0,0,0,0,0,0,0,0,0,0,0,0,0,0
960,0,0,0,0,0,0,0,0,0,0,0,0,0,0,0,0,0,0,0,0,0
961,0,0,0,0,0,0,0,0,0,0,0,0,0,0,0,0,0,0,0,0,0
962,0,0,0,0,0,0,0,0,0,0,0,0,0,0,0,0,0,0,0,0,0
963,3,3,3,3,3,3,3,3,3,3,3,3,3,3,3,3,3,3,3,3,3
964,5,7,8,8,7,6,4,5,7,8,8,7,6,4,5,7,8,8,7,6,4
965,0,0,0,0,0,0,0,0,0,0,0,0,0,0,0,0,0,0,0,0,0
966,1,1,1,1,1,1,1,1,1,1,1,1,1,1,1,1,1,1,1,1,1
967,53,65,68,55,47,36,36,53,64,68,55,47,36,35,53,64,68,55,47,36,35
968,2,3,2,2,2,1,1,2,3,3,2,2,1,1,2,3,3,2,2,1,1
969,2,1,1,2,1,1,1,1,1,1,1,1,1,1,1,1,1,1,1,1,1
970,1,1,1,1,0,0,1,1,1,1,1,1,1,1,1,1,1,1,0,0,1
971,1,1,1,1,1,0,1,1,1,1,1,1,0,0,1,0,1,1,0,0,0
972,0,0,0,0,0,0,0,0,0,0,0,0,0,0,0,0,0,0,0,0,0
973,7,7,6,6,5,4,5,6,7,7,6,5,4,5,6,7,7,7,5,5,5
974,1,1,1,1,1,1,1,1,1,1,1,1,1,1,1,1,1,1,1,1,1
975,1,1,1,1,0,1,1,1,1,1,0,0,0,0,1,1,1,1,0,0,0
976,3,3,2,2,2,2,2,2,3,2,2,2,2,2,3,3,3,2,2,2,2
977,0,0,0,0,0,0,0,0,0,0,0,0,0,0,0,0,0,0,0,0,0
978,7,8,8,9,8,6,6,7,8,9,9,8,7,6,8,9,9,9,8,7,6
979,1,1,1,1,1,0,1,1,1,1,1,1,0,1,1,1,1,1,1,0,1
980,1,1,1,1,0,0,0,1,1,1,1,0,0,0,1,1,1,1,0,0,0
981,1,1,1,1,1,1,1,1,1,1,1,1,1,1,1,1,1,1,1,1,1
982,1,1,1,1,1,1,1,1,1,2,1,1,1,1,2,2,2,1,1,1,1
983,1,1,1,1,1,1,1,1,1,1,1,1,1,1,1,1,1,1,1,1,1
984,0,0,0,0,0,0,0,0,0,0,0,0,0,0,0,0,0,0,0,0,0
985,1,1,1,1,1,1,1,1,1,1,1,1,1,1,1,1,1,1,1,1,1
986,1,1,1,1,1,1,1,1,1,1,1,1,1,1,1,1,1,1,1,1,1
987,1,2,2,2,2,1,1,1,2,2,2,2,1,1,1,2,2,2,2,1,1
988,7,8,8,7,7,6,5,7,8,9,8,7,6,5,7,8,9,8,7,6,5
989,3,3,3,3,3,2,3,3,3,3,3,3,2,3,3,3,3,3,3,2,3
990,4,5,6,5,4,2,2,4,5,7,5,4,2,2,4,5,6,5,3,2,2
991,79,77,93,112,103,86,90,94,84,87,100,90,77,82,82,71,77,92,86,77,80
992,3,3,3,3,2,2,1,3,3,3,3,2,2,1,3,3,3,3,2,2,2
993,15,17,19,18,16,12,11,15,17,18,17,16,12,11,15,17,18,17,16,12,11
994,2,3,3,3,2,2,2,2,3,3,3,2,2,2,2,3,3,3,2,2,2
995,8,11,11,9,7,7,7,8,11,11,9,7,7,7,8,11,11,9,7,7,7
996,0,0,0,0,0,0,0,0,0,0,0,0,0,0,0,0,0,0,0,0,0
997,24,24,23,22,20,19,20,24,25,24,22,20,18,19,22,21,20,18,17,16,17
998,4,4,5,5,4,4,3,4,4,5,5,4,4,3,4,4,5,5,4,4,3
999,3,3,4,3,3,3,3,3,3,4,3,3,3,3,3,3,3,3,3,3,3
1000,3,3,3,2,2,2,2,2,2,2,2,2,2,2,2,3,2,2,2,2,2
1001,10,13,14,13,11,8,8,10,13,14,14,11,9,8,11,13,15,14,11,9,9
1002,0,0,0,1,1,0,0,0,0,0,1,1,0,0,0,0,0,1,1,0,0
1003,4,5,4,4,4,3,3,4,5,4,4,4,3,3,4,5,4,4,4,3,3
1004,20,21,21,21,22,21,20,24,26,24,23,21,20,20,23,23,21,20,19,19,17
1005,1,1,1,1,1,1,1,1,1,1,1,1,1,1,1,1,1,1,0,1,1
1006,3,3,3,3,2,2,2,3,3,3,3,2,2,2,3,3,3,3,2,2,2
1007,1,1,1,1,1,1,1,1,1,1,1,1,1,1,1,1,1,1,1,1,1
1008,10,13,17,24,20,12,9,10,14,17,24,20,12,9,10,14,17,24,20,12,9
1009,65,68,79,71,68,55,57,68,73,83,75,71,58,60,71,73,82,73,69,56,57
1010,1,1,0,0,0,1,1,1,1,0,0,0,1,1,1,1,0,0,0,1,1
1011,1,1,1,1,1,1,1,1,1,1,1,1,1,1,1,1,1,1,1,1,1
1012,13,13,14,15,14,13,13,15,15,14,13,12,11,11,12,11,11,11,10,11,11
1013,10,12,12,10,9,7,8,10,11,12,11,9,8,8,10,11,12,10,8,7,7
1014,10,9,9,8,7,7,8,9,9,9,8,7,7,8,9,9,9,8,7,7,8
1015,2,2,2,1,1,2,2,2,2,2,1,1,1,2,2,3,2,2,1,2,2
1016,11,11,11,8,7,6,6,10,11,11,8,7,6,6,11,11,11,8,7,6,6
1017,0,0,0,0,0,0,0,0,0,0,0,0,0,0,0,0,0,0,0,0,0
1018,1,1,1,0,0,0,0,1,1,1,0,0,0,0,1,1,1,1,0,0,0
1019,9,11,11,11,9,6,6,9,11,12,12,9,7,6,9,11,12,11,9,6,6
1020,0,0,0,0,0,0,0,0,0,0,0,0,0,0,0,0,0,0,0,0,0
1021,3,4,4,3,3,2,2,3,4,3,3,3,2,2,3,4,3,3,2,2,2
1022,2,2,2,2,2,1,1,2,2,2,2,2,1,1,2,2,2,2,2,1,1
1023,4,4,4,4,3,3,3,4,4,4,4,3,3,3,4,4,5,4,4,4,4
1024,6,7,7,7,6,5,5,6,7,7,7,6,5,5,6,7,7,7,6,5,5
1025,0,0,0,0,0,0,0,0,0,0,0,0,0,0,0,0,0,0,0,0,0
1026,0,0,0,0,0,0,0,0,0,0,0,0,0,0,0,0,0,0,0,0,0
1027,11,12,12,12,9,8,7,10,12,13,12,9,7,7,10,12,13,12,10,9,9
1028,3,3,3,4,3,3,3,3,3,3,4,3,3,3,3,3,3,4,3,3,2
1029,0,0,0,0,0,0,0,0,0,0,0,0,0,0,0,0,0,0,0,0,0
1030,1,1,1,1,0,0,0,1,1,1,1,0,0,0,1,1,1,1,0,0,0
1031,1,1,1,1,0,0,0,1,1,1,1,0,0,0,1,1,1,1,0,0,0
1032,2,3,3,3,2,2,2,2,3,3,3,2,2,2,2,3,3,3,3,2,2
1033,2,1,1,1,1,1,1,1,1,1,1,1,1,1,1,1,1,1,1,1,1
1034,1,1,1,1,1,1,1,1,1,1,1,1,1,1,1,1,1,1,1,1,1
1035,3,3,2,2,2,1,1,2,2,2,2,2,1,1,2,2,2,2,2,1,1
1036,0,0,0,0,0,0,0,0,0,0,0,0,0,0,0,0,0,0,0,0,0
1037,1,1,1,1,1,1,1,1,1,1,1,1,1,1,1,1,1,1,1,1,1
1038,0,0,0,0,0,0,0,0,0,0,0,0,0,0,0,0,0,0,0,0,0
1039,0,0,0,0,0,0,0,0,0,0,0,0,0,0,0,0,0,0,0,0,0
1040,8,10,9,8,7,6,6,8,9,9,8,7,6,6,8,10,9,8,7,6,6
1041,10,8,9,10,11,9,8,9,8,9,10,11,9,8,10,8,10,10,11,9,8
1042,5,5,5,9,7,5,5,5,5,5,9,7,6,5,5,5,5,9,7,6,5
1043,6,6,6,6,5,5,4,6,6,6,7,5,5,5,6,7,6,7,5,5,5
1044,1,1,1,1,1,1,1,1,1,1,1,1,1,1,1,1,1,1,1,1,1
1045,1,2,2,1,1,1,1,1,1,1,1,1,1,1,1,1,1,1,1,1,1
1046,834,934,1055,981,843,711,641,833,986,1132,1028,862,729,655,828,929,1031,948,813,712,660
1047,3,3,3,2,2,2,2,2,3,3,2,2,2,2,3,3,3,3,2,2,2
1048,1,1,1,1,1,1,0,0,0,0,1,1,1,0,0,0,1,1,1,1,0
1049,14,19,17,15,9,6,10,16,21,18,16,9,6,10,16,21,19,17,10,7,11
1050,19,19,19,16,14,16,16,19,19,19,16,13,16,16,19,19,19,16,13,16,16
1051,0,0,0,0,0,0,0,0,0,0,0,0,0,0,0,0,0,0,0,0,0
1052,0,0,0,0,0,0,0,0,0,0,0,0,0,0,0,0,0,0,0,0,0
1053,0,0,0,0,0,0,0,0,0,0,0,0,0,0,0,0,0,0,0,0,0
1054,0,0,0,0,0,0,0,0,0,0,0,0,0,0,0,0,0,0,0,0,0
1055,0,0,0,0,0,0,0,0,0,0,0,0,0,0,0,0,0,0,0,0,0
1056,1,1,1,1,1,1,1,1,1,1,1,1,1,1,1,1,1,1,1,1,1
1057,0,0,0,0,0,0,0,0,0,0,0,0,0,0,0,0,0,0,0,0,0
1058,0,1,1,1,1,1,0,1,1,1,1,1,1,1,1,1,1,1,1,1,1
1059,2,3,3,2,2,2,2,3,3,3,2,2,2,2,3,3,3,2,2,2,2
1060,0,0,0,0,0,0,0,0,0,0,0,0,0,0,0,0,0,0,0,0,0
1061,4,5,7,5,3,2,2,4,5,7,5,3,2,2,4,5,7,5,3,2,2
1062,0,0,0,0,0,0,0,0,0,0,0,0,0,0,0,0,0,0,0,0,0
1063,0,0,0,0,0,0,0,0,0,0,0,0,0,0,0,0,0,0,0,0,0
1064,0,0,0,0,0,0,0,0,0,0,0,0,0,0,0,0,0,0,0,0,0
1065,0,0,0,0,0,0,0,0,0,0,0,0,0,0,0,0,0,0,0,0,0
1066,0,0,0,0,0,0,0,0,0,0,0,0,0,0,0,0,0,0,0,0,0
1067,0,0,0,0,0,0,0,0,0,0,0,0,0,0,0,0,0,0,0,0,0
1068,0,0,0,0,0,0,0,0,0,0,0,0,0,0,0,0,0,0,0,0,0
1069,0,0,0,0,0,0,0,0,0,0,0,0,0,0,0,0,0,0,0,0,0
1070,1,1,1,1,1,1,1,1,1,1,1,1,1,1,1,2,2,1,1,1,1
1071,0,1,0,0,1,0,1,1,1,1,1,1,0,1,1,1,1,1,1,1,1
1072,0,0,0,0,0,0,0,0,0,0,0,0,0,0,0,0,0,0,0,0,0
1073,0,0,0,0,0,0,0,0,0,0,0,0,0,0,0,0,0,0,0,0,0
1074,0,0,0,0,0,0,0,0,0,0,0,0,0,0,0,0,0,0,0,0,0
1075,0,0,0,0,0,0,0,0,0,0,0,0,0,0,0,0,0,0,0,0,0
1076,0,0,0,0,0,0,0,0,0,0,0,0,0,0,0,0,0,0,0,0,0
1077,0,0,0,0,0,0,0,0,0,0,0,0,0,0,0,0,0,0,0,0,0
1078,0,0,0,0,0,0,0,0,0,0,0,0,0,0,0,0,0,0,0,0,0
1079,0,0,0,0,0,0,0,0,0,0,0,0,0,0,0,0,0,0,0,0,0
1080,1,1,1,1,1,1,1,1,1,1,1,1,1,1,1,1,1,1,1,1,1
1081,0,0,0,0,0,0,0,0,0,0,0,0,0,0,0,0,0,0,0,0,0
1082,0,0,0,0,0,0,0,0,0,0,0,0,0,0,0,0,0,0,0,0,0
1083,0,0,0,0,0,0,0,0,0,0,0,0,0,0,0,0,0,0,0,0,0
1084,0,0,0,0,0,0,0,0,0,0,0,0,0,0,0,0,0,0,0,0,0
1085,0,0,0,0,0,0,0,0,0,0,0,0,0,0,0,0,0,0,0,0,0
1086,0,0,0,0,0,0,0,0,0,0,0,0,0,0,0,0,0,0,0,0,0
1087,0,0,0,0,0,0,0,0,0,0,0,0,0,0,0,0,0,0,0,0,0
1088,0,0,0,0,0,0,0,0,0,0,0,0,0,0,0,0,0,0,0,0,0
1089,0,0,0,0,0,0,0,0,0,0,0,0,0,0,0,0,0,0,0,0,0
1090,0,0,0,0,0,0,0,0,0,0,0,0,0,0,0,0,0,0,0,0,0
1091,0,0,0,0,0,0,0,0,0,0,0,0,0,0,0,0,0,0,0,0,0
1092,0,0,0,0,0,0,0,0,0,0,0,0,0,0,0,0,0,0,0,0,0
1093,0,0,0,0,0,0,0,0,0,0,0,0,0,0,0,0,0,0,0,0,0
1094,0,0,0,0,0,0,0,0,0,0,0,0,0,0,0,0,0,0,0,0,0
1095,0,0,0,0,0,0,0,0,0,0,0,0,0,0,0,0,0,0,0,0,0
1096,0,0,0,0,0,0,0,0,0,0,0,0,0,0,0,0,0,0,0,0,0
1097,0,0,0,0,0,0,0,0,0,0,0,0,0,0,0,0,0,0,0,0,0
1098,0,0,0,0,0,0,0,0,0,0,0,0,0,0,0,0,0,0,0,0,0
1099,0,0,0,0,0,0,0,0,0,0,0,0,0,0,0,0,0,0,0,0,0
1100,0,0,0,0,0,0,0,0,0,0,0,0,0,0,0,0,0,0,0,0,0
1101,0,0,0,0,0,0,0,0,0,0,0,0,0,0,0,0,0,0,0,0,0
1102,0,0,0,0,0,0,0,0,0,0,0,0,0,0,0,0,0,0,0,0,0
1103,0,1,1,1,0,0,0,0,1,1,1,0,0,0,0,1,1,1,0,0,0
1104,0,0,0,0,0,0,0,0,0,0,0,0,0,0,0,0,0,0,0,0,0
1105,0,0,0,0,0,0,0,0,0,0,0,0,0,0,0,0,0,0,0,0,0
1106,0,0,0,0,0,0,0,0,0,0,0,0,0,0,0,0,0,0,0,0,0
1107,0,0,0,0,0,0,0,0,0,0,0,0,0,0,0,0,0,0,0,0,0
1108,0,0,0,0,0,0,0,0,0,0,0,0,0,0,0,0,0,0,0,0,0
1109,0,0,0,0,0,0,0,0,0,0,0,0,0,0,0,0,0,0,0,0,0
1110,0,0,0,0,0,0,0,0,0,0,0,0,0,0,0,0,0,0,0,0,0
1111,0,0,0,0,0,0,0,0,0,0,0,0,0,0,0,0,0,0,0,0,0
1112,0,0,0,0,0,0,0,0,0,0,0,0,0,0,0,0,0,0,0,0,0
1113,0,0,0,0,0,0,0,0,0,0,0,0,0,0,0,0,0,0,0,0,0
1114,0,0,0,0,0,0,0,0,0,0,0,0,0,0,0,0,0,0,0,0,0
1115,3,5,8,9,9,10,12,14,15,17,16,13,11,10,10,10,8,6,4,4,4
1116,2,2,3,3,3,2,2,2,3,3,3,3,2,2,2,3,3,3,3,2,2
1117,2,2,2,2,1,2,1,2,2,2,2,1,2,1,2,2,2,2,1,2,1
1118,0,1,1,1,0,1,1,0,1,1,1,0,1,1,0,1,1,1,0,1,1
1119,0,0,0,0,0,0,0,0,0,0,0,0,0,0,0,0,0,0,0,0,0
1120,0,0,0,0,0,0,0,0,0,0,0,0,0,0,0,0,0,0,0,0,0
1121,0,0,0,0,0,0,0,0,0,0,0,0,0,0,0,0,0,0,0,0,0
1122,15,17,17,18,17,15,15,18,20,19,17,14,13,14,15,16,16,16,14,13,13
1123,43,55,63,58,49,41,36,43,55,63,58,49,41,36,43,55,63,58,49,41,36
1124,48,53,56,55,51,45,43,53,57,54,50,44,39,41,48,49,49,48,44,43,40
1125,4,4,4,4,3,3,3,3,4,4,4,3,3,3,3,4,4,3,3,3,3
1126,1,1,1,1,1,1,1,1,1,1,1,1,1,1,1,1,1,1,1,1,1
1127,0,0,0,0,0,0,0,0,0,0,0,0,0,0,0,0,0,0,0,0,0
1128,0,0,0,0,0,0,0,0,0,0,0,0,0,0,0,0,0,0,0,0,0
1129,0,0,0,0,0,0,0,0,0,0,0,0,0,0,0,0,0,0,0,0,0
1130,5,5,4,4,4,3,3,4,4,4,4,4,4,4,4,4,4,4,4,3,3
1131,15,18,17,18,18,17,16,19,21,18,17,16,15,14,15,16,15,14,14,14,12
1132,7,6,5,4,4,3,3,5,5,5,3,3,3,4,5,6,6,5,5,5,5
1133,0,0,0,0,0,0,0,0,0,0,0,0,0,0,0,0,0,0,0,0,0
1134,2,2,2,2,1,1,1,2,2,2,2,1,1,1,2,2,2,2,1,1,1
1135,70,71,77,66,56,48,52,71,71,77,66,56,48,51,70,71,77,66,56,47,51
1136,2,2,2,3,2,2,1,2,2,2,3,2,2,1,2,2,2,3,2,2,2
1137,2,2,2,1,1,1,2,2,2,2,1,2,2,3,4,4,3,3,3,4,4
1138,0,0,0,0,0,0,0,0,0,0,0,0,0,0,0,0,0,0,0,0,0
1139,1,1,2,1,1,1,1,2,2,2,1,1,1,1,2,2,2,1,1,1,1
1140,1,1,1,1,1,1,1,1,1,1,0,1,1,1,1,1,1,0,0,0,0
1141,1,1,1,1,1,1,1,1,1,1,1,1,1,1,1,1,1,1,1,1,1
1142,23,24,25,21,17,20,26,23,24,25,21,17,20,26,23,24,25,21,17,20,26
1143,28,30,29,28,26,24,24,28,30,29,28,26,23,24,28,30,29,28,26,23,24
1144,7,7,6,6,6,5,5,6,6,6,6,5,5,5,6,6,6,6,6,5,5
1145,0,1,1,0,1,0,0,0,1,1,0,1,0,0,0,1,1,0,1,0,0
1146,1,1,1,1,1,0,1,1,1,1,1,1,0,1,1,1,1,1,1,0,0
1147,11,12,11,10,9,8,9,11,12,11,10,9,8,9,11,12,11,10,9,8,9
1148,0,0,0,0,0,0,0,0,0,0,0,0,0,0,0,0,0,0,0,0,0
1149,1,0,0,1,1,1,1,1,0,0,1,1,1,1,1,1,1,1,1,1,1
1150,0,0,0,0,0,0,0,0,0,0,0,0,0,0,0,0,0,0,0,0,0
1151,6,7,7,3,7,6,5,6,7,7,3,7,6,5,6,7,7,3,7,6,5
1152,2,2,2,2,2,2,2,2,2,2,2,2,2,2,2,2,2,2,2,2,2
1153,433,381,459,496,418,372,306,374,310,376,435,418,400,328,389,331,391,426,396,387,326
1154,3,3,3,3,3,4,3,2,2,2,3,3,4,4,5,4,3,4,4,4,4
1155,190,161,155,142,158,172,204,187,157,146,129,146,170,213,198,162,145,124,141,166,201
1156,0,0,0,0,0,0,0,0,0,0,0,0,0,0,0,0,0,0,0,0,0
1157,1,1,1,0,1,1,0,1,1,1,0,1,1,0,1,1,1,0,1,1,0
1158,1,2,2,1,1,1,1,1,2,2,1,1,1,1,1,2,2,1,1,1,1
1159,2,2,2,1,2,2,1,2,2,2,1,2,2,2,2,3,2,1,2,2,2
1160,1,1,1,1,1,0,1,1,1,1,1,1,0,0,1,1,1,1,1,0,0
1161,4,4,3,2,2,2,2,4,4,3,2,2,2,2,4,4,3,2,2,2,2
1162,1,2,2,1,2,2,1,1,2,2,1,2,2,1,1,2,2,1,2,2,1
1163,17,17,15,13,14,16,14,17,16,14,13,14,16,14,17,16,14,13,14,16,14
1164,1,1,1,1,0,0,1,1,1,1,1,1,1,1,1,1,1,1,1,1,1
1165,5,6,6,5,4,4,3,5,5,6,5,4,4,3,5,5,6,5,4,4,3
1166,4,5,7,5,6,5,4,4,5,7,5,6,5,4,4,5,7,5,6,5,4
1167,0,0,0,0,0,0,0,0,0,0,0,0,0,0,0,0,0,0,0,0,0
1168,6,3,2,3,3,2,5,6,3,2,3,3,2,5,6,3,2,3,3,2,5
1169,6,4,3,3,3,2,3,6,4,3,3,3,2,3,6,4,3,3,3,2,4
1170,5,5,4,4,3,4,5,4,4,4,4,3,4,4,4,4,4,3,3,4,4
1171,8,10,9,9,9,8,8,8,10,9,9,9,8,8,8,10,9,9,9,8,8
1172,2,3,3,2,3,2,2,2,3,3,2,3,2,2,2,3,3,2,3,2,2
1173,0,0,0,0,0,0,0,0,0,0,0,0,0,0,0,0,0,0,0,0,0
1174,1,2,2,2,3,2,1,1,2,2,2,3,2,1,1,2,2,2,3,2,1
1175,2,3,2,2,2,2,2,2,3,2,2,2,2,2,2,3,2,2,2,2,2
1176,0,1,1,0,0,0,0,0,1,1,0,0,0,1,1,1,1,1,0,0,0
1177,0,0,0,0,0,0,0,0,0,0,0,0,0,0,0,0,0,0,0,0,0
1178,0,0,0,0,0,0,0,0,0,0,0,0,0,0,0,0,0,0,0,0,0
1179,0,0,0,0,0,0,0,0,0,0,0,0,0,0,0,0,0,0,0,0,0
1180,6,7,8,9,10,7,9,11,12,10,10,10,8,12,14,11,8,8,9,7,10
1181,0,0,0,0,0,0,0,0,0,0,0,0,0,0,0,0,0,0,0,0,0
1182,0,0,0,0,0,0,0,0,0,0,0,0,0,0,0,0,0,0,0,0,0
1183,0,0,0,0,0,0,0,0,0,0,0,0,0,0,0,0,0,0,0,0,0
1184,55,60,64,63,72,70,72,73,69,56,45,49,52,63,69,75,61,45,46,46,49
1185,2,1,1,0,1,1,1,2,1,1,0,1,1,1,2,1,1,0,1,1,1
1186,1,1,1,1,1,1,1,1,1,1,1,1,0,0,1,1,1,1,1,1,1
1187,0,0,0,0,0,0,0,0,0,0,0,0,0,0,0,0,0,0,0,0,0
1188,0,0,0,0,0,0,0,0,0,0,0,0,0,0,0,0,0,0,0,0,0
1189,0,0,0,0,0,0,0,0,0,0,0,0,0,0,0,0,0,0,0,0,0
1190,0,0,0,0,0,0,0,0,0,0,0,0,0,0,0,0,0,0,0,0,0
1191,0,0,0,0,0,0,0,0,0,0,0,0,0,0,0,0,0,0,0,0,0
1192,0,0,0,0,0,0,0,0,0,0,0,0,0,0,0,0,0,0,0,0,0
1193,0,0,0,0,0,0,0,0,0,0,0,0,0,0,0,0,0,0,0,0,0
1194,0,0,0,0,0,0,0,0,0,0,0,0,0,0,0,0,0,0,0,0,0
1195,0,0,0,0,0,0,0,0,0,0,0,0,0,0,0,0,0,0,0,0,0
1196,0,0,0,0,0,0,0,0,0,0,0,0,0,0,0,0,0,0,0,0,0
1197,0,0,0,0,0,0,0,0,0,0,0,0,0,0,0,0,0,0,0,0,0
1198,0,0,0,0,0,0,0,0,0,0,0,0,0,0,0,0,0,0,0,0,0
1199,0,0,0,0,0,0,0,0,0,0,0,0,0,0,0,0,0,0,0,0,0
1200,0,0,0,0,0,0,0,0,0,0,0,0,0,0,0,0,0,0,0,0,0
1201,0,0,0,0,0,0,0,0,0,0,0,0,0,0,0,0,0,0,0,0,0
1202,0,0,0,0,0,0,0,0,0,0,0,0,0,0,0,0,0,0,0,0,0
1203,0,0,0,0,0,0,0,0,0,0,0,0,0,0,0,0,0,0,0,0,0
1204,0,0,0,0,0,0,0,0,0,0,0,0,0,0,0,0,0,0,0,0,0
1205,0,0,0,0,0,0,0,0,0,0,0,0,0,0,0,0,0,0,0,0,0
1206,2,1,1,0,0,1,1,1,1,1,1,1,1,2,2,1,1,1,1,1,1
1207,0,0,0,0,0,0,0,0,0,0,0,0,0,0,0,0,0,0,0,0,0
1208,0,0,0,9,0,0,0,0,0,0,9,0,0,0,0,0,0,9,0,0,0
1209,0,0,0,0,0,0,0,0,0,0,0,0,0,0,0,0,0,0,0,0,0
1210,1,2,2,3,1,1,1,1,2,2,3,1,1,1,1,2,2,3,2,1,1
1211,1,1,1,0,0,1,1,1,0,1,1,1,2,2,3,2,2,1,1,1,1
1212,0,0,0,0,0,0,0,0,0,0,0,0,0,0,0,0,0,0,0,0,0
1213,0,0,0,0,0,0,0,0,0,0,0,0,0,0,0,0,0,0,0,0,0
1214,0,0,0,0,0,0,0,0,0,0,0,0,0,0,0,0,0,0,0,0,0
1215,27,25,22,20,18,18,21,22,22,21,19,18,17,19,21,21,20,18,17,16,19
1216,1,1,1,1,1,1,1,1,1,1,1,1,1,1,1,1,1,1,1,1,1
1217,1,1,1,2,1,1,1,1,1,1,1,1,1,1,1,1,1,1,1,1,1
1218,2,2,2,2,2,2,2,2,2,2,2,2,2,2,2,2,2,2,2,2,2
1219,4,3,3,3,2,3,2,3,3,3,3,2,3,2,3,3,3,2,2,3,2
1220,0,0,0,0,0,0,0,0,0,0,0,0,0,0,0,0,0,0,0,0,0
1221,195,216,217,211,199,167,166,194,218,224,220,211,189,170,161,174,184,204,224,189,172
1222,6,6,6,5,5,5,5,6,6,6,5,5,5,5,6,6,6,5,5,5,5
1223,5,5,5,4,4,3,3,4,4,5,4,4,3,3,5,5,5,5,4,3,3
1224,14,15,15,14,12,10,11,14,15,15,13,11,10,11,14,15,15,13,11,10,10
1225,39,41,39,35,31,29,34,41,46,42,36,32,32,38,39,37,34,32,37,45,44
1226,4,4,4,4,4,3,3,4,4,4,4,4,3,3,4,4,4,3,3,3,3
1227,7,7,8,8,7,6,7,7,8,8,7,6,5,6,6,6,6,5,4,4,4
1228,1,0,0,0,0,0,0,1,0,0,0,0,0,0,1,0,0,0,0,0,0
1229,4,4,4,4,4,3,4,4,4,4,4,4,3,4,4,4,4,4,4,3,4
1230,3,3,3,3,3,2,2,2,3,3,3,2,2,2,2,3,3,3,3,2,2
1231,0,0,0,0,0,0,0,0,0,0,0,0,0,0,0,0,0,0,0,0,0
1232,0,0,1,0,1,0,0,0,0,1,0,1,0,0,0,0,0,0,1,0,0
1233,2,1,1,1,1,1,1,2,1,1,1,1,1,1,2,1,1,1,1,1,1
1234,12,13,15,17,16,11,11,11,13,15,17,16,11,11,11,12,15,17,16,11,11
1235,12,14,13,17,12,9,8,13,14,13,17,12,8,8,13,14,13,17,12,8,8
1236,0,0,0,0,0,0,0,0,0,0,0,0,0,0,0,0,0,0,0,0,0
1237,0,0,0,0,0,0,0,0,0,0,0,0,0,0,0,0,0,0,0,0,0
1238,0,0,0,0,0,0,0,0,0,0,0,0,0,0,0,0,0,0,0,0,0
1239,0,0,0,0,0,0,0,0,0,0,0,0,0,0,0,0,0,0,0,0,0
1240,0,0,0,0,0,0,0,0,0,0,0,0,0,0,0,0,0,0,0,0,0
1241,0,0,0,0,0,0,0,0,0,0,0,0,0,0,0,0,0,0,0,0,0
1242,0,0,0,0,0,0,0,0,0,0,0,0,0,0,0,0,0,0,0,0,0
1243,0,0,0,0,0,0,0,0,0,0,0,0,0,0,0,0,0,0,0,0,0
1244,0,0,0,0,0,0,0,0,0,0,0,0,0,0,0,0,0,0,0,0,0
1245,0,0,0,0,0,0,0,0,0,0,0,0,0,0,0,0,0,0,0,0,0
1246,0,0,0,0,0,0,0,0,0,0,0,0,0,0,0,0,0,0,0,0,0
1247,6,6,5,5,4,3,4,5,5,5,4,4,3,4,5,6,5,5,4,4,4
1248,5,5,5,5,4,3,3,5,6,5,5,4,3,3,5,6,6,5,4,3,3
1249,1,1,1,1,1,1,1,1,1,1,1,1,1,1,1,1,1,1,1,1,1
1250,0,0,0,0,0,0,0,0,0,0,0,0,0,0,0,0,0,0,0,0,0
1251,0,0,0,0,0,0,0,0,0,0,0,0,0,0,0,0,0,0,0,0,0
1252,0,0,0,0,0,0,0,0,0,0,0,0,0,0,0,0,0,0,0,0,0
1253,0,0,0,0,0,0,0,0,0,0,0,0,0,0,0,0,0,0,0,0,0
1254,1,1,1,1,1,1,1,1,1,1,1,1,1,1,1,1,1,1,1,1,1
1255,10,9,8,7,6,5,6,7,7,7,6,5,5,6,7,8,7,6,6,6,6
1256,6,6,5,5,4,4,4,6,6,6,5,5,4,5,6,6,6,5,5,4,5
1257,3,3,3,3,3,3,2,3,3,3,3,3,3,3,3,3,3,3,3,3,2
1258,4,4,4,3,3,2,3,3,3,3,3,3,2,3,3,3,3,3,3,2,3
1259,0,0,0,0,0,0,0,0,0,0,0,0,0,0,0,0,0,0,0,0,0
1260,0,0,0,0,0,0,0,0,0,0,0,0,0,0,0,0,0,0,0,0,0
1261,0,0,0,0,0,0,0,0,0,0,0,0,0,0,0,0,0,0,0,0,0
1262,0,0,0,0,0,0,0,0,0,1,1,1,1,1,1,1,1,1,0,0,0
1263,1,1,1,1,0,0,0,1,1,1,1,0,0,0,1,1,1,1,0,0,0
1264,13,14,14,13,8,7,8,13,14,14,13,7,7,8,13,14,14,13,7,7,8
1265,2,2,2,0,0,0,2,2,2,2,0,0,0,2,2,2,2,0,0,0,2
1266,0,0,0,0,0,0,0,0,0,0,0,0,0,0,0,0,0,0,0,0,0
1267,0,0,0,0,0,0,0,0,0,0,0,0,0,0,0,0,0,0,0,0,0
1268,37,29,35,27,11,12,25,37,28,34,27,11,12,25,37,28,34,27,11,12,25
1269,19,24,19,20,18,12,16,19,24,19,20,18,12,16,19,24,19,20,18,12,16
1270,20,22,20,16,10,12,14,18,20,18,15,9,11,14,18,21,19,15,10,12,14
1271,0,0,0,0,0,0,0,0,0,0,0,0,0,0,0,0,0,0,0,0,0
1272,2,3,3,3,3,3,3,3,3,3,3,3,3,2,2,2,3,3,3,3,2
1273,3,3,3,2,2,2,2,3,3,3,2,2,2,2,3,3,3,2,2,2,2
1274,3,5,6,6,5,4,4,3,5,6,6,5,4,4,3,5,6,6,5,4,4
1275,3,3,3,2,2,2,2,3,3,3,3,2,2,2,3,4,4,3,3,2,2
1276,0,0,0,0,0,0,0,0,0,0,0,0,0,0,0,0,0,0,0,0,0
1277,1,1,1,1,0,1,1,1,1,1,1,1,1,1,1,1,1,1,1,1,1
1278,0,0,0,0,0,0,0,0,0,0,0,0,0,0,0,0,0,0,0,0,0
1279,1,1,1,1,1,1,1,2,2,1,1,1,1,2,2,2,1,1,1,1,2
1280,0,0,0,0,0,0,0,0,0,0,0,0,0,0,0,0,0,0,0,0,0
1281,0,0,0,0,0,0,0,0,0,0,0,0,0,0,0,0,0,0,0,0,0
1282,33,37,36,33,30,26,26,32,34,32,28,25,21,21,27,30,31,28,26,23,22
1283,0,0,0,0,0,0,1,1,1,1,1,0,0,0,0,0,0,0,0,0,0
1284,1,1,1,1,1,1,1,1,1,1,1,1,1,1,1,1,1,1,1,1,1
1285,0,0,0,0,0,0,0,0,0,0,0,0,0,0,0,0,0,0,0,0,0
1286,1,1,1,1,1,1,1,1,1,1,1,1,1,1,1,1,1,1,1,1,1
1287,5,6,6,6,5,5,6,5,6,6,6,5,5,6,5,6,6,6,5,5,6
1288,3,3,3,3,3,3,3,3,3,4,3,4,3,3,3,4,4,4,4,3,3
1289,0,0,0,0,0,0,0,0,0,0,0,0,0,0,0,0,0,0,0,0,0
1290,10,8,8,7,6,5,5,6,6,6,6,5,6,6,6,6,6,5,4,4,4
1291,0,0,0,0,0,0,0,0,0,0,0,0,0,0,0,0,0,0,0,0,0
1292,0,0,0,0,0,0,0,0,0,0,0,0,0,0,0,0,0,0,0,0,0
1293,0,0,0,0,0,0,0,0,0,0,0,0,0,0,0,0,0,0,0,0,0
1294,0,0,0,0,0,0,0,0,0,0,0,0,0,0,0,0,0,0,0,0,0
1295,1,1,1,1,1,1,1,1,1,1,1,1,1,1,1,1,1,1,1,1,1
1296,38,36,37,35,32,32,33,41,40,40,37,34,35,36,42,39,35,30,25,23,22
1297,2,2,2,1,1,1,1,2,2,2,1,1,1,1,2,2,2,1,1,1,1
1298,18,18,17,17,15,14,15,21,22,21,21,19,18,21,24,22,19,17,14,12,11
1299,36,37,36,32,30,28,31,37,39,36,31,29,29,33,36,33,29,22,19,17,17
1300,0,0,0,0,0,0,0,0,0,0,0,0,0,0,0,0,0,0,0,0,0
1301,9,8,7,6,5,6,7,9,8,7,6,5,5,7,9,8,7,6,4,5,7
1302,0,1,1,1,1,1,1,1,1,1,1,1,1,1,1,1,1,1,1,1,1
1303,0,0,0,1,1,1,0,0,0,0,1,1,1,0,0,0,0,1,1,1,0
1304,0,0,0,0,0,0,0,0,0,0,0,0,0,0,0,0,0,0,0,0,0
1305,1,1,1,1,1,1,1,1,1,1,1,1,1,1,1,1,1,1,1,1,1
1306,0,0,0,0,0,0,0,0,0,0,0,0,0,0,0,0,0,0,0,0,0
1307,0,0,0,0,0,0,0,0,0,0,0,0,0,0,0,0,0,0,0,0,0
1308,17,17,18,15,15,13,12,13,12,14,13,15,13,9,7,7,10,9,8,7,7
1309,14,14,13,13,13,12,13,14,14,14,14,14,13,14,15,14,14,14,15,15,15
1310,5,4,3,3,3,3,3,4,4,3,3,2,2,3,4,4,3,3,2,2,3
1311,4,4,4,3,2,2,2,3,3,4,3,2,2,3,3,4,4,4,3,3,4
1312,3,3,3,3,2,2,2,3,3,2,2,2,2,2,3,3,2,3,2,2,2
1313,1,1,1,0,0,1,1,1,1,1,0,0,1,1,1,1,1,0,0,1,1
1314,0,0,0,0,0,0,0,0,0,0,0,0,0,0,0,0,0,0,0,0,0
1315,0,0,0,0,0,0,0,0,0,0,0,0,0,0,0,0,0,0,0,0,0
1316,9,7,5,5,4,5,5,7,6,4,4,4,4,6,8,7,5,5,5,6,6
1317,2,2,2,2,3,2,2,2,2,2,2,2,2,2,2,2,2,2,3,2,2
1318,0,0,0,0,0,0,0,0,0,0,0,0,0,0,0,0,0,0,0,0,0
1319,1,2,2,2,2,1,1,1,2,2,2,2,1,1,1,2,2,2,2,1,1
1320,0,0,0,0,0,0,0,0,0,0,0,0,0,0,0,0,0,0,0,0,0
1321,0,0,0,0,0,0,0,0,0,0,0,0,0,0,0,0,0,0,0,0,0
1322,0,0,0,0,0,0,0,0,0,0,0,0,0,0,0,0,0,0,0,0,0
1323,0,0,0,0,0,0,0,0,0,0,1,1,1,1,0,0,0,0,0,0,0
1324,0,0,0,0,0,0,0,0,0,0,0,0,0,0,0,0,0,0,0,0,0
1325,1,2,1,1,1,1,1,1,2,1,1,1,1,1,1,2,1,1,1,1,1
1326,0,0,0,0,0,0,0,0,0,0,0,0,0,0,0,0,0,0,0,0,0
1327,2,2,2,2,1,1,1,2,2,2,2,1,1,1,2,2,2,2,1,1,1
1328,42,43,46,44,36,30,29,39,47,55,54,44,37,35,42,45,50,49,41,38,39
1329,5,5,7,6,6,5,6,5,5,7,6,6,5,6,5,5,7,6,6,5,6
1330,0,0,0,0,0,0,0,0,0,0,0,0,0,0,0,0,0,0,0,0,0
1331,34,35,34,32,30,26,26,31,33,35,33,32,30,30,28,25,26,25,24,23,25
1332,5,5,5,4,4,3,3,4,4,4,4,3,3,4,4,5,5,5,4,4,4
1333,0,0,0,0,0,0,0,0,0,0,0,0,0,0,0,0,0,0,0,0,0
1334,0,0,1,0,0,0,0,1,1,1,0,0,0,0,1,1,1,0,0,0,1
1335,0,0,0,0,0,0,0,0,0,0,0,0,0,0,0,0,0,0,0,0,0
1336,0,0,0,0,0,0,0,0,0,0,0,0,0,0,0,0,0,0,0,0,0
1337,8,7,7,6,6,5,6,6,7,7,6,6,5,6,7,7,7,6,6,6,6
1338,6,6,5,6,5,4,5,6,6,6,6,5,5,5,6,6,6,6,5,5,6
1339,3,3,3,3,3,3,3,3,3,3,3,3,3,3,3,3,3,3,3,3,3
1340,0,0,0,0,0,0,0,0,0,0,0,0,0,0,0,0,0,0,0,0,0
1341,0,0,0,0,0,0,0,0,0,0,0,0,0,0,0,0,0,0,0,0,0
1342,1,1,1,2,1,1,1,1,2,2,2,2,1,1,1,2,2,2,2,1,1
1343,5,5,6,4,3,3,4,5,5,6,4,3,3,4,5,5,6,4,3,3,4
1344,0,0,0,0,0,0,0,0,0,0,0,0,0,0,0,0,0,0,0,0,0
1345,0,0,0,0,0,0,0,0,0,0,0,0,0,0,0,0,0,0,0,0,0
1346,3,3,3,3,2,2,2,3,3,3,2,2,2,2,3,3,3,2,2,2,2
1347,2,3,3,3,2,2,2,2,3,3,3,2,2,2,2,3,3,3,2,2,2
1348,0,0,0,0,0,0,0,0,0,0,0,0,0,0,0,0,0,0,0,0,0
1349,0,0,0,0,0,0,0,0,0,0,0,0,0,0,0,0,0,0,0,0,0
1350,0,0,0,0,0,0,0,0,0,0,0,0,0,0,0,0,0,0,0,0,0
1351,0,0,0,0,0,0,0,0,0,0,0,0,0,0,0,0,0,0,0,0,0
1352,0,0,0,0,0,0,0,0,0,0,0,0,0,0,0,0,0,0,0,0,0
1353,0,0,0,0,0,0,0,0,0,0,0,0,0,0,0,0,0,0,0,0,0
1354,0,0,0,0,0,0,0,0,0,0,0,0,0,0,0,0,0,0,0,0,0
1355,0,0,0,0,0,0,0,0,0,0,0,0,0,0,0,0,0,0,0,0,0
1356,0,0,0,0,0,0,0,0,0,0,0,0,0,0,0,0,0,0,0,0,0
1357,0,0,0,0,0,0,0,0,0,0,0,0,0,0,0,0,0,0,0,0,0
1358,0,0,0,0,0,0,0,0,0,0,0,0,0,0,0,0,0,0,0,0,0
1359,0,0,0,0,0,0,0,0,0,0,0,0,0,0,0,0,0,0,0,0,0
1360,87,85,87,72,50,49,70,87,85,86,72,50,49,69,87,85,86,72,50,49,69
1361,0,0,0,0,0,0,0,0,0,0,0,0,0,0,0,0,0,0,0,0,0
1362,0,0,0,0,0,0,0,0,0,0,0,0,0,0,0,0,0,0,0,0,0
1363,0,0,0,0,0,0,0,0,0,0,0,0,0,0,0,0,0,0,0,0,0
1364,4,4,4,4,3,3,3,4,4,4,4,4,3,4,5,5,4,4,3,3,4
1365,2,2,3,2,2,2,2,2,2,2,2,1,2,2,2,2,2,2,2,2,2
1366,1,1,1,1,1,1,1,1,1,1,1,1,1,1,1,1,1,1,1,1,1
1367,2,2,1,1,1,1,1,1,1,1,1,1,1,1,1,1,1,1,1,1,1
1368,0,0,0,0,0,0,0,0,0,0,0,0,0,0,0,0,0,0,0,0,0
1369,5,2,2,3,4,6,5,5,1,2,3,4,6,5,5,1,2,3,4,6,5
1370,0,0,0,1,1,2,2,2,2,2,2,1,1,1,2,2,2,2,1,1,1
1371,0,0,0,0,0,0,0,0,0,0,0,0,0,0,0,0,0,0,0,0,0
1372,9,8,8,9,8,7,7,7,8,8,9,8,7,6,6,7,8,9,8,8,8
1373,13,13,10,11,9,9,12,13,13,10,11,9,9,12,13,13,10,11,9,9,12
1374,1,1,1,1,1,1,1,1,1,1,1,1,1,1,1,1,1,1,1,1,1
1375,3,3,4,2,2,2,2,3,3,4,2,2,2,2,3,3,4,2,2,2,2
1376,0,0,0,0,0,0,0,0,0,0,0,0,0,0,0,0,0,0,0,0,0
1377,0,0,0,0,0,0,0,0,0,0,0,0,0,0,0,0,0,0,0,0,0
1378,1,2,2,2,2,2,2,2,2,2,2,2,2,1,1,1,1,2,1,1,1
1379,3,3,2,2,2,1,2,3,3,2,2,2,1,2,3,3,2,2,2,1,2
1380,1,1,2,1,1,1,1,1,1,2,1,1,1,1,1,1,2,1,1,1,1
1381,2,2,3,3,3,2,2,2,2,3,3,3,2,2,2,3,3,3,3,2,2
1382,1,2,2,2,1,1,1,1,2,2,2,1,1,1,1,2,2,2,1,1,1
1383,10,11,11,9,8,7,7,9,10,11,10,8,7,7,9,11,11,10,8,7,7
1384,8,8,9,7,6,7,7,8,8,9,7,6,7,7,8,8,9,7,6,7,7
1385,0,0,0,0,0,0,0,0,1,0,1,0,0,0,0,1,1,0,0,0,0
1386,0,0,0,0,0,0,0,0,0,0,0,0,0,0,0,0,0,0,0,0,0
1387,0,0,0,0,0,0,0,0,0,0,0,0,0,0,0,0,0,0,0,0,0
1388,0,0,0,0,0,0,0,0,0,0,0,0,0,0,0,0,0,0,0,0,0
1389,2,2,3,3,3,2,2,2,2,3,3,2,2,2,2,2,2,3,2,2,2
1390,4,4,4,3,3,3,3,3,3,4,3,3,2,2,3,3,3,3,2,2,2
1391,6,6,6,5,4,4,4,5,5,5,5,4,4,4,5,5,5,5,4,4,4
1392,7,7,6,6,5,5,4,5,6,6,5,4,5,4,6,6,6,5,5,5,5
1393,0,0,0,0,0,0,0,0,0,0,0,0,0,0,0,0,0,0,0,0,0
1394,0,0,0,0,0,0,0,0,0,0,0,0,0,0,0,0,0,0,0,0,0
1395,3,4,4,4,4,3,3,4,4,4,4,4,3,3,4,5,4,4,4,3,3
1396,7,9,11,9,8,5,4,7,9,11,9,8,5,4,7,9,11,9,8,5,4
1397,0,0,0,0,0,0,0,0,0,0,0,0,0,0,0,0,0,0,0,0,0
1398,0,0,0,0,0,0,0,0,0,0,0,0,0,0,0,0,0,0,0,0,0
1399,0,0,0,0,0,0,0,0,0,0,0,0,0,0,0,0,0,0,0,0,0
1400,8,9,9,8,9,7,8,8,9,9,8,9,7,8,8,9,9,8,9,7,8
1401,0,0,0,0,0,0,0,0,0,0,0,0,0,0,0,0,0,0,0,0,0
1402,7,7,7,6,6,5,5,6,6,7,6,6,5,5,6,7,7,6,6,5,5
1403,20,21,21,20,18,14,15,16,19,19,18,17,14,14,16,19,20,19,18,15,15
1404,26,27,26,23,21,18,18,22,24,25,23,20,18,18,22,24,26,24,21,19,19
1405,5,6,6,6,5,4,4,5,5,6,6,5,4,4,5,6,6,6,5,4,4
1406,0,0,0,0,0,0,0,0,1,1,0,0,0,0,1,1,1,0,0,0,0
1407,0,0,0,0,0,0,0,0,0,0,0,0,0,0,0,0,0,0,0,0,0
1408,0,0,0,0,0,0,0,0,0,0,0,0,0,0,0,0,0,0,0,0,0
1409,0,0,0,0,0,0,0,0,0,0,0,0,0,0,0,0,0,0,0,0,0
1410,0,0,0,0,0,0,0,0,0,0,0,0,0,0,0,0,0,0,0,0,0
1411,0,0,0,0,0,0,0,0,0,0,0,0,0,0,0,0,0,0,0,0,0
1412,0,0,0,0,0,0,0,0,0,0,0,0,0,0,0,0,0,0,0,0,0
1413,0,0,0,0,0,0,0,0,0,0,0,0,0,0,0,0,0,0,0,0,0
1414,0,0,0,0,0,0,0,0,0,0,0,0,0,0,0,0,0,0,0,0,0
1415,42,46,45,42,38,32,31,37,43,44,41,36,31,31,36,41,42,40,36,31,30
1416,10,10,11,10,9,8,8,10,11,11,10,9,8,7,9,10,11,10,9,8,7
1417,26,35,37,32,25,21,21,26,35,37,32,25,21,21,26,34,37,32,25,21,21
1418,1,1,1,1,1,1,1,1,1,1,1,1,1,1,1,1,1,1,1,1,1
1419,0,0,0,0,0,0,0,0,0,0,0,0,0,0,0,0,0,0,0,0,0
1420,0,0,0,0,0,0,0,0,0,0,0,0,0,0,0,0,0,0,0,0,0
1421,6,6,7,6,5,5,5,6,6,7,6,5,5,5,6,6,7,6,5,5,5
1422,4,4,4,3,2,2,2,3,3,3,2,2,2,2,3,4,4,3,2,2,2
1423,1,1,1,1,1,1,1,1,1,1,1,1,1,1,1,1,1,1,1,1,1
1424,1,1,1,1,1,1,1,1,1,1,1,1,1,1,1,1,1,1,1,1,1
1425,4,5,4,4,4,3,3,4,5,4,4,4,3,3,4,5,4,4,4,3,3
1426,4,4,4,4,4,3,3,4,4,4,4,4,3,3,4,4,4,4,4,3,3
1427,2,2,1,1,1,1,1,2,2,1,1,1,1,1,2,2,1,1,1,1,1
1428,0,1,1,0,0,0,0,0,1,1,0,0,0,0,0,1,1,0,0,0,0
1429,3,3,3,3,2,2,2,3,3,3,3,2,2,2,3,3,3,3,2,2,2
1430,28,31,30,30,33,25,22,26,28,28,28,32,24,21,24,26,26,26,30,23,19
1431,2,2,2,2,2,1,1,2,2,2,2,2,1,1,2,3,2,2,2,1,2
1432,17,18,17,15,13,11,11,13,15,16,14,12,11,11,13,15,16,15,13,12,12
1433,5,5,5,4,4,3,4,5,5,5,4,4,3,4,5,5,5,4,4,3,4
1434,0,0,0,0,0,0,0,0,0,0,0,0,0,0,0,0,0,0,0,0,0
1435,0,0,0,0,0,0,0,0,0,0,0,0,0,0,0,0,0,0,0,0,0
1436,0,0,0,0,0,0,0,0,0,0,0,0,0,0,0,0,0,0,0,0,0
1437,0,0,0,0,0,0,0,0,0,0,0,0,0,0,0,0,0,0,0,0,0
1438,0,0,0,0,0,0,0,0,0,0,0,0,0,0,0,0,0,0,0,0,0
1439,1,1,1,1,1,1,1,1,1,1,1,1,1,0,1,1,1,1,1,1,0
1440,0,0,0,0,0,0,0,0,0,0,0,0,0,0,0,0,0,0,0,0,0
1441,0,0,0,0,0,0,0,0,0,0,0,0,0,0,0,0,0,0,0,0,0
1442,0,0,0,0,0,0,0,0,0,0,0,0,0,0,0,0,0,0,0,0,0
1443,0,0,0,0,0,0,0,0,0,0,0,0,0,0,0,0,0,0,0,0,0
1444,0,0,0,0,0,0,0,0,0,0,0,0,0,0,0,0,0,0,0,0,0
1445,0,1,3,6,8,4,1,0,0,0,0,0,0,0,0,0,0,0,0,0,0
1446,0,0,0,0,0,0,0,0,0,0,0,0,0,0,0,0,0,0,0,0,0
1447,0,0,0,0,0,0,0,0,0,0,0,0,0,0,0,0,0,0,0,0,0
1448,0,0,0,0,0,0,0,0,0,0,0,0,0,0,0,0,0,0,0,0,0
1449,0,0,0,0,0,0,0,0,0,0,0,0,0,0,0,0,0,0,0,0,0
1450,0,0,0,0,0,0,0,0,0,0,0,0,0,0,0,0,0,0,0,0,0
1451,0,0,0,0,0,0,0,0,0,0,0,0,0,0,0,0,0,0,0,0,0
1452,1,1,1,1,1,1,1,1,1,1,1,1,1,1,1,1,1,1,1,1,1
1453,1,1,0,0,0,0,2,1,1,0,0,0,0,2,1,1,0,0,0,0,2
1454,11,11,9,9,8,7,8,9,10,10,7,5,5,6,7,8,7,6,5,5,6
1455,0,0,0,0,0,0,0,0,0,0,0,0,0,0,0,0,0,0,0,0,0
1456,0,0,1,1,0,0,0,1,0,1,1,0,0,0,0,0,1,1,0,0,0
1457,26,22,21,22,21,22,25,28,20,15,11,10,14,17,14,6,7,8,10,17,21
1458,5,2,1,1,0,1,1,3,1,1,1,1,1,1,3,0,0,0,0,1,1
1459,2,1,1,0,0,0,0,0,0,0,0,0,0,1,1,1,1,1,1,1,1
1460,2,2,2,2,2,2,2,2,2,2,2,2,2,2,2,2,2,2,1,1,1
1461,3,4,3,3,3,2,2,3,4,3,3,3,2,2,3,4,3,3,3,2,2
1462,0,0,0,0,0,0,0,0,0,0,0,0,0,0,0,0,0,0,0,0,0
1463,2,2,2,2,1,1,2,2,2,2,2,1,2,2,2,2,2,2,2,2,2
1464,0,0,0,0,0,0,0,0,0,0,0,0,0,0,0,0,0,0,0,0,0
1465,0,0,0,0,0,0,0,0,0,0,0,0,0,0,0,0,0,0,0,0,0
1466,23,26,28,26,24,22,23,29,33,33,28,23,20,21,24,25,24,21,18,18,18
1467,1,1,1,1,1,1,1,1,1,1,1,1,1,1,1,1,1,1,1,1,1
1468,2,3,3,3,2,2,2,2,2,2,2,2,2,2,2,2,2,2,2,2,2
1469,0,0,0,0,0,0,0,0,0,0,0,0,0,0,0,0,0,0,0,0,0
1470,0,0,0,0,0,0,0,0,0,0,0,0,0,0,0,0,0,0,0,0,0
1471,0,0,0,0,0,0,0,0,0,0,0,0,0,0,0,0,0,0,0,0,0
1472,0,0,0,0,0,0,0,0,0,0,0,0,0,0,0,0,0,0,0,0,0
1473,0,0,0,0,0,0,0,0,0,0,0,0,0,0,0,0,0,0,0,0,0
1474,0,0,0,0,0,0,0,0,0,0,0,0,0,0,0,0,0,0,0,0,0
1475,0,0,1,1,0,0,0,0,1,1,1,1,0,1,1,1,1,1,0,0,0
1476,0,0,0,0,0,0,0,0,0,0,0,0,0,0,0,0,0,0,0,0,0
1477,5,5,5,5,4,3,4,5,5,5,4,3,3,3,5,5,5,4,3,3,4
1478,0,0,0,0,0,0,0,0,0,0,0,0,0,0,0,0,0,0,0,0,0
1479,2,2,2,2,2,2,2,2,2,2,2,2,2,2,2,2,2,2,2,2,2
1480,4,5,6,5,4,5,4,5,5,6,5,4,5,4,5,5,6,5,4,5,4
1481,21,23,24,23,22,20,21,24,28,30,27,24,22,22,24,27,27,24,23,22,22
1482,48,49,51,50,45,42,42,48,49,50,49,44,42,42,48,49,50,49,44,42,42
1483,25,25,26,25,23,21,23,28,29,30,27,23,22,24,26,22,21,20,19,20,23
1484,1,0,0,0,0,0,0,0,1,1,1,0,0,1,1,1,1,1,1,1,1
1485,1,2,2,2,1,1,1,2,2,2,2,1,1,1,2,2,2,2,1,1,1
1486,0,0,0,0,0,0,0,0,0,0,0,0,0,0,0,0,0,0,0,0,0
1487,9,12,11,18,15,11,6,11,14,12,18,15,12,7,10,12,11,18,15,10,5
1488,2,2,3,2,2,1,2,1,1,2,1,2,1,1,1,1,2,1,2,1,1
1489,0,0,0,0,0,0,0,0,0,0,0,0,0,0,0,0,0,0,0,0,0
1490,66,69,69,69,68,60,58,65,68,68,68,67,57,48,46,48,54,58,63,62,56
1491,10,8,9,9,11,8,8,10,8,9,9,11,8,8,10,8,9,9,11,8,8
1492,49,52,46,46,35,39,38,48,51,45,45,34,39,38,48,51,45,45,35,39,38
1493,0,0,1,0,0,0,0,0,0,1,0,0,0,0,0,0,1,0,0,0,0
1494,0,0,0,0,0,0,0,0,0,0,0,0,0,0,0,0,0,0,0,0,0
1495,0,0,0,0,0,0,0,0,0,0,0,0,0,0,0,0,0,0,0,0,0
1496,10,10,10,9,8,7,8,10,11,11,10,9,8,9,10,10,10,9,7,7,8
1497,1,1,1,1,1,1,1,1,1,1,1,1,1,1,1,1,1,1,1,1,1
1498,0,0,0,0,0,0,0,0,0,0,0,0,0,0,0,0,0,0,0,0,0
1499,0,1,1,0,0,0,0,0,1,1,0,0,0,0,0,1,1,1,1,1,1
1500,4,6,6,5,5,5,5,5,6,6,5,5,5,5,5,6,6,6,6,6,6
1501,1,2,2,2,2,1,1,2,2,2,2,2,1,1,2,2,2,2,2,1,2
1502,9,11,11,10,9,8,8,9,11,11,10,9,8,8,9,11,11,10,9,8,8
1503,1,2,2,2,1,1,1,1,2,2,2,1,1,1,1,2,2,2,1,1,1
1504,1,2,2,2,1,1,1,1,2,2,2,1,1,1,1,2,2,2,1,1,1
1505,0,0,0,0,0,0,0,0,0,0,0,0,0,0,0,0,0,0,0,0,0
1506,14,15,15,14,14,12,12,13,15,15,14,14,12,12,13,15,15,15,14,12,12
1507,0,0,0,0,0,0,0,0,0,0,0,0,0,0,0,0,0,0,0,0,0
1508,1,1,1,1,1,1,1,1,1,1,1,1,1,1,1,1,1,1,1,1,1
1509,1,1,1,1,1,1,1,1,1,1,1,1,1,1,1,1,1,1,1,1,1
1510,4,5,5,4,4,4,4,4,5,5,5,5,4,4,4,5,5,5,4,4,4
1511,1,1,1,2,1,1,1,1,1,1,2,1,1,1,1,1,1,2,1,1,1
1512,1,1,1,1,1,0,1,1,1,1,1,1,1,1,1,1,1,1,1,1,1
1513,4,5,6,5,4,4,4,5,6,6,5,4,4,4,5,5,6,5,4,4,4
1514,3,3,3,3,2,2,2,3,3,3,3,2,2,2,3,3,3,3,2,2,2
1515,1,1,1,1,1,1,1,1,1,1,1,1,1,1,1,1,1,1,1,1,1
1516,4,4,4,3,3,3,3,3,4,4,3,3,3,3,3,4,3,3,3,3,3
1517,3,3,3,3,3,2,2,3,3,3,3,3,2,2,3,3,3,3,3,2,2
1518,9,8,7,6,6,5,5,6,7,7,7,5,5,5,5,5,6,5,4,4,4
1519,1,1,1,1,1,1,1,1,1,1,1,1,1,1,1,1,1,2,1,1,1
1520,4,4,4,3,3,3,3,3,3,3,3,3,3,3,3,3,3,3,3,2,3
1521,4,3,3,3,3,2,2,3,3,3,3,2,2,2,2,2,2,2,2,2,2
1522,1,1,1,1,1,1,1,1,1,1,1,1,1,1,1,1,1,1,1,0,1
1523,2,3,4,3,3,3,2,2,3,4,3,3,3,2,2,3,4,3,3,3,2
1524,0,0,0,0,0,0,0,0,0,0,0,0,0,0,0,0,0,0,0,0,0
1525,0,0,0,0,0,0,0,0,0,0,0,0,0,0,0,0,0,0,0,0,0
1526,0,0,0,0,0,0,0,0,0,0,0,0,0,0,0,0,0,0,0,0,0
1527,0,0,0,0,0,0,0,0,0,0,0,0,0,0,1,1,1,1,1,1,1
1528,0,0,0,0,0,0,0,1,1,0,0,0,0,0,1,1,0,0,0,0,0
1529,0,0,0,0,0,0,0,0,0,0,0,0,0,0,0,0,0,0,0,0,0
1530,0,0,0,0,0,0,0,0,0,0,0,0,0,0,0,0,0,0,0,0,0
1531,10,10,10,9,8,7,7,10,10,9,8,7,6,6,8,7,7,6,5,5,6
1532,7,7,7,7,6,6,6,7,7,7,7,6,5,6,6,6,6,5,4,4,4
1533,0,0,0,0,0,0,0,0,0,0,0,0,0,0,0,0,0,0,0,0,0
1534,3,2,2,2,1,1,1,1,1,1,1,1,1,1,1,1,1,1,1,1,1
1535,10,14,15,19,17,19,16,10,14,15,19,17,19,16,10,14,15,19,17,19,16
1536,62,59,55,50,50,46,52,62,61,57,51,50,47,52,62,61,57,52,52,48,54
1537,0,0,0,0,0,0,0,1,0,1,0,0,0,0,1,1,1,0,1,1,1
1538,0,0,0,0,0,0,0,0,0,0,0,0,0,0,0,0,0,0,0,0,0
1539,0,0,0,0,0,0,0,0,0,0,0,0,0,0,0,0,0,0,0,0,0
1540,1,1,1,1,1,1,1,1,1,1,1,1,1,1,1,1,1,1,1,1,1
1541,0,0,0,0,0,0,0,0,0,0,0,0,0,0,0,0,0,0,0,0,0
1542,2,2,2,2,2,1,2,2,2,2,2,2,1,2,2,2,2,2,2,1,2
1543,0,0,0,0,0,0,0,0,0,0,0,0,0,0,0,0,0,0,0,0,0
1544,73,96,92,87,81,69,60,73,96,92,87,81,69,60,73,96,92,87,81,69,60
1545,0,0,0,0,0,0,0,0,0,0,0,0,0,0,0,0,0,0,0,0,0
1546,0,0,0,0,0,0,0,0,0,0,0,0,0,0,0,0,0,0,0,0,0
1547,0,0,0,0,0,0,0,0,0,0,0,0,0,0,0,0,0,0,0,0,0
1548,2,2,3,3,2,2,2,2,2,3,3,2,2,2,2,2,3,3,3,2,2
1549,4,4,6,5,5,4,4,4,4,5,5,5,4,4,4,4,5,5,5,4,4
1550,0,0,0,0,0,0,0,0,0,0,0,0,0,0,0,0,0,0,0,0,0
1551,0,0,0,0,0,0,0,0,0,0,0,0,0,0,0,0,0,0,0,0,0
1552,0,0,0,0,0,0,0,0,0,0,0,0,0,0,0,0,0,0,0,0,0
1553,0,0,0,0,0,0,0,0,0,0,0,0,0,0,0,0,0,0,0,0,0
1554,0,0,0,0,0,0,0,0,0,0,0,0,0,0,0,0,0,0,0,0,0
1555,3,2,2,7,9,5,2,3,2,2,7,9,5,2,3,2,2,7,9,5,2
1556,3,3,3,3,3,3,3,3,3,3,3,3,3,3,3,3,3,3,3,3,3
1557,11,13,12,10,9,8,9,12,13,12,10,9,8,9,11,13,12,10,9,8,9
1558,24,29,31,29,28,25,20,24,29,31,29,28,25,20,25,29,31,29,28,25,20
1559,9,13,14,13,10,8,7,9,13,14,13,10,8,7,9,13,14,13,10,8,7
1560,26,31,31,30,27,22,21,26,31,31,30,27,22,21,26,31,31,30,27,22,21
1561,9,10,10,9,8,7,7,10,10,10,9,8,7,7,10,10,10,9,8,7,7
1562,5,5,6,5,4,4,4,5,5,5,5,4,4,4,5,5,6,5,4,4,4
1563,0,0,0,0,0,0,0,0,0,0,0,0,0,0,0,0,0,0,0,0,0
1564,6,7,7,7,5,5,5,6,7,7,6,5,5,5,6,7,7,6,5,5,5
1565,0,0,0,0,0,0,0,0,0,0,0,0,0,0,0,0,0,0,0,0,0
1566,0,0,0,0,0,0,0,0,0,0,0,0,0,0,0,0,0,0,0,0,0
1567,0,0,0,0,0,0,0,0,0,0,0,0,0,0,0,0,0,0,0,0,0
1568,32,28,25,24,22,22,27,31,28,25,24,23,23,27,31,27,25,24,22,22,27
1569,20,22,22,22,20,18,18,20,22,22,22,20,20,21,22,23,21,19,17,16,17
1570,0,0,0,0,0,0,0,0,0,0,0,0,0,0,0,0,0,0,0,0,0
1571,0,0,0,0,0,0,0,0,0,0,0,0,0,0,0,0,0,0,0,0,0
1572,0,0,0,0,0,0,0,0,0,0,0,0,0,0,0,0,0,0,0,0,0
1573,0,0,0,0,0,0,0,0,0,0,0,0,0,0,0,0,0,0,0,0,0
1574,6,5,5,5,5,5,5,6,5,5,5,5,5,5,6,5,5,5,5,5,5
1575,20,20,19,17,16,17,18,20,20,19,17,16,17,17,20,20,19,17,16,17,17
1576,0,0,0,0,0,0,0,0,0,0,0,0,0,0,0,0,0,0,0,0,0
1577,1,1,1,1,2,1,1,1,2,2,2,2,1,1,1,2,1,1,2,1,1
1578,13,13,12,12,11,10,12,12,13,12,12,11,10,12,12,13,12,12,11,10,12
1579,0,0,0,0,0,0,0,0,0,0,0,0,0,0,0,0,0,0,0,0,0
1580,4,5,5,4,4,4,4,4,5,5,4,4,3,4,5,5,5,4,4,3,4
1581,3,4,3,3,2,2,3,3,4,3,3,2,2,3,3,4,3,3,2,2,3
1582,0,0,0,0,0,0,0,0,0,0,0,0,0,0,0,0,0,0,0,0,0
1583,0,0,0,0,0,0,0,0,0,0,0,0,0,0,0,0,0,0,0,0,0
1584,20,20,18,16,12,8,8,15,18,17,16,12,8,9,17,20,18,16,12,8,8
1585,11,12,12,12,11,9,10,12,14,14,14,11,9,9,11,13,13,12,10,9,9
1586,10,11,11,11,12,11,11,10,11,10,11,12,10,10,10,11,10,10,11,10,10
1587,4,5,4,6,6,6,5,4,5,5,6,7,6,6,5,5,5,6,6,6,6
1588,1,1,1,1,1,1,1,1,1,1,1,1,1,1,1,1,1,1,1,1,1
1589,0,0,0,0,0,0,0,0,0,0,0,0,0,0,0,0,0,0,0,0,0
1590,0,0,0,0,0,0,0,0,0,0,0,0,0,0,0,0,0,0,0,0,0
1591,0,1,1,1,1,1,1,1,1,1,1,1,1,1,1,1,1,1,1,0,1
1592,0,0,0,0,0,0,0,0,0,0,0,0,0,0,0,0,0,0,0,0,0
1593,0,0,0,0,0,0,0,0,0,0,0,0,0,0,0,0,0,0,0,0,0
1594,0,0,0,0,0,0,0,0,0,0,0,0,0,0,0,0,0,0,0,0,0
1595,0,0,0,0,0,0,0,0,0,0,0,0,0,0,0,0,0,0,0,0,0
1596,0,0,0,0,0,0,0,0,0,0,0,0,0,0,0,0,0,0,0,0,0
1597,0,0,0,0,0,0,0,0,0,0,0,0,0,0,0,0,0,0,0,0,0
1598,5,5,5,5,3,3,3,4,4,4,4,3,3,3,4,4,5,4,3,3,3
1599,2,2,2,2,2,1,2,2,2,2,2,2,1,2,2,2,2,2,2,2,2
1600,3,3,3,3,2,2,2,3,3,3,3,2,2,2,3,3,3,3,2,2,2
1601,2,2,3,3,2,2,2,2,3,3,3,2,2,2,2,3,3,3,2,2,2
1602,4,4,3,3,2,3,3,4,4,3,3,2,3,3,4,4,3,3,2,3,3
1603,1,1,1,1,1,1,1,1,1,1,1,1,1,1,1,1,1,1,1,1,1
1604,9,10,11,9,7,6,7,9,10,11,9,7,6,7,9,10,11,9,6,6,7
1605,5,4,4,3,3,3,3,4,5,5,4,4,4,4,5,5,4,4,4,4,4
1606,1,2,2,1,1,1,1,1,2,2,1,1,1,1,1,2,2,1,1,1,1
1607,277,298,303,264,232,224,232,288,310,313,272,238,232,240,281,292,298,262,233,234,235
1608,23,22,20,18,18,16,17,21,25,27,24,21,20,21,21,21,20,16,15,14,16
1609,11,9,9,9,9,9,10,13,14,15,15,13,12,13,16,15,14,13,12,11,11
1610,0,0,0,0,0,0,0,0,0,0,0,0,0,0,0,0,0,0,0,0,0
1611,6,8,7,7,6,6,6,7,8,7,7,6,6,6,7,8,7,7,6,6,6
1612,1,1,0,0,1,1,1,1,1,0,0,1,1,1,1,1,0,0,1,1,1
1613,8,9,8,7,7,6,6,8,9,8,6,6,6,5,7,9,8,6,6,5,5
1614,0,0,0,0,0,0,0,0,0,0,0,0,0,0,0,0,0,0,0,0,0
1615,8,8,8,7,6,5,6,7,7,7,7,6,6,6,7,8,7,7,6,6,6
1616,5,5,5,4,4,4,4,5,5,5,4,4,3,4,5,5,5,4,4,4,4
1617,0,0,0,0,0,0,0,0,0,0,0,0,0,0,0,0,0,0,0,0,0
1618,8,9,8,8,8,7,7,8,9,8,8,8,7,7,8,9,8,8,8,7,7
1619,0,0,0,0,0,0,0,0,0,0,0,0,0,0,0,0,0,0,0,0,0
1620,0,0,0,0,0,0,0,0,0,0,0,0,0,0,0,0,0,0,0,0,0
1621,0,0,0,0,0,0,0,0,0,0,0,0,0,0,0,0,0,0,0,0,0
1622,0,0,0,0,0,0,0,0,0,0,0,0,0,0,0,0,0,0,0,0,0
1623,0,0,0,0,0,0,0,0,0,0,0,0,0,0,0,0,0,0,0,0,0
1624,3,3,4,4,4,3,3,3,3,4,4,4,3,3,4,4,4,4,4,4,3
1625,0,0,0,0,0,0,0,0,0,0,0,0,0,0,0,0,0,0,0,0,0
1626,4,3,2,0,0,0,2,4,3,2,0,0,0,2,4,3,2,0,0,0,2
1627,0,0,0,0,0,0,0,0,0,0,0,0,0,0,0,0,0,0,0,0,0
1628,0,0,0,0,0,0,0,0,0,0,0,0,0,0,0,0,0,0,0,0,0
1629,3,4,4,3,2,2,2,3,4,4,3,2,2,2,3,4,4,3,2,1,2
1630,0,0,0,0,0,0,0,0,0,0,0,0,0,0,0,0,0,0,0,0,0
1631,11,15,18,12,10,9,9,15,21,23,15,13,11,10,15,19,21,14,13,13,13
1632,4,5,4,4,3,2,2,3,5,5,4,3,2,2,4,6,5,5,4,3,4
1633,0,0,0,0,0,0,0,0,0,0,0,0,0,0,0,0,0,0,0,0,0
1634,0,0,0,0,0,0,0,0,0,0,0,0,0,0,0,0,0,0,0,0,0
1635,0,0,0,0,0,0,0,0,0,0,0,0,0,0,0,0,0,0,0,0,0
1636,2,3,3,3,3,3,3,3,3,3,3,3,3,3,3,3,3,4,3,3,3
1637,0,0,0,0,0,0,0,0,0,0,0,0,0,0,0,0,0,0,0,0,0
1638,4,3,4,3,3,4,4,4,3,4,3,3,4,4,4,3,4,3,3,4,4
1639,2,2,4,4,4,3,2,2,3,4,4,4,3,2,2,2,4,4,4,3,2
1640,0,0,0,0,0,0,0,0,0,0,0,0,0,0,0,0,0,0,0,0,0
1641,0,0,0,0,0,0,0,0,0,0,0,0,0,0,0,0,0,0,0,0,0
1642,3,3,3,3,2,2,2,2,3,2,3,2,1,2,2,2,2,2,2,1,1
1643,11,11,10,9,7,6,6,8,10,10,9,7,7,7,10,10,11,9,8,7,8
1644,0,0,0,0,0,0,0,0,0,0,0,0,0,0,0,0,0,0,0,0,0
1645,0,0,0,0,0,0,0,0,0,0,0,0,0,0,0,0,0,0,0,0,0
1646,0,0,0,0,0,0,0,1,0,0,0,0,0,0,0,0,0,0,0,0,0
1647,0,0,0,0,0,0,0,0,0,0,0,0,0,0,0,0,0,0,0,0,0
1648,0,0,0,0,0,0,0,0,0,0,0,0,0,0,0,0,0,0,1,1,1
1649,0,0,0,0,0,0,0,0,0,0,0,0,0,0,0,0,0,0,0,0,0
1650,0,0,0,0,0,0,0,0,0,0,0,0,0,0,0,0,0,0,0,0,0
1651,0,0,0,0,0,0,0,0,0,0,0,0,0,0,0,0,0,0,0,0,0
1652,0,0,0,0,0,0,0,0,0,0,0,0,0,0,0,0,0,0,0,0,0
1653,0,0,0,0,0,0,0,0,0,0,0,0,0,0,0,0,0,0,0,0,0
1654,0,0,0,0,0,0,0,0,0,0,0,0,0,0,0,0,0,0,0,0,0
1655,0,0,0,0,0,0,0,0,0,0,0,0,0,0,0,0,0,0,0,0,0
1656,0,0,0,0,0,0,0,0,0,0,0,0,0,0,0,0,0,0,0,0,0
1657,42,39,40,32,35,36,41,42,39,40,32,35,36,41,42,39,40,32,35,36,41
1658,1,2,2,2,2,1,1,1,2,2,2,2,1,1,1,2,2,2,2,1,1
1659,0,0,1,1,1,1,1,1,1,1,1,1,1,1,0,0,1,1,1,0,0
1660,0,0,0,0,0,0,0,0,0,0,0,0,0,0,0,0,0,0,0,0,0
1661,0,0,0,0,0,0,0,0,0,0,0,0,0,0,0,0,0,0,0,0,0
1662,0,0,0,1,0,0,0,0,0,0,1,0,0,0,0,0,0,1,0,0,0
1663,14,14,13,11,10,9,9,12,13,13,11,10,9,9,12,13,13,12,10,9,9
1664,8,10,9,9,7,6,6,7,9,9,8,7,6,6,7,9,9,8,7,6,6
1665,5,5,5,5,5,5,4,5,5,5,5,5,5,4,5,5,5,5,4,5,4
1666,4,4,4,3,3,3,3,3,4,4,3,3,2,3,3,4,4,3,3,3,3
1667,2,2,3,2,1,1,1,2,2,3,2,1,1,1,2,2,3,2,1,1,1
1668,1,1,1,1,0,1,1,1,1,1,1,0,1,1,1,1,1,1,0,1,1
1669,12,12,13,12,10,9,9,11,12,13,12,10,9,9,11,13,13,13,11,10,10
1670,13,14,14,14,12,10,10,13,14,14,14,12,10,10,13,14,14,14,12,10,10
1671,1,1,1,1,1,1,1,1,1,1,1,1,1,1,1,1,1,1,1,1,1
1672,1,1,1,1,1,1,1,1,1,1,1,1,1,1,1,1,1,1,1,1,1
1673,2,1,2,1,1,1,2,2,1,2,2,1,1,2,2,1,2,2,1,1,2
1674,28,30,30,28,26,24,26,32,34,32,28,25,23,23,27,28,28,25,22,21,21
1675,3,3,2,2,1,1,2,2,2,2,2,2,1,2,2,3,2,2,2,2,2
1676,12,13,13,14,12,10,10,12,13,13,13,12,10,10,12,13,13,13,12,10,10
1677,2,2,2,2,2,1,1,2,2,2,2,2,1,1,2,2,2,2,2,1,1
1678,5,5,5,5,4,4,4,4,5,5,5,4,4,4,4,5,5,5,4,4,4
1679,0,0,0,0,0,0,0,0,0,0,0,0,0,0,0,0,0,0,0,0,0
1680,5,5,5,4,4,4,3,4,4,5,4,4,4,3,4,4,5,4,4,4,3
1681,3,3,4,3,3,2,2,3,3,4,3,3,2,2,3,3,4,3,3,2,2
1682,0,0,0,0,0,0,0,0,0,0,0,0,0,0,0,0,0,0,0,0,0
1683,1,1,2,2,1,1,1,1,2,2,3,3,3,2,3,3,4,5,4,4,4
1684,0,0,0,0,0,0,0,0,0,0,0,0,0,0,0,0,0,0,0,0,0
1685,0,0,0,0,0,0,0,0,0,0,0,0,0,0,0,0,0,0,0,0,0
1686,3,4,4,3,3,3,3,4,4,4,3,4,3,3,4,4,4,3,4,3,3
1687,0,0,0,0,0,0,0,0,0,0,0,0,0,0,0,0,0,0,0,0,0
1688,8,8,7,6,6,5,6,7,8,7,6,6,5,6,7,8,7,6,6,5,6
1689,5,5,7,6,5,4,3,5,5,6,6,5,3,3,5,5,6,6,5,3,3
1690,2,2,2,2,2,1,1,2,2,2,2,2,1,1,2,2,2,2,2,1,1
1691,18,22,23,21,17,14,11,15,19,21,20,16,14,11,16,20,22,20,16,14,11
1692,1,2,2,2,2,1,1,1,2,2,2,2,1,1,1,2,2,2,2,1,1
1693,2,2,2,2,2,2,2,2,2,2,2,2,2,2,2,2,2,2,2,2,2
1694,1,1,1,1,1,1,1,1,1,1,1,1,1,1,1,1,1,1,1,1,1
1695,4,3,4,3,3,2,3,4,3,4,3,3,2,3,4,3,4,3,3,2,3
1696,1,1,1,1,1,1,1,1,1,1,1,1,1,1,1,1,1,1,1,1,1
1697,3,3,3,3,3,2,2,3,3,3,3,3,2,2,3,3,3,3,3,2,2
1698,2,2,2,1,1,1,1,2,1,2,1,1,1,1,2,1,2,1,1,1,1
1699,1,1,1,1,0,0,1,1,1,1,1,0,0,1,1,1,1,1,0,0,1
1700,0,0,0,0,0,0,0,0,0,0,0,0,0,0,0,0,0,0,0,0,0
1701,37,38,35,32,28,23,24,30,34,34,31,28,24,25,31,35,34,32,29,25,26
1702,2,3,2,2,2,2,2,2,3,2,2,2,2,2,2,3,2,2,2,2,2
1703,3,4,3,3,3,3,2,2,3,3,3,2,3,2,2,3,3,3,3,3,2
1704,1,1,1,1,1,1,1,1,1,1,1,1,1,1,1,1,1,1,1,1,1
1705,4,5,5,5,4,3,3,4,5,6,5,4,3,4,5,6,6,4,4,3,3
1706,41,37,33,31,29,30,28,27,25,24,22,18,19,24,36,34,29,26,23,25,25
1707,162,181,178,160,140,117,130,160,180,174,154,132,109,124,154,176,175,158,137,114,127
1708,7,8,7,7,6,5,4,6,8,7,7,6,5,5,7,8,8,7,6,5,5
1709,3,3,4,3,3,2,2,3,3,4,3,3,2,2,3,3,4,3,3,2,2
1710,7,6,5,5,5,4,3,5,5,5,5,4,3,3,5,5,5,5,4,3,3
1711,0,0,0,1,1,1,1,2,2,2,1,0,0,0,0,0,0,0,0,0,0
1712,17,18,19,17,15,13,13,15,17,18,16,14,12,12,14,16,17,16,14,12,12
1713,3,3,3,2,2,2,3,4,3,3,2,2,2,2,4,3,3,2,2,2,2
1714,1,1,1,1,1,1,1,1,1,1,1,1,1,1,1,1,1,1,1,1,1
1715,1,1,1,1,1,1,1,1,1,1,1,1,1,1,1,1,1,1,1,1,1
1716,0,0,0,0,0,0,0,0,0,0,0,0,0,0,0,0,0,0,0,0,0
1717,11,10,11,11,10,8,8,10,9,10,11,10,8,8,10,10,11,11,10,8,8
1718,0,0,0,0,0,0,0,0,0,0,0,0,0,0,0,0,0,0,0,0,0
1719,0,0,0,0,0,0,0,0,0,0,0,0,0,0,0,0,0,0,0,0,0
1720,2,3,3,3,2,2,2,2,3,3,3,2,2,2,2,3,3,3,2,2,2
1721,0,0,0,0,0,0,0,0,0,0,0,0,0,0,0,0,0,0,0,0,0
1722,1,1,2,2,1,1,1,1,2,2,2,1,1,1,1,2,2,2,1,1,1
1723,1,1,1,1,1,1,1,1,1,1,1,1,1,1,1,1,1,1,1,1,1
1724,32,36,35,31,28,25,26,30,32,30,25,21,19,20,26,30,29,25,22,21,23
1725,39,40,36,35,34,29,30,39,43,40,35,31,28,30,35,37,36,34,33,33,33
1726,0,0,0,0,0,0,0,0,0,0,0,0,0,0,0,0,0,0,0,0,0
1727,12,12,10,10,8,6,6,9,10,10,10,9,6,7,10,12,11,11,9,7,7
1728,0,0,0,0,0,0,0,0,0,0,0,0,0,0,0,0,0,0,0,0,0
1729,2,3,2,3,2,2,2,2,3,2,3,2,2,2,2,3,2,3,2,2,2
1730,11,13,13,11,9,8,8,11,13,13,11,9,8,8,11,13,13,11,9,8,8
1731,57,60,58,51,45,39,40,49,55,57,51,45,40,42,52,58,60,53,47,43,43
1732,2,2,2,2,2,1,1,2,2,2,2,2,1,1,2,2,2,2,2,1,1
1733,2,3,3,3,3,2,2,2,3,3,3,3,2,2,2,3,3,3,3,2,2
1734,3,3,3,3,2,2,2,3,3,3,3,2,2,2,3,3,3,3,2,2,2
1735,0,0,0,0,0,0,0,0,0,0,0,0,0,0,0,0,0,0,0,0,0
1736,3,3,3,3,3,2,3,3,3,3,3,3,2,3,3,3,3,3,3,2,3
1737,1,1,1,1,1,0,0,1,1,1,1,1,0,1,1,1,1,1,1,0,1
1738,3,3,3,3,2,2,3,3,3,3,3,2,2,3,3,3,3,3,2,2,2
1739,3,3,3,2,2,1,2,2,3,3,2,2,1,2,2,3,3,2,2,2,2
1740,22,21,22,21,19,16,17,20,20,22,20,17,14,15,17,18,20,18,16,13,14
1741,0,0,0,0,0,0,0,0,0,0,0,0,0,0,0,0,0,0,0,0,0
1742,14,14,14,13,11,10,10,13,14,15,13,11,10,9,12,14,14,13,11,10,9
1743,14,16,19,19,16,14,13,15,17,19,18,16,13,12,14,16,19,18,16,13,12
1744,3,3,3,2,2,2,2,2,2,3,2,2,2,2,3,3,3,3,3,2,2
1745,0,1,1,1,1,1,0,0,0,0,0,0,0,0,0,0,0,0,0,0,0
1746,5,4,5,5,5,4,4,4,5,5,5,5,4,4,4,4,5,5,5,4,4
1747,11,13,13,11,9,8,8,11,13,14,12,10,9,9,12,13,13,11,9,7,8
1748,8,8,8,7,6,6,6,8,8,8,6,6,5,6,8,8,8,6,5,5,6
1749,2,2,2,1,1,1,1,2,2,2,1,1,1,1,2,2,2,1,1,1,1
1750,2,3,3,2,2,2,2,2,3,3,2,2,2,2,2,3,3,2,2,2,2
1751,9,10,10,10,9,7,7,8,9,10,10,8,7,7,8,9,10,10,9,7,7
1752,0,0,0,0,0,0,0,0,0,0,0,0,0,0,0,0,0,0,0,0,0
1753,15,21,23,22,17,11,10,15,22,24,22,18,11,10,15,21,23,22,18,11,11
1754,13,14,14,14,12,10,11,13,15,14,14,11,10,10,13,14,14,14,11,10,10
1755,3,4,5,4,4,3,2,3,4,5,4,4,3,2,3,4,5,4,4,3,2
1756,1,1,1,1,1,0,0,1,1,1,1,1,0,0,1,1,1,1,1,0,0
1757,1,2,2,1,1,1,1,1,2,2,1,1,1,1,1,2,2,1,1,1,1
1758,4,5,5,5,4,3,3,4,5,5,5,4,3,3,4,5,5,5,4,3,3
1759,5,5,5,4,4,4,4,5,5,5,4,4,4,4,5,5,5,4,4,4,4
1760,1,1,1,1,1,1,1,1,1,1,1,1,1,1,1,1,1,1,1,1,1
1761,9,10,11,11,13,12,12,9,9,11,11,13,12,12,9,10,11,11,13,12,12
1762,23,24,27,25,23,19,19,21,23,27,25,23,18,19,22,23,27,25,23,19,20
1763,1,1,1,1,1,1,1,1,1,1,1,1,1,1,1,1,1,1,1,1,1
1764,3,3,2,2,2,2,2,3,3,2,2,2,2,2,3,3,2,2,2,2,2
1765,1,1,1,1,1,1,1,1,1,1,1,1,1,1,1,1,1,1,0,1,1
1766,0,0,0,0,0,0,0,0,0,0,0,0,0,0,0,0,0,0,0,0,0
1767,12,11,9,9,8,8,8,9,10,9,9,8,8,8,10,9,8,8,8,7,8
1768,4,4,3,3,2,2,2,2,2,3,3,2,2,2,2,3,3,3,2,2,2
1769,2,2,2,1,1,1,2,2,2,2,1,1,1,2,2,2,2,2,2,2,2
1770,2,2,2,1,1,1,2,2,2,2,1,1,1,1,2,2,2,1,1,1,2
1771,0,0,0,0,0,0,0,0,0,0,0,0,0,0,0,0,0,0,0,0,0
1772,0,0,0,0,0,0,0,0,0,0,0,0,0,0,0,0,0,0,0,0,0
1773,1,1,1,1,0,0,0,0,1,1,0,0,0,0,1,1,1,1,1,1,0
1774,1,1,1,1,1,1,1,1,1,1,1,1,1,1,1,1,1,1,1,1,1
1775,0,1,1,1,1,0,0,0,1,1,1,1,0,0,0,1,1,1,1,0,0
1776,1,1,1,2,2,2,2,1,1,1,2,2,2,2,1,1,1,2,2,2,2
1777,0,0,0,0,0,0,0,0,0,0,0,0,0,0,0,0,0,0,0,0,0
1778,0,0,0,0,0,0,0,0,0,0,0,0,0,0,0,0,0,0,0,0,0
1779,0,0,0,0,0,0,0,0,0,0,0,0,0,0,0,0,0,0,0,0,0
1780,0,0,0,0,0,0,0,0,0,0,0,0,0,0,0,0,0,0,0,0,0
1781,0,0,0,0,0,0,0,0,0,0,0,0,0,0,0,0,0,0,0,0,0
1782,0,0,0,0,0,0,0,0,0,0,0,0,0,0,0,0,0,0,0,0,0
1783,1,1,1,1,0,1,1,1,1,1,1,0,1,1,1,1,1,1,0,1,1
1784,0,0,0,0,0,0,0,0,1,0,0,0,0,0,1,1,0,0,0,0,0
1785,0,0,0,0,0,0,0,0,0,0,0,0,0,0,0,0,0,0,0,0,0
1786,0,0,0,0,0,0,0,0,0,0,0,0,0,0,0,0,0,0,0,0,0
1787,0,0,0,0,0,0,0,0,0,0,0,0,0,0,0,0,0,0,0,0,0
1788,0,0,0,0,0,0,0,0,0,0,0,0,0,0,0,0,0,0,0,0,0
1789,0,0,0,0,0,0,0,0,0,0,0,0,0,0,0,0,0,0,0,0,0
1790,0,0,0,0,0,0,0,0,0,0,0,0,0,0,0,0,0,0,0,0,0
1791,0,0,0,0,0,0,0,0,0,0,0,0,0,0,0,0,0,0,0,0,0
1792,0,0,0,0,0,0,0,0,0,0,0,0,0,0,0,0,0,0,0,0,0
1793,0,0,0,0,0,0,0,0,0,0,0,0,0,0,0,0,0,0,0,0,0
1794,0,0,1,1,1,0,0,0,0,1,1,1,0,0,0,0,1,1,1,0,0
1795,0,0,0,0,0,0,0,0,0,0,0,0,0,0,0,0,0,0,0,0,0
1796,0,0,0,0,0,0,0,0,0,0,0,0,0,0,0,0,0,0,0,0,0
1797,0,0,0,0,0,0,0,0,0,0,0,0,0,0,0,0,0,0,0,0,0
1798,0,0,0,0,0,0,0,0,0,0,0,0,0,0,0,0,0,0,0,0,0
1799,0,0,0,0,0,0,0,0,0,0,0,0,0,0,0,0,0,0,0,0,0
1800,0,0,0,0,0,0,0,0,0,0,0,0,0,0,0,0,0,0,0,0,0
1801,0,0,0,0,0,0,0,0,1,1,1,0,0,1,1,1,1,1,0,0,0
1802,0,0,0,0,0,0,0,0,0,0,0,0,0,0,0,0,0,0,0,0,0
1803,0,0,0,0,0,0,0,0,0,0,0,0,0,0,0,0,0,0,0,0,0
1804,0,0,0,0,0,0,0,0,0,0,0,0,0,0,0,0,0,0,0,0,0
1805,0,0,0,0,0,0,0,0,0,0,0,0,0,0,0,0,0,0,0,0,0
1806,0,0,0,0,0,0,0,0,0,0,0,0,0,0,0,0,0,0,0,0,0
1807,0,0,0,0,0,0,0,0,0,0,0,0,0,0,0,0,0,0,0,0,0
1808,0,0,0,0,0,0,0,0,0,0,0,0,0,0,0,0,0,0,0,0,0
1809,0,0,0,0,0,0,0,0,0,0,0,0,0,0,0,0,0,0,0,0,0
1810,0,0,0,0,0,0,0,0,0,0,0,0,0,0,0,0,0,0,0,0,0
1811,0,0,0,0,0,0,0,0,0,0,0,0,0,0,0,0,0,0,0,0,0
1812,0,0,0,0,0,0,0,0,0,0,0,0,0,0,0,0,0,0,0,0,0
1813,0,0,0,0,0,0,0,0,0,0,0,0,0,0,0,0,0,0,0,0,0
1814,0,0,0,0,0,0,0,0,0,0,0,0,0,0,0,0,0,0,0,0,0
1815,0,0,0,0,0,0,0,0,0,0,0,0,0,0,0,0,0,0,0,0,0
1816,0,0,0,0,0,0,0,0,0,0,0,0,0,0,0,0,0,0,0,0,0
1817,0,0,0,0,0,0,0,0,0,0,0,0,0,0,0,0,0,0,0,0,0
1818,2,1,0,0,0,0,0,1,0,0,0,0,0,1,1,1,1,1,1,1,1
1819,0,0,0,0,0,0,0,0,0,0,0,0,0,0,0,0,0,0,0,0,0
1820,1,0,0,0,0,0,0,0,0,0,0,0,0,0,1,1,1,0,0,0,0
1821,0,0,0,0,0,0,0,0,0,0,0,0,0,0,0,0,0,0,0,0,0
1822,10,12,16,13,11,10,9,12,14,17,13,10,8,8,11,12,15,12,9,8,8
1823,17,15,14,14,9,11,13,16,15,14,14,9,11,13,16,15,14,14,9,11,13
1824,8,7,6,5,5,5,5,6,6,6,5,5,5,5,7,7,6,6,5,5,5
1825,23,20,19,20,20,18,16,17,19,18,15,12,10,10,13,17,15,14,13,12,13
1826,2,2,2,1,1,1,1,2,2,2,1,1,1,2,2,2,2,1,1,1,2
1827,14,20,21,20,15,9,10,13,19,21,20,15,9,10,13,20,22,20,16,9,11
1828,2,2,2,2,2,1,1,2,2,2,2,2,1,1,2,2,2,2,2,1,1
1829,17,19,21,22,22,17,13,17,19,21,22,22,17,14,17,19,22,22,22,17,14
1830,34,37,39,39,38,35,36,40,41,40,39,36,33,33,35,36,37,37,35,34,33
1831,79,143,110,100,85,72,71,86,151,115,105,88,75,74,84,146,110,100,86,74,70
1832,24,25,24,22,18,17,17,20,21,21,18,14,12,13,17,18,20,18,15,15,16
1833,30,37,42,37,29,22,22,28,35,41,36,28,21,22,28,35,40,36,28,22,22
1834,14,19,19,18,12,12,10,13,18,18,18,12,12,11,14,19,19,19,13,12,11
1835,8,10,11,12,10,8,7,9,10,11,12,10,8,7,9,10,11,12,10,8,7
1836,6,6,8,7,8,7,6,6,6,8,7,8,7,6,6,7,8,7,8,7,6
1837,13,15,22,25,17,14,9,13,15,23,25,17,15,9,13,15,23,26,17,15,9
1838,29,36,31,29,26,23,24,27,35,32,29,26,24,24,28,36,32,30,26,24,25
1839,5,7,9,9,7,3,3,5,7,9,9,7,3,3,5,7,9,9,7,3,3
1840,1,1,2,2,2,1,1,1,1,2,2,2,1,1,1,1,2,2,2,1,1
1841,7,6,6,6,6,6,6,6,6,7,6,7,6,6,6,6,7,6,7,7,6
1842,5,4,3,3,3,3,3,4,4,3,3,2,2,3,4,4,3,3,3,3,3
1843,4,5,4,4,3,3,4,4,5,4,4,3,3,4,4,5,4,4,3,3,4
1844,0,0,0,0,0,0,0,0,0,0,0,0,0,0,0,0,0,0,0,0,0
1845,1,0,1,0,1,1,0,1,0,1,0,1,1,0,1,0,1,0,1,1,0
1846,3,2,3,2,2,1,2,3,2,2,2,1,1,2,3,2,3,2,2,1,2
1847,0,0,0,0,0,0,0,0,0,0,0,0,0,0,0,0,0,0,0,0,0
1848,4,4,4,3,3,2,2,4,4,4,3,2,2,2,4,3,4,3,2,2,2
1849,2,1,1,1,1,1,1,1,1,1,1,1,1,1,1,1,1,1,1,1,1
1850,1,0,0,0,0,0,0,1,1,1,1,0,0,1,1,1,1,1,0,0,1
1851,1,1,1,1,1,1,1,1,1,1,0,0,1,1,1,1,1,1,1,1,1
1852,1,1,1,1,1,1,1,1,1,1,1,1,1,1,1,1,1,1,1,1,1
1853,3,3,2,2,2,2,2,2,2,2,2,2,2,2,3,2,2,2,2,2,2
1854,0,0,0,0,0,0,0,0,0,0,0,0,0,0,0,0,0,0,0,0,0
1855,0,0,0,0,0,0,0,0,0,0,0,0,0,0,0,0,0,0,0,0,0
1856,0,0,0,0,0,0,0,0,0,0,0,0,0,0,0,0,0,0,0,0,0
1857,0,0,0,0,0,0,0,0,0,0,0,0,0,0,0,0,0,0,0,0,0
1858,8,9,10,10,9,7,5,7,9,11,11,9,7,5,6,9,11,11,10,8,6
1859,5,6,7,6,6,4,4,4,6,7,7,6,5,4,5,7,7,7,6,5,5
1860,9,10,10,10,12,11,9,9,10,10,10,12,11,9,9,10,10,10,12,11,9
1861,2,3,6,9,8,5,2,2,3,6,9,8,5,2,2,3,6,9,8,5,2
1862,5,7,6,5,5,3,3,4,6,6,5,5,3,3,4,7,6,5,5,3,3
1863,3,3,3,3,2,2,1,3,3,4,3,2,2,1,3,3,3,3,2,2,1
1864,0,0,0,0,0,0,0,0,0,0,0,0,0,0,0,0,0,0,0,0,0
1865,16,17,17,17,16,14,14,15,17,18,16,14,13,12,13,14,15,14,13,12,11
1866,1,1,1,1,1,1,0,1,0,0,1,1,1,0,1,0,1,1,1,1,0
1867,3,3,3,2,2,3,2,3,3,3,2,2,3,2,3,3,3,2,2,3,2
1868,5,6,5,5,5,4,4,4,5,5,4,4,4,4,4,5,5,4,4,4,4
1869,1,1,2,2,1,1,1,1,1,2,2,1,1,1,1,1,2,2,1,1,1
1870,0,0,1,1,0,1,1,0,0,1,1,1,1,1,0,0,1,1,1,1,1
1871,0,0,0,0,0,0,0,0,0,0,0,0,0,0,0,0,0,0,0,0,0
1872,1,1,1,1,1,1,1,1,1,1,1,1,1,1,1,1,1,1,1,1,1
1873,0,0,0,0,0,0,0,0,0,0,0,0,0,0,0,0,0,0,0,0,0
1874,0,0,0,0,0,0,0,0,0,0,0,0,0,0,0,0,0,0,0,0,0
1875,0,0,0,0,0,0,0,0,0,0,0,0,0,0,0,0,0,0,0,0,0
1876,0,0,0,0,0,0,0,0,0,0,0,0,0,0,0,0,0,0,0,0,0
1877,0,0,0,0,0,0,0,0,0,0,0,0,0,0,0,0,0,0,0,0,0
1878,0,0,0,0,0,0,0,0,0,0,0,0,0,0,0,0,0,0,0,0,0
1879,1,1,1,1,1,1,1,1,1,1,1,1,1,1,1,1,1,1,1,1,1
1880,0,0,0,0,0,0,0,0,0,0,0,0,0,0,0,0,0,0,0,0,0
1881,0,0,0,1,1,0,0,0,0,0,1,1,0,0,0,0,0,1,1,0,0
1882,0,0,0,0,0,0,0,0,0,0,0,0,0,0,0,0,0,0,0,0,0
1883,0,0,0,0,0,0,0,0,0,0,0,0,0,0,0,0,0,0,0,0,0
1884,0,0,0,0,0,0,0,0,0,0,0,0,0,0,0,0,0,0,0,0,0
1885,1,1,1,1,1,1,1,1,1,1,1,1,1,1,1,1,1,1,1,1,1
1886,0,0,0,0,0,0,0,0,0,0,0,0,0,0,0,0,0,0,0,0,0
1887,0,0,0,0,0,0,0,0,0,0,0,0,0,0,0,0,0,0,0,0,0
1888,0,0,0,0,0,0,0,0,0,0,0,0,0,0,0,0,0,0,0,0,0
1889,1,0,1,0,0,0,0,1,0,1,0,0,0,0,1,0,1,0,0,0,0
1890,0,0,0,0,0,0,0,0,0,0,0,0,0,0,0,0,0,0,0,0,0
1891,0,0,0,0,0,0,0,0,0,0,0,0,0,0,0,0,0,0,0,0,0
1892,17,19,19,20,20,18,16,18,19,19,20,19,18,16,17,19,19,20,19,18,15
1893,1,1,1,1,1,1,0,1,1,1,1,1,1,0,1,1,1,1,1,1,0
1894,43,48,52,53,48,37,34,41,46,48,48,43,35,35,42,48,51,51,48,43,39
1895,55,64,66,66,62,52,48,54,62,62,61,58,51,50,52,58,61,62,60,58,51
1896,5,5,10,12,12,9,5,5,5,10,12,11,9,5,5,5,10,12,11,9,5
1897,31,43,52,50,53,37,33,34,49,58,55,57,41,36,35,48,58,56,60,45,39
1898,1,2,2,2,2,1,1,1,2,2,2,2,1,1,1,2,2,2,2,1,1
1899,10,12,13,13,11,8,6,9,12,13,14,11,8,7,9,11,12,13,10,7,6
1900,3,4,4,6,5,3,2,3,4,4,6,5,3,2,3,4,4,6,5,2,2
1901,21,22,24,27,20,19,16,19,22,26,29,22,20,17,20,23,26,30,23,22,19
1902,22,25,28,28,24,16,11,20,33,41,40,34,26,22,24,30,38,39,37,31,22
1903,8,9,13,12,11,10,8,8,9,13,12,11,10,8,7,9,13,12,11,10,8
1904,4,6,7,6,4,4,4,5,6,7,5,4,3,4,5,6,7,5,4,4,4
1905,0,0,0,0,0,0,0,0,0,0,0,0,0,0,0,0,0,0,0,0,0
1906,0,0,0,0,0,0,0,0,0,0,0,0,0,0,0,0,0,0,0,0,0
1907,3,3,3,2,2,2,2,2,2,2,2,2,2,2,2,3,3,2,2,2,2
1908,1,1,1,1,1,1,1,1,1,1,1,1,1,1,1,1,1,1,1,1,1
1909,2,2,2,1,1,1,1,2,2,2,1,1,2,1,2,2,2,1,1,2,1
1910,1,1,1,1,1,1,1,1,1,1,1,1,1,1,1,1,1,1,1,1,1
1911,0,0,1,1,1,0,0,0,0,1,1,1,0,0,0,0,1,1,1,0,0
1912,0,0,0,0,0,0,0,0,0,0,0,0,0,0,0,0,0,0,0,0,0
1913,0,0,0,0,0,0,0,0,0,0,0,0,0,0,0,0,0,0,0,0,0
1914,0,0,0,0,0,0,0,0,0,0,0,0,0,0,0,0,0,0,0,0,0
1915,0,0,0,0,0,0,0,0,0,0,0,0,0,0,0,0,0,0,0,0,0
1916,0,0,0,0,0,0,0,0,0,0,0,0,0,0,0,0,0,0,0,0,0
1917,0,0,0,0,0,0,0,0,0,0,0,0,0,0,0,0,0,0,0,0,0
1918,0,0,0,0,0,0,0,0,0,0,0,0,0,0,0,0,0,0,0,0,0
1919,0,0,0,0,0,0,0,0,0,0,0,0,0,0,0,0,0,0,0,0,0
1920,0,0,0,0,0,0,0,0,0,0,0,0,0,0,0,0,0,0,0,0,0
1921,0,0,0,0,0,0,0,0,0,0,0,0,0,0,0,0,0,0,0,0,0
1922,0,0,0,0,0,0,0,0,0,0,0,0,0,0,0,0,0,0,0,0,0
1923,0,0,0,0,0,0,0,0,0,0,0,0,0,0,0,0,0,0,0,0,0
1924,0,0,0,0,0,0,0,0,0,0,0,0,0,0,0,0,0,0,0,0,0
1925,0,0,0,0,0,0,0,0,0,0,0,0,0,0,0,0,0,0,0,0,0
1926,1,1,1,0,0,0,0,1,1,1,0,0,0,0,0,1,1,0,0,0,0
1927,0,0,0,0,0,0,0,0,0,0,0,0,0,0,0,0,0,0,0,0,0
1928,0,0,0,0,0,0,0,0,0,0,0,0,0,0,0,0,0,0,0,0,0
1929,0,0,0,0,0,0,0,0,0,0,0,0,0,0,1,1,1,0,0,0,1
1930,0,0,0,0,0,0,0,0,0,0,0,0,0,0,0,0,0,0,0,0,0
1931,0,0,0,0,0,0,0,0,0,0,0,0,0,0,0,0,0,0,0,0,0
1932,2,2,2,2,2,2,2,2,2,2,2,2,2,1,2,2,2,2,2,1,1
1933,2,3,3,2,2,2,2,2,3,3,2,2,2,2,3,3,4,2,2,2,2
1934,3,3,3,3,3,2,3,3,3,3,3,3,2,3,3,3,3,2,2,2,2
1935,4,6,4,4,5,5,2,4,6,4,4,5,5,2,5,6,4,4,5,5,2
1936,0,0,0,0,0,0,0,0,0,0,0,0,0,0,0,0,0,0,0,0,0
1937,1,2,1,1,1,1,1,1,2,1,1,1,1,1,1,2,1,1,1,1,1
1938,39,39,39,35,32,32,34,40,42,42,38,33,32,33,38,39,39,35,31,31,32
1939,4,6,6,5,3,3,3,4,6,5,5,3,3,3,4,6,6,5,3,3,3
1940,69,71,74,69,63,55,57,66,69,73,66,58,54,57,59,54,56,50,44,42,47
1941,0,1,1,1,1,1,1,1,1,1,1,1,1,1,1,1,1,1,1,1,1
1942,1,1,0,0,0,0,0,1,0,0,0,0,0,0,1,1,1,1,0,0,1
1943,0,0,0,0,0,0,0,0,0,0,0,0,0,0,0,0,0,0,0,0,0
1944,0,0,0,0,0,0,0,0,0,0,0,0,0,0,0,0,0,0,0,0,0
1945,0,0,0,0,0,0,0,0,0,0,0,0,0,0,0,0,0,0,0,0,0
1946,4,4,3,2,2,1,1,1,2,2,2,1,1,1,1,2,1,1,1,0,0
1947,0,0,0,0,0,0,0,0,0,0,0,0,0,0,0,0,0,0,0,0,0
1948,48,50,51,50,46,40,41,48,49,51,50,46,40,41,47,49,51,50,46,40,41
1949,18,20,19,19,17,15,15,17,21,20,19,16,14,14,15,17,18,17,15,15,15
1950,8,9,9,8,7,7,7,8,9,9,8,7,6,7,8,9,9,8,7,6,7
1951,12,17,20,20,18,14,11,13,17,20,19,15,12,10,12,17,19,19,15,12,10
1952,32,33,31,30,28,26,29,34,38,35,32,29,27,29,30,30,28,26,24,24,26
1953,24,24,24,23,21,21,21,23,23,24,23,21,21,21,23,23,24,23,21,21,21
1954,18,22,24,23,18,14,15,18,22,23,23,17,14,14,18,22,23,23,17,14,15
1955,3,3,3,2,2,2,2,3,3,3,2,2,2,2,3,3,3,2,2,2,2
1956,1,1,1,1,0,1,1,1,1,1,1,0,1,1,1,1,1,1,0,1,1
1957,0,0,0,0,0,0,0,0,0,0,0,0,0,0,0,0,0,0,0,0,0
1958,0,0,0,0,0,0,0,0,0,0,0,0,0,0,0,0,0,0,0,0,0
1959,0,0,0,0,0,0,0,0,0,0,0,0,0,0,0,0,0,0,0,0,0
1960,0,0,0,0,0,0,1,1,1,1,0,0,0,0,1,1,1,0,0,0,1
1961,1,0,0,0,0,0,0,1,0,0,0,0,0,0,1,0,0,0,0,0,0
1962,0,0,0,0,0,0,0,0,0,0,0,0,0,0,0,0,0,0,0,0,0
1963,23,27,26,21,16,14,17,23,27,26,21,16,14,17,23,27,26,21,16,14,17
1964,71,74,79,62,57,52,53,71,74,79,62,57,52,53,71,74,79,62,57,52,53
1965,59,63,54,54,43,43,52,59,63,54,54,42,43,52,59,63,54,54,42,43,52
1966,2,2,3,2,2,2,2,2,2,3,2,2,2,2,2,2,3,2,2,2,2
1967,2,2,2,2,2,2,2,2,2,2,2,2,2,2,2,2,2,2,2,2,2
1968,6,5,6,5,5,4,5,5,5,5,5,4,4,5,5,5,6,5,5,4,5
1969,0,0,1,1,1,1,0,0,0,0,0,0,0,0,0,0,0,0,0,0,0
1970,0,0,0,0,1,0,0,0,0,0,0,1,0,0,0,0,0,0,1,0,0
1971,0,0,0,0,0,0,0,0,0,0,0,0,0,0,0,0,0,0,0,0,0
1972,13,18,22,21,17,11,9,12,17,21,21,17,11,9,12,17,21,21,17,11,9
1973,0,0,0,0,0,0,0,0,0,0,0,0,0,0,0,0,0,0,0,0,0
1974,0,0,0,0,0,0,0,0,0,0,0,0,0,0,0,0,0,0,0,0,0
1975,1,1,0,0,0,0,0,0,0,0,0,0,0,0,0,0,0,0,0,0,0
1976,7,9,8,7,6,5,5,7,8,8,7,6,5,5,7,9,8,7,6,5,5
1977,6,6,7,7,6,5,4,5,5,6,6,6,5,4,5,5,6,6,6,5,4
1978,5,6,7,7,4,4,4,5,6,7,7,4,3,3,5,6,7,7,4,3,3
1979,4,4,4,3,3,3,3,3,3,4,3,3,3,3,4,4,4,3,3,3,3
1980,1,1,1,1,1,1,1,1,1,1,1,1,1,1,1,1,1,1,1,1,1
1981,4,4,4,4,3,3,3,4,4,4,3,3,3,3,4,4,4,3,3,3,3
1982,46,51,55,53,50,44,48,55,62,64,57,50,44,45,48,51,49,42,36,31,32
1983,3,3,3,3,2,2,2,2,3,3,3,2,2,2,3,3,3,3,3,2,2
1984,0,0,0,0,0,0,0,0,0,0,0,0,0,0,0,0,0,0,0,0,0
1985,1,1,1,1,1,1,1,1,1,1,1,1,1,1,1,1,1,1,1,1,1
1986,0,0,0,0,0,0,0,0,0,0,0,0,0,0,0,0,0,0,0,0,0
1987,1,1,1,1,0,0,1,1,1,1,1,1,1,1,1,1,1,1,1,1,1
1988,11,11,12,12,11,9,8,10,11,12,12,11,9,8,11,12,13,13,11,10,9
1989,2,3,2,2,2,2,1,2,3,2,2,2,2,1,2,3,2,2,2,2,2
1990,4,4,5,4,4,4,4,4,5,5,5,4,4,4,5,5,5,5,4,4,4
1991,16,17,18,17,16,14,14,17,18,18,17,16,14,14,16,17,18,17,16,14,14
1992,1,1,1,1,1,1,1,1,1,1,1,1,1,1,1,2,2,1,1,1,1
1993,7,7,7,6,6,5,5,6,7,7,6,6,5,5,7,7,7,7,6,5,6
1994,0,0,0,0,0,0,0,0,0,0,0,0,0,0,0,0,0,0,0,0,0
1995,0,0,0,0,0,0,0,0,0,0,0,0,0,0,0,0,0,0,0,0,0
1996,4,3,3,3,4,4,3,4,3,3,3,4,4,3,4,3,3,3,4,4,3
1997,7,4,5,4,3,3,5,7,4,4,4,3,3,4,7,4,4,4,3,3,4
1998,12,14,14,13,12,12,13,15,16,16,14,12,11,12,13,14,13,11,9,8,8
1999,1,1,1,0,0,0,0,0,0,0,0,0,0,1,1,0,0,0,0,0,0
2000,12,14,13,11,9,8,11,18,27,28,26,23,22,22,19,16,15,15,15,17,17
2001,0,0,0,0,0,0,0,0,0,0,0,0,0,0,0,0,0,0,0,0,0
2002,3,3,3,3,3,1,2,3,2,3,3,2,1,2,3,2,3,3,2,1,2
2003,80,108,144,159,156,117,94,91,121,147,156,149,110,88,84,108,141,156,152,116,87
2004,12,15,16,15,11,10,9,13,18,21,19,15,14,13,17,20,20,18,14,14,13
2005,5,5,5,5,4,4,3,5,7,7,6,5,4,5,8,8,6,5,5,4,4
2006,56,58,62,61,59,49,50,60,72,80,75,69,60,61,59,55,60,60,59,53,52
2007,0,0,0,0,0,0,0,0,0,0,0,0,0,0,0,0,0,0,0,0,0
2008,11,11,11,9,9,9,9,11,12,11,10,9,9,9,10,10,10,9,9,9,8
2009,9,10,9,10,9,10,9,9,10,9,10,9,10,8,9,11,9,10,9,10,9
2010,1,0,1,1,0,0,0,1,0,1,1,0,0,0,1,0,1,1,0,0,0
2011,1,1,1,1,1,1,1,1,1,1,1,1,1,1,1,1,1,1,1,1,1
2012,1,1,1,1,1,1,1,1,1,1,1,1,1,1,1,1,1,1,1,1,1
2013,1,1,1,1,1,1,1,1,1,1,1,1,1,1,1,1,1,1,1,1,1
2014,2,2,2,1,1,1,1,2,2,2,1,1,1,1,2,2,1,1,0,0,1
2015,1,1,1,1,1,1,1,1,1,1,1,1,1,1,1,1,1,1,1,1,1
2016,0,0,0,0,0,0,0,0,0,0,0,0,0,0,0,0,0,0,0,0,0
2017,2,1,1,2,1,2,2,1,1,2,2,1,2,2,1,1,1,2,1,2,2
2018,0,0,0,0,0,0,0,0,0,0,1,1,2,2,2,2,2,2,2,2,1
2019,0,0,0,0,0,0,0,0,0,0,0,0,0,0,0,0,0,0,0,0,0
2020,0,0,0,0,0,0,0,0,0,0,0,0,0,0,0,0,0,0,0,0,0
2021,0,0,0,0,0,0,0,0,0,0,0,0,0,0,0,0,0,0,0,0,0
2022,0,0,0,1,1,0,0,0,0,0,1,1,0,0,0,0,0,1,1,0,0
2023,0,0,0,0,0,0,0,0,0,0,0,0,0,0,0,0,0,0,0,0,0
2024,1,1,1,0,0,1,1,1,1,1,0,0,1,1,1,1,1,0,0,1,1
2025,0,0,0,0,0,1,1,0,0,0,0,0,1,1,0,0,0,0,0,1,1
2026,0,0,0,0,0,0,0,0,0,0,0,0,0,0,0,0,0,0,0,0,0
2027,1,1,1,1,1,1,1,1,1,1,1,1,1,1,2,1,1,1,1,1,1
2028,39,40,38,35,34,32,33,36,34,32,30,29,29,32,34,32,32,34,37,37,32
2029,0,0,0,0,0,0,0,0,0,0,0,0,0,0,0,1,0,0,0,0,0
2030,1,1,1,1,1,1,1,1,1,1,1,1,1,1,1,1,1,1,1,1,1
2031,12,13,16,15,14,12,12,14,15,17,16,14,12,13,14,15,17,15,15,13,13
2032,24,26,29,26,21,17,17,24,26,29,26,21,17,17,25,27,29,26,21,18,17
2033,100,108,109,108,95,86,84,100,108,109,108,95,86,84,100,108,109,108,95,86,84
2034,0,0,0,0,0,0,0,0,0,0,0,0,0,0,0,0,0,0,0,0,0
2035,0,0,0,0,0,0,0,0,0,0,0,0,0,0,0,0,0,0,0,0,0
2036,3,3,2,2,2,2,2,3,3,2,2,2,2,2,3,3,3,2,2,2,2
2037,3,3,3,2,1,2,2,3,3,3,2,1,2,2,3,3,3,2,1,2,2
2038,13,11,9,7,6,6,6,8,9,8,7,6,6,9,11,9,8,7,6,6,6
2039,0,0,0,0,1,0,0,0,0,0,0,1,0,0,0,0,0,0,1,0,0
2040,1,1,2,2,1,0,1,1,1,2,2,1,0,1,1,1,2,2,1,0,1
2041,3,3,3,3,3,4,3,3,3,3,3,3,4,3,3,3,3,3,3,4,3
2042,1,1,1,1,0,0,0,1,1,1,1,0,0,0,1,1,1,1,0,0,0
2043,1,1,1,1,1,1,1,1,1,1,1,1,1,1,1,1,1,1,1,1,1
2044,3,3,3,3,2,2,2,3,3,3,3,2,2,2,3,3,3,3,2,2,2
2045,1,1,1,1,2,1,1,1,1,1,1,1,1,1,1,1,1,1,2,1,1
2046,0,0,0,0,0,0,0,0,0,0,0,0,0,0,0,0,0,0,0,0,0
2047,32,35,35,34,30,26,26,29,31,31,30,25,22,22,26,28,28,28,25,23,22
2048,1,1,2,2,1,1,1,1,1,2,2,1,1,1,1,1,2,2,1,1,1
2049,1,2,2,1,1,1,1,2,2,2,1,1,1,1,2,2,2,1,1,1,1
2050,4,4,5,4,3,3,3,4,4,4,4,3,3,3,4,4,5,4,3,3,3
2051,2,3,3,2,1,1,2,2,3,3,2,1,1,2,2,3,3,2,1,1,2
2052,1,1,1,1,1,1,1,1,1,1,1,1,1,1,1,1,1,1,1,1,1
2053,0,0,0,0,0,0,0,0,0,0,0,0,0,0,0,0,0,0,0,0,0
2054,0,0,0,1,1,1,1,1,1,1,1,0,0,0,0,0,0,0,0,0,0
2055,0,0,0,0,0,0,0,0,0,0,0,0,0,0,0,0,0,0,0,0,0
2056,0,0,0,0,0,0,0,0,0,0,0,0,0,0,0,0,0,0,0,0,0
2057,8,10,9,8,7,6,7,9,11,11,10,8,7,7,10,11,10,10,8,7,8
2058,10,10,10,10,9,8,8,9,10,11,10,9,8,8,10,10,11,10,9,8,8
2059,16,17,15,14,12,10,11,14,17,17,15,13,12,13,17,19,17,15,13,12,13
2060,200,286,307,316,269,232,189,200,286,307,316,269,232,189,200,286,307,316,269,232,189
2061,0,0,0,0,0,0,0,0,0,0,0,0,0,0,0,0,0,0,0,0,0
2062,0,0,0,0,0,0,0,0,0,0,0,0,0,0,0,0,0,0,0,0,0
2063,40,47,52,52,48,49,41,40,47,52,52,48,49,41,40,47,52,52,48,49,41
2064,45,42,35,31,28,29,33,38,35,31,27,24,24,28,32,31,29,26,25,27,31
2065,3,4,5,4,4,3,3,3,4,5,4,4,3,3,3,4,5,4,4,3,3
2066,21,21,21,19,18,16,16,20,22,22,20,18,17,16,17,16,17,15,13,13,12
2067,11,14,16,16,14,11,12,18,22,24,23,19,16,16,19,19,16,13,9,6,6
2068,7,7,6,5,4,4,4,6,6,5,5,4,4,4,6,6,5,5,4,4,4
2069,11,11,13,14,13,14,14,15,14,15,15,13,13,13,13,11,11,11,10,10,10
2070,1,1,1,1,1,1,1,1,1,1,1,1,1,1,1,1,1,1,1,1,1
2071,30,29,26,26,25,21,21,24,24,23,22,22,19,20,23,23,22,21,21,19,21
2072,31,31,28,25,24,24,24,29,30,27,24,24,23,24,29,30,27,24,24,23,24
2073,28,24,18,21,22,21,23,23,20,16,20,22,21,24,26,23,18,22,24,24,28
2074,1,1,1,1,1,1,1,1,1,1,1,1,0,0,1,1,1,1,1,0,0
2075,1,1,1,1,1,1,1,1,1,1,1,1,1,1,1,1,1,1,1,1,1
2076,0,0,0,0,0,0,0,0,0,0,0,0,0,0,0,0,0,0,0,0,0
2077,1,2,1,1,1,1,1,1,2,1,1,1,1,1,1,2,1,1,1,1,1
2078,0,0,1,1,1,1,1,0,0,1,1,1,1,1,0,0,1,1,1,1,1
2079,1,2,2,2,2,1,1,1,1,2,2,2,1,1,1,1,2,2,2,1,1
2080,0,0,0,0,0,0,0,0,0,0,0,0,0,0,0,0,0,0,0,0,0
2081,0,0,0,0,0,0,0,0,0,0,0,0,0,0,0,0,0,0,0,0,0
2082,0,0,0,0,0,0,0,0,0,0,0,0,0,0,0,0,0,0,0,0,0
2083,0,0,0,0,0,0,0,0,0,0,0,0,0,0,0,0,0,0,0,0,0
2084,0,0,0,0,0,0,0,0,0,0,0,0,0,0,0,0,0,0,0,0,0
2085,0,0,0,0,0,0,0,0,0,0,0,0,0,0,0,0,0,0,0,0,0
2086,0,0,0,0,0,0,0,0,0,0,0,0,0,0,0,0,0,0,0,0,0
2087,0,0,0,0,0,0,0,0,0,0,0,0,0,0,0,0,0,0,0,0,0
2088,1,2,3,4,4,3,2,2,2,2,2,2,2,1,1,1,1,1,1,1,1
2089,0,0,0,0,0,0,0,0,0,0,0,1,1,1,1,1,1,1,1,1,1
2090,0,0,0,0,0,0,0,0,0,0,0,0,0,0,0,0,0,0,0,0,0
2091,0,0,0,0,0,0,0,0,0,0,0,0,0,0,0,0,0,0,0,0,0
2092,1,0,0,0,0,0,0,1,0,0,0,0,0,0,1,0,0,0,0,0,0
2093,0,0,0,0,0,0,0,0,0,0,0,0,0,0,0,0,0,0,0,0,0
2094,8,11,10,8,8,7,6,8,10,9,8,8,7,6,8,10,9,8,8,7,6
2095,1,1,1,1,1,1,1,1,1,1,1,1,1,1,1,1,1,1,1,1,1
2096,6,7,6,5,5,5,5,7,8,6,5,5,4,5,7,7,6,5,4,4,5
2097,4,5,5,4,3,2,3,4,5,5,4,3,2,3,4,5,5,4,3,2,2
2098,0,0,0,0,0,0,0,0,0,0,0,0,0,0,0,0,0,0,0,0,0
2099,0,0,0,0,0,0,0,0,0,0,0,0,0,0,0,0,0,0,0,0,0
2100,1,1,1,1,1,1,1,1,1,1,1,1,1,1,1,1,1,1,1,1,1
2101,0,0,0,0,0,0,0,0,0,0,0,0,0,0,0,0,0,0,0,0,0
2102,0,0,0,0,0,0,0,0,0,0,0,0,0,0,0,0,0,0,0,0,0
2103,0,0,0,0,0,0,0,0,0,0,0,0,0,0,0,0,0,0,0,0,0
2104,0,0,0,0,0,0,0,0,0,0,0,0,0,0,0,0,0,0,0,0,0
2105,0,0,0,0,0,0,0,0,0,0,0,0,0,0,0,0,0,0,0,0,0
2106,0,0,0,0,0,0,0,0,0,0,0,0,0,0,0,0,0,0,0,0,0
2107,0,0,0,0,0,0,0,0,0,0,0,0,0,0,0,0,0,0,0,0,0
2108,0,0,0,0,0,0,0,0,0,0,0,0,0,0,0,0,0,0,0,0,0
2109,0,0,0,0,0,0,0,0,0,0,0,0,0,0,0,0,0,0,0,0,0
2110,33,33,31,33,34,31,29,31,32,30,31,33,32,29,21,19,19,20,21,21,21
2111,11,12,12,12,12,10,9,12,14,15,14,13,10,9,11,13,13,13,12,9,8
2112,0,0,0,0,0,0,0,0,0,0,0,0,0,0,0,0,0,0,0,0,0
2113,1,1,1,1,1,1,0,1,1,1,1,1,1,1,1,1,1,1,1,1,1
2114,1,1,1,1,1,1,1,1,1,1,1,1,1,1,1,1,1,1,1,1,1
2115,4,3,3,2,2,2,2,3,3,3,2,2,2,1,2,2,2,2,2,2,2
2116,0,0,0,0,0,0,0,0,0,0,0,0,0,0,0,0,0,0,0,0,0
2117,0,0,0,0,0,0,0,0,0,0,0,0,0,0,0,0,0,0,0,0,0
2118,0,0,0,0,0,0,0,0,0,0,0,0,0,0,0,0,0,0,0,0,0
2119,0,0,0,0,0,0,0,0,0,0,0,0,0,0,1,1,1,1,0,0,0
2120,1,1,1,1,1,1,1,1,1,1,1,1,1,1,1,1,1,1,1,1,1
2121,0,0,0,0,0,0,0,0,0,0,0,0,0,0,0,0,0,0,0,0,0
2122,0,0,0,0,0,0,0,0,0,0,0,0,0,0,0,0,0,0,0,0,0
2123,0,0,0,0,0,0,0,0,0,0,0,0,0,0,0,0,0,0,0,0,0
2124,0,0,0,0,0,0,0,0,0,0,0,0,0,0,0,0,0,0,0,0,0
2125,0,0,0,0,0,0,0,0,0,0,0,0,0,0,0,0,0,0,0,0,0
2126,1,0,0,0,0,0,0,0,0,0,0,0,0,0,0,0,0,0,0,0,0
2127,20,22,21,20,20,18,18,22,25,23,21,19,18,18,20,21,20,18,17,16,15
2128,10,9,9,8,7,7,7,8,8,9,8,7,7,7,8,9,9,9,8,7,7
2129,4,5,6,5,4,4,4,5,6,6,5,4,4,4,5,6,6,5,4,4,4
2130,2,2,2,2,2,1,2,2,2,2,2,2,1,2,2,2,2,2,2,1,2
2131,0,0,0,0,0,0,0,0,0,0,0,0,0,0,0,0,0,0,0,0,0
2132,0,0,0,0,0,0,0,0,0,0,0,0,0,0,0,0,0,0,0,0,0
2133,372,386,392,381,325,287,284,344,369,391,381,320,284,287,348,370,387,376,317,283,282
2134,13,14,13,13,10,7,8,12,14,13,13,9,7,8,12,14,13,13,9,7,8
2135,2,2,3,2,2,2,2,2,3,3,2,2,2,2,2,2,3,2,2,2,2
2136,7,7,7,6,5,5,5,7,7,7,6,5,5,5,8,7,8,6,6,5,6
2137,3,4,4,3,2,2,2,3,4,4,3,2,2,2,3,4,4,3,2,2,2
2138,0,0,0,0,0,0,0,0,0,0,0,0,0,0,0,0,0,0,0,0,0
2139,14,13,10,8,6,7,7,7,7,6,5,5,6,10,10,7,6,5,5,5,6
2140,1,0,0,0,0,1,1,1,0,0,0,0,1,1,1,0,0,0,0,1,1
2141,0,0,0,0,0,0,0,0,0,0,0,0,0,0,0,0,0,0,0,0,0
2142,0,0,0,0,0,0,0,0,1,1,0,0,0,0,0,1,0,0,0,0,0
2143,2,2,2,2,2,2,2,2,2,2,2,2,2,2,2,2,2,2,2,1,2
2144,0,0,0,0,0,0,0,0,0,0,0,0,0,0,0,0,0,0,0,0,0
2145,1,1,1,1,1,1,1,1,1,1,1,1,1,1,1,1,0,0,1,1,1
2146,0,0,0,0,0,0,0,0,0,0,0,0,0,0,0,0,0,0,0,0,0
2147,3,4,3,5,2,3,3,3,4,3,5,2,3,3,3,4,3,5,2,3,3
2148,3,2,2,2,2,2,2,2,2,2,2,2,2,2,2,2,2,2,2,2,2
2149,0,0,0,0,0,0,0,0,0,0,0,0,0,0,0,0,0,0,0,0,0
2150,2,3,2,2,1,1,2,2,3,2,2,1,1,2,2,3,2,2,1,1,2
2151,0,0,0,0,0,0,0,0,0,0,0,0,0,0,0,0,0,0,0,0,0
2152,0,0,0,0,0,0,0,0,0,0,0,0,0,0,0,0,0,0,0,0,0
2153,0,0,0,0,0,0,0,0,0,0,0,0,0,0,0,0,0,0,0,0,0
2154,0,0,0,0,0,0,0,0,0,0,0,0,0,0,0,0,0,0,0,0,0
2155,0,0,0,0,0,0,0,0,0,0,0,0,0,0,0,0,0,0,0,0,0
2156,0,0,0,0,0,0,0,0,0,0,0,0,0,0,0,0,0,0,0,0,0
2157,0,0,0,0,0,0,0,0,0,0,0,0,0,0,0,0,0,0,0,0,0
2158,0,0,0,0,0,0,0,0,0,0,0,0,0,0,0,0,0,0,0,0,0
2159,1,1,1,1,1,1,1,1,1,1,1,1,1,1,1,1,1,1,1,1,1
2160,0,0,0,0,0,0,0,0,0,0,0,0,0,0,0,0,0,0,0,0,0
2161,0,0,0,0,0,0,0,0,0,0,0,0,0,0,0,0,0,0,0,0,0
2162,0,0,0,0,0,0,0,0,0,0,0,0,0,0,0,0,0,0,0,0,0
2163,0,0,0,0,0,0,0,0,0,0,0,0,0,0,0,0,0,0,0,0,0
2164,0,0,0,0,0,0,0,0,0,0,0,0,0,0,0,0,0,0,0,0,0
2165,0,0,0,0,0,0,0,0,0,0,0,0,0,0,0,0,0,0,0,0,0
2166,0,0,0,0,0,0,0,0,0,0,0,0,0,0,0,0,0,0,0,0,0
2167,0,0,0,0,0,0,0,0,0,0,0,0,0,0,0,0,0,0,0,0,0
2168,0,0,0,0,0,0,0,0,0,0,0,0,0,0,0,0,0,0,0,0,0
2169,0,0,0,0,0,1,1,1,1,1,1,1,1,1,1,1,0,0,0,0,0
2170,3,3,3,3,2,2,3,3,3,3,3,2,2,3,3,3,3,3,2,2,3
2171,119,123,126,112,109,96,102,119,123,126,112,109,96,102,119,123,126,112,109,96,102
2172,7,8,7,6,6,5,5,7,8,7,6,6,5,5,7,8,7,6,6,5,5
2173,1,1,0,0,1,0,0,0,0,0,0,0,0,0,0,0,0,0,0,0,0
2174,2,2,1,1,1,1,2,5,6,4,2,2,2,5,8,6,3,2,1,2,5
2175,2,2,2,2,2,2,2,2,2,3,2,2,2,3,4,4,4,3,3,3,4
2176,0,0,0,0,0,0,0,0,0,1,1,0,0,0,1,1,1,0,0,0,0
2177,1,2,2,2,1,1,1,1,2,2,2,1,1,1,1,2,2,2,1,1,1
2178,0,0,0,0,0,0,0,0,0,0,0,0,0,0,0,0,0,0,0,0,0
2179,0,0,0,0,0,0,0,0,0,0,0,0,0,0,0,0,0,0,0,0,0
2180,3,3,4,3,3,3,3,3,3,4,3,3,3,3,3,3,4,3,3,3,3
2181,1,1,1,1,1,1,1,1,1,1,1,1,1,1,1,1,1,1,1,1,1
2182,6,6,5,4,4,5,5,6,6,5,4,4,4,4,5,6,5,4,3,4,4
2183,9,8,7,7,7,7,8,9,8,7,7,7,7,8,9,8,7,7,7,7,8
2184,1,1,1,1,0,0,1,1,1,1,1,0,0,1,1,1,1,1,0,0,1
2185,1,1,1,0,0,0,0,1,1,1,0,0,0,0,1,1,1,0,0,0,0
2186,19,18,15,12,11,12,14,19,20,18,13,11,11,12,16,16,15,13,13,15,18
2187,1,1,1,1,1,1,1,1,2,1,1,2,1,1,2,2,1,1,1,1,1
2188,16,15,14,11,12,12,14,16,15,13,10,11,12,14,16,15,13,10,11,12,14
2189,0,0,0,0,0,0,0,0,0,0,0,0,0,0,0,0,0,0,0,0,0
2190,0,0,0,0,0,0,0,0,0,0,0,0,0,0,0,0,0,0,0,0,0
2191,0,0,0,0,0,0,0,0,0,0,0,0,0,0,0,0,0,0,0,0,0
2192,0,0,0,0,0,0,1,1,1,0,0,0,0,1,1,1,0,0,0,0,0
2193,0,0,0,0,0,0,0,0,0,0,0,0,0,0,0,0,0,0,0,0,0
2194,0,0,0,0,0,0,0,0,0,0,0,0,0,0,0,0,0,0,0,0,0
2195,0,0,0,0,0,0,0,0,0,0,0,0,0,0,0,0,0,0,0,0,0
2196,0,0,0,0,0,0,0,0,0,0,0,0,0,0,0,0,0,0,0,0,0
2197,0,0,0,0,0,0,0,0,0,0,0,0,0,0,0,0,0,0,0,0,0
2198,0,0,0,0,0,0,0,0,0,0,0,0,0,0,0,0,0,0,0,0,0
2199,1,1,1,0,0,0,0,1,1,1,0,0,0,1,1,1,1,0,0,0,0
2200,0,0,0,0,0,0,0,0,0,0,0,0,0,0,0,0,0,0,1,2,2
2201,0,0,0,0,0,0,0,0,0,0,0,0,0,0,0,0,0,0,0,0,0
2202,0,0,0,0,0,0,0,0,0,0,0,0,0,0,0,0,0,0,0,0,0
2203,1,1,0,0,0,0,1,1,1,0,0,0,0,1,1,1,0,0,0,0,1
2204,0,0,0,0,0,0,0,0,0,0,0,0,0,0,0,0,0,0,0,0,0
2205,0,0,0,0,0,0,0,0,0,0,0,0,0,0,0,0,0,0,0,0,0
2206,0,0,0,0,0,0,0,0,0,0,0,0,0,0,0,0,0,0,0,0,0
2207,0,0,0,0,0,0,0,0,0,0,0,0,0,0,0,0,0,0,0,0,0
2208,0,0,0,0,0,0,0,0,0,0,0,0,0,0,0,0,0,0,0,0,0
2209,0,0,0,0,0,0,0,0,0,0,0,0,0,0,0,0,0,0,0,0,0
2210,1,1,1,1,1,1,1,1,1,1,1,1,1,1,1,1,1,1,0,0,0
2211,1,1,1,0,0,0,1,1,1,1,0,0,0,0,1,1,1,0,0,0,0
2212,0,0,0,0,0,0,0,0,0,0,0,0,0,0,0,0,0,0,0,0,0
2213,0,0,0,0,0,0,0,0,0,0,0,0,0,0,0,0,0,0,0,0,0
2214,0,0,0,0,0,0,0,0,0,0,0,0,0,0,0,0,0,0,0,0,0
2215,0,0,0,0,0,0,0,0,0,0,0,0,0,0,0,0,0,0,0,0,0
2216,0,0,0,0,0,0,0,0,0,0,0,0,0,0,0,0,0,0,0,0,0
2217,15,15,14,13,12,11,12,14,14,14,13,11,11,11,13,12,11,10,9,9,9
2218,0,0,0,0,0,0,0,0,0,0,0,0,0,0,0,0,0,0,0,0,0
2219,0,0,0,0,0,0,0,0,0,0,0,0,0,0,0,0,0,0,0,0,0
2220,0,0,0,0,0,0,0,0,0,0,0,0,0,0,0,0,0,0,0,0,0
2221,2,3,3,2,3,2,2,2,2,3,2,3,2,2,2,2,3,2,3,2,1
2222,127,93,90,86,92,121,120,132,98,93,88,94,121,121,133,99,93,88,93,121,120
2223,3,3,4,4,3,3,3,4,4,4,4,4,3,3,4,4,4,4,4,3,3
2224,1,2,1,1,1,2,2,2,2,1,1,1,2,2,2,2,1,1,1,2,2
2225,1,1,1,1,1,1,1,1,1,1,1,1,1,1,1,1,1,1,1,1,1
2226,0,0,0,0,0,0,0,0,0,0,0,0,0,0,0,0,0,0,0,0,0
2227,0,0,0,0,0,0,0,0,0,0,0,0,0,0,0,0,0,0,0,0,0
2228,0,0,0,0,0,0,0,0,0,0,0,0,0,0,0,0,0,0,0,0,0
2229,0,0,0,0,0,0,0,0,0,0,0,0,0,0,0,0,0,0,0,0,0
2230,2,2,1,1,1,1,2,2,1,1,1,1,1,2,2,2,1,1,1,1,1
2231,0,0,0,0,0,0,0,0,0,0,0,0,0,0,0,0,0,0,0,0,0
2232,0,0,0,0,0,0,0,0,0,0,0,0,0,0,0,0,0,0,0,0,0
2233,2,2,2,2,1,1,1,2,2,2,2,1,1,1,2,2,2,2,1,1,1
2234,0,0,0,0,0,0,0,0,0,0,0,0,0,0,0,0,0,0,0,0,0
2235,12,12,12,12,10,9,9,10,11,12,12,10,10,10,11,12,12,12,11,10,10
2236,0,0,0,0,0,0,0,0,0,0,0,0,0,0,0,0,0,0,0,0,0
2237,5,6,5,5,4,4,6,5,6,5,5,4,4,6,5,6,5,5,4,4,6
2238,5,6,6,6,5,4,6,5,6,6,6,5,4,6,5,6,6,6,5,4,6
2239,7,7,6,7,5,4,4,5,6,6,7,5,4,4,5,6,6,7,5,4,4
2240,0,0,0,0,0,0,0,0,0,0,0,0,0,0,0,0,0,0,0,0,0
2241,0,0,0,0,0,0,0,0,0,0,0,0,0,0,0,0,0,0,0,0,0
2242,36,36,35,30,28,26,27,33,35,37,32,28,26,28,32,29,29,23,20,20,23
2243,27,32,34,35,31,26,23,27,32,34,35,31,26,23,27,32,34,35,31,26,23
2244,8,7,7,6,6,6,6,7,8,8,7,6,6,6,8,8,8,6,5,5,6
2245,9,7,7,7,7,7,7,8,8,8,7,6,5,5,5,4,4,4,4,4,5
2246,1,1,1,1,0,0,1,1,1,1,1,0,0,1,1,1,1,1,0,0,1
2247,0,0,0,0,0,0,0,0,0,0,0,0,0,0,0,0,0,0,0,0,0
2248,16,18,21,19,17,14,15,17,20,22,19,16,14,13,14,15,17,15,13,11,12
2249,0,0,0,0,0,0,0,0,0,0,0,0,0,0,0,0,0,0,0,0,0
2250,4,4,3,3,3,2,3,3,3,3,3,3,2,3,3,3,3,3,3,3,3
2251,0,0,0,0,0,0,0,0,0,0,0,0,0,0,0,0,0,0,0,0,0
2252,0,0,0,0,0,0,0,0,0,0,0,0,0,0,0,0,0,0,0,0,0
2253,2,2,2,2,2,2,2,3,3,3,2,2,2,2,2,3,2,2,2,1,1
2254,7,6,5,5,6,6,6,7,6,5,5,6,6,6,7,6,5,5,6,6,6
2255,6,6,5,4,4,4,4,5,6,5,5,4,4,5,6,6,5,4,4,4,5
2256,9,9,9,7,6,4,6,8,9,8,7,6,4,6,8,9,9,7,6,5,7
2257,0,1,0,1,0,0,0,0,1,0,1,0,0,0,0,1,0,1,0,0,0
2258,1,1,1,1,1,1,1,1,1,1,1,0,0,1,1,1,1,1,0,0,0
2259,2,2,2,2,2,2,2,2,2,2,2,2,2,2,2,2,2,2,2,2,2
2260,1,2,2,2,2,1,1,1,2,2,2,2,1,1,1,2,2,2,2,1,1
2261,0,0,0,0,0,0,0,0,0,0,0,0,0,0,0,0,0,0,0,0,0
2262,1,2,1,1,1,1,1,1,2,1,1,1,1,1,1,2,1,1,1,1,1
2263,0,0,0,0,0,0,0,0,0,0,0,0,0,0,0,0,0,0,0,0,0
2264,3,3,3,3,2,2,2,3,3,3,3,2,2,2,3,3,3,3,2,2,2
2265,2,2,2,2,1,1,2,2,3,2,2,2,1,1,1,1,2,2,2,1,1
2266,0,0,0,0,0,0,0,0,0,0,0,0,0,0,0,0,0,0,0,0,0
2267,0,0,0,0,0,0,0,0,0,0,0,0,0,0,0,0,0,0,0,0,0
2268,0,0,0,0,0,0,0,0,0,0,0,0,0,0,0,0,0,0,0,0,0
2269,0,0,0,0,0,0,0,0,0,0,0,0,0,0,0,0,0,0,0,0,0
2270,0,0,0,0,0,0,0,0,0,0,0,0,0,0,0,0,0,0,0,0,0
2271,0,0,0,0,0,0,0,0,0,0,0,0,0,0,0,0,0,0,0,0,0
2272,0,0,0,0,0,0,0,0,0,0,0,0,0,0,0,0,0,0,0,0,0
2273,0,0,0,0,0,0,0,0,0,0,0,0,0,0,0,0,0,0,0,0,0
2274,1,1,1,1,1,1,1,1,2,1,1,1,1,1,1,1,1,1,1,1,1
2275,0,0,0,0,0,0,0,0,0,0,0,0,0,0,0,0,0,0,0,0,0
2276,2,3,3,3,2,2,2,2,3,3,3,2,2,2,2,3,3,3,2,2,2
2277,4,5,5,4,4,3,3,4,5,5,4,4,3,4,5,6,6,5,5,4,5
2278,6,6,5,5,4,3,4,5,5,5,4,4,3,3,4,5,5,4,4,3,3
2279,6,7,6,6,5,4,5,6,7,6,5,5,4,5,6,7,6,5,5,4,5
2280,2,2,2,2,2,2,2,2,2,2,2,2,2,2,2,2,2,2,2,2,2
2281,0,0,0,0,0,0,0,0,0,0,0,0,0,0,0,0,0,0,0,0,0
2282,4,6,7,6,5,5,4,4,6,7,6,5,5,4,4,6,7,6,5,5,4
2283,2,3,2,2,2,2,2,2,3,3,2,2,2,2,2,3,3,2,2,2,2
2284,9,10,10,10,8,7,6,8,9,10,10,8,7,7,9,10,10,10,8,8,7
2285,0,1,1,1,0,0,1,0,1,1,0,0,0,0,0,1,1,0,0,0,1
2286,1,1,1,1,1,1,1,1,1,1,1,1,1,1,1,1,1,1,1,1,1
2287,0,0,0,0,0,0,0,0,0,0,0,0,0,0,0,0,0,0,0,0,0
2288,1,1,1,1,1,1,1,1,1,1,1,1,1,1,1,1,1,1,1,1,1
2289,1,1,1,1,1,1,1,1,2,1,1,1,1,1,2,2,2,1,1,1,1
2290,0,0,0,0,0,0,0,0,0,0,0,0,0,0,0,0,0,0,0,0,0
2291,0,0,0,0,0,0,0,0,0,0,0,0,0,0,0,0,0,0,0,0,0
2292,0,0,0,0,0,0,0,0,0,0,0,0,0,0,0,0,0,0,0,0,0
2293,0,0,0,0,0,0,0,0,0,0,0,0,0,0,0,0,0,0,0,0,0
2294,6,9,10,11,8,6,5,6,9,10,11,8,6,5,6,9,10,11,8,6,5
2295,8,9,10,10,9,7,6,8,9,10,10,9,7,6,8,9,10,10,9,7,6
2296,0,0,0,0,0,0,0,0,0,0,0,0,0,0,0,0,0,0,0,0,0
2297,1,1,1,1,1,1,1,1,1,1,1,1,1,1,1,1,1,1,1,1,1
2298,2,2,2,2,1,2,2,2,2,2,2,1,2,2,2,2,2,2,1,2,2
2299,0,0,0,0,0,0,0,0,0,0,0,0,0,0,0,0,0,0,0,0,0
2300,2,3,3,3,4,4,3,2,3,3,3,4,4,3,2,3,3,3,4,4,3
2301,9,7,5,4,3,6,7,9,7,5,4,3,6,7,9,7,5,4,3,6,7
2302,0,0,0,0,0,0,0,0,0,0,0,0,0,0,0,0,0,0,0,0,0
2303,1,1,2,2,2,2,1,1,1,2,2,2,2,1,1,1,2,2,2,2,1
2304,13,12,10,10,10,8,9,9,9,9,10,10,8,10,9,10,9,10,10,9,10
2305,15,19,27,20,18,24,15,15,18,27,19,17,23,14,14,17,25,18,16,23,13
2306,1,1,2,2,3,2,2,1,1,2,2,3,2,2,1,1,2,2,3,3,3
2307,0,0,0,0,0,0,0,0,0,0,0,0,0,0,0,0,0,0,0,0,0
2308,0,0,2,2,2,1,1,0,0,2,2,2,1,1,0,0,2,2,2,1,1
2309,0,0,0,0,0,0,0,0,0,0,0,0,0,0,0,0,0,0,0,0,0
2310,5,4,3,3,3,3,3,3,3,3,3,2,3,3,3,3,3,3,2,3,3
2311,0,0,0,0,0,0,0,0,0,0,0,0,0,0,0,0,0,0,0,0,0
2312,0,0,0,0,0,0,0,0,0,0,0,0,0,0,0,0,0,0,0,0,0
2313,0,0,0,0,0,0,0,0,0,0,0,0,0,0,0,0,0,0,0,0,0
2314,0,0,0,0,0,0,0,0,0,0,0,0,0,0,0,0,0,0,0,0,0
2315,4,5,5,4,4,4,3,4,5,5,4,4,4,3,4,5,5,4,4,4,3
2316,2,2,2,1,2,1,2,1,2,2,1,2,2,2,2,2,2,1,2,1,2
2317,0,0,0,0,0,0,0,0,0,0,0,0,0,0,0,0,0,0,0,0,0
2318,0,0,0,0,0,0,0,0,0,0,0,0,0,0,0,0,0,0,0,0,0
2319,1,1,1,1,1,1,1,1,1,1,1,1,1,1,1,1,1,1,0,0,0
2320,0,0,0,0,0,0,0,0,0,0,0,0,0,0,0,0,0,0,0,0,0
2321,0,1,0,0,0,0,0,1,1,1,0,0,0,0,1,1,1,0,0,0,0
2322,0,0,0,0,0,0,0,0,0,0,0,0,0,0,0,0,0,0,0,0,0
2323,0,0,0,0,0,0,0,0,0,0,0,0,0,0,0,0,0,0,0,0,0
2324,0,0,0,0,0,0,0,0,0,0,0,0,0,0,0,0,0,0,0,0,0
2325,0,0,0,0,0,0,0,0,0,0,0,0,0,0,0,0,0,0,0,0,0
2326,0,0,0,0,0,0,0,0,0,0,0,0,0,0,0,0,0,0,0,0,0
2327,0,0,0,0,0,0,0,0,0,0,0,0,0,0,0,0,0,0,0,0,0
2328,0,0,0,0,0,0,0,0,0,0,0,0,0,0,0,0,0,0,0,0,0
2329,0,0,0,0,0,0,0,0,0,0,0,0,0,0,0,0,0,0,0,0,0
2330,10,11,11,11,10,9,8,10,11,11,11,10,9,8,10,11,11,11,10,9,8
2331,105,137,84,40,25,34,81,102,133,80,34,19,30,80,104,139,86,42,29,43,88
2332,42,42,43,41,37,36,35,42,42,43,41,37,36,35,42,42,43,41,37,36,36
2333,1,1,1,1,1,1,1,1,1,1,1,1,1,1,1,1,1,1,1,1,1
2334,30,31,31,21,17,15,15,30,31,31,21,17,15,15,30,31,31,21,17,15,15
2335,4,4,4,3,2,3,3,5,5,4,3,2,2,3,4,4,4,3,2,2,3
2336,0,0,0,0,0,0,0,0,0,0,0,0,0,0,0,0,0,0,0,0,0
2337,0,1,1,0,0,0,0,0,1,1,0,0,0,0,0,1,1,0,0,0,0
2338,0,0,0,0,0,0,0,0,0,0,0,0,0,0,0,0,0,0,0,0,0
2339,2,2,3,4,3,2,2,2,3,4,4,3,2,2,3,3,4,4,3,2,2
2340,4,5,7,5,4,3,2,4,6,7,6,5,3,2,4,6,7,6,5,3,3
2341,16,16,16,17,15,12,11,14,15,15,16,14,11,9,11,12,13,14,13,11,9
2342,0,0,0,0,0,0,0,0,0,0,0,0,0,0,0,0,0,0,0,0,0
2343,2,3,3,3,3,2,2,2,3,3,3,3,2,2,2,3,3,3,2,2,2
2344,1,2,2,2,1,1,1,1,2,2,2,2,1,1,1,2,2,2,1,1,1
2345,0,0,0,0,0,0,0,0,0,0,0,0,0,0,0,0,0,0,0,0,0
2346,0,0,1,1,0,0,0,0,0,1,1,0,0,0,0,0,1,1,0,0,0
2347,0,0,0,0,0,0,0,0,0,0,0,0,0,0,0,0,0,0,0,0,0
2348,0,0,0,0,0,0,0,0,0,0,0,0,0,0,0,0,0,0,0,0,0
2349,0,0,0,0,0,0,0,0,0,0,0,0,0,0,0,0,0,0,0,0,0
2350,0,0,0,0,0,0,0,0,0,0,0,0,0,0,0,0,0,0,0,0,0
2351,0,1,1,1,0,0,1,0,1,1,1,0,0,1,0,1,1,1,0,0,1
2352,0,0,0,0,0,0,0,0,0,0,0,0,0,0,0,0,0,0,0,0,0
2353,0,0,0,0,0,0,0,0,0,0,0,0,0,0,0,0,0,0,0,0,0
2354,0,0,0,0,0,0,0,0,0,0,0,0,0,0,0,0,0,0,0,0,0
2355,0,0,0,0,0,0,0,0,0,0,0,0,0,0,0,0,0,0,0,0,0
2356,10,12,12,10,8,8,8,10,12,12,10,8,8,8,10,12,12,10,8,8,8
2357,0,0,0,0,0,0,0,0,0,0,0,0,0,0,0,0,0,0,0,0,0
2358,0,0,0,0,0,0,0,0,0,0,0,0,0,0,0,0,0,0,0,0,0
2359,0,0,0,0,0,0,0,0,0,0,0,0,0,0,0,0,0,0,0,0,0
2360,0,0,0,0,0,0,0,0,0,0,0,0,0,0,0,0,0,0,0,0,0
2361,0,0,0,0,0,0,0,0,0,0,0,0,0,0,0,0,0,0,0,0,0
2362,2,2,2,2,2,2,2,2,2,2,2,2,2,2,2,2,2,2,2,2,2
2363,3,3,3,2,2,2,2,3,3,3,3,3,3,3,3,4,4,3,3,3,3
2364,10,11,12,10,9,9,8,10,11,12,10,9,9,8,10,11,12,10,9,8,8
2365,13,12,11,10,10,9,9,11,10,11,10,10,9,9,11,10,11,10,10,9,9
2366,2,2,3,3,3,2,2,2,2,3,3,3,2,2,2,2,3,3,3,2,2
2367,1,1,1,1,0,0,0,1,1,1,1,0,0,0,1,1,1,1,0,0,0
2368,1,1,1,1,1,1,1,1,1,1,1,1,1,1,1,1,1,1,1,1,1
2369,24,23,21,19,17,19,18,23,23,22,20,18,19,19,23,24,22,20,18,19,19
2370,0,1,1,0,0,0,1,0,0,1,0,0,0,1,0,1,1,0,0,0,1
2371,1,1,1,1,1,1,1,1,2,2,3,3,3,2,2,2,2,3,3,2,2
2372,0,0,0,0,0,0,0,0,0,0,0,0,0,0,0,0,0,0,0,0,0
2373,0,0,0,0,0,0,0,0,0,0,0,0,0,0,0,0,0,0,0,0,0
2374,0,0,0,0,0,0,0,0,0,0,0,0,0,0,0,0,0,0,0,0,0
2375,0,0,0,0,0,0,0,0,0,0,0,0,0,0,0,0,0,0,0,0,0
2376,6,6,7,8,9,7,5,6,6,7,8,9,7,5,6,6,7,8,9,7,5
2377,1,1,1,1,1,1,1,1,1,1,1,1,1,1,1,1,1,1,1,1,1
2378,0,0,0,0,0,0,0,0,0,0,0,0,0,0,0,0,0,0,0,0,0
2379,0,0,0,0,0,0,0,0,0,0,0,0,0,0,0,0,0,0,0,0,0
2380,4,4,2,1,1,2,3,4,4,2,1,1,2,3,4,4,2,1,1,2,3
2381,0,0,0,0,0,0,0,0,0,0,0,0,0,0,0,0,0,0,0,0,0
2382,136,145,158,154,132,116,108,136,155,172,163,134,118,112,137,150,162,156,132,121,112
2383,7,7,8,8,8,6,6,6,7,8,9,8,7,6,6,7,8,9,8,7,7
2384,3,2,2,2,2,2,2,2,2,2,2,2,2,2,2,2,2,2,2,2,2
2385,76,80,82,72,64,61,64,75,80,82,73,66,64,69,81,85,86,76,69,66,68
2386,1,1,1,1,1,1,1,1,1,1,1,1,1,1,1,1,1,1,1,1,1
2387,0,0,0,0,0,0,0,0,0,0,0,0,0,0,0,0,0,0,0,0,0
2388,9,8,8,9,9,8,7,8,8,9,9,9,8,7,7,7,7,7,7,7,6
2389,0,0,0,0,0,0,0,0,0,0,0,0,0,0,0,0,0,0,0,0,0
2390,0,0,0,0,0,0,0,0,0,0,0,0,0,0,0,0,0,0,0,0,0
2391,3,4,4,3,2,2,2,3,4,4,3,2,2,2,3,4,4,3,2,2,2
2392,2,2,2,3,3,2,1,2,2,2,3,3,2,1,2,2,2,3,3,2,1
2393,69,81,84,76,65,54,52,68,83,88,82,75,68,57,58,66,70,65,57,49,46
2394,129,158,162,152,128,102,98,140,167,163,149,121,97,97,131,152,153,143,123,109,99
2395,1,0,0,0,0,0,0,0,0,0,0,0,0,0,0,0,0,0,0,0,0
2396,12,11,9,8,8,8,9,11,11,9,8,8,9,11,15,13,9,8,8,8,10
2397,2,2,2,2,2,2,2,2,2,2,2,2,2,2,2,2,2,2,2,2,2
2398,0,0,0,0,0,0,0,0,0,0,0,0,0,0,0,0,0,0,0,0,0
2399,0,0,0,0,0,0,0,0,0,0,0,0,0,0,0,0,0,0,0,0,0
2400,3,3,3,2,2,3,3,4,4,3,2,2,2,3,3,3,2,2,2,2,2
2401,0,0,0,0,0,0,0,0,0,0,0,0,0,0,0,0,0,0,0,0,0
2402,0,0,0,0,0,0,0,0,0,0,0,0,0,0,0,0,0,0,0,0,0
2403,0,0,0,0,0,0,0,0,0,0,0,0,0,0,0,0,0,0,0,0,0
2404,1,1,1,1,1,1,1,2,2,1,1,1,1,1,1,1,1,1,1,1,1
2405,10,10,8,9,8,8,8,9,10,8,9,8,8,8,9,10,8,9,8,8,8
2406,17,18,17,16,15,13,13,16,19,19,17,14,13,13,15,17,16,15,13,12,13
2407,13,12,10,8,8,8,9,10,9,9,8,7,7,8,10,9,9,8,7,7,8
2408,9,9,8,7,6,6,6,8,7,7,6,6,5,6,7,7,7,6,6,6,6
2409,0,0,0,0,0,0,0,0,0,0,0,0,0,0,0,0,0,0,0,0,0
2410,52,56,56,55,49,40,33,42,50,53,54,49,39,29,33,41,48,52,49,44,35
2411,0,0,0,0,0,0,0,0,0,0,0,0,1,1,1,1,1,1,1,1,1
2412,0,0,0,0,0,0,0,0,0,0,0,0,0,0,0,0,0,0,0,0,0
2413,0,0,0,0,0,0,0,0,0,0,0,0,0,0,0,0,0,0,0,0,0
2414,0,0,0,0,0,0,0,0,0,0,0,0,0,0,0,0,0,0,0,0,0
2415,0,0,0,0,0,0,0,0,0,0,0,0,0,0,0,0,0,0,0,0,0
2416,0,0,0,0,0,0,0,0,0,0,0,0,0,0,0,0,0,0,0,0,0
2417,0,0,0,0,0,0,0,0,0,0,0,0,0,0,0,0,0,0,0,0,0
2418,0,0,0,0,0,0,0,0,0,0,0,0,0,0,0,0,0,0,0,0,0
2419,15,16,16,16,18,16,17,22,27,30,30,30,28,27,29,30,28,26,26,26,23
2420,2,3,3,2,2,1,1,2,3,3,2,2,1,1,2,3,3,2,2,1,1
2421,14,14,13,12,11,11,13,18,20,18,15,13,11,13,17,20,19,17,15,13,14
2422,1,2,2,2,1,1,1,1,2,2,2,1,1,1,1,2,2,2,1,1,1
2423,1,1,1,1,1,1,1,1,1,1,1,1,1,1,1,1,1,1,1,1,1
2424,2,2,2,2,2,2,2,2,2,2,2,2,2,2,2,2,3,2,3,3,3
2425,5,4,4,4,4,3,4,4,4,4,4,4,4,5,5,4,4,4,4,4,5
2426,0,0,0,0,0,0,0,0,0,0,0,0,0,0,0,0,0,0,0,0,0
2427,1,2,1,1,1,1,1,1,2,1,1,1,1,1,1,2,1,1,1,1,1
2428,3,4,4,3,3,3,3,3,4,4,3,3,3,3,3,4,4,3,3,3,3
2429,0,1,1,1,0,0,0,1,1,1,1,0,0,1,1,1,1,1,0,1,1
2430,0,0,0,0,0,0,0,0,0,0,0,0,0,0,0,0,0,0,0,0,0
2431,0,0,0,0,0,0,0,0,0,0,0,0,0,0,0,0,0,0,0,0,0
2432,0,0,0,0,0,0,0,0,0,0,0,0,0,0,0,0,0,0,0,0,0
2433,99,93,92,91,54,53,77,100,93,92,91,54,53,77,99,93,92,91,54,53,77
2434,0,2,2,2,2,2,2,0,2,2,2,2,2,2,0,2,2,2,2,2,2
2435,0,0,0,0,0,0,0,0,0,0,0,0,0,0,0,0,0,0,0,0,0
2436,2,2,2,1,1,1,1,1,2,1,1,1,1,1,1,1,1,1,1,1,1
2437,1,1,1,1,1,1,1,0,0,1,1,1,1,1,0,0,1,1,1,1,0
2438,11,11,10,8,7,5,6,8,10,10,9,8,6,6,8,10,10,9,8,7,7
2439,2,2,2,2,2,2,1,2,2,2,2,2,2,1,2,2,3,2,2,2,2
2440,0,0,0,0,0,0,0,0,0,0,0,0,0,0,0,0,0,0,0,0,0
2441,3,3,3,2,2,2,2,2,3,3,2,2,2,2,2,3,3,2,2,2,2
2442,2,2,2,2,2,2,2,2,2,2,2,2,2,2,2,2,2,2,2,2,2
2443,0,0,0,0,0,0,0,0,0,0,0,0,0,0,0,0,0,0,0,0,0
2444,0,0,0,0,0,0,0,0,0,0,0,0,0,0,0,0,0,0,0,0,0
2445,3,3,3,3,3,2,2,3,3,3,3,3,2,2,3,3,3,3,3,2,2
2446,0,0,0,0,0,0,0,0,0,0,0,0,0,0,0,0,0,0,0,0,0
2447,1,1,0,0,0,0,0,1,1,0,0,0,0,0,1,1,1,0,0,0,1
2448,7,8,6,6,5,6,6,7,7,6,6,5,6,6,7,7,6,6,5,6,6
2449,0,0,0,0,0,0,0,0,0,0,0,0,0,0,0,0,0,0,0,0,0
2450,0,0,0,0,0,0,0,0,0,0,0,0,0,0,0,0,0,0,0,0,0
2451,87,94,89,80,72,64,68,81,92,91,82,73,66,68,76,79,74,66,59,54,59
2452,39,39,42,37,36,33,34,39,38,42,37,36,33,34,39,38,42,37,36,33,34
2453,12,12,11,11,9,7,7,8,10,11,10,8,7,7,8,10,10,10,8,6,7
2454,31,33,36,35,33,28,27,32,34,37,36,33,29,28,31,31,32,31,29,26,25
2455,6,5,5,4,4,4,5,6,5,4,4,4,4,6,6,5,5,4,4,4,5
2456,4,3,4,4,3,2,3,3,3,4,3,3,2,2,3,3,4,3,3,2,2
2457,7,7,8,7,7,6,6,6,7,8,7,7,6,6,6,7,8,7,7,6,7
2458,79,86,84,76,79,74,80,78,88,86,75,76,71,77,72,78,75,66,70,67,73
2459,9,8,8,6,5,4,5,6,6,7,6,5,5,7,9,9,9,7,6,6,7
2460,2,2,2,2,2,2,2,2,2,2,2,2,2,2,2,2,2,2,2,2,2
2461,7,7,6,5,4,4,4,5,5,5,4,4,3,4,5,5,5,4,4,4,4
2462,1,1,1,0,1,1,1,1,1,1,0,0,1,1,1,1,0,0,0,0,1
2463,0,0,0,0,0,0,0,0,0,0,0,0,0,0,0,0,0,0,0,0,0
2464,1,1,1,1,1,1,1,1,1,0,0,0,0,1,1,0,0,1,1,1,1
2465,0,0,0,0,0,0,0,0,0,0,0,0,0,0,0,0,0,0,0,0,0
2466,46,38,34,31,31,32,35,42,36,34,29,26,27,28,31,21,18,16,16,20,23
2467,0,0,0,0,0,0,0,0,0,0,0,0,0,0,0,0,0,0,0,0,0
2468,0,0,0,0,0,0,0,0,0,0,0,0,0,0,0,0,0,0,0,0,0
2469,0,0,0,0,0,0,0,0,0,0,0,0,0,0,0,0,0,0,0,0,0
2470,0,0,0,0,0,0,0,0,0,0,0,0,0,0,0,0,0,0,0,0,0
2471,1,1,1,0,0,0,1,1,1,1,0,0,0,1,1,1,1,0,0,0,1
2472,1,1,1,1,1,1,1,1,1,1,1,1,1,1,1,1,1,1,1,1,1
2473,0,0,0,0,0,0,0,0,0,0,0,0,0,0,0,0,0,0,0,0,0
2474,0,0,0,0,0,0,0,0,0,0,0,0,0,0,0,0,0,0,0,0,0
2475,0,0,0,0,0,0,0,0,0,0,0,0,0,0,0,0,0,0,0,0,0
2476,0,0,0,0,0,0,0,0,1,1,1,0,0,0,0,1,1,1,0,0,0
2477,0,0,1,1,1,1,1,1,1,1,0,0,0,0,0,0,0,0,0,0,0
2478,1,1,1,1,1,1,1,1,1,1,1,1,1,1,1,2,1,1,1,1,1
2479,12,11,11,9,8,8,9,11,11,11,9,8,8,9,11,11,11,9,9,8,9
2480,0,0,0,0,0,0,0,0,0,0,0,0,0,0,0,0,0,0,0,0,0
2481,0,0,0,0,0,0,1,1,1,0,0,0,0,0,1,1,0,0,0,0,0
2482,0,0,0,0,0,0,0,0,0,0,0,0,0,0,0,0,0,0,0,0,0
2483,0,0,0,0,0,0,0,0,0,0,0,0,0,0,0,0,0,0,0,0,0
2484,0,0,0,0,0,0,0,0,0,0,0,0,0,0,0,0,0,0,0,0,0
2485,0,0,0,0,0,0,0,0,0,0,0,0,0,0,0,0,0,0,0,0,0
2486,0,0,0,0,0,0,0,0,0,0,0,0,0,0,0,0,0,0,0,0,0
2487,0,0,0,0,0,0,0,0,0,0,0,0,0,0,0,0,0,0,0,0,0
2488,0,0,0,0,0,0,0,0,0,0,0,0,0,0,0,0,0,0,0,0,0
2489,0,0,0,0,0,0,0,0,0,0,0,0,0,0,0,0,0,0,0,0,0
2490,0,0,0,0,0,0,0,0,0,0,0,0,0,0,0,0,0,0,0,0,0
2491,0,0,0,0,0,0,0,0,0,0,0,0,0,0,0,0,0,0,0,0,0
2492,3,3,3,3,3,3,3,3,3,3,3,3,3,3,3,3,3,3,3,3,3
2493,3,0,0,0,0,0,0,3,0,0,0,0,0,0,3,0,0,0,0,0,0
2494,0,0,0,0,0,0,0,0,0,0,0,0,0,0,0,0,0,0,0,0,0
2495,3,3,2,3,3,3,2,2,3,3,3,3,3,2,2,2,2,3,3,3,3
2496,5,6,7,6,5,5,4,5,6,7,6,5,5,4,5,6,7,6,5,5,4
2497,0,1,1,1,1,1,1,1,1,1,1,1,1,1,1,1,1,1,1,1,1
2498,0,0,0,0,0,1,1,1,1,1,1,1,1,1,1,1,1,1,1,1,1
2499,6,5,4,4,4,3,3,3,4,3,4,4,3,3,3,4,4,4,5,4,4
2500,0,0,0,0,0,0,0,0,0,0,0,0,0,0,0,0,0,0,0,0,0
2501,0,0,0,0,0,0,0,0,0,0,0,0,0,0,0,0,0,0,0,0,0
2502,1,1,1,1,1,1,1,1,1,1,1,1,1,1,1,1,1,1,1,1,1
2503,0,0,0,0,0,0,0,0,0,0,0,0,0,0,0,0,0,0,0,0,0
2504,0,0,0,0,0,0,0,0,0,0,0,0,0,0,0,0,0,0,0,0,0
2505,8,7,7,6,6,6,6,8,7,6,6,6,6,6,7,7,6,6,6,6,6
2506,3,2,2,2,1,1,1,2,2,2,2,2,2,2,3,2,2,2,2,2,2
2507,1,1,1,1,0,0,0,1,1,1,1,0,0,1,1,1,1,1,1,1,1
2508,0,1,1,1,0,0,0,0,1,1,1,0,0,0,0,1,1,1,0,0,0
2509,6,6,7,5,4,3,3,6,6,7,5,4,3,3,6,7,7,5,4,3,3
2510,0,0,0,0,0,0,0,0,0,0,0,0,0,0,0,0,0,0,0,0,0
2511,0,0,0,0,0,0,0,0,0,0,0,1,2,2,3,2,2,2,3,2,1
2512,0,0,0,0,0,0,0,0,0,0,0,0,0,0,0,0,0,0,0,0,0
2513,0,0,0,0,0,0,0,0,0,0,0,0,0,0,0,0,0,0,0,0,0
2514,0,1,0,0,0,1,0,0,1,0,0,0,1,0,0,1,0,0,0,1,0
2515,7,7,7,8,7,10,8,7,7,7,8,7,10,8,8,8,8,8,8,11,9
2516,0,0,0,0,0,0,0,0,0,0,0,0,0,0,0,0,0,0,0,0,0
2517,0,0,0,0,0,0,0,0,0,0,0,0,0,0,0,0,0,0,0,0,0
2518,8,10,11,10,8,6,4,8,11,11,10,8,6,4,8,11,11,10,8,6,5
2519,4,4,5,5,4,3,3,4,4,5,5,4,3,3,4,4,5,5,4,3,3
2520,17,21,24,23,17,12,13,17,21,23,22,17,12,13,17,21,23,22,17,12,13
2521,8,9,9,7,6,4,4,8,9,9,7,6,4,4,8,9,9,7,6,4,4
2522,40,51,47,40,35,26,27,40,51,47,40,35,26,27,40,51,47,40,35,26,27
2523,0,0,0,0,0,0,0,0,0,0,0,0,0,0,0,0,0,0,0,0,0
2524,1,1,1,1,1,1,1,1,1,1,1,1,1,1,1,1,1,1,1,1,1
2525,0,0,0,0,0,0,0,0,0,0,0,0,0,0,0,0,0,0,0,0,0
2526,5,7,5,5,5,4,4,5,7,5,5,5,4,4,5,7,5,5,5,4,4
2527,13,15,13,12,10,9,10,13,15,13,12,10,9,10,13,15,13,12,10,9,10
2528,66,80,82,76,68,59,60,74,87,86,78,68,60,62,71,80,77,69,59,53,54
2529,24,28,31,29,25,22,21,25,29,31,29,25,22,22,25,29,31,29,25,22,21
2530,1,1,1,1,1,1,1,1,1,1,1,1,1,1,1,1,1,1,1,1,1
2531,3,2,2,2,2,2,2,2,2,2,2,2,2,2,2,2,2,2,2,2,2
2532,16,23,26,27,22,13,12,15,23,27,27,22,13,12,15,23,27,27,22,13,12
2533,32,46,63,73,66,52,42,46,51,51,56,53,44,38,40,45,47,53,51,43,34
2534,79,94,96,90,80,68,66,85,107,115,104,91,80,80,89,96,95,86,77,71,74
2535,116,125,137,123,112,95,97,115,124,137,123,112,95,97,116,124,137,123,112,95,97
2536,156,165,172,172,146,130,137,173,198,208,195,151,132,147,176,175,171,158,126,120,137
2537,4,5,4,4,4,3,4,4,5,4,4,4,3,4,4,5,4,4,4,3,4
2538,11,13,12,9,8,6,8,11,14,13,9,8,6,8,11,13,12,9,8,6,8
2539,5,5,4,5,4,4,4,5,5,4,4,4,4,4,5,5,4,4,4,4,4
2540,13,16,14,14,11,9,9,13,16,14,14,11,9,9,13,16,14,14,11,9,9
2541,1,1,1,1,1,1,1,1,1,1,1,1,1,1,1,1,1,1,1,1,1
2542,1,2,2,1,1,1,1,1,2,2,1,1,1,1,1,2,2,1,1,1,1
2543,5,5,5,5,4,4,4,6,7,7,6,5,4,4,5,5,5,4,3,3,3
2544,0,0,0,0,0,0,0,0,0,0,0,0,0,0,0,0,0,0,0,0,0
2545,0,1,0,0,0,0,0,0,1,0,0,0,0,0,0,1,0,0,0,0,0
2546,17,20,22,16,14,13,12,17,20,21,16,14,12,12,17,19,21,16,14,13,12
2547,5,8,8,6,4,4,4,5,8,8,6,4,4,4,5,8,8,6,4,4,4
2548,1,2,1,1,1,1,1,1,2,1,1,1,1,1,1,2,2,1,1,1,1
2549,16,16,17,15,14,13,13,16,16,16,15,14,12,13,16,16,16,15,14,12,13
2550,4,5,8,6,6,5,5,4,5,8,5,6,5,4,4,5,8,5,6,5,4
2551,1,1,2,2,1,1,1,1,1,2,2,1,1,1,1,1,2,2,1,1,1
2552,9,9,9,7,7,6,7,9,9,8,7,6,6,7,8,9,8,7,6,6,7
2553,6,6,5,4,4,4,3,4,5,4,4,4,4,4,5,5,5,4,5,4,4
2554,0,1,1,1,1,1,1,1,1,1,1,1,1,1,1,1,1,1,1,1,1
2555,6,7,7,6,6,5,6,6,7,7,6,6,5,6,6,7,7,6,6,5,6
2556,133,141,134,90,82,88,100,133,141,134,90,82,88,100,133,141,134,90,82,88,100
2557,1,1,1,1,1,1,1,1,1,1,1,1,1,1,1,1,1,1,1,1,1
2558,0,0,0,0,0,0,0,0,0,0,0,0,0,0,0,0,0,0,0,0,0
2559,0,0,0,0,0,0,0,0,0,0,0,0,0,0,0,0,0,0,0,0,0
2560,0,0,0,0,0,0,0,0,0,0,0,0,0,0,0,0,0,0,0,0,0
2561,0,0,0,0,0,0,0,0,0,0,0,0,0,0,0,0,0,0,0,0,0
2562,0,0,0,0,0,0,0,0,0,0,0,0,0,0,0,0,0,0,0,0,0
2563,0,0,0,0,0,0,0,0,0,0,0,0,0,0,0,0,0,0,0,0,0
2564,0,0,0,0,0,0,0,1,1,1,1,1,1,1,1,1,1,1,1,1,1
2565,0,0,0,0,0,0,0,0,0,0,0,0,0,0,0,0,0,0,0,0,0
2566,0,0,0,0,0,0,0,0,0,0,0,0,0,0,0,0,0,0,0,0,0
2567,0,0,0,0,0,0,0,0,0,0,0,0,0,0,0,0,0,0,0,0,0
2568,0,0,0,0,0,0,0,0,0,0,0,0,0,0,0,0,0,0,0,0,0
2569,0,0,0,0,0,0,0,0,0,0,0,0,0,0,0,0,0,0,0,0,0
2570,0,0,0,0,0,0,0,0,0,0,0,0,0,0,0,0,0,0,0,0,0
2571,0,0,0,0,0,0,0,0,0,0,1,1,1,1,1,1,1,1,1,2,2
2572,12,13,12,9,8,7,8,12,13,12,9,8,7,8,12,13,12,9,8,7,8
2573,0,0,0,0,0,0,0,0,0,0,0,0,0,0,0,0,0,0,0,0,0
2574,0,0,0,0,0,0,0,0,0,0,0,0,0,0,0,0,0,0,0,0,0
2575,0,0,0,0,0,0,0,0,0,0,0,0,0,0,0,0,0,0,0,0,0
2576,3,1,1,0,0,0,0,1,1,1,1,0,1,1,2,1,1,1,1,1,1
2577,35,34,26,20,14,10,12,23,27,18,9,5,5,10,28,37,35,31,29,32,32
2578,4,3,2,1,1,1,1,1,1,1,1,1,1,1,1,1,1,1,1,1,1
2579,1,1,1,1,1,1,1,1,1,1,1,1,1,1,1,1,1,1,1,1,1
2580,50,58,59,54,50,42,41,48,56,57,50,43,35,35,43,50,51,47,43,37,37
2581,5,6,5,6,4,4,4,5,6,5,6,4,4,4,5,6,5,6,4,4,4
2582,0,0,0,0,0,0,0,0,0,0,0,0,0,0,0,0,0,0,0,0,0
2583,2,2,3,2,2,1,1,2,2,2,2,2,1,1,2,2,2,2,2,1,1
2584,5,5,5,4,3,3,4,4,5,5,5,3,3,3,4,5,5,5,4,3,4
2585,0,0,0,0,0,0,0,0,0,0,0,0,0,0,0,0,0,0,0,0,0
2586,0,0,0,0,0,0,0,0,0,0,0,0,0,0,0,0,0,0,0,0,0
2587,0,0,0,0,0,0,0,0,0,0,0,0,0,0,0,0,0,0,0,0,0
2588,0,0,0,0,0,0,0,0,0,0,0,0,0,0,0,0,0,0,0,0,0
2589,0,0,0,0,0,0,0,0,0,0,0,0,0,0,0,0,0,0,0,0,0
2590,9,12,12,10,9,10,9,9,12,11,10,9,10,9,9,12,11,10,9,10,9
2591,1,1,0,0,0,0,0,1,1,0,0,0,0,0,1,1,0,0,0,0,0
2592,4,5,4,3,3,2,2,4,5,4,3,3,2,2,4,5,4,3,3,2,2
2593,0,0,1,1,0,0,0,0,0,1,1,0,0,0,0,0,1,1,0,0,0
2594,1,1,2,1,1,1,1,1,1,2,1,1,1,1,1,1,2,1,1,1,1
2595,3,3,3,3,2,2,2,3,3,3,3,2,2,2,3,3,3,3,2,2,2
2596,1,1,1,1,0,0,1,1,1,1,1,0,0,1,1,1,1,1,0,0,1
2597,2,2,3,3,2,2,2,2,2,3,3,2,2,2,2,2,3,3,2,2,2
2598,1,1,1,1,1,1,1,1,1,1,1,1,1,1,1,1,1,1,1,1,1
2599,0,0,0,0,0,0,0,0,0,0,0,0,0,0,0,0,0,0,0,0,0
2600,0,0,0,0,0,0,0,0,0,0,0,0,0,0,0,0,0,0,0,0,0
2601,0,0,0,0,0,0,0,0,0,0,0,0,0,0,0,0,0,0,0,0,0
2602,0,0,0,0,0,0,0,0,0,0,0,0,0,0,0,0,0,0,0,0,0
2603,0,0,0,0,0,0,0,0,0,0,0,0,0,0,0,0,0,0,0,0,0
2604,0,0,0,0,0,0,0,0,0,0,0,0,0,0,0,0,0,0,0,0,0
2605,0,0,0,0,0,0,0,0,0,0,0,0,0,0,0,0,0,0,0,0,0
2606,5,5,5,4,4,3,3,3,4,5,4,4,3,3,4,6,6,5,5,4,4
2607,8,8,9,8,8,7,7,8,9,9,8,7,6,7,7,8,9,8,7,6,6
2608,0,0,0,0,0,0,0,0,0,0,0,0,0,0,0,0,0,0,0,0,0
2609,0,0,0,0,0,0,0,0,0,0,0,0,0,0,0,0,0,0,0,0,0
2610,0,0,0,0,0,0,0,0,0,0,0,0,0,0,0,0,0,0,0,0,0
2611,0,0,0,0,0,0,0,0,0,0,0,0,0,0,0,0,0,0,0,0,0
2612,0,0,0,0,0,0,0,0,0,0,0,0,0,0,0,0,0,0,0,0,0
2613,0,0,0,0,0,0,0,0,0,0,0,0,0,0,0,0,0,0,0,0,0
2614,203,190,189,152,82,93,128,203,190,189,152,82,93,128,203,190,189,152,82,93,128
2615,3,3,3,3,2,2,2,3,3,3,3,2,2,2,2,2,3,3,2,2,2
2616,0,0,0,0,0,0,0,0,0,0,0,0,0,0,0,0,0,0,0,0,0
2617,0,0,0,0,0,0,0,0,0,0,0,0,0,0,0,0,0,0,0,0,0
2618,0,0,0,0,0,0,0,0,0,0,0,0,0,0,0,0,0,0,0,0,0
2619,51,51,51,47,43,42,42,51,59,62,57,50,48,48,53,55,57,52,47,48,47
2620,14,16,14,16,15,11,12,14,16,14,16,15,11,12,14,16,14,16,15,11,12
2621,0,0,0,0,0,0,0,0,0,0,0,0,0,0,0,0,0,0,0,0,0
2622,6,6,6,6,5,4,4,5,6,6,6,5,4,5,7,8,7,7,6,5,5
2623,1,1,1,1,1,1,1,1,1,1,1,1,1,1,1,1,1,1,1,1,1
2624,12,14,14,14,13,12,12,13,18,19,17,14,12,12,13,17,18,17,14,13,13
2625,3,3,4,5,4,3,3,3,4,5,5,5,3,3,3,4,5,5,4,3,3
2626,3,4,4,4,4,3,3,4,4,5,4,4,3,3,4,4,4,4,4,3,3
2627,8,10,10,9,7,6,6,8,9,9,8,7,6,6,8,9,10,8,7,6,6
2628,20,22,25,24,20,17,16,20,22,25,24,19,17,16,20,22,25,24,19,17,16
2629,2,2,2,2,1,1,1,2,2,2,2,1,1,1,2,2,2,2,1,1,1
2630,8,9,9,9,7,6,6,8,9,9,9,7,6,6,8,9,9,9,7,6,6
2631,179,184,187,185,174,146,150,181,203,217,202,175,144,152,183,190,193,177,154,126,131
2632,0,0,0,0,0,0,0,0,0,0,0,0,0,0,0,0,0,0,0,0,0
2633,25,26,26,24,22,21,21,25,26,26,24,21,21,21,25,26,26,24,21,21,21
2634,22,24,28,27,23,17,16,22,24,28,27,23,16,16,22,24,28,27,23,16,16
2635,45,50,53,52,46,41,41,45,51,53,52,46,40,41,45,50,53,51,46,40,41
2636,0,0,0,0,0,0,0,0,0,0,0,0,0,0,0,0,0,0,0,0,0
2637,0,0,0,0,0,0,0,0,0,0,0,0,0,0,0,0,0,0,0,0,0
2638,0,0,0,0,0,0,0,0,0,0,0,0,0,0,0,0,0,0,0,0,0
2639,0,0,0,0,0,0,0,0,0,0,0,0,0,0,0,0,0,0,0,0,0
2640,0,0,0,0,0,0,0,0,0,0,0,0,0,0,0,0,0,0,0,0,0
2641,0,0,0,0,0,0,0,0,0,0,0,0,0,0,0,0,0,0,0,1,1
2642,0,0,0,0,0,0,0,0,0,0,0,0,0,0,0,0,0,0,0,0,0
2643,0,0,0,0,0,0,0,0,0,0,0,0,0,0,0,0,0,0,0,0,0
2644,3,1,1,1,1,1,1,4,1,1,1,1,1,1,4,1,1,1,1,1,1
2645,0,0,0,0,0,0,0,0,0,0,0,0,0,0,0,0,0,0,0,0,0
2646,0,0,0,0,0,0,0,0,0,0,0,0,0,0,0,0,0,0,0,0,0
2647,0,0,0,0,0,0,0,0,0,0,0,0,0,0,0,0,0,0,0,0,0
2648,1,1,2,2,1,1,1,1,1,2,1,1,1,1,1,1,2,1,1,1,1
2649,1,1,1,1,1,1,1,1,1,1,0,0,0,0,0,0,0,0,0,0,0
2650,0,0,0,0,0,0,0,0,0,0,0,0,0,0,0,0,0,0,0,0,0
2651,4,5,4,4,4,4,4,4,5,4,4,4,4,4,4,5,4,4,4,4,4
2652,4,4,4,4,4,4,4,4,4,4,4,4,4,4,4,4,4,4,4,4,4
2653,0,0,0,0,0,0,0,0,0,0,0,0,0,0,0,0,0,0,0,0,0
2654,1,1,1,0,0,0,1,1,1,0,0,0,0,1,1,1,1,0,0,1,1
2655,0,0,0,0,0,0,0,0,0,0,0,0,0,0,0,0,0,0,0,0,0
2656,0,0,0,0,0,0,0,0,0,0,0,0,0,0,0,0,0,0,0,0,0
2657,1,1,0,0,0,0,0,0,0,0,0,0,0,0,0,0,0,0,0,0,0
2658,3,2,2,2,2,1,1,2,2,2,2,2,1,1,2,3,3,3,2,1,1
2659,1,1,1,2,1,1,1,1,1,1,2,1,1,1,1,1,1,2,1,1,1
2660,41,40,43,39,35,31,31,38,38,42,39,34,30,31,40,42,45,41,38,35,36
2661,3,3,3,3,3,3,2,3,3,3,3,3,2,2,3,3,3,3,3,2,2
2662,6,7,8,7,6,5,6,7,8,8,7,6,5,6,7,8,8,7,6,5,6
2663,2,2,2,3,2,2,2,2,2,2,2,2,2,1,2,2,2,2,2,2,2
2664,29,32,33,32,27,24,24,30,36,37,35,29,25,26,32,36,37,36,31,28,28
2665,18,18,19,18,18,16,18,23,27,27,23,20,18,20,21,22,23,21,19,20,19
2666,3,3,3,3,3,2,2,3,3,3,3,3,2,2,3,3,3,3,3,2,2
2667,3,3,3,3,3,3,3,3,3,3,3,3,2,2,3,3,3,3,3,2,2
2668,4,6,6,5,4,3,3,4,6,6,5,4,3,3,4,6,6,5,4,3,3
2669,6,6,7,7,6,4,5,6,6,7,6,6,4,4,6,6,7,6,6,4,4
2670,33,37,37,36,34,31,29,33,37,34,30,25,23,23,27,33,34,32,31,33,28
2671,3,3,3,3,2,2,2,3,3,3,3,2,1,1,3,3,3,3,2,1,1
2672,13,13,12,11,10,10,11,13,13,12,11,11,10,11,13,13,12,11,10,10,11
2673,0,1,1,0,0,0,0,0,1,1,0,0,0,0,0,1,1,0,0,0,0
2674,0,0,0,0,0,0,0,0,0,0,0,0,0,0,0,0,0,0,0,0,0
2675,5,4,4,4,3,3,5,5,4,4,4,3,3,5,5,4,4,4,3,3,5
2676,15,15,17,15,14,12,12,14,15,17,15,14,12,12,16,18,20,18,18,17,17
2677,11,12,12,11,11,10,10,11,12,12,11,11,9,10,11,12,12,11,11,9,9
2678,13,13,13,12,11,11,11,13,13,13,12,11,11,11,13,13,13,11,11,10,11
2679,1,1,1,1,1,1,1,1,1,1,1,1,1,1,1,1,1,1,1,1,1
2680,2,2,2,2,2,1,1,2,2,2,2,2,1,1,2,2,2,2,2,1,1
2681,3,3,3,3,2,3,3,3,3,3,3,2,3,3,3,3,3,3,2,3,3
2682,3,4,4,4,3,3,2,3,4,4,4,3,3,2,3,4,4,4,3,3,2
2683,0,0,0,0,0,0,0,0,0,0,0,0,0,0,0,0,0,0,0,0,0
2684,1,2,1,2,1,1,1,1,2,1,2,1,1,1,1,2,1,2,1,1,1
2685,12,12,13,9,9,8,9,12,12,13,9,9,8,9,12,12,12,9,9,8,9
2686,10,11,12,11,11,9,9,10,11,12,11,11,9,9,10,11,11,11,11,9,9
2687,23,31,37,36,28,20,19,25,40,53,49,33,22,22,32,42,47,46,39,30,28
2688,5,5,4,2,2,2,3,5,5,4,2,2,2,3,5,5,4,2,2,2,3
2689,0,0,0,0,0,0,0,0,0,0,0,0,0,0,0,0,0,0,0,0,0
2690,2,2,2,2,2,2,2,2,3,2,2,2,2,2,2,3,3,2,2,2,2
2691,34,36,35,31,30,26,27,29,33,35,31,29,26,28,28,30,31,29,28,26,28
2692,4,4,4,4,4,3,4,4,4,4,4,3,3,3,4,3,4,3,3,3,3
2693,45,46,44,42,43,44,49,61,60,45,30,25,23,25,35,40,41,36,34,34,37
2694,3,3,3,2,2,2,2,3,3,3,2,2,2,2,3,3,3,2,2,2,2
2695,29,28,26,25,26,25,26,28,26,25,24,25,25,21,18,16,18,22,26,26,22
2696,4,4,4,4,3,3,3,4,4,4,4,3,3,3,4,4,4,4,3,3,3
2697,4,5,4,4,4,3,4,4,5,5,4,4,3,4,4,5,4,4,3,3,4
2698,0,0,0,0,0,0,0,0,0,0,0,0,0,0,0,0,0,0,0,0,0
2699,2,2,2,2,2,2,2,2,2,2,2,2,2,2,2,2,2,2,2,2,2
2700,1,1,1,1,1,1,1,1,1,1,1,1,1,1,1,1,1,1,1,1,1
2701,0,0,0,0,0,0,0,0,0,0,0,0,0,0,0,0,0,0,0,0,0
2702,1,1,1,1,1,1,1,2,1,1,1,1,1,1,2,2,1,1,1,1,1
2703,0,1,1,1,1,1,1,1,1,1,1,1,1,1,1,1,1,1,1,1,1
2704,0,0,0,0,0,0,0,0,0,0,0,0,0,0,0,0,0,0,0,0,0
2705,0,0,0,1,0,0,0,0,0,0,1,0,0,0,0,0,0,1,0,0,0
2706,1,0,0,1,1,1,1,1,0,0,1,1,1,1,1,0,0,1,1,1,1
2707,2,2,1,2,2,1,2,2,2,1,2,2,1,2,2,2,1,2,2,1,2
2708,0,0,0,0,0,0,0,0,0,0,0,0,0,0,0,0,0,0,0,0,0
2709,0,0,0,0,0,0,0,0,0,0,0,0,0,0,0,0,0,0,0,0,0
2710,0,0,0,0,0,0,0,0,0,0,0,0,0,0,0,0,0,0,0,0,0
2711,0,0,0,0,0,0,0,0,0,0,0,0,0,0,0,0,0,0,0,0,0
2712,0,0,0,0,0,0,0,0,0,0,0,0,0,0,0,0,0,0,0,0,0
2713,0,0,0,0,0,0,0,0,0,0,0,0,0,0,0,0,0,0,0,0,0
2714,1,1,2,2,2,1,0,1,1,2,2,2,1,0,1,1,2,2,2,1,0
2715,0,0,0,0,0,0,0,0,0,0,0,0,0,0,0,0,0,0,0,0,0
2716,0,0,0,1,0,0,0,0,0,0,1,0,0,0,0,0,0,1,0,0,0
2717,2,3,4,4,4,4,4,5,5,4,4,4,4,4,4,4,4,3,3,4,4
2718,4,3,6,4,4,4,3,4,3,6,4,4,4,3,4,3,7,4,4,4,3
2719,0,0,0,0,0,0,0,0,0,0,0,0,0,0,0,0,0,0,0,0,0
2720,0,0,0,0,0,0,0,0,0,0,0,0,0,0,0,0,0,0,0,0,0
2721,0,0,0,0,0,0,0,0,0,0,0,0,0,0,0,0,0,0,0,0,0
2722,2,2,2,1,1,1,1,1,1,1,1,1,1,1,1,1,1,1,1,1,1
2723,3,2,1,1,1,1,1,1,1,1,1,1,1,1,2,2,2,2,2,2,2
2724,0,0,1,1,1,1,0,1,0,0,1,1,1,0,0,0,0,1,1,1,0
2725,0,1,1,1,1,1,1,1,1,1,1,1,1,1,1,1,1,1,0,0,1
2726,2,2,2,2,2,2,2,3,3,3,2,2,2,2,3,3,3,2,2,2,2
2727,2,3,5,6,6,5,6,7,7,8,8,7,6,6,7,8,7,6,6,5,5
2728,3,4,3,3,3,3,3,3,4,3,3,3,3,3,3,4,3,3,3,3,3
2729,0,0,0,1,0,0,0,0,0,0,1,0,0,0,0,0,0,1,0,0,0
2730,1,1,1,1,1,1,1,2,1,1,1,1,1,1,2,1,1,1,1,1,1
2731,1,1,1,1,1,1,1,1,1,1,1,0,0,0,1,1,1,1,1,1,1
2732,0,0,0,0,0,0,0,0,0,0,0,0,0,0,0,0,0,0,0,0,0
2733,1,0,0,0,0,0,0,0,0,0,0,0,0,0,0,0,0,0,0,0,0
2734,7,8,8,6,3,2,5,7,8,8,6,3,2,5,7,8,8,6,3,2,5
2735,168,228,247,218,158,132,129,161,218,234,204,145,122,122,154,211,231,203,146,124,122
2736,0,0,0,0,0,0,0,0,1,1,1,0,0,0,0,1,1,1,0,0,0
2737,0,1,1,1,1,1,1,1,1,1,1,0,1,1,1,1,1,0,0,1,1
2738,20,20,18,19,20,21,22,24,24,22,22,22,22,24,22,19,15,14,14,15,15
2739,1,1,1,1,0,0,1,1,1,1,1,0,0,1,1,1,1,1,0,0,1
2740,1,1,1,1,1,1,0,1,1,1,1,1,1,0,1,1,1,1,1,1,0
2741,0,0,0,0,0,0,0,0,0,0,0,0,0,0,0,0,0,0,0,0,0
2742,0,0,0,0,0,0,0,0,0,0,0,0,0,0,0,0,0,0,0,0,0
2743,0,0,0,0,0,0,0,0,0,0,0,0,0,0,0,0,0,0,0,0,0
2744,0,0,0,0,0,0,0,0,0,0,0,0,0,0,0,0,0,0,0,0,0
2745,33,41,42,38,35,28,27,36,44,44,39,36,29,28,35,41,40,35,32,26,25
2746,41,45,48,46,44,39,38,48,54,56,51,46,42,37,41,43,44,40,41,43,45
2747,3,3,3,2,2,2,2,2,3,3,2,2,2,2,3,3,3,2,2,2,2
2748,0,0,0,0,0,0,0,0,0,0,0,0,0,0,0,0,0,0,0,0,0
2749,50,58,58,57,52,44,48,56,65,62,58,51,45,52,53,56,53,49,47,47,52
2750,3,3,3,2,2,2,3,3,3,3,2,2,2,3,3,3,3,2,2,2,3
2751,0,0,0,0,0,0,0,0,0,0,0,0,0,0,0,0,0,0,0,0,0
2752,32,34,32,29,25,23,24,32,35,33,29,25,22,23,31,34,32,29,25,23,24
2753,3,3,3,3,2,2,2,3,3,3,3,2,2,2,3,3,3,3,3,2,2
2754,22,21,23,21,18,15,15,22,21,23,21,18,14,14,22,21,23,21,18,14,14
2755,19,21,22,22,20,17,18,22,26,27,25,22,20,20,19,18,18,17,16,16,17
2756,3,3,3,3,3,2,3,3,3,3,3,2,2,3,3,3,3,3,2,2,3
2757,70,81,85,60,54,47,50,83,94,93,64,56,49,52,82,90,84,53,46,42,41
2758,12,12,12,13,12,10,11,12,12,13,13,12,11,11,13,12,12,12,11,10,10
2759,6,6,6,5,5,4,5,5,6,6,5,5,4,5,6,6,6,5,5,4,5
2760,1,1,1,1,0,0,1,1,1,0,0,0,0,0,0,0,0,0,0,0,0
2761,18,18,17,15,12,12,14,17,18,17,14,11,11,14,17,17,17,14,11,12,13
2762,1,1,1,1,1,1,1,1,1,1,1,1,1,1,1,1,1,1,1,1,1
2763,12,12,11,10,9,8,8,10,10,10,10,9,8,7,10,11,11,10,9,8,8
2764,2,2,2,3,3,2,2,2,3,2,3,3,2,2,2,3,2,3,3,2,2
2765,5,5,4,4,4,4,4,4,5,4,4,4,4,4,4,5,4,4,4,4,4
2766,3,3,3,2,2,2,2,3,3,3,2,2,1,2,3,3,2,2,2,1,2
2767,6,7,7,6,5,4,4,5,6,6,5,4,4,4,5,6,6,5,5,4,4
2768,30,33,34,46,49,47,42,43,44,32,33,33,32,29,34,39,34,42,45,47,40
2769,0,0,0,0,0,0,0,0,0,0,0,0,0,0,0,0,0,0,0,0,0
2770,1,0,0,0,0,0,0,0,0,0,0,0,0,0,1,1,1,0,0,0,0
2771,13,13,11,10,10,9,10,11,12,11,10,10,9,10,11,11,10,9,8,8,8
2772,0,0,0,0,0,0,0,0,0,0,0,0,0,0,0,0,0,0,0,0,0
2773,3,3,3,3,4,3,4,3,4,4,3,4,3,4,3,4,4,3,4,4,4
2774,9,11,11,11,10,7,7,7,10,10,10,9,6,6,7,10,9,9,8,6,6
2775,186,190,188,152,139,152,161,195,202,201,158,137,149,160,190,184,178,139,126,144,157
2776,39,51,58,59,52,42,43,53,66,68,65,56,46,46,47,53,55,53,47,44,39
2777,39,44,48,46,44,37,37,44,46,46,41,38,32,30,33,34,38,36,37,37,36
2778,15,17,18,17,16,14,15,18,21,22,18,16,14,14,15,16,16,13,11,10,9
2779,215,227,263,251,237,210,203,234,250,289,276,259,235,235,258,244,254,234,227,219,221
2780,69,72,74,68,67,61,65,71,71,71,62,60,58,58,50,48,54,55,65,63,61
2781,135,152,168,163,134,109,104,146,164,176,169,135,108,103,136,150,166,161,133,116,107
2782,5,6,7,8,6,6,5,5,6,7,8,6,6,5,5,6,7,8,6,6,5
2783,0,0,0,0,0,0,0,0,0,0,0,0,0,0,0,0,0,0,0,0,0
2784,5,4,4,3,2,3,4,5,4,4,3,2,3,4,5,4,4,3,2,3,4
2785,38,38,39,38,32,28,27,37,37,39,38,32,28,26,37,37,39,38,32,28,27
2786,29,38,38,35,33,27,28,36,45,44,38,33,27,27,32,40,39,34,30,24,26
2787,3,3,2,2,2,1,2,3,3,2,2,2,1,2,3,3,2,2,2,1,2
2788,130,150,194,196,177,113,104,139,158,198,196,177,118,114,133,139,179,177,160,105,101
2789,97,123,119,118,101,74,68,95,126,124,122,103,77,74,88,106,104,105,91,65,53
2790,37,41,40,37,34,33,35,36,39,39,34,29,27,29,28,31,32,31,30,31,34
2791,0,0,0,0,0,0,0,0,0,0,0,0,0,0,0,0,0,0,0,0,0
2792,1,1,1,1,1,0,1,1,1,1,1,1,0,1,1,1,1,1,1,1,1
2793,15,16,14,12,11,10,9,11,12,12,10,9,8,8,12,14,13,11,10,9,8
2794,29,38,37,30,24,22,21,29,38,37,30,24,22,21,29,38,37,30,24,22,21
2795,0,0,0,0,0,0,0,0,0,0,0,0,0,0,0,0,0,0,0,0,0
2796,12,14,16,13,10,9,9,11,14,16,13,10,9,9,11,14,15,13,10,9,9
2797,9,9,8,7,7,6,8,9,9,8,7,7,6,8,9,9,8,7,7,6,8
2798,19,17,16,16,14,11,14,19,17,16,16,13,11,14,18,14,12,13,11,9,11
2799,12,14,13,13,11,9,8,10,13,13,13,11,10,9,10,13,13,12,10,9,8
2800,2,3,3,3,3,2,2,2,2,3,3,3,2,2,2,3,3,3,3,2,2
2801,4,4,5,4,4,4,4,4,5,5,5,4,4,4,4,5,5,5,4,4,5
2802,3,3,3,2,2,2,2,2,2,2,2,2,2,2,3,3,3,2,2,2,2
2803,2,2,2,2,2,2,2,2,3,2,3,2,2,2,2,3,3,3,2,2,2
2804,117,140,160,164,137,102,99,122,147,161,155,137,134,161,136,118,116,101,84,78,99
2805,11,11,11,11,11,9,10,11,11,11,11,10,9,10,10,9,8,8,7,6,7
2806,29,39,32,28,18,20,20,29,39,32,28,17,20,20,29,40,32,28,17,20,20
2807,33,36,43,42,37,30,28,39,55,70,72,66,59,56,57,56,59,54,48,43,35
2808,1,2,2,2,2,2,1,2,2,2,2,2,1,1,1,2,2,2,2,1,1
2809,2,2,2,2,1,1,1,2,2,2,2,1,1,1,2,2,2,2,2,1,2
2810,1,1,2,2,1,1,1,1,2,2,2,1,1,1,2,2,2,2,1,1,1
2811,0,0,0,0,0,0,0,0,0,0,0,0,0,0,0,0,0,0,0,0,0
2812,1,1,1,0,1,0,0,1,1,1,0,1,0,0,1,1,1,0,1,0,0
2813,70,70,72,67,68,66,69,70,70,72,67,68,66,69,70,70,72,67,68,66,69
2814,7,8,9,8,6,5,4,7,8,9,8,6,5,4,7,8,9,8,6,5,5
2815,39,46,45,36,33,32,35,42,50,48,36,32,31,34,41,48,46,35,31,31,34
2816,4,5,4,4,4,3,3,4,5,4,4,4,3,3,4,5,4,4,4,3,3
2817,10,10,10,10,8,7,7,7,9,9,10,7,6,6,7,8,9,9,7,6,6
2818,7,8,7,7,6,6,6,8,8,8,7,6,6,6,9,9,8,8,6,6,7
2819,21,23,24,21,18,17,17,21,23,24,20,17,15,16,20,22,23,19,16,15,16
2820,43,43,43,39,35,31,34,45,46,45,40,33,30,33,42,40,37,32,27,26,30
2821,29,35,33,27,24,20,20,24,31,29,22,19,16,18,23,30,29,23,20,16,17
2822,62,65,66,64,57,54,53,63,64,64,59,52,49,50,58,57,56,52,45,45,45
2823,5,7,13,13,11,6,3,5,7,13,13,11,6,3,5,7,13,13,11,6,3
2824,9,9,8,8,6,5,5,7,9,9,9,7,6,7,9,8,8,8,6,5,6
2825,16,17,18,15,12,16,13,17,18,19,15,12,16,14,20,21,20,15,12,17,16
2826,8,8,8,5,6,4,5,8,9,9,6,6,5,6,9,10,10,7,7,6,7
2827,17,20,21,18,15,12,11,17,24,27,25,21,19,21,21,18,19,17,15,14,15
2828,3,3,2,2,3,2,2,3,3,2,2,3,2,2,3,3,2,2,3,2,2
2829,1,1,1,1,1,1,1,1,1,1,1,1,1,1,1,1,1,1,1,1,1
2830,1,1,1,1,1,1,1,1,1,1,1,1,1,1,1,1,1,1,1,1,1
2831,1,2,2,2,2,2,1,1,2,2,2,2,2,1,1,2,2,2,2,2,1
2832,14,17,14,15,13,12,12,14,16,14,15,13,12,12,14,16,14,15,13,12,12
2833,1,1,1,1,1,1,1,1,1,1,1,1,1,1,1,1,1,1,1,1,1
2834,1,2,2,2,2,1,1,2,2,3,3,2,1,1,2,2,3,3,2,2,2
2835,0,0,1,1,0,0,0,0,0,1,1,0,0,0,0,0,1,1,0,0,0
2836,0,0,0,0,0,0,0,0,0,0,0,0,0,0,0,0,0,0,0,0,0
2837,0,0,0,0,0,0,0,0,0,0,0,0,0,0,0,0,0,0,0,0,0
2838,1,2,1,1,1,1,1,1,1,1,1,1,1,1,1,1,1,1,1,1,1
2839,4,3,2,3,2,2,2,2,2,2,3,2,2,2,3,3,2,3,3,2,2
2840,1,1,1,1,1,1,1,1,1,1,1,1,1,1,1,1,1,1,1,1,1
2841,1,1,1,2,1,1,1,1,1,1,2,1,1,1,1,1,1,2,1,1,1
2842,1,2,2,2,2,1,1,1,1,2,2,2,1,1,1,1,1,1,1,1,1
2843,4,6,7,7,9,8,4,2,5,6,7,9,8,5,3,6,6,7,9,8,4
2844,0,0,0,0,0,0,0,0,0,0,0,0,0,0,0,0,0,0,0,0,0
2845,0,0,0,0,0,0,0,0,0,0,0,0,0,0,0,0,0,0,0,0,0
2846,0,0,0,0,0,0,0,0,0,0,0,0,0,0,0,0,0,0,0,0,0
2847,0,0,0,0,0,0,0,0,0,0,0,0,0,0,0,0,0,0,0,0,0
2848,0,0,0,0,0,0,0,0,0,0,0,0,0,0,0,0,0,0,0,0,0
2849,1,1,1,1,1,1,1,1,1,1,1,1,1,1,1,1,1,1,1,1,1
2850,0,0,0,0,0,0,0,0,0,0,0,0,0,0,0,0,0,0,0,0,0
2851,0,0,0,0,0,0,0,0,0,0,0,0,0,0,0,0,0,0,0,0,0
2852,0,0,0,0,0,0,0,0,0,0,0,0,0,0,0,0,0,0,0,0,0
2853,0,0,0,0,0,0,0,0,0,0,0,0,0,0,0,0,0,0,0,0,0
2854,3,3,3,2,1,1,1,2,2,2,2,1,1,1,2,2,2,2,1,1,2
2855,0,0,0,0,0,0,0,0,0,0,0,0,0,0,0,0,0,0,0,0,0
2856,0,0,0,0,0,0,0,0,0,0,0,0,0,0,0,0,0,0,0,0,0
2857,0,0,0,0,0,0,0,0,0,0,0,0,0,0,0,0,0,0,0,0,0
2858,0,0,0,0,0,0,0,0,0,0,0,0,0,0,0,0,0,0,0,0,0
2859,0,0,0,0,0,0,0,0,0,0,0,0,0,0,0,0,0,0,0,0,0
2860,0,0,0,0,0,0,0,0,0,0,0,0,0,0,0,0,0,0,0,0,0
2861,0,0,0,0,0,0,0,0,0,0,0,0,0,0,0,0,0,0,0,0,0
2862,0,0,0,0,0,0,0,0,0,0,0,0,0,0,0,0,0,0,0,0,0
2863,1,1,1,0,0,0,1,1,1,1,0,0,0,1,1,1,1,0,0,0,1
2864,12,13,12,4,6,5,6,12,13,11,4,6,5,6,12,13,11,4,6,5,6
2865,1,1,1,0,0,1,1,1,1,1,0,0,1,1,1,1,1,0,0,1,1
2866,0,0,0,0,0,0,0,0,0,0,0,0,0,0,0,0,0,0,0,0,0
2867,1,1,1,1,1,1,1,1,1,1,1,1,1,1,1,1,1,1,1,1,1
2868,1,0,0,0,0,0,0,0,0,0,0,0,0,0,0,0,0,0,0,0,0
2869,0,0,0,0,0,0,0,0,0,0,0,0,0,0,0,0,0,0,0,0,0
2870,0,1,1,2,3,2,2,0,1,1,2,3,2,2,0,1,1,2,3,2,2
2871,0,0,0,1,1,0,0,0,0,0,1,1,0,0,0,0,0,1,1,0,0
2872,0,0,0,0,0,0,0,0,0,0,0,0,0,0,0,0,0,0,0,0,0
2873,0,0,0,0,0,0,0,0,0,0,0,0,0,0,0,0,0,0,0,0,0
2874,0,0,0,0,0,0,0,0,0,0,0,0,0,0,0,0,0,0,0,0,0
2875,0,0,0,0,0,0,0,0,0,0,0,0,0,0,0,0,0,0,0,0,0
2876,1,1,1,0,0,1,1,1,1,1,0,0,0,1,1,1,1,0,0,0,0
2877,2,2,1,1,1,1,1,1,1,1,1,1,1,1,1,1,1,1,1,1,1
2878,3,2,1,1,1,1,1,1,1,1,1,1,0,1,1,1,2,3,2,2,3
2879,0,0,0,0,1,0,0,0,0,0,0,1,0,0,0,0,0,0,1,0,0
2880,0,0,0,0,0,0,0,0,0,0,0,0,0,0,0,0,0,0,0,0,0
2881,0,0,0,0,0,0,0,0,0,0,0,0,0,0,0,0,0,0,0,0,0
2882,1,0,0,0,0,0,0,0,0,0,0,0,0,0,0,0,0,0,0,0,0
2883,0,0,0,0,0,0,0,0,0,0,0,0,0,0,0,0,0,0,0,0,0
2884,0,0,0,0,0,0,0,0,0,0,0,0,0,0,0,0,0,0,0,0,0
2885,0,0,0,0,0,0,0,0,0,0,0,0,0,0,0,0,0,0,0,0,0
2886,0,0,0,0,0,0,0,0,0,0,0,0,0,0,0,0,0,0,0,0,0
2887,0,0,0,0,0,0,0,0,0,0,0,0,0,0,0,0,0,0,0,0,0
2888,1,1,1,1,1,0,1,1,1,1,1,1,0,1,1,1,1,1,1,0,1
2889,0,1,1,1,1,1,1,1,1,1,1,1,1,1,1,1,1,1,1,1,1
2890,0,0,0,0,0,0,0,0,0,0,0,0,0,0,0,0,0,0,0,0,0
2891,0,0,0,0,0,0,0,0,0,0,0,0,0,0,0,0,0,0,0,0,0
2892,0,0,0,0,0,0,0,0,0,0,0,0,0,0,0,0,0,0,0,0,0
2893,2,2,2,2,3,2,2,2,2,2,2,3,2,2,2,2,2,2,3,2,2
2894,1,1,1,1,1,1,1,1,1,1,1,1,1,1,1,1,1,1,1,1,1
2895,0,0,0,0,0,0,0,0,0,0,0,0,0,0,0,0,0,0,0,0,0
2896,0,0,0,0,0,0,0,0,0,0,0,0,0,0,0,0,0,0,0,0,0
2897,27,27,27,25,24,24,25,29,30,28,25,23,23,25,27,26,24,21,20,21,22
2898,14,15,16,17,16,15,14,15,15,16,17,16,15,14,15,15,16,17,16,15,14
2899,3,4,4,3,3,2,3,3,4,4,4,3,3,3,4,5,5,4,4,3,3
2900,10,11,11,11,10,8,8,10,12,13,13,10,8,8,10,12,13,12,11,9,9
2901,2,2,3,2,2,2,2,2,2,2,2,2,2,2,2,2,2,2,2,1,2
2902,9,9,8,9,8,7,7,9,9,8,9,8,7,7,9,9,8,9,8,7,7
2903,1,2,2,1,1,1,1,1,2,2,1,1,1,1,1,2,2,1,1,1,1
2904,0,0,0,0,0,0,0,0,0,0,0,0,0,0,0,0,0,0,0,0,0
2905,0,0,0,0,0,0,0,0,0,0,0,0,0,0,0,0,0,0,0,0,0
2906,0,0,0,0,0,0,0,0,0,0,0,0,0,0,0,0,0,0,0,0,0
2907,15,16,14,16,15,11,13,15,16,14,16,15,11,13,15,16,14,16,15,11,13
2908,1,1,1,0,1,1,2,3,3,2,0,0,0,0,1,1,1,0,0,0,0
2909,4,5,7,7,7,6,5,4,4,3,3,2,2,2,2,1,1,1,1,2,2
2910,1,1,1,1,1,1,1,1,1,1,1,1,1,1,1,1,1,1,1,1,1
2911,10,11,13,12,11,10,9,10,11,13,12,11,10,9,10,11,13,12,11,10,9
2912,12,13,11,10,10,10,9,12,13,11,10,10,10,9,12,13,11,10,10,10,9
2913,1,2,3,2,2,2,3,3,2,1,1,1,0,1,1,1,0,0,0,0,0
2914,23,26,24,20,18,18,19,23,26,24,20,18,18,19,23,26,24,20,18,18,19
2915,11,9,9,11,10,9,10,10,9,9,11,10,9,10,10,9,9,11,10,9,10
2916,5,5,5,5,4,4,4,5,5,5,5,4,4,4,5,5,5,5,4,4,4
2917,0,0,1,0,0,0,0,0,0,1,0,0,0,0,0,0,1,0,0,0,0
2918,0,0,0,0,0,0,0,0,0,0,0,0,0,0,0,0,0,0,0,0,0
2919,12,13,11,9,8,9,11,17,20,21,18,15,16,17,19,17,13,10,8,10,12
2920,1,2,1,2,1,2,2,1,2,1,2,1,2,2,1,2,1,2,1,2,2
2921,3,4,4,3,3,3,4,4,4,4,4,3,3,4,4,4,4,3,3,3,3
2922,0,0,0,0,0,0,0,0,0,0,0,0,0,0,0,0,0,0,0,0,0
2923,21,25,24,21,18,17,19,22,26,25,21,18,17,19,23,27,25,22,19,17,19
2924,1,1,1,1,1,1,1,1,1,1,1,1,1,1,1,1,1,1,1,1,1
2925,0,0,0,0,0,0,0,0,0,0,0,0,0,0,0,0,0,0,0,0,0
2926,1,1,1,1,1,1,1,1,1,1,1,1,1,1,1,1,1,1,1,1,1
2927,0,0,0,0,0,0,0,0,0,0,0,0,0,0,0,0,0,0,0,0,0
2928,0,0,0,0,0,0,0,0,0,0,0,0,0,0,0,0,0,0,0,0,0
2929,0,0,0,0,0,0,0,0,0,0,0,0,0,0,0,0,0,0,0,0,0
2930,0,0,0,0,0,0,0,0,0,0,0,0,0,0,0,0,0,0,0,0,0
2931,0,0,0,0,0,0,0,0,0,0,0,0,0,0,0,0,0,0,0,0,0
2932,0,0,0,0,0,0,0,0,0,0,0,0,0,0,0,0,0,0,0,0,0
2933,0,0,0,0,0,0,0,1,0,0,0,0,0,0,1,0,0,0,0,0,0
2934,0,0,0,0,0,0,0,0,0,0,0,0,0,0,0,0,0,0,0,0,0
2935,0,0,0,0,0,0,0,0,0,0,0,0,0,0,0,0,0,0,0,0,0
2936,0,0,0,0,0,0,0,0,0,0,0,0,0,0,0,0,0,0,0,0,0
2937,0,0,0,0,0,0,0,0,0,0,0,0,0,0,0,0,0,0,0,0,0
2938,0,0,0,0,0,0,0,0,0,0,0,0,0,0,0,0,0,0,0,0,0
2939,0,0,0,0,0,0,0,0,0,0,0,0,0,0,0,0,0,0,0,0,0
2940,0,0,0,0,0,0,0,0,0,0,0,0,0,0,0,0,0,0,0,0,0
2941,0,0,0,0,0,0,0,0,0,0,0,0,0,0,0,0,0,0,0,0,0
2942,0,0,0,0,0,0,0,0,0,0,0,0,0,0,0,0,0,0,0,0,0
2943,4,4,4,4,4,4,3,4,4,4,4,4,4,3,4,4,4,4,4,4,3
2944,34,44,50,48,41,34,35,40,45,51,55,59,56,32,20,20,26,41,76,55,35
2945,0,0,0,0,0,0,0,0,0,0,0,0,0,0,0,0,0,0,0,0,0
2946,3,3,3,2,2,2,3,3,3,3,2,2,2,3,3,3,3,2,2,2,3
2947,0,0,0,0,0,0,0,0,0,0,0,0,0,0,0,0,0,0,0,0,0
2948,0,1,0,0,0,0,0,0,1,0,0,0,0,0,0,1,0,0,0,0,0
2949,0,0,0,0,0,0,0,0,0,0,0,0,0,0,0,0,0,0,0,0,0
2950,0,0,0,0,0,0,0,0,0,0,0,0,0,0,0,0,0,0,0,0,0
2951,1,1,0,0,0,1,1,1,1,0,0,0,1,1,1,1,0,0,0,1,1
2952,0,0,1,0,0,0,0,0,0,1,0,0,0,0,1,1,1,1,0,1,1
2953,7,9,8,7,5,5,5,7,9,8,7,5,5,5,7,9,8,7,5,5,5
2954,7,9,9,8,7,5,5,7,9,9,8,7,5,5,7,9,9,8,7,5,5
2955,123,122,102,94,82,82,87,81,79,71,65,50,45,60,71,78,77,80,78,65,60
2956,17,15,15,13,12,12,15,17,14,15,13,12,12,14,17,14,15,13,12,12,14
2957,3,6,9,9,8,8,9,11,13,15,15,13,11,12,14,15,14,11,9,9,9
2958,5,5,6,5,4,4,4,4,5,5,5,4,4,4,5,6,6,5,4,4,4
2959,5,5,5,4,3,3,3,4,5,4,4,3,3,3,4,5,5,4,3,3,3
2960,0,0,0,0,0,0,0,0,0,0,0,0,0,0,0,0,0,0,0,0,0
2961,3,4,4,4,3,3,3,4,4,4,3,3,3,3,3,4,4,3,3,3,3
2962,0,0,0,0,0,0,0,0,0,0,0,0,0,0,0,0,0,0,0,0,0
2963,0,0,0,0,0,0,0,0,0,0,0,0,0,0,0,0,0,0,0,0,0
2964,0,0,0,0,0,0,0,0,0,0,0,0,0,0,0,0,0,0,0,0,0
2965,1,2,2,2,2,1,0,1,1,0,0,0,0,0,0,1,0,0,0,0,0
2966,39,42,39,37,32,31,35,36,40,38,37,32,31,35,37,42,40,39,33,33,37
2967,2,3,3,2,2,2,2,2,3,3,2,2,2,2,2,3,3,2,2,2,2
2968,1,1,1,1,1,1,1,1,1,1,1,1,1,1,1,1,1,1,1,1,1
2969,0,0,0,0,0,0,0,0,0,0,0,0,0,0,0,0,0,0,0,0,0
2970,2,2,2,2,2,2,2,2,2,2,2,2,2,2,2,2,2,2,2,2,2
2971,0,0,0,0,0,0,0,0,0,0,0,0,0,0,0,0,0,0,0,0,0
2972,4,5,5,5,4,3,3,3,5,5,5,4,3,3,4,5,5,5,4,3,3
2973,0,0,0,0,0,1,1,1,0,1,1,1,1,1,1,1,1,0,1,1,1
2974,10,11,10,10,10,8,9,10,11,10,10,9,8,9,10,11,10,10,9,8,9
2975,10,11,10,11,10,8,9,10,11,10,10,9,8,9,10,11,10,10,9,8,9
2976,5,5,6,5,5,4,4,5,5,6,6,5,4,5,5,6,6,6,5,4,5
2977,8,8,7,7,7,7,6,7,7,7,7,7,7,6,7,7,7,7,7,7,6
2978,19,17,19,18,17,15,15,19,19,22,21,21,20,21,25,24,22,19,18,16,16
2979,1,1,1,1,1,1,1,1,1,1,2,1,1,1,1,1,1,1,1,1,1
2980,2,2,1,1,1,1,1,1,1,1,1,1,1,1,1,1,1,1,1,1,1
2981,0,0,1,1,1,0,0,0,0,1,1,0,0,0,0,0,0,1,0,0,0
2982,1,1,1,1,1,1,1,1,1,1,1,1,1,1,1,1,1,1,1,1,1
2983,3,4,4,4,3,3,3,3,4,4,4,3,3,3,3,4,4,4,3,3,3
2984,0,0,0,0,0,0,0,0,0,0,0,0,0,0,0,0,0,0,0,0,0
2985,0,0,0,0,0,0,0,0,0,0,0,0,0,0,0,0,0,0,0,0,0
2986,0,0,0,0,0,0,0,0,0,0,0,0,0,0,0,0,0,0,0,0,0
2987,1,1,1,1,1,0,0,1,1,1,1,1,0,0,1,1,1,1,1,0,0
2988,1,1,1,0,0,0,1,1,1,1,0,0,0,1,1,1,1,0,0,0,1
2989,0,0,0,0,0,0,0,0,0,0,0,0,0,0,0,0,0,0,0,0,0
2990,0,0,0,0,0,0,0,0,0,0,0,0,0,0,0,0,0,0,0,0,0
2991,0,0,0,0,0,0,0,0,0,0,0,0,0,0,0,0,0,0,0,0,0
2992,9,11,13,14,13,9,8,9,11,13,14,13,9,8,9,11,13,14,13,9,8
2993,0,0,0,0,0,0,0,0,0,0,0,0,0,0,0,0,0,0,0,0,0
2994,4,5,5,5,4,4,3,4,5,5,5,4,4,3,4,5,5,5,4,4,3
2995,1,0,0,0,1,1,1,1,0,0,0,1,1,1,1,0,0,0,1,1,1
2996,8,7,6,6,5,5,6,7,7,6,6,5,5,6,7,7,6,6,5,5,6
2997,0,0,0,0,0,0,0,0,0,0,0,0,0,0,0,0,0,0,0,0,0
2998,5,6,8,7,4,3,2,5,6,8,7,4,3,2,5,6,8,7,4,3,2
2999,89,90,88,82,75,76,84,89,90,88,82,75,76,84,89,90,88,82,75,76,84
3000,1,1,3,1,1,2,2,1,1,3,1,1,2,2,1,1,3,1,1,2,2
3001,1,2,1,1,2,1,2,1,2,1,1,2,1,2,1,2,1,1,2,1,2
3002,0,0,0,0,0,0,0,0,0,0,0,0,0,0,0,0,0,0,0,0,0
3003,0,0,0,0,0,0,0,0,0,0,0,0,0,0,0,0,0,0,0,0,0
3004,0,0,0,0,0,0,0,0,0,0,0,0,0,0,0,0,0,0,0,0,0
3005,0,0,0,0,0,0,0,0,0,0,0,0,0,0,0,0,0,0,0,0,0
3006,0,0,0,0,0,0,0,0,0,0,0,0,0,0,0,0,0,0,0,0,0
3007,0,0,0,0,0,0,0,0,0,0,0,0,0,0,0,0,0,0,0,0,0
3008,0,0,0,0,0,0,0,0,0,0,0,0,0,0,0,0,0,0,0,0,0
3009,1,0,0,0,0,0,1,1,0,0,0,0,0,1,1,0,0,0,0,0,1
3010,14,15,14,13,13,12,13,16,19,18,17,14,13,14,16,18,18,16,16,17,16
3011,2,2,3,1,1,1,1,2,2,3,1,1,1,1,2,2,3,1,1,1,1
3012,5,5,5,5,4,4,4,5,5,5,5,4,4,4,5,5,5,5,4,4,4
3013,12,13,12,11,10,9,9,13,14,14,12,11,11,12,15,15,13,11,11,10,11
3014,10,11,11,11,9,9,8,10,11,11,11,9,9,8,10,11,11,11,9,9,8
3015,0,0,0,0,0,0,0,0,0,0,0,0,0,0,0,0,0,0,0,0,0
3016,3,4,4,4,4,3,3,4,5,4,4,4,3,3,4,4,4,4,4,3,3
3017,12,12,12,11,10,8,10,12,15,16,13,12,10,12,14,15,14,12,10,10,10
3018,0,0,0,0,0,0,0,0,0,0,0,0,0,0,0,0,0,0,0,0,0
3019,1,1,1,1,1,1,1,1,1,1,1,1,0,1,1,1,1,1,1,0,1
3020,1,1,1,0,0,0,0,1,1,1,0,0,0,0,1,1,1,0,0,0,0
3021,3,3,4,3,3,2,2,3,3,4,3,3,2,2,3,3,4,3,3,2,2
3022,0,0,0,0,0,0,0,0,0,0,0,0,0,0,0,0,0,0,0,1,1
3023,0,0,0,0,0,0,0,0,0,0,0,0,0,0,0,0,0,0,0,0,0
3024,0,0,0,0,0,0,0,0,0,0,0,0,0,0,0,0,0,0,0,0,0
3025,0,0,0,0,0,0,0,0,0,0,0,0,0,0,0,0,0,0,0,0,0
3026,0,0,0,0,0,0,0,0,0,0,0,0,0,0,0,0,0,0,0,0,0
3027,0,0,0,0,0,0,0,0,0,0,0,0,0,0,0,0,0,0,0,0,0
3028,6,7,5,3,3,2,4,6,7,5,4,3,2,4,6,8,5,4,3,2,4
3029,0,0,0,0,0,0,0,0,0,0,0,0,0,0,0,0,0,0,0,0,0
3030,6,8,9,8,6,4,4,6,8,9,8,6,4,4,6,8,9,8,6,4,4
3031,0,0,0,0,0,0,0,0,0,0,0,0,0,0,0,0,0,0,0,0,0
3032,11,13,12,13,9,9,9,11,13,12,13,9,9,9,11,13,12,13,9,9,9
3033,0,0,0,0,0,0,0,0,0,0,0,0,0,0,0,0,0,0,0,0,0
3034,3,4,5,4,4,3,3,3,4,5,4,4,3,3,3,4,5,4,4,3,2
3035,3,4,6,5,5,3,3,3,4,6,5,5,3,3,3,4,6,5,5,3,3
3036,11,15,18,20,20,12,9,11,15,18,20,20,12,9,11,15,18,20,20,12,9
3037,1,1,1,1,0,0,0,1,1,1,1,0,0,0,1,1,1,1,0,0,0
3038,0,0,0,0,0,0,0,0,0,0,0,0,0,0,0,0,0,0,0,0,0
3039,0,0,0,0,0,0,0,0,0,0,0,0,0,0,0,0,0,0,0,0,0
3040,2,2,1,1,0,0,0,2,1,1,1,0,0,0,2,1,1,1,0,0,1
3041,0,0,0,0,0,0,0,0,0,0,0,0,0,0,0,0,0,0,0,0,0
3042,0,0,0,0,0,0,0,0,0,0,0,0,0,0,0,0,0,0,0,0,0
3043,0,0,0,0,0,0,0,0,0,0,0,0,0,0,0,0,0,0,0,0,0
3044,0,0,0,0,0,0,0,0,0,0,0,0,0,0,0,0,0,0,0,0,0
3045,0,0,0,0,0,0,0,0,0,0,0,0,0,0,0,0,0,0,0,0,0
3046,1,1,1,1,1,1,1,1,1,1,1,1,1,1,1,1,1,1,1,1,1
3047,0,0,0,0,0,0,0,0,0,0,0,0,0,0,0,0,0,0,0,0,0
3048,0,0,0,0,0,0,0,0,0,0,0,0,0,0,0,0,0,0,0,0,0
3049,0,0,0,0,0,0,0,0,0,0,0,0,0,0,0,0,0,0,0,0,0
3050,0,0,0,0,0,0,0,0,0,0,0,0,0,0,0,0,0,0,0,0,0
3051,0,0,0,0,0,0,0,0,0,0,0,0,0,0,0,0,0,0,0,0,0
3052,0,0,0,0,0,0,0,0,0,0,0,0,0,0,0,0,0,0,0,0,0
3053,0,0,0,0,0,0,0,0,0,0,0,0,0,0,0,0,0,0,0,0,0
3054,2,2,1,2,1,1,2,2,2,1,2,1,1,2,2,2,1,2,1,1,2
3055,0,0,0,0,0,0,0,0,0,0,0,0,0,0,0,0,0,0,0,0,0
3056,0,0,0,0,0,0,0,0,0,0,0,0,0,0,0,0,0,0,0,0,0
3057,1,2,2,2,1,1,1,1,2,2,2,1,1,1,2,2,2,2,1,1,2
3058,18,18,16,16,17,16,17,20,21,20,19,18,17,18,18,17,16,15,15,16,15
3059,0,0,0,0,0,0,0,0,0,0,0,0,0,0,0,0,0,0,0,0,0
3060,1,1,1,1,1,0,0,1,1,1,1,1,0,0,1,1,1,1,1,0,0
3061,0,0,0,0,0,0,0,0,0,0,0,0,0,0,0,0,0,0,0,0,0
3062,9,9,9,9,9,8,8,9,9,9,9,9,8,8,9,9,9,9,9,8,8
3063,0,0,0,0,0,0,0,0,0,0,0,0,0,0,0,0,0,0,0,0,0
3064,0,0,0,0,0,0,0,0,0,0,0,0,0,0,0,0,0,0,0,0,0
3065,2,2,2,2,2,2,2,2,2,2,2,2,2,2,2,2,3,2,2,2,2
3066,4,4,4,4,4,3,4,4,4,4,4,4,3,4,4,4,4,4,4,3,4
3067,7,6,5,5,5,4,4,5,4,4,4,4,4,5,5,4,4,4,4,4,5
3068,0,0,1,1,1,1,1,0,0,1,1,1,1,1,0,0,1,1,1,1,1
3069,11,11,12,9,8,7,8,10,11,13,10,9,8,9,10,11,13,11,10,8,10
3070,0,0,0,0,0,0,0,0,0,0,0,0,0,0,0,0,0,0,0,0,0
3071,153,148,150,142,118,116,121,140,139,146,137,111,109,114,132,128,137,132,109,111,117
3072,2,2,3,3,3,2,2,2,2,3,3,3,2,2,2,3,3,3,3,2,3
3073,2,2,2,2,2,1,1,2,2,2,2,2,1,1,2,2,2,2,2,1,1
3074,5,6,7,6,6,4,4,5,6,7,6,6,4,5,6,6,8,7,7,5,5
3075,2,2,2,1,1,1,1,1,1,1,1,1,1,1,1,1,1,1,1,1,1
3076,1,1,1,1,1,1,1,1,1,1,1,1,1,1,1,1,1,1,1,1,1
3077,9,9,10,8,8,8,6,9,9,9,8,8,8,6,9,9,9,8,8,8,6
3078,0,0,0,0,0,0,0,0,0,0,0,0,0,0,0,0,0,0,0,0,0
3079,8,8,9,9,8,6,6,7,8,9,9,8,6,5,6,7,8,8,7,6,5
3080,3,3,3,3,3,3,2,3,3,3,3,3,3,2,3,3,3,3,3,3,2
3081,2,2,3,2,2,2,2,2,2,3,3,2,2,2,2,3,3,3,2,2,2
3082,0,0,0,0,0,0,0,0,0,0,0,0,0,0,0,0,0,0,0,0,0
3083,0,0,0,0,0,0,0,0,0,0,0,0,0,0,0,0,0,0,0,0,0
3084,275,247,332,433,246,211,172,288,265,356,461,282,248,176,257,223,313,423,248,220,171
3085,1,1,1,1,1,0,0,1,1,1,1,1,0,0,1,1,1,1,1,0,0
3086,14,13,14,13,11,9,9,10,12,13,12,10,7,8,10,12,13,13,11,8,8
3087,2,1,1,2,1,1,2,2,1,1,2,1,1,2,2,1,1,2,1,1,2
3088,70,71,56,78,82,71,56,70,71,56,78,82,71,56,70,71,56,78,82,71,56
3089,0,0,0,0,0,0,0,0,0,0,0,0,0,0,0,0,0,0,0,0,0
3090,0,0,0,0,0,0,0,0,0,0,0,0,0,0,0,0,0,0,0,0,0
3091,2,2,2,1,2,1,1,1,2,2,1,2,2,2,2,3,2,2,2,2,2
3092,0,0,0,0,0,0,0,0,0,0,0,0,0,0,0,0,0,0,0,0,0
3093,5,6,5,4,3,2,3,5,6,5,4,3,2,3,5,6,5,4,3,2,3
3094,0,0,0,0,0,0,0,0,0,0,0,0,0,0,0,0,0,0,0,0,0
3095,1,1,1,1,1,1,1,1,1,1,1,1,1,1,1,1,1,1,1,1,1
3096,0,0,0,0,0,0,0,0,0,0,0,0,0,0,0,0,0,0,0,0,0
3097,11,12,13,12,10,9,9,11,11,13,12,10,9,9,11,11,13,12,10,9,9
3098,1,1,1,2,2,2,1,1,1,1,2,2,2,1,1,1,1,2,2,2,1
3099,0,0,0,0,0,0,0,0,0,0,0,0,0,0,0,0,0,0,0,0,0
3100,10,11,10,7,6,8,9,10,11,11,7,6,8,8,10,11,10,6,6,7,8
3101,2,2,2,2,2,2,2,2,2,2,2,2,2,2,2,2,2,2,2,2,2
3102,0,0,0,0,0,0,0,0,0,0,0,0,0,0,0,0,0,0,0,0,0
3103,10,9,8,9,9,8,6,8,9,10,11,11,10,8,10,9,9,10,10,9,7
3104,1,1,1,1,1,1,1,1,1,1,1,1,1,1,1,1,1,1,1,1,1
3105,209,242,226,231,215,177,178,194,239,232,245,240,212,181,156,190,182,201,198,161,158
3106,0,0,0,0,0,0,0,0,0,0,0,0,0,0,0,0,0,0,0,0,0
3107,1,1,1,1,1,1,1,1,1,1,1,1,1,1,1,1,1,1,1,1,1
3108,0,0,0,0,0,0,0,0,0,0,0,0,0,0,0,0,0,0,0,0,0
3109,0,1,1,1,1,1,1,1,1,1,1,1,1,1,1,1,1,1,1,1,1
3110,18,20,18,15,13,13,15,18,20,19,17,14,14,16,19,22,22,19,16,17,19
3111,7,7,7,6,5,4,4,5,6,7,6,5,4,4,6,6,7,7,6,5,5
3112,2,2,2,2,2,1,2,2,2,2,2,2,1,2,2,2,2,2,2,1,2
3113,1,1,1,1,1,1,1,1,1,1,1,1,1,1,1,1,1,1,1,1,1
3114,2,3,3,2,2,2,1,2,3,3,2,2,2,1,3,3,3,2,2,2,2
3115,0,1,0,0,1,0,0,0,1,0,0,1,0,0,0,1,0,0,1,0,0
3116,0,0,0,0,0,0,0,0,0,0,0,0,0,0,0,0,0,0,0,0,0
3117,0,0,0,0,0,0,0,0,0,0,0,0,0,0,0,0,0,0,0,0,0
3118,0,0,0,0,0,0,0,0,0,0,0,0,0,0,0,0,0,0,0,0,0
3119,8,7,6,5,5,5,5,6,6,6,5,5,4,5,6,6,6,5,5,5,5
3120,0,0,0,0,0,0,0,0,0,0,0,0,0,0,0,0,0,0,0,0,0
3121,0,0,0,0,0,0,0,0,0,0,0,0,0,0,0,0,0,0,0,0,0
3122,0,0,0,0,0,0,0,0,0,0,0,0,0,0,0,0,0,0,0,0,0
3123,0,0,0,0,0,0,0,0,0,0,0,0,0,0,0,0,1,0,0,0,0
3124,0,0,0,0,0,0,0,0,0,0,0,0,0,0,0,0,0,0,0,0,0
3125,0,0,0,0,0,0,0,0,0,0,0,0,0,0,0,0,0,0,0,0,0
3126,0,0,0,0,0,0,0,0,0,0,0,0,0,0,1,1,1,0,0,0,0
3127,0,0,0,0,0,0,0,0,0,0,0,0,0,0,0,0,0,0,0,0,0
3128,0,0,0,0,0,0,0,0,0,0,0,0,0,0,0,0,0,0,0,0,0
3129,0,0,0,0,0,0,0,0,0,0,0,0,0,0,0,0,0,0,0,0,0
3130,0,0,0,0,0,0,0,0,0,0,0,0,0,0,0,0,0,1,0,0,0
3131,0,0,0,0,0,0,0,0,0,0,0,0,0,0,0,0,0,0,0,0,0
3132,13,14,15,17,16,12,13,11,13,15,18,17,13,14,12,14,15,18,17,14,14
3133,0,0,0,0,0,0,0,0,0,0,0,0,0,0,0,0,0,0,0,0,0
3134,0,0,0,0,0,0,0,0,0,0,0,0,0,0,0,0,0,0,0,0,0
3135,9,9,8,7,6,6,6,8,9,9,7,6,6,6,7,7,8,6,6,6,6
3136,4,3,2,2,1,1,2,2,2,3,3,2,2,3,3,3,3,3,3,3,3
3137,16,17,17,17,17,16,16,18,21,22,18,15,13,11,9,10,11,11,10,11,13
3138,3,2,2,2,3,2,2,3,2,2,2,3,2,2,3,2,2,2,3,2,2
3139,0,0,0,0,0,0,0,0,0,0,0,0,0,0,0,0,0,0,0,0,0
3140,40,44,41,38,38,35,38,45,54,53,47,43,41,46,43,39,35,29,28,29,33
3141,13,12,11,11,11,10,10,11,10,9,8,8,9,11,10,8,8,8,8,9,10
3142,11,12,11,11,10,9,8,11,12,12,12,11,10,10,13,14,14,13,12,10,10
3143,10,16,10,7,6,5,5,8,17,12,9,8,7,7,11,19,13,9,8,7,8
3144,64,68,65,63,64,59,61,73,85,88,88,86,77,73,66,64,62,59,58,59,61
3145,8,7,6,7,4,4,4,6,7,7,7,5,5,6,8,7,7,7,5,4,5
3146,89,89,76,88,81,77,84,92,93,79,88,80,83,97,87,72,57,64,57,61,77
3147,14,16,18,18,17,14,16,20,24,25,20,14,9,9,10,13,17,17,14,12,12
3148,7,8,6,6,5,5,6,7,9,7,7,6,6,7,8,9,6,6,5,5,6
3149,7,8,8,7,6,5,6,7,9,9,7,7,6,7,10,10,10,8,8,7,8
3150,1,0,1,0,0,0,0,1,0,1,0,0,0,0,1,0,1,0,0,0,0
3151,0,0,0,0,0,0,0,0,0,0,0,0,0,0,0,0,0,0,0,0,0
3152,25,27,26,25,24,23,26,30,35,34,31,27,26,28,25,24,22,19,17,19,22
3153,17,18,16,16,15,13,13,16,20,21,18,15,13,13,14,16,16,15,13,12,13
3154,6,6,4,4,3,4,6,9,11,8,6,5,6,8,8,9,8,7,7,7,9
3155,29,33,30,29,25,27,29,29,39,40,39,34,36,38,34,39,38,37,34,39,42
3156,12,14,15,14,12,12,13,17,20,21,17,13,12,12,14,15,15,13,11,11,12
3157,21,21,20,19,19,18,17,22,25,25,22,19,19,18,18,16,16,15,14,15,16
3158,2,2,1,1,1,1,1,1,1,1,1,1,1,1,1,1,1,1,1,1,1
3159,7,5,3,3,3,3,3,4,3,3,3,4,5,6,7,5,4,4,4,4,5
3160,2,2,2,2,2,2,1,2,2,2,2,2,2,2,2,2,2,2,2,2,2
3161,2,1,1,1,0,0,1,1,1,1,0,0,0,0,1,1,1,0,0,0,0
3162,2,1,1,1,1,1,1,1,1,1,1,1,1,1,1,1,1,1,1,1,1
3163,3,3,3,2,2,2,2,2,2,2,2,2,2,2,2,2,2,2,2,1,2
3164,2,2,1,1,1,1,1,1,1,1,0,1,1,1,1,1,1,1,1,1,1
3165,1,1,0,1,1,1,1,1,1,0,1,1,1,1,1,1,0,1,1,1,1
3166,0,0,0,0,0,0,0,0,0,0,0,0,0,0,0,0,0,0,0,0,0
3167,0,0,0,0,0,0,0,0,0,0,0,0,0,0,0,0,0,0,0,0,0
3168,2,3,3,2,1,2,3,4,4,4,3,2,3,5,6,4,3,3,2,2,3
3169,4,3,3,3,3,3,3,3,3,3,3,3,3,3,3,3,3,3,3,3,3
3170,0,0,0,0,0,0,0,0,0,0,0,0,0,0,0,0,0,0,0,0,0
3171,0,0,0,0,0,0,0,0,0,0,0,0,0,0,0,0,0,0,0,0,0
3172,6,9,11,9,7,4,3,6,9,11,9,7,4,3,6,9,11,9,7,4,3
3173,136,164,190,144,64,67,122,136,164,190,144,64,67,122,136,164,190,144,64,67,122
3174,0,0,0,0,0,0,0,0,0,0,0,0,0,0,0,0,0,0,0,0,0
3175,0,0,0,0,0,0,0,0,0,0,0,0,0,0,0,0,0,0,0,0,0
3176,0,0,0,0,0,0,0,0,0,0,0,0,0,0,0,0,0,0,0,0,0
3177,0,0,0,0,0,0,0,0,0,0,0,0,0,0,0,0,0,0,0,0,0
3178,0,0,0,0,0,0,0,0,0,0,0,0,0,0,0,0,0,0,0,0,0
3179,6,9,10,10,8,7,7,6,9,10,10,8,7,7,6,9,10,11,8,7,7
3180,0,0,0,0,0,0,0,0,0,0,0,0,0,0,0,0,0,0,0,0,0
3181,9,9,9,10,11,9,9,9,9,9,10,11,9,9,9,9,9,10,11,9,9
3182,7,10,10,10,9,7,7,8,10,10,10,9,7,7,8,10,9,10,9,7,6
3183,41,57,53,41,34,28,28,41,57,53,41,34,28,28,41,58,54,41,34,28,28
3184,3,3,3,3,3,3,3,3,3,3,3,3,2,3,3,3,3,3,3,3,3
3185,3,3,2,2,2,2,2,2,3,2,2,2,2,2,2,2,2,2,2,2,2
3186,1,1,1,0,1,1,1,1,1,1,0,1,1,1,1,1,1,0,1,1,1
3187,0,0,0,0,0,0,0,0,0,0,0,0,0,0,0,0,0,0,0,0,0
3188,0,0,1,1,1,0,0,0,0,1,1,1,0,0,0,0,1,1,1,0,0
3189,1,1,1,1,1,1,1,1,1,1,1,1,1,1,1,1,1,1,1,1,1
3190,0,0,0,0,0,0,0,0,0,0,0,0,0,0,0,0,0,0,0,0,0
3191,0,0,0,0,0,0,0,0,0,0,0,0,0,0,0,0,0,0,0,0,0
3192,1,1,1,1,1,0,1,1,1,1,1,1,0,1,1,1,1,1,1,1,1
3193,0,0,0,0,0,0,0,0,0,0,0,0,0,0,0,0,0,0,0,0,0
3194,0,0,0,0,0,0,0,0,0,0,0,0,0,0,0,0,0,0,0,0,0
3195,0,0,0,0,0,0,0,0,0,0,0,0,0,0,0,0,0,0,0,0,0
3196,0,0,0,0,0,0,0,0,0,0,0,0,0,0,0,0,0,0,0,0,0
3197,1,1,1,1,2,0,0,1,1,1,1,2,0,0,1,1,1,1,2,0,0
3198,0,0,0,0,0,0,0,0,0,0,0,0,0,0,0,0,0,0,0,0,0
3199,0,0,0,0,0,0,0,0,0,0,0,0,0,0,0,0,0,0,0,0,0
3200,0,0,0,0,0,0,0,0,0,0,0,0,0,0,0,0,0,0,0,0,0
3201,0,8,1,8,5,4,1,0,8,1,8,5,4,1,0,8,1,8,5,4,1
3202,0,0,0,0,0,0,0,0,0,0,0,0,0,0,0,0,0,0,0,0,0
3203,3,4,4,2,1,2,2,3,4,4,2,1,2,2,3,4,4,2,1,2,2
3204,3,4,3,3,2,3,2,3,4,3,3,2,3,2,3,4,3,3,2,3,2
3205,4,1,1,6,1,2,5,10,3,1,6,0,1,3,8,2,1,6,0,0,0
3206,4,4,2,3,2,2,3,4,4,2,3,2,2,3,4,4,2,3,2,2,3
3207,0,0,0,0,0,0,0,0,0,0,0,0,0,0,0,0,0,0,0,0,0
3208,0,0,0,0,0,0,0,0,0,0,0,0,0,0,0,0,0,0,0,0,0
3209,0,0,0,0,0,0,0,0,0,0,0,0,0,0,0,0,0,0,0,0,0
3210,0,1,0,0,0,0,0,0,1,0,0,0,0,0,0,1,0,0,0,0,0
3211,3,0,0,0,0,0,0,3,0,0,0,0,0,0,3,0,0,0,0,0,0
3212,0,0,0,0,0,0,0,0,0,0,0,0,0,0,0,0,0,0,0,0,0
3213,0,0,0,0,0,0,0,0,0,0,0,0,0,0,0,0,0,0,0,0,0
3214,0,0,0,0,0,0,0,0,0,0,0,0,0,0,0,0,0,0,0,0,0
3215,0,0,0,0,0,0,0,0,0,0,0,0,0,0,0,0,0,0,0,0,0
3216,8,8,5,5,5,7,8,9,8,5,5,5,7,7,8,8,5,5,5,7,8
3217,2,3,3,2,2,2,2,2,3,3,2,2,2,2,2,3,3,2,2,2,2
3218,3,4,5,4,3,2,3,4,5,5,4,3,2,3,4,5,5,5,3,3,4
3219,2,3,3,3,2,2,1,2,3,3,3,2,2,1,2,3,3,3,2,2,1
3220,1,1,1,2,2,2,1,1,1,1,2,2,2,1,1,1,1,2,2,2,1
3221,4,3,3,3,3,3,3,3,3,3,3,3,3,3,4,3,3,3,3,3,3
3222,5,5,5,5,4,4,4,4,5,5,5,4,4,4,4,5,5,5,4,4,4
3223,0,0,0,0,0,0,0,0,0,0,0,0,0,0,0,0,0,0,0,0,0
3224,0,0,0,0,0,0,0,0,0,0,0,0,0,0,0,0,0,0,0,0,0
3225,8,7,8,7,5,4,4,6,6,7,7,5,4,5,7,7,8,7,6,5,5
3226,5,5,4,4,3,3,3,4,5,4,4,3,3,3,4,5,4,4,3,3,3
3227,16,19,21,13,11,8,9,15,18,20,13,10,8,9,16,19,21,14,11,9,9
3228,2,3,3,3,2,2,2,2,3,3,3,2,2,2,2,3,3,3,2,2,2
3229,1,2,1,1,1,1,1,1,2,2,2,1,1,1,2,2,2,2,2,1,1
3230,0,0,0,0,0,0,0,0,0,0,0,0,0,0,0,0,0,0,0,0,0
3231,0,0,0,0,0,0,0,0,0,0,0,0,0,0,0,0,0,0,0,0,0
3232,2,1,1,1,1,1,1,1,1,1,1,1,1,1,1,1,1,1,1,1,1
3233,0,0,0,0,0,0,0,0,0,0,0,0,0,0,0,0,0,0,0,0,0
3234,1,1,1,1,1,1,1,1,1,1,1,1,1,1,1,1,1,1,1,1,1
3235,0,0,0,0,0,0,0,0,0,0,0,0,0,0,0,0,0,0,0,0,0
3236,1,1,1,1,1,1,1,1,1,1,1,1,1,1,1,1,1,1,1,1,1
3237,0,0,0,0,0,0,0,0,0,0,0,0,0,0,0,0,0,0,0,0,0
3238,0,0,0,0,0,0,0,0,0,0,0,0,0,0,0,0,0,0,0,0,0
3239,28,28,26,23,21,21,23,25,26,26,23,21,21,22,25,26,25,23,21,22,23
3240,96,100,96,91,85,78,79,99,103,92,81,72,68,76,92,90,87,82,77,78,76
3241,5,5,5,5,4,3,3,4,5,5,5,4,3,3,4,5,5,5,4,3,3
3242,23,25,24,23,20,18,20,22,25,24,22,19,17,19,22,24,24,22,19,18,20
3243,2,2,2,2,3,2,2,2,2,2,2,2,2,2,2,2,2,2,2,2,2
3244,17,17,17,15,14,14,16,16,17,17,15,14,14,16,16,17,17,16,15,15,16
3245,2,1,1,1,1,1,1,2,1,1,1,1,1,1,2,1,1,1,1,1,1
3246,4,5,4,4,4,4,4,4,5,4,4,4,4,4,4,5,4,4,4,4,4
3247,2,2,3,2,2,2,2,2,2,3,2,2,2,2,2,2,3,2,2,2,2
3248,45,48,53,51,45,43,44,56,65,69,62,52,49,50,58,62,65,60,52,52,50
3249,18,19,20,20,16,14,16,19,20,21,20,16,14,15,18,20,20,20,16,14,15
3250,13,15,15,15,12,11,11,13,15,15,15,13,11,11,14,16,16,15,13,12,11
3251,1,2,2,2,2,1,1,1,2,2,2,2,1,1,1,2,2,2,2,1,1
3252,37,40,43,41,40,39,39,49,55,56,52,47,43,42,48,49,48,43,39,37,34
3253,8,8,9,8,6,6,7,8,7,8,7,6,6,6,8,8,9,8,6,6,7
3254,0,0,0,0,0,0,0,0,0,0,0,0,0,0,0,0,0,0,0,0,0
3255,6,6,7,7,6,5,5,6,6,7,7,6,5,5,6,6,7,7,6,5,5
3256,5,5,4,4,3,3,3,4,4,4,4,3,3,4,4,5,4,4,4,3,4
3257,8,7,7,6,6,5,5,7,7,7,6,5,5,5,7,7,7,6,5,5,5
3258,0,0,0,0,0,0,0,0,0,0,0,0,0,0,0,0,0,0,0,0,0
3259,0,0,0,0,0,0,0,0,0,0,0,0,0,0,0,0,1,1,1,1,1
3260,0,0,0,0,0,0,0,0,0,0,0,0,0,0,0,0,0,0,0,0,0
3261,0,0,0,0,0,0,0,0,0,0,0,0,0,0,0,0,0,0,0,0,0
3262,0,0,0,0,0,0,0,0,0,0,0,0,0,0,0,0,0,0,0,0,0
3263,0,0,0,0,0,0,0,0,0,0,0,0,0,0,0,0,0,0,0,0,0
3264,0,0,0,0,0,0,0,0,0,0,0,0,0,0,0,0,0,0,0,0,0
3265,0,0,0,0,0,0,0,0,0,0,0,0,0,0,0,0,0,0,0,0,0
3266,0,0,0,0,0,0,0,0,0,0,0,0,0,0,0,0,0,0,0,0,0
3267,3,2,1,1,1,1,1,1,1,1,1,1,1,1,2,3,3,3,3,3,4
3268,8,7,5,3,2,3,6,10,12,7,3,2,2,5,12,13,10,6,5,7,10
3269,0,0,0,0,0,0,0,0,0,0,0,0,0,0,0,0,0,0,0,0,0
3270,0,0,0,0,0,0,0,0,0,0,0,0,0,0,0,0,0,0,0,0,0
3271,0,0,0,0,0,0,0,0,0,0,0,0,0,0,0,0,0,0,0,0,0
3272,0,0,0,0,0,0,0,0,0,0,0,0,0,0,0,0,0,0,0,0,0
3273,0,0,0,0,0,0,0,0,0,0,0,0,0,0,0,0,0,0,0,0,0
3274,0,0,0,0,0,0,0,0,0,0,0,0,0,0,0,0,0,0,0,0,0
3275,4,5,5,6,7,7,5,4,5,5,6,7,7,5,4,5,5,6,7,7,5
3276,0,0,0,0,0,0,0,0,1,0,0,0,0,0,0,1,0,0,0,0,0
3277,1,1,1,1,1,1,1,1,1,1,1,1,1,1,1,1,1,1,1,1,1
3278,1,1,1,1,1,1,1,1,1,1,1,1,1,1,2,1,1,1,1,1,1
3279,4,4,5,3,2,2,3,3,3,5,3,2,2,3,3,3,4,2,2,2,3
3280,1,1,1,1,1,0,1,1,1,1,1,1,0,1,1,1,1,1,1,0,1
3281,4,4,3,3,3,3,3,3,3,3,3,3,3,2,3,3,3,3,3,2,2
3282,1,1,1,1,1,1,1,1,1,1,1,1,1,1,1,1,1,1,1,1,1
3283,1,1,1,1,1,1,1,1,1,1,1,1,1,1,1,1,1,1,1,1,1
3284,1,1,1,1,1,0,1,0,0,0,0,0,0,0,0,0,0,0,0,0,0
3285,0,0,0,0,0,0,0,0,0,0,0,0,0,0,0,0,0,0,0,0,0
3286,1,1,2,2,2,1,1,1,1,2,2,1,1,1,1,2,2,1,1,1,1
3287,5,5,4,3,3,2,3,4,4,5,4,3,3,3,4,5,5,4,3,3,4
3288,0,0,0,0,0,0,0,0,0,0,0,0,0,0,0,0,0,0,0,0,0
3289,1,1,1,1,1,1,1,1,1,1,1,1,1,1,1,1,1,1,1,1,1
3290,2,2,2,2,2,1,1,2,2,2,2,2,2,1,2,2,2,2,2,2,1
3291,0,0,0,0,0,0,0,0,0,0,0,0,0,0,0,0,0,0,0,0,0
3292,1,1,1,1,1,1,1,1,1,1,1,1,1,1,1,1,1,1,1,1,1
3293,1,1,1,1,1,1,1,1,1,1,1,1,1,1,1,1,1,1,1,1,1
3294,0,0,0,0,0,0,0,0,0,0,0,0,0,0,0,0,0,0,0,0,0
3295,1,1,1,0,0,0,0,0,1,1,1,0,0,0,0,1,1,0,0,0,0
3296,0,0,0,0,0,0,0,0,0,0,0,0,0,0,0,0,0,0,0,0,0
3297,0,0,0,0,0,0,0,0,0,0,0,0,0,0,0,0,0,0,0,0,0
3298,0,0,0,0,0,0,0,0,0,0,0,0,0,0,0,0,0,0,0,0,0
3299,0,0,0,0,0,0,0,0,0,0,0,0,0,0,0,0,0,0,0,0,0
3300,0,0,0,0,0,0,0,0,0,0,0,0,0,0,0,0,0,0,0,0,0
3301,0,0,0,0,0,0,0,0,0,0,0,0,0,0,0,0,0,0,0,0,0
3302,0,0,0,0,0,0,0,0,0,0,0,0,0,0,0,0,0,0,0,0,0
3303,0,0,0,0,0,0,0,0,1,1,0,0,0,0,1,1,1,0,0,0,0
3304,1,1,1,1,1,1,1,1,1,1,1,1,1,1,1,1,1,1,1,1,1
3305,0,0,0,0,0,0,0,0,0,0,0,0,0,0,0,0,0,0,0,0,0
3306,0,0,0,0,0,0,0,0,0,0,0,0,0,0,0,0,0,0,0,0,0
3307,0,0,0,0,0,0,0,0,0,0,0,0,0,0,0,0,0,0,0,0,0
3308,0,0,0,0,0,0,0,0,0,0,0,0,0,0,0,0,0,0,0,0,0
3309,0,0,0,0,0,0,0,0,0,0,0,0,0,0,0,0,0,0,0,0,0
3310,0,0,0,0,0,0,0,0,0,0,0,0,0,0,0,0,0,0,0,0,0
3311,0,0,0,0,0,0,0,0,0,0,0,0,0,0,0,0,0,0,0,0,0
3312,0,0,0,0,0,0,0,0,0,0,0,0,0,0,0,0,0,0,0,0,0
3313,0,0,0,0,0,0,0,0,0,0,0,0,0,0,0,0,0,0,0,0,0
3314,0,0,0,0,0,0,0,0,0,0,0,0,0,0,0,0,0,0,0,0,0
3315,0,0,0,0,0,0,0,0,0,0,0,0,0,0,0,0,0,0,0,0,0
3316,0,0,0,0,0,0,0,0,0,0,0,0,0,0,0,0,0,0,0,0,0
3317,5,5,6,5,6,5,5,5,5,6,6,6,5,5,6,6,7,6,7,6,6
3318,4,5,7,7,7,4,4,4,5,7,7,7,4,4,4,5,7,7,7,4,4
3319,7,7,8,7,6,6,6,7,7,8,7,6,6,6,6,7,8,7,6,6,6
3320,4,4,4,4,3,3,3,3,3,3,2,2,2,2,2,2,2,1,1,1,1
3321,0,0,0,0,0,0,0,0,0,0,0,0,0,0,0,0,0,0,0,0,0
3322,0,0,0,0,0,0,0,0,0,0,0,0,0,0,0,0,0,0,0,0,0
3323,0,0,0,0,0,0,0,0,0,0,0,0,0,0,0,0,0,0,0,0,0
3324,1,2,2,2,2,2,2,2,2,2,2,2,2,2,2,2,2,2,1,1,1
3325,1,0,0,0,0,0,0,1,0,0,0,0,0,0,1,0,0,0,0,0,0
3326,7,7,8,8,7,5,6,9,11,13,11,9,8,11,13,12,12,9,8,7,8
3327,3,3,3,3,3,2,2,2,3,3,3,3,2,2,2,3,3,3,2,2,2
3328,2,2,2,2,2,2,2,2,2,3,2,2,2,2,2,2,2,2,2,2,2
3329,1,1,1,1,1,1,1,1,1,1,1,1,1,1,1,1,1,1,1,1,1
3330,2,3,3,2,2,2,2,2,3,3,2,2,2,2,2,3,3,2,2,2,2
3331,0,0,0,0,0,0,0,0,0,0,0,0,0,0,0,0,0,0,0,0,0
3332,12,11,12,11,9,9,9,11,11,12,11,9,9,9,12,11,12,12,10,10,10
3333,1,1,1,0,1,0,0,1,1,1,0,1,0,0,1,1,1,0,1,0,0
3334,5,7,7,7,5,4,4,5,7,7,7,5,4,4,5,7,7,7,5,4,4
3335,0,0,0,0,0,0,0,0,0,0,0,0,0,0,0,0,0,0,0,0,0
3336,0,0,0,0,0,0,0,0,0,0,0,0,0,0,0,0,0,0,0,0,0
3337,0,0,0,0,0,0,0,0,0,0,0,0,0,0,0,0,0,0,0,0,0
3338,0,0,0,0,0,0,0,0,0,0,0,0,0,0,0,0,0,0,0,0,0
3339,0,0,0,0,0,0,0,0,0,0,0,0,0,0,0,0,0,0,0,0,0
3340,0,0,0,0,0,0,0,0,0,0,0,0,0,0,0,0,0,0,0,0,0
3341,0,0,0,0,0,0,0,0,0,0,0,0,0,0,0,0,0,0,0,0,0
3342,2,2,2,2,1,1,1,2,2,2,2,1,1,1,2,2,2,2,1,1,1
3343,2,1,2,1,1,1,1,2,1,2,2,1,1,1,2,2,4,2,2,1,2
3344,0,0,0,0,0,0,0,0,0,0,0,0,0,0,0,0,0,0,0,0,0
3345,0,0,0,0,0,0,0,0,0,0,0,0,0,0,0,0,0,0,0,0,0
3346,0,0,0,0,0,0,0,0,0,0,0,0,0,0,0,0,0,0,0,0,0
3347,0,0,0,0,0,0,0,0,0,0,0,0,0,0,0,0,0,0,0,0,0
3348,0,0,0,0,0,0,0,0,0,0,0,0,0,0,0,0,0,0,0,0,0
3349,0,0,0,0,0,0,0,0,0,0,0,0,0,0,0,0,0,0,0,0,0
3350,0,0,0,0,0,0,0,0,0,0,0,0,0,0,0,0,0,0,0,0,0
3351,6,5,4,4,4,4,4,6,5,4,4,3,3,4,5,4,3,3,3,3,3
3352,1,1,1,1,1,1,1,1,1,1,1,1,1,1,1,1,1,1,1,1,1
3353,0,0,0,0,0,0,0,0,0,0,0,0,0,0,0,0,0,0,0,0,0
3354,0,0,0,0,0,0,0,0,0,0,0,0,0,0,0,0,0,0,0,0,0
3355,0,0,0,0,0,0,0,0,0,0,0,0,0,0,0,0,0,0,0,0,0
3356,323,408,400,338,287,278,277,323,408,400,338,287,278,277,323,408,400,338,287,278,277
3357,183,207,196,174,165,158,147,183,207,196,174,165,158,147,183,207,196,174,165,158,147
3358,7,6,4,3,3,4,5,7,6,4,3,3,3,5,7,6,4,3,3,3,5
3359,0,0,0,0,0,0,0,0,0,0,0,0,0,0,0,0,0,0,1,8,19
3360,5,5,5,5,4,3,3,5,5,5,5,4,3,3,5,5,5,5,4,3,3
3361,4,4,3,4,4,4,4,4,4,3,4,4,4,4,4,4,3,4,4,4,4
3362,0,0,0,0,0,0,0,0,0,0,0,0,0,0,0,0,0,0,0,0,0
3363,2,3,3,3,2,2,2,2,2,3,3,2,2,2,2,3,3,3,2,2,2
3364,40,48,48,43,32,28,27,34,47,50,44,30,26,25,30,42,45,41,29,26,26
3365,1,1,2,2,2,1,1,1,1,2,2,2,1,1,1,1,2,2,2,1,1
3366,2,2,4,4,4,2,2,2,2,4,4,4,2,2,2,2,4,4,4,2,2
3367,4,4,4,4,3,3,3,4,4,4,4,3,3,3,4,4,4,4,3,3,3
3368,14,15,16,17,16,14,13,14,15,16,17,15,14,13,14,15,16,17,15,14,13
3369,59,72,78,76,63,56,54,65,83,87,80,63,56,55,63,76,82,78,63,60,60
3370,6,9,10,15,13,11,5,7,9,10,14,13,11,5,6,9,10,14,13,11,5
3371,3,3,3,3,3,3,2,3,3,3,3,3,3,2,3,4,4,3,3,3,2
3372,29,32,32,28,24,21,19,21,25,29,26,22,19,17,19,24,28,26,23,20,18
3373,60,72,75,74,67,53,55,70,90,89,82,69,54,57,65,77,81,81,71,62,61
3374,2,2,2,2,2,2,1,2,2,2,2,2,2,1,2,2,2,2,2,2,1
3375,2,2,3,2,2,1,1,2,2,3,2,2,1,1,2,2,3,2,2,1,1
3376,9,12,15,14,11,9,7,9,12,15,14,11,9,7,9,12,15,14,11,9,7
3377,3,4,4,4,3,3,3,3,3,4,4,3,3,3,4,4,4,4,4,3,3
3378,1,1,1,1,1,1,1,1,1,1,1,1,1,1,1,1,1,1,1,1,1
3379,33,44,46,41,29,23,22,27,42,46,40,25,20,20,24,38,41,35,22,18,19
3380,5,6,6,7,6,4,4,5,6,6,7,6,4,4,5,6,6,7,6,4,4
3381,2,3,3,4,4,3,2,2,3,3,4,4,3,2,2,3,3,4,4,3,2
3382,11,15,18,17,13,8,9,11,15,18,17,13,8,9,11,15,18,17,13,8,9
3383,1,1,2,1,1,1,1,1,1,2,1,1,1,1,1,1,2,1,1,1,1
3384,33,43,47,59,51,43,29,33,43,47,59,52,43,29,33,43,47,59,52,43,29
3385,3,3,3,3,3,3,3,3,3,3,3,3,3,3,3,3,3,3,3,3,3
3386,5,5,5,4,4,4,5,5,5,5,4,4,4,5,5,5,5,4,4,4,5
3387,13,14,14,21,21,19,12,13,14,14,21,21,19,12,13,14,14,21,21,19,12
3388,12,15,16,16,15,13,11,12,15,16,16,14,13,10,12,15,16,16,14,13,11
3389,83,104,107,107,89,64,65,81,103,107,107,89,64,66,82,104,108,107,90,65,66
3390,13,14,15,15,13,11,11,13,15,15,15,13,12,11,13,15,16,15,13,12,11
3391,11,16,18,26,22,18,9,11,16,18,26,22,18,9,11,16,18,26,22,18,9
3392,58,71,79,74,66,56,48,57,75,85,76,65,55,47,55,68,76,69,60,53,47
3393,1,1,0,1,1,1,1,1,1,0,1,1,1,1,1,1,1,1,1,1,1
3394,8,10,11,13,10,7,6,8,11,11,13,10,7,7,8,11,12,13,10,7,7
3395,38,37,35,34,32,32,35,43,48,50,46,40,38,41,44,45,43,39,35,35,37
3396,1,2,1,1,1,1,1,1,1,1,1,1,1,1,1,1,1,1,1,1,1
3397,0,0,0,0,0,0,0,1,0,0,0,0,0,0,1,0,0,0,0,0,0
3398,1,1,1,1,1,1,1,1,1,1,1,1,1,1,1,1,1,1,1,1,1
3399,1,2,2,1,1,1,1,1,2,2,1,1,1,1,1,2,2,1,1,1,1
3400,0,0,0,1,1,1,1,0,0,0,1,1,1,1,0,0,0,1,1,1,1
3401,0,0,0,0,0,0,0,0,0,0,0,0,0,0,0,0,0,0,0,0,0
3402,4,4,3,4,3,4,4,4,3,3,4,3,4,3,4,3,3,4,3,4,4
3403,1,1,1,1,0,0,0,1,1,1,1,0,0,0,1,1,1,1,0,0,0
3404,0,0,0,0,0,0,0,0,0,0,0,0,0,0,0,0,0,0,0,0,0
3405,0,0,0,0,0,0,0,0,0,0,0,0,0,0,0,0,0,0,0,0,0
3406,0,0,0,0,0,0,0,0,0,0,0,0,0,0,0,0,0,0,0,0,0
3407,0,0,0,0,0,0,0,0,0,0,0,0,0,0,0,0,0,0,0,0,0
3408,0,0,0,0,0,0,0,0,0,0,0,0,0,0,0,0,0,0,0,0,0
3409,14,7,4,4,3,3,3,3,4,4,3,3,3,3,3,3,4,3,3,3,4
3410,2,2,2,2,2,2,2,2,2,2,2,2,3,3,3,3,3,3,3,2,2
3411,0,0,0,0,0,0,0,0,0,0,0,0,0,0,0,0,0,0,0,0,0
3412,0,0,0,0,0,0,0,0,0,0,0,0,0,0,0,0,0,0,0,0,0
3413,76,82,83,79,76,68,72,87,97,95,87,78,69,73,81,82,80,74,67,60,61
3414,0,0,0,0,0,0,0,0,0,0,0,0,0,0,0,0,0,0,0,0,0
3415,62,69,63,43,40,41,39,61,69,63,43,40,41,39,61,69,63,43,40,41,39
3416,22,25,23,20,20,20,21,22,25,23,20,20,20,21,22,25,23,20,20,20,21
3417,1,1,1,1,1,1,1,1,1,1,1,1,1,1,1,1,1,1,1,1,1
3418,9,9,5,5,4,4,6,8,9,6,6,4,4,6,9,9,7,6,5,5,7
3419,0,0,0,0,0,0,0,0,0,1,0,0,0,0,0,0,1,0,0,0,0
3420,0,0,0,0,0,0,0,0,0,0,0,0,0,0,0,0,0,0,0,0,0
3421,1,1,1,3,3,3,1,1,1,1,3,3,2,1,1,1,1,3,3,2,1
3422,1,1,1,3,2,2,1,1,1,1,3,2,2,1,1,1,1,3,2,2,1
3423,0,0,0,0,1,0,0,0,0,0,0,1,0,0,0,0,0,0,1,0,0
3424,0,0,0,0,0,0,0,0,0,0,0,0,0,0,0,0,0,0,0,0,0
3425,0,0,0,0,0,0,0,0,0,0,0,0,1,0,0,0,0,0,0,1,0
3426,6,6,5,4,4,3,3,4,4,4,4,3,3,4,4,4,4,4,3,3,4
3427,0,0,0,0,0,0,0,0,0,0,0,0,0,0,0,1,0,0,0,0,0
3428,0,0,0,0,0,0,0,0,0,0,0,0,0,0,0,0,0,0,0,0,0
3429,1,1,1,1,1,0,0,0,0,0,0,0,0,0,1,0,0,0,0,0,0
3430,0,0,0,0,0,0,0,0,0,0,0,0,0,0,0,0,0,0,0,0,0
3431,0,0,0,0,0,0,0,0,0,0,0,0,0,0,0,0,0,0,0,0,0
3432,2,1,1,1,1,1,1,1,0,0,0,0,0,0,0,0,0,0,0,0,0
3433,28,31,32,29,28,26,26,28,31,32,29,28,25,25,27,31,32,29,28,25,25
3434,1,1,1,1,1,1,1,1,1,1,1,1,1,1,1,2,1,1,1,1,1
3435,0,0,1,1,1,0,0,0,0,1,1,1,0,0,0,0,1,1,1,0,0
3436,0,0,0,0,0,0,0,0,0,0,0,0,0,0,0,0,0,0,0,0,0
3437,1,1,1,1,1,1,1,1,1,1,1,1,1,1,1,1,1,1,1,1,1
3438,0,0,0,0,0,0,0,0,0,0,0,0,0,0,0,0,0,0,0,0,0
3439,1,1,1,1,1,1,1,1,1,1,1,1,1,1,1,1,1,1,1,1,1
3440,2,1,1,1,1,1,1,1,1,1,1,1,1,1,1,1,1,1,1,1,1
3441,1,1,0,0,0,0,0,1,0,0,0,0,0,0,0,0,0,0,0,0,0
3442,0,0,0,0,0,0,0,0,0,0,0,0,0,0,0,0,0,0,0,0,0
3443,6,8,7,7,6,5,5,6,8,7,7,6,5,5,6,8,8,7,6,5,6
3444,2,2,2,2,2,2,2,2,2,3,2,2,2,2,2,2,3,2,2,2,2
3445,1,1,1,1,1,1,1,1,1,1,1,1,1,1,1,1,1,1,1,1,1
3446,4,4,4,4,3,3,3,3,3,4,4,3,3,4,4,4,4,4,4,3,4
3447,1,1,1,1,1,1,1,1,1,1,1,1,1,1,1,1,1,1,1,1,1
3448,0,0,0,0,0,0,0,0,0,0,0,0,0,0,0,0,0,0,0,0,0
3449,0,0,0,0,0,0,0,0,0,0,0,0,0,0,0,0,0,0,0,0,0
3450,2,2,2,2,2,2,2,2,2,2,2,2,2,2,2,2,2,2,2,2,2
3451,1,1,1,1,1,1,1,1,1,1,1,1,1,1,1,1,1,1,1,1,1
3452,0,0,0,0,0,0,0,0,0,0,0,0,0,0,0,0,1,0,0,0,0
3453,0,0,0,0,0,0,0,0,0,0,0,0,0,0,0,0,0,0,0,0,0
3454,1,1,1,1,1,1,0,1,1,1,1,1,1,0,1,1,1,1,1,1,0
3455,0,0,0,0,0,0,0,0,0,0,0,0,0,0,0,0,0,0,0,0,0
3456,0,0,0,0,0,0,0,0,0,0,0,0,0,0,0,0,0,0,0,0,0
3457,0,0,0,0,0,0,0,0,0,0,0,0,0,0,0,0,0,0,0,0,0
3458,0,0,0,0,0,0,0,0,0,0,0,0,0,0,0,0,0,0,0,0,0
3459,48,54,56,54,51,47,47,53,57,56,52,47,42,42,45,47,47,44,42,40,40
3460,1,1,1,1,1,1,1,1,1,1,1,1,1,1,1,1,1,1,1,1,1
3461,0,0,0,0,0,0,0,0,0,0,0,0,0,0,0,0,0,0,0,0,0
3462,0,0,0,0,0,0,0,0,0,0,0,0,0,0,0,0,0,0,0,0,0
3463,1,1,1,1,1,1,1,1,1,1,1,1,1,1,1,1,1,1,1,1,1
3464,14,19,24,24,20,15,13,14,19,24,24,20,15,13,14,19,24,24,20,15,13
3465,6,8,7,6,5,5,5,6,8,7,5,5,5,5,6,8,7,5,5,5,5
3466,7,6,4,3,3,5,5,7,6,4,3,3,5,5,7,6,4,3,2,5,5
3467,0,0,0,0,0,0,0,0,0,0,0,0,0,0,0,0,0,0,0,0,0
3468,13,14,16,15,17,14,13,13,14,16,15,17,14,13,13,14,17,16,17,15,14
3469,1,2,2,2,1,1,1,1,2,2,2,1,1,1,1,2,2,2,1,1,1
3470,1,1,1,1,1,1,1,1,1,1,1,1,1,1,1,2,1,1,1,1,1
3471,0,0,0,0,0,0,0,0,0,0,0,0,0,0,0,0,0,0,0,0,0
3472,0,0,0,0,0,0,0,0,0,0,0,0,0,0,0,0,0,0,0,0,0
3473,0,0,0,0,0,0,0,0,0,0,0,0,0,0,0,0,0,0,0,0,0
3474,0,0,0,0,0,0,0,0,0,0,0,0,0,0,0,0,0,0,0,0,0
3475,0,0,0,0,0,0,0,0,0,0,0,0,0,0,0,0,0,0,0,0,0
3476,0,0,0,0,0,0,0,0,0,0,0,0,0,0,0,0,0,0,0,0,0
3477,0,0,0,0,0,0,0,0,0,0,0,0,0,0,0,0,0,0,0,0,0
3478,0,0,0,0,0,0,0,0,0,0,0,0,0,0,0,0,0,0,0,0,0
3479,0,0,0,0,0,0,0,0,0,0,0,0,0,0,0,0,0,0,0,0,0
3480,1,1,1,1,1,1,1,1,1,1,1,1,1,1,1,1,1,1,1,1,1
3481,804,898,1029,958,836,723,663,860,976,1130,1053,902,778,706,867,943,1051,960,838,761,721
3482,0,0,0,0,0,0,0,0,0,0,0,0,0,0,0,0,0,0,0,0,0
3483,0,0,0,0,0,0,0,0,0,0,0,0,0,0,0,0,0,0,0,0,0
3484,13,14,12,8,7,7,8,13,14,12,7,7,7,8,13,14,12,7,7,7,8
3485,0,0,0,0,0,0,0,0,0,0,0,0,0,0,0,0,0,0,0,0,0
3486,0,0,0,0,0,0,0,0,0,0,0,0,0,0,0,0,0,0,0,0,0
3487,51,53,43,32,30,31,31,42,48,41,30,28,30,29,40,46,41,31,29,31,30
3488,1,1,1,1,1,1,1,1,1,1,1,1,1,1,1,1,1,1,1,1,1
3489,0,0,0,0,0,0,0,0,0,0,0,0,0,0,0,0,0,0,0,0,0
3490,30,33,35,33,28,23,24,27,31,32,29,24,18,19,21,25,28,26,23,19,20
3491,24,35,38,39,33,24,20,24,35,38,38,32,24,20,24,35,38,39,32,24,20
3492,7,7,7,8,5,4,5,7,7,7,8,5,4,5,7,7,7,8,5,4,5
3493,0,0,0,0,0,0,0,0,0,0,0,0,0,0,0,0,0,0,0,0,0
3494,0,0,0,0,0,0,0,0,0,0,0,0,0,0,0,0,0,0,0,0,0
3495,4,4,5,3,3,3,3,4,4,5,3,3,3,3,4,4,5,3,3,3,3
3496,2,2,3,2,2,2,2,2,2,3,2,2,2,2,2,2,3,2,2,2,2
3497,25,24,20,19,17,16,17,21,23,21,20,17,16,17,20,21,19,18,16,15,16
3498,11,10,10,9,8,7,5,6,7,8,8,7,6,6,7,7,8,9,8,7,6
3499,0,0,0,0,0,0,0,0,0,0,0,0,0,0,0,0,0,0,0,0,0
3500,12,13,11,10,8,8,8,10,11,10,9,8,7,8,9,11,10,9,7,7,7
3501,25,27,26,23,19,16,18,21,25,25,23,19,16,18,22,26,26,24,20,17,19
3502,19,18,18,17,14,13,13,16,19,19,18,15,13,14,18,21,22,20,17,16,15
3503,17,18,18,16,14,12,15,17,18,18,16,14,12,15,17,18,18,16,14,13,15
3504,53,88,94,73,64,48,44,53,88,94,73,64,48,44,52,88,93,73,64,48,44
3505,3,3,3,3,3,2,2,3,3,3,3,3,2,2,3,3,3,3,3,2,2
3506,7,10,10,11,8,6,5,7,10,10,11,8,6,5,7,10,10,11,8,6,5
3507,3,4,4,4,4,3,3,3,4,4,4,4,3,3,4,4,4,4,4,3,3
3508,1,1,1,1,0,0,1,1,1,1,1,0,0,0,1,1,1,1,0,0,1
3509,19,17,15,14,14,14,14,19,20,19,17,15,14,13,16,16,15,15,14,13,13
3510,29,29,28,29,26,23,23,29,33,33,32,29,25,24,29,32,32,32,29,25,24
3511,1,1,1,1,1,1,1,1,1,1,1,1,1,1,1,1,1,1,1,1,1
3512,1,2,2,2,2,2,2,1,2,2,2,2,2,2,1,2,2,2,2,2,2
3513,0,0,0,0,0,0,0,0,0,0,0,0,0,0,0,0,0,0,0,0,0
3514,10,10,10,13,7,6,7,9,10,10,13,7,6,7,9,10,10,13,7,6,7
3515,11,14,15,14,13,10,9,11,14,15,14,13,10,9,12,14,15,14,13,10,9
3516,0,0,0,0,0,0,0,0,0,0,0,0,0,0,0,0,0,0,0,0,0
3517,0,0,0,0,0,0,0,0,0,0,0,0,0,0,1,1,0,0,0,0,0
3518,0,0,0,0,0,0,0,0,0,0,0,0,0,0,0,0,0,0,0,0,0
3519,0,0,0,0,0,0,0,0,0,0,0,0,0,0,0,0,0,0,0,0,0
3520,0,0,0,0,0,0,0,0,0,0,0,0,0,0,0,0,0,0,0,0,0
3521,0,0,0,0,0,0,0,0,0,0,0,0,0,0,0,0,0,0,0,0,0
3522,0,0,0,0,0,0,0,0,0,0,0,0,0,0,0,0,0,0,0,0,0
3523,0,0,0,0,0,0,0,0,0,0,0,0,0,0,0,0,0,0,0,0,0
3524,0,0,0,0,0,0,0,0,0,0,0,0,0,0,0,0,0,0,0,0,0
3525,0,0,0,0,0,0,0,0,0,0,0,0,0,0,0,0,0,0,0,0,0
3526,0,0,0,0,0,0,0,0,0,0,0,0,0,0,0,0,0,0,0,0,0
3527,0,0,0,0,0,0,0,0,0,0,0,0,0,0,0,0,0,0,0,0,0
3528,0,0,0,0,0,0,0,0,0,0,0,0,0,0,0,0,0,0,0,0,0
3529,0,0,0,0,0,0,0,0,0,0,0,0,0,0,0,0,0,0,0,0,0
3530,0,0,0,0,0,0,0,0,0,0,0,0,0,0,0,0,0,0,0,0,0
3531,0,0,0,0,0,0,0,0,0,0,0,0,0,0,0,0,0,0,0,0,0
3532,0,0,0,0,0,0,0,1,1,0,0,0,0,0,0,0,0,0,0,0,0
3533,0,0,0,0,0,0,0,0,0,0,0,0,0,0,0,0,0,0,0,0,0
3534,21,23,23,24,23,21,21,25,26,24,22,19,17,18,20,20,19,18,17,18,18
3535,1,1,1,1,1,1,1,1,1,1,1,1,1,1,1,1,1,1,1,1,1
3536,0,0,0,0,0,0,0,0,0,0,0,0,0,0,0,0,0,0,0,0,0
3537,0,0,0,0,0,0,0,0,0,0,0,0,0,0,0,0,0,0,0,0,0
3538,0,0,0,0,0,0,0,0,0,0,0,0,0,0,0,0,0,0,0,0,0
3539,1,2,2,2,2,1,1,2,2,2,2,2,1,1,2,2,2,2,2,1,1
3540,2,2,3,2,2,1,1,2,2,2,2,2,1,1,2,2,2,2,2,1,1
3541,16,18,20,20,19,18,18,20,22,21,20,17,16,15,16,17,17,16,13,13,12
3542,5,6,6,6,5,4,4,4,5,6,6,5,4,3,4,5,6,6,5,4,4
3543,25,31,32,30,25,21,22,27,33,34,30,23,21,22,28,33,32,29,24,23,24
3544,3,4,4,4,3,3,3,3,4,4,4,3,3,3,3,4,4,4,3,3,2
3545,28,35,36,34,28,25,25,27,35,37,34,27,25,25,28,34,35,32,27,24,25
3546,1,1,1,1,1,0,0,1,1,1,1,1,1,0,1,1,1,1,1,1,1
3547,31,38,38,35,28,26,26,31,38,39,35,27,25,27,32,38,38,34,28,27,28
3548,5,6,6,5,4,4,4,4,6,6,5,4,4,4,5,6,6,5,4,4,4
3549,3,3,3,3,3,3,3,3,4,4,4,4,4,3,3,3,4,4,3,3,3
3550,1,1,1,1,1,1,1,1,1,2,2,1,1,1,1,1,2,1,1,1,1
3551,2,2,2,2,2,2,2,2,2,2,2,2,1,1,2,2,2,2,2,1,1
3552,4,5,4,4,3,3,4,4,5,4,4,3,3,4,4,5,4,4,3,3,4
3553,5,4,4,3,3,3,2,3,3,3,3,3,2,2,3,3,3,3,3,2,2
3554,15,15,15,13,11,10,11,13,14,16,14,12,10,11,13,14,15,13,11,10,11
3555,2,2,2,1,1,1,1,1,2,2,1,1,1,1,1,1,1,1,1,1,1
3556,1,1,1,1,1,1,1,1,1,1,1,1,1,1,1,1,1,1,1,0,1
3557,0,0,0,0,0,0,0,0,0,0,0,0,0,0,0,0,0,0,0,0,0
3558,0,0,0,0,0,0,0,0,0,0,0,0,0,0,0,0,0,0,0,0,0
3559,0,0,0,0,0,0,0,0,0,0,0,0,0,0,0,0,0,0,0,0,0
3560,0,1,1,1,1,0,0,0,1,1,1,1,0,0,0,1,1,1,1,0,0
3561,51,58,54,52,44,41,44,52,58,54,52,44,41,44,52,59,54,52,44,41,44
3562,4,4,3,4,3,3,2,3,3,3,4,3,2,2,3,3,3,3,3,2,2
3563,0,0,0,1,0,0,0,0,0,0,1,0,0,0,0,0,0,1,0,0,0
3564,0,0,0,0,0,0,0,0,0,0,0,0,0,0,0,0,0,0,0,0,0
3565,0,0,0,0,0,0,0,0,0,0,0,0,0,0,0,0,0,0,0,0,0
3566,9,8,7,7,7,6,6,8,8,9,8,7,7,7,8,7,7,6,6,6,7
3567,0,0,0,0,0,0,0,0,0,0,0,0,0,0,0,0,0,0,0,0,0
3568,1,1,0,0,0,0,0,1,1,0,0,0,0,0,1,1,0,0,0,0,0
3569,0,0,0,0,0,0,0,0,0,0,0,0,0,0,0,0,0,0,0,0,0
3570,1,1,2,1,1,1,1,1,1,2,1,1,1,1,1,2,2,1,1,1,1
3571,4,3,3,3,3,3,3,3,3,3,3,3,3,3,3,3,3,3,3,3,4
3572,3,3,3,3,3,2,2,2,3,3,3,3,3,2,3,3,3,3,3,2,2
3573,2,2,2,2,2,1,2,2,2,2,2,2,1,2,2,2,2,2,2,1,2
3574,1,1,0,0,0,0,1,1,1,0,0,0,1,1,1,1,1,1,0,1,1
3575,4,4,3,3,3,4,4,4,4,3,3,3,4,4,4,4,3,3,3,4,4
3576,2,2,2,2,2,1,1,2,2,2,2,2,1,1,2,2,2,2,2,1,1
3577,5,5,4,4,4,4,4,4,4,4,4,4,4,4,5,5,5,4,4,4,4
3578,0,1,1,1,1,0,0,0,1,1,1,1,0,0,0,1,1,1,1,0,0
3579,31,41,42,34,29,24,25,31,40,41,34,29,24,25,31,40,41,34,29,24,25
3580,62,66,70,71,66,58,54,64,66,66,60,51,42,36,46,51,58,60,55,50,47
3581,1,1,1,1,1,1,1,1,1,1,1,1,1,1,1,1,1,1,1,1,1
3582,1,1,1,1,1,1,1,1,1,1,1,1,1,1,1,1,1,1,1,1,1
3583,18,16,15,21,21,23,17,21,25,26,31,29,31,23,22,19,18,22,23,26,19
3584,115,122,121,115,99,97,99,120,126,119,109,91,86,85,99,102,104,101,88,89,88
3585,737,821,884,831,729,625,565,736,832,914,872,769,647,556,706,789,864,818,713,617,567
3586,69,75,73,69,61,52,54,71,82,82,81,77,70,59,63,68,68,64,58,53,56
3587,74,80,80,71,65,56,64,80,92,92,82,73,63,71,82,88,91,83,76,68,71
3588,239,277,256,245,226,213,227,254,293,264,247,222,211,228,238,266,246,234,216,211,217
3589,2,3,3,3,2,2,2,3,3,3,2,2,2,2,3,3,3,2,2,2,2
3590,2,2,2,3,3,2,2,2,2,2,2,2,2,2,2,2,2,2,2,2,2
3591,1,1,1,1,1,1,1,1,1,1,1,1,1,1,1,1,1,1,1,1,1
3592,3,3,2,2,2,2,3,3,3,2,2,2,2,3,3,3,2,2,2,2,3
3593,2,2,3,2,2,2,2,2,2,3,2,2,2,2,2,2,3,2,2,2,2
3594,1,1,1,1,1,1,0,1,1,1,1,1,1,0,1,1,1,1,1,1,1
3595,10,11,10,10,9,8,9,12,14,13,12,10,9,10,10,11,10,9,8,7,7
3596,0,0,1,0,0,0,0,0,0,1,0,0,0,0,0,0,1,1,0,0,0
3597,1,2,2,1,1,1,1,1,2,2,1,1,1,1,1,2,2,1,1,1,1
3598,1,1,1,0,1,1,1,1,1,1,1,1,1,1,1,1,1,1,1,1,1
3599,0,0,0,0,0,0,0,0,0,0,0,0,0,0,0,0,0,0,0,0,0
3600,1,1,1,1,1,1,1,1,1,1,1,1,1,1,1,1,1,1,1,1,1
3601,0,0,1,0,0,0,0,0,0,1,0,0,0,0,0,0,1,0,0,0,0
3602,0,0,0,0,0,0,0,0,0,0,0,0,0,0,0,0,0,0,0,0,0
3603,0,0,0,0,0,0,0,0,0,0,0,0,0,0,0,0,0,0,0,0,0
3604,0,0,0,0,0,0,0,0,0,0,0,0,0,0,0,0,0,0,0,0,0
3605,0,0,0,0,0,0,0,0,0,0,0,0,0,0,0,0,0,0,0,0,0
3606,0,0,0,0,0,0,0,0,0,0,0,0,0,0,0,0,0,0,0,0,0
3607,0,0,0,0,0,0,0,0,0,0,0,0,0,0,0,0,0,0,0,0,0
3608,3,2,1,1,0,1,1,3,2,1,1,0,0,1,2,1,1,0,0,0,1
3609,0,0,0,0,1,0,0,0,0,0,0,1,0,0,0,0,0,0,1,0,0
3610,0,0,0,0,0,0,0,0,0,0,0,0,0,0,0,0,0,0,0,0,0
3611,0,0,0,0,0,0,0,0,0,0,0,0,0,0,0,0,0,0,0,0,0
3612,0,0,0,0,0,0,0,0,0,0,0,0,0,0,0,0,0,0,0,0,0
3613,0,0,0,0,0,0,0,0,0,0,0,0,0,0,0,0,0,0,0,0,0
3614,0,0,0,0,0,0,0,0,0,0,0,0,0,0,0,0,0,0,0,0,0
3615,6,8,7,5,5,5,4,6,8,7,5,5,5,4,6,8,7,5,5,5,4
3616,0,0,0,0,0,0,0,0,0,0,0,0,0,0,0,0,0,0,0,0,0
3617,0,0,0,0,0,0,0,0,0,0,0,0,0,0,0,0,0,0,0,0,0
3618,0,0,0,0,0,0,0,0,0,0,0,0,0,0,0,0,0,0,0,0,0
3619,0,0,0,0,0,0,0,0,0,0,0,0,0,0,0,0,0,0,0,0,0
3620,3,3,3,3,3,3,3,3,3,3,3,3,2,2,3,3,3,3,3,2,2
3621,7,9,9,9,10,9,8,8,9,8,9,9,8,7,7,8,8,8,9,8,7
3622,2,2,2,2,1,1,1,2,2,2,2,1,1,1,1,2,2,2,1,1,1
3623,1,1,1,1,1,1,1,1,1,1,1,1,1,1,1,1,1,1,1,1,1
3624,0,0,0,0,0,0,0,0,0,0,0,0,0,0,0,0,0,0,0,0,0
3625,0,0,0,0,0,0,0,0,0,0,0,0,0,0,0,0,0,0,0,0,0
3626,43,54,70,64,55,40,31,43,54,70,64,55,40,31,43,54,70,64,55,40,31
3627,0,0,0,0,0,0,0,0,0,0,0,0,0,0,0,0,0,0,0,0,0
3628,7,7,7,7,6,5,5,7,6,7,7,6,5,6,7,7,7,7,6,5,5
3629,0,0,0,0,0,0,0,0,0,0,0,0,0,0,0,0,0,0,0,0,0
3630,2,3,1,1,1,2,3,2,3,1,1,1,2,3,2,3,1,1,1,2,3
3631,13,10,11,10,9,11,11,16,14,15,14,11,12,11,15,13,14,13,11,12,11
3632,1,1,1,1,1,1,1,1,1,1,1,1,1,1,1,1,1,1,1,1,1
3633,5,5,4,4,3,3,3,5,5,5,4,3,3,3,5,5,5,4,3,3,4
3634,4,5,5,4,3,2,4,4,5,5,4,3,2,3,4,5,5,4,3,2,4
3635,0,0,0,0,0,0,0,0,0,0,0,0,0,0,0,0,0,0,0,0,0
3636,1,0,0,1,1,1,0,1,0,0,1,1,1,0,1,0,0,1,1,1,0
3637,0,0,0,0,0,0,0,0,0,0,0,0,0,0,0,0,0,0,0,0,0
3638,1,1,2,1,1,0,0,1,1,2,1,1,0,0,1,1,2,1,1,0,0
3639,0,0,0,0,0,0,0,0,0,0,0,0,0,0,0,0,0,0,0,0,0
3640,0,0,0,0,0,0,0,0,0,0,0,0,0,0,0,0,0,0,0,0,0
3641,0,0,0,0,0,0,0,0,0,0,0,0,0,0,0,0,0,0,0,0,0
3642,0,0,0,0,0,0,0,0,0,0,0,0,0,0,0,0,0,0,0,0,0
3643,0,0,0,0,0,0,0,0,0,0,0,0,0,0,0,0,0,0,0,0,0
3644,0,0,0,0,0,0,0,0,0,0,0,0,0,0,0,0,0,0,0,0,0
3645,0,0,0,0,0,0,0,0,0,0,0,0,0,0,0,0,0,0,0,0,0
3646,1,0,1,1,1,0,0,1,0,1,1,1,0,0,1,0,1,1,1,0,1
3647,1,1,1,1,1,1,1,1,1,1,1,1,1,1,1,1,1,1,1,1,1
3648,1,1,1,2,1,1,1,1,1,1,2,1,1,1,1,1,1,2,1,1,1
3649,0,0,0,0,0,0,0,0,0,0,0,0,0,0,0,0,0,0,0,0,0
3650,0,0,0,0,0,0,0,0,0,0,0,0,0,0,0,0,0,0,0,0,0
3651,0,0,0,0,0,0,0,0,0,0,0,0,0,0,0,0,0,0,0,0,0
3652,1,1,0,1,1,1,0,1,1,0,1,1,1,0,1,1,0,1,1,1,0
3653,0,0,0,0,0,0,0,0,0,0,0,0,0,0,0,0,0,0,0,0,0
3654,3,2,2,2,2,2,2,2,2,2,2,2,2,2,2,2,2,2,2,2,2
3655,6,7,7,7,7,6,5,6,7,7,7,7,6,5,6,7,7,7,7,6,5
3656,1,1,1,1,1,1,1,1,1,1,1,1,1,1,1,1,1,1,1,1,1
3657,0,0,0,0,0,0,0,0,0,0,0,0,0,0,0,0,0,0,0,0,0
3658,3,3,4,4,3,3,3,3,3,4,4,3,3,3,3,3,4,3,3,3,2
3659,1,1,1,1,1,1,1,1,1,1,1,1,1,1,1,1,1,1,1,1,1
3660,6,7,7,5,5,5,5,6,7,7,5,5,5,5,7,8,8,5,5,5,5
3661,1,0,0,0,0,1,1,1,1,0,0,0,0,0,1,1,0,0,0,0,0
3662,0,0,0,0,0,0,0,0,0,0,0,0,0,0,0,0,0,0,0,0,0
3663,17,17,16,17,16,14,14,16,17,17,17,15,15,14,17,17,17,17,16,15,15
3664,0,0,0,0,0,0,0,0,0,0,0,0,0,0,0,0,0,0,0,0,0
3665,4,5,5,5,4,3,3,4,5,6,5,4,4,3,4,5,6,5,4,4,3
3666,3,4,6,6,6,3,3,3,4,6,6,6,3,3,3,4,6,6,6,3,3
3667,4,4,4,4,3,3,3,4,4,4,4,3,3,3,4,4,4,4,3,3,3
3668,9,8,11,10,9,7,6,7,8,10,10,9,7,6,7,8,10,10,9,7,6
3669,36,36,39,39,32,28,26,30,33,38,38,31,27,25,29,31,36,36,30,26,25
3670,17,18,18,17,15,14,13,16,17,18,17,15,14,13,16,17,18,17,15,14,13
3671,7,6,6,6,5,4,4,5,6,6,6,5,4,4,5,6,6,6,5,5,5
3672,17,18,17,16,15,13,13,14,16,16,16,14,12,12,14,15,16,15,14,12,12
3673,4,4,3,3,2,2,3,3,3,3,3,2,2,2,3,3,3,3,2,2,2
3674,6,6,6,6,5,5,5,6,7,8,7,6,5,5,6,6,7,7,6,6,6
3675,23,25,28,26,23,18,15,17,20,24,23,20,15,13,15,17,22,22,18,14,12
3676,1,2,3,3,2,1,1,1,2,3,3,2,1,1,1,2,3,3,2,1,1
3677,6,7,8,8,6,4,4,5,6,8,8,6,4,4,5,6,8,8,6,4,4
3678,2,2,2,2,2,2,2,2,2,2,2,2,2,2,2,2,2,2,2,2,2
3679,1,1,2,2,1,1,1,1,2,2,2,1,1,1,1,2,2,1,1,1,1
3680,1,1,1,0,0,0,0,1,1,1,0,0,0,0,1,1,1,0,0,0,0
3681,13,10,9,8,8,8,8,11,9,8,8,8,8,8,11,9,8,8,8,8,8
3682,1,1,2,2,2,2,1,1,1,2,2,2,1,1,1,1,2,2,2,2,1
3683,30,32,34,35,33,31,32,36,39,39,35,31,29,28,27,24,25,25,25,27,28
3684,0,1,0,3,0,0,0,0,1,0,3,0,0,0,0,1,1,3,0,0,0
3685,0,0,0,0,0,0,0,0,0,0,0,0,0,0,0,0,0,0,0,0,0
3686,0,0,1,1,1,1,1,1,0,0,0,0,0,0,0,0,0,0,0,0,0
3687,0,0,0,0,0,0,0,0,0,0,0,0,0,0,0,0,0,0,0,0,0
3688,1,1,1,1,1,0,1,1,1,1,1,1,0,1,1,1,1,1,1,0,1
3689,0,0,0,0,0,0,0,0,0,0,0,0,0,0,0,0,0,0,0,0,0
3690,2,2,1,2,4,3,2,2,2,1,2,4,3,2,2,2,1,2,4,3,2
3691,2,3,3,3,3,2,3,2,3,3,3,3,2,3,2,3,3,3,3,2,3
3692,6,6,6,7,6,6,6,6,6,6,7,6,6,6,6,6,6,7,6,6,6
3693,2,2,2,2,1,1,1,2,2,2,2,1,1,1,2,2,2,2,1,1,1
3694,0,0,0,0,0,0,0,0,0,0,0,0,0,0,0,0,0,0,0,0,0
3695,1,1,1,1,0,0,1,1,1,1,1,0,0,0,1,1,1,1,0,0,0
3696,0,0,0,0,0,0,0,0,0,0,0,0,0,0,0,0,0,0,0,0,0
3697,0,0,0,0,0,0,0,0,0,0,0,0,0,0,0,0,0,0,0,0,0
3698,0,0,0,0,0,0,0,0,1,1,2,1,1,0,0,0,0,0,0,0,0
3699,2,1,1,0,0,0,1,1,1,1,1,1,1,1,1,1,1,1,1,1,1
3700,0,0,0,0,0,0,0,0,0,0,0,0,0,0,0,0,0,0,0,0,0
3701,0,0,0,0,0,0,0,0,0,0,0,0,0,0,0,0,0,0,0,0,0
3702,16,19,20,18,17,13,13,16,19,20,18,16,13,13,16,19,20,18,16,13,13
3703,0,0,0,0,0,0,0,0,0,0,0,0,0,0,0,0,0,0,0,0,0
3704,0,0,0,0,0,0,0,0,0,0,0,0,0,0,0,0,0,0,0,0,0
3705,41,38,35,37,37,33,33,37,38,37,36,35,33,36,38,33,31,31,30,30,32
3706,0,1,1,1,0,0,1,1,1,1,0,0,0,1,1,1,1,0,0,0,1
3707,96,106,118,94,85,77,80,97,107,118,94,85,78,82,100,110,121,97,88,80,84
3708,4,4,4,3,3,2,3,4,4,4,3,3,2,3,4,4,4,3,3,2,3
3709,6,8,7,7,7,7,6,6,8,7,7,7,7,6,6,8,7,7,7,7,6
3710,0,0,0,0,0,0,0,0,0,0,0,0,0,0,0,0,0,0,0,0,0
3711,2,4,7,8,8,9,11,13,13,14,15,14,13,15,17,19,18,17,16,17,20
3712,1,0,0,0,0,0,0,1,0,0,0,0,0,0,1,0,0,0,0,0,0
3713,3,3,3,3,4,4,3,3,3,3,3,4,4,3,3,3,3,3,4,4,3
3714,35,38,36,35,33,32,32,35,37,36,35,33,32,32,35,37,36,35,32,32,32
3715,0,0,0,0,0,1,2,5,6,4,3,2,3,5,8,8,6,5,5,5,6
3716,2,3,2,2,2,2,1,2,3,2,2,2,2,1,2,3,2,2,2,2,1
3717,3,3,3,2,2,2,2,3,3,3,2,2,2,3,3,3,3,2,2,2,3
3718,0,0,0,0,0,0,0,0,0,0,0,0,0,0,0,0,0,0,0,0,0
3719,0,0,0,0,0,0,0,0,0,0,0,0,0,0,0,1,0,0,0,0,0
3720,0,0,0,0,0,0,0,0,0,0,0,0,0,0,0,0,0,0,0,0,0
3721,1,1,1,1,1,1,1,1,1,1,1,1,1,1,1,1,1,1,1,1,1
3722,0,0,0,0,0,0,0,0,0,0,0,0,0,0,0,0,0,0,0,0,0
3723,0,0,0,0,0,0,0,0,0,0,0,0,0,0,0,0,0,0,0,0,0
3724,1,1,1,1,1,1,1,1,1,1,1,1,1,1,1,1,1,1,1,0,1
3725,0,0,0,0,0,0,0,0,0,0,0,0,0,0,0,0,0,0,0,0,0
3726,52,62,63,62,58,50,42,52,62,63,62,58,50,42,52,62,63,62,58,50,42
3727,0,0,0,0,1,0,0,0,0,0,0,1,0,0,0,0,0,0,1,0,0
3728,0,0,0,0,0,0,0,0,0,0,0,0,0,0,0,0,0,0,0,0,0
3729,0,0,0,0,0,1,1,0,0,0,0,0,1,1,0,0,0,0,0,1,1
3730,0,1,0,0,0,0,0,0,1,0,0,0,0,0,0,1,0,0,0,0,0
3731,0,0,0,1,0,0,0,0,0,0,1,1,0,0,0,0,0,1,1,0,0
3732,0,0,0,0,0,0,0,0,0,0,0,0,0,0,0,0,0,0,0,0,0
3733,0,0,0,0,0,0,0,0,0,0,0,0,0,0,0,0,0,0,0,0,0
3734,18,19,18,19,18,16,15,16,19,19,19,18,16,15,17,20,19,20,20,18,16
3735,7,7,7,7,7,7,7,7,7,7,7,7,7,7,7,7,7,7,7,7,7
3736,9,8,9,8,8,7,7,9,8,9,7,7,7,7,9,8,9,7,7,7,7
3737,3,3,4,3,3,2,2,3,4,4,3,3,2,2,3,4,4,3,3,2,2
3738,1,1,1,1,1,1,1,1,1,1,1,1,1,1,1,1,1,1,1,1,1
3739,4,3,3,3,2,2,2,2,2,2,3,2,2,3,3,2,2,3,2,2,3
3740,0,0,0,0,0,0,0,0,0,0,0,0,0,0,0,0,0,0,0,0,0
3741,2,2,2,2,1,1,1,2,2,2,2,1,1,2,2,2,2,2,1,1,1
3742,3,4,4,3,3,3,3,4,4,4,3,3,3,3,3,4,4,3,3,3,3
3743,3,2,2,2,2,2,2,2,2,2,2,2,2,2,2,2,2,2,2,1,2
3744,49,52,54,52,48,43,43,55,60,62,58,53,48,47,56,57,58,54,49,46,44
3745,24,27,27,26,22,19,18,23,27,27,27,22,19,18,24,28,29,28,24,21,20
3746,3,3,3,2,2,2,2,2,3,2,2,2,2,2,2,2,2,2,2,2,2
3747,3,4,4,4,5,5,5,4,5,4,4,5,5,5,4,5,4,4,5,5,5
3748,0,0,0,0,0,0,0,0,0,0,0,0,0,0,0,0,0,0,0,0,0
3749,2,2,2,1,1,1,1,2,2,2,2,1,1,1,2,2,2,1,1,1,1
3750,0,0,0,0,0,0,0,0,0,0,0,0,0,0,0,0,0,0,0,0,0
3751,0,0,0,0,0,0,0,0,0,0,0,0,0,0,0,0,0,0,0,0,0
3752,0,0,0,0,0,0,0,0,0,0,0,0,0,0,0,0,0,0,0,0,0
3753,0,0,0,0,0,0,0,0,0,0,0,0,0,0,0,0,0,0,0,0,0
3754,0,0,0,0,0,0,0,0,0,0,0,0,0,0,1,1,0,0,0,0,0
3755,0,0,0,0,0,0,0,0,0,0,0,0,0,0,0,0,0,0,0,0,0
3756,0,0,0,0,0,0,0,0,0,0,0,0,0,0,0,0,0,0,0,0,0
3757,2,1,1,1,1,1,1,1,1,1,1,1,1,1,2,1,1,1,1,1,1
3758,1,1,1,1,1,1,1,1,1,1,1,1,1,1,1,1,1,1,1,1,1
3759,2,2,2,1,1,1,1,2,2,2,1,1,1,1,2,2,2,1,1,1,1
3760,1,1,1,1,1,1,1,1,1,2,2,1,1,1,1,2,2,2,1,1,1
3761,1,2,2,2,2,1,1,1,2,2,2,2,1,1,1,2,2,2,2,1,1
3762,0,0,0,0,0,0,0,0,0,0,0,0,0,0,0,0,0,0,0,0,0
3763,0,0,0,0,0,0,0,0,0,0,0,0,0,0,0,0,0,0,0,0,0
3764,0,0,0,0,0,0,0,0,0,0,0,0,0,0,0,0,0,0,0,0,0
3765,1,1,1,1,1,1,1,1,1,1,1,1,1,1,1,1,1,1,1,1,1
3766,2,4,7,8,8,9,10,11,12,12,11,9,8,8,8,8,7,6,5,5,5
3767,0,0,1,1,1,1,1,1,1,1,0,0,0,0,0,0,0,0,0,0,0
3768,0,0,0,0,0,0,0,0,0,0,0,0,0,0,0,0,0,0,0,0,0
3769,0,0,0,0,0,0,0,0,0,0,0,0,0,0,0,0,0,0,0,0,0
3770,0,0,0,0,0,0,0,0,0,0,0,0,0,0,0,0,0,0,0,0,0
3771,4,3,3,3,3,2,2,2,3,3,3,3,2,2,3,3,3,3,3,2,2
3772,3,3,4,3,4,3,4,3,3,4,3,4,3,4,3,3,4,3,4,3,4
3773,1,2,2,2,1,1,1,1,2,2,2,1,1,1,1,2,2,2,1,1,1
3774,1,1,1,1,1,0,1,1,1,1,1,1,0,1,1,1,1,1,1,0,1
3775,0,0,0,0,0,0,0,0,0,0,0,0,0,0,0,0,0,0,0,0,0
3776,0,0,0,0,0,0,0,0,0,0,0,0,0,0,0,0,0,0,0,0,0
3777,1,0,3,9,8,0,0,1,0,3,9,8,0,0,1,0,3,10,8,0,0
3778,0,0,0,0,0,0,0,0,0,0,0,0,0,0,0,0,0,0,0,0,0
3779,0,0,0,1,0,0,0,0,0,0,1,0,0,0,0,0,0,1,0,0,0
3780,1,1,1,1,1,1,1,1,1,1,1,1,1,1,1,1,1,1,1,1,1
3781,0,0,1,1,1,0,0,0,0,1,1,1,0,0,0,0,1,1,1,0,0
3782,1,1,1,1,1,1,1,1,1,1,1,1,1,1,1,1,1,1,1,1,1
3783,2,2,2,1,2,1,1,1,2,2,2,2,1,1,2,2,2,2,2,1,1
3784,0,0,0,0,0,0,0,0,0,0,0,0,0,0,0,0,0,0,0,0,0
3785,2,2,1,1,1,1,1,1,1,1,1,1,1,1,1,1,1,1,1,1,1
3786,0,0,0,0,0,0,0,0,0,0,0,0,0,0,0,0,0,0,0,0,0
3787,0,0,0,0,0,0,0,0,0,0,0,0,0,0,0,0,0,0,0,0,0
3788,0,0,0,0,0,0,0,0,0,0,0,0,0,0,0,0,0,0,0,0,0
3789,2,1,1,1,1,1,1,1,1,1,1,1,1,2,2,1,1,1,1,1,1
3790,0,0,0,0,0,0,0,0,0,0,0,0,0,0,0,0,0,0,0,0,0
3791,3,5,5,4,3,2,2,3,5,5,4,3,2,2,3,5,5,4,3,2,2
3792,36,41,40,39,35,30,31,36,40,40,37,32,28,28,32,36,35,33,30,27,27
3793,2,2,2,3,2,2,2,2,2,2,3,3,2,2,2,2,2,3,3,2,2
3794,0,0,0,0,0,0,0,0,0,0,0,0,0,0,0,0,0,0,0,0,0
3795,15,16,15,13,12,11,12,15,16,15,13,12,11,12,15,16,14,13,12,11,12
3796,5,6,7,7,6,4,3,5,6,7,7,6,4,3,5,6,7,7,6,4,3
3797,0,1,1,1,0,0,0,0,1,1,1,1,0,0,0,1,1,1,1,0,0
3798,0,0,0,0,0,0,0,0,0,0,0,0,0,0,0,0,0,0,0,0,0
3799,0,0,0,0,0,0,0,0,0,0,0,0,0,0,0,0,0,0,0,0,0
3800,0,0,0,0,0,0,0,0,0,0,0,0,0,0,0,0,0,0,0,0,0
3801,0,0,0,0,0,0,0,0,0,0,0,0,0,0,0,0,0,0,0,0,0
3802,0,0,0,0,0,0,0,0,0,0,0,0,0,0,0,0,0,0,0,0,0
3803,0,0,0,0,0,0,0,0,0,0,0,0,0,0,1,0,0,0,0,0,0
3804,0,0,0,0,0,0,0,0,0,0,0,0,0,0,0,0,0,0,0,0,0
3805,0,0,0,0,0,0,0,0,0,0,0,0,0,0,0,0,0,0,0,0,0
3806,4,4,4,4,3,3,3,4,4,4,4,3,3,3,4,4,4,4,3,3,3
3807,0,0,0,0,0,0,0,0,0,0,0,0,0,0,0,0,0,0,0,0,0
3808,0,0,0,0,0,0,0,0,0,0,0,0,0,0,0,1,1,1,1,1,1
3809,0,0,0,0,0,0,0,0,0,0,0,0,0,0,0,0,0,0,0,0,0
3810,14,16,16,16,15,13,13,15,16,16,16,15,12,13,14,16,16,16,15,12,13
3811,0,0,1,1,1,0,0,0,0,1,1,1,0,0,0,0,1,1,1,0,0
3812,0,0,0,0,0,0,0,0,0,0,0,0,0,0,0,0,0,0,0,0,0
3813,0,0,0,0,0,0,0,0,0,0,0,0,0,0,0,0,0,0,0,0,0
3814,1,1,0,0,0,0,1,1,1,0,0,0,0,1,1,1,0,0,0,0,1
3815,48,47,47,52,49,40,39,48,55,59,59,52,47,49,48,43,43,42,36,35,38
3816,3,3,4,3,3,3,4,3,3,4,3,3,3,4,3,3,4,3,3,3,4
3817,51,54,52,51,52,52,58,69,80,74,67,59,56,59,58,57,54,50,46,49,45
3818,11,12,12,11,12,10,9,11,11,12,11,12,10,9,11,11,12,11,12,10,9
3819,39,42,41,37,34,31,31,39,42,40,36,33,31,31,39,42,40,37,33,31,31
3820,3,3,2,3,2,2,2,3,2,2,3,2,2,2,3,3,2,3,2,2,2
3821,1,1,1,0,0,0,1,1,1,1,0,0,0,1,1,1,1,0,0,0,1
3822,73,78,82,72,57,50,53,74,77,78,67,52,43,44,63,71,78,68,53,47,48
3823,25,33,39,41,32,22,22,25,33,39,41,32,22,22,25,33,39,41,32,22,22
3824,30,36,46,42,35,28,26,30,36,46,42,35,28,26,30,36,46,42,35,28,26
3825,57,64,67,59,52,47,49,54,63,66,59,51,47,48,52,61,66,59,52,48,50
3826,29,40,51,46,37,26,23,29,40,51,46,37,26,23,29,40,51,46,37,26,23
3827,32,41,52,47,38,27,27,32,41,52,47,38,27,27,32,41,52,47,38,27,27
3828,321,396,369,330,342,293,279,321,396,369,329,341,292,279,320,396,369,329,341,292,279
3829,716,789,879,807,698,590,547,711,787,884,813,703,595,554,713,779,873,805,698,590,547
3830,353,434,410,379,359,278,281,360,439,411,377,350,265,270,347,429,409,379,355,275,274
3831,0,0,0,0,0,0,0,0,0,0,0,0,0,0,0,0,0,0,0,0,0
3832,118,123,135,123,115,111,105,118,123,135,123,115,111,105,118,123,135,123,115,111,105
3833,203,204,205,229,196,162,158,195,201,204,230,198,163,155,186,189,192,218,187,156,154
3834,203,244,224,206,165,147,148,204,245,224,206,165,146,148,203,244,224,206,165,146,148
3835,0,0,0,0,0,0,0,0,0,0,0,0,0,0,0,0,0,0,0,0,0
3836,748,819,939,864,752,656,581,749,829,947,858,735,636,559,727,811,943,869,760,674,598
3837,784,841,952,873,761,664,586,758,855,995,911,775,657,564,719,802,945,877,757,667,594
3838,0,0,0,0,0,0,0,0,0,0,0,0,0,0,0,0,0,0,0,0,0
3839,467,564,531,483,429,402,394,476,574,532,469,407,379,374,461,565,535,484,429,401,390
3840,304,217,305,388,541,503,398,296,222,313,390,531,488,383,273,194,298,386,538,505,394
3841,2,0,0,0,0,0,2,2,0,0,0,0,0,2,2,0,0,0,0,0,2
3842,2,0,0,0,0,2,2,2,0,0,0,0,2,2,2,0,0,0,0,2,2
3843,50,62,62,58,47,40,44,50,62,62,58,47,40,44,50,62,62,58,47,40,44
3844,57,53,50,56,56,61,59,61,54,48,53,52,58,60,66,57,48,53,52,57,57
3845,7,6,5,7,7,8,8,7,6,5,7,7,8,8,7,6,5,7,7,8,8
3846,35,46,56,63,51,36,33,35,45,56,63,51,36,33,35,45,56,63,51,36,33
3847,13,14,19,22,22,18,17,13,14,19,22,22,18,17,13,14,19,22,22,18,17
3848,5,5,5,4,4,4,3,5,5,5,4,4,4,3,5,5,5,4,4,4,3
3849,26,33,36,38,35,36,24,25,31,34,36,34,34,22,26,33,35,36,34,34,22
3850,22,21,22,30,29,27,25,22,21,22,30,29,27,25,22,21,22,30,29,27,25
3851,9,12,13,7,6,1,6,9,12,13,7,6,1,6,9,13,13,7,6,1,6
3852,0,0,0,0,0,0,0,0,0,0,0,0,0,0,0,0,0,0,0,0,0
3853,0,3,0,0,0,0,0,0,3,0,0,0,0,0,0,3,0,0,0,0,0
3854,272,304,302,297,256,228,216,273,331,335,310,249,219,212,259,294,301,289,242,225,217
3855,211,151,160,262,329,293,259,211,151,159,261,328,293,259,211,151,159,261,328,293,259
3856,0,2,0,0,0,0,0,0,2,0,0,0,0,0,0,2,0,0,0,0,0
3857,0,0,0,0,0,0,0,0,0,0,0,0,0,0,0,0,0,0,0,0,0
3858,504,585,592,524,443,410,400,509,593,599,515,421,387,384,498,595,612,539,449,414,406
3859,173,181,203,269,387,371,327,174,181,203,269,387,371,327,173,180,203,269,387,371,327
3860,4,2,0,0,0,0,0,4,2,0,0,0,0,0,4,2,0,0,0,0,0
3861,0,0,0,0,0,0,0,0,0,0,0,0,0,0,1,2,3,3,2,2,1
3862,157,181,188,199,172,152,140,171,207,213,209,166,137,121,143,173,195,221,200,183,160
3863,31,24,27,33,36,36,32,31,23,27,33,36,36,32,31,23,27,33,36,36,32
3864,0,0,0,0,0,3,0,0,0,0,0,0,3,0,0,0,0,0,0,3,0
3865,0,0,0,0,0,0,1,0,0,0,0,0,0,1,0,0,0,0,0,0,1
3866,17,20,26,24,22,16,16,21,22,25,22,22,19,23,24,20,23,20,19,14,13
3867,19,23,17,16,12,14,22,19,23,17,16,12,14,22,19,23,17,16,12,14,22
3868,1,2,2,3,3,3,2,2,2,2,3,3,3,3,2,2,2,3,2,3,3
3869,41,38,50,61,45,38,45,41,38,50,61,45,38,45,41,38,50,61,45,38,45
3870,123,98,101,202,200,177,178,123,103,106,204,200,177,178,129,115,118,214,210,186,186
3871,0,0,1,1,0,0,0,0,0,1,1,0,0,0,0,0,1,1,0,0,0
3872,0,0,4,5,5,3,0,0,0,4,5,5,3,0,0,0,4,5,5,3,0
3873,36,41,30,19,13,15,19,36,40,30,19,13,15,19,36,40,30,19,13,15,19
3874,39,58,81,96,82,53,26,53,68,81,94,80,54,33,50,56,75,91,78,49,20
3875,38,44,56,54,49,40,26,38,44,57,54,49,40,26,38,44,56,54,49,40,26
3876,463,491,514,584,570,482,409,465,534,569,625,591,487,403,448,527,594,673,648,552,459
3877,358,327,375,382,385,326,287,343,331,391,395,389,330,294,342,317,370,374,376,330,293
3878,178,176,184,187,150,165,161,174,182,188,185,142,157,150,153,154,166,169,130,150,140
3879,7,4,2,7,3,0,2,7,3,2,7,3,0,2,7,3,2,7,3,0,2
3880,3,0,0,0,0,3,3,3,0,0,0,0,3,3,3,0,0,0,0,3,3
3881,329,334,337,460,324,308,255,318,350,353,460,317,305,266,333,344,335,458,331,326,267
3882,193,124,136,253,277,287,260,193,124,136,253,277,287,260,195,126,137,253,277,288,261
3883,10,16,7,14,7,19,3,10,16,7,14,7,19,3,9,16,7,14,7,19,3
3884,10,6,5,5,1,5,5,10,6,5,5,1,5,5,10,6,5,5,1,5,5
3885,317,364,335,320,299,277,265,323,401,381,349,312,286,272,315,372,357,345,322,310,298
3886,198,143,185,264,351,374,340,210,163,200,274,356,378,340,203,147,188,266,352,377,339
3887,40,34,17,20,15,20,23,35,38,28,32,25,29,32,40,37,23,26,20,26,30
3888,41,43,44,34,38,34,37,34,37,41,32,37,32,34,30,31,34,25,30,27,30
3889,21,17,17,19,22,22,21,22,17,17,19,22,22,21,21,17,17,19,22,22,21
3890,23,15,14,24,27,29,33,24,13,11,21,22,22,25,20,12,11,22,23,24,27
3891,4,5,7,9,8,3,3,5,5,7,9,8,2,3,5,5,7,9,8,2,3
3892,14,14,11,3,5,7,5,14,13,10,3,5,7,6,16,15,12,4,5,7,6
3893,17,24,24,22,17,23,15,17,24,24,22,17,23,15,17,24,24,22,17,23,15
3894,24,23,24,23,23,20,22,29,37,43,42,42,33,25,22,21,24,23,25,22,23
3895,215,247,257,228,217,191,169,222,285,299,251,219,188,172,222,263,276,241,225,207,178
3896,651,687,702,655,518,417,440,577,651,709,683,554,463,503,648,690,673,603,482,426,485
3897,134,160,166,169,177,158,153,178,203,180,160,153,135,141,177,216,200,185,180,159,138
3898,140,144,143,138,127,113,116,141,153,148,134,114,100,105,117,120,125,124,111,104,104
3899,831,909,1023,954,848,738,661,861,1005,1169,1085,911,751,664,830,952,1101,1026,898,808,728
3900,749,825,941,869,753,654,581,752,841,964,884,763,668,598,742,805,923,846,730,648,593
3901,752,820,934,859,756,663,592,766,852,954,854,729,629,562,740,823,943,865,756,667,587
3902,1,0,0,0,0,0,0,1,0,0,0,0,0,0,1,0,0,0,0,0,0
3903,0,1,1,1,0,0,0,0,1,1,1,0,0,0,0,1,1,1,0,0,0
3904,5,7,6,7,7,5,5,5,7,6,7,7,5,5,5,7,6,7,7,5,5
3905,0,0,0,0,0,0,0,0,0,0,0,0,0,0,0,0,0,0,0,0,0
3906,21,19,17,23,22,24,31,21,19,17,23,22,24,31,21,19,17,23,22,24,31
3907,0,0,0,0,0,0,0,0,0,0,0,0,0,0,0,0,0,0,0,0,0
3908,3,1,1,0,2,2,3,4,2,2,1,2,2,3,3,0,0,0,1,1,2
3909,195,216,189,170,153,146,171,189,243,241,215,186,184,223,217,216,195,187,178,188,234
3910,40,26,43,64,79,82,64,40,26,43,64,79,82,64,40,26,43,64,79,82,64
3911,66,71,70,66,59,54,47,61,65,64,58,52,52,52,64,62,57,52,46,45,40
3912,7,14,14,14,10,7,4,7,14,14,14,10,7,4,7,14,15,14,10,7,4
3913,0,0,0,0,0,0,0,0,0,0,0,0,0,0,0,0,0,0,0,0,0
3914,87,90,91,87,70,74,74,86,89,90,86,70,74,74,86,90,91,87,70,74,74
3915,14,21,26,27,24,24,20,19,24,25,24,20,22,21,19,20,21,21,17,18,14
3916,16,16,25,25,12,12,11,16,16,25,25,12,12,11,16,16,25,25,12,12,11
3917,201,198,224,213,203,185,170,185,191,229,218,197,175,165,175,177,204,196,183,168,159
3918,17,20,16,18,19,20,19,18,20,17,18,19,20,19,18,20,17,18,19,20,19
3919,17,26,32,46,40,30,16,17,26,32,46,40,30,16,17,26,32,46,40,30,16
3920,100,99,94,82,74,107,104,112,128,121,117,140,192,131,95,88,88,81,76,110,104
3921,13,9,10,19,25,24,17,13,9,10,19,25,24,17,13,9,10,19,25,24,17
3922,6,0,0,0,0,0,0,6,0,0,0,0,0,0,6,0,0,0,0,0,0
3923,16,21,22,19,13,14,7,8,13,18,17,12,17,12,8,9,10,7,2,7,3
3924,8,13,6,9,5,4,10,8,13,6,9,5,4,10,9,13,6,9,5,4,10
3925,8,15,21,19,15,7,6,8,15,21,19,15,7,6,8,15,21,19,15,7,6
3926,11,11,18,16,15,17,15,11,11,18,16,15,17,15,13,12,19,17,16,17,15
3927,0,0,0,0,0,0,0,0,0,0,0,0,0,0,0,0,0,0,0,0,0
3928,0,0,0,0,0,0,0,0,0,0,0,0,0,0,0,0,0,0,0,0,0
3929,3,0,0,0,0,0,2,3,0,0,0,0,0,2,3,0,0,0,0,0,2
3930,3,0,0,0,0,0,0,3,0,0,0,0,0,0,3,0,0,0,0,0,0
3931,4,42,60,4,3,1,1,4,42,60,4,3,1,1,4,42,60,4,3,1,1
3932,3,0,0,0,0,0,0,3,0,0,0,0,0,0,3,0,0,0,0,0,0
3933,1,0,0,0,0,0,0,1,0,0,0,0,0,0,1,0,0,0,0,0,0
3934,7,1,1,32,28,7,4,7,1,1,32,28,7,4,7,1,1,32,28,7,4
3935,9,13,12,11,4,1,3,9,13,12,11,4,1,3,9,13,12,11,4,1,3
3936,3,2,0,14,13,0,2,3,2,0,14,13,0,2,3,2,0,14,13,0,2
3937,0,0,0,0,0,0,0,0,0,0,0,0,0,0,0,0,0,0,0,0,0
3938,0,0,0,0,0,0,0,0,0,0,0,0,0,0,0,0,0,0,0,0,0
3939,0,0,0,0,0,1,0,0,0,0,0,0,1,0,0,0,0,0,0,1,0
3940,5,6,5,0,0,3,3,5,6,5,0,0,3,3,5,6,5,0,0,3,3
3941,5,6,6,0,0,3,3,5,6,6,0,0,3,3,5,6,6,0,0,3,3
3942,1,5,1,0,3,0,3,1,5,0,0,3,0,3,1,5,1,0,3,0,3
3943,40,43,37,37,31,28,29,41,43,37,37,32,29,31,41,42,37,37,32,29,30
3944,1,0,1,0,0,0,1,1,0,1,0,0,0,1,1,0,1,0,0,0,1
3945,0,0,0,0,0,0,0,0,0,0,0,0,0,0,0,0,0,0,0,0,0
3946,4,3,0,0,0,0,2,4,3,0,0,0,0,1,4,3,0,0,0,0,1
3947,0,0,0,0,0,0,0,0,0,0,0,0,0,0,0,0,0,0,0,0,0
3948,19,18,19,22,16,2,1,19,18,19,22,16,2,1,19,18,19,22,16,2,1
3949,0,0,0,0,0,0,0,1,1,0,0,0,0,0,0,0,0,0,0,0,0
3950,0,0,0,0,0,0,0,0,0,0,0,0,0,0,0,0,0,0,0,0,0
3951,10,13,6,3,3,3,8,10,12,6,3,3,3,8,10,13,6,3,3,3,8
3952,0,0,0,0,0,0,0,0,0,0,0,0,0,0,0,0,0,0,0,0,0
3953,0,0,4,8,10,4,3,0,0,4,8,10,4,3,0,0,4,8,10,4,3
3954,0,0,0,0,2,0,0,0,0,0,0,2,0,0,0,0,0,0,2,0,0
3955,0,0,0,0,2,2,2,0,0,0,0,2,2,2,0,0,0,0,2,2,2
3956,0,0,0,0,0,0,0,0,0,0,0,0,0,0,0,0,0,0,0,0,0
3957,0,0,0,0,0,0,0,0,0,0,0,0,0,0,0,0,0,0,0,0,0
3958,0,0,0,0,0,3,5,0,0,0,0,0,3,5,0,0,0,0,0,3,5
3959,0,0,0,0,0,0,0,0,0,0,0,0,0,0,0,0,0,0,0,0,0
3960,0,0,0,0,0,0,0,0,0,0,0,0,0,0,0,0,0,0,0,0,0
3961,0,0,0,0,0,0,0,0,0,0,0,0,0,0,0,0,0,0,0,0,0
3962,0,0,0,0,0,0,0,0,0,0,0,0,0,0,0,0,0,0,0,0,0
3963,0,0,2,1,0,0,1,1,1,2,0,0,0,0,1,1,2,1,0,0,0
3964,0,0,0,8,7,2,0,0,0,0,8,7,2,0,0,0,0,8,7,2,0
3965,0,0,0,0,0,0,0,0,0,0,0,0,0,0,0,0,0,0,0,0,0
3966,0,0,1,0,0,0,0,1,1,0,0,0,0,0,0,0,0,0,0,0,0
3967,0,0,0,0,0,0,0,0,0,0,0,0,0,0,0,0,0,0,0,0,0
3968,5,4,3,3,2,2,2,2,3,2,3,2,2,2,3,3,3,3,3,3,3
3969,2,2,2,2,2,2,2,2,2,2,2,2,2,2,2,2,3,2,2,2,2
3970,0,0,0,0,0,0,0,0,0,0,0,0,0,0,0,0,0,0,0,0,0
3971,0,0,0,0,0,0,0,0,0,0,0,0,0,0,0,0,0,0,0,0,0
3972,0,0,1,1,0,0,1,1,1,1,1,0,0,1,1,1,1,0,0,0,0
3973,14,15,16,19,17,14,13,12,15,16,19,18,15,13,12,14,15,18,17,14,13
3974,3,3,3,3,3,2,2,3,3,3,3,3,2,2,3,3,3,3,3,2,2
3975,6,6,5,6,6,5,5,5,6,5,6,6,5,5,5,5,5,6,5,5,5
3976,0,0,0,0,0,1,0,0,0,0,0,0,1,0,0,0,0,0,0,1,0
3977,1,1,1,2,2,0,0,1,1,1,2,2,0,0,1,1,1,2,2,0,0
3978,0,0,0,0,0,0,0,0,0,0,0,0,0,0,0,0,0,0,0,0,0
3979,1,1,1,1,1,1,1,1,1,1,1,1,1,1,1,1,1,1,1,1,1
3980,7,8,8,8,7,7,6,7,7,8,8,7,7,6,7,7,7,8,7,7,6
3981,1,1,1,1,1,1,1,2,1,1,1,1,1,1,2,1,1,1,1,1,1
3982,28,31,38,39,36,26,29,28,31,38,39,36,26,29,29,32,40,40,37,27,31
3983,6,7,10,10,9,6,6,5,7,9,10,9,6,5,5,6,9,10,9,6,5
3984,1,1,1,1,1,1,1,1,1,1,1,1,1,1,1,1,1,1,1,1,1
3985,0,0,0,0,0,0,0,0,0,0,0,0,0,0,0,0,0,0,0,0,0
3986,0,1,1,0,0,0,0,0,1,1,0,0,0,0,0,1,1,0,0,0,0
3987,45,48,47,49,44,43,43,47,52,51,52,46,45,44,47,50,47,48,41,41,41
3988,9,9,10,9,8,7,6,8,8,9,9,8,7,6,8,8,9,9,8,6,6
3989,5,5,5,6,6,6,6,5,5,5,6,6,6,5,5,5,5,6,6,6,5
3990,8,8,8,11,11,9,9,8,8,8,11,10,9,8,8,8,8,11,10,9,8
3991,14,15,17,18,17,13,11,12,14,17,19,17,13,11,12,13,17,18,17,13,11
3992,1,1,1,1,1,0,1,1,1,1,1,1,0,1,1,1,1,1,1,0,1
3993,0,0,0,0,0,0,0,0,0,0,1,2,4,5,4,3,3,3,3,3,2
3994,0,0,0,0,0,0,0,0,0,0,0,0,0,0,0,0,0,0,0,0,0
3995,0,0,0,0,0,0,0,0,0,0,0,0,0,0,0,0,0,0,0,0,0
3996,3,2,2,2,1,1,1,2,2,2,2,2,2,2,3,3,2,2,2,2,2
3997,0,1,1,0,0,0,0,0,1,1,0,0,0,0,1,1,1,0,0,0,0
3998,95,108,110,98,89,75,77,101,120,127,113,100,86,86,97,103,101,87,79,69,74
3999,14,17,18,17,16,14,15,18,22,21,18,16,14,14,15,17,16,14,13,13,14
4000,60,64,72,70,59,50,47,59,68,80,79,68,61,59,68,71,79,74,64,57,56
4001,286,288,281,272,256,228,220,266,284,290,278,248,215,216,258,265,269,265,243,215,209
4002,3,3,3,3,2,2,2,3,3,3,3,2,2,2,3,3,3,3,2,2,2
4003,1,1,0,0,0,0,0,1,1,0,0,0,0,0,1,1,0,0,0,0,0
4004,70,80,86,80,69,62,61,70,80,86,79,68,62,61,70,80,86,79,68,62,61
4005,10,9,9,9,9,9,9,10,9,9,8,9,9,9,10,8,8,8,9,9,9
4006,1,1,1,1,1,1,1,1,1,1,1,1,1,1,1,1,1,1,1,1,1
4007,2,2,2,2,2,2,2,2,2,2,2,2,2,2,2,2,2,2,2,2,2
4008,13,13,12,11,9,8,10,12,14,15,14,11,11,14,14,13,12,10,8,9,13
4009,0,0,0,0,0,0,0,0,0,0,0,0,0,0,0,0,0,0,0,0,0
4010,0,0,0,0,0,0,0,0,1,1,1,1,1,1,2,2,2,2,2,2,2
4011,0,0,0,0,0,0,0,0,0,0,0,0,0,0,0,0,0,0,0,0,0
4012,0,0,0,0,0,0,0,0,0,0,0,0,0,0,0,0,0,0,0,0,0
4013,0,0,0,0,0,0,0,0,0,0,0,0,0,1,1,2,2,1,1,1,1
4014,1,1,1,0,0,0,0,1,1,1,0,0,0,0,1,1,1,0,0,0,0
4015,0,0,0,0,0,0,0,0,0,0,0,0,0,0,0,0,0,0,0,0,0
4016,0,0,0,0,0,0,0,0,0,0,0,0,0,0,0,0,0,0,0,0,0
4017,3,3,2,2,1,1,1,2,2,2,2,1,1,2,3,3,3,2,2,2,3
4018,12,15,16,15,12,9,7,10,13,15,16,13,11,8,10,12,13,13,11,9,7
4019,14,12,11,10,10,9,10,11,12,12,11,10,11,11,13,12,11,10,10,10,10
4020,2,2,3,3,3,2,2,2,2,3,3,4,2,2,2,2,3,3,4,2,2
4021,1,1,0,0,0,0,1,1,1,0,0,0,0,1,1,1,0,0,0,0,1
4022,9,10,9,9,8,8,8,9,9,9,9,9,8,8,9,10,9,9,8,8,8
4023,0,0,0,0,0,0,0,0,0,0,0,0,0,0,0,0,0,0,0,0,0
4024,0,1,1,1,1,1,1,1,1,1,1,1,1,1,1,1,1,1,1,1,1
4025,0,0,0,0,0,0,0,0,0,0,0,0,0,0,0,0,0,0,0,0,0
4026,0,0,0,0,0,0,0,0,0,0,0,0,0,0,0,0,0,0,0,0,0
4027,0,0,0,0,0,0,0,0,0,0,0,0,0,0,0,0,0,0,0,0,0
4028,0,0,0,0,0,0,0,0,0,0,0,0,0,0,0,0,0,0,0,0,0
4029,0,0,0,0,0,0,0,0,0,0,0,0,0,0,0,0,0,0,0,0,0
4030,0,0,0,0,0,0,0,0,0,0,0,0,0,0,0,0,0,0,0,0,0
4031,0,0,0,0,0,0,0,0,0,0,0,0,0,0,0,0,0,0,0,0,0
4032,0,0,0,0,0,0,0,0,0,0,0,0,0,0,0,0,0,0,0,0,0
4033,9,9,9,10,9,8,9,10,12,13,12,10,8,8,9,10,11,11,10,10,10
4034,151,188,225,216,185,152,133,152,188,226,216,185,151,133,151,188,225,216,185,151,133
4035,45,48,44,40,36,33,45,44,47,40,34,29,29,42,40,39,37,35,35,38,46
4036,4,4,4,3,3,3,3,4,4,4,3,3,3,3,4,4,4,3,3,3,3
4037,2,2,2,2,2,1,2,2,2,2,2,2,1,1,2,2,2,2,2,1,2
4038,17,16,15,14,12,12,12,13,14,15,14,13,12,12,13,15,15,15,13,13,13
4039,0,0,0,0,0,0,0,0,0,0,0,0,0,0,0,0,0,0,0,0,0
4040,14,13,10,8,8,9,11,12,12,9,8,8,10,11,12,12,9,8,8,10,11
4041,7,6,7,7,6,4,5,6,6,7,7,6,4,5,6,7,8,7,6,5,5
4042,2,3,3,3,3,2,3,3,3,3,2,2,2,2,2,2,1,1,1,1,1
4043,6,6,7,7,6,6,6,6,6,6,6,6,6,5,6,6,6,6,6,6,5
4044,0,0,0,0,0,0,0,0,0,0,0,0,0,0,0,0,0,0,0,0,0
4045,0,0,0,0,0,0,0,0,0,0,0,0,0,0,0,0,0,0,0,0,0
4046,9,11,12,12,12,11,11,12,14,15,13,11,9,9,8,8,7,6,4,4,4
4047,3,3,4,4,3,2,2,3,3,4,4,3,2,2,3,3,4,4,3,2,2
4048,0,0,0,0,0,0,0,0,0,0,0,0,0,0,0,0,0,0,0,0,0
4049,0,0,0,0,0,0,0,0,0,0,0,0,0,0,0,0,0,0,0,0,0
4050,38,44,47,51,45,33,25,31,43,47,50,44,33,25,31,42,51,56,50,40,32
4051,1,1,2,1,2,1,2,1,1,2,1,2,1,2,1,1,2,1,2,1,2
4052,0,0,0,0,0,0,0,0,0,0,0,0,0,0,0,0,0,0,0,0,0
4053,6,5,3,3,3,4,4,6,5,3,3,3,4,4,6,5,3,3,3,4,4
4054,2,2,2,2,2,2,2,2,2,2,2,1,1,2,2,2,2,2,1,1,2
4055,0,0,0,0,0,0,0,0,0,0,0,0,0,0,0,0,0,0,0,0,0
4056,2,2,3,3,2,2,2,3,3,3,3,2,2,2,3,3,3,3,3,3,3
4057,0,0,0,0,0,0,0,0,0,0,0,0,0,0,0,0,0,0,0,0,0
4058,3,2,2,2,1,1,1,2,2,2,2,2,1,1,2,2,2,2,2,2,2
4059,0,0,0,0,0,0,0,0,0,0,0,0,0,0,0,0,0,0,0,0,0
4060,7,7,5,5,6,6,7,7,7,5,5,6,6,7,7,7,5,5,6,6,7
4061,14,12,10,10,10,12,11,14,13,10,10,9,11,10,14,12,10,10,9,11,10
4062,0,0,0,0,0,0,0,0,0,0,0,0,0,0,0,0,0,0,0,0,0
4063,0,0,0,0,0,0,0,0,0,0,0,0,0,0,0,0,0,0,0,0,0
4064,1,1,1,1,1,1,1,1,1,1,1,1,1,1,1,1,1,1,1,1,1
4065,0,0,0,0,0,0,0,0,0,0,0,0,0,0,0,0,0,0,0,0,0
4066,10,10,12,12,12,10,9,10,10,12,12,12,10,10,11,11,12,12,12,10,9
4067,0,0,0,0,0,0,0,0,0,0,0,0,0,0,0,0,0,0,0,0,0
4068,0,0,0,0,0,0,0,0,0,0,0,0,0,0,0,0,0,0,0,0,0
4069,2,2,2,2,3,2,2,2,2,2,2,3,2,2,2,2,2,2,3,2,2
4070,2,2,2,2,2,2,2,2,2,2,2,1,2,2,2,2,2,2,1,2,2
4071,29,34,36,36,30,23,21,29,34,36,36,30,23,21,29,34,36,36,30,23,21
4072,34,33,28,25,22,19,23,39,55,46,35,27,24,30,40,39,33,30,28,27,30
4073,0,0,0,0,0,0,0,0,0,0,0,0,0,0,0,0,0,0,0,0,0
4074,2,3,3,3,2,1,1,2,3,3,2,2,1,1,2,3,3,3,2,1,1
4075,1,1,1,1,1,1,1,1,1,1,1,1,1,1,1,1,1,1,1,1,1
4076,0,0,0,0,0,0,0,0,0,0,0,0,0,0,0,0,0,0,0,0,0
4077,0,0,0,0,0,0,0,0,0,0,0,0,0,0,0,0,0,0,0,0,0
4078,0,0,0,0,0,0,0,0,0,0,0,0,0,0,0,0,0,0,0,0,0
4079,0,0,0,0,0,0,0,0,0,0,0,0,0,0,0,0,0,0,0,0,0
4080,2,2,2,2,2,1,1,2,2,2,2,2,1,1,2,2,2,2,2,1,1
4081,0,0,0,0,0,0,0,0,0,0,0,0,0,0,0,0,0,0,0,0,0
4082,0,0,0,0,0,0,0,0,0,0,0,0,0,0,0,0,0,0,0,0,0
4083,0,0,0,0,0,0,0,0,0,0,0,0,0,0,0,0,0,0,0,0,0
4084,1,2,2,2,2,2,2,2,2,2,2,2,2,2,2,2,2,2,2,2,2
4085,0,0,0,0,0,0,0,0,0,0,0,0,0,0,0,0,0,0,0,0,0
4086,0,0,0,0,0,0,0,0,0,0,0,0,0,0,0,0,0,0,0,0,0
4087,1,1,1,1,0,1,1,1,1,1,1,0,1,1,1,1,1,1,0,1,1
4088,1,1,1,1,1,1,1,1,1,1,1,1,1,1,1,1,1,1,1,1,1
4089,0,0,0,0,0,0,0,0,0,0,0,0,0,0,0,0,0,0,0,0,0
4090,0,0,2,2,0,0,0,0,0,2,2,0,0,0,0,0,2,2,0,0,0
4091,1,0,0,0,0,1,0,1,0,1,0,1,1,1,1,1,1,0,0,1,1
4092,0,0,0,0,0,0,0,0,0,0,0,0,0,0,0,0,0,0,0,0,0
4093,0,0,0,0,0,0,0,0,0,0,0,0,0,0,0,0,0,0,0,0,0
4094,2,2,1,1,1,1,1,1,2,1,1,1,1,1,1,2,1,1,0,1,1
4095,0,0,0,0,0,0,0,0,0,0,0,0,0,0,0,0,0,0,0,0,0
4096,0,0,0,0,0,0,0,0,0,0,0,0,0,0,0,0,0,0,0,0,0
4097,0,0,0,0,0,0,0,0,0,0,0,0,0,0,0,0,0,0,0,0,0
4098,0,0,0,0,0,0,0,0,0,0,0,0,0,0,0,0,0,0,0,0,0
4099,9,10,10,10,9,8,8,10,10,11,10,9,8,8,10,10,11,10,9,8,8
4100,3,3,3,3,3,3,3,3,3,3,3,3,3,3,3,3,3,3,3,3,2
4101,1,2,2,2,2,1,1,1,2,2,2,2,1,1,1,2,2,2,2,1,1
4102,29,30,31,29,25,23,24,29,30,31,29,26,23,24,30,31,31,29,26,23,24
4103,1,2,2,1,1,1,1,1,2,2,1,1,1,1,1,2,2,1,1,1,1
4104,1,1,1,0,0,0,0,1,1,1,0,0,0,0,1,1,1,0,0,0,0
4105,5,5,5,5,5,4,4,4,5,5,5,5,4,4,4,5,5,5,5,5,4
4106,0,0,0,0,0,0,0,0,0,0,0,0,0,0,0,0,0,0,0,0,0
4107,4,4,4,4,4,3,3,4,4,4,4,4,3,3,4,4,4,5,4,3,3
4108,1,1,1,1,0,0,0,1,1,1,1,0,0,0,1,1,1,1,0,0,0
4109,0,0,0,0,0,0,0,0,0,0,0,0,0,0,0,0,0,0,0,0,0
4110,0,0,0,0,0,0,0,0,0,0,0,0,0,0,0,0,0,0,0,0,0
4111,0,0,0,0,0,0,0,0,0,0,0,0,0,0,0,0,0,0,0,0,0
4112,0,0,0,0,0,0,0,0,0,0,0,0,0,0,0,0,0,0,0,0,0
4113,0,0,0,0,0,0,0,0,0,0,0,0,0,0,0,0,0,0,0,0,0
4114,1,2,2,2,1,1,1,1,2,2,2,1,1,1,2,3,2,3,1,2,1
4115,122,125,114,110,94,84,81,77,80,80,79,64,60,77,95,106,108,107,99,100,98
4116,10,16,18,16,13,9,8,10,16,18,16,13,9,8,10,16,18,16,13,9,8
4117,0,0,0,1,1,1,0,0,1,0,1,1,1,0,0,1,0,1,1,1,0
4118,44,50,49,50,44,37,36,44,49,49,50,44,37,36,43,49,49,50,44,37,36
4119,3,2,1,1,1,1,1,1,1,1,1,1,1,1,1,1,1,1,1,1,1
4120,0,0,0,0,0,0,0,0,0,0,0,0,0,0,0,0,0,0,0,0,0
4121,0,0,0,0,0,0,0,0,0,0,0,0,0,0,0,0,0,0,0,0,0
4122,0,0,0,0,0,0,0,0,0,0,0,0,0,0,0,0,0,0,0,0,0
4123,0,0,0,0,0,0,0,0,0,0,0,0,0,0,0,0,0,0,0,0,0
4124,0,0,0,0,0,0,0,0,0,0,0,0,0,0,0,0,0,0,0,0,0
4125,0,0,0,0,0,0,0,0,0,0,0,0,0,0,0,0,0,0,0,0,0
4126,0,0,0,0,0,0,0,0,0,0,0,0,0,0,0,0,0,0,0,0,0
4127,0,1,1,0,0,0,0,0,1,1,1,0,0,1,1,1,1,1,0,0,0
4128,0,0,0,0,0,0,0,0,0,0,0,0,0,0,0,0,0,0,0,0,0
4129,0,0,0,1,1,1,1,1,0,0,0,1,0,1,0,0,0,0,1,0,1
4130,6,6,6,5,5,5,5,5,5,5,5,4,4,4,4,5,5,4,4,4,4
4131,0,0,0,0,0,0,0,0,0,0,0,0,0,0,0,0,0,0,0,0,0
4132,1,1,1,1,1,1,1,1,1,1,1,1,1,1,1,1,1,1,1,1,1
4133,11,12,14,13,11,9,9,11,12,14,13,11,9,9,11,12,14,13,11,9,9
4134,0,0,0,0,0,0,0,0,0,0,0,0,0,0,0,0,0,0,0,0,0
4135,1,1,1,1,1,1,1,1,1,1,1,1,1,1,1,1,1,1,1,1,1
4136,1,1,1,1,1,1,0,1,1,1,1,1,1,0,1,1,1,1,1,1,0
4137,2,3,3,3,2,2,2,2,3,3,3,2,2,2,2,3,3,3,2,2,2
4138,5,6,6,6,5,4,4,4,5,6,5,4,4,3,4,5,6,5,4,4,4
4139,7,6,6,5,4,4,5,6,6,6,5,5,4,5,6,6,6,5,4,4,5
4140,0,0,0,0,0,0,0,0,0,0,0,0,0,0,0,0,0,0,0,0,0
4141,7,7,6,5,4,4,5,5,6,6,5,4,4,4,6,6,6,5,5,5,5
4142,1,1,1,0,0,0,0,1,1,1,0,0,0,0,1,1,1,0,0,0,1
4143,0,0,0,0,0,0,0,0,0,0,0,0,0,0,0,0,0,0,0,0,0
4144,1,0,0,0,0,0,0,0,0,0,0,0,0,0,0,0,0,0,0,0,0
4145,0,0,0,0,0,0,0,0,0,0,0,0,0,0,0,0,0,0,0,0,0
4146,0,0,0,0,0,0,0,0,0,0,0,0,0,0,0,0,0,0,0,0,0
4147,7,7,5,4,3,5,5,7,7,5,4,3,5,5,7,8,5,4,3,5,5
4148,2,2,2,2,2,2,2,2,2,2,2,2,2,2,2,2,2,2,2,2,2
4149,0,0,0,0,0,0,0,0,0,0,0,0,0,0,0,0,0,0,0,0,0
4150,0,0,0,0,0,0,0,0,0,0,0,0,0,0,0,0,0,0,0,0,0
4151,0,0,0,0,0,0,0,0,0,0,0,0,0,0,0,0,0,0,0,0,0
4152,2,2,2,2,1,1,1,2,2,2,2,1,1,1,2,2,2,2,1,1,1
4153,0,0,0,0,0,0,0,0,0,0,0,0,0,0,0,0,0,0,0,0,0
4154,0,0,0,0,0,0,0,0,0,0,0,0,0,0,0,0,0,0,0,0,0
4155,3,2,2,2,2,2,2,2,2,2,2,2,2,2,2,2,2,2,1,1,1
4156,0,0,0,0,0,0,0,0,0,0,0,0,0,0,0,0,0,0,0,0,0
4157,0,0,0,0,0,0,0,0,0,0,0,0,0,0,0,0,0,0,0,0,0
4158,0,0,0,0,0,0,0,0,0,0,0,0,0,0,0,0,0,0,0,0,0
4159,1,3,3,3,1,1,0,1,3,3,3,1,1,0,1,3,3,3,1,1,0
4160,0,0,0,0,0,0,0,0,0,0,0,0,0,0,0,0,0,0,0,0,0
4161,0,0,0,0,0,0,0,0,0,0,0,0,0,0,0,0,0,0,0,0,0
4162,2,2,2,2,2,2,2,2,2,2,2,2,2,2,2,2,2,2,2,2,1
4163,3,3,3,2,2,2,2,3,3,3,3,2,2,2,3,3,3,3,2,2,2
4164,0,0,0,0,0,0,0,0,0,0,0,0,0,0,0,0,0,0,0,0,0
4165,0,0,0,0,0,0,0,0,0,0,0,0,0,0,0,0,0,0,0,0,0
4166,1,1,1,1,1,1,1,1,1,1,1,1,1,1,1,1,1,1,1,1,1
4167,0,0,0,0,0,0,0,0,0,0,0,0,0,0,0,0,0,0,0,0,0
4168,0,0,0,0,0,0,0,0,0,0,0,0,0,0,0,0,0,0,0,0,0
4169,0,0,0,0,0,0,0,0,0,0,0,0,0,0,0,0,0,0,0,0,0
4170,1,1,1,1,1,1,1,1,1,1,1,1,1,1,1,1,1,1,1,1,1
4171,0,0,0,0,0,0,0,0,0,0,0,0,0,0,0,0,0,0,0,0,0
4172,0,0,0,0,0,0,0,0,0,0,0,0,0,0,0,0,0,0,0,0,0
4173,4,4,4,3,2,2,2,3,4,4,4,3,3,3,4,4,4,4,3,3,3
4174,2,2,2,2,2,2,1,2,2,2,2,2,2,1,2,2,2,2,2,2,1
4175,0,0,0,0,0,0,0,0,0,0,0,0,0,0,0,0,0,0,0,0,0
4176,0,0,0,0,0,0,0,0,0,0,0,0,0,0,0,0,0,0,0,0,0
4177,2,2,2,2,2,1,1,2,2,2,2,2,1,1,2,2,2,2,2,1,1
4178,3,3,3,3,3,3,3,3,3,3,3,3,3,3,3,3,3,3,3,3,3
4179,2,3,3,2,2,2,2,2,3,3,2,2,2,2,2,3,3,2,2,2,2
4180,2,2,2,2,1,1,2,2,2,2,1,1,1,2,2,2,2,1,1,1,1
4181,20,22,23,22,20,18,16,20,22,23,21,19,17,16,19,22,23,22,19,17,16
4182,3,3,3,3,3,2,2,2,3,3,3,3,2,2,2,3,3,3,2,2,2
4183,20,24,24,21,19,17,17,21,24,24,21,19,17,17,20,24,24,21,19,17,17
4184,4,4,4,3,3,2,2,3,4,4,3,3,2,2,3,4,4,3,3,2,2
4185,15,18,18,16,14,11,11,14,17,18,15,13,11,10,14,17,18,15,13,11,10
4186,2,2,2,2,2,2,1,2,2,2,2,2,2,1,2,2,2,2,2,1,1
4187,111,119,124,116,106,93,94,111,119,126,116,105,91,93,107,112,119,111,103,92,93
4188,129,142,141,124,113,92,94,128,143,142,125,113,93,95,129,143,142,126,115,95,96
4189,27,31,32,28,23,20,21,26,31,32,28,23,20,21,27,32,34,30,25,22,23
4190,1,1,1,1,0,0,1,1,1,1,1,0,0,1,1,1,1,1,0,1,1
4191,5,6,6,6,5,4,4,5,5,6,6,5,4,4,5,6,6,6,5,5,4
4192,6,6,6,5,5,4,4,5,6,6,5,4,4,4,5,6,6,5,5,4,4
4193,4,4,4,4,4,3,3,4,4,4,4,4,3,3,4,4,4,4,4,3,3
4194,60,69,67,66,58,53,53,64,74,70,66,55,50,52,58,63,60,58,50,48,48
4195,240,283,282,276,226,192,174,232,267,263,256,208,177,165,221,257,261,259,214,180,161
4196,153,155,160,144,132,117,124,143,148,156,140,127,114,124,140,140,148,135,125,113,120
4197,11,11,12,10,9,8,8,10,11,12,10,8,8,8,10,11,12,10,8,8,7
4198,3,3,3,3,2,2,2,3,3,3,3,2,2,2,3,3,3,3,2,2,2
4199,1,1,1,1,1,1,1,2,1,1,1,1,1,1,1,1,1,1,1,1,1
4200,3,3,3,3,3,2,3,3,3,3,3,2,2,3,3,3,3,3,2,2,3
4201,3,3,3,3,2,2,1,2,3,3,3,2,2,1,3,3,3,3,2,2,1
4202,2,3,4,3,2,3,2,2,3,4,3,2,2,2,2,3,4,3,2,2,2
4203,580,766,777,735,597,406,435,575,783,796,740,601,415,463,628,819,801,751,618,437,474
4204,1,0,0,1,0,0,0,1,1,0,1,1,0,0,1,1,0,1,0,0,0
4205,0,0,0,0,0,0,0,0,0,0,0,0,0,0,0,0,0,0,0,0,0
4206,1,1,1,1,1,1,1,1,1,1,1,1,1,1,1,1,0,1,0,0,1
4207,0,0,0,0,0,0,0,0,0,0,0,0,0,0,0,0,0,0,0,0,0
4208,0,0,0,0,0,0,0,0,0,0,0,0,0,0,0,0,0,0,0,0,0
4209,1,1,1,1,1,1,1,1,1,1,1,1,1,1,1,1,1,1,1,1,1
4210,0,0,0,0,0,0,0,0,0,0,0,0,0,0,0,0,0,0,0,0,0
4211,1,1,2,2,2,1,1,1,2,2,2,2,1,1,1,2,2,1,1,1,1
4212,2,2,1,1,1,1,1,2,2,1,1,1,1,1,2,2,1,1,1,1,1
4213,0,0,0,0,0,0,0,0,0,0,0,0,0,0,0,0,0,0,0,0,0
4214,0,0,0,0,0,0,0,0,0,0,0,0,0,0,0,0,0,0,0,0,0
4215,0,0,0,0,0,0,0,0,0,0,0,0,0,0,0,0,0,0,0,0,0
4216,0,0,0,0,0,0,0,0,0,0,0,0,0,0,0,0,0,0,0,0,0
4217,0,0,0,0,0,0,0,0,0,0,0,0,0,0,0,0,0,0,0,0,0
4218,7,7,8,6,6,6,6,7,7,8,6,6,5,5,7,6,7,6,5,5,5
4219,1,1,2,2,2,1,1,1,1,2,2,1,1,1,1,1,2,2,1,1,1
4220,0,0,0,0,0,0,0,0,0,0,0,0,0,0,0,0,0,0,0,0,0
4221,0,0,0,0,1,1,0,0,0,0,0,1,1,0,0,0,0,0,1,1,0
4222,10,9,7,6,6,6,7,9,8,6,6,5,6,6,8,7,6,6,6,6,7
4223,2,2,2,2,1,2,2,2,2,2,2,1,2,2,2,2,2,2,1,2,2
4224,5,4,4,7,6,7,7,5,5,4,7,6,7,7,6,5,4,7,6,7,7
4225,6,5,5,5,4,4,6,6,5,5,5,4,4,6,6,5,5,5,4,4,6
4226,2,2,2,1,1,1,2,2,2,2,1,1,1,2,2,2,2,1,1,1,2
4227,5,4,4,1,1,0,0,5,4,4,1,1,0,0,5,4,4,1,1,0,0
4228,2,2,2,2,1,1,1,2,2,2,2,1,1,1,2,2,2,2,1,1,1
4229,0,0,0,0,1,1,1,0,0,0,1,1,1,1,1,1,1,1,1,1,1
4230,166,170,177,167,174,151,144,176,189,200,188,199,179,146,139,137,149,143,156,142,137
4231,0,0,0,0,0,0,0,0,0,0,0,0,0,0,0,0,0,0,0,0,0
4232,3,4,4,4,3,3,3,3,4,4,3,3,3,3,3,4,4,4,3,3,3
4233,2,2,2,2,2,2,2,2,2,2,2,2,2,2,2,2,2,2,2,2,2
4234,0,0,0,0,0,0,0,0,0,0,0,0,0,0,0,0,0,0,0,0,0
4235,27,30,30,26,21,17,17,28,31,30,27,21,18,18,29,30,30,26,21,18,17
4236,4,4,4,2,2,3,2,3,4,4,2,2,3,2,3,4,4,2,2,3,2
4237,0,0,0,0,0,0,0,0,0,0,0,0,0,0,0,0,0,0,0,0,0
4238,111,128,123,111,95,79,79,102,119,114,96,75,57,57,82,103,107,99,82,68,71
4239,0,0,0,0,0,0,0,0,0,0,0,0,0,0,0,0,0,0,0,0,0
4240,0,0,0,0,0,0,0,0,0,0,0,0,0,0,0,0,0,0,0,0,0
4241,0,0,0,0,0,0,0,0,0,0,0,0,0,0,0,0,0,0,0,0,0
4242,5,5,6,7,7,6,5,5,5,6,7,7,6,5,5,5,6,7,7,6,5
4243,46,57,64,59,53,45,38,47,58,64,59,53,45,38,47,58,64,59,53,45,38
4244,29,39,43,43,35,28,24,29,39,43,43,35,28,24,29,39,43,43,35,28,24
4245,0,0,0,0,0,0,0,0,0,0,0,0,0,0,0,0,0,0,0,0,0
4246,0,0,0,0,0,0,0,0,0,0,0,0,0,0,0,0,0,0,0,0,0
4247,4,5,5,5,4,3,4,4,5,5,5,4,3,4,4,5,5,5,4,3,4
4248,0,0,0,0,0,0,0,0,0,0,0,0,0,0,0,0,0,0,0,0,0
4249,4,4,4,3,3,2,3,3,3,4,3,3,3,3,4,5,4,4,3,3,3
4250,19,14,9,8,8,7,7,7,7,7,7,6,6,7,8,8,9,8,7,8,10
4251,0,0,0,0,0,0,0,0,0,0,0,0,0,0,0,0,0,0,0,0,0
4252,2,2,2,2,1,1,2,2,2,2,2,1,1,2,2,2,2,2,1,1,2
4253,3,4,3,3,2,2,3,3,4,3,3,2,2,3,3,4,3,3,2,2,3
4254,4,3,3,3,2,2,2,3,3,3,3,2,2,2,3,3,3,2,2,2,2
4255,0,0,0,1,1,0,0,0,0,0,1,1,0,0,0,0,0,1,1,0,0
4256,1,1,1,1,1,1,1,1,1,1,1,1,1,1,1,1,1,1,1,1,1
4257,0,1,1,1,0,1,0,0,1,1,1,0,1,0,0,1,1,1,0,1,0
4258,1,2,2,2,1,1,1,1,2,2,1,1,1,1,2,2,2,2,1,1,1
4259,1,1,1,1,1,1,1,1,1,1,1,1,1,1,1,1,1,1,1,1,1
4260,11,10,9,8,8,8,9,10,9,8,7,7,7,7,7,5,4,3,4,4,4
4261,0,0,0,0,0,0,0,0,0,0,0,0,0,0,0,0,0,0,0,0,0
4262,0,0,0,0,0,0,0,0,0,0,0,0,0,0,0,0,0,0,0,0,0
4263,0,0,0,0,0,0,0,0,0,0,0,0,0,0,0,0,0,0,0,0,0
4264,1,0,0,0,0,1,0,1,0,0,0,0,1,0,1,0,0,0,0,1,0
4265,0,0,0,0,0,0,0,0,0,0,0,0,0,0,0,0,0,0,0,0,0
4266,1,1,1,1,1,0,1,1,1,1,1,1,0,1,1,1,1,1,1,0,1
4267,10,10,9,8,7,6,6,8,8,8,7,6,6,7,8,9,8,8,7,7,7
4268,2,2,2,2,2,2,1,2,2,2,2,2,2,1,2,2,2,2,2,2,1
4269,1,1,1,1,1,0,0,1,1,1,1,1,0,0,1,1,1,1,1,0,0
4270,3,3,2,2,2,2,2,2,2,2,2,2,2,2,3,3,2,2,2,2,2
4271,0,0,0,0,0,0,0,0,0,0,0,0,0,0,0,0,0,0,0,0,0
4272,0,0,0,0,0,0,0,0,0,0,0,0,0,0,0,0,0,0,0,0,0
4273,0,0,0,0,0,0,0,0,0,0,0,0,0,0,0,0,0,0,0,0,0
4274,0,0,0,0,0,0,0,0,0,0,0,0,0,0,0,0,0,0,0,0,0
4275,1,1,1,1,0,1,1,1,1,1,1,0,1,1,1,1,1,1,1,1,1
4276,1,1,1,1,1,1,1,1,1,1,1,1,1,1,1,1,1,1,1,1,1
4277,1,1,1,1,1,1,1,1,1,1,1,1,1,1,1,1,1,1,1,1,1
4278,46,49,48,43,37,34,38,46,49,48,43,37,34,38,46,49,48,44,38,34,38
4279,13,14,14,15,13,12,12,14,14,15,15,13,12,12,14,15,15,15,13,12,12
4280,352,360,388,369,320,287,303,379,412,442,419,366,336,355,399,395,410,379,329,312,313
4281,7,8,9,8,7,6,5,7,8,9,8,7,6,5,7,8,9,8,7,6,5
4282,2,2,2,3,3,3,3,2,2,2,3,3,3,3,2,2,2,3,3,3,3
4283,0,0,0,0,0,0,0,0,0,0,0,0,0,0,0,0,0,0,0,0,0
4284,0,0,0,0,0,0,0,0,0,0,0,0,0,0,0,0,0,0,0,0,0
4285,0,0,0,0,0,0,0,0,0,0,0,0,0,0,0,0,0,0,0,0,1
4286,0,0,0,0,0,0,0,0,0,0,0,0,0,0,0,0,0,0,0,0,0
4287,1,1,1,1,1,1,1,1,1,1,0,0,0,1,1,1,0,0,0,0,0
4288,0,0,0,0,0,0,0,0,0,0,0,0,0,0,0,0,0,0,0,0,0
4289,264,283,279,268,227,211,220,266,294,293,283,242,229,240,267,275,272,265,229,222,234
4290,40,39,34,25,19,16,22,32,34,32,23,18,18,22,28,25,24,18,16,18,26
4291,10,10,11,12,11,10,11,12,11,11,11,10,10,11,12,12,12,12,10,10,10
4292,1,1,1,0,0,0,0,1,1,1,0,0,0,0,1,1,1,0,0,0,0
4293,3,3,3,3,3,3,3,3,3,3,3,3,3,3,3,4,3,3,3,3,3
4294,0,0,0,0,0,0,0,0,0,0,0,0,0,0,0,0,0,0,0,0,0
4295,0,0,0,0,0,0,0,0,0,0,0,0,0,0,0,0,0,0,0,0,0
4296,1,1,1,1,1,1,1,1,1,1,1,1,1,1,1,1,1,1,1,1,1
4297,1,1,1,0,0,1,0,1,1,1,0,0,1,0,1,1,1,0,0,1,0
4298,0,0,0,0,0,0,0,0,0,0,0,0,0,0,0,0,0,0,0,0,0
4299,0,0,0,0,0,0,0,0,0,0,0,0,0,0,0,0,0,0,0,0,0
4300,0,0,0,0,0,0,0,0,0,0,0,0,0,0,0,0,0,0,0,0,0
4301,0,0,0,0,0,0,0,0,0,0,0,0,0,0,0,0,0,0,0,0,0
4302,0,0,0,0,0,0,0,0,0,0,0,0,0,0,0,0,0,0,0,0,0
4303,0,0,0,0,0,0,0,0,0,0,0,0,0,0,0,0,0,0,0,0,0
4304,0,0,0,0,0,0,0,0,0,0,0,0,0,0,0,0,0,0,0,0,0
4305,1,1,1,1,1,1,0,1,1,1,1,1,1,0,1,1,1,1,1,1,0
4306,1,1,1,1,1,1,1,1,1,1,1,1,1,1,1,1,1,1,1,1,1
4307,3,3,3,3,3,2,2,3,3,3,3,3,2,2,3,3,3,3,3,2,2
4308,395,390,421,396,333,294,296,365,408,474,441,355,315,331,390,384,417,386,324,311,337
4309,94,112,133,135,118,90,83,104,130,157,157,137,116,117,109,109,126,120,101,87,91
4310,4,5,6,5,5,4,3,4,5,6,5,5,4,3,4,5,6,5,5,4,3
4311,0,0,0,0,0,0,0,0,0,0,0,0,0,0,0,0,0,0,0,0,0
4312,0,0,0,0,0,0,0,0,0,0,0,0,0,0,0,0,0,0,0,0,0
4313,0,1,1,1,0,0,0,0,1,1,1,0,0,0,0,1,1,1,0,0,0
4314,0,0,0,0,0,0,0,0,0,0,0,0,0,0,0,0,0,0,0,0,0
4315,4,5,6,5,4,3,4,5,5,6,5,4,3,3,4,5,6,5,4,3,3
4316,0,0,0,0,0,0,0,0,0,0,0,0,0,0,0,0,0,0,0,0,0
4317,0,0,0,0,0,0,0,0,0,0,0,0,0,0,0,0,0,0,0,0,0
4318,1,1,1,1,0,1,1,1,1,1,1,0,1,1,1,1,1,1,0,1,1
4319,3,3,2,3,3,3,3,3,3,2,3,3,3,3,3,3,2,3,3,3,3
4320,27,32,41,42,41,36,35,47,48,43,37,32,28,32,38,36,32,28,26,29,27
4321,0,0,0,0,0,0,0,0,0,0,0,0,0,0,0,0,0,0,0,0,0
4322,1,1,1,1,1,1,1,1,1,1,1,1,1,1,1,1,1,1,1,1,1
4323,0,0,0,0,0,0,0,0,0,0,0,0,0,0,0,0,0,0,0,0,0
4324,1,0,0,0,0,0,0,1,0,0,0,0,0,0,0,0,0,0,0,0,0
4325,5,6,5,5,4,4,4,5,5,6,6,5,5,5,6,6,6,6,5,5,5
4326,2,2,2,2,2,2,1,2,2,2,2,2,2,1,2,2,2,2,2,2,2
4327,2,3,2,3,2,2,3,3,3,3,3,2,2,3,2,3,3,3,2,2,3
4328,2,2,2,2,1,1,1,2,2,2,2,1,1,1,2,2,2,2,1,1,1
4329,5,5,4,4,3,3,3,4,5,6,6,5,3,4,5,6,6,6,5,5,5
4330,3,3,4,3,3,2,2,2,3,4,3,3,2,2,2,3,4,3,3,2,2
4331,6,6,7,6,6,5,4,6,6,7,6,6,5,4,6,6,7,6,6,5,4
4332,5,6,5,7,6,5,4,5,6,5,7,6,5,4,5,6,5,7,6,5,4
4333,19,22,23,22,19,14,15,19,22,23,22,19,14,15,19,22,23,22,19,14,15
4334,445,550,581,540,446,378,360,428,555,600,556,454,392,382,430,518,546,513,430,393,392
4335,180,200,201,193,173,151,152,185,217,216,199,169,147,151,174,194,197,188,167,156,154
4336,0,0,0,0,0,0,0,0,0,0,0,0,0,0,0,0,0,0,0,0,0
4337,68,68,63,58,56,52,49,57,68,64,59,53,52,60,68,74,62,51,48,48,38
4338,20,16,14,13,12,10,10,14,15,16,15,13,12,12,13,11,12,12,10,11,10
4339,0,0,0,0,0,0,0,0,0,0,0,0,0,0,0,0,0,0,0,0,0
4340,3,3,3,2,2,2,2,3,4,5,5,4,3,3,4,4,4,3,3,3,3
4341,0,0,0,0,0,0,0,0,0,0,0,0,0,0,0,0,0,0,0,0,0
4342,4,5,6,4,4,2,3,4,5,6,4,4,3,3,4,4,6,4,3,2,2
4343,58,69,77,75,64,48,45,57,70,76,71,59,42,38,49,61,72,70,60,47,42
4344,6,6,5,4,6,5,6,6,6,5,4,6,5,6,6,6,5,4,6,5,6
4345,13,16,16,17,15,12,11,13,16,16,17,15,12,11,13,16,16,17,15,12,11
4346,0,0,0,0,0,0,0,0,0,0,0,0,0,0,0,0,0,0,0,0,0
4347,0,0,0,0,0,0,0,0,0,0,0,0,0,0,0,0,0,0,0,0,0
4348,0,1,0,0,0,0,0,1,1,0,0,0,0,0,1,1,0,0,0,0,0
4349,1,1,1,1,1,1,1,1,1,1,1,1,1,1,1,1,1,1,1,1,1
4350,5,5,5,5,4,4,4,5,6,5,5,4,4,4,5,6,5,5,4,4,4
4351,7,7,7,9,8,6,6,7,7,7,9,8,6,6,7,7,7,9,8,6,6
4352,0,0,1,0,0,0,0,0,0,1,0,0,0,0,0,0,1,0,0,0,0
4353,0,0,0,0,0,0,0,0,0,0,0,0,0,0,0,0,0,0,0,0,0
4354,0,0,0,0,0,0,0,0,0,0,0,0,0,0,0,0,0,0,0,0,0
4355,0,0,0,0,0,0,0,0,0,0,0,0,0,0,0,0,0,0,0,0,0
4356,0,0,0,0,0,0,0,0,0,0,0,0,0,0,0,0,0,0,0,0,0
4357,0,0,0,0,0,0,0,0,0,0,0,0,0,0,0,0,0,0,0,0,0
4358,2,2,2,2,1,1,1,2,2,2,2,1,1,2,2,2,2,2,1,1,1
4359,25,27,28,27,25,21,22,27,32,34,31,27,22,22,26,30,32,30,26,22,22
4360,15,18,18,17,13,11,12,14,18,18,17,13,11,11,14,18,18,17,13,11,11
4361,62,63,63,61,60,58,64,76,81,79,75,72,70,75,77,73,68,60,56,55,57
4362,2,2,2,1,2,2,2,2,2,2,2,2,2,2,2,3,2,2,2,2,2
4363,6,9,8,9,8,6,5,6,9,8,9,8,6,5,6,9,8,9,8,6,5
4364,0,0,0,0,0,0,0,0,0,0,0,0,0,0,0,0,0,0,0,0,0
4365,2,4,4,3,3,3,3,2,3,3,2,3,2,2,2,3,3,3,3,3,2
4366,4,5,6,7,5,4,4,5,6,6,7,5,4,4,4,5,5,7,5,4,3
4367,4,3,3,2,2,3,4,4,4,3,3,3,3,4,5,4,3,2,2,3,4
4368,2,3,3,3,2,2,2,3,3,3,3,2,2,2,3,4,3,3,2,3,3
4369,3,3,3,3,2,2,2,3,3,3,3,2,2,2,3,4,4,3,3,3,3
4370,1,1,1,1,2,1,1,1,1,1,1,2,1,1,1,1,2,2,2,1,1
4371,0,0,0,0,0,0,0,0,0,0,0,0,0,0,0,0,0,0,0,0,0
4372,0,0,0,0,0,0,0,0,0,0,0,0,0,0,0,0,0,0,0,0,0
4373,0,0,0,0,0,0,0,1,1,1,1,0,0,0,0,1,0,0,0,0,0
4374,0,0,0,0,0,0,0,0,0,0,0,0,0,0,0,0,0,0,0,0,0
4375,0,0,0,0,0,0,0,0,0,0,0,0,0,0,0,0,0,0,0,0,0
4376,0,0,0,0,0,0,0,0,0,0,0,0,0,0,0,0,0,0,0,0,0
4377,0,0,0,0,0,0,0,0,0,0,0,0,0,0,0,0,0,0,0,0,0
4378,0,0,0,0,0,0,0,0,0,0,0,0,0,0,0,0,0,0,0,0,0
4379,0,0,0,0,0,0,0,0,0,0,0,0,0,0,0,0,0,0,0,0,0
4380,0,0,0,0,0,0,0,0,0,0,0,0,0,0,0,0,0,0,0,0,0
4381,0,0,0,0,0,0,0,0,0,0,0,0,0,0,0,0,0,0,0,0,0
4382,1,0,1,1,1,1,1,1,1,2,1,1,1,1,2,1,2,1,1,1,1
4383,0,0,0,0,0,0,0,0,0,0,0,0,0,0,0,0,0,0,0,0,0
4384,2,2,2,1,1,1,1,2,2,2,1,1,1,1,2,2,2,1,1,1,1
4385,2,3,2,2,1,1,0,2,3,2,2,0,0,0,2,2,2,2,0,0,0
4386,16,15,14,13,11,12,12,15,16,15,13,12,13,14,18,18,16,14,13,14,14
4387,0,0,0,0,0,0,0,0,0,0,0,0,0,0,0,0,0,0,0,0,0
4388,0,0,0,0,0,0,0,0,0,0,0,0,0,0,0,0,0,0,0,0,0
4389,11,11,12,11,11,9,9,11,11,12,11,11,9,9,11,11,11,11,11,9,9
4390,27,27,27,25,23,21,22,23,22,23,21,18,17,19,21,21,22,20,19,18,20
4391,0,0,0,1,1,0,0,0,0,0,0,1,1,0,0,0,0,1,1,1,0
4392,0,0,0,0,0,0,0,0,0,0,0,0,0,0,0,0,0,0,0,0,0
4393,1,1,1,1,0,0,1,1,1,1,1,0,0,1,1,1,1,1,0,0,1
4394,19,20,19,16,14,11,13,15,17,19,17,17,15,16,16,17,17,15,14,12,14
4395,0,0,0,0,0,0,0,0,0,0,0,0,0,0,0,0,0,0,0,0,0
4396,3,3,3,3,3,3,3,3,3,3,3,3,3,3,3,4,4,3,3,3,3
4397,11,10,10,9,8,9,9,9,10,10,10,9,10,10,10,10,10,9,9,9,9
4398,8,8,8,7,6,6,7,8,8,8,7,6,5,6,7,7,7,6,6,5,6
4399,2,2,2,2,2,2,2,2,2,2,2,2,2,2,2,2,2,2,2,2,2
4400,0,0,0,0,0,0,0,0,0,0,0,0,0,0,0,0,0,0,0,0,0
4401,10,8,8,6,5,5,7,9,10,10,9,8,7,9,11,11,10,9,8,8,9
4402,17,15,14,14,14,14,15,18,19,19,19,18,17,17,18,17,15,14,13,13,13
4403,10,10,10,7,8,8,8,10,10,10,7,8,8,8,11,11,10,7,8,8,8
4404,15,16,14,12,12,10,10,12,13,13,10,11,10,10,13,13,12,9,10,8,8
4405,27,19,21,34,26,25,27,27,20,21,34,26,25,27,27,19,21,34,26,25,27
4406,28,25,22,20,20,19,22,28,28,26,23,22,23,26,25,19,16,13,12,14,17
4407,2,1,1,1,1,1,1,2,1,1,1,1,1,1,2,1,1,1,1,1,1
4408,7,8,7,8,7,7,7,7,8,8,8,7,7,7,8,9,8,8,7,7,7
4409,0,0,0,0,0,0,0,0,0,0,0,0,0,0,0,0,0,0,0,0,0
4410,0,0,0,0,0,0,0,0,0,0,0,0,0,0,0,0,0,0,0,0,0
4411,0,0,0,0,0,0,0,0,0,0,0,0,0,0,0,0,0,0,0,0,0
4412,0,0,0,0,0,0,0,0,0,0,0,0,0,0,0,0,0,0,0,0,0
4413,0,0,0,0,0,0,0,0,0,0,0,0,0,0,0,0,0,0,0,0,0
4414,0,0,0,0,0,0,0,0,0,0,0,0,0,0,0,0,0,0,0,0,0
4415,0,0,0,0,0,0,0,0,0,0,0,0,0,0,0,0,0,0,0,0,0
4416,0,0,0,0,0,0,0,0,0,0,0,0,0,0,0,0,0,0,0,0,0
4417,1,1,1,1,1,1,1,1,1,1,1,1,1,1,1,1,0,1,0,0,1
4418,1,1,1,1,1,1,1,1,1,1,1,1,1,1,1,1,1,1,1,1,1
4419,0,0,0,0,0,0,0,0,0,0,0,0,0,0,0,0,0,0,0,0,0
4420,0,0,0,0,0,0,0,0,0,0,0,0,0,0,0,0,0,0,0,0,0
4421,3,3,3,3,2,2,2,3,3,4,3,3,2,2,3,3,3,3,2,2,2
4422,3,3,2,3,3,3,2,2,2,2,3,3,2,2,2,2,2,3,3,2,2
4423,3,3,3,2,2,2,3,3,3,3,3,2,2,3,3,3,3,3,2,2,3
4424,5,6,6,6,6,6,7,5,6,6,6,6,6,7,5,6,6,6,6,6,7
4425,3,3,3,2,2,3,3,3,3,3,2,2,3,3,3,3,3,2,2,3,3
4426,34,32,27,24,31,32,37,33,31,27,24,30,32,36,33,31,27,24,31,32,37
4427,6,5,6,6,6,6,5,6,6,7,7,7,6,6,6,6,6,7,7,7,6
4428,1,1,1,1,1,1,1,1,1,1,1,1,1,1,1,1,1,1,1,1,1
4429,1,1,1,1,1,1,1,1,1,1,1,1,1,1,1,1,1,1,1,1,1
4430,1,1,1,1,1,1,1,1,1,1,1,1,1,1,1,1,1,1,1,1,1
4431,28,29,32,31,24,29,21,28,29,32,31,24,29,21,28,29,32,31,24,29,21
4432,1,1,1,0,0,1,1,1,1,0,0,0,1,1,1,1,1,1,1,1,1
4433,0,0,0,0,0,0,0,0,0,0,0,0,0,0,0,0,0,0,0,0,0
4434,30,38,39,38,32,39,38,33,42,43,41,35,43,43,37,46,43,38,31,39,36
4435,0,0,0,0,0,0,0,0,0,0,0,0,0,0,0,0,0,0,0,0,0
4436,13,13,12,11,11,10,10,13,13,12,11,10,10,10,12,12,11,10,9,9,9
4437,0,0,0,0,0,0,0,0,0,0,0,0,0,0,0,0,0,0,0,0,0
4438,2,2,2,2,2,1,1,2,2,2,2,2,1,2,2,2,2,2,2,1,2
4439,3,3,2,2,2,2,2,2,3,2,2,2,2,2,2,3,2,2,2,2,2
4440,1,1,2,1,1,1,1,1,1,1,1,1,1,1,1,1,1,1,1,1,1
4441,4,4,4,3,2,2,4,4,4,4,3,2,2,4,4,4,4,3,2,2,4
4442,13,12,11,10,9,9,10,12,12,11,9,8,9,10,12,12,11,10,9,9,10
4443,2,2,3,2,2,2,2,2,2,3,2,2,2,2,2,2,3,2,2,2,2
4444,1,1,1,1,1,1,1,1,1,1,1,1,1,1,1,1,1,1,1,1,1
4445,1,1,0,0,0,0,0,1,1,0,0,0,0,0,1,1,0,0,0,0,0
4446,1,2,2,2,1,2,2,1,2,2,2,1,2,2,1,2,2,2,1,2,2
4447,2,2,2,2,2,1,1,2,2,2,2,2,1,1,2,2,2,2,2,1,1
4448,2,2,2,2,2,2,2,2,2,2,2,2,2,2,2,2,2,2,2,2,2
4449,1,1,1,1,1,1,1,1,1,1,1,1,1,1,1,1,1,1,1,1,1
4450,0,0,0,0,0,0,0,0,0,0,0,0,0,0,0,0,0,0,0,0,0
4451,0,0,0,0,0,0,0,0,0,0,0,0,0,0,0,0,0,0,0,0,0
4452,0,0,0,0,0,0,0,0,0,0,0,0,0,0,0,0,0,0,0,0,0
4453,0,0,0,0,0,0,0,0,0,0,0,0,0,0,0,0,0,0,0,0,0
4454,0,0,0,0,0,0,0,0,0,0,0,0,0,0,0,0,0,0,0,0,0
4455,0,0,0,0,0,0,0,0,0,0,0,0,0,0,0,0,0,0,0,0,0
4456,0,0,0,0,0,0,0,0,0,0,0,0,0,0,0,0,0,0,0,0,0
4457,1,1,1,0,0,0,0,1,1,1,0,0,0,0,1,1,1,0,0,0,0
4458,0,0,0,0,0,0,0,0,0,0,0,0,0,0,0,0,0,0,0,0,0
4459,0,0,0,0,0,0,0,0,0,0,0,0,0,0,0,0,0,0,0,0,0
4460,0,0,0,0,0,0,0,0,0,0,0,0,0,0,0,0,0,0,0,0,0
4461,1,1,1,1,1,1,1,1,1,1,1,1,1,1,1,1,1,1,1,1,1
4462,0,0,0,0,0,0,0,0,0,0,0,0,0,0,0,0,0,0,0,0,0
4463,0,0,0,0,0,0,0,0,0,0,0,0,0,0,0,0,0,0,0,0,0
4464,0,0,0,0,0,0,0,0,0,0,0,0,0,0,0,0,0,0,0,0,0
4465,1,1,2,2,1,1,1,1,1,2,2,1,1,1,1,1,2,2,1,1,1
4466,4,5,6,5,5,4,4,5,5,6,5,4,3,3,4,5,6,5,4,3,3
4467,0,0,0,0,0,0,0,0,0,0,0,0,0,0,0,0,0,0,0,0,0
4468,1,1,1,1,1,1,1,1,1,1,1,1,1,1,1,1,1,1,1,1,1
4469,0,0,0,0,0,0,0,0,0,0,0,0,0,0,0,0,0,0,0,0,0
4470,688,762,910,840,683,621,545,688,763,910,840,683,621,544,688,762,910,840,683,621,545
4471,532,692,782,708,533,423,420,531,691,781,707,533,423,419,531,691,781,707,533,423,419
4472,71,92,110,105,98,86,86,114,140,147,126,107,90,82,94,111,115,100,91,85,84
4473,167,186,186,171,152,122,142,178,212,221,206,180,150,170,179,181,183,166,146,135,161
4474,4,5,5,4,3,3,3,4,5,5,4,3,3,3,4,5,5,4,3,3,3
4475,44,43,42,48,49,44,44,50,59,62,65,62,58,60,58,54,52,55,55,55,54
4476,41,46,60,75,65,42,31,36,53,77,94,83,62,54,55,61,77,89,78,56,43
4477,6,7,6,5,4,3,4,7,9,7,6,4,4,5,8,9,7,6,5,5,7
4478,2,2,2,2,2,1,1,1,2,2,2,2,2,2,3,4,3,3,3,3,3
4479,0,0,0,0,0,0,0,0,0,0,0,0,0,0,0,0,0,0,0,0,1
4480,0,0,0,0,0,0,0,0,0,0,0,0,0,0,0,0,0,0,0,0,0
4481,0,0,0,0,0,0,0,0,0,0,0,0,0,0,0,0,0,0,0,0,0
4482,0,0,0,0,0,0,0,0,0,0,0,0,0,0,0,0,0,0,0,0,0
4483,1,1,1,1,1,1,1,1,1,1,1,1,1,1,1,1,1,1,1,1,1
4484,0,0,0,0,0,0,0,0,0,0,0,0,0,0,0,0,0,0,0,0,0
4485,0,0,0,0,0,0,0,0,0,0,0,0,0,0,0,0,0,0,0,0,0
4486,0,0,0,0,0,0,0,0,0,0,0,0,0,0,0,0,0,0,0,0,0
4487,0,0,0,0,0,0,0,0,0,0,0,0,0,0,0,0,0,0,0,0,0
4488,3,2,1,1,1,2,2,2,1,1,1,1,2,2,2,2,1,2,1,2,2
4489,0,0,0,0,0,0,0,0,0,0,0,0,0,0,0,0,0,0,0,0,0
4490,1,1,2,2,2,1,1,1,1,2,2,2,1,1,1,1,2,2,2,1,1
4491,2,2,2,2,2,1,1,2,2,2,2,2,1,1,2,2,2,2,2,1,1
4492,3,3,3,2,2,2,2,3,3,3,2,2,2,2,3,4,3,3,2,2,2
4493,1,1,2,1,1,1,1,2,1,1,1,1,1,1,1,1,2,1,1,1,1
4494,1,2,1,1,1,1,1,1,2,1,1,1,1,1,1,2,1,1,1,1,1
4495,12,12,12,11,9,10,12,12,12,11,11,9,10,11,12,11,11,10,9,10,11
4496,8,8,8,7,6,5,7,8,8,8,7,6,5,7,8,8,8,7,6,5,7
4497,5,5,4,4,4,5,5,5,5,4,4,4,5,5,5,5,4,4,4,5,5
4498,4,4,5,4,4,4,4,4,4,5,4,4,4,4,4,4,5,4,4,4,4
4499,0,0,0,0,0,0,0,0,0,0,0,0,0,0,0,0,0,0,0,0,0
4500,2,2,2,2,2,2,2,2,2,2,2,2,2,2,2,2,2,2,2,2,2
4501,0,0,0,0,0,0,0,0,0,0,0,0,0,0,0,0,0,0,0,0,0
4502,0,0,0,0,0,0,0,0,0,0,0,0,0,0,0,0,0,0,0,0,0
4503,1,1,1,1,0,0,0,1,1,1,1,1,1,1,1,1,1,1,1,1,1
4504,0,0,0,0,0,0,0,0,0,0,0,0,0,0,0,0,0,0,0,0,0
4505,1,1,1,1,0,0,1,1,1,0,0,0,0,0,1,0,0,0,0,0,0
4506,1,1,1,1,0,2,2,1,1,1,1,0,2,2,1,1,1,1,0,2,2
4507,0,0,0,0,0,0,0,0,0,0,0,0,0,0,0,0,0,0,0,0,0
4508,3,3,4,4,3,3,3,3,3,4,4,3,2,2,3,3,4,4,3,2,2
4509,2,2,2,2,2,4,3,2,3,2,2,2,4,3,2,2,2,2,2,4,3
4510,33,44,44,21,28,23,34,33,44,44,21,28,23,34,33,44,44,21,28,23,34
4511,308,316,356,344,340,259,263,319,325,363,348,343,264,270,318,318,354,339,336,259,269
4512,396,461,466,435,353,363,311,403,470,477,445,363,372,316,399,461,466,434,352,365,316
4513,259,295,284,320,275,242,230,259,295,285,320,275,242,230,259,295,285,320,275,242,230
4514,247,249,230,262,260,242,230,247,249,230,262,260,242,230,248,250,230,262,260,242,230
4515,2,2,1,1,1,1,2,2,2,1,1,1,1,1,2,2,1,1,1,1,2
4516,10,13,16,19,18,16,15,12,8,6,5,3,2,6,12,15,13,11,9,6,7
4517,7,2,5,7,5,2,5,7,2,5,7,5,2,5,7,2,5,7,5,2,5
4518,0,0,4,0,4,0,4,0,0,4,0,4,0,4,0,0,4,0,4,0,4
4519,14,13,19,4,2,7,15,14,13,19,4,2,7,15,14,13,19,4,2,7,15
4520,7,5,4,2,0,2,2,2,1,2,2,0,3,4,4,1,2,2,0,2,1
4521,0,0,0,0,0,0,1,0,0,0,0,0,0,1,0,0,0,0,0,0,1
4522,0,0,5,0,4,1,5,0,0,5,0,4,1,5,0,0,5,0,4,1,5
4523,0,0,0,0,0,0,0,0,0,0,0,0,0,0,0,0,0,0,0,0,0
4524,0,0,0,0,0,0,0,0,0,0,0,0,0,0,0,0,0,0,0,0,0
4525,0,0,0,0,0,0,0,0,0,0,0,0,0,0,0,0,0,0,0,0,0
4526,14,16,17,16,13,11,11,13,15,17,16,13,12,11,13,16,17,16,14,12,12
4527,1,1,1,1,1,1,1,1,1,1,1,1,1,1,1,1,1,1,1,1,1
4528,1,1,1,1,1,1,1,1,1,1,1,1,1,1,1,1,1,1,1,1,1
4529,60,60,62,61,52,50,51,61,62,63,61,52,51,51,62,63,64,63,53,52,53
4530,61,75,79,79,68,55,50,61,75,79,79,68,55,50,61,75,79,79,68,55,50
4531,36,39,41,38,34,32,29,36,39,41,38,34,32,29,36,39,41,38,34,32,29
4532,0,0,0,0,0,0,0,0,0,0,0,0,0,0,0,0,0,0,0,0,0
4533,2,2,2,2,2,2,2,2,2,2,2,2,2,2,2,2,2,2,2,2,2
4534,1,1,1,1,1,1,1,1,1,1,1,1,1,1,1,1,1,1,1,1,1
4535,2,2,2,1,1,1,1,1,1,1,1,1,1,1,1,1,1,1,1,1,1
4536,1,1,2,3,2,2,1,1,1,2,3,2,2,1,1,1,2,3,2,2,1
4537,8,8,8,7,6,5,6,8,8,7,7,6,5,6,8,8,7,7,6,5,6
4538,2,3,3,3,3,3,3,2,3,3,4,3,3,3,3,4,4,3,3,3,3
4539,68,76,77,76,72,63,65,82,93,90,85,78,70,74,78,76,73,68,64,62,61
4540,6,6,5,4,4,4,4,6,6,5,4,4,4,4,6,6,5,4,4,4,4
4541,51,56,54,55,49,42,41,50,57,56,57,50,43,43,51,57,56,56,50,43,42
4542,14,17,14,12,10,9,9,14,17,14,12,10,9,9,14,17,14,12,10,9,9
4543,5,5,6,6,6,5,4,5,5,6,6,6,5,4,5,5,6,6,6,5,4
4544,17,20,20,17,18,20,19,20,22,21,18,19,21,20,22,23,22,18,18,20,19
4545,0,0,0,0,0,0,0,0,0,0,0,0,0,0,0,0,0,0,0,0,0
4546,1,1,1,1,1,1,1,1,1,1,1,1,1,1,1,1,1,1,1,1,1
4547,0,0,0,0,0,0,0,0,0,0,0,0,0,0,0,0,0,0,0,0,0
4548,0,0,0,1,1,0,0,0,0,0,1,1,0,0,0,0,0,1,1,0,0
4549,0,0,0,0,0,0,0,0,0,0,0,0,0,0,0,0,0,0,0,0,0
4550,0,0,0,0,0,0,0,0,0,0,0,0,0,0,0,0,0,0,0,0,0
4551,1,1,1,1,1,1,1,1,1,1,1,1,1,1,1,1,1,1,1,1,1
4552,0,0,0,0,0,0,0,0,0,0,0,0,0,0,0,0,0,0,0,0,0
4553,0,0,0,0,0,0,0,0,0,0,0,0,0,0,0,0,0,0,0,0,0
4554,0,0,0,0,0,0,0,0,0,0,0,0,0,0,0,0,0,0,0,0,0
4555,0,0,0,0,0,0,0,0,0,0,0,0,0,0,0,0,0,0,0,0,0
4556,0,0,0,0,0,0,0,1,2,3,3,2,1,1,1,1,0,0,0,0,0
4557,0,0,0,0,0,0,0,0,0,0,0,0,0,0,0,0,0,0,0,0,0
4558,1,1,0,1,0,0,0,1,1,0,1,0,0,0,1,1,0,1,0,0,0
4559,0,0,0,0,0,0,0,0,0,0,0,0,0,0,0,0,0,0,0,0,0
4560,0,0,0,0,0,0,0,0,0,0,0,0,0,0,0,0,0,0,0,0,0
4561,0,0,1,0,1,0,0,0,0,1,0,1,0,0,0,0,1,0,1,0,0
4562,0,1,0,0,0,1,1,0,1,0,0,0,1,1,0,1,0,0,0,1,1
4563,0,0,0,0,0,0,0,0,0,0,0,0,0,0,0,0,0,0,0,0,0
4564,4,5,5,5,4,4,4,5,5,5,5,4,3,4,5,5,5,5,4,4,4
4565,0,0,0,0,0,0,0,0,0,0,0,0,0,0,0,0,0,0,0,0,0
4566,0,0,0,0,0,0,0,0,0,0,0,0,0,0,1,1,0,0,0,0,1
4567,0,0,0,0,0,0,0,0,0,0,0,0,0,0,0,0,0,0,0,0,0
4568,0,0,0,0,0,0,0,0,0,0,0,0,0,0,0,0,0,0,0,0,0
4569,0,0,0,0,0,0,0,0,0,0,0,0,0,0,0,0,0,0,0,0,0
4570,4,4,4,3,3,2,2,3,4,4,3,3,2,2,3,4,4,3,3,2,2
4571,1,2,2,2,1,1,1,1,2,2,2,1,1,1,1,2,2,1,1,1,1
4572,3,3,2,2,2,2,2,2,2,2,2,2,2,2,2,2,2,2,2,2,2
4573,1,1,1,1,1,1,1,1,1,1,1,1,1,1,1,1,1,1,1,1,1
4574,5,5,5,5,4,4,4,4,5,5,5,4,4,4,4,5,5,5,4,4,4
4575,5,6,6,5,4,4,4,5,5,5,5,4,4,4,5,5,5,4,4,4,4
4576,2,2,2,2,2,2,2,2,2,2,2,2,2,2,2,2,2,2,2,2,2
4577,34,36,36,34,31,27,26,32,36,38,34,30,26,27,33,36,38,34,30,26,26
4578,14,14,14,12,10,10,10,12,13,13,12,10,9,8,11,12,13,12,10,10,9
4579,5,6,6,6,5,5,5,5,6,6,6,5,5,5,5,6,6,6,5,5,5
4580,0,0,0,0,0,0,0,0,0,0,0,0,0,0,0,0,0,0,0,0,0
4581,0,0,0,0,0,0,0,0,0,0,0,0,0,0,1,1,0,0,0,0,0
4582,0,0,0,0,0,0,0,1,0,0,0,0,0,0,1,1,1,1,0,0,0
4583,0,0,0,0,0,0,0,0,0,0,0,0,0,0,0,0,0,0,0,0,0
4584,0,0,0,0,0,0,0,0,0,0,0,0,0,0,0,0,0,0,0,0,0
4585,0,0,0,0,0,0,0,0,0,0,0,0,0,0,0,0,0,0,0,0,0
4586,0,0,0,0,0,0,0,0,0,0,0,0,0,0,0,0,0,0,0,0,0
4587,6,7,9,9,7,5,3,6,7,9,9,7,5,3,6,7,9,9,7,5,3
4588,1,1,1,1,1,1,1,1,1,1,1,1,1,1,1,1,1,1,1,1,1
4589,3,3,3,2,2,2,2,3,3,3,2,2,2,2,3,3,3,2,2,2,2
4590,0,0,0,0,0,0,0,0,0,0,0,0,0,0,0,0,0,0,0,0,0
4591,1,1,1,1,1,1,1,1,1,1,1,1,1,1,1,1,1,1,1,1,1
4592,0,0,0,0,0,0,0,0,0,0,0,0,0,0,0,0,0,0,0,0,0
4593,0,0,0,0,0,0,0,0,0,0,0,0,0,0,0,0,0,0,0,0,0
4594,0,0,1,0,0,0,0,0,0,1,0,0,0,0,0,0,1,0,0,0,0
4595,2,2,2,2,2,2,2,2,2,2,2,2,2,2,2,2,2,2,2,2,2
4596,0,0,0,0,0,0,0,0,0,0,0,0,0,0,0,0,0,0,0,0,0
4597,0,0,0,0,0,0,0,0,0,0,0,0,0,0,0,0,0,0,0,0,0
4598,0,0,0,0,0,0,0,0,0,0,0,0,0,0,0,0,0,0,0,0,0
4599,0,0,0,0,0,0,0,0,0,0,0,0,0,0,0,0,0,0,0,0,0
4600,0,0,0,0,0,0,0,0,0,0,0,0,0,0,0,0,0,0,0,0,0
4601,10,12,12,9,9,9,9,10,12,12,9,9,9,9,10,12,12,9,9,9,9
4602,4,4,4,3,3,3,3,3,3,4,3,3,3,3,3,3,4,3,3,3,3
4603,1,2,1,1,1,1,1,1,2,1,1,1,1,1,1,2,1,1,1,1,1
4604,92,96,98,93,84,70,77,92,96,98,93,84,70,76,92,96,97,93,84,70,76
4605,0,0,0,0,0,0,0,0,0,0,0,0,0,0,0,0,0,0,0,0,0
4606,2,3,3,2,3,2,3,2,3,3,2,3,2,3,2,3,3,2,3,2,3
4607,4,4,4,3,3,2,2,3,4,4,4,3,3,3,3,3,3,3,3,2,3
4608,12,12,13,13,13,12,12,12,12,13,13,13,12,12,12,12,13,13,13,12,11
4609,1,1,1,1,1,1,1,1,1,1,1,1,1,1,1,1,1,1,1,1,1
4610,12,14,15,15,13,11,10,12,14,15,15,13,11,10,12,14,15,15,13,11,10
4611,4,4,4,3,3,3,3,4,4,4,3,3,3,3,4,4,4,3,3,3,3
4612,29,30,31,30,27,23,23,28,30,31,31,28,23,23,29,31,32,31,28,24,24
4613,5,6,6,6,5,4,5,5,6,6,6,5,4,5,5,6,6,6,5,4,5
4614,0,0,0,0,0,0,0,0,0,0,0,0,0,0,0,0,0,0,0,0,0
4615,0,1,1,0,0,0,0,0,1,1,0,0,0,0,0,1,1,0,0,0,0
4616,7,7,7,7,8,7,6,7,7,7,7,8,7,6,7,7,7,7,8,7,6
4617,2,3,2,3,3,3,3,3,3,2,3,2,3,3,2,3,2,3,2,3,3
4618,4,4,3,3,3,3,3,4,3,3,3,3,3,3,4,4,3,3,3,3,3
4619,1,1,1,1,0,0,1,1,1,1,1,0,0,1,1,1,1,1,1,0,1
4620,0,0,0,0,0,0,0,0,0,0,0,0,0,0,0,0,0,0,0,0,0
4621,0,0,0,0,0,0,0,0,0,0,0,0,0,0,0,0,0,0,0,0,0
4622,0,0,0,0,0,0,0,0,0,0,0,0,0,0,0,0,0,0,0,0,0
4623,69,77,77,73,66,60,64,75,86,86,79,69,62,66,74,82,79,71,62,56,59
4624,44,46,46,45,44,40,41,51,59,60,55,50,45,47,55,60,60,54,48,43,42
4625,0,0,0,0,0,0,0,0,0,0,0,0,0,0,0,0,0,0,0,0,0
4626,1,1,1,1,1,1,1,1,1,1,1,1,1,1,1,1,1,1,1,1,1
4627,7,9,11,10,8,5,5,7,9,10,10,8,5,5,7,9,10,10,8,5,5
4628,2,2,1,1,1,1,2,2,2,1,1,1,1,2,2,2,1,1,1,1,2
4629,5,4,4,3,1,2,2,3,3,4,3,2,2,2,3,3,4,3,2,2,2
4630,0,0,0,0,0,0,0,0,0,0,0,0,0,0,0,0,0,0,0,0,0
4631,1,1,1,2,2,2,1,1,1,1,2,2,2,1,1,1,1,2,2,2,1
4632,0,0,0,0,0,0,0,0,0,0,0,0,0,0,0,0,0,0,0,0,0
4633,0,0,0,0,0,0,0,0,0,0,0,0,0,0,0,0,0,0,0,0,0
4634,0,0,0,0,0,0,0,0,0,0,0,0,0,0,0,0,0,0,0,0,0
4635,0,0,0,0,0,0,0,0,0,0,0,0,0,0,0,0,0,0,0,0,0
4636,0,1,1,0,0,0,0,0,0,0,0,0,0,0,0,0,0,0,0,0,0
4637,0,0,0,0,0,0,0,0,0,0,0,0,0,0,0,0,0,0,0,0,0
4638,0,0,0,0,0,0,0,0,0,0,0,0,0,0,0,0,0,0,0,0,0
4639,5,5,6,7,6,6,4,5,5,6,7,6,6,4,5,5,6,7,6,6,4
4640,0,0,0,0,0,0,0,0,0,0,0,0,0,0,0,0,0,0,0,0,0
4641,0,0,0,0,0,0,0,0,0,0,0,0,0,0,0,0,0,0,0,0,0
4642,0,0,0,0,0,0,0,0,0,0,0,0,0,0,0,0,0,0,0,0,0
4643,11,11,11,7,8,7,9,11,11,11,7,8,7,9,11,11,11,7,8,7,9
4644,2,1,1,1,1,1,1,2,1,1,1,1,1,1,2,1,1,1,1,1,1
4645,1,1,1,1,1,1,1,1,1,1,1,1,1,1,1,1,1,1,1,1,1
4646,7,7,8,7,6,6,6,8,7,8,7,6,6,6,8,7,8,7,6,6,6
4647,8,7,7,6,7,6,5,6,5,6,6,6,6,5,6,6,7,6,7,6,6
4648,77,88,86,79,70,62,60,72,84,84,78,68,59,58,69,81,81,76,68,59,59
4649,7,7,7,6,5,5,5,6,6,6,6,5,4,5,6,6,6,5,5,4,5
4650,1,1,1,1,1,1,1,1,1,1,1,1,1,1,1,1,1,1,1,1,1
4651,1,1,1,1,1,1,1,2,2,2,1,1,1,1,2,2,1,1,1,1,1
4652,1,0,0,0,0,0,0,1,0,0,0,0,1,0,1,0,0,0,0,0,0
4653,1,2,2,2,1,1,1,1,2,2,2,1,1,1,1,2,2,2,1,1,1
4654,0,0,0,0,0,0,0,0,0,0,0,0,0,0,0,0,0,0,0,0,0
4655,1,2,2,2,1,1,1,2,2,2,2,2,1,1,2,2,2,2,2,2,2
4656,30,37,38,38,34,27,25,30,37,38,38,34,27,25,30,37,38,38,34,27,25
4657,70,85,91,85,75,59,54,70,85,91,85,75,59,54,70,85,91,85,75,59,54
4658,244,301,309,275,243,203,197,244,301,309,275,243,203,197,244,301,309,275,243,203,197
4659,55,62,66,63,53,42,41,55,62,66,63,53,42,41,55,62,66,63,53,42,41
4660,126,129,140,137,125,94,97,126,129,140,137,125,94,97,126,129,140,137,125,94,97
4661,14,19,22,21,18,13,11,14,19,22,21,18,13,11,14,19,22,21,18,13,11
4662,27,31,31,30,25,20,20,25,31,33,31,25,21,21,27,33,34,32,26,22,22
4663,24,28,31,32,27,21,20,24,28,31,32,27,21,20,24,28,31,32,27,21,20
4664,1,1,1,1,1,1,1,1,1,1,1,1,1,1,1,1,1,1,1,1,1
4665,0,0,0,0,0,0,0,0,0,0,0,0,0,0,0,0,0,0,0,0,0
4666,0,0,0,0,0,0,0,0,0,0,0,0,0,0,0,0,0,0,0,0,0
4667,26,24,21,20,20,18,20,22,23,22,21,20,18,20,22,22,20,19,18,17,18
4668,2,2,2,2,2,2,2,2,2,2,2,2,2,2,2,2,2,2,2,2,2
4669,0,0,0,0,0,0,0,0,0,0,0,0,0,0,0,0,0,0,0,0,0
4670,0,0,0,0,0,0,0,0,0,0,0,0,0,0,0,0,0,0,0,0,0
4671,3,3,3,2,2,3,3,3,3,3,2,2,3,3,3,3,3,2,2,3,3
4672,1,1,1,1,1,1,1,1,1,1,1,1,1,1,1,1,1,1,1,1,1
4673,2,3,3,3,3,3,4,4,5,5,4,4,4,4,5,5,4,4,3,3,3
4674,0,0,0,0,0,0,0,0,0,0,0,0,0,0,0,0,0,0,0,0,0
4675,13,15,14,13,11,10,11,13,15,14,13,11,9,10,12,13,13,11,10,9,10
4676,6,6,5,5,5,5,5,5,5,5,5,5,5,4,5,5,5,5,5,5,4
4677,1,0,1,0,0,0,0,1,0,1,0,0,0,0,1,0,1,0,0,0,0
4678,5,6,6,4,4,3,3,4,6,6,4,4,3,4,5,6,6,5,4,4,4
4679,3,3,2,2,2,2,2,3,3,2,2,2,2,2,3,3,2,2,2,2,2
4680,5,6,6,5,4,3,3,5,6,6,4,4,3,3,5,6,6,4,4,3,3
4681,126,142,140,130,120,111,111,130,144,137,125,114,110,115,125,128,123,113,106,107,109
4682,1,1,2,1,1,1,1,1,1,2,1,1,1,1,1,1,2,1,1,1,1
4683,7,7,5,5,5,5,5,6,7,6,6,5,5,6,7,8,6,7,6,6,6
4684,4,4,4,3,3,3,3,4,4,4,4,3,3,3,4,4,4,4,3,3,3
4685,7,6,6,5,4,4,4,5,6,6,5,5,5,6,7,7,6,5,5,4,5
4686,3,4,4,3,3,2,2,2,3,4,3,3,2,2,2,3,4,3,3,2,2
4687,0,0,0,0,0,0,0,0,0,0,0,0,0,0,0,0,0,0,0,0,0
4688,4,5,6,6,5,4,3,4,5,6,6,5,4,3,4,5,6,6,5,4,3
4689,11,13,13,12,11,9,9,10,12,12,11,10,8,9,10,12,13,12,11,9,10
4690,0,0,0,0,0,0,0,0,0,0,0,0,0,0,0,0,0,0,0,0,0
4691,15,16,15,14,12,10,11,12,14,15,14,12,10,10,12,13,14,13,11,10,10
4692,5,8,7,8,6,6,5,5,8,7,8,6,6,5,5,8,7,8,6,6,5
4693,305,304,298,208,207,207,255,309,312,307,216,214,214,264,317,313,304,211,209,210,257
4694,20,21,23,22,21,17,18,20,20,23,22,21,17,18,20,20,23,22,21,17,18
4695,2,2,1,2,1,1,1,2,2,1,2,1,1,1,2,2,1,2,1,1,1
4696,2,2,3,3,2,2,2,2,2,3,3,2,2,2,2,2,3,3,2,2,2
4697,20,23,23,21,20,19,18,25,30,30,25,22,21,20,24,26,25,20,18,17,15
4698,22,32,27,27,27,22,19,22,33,30,29,27,23,20,22,32,28,26,25,21,18
4699,5,4,3,3,4,4,4,4,4,3,3,4,4,4,4,4,4,3,4,4,4
4700,82,88,89,81,72,58,59,77,101,108,93,75,62,67,74,78,85,78,69,60,61
4701,16,19,22,23,23,20,19,23,28,30,29,26,22,21,21,24,27,27,26,25,23
4702,22,23,21,21,21,20,23,27,29,26,23,21,20,22,23,22,18,15,13,13,15
4703,1,1,2,1,1,1,1,1,1,1,1,0,0,1,1,1,1,1,0,0,0
4704,148,155,153,135,119,102,110,144,156,156,138,122,106,113,140,146,149,134,121,107,108
4705,0,0,0,0,0,0,0,0,0,0,0,0,0,0,0,0,0,0,0,0,0
4706,1,2,2,2,2,1,1,1,2,2,2,2,1,1,2,3,2,2,2,2,2
4707,8,9,9,9,8,7,7,8,9,10,9,8,7,7,8,9,9,8,7,7,7
4708,1,1,1,0,0,0,0,1,1,1,0,0,0,0,1,1,1,0,0,0,0
4709,2,3,4,4,3,2,1,2,3,4,4,3,2,1,2,3,4,4,3,2,1
4710,0,0,1,1,1,0,0,0,0,1,1,1,0,0,0,0,1,1,1,0,0
4711,0,0,1,0,0,0,0,0,0,1,0,0,0,0,1,1,1,1,0,0,0
4712,0,0,0,0,0,0,0,0,0,0,0,0,0,0,0,0,0,0,0,0,0
4713,21,25,31,30,28,22,18,21,25,31,30,28,22,18,21,25,31,30,28,22,18
4714,3,4,4,4,4,2,1,3,3,4,4,3,2,2,3,4,4,4,4,3,2
4715,3,3,3,1,2,1,2,3,4,4,2,2,2,2,3,3,3,2,2,2,2
4716,1,1,1,1,1,1,1,1,1,1,1,1,1,1,1,1,1,0,1,0,1
4717,3,3,1,1,0,1,2,3,3,1,1,0,1,2,3,3,1,1,0,1,2
4718,3,4,4,4,5,5,4,3,4,4,4,5,5,4,3,4,4,4,5,5,4
4719,2,2,2,2,2,2,1,1,2,2,2,2,2,1,2,2,2,2,2,2,1
4720,0,0,0,0,1,0,0,0,0,0,0,1,0,0,0,0,0,0,1,0,0
4721,1,1,0,0,1,1,1,1,1,0,0,1,1,1,1,1,0,0,1,1,1
4722,12,10,13,13,14,12,12,12,10,13,13,14,12,12,12,10,13,13,14,12,12
4723,2,1,1,1,1,1,1,1,1,1,1,1,1,1,1,1,1,1,1,1,1
4724,0,0,0,0,0,0,0,0,0,0,0,0,0,0,0,0,0,0,0,0,0
4725,0,0,0,0,0,0,0,0,0,0,0,0,0,0,0,0,0,0,0,0,0
4726,1,1,1,1,1,1,1,1,1,1,1,1,1,1,1,1,1,1,1,1,1
4727,0,0,0,0,0,0,0,0,0,0,0,0,0,0,0,0,0,0,0,0,0
4728,0,0,0,0,0,0,0,0,0,0,0,0,0,0,0,0,0,0,0,0,0
4729,0,0,0,0,0,0,0,0,0,0,0,0,0,0,0,0,0,0,0,0,0
4730,1,1,1,1,1,1,0,1,1,1,1,1,1,0,1,1,1,1,1,1,0
4731,1,1,1,1,0,0,1,1,1,1,1,0,0,1,1,1,1,1,0,0,1
4732,0,0,0,0,0,0,0,0,0,0,0,0,0,0,0,0,0,0,0,0,0
4733,0,0,0,0,0,0,0,0,0,0,0,0,0,0,0,0,0,0,0,0,0
4734,2,2,3,4,3,3,4,4,4,4,3,3,3,4,4,4,3,3,2,2,3
4735,0,0,0,0,0,0,0,0,0,0,0,0,0,0,1,1,0,0,0,0,0
4736,0,0,0,0,0,0,0,0,0,0,0,0,0,0,0,0,0,0,0,0,0
4737,3,4,3,2,2,2,2,3,4,3,2,2,2,2,3,4,3,2,2,2,2
4738,0,0,0,0,0,0,0,0,0,0,0,0,0,0,0,0,0,0,0,0,0
4739,0,0,0,0,0,0,0,0,0,0,0,0,0,0,0,0,0,0,0,0,0
4740,0,0,0,0,0,0,0,0,0,0,0,0,0,0,0,0,0,0,0,0,0
4741,0,0,0,0,0,0,0,0,0,0,0,0,0,0,0,0,0,0,0,0,0
4742,0,0,0,0,0,0,0,0,0,0,0,0,0,0,0,0,0,0,0,0,0
4743,0,0,0,0,0,0,0,0,0,0,0,0,0,0,0,0,0,0,0,0,0
4744,0,0,0,0,0,0,0,0,0,0,0,0,0,0,0,0,0,0,0,0,0
4745,1,1,1,1,1,1,1,2,2,1,1,1,1,1,2,1,1,1,0,1,1
4746,0,0,0,0,0,0,0,0,0,0,0,0,0,0,0,0,0,0,0,0,0
4747,3,3,1,1,1,1,2,3,3,1,1,1,1,2,3,3,1,1,1,1,2
4748,0,0,0,0,0,0,0,0,0,0,0,0,0,0,0,0,0,0,0,0,0
4749,5,3,2,2,1,1,2,2,2,2,2,1,2,2,3,2,2,1,1,2,2
4750,1,1,1,1,1,1,1,1,1,1,1,1,1,1,1,1,1,1,1,1,1
4751,2,2,2,2,2,2,2,2,2,2,2,2,2,2,2,2,2,1,1,1,1
4752,0,0,0,0,0,0,0,0,0,0,0,0,0,0,0,0,0,0,0,0,0
4753,0,0,0,0,0,0,0,0,0,0,0,0,0,0,0,0,0,0,0,0,0
4754,0,0,0,0,0,0,0,0,0,0,0,0,0,0,0,0,0,0,0,0,0
4755,6,6,7,7,7,7,8,9,10,10,9,8,7,7,7,7,6,5,5,5,5
4756,0,0,0,0,0,0,0,0,0,0,0,0,0,0,0,0,0,0,0,0,0
4757,0,0,0,0,0,0,0,0,0,0,0,0,0,0,0,0,0,0,0,0,0
4758,0,0,0,0,0,0,0,0,0,0,0,0,0,0,0,0,0,0,0,0,0
4759,0,0,0,0,0,0,0,0,0,0,0,0,0,0,0,0,0,0,0,0,0
4760,0,0,0,0,0,0,0,0,0,0,0,0,0,0,0,0,0,0,0,0,0
4761,0,0,0,0,0,0,0,0,0,0,0,0,0,0,0,0,0,0,0,0,0
4762,3,2,3,2,3,3,2,3,2,3,2,3,3,2,3,2,3,2,3,3,2
4763,1,2,2,2,1,1,1,1,2,2,2,1,1,1,1,2,2,2,1,1,1
4764,4,5,5,4,3,3,3,4,4,4,4,3,3,3,3,4,4,4,3,3,3
4765,20,24,20,22,18,16,17,19,23,19,20,16,15,15,18,22,18,19,16,15,15
4766,9,10,10,9,8,7,8,8,9,9,8,7,7,7,8,9,9,8,7,7,8
4767,4,5,5,4,4,3,4,4,5,6,5,4,3,4,5,5,6,5,4,3,4
4768,6,7,7,6,5,4,4,5,7,7,5,4,4,4,5,7,7,5,4,4,4
4769,1,2,2,2,2,1,2,2,2,2,2,2,1,2,2,2,2,2,1,1,1
4770,1,2,2,1,1,1,1,2,2,2,1,1,1,1,2,2,2,1,1,1,1
4771,5,6,6,6,4,4,4,5,6,6,6,4,4,4,4,6,6,5,4,3,3
4772,1,1,1,1,1,1,1,1,1,1,1,1,1,1,1,1,1,1,1,1,1
4773,1,1,1,1,1,1,1,1,1,1,1,1,1,1,1,1,1,1,1,1,1
4774,0,0,0,0,0,0,0,0,0,0,0,0,0,0,0,0,0,0,0,0,0
4775,398,484,508,500,406,340,334,408,516,546,528,423,364,362,397,468,505,514,439,390,373
4776,0,0,0,0,0,0,0,0,0,0,0,0,0,0,0,0,0,0,0,0,0
4777,2,2,2,1,1,1,1,2,2,2,2,1,1,1,2,2,2,2,2,2,2
4778,2,2,1,1,1,1,1,2,2,1,1,1,1,1,2,2,1,1,1,1,1
4779,2,2,2,2,2,2,1,2,2,2,2,2,2,1,2,2,2,2,2,2,1
4780,0,0,0,0,0,0,0,0,0,0,0,0,0,0,0,0,0,0,0,0,0
4781,0,0,0,0,0,0,3,0,0,0,0,0,0,3,0,0,0,0,0,0,3
4782,0,0,0,0,0,0,0,0,0,0,0,0,0,0,0,0,0,0,0,0,0
4783,1,1,0,0,0,0,0,1,0,0,0,0,0,0,1,1,0,0,0,0,0
4784,2,3,0,0,2,3,0,2,3,0,0,2,3,0,2,3,0,0,2,3,0
4785,0,0,0,0,0,0,0,0,0,0,0,0,0,0,0,0,0,0,0,0,0
4786,0,0,0,0,0,0,0,0,0,0,0,0,0,0,0,0,0,0,0,0,0
4787,0,0,0,0,0,0,0,0,0,0,0,0,0,0,0,0,0,0,0,0,0
4788,1,0,1,1,0,0,0,1,0,1,1,0,0,0,1,0,1,1,0,0,0
4789,0,0,0,0,0,0,0,0,0,0,0,0,0,0,0,0,0,0,0,0,0
4790,0,0,0,0,0,0,0,0,0,0,0,0,0,0,0,0,0,0,0,0,0
4791,0,0,0,0,0,0,0,0,0,0,0,0,0,0,0,0,0,0,0,0,0
4792,0,0,0,0,0,0,0,0,0,0,0,0,0,0,0,0,0,0,0,0,0
4793,1,1,1,1,1,1,1,1,1,1,1,1,1,1,1,1,1,1,1,1,1
4794,0,0,0,0,0,0,0,0,0,0,0,0,0,0,0,0,0,0,0,0,0
4795,0,0,0,0,0,0,0,0,0,0,0,0,0,0,0,0,0,0,0,0,0
4796,0,0,0,0,0,0,0,0,0,0,0,0,0,0,0,0,0,0,0,0,0
4797,109,119,117,94,77,70,71,99,113,112,86,67,61,62,90,108,114,90,71,66,69
4798,65,82,100,104,94,76,61,65,84,104,108,98,80,64,68,85,102,105,95,77,61
4799,82,94,85,69,63,55,64,80,90,78,60,51,45,56,72,82,74,58,51,47,58
4800,88,105,128,124,102,78,68,89,105,128,124,102,77,67,89,106,129,125,103,79,69
4801,123,129,124,91,81,71,80,118,130,128,92,78,69,79,109,115,114,80,68,62,73
4802,0,0,0,0,0,0,0,0,0,0,0,0,0,0,0,0,0,0,0,0,0
4803,1,1,1,1,1,1,1,1,1,1,1,1,1,1,1,1,1,1,1,1,1
4804,1,1,1,1,1,1,1,1,1,1,1,1,1,1,1,1,1,1,1,1,1
4805,26,26,25,25,23,20,19,22,25,25,25,23,19,19,23,25,27,27,24,22,22
4806,2,2,3,2,2,2,2,2,2,3,2,2,2,2,2,2,3,2,2,2,2
4807,0,1,1,1,1,1,1,1,1,1,1,1,1,1,1,1,1,1,1,1,1
4808,0,0,0,0,1,1,1,0,0,0,0,1,1,1,0,0,0,0,1,1,1
4809,16,23,31,25,19,14,11,16,23,30,25,19,14,11,15,23,30,25,19,14,11
4810,0,0,0,0,0,0,0,0,0,0,0,0,0,0,0,0,0,0,0,0,0
4811,1,1,1,1,1,1,1,1,1,1,1,1,1,1,1,1,1,1,1,1,1
4812,2,3,4,4,5,5,6,6,7,7,6,6,6,5,6,6,5,5,5,5,5
4813,0,0,0,0,0,0,0,0,0,0,0,0,0,0,0,0,0,0,0,0,0
4814,1,2,2,1,1,1,1,2,2,2,1,1,1,2,2,2,2,1,1,1,2
4815,14,16,16,15,13,12,12,14,15,15,15,13,12,12,14,16,15,15,13,12,12
4816,1,1,1,1,1,1,1,1,1,1,1,1,1,1,1,2,2,1,1,1,1
4817,1,1,1,0,0,0,1,1,1,1,0,0,0,1,1,1,1,0,0,0,1
4818,0,0,0,0,0,0,0,0,0,0,0,0,0,0,0,0,0,0,0,0,0
4819,0,0,0,0,0,0,0,0,0,0,0,0,0,0,0,0,0,0,0,0,0
4820,1,1,1,1,1,1,1,1,1,1,1,1,1,1,1,1,1,1,1,1,1
4821,0,0,0,0,0,0,0,0,0,0,0,0,0,0,0,0,0,0,0,0,0
4822,0,0,0,0,0,0,0,0,0,0,0,0,0,0,0,0,0,0,0,0,0
4823,0,0,0,0,0,0,0,0,0,0,0,0,0,0,1,1,0,0,0,0,1
4824,2,1,1,1,1,1,1,1,1,1,1,1,1,1,1,1,1,1,1,1,1
4825,0,0,0,0,0,0,0,0,0,0,0,0,0,0,0,0,0,0,0,0,0
4826,0,0,0,0,0,0,0,0,0,0,0,0,0,0,0,0,0,0,0,0,0
4827,24,21,18,17,16,17,21,33,49,51,42,33,30,28,27,26,26,25,24,30,41
4828,0,0,0,0,0,0,0,0,0,0,0,0,0,0,0,0,0,0,0,0,0
4829,1,1,0,0,0,0,0,0,0,0,0,0,0,0,0,0,0,0,0,0,0
4830,0,1,1,1,1,1,1,0,1,1,1,1,1,1,0,1,1,1,1,1,1
4831,3,3,3,3,3,3,3,4,4,3,3,3,3,3,4,4,3,3,3,3,3
4832,1,2,1,2,1,1,1,1,2,1,2,1,1,1,1,2,1,2,1,1,1
4833,7,6,5,4,4,4,4,7,6,5,4,4,4,4,7,6,5,4,4,4,4
4834,0,0,0,0,0,0,0,0,0,0,0,0,0,0,0,0,0,0,0,0,0
4835,8,10,10,9,9,9,9,10,11,10,9,9,8,9,10,10,10,9,9,9,9
4836,7,7,7,7,6,5,4,5,6,7,7,6,5,5,6,7,8,8,6,6,5
4837,1,1,1,1,1,1,1,1,1,1,1,1,1,1,1,1,1,1,1,1,1
4838,7,7,6,5,5,5,5,6,6,6,5,5,5,5,6,6,6,5,5,5,5
4839,56,60,58,51,44,39,42,56,67,70,65,55,50,54,65,70,68,59,50,46,48
4840,13,14,14,11,10,10,11,13,14,14,11,10,10,10,13,14,14,11,10,10,10
4841,0,0,0,0,0,0,0,0,0,0,0,0,0,0,0,0,0,0,0,0,0
4842,7,8,8,7,6,6,6,7,8,8,7,6,6,6,7,8,8,7,6,6,6
4843,63,67,69,65,61,55,58,73,81,84,76,67,60,60,67,66,65,58,52,47,51
4844,2,2,2,2,2,1,1,2,2,2,2,2,1,1,2,2,2,2,2,1,1
4845,14,14,14,14,12,11,12,14,14,14,14,12,11,12,14,14,14,14,12,11,12
4846,1,1,1,1,1,1,1,1,1,1,1,1,1,1,1,1,1,1,1,1,1
4847,2,2,2,3,2,2,2,2,2,2,2,2,2,2,2,2,2,2,2,2,1
4848,4,4,5,5,5,4,3,4,4,5,5,5,4,3,4,4,5,5,5,4,3
4849,1,1,2,2,2,1,0,1,1,2,3,2,1,1,1,1,2,3,2,1,1
4850,1,1,2,1,2,1,1,1,1,2,1,2,1,1,1,1,2,1,2,1,1
4851,22,21,18,16,14,14,15,19,20,18,16,15,15,18,23,23,20,18,16,16,18
4852,0,0,0,0,0,0,0,0,0,0,0,0,0,0,0,0,0,0,0,0,0
4853,1,1,1,1,1,1,1,1,1,1,1,1,1,1,1,1,1,1,1,1,1
4854,0,0,0,0,0,0,0,0,0,0,0,0,0,0,0,0,0,0,0,0,0
4855,0,0,0,0,0,0,0,0,0,0,0,0,0,0,0,0,0,0,0,0,0
4856,3,3,3,3,2,2,2,3,3,3,3,2,2,2,3,3,3,3,2,2,2
4857,0,0,0,0,0,0,0,0,0,0,0,0,0,0,0,0,0,0,0,0,0
4858,0,0,0,0,0,0,0,0,0,0,0,0,0,0,0,0,0,0,0,0,0
4859,0,0,0,0,0,0,0,0,0,0,0,0,0,0,0,0,0,0,0,0,0
4860,1,1,1,1,1,1,1,1,1,1,1,1,1,1,1,1,1,1,1,1,1
4861,0,0,0,0,0,0,0,0,0,0,0,0,0,0,0,0,0,0,0,0,0
4862,1,1,1,1,1,1,1,1,1,1,1,1,1,1,1,1,1,1,1,1,1
4863,0,0,0,0,0,0,0,0,0,0,0,0,0,0,0,0,0,0,0,0,0
4864,1,1,1,1,1,1,1,1,1,1,1,1,1,1,1,1,1,1,1,1,1
4865,1,1,1,1,1,1,1,1,2,1,1,1,1,1,1,2,1,1,1,1,1
4866,0,0,0,0,0,0,0,0,0,0,0,0,0,0,0,0,0,0,0,0,0
4867,1,1,1,1,1,1,1,1,1,1,1,1,1,1,1,1,1,1,1,1,1
4868,1,1,1,1,1,1,1,1,1,1,1,1,1,1,1,1,1,1,1,1,1
4869,1,1,1,1,1,1,1,1,1,1,1,1,1,1,1,1,1,1,1,1,1
4870,2,3,3,2,2,2,2,2,3,3,2,2,2,2,2,3,3,3,2,2,2
4871,1,1,1,1,1,1,1,1,1,1,1,1,1,1,1,1,1,1,1,1,1
4872,702,775,912,844,727,622,533,702,775,912,844,727,622,533,702,775,912,844,727,622,533
4873,8,10,9,5,5,3,5,8,10,9,5,5,3,5,8,10,9,5,5,3,5
4874,3,3,3,3,2,2,3,4,5,4,3,2,2,3,5,5,5,3,3,3,4
4875,0,0,0,0,0,0,0,0,0,0,0,0,0,0,0,0,0,0,0,0,0
4876,0,0,0,0,0,0,0,0,0,0,0,0,0,0,0,0,0,0,0,0,0
4877,2,3,3,2,2,2,2,3,3,3,2,2,2,2,3,3,3,2,2,2,2
4878,0,0,0,0,0,0,0,0,0,0,0,0,0,0,0,0,0,0,0,0,0
4879,0,0,0,0,0,0,0,0,0,0,0,0,0,0,0,0,0,0,0,0,0
4880,1,1,1,1,1,1,1,1,1,1,1,1,1,1,1,1,1,1,1,1,1
4881,0,0,0,0,0,0,0,0,0,0,0,0,0,0,1,1,1,0,0,0,0
4882,1,1,1,1,1,1,1,1,1,1,1,1,1,1,2,1,1,1,1,1,1
4883,0,0,1,0,1,1,0,0,0,1,0,1,1,0,0,0,1,0,1,1,1
4884,4,4,5,4,4,3,3,4,4,5,4,4,3,3,4,4,4,4,4,3,3
4885,0,0,0,0,0,0,0,0,0,0,0,0,0,0,0,0,0,0,0,0,0
4886,0,0,0,0,0,0,0,0,0,0,0,0,0,0,0,0,0,0,0,0,0
4887,0,0,0,0,0,0,0,0,0,0,0,0,0,0,0,0,0,0,0,0,0
4888,0,0,0,0,0,0,0,0,0,0,0,0,0,0,0,0,0,0,0,0,0
4889,0,0,0,0,0,0,0,0,0,0,0,0,0,0,0,0,0,0,0,0,0
4890,0,0,0,0,0,0,0,0,0,0,0,0,0,0,0,0,0,0,0,0,0
4891,0,0,0,0,0,0,0,0,0,0,0,0,0,0,0,0,0,0,0,0,0
4892,0,0,0,0,0,0,0,0,0,0,0,0,0,0,0,0,0,0,0,0,0
4893,5,5,5,4,4,4,5,5,5,5,4,4,4,5,5,5,5,4,3,4,5
4894,0,0,0,0,0,0,0,0,0,0,0,0,0,0,0,0,0,0,0,0,0
4895,0,0,0,0,0,0,0,0,0,0,0,0,0,0,0,0,0,0,0,0,0
4896,0,0,0,0,0,0,0,0,0,0,0,0,0,0,0,0,0,0,0,0,0
4897,0,0,0,0,0,0,0,0,0,0,0,0,0,0,0,0,0,0,0,0,0
4898,0,0,0,0,0,0,0,0,0,0,0,0,0,0,0,0,0,0,0,0,0
4899,4,4,4,3,2,2,2,3,3,3,3,2,2,2,3,3,3,3,2,2,2
4900,0,0,0,0,0,0,0,0,0,0,0,0,0,0,0,0,0,0,0,0,0
4901,9,9,9,8,6,5,6,8,10,10,9,7,6,6,9,10,10,9,8,7,8
4902,7,7,7,6,5,4,5,7,7,7,6,5,4,4,6,7,7,7,5,5,5
4903,4,4,4,4,3,3,3,3,4,4,4,3,2,3,3,4,4,4,3,3,3
4904,4,4,4,3,3,2,2,3,3,3,3,3,2,2,3,3,3,3,3,2,2
4905,5,5,5,4,4,3,3,4,4,5,4,4,3,3,4,5,5,4,4,3,4
4906,3,3,3,3,2,2,2,3,3,3,3,2,2,2,3,3,3,3,2,2,2
4907,7,8,7,6,5,4,5,6,7,7,6,5,4,5,7,8,7,7,6,5,6
4908,3,3,3,3,2,1,1,2,3,3,2,2,1,1,2,3,3,3,2,2,2
4909,6,6,6,5,4,4,4,6,6,7,5,4,4,4,6,6,7,6,4,4,4
4910,4,4,4,3,3,2,2,3,3,3,3,2,2,2,3,3,3,3,3,2,2
4911,3,3,3,2,2,2,2,2,3,3,2,2,2,2,3,3,3,2,2,2,2
4912,5,5,5,4,3,3,3,4,4,4,3,3,3,3,4,5,4,4,3,3,3
4913,4,4,4,3,3,2,2,3,4,4,3,2,2,2,4,4,4,4,3,3,3
4914,4,4,4,3,3,2,2,3,4,4,3,2,2,2,3,4,4,3,2,2,2
4915,3,3,3,3,2,2,2,2,3,3,3,2,2,2,3,3,3,3,2,2,2
4916,2,2,2,2,2,1,1,2,2,2,2,1,1,1,2,2,2,2,2,1,1
4917,3,4,3,3,3,2,2,3,3,3,3,2,2,2,3,3,3,3,3,2,2
4918,6,6,6,5,4,3,3,5,5,6,5,4,3,3,5,6,6,5,4,4,4
4919,7,7,6,6,5,5,4,6,6,7,6,5,4,4,6,6,7,7,6,5,5
4920,4,4,4,3,3,2,2,3,4,4,3,3,2,2,4,4,4,4,3,2,3
4921,3,3,3,3,2,2,2,3,3,3,3,2,2,2,3,3,3,3,2,2,2
4922,7,7,7,6,5,4,5,7,8,8,7,5,4,5,7,8,8,7,6,5,6
4923,2,3,3,2,2,2,1,2,2,2,2,2,2,2,2,3,3,3,2,2,2
4924,5,6,5,5,4,3,4,4,5,5,5,4,3,4,5,5,5,5,4,4,4
4925,3,4,4,3,3,2,2,3,3,3,3,3,2,2,3,3,3,3,3,2,2
4926,0,0,0,0,0,0,0,0,0,0,0,0,0,0,0,0,0,0,0,0,0
4927,0,0,0,0,0,0,0,0,0,0,0,0,0,0,0,0,0,0,0,0,0
4928,6,6,6,5,4,4,5,6,6,6,5,4,4,5,6,6,6,5,4,4,5
4929,1,1,0,1,1,0,1,1,1,1,1,1,0,1,1,1,1,1,1,0,1
4930,4,4,4,4,3,3,3,4,4,4,4,3,3,3,4,4,4,4,3,3,3
4931,7,8,6,5,3,3,3,3,5,5,4,3,3,4,4,7,6,5,4,4,4
4932,0,0,0,1,1,0,1,0,0,1,1,1,0,0,0,0,0,0,1,0,0
4933,0,0,0,0,0,0,0,0,0,0,0,0,0,0,0,0,0,0,0,0,0
4934,0,0,0,0,0,0,0,0,0,0,0,0,0,0,0,0,0,0,0,0,0
4935,5,6,6,6,6,6,5,5,6,6,6,6,6,5,5,6,6,6,6,6,5
4936,0,0,0,0,0,0,0,0,0,0,0,0,0,0,0,0,0,0,0,0,0
4937,0,0,0,0,0,0,0,0,0,0,0,0,0,0,0,0,0,0,0,0,0
4938,0,0,0,0,0,0,0,0,0,0,0,0,0,0,0,0,0,0,0,0,0
4939,0,0,0,0,0,0,0,0,0,0,0,0,0,0,0,0,0,0,0,0,0
4940,0,0,0,0,0,0,0,0,0,0,0,0,0,0,0,0,0,0,0,0,0
4941,5,4,5,4,4,4,4,5,4,5,5,5,4,5,6,5,5,5,5,4,5
4942,0,0,0,0,0,0,0,0,0,0,0,0,0,0,0,0,0,0,0,0,0
4943,0,0,0,0,0,0,0,0,0,0,0,0,0,0,0,0,0,0,0,0,0
4944,0,0,0,0,0,0,0,0,0,0,0,0,0,0,0,0,0,0,0,0,0
4945,0,0,0,0,0,0,0,0,0,0,0,0,0,0,0,0,0,0,0,0,0
4946,1,1,1,1,1,1,1,1,1,1,1,1,1,1,1,1,1,1,1,1,1
4947,17,18,19,17,15,14,13,16,18,19,17,15,15,15,19,21,20,18,16,16,15
4948,0,0,0,0,0,0,0,0,0,0,0,0,0,0,0,0,0,0,0,0,0
4949,3,3,3,3,3,2,2,3,3,3,3,3,2,2,3,3,3,3,3,2,2
4950,94,102,98,95,88,79,82,90,99,96,88,77,64,62,68,80,88,93,86,77,81
4951,3,3,4,4,3,3,2,3,3,4,4,3,3,2,3,3,4,4,3,3,2
4952,2,2,2,2,2,2,2,2,3,2,2,2,2,2,2,3,2,2,2,2,2
4953,2,2,3,2,2,2,1,2,2,3,2,2,2,1,2,2,3,2,2,2,1
4954,3,4,4,3,3,3,2,3,4,4,3,3,3,2,3,4,4,3,3,3,2
4955,0,0,0,0,0,0,0,0,0,0,0,0,0,0,0,0,0,0,0,0,0
4956,0,0,0,0,0,0,0,0,0,0,0,0,1,1,2,2,2,1,1,2,2
4957,3,3,3,3,3,3,2,3,3,3,3,3,3,2,3,3,3,3,3,3,2
4958,2,2,2,2,2,1,2,2,2,1,2,2,1,1,2,2,1,2,2,1,1
4959,1,1,1,1,1,1,1,1,1,1,1,1,1,1,1,1,1,1,1,1,1
4960,3,3,3,4,4,3,3,3,3,3,4,4,3,3,3,3,3,4,4,3,3
4961,2,3,3,3,2,2,2,3,3,3,2,2,2,2,2,3,3,2,2,2,2
4962,0,0,0,0,0,0,0,0,0,0,0,0,0,0,0,0,0,0,0,0,0
4963,0,0,0,0,0,0,0,0,0,0,0,0,0,0,0,0,0,0,0,0,0
4964,0,0,0,0,0,0,0,0,0,0,0,0,0,0,0,0,0,0,0,0,0
4965,1,0,0,0,0,1,1,1,0,0,0,0,1,1,1,0,0,0,0,1,1
4966,0,0,0,0,0,0,0,0,0,0,0,0,0,0,0,0,0,0,0,0,0
4967,0,0,0,0,0,0,0,0,0,0,0,0,0,0,0,0,0,0,0,0,0
4968,0,0,0,0,0,0,0,0,0,0,0,0,0,0,0,0,0,0,0,0,0
4969,0,0,0,0,0,0,0,0,0,0,0,0,0,0,0,0,0,0,0,0,0
4970,15,17,19,18,17,16,14,15,17,19,18,17,16,14,16,17,19,18,17,16,15
4971,10,11,11,12,12,9,11,10,11,11,12,12,9,11,10,11,11,12,12,9,11
4972,0,0,0,0,0,0,0,0,0,0,0,0,0,0,0,0,0,0,0,0,0
4973,0,0,0,0,0,0,0,0,0,0,0,0,0,0,0,0,0,0,0,0,0
4974,1,2,2,2,1,1,1,2,2,2,2,1,1,1,2,2,2,2,1,1,1
4975,5,6,6,6,5,4,5,5,6,6,6,5,4,5,5,5,6,6,5,5,5
4976,3,3,3,3,3,3,3,3,3,3,3,3,3,3,3,3,3,3,3,3,3
4977,0,1,1,0,0,0,0,0,1,1,0,0,0,0,0,1,1,0,0,0,0
4978,0,0,0,0,0,0,0,0,0,0,0,0,0,0,0,0,0,0,0,0,0
4979,1,1,1,1,0,0,0,1,1,1,0,0,0,0,1,1,1,0,0,0,0
4980,1,1,1,2,2,2,2,2,1,1,2,2,1,1,1,1,1,2,2,1,1
4981,1,1,1,1,1,1,1,1,1,1,1,1,1,1,1,1,1,1,1,1,1
4982,0,0,0,0,0,0,0,0,0,0,0,0,0,0,0,0,0,0,0,0,0
4983,12,19,20,24,20,15,9,12,19,22,25,21,16,10,13,20,21,24,20,16,9
4984,0,0,0,0,0,0,0,0,0,0,0,0,0,0,0,0,0,0,0,0,0
4985,0,1,1,1,1,0,1,1,1,1,0,0,0,1,1,1,1,0,0,0,0
4986,0,0,0,0,0,0,0,0,0,0,0,0,0,0,0,0,0,0,0,0,0
4987,0,0,0,0,0,0,0,0,0,0,0,0,0,0,0,0,0,0,0,0,0
4988,6,6,5,4,3,4,4,5,5,5,4,3,4,4,5,5,5,4,4,4,4
4989,0,0,0,0,0,0,0,0,0,0,0,0,0,0,0,0,0,0,0,0,0
4990,0,0,0,0,0,0,0,0,0,0,0,0,0,0,0,0,0,0,0,0,0
4991,1,1,1,1,1,0,0,1,1,1,1,1,0,0,1,1,1,1,1,0,0
4992,0,0,0,0,0,0,0,0,0,0,0,0,0,0,0,0,0,0,0,0,0
4993,17,19,21,14,8,9,12,17,19,21,14,8,9,12,17,19,21,14,8,9,12
4994,7,8,9,9,9,7,8,9,10,11,11,10,8,8,8,9,10,9,8,7,7
4995,0,0,0,0,0,0,0,0,0,0,0,0,0,0,0,0,0,0,0,0,0
4996,0,0,0,0,0,0,0,0,0,0,0,0,0,0,0,0,0,0,0,0,0
4997,0,0,0,0,0,0,0,0,0,0,0,0,0,0,0,0,0,0,0,0,0
4998,2,1,1,1,1,1,1,1,1,1,1,1,1,1,1,1,1,1,1,1,1
4999,0,0,0,0,0,0,0,0,0,0,0,0,0,0,0,0,0,0,0,0,0
5000,2,1,1,1,1,1,1,1,1,1,1,1,1,1,1,1,1,1,1,1,1
5001,0,0,0,0,0,0,0,0,0,0,0,0,0,0,0,0,0,0,0,0,0
5002,1,1,1,2,1,1,1,1,1,1,2,1,1,1,1,1,1,2,1,1,1
5003,1,1,1,1,1,1,1,1,1,1,1,1,1,1,1,1,1,1,1,1,1
5004,4,4,4,3,3,3,3,3,3,3,3,3,3,3,3,4,4,3,3,3,3
5005,0,1,1,1,0,0,1,0,1,1,1,0,1,1,1,1,1,1,1,1,1
5006,9,9,10,9,8,7,7,9,10,10,9,8,7,7,9,9,10,9,7,7,7
5007,10,10,10,9,8,8,8,10,11,11,9,8,7,8,9,10,9,8,7,7,7
5008,2,2,2,2,2,1,1,2,2,2,2,2,2,2,2,2,2,2,2,1,1
5009,54,59,60,57,52,47,47,57,62,63,57,51,46,48,55,56,55,50,46,43,43
5010,39,41,38,35,32,30,32,39,41,38,32,28,28,31,35,34,30,26,25,26,28
5011,2,3,3,2,2,2,2,2,2,2,2,2,2,2,2,2,2,2,2,2,2
5012,0,0,0,0,0,0,0,0,0,0,0,0,0,0,0,0,0,0,0,0,0
5013,38,41,39,36,33,29,31,36,40,38,34,28,24,26,31,34,33,32,30,28,29
5014,14,13,13,12,11,10,10,11,11,11,11,10,9,9,10,8,8,8,7,7,7
5015,1,1,1,1,1,1,1,1,1,1,1,1,1,1,1,1,1,1,1,1,1
5016,2,2,2,2,2,1,2,2,2,2,2,1,1,2,2,2,2,1,1,1,1
5017,4,4,3,2,2,2,2,3,3,3,3,2,2,3,4,4,4,3,3,3,3
5018,5,5,4,4,3,3,3,4,4,4,4,3,3,3,5,5,5,4,4,3,4
5019,29,31,30,28,25,23,24,29,31,30,27,23,21,23,28,28,26,23,20,20,21
5020,6,6,6,6,5,5,5,6,6,6,6,5,5,5,6,6,6,6,5,5,5
5021,14,15,14,13,13,12,12,14,14,13,12,12,11,11,13,13,12,11,11,11,10
5022,4,5,5,5,4,4,4,4,5,5,5,4,4,4,4,5,5,5,4,4,4
5023,2,2,2,1,1,1,1,2,2,2,1,1,1,1,2,2,2,1,1,1,1
5024,0,0,0,0,0,0,0,0,0,0,0,0,0,0,0,0,0,0,0,0,0
5025,14,14,12,11,10,9,9,11,13,12,11,9,8,8,9,10,9,8,8,7,7
5026,0,0,0,0,0,0,0,0,0,0,0,0,0,0,0,0,0,0,0,0,0
5027,0,0,0,0,0,0,0,0,0,0,0,0,0,0,0,0,0,0,0,0,0
5028,0,0,0,0,0,0,0,0,0,0,0,0,0,0,0,0,0,0,0,0,0
5029,0,0,0,0,0,0,0,0,0,0,0,0,0,0,0,0,0,0,0,0,0
5030,0,0,0,0,0,0,0,0,0,0,0,0,0,0,0,0,0,0,0,0,0
5031,5,10,5,5,4,9,18,5,9,5,4,4,9,18,5,9,5,4,4,9,18
5032,0,0,0,0,0,0,0,0,0,0,0,0,0,0,0,0,0,0,0,0,0
5033,18,13,13,12,13,14,16,17,13,13,15,21,28,21,13,9,11,11,11,11,11
5034,0,0,0,0,0,0,0,0,0,0,0,0,0,0,0,0,0,0,0,0,0
5035,0,0,0,0,0,0,0,0,0,0,0,0,0,0,0,0,0,0,0,0,0
5036,0,0,0,0,0,0,0,0,0,0,0,0,0,0,0,0,0,0,0,0,0
5037,19,19,19,16,14,13,14,19,18,18,16,14,13,14,19,18,18,16,14,13,14
5038,19,25,29,27,19,14,13,19,25,29,26,19,14,13,18,25,29,26,19,14,13
5039,9,13,13,13,10,8,7,9,14,14,13,11,8,8,10,14,14,13,10,8,7
5040,233,274,276,224,180,160,161,220,268,273,220,174,155,159,226,280,284,231,186,165,165
5041,17,28,34,32,16,11,11,17,28,33,31,16,11,11,16,28,33,31,16,11,11
5042,25,27,29,27,19,15,17,25,27,29,27,19,15,17,25,27,29,27,19,15,17
5043,222,271,245,222,182,162,153,208,272,253,228,185,165,156,206,265,246,225,186,170,165
5044,71,80,90,80,68,52,49,72,81,90,80,68,52,49,71,81,91,80,68,52,49
5045,420,447,445,447,385,329,308,372,381,366,331,243,203,206,277,303,318,323,265,267,309
5046,2,3,3,3,2,2,1,2,3,3,3,2,2,1,2,3,3,3,2,2,1
5047,666,845,849,822,658,457,460,592,774,801,790,642,465,480,612,792,808,797,663,510,545
5048,12,16,18,18,17,11,10,12,16,18,18,17,11,10,12,16,18,18,17,11,10
5049,25,32,35,36,31,22,20,25,32,35,36,31,22,20,25,32,35,36,31,22,20
5050,27,36,38,39,26,18,17,27,35,38,39,26,18,16,27,35,38,39,26,18,16
5051,324,368,364,376,354,255,247,302,351,354,360,329,224,215,281,358,376,396,380,290,287
5052,30,32,34,34,31,25,25,30,32,34,34,31,25,25,30,32,34,34,31,25,25
5053,2,3,3,3,2,2,1,2,3,3,3,2,2,1,2,3,3,3,2,2,1
5054,73,90,99,90,75,54,54,73,90,99,90,75,54,54,73,90,99,90,75,54,54
5055,6,8,9,8,8,6,5,6,8,8,8,8,6,5,5,7,8,8,8,6,5
5056,15,15,18,16,12,11,9,15,14,17,15,12,10,9,15,14,17,15,12,10,9
5057,30,37,37,33,24,20,24,30,36,36,32,24,20,24,29,36,36,33,24,20,24
5058,93,108,111,94,81,65,58,85,99,106,91,75,54,46,73,88,95,81,69,55,51
5059,13,14,17,16,12,11,13,13,14,17,16,12,11,13,14,15,17,16,13,11,13
5060,62,49,51,45,32,33,49,61,47,49,44,32,34,51,64,50,52,46,34,36,52
5061,3,4,4,5,4,3,2,3,4,4,5,4,3,2,3,4,4,5,4,3,2
5062,51,56,57,50,44,43,43,51,56,57,50,43,43,43,51,56,57,50,43,43,43
5063,18,21,20,20,18,15,16,18,21,20,20,18,15,16,18,21,20,20,18,15,16
5064,4,5,6,4,4,3,3,4,5,6,4,4,3,3,4,5,6,4,4,3,3
5065,1,1,0,1,1,1,1,1,1,0,1,1,1,1,1,1,0,1,1,1,1
5066,2,2,3,2,1,0,1,2,2,3,2,1,0,1,2,2,3,2,1,0,1
5067,0,0,0,0,0,0,0,0,0,0,0,0,0,0,0,0,0,0,0,0,0
5068,42,44,46,41,36,28,27,42,44,45,41,36,28,27,42,44,45,41,36,28,27
5069,3,4,4,3,2,2,2,3,4,4,3,2,2,2,3,3,4,3,2,2,2
5070,0,0,0,0,0,0,0,0,0,0,0,0,0,0,0,0,0,0,0,0,0
5071,38,22,21,21,21,20,20,35,18,14,11,8,7,9,27,16,16,15,15,16,15
5072,13,8,7,6,6,5,5,10,6,5,5,5,5,4,9,5,5,4,5,5,4
5073,0,0,0,0,0,0,0,0,0,0,0,0,0,0,0,0,0,0,0,0,0
5074,6,6,7,6,5,5,5,6,6,7,6,6,5,5,6,7,7,6,6,5,5
5075,0,0,0,0,0,0,0,0,0,0,0,0,0,0,0,0,0,0,0,0,0
5076,3,2,2,2,1,1,2,3,2,2,2,1,1,2,3,2,2,2,1,1,2
5077,0,0,0,0,0,0,0,0,0,0,0,0,0,0,0,0,0,0,0,0,0
5078,29,31,31,30,28,25,25,28,30,31,29,26,23,23,27,28,29,28,26,24,25
5079,1,1,1,1,1,1,1,1,1,1,1,1,1,1,1,1,1,1,1,1,1
5080,5,4,3,3,3,3,3,3,3,3,3,2,2,3,3,3,3,2,2,2,3
5081,5,5,6,6,4,4,4,4,5,5,5,4,4,3,4,5,5,5,4,4,4
5082,1,1,1,1,1,1,1,1,1,1,1,1,1,1,1,1,1,1,1,1,1
5083,1,0,0,1,0,0,0,1,0,0,1,0,0,0,1,0,0,1,0,0,0
5084,3,3,3,3,2,2,2,3,3,3,3,3,3,3,4,3,3,3,2,2,2
5085,1,1,1,1,1,1,1,1,1,1,1,1,1,1,1,1,1,1,1,1,1
5086,0,0,0,0,0,0,0,0,0,0,0,0,0,0,0,0,0,0,0,0,0
5087,0,1,1,1,1,1,1,1,1,1,1,1,1,1,1,1,1,0,0,0,0
5088,0,0,0,0,0,0,0,0,0,0,0,0,0,0,0,0,0,0,0,0,0
5089,0,0,0,0,0,0,0,0,0,0,0,0,0,0,0,0,0,0,0,0,0
5090,0,0,0,0,0,0,0,0,0,0,0,0,0,0,0,0,0,0,0,0,0
5091,7,7,7,6,5,4,5,6,7,7,6,5,4,5,6,7,7,6,5,5,6
5092,5,6,7,6,6,5,5,5,6,7,6,5,4,4,5,6,7,6,6,5,5
5093,3,4,3,3,3,3,3,3,4,4,3,3,3,3,3,4,4,3,3,3,3
5094,3,3,3,3,2,2,2,2,3,3,3,2,2,2,2,3,3,3,2,2,2
5095,42,47,46,42,36,33,34,44,54,56,51,43,38,38,42,47,47,43,37,35,35
5096,17,20,17,16,14,12,14,17,20,17,16,14,12,13,16,19,17,16,14,12,13
5097,1,2,2,2,2,2,1,1,1,2,2,2,2,2,2,2,2,2,2,2,2
5098,6,6,6,5,5,4,4,6,6,6,6,5,5,5,7,7,7,6,6,5,5
5099,2,2,3,3,2,2,1,2,2,3,3,2,2,2,2,2,3,3,2,2,2
5100,2,2,2,2,2,2,2,2,2,2,2,2,2,2,2,2,2,2,2,2,2
5101,2,3,3,3,3,2,2,2,3,3,2,2,2,2,2,3,2,2,2,2,2
5102,9,9,10,10,9,8,7,9,10,10,9,8,7,7,8,9,10,9,8,7,7
5103,4,5,5,4,3,3,3,4,5,5,5,3,3,3,5,6,5,5,3,3,3
5104,46,53,49,40,35,34,34,44,52,50,41,36,36,36,45,53,50,42,38,39,39
5105,3,4,5,4,3,3,3,4,4,5,4,3,3,3,4,4,5,4,4,3,3
5106,2,2,2,2,2,2,1,2,2,2,2,2,2,1,2,2,2,2,2,2,1
5107,24,28,28,25,23,19,21,28,35,37,31,25,18,18,22,29,34,32,27,23,24
5108,85,100,112,111,97,79,75,93,113,125,122,105,88,84,97,110,121,119,104,88,82
5109,12,14,14,13,12,9,9,12,14,14,13,11,8,9,12,14,14,13,11,8,9
5110,6,8,7,8,6,6,5,6,8,7,8,6,6,5,6,8,7,8,6,6,6
5111,14,14,16,11,10,11,12,14,14,16,11,10,11,12,14,14,16,11,10,11,12
5112,5,5,5,5,4,5,5,5,4,4,4,4,4,4,5,4,4,4,4,4,4
5113,22,18,21,30,23,17,13,22,19,22,30,23,17,13,23,19,22,30,23,17,13
5114,34,37,35,31,29,27,28,32,37,35,33,31,30,33,39,42,39,35,32,31,32
5115,1,1,2,2,2,1,1,1,1,2,2,2,1,1,1,1,2,2,2,1,1
5116,5,5,5,5,5,5,4,5,5,5,5,5,5,4,5,5,5,5,5,5,4
5117,8,8,8,6,6,5,6,8,8,8,6,6,5,6,8,8,8,6,6,5,6
5118,5,5,6,4,4,4,4,5,5,6,4,4,4,4,5,5,6,4,4,4,4
5119,1,1,1,1,1,1,0,1,1,1,1,1,1,0,1,1,1,1,1,1,0
5120,6,7,7,7,6,5,5,6,7,7,6,6,5,5,6,7,7,6,6,5,5
5121,22,28,28,23,21,21,21,23,28,28,23,21,21,22,24,30,29,24,22,21,22
5122,0,0,0,0,0,0,0,0,0,0,0,0,0,0,0,0,0,0,0,0,0
5123,35,37,35,34,31,28,30,39,50,51,49,44,42,47,52,56,54,51,48,50,47
5124,9,11,10,10,8,7,7,9,11,10,10,8,7,7,9,11,10,10,8,7,7
5125,7,8,8,7,6,5,6,7,8,8,7,6,5,6,7,8,9,8,6,5,6
5126,4,6,6,5,4,4,4,4,6,6,5,4,4,4,4,6,6,5,4,4,4
5127,8,8,9,8,7,7,8,8,9,9,8,7,6,7,8,8,9,8,7,6,7
5128,7,8,10,8,8,7,6,7,8,10,7,7,7,6,7,8,9,7,7,7,6
5129,1,1,1,1,1,1,0,1,1,1,1,1,1,0,1,1,1,1,1,1,0
5130,0,0,0,0,0,0,0,0,0,0,0,0,0,0,0,0,0,0,0,0,0
5131,20,25,24,20,19,21,21,20,25,24,20,19,20,21,20,25,24,20,19,20,21
5132,9,9,10,8,7,6,7,9,10,10,8,7,6,7,9,10,10,8,7,6,7
5133,58,71,66,56,49,43,44,60,86,88,77,68,62,65,79,101,97,84,80,83,76
5134,40,37,35,35,32,30,38,44,47,47,46,42,39,46,48,44,42,40,36,35,42
5135,43,44,43,38,33,29,32,38,41,41,36,31,28,31,36,39,39,35,30,28,31
5136,1,1,1,1,1,1,1,1,1,1,1,1,1,1,1,1,1,1,1,1,1
5137,5,5,5,5,4,4,4,4,5,5,5,4,4,4,5,6,6,6,5,5,5
5138,8,8,8,7,6,6,7,8,8,8,7,6,6,7,8,8,8,7,6,6,7
5139,22,25,28,26,24,22,22,26,29,31,26,22,21,22,25,28,29,25,22,22,23
5140,2,2,2,1,1,1,1,2,2,2,1,1,1,2,2,2,2,1,1,1,1
5141,9,8,8,6,5,4,5,7,9,10,8,7,6,7,10,11,11,8,7,7,7
5142,2,1,1,1,1,1,1,1,1,1,1,1,1,1,2,1,1,1,1,1,1
5143,3,3,3,2,2,2,2,3,3,3,2,2,2,2,3,3,3,2,2,2,2
5144,6,7,4,3,4,4,5,6,7,4,3,4,4,5,6,7,4,3,4,4,5
5145,4,4,4,4,4,3,4,4,4,4,4,4,3,4,4,4,4,4,4,3,4
5146,2,2,2,2,2,1,2,2,2,2,1,2,1,1,2,2,2,1,2,1,1
5147,9,9,10,8,8,8,8,10,9,10,8,8,8,8,9,9,10,8,8,8,8
5148,0,0,0,1,0,0,0,0,0,0,1,0,0,0,0,0,0,1,0,0,0
5149,0,0,0,0,0,0,0,0,0,0,0,0,0,0,0,0,0,0,0,0,0
5150,0,0,0,0,0,0,0,0,0,0,0,0,0,0,0,0,0,0,0,0,0
5151,0,0,0,0,0,0,0,0,0,0,0,0,0,0,0,0,0,0,0,0,0
5152,1,2,4,5,6,6,7,8,7,8,8,9,9,8,8,8,8,8,8,8,7
5153,0,0,0,0,0,0,0,0,0,0,0,0,0,0,0,0,0,0,0,0,0
5154,0,0,0,0,0,0,0,0,0,0,0,0,0,0,0,0,0,0,0,0,0
5155,0,0,0,0,0,0,0,0,0,0,0,0,0,0,0,0,0,0,0,0,0
5156,0,0,0,0,0,0,0,0,0,0,0,0,0,0,0,0,0,0,0,0,0
5157,0,0,0,0,0,0,0,0,0,0,0,0,0,0,0,0,0,0,0,0,0
5158,0,0,0,0,0,0,0,0,0,0,0,0,0,0,0,0,0,0,0,0,0
5159,0,0,0,1,1,1,1,0,0,0,0,0,0,0,0,0,0,0,0,0,0
5160,0,0,0,0,0,0,0,0,0,0,0,0,0,0,0,0,0,0,0,0,0
5161,0,0,0,0,0,0,0,0,0,0,0,0,0,0,0,0,0,0,0,0,0
5162,0,0,0,0,0,0,0,0,0,0,0,0,0,0,1,1,1,2,2,2,3
5163,23,25,24,24,23,22,22,28,32,32,30,27,26,27,29,29,28,25,22,22,21
5164,9,11,11,11,9,8,7,9,11,11,11,9,8,7,9,11,11,11,9,8,7
5165,41,43,43,40,37,32,33,41,43,43,40,37,32,33,41,43,43,40,37,32,33
5166,10,12,13,12,11,9,8,10,12,13,12,11,9,8,10,12,13,12,11,9,8
5167,2,3,3,3,2,2,2,2,3,3,3,2,2,2,2,3,3,3,2,2,2
5168,2,2,2,2,2,2,1,2,2,2,2,2,2,1,2,2,2,2,2,2,1
5169,4,5,5,5,4,4,3,4,5,5,5,4,4,3,4,5,5,5,4,4,3
5170,0,0,0,0,0,0,0,0,0,0,0,0,0,0,0,0,0,0,0,0,0
5171,4,4,4,4,3,3,3,4,4,4,4,3,3,3,4,4,4,3,3,2,3
5172,4,4,6,5,4,2,2,4,4,6,5,4,2,2,4,4,6,5,4,2,2
5173,49,49,50,46,40,38,42,49,49,50,46,40,37,42,49,49,50,46,40,37,42
5174,130,123,138,150,129,98,105,130,122,137,150,129,98,104,130,122,137,150,129,98,104
5175,1,1,1,1,1,1,1,1,1,1,1,1,1,1,1,1,1,1,1,1,1
5176,0,0,0,0,0,0,0,0,0,0,0,0,0,0,0,0,0,0,0,0,0
5177,0,0,0,0,0,0,0,0,0,0,0,0,0,0,0,0,0,0,0,0,0
5178,1,1,1,1,1,1,1,1,1,1,1,1,1,1,1,1,1,1,1,1,1
5179,0,0,1,0,0,0,0,0,0,1,0,0,0,0,0,0,1,0,0,0,0
5180,3,3,3,3,3,2,2,3,3,3,3,3,2,2,3,3,3,3,3,2,2
5181,4,5,5,4,3,3,3,4,5,5,4,3,3,3,4,5,5,4,3,3,3
5182,0,0,0,0,0,0,0,0,0,0,0,0,0,0,0,0,0,0,0,0,0
5183,0,0,0,0,0,0,0,0,0,0,0,0,0,0,0,0,0,0,0,0,0
5184,11,12,13,11,11,10,7,11,11,12,11,11,9,7,11,11,12,11,11,9,7
5185,0,0,0,0,0,0,0,0,0,0,0,0,0,0,0,0,0,0,0,0,0
5186,0,0,0,0,0,1,1,1,1,1,0,0,0,0,1,1,0,0,0,0,0
5187,0,0,0,0,0,0,0,0,0,0,0,0,0,0,0,0,0,0,0,0,0
5188,0,0,0,0,0,0,0,0,0,0,0,0,0,0,0,0,0,0,0,0,0
5189,0,0,0,0,0,0,0,0,0,0,0,0,0,0,0,0,0,0,0,0,0
5190,0,0,0,0,0,0,0,0,0,0,0,0,0,0,0,0,0,0,0,0,0
5191,88,64,62,59,48,48,85,86,65,66,62,50,50,87,83,55,53,50,40,43,82
5192,0,0,0,0,0,0,0,0,0,0,0,0,0,0,0,0,0,0,0,0,0
5193,0,0,0,0,0,0,0,0,0,0,0,0,0,0,0,0,0,0,0,0,0
5194,0,0,0,0,0,0,0,0,0,0,0,0,0,0,0,0,0,0,0,0,0
5195,1,0,1,1,1,1,1,1,0,1,1,1,1,1,1,0,1,1,1,1,1
5196,5,5,6,6,6,4,4,5,5,6,6,6,5,4,5,5,6,6,6,5,5
5197,0,0,0,0,0,0,0,0,0,0,0,0,0,0,0,0,0,0,0,0,0
5198,0,0,0,1,1,1,1,1,1,1,1,1,1,1,1,1,1,1,1,1,1
5199,0,0,0,0,0,0,0,0,0,0,0,0,0,0,0,0,0,0,0,0,0
5200,0,0,0,0,0,0,0,0,0,0,0,0,0,0,0,0,0,0,0,0,0
5201,0,0,0,0,0,0,0,0,0,0,0,0,0,0,0,0,0,0,0,0,0
5202,0,0,0,0,0,0,0,0,0,0,0,0,0,0,0,0,0,0,0,0,0
5203,1,1,1,1,1,1,1,1,1,1,1,1,1,1,1,1,1,1,1,1,1
5204,0,0,0,0,0,0,0,0,0,0,0,0,0,0,0,0,0,0,0,0,0
5205,0,0,0,0,0,0,0,0,0,0,0,0,0,0,0,0,0,0,0,0,0
5206,2,2,2,2,2,2,1,2,2,2,2,2,2,1,2,2,2,2,2,2,2
5207,1,1,1,1,1,1,0,1,1,1,1,1,1,0,1,1,1,1,1,1,1
5208,2,2,3,2,2,2,2,2,2,3,2,2,2,2,2,2,3,2,2,2,2
5209,0,0,0,0,0,0,0,0,0,0,0,0,0,0,0,0,0,0,0,0,0
5210,0,0,0,0,0,0,0,0,0,0,0,0,0,0,0,0,0,0,0,0,0
5211,0,0,0,0,0,0,0,0,0,0,0,0,0,0,0,0,0,0,0,0,0
5212,0,0,0,0,0,0,0,0,0,0,0,0,0,0,0,0,0,0,0,0,0
5213,0,1,1,1,1,1,1,1,1,1,1,1,1,1,1,1,1,1,1,1,1
5214,0,0,0,0,0,0,0,0,0,0,0,0,0,0,0,0,0,0,0,0,0
5215,0,0,0,0,0,0,0,0,0,0,0,0,0,0,0,0,0,0,0,0,0
5216,0,0,0,0,0,0,0,0,0,0,0,0,0,0,0,0,0,0,0,0,0
5217,0,0,0,0,0,0,0,0,0,0,0,0,0,0,0,0,0,0,0,0,0
5218,0,0,0,0,0,0,0,0,0,0,0,0,0,0,0,0,0,0,0,0,0
5219,2,2,1,1,1,2,2,2,2,1,1,1,1,2,2,2,1,1,1,1,1
5220,0,0,0,0,0,0,0,0,0,0,0,0,0,0,0,0,0,0,0,0,0
5221,11,12,11,11,9,8,8,11,12,12,11,9,8,8,10,11,12,11,10,9,9
5222,7,6,6,5,5,4,4,5,6,6,6,5,5,5,6,7,8,7,7,6,6
5223,4,3,3,3,3,3,3,4,3,3,3,3,3,3,4,3,3,3,3,3,3
5224,0,0,0,0,0,0,0,0,0,0,0,0,0,0,0,0,0,0,0,0,0
5225,0,0,0,0,0,0,0,0,0,0,0,0,0,0,0,0,0,0,0,0,0
5226,0,0,0,0,0,0,0,0,0,0,0,0,0,0,0,0,0,0,0,0,0
5227,4,4,4,3,3,3,3,4,4,4,3,2,3,3,4,4,4,3,2,3,3
5228,0,1,1,1,1,0,0,0,1,1,1,1,0,0,1,1,1,1,1,0,1
5229,5,6,6,8,7,6,6,5,6,6,8,7,6,6,5,6,6,8,7,6,6
5230,9,9,8,5,4,7,7,9,9,8,5,4,7,8,9,10,9,5,4,7,8
5231,10,9,8,8,6,5,6,7,8,8,8,6,5,6,8,8,8,7,6,5,7
5232,0,0,0,0,0,0,0,0,0,0,0,0,0,0,0,0,0,0,0,0,0
5233,0,0,0,0,0,0,0,0,0,0,0,0,0,0,0,0,0,0,0,0,0
5234,0,0,0,0,0,0,0,0,0,0,0,0,0,0,0,0,0,0,0,0,0
5235,8,9,9,6,6,5,4,6,7,8,7,7,6,5,7,7,8,6,6,5,4
5236,10,10,10,8,8,7,8,10,10,10,9,9,8,9,10,10,9,8,8,7,8
5237,1,1,1,1,1,1,1,1,1,1,1,1,1,1,1,1,1,1,1,1,0
5238,2,1,1,1,1,2,2,2,1,1,1,1,1,2,2,1,1,1,1,1,2
5239,2,2,2,2,2,2,2,2,3,2,2,2,2,2,3,3,2,2,2,2,2
5240,40,43,46,38,29,29,35,40,44,46,38,29,29,35,40,44,46,38,29,29,35
5241,3,3,3,2,2,1,1,3,3,3,2,2,1,1,3,3,3,2,2,1,1
5242,27,29,30,29,23,21,23,28,33,34,32,25,23,24,28,31,32,29,22,21,22
5243,7,7,6,6,6,6,5,6,6,6,6,6,6,5,7,7,6,6,7,7,6
5244,7,7,7,7,6,5,5,6,7,7,7,6,5,5,7,7,8,8,6,5,5
5245,24,25,20,15,13,14,12,20,23,20,15,13,13,11,19,22,20,15,13,14,12
5246,3,5,6,5,4,3,3,4,5,6,5,4,3,2,4,5,6,5,4,3,3
5247,0,1,1,1,0,1,1,1,1,1,1,0,1,1,1,1,1,1,0,1,1
5248,3,3,2,5,7,7,4,3,3,2,5,7,7,4,3,3,2,5,7,7,4
5249,64,81,84,74,67,54,41,59,80,85,75,67,58,48,63,79,82,71,64,60,45
5250,1,2,2,2,1,1,1,1,2,2,2,1,1,1,1,2,2,2,1,1,1
5251,0,0,0,0,0,0,0,1,1,1,1,0,0,0,1,1,1,0,0,0,0
5252,0,0,0,0,0,0,0,0,0,0,0,0,0,0,0,0,0,0,0,0,0
5253,1,1,1,1,1,1,1,1,1,1,1,1,1,1,1,1,1,1,1,1,1
5254,0,0,0,0,0,0,0,0,0,0,0,0,0,0,0,0,0,0,0,0,0
5255,0,0,0,0,0,0,0,0,0,0,0,0,0,0,0,0,0,0,0,0,0
5256,0,0,0,0,0,0,0,0,0,0,0,0,0,0,0,0,0,0,0,0,0
5257,0,0,0,0,0,0,0,0,0,0,0,0,0,0,0,0,0,0,0,0,0
5258,0,0,0,0,0,0,0,0,0,0,0,0,0,0,0,0,0,0,0,0,0
5259,0,0,0,0,0,0,0,0,0,0,0,0,0,0,0,0,0,0,0,0,0
5260,0,0,0,0,0,0,0,0,0,0,0,0,0,0,0,0,0,0,0,0,0
5261,10,6,5,5,3,3,3,5,5,5,5,4,4,4,9,8,6,6,4,4,4
5262,30,33,32,31,28,26,26,28,31,29,29,27,26,26,28,29,28,27,26,25,23
5263,22,22,22,24,22,20,19,24,26,26,26,24,23,22,24,22,21,22,20,20,19
5264,0,0,0,0,0,0,1,0,0,0,0,0,0,1,1,0,0,0,0,0,1
5265,1,1,1,1,1,1,1,1,1,1,1,1,1,1,1,1,1,1,1,1,1
5266,41,46,46,40,33,31,34,41,46,46,40,33,31,34,41,46,46,40,33,31,34
5267,89,99,90,84,71,70,74,89,99,89,83,71,70,74,89,99,89,83,71,70,74
5268,59,55,52,43,39,39,44,56,55,52,44,39,40,44,56,55,53,44,40,40,45
5269,0,0,0,0,0,0,0,0,0,0,0,0,0,0,0,0,0,0,0,0,0
5270,1,2,2,2,2,2,1,2,2,2,2,2,2,1,2,2,2,2,2,2,1
5271,0,0,0,0,0,0,0,0,0,0,0,0,0,0,0,0,0,0,0,0,0
5272,0,0,0,0,0,0,0,0,0,0,0,0,0,0,0,0,0,0,0,0,0
5273,0,0,0,0,0,0,0,0,0,0,0,0,0,0,0,0,0,0,0,0,0
5274,0,0,0,0,0,0,0,0,0,0,0,0,0,0,0,0,0,0,0,0,0
5275,0,0,0,0,0,0,0,0,0,0,0,0,0,0,0,0,0,0,0,0,0
5276,0,0,0,0,0,0,0,0,0,0,0,0,0,0,0,0,0,0,0,0,0
5277,0,0,0,0,0,0,0,0,0,0,0,0,0,0,0,0,0,0,0,0,0
5278,9,9,8,8,7,6,7,8,9,8,8,7,6,7,8,8,7,7,7,6,6
5279,21,22,23,20,17,15,15,20,22,23,20,18,15,16,22,24,23,20,18,15,15
5280,17,16,15,15,12,10,11,15,19,20,18,14,12,13,16,17,16,15,13,11,12
5281,3,3,3,3,2,2,2,3,3,3,3,2,2,2,3,3,3,3,2,2,2
5282,15,16,15,14,12,11,12,16,19,18,15,12,10,11,14,15,15,14,12,11,11
5283,12,13,12,10,9,8,9,12,15,15,12,10,8,9,11,12,12,10,9,8,8
5284,3,3,3,4,3,3,3,3,3,4,4,3,3,3,3,3,3,3,3,3,2
5285,61,72,74,68,60,52,52,63,75,77,70,58,50,50,59,69,69,63,53,48,48
5286,9,9,9,8,8,7,7,9,10,10,9,8,6,6,8,9,9,8,8,7,6
5287,59,65,68,64,59,50,49,62,66,64,56,49,40,42,55,58,59,53,51,46,45
5288,77,92,95,87,76,66,66,78,93,95,86,72,62,63,72,84,88,82,72,65,66
5289,30,33,33,30,27,24,25,29,32,31,28,25,21,22,25,27,28,25,23,22,22
5290,25,28,28,28,27,23,23,28,32,31,29,25,22,22,25,28,27,25,24,22,20
5291,4,4,4,4,4,3,3,3,4,4,4,3,3,3,3,4,4,4,3,3,3
5292,23,25,26,24,23,19,20,23,25,25,23,20,17,18,20,20,21,20,19,17,17
5293,26,28,27,26,24,21,21,25,28,26,23,19,17,19,22,24,22,20,18,17,17
5294,15,16,16,16,15,14,14,17,18,17,15,12,11,12,14,15,14,13,11,12,11
5295,23,23,23,22,20,18,18,22,22,21,18,14,13,13,17,18,18,17,15,15,15
5296,26,25,21,18,18,17,18,24,24,19,14,12,11,14,18,18,17,16,17,19,18
5297,1,1,0,0,0,0,0,0,0,0,0,0,0,0,0,0,0,0,0,0,0
5298,6,7,8,9,8,6,5,6,7,8,9,8,6,5,6,7,8,9,8,6,5
5299,2,2,2,2,2,2,1,2,2,2,2,2,2,1,2,2,2,2,2,2,1
5300,2,2,2,3,2,2,2,2,2,2,3,2,2,2,2,2,2,3,2,2,2
5301,9,8,10,10,10,8,8,9,8,9,9,9,7,8,9,8,9,9,9,7,8
5302,0,1,0,1,0,0,0,0,1,0,1,0,0,0,0,1,0,1,0,0,0
5303,0,0,0,0,0,0,0,0,0,0,0,0,0,0,0,0,0,0,0,0,0
5304,0,0,0,0,0,0,0,0,0,0,0,0,0,0,0,0,0,0,0,0,0
5305,0,0,0,0,0,0,0,0,0,0,0,0,0,0,0,0,0,0,0,0,0
5306,0,0,0,0,0,0,0,1,0,0,0,0,0,0,0,0,0,0,0,0,0
5307,0,0,0,0,0,0,0,0,0,0,0,0,0,0,0,0,0,0,0,0,0
5308,0,0,0,0,0,0,0,0,0,0,0,0,0,0,0,0,0,0,0,0,0
5309,0,0,0,0,0,0,0,0,0,0,0,0,0,0,0,0,0,0,0,0,0
5310,0,0,0,0,1,1,1,0,0,0,0,1,1,1,0,0,0,0,1,1,1
5311,0,0,1,1,1,1,1,1,1,1,1,1,1,1,1,1,1,1,1,1,1
5312,1,2,2,2,2,2,1,1,2,2,2,2,1,1,2,2,2,2,2,2,1
5313,0,0,0,0,0,0,0,0,0,0,0,0,0,0,0,0,0,0,0,0,0
5314,0,0,0,0,0,0,0,0,0,0,0,0,0,0,0,0,0,0,0,0,0
5315,0,0,0,0,0,0,0,0,0,0,0,0,0,0,0,0,0,0,0,0,0
5316,2,3,3,2,2,2,2,2,3,3,2,2,2,2,2,3,3,2,2,2,2
5317,1,1,1,1,1,1,1,1,1,1,1,1,1,1,1,1,1,1,1,1,1
5318,3,2,2,2,1,1,2,2,2,2,2,1,1,1,2,2,2,2,1,1,2
5319,0,0,0,0,0,0,0,0,0,0,0,0,0,0,0,0,0,0,0,0,0
5320,0,0,0,0,0,0,0,0,0,0,0,0,0,0,0,0,0,0,0,0,0
5321,1,1,1,1,1,1,1,1,1,1,1,1,1,1,1,1,1,1,1,1,1
5322,0,0,0,0,0,0,0,0,0,0,0,0,0,0,0,0,0,0,0,0,0
5323,3,4,4,3,3,3,2,3,3,4,3,3,3,3,3,3,4,3,3,3,2
5324,3,3,3,2,2,2,2,3,3,3,2,2,2,2,3,3,3,2,2,2,2
5325,0,0,0,0,0,0,0,0,0,0,0,0,0,0,0,0,0,0,0,0,0
5326,0,0,0,0,0,0,0,0,0,0,0,0,0,0,0,0,0,0,0,0,0
5327,0,0,0,0,0,0,0,0,0,0,0,0,0,0,0,0,0,0,0,0,0
5328,0,0,0,0,0,0,0,0,0,0,0,0,0,0,0,0,0,0,0,0,0
5329,0,0,0,0,0,0,0,0,0,0,0,0,0,0,0,0,0,0,0,0,0
5330,1,1,2,2,2,1,1,1,1,2,2,2,2,1,1,2,2,2,2,2,1
5331,3,4,4,4,4,3,3,3,4,4,4,4,3,3,3,4,4,4,4,3,3
5332,1,1,0,0,1,1,1,1,1,0,0,1,1,1,1,1,0,0,1,1,1
5333,20,22,22,21,19,17,17,21,24,25,21,17,16,16,19,21,21,19,16,16,17
5334,12,12,11,11,11,12,13,16,18,17,15,13,12,12,12,11,11,9,8,9,9
5335,22,23,23,20,18,17,18,23,25,25,22,19,18,20,21,19,19,15,13,13,15
5336,0,0,0,0,0,0,0,0,0,0,0,0,0,0,0,0,0,0,0,0,0
5337,7,7,7,7,6,5,5,6,7,7,7,6,5,5,6,7,7,7,6,6,6
5338,0,0,0,0,0,0,0,0,0,0,0,0,0,0,0,0,0,0,0,0,0
5339,5,5,5,4,4,4,4,5,5,5,4,4,4,4,5,5,5,4,4,4,4
5340,4,3,2,2,2,2,2,3,3,2,2,2,2,3,4,4,3,3,3,3,3
5341,5,5,5,5,4,3,4,5,5,5,5,4,4,4,5,5,6,5,4,4,4
5342,0,0,0,0,0,0,0,0,0,0,0,0,0,0,0,0,0,0,0,0,0
5343,0,0,0,0,0,0,0,0,0,0,0,0,0,0,0,0,0,0,0,0,0
5344,0,1,1,1,1,1,0,1,1,1,1,1,1,0,1,1,1,1,1,1,1
5345,0,0,0,0,0,0,0,0,0,0,0,0,0,0,0,0,0,0,0,0,0
5346,0,0,0,0,0,0,0,0,0,0,0,0,0,0,0,0,0,0,0,0,0
5347,14,16,15,14,13,11,12,14,16,15,14,13,11,12,14,16,15,14,13,11,12
5348,2,2,2,2,2,2,2,2,2,2,2,2,2,2,2,2,2,2,2,2,2
5349,17,16,15,13,12,11,13,16,16,15,13,13,11,13,16,16,15,14,13,12,13
5350,38,36,30,30,30,29,28,34,30,24,25,26,29,32,32,25,20,24,29,32,30
5351,29,29,29,30,27,28,28,31,30,29,27,23,24,25,27,26,25,24,21,22,23
5352,79,81,76,68,63,58,64,76,80,80,71,64,60,68,74,71,67,59,55,55,63
5353,7,7,7,6,5,4,4,6,6,7,6,5,4,5,6,7,7,6,5,5,5
5354,71,75,71,63,57,54,62,71,70,62,53,47,45,52,59,60,61,58,60,59,58
5355,3,3,3,3,3,2,3,3,3,3,3,3,2,2,3,3,3,3,3,2,3
5356,8,7,7,7,6,6,6,7,7,7,7,6,6,6,7,7,7,7,6,6,5
5357,8,9,8,7,6,7,8,8,9,8,7,6,7,8,8,9,8,7,6,7,8
5358,2,3,2,2,1,1,2,2,3,2,2,1,1,2,2,3,2,2,1,1,2
5359,8,8,8,8,7,7,7,8,9,8,8,7,7,7,8,9,8,8,7,7,7
5360,20,19,20,17,16,14,14,18,19,19,17,16,14,15,20,19,20,17,16,14,14
5361,0,0,0,0,0,0,0,0,0,0,0,0,0,0,0,0,0,0,0,0,0
5362,0,0,0,0,0,0,0,0,0,0,0,0,0,0,0,0,0,0,0,0,0
5363,0,0,0,0,0,0,0,0,0,0,0,0,0,0,0,0,0,0,0,0,0
5364,26,26,26,23,21,20,21,25,27,27,24,22,21,22,27,29,28,25,24,22,22
5365,0,0,0,0,0,0,0,0,0,0,0,0,0,0,0,0,0,0,0,0,0
5366,0,0,0,0,0,0,0,0,0,0,0,0,0,0,0,0,0,0,0,0,0
5367,3,3,3,3,2,3,3,3,3,3,3,2,3,3,3,3,3,3,2,3,3
5368,1,1,1,1,1,1,1,1,1,1,1,1,1,1,1,1,1,1,1,1,1
5369,1,1,1,1,1,1,1,1,1,1,1,1,1,1,1,1,1,1,1,1,1
5370,3,2,2,2,2,2,2,2,2,2,2,2,2,1,2,1,1,1,1,1,1
5371,0,0,0,0,0,0,0,0,0,0,0,0,0,0,0,0,0,0,0,0,0
5372,1,1,0,1,0,0,0,1,1,0,1,0,0,0,1,1,0,0,0,0,0
5373,0,0,0,0,0,0,0,0,0,0,0,0,0,0,0,0,0,0,0,0,0
5374,1,1,1,1,1,0,1,1,1,1,1,0,0,0,1,0,0,0,0,0,0
5375,0,0,0,0,0,0,0,0,0,0,0,0,0,0,0,0,0,0,0,0,0
5376,0,0,0,0,0,0,0,0,0,0,0,0,0,0,0,0,0,0,0,0,0
5377,0,0,0,0,0,0,0,0,0,0,0,0,0,0,0,0,0,0,0,0,0
5378,0,0,0,0,0,0,0,0,0,0,0,0,0,0,0,0,0,0,0,0,0
5379,0,0,0,0,0,0,0,0,0,0,0,0,0,0,0,0,0,0,0,0,0
5380,0,0,0,0,0,0,0,0,0,0,0,0,0,1,1,1,1,1,1,1,1
5381,0,0,0,0,0,0,0,0,0,0,0,0,0,0,0,0,0,0,0,0,0
5382,0,0,0,0,0,0,0,0,0,0,0,0,0,0,0,0,0,0,0,0,0
5383,0,0,0,0,0,0,0,0,0,0,0,0,0,0,0,0,0,0,0,0,0
5384,0,0,0,0,0,0,0,0,0,0,0,0,0,0,0,0,0,0,0,0,0
5385,0,0,0,0,0,0,0,0,0,0,0,0,0,0,0,0,0,0,0,0,0
5386,0,0,0,0,0,0,0,0,0,0,0,0,0,0,0,0,0,0,0,0,0
5387,0,0,0,0,0,0,0,0,0,0,0,0,0,0,0,0,0,0,0,0,0
5388,0,0,0,0,0,0,0,0,0,0,0,0,0,0,0,0,0,0,0,0,0
5389,0,0,0,0,0,0,0,0,0,0,0,0,0,0,0,0,0,0,0,0,0
5390,0,0,0,0,0,0,0,0,0,0,0,0,0,0,0,0,0,0,0,0,0
5391,3,3,2,2,1,1,1,2,3,3,2,2,2,2,2,2,2,2,2,2,2
5392,0,0,0,0,0,0,0,0,0,0,0,0,0,0,0,0,0,0,0,0,0
5393,0,0,0,0,0,0,0,0,0,0,0,0,0,0,0,0,0,0,0,0,0
5394,0,0,0,0,0,0,0,0,0,0,0,0,0,0,0,0,0,0,0,0,0
5395,1,0,0,0,0,0,0,1,0,0,0,0,0,1,1,1,1,0,1,0,1
5396,0,0,0,0,0,0,0,0,0,0,0,0,0,0,0,0,0,0,0,0,0
5397,1,0,0,0,0,0,0,1,0,0,0,0,0,0,1,0,0,0,0,0,0
5398,1,1,1,1,1,1,1,1,1,1,1,1,1,1,1,1,1,1,1,1,1
5399,2,1,1,1,0,0,0,0,1,1,1,1,1,1,1,1,1,1,1,1,1
5400,1,1,1,1,1,1,1,1,1,1,1,1,1,1,1,1,1,1,1,1,1
5401,1,1,1,1,0,1,1,1,1,1,1,0,1,1,1,1,1,1,0,1,1
5402,0,0,0,0,0,0,0,0,0,0,0,0,0,0,0,0,0,0,0,0,1
5403,0,0,0,0,0,0,0,0,0,0,0,0,0,0,0,0,0,0,0,0,0
5404,0,0,0,0,0,0,0,0,0,0,0,0,0,0,0,0,0,0,0,0,0
5405,0,0,0,0,0,0,0,0,0,0,0,0,0,0,0,0,0,0,0,0,0
5406,0,0,0,0,0,0,0,0,0,0,0,0,0,0,0,0,0,0,0,0,0
5407,3,3,4,3,3,2,2,3,3,4,3,3,2,2,3,3,4,3,3,2,2
5408,0,0,0,0,0,0,0,0,0,0,0,0,0,0,0,0,0,0,0,0,0
5409,1,1,1,1,1,1,1,1,1,1,1,1,1,1,1,1,1,1,1,1,1
5410,2,2,2,1,1,1,1,1,1,1,1,1,1,1,1,1,1,1,1,1,2
5411,0,0,0,0,0,0,0,0,0,0,0,0,0,0,0,0,0,0,0,0,0
5412,0,0,0,0,0,0,0,0,0,0,0,0,0,0,0,0,0,0,0,0,0
5413,0,0,0,0,0,0,0,0,0,0,0,0,0,0,0,0,0,0,0,0,0
5414,0,0,0,0,0,0,0,0,0,0,0,0,0,0,0,0,0,0,0,0,0
5415,0,0,0,0,0,0,0,0,0,0,0,0,0,0,0,0,0,0,0,0,0
5416,4,4,3,3,3,3,3,4,3,3,3,3,3,3,4,3,3,2,3,3,3
5417,10,10,8,9,8,7,7,7,9,9,10,8,7,8,8,9,7,8,7,6,7
5418,1,1,1,1,1,1,1,1,1,1,1,1,1,1,1,1,1,1,1,1,1
5419,1,1,1,1,1,1,1,1,1,1,1,1,1,1,1,1,1,1,1,1,1
5420,0,1,1,1,1,1,0,0,0,0,0,0,0,0,0,0,0,0,0,0,0
5421,0,0,0,0,0,0,0,0,0,0,0,0,0,0,0,0,0,0,1,1,1
5422,4,3,3,3,3,3,4,4,3,3,3,3,3,4,4,3,3,3,3,3,4
5423,0,0,0,0,0,0,0,0,0,0,0,0,0,0,0,0,0,0,0,0,0
5424,11,12,12,10,9,8,9,11,13,13,12,10,9,10,12,13,12,10,9,8,8
5425,0,0,0,0,0,0,0,0,0,0,0,0,0,0,0,0,0,0,0,0,0
5426,1,1,2,2,2,2,1,1,1,2,2,2,2,1,1,1,2,2,2,2,1
5427,11,13,11,10,8,7,6,8,12,12,11,9,9,8,10,13,12,11,9,8,7
5428,2,2,2,2,1,1,2,2,2,2,2,1,1,2,2,2,2,2,2,1,2
5429,0,0,0,0,0,0,0,0,0,0,0,0,0,0,0,0,0,0,0,0,0
5430,0,0,0,0,0,0,0,0,0,0,0,0,0,0,0,0,0,0,0,0,0
5431,1,2,2,1,1,1,1,2,2,2,1,1,1,1,2,2,1,1,1,1,1
5432,0,0,0,0,0,0,0,0,0,0,0,0,0,0,0,0,0,0,0,0,0
5433,0,1,1,1,1,1,1,1,1,1,1,1,1,1,1,1,1,1,1,1,1
5434,0,0,0,0,0,0,0,0,0,0,0,0,0,0,0,0,0,0,0,0,0
5435,0,0,0,0,0,0,0,0,0,0,0,0,0,0,0,0,0,0,0,0,0
5436,0,0,0,0,0,0,0,0,0,0,0,0,0,0,0,0,0,0,0,0,0
5437,0,0,0,0,0,0,0,0,0,0,0,0,0,0,0,0,0,0,0,0,0
5438,0,0,0,0,0,0,0,0,0,0,0,0,0,0,0,0,0,0,0,0,0
5439,0,0,0,0,0,0,0,0,0,0,0,0,0,0,0,0,0,0,0,0,0
5440,0,0,0,0,0,0,0,0,0,0,0,0,0,0,0,0,0,0,0,0,0
5441,0,0,0,0,0,0,0,0,0,0,0,0,0,0,0,0,0,0,0,0,0
5442,1,1,1,1,1,1,1,1,1,1,1,1,1,1,1,1,1,0,0,0,1
5443,0,0,0,0,0,0,0,0,0,0,0,0,0,0,0,0,0,0,0,0,0
5444,0,0,0,0,0,0,0,0,0,0,0,0,0,0,0,0,0,0,0,0,0
5445,5,5,5,5,5,4,4,4,5,5,5,4,4,4,4,5,5,5,5,4,4
5446,0,0,0,0,0,0,0,0,0,0,0,0,0,0,0,0,0,0,0,0,0
5447,1,1,1,1,0,0,1,1,1,1,1,0,0,1,1,1,1,1,0,0,1
5448,0,0,0,0,0,0,0,0,0,0,0,0,0,0,0,0,0,0,0,0,0
5449,0,0,0,0,0,0,0,0,0,0,0,0,0,0,0,0,0,0,0,0,0
5450,3,3,3,2,2,2,2,3,3,3,2,2,2,2,3,3,3,2,2,2,2
5451,3,3,3,3,3,3,3,3,3,3,3,3,3,3,3,3,3,3,3,3,3
5452,0,0,0,0,0,0,0,0,0,0,0,0,0,0,0,0,0,0,0,0,0
5453,5,5,5,5,5,4,4,4,4,5,6,5,4,4,4,5,5,6,6,5,4
5454,7,8,9,10,11,10,9,11,14,15,17,17,17,17,17,18,17,17,17,17,15
5455,2,2,2,1,1,1,1,2,2,2,1,1,1,1,2,2,2,2,1,1,1
5456,3,3,3,3,3,3,3,3,3,3,3,3,3,3,3,3,3,3,3,3,3
5457,0,1,0,0,0,1,0,0,1,0,0,0,1,0,0,1,0,0,0,1,0
5458,0,0,0,0,0,0,0,0,0,0,0,0,0,0,0,0,0,0,0,0,0
5459,0,0,0,0,0,0,0,0,0,0,0,0,0,0,0,0,0,0,0,0,0
5460,0,0,0,0,0,0,0,0,0,0,0,0,0,0,0,0,0,0,0,0,0
5461,0,0,0,0,0,0,0,0,0,0,0,0,0,0,0,0,0,0,0,0,0
5462,0,0,0,0,0,0,0,0,0,0,0,0,0,0,0,0,0,0,0,0,0
5463,6,6,6,6,7,6,7,6,6,6,6,7,6,7,6,6,6,6,7,6,7
5464,10,11,10,8,4,5,6,10,11,10,8,4,5,6,10,11,10,8,4,5,6
5465,0,0,0,0,0,0,0,0,0,0,0,0,0,0,0,0,0,0,0,0,0
5466,0,0,0,0,0,0,0,0,0,0,0,0,0,0,0,0,0,0,0,0,0
5467,0,0,0,0,0,0,0,0,0,0,0,0,0,0,0,0,0,0,0,0,0
5468,17,17,15,16,14,11,12,17,17,15,16,14,11,12,17,17,15,16,14,11,12
5469,0,0,1,1,1,1,1,1,1,1,1,1,1,1,1,1,1,1,1,1,1
5470,0,0,0,0,0,0,0,0,0,0,0,0,0,0,0,0,0,0,0,0,0
5471,0,0,1,0,0,0,0,0,0,1,0,0,0,0,0,0,1,0,0,0,0
5472,0,0,0,0,0,0,0,0,0,0,0,0,0,0,0,0,0,0,0,0,0
5473,1,1,1,1,0,0,0,1,1,1,1,0,0,0,1,1,1,1,0,0,0
5474,4,6,6,4,4,3,4,4,6,5,4,4,3,3,4,6,5,4,4,3,3
5475,0,0,0,0,0,0,0,0,0,0,0,0,0,0,0,0,0,0,0,0,0
5476,2,3,3,3,2,2,2,2,3,3,3,2,2,2,2,3,3,3,2,2,2
5477,0,0,0,0,0,0,0,0,0,0,0,0,0,0,0,0,0,0,0,0,0
5478,0,0,0,0,0,0,0,0,0,0,0,0,0,0,0,0,0,0,0,0,0
5479,11,10,11,11,8,9,10,11,10,11,11,8,8,10,11,10,11,11,8,8,10
5480,26,28,29,24,20,19,20,26,28,29,24,20,19,20,26,28,29,24,20,19,20
5481,7,7,7,6,6,5,6,7,7,7,6,6,5,6,7,7,7,6,6,5,6
5482,10,9,11,10,9,7,7,9,9,10,10,9,7,7,9,9,10,10,9,7,7
5483,2,2,2,2,2,2,2,2,2,2,2,2,2,2,2,2,2,2,2,2,2
5484,23,23,24,23,21,20,19,22,23,25,24,22,21,20,22,23,24,23,21,21,20
5485,1,1,1,2,1,1,1,1,1,1,2,1,1,1,1,2,1,2,1,1,1
5486,2,2,2,2,2,2,1,2,2,2,2,2,2,1,2,1,1,2,2,2,1
5487,0,0,1,1,0,1,1,1,1,1,0,0,0,0,1,1,1,0,0,0,0
5488,1,1,1,1,1,1,1,1,2,1,1,1,1,1,2,2,1,1,1,1,1
5489,0,0,0,0,0,0,0,0,0,0,0,0,0,0,0,0,0,0,0,0,0
5490,0,0,0,0,0,0,0,0,0,0,0,0,0,0,0,0,0,0,0,0,0
5491,0,0,0,0,0,0,0,0,0,0,0,0,0,0,0,0,0,0,0,0,0
5492,0,0,0,0,0,0,0,0,0,0,0,0,0,0,0,0,0,0,0,0,0
5493,3,3,3,2,2,2,2,2,3,2,2,2,2,2,3,3,3,2,2,2,2
5494,5,5,4,4,4,3,3,4,4,4,4,4,4,4,5,5,5,4,4,4,5
5495,1,1,1,1,1,0,0,1,1,1,1,0,0,0,1,1,1,1,0,0,0
5496,3,4,4,4,4,3,3,3,4,4,4,4,3,3,4,5,4,4,4,3,4
5497,60,69,72,68,60,54,56,70,81,82,74,62,54,53,60,64,65,61,52,48,47
5498,8,10,11,8,7,5,6,8,10,11,8,7,5,6,8,10,11,8,7,5,6
5499,4,5,5,5,4,4,4,5,6,6,5,4,4,4,5,6,6,5,4,4,4
5500,5,6,7,6,5,4,4,5,6,7,6,5,4,4,5,6,7,6,5,4,4
5501,25,27,28,26,23,19,18,21,23,24,23,21,20,21,25,26,27,26,24,22,22
5502,4,5,5,5,5,4,4,5,5,5,5,5,4,4,5,5,5,5,5,4,4
5503,20,22,24,23,19,17,17,20,22,24,23,19,17,17,20,22,24,23,19,16,17
5504,25,30,31,27,22,19,19,25,30,31,27,22,19,19,25,29,31,27,22,19,19
5505,12,14,15,14,12,11,11,12,14,15,14,12,11,11,12,14,15,14,12,11,11
5506,4,4,5,5,5,4,3,4,4,5,5,5,4,3,4,4,5,5,5,4,3
5507,5,5,5,6,6,6,5,5,5,5,6,6,6,5,5,5,5,6,6,6,5
5508,4,5,5,5,4,4,3,4,5,5,5,4,4,3,4,5,5,5,4,4,3
5509,2,3,3,3,3,2,2,2,3,3,3,3,2,2,2,3,3,3,3,2,2
5510,4,4,4,4,4,3,3,4,4,4,4,4,3,3,4,4,4,4,4,3,3
5511,0,0,0,0,0,0,0,0,0,0,0,0,0,0,0,0,0,0,0,0,0
5512,0,0,0,0,0,0,0,0,0,0,0,0,0,0,0,0,0,0,0,0,0
5513,0,0,0,0,0,0,0,0,0,0,0,0,0,0,0,0,0,0,0,0,0
5514,0,0,0,0,0,0,0,0,0,0,0,0,0,0,0,0,0,0,0,0,0
5515,0,0,0,0,0,0,0,0,0,0,0,0,0,0,0,0,0,0,0,0,0
5516,0,0,0,0,0,0,0,0,0,0,0,0,0,0,0,0,0,0,0,0,0
5517,0,0,0,0,0,0,0,0,0,0,0,0,0,0,0,0,0,0,0,0,0
5518,1,1,1,1,1,1,1,1,1,1,1,1,1,1,1,1,1,1,1,1,1
5519,1,1,1,1,1,1,1,1,1,1,1,1,1,1,1,1,1,1,1,1,1
5520,11,10,9,6,6,6,7,10,10,9,6,6,6,7,10,10,9,6,5,6,7
5521,0,0,0,0,0,0,0,0,0,0,0,0,0,0,0,0,0,0,0,0,0
5522,8,10,10,10,8,5,6,7,10,10,10,7,5,6,7,10,10,10,8,6,7
5523,4,4,4,3,3,3,5,5,5,4,3,3,3,5,5,5,5,3,3,3,5
5524,0,0,0,0,0,0,0,0,0,0,0,0,0,0,0,0,0,0,0,0,0
5525,16,15,14,11,9,10,11,16,15,13,11,9,10,10,15,14,13,11,9,10,10
5526,0,0,0,0,0,0,0,0,0,0,0,0,0,0,0,0,0,0,0,0,0
5527,3,5,6,7,4,2,1,3,5,5,7,4,1,1,3,5,6,7,4,1,1
5528,0,0,0,0,0,0,0,0,0,0,0,0,0,0,0,0,0,0,0,0,0
5529,1,1,1,2,2,2,1,1,1,1,2,2,2,1,1,1,1,2,2,2,1
5530,2,3,2,3,2,2,2,2,3,2,3,2,2,2,2,3,2,3,2,2,2
5531,0,0,0,0,0,0,0,0,0,0,0,0,0,0,0,0,0,0,0,0,0
5532,0,0,0,0,0,0,0,0,0,0,0,0,0,0,0,0,0,0,0,0,0
5533,0,0,0,0,0,0,0,0,0,0,0,0,0,0,0,0,0,0,0,0,0
5534,0,0,0,0,0,0,0,0,0,0,0,0,0,0,0,0,0,0,0,0,0
5535,0,0,0,0,0,0,0,0,0,0,0,0,0,0,0,0,0,0,0,0,0
5536,3,3,3,3,2,2,2,3,3,3,3,2,2,2,3,3,3,3,2,2,2
5537,4,7,7,6,4,3,3,5,7,7,6,3,3,3,5,8,7,6,3,3,3
5538,33,37,38,39,34,31,31,38,42,42,40,34,32,32,36,36,34,32,28,28,27
5539,3,3,3,3,3,3,3,3,4,4,4,3,3,3,4,4,4,4,3,3,3
5540,3,4,3,3,2,2,2,4,4,4,3,2,2,2,4,4,4,3,2,2,2
5541,1,1,1,1,1,1,1,1,1,1,1,1,1,1,1,1,1,1,1,1,1
5542,2,3,4,5,5,6,6,7,7,7,7,7,7,7,7,8,6,6,5,5,5
5543,3,3,3,3,2,2,2,3,3,3,3,2,2,2,3,3,3,3,2,2,2
5544,21,23,21,19,16,14,14,18,20,20,18,16,14,14,18,20,20,19,16,15,15
5545,1,1,2,1,1,1,1,1,1,2,1,1,1,1,1,1,2,1,1,1,1
5546,0,0,0,0,0,0,0,0,0,0,0,0,0,0,0,0,0,0,0,0,0
5547,0,0,0,0,0,0,0,0,0,0,0,0,0,0,0,0,0,0,0,0,0
5548,6,6,5,4,4,3,3,4,4,4,4,3,3,4,5,5,4,4,4,4,4
5549,3,4,4,4,4,4,3,3,4,4,4,4,4,3,3,4,3,3,4,4,3
5550,1,1,1,1,1,1,0,0,0,1,1,1,0,0,0,0,1,1,1,0,0
5551,3,3,3,3,3,3,3,3,4,3,3,3,2,3,3,4,3,3,2,2,3
5552,4,3,3,3,2,2,3,3,3,3,2,2,2,3,3,3,3,2,2,2,3
5553,12,10,9,9,9,9,10,12,12,11,11,10,10,10,11,9,8,8,8,8,9
5554,3,3,3,2,2,2,2,3,3,3,2,2,2,2,3,3,3,2,2,2,2
5555,20,19,16,14,13,11,14,17,17,15,14,13,12,15,18,17,15,14,13,12,14
5556,1,1,1,1,1,1,1,1,1,1,1,1,1,1,1,1,1,1,1,1,1
5557,1,1,1,1,1,2,1,1,1,1,1,1,2,1,1,1,1,1,1,2,1
5558,1,1,1,1,1,1,1,1,1,1,1,1,1,1,1,1,1,1,1,1,1
5559,0,0,0,0,0,0,0,1,1,0,0,0,0,0,1,1,1,0,0,0,1
5560,0,0,0,0,0,0,0,0,0,0,0,0,0,0,0,0,0,0,0,0,0
5561,0,0,0,0,0,0,0,0,0,0,0,0,0,0,0,0,0,0,0,0,0
5562,0,0,0,0,0,0,0,0,0,0,0,0,0,0,0,0,0,0,0,0,0
5563,0,0,0,0,0,0,0,0,0,0,0,0,0,0,0,0,0,0,0,0,0
5564,0,0,0,0,0,0,0,0,0,0,0,0,0,0,0,0,0,0,0,0,0
5565,0,0,0,0,0,0,0,0,0,0,0,0,0,0,0,0,0,0,0,0,0
5566,0,0,0,0,0,0,0,0,1,1,1,1,1,1,1,1,1,1,1,1,1
5567,0,0,0,0,0,0,0,0,0,0,0,0,0,0,0,0,0,0,0,0,0
5568,0,0,0,0,0,0,0,0,0,0,0,0,0,1,2,2,2,1,1,2,2
5569,1,1,1,1,1,1,1,1,1,1,1,1,1,1,1,1,1,1,1,1,1
5570,0,0,0,0,0,0,0,0,0,0,0,0,0,0,0,0,0,0,0,0,0
5571,0,0,0,0,0,0,0,0,0,0,0,0,0,0,0,0,0,0,0,0,0
5572,0,0,0,0,0,0,0,0,0,0,0,0,0,0,0,0,0,0,0,0,0
5573,1,0,0,1,0,0,1,1,0,0,1,0,0,1,1,1,1,1,0,0,1
5574,0,0,0,0,0,0,0,0,0,0,0,0,0,0,0,0,0,0,0,0,0
5575,0,0,0,0,0,0,0,0,0,0,0,0,0,0,0,0,0,0,0,0,0
5576,0,0,0,0,0,0,0,0,0,0,0,0,0,0,0,0,0,0,0,0,0
5577,9,9,11,8,9,6,8,9,9,11,8,9,6,8,9,9,11,8,9,6,8
5578,14,14,14,14,13,12,12,14,14,14,14,13,12,12,14,14,14,14,13,12,12
5579,0,0,0,0,0,0,0,0,0,0,0,0,0,0,0,0,0,0,0,0,0
5580,9,7,5,7,6,8,9,9,7,5,7,6,8,9,9,7,5,7,6,8,9
5581,0,0,0,0,0,0,0,0,0,0,0,0,0,0,0,0,0,1,1,1,1
5582,0,0,0,0,0,0,0,0,0,0,0,0,0,0,0,0,0,0,0,0,0
5583,0,0,0,0,0,0,0,0,0,0,0,0,0,0,0,0,0,0,0,0,0
5584,1,1,1,1,1,1,1,1,1,1,1,1,1,1,1,1,1,1,1,1,1
5585,1,1,1,0,0,0,0,1,1,1,0,0,0,0,0,0,0,0,0,0,0
5586,0,0,0,0,0,0,0,0,0,0,0,0,0,0,0,0,0,0,0,0,0
5587,1,1,0,0,0,0,0,1,0,0,0,0,0,0,1,0,0,0,0,0,0
5588,1,0,0,0,0,0,0,0,0,0,0,0,0,0,0,0,0,0,0,0,0
5589,4,4,5,5,4,4,4,4,4,5,5,4,4,4,4,4,5,5,4,4,4
5590,1,1,1,1,1,1,1,1,1,2,2,2,2,2,3,3,3,3,3,3,4
5591,0,0,0,0,0,0,0,0,0,0,0,0,0,0,0,0,0,0,0,0,0
5592,0,0,0,0,0,0,0,0,0,0,0,0,0,0,0,0,0,0,0,0,0
5593,0,0,0,0,0,0,0,0,0,0,0,0,0,0,0,0,0,0,0,0,0
5594,0,0,0,0,0,0,0,0,0,0,0,0,0,0,0,0,0,0,0,0,0
5595,0,0,0,0,0,0,0,0,0,0,0,0,0,0,0,0,0,0,0,0,0
5596,0,0,0,0,0,0,0,0,0,0,0,0,0,0,0,0,0,0,0,0,0
5597,5,5,5,4,4,4,5,5,5,4,4,4,4,5,5,5,4,4,4,4,5
5598,5,6,5,5,4,4,4,4,5,4,4,3,3,3,4,5,4,4,4,3,3
5599,0,0,0,0,0,0,0,0,0,0,0,0,0,0,0,0,0,0,0,0,0
5600,1,1,1,1,1,1,1,1,2,2,2,1,1,2,2,2,2,2,2,2,2
5601,1,1,1,1,1,1,1,1,1,1,1,1,1,1,1,1,1,1,1,1,1
5602,3,3,2,2,2,2,3,3,2,2,3,3,3,3,3,3,3,3,3,3,3
5603,0,0,0,0,0,0,0,0,0,0,0,0,0,0,0,0,0,0,0,0,0
5604,4,3,3,3,2,2,2,3,3,3,2,2,2,2,3,3,3,3,2,2,3
5605,0,0,0,0,0,0,0,0,0,0,0,0,0,0,0,0,0,0,0,0,0
5606,1,1,1,1,1,1,1,1,1,1,1,1,1,1,1,1,1,1,1,1,1
5607,3,3,3,3,3,2,2,3,3,4,4,3,2,2,3,3,4,3,3,2,2
5608,0,0,0,0,0,0,0,0,0,0,0,0,0,0,0,0,0,0,0,0,0
5609,0,0,0,0,0,0,0,0,0,0,0,0,0,0,0,0,0,0,0,0,0
5610,0,0,0,0,0,0,0,0,0,0,0,0,0,0,0,0,0,0,0,0,0
5611,51,50,50,45,44,41,39,51,50,50,45,44,40,39,51,50,50,45,44,41,39
5612,2,3,3,3,2,1,1,2,2,3,3,2,1,1,2,2,2,3,2,1,1
5613,1,2,1,2,1,1,1,2,2,1,2,1,1,1,2,2,1,2,1,1,2
5614,0,0,0,0,0,0,0,0,0,0,0,0,0,0,0,0,0,0,0,0,0
5615,0,0,0,0,0,0,0,0,0,0,0,0,0,0,0,0,0,0,0,0,0
5616,0,0,0,0,0,0,0,0,0,0,0,0,0,0,0,0,0,0,0,0,0
5617,22,21,23,19,17,17,17,22,22,24,19,18,18,18,22,20,21,16,15,15,15
5618,1,1,1,1,1,1,1,1,2,1,1,1,1,1,2,2,2,1,1,1,1
5619,59,72,60,54,41,25,25,52,66,56,50,37,22,24,51,65,56,51,39,25,25
5620,12,24,20,19,8,7,5,12,24,20,19,8,7,5,12,24,20,19,8,7,5
5621,72,90,84,74,57,42,43,68,88,83,72,53,40,42,66,84,79,69,51,39,41
5622,5,6,7,6,5,5,5,4,6,7,6,5,5,5,4,6,7,6,5,5,5
5623,6,6,6,6,5,5,5,6,6,6,6,5,5,6,7,7,7,6,6,6,6
5624,8,8,9,8,8,8,8,8,9,9,9,8,8,8,9,9,9,9,8,8,8
5625,1,1,1,1,1,1,1,1,1,1,1,1,1,1,1,1,1,1,1,1,1
5626,0,0,0,0,0,0,0,0,0,0,0,0,0,0,0,0,0,0,0,0,0
5627,0,0,0,0,0,0,0,0,0,0,0,0,0,0,0,0,0,0,0,0,0
5628,80,78,74,66,58,60,71,80,81,77,68,59,61,72,82,82,78,69,61,63,73
5629,6,6,5,4,4,4,5,6,6,5,4,4,4,4,6,5,5,4,4,4,4
5630,2,2,2,2,2,2,2,2,2,2,2,2,2,2,2,2,2,2,2,2,2
5631,1,1,1,1,1,0,1,1,1,1,1,1,0,1,1,1,1,1,1,0,1
5632,10,11,12,16,16,10,8,8,11,13,17,17,11,9,8,10,13,16,16,11,9
5633,0,0,0,0,0,0,0,0,0,0,0,0,0,0,0,0,0,0,0,0,0
5634,0,0,0,0,0,0,0,0,0,0,0,0,0,0,0,0,0,0,0,0,0
5635,1,1,1,1,1,1,1,1,1,1,1,1,1,1,1,1,1,1,1,1,1
5636,0,0,0,0,0,0,0,0,0,0,0,0,0,0,0,0,0,0,0,0,0
5637,0,0,0,0,0,0,0,0,0,0,0,0,0,0,0,0,0,0,0,0,0
5638,14,16,15,15,14,13,13,15,17,17,15,14,13,13,15,17,16,15,14,13,13
5639,1,1,1,1,1,1,1,1,1,1,1,1,1,1,1,1,1,1,1,1,1
5640,1,1,1,1,1,1,1,1,1,1,1,1,1,1,1,1,1,1,1,1,1
5641,8,10,10,10,10,8,7,8,10,10,10,10,8,7,8,11,10,10,10,8,7
5642,3,3,4,4,3,3,2,3,3,4,4,3,3,2,3,3,4,4,3,3,2
5643,1,1,1,0,0,0,0,1,1,1,0,0,0,0,1,1,1,0,0,0,0
5644,0,0,0,0,0,0,0,0,0,0,0,0,0,0,0,0,0,0,0,0,0
5645,2,2,2,1,1,2,1,2,2,2,1,1,1,1,2,2,2,1,1,1,1
5646,0,0,0,0,0,0,0,0,0,0,0,0,0,0,0,0,0,0,0,0,0
5647,0,0,0,0,0,0,0,0,0,0,0,0,0,0,0,0,0,0,0,0,0
5648,2,1,1,1,1,1,1,1,2,1,1,1,1,1,1,1,1,1,1,1,1
5649,4,4,4,4,3,3,3,4,4,4,3,3,3,3,4,4,4,3,3,3,3
5650,6,7,6,6,5,5,5,6,6,6,6,5,5,5,6,7,6,6,5,5,5
5651,0,1,0,0,0,0,0,0,1,0,0,0,0,0,0,1,0,0,0,0,0
5652,1,1,1,1,1,1,1,1,1,1,1,1,1,1,1,1,1,1,1,1,1
5653,0,0,0,0,0,0,0,0,0,0,0,0,0,0,0,0,0,0,0,0,0
5654,0,0,0,0,0,0,0,0,0,0,0,0,0,0,0,0,0,0,0,0,0
5655,5,6,6,5,5,6,6,5,6,6,5,5,6,6,5,6,6,5,5,6,6
5656,2,3,3,3,3,2,2,2,3,3,3,3,2,2,2,3,3,3,3,2,2
5657,1,0,1,1,1,1,1,1,0,1,1,1,1,1,1,0,1,1,1,1,1
5658,17,20,22,22,19,16,14,17,20,22,22,19,16,14,17,20,22,22,19,16,14
5659,23,26,28,30,26,22,20,23,26,28,30,26,22,20,23,26,28,30,26,22,20
5660,0,0,0,0,0,0,0,0,0,0,0,0,0,0,0,0,0,0,0,0,0
5661,1,0,1,1,2,1,1,1,0,1,1,2,1,1,1,0,1,1,2,1,1
5662,24,29,31,27,24,21,23,24,29,31,27,24,21,23,24,29,31,27,24,21,23
5663,5,6,6,5,5,4,4,5,6,6,5,5,4,4,5,6,6,5,5,4,4
5664,6,8,8,9,8,5,4,6,8,8,9,8,5,4,6,8,8,9,8,5,4
5665,1,1,1,0,1,1,0,1,1,1,0,1,1,0,1,1,1,0,1,1,0
5666,0,1,1,1,0,0,0,0,1,1,1,0,0,0,0,1,1,1,0,0,0
5667,0,0,0,0,0,0,0,0,0,0,0,0,0,0,0,0,0,0,0,0,0
5668,1,2,2,1,1,1,1,1,1,1,1,2,2,1,2,1,1,1,1,1,1
5669,1,1,1,1,1,1,1,1,1,1,1,1,1,1,1,1,1,1,1,1,1
5670,19,19,16,13,11,11,12,11,8,5,4,3,5,6,5,4,4,3,3,6,9
5671,63,62,62,57,53,51,53,66,66,63,52,44,40,43,53,50,53,51,46,46,50
5672,1,2,2,1,2,8,19,21,10,3,2,1,2,2,1,2,2,2,3,5,9
5673,22,21,18,16,15,14,13,16,17,16,14,13,13,13,15,15,14,13,13,13,13
5674,7,8,9,8,7,8,8,9,10,10,9,7,8,8,9,10,11,9,9,10,11
5675,1,1,1,1,1,1,1,1,1,1,1,1,0,1,1,1,1,1,1,0,1
5676,1,1,1,1,1,1,0,1,1,1,1,1,1,0,1,1,1,1,1,1,0
5677,2,1,2,2,2,1,0,1,1,2,2,2,1,1,1,1,2,3,2,1,0
5678,9,9,8,7,4,4,6,9,9,8,7,4,4,6,9,9,8,7,4,4,6
5679,0,0,0,0,0,0,0,0,0,0,0,0,0,0,0,0,0,0,0,0,0
5680,8,8,7,7,4,4,6,8,8,7,7,4,4,6,8,8,7,7,4,4,6
5681,2,2,1,0,1,1,1,2,2,1,0,1,1,1,2,2,1,0,1,1,1
5682,0,0,0,0,0,0,0,0,0,0,0,0,0,0,0,0,0,0,0,0,0
5683,16,18,19,18,16,14,13,16,18,19,18,16,14,13,15,17,18,17,16,14,13
5684,0,0,0,0,0,0,0,0,0,0,0,0,0,0,0,0,0,0,0,0,0
5685,0,0,0,0,0,0,0,0,0,0,0,0,0,0,0,0,0,0,0,0,0
5686,2,2,2,2,2,2,2,2,3,2,3,2,2,2,2,3,2,2,2,2,2
5687,0,0,0,0,0,0,0,0,0,0,0,0,0,0,0,0,0,0,0,0,0
5688,1,1,1,1,1,1,1,1,1,1,1,1,1,1,1,1,1,1,1,1,1
5689,0,0,0,0,0,0,0,0,0,0,0,0,0,0,0,0,0,0,0,0,0
5690,1,1,1,1,1,1,1,1,1,1,1,1,1,1,1,1,1,1,1,1,1
5691,43,51,52,47,42,37,37,46,56,57,51,44,38,39,45,53,53,47,41,36,37
5692,42,46,47,43,38,34,33,39,44,44,39,33,30,30,36,41,42,37,32,30,31
5693,4,5,5,4,4,3,3,3,5,5,4,4,3,3,3,5,5,4,4,3,3
5694,54,61,63,59,52,46,46,56,64,66,60,52,45,45,52,57,59,54,47,43,42
5695,1,1,1,1,1,1,0,1,1,1,1,1,1,0,1,1,1,1,1,1,0
5696,75,97,96,73,65,56,57,72,98,99,75,66,58,60,73,96,94,68,60,54,55
5697,0,0,0,0,0,0,0,0,0,0,0,0,0,0,0,0,0,0,0,0,0
5698,2,2,3,2,2,2,1,2,2,3,2,2,2,1,2,2,3,2,2,2,2
5699,1,1,1,1,1,1,1,1,1,1,1,1,1,1,1,1,1,1,1,1,1
5700,0,1,0,0,0,0,0,0,1,0,0,0,0,0,0,1,1,0,0,0,0
5701,0,0,0,0,0,0,0,0,0,0,0,0,0,0,0,0,0,0,0,0,0
5702,0,0,0,0,0,0,0,0,0,0,0,0,0,0,0,0,0,0,0,0,0
5703,3,3,4,3,3,3,3,4,4,4,4,4,3,3,4,4,4,4,4,3,3
5704,8,8,8,8,7,7,6,7,7,7,8,7,7,6,7,8,8,8,8,7,6
5705,11,10,10,10,9,8,8,9,9,10,10,9,8,8,9,9,10,10,9,8,8
5706,1,1,1,1,1,1,1,1,1,1,1,1,1,1,1,1,1,1,1,1,1
5707,2,2,2,1,1,1,1,2,2,2,1,1,1,1,2,2,1,1,1,1,1
5708,1,2,2,2,1,1,1,1,2,2,2,1,1,1,1,2,2,2,1,1,1
5709,1,1,3,3,3,1,1,2,2,3,3,3,1,1,2,1,3,3,3,1,1
5710,0,0,0,0,0,0,0,0,0,0,0,0,0,0,0,0,0,0,0,0,0
5711,31,32,25,20,14,19,28,31,32,25,20,14,19,28,31,32,25,20,14,19,28
5712,23,29,22,26,22,23,13,23,29,22,26,22,23,13,23,29,22,26,22,23,13
5713,1,1,2,1,1,1,1,1,1,2,1,1,1,1,1,1,2,1,1,1,1
5714,0,0,0,0,0,0,0,0,0,0,0,0,0,0,0,0,0,0,0,0,0
5715,5,6,6,5,5,4,4,5,6,6,5,5,4,4,5,6,6,5,5,4,4
5716,4,3,3,3,3,2,2,3,3,3,3,3,2,3,4,4,4,3,3,3,3
5717,4,3,2,2,2,2,2,2,2,2,2,2,2,3,3,3,3,3,3,3,3
5718,24,21,21,20,19,19,19,24,21,21,19,19,19,19,24,21,21,20,19,19,20
5719,98,121,128,106,131,78,76,98,121,128,106,131,78,76,98,121,128,106,131,78,76
5720,0,0,0,0,0,0,0,0,0,0,0,0,0,0,0,0,0,0,0,0,0
5721,0,0,0,0,0,0,0,0,0,0,0,0,0,0,0,0,0,0,0,0,0
5722,0,0,0,0,0,0,0,0,0,0,0,0,0,0,0,0,0,0,0,0,0
5723,0,0,0,0,0,0,0,0,0,0,0,0,0,1,1,1,1,1,1,1,1
5724,0,0,0,0,0,0,1,0,0,0,0,0,0,1,0,0,0,0,0,0,1
5725,2,2,2,2,2,2,2,2,2,2,2,2,2,2,2,2,2,2,2,2,2
5726,0,0,0,0,0,0,0,0,0,0,0,0,0,0,0,0,0,0,0,0,0
5727,0,0,0,0,0,0,0,0,0,0,0,0,0,0,0,0,0,0,0,0,0
5728,1,1,0,1,1,1,1,1,1,0,1,1,1,1,1,1,0,1,1,1,1
5729,6,6,5,5,4,3,4,4,6,5,5,4,4,4,5,6,5,4,4,4,4
5730,12,11,10,9,7,7,8,10,11,11,10,9,9,10,10,9,8,8,7,8,8
5731,6,5,5,5,5,4,4,5,5,5,5,4,4,4,5,5,5,5,5,5,5
5732,8,9,10,11,10,9,6,8,9,10,11,10,9,7,8,9,10,11,10,9,7
5733,1,1,1,1,1,1,1,1,1,2,1,1,1,1,1,1,2,1,1,1,1
5734,0,0,0,0,0,0,0,0,0,0,0,0,0,0,0,0,0,0,0,0,0
5735,9,10,10,10,10,9,10,12,15,15,14,13,12,13,13,15,16,15,14,15,15
5736,4,5,5,5,4,3,4,4,5,5,5,4,3,4,4,5,5,5,4,3,4
5737,1,1,1,1,1,0,1,1,1,1,1,1,0,1,1,1,1,1,1,0,1
5738,0,1,1,1,1,1,0,0,1,1,1,1,1,0,0,1,1,1,1,1,0
5739,1,2,2,1,1,1,1,1,1,1,1,1,1,1,1,1,1,1,1,1,1
5740,0,0,0,0,0,0,0,0,1,0,0,0,0,0,1,1,1,1,0,0,1
5741,0,0,0,0,0,0,0,0,0,0,0,0,0,0,0,0,0,0,0,0,0
5742,0,0,0,0,0,0,0,0,0,0,0,0,0,0,0,0,0,0,0,0,0
5743,0,0,0,0,0,0,0,0,0,0,0,0,0,0,0,0,0,0,0,0,0
5744,0,0,0,0,0,0,0,0,0,0,0,0,0,0,0,0,0,0,0,0,0
5745,0,0,0,0,0,0,0,0,0,0,0,0,0,0,0,0,0,0,0,0,0
5746,0,0,0,0,0,0,0,0,0,0,0,0,0,0,0,0,0,0,0,0,0
5747,0,0,0,0,0,0,0,0,0,0,0,0,0,0,0,0,0,0,0,0,0
5748,0,0,0,0,0,0,0,0,0,0,0,0,0,0,0,0,0,0,0,0,0
5749,0,0,0,0,0,0,0,0,0,0,0,0,0,0,0,0,0,0,0,0,0
5750,0,0,0,0,0,0,0,0,0,0,0,0,0,0,0,0,0,0,0,0,0
5751,1,1,1,1,1,1,1,1,1,1,1,1,1,1,1,1,1,1,1,1,1
5752,13,14,16,14,12,11,11,14,15,17,15,13,12,11,14,15,16,14,13,11,11
5753,0,0,0,0,0,0,0,0,0,0,0,0,0,0,0,0,0,0,0,0,0
5754,1,0,1,1,1,0,1,1,0,1,1,1,1,1,1,0,1,1,1,1,1
5755,5,5,5,4,3,3,3,5,5,5,4,3,3,3,5,5,5,4,3,3,3
5756,7,7,5,5,5,5,5,5,6,5,5,5,5,5,5,6,5,5,5,5,5
5757,0,0,0,0,0,0,0,0,0,0,0,0,0,0,0,0,0,0,0,0,0
5758,0,1,1,1,2,2,2,2,2,1,1,2,2,2,1,1,1,1,1,1,1
5759,0,0,0,0,0,0,0,0,0,0,0,0,0,0,0,0,0,0,0,0,0
5760,0,0,0,0,0,0,0,0,0,0,0,0,0,0,0,0,0,0,0,0,0
5761,0,0,0,0,0,0,0,0,0,0,0,0,0,0,0,0,0,0,0,0,0
5762,0,0,0,0,0,0,0,0,0,0,0,0,0,0,0,0,0,0,0,0,0
5763,0,0,0,0,0,0,0,0,0,0,0,0,0,0,0,0,0,0,0,0,0
5764,0,0,0,0,0,0,0,0,0,0,0,0,0,0,0,0,0,0,0,0,0
5765,0,0,0,0,0,0,0,0,0,0,0,0,0,0,0,0,0,0,0,0,0
5766,1,1,1,0,0,0,1,1,1,1,0,0,0,1,1,1,1,0,0,0,1
5767,0,0,0,0,0,0,0,0,0,0,0,0,0,0,0,0,0,0,0,0,0
5768,4,4,3,3,3,3,2,2,3,3,2,3,3,2,3,3,3,3,3,3,3
5769,2,2,2,2,1,2,2,2,2,2,2,1,2,2,2,2,2,2,1,2,2
5770,2,2,2,2,2,2,2,2,2,2,2,2,2,2,2,2,2,2,2,2,2
5771,7,6,6,6,5,5,5,7,6,6,6,5,5,5,7,7,6,6,5,5,5
5772,0,0,0,0,0,0,0,0,0,0,0,0,0,0,0,0,0,0,0,0,0
5773,1,1,1,1,1,1,1,1,1,1,1,1,1,1,1,1,1,1,1,1,1
5774,0,0,0,0,0,0,0,0,0,0,0,0,0,0,0,0,0,0,0,0,0
5775,0,0,0,0,0,0,0,0,0,0,0,0,0,0,0,0,0,0,0,0,0
5776,56,95,107,134,138,92,68,56,95,107,134,138,92,68,56,95,107,134,138,92,68
5777,58,62,58,50,39,38,45,59,62,58,50,39,38,45,59,62,58,50,39,38,45
5778,5,6,8,6,6,6,5,5,6,8,6,6,6,5,5,6,8,6,6,6,5
5779,0,0,0,0,0,0,0,0,0,0,0,0,0,0,0,0,0,0,0,0,0
5780,3,3,3,2,2,3,3,3,3,3,3,2,3,3,3,3,3,3,2,3,3
5781,1,1,1,1,1,1,1,1,1,1,1,1,1,1,1,1,1,1,1,1,1
5782,1,1,1,1,1,1,1,1,1,1,1,1,1,1,1,1,1,1,1,1,1
5783,0,0,0,0,0,0,0,0,0,0,0,0,0,0,0,0,0,0,0,0,0
5784,0,0,0,0,0,0,0,0,0,0,0,0,0,0,0,0,0,0,0,0,0
5785,0,0,0,0,0,0,0,0,0,0,0,0,0,0,0,0,0,0,0,0,0
5786,9,9,9,9,9,7,6,9,9,9,9,9,7,6,9,9,9,9,9,7,6
5787,0,0,0,0,0,0,0,0,0,0,0,0,0,0,0,0,0,0,0,0,0
5788,0,0,1,1,1,1,1,1,1,1,1,1,1,1,1,1,0,1,0,0,1
5789,0,0,0,0,0,0,0,0,0,0,0,0,0,0,0,0,0,0,0,0,0
5790,0,0,0,0,0,0,0,0,0,0,0,0,0,0,0,0,0,0,0,0,0
5791,14,14,13,12,10,9,9,14,13,12,11,10,9,9,14,13,12,12,10,9,9
5792,5,5,5,5,5,5,5,5,5,5,5,5,5,4,5,5,5,5,5,5,4
5793,1,1,1,1,1,1,1,1,1,1,1,1,1,1,1,1,1,1,1,1,1
5794,3,3,4,3,3,3,2,3,3,4,3,3,3,2,3,3,4,3,3,3,2
5795,2,2,1,1,1,1,1,1,2,1,1,1,1,1,2,2,2,1,1,1,2
5796,0,0,1,0,0,0,0,0,0,1,0,0,0,0,0,0,1,0,0,0,0
5797,0,0,0,0,0,0,0,0,0,0,0,0,0,0,0,0,0,0,0,0,0
5798,0,0,0,0,0,0,0,0,0,0,0,0,0,0,0,0,0,0,0,0,0
5799,1,1,2,2,1,1,1,1,1,2,2,1,1,1,1,1,2,2,1,1,1
5800,2,2,2,2,2,2,2,2,2,2,2,2,2,2,2,2,2,2,2,2,2
5801,5,4,6,6,5,4,4,5,4,6,5,4,4,4,4,4,6,5,4,4,4
5802,0,0,0,0,0,0,0,0,0,0,0,0,0,0,0,0,0,0,0,0,0
5803,1,1,1,1,1,1,1,1,1,1,1,1,1,1,1,1,1,1,1,1,1
5804,0,1,0,0,0,0,0,0,1,0,0,0,0,0,0,1,0,0,0,0,0
5805,8,8,7,7,6,5,6,7,7,7,7,6,5,6,7,7,7,6,6,5,5
5806,2,3,3,2,2,2,2,2,3,3,2,2,2,2,2,3,3,2,2,2,2
5807,11,10,9,8,7,7,8,9,9,8,8,7,7,8,10,9,8,8,7,7,8
5808,0,0,0,0,0,0,0,0,0,0,0,0,0,0,0,0,0,0,0,0,0
5809,9,8,8,7,6,7,7,8,8,7,7,6,7,7,8,8,8,8,7,7,7
5810,3,3,4,3,3,3,3,3,3,4,4,3,3,3,3,3,4,4,3,3,3
5811,4,4,4,4,4,3,3,4,4,4,4,4,3,3,4,4,4,4,4,3,3
5812,2,2,2,2,2,1,1,2,2,2,2,2,1,1,2,2,2,2,2,1,1
5813,1,1,1,1,1,1,1,1,1,1,1,1,1,1,1,1,1,1,1,1,1
5814,0,0,0,0,0,0,0,0,0,0,0,0,0,0,0,0,0,0,0,0,0
5815,3,4,4,5,4,4,3,3,4,4,5,4,4,3,3,4,4,5,4,4,3
5816,0,0,0,0,0,0,0,0,0,0,0,0,0,0,0,0,0,0,0,0,0
5817,0,0,0,0,0,0,0,0,0,0,0,0,0,0,0,0,0,0,0,0,0
5818,0,0,0,0,0,0,0,0,0,0,0,0,0,0,0,0,0,0,0,0,0
5819,0,0,0,0,0,0,0,0,0,0,0,0,0,0,0,0,0,0,0,0,0
5820,1,1,1,1,1,1,1,1,1,1,1,1,1,1,2,1,1,1,1,1,1
5821,97,114,116,99,85,75,76,97,114,116,99,85,75,76,97,114,116,99,85,75,76
5822,104,124,123,102,88,76,81,104,124,123,102,88,76,81,104,124,123,102,88,76,81
5823,9,12,11,11,8,8,7,9,12,11,10,8,7,7,9,12,11,10,8,7,7
5824,9,11,9,9,8,7,7,9,11,9,9,8,7,7,9,11,9,9,8,7,7
5825,0,1,1,1,0,0,0,0,1,1,1,0,0,0,1,1,1,1,0,0,0
5826,0,0,0,2,2,1,1,0,0,0,2,2,1,1,0,0,0,2,2,1,1
5827,0,0,0,0,0,0,0,0,0,0,0,0,0,0,0,0,0,0,0,0,0
5828,0,0,0,0,0,0,0,0,0,0,0,0,0,0,0,0,0,0,0,0,0
5829,3,4,4,4,3,3,3,3,4,4,4,3,3,3,3,4,4,4,3,3,3
5830,7,6,6,6,6,5,5,6,6,6,6,6,5,5,6,6,6,6,6,6,6
5831,3,3,3,3,3,2,2,2,2,3,3,3,2,2,2,2,3,3,3,2,2
5832,3,3,3,3,2,2,2,3,3,3,3,3,2,2,3,3,3,3,3,2,3
5833,2,2,2,2,2,2,2,2,2,2,2,2,2,2,2,2,2,2,2,2,2
5834,1,1,1,1,1,1,1,1,1,1,1,1,1,1,1,1,1,1,1,1,1
5835,0,0,0,0,0,0,0,0,0,0,0,0,0,0,0,0,0,0,0,0,0
5836,0,0,0,0,0,0,0,0,0,0,0,0,0,0,0,0,0,0,0,0,0
5837,4,3,5,3,3,4,3,4,3,5,3,3,4,3,4,3,5,3,3,4,3
5838,16,21,22,23,22,20,17,12,8,6,5,4,4,4,4,7,8,10,10,12,9
5839,1,1,1,1,1,1,1,1,1,1,1,1,1,1,1,1,1,0,0,0,0
5840,3,4,4,4,4,3,3,3,4,4,4,4,3,3,3,4,4,4,3,3,2
5841,2,2,3,4,4,3,2,2,2,3,4,4,3,2,2,2,3,4,3,3,2
5842,5,4,3,2,2,2,2,3,3,3,2,2,2,2,3,4,3,3,3,3,3
5843,0,0,0,1,1,1,1,0,0,0,1,1,1,1,0,0,0,1,1,1,1
5844,7,7,7,7,6,6,6,7,7,7,7,6,6,6,7,7,6,6,6,6,6
5845,9,8,7,7,6,6,7,8,8,7,7,6,6,6,8,7,7,7,7,7,7
5846,0,0,0,0,0,0,0,0,0,0,0,0,0,0,0,0,0,0,0,0,0
5847,1,1,1,1,1,0,0,0,0,1,1,0,0,0,0,1,1,0,0,0,0
5848,9,10,9,8,7,6,8,9,10,9,8,7,6,8,9,10,9,8,7,6,8
5849,0,0,0,0,0,0,0,0,0,0,0,0,0,0,0,0,0,0,0,0,0
5850,0,0,0,0,0,0,0,0,0,0,0,0,0,0,0,0,0,0,0,0,0
5851,0,0,0,0,0,0,0,0,0,0,0,0,0,0,0,0,0,0,0,0,0
5852,0,0,0,0,0,0,0,0,0,0,0,0,0,0,0,0,0,0,0,0,0
5853,0,0,0,0,0,0,0,0,0,0,0,0,0,0,0,0,0,0,0,0,0
5854,0,0,0,0,0,0,0,0,0,0,0,0,0,0,0,0,0,0,0,0,0
5855,0,0,0,0,0,0,0,0,0,0,0,0,0,0,0,0,0,0,0,0,0
5856,0,0,0,0,0,0,0,0,0,0,0,0,0,0,0,0,0,0,0,0,0
5857,14,15,15,14,13,12,13,15,16,16,14,13,12,12,14,14,14,13,12,12,12
5858,0,0,0,0,0,0,0,0,1,0,0,0,0,1,0,1,0,0,0,0,1
5859,20,22,25,26,25,22,21,24,27,28,27,24,22,22,25,25,25,24,21,20,21
5860,33,33,32,31,29,25,25,30,33,33,29,24,21,21,23,24,24,22,19,19,19
5861,22,20,19,19,21,19,20,22,22,21,18,16,14,14,14,14,14,14,14,15,15
5862,8,9,9,11,11,9,7,6,7,8,10,11,9,7,7,7,8,10,11,10,7
5863,18,20,20,20,18,17,17,19,20,20,19,17,16,16,17,17,16,15,14,14,15
5864,11,11,13,14,13,12,14,12,11,13,14,13,12,13,11,11,13,13,13,12,13
5865,16,17,18,20,20,19,17,19,23,24,25,23,22,21,22,23,22,22,21,21,19
5866,2,2,2,2,2,2,2,1,1,1,1,1,1,1,1,1,1,1,1,1,1
5867,0,0,0,0,0,0,0,0,0,0,0,0,0,0,0,0,0,0,0,0,0
5868,131,143,130,124,110,103,108,132,149,131,120,103,98,104,123,135,127,124,110,107,109
5869,1,1,1,1,0,1,1,1,1,1,0,0,1,1,1,1,1,0,0,0,1
5870,0,0,0,0,0,0,0,0,0,0,0,0,0,0,0,0,0,0,0,0,0
5871,0,0,0,0,0,0,0,0,0,0,0,0,0,0,0,0,0,0,0,0,0
5872,0,0,0,0,0,0,0,0,0,0,0,0,0,0,0,0,0,0,0,0,0
5873,1,1,1,1,1,1,1,1,1,1,1,0,1,1,1,1,1,1,1,1,1
5874,0,1,1,0,0,0,0,0,1,1,0,0,0,0,0,1,1,0,0,0,0
5875,1,1,1,1,1,1,1,2,2,2,1,1,1,1,2,2,2,1,1,1,1
5876,0,0,0,0,0,0,0,0,0,0,0,0,0,0,0,0,0,0,0,0,0
5877,0,0,0,0,0,0,0,0,0,0,0,0,0,0,0,0,0,0,0,0,0
5878,0,0,0,0,0,0,0,0,0,0,0,0,0,0,0,0,0,0,0,0,0
5879,0,0,0,0,0,0,0,0,0,0,0,0,0,0,0,0,0,0,0,0,0
5880,0,0,0,0,0,0,0,0,0,0,0,0,0,0,0,0,0,0,0,0,0
5881,23,20,19,15,14,15,16,20,20,19,15,14,15,16,20,19,18,15,13,15,16
5882,1,1,0,1,1,1,0,0,0,0,1,1,1,1,0,0,0,1,0,1,0
5883,10,8,7,6,6,5,6,7,8,9,7,7,7,10,14,11,9,7,7,6,8
5884,0,0,0,0,0,0,0,0,0,0,0,0,0,0,0,0,0,0,0,0,0
5885,1,1,1,1,2,1,1,1,1,1,1,2,1,1,1,1,1,1,2,1,1
5886,22,21,18,14,12,12,14,20,20,18,14,12,14,19,27,23,18,14,12,12,14
5887,2,2,3,2,2,2,2,2,2,3,2,2,2,2,2,2,3,2,2,2,2
5888,4,4,4,4,4,3,3,4,4,4,4,4,3,3,5,5,5,4,4,3,3
5889,0,0,0,0,0,0,0,0,0,0,0,0,0,0,0,0,0,0,0,0,0
5890,2,2,2,2,2,2,2,2,2,2,2,2,2,2,2,2,2,2,2,2,2
5891,19,22,23,20,14,11,13,19,22,23,20,14,10,13,19,22,23,20,14,10,13
5892,20,22,21,19,17,16,16,18,17,16,13,12,12,15,17,17,16,13,11,10,10
5893,2,3,2,2,3,3,2,2,3,2,2,3,3,2,2,3,2,2,3,3,2
5894,2,2,2,2,2,1,1,2,2,2,2,2,1,1,2,2,2,2,2,1,1
5895,2,2,2,1,1,1,1,1,2,2,1,1,1,1,2,2,2,1,1,1,1
5896,0,0,0,0,0,0,0,0,0,0,0,0,0,0,0,0,0,0,0,0,0
5897,0,0,0,0,0,0,0,0,0,0,0,0,0,0,0,0,0,0,0,0,0
5898,2,2,2,2,2,2,2,2,2,2,2,2,2,2,2,2,2,2,2,2,2
5899,1,1,1,1,1,1,1,1,1,1,1,1,1,1,1,1,1,1,1,1,1
5900,0,0,0,0,0,0,0,0,0,0,0,0,0,0,0,0,0,0,0,0,0
5901,1,2,2,2,2,1,1,1,2,2,2,2,1,1,2,2,2,2,2,1,1
5902,0,0,0,0,0,0,0,0,0,0,0,0,0,0,0,0,0,0,0,0,0
5903,0,0,0,0,0,0,0,0,0,0,0,0,0,0,0,0,0,0,0,0,0
5904,3,4,4,4,3,2,2,3,4,4,4,3,2,2,3,4,4,4,3,2,2
5905,1,1,1,1,1,1,1,1,1,1,1,1,1,1,1,1,1,1,1,1,1
5906,0,0,0,0,0,0,0,0,0,0,0,0,0,0,0,0,0,0,0,0,0
5907,0,0,0,0,0,0,0,0,0,0,0,0,0,0,0,0,0,0,0,0,0
5908,0,0,0,0,0,0,0,0,0,0,0,0,0,0,0,0,0,0,0,0,0
5909,0,0,0,0,0,0,0,0,0,0,0,0,0,0,0,0,0,0,0,0,0
5910,0,0,0,0,0,0,0,0,0,0,0,0,0,0,0,0,0,0,0,0,0
5911,0,0,0,0,0,0,0,0,0,0,0,0,0,0,0,0,0,0,0,0,0
5912,0,0,0,0,0,0,0,0,0,0,0,0,0,0,0,0,0,0,0,0,0
5913,0,0,0,0,0,0,0,0,0,0,0,0,0,0,0,0,0,0,0,0,0
5914,5,7,9,9,8,4,4,5,8,9,9,8,4,4,5,8,9,9,8,4,4
5915,0,0,0,0,0,0,0,0,0,0,0,0,0,0,0,0,0,0,0,0,0
5916,0,0,0,0,0,0,0,0,0,0,0,0,0,0,0,0,0,0,0,0,0
5917,1,1,2,1,2,1,1,1,1,2,1,2,1,1,1,1,2,1,2,1,1
5918,0,0,0,0,0,0,0,0,0,0,0,0,0,0,0,0,0,0,0,0,0
5919,0,0,0,0,0,0,0,0,0,0,0,0,0,0,0,0,0,0,0,0,0
5920,0,0,0,0,0,0,0,0,0,0,0,0,0,0,0,0,0,0,0,0,0
5921,0,0,0,0,0,0,0,0,0,0,0,0,0,0,0,0,0,0,0,0,0
5922,0,0,0,0,0,0,0,0,0,0,0,0,0,0,0,0,0,0,0,0,0
5923,0,1,0,0,0,0,0,0,0,0,0,0,0,0,0,1,0,0,0,0,0
5924,1,1,1,0,0,1,1,1,1,1,0,0,1,1,1,1,1,0,0,0,1
5925,7,7,10,9,8,5,5,7,6,10,9,8,5,5,7,7,11,9,8,6,5
5926,0,0,0,0,0,0,0,0,0,0,0,0,0,0,0,0,0,0,0,0,0
5927,0,0,0,0,0,0,0,0,0,0,0,0,0,0,0,0,0,0,0,0,0
5928,1,1,1,0,1,1,1,1,1,1,0,1,1,1,1,1,1,0,1,1,1
5929,4,5,5,4,4,4,4,4,5,5,4,4,4,4,4,5,5,5,4,4,4
5930,2,2,2,2,2,2,2,2,2,2,2,2,2,2,2,2,2,2,2,2,2
5931,1,1,1,1,1,1,1,1,1,1,1,1,1,1,1,1,1,1,1,1,1
5932,0,0,0,0,0,0,0,0,0,0,0,0,0,0,0,0,0,0,0,0,0
5933,0,0,0,0,0,0,0,0,0,0,0,0,0,0,0,0,0,0,0,0,0
5934,0,0,0,0,0,0,0,0,0,0,0,0,0,0,0,0,0,0,0,0,0
5935,0,0,0,0,0,0,0,0,0,0,0,0,0,0,0,0,0,0,0,0,0
5936,3,3,4,3,2,2,2,3,3,4,3,2,2,2,3,3,4,3,2,2,2
5937,0,0,0,0,0,0,0,0,0,0,0,0,0,0,0,0,0,0,0,0,0
5938,0,0,0,0,0,0,0,0,0,0,0,0,0,0,0,0,0,0,0,0,0
5939,3,4,7,10,11,7,4,3,4,7,10,11,7,4,3,5,7,10,11,7,4
5940,1,1,1,1,0,1,1,1,1,1,1,0,1,1,1,1,1,1,0,1,1
5941,0,0,0,0,0,0,0,0,0,0,0,0,0,0,0,0,0,0,0,0,0
5942,1,1,1,1,1,1,1,1,1,1,1,1,1,1,1,1,1,1,1,1,1
5943,0,0,0,0,0,0,0,0,0,0,0,0,0,0,0,0,0,0,0,0,0
5944,9,8,7,6,5,5,6,7,7,6,5,5,5,5,7,7,6,6,5,5,6
5945,0,1,1,0,0,0,0,1,1,1,0,0,0,0,1,1,1,0,0,0,0
5946,3,4,4,3,3,3,3,3,4,4,3,3,3,3,3,4,4,3,3,3,3
5947,4,3,3,3,2,2,2,2,2,3,3,3,2,3,3,3,3,4,3,3,2
5948,0,0,0,0,0,0,0,0,0,0,0,0,0,0,0,0,0,0,0,0,0
5949,47,69,83,77,61,44,43,47,69,83,77,61,44,43,47,69,83,77,61,44,43
5950,1,1,1,0,0,0,0,1,1,1,0,0,0,0,1,1,1,1,0,0,0
5951,0,0,0,0,0,0,0,0,0,0,0,0,0,0,0,0,0,0,0,0,0
5952,0,0,0,0,0,0,0,0,0,0,0,0,0,0,0,0,0,0,0,0,0
5953,0,1,1,1,1,1,1,1,1,1,1,1,1,1,1,1,1,1,1,1,1
5954,0,0,0,0,0,0,0,0,0,0,0,0,0,0,0,0,0,0,0,0,0
5955,0,0,0,0,0,0,0,0,0,0,0,0,0,0,0,0,0,0,0,0,0
5956,1,1,1,1,1,1,1,1,1,1,1,1,1,1,1,1,1,1,1,1,1
5957,25,28,29,27,23,20,20,25,29,30,27,23,20,21,25,29,29,26,22,20,20
5958,1,1,1,1,1,1,1,1,1,1,1,1,1,1,1,1,1,1,1,1,1
5959,1,1,1,1,1,1,1,1,1,1,1,1,1,1,1,1,1,1,1,1,1
5960,0,0,0,0,0,0,0,0,0,0,0,0,0,0,0,0,0,0,0,0,0
5961,0,0,0,0,0,0,0,0,0,0,0,0,0,0,0,0,0,0,0,0,0
5962,2,2,2,2,1,1,1,2,2,2,2,1,1,2,2,2,2,2,1,1,2
5963,0,0,0,0,0,0,0,0,0,0,0,0,0,0,0,0,0,0,0,0,0
5964,0,0,0,0,0,0,0,0,0,0,0,0,0,0,0,0,0,0,0,0,0
5965,3,3,2,1,1,1,1,2,1,1,1,1,1,1,2,2,1,1,1,1,1
5966,0,1,1,0,0,0,0,0,1,1,0,0,0,0,0,1,1,0,0,0,0
5967,0,0,0,0,0,0,0,0,0,0,0,0,0,0,0,0,0,0,0,0,0
5968,0,0,0,0,0,0,0,0,0,0,0,0,0,0,0,0,0,0,0,0,0
5969,0,0,0,0,0,0,0,0,1,2,3,4,4,3,3,3,3,4,4,3,3
5970,2,3,3,3,2,2,2,2,3,3,3,2,2,2,2,3,3,3,2,2,2
5971,49,68,62,42,38,35,36,50,70,65,45,39,36,37,49,65,59,40,36,33,33
5972,1,1,1,1,1,1,1,1,1,1,1,1,1,1,2,1,1,1,1,1,1
5973,0,0,0,0,0,0,0,0,0,0,0,0,0,0,0,0,0,0,0,0,0
5974,0,0,0,0,0,0,0,0,0,0,0,0,0,0,0,0,0,0,0,0,0
5975,0,0,0,0,0,0,0,0,0,0,0,0,0,0,0,0,0,0,0,0,0
5976,0,0,0,0,0,0,0,0,0,0,0,0,0,0,0,0,0,0,0,0,0
5977,0,0,0,0,0,0,0,0,0,0,0,0,0,0,0,0,0,0,0,0,0
5978,4,3,3,4,3,3,3,3,3,4,4,4,3,3,4,4,4,4,4,4,4
5979,76,86,87,84,74,63,61,76,89,91,84,74,65,65,77,86,84,78,70,64,63
5980,0,0,0,0,0,0,0,0,0,0,0,0,0,0,0,0,0,0,0,0,0
5981,2,2,2,2,2,2,2,2,3,2,2,2,2,2,3,3,3,2,2,2,2
5982,1,1,1,1,1,1,1,1,1,1,1,1,1,1,1,1,1,1,1,1,1
5983,0,0,0,0,0,0,0,0,0,0,0,0,0,0,0,0,0,0,0,0,0
5984,0,0,0,0,0,0,0,0,0,0,0,0,0,0,0,0,0,0,0,0,0
5985,2,2,2,2,2,1,1,2,2,2,2,2,1,1,2,2,2,2,2,2,1
5986,0,0,0,0,0,0,0,0,0,0,0,0,0,0,0,0,0,0,0,0,0
5987,2,2,2,2,2,2,2,2,2,2,2,2,2,2,2,2,2,3,2,2,2
5988,1,1,1,0,0,0,1,1,1,1,0,0,0,1,1,1,1,0,0,1,1
5989,0,0,0,0,0,0,0,0,0,0,0,0,0,0,0,0,0,0,0,0,0
5990,1,1,1,1,1,0,0,1,1,1,1,1,0,0,1,1,1,1,1,0,1
5991,2,2,1,1,1,1,1,2,2,1,1,1,1,1,2,2,1,1,1,1,1
5992,50,63,67,62,53,39,36,50,63,67,62,53,39,36,50,63,67,62,53,39,37
5993,57,53,45,43,41,38,43,53,58,55,49,42,39,45,44,38,37,36,34,38,46
5994,6,5,5,4,4,4,5,6,6,5,4,4,4,5,6,6,5,4,4,4,5
5995,3,3,3,3,3,3,4,3,3,3,3,3,3,4,3,3,3,3,3,3,4
5996,193,198,206,196,187,155,158,189,199,210,207,209,175,156,168,173,184,175,169,148,161
5997,6,7,7,7,7,6,7,6,8,7,7,7,6,7,7,8,7,7,7,6,7
5998,3,2,9,10,8,2,2,3,3,11,11,9,3,3,4,4,11,11,9,3,4
5999,17,20,22,20,16,13,13,17,20,22,20,16,13,13,17,20,22,20,16,13,13
6000,23,22,22,20,20,20,21,25,24,20,13,10,8,10,15,15,15,12,11,12,15
6001,1,1,1,1,1,1,1,1,1,1,1,1,1,1,1,1,1,1,1,1,1
6002,0,0,0,0,0,0,0,0,0,0,0,0,0,0,0,0,0,0,0,0,0
6003,3,3,3,4,3,3,3,3,3,3,4,3,3,3,3,3,3,4,3,3,3
6004,4,5,5,5,5,4,3,4,5,5,5,5,4,3,4,5,5,5,5,4,3
6005,17,18,17,16,16,15,18,17,18,17,16,16,15,18,17,18,17,16,16,15,17
6006,3,4,5,5,4,3,3,4,4,5,5,4,3,3,4,4,5,4,4,3,3
6007,3,3,3,2,2,2,2,3,3,3,2,2,2,2,3,3,3,2,2,2,2
6008,0,0,0,0,0,0,0,0,0,0,0,0,0,0,0,0,0,0,0,0,0
6009,1,1,1,1,1,1,1,1,1,1,1,1,1,1,1,1,1,1,1,1,1
6010,0,0,0,0,0,0,0,0,0,0,0,0,0,0,0,0,0,0,0,0,0
6011,10,11,12,11,11,10,10,10,11,12,11,11,10,10,10,11,12,11,11,10,10
6012,0,0,0,0,0,0,0,0,0,0,0,0,0,0,0,0,0,0,0,0,0
6013,1,1,0,0,0,0,0,1,1,0,0,0,0,0,1,1,0,0,0,0,0
6014,0,0,0,0,0,0,0,0,0,0,0,0,0,0,0,0,0,0,0,0,0
6015,0,0,0,0,0,0,0,0,0,0,0,0,0,0,0,0,0,0,0,0,0
6016,1,0,0,0,0,0,1,1,0,0,0,0,0,1,1,0,0,0,0,0,1
6017,1,1,1,1,1,0,0,1,0,1,1,1,0,0,1,0,1,1,1,0,0
6018,0,0,0,0,0,0,0,0,0,0,0,0,0,0,0,0,0,0,0,0,0
6019,0,0,0,0,0,0,0,0,0,0,0,0,0,0,0,0,0,0,0,0,0
6020,0,0,0,0,0,0,0,0,0,0,0,0,0,0,0,0,0,0,0,1,1
6021,0,0,0,0,0,0,0,0,0,0,0,0,0,0,0,0,0,0,0,0,0
6022,0,0,0,0,0,0,0,0,0,0,0,0,0,0,0,0,0,0,0,0,0
6023,0,0,0,0,0,0,0,0,0,0,0,0,0,0,0,0,0,0,0,0,0
6024,0,0,0,0,0,0,0,0,0,0,0,0,0,0,0,0,0,0,0,0,0
6025,0,0,0,0,0,0,0,0,0,0,0,0,0,0,0,0,0,0,0,0,0
6026,0,0,0,0,0,0,0,0,0,0,0,0,0,0,0,0,0,0,0,0,0
6027,0,0,0,0,0,0,0,0,0,0,0,0,0,0,0,0,0,0,0,0,0
6028,0,0,0,0,0,0,0,0,0,0,0,0,0,0,0,0,0,0,0,0,0
6029,3,3,3,3,3,3,2,3,3,3,3,3,3,2,3,3,3,3,3,3,2
6030,21,21,25,20,20,19,20,22,23,26,20,19,17,18,20,20,24,18,18,18,19
6031,0,0,0,0,0,0,0,0,0,0,0,0,0,0,0,0,0,0,0,0,0
6032,1,1,1,0,0,0,0,1,1,1,0,0,0,0,1,1,1,0,0,0,0
6033,1,1,1,1,1,1,1,1,1,1,1,1,1,1,1,1,1,1,1,1,1
6034,0,1,1,0,0,0,0,0,1,1,0,0,0,0,0,1,1,0,0,0,0
6035,0,0,0,0,0,0,0,0,0,0,0,0,0,0,0,0,0,0,0,0,0
6036,0,0,0,0,0,0,0,0,0,0,0,0,0,0,0,0,0,0,0,0,0
6037,0,0,0,0,0,0,0,0,0,0,0,0,0,0,0,0,0,0,0,0,0
6038,0,0,0,0,0,0,0,1,1,1,1,1,0,0,1,1,1,0,0,0,0
6039,0,0,0,0,0,0,0,0,0,0,0,0,0,0,0,0,0,0,0,0,0
6040,0,0,0,0,0,0,0,0,0,0,0,0,0,0,0,0,0,0,0,0,0
6041,0,0,0,0,0,0,0,0,0,0,0,0,0,0,0,0,0,0,0,0,0
6042,0,0,0,0,0,0,0,0,0,0,0,0,0,0,0,0,0,0,0,0,0
6043,0,0,0,0,0,0,0,0,0,0,0,0,0,0,0,0,0,0,0,0,0
6044,3,3,2,2,2,2,2,3,3,2,2,2,2,2,3,3,2,2,2,2,2
6045,12,13,13,12,10,9,9,11,12,12,12,9,8,9,11,12,12,12,10,8,9
6046,3,3,3,2,2,2,2,3,2,2,2,2,2,2,3,2,2,2,2,2,2
6047,0,0,0,0,0,0,0,0,0,0,0,0,0,0,0,0,0,0,0,0,0
6048,2,2,2,1,1,1,1,2,2,2,1,1,1,1,2,2,2,1,1,1,1
6049,47,48,50,47,43,40,39,47,50,52,47,41,38,37,43,43,44,40,36,35,36
6050,0,0,0,0,0,0,0,0,0,0,0,0,0,0,0,0,0,0,0,0,0
6051,4,2,2,3,2,2,2,4,2,2,3,2,2,2,4,2,2,3,2,2,2
6052,11,10,9,9,7,6,7,10,9,9,9,7,6,7,10,9,10,9,7,6,8
6053,87,85,78,65,63,58,60,87,90,86,70,66,60,61,86,85,80,66,62,58,60
6054,23,21,19,15,14,19,20,23,21,19,15,14,19,20,23,21,19,16,15,19,20
6055,2,2,1,1,1,1,1,1,1,1,1,1,1,1,1,2,2,1,1,1,1
6056,27,29,27,26,22,21,21,26,29,28,26,22,21,22,27,30,27,26,22,21,22
6057,26,29,27,25,19,16,18,25,28,27,25,19,17,18,26,29,28,25,19,17,18
6058,67,69,67,58,52,45,48,67,69,68,59,53,45,48,68,71,69,59,53,45,48
6059,13,14,15,14,13,11,12,13,14,15,14,13,11,11,13,14,14,14,13,11,11
6060,17,19,21,19,17,13,12,17,18,21,19,17,13,13,18,19,22,20,17,13,13
6061,6,6,6,6,6,5,4,5,5,6,6,6,5,4,6,6,7,6,6,5,4
6062,6,6,6,5,5,4,5,6,6,6,5,5,4,5,6,6,6,5,5,4,5
6063,2,1,1,1,1,1,1,2,1,1,1,1,1,1,2,1,1,1,1,1,1
6064,5,6,7,6,5,4,4,5,6,6,6,5,4,4,5,6,7,6,5,4,4
6065,23,22,22,19,16,16,18,20,21,22,19,16,16,17,19,20,20,18,16,17,19
6066,153,172,173,157,143,136,134,161,182,184,165,148,138,133,157,176,175,156,140,134,131
6067,0,0,0,0,0,0,0,0,0,0,0,0,0,0,0,0,0,0,0,0,0
6068,37,39,37,33,26,23,27,33,39,41,36,29,26,33,42,45,42,36,29,27,32
6069,40,45,44,43,40,38,38,47,55,52,46,38,33,34,38,43,45,43,39,39,36
6070,8,8,8,7,6,5,6,7,8,8,7,6,5,6,7,8,8,7,6,5,7
6071,15,16,14,12,10,10,10,14,15,14,12,11,11,11,16,16,14,12,11,11,11
6072,130,124,99,90,86,83,84,128,123,98,90,86,83,84,129,124,99,91,86,84,85
6073,7,8,9,9,7,7,6,7,8,9,9,7,7,6,7,8,9,9,7,7,6
6074,11,9,8,7,6,6,7,9,8,8,8,7,7,7,9,9,9,8,7,7,8
6075,9,10,9,9,7,7,6,9,10,9,9,7,7,6,9,10,9,9,7,7,6
6076,3,2,3,2,2,3,2,2,2,3,2,2,3,2,3,2,3,3,2,3,3
6077,4,5,6,5,5,4,3,4,5,6,5,5,4,3,4,5,6,5,5,4,4
6078,2,2,2,2,2,2,2,2,2,2,2,2,2,2,2,2,2,2,2,2,2
6079,4,3,3,2,2,2,2,3,3,3,2,2,3,3,3,3,3,2,2,3,3
6080,0,0,1,1,1,0,0,0,0,1,1,1,0,0,0,0,1,1,1,0,0
6081,1,1,1,1,1,1,1,1,1,1,1,1,1,1,1,1,1,1,1,1,1
6082,3,3,3,2,2,2,3,3,3,3,2,2,2,3,3,3,3,2,2,2,3
6083,5,5,5,5,4,4,4,5,5,5,5,4,4,4,5,5,5,5,4,4,4
6084,9,10,10,9,7,7,7,9,10,10,9,7,6,7,9,10,10,9,7,6,7
6085,0,0,0,0,0,0,1,0,0,0,0,0,0,1,0,1,2,3,4,3,3
6086,0,0,0,0,0,0,0,0,0,0,0,0,0,0,0,0,0,0,0,0,0
6087,0,0,0,0,0,0,0,0,0,0,0,0,0,0,0,0,0,0,0,0,0
6088,0,0,0,0,0,0,0,0,0,0,0,0,0,0,0,0,0,0,0,0,0
6089,0,0,0,0,0,0,0,0,0,0,0,0,0,0,0,0,0,0,0,0,0
6090,0,0,0,0,0,0,0,0,0,0,0,0,0,0,0,0,0,0,0,0,0
6091,0,0,0,0,0,0,0,0,0,0,0,0,0,0,0,0,0,0,0,0,0
6092,0,0,0,0,0,0,0,0,0,0,0,0,0,0,0,0,0,0,0,0,0
6093,0,1,1,1,1,2,2,2,2,2,2,2,2,2,3,3,2,2,3,3,3
6094,0,0,0,0,0,0,0,0,0,0,0,0,0,0,0,0,0,0,0,0,0
6095,0,0,0,0,0,0,0,0,0,0,0,0,0,0,0,0,0,0,0,0,0
6096,0,0,0,0,0,0,0,0,0,0,0,0,0,0,0,0,0,0,0,0,0
6097,1,1,1,0,1,1,1,1,1,1,0,1,1,1,1,1,1,0,1,1,1
6098,0,0,1,1,1,1,0,0,0,1,1,1,1,0,0,0,1,1,1,1,0
6099,3,3,2,2,2,2,2,2,2,2,3,2,2,2,2,2,2,2,2,2,2
6100,1,1,1,1,1,1,1,1,1,1,1,1,1,1,1,1,1,1,1,1,1
6101,0,0,0,0,0,0,0,0,0,0,0,0,0,0,0,0,0,0,0,0,0
6102,0,0,0,0,0,0,0,0,0,0,0,0,0,0,0,0,0,0,0,0,0
6103,0,0,0,0,0,0,0,0,0,0,0,0,0,0,0,0,0,0,0,0,0
6104,0,0,0,0,0,0,0,0,0,0,0,0,0,0,0,0,0,0,0,0,0
6105,2,3,4,4,4,4,4,4,4,3,3,2,2,2,2,2,2,2,2,2,2
6106,0,0,0,0,0,0,0,0,0,0,0,0,0,0,0,0,0,0,0,0,0
6107,19,19,19,19,20,18,18,19,19,19,19,20,18,18,19,19,19,19,20,18,18
6108,4,4,4,4,4,3,3,4,4,4,4,4,3,4,4,4,4,4,4,3,4
6109,0,0,0,0,0,0,0,0,0,0,0,0,0,0,0,0,0,0,0,0,0
6110,0,0,0,0,0,0,0,0,0,0,0,0,0,0,0,0,0,0,0,0,0
6111,0,0,0,0,0,0,0,0,0,0,0,0,0,0,0,0,0,0,0,0,0
6112,0,0,0,0,0,0,0,0,0,0,0,0,0,0,0,0,0,0,0,0,0
6113,0,0,0,0,0,0,0,0,0,0,0,0,0,0,0,0,0,0,0,0,0
6114,4,3,3,3,3,3,3,3,3,3,3,3,3,3,4,3,3,3,3,3,3
6115,0,0,0,0,0,0,0,0,0,0,0,0,0,0,0,0,0,0,0,0,0
6116,1,1,1,1,1,0,1,1,1,1,1,1,0,1,1,1,1,1,1,0,1
6117,0,0,0,0,0,0,0,0,0,0,0,0,0,0,0,0,0,0,0,0,0
6118,0,0,0,0,0,0,0,0,0,0,0,0,0,0,0,0,0,0,0,0,0
6119,34,30,33,40,43,44,31,31,29,33,41,44,47,34,32,29,32,39,42,45,33
6120,3,2,2,2,2,2,3,3,3,2,2,2,2,3,3,3,2,2,2,2,3
6121,0,0,0,0,0,0,0,0,0,0,0,0,0,0,0,0,0,0,0,0,0
6122,0,0,0,0,0,0,0,0,0,0,0,0,0,0,0,0,0,0,0,0,0
6123,0,0,0,0,0,1,0,0,1,0,0,0,1,0,1,1,0,1,0,1,1
6124,0,0,0,0,0,0,0,0,0,0,0,0,0,0,0,0,0,0,0,0,0
6125,0,0,0,0,0,0,0,0,0,0,0,0,0,0,0,0,0,0,0,0,0
6126,0,0,0,0,0,0,0,0,0,0,0,0,0,0,0,0,0,0,0,0,0
6127,1,3,3,2,1,2,1,1,3,3,2,1,2,1,2,4,3,2,1,2,1
6128,1,2,2,1,1,1,1,1,2,2,2,1,1,1,1,2,2,2,1,1,1
6129,1,1,1,1,1,1,1,1,1,1,1,1,1,1,1,1,1,1,1,1,1
6130,7,7,10,10,10,7,5,6,6,10,10,10,7,5,6,7,10,10,10,7,5
6131,4,3,3,2,2,2,2,3,3,3,2,2,2,2,3,3,3,2,2,2,2
6132,1,1,1,1,1,1,1,1,1,1,1,1,1,1,1,1,1,1,1,1,1
6133,0,0,0,0,0,0,0,0,0,0,0,0,0,0,0,0,0,0,0,0,0
6134,125,184,214,181,167,112,112,132,190,212,173,155,103,109,131,183,206,169,153,104,101
6135,50,51,50,45,41,36,31,45,56,58,52,47,44,43,47,43,44,39,37,39,35
6136,5,5,5,6,5,4,4,5,5,5,6,5,4,4,5,5,5,6,5,4,4
6137,1,1,1,1,1,1,0,1,1,1,1,1,1,0,1,1,1,1,1,1,0
6138,0,0,1,0,0,0,0,0,0,1,0,0,0,0,0,0,1,0,0,0,0
6139,2,2,2,2,2,1,1,2,2,2,2,2,1,1,2,2,2,2,2,1,1
6140,9,10,15,13,12,8,6,9,10,15,13,12,8,6,9,10,14,13,12,8,6
6141,17,25,28,35,31,23,14,17,25,28,35,31,23,14,17,25,28,35,31,23,14
6142,184,189,171,145,132,133,163,184,189,171,145,132,133,163,184,189,171,145,132,133,163
6143,2,3,3,3,2,2,2,2,2,3,3,2,2,2,2,2,3,3,2,2,2
6144,30,41,48,51,54,35,20,30,41,49,51,54,35,20,29,41,48,51,54,35,20
6145,1,1,1,1,1,1,1,1,1,1,1,1,1,1,1,1,1,1,1,1,1
6146,2,2,2,3,3,3,1,2,2,2,3,3,2,1,1,2,2,3,3,2,1
6147,12,18,21,19,16,14,11,14,20,21,19,16,13,10,13,20,23,20,17,14,11
6148,153,149,136,111,103,121,128,158,158,143,115,104,122,130,157,151,135,107,98,118,124
6149,8,12,17,14,11,8,6,10,14,18,14,11,8,8,12,16,19,15,12,9,7
6150,0,1,0,1,0,1,1,0,1,0,1,0,1,1,0,1,0,1,0,1,1
6151,1,1,1,1,1,1,1,2,1,1,1,1,1,1,1,1,1,1,1,1,1
6152,0,0,0,0,0,0,0,0,0,0,0,0,0,0,0,1,0,0,0,0,0
6153,2,2,2,1,1,2,2,2,2,2,1,1,2,2,2,2,2,1,1,2,2
6154,1,1,1,1,0,0,0,1,1,1,1,0,0,0,1,1,1,1,0,0,0
6155,0,0,0,0,0,0,0,0,0,0,0,0,0,0,0,0,0,0,0,0,0
6156,1,0,0,0,0,0,0,1,0,0,0,0,1,1,1,1,1,1,1,1,1
6157,1,1,1,1,0,0,0,1,1,1,1,0,0,0,1,1,1,1,0,0,0
6158,0,0,0,0,0,0,1,0,0,0,0,0,0,1,0,0,0,0,0,0,1
6159,0,0,0,0,0,0,0,0,0,0,0,0,0,0,0,0,0,0,0,0,0
6160,2,2,1,1,1,1,1,2,2,1,1,1,1,1,2,2,1,1,1,1,1
6161,0,1,1,1,1,1,0,0,1,1,1,1,1,0,0,1,1,1,1,1,0
6162,0,0,0,0,0,0,0,0,0,0,0,0,0,0,0,0,0,0,0,0,0
6163,0,0,0,0,0,0,0,0,0,0,0,0,0,0,0,0,0,0,0,0,0
6164,0,0,0,0,0,0,0,0,0,0,0,0,0,0,0,0,0,0,0,0,0
6165,0,0,0,0,0,0,0,0,0,0,0,0,0,0,0,0,0,0,0,0,0
6166,0,0,0,0,0,0,0,0,0,0,0,0,0,0,0,0,0,0,0,0,0
6167,0,0,0,0,0,0,0,0,0,0,0,0,0,0,0,0,0,0,0,0,0
6168,0,1,1,0,0,0,0,0,1,0,0,0,0,0,0,1,1,0,0,0,0
6169,0,0,0,0,0,0,0,0,0,0,0,0,0,0,0,0,0,0,0,0,0
6170,0,0,0,0,0,0,0,0,0,0,0,0,0,0,0,0,0,0,0,0,0
6171,0,0,0,0,0,0,0,0,0,0,0,0,0,0,0,0,0,0,0,0,0
6172,0,0,0,0,0,0,0,0,0,0,0,0,0,0,0,0,0,0,0,0,0
6173,1,0,1,1,1,1,1,1,0,1,1,1,1,1,1,1,1,1,1,1,1
6174,0,0,0,0,0,0,0,0,0,0,0,0,0,0,0,0,0,0,0,0,0
6175,0,0,0,0,0,0,0,0,0,0,0,0,0,0,0,0,0,0,0,0,0
6176,0,0,0,0,0,0,0,0,0,0,0,0,0,0,0,0,0,0,0,0,0
6177,0,0,0,0,0,0,0,0,0,0,0,0,0,0,0,0,0,0,0,0,0
6178,0,0,0,0,0,0,0,0,0,0,0,0,0,0,0,0,0,0,0,0,0
6179,0,1,1,1,1,0,0,0,1,1,1,1,0,0,0,1,1,1,1,0,0
6180,0,0,0,0,0,0,0,0,0,0,0,0,0,0,0,0,0,0,0,0,0
6181,0,0,0,0,0,0,0,0,0,0,0,0,0,0,0,0,0,0,0,0,0
6182,0,0,0,0,0,0,0,0,0,0,0,0,0,0,0,0,0,0,0,0,0
6183,0,0,0,0,0,0,0,0,0,0,0,0,0,0,0,0,0,0,0,0,0
6184,0,0,0,0,0,0,0,0,0,0,0,0,0,0,0,0,0,0,0,0,0
6185,0,0,0,0,0,0,0,0,0,0,0,0,0,0,0,0,0,0,0,0,0
6186,1,1,1,1,1,1,1,1,1,1,1,1,1,1,1,1,1,1,1,1,1
6187,0,0,0,0,0,0,0,0,0,0,0,0,0,0,0,0,0,0,0,0,0
6188,0,0,0,0,0,0,0,0,0,0,0,0,0,0,0,0,0,0,0,0,0
6189,0,0,0,0,0,0,0,0,0,0,0,0,0,0,0,0,0,0,0,0,0
6190,1,1,1,0,0,0,0,1,1,1,0,0,0,0,1,1,1,0,0,0,0
6191,0,0,0,0,0,0,0,0,0,0,0,0,0,0,0,0,0,0,0,0,0
6192,0,0,0,0,0,0,0,0,0,0,0,0,0,0,0,0,0,0,0,0,0
6193,0,1,1,0,0,1,1,1,1,1,1,0,0,0,1,1,1,0,0,0,0
6194,0,0,0,0,0,0,0,0,0,0,0,0,0,0,0,0,0,0,0,0,0
6195,0,0,0,0,0,0,0,0,0,0,0,0,0,0,0,0,0,0,0,0,0
6196,0,0,0,0,0,0,0,0,0,0,0,0,0,0,0,0,0,0,0,0,0
6197,0,0,0,0,0,0,0,0,0,0,0,0,0,0,0,0,0,0,0,0,0
6198,0,0,0,0,0,0,0,0,0,0,0,0,0,0,0,0,0,0,0,0,0
6199,0,0,0,0,0,0,0,0,0,0,0,0,0,0,0,0,0,0,0,0,0
6200,0,0,0,0,0,0,0,0,0,0,0,0,0,0,0,0,0,0,0,0,0
6201,1,3,4,3,1,1,0,0,0,0,0,0,0,0,0,0,0,0,0,0,0
6202,0,0,0,0,0,0,0,0,0,0,0,0,0,0,0,0,0,0,0,0,0
6203,0,0,0,0,0,0,0,0,0,0,0,0,0,0,0,0,0,0,0,0,0
6204,0,0,0,0,0,0,0,0,0,0,0,0,0,0,0,0,0,0,0,0,0
6205,0,0,0,0,0,0,0,0,0,0,0,0,0,0,0,0,0,0,0,0,0
6206,0,0,0,0,0,0,0,0,0,0,0,0,0,0,0,0,0,0,0,0,0
6207,0,0,0,0,0,0,0,0,0,0,0,0,0,0,0,0,0,0,0,0,0
6208,0,0,0,0,0,0,0,0,0,0,0,0,0,0,0,0,0,0,0,0,0
6209,0,0,0,0,0,0,0,0,0,0,0,0,0,0,0,0,0,0,0,0,0
6210,0,0,0,0,0,0,0,0,0,0,0,0,0,0,0,0,0,0,0,0,0
6211,0,0,0,0,0,0,0,0,0,0,0,0,0,0,0,0,0,0,0,0,0
6212,0,0,0,0,0,0,0,0,0,0,0,0,0,0,0,0,0,0,0,0,0
6213,0,0,0,0,0,0,0,0,0,0,0,0,0,0,0,0,0,0,0,0,0
6214,13,2,2,0,0,0,0,13,2,2,0,0,0,0,13,2,2,0,0,0,0
6215,0,0,0,0,0,0,0,0,0,0,0,0,0,0,0,0,0,0,0,0,0
6216,0,0,0,0,0,0,0,0,0,0,0,0,0,0,0,0,0,0,0,0,0
6217,2,2,4,4,4,3,2,2,3,4,4,4,3,2,2,2,4,4,4,3,2
6218,2,5,8,9,8,4,2,2,5,8,9,7,4,2,2,5,8,9,7,4,2
6219,1,1,2,2,1,1,1,1,1,2,2,1,1,1,1,1,2,1,1,1,1
6220,1,0,0,0,0,0,0,1,0,0,0,0,0,0,1,0,0,0,0,0,0
6221,0,1,1,1,1,1,0,0,1,1,1,1,1,0,0,1,1,1,1,1,0
6222,24,24,23,22,21,21,22,24,23,23,20,19,19,21,23,22,22,20,19,19,21
6223,3,3,4,4,3,3,3,3,3,4,3,3,3,2,3,3,4,3,3,3,3
6224,1,1,1,1,1,0,0,0,1,1,1,1,0,0,0,1,1,1,1,0,0
6225,212,259,302,290,243,200,155,209,265,315,296,240,196,156,214,259,295,273,222,185,148
6226,1,1,1,0,0,0,1,1,1,1,0,0,0,1,1,1,1,0,0,1,1
6227,17,18,17,13,10,12,12,15,17,17,13,10,12,12,16,18,17,13,11,12,12
6228,0,0,1,1,1,0,0,0,0,1,1,1,0,0,0,1,1,1,1,0,0
6229,0,0,0,0,0,0,0,0,0,0,0,0,0,0,0,0,0,0,0,0,0
6230,3,3,4,5,6,5,3,3,3,4,5,5,5,3,3,3,4,5,5,5,3
6231,6,6,6,6,5,5,6,6,6,6,6,5,5,6,6,6,6,6,5,5,6
6232,35,37,37,35,31,28,30,35,38,39,35,30,27,29,32,34,35,32,28,27,29
6233,1,1,1,0,0,0,1,1,1,1,1,1,1,1,1,1,1,1,1,1,1
6234,7,5,6,5,5,5,4,7,5,6,5,5,5,4,7,5,6,5,5,5,4
6235,14,16,17,15,13,12,12,14,16,17,15,13,12,12,14,16,17,15,13,11,12
6236,0,0,0,0,0,0,0,0,0,0,0,0,0,0,0,0,0,0,0,0,0
6237,3,3,3,2,2,2,2,2,2,2,2,1,1,2,2,2,2,2,2,2,2
6238,68,97,90,103,89,68,45,68,97,90,103,89,68,45,68,97,90,103,89,68,45
6239,6,8,10,9,11,9,5,6,8,10,9,11,9,5,6,8,10,9,11,9,5
6240,0,0,0,0,0,0,0,0,0,0,0,0,0,0,0,0,0,0,0,0,0
6241,1,1,0,0,0,0,0,1,1,0,0,0,0,0,1,1,0,0,0,0,0
6242,0,0,0,0,0,0,0,0,0,0,0,0,0,0,0,0,0,0,0,0,0
6243,0,0,0,0,0,0,0,0,0,0,0,0,0,0,0,0,0,0,0,0,0
6244,0,0,0,1,1,1,0,0,0,0,1,1,1,0,0,0,0,1,1,1,0
6245,0,0,0,0,0,0,0,0,0,0,0,0,0,0,0,0,0,0,0,0,0
6246,0,0,0,0,0,0,0,0,0,0,0,0,0,0,0,0,0,0,0,0,0
6247,0,0,0,0,0,0,0,0,0,0,0,0,0,0,0,0,0,0,0,0,0
6248,0,0,0,0,0,0,0,0,0,0,0,0,0,0,0,0,0,0,0,0,0
6249,0,0,0,0,0,0,0,0,0,0,0,0,0,0,0,0,0,0,0,0,0
6250,0,0,0,0,0,0,0,0,0,0,0,0,0,0,0,0,0,0,0,0,0
6251,0,0,0,0,0,0,0,0,0,0,0,0,0,0,0,0,0,0,0,0,0
6252,9,8,6,5,5,5,5,5,5,5,5,5,5,5,5,5,5,5,4,4,4
6253,0,0,0,0,0,0,0,0,0,0,0,0,0,0,0,0,0,0,0,0,0
6254,24,26,26,25,22,20,20,25,26,26,24,21,19,20,22,22,22,20,18,18,18
6255,3,3,3,3,2,2,2,3,3,3,3,2,2,2,3,3,3,3,2,2,2
6256,13,14,14,13,12,11,11,13,14,14,13,11,10,11,12,13,12,12,11,10,11
6257,41,43,42,39,35,32,32,39,42,42,39,34,31,32,35,34,33,30,28,27,30
6258,1,1,1,1,1,1,1,1,1,1,1,1,1,1,1,1,1,1,1,1,1
6259,11,11,11,10,9,8,8,10,10,10,10,8,7,8,9,10,10,9,8,7,8
6260,6,7,7,7,6,5,5,6,7,7,7,6,5,5,7,7,7,7,6,5,5
6261,0,0,0,0,0,0,0,0,0,0,0,0,0,0,0,0,0,0,0,0,0
6262,3,3,4,4,4,4,3,4,3,4,4,4,4,3,3,3,4,4,4,4,3
6263,0,0,0,0,0,0,0,0,0,0,0,0,0,0,0,0,0,0,0,0,0
6264,0,0,0,0,0,0,0,0,0,0,0,0,0,0,0,0,0,0,0,0,0
6265,4,7,6,6,5,3,2,4,7,6,6,5,3,2,4,7,6,6,5,3,2
6266,0,0,0,0,0,0,0,0,0,0,0,0,0,0,0,0,0,0,0,0,0
6267,1,1,1,1,0,0,1,1,1,1,1,0,0,1,1,1,1,1,0,0,1
6268,0,0,0,0,0,0,0,0,0,0,0,0,0,0,0,0,0,0,0,0,0
6269,0,0,0,0,0,0,0,0,0,0,0,0,0,0,0,0,0,0,0,0,0
6270,0,0,0,0,0,0,0,0,0,0,0,0,0,0,0,0,0,0,0,0,0
6271,0,0,0,0,0,0,0,0,0,0,0,0,0,0,0,0,0,0,0,0,0
6272,0,0,0,0,0,0,0,0,0,0,0,0,0,0,0,0,0,0,0,0,0
6273,2,2,1,1,1,1,1,2,2,2,2,1,1,1,1,1,1,1,1,1,1
6274,1,2,2,2,1,1,1,1,2,2,2,1,1,1,2,2,2,2,1,1,1
6275,0,0,0,0,0,0,0,0,0,0,0,0,0,0,0,0,0,0,0,0,0
6276,9,11,12,7,6,5,5,9,11,12,7,6,5,5,9,11,12,7,6,5,5
6277,6,6,7,7,6,5,5,6,6,7,7,6,5,5,6,7,8,7,6,5,5
6278,0,1,1,1,1,1,1,1,1,0,1,1,1,1,1,0,0,1,0,1,1
6279,1,1,1,1,1,1,1,1,1,1,1,1,1,1,1,1,1,1,1,1,1
6280,11,13,12,12,12,10,9,12,13,13,12,12,10,10,12,13,13,12,12,11,10
6281,14,15,14,13,12,11,11,14,15,14,13,12,11,11,14,15,14,13,12,11,11
6282,7,8,9,8,7,5,4,7,9,11,10,8,5,5,8,9,10,9,8,6,5
6283,3,3,3,3,3,2,2,3,3,3,3,3,2,3,3,3,3,3,3,3,3
6284,2,2,2,2,2,1,2,2,2,2,2,2,1,2,2,2,2,1,2,1,2
6285,1,1,1,1,1,1,1,1,1,1,1,1,1,1,1,1,1,1,1,1,1
6286,17,17,17,15,14,13,14,17,17,17,15,14,13,14,17,17,17,15,14,13,14
6287,3,3,3,2,2,2,2,3,3,4,3,3,2,3,3,3,3,3,2,2,3
6288,92,97,99,87,83,85,98,99,111,116,103,96,97,109,105,108,107,91,84,88,99
6289,1,1,1,1,1,0,0,0,1,1,1,1,0,0,0,1,1,1,1,0,0
6290,3,3,3,3,3,2,3,3,3,4,3,3,3,3,3,4,4,3,3,2,3
6291,2,2,1,1,1,1,2,2,2,1,1,1,1,2,2,2,1,1,1,1,1
6292,7,10,9,9,8,6,6,6,10,9,9,8,6,6,7,10,9,9,8,6,6
6293,1,1,1,2,1,1,1,1,1,1,2,1,1,1,1,1,1,2,1,1,1
6294,2,3,3,3,3,2,2,2,3,3,3,3,2,2,2,3,3,3,3,2,2
6295,65,70,77,79,77,72,68,75,82,88,86,80,74,66,68,69,74,73,70,67,61
6296,6,6,7,7,6,6,5,6,6,6,7,6,5,5,6,6,6,7,6,5,5
6297,18,22,21,24,20,15,19,18,22,21,24,20,15,19,18,22,21,24,19,15,19
6298,0,0,1,1,1,1,1,1,1,1,1,1,1,1,1,1,1,1,1,1,1
6299,4,4,4,4,3,2,2,3,4,4,4,3,2,2,3,4,4,4,3,2,1
6300,4,3,3,3,2,3,2,4,3,4,3,2,3,3,4,4,4,3,2,3,3
6301,1,1,2,1,1,1,1,1,1,2,1,1,1,1,1,1,2,1,1,1,1
6302,2,2,1,1,1,1,1,2,2,1,1,1,1,1,2,2,1,1,1,1,1
6303,0,0,0,0,0,0,0,0,0,0,0,0,0,0,0,0,0,0,0,0,0
6304,0,0,0,0,0,0,0,0,0,0,0,0,0,0,0,0,0,0,0,0,0
6305,0,0,0,0,0,0,0,0,0,0,1,0,1,0,0,0,0,1,0,0,0
6306,4,4,4,4,4,3,3,4,4,4,4,4,3,3,4,4,4,4,4,3,3
6307,2,2,2,2,2,2,2,2,2,2,2,2,2,2,2,2,2,2,2,2,2
6308,2,2,2,2,2,2,2,2,2,2,2,2,2,2,2,2,2,2,2,2,2
6309,0,0,0,0,0,0,0,0,0,0,0,0,0,0,0,0,0,0,0,0,0
6310,10,9,10,10,8,8,8,9,9,10,10,9,8,8,9,9,10,10,9,8,9
6311,0,0,1,1,1,0,0,0,0,1,1,1,0,0,0,0,1,1,1,0,0
6312,0,1,1,1,0,0,0,0,0,0,0,0,0,0,0,0,0,0,0,0,0
6313,1,1,1,1,1,1,1,1,1,1,1,1,1,1,1,1,1,1,1,1,1
6314,0,0,0,0,0,0,0,0,0,0,0,0,0,0,0,0,0,0,0,0,0
6315,0,0,0,0,0,0,0,0,0,0,0,0,0,0,0,0,0,0,0,0,0
6316,0,0,0,0,0,0,0,0,0,0,0,0,0,0,0,0,0,0,0,0,0
6317,1,1,0,0,0,0,0,0,1,0,0,0,0,0,1,1,0,0,0,0,0
6318,0,0,0,0,0,0,0,0,0,0,0,0,0,0,0,0,0,0,0,0,0
6319,0,0,0,0,0,0,0,0,0,0,0,0,0,0,0,0,0,0,0,0,0
6320,0,0,0,0,0,0,0,0,0,0,0,0,0,0,0,0,0,0,0,0,0
6321,0,0,0,0,0,0,0,0,0,0,0,0,0,0,0,0,0,0,0,0,0
6322,0,0,0,0,0,0,0,0,0,0,0,0,0,0,0,0,0,0,0,0,0
6323,0,0,0,0,0,0,0,0,0,0,0,0,0,0,0,0,0,0,0,0,0
6324,0,0,0,0,0,0,0,0,0,0,0,0,0,0,0,0,0,0,0,0,0
6325,0,0,0,0,0,0,0,0,0,0,0,0,0,0,0,0,0,0,0,0,0
6326,0,0,0,0,0,0,0,0,0,0,0,0,0,0,0,0,0,0,0,0,0
6327,1,0,0,1,0,0,0,1,0,0,1,0,0,0,1,0,0,1,0,0,0
6328,0,0,0,0,0,0,0,0,0,0,0,0,0,0,0,0,0,0,0,0,0
6329,0,0,0,0,0,0,0,0,0,0,0,0,0,0,0,0,0,0,0,0,0
6330,0,0,0,0,0,0,0,0,0,0,0,0,0,0,0,0,0,0,0,0,0
6331,0,0,0,0,0,0,0,0,0,0,0,0,0,0,0,0,0,0,0,0,0
6332,0,0,0,1,1,0,0,0,0,0,1,1,1,0,0,0,1,1,1,0,0
6333,2,2,2,2,1,1,1,2,2,2,2,1,1,1,2,2,2,2,1,1,1
6334,0,0,0,0,0,0,0,0,0,0,0,0,0,0,0,0,0,0,0,0,0
6335,45,45,44,36,36,34,35,45,46,42,31,29,26,27,36,39,42,35,36,35,33
6336,0,0,0,0,0,0,0,0,0,0,0,0,0,0,0,0,0,0,0,0,0
6337,0,0,0,0,0,0,0,0,0,0,0,0,0,0,0,0,0,0,0,0,0
6338,1,1,1,1,1,0,0,0,1,1,1,0,0,0,0,1,1,0,0,0,0
6339,18,21,24,23,20,15,14,17,21,24,23,20,16,16,19,21,24,23,20,15,14
6340,8,7,6,6,5,6,6,8,9,10,11,10,10,10,11,9,8,8,7,8,8
6341,1,1,1,1,1,1,1,1,1,1,1,1,1,1,1,1,1,1,1,1,1
6342,0,0,0,0,0,0,0,0,0,0,0,0,0,0,0,0,0,0,0,0,0
6343,3,3,3,3,2,2,2,3,3,3,3,2,2,2,3,3,3,2,2,2,2
6344,8,7,7,5,4,5,5,7,6,7,6,4,5,5,7,6,7,5,4,5,5
6345,1,1,1,1,1,1,1,1,2,1,1,1,1,1,1,2,1,1,1,1,1
6346,0,0,0,0,0,0,0,0,0,0,0,0,0,0,0,0,0,0,0,0,0
6347,0,0,0,0,0,0,0,0,0,0,0,0,0,0,0,0,0,0,0,0,0
6348,4,4,5,5,4,4,4,4,4,5,5,4,4,4,4,4,5,5,4,4,4
6349,30,32,32,29,26,25,22,25,27,28,25,22,22,20,22,24,26,23,21,23,21
6350,1,1,1,0,0,0,0,1,1,1,0,0,0,0,1,1,1,0,0,0,0
6351,1,1,1,0,0,0,1,1,1,1,0,0,0,1,1,1,1,0,0,0,1
6352,0,0,0,0,0,0,0,0,0,0,0,0,0,0,0,0,0,0,0,0,0
6353,0,0,0,0,0,0,0,0,0,0,0,0,0,0,0,0,0,0,0,0,0
6354,0,0,0,0,0,0,0,0,0,0,0,0,0,0,0,0,0,0,0,0,0
6355,0,0,0,0,0,0,0,0,0,0,0,0,0,0,0,0,0,0,0,0,0
6356,0,0,0,0,0,0,0,0,0,0,0,0,0,0,0,0,0,0,0,0,0
6357,1,1,1,1,1,1,0,1,1,1,1,1,1,1,1,1,1,1,1,1,1
6358,0,0,0,0,0,0,0,0,0,0,0,0,0,0,0,0,0,0,0,0,0
6359,3,3,3,3,2,2,2,2,3,3,3,3,2,3,3,3,3,3,3,3,3
6360,1,1,1,1,1,1,1,1,1,1,1,1,1,1,1,1,1,1,1,1,1
6361,0,0,0,0,0,0,0,0,0,0,0,0,0,0,0,0,0,0,0,0,0
6362,8,9,9,8,6,6,7,8,9,9,8,6,6,7,8,9,9,8,6,6,7
6363,2,2,2,2,1,2,1,2,2,2,2,2,2,1,2,2,2,2,2,2,2
6364,3,3,3,3,3,2,2,3,3,3,3,2,2,2,3,3,3,3,2,2,2
6365,2,2,2,2,1,2,1,2,2,2,2,1,1,1,2,2,2,2,1,1,1
6366,1,1,0,0,0,0,0,1,1,0,0,0,0,0,1,1,0,0,0,0,0
6367,1,1,1,1,1,1,1,1,1,1,1,1,1,1,1,1,1,1,1,1,1
6368,1,0,1,0,0,0,0,1,0,1,0,0,0,0,1,0,1,0,0,0,0
6369,0,0,0,0,0,0,0,0,0,0,0,0,0,0,0,0,0,0,0,0,0
6370,4,5,5,4,4,3,4,4,5,5,4,4,3,4,4,5,5,4,4,3,4
6371,0,0,0,0,0,0,0,0,1,1,1,1,0,0,0,0,0,0,0,0,0
6372,2,3,2,2,2,2,2,2,2,2,2,2,2,2,2,2,2,2,2,2,2
6373,1,1,1,1,1,1,1,1,1,0,1,1,1,1,1,1,1,1,1,1,1
6374,20,21,20,19,17,18,19,23,25,23,21,18,19,20,23,25,23,21,19,20,20
6375,6,5,6,6,5,4,4,5,5,5,5,5,4,4,5,5,5,5,5,4,4
6376,27,26,25,24,23,22,22,25,25,25,23,21,20,22,23,20,21,20,19,20,20
6377,1,0,0,0,0,0,0,1,0,0,0,0,0,0,1,0,0,0,0,0,0
6378,24,24,25,23,21,21,20,23,23,23,21,19,19,18,20,20,20,19,17,18,17
6379,7,8,9,5,4,5,5,7,8,8,5,4,4,5,7,8,9,5,4,5,5
6380,44,45,45,43,38,37,37,45,47,47,44,39,38,39,46,46,46,42,38,38,37
6381,4,4,4,3,2,2,2,3,4,4,3,2,2,2,4,4,4,3,2,2,3
6382,12,14,14,13,11,9,8,12,14,14,13,11,9,8,12,14,14,14,11,10,9
6383,4,4,4,5,5,4,3,4,4,4,5,5,4,3,4,4,4,5,5,4,3
6384,4,5,4,4,3,3,3,4,4,4,4,3,3,3,4,4,4,4,3,3,3
6385,0,0,0,0,0,0,0,0,0,0,0,0,0,0,0,0,0,0,0,0,0
6386,1,1,2,2,2,2,1,1,1,2,2,2,2,1,1,1,2,2,2,2,1
6387,0,0,0,0,0,0,0,0,0,0,0,0,0,0,0,0,0,0,0,0,0
6388,0,0,0,0,0,0,0,0,0,0,0,0,0,0,0,0,0,0,0,0,0
6389,2,2,2,1,1,1,1,2,2,2,1,1,1,1,2,2,2,1,1,1,1
6390,0,0,0,0,0,0,0,0,0,0,0,0,0,0,0,0,0,0,0,0,0
6391,19,20,21,22,21,21,19,19,22,24,25,24,23,22,22,24,25,26,24,24,22
6392,7,7,7,8,7,7,5,6,6,7,8,7,6,5,7,7,7,8,7,7,5
6393,0,1,0,1,0,0,0,0,1,0,1,0,0,0,0,1,0,1,0,0,0
6394,0,0,0,1,1,0,1,0,0,0,1,1,0,1,0,0,0,1,1,0,1
6395,3,3,3,2,3,2,3,3,3,3,2,3,2,3,3,3,3,2,3,2,3
6396,0,0,0,0,0,0,0,0,0,0,0,0,0,0,0,0,0,0,0,0,0
6397,0,0,0,0,0,0,0,0,0,0,0,0,0,0,0,0,0,0,0,0,0
6398,0,0,0,0,0,0,0,0,0,0,0,0,0,0,0,0,0,0,0,0,0
6399,0,0,0,0,0,0,0,0,0,0,0,0,0,0,0,0,0,0,0,0,0
6400,0,0,0,0,0,0,0,0,0,0,0,0,0,0,0,0,0,0,0,0,0
6401,0,1,0,0,0,0,0,0,1,0,0,0,0,0,0,1,0,0,0,0,0
6402,0,0,0,0,0,0,0,0,0,0,0,0,0,0,0,0,0,0,0,0,0
6403,0,0,0,0,0,0,0,0,0,0,0,0,0,0,0,0,0,0,0,0,0
6404,0,0,0,0,0,0,0,0,0,0,0,0,0,0,0,0,0,0,0,0,0
6405,0,0,0,0,0,0,0,0,0,0,0,0,0,0,0,0,0,0,0,0,0
6406,0,0,0,0,0,0,0,0,0,0,0,0,0,0,0,0,0,0,0,0,0
6407,0,0,0,0,0,0,0,0,0,0,0,0,0,0,0,0,0,0,0,0,0
6408,0,0,0,0,0,0,0,0,0,0,0,0,0,0,0,0,0,0,0,0,0
6409,0,0,0,0,0,0,0,0,0,0,0,0,0,0,0,0,0,0,0,0,0
6410,0,0,0,0,0,0,0,0,0,0,0,0,0,0,0,0,0,0,0,0,0
6411,0,0,0,0,0,0,0,0,0,0,0,0,0,0,0,0,0,0,0,0,0
6412,0,0,0,0,0,0,0,0,0,0,0,0,0,0,0,0,0,0,0,0,0
6413,0,0,0,0,0,0,0,0,0,0,0,0,0,0,0,0,0,0,0,0,0
6414,0,0,0,0,0,0,0,0,0,0,0,0,0,0,0,0,0,0,0,0,0
6415,0,0,0,0,0,0,0,0,0,0,0,0,0,0,0,0,0,0,0,0,0
6416,0,0,0,0,0,0,0,0,0,0,0,0,0,0,0,0,0,0,0,0,0
6417,1,1,1,1,1,1,1,1,1,1,1,1,1,1,1,1,1,1,1,1,1
6418,6,6,5,5,4,3,4,5,5,5,5,4,3,4,5,5,5,5,4,4,4
6419,0,0,0,0,0,0,0,0,0,0,0,0,0,0,0,0,0,0,0,0,0
6420,0,0,0,0,0,0,0,0,0,0,0,0,0,0,0,0,0,0,0,0,0
6421,0,0,0,0,0,0,0,0,0,0,0,0,0,0,0,0,0,0,0,0,0
6422,0,0,0,0,0,0,0,0,0,0,0,0,0,0,0,0,0,0,0,0,0
6423,3,6,8,6,5,3,3,3,5,8,6,5,3,3,3,5,8,6,5,3,3
6424,33,38,35,32,28,25,25,33,40,38,34,28,25,24,29,34,33,32,28,25,24
6425,37,41,43,42,36,31,32,39,44,44,41,33,27,27,31,35,37,36,30,26,26
6426,28,33,31,28,25,20,21,24,30,31,29,26,22,22,24,28,27,26,24,20,21
6427,7,10,11,8,6,4,4,7,10,11,8,6,4,4,7,10,11,8,6,4,4
6428,2,4,5,4,3,2,2,2,4,5,4,3,2,2,2,4,5,5,3,2,2
6429,19,22,20,20,17,14,13,17,20,20,19,16,13,11,15,20,20,20,17,14,13
6430,10,12,13,12,10,8,8,10,11,12,11,10,8,7,9,11,12,11,10,8,7
6431,9,12,11,9,7,6,6,9,11,10,8,6,6,6,9,11,11,9,7,7,7
6432,15,16,15,15,12,10,11,13,16,15,15,12,10,11,12,14,14,14,11,10,11
6433,14,14,14,12,9,8,9,10,11,12,11,8,7,8,10,12,13,12,9,9,10
6434,21,25,25,26,22,20,20,24,27,26,25,20,18,19,23,24,23,22,18,16,17
6435,26,32,31,28,23,18,17,23,28,28,26,21,18,16,23,28,28,27,22,18,17
6436,55,58,59,57,51,45,45,56,58,55,50,42,36,37,47,50,52,50,44,40,38
6437,33,41,47,42,38,33,32,39,42,43,38,35,32,31,36,39,38,34,32,30,29
6438,41,44,45,44,37,33,35,44,47,46,43,36,32,35,43,45,44,42,37,37,36
6439,21,26,26,23,18,16,16,20,25,26,23,18,16,15,20,25,26,23,18,16,15
6440,9,15,16,12,8,6,5,9,15,16,12,8,6,5,9,15,16,12,8,6,5
6441,0,0,0,0,0,0,0,0,0,0,0,0,0,0,0,0,0,0,0,0,0
6442,0,0,0,0,0,0,0,0,0,0,0,0,0,0,0,0,0,0,0,0,0
6443,0,0,0,0,0,0,0,0,0,0,0,0,0,0,0,0,0,0,0,0,0
6444,0,0,0,0,0,0,0,0,0,0,0,0,0,0,0,0,0,0,0,0,0
6445,9,8,5,5,4,5,7,9,8,5,5,4,5,7,9,8,5,5,4,5,7
6446,14,15,16,15,13,13,12,14,15,16,15,13,13,12,14,15,16,15,13,13,12
6447,2,2,2,2,2,2,2,2,2,2,2,2,2,2,2,2,2,2,2,2,2
6448,0,0,0,0,0,0,0,0,0,0,0,0,0,0,0,0,0,0,0,0,0
6449,0,0,0,0,0,0,0,0,0,0,0,0,0,0,0,0,0,0,0,0,0
6450,73,78,81,75,83,72,65,73,78,81,74,83,71,65,73,78,81,74,83,71,65
6451,8,8,8,8,7,7,8,10,12,11,9,7,6,7,9,10,11,10,9,9,10
6452,2,2,1,1,1,1,1,2,2,1,1,1,1,1,2,2,1,1,1,1,1
6453,13,15,15,16,15,14,13,13,15,15,16,15,14,13,13,15,15,16,15,14,13
6454,11,13,14,13,11,9,9,11,13,14,14,11,10,10,12,14,15,14,12,10,10
6455,0,0,0,0,0,0,0,0,0,0,0,0,0,0,0,0,0,0,0,0,0
6456,1,1,1,1,1,1,1,1,1,1,1,1,1,1,1,1,1,1,1,1,1
6457,34,37,38,37,33,31,30,37,43,44,41,34,31,31,35,38,39,37,31,31,29
6458,0,1,1,1,1,1,1,0,0,1,1,1,1,1,0,0,1,1,1,1,1
6459,0,0,0,0,0,0,0,0,0,0,0,0,0,0,0,0,0,0,0,0,0
6460,37,46,49,48,40,32,29,40,57,65,64,55,47,44,52,62,66,63,56,50,44
6461,1,1,1,1,0,0,1,1,1,1,1,0,0,1,1,1,1,1,0,0,1
6462,0,0,0,0,0,0,0,0,0,0,0,0,0,0,0,0,0,0,0,0,0
6463,0,0,0,0,0,0,0,0,0,0,0,0,0,0,0,0,0,0,0,0,0
6464,86,96,99,81,83,78,82,96,112,115,91,86,79,82,87,92,94,76,76,74,78
6465,17,19,21,21,17,13,13,16,19,21,21,17,13,13,16,19,21,21,17,13,13
6466,5,6,6,6,4,4,4,5,6,6,5,4,4,4,5,6,6,6,4,4,4
6467,28,31,29,28,29,30,30,29,31,29,28,29,29,30,28,31,29,28,29,29,30
6468,0,0,0,0,0,0,0,0,0,0,0,0,0,0,0,0,0,0,0,0,0
6469,71,82,84,82,80,73,73,81,98,96,88,81,72,71,68,74,75,72,68,65,64
6470,1,1,1,2,2,2,1,1,1,1,2,2,2,1,1,1,1,2,2,2,1
6471,5,5,6,4,6,6,6,5,5,6,4,6,6,6,5,5,6,4,6,6,6
6472,2,2,2,2,2,1,1,2,2,2,2,2,1,1,2,2,2,2,2,1,1
6473,3,3,3,2,2,2,2,2,2,3,3,2,2,2,2,2,2,2,2,2,2
6474,8,8,8,7,7,8,7,8,8,8,7,7,7,7,8,8,8,7,7,7,7
6475,4,4,5,4,4,4,5,4,4,5,4,3,4,5,4,4,5,4,3,4,5
6476,0,0,0,0,0,0,0,0,0,0,0,0,0,0,0,0,0,0,0,0,0
6477,0,0,0,0,0,0,0,0,0,0,0,0,0,0,0,0,0,0,0,0,0
6478,0,0,0,0,0,0,0,0,0,0,0,0,0,0,0,0,0,0,0,0,0
6479,0,0,0,0,0,0,0,0,0,0,0,0,0,0,0,0,0,0,0,0,0
6480,0,0,0,0,0,0,0,0,0,0,0,0,0,0,0,0,0,0,0,0,0
6481,0,0,0,0,0,0,0,0,0,0,0,0,0,0,0,0,0,0,0,0,0
6482,0,0,0,0,0,0,0,0,0,0,0,0,0,0,0,0,0,0,0,0,0
6483,0,0,0,0,0,0,0,0,0,0,0,0,0,0,0,0,0,0,0,0,0
6484,0,0,0,0,0,0,0,0,0,0,0,0,0,0,0,0,0,0,0,0,0
6485,0,0,0,0,0,0,0,0,0,0,0,0,0,0,0,0,0,0,0,0,0
6486,0,0,0,0,0,0,0,0,0,0,0,0,0,0,0,0,0,0,0,0,0
6487,0,0,0,0,0,0,0,0,0,0,0,0,0,0,0,0,0,0,0,0,0
6488,0,0,0,0,0,0,0,0,0,0,0,0,0,0,0,0,0,0,0,0,0
6489,0,0,0,0,0,0,0,0,0,0,0,0,0,0,0,0,0,0,0,0,0
6490,0,0,0,0,0,0,0,0,0,0,0,0,0,0,0,0,0,0,0,0,0
6491,23,19,17,16,14,12,12,18,16,17,15,13,12,13,18,12,6,3,2,2,2
6492,1,1,1,0,0,1,1,1,1,1,0,0,1,1,1,1,1,0,0,1,1
6493,1,1,1,1,1,1,1,2,1,1,1,1,1,1,2,1,1,1,1,1,1
6494,4,5,5,5,4,3,3,4,5,5,5,4,3,3,4,5,5,5,4,3,3
6495,1,1,1,1,1,1,1,1,1,1,1,1,1,1,2,2,2,1,1,1,1
6496,1,1,2,2,2,1,1,1,2,2,2,2,1,1,1,2,2,2,2,1,1
6497,0,0,0,0,0,0,0,0,0,0,0,0,0,0,0,0,0,0,0,0,0
6498,0,0,0,0,0,0,0,1,0,0,0,0,0,0,0,0,0,0,0,0,1
6499,1,1,1,0,0,0,1,1,1,1,0,0,0,1,1,1,1,0,0,0,1
6500,0,0,0,0,0,0,0,0,0,0,0,0,0,0,0,0,0,0,0,0,0
6501,0,0,0,0,0,0,0,0,0,0,0,0,0,0,0,0,0,0,0,0,0
6502,0,0,0,0,0,0,0,0,0,0,0,0,0,0,0,0,0,0,0,0,0
6503,1,1,1,1,1,1,1,1,1,1,1,1,1,1,1,1,1,1,1,1,1
6504,3,2,2,2,3,2,3,3,2,2,2,3,2,3,3,2,2,2,3,2,3
6505,4,5,5,4,3,2,3,4,5,5,4,3,2,3,4,6,5,4,3,2,3
6506,0,0,0,0,0,0,0,0,0,0,0,0,0,0,0,0,0,0,0,0,0
6507,0,0,0,0,0,0,0,0,0,0,0,0,0,0,0,0,0,0,0,0,0
6508,0,0,0,0,0,0,0,0,0,0,0,0,0,0,0,0,0,0,0,0,0
6509,0,0,0,0,0,0,0,0,0,0,0,0,0,0,0,0,0,0,0,0,0
6510,0,0,0,0,0,0,0,0,0,0,0,0,0,0,0,0,0,0,0,0,0
6511,0,0,0,0,0,0,0,0,0,0,0,0,0,0,0,0,0,0,0,0,0
6512,0,0,0,0,0,0,0,0,0,0,0,0,0,0,0,0,0,0,0,0,0
6513,0,0,0,0,0,0,0,0,0,0,0,0,0,0,0,0,0,0,0,0,0
6514,0,0,0,0,0,0,0,0,0,0,0,0,0,0,0,0,0,0,0,0,0
6515,0,0,0,0,0,0,0,0,0,0,0,0,0,0,0,0,0,0,0,0,0
6516,0,0,0,0,0,0,0,0,0,0,0,0,0,0,0,0,0,0,0,0,0
6517,0,0,0,0,0,0,0,0,0,0,0,0,0,0,0,0,0,0,0,0,0
6518,0,0,0,0,0,0,0,0,0,0,0,0,0,0,0,0,0,0,0,0,0
6519,0,0,0,0,0,0,0,0,0,0,0,0,0,0,0,0,0,0,0,0,0
6520,0,0,0,0,0,0,0,0,0,0,0,0,0,0,0,0,0,0,0,0,0
6521,0,0,0,0,0,0,0,0,0,0,0,0,0,0,0,0,0,0,0,0,0
6522,0,0,0,0,0,0,0,0,0,0,0,0,0,0,0,0,0,0,0,0,0
6523,0,0,0,0,0,0,0,0,0,0,0,0,0,0,0,0,0,0,0,0,0
6524,0,0,0,0,0,0,0,0,0,0,0,0,0,0,0,0,0,0,0,0,0
6525,0,1,1,1,0,0,0,0,1,1,1,0,0,0,0,1,1,1,0,0,0
6526,1,1,1,1,0,0,0,1,1,1,1,0,0,0,1,1,1,1,0,0,0
6527,0,1,1,0,0,0,0,0,1,1,0,0,0,0,0,1,1,0,0,0,0
6528,706,788,909,849,732,619,544,706,788,908,848,732,619,544,706,788,908,848,732,619,544
6529,0,0,0,0,0,0,0,0,0,0,0,0,0,0,0,0,0,0,0,0,0
6530,4,5,4,4,4,3,4,4,5,4,4,4,3,4,4,5,4,4,4,3,4
6531,2,2,2,2,2,2,2,2,2,2,2,2,2,2,2,2,2,2,2,2,2
6532,1,1,2,2,2,1,1,1,1,2,2,2,1,1,1,1,2,1,2,1,1
6533,3,3,3,3,3,2,2,3,3,3,3,3,2,2,3,3,3,3,3,2,2
6534,3,3,3,3,2,2,2,3,3,3,3,3,2,2,3,3,4,3,3,3,3
6535,3,4,3,3,3,2,2,3,4,3,3,3,2,2,3,4,3,3,3,2,2
6536,3,3,4,3,3,3,3,3,3,4,3,3,3,3,3,3,4,3,3,3,3
6537,4,5,5,4,4,3,3,4,5,5,4,4,3,3,4,5,5,4,4,3,3
6538,28,30,30,33,31,28,24,28,30,29,33,31,28,24,28,30,30,33,31,28,24
6539,15,17,17,17,18,14,13,14,17,17,17,18,14,13,14,17,17,17,18,14,13
6540,1,1,1,1,1,1,1,1,1,1,1,1,1,1,1,1,1,1,1,1,1
6541,7,9,9,9,8,6,6,7,9,9,9,8,6,6,7,9,9,9,8,6,6
6542,179,181,204,178,172,147,158,180,186,212,185,180,155,166,181,180,204,178,176,159,173
6543,4,3,3,3,3,3,3,3,3,3,3,3,3,3,3,3,3,3,3,3,3
6544,15,16,17,16,15,13,14,15,17,17,16,15,13,14,15,17,17,16,15,13,14
6545,0,0,0,0,0,0,0,0,0,0,0,0,0,0,0,0,0,0,0,0,0
6546,2,2,2,2,2,2,1,2,2,2,1,2,1,1,2,1,2,1,2,1,1
6547,3,3,4,3,3,3,3,3,3,4,3,3,3,2,3,3,3,3,3,3,2
6548,1,2,2,1,1,1,1,1,2,2,1,1,1,1,1,2,2,1,1,1,1
6549,1,1,1,1,1,1,1,1,1,1,1,1,1,1,1,1,1,1,1,1,1
6550,0,0,0,0,0,0,0,0,0,0,0,0,0,0,0,0,0,0,0,0,0
6551,0,0,0,0,0,0,0,0,0,0,0,0,0,0,0,0,0,0,0,0,0
6552,0,0,0,0,0,0,0,0,0,0,0,0,0,0,0,0,0,0,0,0,0
6553,2,2,2,2,2,2,2,2,2,2,2,2,2,2,2,2,2,2,2,2,2
6554,1,2,1,2,2,2,2,2,2,1,1,1,2,2,1,2,1,1,1,1,2
6555,0,0,0,0,0,0,0,0,0,0,0,0,0,0,0,0,0,0,0,0,0
6556,0,0,0,0,0,0,0,0,0,0,0,0,0,0,0,0,0,0,0,0,0
6557,1,1,1,1,1,0,0,1,1,1,1,1,1,1,1,1,1,1,1,0,0
6558,2,1,2,2,1,1,1,1,1,2,1,1,1,1,2,1,2,2,1,1,2
6559,8,9,9,9,9,7,7,8,9,9,9,9,7,7,8,9,9,9,9,7,7
6560,1,1,1,1,1,1,1,1,1,1,1,1,1,1,1,1,1,1,1,1,1
6561,0,0,0,0,0,0,0,0,0,0,0,0,0,0,0,0,0,0,0,0,0
6562,0,0,0,0,0,0,0,0,0,0,0,0,0,0,0,0,0,0,0,0,0
6563,4,4,5,4,4,4,4,4,5,5,4,4,4,4,5,5,5,4,4,4,4
6564,0,0,0,0,0,0,0,0,0,0,0,0,0,0,0,0,0,0,0,0,0
6565,0,0,0,0,0,0,0,0,0,0,0,0,0,0,0,0,0,0,0,0,0
6566,0,0,0,0,0,0,0,0,0,0,0,0,0,0,0,0,0,0,0,0,0
6567,1,1,1,1,1,1,1,1,1,1,1,1,1,1,1,1,1,1,1,1,1
6568,54,54,58,54,49,43,43,50,50,56,52,46,41,41,48,49,56,53,48,45,45
6569,40,41,41,38,35,32,32,36,35,34,30,27,26,29,33,34,34,32,29,28,30
6570,33,31,30,28,26,24,26,34,31,30,28,26,23,26,33,31,30,28,26,23,26
6571,2,2,2,2,2,1,1,2,2,2,2,2,1,1,2,2,2,2,2,1,1
6572,43,41,40,36,34,31,32,43,43,44,37,32,29,31,36,32,34,30,26,27,30
6573,0,0,0,0,0,0,0,0,0,0,0,0,0,0,0,0,0,0,0,0,0
6574,1,1,1,1,1,1,1,1,1,1,1,1,1,1,2,2,1,1,1,1,1
6575,3,2,1,1,1,1,1,2,1,1,1,1,1,1,2,1,1,1,1,1,1
6576,5,5,5,4,3,4,4,5,5,5,4,3,4,4,5,5,5,4,3,4,4
6577,14,12,12,10,12,11,11,13,13,12,11,12,11,11,13,13,13,12,13,12,12
6578,7,7,7,6,5,4,5,5,7,7,6,5,4,5,6,7,7,6,5,5,5
6579,2,3,2,1,1,2,2,2,3,2,1,1,2,2,2,3,2,1,1,2,2
6580,0,0,0,0,0,0,0,0,0,0,0,0,0,0,0,0,0,0,0,0,0
6581,3,3,4,3,3,3,3,3,3,4,3,3,3,3,3,3,4,3,3,3,3
6582,1,1,1,1,1,1,1,1,1,1,1,1,1,1,1,1,1,1,1,1,1
6583,8,7,8,5,5,6,6,7,7,9,5,5,6,6,7,7,9,6,6,7,8
6584,7,7,9,8,6,4,4,6,7,8,8,6,4,4,6,7,8,8,6,4,4
6585,6,6,5,6,4,5,5,7,6,5,6,4,5,5,6,6,5,6,4,5,5
6586,32,35,35,36,32,27,26,29,32,33,33,29,26,26,27,30,30,31,28,26,27
6587,0,1,1,1,1,0,1,1,1,1,1,1,0,1,1,1,1,1,0,0,0
6588,0,0,0,0,0,0,0,0,0,0,0,0,0,0,0,0,0,0,0,0,0
6589,1,1,0,0,0,0,0,1,1,0,0,0,0,0,1,1,0,0,0,0,0
6590,0,0,0,0,0,0,0,0,0,0,0,0,0,0,0,0,0,0,0,0,0
6591,0,0,1,1,0,1,0,0,0,1,1,0,1,0,0,0,1,1,0,1,0
6592,1,2,1,2,2,1,1,1,1,1,2,2,1,1,1,1,1,2,1,1,1
6593,0,0,0,0,0,0,0,0,0,0,0,0,0,0,0,0,0,0,0,0,0
6594,0,0,0,0,0,0,0,0,0,0,0,0,0,0,0,0,0,0,0,0,0
6595,0,0,0,0,0,0,0,0,0,0,0,0,0,0,0,0,0,0,0,0,0
6596,0,0,0,0,0,0,0,0,0,0,0,0,0,0,0,0,0,0,0,0,0
6597,0,0,0,0,0,0,0,0,0,0,0,0,0,0,0,0,0,0,0,0,0
6598,0,0,0,0,0,1,1,0,0,0,0,0,1,0,0,0,0,0,0,1,0
6599,0,0,0,0,0,0,0,0,0,0,0,0,0,0,0,0,0,0,0,0,0
6600,0,0,0,0,0,0,0,0,0,0,0,0,0,0,0,0,0,0,0,0,0
6601,0,0,0,0,0,0,0,0,0,0,0,0,0,0,0,0,0,0,0,0,0
6602,1,1,1,1,1,1,1,1,1,1,1,1,1,1,2,1,1,1,1,1,1
6603,0,0,0,0,0,0,0,0,0,0,0,0,0,0,0,0,0,0,0,0,0
6604,0,0,0,0,0,0,0,0,0,0,0,0,0,0,0,0,0,0,0,0,0
6605,0,0,0,0,0,0,0,0,0,0,0,0,0,0,0,0,0,0,0,0,0
6606,0,0,0,0,0,0,0,0,0,0,0,0,0,0,0,0,0,0,0,0,0
6607,0,0,0,0,0,0,0,0,0,0,0,0,0,0,0,0,0,0,0,0,0
6608,0,0,0,0,0,0,0,0,0,0,0,0,0,0,0,0,0,0,0,0,0
6609,0,0,0,0,0,0,0,0,0,0,0,0,0,0,0,0,0,0,0,0,0
6610,0,0,0,0,0,0,0,0,0,0,0,0,0,0,0,0,0,0,0,0,0
6611,0,0,0,0,0,0,0,0,0,0,0,0,0,0,0,0,0,0,0,0,0
6612,114,125,123,119,103,84,86,102,114,118,118,106,91,95,106,107,106,106,96,84,95
6613,5,7,7,7,7,5,5,5,7,7,7,7,5,5,5,7,7,7,7,5,5
6614,0,1,1,1,0,0,0,0,1,1,1,0,0,0,0,1,1,1,0,0,0
6615,0,0,0,0,0,0,0,0,0,0,0,0,0,0,0,0,0,0,0,0,0
6616,0,0,0,0,0,0,0,0,0,0,0,0,0,0,0,0,0,0,0,0,0
6617,3,3,4,3,3,3,3,3,3,4,3,3,3,3,3,3,4,4,3,3,3
6618,2,2,2,2,2,2,2,2,2,2,2,2,2,2,2,3,2,3,2,2,2
6619,0,0,0,0,0,0,0,0,0,0,0,0,0,0,0,0,0,0,0,0,0
6620,0,0,0,0,0,0,0,0,0,0,0,0,0,0,0,0,0,0,0,0,0
6621,3,4,4,3,3,2,2,3,3,4,3,2,2,2,3,4,4,3,3,2,2
6622,5,5,5,6,5,5,5,5,5,5,6,5,5,5,5,5,5,6,5,5,5
6623,27,28,28,26,22,22,23,27,28,29,26,22,22,23,27,28,29,26,22,22,23
6624,2,2,1,1,1,1,1,2,2,1,1,1,1,1,2,2,1,1,1,1,1
6625,4,5,6,6,5,4,3,4,5,7,6,5,4,3,4,6,7,6,5,4,3
6626,2,2,2,2,2,2,1,2,2,2,2,2,2,1,2,2,2,2,2,2,1
6627,2,2,1,1,1,1,1,1,1,1,1,1,1,1,1,1,1,1,1,1,1
6628,3,3,3,3,2,2,2,2,3,3,3,2,2,2,2,3,3,3,2,2,2
6629,4,4,3,2,3,2,2,2,3,3,2,2,2,2,2,2,2,2,2,2,2
6630,2,3,2,2,2,2,2,2,3,2,2,2,2,3,2,3,2,2,1,2,2
6631,2,2,2,2,1,1,1,1,2,2,2,1,1,1,2,2,2,2,1,1,1
6632,1,1,1,1,1,1,1,1,1,1,1,1,1,1,1,1,1,1,1,1,1
6633,10,11,9,8,7,7,7,8,9,8,8,7,6,7,8,9,8,8,6,6,7
6634,1,1,1,1,1,1,1,1,1,1,1,1,1,1,1,1,1,1,1,1,1
6635,1,1,1,1,1,0,1,1,1,1,1,1,0,1,1,1,1,1,1,0,1
6636,1,1,1,1,1,1,1,1,1,1,1,1,1,1,1,1,1,1,1,1,1
6637,5,5,5,5,5,4,5,5,6,6,5,5,4,5,5,6,6,5,4,4,5
6638,2,2,1,1,1,1,1,1,1,1,1,1,1,1,1,2,1,1,1,1,1
6639,35,49,37,38,28,41,40,31,44,35,37,29,42,42,32,45,35,38,29,43,43
6640,4,3,2,2,1,1,3,4,2,2,2,1,1,3,4,3,3,2,2,2,3
6641,0,0,0,0,0,0,0,0,0,0,0,0,0,0,0,0,0,0,0,0,0
6642,1,1,0,1,1,1,1,1,1,0,1,1,1,1,1,1,0,1,1,1,1
6643,0,0,0,0,0,0,0,0,0,0,0,0,0,0,0,0,0,0,0,0,0
6644,1,1,1,1,1,0,0,1,1,1,1,1,0,0,1,1,1,1,1,0,0
6645,1,1,0,0,0,0,0,1,1,1,0,0,0,0,1,1,0,0,0,0,0
6646,1,1,0,0,0,0,0,1,0,0,0,0,0,0,1,1,1,1,1,0,0
6647,2,2,3,2,2,2,2,3,3,3,2,2,2,2,3,3,3,2,2,2,2
6648,0,0,0,0,0,0,0,0,0,0,0,0,0,0,0,0,0,0,0,0,0
6649,5,6,6,6,5,4,3,5,6,6,6,5,4,3,5,6,6,6,5,4,3
6650,1,1,1,1,0,0,0,1,1,1,1,0,0,0,1,1,1,1,1,0,1
6651,15,18,22,23,17,11,9,15,18,22,23,17,11,9,15,18,22,23,17,11,9
6652,31,35,34,30,22,20,23,31,35,34,30,22,20,23,31,35,34,30,22,20,23
6653,0,0,0,0,0,0,0,0,0,0,0,0,0,0,0,0,0,0,0,0,0
6654,8,7,8,7,6,7,7,7,7,8,7,6,7,7,7,6,7,6,6,6,6
6655,2,2,2,2,1,2,1,2,2,2,2,1,2,1,2,2,2,2,1,2,1
6656,0,0,0,0,0,0,0,0,0,0,0,0,0,0,0,0,0,0,0,0,0
6657,1,1,0,1,1,1,1,1,1,0,1,1,1,1,1,1,0,1,1,1,1
6658,0,0,0,0,0,0,0,0,0,0,0,0,0,0,0,0,0,0,0,0,0
6659,3,3,4,3,3,3,3,3,3,3,3,3,3,3,3,3,3,3,3,3,3
6660,0,0,0,0,0,0,0,0,0,0,0,0,0,0,0,0,0,0,0,0,0
6661,0,0,0,0,0,0,0,0,0,0,0,0,0,0,0,0,0,0,0,0,0
6662,0,0,0,0,0,0,0,0,0,0,0,0,0,0,0,0,0,0,0,0,0
6663,0,0,0,0,0,0,0,1,0,0,0,0,0,0,1,0,0,0,0,0,0
6664,0,0,0,0,0,0,0,0,0,0,0,0,0,0,0,0,0,0,0,0,0
6665,0,0,0,0,0,0,0,0,0,0,0,0,0,0,0,0,0,0,0,0,0
6666,0,0,0,0,0,0,0,0,0,1,1,1,1,1,1,0,0,0,0,0,0
6667,0,0,0,0,0,0,0,0,0,0,0,0,0,0,0,0,0,0,0,0,0
6668,0,0,0,0,0,0,0,0,0,0,0,0,0,0,0,0,0,0,0,0,0
6669,0,0,0,0,0,0,0,0,0,0,0,0,0,0,0,0,0,0,0,0,0
6670,26,31,33,28,21,18,18,26,30,32,27,21,17,18,26,30,32,27,21,17,18
6671,11,14,15,14,12,9,9,11,14,15,14,12,9,9,11,14,15,14,12,9,9
6672,4,5,5,5,4,3,3,4,5,5,5,4,3,3,4,5,5,5,4,3,3
6673,4,5,6,5,3,3,3,5,6,6,5,3,3,3,5,6,6,6,3,3,3
6674,0,0,0,0,0,0,0,0,0,0,0,0,0,0,0,0,0,0,0,0,0
6675,0,0,0,0,0,0,0,0,0,0,0,0,0,0,0,0,0,0,0,0,0
6676,0,0,0,0,0,0,0,0,0,0,0,0,0,0,0,0,0,0,0,0,0
6677,0,0,0,0,0,0,0,0,0,0,0,0,0,0,0,0,0,0,0,0,0
6678,2,2,1,2,2,1,1,2,2,1,2,2,1,1,2,2,1,2,2,1,1
6679,2,1,2,3,2,2,1,2,1,2,3,2,2,1,2,1,2,3,2,2,1
6680,3,3,4,3,3,2,2,3,3,4,3,2,2,2,3,3,4,3,2,2,2
6681,6,7,7,6,6,6,5,7,7,7,6,6,6,5,7,7,7,6,6,6,5
6682,6,7,6,6,6,5,5,6,7,6,6,5,5,5,6,7,6,6,5,5,5
6683,41,38,33,29,28,34,36,40,38,33,29,28,34,36,40,38,33,29,28,34,36
6684,0,0,0,0,0,0,0,0,0,0,0,0,0,0,0,0,0,0,0,0,0
6685,0,0,0,0,0,0,0,0,0,0,0,0,0,0,0,0,0,0,0,0,0
6686,4,4,4,4,4,3,3,4,4,4,4,4,3,3,4,5,5,5,4,4,4
6687,11,11,13,12,12,9,8,10,11,13,12,12,9,8,10,11,13,12,12,9,8
6688,5,7,6,6,8,6,5,5,7,6,6,8,6,5,5,7,6,6,8,6,5
6689,17,20,22,20,17,13,12,16,19,22,20,17,14,12,16,20,23,20,18,14,13
6690,4,5,6,5,4,3,3,4,5,6,5,4,3,3,4,5,6,5,5,3,3
6691,7,9,10,8,6,5,5,7,9,10,8,6,5,5,7,9,10,8,6,5,5
6692,1,2,2,2,1,1,1,1,2,2,2,2,1,1,2,2,2,2,2,1,1
6693,4,4,4,4,4,4,3,4,4,5,5,4,4,3,4,5,5,5,4,4,3
6694,2,2,2,2,2,1,1,2,2,2,2,1,1,1,2,2,2,2,2,1,1
6695,0,0,0,0,0,0,0,1,1,0,0,0,0,0,1,1,1,0,0,0,0
6696,1,1,1,1,1,1,1,1,1,1,1,1,1,1,1,1,1,1,1,1,1
6697,9,8,7,7,6,6,7,7,7,8,7,7,6,7,8,8,8,7,7,7,8
6698,1,1,1,1,1,1,1,1,1,1,1,1,1,1,2,2,1,1,1,1,1
6699,6,5,5,4,4,4,4,5,5,6,5,4,4,4,5,5,5,4,4,4,4
6700,2,2,2,2,2,1,1,2,2,2,2,2,1,1,2,2,2,2,2,1,1
6701,5,6,6,6,6,5,4,4,5,5,6,6,5,4,4,6,6,6,6,5,4
6702,0,1,3,5,8,9,10,11,11,9,8,9,11,12,11,9,4,1,1,1,1
6703,1,1,1,2,2,2,1,1,1,1,2,2,2,1,1,1,1,2,2,2,1
6704,3,4,5,5,4,4,5,5,6,6,5,4,4,4,5,5,5,4,4,4,4
6705,1,1,1,1,1,1,1,1,1,1,1,1,1,1,1,1,1,1,1,1,1
6706,0,0,0,0,0,0,0,0,0,0,0,0,0,0,0,0,0,0,0,0,0
6707,0,0,0,0,0,0,0,0,0,0,0,0,0,0,0,0,0,0,0,0,0
6708,1,1,1,1,1,1,1,1,1,1,1,1,1,1,1,1,1,1,1,1,1
6709,0,0,0,0,0,0,0,0,0,0,0,0,0,0,0,0,0,0,0,0,0
6710,0,0,0,0,0,0,0,0,0,0,0,0,0,0,0,0,0,0,0,0,0
6711,2,3,3,2,1,2,2,2,3,3,2,1,2,2,2,3,3,2,1,2,2
6712,3,3,3,3,3,2,2,3,3,3,3,3,2,2,3,3,3,3,3,2,2
6713,1,2,1,1,1,1,1,1,2,1,1,1,1,1,1,2,1,1,1,1,1
6714,0,0,0,0,0,0,0,0,0,0,0,0,0,0,0,0,0,0,0,0,0
6715,0,0,0,0,0,0,0,0,0,0,0,0,0,0,0,0,0,0,0,0,0
6716,3,3,3,3,2,3,3,3,3,3,3,2,3,3,3,3,3,2,2,2,3
6717,2,3,2,2,2,2,2,2,3,2,2,1,2,1,2,3,2,2,1,2,1
6718,0,0,0,0,0,0,0,0,0,0,0,0,0,0,0,0,0,0,0,0,0
6719,285,324,409,316,244,222,227,289,343,439,338,253,227,238,295,329,417,324,249,227,234
6720,3,3,4,2,2,1,1,3,3,4,2,2,1,1,3,3,4,2,2,1,1
6721,2,2,1,2,1,1,1,2,2,1,2,1,1,1,2,2,1,2,1,1,2
6722,11,12,12,9,6,5,7,11,12,12,9,7,6,7,11,12,12,9,6,5,7
6723,44,48,44,38,36,34,37,44,50,47,41,38,37,38,46,52,47,41,38,38,39
6724,12,12,12,12,9,8,8,10,12,13,12,9,8,8,10,11,12,11,8,8,8
6725,24,28,27,24,19,14,17,22,28,27,24,19,15,17,23,29,29,26,20,16,18
6726,0,0,0,0,0,0,0,0,0,0,0,0,0,0,0,0,0,0,0,0,0
6727,8,8,8,7,8,7,8,8,8,8,7,8,8,8,9,9,9,7,8,8,8
6728,15,14,13,11,9,8,10,12,13,13,12,10,9,11,12,13,13,12,10,9,11
6729,2,2,2,2,1,1,1,2,2,2,2,1,1,1,2,2,2,2,1,1,1
6730,2,2,2,2,1,1,2,2,2,2,2,1,1,2,2,2,2,2,1,1,2
6731,2,2,1,1,1,1,1,2,2,1,1,1,1,1,2,2,1,1,1,1,1
6732,2,2,2,2,1,1,2,2,2,2,2,1,1,2,2,2,2,2,1,1,2
6733,20,22,23,22,19,15,16,19,21,23,22,19,15,16,19,22,23,22,19,15,17
6734,2,2,2,2,2,2,2,2,2,2,2,2,2,2,2,2,2,2,2,2,2
6735,11,12,13,12,10,8,9,12,12,13,12,10,8,9,12,12,13,12,10,8,9
6736,3,4,7,6,5,4,3,3,4,7,6,5,4,3,3,4,7,6,5,4,3
6737,7,8,8,7,6,5,4,6,7,8,7,6,5,5,7,8,8,7,6,5,5
6738,5,7,8,7,5,3,3,5,7,8,7,5,3,3,5,7,8,7,5,3,3
6739,0,0,0,0,0,0,0,0,0,0,0,0,0,0,0,0,0,0,0,0,0
6740,4,4,5,4,4,3,3,4,4,5,4,4,3,3,4,4,5,4,4,3,3
6741,3,2,2,2,1,2,2,3,2,2,2,1,2,2,3,2,2,2,1,2,2
6742,0,0,0,0,0,0,0,0,0,0,0,0,0,0,0,0,0,0,0,0,0
6743,0,0,0,0,0,0,0,0,0,0,0,0,0,0,0,0,0,0,0,0,0
6744,0,1,1,2,2,1,1,0,1,1,2,2,1,1,0,1,1,2,2,1,1
6745,0,0,0,0,0,0,0,0,0,0,0,0,0,0,0,0,0,0,0,0,0
6746,3,3,3,2,3,3,3,3,3,2,2,3,2,3,3,3,2,2,3,2,3
6747,0,0,0,0,0,0,0,0,0,0,0,0,0,0,0,0,0,0,0,0,0
6748,0,0,0,0,0,0,1,0,0,0,0,0,0,1,0,0,0,0,0,0,1
6749,0,0,0,0,0,0,0,0,0,0,0,0,0,0,0,0,0,0,0,0,0
6750,0,0,0,0,0,0,0,0,0,0,0,0,0,0,0,0,0,0,0,0,0
6751,0,0,0,0,0,0,0,0,0,0,0,0,0,0,0,0,0,0,0,0,0
6752,0,0,0,0,0,0,0,0,0,0,0,0,0,0,0,0,0,0,0,0,0
6753,16,16,15,14,14,12,11,16,16,15,14,14,12,11,16,16,15,14,14,12,11
6754,0,0,0,0,0,0,0,0,0,0,0,0,0,0,0,0,0,0,0,0,0
6755,0,0,0,0,0,0,0,0,0,0,0,0,0,0,0,0,0,0,0,0,0
6756,2,2,2,3,2,2,1,1,1,2,2,2,1,1,1,1,2,3,2,1,1
6757,0,0,0,0,0,0,0,0,0,0,0,0,0,0,0,0,0,0,0,0,0
6758,0,0,0,0,0,0,0,0,0,0,0,0,0,0,0,0,0,0,0,0,0
6759,0,0,0,0,0,0,0,0,0,0,0,0,0,0,0,0,0,0,0,0,0
6760,0,0,0,0,0,0,0,0,0,0,0,0,0,0,0,0,0,0,0,0,0
6761,1,1,1,0,1,1,1,1,1,0,0,1,1,1,1,1,0,0,0,1,1
6762,0,0,0,0,0,0,0,0,0,0,0,0,0,0,0,0,0,0,0,0,0
6763,0,0,0,0,0,0,0,0,0,0,0,0,0,0,0,0,0,0,0,0,0
6764,706,784,881,815,705,594,543,706,784,881,815,705,594,543,706,784,881,815,705,594,543
6765,45,30,19,24,27,30,31,37,23,12,14,16,27,43,66,68,44,38,38,34,30
6766,2,4,7,8,8,8,9,10,10,10,9,8,7,7,7,8,7,7,5,5,5
6767,0,0,0,0,0,0,0,0,0,0,0,0,0,0,0,0,0,0,0,0,0
6768,13,13,13,12,12,13,13,13,13,13,12,12,12,12,13,13,13,12,12,12,12
6769,0,0,0,0,0,0,0,0,0,0,0,0,0,0,0,0,0,0,0,0,0
6770,3,2,2,1,1,3,3,3,2,2,1,1,3,3,3,2,2,1,1,3,3
6771,0,0,0,0,0,0,0,0,0,0,0,0,0,0,0,0,0,0,0,0,0
6772,0,0,0,0,0,0,0,0,0,0,0,0,0,0,0,0,0,0,0,0,0
6773,0,0,0,0,0,0,0,0,0,0,0,0,0,0,0,0,0,0,0,0,0
6774,2,2,2,2,2,1,2,2,2,2,2,2,1,1,2,2,2,2,2,1,2
6775,3,2,2,2,2,2,2,2,2,2,2,2,2,2,2,2,2,2,2,2,2
6776,2,2,2,2,2,2,2,2,2,2,3,2,2,2,2,3,2,3,2,2,2
6777,0,0,0,0,0,0,0,0,0,0,0,0,0,0,0,0,0,0,0,0,0
6778,6,6,6,6,5,5,5,7,6,6,6,5,5,5,7,6,6,6,5,5,5
6779,0,0,1,0,0,0,0,0,0,1,0,0,0,0,0,0,1,0,0,0,0
6780,0,0,0,0,0,0,0,0,0,0,0,0,0,0,0,0,0,0,0,0,0
6781,9,7,7,6,7,6,5,7,6,7,6,7,6,5,7,6,7,6,7,6,5
6782,5,6,6,5,4,3,4,6,6,6,5,4,3,4,5,6,6,5,4,3,4
6783,1,1,1,1,1,1,1,1,1,1,1,1,1,1,1,1,1,1,1,1,1
6784,0,0,0,0,0,0,0,0,0,0,0,0,0,0,0,0,0,0,0,0,0
6785,2,2,1,1,1,1,1,2,2,1,1,1,1,1,2,2,1,1,1,1,1
6786,0,0,0,0,0,0,0,0,0,0,0,0,0,0,0,0,0,0,0,0,0
6787,0,0,0,0,0,0,0,0,0,0,0,0,0,0,0,0,0,0,0,0,0
6788,2,2,3,3,2,1,2,2,2,3,3,2,1,2,2,2,3,3,2,1,2
6789,4,8,8,7,4,3,3,3,8,8,7,4,3,3,4,8,8,7,4,3,4
6790,2,2,2,2,1,2,2,2,2,2,2,1,1,1,2,2,2,2,2,2,2
6791,2,2,2,2,2,2,2,2,2,2,2,2,1,2,2,3,2,2,2,2,2
6792,5,6,6,4,4,3,3,5,6,6,5,4,3,3,5,6,6,5,4,3,3
6793,0,0,0,0,0,0,0,0,0,0,0,0,0,0,0,0,0,0,0,0,0
6794,0,0,0,0,0,0,0,0,0,0,0,0,0,0,0,0,0,0,0,0,0
6795,10,9,9,8,8,7,8,8,8,8,7,8,7,7,8,8,8,8,8,7,8
6796,0,0,0,0,0,0,0,0,0,0,0,0,0,0,0,0,0,0,0,0,0
6797,4,4,4,4,3,3,3,4,4,4,4,3,3,3,4,4,4,4,3,3,3
6798,0,0,0,0,0,0,0,0,0,0,0,0,0,0,0,0,0,0,0,0,0
6799,499,595,638,611,512,433,398,506,620,672,637,527,448,412,496,585,631,602,501,433,407
6800,1,1,1,1,0,0,0,1,1,1,1,0,0,0,1,1,1,1,0,0,0
6801,22,29,32,29,22,17,16,22,29,32,29,22,17,16,22,29,32,29,22,17,16
6802,0,0,0,0,0,0,0,0,0,0,0,0,0,0,0,0,0,0,0,0,0
6803,10,12,11,10,9,7,6,10,13,12,10,9,7,7,10,13,12,10,9,7,7
6804,2,2,2,2,1,1,1,2,2,2,2,1,1,1,2,2,2,2,1,1,1
6805,6,7,5,5,3,3,4,6,7,5,5,3,3,4,6,7,5,5,3,3,4
6806,0,0,0,0,0,0,0,0,0,0,0,0,0,0,0,0,0,0,0,0,0
6807,0,0,0,0,0,0,0,0,0,0,0,0,0,0,0,0,0,0,0,0,0
6808,5,5,5,4,4,3,5,5,5,5,4,4,3,5,6,5,6,4,4,3,5
6809,0,0,0,0,0,0,0,0,0,0,0,0,0,0,0,0,0,0,0,0,0
6810,0,0,0,0,0,0,0,0,0,0,0,0,0,0,0,0,0,0,0,0,0
6811,6,7,7,7,6,6,6,7,7,7,7,6,6,6,7,7,7,7,6,6,6
6812,19,25,27,24,18,16,20,19,25,27,24,18,16,20,19,25,27,24,18,16,20
6813,2,3,3,2,2,2,2,2,3,3,2,2,2,2,2,3,3,2,2,2,2
6814,33,34,34,31,27,25,27,33,34,34,31,27,25,27,33,34,34,31,27,25,27
6815,9,12,12,10,6,4,6,9,12,12,10,6,4,6,9,12,12,10,6,4,6
6816,1,1,1,1,0,1,1,1,1,1,1,0,1,1,1,1,1,1,0,1,1
6817,0,0,0,0,0,0,0,0,0,0,0,0,0,0,0,0,0,0,0,0,0
6818,2,2,1,1,1,1,1,2,2,1,1,1,1,1,2,2,1,1,1,1,1
6819,0,0,0,0,0,0,0,1,1,1,0,0,0,0,0,0,0,0,0,0,0
6820,0,0,0,0,0,0,0,0,0,0,0,0,0,0,0,0,0,0,0,0,0
6821,0,0,0,0,0,0,0,0,0,0,0,0,0,0,0,0,0,0,0,0,0
6822,0,0,0,0,0,0,0,0,0,0,0,0,0,0,0,0,0,0,0,0,0
6823,0,0,0,0,0,0,0,0,0,0,0,0,0,0,0,0,0,0,0,0,0
6824,0,0,0,0,0,0,0,0,0,0,0,0,0,0,0,0,0,0,0,0,0
6825,0,0,0,0,0,0,0,0,0,0,0,0,0,0,0,0,0,0,0,0,0
6826,1,1,1,1,1,1,1,1,1,1,1,1,1,1,1,1,1,1,1,1,1
6827,2,2,2,2,2,2,1,2,2,2,2,2,2,1,2,2,2,2,2,2,2
6828,1,0,0,0,0,0,0,1,1,0,0,0,0,0,1,1,1,0,0,0,0
6829,2,2,2,2,2,1,1,2,2,2,2,2,1,1,2,2,2,2,2,1,1
6830,2,2,2,2,2,2,2,2,2,2,2,2,2,2,2,2,2,2,2,2,2
6831,1,1,1,1,1,1,1,1,1,1,1,1,1,1,1,1,1,1,1,1,1
6832,0,0,1,1,1,0,0,0,0,1,1,1,0,0,0,0,1,1,1,0,0
6833,1,1,1,1,1,1,1,1,1,1,1,1,1,0,1,1,1,1,1,1,1
6834,2,2,2,2,2,1,1,2,2,2,2,2,1,1,2,2,2,2,2,1,1
6835,3,3,3,3,3,2,3,3,3,4,3,3,2,3,3,3,4,3,3,2,3
6836,0,1,0,0,0,0,0,0,1,0,0,0,0,0,0,1,0,0,0,0,0
6837,0,0,0,0,0,0,0,0,0,0,0,0,0,0,0,0,0,0,0,0,0
6838,2,2,2,2,1,1,1,2,2,2,2,1,1,1,2,2,3,2,1,1,1
6839,2,2,2,2,1,1,2,2,2,2,2,1,2,2,2,2,2,2,1,2,2
6840,0,0,0,0,0,0,0,0,0,0,0,0,0,0,0,0,0,0,0,0,0
6841,0,0,0,0,0,0,0,0,0,0,0,0,0,0,0,0,0,0,0,0,0
6842,0,0,0,0,0,0,0,0,0,0,0,0,0,0,0,0,0,0,0,0,0
6843,0,0,0,0,0,0,0,0,0,0,0,0,0,0,0,0,0,0,0,0,0
6844,0,0,0,0,0,0,0,0,0,0,0,0,0,0,0,0,0,0,0,0,0
6845,0,0,0,0,0,0,0,0,0,0,0,0,0,0,0,0,0,0,0,0,0
6846,0,0,0,0,0,0,0,0,0,0,0,0,0,0,0,0,0,0,0,0,0
6847,0,0,0,0,0,0,0,0,0,0,0,0,0,0,0,0,0,0,0,0,0
6848,0,0,0,0,0,0,0,0,0,0,0,0,0,0,0,0,0,0,0,0,0
6849,0,0,0,0,0,0,0,0,0,0,0,0,0,0,0,0,0,0,0,0,0
6850,0,0,0,0,0,0,0,0,0,0,0,0,0,0,0,0,0,0,0,0,0
6851,0,0,0,0,0,0,0,0,0,0,0,0,0,0,0,0,0,0,0,0,0
6852,1,2,1,1,1,1,1,1,2,2,1,1,1,1,1,2,2,1,1,1,1
6853,9,8,8,7,7,6,6,7,7,7,6,6,5,5,6,6,7,7,6,6,6
6854,0,0,0,0,0,0,0,0,0,0,0,0,0,0,0,0,0,0,0,0,0
6855,0,0,0,0,0,0,0,0,0,0,0,0,0,0,0,0,0,0,0,0,0
6856,4,5,5,5,4,4,3,4,5,5,5,4,4,3,4,5,5,5,4,4,3
6857,0,0,0,0,0,0,0,0,0,0,0,0,0,0,0,0,0,0,0,0,0
6858,4,4,4,3,3,3,3,4,4,3,3,3,2,3,4,3,3,3,3,2,3
6859,0,0,0,0,0,0,0,0,0,0,0,0,0,0,0,0,0,0,0,0,0
6860,0,0,0,0,0,0,0,0,0,0,0,0,0,0,0,0,0,0,0,0,0
6861,0,0,0,0,0,0,0,0,0,0,0,0,0,0,0,0,0,0,0,0,0
6862,0,0,0,0,0,0,0,0,0,0,0,0,0,0,0,0,0,0,0,0,0
6863,0,0,1,1,0,0,0,1,0,0,0,0,0,0,0,0,0,0,0,0,0
6864,1,1,1,1,1,1,1,1,1,1,1,1,1,1,1,1,1,1,1,1,1
6865,0,0,0,0,0,0,0,0,0,0,0,0,0,0,0,0,0,0,0,0,0
6866,3,3,2,2,3,2,2,3,3,2,2,3,2,2,3,3,2,2,3,2,2
6867,2,2,2,2,2,2,2,2,2,2,2,2,2,2,2,2,2,2,2,2,2
6868,7,8,9,9,8,6,6,7,9,11,10,9,8,8,8,9,10,9,8,8,7
6869,50,53,54,53,48,39,36,42,47,48,48,47,48,47,38,38,39,37,35,36,36
6870,1,1,0,0,0,0,0,1,1,0,0,0,0,0,1,1,1,0,0,0,0
6871,2,2,2,2,1,1,1,2,2,2,2,1,1,1,2,2,2,1,1,1,1
6872,5,4,4,4,3,3,3,4,4,5,4,4,3,4,5,5,5,5,4,4,4
6873,1,2,2,2,2,1,1,2,2,2,2,2,1,1,2,2,2,2,2,1,1
6874,4,4,3,3,2,2,2,3,3,4,3,3,3,3,3,3,3,2,2,2,2
6875,0,0,0,0,0,0,0,0,0,0,0,0,0,0,0,0,0,0,0,0,0
6876,0,0,0,0,0,0,0,0,0,0,0,0,0,0,0,0,0,0,0,0,0
6877,0,0,0,0,0,0,0,0,0,0,0,0,0,0,0,0,0,0,0,0,0
6878,0,0,0,0,0,0,0,0,0,0,0,0,0,0,0,0,0,0,0,0,0
6879,1,1,1,0,0,0,0,1,1,1,0,0,0,0,1,1,1,0,0,0,0
6880,21,23,25,21,19,17,16,21,23,25,21,19,17,16,21,23,25,21,19,17,16
6881,31,34,37,36,35,32,31,39,42,40,34,29,27,29,33,35,33,29,26,26,24
6882,1,2,2,2,1,1,1,1,2,2,2,1,1,1,1,2,2,2,1,1,2
6883,2,3,3,4,3,2,1,2,3,3,4,3,2,1,2,3,3,4,3,2,1
6884,2,1,1,1,1,1,1,1,1,1,1,1,1,1,1,1,1,1,1,1,1
6885,2,3,3,3,4,4,4,3,3,3,3,4,4,4,3,3,3,3,4,4,4
6886,5,5,5,4,4,4,4,4,5,5,5,4,4,4,5,5,5,5,5,5,5
6887,0,0,0,0,0,0,0,0,0,0,0,0,0,0,0,0,0,0,0,0,0
6888,28,29,29,26,24,21,21,23,27,29,26,24,21,22,24,27,29,26,25,23,23
6889,38,42,38,33,31,28,27,31,38,36,33,30,27,27,31,37,36,33,31,29,29
6890,13,14,14,12,11,11,11,14,17,17,13,11,11,11,12,14,14,12,11,11,11
6891,21,23,23,20,18,16,17,21,25,25,22,19,18,18,22,24,25,22,19,18,18
6892,8,8,7,6,5,5,5,6,6,6,5,5,4,4,6,6,6,6,5,5,5
6893,1,2,2,1,2,1,1,2,2,2,1,2,1,1,2,2,2,1,2,1,1
6894,96,105,110,86,87,73,73,103,124,131,104,102,86,82,99,108,115,91,94,84,79
6895,48,50,44,39,37,35,37,46,49,43,37,34,33,38,44,43,38,34,32,33,34
6896,0,0,0,0,0,0,0,0,0,0,0,0,0,0,0,0,0,0,0,0,0
6897,85,115,128,112,94,83,77,92,126,137,118,97,84,77,87,115,126,107,88,79,72
6898,0,0,0,0,0,0,0,0,0,0,0,0,0,0,0,0,0,0,0,0,0
6899,0,0,1,1,1,0,0,0,0,1,1,1,0,0,0,0,1,1,1,0,0
6900,0,0,0,0,0,0,0,0,0,0,0,0,0,0,0,0,0,0,0,0,0
6901,0,0,0,0,0,0,0,0,0,0,0,0,0,0,0,0,0,0,0,0,0
6902,1,1,1,1,1,1,1,1,1,1,1,1,1,1,1,2,2,1,1,1,1
6903,0,0,0,0,0,0,0,0,0,0,0,0,0,0,0,0,0,0,0,0,0
6904,0,0,0,0,0,0,0,0,0,0,0,0,0,0,0,0,0,0,0,0,0
6905,3,3,3,2,2,2,2,2,2,2,2,2,2,2,2,3,3,3,2,2,2
6906,8,8,8,7,7,6,6,8,8,8,7,7,6,6,7,7,7,6,6,6,6
6907,14,14,12,11,11,10,11,16,16,14,11,9,9,9,13,12,10,8,7,8,8
6908,1,1,0,0,0,0,1,1,1,0,0,0,0,1,1,1,0,0,0,0,1
6909,13,12,12,11,10,9,10,12,12,12,11,10,10,11,13,13,12,11,10,9,10
6910,10,9,8,7,7,7,8,9,9,8,7,8,7,7,9,8,8,7,7,7,7
6911,1,1,1,1,1,1,1,1,1,1,1,1,1,1,1,1,1,1,1,1,1
6912,5,6,6,6,6,6,5,5,6,6,6,6,6,5,5,6,6,6,6,5,5
6913,1,1,1,1,1,1,1,1,1,1,1,1,1,1,1,1,1,1,1,1,1
6914,1,1,1,2,1,1,1,1,1,1,2,1,1,1,1,1,1,2,1,1,1
6915,0,0,0,0,0,0,0,0,0,0,0,0,0,0,0,0,0,0,0,0,0
6916,10,11,12,11,10,9,9,11,13,14,13,11,10,10,12,13,13,12,10,9,9
6917,16,16,15,15,14,13,13,17,20,19,18,16,15,16,17,18,17,17,16,16,15
6918,1,0,1,1,1,1,1,1,0,1,1,1,1,1,1,0,1,1,1,1,1
6919,3,3,4,3,3,3,3,4,4,4,3,3,3,3,4,4,4,4,3,3,3
6920,3,3,3,3,3,2,2,3,3,3,3,3,2,2,3,3,3,3,3,2,2
6921,1,1,2,1,1,1,1,1,1,2,1,1,1,1,1,1,2,1,1,1,1
6922,24,27,27,24,22,19,19,24,27,27,24,22,19,19,24,27,27,24,22,19,19
6923,4,5,6,5,4,6,5,4,5,6,5,4,6,5,4,5,6,5,4,6,5
6924,23,25,25,21,16,18,15,23,25,24,21,16,18,15,23,25,24,21,16,18,15
6925,1,1,0,1,1,1,1,1,1,0,1,1,1,1,1,1,0,1,1,1,1
6926,0,0,0,0,0,0,0,0,0,0,0,0,0,0,0,0,0,0,0,0,0
6927,0,0,0,0,0,0,0,0,0,0,0,0,0,0,0,0,0,0,0,0,0
6928,0,0,0,0,0,0,0,0,0,0,0,0,0,0,0,0,0,0,0,0,0
6929,1,1,1,1,1,1,1,1,1,1,1,1,1,1,1,1,1,1,1,1,1
6930,11,10,8,7,7,8,9,9,9,8,7,7,7,9,10,9,8,8,7,8,9
6931,3,4,4,3,3,3,3,3,4,4,3,3,3,3,3,4,4,3,3,3,3
6932,12,9,9,9,8,9,10,12,9,9,9,8,9,10,11,9,9,9,8,9,10
6933,2,2,2,2,2,2,2,2,2,2,2,2,2,2,2,2,2,2,2,2,2
6934,0,0,0,0,0,0,0,0,0,0,0,0,0,0,0,0,0,0,0,0,0
6935,1,1,0,0,0,0,1,1,1,0,0,0,0,1,1,1,0,0,0,0,1
6936,0,0,0,0,0,0,0,0,0,0,0,0,0,0,0,0,0,0,0,0,0
6937,0,0,0,0,0,0,0,0,0,0,0,0,0,0,0,0,0,0,0,0,0
6938,0,0,0,0,0,0,0,0,0,0,0,0,0,0,0,0,0,0,0,0,0
6939,21,21,21,21,21,19,20,23,26,26,25,23,21,22,21,19,19,18,16,16,17
6940,0,0,0,0,0,0,0,0,0,0,0,0,0,0,0,0,0,0,0,0,0
6941,0,0,0,0,0,0,0,0,0,0,0,0,0,0,0,0,0,0,0,0,0
6942,1,1,1,1,1,1,0,1,1,1,1,1,1,0,1,1,1,1,1,1,0
6943,0,1,1,1,1,1,1,1,1,1,1,0,0,0,1,1,1,1,0,0,0
6944,7,9,9,8,8,7,7,7,9,9,7,8,7,7,7,9,9,7,8,7,7
6945,3,2,2,2,2,2,2,2,2,2,2,2,2,2,2,2,2,2,2,2,2
6946,1,1,1,1,0,0,1,1,1,1,1,1,1,1,1,1,1,1,1,1,1
6947,3,3,2,2,2,2,2,2,2,2,2,2,2,2,2,2,2,2,2,2,2
6948,3,2,2,2,1,1,2,2,2,2,1,1,1,1,2,1,1,1,1,1,1
6949,0,0,0,0,0,0,0,0,0,0,0,0,0,0,0,0,0,0,0,0,0
6950,2,4,4,4,3,2,2,2,4,4,4,3,2,2,2,4,4,4,3,2,2
6951,347,362,391,365,308,271,278,342,362,400,375,313,279,292,346,345,373,347,291,263,278
6952,30,34,35,33,30,24,22,30,34,35,33,30,24,22,30,34,35,33,30,24,22
6953,139,176,168,116,77,70,91,151,197,189,131,85,73,88,139,181,180,127,84,75,92
6954,17,18,20,17,16,12,13,17,18,20,17,16,12,13,17,18,20,17,16,12,13
6955,1,1,1,1,1,1,1,1,1,1,1,1,1,1,1,1,1,1,1,1,1
6956,1,1,1,1,1,1,1,1,1,1,1,1,1,1,1,1,1,1,1,1,1
6957,5,7,7,7,5,4,4,5,7,7,7,5,4,4,5,7,7,7,5,4,4
6958,14,15,18,17,13,11,9,14,15,17,17,13,11,9,14,14,17,17,13,11,9
6959,7,7,6,5,4,4,5,7,7,6,5,4,4,5,7,7,6,5,4,4,5
6960,1,1,1,1,1,1,1,1,1,1,1,1,1,1,1,1,1,1,1,1,1
6961,6,6,6,4,4,3,3,6,7,8,6,5,4,4,6,6,7,5,4,3,4
6962,3,4,4,3,3,3,3,4,4,4,3,3,3,3,4,4,4,3,3,3,3
6963,59,58,56,53,52,45,40,42,43,46,43,40,35,42,54,55,56,54,53,42,39
6964,15,15,16,14,14,13,12,15,15,16,14,14,13,13,16,16,17,15,15,13,13
6965,47,52,49,28,26,21,23,44,50,48,28,26,21,23,43,49,46,26,25,21,24
6966,0,0,0,0,0,0,0,0,0,0,0,0,0,0,0,0,0,0,0,0,0
6967,45,45,45,33,30,28,33,42,43,44,32,29,28,32,41,42,43,32,29,29,33
6968,386,462,470,433,342,294,287,384,460,468,431,341,293,287,383,460,469,431,341,293,287
6969,159,197,194,168,135,115,118,151,188,188,165,133,116,121,151,183,179,155,124,108,115
6970,15,17,16,14,11,10,11,14,16,16,14,11,10,11,14,17,16,14,11,10,11
6971,12,14,14,13,11,10,10,12,14,14,13,11,10,10,12,14,14,13,11,10,10
6972,14,13,13,11,10,10,12,16,16,15,11,10,10,11,16,16,15,12,11,11,11
6973,1,0,0,0,1,1,1,1,0,0,0,1,1,1,1,0,0,0,1,1,1
6974,51,54,56,53,44,41,48,51,54,55,53,44,41,48,51,54,56,53,44,41,48
6975,0,0,0,0,0,0,0,0,0,0,0,0,0,0,0,0,0,0,0,0,0
6976,1,1,1,1,0,0,1,1,1,1,1,0,0,1,1,1,1,1,0,0,1
6977,0,0,0,0,0,0,0,0,0,0,0,0,0,0,0,0,0,0,0,0,0
6978,0,0,0,0,0,0,0,0,0,0,0,0,0,0,0,0,0,0,0,0,0
6979,1,1,1,2,1,1,1,1,1,1,2,1,1,1,1,1,1,2,1,1,1
6980,0,0,0,0,0,0,0,0,0,0,0,0,0,0,0,0,0,0,0,0,0
6981,0,0,0,0,0,0,0,0,0,0,0,0,0,0,0,0,0,0,0,0,0
6982,0,0,0,0,0,0,0,0,0,0,0,0,0,0,0,0,0,0,0,0,0
6983,2,2,1,1,0,0,0,0,0,0,0,0,0,0,0,0,0,0,0,0,1
6984,2,2,2,1,1,1,1,1,1,1,1,1,1,1,1,1,1,1,1,1,1
6985,4,5,5,4,4,4,4,5,5,5,4,3,4,3,4,5,4,4,3,3,3
6986,0,0,0,0,0,0,0,0,0,0,0,0,0,0,0,0,0,0,0,0,0
6987,0,0,0,0,0,0,0,0,0,0,0,0,0,0,0,0,0,0,0,0,0
6988,0,0,0,0,0,0,0,0,0,0,0,0,0,0,0,0,0,0,0,0,0
6989,0,0,0,0,0,0,0,0,0,0,0,0,0,0,0,0,0,0,0,0,0
6990,1,0,0,0,1,1,1,1,0,0,0,1,1,1,1,0,0,0,1,1,1
6991,60,64,57,57,47,53,58,60,64,57,57,47,53,58,60,64,57,57,47,53,58
6992,8,9,12,11,9,5,6,8,9,12,10,9,5,6,8,9,12,10,9,5,6
6993,0,0,0,0,0,0,0,0,0,0,0,0,0,0,0,0,0,0,0,0,0
6994,0,0,0,0,0,0,0,0,0,0,0,0,0,0,0,0,0,0,0,0,0
6995,3,2,2,2,1,2,2,2,2,2,2,1,2,2,3,2,2,2,1,2,2
6996,0,0,0,0,0,0,0,0,0,0,0,0,0,0,0,0,0,0,0,0,0
6997,5,0,0,0,0,4,42,5,0,0,0,0,4,42,5,0,0,0,0,4,42
6998,0,1,1,0,0,0,0,0,1,1,0,0,0,0,0,1,1,0,0,0,0
6999,0,0,0,0,0,0,0,0,0,0,0,0,0,0,0,0,0,0,0,0,0
7000,0,0,0,0,0,0,0,0,0,0,0,0,0,0,0,0,0,0,0,0,0
7001,0,0,0,0,0,0,0,0,0,0,0,0,0,0,0,0,0,0,0,0,0
7002,1,1,1,1,1,0,1,1,0,1,1,1,0,1,1,0,1,1,1,0,1
7003,0,0,0,0,0,0,0,0,0,0,0,0,0,0,0,0,0,0,0,0,0
7004,0,0,0,0,0,0,0,0,0,0,0,0,0,0,0,0,0,0,0,0,0
7005,0,0,0,0,0,0,0,0,0,0,0,0,0,0,0,0,0,0,0,0,0
7006,0,0,0,0,0,0,0,0,0,0,0,0,0,0,0,0,0,0,0,0,0
7007,0,0,0,0,0,0,0,0,0,0,0,0,0,0,0,0,0,0,0,0,0
7008,0,0,0,0,0,0,0,0,0,0,0,0,0,0,0,0,0,0,0,0,0
7009,5,5,5,5,4,3,4,5,5,5,5,4,3,4,5,5,5,5,4,3,4
7010,1,1,1,1,1,1,1,1,1,2,1,1,1,1,2,2,2,1,1,1,1
7011,1,2,2,2,1,1,1,2,2,2,1,1,1,1,2,2,2,1,1,1,1
7012,173,160,170,157,164,155,162,183,171,177,159,163,154,162,178,162,167,151,159,158,165
7013,58,59,57,57,51,47,46,62,66,59,57,51,46,43,54,59,62,61,56,52,52
7014,1,1,1,1,1,1,1,1,1,1,1,1,1,1,1,1,1,1,1,1,1
7015,8,7,6,7,5,6,7,8,7,6,7,5,6,7,8,7,6,7,5,6,7
7016,0,0,0,0,0,0,0,1,0,0,0,0,0,0,1,1,0,0,0,0,0
7017,1,1,1,1,1,0,1,1,1,1,1,1,0,1,1,1,1,1,1,0,1
7018,0,0,0,0,0,0,0,0,0,0,0,0,0,0,0,0,0,0,0,0,0
7019,0,0,0,0,0,0,0,0,0,0,0,0,0,0,0,0,0,0,0,0,0
7020,1,0,0,0,0,0,0,1,0,0,0,0,0,0,1,0,0,0,0,0,0
7021,13,16,16,14,10,9,9,13,15,16,13,10,8,9,13,15,16,14,10,9,9
7022,6,9,8,7,4,6,6,6,9,8,7,4,5,6,5,9,8,7,4,6,6
7023,11,11,10,9,6,7,7,11,11,10,9,6,7,7,11,11,10,9,6,7,7
7024,1,1,1,1,1,1,1,1,1,1,1,1,1,1,1,1,1,1,1,1,1
7025,4,3,5,2,1,2,2,3,2,4,2,1,2,2,3,2,5,2,2,2,3
7026,0,0,0,0,1,0,0,0,0,0,0,1,0,0,0,0,0,0,1,0,0
7027,0,0,0,0,0,0,0,0,0,0,0,0,0,0,0,0,0,0,0,0,0
7028,6,6,6,6,5,4,4,5,5,6,6,5,4,4,5,5,6,6,5,4,4
7029,0,1,1,1,1,0,0,0,1,1,1,1,0,0,0,1,1,1,1,0,0
7030,1,1,1,1,1,1,1,1,1,1,1,1,1,1,1,1,1,1,1,1,1
7031,4,3,3,3,3,2,2,3,3,3,3,3,2,2,3,3,3,3,3,2,2
7032,1,1,1,1,0,0,0,1,1,1,1,0,0,0,1,1,1,1,0,0,0
7033,0,0,0,0,0,0,0,0,0,0,0,0,0,0,0,0,0,0,0,0,0
7034,0,0,0,0,1,0,0,0,0,0,0,1,0,0,0,0,0,0,1,0,0
7035,0,0,0,0,0,0,0,0,0,0,0,0,0,0,0,0,0,0,0,0,0
7036,0,0,0,0,0,0,0,0,0,0,0,0,0,0,0,0,0,0,0,0,0
7037,0,0,0,0,0,0,0,0,1,0,0,0,0,0,0,1,0,0,0,0,0
7038,8,8,8,7,7,6,7,7,7,7,7,6,6,7,8,8,8,8,7,7,7
7039,1,1,1,1,1,1,1,1,1,1,1,1,1,1,1,1,1,1,1,1,1
7040,9,8,8,7,7,6,6,10,10,10,7,6,5,6,9,10,10,8,9,8,8
7041,13,12,12,10,9,9,10,12,11,12,10,9,9,10,12,12,13,11,10,11,12
7042,45,46,47,44,42,39,40,48,52,50,45,39,36,38,42,41,42,38,35,34,35
7043,31,31,30,29,26,24,25,29,31,31,29,26,24,25,29,31,32,30,27,26,25
7044,17,15,14,12,10,10,11,13,13,13,12,10,10,12,17,15,14,12,11,12,14
7045,3,3,3,3,2,2,2,3,3,3,3,2,2,2,3,3,3,3,2,2,2
7046,4,3,3,2,2,3,3,3,3,3,2,3,3,3,3,3,3,2,3,3,3
7047,0,0,0,0,0,0,0,0,0,0,0,0,0,0,0,0,0,0,0,0,0
7048,1,1,1,1,1,1,0,1,1,1,1,1,1,0,1,1,1,1,1,1,0
7049,37,33,34,27,24,27,29,35,33,35,28,25,28,30,35,33,34,27,24,28,30
7050,2,3,3,3,2,2,2,2,3,3,3,2,2,2,2,3,3,3,2,2,2
7051,0,0,0,0,0,0,0,0,0,0,0,0,0,0,0,0,0,0,0,0,0
7052,0,1,0,0,0,0,0,0,1,0,0,0,0,0,0,1,0,1,0,0,0
7053,1,1,1,1,1,1,2,1,1,1,1,1,1,2,1,1,1,1,1,1,2
7054,0,0,0,0,0,0,0,0,0,0,0,0,0,0,0,0,0,0,0,0,0
7055,0,0,0,0,0,0,0,0,0,0,0,0,0,0,0,0,0,0,0,0,0
7056,0,0,0,0,0,0,0,0,0,0,0,0,0,0,0,0,0,0,0,0,0
7057,0,0,0,0,0,0,0,0,0,0,0,0,0,0,0,0,0,0,0,0,0
7058,0,0,0,0,0,0,0,0,0,0,0,0,0,0,0,0,0,0,0,0,0
7059,0,0,0,0,0,0,0,0,0,0,0,0,0,0,0,0,0,0,0,0,0
7060,0,0,0,0,0,0,0,0,0,0,0,0,0,0,0,0,0,0,0,0,0
7061,1,1,1,1,1,1,1,1,1,1,1,1,1,1,1,1,1,1,1,1,1
7062,5,5,7,6,5,4,4,5,5,7,6,5,4,4,5,5,7,6,5,4,4
7063,5,6,7,6,5,5,4,5,6,6,6,5,5,4,5,6,6,6,5,5,4
7064,2,3,3,2,2,1,1,2,3,3,2,2,1,1,2,3,3,2,2,1,1
7065,2,2,2,1,2,1,1,2,2,2,1,2,1,1,2,2,2,1,2,1,1
7066,15,16,23,14,10,8,7,15,16,23,14,10,8,7,15,16,23,14,10,8,7
7067,0,0,0,0,0,0,0,0,0,0,0,0,0,0,0,0,0,0,0,0,0
7068,0,0,0,0,0,0,0,0,0,0,0,0,0,0,0,0,0,0,0,0,0
7069,0,0,0,0,0,0,0,0,0,0,0,0,0,0,0,0,0,0,0,0,0
7070,0,0,0,0,0,0,0,0,0,0,0,0,0,0,0,0,0,0,0,0,0
7071,0,0,0,0,0,0,0,0,0,0,0,0,0,0,0,0,0,0,0,0,0
7072,0,1,1,1,1,0,0,0,1,1,1,1,0,0,0,1,1,1,1,0,0
7073,1,1,1,1,1,1,1,1,1,1,1,1,1,1,1,1,1,1,1,1,1
7074,0,0,0,0,0,0,0,0,0,0,0,0,0,0,0,0,0,0,0,0,0
7075,44,43,45,44,38,35,33,40,42,44,44,38,35,34,42,44,46,45,39,36,33
7076,43,43,41,42,40,43,43,43,34,26,22,20,23,26,31,30,31,32,32,36,35
7077,1,1,1,1,0,1,1,1,1,1,1,1,1,1,1,2,1,1,1,2,2
7078,1,1,1,1,0,0,1,1,1,1,1,0,0,1,1,1,1,1,0,0,1
7079,2,2,3,3,3,2,2,2,2,2,2,2,2,2,2,2,2,2,2,2,2
7080,2,2,2,2,2,1,1,2,2,2,2,2,1,1,2,2,2,2,2,1,1
7081,8,8,8,8,7,6,7,8,8,7,8,7,6,7,7,8,7,8,7,6,7
7082,2,2,2,2,2,2,2,2,2,2,2,2,2,2,2,2,2,2,2,2,2
7083,0,0,0,0,0,0,0,0,0,0,0,0,0,0,0,0,0,0,0,0,0
7084,1,1,1,1,1,1,1,1,1,1,1,1,1,1,1,1,1,1,1,1,1
7085,1,1,1,0,1,1,1,1,1,1,0,1,1,1,1,1,1,0,1,1,1
7086,0,0,0,0,0,0,0,0,0,0,0,0,0,0,0,0,0,0,0,0,0
7087,1,1,1,1,1,1,1,1,1,1,1,1,1,1,1,1,1,1,1,1,1
7088,1,1,1,1,0,0,1,1,1,1,1,0,1,1,1,1,0,0,0,0,0
7089,0,0,0,0,0,0,0,0,0,0,0,0,0,0,0,0,0,0,0,0,0
7090,0,0,0,0,0,0,0,0,0,0,0,0,0,0,0,0,0,0,0,0,0
7091,15,16,18,18,17,15,15,16,17,19,18,16,14,13,14,15,16,15,15,13,14
7092,1,1,1,1,1,1,1,1,1,1,1,1,1,1,1,2,1,1,1,1,1
7093,2,2,2,2,2,2,2,2,2,2,2,2,2,2,2,2,2,2,2,2,2
7094,40,39,36,49,50,43,39,46,51,50,61,57,50,45,48,47,45,56,55,51,44
7095,19,20,16,17,16,12,15,17,19,16,17,16,12,16,18,19,16,17,16,12,16
7096,2,2,3,2,2,2,1,2,2,3,2,2,2,1,2,2,3,2,2,2,1
7097,7,8,8,7,7,6,6,6,7,8,7,6,5,6,6,7,8,7,7,6,6
7098,0,0,0,0,0,0,0,0,0,0,0,0,0,0,0,0,0,0,0,0,0
7099,94,98,100,109,96,84,78,94,98,100,109,96,84,78,94,98,100,109,96,84,78
7100,1,0,0,0,1,1,1,1,1,0,0,1,0,0,0,0,0,0,0,0,0
7101,6,4,4,3,2,3,5,6,4,4,3,2,3,5,6,4,4,3,2,3,5
7102,19,20,23,23,21,20,20,19,20,24,23,21,20,20,21,23,25,24,22,21,21
7103,29,28,30,32,24,20,26,29,28,30,32,24,20,26,29,28,30,32,24,20,26
7104,0,0,0,0,0,0,0,0,0,0,0,0,0,0,0,0,0,0,0,0,0
7105,0,0,0,0,0,0,0,0,0,0,0,0,0,0,0,0,0,0,0,0,0
7106,0,0,0,0,0,0,0,0,0,0,0,0,0,0,0,0,0,0,0,0,0
7107,0,0,0,0,0,0,0,0,0,0,0,0,0,0,0,0,0,0,0,0,0
7108,0,0,0,0,0,0,0,0,0,0,0,0,0,0,0,0,0,0,0,0,0
7109,0,0,0,0,0,0,0,0,0,0,0,0,0,0,0,0,0,0,0,0,0
7110,0,0,0,0,0,0,0,0,0,0,0,0,0,0,0,0,0,0,0,0,0
7111,0,0,0,0,0,0,0,0,0,0,0,0,0,0,0,0,0,0,0,0,0
7112,0,0,0,0,0,0,0,0,0,0,0,0,0,0,0,0,0,0,0,0,0
7113,0,0,0,0,0,0,0,0,0,0,0,0,0,0,0,0,0,0,0,0,0
7114,0,0,0,0,0,0,0,0,0,0,0,0,0,0,0,0,0,0,0,0,0
7115,3,3,3,3,3,3,3,3,3,3,4,3,3,3,4,4,4,4,4,4,4
7116,6,7,9,9,8,7,7,7,8,9,8,7,6,6,6,6,6,5,4,3,3
7117,0,0,0,0,0,0,0,0,0,0,0,0,0,0,0,0,0,0,0,0,0
7118,2,2,3,3,2,2,1,2,2,3,3,2,2,1,2,2,3,3,2,2,1
7119,1,1,1,1,1,1,1,1,1,1,1,1,1,1,1,1,1,1,1,1,1
7120,3,3,2,3,2,2,2,3,3,2,3,2,2,2,3,3,2,3,2,2,2
7121,0,0,0,0,0,0,0,0,0,0,0,0,0,0,0,0,0,0,0,0,0
7122,1,0,0,0,0,0,1,1,0,0,0,0,0,1,1,0,1,0,0,0,1
7123,13,21,19,17,1,3,10,13,21,19,17,1,3,10,13,21,19,17,1,3,10
7124,0,0,0,0,0,0,0,0,0,0,0,0,0,0,0,0,0,0,0,0,0
7125,2,2,2,0,1,1,1,2,2,2,0,1,1,1,2,2,2,0,1,1,1
7126,1,1,1,1,0,1,1,1,1,1,1,0,1,1,1,1,1,1,0,1,1
7127,0,0,0,0,0,0,0,0,0,0,0,0,0,0,0,0,0,0,0,0,0
7128,0,0,0,0,0,0,0,0,0,0,0,0,0,0,0,0,0,0,0,0,0
7129,0,0,0,0,0,0,0,0,0,0,0,0,0,0,0,0,0,0,0,0,0
7130,1,1,1,1,1,1,1,1,1,1,1,1,1,1,1,1,1,1,1,1,1
7131,2,2,2,2,2,2,2,2,2,2,2,2,2,2,2,2,2,2,2,2,2
7132,0,0,0,0,0,0,0,0,0,0,0,0,0,0,0,0,0,0,0,0,0
7133,7,8,9,8,7,7,6,7,8,9,8,7,6,6,7,8,8,8,7,6,6
7134,0,0,0,0,0,0,0,0,0,0,0,0,0,0,0,0,0,0,0,0,0
7135,0,0,0,0,0,0,0,0,0,0,0,0,0,0,0,0,0,0,0,0,0
7136,2,3,4,1,1,1,1,2,3,4,1,1,1,1,2,3,4,1,1,1,1
7137,4,4,4,3,4,3,4,4,4,4,3,4,3,4,4,4,3,3,4,3,4
7138,6,6,5,4,4,4,4,5,5,5,4,5,4,4,5,5,5,5,5,4,4
7139,1,1,1,1,1,1,1,1,1,1,1,1,1,1,1,2,2,1,1,1,1
7140,0,0,0,0,0,0,0,0,0,0,0,0,0,0,0,0,0,0,0,0,0
7141,0,0,0,0,0,0,0,0,0,0,0,0,0,0,0,0,0,0,0,0,0
7142,10,14,14,11,8,7,7,10,14,14,11,8,7,7,12,15,15,11,8,7,7
7143,31,51,59,36,26,15,11,31,51,59,36,26,15,11,32,51,59,36,26,15,11
7144,9,8,10,8,14,12,14,9,8,10,8,14,12,14,9,7,10,8,14,12,14
7145,8,11,12,8,6,5,4,7,11,12,8,6,5,4,7,11,12,8,6,5,4
7146,9,9,9,9,8,9,8,10,10,10,10,8,9,8,9,9,9,9,9,10,9
7147,7,6,8,7,6,6,6,7,7,8,6,6,5,5,6,6,7,6,6,5,5
7148,0,0,0,0,0,0,0,0,0,0,0,0,0,0,0,0,0,0,0,0,0
7149,2,2,2,1,1,1,1,1,2,2,1,1,1,1,2,2,2,2,1,1,1
7150,2,2,3,3,3,2,3,3,3,3,3,3,2,2,3,3,3,3,2,2,2
7151,0,0,0,0,0,0,0,0,0,0,0,0,0,0,0,0,0,0,0,0,0
7152,3,3,3,2,2,2,2,2,2,2,2,2,2,2,2,2,2,2,2,2,2
7153,7,7,7,7,7,6,6,7,7,7,7,6,6,6,7,7,6,6,5,5,5
7154,2,2,1,1,1,1,1,2,2,1,1,1,1,1,2,2,1,1,1,1,1
7155,0,0,0,0,0,0,0,0,0,0,0,0,0,0,0,0,1,0,0,0,0
7156,1,1,1,0,0,0,1,1,1,1,0,1,1,1,1,1,0,0,0,0,0
7157,0,0,0,0,0,0,0,0,0,0,0,0,0,0,0,0,0,0,0,0,0
7158,0,0,0,0,0,0,0,0,0,0,0,0,0,0,0,0,0,0,0,0,0
7159,12,10,10,9,8,9,10,10,10,10,9,8,8,9,12,12,12,10,9,10,11
7160,0,0,0,0,0,0,0,0,0,0,0,0,0,0,0,0,0,0,0,0,0
7161,389,470,529,571,561,394,357,389,470,529,571,561,394,357,389,470,529,571,561,394,357
7162,312,294,300,302,256,211,210,302,311,334,333,274,229,233,312,294,308,315,271,242,246
7163,3,2,2,2,3,3,3,3,2,2,2,3,3,3,3,2,2,2,3,3,3
7164,2,2,2,1,1,2,1,2,3,3,2,1,2,1,3,4,4,3,2,3,3
7165,1,1,2,2,2,1,1,1,1,2,2,2,1,1,1,1,2,2,2,1,1
7166,1,1,1,1,1,1,1,1,2,1,1,1,1,1,2,2,1,1,1,1,1
7167,5,7,8,9,8,6,5,5,7,8,9,8,6,5,5,7,8,9,8,6,5
7168,5,4,4,4,3,3,3,4,4,4,4,3,3,3,4,4,4,4,4,3,3
7169,470,557,566,523,455,352,322,464,589,611,549,457,354,332,452,539,568,533,464,382,364
7170,0,0,0,0,0,0,0,0,0,0,0,0,0,0,0,0,0,0,0,0,0
7171,37,38,43,51,50,40,31,36,38,43,49,47,38,28,34,38,46,54,53,45,36
7172,13,14,12,12,8,8,9,12,13,12,12,8,8,10,13,14,12,12,8,8,10
7173,56,68,70,62,49,47,58,56,68,70,62,49,47,58,56,68,70,62,49,47,58
7174,105,112,119,109,98,85,86,104,118,129,116,97,86,95,112,120,127,116,102,96,101
7175,34,38,39,41,34,28,29,34,37,38,40,33,28,28,34,37,38,40,33,28,28
7176,73,87,96,102,96,87,83,101,115,108,99,87,79,79,99,117,109,105,95,88,81
7177,60,74,84,93,81,58,48,61,74,84,93,81,58,48,60,73,84,93,81,58,48
7178,7,7,6,6,5,5,5,6,6,6,5,4,4,4,7,10,10,9,9,9,10
7179,6,6,5,4,3,3,3,4,5,5,4,3,3,4,8,8,6,5,5,6,9
7180,0,0,0,0,0,0,0,0,0,0,0,0,0,0,0,0,0,0,0,0,0
7181,100,103,110,96,86,72,72,100,107,117,97,81,70,77,106,109,116,98,88,81,88
7182,0,0,0,0,0,0,0,0,0,0,0,0,0,0,0,0,0,0,0,0,0
7183,0,0,0,0,0,0,0,0,0,0,0,0,0,0,0,0,0,0,0,0,0
7184,0,0,0,0,0,0,0,0,0,0,0,0,0,0,0,0,0,0,0,0,0
7185,7,8,7,6,5,5,5,8,11,10,8,6,6,6,8,10,11,9,7,8,9
7186,1,1,1,1,1,0,0,1,1,1,1,1,0,0,1,1,1,1,1,0,0
7187,0,0,0,0,0,0,0,0,0,0,0,0,0,0,0,0,0,0,0,0,0
7188,0,0,0,0,0,0,0,0,0,0,0,0,0,0,0,0,0,0,0,0,0
7189,2,2,1,1,1,1,1,2,2,1,1,1,1,1,2,2,2,1,1,1,1
7190,0,0,0,0,0,0,0,0,0,0,0,0,0,0,0,0,0,0,0,0,0
7191,0,0,0,0,0,0,0,0,0,0,0,0,0,0,0,0,0,0,0,0,0
7192,0,0,0,0,0,0,0,0,0,0,0,0,0,0,0,0,0,0,0,0,0
7193,11,13,13,11,10,9,10,12,13,12,11,10,9,10,11,13,12,11,10,9,10
7194,0,0,0,0,0,0,0,0,0,0,0,0,0,0,0,0,0,0,0,0,0
7195,0,0,0,0,0,0,0,0,0,0,0,0,0,0,0,0,0,0,0,0,0
7196,0,0,0,0,0,0,0,0,0,0,0,0,0,0,0,0,0,0,0,0,0
7197,6,8,10,8,6,5,5,6,8,10,8,6,4,5,6,8,10,8,6,5,5
7198,0,0,0,0,0,0,0,0,0,0,0,0,0,0,0,0,0,0,0,0,0
7199,0,0,0,0,0,0,0,0,0,0,0,0,0,0,0,0,0,0,0,0,0
7200,0,0,0,0,0,0,0,0,0,0,0,0,0,0,0,0,0,0,0,0,0
7201,0,0,0,0,0,0,0,0,0,0,0,0,0,0,1,0,0,0,0,0,0
7202,1,1,1,1,1,1,1,1,1,1,1,1,1,1,1,2,1,1,1,1,1
7203,0,1,1,2,2,1,1,0,1,1,2,2,1,1,0,1,1,2,2,1,1
7204,0,0,0,0,0,0,0,0,0,0,0,0,0,0,0,0,0,0,0,0,0
7205,4,4,4,4,4,3,3,4,4,4,4,4,4,3,4,5,5,5,4,4,4
7206,2,2,2,2,1,2,2,2,2,2,2,1,1,2,2,2,1,1,1,1,1
7207,0,0,0,0,0,0,0,0,0,0,0,0,0,0,0,0,0,0,0,0,0
7208,0,0,0,0,0,0,0,0,0,0,0,0,0,0,0,0,0,0,0,0,0
7209,0,0,0,0,0,0,0,0,0,0,0,0,0,0,0,0,0,0,0,0,0
7210,1,1,2,1,1,1,1,1,1,2,1,1,1,1,1,1,2,1,1,1,1
7211,3,3,3,3,3,2,3,3,3,3,3,3,3,3,3,3,3,3,3,2,3
7212,0,0,0,0,0,0,0,0,0,0,0,0,0,0,0,0,0,0,0,0,0
7213,1,0,0,0,0,0,0,1,0,0,0,0,0,0,1,1,1,0,0,1,1
7214,1,2,2,2,2,2,2,2,2,2,2,2,1,1,2,2,2,2,2,1,1
7215,7,8,7,7,6,4,5,6,7,7,6,6,4,5,6,7,7,7,6,5,5
7216,0,0,0,0,0,0,0,0,0,0,0,0,0,0,0,0,0,0,0,0,0
7217,1,1,1,2,2,2,1,1,1,1,2,2,2,1,1,1,1,2,2,2,1
7218,0,1,1,1,1,0,0,0,1,1,1,1,0,0,0,1,1,1,1,0,0
7219,0,1,1,1,1,0,1,1,1,1,1,1,0,1,1,1,1,1,1,0,1
7220,19,20,23,21,17,15,15,19,20,23,21,17,14,15,19,20,23,21,17,14,15
7221,2,3,3,3,2,2,2,2,3,3,3,2,2,2,2,3,3,3,2,2,2
7222,2,2,2,2,1,2,1,2,2,2,2,1,2,1,2,2,2,2,1,2,1
7223,3,3,3,3,3,3,3,3,3,4,3,3,3,3,3,3,4,3,3,3,3
7224,28,30,32,33,30,26,25,29,34,37,36,31,27,25,26,28,30,30,27,24,23
7225,1,1,1,1,1,1,1,1,1,1,1,1,1,1,0,1,1,1,1,1,1
7226,5,5,5,5,4,4,4,5,5,5,5,4,4,4,5,5,5,5,4,4,4
7227,0,0,1,0,0,0,0,0,0,1,0,0,0,0,0,0,1,0,0,0,0
7228,0,1,1,1,1,1,1,1,1,1,1,1,1,1,1,1,1,1,1,1,1
7229,1,1,1,1,1,1,1,1,1,1,1,1,1,1,1,1,1,1,1,1,1
7230,1,1,1,1,1,1,1,1,1,1,1,1,1,1,1,1,1,1,1,1,1
7231,0,0,0,0,0,0,0,0,0,0,0,0,0,0,0,0,0,0,0,0,0
7232,0,0,0,0,0,0,0,0,0,0,0,0,0,0,0,0,1,1,2,2,2
7233,0,0,0,0,0,0,0,0,0,0,0,0,0,0,0,0,0,0,0,0,0
7234,0,0,0,1,1,1,0,0,0,0,1,1,1,1,0,0,0,1,1,1,1
7235,0,0,0,0,0,0,0,0,0,0,0,0,0,0,0,0,0,0,0,0,0
7236,0,0,0,0,0,0,0,0,0,0,0,0,0,0,0,0,0,0,0,0,0
7237,0,0,0,0,0,0,0,0,0,0,0,0,0,0,0,0,0,0,0,0,0
7238,0,0,0,0,0,0,0,0,0,0,0,0,0,0,0,0,0,0,0,0,0
7239,0,0,0,0,0,0,0,0,0,0,0,0,0,0,0,0,0,0,0,0,0
7240,0,0,0,0,0,0,0,0,0,0,0,0,0,0,0,0,0,0,0,0,0
7241,0,0,0,0,0,0,0,0,0,0,0,0,0,0,0,0,0,0,0,0,0
7242,0,0,0,0,0,0,0,0,0,0,0,0,0,0,0,0,0,0,0,0,0
7243,0,0,0,0,0,0,0,0,0,0,0,0,0,0,0,0,0,0,0,0,0
7244,0,0,0,0,0,0,0,0,0,0,0,0,0,0,0,0,0,0,0,0,0
7245,0,0,0,0,0,0,0,0,0,0,0,0,0,0,0,0,0,0,0,0,0
7246,0,0,0,0,0,0,0,0,0,0,0,0,0,0,0,0,0,0,0,0,0
7247,0,0,0,0,0,0,0,0,0,0,0,0,0,0,0,0,0,0,0,0,0
7248,0,0,0,0,0,0,0,0,0,0,0,0,0,0,0,0,0,0,0,0,0
7249,0,0,0,0,0,0,0,0,0,0,0,0,0,0,0,0,0,0,0,0,0
7250,0,0,0,0,0,0,0,0,0,0,0,0,0,0,0,0,0,0,0,0,0
7251,0,0,0,0,0,0,0,0,0,0,0,0,0,0,0,0,0,0,0,0,0
7252,0,0,0,0,0,0,0,0,0,0,0,0,0,0,0,0,0,0,0,0,0
7253,0,0,0,0,0,0,0,0,0,0,0,0,0,0,0,0,0,0,0,0,0
7254,0,0,0,0,0,0,0,0,0,0,0,0,0,0,0,0,0,0,0,0,0
7255,0,0,0,0,0,0,0,0,0,0,0,0,0,0,0,0,0,0,0,0,0
7256,1,1,1,1,1,1,1,1,1,1,1,1,1,0,1,1,1,1,1,1,0
7257,0,0,0,0,0,0,0,0,0,0,0,0,0,0,0,0,0,0,0,0,0
7258,6,7,7,6,6,5,5,6,7,7,7,6,5,5,7,8,8,7,6,6,5
7259,1,1,1,1,1,1,1,1,1,1,1,1,1,1,1,1,1,1,1,1,1
7260,0,0,0,0,0,0,0,0,0,0,0,0,0,0,0,0,0,0,0,0,0
7261,3,3,3,2,2,2,3,3,3,3,2,2,2,3,3,3,2,2,2,2,3
7262,17,17,16,13,11,11,12,17,17,16,13,11,11,12,17,17,16,13,11,11,12
7263,4,3,2,1,0,1,1,3,3,2,1,0,1,1,5,5,4,3,2,2,3
7264,0,0,0,0,0,0,0,0,0,0,0,0,0,0,0,0,0,0,0,0,0
7265,29,39,26,23,13,16,20,29,39,26,23,13,16,20,29,39,26,23,13,16,20
7266,0,0,0,0,0,0,0,0,0,0,0,0,0,0,0,0,0,0,0,0,0
7267,0,0,0,0,0,0,0,0,0,0,0,0,0,0,0,0,0,0,0,0,0
7268,1,1,1,1,1,1,1,1,1,1,1,1,1,1,2,1,1,0,0,0,0
7269,0,0,0,0,0,0,0,0,0,0,0,0,0,0,0,0,0,0,0,0,0
7270,2,2,2,2,2,2,2,2,2,2,2,2,2,2,2,2,2,2,2,2,2
7271,1,1,1,1,1,1,1,1,1,1,1,1,1,1,1,1,1,1,1,1,1
7272,0,0,0,0,0,0,0,0,0,0,0,0,0,0,0,0,0,0,0,0,0
7273,0,0,0,0,0,0,0,0,0,0,0,0,0,0,0,1,0,0,0,0,0
7274,9,9,9,9,8,8,7,8,8,9,9,8,8,7,8,8,9,9,8,7,7
7275,86,101,103,85,74,62,61,84,100,103,85,73,60,59,80,96,99,82,71,61,61
7276,27,29,29,27,25,23,23,26,29,29,27,24,22,22,25,27,27,25,23,21,21
7277,60,59,55,51,47,43,45,52,54,53,49,45,40,42,49,50,50,48,45,42,44
7278,22,24,24,21,19,17,18,21,24,24,21,19,17,17,20,23,23,20,19,18,19
7279,50,55,53,50,48,44,40,46,52,51,49,47,44,40,46,51,51,49,47,45,41
7280,71,72,68,68,61,56,59,67,71,68,66,58,53,55,61,63,61,61,56,53,56
7281,3,3,3,3,3,2,2,3,3,3,3,3,2,2,3,3,3,3,3,3,2
7282,6,5,5,4,4,4,4,5,4,4,4,4,4,4,5,5,5,4,4,4,5
7283,3,2,2,2,1,1,1,2,1,1,1,1,1,1,2,2,1,1,1,1,2
7284,0,0,0,0,0,0,0,0,0,0,0,0,0,0,0,0,0,0,0,0,0
7285,0,0,0,0,0,0,0,0,0,0,0,0,0,0,0,0,0,0,0,0,0
7286,1,1,1,1,1,0,1,1,1,1,1,1,0,1,1,1,1,1,0,0,1
7287,0,0,0,0,0,0,0,0,0,0,0,0,0,0,0,0,0,0,0,0,0
7288,0,0,0,0,0,0,1,0,0,0,0,0,0,1,0,0,0,0,0,0,1
7289,0,0,0,0,0,0,0,0,0,0,0,0,0,0,0,0,0,0,0,0,0
7290,0,0,0,0,0,0,0,0,0,0,0,0,0,0,0,0,0,0,0,0,0
7291,0,0,0,0,0,0,0,0,0,0,0,0,0,0,0,0,0,0,0,0,0
7292,7,8,8,8,7,7,6,7,8,9,8,8,7,7,7,8,9,8,8,7,7
7293,5,5,4,3,3,3,3,4,4,3,3,3,3,4,4,4,3,3,2,3,3
7294,3,3,3,3,3,3,3,3,3,3,3,3,3,3,3,3,3,3,3,3,3
7295,9,9,8,7,6,6,6,7,8,8,7,7,6,7,8,8,8,7,7,6,7
7296,47,48,46,42,36,31,31,43,55,58,56,49,45,47,53,57,56,52,48,47,44
7297,3,4,5,5,4,3,3,3,4,5,5,4,3,2,3,4,5,5,4,3,3
7298,11,11,11,9,8,7,7,10,10,10,9,8,7,7,10,10,11,9,8,7,7
7299,18,19,19,17,15,14,14,17,18,18,16,15,14,14,17,18,19,16,15,14,14
7300,7,7,8,7,6,5,6,7,7,8,7,6,5,6,7,7,8,7,6,5,6
7301,10,11,12,11,10,9,9,10,11,12,11,10,9,9,10,11,11,10,10,9,9
7302,58,63,65,57,50,48,51,64,70,69,59,50,48,52,62,65,60,50,43,45,47
7303,5,5,5,5,4,3,3,4,4,5,4,4,3,3,4,5,5,4,4,3,3
7304,3,3,3,3,3,3,3,3,3,3,3,3,3,3,3,3,3,3,3,3,3
7305,4,4,4,4,4,4,3,4,4,4,4,4,4,3,4,4,4,4,4,4,3
7306,22,22,22,20,19,17,16,21,24,26,24,22,20,19,22,22,23,21,20,19,18
7307,4,5,5,6,6,5,4,4,4,4,6,5,5,4,4,4,4,6,5,5,4
7308,2,2,2,2,2,1,1,2,2,2,2,2,1,1,2,2,2,2,2,1,1
7309,9,10,11,10,9,8,8,9,10,11,10,9,7,7,8,9,10,10,9,7,7
7310,5,5,5,5,4,4,4,4,4,5,4,4,3,4,4,4,5,4,4,3,4
7311,14,13,13,13,12,12,11,13,13,13,13,12,12,11,13,13,13,13,12,12,11
7312,3,4,4,4,3,3,3,3,4,4,4,3,3,3,3,4,4,4,3,3,3
7313,9,10,11,10,9,9,8,9,10,11,10,9,8,8,9,10,11,10,9,8,8
7314,1,1,1,1,1,1,1,1,1,1,1,1,1,1,1,1,1,1,1,1,1
7315,10,10,11,10,10,10,10,10,10,11,10,10,9,10,10,10,11,10,10,9,10
7316,247,253,251,246,237,214,201,233,226,220,220,214,181,156,188,193,199,207,206,184,162
7317,1,1,1,1,1,0,0,1,1,1,1,1,0,0,1,1,1,1,1,0,0
7318,0,0,0,0,0,0,0,0,0,0,0,0,0,0,0,0,0,0,0,0,0
7319,14,14,14,14,13,11,11,13,14,16,16,14,12,12,13,14,16,15,14,13,12
7320,22,22,23,21,19,16,15,19,22,25,22,20,16,16,20,24,27,25,23,19,19
7321,13,13,13,13,13,11,11,13,14,14,14,12,10,10,13,14,15,14,14,12,12
7322,1,1,1,0,0,0,0,1,1,0,0,0,0,0,0,0,0,0,0,0,0
7323,6,6,6,6,4,4,4,5,5,6,5,4,4,4,5,6,6,6,4,4,4
7324,5,5,5,6,5,4,3,4,5,5,6,5,4,3,4,5,5,6,5,4,3
7325,12,12,10,9,9,8,8,8,10,10,9,9,8,8,9,10,10,9,9,8,9
7326,7,8,8,7,7,6,6,7,8,8,7,7,6,6,8,9,9,8,7,6,7
7327,11,10,10,9,8,6,7,9,9,9,8,7,6,7,9,9,9,8,8,7,7
7328,18,19,19,16,15,13,15,18,19,19,16,15,13,15,17,19,19,16,15,13,15
7329,0,0,0,0,0,0,0,0,0,0,0,0,0,0,0,0,0,0,0,0,0
7330,3,3,3,3,2,2,3,3,3,3,3,2,2,3,3,3,3,3,2,2,3
7331,5,5,6,6,5,4,4,5,5,5,6,5,4,4,5,5,5,6,5,4,4
7332,1,1,1,1,1,1,1,1,1,1,1,1,1,1,1,1,1,1,1,1,1
7333,1,1,1,1,1,1,1,1,1,1,1,1,1,1,1,1,1,1,1,1,1
7334,1,1,1,0,1,1,1,1,1,1,1,1,1,1,1,1,1,1,1,1,1
7335,2,2,2,2,2,2,2,2,2,2,2,2,2,2,2,2,2,2,2,2,2
7336,5,4,4,4,4,3,3,4,4,3,3,3,3,3,4,4,3,3,3,3,3
7337,1,1,1,1,1,1,1,1,1,1,1,1,1,0,1,1,1,1,1,1,0
7338,0,0,0,0,0,0,0,0,0,0,0,0,0,0,0,0,0,0,0,0,0
7339,1,1,1,1,1,1,1,1,1,1,1,1,1,1,1,1,1,1,1,1,1
7340,2,2,2,2,1,1,1,2,2,2,2,1,1,1,2,2,2,2,1,1,1
7341,0,0,0,0,0,0,0,0,0,0,0,0,0,0,0,0,0,0,0,0,0
7342,0,0,0,0,0,0,0,0,0,0,0,0,0,0,0,0,0,0,0,0,0
7343,0,0,0,0,0,0,0,0,0,0,0,0,0,0,0,0,0,0,0,0,0
7344,0,0,0,0,0,0,0,0,0,0,0,0,0,0,0,0,0,0,0,0,0
7345,0,0,0,0,0,0,0,0,0,0,0,0,0,0,0,0,0,0,0,0,0
7346,0,0,0,0,0,0,0,0,0,0,0,0,0,0,0,0,0,0,0,0,0
7347,0,0,0,0,0,0,0,0,0,0,0,0,0,0,0,0,0,0,0,0,0
7348,0,0,0,0,0,0,0,0,0,0,0,0,0,0,0,0,0,0,0,0,0
7349,0,0,0,0,0,0,0,0,0,0,0,0,0,0,0,0,0,0,0,0,0
7350,6,6,6,6,5,5,6,6,6,6,6,5,5,6,6,6,6,6,5,5,6
7351,2,1,1,1,1,1,1,2,1,1,1,1,1,1,2,1,1,1,1,1,1
7352,4,4,4,3,3,3,3,3,3,4,3,3,3,3,4,4,4,3,3,3,3
7353,0,0,0,0,0,0,0,0,0,0,0,0,0,0,0,0,0,0,0,0,0
7354,1,1,0,1,1,1,1,1,0,0,1,1,1,1,1,1,0,1,1,1,1
7355,0,0,0,0,0,0,0,0,0,0,0,0,0,0,0,0,0,0,0,0,0
7356,0,0,0,0,0,0,0,0,0,0,0,0,0,0,0,0,0,0,0,0,0
7357,0,0,0,0,0,0,0,0,0,0,0,0,0,0,0,0,0,0,0,0,0
7358,2,2,2,2,1,1,1,2,2,2,2,2,2,2,2,2,2,2,2,2,2
7359,17,19,19,19,18,17,17,21,26,27,25,21,19,19,21,22,22,20,17,17,16
7360,0,0,0,0,0,0,0,0,0,0,0,0,0,0,0,0,0,0,0,0,0
7361,3,3,3,2,3,3,3,3,3,3,3,3,3,3,3,3,3,2,2,3,3
7362,2,2,3,3,2,2,2,2,2,3,3,2,2,2,2,2,3,3,2,2,2
7363,0,0,0,0,0,0,0,0,0,0,0,0,0,0,0,0,0,0,0,0,0
7364,0,0,0,0,0,0,0,0,0,0,0,0,0,0,0,0,0,0,0,0,0
7365,0,0,0,0,0,0,0,0,0,0,0,0,0,0,0,0,0,0,0,0,0
7366,0,0,0,0,0,0,0,0,0,0,0,0,0,0,0,0,0,0,0,0,0
7367,0,0,0,0,0,0,0,0,0,0,0,0,0,0,0,0,0,0,0,0,0
7368,2,3,3,2,2,2,2,2,2,3,2,2,1,1,2,3,3,2,2,2,2
7369,2,2,2,2,2,2,2,2,2,2,2,2,2,2,2,2,2,2,2,2,2
7370,0,0,0,0,0,0,0,0,0,0,0,0,0,0,0,0,0,0,0,0,0
7371,0,0,0,0,0,0,0,0,0,0,0,0,0,0,0,0,0,0,0,0,0
7372,0,0,0,0,0,0,0,0,0,0,0,0,0,0,0,0,0,0,0,0,0
7373,0,0,0,0,0,0,0,0,0,0,0,0,0,0,0,0,0,0,0,0,0
7374,0,0,0,0,0,0,0,0,0,0,0,0,0,0,0,0,0,0,0,0,0
7375,0,0,0,0,0,0,0,0,0,0,0,0,0,0,0,0,0,0,0,0,0
7376,0,0,0,0,0,0,0,0,0,0,0,0,0,0,0,0,0,0,0,0,0
7377,0,0,0,0,0,0,0,0,0,0,0,0,0,0,0,0,0,0,0,0,0
7378,45,48,51,49,45,40,39,46,52,55,53,47,42,42,44,46,50,48,44,41,36
7379,0,0,1,1,1,0,0,0,0,1,1,1,1,0,0,0,1,1,1,0,0
7380,0,0,0,0,0,0,0,0,0,0,0,0,0,0,0,0,0,0,0,0,0
7381,0,0,0,0,0,0,0,0,0,0,0,0,0,0,0,0,0,0,0,0,0
7382,0,0,0,0,0,0,0,0,0,0,0,0,0,0,0,0,0,0,0,0,0
7383,0,0,0,0,0,0,0,0,0,0,0,0,0,0,0,0,0,0,0,0,0
7384,0,0,0,0,0,0,0,0,0,0,0,0,0,0,0,0,0,0,0,0,0
7385,0,0,0,0,0,0,0,0,0,0,0,0,0,0,0,0,0,0,0,0,0
7386,0,0,0,0,0,0,0,0,0,0,0,0,0,0,0,0,0,0,0,0,0
7387,0,0,0,0,0,0,0,0,0,0,0,0,0,0,0,0,0,0,0,0,0
7388,0,0,0,0,0,0,0,0,0,0,0,0,0,0,0,0,0,0,0,0,0
7389,9,9,7,8,10,7,8,9,9,7,9,10,7,9,9,9,8,9,10,7,9
7390,5,1,0,1,0,3,2,5,2,1,2,0,3,2,5,2,1,2,0,3,2
7391,0,0,0,0,0,0,0,0,0,0,0,0,0,0,0,0,0,0,0,0,0
7392,0,0,0,0,0,0,0,0,0,0,0,0,0,0,0,0,0,0,0,0,0
7393,3,3,4,3,4,2,3,3,3,4,3,4,2,3,3,3,4,3,4,2,3
7394,3,2,2,0,1,2,2,3,2,2,0,1,2,2,3,2,2,0,1,2,2
7395,0,0,0,0,0,0,0,0,0,0,0,0,0,0,0,0,0,0,0,0,0
7396,4,4,3,3,3,3,3,4,4,3,3,3,3,3,4,4,3,3,3,3,3
7397,1,1,1,1,1,1,1,1,1,1,1,1,1,1,1,1,1,1,1,1,1
7398,2,2,2,2,1,1,1,2,2,2,1,1,1,1,2,2,2,1,1,1,1
7399,1,2,2,1,1,1,1,1,2,2,1,1,1,1,1,2,2,1,1,1,1
7400,1,1,1,1,1,1,1,1,1,1,1,1,1,1,1,1,1,1,1,1,1
7401,1,1,1,1,1,1,1,1,1,1,1,1,1,1,1,1,1,1,1,1,1
7402,1,1,1,1,1,1,1,2,2,1,1,1,1,1,1,1,1,1,0,1,1
7403,4,4,3,4,4,4,3,3,4,3,4,4,4,3,3,4,3,4,4,4,3
7404,0,0,0,0,0,0,0,0,0,0,0,0,0,0,0,0,0,0,0,0,0
7405,2,2,2,2,2,2,1,2,2,2,2,2,2,1,2,2,2,2,2,2,1
7406,0,0,0,0,0,0,0,0,0,0,0,0,0,0,0,0,0,0,0,0,0
7407,0,0,0,0,0,0,0,0,0,0,0,0,0,0,0,0,0,0,0,0,0
7408,0,0,0,0,0,0,0,0,0,0,0,0,0,0,0,0,0,0,0,0,0
7409,1,1,1,1,1,1,1,1,1,1,1,1,1,1,1,1,1,1,1,1,1
7410,0,0,0,0,0,0,0,0,0,0,0,0,0,0,0,0,0,0,0,0,0
7411,0,0,0,0,0,0,0,0,0,0,0,0,0,0,0,0,0,0,0,0,0
7412,0,0,0,0,0,0,0,0,0,0,0,0,0,0,0,0,0,0,0,0,0
7413,0,0,0,0,0,0,0,0,0,0,0,0,0,0,0,0,0,0,0,0,0
7414,0,0,0,0,0,0,0,0,0,0,0,0,0,0,0,0,0,0,0,0,0
7415,0,0,0,0,0,0,0,0,0,0,0,0,0,0,0,0,0,0,0,0,0
7416,0,0,0,0,0,0,0,0,0,0,0,0,0,0,0,0,0,0,0,0,0
7417,0,0,0,0,0,0,0,0,0,0,0,0,0,0,0,0,0,0,0,0,0
7418,0,0,1,0,0,0,0,0,0,1,0,0,0,0,0,0,1,1,0,0,0
7419,0,0,0,0,0,0,0,0,0,0,0,0,0,0,0,0,0,0,0,0,0
7420,0,0,0,0,0,0,0,0,0,0,0,0,0,0,0,0,0,0,0,0,0
7421,0,0,0,0,0,0,0,0,0,0,0,0,0,0,0,0,0,0,0,0,0
7422,0,0,0,0,0,0,0,0,0,0,0,0,0,0,0,0,0,0,0,0,0
7423,0,0,0,0,0,0,0,0,0,0,0,0,0,0,0,0,0,0,0,0,0
7424,0,0,0,0,0,0,0,0,0,0,0,0,0,0,0,0,0,0,0,0,0
7425,2,2,2,2,1,1,1,2,2,2,2,1,1,1,2,2,2,2,1,1,1
7426,0,0,0,0,0,0,0,0,0,0,0,0,0,0,0,0,0,0,0,0,0
7427,0,0,0,0,0,0,0,0,0,0,0,0,0,0,0,0,0,0,0,0,0
7428,2,2,3,3,3,2,2,2,2,2,3,3,2,2,2,2,3,3,3,2,2
7429,0,0,0,0,0,0,0,0,0,0,0,0,0,0,0,0,0,0,0,0,0
7430,0,0,0,0,0,0,0,0,0,0,0,0,0,0,0,0,0,0,0,0,0
7431,9,11,10,9,8,7,7,9,10,10,9,8,7,7,9,10,10,9,8,7,6
7432,1,1,1,1,1,1,1,1,1,1,1,1,1,1,1,1,1,1,1,1,1
7433,2,2,3,2,2,1,1,2,2,3,2,2,1,1,2,2,3,2,2,1,1
7434,2,2,2,2,2,2,2,2,2,2,2,2,2,2,2,2,2,2,2,1,2
7435,0,0,0,0,0,0,1,1,1,0,0,0,0,1,1,1,0,0,0,0,0
7436,0,0,0,0,0,0,0,0,0,0,0,0,0,0,0,0,0,0,0,0,0
7437,13,14,16,18,21,18,13,13,14,16,18,21,18,13,13,14,16,18,21,18,13
7438,0,0,0,0,0,0,0,0,0,0,0,0,0,0,0,0,0,0,0,0,0
7439,0,0,0,0,0,0,0,0,0,0,0,0,0,0,0,0,0,0,0,0,0
7440,0,0,0,0,0,0,0,0,0,0,0,0,0,0,0,0,0,0,0,0,0
7441,3,3,4,3,3,2,3,3,3,4,4,3,2,3,3,3,4,4,3,3,3
7442,2,2,2,2,2,2,2,2,2,2,2,2,2,2,2,3,3,2,2,2,2
7443,0,0,0,0,0,0,0,0,0,0,0,0,0,0,0,0,0,0,0,0,0
7444,0,0,0,0,0,0,0,0,0,0,0,0,0,0,0,0,0,1,0,0,0
7445,0,0,0,0,0,0,0,0,0,0,0,0,0,0,0,0,0,0,0,0,0
7446,2,2,2,2,2,1,1,2,2,2,2,2,1,1,2,2,2,2,2,1,1
7447,0,0,0,0,0,0,0,0,0,0,0,0,0,0,0,0,0,0,0,0,0
7448,0,0,0,0,0,0,0,0,0,0,0,0,0,0,0,0,0,0,0,0,0
7449,52,62,64,62,54,44,45,52,62,64,61,54,44,45,52,62,64,61,54,44,45
7450,2,3,3,2,2,2,2,2,3,3,2,2,2,2,2,3,3,2,2,2,2
7451,0,0,0,0,0,0,0,0,0,0,0,0,0,0,0,0,0,0,0,0,0
7452,0,0,0,0,0,0,0,0,0,0,0,0,0,0,0,0,0,0,0,0,0
7453,0,0,0,0,0,0,1,0,0,0,0,0,0,1,0,0,0,0,0,0,1
7454,23,32,34,31,26,23,20,23,32,34,31,26,23,20,23,32,34,31,26,23,20
7455,0,1,1,1,1,0,0,0,1,1,1,1,0,0,0,1,1,1,1,0,0
7456,0,0,0,0,0,0,0,0,0,0,0,0,0,0,0,0,0,0,0,0,0
7457,3,3,3,3,2,2,2,2,3,3,3,2,2,2,2,3,3,3,2,2,2
7458,0,0,0,0,0,0,0,0,0,0,0,0,0,0,0,0,0,0,0,0,0
7459,2,7,14,20,23,21,22,28,30,30,28,27,27,29,28,28,28,27,26,26,24
7460,18,17,14,13,12,11,14,17,16,14,13,12,11,14,17,16,14,13,12,11,15
7461,0,0,0,0,0,0,0,0,0,0,0,0,0,0,0,0,0,0,0,0,0
7462,1,1,2,2,2,1,1,1,2,2,2,2,1,1,1,1,1,1,1,1,1
7463,0,0,0,0,0,0,0,0,0,0,0,0,0,0,0,0,0,0,0,0,0
7464,0,0,0,0,0,0,0,0,0,0,0,0,0,0,0,0,0,0,0,0,0
7465,12,10,10,9,7,6,6,12,10,10,9,7,6,6,12,10,10,9,7,6,6
7466,18,21,21,21,18,17,15,18,20,21,20,17,17,15,18,20,21,20,17,17,15
7467,2,2,2,2,1,1,1,2,2,2,2,1,1,1,2,2,2,2,1,1,1
7468,31,33,33,30,26,25,24,29,32,32,30,26,24,24,28,31,31,28,25,24,23
7469,14,15,15,15,14,12,13,15,17,16,14,13,11,12,13,14,13,12,11,10,11
7470,11,12,12,11,9,9,9,10,11,11,11,9,9,9,10,11,11,11,10,9,9
7471,4,5,5,4,3,3,3,4,5,5,4,4,3,3,4,5,5,4,4,3,3
7472,1,1,1,1,1,1,1,1,1,1,1,1,1,1,2,2,2,2,1,1,1
7473,5,5,5,4,4,4,4,5,5,5,4,4,4,4,5,5,5,5,4,4,4
7474,0,0,0,0,0,0,1,1,1,1,1,1,1,1,1,0,0,0,0,0,1
7475,0,0,0,1,1,1,0,0,0,0,1,1,1,0,0,0,0,1,1,1,0
7476,4,5,4,4,3,3,3,4,4,4,4,3,3,3,4,4,4,4,3,3,3
7477,12,12,10,10,9,9,10,11,11,10,10,9,9,10,12,12,11,10,10,10,10
7478,1,1,1,1,1,1,1,1,1,1,1,1,1,1,1,1,1,1,1,1,1
7479,17,19,17,17,15,15,16,18,20,19,19,17,16,18,20,21,18,17,14,14,15
7480,6,8,8,5,3,2,2,6,8,8,5,3,2,2,6,8,8,5,3,2,2
7481,0,0,0,0,0,0,0,0,0,0,0,0,0,0,0,0,0,0,0,0,0
7482,12,11,9,9,9,10,11,13,13,11,10,9,9,10,11,11,10,9,10,10,10
7483,124,117,100,90,84,97,100,133,135,120,110,100,113,115,142,135,117,105,98,114,110
7484,26,27,27,26,25,24,27,35,43,45,41,35,31,34,36,36,33,25,19,18,20
7485,111,107,99,89,79,81,90,109,111,107,95,81,84,93,105,97,89,76,65,74,90
7486,3,4,4,3,2,2,3,4,5,4,3,2,2,3,3,4,4,2,2,2,3
7487,70,70,67,71,67,51,48,48,45,46,54,58,44,35,37,34,31,39,84,69,49
7488,0,0,0,0,0,0,0,0,0,0,0,0,0,0,0,0,0,0,0,0,0
7489,0,0,0,0,0,0,0,0,0,0,0,0,0,0,0,0,0,0,0,0,0
7490,0,0,0,0,0,0,0,0,0,0,0,0,0,0,0,0,0,0,0,0,0
7491,0,1,1,1,1,1,1,1,1,1,0,0,0,0,0,1,1,1,1,1,0
7492,23,25,26,23,19,15,15,20,23,25,22,18,14,14,19,21,24,21,17,14,13
7493,14,14,12,12,10,11,13,15,14,12,11,10,11,13,14,14,11,11,10,11,13
7494,7,8,9,8,7,5,6,7,8,9,8,7,5,6,7,8,9,8,7,5,6
7495,1,1,1,1,1,1,1,1,1,1,1,1,1,1,1,1,1,1,1,1,1
7496,1,2,2,1,1,1,1,1,2,2,1,1,1,1,1,2,2,1,1,1,1
7497,6,7,7,7,7,5,6,6,7,7,7,7,5,6,6,7,7,7,7,5,6
7498,2,2,2,2,2,2,2,2,2,2,2,2,2,2,2,2,2,2,2,2,2
7499,7,7,7,6,6,5,6,7,7,8,7,6,5,6,7,7,7,6,6,5,6
7500,6,5,4,5,4,5,5,6,6,4,5,4,5,5,6,6,4,5,4,5,5
7501,2,2,2,2,2,1,1,2,2,2,2,1,1,1,2,2,2,2,1,1,1
7502,0,0,0,0,0,0,0,0,0,0,0,0,0,0,0,0,0,0,0,0,0
7503,1,1,1,1,1,1,1,1,1,1,1,1,1,1,1,1,1,1,1,1,1
7504,1,1,1,1,1,1,1,1,1,1,1,1,1,1,1,1,1,1,1,1,1
7505,6,7,7,7,6,5,5,6,7,7,7,6,5,5,6,7,8,7,6,5,6
7506,0,1,1,1,0,0,0,0,1,1,1,0,0,0,0,1,1,1,0,0,1
7507,7,8,8,7,6,6,7,8,8,8,6,6,6,6,7,8,7,6,6,6,6
7508,14,14,13,12,11,8,9,11,12,12,11,10,7,8,10,11,12,11,10,7,8
7509,2,2,2,2,1,1,1,2,2,2,2,1,1,1,2,2,2,2,1,1,1
7510,1,1,1,1,1,1,1,1,1,1,1,1,0,0,0,0,1,1,1,0,0
7511,0,0,0,0,0,0,0,0,0,0,0,0,0,0,0,0,0,0,0,0,0
7512,1,1,2,1,1,1,1,1,2,2,1,1,1,1,2,2,2,1,1,1,1
7513,14,14,12,11,10,9,11,12,12,12,10,9,8,10,12,12,12,10,10,9,11
7514,0,0,0,0,0,0,0,0,0,0,0,0,0,0,0,0,0,0,0,0,0
7515,0,0,1,1,1,0,0,0,0,1,1,1,0,0,0,0,1,1,1,0,0
7516,0,0,0,0,0,0,0,0,0,0,0,0,0,0,0,0,0,0,0,0,0
7517,3,3,3,3,3,3,3,3,3,3,3,3,3,3,3,3,3,3,3,3,3
7518,0,0,0,1,1,0,0,1,0,0,1,1,0,0,1,1,1,1,1,1,1
7519,1,1,1,1,1,1,1,1,1,1,1,1,1,1,1,1,1,1,1,1,1
7520,2,2,2,2,2,1,1,2,2,2,2,2,1,1,2,2,2,2,2,1,1
7521,4,5,5,6,6,4,4,4,5,5,6,6,4,4,4,5,5,6,6,4,4
7522,2,3,3,2,2,2,2,2,3,3,2,2,2,2,2,3,3,2,2,2,2
7523,6,7,7,7,6,5,5,6,7,7,7,6,5,5,6,7,7,7,6,5,5
7524,1,1,1,1,1,1,1,1,1,1,1,1,1,1,1,1,1,1,1,1,1
7525,1,1,1,1,1,1,1,1,1,1,1,1,1,1,1,1,1,1,1,1,1
7526,0,1,1,1,1,0,1,1,1,1,1,1,1,1,1,1,1,1,1,0,1
7527,0,0,0,0,0,0,0,0,0,0,0,0,0,0,0,0,0,0,0,0,0
7528,0,0,0,0,0,0,0,0,0,0,0,0,0,0,0,0,0,0,0,0,0
7529,0,0,0,0,0,0,0,0,0,0,0,0,0,0,0,0,0,0,0,0,0
7530,0,0,0,0,0,0,0,0,0,0,0,0,0,0,0,0,0,0,0,0,0
7531,1,2,1,1,1,1,1,1,2,1,1,1,1,1,1,2,1,1,1,1,1
7532,0,0,0,0,0,0,0,0,0,0,0,0,0,0,0,0,0,0,0,0,0
7533,1,1,1,1,1,1,1,1,1,1,1,1,1,1,1,1,1,1,1,1,1
7534,0,0,0,0,0,0,0,0,0,0,0,0,0,0,0,0,0,0,0,0,0
7535,0,0,0,0,0,0,0,0,0,0,0,0,0,0,0,0,0,0,0,0,0
7536,0,0,0,0,0,0,0,0,0,0,0,0,0,0,0,0,0,0,0,0,0
7537,0,0,0,0,0,0,0,0,0,0,0,0,0,0,0,0,0,0,0,0,0
7538,0,0,0,0,0,0,0,0,0,0,0,0,0,0,0,0,0,0,0,0,0
7539,0,0,0,0,0,0,0,0,0,0,0,0,0,0,0,0,0,0,0,0,0
7540,0,0,0,0,0,0,0,0,0,0,0,0,0,0,0,0,0,0,0,0,0
7541,0,0,0,0,0,0,0,0,0,0,0,0,0,0,0,0,0,0,0,0,0
7542,0,0,0,0,0,0,0,0,0,0,0,0,0,0,0,0,0,0,0,0,0
7543,0,0,0,0,0,0,0,0,0,0,0,0,0,0,0,0,0,0,0,0,0
7544,0,0,0,0,0,0,0,0,0,0,0,0,0,0,0,0,0,0,0,0,0
7545,0,0,0,0,0,0,0,0,0,0,0,0,0,0,0,0,0,0,0,0,0
7546,0,0,0,0,0,0,0,0,0,0,0,0,0,0,0,0,0,0,0,0,0
7547,0,0,0,0,0,0,0,0,0,0,0,0,0,0,0,0,0,0,0,0,0
7548,0,0,0,0,0,0,0,0,0,0,0,0,0,0,0,0,0,0,0,0,0
7549,0,0,0,0,0,0,0,0,0,0,0,0,0,0,0,0,0,0,0,0,0
7550,0,0,0,0,0,0,0,0,0,0,0,0,0,0,0,0,0,0,0,0,0
7551,0,0,0,0,0,0,0,0,0,0,0,0,0,0,0,0,0,0,0,0,0
7552,0,0,0,0,0,0,0,0,0,0,0,0,0,0,0,0,0,0,0,0,0
7553,0,0,0,0,0,0,0,0,0,0,0,0,0,0,0,0,0,0,0,0,0
7554,0,0,0,0,0,0,0,0,0,0,0,0,0,0,0,0,0,0,0,0,0
7555,0,0,0,0,0,0,0,0,0,0,0,0,0,0,0,0,0,0,0,0,0
7556,0,0,0,0,0,0,0,0,0,0,0,0,0,0,0,0,0,0,0,0,0
7557,0,0,0,0,0,0,0,0,0,0,0,0,0,0,0,0,0,0,0,0,0
7558,0,0,0,0,0,0,0,0,0,0,0,0,0,0,0,0,0,0,0,0,0
7559,1,1,1,1,1,1,1,1,1,1,1,1,1,1,1,1,1,1,1,1,1
7560,5,8,8,8,7,3,3,5,8,8,8,7,3,3,5,8,8,8,7,3,3
7561,0,0,0,0,0,0,0,0,0,0,0,0,0,0,0,0,0,0,0,0,0
7562,0,0,0,0,0,0,0,0,0,0,0,0,0,0,0,0,0,0,0,0,0
7563,0,0,0,0,0,0,0,0,0,0,0,0,0,0,0,0,0,0,0,0,0
7564,0,0,0,0,0,0,0,0,0,0,0,0,0,0,0,0,0,0,0,0,0
7565,0,0,0,0,0,0,0,0,0,0,0,0,0,0,0,0,0,0,0,0,0
7566,0,0,0,0,0,0,0,0,0,0,0,0,0,0,0,0,0,0,0,0,0
7567,0,0,0,0,0,0,0,0,0,0,0,0,0,0,0,0,0,0,0,0,0
7568,2,1,1,1,0,1,1,1,0,1,0,0,1,1,1,1,1,1,0,1,1
7569,0,0,0,0,0,0,0,0,0,0,0,0,0,0,0,0,0,0,0,0,0
7570,0,0,0,0,0,0,0,0,0,0,0,0,0,0,0,0,0,0,0,0,0
7571,0,0,0,0,1,0,0,0,0,0,0,1,0,0,0,0,0,0,1,0,0
7572,42,50,56,66,60,50,38,46,54,60,69,61,50,38,43,48,53,62,55,45,32
7573,0,1,1,1,1,0,1,0,1,1,1,1,0,1,0,1,1,1,1,0,1
7574,0,0,1,0,0,0,0,0,0,0,0,0,0,0,0,0,0,0,0,0,0
7575,0,0,0,0,0,0,0,0,0,0,0,0,0,0,0,0,0,0,0,0,0
7576,0,0,0,0,0,0,0,0,0,0,0,0,0,0,0,0,0,0,0,0,0
7577,0,0,0,0,0,0,0,0,0,0,0,0,0,0,0,0,0,0,0,0,0
7578,0,0,0,0,0,0,0,0,0,0,0,0,0,0,0,0,0,0,0,0,0
7579,0,0,0,0,0,0,0,0,0,0,0,0,0,0,0,0,0,0,0,0,0
7580,10,12,12,10,9,8,7,10,12,12,10,9,8,7,10,12,12,10,9,8,7
7581,3,3,2,2,2,2,2,3,3,2,2,2,2,2,3,3,2,2,2,2,2
7582,2,2,3,2,2,2,2,2,3,3,2,2,2,2,2,3,3,2,2,2,2
7583,4,4,4,4,3,3,3,3,3,4,3,3,2,2,3,3,4,4,3,3,3
7584,23,20,19,19,19,18,19,20,19,19,18,16,16,18,19,18,19,18,17,19,21
7585,0,0,0,0,0,0,0,0,0,0,0,0,0,0,0,0,0,0,0,0,0
7586,0,0,0,0,0,0,0,0,0,0,0,0,0,0,0,0,0,0,0,0,0
7587,0,0,0,0,0,0,0,0,0,0,0,0,0,0,0,0,0,0,0,0,0
7588,0,1,1,1,0,0,0,0,1,1,0,0,0,0,0,1,1,0,0,0,0
7589,4,4,4,4,4,3,3,3,4,4,4,4,3,3,4,4,4,4,4,4,3
7590,59,70,79,78,72,58,48,60,71,79,76,69,55,46,55,65,75,73,67,55,46
7591,4,4,3,3,3,3,3,4,4,3,3,3,3,3,4,3,3,3,3,3,3
7592,3,3,3,2,2,2,2,2,2,2,2,2,2,2,2,2,2,2,2,2,1
7593,1,2,2,2,1,1,1,1,2,2,2,1,1,1,1,2,2,2,1,1,1
7594,2,2,2,2,1,1,1,2,2,2,2,1,1,1,2,2,2,2,1,1,1
7595,10,11,10,11,9,8,8,10,11,11,11,9,8,9,11,12,11,11,10,9,9
7596,1,1,1,1,1,1,1,1,1,1,1,1,1,1,1,1,1,1,1,1,1
7597,0,0,0,0,0,0,0,0,0,0,0,0,0,0,0,0,0,0,0,0,0
7598,0,0,0,0,0,0,0,0,0,0,0,0,0,0,0,0,0,0,0,0,0
7599,0,0,0,0,0,0,0,0,0,0,0,0,0,0,0,0,0,0,0,0,0
7600,0,0,0,0,0,0,0,0,0,0,0,0,0,0,0,0,0,0,0,0,0
7601,0,0,0,0,0,0,0,0,0,0,0,0,0,0,0,0,0,0,0,0,0
7602,0,0,0,0,0,0,0,0,0,0,0,0,0,0,0,0,0,0,0,0,0
7603,1,1,1,1,1,0,1,1,1,1,1,1,0,1,1,1,1,1,1,0,1
7604,1,2,2,2,2,1,1,1,2,2,2,2,1,1,1,2,2,2,2,1,1
7605,0,0,0,0,0,0,0,0,0,1,1,1,1,1,1,1,0,0,1,1,1
7606,0,0,0,0,0,0,0,0,0,0,0,0,0,0,0,0,0,0,0,0,0
7607,34,37,38,36,33,27,27,34,40,40,37,34,29,30,35,37,37,33,32,28,26
7608,9,11,11,10,7,6,6,7,11,12,10,7,6,7,9,13,12,10,7,6,8
7609,18,19,19,17,14,13,13,15,18,20,18,15,14,14,15,18,19,17,14,14,14
7610,0,0,0,0,0,0,0,0,0,0,0,0,0,0,0,0,0,0,0,0,0
7611,0,0,0,0,0,0,0,0,0,0,0,0,0,0,0,0,0,0,0,0,0
7612,0,0,0,0,0,0,0,0,0,0,0,0,0,0,0,0,0,0,0,0,0
7613,0,0,0,0,0,0,0,0,0,0,0,0,0,0,0,0,0,0,0,0,0
7614,0,0,0,0,0,0,0,0,0,0,0,0,0,0,0,0,0,0,0,0,0
7615,0,0,0,0,0,0,0,0,0,0,0,0,0,0,0,0,0,0,0,0,0
7616,0,0,0,0,0,0,0,0,0,0,0,0,0,0,0,0,0,0,0,0,0
7617,0,0,0,0,0,0,0,0,0,0,0,0,0,0,0,0,0,0,0,0,0
7618,0,0,0,0,0,0,0,0,0,0,0,0,0,0,0,0,0,0,0,0,0
7619,0,0,0,0,0,0,0,0,0,0,0,0,0,0,0,0,0,0,0,0,0
7620,3,3,3,3,3,2,2,3,3,3,3,3,2,2,3,3,3,3,3,2,2
7621,0,0,0,0,0,0,0,0,0,0,0,0,0,0,0,0,0,0,0,0,0
7622,7,7,10,9,7,5,4,7,7,10,9,7,5,4,8,7,10,9,7,5,4
7623,2,4,4,4,3,2,1,2,4,4,4,3,2,1,2,5,4,4,3,2,1
7624,28,43,58,56,48,34,21,28,43,58,56,48,34,21,28,43,58,56,48,34,21
7625,3,3,3,3,3,2,1,3,3,3,3,3,2,2,3,3,3,3,3,2,1
7626,10,11,14,12,11,9,5,9,11,14,12,11,9,5,9,11,14,12,12,10,6
7627,0,0,0,0,0,0,0,0,0,0,0,0,0,0,0,0,0,0,0,0,0
7628,0,0,0,0,0,0,0,0,0,0,0,0,0,0,0,0,0,0,0,0,0
7629,2,2,2,2,0,1,1,2,2,2,2,0,1,1,2,2,2,2,0,1,1
7630,21,18,15,11,8,8,11,14,13,12,9,7,7,10,13,12,12,9,6,8,11
7631,0,0,0,0,0,0,0,0,0,0,0,0,0,0,0,0,0,0,0,0,0
7632,4,5,5,5,5,4,3,4,4,5,5,5,4,3,4,4,5,5,5,4,3
7633,1,1,1,1,1,1,1,1,1,1,1,1,1,1,1,1,1,1,1,1,1
7634,4,5,6,6,6,5,4,4,5,6,6,6,5,4,4,5,6,6,6,5,4
7635,10,13,13,14,9,7,9,10,13,13,13,9,7,8,10,13,13,13,9,7,8
7636,7,7,6,6,5,5,5,7,7,6,6,5,5,5,7,7,6,6,5,5,5
7637,0,1,0,0,0,0,0,0,1,0,0,0,0,0,0,1,0,0,0,0,0
7638,0,0,0,0,0,0,0,0,0,0,0,0,0,0,0,0,0,0,0,0,0
7639,0,1,0,1,0,0,0,0,1,0,1,0,0,0,0,1,0,1,0,0,0
7640,0,0,0,0,0,0,0,0,0,0,0,0,0,0,0,0,0,0,0,0,0
7641,0,0,0,0,0,0,0,0,0,0,0,0,0,0,0,0,0,0,0,0,0
7642,1,1,0,1,1,1,1,1,1,0,1,1,1,1,1,1,1,1,1,1,1
7643,0,0,0,0,0,0,0,0,0,0,0,0,0,0,0,0,0,0,0,0,0
7644,1,2,2,2,2,2,1,1,2,2,2,2,2,1,1,2,2,2,2,2,1
7645,0,0,0,0,1,0,0,0,0,0,0,1,0,0,0,0,0,0,1,0,0
7646,12,11,9,7,5,6,6,10,10,9,7,5,6,6,10,10,9,7,6,7,8
7647,5,4,4,3,3,3,3,3,3,3,3,3,2,2,3,3,3,3,3,3,3
7648,12,11,10,8,7,6,8,9,9,9,8,7,6,8,9,9,9,7,7,6,7
7649,3,3,4,3,3,2,2,3,3,4,3,3,2,2,3,3,4,3,3,2,2
7650,5,5,4,4,4,3,4,5,4,4,4,4,3,4,5,5,4,4,4,4,4
7651,1,1,1,0,0,1,1,1,1,1,0,0,1,1,1,1,1,0,0,0,1
7652,20,22,23,23,21,19,20,24,25,25,23,19,18,18,20,20,19,18,15,15,15
7653,18,23,22,19,16,15,15,18,23,22,19,16,16,15,18,23,23,19,16,16,15
7654,1,1,1,1,1,1,1,1,1,1,1,1,1,1,1,1,1,1,1,1,1
7655,1,1,1,1,1,1,1,1,1,1,1,1,0,1,1,1,1,1,1,0,1
7656,13,11,10,10,9,9,9,11,12,11,11,9,9,9,10,10,10,9,9,9,9
7657,6,5,4,4,3,4,5,5,4,4,3,3,4,4,5,4,4,3,3,4,4
7658,5,7,9,8,6,5,5,5,7,10,9,6,5,6,7,9,10,9,7,6,6
7659,12,14,16,15,13,12,10,12,14,15,15,13,11,10,11,14,15,15,13,11,10
7660,2,2,1,1,1,1,1,2,2,1,1,1,1,1,2,2,1,1,1,1,1
7661,1,2,1,1,2,1,1,1,2,1,1,2,1,1,1,2,1,1,2,1,1
7662,4,5,5,5,4,4,4,4,5,5,5,5,4,4,4,5,6,5,5,4,4
7663,0,0,0,0,1,0,0,0,0,0,0,1,0,0,0,0,0,0,1,0,0
7664,2,1,1,1,1,0,1,1,1,1,1,1,1,1,1,1,1,1,0,0,1
7665,0,0,0,0,0,0,0,0,0,0,0,0,0,0,0,0,0,0,0,0,0
7666,0,0,0,0,0,0,0,0,0,0,0,0,0,0,0,0,0,0,0,0,0
7667,0,0,0,0,0,0,0,0,0,0,0,0,0,0,0,0,0,0,0,0,0
7668,0,0,0,0,0,0,0,0,0,0,0,0,0,0,0,0,0,0,0,0,0
7669,0,0,0,0,0,0,0,0,0,0,0,0,0,0,0,0,0,0,0,0,0
7670,1,1,1,1,1,1,1,1,1,1,1,1,1,1,1,1,1,1,1,1,1
7671,1,0,0,0,0,0,0,1,0,0,0,0,0,0,1,0,0,0,0,0,0
7672,0,0,0,0,0,0,0,0,0,0,0,0,0,0,0,0,0,0,0,0,0
7673,0,0,0,0,0,0,0,0,0,0,0,0,0,0,0,0,0,0,0,0,0
7674,0,0,0,0,0,0,0,0,0,0,0,0,0,0,0,0,0,0,0,0,0
7675,0,0,0,0,0,0,0,0,0,0,0,0,0,0,0,0,0,0,0,0,0
7676,0,0,0,0,0,0,0,0,0,0,0,0,0,0,0,0,0,0,0,0,0
7677,0,0,0,0,0,0,0,0,0,0,0,0,0,0,0,0,0,0,0,0,0
7678,4,4,4,2,2,3,3,4,4,4,2,2,3,3,4,3,4,2,2,3,3
7679,1,1,1,1,1,1,1,1,1,1,1,1,1,1,1,1,1,1,1,1,1
7680,3,3,3,2,2,2,3,3,3,3,2,2,2,3,3,3,3,2,2,2,3
7681,15,18,18,17,16,14,12,13,14,15,15,15,12,11,11,13,14,14,14,12,11
7682,3,5,4,5,3,3,2,3,5,4,5,3,3,2,3,5,4,5,3,3,2
7683,219,188,182,176,157,158,152,208,166,153,146,129,132,132,198,166,162,157,139,143,143
7684,22,25,25,23,21,19,20,22,25,25,24,21,20,20,22,25,25,24,21,20,20
7685,1,1,1,1,0,0,0,1,1,1,1,0,0,0,1,1,1,1,0,0,1
7686,1,1,1,1,1,1,1,1,1,1,1,1,1,1,1,1,1,1,1,1,1
7687,0,0,0,0,0,0,0,0,0,0,0,0,0,0,0,0,0,0,0,0,0
7688,1,1,1,1,0,0,1,1,1,1,1,0,0,1,1,1,1,1,0,0,1
7689,0,0,0,0,0,0,0,0,0,0,0,0,0,0,0,0,0,0,0,0,0
7690,0,0,0,0,0,0,0,0,0,0,0,0,0,0,0,0,0,0,0,0,0
7691,0,0,0,0,0,0,0,0,0,0,0,0,0,0,0,0,0,0,0,0,0
7692,0,0,0,0,0,0,0,0,0,0,0,0,0,0,0,0,0,0,0,0,0
7693,0,0,0,0,0,0,0,0,0,0,0,0,0,0,0,0,0,0,0,0,0
7694,0,0,0,0,0,0,0,0,0,0,0,0,0,0,0,0,0,0,0,0,0
7695,7,9,7,3,2,3,3,7,9,7,3,2,3,3,7,9,7,3,2,3,3
7696,6,6,5,3,3,2,3,6,7,5,4,3,2,3,6,7,5,4,3,2,4
7697,10,13,10,6,3,3,6,11,13,10,6,3,2,6,10,12,10,6,3,2,6
7698,42,53,49,24,15,13,15,42,53,49,24,15,13,15,42,53,49,24,15,13,15
7699,1,2,2,1,1,1,1,1,2,1,1,1,1,1,1,2,1,1,1,1,1
7700,1,1,1,1,1,1,1,1,1,1,1,1,1,1,1,1,1,1,1,1,1
7701,13,14,11,7,8,8,10,13,14,11,7,8,8,10,13,14,11,7,8,8,10
7702,54,73,69,45,41,34,43,55,74,69,45,41,34,43,54,73,68,45,41,34,43
7703,19,22,21,16,15,14,17,24,26,19,8,5,4,7,16,24,24,16,14,13,13
7704,0,0,0,0,0,0,0,0,0,0,0,0,0,0,0,0,0,0,0,0,0
7705,10,14,10,4,3,1,3,10,14,10,4,2,1,3,10,13,10,4,2,1,3
7706,0,1,1,0,0,0,0,0,1,1,0,0,0,0,0,1,1,0,0,0,0
7707,2,2,2,1,0,0,0,2,2,2,1,0,0,0,2,2,2,1,0,0,0
7708,5,6,4,2,2,1,3,5,6,4,2,2,1,3,5,6,4,2,2,1,3
7709,53,73,75,55,54,45,41,57,65,65,54,74,83,56,46,55,54,35,37,37,37
7710,0,0,0,0,0,0,0,0,0,0,0,0,0,0,0,0,0,0,0,0,0
7711,0,0,0,0,0,0,0,0,0,0,0,0,0,0,0,0,0,0,0,0,0
7712,9,11,9,4,1,2,3,7,12,10,4,1,2,3,5,8,8,5,2,3,5
7713,0,0,0,0,0,0,0,0,0,0,0,0,0,0,0,0,0,0,0,0,0
7714,0,0,0,0,0,0,0,0,0,0,0,0,0,0,0,0,0,0,0,0,0
7715,0,0,0,0,0,0,0,0,0,0,0,0,0,0,0,0,0,0,0,0,0
7716,0,0,0,0,0,0,0,0,0,0,0,0,0,0,0,0,0,0,0,0,0
7717,0,0,0,0,0,0,0,0,0,0,0,0,0,0,0,0,0,0,0,0,0
7718,0,0,0,0,0,0,0,0,0,0,0,0,0,0,0,0,0,0,0,0,0
7719,2,2,2,1,1,1,2,2,2,2,1,1,1,2,2,2,2,1,1,1,2
7720,0,0,0,0,0,0,0,0,0,0,0,0,0,0,0,0,0,0,0,0,0
7721,0,0,0,0,0,0,0,1,0,0,0,0,0,0,0,0,0,0,0,0,0
7722,0,0,0,0,0,0,0,0,0,0,0,0,0,0,0,0,0,0,0,0,0
7723,0,0,0,0,0,0,0,0,0,0,0,0,0,0,0,0,0,0,0,0,0
7724,1,1,1,1,1,1,1,1,1,1,1,1,0,1,1,1,1,1,1,0,1
7725,0,0,0,0,0,0,0,0,0,0,0,0,0,0,0,0,0,0,0,0,0
7726,2,2,2,2,2,2,2,2,2,2,2,2,2,2,2,2,2,2,2,2,2
7727,22,24,23,20,18,14,14,21,27,27,21,16,15,17,18,15,16,12,10,11,12
7728,1,1,1,0,0,0,1,1,1,0,0,0,0,1,1,1,0,0,0,0,1
7729,38,55,51,48,36,29,24,42,84,85,77,59,54,55,52,59,54,50,39,41,41
7730,12,14,13,15,13,10,9,11,13,12,14,13,10,9,12,14,13,15,14,10,10
7731,76,88,87,83,77,66,68,82,99,99,91,79,68,69,76,86,84,78,69,62,64
7732,31,31,29,26,23,24,25,33,36,34,29,26,26,27,35,37,35,30,27,27,28
7733,1,1,1,1,1,1,1,1,1,1,1,1,1,1,1,1,1,1,1,1,1
7734,1,1,1,1,1,1,1,1,1,1,1,1,1,1,1,1,1,1,1,1,1
7735,3,3,3,4,2,2,2,3,3,3,4,2,2,2,3,3,3,4,2,2,2
7736,4,4,4,4,3,3,3,4,4,4,4,3,3,4,4,5,4,4,3,3,4
7737,0,0,0,0,0,0,0,0,0,0,0,0,0,0,0,0,0,0,0,0,0
7738,3,4,4,3,2,3,3,3,4,4,3,2,3,3,3,4,4,3,2,2,3
7739,21,20,18,16,17,16,17,20,20,19,17,16,14,16,18,18,17,15,15,14,15
7740,18,19,20,18,17,14,14,17,19,19,17,16,14,14,17,19,19,17,17,14,14
7741,12,12,13,14,12,10,13,13,12,13,15,12,10,13,13,12,13,14,12,10,13
7742,13,15,18,22,22,20,20,22,26,29,30,25,22,21,22,23,24,25,22,20,19
7743,0,0,0,0,0,0,0,0,0,0,0,0,0,0,0,0,0,0,0,0,0
7744,0,0,0,0,0,0,0,0,0,0,0,0,0,1,1,1,1,0,0,0,0
7745,1,1,1,1,1,1,1,1,1,1,1,1,1,1,1,1,1,1,1,1,1
7746,0,1,1,1,0,1,1,1,1,1,1,0,1,1,1,1,1,1,0,1,1
7747,0,0,0,0,0,0,0,0,0,0,0,0,0,0,0,0,1,2,4,4,4
7748,0,0,0,0,0,0,0,0,0,0,0,0,0,0,0,0,0,0,0,0,0
7749,0,0,0,0,0,0,0,0,0,0,0,0,0,0,0,0,0,0,0,0,0
7750,0,0,0,0,0,0,0,0,0,0,0,0,0,0,0,0,0,0,0,0,0
7751,0,0,0,0,0,0,0,0,0,0,0,0,0,0,0,0,0,0,0,0,0
7752,1,1,1,1,0,0,1,1,1,1,1,0,0,0,1,1,1,0,0,0,0
7753,0,0,0,0,0,0,0,0,0,0,0,0,0,0,0,0,0,0,0,0,0
7754,3,3,3,2,2,2,2,3,3,3,2,2,2,2,3,3,3,2,2,2,2
7755,4,5,5,5,5,4,4,4,5,5,5,5,4,4,5,6,6,5,5,5,5
7756,1,1,1,1,1,1,1,1,1,1,1,1,1,1,1,1,1,1,1,1,1
7757,1,2,2,2,2,1,1,2,2,2,2,2,2,1,2,2,3,3,2,2,1
7758,1,1,1,1,1,1,1,1,1,1,1,1,1,1,1,1,1,1,1,1,1
7759,91,88,91,89,78,79,83,101,106,110,101,85,80,80,90,90,96,94,82,82,83
7760,1,1,1,1,1,1,1,1,1,1,1,1,1,1,1,1,1,1,1,1,1
7761,2,2,2,1,2,2,2,2,2,2,1,2,1,2,2,2,2,1,1,1,2
7762,0,0,0,0,0,0,0,0,0,0,0,0,0,0,0,0,0,0,0,0,0
7763,0,0,0,0,0,0,0,0,0,0,0,0,0,0,0,0,0,0,0,0,0
7764,3,4,4,3,3,3,3,3,4,4,3,3,3,3,3,4,4,3,3,3,3
7765,1,1,1,1,1,1,1,1,1,1,1,1,1,1,1,1,1,1,1,1,1
7766,3,3,4,5,3,2,2,2,3,4,4,3,2,2,2,3,4,4,3,2,2
7767,0,0,0,0,0,0,0,0,0,0,0,0,0,0,0,0,0,0,0,0,0
7768,2,2,1,1,1,1,1,1,1,2,2,1,1,1,2,2,1,1,1,1,1
7769,37,41,41,36,34,32,32,37,43,41,35,31,29,31,35,40,39,33,31,30,31
7770,1,2,2,2,1,1,1,1,2,2,2,1,1,1,1,2,2,2,1,1,1
7771,0,0,0,0,0,0,0,0,0,0,0,0,0,0,0,0,0,0,0,0,0
7772,0,0,0,0,0,0,0,0,0,0,0,0,0,0,0,0,0,0,0,0,0
7773,0,0,0,0,0,0,0,0,0,0,0,0,0,0,0,0,0,0,0,0,0
7774,0,0,0,0,0,0,0,0,0,0,0,0,0,0,0,0,0,0,0,0,0
7775,0,0,0,0,0,0,0,0,0,0,0,0,0,0,0,0,0,0,0,0,0
7776,0,0,0,0,0,0,0,0,0,0,0,0,0,0,0,0,0,0,0,0,0
7777,4,3,4,3,3,3,3,3,3,4,3,3,3,3,4,4,4,4,3,3,3
7778,0,0,0,0,0,0,0,0,0,0,0,0,0,0,0,0,0,0,0,0,0
7779,1,1,1,1,1,1,1,1,1,1,1,1,1,1,1,1,1,1,1,1,1
7780,2,2,2,2,2,2,2,2,2,2,2,2,2,2,2,2,3,2,2,2,2
7781,0,0,0,0,0,0,0,0,0,0,0,0,0,0,0,0,0,0,0,0,0
7782,0,0,0,0,0,0,0,0,0,0,0,0,0,0,0,0,0,0,0,0,0
7783,0,0,0,0,0,0,0,0,0,0,0,0,0,0,0,0,0,0,0,0,0
7784,0,0,0,0,0,0,0,0,0,0,0,0,0,0,0,0,0,0,0,0,0
7785,0,0,0,0,0,0,0,0,0,0,0,0,0,0,0,0,0,0,0,0,0
7786,2,2,2,2,2,2,2,2,2,2,2,2,2,2,2,2,2,2,2,2,2
7787,1,2,2,2,2,2,1,2,2,2,2,2,2,1,2,2,2,2,2,2,1
7788,2,2,2,2,2,2,2,2,2,2,2,2,2,2,2,2,2,2,2,2,2
7789,0,0,0,0,0,0,0,0,0,0,0,0,0,0,0,0,0,0,0,0,0
7790,2,2,2,2,2,1,2,2,2,2,2,2,1,2,2,2,2,2,2,1,2
7791,1,1,1,1,1,1,1,1,1,1,1,1,1,0,1,1,1,1,1,1,1
7792,1,1,2,1,1,1,1,1,1,1,1,1,1,1,1,1,2,1,1,1,1
7793,45,48,45,40,36,35,37,48,51,47,41,37,34,37,46,48,43,37,34,32,35
7794,35,37,37,35,30,29,29,34,36,36,35,30,29,30,35,38,38,36,31,30,31
7795,7,6,5,4,4,4,5,5,5,4,4,4,4,5,6,6,5,5,5,5,6
7796,0,0,0,0,0,0,0,0,0,0,0,0,0,0,0,0,0,0,0,0,0
7797,4,3,3,3,3,2,3,3,3,3,3,3,2,3,3,4,3,3,3,3,3
7798,0,0,0,1,0,0,0,0,0,0,0,0,0,0,0,0,0,0,0,0,0
7799,19,21,19,18,17,14,15,16,18,16,14,13,11,13,15,16,15,14,13,12,13
7800,5,4,4,4,3,3,3,4,5,5,4,3,3,4,5,5,5,5,4,4,5
7801,1,1,1,1,0,0,1,1,1,1,1,0,0,1,1,1,1,1,0,0,1
7802,0,1,1,1,1,1,1,0,1,1,1,1,1,1,0,1,1,1,1,1,1
7803,1,1,1,1,1,1,1,1,1,1,1,1,1,1,1,1,1,1,1,1,1
7804,1,2,1,1,1,1,1,2,2,1,1,1,1,1,2,2,1,1,1,1,1
7805,0,0,0,0,0,0,0,0,0,0,0,0,0,0,0,0,0,0,0,0,0
7806,1,1,1,1,1,0,0,1,1,1,1,1,0,0,1,1,1,1,1,0,0
7807,1,1,1,1,0,1,1,1,1,1,1,0,1,1,1,1,1,1,0,1,1
7808,1,2,1,1,1,1,1,1,2,1,1,1,1,1,1,2,1,1,1,1,1
7809,3,3,3,3,3,2,2,3,3,3,3,3,2,2,3,3,3,3,3,2,2
7810,1,1,1,1,1,1,1,1,1,1,1,1,1,1,1,1,1,1,0,0,1
7811,3,3,3,3,3,4,3,3,3,3,3,3,4,3,3,3,3,3,3,4,3
7812,1,2,3,2,1,2,1,1,2,3,2,1,2,1,1,2,3,2,1,2,1
7813,2,2,2,2,2,2,2,2,2,2,2,2,2,2,2,2,2,2,2,2,2
7814,0,0,0,0,0,0,0,0,0,1,0,0,0,0,0,0,1,0,0,0,0
7815,10,12,12,12,9,7,7,9,12,13,12,9,7,7,10,12,13,12,9,7,7
7816,0,0,0,0,0,0,0,0,0,0,0,0,0,0,0,0,0,0,0,0,0
7817,0,0,0,0,0,0,0,0,0,0,0,0,0,0,0,0,0,0,0,0,0
7818,0,1,1,0,0,0,1,1,1,1,0,0,0,0,0,1,1,0,0,0,0
7819,0,0,0,0,0,0,0,0,0,0,0,0,0,0,0,0,0,0,0,0,0
7820,4,3,2,1,1,3,4,4,3,2,2,1,3,4,4,3,3,2,1,3,4
7821,0,0,1,1,1,1,1,1,1,1,1,1,1,1,1,1,0,0,0,0,1
7822,0,0,0,0,0,0,0,0,0,0,0,0,0,0,0,0,0,0,0,0,0
7823,0,0,0,0,0,0,0,0,0,0,0,0,0,0,0,0,0,0,0,0,0
7824,0,0,0,0,0,0,0,0,0,0,0,0,0,0,0,0,0,0,0,0,0
7825,0,0,0,0,0,0,0,0,0,0,0,0,0,0,0,0,0,0,0,0,0
7826,0,0,0,0,0,0,0,0,0,0,0,0,0,0,0,0,0,0,0,0,0
7827,0,0,0,0,0,0,0,0,0,0,0,0,0,0,0,0,0,0,0,0,0
7828,6,6,5,4,3,4,4,6,7,6,4,3,4,6,10,9,8,6,5,6,8
7829,14,13,18,14,14,17,12,15,16,19,14,15,17,12,14,14,20,16,16,19,14
7830,8,9,8,7,6,6,9,13,16,12,9,7,6,8,11,12,14,14,13,13,14
7831,8,8,8,7,6,5,6,9,12,11,9,7,5,5,7,8,9,9,8,7,8
7832,5,4,5,4,3,3,3,4,4,5,4,3,3,3,5,6,6,5,4,5,7
7833,60,65,61,53,48,43,48,60,65,60,52,48,43,48,59,65,60,52,48,43,48
7834,54,54,44,39,32,27,38,51,52,43,39,32,26,37,49,50,43,39,33,29,42
7835,41,42,33,26,33,35,36,41,42,33,26,33,35,35,41,42,33,26,33,35,35
7836,3,3,3,2,2,2,2,3,3,3,2,2,2,2,2,3,3,2,2,2,2
7837,4,3,3,2,2,2,2,3,3,3,2,2,2,3,3,3,2,2,2,2,2
7838,4,5,5,4,4,3,4,4,5,5,4,4,3,5,6,7,5,4,4,3,4
7839,23,20,16,16,14,14,17,26,29,21,17,15,15,18,27,26,25,24,23,21,22
7840,15,15,16,13,12,11,11,14,15,16,13,12,11,12,15,15,16,13,12,11,11
7841,0,0,0,0,0,0,0,0,0,0,0,0,0,0,0,0,0,0,0,0,0
7842,2,2,2,2,1,1,1,2,2,2,2,1,1,1,2,2,2,2,1,1,1
7843,19,20,17,15,14,13,14,18,20,18,15,14,13,14,17,19,17,15,14,13,14
7844,1,1,1,1,1,1,1,1,1,1,1,1,1,1,1,1,1,1,1,1,1
7845,21,25,22,19,17,13,17,21,25,22,19,17,13,16,21,25,22,19,17,13,16
7846,0,0,0,0,0,0,0,0,0,0,0,0,0,0,0,0,0,0,0,0,0
7847,3,3,3,3,3,3,3,3,3,3,3,3,3,3,3,3,3,3,3,2,2
7848,0,0,0,0,0,0,0,0,0,0,0,0,0,0,0,0,0,0,0,0,0
7849,0,1,1,1,0,1,1,1,1,0,0,0,1,1,1,1,0,0,0,0,1
7850,0,0,0,0,0,0,0,0,0,0,0,0,0,0,0,0,0,0,0,0,0
7851,13,13,13,11,13,13,15,13,14,14,11,13,13,15,13,15,14,12,14,14,16
7852,2,3,2,2,2,2,1,2,3,2,2,2,2,1,2,3,2,2,2,2,1
7853,19,21,19,17,15,13,15,20,25,22,19,16,16,22,28,26,21,18,16,15,18
7854,82,96,86,73,63,60,66,82,97,86,74,63,61,68,84,98,86,74,63,60,66
7855,0,0,1,1,1,1,0,1,0,0,0,0,0,0,1,0,0,0,0,0,0
7856,14,14,10,10,9,7,10,14,14,10,10,9,7,10,14,14,10,10,9,7,10
7857,2,2,2,2,2,2,2,2,3,2,2,2,2,2,2,3,2,2,2,2,2
7858,13,15,16,13,11,10,11,13,14,16,13,11,10,10,13,14,16,12,11,10,10
7859,11,12,10,9,9,12,12,11,12,10,9,9,12,12,11,13,10,9,9,12,12
7860,1,1,1,1,1,1,1,1,1,1,1,1,1,1,1,1,1,1,1,1,1
7861,8,9,8,7,6,7,5,8,9,8,7,6,6,5,8,9,8,7,6,7,5
7862,2,3,5,5,4,3,2,2,3,4,5,4,3,2,2,3,4,5,4,3,2
7863,2,2,2,2,2,2,1,2,2,2,2,2,2,1,2,2,2,2,2,2,1
7864,1,1,1,1,1,1,1,1,1,1,1,1,1,1,1,1,1,1,1,1,1
7865,1,2,2,2,1,1,1,2,2,2,2,2,2,2,2,3,2,2,1,1,2
7866,36,36,35,30,24,22,24,37,46,49,42,34,30,31,40,43,45,39,34,31,29
7867,0,0,0,0,0,0,0,0,0,0,0,0,0,0,0,0,0,0,0,0,0
7868,1,0,0,0,1,0,1,1,0,0,0,1,0,1,1,0,0,0,1,0,1
7869,0,0,0,0,0,0,0,0,0,0,0,0,0,0,0,0,0,0,0,0,0
7870,2,1,1,1,1,1,1,1,1,1,1,1,1,1,1,1,1,1,0,1,1
7871,6,4,4,4,3,2,3,6,4,4,4,3,2,3,6,4,4,4,3,2,3
7872,1,2,2,1,1,1,1,1,2,2,1,1,1,1,1,2,2,1,1,1,1
7873,1,1,0,0,1,1,1,1,1,0,0,1,0,1,1,1,0,0,1,0,1
7874,0,0,0,0,0,0,1,0,1,0,0,0,0,1,1,1,1,0,0,0,1
7875,0,0,0,0,0,0,0,0,0,0,0,0,0,0,0,0,0,0,0,0,0
7876,0,1,0,0,1,1,1,1,0,0,0,0,0,0,0,0,0,0,0,0,0
7877,0,0,0,0,0,0,0,0,0,0,0,0,0,0,0,0,0,0,0,0,0
7878,0,0,0,0,0,0,0,0,0,0,0,0,0,0,0,0,0,0,0,0,0
7879,0,0,1,1,1,1,1,1,1,1,1,1,1,1,1,1,1,1,1,1,1
7880,2,1,1,1,1,0,1,1,1,1,1,1,0,1,1,1,1,1,1,0,1
7881,0,0,0,0,0,0,0,0,0,0,0,0,0,0,0,0,0,0,0,0,0
7882,0,0,0,0,0,0,0,0,0,0,0,0,0,0,0,0,0,0,0,0,0
7883,0,0,0,0,0,0,0,0,0,0,0,0,0,0,0,0,0,0,0,0,0
7884,0,0,0,0,0,0,0,0,0,0,0,0,0,0,0,0,0,0,0,0,0
7885,0,0,0,0,0,0,0,0,0,0,0,0,0,0,0,0,0,0,0,0,0
7886,0,0,0,0,0,0,0,0,0,0,0,0,0,0,0,0,0,0,0,0,0
7887,0,0,0,0,0,0,0,0,0,0,0,0,0,0,0,0,0,0,0,0,0
7888,0,0,0,0,0,0,0,0,0,0,0,0,0,0,0,0,0,0,0,0,0
7889,0,0,0,0,0,0,0,0,0,0,0,0,0,0,0,0,0,0,0,0,0
7890,0,0,0,0,0,0,0,0,0,0,0,0,0,0,0,0,0,0,0,0,0
7891,0,0,0,0,0,0,0,0,0,0,0,0,0,0,0,0,0,0,0,0,0
7892,0,0,0,0,0,0,0,0,0,0,0,0,0,0,0,0,0,0,0,0,0
7893,0,0,0,0,0,0,0,0,0,0,0,0,0,0,0,0,0,0,0,0,0
7894,0,0,0,0,0,0,0,0,0,0,0,0,0,0,0,0,0,0,0,0,0
7895,1,1,1,1,1,1,1,1,1,1,0,0,0,0,1,0,0,0,0,0,0
7896,0,0,0,0,0,0,0,0,0,0,0,0,0,0,0,0,0,0,0,0,0
7897,0,0,0,0,0,0,0,0,0,0,0,0,0,0,0,0,0,0,0,0,0
7898,0,1,1,1,0,0,0,0,1,0,0,0,0,0,1,1,1,0,0,0,0
7899,0,0,0,0,0,0,0,0,0,0,0,0,0,0,0,0,0,0,0,0,0
7900,0,0,0,0,0,0,0,0,0,0,0,0,0,0,0,0,0,0,0,0,0
7901,0,0,0,0,0,0,0,0,0,0,0,0,0,0,0,0,0,0,0,0,0
7902,0,0,0,0,0,0,0,0,0,0,0,0,0,0,0,0,0,0,0,0,0
7903,0,0,0,0,0,0,0,0,0,0,0,0,0,0,0,0,0,0,0,0,0
7904,3,2,3,2,2,2,2,3,2,3,2,2,1,2,3,2,2,2,2,1,2
7905,2,2,2,2,2,2,2,2,2,2,2,2,2,2,2,2,2,2,2,2,2
7906,26,25,24,23,20,18,19,24,26,26,25,22,20,23,29,29,28,27,24,22,24
7907,1,1,1,1,1,1,1,1,2,1,1,1,1,1,2,2,1,1,1,1,1
7908,0,1,1,1,1,0,0,1,1,1,1,1,1,1,1,1,1,1,1,1,1
7909,1,2,2,2,1,1,1,1,2,2,2,1,1,1,1,2,2,2,1,1,1
7910,0,0,0,0,0,0,0,0,0,0,0,0,0,0,0,0,0,0,0,0,0
7911,18,19,19,19,18,17,17,19,20,20,20,18,17,17,17,17,17,17,15,15,14
7912,0,1,0,0,0,0,0,1,1,0,0,0,0,0,1,1,0,0,0,0,1
7913,0,0,0,0,0,0,0,0,0,0,0,0,0,0,0,0,0,0,0,0,0
7914,1,1,1,1,1,1,1,1,1,1,1,1,1,1,1,1,1,1,1,1,1
7915,0,0,0,0,0,0,0,0,0,0,0,0,0,0,0,0,0,0,0,0,0
7916,5,5,5,4,4,3,3,4,4,5,4,4,3,3,5,5,5,4,4,3,4
7917,0,0,0,0,0,0,0,0,0,0,0,0,0,0,0,0,0,0,0,0,0
7918,0,0,0,0,0,0,0,0,0,0,0,0,0,0,0,0,0,0,0,0,0
7919,5,6,6,6,5,4,4,5,6,6,6,4,4,4,5,5,6,5,4,4,4
7920,0,1,1,1,1,1,0,0,1,1,1,1,1,0,0,1,1,1,1,1,0
7921,0,0,0,0,0,0,0,0,0,0,0,0,0,0,0,0,0,0,0,0,0
7922,0,0,0,0,0,0,0,0,0,0,0,0,0,0,0,0,0,0,0,0,0
7923,0,0,0,0,0,0,0,0,0,0,0,0,0,0,0,0,0,0,0,0,0
7924,0,0,0,0,0,0,0,0,0,0,0,0,0,0,0,0,0,0,0,0,0
7925,1,1,1,1,1,1,1,1,1,1,1,1,1,1,1,1,1,1,1,1,1
7926,1,1,1,1,1,1,1,1,1,1,1,1,1,1,1,1,1,1,1,1,1
7927,10,10,9,8,7,7,7,8,8,8,8,7,7,7,8,9,9,8,7,8,8
7928,5,5,6,5,5,5,4,4,5,5,5,5,5,4,5,5,5,5,5,5,4
7929,8,8,8,7,6,6,6,6,8,8,6,6,6,5,6,8,8,7,6,6,5
7930,3,3,2,2,2,2,2,2,2,2,2,2,2,2,2,3,3,3,2,2,2
7931,0,0,0,0,0,0,0,0,0,0,0,0,0,0,0,0,0,0,0,0,0
7932,0,0,0,0,0,0,0,0,0,0,0,0,0,0,0,0,0,0,0,0,0
7933,1,1,0,0,0,0,0,0,1,0,0,0,0,1,1,1,0,0,0,0,0
7934,0,0,0,0,0,0,0,0,0,0,0,0,0,0,0,0,0,0,0,0,0
7935,3,2,1,1,1,1,1,1,1,1,1,1,1,1,1,1,1,1,1,1,1
7936,0,0,0,0,0,0,0,0,0,0,0,0,0,0,0,0,0,0,0,0,0
7937,22,24,24,22,21,19,21,25,31,31,28,25,22,22,24,26,26,23,21,20,20
7938,6,5,5,5,4,3,4,5,5,5,4,4,3,3,4,4,4,4,3,3,3
7939,9,9,8,7,7,6,7,9,11,11,10,9,8,9,10,10,9,8,7,6,6
7940,7,6,6,5,5,4,4,5,6,6,5,5,4,5,6,6,6,5,5,5,5
7941,2,2,2,1,2,1,2,2,2,2,2,1,1,1,2,2,2,2,2,1,2
7942,34,38,41,40,39,35,34,40,45,43,39,35,31,30,34,36,37,35,33,33,30
7943,1,1,1,1,1,1,1,1,1,1,1,1,1,1,1,1,1,1,1,1,1
7944,3,3,2,2,2,2,2,2,2,3,2,2,2,2,3,3,3,2,2,2,2
7945,3,3,2,2,2,2,2,2,2,2,2,2,2,2,3,3,2,2,2,2,2
7946,1,1,1,1,1,1,1,1,1,1,1,1,1,1,1,2,1,1,1,1,1
7947,0,0,0,0,0,0,0,0,0,0,0,0,0,0,0,0,0,0,0,0,0
7948,5,5,4,3,3,3,4,4,4,4,3,3,3,4,4,5,4,3,3,3,4
7949,1,1,1,1,1,1,1,1,1,1,1,1,1,1,1,1,1,1,1,1,1
7950,6,7,7,6,5,4,4,5,6,7,6,5,4,5,6,7,7,7,6,5,5
7951,14,14,12,10,9,8,9,12,13,13,11,10,9,10,13,13,13,11,10,9,11
7952,19,21,20,20,17,14,15,17,21,23,21,17,15,16,18,20,20,19,15,13,14
7953,1,1,0,0,0,0,0,0,0,0,0,0,0,1,1,1,1,1,1,1,1
7954,2,1,1,1,1,1,1,1,1,1,1,1,1,1,2,2,2,1,1,1,1
7955,8,10,8,7,6,6,6,7,9,8,8,7,6,7,8,10,9,8,7,7,8
7956,1,2,2,1,1,1,1,1,2,2,1,1,1,1,1,2,2,1,1,1,1
7957,4,5,4,4,3,3,3,4,5,4,4,3,3,3,4,5,4,4,3,3,3
7958,0,0,0,0,0,0,0,0,0,0,0,0,0,0,0,0,0,0,0,0,0
7959,0,0,0,0,0,0,0,0,0,0,0,0,0,0,0,0,0,0,0,0,0
7960,2,4,4,3,3,2,2,2,4,4,3,3,2,2,2,4,4,3,3,2,2
7961,0,0,0,0,0,0,0,0,0,0,0,0,0,0,0,0,0,0,0,0,0
7962,2,1,1,1,1,1,1,1,1,1,1,1,1,1,1,1,1,1,1,1,1
7963,2,2,2,2,1,1,2,2,2,2,2,1,1,2,2,2,2,2,1,1,2
7964,8,7,8,6,6,6,6,7,7,8,6,6,6,6,8,7,8,6,6,6,6
7965,1,1,1,1,1,1,1,1,1,1,1,1,1,1,1,1,1,1,1,1,1
7966,5,6,6,5,4,4,4,5,6,5,5,4,4,4,5,6,6,5,4,4,5
7967,1,1,0,1,1,0,1,1,1,0,1,1,0,1,1,1,0,1,1,0,1
7968,11,12,11,11,10,11,11,11,12,12,11,10,11,11,11,12,12,11,10,11,11
7969,15,16,14,14,13,13,13,14,15,14,14,13,13,13,14,16,15,15,14,14,14
7970,1,1,1,1,1,1,1,1,1,1,1,1,1,1,1,1,1,1,1,1,1
7971,1,1,1,1,1,1,1,1,1,1,1,1,1,1,1,1,1,1,1,1,1
7972,2,1,1,1,1,1,1,1,1,1,1,1,1,1,1,1,1,1,1,1,1
7973,0,0,0,0,0,0,0,0,0,0,0,0,0,0,0,0,0,0,0,0,0
7974,1,1,1,1,0,0,0,0,1,1,0,0,0,1,1,1,1,1,0,1,1
7975,11,12,11,12,11,11,10,13,16,17,18,16,16,15,16,14,13,13,11,13,11
7976,1,1,1,1,1,1,1,1,1,1,1,1,1,1,1,1,1,1,1,1,1
7977,2,2,2,1,1,1,1,2,2,2,1,1,1,1,2,2,2,1,1,1,2
7978,4,5,5,5,4,3,4,4,5,5,4,3,2,3,4,4,4,4,3,2,3
7979,9,8,8,8,7,5,5,7,8,9,9,7,6,5,8,8,9,9,8,6,6
7980,14,13,14,11,13,10,9,13,12,13,10,12,10,8,12,11,12,10,12,10,8
7981,1,1,1,1,1,1,1,1,1,1,1,1,1,1,1,1,1,1,1,1,1
7982,0,0,0,0,0,0,0,0,0,0,0,0,0,0,0,0,0,0,0,0,0
7983,2,2,1,1,1,1,1,1,1,1,1,1,1,1,1,2,2,1,1,1,1
7984,1,1,2,2,1,1,1,1,1,2,2,1,1,1,1,2,2,2,2,1,1
7985,0,0,0,0,0,0,0,0,0,0,0,0,0,0,0,0,0,0,0,0,0
7986,0,0,0,0,0,0,0,0,0,0,0,0,0,0,0,0,0,0,0,0,0
7987,0,0,0,0,0,0,0,0,0,0,0,0,0,0,0,0,0,0,0,0,0
7988,0,0,0,0,0,0,0,0,0,0,0,0,0,0,0,0,0,0,0,0,0
7989,0,0,2,0,0,0,0,0,0,2,0,0,0,0,0,0,2,0,0,0,0
7990,0,1,0,1,0,1,0,0,1,0,1,0,1,0,0,1,0,1,0,1,0
7991,0,0,0,0,0,0,0,0,0,0,0,0,0,0,0,0,0,0,0,0,0
7992,0,0,0,0,0,0,0,0,0,0,0,0,0,0,0,0,0,0,0,0,0
7993,0,0,0,0,0,0,0,0,0,0,0,0,0,0,0,0,0,0,0,0,0
7994,0,0,0,0,0,0,0,0,0,0,0,0,0,0,0,0,0,0,0,0,0
7995,1,1,1,1,1,1,1,1,1,1,1,1,1,1,1,1,1,1,1,1,1
7996,52,57,57,52,47,41,40,48,52,53,47,42,34,34,40,45,48,45,42,37,37
7997,20,20,19,18,16,15,18,23,26,25,23,19,18,20,23,23,22,21,18,18,19
7998,38,38,36,37,35,28,26,30,23,21,20,20,23,28,26,13,11,11,14,19,26
7999,0,0,0,0,0,0,0,0,0,0,0,0,0,0,0,0,0,0,0,0,0
8000,0,0,0,0,0,0,0,0,0,0,0,0,0,0,0,0,0,0,0,0,0
8001,0,0,0,0,0,0,0,0,0,0,0,0,0,0,0,0,0,0,0,0,0
8002,10,10,11,10,10,9,9,11,11,11,10,10,9,9,10,11,10,9,8,8,8
8003,0,0,0,0,1,1,1,0,0,0,0,1,1,1,0,0,0,0,1,1,1
8004,14,15,17,17,19,15,11,14,15,17,17,19,15,11,14,15,17,17,19,15,11
8005,0,0,0,0,0,0,0,0,0,0,0,0,0,0,0,0,0,0,0,0,0
8006,0,0,0,0,0,0,0,0,0,0,0,0,0,0,0,0,0,0,0,0,0
8007,0,0,0,0,0,0,0,0,0,0,0,0,0,0,0,0,0,0,0,0,0
8008,0,0,0,0,0,0,0,0,0,0,0,0,0,0,0,0,0,0,0,0,0
8009,1,1,1,1,1,1,1,1,1,1,1,1,0,0,1,1,1,1,1,0,0
8010,5,5,8,7,6,4,4,5,5,7,7,6,4,4,5,5,7,7,6,4,4
8011,6,6,6,6,5,5,5,6,6,6,6,5,5,5,6,6,6,6,5,5,5
8012,0,0,0,0,0,0,0,0,0,0,0,0,0,0,0,0,0,0,0,0,0
8013,0,0,0,0,0,0,0,0,0,0,0,0,0,0,0,0,0,0,0,0,0
8014,0,0,0,0,0,0,0,0,0,0,0,0,0,0,0,0,0,0,0,0,0
8015,0,0,0,0,0,0,0,0,0,0,0,0,0,0,0,0,0,0,0,0,0
8016,0,0,0,0,0,0,0,0,0,0,0,0,0,0,0,0,0,0,0,0,0
8017,0,0,0,0,0,0,0,0,0,0,0,0,0,0,0,0,0,0,0,0,0
8018,1,1,1,1,1,1,1,1,1,1,1,1,1,1,1,1,1,1,1,1,1
8019,6,6,8,7,6,5,5,6,7,8,7,7,5,5,6,6,8,7,6,5,5
8020,0,0,0,0,0,0,0,0,0,0,0,0,0,0,0,0,0,0,0,0,0
8021,0,0,0,0,0,0,0,0,0,0,0,0,0,0,0,0,0,0,0,0,0
8022,0,0,0,0,0,0,0,0,0,0,0,0,0,0,0,0,0,0,0,0,0
8023,0,0,0,0,0,0,0,0,0,0,0,0,0,0,0,0,0,0,0,0,0
8024,1,1,2,1,1,1,1,1,1,2,1,1,1,1,1,1,2,1,1,1,1
8025,0,0,0,0,0,0,0,0,0,0,0,0,0,0,0,0,0,0,0,0,0
8026,1,1,1,1,1,1,1,1,1,1,1,1,1,1,1,1,1,1,1,1,1
8027,31,30,28,28,26,26,29,34,37,36,34,29,28,30,30,29,29,28,26,27,28
8028,16,14,15,13,12,11,12,15,18,20,18,16,14,15,17,16,16,14,13,12,12
8029,7,6,5,6,4,4,5,7,8,8,8,6,5,6,7,7,7,7,5,5,6
8030,1,1,1,1,1,1,1,1,1,1,1,1,1,1,1,1,1,1,1,1,1
8031,0,0,0,0,0,0,0,0,0,0,0,0,0,0,0,0,0,0,0,0,0
8032,1,0,0,0,0,0,0,1,0,0,0,0,0,0,1,0,0,0,0,0,0
8033,0,0,0,0,0,0,0,0,0,0,0,0,0,0,0,0,0,0,0,0,0
8034,20,21,19,17,16,15,17,23,25,20,16,13,12,15,18,18,16,14,13,13,14
8035,0,0,0,0,0,1,1,1,1,0,0,0,0,0,0,0,0,0,0,0,0
8036,0,0,0,0,0,0,0,0,0,0,0,0,0,0,0,0,0,0,0,0,0
8037,0,0,0,0,0,0,0,0,0,0,0,0,0,0,0,0,0,0,0,0,0
8038,4,3,3,3,3,2,2,3,3,3,3,3,3,3,3,3,3,3,3,3,3
8039,2,2,3,2,2,1,1,2,2,3,2,2,1,1,2,2,3,2,2,1,2
8040,2,2,2,2,2,2,1,2,2,2,2,2,2,1,2,2,2,2,2,2,2
8041,1,1,1,1,1,1,1,1,1,1,1,1,1,1,1,1,1,1,1,1,1
8042,0,0,0,0,0,0,0,0,0,0,0,0,0,0,0,0,0,0,0,0,0
8043,1,1,1,0,0,0,0,1,1,1,0,0,0,1,1,1,1,0,0,0,1
8044,1,1,1,1,1,1,1,1,1,1,1,1,1,1,1,1,1,1,1,1,1
8045,5,6,6,6,6,5,5,5,6,6,6,6,5,5,5,6,6,6,6,5,5
8046,1,1,1,2,2,1,1,1,1,1,2,2,1,1,1,1,1,2,2,1,1
8047,6,7,8,8,7,6,5,6,7,8,7,7,6,5,6,7,8,7,7,6,5
8048,1,1,1,2,2,2,1,1,1,1,2,2,2,1,1,1,1,2,2,2,1
8049,1,1,1,1,0,0,0,1,1,1,1,1,0,0,1,1,1,1,1,0,0
8050,0,0,0,0,0,0,0,0,0,0,0,0,0,0,0,0,0,0,0,0,0
8051,0,0,0,0,0,0,0,0,1,1,0,0,0,0,1,1,1,1,0,0,0
8052,0,0,0,0,0,0,0,0,0,0,0,0,0,0,0,1,1,1,0,0,0
8053,0,0,0,0,0,0,0,0,0,0,0,0,0,0,0,0,0,0,0,0,0
8054,10,11,11,11,9,9,10,12,12,12,11,9,9,9,10,11,11,10,8,8,8
8055,4,4,4,4,4,3,3,3,4,4,4,4,3,3,3,4,4,4,4,3,3
8056,7,7,7,6,6,5,5,6,6,6,6,5,5,5,6,6,6,6,5,5,5
8057,2,3,3,3,2,2,2,2,3,3,3,2,2,2,3,4,4,4,3,2,3
8058,1,1,1,1,1,1,1,1,1,1,1,1,1,1,1,1,1,1,1,1,1
8059,0,0,0,0,0,0,0,0,0,0,0,0,0,0,0,0,0,0,0,0,0
8060,0,0,0,0,0,0,0,0,0,0,0,0,0,0,0,0,0,0,0,0,0
8061,0,0,0,0,0,0,0,0,0,0,0,0,0,0,0,0,0,0,0,0,0
8062,5,5,4,5,3,3,4,5,5,4,5,3,3,4,5,5,4,5,3,3,4
8063,1,1,1,1,1,1,1,1,1,1,1,1,1,1,1,1,1,1,1,1,1
8064,24,27,30,31,30,24,20,22,26,30,31,30,24,20,22,26,30,31,29,24,20
8065,17,18,18,18,18,16,14,17,19,19,18,19,17,15,19,20,19,19,19,17,15
8066,0,0,0,0,0,0,0,0,0,0,0,0,0,0,0,0,0,0,0,0,0
8067,5,9,9,7,5,5,5,5,9,9,7,5,5,5,5,9,9,7,5,5,5
8068,1,3,3,3,2,1,1,1,3,3,3,2,1,1,1,3,3,3,2,1,1
8069,2,3,2,2,2,2,1,2,3,2,2,2,2,1,2,3,2,2,2,2,1
8070,0,0,0,0,0,0,0,0,0,0,0,0,0,0,0,0,0,0,0,0,0
8071,0,0,0,0,0,0,0,0,0,0,0,0,0,0,0,0,0,0,0,0,0
8072,2,2,3,3,3,2,2,2,2,3,3,3,1,2,2,2,3,3,3,1,2
8073,1,1,1,2,2,1,1,1,1,1,2,2,1,1,1,1,1,1,1,1,1
8074,7,8,8,7,6,5,5,6,8,7,7,6,5,5,6,8,7,7,6,5,5
8075,0,0,0,0,0,0,0,0,0,0,0,0,0,0,0,0,0,0,0,0,0
8076,16,15,13,11,10,9,9,13,15,17,16,16,15,15,14,11,12,10,9,8,9
8077,4,4,3,3,3,2,3,4,4,4,3,3,2,3,5,4,4,3,3,3,3
8078,49,50,48,33,31,31,41,47,50,49,34,32,33,43,49,51,49,34,32,33,43
8079,2,1,1,1,1,1,1,1,1,1,1,1,1,1,2,1,1,1,1,1,1
8080,10,10,7,7,8,8,9,10,10,7,7,7,8,9,10,10,7,7,7,8,9
8081,40,41,39,36,39,37,41,48,51,48,41,41,41,47,45,39,32,22,21,21,24
8082,4,4,4,3,3,3,3,4,4,4,3,3,3,3,4,4,4,3,3,3,3
8083,66,66,66,63,60,53,50,58,58,60,59,62,62,54,48,45,49,48,52,54,51
8084,9,10,9,8,8,8,9,10,11,10,8,8,8,10,12,13,10,9,9,9,10
8085,47,51,52,51,50,47,46,58,66,65,58,51,50,53,56,54,54,48,42,44,43
8086,49,53,51,52,48,39,37,49,53,51,52,48,39,37,49,53,52,52,48,39,37
8087,3,3,3,2,2,2,2,3,3,3,3,2,2,3,4,4,3,3,2,2,3
8088,6,5,3,3,2,2,3,5,6,5,3,2,2,3,4,4,3,3,2,3,4
8089,0,0,0,0,0,0,0,0,0,0,0,0,0,0,0,0,0,0,0,0,0
8090,20,21,21,20,19,18,21,28,31,31,26,22,20,23,28,28,25,19,16,16,17
8091,3,2,1,1,1,1,1,2,2,2,2,1,1,3,5,5,3,2,2,1,2
8092,2,2,2,2,1,1,2,2,2,2,2,1,1,2,2,2,2,2,1,1,2
8093,11,8,5,5,5,7,5,8,7,6,5,5,7,5,8,7,6,5,5,7,5
8094,0,0,0,0,0,0,0,0,0,0,0,0,0,0,0,0,0,0,0,0,0
8095,0,0,0,0,0,0,0,0,0,0,0,0,0,0,0,0,0,0,0,0,0
8096,0,0,0,0,0,0,0,0,0,0,0,0,0,0,0,0,0,0,0,0,0
8097,0,0,0,0,0,0,0,0,0,0,0,0,0,0,0,0,0,0,0,0,0
8098,0,0,0,0,0,0,0,0,0,0,0,0,0,0,0,0,0,0,0,0,0
8099,0,0,0,0,0,0,0,0,0,0,0,0,0,0,0,0,0,0,0,0,0
8100,0,0,0,0,0,0,0,0,0,0,0,0,0,0,0,0,0,0,0,0,0
8101,0,0,0,0,0,0,0,0,0,0,0,0,0,0,0,0,0,0,0,0,0
8102,0,0,0,0,0,0,0,0,0,0,0,0,0,0,0,0,0,0,0,0,0
8103,5,3,2,2,3,2,2,3,2,2,2,3,2,2,4,3,2,2,3,2,3
8104,1,1,1,1,0,1,1,1,1,1,1,1,1,1,1,1,1,1,1,1,1
8105,0,0,0,0,0,0,0,0,0,0,0,0,0,0,0,0,0,0,0,0,0
8106,0,0,0,0,0,0,0,0,0,0,0,0,0,0,0,0,0,0,0,0,0
8107,0,0,0,0,0,0,0,0,0,0,0,0,0,0,0,0,0,0,0,0,0
8108,0,1,1,0,0,0,0,0,1,1,0,0,0,0,1,1,1,0,0,0,0
8109,1,1,1,1,1,1,1,1,1,1,1,1,1,1,1,1,1,1,0,0,1
8110,3,3,3,2,2,2,2,3,3,3,2,2,2,2,3,3,3,2,2,2,2
8111,3,4,4,3,3,3,3,4,4,4,3,3,3,3,4,4,4,3,3,3,3
8112,3,3,4,4,3,3,3,3,3,4,4,3,3,3,3,3,4,4,3,3,3
8113,22,24,24,21,21,18,19,22,24,25,22,21,19,20,23,26,26,23,22,20,21
8114,7,7,7,6,5,5,5,7,7,7,6,6,5,6,7,7,7,6,6,6,6
8115,2,2,2,2,2,2,2,2,2,2,2,1,1,1,2,2,2,2,1,1,1
8116,0,0,0,0,0,0,0,0,0,0,0,0,0,0,0,0,0,0,0,0,0
8117,0,0,0,0,0,0,0,0,0,0,0,0,0,0,0,0,0,0,0,0,0
8118,0,0,0,0,0,0,0,0,0,0,0,0,0,0,0,0,0,0,0,0,0
8119,0,0,0,0,0,0,0,0,0,0,0,0,0,0,0,0,0,0,0,0,0
8120,0,0,0,0,0,0,0,0,0,0,0,0,0,0,1,1,1,0,0,0,0
8121,2,2,2,2,2,2,2,2,2,2,2,2,2,2,2,2,2,2,2,2,2
8122,14,14,15,13,13,12,12,15,15,15,13,13,12,12,15,15,15,13,13,12,12
8123,29,32,32,27,24,24,21,28,31,32,27,24,24,21,28,31,32,27,24,23,21
8124,1,1,1,2,2,2,1,1,1,1,2,2,2,1,1,1,1,2,2,2,1
8125,4,5,5,3,2,2,4,4,5,5,3,2,2,4,4,5,5,3,2,2,4
8126,3,3,3,2,2,2,2,3,3,3,2,2,2,2,3,3,3,2,2,2,3
8127,2,2,2,2,2,2,2,2,2,2,2,2,2,2,2,2,2,2,2,2,2
8128,11,11,11,11,10,9,9,11,11,11,10,10,9,9,11,11,11,10,10,9,9
8129,1,1,1,1,1,1,1,1,1,1,1,1,1,1,1,1,1,1,1,1,1
8130,1,1,1,1,1,1,1,1,1,1,1,1,1,1,1,1,1,1,1,1,1
8131,4,4,4,4,3,3,3,4,4,4,4,3,3,3,4,4,4,4,3,3,3
8132,2,2,2,2,2,2,2,2,2,2,2,2,2,2,2,2,2,2,2,2,2
8133,1,1,1,1,1,1,1,1,1,1,1,1,1,1,1,1,1,1,1,1,1
8134,5,4,4,4,4,4,4,5,4,4,4,4,3,4,5,4,4,4,4,3,4
8135,0,0,0,0,0,0,0,0,0,0,0,0,0,0,0,0,0,0,0,0,0
8136,4,5,4,3,3,3,2,4,5,3,3,3,3,2,4,5,4,3,3,3,2
8137,0,0,0,0,0,0,0,0,0,0,0,0,0,0,0,0,0,0,0,0,0
8138,0,0,1,1,1,0,0,0,0,0,0,0,0,0,0,0,0,0,0,0,0
8139,0,0,0,0,0,0,0,1,1,1,0,0,0,0,0,0,0,0,0,0,0
8140,0,0,0,0,0,0,0,0,0,0,0,0,0,0,0,0,0,0,0,0,0
8141,0,0,0,0,0,0,0,0,0,0,0,0,0,0,0,0,0,0,0,0,0
8142,1,1,1,1,1,1,1,1,1,1,1,1,1,1,1,1,1,1,1,1,1
8143,7,6,5,5,5,5,5,4,4,4,4,4,3,4,4,4,4,4,4,4,4
8144,0,0,0,0,0,0,0,0,0,0,0,0,0,0,0,0,0,0,0,0,0
8145,0,0,0,0,0,0,0,0,0,0,0,0,0,0,0,0,0,0,0,0,0
8146,0,0,0,0,0,0,0,0,0,0,0,0,0,0,0,0,0,0,0,0,0
8147,2,2,2,1,1,1,1,2,2,2,1,1,1,1,2,2,2,1,1,1,1
8148,0,0,0,0,0,0,0,0,0,0,0,0,0,0,0,0,0,0,0,0,0
8149,1,1,1,0,1,1,1,1,1,1,0,1,1,1,1,1,1,0,1,1,1
8150,1,1,1,1,1,1,1,1,1,1,1,1,1,1,1,2,2,1,1,1,1
8151,0,0,0,0,0,0,0,0,0,0,0,0,0,0,0,0,0,0,0,0,0
8152,5,5,6,5,5,5,4,5,5,6,5,5,5,4,5,5,6,5,5,5,4
8153,2,2,2,2,2,2,2,2,2,2,2,2,2,2,2,2,2,2,2,2,1
8154,1,1,0,0,0,0,0,1,1,0,0,0,0,0,1,1,0,0,0,0,0
8155,42,41,38,37,36,35,36,41,41,38,37,36,36,37,41,41,38,37,36,36,36
8156,1,1,1,0,0,0,0,1,1,1,0,0,0,0,1,1,1,0,0,0,0
8157,1,1,1,1,1,1,1,1,1,1,1,1,1,1,1,1,1,1,1,1,1
8158,0,0,0,0,0,0,0,0,0,0,0,0,0,0,0,0,0,0,0,0,0
8159,0,0,0,0,0,0,0,0,0,0,0,0,0,0,0,0,0,0,0,0,0
8160,0,0,0,0,0,0,0,0,0,0,0,0,0,0,0,0,0,0,0,0,0
8161,4,4,5,4,4,3,3,4,4,5,4,4,3,3,4,4,5,4,4,3,3
8162,1,1,1,1,1,1,1,1,1,1,1,1,1,1,1,1,1,1,1,1,1
8163,5,6,6,5,4,3,3,5,6,6,5,4,3,3,5,6,6,5,4,3,3
8164,0,1,0,1,1,1,1,1,1,0,1,1,1,1,1,1,1,1,1,1,1
8165,17,14,15,13,9,11,12,13,13,15,12,8,9,10,11,10,13,11,7,9,9
8166,2,3,3,3,3,3,3,3,4,3,3,3,3,4,3,4,3,2,2,3,3
8167,4,4,3,4,4,3,3,3,3,3,4,4,3,3,3,4,3,4,4,3,3
8168,7,7,8,9,8,6,6,6,6,8,9,7,6,6,6,7,8,9,7,5,6
8169,0,0,0,0,0,0,0,0,0,0,0,0,0,0,0,0,0,0,0,0,0
8170,18,17,12,9,7,7,9,17,26,22,12,8,6,8,12,16,17,15,14,14,16
8171,3,3,3,3,3,2,2,3,3,3,3,3,2,2,3,3,3,3,3,2,2
8172,1,1,2,3,2,1,1,1,1,2,3,2,1,1,1,1,2,3,2,1,1
8173,0,0,0,0,0,0,0,0,0,0,0,0,0,0,0,0,0,0,0,0,0
8174,0,0,0,0,0,0,0,0,0,0,0,0,0,0,0,0,0,0,0,0,0
8175,0,0,0,0,0,0,0,0,0,0,0,0,0,0,0,0,0,0,0,0,0
8176,0,0,0,0,0,0,0,0,0,0,0,0,0,0,0,0,0,0,0,0,0
8177,0,0,0,0,0,0,0,0,0,0,0,0,0,0,0,0,0,0,0,0,0
8178,1,1,1,1,1,1,1,1,1,1,1,1,1,1,1,1,1,1,1,1,1
8179,0,0,0,0,0,0,0,0,0,0,0,0,0,0,0,0,0,0,0,0,0
8180,0,0,0,0,0,0,0,0,0,0,0,0,0,0,0,0,0,0,0,0,0
8181,0,0,0,0,0,0,0,0,0,0,0,0,0,0,0,0,0,0,0,0,0
8182,0,0,0,0,0,0,0,0,0,0,0,0,0,0,0,0,0,0,0,0,0
8183,0,0,0,0,0,0,0,0,0,0,0,0,0,0,0,0,0,0,0,0,0
8184,2,3,3,3,3,2,2,3,3,4,3,3,2,2,3,3,4,3,3,2,2
8185,1,2,2,2,2,1,1,1,2,2,2,2,1,1,1,2,2,2,2,1,1
8186,0,0,0,0,0,0,0,0,0,0,0,0,0,0,0,0,0,0,0,0,0
8187,2,2,1,1,1,1,1,1,1,1,1,1,1,1,1,1,1,1,1,1,1
8188,0,0,0,0,0,0,0,0,0,0,0,0,0,0,0,0,0,0,0,0,0
8189,2,2,2,2,1,1,1,2,2,2,1,1,1,1,2,2,2,2,1,1,1
8190,2,2,2,2,2,1,2,2,2,2,2,2,1,2,2,2,2,2,2,1,2
8191,0,0,0,0,0,0,0,0,0,0,0,0,0,0,0,0,0,0,0,0,0
8192,62,64,63,60,57,52,58,74,84,85,80,72,67,71,76,72,68,61,55,53,56
8193,0,0,0,0,0,0,0,0,0,0,0,0,0,0,0,0,0,0,0,0,0
8194,0,0,0,0,0,0,0,0,0,0,0,0,0,0,0,0,0,0,0,0,0
8195,0,0,0,0,0,0,0,0,0,0,0,0,0,0,0,0,0,0,0,0,0
8196,1,2,1,1,1,1,1,1,1,1,1,1,1,1,1,2,1,1,1,1,1
8197,1,0,0,0,0,0,0,1,0,0,0,0,0,0,0,0,0,0,0,0,0
8198,16,16,16,19,19,16,14,15,16,16,18,18,15,12,13,14,16,19,19,17,15
8199,8,8,8,6,6,6,6,7,7,8,6,6,6,6,8,8,8,6,6,7,7
8200,2,2,2,2,1,1,1,2,2,2,2,1,1,1,2,2,2,1,1,1,1
8201,9,11,9,7,6,6,7,8,10,9,7,6,7,7,8,11,10,8,7,7,8
8202,24,20,17,17,14,15,15,20,17,16,17,14,15,16,23,19,17,18,15,16,16
8203,79,86,88,79,71,67,64,74,83,85,75,67,64,62,70,77,78,69,62,60,56
8204,38,33,28,24,27,29,28,38,33,28,24,27,29,28,38,33,28,24,27,29,28
8205,2,4,5,5,3,2,2,2,4,5,5,3,2,2,2,4,5,5,3,2,2
8206,5,6,6,5,4,4,5,5,6,6,5,4,4,4,5,6,6,5,4,4,4
8207,4,3,3,3,3,4,3,4,3,3,3,3,4,3,4,3,3,3,3,4,3
8208,3,3,3,3,3,3,3,4,4,3,3,3,3,3,4,4,4,3,3,3,3
8209,7,8,9,8,7,7,6,7,8,9,8,7,7,6,7,8,9,8,7,7,6
8210,7,5,7,4,5,5,6,7,5,7,4,5,5,6,7,5,7,4,5,5,6
8211,31,30,29,26,22,21,23,30,31,31,27,22,22,24,27,24,22,18,14,15,17
8212,36,35,37,26,22,26,30,34,34,37,26,22,27,30,34,34,36,25,22,27,30
8213,26,31,29,24,24,23,24,26,32,31,26,25,25,26,28,33,32,26,26,25,25
8214,128,127,143,139,134,109,101,123,130,150,144,137,113,106,123,122,137,132,128,109,103
8215,3,4,4,3,3,3,3,3,4,4,3,3,3,3,3,4,4,3,3,3,3
8216,7,7,6,5,5,6,6,7,7,6,5,5,6,6,7,7,6,5,5,6,6
8217,4,4,4,4,4,4,4,4,4,4,4,4,4,4,4,4,4,4,4,4,4
8218,131,112,114,99,95,102,99,124,106,108,94,89,98,96,119,99,102,88,85,93,90
8219,6,6,6,6,5,5,5,6,6,6,6,5,5,5,6,6,6,6,5,5,5
8220,41,41,43,40,36,30,28,39,39,42,39,34,29,27,37,36,38,36,32,28,28
8221,41,43,43,40,38,34,35,43,47,46,42,39,35,36,40,40,37,32,29,26,26
8222,22,21,16,17,15,16,15,20,20,17,17,16,17,16,21,22,17,18,16,18,17
8223,13,12,12,10,9,9,9,10,11,12,10,9,9,9,11,11,12,10,10,10,10
8224,56,59,59,54,47,51,49,62,67,66,59,50,52,51,60,60,57,50,41,46,43
8225,3,2,3,2,1,2,2,3,2,3,2,1,2,2,3,2,3,2,1,2,2
8226,21,23,26,25,21,18,18,22,23,26,25,22,19,18,22,23,26,25,22,18,18
8227,13,11,10,10,10,10,9,12,10,10,10,10,10,9,12,11,11,10,11,11,10
8228,10,11,11,10,9,8,8,10,11,11,10,9,8,8,10,11,11,10,9,8,8
8229,73,82,80,77,67,67,64,79,92,89,82,67,66,64,75,80,77,73,61,62,58
8230,5,3,4,4,4,4,3,5,3,4,4,4,4,3,5,3,4,4,4,4,3
8231,3,3,3,2,2,2,2,3,3,3,2,2,2,2,3,3,3,2,2,2,2
8232,2,2,2,2,2,2,2,2,2,2,2,2,2,2,2,2,2,2,2,2,2
8233,1,1,1,1,1,1,1,1,1,1,1,1,1,1,1,1,1,1,1,1,1
8234,2,3,3,3,2,2,2,2,3,3,3,2,2,2,2,3,3,3,2,2,2
8235,5,4,3,4,4,3,3,4,3,3,4,4,3,3,4,3,3,4,4,3,3
8236,32,29,28,29,29,30,31,39,40,40,39,37,38,36,38,31,28,26,25,27,27
8237,1,1,1,1,0,1,1,1,1,1,1,0,1,1,1,1,1,1,0,1,1
8238,0,0,0,0,0,0,0,0,0,0,0,0,0,0,0,0,0,0,0,0,0
8239,0,0,0,0,0,0,0,0,0,0,0,0,0,0,0,0,0,0,0,0,0
8240,0,0,0,0,0,0,0,0,0,0,0,0,0,0,0,0,0,0,0,0,0
8241,0,0,0,0,0,0,0,0,0,0,0,0,0,0,0,0,0,0,0,0,0
8242,0,0,0,0,0,0,0,0,0,0,0,0,0,0,0,0,0,0,0,0,0
8243,0,0,0,0,0,0,0,0,0,0,0,0,0,0,0,0,0,0,0,0,0
8244,0,0,0,0,0,0,0,0,0,0,0,0,0,0,0,0,0,0,0,0,0
8245,1,1,1,1,1,1,0,1,1,1,1,1,1,0,1,1,1,1,1,1,0
8246,2,2,2,2,1,2,2,2,2,2,1,1,2,2,2,2,2,1,1,2,2
8247,0,0,0,0,0,0,0,0,0,0,0,0,0,0,0,0,0,0,0,0,0
8248,2,2,2,2,1,1,2,2,2,2,2,2,1,2,2,2,2,2,2,2,2
8249,1,1,1,1,1,0,0,1,1,1,1,1,0,0,1,1,1,1,1,0,0
8250,2,1,2,2,1,1,2,2,1,2,2,1,1,2,2,1,2,2,1,1,2
8251,0,1,1,0,0,0,0,0,1,1,0,0,0,0,0,1,1,0,0,0,0
8252,1,2,2,2,2,1,1,2,2,2,2,2,1,1,2,2,2,2,2,1,1
8253,1,2,2,1,1,1,1,1,2,2,1,1,1,1,1,2,2,1,1,1,1
8254,1,1,1,0,0,0,0,1,1,1,0,0,0,0,1,1,1,0,0,0,0
8255,0,0,0,0,0,0,0,0,0,0,0,0,0,0,0,0,0,0,0,0,0
8256,0,0,0,0,0,0,0,0,0,0,0,0,0,0,0,0,0,0,0,0,0
8257,1,1,1,1,1,1,1,1,1,1,1,1,1,1,1,1,1,1,1,1,1
8258,0,0,0,0,0,0,0,0,0,0,0,0,0,0,0,0,0,0,0,0,0
8259,0,0,0,0,0,0,0,0,0,0,0,0,0,0,0,0,0,0,0,0,0
8260,3,2,2,2,2,2,1,1,1,1,2,2,2,2,2,2,2,2,2,2,1
8261,0,0,0,0,0,0,0,0,0,0,0,0,0,0,0,0,0,0,0,0,0
8262,0,0,0,0,0,0,0,0,0,0,0,0,0,0,0,0,0,0,0,0,0
8263,0,0,0,0,0,0,0,0,0,0,0,0,0,0,0,0,0,0,0,0,0
8264,3,4,5,3,2,2,2,3,4,5,3,2,2,2,3,4,5,3,2,2,2
8265,2,2,2,2,2,2,1,2,2,3,3,2,2,2,2,3,3,3,2,2,2
8266,13,14,17,13,10,10,11,12,14,17,13,10,10,11,13,14,17,13,10,10,11
8267,5,6,7,7,7,5,4,5,6,7,8,7,5,4,5,6,7,8,7,5,4
8268,0,0,0,0,0,0,0,0,0,0,0,0,0,0,0,0,0,0,0,0,0
8269,72,85,96,94,85,75,69,75,81,85,78,67,60,60,66,73,83,82,76,70,62
8270,3,4,4,4,3,2,3,3,4,4,4,3,2,3,3,5,4,4,3,3,3
8271,0,0,0,0,0,0,0,0,0,0,0,0,0,0,0,0,0,0,0,0,0
8272,7,7,7,6,8,7,7,5,6,7,7,8,8,7,5,6,7,6,8,8,7
8273,56,74,87,85,72,47,31,56,76,89,87,74,49,34,59,78,91,89,76,51,35
8274,82,124,103,89,60,51,56,75,118,98,83,53,48,56,70,108,90,76,48,42,48
8275,93,129,164,176,163,95,77,95,129,164,176,170,103,73,79,109,144,155,146,85,75
8276,0,0,0,0,0,0,0,0,0,0,0,0,0,0,0,0,0,0,0,0,0
8277,1,1,1,1,1,1,1,2,1,1,2,1,1,1,2,2,1,2,1,1,1
8278,4,5,8,7,5,4,3,4,5,7,7,5,3,3,4,5,7,7,5,4,3
8279,19,22,22,22,17,14,12,18,24,25,25,20,17,15,20,23,22,22,18,15,14
8280,11,12,14,18,19,16,14,12,13,14,18,19,16,15,12,13,15,19,19,16,15
8281,1,1,2,2,2,1,1,1,1,2,2,2,1,1,1,1,2,2,2,1,1
8282,0,0,0,0,0,0,0,0,0,0,0,0,0,0,0,0,0,0,0,0,0
8283,0,0,0,0,0,0,0,0,0,0,0,0,0,0,0,0,0,0,0,0,0
8284,0,0,0,0,0,0,0,0,0,0,0,0,0,0,0,0,0,0,0,0,0
8285,0,0,0,0,0,0,0,0,0,0,0,0,0,0,0,0,0,0,0,0,0
8286,0,0,0,0,0,0,0,0,0,0,0,0,0,0,0,0,0,0,0,0,0
8287,0,1,1,0,0,0,0,0,1,1,0,0,0,0,0,1,1,1,0,0,0
8288,0,0,0,0,0,0,0,0,0,0,0,0,0,0,0,0,0,0,0,0,0
8289,0,0,0,0,0,0,0,0,0,0,0,0,0,0,0,0,0,0,0,0,0
8290,10,5,3,2,1,1,1,4,5,4,2,1,1,3,5,4,3,2,1,2,3
8291,0,0,0,0,0,0,0,0,0,0,0,0,0,0,0,0,0,0,0,0,0
8292,0,0,0,0,0,0,0,0,0,0,0,0,0,0,0,0,0,0,0,0,0
8293,0,0,0,0,0,0,0,0,0,0,0,0,0,0,0,0,0,0,0,0,0
8294,0,0,0,0,0,0,0,0,0,0,0,0,0,0,0,0,0,0,0,0,0
8295,0,0,0,0,0,0,0,0,0,0,0,0,0,0,0,0,0,0,0,0,0
8296,0,1,1,1,1,1,1,0,1,1,1,1,1,1,0,1,1,1,1,1,1
8297,83,81,88,82,72,64,66,78,79,87,81,73,66,66,70,66,73,67,59,57,62
8298,2,2,2,2,1,2,2,2,2,2,2,2,2,2,2,3,2,2,2,2,2
8299,7,7,6,4,5,6,5,8,7,6,4,5,6,5,8,7,7,4,5,6,6
8300,1,0,0,0,0,0,1,1,0,0,0,0,0,1,1,0,0,0,0,0,1
8301,11,12,14,14,12,10,8,10,12,14,14,12,10,9,11,13,15,15,13,11,10
8302,43,44,44,39,35,33,32,38,40,41,37,33,31,29,35,37,38,35,32,30,29
8303,9,9,9,8,8,7,7,8,8,9,9,9,8,8,9,9,9,9,9,8,8
8304,0,1,1,1,1,0,0,1,1,1,1,0,0,0,1,1,1,0,0,0,0
8305,22,18,17,16,15,15,16,21,18,17,16,15,14,16,22,19,18,17,15,15,16
8306,2,3,4,4,6,5,2,2,3,4,4,6,5,2,2,3,4,4,6,5,2
8307,28,27,30,31,30,31,34,38,42,44,43,39,44,47,35,26,27,25,20,23,26
8308,0,0,0,0,0,0,0,0,0,0,0,0,0,0,0,0,0,0,0,0,0
8309,0,0,0,0,0,0,0,0,0,0,0,0,0,0,0,0,0,0,0,0,0
8310,0,0,0,0,0,0,0,0,0,0,0,0,0,0,0,0,0,0,0,0,0
8311,0,0,0,0,0,0,0,0,0,0,0,0,0,0,0,0,0,0,0,0,0
8312,0,0,0,0,0,0,0,0,0,0,0,0,0,0,0,0,0,0,0,0,0
8313,0,0,0,0,0,0,0,0,0,0,0,0,0,0,0,0,0,0,0,0,0
8314,0,0,0,0,0,0,0,0,1,1,0,0,1,1,1,1,1,0,0,0,1
8315,0,0,0,0,1,1,1,1,1,1,0,1,1,1,1,1,0,0,1,1,1
8316,0,1,1,1,1,1,0,0,1,1,1,1,1,0,0,1,1,1,1,1,0
8317,3,3,3,3,3,2,2,3,3,3,3,3,2,2,3,3,3,3,3,2,2
8318,54,50,49,47,44,43,47,55,49,46,43,44,49,46,45,37,37,36,37,43,47
8319,3,3,3,3,3,2,2,3,3,3,3,3,2,2,3,3,3,3,3,2,2
8320,16,13,10,9,8,8,9,12,11,10,10,9,10,12,13,12,10,9,9,9,11
8321,0,0,0,0,0,0,0,0,0,0,0,0,0,0,0,0,0,0,0,0,0
8322,0,0,0,0,0,0,0,0,0,0,0,0,0,0,0,0,0,0,0,0,0
8323,0,0,0,0,0,0,0,0,0,0,0,0,0,0,0,0,0,0,0,0,0
8324,0,0,0,0,0,0,0,0,0,0,0,0,0,0,0,0,0,0,0,0,0
8325,0,0,0,0,0,0,0,0,0,0,0,0,0,0,0,0,0,0,0,0,0
8326,8,9,9,9,7,6,7,8,9,9,9,7,6,7,8,9,9,9,7,6,7
8327,3,3,3,3,2,2,3,3,3,3,3,3,3,3,3,4,3,3,2,2,2
8328,33,35,34,33,30,28,28,32,35,33,28,23,21,21,25,28,30,28,25,25,25
8329,3,3,3,3,3,3,3,3,3,3,3,3,3,3,3,4,3,3,3,3,3
8330,29,29,28,26,24,22,24,28,28,28,26,24,22,24,28,28,28,26,24,22,24
8331,95,94,93,86,85,77,81,93,95,94,84,83,82,97,89,74,74,65,64,60,66
8332,96,102,99,90,87,83,86,102,111,106,93,84,80,81,82,81,83,79,79,79,75
8333,1,1,1,0,0,0,0,0,0,0,0,0,0,0,0,0,0,0,0,0,0
8334,0,0,0,0,0,0,0,0,0,0,0,0,0,0,0,0,0,0,0,0,0
8335,0,0,0,1,0,0,0,0,0,0,1,0,0,0,0,0,0,1,0,0,0
8336,1,1,1,0,0,0,1,1,1,1,0,0,0,0,1,1,1,0,0,0,1
8337,3,3,3,3,3,3,3,3,3,3,3,3,3,3,3,3,4,3,3,3,3
8338,0,0,0,0,0,0,0,0,0,0,0,0,0,0,0,0,0,0,0,0,0
8339,0,0,0,0,0,0,0,0,0,0,0,0,0,0,0,0,0,0,0,0,0
8340,20,19,20,20,19,17,18,20,20,22,22,21,19,20,22,22,23,22,21,20,20
8341,0,0,0,0,0,0,0,0,0,0,0,0,0,0,0,0,0,0,0,0,0
8342,0,0,0,0,0,0,0,0,0,0,0,0,0,0,0,0,0,0,0,0,0
8343,3,3,3,3,3,2,2,3,3,3,3,3,2,2,3,3,3,3,3,2,2
8344,0,0,1,1,0,0,0,0,0,1,1,1,0,0,0,1,1,1,0,0,0
8345,13,14,15,14,12,11,11,13,14,14,14,12,11,11,13,14,14,14,12,11,11
8346,15,16,17,17,16,13,12,15,16,17,17,16,13,12,15,16,17,17,16,13,12
8347,18,11,8,7,6,3,3,3,3,4,4,4,2,2,3,3,3,4,4,2,2
8348,0,0,0,0,0,0,0,0,0,0,0,0,0,0,0,0,0,0,0,0,0
8349,29,32,29,28,24,21,23,29,32,29,27,24,21,22,29,32,29,27,24,21,23
8350,1,1,1,1,1,1,1,1,1,1,1,1,1,1,1,1,1,1,1,1,1
8351,2,2,2,2,2,2,2,2,2,1,2,2,1,2,2,2,1,2,2,1,2
8352,1,1,1,0,1,1,1,1,1,1,0,1,1,1,1,1,1,0,1,1,1
8353,2,2,2,2,2,2,1,2,2,2,2,2,2,1,2,2,2,2,2,2,2
8354,0,0,0,0,0,0,0,0,0,0,0,0,0,0,0,0,0,0,0,0,0
8355,0,0,0,0,0,0,0,0,0,0,0,0,0,0,0,0,0,0,0,0,0
8356,0,0,0,0,0,0,0,0,0,0,0,0,0,0,0,0,0,0,0,0,0
8357,0,0,0,0,0,0,0,0,0,0,0,0,0,0,0,0,0,0,0,0,0
8358,0,0,0,0,0,0,0,0,0,0,0,0,0,0,0,0,0,0,0,0,0
8359,0,0,0,0,0,0,0,0,0,0,0,0,0,0,0,0,0,0,0,0,0
8360,0,0,0,0,0,0,0,0,0,0,0,0,0,0,0,0,0,0,0,0,0
8361,0,0,0,0,0,0,0,0,0,0,0,0,0,0,0,0,0,0,0,0,0
8362,0,0,0,0,0,0,0,0,0,0,0,0,0,0,0,0,0,0,0,0,0
8363,1,1,0,0,0,0,0,1,1,1,1,0,0,1,1,1,1,1,0,0,1
8364,2,1,2,1,1,1,1,1,1,2,1,1,1,1,1,1,2,1,1,1,1
8365,5,5,3,2,2,4,3,5,6,3,2,2,4,3,5,5,3,2,2,4,3
8366,2,2,2,2,2,1,1,1,2,2,2,1,1,1,1,2,2,2,2,1,1
8367,0,0,0,0,0,0,0,0,0,0,0,0,0,0,0,0,0,0,0,0,0
8368,26,30,32,34,30,25,22,27,32,35,35,30,27,24,25,26,28,29,25,24,22
8369,4,4,5,4,4,4,3,4,4,4,4,4,3,3,4,4,4,4,4,3,3
8370,0,0,1,0,0,0,0,0,1,1,1,0,0,0,1,1,1,1,0,0,0
8371,6,7,7,9,9,8,7,7,7,7,9,9,8,7,7,7,7,9,9,8,7
8372,8,9,8,7,7,6,7,9,9,8,7,7,6,7,8,9,7,7,7,6,7
8373,6,7,9,8,5,5,5,6,7,9,8,5,5,5,6,7,9,8,5,5,5
8374,0,0,0,0,0,0,0,0,0,0,0,0,0,0,0,0,0,0,0,0,0
8375,3,3,3,3,3,2,2,2,3,2,2,3,2,2,2,3,2,2,3,2,2
8376,10,10,10,9,9,7,7,7,8,9,9,9,7,7,7,8,9,9,9,8,7
8377,1,0,1,0,0,0,0,1,0,1,0,0,0,0,1,0,1,0,0,0,1
8378,39,42,47,41,37,30,30,39,42,47,41,37,30,30,39,42,47,41,37,30,30
8379,0,0,1,0,0,0,0,0,0,1,0,0,0,0,0,0,1,0,0,0,0
8380,7,9,10,10,10,8,5,7,9,10,10,10,8,5,7,9,10,10,10,8,5
8381,0,0,0,0,0,0,0,0,0,0,0,0,0,0,0,0,0,0,0,0,0
8382,0,0,0,0,0,0,0,0,0,0,0,0,0,0,0,0,0,0,0,0,0
8383,0,0,0,0,0,0,0,0,0,0,0,0,0,0,0,0,0,0,0,0,0
8384,0,0,0,0,0,0,0,0,0,0,0,0,0,0,0,0,0,0,0,0,0
8385,0,0,0,0,0,0,0,0,0,0,0,0,0,0,0,0,0,0,0,0,0
8386,0,0,0,0,0,0,0,0,0,0,0,0,0,0,0,0,0,0,0,0,0
8387,0,0,0,0,0,0,0,0,0,0,0,0,0,0,0,0,0,0,0,0,0
8388,0,0,0,0,0,0,0,0,0,0,0,0,0,0,0,0,0,0,0,0,0
8389,0,0,0,0,0,0,0,0,0,0,0,0,0,0,0,0,0,0,0,0,0
8390,10,10,11,11,10,9,8,9,10,12,12,11,9,9,10,11,12,12,11,9,9
8391,0,0,0,0,0,0,0,0,0,0,0,0,0,0,0,0,0,0,0,0,0
8392,0,0,0,0,0,0,0,0,0,0,0,0,0,0,0,0,0,0,0,0,0
8393,2,3,3,3,3,3,2,3,3,3,3,3,3,2,3,3,3,3,3,3,2
8394,0,0,0,0,0,0,0,0,0,0,0,0,0,0,0,0,0,0,0,0,0
8395,0,0,0,0,0,0,0,0,0,0,0,0,0,0,0,0,0,0,0,0,0
8396,2,3,3,2,2,2,2,3,3,3,2,2,2,2,2,3,3,2,2,2,2
8397,0,0,0,0,0,0,0,0,0,0,0,0,0,0,0,0,0,0,0,0,0
8398,20,23,24,21,19,17,17,22,26,26,22,20,18,18,22,25,25,22,20,17,17
8399,0,0,0,0,0,0,0,0,0,0,0,0,0,0,0,0,0,0,0,0,0
8400,11,13,12,10,8,7,7,11,13,11,9,8,7,7,11,13,11,9,8,7,7
8401,22,23,25,23,21,19,19,22,23,25,23,21,19,19,22,23,25,23,21,19,19
8402,7,7,9,8,9,5,6,7,7,9,8,9,6,6,7,8,10,9,9,6,7
8403,6,7,6,5,6,5,5,6,6,5,5,5,5,5,6,6,5,5,5,5,5
8404,0,0,0,0,0,0,0,0,0,0,0,0,0,0,0,0,0,0,0,0,0
8405,0,0,0,0,0,0,0,0,0,0,0,0,0,0,0,0,0,0,0,0,0
8406,0,0,0,0,0,0,0,0,0,0,0,0,0,0,0,0,0,0,0,0,0
8407,0,0,0,0,0,0,0,0,0,0,0,0,0,0,0,0,0,0,0,0,0
8408,2,3,3,3,2,2,2,2,3,3,3,2,2,2,2,3,3,3,2,2,2
8409,0,0,0,0,0,0,0,0,0,0,0,0,0,0,0,0,0,0,0,0,0
8410,2,3,1,1,1,1,1,2,3,1,1,1,1,1,2,3,1,1,1,1,1
8411,0,0,0,0,0,0,0,0,0,0,0,0,0,0,0,0,0,0,0,0,0
8412,0,0,0,0,0,0,0,0,0,0,0,0,0,0,0,0,0,0,0,0,0
8413,0,0,0,0,0,0,0,0,0,0,0,0,0,0,0,0,0,0,0,0,0
8414,0,0,0,0,0,0,0,0,0,0,0,0,0,0,0,0,0,0,0,0,0
8415,0,0,0,0,0,0,0,0,0,0,0,0,0,0,0,0,0,0,0,0,0
8416,0,0,0,0,0,0,0,0,0,0,0,0,0,0,0,0,0,0,0,0,0
8417,0,0,0,0,0,0,0,0,0,0,0,0,0,0,0,0,0,0,0,0,0
8418,0,1,0,1,1,1,0,0,1,0,1,1,1,0,0,1,0,1,1,1,0
8419,2,3,3,3,2,2,1,2,2,2,2,2,2,1,2,2,2,3,2,2,1
8420,9,9,9,9,8,7,7,8,8,9,9,8,7,7,8,9,9,9,8,7,7
8421,11,11,11,10,10,8,9,11,11,11,10,9,8,9,11,11,11,10,9,8,9
8422,0,0,0,0,0,0,0,0,0,0,0,0,0,0,0,0,0,0,0,0,0
8423,0,0,0,0,0,0,0,0,0,0,0,0,0,0,0,0,0,0,0,0,0
8424,10,12,12,11,10,10,10,9,12,12,11,9,10,9,9,11,11,10,9,9,9
8425,8,7,7,5,4,4,4,5,6,6,5,4,4,4,5,6,6,5,4,4,4
8426,1,1,1,1,1,1,1,1,1,1,1,1,1,1,1,1,1,1,1,1,1
8427,0,0,0,0,0,0,0,0,0,0,0,0,0,0,0,0,0,0,0,0,0
8428,4,3,3,2,2,3,3,4,4,3,3,2,3,3,4,4,3,2,2,3,3
8429,8,7,6,6,5,4,5,6,6,7,6,5,5,5,7,7,7,7,6,5,6
8430,2,1,1,1,1,1,1,1,1,1,1,1,1,1,1,1,1,1,1,1,1
8431,0,0,0,0,0,0,0,0,0,0,0,0,0,0,0,0,0,0,0,0,0
8432,0,0,0,0,0,0,0,0,0,0,0,0,0,0,0,0,0,0,0,0,0
8433,0,0,0,0,0,0,0,0,0,0,0,0,0,0,0,0,0,0,0,0,0
8434,0,0,0,0,0,0,0,0,0,0,0,0,0,0,0,0,0,0,0,0,0
8435,2,2,2,1,1,2,1,2,2,2,1,1,1,1,2,2,2,1,1,1,1
8436,3,2,2,2,2,2,2,2,2,2,2,2,2,2,2,2,2,2,2,2,2
8437,0,0,0,0,0,0,0,0,0,0,0,0,0,0,0,0,0,0,0,0,0
8438,0,0,0,0,0,0,0,0,0,1,0,0,0,1,1,1,1,1,1,0,1
8439,1,1,1,1,1,0,0,0,1,1,1,1,1,1,1,1,1,1,1,0,0
8440,0,0,0,0,0,0,0,0,0,0,0,0,0,0,0,0,0,0,0,0,0
8441,0,0,0,0,0,0,0,0,0,0,0,0,0,0,0,0,0,0,0,0,0
8442,1,1,1,1,1,1,1,1,1,1,1,1,1,1,1,1,1,1,1,1,1
8443,0,0,0,0,0,0,0,0,0,0,0,0,0,0,0,0,0,0,0,0,0
8444,0,0,0,0,0,0,0,0,0,0,0,0,0,0,0,0,0,0,0,0,0
8445,3,8,11,13,9,4,3,3,8,11,13,9,4,3,3,8,11,13,9,4,3
8446,0,0,0,0,0,0,0,0,0,0,0,0,0,0,0,0,0,0,0,0,0
8447,2,2,2,2,2,2,2,2,2,2,2,2,2,2,2,2,2,2,2,2,2
8448,0,1,1,1,0,0,0,1,1,1,1,0,0,0,1,1,1,1,0,0,0
8449,4,5,5,5,3,2,2,3,5,5,5,3,1,2,3,5,5,5,3,1,2
8450,0,0,0,0,0,0,0,0,0,0,0,0,0,0,0,0,0,0,0,0,0
8451,2,2,2,2,1,1,2,2,2,2,2,1,1,2,2,2,2,2,2,1,2
8452,0,0,0,0,0,0,0,0,0,0,0,0,0,0,0,0,0,0,0,0,0
8453,6,6,6,5,5,5,5,5,5,5,5,5,5,5,5,5,6,5,5,5,5
8454,0,0,0,0,1,1,1,1,0,0,0,1,1,1,0,0,0,0,1,1,1
8455,0,0,0,0,0,0,0,0,0,0,0,0,0,0,0,0,0,0,0,0,0
8456,0,0,0,0,0,0,0,0,0,0,0,0,0,0,0,0,0,0,0,0,0
8457,0,0,0,0,0,0,0,0,0,0,0,0,0,0,0,0,0,0,0,0,0
8458,0,0,0,0,0,0,0,0,0,0,0,0,0,0,0,0,0,0,0,0,0
8459,1,1,1,2,2,1,1,1,1,1,2,2,1,1,1,1,1,2,2,1,1
8460,12,12,13,13,11,10,9,12,12,14,13,11,9,9,12,12,14,13,11,10,10
8461,17,19,22,20,17,14,14,17,19,22,20,17,14,14,16,18,22,20,17,14,14
8462,0,0,0,0,0,0,0,0,0,0,0,0,0,0,0,0,0,0,0,0,0
8463,30,30,31,29,26,24,24,32,35,35,28,22,20,21,28,32,30,25,21,20,20
8464,1,1,1,0,0,0,1,1,1,1,1,0,0,1,1,1,1,0,0,0,1
8465,6,6,10,7,5,5,5,6,6,9,6,5,4,5,6,6,9,6,5,4,4
8466,6,8,9,9,6,5,6,6,8,9,9,6,5,6,6,8,9,9,6,5,6
8467,0,0,0,0,0,0,0,0,0,0,0,0,0,0,0,0,0,0,0,0,0
8468,0,0,0,0,0,0,0,0,0,0,0,0,0,0,0,0,0,0,0,0,0
8469,0,0,1,1,0,0,0,0,1,1,1,0,0,0,0,1,1,0,0,0,0
8470,5,4,4,3,3,3,3,3,4,4,3,3,3,3,4,4,4,3,3,3,3
8471,0,0,1,0,0,0,0,0,0,1,0,0,0,0,0,0,1,1,0,0,0
8472,1,1,1,1,1,1,1,1,1,1,1,1,1,1,1,1,1,1,1,1,1
8473,0,0,0,0,0,0,0,0,0,0,0,0,0,0,0,0,0,0,0,0,0
8474,0,0,0,0,0,0,0,0,0,0,0,0,0,0,0,0,0,0,0,0,0
8475,0,0,0,0,0,0,0,0,0,0,0,0,0,0,0,0,0,0,0,0,0
8476,0,0,0,0,0,0,0,0,0,0,0,0,0,0,0,0,0,0,0,0,0
8477,0,0,0,0,0,0,0,0,0,0,0,0,0,0,0,0,0,0,0,0,0
8478,0,0,0,0,0,0,0,0,0,0,0,0,0,0,0,0,0,0,0,0,0
8479,0,0,0,0,0,0,0,0,0,0,0,0,0,0,0,0,0,0,0,0,0
8480,0,0,0,0,0,0,0,0,0,0,0,0,0,0,0,0,0,0,0,0,0
8481,0,0,0,0,0,0,0,0,0,0,0,0,0,0,0,0,0,0,0,0,0
8482,1,1,0,1,0,1,0,1,1,0,1,0,1,0,1,1,0,1,0,1,0
8483,0,0,0,0,0,0,0,0,0,0,0,0,0,0,0,0,0,0,0,0,0
8484,0,0,0,0,0,0,0,0,0,0,0,0,0,0,0,0,0,0,0,0,0
8485,0,1,1,1,1,1,0,0,1,1,1,1,1,0,0,1,1,1,1,1,0
8486,1,1,1,1,1,1,1,1,1,1,1,1,1,1,1,1,1,1,1,1,1
8487,0,0,0,0,0,0,0,0,0,0,0,0,0,0,0,0,0,0,0,0,0
8488,0,0,0,0,0,0,0,0,0,0,0,0,0,0,0,0,0,0,0,0,0
8489,0,0,0,1,0,0,0,0,0,0,1,0,0,0,0,0,0,0,0,0,0
8490,0,0,0,0,0,0,0,0,0,0,0,0,0,0,0,0,0,0,0,0,0
8491,0,0,0,0,0,0,0,0,0,0,0,0,0,0,0,0,0,0,0,0,0
8492,0,0,0,0,0,0,0,0,0,0,0,0,0,0,0,0,0,0,0,0,0
8493,0,0,0,0,0,0,0,0,0,0,0,0,0,0,0,0,0,0,0,0,0
8494,0,0,0,0,0,0,0,0,0,0,0,0,0,0,0,0,0,0,0,0,0
8495,0,0,0,0,0,0,0,0,0,0,0,0,0,0,0,0,0,0,0,0,0
8496,16,19,20,20,19,18,16,16,19,20,20,19,18,16,16,19,20,20,19,18,16
8497,6,10,11,9,7,7,6,6,10,11,9,7,7,6,6,10,11,9,7,7,6
8498,4,4,7,9,7,4,4,4,4,7,9,7,4,4,4,4,7,9,7,4,4
8499,12,15,17,18,16,12,8,12,15,17,18,16,12,8,12,15,17,18,16,12,8
8500,0,0,0,0,0,0,0,0,0,0,0,0,0,0,0,0,0,0,0,0,0
8501,0,0,0,0,0,0,0,0,0,0,0,0,0,0,0,0,0,0,0,0,0
8502,0,0,0,0,0,0,0,0,0,0,0,0,0,0,0,0,0,0,0,0,0
8503,0,0,0,0,0,0,0,0,0,0,0,0,0,0,0,0,0,0,0,0,0
8504,0,0,0,0,0,0,0,0,0,0,0,0,0,0,0,0,0,0,0,0,0
8505,0,0,0,0,0,0,0,0,0,0,0,0,0,0,0,0,0,0,0,0,0
8506,8,7,7,8,9,9,9,10,10,10,11,11,10,10,11,10,10,10,10,10,10
8507,1,1,2,2,1,1,1,1,1,2,2,1,1,1,1,1,2,2,1,1,1
8508,1,0,0,0,1,1,0,1,0,0,0,1,1,0,1,0,0,0,1,1,0
8509,0,0,0,0,0,0,0,0,0,0,0,0,0,0,0,0,0,0,0,0,0
8510,0,1,0,0,0,0,0,1,0,0,0,0,0,1,1,1,0,0,0,0,0
8511,8,9,9,8,8,8,8,9,9,8,7,7,6,6,6,6,5,4,4,5,5
8512,0,0,0,0,0,0,0,0,0,0,0,0,0,0,0,0,0,0,0,0,0
8513,0,0,0,0,0,0,0,0,0,0,0,0,0,0,0,0,0,0,0,0,0
8514,3,3,3,2,2,2,2,2,2,2,2,2,1,2,2,2,2,2,2,1,2
8515,2,2,3,1,1,1,1,2,2,3,1,1,1,1,2,2,3,1,1,1,1
8516,2,3,2,3,2,2,2,2,3,2,2,2,2,1,2,3,2,2,2,2,1
8517,11,15,13,13,10,8,8,11,14,12,13,10,8,8,11,14,12,13,10,8,8
8518,1,1,1,0,0,0,0,1,1,1,0,0,0,0,1,1,1,0,0,0,0
8519,1,1,1,1,1,0,1,1,1,1,1,1,0,1,1,1,1,1,1,0,1
8520,1,1,1,1,1,1,1,1,1,1,1,1,1,1,1,1,1,1,1,1,1
8521,4,4,4,4,3,3,3,3,4,4,4,3,2,3,3,4,4,4,3,2,3
8522,6,7,7,7,7,7,7,7,8,8,7,8,7,7,8,8,8,7,8,7,7
8523,4,4,3,4,3,3,3,3,3,3,3,3,3,3,3,3,3,3,3,3,3
8524,4,5,5,5,4,3,4,4,5,5,5,4,3,4,4,5,5,5,4,3,4
8525,18,18,18,15,12,12,13,18,18,18,15,12,12,13,18,18,18,15,12,12,13
8526,3,4,3,3,4,4,2,3,4,4,3,4,4,2,3,4,4,3,4,4,3
8527,4,5,4,5,4,4,6,5,5,4,5,4,4,6,5,5,5,5,4,4,6
8528,35,39,41,40,34,26,31,40,44,43,40,34,27,27,30,31,31,29,24,19,25
8529,63,69,74,65,50,45,52,63,69,74,66,50,46,52,63,70,75,66,50,46,53
8530,452,523,526,514,445,390,339,442,521,526,513,441,389,342,434,496,499,492,433,398,347
8531,349,376,376,383,350,334,281,321,380,397,404,358,341,292,329,382,374,371,338,343,277
8532,23,24,22,20,18,17,19,23,25,23,20,17,16,17,19,19,17,15,12,13,15
8533,40,46,44,40,36,35,37,43,47,44,37,32,31,31,33,35,32,27,24,26,29
8534,0,0,0,0,0,0,0,0,0,0,0,0,0,0,0,0,0,0,0,0,0
8535,11,11,10,15,14,11,8,11,11,10,15,14,11,8,11,12,10,15,14,11,9
8536,36,35,44,52,51,41,34,36,36,44,53,52,41,34,37,37,45,52,52,42,34
8537,27,30,29,27,27,25,25,31,36,35,32,31,29,28,30,32,30,28,27,27,26
8538,0,0,0,0,0,0,0,0,0,0,0,0,0,0,0,0,0,0,0,0,0
8539,5,5,5,5,5,4,5,5,5,5,5,5,4,5,5,5,5,5,5,4,5
8540,41,46,46,42,37,34,34,42,46,45,39,33,32,31,34,34,33,27,23,23,26
8541,95,103,106,92,84,76,81,93,103,105,90,81,74,77,83,91,96,82,75,72,75
8542,2,3,3,2,2,2,2,3,3,3,2,2,2,2,2,3,2,2,2,2,2
8543,6,5,4,4,3,3,3,4,4,4,3,3,3,3,4,4,3,3,3,2,3
8544,4,4,4,4,4,4,4,4,4,4,4,4,4,4,4,4,4,4,4,4,4
8545,6,6,7,6,5,4,4,6,6,7,6,4,4,4,6,6,7,6,5,4,4
8546,12,13,13,11,12,10,10,12,13,12,11,12,10,10,12,13,13,11,12,10,10
8547,17,20,21,18,16,13,13,17,20,21,18,16,13,13,17,20,21,18,16,13,13
8548,2,2,1,1,1,1,1,2,1,1,1,1,1,1,2,2,1,1,1,1,1
8549,55,62,62,54,47,44,45,54,58,54,43,34,30,32,43,54,55,47,40,37,37
8550,58,64,64,62,59,52,57,63,68,65,60,57,50,55,61,66,63,59,56,49,53
8551,40,50,53,41,36,32,30,40,50,53,41,36,32,30,40,50,53,41,36,32,30
8552,74,71,72,62,59,55,59,76,76,77,64,57,53,56,65,60,62,52,48,48,52
8553,77,77,80,56,55,52,56,78,78,79,55,54,51,55,77,77,78,53,52,50,54
8554,18,17,14,14,12,14,14,18,17,13,14,12,14,14,18,17,14,14,12,14,14
8555,0,0,0,0,0,0,0,0,0,0,0,0,0,0,0,0,0,0,0,0,0
8556,1,1,1,1,1,1,1,1,1,1,1,1,1,1,1,1,1,1,1,1,1
8557,6,10,7,4,4,5,10,6,10,7,4,4,5,10,6,10,7,4,4,5,10
8558,19,17,19,18,17,15,16,20,24,29,28,25,22,22,23,23,24,20,18,16,16
8559,0,1,1,1,1,1,1,0,1,1,1,1,1,1,0,1,1,1,1,1,1
8560,2,2,2,2,2,2,2,2,3,3,2,2,2,2,2,3,2,2,2,2,1
8561,1,1,1,1,1,1,1,1,1,1,1,0,1,1,1,1,1,1,0,1,1
8562,0,0,0,0,0,0,0,0,0,0,0,0,0,0,0,0,0,0,0,0,0
8563,0,2,2,2,1,1,0,0,2,2,2,1,1,0,0,2,2,2,1,1,0
8564,2,3,3,2,2,2,2,3,3,3,2,2,2,2,2,3,3,2,2,2,2
8565,6,7,7,4,3,3,4,6,7,7,4,3,3,4,6,7,7,4,3,3,4
8566,4,4,5,5,4,4,5,4,4,5,5,4,4,5,4,4,5,5,4,4,5
8567,8,7,6,6,6,5,5,5,6,6,5,4,4,4,4,4,4,4,3,3,4
8568,1,1,1,1,1,1,1,1,1,2,1,1,1,1,2,2,2,2,2,1,1
8569,3,4,4,3,3,2,2,3,4,4,3,3,2,2,3,4,4,3,3,2,2
8570,10,11,10,10,9,9,8,10,11,10,10,9,9,8,10,11,10,10,9,9,8
8571,1,1,1,1,1,0,0,1,1,1,1,1,0,0,1,1,1,1,1,0,1
8572,0,0,0,0,0,0,0,0,0,0,0,0,0,0,0,0,0,0,0,0,0
8573,19,18,19,17,18,17,16,20,18,19,17,18,17,17,20,18,19,17,17,16,16
8574,0,0,0,0,0,0,0,0,0,0,0,0,0,0,0,0,0,0,0,0,0
8575,1,1,1,1,0,0,0,1,1,1,1,0,0,0,1,1,1,1,0,0,0
8576,4,4,5,4,3,3,3,4,4,5,4,3,3,3,4,4,5,4,3,3,3
8577,0,0,0,0,0,0,0,0,0,0,0,0,0,0,0,0,0,0,0,0,0
8578,0,0,0,0,0,0,0,0,0,0,0,0,0,0,0,0,0,0,0,0,0
8579,1,1,1,1,1,1,1,1,1,1,1,1,1,1,1,1,1,1,1,1,1
8580,14,16,16,14,12,12,12,15,16,16,14,12,12,12,15,17,16,14,12,12,12
8581,13,15,15,12,11,10,12,15,17,16,12,11,10,11,14,16,15,12,10,10,11
8582,5,5,5,4,4,3,3,4,4,4,4,3,3,3,3,4,4,3,3,3,3
8583,1,1,1,1,1,1,1,1,1,1,1,1,1,1,1,1,1,1,1,1,1
8584,0,0,0,0,0,0,0,0,0,0,0,0,0,0,0,0,0,0,0,0,0
8585,1,2,2,1,1,1,1,2,2,2,1,1,1,1,1,2,2,1,1,1,1
8586,0,0,0,0,0,0,0,0,0,0,0,0,0,0,0,0,0,0,0,0,0
8587,1,1,1,0,0,1,0,1,1,1,0,0,1,0,1,1,1,0,0,1,0
8588,0,2,2,2,1,0,0,0,2,2,2,1,0,0,0,2,2,2,1,0,0
8589,5,6,6,4,3,3,4,5,6,6,4,3,3,4,5,6,6,4,3,3,4
8590,0,0,0,0,0,0,0,0,0,0,0,0,0,0,0,0,0,0,0,0,0
8591,0,0,0,0,0,0,0,0,0,0,0,0,0,0,0,0,0,0,0,0,0
8592,0,0,0,0,0,0,0,0,0,0,0,0,0,0,0,0,0,0,0,0,0
8593,0,0,0,0,0,0,0,0,0,0,0,0,0,0,0,0,0,0,0,0,0
8594,1,1,1,0,0,0,0,1,1,1,0,0,0,0,1,1,1,0,0,0,0
8595,0,0,0,0,0,0,0,0,0,0,0,0,0,0,0,0,0,0,0,0,0
8596,0,0,0,0,0,0,0,0,0,0,0,0,0,0,0,0,0,0,0,0,0
8597,0,0,0,0,0,0,0,0,0,0,0,0,0,0,0,0,0,0,0,0,0
8598,2,2,1,1,1,1,1,1,1,1,1,1,1,1,1,1,1,1,1,1,1
8599,0,0,0,0,0,0,0,0,0,0,0,0,0,0,0,0,0,0,0,0,0
8600,19,18,20,20,19,17,19,20,19,21,18,17,19,21,13,6,6,5,5,5,7
8601,0,0,0,0,0,0,0,0,0,0,0,0,0,0,0,0,0,0,0,0,0
8602,0,0,0,0,0,0,0,0,0,0,0,0,0,0,0,0,0,0,0,0,0
8603,0,0,0,0,0,0,0,0,0,0,0,0,0,0,0,0,0,0,0,0,0
8604,0,1,0,0,0,0,0,0,1,0,0,0,0,0,0,1,0,0,0,0,0
8605,0,0,1,1,1,0,0,0,0,1,1,1,0,0,0,0,1,1,1,0,0
8606,0,1,0,0,0,0,0,0,1,0,0,0,0,0,0,1,0,0,0,0,0
8607,0,0,0,0,0,0,0,0,0,0,0,0,0,0,0,0,0,0,0,0,0
8608,0,0,0,0,0,0,0,0,0,0,0,0,0,0,0,0,0,0,0,0,0
8609,2,2,1,1,1,1,1,2,1,1,1,1,1,1,2,2,2,1,1,1,1
8610,0,0,0,0,2,0,0,0,0,0,0,2,0,0,0,0,0,0,2,0,0
8611,1,0,0,0,0,0,0,1,0,0,0,0,0,0,1,0,0,0,0,0,0
8612,1,0,0,0,0,0,0,1,0,0,0,0,0,0,1,0,0,0,0,0,0
8613,0,0,0,0,0,0,0,0,0,0,0,0,0,0,0,0,0,0,0,0,0
8614,0,0,0,0,0,0,0,0,0,0,0,0,0,0,0,0,0,0,0,0,0
8615,0,0,0,0,0,0,0,0,0,0,0,0,0,0,0,0,0,0,0,0,0
8616,0,0,0,0,0,0,0,0,0,0,0,0,0,0,0,0,0,0,0,0,0
8617,0,0,0,0,0,0,0,0,0,0,0,0,0,0,0,0,0,0,0,0,0
8618,0,0,0,0,0,0,0,0,0,0,0,0,0,0,0,0,0,0,0,0,0
8619,0,0,0,0,0,0,0,0,0,0,0,0,0,0,0,0,0,0,0,0,0
8620,0,0,0,0,0,0,0,0,0,0,0,0,0,0,0,0,0,0,0,0,0
8621,0,0,0,0,0,0,0,0,0,0,0,0,0,0,0,0,0,0,0,0,0
8622,0,0,0,0,0,0,0,0,0,0,0,0,0,0,0,0,0,0,0,0,0
8623,0,0,0,0,0,0,0,0,0,0,0,0,0,0,0,0,0,0,0,0,0
8624,0,0,0,0,0,0,0,0,0,0,0,0,0,0,0,0,0,0,0,0,0
8625,0,0,0,0,0,0,0,0,0,0,0,0,0,0,0,0,0,0,0,0,0
8626,0,0,0,0,0,0,0,0,0,0,0,0,0,0,0,0,0,0,0,0,0
8627,2,3,4,5,4,4,4,4,4,4,4,3,3,3,3,3,3,2,2,2,2
8628,137,155,165,155,141,114,113,137,162,179,163,140,112,117,142,154,163,144,126,106,112
8629,96,137,151,134,84,89,92,96,137,151,134,84,89,92,96,137,151,134,84,89,92
8630,0,0,0,0,0,0,0,0,0,0,0,0,0,0,0,0,0,0,0,0,0
8631,17,21,22,20,21,20,19,17,21,22,20,21,20,19,17,21,22,20,21,20,19
8632,10,12,16,16,14,10,9,10,12,16,16,14,10,9,10,12,16,16,14,10,9
8633,4,5,5,5,5,4,4,4,5,5,5,5,4,4,4,5,5,5,5,4,4
8634,11,5,7,7,4,8,8,11,5,7,7,4,8,8,11,5,7,7,4,8,8
8635,0,0,0,0,0,0,0,0,0,0,0,0,0,0,0,0,0,0,0,0,0
8636,1,1,1,1,1,1,1,1,1,1,1,1,1,1,1,1,1,1,1,1,1
8637,128,133,133,124,110,92,101,146,160,161,147,129,110,117,155,162,151,134,118,105,111
8638,1,1,1,1,1,1,1,1,1,1,1,1,1,1,1,1,1,1,1,1,1
8639,9,10,11,8,8,8,8,9,10,11,8,8,7,8,9,10,11,8,8,7,8
8640,1,1,1,1,1,1,1,1,1,1,1,1,1,1,1,1,1,1,0,0,1
8641,0,0,0,0,0,0,0,0,0,0,0,0,0,0,0,0,0,0,0,0,0
8642,10,9,9,8,6,4,5,6,9,13,16,19,21,19,10,5,5,5,5,7,8
8643,0,0,0,0,0,0,0,0,0,0,0,0,0,0,0,0,0,0,0,0,0
8644,0,0,0,0,0,0,0,0,0,0,0,0,0,0,0,0,0,0,0,0,0
8645,0,0,0,0,0,0,0,0,0,0,0,0,0,0,0,0,0,0,0,0,0
8646,6,6,6,6,5,4,4,5,6,6,6,5,4,4,5,6,6,6,5,4,5
8647,2,2,2,1,1,1,1,1,1,1,1,1,1,1,2,1,1,1,1,1,1
8648,12,22,25,20,10,10,9,12,22,24,19,10,9,9,12,21,24,19,10,9,9
8649,94,112,109,100,83,74,74,94,116,112,97,73,64,70,87,101,99,91,75,70,71
8650,24,20,23,21,19,21,21,24,21,23,21,19,21,21,25,21,24,21,19,21,21
8651,91,97,94,92,87,77,82,99,108,100,93,85,78,87,97,100,94,89,83,79,77
8652,1,1,1,1,1,1,1,1,1,1,1,1,1,1,1,1,1,1,1,1,1
8653,9,9,8,8,8,8,8,9,9,8,8,8,8,8,9,9,8,8,8,8,8
8654,1,1,1,1,1,1,1,1,1,1,1,1,1,1,1,1,1,1,1,1,1
8655,3,3,4,3,2,3,2,3,3,4,3,3,3,2,3,3,4,3,2,3,2
8656,1,2,2,1,1,1,1,1,2,2,1,1,1,1,1,2,2,1,1,1,1
8657,1,1,1,1,1,1,1,1,1,1,1,1,1,1,1,1,1,1,1,1,1
8658,0,0,0,0,0,0,0,0,0,0,0,0,0,0,0,0,0,0,0,0,0
8659,1,1,1,1,1,1,1,1,1,1,1,1,1,1,1,1,1,1,1,1,1
8660,2,2,2,2,2,2,1,2,2,2,2,2,2,1,2,2,2,2,2,2,1
8661,0,0,0,0,0,0,0,0,0,0,0,0,0,0,0,0,0,0,0,0,0
8662,0,1,0,0,0,0,0,0,1,0,0,0,0,0,0,1,0,0,0,0,0
8663,0,0,0,0,0,0,0,0,0,0,0,0,0,0,0,0,0,0,0,0,0
8664,0,0,0,0,0,0,0,0,0,0,0,0,0,0,0,0,0,0,0,0,0
8665,0,0,0,0,0,0,0,0,0,0,0,0,0,0,0,0,0,0,0,0,0
8666,0,0,0,0,0,0,0,0,0,0,0,0,0,0,0,0,0,0,0,0,0
8667,0,0,0,0,0,0,0,0,0,0,0,0,0,0,0,0,0,0,0,0,0
8668,0,0,0,0,0,0,0,0,0,0,0,0,0,0,0,0,0,0,0,0,0
8669,0,0,0,0,0,0,0,0,0,0,0,0,0,0,0,0,0,0,0,0,0
8670,0,0,0,0,0,0,0,0,0,0,0,0,0,0,0,0,0,0,0,0,0
8671,0,0,0,0,0,0,0,0,0,0,0,0,0,0,0,0,0,0,0,0,0
8672,0,0,0,0,0,0,0,0,0,0,0,0,0,0,0,0,0,0,0,0,0
8673,0,0,0,0,0,0,0,0,0,0,0,0,0,0,0,0,0,0,0,0,0
8674,1,1,1,1,0,0,0,1,1,1,1,1,0,0,1,1,1,1,1,0,0
8675,0,0,0,0,0,0,0,0,0,0,0,0,0,0,0,0,0,0,0,0,0
8676,0,0,0,0,0,0,0,0,0,0,0,0,0,0,0,0,0,0,0,0,0
8677,45,53,52,43,38,34,38,45,53,51,43,37,34,38,45,53,51,43,37,34,38
8678,30,35,31,24,20,24,23,30,35,31,24,20,24,23,30,35,31,24,20,24,23
8679,4,5,6,5,4,4,4,4,5,6,5,4,4,4,4,5,6,5,4,4,4
8680,8,8,8,7,7,6,6,8,8,8,7,7,6,6,8,8,8,7,7,6,6
8681,72,82,89,86,73,62,62,71,81,89,87,74,62,62,71,82,89,87,74,62,62
8682,3,3,3,4,4,4,3,3,3,2,4,4,4,3,3,3,2,4,4,4,3
8683,1,1,1,1,1,1,1,1,1,1,1,1,1,1,1,1,1,1,1,1,1
8684,1,1,1,1,1,0,1,1,1,1,1,1,0,1,1,1,1,1,1,0,1
8685,5,5,5,4,3,3,4,6,6,5,4,3,3,4,6,6,5,4,3,3,4
8686,2,4,4,2,1,1,1,2,4,4,2,1,1,1,2,4,4,2,1,1,1
8687,9,13,14,12,10,8,8,10,13,14,12,10,8,8,9,13,14,12,10,8,8
8688,1,1,1,1,1,1,1,1,2,1,1,1,1,1,1,2,1,1,1,1,1
8689,4,5,6,4,3,3,3,4,5,5,4,3,3,3,4,5,5,4,3,3,3
8690,24,25,23,21,21,20,22,27,30,27,22,21,20,22,24,25,23,20,19,19,20
8691,1,0,1,1,1,1,0,1,0,1,1,1,0,0,0,0,1,1,0,0,0
8692,4,4,3,3,2,2,3,3,3,3,3,2,2,3,3,3,3,2,2,2,2
8693,0,0,0,0,0,0,0,0,1,1,0,0,0,0,1,1,1,0,0,0,1
8694,14,20,22,24,19,15,13,14,20,22,24,19,15,13,14,20,22,24,19,15,13
8695,21,20,18,17,15,14,15,22,29,30,28,24,22,22,22,22,22,20,19,20,19
8696,53,64,63,59,54,52,52,63,83,80,68,56,52,54,60,72,68,58,50,50,44
8697,1,1,1,1,1,1,0,1,1,1,1,1,1,0,1,1,1,1,1,1,0
8698,8,11,11,12,10,7,7,8,11,11,12,10,7,7,8,11,11,12,10,7,7
8699,13,14,13,13,12,11,12,14,17,17,15,12,11,11,13,14,14,12,10,9,10
8700,208,228,209,227,229,215,203,211,241,224,237,230,216,213,203,208,187,201,200,198,199
8701,44,56,59,51,43,36,35,44,56,59,51,43,36,35,44,56,59,51,43,36,35
8702,809,887,994,934,799,693,636,825,926,1039,967,826,730,665,807,853,947,884,757,674,614
8703,2,2,2,2,2,2,2,2,2,2,2,2,2,2,2,2,2,2,2,2,2
8704,172,219,229,230,212,181,167,206,283,285,271,236,209,210,222,271,281,277,255,244,204
8705,20,22,22,22,18,15,15,20,22,22,23,19,16,16,20,23,23,23,19,15,16
8706,31,31,35,38,33,26,26,31,36,43,45,39,31,31,33,36,41,43,39,31,30
8707,815,900,1007,943,799,690,625,820,942,1063,992,836,731,685,877,962,1033,942,800,722,644
8708,772,848,946,877,748,652,580,749,836,957,917,810,692,575,714,798,929,906,811,714,610
8709,1,1,1,1,1,1,1,1,1,1,1,1,1,1,1,1,1,1,1,1,1
8710,20,19,19,22,22,19,19,20,19,19,22,21,19,19,20,18,19,22,21,19,19
8711,6,6,5,6,5,5,4,5,5,5,6,5,5,4,5,6,5,6,5,6,5
8712,16,15,14,15,13,11,12,14,15,14,16,14,11,12,14,14,14,16,14,11,12
8713,1,1,1,1,1,1,1,1,1,1,1,1,1,1,1,1,1,1,1,1,1
8714,7,7,8,7,8,7,6,7,7,8,7,8,7,6,7,7,8,7,8,7,6
8715,1,1,1,1,1,1,1,1,1,1,1,1,1,1,1,1,1,1,1,1,1
8716,13,15,15,15,14,14,14,18,21,20,18,15,14,15,16,17,16,15,14,16,14
8717,1,1,1,0,0,0,1,1,1,1,0,0,0,1,1,1,1,1,1,1,1
8718,16,19,21,19,19,18,20,26,30,30,24,20,19,19,19,17,16,13,13,14,15
8719,59,56,56,52,52,50,53,64,65,64,56,50,48,55,63,57,57,50,43,44,48
8720,1,1,1,1,0,0,1,1,1,1,1,1,1,1,1,1,1,1,0,0,0
8721,0,0,0,0,0,0,0,0,0,0,0,0,0,0,0,0,0,0,0,0,0
8722,0,0,0,0,0,0,0,0,0,0,0,0,0,0,0,0,0,0,0,0,0
8723,0,0,0,0,0,0,0,0,0,0,0,0,0,0,0,0,0,0,0,0,0
8724,0,0,0,0,0,0,0,0,0,0,0,0,0,0,0,0,0,0,0,0,0
8725,0,0,0,0,0,0,0,0,0,0,0,0,0,0,0,0,0,0,0,0,0
8726,0,1,1,1,1,1,1,1,1,1,1,1,1,1,1,1,1,1,1,1,0
8727,0,0,0,0,0,0,0,0,0,0,0,0,0,0,0,0,0,0,0,0,0
8728,0,0,0,0,0,0,0,0,0,0,0,0,0,0,0,0,0,0,0,0,0
8729,4,3,3,3,3,2,3,4,4,3,3,3,2,2,3,3,3,3,3,2,2
8730,1,1,1,1,1,1,1,1,1,1,1,1,1,1,1,2,2,1,1,1,1
8731,0,0,0,0,0,0,0,0,0,0,0,0,0,0,0,0,0,0,0,0,0
8732,0,0,0,0,0,0,0,0,0,0,0,0,0,0,0,0,0,0,0,0,0
8733,63,46,31,25,21,21,36,65,81,42,12,4,5,24,79,73,55,38,33,42,57
8734,12,12,11,11,11,10,12,15,18,19,18,15,14,16,16,14,14,13,11,12,13
8735,0,0,0,0,0,0,0,0,0,0,0,0,0,0,0,0,0,0,0,0,0
8736,1,0,0,0,0,0,0,0,0,0,0,0,0,0,0,0,0,0,0,0,0
8737,2,3,3,3,2,2,2,2,3,3,3,2,2,2,2,3,3,3,2,2,2
8738,1,1,1,1,1,1,1,1,1,1,1,1,1,1,1,1,1,1,1,1,1
8739,2,2,2,2,2,2,2,2,2,2,2,2,2,2,2,2,3,2,2,2,2
8740,0,0,0,0,0,0,0,0,0,0,0,0,0,0,0,0,0,0,0,0,0
8741,0,0,0,0,0,0,0,0,0,0,0,0,0,0,0,0,0,0,0,0,0
8742,0,0,0,0,0,0,0,0,0,0,0,0,0,0,0,0,0,0,0,0,0
8743,1,1,1,1,1,1,1,1,1,1,1,1,1,1,1,1,1,1,1,1,1
8744,0,0,0,0,0,0,0,0,0,0,0,0,0,0,0,0,0,0,0,0,0
8745,4,6,6,5,4,5,5,5,6,6,6,4,4,5,5,6,6,6,5,5,5
8746,0,0,0,0,0,0,0,0,0,0,0,0,0,0,0,0,0,0,0,0,0
8747,0,0,1,1,1,1,0,0,0,1,1,1,1,0,0,0,1,1,1,1,0
8748,1,0,0,1,1,1,1,1,0,0,1,1,1,1,1,0,0,1,1,1,1
8749,0,0,0,0,0,0,0,0,0,0,0,0,0,0,0,0,0,0,0,0,0
8750,0,0,0,0,0,0,0,0,0,0,0,0,0,0,0,0,0,0,0,0,0
8751,0,0,0,0,0,0,0,0,0,0,0,0,0,0,0,0,0,0,0,0,0
8752,0,0,0,0,0,0,0,0,0,0,0,0,0,0,0,0,0,0,0,0,0
8753,0,0,0,0,0,0,0,0,0,0,0,0,0,0,0,0,0,0,0,0,0
8754,0,0,0,0,0,0,0,0,0,0,0,0,0,0,0,0,0,0,0,0,0
8755,0,0,0,0,0,0,0,0,0,0,0,0,0,0,0,0,0,0,0,0,0
8756,0,0,0,0,0,0,0,0,0,0,0,0,0,0,0,0,0,0,0,0,0
8757,1,2,2,2,2,1,1,2,2,2,2,2,1,2,2,2,2,2,2,1,1
8758,1,1,2,2,2,1,1,1,1,2,2,1,1,1,1,1,2,2,1,1,1
8759,1,1,1,1,1,1,0,1,1,1,1,1,1,0,1,1,1,1,1,1,0
8760,1,1,1,1,1,0,0,1,1,1,1,1,0,0,1,1,1,1,1,0,0
8761,1,1,1,1,2,1,1,1,1,1,1,2,1,1,1,1,1,1,2,1,1
8762,2,2,2,1,2,1,2,2,2,2,1,2,1,2,2,2,2,1,2,1,2
8763,2,2,1,1,1,1,1,1,1,1,1,0,1,1,1,1,1,1,0,1,1
8764,0,0,0,0,0,0,0,0,0,0,0,0,0,0,0,0,0,0,0,0,0
8765,0,0,0,0,0,0,0,0,0,0,0,0,0,0,0,0,0,0,0,0,0
8766,0,0,0,0,0,0,0,0,0,0,0,0,0,0,0,0,0,0,0,0,0
8767,1,1,1,1,1,1,1,1,1,1,1,1,1,1,1,1,1,1,1,1,1
8768,0,0,0,0,0,0,0,0,0,0,0,0,0,0,0,0,0,0,0,0,0
8769,0,3,0,0,0,0,2,0,3,0,0,0,0,2,0,3,0,0,0,0,2
8770,0,0,0,0,0,0,0,0,0,0,0,0,0,0,0,0,0,0,0,0,0
8771,3,4,5,6,5,5,6,9,11,14,13,11,11,12,12,8,5,3,2,3,4
8772,0,0,0,0,0,0,0,0,0,0,0,0,0,0,0,0,0,0,0,0,0
8773,0,1,1,0,1,0,0,0,1,1,0,1,0,0,0,1,1,0,1,0,0
8774,19,20,20,18,17,14,15,18,20,20,19,18,15,16,20,22,22,20,20,17,18
8775,0,0,0,0,0,0,0,0,0,0,0,0,0,0,0,0,0,0,0,0,0
8776,0,0,0,0,0,0,0,0,0,0,0,0,0,0,0,0,0,0,0,0,0
8777,0,0,0,0,0,0,0,0,0,0,0,0,0,0,0,0,0,0,0,0,0
8778,1,1,1,1,0,0,1,1,1,1,1,0,1,1,1,1,1,1,0,1,1
8779,1,1,1,1,1,1,1,1,1,1,1,1,1,1,1,1,1,1,1,1,1
8780,1,2,2,2,1,1,2,1,2,2,2,1,1,1,1,1,1,1,1,1,1
8781,1,2,2,2,2,1,1,1,2,2,2,2,1,1,1,2,2,2,2,1,1
8782,13,16,16,14,12,11,12,15,18,16,15,12,11,11,14,17,16,14,12,11,11
8783,1,1,1,1,1,0,1,1,1,1,1,1,0,1,1,1,1,1,1,0,1
8784,0,1,0,0,0,0,0,0,1,0,0,0,0,0,1,1,0,0,0,0,0
8785,0,0,1,0,0,0,0,0,0,1,0,0,0,0,0,0,1,0,0,0,0
8786,0,0,0,0,0,0,0,0,0,0,0,0,0,0,0,0,0,0,0,0,0
8787,11,12,10,8,7,9,10,12,13,11,9,7,9,9,11,12,10,8,6,9,9
8788,1,1,1,1,1,0,1,1,1,1,1,1,1,1,1,1,1,1,1,1,1
8789,16,17,18,16,14,12,12,15,17,19,17,15,12,13,16,18,19,17,15,13,13
8790,0,0,0,0,0,0,0,0,0,0,0,0,0,0,0,0,0,0,0,0,0
8791,21,25,25,23,19,18,18,21,25,25,22,19,18,18,21,25,25,22,19,18,18
8792,28,30,27,26,23,19,22,27,31,28,25,21,17,19,24,26,24,22,19,16,19
8793,2,2,3,2,2,2,2,2,2,3,2,2,2,2,2,2,3,3,2,2,2
8794,0,0,0,0,0,0,0,0,0,0,0,0,0,0,0,0,0,0,0,0,0
8795,2,2,2,1,1,1,2,2,2,2,1,1,1,2,2,2,2,1,1,2,2
8796,0,0,0,0,0,0,0,0,0,0,0,0,0,0,0,0,0,0,0,0,1
8797,0,0,0,0,0,0,0,0,0,0,0,0,0,0,0,0,0,0,0,0,0
8798,0,0,0,0,0,0,0,0,0,0,0,0,0,0,0,0,0,0,0,0,0
8799,0,0,0,0,0,0,0,0,0,0,0,0,0,0,0,0,0,0,0,0,0
8800,0,0,0,0,0,0,0,0,0,0,0,0,0,0,0,0,0,0,0,0,0
8801,0,0,1,1,1,1,1,1,1,1,1,1,1,1,0,0,0,0,0,0,0
8802,0,0,0,0,0,0,0,0,0,0,0,0,0,0,0,0,0,0,0,0,0
8803,0,0,0,0,0,0,0,0,0,0,0,0,0,0,0,0,0,0,0,0,0
8804,1,1,0,0,0,0,1,1,1,0,0,0,0,1,1,1,0,0,0,0,1
8805,0,0,0,0,0,0,0,0,0,0,0,0,0,0,0,0,0,0,0,0,0
8806,0,0,0,0,0,0,0,0,0,0,0,0,0,0,0,0,0,0,0,0,0
8807,0,0,0,0,0,0,0,0,0,0,0,0,0,0,0,0,0,0,0,0,0
8808,0,0,0,0,0,0,0,0,0,0,0,0,0,0,0,0,0,0,0,0,0
8809,1,1,1,1,1,1,1,1,1,1,1,1,1,1,1,1,1,1,1,1,1
8810,3,3,2,2,2,2,2,2,2,2,2,2,2,2,2,2,2,2,2,2,2
8811,2,2,2,2,2,1,2,2,2,2,2,1,1,1,2,2,2,2,1,1,1
8812,7,7,6,6,5,4,4,6,7,7,6,6,5,5,7,7,7,7,6,5,5
8813,0,0,0,0,0,0,1,1,1,1,1,0,0,1,1,1,1,0,0,0,0
8814,0,0,0,1,1,1,1,1,1,1,1,1,1,1,1,1,1,0,0,0,0
8815,0,0,0,0,0,0,0,0,0,0,0,0,0,0,0,0,0,0,0,0,0
8816,0,0,0,0,0,0,0,0,0,0,0,0,0,0,0,0,0,0,0,0,0
8817,14,13,11,10,10,10,11,13,14,14,12,10,11,11,12,11,11,9,8,9,9
8818,0,0,0,0,0,0,0,0,0,0,0,0,0,0,0,1,0,0,0,0,0
8819,0,0,0,0,0,0,0,0,0,0,0,0,0,0,0,0,0,0,0,0,0
8820,0,0,0,0,0,0,0,0,0,0,0,0,0,0,0,0,0,0,0,0,0
8821,5,5,4,4,4,3,3,4,4,4,3,3,3,3,3,3,3,3,2,3,3
8822,0,0,0,0,0,0,1,1,1,1,1,0,0,1,1,1,1,1,1,1,1
8823,1,1,1,1,1,1,1,1,1,1,1,1,1,1,1,1,1,1,1,1,1
8824,0,0,0,0,0,0,0,0,0,0,0,0,0,0,0,0,0,0,0,0,0
8825,0,0,0,0,0,0,0,0,0,0,0,0,0,0,0,0,0,0,0,0,0
8826,0,0,0,0,0,0,0,0,0,0,0,0,0,0,0,0,0,0,0,0,0
8827,61,68,72,69,64,56,57,66,70,68,61,55,48,49,61,70,73,69,65,58,58
8828,2,2,2,2,2,2,2,2,2,2,2,2,2,2,2,2,2,2,2,2,2
8829,0,0,0,0,0,0,0,0,0,0,0,0,0,0,0,0,0,0,0,0,0
8830,0,0,0,0,0,0,0,0,0,0,0,0,0,0,0,0,0,0,0,0,0
8831,17,20,20,20,17,16,14,18,21,20,20,17,16,14,19,21,20,20,17,16,13
8832,0,0,0,0,0,0,0,0,0,0,0,0,0,0,0,0,0,0,0,0,0
8833,8,10,9,8,7,6,6,7,9,9,8,7,6,6,8,10,9,8,7,6,6
8834,1,1,1,1,1,1,1,1,1,1,1,1,1,1,1,1,1,1,1,1,1
8835,2,2,2,2,2,2,2,2,3,2,2,2,2,2,2,3,2,2,2,2,2
8836,0,0,0,0,0,0,0,0,0,0,0,0,0,0,0,0,0,0,0,0,0
8837,0,0,0,0,0,0,0,0,0,0,0,0,0,0,0,0,0,0,0,0,0
8838,0,0,0,0,0,0,0,0,0,0,0,0,0,0,0,0,0,0,0,0,0
8839,0,0,0,0,0,0,0,0,0,0,0,0,0,0,0,0,0,0,0,0,0
8840,0,0,0,0,0,0,0,0,0,0,0,0,0,0,0,0,0,0,0,0,0
8841,0,0,0,0,0,0,0,0,0,0,0,0,0,0,0,0,0,0,0,0,0
8842,0,0,0,0,0,0,0,0,0,0,0,0,0,0,0,0,0,0,0,0,0
8843,2,2,2,1,1,1,1,2,2,2,1,1,1,1,2,2,2,1,1,1,1
8844,0,0,0,0,0,0,0,0,0,0,0,0,0,0,0,0,0,0,0,0,0
8845,0,0,0,0,0,0,0,0,0,0,0,0,0,0,0,0,0,0,0,0,0
8846,2,2,2,2,1,2,2,2,2,2,2,1,2,2,2,2,2,2,1,2,2
8847,0,0,0,0,0,0,0,0,0,0,0,0,0,0,0,0,0,0,0,0,0
8848,0,0,0,0,0,0,0,0,0,0,0,0,0,0,0,0,0,0,0,0,0
8849,0,0,0,0,0,0,0,0,0,0,0,0,0,0,0,0,0,0,0,0,0
8850,2,2,2,2,1,1,1,2,2,2,2,1,1,1,2,2,2,2,1,1,1
8851,2,2,2,2,2,2,2,2,2,2,2,2,2,2,2,2,2,2,2,2,2
8852,0,0,0,0,0,0,0,0,0,0,0,0,0,0,0,0,0,0,0,0,0
8853,0,0,0,0,0,0,0,0,0,0,0,0,0,0,0,0,0,0,0,0,0
8854,50,51,52,52,46,38,41,47,48,52,55,52,44,36,34,35,41,47,47,41,40
8855,4,4,4,4,4,3,4,4,4,4,4,4,3,4,4,4,4,4,4,3,4
8856,36,36,37,38,33,31,32,34,34,35,36,30,29,30,31,30,32,33,28,29,29
8857,29,29,28,29,26,23,23,22,22,21,21,20,17,19,20,21,21,23,22,19,20
8858,83,86,93,95,85,73,75,92,101,110,105,86,72,73,84,80,83,84,70,60,63
8859,57,65,71,71,63,47,50,57,64,68,66,58,43,46,54,60,65,65,58,45,49
8860,82,79,80,80,69,49,53,70,68,72,74,64,48,53,65,59,64,67,59,44,52
8861,1,1,2,3,3,2,1,1,1,2,3,3,2,1,1,1,2,3,3,2,2
8862,4,4,4,4,4,3,3,4,4,4,4,4,3,3,4,4,4,4,4,3,3
8863,55,51,50,56,51,49,50,52,47,43,47,41,41,43,43,38,36,41,37,40,42
8864,1,1,1,0,0,0,0,1,1,1,0,0,0,0,1,1,1,0,0,0,0
8865,18,19,19,18,16,14,16,18,19,18,16,13,12,13,14,15,14,13,12,12,14
8866,29,31,32,29,27,24,24,27,31,32,29,26,23,24,27,30,31,29,26,24,24
8867,2,3,3,3,3,2,2,2,2,3,3,3,2,2,2,3,3,3,3,2,2
8868,0,0,0,0,0,0,0,0,0,0,0,0,0,0,0,0,0,0,0,0,0
8869,3,4,4,4,4,3,4,4,4,4,4,4,3,4,4,4,4,4,4,3,3
8870,3,4,4,4,3,3,3,3,4,4,4,3,3,3,3,4,4,4,3,3,3
8871,1,1,1,1,1,1,1,1,1,1,1,1,1,1,1,1,1,1,1,1,1
8872,0,1,1,1,1,0,0,0,1,1,1,1,0,0,0,1,1,1,1,0,0
8873,2,2,2,2,1,2,2,2,2,2,2,2,2,2,2,2,2,2,2,2,2
8874,1,1,1,1,1,1,1,1,1,1,1,1,1,1,1,1,1,1,1,1,1
8875,0,0,0,0,0,0,0,0,0,0,0,0,0,0,0,0,0,0,0,0,0
8876,42,47,49,43,36,32,33,41,46,48,42,36,32,33,41,46,48,42,36,32,33
8877,4,4,5,3,3,3,3,3,4,4,3,2,2,3,3,4,4,3,3,2,3
8878,2,2,1,1,1,1,1,2,2,1,1,1,1,1,2,2,1,1,1,1,1
8879,10,10,10,9,8,6,6,8,9,11,11,10,9,9,10,10,10,10,9,8,8
8880,4,4,4,4,4,3,3,4,4,4,4,4,3,3,4,4,4,4,4,3,3
8881,3,3,2,2,2,2,2,2,2,2,2,1,1,1,1,2,1,1,1,1,1
8882,17,16,13,11,11,11,11,12,13,12,11,12,12,12,13,14,13,11,12,12,12
8883,1,1,1,1,1,1,1,1,1,1,1,1,1,1,1,1,1,1,1,1,1
8884,4,4,4,4,3,3,3,3,4,4,4,3,3,3,3,4,4,4,3,3,3
8885,2,2,2,1,1,1,1,1,1,1,0,0,0,0,0,0,0,0,0,0,0
8886,0,0,0,0,0,0,0,0,0,0,0,0,0,0,0,0,0,0,0,0,0
8887,1,1,1,1,1,1,0,1,1,1,1,1,1,0,1,1,1,1,1,1,0
8888,2,2,2,2,1,1,1,1,2,2,2,1,1,1,1,2,2,2,1,1,1
8889,5,6,6,6,6,4,4,5,6,6,6,6,4,4,5,6,6,6,6,4,4
8890,24,27,34,35,33,26,16,22,25,33,35,33,27,17,21,22,30,32,32,26,17
8891,3,3,2,2,2,1,2,2,2,2,2,2,1,2,3,3,3,2,2,2,2
8892,3,3,2,2,2,2,2,3,3,2,2,2,2,2,3,3,2,2,2,2,2
8893,0,0,0,0,0,0,0,0,0,0,0,0,0,0,0,0,0,0,0,0,0
8894,1,1,1,1,1,0,0,1,1,1,1,1,0,0,1,1,1,1,1,0,0
8895,2,4,5,3,1,1,1,2,4,4,2,1,1,1,2,3,4,2,1,1,1
8896,0,0,0,0,0,0,0,0,0,0,0,0,0,0,0,0,0,0,0,0,0
8897,0,0,0,0,0,0,0,0,0,0,0,0,0,0,0,0,0,0,0,0,0
8898,0,0,0,0,0,0,0,0,0,0,0,0,0,0,0,0,0,0,0,0,0
8899,0,0,0,0,0,0,0,0,0,0,0,0,0,0,0,0,0,0,0,0,0
8900,31,38,44,44,39,33,29,31,38,44,44,39,33,29,32,38,44,44,39,33,30
8901,3,2,3,3,2,2,2,3,3,3,3,2,2,3,4,4,4,3,3,3,3
8902,0,0,0,0,0,0,0,0,0,0,0,0,0,0,0,0,0,0,0,0,0
8903,2,2,2,2,2,1,1,2,2,2,2,2,1,1,2,2,2,2,2,1,1
8904,0,0,0,0,0,0,0,0,0,0,0,0,0,0,0,0,0,0,0,0,0
8905,0,0,0,0,0,0,0,0,0,0,0,0,0,0,0,0,0,0,0,0,0
8906,1,1,1,1,1,1,1,1,1,1,1,1,1,1,1,1,1,1,1,1,1
8907,3,3,3,2,2,2,2,2,3,2,2,2,2,2,2,3,2,2,2,2,2
8908,0,0,0,0,0,0,0,0,0,0,0,0,0,0,0,0,0,0,0,0,0
8909,1,1,1,1,0,1,1,1,1,1,1,0,1,1,1,1,1,1,0,1,1
8910,1,1,1,1,0,1,1,1,1,1,1,0,1,1,1,1,1,1,0,1,1
8911,0,0,2,1,1,0,0,0,0,2,1,1,0,0,0,1,2,1,1,0,0
8912,2,3,3,3,3,2,2,2,3,3,3,3,2,2,2,3,3,3,3,2,2
8913,3,3,3,2,1,2,2,3,3,3,2,1,2,2,3,3,3,2,1,2,2
8914,0,0,0,0,0,0,0,0,0,0,0,0,0,0,0,0,0,0,0,0,0
8915,2,2,2,1,1,1,2,2,2,2,1,1,1,1,2,2,1,1,1,1,1
8916,1,1,1,1,1,1,1,1,1,1,1,1,1,1,1,1,1,1,1,1,1
8917,0,0,0,0,0,0,0,0,0,0,0,0,0,0,0,0,0,0,0,0,0
8918,0,0,0,0,0,0,0,0,0,0,0,0,0,0,0,0,0,0,0,0,0
8919,0,0,0,0,0,0,0,0,0,0,0,0,0,0,0,0,0,0,0,0,0
8920,0,0,0,0,0,0,0,0,0,0,0,0,0,0,0,0,0,0,0,0,0
8921,0,0,0,0,0,0,0,0,0,0,0,0,0,0,0,0,0,0,0,0,0
8922,0,0,0,0,0,0,0,0,0,0,0,0,0,0,0,0,0,0,0,0,0
8923,0,0,0,0,0,0,0,0,0,0,0,0,0,0,0,0,0,0,0,0,0
8924,0,0,0,0,0,0,0,0,0,0,0,0,0,0,0,0,0,0,0,0,0
8925,0,0,0,0,0,0,0,0,0,0,0,0,0,0,0,0,0,0,0,0,0
8926,0,0,0,0,0,0,0,0,0,0,0,0,0,0,0,0,0,0,0,0,0
8927,0,0,0,0,0,0,0,0,0,0,0,0,0,0,0,0,0,0,0,0,0
8928,0,0,0,0,0,0,0,0,0,0,0,0,0,0,0,0,0,0,0,0,0
8929,0,0,0,0,0,0,0,0,0,0,0,0,0,0,0,0,0,0,0,0,0
8930,0,0,0,0,1,0,0,0,0,0,0,1,0,0,0,0,0,0,1,0,0
8931,2,3,3,3,2,2,2,2,3,3,3,2,2,2,2,3,3,3,2,2,2
8932,0,0,0,0,0,0,0,0,0,0,0,0,0,0,0,0,0,0,0,0,0
8933,2,2,2,1,1,1,2,2,2,2,1,1,1,2,2,2,2,1,1,1,2
8934,0,0,0,0,0,0,0,0,0,0,0,0,0,0,0,0,0,0,0,0,0
8935,2,2,2,2,2,1,1,2,2,2,2,2,1,1,1,2,2,2,2,1,1
8936,1,1,1,1,1,1,1,1,1,1,1,1,1,1,1,1,1,1,1,1,1
8937,29,32,31,30,27,23,24,32,42,44,42,37,36,37,36,36,35,31,27,27,30
8938,71,77,75,68,60,54,57,73,85,88,80,70,67,70,81,85,82,71,62,62,66
8939,2,3,2,2,1,1,1,3,3,3,2,1,1,1,3,3,3,2,1,1,1
8940,32,30,30,28,26,27,30,36,37,37,31,26,27,30,31,27,26,20,16,19,22
8941,55,57,56,51,51,46,51,49,59,63,55,50,47,54,46,47,48,41,37,35,40
8942,44,48,49,43,38,31,33,42,48,51,46,42,35,37,44,48,49,43,39,32,36
8943,76,99,118,118,100,85,77,87,110,126,122,100,85,77,78,93,109,106,86,74,64
8944,1,1,1,2,1,1,1,2,1,2,2,1,1,1,1,1,1,2,1,1,1
8945,74,85,85,71,67,56,56,81,99,102,86,79,71,75,85,86,83,64,59,54,57
8946,10,11,13,14,13,12,12,14,15,16,15,13,11,11,10,10,10,9,9,8,9
8947,26,29,29,29,24,20,24,26,29,30,29,24,20,24,26,29,30,29,24,20,24
8948,1,0,1,1,1,1,1,1,1,1,1,1,1,1,1,1,1,1,1,1,1
8949,191,197,186,161,133,146,151,182,190,182,155,126,140,146,169,170,165,144,120,140,147
8950,8,8,6,5,4,5,6,8,8,7,5,4,5,6,8,8,7,5,4,5,6
8951,2,2,2,2,1,1,1,2,2,2,2,1,1,1,2,2,2,2,1,1,1
8952,17,18,18,17,14,12,13,19,23,24,22,16,12,12,15,17,18,17,14,12,14
8953,0,1,1,1,0,0,0,0,1,1,1,0,0,0,0,1,1,1,0,0,0
8954,135,167,183,184,143,111,109,133,172,191,187,140,108,108,127,157,176,178,136,109,111
8955,22,17,15,13,11,11,13,16,18,17,14,12,14,18,20,18,17,16,14,18,22
8956,0,1,1,1,0,1,1,1,1,1,1,1,1,1,1,1,1,1,1,1,1
8957,0,0,0,0,0,0,0,0,0,0,0,0,0,0,0,0,0,0,0,0,0
8958,5,5,6,5,5,3,3,4,5,6,5,5,3,3,4,5,6,5,5,3,3
8959,2,2,2,2,2,1,1,2,2,2,2,2,1,1,2,2,2,2,2,1,1
8960,38,51,48,39,33,23,22,39,52,48,39,33,23,22,39,52,48,39,33,23,22
8961,30,33,29,27,23,18,21,31,42,44,39,31,24,23,25,26,23,21,19,16,18
8962,47,42,47,51,48,40,42,56,56,62,64,57,52,56,58,43,43,40,34,33,41
8963,4,5,5,4,3,4,3,4,5,5,4,3,4,4,4,5,5,4,3,4,4
8964,8,7,6,5,4,3,5,6,10,13,15,18,22,17,6,5,5,4,5,6,9
8965,9,9,9,7,5,4,4,8,10,11,8,7,6,8,11,10,9,7,6,5,6
8966,80,85,77,65,66,65,71,84,89,79,65,63,64,75,81,76,66,53,55,59,63
8967,3,4,5,6,4,3,2,3,4,5,6,4,3,2,3,4,5,6,4,3,2
8968,16,21,24,23,17,12,13,17,21,24,23,17,12,13,16,21,24,23,17,12,13
8969,4,4,5,5,3,3,3,4,4,5,4,3,2,3,4,4,5,4,3,2,3
8970,7,7,8,8,7,6,5,7,7,8,8,7,6,5,7,7,8,8,7,6,5
8971,1,1,3,3,4,3,2,1,1,2,3,3,3,2,1,1,2,3,3,3,2
8972,2,2,2,2,2,2,2,2,2,1,2,2,1,2,2,2,1,2,2,1,2
8973,8,11,8,6,4,4,4,8,11,8,6,4,4,3,8,11,8,6,4,4,3
8974,2,3,2,1,1,2,2,2,2,2,1,1,2,2,2,3,2,1,1,1,1
8975,0,0,0,0,0,0,0,0,0,0,0,0,0,0,1,1,1,0,0,0,1
8976,5,5,5,6,6,5,5,5,5,5,6,6,5,5,5,5,5,6,6,5,5
8977,4,4,4,4,3,3,4,4,4,4,3,3,3,4,3,4,4,3,3,3,4
8978,1,3,3,1,1,1,1,1,3,4,1,1,1,1,1,4,4,1,1,1,0
8979,0,0,0,0,0,0,0,0,0,0,0,0,0,0,0,0,0,0,0,0,0
8980,0,0,0,0,0,0,0,0,0,0,0,0,0,0,0,0,0,0,0,0,0
8981,1,1,1,1,1,1,1,1,1,1,1,1,1,1,1,1,1,1,1,1,1
8982,0,0,0,0,1,1,0,0,0,0,0,1,1,0,0,0,0,0,1,1,0
8983,10,10,9,7,8,7,8,10,10,9,7,8,7,8,10,10,9,7,7,7,8
8984,40,47,46,34,25,30,31,40,47,46,34,25,30,31,40,47,46,34,25,30,31
8985,2,2,4,4,4,3,1,2,2,4,4,4,3,1,2,2,4,4,4,3,1
8986,1,2,2,2,2,1,2,1,2,2,2,2,1,1,1,2,2,2,1,1,1
8987,3,3,4,4,3,3,3,3,3,4,4,3,3,3,3,3,4,4,3,4,3
8988,1,2,1,1,1,1,1,1,2,1,1,1,1,1,1,2,1,1,1,1,1
8989,0,0,0,0,0,0,0,0,0,0,0,0,0,0,0,0,0,0,0,0,0
8990,0,0,0,0,0,0,0,0,0,0,0,0,0,0,0,0,0,0,0,0,0
8991,0,0,0,0,0,0,0,0,0,0,0,0,0,0,0,0,0,0,0,0,0
8992,4,6,5,5,5,4,2,3,5,5,5,5,4,3,4,6,6,5,5,5,3
8993,0,0,0,0,0,0,0,0,0,0,0,0,0,0,0,0,0,0,0,0,0
8994,0,0,0,0,0,0,0,0,0,0,0,0,0,0,0,0,0,0,0,0,0
8995,0,0,0,0,0,0,0,0,0,0,0,0,0,0,0,0,0,0,0,0,0
8996,4,4,4,4,4,3,3,4,4,4,4,5,3,3,4,4,4,4,4,3,3
8997,1,1,1,1,1,1,1,1,1,1,1,1,1,1,1,1,1,1,0,1,1
8998,0,0,0,0,0,0,0,0,0,0,0,0,0,0,0,0,0,0,0,0,0
8999,0,1,1,0,1,1,1,0,1,1,0,1,1,1,0,1,1,0,0,1,1
9000,0,0,0,0,0,0,0,0,0,0,0,0,0,0,0,0,0,0,0,0,0
9001,0,0,0,0,0,0,0,0,0,0,0,0,0,0,0,0,0,0,0,1,1
9002,0,0,0,0,0,0,0,0,0,0,0,0,0,0,0,0,0,0,0,0,0
9003,0,0,0,0,0,0,0,0,0,0,0,0,0,0,0,0,0,0,0,0,0
9004,1,1,1,0,0,0,0,0,1,1,0,0,0,0,0,0,0,0,0,0,0
9005,6,4,4,3,3,3,5,6,7,4,3,3,3,3,3,4,4,4,3,4,6
9006,0,0,0,1,1,1,1,0,0,0,1,1,1,1,0,0,0,1,1,1,1
9007,0,0,0,0,0,0,0,0,0,0,0,0,0,0,0,0,0,0,0,0,0
9008,0,0,0,0,0,0,0,0,0,0,0,0,0,0,0,0,0,0,0,0,0
9009,0,0,0,0,0,0,0,0,0,0,0,0,0,0,0,0,0,0,0,0,0
9010,0,1,0,0,0,0,0,0,1,0,0,0,0,0,0,1,0,0,0,0,0
9011,0,0,0,0,0,0,0,0,0,0,0,0,0,0,0,0,0,0,0,0,0
9012,0,0,0,0,0,0,0,0,0,0,0,0,0,0,0,0,0,0,0,0,0
9013,0,0,0,0,0,0,0,0,0,0,0,0,0,0,0,0,0,0,0,0,0
9014,0,1,1,1,1,1,1,0,1,1,1,1,1,1,0,1,1,1,1,1,1
9015,0,0,0,0,0,0,0,0,0,0,0,0,0,0,0,0,0,0,0,0,0
9016,0,0,0,0,0,0,0,0,0,0,0,0,0,0,0,0,0,0,0,0,0
9017,1,0,0,0,0,0,0,0,0,0,0,0,0,0,0,0,0,0,0,0,0
9018,2,0,0,0,0,0,0,2,0,0,0,0,0,0,2,0,0,0,0,0,0
9019,0,0,0,0,0,0,0,0,0,0,0,0,0,0,0,0,0,0,0,0,0
9020,0,0,0,0,0,0,0,0,0,0,0,0,0,0,0,0,0,0,0,0,0
9021,0,0,0,0,0,0,0,0,0,0,0,0,0,0,0,0,0,0,0,0,0
9022,0,0,0,0,0,0,0,0,0,0,0,0,0,0,0,0,0,0,0,0,0
9023,1,0,1,1,0,1,1,1,0,1,0,0,0,0,1,0,1,0,0,0,0
9024,0,0,0,0,0,0,0,0,0,0,0,0,0,0,0,0,0,0,0,0,0
9025,1,1,1,1,1,1,1,1,1,1,1,1,1,1,1,1,1,1,1,1,1
9026,1,1,1,1,0,1,1,1,1,1,1,0,1,1,1,1,1,1,0,1,1
9027,6,8,8,7,6,5,4,6,8,8,7,6,4,4,6,8,8,7,6,5,4
9028,7,9,9,8,6,6,6,7,9,9,8,6,6,6,8,9,9,8,6,6,6
9029,1,1,1,1,1,1,1,1,1,1,1,1,1,1,1,1,1,1,1,1,1
9030,3,3,4,4,4,3,3,4,3,4,4,4,3,3,4,4,4,4,4,3,3
9031,1,2,2,2,1,1,1,1,2,2,2,1,1,1,1,2,2,2,1,1,1
9032,0,0,0,0,0,0,0,0,0,0,0,0,0,0,0,0,0,0,0,0,0
9033,2,2,2,1,1,1,1,2,2,1,1,1,1,1,2,2,1,1,1,1,1
9034,0,0,0,0,0,0,0,0,0,0,1,0,0,0,0,0,0,0,0,0,0
9035,0,0,0,0,0,0,0,0,0,0,0,0,0,0,0,0,0,0,0,0,0
9036,0,0,0,0,0,0,0,0,0,0,0,0,0,0,0,0,0,0,0,0,0
9037,3,3,4,4,3,3,3,3,4,4,4,4,3,3,3,4,4,4,3,3,3
9038,2,2,2,3,3,2,2,2,3,3,3,3,2,2,2,2,2,3,2,2,2
9039,3,2,2,2,2,1,1,2,2,2,2,2,1,2,2,2,2,2,2,2,2
9040,1,1,1,1,1,1,1,1,1,1,1,1,1,1,1,1,1,1,1,1,1
9041,0,0,0,0,0,0,0,0,0,0,0,0,0,0,0,0,0,0,0,0,0
9042,2,2,2,2,2,2,2,2,2,2,2,2,2,1,2,2,2,2,2,2,2
9043,3,3,3,3,2,2,2,3,3,3,3,2,3,3,3,3,3,3,2,2,2
9044,1,1,1,1,1,1,1,1,1,1,1,1,1,1,1,1,1,1,1,1,1
9045,0,0,0,0,0,0,0,0,0,0,0,0,0,0,0,0,0,0,0,0,0
9046,0,0,0,0,0,0,0,0,0,0,0,0,0,0,0,0,0,0,0,0,0
9047,2,2,2,2,2,2,2,2,3,3,2,2,2,2,2,2,2,2,2,2,2
9048,32,34,37,36,31,26,24,30,34,37,35,29,24,22,27,29,31,30,25,22,21
9049,3,3,2,2,1,1,2,2,2,2,2,1,1,2,2,2,2,2,1,1,2
9050,1,1,1,1,1,1,1,1,1,1,1,0,1,1,1,0,0,0,0,0,0
9051,0,1,0,0,0,0,0,0,1,0,0,0,0,0,0,1,0,0,0,0,0
9052,0,0,0,0,0,0,0,0,0,0,0,0,0,0,0,0,0,0,0,0,0
9053,0,0,0,0,0,0,0,0,0,0,0,0,0,0,0,0,0,0,0,0,0
9054,0,0,0,0,0,0,0,0,0,0,0,0,0,0,0,0,0,0,0,0,0
9055,4,3,3,4,4,3,4,4,3,3,4,4,3,4,4,3,3,4,4,3,4
9056,0,0,0,0,0,0,0,0,0,0,0,0,0,0,0,0,0,0,0,0,0
9057,0,0,0,0,0,0,0,0,0,0,0,0,0,0,0,0,0,0,0,0,0
9058,1,2,2,1,1,1,1,1,2,2,1,1,1,1,1,2,2,1,1,1,1
9059,2,2,1,2,1,1,1,1,1,1,2,1,1,1,1,2,2,2,1,1,1
9060,12,11,11,12,9,7,7,10,11,12,13,10,8,8,11,12,12,13,10,9,9
9061,8,8,8,8,6,6,6,8,8,8,8,6,6,6,8,8,8,8,6,6,6
9062,8,10,11,11,9,7,6,9,10,11,11,9,7,7,9,10,11,11,9,7,6
9063,0,0,0,0,0,0,0,0,0,0,0,0,0,0,0,0,0,0,0,0,0
9064,0,0,0,0,0,0,0,0,0,0,0,0,0,0,0,0,0,0,0,0,0
9065,0,0,0,0,0,0,0,0,0,0,0,0,0,0,0,0,0,0,0,0,0
9066,0,0,0,0,0,0,0,0,0,0,0,1,0,0,0,1,0,1,1,0,0
9067,0,0,0,0,0,0,0,0,0,0,0,0,0,0,0,0,0,0,0,0,0
9068,0,0,0,0,0,0,0,0,0,0,0,0,0,0,0,0,0,0,0,0,0
9069,0,0,0,0,0,0,0,0,0,0,0,0,0,0,0,0,0,0,0,0,0
9070,0,0,0,0,0,0,0,0,0,0,0,0,0,0,0,0,0,0,0,0,0
9071,4,4,4,4,4,3,4,4,4,5,4,4,3,4,4,4,5,4,4,3,4
9072,1,1,1,1,1,1,1,1,1,1,1,1,1,1,1,1,1,1,1,1,1
9073,114,127,126,109,92,87,93,117,131,131,112,94,92,99,116,124,123,103,87,88,96
9074,16,10,6,11,7,5,3,3,5,5,11,7,5,5,10,10,6,12,7,6,6
9075,16,17,18,17,17,14,14,16,17,18,17,17,14,14,16,17,18,17,17,14,14
9076,1,1,1,1,1,1,1,1,1,1,1,1,1,1,1,1,1,1,1,1,1
9077,0,0,0,0,0,0,0,0,0,0,0,0,0,0,1,1,1,0,0,0,0
9078,2,1,1,1,1,1,1,1,1,1,1,1,1,1,1,1,1,1,1,1,1
9079,10,12,13,11,11,10,10,11,12,13,12,11,11,10,11,13,13,12,12,11,10
9080,0,0,0,0,0,0,0,0,0,0,0,0,0,0,0,0,0,0,0,0,0
9081,0,0,0,0,0,0,0,0,0,0,0,0,0,0,0,0,0,0,0,0,0
9082,0,0,0,0,0,0,0,0,0,0,0,0,0,0,0,0,0,0,0,0,0
9083,0,0,0,0,0,0,0,0,0,0,0,0,0,0,0,0,0,0,0,0,0
9084,2,1,1,1,1,0,1,2,1,1,1,1,0,1,2,1,1,1,1,0,1
9085,3,3,3,3,3,2,2,3,3,3,3,3,2,2,3,3,3,3,3,2,2
9086,3,4,4,4,3,3,3,3,4,4,4,3,3,3,3,4,4,4,3,3,3
9087,2,4,4,4,3,2,2,2,3,3,3,3,2,2,3,4,4,4,4,3,3
9088,0,0,0,0,0,0,0,0,0,0,0,0,0,0,0,0,0,0,0,0,0
9089,4,5,5,5,3,3,3,4,5,5,5,3,3,3,4,5,5,5,3,3,3
9090,28,33,32,31,29,26,23,29,33,32,31,28,25,23,28,33,32,31,28,25,23
9091,3,2,2,2,2,2,2,3,2,2,2,2,2,2,3,2,2,2,2,2,2
9092,1,1,1,1,1,1,1,1,1,1,1,1,1,1,1,1,1,1,1,1,1
9093,2,1,1,1,1,1,1,2,1,1,1,1,1,1,2,1,1,1,1,1,1
9094,0,0,0,0,0,0,0,0,0,0,0,0,0,0,0,0,0,0,0,0,0
9095,10,10,10,9,8,6,6,8,8,9,9,7,5,6,8,8,9,9,7,6,6
9096,0,0,0,0,0,0,0,0,0,0,0,0,0,0,0,0,0,0,0,0,0
9097,22,22,20,18,17,19,22,22,22,20,17,17,19,22,21,22,20,17,17,19,22
9098,0,0,0,0,0,0,0,0,0,0,0,0,0,0,0,0,0,0,0,0,0
9099,2,2,2,2,2,1,1,2,2,2,2,2,1,1,2,2,2,2,2,1,1
9100,6,7,7,5,4,5,6,6,7,7,5,4,5,6,6,7,7,5,4,5,6
9101,1,1,1,1,1,1,1,1,1,1,1,1,1,1,1,1,1,1,1,1,1
9102,2,1,1,1,1,1,1,2,1,1,1,1,1,1,2,1,1,1,1,1,1
9103,26,29,28,25,25,27,29,26,29,28,25,24,27,29,26,29,28,25,25,27,29
9104,3,3,3,3,2,2,3,3,3,3,3,2,2,3,3,3,3,2,2,2,3
9105,1,1,2,2,1,1,1,1,1,2,2,1,1,1,1,1,2,2,1,1,1
9106,0,0,0,0,0,0,0,0,0,0,0,0,0,0,0,0,0,0,0,0,0
9107,0,0,0,0,0,0,0,0,0,0,0,0,0,0,0,0,0,0,0,0,0
9108,0,0,0,0,0,0,0,0,0,0,0,0,0,0,0,0,0,0,0,0,0
9109,0,0,0,0,0,0,0,0,0,0,0,0,0,0,0,0,0,0,0,0,0
9110,2,2,1,1,1,1,1,1,2,1,1,1,1,1,1,2,1,1,1,1,1
9111,7,8,6,6,7,7,7,7,8,6,6,7,7,7,7,8,6,6,7,7,7
9112,45,70,73,57,40,29,29,48,88,99,86,70,61,59,71,97,95,75,58,49,41
9113,2,2,3,3,3,2,2,2,3,3,2,2,2,2,2,3,3,2,2,2,2
9114,7,6,6,5,4,4,5,5,6,6,5,4,5,5,6,6,6,5,4,5,5
9115,0,0,0,0,0,0,0,0,0,0,0,0,0,0,0,0,0,0,0,0,0
9116,11,11,11,11,10,9,10,12,15,16,14,12,10,10,11,12,13,12,11,10,10
9117,1,1,1,1,1,1,1,1,1,1,1,1,1,1,1,1,1,1,1,1,1
9118,0,0,0,0,0,0,0,0,0,0,0,0,0,0,0,0,0,0,0,0,0
9119,0,0,0,0,0,0,0,1,1,0,0,0,0,0,1,0,0,0,0,0,0
9120,0,0,0,0,0,0,0,0,0,0,0,0,0,0,0,0,0,0,0,0,0
9121,73,89,75,58,45,42,65,73,89,75,58,45,42,65,73,89,75,58,45,42,65
9122,0,0,0,0,0,0,0,0,0,0,0,0,0,0,0,0,0,0,0,0,0
9123,0,0,0,0,0,0,0,0,0,0,0,0,0,0,0,0,0,0,0,0,0
9124,2,3,2,2,1,1,1,2,3,2,2,1,1,1,2,3,2,2,1,1,1
9125,224,224,242,229,204,174,177,223,233,256,244,217,182,176,212,213,234,220,195,171,182
9126,32,25,27,40,42,50,55,42,27,25,34,29,29,34,38,39,33,37,31,33,43
9127,0,0,0,0,0,0,0,0,0,0,0,0,0,0,0,0,0,0,0,0,0
9128,6,7,7,8,5,4,4,6,7,7,8,5,4,4,6,7,7,8,5,4,4
9129,6,6,6,7,6,5,5,5,6,5,7,6,5,5,5,6,5,7,6,5,5
9130,6,8,9,9,8,6,4,6,8,8,9,8,6,4,6,8,9,9,8,6,4
9131,2,2,2,2,1,1,2,2,2,2,1,1,1,1,2,2,2,1,1,1,2
9132,4,3,2,3,3,3,3,3,3,3,3,3,3,3,3,3,3,3,3,3,3
9133,0,0,0,0,0,0,0,0,0,0,0,0,0,0,0,0,0,0,0,0,0
9134,0,0,0,0,0,0,0,0,0,0,0,0,0,0,0,0,0,0,0,0,0
9135,0,1,1,1,1,1,1,1,1,1,2,1,1,1,1,1,1,1,1,1,1
9136,0,0,0,0,0,0,0,0,0,0,0,0,0,0,0,0,0,0,0,0,0
9137,0,0,0,0,0,0,0,0,0,0,0,0,0,0,0,0,0,0,0,0,0
9138,0,0,0,0,0,0,0,0,0,0,0,0,0,0,0,0,0,0,0,0,0
9139,0,0,0,0,0,0,0,0,0,0,0,0,0,0,0,0,0,0,0,0,0
9140,0,0,0,0,0,0,0,0,0,0,0,0,0,0,0,0,0,0,0,0,0
9141,1,2,2,2,1,1,1,2,2,2,2,1,1,1,2,2,2,2,1,1,1
9142,0,0,0,1,0,0,0,1,1,0,0,0,0,0,0,0,0,0,0,0,0
9143,0,0,0,0,0,0,0,0,0,0,0,0,0,0,0,0,0,0,0,0,0
9144,0,0,0,0,0,0,0,0,0,0,0,0,0,0,0,0,0,0,0,0,0
9145,0,0,0,0,0,0,0,0,0,0,0,0,0,0,0,0,0,0,0,0,0
9146,0,0,0,0,0,0,0,0,0,0,0,0,0,0,0,0,0,0,0,0,0
9147,0,0,0,0,0,0,0,0,0,0,0,0,0,0,0,0,0,0,0,0,0
9148,0,0,0,0,0,0,0,0,0,0,0,0,0,0,0,0,0,0,0,0,0
9149,0,0,0,0,0,0,0,0,0,0,0,0,0,0,0,0,0,0,0,0,0
9150,0,0,0,0,0,0,0,0,0,0,0,0,0,0,0,0,0,0,0,0,0
9151,0,0,0,0,0,0,0,0,0,0,0,0,0,0,0,0,0,0,0,0,0
9152,0,0,0,0,0,0,0,0,0,0,0,0,0,0,0,0,0,0,0,0,0
9153,0,0,0,0,0,0,0,0,0,0,0,0,0,0,0,0,0,0,0,0,0
9154,0,0,0,0,0,0,0,0,0,0,0,0,0,0,0,0,0,0,0,0,0
9155,0,0,0,0,0,0,0,0,0,0,0,0,0,0,0,0,0,0,0,0,0
9156,3,3,2,2,2,2,3,3,3,2,2,2,2,3,3,3,2,1,1,2,3
9157,0,0,0,0,0,0,0,0,0,0,0,0,0,0,0,0,0,0,0,0,0
9158,2,2,2,2,1,1,1,2,2,2,2,1,1,1,2,2,2,2,1,1,1
9159,0,0,0,0,0,0,0,0,0,0,0,0,0,0,0,0,0,0,0,0,0
9160,0,0,0,0,0,0,0,0,0,0,0,0,0,0,0,0,0,0,0,0,0
9161,0,0,0,0,0,0,0,0,0,0,0,0,0,0,0,0,0,0,0,0,0
9162,6,6,7,5,5,5,5,6,6,7,5,5,5,5,6,6,7,5,5,5,5
9163,0,0,0,0,0,0,0,0,0,0,0,0,0,0,0,0,0,0,0,0,0
9164,1,1,0,0,0,1,1,1,1,0,0,0,1,1,1,1,0,0,0,1,1
9165,26,22,23,19,18,21,21,27,24,24,20,18,21,20,26,22,22,19,18,21,20
9166,2,2,2,2,1,2,2,2,2,2,2,1,2,2,2,2,2,2,1,2,2
9167,17,14,15,12,11,14,15,17,14,15,12,11,14,15,17,14,15,12,11,14,15
9168,12,13,14,12,10,9,9,11,13,14,12,11,10,11,14,15,15,13,11,10,11
9169,11,13,13,10,8,7,8,11,13,12,10,8,7,7,10,13,12,10,8,7,7
9170,60,62,62,56,51,45,48,60,62,62,56,51,45,48,60,62,62,56,51,45,48
9171,42,51,60,60,57,52,53,64,68,69,60,54,51,51,55,53,49,43,41,39,41
9172,77,84,92,78,73,63,67,77,83,89,75,68,60,64,74,81,88,74,69,61,66
9173,0,0,0,0,0,0,0,0,0,0,0,0,0,0,0,0,0,0,0,0,0
9174,21,29,39,32,23,11,13,16,26,40,35,26,15,17,18,25,37,31,23,13,15
9175,23,31,36,32,22,15,16,27,38,39,33,22,16,17,25,30,35,32,22,17,17
9176,0,1,1,1,1,1,0,0,1,1,1,1,1,0,0,1,1,1,1,1,0
9177,0,1,0,0,0,0,0,0,1,0,0,0,0,0,0,1,0,0,0,0,0
9178,0,0,0,0,0,0,0,0,0,0,0,0,0,0,0,0,0,0,0,0,0
9179,0,0,0,0,0,0,0,0,0,0,0,0,0,0,0,0,0,0,0,0,0
9180,3,3,3,3,3,2,2,3,3,3,3,3,2,2,3,3,3,3,2,2,2
9181,1,1,1,0,0,0,0,1,1,1,0,0,0,0,1,1,1,0,0,0,0
9182,23,23,22,22,20,18,19,22,23,21,20,18,16,17,17,15,13,12,11,10,11
9183,0,0,0,0,0,0,0,0,0,0,0,0,0,0,0,0,0,0,0,0,0
9184,7,8,7,6,5,4,4,7,8,6,5,4,4,4,7,8,6,6,5,4,5
9185,0,0,0,0,0,0,0,0,0,0,0,0,0,0,0,0,0,0,0,0,0
9186,3,3,3,2,2,2,2,3,3,2,2,2,2,2,3,3,3,2,2,2,2
9187,0,0,0,0,0,0,0,0,0,0,0,0,0,0,0,0,0,0,0,0,0
9188,1,1,1,1,1,1,1,1,1,1,1,1,1,1,1,1,1,1,0,1,1
9189,1,1,1,1,1,1,1,1,1,1,1,1,1,1,1,1,1,1,1,1,1
9190,1,1,0,0,0,0,0,1,1,0,0,0,0,0,1,1,0,0,0,0,0
9191,0,0,0,0,0,0,0,0,0,0,0,0,0,0,0,0,0,0,0,0,0
9192,36,35,33,29,28,31,33,35,34,33,29,28,31,33,35,34,32,29,28,31,33
9193,0,0,0,0,0,0,0,0,0,0,0,0,0,0,0,0,0,0,0,0,0
9194,0,0,0,0,0,0,0,0,0,0,0,0,0,0,0,0,0,0,0,0,0
9195,2,3,2,3,2,2,2,2,3,2,3,2,2,2,2,3,2,3,2,2,2
9196,16,15,23,6,10,18,13,16,15,23,6,10,18,13,16,16,24,7,11,18,13
9197,68,67,67,63,63,61,63,72,73,70,61,57,56,62,64,59,59,53,51,55,55
9198,0,0,0,0,0,0,0,0,0,0,0,0,0,0,0,0,0,0,0,0,0
9199,0,0,0,0,0,0,0,0,0,0,0,0,0,0,0,0,0,0,0,0,0
9200,0,0,0,0,0,0,0,0,0,0,0,0,0,0,0,0,0,0,0,0,0
9201,0,0,0,0,0,0,0,0,0,0,0,0,0,0,0,0,0,0,0,0,0
9202,2,2,2,2,2,2,2,2,2,2,2,2,2,2,2,2,2,2,2,2,2
9203,0,0,0,0,0,0,0,0,0,0,0,0,0,0,0,0,0,0,0,0,0
9204,0,0,0,0,0,0,0,0,0,0,0,0,0,0,0,0,0,0,0,0,0
9205,0,0,0,0,0,0,0,0,0,0,0,1,1,2,2,2,1,1,1,1,1
9206,155,192,190,153,89,74,90,157,201,198,158,92,76,93,158,199,202,167,107,95,106
9207,14,14,21,19,14,10,10,14,14,21,18,14,9,10,14,14,21,18,14,9,10
9208,0,0,0,0,0,0,0,0,0,0,0,0,0,0,0,0,0,0,0,0,0
9209,0,0,0,0,0,0,0,0,0,0,0,0,0,0,0,0,0,0,0,0,0
9210,1,1,1,1,1,1,1,1,1,2,1,1,1,1,1,1,1,1,1,1,1
9211,5,6,7,6,5,3,3,5,6,7,6,5,3,3,5,6,7,6,5,3,3
9212,38,34,35,36,33,33,33,38,33,34,35,33,32,32,38,33,34,35,33,32,32
9213,1,1,1,1,1,1,0,1,1,1,1,1,1,0,1,1,1,1,1,1,0
9214,34,33,32,29,28,27,27,34,33,33,29,28,27,27,34,33,33,29,28,27,27
9215,1,1,1,1,1,1,1,1,1,1,1,1,1,1,1,1,1,1,1,1,1
9216,0,0,0,0,0,0,0,0,0,0,0,0,0,0,0,0,0,0,0,0,0
9217,0,0,0,0,0,0,0,0,0,0,0,0,0,0,0,0,0,0,0,0,0
9218,0,0,0,0,0,0,0,0,0,0,0,0,0,0,0,0,0,0,0,0,0
9219,5,6,6,4,3,2,2,3,5,5,5,3,3,4,6,6,6,5,4,3,4
9220,9,9,10,9,8,6,7,9,10,10,9,9,7,8,10,10,10,9,9,8,7
9221,16,18,19,17,16,14,14,16,18,19,17,16,14,14,16,18,19,17,16,14,14
9222,0,0,0,0,0,0,0,0,0,0,0,0,0,0,0,0,0,0,0,0,0
9223,0,0,0,0,0,0,0,0,0,0,0,0,0,0,0,0,0,0,0,0,0
9224,0,0,0,0,0,0,0,0,0,0,0,0,0,0,0,0,0,0,0,0,0
9225,0,0,1,0,0,0,0,1,1,1,0,0,0,1,1,1,1,0,0,0,0
9226,0,0,0,0,0,0,0,0,0,0,0,0,0,0,0,0,0,0,0,0,0
9227,0,0,0,0,0,0,0,0,0,0,0,0,0,0,0,0,0,0,0,0,0
9228,0,0,0,0,0,0,0,0,0,0,0,0,0,0,0,0,0,0,0,0,0
9229,0,0,0,0,0,0,0,0,0,0,0,0,0,0,1,1,0,0,0,0,0
9230,0,0,0,0,0,0,0,0,0,0,0,0,0,0,0,0,0,0,0,0,0
9231,0,0,0,0,0,0,0,0,0,0,0,0,0,0,0,0,0,0,0,0,0
9232,0,0,0,0,0,0,0,0,0,0,0,0,0,0,0,0,0,0,0,0,0
9233,0,0,0,0,0,0,0,0,0,0,0,0,0,0,0,0,0,0,0,0,0
9234,0,0,0,0,0,0,0,0,0,0,0,0,0,0,0,0,0,0,0,0,0
9235,2,2,2,2,2,2,2,1,2,2,2,2,2,2,1,2,2,2,2,2,2
9236,0,0,0,0,0,0,0,0,0,0,0,0,0,0,0,0,0,0,0,0,0
9237,1,1,1,1,1,1,1,1,1,1,1,1,1,1,1,1,1,1,1,1,1
9238,1,1,2,2,2,1,1,1,1,2,2,2,1,1,1,2,2,2,2,1,1
9239,8,6,7,6,6,7,7,8,6,7,7,6,7,7,8,6,7,7,6,7,7
9240,9,8,7,6,5,6,6,7,7,6,6,5,6,7,8,8,7,6,5,6,7
9241,24,27,28,27,23,20,20,24,27,28,27,23,20,20,24,27,28,27,23,20,20
9242,1,2,1,1,1,1,1,1,2,1,1,1,1,1,1,2,1,1,1,1,1
9243,1,1,1,1,1,1,1,1,1,1,1,1,1,1,1,1,1,1,1,1,1
9244,5,5,5,5,4,4,4,5,5,5,5,4,4,4,5,5,5,5,4,4,4
9245,33,35,35,30,28,27,30,39,46,47,40,35,33,36,41,42,41,34,31,31,32
9246,2,2,2,2,1,1,1,2,2,2,2,1,1,1,2,2,2,2,1,1,1
9247,1,1,1,1,1,1,1,1,1,1,1,1,1,1,1,1,1,1,1,1,1
9248,3,3,3,3,2,2,2,2,3,3,3,3,2,2,3,3,3,3,3,2,2
9249,5,3,3,2,2,2,2,4,4,4,3,2,2,3,5,4,3,2,2,3,3
9250,0,0,0,0,0,0,0,0,0,0,0,0,0,0,0,0,0,0,0,0,0
9251,0,0,0,0,0,0,0,0,0,0,0,0,0,0,0,0,0,0,0,0,0
9252,1,2,2,2,1,1,1,2,2,2,2,1,1,1,2,2,2,2,1,1,1
9253,0,1,1,1,1,0,0,0,1,1,1,1,0,0,0,1,1,1,1,0,0
9254,1,1,1,1,0,0,1,1,1,1,1,0,0,1,1,1,1,1,0,1,1
9255,5,5,5,4,4,2,3,3,4,5,5,4,3,4,4,5,6,5,4,3,4
9256,4,3,3,2,2,2,2,2,3,3,3,3,2,2,3,3,3,3,3,3,3
9257,1,1,1,1,1,1,1,1,1,1,1,1,1,1,1,1,1,1,1,1,1
9258,2,1,1,1,1,1,1,2,2,2,2,1,1,2,2,2,2,1,1,1,1
9259,11,10,10,9,9,8,9,10,10,10,9,9,9,9,9,10,10,9,9,9,9
9260,6,6,6,5,5,4,4,6,6,6,5,5,4,4,6,6,6,5,4,4,4
9261,1,2,1,1,1,1,1,1,1,1,1,1,1,1,1,1,1,1,1,1,1
9262,5,7,6,6,5,5,5,5,7,6,6,5,5,5,5,7,6,6,5,5,5
9263,0,0,0,0,0,0,0,0,0,0,0,0,0,0,0,0,0,0,0,0,0
9264,2,2,1,2,1,1,1,2,2,1,2,1,1,1,2,2,1,2,1,1,1
9265,0,0,0,0,0,0,0,0,0,0,0,0,0,0,0,0,0,0,0,0,0
9266,8,9,8,6,5,6,6,8,9,8,6,5,6,6,8,9,8,6,5,6,6
9267,0,0,0,0,0,0,0,0,0,0,0,0,0,0,0,0,0,0,0,0,0
9268,29,30,29,27,22,22,26,29,30,29,26,22,22,26,29,30,29,26,22,22,26
9269,1,2,2,2,2,1,1,1,2,2,2,2,1,1,1,2,2,2,2,1,1
9270,0,0,0,0,0,0,0,0,0,0,0,0,0,0,0,0,0,0,0,0,0
9271,2,2,2,2,2,1,1,2,2,2,2,2,1,1,2,2,2,2,2,1,1
9272,3,3,3,2,2,1,2,3,3,3,2,2,1,2,3,3,3,2,2,1,2
9273,0,0,0,0,0,0,0,0,0,0,0,0,0,0,0,0,0,0,0,0,0
9274,0,0,0,0,0,0,0,0,0,0,0,0,0,0,0,0,0,0,0,0,0
9275,7,8,8,7,5,4,6,7,8,8,7,5,4,6,7,8,8,7,5,4,6
9276,11,10,9,8,6,5,5,8,8,9,7,6,4,5,8,8,9,7,6,5,5
9277,2,2,2,3,3,3,2,2,2,2,3,3,3,2,2,2,2,3,3,3,2
9278,11,14,13,10,9,9,7,11,14,13,10,9,8,7,11,14,13,10,9,8,7
9279,5,7,6,5,4,4,4,5,6,5,4,4,3,4,5,6,5,4,4,3,4
9280,0,0,0,0,0,0,0,0,0,0,0,0,0,0,0,0,0,0,0,0,0
9281,1,1,1,1,1,1,1,1,1,1,1,1,1,1,1,1,1,0,1,1,1
9282,1,1,0,0,0,0,0,0,0,0,0,0,0,0,1,1,1,0,0,0,0
9283,7,9,9,8,5,4,3,7,9,9,8,5,3,3,7,9,9,8,5,3,3
9284,0,0,0,0,0,0,0,0,0,0,0,0,0,0,0,0,0,0,0,0,0
9285,0,0,0,0,0,0,0,0,0,0,0,0,0,0,0,0,0,0,0,0,0
9286,2,3,2,2,2,2,2,2,3,2,2,2,2,2,2,3,2,2,2,2,2
9287,0,0,0,0,0,0,0,0,0,0,0,0,0,0,1,0,0,0,0,0,0
9288,0,0,0,0,0,0,0,0,0,0,0,0,0,0,0,0,0,0,0,0,0
9289,0,0,0,0,0,0,0,0,0,0,0,0,0,0,0,0,0,0,0,0,0
9290,0,0,0,0,0,0,1,0,0,0,0,0,0,1,0,0,0,0,0,0,1
9291,0,0,0,0,0,0,0,0,0,0,0,0,0,0,0,0,0,0,0,0,0
9292,1,1,1,1,1,0,0,1,1,1,1,1,0,0,1,1,1,1,1,0,1
9293,0,0,1,1,1,0,1,1,0,1,1,1,0,1,1,0,1,1,1,0,1
9294,1,1,1,1,1,1,1,1,1,1,1,1,1,1,1,1,1,1,1,1,1
9295,0,0,0,0,0,0,0,0,0,0,0,0,0,0,0,0,0,0,0,0,0
9296,0,0,0,0,0,0,0,0,0,0,0,0,0,0,0,0,0,0,0,0,0
9297,0,0,0,0,0,0,0,0,0,0,0,0,0,0,0,0,0,0,0,0,0
9298,0,0,0,0,0,0,0,0,0,0,0,0,0,0,0,0,0,0,0,0,0
9299,0,0,0,0,0,0,0,0,0,0,0,0,0,0,0,0,0,0,0,0,0
9300,0,0,0,0,0,0,0,0,0,0,0,0,0,0,0,0,0,0,0,0,0
9301,0,0,0,0,0,0,0,0,0,0,0,0,0,0,0,0,0,0,0,0,0
9302,0,0,0,0,0,0,0,0,0,0,0,0,0,0,0,0,0,0,0,0,0
9303,0,0,0,0,0,0,0,0,0,0,0,0,0,0,0,0,0,0,0,0,0
9304,0,0,0,0,0,0,0,0,0,0,0,0,0,0,0,0,0,0,0,0,0
9305,0,0,0,0,0,0,0,0,0,0,0,0,0,0,0,0,0,0,0,0,0
9306,0,0,0,0,0,0,0,0,0,0,0,0,0,0,0,0,0,0,0,0,0
9307,0,0,0,0,0,0,0,0,0,0,0,0,0,0,0,0,0,0,0,0,0
9308,0,0,0,0,0,0,0,0,0,0,0,0,0,0,0,0,0,0,0,0,0
9309,0,0,0,0,0,0,0,0,0,0,0,0,0,0,0,0,0,0,0,0,0
9310,0,0,0,0,0,0,0,0,0,0,0,0,0,0,0,0,0,0,0,0,0
9311,0,0,0,0,0,0,0,0,0,0,0,0,0,0,0,0,0,0,0,0,0
9312,0,0,0,0,0,0,0,0,0,0,0,0,0,0,0,0,0,0,0,0,0
9313,0,0,0,0,0,0,0,0,0,0,0,0,0,0,0,0,0,0,0,0,0
9314,0,1,1,1,0,1,1,1,1,1,1,0,1,1,1,1,1,1,0,0,0
9315,0,0,0,0,0,0,0,0,0,0,0,0,0,0,0,0,0,0,0,0,0
9316,0,0,0,0,0,0,0,0,0,0,0,0,0,0,0,0,0,0,0,0,0
9317,0,0,0,0,0,0,0,0,0,0,0,0,0,0,0,0,0,0,0,0,0
9318,0,0,0,0,0,0,0,0,0,0,0,0,0,0,0,0,0,0,0,0,0
9319,0,0,1,0,0,0,0,1,2,2,3,3,3,2,2,2,2,1,1,1,1
9320,1,1,1,1,1,1,1,1,1,1,1,1,0,0,0,1,1,1,1,0,0
9321,1,1,1,1,1,1,1,1,1,1,1,1,1,1,1,1,1,1,1,1,1
9322,0,0,0,0,0,0,0,0,0,0,0,0,0,0,0,0,0,0,0,0,0
9323,1,1,1,1,1,1,1,1,1,1,1,1,1,1,1,1,1,1,1,1,1
9324,1,1,1,1,1,0,1,1,1,1,1,0,0,0,1,1,1,1,0,0,0
9325,5,5,4,4,3,4,4,5,5,4,4,3,4,4,5,5,4,4,3,4,4
9326,0,0,0,0,0,0,0,0,0,0,0,0,0,0,0,0,0,0,0,0,0
9327,1,1,1,1,1,1,1,1,1,1,1,1,1,1,1,1,1,1,1,1,1
9328,4,4,5,5,4,3,3,4,4,5,5,4,3,3,4,4,5,5,4,3,3
9329,0,0,0,0,0,0,0,0,0,0,0,0,0,0,0,0,0,0,0,0,0
9330,0,0,0,0,0,0,0,0,0,0,0,0,0,0,0,0,0,0,0,0,0
9331,0,0,0,0,0,0,0,0,0,0,0,0,0,0,0,0,0,0,0,0,0
9332,0,0,0,0,0,0,0,0,0,0,0,0,0,0,0,0,0,0,0,0,0
9333,0,0,0,0,0,0,0,0,0,0,0,0,0,0,0,0,0,0,0,0,0
9334,0,0,0,0,0,0,0,0,0,0,0,0,0,0,0,0,0,0,0,0,0
9335,1,0,0,0,0,0,0,0,0,0,0,0,0,0,0,0,0,0,0,0,0
9336,0,0,0,0,0,0,0,0,0,0,0,0,0,0,0,0,0,0,0,0,0
9337,0,0,0,0,0,0,0,0,0,0,0,0,0,0,0,0,0,0,0,0,0
9338,0,0,0,0,0,0,0,0,0,0,0,0,0,0,0,0,0,0,0,0,0
9339,35,40,39,37,36,31,32,40,51,53,48,43,36,37,40,47,46,43,40,36,37
9340,0,0,0,0,0,0,0,0,0,0,0,0,0,0,0,0,0,0,0,0,0
9341,0,0,0,0,0,0,0,0,0,0,0,0,0,0,0,0,0,0,0,0,0
9342,4,4,4,4,3,3,3,4,4,3,4,3,2,3,4,4,3,4,3,3,3
9343,0,0,0,0,1,1,1,0,0,0,0,1,1,1,0,0,0,0,1,1,1
9344,8,7,7,6,7,5,5,7,6,7,5,7,5,5,7,7,7,6,7,6,5
9345,3,3,3,3,3,3,3,3,3,3,3,3,3,3,3,3,3,3,3,3,3
9346,13,12,10,9,10,9,10,13,12,10,9,10,9,10,13,12,10,9,10,9,10
9347,2,2,3,2,2,3,3,2,2,3,2,2,3,3,2,2,3,2,2,3,3
9348,11,14,15,12,12,10,11,12,14,15,12,12,10,11,12,15,15,12,12,11,12
9349,1,1,1,1,1,1,1,1,1,1,1,1,1,1,1,1,1,1,1,1,1
9350,1,1,1,1,1,1,1,1,1,1,1,1,1,1,1,1,1,1,1,1,1
9351,1,1,0,1,1,0,0,1,1,0,1,1,0,0,1,1,0,1,1,0,0
9352,0,0,0,0,0,0,0,0,0,0,0,0,0,0,0,0,0,0,0,0,0
9353,0,0,0,0,0,0,0,0,0,0,0,0,0,0,0,0,0,0,0,0,0
9354,0,0,0,0,0,0,0,0,0,0,0,0,0,0,0,0,0,0,0,0,0
9355,0,0,0,0,0,0,0,0,0,0,0,0,0,0,0,0,0,0,0,0,0
9356,0,0,0,0,0,0,0,0,0,0,0,0,0,0,0,0,0,0,0,0,0
9357,0,0,0,0,0,0,0,0,0,0,0,0,0,0,0,0,0,0,0,0,0
9358,0,0,0,0,0,0,0,0,0,0,1,1,1,1,1,1,1,1,1,1,1
9359,0,0,0,0,0,0,0,0,0,0,0,0,0,0,0,0,0,0,0,0,0
9360,1,1,1,0,1,1,0,1,1,1,1,1,1,0,1,1,1,1,1,1,0
9361,4,2,1,1,1,3,1,2,1,1,1,1,3,1,3,1,1,1,1,3,1
9362,3,3,3,2,2,2,2,2,2,2,2,2,2,2,2,2,2,2,2,2,2
9363,0,1,0,0,0,0,1,1,1,1,1,0,0,0,1,1,0,0,0,0,1
9364,0,0,0,0,0,0,0,0,0,0,0,0,0,0,0,0,0,0,0,0,0
9365,0,0,0,0,0,0,0,0,0,0,0,0,0,0,0,0,0,0,0,0,0
9366,0,0,0,0,0,0,0,0,0,0,0,0,0,0,0,0,0,0,0,0,0
9367,0,0,0,0,0,0,0,0,0,0,0,0,0,0,0,0,0,0,0,0,0
9368,5,5,5,4,3,3,3,4,5,4,4,3,3,3,4,5,5,4,3,3,4
9369,1,1,1,1,1,1,1,0,1,0,0,0,1,1,0,1,0,0,0,1,1
9370,0,0,0,0,0,0,0,0,0,0,0,0,0,0,0,0,0,0,0,0,0
9371,1,1,1,2,2,2,1,1,1,1,2,2,2,1,1,1,2,2,2,2,1
9372,1,1,0,1,0,0,0,1,1,1,1,0,0,0,1,1,0,1,0,0,0
9373,3,4,4,3,4,3,2,3,3,4,3,4,3,3,3,3,4,3,4,3,2
9374,0,0,0,0,0,0,0,0,0,0,0,0,0,0,0,0,0,0,0,0,0
9375,4,5,4,3,4,4,4,4,5,4,3,4,4,4,4,5,4,3,4,4,4
9376,0,0,0,0,0,0,0,0,0,0,0,0,0,0,0,0,0,0,0,0,0
9377,0,0,0,0,0,0,0,0,0,0,0,0,0,0,0,0,0,0,0,0,0
9378,0,0,0,0,0,0,0,0,0,0,0,0,0,0,0,0,0,0,0,0,0
9379,0,0,0,0,0,0,0,0,0,0,0,0,0,0,0,0,0,0,0,0,0
9380,0,0,0,0,0,0,0,0,0,0,0,0,0,0,0,0,0,0,0,0,0
9381,5,6,6,6,5,5,5,5,6,6,6,5,5,5,5,6,6,6,5,5,5
9382,1,2,2,2,1,1,1,1,2,2,2,1,1,1,1,2,2,2,1,1,1
9383,4,4,4,3,3,3,3,3,3,4,3,3,3,3,3,3,3,3,3,3,3
9384,114,107,100,88,84,89,90,114,107,100,88,83,88,89,113,107,100,88,83,88,89
9385,3,2,3,2,2,2,2,3,2,3,2,2,2,2,3,2,3,2,2,2,2
9386,16,18,18,14,13,15,14,16,18,18,14,13,15,14,16,18,18,14,13,15,14
9387,0,0,0,0,0,0,0,0,0,0,0,0,0,0,0,0,0,0,0,0,0
9388,2,2,2,1,1,1,1,2,2,2,1,1,1,1,2,2,2,1,1,1,1
9389,1,1,0,0,0,0,0,1,1,0,0,0,0,0,1,1,0,0,0,0,0
9390,0,0,0,0,0,0,0,0,1,1,1,1,1,1,1,1,1,1,1,1,1
9391,14,13,12,10,9,9,11,13,13,12,10,8,8,10,13,13,12,10,9,8,11
9392,9,10,9,8,7,6,8,9,10,9,8,7,6,8,9,10,9,8,7,6,8
9393,10,10,10,8,8,7,7,9,9,9,8,7,7,8,10,10,10,8,8,7,8
9394,4,3,4,4,3,3,3,4,3,4,3,3,3,3,5,4,4,4,3,3,3
9395,2,2,3,2,2,2,2,2,2,3,2,2,2,2,2,2,3,2,2,2,2
9396,16,14,17,13,13,12,16,16,14,17,12,13,11,15,16,14,17,12,13,11,15
9397,0,0,0,0,0,0,0,0,0,0,0,0,0,0,0,0,0,0,0,0,0
9398,15,16,12,10,12,11,12,15,16,12,10,12,11,12,14,16,12,10,12,11,12
9399,0,0,0,0,0,0,0,0,0,0,0,0,0,0,0,0,0,0,0,0,0
9400,11,11,11,8,8,10,11,11,11,11,8,8,10,11,11,12,11,8,8,10,11
9401,1,1,1,1,1,1,1,1,1,1,1,1,1,1,1,1,1,1,1,1,1
9402,2,1,1,1,1,1,1,2,1,1,1,1,1,1,2,1,1,1,1,1,1
9403,10,8,8,7,8,7,9,9,7,8,6,8,7,9,9,7,8,6,8,7,9
9404,1,1,0,0,0,0,1,1,1,0,0,0,0,1,1,1,0,0,0,0,1
9405,1,1,1,1,0,1,1,1,1,1,1,1,1,1,1,1,1,1,0,1,1
9406,0,0,0,0,0,0,0,0,0,0,0,0,0,0,0,0,0,0,0,0,0
9407,0,0,0,0,0,0,0,0,0,0,0,0,0,0,0,0,0,0,0,0,0
9408,10,9,9,9,8,8,9,10,9,9,8,8,8,8,10,9,9,8,8,8,8
9409,1,1,1,0,0,0,0,1,1,1,0,0,0,0,1,1,1,0,0,0,0
9410,1,1,1,0,0,0,0,1,1,1,0,0,0,0,1,1,1,0,0,0,0
9411,0,0,0,0,0,0,0,0,0,0,0,0,0,0,0,0,0,0,0,0,0
9412,2,2,2,2,2,1,1,2,2,2,2,2,1,1,2,2,2,2,2,1,1
9413,0,0,0,0,0,0,0,0,0,0,0,0,0,0,0,0,0,0,0,0,0
9414,1,1,1,1,1,1,1,1,1,1,1,1,1,1,1,1,1,1,1,1,1
9415,0,1,1,1,0,0,0,0,1,1,1,0,0,0,0,1,1,1,0,0,0
9416,4,4,5,4,4,3,3,4,4,5,4,4,3,3,4,4,5,4,4,3,3
9417,0,0,1,1,1,0,0,0,0,1,1,1,0,0,0,0,1,1,1,0,0
9418,1,1,1,1,1,1,1,1,1,1,1,1,1,1,1,1,1,1,1,1,1
9419,0,0,0,0,0,0,0,0,0,0,0,0,0,0,0,0,0,0,0,0,0
9420,20,20,16,15,14,14,14,15,15,12,11,11,13,16,18,17,14,12,11,13,14
9421,29,25,22,22,21,22,24,23,23,24,23,21,23,27,24,23,22,21,19,21,24
9422,6,6,5,3,3,4,4,5,5,4,3,3,4,4,5,5,4,3,3,3,4
9423,2,2,2,2,1,2,2,2,2,2,2,1,2,2,2,2,2,2,1,2,2
9424,46,43,40,36,33,32,36,37,37,37,33,31,32,38,38,36,35,30,28,29,35
9425,66,66,61,54,52,49,50,63,64,61,55,53,51,53,64,61,56,48,46,45,47
9426,0,0,0,0,0,0,0,0,0,0,0,0,0,0,0,0,0,0,0,0,0
9427,1,1,1,0,1,1,1,1,1,1,0,1,1,1,1,1,1,0,1,1,1
9428,3,3,3,3,3,2,3,3,3,3,3,3,2,3,3,3,3,3,3,2,3
9429,0,0,0,0,0,0,0,0,0,0,0,0,0,0,0,0,0,0,0,0,0
9430,3,3,2,2,2,3,3,3,3,2,2,2,3,3,3,3,2,2,2,3,3
9431,1,1,1,1,1,1,1,1,1,1,1,1,1,1,1,1,1,1,1,1,1
9432,1,1,2,2,1,1,1,1,1,2,2,1,1,1,1,1,2,2,1,1,1
9433,0,0,0,0,0,0,0,0,0,0,0,0,0,0,0,0,0,0,0,0,0
9434,0,1,0,0,0,0,0,0,1,0,0,0,0,0,0,1,0,0,0,0,0
9435,0,0,0,0,0,0,0,0,0,0,0,0,0,0,0,0,0,0,0,0,0
9436,4,4,3,3,3,3,3,4,4,3,3,3,3,3,4,4,3,3,3,3,3
9437,1,1,1,0,0,0,0,1,1,1,0,0,0,0,1,1,1,0,0,0,0
9438,7,6,5,4,4,4,4,5,5,5,4,4,4,4,5,5,5,4,4,4,4
9439,0,0,0,0,0,0,0,0,0,0,0,0,0,0,0,0,0,0,0,0,0
9440,0,0,0,0,0,0,0,0,0,0,0,0,0,0,0,0,0,0,0,0,0
9441,0,0,0,0,0,0,0,0,0,0,0,0,0,0,0,0,0,0,0,0,0
9442,0,0,0,0,0,0,0,0,0,0,0,0,0,0,0,0,0,0,0,0,0
9443,0,0,0,0,0,0,0,0,0,0,0,0,0,0,0,0,0,0,0,0,0
9444,0,1,1,1,1,1,0,0,1,1,1,1,1,0,0,1,1,1,1,1,0
9445,0,0,0,0,0,0,0,0,0,0,0,0,0,0,0,0,0,0,0,0,0
9446,2,3,4,4,4,5,5,2,3,4,4,4,5,5,2,3,4,4,4,5,5
9447,0,0,0,0,0,0,0,0,0,0,0,0,0,0,0,0,0,0,0,0,0
9448,0,0,0,0,0,0,0,0,0,0,0,0,0,0,0,0,0,0,0,0,0
9449,0,0,0,0,0,0,0,0,0,0,0,0,0,0,0,0,0,0,0,0,0
9450,0,0,0,0,0,0,0,0,0,0,0,0,0,0,0,0,0,0,0,0,0
9451,0,0,0,0,0,0,0,0,0,0,0,0,0,0,0,0,0,0,0,0,0
9452,0,0,0,0,0,0,0,0,0,0,0,0,0,0,0,0,0,0,0,0,0
9453,0,0,0,0,0,0,0,0,0,0,0,0,0,0,0,0,0,0,0,0,0
9454,0,0,0,0,0,0,0,0,0,0,0,0,0,0,0,0,0,0,0,0,0
9455,0,0,0,0,0,0,0,0,0,0,0,0,0,0,0,0,0,0,0,0,0
9456,0,0,0,0,0,0,0,0,0,0,0,0,0,0,0,0,0,0,0,0,0
9457,0,0,0,0,0,0,0,0,0,0,0,0,0,0,0,0,0,0,0,0,0
9458,0,0,0,0,0,0,0,0,0,0,0,0,0,0,0,0,0,0,0,0,0
9459,0,0,0,0,0,0,0,0,0,0,0,0,0,0,0,0,0,0,0,0,0
9460,1,1,1,0,0,0,0,1,1,1,0,0,0,0,1,1,1,0,0,0,0
9461,0,0,0,0,0,0,0,0,0,0,0,0,0,0,0,0,0,0,0,0,0
9462,0,0,0,0,0,0,0,0,0,0,0,0,0,0,0,0,0,0,0,0,0
9463,0,0,0,0,0,0,0,0,0,0,0,0,0,0,0,0,0,0,0,0,0
9464,0,0,0,0,0,0,0,0,0,0,0,0,0,0,0,0,0,0,0,0,0
9465,0,0,0,0,0,0,0,0,0,0,0,0,0,0,0,0,0,0,0,0,0
9466,0,0,0,0,0,0,0,0,0,0,0,0,0,0,0,0,0,0,0,0,0
9467,0,0,0,0,0,0,0,0,0,0,0,0,0,0,0,0,0,0,0,0,0
9468,0,0,0,0,0,0,0,0,0,0,0,0,0,0,0,0,0,0,0,0,0
9469,1,1,1,1,1,1,1,1,1,1,1,1,1,1,1,1,1,1,1,1,1
9470,0,0,0,0,0,0,0,0,0,0,0,0,0,0,0,0,0,0,0,0,0
9471,0,0,0,0,0,0,0,0,0,0,0,0,0,0,0,0,0,0,0,0,0
9472,0,0,1,0,0,0,0,0,0,1,0,0,0,0,0,0,1,0,0,0,0
9473,4,4,4,1,1,1,2,4,4,4,1,1,1,2,4,4,4,1,1,1,2
9474,0,0,0,0,0,0,0,0,0,0,0,0,0,0,0,0,0,0,0,0,0
9475,0,0,0,0,0,0,0,0,0,0,0,0,0,0,0,0,0,0,0,0,0
9476,0,0,0,0,0,0,0,0,0,0,0,0,0,0,0,0,0,0,0,0,0
9477,0,0,0,0,0,0,0,0,0,0,0,0,0,0,0,0,0,0,0,0,0
9478,78,102,112,101,88,66,58,74,101,116,103,86,61,48,57,79,93,83,71,56,54
9479,0,0,1,1,0,0,0,0,0,1,1,0,0,0,0,0,1,1,0,0,0
9480,49,54,60,63,59,44,44,49,53,60,62,59,44,44,49,53,60,62,59,44,44
9481,10,9,10,8,9,6,8,9,9,9,8,9,6,8,9,9,9,8,9,6,8
9482,23,26,26,24,22,17,18,23,26,26,23,21,17,18,23,26,26,23,21,17,18
9483,5,6,6,5,4,4,4,5,6,6,5,4,4,4,5,6,6,5,4,4,4
9484,209,233,199,172,113,102,161,207,229,195,175,119,101,149,191,216,185,166,113,103,157
9485,73,88,90,76,64,50,62,68,81,81,64,52,39,53,65,84,88,75,64,50,60
9486,603,777,796,771,661,424,447,575,789,827,797,684,450,475,605,813,831,797,686,465,496
9487,61,64,68,67,62,52,54,63,68,75,71,65,60,64,58,50,54,48,45,44,54
9488,25,27,27,28,27,23,22,25,24,22,20,18,17,18,22,22,21,21,20,19,19
9489,12,13,16,14,13,11,9,12,13,15,14,13,11,9,12,13,15,14,13,11,9
9490,7,7,8,6,6,5,4,7,7,8,6,6,5,4,7,7,8,6,6,5,4
9491,15,20,17,16,13,12,8,15,20,17,16,13,12,8,15,20,17,16,13,12,8
9492,0,0,1,1,1,0,0,0,0,1,1,1,0,0,0,0,1,1,1,0,0
9493,21,25,26,24,22,18,18,21,25,26,24,21,18,18,21,25,26,24,21,18,18
9494,34,36,38,38,34,29,29,35,36,37,37,33,29,29,34,36,37,37,33,29,29
9495,13,16,14,14,11,10,10,13,16,14,14,11,10,10,13,16,14,14,11,10,10
9496,27,31,32,35,33,29,27,27,30,32,35,32,28,27,27,30,32,35,32,28,27
9497,5,4,4,3,3,4,4,5,4,4,3,3,4,4,5,4,4,4,3,4,4
9498,10,11,13,13,11,10,9,10,11,12,12,11,9,9,10,11,12,12,11,9,9
9499,14,25,26,20,9,8,9,14,25,26,20,9,8,9,14,25,26,20,9,8,9
9500,10,10,12,13,12,9,8,9,10,11,13,11,9,8,9,10,11,13,11,9,8
9501,8,8,8,9,9,8,7,8,8,8,9,9,8,7,8,8,8,9,9,8,7
9502,16,19,20,19,16,15,15,16,19,20,19,16,15,15,16,19,20,19,16,15,15
9503,16,36,45,45,48,43,53,54,55,45,37,33,18,20,23,37,41,37,33,21,22
9504,18,20,24,30,39,43,46,34,23,24,30,37,34,22,18,20,24,30,37,34,22
9505,130,191,259,269,258,238,199,130,191,259,269,258,238,199,130,191,259,268,258,238,199
9506,187,233,295,292,260,259,182,213,283,348,326,273,258,169,185,249,326,323,283,283,197
9507,275,319,356,464,393,330,242,295,370,420,519,432,359,265,302,360,391,493,421,370,269
9508,7,11,10,9,10,9,8,7,11,10,9,10,9,8,8,11,10,9,10,9,8
9509,2,1,1,2,2,2,2,2,1,1,2,2,2,2,2,1,1,2,2,2,2
9510,0,0,0,0,0,0,0,0,0,0,0,0,0,0,0,0,0,0,0,0,0
9511,1,0,0,0,0,0,0,1,0,0,0,0,0,0,1,0,0,0,0,0,0
9512,0,0,0,0,0,0,0,0,0,0,0,0,0,0,0,0,0,0,0,0,0
9513,1,1,1,0,0,0,1,1,1,1,0,0,0,1,1,1,1,0,0,0,1
9514,0,0,0,0,0,0,0,0,0,0,0,0,0,0,0,0,0,0,0,0,0
9515,29,32,32,31,29,26,28,35,41,38,34,29,25,28,31,33,30,28,25,25,25
9516,0,0,0,0,0,0,0,0,0,0,0,0,0,0,0,0,0,0,0,0,0
9517,2,2,2,2,2,2,2,2,2,2,1,1,1,2,2,2,2,2,1,1,2
9518,0,0,0,0,0,0,0,0,0,0,0,0,0,0,0,0,0,0,0,0,0
9519,41,44,44,40,34,33,33,41,43,43,39,34,33,33,41,43,43,40,34,33,34
9520,0,0,0,0,0,0,0,0,0,0,0,0,0,0,0,0,0,0,0,0,0
9521,7,6,6,6,5,4,5,6,5,6,6,5,5,5,6,5,6,6,5,4,5
9522,0,0,0,0,0,0,0,0,0,0,0,0,0,0,0,0,0,0,0,0,0
9523,2,2,3,3,3,2,2,2,2,3,3,3,2,2,2,2,3,3,3,2,2
9524,0,0,0,0,0,0,0,0,0,0,0,0,0,0,0,0,0,0,0,0,0
9525,35,34,34,33,30,28,29,37,40,42,41,37,35,37,43,41,39,36,33,33,33
9526,1,2,2,2,1,1,1,1,2,2,2,1,1,1,1,2,2,2,1,1,1
9527,0,0,0,0,0,0,0,0,0,0,0,0,0,0,0,0,0,0,0,0,0
9528,54,62,64,61,54,46,45,55,68,73,68,57,49,47,50,54,56,54,46,42,43
9529,36,35,35,35,33,31,31,37,35,35,35,32,31,30,36,35,35,35,32,31,31
9530,0,0,0,0,0,0,0,0,0,0,0,0,0,0,0,0,0,0,0,0,0
9531,0,0,0,0,0,0,0,0,0,0,0,0,0,0,0,0,0,0,0,0,0
9532,0,0,0,1,0,0,0,1,1,0,1,0,0,0,1,0,0,0,0,0,0
9533,0,0,0,0,0,0,0,0,0,0,0,0,0,0,0,0,0,0,0,0,0
9534,0,0,0,0,0,0,0,0,0,0,0,0,0,0,0,0,0,0,0,0,0
9535,0,0,0,0,0,0,0,0,0,0,0,0,0,0,0,0,0,0,0,0,0
9536,0,0,0,0,0,0,0,0,0,0,0,0,0,0,0,0,0,0,0,0,0
9537,1,1,1,1,1,1,1,1,1,1,1,1,1,1,1,1,1,1,1,1,1
9538,0,0,0,0,0,0,0,0,0,0,0,0,0,0,0,0,0,0,0,0,0
9539,0,0,0,0,0,0,0,0,0,0,0,0,0,0,0,0,0,0,0,0,0
9540,0,0,0,1,1,1,1,1,1,0,0,0,0,1,1,1,0,0,0,1,1
9541,0,0,0,0,0,0,0,0,0,0,0,0,0,0,0,0,0,0,0,0,0
9542,0,0,0,0,0,0,0,0,0,0,0,0,0,0,0,0,0,0,0,0,0
9543,6,6,6,7,7,5,5,5,6,6,6,7,5,5,5,5,6,6,7,5,5
9544,4,4,5,4,3,3,3,4,4,5,4,3,3,3,4,4,5,4,3,3,3
9545,5,5,5,4,4,4,4,5,5,5,4,4,4,4,5,5,5,5,4,4,4
9546,1,1,1,1,1,1,1,2,2,2,1,1,1,1,2,2,2,1,1,2,2
9547,1,1,1,1,1,1,1,1,1,1,1,1,1,1,1,1,1,1,1,1,1
9548,1,1,1,1,1,1,1,1,1,1,1,1,1,1,1,1,1,1,1,1,1
9549,1,1,1,1,1,1,1,1,1,1,1,1,1,1,1,1,1,1,1,1,1
9550,0,0,0,0,1,0,0,0,0,0,0,1,0,0,0,0,0,0,1,0,0
9551,0,0,0,0,0,0,0,0,0,0,0,0,0,0,0,0,0,0,0,0,0
9552,1,1,1,0,0,0,0,1,1,1,0,0,0,0,1,1,1,0,0,0,0
9553,233,275,255,241,214,190,190,241,284,260,239,207,182,187,239,283,260,243,216,197,200
9554,19,35,32,28,32,28,16,19,35,32,27,32,27,15,18,35,32,27,32,27,15
9555,271,292,299,257,222,186,192,275,305,318,272,232,195,202,277,292,295,248,212,181,192
9556,5,5,6,7,7,4,4,5,6,6,7,7,4,4,5,6,6,7,7,4,4
9557,7,7,9,9,8,7,4,7,7,9,9,8,7,4,7,8,10,9,9,7,4
9558,0,0,0,0,0,0,0,0,0,0,0,0,0,0,0,0,0,0,0,0,0
9559,0,0,0,0,0,0,0,0,0,0,0,0,0,0,0,0,0,0,0,0,0
9560,0,0,0,0,0,0,0,0,0,0,0,0,0,0,0,0,0,0,0,0,0
9561,0,0,1,0,0,0,0,0,0,1,0,0,0,0,0,0,1,0,0,0,0
9562,1,1,1,1,0,0,1,1,1,1,1,0,0,0,1,1,1,1,0,0,1
9563,0,0,0,0,0,0,0,0,0,0,0,0,0,0,0,0,0,0,0,0,0
9564,0,0,0,0,0,0,0,0,0,0,0,0,0,0,0,0,0,0,0,0,0
9565,1,1,1,0,1,0,0,1,1,1,0,1,0,0,1,1,1,1,1,1,0
9566,0,0,0,0,0,0,0,0,0,0,0,0,0,0,0,0,0,0,0,0,0
9567,7,7,8,6,6,5,5,6,7,8,7,6,5,6,7,8,9,7,6,5,6
9568,0,0,0,0,0,0,0,0,0,0,0,0,0,0,0,0,0,0,0,0,0
9569,6,8,8,7,5,4,4,6,8,8,7,5,4,4,6,8,8,7,5,4,4
9570,0,0,0,0,0,0,0,0,0,0,0,0,0,0,0,0,0,0,0,0,0
9571,14,14,14,13,12,11,13,14,14,14,13,12,11,13,14,14,14,13,12,11,13
9572,0,0,0,0,0,0,0,0,0,0,0,0,0,0,0,0,0,0,0,0,0
9573,7,7,7,6,5,4,5,7,7,7,6,5,5,5,7,7,7,6,5,4,5
9574,4,4,4,4,4,4,4,4,4,4,4,4,4,4,4,4,4,4,4,4,4
9575,3,3,3,3,3,3,3,3,3,3,3,3,3,3,3,3,3,3,3,3,3
9576,40,43,44,43,40,38,35,40,43,44,43,40,38,35,40,43,44,43,40,38,35
9577,5,5,5,6,5,5,4,5,5,5,6,5,5,4,5,5,5,6,5,5,4
9578,11,10,8,7,7,6,6,8,8,7,7,7,7,8,9,8,7,7,7,7,7
9579,1,1,1,1,1,1,1,1,1,1,1,1,1,1,1,1,1,1,1,1,1
9580,0,0,0,0,0,0,0,0,0,0,0,0,0,0,0,0,0,0,0,0,0
9581,0,0,0,0,0,0,0,0,0,0,0,0,0,0,0,0,0,0,0,0,0
9582,10,9,7,6,6,5,6,7,7,7,6,6,6,6,8,7,7,7,6,7,7
9583,0,1,1,0,0,0,0,0,1,1,0,0,0,0,0,1,1,0,0,0,0
9584,29,31,32,30,27,26,25,29,31,32,29,27,25,25,28,31,32,29,27,25,25
9585,0,0,0,0,0,0,0,0,0,0,0,0,0,0,0,0,0,0,0,0,0
9586,0,0,0,0,0,0,0,0,0,0,0,0,0,0,0,0,0,0,0,0,0
9587,0,0,0,0,0,0,0,0,0,0,0,0,0,0,0,0,0,0,0,0,0
9588,2,2,2,1,1,1,1,2,1,1,1,1,1,1,2,2,1,1,1,1,1
9589,239,209,195,137,105,153,205,239,209,195,137,105,153,205,239,209,195,137,105,153,205
9590,0,1,1,1,1,1,1,1,1,1,1,1,1,1,0,1,1,0,1,0,1
9591,4,4,4,4,4,3,4,4,4,4,4,4,4,4,4,5,4,4,4,3,4
9592,3,2,2,2,2,1,2,3,2,2,2,2,1,2,3,2,2,2,2,1,2
9593,0,0,0,0,0,0,0,0,0,0,0,0,0,0,0,0,0,0,0,0,0
9594,0,0,0,0,0,0,0,0,0,0,0,0,0,0,0,0,0,0,0,0,0
9595,0,0,0,0,0,0,0,0,0,0,0,0,0,0,0,0,0,0,0,0,0
9596,1,1,1,1,1,1,1,1,1,1,1,1,1,1,1,1,1,1,1,0,1
9597,0,0,0,0,0,0,0,0,0,0,0,0,0,0,0,0,0,0,0,0,0
9598,52,51,47,47,44,43,42,52,53,49,48,43,44,43,49,46,43,43,40,42,40
9599,0,0,0,0,0,0,0,0,0,0,0,0,0,0,0,0,0,0,0,0,0
9600,1,0,0,0,0,0,0,1,0,0,0,0,0,0,1,0,0,0,0,0,0
9601,3,3,3,2,3,2,2,3,3,3,2,3,2,2,3,3,3,2,3,2,2
9602,0,0,0,0,0,0,0,0,0,0,0,0,0,0,0,0,0,0,0,0,0
9603,0,0,0,0,0,0,0,0,0,0,0,0,0,0,0,0,0,0,0,0,0
9604,0,0,0,0,0,0,0,0,0,0,0,0,0,0,0,0,0,0,0,0,0
9605,0,0,0,0,0,0,0,0,0,0,0,0,0,0,0,0,0,0,0,0,0
9606,0,0,0,0,0,0,0,0,0,0,0,0,0,0,0,0,0,0,0,0,0
9607,0,0,0,0,0,0,0,0,0,0,0,0,0,0,0,0,0,0,0,0,0
9608,0,0,0,0,0,0,0,0,0,0,0,0,0,0,0,0,0,0,0,0,0
9609,1,0,0,0,0,0,0,0,0,0,0,0,0,0,0,0,0,1,1,1,1
9610,1,1,1,1,1,1,1,1,1,1,1,1,1,1,1,1,1,1,1,1,1
9611,0,0,0,0,0,0,0,0,0,0,0,0,0,0,0,0,0,0,0,0,0
9612,1,1,1,1,1,1,1,1,1,1,1,1,1,1,1,1,1,1,1,1,1
9613,1,1,1,2,1,1,1,1,1,1,2,1,1,1,1,1,1,2,1,1,1
9614,0,0,0,0,0,0,0,0,0,0,0,0,0,0,0,0,0,0,0,0,0
9615,1,1,1,0,0,0,1,1,1,1,1,0,1,1,1,1,1,0,0,0,1
9616,0,0,0,0,0,0,0,0,0,0,0,0,0,0,0,0,0,0,0,0,0
9617,1,1,1,1,1,1,1,1,1,1,1,1,1,1,1,1,1,1,1,1,1
9618,0,0,0,0,0,0,0,0,0,0,0,0,0,0,0,0,0,0,0,0,0
9619,15,14,14,14,13,12,10,13,13,13,14,12,11,10,13,13,13,14,13,12,10
9620,43,48,50,49,45,37,35,42,48,50,47,42,34,33,37,40,43,42,38,31,29
9621,8,9,8,7,6,5,5,6,8,8,7,6,5,5,7,8,8,7,6,6,6
9622,2,3,3,2,2,2,2,2,3,3,3,3,2,2,3,4,3,3,3,2,2
9623,3,4,4,4,3,2,2,3,4,5,4,3,2,2,3,4,5,4,3,2,2
9624,1,1,1,1,1,1,1,1,1,1,1,1,1,1,1,1,1,1,0,0,1
9625,3,3,4,3,3,3,3,4,5,6,5,4,3,3,4,4,5,4,4,3,3
9626,27,30,32,32,32,28,28,33,38,37,34,31,27,27,29,30,30,28,27,25,23
9627,32,38,38,33,29,22,21,27,35,40,37,33,27,27,33,41,43,38,34,28,27
9628,48,58,55,47,41,32,29,40,53,53,45,40,32,29,40,53,52,45,39,30,28
9629,3,2,2,2,2,2,2,2,2,2,2,2,2,2,2,2,2,2,2,2,2
9630,0,0,0,0,0,0,0,0,0,0,0,0,0,0,0,0,0,0,0,0,0
9631,2,3,3,3,2,2,2,2,3,3,3,2,2,2,2,3,3,3,2,2,2
9632,26,37,34,32,27,21,19,26,37,34,32,27,21,19,26,37,34,32,27,21,19
9633,27,38,36,33,29,21,19,27,38,36,33,29,21,19,27,38,36,33,29,21,19
9634,3,3,3,3,3,2,2,3,3,3,3,3,2,2,3,3,3,3,3,2,2
9635,2,2,2,1,1,1,1,2,2,2,2,2,1,2,2,2,2,2,2,2,2
9636,5,3,2,2,2,2,2,3,2,1,2,2,2,2,4,2,2,2,3,3,3
9637,71,80,74,68,49,41,45,64,76,75,69,50,43,47,64,70,67,62,44,39,43
9638,40,42,37,37,31,30,27,29,30,29,31,26,30,34,37,35,31,32,28,31,32
9639,3,3,3,2,2,2,2,3,3,2,2,2,2,2,3,3,2,2,2,2,2
9640,0,0,0,0,0,0,0,0,0,0,0,0,0,0,0,0,0,0,0,0,0
9641,1,1,1,1,1,1,1,1,1,1,1,1,1,1,1,1,1,1,1,1,1
9642,0,0,0,0,0,0,0,0,0,0,0,0,0,0,0,0,0,0,0,0,0
9643,0,0,0,0,0,0,0,0,0,0,0,0,0,0,0,0,0,0,0,0,0
9644,0,0,0,0,0,0,0,0,0,0,0,0,0,0,0,0,0,0,0,0,0
9645,0,0,0,0,0,0,0,0,0,0,0,0,0,0,0,0,0,0,0,0,0
9646,0,0,0,0,0,0,0,0,0,0,0,0,0,0,0,0,0,0,0,0,0
9647,0,0,0,0,0,0,0,0,0,0,0,0,0,0,0,0,0,0,0,0,0
9648,0,0,0,0,0,0,0,0,0,0,0,0,0,0,0,0,0,0,0,0,0
9649,11,12,12,11,10,9,10,14,16,17,14,11,9,10,12,13,13,11,9,9,10
9650,6,6,5,5,5,4,4,5,5,5,4,4,4,4,5,5,5,4,4,4,4
9651,227,253,262,219,194,173,176,226,263,281,239,207,183,185,227,249,260,214,188,175,185
9652,5,7,6,3,2,3,3,6,7,6,3,2,2,2,6,7,6,3,2,2,2
9653,1,1,2,1,1,1,1,1,1,2,1,1,1,1,1,1,2,1,1,1,1
9654,18,17,19,15,13,15,17,17,16,18,14,12,14,17,17,16,19,16,13,16,19
9655,7,8,8,6,6,5,5,7,8,8,6,6,5,5,7,8,8,6,6,5,5
9656,1,1,1,1,1,1,1,1,1,1,1,1,1,1,1,1,1,1,1,1,1
9657,1,1,1,1,0,1,1,1,1,1,1,0,1,1,1,2,1,1,0,1,1
9658,10,10,11,10,9,7,7,9,10,10,10,9,7,6,8,9,10,10,9,7,7
9659,2,2,2,2,2,2,2,2,1,1,2,2,2,2,2,2,2,2,2,2,2
9660,2,2,2,1,1,1,1,1,1,1,0,0,1,1,1,1,1,0,0,1,1
9661,7,6,5,5,4,3,4,5,6,5,4,4,3,4,5,5,5,4,3,3,4
9662,1,1,1,2,1,0,0,1,1,1,2,1,0,0,1,1,1,2,1,0,0
9663,3,4,4,4,3,2,2,3,4,4,3,3,2,2,3,4,4,3,3,2,2
9664,0,0,0,0,0,0,0,0,0,0,0,0,0,0,0,0,0,0,0,0,0
9665,0,0,0,0,0,0,0,0,0,0,0,0,0,0,0,0,0,0,0,0,0
9666,0,0,0,0,0,0,0,0,0,0,0,0,0,0,0,0,0,0,0,0,0
9667,0,0,0,0,0,0,0,0,0,0,0,0,0,0,0,0,0,0,0,0,0
9668,0,0,0,0,0,0,0,0,0,0,0,0,0,0,0,0,0,0,0,0,0
9669,0,0,0,0,0,0,0,0,0,0,0,0,0,0,0,0,0,0,0,0,0
9670,0,0,0,0,0,0,0,0,0,0,0,0,0,0,0,0,0,0,0,0,0
9671,0,0,0,0,0,0,0,0,0,0,0,0,0,0,0,0,0,0,0,0,0
9672,0,0,0,0,0,0,0,0,0,0,0,0,0,0,0,0,0,0,0,0,0
9673,0,0,0,0,0,0,0,0,0,0,0,0,0,0,0,0,0,0,0,0,0
9674,0,0,0,0,0,0,0,0,0,0,0,0,0,0,0,0,0,0,0,0,0
9675,0,0,0,0,0,0,0,0,0,0,0,0,0,0,0,0,0,0,0,0,0
9676,0,0,0,0,0,0,0,0,0,0,0,0,0,0,0,0,0,0,0,0,0
9677,0,0,0,0,0,0,0,0,0,0,0,0,0,0,0,0,0,0,0,0,0
9678,3,3,3,3,3,2,2,3,3,3,3,3,2,2,3,3,3,3,3,2,2
9679,0,0,0,0,0,0,0,0,0,0,0,0,0,0,0,0,0,0,0,0,0
9680,0,0,0,0,0,0,0,0,0,0,0,0,0,0,0,0,0,0,0,0,0
9681,0,0,0,0,0,0,0,0,0,0,0,0,0,0,1,0,0,0,0,0,0
9682,2,2,3,2,2,2,1,2,2,3,2,2,2,1,2,2,3,2,2,2,1
9683,0,0,0,0,0,0,0,0,0,0,0,0,0,0,0,0,0,0,0,0,0
9684,0,0,0,0,0,0,0,0,0,0,0,0,0,0,0,0,0,0,0,0,0
9685,0,0,0,0,0,0,0,0,0,0,0,0,0,0,0,0,0,0,0,0,0
9686,0,1,0,0,1,0,1,0,1,0,0,0,0,0,0,1,0,0,0,0,0
9687,0,0,0,0,0,0,0,0,0,0,0,0,0,0,0,0,0,0,0,0,0
9688,0,0,0,0,0,0,0,0,0,0,0,0,0,0,0,0,0,0,0,0,0
9689,0,0,0,0,0,0,0,0,0,0,0,0,0,0,0,0,0,0,0,0,0
9690,705,781,872,822,710,594,544,705,781,872,822,710,594,544,705,781,872,822,710,594,544
9691,0,0,0,0,0,0,0,0,0,0,0,0,0,0,0,0,0,0,0,0,0
9692,0,0,0,0,0,0,0,0,0,0,0,0,0,0,0,0,0,0,0,0,0
9693,1,1,1,0,0,0,0,1,1,1,0,0,0,0,1,1,1,0,0,0,0
9694,18,21,23,20,18,17,15,18,21,23,20,18,17,15,18,21,23,20,18,17,15
9695,9,8,8,8,7,6,6,9,8,8,8,7,6,6,9,8,8,8,7,6,6
9696,0,0,0,0,0,0,0,0,0,0,0,0,0,0,0,0,0,0,0,1,1
9697,0,0,1,1,1,1,0,0,0,1,1,1,1,0,0,0,1,1,1,1,0
9698,1,2,2,1,0,0,0,1,2,2,1,0,0,0,1,2,2,1,0,0,0
9699,0,0,0,0,0,0,0,0,0,0,0,0,0,0,0,0,0,0,0,0,0
9700,0,0,0,0,0,0,0,0,0,0,0,0,0,0,0,0,0,0,0,0,0
9701,0,0,0,0,0,0,0,0,0,0,0,0,0,0,0,0,0,0,0,0,0
9702,0,0,0,0,0,0,0,0,0,0,0,0,0,0,0,0,0,0,0,0,0
9703,1,1,1,1,1,1,1,1,1,1,1,1,1,1,1,1,1,1,1,1,1
9704,0,0,0,0,0,0,0,0,0,0,0,0,0,0,0,0,0,0,0,0,0
9705,0,0,0,0,0,0,0,0,0,0,0,0,0,0,0,0,0,0,0,0,0
9706,9,10,10,9,9,8,7,9,10,10,9,9,8,7,9,10,10,9,9,8,7
9707,230,273,275,218,122,151,176,224,277,281,217,115,143,168,215,268,278,220,124,156,182
9708,0,3,3,0,0,0,0,0,3,3,0,0,0,0,0,3,3,0,0,0,0
9709,31,29,28,26,25,23,25,32,34,33,30,28,26,27,33,33,32,29,28,27,27
9710,37,36,35,33,33,31,31,34,29,24,19,18,16,18,25,28,28,25,25,24,23
9711,0,1,1,0,0,0,0,0,1,1,0,0,0,0,0,1,1,1,0,0,0
9712,58,57,52,60,43,47,55,58,57,52,60,43,47,55,58,57,52,60,43,47,55
9713,0,4,6,5,3,1,1,0,4,6,5,3,1,1,0,4,6,5,3,1,1
9714,15,15,20,17,17,10,12,15,15,20,17,17,10,12,15,15,20,17,17,10,12
9715,0,0,0,0,0,0,0,0,0,0,0,0,0,0,0,0,0,0,0,0,0
9716,0,0,0,0,0,0,0,0,0,0,0,0,0,0,0,0,0,0,0,0,0
9717,0,0,0,0,0,0,0,0,0,0,0,0,0,0,0,0,0,0,0,0,0
9718,0,0,0,0,0,0,0,0,0,0,0,0,0,0,0,0,0,0,0,0,0
9719,11,12,14,18,18,17,13,11,12,14,19,18,17,13,11,12,14,19,19,17,13
9720,0,0,0,0,0,0,0,0,0,0,0,0,0,0,0,0,0,0,0,0,0
9721,0,0,0,0,0,0,0,0,0,0,0,0,0,0,0,0,0,0,0,0,0
9722,0,0,0,0,0,0,0,0,0,0,0,0,0,0,0,0,0,0,0,0,0
9723,1,1,1,1,1,1,1,1,1,1,1,1,1,1,1,1,1,1,1,1,1
9724,5,5,4,3,3,3,3,4,4,4,3,3,3,3,4,4,4,3,3,3,3
9725,6,6,5,5,4,5,5,6,6,6,5,4,5,5,6,6,6,5,4,5,5
9726,1,2,1,1,1,1,1,1,2,1,1,1,0,1,1,2,1,1,1,0,1
9727,23,23,21,19,17,14,18,22,22,21,19,17,14,17,21,21,20,18,17,14,17
9728,0,0,0,0,0,0,0,0,0,0,0,0,0,0,0,0,0,0,0,0,0
9729,17,15,13,10,10,10,11,13,12,12,10,9,10,10,12,11,11,8,8,9,10
9730,1,1,1,1,1,1,1,1,1,1,1,1,1,1,1,1,1,1,1,1,1
9731,2,2,2,2,1,1,1,1,1,1,1,1,1,1,1,1,1,1,1,1,1
9732,18,19,19,18,18,16,17,20,22,21,20,18,15,14,17,17,18,17,16,14,14
9733,0,0,0,1,0,0,0,0,0,0,1,0,0,0,0,0,0,0,0,0,0
9734,4,4,3,2,2,2,2,4,3,2,2,2,2,2,4,3,2,2,2,2,2
9735,3,3,3,2,2,2,2,3,3,3,2,2,2,2,3,3,3,2,2,2,2
9736,8,9,8,7,6,6,6,7,9,8,7,6,6,6,7,8,8,7,6,6,7
9737,10,11,10,9,8,7,8,9,11,10,8,7,6,8,9,10,9,8,7,6,8
9738,22,25,25,24,20,17,17,21,26,26,25,21,18,18,21,25,25,24,21,17,17
9739,0,0,0,0,0,0,0,0,0,0,0,0,0,0,0,0,0,0,0,0,0
9740,2,2,2,1,1,1,1,1,1,1,1,1,1,1,1,1,1,1,1,1,1
9741,0,0,0,0,0,0,0,0,0,0,0,0,0,0,0,0,0,0,0,0,0
9742,1,1,1,0,0,0,0,1,1,1,0,0,0,0,1,1,1,0,0,0,0
9743,53,53,49,46,43,41,44,48,47,42,38,34,34,39,44,43,40,38,36,39,42
9744,2,2,2,1,2,1,1,2,2,2,1,2,1,1,2,2,2,1,2,1,1
9745,4,3,2,2,2,2,2,3,2,2,2,2,2,2,3,2,2,2,2,2,2
9746,1,1,1,1,0,1,1,1,1,1,1,0,1,1,1,1,1,1,0,1,1
9747,11,11,10,9,7,8,9,11,11,10,9,7,8,9,10,11,10,9,8,8,10
9748,1,1,1,1,1,1,1,1,1,1,1,0,0,1,1,1,1,1,0,0,0
9749,1,1,1,1,1,1,1,1,1,1,1,1,1,1,1,1,1,1,1,1,1
9750,15,17,18,18,17,16,16,16,15,13,12,10,10,11,12,13,12,12,11,11,11
9751,0,0,0,0,0,0,1,1,0,0,0,0,0,1,1,1,1,1,0,0,1
9752,1,1,1,1,0,0,0,1,1,1,1,0,0,0,1,1,1,1,0,0,0
9753,0,0,0,0,0,0,0,0,0,0,0,0,0,0,0,0,0,0,0,0,0
9754,0,0,0,0,0,0,0,0,0,0,0,0,0,0,0,0,0,0,0,0,0
9755,0,1,1,1,1,1,0,0,1,1,1,1,1,0,0,1,1,1,1,1,0
9756,0,0,0,0,0,0,0,0,0,0,0,0,0,0,0,0,0,0,0,0,0
9757,0,0,0,0,0,0,0,0,0,0,0,0,0,0,0,0,0,0,0,0,0
9758,0,0,0,0,0,0,0,0,0,0,0,0,0,0,0,0,0,0,0,0,0
9759,0,0,0,0,0,0,0,0,0,0,0,0,0,0,0,0,0,0,0,0,0
9760,0,0,0,0,0,0,0,0,0,0,0,0,0,0,0,0,0,0,0,0,0
9761,0,0,0,0,0,0,0,0,0,0,0,0,0,0,0,0,0,0,0,0,0
9762,0,0,0,0,0,0,0,0,0,0,0,0,0,0,0,0,0,0,0,0,0
9763,0,0,0,0,0,0,0,0,0,0,0,0,0,0,0,0,0,0,0,0,0
9764,0,0,0,0,0,0,0,0,0,0,0,0,0,0,0,0,0,0,0,0,0
9765,0,0,0,0,0,0,0,0,0,0,0,0,0,0,0,0,0,0,0,0,0
9766,1,1,1,1,1,1,1,1,1,1,1,1,1,1,1,1,1,1,1,1,1
9767,1,1,1,0,0,0,0,0,1,0,0,0,0,0,1,1,0,0,0,0,0
9768,0,0,0,0,0,0,0,0,0,0,0,0,0,0,0,0,0,0,0,0,0
9769,0,0,0,0,0,0,0,0,0,0,0,0,0,0,0,0,0,0,0,0,0
9770,1,0,0,0,0,0,0,0,0,0,0,0,0,0,0,0,0,0,0,0,0
9771,0,0,0,0,0,0,0,0,0,0,0,0,0,0,0,0,0,0,0,0,0
9772,0,0,0,0,0,0,0,0,0,0,0,0,0,0,0,0,0,0,0,0,0
9773,2,3,3,4,4,3,2,2,2,3,4,4,3,2,2,2,3,4,4,3,2
9774,11,11,11,12,13,10,8,11,12,12,13,15,12,10,13,13,12,12,13,10,8
9775,2,2,2,2,2,1,1,2,2,2,2,2,1,1,2,2,2,2,2,2,1
9776,5,5,5,7,7,5,4,4,4,5,7,7,5,4,5,5,5,7,7,6,5
9777,4,4,4,4,4,3,3,3,3,4,4,4,3,3,3,3,4,4,4,3,3
9778,14,15,15,15,12,11,11,12,14,14,14,11,10,10,13,14,14,14,11,10,9
9779,0,1,1,1,0,0,1,0,1,1,1,0,0,0,0,1,1,1,0,0,1
9780,5,6,6,6,5,4,4,4,5,6,6,5,4,5,5,6,7,6,5,5,5
9781,3,3,3,5,4,3,3,3,3,3,4,4,3,3,3,3,3,4,4,3,3
9782,5,5,4,4,3,4,3,5,5,4,4,3,4,4,6,5,5,4,3,4,3
9783,0,0,0,0,0,0,0,0,0,0,0,0,0,0,0,0,0,0,0,0,0
9784,1,1,1,1,1,1,1,1,1,1,1,1,0,1,1,1,1,1,1,0,1
9785,0,0,0,0,0,0,0,0,0,0,0,0,0,0,0,0,0,0,0,0,0
9786,0,0,0,0,0,0,0,0,0,0,0,0,0,0,0,0,0,0,0,0,0
9787,0,0,0,0,0,0,0,0,0,0,0,0,0,0,0,0,0,0,0,0,0
9788,3,3,5,6,5,5,3,4,4,6,7,6,6,4,5,4,5,6,6,6,5
9789,0,0,0,0,0,0,0,0,0,0,0,0,0,0,0,0,0,0,0,0,0
9790,0,0,0,0,0,0,0,0,0,0,0,0,0,0,0,0,0,0,0,0,0
9791,0,0,0,0,0,0,0,0,0,0,0,0,0,0,0,0,0,0,0,0,0
9792,0,0,0,0,0,0,0,0,0,0,0,0,0,0,0,0,0,0,0,0,0
9793,4,5,5,4,4,4,4,5,6,5,4,4,4,4,5,6,5,5,4,4,4
9794,98,108,111,108,105,93,95,113,127,124,114,104,93,95,99,102,100,93,88,83,81
9795,5,5,4,4,3,3,3,5,5,4,4,3,3,3,5,5,4,4,3,3,3
9796,252,254,230,212,205,206,214,227,235,219,202,188,187,205,215,219,212,200,194,197,196
9797,42,42,40,40,38,35,37,43,45,43,40,37,35,37,40,39,37,34,32,32,34
9798,9,9,10,10,9,8,8,9,9,10,10,9,8,8,9,9,10,10,9,8,8
9799,262,309,310,280,263,247,236,261,309,310,280,263,248,237,262,309,311,282,267,254,242
9800,0,0,0,0,0,0,0,0,0,0,0,0,0,0,0,0,0,0,0,0,0
9801,8,9,8,6,7,7,7,8,9,8,6,6,6,7,8,8,8,6,6,6,7
9802,13,15,16,17,14,9,8,13,15,16,17,14,9,8,13,15,16,17,14,9,8
9803,3,3,3,3,3,3,3,3,3,3,3,3,3,3,3,3,3,3,3,3,3
9804,0,0,0,0,0,0,0,0,0,0,0,0,0,0,0,0,0,0,0,0,0
9805,7,11,7,7,5,7,7,7,11,8,7,5,7,7,7,11,7,7,5,7,7
9806,4,3,2,2,2,2,3,3,3,2,2,2,2,3,4,4,3,2,2,2,4
9807,1,2,2,2,2,1,1,1,1,2,2,2,1,1,1,1,2,2,2,1,1
9808,2,2,1,1,2,2,2,2,2,1,1,2,2,2,2,2,1,1,2,2,2
9809,2,1,2,2,2,2,2,2,1,2,2,2,2,2,2,1,2,2,2,2,2
9810,2,2,2,2,1,1,2,2,2,2,2,1,1,2,2,2,2,2,1,1,2
9811,1,1,1,1,1,1,0,1,1,1,1,1,1,0,1,1,1,1,1,1,0
9812,1,1,1,1,1,1,0,1,1,1,1,1,1,0,1,1,1,1,1,1,0
9813,11,12,10,10,10,9,9,11,12,10,10,10,9,9,11,12,10,10,10,9,9
9814,1,1,1,1,1,1,1,1,1,1,1,1,1,1,1,1,1,1,1,1,1
9815,1,1,0,0,0,1,0,1,1,0,0,0,1,0,1,1,0,0,0,1,0
9816,0,0,0,1,0,0,0,0,0,0,1,0,0,0,0,0,0,1,0,0,0
9817,0,0,0,1,1,1,0,0,0,0,1,1,1,0,0,0,0,1,1,1,0
9818,2,4,4,4,3,2,1,2,4,4,4,3,2,1,2,4,4,4,3,2,1
9819,2,2,2,2,2,2,2,2,2,2,2,2,2,2,2,2,2,2,2,2,2
9820,0,0,0,0,0,0,0,0,0,0,0,0,0,0,0,0,0,0,0,0,0
9821,0,0,0,0,0,0,0,0,0,0,0,0,0,0,0,0,0,0,0,0,0
9822,0,0,0,0,0,0,0,0,0,0,0,0,0,0,0,0,0,0,0,0,0
9823,1,1,2,2,1,1,1,1,1,2,2,1,1,1,1,1,2,2,1,1,1
9824,2,2,2,2,2,2,2,2,3,2,2,2,2,2,2,3,2,2,1,2,2
9825,10,13,6,1,0,0,5,0,0,0,1,2,4,7,0,0,0,0,1,6,19
9826,2,1,1,1,1,1,1,1,0,0,0,0,0,0,1,1,1,1,1,1,1
9827,2,1,0,0,0,0,0,0,0,0,0,0,0,0,0,1,1,1,1,2,3
9828,0,0,0,0,0,0,0,0,0,0,0,0,0,0,0,0,0,0,0,0,0
9829,0,0,0,1,1,1,1,1,1,1,1,1,1,1,1,1,1,1,1,1,1
9830,2,2,2,2,2,2,1,2,2,2,2,2,2,1,2,2,2,2,2,2,1
9831,3,3,4,3,3,3,2,3,3,4,3,3,3,2,3,4,4,4,3,3,2
9832,0,0,0,0,0,0,0,0,0,0,0,0,0,0,0,0,0,0,0,0,0
9833,27,39,43,28,34,24,15,27,39,43,28,34,24,15,27,39,43,28,34,24,15
9834,48,47,46,43,43,39,42,52,56,53,45,40,36,41,50,53,52,46,45,45,46
9835,20,21,21,20,20,19,19,21,22,20,17,15,14,16,19,21,20,19,20,22,21
9836,0,0,0,0,0,0,0,0,0,0,0,0,0,0,0,0,0,0,0,0,0
9837,4,4,4,3,3,2,3,4,5,5,4,3,3,4,4,5,5,4,3,3,4
9838,1,2,2,1,2,1,1,1,2,2,1,2,1,1,1,2,2,1,2,1,1
9839,0,0,0,0,0,0,0,0,0,0,0,0,0,0,0,0,0,0,0,0,0
9840,0,0,0,0,0,0,0,0,0,0,0,0,0,0,0,0,0,0,0,0,0
9841,1,1,1,1,1,0,1,1,1,1,1,1,0,1,1,1,1,1,1,0,1
9842,0,0,0,0,0,0,0,0,0,0,0,0,0,0,0,0,0,0,0,0,1
9843,0,0,0,0,0,0,0,0,0,0,0,0,0,0,0,0,0,0,0,0,0
9844,16,15,15,14,12,11,11,16,15,15,14,12,11,11,16,15,15,14,12,11,11
9845,4,6,8,7,7,4,3,4,6,8,8,7,4,3,5,6,8,7,6,4,3
9846,0,0,0,0,0,0,0,0,0,0,0,0,0,0,0,0,0,0,0,0,0
9847,1,1,1,1,1,1,1,1,1,1,1,0,0,0,1,0,0,0,0,0,0
9848,2,2,2,2,2,2,2,2,2,2,2,2,2,2,2,2,2,2,2,2,2
9849,0,0,0,0,0,0,0,0,0,0,0,0,0,0,0,0,0,0,0,0,0
9850,0,0,0,0,0,0,0,0,0,0,0,0,0,0,0,0,0,0,0,0,0
9851,0,0,0,0,0,0,0,0,0,0,0,0,0,0,0,1,0,0,0,0,0
9852,16,16,18,15,12,13,11,15,16,18,15,13,13,12,16,16,18,15,13,13,12
9853,26,27,28,25,24,21,22,27,31,34,30,27,24,25,28,28,28,24,22,20,20
9854,0,0,1,1,0,1,1,1,1,1,1,1,1,1,1,1,1,1,0,1,1
9855,37,42,40,31,29,27,28,35,41,39,31,29,27,29,36,42,40,31,30,28,29
9856,8,7,7,5,5,4,5,6,6,6,5,5,4,5,7,7,7,6,6,5,5
9857,1,1,2,1,2,1,1,2,2,2,1,2,1,1,2,2,2,1,1,1,1
9858,1,2,3,2,2,1,1,1,2,3,2,2,1,1,1,2,3,2,2,1,1
9859,23,28,29,27,23,21,24,28,35,35,31,27,23,25,27,32,32,28,24,21,22
9860,22,24,23,22,21,19,19,20,20,18,16,16,15,17,16,16,16,15,17,17,17
9861,0,1,0,0,0,0,0,0,1,0,1,0,0,0,0,1,0,1,0,0,0
9862,4,5,5,4,3,3,3,4,5,5,4,4,3,3,4,5,5,4,4,3,3
9863,2,2,2,2,2,2,1,2,2,2,2,2,2,1,2,2,2,2,1,2,1
9864,2,3,3,2,2,2,2,2,3,3,2,2,2,2,2,3,3,2,2,2,2
9865,1,1,1,1,1,1,1,1,1,1,1,1,1,1,1,1,1,1,1,1,1
9866,5,6,7,5,5,3,3,4,5,6,5,5,4,3,4,5,6,5,5,4,3
9867,28,29,32,31,29,26,23,28,33,37,34,31,29,26,28,28,31,28,25,23,20
9868,4,4,4,3,2,2,2,3,4,4,3,2,2,2,3,4,4,3,2,2,2
9869,0,0,0,0,0,0,0,0,0,0,0,0,0,0,0,0,0,0,0,0,0
9870,0,0,0,0,0,0,0,0,0,0,0,0,0,0,0,0,0,0,0,0,0
9871,0,0,0,1,1,1,1,1,1,1,1,1,1,1,1,1,1,1,1,1,1
9872,0,0,0,0,0,0,0,0,0,0,0,0,0,0,0,0,0,0,0,0,0
9873,0,0,0,0,0,0,0,0,0,0,0,0,0,0,0,0,0,0,0,0,0
9874,0,0,0,0,0,0,0,0,0,0,0,0,0,0,0,0,0,0,0,0,0
9875,0,0,0,0,0,0,0,0,0,0,0,0,0,0,0,0,0,0,0,0,0
9876,0,0,0,0,0,0,0,0,0,0,0,0,0,0,0,0,0,0,0,0,0
9877,0,0,0,0,0,0,0,0,0,0,0,0,0,0,0,0,0,0,0,0,0
9878,54,56,58,58,53,52,50,54,56,57,58,53,51,50,54,56,57,58,53,51,50
9879,2,2,2,2,1,2,3,2,2,2,2,1,2,3,2,2,2,2,1,2,3
9880,0,0,0,0,0,0,0,0,0,0,0,0,0,0,0,0,0,0,0,0,0
9881,1,1,1,1,1,1,1,1,1,1,1,1,1,1,1,1,1,1,1,1,1
9882,2,3,3,3,3,2,2,2,3,4,3,3,2,2,2,4,4,3,3,2,2
9883,2,3,2,2,2,2,2,3,3,2,2,2,2,2,2,2,2,2,2,2,2
9884,1,1,2,2,2,1,1,2,1,2,2,2,1,1,2,1,2,2,2,1,1
9885,14,14,13,13,12,10,10,11,12,13,13,12,11,11,13,12,12,13,12,11,11
9886,3,3,3,3,3,3,3,2,2,2,1,1,1,1,1,1,1,1,1,1,1
9887,4,5,5,5,4,4,4,4,4,4,5,4,4,4,4,4,5,5,4,4,4
9888,4,4,4,4,4,3,3,4,4,4,4,4,3,3,4,4,4,4,4,3,3
9889,42,50,58,51,45,33,31,39,45,52,44,37,27,28,32,31,39,33,28,22,23
9890,3,2,1,1,1,1,1,1,1,1,1,0,0,0,1,1,1,1,1,1,1
9891,2,2,2,2,2,2,2,2,2,2,2,2,2,2,2,2,2,2,2,2,2
9892,2,2,2,2,2,2,2,2,2,2,2,2,2,2,2,2,2,2,2,2,2
9893,6,6,6,6,5,5,5,6,6,7,6,5,5,5,6,6,6,6,5,5,5
9894,3,2,2,2,1,2,2,2,0,1,1,1,1,1,1,0,1,1,1,1,1
9895,0,0,0,0,0,0,0,0,0,0,0,0,0,0,0,0,0,0,0,0,0
9896,4,3,3,2,2,2,2,3,3,3,2,2,2,2,3,3,3,3,2,3,2
9897,14,14,15,13,11,9,10,12,14,16,15,12,11,11,13,14,16,15,13,11,12
9898,11,12,11,10,9,7,8,10,11,11,10,9,7,8,11,12,12,10,9,8,9
9899,46,49,49,46,41,35,38,47,53,53,46,39,33,35,41,43,43,39,33,30,32
9900,13,14,13,10,10,10,11,12,14,13,10,10,11,11,12,14,13,10,10,11,12
9901,26,33,35,32,28,22,22,29,37,39,35,29,23,22,29,36,37,34,28,23,22
9902,786,839,900,858,768,658,611,777,851,922,889,807,717,703,863,882,896,837,776,765,736
9903,62,68,77,65,55,46,48,62,68,76,65,55,46,48,62,68,76,65,55,46,48
9904,28,31,32,29,28,26,25,34,40,43,39,34,31,26,26,27,28,25,22,21,20
9905,16,16,23,21,16,9,9,14,16,24,22,16,9,9,14,16,24,22,17,10,9
9906,3,2,2,1,1,1,1,1,1,1,1,1,1,2,2,2,2,1,2,2,2
9907,1,1,1,1,1,1,1,1,1,1,1,1,1,1,1,1,1,1,1,1,1
9908,18,15,14,13,15,13,11,11,7,7,10,21,25,12,4,0,0,1,3,6,7
9909,0,0,0,0,0,0,0,0,0,0,0,0,0,0,0,0,0,0,0,0,0
9910,10,10,11,10,8,6,6,9,7,6,4,5,5,4,3,0,0,0,0,0,0
9911,0,0,0,0,0,0,0,0,0,0,0,0,0,0,0,0,0,0,0,0,0
9912,0,0,0,0,0,0,0,0,0,0,0,0,0,0,0,0,0,0,0,0,0
9913,0,0,0,10,1,0,0,0,0,0,10,1,0,0,0,0,0,10,1,0,0
9914,0,0,0,0,0,0,0,0,0,0,0,0,0,0,0,0,0,0,0,0,0
9915,0,0,0,0,0,0,0,0,0,0,0,0,0,0,0,0,0,0,0,0,0
9916,1,1,2,2,1,1,1,1,1,2,2,2,2,1,1,2,2,2,2,2,1
9917,21,25,24,21,18,16,17,21,25,24,21,18,16,17,21,25,24,21,18,16,17
9918,3,4,4,4,4,3,3,3,4,4,4,4,3,3,3,4,4,4,4,3,3
9919,10,12,12,10,9,8,9,10,12,12,10,9,8,9,10,12,12,10,9,8,9
9920,0,0,0,0,0,0,0,0,0,0,0,0,0,0,0,0,0,0,0,0,0
9921,0,0,0,0,0,0,0,0,0,0,0,0,0,0,0,0,0,0,0,0,0
9922,0,0,0,0,0,0,0,0,0,0,0,0,0,0,0,0,0,0,0,0,0
9923,0,0,0,0,0,0,0,0,0,0,0,0,0,0,0,0,0,0,0,0,0
9924,0,0,0,0,0,0,0,0,0,0,0,0,0,0,0,0,0,0,0,0,0
9925,0,0,0,0,0,0,0,0,0,0,0,0,0,0,0,0,0,0,0,0,0
9926,1,1,1,1,1,1,1,1,1,1,1,1,1,1,1,1,1,1,1,1,1
9927,11,12,12,10,11,11,11,11,12,11,9,10,10,11,11,11,11,9,10,10,11
9928,0,0,0,0,0,0,0,0,0,0,0,0,0,0,0,0,0,0,0,0,0
9929,24,18,20,23,22,22,20,24,18,20,23,22,22,20,24,18,20,23,22,22,20
9930,1,1,1,0,0,0,1,1,1,1,0,0,0,1,1,1,1,0,0,0,1
9931,12,10,18,27,30,27,38,12,10,18,27,30,27,38,12,10,18,27,30,27,38
9932,0,3,3,2,0,0,0,0,3,3,2,0,0,0,0,3,3,2,0,0,0
9933,1,1,1,1,1,1,1,1,1,1,1,1,1,1,1,1,1,1,1,1,1
9934,0,0,0,0,0,0,0,0,0,0,0,0,0,0,0,0,0,0,0,0,0
9935,0,0,0,0,0,0,0,0,0,0,0,0,0,0,0,0,0,0,0,0,0
9936,0,0,0,0,0,0,0,0,0,0,0,0,0,0,0,0,0,0,0,0,0
9937,0,0,0,0,0,0,0,0,0,0,0,0,0,0,0,0,0,0,0,0,0
9938,0,0,0,0,0,0,0,0,0,0,0,0,0,0,0,0,0,0,0,0,0
9939,0,0,0,0,0,0,0,0,0,0,0,0,0,0,0,0,0,0,0,0,0
9940,0,0,0,0,0,0,0,0,0,0,0,0,0,0,0,0,0,0,0,0,0
9941,0,0,0,0,0,0,0,0,0,0,0,0,0,0,0,0,0,0,0,0,0
9942,0,0,0,0,0,0,0,0,0,0,0,0,0,0,0,0,0,0,0,0,0
9943,0,0,0,0,0,0,0,0,0,0,0,0,0,0,0,0,0,0,0,0,0
9944,49,54,50,49,42,43,39,49,57,51,49,43,45,46,60,60,51,50,43,46,46
9945,12,15,14,16,16,12,13,12,15,14,16,16,12,13,12,15,14,16,16,12,13
9946,0,0,0,0,0,0,0,0,0,0,0,0,0,0,0,0,0,0,0,0,0
9947,0,0,0,0,0,0,0,0,0,0,0,0,0,0,0,0,0,0,0,0,0
9948,0,0,0,0,0,0,0,0,0,0,0,0,0,0,0,0,0,0,0,0,0
9949,0,0,0,0,0,0,0,0,0,0,0,0,0,0,0,0,0,0,0,0,0
9950,0,0,0,0,0,0,0,0,0,0,0,0,0,0,0,0,0,0,0,0,0
9951,7,7,7,6,5,4,4,6,6,6,6,5,4,5,7,7,6,6,6,5,5
9952,11,11,11,10,8,7,7,9,10,11,10,8,8,8,10,10,11,10,8,8,8
9953,3,4,4,4,3,3,3,3,4,4,4,3,3,3,3,4,4,4,3,3,3
9954,2,2,3,2,2,2,2,2,2,3,2,2,2,2,2,2,3,2,2,2,2
9955,0,0,0,0,0,0,0,0,0,0,0,0,0,0,0,0,0,0,0,0,0
9956,0,0,0,0,0,0,0,0,0,0,0,0,0,0,0,0,0,0,0,0,0
9957,23,24,24,23,22,19,20,22,23,24,23,21,19,20,22,23,24,23,21,19,19
9958,0,0,0,0,0,0,0,0,0,0,0,0,0,0,0,0,0,0,0,0,0
9959,0,0,0,0,0,0,0,0,0,0,0,0,0,0,0,0,0,0,0,0,0
9960,0,0,0,0,0,0,0,0,0,0,0,0,0,0,0,0,0,0,0,0,0
9961,0,0,0,0,0,0,0,0,0,0,0,0,0,0,0,0,0,0,0,0,0
9962,0,0,0,0,0,0,0,0,0,0,0,0,0,0,0,0,0,0,0,0,0
9963,0,1,1,1,1,1,1,1,1,1,1,1,1,1,1,1,1,1,1,1,1
9964,0,0,0,0,1,0,0,0,0,0,0,1,0,0,0,0,0,0,1,0,0
9965,0,0,0,0,0,0,0,0,0,0,0,0,0,0,0,0,0,0,0,0,0
9966,0,0,0,0,0,0,0,0,0,0,0,0,0,0,0,0,0,0,0,0,0
9967,1,1,1,1,1,1,0,1,1,1,1,1,1,0,1,1,1,1,1,1,0
9968,1,1,2,2,2,2,1,1,1,2,2,2,2,1,1,1,2,2,2,2,1
9969,0,0,0,0,0,0,0,0,0,0,0,0,0,0,0,0,0,0,0,0,0
9970,0,0,0,0,0,0,0,0,0,0,0,0,0,0,0,0,0,0,0,0,0
9971,0,0,0,0,0,0,0,0,0,0,0,0,0,0,0,0,0,0,0,0,0
9972,4,4,4,3,3,2,3,3,4,4,3,3,3,3,4,4,4,4,3,3,3
9973,17,17,17,15,15,14,15,18,21,22,20,19,18,19,20,19,18,16,15,14,15
9974,1,2,3,2,2,1,1,2,2,3,2,2,1,1,2,2,3,2,2,1,1
9975,1,1,1,1,1,0,0,1,1,1,1,1,1,1,1,1,1,1,1,1,1
9976,3,2,2,2,2,3,2,3,2,2,2,3,3,3,3,3,2,2,3,3,3
9977,4,3,2,1,1,1,1,1,0,0,0,0,0,1,1,1,1,1,1,1,1
9978,0,1,1,1,0,1,0,0,1,1,1,0,1,0,0,1,1,1,0,1,0
9979,1,2,2,1,1,2,1,1,1,1,1,1,1,1,1,1,1,1,1,1,1
9980,2,2,2,2,2,2,1,2,2,2,2,2,2,2,2,2,2,2,2,2,2
9981,2,2,2,2,2,2,2,2,2,2,2,1,1,1,1,1,1,1,1,0,0
9982,0,0,0,0,0,0,0,0,0,0,0,0,0,0,0,0,0,0,0,0,0
9983,1,2,2,2,2,1,2,2,2,2,2,2,2,2,2,2,2,2,2,1,2
9984,17,21,20,21,18,16,15,17,21,20,21,18,16,15,17,21,20,21,18,16,15
9985,3,4,4,2,2,2,1,3,4,4,2,2,2,1,3,4,4,2,2,2,1
9986,3,4,6,8,8,6,4,3,4,6,8,8,6,4,3,4,6,8,8,6,4
9987,145,184,182,126,136,104,157,145,184,182,126,136,104,157,145,184,182,126,136,104,157
9988,114,116,121,94,125,119,94,115,116,122,94,125,119,94,114,115,121,94,125,119,94
9989,16,9,11,0,0,0,7,16,9,11,0,0,0,7,16,9,11,0,0,0,7
9990,0,0,0,0,0,0,0,0,0,0,0,0,0,0,0,0,0,0,0,5,19
9991,21,10,19,4,0,1,18,25,14,20,4,0,1,16,20,9,19,4,0,1,16
9992,1,1,2,2,2,1,0,1,1,2,2,2,1,0,1,1,2,2,2,1,0
9993,29,16,29,1,0,1,20,29,16,29,1,0,1,20,29,16,29,1,0,1,20
9994,3,2,3,1,1,2,2,3,2,3,1,1,2,2,3,2,3,1,1,2,2
9995,4,8,7,2,0,0,2,13,35,16,2,0,0,1,3,3,1,0,0,0,0
9996,0,0,0,3,0,0,0,0,0,0,3,0,0,0,0,0,0,3,0,0,0
9997,59,48,48,62,49,65,71,58,46,47,61,49,65,71,58,46,47,61,49,65,71
9998,0,0,0,15,18,0,0,0,0,0,15,18,0,0,0,0,0,15,18,0,0
9999,0,0,0,0,0,0,3,0,0,0,0,0,0,3,0,0,0,0,0,0,3
10000,0,0,0,0,0,0,0,0,0,0,0,0,0,0,0,0,0,0,0,0,0
10001,0,0,2,0,0,0,0,0,0,2,0,0,0,0,0,0,2,0,0,0,0
10002,3,1,0,0,0,0,0,3,1,0,0,0,0,0,3,1,0,0,0,0,0
10003,20,21,21,20,19,18,17,18,20,21,19,19,18,17,19,20,21,20,20,19,18
10004,76,69,62,57,59,58,61,73,76,73,64,63,63,68,68,59,52,42,43,49,57
10005,9,10,8,8,7,7,7,8,10,9,8,7,7,7,10,12,10,9,8,8,8
10006,0,0,0,0,0,0,0,0,0,0,0,0,0,0,0,0,0,0,0,0,0
10007,0,0,0,0,0,0,0,0,0,0,0,1,0,0,0,0,0,0,1,0,0
10008,0,0,0,0,0,0,0,0,0,0,0,0,0,0,0,0,0,0,0,0,0
10009,0,0,0,0,0,0,0,0,0,0,0,0,0,0,0,0,0,0,0,0,0
10010,0,0,0,0,0,0,0,0,0,0,0,0,0,0,0,0,0,0,0,0,0
10011,0,0,0,0,0,0,0,0,0,0,0,0,0,0,0,0,0,0,0,0,0
10012,1,1,1,1,1,1,1,1,1,1,1,1,1,1,1,1,1,1,1,1,1
10013,0,0,0,0,0,0,0,0,0,0,0,0,0,0,0,0,0,0,0,0,0
10014,0,0,0,0,0,0,0,0,0,0,0,0,0,0,0,0,0,0,0,0,0
10015,11,12,10,10,10,9,9,10,11,10,11,10,10,10,11,11,11,11,10,10,10
10016,1,1,1,1,0,0,0,1,1,1,1,0,0,0,1,1,1,1,0,1,0
10017,3,3,3,3,2,2,2,3,3,3,3,2,2,2,3,3,3,3,2,2,2
10018,1,1,1,1,1,1,1,1,1,1,1,1,1,1,1,1,1,1,1,1,1
10019,0,0,0,0,0,0,0,0,0,0,0,0,0,0,0,0,0,0,0,0,0
10020,0,0,0,0,0,0,0,0,0,0,0,0,0,0,0,0,0,0,0,0,0
10021,0,0,0,0,0,0,0,0,0,0,0,0,0,0,0,0,0,0,0,0,0
10022,0,0,0,0,0,0,0,0,0,0,0,0,0,0,0,0,0,0,0,0,0
10023,0,0,0,0,0,0,0,0,0,0,0,0,0,0,0,0,0,0,0,0,0
10024,5,6,6,5,5,5,5,5,6,6,5,5,5,5,5,6,6,5,5,5,5
10025,0,0,0,0,0,0,0,0,0,0,0,0,0,0,0,0,0,0,0,0,0
10026,3,3,3,2,2,2,2,3,3,3,2,2,2,2,3,3,3,3,2,2,2
10027,4,4,4,4,3,3,3,3,4,4,4,3,3,3,3,4,4,4,3,3,3
10028,4,4,5,4,3,3,3,4,4,5,4,3,3,3,4,4,5,4,3,3,3
10029,0,0,0,0,0,0,0,0,0,0,0,0,0,0,0,0,0,0,0,0,0
10030,1,1,1,1,1,1,1,1,1,1,1,1,1,1,1,1,1,1,1,1,1
10031,0,1,1,1,0,0,0,0,1,1,1,0,0,0,0,1,1,1,0,0,0
10032,0,0,0,0,0,0,0,0,0,0,0,0,0,0,0,0,0,0,0,0,0
10033,20,23,26,27,27,26,26,30,32,31,27,24,23,24,27,27,25,22,19,19,19
10034,1,1,1,1,1,1,1,1,1,1,1,1,1,1,1,1,1,1,1,1,1
10035,140,140,119,110,99,110,124,136,148,128,111,91,103,122,125,125,109,102,88,106,124
10036,5,6,6,6,5,4,4,5,6,6,5,5,4,4,5,6,6,5,5,4,5
10037,1,1,1,1,1,1,1,1,1,1,1,1,1,1,1,1,1,1,1,1,1
10038,1,2,2,2,1,1,2,2,2,2,1,1,1,2,2,2,2,1,1,1,2
10039,4,4,3,3,3,2,2,2,3,3,3,3,2,3,4,4,4,4,3,2,3
10040,1,1,1,1,1,0,0,1,1,1,1,1,0,0,1,1,1,1,1,0,0
10041,2,2,1,1,1,1,1,2,2,1,1,1,1,1,2,2,1,1,1,1,1
10042,17,19,19,16,15,12,14,17,19,19,16,15,12,14,17,19,19,17,15,13,14
10043,6,7,8,8,7,6,7,9,11,12,12,9,8,9,10,10,11,10,8,7,7
10044,5,5,4,3,2,1,2,3,5,7,7,6,6,6,5,4,4,3,3,4,5
10045,10,12,13,12,10,9,9,10,12,13,12,10,9,9,10,13,14,12,10,9,9
10046,12,14,15,13,12,10,9,12,14,14,13,11,9,9,12,14,14,13,11,9,9
10047,1,1,1,1,1,1,1,1,1,1,1,1,1,1,1,1,1,1,1,1,1
10048,0,0,0,0,0,0,0,0,0,0,0,0,0,0,0,0,0,0,0,0,0
10049,2,2,2,2,2,2,2,2,2,2,2,2,2,2,2,2,2,2,2,2,2
10050,0,1,1,1,0,0,0,1,1,1,1,0,0,0,1,1,1,1,0,1,1
10051,101,111,115,106,100,93,89,109,122,124,110,95,85,81,93,97,97,85,75,70,69
10052,20,21,22,19,17,15,17,19,20,22,19,18,16,18,19,20,22,19,18,17,19
10053,5,4,3,4,3,3,3,3,3,3,4,3,3,4,4,3,3,4,3,3,3
10054,2,3,2,2,2,2,2,2,3,2,2,2,2,2,2,3,2,2,2,2,2
10055,8,8,6,5,4,4,5,6,7,7,6,5,5,6,7,8,6,5,5,5,6
10056,0,0,0,0,0,0,0,0,0,0,0,0,0,0,0,0,0,0,0,0,0
10057,93,100,102,93,84,80,89,99,109,109,98,88,86,96,99,106,104,94,85,86,91
10058,6,7,8,8,5,4,4,6,7,8,7,5,4,4,6,7,8,7,5,4,4
10059,4,3,4,4,4,2,3,4,3,4,4,4,2,3,4,3,4,4,4,2,3
10060,7,8,9,8,6,6,5,7,8,9,8,6,5,5,7,8,9,7,6,5,5
10061,1,0,0,1,0,0,0,0,0,0,1,1,1,1,1,1,0,1,0,1,1
10062,4,4,4,4,3,3,2,3,3,3,3,3,2,2,3,3,3,3,3,2,2
10063,1,1,1,1,1,1,1,1,1,1,1,1,1,1,1,1,1,1,1,1,1
10064,3,3,2,2,2,1,1,2,2,2,2,1,1,1,2,2,2,2,2,1,1
10065,4,4,3,2,2,2,2,3,4,3,3,2,2,3,4,4,3,2,2,2,2
10066,1,1,1,1,1,1,1,1,1,1,1,1,1,1,1,1,1,1,1,1,1
10067,1,1,1,1,1,1,1,1,1,1,1,1,1,1,1,1,1,1,1,1,1
10068,0,0,0,0,0,0,1,0,0,0,0,0,0,1,0,0,0,0,0,0,1
10069,0,0,0,0,0,0,0,0,0,0,0,0,0,0,0,0,0,0,0,0,0
10070,0,0,0,0,0,0,0,0,0,0,0,0,0,0,0,0,0,0,0,0,1
10071,1,1,1,1,2,2,1,1,1,1,1,2,2,1,1,1,1,1,2,2,1
10072,0,0,0,0,0,0,0,0,0,0,0,0,0,0,0,0,0,0,0,0,0
10073,3,2,2,2,2,2,2,2,2,2,1,1,1,2,2,2,2,2,2,2,2
10074,0,0,0,0,0,0,0,0,0,0,0,0,0,0,0,0,0,0,0,0,0
10075,0,0,0,0,0,0,0,0,0,0,0,0,0,0,0,0,0,0,0,0,0
10076,0,0,0,0,0,0,0,0,0,0,0,0,0,0,0,0,0,0,0,0,0
10077,0,0,0,0,0,0,0,0,0,0,0,0,0,0,0,0,0,0,0,0,0
10078,0,0,0,0,0,0,0,0,0,0,0,0,0,0,0,0,0,0,0,0,0
10079,0,0,0,0,0,0,0,0,0,0,0,0,0,0,0,0,0,0,0,0,0
10080,0,0,0,0,0,0,0,0,0,0,0,0,0,0,0,0,0,0,0,0,0
10081,0,0,0,0,0,0,0,0,0,0,0,0,0,0,0,0,0,0,0,0,0
10082,0,0,0,0,0,0,0,0,0,0,0,0,0,0,0,0,0,0,0,0,0
10083,0,0,0,0,0,0,0,0,0,0,0,0,0,0,0,0,0,0,0,0,0
10084,2,1,2,1,1,2,2,2,1,1,1,1,1,1,2,1,1,1,1,1,1
10085,0,0,0,0,0,0,0,0,0,0,0,0,0,0,0,0,0,0,0,0,0
10086,0,0,0,0,0,0,0,0,0,0,0,0,0,0,0,0,0,0,0,0,0
10087,0,0,0,0,0,0,0,0,0,0,0,0,0,0,0,0,0,0,0,0,0
10088,0,0,0,0,0,0,0,0,0,0,0,0,0,0,0,0,0,0,0,0,0
10089,0,0,0,0,0,0,0,0,0,0,0,0,0,0,0,0,0,0,0,0,0
10090,0,0,0,0,0,0,0,0,0,0,0,0,0,0,0,0,0,0,0,0,0
10091,0,0,0,0,0,0,0,0,0,0,0,0,0,0,0,0,0,0,0,0,0
10092,0,0,0,0,0,0,0,0,0,0,0,0,0,0,0,0,0,0,0,0,0
10093,0,0,0,0,0,0,0,0,0,0,0,0,0,0,0,0,0,0,0,0,0
10094,0,0,0,0,0,0,0,0,0,0,0,0,0,0,0,0,0,0,0,0,0
10095,1,1,1,1,1,1,1,1,1,1,1,1,1,1,1,1,1,1,1,1,1
10096,0,0,0,0,0,0,0,0,0,0,0,0,0,0,0,0,0,0,0,0,0
10097,0,0,0,0,0,0,0,0,0,0,0,0,0,0,0,0,0,0,0,0,0
10098,0,0,0,0,0,0,0,0,0,0,0,0,0,0,0,0,0,0,0,0,0
10099,0,0,0,0,0,0,0,0,0,0,0,0,0,0,0,0,0,0,0,0,0
10100,1,1,1,1,1,1,1,1,1,1,1,1,1,1,1,1,1,1,0,0,1
10101,0,0,0,0,0,0,0,0,0,0,0,0,0,0,0,0,0,0,0,0,0
10102,0,0,0,0,0,0,0,0,0,0,0,0,0,0,0,0,0,0,0,0,0
10103,0,0,0,0,0,0,0,0,0,0,0,0,0,0,0,0,0,0,0,0,0
10104,0,0,0,0,0,0,0,0,0,0,0,0,0,0,0,0,0,0,0,0,0
10105,23,20,17,16,17,16,18,19,17,16,15,15,15,17,19,17,15,14,14,14,15
10106,27,26,25,23,21,22,24,26,26,25,23,20,21,23,25,26,26,24,21,22,24
10107,2,2,2,1,1,1,1,1,1,1,1,1,1,1,2,2,2,1,1,1,1
10108,16,16,14,14,13,13,13,16,16,14,14,13,13,13,16,16,14,14,13,13,13
10109,16,17,15,13,11,12,13,16,17,15,12,11,12,13,16,17,15,12,11,12,13
10110,16,18,18,18,21,16,17,16,18,18,18,21,16,17,16,18,18,18,21,16,17
10111,1,1,1,1,1,1,1,1,1,1,1,1,1,1,1,1,1,1,1,1,1
10112,2,2,3,2,2,2,2,2,2,3,2,2,2,2,2,2,3,2,2,2,2
10113,19,20,21,22,22,20,21,25,28,29,27,26,24,25,25,26,26,26,25,24,22
10114,2,3,3,2,2,1,2,2,3,2,2,2,1,2,3,3,3,2,2,1,2
10115,2,2,2,2,2,1,2,2,2,2,2,2,1,2,2,2,2,2,2,1,2
10116,0,0,0,0,0,0,0,0,0,0,0,0,0,0,0,0,0,0,0,0,0
10117,3,3,3,4,3,3,3,3,3,3,3,3,2,3,3,3,3,4,3,3,3
10118,0,0,0,0,0,0,0,0,0,0,0,0,0,0,0,0,0,0,0,0,0
10119,2,3,3,2,2,2,2,2,2,3,2,2,2,2,2,3,3,2,2,2,2
10120,10,13,11,10,8,7,8,10,12,11,10,8,7,8,10,13,11,10,8,7,8
10121,2,2,2,2,1,2,2,2,2,2,2,1,2,2,2,2,2,1,1,2,1
10122,0,0,0,0,0,0,0,0,0,0,0,0,0,0,0,0,0,0,0,0,0
10123,5,6,6,5,4,4,4,5,6,6,5,4,4,4,5,6,6,5,4,4,4
10124,1,1,1,1,1,1,1,1,1,1,1,1,1,1,1,1,1,1,1,1,1
10125,0,0,0,0,0,0,1,0,0,0,0,0,0,1,0,0,0,0,0,0,1
10126,1,1,1,1,1,1,1,1,1,1,1,1,1,1,1,1,1,1,1,1,1
10127,1,1,1,1,1,1,1,1,1,1,1,1,1,1,1,1,1,1,1,1,1
10128,48,52,45,43,34,37,42,51,58,52,47,35,37,41,46,50,45,41,31,35,39
10129,14,14,14,11,9,9,9,12,14,14,11,9,9,10,13,14,14,11,10,9,10
10130,19,20,19,17,16,15,17,18,21,22,20,18,17,19,21,24,24,22,21,20,23
10131,5,5,6,5,5,4,4,5,5,5,5,5,4,4,5,5,5,5,5,4,4
10132,0,0,0,0,0,0,0,0,0,0,0,0,0,0,0,0,0,0,0,0,0
10133,0,0,0,0,0,0,0,0,0,0,0,0,0,0,0,0,0,0,0,0,0
10134,0,1,0,0,0,0,0,0,1,0,0,0,0,0,0,1,0,0,0,0,0
10135,6,6,6,5,4,4,5,5,5,5,5,4,4,5,6,6,6,5,5,4,5
10136,7,8,9,7,6,5,6,7,8,8,7,6,5,6,7,8,9,7,6,5,6
10137,1,1,1,1,1,1,1,1,1,1,1,1,1,1,1,1,1,1,1,1,1
10138,8,7,7,6,5,5,7,7,6,6,6,5,5,6,8,7,7,7,5,6,7
10139,9,11,10,9,8,7,6,9,11,10,9,8,7,6,9,11,10,9,8,7,6
10140,1,1,0,0,0,0,0,0,0,0,0,0,0,0,0,0,0,0,0,0,0
10141,0,0,0,0,0,0,0,0,0,0,0,0,0,0,0,0,0,0,0,0,0
10142,10,11,13,9,9,8,9,11,11,13,8,9,8,9,11,11,13,8,9,8,9
10143,5,5,4,3,3,2,3,4,4,4,3,3,2,3,4,5,5,4,3,3,3
10144,3,3,3,3,3,2,2,3,3,3,3,3,2,2,3,3,3,3,3,2,2
10145,18,22,25,22,19,16,15,18,21,25,22,18,16,15,18,21,25,22,19,16,15
10146,1,1,1,1,1,1,0,1,1,1,1,1,1,0,1,1,1,1,1,1,1
10147,0,0,0,0,0,0,0,0,0,0,0,0,0,0,0,0,0,0,0,0,0
10148,0,1,1,1,1,1,1,0,1,1,1,1,1,1,0,1,1,1,1,1,1
10149,1,1,1,0,0,0,0,1,1,0,0,0,0,0,1,1,0,0,0,0,0
10150,1,2,1,1,1,1,1,1,2,1,1,1,1,1,1,2,1,1,1,1,1
10151,5,6,4,4,3,4,4,5,6,4,4,3,4,4,5,6,4,4,3,4,4
10152,1,1,1,1,0,0,1,1,1,1,1,0,0,1,1,1,1,1,0,0,1
10153,12,11,11,13,10,10,9,12,11,11,13,10,10,9,12,11,11,13,10,10,9
10154,0,0,0,0,0,0,0,0,0,0,0,0,0,0,0,0,0,0,0,0,0
10155,2,3,2,2,1,1,2,2,2,2,2,1,1,2,2,2,2,2,1,1,2
10156,0,0,0,0,0,0,0,0,0,0,0,0,0,0,0,0,0,0,0,0,0
10157,1,1,1,1,1,1,1,1,1,1,1,1,1,1,1,1,1,1,1,1,1
10158,0,0,0,0,0,0,0,0,0,0,0,0,0,0,0,0,0,0,0,0,0
10159,0,0,0,0,0,0,0,0,0,0,0,0,0,0,0,0,0,0,0,0,0
10160,0,0,0,0,0,0,0,0,0,0,0,0,0,0,0,0,0,0,0,0,0
10161,1,2,2,1,2,1,1,1,1,1,0,1,1,1,1,1,1,0,1,1,1
10162,1,1,1,1,1,0,0,1,1,0,1,1,0,0,1,1,1,1,1,0,1
10163,0,0,0,0,0,0,0,0,0,0,0,0,0,0,0,0,0,0,0,0,0
10164,0,0,0,0,0,0,0,0,0,0,0,0,0,0,0,0,0,0,0,0,0
10165,0,1,1,0,1,1,1,0,1,1,0,1,1,1,0,1,1,0,1,1,1
10166,1,1,1,1,1,0,0,1,1,1,1,1,0,0,1,1,1,1,1,0,0
10167,1,2,2,1,1,1,1,1,1,1,1,1,1,1,1,2,2,1,1,1,1
10168,0,0,0,0,0,0,0,0,0,0,0,0,0,0,0,0,0,0,0,0,0
10169,0,0,0,0,0,0,0,0,0,0,0,0,0,0,0,0,0,0,0,0,0
10170,1,1,1,1,0,1,1,1,1,1,1,0,1,1,1,1,1,1,0,1,1
10171,0,0,0,0,0,0,0,0,0,0,0,0,0,0,0,0,0,0,0,0,0
10172,0,0,0,0,0,0,0,0,0,0,0,0,0,0,0,0,0,0,0,0,0
10173,0,0,0,0,0,0,0,0,0,0,0,0,0,0,0,0,0,0,0,0,0
10174,0,0,0,0,0,0,0,0,0,0,0,0,0,0,0,0,0,0,0,0,0
10175,0,0,0,0,0,0,0,0,0,0,0,0,0,0,0,0,0,0,0,0,0
10176,1,1,1,0,0,0,0,1,1,1,0,0,0,0,1,1,1,0,0,0,0
10177,0,0,0,0,0,0,0,0,0,0,0,0,0,0,0,0,0,0,0,0,0
10178,3,2,2,2,3,3,3,2,2,3,3,3,3,3,2,2,2,2,2,2,2
10179,0,0,0,0,0,0,0,0,0,0,0,0,0,0,0,0,0,0,0,0,0
10180,33,36,36,33,31,27,28,35,38,35,30,27,24,25,30,29,28,24,23,22,22
10181,19,19,17,15,13,12,12,15,17,15,15,12,12,12,15,17,15,14,12,11,11
10182,42,43,43,34,38,36,34,42,42,42,34,38,36,34,42,42,42,34,38,36,34
10183,9,12,10,7,5,7,5,7,11,10,6,5,7,5,7,11,9,6,5,8,5
10184,8,9,9,8,7,6,5,6,7,7,6,6,6,5,6,7,7,6,6,6,5
10185,5,5,5,5,5,4,4,5,5,5,5,5,4,4,5,5,5,5,5,4,4
10186,6,8,8,7,6,5,5,6,8,8,7,6,6,5,6,8,8,7,6,6,5
10187,5,6,6,5,4,3,3,5,6,6,5,4,3,3,5,6,6,5,4,3,3
10188,2,2,2,1,1,1,1,2,2,2,1,1,1,1,2,2,2,1,1,1,1
10189,6,7,8,8,7,6,6,7,7,8,8,7,6,6,7,7,8,8,7,6,6
10190,0,0,0,0,0,0,0,0,0,0,0,0,0,0,0,0,0,0,0,0,0
10191,1,2,1,1,1,1,1,1,2,1,1,1,1,1,1,2,1,1,1,1,1
10192,1,1,1,0,1,0,1,1,1,1,0,1,0,1,1,1,1,0,1,0,1
10193,16,17,17,15,14,11,11,14,15,16,15,13,11,11,14,15,16,15,13,11,11
10194,7,9,9,9,8,7,7,7,9,9,9,8,7,7,7,9,9,9,8,7,7
10195,1,2,2,2,2,2,2,2,2,2,2,2,2,2,2,2,2,2,2,2,2
10196,18,18,17,16,14,14,14,15,17,17,16,14,14,14,15,17,17,16,14,14,14
10197,3,3,3,2,2,2,2,3,3,3,2,2,2,2,3,3,3,3,2,2,2
10198,9,7,7,6,6,5,5,6,6,7,6,6,5,5,6,6,7,6,6,5,5
10199,1,1,2,1,1,1,1,1,2,2,1,1,1,1,2,2,2,2,1,1,1
10200,1,1,1,1,1,1,1,1,1,1,1,1,1,1,1,1,2,1,1,1,1
10201,5,4,4,3,3,3,3,4,3,3,2,2,2,2,3,3,4,3,3,3,2
10202,12,13,12,11,10,9,9,11,12,12,11,9,9,9,12,13,12,11,10,9,9
10203,1,1,1,0,0,0,0,1,1,1,0,0,0,0,1,1,1,0,0,0,0
10204,7,7,7,6,6,6,6,7,7,8,6,6,6,6,8,8,8,7,6,6,6
10205,15,16,17,15,13,11,12,14,15,16,14,12,10,11,12,13,14,13,11,10,10
10206,44,54,63,70,57,42,41,45,54,63,70,58,42,41,45,54,63,70,58,42,41
10207,31,36,35,32,28,24,26,30,35,34,31,27,23,25,29,34,34,31,27,24,25
10208,17,19,19,17,14,12,14,16,19,18,16,14,12,14,16,19,18,16,14,12,14
10209,2,2,2,1,1,1,1,1,1,2,1,1,1,1,1,2,2,1,1,1,1
10210,1,1,1,1,1,1,1,1,1,1,1,1,1,1,1,1,1,1,1,1,1
10211,1,1,1,0,1,0,1,1,1,1,0,1,0,1,1,1,1,0,1,0,1
10212,0,0,0,0,0,0,0,0,0,0,0,0,0,0,0,0,0,0,0,0,0
10213,0,0,0,0,0,0,0,0,0,0,0,0,0,0,0,0,0,0,0,0,0
10214,3,3,2,2,1,1,2,2,2,2,2,2,1,2,2,2,2,2,2,2,2
10215,1,1,1,1,1,1,1,1,1,1,1,1,1,1,1,1,1,1,1,1,1
10216,0,0,0,0,0,0,0,0,0,0,0,0,0,0,0,0,0,0,0,0,0
10217,0,0,0,0,0,0,0,0,0,0,0,0,0,0,0,0,0,0,0,0,0
10218,0,0,0,0,0,0,0,0,0,0,0,0,0,0,0,0,0,0,0,0,0
10219,0,0,0,0,0,0,0,0,0,0,0,0,0,0,0,0,0,0,0,0,0
10220,0,0,0,0,0,0,0,0,0,0,0,0,0,0,0,0,0,0,0,0,0
10221,0,0,0,0,0,0,0,0,0,0,0,0,0,0,0,0,0,0,0,0,0
10222,1,1,1,1,1,1,1,1,1,1,1,1,1,1,1,1,1,1,1,1,1
10223,0,0,0,0,0,0,0,0,0,0,0,0,0,0,0,0,0,0,0,0,0
10224,3,2,2,2,2,1,2,2,2,2,2,2,2,2,2,2,1,1,0,0,1
10225,0,0,0,0,0,0,0,0,0,0,0,0,0,0,0,0,0,0,0,0,0
10226,21,22,21,19,17,14,15,21,23,22,19,16,14,15,21,22,21,19,17,15,16
10227,0,0,0,0,0,0,0,0,0,0,0,0,0,0,0,0,0,0,0,0,0
10228,0,0,0,0,0,0,0,0,0,0,0,0,0,0,0,0,0,0,0,0,0
10229,1,0,0,0,1,1,1,1,0,0,0,1,1,1,1,0,0,0,1,1,1
10230,0,0,0,0,0,0,0,0,0,0,0,0,0,0,0,0,0,0,0,0,0
10231,6,6,5,4,4,4,4,5,5,5,4,4,4,4,5,5,5,4,4,4,4
10232,3,3,3,3,3,3,3,3,3,4,3,3,3,3,3,4,4,3,3,3,3
10233,7,9,9,8,7,5,5,6,8,9,8,7,6,6,7,9,9,8,7,5,5
10234,4,4,4,4,4,3,3,3,4,4,4,4,4,4,4,5,4,4,4,3,3
10235,1,1,1,1,1,1,0,1,1,1,1,1,1,0,1,1,1,1,1,1,0
10236,2,2,2,2,2,1,1,1,2,2,2,2,1,1,2,2,2,2,2,2,2
10237,0,0,0,0,0,0,0,0,0,0,0,0,0,0,0,0,0,0,0,0,0
10238,1,1,1,1,1,1,1,1,1,1,1,1,0,1,1,1,1,1,1,1,1
10239,2,2,2,2,1,1,1,2,2,2,2,1,1,1,2,2,2,2,1,1,1
10240,0,0,0,0,0,0,0,0,0,0,0,0,0,0,0,0,0,0,0,0,0
10241,0,0,1,1,1,1,1,1,0,1,1,1,1,1,1,1,1,1,1,1,1
10242,0,0,0,0,0,0,0,0,0,0,0,0,0,0,0,0,0,0,0,0,0
10243,0,0,0,0,0,0,0,0,0,0,0,0,0,0,0,0,0,0,0,0,0
10244,0,0,0,0,0,0,0,0,0,0,0,0,0,0,0,0,0,0,0,0,0
10245,0,0,0,0,0,0,0,0,0,0,0,0,0,0,0,0,0,0,0,0,0
10246,0,0,0,0,0,0,0,0,0,0,0,0,0,0,0,0,0,0,0,0,0
10247,1,1,1,1,1,0,1,1,1,0,0,0,0,0,0,0,0,0,0,0,0
10248,0,0,0,0,0,0,0,0,0,0,0,0,0,0,0,0,0,0,0,0,0
10249,1,1,2,2,2,2,2,2,1,1,1,1,1,1,1,1,0,0,0,0,0
10250,0,0,0,0,0,0,0,0,0,0,0,0,0,0,0,0,0,0,0,0,0
10251,0,0,0,0,0,0,0,0,0,0,0,0,0,0,0,0,0,0,0,0,0
10252,2,7,12,13,12,13,15,18,20,24,23,20,19,20,23,23,19,13,11,10,11
10253,0,0,0,0,0,0,0,0,0,0,0,0,0,0,0,0,0,0,0,0,0
10254,0,1,1,1,0,0,0,0,0,1,1,1,0,0,0,1,1,1,0,0,0
10255,3,3,3,3,3,2,3,3,3,3,3,3,2,3,3,3,3,3,3,2,3
10256,4,4,4,4,3,3,3,4,4,4,4,3,3,3,4,4,4,4,3,3,3
10257,0,0,0,0,0,0,0,0,0,0,0,0,0,0,0,0,0,0,0,0,0
10258,1,1,1,1,1,1,1,1,1,1,1,1,1,1,1,1,1,1,0,0,1
10259,0,0,0,0,0,0,0,0,0,0,0,0,0,0,0,0,0,0,0,0,0
10260,0,0,0,0,0,0,0,0,0,0,0,0,0,0,0,0,0,0,0,0,0
10261,0,0,0,0,0,0,0,0,0,0,0,0,0,0,0,0,0,0,0,0,0
10262,0,0,0,0,0,0,0,0,0,0,0,0,0,0,0,0,0,0,0,0,0
10263,0,0,0,0,0,0,0,0,0,0,0,0,0,0,0,0,0,0,0,0,0
10264,1,1,1,1,0,0,0,0,1,1,1,0,0,0,1,1,1,1,1,0,0
10265,0,0,0,0,0,0,0,0,0,0,0,0,0,0,0,0,0,0,0,0,0
10266,1,2,2,1,1,1,1,2,2,1,1,1,1,1,1,1,1,1,1,1,1
10267,9,11,11,9,6,5,5,9,11,11,9,6,5,5,9,11,11,9,6,5,5
10268,4,3,3,3,3,3,3,3,3,3,4,3,3,3,3,3,3,4,3,3,3
10269,0,0,1,0,1,0,0,0,0,1,0,1,0,0,0,0,1,0,1,0,0
10270,2,2,2,2,2,2,1,2,2,2,2,2,2,1,2,2,2,2,2,2,1
10271,0,0,0,0,0,0,1,1,1,1,1,1,0,0,0,1,1,0,0,0,0
10272,0,0,0,0,0,0,0,0,0,0,0,0,0,0,0,0,0,0,0,0,0
10273,0,0,0,0,0,0,0,0,0,0,0,0,0,0,0,0,0,0,0,0,0
10274,0,0,0,0,0,0,0,0,0,0,0,0,0,0,0,0,0,0,0,0,0
10275,0,0,0,0,0,0,0,0,0,0,0,0,0,0,0,0,0,0,0,0,0
10276,0,0,0,0,0,0,0,0,0,0,0,0,0,0,0,0,0,0,0,0,0
10277,1,1,1,1,1,1,1,1,1,1,1,1,1,1,1,1,1,1,1,1,1
10278,1,2,2,2,1,2,1,1,2,2,2,1,2,1,1,2,2,2,1,2,1
10279,60,67,66,60,55,53,54,59,67,67,60,54,53,55,58,64,62,56,51,50,54
10280,1,1,1,1,1,1,1,1,1,1,1,1,1,1,1,1,1,1,1,1,1
10281,72,63,58,56,58,51,49,48,37,36,36,39,40,48,48,38,43,48,56,50,46
10282,11,13,12,10,10,11,12,11,13,12,10,10,11,12,11,13,12,10,10,11,12
10283,0,0,0,0,0,0,0,0,0,0,0,0,0,0,0,0,0,0,0,0,0
10284,14,18,19,16,12,12,10,13,17,18,16,12,12,10,13,17,18,16,12,12,10
10285,6,7,8,6,5,5,4,6,7,8,6,5,5,4,6,8,8,6,5,5,4
10286,14,25,28,23,14,14,14,14,25,28,23,14,14,14,15,25,28,23,14,14,14
10287,0,0,0,0,0,0,0,0,0,0,0,0,0,0,0,0,0,0,0,0,0
10288,0,0,0,0,0,0,0,1,1,1,1,1,1,1,1,1,1,1,1,1,1
10289,0,0,0,0,0,0,0,0,0,0,0,0,0,0,0,1,0,0,0,0,0
10290,0,1,1,1,1,1,1,1,1,1,1,1,1,1,1,1,1,1,1,1,1
10291,0,0,0,0,0,0,0,0,0,0,0,0,0,0,0,0,0,0,0,0,0
10292,0,0,0,0,0,0,0,0,0,0,0,0,0,0,0,0,0,0,0,0,0
10293,2,2,3,2,2,2,2,2,3,3,2,2,2,2,2,3,3,2,2,2,2
10294,31,29,27,25,26,25,27,29,29,27,26,26,26,28,31,31,29,27,27,27,29
10295,4,5,5,4,4,4,4,4,5,5,4,4,4,4,4,5,5,4,4,4,4
10296,0,0,1,0,0,0,0,0,0,1,0,0,0,0,0,0,1,0,0,0,0
10297,3,3,4,3,3,3,3,3,4,4,3,3,3,3,3,3,3,3,2,2,2
10298,34,28,25,24,23,28,34,33,28,25,23,23,28,34,33,28,25,24,23,28,34
10299,1,1,1,1,1,1,0,1,1,1,1,1,1,0,1,1,1,1,1,1,0
10300,2,2,2,1,1,1,1,2,2,2,1,1,1,1,2,2,2,1,1,1,1
10301,45,35,30,32,36,36,44,45,36,30,32,36,36,44,45,36,30,32,35,36,44
10302,0,0,0,0,0,0,0,0,0,0,0,0,0,0,0,0,0,0,0,0,0
10303,3,3,3,3,3,3,2,3,3,3,3,3,3,2,3,3,3,3,3,3,2
10304,0,0,0,0,0,0,0,0,0,0,0,0,0,0,0,0,0,0,0,0,0
10305,68,73,71,67,61,58,62,75,86,87,78,66,60,61,65,69,67,62,55,52,56
10306,4,4,4,4,4,4,4,4,4,4,4,4,4,4,4,4,4,4,4,4,4
10307,2,2,2,2,2,2,1,2,2,2,2,2,2,1,2,2,2,2,2,2,1
10308,14,11,10,10,10,12,16,14,11,10,10,10,12,16,14,12,11,10,10,12,16
10309,6,6,6,6,5,5,4,6,6,6,6,5,5,4,6,6,6,6,5,5,4
10310,11,12,14,13,12,11,10,12,13,14,13,12,11,10,12,13,14,13,12,11,10
10311,15,14,13,14,13,13,15,15,14,13,13,13,13,14,15,14,13,13,13,13,14
10312,1,2,2,2,2,1,1,1,2,2,2,2,1,1,1,2,2,2,2,1,1
10313,27,26,23,22,20,22,26,27,26,24,22,20,22,27,27,27,24,22,21,22,27
10314,0,0,0,0,0,0,0,0,0,0,0,0,0,0,0,0,0,0,0,0,0
10315,0,0,0,0,0,0,0,0,0,0,0,0,0,0,0,0,0,0,0,0,0
10316,0,0,0,0,0,0,0,0,0,0,0,0,0,0,0,0,0,0,0,0,0
10317,0,0,0,0,0,0,0,0,0,0,0,0,0,0,0,0,0,0,0,0,0
10318,0,0,0,0,0,0,0,0,0,0,0,0,0,0,0,0,0,0,0,0,0
10319,0,0,0,0,0,0,0,0,0,0,0,0,0,0,0,0,0,0,0,0,0
10320,0,0,0,0,0,0,0,0,0,0,0,0,0,0,0,0,0,0,0,0,0
10321,0,0,0,0,0,0,0,0,0,0,0,0,0,0,0,0,0,0,0,0,0
10322,0,0,0,0,0,0,0,0,0,0,0,0,0,0,0,0,0,0,0,0,0
10323,0,0,0,0,0,0,0,0,0,0,0,0,0,0,0,0,0,0,0,0,0
10324,4,4,4,4,3,3,3,3,4,4,4,3,3,3,4,4,4,4,3,3,3
10325,2,2,2,2,2,2,1,2,2,2,2,2,2,2,2,2,3,2,2,2,2
10326,24,28,28,29,25,22,21,26,31,32,33,28,25,24,29,33,32,32,28,25,23
10327,0,1,0,0,0,0,0,0,1,0,0,0,0,0,0,1,0,0,0,0,0
10328,1,2,2,2,2,1,2,2,2,2,2,1,1,1,2,2,2,2,1,1,2
10329,0,0,0,0,0,0,0,0,0,0,0,0,0,0,0,0,0,0,0,0,0
10330,0,0,0,0,0,0,0,0,0,0,0,0,0,0,0,0,0,0,0,0,0
10331,0,0,0,0,0,0,0,0,0,0,0,0,0,0,0,0,0,0,0,0,0
10332,0,0,0,0,0,0,0,0,0,0,0,0,0,0,0,0,0,0,0,0,0
10333,1,1,1,1,1,1,1,1,1,1,1,0,0,1,1,1,1,1,1,0,1
10334,0,0,0,0,0,0,0,0,0,0,0,0,0,0,0,0,0,0,0,0,0
10335,0,0,0,0,0,0,0,0,0,0,0,0,0,0,0,0,0,0,0,0,0
10336,2,3,3,3,3,2,2,3,3,3,3,3,2,2,2,2,2,2,2,1,1
10337,50,58,58,56,50,43,42,50,58,58,56,50,43,42,50,58,58,56,50,43,42
10338,2,2,2,1,2,1,2,2,2,2,1,2,1,2,2,2,2,1,1,1,2
10339,86,102,114,101,86,61,64,86,102,115,101,85,61,64,86,102,114,101,85,61,64
10340,0,0,0,0,0,0,0,0,0,0,0,0,0,0,0,0,0,0,0,0,0
10341,0,0,0,0,0,0,0,0,0,0,0,0,0,0,0,0,0,0,0,0,0
10342,0,0,0,0,0,0,0,0,0,0,0,0,0,0,0,0,0,0,0,0,0
10343,1,1,1,1,0,0,0,0,0,0,0,0,0,0,0,0,0,0,0,0,0
10344,13,14,14,13,12,11,11,13,14,14,13,12,11,11,13,14,14,13,12,10,11
10345,0,0,0,0,0,0,0,0,0,0,0,0,0,0,0,0,0,0,0,0,0
10346,0,0,0,0,0,0,0,0,0,0,0,0,0,0,0,0,0,0,0,0,0
10347,7,7,7,7,6,5,6,7,7,7,7,6,5,6,7,7,7,7,6,5,6
10348,0,0,0,0,0,0,0,0,0,0,0,0,0,0,0,0,0,0,0,0,0
10349,1,0,0,0,0,0,0,0,0,0,0,0,0,0,0,0,0,0,0,0,0
10350,0,0,0,0,0,0,0,0,0,0,0,0,0,0,0,0,0,0,0,0,0
10351,0,0,0,0,0,0,0,0,0,0,0,0,0,0,0,0,0,0,0,0,0
10352,3,3,2,2,2,2,2,3,3,2,2,2,2,2,3,3,2,2,2,2,2
10353,2,2,2,2,2,1,1,2,2,2,2,2,1,1,2,2,2,2,2,1,1
10354,27,27,26,25,24,23,23,28,30,27,25,23,21,21,22,20,19,18,16,17,16
10355,0,0,0,0,0,0,0,0,0,0,0,0,0,0,0,0,0,0,0,0,0
10356,9,9,9,8,7,6,7,9,9,8,8,6,6,7,8,9,8,8,6,6,7
10357,0,0,0,0,0,0,0,0,0,0,0,0,0,0,0,0,0,0,0,0,0
10358,0,0,0,0,0,0,0,0,0,0,0,0,0,0,0,0,0,0,0,0,0
10359,0,0,0,0,0,0,0,0,0,0,0,0,0,0,0,0,0,0,0,0,0
10360,1,1,1,1,1,1,0,1,1,1,1,1,1,0,1,1,1,1,1,1,0
10361,19,23,14,17,17,18,23,19,23,14,17,17,18,23,19,23,14,18,17,18,23
10362,5,6,6,5,4,4,4,5,6,6,5,4,4,4,5,6,6,5,4,4,4
10363,1,1,0,0,1,1,1,1,1,1,0,1,1,1,1,1,0,0,0,1,1
10364,0,0,0,0,0,0,0,0,0,0,0,0,0,0,0,0,0,0,0,0,0
10365,1,1,1,1,1,1,1,1,1,1,1,1,1,1,1,1,1,1,1,1,1
10366,5,3,3,3,4,5,5,5,3,4,3,4,5,5,5,4,4,3,4,5,5
10367,0,0,0,0,0,0,0,0,0,0,0,0,0,0,0,0,0,0,0,0,0
10368,1,2,1,1,1,1,1,1,2,1,1,1,1,1,2,2,1,1,1,1,1
10369,60,67,69,65,58,49,49,60,68,68,60,51,43,45,52,56,55,50,44,42,44
10370,2,1,2,2,2,1,1,2,1,2,2,2,1,1,2,1,2,2,2,2,1
10371,2,2,3,3,2,2,2,3,3,3,3,2,2,2,3,3,3,3,2,2,2
10372,13,12,13,12,11,9,9,12,12,13,12,10,9,9,13,12,13,12,10,9,9
10373,88,94,89,84,78,70,73,87,93,88,82,75,68,73,83,86,81,76,71,67,70
10374,57,56,47,38,34,34,40,50,47,36,27,23,21,26,36,36,36,33,33,34,37
10375,37,34,31,28,27,26,28,31,30,29,25,22,23,26,27,22,23,22,22,25,28
10376,22,24,25,23,18,16,17,22,24,25,23,18,16,17,22,24,25,23,18,16,17
10377,23,22,21,20,18,17,17,22,22,21,20,17,16,17,20,17,15,13,11,11,11
10378,0,0,0,0,0,0,0,0,0,0,0,0,0,0,0,0,0,0,0,0,0
10379,25,26,25,23,21,19,20,23,25,25,22,19,17,18,20,19,18,15,14,13,14
10380,17,18,18,16,15,14,14,17,19,19,16,13,12,13,14,14,14,12,11,12,13
10381,15,14,14,13,12,11,11,13,13,12,10,8,8,9,11,10,9,8,8,8,9
10382,2,2,1,1,1,1,1,1,2,2,2,1,1,1,2,2,2,2,2,2,2
10383,0,0,0,0,0,0,0,0,0,0,0,0,0,0,0,0,0,0,0,0,0
10384,0,1,1,1,0,0,0,0,1,1,1,0,0,0,0,1,1,1,0,0,0
10385,1,1,1,1,1,1,1,1,1,1,1,1,1,1,1,1,1,1,1,1,1
10386,2,3,2,2,2,2,2,2,3,2,2,2,2,2,2,3,2,2,2,2,2
10387,3,3,3,3,3,3,3,3,3,3,3,3,2,3,3,3,3,3,3,2,3
10388,2,2,2,2,2,2,2,2,2,2,2,2,2,2,2,2,2,2,2,2,2
10389,3,3,3,3,3,3,3,3,3,3,3,3,3,3,3,4,3,3,3,3,3
10390,1,1,0,0,0,0,0,1,1,0,0,0,0,0,1,1,0,0,0,0,0
10391,0,0,0,0,0,0,0,0,0,0,0,0,0,0,0,0,0,0,0,0,0
10392,0,0,0,0,0,0,0,0,0,0,0,0,0,0,0,0,0,0,0,1,1
10393,1,1,1,1,1,0,0,1,1,1,1,1,0,0,1,1,1,1,1,0,1
10394,0,0,0,0,0,0,0,0,0,0,0,0,0,0,0,0,0,0,0,0,0
10395,0,1,0,1,1,0,0,0,1,1,1,1,1,0,0,1,0,1,1,0,0
10396,0,0,0,0,0,0,0,0,0,0,0,0,0,0,0,0,0,0,0,0,0
10397,6,8,11,10,8,6,6,7,9,11,10,8,6,5,6,8,11,10,8,6,5
10398,9,9,8,7,6,5,5,6,7,7,6,5,4,4,6,7,7,6,5,5,5
10399,0,0,0,0,0,0,0,0,0,0,0,0,0,0,0,0,0,0,0,0,0
10400,0,0,0,0,0,0,0,0,0,0,0,0,0,0,0,0,0,0,0,0,0
10401,0,0,0,0,0,0,0,0,0,0,0,0,0,0,0,0,0,0,0,0,0
10402,0,0,0,0,0,0,0,0,0,0,0,0,0,0,0,0,0,0,0,0,0
10403,0,0,0,0,0,0,0,0,0,0,0,0,0,0,0,0,0,0,0,0,0
10404,29,36,35,30,26,23,22,29,36,35,30,26,23,22,29,36,35,30,26,23,22
10405,2,2,2,1,1,1,1,2,2,2,1,1,1,1,2,2,2,1,1,1,1
10406,1,1,1,1,1,1,1,1,1,1,1,1,1,1,1,1,1,1,1,1,1
10407,0,0,0,0,0,0,0,0,0,0,0,0,0,0,0,0,0,0,0,0,0
10408,0,0,0,0,0,0,0,0,0,0,0,0,0,0,0,0,0,0,0,0,0
10409,0,0,0,0,0,0,0,0,0,0,0,0,0,0,0,0,0,0,0,0,0
10410,0,0,0,0,0,0,0,0,0,0,0,0,0,0,0,0,0,0,0,0,0
10411,0,0,0,0,0,0,0,0,0,0,0,0,0,0,0,0,0,0,0,0,0
10412,0,0,0,0,0,0,0,0,0,0,0,0,0,0,0,0,0,0,0,0,0
10413,0,0,0,0,0,0,0,0,0,0,0,0,0,0,0,0,0,0,0,0,0
10414,54,57,56,51,56,52,53,54,57,55,51,56,52,53,54,57,56,51,56,52,53
10415,1,0,0,0,0,0,0,1,0,0,0,0,0,0,1,0,0,0,0,0,0
10416,1,1,1,1,1,1,1,1,1,1,1,1,1,1,1,1,1,1,1,1,1
10417,4,3,2,2,2,2,2,2,2,2,2,2,2,2,2,2,2,2,2,2,2
10418,0,0,0,0,0,0,0,0,0,0,0,0,0,0,0,0,0,0,0,0,0
10419,3,3,3,3,2,3,3,3,4,3,3,2,3,3,3,4,3,3,2,3,3
10420,4,4,4,3,3,3,3,4,4,4,3,3,3,3,4,4,4,3,3,3,3
10421,3,3,3,3,2,2,2,3,3,3,3,2,2,2,3,3,3,3,2,2,3
10422,12,12,12,11,9,8,9,10,11,11,10,8,8,8,10,10,10,10,8,8,8
10423,5,5,4,4,4,3,4,4,4,4,4,4,3,4,4,4,4,4,4,3,4
10424,0,0,0,0,0,0,0,1,1,1,1,1,0,1,1,1,1,1,1,0,1
10425,0,0,0,0,0,0,0,0,0,0,0,0,0,0,0,0,0,0,0,0,0
10426,0,1,1,0,0,0,0,0,1,1,0,0,0,0,0,1,1,0,0,0,0
10427,1,1,1,1,1,1,1,1,1,1,1,1,1,1,1,1,1,1,1,1,1
10428,1,2,2,2,2,2,2,2,2,2,1,1,1,1,1,1,1,1,1,1,1
10429,2,2,1,1,1,1,2,2,2,1,1,1,1,2,2,2,1,1,1,1,2
10430,1,1,1,1,1,1,1,1,1,0,0,0,0,1,1,1,0,0,0,0,0
10431,0,0,0,0,0,0,0,0,0,0,0,0,0,0,0,0,0,0,0,0,0
10432,1,1,1,1,1,1,1,1,1,1,1,1,1,1,1,1,1,1,1,1,1
10433,1,1,1,1,1,1,1,1,1,1,1,1,1,1,1,1,1,1,1,1,1
10434,3,4,3,4,4,4,3,3,4,3,4,4,4,3,4,4,3,4,4,4,3
10435,2,2,1,1,1,1,2,2,2,1,1,1,1,2,2,2,2,1,1,1,2
10436,0,1,1,0,0,0,0,0,1,1,0,0,0,0,0,1,1,0,0,0,0
10437,1,1,1,1,1,0,1,1,1,1,1,1,1,1,1,1,1,1,1,0,1
10438,0,0,0,0,0,0,0,0,0,0,0,0,0,0,0,0,0,0,0,0,0
10439,0,0,0,0,0,0,0,0,0,0,0,0,0,0,0,0,0,0,0,0,0
10440,0,0,0,0,0,0,0,0,0,0,0,0,0,0,0,0,0,0,0,0,0
10441,0,0,0,0,0,0,0,0,0,0,0,0,0,0,0,0,0,0,0,0,0
10442,0,0,0,0,0,0,0,0,0,0,0,0,0,0,0,0,0,0,0,0,0
10443,0,0,0,0,0,0,0,0,0,0,0,0,0,0,0,0,0,0,0,0,0
10444,0,0,0,0,0,0,0,0,0,0,0,0,0,0,0,0,0,0,0,0,0
10445,0,0,0,0,0,0,0,0,0,0,0,0,0,0,0,0,0,0,0,0,0
10446,1,1,1,1,1,1,1,1,1,1,1,1,1,1,1,1,1,1,1,1,1
10447,0,0,0,0,0,0,0,0,0,0,0,0,0,0,0,0,0,0,0,0,0
10448,0,1,1,0,1,1,1,1,1,1,0,0,0,0,1,1,0,0,0,0,0
10449,0,0,0,0,0,0,0,0,0,0,0,0,0,0,0,0,0,0,0,0,0
10450,3,3,3,3,2,2,2,2,3,2,3,2,2,2,2,3,2,3,2,2,2
10451,1,1,1,1,2,1,1,1,1,1,1,2,1,1,1,1,1,1,2,1,1
10452,1,1,0,0,0,0,0,0,1,0,0,0,0,0,0,1,0,0,0,0,0
10453,8,9,11,11,9,7,6,8,10,11,11,9,7,6,8,10,11,11,9,7,6
10454,2,1,2,2,1,1,1,2,1,2,2,1,1,1,2,1,2,2,1,1,1
10455,7,8,7,7,6,5,5,7,8,7,7,6,5,5,7,8,7,7,6,5,6
10456,2,2,2,2,2,2,2,2,2,2,2,2,2,2,2,2,2,2,2,1,1
10457,31,36,36,38,32,29,27,34,42,44,44,36,32,29,34,39,39,38,31,28,26
10458,52,63,56,48,37,29,42,57,71,63,54,42,35,49,63,73,63,52,42,34,43
10459,35,39,41,39,37,33,34,43,46,43,37,33,31,33,36,34,33,30,30,33,31
10460,72,77,75,67,61,54,57,72,78,74,64,58,52,57,67,69,67,59,55,52,50
10461,23,24,25,23,20,19,19,23,25,25,21,17,16,17,20,21,20,17,15,15,15
10462,2,3,3,3,2,2,2,2,3,3,3,2,2,2,2,3,2,3,2,2,2
10463,2,2,2,2,1,1,1,1,2,2,2,1,1,1,2,2,2,2,2,1,1
10464,2,2,2,1,1,1,1,2,2,1,1,1,1,1,2,1,1,1,1,1,1
10465,2,2,2,3,2,2,1,1,2,2,3,2,2,1,1,2,2,3,2,2,1
10466,58,70,73,69,65,54,52,65,71,65,55,49,43,46,58,66,62,54,50,46,41
10467,127,137,147,141,122,107,104,133,150,156,142,116,97,92,115,130,146,142,121,107,102
10468,12,13,10,11,11,10,9,10,12,10,11,11,10,8,9,11,10,11,11,10,8
10469,5,4,6,6,7,5,4,5,4,6,6,7,5,4,5,4,6,6,7,5,4
10470,22,26,23,21,18,13,15,21,25,22,20,18,13,14,21,25,22,20,18,13,15
10471,62,64,70,71,69,63,60,80,89,92,87,79,74,72,83,84,84,78,73,72,60
10472,159,179,200,189,172,140,132,162,198,228,221,199,165,154,176,196,221,210,191,162,146
10473,0,1,0,1,0,0,0,0,1,0,1,0,0,0,0,1,0,1,0,0,0
10474,20,22,21,21,18,18,18,20,23,22,21,16,15,14,14,16,16,16,12,14,15
10475,0,0,0,0,0,0,0,0,0,0,0,0,0,0,0,0,0,0,0,0,0
10476,0,0,0,0,0,0,0,0,0,0,0,0,0,0,0,0,0,0,0,0,0
10477,322,351,450,379,415,319,283,345,378,470,393,422,330,301,348,363,452,373,403,314,273
10478,82,90,98,102,97,88,83,101,115,116,115,106,98,97,107,109,108,103,97,93,80
10479,8,8,9,10,10,8,9,8,8,9,9,10,7,9,8,8,9,9,10,7,9
10480,0,0,0,0,0,0,0,0,0,0,0,0,0,0,0,0,0,0,0,0,0
10481,3,4,3,4,4,4,4,3,4,3,3,4,3,3,3,4,3,3,4,3,3
10482,0,0,0,0,0,0,0,0,0,0,0,0,0,0,0,0,0,0,0,0,0
10483,0,0,0,0,0,0,0,0,0,0,0,0,0,0,0,0,0,0,0,0,0
10484,3,3,4,4,4,4,3,3,3,4,4,4,4,3,3,3,4,4,4,4,3
10485,1,1,2,2,1,1,1,1,1,1,1,1,1,1,1,1,1,1,1,1,1
10486,32,22,24,29,7,8,28,32,22,24,29,7,8,28,32,22,24,29,7,8,28
10487,4,6,7,6,5,4,4,4,6,7,6,5,4,4,4,6,7,6,5,4,4
10488,9,11,10,9,8,8,8,10,12,11,10,8,8,8,11,12,11,9,8,8,7
10489,31,35,35,33,31,26,23,32,37,37,35,32,26,23,33,37,37,34,31,25,22
10490,0,1,1,1,1,1,0,0,1,1,1,1,1,0,0,1,1,1,1,1,0
10491,0,0,0,0,0,0,0,0,0,0,0,0,0,0,1,1,0,0,0,1,0
10492,12,13,14,14,13,10,10,12,14,15,15,13,10,10,12,14,14,14,13,10,10
10493,0,0,0,0,0,0,0,0,0,0,0,0,0,0,0,0,0,0,0,0,0
10494,0,0,0,0,0,0,0,0,0,0,0,0,0,0,0,0,0,0,0,0,0
10495,0,0,0,0,0,0,0,0,0,0,0,0,0,0,0,0,0,0,0,0,0
10496,1,1,1,1,1,0,1,1,1,1,0,0,0,1,1,1,1,1,0,0,1
10497,11,14,15,13,10,7,7,10,13,15,14,10,7,6,10,13,15,14,11,8,7
10498,1,1,1,1,1,1,1,1,1,1,1,1,1,1,1,1,1,1,1,1,1
10499,0,0,0,0,0,0,0,0,0,0,0,0,0,0,0,0,0,0,0,0,0
10500,2,3,2,2,2,3,2,3,3,2,2,2,2,2,2,2,2,2,2,2,2
10501,0,0,0,0,0,0,0,0,0,0,0,0,0,0,0,0,0,0,0,0,0
10502,0,0,0,0,0,0,0,0,0,0,0,0,0,0,0,0,0,0,0,0,0
10503,0,0,0,0,0,0,0,0,0,0,0,0,0,0,0,0,0,0,0,0,0
10504,0,0,0,0,0,0,0,0,0,0,0,0,0,0,0,0,0,0,0,0,0
10505,0,0,0,0,0,0,0,0,0,0,0,0,0,0,0,0,0,0,0,0,0
10506,0,0,0,0,0,0,0,0,0,0,0,0,0,0,0,0,0,0,0,0,0
10507,1,1,0,0,0,0,1,1,1,0,0,0,0,1,1,1,0,0,0,0,1
10508,0,0,0,0,0,0,0,0,0,0,0,0,0,0,0,0,0,0,0,0,0
10509,0,0,0,0,0,0,0,0,0,0,0,0,0,0,0,0,0,0,0,0,0
10510,0,0,0,0,0,0,0,1,1,1,1,0,1,1,1,1,1,1,0,1,1
10511,0,0,0,0,0,0,0,0,0,0,0,0,0,0,0,0,0,0,0,0,0
10512,0,0,0,0,0,0,0,0,0,0,0,0,0,0,0,0,0,0,0,0,0
10513,0,0,0,0,0,0,0,0,0,0,0,0,0,0,0,0,0,0,0,0,0
10514,0,0,0,0,0,0,0,0,0,0,0,0,0,0,0,0,0,0,0,0,0
10515,0,0,0,0,0,0,0,0,0,0,0,0,0,0,0,0,0,0,0,0,0
10516,0,0,0,0,0,0,0,0,0,0,0,0,0,0,0,0,0,0,0,0,0
10517,0,0,0,0,0,0,0,0,0,0,0,0,0,0,0,0,0,0,0,0,0
10518,0,0,0,0,0,0,0,0,0,0,0,0,0,0,0,0,0,0,0,0,0
10519,0,0,0,0,0,0,0,0,0,0,0,0,0,0,0,0,0,0,0,0,0
10520,0,0,0,0,0,0,0,0,0,0,0,0,0,0,0,0,0,0,0,0,0
10521,0,0,0,0,0,0,0,0,0,0,0,0,0,0,0,0,0,0,0,0,0
10522,0,0,0,0,0,1,0,0,0,0,0,0,1,0,0,0,0,0,0,1,0
10523,0,0,0,0,0,0,0,0,0,0,0,0,0,0,0,0,0,0,0,0,0
10524,0,0,0,0,0,0,0,0,0,0,0,0,0,0,0,0,0,0,0,0,0
10525,0,0,0,0,6,0,0,0,0,0,0,6,0,0,0,0,0,0,6,0,0
10526,0,1,1,1,1,0,0,0,1,0,0,0,0,0,0,0,0,0,0,0,0
10527,0,0,0,0,0,0,0,0,0,0,0,0,0,0,0,0,0,0,0,0,0
10528,0,0,0,0,0,0,0,0,0,0,0,0,0,0,0,0,0,0,0,0,0
10529,0,0,0,1,0,0,0,0,0,0,1,0,0,0,0,0,0,1,0,0,0
10530,0,0,0,0,0,0,0,0,0,0,0,0,0,0,0,0,1,1,1,1,1
10531,0,0,0,0,0,0,0,0,0,0,0,0,0,0,0,0,0,0,0,0,0
10532,0,0,0,0,0,0,0,0,0,0,0,0,0,0,0,0,0,0,0,0,0
10533,0,0,0,0,0,0,0,0,0,0,0,0,0,0,0,0,0,0,0,0,0
10534,0,0,0,0,0,0,0,0,0,0,0,0,0,0,0,0,0,0,0,0,0
10535,2,2,1,1,1,1,2,2,2,1,1,1,1,2,2,2,1,1,1,1,2
10536,0,0,0,0,0,0,0,0,0,0,0,0,0,0,0,0,0,0,0,0,0
10537,0,0,0,0,0,0,0,0,0,0,0,0,0,0,0,0,0,0,0,0,0
10538,0,0,0,0,0,0,0,0,0,0,0,0,0,0,0,0,0,0,0,0,0
10539,0,0,0,0,0,0,0,0,0,0,0,0,0,0,0,0,0,0,0,0,0
10540,0,0,0,0,0,0,0,0,0,0,0,0,0,0,0,0,0,0,0,0,0
10541,2,2,2,2,2,2,2,2,2,2,2,2,1,1,2,2,2,2,2,1,1
10542,7,8,8,7,7,6,7,7,8,8,7,7,6,7,7,8,8,7,7,6,7
10543,0,0,0,0,0,0,0,0,0,0,0,0,0,0,0,0,0,0,0,0,0
10544,0,0,0,0,0,0,0,0,0,0,0,0,0,0,0,0,0,0,0,0,0
10545,0,0,0,0,0,0,0,0,0,0,0,0,0,0,0,0,0,0,0,0,0
10546,0,0,0,0,0,0,0,0,0,0,0,0,0,0,0,0,0,0,0,0,0
10547,15,14,12,9,8,9,10,14,14,12,9,8,9,10,14,14,12,9,8,9,11
10548,0,0,0,0,0,0,0,0,0,0,0,0,0,0,0,0,0,0,0,0,0
10549,0,0,0,0,0,0,0,0,0,0,0,0,0,0,0,0,0,0,0,0,0
10550,7,9,5,5,6,6,6,7,9,5,5,6,6,6,7,8,4,5,5,6,6
10551,0,0,0,0,0,0,0,0,0,0,0,0,0,0,0,0,0,0,0,0,0
10552,2,2,2,2,2,2,2,2,2,2,2,2,2,2,2,2,2,2,2,2,2
10553,0,0,0,0,0,0,0,0,0,0,0,0,0,0,0,0,0,0,0,0,0
10554,13,13,11,8,7,7,7,10,11,11,9,8,9,9,12,13,12,9,8,8,9
10555,0,0,0,0,0,0,0,0,0,0,0,0,0,0,0,0,0,0,0,0,0
10556,42,51,50,41,37,33,34,43,51,50,41,36,32,34,42,51,49,41,36,32,33
10557,14,16,18,16,14,12,12,14,16,17,16,14,11,11,14,16,17,16,14,11,11
10558,0,0,0,0,0,0,0,0,0,0,0,0,0,0,0,0,0,0,0,0,0
10559,3,3,3,3,3,3,2,3,3,3,3,3,3,3,3,3,3,3,3,3,2
10560,0,0,0,0,0,0,0,0,0,0,0,0,0,0,0,0,0,0,0,0,0
10561,2,2,2,2,2,2,2,2,2,2,2,2,1,2,2,2,2,2,2,1,2
10562,1,1,1,1,1,1,1,1,1,1,1,1,1,1,1,1,1,1,1,1,1
10563,2,2,2,2,2,2,3,2,2,2,1,2,2,3,2,2,2,1,2,2,3
10564,2,2,2,1,1,1,1,2,2,2,1,1,1,1,2,2,2,1,1,1,1
10565,0,0,0,0,0,0,0,0,0,0,0,0,0,0,0,0,0,0,0,0,0
10566,0,0,0,0,0,0,0,0,0,0,0,0,0,0,0,0,0,0,0,0,0
10567,0,0,0,0,0,0,0,0,0,0,0,0,0,0,0,0,0,0,0,0,0
10568,0,0,0,0,0,0,0,0,0,0,0,0,0,0,0,0,0,0,0,0,0
10569,0,0,0,0,0,0,0,0,0,0,0,0,0,0,0,0,0,0,0,0,0
10570,0,0,0,0,0,0,0,0,0,0,0,0,0,0,0,0,0,0,0,0,0
10571,0,0,0,0,0,0,0,0,0,0,0,0,0,0,0,0,0,0,0,0,0
10572,5,6,6,7,7,6,6,6,7,7,8,8,7,7,7,7,8,9,8,8,8
10573,6,6,5,5,5,4,4,4,4,5,5,5,4,4,4,5,5,5,5,4,4
10574,2,2,3,3,3,2,3,2,2,3,3,3,2,3,2,2,3,3,3,2,3
10575,43,42,38,37,32,33,31,35,33,29,27,22,25,27,36,38,36,35,30,32,29
10576,0,0,0,0,0,0,0,0,0,0,0,0,0,0,0,0,0,0,0,0,0
10577,0,1,1,1,1,1,1,1,1,1,1,1,1,1,1,1,1,1,1,1,1
10578,1,1,1,1,1,1,1,1,1,1,1,1,1,1,1,1,1,1,1,1,1
10579,1,1,0,0,1,0,1,1,1,1,0,1,1,1,1,1,1,0,1,0,1
10580,1,1,1,0,0,0,0,1,1,1,1,0,1,1,1,1,1,0,0,0,0
10581,0,0,0,0,0,0,0,0,0,0,0,0,0,0,0,0,0,0,0,0,0
10582,0,0,0,0,0,0,0,0,0,0,0,0,0,0,0,0,0,0,0,0,0
10583,0,0,0,0,0,0,0,0,0,0,0,0,0,0,0,0,0,0,0,0,0
10584,0,0,0,0,0,0,0,0,0,0,0,0,0,0,0,0,0,0,0,0,0
10585,0,0,0,0,0,0,0,0,0,0,0,0,0,0,0,0,0,0,0,0,0
10586,1,1,1,1,1,1,1,1,1,1,1,1,1,1,1,1,1,1,1,1,1
10587,80,87,89,85,79,70,70,82,89,91,83,72,59,56,64,70,78,77,72,68,70
10588,11,12,13,13,12,10,11,13,13,14,12,11,9,9,11,11,10,9,7,6,7
10589,3,3,3,3,2,2,2,2,2,3,3,2,2,2,2,3,3,3,3,3,2
10590,0,0,0,0,0,0,0,0,0,0,0,0,0,0,0,0,0,0,0,0,0
10591,2,2,2,2,1,2,2,2,2,2,2,1,2,2,2,2,2,2,1,2,2
10592,7,9,8,6,5,4,5,7,8,8,5,4,4,5,7,8,8,5,4,4,5
10593,2,2,2,2,1,2,2,2,2,2,2,1,2,2,2,2,2,2,1,2,2
10594,1,1,1,1,1,1,1,1,1,1,1,1,1,1,1,1,1,1,1,1,1
10595,1,0,0,0,0,0,1,1,0,0,0,0,0,1,1,0,0,0,0,0,1
10596,1,1,1,1,1,1,1,1,1,1,1,1,1,1,1,1,1,1,1,1,1
10597,0,0,1,1,1,1,1,1,1,1,1,1,1,0,1,0,1,1,1,1,0
10598,0,0,0,0,0,0,0,0,0,0,0,0,0,0,0,0,0,0,0,0,0
10599,15,20,17,14,13,15,14,15,20,17,14,12,15,14,15,20,17,14,12,15,14
10600,14,19,14,13,10,14,12,14,19,14,13,10,14,12,14,19,14,13,10,14,12
10601,23,20,20,16,12,17,15,23,20,20,16,12,17,15,23,20,20,16,12,17,15
10602,0,0,0,0,0,0,1,0,0,0,0,0,0,1,0,0,0,0,0,0,1
10603,0,0,0,0,0,0,0,0,0,0,0,0,0,0,0,0,0,0,0,0,0
10604,2,2,2,2,2,2,2,2,2,2,2,2,2,2,2,2,2,2,2,2,2
10605,0,0,0,0,0,0,0,0,0,0,0,0,0,0,0,0,0,0,0,0,0
10606,0,0,0,0,0,0,0,0,0,0,0,0,0,0,0,0,0,0,0,0,0
10607,0,0,0,0,0,0,0,0,0,0,0,0,0,0,0,0,0,0,0,0,0
10608,2,2,2,3,3,3,2,2,2,2,3,3,3,2,2,2,2,3,3,3,2
10609,0,0,0,0,0,0,0,0,0,0,0,0,0,0,0,0,0,0,0,0,0
10610,0,0,0,0,0,0,0,0,0,0,0,0,0,0,0,0,0,0,0,0,0
10611,2,2,2,3,2,2,2,3,2,2,3,2,2,2,3,2,2,3,2,2,2
10612,2,2,2,2,2,2,2,2,2,2,2,2,2,2,2,2,2,2,2,2,2
10613,0,0,0,0,0,0,0,0,0,0,0,0,0,0,0,0,0,0,0,0,0
10614,0,0,0,0,0,0,0,0,0,0,0,0,0,0,0,0,0,0,0,0,0
10615,0,0,0,0,0,0,0,0,0,0,0,0,0,0,0,0,0,0,0,0,0
10616,0,0,0,0,0,0,0,0,0,0,0,0,0,0,0,0,0,0,0,0,0
10617,0,0,0,0,0,0,0,0,0,0,0,0,0,0,0,0,0,0,0,0,0
10618,0,0,0,0,0,0,0,0,0,0,0,0,0,0,0,0,0,0,0,0,0
10619,1,1,1,1,1,1,1,1,1,1,1,1,1,1,1,1,1,1,1,1,1
10620,0,0,0,0,0,0,0,0,0,0,0,0,0,0,0,0,0,0,0,0,0
10621,0,0,0,0,0,0,0,0,0,0,0,0,0,0,0,0,0,0,0,0,0
10622,1,1,1,1,1,1,1,1,1,1,1,1,1,1,1,1,1,1,1,1,1
10623,0,0,0,0,0,0,0,0,0,0,0,0,0,0,0,0,0,0,0,0,0
10624,9,9,8,6,6,7,7,9,9,8,6,6,7,7,9,9,8,6,6,7,7
10625,0,0,1,0,0,0,0,1,0,1,0,0,0,0,1,0,1,0,0,0,1
10626,2,2,1,1,1,1,1,2,2,1,1,1,1,1,2,2,1,1,1,1,1
10627,2,2,2,2,2,1,1,2,2,2,2,2,1,1,2,2,2,2,2,1,1
10628,0,0,0,0,0,0,0,0,0,0,0,0,0,0,0,0,0,0,0,0,0
10629,0,1,1,1,1,1,1,0,1,1,1,1,1,1,0,1,1,1,1,1,1
10630,0,0,0,0,0,0,0,0,0,0,0,0,0,0,0,0,0,0,0,0,0
10631,1,1,0,0,0,1,0,1,1,0,0,0,1,0,1,1,0,0,0,1,0
10632,2,2,2,2,2,2,2,2,2,2,2,2,2,2,2,2,2,2,2,2,2
10633,0,0,0,0,0,0,0,0,0,0,0,0,0,0,0,0,0,0,0,0,0
10634,2,2,1,1,2,1,1,2,2,1,1,2,1,1,2,2,1,1,2,1,1
10635,3,3,3,3,2,3,3,3,3,3,3,2,3,3,3,3,3,3,2,3,3
10636,0,0,0,0,0,0,0,0,0,0,0,0,0,0,0,0,0,0,0,0,0
10637,0,0,0,0,0,0,0,0,0,0,0,0,0,0,0,0,0,0,0,0,0
10638,0,0,0,0,0,0,0,0,0,0,0,0,0,0,0,0,0,0,0,0,0
10639,1,0,0,0,0,0,0,1,0,0,0,0,0,0,1,0,0,0,0,0,0
10640,0,0,0,0,0,0,0,0,0,0,0,0,0,0,0,0,0,0,0,0,0
10641,0,0,0,0,0,0,0,0,0,0,0,0,0,0,0,0,0,0,0,0,0
10642,0,0,0,0,0,0,0,0,0,0,0,0,0,0,0,0,0,0,0,0,0
10643,0,0,0,0,0,0,0,0,0,0,0,0,0,0,0,0,0,0,0,0,0
10644,0,0,0,0,0,0,0,0,0,0,0,0,0,0,0,0,0,0,0,0,0
10645,0,0,0,0,0,0,0,0,0,0,0,0,0,0,0,0,0,0,0,0,0
10646,0,0,0,0,0,0,0,0,0,0,0,0,0,0,0,0,0,0,0,0,0
10647,0,0,0,0,0,0,0,0,0,0,0,0,0,0,0,0,0,0,0,0,0
10648,0,0,0,0,0,0,0,0,0,0,0,0,0,0,0,0,0,0,0,0,0
10649,1,1,1,1,1,1,1,1,1,1,1,1,1,1,1,1,1,1,1,1,1
10650,0,0,0,0,0,0,0,0,0,0,0,0,0,0,0,0,0,0,0,0,0
10651,0,0,0,0,0,0,0,0,0,0,0,0,0,0,0,0,0,0,0,0,0
10652,0,0,0,0,0,0,0,0,0,0,0,0,0,0,0,0,0,0,0,0,0
10653,0,0,0,0,0,0,0,0,0,0,0,0,0,0,0,0,0,0,0,0,0
10654,1,1,0,0,0,0,1,1,1,0,0,0,0,1,1,1,0,0,0,0,1
10655,0,0,0,0,0,0,0,0,0,0,0,0,0,0,0,0,0,0,0,0,0
10656,0,0,0,0,0,0,0,0,0,0,0,0,0,0,0,0,0,0,0,0,0
10657,0,0,0,0,0,0,0,0,0,0,0,0,0,0,0,0,0,0,0,0,0
10658,0,0,0,0,0,0,0,0,0,0,0,0,0,0,0,0,0,0,0,0,0
10659,0,0,0,0,0,0,0,0,0,0,0,0,0,0,0,0,0,0,0,0,0
10660,0,0,0,0,0,0,0,0,0,0,0,0,0,0,0,0,0,0,0,0,0
10661,0,0,0,0,0,0,0,0,0,0,0,0,0,0,0,0,0,0,0,0,0
10662,0,0,0,0,0,0,0,0,0,0,0,0,0,0,0,0,0,0,0,0,0
10663,0,0,0,0,0,0,0,0,0,0,0,0,0,0,0,0,0,0,0,0,0
10664,0,0,0,0,0,0,0,0,0,0,0,0,0,0,0,0,0,0,0,0,0
10665,0,0,0,0,0,0,0,0,0,0,0,0,0,0,0,0,0,0,0,0,0
10666,0,0,0,0,0,0,0,0,0,0,0,0,0,0,0,0,0,0,0,0,0
10667,0,0,0,0,0,0,0,0,0,0,0,0,0,0,0,0,0,0,0,0,0
10668,0,0,0,0,0,0,0,0,0,0,0,0,0,0,0,0,0,0,0,0,0
10669,0,0,0,0,0,0,0,0,0,0,0,0,0,0,0,0,0,0,0,0,0
10670,0,0,0,0,0,0,0,0,0,0,0,0,0,0,0,0,0,0,0,0,0
10671,0,0,0,0,0,0,0,0,0,0,0,0,0,0,0,0,0,0,0,0,0
10672,0,0,0,0,0,0,0,0,0,0,0,0,0,0,0,0,0,0,0,0,0
10673,0,0,0,0,0,0,0,0,0,0,0,0,0,0,0,0,0,0,0,0,0
10674,0,0,0,0,0,0,0,0,0,0,0,0,0,0,0,0,0,0,0,0,0
10675,0,0,0,0,0,0,0,0,0,0,0,0,0,0,0,0,0,0,0,0,0
10676,0,0,0,0,0,0,0,0,0,0,0,0,0,0,0,0,0,0,0,0,0
10677,0,0,0,0,0,0,0,0,0,0,0,0,0,0,0,0,0,0,0,0,0
10678,34,40,42,42,35,30,29,34,40,42,41,34,30,29,34,40,42,41,34,30,29
10679,6,7,6,6,5,4,4,6,6,6,6,5,4,5,6,7,6,6,5,4,5
10680,1,1,1,1,1,0,0,1,1,1,1,1,0,0,1,1,1,1,1,0,0
10681,0,0,0,1,1,0,0,0,0,0,1,1,0,0,0,0,0,1,1,0,0
10682,1,2,2,2,2,1,1,1,2,2,2,2,1,1,1,2,2,2,2,1,1
10683,2,2,2,2,2,2,2,2,2,2,2,2,2,2,2,2,2,2,2,2,2
10684,0,0,0,0,0,0,0,0,0,0,0,0,0,0,0,0,0,0,0,0,0
10685,0,0,0,0,0,0,0,0,0,0,0,0,0,0,0,0,0,0,0,0,0
10686,0,0,0,0,0,0,0,0,0,0,0,0,0,0,0,0,0,0,0,0,0
10687,0,0,0,0,0,0,0,0,0,0,0,0,0,0,0,0,0,0,0,0,0
10688,1,2,3,4,5,5,5,4,3,3,3,2,2,2,2,1,2,3,3,2,2
10689,0,0,0,0,0,0,0,0,0,0,0,0,0,0,0,0,0,0,0,0,0
10690,0,0,0,0,0,0,0,0,0,0,0,0,0,0,0,0,0,0,0,0,0
10691,0,0,0,1,0,1,0,0,0,0,1,0,1,0,0,0,0,1,0,1,0
10692,0,0,0,0,0,0,0,0,0,0,0,0,0,0,0,0,0,0,0,0,0
10693,0,0,0,0,0,0,0,0,0,0,0,0,0,0,0,0,0,0,0,0,0
10694,1,1,1,1,1,1,1,1,1,1,1,1,1,1,1,1,1,1,1,1,1
10695,0,0,0,0,0,0,0,0,0,0,0,0,0,0,0,0,0,0,0,0,0
10696,0,0,0,0,0,0,0,0,0,0,0,0,0,0,0,0,0,0,0,0,0
10697,0,0,0,0,0,0,0,0,0,0,0,0,0,0,0,0,0,0,0,0,0
10698,0,0,0,0,0,0,0,0,0,0,0,0,0,0,0,0,0,0,0,0,0
10699,0,1,0,2,3,0,0,0,1,0,2,3,0,0,0,1,0,2,3,0,0
10700,0,2,0,2,2,0,2,0,2,0,2,2,0,2,0,2,0,2,2,0,2
10701,3,9,5,2,4,0,2,2,9,5,2,4,0,2,2,9,5,2,4,0,2
10702,1,1,1,0,3,2,0,1,1,1,0,3,2,0,1,1,1,0,3,2,0
10703,2,2,1,1,1,0,1,2,2,1,1,1,0,1,2,2,1,1,1,0,1
10704,2,1,1,1,1,0,0,2,1,1,1,1,0,0,2,1,1,1,1,0,0
10705,3,3,10,2,0,2,5,3,3,9,2,0,2,5,2,3,10,2,0,2,5
10706,0,0,0,0,0,0,0,0,0,0,0,0,0,0,0,0,0,0,0,0,0
10707,1,1,1,1,1,1,1,1,1,1,1,1,1,1,1,1,1,1,1,1,1
10708,0,0,0,0,0,0,0,0,0,0,0,0,0,0,0,0,0,0,0,0,0
10709,1,1,1,1,1,1,1,1,1,1,1,1,1,1,1,1,1,1,1,1,1
10710,0,0,0,0,0,0,0,0,0,0,0,0,0,0,0,0,0,0,0,0,0
10711,1,2,2,1,1,1,1,1,2,1,1,1,1,1,1,2,1,1,1,1,1
10712,0,1,1,1,1,1,0,0,1,1,1,1,1,0,0,1,1,1,1,1,0
10713,3,3,3,3,2,2,3,3,4,3,3,3,2,3,3,3,3,3,2,2,3
10714,2,2,2,2,2,1,1,2,2,2,2,2,1,1,2,2,2,2,2,2,2
10715,1,1,1,1,0,0,1,1,1,1,1,0,0,1,1,1,1,1,0,0,1
10716,1,1,1,1,1,1,1,1,1,1,1,1,1,1,1,1,1,1,1,1,1
10717,0,0,0,0,0,0,0,0,0,0,0,0,0,0,0,0,0,0,0,0,0
10718,0,0,0,0,0,0,0,1,0,1,0,0,0,1,1,0,1,0,0,0,1
10719,0,0,0,0,0,0,0,0,0,0,0,0,0,0,0,0,0,0,0,0,0
10720,3,3,3,4,3,0,0,3,3,3,4,3,0,0,3,3,3,4,3,0,0
10721,0,0,0,0,0,0,0,0,0,0,0,0,0,0,0,0,0,0,0,0,0
10722,1,1,1,0,0,0,0,1,1,1,0,0,0,0,1,1,1,0,0,0,0
10723,2,2,3,3,2,2,2,2,2,3,3,2,2,2,2,2,3,3,2,2,2
10724,4,4,4,4,4,3,3,4,4,4,4,4,3,3,4,4,4,4,4,3,3
10725,0,0,0,0,0,0,0,0,0,0,0,0,0,0,0,0,0,0,0,0,0
10726,10,13,13,10,5,5,5,10,13,13,10,5,5,5,10,13,13,10,5,5,5
10727,22,21,20,20,19,17,19,23,27,29,26,21,19,20,18,17,17,17,15,15,17
10728,5,5,4,4,5,5,4,5,5,4,4,5,5,4,5,5,4,4,5,5,4
10729,13,14,15,16,15,8,4,5,6,7,10,12,9,8,11,10,9,11,12,9,7
10730,2,2,2,2,2,2,2,2,2,2,2,2,2,2,2,2,2,2,2,2,2
10731,2,2,2,2,2,2,1,2,2,2,2,2,2,1,2,2,2,2,2,2,1
10732,9,10,8,8,8,8,9,10,10,8,8,8,8,9,9,10,8,8,8,8,9
10733,7,6,5,5,4,5,5,6,6,5,4,4,4,5,6,6,5,4,4,4,5
10734,6,6,5,5,5,5,5,5,6,5,5,5,5,5,5,6,5,5,5,5,5
10735,2,3,3,3,3,2,2,2,3,3,3,3,2,2,2,3,3,3,3,2,2
10736,1,1,1,1,1,1,1,1,1,1,1,1,1,1,1,1,1,1,1,1,1
10737,1,1,1,1,1,0,1,1,1,1,1,1,0,1,1,1,1,1,1,1,1
10738,1,1,1,1,1,1,1,1,1,1,1,1,1,1,1,1,1,1,1,1,1
10739,1,1,2,2,1,1,1,1,2,2,2,1,1,1,2,2,2,2,2,1,2
10740,23,24,25,25,24,20,17,17,17,18,17,16,15,16,20,22,23,22,22,20,18
10741,1,1,1,0,0,0,0,1,1,1,0,1,0,0,1,1,1,0,1,0,0
10742,1,2,2,2,1,1,1,1,2,2,2,2,1,2,2,2,2,2,2,1,1
10743,1,2,2,2,1,1,1,1,2,2,1,1,1,1,2,2,2,2,1,1,1
10744,2,2,3,3,3,2,2,2,2,3,3,3,2,2,2,2,3,3,3,2,2
10745,16,15,14,15,14,13,14,17,15,15,15,15,13,14,17,15,14,15,14,13,14
10746,1,2,1,1,1,1,1,1,1,1,1,1,1,1,1,2,2,1,1,1,1
10747,0,0,0,0,0,0,0,0,0,0,0,0,0,0,0,0,0,0,0,0,0
10748,0,0,0,0,0,0,0,0,0,0,0,0,0,0,0,0,0,0,0,0,0
10749,0,0,0,0,0,0,0,0,0,0,0,0,0,0,0,0,0,0,0,0,0
10750,0,0,0,0,0,0,0,0,0,0,0,0,0,0,0,0,0,0,0,0,0
10751,0,0,1,1,0,0,0,0,0,1,1,0,0,0,0,0,1,1,0,0,0
10752,0,1,1,1,1,1,1,1,1,1,0,1,1,0,1,1,1,0,0,0,0
10753,0,0,0,0,0,0,0,0,0,0,0,0,0,0,0,0,0,0,0,0,0
10754,0,0,0,0,0,0,0,0,0,0,0,0,0,0,0,0,0,0,0,0,0
10755,1,1,1,1,1,1,0,0,0,0,1,1,1,0,1,1,1,1,1,1,1
10756,0,0,0,0,0,0,0,0,0,0,0,0,0,0,0,0,0,0,0,0,0
10757,0,0,0,0,0,0,0,0,0,0,0,0,0,0,0,0,0,0,0,0,0
10758,0,0,0,0,0,0,0,0,0,0,0,0,0,0,0,0,0,0,0,0,0
10759,0,0,0,0,0,0,0,0,0,0,0,0,0,0,0,0,0,0,0,0,0
10760,0,0,0,0,0,0,0,0,0,0,0,0,0,0,0,0,0,0,0,0,0
10761,0,0,0,0,0,0,0,0,0,0,0,0,0,0,0,0,0,0,0,0,0
10762,0,1,1,1,1,0,0,0,1,1,1,1,0,0,1,1,1,1,1,0,0
10763,0,0,0,0,0,0,0,0,0,0,0,0,0,0,0,0,0,0,0,0,0
10764,0,0,0,0,0,0,0,0,0,0,0,0,0,0,0,0,0,0,0,0,0
10765,0,0,0,0,0,0,0,0,0,0,0,0,0,0,0,0,0,0,0,0,0
10766,0,0,0,0,0,0,0,0,0,0,0,0,0,0,0,0,0,0,0,0,0
10767,1,1,1,0,0,0,0,0,0,0,0,0,0,0,1,1,1,0,0,0,0
10768,0,0,0,0,0,0,0,0,0,0,0,0,0,0,0,0,0,0,0,0,0
10769,0,0,0,0,0,0,0,0,0,0,0,0,0,0,0,0,0,0,0,0,0
10770,1,0,0,0,0,0,1,1,0,0,0,0,0,1,1,0,0,0,0,0,1
10771,0,0,0,0,0,0,0,0,0,0,0,0,0,0,0,0,0,0,0,0,0
10772,0,0,0,0,0,0,0,0,0,0,0,0,0,0,0,0,0,0,0,0,0
10773,0,0,0,0,0,0,0,0,0,0,0,0,0,0,0,0,0,1,3,5,5
10774,2,2,2,2,2,1,1,2,2,2,2,2,1,1,2,2,2,2,2,1,1
10775,2,2,1,1,1,1,1,2,2,1,1,1,1,1,2,2,1,1,1,1,1
10776,9,10,11,12,9,8,7,9,10,11,12,9,8,7,9,11,11,12,9,8,7
10777,3,3,3,3,3,3,3,4,3,3,4,3,3,3,4,4,3,4,3,3,3
10778,7,8,8,6,6,5,6,7,8,8,6,6,5,6,7,8,8,6,6,5,6
10779,3,3,3,3,2,2,2,2,3,3,3,2,2,2,2,3,3,2,2,2,2
10780,6,6,5,5,4,4,4,6,5,5,5,4,4,4,6,5,5,5,4,4,4
10781,0,0,0,0,0,0,0,0,0,0,0,0,0,0,0,0,0,0,0,0,0
10782,0,0,0,0,0,0,0,0,0,0,0,0,0,0,0,0,0,0,0,0,0
10783,1,1,1,1,1,0,1,1,1,1,1,1,0,1,1,1,1,1,1,0,1
10784,0,0,0,0,0,0,0,0,0,0,0,0,0,0,0,0,0,0,0,0,0
10785,0,0,0,0,0,0,0,0,0,0,0,0,0,0,0,0,0,0,0,0,0
10786,0,0,0,0,0,0,0,0,0,0,0,0,0,0,0,0,0,0,0,0,0
10787,0,0,0,0,0,0,0,0,0,0,0,0,0,0,0,0,0,0,0,0,0
10788,0,0,0,0,0,0,0,0,0,0,0,0,0,0,0,0,0,0,0,0,0
10789,2,3,3,3,2,2,2,2,3,3,3,2,2,2,2,3,3,3,2,2,2
10790,1,1,1,1,1,1,1,1,1,1,1,1,1,1,1,1,1,1,1,1,1
10791,5,5,4,4,3,4,4,4,4,4,4,3,4,4,4,4,4,3,3,4,4
10792,10,11,12,11,10,8,8,9,11,11,11,10,8,8,9,11,12,11,10,8,8
10793,1,1,1,1,1,1,1,1,1,1,0,1,1,1,1,1,1,1,1,1,1
10794,1,1,1,1,1,1,1,1,1,1,1,1,1,1,1,1,1,1,1,1,1
10795,1,3,2,2,2,2,2,1,3,2,2,2,2,2,1,3,2,2,2,2,2
10796,3,4,4,4,3,3,2,3,4,4,4,3,3,2,3,4,4,4,3,3,2
10797,0,0,0,0,0,0,0,0,0,0,0,0,0,0,0,0,0,0,0,0,0
10798,2,1,3,2,2,2,2,2,1,3,2,2,2,2,2,1,3,2,2,2,2
10799,3,4,3,3,2,3,3,3,4,3,3,2,2,3,3,4,3,3,2,2,3
10800,1,1,1,1,1,1,1,1,1,1,1,1,1,1,1,1,1,1,1,1,1
10801,0,0,0,0,0,0,0,0,0,0,0,0,0,0,0,0,0,0,0,0,0
10802,0,0,0,0,0,0,0,0,0,0,0,0,0,0,0,0,0,0,0,0,0
10803,0,0,0,0,0,0,0,0,0,0,0,0,0,0,0,0,0,0,0,0,0
10804,0,0,0,0,0,0,0,0,0,0,0,0,0,0,0,0,0,0,0,0,0
10805,0,0,0,0,0,0,0,0,0,0,0,0,0,0,0,0,0,0,0,0,0
10806,3,3,3,2,2,2,2,2,2,2,2,2,2,2,2,3,3,2,2,2,2
10807,1,1,1,1,1,1,1,1,1,1,1,1,1,1,1,1,1,1,1,1,1
10808,1,1,1,1,1,1,1,1,1,1,1,1,1,1,1,1,1,1,1,1,1
10809,0,0,0,0,0,0,0,0,0,0,0,0,0,0,0,0,0,0,0,0,0
10810,9,10,10,10,12,11,11,9,10,10,10,12,11,11,9,10,10,10,11,11,11
10811,0,1,1,0,0,0,0,1,1,1,0,0,0,0,1,1,1,1,1,0,1
10812,2,3,4,4,3,3,2,2,3,4,4,3,3,2,2,3,4,4,3,3,2
10813,1,1,1,1,1,1,1,1,1,1,1,1,1,1,1,1,1,1,1,1,1
10814,6,13,14,12,6,5,5,6,13,14,12,6,5,5,6,13,14,12,6,5,5
10815,2,3,5,6,4,2,2,2,3,5,5,4,2,2,2,3,5,6,4,2,2
10816,8,16,17,18,14,11,7,10,17,17,18,14,11,7,10,17,17,18,14,11,7
10817,4,5,6,5,4,3,3,4,5,6,5,4,3,3,4,6,6,5,4,3,3
10818,1,2,2,2,1,1,1,1,2,2,2,1,1,1,1,2,2,2,1,1,1
10819,0,0,0,0,0,0,0,0,0,0,0,0,0,0,0,0,0,0,0,0,0
10820,2,3,4,3,3,2,2,2,3,4,3,3,2,2,2,3,4,3,3,2,2
10821,4,6,7,5,4,3,3,4,6,7,5,4,3,3,4,6,7,5,4,3,3
10822,1,1,1,1,1,1,1,1,1,1,1,1,1,1,1,1,1,1,1,1,1
10823,1,1,1,1,1,1,1,1,1,1,1,1,1,1,1,1,1,1,1,1,1
10824,1,1,0,0,0,0,0,0,0,0,0,0,0,0,0,0,0,0,0,0,0
10825,1,1,1,1,1,1,1,1,1,1,1,1,1,1,2,1,1,1,1,1,1
10826,1,1,1,1,1,1,1,1,1,1,1,1,1,1,1,1,1,1,1,1,1
10827,2,2,2,2,1,1,1,1,2,2,2,1,1,1,2,2,2,2,1,1,1
10828,3,2,3,2,2,2,2,2,2,3,3,2,2,2,2,3,3,3,2,2,2
10829,0,0,0,0,0,0,0,0,0,0,0,0,0,0,0,0,0,0,0,0,0
10830,0,0,0,0,0,0,0,0,0,0,0,0,0,0,0,0,0,0,0,0,0
10831,0,0,0,0,0,0,0,0,0,0,0,0,0,0,0,0,0,0,0,0,0
10832,0,0,0,0,0,0,0,0,0,0,0,0,0,0,0,0,0,0,0,0,0
10833,0,0,0,0,0,0,0,0,0,0,0,0,0,0,0,0,0,0,0,0,0
10834,1,1,1,1,1,1,1,1,1,1,1,1,1,1,1,1,1,1,1,1,1
10835,2,2,1,1,1,1,1,1,1,1,1,1,1,1,1,1,2,1,1,1,1
10836,0,1,0,0,0,0,0,0,0,0,0,0,0,0,0,0,0,0,0,0,0
10837,0,1,1,1,1,1,1,1,1,1,1,1,1,1,1,1,1,1,1,1,1
10838,0,0,0,0,0,0,0,0,0,0,0,0,0,0,0,0,0,0,0,0,0
10839,1,1,1,1,1,1,1,1,1,1,1,1,1,1,1,1,1,1,0,1,1
10840,0,0,0,0,0,0,0,0,0,0,0,0,0,0,1,1,0,0,0,0,0
10841,0,0,0,0,0,0,0,0,0,0,0,0,0,0,0,0,0,0,0,0,0
10842,3,4,4,4,3,3,3,3,4,4,4,3,3,3,3,4,4,4,3,3,3
10843,0,0,0,0,0,0,0,0,0,0,0,0,0,0,0,0,0,0,0,0,0
10844,2,2,3,2,2,2,2,2,2,3,2,2,2,2,2,2,3,2,2,2,2
10845,0,0,0,0,0,0,0,0,0,0,0,0,0,0,0,0,0,0,0,0,0
10846,0,0,0,0,0,0,0,0,0,0,0,0,0,0,0,0,0,0,0,0,0
10847,14,17,19,19,18,16,17,20,23,24,22,19,16,17,17,16,17,15,14,14,15
10848,5,4,4,4,3,4,4,4,4,5,4,4,4,4,5,4,5,4,4,4,4
10849,0,1,0,0,0,0,0,1,1,1,0,0,0,0,1,1,1,0,0,0,0
10850,1,1,1,1,1,1,1,1,1,1,1,1,1,1,1,1,1,1,1,1,1
10851,0,0,0,0,0,0,0,0,0,0,0,0,0,0,0,0,0,0,0,0,0
10852,0,0,0,0,0,0,0,0,0,0,0,0,0,0,0,0,0,0,0,0,0
10853,4,5,6,6,5,5,5,5,6,5,5,5,4,4,5,6,5,5,5,4,4
10854,1,1,1,1,1,1,1,1,1,1,1,1,1,1,1,1,1,1,1,1,1
10855,0,0,0,0,0,0,0,0,0,0,0,0,0,0,0,0,0,0,0,0,0
10856,14,14,13,11,10,9,10,13,15,16,13,12,11,12,14,14,14,12,11,10,12
10857,3,3,3,2,3,3,4,3,4,3,3,3,3,4,3,3,3,3,3,3,4
10858,25,25,24,25,26,25,25,32,35,34,33,31,30,30,32,29,27,27,26,26,25
10859,111,126,130,124,112,103,98,108,121,122,113,98,90,87,90,102,112,110,102,104,101
10860,106,111,110,106,96,88,84,112,122,123,115,102,95,91,108,105,101,93,82,77,74
10861,0,0,0,0,0,0,0,0,0,0,0,0,0,0,0,0,0,0,0,0,0
10862,2,2,2,2,2,1,1,2,2,2,1,1,1,1,2,2,2,2,2,1,1
10863,28,21,19,16,14,14,19,26,26,24,19,16,16,22,30,26,25,21,19,20,25
10864,54,58,55,46,39,38,42,56,63,64,55,47,45,48,59,62,60,49,42,42,46
10865,1,2,3,2,1,1,1,1,2,3,2,1,1,1,1,2,3,2,1,1,1
10866,4,5,4,3,3,4,4,4,5,4,3,3,4,4,5,5,4,3,3,4,4
10867,24,28,29,32,32,30,37,45,49,45,42,37,33,37,33,30,27,28,26,26,30
10868,14,13,12,11,10,11,11,13,12,13,12,10,11,11,13,13,13,12,11,11,11
10869,86,87,84,75,73,73,78,94,92,84,71,65,65,71,79,73,72,63,62,68,71
10870,9,10,10,10,8,8,8,11,15,14,13,11,12,14,17,17,15,14,12,12,10
10871,8,8,8,7,6,5,5,5,6,7,6,5,4,5,5,5,5,5,3,3,3
10872,4,5,4,3,3,3,4,4,5,5,3,3,3,5,4,5,4,3,2,3,4
10873,1,1,1,1,1,1,1,1,1,1,1,1,1,1,1,1,1,1,1,1,1
10874,1,1,1,1,1,1,1,2,2,1,1,1,1,1,2,2,1,1,1,1,1
10875,6,8,7,9,8,7,6,6,8,7,9,8,7,6,6,8,7,9,8,7,6
10876,6,6,6,5,5,4,4,5,6,6,5,5,4,4,5,5,5,5,5,3,3
10877,1,1,1,1,1,1,1,1,1,1,1,1,1,1,1,1,1,1,1,1,1
10878,9,9,9,8,7,7,8,10,9,10,8,8,7,8,9,9,9,8,7,7,7
10879,132,151,158,164,153,123,121,145,165,172,177,162,130,125,143,159,163,165,151,122,118
10880,2,2,1,1,1,1,1,1,2,1,1,1,1,1,2,2,2,1,1,1,1
10881,0,0,0,0,0,0,0,0,0,0,0,0,0,0,0,0,0,0,0,0,0
10882,2,2,2,2,2,1,2,2,2,2,2,2,2,2,2,2,2,2,2,2,2
10883,5,4,4,3,4,3,4,3,4,4,3,4,3,4,4,4,4,3,3,3,4
10884,9,10,12,12,12,9,9,9,11,12,12,12,9,9,9,10,12,11,11,8,9
10885,5,5,6,6,6,5,5,6,5,6,5,5,5,5,5,5,5,4,4,4,4
10886,8,8,7,7,6,5,7,9,9,7,7,6,5,7,9,9,7,7,6,5,7
10887,7,5,4,3,3,3,3,5,7,7,7,6,6,7,6,4,4,4,4,4,5
10888,1,1,1,1,1,1,1,1,1,1,1,1,1,1,1,1,1,1,1,1,1
10889,2,2,2,2,2,1,2,2,2,1,2,2,1,2,2,2,1,1,1,1,2
10890,1,1,1,1,1,1,1,1,1,1,1,1,1,1,1,1,1,1,1,1,1
10891,0,0,0,0,0,0,0,0,0,0,0,0,0,0,0,0,0,0,0,0,0
10892,0,0,0,0,0,0,0,0,0,0,0,0,0,0,0,0,0,0,0,0,0
10893,0,0,0,0,0,0,0,0,0,0,0,0,0,0,0,0,0,0,0,0,0
10894,0,0,0,0,0,0,0,0,0,0,0,0,0,0,0,0,0,0,0,0,0
10895,0,0,0,0,0,0,0,0,0,0,0,0,0,0,0,0,0,0,0,0,0
10896,26,22,21,21,21,20,22,26,26,26,24,20,20,22,22,17,17,15,14,16,18
10897,0,0,0,0,0,0,0,0,0,0,0,0,0,0,0,0,0,0,0,0,0
10898,2,2,0,0,1,1,1,2,2,0,0,1,1,1,2,2,0,0,1,1,1
10899,1,1,1,1,1,2,2,2,1,1,1,1,1,1,1,1,1,1,1,1,1
10900,1,0,0,0,0,0,0,1,0,0,0,0,0,0,1,0,0,0,0,0,0
10901,0,0,0,0,0,0,0,0,0,0,0,0,0,0,0,0,0,0,0,0,0
10902,3,3,3,3,3,2,2,3,3,3,3,3,2,2,3,3,3,3,3,2,2
10903,0,0,0,0,0,0,0,0,0,0,0,0,0,0,0,0,0,0,0,0,0
10904,0,0,0,0,0,0,0,0,0,0,0,0,0,0,0,0,0,0,0,0,0
10905,0,0,0,0,0,0,0,0,0,0,0,0,0,0,0,0,0,0,0,0,0
10906,1,1,1,1,1,1,1,1,1,1,1,1,1,1,1,1,1,1,0,0,0
10907,2,1,1,1,1,1,1,2,2,2,1,1,1,1,2,2,2,2,1,1,2
10908,0,0,0,0,0,0,0,0,0,0,0,0,0,0,0,0,0,0,0,0,0
10909,0,0,0,0,0,0,0,0,0,0,0,0,0,0,0,0,0,0,0,0,0
10910,0,0,0,0,0,0,0,0,0,0,0,0,0,0,0,0,0,0,0,0,0
10911,1,1,1,1,1,1,1,1,1,1,1,1,1,2,2,2,2,1,1,1,1
10912,0,0,0,0,0,0,0,0,0,0,0,0,0,0,0,0,0,0,0,0,0
10913,0,0,0,0,0,0,0,0,0,0,0,0,0,0,0,0,0,0,0,0,0
10914,1,1,1,1,1,1,1,1,1,1,1,1,1,1,1,1,1,1,0,0,1
10915,3,3,3,3,3,2,3,3,3,3,3,3,2,3,3,3,3,3,3,3,3
10916,2,2,2,3,3,3,3,3,3,3,3,3,3,3,3,2,2,2,2,2,2
10917,0,0,0,0,0,0,0,0,0,0,0,0,0,0,0,0,0,0,0,0,0
10918,0,0,0,0,0,0,0,0,0,0,0,0,0,0,0,0,0,0,0,0,0
10919,0,0,0,0,0,0,0,0,0,0,0,0,0,0,0,0,0,0,0,0,0
10920,0,0,0,0,0,0,0,0,0,0,0,0,0,0,0,0,0,0,0,0,0
10921,20,23,24,23,21,18,18,22,26,26,23,18,16,17,20,24,24,21,19,18,18
10922,9,9,9,8,7,6,6,8,10,11,9,7,6,7,9,10,11,11,10,11,11
10923,10,10,8,7,6,5,6,7,8,8,7,6,6,6,8,9,8,7,6,6,6
10924,12,14,13,12,10,8,8,11,14,13,12,10,8,8,11,13,13,12,11,10,10
10925,13,14,14,14,13,11,12,14,17,17,15,12,10,10,12,13,14,14,13,12,12
10926,20,23,24,23,21,19,18,23,27,27,25,20,18,19,22,25,25,23,20,20,19
10927,4,4,5,5,4,3,3,4,4,5,5,4,3,3,4,4,5,5,4,3,3
10928,5,6,6,5,4,3,3,4,5,6,6,5,4,4,5,6,6,6,5,4,4
10929,106,122,126,120,110,96,97,118,141,149,134,111,95,99,114,120,122,111,94,83,84
10930,7,6,5,5,4,4,4,5,6,5,5,4,4,5,7,7,6,6,5,4,5
10931,1,2,2,1,1,1,1,2,2,2,1,1,1,1,1,1,1,1,1,1,1
10932,0,0,0,1,0,0,1,1,1,1,1,1,0,1,1,1,1,1,1,0,1
10933,6,5,5,5,4,3,3,4,4,5,5,4,3,4,5,5,5,5,4,4,4
10934,0,0,0,0,0,0,0,0,0,0,0,0,0,0,0,0,0,0,0,0,0
10935,0,0,0,0,0,0,0,0,0,0,0,0,0,0,0,0,0,0,0,0,0
10936,22,25,24,22,17,16,18,21,25,23,21,16,15,18,21,25,23,21,16,15,18
10937,10,12,11,11,9,7,8,10,12,11,11,9,7,8,10,12,11,11,9,7,8
10938,46,54,54,57,51,41,41,52,65,65,61,50,39,37,44,52,53,53,45,37,35
10939,396,501,527,483,382,301,288,376,489,525,483,376,294,288,380,487,519,479,375,296,284
10940,5,7,6,4,4,6,5,5,7,6,4,4,6,5,5,7,6,4,4,6,5
10941,3,5,5,7,6,2,2,3,5,5,7,6,2,2,3,5,5,7,6,2,2
10942,0,0,0,0,0,0,0,0,0,0,0,0,0,0,0,0,0,0,0,0,0
10943,0,0,0,0,0,0,0,0,0,0,0,0,0,0,0,0,0,0,0,0,0
10944,0,0,0,0,0,0,0,0,0,0,0,0,0,0,0,0,0,0,0,0,0
10945,42,49,50,47,42,36,34,42,49,50,47,42,36,34,42,49,50,47,42,36,34
10946,0,0,0,0,0,0,0,0,0,0,0,0,0,0,0,0,0,0,0,0,0
10947,0,0,0,0,0,0,0,0,0,0,0,0,0,0,0,0,0,0,0,0,0
10948,1,1,1,1,1,1,1,1,1,1,1,1,1,1,1,1,1,1,1,1,1
10949,9,9,9,8,7,6,6,7,8,9,8,7,6,7,8,9,9,9,7,6,7
10950,1,2,2,2,2,1,1,1,2,2,2,2,1,1,1,2,2,2,2,1,1
10951,2,2,2,2,2,2,2,2,2,2,2,2,2,2,2,2,2,2,2,2,2
10952,27,34,30,22,15,16,16,27,33,30,22,14,16,15,27,33,30,22,14,16,15
10953,31,42,48,62,58,38,31,35,48,55,68,62,42,34,36,45,50,64,59,39,32
10954,2,4,4,3,2,2,2,2,4,4,3,2,2,2,3,4,4,3,2,2,2
10955,1,1,1,1,1,1,1,1,2,1,1,1,1,1,1,1,1,1,1,1,1
10956,0,0,0,0,0,0,0,0,0,0,0,0,0,0,0,0,0,0,0,0,0
10957,0,0,0,1,0,0,0,0,0,0,1,0,0,0,0,0,0,1,0,0,0
10958,0,0,0,0,1,1,0,0,0,0,0,1,1,0,0,0,0,0,1,1,0
10959,0,0,0,0,1,1,1,0,0,0,0,1,1,1,0,0,0,0,1,1,1
10960,1,0,0,1,0,0,1,1,0,0,1,0,0,1,1,0,0,1,0,0,1
10961,4,4,4,4,4,4,4,4,4,4,4,4,4,4,4,4,4,4,4,4,4
10962,3,3,2,2,2,2,2,3,3,2,2,2,2,2,3,3,2,2,2,2,2
10963,33,33,31,29,27,27,26,33,33,31,29,27,27,26,33,33,31,29,27,27,26
10964,0,0,0,0,0,0,0,0,0,0,0,0,0,0,0,0,0,0,0,0,0
10965,1,1,1,1,1,1,1,1,1,1,1,1,1,1,1,1,1,1,1,1,1
10966,0,0,0,0,0,0,0,0,0,0,0,0,0,0,0,0,0,0,0,0,0
10967,0,0,0,0,0,0,0,0,0,0,0,0,0,0,0,0,0,0,0,0,0
10968,0,0,0,0,0,0,0,0,0,0,0,0,0,0,0,0,0,0,0,0,0
10969,0,0,0,0,0,0,0,0,0,0,0,0,0,0,0,0,0,0,0,0,0
10970,1,1,1,1,1,1,1,1,1,1,1,1,1,1,1,1,1,1,1,1,1
10971,0,0,0,0,0,0,0,0,0,0,0,0,0,0,1,1,0,0,0,0,0
10972,2,3,4,6,5,4,3,2,3,4,5,5,4,2,2,3,4,6,5,4,2
10973,1,1,0,0,0,0,0,0,0,0,0,0,0,0,0,0,0,0,0,0,0
10974,0,0,0,0,0,0,0,0,0,0,0,0,0,0,0,0,0,0,0,0,0
10975,0,0,0,0,0,0,0,0,0,0,0,0,0,0,0,0,0,0,0,0,0
10976,0,0,0,0,0,0,0,0,0,0,0,0,0,0,0,0,0,0,0,0,0
10977,0,0,0,0,0,0,0,0,0,0,0,0,0,0,0,0,0,0,0,0,0
10978,0,0,0,0,0,0,0,0,0,0,0,0,0,0,0,0,0,0,0,0,0
10979,0,0,0,0,0,0,0,0,0,0,0,0,0,0,0,0,0,0,0,0,0
10980,0,1,1,1,1,1,1,1,1,2,2,2,1,1,1,1,1,1,1,1,1
10981,0,0,0,0,0,0,0,0,0,0,0,0,0,0,0,0,0,0,0,0,0
10982,3,4,5,4,3,2,3,3,4,5,4,3,2,3,3,4,5,4,3,2,3
10983,4,5,4,4,3,3,4,4,5,4,4,2,3,3,4,5,4,4,2,3,3
10984,0,0,0,0,0,0,0,0,0,0,0,0,0,0,0,0,0,0,0,0,0
10985,7,8,8,6,5,5,6,7,8,8,6,5,5,5,7,8,8,6,5,5,6
10986,0,0,0,0,0,0,0,0,0,0,0,0,0,0,0,0,0,0,0,0,0
10987,55,59,58,57,53,47,46,56,64,64,59,52,47,47,51,52,52,49,46,43,43
10988,4,5,5,5,5,4,4,4,5,5,5,5,4,3,4,5,5,5,5,4,3
10989,1,1,1,1,1,1,1,1,1,1,1,1,1,1,1,1,1,1,1,1,1
10990,16,19,21,19,16,15,13,16,19,20,19,16,14,13,16,19,20,19,16,14,13
10991,0,0,0,0,0,0,0,0,0,0,0,0,0,0,0,0,0,0,0,0,0
10992,2,2,2,2,2,2,2,2,2,2,1,2,2,2,2,2,2,2,2,2,2
10993,0,0,0,0,0,0,0,0,0,0,0,0,0,0,0,0,0,0,0,0,0
10994,0,0,0,0,0,0,0,0,0,0,0,0,0,0,0,0,0,0,0,0,0
10995,27,31,35,36,31,25,23,28,32,35,37,31,25,24,27,30,33,33,29,24,21
10996,1,1,1,2,2,2,2,1,1,1,2,2,2,2,1,1,1,2,2,2,2
10997,0,1,1,0,0,0,0,0,1,1,0,0,0,0,0,1,1,0,0,0,0
10998,0,0,0,0,0,0,0,0,0,0,0,0,0,0,0,0,0,0,0,0,0
10999,21,24,26,19,20,15,15,21,24,26,19,20,15,15,21,24,26,19,20,15,15
11000,3,3,3,3,3,3,3,3,3,3,3,3,3,3,3,3,3,3,3,3,3
11001,28,32,34,31,28,21,19,28,32,34,30,28,21,19,28,32,34,30,28,21,19
11002,47,61,74,61,46,35,30,47,61,73,60,46,34,30,47,60,73,60,46,34,30
11003,1,2,2,2,2,1,1,2,2,2,2,2,2,2,2,2,2,2,2,1,1
11004,3,3,3,3,3,2,2,3,3,3,3,3,2,2,3,3,3,3,3,2,2
11005,206,264,310,269,213,184,136,206,264,310,269,213,184,136,206,264,310,269,213,184,136
11006,0,0,0,0,0,0,0,0,0,0,0,0,0,0,0,0,0,0,0,0,0
11007,0,0,0,0,0,0,0,0,0,0,0,0,0,0,0,0,0,0,0,0,0
11008,0,0,0,0,0,0,0,0,0,0,0,0,0,0,0,0,0,0,0,0,0
11009,2,1,1,1,1,1,1,2,1,1,1,1,1,1,2,1,1,1,1,1,1
11010,6,7,7,6,5,4,5,6,7,7,7,5,4,5,6,7,7,7,5,5,5
11011,2,2,2,2,2,1,1,2,2,2,2,2,1,1,2,2,2,2,2,1,1
11012,1,1,2,2,1,1,1,1,1,2,2,1,1,1,1,1,2,2,1,1,1
11013,3,4,3,4,4,3,2,3,4,3,4,3,3,2,3,4,3,4,3,3,2
11014,1,1,1,1,1,1,1,1,1,1,1,1,1,1,1,1,1,1,1,1,1
11015,0,0,0,0,0,0,0,0,0,0,0,0,0,0,0,0,0,0,0,0,0
11016,59,64,67,60,71,65,53,59,64,67,59,71,65,53,59,64,67,59,71,65,53
11017,8,9,9,8,6,5,5,8,9,8,7,6,5,5,8,9,8,7,6,5,5
11018,0,0,0,0,0,0,0,0,0,0,0,0,0,0,0,0,0,0,0,0,0
11019,5,6,5,6,5,5,5,5,6,5,6,5,5,5,5,6,5,6,5,5,5
11020,22,23,23,15,16,14,15,24,28,28,17,16,14,15,23,24,22,13,12,11,12
11021,6,7,6,4,3,3,3,6,7,6,4,3,3,3,6,7,6,4,4,3,3
11022,92,88,108,91,97,105,89,91,87,107,91,97,105,89,91,87,107,91,97,104,89
11023,0,0,1,1,1,0,0,0,0,1,1,1,0,0,0,0,1,1,1,0,0
11024,17,15,11,10,13,15,15,17,15,11,10,13,15,15,17,15,11,10,13,15,15
11025,0,0,0,0,0,0,0,0,0,0,0,0,0,0,0,0,0,0,0,0,0
11026,0,0,0,0,2,0,0,0,0,0,0,2,0,0,0,0,0,0,2,0,0
11027,0,0,0,0,0,0,0,0,0,0,0,0,0,0,0,0,0,0,0,0,0
11028,7,7,7,7,6,5,5,7,7,7,7,6,5,5,7,7,7,7,6,5,5
11029,1,0,1,1,1,1,1,1,0,1,1,1,1,1,1,0,1,1,1,1,1
11030,12,12,12,11,10,10,10,12,12,12,11,10,10,10,12,12,12,11,10,10,10
11031,0,0,0,0,0,0,0,0,0,0,0,0,0,0,0,0,0,0,0,0,0
11032,0,0,0,0,0,0,0,0,0,0,0,0,0,0,0,0,0,0,0,0,0
11033,0,0,0,0,0,0,0,0,0,0,0,0,0,0,0,0,0,0,0,0,0
11034,0,0,1,1,1,1,1,1,1,1,1,2,2,1,1,1,2,2,2,2,2
11035,0,0,0,0,0,0,0,0,0,0,0,0,0,0,0,0,0,0,0,0,0
11036,9,7,8,6,5,5,7,9,7,8,6,5,5,7,9,7,8,6,5,5,7
11037,4,4,4,3,3,3,3,4,4,4,3,3,3,3,4,4,4,3,3,3,3
11038,0,0,0,0,0,0,0,0,0,0,0,0,0,0,0,0,0,0,0,0,0
11039,0,0,0,0,0,0,0,0,0,0,0,0,0,0,0,0,0,0,0,0,0
11040,0,0,0,0,0,0,0,1,1,2,1,1,1,1,2,2,1,1,0,0,0
11041,0,0,0,0,0,0,0,0,0,0,0,0,0,0,0,0,0,0,0,0,0
11042,9,9,9,8,8,9,8,9,9,9,8,8,9,8,9,9,9,8,8,9,8
11043,0,0,0,0,0,0,0,0,0,0,0,0,0,0,0,0,0,0,0,0,0
11044,0,0,0,0,0,0,0,0,0,0,0,0,0,0,0,0,0,0,0,0,0
11045,0,0,0,0,0,0,0,0,0,0,0,0,0,0,0,0,0,0,0,0,0
11046,2,1,1,1,1,1,1,1,1,1,1,1,1,2,2,2,2,2,2,2,2
11047,0,0,1,1,1,0,1,0,0,1,1,1,0,1,0,0,1,1,1,0,1
11048,1,2,3,2,1,1,1,1,2,2,2,1,1,1,1,2,2,2,1,1,1
11049,2,2,1,1,1,1,1,1,1,1,1,1,1,1,1,1,1,1,1,1,1
11050,0,0,0,0,0,0,0,0,0,0,0,0,0,0,0,0,0,0,0,0,0
11051,0,0,0,0,0,0,0,0,0,0,0,0,0,0,0,0,0,0,0,0,0
11052,2,2,2,2,1,1,1,2,2,2,2,1,1,1,2,2,2,2,1,1,2
11053,0,0,0,0,0,0,0,0,0,0,0,0,0,0,0,0,0,0,0,0,0
11054,0,0,0,0,0,0,0,0,0,0,0,0,0,0,0,0,0,0,0,0,0
11055,0,0,0,0,0,0,0,0,0,0,0,0,0,0,0,0,0,0,0,0,0
11056,0,0,0,0,0,0,0,0,0,0,0,0,0,0,0,0,0,0,0,0,0
11057,0,0,0,0,0,0,0,0,0,0,0,0,0,0,0,0,0,0,0,0,0
11058,0,0,0,0,0,0,0,0,0,0,0,0,0,0,0,0,0,0,0,0,0
11059,0,0,0,0,0,0,0,0,0,0,0,0,0,0,0,0,0,0,0,0,0
11060,0,0,0,0,0,0,0,0,0,0,0,0,0,0,0,0,0,0,0,0,0
11061,0,0,0,0,0,0,0,0,0,0,0,0,0,0,0,0,0,0,0,0,0
11062,0,0,0,0,0,0,0,0,0,0,0,0,0,0,0,0,0,0,0,0,0
11063,0,0,0,0,0,0,0,0,0,0,0,0,0,0,0,0,0,0,0,0,0
11064,13,14,13,13,12,10,11,13,14,13,13,11,10,11,12,14,13,13,11,10,11
11065,0,0,0,0,0,0,0,0,0,0,0,0,0,0,0,0,0,0,0,0,0
11066,0,0,0,0,0,0,0,0,0,0,0,0,0,1,1,2,5,5,4,2,1
11067,0,0,0,0,0,0,0,0,0,0,0,0,0,0,0,0,0,0,0,0,0
11068,0,1,0,0,0,1,1,1,1,0,0,0,0,1,1,1,0,0,0,0,1
11069,1,1,1,1,0,1,0,1,1,1,1,0,1,0,1,1,1,1,0,1,0
11070,0,0,0,0,0,0,0,0,0,0,0,0,0,0,0,0,0,0,0,0,0
11071,0,0,0,0,0,0,1,1,1,1,0,0,1,1,1,1,1,0,0,0,0
11072,1,1,1,1,1,1,1,1,1,1,1,1,1,1,1,1,1,1,1,1,0
11073,4,3,3,2,2,2,2,4,3,3,2,2,2,2,4,3,3,2,2,2,2
11074,19,20,18,17,15,13,14,18,19,18,17,15,14,15,20,21,19,17,15,15,15
11075,1,1,1,1,1,1,1,1,1,1,1,1,1,1,1,1,1,1,1,1,1
11076,2,3,2,2,1,2,1,2,2,2,1,1,1,1,2,2,2,1,1,1,1
11077,0,0,0,0,0,0,0,0,0,0,0,0,0,0,0,0,0,0,0,0,0
11078,0,0,0,0,0,0,0,0,0,0,0,0,0,0,0,0,0,0,0,0,0
11079,0,0,1,0,0,0,0,0,1,1,1,0,0,0,1,1,1,1,0,0,0
11080,0,0,0,0,0,0,0,0,0,0,0,0,0,0,0,0,0,0,0,0,0
11081,0,0,0,0,0,0,0,0,0,0,0,0,0,0,0,0,0,0,0,0,0
11082,0,0,0,0,0,0,0,0,0,0,0,0,0,0,0,0,0,0,0,0,0
11083,0,0,0,0,0,0,0,0,0,0,0,0,0,0,0,0,0,0,0,0,0
11084,0,0,0,0,0,0,0,0,0,0,0,0,0,0,0,0,0,0,0,0,0
11085,0,0,0,0,0,0,0,0,0,0,0,0,0,0,0,0,0,0,0,0,0
11086,0,0,0,0,0,0,0,0,0,0,0,0,0,0,0,0,0,0,0,0,0
11087,0,0,0,0,0,0,0,0,0,0,0,0,0,0,0,0,0,0,0,0,0
11088,0,0,0,0,0,0,0,0,0,0,0,0,0,0,0,0,0,0,0,0,0
11089,1,1,1,1,1,1,1,1,1,1,1,1,1,1,1,1,1,1,1,1,1
11090,1,1,1,1,1,1,1,1,1,1,1,1,1,1,1,1,1,1,1,1,1
11091,2,2,2,2,2,2,2,2,2,2,2,2,2,2,2,2,2,2,2,2,2
11092,0,0,0,0,0,0,0,0,0,0,0,0,0,0,0,0,0,0,0,0,0
11093,3,3,4,3,3,3,3,3,3,4,3,4,3,3,3,3,4,3,4,3,3
11094,0,0,0,0,0,0,0,0,1,1,0,0,0,0,1,1,1,0,0,0,0
11095,0,0,0,0,0,0,0,0,0,0,0,0,0,0,0,0,0,0,0,0,0
11096,1,2,2,1,1,1,1,2,2,2,1,1,1,1,2,2,2,1,1,1,1
11097,0,0,0,0,0,0,0,0,0,0,0,0,0,0,0,0,0,0,0,0,0
11098,0,0,0,0,0,0,0,1,1,1,0,0,0,0,0,0,0,0,0,0,0
11099,0,0,0,0,0,0,0,0,0,0,0,0,0,0,0,0,0,0,0,0,0
11100,0,0,0,0,0,0,0,0,0,0,0,0,0,0,0,0,0,0,0,0,0
11101,0,0,0,0,0,0,0,0,0,0,0,0,0,0,0,0,0,0,0,0,0
11102,0,0,0,0,0,0,0,0,0,0,0,0,0,0,0,0,0,0,0,0,0
11103,0,0,0,0,0,0,0,0,0,0,0,0,0,0,0,0,0,0,0,0,0
11104,1,1,1,1,1,1,1,1,1,1,1,1,1,1,1,1,1,1,1,1,1
11105,1,1,1,1,1,1,1,1,1,1,1,1,1,1,1,1,1,1,1,1,1
11106,10,13,16,17,16,14,13,16,18,19,16,13,10,9,12,14,14,13,11,9,8
11107,0,0,0,0,0,0,0,0,0,0,0,0,0,0,0,0,0,0,0,0,0
11108,2,1,1,1,1,1,1,2,1,1,1,1,1,1,2,1,1,1,1,1,1
11109,0,0,0,1,1,1,1,1,1,1,1,2,2,1,1,1,1,1,1,1,1
11110,1,1,1,1,1,1,1,1,1,1,1,1,1,1,1,1,1,1,1,1,1
11111,0,0,0,0,0,0,0,0,0,0,0,0,0,0,0,0,0,0,0,0,0
11112,1,1,1,1,1,1,1,1,1,1,1,1,1,1,1,1,1,1,1,1,1
11113,0,0,0,0,0,0,0,0,0,0,0,0,0,0,0,0,0,0,0,0,0
11114,1,1,2,2,2,1,2,2,2,1,1,1,1,1,1,1,1,1,1,1,1
11115,0,0,0,0,0,0,0,0,0,0,0,0,0,0,0,0,0,0,0,0,0
11116,1,1,1,1,1,1,1,1,1,1,1,1,1,1,1,1,1,1,1,1,1
11117,4,4,4,2,2,2,3,4,4,4,2,2,2,3,4,4,4,2,2,2,3
11118,51,50,50,51,45,39,37,44,44,45,47,40,37,37,43,39,40,41,35,34,32
11119,10,9,10,10,10,9,8,10,8,9,9,9,8,8,9,8,9,9,9,8,8
11120,0,0,0,0,0,0,0,0,0,0,0,0,0,0,0,0,0,0,0,0,0
11121,0,0,0,0,0,0,0,0,0,0,0,0,0,0,0,0,0,0,0,0,0
11122,0,0,0,0,0,0,1,2,3,3,3,1,1,0,0,0,0,0,0,0,0
11123,11,11,12,12,11,9,9,10,11,12,12,11,9,9,10,11,12,12,11,9,9
11124,4,4,4,4,4,3,3,4,4,4,4,4,3,3,4,4,4,4,4,3,3
11125,23,26,26,25,23,21,21,24,29,29,26,23,20,20,22,27,27,24,22,20,20
11126,1,1,1,1,1,1,1,1,1,1,1,1,1,1,1,1,1,1,1,1,1
11127,2,2,2,2,2,2,1,2,2,2,2,2,2,1,2,2,2,2,2,2,1
11128,0,0,0,0,0,0,0,0,0,0,0,0,0,0,0,0,0,0,0,0,0
11129,1,1,1,0,0,0,0,1,1,1,0,0,0,0,1,1,1,0,0,0,0
11130,93,95,98,102,90,75,73,84,88,93,99,91,86,84,75,73,79,88,91,81,72
11131,5,5,5,5,5,4,4,5,5,5,5,5,4,4,5,5,5,5,5,4,4
11132,7,7,8,6,6,5,6,8,7,8,6,6,5,6,8,7,8,6,6,5,6
11133,5,6,6,6,5,4,4,5,6,7,6,5,4,4,5,6,6,6,5,5,5
11134,2,2,2,2,2,1,1,2,2,2,2,2,1,2,2,2,2,2,2,1,2
11135,0,0,0,0,0,0,0,0,0,0,0,0,0,0,0,0,0,0,0,0,0
11136,0,0,0,0,0,0,0,0,0,0,0,0,0,0,0,0,0,0,0,0,0
11137,0,0,0,0,0,0,0,0,0,0,0,0,0,0,0,0,1,2,2,2,1
11138,0,0,0,0,0,0,0,0,0,0,0,0,0,0,0,0,0,0,0,0,0
11139,0,0,0,0,0,0,0,0,0,0,0,0,0,0,0,0,0,0,0,0,0
11140,0,0,0,0,0,0,0,0,0,0,0,0,0,0,0,0,0,0,0,0,0
11141,0,0,0,0,0,0,0,0,0,0,0,0,0,0,0,0,0,0,0,0,0
11142,2,2,2,2,2,1,1,2,2,2,2,1,1,1,2,2,2,2,2,1,1
11143,8,12,12,10,8,7,4,7,12,13,10,9,8,6,8,12,12,10,9,8,6
11144,2,2,3,2,2,1,1,1,1,3,2,2,1,1,1,2,3,2,2,1,1
11145,0,0,0,0,0,0,0,0,0,0,0,0,0,0,0,0,0,0,0,0,0
11146,31,35,35,34,28,27,25,31,35,34,33,27,27,25,31,35,34,33,27,27,25
11147,2,2,2,2,2,1,1,2,2,2,2,2,1,1,2,2,2,2,2,1,1
11148,3,4,4,4,3,3,3,3,4,4,4,3,2,2,3,4,4,4,3,3,3
11149,18,19,18,17,15,12,11,17,19,19,17,15,12,11,16,19,20,18,16,14,13
11150,2,1,1,1,1,1,1,2,1,1,1,1,1,1,2,1,1,1,1,1,1
11151,10,9,6,13,10,12,13,10,9,6,13,10,12,13,10,9,6,13,10,12,13
11152,0,0,0,0,0,0,0,0,0,0,0,0,0,0,0,0,0,0,0,0,0
11153,0,0,0,0,0,0,0,0,0,0,0,0,0,0,0,0,0,0,0,0,0
11154,0,0,0,0,1,1,0,0,0,0,0,1,1,0,0,0,0,0,1,1,0
11155,0,0,0,0,0,0,0,0,0,0,0,0,0,0,1,1,0,0,0,0,0
11156,1,1,1,1,1,1,1,1,1,1,1,1,1,1,1,1,1,1,1,1,1
11157,0,0,0,0,0,0,0,0,0,0,0,0,0,0,0,0,0,0,0,0,0
11158,16,20,22,20,16,13,11,15,19,23,20,17,13,12,16,20,23,21,17,14,13
11159,7,7,7,6,6,5,5,6,7,7,7,6,5,6,7,8,8,7,7,6,6
11160,11,15,17,13,12,9,8,11,15,18,13,12,9,8,11,15,18,13,12,9,8
11161,1,1,1,1,1,1,1,1,1,1,1,1,1,1,1,2,2,1,1,1,1
11162,2,2,2,2,2,1,1,2,2,2,2,2,1,1,2,2,2,2,2,1,1
11163,1,1,1,1,1,1,1,1,1,1,1,1,1,1,1,1,1,1,1,1,1
11164,3,4,4,4,3,3,3,3,4,4,4,4,3,3,4,4,4,4,4,3,3
11165,11,16,16,11,7,7,10,12,16,17,11,7,7,10,12,16,17,11,7,7,10
11166,16,18,16,16,13,10,10,14,17,16,17,14,10,10,15,17,15,16,13,10,10
11167,52,62,65,56,49,42,40,52,62,65,55,47,40,38,48,59,63,54,48,45,41
11168,0,0,0,0,0,0,0,0,0,0,0,0,0,0,0,0,0,0,0,0,0
11169,1,1,1,1,1,1,1,1,1,1,1,1,1,1,1,1,1,1,1,1,1
11170,0,0,0,0,0,0,0,0,0,0,0,0,0,0,0,0,0,0,0,0,0
11171,0,0,0,0,0,0,0,0,0,0,0,0,0,0,0,0,0,0,0,0,0
11172,1,1,1,1,1,0,1,1,1,1,1,1,0,0,1,1,1,1,1,0,1
11173,0,1,1,1,1,1,1,1,1,1,1,1,1,1,1,1,1,1,1,1,1
11174,1,1,1,1,1,1,1,2,2,2,2,1,1,1,2,2,2,1,1,1,1
11175,0,0,0,0,0,0,0,0,0,0,0,0,0,0,0,0,0,0,0,0,0
11176,0,0,0,0,0,0,0,1,1,1,1,0,0,1,1,1,1,1,0,0,0
11177,0,1,1,1,1,1,1,1,1,1,1,1,1,1,1,1,1,1,1,1,1
11178,2,2,2,2,2,2,2,2,2,2,2,2,1,1,2,2,2,2,2,1,1
11179,1,1,1,1,1,1,1,1,1,1,1,1,1,1,1,1,1,1,1,1,1
11180,0,0,0,0,0,0,0,0,0,0,0,0,0,0,1,1,1,0,0,0,0
11181,0,0,0,0,0,0,0,0,0,0,0,0,0,0,0,0,0,0,0,0,0
11182,0,0,0,0,0,0,0,0,0,0,0,0,0,0,0,0,0,0,0,0,0
11183,3,3,2,3,2,2,2,2,3,2,3,3,3,2,2,3,2,3,3,3,2
11184,0,0,0,0,0,0,0,0,0,0,0,0,0,0,0,0,0,0,0,0,0
11185,0,0,0,0,0,0,0,0,0,0,0,0,0,0,0,0,0,0,0,0,0
11186,0,0,0,0,0,0,0,0,0,0,0,0,0,0,0,0,0,0,0,0,0
11187,1,1,1,1,0,0,1,1,1,1,1,1,1,1,1,1,1,1,1,1,1
11188,0,0,0,0,0,0,0,0,0,0,0,0,0,0,0,0,0,0,0,0,0
11189,0,0,0,0,0,0,0,0,0,0,0,0,0,0,0,0,0,0,0,0,0
11190,0,0,0,0,0,0,0,0,0,0,0,0,0,0,0,0,0,0,0,0,0
11191,0,0,0,0,0,0,0,0,0,0,0,0,0,0,0,0,0,0,0,0,0
11192,0,0,0,0,0,0,0,0,0,0,0,0,0,0,0,0,0,0,0,0,0
11193,0,0,0,0,0,0,0,0,0,0,0,0,0,0,0,0,0,0,0,0,0
11194,0,0,0,0,0,0,0,0,0,0,0,0,0,0,0,0,0,0,0,0,0
11195,0,0,0,0,0,0,0,0,0,0,0,0,0,0,0,0,0,0,0,0,0
11196,0,0,0,0,0,0,0,0,0,0,0,0,0,0,0,0,0,0,0,0,0
11197,0,0,0,0,0,0,0,0,0,0,0,0,0,0,0,0,0,0,0,0,0
11198,0,0,0,0,0,0,0,0,0,0,0,0,0,0,0,0,0,0,0,0,0
11199,0,0,0,0,0,0,0,0,0,0,0,0,0,0,0,0,0,0,0,0,0
11200,0,0,0,0,0,0,0,0,0,0,0,0,0,0,0,0,0,0,0,0,0
11201,0,0,0,0,0,0,0,0,0,0,0,0,0,0,0,0,0,0,0,0,0
11202,0,0,0,0,0,0,0,0,0,0,0,0,0,0,0,0,0,0,0,0,0
11203,1,1,1,1,1,1,1,1,1,1,1,1,1,1,1,1,1,1,1,1,1
11204,1,1,1,1,0,0,1,1,1,1,1,0,0,0,1,1,1,0,0,0,0
11205,1,1,1,1,1,1,1,1,1,1,1,1,1,1,1,1,1,1,1,1,1
11206,1,1,1,1,1,1,1,1,1,1,1,1,1,1,1,1,1,1,1,1,1
11207,6,7,9,9,9,7,6,6,8,9,10,9,7,6,6,8,9,10,9,7,6
11208,0,0,0,0,0,0,0,0,0,0,0,0,0,0,0,0,0,0,0,0,0
11209,0,0,0,0,0,0,0,0,0,0,0,0,0,0,0,0,0,0,0,0,0
11210,0,0,0,0,0,0,0,0,0,0,0,0,0,0,0,0,0,0,0,0,0
11211,0,0,0,0,0,0,0,0,0,0,0,0,0,0,0,0,0,0,0,0,0
11212,0,0,0,0,0,0,0,0,0,0,0,0,0,0,0,0,0,0,0,0,0
11213,13,19,23,20,12,6,9,13,19,23,20,12,6,9,13,19,23,20,12,6,9
11214,102,108,98,84,72,87,90,103,109,98,84,71,86,89,102,108,97,84,71,86,89
11215,8,14,14,10,7,5,6,8,14,14,10,7,5,6,8,14,14,10,7,5,6
11216,50,57,65,63,55,45,43,50,57,65,62,55,44,43,50,57,65,62,55,44,43
11217,4,4,4,3,3,3,3,3,3,3,3,3,2,3,3,3,3,3,3,2,3
11218,2,2,2,2,2,2,2,2,2,2,2,2,2,2,2,2,2,2,2,2,2
11219,0,0,0,0,0,0,0,0,0,0,0,0,0,0,0,0,0,0,0,0,0
11220,1,2,2,2,2,2,2,1,2,2,2,2,2,2,1,2,2,2,2,2,1
11221,2,2,2,1,1,1,1,1,1,1,1,1,1,1,1,1,1,1,1,1,1
11222,0,0,0,0,0,0,0,0,0,0,0,0,0,0,0,0,0,0,0,0,0
11223,0,0,0,0,0,0,0,0,0,0,0,0,0,0,0,0,0,0,0,0,0
11224,0,0,0,0,0,0,0,0,0,0,0,0,0,0,0,0,0,0,0,0,0
11225,1,1,1,1,0,0,0,1,1,1,1,0,0,0,1,1,1,1,0,0,0
11226,0,0,0,0,0,0,0,0,0,0,0,0,0,0,0,0,0,0,0,0,0
11227,0,0,0,0,0,0,0,0,0,0,0,0,0,0,0,0,0,0,0,0,0
11228,0,0,0,0,0,0,0,0,0,0,0,0,0,0,0,0,0,0,0,0,0
11229,0,0,0,0,0,0,0,0,0,0,0,0,0,0,0,0,0,0,0,0,0
11230,0,0,0,0,0,0,0,0,0,0,0,0,0,0,0,0,0,0,0,0,0
11231,0,0,0,0,0,0,0,0,0,0,0,0,0,0,0,0,0,0,0,0,0
11232,4,4,5,5,4,3,3,4,4,5,5,4,3,3,4,4,5,5,4,3,3
11233,5,6,7,6,4,4,4,5,6,7,6,5,4,4,5,6,7,6,5,4,4
11234,1,1,1,0,1,1,1,1,1,1,0,1,1,1,1,1,1,0,1,1,1
11235,0,0,0,0,0,0,0,0,0,0,0,0,0,0,0,0,0,0,0,0,0
11236,0,0,0,0,0,0,0,0,0,0,0,0,0,0,0,0,0,0,0,0,0
11237,0,0,0,0,0,0,0,0,0,0,0,0,0,0,0,0,0,0,0,0,0
11238,116,123,126,114,96,87,82,115,123,126,115,96,87,83,117,125,127,116,97,88,83
11239,19,20,15,12,10,10,13,23,34,31,24,19,16,13,12,14,17,21,22,23,24
11240,1,2,1,0,1,1,1,1,2,1,0,1,1,1,1,2,1,1,1,1,1
11241,3,3,3,3,3,2,2,3,3,3,3,3,2,2,3,3,3,3,3,2,2
11242,2,2,2,2,2,2,1,2,2,2,2,2,2,1,2,2,2,2,2,2,2
11243,409,493,497,470,373,317,286,417,508,513,478,375,320,292,418,496,494,463,365,316,288
11244,1,2,2,1,1,1,1,1,2,1,1,1,1,1,1,2,2,1,1,1,1
11245,3,3,3,3,2,2,2,3,3,3,3,2,2,2,3,3,3,3,2,2,2
11246,0,0,0,0,0,0,0,0,0,0,0,0,0,0,0,0,0,0,0,0,0
11247,0,0,0,0,0,0,0,0,0,0,0,0,0,0,0,0,0,0,0,0,0
11248,1,1,1,2,1,1,1,1,1,1,1,1,1,1,1,1,1,1,1,1,1
11249,0,0,0,0,0,0,0,0,0,0,0,0,0,0,0,0,0,0,0,0,0
11250,0,0,0,0,0,0,0,0,0,0,0,0,0,0,0,0,0,0,0,0,0
11251,0,0,0,0,0,0,0,1,1,0,0,0,0,0,0,0,0,0,0,0,0
11252,13,15,16,16,16,14,14,17,20,19,17,14,13,15,16,17,16,15,14,15,15
11253,2,1,1,1,1,1,1,1,1,1,1,1,1,1,1,1,1,1,1,1,1
11254,3,3,3,3,2,2,2,2,3,3,3,3,2,2,4,4,3,3,3,2,2
11255,2,2,2,1,1,1,1,1,2,2,1,1,1,1,2,2,2,2,2,1,2
11256,0,0,0,0,0,0,0,0,0,0,0,0,0,0,0,0,0,0,0,0,0
11257,16,18,18,19,17,16,16,21,24,21,14,8,6,8,12,15,16,14,11,12,13
11258,4,2,1,1,0,1,1,2,2,2,1,1,1,1,2,3,3,2,1,2,3
11259,3,1,1,1,0,1,1,2,1,1,1,1,1,2,3,2,2,2,1,2,2
11260,1,1,1,1,1,2,2,2,1,1,1,1,1,1,2,1,1,1,1,1,1
11261,0,0,0,0,0,0,0,0,0,0,0,0,0,0,0,0,0,0,0,0,0
11262,2,2,2,2,2,2,2,2,2,2,2,2,1,2,2,2,2,2,2,1,2
11263,5,5,4,4,3,3,3,4,5,5,5,4,3,3,4,5,5,5,4,4,3
11264,0,0,0,0,0,0,0,1,1,0,0,0,0,0,1,1,0,0,0,0,0
11265,6,8,8,7,7,6,6,7,8,8,7,6,6,6,6,8,8,7,6,6,6
11266,16,16,17,16,14,12,13,16,16,17,16,14,12,13,16,16,17,16,14,12,13
11267,0,0,0,0,0,1,1,0,1,1,1,1,1,1,1,1,1,1,1,1,1
11268,1,1,1,1,1,1,1,1,1,1,1,1,1,1,1,1,1,1,1,1,1
11269,0,0,0,0,0,0,0,0,0,0,0,0,0,0,0,0,0,0,0,0,0
11270,0,0,0,0,0,0,0,0,0,0,0,0,0,0,0,0,0,0,0,0,0
11271,13,15,12,12,11,10,11,11,14,11,11,10,9,10,11,13,11,11,10,9,10
11272,1,1,1,1,1,1,1,1,1,1,1,1,1,1,1,1,1,1,1,1,1
11273,8,8,7,6,6,7,7,8,8,7,6,6,7,7,8,8,7,6,6,7,7
11274,1,1,1,1,1,1,1,1,1,1,1,1,1,1,1,1,1,1,1,1,1
11275,0,0,0,0,0,0,0,0,0,0,0,0,0,0,0,0,0,0,0,0,0
11276,1,1,1,0,0,0,0,1,1,1,0,0,0,0,1,1,1,0,0,0,0
11277,0,0,0,0,0,0,0,0,0,0,0,0,0,0,0,0,0,0,0,0,0
11278,0,0,0,1,0,0,0,0,0,0,1,0,0,0,0,0,0,1,0,0,0
11279,0,0,0,0,0,0,0,0,0,0,0,0,0,0,0,0,0,0,0,0,0
11280,0,0,0,0,0,0,0,0,0,0,0,0,0,0,0,0,0,0,0,0,0
11281,0,0,0,0,0,0,0,0,0,0,0,0,0,0,0,0,0,0,0,0,0
11282,1,1,1,0,0,0,0,0,0,0,0,0,0,1,1,1,0,0,0,0,0
11283,3,4,5,5,3,2,2,3,4,5,5,3,2,2,3,4,5,5,3,2,2
11284,1,1,1,1,1,1,1,1,1,1,1,1,1,1,1,1,1,1,1,1,1
11285,1,1,1,1,0,0,1,1,1,1,1,0,0,0,1,1,1,1,0,0,0
11286,0,0,0,0,0,0,0,0,0,0,0,0,0,0,0,0,0,0,0,0,0
11287,0,0,0,0,0,0,0,0,0,0,0,0,0,0,0,0,0,0,0,0,0
11288,0,0,0,0,0,0,0,0,0,0,0,0,0,0,0,0,0,0,0,0,0
11289,0,0,0,0,0,0,0,0,0,0,0,0,0,0,0,0,0,0,0,0,0
11290,0,0,0,0,0,0,0,0,0,0,0,0,0,0,0,0,0,0,0,0,0
11291,1,1,1,1,1,1,1,1,1,1,1,1,1,1,1,1,1,1,1,1,1
11292,0,0,0,0,0,0,0,0,0,0,0,0,0,0,0,0,0,0,0,0,0
11293,0,0,0,0,0,0,0,0,0,0,0,0,0,0,0,0,0,0,0,0,0
11294,0,0,0,0,0,0,0,0,0,0,0,0,0,0,0,0,0,0,0,0,0
11295,0,0,0,0,0,0,0,0,0,0,0,0,0,0,0,0,0,0,0,0,0
11296,17,18,18,18,17,15,15,17,19,19,19,17,16,15,17,19,19,18,17,16,16
11297,16,17,16,16,15,14,14,16,18,17,17,15,14,14,16,18,17,17,15,15,15
11298,4,4,6,4,2,1,2,4,4,6,4,2,1,2,4,4,6,4,2,1,2
11299,0,0,0,0,0,0,0,0,0,0,0,0,0,0,0,0,0,0,0,0,0
11300,20,12,9,6,6,5,17,19,12,8,6,6,5,17,19,11,8,6,6,5,17
11301,0,0,0,0,0,0,0,0,0,0,0,0,0,0,0,0,0,0,0,0,0
11302,17,17,18,18,17,16,14,18,17,18,18,17,15,13,16,15,16,17,17,17,16
11303,1,1,1,1,1,1,1,1,1,1,1,1,1,1,1,1,1,1,1,1,1
11304,0,0,0,0,0,0,0,0,0,0,0,0,0,0,0,0,0,0,0,0,0
11305,1,3,2,1,1,1,1,1,3,2,1,1,1,1,1,3,2,1,1,1,1
11306,0,0,0,0,0,0,0,0,0,0,0,0,0,0,0,0,0,0,0,0,0
11307,0,0,0,0,0,0,0,0,0,0,0,0,0,0,0,0,0,0,0,0,0
11308,11,1,2,2,1,2,11,11,1,1,1,0,2,10,11,1,1,1,0,2,10
11309,1,0,0,0,0,0,0,2,0,0,0,0,0,0,2,1,1,0,0,0,1
11310,19,21,21,19,16,16,15,19,21,21,19,16,17,16,19,21,21,19,16,17,15
11311,35,37,37,33,29,26,28,32,34,37,33,28,26,29,33,35,36,32,28,26,29
11312,260,298,283,256,228,235,233,275,325,310,277,243,245,239,269,308,295,267,237,243,236
11313,105,109,115,105,94,90,90,114,121,129,116,99,93,93,113,114,117,105,90,87,88
11314,0,0,0,0,0,0,0,0,0,0,0,0,0,0,0,0,0,0,0,0,0
11315,11,11,11,10,10,9,9,11,11,11,10,9,9,9,11,11,11,10,9,9,9
11316,0,1,0,0,0,0,1,1,1,1,1,1,1,1,1,1,1,1,1,1,1
11317,0,0,0,0,0,0,1,0,1,0,0,0,0,1,1,1,1,0,0,0,1
11318,7,6,7,6,5,6,6,7,6,7,6,6,6,6,7,6,7,6,5,6,6
11319,1,1,1,1,1,1,1,1,1,1,1,1,1,1,1,1,1,1,1,1,1
11320,3,3,4,3,3,3,3,3,4,4,4,3,3,3,3,4,4,4,3,3,3
11321,0,0,1,1,1,1,1,1,0,1,1,1,1,1,0,0,1,1,1,1,1
11322,1,1,1,1,1,1,1,1,1,1,1,1,1,1,1,1,1,1,1,1,1
11323,0,0,0,0,0,0,0,0,0,0,0,0,0,0,0,0,0,0,0,0,0
11324,1,1,1,1,0,0,1,1,1,1,1,0,1,1,1,1,1,1,0,1,1
11325,0,0,0,0,0,0,0,0,0,0,0,0,0,0,0,0,0,0,0,0,0
11326,0,0,0,0,0,0,0,0,0,0,0,0,0,0,0,0,0,0,0,0,0
11327,0,0,0,0,0,0,0,0,0,0,0,0,0,0,0,0,0,0,0,0,0
11328,0,0,0,0,0,0,0,0,0,0,0,0,0,0,0,0,0,0,0,0,0
11329,0,0,0,0,0,0,0,0,0,0,0,0,0,0,0,0,0,0,0,0,0
11330,0,0,0,0,0,0,0,0,0,0,0,0,0,0,0,0,0,0,0,0,0
11331,1,1,1,1,1,1,1,1,1,1,1,1,1,1,1,1,1,1,0,1,1
11332,0,0,0,1,0,1,0,1,1,1,1,0,1,0,1,1,0,0,0,1,0
11333,0,0,0,0,0,0,0,0,0,0,0,0,0,0,0,0,0,0,0,0,0
11334,0,0,0,0,0,0,0,0,0,0,0,0,0,0,0,0,0,0,0,0,0
11335,0,0,0,0,0,0,0,0,0,0,0,0,0,0,0,0,0,0,0,0,0
11336,0,0,0,0,0,0,0,1,1,1,0,0,0,0,1,1,0,0,0,0,0
11337,2,2,2,2,2,2,2,2,1,1,1,1,1,1,1,1,0,0,0,0,0
11338,364,362,347,331,336,340,328,364,378,377,367,374,374,335,335,333,339,348,370,389,368
11339,2,2,2,2,2,2,2,2,2,2,2,2,2,2,2,2,2,2,2,2,2
11340,36,33,29,27,21,21,28,36,33,29,27,21,21,28,36,33,29,27,21,21,28
11341,0,0,0,0,0,0,0,0,0,0,0,0,0,0,0,0,0,0,0,0,0
11342,1,1,1,1,1,1,1,1,1,1,1,1,1,1,1,1,1,1,1,1,1
11343,1,1,1,1,1,1,1,1,1,1,1,1,1,1,1,1,1,0,1,1,0
11344,2,2,2,2,2,2,1,2,2,2,2,2,2,1,2,2,2,2,2,2,1
11345,2,2,1,1,1,1,1,1,1,1,1,1,1,1,1,1,1,1,1,1,1
11346,1,1,1,1,1,1,1,1,1,1,0,0,0,1,1,1,1,0,0,0,0
11347,0,1,0,0,0,0,1,0,0,0,0,0,0,0,0,0,0,0,0,0,0
11348,4,13,26,28,28,32,39,46,50,57,57,50,49,53,59,60,48,38,33,32,32
11349,1,1,1,1,1,1,1,1,1,2,1,1,1,1,1,1,2,1,1,1,1
11350,5,5,5,4,4,3,4,5,6,5,4,3,3,4,5,6,5,4,4,3,4
11351,3,3,4,4,3,2,2,3,3,4,4,3,2,2,3,3,4,4,3,2,2
11352,1,1,1,1,1,1,1,1,1,1,1,1,1,1,1,1,1,1,1,1,1
11353,0,0,0,0,0,0,0,0,0,0,0,0,0,0,0,0,0,0,0,0,0
11354,0,1,1,0,0,0,0,0,1,0,0,0,0,0,0,0,0,0,0,0,0
11355,0,0,0,0,0,0,0,0,0,0,0,0,0,0,0,0,0,0,0,0,0
11356,0,0,0,0,0,0,0,0,0,0,0,0,0,0,0,0,0,0,0,0,0
11357,0,0,0,0,0,0,0,0,0,0,0,0,0,0,0,0,0,0,0,0,0
11358,0,0,0,0,0,0,0,0,0,0,0,0,0,0,0,0,0,0,0,0,0
11359,3,3,4,3,3,3,3,4,3,4,3,3,3,3,4,3,4,3,3,3,3
11360,0,0,0,0,0,0,0,0,0,0,0,0,0,0,0,0,0,0,0,0,0
11361,1,2,2,2,1,1,1,1,2,2,2,1,1,1,2,2,2,2,1,1,1
11362,2,1,1,1,1,1,1,1,1,1,1,1,1,1,1,1,1,1,1,1,1
11363,43,53,58,58,50,39,36,43,53,58,58,50,39,36,43,53,58,58,50,39,36
11364,18,18,17,15,15,12,12,19,18,16,12,10,9,10,13,9,9,7,7,9,10
11365,2,2,2,1,1,2,2,2,2,2,1,1,2,2,2,2,2,1,1,2,2
11366,0,0,0,0,0,0,0,0,0,0,0,0,0,0,0,0,0,0,0,0,0
11367,0,0,0,0,0,0,0,0,0,0,0,0,0,0,0,0,0,0,0,0,0
11368,2,1,1,1,1,1,1,1,1,2,1,1,1,1,1,1,1,1,1,1,1
11369,0,0,0,0,0,0,0,0,0,0,0,0,0,0,0,0,0,0,0,0,0
11370,0,0,0,0,0,0,0,0,0,0,0,0,0,0,0,0,0,0,0,0,0
11371,0,0,0,0,0,0,0,0,0,0,0,0,0,0,0,0,0,0,0,0,0
11372,0,0,0,0,0,0,0,0,0,0,0,0,0,0,0,0,0,0,0,0,0
11373,0,1,1,1,0,0,0,1,1,1,1,0,0,0,1,1,1,1,0,0,0
11374,0,0,0,0,0,0,0,0,0,0,0,0,0,0,0,0,0,0,0,0,0
11375,0,0,0,0,0,0,0,0,0,0,0,0,0,0,0,0,0,0,0,0,0
11376,1,1,2,1,1,1,1,2,2,2,2,2,2,2,2,3,3,2,2,2,3
11377,0,0,0,0,0,0,0,0,0,0,0,0,0,0,0,0,0,0,0,0,0
11378,0,0,0,0,0,0,0,0,0,0,0,0,0,0,0,0,0,0,0,0,0
11379,54,71,77,41,33,25,22,54,71,77,41,33,25,22,54,71,77,41,33,25,22
11380,0,0,0,0,0,0,0,0,0,0,0,0,0,0,0,0,0,0,0,0,0
11381,0,0,0,0,0,0,1,1,1,1,1,1,0,0,0,1,1,1,0,0,0
11382,0,0,0,0,1,0,0,0,0,0,0,1,0,0,0,0,0,0,1,0,0
11383,4,3,4,6,6,3,2,4,3,4,6,6,3,2,4,3,4,6,6,3,2
11384,6,6,4,4,7,6,6,6,6,4,4,7,6,6,6,6,4,4,6,6,6
11385,20,29,33,30,35,31,14,20,29,33,30,35,31,14,20,29,33,30,35,31,14
11386,0,0,0,0,0,0,0,0,0,0,0,0,0,0,0,0,0,0,0,0,0
11387,0,0,0,0,0,0,0,0,0,0,0,0,0,0,0,0,0,0,0,0,0
11388,0,0,0,0,0,0,0,0,0,0,0,0,0,0,0,0,0,0,0,0,0
11389,1,1,1,1,1,1,1,1,1,1,1,1,1,1,1,1,1,1,1,1,1
11390,0,0,0,0,0,0,0,0,0,0,0,0,0,0,0,0,0,0,0,0,0
11391,1,1,1,3,4,2,2,1,1,1,2,3,2,2,1,1,1,2,3,2,2
11392,0,0,0,0,0,0,0,0,0,0,0,0,0,0,0,0,0,0,0,0,0
11393,0,0,0,0,0,0,0,0,0,0,0,0,0,0,0,0,0,0,0,0,0
11394,0,0,0,0,1,1,1,0,0,0,0,2,1,1,0,0,0,0,1,1,1
11395,0,0,0,7,7,6,8,0,0,0,7,7,6,8,0,0,0,7,7,6,8
11396,0,0,1,1,1,0,0,0,0,1,1,1,0,0,0,0,1,1,1,0,0
11397,0,0,0,0,0,0,0,0,0,0,0,0,0,0,0,0,0,0,0,0,0
11398,1,1,1,2,1,2,1,1,1,1,2,1,2,1,1,1,1,2,1,2,1
11399,1,0,0,0,0,0,0,1,0,0,0,0,0,0,1,0,0,0,0,0,0
11400,0,0,0,0,0,0,0,0,0,0,0,0,0,0,0,0,0,0,0,0,0
11401,0,0,0,0,0,0,0,0,0,0,0,0,0,0,0,0,0,0,0,0,0
11402,0,0,0,0,0,0,0,0,0,0,0,0,0,0,0,0,0,0,0,0,0
11403,1,1,1,1,0,1,1,1,1,1,1,0,1,1,1,1,1,1,0,1,1
11404,0,0,0,0,0,0,0,0,0,0,0,0,0,0,0,0,1,0,0,0,0
11405,0,0,0,1,0,0,0,0,0,0,1,0,0,0,0,0,0,1,0,0,0
11406,0,1,1,1,0,0,0,0,1,1,1,0,0,0,0,1,1,1,0,0,0
11407,0,1,1,1,1,0,0,0,1,1,1,1,0,0,0,1,1,1,1,0,0
11408,0,0,0,0,0,0,0,0,0,0,0,0,0,0,0,0,0,0,0,0,0
11409,0,0,0,0,0,0,0,0,0,0,0,0,0,0,0,0,0,0,0,0,0
11410,0,0,0,0,0,0,0,0,0,0,0,0,0,0,0,0,0,0,0,0,0
11411,14,19,16,16,13,11,13,14,19,16,16,13,11,13,14,19,16,16,13,11,13
11412,0,1,0,0,1,0,0,0,1,0,0,1,0,0,0,1,0,0,1,0,0
11413,0,1,0,0,0,0,0,0,1,1,1,0,0,0,1,1,1,1,0,0,0
11414,0,0,0,0,0,0,0,0,0,0,0,0,0,0,0,0,0,0,0,0,0
11415,3,5,4,4,3,3,3,3,5,4,4,3,3,3,3,5,4,4,3,3,3
11416,0,0,0,0,0,0,0,0,0,0,0,0,0,0,0,0,0,0,0,0,0
11417,0,0,0,0,0,0,0,0,0,0,0,0,0,0,0,0,0,0,0,0,0
11418,0,0,1,1,1,1,1,1,1,0,0,1,1,2,2,1,1,1,2,2,2
11419,6,8,10,9,7,6,6,7,8,10,8,7,5,5,6,8,10,8,7,5,5
11420,36,38,40,40,34,27,28,32,36,40,39,34,31,34,34,32,34,32,25,22,25
11421,34,37,36,30,27,23,26,34,37,36,30,27,23,26,34,37,36,30,27,23,26
11422,1,1,1,1,1,0,1,1,1,1,1,1,0,0,1,1,1,1,1,0,1
11423,0,0,0,0,0,0,0,0,0,0,0,0,0,0,0,0,0,0,0,0,0
11424,2,3,3,3,2,2,2,2,3,3,3,2,2,2,2,3,3,3,2,2,2
11425,0,0,0,0,0,0,0,0,0,0,0,0,0,0,0,0,0,0,0,0,0
11426,3,3,4,4,3,3,2,3,4,4,4,3,2,2,3,3,4,4,3,2,2
11427,5,6,5,5,4,3,3,4,5,5,5,4,3,3,4,5,5,5,4,4,4
11428,5,4,5,5,4,3,3,4,4,5,5,4,3,3,4,4,5,5,4,3,3
11429,6,7,7,6,5,4,4,6,7,7,6,5,4,4,6,7,7,6,5,4,4
11430,6,6,7,5,4,5,5,6,6,7,4,4,5,5,6,6,7,4,4,5,5
11431,1,1,1,1,1,1,1,1,1,1,1,1,1,1,1,1,1,1,1,1,1
11432,0,0,0,0,0,0,0,0,0,0,0,0,0,0,0,0,0,0,0,0,0
11433,0,1,1,0,0,0,1,1,1,1,0,0,0,0,1,1,1,1,1,0,1
11434,0,0,0,0,0,0,0,0,0,0,0,0,0,0,0,0,0,0,0,0,0
11435,0,0,0,0,0,0,0,0,0,0,0,0,0,0,0,0,0,0,0,0,0
11436,0,0,0,0,0,0,0,0,0,0,0,0,0,0,0,0,0,0,0,0,0
11437,0,0,0,0,0,0,0,0,0,0,0,0,0,0,0,0,0,0,0,0,0
11438,6,6,5,4,4,4,4,5,5,4,4,4,4,4,5,5,4,4,4,4,4
11439,0,0,0,0,0,0,0,0,0,0,0,0,0,0,0,0,0,0,0,0,0
11440,5,6,8,7,6,3,3,4,6,8,7,6,3,3,5,6,8,7,6,3,3
11441,0,0,0,0,0,0,0,0,0,0,0,0,0,0,0,0,0,0,0,0,0
11442,1,1,1,1,1,1,0,1,1,1,1,1,0,0,1,1,1,1,1,0,0
11443,0,0,0,0,0,0,0,0,0,0,0,0,0,0,0,0,0,0,0,0,0
11444,1,1,0,0,0,0,1,1,1,1,1,0,0,0,1,1,0,0,0,0,0
11445,3,4,4,5,4,3,2,3,4,4,5,4,3,2,3,4,4,5,4,3,2
11446,0,0,0,0,0,0,0,0,0,0,0,0,0,0,0,0,0,0,0,0,0
11447,0,0,0,0,0,0,0,0,0,0,0,0,0,0,0,0,0,0,0,0,0
11448,0,0,0,0,0,0,0,0,0,0,0,0,0,0,0,0,0,0,0,0,0
11449,9,9,8,8,7,7,7,8,9,9,9,8,7,8,8,9,9,9,8,8,8
11450,0,0,0,0,0,0,0,0,0,0,0,0,0,0,0,0,0,0,0,0,0
11451,0,0,1,1,0,0,0,1,1,1,1,1,1,1,1,1,1,1,1,1,0
11452,0,0,0,0,0,0,0,0,0,0,0,0,0,0,0,0,0,0,0,0,0
11453,11,11,11,12,11,10,10,11,12,12,12,11,10,10,12,13,12,12,11,10,10
11454,7,8,8,8,7,7,7,8,9,9,8,7,7,7,8,9,9,9,8,8,8
11455,2,2,2,2,2,1,2,2,2,2,2,2,2,2,2,2,2,2,2,2,2
11456,1,1,1,1,1,1,1,1,1,1,1,1,1,1,1,1,1,1,1,1,1
11457,2,2,2,1,1,1,1,1,2,2,1,1,1,1,2,2,2,1,1,1,1
11458,1,1,1,1,1,1,1,1,1,1,1,1,1,1,1,1,1,1,1,1,1
11459,0,0,0,0,0,0,0,0,0,0,0,0,0,0,0,0,0,0,0,0,0
11460,0,0,0,0,0,0,0,0,0,0,0,0,0,0,0,0,0,0,0,0,0
11461,0,0,0,0,0,0,0,0,0,0,0,0,0,0,0,0,0,0,0,0,0
11462,0,0,0,0,0,0,0,0,0,0,0,0,0,0,0,0,0,0,0,0,0
11463,0,0,0,0,0,0,0,0,0,0,0,0,0,0,0,0,0,0,0,1,1
11464,0,0,0,0,0,0,0,0,0,0,0,0,0,0,0,0,0,0,0,0,0
11465,2,2,2,2,2,2,1,1,2,2,2,2,2,2,2,2,3,2,2,3,2
11466,0,0,0,0,0,0,0,0,0,0,0,0,0,0,0,0,0,0,0,0,0
11467,0,0,0,0,0,0,0,0,0,0,0,0,0,0,0,0,0,0,0,0,0
11468,0,0,0,0,0,0,0,0,0,0,0,0,0,0,0,0,0,0,0,0,0
11469,0,0,0,0,0,0,0,0,0,0,0,0,0,0,0,0,0,0,0,0,0
11470,2,3,2,2,2,2,2,2,3,3,2,2,2,2,3,3,3,2,2,2,2
11471,31,32,32,30,29,26,27,31,32,32,30,29,25,27,31,32,32,30,28,25,27
11472,5,5,4,4,4,3,4,4,4,4,4,3,3,3,3,3,3,3,3,3,3
11473,1,1,1,0,0,1,1,1,1,1,0,1,1,1,1,1,1,0,0,1,1
11474,1,1,1,1,1,1,1,1,1,1,1,1,1,1,1,1,1,1,1,1,0
11475,6,5,5,4,3,3,4,5,5,5,4,4,4,4,5,5,4,4,4,4,4
11476,0,0,0,1,1,0,0,0,1,0,1,1,1,1,0,1,1,1,1,1,1
11477,0,0,0,0,0,0,0,0,0,0,0,0,0,0,0,0,0,0,0,0,0
11478,0,0,0,0,0,0,0,0,0,0,0,0,0,0,0,0,0,0,0,0,0
11479,0,0,0,0,0,0,0,0,0,0,0,0,0,0,0,0,0,0,0,0,0
11480,1,1,0,1,1,1,1,1,1,0,1,1,1,1,1,1,0,1,1,1,1
11481,1,1,1,2,1,1,1,1,1,1,2,1,1,1,1,1,1,2,1,1,1
11482,0,0,0,0,0,0,0,0,0,0,0,0,0,0,0,0,0,0,0,0,0
11483,0,0,0,0,0,0,0,0,0,0,0,0,0,0,0,0,0,0,0,0,0
11484,1,1,1,1,1,1,1,1,1,1,1,1,1,1,1,1,1,1,1,1,1
11485,0,0,0,0,0,0,0,0,0,0,0,0,0,0,0,0,0,0,0,0,0
11486,2,3,2,2,2,2,2,2,3,2,2,2,2,2,2,3,2,2,2,2,2
11487,2,2,2,2,1,1,1,2,2,2,2,1,1,1,2,2,2,2,1,1,1
11488,1,1,1,1,1,0,0,1,1,1,1,1,0,0,1,1,1,1,1,0,0
11489,54,59,57,53,45,40,42,50,55,54,50,41,37,40,47,50,50,46,38,35,38
11490,78,80,79,71,63,58,61,77,81,80,73,64,59,61,76,79,78,70,61,56,59
11491,1,1,1,1,1,1,1,1,1,1,1,1,1,1,1,1,1,1,1,1,1
11492,4,5,5,4,3,2,3,4,5,5,4,3,2,3,4,5,5,4,2,2,3
11493,1,1,1,1,1,1,1,1,1,1,1,1,1,1,1,1,1,1,1,1,1
11494,0,0,0,0,0,0,0,0,0,0,0,0,0,0,0,0,0,0,0,0,0
11495,0,0,0,0,0,0,0,0,0,0,0,0,0,0,0,0,0,0,0,0,0
11496,0,0,0,0,0,0,0,0,0,0,0,0,0,0,0,0,0,0,0,0,0
11497,0,0,0,0,0,0,0,0,0,0,0,0,0,0,0,0,0,0,0,0,0
11498,0,0,0,0,0,0,0,0,0,0,0,0,0,0,0,0,0,0,0,0,0
11499,0,0,0,0,0,0,0,0,0,0,0,0,0,0,1,1,1,1,1,1,1
11500,0,0,0,0,0,0,0,0,0,0,0,0,0,0,0,0,0,0,0,0,0
11501,0,0,0,0,0,0,0,0,0,0,0,0,0,0,0,0,0,0,0,0,0
11502,3,3,3,3,2,2,2,3,3,3,3,2,2,2,3,3,3,2,2,2,2
11503,1,1,1,1,1,1,1,1,1,1,1,1,1,1,1,1,1,1,1,1,1
11504,1,1,1,1,1,1,1,1,1,1,1,1,1,1,1,1,1,1,1,1,1
11505,12,15,14,13,10,9,10,12,14,14,13,10,10,10,12,14,14,13,10,9,10
11506,1,1,0,0,0,0,1,1,1,0,0,0,0,1,1,1,0,0,0,0,1
11507,2,3,3,2,2,2,2,2,3,3,2,1,2,2,2,3,3,2,2,2,2
11508,11,12,12,12,10,9,9,11,13,13,12,11,9,9,11,13,13,12,11,9,9
11509,2,2,1,1,1,1,1,1,1,1,1,1,1,1,1,1,1,1,1,1,1
11510,0,0,0,0,0,0,0,0,0,0,0,0,0,0,0,0,0,0,0,0,0
11511,0,0,0,0,0,0,0,0,0,0,0,0,0,0,0,0,0,0,0,0,0
11512,12,10,8,6,5,4,5,8,10,9,7,6,6,10,15,10,7,6,5,5,5
11513,0,0,0,0,0,0,0,0,0,0,0,0,0,0,0,0,0,0,0,0,0
11514,0,0,0,0,0,0,0,0,0,0,0,0,0,0,0,0,0,0,0,0,0
11515,0,0,0,0,0,0,0,0,0,0,0,0,0,0,0,0,0,0,0,0,0
11516,0,0,0,0,0,0,0,0,0,0,0,0,0,0,0,0,0,0,0,0,0
11517,3,2,2,2,1,1,1,2,2,3,3,2,2,2,2,2,2,2,2,2,2
11518,0,0,0,0,0,0,0,0,0,0,0,0,0,0,0,0,0,0,0,0,0
11519,0,0,0,0,0,0,0,0,0,0,0,0,0,0,0,0,0,0,0,0,0
11520,2,2,1,1,1,1,2,2,2,1,1,1,1,2,2,2,1,1,1,1,2
11521,1,0,0,0,0,0,0,1,0,0,0,0,0,0,1,0,0,0,0,0,0
11522,1,0,0,0,0,0,0,1,1,0,0,0,0,0,1,0,0,0,0,0,0
11523,3,1,1,0,0,0,0,2,1,1,1,1,1,1,2,1,1,1,1,1,1
11524,5,6,6,5,5,4,4,5,6,6,5,5,4,4,5,6,6,5,5,4,4
11525,0,0,0,0,0,1,1,1,0,0,0,0,0,0,0,0,0,0,0,0,0
11526,0,0,0,0,0,0,0,0,0,0,0,0,0,0,0,0,0,0,0,0,0
11527,0,0,0,0,0,0,0,0,0,0,0,0,0,0,0,0,0,0,0,0,0
11528,0,0,0,0,0,0,0,0,0,0,0,0,0,0,0,0,0,0,0,0,0
11529,0,0,0,0,0,0,0,0,0,0,0,0,0,0,0,0,0,0,0,0,0
11530,2,1,1,1,1,1,1,1,1,1,1,1,1,1,1,1,1,1,1,1,1
11531,0,0,0,0,0,0,0,0,0,0,0,0,0,0,0,0,0,0,0,0,0
11532,0,0,0,0,0,0,0,0,0,0,0,0,0,0,0,0,0,0,0,0,0
11533,57,65,64,54,43,40,43,61,69,67,55,43,40,42,57,63,63,53,42,41,44
11534,0,0,0,0,0,0,0,0,0,0,0,0,0,0,0,0,0,0,0,0,0
11535,0,0,0,0,0,0,0,0,0,0,0,0,0,0,0,0,0,0,0,0,0
11536,0,1,0,0,0,0,0,0,1,0,1,0,0,0,0,1,1,1,0,0,0
11537,0,0,0,0,0,0,0,0,0,0,0,0,0,0,0,0,0,0,0,0,0
11538,0,0,1,1,1,1,0,1,1,1,1,1,1,0,1,1,1,1,1,1,0
11539,0,1,0,0,0,1,0,0,1,0,0,0,1,0,0,1,0,0,0,1,0
11540,0,0,0,0,0,0,0,0,0,0,0,0,0,0,0,0,0,0,0,0,0
11541,0,0,0,0,0,0,0,0,0,0,0,0,0,0,0,0,0,0,0,0,0
11542,29,26,29,25,22,17,16,29,26,29,25,21,17,16,29,26,29,25,21,17,16
11543,20,22,23,22,19,14,13,21,22,23,22,19,14,13,20,22,23,22,19,14,13
11544,0,0,0,0,0,0,0,0,0,0,0,0,0,0,0,0,0,0,0,0,0
11545,1,1,0,0,0,0,0,1,1,0,0,0,0,0,1,1,0,0,0,0,0
11546,9,10,10,9,8,7,8,9,10,10,9,8,7,8,10,10,10,9,8,7,8
11547,1,1,1,1,1,1,1,1,1,1,1,1,1,1,1,1,1,1,1,1,1
11548,11,11,10,8,7,8,9,10,11,11,9,8,9,10,12,12,12,9,9,10,10
11549,0,0,0,0,0,0,0,0,0,0,0,0,0,0,0,0,0,0,0,0,0
11550,6,7,7,7,6,5,6,6,7,7,7,6,5,6,7,8,7,7,6,5,5
11551,93,99,103,100,91,83,84,95,100,99,92,80,77,85,94,93,93,87,77,77,79
11552,1,1,0,0,0,1,1,1,1,0,0,0,1,1,1,1,0,0,0,1,1
11553,0,0,1,0,0,0,0,0,0,1,0,0,0,0,0,0,1,0,0,0,0
11554,2,2,2,2,1,2,2,2,2,2,2,1,2,2,2,2,2,2,1,2,2
11555,0,0,0,0,0,0,0,0,0,0,0,0,0,0,0,0,0,0,0,0,0
11556,0,0,0,0,0,0,0,0,0,0,0,0,0,0,0,0,0,0,0,0,0
11557,0,0,0,0,0,0,0,0,0,0,0,0,0,0,0,0,0,0,0,0,0
11558,0,0,0,0,0,0,0,0,0,0,0,0,0,0,0,0,0,0,0,0,0
11559,0,0,0,0,0,0,0,0,0,0,0,0,0,0,0,0,0,0,0,0,0
11560,0,0,0,0,0,0,0,0,0,0,0,0,0,0,0,0,0,0,0,0,0
11561,0,0,0,0,0,0,0,0,0,0,0,0,0,0,0,0,0,0,0,0,0
11562,0,0,0,0,0,0,0,0,0,0,0,0,0,0,0,0,0,0,0,0,0
11563,0,0,0,0,0,0,0,0,0,0,0,0,0,0,0,0,0,0,0,0,0
11564,1,1,1,0,0,0,0,0,0,0,0,0,0,0,0,0,0,0,0,0,1
11565,1,1,1,0,0,0,1,1,1,0,0,0,0,0,1,1,0,0,0,0,0
11566,3,2,2,1,1,1,1,2,2,2,2,1,1,2,2,2,2,1,1,1,1
11567,3,4,4,3,3,2,2,3,4,4,3,3,2,2,3,4,4,3,3,2,2
11568,2,2,2,2,2,2,2,2,2,2,2,2,1,2,2,2,2,2,2,1,2
11569,0,0,0,0,0,0,0,0,0,0,0,0,0,0,0,0,0,0,0,0,0
11570,1,1,1,1,1,1,1,1,1,1,1,1,1,1,1,1,1,1,1,1,1
11571,0,0,0,0,0,0,0,0,0,0,0,0,0,0,0,0,0,0,0,0,0
11572,2,2,3,3,2,2,2,3,3,3,3,2,2,2,2,2,2,2,2,2,1
11573,0,0,0,0,0,0,0,0,0,0,0,0,0,0,0,0,0,0,0,0,0
11574,0,0,0,0,0,0,0,0,0,0,0,0,0,0,0,0,0,0,0,0,0
11575,26,29,30,27,23,19,21,26,32,33,30,25,22,25,31,35,36,32,29,29,30
11576,2,2,2,2,2,2,2,3,3,3,2,2,2,2,3,3,2,2,2,2,2
11577,0,0,0,1,1,0,0,0,0,0,1,1,0,0,0,0,0,1,1,0,0
11578,53,62,58,58,51,45,47,57,72,70,67,56,51,53,60,70,68,66,57,55,55
11579,3,3,3,2,2,2,2,2,3,3,2,2,2,2,3,3,3,2,2,2,2
11580,3,3,3,3,2,2,2,2,2,3,3,2,2,2,3,3,3,3,2,2,2
11581,3,2,2,2,2,1,1,2,2,2,2,2,2,2,2,2,2,2,2,2,2
11582,0,0,0,0,0,0,0,0,0,0,0,0,0,0,0,0,0,0,0,0,0
11583,0,0,0,0,0,0,0,0,0,0,0,0,0,0,0,0,0,0,0,0,0
11584,0,0,0,0,0,0,0,0,0,0,0,0,0,0,0,0,0,0,0,0,0
11585,0,0,0,0,0,0,0,0,0,0,0,0,0,0,0,0,0,0,0,0,0
11586,4,5,3,1,2,5,6,4,5,3,1,2,5,6,4,5,3,1,2,5,6
11587,0,0,0,0,0,0,0,0,0,0,0,0,0,0,0,0,0,0,0,0,0
11588,11,11,11,11,10,10,9,11,11,11,12,10,10,9,11,11,11,11,10,10,10
11589,0,0,0,0,0,0,0,0,0,0,0,0,0,0,0,0,0,0,0,0,0
11590,0,0,0,0,0,0,0,0,0,0,0,0,0,0,0,0,0,0,0,0,0
11591,0,0,0,0,0,0,0,0,0,0,0,0,0,0,0,0,0,0,0,0,0
11592,35,35,35,34,32,25,28,36,35,35,33,29,23,27,31,29,30,30,27,22,25
11593,91,106,117,100,81,73,75,92,108,119,101,80,72,73,86,99,112,95,75,68,69
11594,14,17,22,21,15,12,10,16,18,23,21,16,12,10,16,18,23,21,15,12,11
11595,845,948,1052,1006,813,681,607,817,984,1127,1083,916,800,761,1010,1194,1299,1245,1089,1018,928
11596,49,52,49,46,45,43,42,47,54,50,45,41,39,38,37,39,37,34,31,31,28
11597,68,65,54,54,54,59,60,48,34,24,25,25,30,36,35,34,34,43,50,53,50
11598,4,3,4,4,2,3,2,3,3,4,3,2,2,2,4,3,4,3,2,3,3
11599,2,2,2,2,2,1,2,2,2,2,1,1,1,1,1,1,2,1,1,1,1
11600,0,0,0,0,0,0,0,0,0,0,0,0,0,0,0,0,0,0,0,0,0
11601,0,0,0,0,0,0,0,0,0,0,0,0,0,0,0,0,0,0,0,0,0
11602,3,4,4,3,3,2,3,4,4,4,4,3,3,4,4,5,4,4,3,3,3
11603,0,0,0,0,0,0,0,0,0,0,0,0,0,0,0,0,0,0,0,0,0
11604,0,0,0,0,0,0,0,0,0,0,0,0,0,0,0,0,0,0,0,0,0
11605,19,18,16,16,14,13,12,14,14,14,14,12,12,12,14,13,12,13,12,13,12
11606,2,3,4,2,2,1,2,2,3,4,2,2,1,2,2,3,4,2,2,1,2
11607,1,1,1,1,1,1,1,1,1,1,1,1,1,1,1,1,1,1,1,1,1
11608,34,36,39,41,37,33,33,34,36,39,41,37,33,33,34,36,39,41,37,33,33
11609,12,14,14,12,11,11,11,13,14,14,12,11,11,11,12,14,14,12,11,11,11
11610,399,462,478,446,374,389,362,403,471,489,455,380,397,374,417,483,498,462,387,403,376
11611,0,0,0,0,0,0,0,0,0,0,0,0,0,0,0,0,0,0,0,0,0
11612,151,148,134,116,107,102,95,134,136,130,115,107,102,96,136,138,131,117,109,104,99
11613,4,4,4,4,3,3,3,4,4,4,4,3,3,3,4,4,4,4,3,3,3
11614,9,8,8,7,5,6,7,10,12,13,11,8,7,8,9,8,9,9,8,8,10
11615,2,2,2,2,2,2,2,2,2,2,2,2,2,2,2,2,2,2,2,2,2
11616,0,0,0,0,0,0,0,0,0,0,0,0,0,0,0,0,0,0,0,0,0
11617,0,0,0,0,0,0,0,0,0,0,0,0,0,0,0,0,0,0,0,0,0
11618,0,0,0,0,0,0,0,0,0,0,0,0,0,0,0,0,0,0,0,0,0
11619,0,0,0,0,0,0,0,0,0,0,0,0,0,0,0,0,0,0,0,0,0
11620,113,120,108,101,88,80,93,114,124,113,102,87,79,93,112,117,103,94,79,75,91
11621,16,16,16,15,14,13,14,17,17,16,14,12,11,12,12,9,9,8,7,8,9
11622,16,19,18,16,16,13,13,16,19,18,16,16,13,13,16,19,18,16,16,13,13
11623,19,17,16,16,14,14,16,21,25,26,26,25,26,29,29,26,25,25,24,26,27
11624,24,30,26,30,31,29,30,25,30,27,31,31,29,30,25,30,27,31,31,29,30
11625,8,9,8,5,5,5,5,8,9,8,5,5,5,5,8,9,8,5,5,5,5
11626,85,87,78,76,73,67,72,83,86,78,76,74,67,73,84,87,79,78,76,70,75
11627,9,10,11,11,10,10,8,9,10,11,11,10,10,8,9,10,11,11,10,10,8
11628,6,6,6,6,5,5,5,6,8,8,8,7,8,8,10,10,9,8,7,8,8
11629,1,1,1,1,1,1,1,1,1,1,1,1,1,1,1,1,1,1,1,1,1
11630,8,9,9,9,8,7,8,9,10,9,8,7,7,8,9,10,9,8,8,8,8
11631,3,3,3,3,3,3,3,3,4,4,3,3,3,3,3,4,4,3,3,3,3
11632,8,5,3,3,2,2,3,3,4,5,5,5,5,6,8,9,9,7,6,6,6
11633,3,4,4,4,3,3,3,3,4,4,4,3,3,3,3,4,4,4,3,3,3
11634,0,0,0,0,0,0,0,0,0,0,0,0,0,0,0,0,0,0,0,0,0
11635,0,0,0,0,0,0,0,0,0,0,0,0,0,0,0,0,0,0,0,0,0
11636,0,0,0,0,0,0,0,0,0,0,0,0,0,0,0,0,0,0,0,0,0
11637,1,1,1,1,1,1,1,1,1,1,1,1,1,1,1,1,1,1,1,1,1
11638,8,9,13,17,16,15,7,8,9,13,17,16,15,7,8,9,13,17,16,15,7
11639,0,0,0,0,0,0,0,0,0,0,0,0,0,0,0,0,0,0,0,0,0
11640,3,3,3,3,3,3,2,3,3,3,3,3,3,2,3,3,3,3,3,3,2
11641,3,3,3,3,3,2,2,3,3,3,3,3,2,2,3,3,3,3,3,2,2
11642,0,0,0,0,0,0,0,0,0,0,0,0,0,0,0,0,0,0,0,0,0
11643,6,7,8,7,6,5,5,6,7,8,7,6,4,5,6,7,8,7,6,4,4
11644,3,3,3,3,2,2,2,2,3,3,2,2,2,2,2,2,2,2,2,2,2
11645,3,3,2,2,2,2,2,2,2,2,2,2,2,2,2,2,2,2,1,1,1
11646,2,2,2,1,1,1,1,1,1,1,1,1,1,1,1,2,1,1,1,1,1
11647,2,2,1,1,1,1,1,1,2,2,2,1,1,1,2,2,2,2,2,1,2
11648,0,0,0,0,0,0,0,0,0,0,0,0,0,0,0,0,0,0,0,0,0
11649,0,0,0,0,0,0,0,0,0,0,0,0,0,0,0,0,0,0,0,0,0
11650,246,294,282,224,185,164,162,246,294,282,224,185,164,162,246,294,282,224,185,164,162
11651,0,0,0,0,0,0,0,0,0,0,0,0,0,0,0,0,0,0,0,1,1
11652,0,0,0,0,0,0,0,0,0,0,0,0,0,0,0,0,0,0,0,0,0
11653,3,3,3,2,2,2,3,3,3,3,2,2,2,2,3,3,3,2,2,2,2
11654,3,3,3,3,2,2,2,3,3,3,3,3,2,3,3,3,3,3,3,3,3
11655,1,2,2,1,2,1,1,1,2,2,1,2,1,1,1,2,2,1,2,1,1
11656,1,1,2,1,1,1,1,1,1,2,1,1,1,1,1,1,1,1,1,1,1
11657,4,4,3,3,3,2,3,3,3,3,3,3,2,2,3,3,3,3,3,2,2
11658,0,0,0,0,0,0,0,0,0,0,0,0,0,0,0,0,0,0,0,0,0
11659,5,5,4,4,3,3,4,4,4,4,4,3,3,4,4,4,4,3,3,3,4
11660,2,3,3,3,3,2,2,2,3,3,3,3,2,2,3,3,3,3,3,2,2
11661,1,1,1,1,1,1,1,1,1,1,1,1,1,1,1,1,1,1,1,0,0
11662,45,49,50,50,48,45,44,53,62,63,59,53,50,50,54,56,54,49,44,44,43
11663,0,0,0,0,0,0,0,0,0,0,0,0,0,0,0,0,0,0,0,0,0
11664,0,0,0,0,1,0,1,1,1,1,1,1,0,1,1,1,1,1,1,0,1
11665,2,2,2,2,2,2,2,2,2,2,2,2,2,2,2,2,2,2,2,2,2
11666,1,0,0,0,0,0,0,0,0,0,0,0,0,0,0,0,0,0,0,0,0
11667,0,0,0,0,0,0,0,0,0,0,0,0,0,0,0,0,0,0,0,0,0
11668,17,19,19,16,14,12,13,17,19,19,16,14,13,14,18,20,19,16,14,12,13
11669,0,0,0,0,0,0,0,0,0,0,0,0,0,0,0,0,0,0,0,0,0
11670,34,35,30,30,24,25,22,33,35,30,31,24,25,21,30,32,29,30,24,25,23
11671,3,4,4,3,3,2,3,3,4,4,3,3,2,2,3,4,4,3,3,2,3
11672,22,24,22,21,17,15,15,21,25,22,21,17,15,14,19,23,21,20,17,15,14
11673,1,1,2,2,2,3,2,2,1,2,2,2,2,2,2,1,2,2,2,2,2
11674,0,0,0,0,0,0,0,0,0,0,0,0,0,0,0,0,0,0,0,0,0
11675,0,0,0,0,0,0,0,0,0,0,0,0,0,0,0,0,0,0,0,0,0
11676,5,5,6,6,6,5,4,5,5,6,6,6,5,4,5,5,6,6,6,5,4
11677,17,20,18,20,16,15,17,15,19,18,20,16,15,17,15,19,18,20,16,15,17
11678,3,3,3,4,4,3,4,3,4,4,4,4,3,4,4,4,4,4,4,3,4
11679,0,1,1,0,0,0,0,0,1,1,0,0,0,0,0,1,1,0,0,0,0
11680,0,0,0,0,0,0,0,0,0,0,0,0,0,0,0,0,0,0,0,0,0
11681,2,3,3,3,3,2,1,2,3,3,3,2,2,1,2,3,3,3,2,2,1
11682,0,0,0,0,0,0,0,0,0,0,0,0,0,0,0,0,0,0,0,0,0
11683,0,0,0,0,0,0,0,0,0,0,0,0,0,0,0,0,0,0,0,0,0
11684,0,0,0,0,0,0,0,0,0,0,0,0,0,0,0,0,0,0,0,0,0
11685,0,0,0,0,0,0,0,0,0,0,0,0,0,0,0,0,0,0,0,0,0
11686,0,1,1,1,1,1,0,0,1,1,1,1,1,0,0,1,1,1,1,1,0
11687,3,3,3,5,5,4,4,3,3,3,5,5,4,4,3,3,3,5,5,4,4
11688,23,21,19,15,13,15,17,23,22,19,16,13,15,16,23,21,18,15,13,15,16
11689,0,0,0,0,0,0,0,0,0,0,0,0,0,0,0,0,0,0,0,0,0
11690,0,0,0,0,0,0,0,0,0,0,0,0,0,0,0,0,0,0,0,0,0
11691,2,2,2,1,1,1,2,2,2,2,2,1,1,2,2,2,2,2,1,1,2
11692,7,6,7,5,4,4,5,6,6,7,5,4,4,4,6,6,7,5,4,4,5
11693,3,3,3,3,2,2,2,3,3,3,3,3,2,2,3,3,3,3,3,3,3
11694,7,6,6,6,5,4,5,6,7,7,7,6,5,6,7,7,7,7,6,5,6
11695,7,5,5,4,3,4,4,6,5,5,5,3,4,5,6,5,5,4,3,4,5
11696,13,14,15,19,14,11,10,12,13,14,18,13,10,9,11,13,14,18,14,11,10
11697,9,10,9,9,9,8,5,8,9,9,9,9,8,4,9,10,9,9,9,8,5
11698,2,1,2,2,1,1,1,2,1,2,2,2,1,1,2,2,2,2,1,1,1
11699,4,4,4,4,3,3,3,4,4,5,4,3,3,3,4,4,4,4,3,3,3
11700,1,1,1,1,1,1,1,1,1,1,1,1,1,1,1,1,1,1,1,1,1
11701,4,5,5,5,4,4,3,4,5,5,5,4,4,3,4,5,5,5,4,4,3
11702,7,7,8,9,8,6,5,6,7,9,9,8,6,5,6,7,9,10,9,7,6
11703,1,1,1,1,1,1,1,1,1,1,1,1,1,1,1,1,1,1,1,1,1
11704,8,6,5,4,4,3,4,5,6,5,4,4,3,4,6,5,5,4,4,3,4
11705,3,3,2,2,2,2,2,2,2,2,2,2,2,2,2,2,2,2,2,2,2
11706,3,3,3,2,2,2,2,3,3,3,2,2,2,2,3,3,3,2,2,2,2
11707,3,3,3,2,2,2,2,3,3,3,2,2,2,2,3,3,3,2,2,2,3
11708,2,2,2,2,1,1,1,1,2,2,2,1,1,1,1,2,2,2,1,1,1
11709,1,1,1,1,1,0,0,1,1,1,1,1,0,0,1,1,1,1,1,1,0
11710,1,1,1,1,1,1,1,1,1,1,1,1,1,1,1,1,1,1,1,0,1
11711,0,0,0,0,0,0,0,0,0,0,0,0,0,0,0,0,0,0,0,0,0
11712,0,0,0,0,0,0,0,0,0,0,0,0,0,0,0,0,0,0,0,0,0
11713,0,0,0,0,0,0,0,0,0,0,0,0,0,0,0,0,0,0,0,0,0
11714,0,0,0,0,0,0,0,0,0,0,0,0,0,0,0,0,0,0,0,0,0
11715,0,0,0,0,0,0,0,0,0,0,0,0,0,0,0,0,0,0,0,0,0
11716,0,0,0,0,0,0,0,0,0,0,0,0,0,0,0,0,0,0,0,0,0
11717,0,0,0,0,0,0,0,0,0,0,0,0,0,0,0,0,0,0,0,0,0
11718,10,14,16,11,7,4,5,9,14,15,11,7,4,5,9,14,15,11,7,4,5
11719,1,1,1,1,1,1,1,1,1,1,1,1,1,1,1,1,1,1,1,1,1
11720,2,2,2,2,1,1,1,2,1,1,1,1,1,1,2,2,1,1,1,1,1
11721,0,1,1,1,1,1,1,1,1,1,1,1,1,1,1,1,1,1,1,1,0
11722,0,0,0,0,0,0,0,0,0,0,0,0,0,0,0,0,0,0,0,0,0
11723,6,6,6,5,4,5,5,5,5,5,4,4,5,5,5,6,5,4,4,5,5
11724,20,20,19,18,16,16,17,20,21,20,19,18,18,20,23,23,22,20,19,21,21
11725,6,6,6,6,5,5,5,5,6,6,5,5,4,4,5,6,5,5,4,4,4
11726,3,3,3,3,3,3,3,3,3,3,3,3,3,2,3,3,3,3,3,3,2
11727,2,2,2,2,1,2,1,2,2,2,2,1,2,1,2,2,2,2,1,2,2
11728,3,5,6,5,4,3,3,4,6,6,5,4,3,3,4,6,7,5,4,4,4
11729,1,1,1,1,1,1,1,1,1,1,1,1,1,1,1,1,1,1,1,1,1
11730,2,2,2,2,2,2,2,3,3,2,2,2,2,2,3,3,2,2,2,2,2
11731,11,12,12,11,10,9,9,11,12,12,11,10,8,9,11,12,12,11,10,8,9
11732,12,13,14,13,11,11,11,13,14,14,13,11,11,11,12,13,14,13,11,11,11
11733,2,2,2,2,2,1,1,2,2,2,2,2,1,1,2,2,2,2,2,1,1
11734,9,10,9,9,8,8,8,9,10,9,9,8,8,8,9,10,9,9,8,7,8
11735,2,2,2,2,2,1,2,2,2,2,2,2,1,2,2,2,2,2,2,1,2
11736,5,7,7,7,6,5,5,6,7,7,7,6,5,5,6,7,7,7,6,5,5
11737,2,2,2,2,2,2,2,2,2,2,2,2,1,2,2,2,2,2,2,1,2
11738,0,0,0,0,0,0,0,0,0,0,0,0,0,0,0,0,0,0,0,0,0
11739,0,0,0,0,0,0,0,0,0,0,0,0,0,0,0,0,0,0,0,0,0
11740,1,1,1,1,1,1,1,1,1,1,1,1,1,1,1,1,1,1,1,1,1
11741,5,3,1,1,0,0,1,2,2,1,1,0,1,2,3,2,2,2,2,2,4
11742,4,5,5,5,3,3,3,4,5,5,5,3,3,3,4,5,5,5,3,3,3
11743,0,0,0,0,0,0,0,0,0,0,0,0,0,0,0,0,0,0,0,0,0
11744,1,1,1,1,1,1,1,1,1,1,1,1,1,1,1,1,1,1,1,1,1
11745,0,0,0,0,0,0,0,0,0,0,0,0,0,0,0,0,0,0,0,0,0
11746,0,0,0,0,0,0,0,0,0,0,0,0,0,0,0,0,0,0,0,0,0
11747,7,7,8,5,4,4,4,7,7,8,5,4,4,4,7,7,8,5,4,4,4
11748,0,0,0,0,0,0,0,0,0,0,0,0,0,0,0,0,0,0,0,0,0
11749,1,2,0,1,0,0,0,1,2,0,1,0,0,0,1,2,0,1,0,0,0
11750,5,5,3,2,1,1,4,8,9,4,2,1,0,1,1,3,3,3,3,4,7
11751,2,3,3,3,3,2,2,2,3,3,3,3,2,2,2,3,3,4,3,2,2
11752,3,3,3,2,2,2,3,3,3,2,2,2,2,3,3,3,2,2,2,2,3
11753,0,0,0,0,0,0,0,0,0,0,0,0,0,0,0,0,0,0,0,0,0
11754,1,1,1,1,1,1,1,1,1,1,1,1,1,1,1,1,1,1,1,1,1
11755,7,8,8,7,6,4,5,7,8,7,7,6,4,5,9,9,8,7,6,4,5
11756,0,0,0,0,0,0,0,1,0,1,0,0,0,0,1,0,1,0,0,0,0
11757,5,4,3,3,3,3,3,4,4,4,4,4,4,5,5,5,4,4,4,4,4
11758,1,1,1,1,1,1,1,1,1,1,1,1,1,1,1,1,1,1,1,1,1
11759,0,0,0,0,0,0,0,0,0,0,0,0,0,0,0,0,0,0,0,0,0
11760,0,0,0,0,0,0,0,0,0,0,0,0,0,0,0,0,0,0,0,0,0
11761,0,0,0,0,0,0,0,0,0,0,0,0,0,0,0,0,0,0,0,0,0
11762,4,4,4,3,3,3,4,4,4,5,4,3,4,4,5,4,4,3,3,3,4
11763,2,2,3,3,3,2,2,2,2,3,3,3,2,2,2,2,3,3,3,2,2
11764,5,6,6,10,9,8,6,5,6,6,10,9,8,6,5,6,6,10,9,8,6
11765,5,4,4,3,3,3,3,4,5,5,4,3,3,3,6,6,6,5,4,4,5
11766,178,184,189,188,178,157,160,194,209,221,220,196,170,172,194,190,191,183,166,149,155
11767,741,804,940,803,770,670,599,740,841,1000,848,789,685,613,735,801,941,793,745,650,584
11768,725,807,931,789,750,644,585,727,826,960,812,765,660,605,732,806,929,782,742,649,596
11769,248,276,320,373,368,284,252,246,291,343,392,375,286,255,235,263,319,381,373,295,263
11770,4,4,7,8,4,3,3,3,4,7,8,4,3,3,4,5,8,8,4,3,3
11771,207,208,223,194,188,178,151,207,208,223,193,188,177,151,207,208,223,193,188,177,151
11772,27,27,27,35,33,29,21,23,28,31,38,33,28,21,21,25,27,34,30,26,19
11773,94,98,95,91,87,82,86,97,106,99,85,74,68,69,74,78,82,80,76,72,71
11774,5,6,7,9,7,6,5,5,6,7,9,8,7,6,6,7,7,9,7,6,5
11775,10,11,12,12,11,10,9,10,11,12,11,10,9,8,9,10,11,11,10,9,9
11776,1,1,1,1,1,1,1,1,1,1,1,1,1,1,1,1,1,1,1,1,1
11777,0,1,1,1,1,1,1,0,1,1,1,1,1,1,0,1,1,1,1,1,1
11778,2,2,3,4,3,3,2,2,2,3,4,3,3,2,2,2,3,4,3,3,2
11779,0,0,0,0,0,0,0,0,0,0,0,0,0,0,0,0,0,0,0,0,0
11780,0,0,0,0,0,0,0,0,0,0,0,0,0,0,0,0,0,0,0,0,0
11781,0,0,0,0,0,0,0,0,0,0,0,0,0,0,0,0,0,0,0,0,0
11782,10,14,14,9,7,7,14,27,30,14,6,4,4,11,20,21,12,5,4,4,8
11783,0,0,0,0,0,0,0,0,0,0,0,0,0,0,0,0,0,0,0,0,0
11784,1,2,2,2,2,1,1,1,2,2,2,2,1,1,1,2,2,2,2,1,1
11785,0,0,0,0,0,0,0,0,0,0,0,0,0,0,0,0,0,0,0,0,0
11786,1,1,1,1,1,1,1,1,1,1,1,1,1,1,1,1,1,1,1,1,1
11787,0,0,0,0,0,0,0,0,0,0,0,0,0,0,0,0,0,0,0,0,0
11788,3,3,3,3,3,2,2,3,3,3,3,3,2,2,3,3,3,3,3,2,2
11789,0,0,0,0,0,0,0,0,0,0,0,0,0,0,0,0,0,0,0,0,0
11790,0,0,0,0,0,0,0,0,0,0,0,0,0,0,0,0,0,0,0,0,0
11791,3,4,4,4,3,3,3,3,4,4,4,3,3,3,3,4,4,4,3,3,3
11792,0,1,1,1,1,1,1,0,1,1,1,1,1,1,0,1,1,1,1,1,1
11793,2,2,2,2,2,2,2,2,2,2,2,2,2,2,2,2,2,2,2,2,2
11794,0,0,0,0,0,0,0,0,0,0,0,0,0,0,1,1,1,1,1,1,1
11795,0,0,0,0,0,0,0,0,0,0,0,0,0,0,0,0,0,0,0,0,0
11796,0,0,0,0,0,0,0,0,0,0,0,0,0,0,0,0,0,0,0,0,0
11797,0,0,0,0,0,0,0,0,0,0,0,0,0,0,0,0,0,0,0,0,0
11798,0,0,1,0,0,0,0,0,0,1,0,0,0,0,0,1,1,1,0,0,0
11799,6,7,7,6,6,5,5,6,7,7,6,6,5,5,6,7,7,6,6,5,5
11800,0,0,0,0,0,0,0,0,0,0,0,0,0,0,0,0,0,0,0,0,0
11801,1,1,1,1,1,1,1,1,1,1,1,1,1,1,1,1,1,1,1,1,1
11802,1,1,1,1,1,1,1,1,1,1,1,1,1,0,1,1,1,1,1,1,0
11803,0,0,0,0,0,0,0,0,0,0,0,0,0,0,0,0,0,0,0,0,0
11804,0,0,0,0,0,0,0,0,0,0,0,0,0,0,0,0,0,0,0,0,0
11805,0,0,0,0,0,0,0,0,0,0,0,0,0,0,0,0,0,0,0,0,0
11806,0,0,0,0,0,0,0,0,0,0,0,0,0,0,0,0,0,0,0,0,0
11807,3,3,4,3,3,3,3,3,3,3,3,2,2,2,2,3,3,2,2,2,2
11808,0,0,0,0,0,0,0,0,0,0,0,0,0,0,0,0,0,0,0,0,0
11809,0,0,0,0,0,0,0,0,0,0,0,0,0,0,0,0,0,0,0,0,0
11810,3,2,2,2,2,1,2,3,2,2,2,2,1,2,3,2,2,2,2,1,2
11811,4,4,4,3,3,4,4,4,4,4,2,3,3,3,3,4,4,2,3,3,3
11812,1,1,1,1,1,1,1,1,1,1,1,1,1,1,2,2,2,2,1,1,1
11813,13,16,22,18,15,10,9,13,17,22,18,15,10,9,13,17,22,18,15,10,9
11814,16,20,23,22,22,17,13,15,19,23,22,22,17,13,15,20,23,22,22,17,13
11815,6,6,6,4,5,4,3,6,6,5,4,5,4,3,6,6,6,4,5,4,3
11816,6,10,13,14,14,11,5,6,10,13,14,14,10,4,6,10,13,14,14,10,5
11817,4,4,3,4,3,3,2,4,4,3,4,3,3,2,4,4,3,4,3,3,2
11818,1,1,2,2,1,1,0,0,0,0,0,0,0,0,0,0,0,0,0,0,0
11819,0,0,0,0,0,0,0,0,0,0,0,0,0,0,0,0,0,0,0,0,0
11820,0,0,0,0,0,0,0,0,0,0,0,0,0,0,0,0,0,0,0,0,0
11821,5,4,3,3,2,2,2,3,4,4,4,3,4,5,7,5,4,3,3,3,4
11822,0,0,1,1,1,2,2,2,2,2,2,2,1,1,1,1,1,1,1,1,1
11823,1,1,1,1,1,1,1,1,1,1,1,1,1,1,1,1,1,1,1,1,1
11824,0,0,0,0,0,0,0,0,0,0,0,0,0,0,0,0,1,1,1,1,1
11825,0,0,0,0,0,0,0,0,0,0,0,0,0,0,0,0,1,1,2,2,2
11826,0,0,0,0,0,0,0,0,0,0,0,0,0,0,0,0,0,0,0,0,0
11827,0,0,0,0,0,0,0,0,0,0,0,0,0,0,0,0,0,0,0,0,0
11828,1,1,1,1,1,1,1,1,1,1,1,1,0,1,1,1,1,1,1,0,1
11829,0,0,0,0,0,0,0,0,0,0,0,0,0,0,0,0,0,0,0,0,0
11830,0,0,0,0,0,0,0,0,0,0,0,0,0,0,0,0,0,0,0,0,0
11831,68,77,84,90,79,72,64,72,79,87,90,77,72,64,64,64,70,75,64,63,57
11832,0,0,0,0,0,0,0,0,0,0,0,0,0,0,0,0,0,0,0,0,0
11833,0,0,0,0,0,0,0,0,0,0,0,0,0,0,0,0,0,0,0,0,0
11834,0,0,0,0,0,0,0,0,0,0,0,0,0,0,0,0,0,0,0,0,0
11835,0,1,1,1,0,1,1,1,1,1,1,1,1,1,1,1,1,1,1,1,1
11836,0,0,0,0,0,0,0,0,0,0,0,0,0,0,0,0,0,0,0,0,0
11837,0,0,0,0,0,0,0,0,0,0,0,0,0,0,0,0,0,0,0,0,0
11838,0,0,0,0,0,0,0,0,0,0,0,0,0,0,0,0,0,0,0,0,0
11839,0,0,0,0,0,0,0,0,0,0,0,0,0,0,0,0,0,0,0,0,0
11840,0,0,0,0,0,0,0,0,0,0,0,0,0,0,0,0,0,0,0,0,0
11841,0,0,0,0,0,0,0,0,0,0,0,0,0,0,0,0,0,0,0,0,0
11842,4,4,4,5,4,4,3,5,4,4,5,4,3,3,4,4,4,5,4,3,3
11843,8,7,8,7,8,8,6,7,7,8,7,8,8,6,7,7,8,7,8,9,6
11844,0,0,0,0,0,0,0,0,0,0,0,0,0,0,0,0,0,0,0,0,0
11845,10,10,10,8,7,7,7,9,10,9,8,7,7,7,9,10,10,8,7,7,7
11846,15,15,20,20,19,13,13,14,14,20,21,19,13,13,14,14,19,20,19,13,13
11847,0,0,0,0,0,0,0,0,0,0,0,0,0,0,0,0,0,0,0,0,0
11848,27,28,29,30,29,26,26,29,29,29,27,24,21,19,18,18,20,21,20,19,20
11849,2,2,2,2,2,1,1,2,2,2,2,2,1,1,2,2,2,2,2,1,1
11850,1,1,1,1,1,1,1,1,1,1,1,1,1,1,1,1,1,1,1,1,1
11851,3,2,3,3,3,2,2,3,3,3,3,3,2,2,3,2,3,3,3,2,2
11852,0,0,0,0,0,0,0,0,0,0,0,0,0,0,0,0,0,0,0,0,0
11853,2,3,5,4,3,2,2,2,3,5,4,3,2,2,2,3,5,4,3,2,2
11854,5,5,6,5,4,4,4,5,5,6,5,5,4,4,5,5,6,5,5,4,4
11855,17,16,16,15,15,14,13,15,15,16,15,15,15,13,15,15,16,16,15,15,13
11856,3,3,3,3,3,2,2,2,3,3,3,3,2,2,3,3,3,3,3,2,2
11857,0,0,0,0,0,0,0,0,0,0,0,0,0,0,0,0,0,0,0,0,0
11858,3,2,1,1,1,1,1,1,1,1,1,1,1,1,2,1,1,1,1,1,1
11859,1,1,1,1,1,1,1,2,2,1,1,1,1,1,2,2,1,1,1,1,1
11860,1,1,1,1,1,1,1,1,1,1,0,0,0,1,1,1,1,0,0,0,0
11861,1,1,1,1,1,1,1,1,1,1,1,1,1,1,1,1,1,1,1,1,1
11862,0,0,1,1,1,0,0,0,0,1,1,1,0,0,0,0,1,1,1,0,0
11863,0,0,0,0,0,0,0,0,0,0,0,0,0,0,0,0,0,0,0,0,0
11864,0,0,0,0,0,0,0,0,0,0,0,0,0,0,0,1,0,0,0,0,0
11865,0,0,0,0,0,0,0,0,0,0,0,0,0,0,0,0,0,0,0,0,0
11866,0,0,0,0,0,0,0,0,0,0,0,0,0,0,0,0,0,0,0,0,0
11867,0,0,0,0,0,0,0,0,0,0,0,0,0,0,0,0,0,0,0,0,0
11868,0,0,0,0,0,0,0,0,0,0,0,0,0,0,0,0,0,0,0,0,0
11869,0,0,0,0,0,0,0,0,0,0,0,0,0,0,0,0,0,0,0,0,0
11870,0,0,0,0,0,0,0,0,0,0,0,0,0,0,0,0,0,0,0,0,0
11871,0,0,0,0,0,0,0,0,0,0,0,0,0,0,0,0,0,0,0,0,0
11872,0,0,0,0,0,0,0,0,0,0,0,0,0,0,0,0,0,0,0,0,0
11873,0,0,0,0,0,0,0,0,0,0,0,0,0,0,0,0,0,0,0,0,0
11874,0,0,0,0,0,0,0,0,0,0,0,0,0,0,0,0,0,0,0,0,0
11875,0,0,0,0,0,0,0,0,0,0,0,0,0,0,0,0,0,0,0,0,0
11876,0,0,0,0,0,0,0,0,0,0,0,0,0,0,0,0,0,0,0,0,0
11877,1,1,1,0,0,0,0,1,1,1,1,1,0,1,1,1,1,1,1,1,1
11878,0,0,0,0,0,0,0,0,0,0,0,0,0,0,0,0,0,0,0,0,0
11879,0,0,0,0,0,0,0,0,0,0,0,0,0,0,0,0,0,0,0,0,0
11880,0,0,0,0,0,0,0,0,0,0,0,0,0,0,0,0,0,0,0,0,0
11881,0,0,0,0,0,0,0,0,0,0,0,0,0,0,0,0,0,0,0,0,0
11882,0,1,1,1,0,0,0,0,1,1,1,0,0,0,0,1,1,1,0,0,0
11883,0,0,0,0,0,0,0,0,0,0,0,0,0,0,0,0,0,0,0,0,0
11884,0,0,0,0,0,0,0,0,0,0,0,0,0,0,0,0,0,0,0,0,0
11885,0,0,0,0,0,0,0,0,0,0,0,0,0,0,0,0,0,0,0,0,0
11886,0,0,0,0,0,0,0,0,0,0,0,0,0,0,0,0,0,0,0,0,0
11887,0,0,0,0,0,0,0,0,0,0,0,0,0,0,0,0,0,0,0,0,0
11888,0,1,1,1,1,1,1,1,1,1,1,1,1,1,1,1,1,1,1,1,1
11889,2,1,1,1,1,1,1,1,1,1,1,1,1,1,2,2,1,1,1,1,1
11890,1,1,1,1,1,1,1,1,1,1,1,1,1,1,1,1,1,1,1,1,1
11891,26,30,28,26,23,21,20,24,28,28,26,22,19,19,23,27,27,25,22,20,20
11892,30,33,33,30,28,26,26,31,35,35,31,27,25,27,29,32,32,29,27,26,27
11893,3,4,4,4,3,3,3,3,4,4,4,3,3,3,3,4,4,4,3,3,3
11894,6,7,8,7,6,5,5,7,8,8,7,7,6,6,7,9,9,7,7,6,6
11895,28,33,36,35,30,26,26,29,34,37,34,28,25,25,28,32,34,32,27,24,25
11896,1,0,0,0,0,0,0,1,0,0,0,0,0,0,1,0,0,0,0,0,0
11897,44,47,55,56,59,55,33,44,47,55,56,59,55,33,44,47,55,56,59,55,33
11898,2,2,2,1,1,1,1,2,2,2,1,1,1,1,2,2,2,2,1,1,1
11899,0,0,0,0,0,0,0,0,0,0,0,0,0,0,0,0,0,0,0,0,0
11900,1,1,1,0,0,1,1,1,1,1,1,0,1,1,1,1,1,1,0,1,1
11901,0,0,0,0,0,0,0,0,0,0,0,0,0,0,0,0,0,0,0,0,0
11902,19,22,25,23,19,14,14,19,22,25,23,19,14,14,19,22,25,23,19,14,14
11903,2,1,1,2,2,2,1,2,1,1,2,2,2,1,2,1,1,2,2,2,2
11904,0,1,1,1,0,0,0,0,1,1,1,0,0,0,0,1,1,1,0,0,0
11905,0,0,0,0,0,0,0,0,0,0,0,0,0,0,0,0,0,0,0,0,0
11906,1,1,2,1,1,1,1,1,1,2,1,1,1,1,1,1,2,1,1,1,1
11907,4,4,4,3,3,3,3,4,4,4,3,3,3,3,4,5,5,4,3,3,3
11908,7,7,7,6,5,5,6,6,7,7,6,5,5,6,7,7,7,6,5,5,6
11909,1,1,1,0,0,0,0,1,1,1,0,0,0,0,1,1,1,0,0,0,0
11910,1,1,1,1,1,1,1,1,1,1,1,1,1,1,1,1,1,1,1,1,1
11911,5,4,4,4,4,3,3,4,4,4,4,4,3,3,5,5,5,4,4,4,4
11912,1,1,1,1,1,0,1,1,1,1,1,1,0,1,1,1,1,1,1,0,1
11913,0,0,0,0,0,0,0,0,0,0,0,0,0,0,0,0,0,0,0,0,0
11914,0,0,0,0,0,0,0,0,0,0,0,0,0,0,0,0,0,0,0,0,0
11915,0,0,0,0,0,0,0,0,0,0,0,0,0,0,0,0,0,0,0,0,0
11916,0,0,0,0,0,0,0,0,0,0,0,0,0,0,0,0,0,0,0,0,0
11917,0,1,0,0,0,0,0,0,1,0,0,0,0,0,0,1,0,0,0,0,0
11918,4,3,2,2,2,2,4,4,3,2,2,2,2,4,4,3,2,2,2,2,4
11919,1,1,1,1,1,1,0,1,1,1,1,1,1,0,1,1,1,1,1,1,1
11920,7,7,6,6,5,5,6,7,7,6,6,5,5,6,7,7,6,6,5,5,6
11921,2,2,2,2,2,2,1,2,2,2,2,2,1,1,2,2,2,2,2,2,1
11922,6,6,5,4,4,4,4,4,5,5,4,4,4,4,4,6,5,4,4,4,5
11923,5,6,7,6,6,4,4,5,6,7,6,6,4,4,5,6,7,6,6,4,4
11924,4,5,5,5,4,4,3,4,5,5,5,4,4,3,4,5,5,5,4,4,3
11925,1,1,0,0,0,0,0,0,1,0,0,0,0,0,0,1,0,0,0,0,0
11926,25,27,27,25,23,20,21,25,28,28,25,22,19,21,25,27,27,24,21,19,20
11927,1,1,1,1,1,1,1,1,1,1,1,1,1,1,1,1,1,1,1,1,1
11928,0,0,0,0,0,0,0,0,0,0,0,0,0,0,0,0,0,0,0,0,0
11929,5,4,3,3,3,3,3,4,4,3,3,3,2,3,4,4,4,3,3,3,3
11930,16,13,12,10,10,11,11,14,13,13,10,10,11,12,15,14,14,12,12,13,14
11931,0,0,0,0,0,0,0,0,0,0,0,0,0,0,0,0,0,0,0,0,0
11932,2,2,3,2,2,1,1,2,2,3,2,2,1,1,2,2,3,2,2,1,1
11933,0,0,0,0,0,0,0,0,0,0,0,0,0,0,0,0,0,0,0,0,0
11934,0,0,0,0,0,0,0,0,0,0,0,0,0,0,0,0,0,0,0,0,0
11935,1,1,1,1,0,0,1,1,1,1,1,0,0,1,1,1,1,1,0,0,1
11936,1,0,1,0,0,0,0,1,0,1,0,0,0,0,1,0,1,0,0,0,0
11937,0,0,0,0,0,0,0,0,0,0,0,0,0,0,0,0,0,0,0,0,0
11938,0,0,0,0,0,0,0,0,0,0,0,0,0,0,0,0,0,0,0,0,0
11939,16,15,13,12,10,10,11,12,11,10,9,8,7,8,9,9,8,7,6,7,7
11940,1,1,1,1,1,1,1,1,1,1,1,1,1,1,1,1,1,1,1,1,1
11941,12,10,10,8,7,8,8,9,8,8,8,7,8,8,9,9,9,8,7,8,9
11942,1,4,14,7,1,3,4,1,4,14,7,1,3,4,1,4,14,7,1,3,4
11943,2,2,2,2,1,1,1,2,2,2,1,1,1,1,2,2,2,1,1,1,1
11944,1,1,1,1,1,1,1,1,1,1,1,1,1,1,1,1,1,1,1,1,1
11945,1,1,1,1,1,1,2,2,2,2,2,2,2,2,2,2,2,2,2,2,2
11946,0,0,0,0,0,0,0,0,0,0,0,0,0,0,0,0,0,0,0,0,0
11947,0,0,0,0,0,0,0,0,0,0,0,0,0,0,0,0,0,0,0,0,0
11948,0,0,0,0,0,0,0,0,0,0,0,0,0,0,0,0,0,0,0,0,0
11949,0,0,0,0,0,0,0,0,0,0,0,0,0,0,0,0,0,0,0,0,0
11950,0,0,0,0,0,0,0,0,0,0,0,0,0,0,0,0,0,0,0,0,0
11951,0,0,0,0,0,0,0,0,0,0,0,0,0,0,0,0,0,0,0,0,0
11952,0,0,0,0,0,0,0,0,0,0,0,0,0,0,0,0,0,0,0,0,0
11953,0,1,1,1,1,1,1,1,1,1,1,1,1,1,1,1,1,1,0,0,0
11954,0,0,0,0,0,0,0,0,0,0,0,0,0,0,0,0,0,0,0,0,0
11955,43,37,34,44,40,37,50,59,42,35,44,37,26,25,38,38,36,45,38,29,29
11956,197,202,200,174,156,140,150,200,205,189,152,131,116,126,178,196,197,170,151,138,141
11957,54,65,71,69,51,41,35,49,62,70,68,49,40,34,49,62,70,68,49,40,35
11958,72,93,101,96,77,62,60,71,82,83,79,63,52,53,56,67,77,80,72,63,56
11959,0,0,1,1,0,0,0,0,0,1,1,0,0,0,1,0,1,1,0,0,0
11960,10,12,12,12,11,10,8,10,12,12,12,11,10,8,10,12,13,12,11,10,8
11961,0,0,0,0,0,0,0,0,1,1,1,1,1,1,0,0,0,0,0,0,0
11962,0,0,0,0,0,0,0,0,0,0,0,0,0,0,0,0,0,0,0,0,0
11963,1,1,1,1,1,1,1,1,1,1,1,1,1,1,1,1,1,1,1,1,1
11964,1,1,2,2,2,1,1,1,1,2,2,2,1,1,1,1,2,2,2,1,1
11965,7,8,8,7,6,6,5,7,8,8,7,6,5,5,7,8,8,7,6,5,5
11966,0,0,0,0,0,0,0,0,0,0,0,0,0,0,0,0,0,0,0,0,0
11967,0,1,0,0,0,0,0,0,1,0,0,0,0,0,0,1,1,0,0,0,0
11968,0,0,0,0,0,0,0,0,0,0,0,0,0,0,0,0,0,0,0,0,0
11969,5,5,6,6,5,5,5,5,6,7,7,6,5,5,6,6,6,6,6,5,5
11970,5,5,5,5,4,4,4,5,5,5,5,4,4,4,5,5,5,5,4,4,4
11971,32,40,38,34,22,20,24,32,40,38,34,22,20,24,32,40,38,34,22,20,24
11972,3,2,2,2,2,2,2,2,2,2,2,2,2,2,2,2,2,1,2,2,2
11973,0,0,0,0,0,0,0,0,0,0,0,0,0,0,0,0,0,0,0,0,0
11974,1,1,1,1,1,1,1,1,1,1,1,1,1,1,2,2,1,1,1,1,1
11975,0,0,0,0,0,0,0,0,0,0,0,0,0,0,0,0,0,0,0,0,0
11976,2,2,2,3,2,2,2,3,2,2,2,2,2,2,3,2,2,2,1,2,2
11977,0,0,0,0,0,0,0,0,0,0,0,0,0,0,0,0,0,0,0,0,0
11978,2,2,3,3,2,2,1,2,2,3,3,2,2,1,2,2,3,3,2,2,1
11979,0,0,0,0,0,0,0,0,0,0,0,0,0,0,0,0,0,0,0,0,0
11980,1,1,1,1,1,0,0,1,1,1,1,1,0,0,1,1,1,1,1,0,0
11981,1,1,1,1,0,0,0,1,1,1,1,0,0,0,1,1,1,1,0,0,0
11982,0,0,0,0,0,0,0,0,0,0,0,0,0,0,0,0,0,0,0,0,0
11983,3,3,2,2,2,2,2,2,2,2,2,2,2,2,2,3,3,2,2,2,2
11984,1,1,1,1,0,0,0,1,1,1,1,1,0,0,1,1,1,1,1,0,1
11985,0,0,0,0,0,0,0,0,0,0,0,0,0,0,0,0,0,0,0,0,0
11986,0,0,0,0,0,0,0,0,0,0,0,0,0,0,0,0,0,0,0,0,0
11987,1,1,1,1,1,1,1,1,1,1,1,1,1,1,1,1,1,1,1,1,1
11988,1,1,1,1,1,1,1,1,1,1,1,1,1,1,1,1,1,1,1,1,1
11989,0,0,0,0,0,0,0,0,0,0,0,0,0,0,0,0,0,0,0,0,0
11990,2,2,2,2,2,2,2,2,2,2,2,2,2,2,2,2,2,2,2,2,2
11991,2,3,3,3,3,2,2,2,3,3,3,3,2,2,2,3,3,3,3,3,2
11992,0,0,0,0,0,0,0,0,0,0,0,0,0,0,0,0,0,0,0,0,0
11993,0,0,0,0,0,0,0,0,0,0,0,0,0,0,0,0,0,0,0,0,0
11994,7,11,14,12,11,6,5,6,11,14,12,11,6,6,7,12,14,12,12,7,6
11995,130,146,149,145,128,111,109,130,146,149,145,128,111,109,130,146,149,145,128,111,109
11996,1,1,1,1,1,1,1,1,1,1,1,1,1,1,1,1,1,1,1,1,1
11997,0,0,0,0,0,0,0,0,0,0,0,0,0,0,0,0,0,0,0,0,0
11998,0,0,0,0,0,0,0,0,0,0,0,0,0,0,0,0,0,0,0,0,0
11999,0,0,0,0,0,0,0,0,0,0,0,0,0,0,0,0,0,0,0,0,0
12000,1,1,1,1,1,0,1,1,1,1,1,1,1,1,1,1,1,1,1,1,1
12001,0,0,0,0,0,0,0,0,0,0,0,0,0,0,0,0,0,0,0,0,0
12002,0,0,0,0,0,0,0,0,0,0,0,0,0,0,0,0,0,0,0,0,0
12003,1,1,1,1,0,1,1,1,1,1,1,0,1,1,1,1,1,1,0,0,1
12004,0,0,0,0,0,0,0,0,0,0,0,0,0,0,0,0,0,0,0,1,1
12005,0,0,0,0,0,0,0,0,0,0,0,0,0,0,0,0,0,0,0,0,0
12006,0,0,0,0,0,0,0,0,0,0,0,0,0,0,0,0,0,0,0,0,0
12007,0,0,0,0,0,0,0,0,0,0,0,0,0,0,0,0,0,0,0,0,0
12008,0,0,0,0,0,0,0,0,0,0,0,0,0,0,0,0,0,0,0,0,0
12009,0,0,0,0,0,0,0,0,0,0,0,0,0,0,0,0,0,0,0,0,0
12010,0,0,0,0,0,0,0,0,0,0,0,0,0,0,0,0,0,0,0,0,0
12011,0,0,0,0,0,0,0,0,0,0,0,0,0,0,0,0,0,0,0,0,0
12012,0,0,0,0,0,0,0,0,0,0,0,0,0,0,0,0,0,0,0,0,0
12013,0,0,0,0,0,0,0,0,0,0,0,0,0,0,0,0,0,0,0,0,0
12014,0,0,0,0,0,0,0,0,0,0,0,0,0,0,0,0,0,0,0,0,0
12015,0,0,0,0,0,0,0,0,0,0,0,0,0,0,0,0,0,0,0,0,0
12016,0,0,0,0,0,0,0,0,0,0,0,0,0,0,0,0,0,0,0,0,0
12017,0,0,0,0,0,0,0,0,0,0,0,0,0,0,0,0,0,0,0,0,0
12018,0,0,0,0,0,0,0,0,0,0,0,0,0,0,0,0,0,0,0,0,0
12019,0,0,0,0,0,0,0,0,0,0,0,0,0,0,0,0,0,0,0,0,0
12020,181,189,193,185,162,147,148,181,189,193,185,162,147,148,181,189,193,185,162,147,148
12021,42,53,38,35,31,19,27,42,53,38,35,31,19,27,42,53,38,35,31,19,27
12022,0,0,0,0,0,0,0,0,0,0,0,0,0,0,0,0,0,0,0,0,0
12023,1,1,1,1,1,1,1,1,1,1,1,1,1,1,1,1,1,1,1,1,1
12024,2,3,3,3,3,3,2,2,3,3,3,3,3,2,2,3,3,3,3,3,2
12025,0,0,0,0,0,0,0,0,0,0,0,0,0,0,0,0,0,0,0,0,0
12026,0,0,0,0,0,0,0,0,0,0,0,0,0,0,0,0,0,0,0,0,0
12027,0,0,0,0,0,0,0,0,0,0,0,0,0,0,0,0,0,0,0,0,0
12028,86,124,151,96,82,65,64,86,124,151,96,82,65,64,86,124,150,96,82,65,64
12029,63,65,67,60,45,49,43,63,65,67,60,45,49,43,63,65,67,60,45,49,43
12030,0,0,0,0,0,1,0,0,0,0,0,0,1,0,0,0,0,0,0,1,0
12031,0,2,0,0,1,1,0,0,2,0,0,1,1,0,0,2,0,0,1,1,0
12032,0,0,0,0,0,0,0,0,0,0,0,0,0,0,0,0,0,0,0,0,0
12033,0,0,0,0,0,0,0,0,0,0,0,0,0,0,0,0,0,0,0,0,0
12034,7,9,9,6,3,2,2,6,8,8,6,3,2,3,7,9,9,6,3,2,3
12035,2,2,1,2,2,2,1,2,2,1,1,2,2,1,2,2,1,1,1,2,1
12036,7,6,4,3,3,2,3,4,4,4,4,3,3,5,6,4,3,3,3,3,4
12037,3,3,2,2,1,2,3,3,3,2,2,1,2,2,2,3,2,2,1,2,2
12038,0,0,0,0,0,0,0,0,0,0,0,0,0,0,0,0,1,0,0,0,0
12039,3,2,2,2,2,2,2,3,3,2,2,2,2,2,3,3,2,2,2,2,2
12040,0,0,0,0,0,0,0,0,0,0,0,0,0,0,0,0,0,0,0,0,0
12041,1,1,1,1,2,1,1,1,1,1,1,2,1,1,1,1,1,1,2,1,1
12042,9,12,9,7,7,8,9,9,11,8,7,7,8,9,9,11,8,7,7,8,9
12043,2,1,2,1,1,1,1,2,1,2,1,1,1,1,2,1,2,1,1,1,1
12044,0,0,0,0,0,0,0,0,0,0,0,0,0,0,0,0,0,0,0,0,0
12045,0,0,0,0,0,0,0,0,0,0,0,0,0,0,0,0,0,0,0,0,0
12046,0,0,0,0,0,0,0,0,0,0,0,0,0,0,0,0,0,0,0,0,0
12047,0,0,0,0,0,0,0,0,0,0,0,0,0,0,0,0,0,0,0,0,0
12048,0,0,0,0,0,0,0,0,0,0,0,0,0,0,0,0,0,0,0,0,0
12049,0,0,0,0,0,0,0,0,0,0,0,0,0,0,0,0,0,0,0,0,0
12050,0,1,1,1,0,0,1,0,1,1,1,0,0,1,0,1,1,1,0,1,1
12051,4,5,5,4,4,4,4,5,5,5,4,4,3,4,4,5,5,4,4,3,4
12052,7,7,7,6,5,6,7,7,7,7,6,5,6,6,7,7,7,6,5,6,6
12053,6,6,6,6,5,5,5,7,6,6,5,5,4,5,6,6,6,5,5,4,5
12054,2,2,3,3,3,3,3,3,3,3,3,3,3,3,3,3,4,3,3,3,3
12055,0,0,0,0,0,0,0,0,0,0,0,0,0,0,0,0,0,0,0,0,0
12056,0,0,0,0,0,0,0,0,0,0,0,0,0,0,0,0,0,0,0,0,0
12057,49,51,50,49,46,42,43,49,49,45,41,36,33,35,41,42,42,41,38,38,37
12058,0,0,0,0,0,0,0,0,0,0,0,0,0,0,0,0,0,0,0,0,0
12059,1,1,1,1,1,1,1,1,1,1,1,1,1,1,1,1,1,1,1,1,1
12060,1,1,1,1,1,1,1,1,1,1,1,1,1,1,1,1,1,1,1,1,1
12061,0,0,0,1,0,0,0,0,0,0,1,0,0,0,0,0,0,1,0,0,0
12062,0,1,1,0,0,0,0,0,1,1,0,0,0,0,0,1,1,0,0,0,0
12063,1,2,2,2,2,2,1,2,2,2,2,2,2,1,2,2,2,2,2,2,1
12064,7,10,10,8,6,5,4,6,9,9,8,6,5,4,6,9,9,8,6,5,4
12065,0,0,0,0,0,0,0,0,0,0,0,0,0,0,0,0,0,0,0,0,0
12066,0,0,0,0,0,0,0,0,0,0,0,0,0,0,0,0,0,0,0,0,0
12067,0,0,0,0,0,0,0,1,1,1,0,0,0,0,0,0,0,0,0,0,0
12068,6,7,8,7,6,5,5,5,7,7,7,6,5,5,6,7,8,7,6,5,5
12069,0,0,0,0,0,0,0,0,0,0,0,0,0,0,0,0,0,0,0,0,0
12070,0,0,0,0,0,0,0,0,0,0,0,0,0,0,0,0,0,0,0,0,0
12071,4,8,10,7,5,2,2,4,8,10,7,5,2,2,4,8,10,7,5,2,2
12072,22,27,25,16,12,21,18,22,27,25,16,12,21,18,22,27,25,16,12,21,18
12073,4,5,4,4,2,4,5,6,7,6,6,5,7,7,8,9,8,8,7,8,8
12074,0,0,0,0,0,0,0,0,0,0,0,0,0,0,0,0,0,0,0,0,0
12075,0,0,0,0,0,0,0,0,0,0,0,0,0,0,0,0,0,0,0,0,0
12076,0,0,0,0,0,0,0,0,0,0,0,0,0,0,0,0,0,0,0,0,0
12077,0,0,0,0,0,0,0,0,0,0,0,0,0,0,0,0,0,0,0,0,0
12078,0,0,0,0,0,0,0,0,0,0,0,0,0,0,0,0,0,0,0,0,0
12079,0,0,0,0,0,0,0,0,0,0,0,0,0,0,0,0,0,0,0,0,0
12080,1,0,0,0,0,1,0,1,0,0,0,0,1,0,1,0,0,0,0,1,1
12081,1,1,1,1,1,1,1,1,1,1,1,1,1,1,1,1,1,1,1,1,1
12082,2,2,2,2,1,1,1,2,2,2,2,1,2,2,2,2,2,2,1,2,2
12083,2,3,3,2,2,2,2,2,2,2,2,2,2,2,2,2,2,2,2,2,2
12084,2,2,2,2,1,1,1,2,2,2,2,1,1,1,2,2,2,1,1,1,1
12085,2,2,2,1,1,1,1,1,1,1,1,1,1,1,1,1,1,1,1,1,1
12086,1,1,1,1,1,1,1,1,1,1,1,1,1,1,1,1,1,1,1,1,1
12087,10,11,10,8,7,8,8,10,11,10,8,7,8,8,10,11,10,8,7,8,8
12088,0,0,0,0,0,0,0,0,0,0,0,0,0,0,0,0,0,0,0,0,0
12089,2,2,2,3,2,1,2,2,2,2,3,2,1,2,2,2,2,3,2,1,2
12090,0,0,0,0,0,0,0,0,0,0,0,0,0,0,0,0,0,0,0,0,0
12091,0,0,0,0,0,0,0,0,0,0,0,0,0,0,0,0,0,0,0,0,0
12092,0,0,0,0,0,0,0,0,0,0,0,0,0,0,0,0,0,0,0,0,0
12093,1,1,1,1,1,1,1,1,1,1,1,1,1,1,1,1,1,1,1,1,1
12094,1,1,1,2,2,1,1,1,1,1,2,2,1,1,1,1,1,2,2,1,1
12095,3,3,3,3,2,2,2,3,3,3,3,2,2,2,3,3,3,3,2,2,2
12096,0,0,1,1,0,0,0,0,0,1,1,0,0,0,0,0,1,1,0,0,0
12097,0,0,0,0,0,0,0,0,0,0,0,0,0,0,0,0,0,0,0,0,0
12098,6,6,5,4,4,5,5,6,6,5,4,4,5,5,6,6,5,4,4,5,4
12099,1,1,1,0,1,1,1,1,1,1,0,1,1,1,1,1,1,0,1,1,1
12100,0,0,0,0,0,0,0,0,0,0,0,0,0,0,0,0,0,0,0,0,0
12101,0,0,0,0,0,0,0,0,0,0,0,0,0,0,0,0,0,0,0,0,0
12102,0,0,0,0,0,0,0,0,0,0,0,0,0,0,0,0,0,0,0,0,0
12103,0,0,0,0,0,0,0,0,0,0,0,0,0,0,0,0,0,0,0,0,0
12104,0,0,0,0,0,0,0,0,0,0,0,0,0,0,0,0,0,0,0,0,0
12105,7,5,5,5,4,4,4,5,5,5,5,5,4,4,6,5,5,5,5,4,4
12106,0,0,0,0,0,0,0,0,0,0,0,0,0,0,0,0,0,0,0,0,0
12107,3,3,3,3,2,2,2,3,3,3,3,2,2,2,3,3,3,3,3,3,3
12108,1,0,1,1,1,1,0,1,0,1,1,1,1,0,1,0,1,1,1,1,0
12109,0,0,0,0,0,0,0,0,0,0,0,0,0,0,0,0,0,0,0,0,0
12110,5,5,6,6,5,4,3,4,5,6,6,6,4,3,4,5,6,6,5,4,3
12111,7,9,9,7,7,5,5,8,10,9,7,7,5,5,8,10,9,7,6,5,5
12112,3,3,3,3,3,2,2,3,3,3,3,3,3,2,3,3,3,3,3,3,2
12113,12,13,13,14,13,12,11,14,17,18,17,15,14,13,14,14,15,15,13,12,11
12114,1,1,1,1,1,1,1,1,1,1,1,1,1,1,1,1,1,1,1,1,1
12115,0,0,0,0,0,0,0,0,0,0,0,0,0,0,0,0,0,0,0,0,0
12116,0,0,0,0,0,0,0,0,0,0,0,0,0,0,0,0,0,0,0,0,0
12117,0,0,0,0,0,0,0,0,0,0,0,0,0,0,0,0,0,0,0,0,0
12118,0,0,0,0,0,0,0,0,0,0,0,0,0,0,0,0,0,0,0,0,0
12119,0,0,0,0,0,0,0,0,0,0,0,0,0,0,0,0,0,0,0,0,0
12120,5,6,5,5,5,4,5,5,5,5,4,4,4,4,4,5,4,4,4,4,4
12121,0,0,0,0,0,0,0,0,0,0,0,0,0,0,0,0,0,0,0,0,0
12122,45,48,51,49,43,40,37,45,48,51,49,43,40,37,45,48,51,48,43,39,37
12123,0,0,0,1,1,1,0,0,0,0,1,1,1,0,0,0,0,1,1,1,1
12124,6,5,6,5,4,4,4,6,5,6,5,4,4,4,5,5,6,5,4,4,4
12125,8,12,12,10,7,4,5,8,12,12,10,7,4,4,8,12,12,10,7,4,5
12126,5,6,7,6,5,4,4,5,6,6,6,5,4,4,5,6,6,6,5,4,4
12127,1,1,2,1,1,1,1,1,2,2,1,1,1,1,1,2,2,1,1,1,1
12128,0,0,0,0,0,0,0,0,0,0,0,0,0,0,0,0,0,0,0,0,0
12129,1,1,1,1,1,1,1,1,1,1,1,1,1,1,1,1,1,1,1,1,1
12130,0,0,0,0,0,0,0,0,0,0,0,0,0,0,0,0,0,0,0,0,0
12131,0,0,0,0,0,0,0,0,0,0,0,0,0,0,0,0,0,0,0,0,0
12132,0,0,0,0,0,0,0,0,0,0,0,0,0,0,0,0,0,0,0,0,0
12133,0,0,0,0,0,0,0,0,0,0,0,0,0,0,0,0,0,0,0,0,0
12134,0,0,0,0,0,0,0,0,0,0,0,0,0,0,0,0,0,0,0,0,0
12135,5,6,6,7,6,5,5,5,6,6,7,6,5,5,5,6,6,7,6,5,5
12136,0,0,0,0,0,0,0,0,0,0,0,0,0,0,0,0,0,0,0,0,0
12137,3,3,3,3,3,2,2,3,3,3,3,3,2,2,3,3,3,3,3,2,2
12138,0,0,0,0,0,0,0,0,0,0,0,0,0,0,0,0,0,0,0,0,0
12139,1,1,1,1,1,1,1,1,1,1,1,1,1,1,1,1,1,1,1,1,1
12140,0,0,0,0,0,0,0,0,0,0,0,0,0,0,0,0,0,0,0,0,0
12141,13,16,14,15,14,12,13,13,16,14,15,14,12,13,13,16,14,15,14,12,13
12142,1,1,1,1,1,1,1,1,1,1,1,1,1,1,1,1,1,1,1,1,1
12143,40,41,38,34,32,30,32,39,40,37,34,31,29,31,38,40,37,34,31,29,32
12144,3,3,3,3,3,2,3,3,3,3,3,3,2,3,3,3,3,3,3,2,3
12145,10,9,10,10,8,8,9,10,9,9,9,8,8,8,10,9,9,9,8,8,8
12146,0,0,0,0,0,0,0,0,0,0,0,0,0,0,0,0,0,0,0,0,0
12147,0,0,0,0,0,0,0,0,0,0,0,0,0,0,0,0,0,0,0,0,0
12148,0,0,0,0,0,0,0,0,0,0,0,0,0,0,0,0,0,0,0,0,0
12149,0,0,0,0,0,0,0,1,1,1,1,1,1,1,1,1,2,2,2,2,2
12150,0,0,0,0,0,0,0,0,0,0,0,0,0,0,0,0,0,0,0,0,0
12151,0,0,0,0,0,0,0,0,0,0,0,0,0,0,0,0,0,0,0,0,0
12152,0,0,1,1,1,1,0,0,0,1,1,1,1,0,0,0,1,1,1,1,0
12153,1,1,1,1,1,1,1,1,1,1,1,1,1,1,1,1,1,1,1,1,1
12154,0,0,0,0,0,0,0,0,0,0,0,0,0,0,0,0,0,0,0,0,0
12155,0,0,0,0,0,0,0,0,0,0,0,0,0,0,0,0,0,0,0,0,0
12156,19,18,17,12,9,9,16,19,18,17,12,9,9,16,19,19,17,12,9,9,16
12157,2,2,3,2,2,2,2,2,2,2,2,2,2,2,2,2,2,2,2,2,2
12158,0,0,0,0,0,0,0,0,0,0,0,0,0,0,0,0,0,0,0,0,0
12159,0,0,0,0,0,0,0,0,0,0,0,0,0,0,0,0,0,0,0,0,0
12160,0,0,0,0,0,0,0,0,0,0,0,0,0,0,0,0,0,0,0,0,0
12161,0,0,0,0,0,0,0,0,0,0,0,0,0,0,0,0,0,0,0,0,0
12162,0,0,0,0,0,0,0,0,0,0,0,0,0,0,0,0,0,0,0,0,0
12163,0,0,0,0,0,0,0,0,0,0,0,0,0,0,0,0,0,0,0,0,0
12164,5,6,6,6,6,5,4,5,6,6,6,6,5,4,5,6,6,6,6,5,5
12165,10,11,11,11,10,9,9,10,11,12,11,10,9,9,11,12,12,11,10,9,9
12166,0,0,0,0,0,0,0,0,0,0,0,0,0,0,0,0,0,0,0,0,0
12167,42,42,40,36,34,34,36,43,42,40,36,34,34,36,43,42,40,36,34,34,36
12168,0,0,0,0,0,0,0,0,0,0,0,0,0,0,0,0,0,0,0,0,0
12169,0,0,0,0,0,0,0,0,0,0,0,0,0,0,0,0,0,0,0,0,0
12170,0,0,0,0,0,0,0,0,0,0,0,0,0,0,0,0,0,0,0,0,0
12171,0,0,0,1,1,0,0,0,0,0,1,1,0,0,0,0,0,1,1,0,0
12172,5,5,6,6,6,4,4,5,5,6,6,6,5,4,5,5,6,6,6,4,4
12173,9,12,13,11,11,9,8,9,12,13,11,11,9,8,9,12,13,11,11,9,8
12174,17,17,17,17,14,11,12,17,17,16,16,13,11,12,17,17,16,16,13,11,12
12175,0,0,0,0,0,0,0,0,0,0,0,0,0,0,0,0,0,0,0,0,0
12176,10,11,10,10,5,5,8,10,11,10,9,4,5,7,10,11,10,9,4,5,7
12177,0,0,0,0,0,0,0,0,0,0,0,0,0,0,0,0,0,0,0,0,0
12178,0,0,0,0,0,0,0,0,0,0,0,0,0,0,0,0,0,0,0,0,0
12179,0,0,0,1,0,0,0,0,0,0,1,0,0,0,0,0,0,1,0,0,0
12180,1,2,1,0,0,0,0,1,2,1,0,0,0,0,1,2,1,0,0,0,0
12181,2,2,2,1,1,2,3,2,2,2,1,1,2,3,2,2,1,1,1,2,3
12182,0,0,0,0,0,0,0,0,0,0,0,0,0,0,0,0,0,0,0,0,0
12183,0,0,0,0,0,0,0,0,0,0,0,0,0,0,0,0,0,0,0,0,0
12184,0,0,0,0,0,0,0,0,0,0,0,0,0,0,0,0,0,0,0,0,0
12185,0,0,0,0,0,0,0,0,0,0,0,0,0,0,0,0,0,0,0,0,0
12186,0,0,0,0,0,0,0,0,0,0,0,0,0,0,0,0,0,0,0,0,0
12187,0,0,0,0,0,0,0,0,0,0,0,0,0,0,0,0,0,0,0,0,0
12188,2,2,2,2,2,2,2,2,2,2,2,2,2,2,2,2,2,2,2,2,2
12189,7,7,7,7,6,6,6,6,7,8,7,6,6,6,7,8,8,8,7,6,7
12190,2,2,3,2,2,2,2,2,2,3,2,2,2,2,2,2,3,3,2,2,2
12191,25,25,23,21,20,19,20,21,22,21,20,19,18,19,20,21,20,18,18,17,18
12192,0,0,0,0,0,0,0,0,0,0,0,0,0,0,0,0,0,0,0,0,0
12193,0,0,0,0,0,0,0,0,0,0,0,0,0,0,0,0,0,0,0,0,0
12194,0,0,0,0,0,0,0,0,0,0,0,0,0,0,0,0,0,0,0,0,0
12195,0,0,0,0,0,0,0,0,0,0,0,0,0,0,0,0,0,0,0,0,0
12196,0,0,1,0,0,0,0,0,0,1,0,0,0,0,0,0,1,0,0,0,0
12197,0,0,0,0,0,0,0,0,0,0,0,0,0,0,0,0,0,0,0,0,0
12198,0,0,0,0,0,0,0,0,0,0,0,0,0,0,0,0,0,0,0,0,0
12199,0,0,0,0,0,0,0,0,0,0,0,0,0,0,0,0,0,0,0,0,0
12200,0,0,0,0,0,0,0,0,0,0,0,0,0,0,0,0,0,0,0,0,0
12201,0,0,0,0,0,0,0,0,0,0,0,0,0,0,0,0,0,0,0,0,0
12202,0,0,0,0,0,0,0,0,0,0,0,0,0,0,0,0,0,0,0,0,0
12203,0,0,0,0,0,0,0,0,0,0,0,0,0,0,0,0,0,0,0,0,0
12204,1,1,0,0,1,1,1,1,1,0,0,1,1,1,1,1,1,0,1,1,1
12205,0,0,0,0,0,0,0,0,0,0,0,0,0,0,0,0,0,0,0,0,0
12206,1,1,1,0,1,1,1,1,1,0,0,1,1,1,1,1,0,0,1,1,1
12207,1,1,1,1,1,0,0,1,1,1,1,1,0,0,1,1,1,1,1,1,0
12208,2,2,2,2,2,1,2,2,2,2,2,2,1,2,2,2,2,2,2,1,2
12209,6,6,5,5,4,3,4,4,4,4,4,4,3,5,7,6,5,4,4,3,4
12210,2,2,2,2,2,2,1,2,2,2,2,2,2,1,2,2,2,2,2,2,1
12211,11,12,11,11,10,10,11,13,14,14,13,11,11,11,11,10,9,9,7,8,9
12212,4,4,5,4,3,4,4,4,5,5,4,3,4,4,4,4,4,4,3,4,4
12213,7,7,6,5,6,6,5,7,7,6,5,6,6,5,7,7,5,5,6,6,5
12214,3,4,4,3,3,3,3,3,4,4,3,3,3,3,3,4,4,3,3,3,3
12215,12,11,11,9,8,8,9,11,11,11,10,9,9,10,12,12,11,9,8,8,9
12216,1,1,0,1,0,1,0,1,1,0,1,0,1,0,1,1,0,1,0,1,0
12217,0,0,0,0,0,0,0,0,0,0,0,0,0,0,0,0,0,0,0,0,0
12218,0,0,0,0,0,0,0,0,0,0,0,0,0,0,0,0,0,0,0,0,0
12219,0,0,0,0,0,0,0,0,0,0,0,0,0,0,0,0,0,0,0,0,0
12220,0,0,0,0,0,0,0,0,0,0,0,0,0,0,0,0,0,0,0,0,0
12221,0,0,0,0,0,0,0,0,0,0,0,0,0,0,0,0,0,0,0,0,0
12222,0,0,0,0,0,0,0,0,0,0,0,0,0,0,0,0,0,0,0,0,0
12223,0,0,0,0,0,0,0,0,0,0,0,0,0,0,0,0,0,0,0,0,0
12224,0,1,1,1,1,1,1,0,0,0,0,0,0,0,0,0,0,0,0,0,0
12225,0,0,0,0,0,0,0,0,0,0,0,0,0,0,0,0,0,0,0,0,0
12226,0,0,0,0,0,0,0,0,0,0,0,0,0,0,0,0,0,0,0,0,0
12227,0,0,0,0,0,0,0,0,0,0,0,0,0,0,0,0,0,0,0,0,0
12228,0,0,0,0,0,0,0,0,0,0,0,0,0,0,0,0,0,0,0,0,0
12229,1,1,1,1,1,2,2,1,1,1,1,1,2,2,1,1,1,1,1,2,2
12230,0,0,0,0,0,0,0,0,0,0,0,0,0,0,0,1,0,0,0,0,0
12231,51,55,57,50,44,38,41,51,55,57,50,44,38,41,51,55,57,50,44,38,41
12232,0,0,0,0,0,0,0,0,0,0,0,0,0,0,0,0,0,0,0,0,0
12233,0,0,0,0,0,0,0,0,0,0,0,0,0,0,1,0,0,0,0,0,0
12234,1,1,1,0,0,0,1,1,1,1,1,1,1,1,1,1,0,0,0,0,0
12235,1,1,1,1,1,1,1,1,1,1,1,1,1,1,1,1,1,1,1,1,1
12236,4,4,4,4,4,4,3,4,4,4,5,4,4,4,4,4,4,4,4,4,3
12237,3,3,3,3,3,3,2,3,3,3,3,3,3,2,3,3,3,3,3,3,2
12238,0,0,0,0,0,1,0,0,0,0,0,0,1,0,0,0,0,0,0,1,0
12239,2,2,0,0,1,2,2,2,2,0,0,2,2,2,2,2,1,1,2,3,3
12240,7,7,6,6,5,5,4,6,7,6,5,5,4,4,6,7,5,5,5,4,4
12241,0,0,0,0,0,0,0,0,0,0,0,0,0,0,0,0,0,0,0,0,0
12242,0,0,0,0,0,0,0,0,0,0,0,0,0,0,0,0,0,0,0,0,0
12243,42,47,44,42,38,33,36,44,48,44,41,36,32,37,42,44,40,37,32,30,33
12244,4,6,6,7,4,1,2,3,6,6,7,5,1,2,3,4,6,7,5,2,2
12245,2,2,2,4,4,4,3,4,3,2,3,3,3,1,2,2,2,3,3,3,2
12246,0,0,0,0,0,0,0,0,0,0,0,0,0,0,0,0,0,0,0,0,0
12247,0,0,0,0,0,0,0,0,0,0,0,0,0,0,0,0,0,1,1,1,1
12248,6,5,4,4,3,3,3,4,4,4,4,3,4,4,5,4,4,4,3,4,4
12249,94,103,110,89,83,82,76,94,103,110,90,83,82,76,95,104,110,90,83,82,76
12250,2,2,2,1,0,1,1,2,2,2,1,0,1,1,2,2,2,1,0,1,1
12251,6,6,6,6,5,4,4,4,5,5,5,5,3,4,4,5,6,5,5,4,5
12252,5,5,5,5,4,3,3,4,4,5,5,4,3,3,4,4,5,5,4,4,4
12253,2,2,3,3,3,2,2,2,2,3,3,3,2,2,2,2,3,3,3,2,2
12254,5,5,5,4,4,4,4,4,4,5,4,4,4,4,4,4,5,4,4,4,4
12255,18,18,19,18,15,16,19,17,17,19,18,15,16,19,18,18,21,19,16,17,21
12256,18,15,21,21,20,15,15,16,13,20,21,20,14,15,15,13,20,21,20,15,16
12257,56,55,58,54,55,53,52,54,51,54,48,49,47,47,50,49,54,50,53,53,53
12258,0,0,0,0,0,0,0,0,0,0,0,0,0,0,0,0,0,0,0,0,0
12259,7,7,8,7,6,5,5,5,6,7,6,6,5,4,5,5,6,6,5,5,4
12260,12,13,13,12,11,8,9,10,11,13,12,10,8,8,9,11,12,11,10,8,9
12261,32,30,32,31,26,26,29,33,31,32,30,25,25,28,31,29,30,29,24,25,28
12262,6,4,3,2,2,2,3,3,3,3,3,2,2,3,4,3,3,3,3,3,4
12263,0,0,0,0,0,0,0,0,0,0,0,0,0,0,0,0,0,0,0,0,0
12264,2,2,2,1,1,1,1,1,1,1,1,1,1,1,2,2,1,1,1,1,1
12265,4,4,4,3,2,3,3,4,4,3,3,2,3,3,4,4,3,3,2,3,3
12266,3,2,2,2,2,2,2,3,2,2,2,2,2,2,3,2,2,2,2,2,2
12267,3,3,2,2,2,2,2,2,2,2,2,2,2,2,2,3,2,2,2,2,2
12268,3,3,3,3,2,2,3,2,3,3,3,2,2,2,2,3,3,2,2,2,2
12269,0,0,1,1,1,1,1,1,1,1,1,1,1,1,1,1,1,1,1,1,1
12270,0,0,0,0,0,0,0,0,0,0,0,0,0,0,0,0,0,0,0,0,0
12271,0,0,0,0,0,0,0,0,0,0,0,0,0,0,0,0,0,0,0,0,0
12272,0,0,0,0,0,0,0,0,0,0,0,0,0,0,0,0,0,0,0,0,0
12273,0,0,0,0,0,0,0,0,0,0,0,0,0,0,0,0,0,0,0,0,0
12274,0,1,1,0,0,0,0,0,1,1,0,0,0,0,0,1,1,0,0,0,0
12275,0,0,0,0,0,0,0,0,0,0,0,0,0,0,0,0,0,0,0,0,0
12276,1,1,1,1,1,1,1,1,1,1,1,1,1,1,1,1,1,1,1,1,1
12277,0,0,0,0,0,0,0,0,0,0,0,0,0,0,0,0,0,0,0,0,0
12278,0,1,1,1,1,1,0,0,1,1,1,1,1,0,0,1,1,1,1,1,0
12279,1,1,1,1,0,0,1,1,1,1,1,0,0,1,1,1,1,1,0,0,1
12280,34,44,57,58,55,44,43,34,43,56,58,55,44,43,34,43,56,58,55,44,43
12281,27,30,40,37,37,29,25,27,30,40,37,37,29,25,27,30,40,37,37,29,25
12282,12,13,9,6,4,4,5,8,15,16,10,7,6,7,10,14,14,11,8,8,9
12283,3,0,0,3,3,4,3,3,0,0,3,3,4,3,3,0,0,3,3,4,3
12284,107,144,178,212,177,137,106,107,144,178,212,177,137,106,107,144,178,212,177,137,106
12285,705,784,913,841,733,622,524,705,784,912,841,732,622,524,705,784,912,840,732,622,524
12286,736,823,933,860,769,674,608,766,818,905,823,725,619,550,716,791,900,830,746,636,553
12287,4,7,7,9,7,4,3,6,8,7,9,7,5,9,20,16,10,10,8,5,6
12288,0,0,0,0,0,0,0,0,0,0,0,0,0,0,0,0,0,0,0,0,0
12289,6,5,5,4,4,5,6,6,5,5,4,4,5,6,6,5,5,4,4,5,6
12290,2,2,2,2,2,2,2,2,2,2,2,2,2,2,3,3,2,2,2,2,2
12291,105,97,92,79,71,66,82,110,108,104,87,76,73,92,108,90,78,61,55,55,75
12292,2,2,2,2,2,2,2,2,2,2,2,2,2,2,2,2,2,2,2,1,2
12293,1,1,1,1,1,1,1,1,1,1,1,1,1,1,1,1,1,1,1,1,1
12294,10,11,9,9,9,9,10,11,11,9,9,9,9,10,10,11,9,9,9,9,10
12295,2,2,2,1,1,1,1,1,1,2,1,1,1,1,2,2,2,1,1,1,1
12296,6,4,3,2,2,2,3,4,4,3,3,2,3,3,4,4,3,3,2,3,4
12297,2,2,2,3,2,2,2,2,2,2,3,2,2,2,2,2,2,3,2,2,2
12298,6,6,6,6,5,5,5,6,6,6,6,5,5,5,6,6,6,6,5,5,5
12299,296,270,284,254,250,244,269,340,342,363,308,273,262,291,324,271,268,221,208,211,250
12300,37,35,27,23,24,28,33,40,47,33,25,25,30,42,54,47,33,26,27,31,36
12301,16,10,6,4,4,4,7,17,14,8,5,4,5,10,18,10,7,5,5,6,10
12302,41,37,30,34,33,33,36,41,36,29,33,33,32,36,41,36,29,33,33,32,36
12303,1,0,1,0,0,0,0,1,0,1,0,0,0,0,1,0,1,1,0,0,0
12304,171,195,200,229,191,172,154,195,233,238,257,206,181,160,191,218,222,248,211,203,182
12305,0,0,0,0,0,0,0,0,0,0,0,0,0,0,0,0,0,0,0,0,0
12306,62,75,59,53,41,39,50,62,75,59,53,41,38,50,62,75,59,53,41,38,50
12307,0,0,0,0,0,0,0,0,0,0,0,0,0,0,0,1,0,0,0,0,0
12308,61,68,71,91,73,69,58,61,68,71,91,73,69,58,61,68,71,91,73,69,58
12309,0,0,0,0,0,0,0,0,0,0,0,0,0,0,0,0,0,0,0,0,0
12310,0,0,0,0,0,0,0,0,0,0,0,0,0,0,0,0,0,0,0,0,0
12311,1,1,0,0,1,0,1,1,1,0,0,1,0,1,1,1,0,0,1,0,1
12312,0,0,0,0,0,0,0,0,0,0,0,0,0,0,0,0,0,0,0,0,0
12313,0,0,0,0,0,0,0,0,0,0,0,0,0,0,0,0,0,0,0,0,0
12314,0,0,0,0,0,0,0,0,0,0,0,0,0,0,0,0,0,0,0,0,0
12315,0,0,0,0,0,0,0,0,0,0,0,0,0,0,0,0,0,0,0,0,0
12316,0,0,0,0,0,0,0,0,0,0,0,0,0,0,0,0,0,0,0,0,0
12317,0,0,0,0,0,0,0,0,0,0,0,0,0,0,0,0,0,0,0,0,0
12318,0,0,0,0,0,0,0,0,0,0,0,0,0,0,0,0,0,0,0,0,0
12319,0,0,0,0,0,0,0,0,0,0,0,0,0,0,0,0,0,0,0,0,0
12320,0,0,0,0,0,0,0,0,0,0,0,0,0,0,0,0,0,0,0,0,0
12321,0,7,8,5,5,0,0,0,7,8,5,5,0,0,0,7,8,5,5,0,0
12322,0,0,0,0,0,0,0,0,0,0,0,0,0,0,0,0,0,0,0,0,0
12323,0,0,0,0,0,0,0,0,0,0,0,0,0,0,0,0,0,0,0,0,0
12324,1,1,2,2,2,2,2,3,6,8,7,6,6,7,8,7,4,1,0,0,0
12325,0,0,0,0,0,0,0,0,0,0,0,0,0,0,0,0,0,0,0,0,0
12326,0,0,0,0,0,0,0,0,0,0,0,0,0,0,0,0,0,0,0,0,0
12327,0,0,0,0,0,0,0,0,0,0,0,0,0,0,0,0,0,0,0,0,0
12328,31,1,0,0,0,0,1,31,1,0,0,0,0,1,31,1,0,0,0,0,1
12329,6,3,10,8,7,0,3,6,3,10,8,7,0,3,6,3,10,8,7,0,3
12330,0,0,0,0,0,0,0,0,0,0,0,0,0,0,0,0,0,0,0,0,0
12331,0,0,0,0,0,0,0,0,0,0,0,0,0,0,0,0,0,0,0,0,0
12332,17,17,17,28,8,2,13,17,17,17,28,8,2,13,17,17,17,28,8,2,13
12333,0,0,0,0,3,3,2,0,0,0,0,3,3,2,0,0,0,0,3,3,2
12334,694,776,876,724,639,587,546,694,776,876,724,639,587,545,694,776,876,724,638,587,545
12335,690,700,825,487,402,624,591,753,758,838,484,404,630,597,759,765,811,460,408,679,673
12336,767,873,957,523,419,639,603,762,898,996,562,435,635,592,740,867,949,516,416,652,609
12337,423,498,528,481,428,351,359,510,682,709,547,409,307,301,430,564,608,534,441,351,341
12338,154,159,152,146,118,98,108,149,182,185,170,129,107,119,145,152,148,140,112,99,105
12339,73,86,107,105,104,103,90,83,85,93,81,72,70,72,89,101,111,101,96,88,68
12340,59,59,50,68,61,50,44,50,48,37,52,43,35,38,53,56,46,60,52,47,39
12341,40,43,51,55,57,51,51,58,50,39,32,30,30,48,84,84,52,36,33,35,41
12342,121,121,134,134,136,118,123,134,150,168,156,143,111,98,92,100,124,127,125,111,117
12343,0,0,0,0,0,0,0,0,0,0,0,0,0,0,0,0,0,0,0,0,0
12344,14,12,4,1,5,5,14,14,12,4,1,4,5,14,14,12,4,1,4,5,14
12345,26,26,24,18,19,33,28,26,26,24,18,19,33,28,26,26,24,18,19,32,28
12346,9,14,11,29,24,5,6,9,14,11,29,24,5,6,9,14,11,29,24,5,6
12347,222,223,239,218,186,172,182,231,279,299,257,206,181,185,220,263,291,271,254,259,249
12348,138,151,147,141,128,121,128,144,153,139,123,106,104,127,131,131,134,135,132,129,123
12349,46,48,47,47,47,47,55,84,94,81,58,34,21,27,59,78,71,61,52,53,50
12350,98,94,94,75,70,71,79,98,94,94,75,70,71,79,98,94,94,75,70,71,79
12351,38,40,38,44,48,43,30,23,19,14,13,12,12,11,19,22,22,17,13,12,12
12352,105,95,83,85,84,80,84,98,99,85,76,65,63,75,98,94,77,68,60,60,68
12353,9,1,0,4,0,0,0,9,1,0,4,0,0,0,9,1,0,4,0,0,0
12354,0,3,0,0,0,0,0,0,3,0,0,0,0,0,0,3,0,0,0,0,0
12355,3,2,2,0,0,4,2,3,2,2,0,0,4,2,3,2,2,0,0,4,2
12356,0,0,0,0,0,0,0,0,0,0,0,0,0,0,0,0,0,0,0,0,0
12357,4,5,5,1,1,5,4,4,4,4,0,0,5,4,4,4,4,0,0,5,4
12358,0,0,0,0,0,0,0,0,0,0,1,7,20,18,5,0,0,0,0,0,0
12359,0,0,0,0,0,0,0,0,0,0,0,0,0,0,0,0,0,0,0,0,0
12360,0,0,0,0,0,0,0,0,0,0,0,0,0,0,0,0,0,0,0,0,0
12361,0,0,0,2,0,0,0,0,0,0,2,0,0,0,0,0,0,2,0,0,0
12362,0,0,0,0,0,0,0,0,0,0,0,0,0,0,0,0,0,0,0,0,0
12363,0,0,0,0,0,0,0,0,0,0,0,0,0,0,0,0,0,0,0,0,0
12364,633,732,764,17,34,377,358,633,732,764,17,34,377,358,633,732,764,17,34,377,358
12365,0,0,0,0,0,0,0,0,0,0,0,0,0,0,0,0,0,0,0,0,0
12366,8,9,9,8,8,6,6,8,9,9,8,7,6,6,8,9,9,8,7,6,6
12367,1,1,1,1,1,1,1,1,1,1,1,1,1,1,1,1,1,1,1,1,1
12368,5,6,6,6,6,5,4,5,6,6,6,6,5,5,6,6,6,6,6,5,5
12369,1,1,1,1,1,1,1,1,1,1,1,1,1,1,1,1,1,1,1,1,1
12370,2,3,3,3,2,2,2,3,3,3,3,2,2,2,2,3,3,3,2,2,2
12371,0,0,0,0,0,0,0,0,0,0,0,0,0,0,0,0,0,0,0,0,0
12372,5,5,5,5,5,4,4,5,5,5,5,4,4,4,5,5,5,5,4,4,4
12373,2,2,2,1,1,1,1,2,2,2,1,1,1,1,2,2,2,1,1,1,1
12374,6,8,7,7,6,6,5,6,8,6,6,6,5,5,6,8,6,6,6,5,5
12375,25,25,24,23,22,21,22,25,27,27,25,24,23,25,27,27,26,25,23,23,24
12376,37,42,42,38,33,28,27,38,43,43,38,33,28,27,38,43,43,38,33,28,27
12377,7,6,6,6,6,6,6,7,6,6,6,6,6,6,7,6,6,6,6,6,6
12378,1,1,1,1,1,1,1,1,1,1,1,1,1,1,1,1,1,1,1,1,1
12379,1,1,1,1,1,0,1,1,1,1,1,1,0,1,1,1,1,1,1,0,1
12380,0,0,0,0,0,0,0,0,0,0,0,0,0,0,0,0,0,0,0,0,0
12381,0,0,0,0,0,0,0,0,0,0,0,0,0,0,0,0,0,0,0,0,0
12382,0,0,0,0,0,0,0,0,0,0,0,0,0,0,0,0,0,0,0,0,0
12383,0,0,0,0,0,0,0,0,0,0,0,0,0,0,0,0,0,0,0,0,0
12384,0,0,0,0,0,0,0,0,0,0,0,0,0,0,0,0,0,0,0,0,0
12385,0,0,0,0,0,0,0,0,0,0,0,0,0,0,0,0,0,0,0,0,0
12386,0,0,0,0,0,0,0,0,0,0,0,0,0,0,0,0,0,0,0,0,0
12387,0,0,0,0,0,0,0,0,0,0,0,0,0,0,0,0,0,0,0,0,0
12388,0,0,0,0,0,0,0,0,0,0,0,0,0,0,0,0,0,0,0,0,0
12389,0,0,0,0,0,0,0,0,0,0,0,0,0,0,0,0,0,0,0,0,0
12390,14,16,18,19,17,14,13,14,16,18,19,17,13,13,14,16,17,18,16,13,13
12391,27,31,30,27,24,22,24,31,39,40,35,29,28,29,29,29,28,22,16,17,19
12392,21,24,26,23,19,17,17,22,28,31,27,22,19,18,21,24,27,25,21,18,16
12393,0,0,0,0,0,0,0,0,1,1,0,0,0,0,1,1,0,0,0,0,0
12394,2,2,2,2,1,1,2,2,2,2,1,1,1,1,1,1,1,1,1,1,1
12395,1,1,1,1,1,1,1,1,1,1,1,1,1,1,1,1,1,1,1,1,1
12396,1,1,1,1,1,1,1,1,2,1,1,1,1,1,1,2,1,1,1,1,1
12397,0,0,0,0,0,0,1,0,0,0,0,0,0,1,0,0,0,0,0,0,1
12398,0,0,0,0,0,0,0,0,0,0,0,0,0,0,0,0,0,0,0,0,0
12399,0,0,0,0,0,0,0,0,0,0,0,0,0,0,0,0,0,1,0,0,0
12400,0,0,0,0,0,0,0,0,0,0,0,0,0,0,0,0,0,0,0,0,0
12401,2,2,1,1,1,1,1,1,1,1,0,0,1,1,2,2,1,1,1,1,1
12402,0,0,0,0,0,0,0,0,0,0,0,0,0,0,0,0,0,0,0,0,0
12403,0,1,1,1,1,1,1,1,1,1,1,1,1,1,1,1,1,1,1,1,1
12404,15,20,25,27,20,15,14,15,20,24,26,19,15,14,16,21,25,26,19,16,15
12405,7,8,10,9,9,7,7,7,8,10,9,9,7,7,7,9,10,9,9,7,7
12406,6,6,4,7,6,5,4,6,6,4,7,6,5,4,6,6,4,7,6,5,4
12407,0,0,0,0,0,0,0,0,0,0,0,0,0,0,0,0,0,0,0,0,0
12408,0,0,0,0,0,0,0,0,0,0,0,0,0,0,0,0,0,0,0,0,0
12409,1,0,0,0,0,0,0,1,0,0,0,0,0,0,1,0,0,0,0,0,0
12410,0,0,0,0,0,0,0,0,0,0,0,0,0,0,0,0,0,0,0,0,0
12411,1,1,1,1,1,1,1,1,1,2,2,2,2,1,2,2,2,2,2,2,2
12412,2,2,2,2,2,2,2,2,2,2,2,2,2,2,2,2,2,2,2,2,2
12413,10,11,10,10,10,11,11,10,11,10,10,10,10,11,10,10,10,10,10,10,11
12414,21,21,19,18,17,16,18,22,24,22,20,17,16,17,20,20,18,17,16,16,18
12415,4,4,3,3,1,1,1,4,4,3,3,1,1,1,4,4,3,3,1,1,1
12416,7,7,8,34,33,28,5,6,7,8,34,33,28,5,7,7,9,34,34,28,6
12417,7,8,10,9,7,7,6,7,8,10,10,8,7,6,7,8,10,10,8,7,7
12418,0,1,1,1,1,0,0,0,1,1,1,1,0,0,0,1,1,1,1,0,0
12419,4,3,3,2,3,2,3,4,2,3,2,2,2,3,3,2,3,2,2,2,3
12420,0,0,0,0,0,0,0,0,0,0,0,0,0,0,0,0,0,0,0,0,0
12421,0,0,0,0,0,0,0,0,0,0,0,0,0,0,0,0,0,0,0,0,0
12422,2,2,2,2,2,2,2,2,2,2,2,2,2,2,2,2,2,2,2,2,2
12423,34,37,39,37,34,31,32,35,37,39,37,34,31,31,34,37,39,37,34,31,32
12424,304,323,373,354,301,282,249,306,330,383,363,308,287,253,307,326,374,352,298,280,246
12425,5,6,6,6,5,4,5,5,6,6,6,5,4,5,5,6,6,6,5,4,5
12426,16,22,20,18,15,16,15,16,22,20,18,15,16,15,16,22,20,18,15,16,15
12427,709,772,876,801,703,594,546,709,771,876,801,702,594,546,709,773,879,805,706,599,552
12428,1,2,2,2,2,1,1,1,2,2,2,2,1,1,1,2,2,2,2,1,1
12429,16,19,18,16,14,12,13,16,19,18,16,14,12,13,16,19,18,16,14,12,14
12430,26,28,27,24,22,20,19,25,27,27,24,22,20,20,25,27,27,24,22,20,20
12431,10,13,11,10,8,8,7,10,13,11,10,8,8,7,10,13,11,10,8,8,7
12432,15,19,18,16,14,14,15,15,19,18,16,14,14,15,15,19,18,16,14,14,15
12433,86,95,94,86,74,66,69,88,98,97,88,75,67,70,89,99,96,87,74,66,68
12434,22,21,22,20,18,19,23,22,22,22,20,18,19,22,22,21,22,20,18,19,22
12435,50,58,71,62,56,40,40,49,58,70,62,56,40,41,50,58,71,63,56,40,41
12436,1,1,1,1,1,1,1,1,1,1,1,0,0,0,1,1,1,1,0,0,0
12437,16,17,17,18,16,14,13,15,18,19,20,17,17,16,17,18,19,19,17,16,15
12438,1,1,1,1,1,1,0,1,1,1,1,1,1,0,1,1,1,1,1,1,0
12439,96,100,102,92,88,78,80,93,99,104,93,87,76,80,94,99,104,93,88,78,81
12440,35,41,41,39,37,32,34,40,44,41,36,32,29,33,36,37,36,32,30,29,29
12441,3,3,3,3,3,2,2,3,3,3,3,3,2,2,3,3,3,3,3,2,2
12442,228,247,240,187,169,156,164,190,220,250,216,198,185,195,217,232,250,211,197,187,195
12443,3,4,4,4,3,3,3,3,4,4,4,3,3,3,3,4,4,4,3,3,3
12444,7,6,6,5,5,4,4,6,6,6,5,5,4,4,6,6,6,5,5,4,4
12445,1,1,1,1,1,1,1,1,1,1,1,1,1,1,1,1,1,1,1,1,1
12446,4,5,5,5,4,3,3,4,5,5,5,4,3,3,4,5,5,5,4,3,3
12447,1,1,1,1,1,1,1,1,1,1,1,1,1,1,1,1,1,1,1,1,1
12448,1,1,1,1,1,1,1,1,1,1,1,1,1,1,1,1,1,1,1,1,1
12449,0,0,0,0,0,0,0,0,0,0,0,0,0,0,0,0,0,0,0,0,0
12450,0,0,0,0,0,0,0,0,0,0,0,0,0,0,0,0,0,0,0,0,0
12451,0,0,0,0,0,0,0,0,0,0,0,0,0,0,0,0,0,0,0,0,0
12452,0,0,0,0,0,0,0,0,0,0,0,0,0,0,0,0,0,0,0,0,0
12453,0,0,0,0,0,0,0,0,0,0,0,0,0,0,0,0,0,0,0,0,0
12454,0,0,0,0,0,0,0,0,0,0,0,0,0,0,0,0,0,0,0,0,0
12455,1,1,1,1,1,1,0,1,1,0,0,0,1,1,1,1,1,1,1,1,1
12456,0,0,0,0,0,0,0,0,0,0,0,0,0,0,0,0,0,0,0,0,0
12457,0,0,0,0,0,0,0,0,0,0,0,0,0,0,0,0,0,0,0,0,0
12458,0,0,0,0,0,0,0,0,0,0,0,0,0,0,0,0,0,0,0,0,0
12459,1,1,1,1,1,1,1,1,1,1,0,1,1,1,1,1,1,1,1,1,1
12460,6,5,3,3,2,2,2,2,2,2,2,2,2,2,3,4,4,4,4,4,5
12461,0,0,0,0,0,0,0,0,0,0,0,0,0,0,0,0,0,0,0,0,0
12462,2,3,3,2,2,2,2,3,3,3,2,2,2,2,2,3,3,2,2,1,1
12463,1,1,0,0,0,0,1,0,1,0,0,0,0,1,0,1,0,0,0,0,1
12464,3,4,3,3,2,2,2,3,3,3,3,2,2,2,3,4,3,3,2,2,2
12465,1,2,3,3,3,3,1,1,2,3,3,3,3,1,1,2,3,3,3,3,1
12466,14,14,11,8,8,8,13,14,14,11,8,8,8,12,14,14,11,8,8,8,12
12467,0,0,0,0,0,0,0,0,0,0,0,0,0,0,0,0,0,0,0,0,0
12468,0,0,0,0,0,0,0,0,0,0,0,0,0,0,0,0,0,0,0,0,0
12469,1,1,1,1,1,1,1,1,1,1,1,1,1,1,1,1,1,1,1,1,1
12470,2,3,5,3,2,2,1,2,3,5,3,2,2,1,2,3,5,3,2,2,1
12471,0,0,0,0,0,0,0,0,0,0,0,0,0,0,0,0,0,0,0,0,0
12472,3,3,3,2,2,2,1,2,3,3,2,2,2,2,3,3,3,2,2,2,2
12473,18,18,16,14,12,11,12,16,17,17,15,13,12,12,14,14,14,13,12,12,13
12474,13,13,12,11,9,7,7,9,10,11,11,10,9,10,11,11,11,11,9,8,9
12475,9,11,11,11,7,7,7,10,12,13,12,8,7,7,8,9,11,11,7,7,7
12476,3,4,4,4,3,3,3,4,5,5,4,4,3,3,4,5,5,5,4,4,4
12477,1,1,1,2,1,1,1,1,1,1,1,1,1,1,2,1,1,1,1,1,1
12478,3,4,4,4,3,2,3,3,4,4,4,3,2,3,4,5,5,4,3,2,3
12479,0,0,0,0,0,0,0,0,0,0,0,0,0,0,0,0,0,0,0,0,0
12480,0,0,0,0,0,0,0,0,0,0,0,0,0,0,0,0,0,0,0,0,0
12481,0,0,0,0,0,0,0,0,0,0,0,0,0,0,0,0,0,0,0,0,0
12482,0,0,0,1,0,0,0,0,0,0,1,0,0,0,0,0,0,1,0,0,0
12483,1,1,1,1,1,0,1,1,1,1,1,1,0,1,1,1,1,1,1,1,1
12484,0,0,0,0,0,0,0,0,0,0,0,0,0,0,0,0,0,0,0,0,0
12485,24,25,25,23,22,19,20,24,25,25,23,22,19,20,24,25,25,23,22,19,20
12486,3,4,4,3,3,3,3,3,4,4,3,3,3,3,4,4,4,3,3,3,3
12487,5,6,7,6,6,5,5,6,6,7,6,6,5,5,6,6,7,6,5,5,5
12488,0,0,0,0,0,0,0,0,0,0,0,0,0,0,0,0,1,1,1,1,1
12489,0,0,0,0,0,0,0,0,0,0,0,0,0,0,0,0,0,0,0,0,0
12490,0,0,0,0,0,0,0,0,0,0,0,0,0,0,0,0,0,0,0,0,0
12491,274,275,283,272,247,220,248,285,298,309,289,256,234,259,267,259,276,279,270,257,276
12492,0,1,0,0,0,0,0,0,1,0,0,0,0,0,0,1,0,0,0,0,0
12493,2,2,2,1,1,1,1,1,1,1,1,1,1,1,1,1,1,1,1,1,1
12494,7,6,7,5,5,5,5,8,7,9,7,6,7,7,9,7,8,6,5,6,6
12495,45,47,43,40,33,30,37,46,50,45,41,33,30,37,47,49,45,41,34,31,38
12496,69,78,79,81,64,55,56,68,77,79,81,65,55,56,68,77,79,81,64,55,56
12497,101,112,106,95,81,72,83,99,110,107,101,105,113,91,83,91,87,79,77,79,88
12498,1,1,1,1,1,0,1,1,1,1,0,0,0,0,1,1,0,0,0,0,0
12499,22,23,21,19,18,17,18,24,28,28,26,24,23,23,28,28,26,23,21,20,20
12500,15,18,19,17,17,13,14,15,18,19,17,17,12,14,15,18,19,17,16,12,14
12501,0,0,0,0,0,0,0,0,0,0,0,0,0,0,0,0,0,0,0,0,0
12502,0,0,0,0,0,0,0,0,0,0,0,0,0,0,0,0,0,0,0,0,0
12503,0,0,0,0,0,0,0,0,0,0,0,0,0,0,0,0,0,0,0,0,0
12504,0,0,0,0,0,0,0,0,0,0,0,0,0,0,0,0,0,0,0,0,0
12505,0,0,0,0,0,0,0,0,0,0,0,0,0,0,0,0,0,0,0,0,0
12506,0,0,0,0,0,0,0,0,0,0,0,0,0,0,0,0,0,0,0,0,0
12507,0,0,0,0,0,0,0,0,0,0,0,0,0,0,0,0,0,0,0,0,0
12508,2,2,2,2,2,2,3,2,2,2,2,2,2,3,2,2,2,2,2,2,3
12509,0,0,0,0,0,0,0,0,0,0,0,0,0,0,0,0,0,0,0,0,0
12510,0,0,0,0,0,0,0,0,0,0,0,0,0,0,0,0,0,0,0,0,0
12511,1,1,1,1,1,1,1,2,1,2,1,1,1,1,2,2,2,1,1,1,1
12512,0,0,0,0,0,0,0,0,0,0,0,0,0,0,0,0,0,0,0,0,0
12513,0,0,0,0,0,0,0,0,0,0,0,0,0,0,0,0,0,0,0,0,0
12514,0,0,0,0,0,0,0,0,0,0,0,0,0,0,0,0,0,0,0,0,0
12515,0,0,0,0,0,0,0,0,0,0,0,0,0,0,0,0,0,0,0,0,0
12516,48,53,61,64,57,50,52,57,67,75,75,63,56,57,53,55,62,63,55,51,51
12517,25,24,24,27,27,23,21,24,27,30,32,29,25,23,24,24,26,28,27,25,21
12518,238,264,298,291,243,203,169,226,256,289,278,226,193,169,218,237,276,270,224,194,159
12519,2,2,2,2,2,2,2,2,2,2,2,2,1,1,2,2,2,2,2,2,1
12520,73,87,88,84,79,65,60,66,70,73,70,64,54,49,54,56,60,59,54,48,49
12521,0,0,0,0,0,0,0,0,0,1,0,0,0,0,0,0,1,0,0,0,0
12522,0,0,0,0,0,0,0,0,0,0,0,0,0,0,0,0,0,0,0,0,0
12523,0,0,0,0,0,0,0,0,0,0,0,0,0,0,0,0,0,0,0,0,0
12524,0,0,0,0,0,0,0,0,0,0,0,0,0,0,0,0,0,0,0,0,0
12525,8,9,9,8,8,6,6,7,8,9,8,8,6,5,7,8,9,8,8,6,6
12526,4,5,5,4,4,4,4,3,5,5,4,4,4,4,3,5,5,4,4,4,4
12527,2,2,1,1,1,1,1,1,1,1,1,1,1,1,1,1,1,1,1,1,1
12528,0,0,0,0,0,0,0,0,0,0,0,0,0,0,0,0,0,0,0,0,0
12529,37,34,35,35,32,30,31,37,34,35,35,31,29,30,37,34,35,35,31,29,30
12530,2,2,1,1,1,1,1,2,1,1,1,1,2,2,3,2,2,2,2,2,2
12531,5,4,5,4,3,4,3,5,4,5,4,3,4,3,5,4,5,4,3,4,3
12532,0,0,0,0,0,0,0,0,0,0,0,0,0,0,0,0,0,0,0,0,0
12533,2,2,1,1,1,1,1,1,1,1,1,1,1,1,1,1,1,1,1,1,1
12534,1,1,1,1,1,1,1,1,2,1,1,1,1,1,2,2,2,2,1,1,2
12535,0,0,0,0,0,0,0,0,0,0,0,0,0,0,0,0,0,0,0,0,0
12536,0,0,0,0,0,0,0,0,0,0,0,0,0,0,0,0,0,0,0,0,0
12537,1,1,1,1,1,1,1,1,1,1,2,1,1,1,1,1,1,2,1,1,1
12538,14,19,18,13,8,7,8,13,19,18,13,8,7,8,14,19,18,13,8,7,8
12539,3,4,4,4,3,2,2,3,4,4,4,3,2,2,3,4,4,4,3,2,2
12540,3,3,4,4,3,3,2,3,4,4,4,4,3,2,3,3,3,4,3,3,2
12541,0,0,0,0,0,0,0,0,0,0,0,0,0,0,0,0,0,0,0,0,0
12542,0,0,0,0,0,0,0,0,0,0,0,0,0,0,0,0,0,0,0,0,0
12543,0,0,0,0,0,0,0,0,0,0,0,0,0,0,0,0,0,0,0,0,0
12544,0,0,0,0,0,0,0,0,0,0,0,0,0,0,0,0,0,0,0,0,0
12545,0,0,0,0,0,0,0,0,0,0,0,0,0,0,0,0,0,0,0,0,0
12546,0,0,0,0,0,0,0,0,0,0,0,0,0,0,0,0,0,0,0,0,0
12547,34,31,30,27,22,21,20,23,24,26,23,19,20,20,26,26,28,24,20,21,20
12548,14,14,15,15,14,13,13,14,14,15,15,14,13,13,14,14,15,15,14,13,13
12549,42,52,53,48,35,32,29,42,52,53,48,34,32,29,42,52,53,48,34,32,29
12550,22,22,21,20,20,20,19,23,24,22,21,20,20,19,24,25,23,21,20,20,19
12551,9,12,22,9,7,5,9,8,10,21,8,7,5,8,8,10,21,8,7,5,9
12552,3,10,6,10,7,7,6,2,9,5,10,7,7,5,2,9,6,10,7,7,5
12553,16,12,4,2,6,6,4,9,10,4,2,6,6,4,9,11,5,3,7,7,6
12554,17,16,18,17,16,20,20,17,16,18,17,16,20,20,17,16,18,17,16,20,20
12555,19,17,16,13,4,11,14,19,17,16,13,4,11,14,19,17,16,13,4,11,14
12556,12,14,15,20,7,7,7,12,14,15,20,7,7,7,12,14,15,20,7,7,7
12557,42,36,38,24,26,29,40,42,36,38,24,26,29,40,42,36,38,24,26,29,40
12558,40,42,37,27,32,32,33,40,42,37,27,32,32,33,40,42,37,27,32,32,33
12559,49,40,36,34,39,39,49,49,40,36,34,39,39,49,49,41,36,34,39,39,49
12560,4,3,4,6,6,5,4,4,3,4,6,6,5,4,4,3,4,6,6,5,4
12561,1,1,2,2,2,2,2,2,1,1,1,0,0,0,0,0,0,0,0,0,0
12562,0,0,0,0,0,0,0,0,0,0,0,0,0,0,0,0,0,0,0,0,0
12563,3,2,2,2,2,2,2,3,2,2,2,2,2,2,3,2,2,2,2,2,2
12564,0,0,0,0,0,0,0,0,0,0,0,0,0,0,0,0,0,0,0,0,0
12565,9,5,5,12,12,9,10,9,5,5,12,12,9,10,9,5,5,12,12,9,10
12566,0,0,0,1,1,0,0,0,0,0,1,1,0,0,0,0,0,1,1,0,0
12567,1,2,2,2,2,2,1,1,2,2,2,2,2,1,1,2,2,2,2,2,1
12568,6,5,3,3,2,1,2,3,3,1,2,1,1,3,6,4,1,2,1,0,0
12569,0,0,0,0,0,0,0,0,0,0,0,0,0,0,0,0,0,0,0,0,0
12570,0,0,0,0,0,0,0,0,0,0,0,0,0,0,0,0,0,0,0,0,0
12571,0,0,0,0,0,0,0,0,0,0,0,0,0,0,0,0,0,0,0,0,0
12572,0,0,0,0,0,0,0,0,0,0,0,0,0,0,0,0,0,0,0,0,0
12573,0,0,0,0,0,0,0,0,0,0,0,0,0,0,0,0,0,0,0,0,0
12574,3,4,10,2,1,7,7,3,3,7,1,1,9,13,10,4,6,0,1,7,8
12575,0,0,0,0,0,0,0,0,0,0,0,0,0,0,0,0,0,0,0,0,0
12576,0,0,0,0,3,0,3,0,0,0,0,3,0,3,0,0,0,0,3,0,3
12577,0,0,0,0,0,0,0,0,0,0,0,0,0,0,0,0,0,0,0,0,0
12578,0,0,0,0,0,0,0,0,0,0,0,0,0,0,0,0,0,0,0,0,0
12579,0,0,0,0,0,0,0,0,0,0,0,0,0,0,0,0,0,0,0,0,0
12580,1,2,3,2,1,1,2,1,2,3,3,2,1,2,1,3,3,3,1,1,2
12581,2,2,2,2,2,1,2,2,2,2,2,2,1,2,2,2,2,2,1,1,1
12582,0,0,0,0,0,0,0,0,0,0,0,0,0,0,0,0,0,0,0,0,0
12583,0,0,0,0,0,0,0,0,0,0,0,0,0,0,0,0,0,0,0,0,0
12584,0,0,0,0,0,0,0,0,0,0,0,0,0,0,0,0,0,0,0,0,0
12585,1,1,1,1,1,1,1,1,1,1,1,1,1,1,1,1,1,1,1,1,1
12586,29,28,25,24,24,22,25,27,28,27,26,26,24,27,29,28,24,23,22,22,24
12587,5,5,5,4,3,3,4,5,5,5,4,3,3,4,5,5,5,5,4,4,5
12588,9,9,8,7,6,6,6,8,8,8,7,6,6,6,7,8,7,6,6,6,6
12589,1,1,1,1,1,1,1,1,1,1,1,1,1,1,1,1,1,1,1,1,1
12590,1,1,1,1,1,1,1,1,1,1,1,1,1,1,1,1,1,1,1,1,1
12591,0,0,0,0,0,0,0,0,0,0,0,0,0,0,0,0,0,0,0,0,0
12592,25,23,21,21,20,20,22,25,25,24,23,21,21,22,25,25,23,22,21,21,23
12593,18,19,16,14,13,12,15,18,18,16,13,13,12,14,17,18,16,13,13,12,14
12594,12,12,10,9,8,8,9,11,14,14,13,11,10,11,12,12,11,11,10,9,9
12595,2,2,2,2,2,2,2,2,2,2,2,2,2,2,2,2,2,2,2,2,2
12596,4,4,3,2,2,2,4,4,4,3,2,2,2,4,4,4,3,3,2,2,4
12597,1,1,1,1,0,0,0,1,1,1,1,0,0,0,1,1,1,1,0,0,0
12598,1,1,1,1,1,1,1,1,1,1,1,1,1,1,1,1,1,1,1,1,1
12599,2,2,2,2,1,1,1,2,2,2,2,1,1,1,2,2,2,2,1,1,1
12600,2,3,3,3,2,2,2,2,3,3,3,2,2,2,2,3,3,3,2,2,2
12601,0,0,0,0,1,1,1,1,1,1,1,1,1,1,2,2,1,1,2,2,2
12602,0,0,0,0,0,0,0,0,0,0,0,0,0,0,0,0,0,0,0,0,0
12603,0,0,0,0,0,0,0,0,0,0,0,0,0,0,0,0,0,0,0,0,0
12604,1,1,1,1,1,1,1,1,1,1,1,1,1,1,1,1,1,1,1,1,1
12605,0,0,0,0,0,0,0,0,0,0,0,0,0,0,0,0,0,0,0,0,0
12606,0,0,0,0,0,0,0,0,0,0,0,0,0,0,0,0,0,0,0,0,0
12607,0,0,0,0,0,0,0,0,0,0,0,0,0,0,0,0,0,0,0,0,0
12608,0,0,0,0,0,0,0,0,0,0,0,0,0,0,0,0,0,0,0,0,0
12609,0,0,0,0,0,1,1,1,1,0,0,0,0,0,0,0,0,0,0,0,0
12610,0,1,0,0,0,0,0,0,1,0,0,0,0,0,0,1,0,0,0,0,0
12611,1,2,3,4,4,4,4,4,4,4,5,5,4,4,4,4,4,4,4,4,4
12612,1,1,1,1,1,1,1,2,1,1,1,1,1,1,2,1,1,1,1,1,1
12613,0,0,0,0,0,0,0,0,0,0,0,0,0,0,0,0,0,0,0,0,0
12614,0,0,0,0,0,0,0,0,0,0,0,0,0,0,0,0,0,0,0,0,0
12615,0,0,0,0,0,0,0,0,0,0,0,0,0,0,0,0,0,0,0,0,0
12616,0,0,0,0,0,0,0,0,0,0,0,0,0,0,0,0,0,0,0,0,0
12617,0,0,0,0,0,0,0,0,0,0,0,0,0,0,0,0,0,0,0,0,0
12618,0,0,0,0,0,0,0,0,0,0,0,0,0,0,0,0,0,0,0,0,0
12619,1,1,2,2,2,1,1,1,1,2,2,2,1,1,1,1,2,2,2,1,2
12620,4,4,4,5,4,3,2,3,3,3,5,4,3,2,3,4,4,5,4,4,3
12621,1,1,1,1,1,0,1,1,1,1,1,1,0,1,1,1,1,1,1,0,0
12622,37,44,46,46,43,38,38,44,52,52,48,42,38,38,42,48,45,41,37,37,36
12623,5,6,6,6,5,4,4,5,6,6,6,5,4,4,5,5,6,6,5,4,4
12624,5,5,4,4,4,3,3,4,4,4,4,4,3,3,4,4,4,4,4,3,3
12625,5,5,6,5,5,5,4,5,5,6,6,5,5,4,6,6,7,6,5,5,5
12626,28,32,40,38,31,30,23,28,32,41,39,32,30,24,29,34,43,42,34,32,26
12627,8,10,11,9,8,7,7,9,10,11,9,8,7,7,9,10,11,9,8,7,7
12628,5,6,8,7,6,5,5,5,6,8,8,6,5,4,4,6,8,7,6,5,4
12629,6,7,7,7,7,6,6,6,7,7,7,7,6,6,6,7,7,7,7,6,6
12630,2,4,4,4,3,2,2,2,4,4,4,3,3,2,2,4,4,4,3,3,2
12631,3,4,4,4,3,3,3,3,4,4,4,3,3,3,3,4,4,4,3,3,3
12632,1,1,0,0,1,1,1,1,1,0,0,1,1,1,1,1,0,0,1,1,1
12633,23,28,22,21,25,18,15,23,28,22,21,25,18,15,23,29,22,21,25,18,15
12634,0,0,0,0,0,0,0,0,0,0,0,0,0,0,0,0,0,0,0,0,0
12635,0,0,0,0,0,0,0,0,0,0,0,0,0,0,0,0,0,0,0,0,0
12636,2,2,2,1,1,1,1,2,1,2,2,1,1,1,2,2,2,2,1,1,1
12637,5,5,6,5,5,4,5,5,6,6,6,5,4,5,5,5,6,5,5,4,4
12638,2,2,2,2,2,1,1,2,2,2,2,2,1,1,2,2,2,2,2,1,1
12639,4,5,4,4,4,3,4,4,5,4,4,4,3,4,4,5,4,4,4,3,4
12640,6,8,9,7,6,5,4,6,8,9,7,6,5,4,6,8,9,7,6,5,4
12641,1,1,1,1,1,1,1,1,1,1,1,1,1,1,1,1,1,1,1,1,1
12642,3,3,3,3,3,2,2,3,3,3,3,3,2,2,3,3,3,3,3,2,3
12643,0,0,1,1,1,1,0,0,0,1,1,1,1,0,0,0,1,1,1,1,0
12644,1,1,1,1,1,0,1,1,1,1,1,1,0,1,1,1,1,1,1,0,1
12645,2,3,3,2,2,2,2,2,3,3,2,2,2,2,2,3,3,2,2,2,2
12646,6,6,6,6,5,5,5,6,6,6,5,5,5,5,6,6,6,5,5,5,5
12647,10,11,12,12,12,9,9,10,11,12,12,12,9,9,10,11,12,12,12,9,9
12648,0,0,0,0,0,0,0,0,0,0,0,0,0,0,0,0,0,0,0,0,0
12649,0,1,1,1,1,1,1,0,1,0,0,0,0,0,0,1,0,0,0,0,0
12650,315,276,423,438,402,366,349,315,276,422,438,402,365,349,315,276,422,438,402,365,349
12651,15,19,17,17,6,6,14,16,20,17,17,6,6,14,16,20,17,17,6,6,14
12652,133,177,208,197,162,123,112,133,176,206,193,158,123,112,128,157,172,158,130,104,99
12653,58,71,75,69,63,51,43,58,71,75,69,63,51,43,58,71,75,69,63,51,43
12654,121,124,122,92,105,96,100,121,124,122,92,105,96,100,120,123,122,92,105,96,100
12655,16,19,23,47,47,51,37,16,19,23,47,47,51,37,16,19,23,47,47,51,37
12656,9,6,9,14,13,12,12,9,6,9,14,13,12,12,9,6,9,14,13,12,12
12657,32,31,26,20,22,19,31,32,31,26,20,22,18,29,31,30,25,20,21,19,29
12658,23,0,0,0,0,0,0,23,0,0,0,0,0,0,23,0,0,0,0,0,0
12659,24,8,8,13,7,7,14,25,8,8,13,7,7,14,25,8,8,13,7,7,14
12660,0,0,0,0,0,0,0,0,0,0,0,0,0,0,0,0,0,0,0,0,0
12661,0,0,0,0,0,0,0,0,0,0,0,0,0,0,0,0,0,0,0,0,0
12662,0,0,0,0,0,0,0,0,0,0,0,0,0,0,0,0,0,0,0,0,0
12663,0,0,0,0,0,0,0,0,0,0,0,0,0,0,0,0,0,0,0,0,0
12664,17,19,23,20,13,13,14,17,20,24,21,13,13,14,16,19,23,20,12,12,12
12665,0,1,1,1,1,1,1,1,1,1,1,1,1,1,1,1,1,1,1,1,1
12666,0,0,0,0,0,0,0,0,0,0,0,0,0,0,0,0,0,0,0,0,0
12667,1,1,3,4,3,1,1,1,1,3,4,3,1,1,1,1,3,4,3,1,1
12668,33,35,35,31,28,25,27,33,37,38,33,28,24,26,32,35,35,32,27,24,26
12669,0,0,0,0,0,0,0,0,0,0,0,0,0,0,0,0,0,0,0,0,0
12670,2,2,2,2,1,1,2,2,2,2,2,1,1,2,2,2,2,2,1,1,2
12671,0,0,0,0,0,0,0,0,0,0,0,0,0,0,0,0,0,0,0,0,0
12672,5,4,5,4,3,4,4,5,4,5,4,3,4,4,4,4,5,4,3,3,4
12673,0,0,0,0,0,1,1,1,1,0,0,0,1,0,0,1,0,0,0,0,0
12674,0,0,0,0,0,0,0,0,0,0,0,0,0,0,0,0,0,0,0,0,0
12675,0,0,0,0,0,0,0,0,0,0,0,0,0,0,0,0,0,0,0,0,0
12676,0,0,0,0,0,0,0,0,0,0,0,0,0,0,0,0,0,0,0,0,0
12677,0,0,0,0,0,0,0,0,0,0,0,0,0,0,0,0,0,0,0,0,0
12678,0,0,0,0,0,0,0,0,0,0,0,0,0,0,0,0,0,0,0,0,0
12679,0,0,0,0,0,0,0,0,0,0,0,0,0,0,0,0,0,0,0,0,0
12680,1,1,1,1,1,1,1,1,1,1,1,1,1,1,1,1,1,1,1,1,1
12681,0,0,0,0,0,0,0,1,1,1,0,0,0,0,1,1,1,0,0,0,0
12682,0,1,1,1,1,1,0,0,1,1,1,1,0,0,0,1,1,1,1,1,1
12683,3,3,4,4,4,3,2,2,3,4,4,4,3,2,2,3,4,4,4,3,2
12684,27,25,22,20,19,17,17,19,18,18,16,15,13,13,16,17,19,18,17,16,17
12685,1,1,1,1,1,1,1,1,1,1,1,1,1,1,1,1,2,1,1,1,1
12686,0,0,0,0,0,0,0,0,0,0,0,0,0,0,0,0,0,0,0,0,0
12687,1,2,2,2,1,1,1,2,2,2,2,1,1,1,2,2,2,2,1,1,1
12688,28,29,29,25,22,18,19,24,27,29,25,22,19,20,24,25,26,22,20,17,18
12689,3,3,2,2,2,2,3,3,4,4,3,3,3,3,3,3,3,2,2,3,3
12690,12,11,11,10,8,7,8,10,10,11,10,8,7,8,10,10,11,10,8,7,8
12691,4,4,4,3,3,2,3,3,4,4,3,2,2,2,3,3,3,3,2,1,2
12692,8,10,11,11,8,6,7,8,11,13,12,9,7,8,9,10,10,9,6,5,6
12693,1,1,2,1,1,1,1,1,1,2,1,1,1,1,1,1,2,1,1,1,1
12694,0,0,0,0,0,0,0,0,0,0,0,0,0,0,0,0,0,0,0,0,0
12695,15,17,18,14,12,10,11,15,17,18,14,12,9,11,15,17,18,14,11,9,11
12696,1,0,0,1,1,1,1,1,0,0,1,1,1,1,1,0,0,1,1,1,1
12697,1,1,1,0,0,0,1,1,1,1,1,0,0,1,1,1,1,1,0,0,1
12698,0,0,0,0,0,0,0,0,0,0,0,0,0,0,0,0,0,0,0,0,0
12699,0,0,0,0,0,0,0,0,0,0,0,0,0,0,0,0,0,0,0,0,0
12700,0,0,0,0,0,0,0,0,0,0,0,0,0,0,0,0,0,0,0,0,0
12701,0,0,0,0,0,0,0,0,0,0,0,0,0,0,0,0,0,0,0,0,0
12702,1,2,1,1,1,1,1,1,2,1,1,1,1,1,1,2,1,1,1,1,1
12703,2,2,2,2,1,1,1,2,2,2,2,1,1,1,2,2,2,2,1,1,1
12704,0,0,0,0,0,0,0,0,0,0,0,0,0,0,1,1,0,0,0,0,0
12705,0,0,0,0,0,0,0,0,0,0,0,0,0,0,0,0,0,0,0,0,0
12706,0,0,0,0,0,0,0,0,0,0,0,0,0,0,0,0,0,0,0,0,0
12707,6,6,6,3,3,3,4,5,5,6,4,4,3,4,5,5,7,4,4,4,4
12708,0,0,0,0,0,0,0,0,0,0,0,0,0,0,0,0,0,0,0,0,0
12709,0,0,0,0,0,0,0,0,0,0,0,0,0,0,0,0,0,0,0,0,0
12710,6,5,4,3,3,3,3,3,4,4,4,3,3,4,5,5,4,4,3,4,4
12711,0,0,0,0,0,0,0,0,0,0,0,0,0,0,0,0,0,0,0,0,0
12712,1,2,2,2,2,1,1,1,2,2,2,2,1,1,1,2,2,2,2,1,1
12713,1,1,1,1,1,1,1,1,1,1,1,1,1,1,1,1,1,1,1,1,1
12714,0,0,0,0,0,0,0,0,0,0,0,0,0,0,0,0,0,0,0,0,0
12715,0,0,0,0,0,0,0,0,0,0,0,0,0,0,0,0,0,0,0,0,0
12716,0,0,0,0,0,0,0,0,0,0,0,0,0,0,0,0,0,0,0,0,0
12717,0,0,0,0,0,0,0,0,0,0,0,0,0,0,0,0,0,0,0,0,0
12718,3,4,4,3,2,2,2,3,4,4,3,2,2,3,4,4,4,3,2,2,2
12719,0,0,0,0,0,0,0,0,0,0,0,0,0,0,0,0,0,0,0,0,0
12720,5,6,5,5,6,5,4,5,6,5,5,6,5,4,5,6,5,5,6,5,4
12721,4,7,7,6,6,4,4,4,7,7,5,5,4,4,4,7,7,5,5,4,4
12722,3,4,3,3,3,2,2,3,4,3,3,3,2,2,3,4,3,3,3,2,2
12723,0,0,0,0,0,0,0,0,0,0,0,0,0,0,0,0,0,0,0,0,0
12724,0,0,0,0,0,0,0,0,0,0,0,0,0,0,0,0,0,0,0,0,0
12725,9,9,8,5,4,5,5,7,8,8,5,4,5,5,7,8,8,5,4,5,5
12726,4,3,2,3,3,2,2,2,2,2,3,3,2,2,3,3,3,3,3,3,3
12727,54,52,46,41,38,42,46,52,49,41,34,29,34,39,46,45,40,34,31,37,42
12728,10,10,10,8,7,7,7,10,10,10,8,7,7,7,11,11,10,9,7,7,7
12729,5,5,5,4,3,4,5,5,5,5,4,3,4,5,5,5,5,4,3,4,5
12730,1,1,1,1,1,1,1,1,1,1,1,1,1,1,2,3,3,3,3,3,2
12731,4,5,4,4,3,3,3,4,5,4,4,3,3,3,4,5,4,4,3,3,3
12732,1,1,0,1,1,1,1,1,0,0,1,1,1,1,1,0,0,1,1,1,1
12733,6,6,7,7,6,5,6,9,10,8,5,3,2,3,5,4,4,4,4,4,5
12734,3,2,2,2,2,2,2,2,3,2,3,2,2,2,3,3,3,3,3,3,4
12735,5,5,4,4,3,2,3,3,4,4,4,3,3,3,4,4,4,4,3,3,4
12736,0,0,0,0,0,0,0,0,0,0,0,0,0,0,0,0,0,0,0,0,0
12737,0,0,0,0,0,0,0,0,0,0,0,0,0,0,0,0,0,0,0,0,0
12738,0,0,0,0,0,0,0,0,0,0,0,0,0,0,0,0,0,0,0,0,0
12739,1,2,2,2,2,1,1,1,2,2,2,2,1,1,1,2,2,2,2,1,1
12740,0,0,0,0,0,0,0,0,0,0,0,0,0,0,0,0,0,0,0,0,0
12741,2,2,1,1,1,1,1,2,2,1,1,1,1,1,2,2,1,1,1,1,1
12742,63,56,56,43,42,43,38,62,55,55,43,42,42,38,62,55,55,43,42,42,38
12743,1,1,1,1,1,1,1,1,1,1,1,1,1,1,1,1,1,1,1,1,1
12744,2,2,2,2,2,2,2,2,2,2,2,2,2,2,2,2,2,2,2,2,2
12745,2,2,2,2,2,2,2,2,2,2,2,2,2,2,2,2,2,2,2,2,2
12746,0,0,0,1,0,0,0,0,0,0,1,0,0,0,0,0,0,1,0,0,0
12747,1,1,1,1,1,1,1,1,1,1,1,1,1,1,1,1,1,1,1,1,1
12748,0,0,0,0,0,0,0,0,0,0,0,0,0,0,0,0,0,0,0,0,0
12749,1,0,0,0,0,0,0,0,0,0,0,0,0,0,0,0,0,0,0,0,0
12750,2,2,1,1,1,1,1,1,1,1,1,1,1,1,1,1,1,1,1,1,1
12751,1,1,1,1,1,0,1,1,1,1,1,1,1,1,1,1,1,1,1,1,1
12752,0,0,0,0,0,0,1,1,1,1,1,2,2,1,1,1,1,1,1,1,1
12753,0,0,0,0,0,0,0,0,0,0,0,0,0,0,0,0,0,0,0,0,0
12754,0,0,0,0,0,0,0,0,0,0,0,0,0,0,0,0,0,0,0,0,0
12755,18,21,23,23,20,17,17,20,24,25,24,21,18,19,21,24,24,23,20,19,18
12756,88,96,97,91,83,71,75,92,104,106,97,86,76,82,94,100,99,90,81,73,75
12757,3,2,3,2,2,2,2,2,2,3,2,2,2,2,2,2,3,2,2,1,1
12758,2,2,1,1,1,1,1,2,2,2,2,1,1,2,2,2,2,1,1,1,1
12759,45,50,50,46,45,38,42,44,50,52,48,47,40,44,46,52,54,50,50,44,48
12760,8,8,6,7,6,5,5,6,7,7,7,7,6,7,8,9,8,8,7,7,8
12761,0,1,1,1,1,1,1,0,1,1,1,1,1,1,0,1,1,1,1,1,1
12762,0,0,0,0,0,0,0,0,0,0,0,0,0,0,0,0,0,0,0,0,0
12763,7,7,6,6,6,5,5,7,7,7,6,5,5,5,6,5,5,4,4,4,5
12764,3,2,2,2,2,2,2,3,2,2,2,2,2,2,3,2,2,2,2,2,2
12765,12,11,10,11,11,11,10,12,12,11,11,11,12,12,8,5,4,4,4,6,7
12766,5,5,5,5,5,5,4,5,5,5,5,5,5,4,5,5,5,5,5,5,4
12767,2,2,2,2,2,2,2,2,2,2,2,2,2,2,2,2,2,2,2,2,2
12768,136,185,174,162,154,158,179,137,186,175,163,154,158,179,138,187,176,163,155,159,181
12769,4,3,3,3,3,3,4,4,3,3,3,3,2,4,4,3,3,3,3,2,4
12770,4,4,2,2,2,2,2,2,3,2,2,2,2,2,2,3,2,2,2,2,2
12771,5,6,5,4,4,4,4,6,6,5,4,4,4,4,6,6,5,4,4,4,4
12772,6,6,6,6,4,4,4,5,6,6,6,4,4,4,5,6,6,5,4,4,4
12773,0,0,0,0,0,0,0,0,0,0,0,0,0,0,0,0,0,0,0,0,0
12774,0,0,0,0,0,0,0,0,0,0,0,0,0,0,0,0,0,0,0,0,0
12775,0,0,0,0,0,0,0,0,0,0,0,0,0,0,0,0,0,0,1,1,1
12776,0,0,0,0,0,0,0,0,0,0,0,0,0,0,0,0,0,0,0,0,0
12777,4,4,4,3,3,2,2,3,4,4,4,3,3,3,3,4,4,4,3,3,3
12778,0,0,0,0,0,0,0,0,0,0,0,0,0,0,0,0,0,0,0,0,0
12779,0,0,0,0,0,0,0,0,0,0,0,0,0,0,0,0,0,0,0,0,0
12780,0,0,0,0,0,0,0,0,0,0,0,0,0,0,0,0,0,0,0,0,0
12781,0,0,0,0,0,0,0,0,0,0,0,0,0,0,0,0,0,0,0,0,0
12782,2,2,2,1,1,1,2,2,2,2,2,2,2,2,2,2,2,1,1,2,2
12783,5,5,4,4,4,3,4,4,5,5,4,4,4,4,5,5,5,4,4,4,4
12784,2,2,3,2,3,2,2,2,2,3,2,2,2,2,2,2,3,3,3,2,2
12785,46,46,45,37,33,36,49,50,53,51,42,37,40,53,55,58,56,47,45,51,61
12786,13,14,13,11,10,9,9,13,14,13,11,10,9,9,13,14,13,11,10,9,9
12787,5,5,5,5,5,4,5,5,6,5,5,5,5,5,5,5,5,5,4,4,4
12788,132,140,129,118,115,111,106,129,141,131,116,109,108,106,117,118,113,106,107,111,102
12789,10,9,9,10,8,8,7,9,8,7,9,8,8,7,9,8,7,9,8,8,7
12790,0,0,0,0,0,0,0,0,0,0,0,0,0,0,0,0,0,0,0,0,0
12791,2,2,2,2,1,1,1,2,2,2,2,1,1,1,2,2,2,2,2,1,1
12792,114,115,102,99,104,100,95,110,103,87,81,84,83,85,103,99,85,85,95,87,77
12793,1,1,1,0,0,0,1,1,1,1,0,0,0,1,1,1,1,0,0,0,1
12794,2,2,0,1,0,1,2,2,2,0,1,0,1,2,2,2,0,1,0,1,2
12795,0,0,0,0,0,0,0,0,0,0,0,0,0,0,0,0,0,0,0,0,0
12796,0,0,0,0,0,0,0,0,0,0,0,0,0,0,0,0,0,0,0,0,0
12797,0,0,0,1,1,1,0,0,0,0,1,1,1,0,0,0,0,1,1,1,0
12798,0,0,0,0,0,0,0,0,0,0,0,0,0,0,0,0,0,0,0,0,0
12799,0,0,0,0,0,0,0,0,0,0,0,0,0,0,0,0,0,0,0,0,0
12800,0,0,0,0,0,0,0,0,0,0,0,0,0,0,0,0,0,0,0,0,0
12801,0,0,0,0,0,0,0,0,0,0,0,0,0,0,0,0,0,0,0,0,0
12802,0,0,0,0,0,0,0,0,0,0,0,0,0,0,0,0,0,0,0,0,0
12803,0,0,0,0,0,0,0,0,0,0,0,0,0,0,0,0,0,0,0,0,0
12804,0,0,0,0,0,0,0,0,0,0,0,0,0,0,0,0,0,0,0,0,0
12805,3,4,4,4,3,3,2,3,4,4,3,3,3,2,3,4,4,3,3,3,2
12806,0,0,0,0,0,0,0,0,0,0,0,0,0,0,0,0,0,0,0,0,0
12807,2,1,1,1,1,1,2,2,1,1,1,1,1,2,2,2,2,1,1,1,2
12808,0,0,0,0,0,0,0,1,0,0,0,0,0,0,1,0,0,0,0,0,0
12809,0,0,0,0,0,0,0,0,0,0,0,0,0,0,0,0,0,0,0,0,0
12810,0,0,0,0,0,0,0,0,0,0,0,0,0,0,0,0,0,0,0,0,0
12811,1,1,0,0,0,0,0,0,0,0,0,0,0,0,0,0,0,0,0,0,0
12812,3,2,2,2,1,1,1,1,2,2,1,1,1,2,2,2,1,1,1,1,2
12813,0,0,0,0,0,0,0,0,0,0,0,0,0,0,0,0,0,0,0,0,0
12814,0,0,0,0,0,0,0,0,0,0,0,0,0,0,0,0,0,0,0,0,0
12815,6,5,5,6,5,5,5,6,5,5,6,5,5,4,6,5,5,6,5,5,4
12816,4,4,4,4,3,3,4,4,4,4,4,3,3,4,4,4,4,4,3,3,4
12817,0,0,0,0,0,0,0,0,0,0,0,0,0,0,0,0,0,0,0,0,0
12818,0,0,0,0,0,0,0,0,0,0,0,0,0,0,0,0,0,0,0,0,0
12819,0,0,0,0,0,0,0,0,0,0,0,0,0,0,0,0,0,0,0,0,0
12820,2,3,2,1,1,1,2,2,3,2,1,1,1,2,2,3,2,1,1,1,2
12821,0,0,0,0,0,0,0,0,0,0,0,0,0,0,0,0,0,0,0,0,0
12822,0,0,0,0,0,0,0,0,0,0,0,0,0,0,0,0,0,0,0,0,0
12823,7,8,8,8,8,8,8,8,9,9,9,9,9,10,10,10,9,8,8,9,9
12824,1,2,1,1,1,1,1,2,2,1,1,1,1,1,2,2,1,1,1,1,1
12825,0,0,0,0,0,0,0,0,0,0,0,0,0,0,0,0,0,0,0,0,0
12826,1,1,1,1,1,0,1,1,1,1,1,1,0,1,1,1,1,1,1,0,1
12827,0,0,0,0,0,0,0,0,0,0,0,0,0,0,0,0,0,0,0,0,0
12828,0,0,0,0,0,0,0,0,0,0,0,0,0,0,0,0,0,0,0,0,0
12829,5,6,5,4,3,3,3,5,6,5,4,3,3,3,5,6,5,4,3,3,3
12830,1,1,1,1,1,1,1,1,1,1,1,1,1,1,1,1,1,1,1,1,1
12831,0,0,0,0,0,0,0,0,0,0,0,0,0,0,0,0,0,0,0,0,0
12832,0,0,0,0,0,0,0,0,0,0,0,0,0,0,0,0,0,0,0,0,0
12833,0,0,0,0,0,0,0,0,0,0,0,0,0,0,0,0,0,0,0,0,0
12834,5,5,6,4,3,3,2,4,5,6,4,3,3,2,4,5,6,4,3,3,2
12835,7,8,7,7,6,6,6,7,8,7,7,6,6,6,7,8,7,7,6,6,6
12836,2,2,1,2,2,2,2,2,2,1,2,2,2,2,2,2,1,2,2,2,2
12837,3,3,4,3,3,3,3,3,3,4,3,3,3,3,3,3,4,3,3,3,3
12838,1,1,1,1,1,1,1,1,1,1,1,1,1,1,1,1,1,1,1,1,1
12839,33,26,24,24,27,29,35,41,42,44,46,47,48,50,40,27,25,25,27,32,36
12840,0,0,0,0,0,0,0,0,0,0,0,0,0,0,0,0,0,0,0,0,0
12841,1,1,1,1,1,1,0,1,1,1,1,1,1,0,1,1,1,1,1,1,1
12842,0,1,1,0,1,0,0,0,1,1,0,1,0,0,0,1,1,1,1,0,0
12843,7,8,9,8,9,9,8,7,8,9,8,9,9,8,7,8,9,8,9,9,8
12844,38,41,45,47,38,31,32,39,41,45,47,38,30,31,38,41,45,46,37,30,31
12845,2,2,2,2,2,2,1,2,2,3,2,2,2,2,2,3,3,3,2,2,2
12846,0,0,0,0,0,0,0,0,0,0,0,0,0,0,0,0,0,0,0,0,0
12847,0,0,0,0,1,1,1,2,2,1,1,1,0,0,0,0,0,0,0,0,0
12848,0,0,0,0,0,0,0,0,0,0,0,0,0,0,0,0,0,0,0,0,0
12849,3,2,2,1,2,2,2,2,1,1,1,1,2,2,3,2,1,1,2,2,2
12850,0,0,0,0,0,0,0,0,0,0,0,0,0,0,0,0,0,0,0,0,0
12851,4,4,4,4,3,3,3,4,4,4,4,3,3,3,4,4,4,4,3,3,3
12852,0,0,0,0,0,0,0,0,0,0,0,0,0,0,0,0,0,0,0,0,0
12853,1,1,1,1,1,1,1,1,1,1,1,1,1,1,1,1,1,1,1,1,1
12854,0,0,0,0,0,0,0,0,0,0,0,0,0,0,0,0,0,0,0,0,0
12855,1,0,0,0,0,0,1,1,0,0,0,0,0,1,1,0,0,0,0,0,1
12856,0,1,1,1,0,0,0,0,1,1,1,0,0,1,0,1,1,1,0,0,1
12857,0,0,1,1,0,0,0,0,0,1,1,0,0,0,0,0,1,1,0,0,0
12858,21,18,14,12,11,10,10,11,11,10,9,9,8,7,8,9,9,9,9,9,9
12859,3,3,3,3,2,2,2,2,3,3,2,2,2,2,2,3,2,2,2,2,2
12860,6,7,6,6,7,6,7,6,7,7,7,7,7,7,6,7,7,7,7,7,7
12861,2,2,3,3,3,2,2,2,2,3,3,3,2,2,2,2,3,3,2,2,2
12862,1,1,1,1,1,1,1,1,1,1,1,1,1,1,1,1,1,1,1,1,1
12863,0,0,0,0,0,0,0,0,0,0,0,0,0,0,0,0,0,0,0,0,0
12864,0,0,0,0,0,0,0,0,0,0,0,0,0,0,0,0,0,0,0,0,0
12865,1,1,2,2,1,1,1,1,1,2,2,1,1,1,1,1,2,2,1,1,1
12866,1,1,1,1,1,1,0,1,1,1,1,1,1,0,1,1,1,1,1,1,0
12867,2,2,2,1,1,1,1,2,2,2,1,1,1,1,2,2,2,1,1,1,1
12868,1,1,1,2,2,1,1,1,1,1,2,2,1,1,1,1,1,2,2,1,1
12869,7,8,7,7,6,5,5,7,7,7,6,5,5,5,6,7,7,6,5,5,5
12870,50,53,52,53,49,45,48,50,53,52,53,49,45,48,50,52,52,53,49,45,48
12871,1,1,1,0,0,1,1,1,1,1,1,0,1,1,1,1,1,1,0,1,1
12872,0,0,0,0,0,0,0,0,0,0,0,0,0,0,0,0,0,0,0,0,0
12873,2,3,3,3,2,2,2,2,3,3,3,2,2,3,5,5,4,3,3,2,3
12874,10,9,8,7,7,6,8,11,12,11,9,8,8,9,12,12,11,10,9,9,9
12875,0,0,0,0,0,0,0,0,0,0,0,0,0,0,0,0,0,0,0,0,0
12876,9,9,8,7,6,6,7,9,12,11,10,9,8,8,10,11,11,10,9,9,9
12877,2,2,2,1,2,1,1,2,2,1,1,1,1,1,2,2,1,1,1,1,1
12878,0,0,0,0,1,2,2,0,0,0,0,1,2,2,0,0,0,0,1,2,2
12879,2,2,2,2,2,1,1,1,2,2,2,2,1,1,2,2,2,2,2,1,1
12880,0,0,0,0,0,0,0,0,0,0,0,0,0,0,0,0,0,0,0,0,0
12881,0,0,1,0,0,0,0,0,0,0,0,0,0,0,0,0,0,0,0,0,0
12882,0,0,0,0,0,0,0,0,0,0,0,0,0,0,0,0,0,0,0,0,0
12883,0,0,0,0,1,1,1,1,1,1,0,0,0,0,0,1,1,1,1,1,1
12884,95,97,109,86,88,68,67,96,104,121,97,97,76,74,98,98,111,87,88,70,71
12885,7,7,8,6,4,4,4,7,7,7,5,4,3,4,7,7,7,5,4,3,4
12886,207,211,227,218,201,167,147,207,211,227,217,200,166,146,207,211,227,217,200,166,146
12887,0,0,0,0,0,0,0,0,0,0,0,0,0,0,0,0,0,0,0,0,0
12888,12,17,17,23,24,18,12,12,17,17,23,24,18,12,12,17,17,23,24,18,12
12889,14,16,17,16,16,14,14,15,16,17,17,16,14,14,15,17,17,17,16,14,14
12890,68,72,71,72,64,59,55,64,70,72,73,65,61,56,60,61,60,62,57,57,56
12891,1,1,1,1,1,1,1,1,1,1,1,1,1,1,1,2,1,1,1,1,1
12892,4,5,5,4,4,3,4,5,5,5,4,3,3,4,4,5,5,4,4,3,4
12893,3,3,3,3,3,3,3,3,3,3,3,3,3,3,3,3,3,3,3,3,3
12894,5,5,4,4,3,3,3,3,4,4,4,3,3,3,4,4,4,4,3,3,4
12895,1,1,1,1,1,1,1,2,2,1,1,1,1,1,1,2,1,1,1,1,1
12896,0,0,0,0,0,0,0,0,0,0,0,0,0,0,0,0,0,0,0,0,0
12897,17,18,19,17,15,14,14,18,22,23,21,19,18,17,21,23,23,20,18,17,16
12898,0,0,0,0,0,0,0,0,0,0,0,0,0,0,0,0,0,0,0,0,0
12899,24,25,25,21,21,20,21,24,25,25,21,21,20,21,24,25,25,21,21,20,21
12900,8,7,8,6,5,7,6,7,6,8,6,5,7,6,7,6,8,6,5,7,6
12901,0,0,0,0,0,0,0,0,0,0,0,0,0,0,0,0,0,0,0,0,0
12902,0,0,0,0,0,0,0,0,0,0,0,0,0,0,0,0,0,0,0,0,0
12903,3,5,4,4,4,3,3,4,5,4,4,3,3,3,4,4,4,4,3,3,3
12904,0,0,0,0,0,0,0,0,0,0,0,0,0,0,0,0,0,0,0,0,0
12905,4,3,3,4,4,4,3,3,3,3,4,3,3,3,3,3,3,4,3,3,2
12906,10,10,9,9,8,7,8,10,10,10,9,8,8,8,10,10,10,9,8,8,8
12907,52,56,48,45,44,47,48,45,49,43,41,40,45,51,46,48,43,42,43,52,53
12908,35,38,36,32,29,28,28,33,34,32,27,24,23,24,32,36,34,30,27,26,27
12909,0,1,0,1,1,1,0,0,1,0,1,1,1,0,0,1,0,1,1,1,0
12910,1,1,1,1,1,0,1,0,1,1,0,1,0,1,1,1,1,1,1,0,1
12911,2,1,1,1,1,1,1,2,1,1,1,1,1,1,2,1,1,1,1,1,1
12912,1,1,1,1,1,1,1,1,1,1,1,1,1,1,1,1,1,1,1,1,1
12913,0,0,0,0,0,0,0,0,0,0,0,0,0,0,0,0,0,0,0,0,0
12914,0,0,0,0,0,0,0,0,0,0,0,0,0,0,0,0,0,0,0,0,0
12915,0,0,0,0,0,0,0,0,0,0,0,0,0,0,0,0,0,0,0,0,0
12916,0,0,0,0,0,0,0,0,0,0,0,0,0,0,0,0,0,0,0,0,0
12917,4,3,2,2,1,1,1,2,1,1,1,1,1,1,2,1,1,1,1,1,1
12918,0,0,0,0,0,0,0,0,0,0,0,0,0,0,0,0,0,0,0,0,0
12919,0,0,0,0,0,0,0,0,0,0,0,0,0,0,0,0,0,0,0,0,0
12920,0,0,0,0,0,0,0,0,0,0,0,0,0,0,0,0,0,0,0,0,0
12921,0,0,0,0,0,0,0,0,0,0,0,0,0,0,0,0,0,0,0,0,0
12922,0,0,1,1,1,1,0,0,0,1,1,1,1,0,0,0,1,1,1,1,0
12923,0,0,0,0,0,1,0,0,0,0,0,0,1,0,0,0,0,0,0,1,0
12924,0,0,0,0,0,0,0,0,0,0,0,0,0,0,0,0,0,0,0,0,0
12925,2,3,3,3,3,3,3,3,3,3,3,3,2,2,2,3,2,3,3,2,2
12926,0,0,0,0,0,0,0,0,0,0,0,0,0,0,0,0,0,0,0,0,0
12927,0,0,0,0,0,0,0,0,0,0,0,0,0,0,0,0,0,0,0,0,0
12928,206,182,169,139,111,122,143,211,184,170,138,110,125,146,201,164,147,114,88,111,147
12929,2,2,2,2,2,2,2,2,2,2,2,2,2,2,2,2,2,2,2,2,2
12930,4,4,5,4,4,4,4,4,5,5,5,4,4,4,5,5,5,4,4,3,4
12931,0,0,1,1,1,0,0,0,0,1,1,1,0,0,0,0,1,1,1,0,0
12932,5,4,3,4,3,3,4,4,4,4,4,3,3,4,6,5,4,4,3,3,4
12933,0,0,0,0,0,0,0,0,0,0,0,0,0,0,0,0,0,0,0,0,0
12934,0,0,0,0,0,0,0,0,0,0,0,0,0,0,0,0,0,0,0,0,0
12935,1,1,1,1,1,0,0,1,1,1,1,1,0,0,1,1,1,1,1,0,0
12936,0,1,1,1,0,0,0,0,1,1,1,0,0,0,0,1,1,1,0,0,0
12937,16,17,16,14,12,10,12,16,17,16,14,12,10,12,15,17,16,14,12,10,12
12938,1,1,1,1,1,1,1,1,1,1,1,1,1,1,1,1,1,1,1,1,1
12939,0,0,0,0,0,0,0,0,0,0,0,0,0,0,0,0,0,0,0,0,0
12940,10,10,9,8,7,9,9,11,10,9,8,7,9,9,10,9,9,7,6,8,8
12941,0,0,0,0,0,0,0,0,0,0,0,0,0,0,0,0,0,0,0,0,0
12942,2,1,1,2,2,3,3,2,1,1,2,2,3,3,2,1,1,2,2,3,3
12943,0,0,0,0,0,0,0,0,0,0,0,0,0,0,0,0,0,0,0,0,0
12944,0,0,0,0,0,0,0,0,0,0,0,0,0,0,0,0,0,0,0,0,0
12945,0,0,0,0,1,1,0,0,0,0,0,1,1,0,0,0,0,0,1,1,0
12946,0,0,0,0,0,0,0,0,0,0,0,0,0,0,0,0,0,0,0,0,0
12947,0,0,0,0,0,0,0,0,0,0,0,0,0,0,0,0,0,0,0,0,0
12948,0,0,0,0,0,0,0,0,0,0,0,0,0,0,0,0,0,0,0,0,0
12949,0,0,0,0,0,0,0,0,0,0,0,0,0,0,0,0,0,0,0,0,0
12950,0,0,0,0,0,0,0,0,0,0,0,0,0,0,0,0,0,0,0,0,0
12951,0,0,0,0,0,0,0,0,0,0,0,0,0,0,0,0,0,0,0,0,0
12952,0,0,0,0,0,0,0,0,0,0,0,0,0,0,0,0,0,0,0,0,0
12953,0,0,0,0,0,0,0,0,0,0,0,0,0,0,0,0,0,0,0,0,0
12954,0,0,0,0,0,0,0,0,0,0,0,0,0,0,0,0,0,0,0,0,0
12955,0,0,0,0,0,0,0,0,0,0,0,0,0,0,0,0,0,0,0,0,0
12956,2,2,2,1,1,1,2,2,2,1,1,1,1,2,2,1,1,1,1,1,2
12957,0,0,0,0,0,0,0,0,0,0,0,0,0,0,0,0,0,0,0,0,0
12958,17,18,19,19,18,16,14,16,18,20,20,18,16,14,15,17,19,19,18,16,14
12959,9,10,10,11,8,7,7,8,9,10,10,8,7,6,8,10,10,11,9,8,8
12960,7,9,9,9,7,6,5,6,8,9,9,7,6,6,7,9,9,9,8,6,7
12961,6,6,6,7,5,5,4,6,6,6,7,5,5,5,6,6,7,7,6,5,5
12962,176,199,200,200,183,148,135,162,190,195,197,181,151,145,157,174,181,189,183,150,131
12963,0,0,0,0,0,0,0,0,0,0,0,0,0,0,0,0,0,0,0,0,0
12964,0,0,0,0,0,0,0,0,0,0,0,0,0,0,0,0,0,0,0,0,0
12965,0,0,0,0,0,0,0,0,0,0,0,0,0,0,0,0,0,0,0,0,0
12966,0,0,0,0,0,0,0,0,0,0,0,0,0,0,0,0,0,0,0,0,0
12967,73,69,71,124,121,70,55,66,65,72,129,136,95,64,54,50,56,115,127,84,65
12968,30,29,24,27,22,20,19,30,28,24,27,22,19,18,30,28,24,27,22,19,18
12969,25,25,24,26,26,22,20,25,25,24,26,26,22,20,25,25,24,26,26,22,20
12970,41,87,84,56,22,14,13,41,87,84,56,22,13,12,41,86,84,56,22,13,12
12971,13,15,12,11,9,8,8,13,14,12,10,9,8,8,13,14,12,10,9,8,8
12972,27,25,31,23,21,25,19,22,22,30,23,21,25,20,23,22,29,22,20,24,18
12973,100,108,99,85,75,65,68,90,106,104,90,79,73,78,83,86,87,78,73,71,69
12974,10,9,9,12,15,12,6,7,7,9,12,15,12,6,8,7,9,12,15,12,6
12975,46,49,54,114,115,102,60,42,43,47,105,104,95,58,38,39,43,101,100,93,51
12976,28,25,11,8,6,7,24,28,25,11,8,6,7,24,28,25,11,8,6,7,24
12977,2,1,1,2,2,3,2,2,1,1,2,3,3,2,2,1,1,2,2,3,2
12978,1,1,1,2,1,1,1,1,1,1,2,1,1,1,1,1,1,2,1,1,1
12979,26,24,31,32,32,27,20,26,28,36,34,30,25,17,20,16,25,24,23,19,9
12980,34,36,35,41,35,31,23,34,37,35,41,34,30,23,34,36,34,41,34,30,23
12981,126,149,135,91,64,62,62,126,148,134,91,64,62,61,125,148,134,91,64,61,61
12982,249,287,347,291,432,417,227,215,261,342,294,428,409,222,213,260,338,287,424,407,219
12983,184,188,192,195,178,164,165,189,180,177,175,154,135,137,175,175,179,183,168,145,138
12984,139,150,149,150,134,119,114,150,170,164,158,139,128,127,148,152,153,156,153,161,148
12985,0,0,0,0,0,0,0,0,0,0,0,0,0,0,0,0,0,0,0,0,0
12986,1,1,2,3,2,2,1,1,1,2,3,2,2,1,1,1,2,3,2,2,1
12987,6,4,4,3,3,3,3,4,3,3,3,3,3,4,5,4,4,4,3,3,4
12988,0,0,0,0,0,0,0,0,0,0,0,0,0,0,0,0,0,0,0,0,0
12989,0,0,0,0,0,0,0,0,0,0,0,0,0,0,0,0,0,0,0,0,0
12990,0,0,0,0,0,0,0,0,0,0,0,0,0,0,0,0,0,0,0,0,0
12991,2,3,3,3,2,1,1,2,3,3,3,3,1,1,2,3,3,3,3,1,1
12992,1,1,1,0,1,1,1,1,1,1,0,1,1,1,1,1,1,0,1,1,1
12993,7,7,9,7,5,4,5,6,7,9,6,5,4,4,6,7,9,6,5,4,4
12994,2,2,2,1,1,1,1,1,1,1,1,0,0,0,1,0,0,0,0,0,0
12995,9,7,6,5,5,4,4,5,5,6,5,4,4,4,5,5,6,6,5,5,5
12996,1,1,1,1,1,0,0,1,1,1,1,1,0,0,1,1,1,1,1,0,0
12997,7,7,7,6,5,5,5,6,6,7,5,5,5,5,6,6,6,5,5,5,5
12998,1,1,2,2,2,1,1,2,1,2,1,2,1,1,2,2,2,2,2,1,1
12999,0,0,0,0,0,0,0,0,0,0,0,0,0,0,0,0,0,0,0,0,0
13000,0,0,0,0,0,0,0,0,0,0,0,0,0,0,0,0,0,0,0,0,0
13001,29,28,24,20,18,17,18,23,25,24,21,20,20,21,26,26,24,21,19,19,20
13002,1,1,1,1,1,1,1,1,1,1,1,1,1,1,1,1,1,1,1,1,1
13003,33,36,36,38,39,35,36,42,47,44,41,38,36,35,31,27,26,26,25,25,24
13004,112,106,105,112,108,112,105,115,107,101,102,93,100,95,100,89,91,98,92,102,94
13005,21,19,18,17,16,15,16,19,19,18,17,14,14,15,14,11,10,9,8,7,9
13006,0,1,1,1,0,0,0,1,1,1,1,0,0,1,1,1,1,1,0,0,0
13007,1,1,1,1,1,1,1,1,1,1,1,1,1,1,1,1,1,1,1,1,1
13008,2,1,1,1,1,1,1,1,1,1,1,1,1,1,1,1,1,1,1,1,1
13009,26,27,28,27,27,24,24,26,26,24,22,21,20,20,16,12,11,10,10,12,14
13010,1,2,2,2,2,1,1,1,2,2,2,2,1,1,1,2,2,2,2,1,1
13011,1,1,1,1,1,1,1,1,1,1,1,1,1,1,1,1,1,1,1,1,1
13012,2,2,2,2,2,2,2,2,3,2,2,2,1,2,2,3,2,2,1,1,2
13013,45,49,51,51,46,41,41,45,49,51,51,45,41,41,45,49,50,51,45,41,41
13014,0,0,0,0,0,0,0,0,0,0,0,0,0,0,0,0,0,0,0,0,0
13015,0,0,0,0,0,0,0,0,0,0,0,0,0,0,0,0,0,0,0,0,0
13016,162,148,149,143,95,99,130,162,148,149,143,95,99,130,162,148,149,143,95,99,130
13017,3,3,3,3,3,4,3,3,3,3,4,3,4,3,3,3,3,3,3,4,3
13018,4,4,4,7,7,5,3,4,4,4,7,7,5,3,4,4,4,7,7,5,3
13019,0,0,0,0,0,0,0,0,0,0,0,0,0,0,0,0,0,0,0,0,0
13020,0,1,1,1,0,0,0,0,1,1,1,0,0,0,0,1,1,1,0,0,0
13021,0,0,0,0,0,0,0,0,0,0,0,0,0,0,0,0,0,0,0,0,0
13022,9,10,10,11,10,9,10,11,12,12,11,9,8,8,9,9,9,9,8,8,8
13023,2,1,1,2,1,0,2,2,1,1,2,1,0,2,2,1,1,2,1,0,2
13024,10,12,12,13,11,8,6,9,11,12,13,10,7,6,9,11,12,13,10,7,6
13025,2,2,2,2,2,2,1,2,2,2,2,2,2,1,2,2,2,2,2,2,1
13026,3,3,3,3,2,2,2,3,4,3,3,2,2,3,4,4,4,3,2,2,3
13027,3,2,3,3,3,2,2,3,2,3,2,2,2,2,3,2,3,2,2,2,2
13028,1,1,1,1,1,0,0,1,1,1,1,1,0,0,1,1,1,1,1,0,0
13029,0,0,0,0,0,0,0,0,0,0,0,0,0,0,0,0,0,0,0,0,0
13030,1,0,0,0,0,0,0,1,0,0,0,0,1,1,1,0,0,0,0,1,1
13031,0,0,0,0,0,0,0,0,0,0,0,0,0,0,0,0,0,0,0,0,0
13032,0,0,0,0,0,0,0,0,0,0,0,0,0,0,0,0,0,0,0,0,0
13033,0,0,0,0,0,0,0,0,0,0,0,0,0,0,0,0,0,1,0,0,0
13034,8,9,9,9,7,5,6,8,9,9,9,7,5,6,8,9,9,9,7,5,6
13035,3,4,4,4,4,3,3,4,4,4,4,4,3,3,3,4,4,4,4,3,3
13036,8,7,6,5,5,4,4,3,4,4,4,4,4,4,4,4,4,4,5,5,5
13037,0,0,0,0,0,0,0,0,0,0,0,0,0,0,0,1,0,0,0,0,0
13038,2,2,2,2,2,2,2,2,2,2,2,2,2,2,2,2,2,2,2,2,2
13039,0,0,0,0,0,0,0,0,0,0,0,0,0,0,0,0,0,0,0,0,0
13040,0,0,0,0,0,0,0,0,0,0,0,0,0,0,0,0,0,0,0,0,0
13041,5,5,4,4,3,3,4,4,5,5,4,3,3,4,5,5,5,4,3,3,4
13042,0,0,0,0,0,0,0,0,0,0,0,0,0,0,0,0,0,0,0,0,0
13043,0,0,0,0,0,0,0,0,0,0,0,0,0,0,0,0,0,0,0,0,0
13044,0,0,0,0,0,0,0,0,0,0,0,0,0,0,0,0,0,0,0,0,0
13045,0,1,0,0,0,0,0,0,1,0,0,0,0,0,0,1,0,0,0,0,0
13046,1,1,1,1,1,1,1,1,1,1,1,1,1,1,1,1,1,1,1,1,1
13047,0,0,0,0,0,0,0,0,0,0,0,0,0,0,0,0,0,0,0,0,0
13048,9,10,9,9,7,6,6,8,10,10,10,8,8,9,11,11,10,9,7,6,6
13049,7,8,7,7,6,6,5,7,8,7,7,6,6,5,7,7,7,7,6,6,5
13050,0,0,0,0,0,0,0,0,0,0,0,0,0,0,0,0,0,0,0,0,0
13051,0,0,0,0,0,0,0,0,0,0,0,0,0,0,0,0,0,0,0,0,0
13052,2,4,5,4,1,0,0,2,4,5,4,1,0,0,2,4,5,4,1,0,0
13053,0,0,0,0,0,0,0,0,0,0,0,0,0,1,1,1,1,0,0,0,0
13054,3,3,7,8,6,7,2,3,3,7,8,6,7,2,3,3,7,8,6,7,2
13055,1,2,2,2,2,2,2,1,2,2,2,2,2,2,1,2,2,2,2,2,1
13056,0,0,0,0,0,0,0,0,0,0,0,0,0,0,0,0,0,0,0,0,0
13057,0,0,0,0,0,0,0,0,0,0,0,0,0,0,0,0,0,0,0,0,0
13058,3,3,3,3,3,3,2,3,3,3,3,3,3,2,3,4,4,3,3,3,3
13059,13,15,16,14,12,10,10,13,16,16,14,12,10,11,13,15,16,14,12,10,10
13060,2,6,10,12,11,11,11,13,13,14,13,12,10,10,9,10,9,8,7,6,5
13061,2,2,1,1,1,1,2,2,2,2,2,2,2,2,2,2,1,1,1,1,1
13062,13,18,18,16,11,10,10,13,18,18,16,11,10,10,15,20,20,17,12,10,11
13063,12,15,15,13,11,9,9,12,15,15,13,11,9,9,12,15,15,12,11,9,8
13064,6,7,8,6,5,4,3,6,7,8,6,4,3,2,6,7,8,6,4,3,3
13065,12,18,19,16,10,9,9,13,20,22,19,12,11,11,14,20,21,17,11,10,10
13066,24,25,25,21,19,18,17,23,25,26,22,20,20,19,25,27,28,23,21,20,19
13067,4,5,5,5,4,3,3,4,5,6,5,4,3,3,5,6,6,5,4,3,3
13068,6,8,8,8,7,5,6,7,8,8,8,7,5,5,7,8,8,8,7,5,5
13069,1,1,1,1,1,1,1,1,1,1,1,1,1,1,1,1,1,1,1,1,1
13070,0,0,0,0,0,0,0,0,0,0,0,0,0,0,0,0,0,0,0,0,0
13071,0,0,0,0,0,0,0,0,0,0,0,0,0,0,0,0,0,0,0,0,0
13072,0,0,0,0,0,0,0,0,0,0,0,0,0,0,0,0,0,0,0,0,0
13073,0,0,0,0,0,0,0,0,0,0,0,0,0,0,0,0,0,0,0,0,0
13074,0,0,0,0,0,0,0,0,0,0,0,0,0,0,0,0,0,0,0,0,0
13075,0,0,0,0,0,0,0,0,0,0,0,0,0,0,0,0,0,0,0,0,0
13076,0,0,0,0,0,0,0,0,0,0,0,0,0,0,0,0,0,0,0,0,0
13077,3,2,2,2,2,2,2,3,2,2,2,2,2,2,3,2,2,2,2,2,2
13078,0,0,0,0,0,0,0,0,0,0,0,0,0,0,0,0,0,0,0,0,0
13079,0,0,0,0,0,0,0,0,0,0,0,0,0,0,0,0,0,0,0,0,0
13080,3,3,3,3,3,3,3,3,3,3,3,3,3,3,3,3,3,3,3,3,3
13081,1,1,1,0,0,0,0,0,0,0,0,0,0,0,0,0,0,0,0,0,0
13082,1,1,0,0,0,0,0,1,1,1,0,0,0,0,1,1,1,1,1,0,0
13083,1,1,1,1,1,1,1,1,1,1,1,1,1,1,1,1,1,1,1,1,1
13084,0,0,0,0,0,0,0,0,0,0,0,0,0,0,0,0,0,0,0,0,0
13085,2,1,1,1,1,1,1,1,2,2,2,1,1,2,2,2,1,1,1,1,1
13086,0,0,0,0,0,0,0,0,0,0,0,0,0,0,0,0,0,0,0,0,0
13087,0,0,0,0,0,0,0,0,0,0,0,0,0,0,0,0,0,0,0,0,0
13088,0,0,0,0,0,0,0,0,0,0,0,0,0,0,0,0,0,0,0,0,0
13089,5,6,6,5,4,3,3,5,6,6,5,4,3,3,5,6,6,5,4,3,3
13090,2,3,3,2,2,2,2,2,3,3,2,2,2,2,2,3,3,2,2,2,2
13091,2,2,2,2,2,2,2,2,2,2,2,2,2,2,2,2,2,2,2,2,2
13092,15,15,14,14,13,13,13,16,16,16,15,13,13,13,16,15,15,13,12,12,12
13093,2,4,3,4,4,3,3,3,4,3,4,4,3,2,3,4,3,4,4,3,3
13094,0,0,0,0,0,0,0,0,0,0,0,0,0,0,0,0,0,0,0,0,0
13095,0,0,0,0,0,0,0,0,0,0,0,0,0,0,0,0,0,0,0,0,0
13096,10,11,11,11,9,7,7,10,12,14,13,10,8,8,12,13,14,13,12,10,9
13097,18,20,21,17,13,13,16,19,23,25,20,16,16,19,21,23,23,17,14,14,16
13098,1,2,1,1,1,1,1,2,2,1,1,1,1,1,2,2,2,2,1,1,2
13099,1,0,1,1,1,1,1,1,0,1,1,1,1,1,1,0,1,1,1,1,1
13100,2,2,1,2,2,2,1,2,2,1,2,2,2,1,2,2,1,2,2,2,1
13101,4,4,3,4,4,3,2,2,2,2,3,3,3,2,2,2,2,3,3,3,2
13102,0,0,0,0,0,0,0,0,0,0,0,0,0,0,0,0,0,0,0,0,0
13103,7,5,6,5,5,6,5,6,5,5,4,4,5,4,6,5,5,4,4,5,4
13104,0,0,0,0,0,0,0,0,0,0,0,0,0,0,0,0,0,0,0,0,0
13105,0,0,0,0,0,0,0,0,0,0,0,0,0,0,0,0,0,0,0,0,0
13106,0,0,0,0,0,0,0,0,0,0,0,0,0,0,0,0,0,0,0,0,0
13107,0,0,0,0,0,0,0,0,0,0,0,0,0,0,0,0,0,0,0,0,0
13108,0,0,0,0,0,0,0,0,0,0,0,0,0,0,0,0,0,0,0,0,0
13109,1,1,0,1,1,1,1,1,1,0,1,1,1,1,1,1,0,1,1,1,1
13110,2,2,2,2,2,2,2,2,2,2,2,2,2,2,2,2,2,2,2,2,2
13111,5,5,4,2,2,3,4,5,5,4,2,2,3,4,5,5,4,2,2,3,4
13112,29,29,27,26,21,21,22,28,28,27,26,21,20,22,28,28,27,26,21,21,23
13113,14,16,16,16,14,13,12,15,16,16,16,14,13,12,15,16,16,16,14,12,12
13114,3,3,3,3,2,2,2,3,3,3,3,2,2,2,3,3,3,3,2,2,2
13115,2,2,3,2,2,2,1,2,2,3,2,2,2,1,2,2,3,2,2,2,1
13116,1,2,2,2,1,1,2,2,2,2,1,1,1,1,2,2,2,1,1,1,1
13117,8,10,9,8,7,6,6,8,9,8,7,6,5,6,8,9,8,7,6,5,6
13118,9,9,9,9,9,9,10,13,12,12,11,10,9,9,11,10,9,9,8,9,10
13119,1,1,1,1,1,1,1,0,0,1,1,0,0,0,0,1,1,1,0,0,0
13120,9,8,8,8,6,5,5,8,7,7,8,6,5,5,8,7,7,8,6,5,5
13121,1,1,1,1,1,1,1,1,1,1,1,1,1,1,1,1,1,1,1,1,1
13122,7,7,7,5,4,5,5,6,6,6,5,4,4,4,6,6,6,4,4,4,4
13123,1,1,1,1,1,1,1,1,1,1,1,1,1,1,1,1,1,1,1,1,1
13124,5,5,5,5,5,4,4,4,5,5,5,4,4,4,4,5,5,5,4,4,4
13125,1,1,1,1,1,0,1,1,1,1,1,1,1,1,1,1,1,1,1,1,1
13126,3,2,2,2,1,1,1,3,2,2,2,1,1,1,3,3,2,2,1,1,2
13127,3,3,2,2,2,2,3,3,3,2,2,2,2,3,3,3,2,3,2,2,3
13128,1,1,1,1,1,0,1,1,1,1,1,1,0,1,1,1,1,1,1,1,1
13129,0,0,0,0,0,0,0,0,0,0,0,0,0,0,0,0,0,0,0,0,0
13130,2,3,3,2,2,2,1,2,3,3,2,2,2,1,2,3,3,2,2,2,1
13131,1,1,1,0,0,0,0,1,1,1,1,0,0,0,1,1,1,1,0,0,0
13132,2,2,2,2,1,1,1,2,2,2,2,1,1,1,2,2,2,2,1,1,1
13133,1,1,1,1,1,1,1,1,1,1,1,1,1,1,1,1,1,1,1,1,1
13134,1,1,1,1,1,1,1,1,1,1,1,1,1,1,1,1,1,1,1,1,1
13135,0,0,0,0,0,0,0,0,0,0,0,0,0,0,0,0,0,0,0,0,0
13136,2,2,1,1,2,2,2,2,1,1,1,1,1,2,2,1,1,1,1,1,1
13137,0,0,1,1,1,0,1,1,1,1,1,1,1,1,1,1,1,1,1,0,1
13138,0,0,0,0,0,0,0,0,0,0,0,0,0,0,0,0,0,0,0,0,0
13139,0,0,0,0,0,0,0,0,0,0,0,0,0,0,0,0,0,0,0,0,0
13140,0,0,0,0,0,0,0,0,0,0,0,0,0,0,0,0,0,0,0,0,0
13141,1,1,1,1,1,1,1,1,1,1,1,1,1,1,1,1,1,1,1,1,1
13142,0,0,0,0,0,0,0,0,0,0,0,0,0,0,0,0,0,0,0,0,0
13143,0,0,0,0,0,0,0,0,0,0,0,0,0,0,0,0,0,0,0,0,0
13144,1,0,0,0,0,0,0,1,0,0,0,0,0,0,1,0,0,0,0,0,0
13145,0,0,0,0,0,0,0,0,0,0,0,0,0,0,0,0,0,0,0,0,0
13146,0,0,0,0,0,0,0,0,0,0,0,0,0,0,0,0,0,0,0,0,0
13147,0,0,1,1,0,0,0,0,0,1,1,0,0,0,0,0,1,1,0,0,0
13148,0,0,0,0,0,0,0,0,0,0,0,0,0,0,0,0,0,0,0,0,0
13149,0,0,0,0,0,0,0,0,0,0,0,0,0,0,0,0,0,0,0,0,0
13150,0,0,0,0,0,0,0,0,0,0,0,0,0,0,1,1,0,0,0,0,0
13151,0,0,0,0,0,0,0,0,0,0,0,0,0,0,0,0,0,0,0,0,0
13152,0,0,0,0,0,0,0,0,0,0,0,0,0,0,0,0,0,0,0,0,0
13153,0,0,0,0,0,0,0,0,0,0,0,0,0,0,0,0,0,0,0,0,0
13154,1,1,1,1,1,1,1,1,1,1,1,1,1,1,1,1,1,2,1,1,1
13155,0,0,0,0,0,0,0,0,0,0,0,0,0,0,0,0,0,0,0,0,0
13156,0,0,0,0,0,0,0,0,0,0,0,0,0,0,0,0,0,0,0,0,0
13157,0,0,0,0,0,0,0,0,0,0,0,0,0,0,0,0,0,0,0,0,0
13158,0,0,0,0,0,0,0,0,0,0,0,0,0,0,0,0,0,0,0,0,0
13159,0,0,0,0,0,1,1,0,0,1,1,1,1,1,1,1,1,1,1,1,1
13160,0,0,0,0,0,0,0,0,0,0,0,0,0,0,0,0,0,0,0,0,0
13161,0,0,0,0,0,0,0,0,0,0,0,0,0,0,0,0,0,0,0,0,0
13162,0,0,0,0,0,0,0,0,0,0,0,0,0,0,0,0,0,0,0,0,0
13163,0,0,0,0,0,0,0,0,0,0,0,0,0,0,0,0,0,0,0,0,0
13164,0,0,0,0,0,0,0,0,0,0,0,0,0,0,0,0,0,0,0,0,0
13165,0,0,0,0,0,0,0,0,0,0,0,0,0,0,0,0,0,0,0,0,0
13166,0,0,0,0,0,0,0,0,0,0,0,0,0,0,0,0,0,0,0,0,0
13167,1,1,1,1,0,0,1,1,1,1,1,0,0,1,1,1,1,1,0,0,1
13168,0,0,0,0,0,0,0,0,0,0,0,0,0,0,0,0,0,0,0,0,0
13169,0,0,0,0,0,0,0,0,0,0,0,0,0,0,0,0,0,0,0,0,0
13170,0,0,0,0,0,0,0,0,0,0,0,0,0,0,0,0,0,0,0,0,0
13171,1,0,0,0,0,0,0,1,0,0,0,0,0,0,1,0,0,0,0,0,0
13172,0,0,0,0,0,0,0,0,0,0,0,0,0,0,0,0,0,0,0,0,0
13173,0,0,0,0,0,0,0,0,0,0,0,0,0,0,0,0,0,0,0,0,0
13174,0,0,0,0,0,0,0,0,0,0,0,0,0,0,0,0,0,0,0,0,0
13175,0,0,0,0,0,0,0,0,0,0,0,0,0,0,0,0,0,0,0,0,0
13176,0,0,0,0,0,0,0,0,0,0,0,0,0,0,0,0,0,0,0,0,0
13177,0,0,0,0,0,0,0,0,0,0,0,0,0,0,0,0,0,0,0,0,0
13178,0,0,0,0,0,0,0,0,0,0,0,0,0,0,0,0,0,0,0,0,0
13179,0,0,0,0,0,0,0,0,0,0,0,0,0,0,1,1,0,1,0,0,0
13180,2,3,3,2,2,2,2,3,3,3,2,2,2,2,3,3,3,2,2,2,2
13181,0,0,1,0,0,0,1,1,1,1,0,0,0,1,1,0,0,0,0,0,1
13182,0,1,0,0,0,0,1,1,1,1,0,0,0,0,0,0,0,0,0,0,0
13183,0,0,0,0,0,0,0,0,0,0,0,0,0,0,0,0,0,0,0,0,0
13184,0,0,0,0,0,0,0,0,0,0,0,0,0,0,0,0,0,0,0,0,0
13185,0,0,0,0,0,0,0,0,0,0,0,0,0,0,0,0,0,0,0,0,0
13186,8,9,12,13,13,12,10,8,9,12,13,13,12,9,8,9,12,13,13,12,9
13187,4,4,4,4,3,3,3,3,4,4,4,3,3,3,3,4,4,4,3,3,3
13188,1,1,1,1,1,1,1,1,1,1,1,1,1,1,1,1,1,1,1,1,1
13189,0,0,0,1,1,1,0,0,0,0,1,1,1,0,0,0,0,1,1,1,0
13190,0,0,0,0,0,0,0,0,0,0,0,0,0,0,0,0,0,0,0,0,0
13191,0,0,0,0,0,0,0,0,0,0,0,0,0,0,0,0,0,0,0,0,0
13192,0,0,0,0,0,0,0,0,0,0,0,0,0,0,0,0,0,0,0,0,0
13193,0,0,0,0,0,0,0,0,0,0,0,0,0,0,0,0,0,0,0,0,0
13194,0,0,0,0,0,0,0,0,0,0,0,0,0,0,0,0,0,0,0,0,0
13195,0,0,0,0,0,0,0,0,0,0,0,0,0,0,0,0,0,0,0,0,0
13196,0,0,0,0,0,0,0,0,0,0,0,0,0,0,0,0,0,0,0,0,0
13197,0,0,0,0,0,0,0,0,0,0,0,0,0,0,0,0,0,0,0,0,0
13198,0,0,0,0,0,0,0,0,0,0,0,0,0,0,0,0,0,0,0,0,0
13199,0,0,0,0,0,0,0,0,0,0,0,0,0,0,0,0,0,0,0,0,0
13200,0,0,0,0,0,0,0,0,0,0,0,0,0,0,0,0,0,0,0,0,0
13201,84,85,82,75,71,65,71,81,79,74,67,62,59,65,67,64,64,61,59,55,56
13202,22,23,21,19,18,17,19,23,26,26,23,19,18,18,21,22,20,17,15,14,15
13203,62,62,60,53,48,45,47,54,54,53,48,43,41,42,47,46,47,42,39,39,43
13204,75,70,61,50,46,44,52,65,61,54,44,40,39,46,57,52,47,39,37,37,44
13205,36,38,37,35,32,29,30,34,35,33,30,28,26,27,29,29,30,29,28,28,27
13206,3,2,2,1,1,1,1,1,2,2,2,2,2,2,2,2,2,2,2,2,2
13207,0,1,0,0,0,0,0,0,1,1,0,0,0,0,0,1,1,1,0,0,0
13208,0,0,0,0,0,0,0,0,0,0,0,0,0,0,0,0,0,0,0,0,0
13209,3,3,3,3,2,2,2,3,3,3,3,2,2,2,3,3,3,3,2,2,2
13210,5,5,5,4,4,4,4,4,5,4,4,4,4,4,5,5,5,4,4,4,5
13211,13,13,13,11,10,9,10,13,14,15,13,12,11,12,15,15,15,14,14,13,13
13212,2,2,1,1,1,1,1,1,1,1,1,1,1,1,1,1,1,1,1,1,1
13213,1,1,1,1,1,0,1,1,1,1,1,1,0,1,1,1,1,1,1,0,1
13214,1,1,1,1,1,1,1,1,1,0,0,0,0,1,0,0,0,0,0,0,0
13215,3,2,2,2,2,1,1,2,1,2,2,2,2,2,2,2,2,2,2,2,2
13216,2,2,2,3,3,2,2,2,2,2,3,3,2,2,2,2,2,3,3,2,2
13217,6,6,6,6,6,5,5,6,7,6,6,6,5,5,6,6,6,6,6,5,5
13218,20,22,22,18,15,15,15,20,22,22,18,15,15,15,20,22,21,18,14,15,14
13219,10,10,13,14,13,16,13,11,11,13,14,12,15,12,10,10,13,14,13,16,13
13220,10,9,8,7,7,6,6,7,7,7,7,6,6,6,7,7,7,7,7,7,7
13221,0,0,0,0,0,0,1,1,1,1,1,0,0,1,1,1,1,0,0,0,0
13222,1,1,1,1,1,0,0,0,0,1,1,0,0,0,0,0,0,0,0,0,0
13223,0,0,0,0,0,0,0,0,0,0,0,0,0,0,0,0,0,0,0,0,0
13224,17,18,18,16,14,13,15,17,18,18,16,14,13,14,17,18,18,16,14,13,14
13225,3,3,3,5,5,3,3,3,3,3,5,5,3,3,3,3,3,5,5,3,3
13226,5,7,7,7,7,5,5,5,7,8,7,7,5,5,5,7,8,7,7,5,5
13227,6,5,3,2,2,3,4,4,3,3,2,2,3,4,4,3,3,2,2,3,4
13228,0,0,0,0,0,0,0,0,0,0,0,0,0,0,0,0,0,0,0,0,0
13229,1,1,1,1,1,1,1,1,1,1,1,1,1,1,1,1,1,1,1,1,1
13230,0,0,0,0,0,0,0,0,0,0,0,0,0,0,0,0,0,0,0,0,0
13231,0,0,0,0,0,0,0,0,0,0,0,0,0,0,0,0,0,0,0,0,0
13232,2,3,3,4,4,2,2,2,3,3,4,4,2,2,2,3,3,4,4,3,2
13233,0,0,0,1,0,0,0,0,0,0,1,0,0,0,0,0,0,1,0,0,0
13234,1,2,3,1,1,0,0,1,2,3,1,1,0,0,1,2,3,1,1,0,0
13235,0,0,0,0,0,0,0,0,0,0,0,0,0,0,0,0,0,0,0,0,0
13236,0,0,0,0,0,0,0,0,0,0,0,0,0,0,0,0,0,0,0,0,0
13237,0,1,0,1,0,0,0,0,1,0,1,0,0,0,0,1,0,1,0,0,0
13238,2,1,1,1,1,2,1,2,2,1,0,1,1,1,2,1,1,0,1,1,1
13239,5,6,5,4,4,5,5,5,6,5,4,4,5,5,5,6,5,4,4,5,5
13240,0,0,0,0,0,0,0,0,0,0,0,0,0,0,0,0,0,0,0,0,0
13241,0,0,0,0,0,0,0,0,0,0,0,0,0,0,0,0,0,0,0,0,0
13242,0,0,0,0,0,0,0,0,0,0,0,0,0,0,0,0,0,0,0,0,0
13243,23,25,25,24,23,22,24,29,35,35,31,27,25,25,24,24,24,21,20,21,20
13244,1,2,2,2,1,1,1,2,2,2,2,2,1,1,2,2,2,2,2,1,1
13245,5,5,6,5,4,4,4,5,6,6,5,4,4,4,5,6,6,5,4,4,4
13246,2,2,2,2,2,2,2,2,2,2,2,2,2,2,2,2,2,2,2,2,2
13247,0,0,0,0,0,0,0,0,0,0,0,0,0,0,0,0,0,0,0,0,0
13248,2,2,2,1,1,1,1,2,2,2,2,1,1,1,2,2,2,1,1,1,1
13249,2,1,1,1,0,1,1,1,1,1,1,1,1,1,2,1,1,1,1,1,1
13250,0,0,0,0,0,0,0,0,0,0,0,0,0,0,0,0,0,0,0,0,0
13251,0,0,0,0,0,0,0,0,0,0,0,0,0,0,0,0,0,0,0,0,0
13252,0,0,0,0,0,0,0,0,0,0,0,1,1,1,1,0,0,0,0,0,0
13253,0,0,0,0,0,0,0,0,0,0,0,0,0,0,0,0,0,0,0,0,0
13254,0,0,0,0,0,0,0,0,0,0,0,0,0,0,0,0,0,0,0,0,0
13255,0,0,0,0,0,0,0,0,0,0,0,0,0,0,0,0,0,0,0,0,0
13256,1,1,1,1,1,1,1,1,1,1,1,1,1,1,1,1,1,1,1,1,1
13257,0,0,0,0,0,0,0,0,0,0,0,0,0,0,0,0,0,0,0,0,0
13258,0,0,0,0,0,0,0,0,0,0,0,0,0,0,0,0,0,0,0,0,0
13259,2,2,3,3,2,2,2,2,2,3,3,2,2,2,2,2,2,3,2,2,2
13260,0,0,0,0,0,0,0,0,0,0,0,0,0,0,0,0,0,0,0,0,0
13261,1,1,1,1,1,1,1,1,1,2,2,2,2,2,2,3,3,2,2,1,1
13262,1,1,1,1,0,1,1,1,1,1,1,0,1,1,1,1,1,1,0,1,1
13263,0,0,0,0,0,0,0,0,0,0,0,0,0,0,0,0,0,0,0,0,0
13264,2,2,1,1,1,1,1,2,2,1,1,1,1,1,2,2,1,1,1,1,1
13265,19,22,24,22,19,16,16,19,22,23,22,19,16,16,19,22,23,22,19,16,16
13266,0,0,0,0,0,0,0,0,0,0,0,0,0,0,0,0,0,0,0,0,0
13267,0,0,0,0,0,0,0,0,0,0,0,0,0,0,0,0,0,0,0,0,0
13268,0,0,0,0,0,0,0,0,0,0,0,0,0,0,0,0,0,0,0,0,0
13269,1,1,0,0,0,0,0,0,1,1,1,0,0,0,1,1,1,1,0,0,0
13270,0,0,0,0,0,0,0,0,0,0,0,0,0,0,0,0,0,0,0,0,0
13271,0,0,0,0,0,0,0,0,0,0,0,0,0,0,0,0,0,0,0,0,0
13272,0,0,0,0,0,0,0,0,0,0,0,0,0,0,0,0,0,0,0,0,0
13273,0,0,0,0,0,0,0,0,0,0,0,0,0,0,0,0,0,0,0,0,0
13274,0,0,0,0,0,0,0,0,0,0,0,0,0,0,0,0,0,0,0,0,0
13275,57,63,63,62,53,48,47,58,67,69,66,53,49,49,57,61,60,58,49,48,50
13276,22,25,25,24,23,24,20,22,25,25,24,23,24,20,22,25,25,24,23,24,20
13277,5,4,4,4,3,4,3,4,4,4,4,4,4,4,5,5,5,5,4,5,5
13278,1,1,1,1,1,1,1,1,1,1,1,1,1,1,1,1,1,1,1,1,1
13279,5,5,5,5,5,4,4,5,5,5,5,4,4,4,5,5,5,5,4,4,4
13280,455,544,534,549,451,309,313,435,553,572,587,479,327,319,420,512,530,568,478,342,348
13281,2,2,2,2,2,1,1,2,2,2,2,2,1,1,2,2,2,1,1,1,1
13282,1,1,1,1,1,1,1,1,1,1,1,1,1,1,1,1,1,1,1,1,1
13283,0,0,0,0,0,0,0,0,0,0,0,0,0,0,0,0,0,0,0,0,0
13284,504,587,600,574,510,464,452,534,683,698,650,525,439,432,519,677,648,587,514,488,453
13285,779,857,954,874,760,641,598,792,933,1056,950,782,631,587,776,919,1039,941,815,707,648
13286,0,0,0,0,0,0,0,0,0,0,0,0,0,0,0,0,0,0,0,0,0
13287,0,0,0,0,0,0,0,0,0,0,0,0,0,0,0,0,0,0,0,0,0
13288,2,2,2,2,1,1,1,2,2,2,2,1,1,1,2,2,2,2,1,1,1
13289,2,3,2,3,3,2,2,2,3,2,3,3,2,2,2,3,2,3,3,2,2
13290,2,2,1,2,2,1,1,2,2,2,2,2,1,1,2,2,2,2,2,1,1
13291,7,8,8,8,8,6,6,7,8,8,8,8,6,6,7,8,8,8,8,6,6
13292,6,6,6,5,5,5,5,5,5,5,5,5,4,4,5,5,5,4,4,4,4
13293,6,6,5,4,4,4,4,5,5,4,4,4,4,4,4,4,4,4,3,3,3
13294,4,4,4,4,4,4,4,5,4,4,4,4,4,4,5,4,4,4,4,4,4
13295,0,0,0,0,0,0,0,0,0,0,0,0,0,0,0,0,0,0,0,0,0
13296,0,0,0,0,0,0,0,0,0,0,0,0,0,0,0,0,0,0,0,1,1
13297,0,0,0,0,0,0,0,0,0,0,0,0,0,0,0,0,0,0,0,0,0
13298,0,0,0,0,0,0,0,0,0,0,0,0,0,0,0,0,0,0,0,0,0
13299,0,0,0,0,0,0,0,0,0,0,0,0,0,0,0,0,0,0,0,0,0
13300,0,0,0,0,0,0,0,0,0,0,0,0,0,0,0,0,0,0,0,0,0
13301,0,0,0,0,0,0,0,0,0,0,0,0,0,0,0,0,0,0,0,0,0
13302,19,19,18,17,16,16,15,19,20,21,20,18,18,17,21,21,21,19,18,19,18
13303,1,1,2,2,2,2,2,2,2,2,2,2,2,2,2,2,2,2,2,2,2
13304,5,6,6,6,5,5,4,5,6,6,6,5,5,4,5,6,6,6,5,5,4
13305,5,5,3,2,1,2,2,4,5,3,2,2,2,3,5,5,4,2,2,2,3
13306,1,1,0,0,0,0,0,0,0,0,0,0,0,0,0,1,1,1,0,0,1
13307,0,0,0,0,0,0,0,0,0,0,0,0,0,0,0,0,0,0,0,0,0
13308,0,0,0,0,0,0,0,0,0,0,0,0,0,0,0,0,0,0,0,0,0
13309,0,0,0,0,0,0,0,0,0,0,0,0,0,0,0,0,0,0,0,0,0
13310,1,0,0,0,0,0,0,0,0,0,0,0,0,0,1,0,0,0,0,0,1
13311,0,0,0,0,0,0,0,0,0,0,0,0,0,0,0,0,0,0,0,0,0
13312,0,0,0,0,0,0,0,0,0,0,0,0,0,0,0,0,0,0,0,0,0
13313,0,0,0,0,0,0,0,0,0,0,0,0,0,0,0,0,0,0,0,0,0
13314,4,4,4,4,3,4,3,4,4,4,4,3,4,3,4,4,4,4,3,4,3
13315,6,6,5,5,5,5,5,6,6,5,5,5,5,4,6,6,5,5,5,5,4
13316,2,2,3,2,2,2,2,2,2,3,2,2,2,2,2,3,3,3,2,2,2
13317,0,0,0,0,0,0,0,0,0,0,0,0,0,0,0,0,0,0,0,0,0
13318,0,0,0,0,0,0,0,0,0,0,0,0,0,0,0,0,0,0,0,0,0
13319,0,0,0,0,0,0,0,0,0,0,0,0,0,0,0,0,0,0,0,0,0
13320,0,0,0,0,0,0,0,0,0,0,0,0,0,0,0,0,0,0,0,0,0
13321,0,0,0,0,0,0,0,1,1,1,1,0,0,0,0,0,0,0,0,0,0
13322,0,0,0,0,0,0,0,0,0,0,0,0,0,0,0,0,0,0,0,0,0
13323,0,0,0,0,0,0,0,0,0,0,0,0,0,0,0,0,0,0,0,0,0
13324,0,0,0,0,0,0,0,0,0,0,0,0,0,0,0,0,0,0,0,0,0
13325,0,0,0,0,0,0,0,0,0,0,0,0,0,0,0,0,0,0,0,0,0
13326,0,0,0,0,0,0,0,0,0,0,0,0,0,0,0,0,0,0,0,0,0
13327,0,0,0,0,0,0,0,0,0,0,0,0,0,0,0,0,0,0,0,0,0
13328,0,0,0,0,0,0,0,0,0,0,0,0,0,0,0,0,0,0,0,0,0
13329,0,0,0,0,0,0,0,0,0,0,0,0,0,0,0,0,0,0,0,0,0
13330,4,5,5,4,5,4,4,4,5,5,4,5,4,4,4,5,5,4,5,4,4
13331,0,0,0,0,0,0,0,0,0,0,0,0,0,0,0,0,0,0,0,0,0
13332,1,1,1,1,1,1,1,1,1,1,1,1,1,1,1,1,1,1,1,1,1
13333,144,174,181,160,129,92,96,138,174,186,166,134,101,108,144,168,178,161,132,100,101
13334,11,9,9,6,5,5,4,10,10,9,6,5,5,4,8,8,9,7,6,6,5
13335,7,5,9,9,11,10,6,7,6,9,9,10,10,6,7,5,9,9,10,10,6
13336,73,73,79,72,65,61,63,73,73,79,72,64,60,63,73,73,79,72,64,60,63
13337,0,0,0,0,0,0,0,0,0,0,0,0,0,0,0,0,0,0,0,0,0
13338,4,4,3,3,2,2,3,4,4,4,3,3,2,3,4,4,4,4,3,3,4
13339,43,60,76,72,61,41,32,43,72,93,88,77,62,60,61,74,90,83,72,55,46
13340,3,3,3,2,2,2,2,2,3,3,2,2,2,2,2,3,3,3,3,2,2
13341,0,0,1,1,1,1,1,1,1,1,0,1,1,1,1,0,1,0,0,0,0
13342,0,0,0,0,0,0,0,0,0,0,0,0,0,0,0,0,0,0,0,0,0
13343,0,0,0,0,0,0,0,0,0,0,0,0,0,0,0,0,0,0,0,0,0
13344,3,3,4,3,3,3,2,3,3,4,3,3,2,2,3,3,4,3,3,2,2
13345,1,1,1,1,1,1,1,1,1,1,1,1,1,1,1,1,1,1,1,1,1
13346,8,8,8,6,6,6,7,7,8,8,7,7,8,10,8,7,7,6,6,6,7
13347,0,0,0,0,0,0,0,0,0,0,0,0,0,0,0,0,0,0,0,0,0
13348,19,21,18,15,13,17,18,19,21,18,15,13,17,18,19,21,18,16,13,17,18
13349,0,1,0,0,0,0,0,1,1,1,1,0,0,0,1,1,1,1,1,0,0
13350,2,2,2,2,2,1,1,2,2,2,2,2,1,1,2,2,2,2,2,1,2
13351,0,0,0,0,0,0,0,0,0,0,0,0,0,0,0,0,0,0,0,0,0
13352,0,0,0,0,0,0,0,0,0,0,0,0,0,0,0,0,0,0,0,0,0
13353,0,0,0,0,0,0,0,0,0,0,0,0,0,0,0,0,0,0,0,0,0
13354,1,1,0,0,0,0,0,1,1,1,1,0,0,1,1,1,1,0,0,0,0
13355,1,1,1,1,0,0,0,1,1,1,1,0,0,0,1,1,1,1,0,0,0
13356,2,2,3,0,1,0,1,2,2,3,0,1,0,1,2,2,3,0,1,0,1
13357,0,1,1,1,1,1,0,0,1,1,1,1,1,0,0,1,1,1,1,1,0
13358,0,0,1,1,0,0,0,0,0,1,1,0,0,0,0,0,1,0,0,0,0
13359,0,1,1,1,1,1,0,0,1,1,1,1,1,0,0,1,1,1,1,1,0
13360,5,7,6,4,3,3,3,5,6,6,4,3,3,3,5,7,6,4,4,3,3
13361,0,0,0,0,0,0,0,0,0,0,0,0,0,0,0,0,0,0,0,0,0
13362,0,0,0,0,0,0,0,0,0,0,0,0,0,0,0,0,0,0,0,0,0
13363,0,0,0,0,0,0,0,0,0,0,0,0,0,0,0,0,0,0,0,0,0
13364,1,1,1,1,1,1,1,1,1,1,1,1,1,1,1,1,1,0,1,1,1
13365,0,0,0,0,0,0,0,0,0,0,0,0,0,0,0,0,0,0,0,0,0
13366,0,0,0,0,0,0,0,0,0,0,0,0,0,0,0,0,0,0,0,0,0
13367,1,1,1,1,1,1,1,1,1,1,1,1,1,1,1,1,1,1,1,1,1
13368,4,2,2,1,1,1,2,3,2,1,1,1,1,2,3,2,1,1,2,2,2
13369,0,0,0,0,0,0,0,0,0,0,0,0,0,0,0,0,0,0,0,0,0
13370,11,10,10,9,8,7,7,10,11,11,11,9,9,10,12,13,12,11,9,9,9
13371,2,3,3,2,2,1,2,2,3,3,2,2,1,2,2,3,3,2,2,1,2
13372,20,21,21,22,20,18,17,20,21,21,22,19,18,17,19,20,21,22,19,18,17
13373,1,1,1,1,1,1,1,1,1,1,1,1,1,1,1,1,1,1,1,1,1
13374,0,0,0,0,0,0,0,0,0,0,0,0,0,0,0,0,0,0,0,0,0
13375,0,0,0,0,0,0,0,0,0,0,0,0,0,0,0,0,0,0,0,0,0
13376,0,0,0,0,0,0,0,0,0,0,0,0,0,0,0,0,0,0,0,0,0
13377,0,0,0,0,0,0,0,0,0,0,0,0,0,0,0,0,0,0,0,0,0
13378,0,0,0,0,0,0,0,0,0,0,0,0,0,0,0,0,0,0,0,0,0
13379,0,0,0,0,0,0,0,0,0,0,0,0,0,0,0,0,0,0,0,0,0
13380,0,0,0,0,0,0,0,0,0,0,0,0,0,0,0,0,0,0,0,0,0
13381,0,0,0,0,0,0,0,0,0,0,0,0,0,0,0,0,0,0,0,0,1
13382,5,5,6,7,6,6,6,7,7,7,7,6,5,5,5,6,6,6,5,5,5
13383,0,0,0,0,0,0,0,0,0,0,0,0,0,0,0,0,0,0,0,0,0
13384,0,0,0,0,0,0,0,0,0,0,0,0,0,0,0,0,0,0,0,0,0
13385,0,0,0,0,0,0,0,0,0,0,0,0,0,0,0,0,0,0,0,0,0
13386,0,0,0,0,0,0,0,0,0,0,0,0,0,0,0,0,0,0,0,0,0
13387,0,0,0,0,0,0,0,0,0,0,0,0,0,0,0,0,0,0,0,0,0
13388,8,9,9,8,7,7,8,9,10,9,8,7,7,8,9,9,9,8,7,7,7
13389,10,10,10,9,8,8,8,9,9,9,9,8,8,8,9,10,10,9,8,8,8
13390,0,0,0,0,0,0,0,0,0,0,0,0,0,0,0,0,0,0,0,0,0
13391,0,0,0,0,0,0,0,0,0,0,0,0,0,0,0,0,0,0,0,0,0
13392,0,0,0,0,0,0,0,0,0,0,0,0,0,0,0,0,0,0,0,0,0
13393,1,2,2,1,1,1,1,2,2,2,2,1,1,1,2,2,2,2,2,1,1
13394,3,4,4,5,4,3,3,3,4,4,5,4,3,3,4,5,4,5,4,4,4
13395,15,17,18,17,15,14,15,20,25,28,26,22,20,18,17,17,17,14,11,11,11
13396,29,28,29,24,20,18,18,22,22,26,23,20,18,18,20,19,23,20,18,17,17
13397,5,4,3,2,2,2,2,2,2,2,2,2,2,2,4,4,4,3,2,3,3
13398,15,16,16,16,15,14,15,18,19,18,16,15,15,16,17,16,14,12,11,11,9
13399,3,3,2,2,2,2,2,3,3,3,2,2,2,2,2,2,2,1,1,1,1
13400,3,2,2,2,2,2,2,2,2,2,2,2,2,2,2,2,2,2,1,1,1
13401,9,10,10,10,9,8,9,10,11,12,10,9,8,8,9,10,10,8,8,7,7
13402,0,0,0,0,0,0,0,0,0,0,0,0,0,0,0,0,0,0,0,0,0
13403,0,0,0,0,0,0,1,1,1,1,1,1,0,0,0,0,0,0,0,0,0
13404,1,1,1,1,1,1,1,1,1,1,1,1,1,1,2,2,1,1,1,1,1
13405,0,0,0,0,0,0,0,0,0,0,0,0,0,0,0,0,0,0,0,0,0
13406,26,33,36,39,33,23,20,26,33,36,38,32,22,20,25,33,36,38,32,22,20
13407,0,0,0,0,0,0,0,0,0,0,0,0,0,0,0,0,0,0,0,0,0
13408,1,1,1,1,1,1,1,1,1,1,1,1,1,1,1,1,1,1,1,1,1
13409,0,0,0,0,0,0,0,0,0,0,0,0,0,0,0,0,0,0,0,0,0
13410,1,1,1,1,1,1,1,1,1,1,1,1,1,1,1,1,1,1,1,1,1
13411,2,2,2,1,1,1,1,1,1,1,1,1,1,1,1,2,2,1,1,1,2
13412,0,0,0,0,0,0,0,0,0,0,0,0,0,0,0,0,0,0,0,0,0
13413,0,0,0,0,0,0,0,0,0,0,0,0,0,0,0,0,0,0,0,0,0
13414,0,0,0,0,0,0,0,0,0,0,0,0,0,0,0,0,0,0,0,0,0
13415,0,0,0,0,0,0,0,0,0,0,0,0,0,0,0,0,0,0,0,0,0
13416,2,2,2,2,2,2,2,2,2,2,2,2,2,2,2,2,2,2,2,2,2
13417,0,1,1,1,1,1,1,1,1,1,1,1,1,1,1,1,1,1,1,1,1
13418,1,2,1,1,1,1,1,1,2,1,1,1,1,1,2,2,1,1,1,1,1
13419,1,1,1,1,1,0,1,1,1,1,1,1,0,1,1,1,1,1,1,0,1
13420,2,3,3,2,2,2,2,2,3,3,2,2,2,2,2,3,3,2,2,2,2
13421,0,0,1,1,0,0,0,0,0,1,1,0,0,0,0,0,1,1,0,0,0
13422,1,1,1,1,0,1,1,1,1,1,1,1,1,1,1,1,1,1,1,1,1
13423,6,6,6,5,5,4,5,5,5,5,5,5,4,4,5,5,5,5,5,4,4
13424,1,1,1,1,1,1,1,1,1,1,1,1,1,1,1,1,1,1,1,1,1
13425,4,4,3,3,3,3,3,3,3,3,3,3,3,3,4,4,3,3,3,3,3
13426,1,1,1,0,0,0,0,1,1,1,0,0,0,0,1,1,1,0,0,0,0
13427,1,1,1,1,1,1,1,1,1,1,1,1,1,1,1,1,1,1,1,1,1
13428,0,0,0,1,0,0,0,0,0,0,1,0,0,0,1,0,0,1,0,0,0
13429,2,2,2,1,1,1,1,2,1,2,1,1,1,1,2,1,2,1,1,1,1
13430,0,0,0,0,0,0,0,0,0,0,0,0,0,0,0,0,0,0,0,0,0
13431,0,0,0,0,0,0,0,0,0,0,0,0,0,0,0,0,0,0,0,0,0
13432,0,0,0,0,0,0,0,0,0,0,0,0,0,0,0,0,0,0,0,0,0
13433,0,0,0,0,0,0,0,0,0,0,0,0,0,0,0,0,0,0,0,0,0
13434,0,0,0,0,0,0,0,0,0,0,0,0,0,0,0,0,0,0,0,0,0
13435,0,0,0,0,0,0,0,0,0,0,0,0,0,0,0,0,0,0,0,0,0
13436,0,0,0,0,0,0,0,0,0,0,0,0,0,0,0,0,0,0,0,0,0
13437,0,0,0,0,0,0,0,0,0,0,0,0,0,0,0,0,0,0,0,0,0
13438,0,0,0,0,0,0,0,0,0,0,0,0,0,0,0,0,0,0,0,0,0
13439,0,0,0,0,0,0,0,0,0,0,0,0,0,0,0,0,0,0,0,0,0
13440,391,460,486,440,397,377,358,391,460,486,440,397,377,358,391,460,486,440,397,377,358
13441,1,1,0,0,0,0,0,1,1,0,0,0,0,0,1,1,0,0,0,0,0
13442,2,1,1,1,1,1,1,2,1,1,1,1,1,1,2,1,1,1,1,1,1
13443,0,0,0,0,0,0,0,0,0,0,0,0,0,0,0,0,0,0,0,0,0
13444,0,0,0,0,0,0,0,0,0,0,0,0,0,0,0,0,0,0,0,0,0
13445,42,51,61,59,50,41,35,42,52,62,61,52,43,37,42,49,58,57,48,40,33
13446,362,358,399,382,377,301,329,371,377,415,389,374,300,329,350,334,378,365,363,305,330
13447,0,0,0,0,0,0,0,0,0,0,0,0,0,0,0,0,0,0,0,0,0
13448,0,0,0,0,0,0,0,0,0,0,0,0,0,0,0,0,0,0,0,0,0
13449,0,0,0,0,0,0,0,0,0,0,0,0,0,0,0,0,0,0,0,0,0
13450,0,0,0,0,0,0,0,0,0,0,0,0,0,0,0,0,0,0,0,0,0
13451,1,1,0,0,0,0,0,1,1,0,0,0,0,0,1,1,0,0,0,0,0
13452,2,2,2,1,1,1,1,2,1,1,1,1,1,1,2,1,1,1,1,1,1
13453,3,3,3,3,3,2,3,3,3,3,3,3,2,3,3,3,3,3,3,2,3
13454,2,3,3,2,2,1,1,2,3,3,2,2,1,1,2,3,3,2,2,1,1
13455,1,1,1,1,1,0,1,1,1,1,1,1,1,1,1,1,1,1,1,0,1
13456,1,1,1,0,0,1,1,1,1,1,0,0,1,1,1,0,0,0,0,1,1
13457,10,20,32,38,45,55,66,78,80,92,107,110,115,127,130,127,120,108,99,93,85
13458,4,5,5,5,5,3,3,4,5,5,5,5,3,3,4,5,5,5,5,3,3
13459,13,16,20,23,19,14,13,13,16,19,23,19,14,12,13,16,19,23,19,14,13
13460,4,4,5,6,7,5,5,4,4,5,6,7,5,5,4,4,5,6,7,5,5
13461,0,0,0,0,0,0,0,0,0,0,0,0,0,0,0,0,0,0,0,0,0
13462,5,6,6,8,8,8,7,5,6,6,8,8,8,7,5,6,6,8,8,8,7
13463,0,0,0,0,0,0,0,0,0,0,0,0,0,0,0,0,0,0,0,0,0
13464,155,168,166,164,150,137,138,159,172,167,162,147,144,153,147,138,132,130,120,121,123
13465,27,27,29,26,25,20,22,26,27,29,26,23,20,22,23,22,23,19,17,16,19
13466,19,21,24,20,16,12,12,19,21,24,20,16,12,12,19,21,24,20,16,12,12
13467,0,0,0,0,0,0,0,0,0,0,0,0,0,0,0,0,0,0,0,0,0
13468,9,9,10,9,8,7,7,8,9,9,9,7,6,6,7,8,8,8,7,6,6
13469,6,7,7,7,7,6,6,6,7,7,7,7,6,6,6,6,6,7,7,6,6
13470,25,27,28,27,24,22,23,26,28,27,24,21,19,20,22,23,22,21,19,18,20
13471,13,13,11,10,9,8,9,10,11,10,9,8,7,8,10,10,10,9,8,7,9
13472,44,46,43,38,34,28,29,33,36,36,34,31,27,28,32,34,33,32,29,26,27
13473,4,3,3,3,2,2,2,2,3,3,3,2,2,2,2,2,3,2,2,2,2
13474,34,39,38,35,32,28,28,32,37,37,33,28,25,26,30,34,33,30,27,25,27
13475,1,1,1,1,1,1,1,1,1,1,1,1,1,1,1,1,1,1,1,1,1
13476,0,0,0,0,0,0,0,0,0,0,0,0,0,0,0,0,0,0,0,0,0
13477,1,1,1,1,1,1,1,1,1,1,1,1,1,1,1,1,1,1,1,1,1
13478,15,16,15,14,12,11,12,15,18,19,16,13,11,12,14,16,16,14,13,12,13
13479,0,0,0,0,0,0,0,0,1,1,0,0,0,0,0,0,0,0,0,0,0
13480,0,0,0,0,0,0,0,0,0,0,0,0,0,0,0,0,0,0,0,0,0
13481,0,0,0,0,0,0,0,0,0,0,0,0,0,0,0,0,0,0,0,0,0
13482,2,1,3,2,1,1,1,1,2,3,2,2,1,1,3,3,3,2,1,1,1
13483,2,3,3,3,2,2,2,3,3,3,3,2,2,2,3,3,3,3,2,2,2
13484,9,10,10,9,8,8,8,9,10,10,9,8,7,7,9,10,10,9,8,7,7
13485,5,5,5,5,4,4,4,5,5,5,5,4,4,4,5,5,5,5,4,4,4
13486,17,16,16,15,13,11,11,13,14,15,14,12,10,10,12,13,14,13,12,11,11
13487,7,7,6,5,5,4,4,5,6,6,5,5,5,5,6,6,6,5,5,5,5
13488,8,7,6,6,6,5,5,6,6,6,5,5,5,5,6,6,6,6,5,5,6
13489,4,4,4,4,3,3,3,4,4,4,4,3,3,3,4,4,4,4,3,3,3
13490,3,2,2,2,2,2,2,2,2,3,2,2,2,2,3,3,3,3,2,2,2
13491,1,1,1,1,1,1,1,2,1,1,1,1,1,1,1,1,1,1,1,1,1
13492,2,1,1,1,1,1,1,2,1,1,1,1,1,1,2,1,1,1,1,1,1
13493,2,2,3,3,2,2,2,2,2,2,2,2,2,2,2,2,2,2,2,2,2
13494,7,10,10,9,8,6,6,7,10,10,9,8,6,6,7,10,10,9,8,6,6
13495,4,4,4,4,3,3,3,4,5,5,5,4,4,4,6,6,6,5,4,4,4
13496,9,10,10,10,10,10,10,13,15,13,12,11,10,11,12,12,11,10,10,11,10
13497,3,3,3,3,3,2,2,3,3,3,3,3,2,2,3,3,3,3,3,2,2
13498,4,4,3,3,3,3,3,4,3,3,3,3,2,3,4,3,3,3,3,2,3
13499,1,0,0,0,1,0,0,1,0,0,0,1,0,0,1,0,0,0,1,0,0
13500,1,1,1,1,1,1,1,1,2,1,1,1,1,1,2,2,2,1,1,1,1
13501,22,25,24,24,24,21,23,27,31,29,27,24,23,26,26,25,22,21,20,19,22
13502,1,0,0,0,1,1,1,1,0,0,0,1,1,1,1,0,0,0,1,1,1
13503,0,0,0,0,0,0,0,0,0,0,0,0,0,0,0,0,0,0,0,0,0
13504,0,0,0,0,0,0,0,0,0,0,0,0,0,0,0,0,0,0,0,0,0
13505,0,0,0,0,0,0,0,0,0,0,0,0,0,0,0,0,0,0,0,0,0
13506,0,0,0,0,0,0,0,0,0,0,0,0,0,0,0,0,0,0,0,0,0
13507,0,0,0,0,0,0,0,0,0,0,0,0,0,0,0,0,0,0,0,0,0
13508,5,6,5,4,4,3,3,3,4,4,4,3,3,3,4,5,5,4,4,3,3
13509,17,16,13,11,10,12,14,15,15,14,12,12,13,16,16,16,14,12,11,13,15
13510,1,1,1,0,0,1,1,1,1,1,0,0,1,1,1,1,1,0,0,1,1
13511,1,1,1,1,0,0,0,1,1,1,1,0,0,0,1,1,1,1,0,0,0
13512,0,0,0,0,0,0,0,0,0,0,0,0,0,0,0,0,0,0,0,0,0
13513,0,0,0,0,0,0,0,0,0,0,0,0,0,0,0,0,0,0,0,0,0
13514,0,0,0,0,0,0,0,0,0,0,0,0,0,0,0,0,0,0,0,0,0
13515,0,0,0,0,0,0,0,0,0,0,0,0,0,0,0,0,0,0,0,0,0
13516,2,4,3,2,2,3,2,2,4,3,2,2,3,2,2,4,3,2,2,3,2
13517,0,0,0,0,0,0,0,0,0,0,0,0,0,0,0,0,0,0,0,0,0
13518,1,1,0,1,2,2,1,1,1,0,1,2,2,1,1,1,0,1,2,2,1
13519,4,4,5,5,4,4,4,4,4,5,5,4,4,4,3,4,5,5,4,4,4
13520,3,2,1,0,0,0,1,2,2,1,0,0,1,2,4,2,1,0,0,0,1
13521,73,78,78,66,64,58,62,73,78,78,66,64,58,62,73,78,78,66,64,58,62
13522,0,0,0,0,0,0,0,0,0,0,0,0,0,0,0,0,0,0,0,0,0
13523,0,0,1,1,1,1,1,2,2,2,2,3,3,2,2,2,2,3,3,3,2
13524,0,0,0,0,0,0,0,0,0,0,0,0,0,0,0,0,0,0,0,0,0
13525,0,0,0,0,0,0,0,0,0,0,0,0,0,0,0,0,0,0,0,0,0
13526,0,0,0,0,0,0,0,0,0,0,0,0,0,0,0,0,0,0,0,0,0
13527,0,0,0,0,0,0,0,0,0,0,0,0,0,0,0,0,0,0,0,0,0
13528,0,0,0,0,0,0,0,0,0,0,0,0,0,0,0,0,0,0,0,0,0
13529,1,1,0,0,0,0,0,0,0,0,0,0,0,0,1,1,0,0,0,0,0
13530,1,1,1,1,1,1,1,1,1,1,1,1,1,0,0,0,0,0,0,0,0
13531,0,0,0,0,0,0,0,0,0,0,0,0,0,0,0,0,0,0,0,0,0
13532,0,0,0,0,0,0,0,0,0,0,0,0,0,0,0,0,0,0,0,0,0
13533,0,0,0,0,0,0,0,0,0,0,0,0,0,0,0,0,0,0,0,0,0
13534,10,11,12,11,10,8,8,9,11,12,11,10,9,9,10,12,12,12,11,9,9
13535,0,0,0,0,0,0,0,0,0,0,0,0,0,0,0,0,0,0,0,0,0
13536,0,0,0,0,0,0,0,0,0,0,0,0,0,0,0,0,0,0,0,0,0
13537,0,0,0,0,0,0,0,0,0,0,0,1,0,0,0,0,0,0,1,0,0
13538,40,51,56,61,60,52,48,55,67,64,61,52,40,37,40,48,52,54,48,43,37
13539,6,5,5,4,5,5,6,9,11,13,13,11,11,12,14,16,15,13,12,12,13
13540,0,0,0,0,0,0,0,0,0,0,0,0,0,0,0,0,0,0,0,0,0
13541,6,5,4,6,6,6,6,6,5,4,6,6,6,6,6,5,4,6,6,6,6
13542,8,8,9,9,7,6,6,7,8,9,9,8,6,6,8,9,10,10,9,8,7
13543,0,0,0,0,0,0,0,0,0,0,0,0,0,0,0,0,0,0,0,0,0
13544,0,0,0,0,0,0,0,0,0,0,0,0,0,0,0,0,0,0,0,0,0
13545,0,0,0,0,0,0,0,0,0,0,0,0,0,0,0,0,0,0,0,0,0
13546,2,2,3,3,2,2,2,2,2,3,3,2,2,2,2,2,3,3,2,2,2
13547,8,7,11,10,10,7,6,8,7,11,10,10,7,6,8,7,11,10,10,7,6
13548,2,2,2,2,2,2,2,2,2,2,2,1,1,2,2,2,2,2,1,1,2
13549,0,0,0,0,0,0,0,0,0,0,0,0,0,0,0,0,0,0,0,0,0
13550,1,1,1,1,1,1,1,1,1,1,1,1,1,1,1,1,1,1,1,0,0
13551,1,1,0,0,0,0,0,0,0,0,0,0,0,0,0,0,0,0,0,0,0
13552,1,1,1,1,1,1,1,1,1,1,1,1,1,1,1,1,1,1,1,1,1
13553,13,15,18,15,13,10,9,13,16,19,16,14,10,9,13,15,19,16,15,12,11
13554,7,7,6,6,5,4,6,6,7,6,6,5,4,7,7,7,7,6,6,5,8
13555,10,10,10,9,9,8,8,10,10,10,9,9,8,8,10,10,10,9,9,8,8
13556,0,0,0,0,0,0,0,0,0,0,0,0,0,0,0,0,0,0,0,0,0
13557,0,0,0,0,0,0,0,0,0,0,0,0,0,0,0,0,0,0,0,0,0
13558,0,0,0,0,0,0,0,0,0,0,0,0,0,0,0,0,0,0,0,0,0
13559,0,0,0,0,0,0,0,0,0,0,0,0,0,0,0,0,0,0,0,0,0
13560,0,0,0,0,0,0,0,0,0,0,0,0,0,0,0,0,0,0,0,0,0
13561,1,1,1,1,1,1,1,1,1,1,1,1,1,1,1,1,1,1,1,1,1
13562,1,1,2,1,1,1,1,1,1,2,1,1,1,1,1,1,2,1,1,1,1
13563,3,3,3,3,3,2,2,3,3,3,3,3,2,2,3,3,3,3,3,2,2
13564,0,0,0,0,0,0,0,0,0,0,0,0,0,0,0,0,0,0,0,0,0
13565,2,2,3,3,3,2,2,2,2,3,3,3,2,2,2,2,3,3,3,2,2
13566,5,6,6,6,6,6,5,6,6,6,6,6,6,5,6,7,6,6,6,6,5
13567,2,2,2,1,1,2,2,2,2,2,1,1,2,2,2,2,2,1,1,2,2
13568,1,1,1,1,1,1,1,1,1,1,1,1,1,1,1,1,1,1,1,1,1
13569,0,0,0,0,0,0,0,0,0,0,0,0,0,0,0,0,0,0,0,0,0
13570,1,1,1,1,1,1,1,2,2,2,1,1,1,2,2,2,2,2,1,1,2
13571,0,0,0,0,0,0,0,0,0,0,0,0,0,0,0,0,0,0,0,0,0
13572,3,3,3,2,2,2,2,3,3,3,2,2,2,2,3,3,3,2,2,2,2
13573,0,0,0,0,0,0,0,0,0,0,0,0,0,0,0,0,0,0,0,0,0
13574,1,1,1,1,1,1,1,1,1,1,1,1,1,1,1,1,1,1,1,1,1
13575,0,0,0,0,0,0,0,0,0,0,0,0,0,0,0,0,0,0,0,0,0
13576,6,6,6,5,5,4,4,5,6,6,5,5,4,4,5,6,6,5,5,4,4
13577,2,2,3,2,2,2,2,2,2,3,2,2,2,2,2,2,3,2,2,2,2
13578,4,5,4,4,2,3,3,4,5,4,4,2,3,3,4,5,4,4,2,3,3
13579,4,4,4,3,2,2,2,3,3,4,3,2,2,3,4,4,4,3,3,3,3
13580,1,1,1,1,1,1,1,1,1,1,1,1,1,1,1,1,1,1,1,1,1
13581,0,0,0,0,0,0,0,0,0,0,0,0,0,0,0,0,0,0,0,0,0
13582,4,4,4,4,4,3,3,4,4,4,4,4,3,3,4,4,4,4,4,3,3
13583,0,0,0,0,0,0,0,0,0,0,0,0,0,0,0,0,0,0,0,0,0
13584,2,2,2,2,2,1,1,2,2,2,2,2,1,1,2,2,2,2,2,1,1
13585,2,3,2,2,2,2,2,3,3,2,2,2,2,2,3,3,2,2,2,2,2
13586,0,0,0,0,0,0,0,0,0,0,0,0,0,0,0,0,0,0,0,0,0
13587,1,1,1,1,0,0,1,1,1,1,1,0,0,1,1,1,1,1,0,0,1
13588,0,0,0,0,0,0,0,0,0,0,0,0,0,0,0,0,0,0,0,0,0
13589,7,7,6,6,5,6,6,7,7,6,6,5,6,6,7,7,6,6,5,6,6
13590,13,13,12,11,10,9,10,13,13,12,11,10,9,10,13,13,12,11,10,9,10
13591,3,3,2,2,3,3,3,3,3,3,2,3,3,3,3,3,3,2,3,3,3
13592,6,7,6,5,5,5,6,6,7,6,5,5,5,6,6,7,6,5,5,5,6
13593,0,0,0,0,0,0,0,0,0,0,0,0,0,0,0,0,0,0,0,0,0
13594,2,2,2,2,2,1,1,2,2,2,2,2,1,1,2,2,2,2,2,1,1
13595,2,2,2,2,2,2,2,2,2,2,2,2,2,2,2,2,2,2,2,2,2
13596,1,1,1,1,1,1,1,1,1,1,1,1,1,1,1,1,1,1,1,1,1
13597,0,0,0,0,0,0,0,0,0,0,0,0,0,0,0,0,0,0,0,0,0
13598,6,6,6,5,4,4,4,6,6,6,5,4,4,4,6,6,5,5,4,4,4
13599,4,5,4,4,4,4,4,5,5,4,4,4,4,4,5,5,4,4,4,4,4
13600,1,1,1,1,1,1,1,1,1,1,1,1,1,1,1,1,1,1,1,1,1
13601,0,1,0,0,0,0,1,1,1,1,0,0,0,1,1,1,1,0,0,0,1
13602,0,0,0,0,0,0,0,0,0,0,0,0,0,0,0,0,0,0,0,0,0
13603,2,2,2,1,1,1,1,2,2,2,1,1,1,1,2,2,2,1,1,1,1
13604,2,3,2,3,2,2,2,3,3,3,3,2,2,2,3,4,3,3,3,3,3
13605,0,0,0,0,0,0,0,0,0,0,0,0,0,0,0,0,0,0,0,0,0
13606,0,1,1,0,1,0,1,1,1,1,0,1,0,1,1,1,1,1,1,0,1
13607,14,16,17,17,14,13,13,18,19,19,16,12,11,11,18,20,20,18,16,15,16
13608,1,1,1,1,1,1,1,1,1,1,1,1,1,1,1,1,1,1,1,1,1
13609,2,2,2,2,2,1,1,2,2,2,2,2,1,1,2,2,2,2,2,1,1
13610,0,0,0,0,0,0,0,0,0,0,0,0,0,0,0,0,0,0,0,0,0
13611,14,14,12,11,10,10,11,14,14,12,11,10,10,11,14,14,12,11,10,10,11
13612,1,1,1,0,0,1,0,1,1,1,0,0,1,0,1,1,1,0,0,1,0
13613,1,1,1,0,0,0,1,1,1,1,0,0,0,1,1,1,1,0,0,0,1
13614,0,0,0,0,0,0,0,0,0,0,0,0,0,0,0,0,0,0,0,0,0
13615,1,1,1,1,1,1,1,2,2,1,1,1,1,2,2,2,2,1,1,2,2
13616,3,2,2,2,2,2,2,3,2,2,2,2,2,2,3,2,2,2,2,2,2
13617,0,0,0,0,0,0,0,0,0,0,0,0,0,0,0,0,0,0,0,0,0
13618,0,0,0,0,0,0,0,0,0,0,0,0,0,0,0,0,0,0,0,0,0
13619,0,0,0,0,0,0,0,0,0,0,0,0,0,0,0,0,0,0,0,0,0
13620,0,0,0,0,0,0,0,0,0,0,0,0,0,0,0,0,0,0,0,0,0
13621,0,0,0,0,0,0,0,0,0,0,0,0,0,0,0,0,0,0,0,0,0
13622,0,0,0,0,0,0,0,0,0,0,0,0,0,0,0,0,0,0,0,0,0
13623,0,0,0,0,0,0,0,0,0,0,0,0,0,0,0,0,0,0,0,0,0
13624,0,0,0,0,0,0,0,0,0,0,0,0,0,0,0,0,0,0,0,0,0
13625,0,0,0,0,0,0,0,0,0,0,0,0,0,0,0,0,0,0,0,0,0
13626,0,0,0,0,0,0,0,0,0,0,0,0,0,0,0,0,0,0,0,0,0
13627,0,0,0,0,0,0,0,0,0,0,0,0,0,0,0,0,0,0,0,0,0
13628,0,0,0,0,0,0,0,0,0,0,0,0,0,0,0,0,0,0,0,0,0
13629,0,0,0,0,0,0,0,0,0,0,0,0,0,0,0,0,0,0,0,0,0
13630,0,0,0,0,0,0,0,0,0,0,0,0,0,0,0,0,0,0,0,0,0
13631,0,0,0,0,0,0,0,0,0,0,0,0,0,0,0,0,0,0,0,0,0
13632,0,0,0,0,0,0,0,0,0,0,0,0,0,0,0,0,0,0,0,0,0
13633,0,0,0,0,0,0,0,0,0,0,0,0,0,0,0,0,0,0,0,0,0
13634,0,0,0,0,0,0,0,0,0,0,0,0,0,0,0,0,0,0,0,0,0
13635,0,0,0,0,0,0,0,0,0,0,0,0,0,0,0,0,0,0,0,0,0
13636,0,0,0,0,0,0,0,0,0,0,0,0,0,0,0,0,0,0,0,0,0
13637,0,0,0,0,0,0,0,0,0,0,0,0,0,0,0,0,0,0,0,0,0
13638,0,0,0,0,0,0,0,0,0,0,0,0,0,0,0,0,0,0,0,0,0
13639,0,0,0,0,0,0,0,0,0,0,0,0,0,0,0,0,0,0,0,0,0
13640,0,0,0,0,0,0,0,0,0,0,0,0,0,0,0,0,0,0,0,0,0
13641,0,0,0,0,0,0,0,0,0,0,0,0,0,0,0,0,0,0,0,0,0
13642,0,0,0,0,0,0,0,0,0,0,0,0,0,0,0,0,0,0,0,0,0
13643,0,0,0,0,0,0,0,0,0,0,0,0,0,0,0,0,0,0,0,0,0
13644,3,3,3,3,2,2,2,3,3,3,3,3,2,2,3,4,4,4,3,3,4
13645,0,0,0,0,0,0,0,0,0,0,0,0,0,0,0,0,0,0,0,0,0
13646,0,0,0,0,0,0,0,0,0,0,0,0,0,0,0,0,0,0,0,0,0
13647,0,0,0,0,0,0,0,0,0,0,0,0,0,0,0,0,0,0,0,0,0
13648,0,1,1,0,0,0,0,0,1,1,0,0,0,0,0,1,1,0,0,0,0
13649,0,0,0,0,0,0,0,0,0,0,0,0,0,0,0,0,0,0,0,0,0
13650,4,5,5,5,5,4,4,4,5,5,5,5,4,4,4,5,5,5,5,4,4
13651,0,0,0,0,0,0,0,0,0,0,0,0,0,0,0,0,0,0,0,0,0
13652,20,21,21,20,18,17,19,21,23,22,17,12,10,9,10,10,10,9,8,8,11
13653,0,0,0,0,0,0,0,0,0,0,0,0,0,0,0,0,0,0,0,0,0
13654,0,0,0,0,0,0,0,0,0,0,0,0,0,0,0,0,0,0,0,0,0
13655,3,4,4,3,3,3,3,3,4,4,3,3,3,3,3,4,4,3,3,3,3
13656,2,3,2,2,2,2,1,2,3,2,2,2,2,1,2,3,2,2,2,2,1
13657,3,3,3,3,2,2,2,3,3,3,3,2,2,2,3,3,3,3,2,2,2
13658,0,0,0,0,0,0,0,0,0,0,0,0,0,0,0,0,0,0,0,0,0
13659,0,0,0,0,0,0,0,0,0,0,0,0,0,0,0,0,0,0,0,0,0
13660,7,8,9,8,7,6,6,7,8,9,8,7,6,6,7,8,9,8,7,6,6
13661,1,1,1,1,1,1,1,1,2,1,1,1,1,1,1,2,1,1,1,1,1
13662,0,0,0,1,0,0,0,0,0,0,1,0,0,0,0,0,0,1,0,0,0
13663,0,0,0,0,0,0,0,0,0,0,0,0,0,0,0,0,0,0,0,0,0
13664,0,0,0,0,0,0,0,0,0,0,0,1,1,1,1,1,1,1,1,1,1
13665,0,0,0,0,0,0,0,0,0,0,0,0,0,0,0,0,0,0,0,0,0
13666,23,29,30,30,25,21,19,22,27,29,29,24,20,18,21,25,26,25,20,17,15
13667,11,11,15,16,14,11,9,10,11,15,16,14,11,9,11,11,15,16,14,11,9
13668,0,0,0,0,0,0,0,0,0,0,0,0,0,0,0,0,0,0,0,0,0
13669,13,20,25,28,27,13,9,13,20,25,28,27,13,9,13,20,25,28,27,13,9
13670,0,0,0,0,0,0,0,0,0,0,0,0,0,0,0,0,0,0,0,0,0
13671,0,0,0,0,0,0,0,0,0,0,0,0,0,0,0,0,0,0,0,0,0
13672,1,2,3,3,3,2,1,1,2,3,3,3,2,1,1,2,3,3,3,2,1
13673,28,34,36,34,26,21,23,28,33,35,33,25,20,23,28,33,35,33,25,20,23
13674,1,0,0,0,1,1,1,1,0,0,0,1,1,1,1,0,0,0,1,1,1
13675,2,2,2,2,2,2,2,2,2,2,2,2,2,2,2,2,2,2,2,2,2
13676,0,0,0,0,0,0,0,0,0,0,0,0,0,0,0,0,0,0,0,0,0
13677,0,0,0,0,0,0,0,0,0,0,0,0,0,0,0,0,0,0,0,0,0
13678,1,0,1,0,0,1,1,1,0,0,0,0,1,1,1,0,0,0,0,1,1
13679,7,9,10,10,11,11,12,14,15,17,17,15,14,14,15,15,13,11,9,9,8
13680,0,0,0,0,0,0,0,0,0,0,0,0,0,0,0,0,0,0,0,0,0
13681,0,0,0,0,0,0,0,0,0,0,0,0,0,0,0,0,0,0,0,0,0
13682,0,0,0,0,0,0,0,0,0,0,0,0,0,0,0,0,0,0,0,0,0
13683,0,0,0,0,0,0,0,0,0,0,0,0,0,0,0,0,0,0,0,0,0
13684,1,1,1,1,1,1,1,1,1,1,1,1,1,1,1,1,1,1,1,1,1
13685,3,4,4,4,4,3,3,3,4,4,4,4,3,3,3,4,4,4,4,3,3
13686,0,0,0,1,0,0,0,0,0,0,1,0,0,0,0,0,0,1,0,0,0
13687,7,7,7,7,6,5,5,6,6,7,6,6,5,5,6,7,7,7,6,5,5
13688,0,0,1,1,0,0,0,0,0,1,1,0,0,0,0,0,1,1,0,0,0
13689,0,0,0,0,0,0,0,0,0,0,0,0,0,0,0,0,0,0,0,0,0
13690,4,3,3,3,2,2,2,3,3,3,3,2,2,3,3,3,3,3,2,2,3
13691,1,1,1,1,1,1,1,1,1,1,1,1,1,1,1,1,1,1,1,1,1
13692,0,0,0,1,0,0,0,0,0,0,1,0,0,0,0,0,0,1,0,0,0
13693,7,10,11,9,10,8,7,7,10,11,9,10,8,7,7,10,12,9,10,8,7
13694,0,0,1,0,0,0,1,1,1,1,0,0,0,0,1,1,0,0,0,0,0
13695,1,1,1,1,1,1,1,1,1,1,1,1,1,1,1,1,1,1,1,1,1
13696,0,0,0,0,0,0,0,0,0,0,0,0,0,0,0,0,0,0,0,0,0
13697,0,0,0,0,0,0,0,0,0,0,0,0,0,0,0,0,0,0,0,0,0
13698,1,1,1,1,1,1,1,1,1,1,1,1,1,1,1,1,1,1,1,1,1
13699,8,9,10,11,10,8,7,9,9,11,11,10,8,7,9,9,11,11,10,8,7
13700,1,1,1,0,0,0,0,1,1,1,0,0,0,0,1,1,1,0,0,0,0
13701,5,5,7,7,7,5,3,5,6,7,7,7,5,3,5,6,7,7,7,5,3
13702,2,2,2,1,2,2,1,2,2,2,1,2,2,1,2,2,2,2,2,2,1
13703,0,0,0,0,0,0,0,0,0,0,0,0,0,0,0,0,0,0,0,0,0
13704,0,0,0,0,0,0,0,0,0,0,0,0,0,0,0,0,0,0,0,0,0
13705,0,0,0,0,0,0,0,0,0,0,0,0,0,0,0,0,0,0,0,0,0
13706,0,0,0,0,0,0,0,0,0,0,0,0,0,0,0,0,0,0,0,0,0
13707,0,0,0,0,0,0,0,0,0,0,0,0,0,0,0,0,0,0,0,0,0
13708,0,0,0,0,0,0,0,0,0,0,0,0,0,0,0,0,0,0,0,0,0
13709,2,3,3,3,2,2,2,3,3,3,3,2,3,3,3,4,3,3,3,3,3
13710,2,2,1,2,1,1,1,2,2,1,2,1,1,1,2,2,1,2,1,1,1
13711,53,59,60,54,48,43,43,55,64,67,58,48,42,43,52,56,56,49,42,38,38
13712,0,0,0,0,0,0,0,0,0,0,0,0,0,0,0,0,0,0,0,0,0
13713,0,0,0,0,0,0,0,0,0,0,0,0,0,0,0,0,0,0,0,0,0
13714,0,0,0,0,0,0,0,0,0,0,0,0,0,0,0,0,0,0,0,0,0
13715,20,23,24,22,20,18,16,20,22,23,21,19,16,14,17,21,24,23,20,18,15
13716,45,52,63,66,59,47,46,49,52,61,61,51,38,35,39,47,60,62,54,42,39
13717,2,2,2,2,1,1,1,2,2,2,2,1,1,1,2,2,2,2,1,1,1
13718,61,67,68,60,53,48,49,56,61,61,52,45,42,46,53,55,56,50,46,43,45
13719,0,0,0,0,0,0,0,0,0,0,0,0,0,0,0,0,0,0,0,0,0
13720,40,51,54,53,43,37,36,47,59,60,56,42,35,35,43,52,51,48,35,30,29
13721,12,13,14,12,10,8,8,11,13,14,13,10,9,9,12,14,14,13,11,9,9
13722,0,0,0,0,0,0,0,0,0,0,0,0,0,0,0,0,0,0,0,0,0
13723,1,2,2,2,2,2,1,1,2,2,2,2,2,1,1,2,2,2,2,2,1
13724,71,85,90,80,69,65,64,71,85,89,79,68,65,64,71,85,89,79,68,65,64
13725,0,0,0,0,0,0,0,0,0,0,0,0,0,0,0,0,0,0,0,0,0
13726,7,9,11,11,8,6,5,7,9,11,11,8,6,6,7,9,11,11,8,6,5
13727,1,1,1,1,1,1,1,1,1,1,1,1,1,1,1,1,1,1,1,1,1
13728,12,13,14,13,12,9,9,11,13,14,13,11,9,9,11,12,13,12,10,8,8
13729,13,13,15,13,11,10,10,12,13,14,13,11,10,10,12,13,15,13,11,10,10
13730,10,10,8,8,8,7,7,9,11,9,10,9,8,8,10,11,9,9,8,7,7
13731,1,1,1,1,1,1,1,1,1,1,1,1,1,1,1,1,1,1,1,1,1
13732,24,25,22,19,16,14,14,16,19,18,14,11,10,12,16,19,19,17,14,13,14
13733,1,1,1,2,1,1,1,1,1,1,1,1,1,1,1,1,1,1,1,1,1
13734,0,0,0,0,0,0,0,0,0,0,0,0,0,0,0,0,0,0,0,0,0
13735,1,1,1,1,0,0,0,1,1,1,1,0,0,0,1,1,1,1,0,0,0
13736,0,0,0,0,0,0,0,0,0,0,0,0,0,0,0,0,0,0,0,0,0
13737,24,43,51,43,29,12,7,24,43,51,43,29,12,7,24,43,51,43,29,12,7
13738,4,3,3,2,2,2,2,2,1,1,1,1,1,1,1,1,1,1,1,1,2
13739,0,0,0,0,0,0,0,0,0,0,0,0,0,0,0,0,0,0,0,0,0
13740,0,0,0,0,0,0,0,0,0,0,0,0,0,0,0,0,0,0,0,0,0
13741,0,0,0,0,0,0,0,0,0,0,0,0,0,0,0,0,0,0,0,0,0
13742,0,0,0,0,0,0,0,0,0,0,0,0,0,0,0,0,0,0,0,0,0
13743,0,0,0,0,0,0,0,0,0,0,0,0,0,0,0,0,0,0,0,0,0
13744,0,0,0,0,0,0,0,0,0,0,0,0,0,0,0,0,0,0,0,0,0
13745,0,0,0,0,0,0,0,0,0,0,0,0,0,0,0,0,0,0,0,0,0
13746,0,0,0,0,0,0,0,0,0,0,0,0,0,0,0,0,0,1,1,1,1
13747,0,0,0,0,0,0,0,0,0,0,0,0,0,0,0,0,0,0,0,0,0
13748,0,0,0,0,0,0,0,0,0,0,0,0,0,0,0,0,0,0,0,0,0
13749,0,0,0,0,0,0,0,0,0,0,0,0,0,0,0,0,0,0,0,0,0
13750,0,0,0,0,0,0,0,0,0,0,0,0,0,0,0,0,0,0,0,0,0
13751,0,0,0,0,0,0,0,0,0,0,0,0,0,0,0,0,0,0,0,0,0
13752,0,0,0,0,0,0,0,0,0,0,0,0,0,0,0,0,0,0,0,0,0
13753,2,2,3,2,2,2,2,2,2,3,2,2,2,2,2,2,3,2,2,2,2
13754,0,0,0,0,0,0,0,0,0,0,0,0,0,0,0,0,0,0,0,0,0
13755,2,2,2,1,1,1,1,2,2,2,1,1,1,1,2,2,2,1,1,1,1
13756,0,1,0,0,0,0,0,0,1,0,0,0,0,0,0,1,0,0,0,0,0
13757,0,1,1,1,0,0,0,0,1,1,1,0,0,0,0,1,1,1,0,0,0
13758,0,0,0,0,0,0,0,0,0,0,0,0,0,0,0,0,0,0,0,0,0
13759,0,0,0,0,0,0,0,0,0,0,0,0,0,0,0,0,0,0,0,0,0
13760,2,2,1,1,1,1,1,1,2,2,1,1,1,1,2,2,2,1,1,1,1
13761,0,0,0,0,0,0,0,0,0,0,0,0,0,0,0,0,0,0,0,0,0
13762,0,0,0,0,0,0,0,0,0,0,0,0,0,0,0,0,0,0,0,0,0
13763,17,18,17,16,14,13,14,16,17,16,15,13,12,14,15,16,15,14,12,12,14
13764,29,33,33,29,25,22,22,29,33,33,29,25,22,22,29,33,33,29,25,22,22
13765,12,13,12,12,11,10,10,12,13,12,12,11,10,10,12,13,12,12,11,10,10
13766,3,4,3,3,2,2,2,2,3,3,3,2,2,2,3,3,3,2,2,2,2
13767,0,0,1,0,0,0,0,1,0,1,0,0,1,0,1,1,1,0,0,1,1
13768,1,1,1,1,1,1,1,1,1,1,1,1,1,1,1,1,1,1,1,1,1
13769,2,2,2,2,2,2,2,2,3,2,2,1,2,2,2,2,2,2,1,2,2
13770,0,0,0,0,0,0,0,0,0,0,0,0,0,0,0,0,0,0,0,0,0
13771,0,0,0,0,0,0,0,0,0,0,0,0,0,0,0,0,0,0,0,0,0
13772,0,0,0,0,0,0,0,0,0,0,0,0,0,0,0,0,0,0,0,0,0
13773,97,99,98,93,86,81,86,100,107,107,99,88,82,86,92,92,92,86,78,75,79
13774,0,1,1,1,1,1,1,0,1,1,1,1,1,1,0,1,1,1,1,1,1
13775,0,0,0,0,0,0,0,0,0,0,0,0,0,0,0,0,0,0,0,0,0
13776,2,2,1,1,1,1,2,2,2,1,1,1,1,2,2,2,1,1,1,1,2
13777,0,0,0,0,0,0,0,0,0,0,0,0,0,0,0,0,0,0,0,0,0
13778,4,4,4,4,4,3,3,4,4,4,4,4,3,3,4,4,4,4,4,3,3
13779,10,12,12,11,10,8,8,10,12,12,11,10,8,8,10,12,12,11,10,8,8
13780,9,8,7,7,6,5,6,8,8,8,7,6,5,6,8,8,7,6,5,5,6
13781,12,14,19,17,14,9,9,12,14,18,16,14,8,9,12,14,18,16,14,9,9
13782,46,48,49,44,40,35,37,47,47,43,35,29,26,30,40,41,41,36,33,30,29
13783,23,29,35,35,29,19,19,24,30,35,35,28,18,18,24,28,34,33,28,18,18
13784,3,3,4,4,3,2,3,3,3,3,3,3,2,3,3,3,4,3,3,2,3
13785,14,15,17,16,15,13,12,14,14,16,16,15,12,12,13,15,17,16,15,13,13
13786,2,2,1,1,1,1,1,1,1,1,1,1,1,1,1,1,2,1,1,1,1
13787,2,3,3,2,2,2,2,2,3,3,2,2,2,2,2,3,2,2,2,2,2
13788,3,3,3,3,2,2,2,2,2,3,2,2,2,2,2,2,3,3,2,2,2
13789,6,9,12,12,10,5,5,6,9,12,13,10,5,5,6,9,12,13,10,5,5
13790,8,10,18,17,15,8,7,9,10,18,17,15,8,7,9,10,18,17,15,8,7
13791,1,1,1,1,1,1,1,1,1,1,1,1,1,1,1,1,1,1,1,1,1
13792,1,1,1,1,1,1,1,1,1,1,1,1,1,1,1,1,1,1,1,1,1
13793,3,3,3,3,2,2,2,3,3,3,3,2,2,2,2,3,3,3,2,2,2
13794,4,5,8,8,8,4,4,4,5,8,8,8,4,4,4,5,8,8,8,4,4
13795,2,2,2,2,2,1,1,2,2,2,2,2,2,2,2,3,3,2,2,2,2
13796,31,38,44,44,36,26,26,34,40,46,44,35,26,27,34,40,45,43,36,27,29
13797,5,5,7,7,6,5,4,5,5,7,7,6,5,4,5,5,7,7,6,5,4
13798,1,1,1,1,1,1,1,1,1,1,1,1,0,1,1,1,1,1,0,0,0
13799,2,2,1,1,1,1,2,2,2,2,1,1,1,2,2,2,1,1,1,1,1
13800,2,2,2,2,2,2,2,2,2,2,2,2,2,2,2,2,2,2,2,2,2
13801,0,1,1,1,1,1,1,1,1,1,1,1,1,1,1,1,1,1,1,1,0
13802,3,3,4,4,4,3,3,3,3,4,4,4,3,3,3,3,4,5,4,3,3
13803,1,1,1,1,1,1,1,2,2,1,1,1,1,1,2,2,1,1,1,1,1
13804,3,3,4,4,3,2,2,2,3,3,3,3,2,2,2,3,3,3,3,2,2
13805,1,1,1,0,0,0,0,1,1,1,0,0,0,0,1,1,1,0,0,0,0
13806,0,0,1,0,0,0,0,0,0,1,0,0,0,0,0,0,1,0,0,0,0
13807,0,0,0,0,0,0,0,0,0,0,0,0,0,0,0,0,0,0,0,0,0
13808,1,1,1,1,1,1,1,1,1,1,1,1,1,1,1,1,1,1,1,1,1
13809,0,0,0,0,0,0,0,0,0,0,0,0,0,0,0,0,0,0,0,0,0
13810,0,0,0,0,0,0,0,0,0,0,0,0,0,0,0,0,0,0,0,0,0
13811,0,0,0,0,0,0,0,0,0,0,0,0,0,0,0,0,0,0,0,0,0
13812,0,0,0,0,0,0,0,0,0,0,0,0,0,0,0,0,0,0,0,0,0
13813,0,0,0,0,0,0,0,0,0,0,0,0,0,0,0,0,1,2,2,2,2
13814,0,0,0,0,0,0,0,0,0,0,0,0,0,0,0,0,0,0,0,0,0
13815,0,0,0,0,0,0,0,0,0,0,0,0,0,0,0,0,0,0,0,0,0
13816,0,0,0,0,0,0,0,0,0,0,0,0,0,0,0,0,0,0,0,0,0
13817,0,0,0,0,0,0,0,0,0,0,0,0,0,0,0,0,0,0,0,0,0
13818,0,0,0,0,0,0,0,0,0,0,0,0,0,0,0,0,0,0,0,0,0
13819,0,0,0,0,0,0,0,0,0,0,0,0,0,0,0,0,0,0,0,0,0
13820,0,0,0,0,0,0,0,0,0,0,0,0,0,0,0,0,0,0,0,0,0
13821,0,0,0,0,0,1,1,1,1,1,1,1,0,0,0,0,0,0,1,1,1
13822,0,0,0,0,0,0,0,0,0,0,0,0,0,0,0,0,0,0,0,0,0
13823,1,1,1,1,1,1,1,1,1,1,1,1,1,1,1,1,1,1,1,1,1
13824,0,0,0,0,0,0,0,0,0,0,0,0,0,0,0,0,0,0,0,0,0
13825,0,0,0,0,0,0,0,0,0,0,0,0,0,0,0,0,0,0,0,0,0
13826,0,0,0,0,0,0,0,0,0,0,0,0,0,0,0,0,0,0,0,0,0
13827,1,1,1,0,0,0,0,1,1,1,0,0,0,0,1,1,1,0,0,0,0
13828,2,2,2,2,1,1,1,2,2,2,2,1,1,1,2,2,2,2,1,1,1
13829,0,0,0,0,0,0,0,0,0,0,0,0,0,0,0,0,0,0,0,0,0
13830,0,0,0,0,0,0,0,0,0,0,0,0,0,0,0,0,0,0,0,0,0
13831,2,1,1,1,1,2,2,2,1,1,1,1,2,2,2,0,0,0,0,1,1
13832,1,1,1,1,1,2,1,1,1,1,1,1,2,1,1,1,1,1,1,2,1
13833,47,35,35,29,27,36,39,38,29,30,20,17,28,34,34,24,25,15,11,22,26
13834,0,0,0,0,0,0,0,0,0,0,0,0,0,0,0,0,1,1,1,2,2
13835,0,0,0,0,0,0,0,0,0,0,0,0,0,0,0,0,0,0,0,0,0
13836,3,4,4,4,3,3,3,3,4,4,4,3,3,3,3,4,4,4,3,3,3
13837,3,4,4,4,3,3,3,3,4,4,4,3,3,3,3,4,4,4,3,3,3
13838,11,8,7,8,7,5,12,11,8,7,8,7,5,12,11,8,7,8,7,5,12
13839,16,18,22,25,12,20,29,16,18,22,25,12,20,29,16,18,22,25,12,20,29
13840,17,11,10,7,7,5,4,4,7,9,7,7,4,2,3,6,9,7,7,4,3
13841,8,7,8,9,9,9,11,11,5,5,7,7,11,10,6,1,3,6,5,5,5
13842,4,4,4,3,0,0,3,4,4,4,3,0,0,3,4,4,4,3,0,0,3
13843,5,12,16,17,12,6,6,5,12,16,17,12,6,6,5,12,16,17,12,6,6
13844,1,1,2,2,2,1,1,1,1,2,2,2,1,1,1,1,2,2,2,1,1
13845,0,0,0,0,0,0,0,0,0,0,0,0,0,0,0,0,0,0,0,0,0
13846,102,112,106,96,87,70,76,104,105,96,87,77,57,61,98,104,96,87,78,59,67
13847,45,61,52,48,52,50,51,46,61,52,48,52,50,50,46,61,52,48,52,50,50
13848,227,236,246,191,187,184,209,236,254,275,210,184,169,192,213,222,244,189,177,172,197
13849,29,33,23,33,16,19,25,29,33,22,33,16,19,25,29,33,22,33,16,19,25
13850,20,35,20,15,13,20,16,20,35,20,15,13,20,16,20,35,20,15,13,20,16
13851,0,0,0,0,0,0,0,0,0,0,0,0,0,0,0,0,0,0,0,0,0
13852,1,1,1,1,1,0,2,2,2,2,2,1,0,2,2,2,1,1,1,0,1
13853,91,117,100,74,46,64,81,91,117,100,74,46,64,81,91,117,100,74,46,64,81
13854,112,71,53,51,46,51,59,87,111,99,99,108,135,149,160,168,141,142,152,149,120
13855,1,1,2,2,1,0,1,1,1,2,2,1,0,1,1,1,2,2,1,0,1
13856,271,257,243,211,200,168,201,256,269,267,227,207,177,213,259,256,243,211,206,188,220
13857,145,155,149,116,84,114,132,145,156,149,116,84,114,132,145,155,149,116,84,114,132
13858,13,6,4,8,5,15,8,9,5,4,9,5,15,8,9,4,3,9,5,15,8
13859,198,217,192,183,170,164,175,208,257,247,233,201,181,185,205,235,202,180,161,158,167
13860,63,100,82,79,75,75,75,64,100,82,79,74,75,75,64,100,82,79,74,75,75
13861,26,26,31,23,21,19,17,26,26,31,23,21,19,17,26,26,31,23,21,19,17
13862,23,9,4,0,3,3,4,1,3,3,0,4,8,16,8,4,3,0,3,3,5
13863,12,17,12,16,15,22,23,12,17,12,16,15,22,23,12,17,12,16,15,22,23
13864,39,35,52,53,57,68,66,39,35,51,52,56,68,66,38,35,51,52,56,68,66
13865,13,14,16,10,8,10,9,13,14,16,10,8,10,9,13,14,16,10,8,10,9
13866,38,29,25,25,26,39,34,38,29,25,25,26,39,35,38,30,25,25,27,39,35
13867,17,14,18,22,28,22,26,17,14,18,22,28,22,26,17,14,18,22,28,22,26
13868,0,0,0,0,0,0,0,0,0,0,0,0,0,0,0,0,0,0,0,0,0
13869,0,0,0,0,0,0,0,0,0,0,0,0,0,0,0,0,0,0,0,0,0
13870,10,11,2,3,3,7,11,10,11,2,3,3,7,11,10,11,2,3,3,7,11
13871,0,0,0,0,0,0,0,0,0,0,0,0,0,0,0,0,0,0,0,0,0
13872,0,0,0,0,0,0,0,0,0,0,0,0,0,0,0,0,0,0,0,0,0
13873,0,0,0,0,0,0,0,0,0,0,0,0,0,0,0,0,0,0,0,0,0
13874,0,0,0,0,0,0,0,0,0,0,0,0,0,0,0,0,0,0,0,0,0
13875,0,0,0,0,0,0,0,0,0,1,9,49,107,105,87,64,50,53,55,55,45
13876,6,6,8,6,4,5,6,6,6,8,6,4,5,6,6,6,8,6,4,5,6
13877,3,3,0,0,0,0,0,3,3,0,0,0,0,0,3,3,0,0,0,0,0
13878,0,0,0,0,0,0,0,0,0,0,0,0,0,0,0,0,0,0,0,0,0
13879,1,1,0,0,0,1,1,1,1,0,0,0,1,1,1,1,0,0,0,1,1
13880,2,2,0,0,0,0,0,2,2,0,0,0,0,0,2,2,0,0,0,0,0
13881,2,2,1,1,1,1,1,1,1,1,1,1,1,1,1,1,1,1,1,1,1
13882,0,0,0,0,0,0,0,0,0,0,0,0,0,0,0,0,0,0,0,0,0
13883,2,2,2,1,2,1,1,2,2,2,1,2,1,1,2,2,2,1,2,1,1
13884,5,5,6,5,5,4,4,5,5,6,5,5,4,4,5,5,6,5,5,4,4
13885,0,0,0,0,0,0,0,0,0,0,0,0,0,0,0,0,0,0,0,0,0
13886,0,0,0,0,0,0,0,0,0,0,0,0,0,0,0,0,0,0,0,0,0
13887,3,2,2,2,1,1,2,2,2,2,2,1,1,2,2,2,2,2,1,1,2
13888,1,1,1,1,0,1,1,1,1,1,1,0,1,1,1,1,1,1,0,1,1
13889,0,0,0,0,0,0,0,0,0,0,0,0,0,0,0,0,0,0,0,0,0
13890,1,0,0,0,0,0,1,1,1,1,0,0,0,1,1,1,1,0,0,0,1
13891,0,0,0,0,0,0,0,0,0,0,0,0,0,0,0,0,0,0,0,0,0
13892,0,0,0,1,1,1,0,0,0,0,1,1,1,0,0,0,0,1,1,1,0
13893,1,1,1,1,1,1,1,1,1,1,1,1,1,1,2,2,1,1,1,1,1
13894,4,5,4,4,4,4,4,4,5,4,4,4,4,4,4,5,4,4,4,4,4
13895,7,7,7,6,5,5,5,6,6,6,6,5,5,5,6,6,6,6,5,5,4
13896,0,0,0,0,0,0,0,0,0,0,0,0,0,0,0,0,0,0,0,0,0
13897,0,0,0,0,0,0,0,0,0,0,0,0,0,0,0,0,0,0,0,0,0
13898,4,4,3,3,2,3,3,4,4,3,3,2,3,3,4,4,3,3,2,3,3
13899,0,0,0,0,0,0,0,0,0,0,0,0,0,0,0,0,0,0,0,0,0
13900,0,0,0,0,0,0,0,0,0,0,0,0,0,0,0,0,0,0,0,0,0
13901,28,29,27,23,20,18,18,21,24,25,22,19,17,18,21,23,24,21,19,17,18
13902,2,2,2,2,1,1,1,1,1,1,1,1,1,1,1,1,2,1,1,1,1
13903,0,0,0,0,0,0,0,0,0,0,0,0,0,0,0,0,0,0,0,0,0
13904,0,0,0,2,2,0,0,0,0,0,2,2,0,0,0,0,0,2,2,0,0
13905,2,2,2,2,2,2,2,2,2,2,2,2,2,2,2,2,2,2,2,2,2
13906,5,5,4,4,3,3,3,4,5,5,4,4,3,3,4,4,5,4,4,3,3
13907,3,3,3,2,2,2,2,3,3,3,2,2,2,2,3,3,3,2,2,2,2
13908,4,5,5,4,4,3,4,4,4,4,4,4,3,4,3,4,4,4,3,3,4
13909,9,10,10,10,8,7,8,9,10,10,10,8,8,8,10,11,11,10,9,8,8
13910,3,2,2,2,2,2,3,3,3,2,2,2,2,2,3,2,2,2,2,2,2
13911,0,0,0,0,0,0,0,0,0,0,0,0,0,0,0,0,0,0,0,0,0
13912,0,0,0,0,0,0,0,0,0,0,0,0,0,0,0,0,0,0,0,0,0
13913,3,3,3,2,2,2,2,2,3,3,3,3,3,3,4,4,4,4,4,3,4
13914,34,47,61,66,58,48,40,47,55,64,66,57,47,38,43,52,60,63,55,46,37
13915,11,14,17,24,22,16,9,11,14,16,23,21,15,8,11,14,16,24,21,15,8
13916,8,6,4,5,4,4,4,5,5,4,4,4,4,4,5,5,4,4,3,4,4
13917,51,63,65,54,44,37,41,50,63,65,54,44,38,41,51,63,65,55,45,38,42
13918,0,0,0,0,0,0,0,0,0,0,0,0,0,0,1,1,1,0,0,0,0
13919,2,3,3,2,2,1,2,2,3,3,2,2,1,2,2,3,3,2,2,1,2
13920,4,3,3,3,3,2,2,3,3,3,3,2,2,2,3,3,3,3,2,2,2
13921,19,20,22,20,17,15,14,17,18,20,18,15,14,13,15,16,18,16,14,14,13
13922,0,0,0,0,0,0,0,0,0,0,0,0,0,0,0,0,0,0,0,0,0
13923,1,1,1,1,1,1,1,1,1,1,1,1,1,1,1,1,1,1,1,1,1
13924,3,2,3,2,2,2,2,2,2,3,2,2,2,2,3,2,3,2,2,2,2
13925,0,0,0,0,0,0,0,0,0,0,0,0,0,0,0,0,0,0,0,0,0
13926,11,13,12,11,9,8,9,10,12,11,10,9,8,9,10,12,11,10,9,8,9
13927,2,3,2,2,2,2,2,2,3,2,2,2,2,2,2,3,2,2,2,1,2
13928,1,1,1,2,1,1,1,1,2,2,2,1,1,1,1,2,2,2,1,1,1
13929,1,1,1,1,1,1,1,1,1,1,1,1,1,1,1,1,1,1,1,1,1
13930,1,1,1,1,1,1,1,1,1,1,1,1,1,1,1,1,1,1,1,1,1
13931,3,3,2,2,2,2,2,3,3,2,2,2,2,2,3,3,2,2,2,2,2
13932,0,0,0,0,0,0,0,0,0,0,0,0,0,0,1,1,1,0,0,0,0
13933,0,0,0,0,0,0,0,0,1,1,0,0,0,0,0,0,0,0,0,0,0
13934,1,1,1,1,1,1,1,1,1,1,1,1,1,1,1,1,1,1,1,1,1
13935,3,3,3,3,2,2,3,3,3,3,3,2,2,3,4,4,3,3,2,3,3
13936,1,1,1,1,1,1,1,1,1,1,1,1,1,1,1,1,1,1,1,1,1
13937,1,1,1,1,1,1,0,1,1,1,1,1,1,0,1,1,1,1,1,1,1
13938,3,3,3,2,2,2,2,3,3,3,2,2,2,2,3,3,2,2,2,2,2
13939,1,1,1,1,1,1,1,1,1,1,1,1,1,1,1,1,1,1,1,1,1
13940,0,1,1,1,1,0,0,1,1,1,1,1,0,0,1,1,1,1,1,0,0
13941,1,1,1,1,1,1,1,1,1,1,1,1,1,1,1,1,1,1,1,1,1
13942,1,1,1,1,1,1,1,1,1,1,1,1,1,1,1,1,1,1,1,1,1
13943,1,1,1,1,1,1,1,2,2,1,0,0,0,1,2,2,1,0,0,0,1
13944,0,0,0,0,0,0,0,0,0,0,0,0,0,0,0,0,0,0,0,0,0
13945,0,0,0,0,0,0,0,0,0,0,0,0,0,0,0,0,0,0,0,0,0
13946,0,0,0,0,0,0,0,0,1,1,1,0,0,0,0,0,0,0,0,0,0
13947,0,0,0,0,0,0,0,0,0,0,0,0,0,0,0,0,0,0,0,0,0
13948,0,0,0,0,0,0,0,0,0,0,0,0,0,0,0,0,0,0,0,0,0
13949,0,0,0,0,0,0,0,0,0,0,0,0,0,0,0,0,0,0,0,0,0
13950,0,0,0,0,0,0,0,0,0,0,0,0,0,0,0,0,0,0,0,0,0
13951,0,0,0,0,0,0,0,0,0,0,0,0,0,0,0,0,0,0,0,0,0
13952,0,0,0,0,0,0,0,0,0,0,0,0,0,0,0,0,0,0,0,0,0
13953,0,0,0,0,0,0,0,0,0,0,0,0,0,0,0,0,0,0,0,0,0
13954,0,0,0,0,0,0,0,0,0,0,0,0,0,0,0,0,0,0,0,0,0
13955,0,0,0,0,0,0,0,0,0,0,0,0,0,0,0,0,0,0,0,0,0
13956,0,0,0,0,0,0,0,0,0,0,0,0,0,0,0,0,0,0,0,0,0
13957,0,0,0,0,0,0,0,0,0,0,0,0,0,0,0,0,0,0,0,0,0
13958,0,0,0,0,0,0,0,0,0,0,0,0,0,0,0,0,0,0,0,0,0
13959,0,0,0,0,0,0,0,0,0,0,0,0,0,0,0,0,0,0,0,0,0
13960,0,1,1,1,0,0,1,1,1,1,1,1,1,1,1,1,1,1,0,0,0
13961,0,0,0,0,0,0,0,0,0,0,0,0,0,0,0,0,0,0,0,0,0
13962,0,0,0,0,0,0,0,0,0,0,0,0,0,0,0,0,0,0,0,0,0
13963,0,0,0,0,0,0,0,0,0,0,0,0,0,0,0,0,0,0,0,0,0
13964,1,1,1,1,1,1,1,1,1,1,1,1,1,1,1,1,1,1,1,1,1
13965,0,0,0,0,0,0,0,0,0,0,0,0,0,0,0,0,0,0,0,0,0
13966,1,1,1,1,1,1,1,1,1,1,1,1,1,1,1,1,1,1,1,1,1
13967,0,0,0,0,0,0,0,0,0,0,0,0,0,0,0,0,0,0,0,0,0
13968,0,0,0,0,0,0,0,0,0,0,0,0,0,0,0,0,0,0,0,0,0
13969,0,0,0,0,0,0,0,0,0,0,0,0,0,0,0,0,0,0,0,0,0
13970,0,0,0,0,0,0,0,0,0,0,0,0,0,0,0,0,0,0,0,0,0
13971,0,0,0,0,0,0,0,0,0,0,0,0,0,0,0,0,0,0,0,0,0
13972,0,0,0,0,0,0,0,0,0,0,0,0,0,0,0,0,0,0,0,0,0
13973,1,1,2,2,2,2,2,2,2,2,2,2,2,2,2,2,2,2,2,2,2
13974,2,3,3,3,3,4,4,5,5,5,5,5,5,5,6,6,5,5,4,4,5
13975,5,5,6,6,5,5,5,5,5,6,6,5,5,5,5,5,6,6,5,5,5
13976,0,0,0,0,1,0,0,0,0,0,0,1,0,0,0,0,0,0,1,0,0
13977,2,3,3,4,3,3,3,3,3,3,3,3,2,2,2,2,3,3,3,2,2
13978,14,14,13,12,10,10,10,11,11,12,11,10,9,10,12,12,12,12,10,10,11
13979,0,0,0,0,0,0,0,0,0,0,0,0,0,0,0,0,0,0,0,0,0
13980,0,0,0,0,0,0,0,0,0,0,0,0,0,0,0,0,0,0,0,0,0
13981,27,30,32,31,27,23,24,30,35,37,34,29,25,25,29,30,30,27,22,20,20
13982,0,0,0,0,0,0,0,0,0,0,0,0,0,0,0,0,0,0,0,0,0
13983,0,0,0,0,0,0,0,0,0,0,0,0,0,0,0,0,0,0,0,0,0
13984,2,2,2,3,3,2,2,2,2,2,3,2,2,2,2,2,2,3,2,2,2
13985,14,14,14,13,11,11,12,16,15,15,13,11,10,12,15,15,14,12,10,9,10
13986,2,3,2,2,3,2,2,2,3,2,2,3,2,2,2,3,2,2,3,2,2
13987,1,1,1,1,1,1,1,1,1,1,1,1,1,1,1,1,0,1,1,0,1
13988,26,30,27,31,24,23,24,28,31,27,31,25,24,26,30,31,27,31,25,24,26
13989,0,0,0,0,0,0,0,0,0,0,0,0,0,0,0,0,0,0,0,0,0
13990,17,13,12,10,9,10,12,14,12,11,9,8,9,11,11,9,9,7,6,8,10
13991,0,0,0,0,0,0,0,0,0,0,0,0,0,0,0,0,0,0,0,0,0
13992,1,1,1,0,0,1,1,1,1,1,0,0,1,1,1,1,1,0,1,1,1
13993,1,1,1,1,1,1,1,1,1,1,1,1,1,1,1,1,1,1,1,1,1
13994,0,0,0,0,0,0,0,0,0,0,0,0,0,0,0,0,0,0,0,0,0
13995,0,0,0,0,0,0,0,0,0,0,0,0,0,0,0,0,0,0,0,0,0
13996,0,0,0,0,0,0,0,0,0,0,0,0,0,0,0,0,0,0,0,0,0
13997,0,0,0,0,0,0,0,0,0,0,0,0,0,0,0,0,0,0,0,0,0
13998,0,0,0,0,0,0,0,0,0,0,0,0,0,0,0,0,0,0,0,0,0
13999,0,0,1,1,1,0,0,0,0,1,0,0,0,0,0,0,1,1,0,0,0
14000,0,0,0,0,0,0,0,0,0,0,0,0,0,0,0,0,0,0,0,0,0
14001,0,0,0,0,0,0,0,0,0,0,0,0,0,0,0,0,0,0,0,0,0
14002,4,4,4,3,3,3,3,4,4,4,3,3,3,3,4,4,4,3,3,3,3
14003,0,0,0,0,0,0,0,0,0,0,0,0,0,0,0,0,0,0,0,0,0
14004,0,0,0,0,0,0,0,0,0,0,0,0,0,0,0,0,0,0,0,0,0
14005,0,0,0,0,0,0,0,0,0,0,0,0,0,0,0,0,0,0,0,0,0
14006,0,0,0,0,0,0,0,0,0,0,0,0,0,0,0,0,0,0,0,0,0
14007,20,19,17,17,15,18,14,19,19,17,17,15,19,15,21,20,18,17,15,19,15
14008,18,16,16,13,13,15,15,18,16,16,12,13,15,15,17,16,16,12,13,15,15
14009,3,2,2,1,2,2,2,2,2,1,1,2,2,2,2,2,2,1,2,2,2
14010,9,8,7,6,5,5,5,7,8,8,7,6,6,7,10,10,9,8,7,7,8
14011,9,7,7,5,5,6,6,7,6,7,5,5,6,6,8,8,8,6,6,7,7
14012,4,5,4,4,3,3,3,4,4,4,4,3,3,3,4,5,4,4,3,3,3
14013,6,6,5,4,3,4,4,5,5,5,4,3,3,3,5,5,5,4,3,3,3
14014,14,15,13,11,11,10,11,13,16,14,12,12,12,14,16,17,15,12,13,13,14
14015,2,2,1,1,1,1,1,2,2,2,1,1,1,1,2,3,2,2,1,2,2
14016,6,5,5,3,3,3,4,5,4,4,3,3,4,5,6,5,5,4,4,5,6
14017,2,2,1,1,1,2,1,2,2,1,1,1,2,1,2,2,1,1,1,2,1
14018,3,3,3,3,3,3,3,3,3,3,3,3,3,3,3,3,3,3,3,3,3
14019,0,0,1,0,1,1,0,1,1,1,0,1,1,1,1,1,1,0,1,1,1
14020,3,3,3,3,2,2,2,3,3,3,3,2,2,2,3,3,3,3,2,2,2
14021,6,6,6,6,6,5,5,6,6,6,5,5,5,5,6,6,6,5,5,5,5
14022,4,3,2,2,2,2,2,2,2,2,2,3,3,3,4,3,2,2,2,2,2
14023,2,2,2,1,2,2,1,2,2,2,1,2,2,1,2,2,2,1,2,2,1
14024,6,6,7,6,6,7,5,6,6,7,6,6,7,5,6,6,7,6,6,7,5
14025,2,2,2,2,2,2,2,2,2,1,2,2,1,1,2,2,1,2,2,1,1
14026,0,1,0,0,0,0,0,0,0,0,0,0,0,0,0,0,0,0,0,0,0
14027,0,0,0,0,0,0,0,0,0,0,0,0,0,0,0,0,0,0,0,0,0
14028,0,0,0,0,0,0,0,0,0,0,0,0,0,0,0,0,0,0,0,0,0
14029,0,0,0,0,0,0,0,0,0,0,0,0,0,0,0,0,0,0,0,0,0
14030,0,1,0,0,0,0,0,0,1,0,0,0,0,0,0,1,0,0,0,0,0
14031,5,5,5,4,3,3,3,5,5,5,4,3,3,3,5,5,5,4,3,3,3
14032,7,9,9,9,8,8,6,7,9,9,9,8,8,6,7,9,9,9,8,8,6
14033,206,210,227,245,209,185,167,206,209,227,245,209,184,167,206,209,227,245,209,184,167
14034,22,26,28,23,21,21,22,22,26,28,23,21,21,22,22,26,28,23,21,21,22
14035,0,0,0,0,0,0,0,0,0,0,0,0,0,0,0,0,0,0,0,0,0
14036,0,0,0,0,0,0,0,0,0,0,0,0,0,0,0,0,0,0,0,0,0
14037,0,0,0,0,0,0,0,0,0,0,0,0,0,0,0,0,0,0,0,0,0
14038,3,4,4,3,2,1,1,3,4,4,3,2,1,1,3,4,4,3,2,1,1
14039,1,1,1,0,0,0,0,1,1,1,0,0,0,0,1,1,1,0,0,0,0
14040,8,9,9,7,6,6,6,7,8,9,7,6,6,6,7,9,9,7,6,6,6
14041,4,5,5,5,4,4,4,4,5,5,5,4,4,4,5,6,5,5,4,4,4
14042,4,4,5,4,3,3,3,5,5,5,4,3,3,4,5,5,5,4,4,4,4
14043,1,1,1,1,1,1,1,1,1,1,1,1,1,1,1,1,1,1,1,1,1
14044,8,9,8,8,7,6,6,7,8,8,8,7,6,6,8,9,8,8,7,6,6
14045,0,1,1,1,1,1,0,0,1,1,1,1,1,0,1,1,1,1,1,1,0
14046,3,3,3,3,2,2,2,3,3,3,3,2,2,2,3,3,3,3,2,2,2
14047,7,8,8,8,6,6,6,7,7,8,8,6,6,6,7,7,8,8,6,6,6
14048,1,1,1,1,1,1,1,1,1,1,1,1,1,1,1,1,1,1,1,1,1
14049,2,3,3,3,2,2,2,3,3,3,3,2,2,3,3,4,3,3,2,2,3
14050,1,1,1,1,1,1,1,1,1,1,1,1,1,1,1,1,1,1,1,1,1
14051,0,0,0,0,0,0,0,0,0,0,0,0,0,0,0,0,0,0,0,0,0
14052,0,0,0,0,0,0,0,0,0,0,0,0,0,0,0,0,0,0,0,0,0
14053,2,3,3,3,2,1,2,2,3,3,3,2,1,2,2,3,3,3,3,2,2
14054,4,6,6,5,4,4,4,5,6,6,5,4,4,4,5,6,6,5,4,4,4
14055,0,0,0,0,0,0,0,0,0,0,1,0,0,0,0,0,0,1,0,0,0
14056,18,19,17,16,13,15,13,17,18,17,16,13,15,14,17,18,18,16,13,15,14
14057,2,2,1,1,1,1,1,2,2,1,1,1,2,1,2,2,2,1,1,2,1
14058,0,0,0,0,0,0,0,0,0,0,0,0,0,0,0,0,0,0,0,0,0
14059,7,8,7,7,6,7,6,7,8,7,7,6,7,6,7,8,7,7,6,7,6
14060,2,2,2,2,1,1,1,1,2,2,1,1,1,1,1,2,2,2,1,1,1
14061,3,3,4,1,1,1,2,3,3,4,1,1,1,2,3,3,4,1,1,1,2
14062,1,1,1,1,1,1,1,1,1,1,1,1,1,1,1,1,1,1,1,1,1
14063,3,3,3,3,3,3,3,3,3,3,3,3,3,3,4,4,4,3,3,3,3
14064,0,0,0,0,0,0,0,0,0,0,0,0,0,0,0,0,0,0,0,0,0
14065,3,3,3,3,2,2,2,3,3,3,3,2,2,2,3,3,3,3,2,2,2
14066,1,1,1,1,1,1,1,1,2,1,1,1,1,1,1,2,1,1,1,1,1
14067,3,0,1,1,1,2,12,3,0,1,1,1,2,12,3,0,1,1,1,2,12
14068,0,1,1,0,0,0,0,0,1,0,0,0,0,0,0,0,0,0,0,0,0
14069,0,0,0,0,0,0,0,0,0,0,0,0,0,0,0,0,0,0,0,0,0
14070,0,0,0,0,0,0,0,0,0,0,0,0,0,0,0,0,0,0,0,0,0
14071,0,0,0,0,0,0,0,0,0,0,0,0,0,0,0,0,0,0,0,0,0
14072,0,0,0,0,0,0,0,0,0,0,0,0,0,0,0,0,0,0,0,0,0
14073,0,0,0,0,0,0,0,0,0,0,0,0,0,0,0,0,0,0,0,0,0
14074,0,0,0,0,0,0,0,0,0,0,0,0,0,0,0,0,0,0,0,0,0
14075,0,0,0,0,0,0,0,0,0,0,0,0,0,0,0,0,0,0,0,0,0
14076,3,3,3,2,2,2,2,2,2,2,2,2,2,2,2,2,2,2,2,2,2
14077,1,1,1,1,1,1,1,1,1,1,1,1,1,1,1,1,1,1,1,1,1
14078,0,0,0,0,0,0,0,0,0,0,0,0,0,0,0,0,0,0,0,0,0
14079,0,0,0,0,0,0,0,0,0,0,0,0,0,0,0,0,0,0,0,0,0
14080,2,3,4,3,3,3,3,3,4,4,4,3,3,3,3,3,4,3,3,3,3
14081,1,1,1,1,1,1,1,1,1,1,1,1,1,1,1,1,1,1,1,1,1
14082,0,0,0,0,0,0,0,0,0,0,0,0,0,0,0,0,0,0,0,0,0
14083,0,0,0,0,0,0,0,0,0,0,0,0,0,0,0,0,0,0,0,0,0
14084,14,16,16,15,13,11,10,12,15,15,15,12,10,9,11,14,15,15,12,10,10
14085,0,0,0,0,0,0,0,0,0,0,0,0,0,0,0,0,0,0,0,0,0
14086,1,1,1,1,1,0,0,0,0,1,1,1,0,0,0,0,1,1,1,0,0
14087,0,0,1,1,0,0,0,0,0,1,1,0,0,0,0,0,1,1,0,0,0
14088,1,1,0,0,0,1,1,1,0,0,0,0,0,0,0,0,0,0,0,0,0
14089,0,0,0,0,0,0,0,0,0,0,0,0,0,0,0,0,0,0,0,0,0
14090,1,1,1,1,1,1,0,0,1,1,1,1,1,0,0,1,1,1,1,1,0
14091,0,0,0,0,0,0,0,0,0,0,0,0,0,0,0,0,0,0,0,0,0
14092,0,0,0,0,0,0,0,0,0,0,0,0,0,0,0,0,0,0,0,0,0
14093,0,0,0,0,0,0,0,0,0,0,0,0,0,0,0,0,0,0,0,0,0
14094,0,0,1,1,1,0,0,0,0,1,1,1,0,0,0,0,1,1,1,0,0
14095,0,0,0,0,0,0,0,0,0,0,0,0,0,0,0,0,0,0,0,0,0
14096,0,0,0,0,0,0,0,0,0,0,0,0,0,0,0,0,0,0,0,0,0
14097,0,0,0,0,3,1,1,0,0,0,0,3,1,1,0,0,0,0,3,1,1
14098,1,1,1,1,1,1,1,1,1,1,1,1,1,1,1,1,1,1,1,1,1
14099,4,4,4,4,4,3,3,3,4,4,4,4,3,3,3,4,4,4,4,3,4
14100,1,1,1,1,1,1,1,1,1,1,1,1,1,1,2,2,2,1,1,1,1
14101,5,4,4,4,3,3,4,4,4,4,4,3,3,4,4,4,4,4,3,3,4
14102,1,1,1,1,1,1,1,1,1,1,1,1,1,1,1,1,1,1,1,1,1
14103,1,1,1,1,1,1,1,1,1,1,1,1,1,1,1,1,1,1,1,1,1
14104,0,0,0,0,0,0,0,0,0,0,0,0,0,0,0,0,0,0,0,0,0
14105,0,0,0,0,0,0,0,0,0,0,0,0,0,0,0,0,0,0,0,0,0
14106,2,2,2,2,2,2,2,2,2,2,2,2,2,2,2,2,2,2,2,2,2
14107,22,21,20,18,16,16,18,23,24,23,20,17,16,16,19,19,19,18,16,16,16
14108,3,3,3,3,3,2,2,3,3,3,3,3,2,2,3,3,3,3,3,2,2
14109,0,1,1,1,1,0,0,0,1,1,1,1,0,0,0,1,1,1,1,0,0
14110,0,0,0,0,0,0,0,0,0,0,0,0,0,0,0,0,0,0,0,0,0
14111,2,2,2,1,1,1,1,1,1,1,1,1,1,1,1,1,1,1,1,1,1
14112,1,1,1,1,1,1,0,1,1,1,1,1,1,0,1,1,1,1,1,1,0
14113,1,1,1,1,1,1,1,1,1,1,1,1,1,0,1,1,1,1,1,1,0
14114,0,0,0,0,0,0,0,0,0,0,0,0,0,0,0,0,0,0,0,0,0
14115,0,0,0,0,0,0,0,0,0,0,0,0,0,0,0,0,0,0,0,0,0
14116,1,1,1,1,1,1,1,1,1,1,1,1,1,1,1,1,1,1,1,1,1
14117,4,4,5,4,4,3,3,4,4,5,4,4,3,3,4,4,5,4,4,3,3
14118,14,15,16,14,12,10,10,13,15,17,15,13,11,10,14,16,18,16,14,12,12
14119,4,5,4,4,3,3,3,4,4,4,4,3,3,3,4,5,4,4,3,3,3
14120,9,9,9,6,5,6,8,9,9,8,6,5,6,8,9,9,8,6,5,6,8
14121,0,0,0,0,0,0,0,0,0,0,0,0,0,0,0,0,0,0,0,0,0
14122,1,1,1,1,1,1,1,1,1,1,1,1,1,1,1,1,1,1,1,1,1
14123,9,10,10,9,8,7,7,8,10,11,11,9,8,9,11,13,13,11,9,8,7
14124,15,20,22,22,18,15,14,15,20,22,22,17,14,13,15,20,22,22,18,15,14
14125,4,6,7,7,6,5,4,5,6,8,8,6,5,5,5,6,8,7,6,5,5
14126,4,4,4,3,3,3,3,4,5,4,4,3,3,3,4,5,4,3,3,2,3
14127,18,20,21,20,16,14,13,17,19,20,19,15,13,12,17,18,20,20,15,14,13
14128,3,4,3,3,3,2,3,3,4,3,3,3,3,3,3,4,4,3,3,2,3
14129,1,1,1,1,1,1,1,1,1,2,1,1,1,1,1,1,1,1,1,1,1
14130,3,3,3,3,3,3,3,3,4,4,4,3,4,3,3,4,4,4,4,4,4
14131,1,1,1,1,1,1,1,1,1,1,1,1,1,1,1,1,1,1,1,1,1
14132,4,4,4,3,3,2,2,3,3,4,3,3,2,2,3,3,4,3,3,2,2
14133,2,2,2,2,2,1,1,2,2,2,2,2,1,1,2,2,2,2,2,1,1
14134,4,4,4,3,3,2,3,3,4,4,3,3,2,3,3,4,4,3,3,2,3
14135,1,1,1,1,1,0,0,1,1,1,1,1,0,0,1,1,1,1,1,0,0
14136,1,1,1,1,1,1,1,1,1,1,1,1,1,1,1,1,1,1,1,1,1
14137,4,3,4,3,3,3,3,3,3,4,3,3,3,3,3,3,4,3,3,3,3
14138,0,1,0,0,0,0,0,0,1,0,0,0,0,0,0,1,0,0,0,0,0
14139,0,0,0,0,0,0,0,0,0,0,0,0,0,0,0,0,0,0,0,0,0
14140,0,0,0,0,0,0,0,0,0,0,0,0,0,0,0,0,0,0,0,0,0
14141,0,0,0,0,0,0,0,0,0,0,0,0,0,0,0,0,0,0,0,0,0
14142,0,0,0,0,0,0,0,0,0,0,0,0,0,0,0,0,0,0,0,0,0
14143,0,0,0,0,0,0,0,0,0,0,0,0,0,0,0,0,0,0,0,0,0
14144,0,0,0,0,0,0,0,0,0,0,0,0,0,0,0,0,0,0,0,0,0
14145,1,0,0,0,1,1,1,1,1,0,1,1,1,1,1,1,1,1,1,1,1
14146,0,0,0,0,0,0,0,0,0,0,0,0,0,0,0,0,0,0,0,0,0
14147,0,0,0,0,0,0,0,0,0,0,0,0,0,0,0,0,0,0,0,0,0
14148,3,2,2,2,1,1,1,1,1,1,1,1,1,1,1,1,1,1,1,1,1
14149,1,1,2,1,1,1,1,1,1,2,1,1,1,1,1,1,2,1,1,1,1
14150,2,3,3,2,2,3,2,2,3,3,2,2,3,2,2,3,3,2,2,3,2
14151,14,14,13,12,10,8,9,13,15,14,13,10,9,10,14,15,14,12,10,9,10
14152,8,8,7,6,6,5,5,7,7,7,7,6,5,6,8,9,8,8,7,6,7
14153,5,5,5,5,4,4,5,5,5,5,4,4,4,5,5,5,5,4,4,4,5
14154,2,2,1,1,1,1,1,2,2,1,1,1,1,1,2,2,1,1,1,1,1
14155,0,0,0,0,0,0,0,0,0,0,0,0,0,0,0,0,0,0,0,0,0
14156,0,1,0,0,0,0,0,1,1,1,1,1,1,1,1,1,1,1,1,1,1
14157,0,0,0,0,0,0,0,0,0,0,0,0,0,0,0,0,0,0,0,0,0
14158,0,0,0,0,0,0,0,0,0,0,0,0,0,0,0,0,0,0,0,0,0
14159,0,0,0,0,0,0,0,0,0,0,0,0,0,0,0,0,0,0,0,0,0
14160,36,36,34,31,27,25,25,30,31,31,29,26,24,24,28,29,30,29,26,26,25
14161,18,19,19,21,20,20,19,21,23,22,22,19,19,18,19,20,19,20,17,18,17
14162,0,0,0,0,0,0,0,0,0,0,0,0,0,0,0,0,0,0,0,0,0
14163,2,2,1,1,1,1,1,1,1,1,1,1,1,1,1,1,1,1,1,1,1
14164,0,0,0,0,0,0,0,0,0,0,0,0,0,0,0,0,0,0,0,0,0
14165,0,0,0,0,0,0,0,0,0,0,0,0,0,0,0,0,0,0,0,0,0
14166,12,13,14,13,11,10,9,12,13,14,13,11,10,9,12,13,14,12,11,10,9
14167,0,0,0,0,0,0,0,0,0,0,0,0,0,0,0,0,0,0,0,0,0
14168,0,0,0,0,0,0,0,0,0,0,0,0,0,0,0,0,0,0,0,0,0
14169,9,9,9,8,8,8,7,8,9,9,8,7,7,7,8,9,9,8,7,7,7
14170,3,3,3,2,2,3,3,3,3,3,3,2,3,3,3,4,3,2,2,3,3
14171,6,7,6,6,5,5,5,6,7,6,6,5,5,5,6,7,6,6,5,5,5
14172,3,3,3,2,1,2,2,3,3,3,2,1,2,2,3,3,3,2,1,2,2
14173,3,3,3,2,2,2,2,3,3,3,2,2,2,2,3,3,3,2,2,2,2
14174,1,1,1,1,1,1,1,1,1,1,1,1,1,1,1,1,1,1,1,1,1
14175,0,0,0,0,0,0,0,0,0,0,0,0,0,0,0,0,0,0,0,0,0
14176,0,0,0,0,0,0,0,0,0,0,0,0,0,0,0,0,0,0,0,0,0
14177,2,2,1,1,1,1,1,1,1,1,1,1,1,1,1,1,1,1,1,1,1
14178,1,1,0,0,0,0,0,1,1,1,1,0,0,1,1,1,1,1,0,0,1
14179,0,0,0,0,0,0,0,0,0,0,0,0,0,0,0,0,0,0,0,0,0
14180,0,0,0,0,0,0,0,0,0,0,0,0,0,0,0,0,0,0,0,0,0
14181,0,0,0,1,1,0,1,0,0,0,1,1,0,1,0,0,0,1,1,0,1
14182,74,76,83,80,81,81,75,76,77,83,80,81,81,74,74,74,82,80,81,82,76
14183,0,0,0,0,0,0,0,0,0,0,0,0,0,0,0,0,0,0,0,0,0
14184,6,4,4,4,4,4,4,4,4,5,5,5,4,5,5,4,5,5,5,5,5
14185,3,3,3,3,3,3,3,3,3,3,3,3,3,3,3,3,3,3,3,3,3
14186,1,1,1,1,2,1,1,1,1,1,1,2,1,1,1,1,1,1,2,1,1
14187,0,1,0,1,0,1,1,0,1,0,1,0,1,1,0,1,0,1,0,1,1
14188,0,0,0,0,0,0,0,0,0,0,0,0,0,0,0,0,0,0,0,0,0
14189,0,0,0,0,0,0,0,0,0,0,0,0,0,0,0,0,0,0,0,0,0
14190,0,1,1,1,1,1,0,1,1,1,1,1,1,0,1,1,1,1,1,1,0
14191,0,0,1,0,0,0,0,0,0,1,0,0,0,0,0,0,1,0,0,0,0
14192,0,0,0,0,0,0,0,0,0,0,0,0,0,0,0,0,0,0,0,0,0
14193,0,0,0,0,0,0,0,0,0,0,0,0,0,0,0,0,0,0,0,0,0
14194,0,0,0,0,0,0,0,0,0,0,0,0,0,0,0,0,0,0,1,1,1
14195,0,0,0,0,0,0,0,0,0,0,0,0,0,0,0,0,0,0,0,0,0
14196,0,0,0,0,0,0,0,0,0,0,0,0,0,0,0,0,0,0,0,0,0
14197,0,0,0,0,0,0,0,0,0,0,0,0,0,0,0,0,0,0,0,0,0
14198,0,0,0,0,0,0,0,0,0,0,0,0,0,0,0,0,0,0,0,0,0
14199,0,0,0,0,0,0,0,0,0,0,0,0,0,0,0,0,0,0,0,0,0
14200,0,0,0,0,0,0,0,0,0,0,0,0,0,0,0,0,0,0,0,0,0
14201,0,0,0,0,0,0,0,0,0,0,0,0,0,0,0,0,0,0,0,0,0
14202,1,1,1,1,0,1,1,1,1,1,1,0,1,1,1,1,1,1,0,1,1
14203,8,8,9,8,8,7,8,10,9,9,8,8,7,8,10,9,9,8,8,8,8
14204,6,7,7,5,3,4,4,6,7,7,5,3,4,4,6,7,7,5,3,4,4
14205,1,1,1,1,1,1,0,1,1,1,1,1,1,0,1,1,1,1,1,1,1
14206,11,12,11,9,9,7,7,11,12,11,9,9,7,7,11,12,11,9,9,7,7
14207,3,3,3,2,2,2,2,2,2,2,2,2,2,2,3,3,3,3,3,2,2
14208,0,0,0,0,0,0,0,0,0,0,0,0,0,0,0,0,0,0,0,0,0
14209,1,1,1,1,1,1,1,1,1,1,1,1,1,1,1,1,1,1,1,1,1
14210,9,13,18,15,9,7,6,9,13,18,15,9,7,6,9,13,18,15,9,7,6
14211,0,0,1,0,0,0,0,0,0,1,0,0,0,0,0,0,1,0,0,0,0
14212,3,2,2,2,2,1,2,2,2,2,2,2,1,2,2,2,2,2,2,1,2
14213,4,4,4,4,3,3,3,4,4,4,4,3,3,3,4,4,4,4,3,3,3
14214,9,10,11,10,9,8,7,9,10,11,10,9,8,7,9,10,11,10,9,8,7
14215,0,0,0,0,0,0,0,0,0,0,0,0,0,0,0,0,0,0,0,0,0
14216,3,3,3,3,2,2,2,3,3,3,3,2,2,2,3,3,3,3,2,2,2
14217,2,3,3,3,2,2,2,3,3,3,3,2,2,2,3,3,3,3,2,2,2
14218,1,1,1,1,1,1,1,1,1,1,1,1,1,1,1,1,1,1,1,1,1
14219,2,2,2,1,1,1,2,2,2,2,1,1,1,2,2,2,2,1,1,1,2
14220,0,0,0,0,0,0,0,0,0,0,0,0,0,0,0,0,0,0,0,0,0
14221,8,8,8,7,7,6,7,8,8,8,7,7,7,7,8,9,9,8,7,7,8
14222,1,1,1,1,1,1,1,1,1,1,1,1,1,1,1,1,1,1,1,1,1
14223,0,0,0,0,0,0,0,0,0,0,0,0,0,0,0,0,0,0,0,0,0
14224,14,15,15,14,13,11,12,14,15,15,14,13,11,12,14,15,15,14,13,11,12
14225,0,0,0,0,0,0,0,0,0,0,0,0,0,0,0,0,0,0,0,0,0
14226,5,6,6,6,5,4,5,5,6,6,6,5,4,5,5,6,6,6,5,4,5
14227,3,4,4,4,3,3,3,4,5,5,5,4,3,3,4,5,6,6,5,4,5
14228,0,0,0,0,0,0,0,0,0,0,0,0,0,0,0,0,0,0,0,0,0
14229,2,3,3,2,2,2,2,2,3,3,2,2,2,2,2,3,3,2,2,2,2
14230,2,2,2,1,3,3,3,2,2,2,1,3,3,3,2,2,2,1,3,3,3
14231,0,0,0,0,0,0,0,0,0,0,0,0,0,0,0,0,0,0,0,0,0
14232,1,1,1,0,0,0,0,1,1,1,0,0,0,0,1,1,1,0,0,0,0
14233,0,0,0,0,0,0,0,0,0,0,0,0,0,0,0,0,0,0,0,0,0
14234,0,0,0,0,0,0,0,0,0,0,0,0,0,0,0,0,0,0,0,0,0
14235,1,1,0,0,0,0,1,1,1,0,0,0,0,1,1,1,0,0,0,0,1
14236,0,0,0,0,0,0,0,0,0,0,0,0,0,0,0,0,0,0,0,0,0
14237,0,0,0,0,0,0,0,0,0,0,0,0,0,0,0,0,0,0,0,0,0
14238,2,2,2,1,2,1,2,2,2,2,1,2,1,2,2,2,2,1,2,1,2
14239,0,0,0,0,0,0,0,0,0,0,0,0,0,0,0,0,0,0,0,0,0
14240,0,0,0,0,0,0,0,0,0,0,0,0,0,0,0,0,0,0,0,0,0
14241,0,0,0,0,0,0,0,0,0,0,0,0,0,0,0,0,0,0,0,0,0
14242,0,0,0,0,0,0,0,0,0,0,0,0,0,0,0,0,0,0,0,0,0
14243,0,0,0,0,0,0,0,0,0,0,0,0,0,0,0,0,0,0,0,0,0
14244,0,0,0,0,0,0,0,0,0,0,0,0,0,0,0,0,0,0,0,0,0
14245,0,0,0,0,0,0,0,1,1,1,0,0,1,1,1,1,1,1,1,1,1
14246,0,0,0,0,0,0,0,0,0,0,0,0,0,0,0,0,0,0,0,0,0
14247,0,0,0,0,0,0,0,0,0,0,0,0,0,0,0,0,0,0,0,0,0
14248,0,0,0,0,0,0,0,0,0,0,0,0,0,0,0,0,0,0,0,0,0
14249,0,0,0,0,0,0,0,0,0,0,0,0,0,0,0,0,0,0,0,0,0
14250,0,0,0,0,0,0,0,0,0,0,0,0,0,0,0,0,0,0,0,0,0
14251,0,0,0,0,0,0,0,0,0,0,0,0,0,0,0,0,0,0,0,0,0
14252,14,13,13,10,10,9,10,12,13,13,11,10,10,10,13,14,13,11,10,10,11
14253,29,29,28,28,25,27,29,35,40,39,38,34,36,39,41,41,38,34,31,35,35
14254,0,0,0,0,0,0,0,0,0,0,0,0,0,0,0,0,0,0,0,0,0
14255,16,15,14,13,11,11,12,17,23,23,21,19,20,22,24,23,22,21,19,20,20
14256,1,1,1,1,1,0,0,1,1,1,1,1,0,0,1,1,1,1,1,0,0
14257,2,2,2,2,2,2,2,2,2,2,2,2,2,2,2,2,2,2,2,2,2
14258,0,0,0,0,0,0,0,0,0,0,0,0,0,0,0,0,0,0,0,0,0
14259,0,0,0,0,0,0,0,0,0,0,0,0,0,0,0,0,0,0,0,0,0
14260,0,0,0,0,0,0,0,0,0,0,0,0,0,0,0,0,0,0,0,0,0
14261,0,0,0,0,0,0,0,0,0,0,0,0,0,0,0,0,0,0,0,0,0
14262,0,0,0,0,0,0,0,1,1,0,0,0,0,1,1,1,0,0,0,0,0
14263,1,1,1,1,1,1,1,1,1,1,1,1,1,1,1,1,1,1,1,1,1
14264,0,0,0,0,0,0,0,0,0,0,0,0,0,0,0,0,0,0,0,0,0
14265,1,2,2,1,1,2,1,1,2,2,1,1,2,1,1,2,2,1,1,2,1
14266,0,0,0,0,0,0,0,0,0,0,0,0,0,0,0,0,0,0,0,0,0
14267,1,2,1,1,1,1,1,1,2,1,1,1,1,1,1,2,1,1,1,1,1
14268,0,0,1,1,0,0,0,0,0,1,0,0,0,0,0,0,1,1,0,0,0
14269,4,4,4,3,3,3,3,4,4,4,4,3,4,5,5,4,4,3,3,3,4
14270,10,10,10,9,10,9,9,15,20,20,18,15,13,12,11,10,11,10,10,12,10
14271,19,18,16,14,13,19,20,19,18,16,13,12,19,20,19,18,16,13,12,19,20
14272,13,13,14,13,13,12,11,13,12,13,13,13,12,11,13,12,13,13,13,12,11
14273,1,1,1,1,1,1,1,1,1,1,1,1,1,1,1,1,1,1,1,1,1
14274,4,3,3,3,3,3,3,4,4,3,3,3,3,4,4,4,3,4,4,4,4
14275,1,2,2,2,2,2,1,2,2,2,2,2,2,2,2,3,3,2,2,2,2
14276,0,0,0,0,0,0,0,0,0,0,0,0,0,0,0,0,0,0,0,0,0
14277,1,1,1,1,1,1,1,1,2,2,1,1,1,1,1,1,1,1,1,1,1
14278,0,1,1,0,0,0,0,0,1,1,0,0,0,0,1,1,1,1,0,0,0
14279,1,1,1,1,1,1,1,1,1,1,1,1,1,1,1,1,1,1,1,0,0
14280,0,1,0,0,0,0,0,0,1,0,0,0,0,0,0,1,0,0,0,0,0
14281,1,1,1,1,1,1,1,1,1,1,1,1,1,1,1,1,1,1,1,1,1
14282,2,2,2,2,1,2,2,2,2,2,2,1,2,2,2,2,2,2,1,2,2
14283,0,0,0,0,0,0,0,0,0,0,0,0,0,0,0,0,0,0,0,0,0
14284,1,1,1,1,1,1,1,1,1,1,1,1,1,1,1,1,1,1,0,0,0
14285,1,1,0,0,0,0,1,1,1,0,0,0,0,0,1,1,0,0,0,0,0
14286,0,0,0,0,0,0,0,0,0,0,0,0,0,0,0,0,0,0,0,0,0
14287,0,0,0,0,0,0,0,0,0,0,0,0,0,0,0,0,0,0,0,0,0
14288,0,0,0,0,0,0,0,0,0,0,0,0,0,0,0,0,0,0,0,0,0
14289,0,0,0,0,0,0,0,0,0,0,0,0,0,0,0,0,0,0,0,0,0
14290,74,91,91,70,62,46,49,74,91,90,70,62,46,49,74,91,90,69,62,46,49
14291,9,12,16,17,18,17,18,22,25,27,24,20,19,18,19,19,18,15,13,13,12
14292,0,0,0,0,0,0,0,0,0,0,0,0,0,0,0,0,0,0,0,0,0
14293,2,1,1,1,1,1,1,2,1,1,1,1,1,1,2,1,1,1,1,1,1
14294,1,1,1,1,1,1,1,1,1,1,1,1,1,1,1,1,1,1,1,1,1
14295,1,1,1,1,1,1,1,1,1,1,1,1,1,1,1,1,1,1,1,1,1
14296,0,1,1,1,0,0,0,0,1,1,1,0,0,0,0,1,1,1,0,0,0
14297,0,0,1,1,0,0,1,0,0,0,0,0,0,0,0,0,0,0,0,0,0
14298,0,0,0,0,0,0,0,0,0,0,0,0,0,0,0,0,0,0,0,0,0
14299,1,1,1,1,0,0,0,1,1,1,1,0,0,0,1,1,1,1,0,0,0
14300,1,1,1,1,1,1,1,1,1,1,1,1,1,1,1,1,1,1,1,1,1
14301,0,0,0,0,0,0,0,0,0,0,0,0,0,0,0,0,0,0,0,0,0
14302,0,0,0,0,0,0,0,0,0,0,0,0,0,0,0,0,0,0,0,0,0
14303,0,0,0,0,0,0,0,0,0,0,0,0,0,0,0,0,0,0,0,0,0
14304,0,0,0,0,0,0,0,0,0,0,0,0,0,0,0,0,0,0,0,0,0
14305,42,45,42,36,33,31,30,33,32,31,25,21,20,21,27,29,30,26,23,22,22
14306,12,12,12,10,9,8,8,11,11,13,11,9,8,7,10,11,12,10,9,8,8
14307,0,0,0,0,0,0,0,0,0,0,0,0,0,0,0,0,0,0,0,0,0
14308,0,0,0,0,0,0,0,0,0,0,0,0,0,0,0,0,0,0,0,0,0
14309,0,0,0,0,0,0,0,0,0,0,0,0,0,0,0,0,0,0,0,0,0
14310,0,0,0,0,0,0,0,0,0,0,0,0,0,0,0,0,0,0,0,0,0
14311,0,0,0,0,0,0,0,0,0,0,0,0,0,0,0,0,0,0,0,0,0
14312,1,1,1,1,1,1,1,1,1,1,1,1,1,1,1,1,1,1,1,1,1
14313,5,5,5,5,4,4,3,4,4,5,5,4,3,3,4,4,5,4,4,3,3
14314,0,0,0,0,0,0,0,0,0,0,0,0,0,0,0,0,0,0,0,0,0
14315,1,0,0,1,0,0,0,0,0,0,0,0,0,0,1,1,1,1,1,0,0
14316,3,3,3,3,2,2,3,3,3,4,3,2,2,3,3,4,4,3,3,3,3
14317,4,4,5,4,3,3,3,4,4,5,4,3,3,3,4,4,5,4,3,2,3
14318,0,1,1,1,0,1,1,1,1,1,1,1,1,1,1,1,1,1,1,1,1
14319,3,3,3,2,2,2,2,3,3,3,2,2,2,2,3,3,3,2,2,2,2
14320,3,3,3,3,2,2,2,2,3,4,3,2,2,2,2,3,3,3,2,2,2
14321,1,1,1,1,1,1,1,1,1,1,1,1,1,1,1,1,1,1,1,1,1
14322,0,0,0,0,0,0,0,0,0,0,0,0,0,0,0,0,0,0,0,0,0
14323,0,0,0,0,0,0,0,0,0,0,0,0,0,0,0,0,0,0,0,0,0
14324,0,0,0,0,0,0,0,0,1,0,0,0,0,0,1,0,0,0,0,0,0
14325,0,0,0,0,0,0,0,0,0,0,0,0,0,0,0,0,0,0,0,0,0
14326,27,27,25,25,25,24,26,29,26,22,19,19,18,22,27,27,24,22,22,21,24
14327,1,1,1,1,1,1,1,1,1,1,1,1,1,1,1,1,1,1,1,1,1
14328,60,60,56,51,49,45,47,52,53,51,47,47,45,46,47,46,43,40,40,39,43
14329,0,0,0,0,0,0,0,0,0,0,0,0,0,0,0,0,0,0,0,0,0
14330,0,0,0,0,0,0,0,0,0,0,0,0,0,0,0,0,0,0,0,0,0
14331,0,0,0,0,0,0,0,0,0,0,0,0,0,0,0,0,0,0,0,0,0
14332,1,1,1,1,2,1,1,1,1,1,1,2,1,1,1,1,1,1,2,1,1
14333,1,1,1,1,1,1,1,1,1,1,1,1,1,1,1,1,1,1,1,1,1
14334,8,9,10,9,8,8,7,8,9,10,9,9,9,8,9,10,11,10,9,10,9
14335,2,2,2,2,2,2,2,2,2,2,2,2,2,2,2,2,2,2,2,2,2
14336,6,5,5,5,5,5,5,5,5,5,5,6,6,6,6,7,6,6,7,7,6
14337,2,2,3,3,3,2,2,2,2,3,3,3,2,2,3,3,3,3,3,2,2
14338,18,16,15,19,22,19,19,17,16,15,20,22,19,18,17,16,15,19,22,19,19
14339,1,1,1,1,1,1,1,1,1,1,1,1,1,1,1,1,1,1,1,1,1
14340,4,5,5,5,5,5,4,4,5,5,5,5,5,4,4,5,5,5,5,5,4
14341,5,5,5,5,5,5,5,5,5,5,5,5,5,5,5,5,6,6,5,5,5
14342,1,1,1,1,1,1,1,1,1,1,1,1,1,1,1,1,1,1,1,1,1
14343,3,3,3,3,2,2,2,2,3,3,3,2,2,2,2,3,3,3,2,2,2
14344,43,44,47,59,60,59,47,41,42,46,58,59,59,47,41,43,47,59,60,60,48
14345,0,0,0,0,0,0,0,0,0,0,0,0,0,0,0,0,0,0,0,0,0
14346,1,1,1,1,1,1,1,1,1,1,1,1,1,1,1,1,1,1,1,1,1
14347,1,2,2,2,2,2,2,2,2,2,2,2,2,1,1,2,2,2,2,2,1
14348,9,9,9,10,11,9,8,8,10,11,11,11,10,10,11,13,14,13,14,12,11
14349,14,15,14,14,12,12,13,14,15,14,14,12,12,13,14,15,14,14,13,12,13
14350,3,3,3,3,3,3,3,2,3,3,3,3,3,3,2,3,3,3,3,3,3
14351,0,0,0,0,0,0,0,0,0,0,0,0,0,0,0,0,0,0,0,0,0
14352,0,0,0,0,0,0,0,0,0,0,0,0,0,0,0,0,0,0,0,0,0
14353,2,2,2,2,2,2,2,2,2,2,2,2,2,2,2,2,2,2,2,2,2
14354,1,1,1,1,1,1,1,1,1,1,1,1,1,1,1,1,1,1,1,1,1
14355,1,1,1,1,0,0,0,1,1,1,1,0,0,1,1,1,1,1,1,1,1
14356,0,0,0,0,0,0,0,0,0,0,0,0,0,0,0,0,0,0,0,0,0
14357,0,0,0,0,0,0,0,0,0,0,0,0,0,0,0,0,0,0,0,0,0
14358,0,0,0,0,0,0,0,0,0,0,0,0,0,0,0,0,0,0,0,0,0
14359,0,0,0,0,0,0,0,0,0,0,0,0,0,0,0,0,0,0,0,0,0
14360,1,0,1,0,0,0,0,1,0,1,0,0,0,0,1,0,0,0,0,0,0
14361,2,2,2,2,1,2,1,2,2,2,2,1,2,1,2,2,2,2,1,2,1
14362,1,1,1,1,1,1,1,1,1,1,1,1,1,1,1,1,0,0,1,1,1
14363,0,0,0,0,0,0,0,0,0,0,0,0,0,0,0,0,0,0,0,0,0
14364,0,0,0,0,0,0,0,0,0,0,0,0,0,0,0,0,0,0,0,0,0
14365,0,0,0,0,0,0,0,0,0,0,0,0,0,0,0,0,0,0,0,0,0
14366,0,0,0,0,0,0,0,0,0,0,0,0,0,0,0,0,0,0,0,0,0
14367,0,0,0,0,0,0,0,0,0,0,0,0,0,0,0,0,0,0,0,1,1
14368,0,0,0,0,0,0,0,0,0,0,0,0,0,0,0,0,0,0,0,0,0
14369,0,0,0,0,0,0,0,0,0,0,0,0,0,0,0,0,0,0,0,0,0
14370,11,11,11,11,9,8,8,10,10,11,10,9,8,8,9,10,11,11,9,8,8
14371,17,20,22,20,16,13,13,17,20,22,20,16,13,13,19,21,24,21,17,14,14
14372,2,2,2,2,2,2,2,2,2,3,3,2,2,2,3,3,3,3,3,2,2
14373,5,6,7,6,5,4,4,5,6,7,6,5,4,4,5,6,7,6,5,4,4
14374,131,155,137,123,110,99,97,132,160,148,135,115,105,110,136,149,136,131,117,105,95
14375,707,782,887,832,714,591,544,707,782,887,831,714,590,544,706,782,887,831,714,590,544
14376,2,3,3,3,2,2,2,2,3,3,3,2,2,2,2,3,3,3,2,2,2
14377,1,1,1,1,1,1,1,1,1,1,1,1,1,1,1,1,1,1,1,1,1
14378,2,2,2,2,2,1,1,2,2,2,2,2,1,1,2,3,2,2,2,2,2
14379,0,0,0,0,0,0,0,0,0,0,0,0,0,0,0,0,0,0,0,0,0
14380,0,0,0,0,0,0,0,0,0,0,0,0,0,0,0,0,0,0,0,0,0
14381,1,1,0,1,0,1,1,1,1,0,1,0,1,1,1,1,0,1,0,1,1
14382,3,4,5,5,4,3,3,3,4,5,5,4,3,3,3,4,5,5,4,3,3
14383,6,5,5,5,4,4,4,5,4,5,4,4,4,4,5,5,5,5,4,4,4
14384,2,2,2,2,2,2,1,2,2,2,2,2,2,2,2,2,2,2,2,2,2
14385,64,71,74,69,60,57,58,75,90,94,89,78,76,80,87,90,88,78,68,67,62
14386,0,0,0,0,0,0,0,0,0,0,0,0,0,0,0,0,0,0,0,0,0
14387,0,0,0,0,0,0,0,0,0,0,0,0,0,0,0,0,0,0,0,0,0
14388,0,0,0,0,0,0,0,0,0,0,0,0,0,0,0,0,0,0,0,0,0
14389,0,0,0,0,0,0,0,0,0,0,0,0,0,0,0,0,0,0,0,0,0
14390,0,0,0,0,0,0,0,1,0,0,0,0,0,0,1,0,0,0,0,0,0
14391,1,1,1,1,1,1,1,1,1,1,1,1,1,1,1,1,1,1,1,1,1
14392,1,2,2,1,2,2,2,1,2,2,1,2,2,2,2,2,2,1,2,2,2
14393,4,5,4,3,3,2,2,4,5,4,3,3,2,2,4,5,4,3,3,2,2
14394,1,1,1,1,1,1,1,1,1,1,1,1,1,1,1,1,1,1,1,1,1
14395,1,0,0,0,0,0,0,1,0,0,0,0,0,0,1,0,0,0,0,0,0
14396,0,1,1,1,1,0,0,0,0,1,1,1,0,0,0,0,1,1,1,0,0
14397,20,20,19,19,17,16,17,21,24,23,23,21,18,19,21,21,20,20,18,17,17
14398,0,0,0,0,0,0,0,0,0,0,0,0,0,0,0,0,0,0,0,0,0
14399,4,4,4,4,3,3,3,4,4,4,4,3,3,3,4,4,4,4,3,3,3
14400,4,4,5,4,3,3,3,4,4,5,4,3,3,3,4,4,5,4,3,3,3
14401,1,1,1,1,1,1,1,1,1,1,1,1,1,1,1,1,1,1,1,1,1
14402,4,4,4,3,3,3,3,3,3,3,3,3,3,4,4,4,4,3,3,3,3
14403,2,2,2,1,1,1,1,1,2,2,1,1,1,1,1,2,2,1,1,1,1
14404,199,229,264,254,225,193,178,206,232,267,255,223,193,183,204,217,245,232,206,186,178
14405,2,2,2,2,2,2,2,2,2,2,2,2,2,2,2,2,2,2,2,2,2
14406,2,3,3,2,2,2,2,2,2,2,2,2,2,2,2,2,2,2,2,2,2
14407,0,0,0,0,0,0,0,0,0,0,0,0,0,0,0,0,0,0,0,0,0
14408,0,0,0,0,0,0,0,0,0,0,0,0,0,0,0,0,0,0,0,0,0
14409,0,0,0,0,0,0,0,0,0,0,0,0,0,0,0,0,0,0,0,0,0
14410,0,0,0,0,0,0,0,0,0,0,0,0,0,0,0,0,0,0,0,0,0
14411,1,1,1,1,0,1,1,1,1,0,0,0,1,1,1,1,0,0,0,0,1
14412,1,1,1,1,1,0,1,1,1,1,0,0,0,1,1,1,1,1,1,0,1
14413,12,13,13,13,11,10,10,11,13,12,12,10,9,9,11,12,12,12,10,9,9
14414,0,0,0,0,0,0,0,0,0,0,0,0,0,0,0,0,0,0,0,0,0
14415,0,0,0,0,0,0,0,0,0,0,0,0,0,0,0,0,0,0,0,0,0
14416,0,0,0,0,0,0,0,0,0,0,0,0,0,0,0,0,0,0,0,0,0
14417,1,2,3,3,1,0,1,1,2,3,3,1,0,1,1,2,3,3,1,0,1
14418,3,5,6,5,4,3,3,3,5,6,5,4,3,3,3,5,6,5,4,3,3
14419,0,0,0,0,0,0,0,0,0,0,0,0,0,0,0,0,0,0,0,0,0
14420,74,81,78,70,66,62,65,83,91,87,78,70,66,73,87,91,87,78,73,72,70
14421,12,17,17,16,11,9,7,10,16,16,16,11,9,7,10,16,17,16,11,9,7
14422,35,38,40,48,40,29,27,30,38,41,48,38,28,26,27,32,37,44,36,27,24
14423,1,2,1,1,1,1,1,1,2,1,1,1,1,1,1,2,1,1,1,1,1
14424,1,1,1,1,1,1,1,1,1,1,1,1,1,1,1,1,1,1,1,1,1
14425,8,8,7,7,6,6,5,7,7,7,7,6,6,5,7,8,7,7,7,6,6
14426,40,53,44,39,34,31,33,41,56,46,40,34,31,34,39,51,42,36,31,31,32
14427,5,4,5,4,3,3,3,5,4,5,4,3,3,3,5,4,5,4,3,3,3
14428,0,0,0,0,0,0,0,0,0,0,0,0,0,0,0,0,0,0,0,0,0
14429,2,3,3,3,2,2,2,2,3,3,3,2,2,2,3,3,3,3,2,2,2
14430,1,1,1,1,0,1,0,1,1,1,1,0,1,0,1,1,1,1,0,1,0
14431,20,22,21,19,16,14,14,19,23,22,19,16,15,15,20,23,22,18,16,14,14
14432,2,5,3,3,3,3,3,3,5,3,3,3,3,3,3,5,3,3,3,3,3
14433,2,2,2,1,1,1,1,1,2,1,1,1,1,1,2,2,2,1,1,1,1
14434,26,31,34,32,28,24,22,27,33,36,34,28,24,23,28,33,36,33,28,25,23
14435,87,94,98,93,83,73,72,94,96,94,86,75,68,71,91,93,94,88,80,76,73
14436,0,1,1,1,1,1,0,0,1,1,1,1,1,0,0,1,1,1,1,1,1
14437,6,8,7,8,4,3,4,5,8,7,7,4,3,4,5,8,7,8,4,4,4
14438,1,2,2,2,2,1,1,1,2,2,2,2,1,1,1,2,2,2,2,1,1
14439,3,4,4,4,3,2,2,3,4,4,4,3,1,2,3,4,4,4,3,1,2
14440,0,0,0,0,0,0,0,0,0,0,0,0,0,0,0,0,0,0,0,0,0
14441,80,75,71,65,63,54,57,71,68,66,62,60,52,57,69,65,64,61,61,57,60
14442,0,0,0,0,0,0,0,0,0,0,0,0,0,0,0,0,0,0,0,0,0
14443,50,51,48,43,40,34,37,48,51,50,44,40,35,38,46,45,42,36,33,28,30
14444,1,0,0,0,0,0,0,0,0,0,0,0,0,0,0,0,0,0,0,0,0
14445,23,23,22,21,21,20,20,22,22,19,18,17,16,17,19,19,18,17,18,18,18
14446,1,1,2,1,1,1,1,1,1,2,1,1,1,1,1,1,2,1,1,1,1
14447,48,48,46,37,33,27,29,36,40,43,36,31,25,29,37,41,43,36,32,27,31
14448,1,2,2,2,2,1,1,2,2,2,2,2,1,1,2,2,2,2,2,1,1
14449,4,4,3,3,3,3,3,4,3,3,3,3,3,3,4,4,3,3,2,2,3
14450,0,0,0,0,0,0,0,0,0,0,0,0,0,0,0,0,0,0,0,0,0
14451,0,0,1,1,1,0,0,0,0,1,1,1,0,0,0,0,1,1,1,0,0
14452,0,0,0,0,0,0,0,0,0,0,0,0,0,0,0,0,0,0,0,0,0
14453,20,21,21,20,20,19,20,23,24,24,22,20,19,20,20,19,19,17,16,15,16
14454,9,9,9,8,7,6,7,9,10,10,9,8,7,8,9,9,8,8,6,6,6
14455,4,3,2,2,2,2,2,2,2,2,2,2,2,2,3,3,2,2,2,2,2
14456,2,2,2,1,2,2,2,2,2,1,1,1,1,1,2,2,2,1,1,1,1
14457,7,6,5,5,4,4,4,5,5,5,5,4,4,5,6,6,6,5,4,4,5
14458,0,0,0,0,0,0,0,0,0,0,0,0,0,0,0,0,0,0,0,0,0
14459,1,1,1,1,1,1,1,1,1,1,1,1,1,1,1,1,1,1,1,1,1
14460,2,2,2,1,1,1,2,2,2,2,1,1,1,2,2,2,2,2,1,2,2
14461,0,0,0,0,0,0,0,0,0,0,0,0,0,0,0,0,0,0,0,0,0
14462,0,0,0,0,0,0,0,0,0,0,0,0,0,0,0,0,0,0,0,0,0
14463,0,0,0,0,0,0,0,0,0,0,0,0,0,0,0,0,0,0,0,0,0
14464,2,0,1,1,1,2,2,2,0,1,1,1,2,2,2,0,1,1,1,2,2
14465,0,0,0,0,0,0,0,0,0,0,0,0,0,0,0,0,0,0,0,0,0
14466,2,2,3,1,1,1,2,2,2,3,1,1,1,2,2,3,3,2,1,1,2
14467,0,0,0,0,0,0,0,0,0,0,0,0,0,0,0,0,0,0,0,0,0
14468,1,0,0,0,0,0,0,0,0,0,0,0,0,0,0,0,0,0,0,0,0
14469,0,0,0,0,0,0,0,0,0,0,0,0,0,0,0,0,0,0,0,0,0
14470,0,0,0,0,0,0,0,0,0,0,0,0,0,0,0,0,0,0,0,0,0
14471,0,1,1,0,0,0,0,0,1,1,0,0,0,0,0,1,1,0,0,0,0
14472,0,0,0,0,0,0,0,0,0,0,0,0,0,0,0,0,0,0,0,0,0
14473,0,0,0,0,0,0,0,0,0,0,0,0,0,0,0,0,0,0,0,0,0
14474,0,0,0,0,0,0,0,0,0,0,0,0,0,0,0,0,0,0,0,0,0
14475,0,0,0,0,0,0,0,0,0,0,0,0,0,0,0,0,0,0,0,0,0
14476,0,0,0,0,0,0,0,0,0,0,0,0,0,0,0,0,0,0,0,0,0
14477,0,0,0,0,0,0,0,0,0,0,0,0,0,0,0,0,0,0,0,0,0
14478,0,0,0,0,0,0,0,0,0,0,0,0,0,0,0,0,0,0,0,0,0
14479,0,0,0,0,0,0,0,0,0,0,0,0,0,0,0,0,0,0,0,0,0
14480,0,0,0,0,0,0,0,0,0,0,0,0,0,0,0,0,0,0,0,0,0
14481,0,0,0,0,0,0,0,0,0,0,0,0,0,0,0,0,0,0,0,0,0
14482,0,0,0,0,0,0,0,0,0,0,0,0,0,0,0,0,0,0,0,0,0
14483,0,0,0,0,0,0,0,0,0,0,0,0,0,0,0,0,0,0,0,0,0
14484,0,0,0,0,0,0,0,0,0,0,0,0,0,0,0,0,0,0,0,0,0
14485,0,0,0,0,0,0,0,0,0,0,0,0,0,0,0,0,0,0,0,0,0
14486,1,1,1,1,1,1,1,1,1,1,1,1,1,1,1,1,1,1,1,1,1
14487,0,0,0,0,0,0,0,0,0,0,0,0,0,0,0,0,0,0,0,0,0
14488,0,0,0,0,0,0,0,0,0,0,0,0,0,0,0,0,0,0,0,0,0
14489,0,0,0,0,0,0,0,0,0,0,0,0,0,0,0,0,0,0,0,0,0
14490,0,0,0,0,0,0,0,0,0,0,0,0,0,0,0,0,0,0,0,0,0
14491,0,0,0,0,0,0,0,0,0,0,0,0,0,0,0,0,0,0,0,0,0
14492,1,1,2,1,1,1,1,1,1,2,1,1,1,1,1,1,2,1,1,1,1
14493,0,0,0,0,0,0,0,0,0,0,0,0,0,0,0,0,0,0,0,0,0
14494,0,0,0,0,0,0,0,0,0,0,0,0,0,0,0,0,0,0,0,0,0
14495,1,1,1,1,1,1,1,1,1,1,1,1,1,1,1,1,1,1,1,1,1
14496,0,0,0,0,0,0,0,0,0,0,0,0,0,0,0,0,0,0,0,0,0
14497,0,0,0,0,0,0,0,0,0,0,0,0,0,0,0,0,0,0,0,0,0
14498,0,0,0,0,0,0,0,0,0,0,0,0,0,0,0,0,0,0,0,0,0
14499,0,0,0,0,0,0,0,0,0,0,0,0,0,0,0,0,0,0,0,0,0
14500,0,0,0,0,0,0,0,0,0,0,0,0,0,0,0,0,0,0,0,0,0
14501,2,2,2,1,1,1,1,2,1,1,1,1,1,2,2,2,1,1,1,1,1
14502,0,0,0,0,0,0,0,0,0,0,0,0,0,0,0,0,0,0,0,0,0
14503,0,0,0,0,0,0,0,0,0,0,0,0,0,0,0,0,0,0,0,0,0
14504,0,0,0,0,0,0,0,0,0,0,0,0,0,0,0,0,0,0,0,0,0
14505,7,6,5,5,5,5,5,6,6,6,6,5,5,5,6,5,5,4,4,3,3
14506,0,0,0,0,0,0,0,0,0,0,0,0,0,0,0,0,0,0,0,0,0
14507,5,4,2,2,2,3,3,3,4,4,3,3,4,4,5,3,2,2,3,3,3
14508,2,3,3,2,2,2,1,2,3,3,2,2,2,1,2,3,3,2,2,1,1
14509,10,11,11,9,8,6,7,8,10,11,9,8,7,7,8,10,11,9,8,7,7
14510,16,16,16,14,13,11,11,14,16,17,15,13,12,12,14,15,16,14,13,12,12
14511,0,1,1,0,0,0,0,0,1,0,0,0,0,0,0,1,1,0,0,0,0
14512,1,1,1,1,1,1,1,1,1,1,1,1,1,1,1,1,1,1,1,1,1
14513,1,5,6,5,4,1,1,1,5,6,5,4,1,1,1,5,6,5,4,1,1
14514,11,13,12,11,10,9,8,10,12,12,11,10,9,8,10,12,12,11,10,9,8
14515,2,2,2,2,2,2,2,2,2,2,2,2,2,2,2,2,2,2,2,2,2
14516,9,13,11,10,7,6,7,10,13,11,10,7,6,7,11,15,12,11,8,6,8
14517,5,6,4,4,4,3,3,5,5,4,4,4,3,3,5,6,4,4,4,3,3
14518,0,0,0,0,0,0,0,0,1,1,1,1,1,1,1,1,1,1,1,1,1
14519,2,3,3,3,2,2,1,2,3,3,3,2,2,1,2,3,3,3,2,2,1
14520,11,11,10,8,7,6,6,8,9,9,8,7,6,6,8,10,9,8,7,7,6
14521,8,10,9,9,7,6,6,7,9,9,8,7,6,6,8,10,10,9,7,6,7
14522,31,36,36,33,28,24,25,30,35,36,32,27,23,24,29,34,34,32,27,23,23
14523,33,35,34,31,27,23,23,28,31,32,30,26,22,23,27,30,31,29,25,22,22
14524,2,3,3,3,3,2,2,2,3,3,3,3,2,2,3,3,3,3,3,2,2
14525,0,0,0,0,0,0,0,0,0,0,0,0,0,0,0,0,0,0,0,0,0
14526,72,80,79,74,65,55,57,64,74,76,71,63,54,56,63,73,75,71,62,54,55
14527,4,4,4,4,3,3,3,3,4,4,3,3,3,3,3,4,4,4,3,3,3
14528,9,10,9,8,7,7,7,8,9,9,8,7,7,7,8,9,9,8,7,7,7
14529,2,2,3,2,2,2,2,3,3,3,3,3,2,2,3,3,3,2,2,2,2
14530,3,3,3,2,2,2,2,3,3,3,2,2,2,2,3,3,2,2,2,2,2
14531,0,0,0,0,0,0,0,0,0,0,0,0,0,0,0,0,0,0,0,0,0
14532,10,8,7,7,6,6,6,8,8,8,7,6,5,5,7,7,8,7,7,7,7
14533,3,2,2,2,2,2,2,2,2,2,2,2,1,1,2,2,2,2,2,2,2
14534,0,0,0,0,0,0,0,0,0,0,0,0,0,0,0,0,0,0,0,0,0
14535,0,0,0,0,0,0,0,0,0,0,0,0,0,0,0,0,0,0,0,0,0
14536,1,1,1,1,1,1,0,1,1,1,1,1,1,0,1,1,1,1,1,1,0
14537,1,1,1,1,1,1,0,1,1,1,1,1,1,0,1,1,1,1,1,1,0
14538,0,0,0,0,0,0,0,0,0,0,0,0,0,0,0,0,0,0,0,0,0
14539,2,2,2,2,1,1,2,2,2,2,2,1,1,2,2,2,2,2,1,1,2
14540,3,3,3,3,2,2,2,3,3,3,3,2,2,3,3,3,4,3,3,2,3
14541,7,7,7,6,6,6,6,7,8,7,7,6,6,6,7,8,7,7,6,6,6
14542,1,1,0,1,1,1,1,1,1,0,1,1,1,1,1,1,0,1,1,1,1
14543,0,0,0,0,0,0,0,0,0,0,0,0,0,0,0,0,0,0,0,0,0
14544,0,1,0,0,0,0,0,0,1,0,0,0,0,0,0,1,0,0,0,0,0
14545,0,0,0,0,0,0,0,0,0,0,0,0,0,0,0,0,0,0,0,0,0
14546,0,0,0,0,0,0,0,0,0,0,0,0,0,0,0,0,0,0,0,0,0
14547,0,0,0,0,0,0,0,0,0,0,0,0,0,0,0,0,0,0,0,0,0
14548,2,2,2,2,3,3,3,3,3,3,3,3,3,3,3,3,2,2,2,2,2
14549,0,0,0,0,0,0,0,0,0,0,0,0,0,0,0,0,0,0,0,0,0
14550,0,0,0,0,0,0,0,0,0,0,0,0,0,0,0,0,0,0,0,0,0
14551,2,4,4,4,3,2,2,2,4,4,4,3,2,2,2,4,4,4,3,2,2
14552,3,4,3,3,3,3,3,3,4,4,3,3,3,3,3,4,4,3,3,3,3
14553,8,9,9,8,7,6,7,8,9,9,8,7,6,7,8,9,9,8,7,6,7
14554,11,12,9,9,9,10,9,11,12,9,9,9,10,9,11,12,9,9,9,9,9
14555,0,0,0,0,0,0,0,0,0,0,0,0,0,0,0,0,0,0,0,0,0
14556,0,0,0,0,0,0,0,0,0,0,0,0,0,0,0,0,0,0,0,0,0
14557,0,0,0,0,0,0,0,0,0,0,0,0,0,0,0,0,0,0,0,0,0
14558,2,2,1,1,1,1,1,1,1,1,1,1,1,1,1,1,1,1,1,1,1
14559,2,1,1,1,1,1,1,2,1,1,1,1,1,1,2,1,1,1,1,1,1
14560,7,5,5,10,9,8,7,7,5,5,10,9,8,7,7,5,5,10,10,8,7
14561,5,6,6,5,5,5,5,5,6,7,6,6,5,5,6,7,7,6,6,5,5
14562,9,8,8,7,7,7,7,8,8,8,7,7,7,7,9,8,8,7,7,8,8
14563,3,3,3,3,3,3,3,3,3,3,3,3,2,3,3,3,3,3,3,2,3
14564,1,1,1,1,1,1,1,1,1,1,1,1,1,1,1,1,1,1,1,1,1
14565,0,0,0,0,0,0,0,0,0,0,0,0,0,0,1,1,0,0,0,0,0
14566,1,1,1,1,1,1,1,1,1,1,1,1,1,1,1,1,1,1,1,1,1
14567,1,1,1,1,1,1,1,1,1,1,1,1,1,1,1,1,1,1,1,1,1
14568,2,2,1,1,1,1,1,1,2,2,1,1,1,2,2,2,2,1,1,1,1
14569,7,8,8,8,8,7,5,7,8,8,8,8,6,5,7,8,8,8,8,6,5
14570,17,17,21,16,13,12,13,17,17,21,16,13,12,13,17,17,21,16,13,12,13
14571,357,388,388,332,273,248,251,315,370,386,331,267,244,254,315,363,375,327,269,246,256
14572,34,38,42,41,35,31,30,33,38,42,41,34,31,30,33,38,42,41,34,31,30
14573,42,38,40,44,37,38,46,46,37,34,35,27,33,46,50,42,38,37,29,33,42
14574,24,21,21,24,20,25,23,24,21,21,24,20,25,23,24,21,21,24,20,25,23
14575,6,6,6,4,6,5,6,5,5,6,4,6,5,6,5,6,6,4,6,5,6
14576,193,162,152,143,133,160,178,183,155,151,145,135,162,179,185,161,149,141,132,160,172
14577,9,7,7,7,7,8,9,9,7,7,7,7,8,9,9,7,7,7,7,8,9
14578,736,801,900,896,772,660,571,730,796,891,883,761,655,571,719,767,857,851,734,635,553
14579,673,585,755,840,759,636,593,672,614,800,867,761,627,578,647,573,759,843,753,637,596
14580,703,707,862,851,757,657,586,697,706,863,850,753,653,586,685,686,851,849,763,678,608
14581,178,155,169,223,217,196,200,176,156,169,220,212,191,197,173,154,170,224,216,195,196
14582,152,128,148,151,156,128,132,148,127,145,143,143,116,125,143,123,146,149,157,136,133
14583,17,17,24,22,17,14,13,17,17,24,22,17,14,13,17,17,24,22,17,14,13
14584,336,199,322,464,396,247,296,356,240,374,504,416,256,296,343,206,326,461,388,244,293
14585,344,260,406,482,436,338,331,377,300,438,503,440,326,311,348,272,419,494,446,357,345
14586,723,765,869,868,753,644,563,721,771,875,866,741,626,544,700,753,867,868,752,648,566
14587,134,110,136,160,157,127,128,134,110,135,160,157,127,128,134,110,135,160,157,127,128
14588,361,383,399,393,325,265,273,365,407,436,420,338,279,291,368,382,402,398,329,281,295
14589,60,57,72,64,57,46,48,60,57,72,65,58,46,48,61,58,72,65,58,46,48
14590,40,38,40,36,34,30,31,38,38,40,36,34,30,32,41,41,43,38,36,32,33
14591,215,241,234,229,207,186,184,222,257,256,246,204,163,153,184,206,206,204,179,165,170
14592,185,147,159,176,177,163,182,187,148,154,167,166,155,179,184,143,154,169,171,162,182
14593,617,581,680,715,586,607,515,614,580,678,704,570,596,513,604,561,668,708,587,619,524
14594,11,12,15,14,13,10,9,11,12,15,14,13,10,9,11,12,15,14,13,10,9
14595,2,0,0,0,0,0,1,1,0,0,0,0,0,1,2,0,0,0,0,0,1
14596,1,1,1,1,1,1,1,1,1,1,1,1,1,1,1,1,1,1,1,1,1
14597,0,0,0,0,0,0,0,0,0,0,0,0,0,0,0,0,0,0,0,0,0
14598,3,3,4,6,5,3,2,3,3,4,6,5,3,2,3,3,4,6,5,3,2
14599,1,1,1,1,1,1,1,1,1,1,1,1,1,1,1,1,1,1,1,1,1
14600,0,0,0,0,0,0,0,0,0,0,0,0,0,0,0,0,0,0,0,0,0
14601,0,0,0,0,0,0,0,0,0,0,0,0,0,0,0,0,0,0,0,0,0
14602,0,0,0,0,0,0,0,0,0,0,0,0,0,0,0,0,0,0,0,0,0
14603,0,0,0,0,0,0,0,0,0,0,0,0,0,0,0,0,0,0,0,0,0
14604,0,0,0,0,0,0,0,0,0,0,0,0,0,0,0,0,0,0,0,0,0
14605,3,2,3,5,4,2,2,3,2,3,5,4,2,2,3,2,3,5,4,2,2
14606,0,0,0,0,0,0,0,0,0,0,0,0,0,0,0,0,0,0,0,0,0
14607,0,0,0,0,0,0,0,0,1,1,1,1,0,0,0,0,0,0,0,0,0
14608,0,0,0,0,0,0,0,0,0,0,0,0,0,0,0,0,0,0,0,0,0
14609,1,1,1,1,0,0,1,1,1,1,1,0,0,1,1,1,1,1,0,0,1
14610,0,0,0,0,0,0,0,0,0,0,0,0,0,0,0,0,0,0,0,0,0
14611,0,0,0,0,0,0,0,0,0,0,0,0,0,0,0,0,0,0,0,0,0
14612,0,0,0,0,0,0,0,0,0,0,0,0,0,0,0,0,0,0,0,0,0
14613,1,2,2,2,2,1,1,1,2,2,2,2,1,1,2,2,3,2,2,1,1
14614,6,10,10,9,5,5,4,5,9,10,9,6,5,4,6,10,10,10,6,5,5
14615,4,3,4,4,3,2,2,4,3,4,3,3,2,2,4,3,4,3,2,2,2
14616,13,17,18,17,11,9,10,12,17,18,17,11,10,10,13,18,18,16,10,9,10
14617,11,14,17,17,16,14,15,18,20,22,19,17,16,16,18,19,18,14,13,12,12
14618,1,2,2,2,2,2,2,1,2,2,2,2,2,2,1,2,2,2,2,2,2
14619,2,1,1,1,1,1,1,1,1,1,1,1,1,1,1,1,1,1,1,1,1
14620,1,1,1,1,1,1,1,1,1,1,1,1,1,1,1,1,1,1,1,1,1
14621,2,3,3,3,2,1,2,2,3,3,3,2,1,2,2,3,3,3,2,1,2
14622,0,0,0,0,0,0,0,0,0,0,0,0,0,0,0,0,0,0,0,0,0
14623,1,1,1,1,1,1,1,1,1,1,1,1,1,1,1,1,1,1,1,1,1
14624,0,1,1,1,1,1,1,1,1,1,1,1,1,1,1,1,1,1,1,0,0
14625,4,4,4,4,4,3,3,3,4,4,4,4,3,3,4,4,4,4,4,3,3
14626,0,0,0,0,0,0,0,0,0,0,0,0,0,0,0,0,0,0,0,0,0
14627,0,0,0,0,0,0,0,0,0,0,0,0,0,0,0,0,0,0,0,0,0
14628,0,1,1,0,1,0,0,1,1,1,0,1,0,0,1,1,1,1,1,1,1
14629,0,0,0,0,0,0,0,0,0,0,0,0,0,0,0,0,0,0,0,0,0
14630,0,0,0,0,0,0,0,0,0,0,0,0,0,0,0,0,0,0,0,0,0
14631,0,0,0,0,0,0,0,0,0,0,0,0,0,0,0,0,0,0,0,0,0
14632,0,0,0,0,0,0,0,0,0,0,0,0,0,0,0,0,0,0,0,0,0
14633,4,4,5,3,3,3,2,4,4,5,3,2,3,2,4,4,5,3,2,3,2
14634,0,0,0,0,0,0,0,0,0,0,0,0,0,0,0,0,0,0,0,0,0
14635,0,1,1,1,1,1,0,0,1,1,1,1,1,0,0,1,1,1,1,1,0
14636,1,1,1,1,1,1,1,1,1,1,1,1,1,1,1,1,1,1,1,1,1
14637,0,0,0,0,0,0,0,0,0,0,0,0,0,0,0,0,0,0,0,0,0
14638,0,0,0,0,0,0,0,0,0,0,0,0,0,0,0,0,0,0,0,0,0
14639,1,0,0,0,0,0,0,1,0,0,0,0,0,0,1,0,0,0,0,0,0
14640,1,1,1,1,1,1,1,1,1,1,1,1,1,1,1,1,1,1,1,1,1
14641,0,0,0,0,0,0,0,0,0,0,0,0,0,0,0,0,0,0,0,0,0
14642,1,1,0,0,0,0,0,1,0,0,0,0,0,0,1,1,0,0,0,0,0
14643,1,1,1,1,1,0,0,1,1,1,1,1,0,0,1,1,1,1,1,0,0
14644,1,1,1,1,1,1,1,1,1,1,1,1,1,1,1,1,1,1,0,1,1
14645,0,1,0,1,1,0,1,0,1,0,1,1,0,1,0,1,0,1,1,0,1
14646,1,1,1,0,0,1,1,1,1,1,0,0,1,1,1,1,1,0,0,1,1
14647,2,2,3,2,2,2,2,2,2,3,2,2,2,2,2,2,3,2,2,2,2
14648,1,1,1,1,1,1,1,1,1,1,1,1,1,1,1,1,1,1,1,1,1
14649,2,2,3,3,3,2,2,2,2,2,3,3,2,2,2,2,2,3,2,2,2
14650,18,18,16,17,18,16,15,16,17,16,17,17,16,16,15,15,15,15,16,15,14
14651,1,2,2,2,2,2,2,1,2,2,2,2,2,2,1,2,2,2,2,2,2
14652,5,6,6,5,4,4,4,6,6,6,4,4,4,4,5,6,6,4,4,4,4
14653,0,0,0,0,0,0,1,1,1,0,0,0,0,1,1,1,1,1,1,1,1
14654,3,2,2,2,3,2,2,3,2,2,2,2,2,2,2,2,2,2,2,2,2
14655,0,0,0,0,0,0,0,0,0,0,0,0,0,0,0,0,0,0,0,0,0
14656,0,0,0,0,0,0,0,0,0,0,0,0,0,0,0,0,0,0,0,0,0
14657,0,0,0,0,0,0,0,0,0,0,0,0,0,0,0,0,0,0,0,0,0
14658,0,0,0,0,0,0,0,0,0,0,0,0,0,0,0,0,0,0,0,0,0
14659,4,3,3,3,2,2,3,3,3,3,3,2,2,3,4,3,3,3,2,2,3
14660,67,61,61,47,46,56,61,79,76,76,58,53,62,65,77,67,64,46,43,54,57
14661,3,2,2,2,2,2,2,3,2,3,2,2,2,2,3,3,3,2,2,2,2
14662,0,0,0,0,0,0,0,0,0,0,0,0,0,0,0,1,0,0,0,0,0
14663,0,0,0,0,0,0,0,0,0,0,0,0,0,0,0,0,0,0,0,0,0
14664,3,3,2,2,2,2,2,3,2,2,2,2,2,2,3,2,2,2,2,2,2
14665,0,0,0,0,0,0,0,0,0,0,0,0,0,0,0,0,0,0,0,0,0
14666,2,2,2,2,2,2,2,2,2,2,1,1,2,2,2,2,2,1,1,2,2
14667,7,8,8,9,11,11,11,12,13,13,11,10,10,11,11,12,11,10,9,9,9
14668,2,2,2,2,1,2,2,2,2,2,2,1,2,2,2,2,2,2,1,2,2
14669,0,0,0,0,0,0,0,0,0,0,0,0,0,0,0,0,0,0,0,0,0
14670,1,0,1,0,1,1,1,1,0,1,0,1,1,1,1,0,1,0,1,1,1
14671,0,0,0,0,0,0,0,0,0,0,0,0,0,0,0,0,0,0,0,0,0
14672,0,0,0,0,0,0,0,0,0,0,0,0,0,0,0,0,0,0,0,0,0
14673,1,1,1,1,1,0,0,0,1,1,1,0,0,0,0,1,1,1,0,0,0
14674,2,2,2,2,1,1,1,2,2,2,2,1,1,1,2,2,2,2,1,1,1
14675,0,1,1,1,1,1,0,0,1,1,1,1,1,0,0,1,1,1,1,1,0
14676,1,1,1,1,1,1,0,1,1,1,1,1,1,0,1,1,1,1,1,1,0
14677,1,1,1,1,1,1,1,1,1,1,1,1,1,1,1,1,1,1,1,1,1
14678,0,0,0,0,0,0,0,0,0,0,0,0,0,0,0,0,0,0,0,0,0
14679,0,0,0,0,0,0,0,0,0,0,0,0,0,0,0,0,0,0,0,0,0
14680,8,10,12,8,6,6,6,8,9,11,8,6,6,6,8,10,12,8,6,6,6
14681,0,0,0,0,0,0,0,0,0,0,0,0,0,0,0,0,0,0,0,0,0
14682,2,2,2,1,1,1,1,1,1,1,1,1,1,1,1,2,2,1,1,1,1
14683,10,12,13,12,9,7,7,10,12,14,13,9,8,7,11,13,14,13,9,8,8
14684,75,126,128,106,75,55,56,84,142,143,119,84,61,60,77,126,127,104,72,54,51
14685,0,0,0,0,0,0,0,0,0,0,0,0,0,0,0,0,0,0,0,0,0
14686,0,0,0,0,0,0,0,0,0,0,0,0,0,0,0,0,0,0,0,0,0
14687,1,1,1,1,0,1,0,0,1,1,1,0,1,1,1,1,1,1,0,1,1
14688,0,0,0,0,0,0,0,0,0,0,0,0,0,0,0,0,0,0,0,0,0
14689,2,2,1,2,1,1,1,1,1,1,1,1,1,1,1,2,2,2,2,2,1
14690,0,0,0,0,0,0,0,0,0,0,0,0,0,0,0,0,0,0,0,0,0
14691,0,0,0,0,0,0,0,0,0,0,0,0,0,0,0,0,0,0,0,0,0
14692,0,0,0,0,0,0,0,0,0,0,0,0,0,0,0,0,0,0,0,0,0
14693,0,0,0,0,0,0,0,0,0,0,0,0,0,0,0,0,0,0,0,0,0
14694,0,0,0,0,0,0,0,0,0,0,0,0,0,0,0,0,0,0,0,0,0
14695,1,1,1,1,1,1,1,1,1,1,1,1,1,1,1,1,1,1,1,1,1
14696,0,0,0,0,0,0,0,0,0,0,0,0,0,0,0,0,0,0,0,0,0
14697,0,0,0,0,0,0,0,0,0,0,0,0,0,0,0,0,0,0,0,0,0
14698,2,2,1,1,1,1,1,2,2,2,2,1,1,1,2,2,2,2,1,1,1
14699,1,0,0,0,0,0,0,0,0,0,0,0,0,0,0,0,0,0,0,0,0
14700,5,7,12,11,4,3,3,4,7,13,13,6,3,3,5,8,9,6,3,3,3
14701,3,3,3,3,3,2,3,3,3,3,3,3,2,3,3,3,3,3,3,2,3
14702,0,0,0,0,0,0,0,0,0,0,0,0,0,0,0,0,0,0,0,0,0
14703,1,1,1,1,1,1,1,1,1,1,1,1,1,1,1,1,1,0,0,0,0
14704,2,2,2,1,1,1,1,1,1,2,1,1,1,1,2,2,2,1,1,1,1
14705,0,0,0,0,0,0,0,0,0,0,0,0,0,0,0,0,0,0,0,0,0
14706,0,0,0,0,0,0,0,0,0,0,0,0,0,0,0,0,0,0,0,0,0
14707,4,5,5,5,5,4,4,4,5,5,5,5,4,4,4,5,5,5,5,4,4
14708,4,5,5,4,4,4,4,4,5,5,4,4,4,4,4,5,5,4,4,4,4
14709,0,0,0,0,0,0,0,0,0,0,0,0,0,0,0,0,0,0,0,0,0
14710,2,3,3,5,5,4,2,2,3,3,5,5,4,2,2,3,3,5,5,4,2
14711,7,10,7,7,5,3,3,7,10,7,7,5,3,3,7,10,8,7,5,3,3
14712,1,1,1,1,1,1,0,1,1,1,1,1,1,0,1,1,1,1,1,1,0
14713,1,1,1,1,1,1,1,1,1,1,1,1,1,1,1,1,1,1,1,1,1
14714,4,5,4,7,6,6,3,4,5,4,7,6,6,3,4,5,4,7,6,6,3
14715,1,2,2,3,2,1,1,1,2,2,3,2,1,1,1,2,2,3,2,1,1
14716,0,0,0,1,0,0,0,0,0,0,1,0,0,0,0,0,0,1,0,0,0
14717,0,0,0,0,0,0,0,0,0,0,0,0,0,0,0,0,0,0,0,0,0
14718,0,0,0,0,0,0,0,0,0,0,0,0,0,0,0,0,0,0,0,0,0
14719,0,0,0,0,0,0,0,0,0,0,0,0,0,0,0,0,0,0,0,0,0
14720,1,2,2,1,1,1,1,1,2,2,1,1,1,1,1,2,2,1,1,1,1
14721,2,2,2,2,2,2,2,2,2,2,2,2,2,2,2,2,2,2,2,2,2
14722,0,0,0,0,0,0,0,0,0,0,0,0,0,0,0,0,0,0,0,0,0
14723,0,0,0,0,0,0,0,0,0,0,0,0,0,0,0,0,0,0,0,0,0
14724,0,0,0,0,0,0,0,0,0,0,0,0,0,0,0,0,0,0,0,0,0
14725,1,1,1,1,1,1,1,1,1,1,1,1,1,1,1,1,1,1,1,1,1
14726,12,13,13,11,8,7,8,12,13,13,11,8,7,8,12,13,13,11,8,7,8
14727,4,4,4,3,3,3,3,3,3,3,3,3,2,3,3,3,3,3,3,3,3
14728,0,0,0,0,0,0,0,0,0,0,0,0,0,0,0,0,0,0,0,0,0
14729,0,0,1,1,1,1,0,0,0,1,1,1,1,0,0,0,1,1,1,1,0
14730,0,0,0,0,0,0,0,0,0,0,0,0,0,0,0,0,0,0,0,0,0
14731,52,54,53,50,45,39,38,48,53,54,51,50,48,45,45,46,45,41,39,38,44
14732,6,5,5,4,4,4,3,5,4,4,4,3,3,3,5,5,4,4,4,4,4
14733,25,34,31,28,17,14,17,25,36,34,31,19,15,18,25,35,33,30,18,15,17
14734,4,4,3,3,2,1,2,3,3,2,3,2,2,2,3,4,3,3,2,2,2
14735,0,0,0,0,0,0,0,0,0,0,0,0,0,0,0,0,0,0,0,0,0
14736,0,0,0,0,0,0,0,0,0,0,0,0,0,0,0,0,0,0,0,0,0
14737,7,7,6,5,5,5,5,6,6,6,5,5,5,5,6,6,6,5,4,5,5
14738,2,2,2,2,2,2,2,2,2,2,2,2,2,2,2,2,2,2,2,2,2
14739,0,0,0,0,0,0,0,0,0,0,0,0,0,0,0,0,0,0,0,0,0
14740,0,0,0,0,0,0,0,0,0,0,0,0,0,0,0,0,0,0,0,0,0
14741,0,0,0,0,0,0,0,0,0,0,0,0,0,0,0,0,0,0,0,0,0
14742,0,0,0,0,0,0,0,0,0,0,0,0,0,0,0,0,0,0,0,0,0
14743,0,0,0,0,0,0,0,0,0,0,0,0,0,0,0,0,0,0,0,0,0
14744,0,1,1,0,0,0,0,0,1,1,0,0,0,0,0,1,1,0,0,0,0
14745,1,2,2,1,1,2,2,1,1,1,1,1,1,1,1,1,2,1,1,1,2
14746,432,517,528,491,418,324,319,432,532,560,537,465,352,321,406,488,515,485,417,347,352
14747,1,1,1,1,0,0,1,1,1,1,1,0,0,1,1,1,1,1,0,0,1
14748,0,0,0,0,0,0,0,0,0,0,0,0,0,0,0,0,0,0,0,0,0
14749,5,5,5,5,5,5,5,5,5,5,5,5,5,4,5,5,5,5,5,5,5
14750,0,0,0,0,0,0,0,0,0,0,0,0,0,0,0,0,0,0,0,0,0
14751,3,3,4,4,3,3,3,3,3,4,4,3,3,3,4,3,4,4,3,3,3
14752,14,13,12,11,10,9,11,13,14,14,13,12,11,12,13,12,12,11,9,9,10
14753,14,12,11,9,8,8,10,14,16,15,12,11,11,15,21,20,18,15,15,15,16
14754,18,18,16,17,17,17,16,17,18,17,18,17,17,16,17,18,17,18,17,17,16
14755,6,7,5,6,4,5,5,6,7,6,6,4,5,5,6,7,6,6,4,5,5
14756,5,6,6,5,5,4,4,6,6,6,5,5,4,4,6,6,6,5,5,4,4
14757,3,4,5,5,4,3,3,3,4,5,5,4,3,2,3,4,5,5,4,3,2
14758,0,0,0,0,0,0,0,0,0,0,0,0,0,0,0,0,0,0,0,0,0
14759,15,16,15,13,11,10,11,14,16,16,14,12,11,12,15,16,15,14,12,11,12
14760,17,19,18,18,17,17,16,21,24,23,22,19,19,18,21,22,21,20,18,18,17
14761,2,1,1,1,1,1,1,1,1,1,1,1,1,1,1,1,1,1,1,1,1
14762,1,1,1,1,1,1,1,1,1,1,1,1,1,1,1,1,1,1,1,1,1
14763,1,1,2,2,2,1,2,1,1,2,2,2,1,2,1,1,2,2,2,1,2
14764,0,1,0,0,0,0,0,0,1,0,0,0,0,0,0,1,1,0,0,0,0
14765,0,0,0,0,0,0,0,0,0,0,0,0,0,0,0,0,0,0,0,0,0
14766,0,0,0,0,0,0,0,0,0,0,0,0,0,0,0,0,0,0,0,0,0
14767,0,0,0,0,0,0,0,0,0,0,0,0,0,0,0,0,0,0,0,0,0
14768,0,0,0,0,0,0,0,0,0,0,0,0,0,0,0,0,0,0,0,0,0
14769,0,0,0,0,0,0,0,0,0,0,0,0,0,0,0,0,0,0,0,0,0
14770,0,0,0,0,0,0,0,0,0,0,0,0,0,0,0,0,0,0,0,0,0
14771,0,0,0,0,0,0,0,0,0,0,0,0,0,0,0,0,0,0,0,0,0
14772,4,5,5,5,4,4,4,5,5,6,5,4,4,4,5,5,5,4,3,3,3
14773,0,0,0,0,0,0,0,0,0,0,0,0,0,0,0,0,0,0,0,0,0
14774,108,116,119,117,116,94,90,110,133,147,150,150,130,126,137,146,150,146,145,128,121
14775,2,2,3,3,2,2,2,2,2,3,2,2,2,2,2,2,3,3,2,2,2
14776,1,1,1,1,1,0,1,1,1,1,1,1,1,1,1,1,1,1,1,1,1
14777,1,1,1,1,1,1,1,1,1,1,1,1,1,1,2,1,1,1,1,1,1
14778,2,3,3,3,2,2,2,2,3,3,2,2,2,2,2,3,3,2,2,2,2
14779,1,1,1,1,1,1,1,1,1,1,1,1,1,1,1,1,1,1,1,1,1
14780,0,0,0,0,0,0,0,0,0,0,0,0,0,0,0,0,0,0,0,0,0
14781,4,5,10,11,10,7,6,4,5,10,11,10,7,6,4,5,10,11,10,7,6
14782,23,27,28,23,18,15,15,23,27,28,23,18,15,15,23,27,28,23,18,15,15
14783,146,141,182,212,195,145,134,136,137,180,209,190,145,141,134,124,169,201,190,156,142
14784,9,11,11,12,10,9,7,9,11,11,12,10,9,8,10,12,12,12,10,9,8
14785,0,0,0,0,0,0,0,0,0,0,0,0,0,0,0,0,0,0,0,0,0
14786,0,0,0,0,0,0,0,0,0,0,0,0,0,0,0,0,0,0,0,0,0
14787,0,0,0,0,0,0,0,0,0,0,0,0,0,0,0,0,0,0,0,0,0
14788,2,2,2,2,2,2,1,2,2,2,2,2,2,1,2,2,2,2,2,2,1
14789,1,1,1,1,0,0,0,1,1,1,0,0,0,0,1,1,1,0,0,0,0
14790,3,3,3,4,3,3,2,3,3,3,4,3,3,2,3,3,3,4,3,3,2
14791,0,0,0,0,0,0,0,0,0,0,0,0,0,0,0,0,0,0,0,0,0
14792,1,1,1,1,1,1,1,1,1,1,1,1,1,1,1,1,1,1,1,1,1
14793,6,5,4,3,2,3,3,4,5,5,4,2,3,2,2,3,3,4,3,3,3
14794,3,2,2,2,2,2,2,2,2,2,2,2,2,2,2,2,2,2,2,2,2
14795,13,12,12,11,11,10,11,12,11,12,11,11,10,10,12,11,12,11,11,10,11
14796,2,2,2,2,1,2,2,2,2,2,2,1,1,2,2,2,2,2,1,1,2
14797,2,2,2,1,1,1,2,2,2,2,2,1,1,2,2,2,2,1,1,1,1
14798,1,2,2,1,1,1,1,2,2,2,2,1,1,1,2,2,2,1,1,1,1
14799,0,0,0,0,0,0,0,0,0,0,0,0,0,0,0,0,0,0,0,0,0
14800,0,0,1,1,1,1,0,0,1,1,1,1,1,0,0,1,1,1,1,1,0
14801,2,3,3,3,2,2,2,2,3,3,3,2,2,2,2,3,3,3,2,2,2
14802,1,2,1,1,1,1,1,1,2,1,1,1,1,1,1,2,1,1,1,1,1
14803,10,13,11,10,8,8,9,10,13,11,10,8,8,9,10,13,11,11,8,8,9
14804,0,0,0,0,0,0,0,0,0,0,0,0,0,0,0,0,0,0,0,0,0
14805,0,0,0,0,0,0,0,0,0,0,0,0,0,0,0,0,0,0,0,0,0
14806,0,0,0,0,0,0,0,0,0,0,0,0,0,0,0,0,0,0,0,0,0
14807,2,2,2,2,2,2,2,2,2,2,2,2,2,2,2,2,2,2,2,2,2
14808,0,1,1,1,2,2,0,0,0,1,1,2,2,0,1,1,1,1,2,2,0
14809,0,0,0,0,0,0,0,0,0,0,0,0,0,0,0,0,0,0,0,0,0
14810,30,36,25,29,30,31,31,30,36,25,29,30,31,31,30,36,26,29,30,31,31
14811,5,5,4,2,1,2,5,5,5,4,2,1,2,5,6,6,4,2,1,2,6
14812,1,1,3,2,0,0,0,1,1,3,2,0,0,0,1,1,3,2,0,0,0
14813,6,5,5,6,4,6,4,6,5,6,6,5,6,4,7,6,6,6,4,6,4
14814,26,19,19,18,19,18,18,25,19,18,18,19,18,18,26,20,19,18,20,18,18
14815,15,14,14,10,8,9,9,15,14,14,10,8,9,10,16,15,14,11,8,9,10
14816,16,15,12,10,9,8,12,16,15,12,10,9,8,12,16,15,12,10,9,8,12
14817,3,4,2,2,4,4,3,2,3,2,2,3,4,3,2,3,2,2,3,4,3
14818,62,81,68,46,30,34,51,62,81,67,46,29,33,51,62,81,67,46,29,33,51
14819,0,0,0,0,0,0,0,0,0,0,0,0,0,0,0,0,0,0,0,0,0
14820,1,1,1,1,1,1,0,1,1,1,1,1,1,1,1,1,1,1,1,1,1
14821,1,3,4,5,2,2,1,1,3,4,5,2,2,1,1,3,4,5,2,2,1
14822,0,0,0,0,0,0,0,0,0,0,0,0,0,0,0,0,0,0,0,0,0
14823,0,0,0,0,0,0,0,0,0,0,0,0,0,0,0,0,0,0,0,0,0
14824,0,0,0,0,0,0,0,0,0,0,0,0,0,0,0,0,0,0,0,0,0
14825,1,1,2,3,3,3,1,0,0,0,0,0,1,0,0,0,0,0,0,1,0
14826,1,2,2,1,1,1,1,2,2,2,1,1,1,1,2,2,2,1,1,1,1
14827,0,0,0,0,0,0,0,0,0,0,0,0,0,0,0,0,0,0,0,0,0
14828,4,4,4,4,4,3,3,4,4,4,4,4,3,3,4,4,4,4,4,3,3
14829,13,12,11,12,11,10,11,13,15,15,15,14,13,14,14,14,13,13,11,11,11
14830,9,7,5,7,6,5,5,5,5,5,7,6,5,6,7,8,8,9,8,7,8
14831,0,0,0,0,0,0,0,0,0,0,0,0,0,0,0,0,0,0,0,0,0
14832,0,0,0,0,0,0,0,0,0,0,0,0,0,0,0,0,0,0,0,0,0
14833,0,0,0,1,1,1,1,0,0,0,1,1,1,0,0,0,0,1,1,1,1
14834,0,0,0,0,0,0,0,0,0,0,0,0,0,0,0,0,0,0,0,0,0
14835,1,1,1,1,1,0,1,1,1,1,1,1,0,1,1,1,1,1,1,0,1
14836,1,1,1,0,0,0,1,1,1,1,0,0,0,1,1,1,1,0,0,0,1
14837,6,6,6,5,4,4,4,5,5,5,4,4,3,4,5,5,6,5,5,4,4
14838,2,2,2,2,2,2,1,2,2,2,2,2,2,1,2,2,2,2,2,2,1
14839,1,1,1,1,1,1,1,1,1,1,1,1,1,1,1,1,1,1,1,1,1
14840,5,5,6,6,6,5,5,5,5,6,6,5,4,4,5,5,6,6,5,4,4
14841,23,22,21,20,19,18,20,23,24,24,22,19,18,20,22,22,21,17,15,15,16
14842,2,2,2,2,2,2,2,2,2,2,2,2,2,2,2,2,2,2,2,2,2
14843,2,2,2,2,2,2,2,2,2,2,2,2,2,2,2,2,2,2,2,2,2
14844,1,1,1,1,1,1,1,1,1,1,1,1,1,1,1,1,1,1,1,1,1
14845,3,3,3,2,2,2,2,3,3,2,1,2,2,2,3,3,2,1,2,2,2
14846,0,0,0,0,0,0,0,0,0,0,0,0,0,0,0,0,0,0,0,0,0
14847,0,0,0,0,0,0,0,0,0,0,0,0,0,0,0,0,0,0,0,0,0
14848,0,0,0,0,0,0,0,0,0,0,0,0,0,0,0,0,0,0,0,0,0
14849,0,0,0,0,0,0,0,0,0,0,0,0,0,0,0,0,0,0,0,0,0
14850,0,0,0,0,0,0,0,0,0,0,0,0,0,0,0,0,0,0,0,0,0
14851,0,0,0,0,0,0,0,0,0,0,0,0,0,0,0,0,0,0,0,0,0
14852,0,0,0,0,0,0,0,0,0,0,0,0,0,0,0,0,0,0,0,0,0
14853,0,0,0,0,0,0,0,0,0,0,0,0,0,0,0,0,0,0,0,0,0
14854,0,0,0,0,0,0,0,0,0,0,0,0,0,0,0,0,0,0,0,0,0
14855,0,0,0,0,0,0,0,0,0,0,0,0,0,0,0,0,0,0,0,0,0
14856,0,0,0,0,0,0,0,0,0,0,0,0,0,0,0,0,0,0,0,0,0
14857,0,0,0,0,0,0,0,0,0,0,0,0,0,0,0,0,0,0,0,0,0
14858,0,0,0,0,0,0,0,0,0,0,0,0,0,0,0,0,0,0,0,0,0
14859,0,0,1,1,0,0,0,0,0,1,1,0,0,0,0,0,1,1,0,0,0
14860,5,4,3,3,4,4,4,4,3,3,3,4,4,4,4,4,3,4,5,5,4
14861,0,0,0,0,0,0,0,0,0,0,0,0,0,0,0,0,0,0,0,0,0
14862,0,0,0,0,0,0,0,0,0,0,0,0,0,0,0,0,0,0,0,0,0
14863,0,0,0,0,0,0,0,0,0,0,0,0,0,0,0,0,0,0,0,0,0
14864,0,0,0,0,0,0,0,0,0,0,0,0,0,0,0,0,0,0,0,0,0
14865,0,0,0,0,0,0,0,0,0,0,0,0,0,0,0,0,0,0,0,0,0
14866,0,0,0,0,0,0,0,0,0,0,0,0,0,0,0,0,0,0,0,0,0
14867,1,1,1,1,1,1,1,1,1,1,1,1,1,1,1,1,1,1,1,1,1
14868,1,1,2,1,1,1,1,1,1,2,1,1,1,1,1,1,2,1,1,1,1
14869,4,4,5,4,4,3,3,4,4,5,4,3,3,3,4,4,5,4,3,3,3
14870,2,2,2,1,1,1,1,2,2,2,1,1,1,1,2,2,2,1,1,1,1
14871,0,0,0,0,0,0,0,0,0,0,0,0,0,0,0,0,0,0,0,0,0
14872,0,0,0,0,0,0,0,0,0,0,0,0,0,0,0,0,0,0,0,0,0
14873,0,0,0,0,0,0,0,0,0,0,0,0,0,0,0,0,0,0,0,0,0
14874,0,0,0,0,0,0,0,0,0,0,0,0,0,0,0,0,0,0,0,0,0
14875,0,0,0,0,0,0,0,0,0,0,0,0,0,0,0,0,0,0,0,0,0
14876,0,0,0,0,0,0,0,0,0,0,0,0,0,0,0,0,0,0,0,0,0
14877,0,0,0,0,0,0,0,0,0,0,0,0,0,0,0,0,0,0,0,0,0
14878,3,2,2,2,2,2,3,3,2,2,2,2,2,2,2,2,2,2,2,2,2
14879,1,1,1,1,1,1,1,1,2,1,1,1,1,1,1,2,1,1,1,1,1
14880,1,1,0,0,0,0,0,1,1,0,0,0,0,0,1,1,0,0,0,0,0
14881,75,78,76,72,65,60,61,72,78,79,74,64,59,62,70,70,69,64,57,55,58
14882,78,84,82,73,65,61,62,75,84,85,75,66,62,64,73,76,76,66,59,58,62
14883,10,9,9,8,8,7,7,8,8,8,8,7,7,7,8,8,8,8,7,6,7
14884,6,6,6,6,6,5,6,7,7,7,6,5,4,4,5,5,5,4,4,4,4
14885,2,2,2,2,2,2,2,2,2,2,2,2,2,2,2,2,3,2,2,2,2
14886,6,6,5,5,5,4,5,6,6,6,5,4,4,4,5,5,5,5,4,4,5
14887,4,4,4,4,4,3,4,4,4,4,3,3,2,2,2,2,2,2,2,2,2
14888,0,0,0,0,0,0,0,0,0,0,0,0,0,0,0,0,1,2,2,2,2
14889,0,0,0,0,0,0,0,0,0,0,0,0,0,0,0,0,0,0,0,0,0
14890,15,16,16,15,13,14,14,15,17,16,15,14,14,14,16,17,17,15,14,14,14
14891,4,5,5,5,4,3,3,4,5,5,5,4,3,3,5,5,5,5,4,3,3
14892,1,2,2,2,1,1,1,2,2,2,2,1,1,1,2,2,2,2,1,1,1
14893,2,2,2,2,2,2,2,2,2,2,2,2,2,2,2,2,2,2,2,2,2
14894,11,12,10,9,9,8,8,10,12,11,11,9,8,9,10,11,10,9,8,7,8
14895,2,2,2,2,2,2,2,2,2,2,2,2,2,2,2,2,2,2,2,2,2
14896,5,6,5,5,5,4,4,5,6,6,5,5,4,4,5,6,5,5,4,4,4
14897,8,9,9,9,8,7,7,9,9,9,10,8,7,7,9,9,9,9,8,7,7
14898,2,2,2,2,1,1,1,1,1,2,2,1,1,1,2,2,2,2,1,1,1
14899,1,2,2,1,1,1,1,1,2,2,1,1,1,1,1,2,2,1,1,1,1
14900,2,2,2,1,1,1,1,1,2,2,2,1,1,2,2,2,2,2,1,1,1
14901,0,0,0,0,0,0,0,0,0,0,0,0,0,0,0,0,0,0,0,0,0
14902,0,0,0,0,0,0,0,0,0,0,0,0,0,0,0,0,0,0,0,0,0
14903,3,2,2,2,1,1,1,2,2,2,2,2,2,2,2,2,2,2,1,1,1
14904,0,0,0,0,0,0,0,0,0,0,0,0,0,0,0,0,0,0,0,0,0
14905,0,0,0,0,0,0,0,0,0,0,0,0,0,0,0,0,0,0,0,0,0
14906,1,1,1,1,1,1,1,0,1,1,1,1,1,1,0,1,1,1,1,1,0
14907,2,1,1,1,1,1,1,0,0,1,1,1,1,1,1,1,1,1,0,0,0
14908,6,7,8,7,6,4,4,6,7,8,7,6,5,4,6,7,8,7,6,4,4
14909,4,5,4,4,4,4,4,5,5,4,4,4,4,4,4,4,4,4,4,4,4
14910,0,0,0,0,0,0,0,0,0,0,0,0,0,0,0,0,0,0,0,0,0
14911,0,0,0,0,0,0,0,0,0,0,0,0,0,0,0,0,0,0,0,0,0
14912,12,15,15,12,10,10,9,13,16,15,12,10,10,9,13,16,15,12,10,10,9
14913,24,24,23,23,22,20,20,24,27,28,26,23,21,20,21,20,18,17,15,13,14
14914,5,5,5,5,4,4,4,5,5,6,6,5,4,4,5,6,6,6,5,4,4
14915,2,2,2,2,2,2,2,2,2,2,2,2,2,1,2,2,2,2,2,2,1
14916,0,0,0,0,0,0,0,0,0,0,0,0,0,0,0,0,0,0,0,0,0
14917,0,0,0,0,0,0,0,0,0,0,0,0,0,0,0,0,0,0,0,0,0
14918,1,1,1,1,1,1,1,1,1,1,1,1,1,1,1,1,1,1,1,1,1
14919,3,3,3,3,3,2,3,3,3,3,3,3,2,3,3,3,3,3,3,2,3
14920,0,0,0,0,0,0,0,0,0,0,0,0,0,0,0,0,0,0,0,0,0
14921,5,5,4,4,3,3,4,4,4,4,3,3,3,4,4,4,5,4,4,4,5
14922,0,0,0,0,0,0,0,0,0,0,0,0,0,0,0,0,0,0,0,0,0
14923,0,0,0,0,0,0,0,0,0,0,0,0,0,0,0,0,0,0,0,0,0
14924,7,8,7,6,6,6,6,7,7,6,6,6,6,6,7,7,6,6,6,6,6
14925,11,11,10,10,9,10,9,11,11,10,10,9,9,9,11,10,10,10,9,9,9
14926,73,83,79,65,59,56,57,73,83,79,65,59,56,57,73,83,79,65,59,56,57
14927,0,0,0,0,0,0,0,0,0,0,0,0,0,0,0,0,0,0,0,0,0
14928,42,43,39,40,36,33,34,42,43,38,39,35,33,34,42,43,38,39,35,33,34
14929,16,17,16,14,12,11,11,13,15,16,14,12,12,12,14,16,16,14,12,12,12
14930,28,30,29,27,26,25,26,27,30,30,28,26,25,26,28,30,29,27,26,25,26
14931,1,1,2,2,2,1,1,1,1,2,2,2,1,1,1,1,2,2,2,1,1
14932,1,1,1,1,1,1,1,1,1,1,1,1,1,1,1,1,1,1,1,1,1
14933,5,5,5,5,4,4,4,5,5,5,5,4,4,4,5,5,5,5,4,4,4
14934,2,3,3,3,3,3,3,3,3,3,3,3,2,2,3,3,3,2,2,2,2
14935,15,18,17,15,15,14,12,13,16,16,14,15,13,11,12,16,16,14,15,13,12
14936,3,3,4,3,3,3,3,3,4,4,4,3,3,3,4,4,4,4,3,3,3
14937,4,4,4,3,2,2,2,4,4,4,3,2,2,2,4,4,4,3,2,2,2
14938,1,1,1,1,0,0,1,1,1,1,1,0,0,1,1,1,1,1,0,0,1
14939,1,1,1,1,0,0,1,1,1,1,1,0,0,1,1,1,1,1,0,0,1
14940,8,9,8,7,6,8,8,8,9,8,7,6,7,8,8,9,8,7,6,8,8
14941,17,18,16,14,14,14,14,15,15,14,12,11,12,12,12,11,10,8,8,9,9
14942,9,9,8,7,7,7,6,8,8,8,7,7,7,6,8,8,8,7,7,7,6
14943,6,6,5,4,3,3,4,4,4,4,3,3,3,3,4,5,4,3,3,3,4
14944,1,2,2,3,2,2,1,1,2,2,3,2,2,1,1,2,2,3,2,2,1
14945,6,6,6,6,5,4,5,5,5,5,5,5,4,5,5,5,5,5,5,4,5
14946,5,6,5,5,5,4,4,5,6,5,5,5,4,4,5,6,5,5,5,4,5
14947,0,0,0,0,0,0,0,0,0,0,0,0,0,0,0,0,0,0,0,0,0
14948,0,0,0,0,0,0,0,0,0,0,0,0,0,0,0,0,0,0,0,0,0
14949,1,0,0,0,0,0,0,1,0,0,0,0,0,0,1,0,0,0,0,0,0
14950,0,0,0,0,0,0,0,0,0,0,0,0,0,0,0,0,0,0,0,0,0
14951,0,0,0,0,0,0,0,0,0,0,0,0,0,0,0,0,0,0,0,0,0
14952,0,0,0,0,0,0,0,0,0,0,0,0,0,0,0,0,0,0,0,0,0
14953,0,0,0,0,0,0,0,0,0,0,0,0,0,0,0,0,0,0,0,0,0
14954,0,0,0,0,0,0,0,0,0,0,0,0,0,0,0,0,0,0,0,0,0
14955,0,0,0,0,0,0,0,0,0,0,0,0,0,0,0,0,0,0,0,0,0
14956,1,1,2,2,1,1,2,2,2,2,2,2,1,2,2,2,2,2,1,1,2
14957,0,0,0,0,0,0,0,0,0,0,0,0,0,0,0,0,0,0,0,0,0
14958,15,17,18,10,7,6,12,15,17,18,10,7,6,12,15,17,18,10,7,6,12
14959,76,89,95,93,85,69,60,71,89,103,108,111,107,79,57,67,80,95,114,99,76
14960,1,1,1,1,1,1,1,1,1,1,1,1,1,1,1,1,1,1,1,1,1
14961,0,0,0,0,0,0,0,0,0,0,0,0,0,0,0,0,0,0,0,0,0
14962,24,26,25,27,25,21,21,23,25,25,27,24,21,21,23,26,25,27,25,21,21
14963,0,0,0,0,0,0,0,0,0,0,0,0,0,0,0,0,0,0,0,0,0
14964,0,0,0,0,0,0,0,0,0,0,0,0,0,0,0,0,0,0,0,0,0
14965,0,0,0,0,0,0,0,0,0,0,0,0,0,0,0,0,0,0,0,0,0
14966,0,0,0,0,0,0,0,0,0,0,0,0,0,0,0,0,0,0,0,0,0
14967,11,8,8,8,7,8,9,11,8,8,8,7,8,9,11,8,9,8,7,8,9
14968,0,0,0,0,0,0,0,0,0,0,0,0,0,0,0,0,0,0,0,0,0
14969,0,0,0,0,0,0,0,0,0,0,0,0,0,0,0,0,0,0,0,0,0
14970,0,0,0,0,0,0,0,0,0,0,0,0,0,0,0,1,0,0,0,0,0
14971,2,2,2,2,2,2,2,2,2,2,2,2,2,2,2,2,2,2,2,2,2
14972,0,0,0,0,0,0,0,0,0,0,0,0,0,0,0,0,0,0,0,0,0
14973,0,0,0,0,0,0,0,0,0,0,0,0,0,0,0,0,0,0,0,0,0
14974,1,1,1,1,1,1,1,1,1,1,1,1,1,1,1,1,1,1,1,1,1
14975,1,3,2,2,1,1,1,1,3,2,2,1,1,1,1,3,2,2,1,1,1
14976,1,1,1,1,1,1,1,1,1,1,1,1,1,1,1,1,1,1,1,1,1
14977,1,1,1,1,1,1,1,1,1,1,1,1,1,1,1,1,1,1,1,1,1
14978,0,0,0,0,0,0,0,0,0,0,0,0,0,0,1,1,1,1,1,1,1
14979,1,1,2,2,2,2,1,1,2,2,2,2,2,1,2,2,2,2,2,2,1
14980,1,1,0,0,0,0,0,0,0,0,0,0,0,0,0,0,0,0,0,0,0
14981,2,4,5,6,6,4,2,3,5,5,6,6,4,2,2,4,5,6,6,4,2
14982,4,4,5,5,4,3,3,4,4,5,5,4,3,3,4,5,5,5,4,3,3
14983,2,2,2,2,2,2,1,2,2,2,2,2,2,1,2,2,2,2,2,2,1
14984,0,0,0,0,0,0,0,0,0,0,0,0,0,0,0,0,0,0,0,0,0
14985,5,5,6,7,7,5,4,5,5,6,7,6,5,4,4,5,6,7,7,5,4
14986,0,0,0,0,0,0,0,0,0,0,0,0,0,0,0,0,0,0,0,0,0
14987,3,3,6,7,7,4,3,3,3,5,7,7,3,3,2,3,5,7,7,4,3
14988,4,4,5,4,4,3,2,3,3,4,4,4,3,3,3,4,5,4,4,3,3
14989,1,1,1,1,1,1,1,1,1,1,1,1,1,1,1,1,1,1,1,1,0
14990,0,0,0,0,0,0,0,0,0,0,0,0,0,0,0,0,0,0,0,0,0
14991,0,0,0,0,0,0,0,0,0,0,0,0,0,0,0,0,0,0,0,0,0
14992,1,1,2,3,2,2,2,2,1,1,2,1,1,1,1,0,1,2,2,1,1
14993,0,0,0,0,0,0,0,0,0,0,0,0,0,0,0,0,0,0,0,0,0
14994,0,0,0,0,0,0,0,0,0,0,0,0,0,0,0,0,0,0,0,0,0
14995,0,0,0,0,0,0,0,0,0,0,0,0,0,0,0,0,0,0,0,0,0
14996,0,0,0,0,0,0,0,0,0,0,0,0,0,0,0,0,0,0,0,0,0
14997,0,0,0,0,0,0,0,0,0,0,0,0,0,0,0,0,0,0,0,0,0
14998,1,2,2,2,1,1,1,1,1,1,1,1,1,1,1,1,1,1,1,1,1
14999,5,5,5,5,4,4,4,5,5,5,5,4,4,4,5,5,5,5,4,4,4
15000,14,17,20,18,15,14,13,14,17,19,17,14,13,12,14,16,19,17,14,13,12
15001,0,0,0,0,0,0,0,0,0,0,0,0,0,0,0,0,0,0,0,0,0
15002,0,0,0,0,0,0,0,0,0,0,0,0,0,0,0,0,0,0,0,0,0
15003,0,0,0,0,0,0,0,0,0,0,0,0,0,0,0,0,0,0,0,0,0
15004,0,0,0,0,0,0,0,0,0,0,0,0,1,1,1,1,1,0,0,0,0
15005,6,5,5,4,5,5,6,6,5,5,4,4,5,6,6,5,5,4,4,5,6
15006,1,1,1,1,1,0,0,1,1,1,1,1,0,0,1,1,1,1,1,0,0
15007,2,1,2,1,1,1,1,2,2,1,1,1,1,1,2,2,1,1,1,1,1
15008,0,0,0,0,0,0,0,0,0,0,0,0,0,0,0,0,0,0,0,0,0
15009,2,2,2,3,2,2,1,2,2,2,3,2,2,1,2,2,2,3,2,2,1
15010,0,0,0,0,0,0,0,0,0,0,0,0,0,0,0,0,0,0,0,0,0
15011,0,0,0,0,0,0,0,0,0,0,0,0,0,0,0,0,0,0,0,0,0
15012,0,0,0,0,0,0,0,0,0,0,0,0,0,0,0,0,0,0,0,0,0
15013,1,0,1,1,1,1,1,1,1,1,1,1,1,1,1,1,1,1,1,1,1
15014,0,0,0,0,0,0,0,0,0,0,0,0,0,0,0,0,0,0,0,0,0
15015,1,2,2,2,2,2,1,1,2,2,2,2,2,1,1,2,2,2,2,2,1
15016,3,3,3,3,3,2,3,3,3,3,3,3,2,3,3,3,3,3,3,2,3
15017,0,0,0,0,0,0,0,0,0,0,0,0,0,0,0,0,0,0,0,0,0
15018,34,33,31,27,25,24,27,33,34,33,28,25,23,25,28,26,24,20,18,18,22
15019,263,276,253,239,224,210,211,266,286,269,254,236,225,228,271,272,247,230,215,207,210
15020,15,21,20,20,18,15,14,15,21,20,20,18,15,14,15,21,20,20,18,15,14
15021,92,98,89,83,76,82,77,90,98,89,83,76,82,77,91,98,90,84,77,82,77
15022,16,16,18,17,15,13,13,15,15,18,17,15,13,13,16,16,19,17,15,13,13
15023,66,75,78,68,59,52,51,68,78,82,75,71,62,46,53,60,64,55,49,48,52
15024,211,224,230,214,188,166,168,220,230,228,206,178,157,163,219,237,236,212,185,167,170
15025,16,19,23,20,16,14,12,15,19,23,20,16,14,13,16,19,23,20,16,14,13
15026,3,3,3,3,2,2,2,3,3,3,3,2,2,2,3,3,3,3,2,2,2
15027,30,28,20,25,30,27,23,28,29,24,32,42,41,27,24,23,17,23,29,26,21
15028,18,21,20,16,13,13,15,17,20,19,16,13,12,14,17,20,19,16,13,13,15
15029,7,5,4,4,4,3,4,6,7,7,7,7,6,5,6,5,5,5,5,5,6
15030,0,1,1,1,1,0,0,0,1,1,1,1,0,0,0,1,1,1,1,0,0
15031,3,3,3,2,2,2,3,3,3,3,2,2,2,3,3,2,2,2,2,2,3
15032,32,31,30,31,31,28,29,30,31,32,30,29,28,27,21,14,13,11,12,16,23
15033,1,1,1,1,1,0,0,1,1,1,1,1,0,0,1,1,1,1,1,0,0
15034,1,1,0,0,0,0,0,1,1,0,0,0,0,0,1,1,0,0,0,0,0
15035,3,1,1,1,1,1,2,3,1,1,1,1,1,3,3,1,1,1,1,1,2
15036,0,0,0,0,0,0,0,0,0,0,0,0,0,0,0,0,0,0,0,0,0
15037,3,3,3,3,2,2,2,3,3,3,3,2,2,2,2,3,3,2,2,2,2
15038,1,1,1,1,0,1,1,1,1,1,1,0,1,1,1,1,1,1,0,1,1
15039,1,1,1,1,1,1,1,1,1,1,1,1,1,1,1,1,1,1,1,1,1
15040,10,10,11,10,9,8,8,9,9,10,9,9,7,8,9,9,10,9,9,7,8
15041,0,0,0,0,0,0,0,0,0,0,0,0,0,0,0,0,0,0,0,0,0
15042,0,0,0,0,0,0,0,0,0,0,0,0,0,0,0,0,0,0,0,0,0
15043,1,1,2,1,1,1,1,1,1,2,1,1,1,1,1,1,2,1,1,1,1
15044,1,1,1,1,1,1,1,1,1,1,1,1,1,1,1,1,1,1,1,1,1
15045,16,21,23,23,20,17,14,16,21,23,23,20,17,14,16,21,23,23,20,17,14
15046,30,33,34,32,30,27,29,39,49,49,43,38,35,37,40,40,38,33,32,34,33
15047,21,22,22,22,21,20,20,22,22,22,22,21,19,19,21,22,22,22,21,19,19
15048,0,0,0,0,0,0,0,0,0,0,0,0,0,0,0,0,0,0,0,0,0
15049,1,1,3,4,4,3,2,1,0,0,0,0,0,0,0,0,0,0,0,0,0
15050,0,0,0,0,0,0,0,0,0,0,0,0,0,0,0,0,0,0,0,0,0
15051,7,8,7,7,6,6,6,7,8,7,7,6,6,6,7,8,7,7,6,6,6
15052,0,0,0,0,0,0,0,0,0,0,0,0,0,0,0,0,0,0,0,0,0
15053,0,0,0,0,0,0,0,0,0,0,0,0,0,0,0,0,0,0,0,0,0
15054,0,0,0,0,0,0,0,0,0,0,0,0,0,0,0,0,0,0,0,0,0
15055,0,0,0,0,0,0,0,0,0,0,0,0,0,0,0,0,0,0,0,0,0
15056,1,1,1,1,1,1,1,1,1,1,1,1,1,1,1,1,1,1,1,1,1
15057,0,0,0,0,0,0,0,0,0,0,0,0,0,0,0,0,0,0,0,0,0
15058,0,0,0,0,0,0,0,0,0,0,0,0,0,0,0,0,0,0,0,0,0
15059,0,0,0,0,0,0,0,0,0,0,0,0,0,0,0,0,0,0,0,0,0
15060,0,0,0,0,0,0,0,0,0,0,0,0,0,0,0,0,0,0,0,0,0
15061,1,2,2,1,1,1,1,1,2,2,1,1,1,1,1,2,2,1,1,1,1
15062,2,2,2,2,2,2,2,2,2,2,2,2,2,2,2,2,2,2,2,2,2
15063,106,103,95,97,92,85,87,99,103,92,88,78,72,78,90,91,87,87,82,80,80
15064,0,0,0,0,0,0,0,0,0,0,0,0,0,0,0,0,0,0,0,0,0
15065,0,0,0,0,0,0,0,0,0,0,0,0,0,0,0,1,0,0,0,0,0
15066,0,0,0,0,0,0,0,0,0,0,0,0,0,0,0,0,0,0,0,0,0
15067,0,0,0,0,0,0,0,0,0,0,0,0,0,0,0,0,0,0,0,0,0
15068,0,0,0,0,0,0,0,0,0,0,0,0,0,0,0,0,0,0,0,0,0
15069,0,0,0,0,0,0,0,0,0,0,0,0,0,0,0,0,0,0,0,0,0
15070,3,4,4,4,3,3,3,3,4,4,4,3,3,3,3,4,4,4,3,3,3
15071,0,0,0,0,0,0,0,0,0,0,0,0,0,0,0,0,0,0,0,0,0
15072,0,0,0,0,0,0,0,0,0,0,0,0,0,0,0,0,0,0,0,0,0
15073,0,0,0,0,0,0,0,0,0,0,0,0,0,0,0,0,0,0,0,0,0
15074,48,55,53,47,40,33,29,34,41,46,44,40,36,34,41,51,59,56,52,48,46
15075,1,1,1,1,1,1,1,1,1,1,1,1,1,1,1,1,1,1,1,1,1
15076,3,1,1,0,0,0,1,2,1,1,1,1,1,1,2,1,1,1,1,1,1
15077,0,0,0,0,0,0,0,0,0,0,0,0,0,0,0,0,0,0,0,0,0
15078,4,5,5,5,5,3,3,3,4,5,5,5,4,3,4,5,5,5,5,3,3
15079,6,7,7,5,3,3,3,5,6,6,5,3,3,3,5,6,6,5,3,3,3
15080,2,2,2,2,2,2,2,2,2,2,1,2,2,2,2,2,2,2,2,2,2
15081,39,42,44,40,38,33,34,41,44,45,39,35,30,31,35,36,37,34,32,30,33
15082,2,3,3,2,2,2,2,2,3,3,2,2,2,2,2,3,3,2,2,2,2
15083,8,9,10,9,8,7,7,8,9,10,9,8,7,7,8,9,10,9,8,7,7
15084,3,3,2,2,2,2,2,2,3,2,2,2,2,2,3,3,3,2,2,2,2
15085,3,2,1,1,1,1,1,1,1,1,1,1,1,1,2,2,2,2,1,2,2
15086,4,5,6,5,5,4,3,4,5,6,5,5,4,3,4,5,6,5,5,4,3
15087,20,19,17,15,14,12,14,19,21,21,18,17,17,21,24,21,19,17,16,16,19
15088,0,0,0,0,0,0,0,0,0,0,0,0,0,0,0,0,0,0,0,0,0
15089,0,0,0,0,0,0,0,0,0,0,0,0,0,0,0,0,0,0,0,0,0
15090,11,11,11,11,10,9,9,11,11,11,10,9,8,8,11,11,11,10,9,8,8
15091,0,0,0,0,0,0,0,0,0,0,0,0,0,0,0,0,0,0,0,0,0
15092,6,8,8,6,6,5,5,6,8,7,6,6,5,5,6,8,8,6,6,5,5
15093,5,7,8,7,5,4,4,5,6,7,7,5,4,4,5,6,8,7,5,4,4
15094,20,21,22,20,16,11,11,18,25,30,27,21,16,16,22,26,31,28,23,20,21
15095,3,4,5,4,3,2,2,3,4,5,4,3,2,2,3,4,5,4,3,2,2
15096,43,48,47,44,42,38,40,43,46,43,37,34,30,32,38,44,44,41,39,37,38
15097,8,8,7,5,5,5,6,7,7,6,5,4,5,5,7,7,6,5,4,5,6
15098,1,1,1,1,1,1,1,1,1,1,1,1,1,1,1,1,1,1,1,1,1
15099,11,11,9,10,9,10,11,14,16,15,15,13,13,13,15,14,11,11,10,11,11
15100,54,56,54,51,45,43,47,57,53,46,40,34,30,33,44,49,51,48,44,40,41
15101,4,5,6,7,6,3,4,4,5,6,7,6,3,3,4,5,6,7,5,3,3
15102,0,0,0,0,0,0,0,0,0,0,0,0,0,0,0,0,0,0,0,0,0
15103,1,1,1,0,0,0,1,1,1,1,0,0,0,1,1,1,1,0,0,0,1
15104,0,0,0,0,0,0,0,0,0,0,0,0,0,0,0,0,0,0,0,0,0
15105,0,0,0,0,0,0,0,0,0,0,0,0,0,0,0,0,0,0,0,0,0
15106,0,0,0,0,0,0,0,0,0,0,0,0,0,0,0,0,0,0,0,0,0
15107,0,0,0,0,0,0,0,0,0,0,0,0,0,0,0,0,0,0,0,0,0
15108,0,0,0,0,0,0,0,0,0,0,0,0,0,0,0,0,0,0,0,0,0
15109,0,0,0,0,0,0,0,0,0,0,0,0,0,0,0,0,0,0,0,0,0
15110,0,0,0,0,0,0,0,0,0,0,0,0,0,0,0,0,0,0,0,0,0
15111,0,0,0,0,0,0,0,0,0,0,0,0,0,0,0,0,0,0,0,0,0
15112,0,0,0,0,0,0,0,0,0,0,0,0,0,0,0,0,0,0,0,0,0
15113,0,0,0,0,0,0,0,0,0,0,0,0,0,0,0,0,0,0,0,0,0
15114,0,0,0,0,0,0,0,0,0,0,0,0,0,0,0,0,0,0,0,0,0
15115,0,0,0,0,0,0,0,0,0,0,0,0,0,0,0,0,0,0,0,0,0
15116,0,0,0,0,0,0,0,0,0,0,0,0,0,0,0,0,0,0,0,0,0
15117,0,1,1,1,1,1,1,1,1,1,1,1,1,1,0,1,1,1,1,1,1
15118,10,9,9,8,7,7,7,9,9,10,9,8,8,8,10,10,11,10,10,9,9
15119,0,1,1,1,0,0,1,0,1,1,1,0,0,1,0,1,1,1,0,0,1
15120,0,0,0,0,0,0,0,0,0,0,0,0,0,0,0,0,0,0,0,0,0
15121,0,0,0,0,0,0,0,0,0,0,0,0,0,0,0,0,0,0,0,0,0
15122,1,0,0,0,0,0,0,1,1,1,0,0,0,1,1,1,0,0,0,0,0
15123,12,10,10,10,10,9,10,13,13,14,14,13,12,13,15,14,14,12,12,12,12
15124,20,20,20,19,18,17,18,21,22,22,20,18,17,19,20,20,19,17,16,16,16
15125,3,4,4,3,3,3,3,4,4,4,4,3,3,3,4,4,4,4,3,3,3
15126,1,1,1,1,1,1,1,1,1,1,1,1,1,1,1,2,1,1,1,1,1
15127,2,2,2,2,2,1,1,2,2,2,2,1,1,1,2,2,2,2,1,1,1
15128,0,0,0,0,0,0,0,0,0,0,0,0,0,0,0,0,0,0,0,0,0
15129,0,0,0,0,0,0,0,0,0,0,0,0,0,0,0,0,0,0,0,0,0
15130,1,1,1,1,1,1,1,1,1,1,1,1,1,1,1,1,1,1,1,1,1
15131,2,2,3,2,1,2,2,2,2,3,2,2,2,2,2,2,3,2,1,2,2
15132,17,20,18,14,12,11,14,17,20,18,14,12,11,14,17,20,18,14,12,11,14
15133,1,2,2,1,1,1,1,1,2,2,1,1,1,1,1,2,2,1,1,1,1
15134,3,6,6,3,2,3,3,3,6,6,3,2,3,3,3,6,6,3,2,3,3
15135,2,3,3,3,2,2,2,3,3,3,3,2,2,2,3,3,3,3,2,2,2
15136,3,4,4,4,3,3,3,3,3,4,4,3,3,3,3,4,4,4,3,3,3
15137,2,3,2,2,1,2,2,2,3,2,2,1,2,2,2,3,2,2,1,2,2
15138,8,9,8,6,5,4,8,8,9,8,6,5,4,8,8,9,8,6,5,4,8
15139,1,1,1,1,0,0,1,1,1,1,1,0,0,0,1,1,1,1,0,0,0
15140,0,1,1,0,0,0,0,0,1,1,1,1,0,0,1,1,1,1,0,0,0
15141,2,1,1,1,1,1,1,1,1,1,1,1,1,1,1,1,1,1,1,1,1
15142,2,2,2,2,2,2,2,2,2,2,2,2,2,2,2,2,2,2,2,2,2
15143,1,1,1,1,1,1,1,1,1,1,1,1,1,1,1,1,1,1,1,1,1
15144,0,0,0,0,0,0,0,0,0,0,0,0,0,0,0,0,0,0,0,0,0
15145,0,0,0,0,0,0,0,0,0,0,0,0,0,0,0,0,0,0,0,0,0
15146,3,2,2,2,1,1,1,2,2,2,1,1,1,1,2,2,2,1,1,1,1
15147,0,0,0,0,0,0,0,0,0,0,0,0,0,0,0,0,0,0,0,0,0
15148,2,3,2,2,2,2,2,2,2,2,2,2,2,2,2,2,2,2,2,2,2
15149,0,0,0,0,0,0,0,0,0,0,0,0,0,0,0,0,0,0,0,0,0
15150,0,0,0,0,0,0,0,0,0,0,0,0,0,0,0,0,0,0,0,0,0
15151,2,3,4,4,4,3,3,3,3,3,3,3,2,2,2,3,3,3,3,2,2
15152,12,17,15,14,9,8,9,11,18,17,15,10,9,10,12,18,17,15,11,11,12
15153,3,4,4,4,3,3,3,3,4,4,4,3,3,3,3,4,4,4,3,3,3
15154,3,4,6,5,3,3,3,3,4,6,5,3,3,3,3,4,6,5,3,3,3
15155,0,0,0,0,0,0,0,0,0,0,0,0,0,0,0,0,0,0,0,0,1
15156,16,17,21,35,21,15,11,14,16,21,35,20,15,11,14,15,21,35,20,15,11
15157,47,53,55,55,48,41,44,55,68,75,76,66,58,60,60,57,55,52,44,42,44
15158,3,4,4,4,3,2,2,3,4,4,3,3,2,2,3,4,4,4,3,2,2
15159,1,2,2,1,1,1,1,1,2,2,1,1,1,1,1,2,2,1,1,1,1
15160,115,126,127,122,102,93,88,114,129,131,124,102,91,84,107,119,123,118,99,92,87
15161,2,2,3,3,3,2,2,2,2,3,3,3,2,2,2,2,3,3,3,2,2
15162,8,10,10,8,6,6,6,8,10,9,8,6,6,6,8,10,9,8,6,6,6
15163,131,147,160,155,127,102,99,140,164,166,151,116,89,89,122,136,154,152,127,108,97
15164,0,0,0,0,0,0,0,0,0,0,0,0,0,0,0,0,0,0,0,0,0
15165,21,23,23,21,19,16,18,21,22,21,18,16,13,15,18,19,17,14,13,12,14
15166,0,0,0,0,0,0,0,0,0,0,0,0,0,0,0,0,0,0,0,0,0
15167,0,0,0,0,0,0,0,0,0,0,0,0,0,0,0,0,0,0,0,0,0
15168,0,0,0,0,0,0,0,0,0,0,0,0,0,0,0,0,0,0,0,0,0
15169,1,1,1,1,1,0,1,1,1,1,1,1,0,1,1,1,1,1,1,0,1
15170,2,1,1,1,1,1,1,1,1,1,1,1,1,1,1,1,1,1,1,1,1
15171,0,0,0,0,0,0,0,0,0,0,0,0,0,0,0,0,0,0,0,0,0
15172,2,1,1,1,1,1,1,1,1,1,1,1,1,2,2,2,1,1,1,1,2
15173,13,14,13,12,11,10,11,13,14,13,12,11,10,11,13,14,13,12,11,10,11
15174,33,35,36,33,28,24,24,29,33,35,33,28,23,24,28,31,33,31,27,22,22
15175,7,6,6,5,4,3,3,5,5,6,5,4,3,3,5,5,6,5,4,3,3
15176,7,8,8,7,6,5,6,7,8,8,7,6,5,5,6,7,7,6,5,5,5
15177,6,6,6,6,5,4,4,6,6,6,5,5,4,4,5,6,6,5,4,4,4
15178,10,10,9,9,8,8,8,9,9,9,8,7,6,6,6,7,7,7,6,6,6
15179,13,14,14,13,11,10,10,12,14,14,13,11,9,9,11,13,13,12,11,9,9
15180,6,6,6,5,4,4,4,5,5,6,5,5,4,4,6,6,6,5,4,4,4
15181,6,5,4,3,3,3,3,4,4,4,3,3,2,3,3,4,4,3,3,3,3
15182,8,8,7,6,5,5,5,6,7,7,5,4,5,5,6,7,6,5,4,5,5
15183,1,1,1,1,1,1,1,1,1,1,1,1,1,1,1,1,1,1,1,1,1
15184,0,0,0,0,0,0,0,0,0,0,0,0,0,0,0,0,0,0,0,0,0
15185,0,0,0,0,0,0,0,0,0,0,0,0,0,0,0,0,0,0,0,0,0
15186,0,0,0,0,0,0,0,0,0,0,0,0,0,0,0,0,0,0,0,0,0
15187,0,0,0,0,0,0,0,0,0,0,0,0,0,0,0,0,0,0,0,0,0
15188,0,0,0,0,0,0,0,0,0,0,0,0,0,0,0,0,0,0,0,0,0
15189,2,2,2,2,1,1,1,1,1,2,2,1,1,1,2,2,2,2,1,1,1
15190,2,1,1,1,1,1,1,1,1,1,1,1,1,1,1,1,2,1,1,1,1
15191,3,4,4,4,3,3,2,3,4,4,4,3,3,3,3,4,4,4,3,3,3
15192,4,4,3,3,3,2,2,3,4,4,4,4,3,3,4,5,4,4,4,4,4
15193,14,15,12,9,7,8,9,12,14,12,9,7,10,13,17,17,14,11,9,12,13
15194,53,55,50,47,43,37,39,50,63,61,52,42,36,40,48,59,60,54,49,48,49
15195,2,2,2,2,2,1,1,2,2,2,2,2,1,1,2,2,2,2,2,1,1
15196,3,2,2,2,2,1,1,2,2,2,2,2,2,2,2,2,2,2,2,2,2
15197,1,1,1,1,1,1,1,1,1,1,1,1,1,1,1,1,1,1,1,1,1
15198,17,18,19,15,15,13,14,17,18,19,15,15,13,14,17,18,19,15,15,13,14
15199,0,0,0,0,0,0,0,0,0,0,0,0,0,0,0,0,0,0,0,0,0
15200,0,0,0,0,0,0,0,0,0,0,0,0,0,0,0,0,0,0,0,0,0
15201,0,0,0,0,0,0,0,0,0,0,0,0,0,0,0,0,0,0,0,0,0
15202,2,2,1,1,0,1,1,1,1,1,1,0,1,1,2,2,2,1,1,1,1
15203,0,0,0,0,0,0,0,0,0,0,0,0,0,0,0,0,0,0,0,0,0
15204,0,0,0,0,0,0,0,0,0,0,0,0,0,0,0,0,0,0,0,0,0
15205,1,1,1,1,0,1,1,1,1,1,1,0,1,1,1,1,1,1,0,1,1
15206,8,8,8,5,6,7,7,8,8,8,5,6,6,7,8,8,8,5,6,6,7
15207,0,0,0,0,0,0,0,0,0,0,0,0,0,0,0,0,0,0,0,0,0
15208,0,0,0,0,0,0,0,0,0,0,0,0,0,0,0,0,0,0,0,0,0
15209,0,0,0,0,0,0,0,0,0,0,0,0,0,0,0,0,0,0,0,0,0
15210,0,0,0,0,0,0,0,0,0,0,0,0,0,0,0,0,0,0,0,0,0
15211,0,0,0,0,0,0,0,0,0,0,0,0,0,0,0,0,0,0,0,0,0
15212,0,0,0,0,0,0,0,0,0,0,0,0,0,0,0,0,0,0,0,0,0
15213,1,1,1,1,1,1,1,1,1,1,1,1,1,1,1,1,1,1,1,1,1
15214,3,3,3,3,3,2,2,3,3,3,3,3,2,2,3,3,3,3,3,2,2
15215,8,9,11,11,10,8,7,8,9,11,11,10,8,7,8,9,11,11,10,8,7
15216,5,5,6,5,4,3,3,5,5,6,5,4,3,3,5,5,6,5,4,3,3
15217,13,16,16,15,12,9,9,13,16,17,15,12,9,9,13,16,17,15,12,9,9
15218,1,1,1,1,1,1,1,1,1,1,1,1,1,1,1,1,1,1,1,1,1
15219,7,7,8,7,8,8,7,7,7,8,7,8,7,7,7,7,7,7,8,7,7
15220,0,0,0,0,0,0,0,0,0,0,0,0,0,0,0,0,0,0,0,0,0
15221,0,0,0,0,0,0,0,0,0,0,0,0,0,0,0,0,0,0,0,0,0
15222,0,0,0,0,0,0,0,0,0,0,0,0,0,0,0,0,0,0,0,0,0
15223,0,0,0,0,0,0,0,0,0,0,0,0,0,0,0,0,0,0,0,0,0
15224,10,11,10,10,8,7,8,11,11,10,10,8,7,8,11,11,10,9,8,7,8
15225,7,7,6,6,6,6,7,7,7,5,6,6,6,7,7,7,5,6,6,6,7
15226,5,5,5,4,4,4,4,5,5,5,4,4,4,4,5,5,5,4,4,4,4
15227,1,2,2,2,1,1,1,2,2,2,1,1,1,1,2,2,2,1,1,1,1
15228,220,248,264,314,273,243,232,219,248,264,314,273,243,232,220,250,266,316,274,244,234
15229,49,54,54,50,43,40,39,49,54,54,50,43,40,39,50,54,54,50,43,39,39
15230,0,0,0,0,0,0,0,0,0,0,0,0,0,0,0,0,0,0,0,0,0
15231,8,12,12,10,6,5,6,7,12,12,10,6,5,7,8,12,12,10,6,6,7
15232,22,29,28,32,30,24,22,22,29,28,31,30,24,22,22,29,28,31,30,24,22
15233,93,98,134,138,126,83,74,92,98,134,138,126,84,74,92,98,134,138,126,83,74
15234,1,1,1,1,1,1,1,1,1,1,1,1,1,1,1,1,1,1,1,1,1
15235,3,3,3,3,3,3,3,3,3,3,3,3,3,3,3,3,3,3,3,3,3
15236,21,28,29,27,22,15,14,21,28,29,27,22,15,14,21,28,30,27,23,16,15
15237,0,0,0,0,0,0,0,0,0,0,0,0,0,0,0,0,0,0,0,0,0
15238,0,0,0,0,0,0,0,0,0,0,0,0,0,0,0,0,0,0,0,0,0
15239,0,0,0,0,0,0,0,0,0,0,0,0,0,0,0,0,0,0,0,0,0
15240,0,0,0,0,0,0,0,0,0,0,0,0,0,0,0,0,0,0,0,0,0
15241,0,0,0,0,0,0,0,0,0,0,0,0,0,0,0,0,0,0,0,0,0
15242,0,0,0,0,0,0,0,0,0,0,0,0,0,0,0,0,0,0,0,0,0
15243,0,0,0,0,0,0,0,0,0,0,0,0,0,0,0,0,0,0,0,0,0
15244,0,0,0,0,0,0,0,0,0,0,0,0,0,0,0,0,0,0,0,0,0
15245,0,0,0,0,0,0,0,0,0,0,0,0,0,0,0,0,0,0,0,0,0
15246,5,5,5,4,3,3,3,4,4,5,4,3,3,4,4,5,5,5,4,5,6
15247,1,1,1,1,1,1,1,1,1,1,1,1,1,1,1,1,1,1,1,1,1
15248,3,3,2,2,2,2,2,3,3,3,2,2,2,2,3,2,2,2,2,2,2
15249,0,1,1,0,0,0,0,0,1,1,0,0,0,0,0,1,1,0,0,0,0
15250,3,3,3,2,2,2,3,3,3,3,2,2,2,2,3,3,3,2,2,2,2
15251,4,4,4,4,3,3,3,3,4,4,4,3,3,2,3,4,4,4,3,3,2
15252,9,10,10,9,8,7,7,8,9,9,8,8,6,6,8,9,9,8,8,6,6
15253,0,0,0,0,0,0,0,0,0,0,0,0,0,0,0,0,0,0,0,0,0
15254,0,0,0,0,0,0,0,0,0,0,0,0,0,0,0,0,0,0,0,0,0
15255,0,0,0,0,0,0,0,0,0,0,0,0,0,0,0,0,0,0,0,0,0
15256,0,0,0,0,0,0,0,0,0,0,0,0,0,0,0,0,0,0,0,0,0
15257,0,0,0,0,0,0,0,0,0,0,0,0,0,0,0,0,0,0,0,0,0
15258,0,0,0,0,0,0,0,0,0,0,0,0,0,0,0,0,0,0,0,0,0
15259,0,0,0,0,0,0,0,0,0,0,0,0,0,0,0,0,0,0,0,0,0
15260,0,0,0,0,0,0,0,0,0,0,0,0,0,0,0,0,0,0,0,0,0
15261,0,0,0,0,0,0,0,0,0,0,0,0,0,0,0,0,0,0,0,0,0
15262,0,0,0,0,0,0,0,0,0,0,0,0,0,0,0,0,0,0,0,0,0
15263,0,0,0,0,0,0,0,0,0,0,0,0,0,0,0,0,0,0,0,0,0
15264,0,0,0,0,0,0,0,0,0,0,0,0,0,0,0,0,0,0,0,0,0
15265,1,1,1,1,0,1,1,1,1,1,1,0,1,1,1,1,1,1,0,1,1
15266,2,2,1,1,1,1,1,1,1,1,1,1,1,1,1,1,1,1,1,1,1
15267,0,0,0,0,0,0,0,0,0,0,0,0,0,0,0,0,0,0,0,0,0
15268,0,0,0,0,0,0,0,0,0,0,0,0,0,0,0,0,0,0,0,0,0
15269,0,0,0,0,0,0,0,0,0,0,0,0,0,0,0,0,0,0,0,0,0
15270,0,0,0,0,0,0,0,0,0,0,0,0,0,0,0,1,1,0,0,0,0
15271,0,0,0,0,0,0,0,0,0,0,0,0,0,0,0,0,0,0,0,0,0
15272,6,6,6,5,4,4,5,6,6,6,5,4,4,5,6,6,6,5,4,4,5
15273,0,0,0,0,0,0,0,0,0,0,0,0,0,0,0,0,0,0,0,0,0
15274,0,0,0,0,0,0,0,0,0,0,0,0,0,0,0,0,0,0,0,0,0
15275,1,1,1,1,1,1,1,1,1,1,1,1,1,1,1,1,1,1,1,1,1
15276,1,1,1,1,1,1,1,1,1,1,1,1,1,1,1,1,1,1,1,1,1
15277,0,0,0,0,0,0,0,0,0,0,0,0,0,0,0,0,0,0,0,0,0
15278,0,0,0,0,0,0,0,0,0,0,0,0,0,0,0,0,0,0,0,0,0
15279,31,32,32,30,28,27,25,29,31,31,30,28,26,25,29,31,31,30,28,26,25
15280,2,2,2,3,2,2,2,2,2,2,3,2,2,2,2,2,2,3,2,2,2
15281,0,0,0,0,0,0,0,0,0,0,0,0,0,0,0,0,0,0,0,0,0
15282,9,10,13,12,12,10,10,12,13,15,13,13,12,11,12,12,14,13,13,12,11
15283,6,6,4,4,3,3,4,4,5,4,4,3,3,4,4,5,4,4,3,3,4
15284,1,1,1,1,1,1,1,1,1,1,1,1,1,1,1,1,1,1,1,1,1
15285,4,5,6,6,5,3,3,3,5,6,6,5,3,3,3,5,6,6,5,4,3
15286,10,11,13,13,10,9,9,11,11,13,13,10,9,9,11,11,12,13,10,9,9
15287,1,1,1,1,1,1,1,1,1,1,1,1,1,1,1,1,1,1,1,1,1
15288,1,1,1,1,1,1,0,1,1,1,1,1,1,0,1,1,1,1,1,1,0
15289,0,0,0,0,0,0,0,0,0,0,0,0,0,0,0,0,0,0,0,0,0
15290,0,0,0,0,0,0,0,0,0,0,0,0,0,0,0,0,0,0,0,0,0
15291,2,2,3,1,2,1,2,2,2,3,1,2,1,2,2,2,3,1,2,2,2
15292,0,0,0,0,0,0,0,0,0,0,0,0,0,0,0,0,0,0,0,0,0
15293,1,1,2,2,1,1,2,2,2,3,3,2,2,1,0,0,0,0,0,0,0
15294,0,0,0,0,0,0,0,0,0,0,0,0,0,0,0,0,0,0,0,0,0
15295,0,0,0,0,0,0,0,0,0,0,0,0,0,0,0,0,0,0,0,0,0
15296,0,0,0,0,0,0,0,0,0,0,0,0,0,0,0,0,0,0,0,0,0
15297,0,0,0,0,0,0,0,0,0,0,0,0,0,0,0,0,0,0,0,0,0
15298,0,0,0,0,0,0,0,0,0,0,0,0,0,0,0,0,0,0,0,0,0
15299,36,37,36,36,37,30,30,32,33,34,32,31,30,32,27,22,22,21,20,19,21
15300,8,11,11,11,11,10,7,8,11,11,11,11,10,7,8,11,11,11,11,10,7
15301,0,0,0,0,0,0,0,0,0,0,0,0,0,0,0,0,0,0,0,0,0
15302,0,0,0,0,0,0,0,0,0,0,0,0,0,0,0,0,0,0,0,0,0
15303,0,0,0,0,0,0,0,0,0,0,0,0,0,0,0,0,0,0,0,0,0
15304,0,0,0,0,0,0,0,0,0,0,0,0,0,0,0,0,0,0,0,0,0
15305,5,5,5,3,3,3,3,4,5,4,3,3,3,3,4,4,4,3,3,3,3
15306,0,1,0,0,0,0,0,0,1,0,0,0,0,0,0,1,0,0,0,0,0
15307,0,0,0,0,0,0,0,0,0,0,0,0,0,0,0,0,0,0,0,0,0
15308,6,7,7,8,6,4,4,6,7,7,8,6,4,4,6,7,7,8,6,4,4
15309,3,5,5,4,4,3,3,3,5,5,4,4,3,3,3,5,5,4,4,3,3
15310,0,0,0,0,0,0,0,0,0,0,0,0,0,0,0,0,0,0,0,0,0
15311,9,9,8,8,7,5,5,9,9,8,8,7,5,5,9,10,8,8,7,5,6
15312,2,2,3,2,2,1,1,2,2,3,2,2,1,1,2,3,3,2,2,1,1
15313,2,3,4,4,3,2,2,2,3,4,4,3,2,2,2,3,4,4,3,2,2
15314,94,105,113,110,98,86,80,88,96,103,100,88,77,72,76,83,96,99,94,82,69
15315,81,94,100,91,85,72,67,80,96,103,91,85,76,74,71,75,81,68,63,56,57
15316,0,0,0,0,0,0,0,0,0,0,0,0,0,0,0,0,0,0,0,0,0
15317,11,13,16,15,13,10,10,13,17,21,19,15,12,11,11,12,14,13,10,7,8
15318,24,30,32,26,22,19,20,26,32,33,28,25,22,24,30,33,32,25,22,19,19
15319,16,16,15,16,14,12,13,15,16,16,17,15,14,12,10,8,8,10,9,10,12
15320,2,2,2,2,2,2,2,2,2,2,2,2,2,2,2,2,2,2,2,2,2
15321,0,0,0,0,0,0,0,0,0,0,0,0,0,0,0,0,0,0,0,0,0
15322,0,0,0,0,0,0,0,0,0,0,0,0,0,0,0,0,0,0,0,0,0
15323,7,6,6,6,5,5,6,6,6,7,6,5,5,6,6,6,6,6,5,5,6
15324,38,39,43,40,36,32,35,39,38,40,37,32,31,34,34,31,34,30,26,27,31
15325,26,27,27,25,22,17,16,25,28,29,27,24,20,20,29,31,30,27,24,20,18
15326,4,4,4,3,3,3,3,3,3,4,3,3,3,3,3,3,4,3,3,3,3
15327,4,4,3,3,3,2,2,3,3,3,2,2,2,2,3,3,3,2,2,2,2
15328,6,5,4,4,4,4,4,4,4,4,4,4,4,4,4,4,4,3,4,4,4
15329,0,0,0,0,0,0,0,0,0,0,0,0,0,0,0,0,0,0,0,0,0
15330,0,0,0,0,0,0,0,0,0,0,0,0,0,0,0,0,0,0,0,0,0
15331,1,1,1,0,1,0,1,1,1,1,0,1,0,1,1,1,1,0,1,0,0
15332,4,4,5,4,4,4,3,4,4,5,4,4,4,3,4,4,4,3,4,3,3
15333,0,0,0,0,0,0,0,0,0,0,0,0,0,0,0,0,0,0,0,0,0
15334,15,15,14,14,14,14,13,14,13,12,10,9,10,12,11,9,9,8,9,11,12
15335,0,0,0,0,0,0,0,0,0,0,0,0,0,0,0,0,0,0,0,0,0
15336,7,5,5,4,4,6,6,7,5,5,4,4,6,6,7,5,5,4,4,6,6
15337,2,2,2,2,2,1,2,2,2,2,2,2,1,1,2,2,1,2,2,1,2
15338,1,0,0,0,0,0,0,1,0,0,0,0,0,0,1,0,0,0,0,0,0
15339,0,0,1,1,0,0,0,1,1,1,1,0,0,0,1,0,1,0,0,0,0
15340,0,0,0,0,0,0,0,0,0,0,0,0,0,0,0,0,0,0,0,0,0
15341,0,0,0,0,0,0,0,0,0,0,0,0,0,0,0,0,0,0,0,0,0
15342,1,1,1,1,1,1,1,1,1,1,1,1,1,1,1,1,1,1,1,1,1
15343,0,0,0,0,0,0,0,0,0,0,0,0,0,0,0,0,0,0,0,0,0
15344,0,0,0,0,0,0,0,0,0,0,0,0,0,0,0,0,0,0,0,0,0
15345,1,1,1,1,1,1,1,1,1,1,1,1,1,1,1,1,1,1,1,1,1
15346,2,2,1,1,0,0,1,2,2,1,1,0,0,1,2,2,1,1,0,0,1
15347,0,0,0,0,0,0,0,0,0,0,0,0,0,0,0,0,0,0,0,0,0
15348,0,0,0,0,0,0,0,0,0,0,0,0,0,0,0,0,0,0,0,0,0
15349,0,0,0,0,0,0,0,0,0,0,0,0,0,0,0,0,0,0,0,0,0
15350,0,0,0,0,0,0,0,0,0,0,0,0,0,0,0,0,0,0,0,0,0
15351,4,4,5,5,4,4,4,4,5,5,5,4,4,4,4,5,5,5,4,4,4
15352,1,1,2,2,1,1,1,1,1,2,2,1,1,1,1,1,2,2,1,1,1
15353,2,2,2,2,2,2,1,2,2,2,2,2,2,1,2,2,2,2,2,2,1
15354,1,1,1,1,1,1,1,1,1,1,1,1,1,1,1,1,1,1,1,1,1
15355,0,0,0,0,1,1,1,1,1,1,0,0,1,1,1,1,1,1,1,1,1
15356,0,0,0,0,0,0,0,0,0,0,0,0,0,0,0,0,0,0,0,0,0
15357,0,0,0,0,0,0,0,0,0,0,0,0,0,0,0,0,0,0,0,0,0
15358,0,0,0,0,0,0,0,1,1,1,1,0,0,0,0,0,0,0,0,0,0
15359,0,0,0,0,0,0,0,0,0,0,0,0,0,0,0,0,0,0,0,0,0
15360,65,71,61,57,64,54,45,68,76,63,57,62,54,49,72,77,65,60,66,59,50
15361,10,12,10,7,6,5,6,8,11,10,7,6,6,9,12,13,10,7,6,5,7
15362,1,1,0,0,0,0,0,1,1,0,0,0,0,0,1,1,1,1,0,0,0
15363,0,0,0,0,0,0,0,0,0,0,0,0,0,0,0,0,0,0,0,0,0
15364,3,2,2,2,2,1,2,3,2,2,2,2,1,2,3,2,2,2,2,1,2
15365,0,0,0,0,0,0,0,0,0,0,0,0,0,0,0,0,0,0,0,0,0
15366,0,0,0,0,0,0,0,0,0,0,0,0,0,0,0,0,0,0,0,0,0
15367,22,23,21,19,15,14,14,20,23,22,19,16,15,14,20,23,23,20,17,16,16
15368,32,41,44,38,31,23,25,33,41,45,38,31,24,25,33,41,44,38,30,23,25
15369,5,5,5,5,5,5,5,5,5,5,5,5,5,5,5,5,5,5,5,5,5
15370,1,1,1,0,0,2,0,1,1,1,0,0,2,0,1,1,1,0,0,2,0
15371,0,1,1,2,2,2,2,1,1,1,0,0,0,0,0,0,0,0,0,1,0
15372,2,3,2,3,3,2,2,2,3,2,3,3,2,2,2,3,2,3,3,2,2
15373,3,3,3,3,3,3,3,3,3,3,3,3,3,3,3,3,3,3,3,3,3
15374,0,0,0,0,0,0,0,0,0,0,0,0,0,0,0,0,0,0,0,0,0
15375,0,0,0,1,1,2,3,3,3,2,1,1,1,0,0,0,0,1,1,1,1
15376,1,1,1,1,1,1,1,1,1,1,1,1,1,1,1,1,1,1,1,1,1
15377,0,0,0,0,0,0,0,0,0,0,0,0,0,0,0,0,0,0,0,0,0
15378,9,10,9,9,8,7,7,9,9,9,9,8,7,7,9,9,9,8,7,7,7
15379,0,0,0,0,0,0,0,0,0,0,0,0,0,0,0,0,0,0,0,0,0
15380,0,0,0,0,0,0,0,0,0,0,0,0,0,0,0,0,0,0,0,0,0
15381,0,0,0,0,0,0,0,0,0,0,0,0,0,0,0,0,0,0,0,0,0
15382,0,0,0,0,0,0,0,0,0,0,0,0,0,0,0,0,0,0,0,0,0
15383,0,0,0,0,0,0,0,0,0,0,0,0,0,0,0,0,0,0,0,0,0
15384,0,0,0,0,0,0,0,0,0,0,0,0,0,0,0,0,0,0,0,0,0
15385,1,1,0,0,0,0,1,1,1,0,0,0,0,1,1,1,0,0,0,0,1
15386,1,1,2,1,1,1,1,1,1,2,1,1,1,1,1,1,2,1,1,1,1
15387,5,7,7,6,4,4,4,5,7,7,6,4,4,4,5,7,7,6,4,4,4
15388,7,7,7,7,6,4,5,6,7,7,7,6,4,5,6,7,7,7,6,4,5
15389,1,1,2,1,1,1,1,1,1,2,1,1,1,1,1,1,2,1,1,1,1
15390,0,0,0,0,0,0,0,0,0,0,0,0,0,0,0,0,0,0,0,0,0
15391,0,0,0,0,0,0,0,0,1,1,1,0,0,0,0,1,1,0,0,0,0
15392,0,1,1,0,0,0,1,1,1,0,0,0,0,1,1,1,1,0,1,1,1
15393,1,1,1,1,1,0,1,1,1,1,1,0,0,1,1,1,1,1,0,0,1
15394,0,0,0,0,0,0,0,0,0,0,0,0,0,0,0,0,0,0,0,0,0
15395,0,0,0,0,0,0,0,0,0,0,0,0,0,0,0,0,0,0,0,0,0
15396,6,6,5,5,4,4,4,6,7,7,6,6,5,6,7,8,8,6,6,6,6
15397,0,0,0,0,0,0,0,0,0,0,0,0,0,0,0,0,0,0,0,0,0
15398,1,1,2,1,1,1,1,1,1,1,1,1,1,1,1,1,1,1,1,1,1
15399,0,0,0,0,0,0,0,0,0,0,0,0,0,0,0,0,0,0,0,0,0
15400,0,0,0,0,0,0,0,0,0,0,0,0,0,0,0,0,0,0,0,0,0
15401,0,0,0,0,0,0,0,0,0,0,0,0,0,0,0,0,0,0,0,0,0
15402,2,2,2,2,1,1,2,2,2,2,2,1,1,2,2,2,2,2,1,1,2
15403,44,47,40,40,38,40,44,47,51,43,41,36,39,44,44,45,38,36,32,35,39
15404,18,22,23,22,19,19,19,21,25,26,23,18,18,18,17,18,18,16,13,14,14
15405,23,20,15,10,10,10,12,16,20,18,13,12,14,22,22,16,13,10,10,11,12
15406,2,3,4,4,3,2,1,2,3,4,4,3,2,1,2,3,4,4,3,2,1
15407,1,1,1,1,1,1,1,1,1,1,1,1,1,1,1,1,1,1,1,1,1
15408,7,9,7,7,7,9,10,9,11,9,8,7,8,9,7,8,6,6,6,7,8
15409,1,0,0,0,0,0,1,1,0,0,0,1,0,1,1,0,0,0,1,1,1
15410,0,0,0,0,0,0,0,0,0,0,0,0,0,0,0,0,0,0,0,0,0
15411,0,0,0,0,0,0,0,0,0,0,0,0,0,0,0,0,0,0,0,0,0
15412,0,0,0,0,0,0,0,0,0,0,0,0,0,0,0,0,0,0,0,0,0
15413,0,0,0,0,0,0,0,0,0,0,0,0,0,0,0,0,0,0,0,0,0
15414,0,0,0,0,0,0,0,0,0,0,0,0,0,0,0,0,0,0,0,0,0
15415,0,0,0,0,0,0,0,0,0,0,0,0,0,0,0,0,0,0,0,0,0
15416,0,0,0,0,0,0,0,0,0,0,0,0,0,0,0,0,0,0,0,0,0
15417,0,0,0,0,0,0,0,0,0,0,0,0,0,0,0,0,0,0,0,0,0
15418,0,0,0,0,0,0,0,0,0,0,0,0,0,0,0,0,0,0,0,0,0
15419,0,0,0,0,0,0,0,0,0,0,0,0,0,0,0,0,0,0,0,0,0
15420,0,0,0,0,0,0,0,0,0,0,0,0,0,0,0,0,0,0,0,0,0
15421,0,0,0,0,0,0,0,0,0,0,0,0,0,0,0,0,0,0,0,0,0
15422,18,25,26,31,32,31,21,18,25,26,31,32,31,21,18,25,26,31,32,31,21
15423,1,1,1,1,1,1,1,1,1,1,1,1,1,1,1,1,1,1,1,1,1
15424,0,0,0,0,0,0,0,0,0,0,0,0,0,0,0,0,0,0,0,0,0
15425,0,0,0,0,0,0,0,0,0,0,0,0,0,0,0,0,0,0,0,0,0
15426,4,4,5,4,4,3,3,3,4,4,4,4,3,3,3,4,4,4,4,3,3
15427,2,2,1,1,1,1,1,2,2,1,1,1,1,1,2,2,1,1,1,1,1
15428,0,0,0,0,0,0,0,0,0,0,0,0,0,0,0,0,0,0,0,0,0
15429,5,6,6,6,5,4,5,5,6,7,6,6,5,5,6,7,8,7,6,6,6
15430,2,1,1,1,1,1,1,1,1,1,1,1,1,2,2,2,2,2,2,2,3
15431,0,0,0,0,0,0,0,0,0,0,0,0,0,0,0,0,0,0,0,0,0
15432,3,3,2,2,1,1,2,2,2,2,1,1,1,2,2,2,2,2,2,2,2
15433,3,4,4,4,3,2,3,3,4,4,4,3,2,3,3,4,4,4,3,2,3
15434,4,5,5,4,3,3,3,4,5,5,4,3,3,3,4,5,5,4,3,3,2
15435,0,0,0,0,0,0,0,0,0,0,0,0,0,0,0,0,0,0,0,0,0
15436,0,0,0,0,0,0,0,0,0,0,0,0,0,0,0,0,0,0,0,0,0
15437,0,0,0,0,0,0,0,0,0,0,0,0,0,0,0,0,0,0,0,0,0
15438,0,0,0,0,0,0,0,0,0,0,0,0,0,0,0,0,0,0,0,0,0
15439,0,0,0,0,0,0,0,0,0,0,0,0,0,0,0,0,0,0,0,0,0
15440,0,0,0,0,0,0,0,0,0,0,0,0,0,0,0,0,0,0,0,0,0
15441,0,0,0,0,0,0,0,0,0,0,0,0,0,0,0,0,0,0,0,0,0
15442,0,1,0,0,0,0,0,0,1,0,0,0,0,0,0,1,0,0,0,0,0
15443,2,1,1,1,1,1,2,2,1,1,1,1,1,1,2,1,1,1,1,1,1
15444,0,0,0,0,0,0,0,0,0,0,0,0,0,0,0,0,0,0,0,0,0
15445,1,1,2,1,1,1,1,1,1,2,1,1,1,1,1,1,2,1,1,1,1
15446,0,0,0,0,0,0,0,0,0,0,0,0,0,0,0,0,0,0,0,0,0
15447,1,1,2,1,1,1,1,1,1,2,1,1,1,1,1,1,2,1,1,1,1
15448,0,0,0,0,0,0,0,0,0,0,0,0,0,0,0,0,0,0,0,0,0
15449,0,0,0,0,0,0,0,0,0,0,0,0,0,0,0,0,0,0,0,0,0
15450,0,0,0,0,0,0,0,0,0,0,0,0,0,0,0,0,0,0,0,0,0
15451,0,0,0,0,0,0,0,0,0,0,0,0,0,0,0,0,0,0,0,0,0
15452,0,0,0,0,0,0,0,0,0,0,0,0,0,0,0,0,0,0,0,0,0
15453,0,0,0,0,0,0,0,0,0,0,0,0,0,0,0,0,0,0,0,0,0
15454,0,0,0,0,0,0,0,0,0,0,0,0,0,0,0,0,0,0,0,0,0
15455,0,0,0,0,0,0,0,0,0,0,0,0,0,0,0,0,0,0,0,0,0
15456,0,0,0,0,0,0,0,0,0,0,0,0,0,0,0,0,0,0,0,0,0
15457,0,0,0,0,0,0,0,0,0,0,0,0,0,0,0,0,0,0,0,0,0
15458,0,0,0,0,0,0,0,0,0,0,0,0,0,0,0,0,0,0,0,0,0
15459,0,0,0,0,0,0,0,0,0,0,0,0,0,0,0,0,0,0,0,0,0
15460,0,0,0,0,0,0,0,0,0,0,0,0,0,0,0,0,0,0,0,0,0
15461,1,1,1,1,1,1,1,1,1,1,1,1,1,1,1,2,2,1,1,1,1
15462,0,0,0,0,0,0,0,0,0,0,0,0,0,0,0,0,0,0,0,0,0
15463,2,3,2,2,1,2,3,2,3,2,2,1,2,3,2,3,2,2,1,2,3
15464,0,0,0,0,0,0,0,0,0,0,0,0,0,0,0,0,0,0,0,0,0
15465,0,0,0,0,0,0,0,0,0,0,0,0,0,0,0,0,0,0,0,0,0
15466,0,0,0,0,0,0,0,0,0,0,0,0,0,0,0,0,0,0,0,0,0
15467,0,0,0,0,0,0,0,0,0,0,0,0,0,0,0,0,0,0,0,0,0
15468,1,0,1,1,1,1,2,1,0,1,2,2,2,2,2,1,2,2,2,2,2
15469,0,0,0,0,0,0,0,0,0,0,0,0,0,0,0,0,0,0,0,0,0
15470,0,0,0,0,0,0,0,0,0,0,0,0,0,0,0,0,0,0,0,0,0
15471,0,0,0,0,0,0,0,0,0,0,0,0,0,0,0,0,0,0,0,0,0
15472,70,79,79,79,68,58,58,69,78,75,73,63,60,66,71,74,69,66,60,64,65
15473,3,3,2,2,1,1,2,2,2,2,2,1,1,2,2,2,2,2,1,1,1
15474,1,1,1,1,1,1,1,1,2,2,1,1,1,1,2,2,2,1,1,1,1
15475,17,17,14,12,9,9,11,14,16,14,12,10,9,12,15,16,13,11,9,9,11
15476,102,120,101,88,93,91,94,105,127,108,94,97,97,101,104,117,96,81,85,88,89
15477,0,0,0,0,0,0,0,0,0,0,0,0,0,1,1,1,1,1,1,1,1
15478,1,1,1,0,0,0,0,0,0,0,0,0,0,0,0,0,0,0,0,0,0
15479,1,1,2,2,2,1,1,1,1,2,2,2,1,1,1,1,2,2,2,1,1
15480,0,0,0,0,0,0,0,0,0,0,0,0,0,0,0,0,0,0,0,0,0
15481,2,4,7,9,9,11,13,14,15,15,13,11,10,9,7,4,2,1,1,2,2
15482,0,0,0,0,0,0,0,0,0,0,0,0,0,0,0,0,0,0,0,0,0
15483,0,0,0,0,0,0,0,0,0,0,0,0,0,0,0,0,0,0,0,0,0
15484,0,0,0,0,0,0,0,0,0,0,0,0,0,0,0,0,0,0,0,0,0
15485,2,2,2,2,1,2,1,2,3,2,2,1,2,1,2,2,2,2,1,2,1
15486,3,4,4,3,2,3,3,3,4,4,3,2,3,2,3,4,4,3,2,3,2
15487,0,0,0,0,0,0,0,0,0,0,0,0,0,0,0,0,0,0,0,0,0
15488,3,3,3,3,2,2,2,2,3,3,3,2,2,2,2,3,3,3,2,2,2
15489,1,1,1,1,2,1,1,1,1,1,1,2,1,1,1,1,1,1,2,1,1
15490,24,35,40,39,30,25,24,30,42,46,41,29,25,25,27,34,39,37,28,27,27
15491,0,0,0,0,0,0,0,0,0,0,0,0,0,0,0,0,0,0,0,0,0
15492,0,0,0,0,0,0,0,0,0,0,0,0,0,0,0,0,0,0,0,0,0
15493,1,2,2,2,0,1,1,1,2,2,2,0,1,1,1,2,2,2,0,1,1
15494,8,10,10,9,8,7,6,8,10,10,9,8,7,6,8,10,10,9,8,7,6
15495,1,2,2,2,1,1,1,1,2,2,2,1,1,1,1,2,2,2,1,1,1
15496,0,0,0,0,0,0,0,0,0,0,0,0,0,0,0,0,0,0,0,0,0
15497,0,0,0,0,0,0,0,0,0,0,0,0,0,0,0,0,0,0,0,0,0
15498,0,0,0,0,0,0,0,0,0,0,0,0,0,0,0,0,0,0,0,0,0
15499,0,0,0,0,0,0,0,0,0,0,0,0,0,0,0,0,0,0,0,0,0
15500,0,0,0,0,0,0,0,0,0,0,0,0,0,0,0,0,0,0,0,0,0
15501,0,0,0,0,0,0,0,0,0,0,0,0,0,0,0,0,0,0,0,0,0
15502,9,10,11,9,8,7,7,9,10,11,9,8,7,7,9,10,11,9,8,7,7
15503,0,1,0,0,0,0,0,0,1,0,0,0,0,0,0,1,0,0,0,0,0
15504,1,1,1,1,1,1,1,1,1,1,1,1,1,1,1,1,1,1,1,1,1
15505,23,25,24,22,20,18,18,23,28,28,23,19,18,19,23,25,25,22,19,19,19
15506,27,32,32,32,29,27,28,30,38,40,36,29,27,29,29,34,35,31,26,25,25
15507,2,3,3,3,3,2,1,2,3,3,3,3,2,1,2,3,3,3,3,2,1
15508,7,7,7,7,6,6,5,7,7,7,7,6,6,5,7,7,7,7,6,6,5
15509,12,11,10,9,8,7,6,9,9,10,9,8,7,7,10,10,10,9,8,7,7
15510,9,12,17,18,17,12,7,9,11,17,18,17,12,7,9,12,17,18,17,12,8
15511,1,1,1,1,1,1,1,1,1,1,1,1,1,1,1,1,1,1,1,1,1
15512,0,0,0,0,0,0,0,0,0,0,0,0,0,0,0,0,0,0,0,0,0
15513,1,1,0,0,0,0,0,1,1,0,0,0,0,0,1,1,0,0,0,0,0
15514,0,0,0,0,0,0,0,0,0,0,0,0,0,0,0,0,0,0,0,0,0
15515,0,0,0,0,0,0,0,0,0,0,0,0,0,0,0,0,0,0,0,0,0
15516,0,0,0,0,0,0,0,0,0,0,0,0,0,0,0,0,0,0,0,0,0
15517,0,0,0,2,2,1,1,0,0,0,2,2,1,1,0,0,0,2,2,1,1
15518,6,7,7,7,7,6,5,7,7,7,7,7,5,5,7,7,7,7,7,5,5
15519,1,1,1,0,1,0,1,1,1,1,0,1,0,1,1,1,1,0,1,0,1
15520,0,0,0,0,0,0,0,0,0,0,0,0,0,0,0,0,0,0,0,0,0
15521,4,7,7,6,3,3,2,4,7,8,6,3,3,2,4,7,7,5,3,2,2
15522,1,3,2,3,3,2,1,1,3,2,3,3,2,1,1,3,2,3,3,2,1
15523,0,0,0,0,0,0,0,0,0,0,0,0,0,0,0,0,0,0,0,0,0
15524,0,0,0,0,0,0,0,0,0,0,0,0,0,0,0,0,0,0,0,0,0
15525,2,2,2,2,2,2,2,2,3,2,2,2,2,2,2,2,2,2,2,2,2
15526,1,2,2,2,2,2,2,2,2,3,3,2,2,2,2,3,3,3,2,2,2
15527,0,0,0,0,0,0,0,0,0,0,0,0,0,0,0,0,0,0,0,0,0
15528,7,7,8,7,6,5,5,7,7,7,7,6,5,5,7,7,7,7,6,5,5
15529,0,0,0,0,0,0,0,0,0,0,0,0,0,0,0,0,0,0,0,0,0
15530,0,0,0,0,0,0,0,0,0,0,0,0,0,0,0,0,0,0,0,0,0
15531,0,0,1,1,0,0,0,0,0,1,1,0,0,0,0,0,1,1,0,0,0
15532,3,4,4,4,3,3,3,4,4,4,4,3,3,3,4,4,4,4,3,3,3
15533,1,2,2,2,2,1,2,2,2,2,2,2,1,1,2,2,2,2,1,1,1
15534,15,15,15,14,16,14,14,14,14,15,13,15,14,13,14,14,15,13,15,14,13
15535,25,25,20,18,17,16,16,20,25,22,19,17,16,16,18,21,18,17,16,17,17
15536,2,2,2,1,1,1,1,1,1,1,1,1,1,1,1,2,2,1,1,1,1
15537,1,2,2,2,2,2,2,2,2,2,2,2,2,2,3,3,3,3,2,3,3
15538,0,0,0,0,0,0,0,1,0,0,0,0,0,0,1,0,0,0,0,0,0
15539,2,2,2,2,2,2,2,2,2,2,2,2,2,2,3,2,2,2,2,2,2
15540,4,3,3,3,2,2,2,2,2,3,2,2,2,2,2,2,3,3,2,2,3
15541,0,0,0,1,1,0,0,0,0,0,1,1,0,0,0,0,0,1,1,0,0
15542,0,0,0,0,0,0,0,0,0,0,0,0,0,0,0,0,1,1,1,0,0
15543,0,0,0,1,1,1,1,1,1,1,1,1,1,1,1,0,0,1,1,1,1
15544,0,0,0,0,0,0,0,0,0,0,0,0,0,0,0,0,0,0,0,0,0
15545,0,0,0,0,0,0,0,0,0,0,0,0,0,0,0,0,0,0,0,0,0
15546,0,0,0,0,0,0,0,0,0,0,0,0,0,0,0,0,0,0,0,0,0
15547,0,0,0,0,0,0,0,0,0,0,0,0,0,0,0,0,0,0,0,0,0
15548,0,0,0,0,0,0,0,0,0,0,0,0,0,0,0,0,0,0,0,0,0
15549,0,0,0,0,0,0,0,0,0,0,0,0,0,0,0,0,0,0,0,0,0
15550,0,0,0,0,0,0,0,0,0,0,0,0,0,0,0,0,1,2,2,2,1
15551,0,0,0,0,0,0,0,0,0,0,0,0,0,0,0,0,0,0,0,0,0
15552,0,0,0,0,0,0,0,0,0,0,0,0,0,0,0,0,0,0,0,0,0
15553,0,0,0,0,0,0,0,0,0,0,0,0,0,0,0,0,0,0,0,0,0
15554,0,0,1,0,0,0,0,0,0,1,0,0,0,0,0,0,1,0,0,0,0
15555,0,0,0,0,0,0,0,0,0,0,0,0,0,0,0,0,0,0,0,0,0
15556,0,0,0,0,0,0,0,0,0,0,0,0,0,0,0,0,0,0,0,0,0
15557,0,0,0,0,0,0,0,0,0,0,0,0,0,0,1,3,5,5,4,4,5
15558,0,0,0,0,0,0,0,0,0,0,0,0,0,0,0,0,0,0,0,0,0
15559,0,0,0,0,0,0,0,0,0,0,0,0,0,0,0,0,0,0,0,0,0
15560,0,0,0,0,0,0,0,0,0,0,0,0,0,0,0,0,0,0,0,0,0
15561,0,0,0,0,0,0,0,0,0,0,0,0,0,0,0,0,0,0,0,0,0
15562,0,0,0,0,0,0,0,0,0,0,0,0,0,0,0,0,0,0,0,0,0
15563,0,0,0,0,0,0,0,0,0,0,0,0,0,0,0,0,0,0,0,0,0
15564,0,0,0,0,0,0,0,0,0,0,0,0,0,0,0,0,0,0,0,0,0
15565,0,0,0,0,0,0,0,0,0,0,0,0,0,0,0,0,0,0,0,0,1
15566,0,0,0,0,0,0,0,0,0,0,0,0,0,0,0,0,0,0,0,0,0
15567,0,0,0,0,0,0,0,0,0,0,0,0,0,0,0,0,0,0,0,0,0
15568,0,0,0,0,0,0,0,0,0,0,0,0,0,0,0,0,0,0,0,0,0
15569,0,0,0,0,0,0,0,0,0,0,0,0,0,0,0,0,0,0,0,0,0
15570,0,0,0,0,0,0,0,0,0,0,0,0,0,0,1,1,1,0,0,0,0
15571,0,0,0,0,0,0,0,0,0,0,0,0,0,0,0,0,0,0,0,0,0
15572,0,0,0,0,0,0,0,0,0,0,0,0,0,0,0,0,0,0,0,0,0
15573,0,0,0,0,0,0,0,0,0,0,0,0,0,0,0,0,0,0,0,0,0
15574,0,0,0,0,0,0,0,0,0,0,0,0,0,0,0,0,0,0,0,0,0
15575,0,0,0,0,0,0,0,0,0,0,0,0,0,0,0,0,0,0,0,0,0
15576,0,0,0,0,0,0,0,0,0,0,0,0,0,0,0,0,0,0,0,0,0
15577,0,0,0,0,0,0,0,0,0,0,0,0,0,0,0,0,0,0,0,0,0
15578,0,0,0,0,0,0,0,0,0,0,0,0,0,0,0,0,0,0,0,0,0
15579,0,0,0,0,0,0,0,0,0,0,0,0,0,0,0,0,0,0,0,0,0
15580,23,21,20,20,20,17,17,20,21,21,21,19,16,16,18,19,19,19,18,17,17
15581,3,3,4,3,2,2,3,3,3,3,3,2,2,3,3,3,3,3,2,2,3
15582,3,3,4,4,4,3,3,3,3,4,4,4,3,3,3,3,4,4,4,3,3
15583,14,16,14,14,13,12,13,14,16,14,14,13,12,13,14,16,14,14,13,12,13
15584,0,0,0,0,0,0,0,0,0,0,0,0,0,0,0,0,0,0,0,0,0
15585,0,0,0,0,0,0,0,0,0,0,0,0,0,0,0,0,0,0,0,0,0
15586,25,27,27,25,22,20,20,23,23,20,17,15,13,15,19,21,20,19,17,16,17
15587,1,1,1,1,1,1,1,1,1,1,1,1,1,1,1,1,1,1,0,1,1
15588,1,1,1,1,0,1,1,1,1,1,1,0,1,1,1,1,1,1,0,1,1
15589,13,12,12,12,7,7,13,13,12,12,12,7,7,13,13,12,12,12,7,7,13
15590,2,2,2,2,1,1,1,2,2,2,2,1,1,1,2,2,2,2,2,1,1
15591,1,1,1,1,1,1,1,1,1,1,1,1,1,1,1,1,1,1,1,1,1
15592,3,3,3,2,1,2,2,2,2,3,2,1,2,2,3,2,3,2,1,2,2
15593,1,1,1,1,1,1,1,1,1,1,1,1,1,1,1,1,1,1,1,1,1
15594,0,0,0,0,0,0,0,0,0,0,0,0,0,0,0,0,0,0,0,0,0
15595,0,0,0,0,0,0,0,0,0,0,0,0,0,0,0,0,0,0,0,0,0
15596,0,0,0,0,0,0,0,0,0,0,0,0,0,0,0,0,0,0,0,0,0
15597,0,0,0,0,0,0,0,0,0,0,0,0,0,0,0,0,0,0,0,0,0
15598,0,0,0,0,0,0,0,0,0,0,0,0,0,0,0,0,0,0,0,0,0
15599,23,25,26,25,23,21,21,25,28,29,26,22,21,22,25,27,27,25,23,22,22
15600,36,40,38,28,26,24,26,36,40,38,28,26,24,26,36,40,38,28,26,24,26
15601,41,41,38,36,37,32,31,30,33,34,33,34,31,30,30,32,32,32,34,31,31
15602,7,7,7,7,6,6,6,6,7,7,7,6,6,7,7,7,7,6,6,5,6
15603,1,2,2,1,1,1,1,1,2,2,1,1,1,1,1,2,2,1,1,1,1
15604,31,31,31,26,24,21,23,25,28,29,25,23,19,22,24,25,26,23,21,18,22
15605,2,2,2,2,1,1,1,1,1,1,1,1,1,1,2,2,2,2,2,2,2
15606,0,0,0,0,0,0,0,0,0,0,0,0,0,0,0,0,0,0,0,0,0
15607,3,3,3,3,3,3,2,3,3,2,2,2,2,2,2,2,2,2,1,1,2
15608,0,0,0,0,0,0,0,0,0,0,0,0,0,0,0,0,0,0,0,0,0
15609,1,1,1,0,0,1,1,1,1,1,1,0,1,1,1,1,0,0,0,1,1
15610,0,0,0,0,0,0,0,0,0,0,0,0,0,0,0,0,0,0,0,0,0
15611,0,0,0,0,0,0,0,0,0,0,0,0,0,0,0,0,0,0,0,0,0
15612,0,0,0,0,0,0,0,0,0,0,0,0,0,0,0,0,0,0,0,0,0
15613,1,1,1,1,1,1,1,1,1,1,1,1,1,1,1,1,1,1,1,1,1
15614,17,20,21,19,17,14,15,17,20,20,19,17,14,15,17,20,20,19,17,14,15
15615,7,7,8,8,7,7,7,7,8,8,8,7,7,7,7,8,8,9,7,7,7
15616,1,1,1,1,1,1,1,1,1,1,1,1,1,1,1,1,1,1,1,1,1
15617,21,23,22,21,18,15,16,19,21,21,19,17,15,16,18,20,20,19,16,14,16
15618,8,11,10,9,8,4,5,7,10,10,9,8,4,5,7,11,10,9,8,5,5
15619,6,6,6,6,6,5,5,6,6,6,6,6,5,5,6,6,6,6,6,5,5
15620,3,3,3,2,3,2,2,3,3,3,2,3,2,2,3,3,3,2,3,2,2
15621,7,8,8,8,6,5,5,7,8,8,8,6,5,5,7,8,8,8,6,5,5
15622,2,2,3,3,3,2,2,2,2,3,3,3,2,2,2,2,3,3,3,2,2
15623,2,2,2,2,2,2,2,2,2,2,2,2,2,2,2,2,2,2,2,2,2
15624,1,1,1,1,1,1,1,1,1,1,1,1,1,1,1,1,1,1,1,1,1
15625,3,3,3,2,2,2,2,3,3,3,2,2,2,2,3,3,3,2,2,2,2
15626,9,10,9,8,7,6,6,8,9,10,8,7,6,6,8,9,9,7,6,6,6
15627,28,29,30,28,26,24,24,28,28,30,27,24,23,24,27,27,28,25,23,22,23
15628,0,0,0,0,0,0,0,0,0,0,0,0,0,0,0,0,0,0,0,0,0
15629,0,0,0,0,0,0,0,0,0,0,0,0,0,0,0,0,0,0,0,0,0
15630,1,2,3,3,2,2,2,1,1,1,0,0,0,0,0,1,1,1,0,0,1
15631,7,9,10,11,11,10,9,9,7,6,5,5,5,5,5,4,4,4,4,5,5
15632,4,4,4,5,4,4,4,4,4,4,5,4,4,4,4,4,4,4,4,3,4
15633,0,0,0,1,0,0,0,0,0,0,1,0,0,0,0,0,0,1,0,0,0
15634,0,0,0,0,0,0,0,0,0,0,0,0,0,0,0,0,0,0,0,0,0
15635,0,0,0,0,0,0,0,0,0,0,0,0,0,0,0,0,0,0,0,0,0
15636,0,0,0,0,0,0,0,0,0,0,0,0,0,0,0,0,0,0,0,0,0
15637,0,0,0,0,0,0,0,0,0,0,0,0,0,0,0,0,0,0,0,0,0
15638,0,0,0,0,0,0,0,0,0,0,0,0,0,0,0,0,0,0,0,0,0
15639,2,2,3,3,3,2,2,2,2,3,3,3,2,2,2,2,3,3,3,2,2
15640,5,6,6,9,8,7,4,5,5,6,9,8,7,4,5,5,6,9,8,7,5
15641,2,2,2,2,2,1,1,2,2,2,2,2,1,2,2,2,2,2,2,1,1
15642,2,2,2,2,2,1,1,2,2,2,2,1,1,1,2,2,2,2,2,1,1
15643,4,5,4,4,3,3,3,4,5,4,4,4,4,4,5,5,4,4,4,4,4
15644,1,1,1,1,1,1,0,1,1,1,1,1,1,0,1,1,1,1,1,1,0
15645,1,2,2,1,1,1,1,1,2,2,1,1,1,1,1,2,2,1,1,1,1
15646,1,1,1,1,1,1,1,1,1,1,1,1,1,1,1,1,1,1,1,1,1
15647,2,2,2,2,1,1,1,2,2,2,1,1,1,1,2,2,2,1,1,1,1
15648,2,2,1,1,1,1,1,2,1,1,1,1,1,1,2,1,1,1,1,1,1
15649,0,0,0,1,1,0,0,0,0,0,1,1,0,0,0,0,0,1,1,0,0
15650,0,0,0,0,0,0,0,0,0,0,0,0,0,0,0,0,0,0,0,0,0
15651,1,0,0,0,0,0,0,0,0,0,0,0,0,0,1,1,0,0,0,0,0
15652,17,17,17,26,39,38,34,17,17,16,26,39,38,34,17,17,16,26,39,38,34
15653,2,2,2,2,1,1,1,1,1,1,1,1,1,1,1,1,1,1,1,1,1
15654,0,0,0,0,0,0,0,0,0,0,0,0,0,0,0,0,0,0,0,0,0
15655,0,0,0,0,0,0,0,0,0,0,0,0,0,0,0,0,0,0,0,0,0
15656,0,0,0,0,0,0,0,0,0,0,0,0,0,0,0,0,0,0,0,0,0
15657,0,0,0,0,0,0,0,0,0,0,0,0,0,0,0,0,0,0,0,0,0
15658,1,1,1,0,0,0,0,0,0,0,0,0,0,0,1,1,1,0,0,0,0
15659,1,1,1,1,1,1,1,1,1,1,1,1,1,1,2,2,1,1,1,1,1
15660,1,1,1,1,1,1,1,1,1,1,1,1,1,1,1,1,1,1,1,1,1
15661,2,2,2,2,2,1,1,2,2,2,2,2,1,1,2,1,2,2,2,1,1
15662,3,2,3,2,3,1,2,2,2,3,2,3,1,2,2,2,3,2,3,1,2
15663,10,13,14,14,14,10,8,11,13,14,14,14,10,8,11,13,15,14,14,10,9
15664,8,8,8,7,6,5,5,7,8,8,8,6,5,5,7,8,9,8,7,6,5
15665,1,1,2,2,2,1,0,1,1,2,2,2,1,0,1,1,2,2,2,1,0
15666,0,0,0,0,0,0,0,0,0,0,0,0,0,0,0,0,0,0,0,0,0
15667,0,0,0,0,0,0,0,0,0,0,0,0,0,0,0,0,0,0,0,0,0
15668,1,1,1,1,0,0,0,0,1,1,1,0,0,0,0,1,1,1,0,0,0
15669,4,6,8,8,7,4,4,4,6,8,8,7,4,4,4,6,8,8,7,4,4
15670,403,467,475,392,366,307,302,406,480,493,410,381,323,319,414,475,482,399,373,321,317
15671,0,0,0,0,0,0,0,0,0,0,0,0,0,0,0,0,0,0,0,0,0
15672,3,4,4,5,4,4,3,4,4,4,5,4,4,3,4,4,4,5,4,4,3
15673,0,0,0,0,0,0,0,0,0,0,0,0,0,0,0,0,0,0,0,0,0
15674,2,2,2,2,2,2,1,2,1,1,2,2,1,1,1,1,1,2,2,2,1
15675,3,3,2,3,2,2,3,3,3,3,3,3,2,3,3,3,2,3,2,2,3
15676,6,5,5,4,3,3,3,4,5,6,4,4,3,4,6,6,6,5,4,5,5
15677,1,1,1,1,1,1,1,1,1,1,1,1,1,1,1,1,1,1,1,1,1
15678,0,0,0,0,0,0,0,0,0,0,0,0,0,0,0,0,0,0,0,0,0
15679,0,0,0,0,0,0,0,0,0,0,0,0,0,0,0,0,0,0,0,0,0
15680,1,1,1,1,1,0,0,1,1,1,1,1,0,0,1,1,1,1,1,0,0
15681,0,0,0,0,0,0,0,0,0,0,0,0,0,0,0,0,0,0,0,0,0
15682,6,7,7,6,4,3,4,4,6,6,6,4,3,3,4,6,7,6,4,4,4
15683,0,1,1,1,0,0,1,0,1,1,1,0,0,1,0,1,1,1,0,0,1
15684,0,0,0,0,0,0,0,0,0,0,0,0,0,0,0,0,0,0,0,0,0
15685,0,0,0,0,1,1,1,0,0,0,0,1,1,1,0,0,0,0,1,1,1
15686,0,0,0,0,0,0,0,0,0,0,0,0,0,0,0,0,0,0,0,0,0
15687,11,15,18,18,15,8,8,12,16,19,19,15,9,9,15,19,20,20,16,9,10
15688,0,0,0,0,0,0,0,0,0,0,0,0,0,0,0,0,0,0,0,0,0
15689,3,4,5,3,2,2,3,3,4,5,3,2,2,3,3,4,5,3,2,2,3
15690,0,0,0,0,0,0,0,0,0,0,0,0,0,0,0,0,0,0,0,0,0
15691,1,1,1,1,1,1,1,1,1,1,1,1,1,1,1,1,1,1,1,1,1
15692,19,24,22,17,9,11,15,19,24,22,17,9,11,15,19,24,22,17,8,11,14
15693,14,14,14,15,13,11,10,13,14,15,16,14,13,14,17,16,16,16,13,12,11
15694,8,9,10,8,6,7,7,8,9,10,8,6,7,7,8,9,10,8,6,6,7
15695,0,0,0,0,0,0,0,0,0,0,0,0,0,0,0,0,0,0,0,0,0
15696,0,0,0,0,0,0,0,0,0,0,0,0,0,0,0,0,0,0,0,0,0
15697,26,27,28,23,21,19,20,26,27,29,24,21,19,21,27,27,29,24,22,19,21
15698,0,0,0,0,0,0,0,0,0,0,0,0,0,0,0,0,0,0,0,0,0
15699,0,0,0,0,0,0,0,0,0,0,0,0,0,0,0,0,0,0,0,0,0
15700,0,0,0,0,0,0,0,0,0,0,0,0,0,0,0,0,0,0,0,0,0
15701,0,0,0,0,0,0,0,0,0,0,0,0,0,0,0,0,0,0,0,0,0
15702,0,0,0,0,0,0,0,0,0,0,0,0,0,0,0,0,0,0,0,0,0
15703,0,0,0,0,0,0,0,1,1,1,0,0,0,0,0,0,0,0,0,0,0
15704,1,1,1,1,1,1,1,1,1,1,1,1,1,1,1,1,1,1,1,1,1
15705,1,1,2,1,1,1,1,1,2,2,1,1,1,1,1,2,2,1,1,1,1
15706,0,0,0,0,0,0,0,0,0,0,0,0,0,0,0,0,0,0,0,0,0
15707,2,1,1,1,1,1,2,2,1,1,1,1,1,2,2,1,1,1,1,1,2
15708,8,5,4,4,3,3,3,7,5,5,4,3,3,4,8,5,5,4,3,3,4
15709,15,12,11,10,9,9,12,14,13,13,12,11,10,13,15,12,11,10,9,9,11
15710,9,6,6,5,4,4,6,7,6,6,5,5,5,7,9,7,7,6,6,6,7
15711,4,3,3,3,3,2,3,3,3,3,3,3,2,3,3,3,3,3,3,2,3
15712,1,1,1,1,1,1,1,2,1,1,1,1,1,1,2,1,1,1,1,1,1
15713,3,3,3,2,2,1,2,3,3,3,2,2,2,3,3,3,3,2,2,1,2
15714,0,0,1,0,0,0,0,1,1,1,1,0,0,0,0,1,1,1,0,0,0
15715,8,12,11,10,9,5,5,8,12,11,10,9,5,5,9,12,11,10,9,5,5
15716,39,43,41,39,33,27,28,39,43,41,39,33,27,28,39,43,41,39,33,27,28
15717,0,0,1,1,1,0,1,0,0,1,1,1,0,1,0,0,1,1,1,0,1
15718,61,63,70,65,62,51,51,61,63,70,65,61,51,50,60,63,69,64,61,51,50
15719,14,17,16,12,11,8,7,14,17,16,12,11,8,7,14,17,16,12,11,8,7
15720,3,3,3,4,3,3,2,3,3,3,4,3,3,2,3,3,3,4,3,3,2
15721,10,14,12,12,9,5,8,12,15,12,11,9,4,7,12,14,11,10,8,3,6
15722,36,43,50,43,41,35,35,37,43,50,43,41,35,35,37,43,50,43,40,34,35
15723,0,0,0,0,0,0,0,0,0,0,0,0,0,0,0,0,0,0,0,0,0
15724,0,0,0,0,1,1,1,0,0,0,0,1,1,1,0,0,0,0,1,1,1
15725,1,1,1,1,2,2,1,1,1,1,1,2,2,1,1,1,1,1,2,2,1
15726,0,1,1,1,0,0,0,0,1,1,1,0,0,0,0,1,1,1,0,0,0
15727,10,9,8,8,7,6,6,8,8,8,7,6,6,6,8,7,7,7,6,6,6
15728,47,46,43,41,38,40,40,49,51,50,46,42,43,43,52,51,46,42,38,39,38
15729,0,0,0,0,0,0,0,0,0,0,0,0,0,0,0,0,0,0,0,0,0
15730,5,5,4,5,4,4,4,5,5,5,5,5,5,5,6,6,5,5,5,4,4
15731,0,0,0,0,0,0,0,0,0,0,0,0,0,0,0,0,0,0,0,0,0
15732,0,0,0,0,0,0,0,0,0,0,0,0,0,0,0,0,0,0,0,0,0
15733,0,0,1,1,1,0,0,0,0,1,1,1,0,0,0,0,1,1,1,0,0
15734,1,1,1,1,1,1,1,1,1,1,1,1,1,1,1,1,1,1,1,1,1
15735,8,8,7,7,6,6,6,7,7,7,6,5,5,6,7,7,7,6,5,5,6
15736,3,3,3,3,3,3,2,3,3,3,3,3,3,2,3,3,3,3,3,3,2
15737,0,0,0,0,0,0,0,0,0,0,0,0,0,0,0,0,0,0,0,0,0
15738,1,1,1,1,1,1,1,1,1,1,1,1,1,1,1,1,1,1,1,1,1
15739,0,0,0,0,0,0,0,1,1,1,0,0,0,0,0,1,0,0,0,0,0
15740,0,0,0,0,0,0,0,0,0,0,0,0,0,0,0,0,0,0,0,0,0
15741,2,2,2,2,2,2,2,2,2,2,2,2,2,1,2,2,2,2,2,2,2
15742,2,2,2,1,1,1,2,3,3,2,1,1,1,2,3,3,2,1,1,1,2
15743,0,0,0,0,0,0,0,0,0,0,0,0,0,0,0,0,0,0,0,0,0
15744,25,26,23,21,19,17,18,22,24,21,19,15,13,15,18,21,21,19,16,16,16
15745,18,17,15,14,14,12,14,17,17,17,15,14,13,14,16,15,14,13,12,12,13
15746,0,0,0,0,0,0,0,0,0,0,0,0,0,0,0,0,0,0,0,0,0
15747,2,2,2,2,1,1,1,2,2,2,2,1,1,1,2,2,2,2,1,1,1
15748,10,8,8,7,6,5,7,10,8,8,7,6,5,6,10,8,8,7,6,5,7
15749,0,1,1,1,1,1,1,1,1,1,1,1,1,1,1,1,1,1,1,1,1
15750,0,0,0,0,0,0,0,0,0,0,0,0,0,0,0,0,0,0,0,0,0
15751,1,2,2,4,4,3,2,2,2,2,4,4,3,1,1,2,2,4,4,3,2
15752,3,4,6,7,8,6,3,3,4,5,6,7,5,2,2,3,4,5,7,5,2
15753,1,1,1,1,1,0,0,1,1,1,1,1,0,0,1,1,1,1,1,0,0
15754,0,0,0,0,0,0,0,0,0,0,0,0,0,0,0,0,0,0,0,0,0
15755,0,0,0,0,0,0,0,0,0,0,0,0,0,0,0,0,0,0,0,0,0
15756,0,0,0,0,0,0,0,0,0,0,0,0,0,0,0,0,0,0,0,0,0
15757,0,0,0,0,0,0,0,0,0,0,0,0,0,0,0,0,0,0,0,0,0
15758,0,0,0,0,0,0,0,0,0,0,0,0,0,1,1,1,1,1,1,0,0
15759,0,0,0,0,0,0,0,0,0,0,0,0,0,0,0,0,0,0,0,0,0
15760,0,0,0,0,0,0,0,0,0,0,0,0,0,0,0,0,0,0,0,0,0
15761,1,1,1,1,0,0,0,1,1,1,1,0,0,0,1,1,1,1,0,0,0
15762,0,0,0,0,0,0,0,0,0,0,0,0,0,0,0,0,0,0,0,0,0
15763,0,0,0,0,0,0,0,1,2,3,3,2,2,2,1,1,0,0,0,0,0
15764,3,2,2,3,1,2,2,3,2,2,3,1,2,2,3,2,2,3,1,2,2
15765,0,0,0,0,0,0,0,0,0,0,0,0,0,0,0,0,0,0,0,0,0
15766,0,0,0,0,0,0,0,0,0,0,0,0,0,0,0,0,0,0,0,0,0
15767,1,1,1,1,1,1,1,1,1,1,1,1,1,1,1,1,1,1,1,1,0
15768,0,0,0,0,0,0,0,0,0,0,0,0,0,0,0,0,0,0,0,0,0
15769,0,0,0,0,0,0,0,0,0,0,0,0,0,0,0,0,0,0,0,0,0
15770,0,0,0,0,0,0,0,0,0,0,0,0,0,0,0,0,0,0,0,0,0
15771,0,0,0,0,0,0,0,0,0,0,0,0,0,0,0,0,0,0,0,0,0
15772,0,0,0,0,0,0,0,0,0,0,0,0,0,0,0,0,0,0,0,0,0
15773,0,0,0,0,0,0,0,0,0,0,0,0,0,0,0,0,0,0,0,0,0
15774,8,10,11,10,9,8,7,8,10,11,11,10,9,9,10,10,10,10,9,8,8
15775,0,0,0,0,0,0,0,0,0,0,0,0,0,0,0,0,0,0,0,0,0
15776,0,0,0,0,0,0,0,0,0,0,0,0,0,0,0,0,0,0,0,0,0
15777,0,0,0,0,0,0,0,0,0,0,0,0,0,0,0,0,0,0,0,0,0
15778,0,0,0,0,0,0,0,0,0,0,0,0,0,0,0,0,0,0,0,0,0
15779,0,0,0,0,0,0,0,0,0,0,0,0,0,0,0,0,0,0,0,0,0
15780,0,0,0,0,0,0,0,0,0,0,0,0,0,0,0,0,0,0,0,0,0
15781,0,0,0,0,0,0,0,0,0,0,0,0,0,0,0,0,0,0,0,0,0
15782,1,1,1,1,1,1,1,1,1,1,1,1,1,1,1,1,1,1,1,1,1
15783,0,0,0,0,0,0,0,0,0,0,0,0,0,0,0,0,0,0,0,0,0
15784,0,0,0,0,0,0,0,0,0,0,0,0,0,0,0,0,0,0,0,0,0
15785,0,0,0,0,0,0,0,0,0,0,0,0,0,0,0,0,0,0,0,0,0
15786,14,16,17,18,16,13,12,12,12,12,11,11,11,10,6,4,3,3,3,4,6
15787,1,1,1,1,1,1,1,1,1,1,1,1,1,1,1,1,1,1,1,1,1
15788,170,177,176,149,134,126,150,208,226,222,186,154,133,141,172,173,173,143,121,113,130
15789,0,0,0,0,0,0,0,0,0,0,0,0,0,0,0,0,0,0,0,0,0
15790,3,3,3,3,3,3,3,3,3,3,3,3,3,3,3,3,3,3,3,3,3
15791,0,1,0,0,0,0,0,0,0,0,0,0,0,0,0,0,0,0,0,0,0
15792,0,0,0,0,0,0,0,0,0,0,0,0,0,0,0,0,0,0,0,0,0
15793,0,0,0,0,0,0,0,0,0,0,0,0,0,0,0,0,0,0,0,0,0
15794,0,0,0,0,0,0,0,0,0,0,0,0,0,0,0,0,0,0,0,0,0
15795,0,0,0,0,0,0,0,0,0,0,0,0,0,0,0,0,0,0,0,0,0
15796,0,0,0,0,0,0,0,0,0,0,0,0,0,0,0,0,0,0,0,0,0
15797,0,0,0,0,0,0,0,0,0,0,0,0,0,0,0,0,0,0,0,0,0
15798,0,0,0,0,0,0,0,0,0,0,0,0,0,0,0,0,0,0,0,0,0
15799,0,0,0,0,0,0,0,0,0,0,0,0,0,0,0,0,0,0,0,0,0
15800,0,0,0,0,0,0,0,0,0,0,0,0,0,0,0,0,0,0,0,0,0
15801,0,0,0,0,0,0,0,0,0,0,0,0,0,0,0,0,0,0,0,0,0
15802,1,2,2,2,1,1,1,1,2,2,2,1,1,1,1,2,2,2,1,1,1
15803,1,1,1,1,1,1,1,1,1,1,0,0,0,1,1,1,1,0,0,0,1
15804,0,0,0,0,0,0,0,0,0,0,0,0,0,0,0,0,0,0,0,0,0
15805,2,2,2,1,1,1,1,2,1,1,1,1,1,1,2,1,1,1,1,1,1
15806,1,0,0,0,0,0,0,0,0,0,0,0,0,0,0,0,0,0,0,0,0
15807,44,40,36,35,32,32,38,43,40,36,35,32,33,38,44,41,37,35,33,33,39
15808,0,0,0,0,0,0,0,0,0,0,0,0,0,0,0,0,0,0,0,0,0
15809,0,0,0,0,0,0,0,0,0,0,0,0,0,0,0,0,0,0,0,0,0
15810,0,0,0,0,0,0,0,0,0,0,0,0,0,0,0,0,0,0,0,0,0
15811,1,0,1,0,0,0,1,1,0,1,0,0,0,1,1,0,1,0,0,0,1
15812,3,4,4,3,3,3,2,3,4,4,3,3,3,2,3,4,4,3,3,3,2
15813,3,4,4,4,4,3,3,3,4,4,4,4,3,3,3,4,4,4,4,3,3
15814,3,3,3,3,3,3,3,3,3,3,3,3,3,3,3,3,3,3,3,3,3
15815,0,0,0,0,0,0,0,0,0,0,0,0,0,0,0,0,0,0,0,0,0
15816,0,0,0,0,0,0,0,0,1,1,1,1,1,0,1,1,1,0,0,0,0
15817,1,1,1,1,1,1,1,1,1,1,1,1,1,1,1,1,1,1,1,1,1
15818,0,0,0,0,0,0,0,0,0,0,0,0,0,0,0,0,0,0,0,0,0
15819,13,13,13,12,11,10,11,13,13,13,13,11,10,11,13,12,13,13,11,11,11
15820,1,1,1,1,1,1,1,1,1,1,1,1,1,1,1,1,1,1,1,1,1
15821,236,242,260,226,219,194,197,250,262,279,239,222,195,199,241,240,256,220,208,185,188
15822,19,17,15,13,12,11,13,18,25,26,24,21,20,23,26,27,29,28,27,28,26
15823,55,58,60,56,52,46,45,60,67,70,63,55,49,49,57,54,55,48,43,40,39
15824,1,1,1,1,1,0,1,1,1,1,1,1,0,1,1,1,1,1,1,0,1
15825,0,0,0,0,0,0,0,0,0,0,0,0,0,0,0,0,0,0,0,0,0
15826,1,1,1,1,1,1,1,1,1,1,1,1,1,1,1,1,1,1,1,1,1
15827,0,0,0,0,0,0,0,0,0,0,0,0,0,0,0,0,0,0,0,0,0
15828,1,1,1,1,1,1,1,1,1,1,0,0,0,1,1,1,1,1,0,0,1
15829,0,0,0,0,0,0,0,0,0,0,0,0,0,0,0,0,0,0,0,0,0
15830,0,0,0,0,0,0,0,0,0,0,0,0,0,0,0,0,0,0,0,0,0
15831,2,2,2,1,1,1,1,2,2,2,1,1,1,1,2,2,2,1,1,1,1
15832,11,11,10,10,9,8,8,9,10,10,10,9,8,8,9,10,10,10,9,8,8
15833,2,2,2,2,2,1,1,2,2,2,2,2,1,1,2,2,2,2,2,1,1
15834,4,4,4,3,2,2,2,3,4,4,3,2,2,2,2,3,3,3,2,2,2
15835,1,1,1,1,1,1,1,1,1,1,1,1,1,1,1,1,1,1,1,1,1
15836,31,39,46,48,43,32,23,27,35,45,47,42,31,22,26,34,44,46,41,31,22
15837,9,10,12,10,8,5,5,7,10,12,11,8,6,6,8,11,13,12,10,7,6
15838,10,11,12,11,10,8,8,10,12,14,14,12,10,10,11,13,13,13,11,10,9
15839,3,5,4,4,4,3,3,3,4,4,4,4,3,3,3,4,4,4,4,3,3
15840,5,5,7,7,6,4,3,5,6,8,7,6,4,3,5,6,8,7,6,4,3
15841,3,4,4,4,3,2,2,3,4,4,4,3,2,2,3,4,4,4,3,2,2
15842,4,6,8,8,7,3,3,4,6,8,8,7,3,3,4,6,8,8,7,3,3
15843,8,8,7,7,5,5,6,7,8,7,7,5,5,6,7,8,7,7,6,5,6
15844,1,1,1,1,1,1,1,1,1,1,1,1,1,1,1,1,1,1,1,1,1
15845,11,14,15,13,12,9,7,9,12,14,13,12,9,7,10,13,15,13,12,9,7
15846,1,1,1,1,1,1,1,1,1,1,1,1,1,1,1,1,1,1,1,1,1
15847,2,2,2,2,2,2,2,2,3,2,3,2,2,2,3,3,3,3,2,2,2
15848,9,10,9,9,8,7,7,8,9,9,8,7,6,7,7,9,9,9,8,7,7
15849,6,7,7,7,6,5,4,6,7,7,7,6,4,3,5,6,6,7,6,4,3
15850,9,9,9,9,7,7,7,7,8,9,9,6,6,7,7,8,9,9,6,7,7
15851,2,2,2,2,2,2,2,2,2,3,2,2,2,2,2,2,2,2,2,1,1
15852,3,3,3,3,3,2,2,3,3,3,3,3,2,2,3,3,3,3,3,2,3
15853,1,1,1,1,1,1,1,1,1,1,1,1,1,1,1,1,1,1,1,1,1
15854,16,18,18,17,16,14,14,17,20,20,19,17,15,15,16,16,17,16,14,12,12
15855,1,1,1,1,1,1,1,1,1,1,1,1,1,1,1,1,1,1,1,1,1
15856,6,5,4,4,4,3,4,5,6,5,4,4,4,5,7,6,4,4,4,4,5
15857,1,1,1,1,0,0,0,1,1,1,1,1,0,0,1,1,1,1,1,0,0
15858,3,3,2,2,2,2,2,2,2,2,2,2,2,2,2,3,2,2,2,2,2
15859,1,1,1,1,1,1,1,1,1,1,1,1,1,1,1,1,1,1,1,1,1
15860,3,4,4,4,3,3,2,3,4,4,4,3,3,2,3,4,4,4,3,3,2
15861,0,0,0,0,0,0,0,0,0,0,1,2,2,2,2,2,3,4,4,3,3
15862,0,0,0,0,0,0,0,0,0,0,0,0,0,0,0,0,0,0,0,0,0
15863,0,0,0,0,0,0,0,0,0,0,0,0,0,0,0,0,0,0,0,0,0
15864,0,0,0,0,0,0,0,0,0,0,0,0,0,0,0,0,0,0,0,0,0
15865,0,0,0,0,0,0,0,0,0,0,0,0,0,0,0,0,0,0,0,0,0
15866,0,0,0,0,0,0,0,0,0,0,0,0,0,0,0,0,0,0,0,0,0
15867,0,0,0,0,0,0,0,0,0,0,0,0,0,0,0,0,0,0,0,0,0
15868,0,0,0,0,0,0,0,0,0,0,0,0,0,0,0,0,0,0,0,0,0
15869,0,0,0,0,0,0,0,0,0,0,0,0,0,0,0,0,0,0,0,0,0
15870,0,0,0,0,0,0,0,0,0,0,0,0,0,0,0,0,0,0,0,0,0
15871,0,0,0,0,0,0,0,0,0,0,0,0,0,0,0,0,0,0,0,0,0
15872,1,1,1,1,1,1,1,1,1,1,1,1,1,1,1,1,1,1,1,1,1
15873,0,0,0,0,0,0,0,0,0,0,0,0,0,0,0,0,0,0,0,0,0
15874,0,0,0,0,0,0,0,0,0,0,0,0,0,0,0,0,0,0,0,0,0
15875,0,0,0,0,0,0,0,0,0,0,0,0,0,0,0,0,0,0,0,0,0
15876,0,0,0,0,0,0,0,0,0,0,0,0,0,0,0,0,0,0,0,0,0
15877,1,1,1,0,0,0,0,1,1,1,0,0,0,0,1,1,1,0,0,0,0
15878,0,0,0,0,0,0,0,0,0,0,0,0,0,0,0,0,0,0,0,0,0
15879,2,2,1,1,1,1,1,1,1,1,1,1,1,1,1,1,1,1,1,1,1
15880,1,1,1,1,0,0,0,0,1,1,0,0,0,0,0,0,1,1,0,0,0
15881,1,1,1,1,1,0,0,0,1,1,1,0,0,0,0,0,0,0,0,0,0
15882,0,0,0,0,0,0,0,0,1,1,0,0,0,0,0,1,1,1,0,0,0
15883,1,1,1,1,1,1,1,1,1,1,1,1,1,1,1,1,1,1,0,0,0
15884,0,0,0,0,0,0,0,0,0,0,0,0,0,0,0,0,0,0,0,0,0
15885,4,6,12,19,22,15,7,4,6,12,19,22,15,7,4,6,12,19,22,15,7
15886,6,8,6,6,5,5,4,6,7,6,6,5,4,4,6,7,6,6,5,4,4
15887,0,0,0,0,0,0,0,0,0,0,0,0,0,0,0,0,0,0,0,0,0
15888,1,1,1,1,1,1,1,1,1,1,1,1,1,1,1,1,1,1,1,1,1
15889,0,0,0,0,0,0,0,0,0,0,0,0,0,0,0,0,0,0,0,0,0
