ID,2023-04-05,2023-04-06,2023-04-07,2023-04-08,2023-04-09,2023-04-10,2023-04-11,2023-04-12,2023-04-13,2023-04-14,2023-04-15,2023-04-16,2023-04-17,2023-04-18,2023-04-19,2023-04-20,2023-04-21,2023-04-22,2023-04-23,2023-04-24,2023-04-25
0,2,2,2,1,1,1,1,2,2,2,1,1,1,1,2,2,2,1,1,1,1
1,1,1,1,0,0,0,0,1,1,1,0,0,0,0,1,1,1,0,0,0,0
2,1,1,1,1,1,1,1,1,1,1,1,1,1,1,1,1,1,1,1,1,1
3,0,1,1,1,1,1,1,0,1,1,1,1,1,1,0,1,1,1,1,1,1
4,4,3,4,5,3,2,3,4,3,4,5,3,2,3,4,3,4,5,3,2,3
5,2,1,1,1,2,1,1,2,1,1,1,2,1,1,2,1,1,1,2,1,1
6,0,0,0,0,0,0,0,0,0,0,0,0,0,0,0,0,0,0,0,0,0
7,18,18,18,17,14,15,17,18,18,18,17,14,15,17,18,18,18,17,14,15,17
8,0,0,0,0,0,0,0,0,0,0,0,0,0,0,0,0,0,0,0,0,0
9,10,10,9,10,11,11,10,10,10,9,10,11,11,10,10,10,9,10,11,11,10
10,0,0,0,0,0,0,0,0,0,0,0,0,0,0,0,0,0,0,0,0,0
11,0,0,1,0,0,0,0,0,0,1,0,0,0,0,0,0,1,0,0,0,0
12,0,0,0,0,0,0,0,0,0,0,0,0,0,0,0,0,0,0,0,0,0
13,0,0,0,0,0,0,0,0,0,0,0,0,0,0,0,0,0,0,0,0,0
14,0,0,0,0,0,0,0,0,0,0,0,0,0,0,0,0,0,0,0,0,0
15,0,0,0,0,0,0,0,0,0,0,0,0,0,0,0,0,0,0,0,0,0
16,0,1,0,1,0,0,0,0,1,0,1,0,0,0,0,1,0,1,0,0,0
17,10,15,18,23,18,13,6,10,15,18,23,18,13,6,10,15,18,23,18,13,6
18,22,24,30,21,15,13,16,22,24,30,21,15,13,16,22,24,30,21,15,13,16
19,1,4,3,5,1,1,1,1,4,3,5,1,1,1,1,4,3,5,1,1,1
20,1,0,0,0,0,0,0,1,0,0,0,0,0,0,1,0,0,0,0,0,0
21,0,0,0,0,0,0,0,0,0,0,0,0,0,0,0,0,0,0,0,0,0
22,0,0,0,0,0,0,0,0,0,0,0,0,0,0,0,0,0,0,0,0,0
23,0,0,0,0,0,0,0,0,0,0,0,0,0,0,0,0,0,0,0,0,0
24,0,0,0,0,0,0,0,0,0,0,0,0,0,0,0,0,0,0,0,0,0
25,0,0,0,0,0,0,0,0,0,0,0,0,0,0,0,0,0,0,0,0,0
26,0,0,0,2,0,0,0,0,0,0,2,0,0,0,0,0,0,2,0,0,0
27,0,0,0,0,0,0,0,0,0,0,0,0,0,0,0,0,0,0,0,0,0
28,0,0,0,0,0,0,0,0,0,0,0,0,0,0,0,0,0,0,0,0,0
29,5,5,6,5,5,4,4,5,5,6,5,5,4,4,5,5,6,5,5,4,4
30,2,3,2,3,2,2,2,2,3,2,3,2,2,2,2,3,2,3,2,2,2
31,0,0,0,0,0,0,0,0,0,0,0,0,0,0,0,0,0,0,0,0,0
32,11,12,14,14,12,11,9,11,12,14,14,12,11,9,11,12,14,14,12,11,9
33,0,0,0,0,0,0,0,0,0,0,0,0,0,0,0,0,0,0,0,0,0
34,1,0,0,0,0,0,0,1,0,0,0,0,0,0,1,0,0,0,0,0,0
35,8,5,6,5,6,6,5,8,5,6,5,6,6,5,8,5,6,5,6,6,5
36,6,6,6,7,7,3,4,6,6,6,7,7,3,4,6,6,6,7,7,3,4
37,0,0,0,0,0,0,0,0,0,0,0,0,0,0,0,0,0,0,0,0,0
38,0,0,0,0,0,0,0,0,0,0,0,0,0,0,0,0,0,0,0,0,0
39,0,0,0,0,0,0,0,0,0,0,0,0,0,0,0,0,0,0,0,0,0
40,91,101,114,114,105,96,87,91,101,114,114,105,96,87,91,101,114,114,105,96,87
41,0,0,0,0,0,0,0,0,0,0,0,0,0,0,0,0,0,0,0,0,0
42,6,7,7,6,5,4,5,6,7,7,6,5,4,5,6,7,7,6,5,4,5
43,5,5,6,5,5,4,3,5,5,6,5,5,4,3,5,5,6,5,5,4,3
44,1,1,1,1,1,1,1,1,1,1,1,1,1,1,1,1,1,1,1,1,1
45,0,0,0,0,0,0,0,0,0,0,0,0,0,0,0,0,0,0,0,0,0
46,2,2,2,2,2,2,2,2,2,2,2,2,2,2,2,2,2,2,2,2,2
47,36,36,35,32,31,31,32,36,36,35,32,31,31,32,36,36,35,32,31,31,32
48,0,0,0,0,0,0,0,0,0,0,0,0,0,0,0,0,0,0,0,0,0
49,3,3,3,3,3,2,2,3,3,3,3,3,2,2,3,3,3,3,3,2,2
50,5,5,5,5,4,4,4,5,5,5,5,4,4,4,5,5,5,5,4,4,4
51,0,0,0,0,0,0,0,0,0,0,0,0,0,0,0,0,0,0,0,0,0
52,0,0,0,0,0,0,0,0,0,0,0,0,0,0,0,0,0,0,0,0,0
53,2,2,2,1,1,0,1,2,2,2,1,1,0,1,2,2,2,1,1,0,1
54,1,2,3,3,3,3,1,1,2,3,3,3,3,1,1,2,3,3,3,3,1
55,0,0,0,3,2,0,0,0,0,0,3,2,0,0,0,0,0,3,2,0,0
56,1,0,0,0,0,1,1,1,0,0,0,0,1,1,1,0,0,0,0,1,1
57,0,0,0,0,0,0,0,0,0,0,0,0,0,0,0,0,0,0,0,0,0
58,0,0,0,0,0,1,0,0,0,0,0,0,1,0,0,0,0,0,0,1,0
59,0,0,0,0,0,0,0,0,0,0,0,0,0,0,0,0,0,0,0,0,0
60,2,2,1,1,1,1,1,2,2,1,1,1,1,1,2,2,1,1,1,1,1
61,1,1,1,1,1,1,1,1,1,1,1,1,1,1,1,1,1,1,1,1,1
62,0,0,0,0,0,0,0,0,0,0,0,0,0,0,0,0,0,0,0,0,0
63,0,0,0,0,0,0,0,0,0,0,0,0,0,0,0,0,0,0,0,0,0
64,0,0,0,0,0,0,0,0,0,0,0,0,0,0,0,0,0,0,0,0,0
65,1,1,1,1,1,0,0,1,1,1,1,1,0,0,1,1,1,1,1,0,0
66,1,1,1,1,1,1,1,1,1,1,1,1,1,1,1,1,1,1,1,1,1
67,0,0,0,0,0,0,0,0,0,0,0,0,0,0,0,0,0,0,0,0,0
68,0,0,0,1,1,1,1,0,0,0,1,1,1,1,0,0,0,1,1,1,1
69,0,0,0,0,0,0,0,0,0,0,0,0,0,0,0,0,0,0,0,0,0
70,0,0,0,0,0,0,0,0,0,0,0,0,0,0,0,0,0,0,0,0,0
71,0,0,0,0,0,0,0,0,0,0,0,0,0,0,0,0,0,0,0,0,0
72,0,0,0,0,0,0,0,0,0,0,0,0,0,0,0,0,0,0,0,0,0
73,0,0,0,0,0,0,0,0,0,0,0,0,0,0,0,0,0,0,0,0,0
74,0,0,0,0,0,0,0,0,0,0,0,0,0,0,0,0,0,0,0,0,0
75,0,0,0,0,0,0,0,0,0,0,0,0,0,0,0,0,0,0,0,0,0
76,0,0,0,0,0,0,0,0,0,0,0,0,0,0,0,0,0,0,0,0,0
77,1,1,1,1,1,1,1,1,1,1,1,1,1,1,1,1,1,1,1,1,1
78,0,0,0,0,0,0,0,0,0,0,0,0,0,0,0,0,0,0,0,0,0
79,0,0,0,0,0,0,0,0,0,0,0,0,0,0,0,0,0,0,0,0,0
80,0,0,0,0,0,0,0,0,0,0,0,0,0,0,0,0,0,0,0,0,0
81,0,0,0,0,0,0,0,0,0,0,0,0,0,0,0,0,0,0,0,0,0
82,10,11,9,6,4,4,7,10,11,9,6,4,4,7,10,11,9,6,4,4,7
83,2,2,2,2,2,2,2,2,2,2,2,2,2,2,2,2,2,2,2,2,2
84,0,0,0,0,0,0,0,0,0,0,0,0,0,0,0,0,0,0,0,0,0
85,1,1,1,1,1,1,0,1,1,1,1,1,1,0,1,1,1,1,1,1,0
86,0,0,0,0,0,0,0,0,0,0,0,0,0,0,0,0,0,0,0,0,0
87,0,0,0,0,0,0,0,0,0,0,0,0,0,0,0,0,0,0,0,0,0
88,0,0,0,0,0,0,0,0,0,0,0,0,0,0,0,0,0,0,0,0,0
89,0,0,0,0,0,0,0,0,0,0,0,0,0,0,0,0,0,0,0,0,0
90,0,0,0,0,0,0,0,0,0,0,0,0,0,0,0,0,0,0,0,0,0
91,0,0,0,0,0,0,0,0,0,0,0,0,0,0,0,0,0,0,0,0,0
92,0,0,0,0,0,0,0,0,0,0,0,0,0,0,0,0,0,0,0,0,0
93,0,0,0,0,0,0,0,0,0,0,0,0,0,0,0,0,0,0,0,0,0
94,0,0,0,0,0,0,0,0,0,0,0,0,0,0,0,0,0,0,0,0,0
95,0,0,0,0,0,0,0,0,0,0,0,0,0,0,0,0,0,0,0,0,0
96,0,0,0,0,0,0,0,0,0,0,0,0,0,0,0,0,0,0,0,0,0
97,0,0,0,0,0,0,0,0,0,0,0,0,0,0,0,0,0,0,0,0,0
98,13,15,14,14,13,12,12,13,15,14,14,13,12,12,13,15,14,14,13,12,12
99,2,2,3,2,2,1,2,2,2,3,2,2,1,2,2,2,3,2,2,1,2
100,0,0,0,0,0,0,0,0,0,0,0,0,0,0,0,0,0,0,0,0,0
101,9,10,11,11,11,9,9,9,10,11,11,11,9,9,9,10,11,11,11,9,9
102,6,7,8,8,7,6,5,6,7,8,8,7,6,5,6,7,8,8,7,6,5
103,0,0,0,0,0,0,0,0,0,0,0,0,0,0,0,0,0,0,0,0,0
104,0,0,0,0,0,0,0,0,0,0,0,0,0,0,0,0,0,0,0,0,0
105,0,0,0,0,0,0,0,0,0,0,0,0,0,0,0,0,0,0,0,0,0
106,0,0,0,0,0,0,0,0,0,0,0,0,0,0,0,0,0,0,0,0,0
107,1,2,2,2,1,1,1,1,2,2,2,1,1,1,1,2,2,2,1,1,1
108,0,1,0,0,0,0,0,0,1,0,0,0,0,0,0,1,0,0,0,0,0
109,0,0,0,0,0,0,0,0,0,0,0,0,0,0,0,0,0,0,0,0,0
110,32,32,31,28,27,29,29,32,32,31,28,27,29,29,32,32,31,28,27,29,29
111,2,3,2,2,1,1,2,2,3,2,2,1,1,2,2,3,2,2,1,1,2
112,1,1,1,1,1,1,0,1,1,1,1,1,1,0,1,1,1,1,1,1,0
113,3,3,4,4,4,2,3,3,3,4,4,4,2,3,3,3,4,4,4,2,3
114,0,0,0,0,0,0,0,0,0,0,0,0,0,0,0,0,0,0,0,0,0
115,1,1,2,2,2,1,0,1,1,2,2,2,1,0,1,1,2,2,2,1,0
116,4,4,4,5,4,4,4,4,4,4,5,4,4,4,4,4,4,5,4,4,4
117,22,22,22,20,18,16,17,22,22,22,20,18,16,17,22,22,22,20,18,16,17
118,1,1,1,1,1,1,1,1,1,1,1,1,1,1,1,1,1,1,1,1,1
119,10,10,10,10,9,9,8,10,10,10,10,9,9,8,10,10,10,10,9,9,8
120,10,11,10,9,9,8,8,10,11,10,9,9,8,8,10,11,10,9,9,8,8
121,1,2,3,2,1,1,1,1,2,3,2,1,1,1,1,2,3,2,1,1,1
122,2,2,2,2,2,2,2,2,2,2,2,2,2,2,2,2,2,2,2,2,2
123,4,4,4,4,4,3,3,4,4,4,4,4,3,3,4,4,4,4,4,3,3
124,3,3,3,3,2,2,2,3,3,3,3,2,2,2,3,3,3,3,2,2,2
125,0,0,0,0,0,0,0,0,0,0,0,0,0,0,0,0,0,0,0,0,0
126,0,0,0,0,0,0,0,0,0,0,0,0,0,0,0,0,0,0,0,0,0
127,0,0,0,0,0,0,0,0,0,0,0,0,0,0,0,0,0,0,0,0,0
128,0,0,0,0,0,0,0,0,0,0,0,0,0,0,0,0,0,0,0,0,0
129,0,0,0,0,0,0,0,0,0,0,0,0,0,0,0,0,0,0,0,0,0
130,2,2,2,2,2,2,2,2,2,2,2,2,2,2,2,2,2,2,2,2,2
131,2,3,3,3,3,2,3,2,3,3,3,3,2,3,2,3,3,3,3,2,3
132,0,0,0,0,0,0,0,0,0,0,0,0,0,0,0,0,0,0,0,0,0
133,5,5,6,5,5,5,5,5,5,6,5,5,5,5,5,5,6,5,5,5,5
134,0,0,0,0,0,0,0,0,0,0,0,0,0,0,0,0,0,0,0,0,0
135,7,7,7,6,6,5,5,7,7,7,6,6,5,5,7,7,7,6,6,5,5
136,0,0,0,0,0,0,0,0,0,0,0,0,0,0,0,0,0,0,0,0,0
137,0,0,0,0,0,0,0,0,0,0,0,0,0,0,0,0,0,0,0,0,0
138,2,2,3,2,2,2,1,2,2,3,2,2,2,1,2,2,3,2,2,2,1
139,3,3,3,3,3,3,3,3,3,3,3,3,3,3,3,3,3,3,3,3,3
140,19,17,20,20,17,16,17,19,17,20,20,17,16,17,19,17,20,20,17,16,17
141,23,22,24,23,23,20,19,23,22,24,23,23,20,19,23,22,24,23,23,20,19
142,0,0,0,0,0,0,0,0,0,0,0,0,0,0,0,0,0,0,0,0,0
143,0,0,0,0,0,0,0,0,0,0,0,0,0,0,0,0,0,0,0,0,0
144,6,6,6,6,5,5,5,6,6,6,6,5,5,5,6,6,6,6,5,5,5
145,41,66,73,75,61,45,38,41,66,73,75,61,45,38,41,66,73,75,61,45,38
146,11,13,13,11,8,10,10,11,13,13,11,8,10,10,11,13,13,11,8,10,10
147,3,3,3,3,3,3,2,3,3,3,3,3,3,2,3,3,3,3,3,3,2
148,4,5,6,7,6,5,3,4,5,6,7,6,5,3,4,5,6,7,6,5,3
149,3,4,4,4,4,3,3,3,4,4,4,4,3,3,3,4,4,4,4,3,3
150,10,15,10,10,9,7,8,10,15,10,10,9,7,8,10,15,10,10,9,7,8
151,9,9,11,11,10,9,8,9,9,11,11,10,9,8,9,9,11,11,10,9,8
152,1,1,0,1,0,1,1,1,1,0,1,0,1,1,1,1,0,1,0,1,1
153,0,0,0,0,0,0,0,0,0,0,0,0,0,0,0,0,0,0,0,0,0
154,0,0,1,1,1,0,0,0,0,1,1,1,0,0,0,0,1,1,1,0,0
155,0,0,1,1,0,0,0,0,0,1,1,0,0,0,0,0,1,1,0,0,0
156,4,11,12,9,9,8,4,4,11,12,9,9,8,4,4,11,12,9,9,8,4
157,1,1,1,1,1,1,1,1,1,1,1,1,1,1,1,1,1,1,1,1,1
158,2,4,4,4,3,2,1,2,4,4,4,3,2,1,2,4,4,4,3,2,1
159,10,24,27,21,19,17,10,10,24,27,21,19,17,10,10,24,27,21,19,17,10
160,0,0,0,1,1,0,0,0,0,0,1,1,0,0,0,0,0,1,1,0,0
161,15,16,20,13,13,13,11,15,16,20,13,13,13,11,15,16,20,13,13,13,11
162,0,0,0,0,0,0,0,0,0,0,0,0,0,0,0,0,0,0,0,0,0
163,1,0,0,0,0,1,1,1,0,0,0,0,1,1,1,0,0,0,0,1,1
164,42,49,52,51,41,39,35,42,49,52,51,41,39,35,42,49,52,51,41,39,35
165,2,3,3,3,2,3,3,2,3,3,3,2,3,3,2,3,3,3,2,3,3
166,4,4,5,4,4,4,3,4,4,5,4,4,4,3,4,4,5,4,4,4,3
167,8,8,8,8,7,6,6,8,8,8,8,7,6,6,8,8,8,8,7,6,6
168,3,3,3,3,2,2,2,3,3,3,3,2,2,2,3,3,3,3,2,2,2
169,3,4,5,5,4,3,2,3,4,5,5,4,3,2,3,4,5,5,4,3,2
170,2,2,2,2,2,2,2,2,2,2,2,2,2,2,2,2,2,2,2,2,2
171,2,3,3,3,3,3,2,2,3,3,3,3,3,2,2,3,3,3,3,3,2
172,3,3,3,2,3,3,3,3,3,3,2,3,3,3,3,3,3,2,3,3,3
173,0,0,0,0,0,0,0,0,0,0,0,0,0,0,0,0,0,0,0,0,0
174,0,0,0,0,0,0,0,0,0,0,0,0,0,0,0,0,0,0,0,0,0
175,1,1,1,2,2,1,1,1,1,1,2,2,1,1,1,1,1,2,2,1,1
176,0,0,0,1,1,0,0,0,0,0,1,1,0,0,0,0,0,1,1,0,0
177,0,0,0,0,0,0,0,0,0,0,0,0,0,0,0,0,0,0,0,0,0
178,2,2,3,3,2,1,1,2,2,3,3,2,1,1,2,2,3,3,2,1,1
179,0,0,0,0,0,0,0,0,0,0,0,0,0,0,0,0,0,0,0,0,0
180,0,0,0,0,0,0,0,0,0,0,0,0,0,0,0,0,0,0,0,0,0
181,0,0,0,0,0,0,0,0,0,0,0,0,0,0,0,0,0,0,0,0,0
182,0,0,0,0,0,0,0,0,0,0,0,0,0,0,0,0,0,0,0,0,0
183,0,0,0,0,0,0,0,0,0,0,0,0,0,0,0,0,0,0,0,0,0
184,0,0,1,0,0,0,0,0,0,1,0,0,0,0,0,0,1,0,0,0,0
185,0,0,0,0,0,0,0,0,0,0,0,0,0,0,0,0,0,0,0,0,0
186,0,0,0,0,0,0,0,0,0,0,0,0,0,0,0,0,0,0,0,0,0
187,0,0,0,0,0,0,0,0,0,0,0,0,0,0,0,0,0,0,0,0,0
188,1,0,0,0,0,0,0,1,0,0,0,0,0,0,1,0,0,0,0,0,0
189,0,0,0,0,0,0,0,0,0,0,0,0,0,0,0,0,0,0,0,0,0
190,0,0,0,0,0,0,0,0,0,0,0,0,0,0,0,0,0,0,0,0,0
191,0,0,0,0,0,0,0,0,0,0,0,0,0,0,0,0,0,0,0,0,0
192,0,0,0,0,0,0,0,0,0,0,0,0,0,0,0,0,0,0,0,0,0
193,0,0,0,0,0,0,0,0,0,0,0,0,0,0,0,0,0,0,0,0,0
194,3,3,3,3,3,2,3,3,3,3,3,3,2,3,3,3,3,3,3,2,3
195,0,0,0,0,0,0,0,0,0,0,0,0,0,0,0,0,0,0,0,0,0
196,0,0,0,0,0,0,0,0,0,0,0,0,0,0,0,0,0,0,0,0,0
197,0,0,0,0,0,0,0,0,0,0,0,0,0,0,0,0,0,0,0,0,0
198,1,1,1,1,1,1,1,1,1,1,1,1,1,1,1,1,1,1,1,1,1
199,0,0,0,0,0,0,0,0,0,0,0,0,0,0,0,0,0,0,0,0,0
200,0,1,0,0,0,0,0,0,1,0,0,0,0,0,0,1,0,0,0,0,0
201,0,0,0,0,0,0,0,0,0,0,0,0,0,0,0,0,0,0,0,0,0
202,0,0,0,0,0,0,0,0,0,0,0,0,0,0,0,0,0,0,0,0,0
203,1,0,0,0,0,0,0,1,0,0,0,0,0,0,1,0,0,0,0,0,0
204,0,0,0,1,1,0,0,0,0,0,1,1,0,0,0,0,0,1,1,0,0
205,16,16,15,12,10,10,11,16,16,15,12,10,10,11,16,16,15,12,10,10,11
206,0,0,0,1,1,1,0,0,0,0,1,1,1,0,0,0,0,1,1,1,0
207,27,26,25,22,21,24,25,27,26,25,22,21,24,25,27,26,25,22,21,24,25
208,20,21,22,20,18,16,17,20,21,22,20,18,16,17,20,21,22,20,18,16,17
209,9,10,10,10,8,7,7,9,10,10,10,8,7,7,9,10,10,10,8,7,7
210,0,0,1,0,0,0,0,0,0,1,0,0,0,0,0,0,1,0,0,0,0
211,0,0,0,0,0,0,0,0,0,0,0,0,0,0,0,0,0,0,0,0,0
212,3,4,5,5,4,3,3,3,4,5,5,4,3,3,3,4,5,5,4,3,3
213,1,1,1,1,1,1,1,1,1,1,1,1,1,1,1,1,1,1,1,1,1
214,2,2,2,2,2,2,2,2,2,2,2,2,2,2,2,2,2,2,2,2,2
215,0,0,0,0,0,0,0,0,0,0,0,0,0,0,0,0,0,0,0,0,0
216,0,0,0,0,0,0,0,0,0,0,0,0,0,0,0,0,0,0,0,0,0
217,0,0,0,0,0,0,0,0,0,0,0,0,0,0,0,0,0,0,0,0,0
218,0,0,0,0,0,0,0,0,0,0,0,0,0,0,0,0,0,0,0,0,0
219,0,0,0,0,0,0,0,0,0,0,0,0,0,0,0,0,0,0,0,0,0
220,8,11,12,10,9,7,7,8,11,12,10,9,7,7,8,11,12,10,9,7,7
221,25,27,29,31,27,24,21,25,27,29,31,27,24,21,25,27,29,31,27,24,21
222,12,13,11,10,8,10,10,12,13,11,10,8,10,10,12,13,11,10,8,10,10
223,14,15,15,13,12,11,11,14,15,15,13,12,11,11,14,15,15,13,12,11,11
224,54,56,57,56,53,50,51,54,56,57,56,53,50,51,54,56,57,56,53,50,51
225,16,16,17,17,15,14,13,16,16,17,17,15,14,13,16,16,17,17,15,14,13
226,2,2,2,2,1,1,1,2,2,2,2,1,1,1,2,2,2,2,1,1,1
227,1,1,1,1,1,1,1,1,1,1,1,1,1,1,1,1,1,1,1,1,1
228,5,5,5,4,4,4,4,5,5,5,4,4,4,4,5,5,5,4,4,4,4
229,2,2,2,4,4,3,3,2,2,2,4,4,3,3,2,2,2,4,4,3,3
230,0,0,0,0,0,0,0,0,0,0,0,0,0,0,0,0,0,0,0,0,0
231,1,0,1,1,0,0,1,1,0,1,1,0,0,1,1,0,1,1,0,0,1
232,2,2,2,2,2,2,2,2,2,2,2,2,2,2,2,2,2,2,2,2,2
233,0,0,0,0,0,0,0,0,0,0,0,0,0,0,0,0,0,0,0,0,0
234,3,4,4,3,3,2,2,3,4,4,3,3,2,2,3,4,4,3,3,2,2
235,2,2,2,1,1,1,1,2,2,2,1,1,1,1,2,2,2,1,1,1,1
236,2,2,1,1,1,1,2,2,2,1,1,1,1,2,2,2,1,1,1,1,2
237,2,1,1,1,2,2,2,2,1,1,1,2,2,2,2,1,1,1,2,2,2
238,0,0,0,0,0,0,0,0,0,0,0,0,0,0,0,0,0,0,0,0,0
239,0,0,0,0,0,0,0,0,0,0,0,0,0,0,0,0,0,0,0,0,0
240,0,0,0,0,0,0,0,0,0,0,0,0,0,0,0,0,0,0,0,0,0
241,0,0,1,0,0,0,0,0,0,1,0,0,0,0,0,0,1,0,0,0,0
242,1,1,1,1,1,1,1,1,1,1,1,1,1,1,1,1,1,1,1,1,1
243,22,24,25,24,22,21,19,22,24,25,24,22,21,19,22,24,25,24,22,21,19
244,0,0,0,0,0,0,0,0,0,0,0,0,0,0,0,0,0,0,0,0,0
245,0,0,0,0,0,0,0,0,0,0,0,0,0,0,0,0,0,0,0,0,0
246,4,4,3,3,3,3,3,4,4,3,3,3,3,3,4,4,3,3,3,3,3
247,8,9,9,8,8,7,6,8,9,9,8,8,7,6,8,9,9,8,8,7,6
248,116,127,133,122,106,96,97,116,127,133,122,106,96,97,116,127,133,122,106,96,97
249,19,18,14,12,11,10,14,19,18,14,12,11,10,14,19,18,14,12,11,10,14
250,15,15,13,11,10,9,12,15,15,13,11,10,9,12,15,15,13,11,10,9,12
251,72,77,79,75,69,59,62,72,77,79,75,69,59,62,72,77,79,75,69,59,62
252,20,18,17,13,16,15,18,20,18,17,13,16,15,18,20,18,17,13,16,15,18
253,4,3,4,2,4,3,4,4,3,4,2,4,3,4,4,3,4,2,4,3,4
254,61,53,46,46,37,53,54,61,53,46,46,37,53,54,61,53,46,46,37,53,54
255,35,38,41,37,30,23,27,35,38,41,37,30,23,27,35,38,41,37,30,23,27
256,57,49,57,63,47,43,48,57,49,57,63,47,43,48,57,49,57,63,47,43,48
257,21,24,24,22,18,18,20,21,24,24,22,18,18,20,21,24,24,22,18,18,20
258,0,0,0,0,0,0,0,0,0,0,0,0,0,0,0,0,0,0,0,0,0
259,1,1,0,0,0,1,1,1,1,0,0,0,1,1,1,1,0,0,0,1,1
260,11,11,10,13,9,10,11,11,11,10,13,9,10,11,11,11,10,13,9,10,11
261,0,0,0,0,0,0,0,0,0,0,0,0,0,0,0,0,0,0,0,0,0
262,2,2,0,0,2,2,2,2,2,0,0,2,2,2,2,2,0,0,2,2,2
263,0,0,0,0,0,0,0,0,0,0,0,0,0,0,0,0,0,0,0,0,0
264,0,0,1,1,1,1,1,0,0,1,1,1,1,1,0,0,1,1,1,1,1
265,1,1,0,0,1,2,2,1,1,0,0,1,2,2,1,1,0,0,1,2,2
266,0,0,0,0,0,0,0,0,0,0,0,0,0,0,0,0,0,0,0,0,0
267,2,1,0,1,1,2,3,2,1,0,1,1,2,3,2,1,0,1,1,2,3
268,0,0,0,0,0,0,0,0,0,0,0,0,0,0,0,0,0,0,0,0,0
269,1,0,0,0,0,0,1,1,0,0,0,0,0,1,1,0,0,0,0,0,1
270,0,0,0,0,0,0,0,0,0,0,0,0,0,0,0,0,0,0,0,0,0
271,17,21,21,21,16,13,14,17,21,21,21,16,13,14,17,21,21,21,16,13,14
272,74,73,74,72,56,44,40,74,73,74,72,56,44,40,74,73,74,72,56,44,40
273,1,3,5,6,6,3,1,1,3,5,6,6,3,1,1,3,5,6,6,3,1
274,27,33,29,33,23,20,26,27,33,29,33,23,20,26,27,33,29,33,23,20,26
275,17,17,17,14,13,13,14,17,17,17,14,13,13,14,17,17,17,14,13,13,14
276,2,2,1,1,1,1,2,2,2,1,1,1,1,2,2,2,1,1,1,1,2
277,0,0,0,0,0,0,0,0,0,0,0,0,0,0,0,0,0,0,0,0,0
278,88,97,99,93,80,72,71,88,97,99,93,80,72,71,88,97,99,93,80,72,71
279,4,4,4,3,3,3,3,4,4,4,3,3,3,3,4,4,4,3,3,3,3
280,16,17,19,18,16,14,13,16,17,19,18,16,14,13,16,17,19,18,16,14,13
281,46,50,52,47,42,38,37,46,50,52,47,42,38,37,46,50,52,47,42,38,37
282,5,5,3,5,4,5,4,5,5,3,5,4,5,4,5,5,3,5,4,5,4
283,22,23,21,20,16,18,19,22,23,21,20,16,18,19,22,23,21,20,16,18,19
284,5,6,6,6,5,5,4,5,6,6,6,5,5,4,5,6,6,6,5,5,4
285,25,28,31,29,25,21,21,25,28,31,29,25,21,21,25,28,31,29,25,21,21
286,66,74,76,71,61,54,56,66,74,76,71,61,54,56,66,74,76,71,61,54,56
287,5,5,5,5,5,5,5,5,5,5,5,5,5,5,5,5,5,5,5,5,5
288,1,1,1,2,2,1,1,1,1,1,2,2,1,1,1,1,1,2,2,1,1
289,0,1,1,1,1,1,1,0,1,1,1,1,1,1,0,1,1,1,1,1,1
290,0,1,1,1,1,1,1,0,1,1,1,1,1,1,0,1,1,1,1,1,1
291,0,0,0,0,0,0,0,0,0,0,0,0,0,0,0,0,0,0,0,0,0
292,0,0,0,0,0,0,0,0,0,0,0,0,0,0,0,0,0,0,0,0,0
293,0,0,0,0,0,0,0,0,0,0,0,0,0,0,0,0,0,0,0,0,0
294,0,0,0,0,0,0,0,0,0,0,0,0,0,0,0,0,0,0,0,0,0
295,4,5,5,5,5,5,5,4,5,5,5,5,5,5,4,5,5,5,5,5,5
296,3,3,3,3,2,3,2,3,3,3,3,2,3,2,3,3,3,3,2,3,2
297,1,1,1,1,1,1,1,1,1,1,1,1,1,1,1,1,1,1,1,1,1
298,22,24,24,21,20,19,20,22,24,24,21,20,19,20,22,24,24,21,20,19,20
299,7,8,7,5,4,4,5,7,8,7,5,4,4,5,7,8,7,5,4,4,5
300,11,10,10,10,9,10,11,11,10,10,10,9,10,11,11,10,10,10,9,10,11
301,36,34,31,28,26,28,30,36,34,31,28,26,28,30,36,34,31,28,26,28,30
302,8,9,11,13,13,10,9,8,9,11,13,13,10,9,8,9,11,13,13,10,9
303,0,0,0,0,0,0,0,0,0,0,0,0,0,0,0,0,0,0,0,0,0
304,0,0,0,0,0,0,0,0,0,0,0,0,0,0,0,0,0,0,0,0,0
305,0,0,0,0,0,0,0,0,0,0,0,0,0,0,0,0,0,0,0,0,0
306,0,0,0,0,0,0,0,0,0,0,0,0,0,0,0,0,0,0,0,0,0
307,0,0,0,0,0,0,0,0,0,0,0,0,0,0,0,0,0,0,0,0,0
308,0,0,0,0,0,0,0,0,0,0,0,0,0,0,0,0,0,0,0,0,0
309,0,0,0,0,0,0,0,0,0,0,0,0,0,0,0,0,0,0,0,0,0
310,0,0,0,0,0,0,0,0,0,0,0,0,0,0,0,0,0,0,0,0,0
311,0,0,0,0,0,0,0,0,0,0,0,0,0,0,0,0,0,0,0,0,0
312,0,0,0,0,0,0,0,0,0,0,0,0,0,0,0,0,0,0,0,0,0
313,9,10,11,11,10,8,8,9,10,11,11,10,8,8,9,10,11,11,10,8,8
314,1,1,1,1,1,0,0,1,1,1,1,1,0,0,1,1,1,1,1,0,0
315,0,0,0,0,0,0,0,0,0,0,0,0,0,0,0,0,0,0,0,0,0
316,3,3,3,3,3,3,2,3,3,3,3,3,3,2,3,3,3,3,3,3,2
317,3,3,3,2,2,2,2,3,3,3,2,2,2,2,3,3,3,2,2,2,2
318,9,10,10,11,10,9,8,9,10,10,11,10,9,8,9,10,10,11,10,9,8
319,44,49,48,47,47,39,37,44,49,48,47,47,39,37,44,49,48,47,47,39,37
320,2,3,3,4,3,2,2,2,3,3,4,3,2,2,2,3,3,4,3,2,2
321,1,1,1,1,1,1,0,1,1,1,1,1,1,0,1,1,1,1,1,1,0
322,0,0,0,0,0,0,0,0,0,0,0,0,0,0,0,0,0,0,0,0,0
323,1,2,2,2,2,1,2,1,2,2,2,2,1,2,1,2,2,2,2,1,2
324,3,3,3,4,4,3,3,3,3,3,4,4,3,3,3,3,3,4,4,3,3
325,4,4,3,4,4,3,3,4,4,3,4,4,3,3,4,4,3,4,4,3,3
326,0,0,0,0,0,0,0,0,0,0,0,0,0,0,0,0,0,0,0,0,0
327,1,1,2,1,1,0,1,1,1,2,1,1,0,1,1,1,2,1,1,0,1
328,0,0,0,0,0,0,0,0,0,0,0,0,0,0,0,0,0,0,0,0,0
329,1,2,2,1,2,1,1,1,2,2,1,2,1,1,1,2,2,1,2,1,1
330,5,6,7,6,5,4,4,5,6,7,6,5,4,4,5,6,7,6,5,4,4
331,2,3,3,3,3,2,2,2,3,3,3,3,2,2,2,3,3,3,3,2,2
332,45,51,44,52,52,41,43,45,51,44,52,52,41,43,45,51,44,52,52,41,43
333,11,15,14,11,11,8,8,11,15,14,11,11,8,8,11,15,14,11,11,8,8
334,14,16,17,16,15,13,13,14,16,17,16,15,13,13,14,16,17,16,15,13,13
335,0,0,0,0,0,0,0,0,0,0,0,0,0,0,0,0,0,0,0,0,0
336,1,1,1,0,0,0,0,1,1,1,0,0,0,0,1,1,1,0,0,0,0
337,2,3,3,2,2,2,2,2,3,3,2,2,2,2,2,3,3,2,2,2,2
338,3,3,2,2,2,2,2,3,3,2,2,2,2,2,3,3,2,2,2,2,2
339,0,0,0,0,0,0,0,0,0,0,0,0,0,0,0,0,0,0,0,0,0
340,1,2,2,2,1,1,1,1,2,2,2,1,1,1,1,2,2,2,1,1,1
341,4,5,5,4,4,4,3,4,5,5,4,4,4,3,4,5,5,4,4,4,3
342,1,1,2,1,1,1,1,1,1,2,1,1,1,1,1,1,2,1,1,1,1
343,1,0,0,0,0,0,0,1,0,0,0,0,0,0,1,0,0,0,0,0,0
344,0,0,0,0,0,0,0,0,0,0,0,0,0,0,0,0,0,0,0,0,0
345,0,0,0,0,0,0,0,0,0,0,0,0,0,0,0,0,0,0,0,0,0
346,73,75,74,59,62,60,65,73,75,74,59,62,60,65,73,75,74,59,62,60,65
347,5,5,5,5,3,3,3,5,5,5,5,3,3,3,5,5,5,5,3,3,3
348,2,2,2,2,2,1,1,2,2,2,2,2,1,1,2,2,2,2,2,1,1
349,0,0,0,0,0,0,0,0,0,0,0,0,0,0,0,0,0,0,0,0,0
350,0,0,0,0,0,0,0,0,0,0,0,0,0,0,0,0,0,0,0,0,0
351,1,1,1,1,1,1,1,1,1,1,1,1,1,1,1,1,1,1,1,1,1
352,0,0,0,0,0,0,0,0,0,0,0,0,0,0,0,0,0,0,0,0,0
353,2,3,1,0,0,0,0,2,3,1,0,0,0,0,2,3,1,0,0,0,0
354,1,1,1,1,1,1,1,1,1,1,1,1,1,1,1,1,1,1,1,1,1
355,0,0,0,0,0,0,0,0,0,0,0,0,0,0,0,0,0,0,0,0,0
356,0,0,0,0,0,0,0,0,0,0,0,0,0,0,0,0,0,0,0,0,0
357,17,19,18,15,14,12,12,17,19,18,15,14,12,12,17,19,18,15,14,12,12
358,0,0,0,0,0,0,0,0,0,0,0,0,0,0,0,0,0,0,0,0,0
359,1,1,1,1,1,1,1,1,1,1,1,1,1,1,1,1,1,1,1,1,1
360,3,3,4,3,2,2,3,3,3,4,3,2,2,3,3,3,4,3,2,2,3
361,1,1,1,1,1,1,1,1,1,1,1,1,1,1,1,1,1,1,1,1,1
362,6,12,14,13,11,5,5,6,12,14,13,11,5,5,6,12,14,13,11,5,5
363,1,1,2,1,1,1,1,1,1,2,1,1,1,1,1,1,2,1,1,1,1
364,0,0,0,0,1,1,1,0,0,0,0,1,1,1,0,0,0,0,1,1,1
365,3,4,4,4,3,2,2,3,4,4,4,3,2,2,3,4,4,4,3,2,2
366,0,0,0,0,0,0,0,0,0,0,0,0,0,0,0,0,0,0,0,0,0
367,0,0,0,0,0,0,0,0,0,0,0,0,0,0,0,0,0,0,0,0,0
368,1,1,1,1,0,0,0,1,1,1,1,0,0,0,1,1,1,1,0,0,0
369,116,127,133,122,106,96,97,116,127,133,122,106,96,97,116,127,133,122,106,96,97
370,0,0,0,0,0,0,0,0,0,0,0,0,0,0,0,0,0,0,0,0,0
371,46,55,56,55,47,37,35,46,55,56,55,47,37,35,46,55,56,55,47,37,35
372,4,5,6,7,6,3,3,4,5,6,7,6,3,3,4,5,6,7,6,3,3
373,7,7,8,8,7,5,6,7,7,8,8,7,5,6,7,7,8,8,7,5,6
374,5,5,5,4,4,3,4,5,5,5,4,4,3,4,5,5,5,4,4,3,4
375,43,45,48,45,40,35,35,43,45,48,45,40,35,35,43,45,48,45,40,35,35
376,1,1,2,1,1,1,1,1,1,2,1,1,1,1,1,1,2,1,1,1,1
377,7,7,8,7,6,5,5,7,7,8,7,6,5,5,7,7,8,7,6,5,5
378,5,6,5,4,4,3,3,5,6,5,4,4,3,3,5,6,5,4,4,3,3
379,5,7,8,8,8,4,4,5,7,8,8,8,4,4,5,7,8,8,8,4,4
380,46,49,49,53,50,46,46,46,49,49,53,50,46,46,46,49,49,53,50,46,46
381,1,1,2,3,3,1,1,1,1,2,3,3,1,1,1,1,2,3,3,1,1
382,27,32,33,33,28,22,23,27,32,33,33,28,22,23,27,32,33,33,28,22,23
383,7,8,10,10,9,7,6,7,8,10,10,9,7,6,7,8,10,10,9,7,6
384,8,9,9,8,7,6,7,8,9,9,8,7,6,7,8,9,9,8,7,6,7
385,2,2,2,2,1,1,1,2,2,2,2,1,1,1,2,2,2,2,1,1,1
386,2,3,1,1,1,1,1,2,3,1,1,1,1,1,2,3,1,1,1,1,1
387,1,2,2,2,2,1,1,1,2,2,2,2,1,1,1,2,2,2,2,1,1
388,1,1,1,1,1,1,1,1,1,1,1,1,1,1,1,1,1,1,1,1,1
389,3,3,3,2,2,2,2,3,3,3,2,2,2,2,3,3,3,2,2,2,2
390,2,2,2,2,2,2,2,2,2,2,2,2,2,2,2,2,2,2,2,2,2
391,0,0,0,0,0,0,0,0,0,0,0,0,0,0,0,0,0,0,0,0,0
392,4,4,4,3,3,3,3,4,4,4,3,3,3,3,4,4,4,3,3,3,3
393,0,0,0,0,0,0,0,0,0,0,0,0,0,0,0,0,0,0,0,0,0
394,0,0,0,0,0,0,0,0,0,0,0,0,0,0,0,0,0,0,0,0,0
395,0,0,0,0,0,0,0,0,0,0,0,0,0,0,0,0,0,0,0,0,0
396,1,1,1,1,0,0,0,1,1,1,1,0,0,0,1,1,1,1,0,0,0
397,0,0,0,0,0,0,0,0,0,0,0,0,0,0,0,0,0,0,0,0,0
398,0,0,0,0,0,0,0,0,0,0,0,0,0,0,0,0,0,0,0,0,0
399,0,0,0,0,0,0,0,0,0,0,0,0,0,0,0,0,0,0,0,0,0
400,0,0,0,0,0,0,0,0,0,0,0,0,0,0,0,0,0,0,0,0,0
401,1,1,1,1,1,1,1,1,1,1,1,1,1,1,1,1,1,1,1,1,1
402,0,0,0,0,0,0,0,0,0,0,0,0,0,0,0,0,0,0,0,0,0
403,0,0,0,0,0,0,0,0,0,0,0,0,0,0,0,0,0,0,0,0,0
404,0,0,0,0,0,0,0,0,0,0,0,0,0,0,0,0,0,0,0,0,0
405,0,0,0,0,0,0,0,0,0,0,0,0,0,0,0,0,0,0,0,0,0
406,0,0,0,0,0,0,0,0,0,0,0,0,0,0,0,0,0,0,0,0,0
407,0,0,0,0,0,0,0,0,0,0,0,0,0,0,0,0,0,0,0,0,0
408,6,4,0,0,3,0,0,6,4,0,0,3,0,0,6,4,0,0,3,0,0
409,0,0,0,0,0,0,0,0,0,0,0,0,0,0,0,0,0,0,0,0,0
410,2,3,3,2,1,1,2,2,3,3,2,1,1,2,2,3,3,2,1,1,2
411,1,1,1,1,1,0,1,1,1,1,1,1,0,1,1,1,1,1,1,0,1
412,12,15,9,9,6,6,7,12,15,9,9,6,6,7,12,15,9,9,6,6,7
413,2,3,3,2,1,1,1,2,3,3,2,1,1,1,2,3,3,2,1,1,1
414,0,0,1,1,0,0,0,0,0,1,1,0,0,0,0,0,1,1,0,0,0
415,2,2,2,2,2,2,1,2,2,2,2,2,2,1,2,2,2,2,2,2,1
416,6,6,6,6,5,4,4,6,6,6,6,5,4,4,6,6,6,6,5,4,4
417,2,2,2,3,2,2,2,2,2,2,3,2,2,2,2,2,2,3,2,2,2
418,18,20,20,18,16,15,14,18,20,20,18,16,15,14,18,20,20,18,16,15,14
419,0,0,0,0,0,0,0,0,0,0,0,0,0,0,0,0,0,0,0,0,0
420,1,2,3,2,2,1,1,1,2,3,2,2,1,1,1,2,3,2,2,1,1
421,1,1,1,1,1,0,1,1,1,1,1,1,0,1,1,1,1,1,1,0,1
422,2,3,3,4,4,3,3,2,3,3,4,4,3,3,2,3,3,4,4,3,3
423,4,4,4,4,4,3,4,4,4,4,4,4,3,4,4,4,4,4,4,3,4
424,0,0,0,0,0,0,0,0,0,0,0,0,0,0,0,0,0,0,0,0,0
425,11,10,11,9,7,7,8,11,10,11,9,7,7,8,11,10,11,9,7,7,8
426,20,19,20,20,18,16,15,20,19,20,20,18,16,15,20,19,20,20,18,16,15
427,2,2,1,1,1,1,1,2,2,1,1,1,1,1,2,2,1,1,1,1,1
428,4,4,4,4,4,4,4,4,4,4,4,4,4,4,4,4,4,4,4,4,4
429,36,37,33,30,28,29,31,36,37,33,30,28,29,31,36,37,33,30,28,29,31
430,2,3,3,3,2,1,1,2,3,3,3,2,1,1,2,3,3,3,2,1,1
431,1,1,1,1,1,1,1,1,1,1,1,1,1,1,1,1,1,1,1,1,1
432,6,6,7,6,6,5,5,6,6,7,6,6,5,5,6,6,7,6,6,5,5
433,116,127,130,120,101,85,95,116,127,130,120,101,85,95,116,127,130,120,101,85,95
434,9,10,10,10,10,10,9,9,10,10,10,10,10,9,9,10,10,10,10,10,9
435,5,5,4,2,2,3,3,5,5,4,2,2,3,3,5,5,4,2,2,3,3
436,0,0,0,0,0,0,0,0,0,0,0,0,0,0,0,0,0,0,0,0,0
437,8,9,8,6,6,6,5,8,9,8,6,6,6,5,8,9,8,6,6,6,5
438,3,4,3,3,3,3,3,3,4,3,3,3,3,3,3,4,3,3,3,3,3
439,6,6,6,5,4,3,4,6,6,6,5,4,3,4,6,6,6,5,4,3,4
440,7,7,8,8,7,6,5,7,7,8,8,7,6,5,7,7,8,8,7,6,5
441,7,8,9,6,5,4,4,7,8,9,6,5,4,4,7,8,9,6,5,4,4
442,0,0,0,0,0,0,0,0,0,0,0,0,0,0,0,0,0,0,0,0,0
443,3,2,3,4,4,3,3,3,2,3,4,4,3,3,3,2,3,4,4,3,3
444,0,0,0,0,0,0,0,0,0,0,0,0,0,0,0,0,0,0,0,0,0
445,0,0,0,0,0,0,0,0,0,0,0,0,0,0,0,0,0,0,0,0,0
446,1,1,1,1,1,1,1,1,1,1,1,1,1,1,1,1,1,1,1,1,1
447,1,1,1,1,1,1,1,1,1,1,1,1,1,1,1,1,1,1,1,1,1
448,1,0,0,0,0,0,0,1,0,0,0,0,0,0,1,0,0,0,0,0,0
449,0,0,0,0,0,0,0,0,0,0,0,0,0,0,0,0,0,0,0,0,0
450,0,0,0,0,0,0,0,0,0,0,0,0,0,0,0,0,0,0,0,0,0
451,0,1,0,0,0,0,0,0,1,0,0,0,0,0,0,1,0,0,0,0,0
452,1,1,1,1,0,0,0,1,1,1,1,0,0,0,1,1,1,1,0,0,0
453,0,0,1,0,0,0,0,0,0,1,0,0,0,0,0,0,1,0,0,0,0
454,0,0,0,0,0,0,0,0,0,0,0,0,0,0,0,0,0,0,0,0,0
455,0,0,0,0,0,0,0,0,0,0,0,0,0,0,0,0,0,0,0,0,0
456,0,0,0,0,0,0,0,0,0,0,0,0,0,0,0,0,0,0,0,0,0
457,0,0,0,0,0,0,0,0,0,0,0,0,0,0,0,0,0,0,0,0,0
458,0,0,0,0,0,0,0,0,0,0,0,0,0,0,0,0,0,0,0,0,0
459,0,0,0,0,0,0,0,0,0,0,0,0,0,0,0,0,0,0,0,0,0
460,0,0,0,0,0,0,0,0,0,0,0,0,0,0,0,0,0,0,0,0,0
461,0,0,0,0,0,0,0,0,0,0,0,0,0,0,0,0,0,0,0,0,0
462,0,0,0,0,0,0,0,0,0,0,0,0,0,0,0,0,0,0,0,0,0
463,0,0,0,0,0,0,0,0,0,0,0,0,0,0,0,0,0,0,0,0,0
464,0,0,0,0,0,0,0,0,0,0,0,0,0,0,0,0,0,0,0,0,0
465,0,0,0,0,0,0,0,0,0,0,0,0,0,0,0,0,0,0,0,0,0
466,0,0,0,0,0,0,0,0,0,0,0,0,0,0,0,0,0,0,0,0,0
467,0,0,0,0,0,0,0,0,0,0,0,0,0,0,0,0,0,0,0,0,0
468,0,0,0,0,0,0,0,0,0,0,0,0,0,0,0,0,0,0,0,0,0
469,0,0,0,0,0,0,0,0,0,0,0,0,0,0,0,0,0,0,0,0,0
470,0,0,0,0,0,0,0,0,0,0,0,0,0,0,0,0,0,0,0,0,0
471,0,0,0,0,0,0,0,0,0,0,0,0,0,0,0,0,0,0,0,0,0
472,0,0,0,0,0,0,0,0,0,0,0,0,0,0,0,0,0,0,0,0,0
473,0,0,0,0,0,0,0,0,0,0,0,0,0,0,0,0,0,0,0,0,0
474,0,0,0,0,0,0,0,0,0,0,0,0,0,0,0,0,0,0,0,0,0
475,0,0,0,0,0,0,0,0,0,0,0,0,0,0,0,0,0,0,0,0,0
476,0,0,0,0,0,0,0,0,0,0,0,0,0,0,0,0,0,0,0,0,0
477,0,0,0,0,0,0,0,0,0,0,0,0,0,0,0,0,0,0,0,0,0
478,0,0,0,0,0,0,0,0,0,0,0,0,0,0,0,0,0,0,0,0,0
479,0,0,0,0,0,0,0,0,0,0,0,0,0,0,0,0,0,0,0,0,0
480,0,0,0,0,0,0,0,0,0,0,0,0,0,0,0,0,0,0,0,0,0
481,0,0,0,0,0,0,0,0,0,0,0,0,0,0,0,0,0,0,0,0,0
482,0,1,1,1,0,0,0,0,1,1,1,0,0,0,0,1,1,1,0,0,0
483,0,0,0,0,0,0,0,0,0,0,0,0,0,0,0,0,0,0,0,0,0
484,1,1,1,1,1,1,1,1,1,1,1,1,1,1,1,1,1,1,1,1,1
485,116,127,133,122,106,96,97,116,127,133,122,106,96,97,116,127,133,122,106,96,97
486,116,127,133,122,106,96,97,116,127,133,122,106,96,97,116,127,133,122,106,96,97
487,0,0,0,0,0,0,0,0,0,0,0,0,0,0,0,0,0,0,0,0,0
488,116,127,133,122,106,96,97,116,127,133,122,106,96,97,116,127,133,122,106,96,97
489,23,19,26,33,30,23,22,23,19,26,33,30,23,22,23,19,26,33,30,23,22
490,13,14,14,15,12,9,11,13,14,14,15,12,9,11,13,14,14,15,12,9,11
491,3,3,3,5,4,4,3,3,3,3,5,4,4,3,3,3,3,5,4,4,3
492,3,3,5,2,1,1,2,3,3,5,2,1,1,2,3,3,5,2,1,1,2
493,0,0,0,0,0,0,0,0,0,0,0,0,0,0,0,0,0,0,0,0,0
494,7,7,8,8,8,6,6,7,7,8,8,8,6,6,7,7,8,8,8,6,6
495,0,0,0,0,0,0,0,0,0,0,0,0,0,0,0,0,0,0,0,0,0
496,2,3,3,3,3,2,2,2,3,3,3,3,2,2,2,3,3,3,3,2,2
497,5,5,5,5,5,5,4,5,5,5,5,5,5,4,5,5,5,5,5,5,4
498,1,1,2,2,1,1,1,1,1,2,2,1,1,1,1,1,2,2,1,1,1
499,2,2,2,2,1,1,1,2,2,2,2,1,1,1,2,2,2,2,1,1,1
500,0,1,1,1,1,1,0,0,1,1,1,1,1,0,0,1,1,1,1,1,0
501,0,0,0,0,0,0,0,0,0,0,0,0,0,0,0,0,0,0,0,0,0
502,0,0,0,0,0,0,0,0,0,0,0,0,0,0,0,0,0,0,0,0,0
503,2,2,3,2,2,2,1,2,2,3,2,2,2,1,2,2,3,2,2,2,1
504,0,0,0,0,0,0,0,0,0,0,0,0,0,0,0,0,0,0,0,0,0
505,0,0,0,0,0,0,0,0,0,0,0,0,0,0,0,0,0,0,0,0,0
506,0,0,0,0,0,0,0,0,0,0,0,0,0,0,0,0,0,0,0,0,0
507,0,0,0,0,0,0,0,0,0,0,0,0,0,0,0,0,0,0,0,0,0
508,0,0,0,0,0,0,0,0,0,0,0,0,0,0,0,0,0,0,0,0,0
509,62,56,67,51,51,48,54,62,56,67,51,51,48,54,62,56,67,51,51,48,54
510,3,4,4,3,2,3,4,3,4,4,3,2,3,4,3,4,4,3,2,3,4
511,0,0,0,0,0,0,0,0,0,0,0,0,0,0,0,0,0,0,0,0,0
512,0,0,0,0,0,0,0,0,0,0,0,0,0,0,0,0,0,0,0,0,0
513,0,0,0,0,0,0,0,0,0,0,0,0,0,0,0,0,0,0,0,0,0
514,0,0,0,0,0,0,0,0,0,0,0,0,0,0,0,0,0,0,0,0,0
515,0,0,0,0,0,0,0,0,0,0,0,0,0,0,0,0,0,0,0,0,0
516,5,5,5,5,4,4,4,5,5,5,5,4,4,4,5,5,5,5,4,4,4
517,18,18,19,16,16,14,16,18,18,19,16,16,14,16,18,18,19,16,16,14,16
518,2,2,2,2,1,2,2,2,2,2,2,1,2,2,2,2,2,2,1,2,2
519,25,28,27,22,19,17,18,25,28,27,22,19,17,18,25,28,27,22,19,17,18
520,39,42,43,44,40,31,33,39,42,43,44,40,31,33,39,42,43,44,40,31,33
521,20,22,23,23,21,18,17,20,22,23,23,21,18,17,20,22,23,23,21,18,17
522,2,3,2,3,1,2,2,2,3,2,3,1,2,2,2,3,2,3,1,2,2
523,6,6,6,7,5,5,5,6,6,6,7,5,5,5,6,6,6,7,5,5,5
524,4,5,5,5,4,3,3,4,5,5,5,4,3,3,4,5,5,5,4,3,3
525,14,16,16,15,10,9,10,14,16,16,15,10,9,10,14,16,16,15,10,9,10
526,0,0,0,0,0,0,0,0,0,0,0,0,0,0,0,0,0,0,0,0,0
527,116,127,130,120,84,91,97,116,127,130,120,84,91,97,116,127,130,120,84,91,97
528,1,1,1,1,1,1,1,1,1,1,1,1,1,1,1,1,1,1,1,1,1
529,0,0,0,0,0,0,0,0,0,0,0,0,0,0,0,0,0,0,0,0,0
530,0,0,0,0,0,1,0,0,0,0,0,0,1,0,0,0,0,0,0,1,0
531,0,0,0,0,0,0,0,0,0,0,0,0,0,0,0,0,0,0,0,0,0
532,0,0,0,0,0,0,0,0,0,0,0,0,0,0,0,0,0,0,0,0,0
533,0,0,0,0,0,0,0,0,0,0,0,0,0,0,0,0,0,0,0,0,0
534,0,0,0,0,0,0,0,0,0,0,0,0,0,0,0,0,0,0,0,0,0
535,0,0,0,0,0,0,0,0,0,0,0,0,0,0,0,0,0,0,0,0,0
536,1,1,0,0,0,0,0,1,1,0,0,0,0,0,1,1,0,0,0,0,0
537,0,0,0,0,0,0,0,0,0,0,0,0,0,0,0,0,0,0,0,0,0
538,0,0,0,0,0,0,0,0,0,0,0,0,0,0,0,0,0,0,0,0,0
539,0,0,0,0,0,0,0,0,0,0,0,0,0,0,0,0,0,0,0,0,0
540,0,0,0,0,0,0,0,0,0,0,0,0,0,0,0,0,0,0,0,0,0
541,116,127,133,122,106,96,97,116,127,133,122,106,96,97,116,127,133,122,106,96,97
542,0,0,0,0,0,0,0,0,0,0,0,0,0,0,0,0,0,0,0,0,0
543,0,0,3,0,0,0,0,0,0,3,0,0,0,0,0,0,3,0,0,0,0
544,0,0,0,0,0,0,0,0,0,0,0,0,0,0,0,0,0,0,0,0,0
545,0,0,0,0,0,0,0,0,0,0,0,0,0,0,0,0,0,0,0,0,0
546,0,0,0,0,0,0,0,0,0,0,0,0,0,0,0,0,0,0,0,0,0
547,0,0,0,0,0,0,0,0,0,0,0,0,0,0,0,0,0,0,0,0,0
548,0,0,0,0,0,0,0,0,0,0,0,0,0,0,0,0,0,0,0,0,0
549,4,4,5,6,7,5,3,4,4,5,6,7,5,3,4,4,5,6,7,5,3
550,0,0,0,0,0,0,0,0,0,0,0,0,0,0,0,0,0,0,0,0,0
551,0,0,0,0,0,0,0,0,0,0,0,0,0,0,0,0,0,0,0,0,0
552,17,20,22,22,18,14,14,17,20,22,22,18,14,14,17,20,22,22,18,14,14
553,2,2,2,1,1,1,1,2,2,2,1,1,1,1,2,2,2,1,1,1,1
554,0,0,0,0,0,0,0,0,0,0,0,0,0,0,0,0,0,0,0,0,0
555,3,3,3,3,2,2,2,3,3,3,3,2,2,2,3,3,3,3,2,2,2
556,0,0,0,0,0,0,0,0,0,0,0,0,0,0,0,0,0,0,0,0,0
557,0,0,0,0,0,0,0,0,0,0,0,0,0,0,0,0,0,0,0,0,0
558,0,0,0,0,0,0,0,0,0,0,0,0,0,0,0,0,0,0,0,0,0
559,0,0,0,0,0,0,0,0,0,0,0,0,0,0,0,0,0,0,0,0,0
560,6,10,11,10,5,3,2,6,10,11,10,5,3,2,6,10,11,10,5,3,2
561,0,0,0,0,0,0,0,0,0,0,0,0,0,0,0,0,0,0,0,0,0
562,7,8,7,9,6,4,5,7,8,7,9,6,4,5,7,8,7,9,6,4,5
563,0,0,0,0,0,0,1,0,0,0,0,0,0,1,0,0,0,0,0,0,1
564,1,0,0,0,0,0,1,1,0,0,0,0,0,1,1,0,0,0,0,0,1
565,0,0,0,0,0,0,0,0,0,0,0,0,0,0,0,0,0,0,0,0,0
566,0,0,0,0,0,0,0,0,0,0,0,0,0,0,0,0,0,0,0,0,0
567,0,0,0,0,1,1,1,0,0,0,0,1,1,1,0,0,0,0,1,1,1
568,1,1,1,1,1,1,1,1,1,1,1,1,1,1,1,1,1,1,1,1,1
569,0,1,1,1,0,0,0,0,1,1,1,0,0,0,0,1,1,1,0,0,0
570,5,4,4,4,4,4,4,5,4,4,4,4,4,4,5,4,4,4,4,4,4
571,1,1,2,2,1,1,1,1,1,2,2,1,1,1,1,1,2,2,1,1,1
572,1,1,1,1,1,1,1,1,1,1,1,1,1,1,1,1,1,1,1,1,1
573,9,10,10,10,9,8,7,9,10,10,10,9,8,7,9,10,10,10,9,8,7
574,0,0,0,0,0,0,0,0,0,0,0,0,0,0,0,0,0,0,0,0,0
575,1,1,1,2,2,1,1,1,1,1,2,2,1,1,1,1,1,2,2,1,1
576,5,6,10,7,6,4,4,5,6,10,7,6,4,4,5,6,10,7,6,4,4
577,17,18,19,19,17,15,14,17,18,19,19,17,15,14,17,18,19,19,17,15,14
578,2,2,2,2,2,2,1,2,2,2,2,2,2,1,2,2,2,2,2,2,1
579,92,94,95,81,83,91,94,92,94,95,81,83,91,94,92,94,95,81,83,91,94
580,97,93,91,81,82,77,79,97,93,91,81,82,77,79,97,93,91,81,82,77,79
581,2,2,2,3,3,2,1,2,2,2,3,3,2,1,2,2,2,3,3,2,1
582,1,1,1,1,1,1,1,1,1,1,1,1,1,1,1,1,1,1,1,1,1
583,0,0,0,0,0,0,0,0,0,0,0,0,0,0,0,0,0,0,0,0,0
584,3,4,3,2,2,2,3,3,4,3,2,2,2,3,3,4,3,2,2,2,3
585,15,16,16,17,17,17,16,15,16,16,17,17,17,16,15,16,16,17,17,17,16
586,3,3,2,3,2,2,2,3,3,2,3,2,2,2,3,3,2,3,2,2,2
587,2,3,3,2,2,2,2,2,3,3,2,2,2,2,2,3,3,2,2,2,2
588,11,11,11,9,8,9,9,11,11,11,9,8,9,9,11,11,11,9,8,9,9
589,1,1,1,1,1,1,1,1,1,1,1,1,1,1,1,1,1,1,1,1,1
590,2,2,2,3,3,2,2,2,2,2,3,3,2,2,2,2,2,3,3,2,2
591,69,77,77,74,63,56,56,69,77,77,74,63,56,56,69,77,77,74,63,56,56
592,0,0,0,0,0,0,0,0,0,0,0,0,0,0,0,0,0,0,0,0,0
593,0,0,0,0,0,0,0,0,0,0,0,0,0,0,0,0,0,0,0,0,0
594,3,3,2,3,2,3,3,3,3,2,3,2,3,3,3,3,2,3,2,3,3
595,1,1,1,1,1,1,1,1,1,1,1,1,1,1,1,1,1,1,1,1,1
596,1,1,1,1,1,1,1,1,1,1,1,1,1,1,1,1,1,1,1,1,1
597,2,2,2,2,1,1,1,2,2,2,2,1,1,1,2,2,2,2,1,1,1
598,1,1,1,1,1,1,1,1,1,1,1,1,1,1,1,1,1,1,1,1,1
599,2,3,2,2,2,3,3,2,3,2,2,2,3,3,2,3,2,2,2,3,3
600,4,4,4,3,3,3,3,4,4,4,3,3,3,3,4,4,4,3,3,3,3
601,5,5,6,6,6,5,5,5,5,6,6,6,5,5,5,5,6,6,6,5,5
602,4,4,3,3,2,3,4,4,4,3,3,2,3,4,4,4,3,3,2,3,4
603,1,1,1,1,1,1,1,1,1,1,1,1,1,1,1,1,1,1,1,1,1
604,0,1,1,1,0,0,0,0,1,1,1,0,0,0,0,1,1,1,0,0,0
605,2,2,3,2,2,2,2,2,2,3,2,2,2,2,2,2,3,2,2,2,2
606,3,3,4,3,3,3,3,3,3,4,3,3,3,3,3,3,4,3,3,3,3
607,3,3,3,3,2,2,2,3,3,3,3,2,2,2,3,3,3,3,2,2,2
608,6,6,6,4,4,6,7,6,6,6,4,4,6,7,6,6,6,4,4,6,7
609,1,1,1,1,1,1,0,1,1,1,1,1,1,0,1,1,1,1,1,1,0
610,2,2,3,2,2,3,2,2,2,3,2,2,3,2,2,2,3,2,2,3,2
611,1,1,1,1,1,1,1,1,1,1,1,1,1,1,1,1,1,1,1,1,1
612,0,0,0,0,0,0,0,0,0,0,0,0,0,0,0,0,0,0,0,0,0
613,0,0,0,0,0,0,0,0,0,0,0,0,0,0,0,0,0,0,0,0,0
614,0,0,0,0,0,0,0,0,0,0,0,0,0,0,0,0,0,0,0,0,0
615,0,0,0,0,0,0,0,0,0,0,0,0,0,0,0,0,0,0,0,0,0
616,0,0,0,0,0,0,0,0,0,0,0,0,0,0,0,0,0,0,0,0,0
617,0,0,0,0,0,0,0,0,0,0,0,0,0,0,0,0,0,0,0,0,0
618,0,0,0,0,0,0,0,0,0,0,0,0,0,0,0,0,0,0,0,0,0
619,0,0,0,0,0,0,0,0,0,0,0,0,0,0,0,0,0,0,0,0,0
620,0,0,0,0,0,0,0,0,0,0,0,0,0,0,0,0,0,0,0,0,0
621,0,0,0,0,0,0,0,0,0,0,0,0,0,0,0,0,0,0,0,0,0
622,0,0,0,0,0,0,0,0,0,0,0,0,0,0,0,0,0,0,0,0,0
623,0,0,0,0,0,0,0,0,0,0,0,0,0,0,0,0,0,0,0,0,0
624,0,0,0,0,0,0,0,0,0,0,0,0,0,0,0,0,0,0,0,0,0
625,0,0,0,0,0,0,0,0,0,0,0,0,0,0,0,0,0,0,0,0,0
626,0,0,0,0,0,0,0,0,0,0,0,0,0,0,0,0,0,0,0,0,0
627,0,0,0,0,0,0,0,0,0,0,0,0,0,0,0,0,0,0,0,0,0
628,0,0,0,0,0,0,0,0,0,0,0,0,0,0,0,0,0,0,0,0,0
629,0,0,0,0,0,0,0,0,0,0,0,0,0,0,0,0,0,0,0,0,0
630,0,0,0,0,0,0,0,0,0,0,0,0,0,0,0,0,0,0,0,0,0
631,0,0,0,0,0,0,0,0,0,0,0,0,0,0,0,0,0,0,0,0,0
632,0,0,0,0,0,0,0,0,0,0,0,0,0,0,0,0,0,0,0,0,0
633,2,2,3,2,2,2,2,2,2,3,2,2,2,2,2,2,3,2,2,2,2
634,0,0,0,0,0,0,0,0,0,0,0,0,0,0,0,0,0,0,0,0,0
635,0,0,0,0,0,0,0,0,0,0,0,0,0,0,0,0,0,0,0,0,0
636,0,0,0,0,0,0,0,0,0,0,0,0,0,0,0,0,0,0,0,0,0
637,5,6,6,5,4,4,5,5,6,6,5,4,4,5,5,6,6,5,4,4,5
638,4,3,4,3,3,2,3,4,3,4,3,3,2,3,4,3,4,3,3,2,3
639,1,1,1,0,1,1,1,1,1,1,0,1,1,1,1,1,1,0,1,1,1
640,0,0,0,0,0,0,0,0,0,0,0,0,0,0,0,0,0,0,0,0,0
641,2,0,0,0,0,0,0,2,0,0,0,0,0,0,2,0,0,0,0,0,0
642,4,4,3,4,4,3,4,4,4,3,4,4,3,4,4,4,3,4,4,3,4
643,21,25,26,24,20,17,17,21,25,26,24,20,17,17,21,25,26,24,20,17,17
644,0,0,0,0,0,0,0,0,0,0,0,0,0,0,0,0,0,0,0,0,0
645,0,0,0,0,0,0,0,0,0,0,0,0,0,0,0,0,0,0,0,0,0
646,0,0,0,0,0,0,0,0,0,0,0,0,0,0,0,0,0,0,0,0,0
647,0,0,0,0,0,0,0,0,0,0,0,0,0,0,0,0,0,0,0,0,0
648,0,0,0,0,0,0,0,0,0,0,0,0,0,0,0,0,0,0,0,0,0
649,0,0,0,0,0,0,0,0,0,0,0,0,0,0,0,0,0,0,0,0,0
650,0,0,0,0,0,0,0,0,0,0,0,0,0,0,0,0,0,0,0,0,0
651,4,5,4,4,3,3,4,4,5,4,4,3,3,4,4,5,4,4,3,3,4
652,0,0,0,0,0,0,0,0,0,0,0,0,0,0,0,0,0,0,0,0,0
653,0,0,0,0,0,0,0,0,0,0,0,0,0,0,0,0,0,0,0,0,0
654,0,0,0,0,0,0,0,0,0,0,0,0,0,0,0,0,0,0,0,0,0
655,0,0,0,0,0,0,0,0,0,0,0,0,0,0,0,0,0,0,0,0,0
656,2,2,2,2,3,3,3,2,2,2,2,3,3,3,2,2,2,2,3,3,3
657,1,3,2,2,2,1,1,1,3,2,2,2,1,1,1,3,2,2,2,1,1
658,0,0,0,0,0,0,0,0,0,0,0,0,0,0,0,0,0,0,0,0,0
659,0,0,0,0,0,0,0,0,0,0,0,0,0,0,0,0,0,0,0,0,0
660,0,0,0,0,0,0,0,0,0,0,0,0,0,0,0,0,0,0,0,0,0
661,1,1,2,2,1,1,1,1,1,2,2,1,1,1,1,1,2,2,1,1,1
662,13,17,17,15,13,11,10,13,17,17,15,13,11,10,13,17,17,15,13,11,10
663,8,11,12,9,8,7,7,8,11,12,9,8,7,7,8,11,12,9,8,7,7
664,8,9,10,9,8,7,7,8,9,10,9,8,7,7,8,9,10,9,8,7,7
665,14,15,15,15,14,13,14,14,15,15,15,14,13,14,14,15,15,15,14,13,14
666,20,21,21,21,19,18,17,20,21,21,21,19,18,17,20,21,21,21,19,18,17
667,5,5,5,4,3,4,4,5,5,5,4,3,4,4,5,5,5,4,3,4,4
668,3,5,5,4,3,2,3,3,5,5,4,3,2,3,3,5,5,4,3,2,3
669,8,7,7,7,5,5,7,8,7,7,7,5,5,7,8,7,7,7,5,5,7
670,1,1,1,1,2,1,1,1,1,1,1,2,1,1,1,1,1,1,2,1,1
671,1,0,1,1,1,0,0,1,0,1,1,1,0,0,1,0,1,1,1,0,0
672,1,1,1,1,1,1,1,1,1,1,1,1,1,1,1,1,1,1,1,1,1
673,0,0,0,0,0,0,0,0,0,0,0,0,0,0,0,0,0,0,0,0,0
674,0,0,0,0,0,0,0,0,0,0,0,0,0,0,0,0,0,0,0,0,0
675,0,0,0,0,0,0,0,0,0,0,0,0,0,0,0,0,0,0,0,0,0
676,1,1,1,1,1,1,1,1,1,1,1,1,1,1,1,1,1,1,1,1,1
677,0,0,0,0,0,0,0,0,0,0,0,0,0,0,0,0,0,0,0,0,0
678,0,0,0,0,0,0,0,0,0,0,0,0,0,0,0,0,0,0,0,0,0
679,0,0,0,0,0,0,0,0,0,0,0,0,0,0,0,0,0,0,0,0,0
680,0,0,0,0,0,0,0,0,0,0,0,0,0,0,0,0,0,0,0,0,0
681,0,0,0,0,0,0,0,0,0,0,0,0,0,0,0,0,0,0,0,0,0
682,0,0,0,0,0,0,0,0,0,0,0,0,0,0,0,0,0,0,0,0,0
683,0,0,0,0,0,0,0,0,0,0,0,0,0,0,0,0,0,0,0,0,0
684,2,2,2,2,1,1,2,2,2,2,2,1,1,2,2,2,2,2,1,1,2
685,0,1,1,1,1,1,0,0,1,1,1,1,1,0,0,1,1,1,1,1,0
686,11,11,12,12,11,11,9,11,11,12,12,11,11,9,11,11,12,12,11,11,9
687,1,2,2,2,2,2,1,1,2,2,2,2,2,1,1,2,2,2,2,2,1
688,1,1,1,1,1,0,0,1,1,1,1,1,0,0,1,1,1,1,1,0,0
689,1,1,0,0,0,0,1,1,1,0,0,0,0,1,1,1,0,0,0,0,1
690,0,0,0,0,0,0,0,0,0,0,0,0,0,0,0,0,0,0,0,0,0
691,0,0,0,0,0,0,0,0,0,0,0,0,0,0,0,0,0,0,0,0,0
692,0,0,0,0,0,0,0,0,0,0,0,0,0,0,0,0,0,0,0,0,0
693,0,0,0,0,0,0,0,0,0,0,0,0,0,0,0,0,0,0,0,0,0
694,0,0,0,0,0,0,0,0,0,0,0,0,0,0,0,0,0,0,0,0,0
695,0,0,0,0,0,0,0,0,0,0,0,0,0,0,0,0,0,0,0,0,0
696,0,0,0,0,0,0,0,0,0,0,0,0,0,0,0,0,0,0,0,0,0
697,1,1,1,1,1,1,1,1,1,1,1,1,1,1,1,1,1,1,1,1,1
698,0,0,0,0,0,0,0,0,0,0,0,0,0,0,0,0,0,0,0,0,0
699,2,2,2,1,1,1,2,2,2,2,1,1,1,2,2,2,2,1,1,1,2
700,0,0,0,0,0,0,0,0,0,0,0,0,0,0,0,0,0,0,0,0,0
701,0,0,0,0,0,0,0,0,0,0,0,0,0,0,0,0,0,0,0,0,0
702,0,0,0,0,0,0,0,0,0,0,0,0,0,0,0,0,0,0,0,0,0
703,0,0,0,0,0,0,0,0,0,0,0,0,0,0,0,0,0,0,0,0,0
704,0,0,0,0,0,0,0,0,0,0,0,0,0,0,0,0,0,0,0,0,0
705,0,0,0,0,0,0,0,0,0,0,0,0,0,0,0,0,0,0,0,0,0
706,0,0,0,0,0,0,0,0,0,0,0,0,0,0,0,0,0,0,0,0,0
707,0,0,0,0,0,0,0,0,0,0,0,0,0,0,0,0,0,0,0,0,0
708,34,32,28,24,20,22,29,34,32,28,24,20,22,29,34,32,28,24,20,22,29
709,15,18,20,16,14,9,10,15,18,20,16,14,9,10,15,18,20,16,14,9,10
710,1,1,1,1,1,1,1,1,1,1,1,1,1,1,1,1,1,1,1,1,1
711,36,40,40,38,33,30,30,36,40,40,38,33,30,30,36,40,40,38,33,30,30
712,4,4,4,4,3,4,3,4,4,4,4,3,4,3,4,4,4,4,3,4,3
713,0,0,0,0,0,0,0,0,0,0,0,0,0,0,0,0,0,0,0,0,0
714,9,11,11,10,9,7,8,9,11,11,10,9,7,8,9,11,11,10,9,7,8
715,4,4,4,4,3,3,3,4,4,4,4,3,3,3,4,4,4,4,3,3,3
716,3,3,4,3,3,2,2,3,3,4,3,3,2,2,3,3,4,3,3,2,2
717,2,3,3,2,2,2,2,2,3,3,2,2,2,2,2,3,3,2,2,2,2
718,1,1,1,0,0,1,1,1,1,1,0,0,1,1,1,1,1,0,0,1,1
719,0,0,0,0,0,0,0,0,0,0,0,0,0,0,0,0,0,0,0,0,0
720,0,0,0,0,0,0,0,0,0,0,0,0,0,0,0,0,0,0,0,0,0
721,3,3,3,2,2,2,3,3,3,3,2,2,2,3,3,3,3,2,2,2,3
722,0,0,0,0,0,0,0,0,0,0,0,0,0,0,0,0,0,0,0,0,0
723,1,1,1,1,1,1,1,1,1,1,1,1,1,1,1,1,1,1,1,1,1
724,0,1,1,1,1,0,0,0,1,1,1,1,0,0,0,1,1,1,1,0,0
725,2,2,2,1,1,1,1,2,2,2,1,1,1,1,2,2,2,1,1,1,1
726,0,0,0,0,0,0,0,0,0,0,0,0,0,0,0,0,0,0,0,0,0
727,1,1,2,2,2,1,1,1,1,2,2,2,1,1,1,1,2,2,2,1,1
728,0,0,0,0,0,0,0,0,0,0,0,0,0,0,0,0,0,0,0,0,0
729,0,1,1,1,1,1,0,0,1,1,1,1,1,0,0,1,1,1,1,1,0
730,0,0,0,0,0,0,0,0,0,0,0,0,0,0,0,0,0,0,0,0,0
731,0,0,0,0,0,0,0,0,0,0,0,0,0,0,0,0,0,0,0,0,0
732,4,4,4,4,4,3,3,4,4,4,4,4,3,3,4,4,4,4,4,3,3
733,16,17,16,14,14,13,13,16,17,16,14,14,13,13,16,17,16,14,14,13,13
734,115,126,130,121,106,82,84,115,126,130,121,106,82,84,115,126,130,121,106,82,84
735,19,22,23,23,22,17,15,19,22,23,23,22,17,15,19,22,23,23,22,17,15
736,4,4,5,4,4,3,3,4,4,5,4,4,3,3,4,4,5,4,4,3,3
737,0,0,0,0,0,0,0,0,0,0,0,0,0,0,0,0,0,0,0,0,0
738,0,0,0,0,0,0,0,0,0,0,0,0,0,0,0,0,0,0,0,0,0
739,0,0,0,0,0,0,0,0,0,0,0,0,0,0,0,0,0,0,0,0,0
740,1,1,1,1,1,1,1,1,1,1,1,1,1,1,1,1,1,1,1,1,1
741,4,4,5,4,4,4,3,4,4,5,4,4,4,3,4,4,5,4,4,4,3
742,1,1,1,1,1,1,1,1,1,1,1,1,1,1,1,1,1,1,1,1,1
743,0,0,0,0,0,0,0,0,0,0,0,0,0,0,0,0,0,0,0,0,0
744,15,14,15,14,12,12,12,15,14,15,14,12,12,12,15,14,15,14,12,12,12
745,6,6,6,8,8,7,6,6,6,6,8,8,7,6,6,6,6,8,8,7,6
746,4,5,6,6,5,4,4,4,5,6,6,5,4,4,4,5,6,6,5,4,4
747,0,0,0,0,0,0,0,0,0,0,0,0,0,0,0,0,0,0,0,0,0
748,0,0,1,0,0,0,0,0,0,1,0,0,0,0,0,0,1,0,0,0,0
749,0,0,0,0,0,0,0,0,0,0,0,0,0,0,0,0,0,0,0,0,0
750,0,0,0,0,0,0,0,0,0,0,0,0,0,0,0,0,0,0,0,0,0
751,0,0,0,0,0,0,0,0,0,0,0,0,0,0,0,0,0,0,0,0,0
752,2,2,1,1,1,2,2,2,2,1,1,1,2,2,2,2,1,1,1,2,2
753,0,0,0,0,0,0,0,0,0,0,0,0,0,0,0,0,0,0,0,0,0
754,0,0,0,0,0,0,0,0,0,0,0,0,0,0,0,0,0,0,0,0,0
755,0,0,0,0,0,0,0,0,0,0,0,0,0,0,0,0,0,0,0,0,0
756,0,0,0,0,0,0,0,0,0,0,0,0,0,0,0,0,0,0,0,0,0
757,56,57,55,37,26,32,37,56,57,55,37,26,32,37,56,57,55,37,26,32,37
758,4,4,4,4,4,3,3,4,4,4,4,4,3,3,4,4,4,4,4,3,3
759,4,4,4,3,2,3,4,4,4,4,3,2,3,4,4,4,4,3,2,3,4
760,57,67,64,57,49,45,46,57,67,64,57,49,45,46,57,67,64,57,49,45,46
761,31,36,39,35,29,26,26,31,36,39,35,29,26,26,31,36,39,35,29,26,26
762,0,0,0,0,0,0,0,0,0,0,0,0,0,0,0,0,0,0,0,0,0
763,3,6,8,8,7,7,4,3,6,8,8,7,7,4,3,6,8,8,7,7,4
764,1,1,1,1,1,1,1,1,1,1,1,1,1,1,1,1,1,1,1,1,1
765,4,9,10,9,7,6,4,4,9,10,9,7,6,4,4,9,10,9,7,6,4
766,1,4,5,4,4,4,4,1,4,5,4,4,4,4,1,4,5,4,4,4,4
767,0,0,0,0,0,0,0,0,0,0,0,0,0,0,0,0,0,0,0,0,0
768,1,0,1,1,1,1,0,1,0,1,1,1,1,0,1,0,1,1,1,1,0
769,2,3,2,3,3,3,2,2,3,2,3,3,3,2,2,3,2,3,3,3,2
770,16,18,18,17,15,14,13,16,18,18,17,15,14,13,16,18,18,17,15,14,13
771,0,0,0,0,0,0,0,0,0,0,0,0,0,0,0,0,0,0,0,0,0
772,1,1,1,2,2,1,1,1,1,1,2,2,1,1,1,1,1,2,2,1,1
773,0,0,0,0,0,0,0,0,0,0,0,0,0,0,0,0,0,0,0,0,0
774,1,1,1,1,1,1,1,1,1,1,1,1,1,1,1,1,1,1,1,1,1
775,1,1,1,0,0,1,1,1,1,1,0,0,1,1,1,1,1,0,0,1,1
776,0,0,0,0,0,0,0,0,0,0,0,0,0,0,0,0,0,0,0,0,0
777,1,1,1,0,0,0,0,1,1,1,0,0,0,0,1,1,1,0,0,0,0
778,15,17,16,16,14,14,14,15,17,16,16,14,14,14,15,17,16,16,14,14,14
779,0,0,0,0,0,0,0,0,0,0,0,0,0,0,0,0,0,0,0,0,0
780,4,4,4,3,3,2,3,4,4,4,3,3,2,3,4,4,4,3,3,2,3
781,27,28,27,27,26,22,23,27,28,27,27,26,22,23,27,28,27,27,26,22,23
782,1,0,0,0,0,1,1,1,0,0,0,0,1,1,1,0,0,0,0,1,1
783,1,1,1,1,1,1,1,1,1,1,1,1,1,1,1,1,1,1,1,1,1
784,1,2,2,2,2,1,1,1,2,2,2,2,1,1,1,2,2,2,2,1,1
785,1,1,0,0,0,0,0,1,1,0,0,0,0,0,1,1,0,0,0,0,0
786,0,0,0,0,0,0,0,0,0,0,0,0,0,0,0,0,0,0,0,0,0
787,3,4,4,3,3,3,3,3,4,4,3,3,3,3,3,4,4,3,3,3,3
788,21,27,28,25,23,18,17,21,27,28,25,23,18,17,21,27,28,25,23,18,17
789,52,59,60,55,47,42,42,52,59,60,55,47,42,42,52,59,60,55,47,42,42
790,5,5,6,5,4,3,3,5,5,6,5,4,3,3,5,5,6,5,4,3,3
791,2,3,2,1,1,2,2,2,3,2,1,1,2,2,2,3,2,1,1,2,2
792,0,0,0,0,0,0,0,0,0,0,0,0,0,0,0,0,0,0,0,0,0
793,0,0,0,0,0,0,0,0,0,0,0,0,0,0,0,0,0,0,0,0,0
794,0,0,0,0,0,0,0,0,0,0,0,0,0,0,0,0,0,0,0,0,0
795,0,0,0,0,0,0,0,0,0,0,0,0,0,0,0,0,0,0,0,0,0
796,0,0,0,0,0,0,0,0,0,0,0,0,0,0,0,0,0,0,0,0,0
797,0,0,0,0,0,0,0,0,0,0,0,0,0,0,0,0,0,0,0,0,0
798,0,0,0,0,0,0,0,0,0,0,0,0,0,0,0,0,0,0,0,0,0
799,17,22,20,15,12,9,10,17,22,20,15,12,9,10,17,22,20,15,12,9,10
800,23,24,24,22,21,20,21,23,24,24,22,21,20,21,23,24,24,22,21,20,21
801,2,2,2,2,2,2,2,2,2,2,2,2,2,2,2,2,2,2,2,2,2
802,0,0,0,0,0,1,0,0,0,0,0,0,1,0,0,0,0,0,0,1,0
803,0,0,0,0,0,0,0,0,0,0,0,0,0,0,0,0,0,0,0,0,0
804,0,0,0,0,0,1,0,0,0,0,0,0,1,0,0,0,0,0,0,1,0
805,4,5,5,5,4,3,3,4,5,5,5,4,3,3,4,5,5,5,4,3,3
806,4,5,4,4,3,3,3,4,5,4,4,3,3,3,4,5,4,4,3,3,3
807,5,6,6,6,6,5,4,5,6,6,6,6,5,4,5,6,6,6,6,5,4
808,7,8,9,7,6,5,6,7,8,9,7,6,5,6,7,8,9,7,6,5,6
809,2,2,3,2,2,2,2,2,2,3,2,2,2,2,2,2,3,2,2,2,2
810,2,2,2,3,2,2,1,2,2,2,3,2,2,1,2,2,2,3,2,2,1
811,1,1,1,1,1,1,1,1,1,1,1,1,1,1,1,1,1,1,1,1,1
812,20,22,21,19,18,16,15,20,22,21,19,18,16,15,20,22,21,19,18,16,15
813,12,12,12,9,9,8,10,12,12,12,9,9,8,10,12,12,12,9,9,8,10
814,5,5,5,5,4,4,4,5,5,5,5,4,4,4,5,5,5,5,4,4,4
815,16,17,15,13,10,11,12,16,17,15,13,10,11,12,16,17,15,13,10,11,12
816,0,0,0,0,0,0,0,0,0,0,0,0,0,0,0,0,0,0,0,0,0
817,4,4,3,3,2,3,3,4,4,3,3,2,3,3,4,4,3,3,2,3,3
818,4,4,5,4,4,4,3,4,4,5,4,4,4,3,4,4,5,4,4,4,3
819,0,0,0,0,0,0,0,0,0,0,0,0,0,0,0,0,0,0,0,0,0
820,2,2,1,1,1,1,2,2,2,1,1,1,1,2,2,2,1,1,1,1,2
821,0,0,0,0,0,0,0,0,0,0,0,0,0,0,0,0,0,0,0,0,0
822,0,0,0,0,0,0,0,0,0,0,0,0,0,0,0,0,0,0,0,0,0
823,0,0,0,0,0,0,0,0,0,0,0,0,0,0,0,0,0,0,0,0,0
824,116,127,133,122,106,96,97,116,127,133,122,106,96,97,116,127,133,122,106,96,97
825,0,0,0,0,0,0,0,0,0,0,0,0,0,0,0,0,0,0,0,0,0
826,0,0,0,0,0,0,0,0,0,0,0,0,0,0,0,0,0,0,0,0,0
827,0,0,0,0,0,0,0,0,0,0,0,0,0,0,0,0,0,0,0,0,0
828,0,0,0,1,0,0,0,0,0,0,1,0,0,0,0,0,0,1,0,0,0
829,1,1,1,0,1,1,1,1,1,1,0,1,1,1,1,1,1,0,1,1,1
830,3,4,4,3,3,3,3,3,4,4,3,3,3,3,3,4,4,3,3,3,3
831,29,32,31,29,26,23,24,29,32,31,29,26,23,24,29,32,31,29,26,23,24
832,0,0,0,0,0,0,0,0,0,0,0,0,0,0,0,0,0,0,0,0,0
833,2,2,2,2,2,1,2,2,2,2,2,2,1,2,2,2,2,2,2,1,2
834,0,0,0,0,0,0,0,0,0,0,0,0,0,0,0,0,0,0,0,0,0
835,0,0,0,0,0,0,0,0,0,0,0,0,0,0,0,0,0,0,0,0,0
836,7,7,7,5,4,5,5,7,7,7,5,4,5,5,7,7,7,5,4,5,5
837,1,1,1,1,1,1,1,1,1,1,1,1,1,1,1,1,1,1,1,1,1
838,5,6,7,6,5,4,3,5,6,7,6,5,4,3,5,6,7,6,5,4,3
839,2,4,5,4,3,2,2,2,4,5,4,3,2,2,2,4,5,4,3,2,2
840,3,3,4,4,2,2,2,3,3,4,4,2,2,2,3,3,4,4,2,2,2
841,2,2,2,1,2,2,2,2,2,2,1,2,2,2,2,2,2,1,2,2,2
842,0,0,0,0,0,0,0,0,0,0,0,0,0,0,0,0,0,0,0,0,0
843,0,0,0,0,0,0,0,0,0,0,0,0,0,0,0,0,0,0,0,0,0
844,0,0,0,0,0,0,0,0,0,0,0,0,0,0,0,0,0,0,0,0,0
845,89,110,121,98,98,74,71,89,110,121,98,98,74,71,89,110,121,98,98,74,71
846,7,7,7,7,6,5,5,7,7,7,7,6,5,5,7,7,7,7,6,5,5
847,116,127,133,122,106,96,97,116,127,133,122,106,96,97,116,127,133,122,106,96,97
848,116,127,133,122,106,96,97,116,127,133,122,106,96,97,116,127,133,122,106,96,97
849,17,18,17,16,13,13,13,17,18,17,16,13,13,13,17,18,17,16,13,13,13
850,57,56,58,49,42,35,41,57,56,58,49,42,35,41,57,56,58,49,42,35,41
851,48,50,48,42,37,32,35,48,50,48,42,37,32,35,48,50,48,42,37,32,35
852,97,97,95,83,73,63,74,97,97,95,83,73,63,74,97,97,95,83,73,63,74
853,6,6,7,5,4,5,5,6,6,7,5,4,5,5,6,6,7,5,4,5,5
854,85,97,99,81,69,58,64,85,97,99,81,69,58,64,85,97,99,81,69,58,64
855,15,17,15,12,10,11,12,15,17,15,12,10,11,12,15,17,15,12,10,11,12
856,53,58,55,43,43,40,44,53,58,55,43,43,40,44,53,58,55,43,43,40,44
857,36,38,36,32,29,25,28,36,38,36,32,29,25,28,36,38,36,32,29,25,28
858,19,22,20,17,15,14,15,19,22,20,17,15,14,15,19,22,20,17,15,14,15
859,14,14,15,12,11,9,10,14,14,15,12,11,9,10,14,14,15,12,11,9,10
860,7,9,9,6,5,5,6,7,9,9,6,5,5,6,7,9,9,6,5,5,6
861,116,126,127,84,77,88,94,116,126,127,84,77,88,94,116,126,127,84,77,88,94
862,116,127,133,122,106,96,97,116,127,133,122,106,96,97,116,127,133,122,106,96,97
863,116,127,133,122,106,96,97,116,127,133,122,106,96,97,116,127,133,122,106,96,97
864,85,97,99,88,81,79,67,85,97,99,88,81,79,67,85,97,99,88,81,79,67
865,28,29,32,27,23,20,20,28,29,32,27,23,20,20,28,29,32,27,23,20,20
866,116,127,133,122,106,96,97,116,127,133,122,106,96,97,116,127,133,122,106,96,97
867,33,36,40,37,32,24,23,33,36,40,37,32,24,23,33,36,40,37,32,24,23
868,50,59,61,51,45,33,37,50,59,61,51,45,33,37,50,59,61,51,45,33,37
869,20,23,30,27,23,19,19,20,23,30,27,23,19,19,20,23,30,27,23,19,19
870,1,2,2,1,1,2,1,1,2,2,1,1,2,1,1,2,2,1,1,2,1
871,14,20,26,27,22,16,10,14,20,26,27,22,16,10,14,20,26,27,22,16,10
872,18,19,21,19,18,13,13,18,19,21,19,18,13,13,18,19,21,19,18,13,13
873,33,39,36,18,15,13,22,33,39,36,18,15,13,22,33,39,36,18,15,13,22
874,56,61,68,59,54,45,44,56,61,68,59,54,45,44,56,61,68,59,54,45,44
875,4,5,5,4,4,3,3,4,5,5,4,4,3,3,4,5,5,4,4,3,3
876,38,41,38,37,34,31,33,38,41,38,37,34,31,33,38,41,38,37,34,31,33
877,0,0,0,0,0,0,0,0,0,0,0,0,0,0,0,0,0,0,0,0,0
878,29,30,33,31,28,21,24,29,30,33,31,28,21,24,29,30,33,31,28,21,24
879,0,0,0,3,4,4,9,0,0,0,3,4,4,9,0,0,0,3,4,4,9
880,3,3,3,4,4,3,3,3,3,3,4,4,3,3,3,3,3,4,4,3,3
881,1,1,1,1,1,1,1,1,1,1,1,1,1,1,1,1,1,1,1,1,1
882,0,0,0,0,0,0,0,0,0,0,0,0,0,0,0,0,0,0,0,0,0
883,0,0,0,0,0,0,0,0,0,0,0,0,0,0,0,0,0,0,0,0,0
884,14,14,15,12,11,10,10,14,14,15,12,11,10,10,14,14,15,12,11,10,10
885,0,0,0,0,0,0,0,0,0,0,0,0,0,0,0,0,0,0,0,0,0
886,0,0,0,0,0,0,0,0,0,0,0,0,0,0,0,0,0,0,0,0,0
887,0,0,0,0,0,0,0,0,0,0,0,0,0,0,0,0,0,0,0,0,0
888,0,0,0,0,0,0,0,0,0,0,0,0,0,0,0,0,0,0,0,0,0
889,2,2,2,2,2,2,2,2,2,2,2,2,2,2,2,2,2,2,2,2,2
890,0,0,0,0,0,0,0,0,0,0,0,0,0,0,0,0,0,0,0,0,0
891,0,0,0,0,0,0,0,0,0,0,0,0,0,0,0,0,0,0,0,0,0
892,0,0,0,0,0,0,0,0,0,0,0,0,0,0,0,0,0,0,0,0,0
893,0,0,0,0,0,0,0,0,0,0,0,0,0,0,0,0,0,0,0,0,0
894,0,0,0,0,0,0,0,0,0,0,0,0,0,0,0,0,0,0,0,0,0
895,5,3,3,2,1,2,2,5,3,3,2,1,2,2,5,3,3,2,1,2,2
896,12,11,11,10,9,7,7,12,11,11,10,9,7,7,12,11,11,10,9,7,7
897,0,0,0,0,0,0,0,0,0,0,0,0,0,0,0,0,0,0,0,0,0
898,56,59,59,56,52,45,46,56,59,59,56,52,45,46,56,59,59,56,52,45,46
899,35,38,37,34,30,26,28,35,38,37,34,30,26,28,35,38,37,34,30,26,28
900,37,42,41,39,37,28,24,37,42,41,39,37,28,24,37,42,41,39,37,28,24
901,4,4,4,4,4,3,3,4,4,4,4,4,3,3,4,4,4,4,4,3,3
902,116,127,133,122,106,96,97,116,127,133,122,106,96,97,116,127,133,122,106,96,97
903,4,4,5,5,5,3,2,4,4,5,5,5,3,2,4,4,5,5,5,3,2
904,30,31,28,23,24,21,19,30,31,28,23,24,21,19,30,31,28,23,24,21,19
905,4,5,5,4,4,3,4,4,5,5,4,4,3,4,4,5,5,4,4,3,4
906,27,30,32,33,28,23,23,27,30,32,33,28,23,23,27,30,32,33,28,23,23
907,5,5,6,6,6,5,5,5,5,6,6,6,5,5,5,5,6,6,6,5,5
908,6,6,7,8,6,6,5,6,6,7,8,6,6,5,6,6,7,8,6,6,5
909,1,1,2,2,2,1,1,1,1,2,2,2,1,1,1,1,2,2,2,1,1
910,24,27,31,31,28,19,8,24,27,31,31,28,19,8,24,27,31,31,28,19,8
911,115,127,133,122,106,96,97,115,127,133,122,106,96,97,115,127,133,122,106,96,97
912,2,2,2,1,1,1,1,2,2,2,1,1,1,1,2,2,2,1,1,1,1
913,9,10,9,6,6,9,7,9,10,9,6,6,9,7,9,10,9,6,6,9,7
914,2,3,6,5,4,3,2,2,3,6,5,4,3,2,2,3,6,5,4,3,2
915,1,1,1,2,2,2,1,1,1,1,2,2,2,1,1,1,1,2,2,2,1
916,0,0,0,0,0,0,0,0,0,0,0,0,0,0,0,0,0,0,0,0,0
917,0,0,0,0,0,0,0,0,0,0,0,0,0,0,0,0,0,0,0,0,0
918,0,0,0,0,0,0,0,0,0,0,0,0,0,0,0,0,0,0,0,0,0
919,0,0,0,0,0,0,0,0,0,0,0,0,0,0,0,0,0,0,0,0,0
920,1,1,1,0,0,0,1,1,1,1,0,0,0,1,1,1,1,0,0,0,1
921,1,1,1,1,1,1,1,1,1,1,1,1,1,1,1,1,1,1,1,1,1
922,1,0,1,1,1,1,1,1,0,1,1,1,1,1,1,0,1,1,1,1,1
923,0,0,0,0,0,0,0,0,0,0,0,0,0,0,0,0,0,0,0,0,0
924,0,0,0,0,0,0,0,0,0,0,0,0,0,0,0,0,0,0,0,0,0
925,7,8,8,8,7,7,7,7,8,8,8,7,7,7,7,8,8,8,7,7,7
926,10,11,10,10,10,8,8,10,11,10,10,10,8,8,10,11,10,10,10,8,8
927,4,4,7,4,3,3,4,4,4,7,4,3,3,4,4,4,7,4,3,3,4
928,12,15,15,14,13,11,10,12,15,15,14,13,11,10,12,15,15,14,13,11,10
929,8,9,9,8,8,7,7,8,9,9,8,8,7,7,8,9,9,8,8,7,7
930,24,26,29,27,25,22,20,24,26,29,27,25,22,20,24,26,29,27,25,22,20
931,7,11,11,10,10,7,7,7,11,11,10,10,7,7,7,11,11,10,10,7,7
932,4,4,6,6,6,4,3,4,4,6,6,6,4,3,4,4,6,6,6,4,3
933,20,23,23,26,23,18,15,20,23,23,26,23,18,15,20,23,23,26,23,18,15
934,1,1,1,1,1,1,1,1,1,1,1,1,1,1,1,1,1,1,1,1,1
935,11,13,15,15,14,11,10,11,13,15,15,14,11,10,11,13,15,15,14,11,10
936,4,4,4,4,4,3,3,4,4,4,4,4,3,3,4,4,4,4,4,3,3
937,1,1,1,1,1,1,1,1,1,1,1,1,1,1,1,1,1,1,1,1,1
938,3,4,3,3,3,3,3,3,4,3,3,3,3,3,3,4,3,3,3,3,3
939,44,48,49,47,42,41,38,44,48,49,47,42,41,38,44,48,49,47,42,41,38
940,0,0,0,0,0,0,0,0,0,0,0,0,0,0,0,0,0,0,0,0,0
941,2,2,2,3,2,2,2,2,2,2,3,2,2,2,2,2,2,3,2,2,2
942,6,7,7,7,6,5,5,6,7,7,7,6,5,5,6,7,7,7,6,5,5
943,4,4,4,3,3,3,3,4,4,4,3,3,3,3,4,4,4,3,3,3,3
944,1,1,1,1,1,1,1,1,1,1,1,1,1,1,1,1,1,1,1,1,1
945,2,3,3,3,2,3,2,2,3,3,3,2,3,2,2,3,3,3,2,3,2
946,1,0,0,0,0,0,0,1,0,0,0,0,0,0,1,0,0,0,0,0,0
947,0,1,1,1,0,0,0,0,1,1,1,0,0,0,0,1,1,1,0,0,0
948,4,5,4,4,3,3,3,4,5,4,4,3,3,3,4,5,4,4,3,3,3
949,0,0,0,0,0,0,0,0,0,0,0,0,0,0,0,0,0,0,0,0,0
950,0,0,1,1,1,0,0,0,0,1,1,1,0,0,0,0,1,1,1,0,0
951,5,5,5,5,5,5,5,5,5,5,5,5,5,5,5,5,5,5,5,5,5
952,1,1,1,1,1,1,1,1,1,1,1,1,1,1,1,1,1,1,1,1,1
953,0,0,0,0,0,0,0,0,0,0,0,0,0,0,0,0,0,0,0,0,0
954,0,0,0,0,0,0,0,0,0,0,0,0,0,0,0,0,0,0,0,0,0
955,1,1,1,0,0,0,0,1,1,1,0,0,0,0,1,1,1,0,0,0,0
956,0,0,0,0,0,0,0,0,0,0,0,0,0,0,0,0,0,0,0,0,0
957,0,0,0,0,0,0,0,0,0,0,0,0,0,0,0,0,0,0,0,0,0
958,1,2,2,1,1,1,0,1,2,2,1,1,1,0,1,2,2,1,1,1,0
959,0,0,0,0,0,0,0,0,0,0,0,0,0,0,0,0,0,0,0,0,0
960,0,0,0,0,0,0,0,0,0,0,0,0,0,0,0,0,0,0,0,0,0
961,0,0,0,0,0,0,0,0,0,0,0,0,0,0,0,0,0,0,0,0,0
962,0,0,0,0,0,0,0,0,0,0,0,0,0,0,0,0,0,0,0,0,0
963,5,5,4,5,4,4,4,5,5,4,5,4,4,4,5,5,4,5,4,4,4
964,9,11,13,14,12,10,7,9,11,13,14,12,10,7,9,11,13,14,12,10,7
965,0,0,0,0,0,0,0,0,0,0,0,0,0,0,0,0,0,0,0,0,0
966,2,2,2,2,2,2,2,2,2,2,2,2,2,2,2,2,2,2,2,2,2
967,93,108,113,89,79,63,59,93,108,113,89,79,63,59,93,108,113,89,79,63,59
968,3,4,3,2,2,2,2,3,4,3,2,2,2,2,3,4,3,2,2,2,2
969,2,1,2,2,2,1,1,2,1,2,2,2,1,1,2,1,2,2,2,1,1
970,0,0,0,1,0,0,0,0,0,0,1,0,0,0,0,0,0,1,0,0,0
971,1,0,1,1,1,0,0,1,0,1,1,1,0,0,1,0,1,1,1,0,0
972,0,0,0,0,0,0,0,0,0,0,0,0,0,0,0,0,0,0,0,0,0
973,8,9,9,8,7,6,6,8,9,9,8,7,6,6,8,9,9,8,7,6,6
974,1,1,1,1,1,1,1,1,1,1,1,1,1,1,1,1,1,1,1,1,1
975,1,1,1,0,0,0,0,1,1,1,0,0,0,0,1,1,1,0,0,0,0
976,3,3,3,3,3,2,2,3,3,3,3,3,2,2,3,3,3,3,3,2,2
977,0,1,1,1,1,0,0,0,1,1,1,1,0,0,0,1,1,1,1,0,0
978,12,14,14,14,12,10,9,12,14,14,14,12,10,9,12,14,14,14,12,10,9
979,1,1,1,1,1,1,1,1,1,1,1,1,1,1,1,1,1,1,1,1,1
980,1,1,1,1,1,0,0,1,1,1,1,1,0,0,1,1,1,1,1,0,0
981,1,1,1,1,1,1,1,1,1,1,1,1,1,1,1,1,1,1,1,1,1
982,2,2,2,2,2,1,2,2,2,2,2,2,1,2,2,2,2,2,2,1,2
983,1,1,1,1,1,1,1,1,1,1,1,1,1,1,1,1,1,1,1,1,1
984,0,0,0,0,0,0,0,0,0,0,0,0,0,0,0,0,0,0,0,0,0
985,1,1,1,1,1,1,1,1,1,1,1,1,1,1,1,1,1,1,1,1,1
986,2,2,1,1,1,1,1,2,2,1,1,1,1,1,2,2,1,1,1,1,1
987,2,3,3,3,2,2,1,2,3,3,3,2,2,1,2,3,3,3,2,2,1
988,11,13,14,12,11,9,8,11,13,14,12,11,9,8,11,13,14,12,11,9,8
989,4,5,5,4,4,3,4,4,5,5,4,4,3,4,4,5,5,4,4,3,4
990,5,8,9,7,5,3,3,5,8,9,7,5,3,3,5,8,9,7,5,3,3
991,114,86,105,121,106,96,95,114,86,105,121,106,96,95,114,86,105,121,106,96,95
992,4,5,5,5,3,3,2,4,5,5,5,3,3,2,4,5,5,5,3,3,2
993,24,28,30,30,26,21,19,24,28,30,30,26,21,19,24,28,30,30,26,21,19
994,3,4,5,5,4,3,2,3,4,5,5,4,3,2,3,4,5,5,4,3,2
995,14,17,17,15,11,10,11,14,17,17,15,11,10,11,14,17,17,15,11,10,11
996,0,0,0,0,0,0,0,0,0,0,0,0,0,0,0,0,0,0,0,0,0
997,23,22,22,20,18,17,18,23,22,22,20,18,17,18,23,22,22,20,18,17,18
998,6,6,7,7,7,6,5,6,6,7,7,7,6,5,6,6,7,7,7,6,5
999,3,3,5,4,4,4,3,3,3,5,4,4,4,3,3,3,5,4,4,4,3
1000,2,2,2,2,2,2,2,2,2,2,2,2,2,2,2,2,2,2,2,2,2
1001,15,21,22,21,17,13,13,15,21,22,21,17,13,13,15,21,22,21,17,13,13
1002,0,0,0,1,1,0,0,0,0,0,1,1,0,0,0,0,0,1,1,0,0
1003,7,8,7,7,6,5,5,7,8,7,7,6,5,5,7,8,7,7,6,5,5
1004,20,20,20,19,18,17,15,20,20,20,19,18,17,15,20,20,20,19,18,17,15
1005,1,1,1,1,0,0,0,1,1,1,1,0,0,0,1,1,1,1,0,0,0
1006,4,4,4,4,4,3,3,4,4,4,4,4,3,3,4,4,4,4,4,3,3
1007,1,2,2,2,2,1,1,1,2,2,2,2,1,1,1,2,2,2,2,1,1
1008,16,23,27,41,30,20,16,16,23,27,41,30,20,16,16,23,27,41,30,20,16
1009,99,105,122,108,99,80,83,99,105,122,108,99,80,83,99,105,122,108,99,80,83
1010,2,1,1,0,0,1,2,2,1,1,0,0,1,2,2,1,1,0,0,1,2
1011,1,1,1,1,1,1,1,1,1,1,1,1,1,1,1,1,1,1,1,1,1
1012,10,10,11,10,9,9,8,10,10,11,10,9,9,8,10,10,11,10,9,9,8
1013,15,17,19,17,14,12,12,15,17,19,17,14,12,12,15,17,19,17,14,12,12
1014,14,14,14,13,11,11,12,14,14,14,13,11,11,12,14,14,14,13,11,11,12
1015,3,3,3,2,2,2,2,3,3,3,2,2,2,2,3,3,3,2,2,2,2
1016,17,18,16,13,11,9,10,17,18,16,13,11,9,10,17,18,16,13,11,9,10
1017,0,0,0,0,0,0,0,0,0,0,0,0,0,0,0,0,0,0,0,0,0
1018,1,1,1,1,1,1,0,1,1,1,1,1,1,0,1,1,1,1,1,1,0
1019,14,17,19,17,13,10,10,14,17,19,17,13,10,10,14,17,19,17,13,10,10
1020,0,1,1,1,1,1,1,0,1,1,1,1,1,1,0,1,1,1,1,1,1
1021,4,5,4,4,4,3,3,4,5,4,4,4,3,3,4,5,4,4,4,3,3
1022,2,3,3,3,2,2,2,2,3,3,3,2,2,2,2,3,3,3,2,2,2
1023,6,6,6,6,5,5,5,6,6,6,6,5,5,5,6,6,6,6,5,5,5
1024,10,12,11,11,10,8,7,10,12,11,11,10,8,7,10,12,11,11,10,8,7
1025,0,0,0,0,0,0,0,0,0,0,0,0,0,0,0,0,0,0,0,0,0
1026,0,0,0,0,0,0,0,0,0,0,0,0,0,0,0,0,0,0,0,0,0
1027,11,13,14,14,11,9,8,11,13,14,14,11,9,8,11,13,14,14,11,9,8
1028,4,5,5,6,5,5,4,4,5,5,6,5,5,4,4,5,5,6,5,5,4
1029,0,0,0,0,0,0,0,0,0,0,0,0,0,0,0,0,0,0,0,0,0
1030,1,1,1,1,1,1,1,1,1,1,1,1,1,1,1,1,1,1,1,1,1
1031,1,1,1,1,1,0,0,1,1,1,1,1,0,0,1,1,1,1,1,0,0
1032,4,4,5,4,4,3,3,4,4,5,4,4,3,3,4,4,5,4,4,3,3
1033,2,2,1,1,1,1,1,2,2,1,1,1,1,1,2,2,1,1,1,1,1
1034,1,2,2,2,1,1,1,1,2,2,2,1,1,1,1,2,2,2,1,1,1
1035,3,3,3,3,2,1,2,3,3,3,3,2,1,2,3,3,3,3,2,1,2
1036,0,0,0,0,0,0,0,0,0,0,0,0,0,0,0,0,0,0,0,0,0
1037,2,2,2,2,2,1,1,2,2,2,2,2,1,1,2,2,2,2,2,1,1
1038,0,0,0,0,0,0,0,0,0,0,0,0,0,0,0,0,0,0,0,0,0
1039,0,0,0,0,0,0,0,0,0,0,0,0,0,0,0,0,0,0,0,0,0
1040,12,15,14,13,11,9,9,12,15,14,13,11,9,9,12,15,14,13,11,9,9
1041,15,13,15,17,17,16,13,15,13,15,17,17,16,13,15,13,15,17,17,16,13
1042,8,8,8,14,12,9,8,8,8,8,14,12,9,8,8,8,8,14,12,9,8
1043,9,10,10,10,8,7,7,9,10,10,10,8,7,7,9,10,10,10,8,7,7
1044,2,2,2,2,2,1,1,2,2,2,2,2,1,1,2,2,2,2,2,1,1
1045,1,2,2,2,1,1,1,1,2,2,2,1,1,1,1,2,2,2,1,1,1
1046,116,127,133,122,106,96,97,116,127,133,122,106,96,97,116,127,133,122,106,96,97
1047,3,4,4,3,3,2,2,3,4,4,3,3,2,2,3,4,4,3,3,2,2
1048,1,1,1,1,1,1,0,1,1,1,1,1,1,0,1,1,1,1,1,1,0
1049,21,29,27,25,14,8,14,21,29,27,25,14,8,14,21,29,27,25,14,8,14
1050,31,31,32,26,23,25,27,31,31,32,26,23,25,27,31,31,32,26,23,25,27
1051,0,0,0,0,0,0,0,0,0,0,0,0,0,0,0,0,0,0,0,0,0
1052,0,0,0,0,0,0,0,0,0,0,0,0,0,0,0,0,0,0,0,0,0
1053,0,0,0,0,0,0,0,0,0,0,0,0,0,0,0,0,0,0,0,0,0
1054,0,0,0,0,0,1,1,0,0,0,0,0,1,1,0,0,0,0,0,1,1
1055,1,0,0,0,1,1,1,1,0,0,0,1,1,1,1,0,0,0,1,1,1
1056,1,1,1,1,1,1,1,1,1,1,1,1,1,1,1,1,1,1,1,1,1
1057,1,1,1,1,0,0,0,1,1,1,1,0,0,0,1,1,1,1,0,0,0
1058,0,1,1,1,1,0,0,0,1,1,1,1,0,0,0,1,1,1,1,0,0
1059,4,4,4,3,3,3,3,4,4,4,3,3,3,3,4,4,4,3,3,3,3
1060,0,1,0,0,0,0,0,0,1,0,0,0,0,0,0,1,0,0,0,0,0
1061,7,9,10,9,6,3,3,7,9,10,9,6,3,3,7,9,10,9,6,3,3
1062,0,0,0,0,0,0,0,0,0,0,0,0,0,0,0,0,0,0,0,0,0
1063,0,0,0,0,0,0,0,0,0,0,0,0,0,0,0,0,0,0,0,0,0
1064,0,0,0,0,0,0,0,0,0,0,0,0,0,0,0,0,0,0,0,0,0
1065,0,0,0,0,0,0,0,0,0,0,0,0,0,0,0,0,0,0,0,0,0
1066,0,0,0,0,0,0,0,0,0,0,0,0,0,0,0,0,0,0,0,0,0
1067,0,0,0,0,0,0,0,0,0,0,0,0,0,0,0,0,0,0,0,0,0
1068,0,0,0,0,0,0,0,0,0,0,0,0,0,0,0,0,0,0,0,0,0
1069,0,0,0,0,0,0,0,0,0,0,0,0,0,0,0,0,0,0,0,0,0
1070,1,2,2,2,1,1,1,1,2,2,2,1,1,1,1,2,2,2,1,1,1
1071,0,0,0,0,0,0,1,0,0,0,0,0,0,1,0,0,0,0,0,0,1
1072,0,0,0,0,0,0,0,0,0,0,0,0,0,0,0,0,0,0,0,0,0
1073,0,0,0,0,0,0,0,0,0,0,0,0,0,0,0,0,0,0,0,0,0
1074,0,0,1,1,0,0,0,0,0,1,1,0,0,0,0,0,1,1,0,0,0
1075,0,0,0,0,0,0,0,0,0,0,0,0,0,0,0,0,0,0,0,0,0
1076,0,0,0,0,0,0,0,0,0,0,0,0,0,0,0,0,0,0,0,0,0
1077,0,0,0,0,0,0,0,0,0,0,0,0,0,0,0,0,0,0,0,0,0
1078,0,0,0,0,0,0,0,0,0,0,0,0,0,0,0,0,0,0,0,0,0
1079,0,0,0,0,0,0,0,0,0,0,0,0,0,0,0,0,0,0,0,0,0
1080,1,1,1,1,1,1,1,1,1,1,1,1,1,1,1,1,1,1,1,1,1
1081,0,0,0,0,0,0,0,0,0,0,0,0,0,0,0,0,0,0,0,0,0
1082,0,0,0,0,0,0,0,0,0,0,0,0,0,0,0,0,0,0,0,0,0
1083,0,0,0,0,0,0,0,0,0,0,0,0,0,0,0,0,0,0,0,0,0
1084,0,0,0,0,0,0,0,0,0,0,0,0,0,0,0,0,0,0,0,0,0
1085,0,0,0,0,0,0,0,0,0,0,0,0,0,0,0,0,0,0,0,0,0
1086,0,0,0,0,0,0,0,0,0,0,0,0,0,0,0,0,0,0,0,0,0
1087,0,0,0,0,0,0,0,0,0,0,0,0,0,0,0,0,0,0,0,0,0
1088,0,0,0,0,0,0,0,0,0,0,0,0,0,0,0,0,0,0,0,0,0
1089,0,0,0,0,0,0,0,0,0,0,0,0,0,0,0,0,0,0,0,0,0
1090,0,0,0,0,0,0,0,0,0,0,0,0,0,0,0,0,0,0,0,0,0
1091,0,0,0,0,0,0,0,0,0,0,0,0,0,0,0,0,0,0,0,0,0
1092,0,0,0,0,0,0,0,0,0,0,0,0,0,0,0,0,0,0,0,0,0
1093,0,0,0,0,0,0,0,0,0,0,0,0,0,0,0,0,0,0,0,0,0
1094,0,0,0,0,0,0,0,0,0,0,0,0,0,0,0,0,0,0,0,0,0
1095,0,0,0,0,0,0,0,0,0,0,0,0,0,0,0,0,0,0,0,0,0
1096,0,0,0,0,0,0,0,0,0,0,0,0,0,0,0,0,0,0,0,0,0
1097,0,0,0,0,0,0,0,0,0,0,0,0,0,0,0,0,0,0,0,0,0
1098,0,0,0,0,0,0,0,0,0,0,0,0,0,0,0,0,0,0,0,0,0
1099,0,0,0,0,0,0,0,0,0,0,0,0,0,0,0,0,0,0,0,0,0
1100,0,0,0,0,0,0,0,0,0,0,0,0,0,0,0,0,0,0,0,0,0
1101,0,0,0,0,0,0,0,0,0,0,0,0,0,0,0,0,0,0,0,0,0
1102,0,1,1,1,0,0,0,0,1,1,1,0,0,0,0,1,1,1,0,0,0
1103,0,1,1,1,0,0,0,0,1,1,1,0,0,0,0,1,1,1,0,0,0
1104,0,0,0,0,0,0,0,0,0,0,0,0,0,0,0,0,0,0,0,0,0
1105,0,0,0,0,0,0,0,0,0,0,0,0,0,0,0,0,0,0,0,0,0
1106,1,0,0,0,0,0,0,1,0,0,0,0,0,0,1,0,0,0,0,0,0
1107,0,0,0,0,0,0,0,0,0,0,0,0,0,0,0,0,0,0,0,0,0
1108,0,0,0,0,0,0,0,0,0,0,0,0,0,0,0,0,0,0,0,0,0
1109,0,0,0,0,0,0,0,0,0,0,0,0,0,0,0,0,0,0,0,0,0
1110,0,0,0,0,0,0,0,0,0,0,0,0,0,0,0,0,0,0,0,0,0
1111,0,0,0,0,0,0,0,0,0,0,0,0,0,0,0,0,0,0,0,0,0
1112,0,0,0,0,0,0,0,0,0,0,0,0,0,0,0,0,0,0,0,0,0
1113,0,0,0,0,0,0,0,0,0,0,0,0,0,0,0,0,0,0,0,0,0
1114,0,0,0,0,0,0,0,0,0,0,0,0,0,0,0,0,0,0,0,0,0
1115,0,0,0,0,0,0,0,0,0,0,0,0,0,0,0,0,0,0,0,0,0
1116,3,4,4,4,4,3,3,3,4,4,4,4,3,3,3,4,4,4,4,3,3
1117,3,3,3,3,3,3,2,3,3,3,3,3,3,2,3,3,3,3,3,3,2
1118,1,2,1,1,0,1,1,1,2,1,1,0,1,1,1,2,1,1,0,1,1
1119,0,0,0,0,0,0,0,0,0,0,0,0,0,0,0,0,0,0,0,0,0
1120,0,0,0,0,0,0,0,0,0,0,0,0,0,0,0,0,0,0,0,0,0
1121,0,0,0,0,0,0,0,0,0,0,0,0,0,0,0,0,0,0,0,0,0
1122,12,14,14,14,12,10,10,12,14,14,14,12,10,10,12,14,14,14,12,10,10
1123,75,93,103,93,80,68,60,75,93,103,93,80,68,60,75,93,103,93,80,68,60
1124,47,50,53,52,46,38,37,47,50,53,52,46,38,37,47,50,53,52,46,38,37
1125,3,4,4,4,4,3,3,3,4,4,4,4,3,3,3,4,4,4,4,3,3
1126,2,2,2,2,2,2,1,2,2,2,2,2,2,1,2,2,2,2,2,2,1
1127,0,0,0,0,0,0,0,0,0,0,0,0,0,0,0,0,0,0,0,0,0
1128,0,0,0,0,0,0,0,0,0,0,0,0,0,0,0,0,0,0,0,0,0
1129,0,0,0,0,0,0,0,0,0,0,0,0,0,0,0,0,0,0,0,0,0
1130,5,5,5,5,5,4,4,5,5,5,5,5,4,4,5,5,5,5,5,4,4
1131,12,15,14,13,12,11,9,12,15,14,13,12,11,9,12,15,14,13,12,11,9
1132,6,7,6,5,5,4,4,6,7,6,5,5,4,4,6,7,6,5,5,4,4
1133,0,0,0,0,0,0,0,0,0,0,0,0,0,0,0,0,0,0,0,0,0
1134,2,3,3,3,2,2,2,2,3,3,3,2,2,2,2,3,3,3,2,2,2
1135,115,117,123,108,91,77,87,115,117,123,108,91,77,87,115,117,123,108,91,77,87
1136,3,3,4,4,3,3,2,3,3,4,4,3,3,2,3,3,4,4,3,3,2
1137,2,1,1,1,1,1,2,2,1,1,1,1,1,2,2,1,1,1,1,1,2
1138,0,0,0,0,0,0,0,0,0,0,0,0,0,0,0,0,0,0,0,0,0
1139,2,2,2,2,2,2,2,2,2,2,2,2,2,2,2,2,2,2,2,2,2
1140,1,1,1,0,0,0,0,1,1,1,0,0,0,0,1,1,1,0,0,0,0
1141,2,2,2,2,2,2,2,2,2,2,2,2,2,2,2,2,2,2,2,2,2
1142,38,41,40,35,30,32,41,38,41,40,35,30,32,41,38,41,40,35,30,32,41
1143,45,49,48,46,43,38,39,45,49,48,46,43,38,39,45,49,48,46,43,38,39
1144,8,8,9,9,8,7,7,8,8,9,9,8,7,7,8,8,9,9,8,7,7
1145,1,1,1,1,1,1,1,1,1,1,1,1,1,1,1,1,1,1,1,1,1
1146,1,1,2,1,1,0,0,1,1,2,1,1,0,0,1,1,2,1,1,0,0
1147,18,20,20,18,16,14,14,18,20,20,18,16,14,14,18,20,20,18,16,14,14
1148,0,0,0,0,0,0,0,0,0,0,0,0,0,0,0,0,0,0,0,0,0
1149,1,1,1,1,1,1,1,1,1,1,1,1,1,1,1,1,1,1,1,1,1
1150,0,0,0,0,0,0,0,0,0,0,0,0,0,0,0,0,0,0,0,0,0
1151,9,12,12,7,13,10,9,9,12,12,7,13,10,9,9,12,12,7,13,10,9
1152,4,4,3,3,3,3,3,4,4,3,3,3,3,3,4,4,3,3,3,3,3
1153,116,127,133,122,106,96,97,116,127,133,122,106,96,97,116,127,133,122,106,96,97
1154,3,3,3,5,5,5,4,3,3,3,5,5,5,4,3,3,3,5,5,5,4
1155,116,127,133,122,106,96,97,116,127,133,122,106,96,97,116,127,133,122,106,96,97
1156,0,1,1,1,0,1,0,0,1,1,1,0,1,0,0,1,1,1,0,1,0
1157,1,2,1,1,1,1,1,1,2,1,1,1,1,1,1,2,1,1,1,1,1
1158,2,3,3,2,2,2,1,2,3,3,2,2,2,1,2,3,3,2,2,2,1
1159,2,3,2,1,2,2,2,2,3,2,1,2,2,2,2,3,2,1,2,2,2
1160,0,0,1,1,0,0,0,0,0,1,1,0,0,0,0,0,1,1,0,0,0
1161,6,6,6,4,3,4,4,6,6,6,4,3,4,4,6,6,6,4,3,4,4
1162,3,3,3,2,3,3,2,3,3,3,2,3,3,2,3,3,3,2,3,3,2
1163,28,27,24,21,23,26,24,28,27,24,21,23,26,24,28,27,24,21,23,26,24
1164,1,1,1,1,1,1,1,1,1,1,1,1,1,1,1,1,1,1,1,1,1
1165,8,9,9,7,7,6,6,8,9,9,7,7,6,6,8,9,9,7,7,6,6
1166,7,9,10,9,9,8,8,7,9,10,9,9,8,8,7,9,10,9,9,8,8
1167,0,0,0,0,0,0,0,0,0,0,0,0,0,0,0,0,0,0,0,0,0
1168,10,4,3,5,4,4,8,10,4,3,5,4,4,8,10,4,3,5,4,4,8
1169,9,7,4,5,5,4,6,9,7,4,5,5,4,6,9,7,4,5,5,4,6
1170,6,5,5,5,5,6,7,6,5,5,5,5,6,7,6,5,5,5,5,6,7
1171,13,17,16,14,15,13,12,13,17,16,14,15,13,12,13,17,16,14,15,13,12
1172,4,4,5,4,4,4,3,4,4,5,4,4,4,3,4,4,5,4,4,4,3
1173,0,0,0,0,0,0,0,0,0,0,0,0,0,0,0,0,0,0,0,0,0
1174,2,3,3,3,4,3,2,2,3,3,3,4,3,2,2,3,3,3,4,3,2
1175,3,4,4,4,3,3,3,3,4,4,4,3,3,3,3,4,4,4,3,3,3
1176,0,1,1,0,0,0,0,0,1,1,0,0,0,0,0,1,1,0,0,0,0
1177,0,0,0,0,0,0,0,0,0,0,0,0,0,0,0,0,0,0,0,0,0
1178,0,0,0,0,0,0,0,0,0,0,0,0,0,0,0,0,0,0,0,0,0
1179,0,0,0,0,0,0,0,0,0,0,0,0,0,0,0,0,0,0,0,0,0
1180,8,5,6,9,11,7,8,8,5,6,9,11,7,8,8,5,6,9,11,7,8
1181,0,0,0,0,0,0,0,0,0,0,0,0,0,0,0,0,0,0,0,0,0
1182,0,0,0,0,0,0,0,0,0,0,0,0,0,0,0,0,0,0,0,0,0
1183,0,0,0,0,0,0,0,0,0,0,0,0,0,0,0,0,0,0,0,0,0
1184,63,61,56,51,62,64,67,63,61,56,51,62,64,67,63,61,56,51,62,64,67
1185,3,1,1,1,1,1,1,3,1,1,1,1,1,1,3,1,1,1,1,1,1
1186,0,0,0,0,0,0,0,0,0,0,0,0,0,0,0,0,0,0,0,0,0
1187,0,0,0,0,0,0,0,0,0,0,0,0,0,0,0,0,0,0,0,0,0
1188,0,0,0,0,0,0,0,0,0,0,0,0,0,0,0,0,0,0,0,0,0
1189,0,0,0,0,0,0,0,0,0,0,0,0,0,0,0,0,0,0,0,0,0
1190,0,0,0,0,0,0,0,0,0,0,0,0,0,0,0,0,0,0,0,0,0
1191,0,0,0,0,0,0,0,0,0,0,0,0,0,0,0,0,0,0,0,0,0
1192,0,0,0,0,0,0,0,0,0,0,0,0,0,0,0,0,0,0,0,0,0
1193,0,0,0,0,0,0,0,0,0,0,0,0,0,0,0,0,0,0,0,0,0
1194,0,0,0,0,0,0,0,0,0,0,0,0,0,0,0,0,0,0,0,0,0
1195,0,0,0,0,0,0,0,0,0,0,0,0,0,0,0,0,0,0,0,0,0
1196,0,0,0,0,0,0,0,0,0,0,0,0,0,0,0,0,0,0,0,0,0
1197,0,0,0,0,0,0,0,0,0,0,0,0,0,0,0,0,0,0,0,0,0
1198,0,0,0,0,0,0,0,0,0,0,0,0,0,0,0,0,0,0,0,0,0
1199,0,0,0,0,0,0,0,0,0,0,0,0,0,0,0,0,0,0,0,0,0
1200,0,0,0,0,0,0,0,0,0,0,0,0,0,0,0,0,0,0,0,0,0
1201,0,0,0,0,0,0,0,0,0,0,0,0,0,0,0,0,0,0,0,0,0
1202,0,0,0,0,0,0,0,0,0,0,0,0,0,0,0,0,0,0,0,0,0
1203,0,0,0,0,0,0,0,0,0,0,0,0,0,0,0,0,0,0,0,0,0
1204,0,0,0,0,0,0,0,0,0,0,0,0,0,0,0,0,0,0,0,0,0
1205,0,0,0,0,0,0,0,0,0,0,0,0,0,0,0,0,0,0,0,0,0
1206,0,0,0,0,0,0,0,0,0,0,0,0,0,0,0,0,0,0,0,0,0
1207,0,0,0,0,0,0,0,0,0,0,0,0,0,0,0,0,0,0,0,0,0
1208,0,0,0,16,0,0,0,0,0,0,16,0,0,0,0,0,0,16,0,0,0
1209,0,0,0,0,0,0,0,0,0,0,0,0,0,0,0,0,0,0,0,0,0
1210,1,3,3,4,2,2,1,1,3,3,4,2,2,1,1,3,3,4,2,2,1
1211,1,1,0,0,0,1,1,1,1,0,0,0,1,1,1,1,0,0,0,1,1
1212,0,0,0,0,0,0,0,0,0,0,0,0,0,0,0,0,0,0,0,0,0
1213,0,0,0,0,0,0,0,0,0,0,0,0,0,0,0,0,0,0,0,0,0
1214,0,0,0,0,0,0,0,0,0,0,0,0,0,0,0,0,0,0,0,0,0
1215,27,27,26,23,22,21,25,27,27,26,23,22,21,25,27,27,26,23,22,21,25
1216,2,2,2,1,1,1,1,2,2,2,1,1,1,1,2,2,2,1,1,1,1
1217,1,1,1,2,1,1,1,1,1,1,2,1,1,1,1,1,1,2,1,1,1
1218,1,1,1,1,2,1,1,1,1,1,1,2,1,1,1,1,1,1,2,1,1
1219,4,3,4,4,3,4,3,4,3,4,4,3,4,3,4,3,4,4,3,4,3
1220,0,0,0,0,0,0,0,0,0,0,0,0,0,0,0,0,0,0,0,0,0
1221,116,127,133,122,106,96,97,116,127,133,122,106,96,97,116,127,133,122,106,96,97
1222,7,8,8,8,7,6,6,7,8,8,8,7,6,6,7,8,8,8,7,6,6
1223,6,6,7,6,5,4,4,6,6,7,6,5,4,4,6,6,7,6,5,4,4
1224,16,18,19,16,14,12,12,16,18,19,16,14,12,12,16,18,19,16,14,12,12
1225,22,23,23,21,19,18,20,22,23,23,21,19,18,20,22,23,23,21,19,18,20
1226,1,1,1,1,1,1,1,1,1,1,1,1,1,1,1,1,1,1,1,1,1
1227,1,1,1,1,1,1,1,1,1,1,1,1,1,1,1,1,1,1,1,1,1
1228,1,1,1,1,1,1,1,1,1,1,1,1,1,1,1,1,1,1,1,1,1
1229,5,5,6,6,6,5,6,5,5,6,6,6,5,6,5,5,6,6,6,5,6
1230,3,4,5,5,4,3,3,3,4,5,5,4,3,3,3,4,5,5,4,3,3
1231,0,0,0,0,0,0,0,0,0,0,0,0,0,0,0,0,0,0,0,0,0
1232,0,0,1,0,1,0,0,0,0,1,0,1,0,0,0,0,1,0,1,0,0
1233,4,2,2,1,2,2,2,4,2,2,1,2,2,2,4,2,2,1,2,2,2
1234,17,19,24,27,26,18,17,17,19,24,27,26,18,17,17,19,24,27,26,18,17
1235,21,23,23,27,19,14,13,21,23,23,27,19,14,13,21,23,23,27,19,14,13
1236,0,0,0,0,0,0,0,0,0,0,0,0,0,0,0,0,0,0,0,0,0
1237,0,1,1,0,0,0,0,0,1,1,0,0,0,0,0,1,1,0,0,0,0
1238,0,0,0,0,0,0,0,0,0,0,0,0,0,0,0,0,0,0,0,0,0
1239,0,0,0,0,0,0,0,0,0,0,0,0,0,0,0,0,0,0,0,0,0
1240,0,0,0,0,0,0,0,0,0,0,0,0,0,0,0,0,0,0,0,0,0
1241,0,0,0,0,0,0,0,0,0,0,0,0,0,0,0,0,0,0,0,0,0
1242,0,0,0,0,0,0,0,0,0,0,0,0,0,0,0,0,0,0,0,0,0
1243,0,0,0,0,0,0,0,0,0,0,0,0,0,0,0,0,0,0,0,0,0
1244,0,0,0,0,0,0,0,0,0,0,0,0,0,0,0,0,0,0,0,0,0
1245,0,0,0,0,0,0,0,0,0,0,0,0,0,0,0,0,0,0,0,0,0
1246,0,0,0,0,0,0,0,0,0,0,0,0,0,0,0,0,0,0,0,0,0
1247,7,8,7,7,6,5,5,7,8,7,7,6,5,5,7,8,7,7,6,5,5
1248,8,9,9,8,7,5,5,8,9,9,8,7,5,5,8,9,9,8,7,5,5
1249,1,1,1,1,1,1,1,1,1,1,1,1,1,1,1,1,1,1,1,1,1
1250,0,0,0,0,0,0,0,0,0,0,0,0,0,0,0,0,0,0,0,0,0
1251,0,0,0,0,0,0,0,0,0,0,0,0,0,0,0,0,0,0,0,0,0
1252,0,0,0,0,0,0,0,0,0,0,0,0,0,0,0,0,0,0,0,0,0
1253,0,0,0,0,0,0,0,0,0,0,0,0,0,0,0,0,0,0,0,0,0
1254,2,2,2,2,2,2,2,2,2,2,2,2,2,2,2,2,2,2,2,2,2
1255,10,10,10,9,8,7,8,10,10,10,9,8,7,8,10,10,10,9,8,7,8
1256,8,9,8,7,7,6,6,8,9,8,7,7,6,6,8,9,8,7,7,6,6
1257,3,3,3,2,2,2,2,3,3,3,2,2,2,2,3,3,3,2,2,2,2
1258,4,4,4,3,3,2,3,4,4,4,3,3,2,3,4,4,4,3,3,2,3
1259,0,0,0,0,0,0,0,0,0,0,0,0,0,0,0,0,0,0,0,0,0
1260,0,0,0,0,0,0,0,0,0,0,0,0,0,0,0,0,0,0,0,0,0
1261,0,0,0,0,0,0,0,0,0,0,0,0,0,0,0,0,0,0,0,0,0
1262,0,0,0,0,0,0,0,0,0,0,0,0,0,0,0,0,0,0,0,0,0
1263,1,1,1,1,1,1,1,1,1,1,1,1,1,1,1,1,1,1,1,1,1
1264,22,22,23,20,13,11,13,22,22,23,20,13,11,13,22,22,23,20,13,11,13
1265,3,3,3,0,0,1,3,3,3,3,0,0,1,3,3,3,3,0,0,1,3
1266,0,0,0,0,0,0,0,0,0,0,0,0,0,0,0,0,0,0,0,0,0
1267,0,0,0,0,1,0,0,0,0,0,0,1,0,0,0,0,0,0,1,0,0
1268,61,47,58,49,18,22,40,61,47,58,49,18,22,40,61,47,58,49,18,22,40
1269,32,42,34,33,29,22,26,32,42,34,33,29,22,26,32,42,34,33,29,22,26
1270,29,33,30,25,17,19,22,29,33,30,25,17,19,22,29,33,30,25,17,19,22
1271,0,0,1,1,1,0,0,0,0,1,1,1,0,0,0,0,1,1,1,0,0
1272,4,4,5,5,5,5,3,4,4,5,5,5,5,3,4,4,5,5,5,5,3
1273,4,5,6,3,4,3,4,4,5,6,3,4,3,4,4,5,6,3,4,3,4
1274,5,9,10,10,8,6,6,5,9,10,10,8,6,6,5,9,10,10,8,6,6
1275,5,5,5,4,4,3,3,5,5,5,4,4,3,3,5,5,5,4,4,3,3
1276,0,0,0,0,0,0,0,0,0,0,0,0,0,0,0,0,0,0,0,0,0
1277,0,0,0,0,0,0,0,0,0,0,0,0,0,0,0,0,0,0,0,0,0
1278,0,0,0,0,0,0,0,0,0,0,0,0,0,0,0,0,0,0,0,0,0
1279,1,0,0,0,0,0,0,1,0,0,0,0,0,0,1,0,0,0,0,0,0
1280,0,0,0,0,0,0,0,0,0,0,0,0,0,0,0,0,0,0,0,0,0
1281,0,0,0,0,0,0,0,0,0,0,0,0,0,0,0,0,0,0,0,0,0
1282,35,40,41,38,34,29,27,35,40,41,38,34,29,27,35,40,41,38,34,29,27
1283,0,0,0,0,0,0,0,0,0,0,0,0,0,0,0,0,0,0,0,0,0
1284,0,0,1,1,0,0,0,0,0,1,1,0,0,0,0,0,1,1,0,0,0
1285,0,0,0,0,0,0,0,0,0,0,0,0,0,0,0,0,0,0,0,0,0
1286,2,2,2,2,2,2,2,2,2,2,2,2,2,2,2,2,2,2,2,2,2
1287,7,8,9,8,8,7,9,7,8,9,8,8,7,9,7,8,9,8,8,7,9
1288,3,3,4,4,4,4,4,3,3,4,4,4,4,4,3,3,4,4,4,4,4
1289,0,0,0,0,0,0,0,0,0,0,0,0,0,0,0,0,0,0,0,0,0
1290,6,7,7,7,5,5,5,6,7,7,7,5,5,5,6,7,7,7,5,5,5
1291,0,0,0,0,0,0,0,0,0,0,0,0,0,0,0,0,0,0,0,0,0
1292,0,0,0,0,0,0,0,0,0,0,0,0,0,0,0,0,0,0,0,0,0
1293,1,1,1,1,1,1,1,1,1,1,1,1,1,1,1,1,1,1,1,1,1
1294,0,0,0,0,0,0,0,0,0,0,0,0,0,0,0,0,0,0,0,0,0
1295,2,2,2,2,1,1,2,2,2,2,2,1,1,2,2,2,2,2,1,1,2
1296,37,36,36,32,27,26,27,37,36,36,32,27,26,27,37,36,36,32,27,26,27
1297,3,3,2,2,1,1,2,3,3,2,2,1,1,2,3,3,2,2,1,1,2
1298,12,12,13,12,9,5,6,12,12,13,12,9,5,6,12,12,13,12,9,5,6
1299,28,28,28,22,20,19,21,28,28,28,22,20,19,21,28,28,28,22,20,19,21
1300,0,0,0,0,0,0,0,0,0,0,0,0,0,0,0,0,0,0,0,0,0
1301,15,13,11,9,8,9,11,15,13,11,9,8,9,11,15,13,11,9,8,9,11
1302,0,0,0,0,0,0,0,0,0,0,0,0,0,0,0,0,0,0,0,0,0
1303,1,1,0,1,1,1,1,1,1,0,1,1,1,1,1,1,0,1,1,1,1
1304,0,0,0,0,0,0,0,0,0,0,0,0,0,0,0,0,0,0,0,0,0
1305,1,2,2,2,2,1,1,1,2,2,2,2,1,1,1,2,2,2,2,1,1
1306,0,0,0,0,0,0,0,0,0,0,0,0,0,0,0,0,0,0,0,0,0
1307,1,0,0,0,1,1,1,1,0,0,0,1,1,1,1,0,0,0,1,1,1
1308,11,12,16,14,13,11,10,11,12,16,14,13,11,10,11,12,16,14,13,11,10
1309,11,11,11,11,11,10,10,11,11,11,11,11,10,10,11,11,11,11,11,10,10
1310,6,5,4,4,3,3,4,6,5,4,4,3,3,4,6,5,4,4,3,3,4
1311,4,4,5,4,3,2,3,4,4,5,4,3,2,3,4,4,5,4,3,2,3
1312,3,4,3,3,3,3,3,3,4,3,3,3,3,3,3,4,3,3,3,3,3
1313,1,1,2,1,0,1,1,1,1,2,1,0,1,1,1,1,2,1,0,1,1
1314,0,0,0,0,0,0,0,0,0,0,0,0,0,0,0,0,0,0,0,0,0
1315,0,0,0,0,0,0,0,0,0,0,0,0,0,0,0,0,0,0,0,0,0
1316,8,8,6,5,5,5,7,8,8,6,5,5,5,7,8,8,6,5,5,5,7
1317,2,2,2,3,3,2,2,2,2,2,3,3,2,2,2,2,2,3,3,2,2
1318,0,0,0,0,0,0,0,0,0,0,0,0,0,0,0,0,0,0,0,0,0
1319,2,3,3,3,3,2,2,2,3,3,3,3,2,2,2,3,3,3,3,2,2
1320,0,0,0,0,0,0,0,0,0,0,0,0,0,0,0,0,0,0,0,0,0
1321,0,0,0,0,0,0,0,0,0,0,0,0,0,0,0,0,0,0,0,0,0
1322,0,0,0,0,0,0,0,0,0,0,0,0,0,0,0,0,0,0,0,0,0
1323,0,0,0,0,0,0,0,0,0,0,0,0,0,0,0,0,0,0,0,0,0
1324,0,0,0,0,0,0,0,0,0,0,0,0,0,0,0,0,0,0,0,0,0
1325,2,4,2,2,2,1,2,2,4,2,2,2,1,2,2,4,2,2,2,1,2
1326,0,0,0,0,0,0,0,0,0,0,0,0,0,0,0,0,0,0,0,0,0
1327,3,3,3,2,1,1,2,3,3,3,2,1,1,2,3,3,3,2,1,1,2
1328,60,65,70,72,59,51,46,60,65,70,72,59,51,46,60,65,70,72,59,51,46
1329,8,8,11,11,11,9,10,8,8,11,11,11,9,10,8,8,11,11,11,9,10
1330,0,0,0,0,0,0,0,0,0,0,0,0,0,0,0,0,0,0,0,0,0
1331,27,28,31,30,27,23,23,27,28,31,30,27,23,23,27,28,31,30,27,23,23
1332,5,6,6,5,5,4,4,5,6,6,5,5,4,4,5,6,6,5,5,4,4
1333,0,0,0,0,0,0,0,0,0,0,0,0,0,0,0,0,0,0,0,0,0
1334,0,0,0,0,0,0,0,0,0,0,0,0,0,0,0,0,0,0,0,0,0
1335,0,0,0,0,0,0,0,0,0,0,0,0,0,0,0,0,0,0,0,0,0
1336,0,0,0,0,0,0,0,0,0,0,0,0,0,0,0,0,0,0,0,0,0
1337,7,7,7,7,7,5,6,7,7,7,7,7,5,6,7,7,7,7,7,5,6
1338,8,8,8,8,7,6,7,8,8,8,8,7,6,7,8,8,8,8,7,6,7
1339,4,4,3,4,4,4,4,4,4,3,4,4,4,4,4,4,3,4,4,4,4
1340,0,0,0,0,0,0,0,0,0,0,0,0,0,0,0,0,0,0,0,0,0
1341,0,0,0,0,0,0,0,0,0,0,0,0,0,0,0,0,0,0,0,0,0
1342,2,2,2,3,2,2,1,2,2,2,3,2,2,1,2,2,2,3,2,2,1
1343,8,9,9,7,6,6,7,8,9,9,7,6,6,7,8,9,9,7,6,6,7
1344,0,0,0,0,0,0,0,0,0,0,0,0,0,0,0,0,0,0,0,0,0
1345,1,1,1,1,1,0,0,1,1,1,1,1,0,0,1,1,1,1,1,0,0
1346,4,4,4,4,3,3,3,4,4,4,4,3,3,3,4,4,4,4,3,3,3
1347,4,4,4,4,3,3,3,4,4,4,4,3,3,3,4,4,4,4,3,3,3
1348,0,0,0,0,0,0,0,0,0,0,0,0,0,0,0,0,0,0,0,0,0
1349,0,0,0,0,0,0,0,0,0,0,0,0,0,0,0,0,0,0,0,0,0
1350,0,0,0,0,0,0,0,0,0,0,0,0,0,0,0,0,0,0,0,0,0
1351,0,0,0,0,0,0,0,0,0,0,0,0,0,0,0,0,0,0,0,0,0
1352,0,0,0,0,0,0,0,0,0,0,0,0,0,0,0,0,0,0,0,0,0
1353,0,0,0,0,0,0,0,0,0,0,0,0,0,0,0,0,0,0,0,0,0
1354,0,1,0,0,0,0,0,0,1,0,0,0,0,0,0,1,0,0,0,0,0
1355,1,1,1,1,0,0,1,1,1,1,1,0,0,1,1,1,1,1,0,0,1
1356,0,0,0,0,0,0,0,0,0,0,0,0,0,0,0,0,0,0,0,0,0
1357,0,0,0,0,0,0,0,0,0,0,0,0,0,0,0,0,0,0,0,0,0
1358,0,0,0,0,0,0,0,0,0,0,0,0,0,0,0,0,0,0,0,0,0
1359,0,0,0,0,0,0,0,0,0,0,0,0,0,0,0,0,0,0,0,0,0
1360,116,127,133,119,87,77,95,116,127,133,119,87,77,95,116,127,133,119,87,77,95
1361,1,1,1,0,0,0,0,1,1,1,0,0,0,0,1,1,1,0,0,0,0
1362,0,0,0,0,0,0,0,0,0,0,0,0,0,0,0,0,0,0,0,0,0
1363,0,0,0,0,0,0,0,0,0,0,0,0,0,0,0,0,0,0,0,0,0
1364,6,6,6,5,5,4,5,6,6,6,5,5,4,5,6,6,6,5,5,4,5
1365,3,4,4,3,2,3,3,3,4,4,3,2,3,3,3,4,4,3,2,3,3
1366,1,1,1,1,1,1,1,1,1,1,1,1,1,1,1,1,1,1,1,1,1
1367,1,1,1,1,1,1,1,1,1,1,1,1,1,1,1,1,1,1,1,1,1
1368,0,0,0,0,0,0,0,0,0,0,0,0,0,0,0,0,0,0,0,0,0
1369,7,3,3,5,8,9,8,7,3,3,5,8,9,8,7,3,3,5,8,9,8
1370,0,0,0,0,0,0,0,0,0,0,0,0,0,0,0,0,0,0,0,0,0
1371,0,0,0,0,0,0,0,0,0,0,0,0,0,0,0,0,0,0,0,0,0
1372,8,8,9,10,10,9,8,8,8,9,10,10,9,8,8,8,9,10,10,9,8
1373,21,22,18,18,15,15,18,21,22,18,18,15,15,18,21,22,18,18,15,15,18
1374,2,2,2,2,1,1,2,2,2,2,2,1,1,2,2,2,2,2,1,1,2
1375,6,6,6,4,3,4,3,6,6,6,4,3,4,3,6,6,6,4,3,4,3
1376,1,1,0,0,0,0,1,1,1,0,0,0,0,1,1,1,0,0,0,0,1
1377,0,0,0,0,0,0,0,0,0,0,0,0,0,0,0,0,0,0,0,0,0
1378,2,2,2,2,2,2,2,2,2,2,2,2,2,2,2,2,2,2,2,2,2
1379,4,5,3,4,3,2,3,4,5,3,4,3,2,3,4,5,3,4,3,2,3
1380,1,2,3,1,2,2,1,1,2,3,1,2,2,1,1,2,3,1,2,2,1
1381,3,3,4,4,4,3,2,3,3,4,4,4,3,2,3,3,4,4,4,3,2
1382,1,2,2,2,1,1,1,1,2,2,2,1,1,1,1,2,2,2,1,1,1
1383,13,15,15,14,12,10,10,13,15,15,14,12,10,10,13,15,15,14,12,10,10
1384,14,13,15,13,10,12,12,14,13,15,13,10,12,12,14,13,15,13,10,12,12
1385,0,0,0,0,0,0,0,0,0,0,0,0,0,0,0,0,0,0,0,0,0
1386,0,0,0,0,0,0,0,0,0,0,0,0,0,0,0,0,0,0,0,0,0
1387,0,0,0,0,0,0,0,0,0,0,0,0,0,0,0,0,0,0,0,0,0
1388,0,0,0,0,0,0,0,0,0,0,0,0,0,0,0,0,0,0,0,0,0
1389,3,3,4,4,4,3,3,3,3,4,4,4,3,3,3,3,4,4,4,3,3
1390,3,4,4,3,3,2,3,3,4,4,3,3,2,3,3,4,4,3,3,2,3
1391,7,7,7,7,6,6,6,7,7,7,7,6,6,6,7,7,7,7,6,6,6
1392,8,9,9,8,7,6,6,8,9,9,8,7,6,6,8,9,9,8,7,6,6
1393,1,1,1,1,1,1,1,1,1,1,1,1,1,1,1,1,1,1,1,1,1
1394,0,0,0,0,0,0,0,0,0,0,0,0,0,0,0,0,0,0,0,0,0
1395,5,6,6,6,5,4,4,5,6,6,6,5,4,4,5,6,6,6,5,4,4
1396,11,15,17,15,13,8,7,11,15,17,15,13,8,7,11,15,17,15,13,8,7
1397,0,0,0,0,0,0,0,0,0,0,0,0,0,0,0,0,0,0,0,0,0
1398,0,0,0,0,0,0,0,0,0,0,0,0,0,0,0,0,0,0,0,0,0
1399,0,0,0,0,0,0,0,0,0,0,0,0,0,0,0,0,0,0,0,0,0
1400,14,15,16,14,15,13,12,14,15,16,14,15,13,12,14,15,16,14,15,13,12
1401,0,0,0,0,0,0,0,0,0,0,0,0,0,0,0,0,0,0,0,0,0
1402,8,10,11,10,9,7,7,8,10,11,10,9,7,7,8,10,11,10,9,7,7
1403,21,25,28,26,24,19,19,21,25,28,26,24,19,19,21,25,28,26,24,19,19
1404,26,29,32,30,26,22,22,26,29,32,30,26,22,22,26,29,32,30,26,22,22
1405,7,8,9,9,7,6,6,7,8,9,9,7,6,6,7,8,9,9,7,6,6
1406,0,0,0,0,0,0,0,0,0,0,0,0,0,0,0,0,0,0,0,0,0
1407,0,0,0,0,0,0,0,0,0,0,0,0,0,0,0,0,0,0,0,0,0
1408,0,0,0,0,0,0,0,0,0,0,0,0,0,0,0,0,0,0,0,0,0
1409,0,0,0,0,0,0,0,0,0,0,0,0,0,0,0,0,0,0,0,0,0
1410,0,0,0,0,0,0,0,0,0,0,0,0,0,0,0,0,0,0,0,0,0
1411,0,0,0,0,0,0,0,0,0,0,0,0,0,0,0,0,0,0,0,0,0
1412,0,0,0,0,0,0,0,0,0,0,0,0,0,0,0,0,0,0,0,0,0
1413,0,0,0,0,0,0,0,0,0,0,0,0,0,0,0,0,0,0,0,0,0
1414,0,0,0,0,0,0,0,0,0,0,0,0,0,0,0,0,0,0,0,0,0
1415,39,46,49,46,42,34,33,39,46,49,46,42,34,33,39,46,49,46,42,34,33
1416,16,18,18,17,15,13,12,16,18,18,17,15,13,12,16,18,18,17,15,13,12
1417,44,58,60,52,42,35,35,44,58,60,52,42,35,35,44,58,60,52,42,35,35
1418,1,1,2,2,2,1,1,1,1,2,2,2,1,1,1,1,2,2,2,1,1
1419,0,0,0,0,0,0,0,0,0,0,0,0,0,0,0,0,0,0,0,0,0
1420,0,0,0,0,0,0,0,0,0,0,0,0,0,0,0,0,0,0,0,0,0
1421,10,11,11,10,8,8,8,10,11,11,10,8,8,8,10,11,11,10,8,8,8
1422,4,5,5,4,3,3,2,4,5,5,4,3,3,2,4,5,5,4,3,3,2
1423,1,1,1,1,1,1,1,1,1,1,1,1,1,1,1,1,1,1,1,1,1
1424,2,2,2,2,2,1,1,2,2,2,2,2,1,1,2,2,2,2,2,1,1
1425,6,7,7,6,6,5,5,6,7,7,6,6,5,5,6,7,7,6,6,5,5
1426,5,5,6,6,6,5,4,5,5,6,6,6,5,4,5,5,6,6,6,5,4
1427,3,3,2,2,2,1,2,3,3,2,2,2,1,2,3,3,2,2,2,1,2
1428,1,1,1,1,0,0,0,1,1,1,1,0,0,0,1,1,1,1,0,0,0
1429,4,5,6,5,3,3,3,4,5,6,5,3,3,3,4,5,6,5,3,3,3
1430,30,33,35,32,39,29,24,30,33,35,32,39,29,24,30,33,35,32,39,29,24
1431,3,3,3,3,2,2,2,3,3,3,3,2,2,2,3,3,3,3,2,2,2
1432,14,15,16,14,12,11,11,14,15,16,14,12,11,11,14,15,16,14,12,11,11
1433,8,9,8,7,7,6,6,8,9,8,7,7,6,6,8,9,8,7,7,6,6
1434,0,0,0,0,0,0,0,0,0,0,0,0,0,0,0,0,0,0,0,0,0
1435,0,0,0,0,0,0,0,0,0,0,0,0,0,0,0,0,0,0,0,0,0
1436,0,0,0,0,0,0,0,0,0,0,0,0,0,0,0,0,0,0,0,0,0
1437,0,0,0,0,0,0,0,0,0,0,0,0,0,0,0,0,0,0,0,0,0
1438,0,0,0,0,0,0,0,0,0,0,0,0,0,0,0,0,0,0,0,0,0
1439,1,1,1,1,1,1,0,1,1,1,1,1,1,0,1,1,1,1,1,1,0
1440,0,0,0,0,0,0,0,0,0,0,0,0,0,0,0,0,0,0,0,0,0
1441,0,0,0,0,0,0,0,0,0,0,0,0,0,0,0,0,0,0,0,0,0
1442,0,0,0,0,0,0,0,0,0,0,0,0,0,0,0,0,0,0,0,0,0
1443,0,0,0,0,0,0,0,0,0,0,0,0,0,0,0,0,0,0,0,0,0
1444,0,0,0,0,0,0,0,0,0,0,0,0,0,0,0,0,0,0,0,0,0
1445,0,0,0,0,0,0,0,0,0,0,0,0,0,0,0,0,0,0,0,0,0
1446,0,0,0,0,0,0,0,0,0,0,0,0,0,0,0,0,0,0,0,0,0
1447,0,0,0,0,0,0,0,0,0,0,0,0,0,0,0,0,0,0,0,0,0
1448,0,0,0,0,0,0,0,0,0,0,0,0,0,0,0,0,0,0,0,0,0
1449,0,0,0,0,0,0,0,0,0,0,0,0,0,0,0,0,0,0,0,0,0
1450,0,0,0,0,0,0,0,0,0,0,0,0,0,0,0,0,0,0,0,0,0
1451,0,0,0,0,0,0,0,0,0,0,0,0,0,0,0,0,0,0,0,0,0
1452,1,1,1,1,1,1,1,1,1,1,1,1,1,1,1,1,1,1,1,1,1
1453,2,2,0,0,0,0,4,2,2,0,0,0,0,4,2,2,0,0,0,0,4
1454,1,1,1,1,1,1,1,1,1,1,1,1,1,1,1,1,1,1,1,1,1
1455,0,0,0,0,0,0,0,0,0,0,0,0,0,0,0,0,0,0,0,0,0
1456,1,0,1,1,0,0,0,1,0,1,1,0,0,0,1,0,1,1,0,0,0
1457,11,0,0,0,0,5,10,11,0,0,0,0,5,10,11,0,0,0,0,5,10
1458,3,0,0,0,0,0,0,3,0,0,0,0,0,0,3,0,0,0,0,0,0
1459,0,0,0,0,0,0,0,0,0,0,0,0,0,0,0,0,0,0,0,0,0
1460,0,0,0,0,0,0,0,0,0,0,0,0,0,0,0,0,0,0,0,0,0
1461,5,6,6,5,5,4,4,5,6,6,5,5,4,4,5,6,6,5,5,4,4
1462,0,0,0,0,0,0,0,0,0,0,0,0,0,0,0,0,0,0,0,0,0
1463,2,2,2,2,1,2,2,2,2,2,2,1,2,2,2,2,2,2,1,2,2
1464,0,0,0,0,0,0,0,0,0,0,0,0,0,0,0,0,0,0,0,0,0
1465,0,0,0,0,0,0,0,0,0,0,0,0,0,0,0,0,0,0,0,0,0
1466,16,16,16,14,12,11,12,16,16,16,14,12,11,12,16,16,16,14,12,11,12
1467,1,1,1,1,1,1,1,1,1,1,1,1,1,1,1,1,1,1,1,1,1
1468,3,3,4,4,3,3,2,3,3,4,4,3,3,2,3,3,4,4,3,3,2
1469,0,0,0,0,0,0,0,0,0,0,0,0,0,0,0,0,0,0,0,0,0
1470,0,0,0,0,0,0,0,0,0,0,0,0,0,0,0,0,0,0,0,0,0
1471,0,0,0,0,0,0,0,0,0,0,0,0,0,0,0,0,0,0,0,0,0
1472,0,0,0,0,0,0,0,0,0,0,0,0,0,0,0,0,0,0,0,0,0
1473,0,0,0,0,0,0,0,0,0,0,0,0,0,0,0,0,0,0,0,0,0
1474,0,0,0,0,0,0,0,0,0,0,0,0,0,0,0,0,0,0,0,0,0
1475,0,0,1,1,0,0,0,0,0,1,1,0,0,0,0,0,1,1,0,0,0
1476,0,0,0,0,0,0,0,0,0,0,0,0,0,0,0,0,0,0,0,0,0
1477,3,2,2,2,1,1,1,3,2,2,2,1,1,1,3,2,2,2,1,1,1
1478,0,0,0,0,0,0,0,0,0,0,0,0,0,0,0,0,0,0,0,0,0
1479,3,4,4,4,3,3,3,3,4,4,4,3,3,3,3,4,4,4,3,3,3
1480,7,7,9,8,7,8,7,7,7,9,8,7,8,7,7,7,9,8,7,8,7
1481,27,30,31,29,27,24,24,27,30,31,29,27,24,24,27,30,31,29,27,24,24
1482,77,83,83,82,73,68,69,77,83,83,82,73,68,69,77,83,83,82,73,68,69
1483,16,14,14,15,14,13,13,16,14,14,15,14,13,13,16,14,14,15,14,13,13
1484,0,0,0,0,0,0,0,0,0,0,0,0,0,0,0,0,0,0,0,0,0
1485,2,2,3,2,2,1,1,2,2,3,2,2,1,1,2,2,3,2,2,1,1
1486,0,0,0,0,0,0,0,0,0,0,0,0,0,0,0,0,0,0,0,0,0
1487,15,18,19,31,23,17,9,15,18,19,31,23,17,9,15,18,19,31,23,17,9
1488,1,1,3,2,2,1,2,1,1,3,2,2,1,2,1,1,3,2,2,1,2
1489,0,0,0,0,0,0,0,0,0,0,0,0,0,0,0,0,0,0,0,0,0
1490,68,72,75,72,68,59,57,68,72,75,72,68,59,57,68,72,75,72,68,59,57
1491,17,15,15,14,17,14,14,17,15,15,14,17,14,14,17,15,15,14,17,14,14
1492,77,84,79,79,55,66,64,77,84,79,79,55,66,64,77,84,79,79,55,66,64
1493,0,0,1,0,0,0,0,0,0,1,0,0,0,0,0,0,1,0,0,0,0
1494,0,0,0,0,0,0,0,0,0,0,0,0,0,0,0,0,0,0,0,0,0
1495,0,0,0,0,0,0,0,0,0,0,0,0,0,0,0,0,0,0,0,0,0
1496,10,10,10,9,8,7,8,10,10,10,9,8,7,8,10,10,10,9,8,7,8
1497,1,0,0,0,0,0,0,1,0,0,0,0,0,0,1,0,0,0,0,0,0
1498,0,0,0,0,0,0,0,0,0,0,0,0,0,0,0,0,0,0,0,0,0
1499,1,1,1,1,1,1,1,1,1,1,1,1,1,1,1,1,1,1,1,1,1
1500,6,7,7,7,6,6,6,6,7,7,7,6,6,6,6,7,7,7,6,6,6
1501,2,3,3,3,3,2,2,2,3,3,3,3,2,2,2,3,3,3,3,2,2
1502,11,15,14,13,11,10,10,11,15,14,13,11,10,10,11,15,14,13,11,10,10
1503,2,3,3,3,2,2,2,2,3,3,3,2,2,2,2,3,3,3,2,2,2
1504,2,3,3,3,2,2,2,2,3,3,3,2,2,2,2,3,3,3,2,2,2
1505,0,0,0,0,0,0,0,0,0,0,0,0,0,0,0,0,0,0,0,0,0
1506,20,24,23,23,22,19,17,20,24,23,23,22,19,17,20,24,23,23,22,19,17
1507,0,0,0,0,0,0,0,0,0,0,0,0,0,0,0,0,0,0,0,0,0
1508,1,1,1,1,1,1,1,1,1,1,1,1,1,1,1,1,1,1,1,1,1
1509,1,1,1,1,1,1,1,1,1,1,1,1,1,1,1,1,1,1,1,1,1
1510,6,7,8,7,7,6,5,6,7,8,7,7,6,5,6,7,8,7,7,6,5
1511,2,2,2,2,2,2,2,2,2,2,2,2,2,2,2,2,2,2,2,2,2
1512,1,1,1,1,1,1,1,1,1,1,1,1,1,1,1,1,1,1,1,1,1
1513,3,4,5,4,3,3,2,3,4,5,4,3,3,2,3,4,5,4,3,3,2
1514,3,3,3,3,2,2,2,3,3,3,3,2,2,2,3,3,3,3,2,2,2
1515,1,1,1,1,1,1,1,1,1,1,1,1,1,1,1,1,1,1,1,1,1
1516,3,4,3,3,3,2,2,3,4,3,3,3,2,2,3,4,3,3,3,2,2
1517,2,3,3,3,2,2,2,2,3,3,3,2,2,2,2,3,3,3,2,2,2
1518,5,5,6,5,4,4,3,5,5,6,5,4,4,3,5,5,6,5,4,4,3
1519,1,1,2,2,2,1,1,1,1,2,2,2,1,1,1,1,2,2,2,1,1
1520,3,3,3,4,3,3,2,3,3,3,4,3,3,2,3,3,3,4,3,3,2
1521,2,3,3,3,2,2,2,2,3,3,3,2,2,2,2,3,3,3,2,2,2
1522,0,0,0,0,0,0,0,0,0,0,0,0,0,0,0,0,0,0,0,0,0
1523,4,5,6,6,5,4,3,4,5,6,6,5,4,3,4,5,6,6,5,4,3
1524,0,0,0,0,0,0,0,0,0,0,0,0,0,0,0,0,0,0,0,0,0
1525,0,0,0,0,0,0,0,0,0,0,0,0,0,0,0,0,0,0,0,0,0
1526,0,0,0,0,0,0,0,0,0,0,0,0,0,0,0,0,0,0,0,0,0
1527,0,0,0,0,0,0,0,0,0,0,0,0,0,0,0,0,0,0,0,0,0
1528,0,0,0,0,0,0,0,0,0,0,0,0,0,0,0,0,0,0,0,0,0
1529,0,0,0,0,0,0,0,0,0,0,0,0,0,0,0,0,0,0,0,0,0
1530,0,0,0,0,0,0,0,0,0,0,0,0,0,0,0,0,0,0,0,0,0
1531,4,4,4,4,3,2,2,4,4,4,4,3,2,2,4,4,4,4,3,2,2
1532,3,3,3,3,2,2,2,3,3,3,3,2,2,2,3,3,3,3,2,2,2
1533,1,1,1,0,0,0,0,1,1,1,0,0,0,0,1,1,1,0,0,0,0
1534,0,0,0,0,0,0,0,0,0,0,0,0,0,0,0,0,0,0,0,0,0
1535,14,24,26,34,28,31,24,14,24,26,34,28,31,24,14,24,26,34,28,31,24
1536,100,96,91,84,83,77,87,100,96,91,84,83,77,87,100,96,91,84,83,77,87
1537,1,0,0,0,1,0,0,1,0,0,0,1,0,0,1,0,0,0,1,0,0
1538,0,0,0,0,0,0,0,0,0,0,0,0,0,0,0,0,0,0,0,0,0
1539,0,0,0,0,0,0,0,0,0,0,0,0,0,0,0,0,0,0,0,0,0
1540,2,2,2,2,2,1,2,2,2,2,2,2,1,2,2,2,2,2,2,1,2
1541,0,1,1,0,0,0,0,0,1,1,0,0,0,0,0,1,1,0,0,0,0
1542,3,3,3,3,3,2,3,3,3,3,3,3,2,3,3,3,3,3,3,2,3
1543,0,0,0,0,0,0,0,0,0,0,0,0,0,0,0,0,0,0,0,0,0
1544,115,127,133,122,106,96,97,115,127,133,122,106,96,97,115,127,133,122,106,96,97
1545,0,0,0,0,0,0,0,0,0,0,0,0,0,0,0,0,0,0,0,0,0
1546,0,0,0,0,0,0,0,0,0,0,0,0,0,0,0,0,0,0,0,0,0
1547,0,0,0,0,0,0,0,0,0,0,0,0,0,0,0,0,0,0,0,0,0
1548,3,3,4,5,4,3,2,3,3,4,5,4,3,2,3,3,4,5,4,3,2
1549,4,5,7,7,7,5,4,4,5,7,7,7,5,4,4,5,7,7,7,5,4
1550,0,0,0,0,0,0,0,0,0,0,0,0,0,0,0,0,0,0,0,0,0
1551,0,0,0,0,0,0,0,0,0,0,0,0,0,0,0,0,0,0,0,0,0
1552,0,0,0,0,0,0,0,0,0,0,0,0,0,0,0,0,0,0,0,0,0
1553,0,0,0,0,0,0,0,0,0,0,0,0,0,0,0,0,0,0,0,0,0
1554,0,0,0,0,0,0,0,0,0,0,0,0,0,0,0,0,0,0,0,0,0
1555,5,3,3,10,15,7,3,5,3,3,10,15,7,3,5,3,3,10,15,7,3
1556,5,6,6,5,5,5,4,5,6,6,5,5,5,4,5,6,6,5,5,5,4
1557,19,21,21,16,15,14,15,19,21,21,16,15,14,15,19,21,21,16,15,14,15
1558,40,48,53,49,46,40,32,40,48,53,49,46,40,32,40,48,53,49,46,40,32
1559,15,22,23,21,16,14,12,15,22,23,21,16,14,12,15,22,23,21,16,14,12
1560,43,52,53,50,45,35,35,43,52,53,50,45,35,35,43,52,53,50,45,35,35
1561,15,16,16,14,13,11,11,15,16,16,14,13,11,11,15,16,16,14,13,11,11
1562,8,8,9,8,7,6,6,8,8,9,8,7,6,6,8,8,9,8,7,6,6
1563,0,0,0,0,0,0,0,0,0,0,0,0,0,0,0,0,0,0,0,0,0
1564,9,11,12,10,9,8,8,9,11,12,10,9,8,8,9,11,12,10,9,8,8
1565,0,0,0,0,0,0,0,0,0,0,0,0,0,0,0,0,0,0,0,0,0
1566,0,0,0,0,0,0,0,0,0,0,0,0,0,0,0,0,0,0,0,0,0
1567,0,0,0,0,0,0,0,0,0,0,0,0,0,0,0,0,0,0,0,0,0
1568,51,46,42,39,37,39,42,51,46,42,39,37,39,42,51,46,42,39,37,39,42
1569,20,22,21,18,16,14,16,20,22,21,18,16,14,16,20,22,21,18,16,14,16
1570,0,0,0,0,0,0,0,0,0,0,0,0,0,0,0,0,0,0,0,0,0
1571,0,0,0,0,0,0,0,0,0,0,0,0,0,0,0,0,0,0,0,0,0
1572,0,0,0,0,0,0,0,0,0,0,0,0,0,0,0,0,0,0,0,0,0
1573,0,0,0,0,0,0,0,0,0,0,0,0,0,0,0,0,0,0,0,0,0
1574,10,9,8,8,8,8,8,10,9,8,8,8,8,8,10,9,8,8,8,8,8
1575,33,34,31,26,25,26,29,33,34,31,26,25,26,29,33,34,31,26,25,26,29
1576,0,0,0,0,0,0,0,0,0,0,0,0,0,0,0,0,0,0,0,0,0
1577,2,2,2,2,2,2,1,2,2,2,2,2,2,1,2,2,2,2,2,2,1
1578,20,21,21,20,18,17,18,20,21,21,20,18,17,18,20,21,21,20,18,17,18
1579,0,0,0,0,0,0,0,0,0,0,0,0,0,0,0,0,0,0,0,0,0
1580,7,7,7,6,6,5,5,7,7,7,6,6,5,5,7,7,7,6,6,5,5
1581,6,6,6,5,4,3,4,6,6,6,5,4,3,4,6,6,6,5,4,3,4
1582,0,0,0,0,0,0,0,0,0,0,0,0,0,0,0,0,0,0,0,0,0
1583,1,0,0,0,0,0,0,1,0,0,0,0,0,0,1,0,0,0,0,0,0
1584,25,30,27,24,20,12,13,25,30,27,24,20,12,13,25,30,27,24,20,12,13
1585,11,13,14,14,12,10,9,11,13,14,14,12,10,9,11,13,14,14,12,10,9
1586,17,17,17,17,18,16,16,17,17,17,17,18,16,16,17,17,17,17,18,16,16
1587,6,7,7,9,9,9,9,6,7,7,9,9,9,9,6,7,7,9,9,9,9
1588,1,1,1,1,1,1,1,1,1,1,1,1,1,1,1,1,1,1,1,1,1
1589,0,0,0,0,0,0,0,0,0,0,0,0,0,0,0,0,0,0,0,0,0
1590,0,0,0,0,0,0,0,0,0,0,0,0,0,0,0,0,0,0,0,0,0
1591,1,1,1,1,1,0,1,1,1,1,1,1,0,1,1,1,1,1,1,0,1
1592,0,0,0,0,0,0,0,0,0,0,0,0,0,0,0,0,0,0,0,0,0
1593,0,0,0,0,0,0,0,0,0,0,0,0,0,0,0,0,0,0,0,0,0
1594,0,0,0,0,0,0,0,0,0,0,0,0,0,0,0,0,0,0,0,0,0
1595,0,0,0,0,0,0,0,0,0,0,0,0,0,0,0,0,0,0,0,0,0
1596,0,0,0,0,0,0,0,0,0,0,0,0,0,0,0,0,0,0,0,0,0
1597,0,0,0,0,0,0,0,0,0,0,0,0,0,0,0,0,0,0,0,0,0
1598,5,6,6,6,4,3,4,5,6,6,6,4,3,4,5,6,6,6,4,3,4
1599,4,4,4,3,3,2,3,4,4,4,3,3,2,3,4,4,4,3,3,2,3
1600,4,4,4,4,3,2,3,4,4,4,4,3,2,3,4,4,4,4,3,2,3
1601,2,3,3,4,3,2,2,2,3,3,4,3,2,2,2,3,3,4,3,2,2
1602,5,5,5,4,3,4,4,5,5,5,4,3,4,4,5,5,5,4,3,4,4
1603,2,2,2,2,1,1,1,2,2,2,2,1,1,1,2,2,2,2,1,1,1
1604,13,16,17,14,10,10,10,13,16,17,14,10,10,10,13,16,17,14,10,10,10
1605,5,5,5,5,4,4,4,5,5,5,5,4,4,4,5,5,5,5,4,4,4
1606,2,3,3,2,2,2,2,2,3,3,2,2,2,2,2,3,3,2,2,2,2
1607,116,127,133,122,106,96,97,116,127,133,122,106,96,97,116,127,133,122,106,96,97
1608,18,20,20,16,16,13,15,18,20,20,16,16,13,15,18,20,20,16,16,13,15
1609,9,8,9,9,8,7,8,9,8,9,9,8,7,8,9,8,9,9,8,7,8
1610,0,0,0,0,0,0,0,0,0,0,0,0,0,0,0,0,0,0,0,0,0
1611,11,12,12,11,10,10,10,11,12,12,11,10,10,10,11,12,12,11,10,10,10
1612,1,1,1,1,1,1,1,1,1,1,1,1,1,1,1,1,1,1,1,1,1
1613,12,14,12,10,10,9,9,12,14,12,10,10,9,9,12,14,12,10,10,9,9
1614,0,0,0,0,0,0,0,0,0,0,0,0,0,0,0,0,0,0,0,0,0
1615,11,11,11,10,10,9,9,11,11,11,10,10,9,9,11,11,11,10,10,9,9
1616,8,8,8,7,6,6,6,8,8,8,7,6,6,6,8,8,8,7,6,6,6
1617,0,0,1,0,0,0,0,0,0,1,0,0,0,0,0,0,1,0,0,0,0
1618,13,14,13,13,13,11,11,13,14,13,13,13,11,11,13,14,13,13,13,11,11
1619,0,0,0,0,0,0,0,0,0,0,0,0,0,0,0,0,0,0,0,0,0
1620,0,0,0,0,0,0,0,0,0,0,0,0,0,0,0,0,0,0,0,0,0
1621,0,0,0,0,0,0,0,0,0,0,0,0,0,0,0,0,0,0,0,0,0
1622,0,0,0,0,0,0,0,0,0,0,0,0,0,0,0,0,0,0,0,0,0
1623,0,0,0,0,0,0,0,0,0,0,0,0,0,0,0,0,0,0,0,0,0
1624,4,5,5,6,5,5,4,4,5,5,6,5,5,4,4,5,5,6,5,5,4
1625,0,0,0,0,0,0,0,0,0,0,0,0,0,0,0,0,0,0,0,0,0
1626,5,5,3,0,0,0,3,5,5,3,0,0,0,3,5,5,3,0,0,0,3
1627,0,0,0,0,0,0,0,0,0,0,0,0,0,0,0,0,0,0,0,0,0
1628,0,0,0,0,0,0,0,0,0,0,0,0,0,0,0,0,0,0,0,0,0
1629,4,5,6,4,3,2,2,4,5,6,4,3,2,2,4,5,6,4,3,2,2
1630,0,0,0,0,0,0,0,0,0,0,0,0,0,0,0,0,0,0,0,0,0
1631,15,18,19,11,11,9,8,15,18,19,11,11,9,8,15,18,19,11,11,9,8
1632,4,5,6,5,4,3,2,4,5,6,5,4,3,2,4,5,6,5,4,3,2
1633,0,0,0,1,0,0,0,0,0,0,1,0,0,0,0,0,0,1,0,0,0
1634,0,0,0,0,0,0,0,0,0,0,0,0,0,0,0,0,0,0,0,0,0
1635,0,0,0,0,0,0,0,0,0,0,0,0,0,0,0,0,0,0,0,0,0
1636,3,4,5,5,4,4,4,3,4,5,5,4,4,4,3,4,5,5,4,4,4
1637,0,0,0,0,0,0,0,0,0,0,0,0,0,0,0,0,0,0,0,0,0
1638,6,6,7,5,5,6,6,6,6,7,5,5,6,6,6,6,7,5,5,6,6
1639,4,4,6,7,7,4,4,4,4,6,7,7,4,4,4,4,6,7,7,4,4
1640,0,0,0,0,0,0,0,0,0,0,0,0,0,0,0,0,0,0,0,0,0
1641,0,0,0,0,0,0,0,0,0,0,0,0,0,0,0,0,0,0,0,0,0
1642,2,3,3,4,2,2,2,2,3,3,4,2,2,2,2,3,3,4,2,2,2
1643,12,13,13,13,10,8,9,12,13,13,13,10,8,9,12,13,13,13,10,8,9
1644,0,0,0,0,0,0,0,0,0,0,0,0,0,0,0,0,0,0,0,0,0
1645,0,0,0,0,0,0,0,0,0,0,0,0,0,0,0,0,0,0,0,0,0
1646,1,0,0,0,0,0,0,1,0,0,0,0,0,0,1,0,0,0,0,0,0
1647,0,0,0,0,0,0,0,0,0,0,0,0,0,0,0,0,0,0,0,0,0
1648,0,0,0,0,0,0,0,0,0,0,0,0,0,0,0,0,0,0,0,0,0
1649,0,0,0,0,0,0,0,0,0,0,0,0,0,0,0,0,0,0,0,0,0
1650,0,0,0,0,0,0,0,0,0,0,0,0,0,0,0,0,0,0,0,0,0
1651,0,0,0,0,0,0,0,0,0,0,0,0,0,0,0,0,0,0,0,0,0
1652,0,0,0,0,0,0,0,0,0,0,0,0,0,0,0,0,0,0,0,0,0
1653,0,0,0,0,0,0,0,0,0,0,0,0,0,0,0,0,0,0,0,0,0
1654,0,0,0,0,0,0,0,0,0,0,0,0,0,0,0,0,0,0,0,0,0
1655,0,0,0,0,0,0,0,0,0,0,0,0,0,0,0,0,0,0,0,0,0
1656,0,0,0,0,0,0,0,0,0,0,0,0,0,0,0,0,0,0,0,0,0
1657,69,65,68,57,55,61,67,69,65,68,57,55,61,67,69,65,68,57,55,61,67
1658,2,3,3,4,3,2,2,2,3,3,4,3,2,2,2,3,3,4,3,2,2
1659,0,0,0,0,1,0,0,0,0,0,0,1,0,0,0,0,0,0,1,0,0
1660,0,0,0,0,0,0,0,0,0,0,0,0,0,0,0,0,0,0,0,0,0
1661,0,0,0,0,0,0,0,0,0,0,0,0,0,0,0,0,0,0,0,0,0
1662,0,1,1,1,1,1,1,0,1,1,1,1,1,1,0,1,1,1,1,1,1
1663,19,20,20,18,16,15,14,19,20,20,18,16,15,14,19,20,20,18,16,15,14
1664,12,15,15,13,11,10,9,12,15,15,13,11,10,9,12,15,15,13,11,10,9
1665,9,9,9,8,8,7,7,9,9,9,8,8,7,7,9,9,9,8,8,7,7
1666,4,5,5,4,4,3,3,4,5,5,4,4,3,3,4,5,5,4,4,3,3
1667,3,4,4,3,2,2,2,3,4,4,3,2,2,2,3,4,4,3,2,2,2
1668,1,1,2,1,1,1,1,1,1,2,1,1,1,1,1,1,2,1,1,1,1
1669,17,18,20,18,16,14,14,17,18,20,18,16,14,14,17,18,20,18,16,14,14
1670,22,23,23,22,20,17,17,22,23,23,22,20,17,17,22,23,23,22,20,17,17
1671,1,1,2,2,2,1,1,1,1,2,2,2,1,1,1,1,2,2,2,1,1
1672,1,1,1,1,1,0,0,1,1,1,1,1,0,0,1,1,1,1,1,0,0
1673,2,2,3,2,1,2,3,2,2,3,2,1,2,3,2,2,3,2,1,2,3
1674,27,31,30,27,24,21,21,27,31,30,27,24,21,21,27,31,30,27,24,21,21
1675,3,3,3,2,2,2,2,3,3,3,2,2,2,2,3,3,3,2,2,2,2
1676,20,22,23,22,19,17,17,20,22,23,22,19,17,17,20,22,23,22,19,17,17
1677,2,3,3,4,3,2,2,2,3,3,4,3,2,2,2,3,3,4,3,2,2
1678,5,6,7,7,6,5,5,5,6,7,7,6,5,5,5,6,7,7,6,5,5
1679,0,0,0,0,0,0,0,0,0,0,0,0,0,0,0,0,0,0,0,0,0
1680,4,4,5,5,4,4,4,4,4,5,5,4,4,4,4,4,5,5,4,4,4
1681,5,5,6,6,5,4,3,5,5,6,6,5,4,3,5,5,6,6,5,4,3
1682,0,0,0,0,0,0,0,0,0,0,0,0,0,0,0,0,0,0,0,0,0
1683,1,2,2,3,2,2,1,1,2,2,3,2,2,1,1,2,2,3,2,2,1
1684,0,0,0,0,0,0,0,0,0,0,0,0,0,0,0,0,0,0,0,0,0
1685,0,0,0,0,0,0,0,0,0,0,0,0,0,0,0,0,0,0,0,0,0
1686,6,6,7,6,5,5,5,6,6,7,6,5,5,5,6,6,7,6,5,5,5
1687,0,0,0,0,0,0,0,0,0,0,0,0,0,0,0,0,0,0,0,0,0
1688,11,12,10,10,9,8,8,11,12,10,10,9,8,8,11,12,10,10,9,8,8
1689,8,9,10,10,8,6,5,8,9,10,10,8,6,5,8,9,10,10,8,6,5
1690,3,3,3,3,3,2,2,3,3,3,3,3,2,2,3,3,3,3,3,2,2
1691,20,26,31,30,22,17,13,20,26,31,30,22,17,13,20,26,31,30,22,17,13
1692,2,3,3,3,3,2,2,2,3,3,3,3,2,2,2,3,3,3,3,2,2
1693,3,4,3,4,4,3,3,3,4,3,4,4,3,3,3,4,3,4,4,3,3
1694,2,1,1,1,1,1,1,2,1,1,1,1,1,1,2,1,1,1,1,1,1
1695,6,6,6,5,5,4,5,6,6,6,5,5,4,5,6,6,6,5,5,4,5
1696,1,2,2,2,1,1,1,1,2,2,2,1,1,1,1,2,2,2,1,1,1
1697,5,5,6,5,5,4,4,5,5,6,5,5,4,4,5,5,6,5,5,4,4
1698,3,3,3,2,2,2,2,3,3,3,2,2,2,2,3,3,3,2,2,2,2
1699,1,1,1,1,1,1,1,1,1,1,1,1,1,1,1,1,1,1,1,1,1
1700,0,0,0,0,1,0,1,0,0,0,0,1,0,1,0,0,0,0,1,0,1
1701,41,48,47,44,39,31,32,41,48,47,44,39,31,32,41,48,47,44,39,31,32
1702,3,4,4,3,3,3,3,3,4,4,3,3,3,3,3,4,4,3,3,3,3
1703,3,5,4,4,3,4,3,3,5,4,4,3,4,3,3,5,4,4,3,4,3
1704,1,1,1,1,1,1,1,1,1,1,1,1,1,1,1,1,1,1,1,1,1
1705,5,7,7,6,5,4,4,5,7,7,6,5,4,4,5,7,7,6,5,4,4
1706,35,39,40,37,31,28,27,35,39,40,37,31,28,27,35,39,40,37,31,28,27
1707,116,127,133,122,106,96,97,116,127,133,122,106,96,97,116,127,133,122,106,96,97
1708,8,10,10,9,8,6,6,8,10,10,9,8,6,6,8,10,10,9,8,6,6
1709,5,6,6,5,4,4,4,5,6,6,5,4,4,4,5,6,6,5,4,4,4
1710,8,9,8,8,7,6,5,8,9,8,8,7,6,5,8,9,8,8,7,6,5
1711,0,0,0,0,0,0,0,0,0,0,0,0,0,0,0,0,0,0,0,0,0
1712,20,24,25,24,20,17,17,20,24,25,24,20,17,17,20,24,25,24,20,17,17
1713,5,4,4,3,3,2,3,5,4,4,3,3,2,3,5,4,4,3,3,2,3
1714,1,1,1,1,1,1,1,1,1,1,1,1,1,1,1,1,1,1,1,1,1
1715,2,2,2,2,1,1,1,2,2,2,2,1,1,1,2,2,2,2,1,1,1
1716,1,1,1,1,1,0,0,1,1,1,1,1,0,0,1,1,1,1,1,0,0
1717,15,15,16,16,16,12,12,15,15,16,16,16,12,12,15,15,16,16,16,12,12
1718,0,0,0,0,0,0,0,0,0,0,0,0,0,0,0,0,0,0,0,0,0
1719,0,0,0,0,0,0,0,0,0,0,0,0,0,0,0,0,0,0,0,0,0
1720,4,5,5,4,4,3,3,4,5,5,4,4,3,3,4,5,5,4,4,3,3
1721,0,0,0,0,0,0,0,0,0,0,0,0,0,0,0,0,0,0,0,0,0
1722,2,2,3,2,2,2,1,2,2,3,2,2,2,1,2,2,3,2,2,2,1
1723,2,2,2,1,1,1,1,2,2,2,1,1,1,1,2,2,2,1,1,1,1
1724,31,35,35,31,28,25,25,31,35,35,31,28,25,25,31,35,35,31,28,25,25
1725,37,41,40,34,30,25,26,37,41,40,34,30,25,26,37,41,40,34,30,25,26
1726,0,0,0,0,0,0,0,0,0,0,0,0,0,0,0,0,0,0,0,0,0
1727,13,16,16,15,14,10,9,13,16,16,15,14,10,9,13,16,16,15,14,10,9
1728,0,0,0,0,0,0,0,0,0,0,0,0,0,0,0,0,0,0,0,0,0
1729,4,4,4,4,4,3,3,4,4,4,4,4,3,3,4,4,4,4,4,3,3
1730,17,22,22,19,15,13,13,17,22,22,19,15,13,13,17,22,22,19,15,13,13
1731,68,79,79,72,62,52,56,68,79,79,72,62,52,56,68,79,79,72,62,52,56
1732,2,3,3,3,3,2,1,2,3,3,3,3,2,1,2,3,3,3,3,2,1
1733,3,4,5,5,4,3,3,3,4,5,5,4,3,3,3,4,5,5,4,3,3
1734,4,5,5,4,4,3,3,4,5,5,4,4,3,3,4,5,5,4,4,3,3
1735,0,0,0,0,0,0,0,0,0,0,0,0,0,0,0,0,0,0,0,0,0
1736,5,5,4,5,4,4,5,5,5,4,5,4,4,5,5,5,4,5,4,4,5
1737,1,1,1,1,1,0,1,1,1,1,1,1,0,1,1,1,1,1,1,0,1
1738,4,4,4,4,3,3,3,4,4,4,4,3,3,3,4,4,4,4,3,3,3
1739,4,4,4,3,2,2,3,4,4,4,3,2,2,3,4,4,4,3,2,2,3
1740,23,23,27,25,23,18,18,23,23,27,25,23,18,18,23,23,27,25,23,18,18
1741,0,0,0,0,0,0,0,0,0,0,0,0,0,0,0,0,0,0,0,0,0
1742,18,21,20,19,16,14,14,18,21,20,19,16,14,14,18,21,20,19,16,14,14
1743,18,22,25,25,22,18,16,18,22,25,25,22,18,16,18,22,25,25,22,18,16
1744,2,3,2,2,2,2,2,2,3,2,2,2,2,2,2,3,2,2,2,2,2
1745,1,1,1,1,1,1,0,1,1,1,1,1,1,0,1,1,1,1,1,1,0
1746,5,6,7,7,7,6,5,5,6,7,7,7,6,5,5,6,7,7,7,6,5
1747,17,19,20,18,14,12,12,17,19,20,18,14,12,12,17,19,20,18,14,12,12
1748,13,13,13,10,9,9,9,13,13,13,10,9,9,9,13,13,13,10,9,9,9
1749,3,3,3,2,2,2,2,3,3,3,2,2,2,2,3,3,3,2,2,2,2
1750,4,5,5,4,3,3,3,4,5,5,4,3,3,3,4,5,5,4,3,3,3
1751,12,13,15,14,12,11,10,12,13,15,14,12,11,10,12,13,15,14,12,11,10
1752,0,1,1,1,0,0,0,0,1,1,1,0,0,0,0,1,1,1,0,0,0
1753,18,29,32,29,23,12,11,18,29,32,29,23,12,11,18,29,32,29,23,12,11
1754,19,20,20,20,17,13,15,19,20,20,20,17,13,15,19,20,20,20,17,13,15
1755,5,6,7,7,6,4,4,5,6,7,7,6,4,4,5,6,7,7,6,4,4
1756,1,1,1,1,1,1,1,1,1,1,1,1,1,1,1,1,1,1,1,1,1
1757,2,3,3,2,2,2,2,2,3,3,2,2,2,2,2,3,3,2,2,2,2
1758,7,9,8,8,8,5,5,7,9,8,8,8,5,5,7,9,8,8,8,5,5
1759,8,8,8,7,6,6,6,8,8,8,7,6,6,6,8,8,8,7,6,6,6
1760,1,1,1,1,1,1,1,1,1,1,1,1,1,1,1,1,1,1,1,1,1
1761,14,15,17,17,21,20,18,14,15,17,17,21,20,18,14,15,17,17,21,20,18
1762,23,24,31,28,27,20,21,23,24,31,28,27,20,21,23,24,31,28,27,20,21
1763,2,2,2,2,1,1,1,2,2,2,2,1,1,1,2,2,2,2,1,1,1
1764,5,5,4,3,3,3,4,5,5,4,3,3,3,4,5,5,4,3,3,3,4
1765,0,0,0,0,0,0,0,0,0,0,0,0,0,0,0,0,0,0,0,0,0
1766,1,1,1,0,0,0,0,1,1,1,0,0,0,0,1,1,1,0,0,0,0
1767,9,10,9,10,9,9,8,9,10,9,10,9,9,8,9,10,9,10,9,9,8
1768,2,3,3,3,2,3,2,2,3,3,3,2,3,2,2,3,3,3,2,3,2
1769,2,2,2,2,1,1,2,2,2,2,2,1,1,2,2,2,2,2,1,1,2
1770,3,2,2,1,0,1,2,3,2,2,1,0,1,2,3,2,2,1,0,1,2
1771,0,0,0,0,0,0,0,0,0,0,0,0,0,0,0,0,0,0,0,0,0
1772,0,0,0,0,0,0,0,0,0,0,0,0,0,0,0,0,0,0,0,0,0
1773,0,0,0,0,0,0,0,0,0,0,0,0,0,0,0,0,0,0,0,0,0
1774,1,2,2,2,1,1,1,1,2,2,2,1,1,1,1,2,2,2,1,1,1
1775,1,1,1,1,1,1,1,1,1,1,1,1,1,1,1,1,1,1,1,1,1
1776,2,2,2,3,3,3,3,2,2,2,3,3,3,3,2,2,2,3,3,3,3
1777,0,0,0,0,0,0,0,0,0,0,0,0,0,0,0,0,0,0,0,0,0
1778,0,0,0,0,0,0,0,0,0,0,0,0,0,0,0,0,0,0,0,0,0
1779,0,0,0,0,0,0,0,0,0,0,0,0,0,0,0,0,0,0,0,0,0
1780,0,0,0,0,0,0,0,0,0,0,0,0,0,0,0,0,0,0,0,0,0
1781,0,0,0,0,0,0,0,0,0,0,0,0,0,0,0,0,0,0,0,0,0
1782,0,0,0,0,0,0,0,0,0,0,0,0,0,0,0,0,0,0,0,0,0
1783,1,1,1,1,1,1,1,1,1,1,1,1,1,1,1,1,1,1,1,1,1
1784,0,0,0,0,0,0,0,0,0,0,0,0,0,0,0,0,0,0,0,0,0
1785,0,0,0,0,0,0,0,0,0,0,0,0,0,0,0,0,0,0,0,0,0
1786,0,0,0,0,0,0,0,0,0,0,0,0,0,0,0,0,0,0,0,0,0
1787,0,0,0,0,0,0,0,0,0,0,0,0,0,0,0,0,0,0,0,0,0
1788,0,0,0,0,0,0,0,0,0,0,0,0,0,0,0,0,0,0,0,0,0
1789,0,0,0,0,0,0,0,0,0,0,0,0,0,0,0,0,0,0,0,0,0
1790,0,0,0,0,0,0,0,0,0,0,0,0,0,0,0,0,0,0,0,0,0
1791,0,0,0,0,0,0,0,0,0,0,0,0,0,0,0,0,0,0,0,0,0
1792,0,0,0,0,0,0,0,0,0,0,0,0,0,0,0,0,0,0,0,0,0
1793,0,0,0,0,0,0,0,0,0,0,0,0,0,0,0,0,0,0,0,0,0
1794,1,1,1,2,1,1,1,1,1,1,2,1,1,1,1,1,1,2,1,1,1
1795,0,0,0,0,0,0,0,0,0,0,0,0,0,0,0,0,0,0,0,0,0
1796,0,0,0,0,0,0,0,0,0,0,0,0,0,0,0,0,0,0,0,0,0
1797,0,0,0,0,0,0,0,0,0,0,0,0,0,0,0,0,0,0,0,0,0
1798,0,0,0,0,0,0,0,0,0,0,0,0,0,0,0,0,0,0,0,0,0
1799,0,0,0,0,0,0,0,0,0,0,0,0,0,0,0,0,0,0,0,0,0
1800,0,0,0,0,0,0,0,0,0,0,0,0,0,0,0,0,0,0,0,0,0
1801,0,0,0,0,0,0,0,0,0,0,0,0,0,0,0,0,0,0,0,0,0
1802,0,0,0,0,0,0,0,0,0,0,0,0,0,0,0,0,0,0,0,0,0
1803,0,0,0,0,0,0,0,0,0,0,0,0,0,0,0,0,0,0,0,0,0
1804,0,0,0,0,0,0,0,0,0,0,0,0,0,0,0,0,0,0,0,0,0
1805,0,0,0,0,0,0,0,0,0,0,0,0,0,0,0,0,0,0,0,0,0
1806,0,0,0,0,0,0,0,0,0,0,0,0,0,0,0,0,0,0,0,0,0
1807,0,0,0,0,0,0,0,0,0,0,0,0,0,0,0,0,0,0,0,0,0
1808,0,0,0,0,0,0,0,0,0,0,0,0,0,0,0,0,0,0,0,0,0
1809,0,0,0,0,0,0,0,0,0,0,0,0,0,0,0,0,0,0,0,0,0
1810,0,0,0,0,0,0,0,0,0,0,0,0,0,0,0,0,0,0,0,0,0
1811,0,0,0,0,0,0,0,0,0,0,0,0,0,0,0,0,0,0,0,0,0
1812,0,0,0,0,0,0,0,0,0,0,0,0,0,0,0,0,0,0,0,0,0
1813,0,0,0,0,0,0,0,0,0,0,0,0,0,0,0,0,0,0,0,0,0
1814,0,0,0,0,0,0,0,0,0,0,0,0,0,0,0,0,0,0,0,0,0
1815,0,0,0,0,0,0,0,0,0,0,0,0,0,0,0,0,0,0,0,0,0
1816,0,0,0,0,0,0,0,0,0,0,0,0,0,0,0,0,0,0,0,0,0
1817,0,0,0,0,0,0,0,0,0,0,0,0,0,0,0,0,0,0,0,0,0
1818,1,0,0,0,0,0,0,1,0,0,0,0,0,0,1,0,0,0,0,0,0
1819,0,0,0,1,1,1,1,0,0,0,1,1,1,1,0,0,0,1,1,1,1
1820,0,0,0,0,0,0,0,0,0,0,0,0,0,0,0,0,0,0,0,0,0
1821,0,0,0,0,0,0,0,0,0,0,0,0,0,0,0,0,0,0,0,0,0
1822,15,17,21,17,13,12,11,15,17,21,17,13,12,11,15,17,21,17,13,12,11
1823,26,24,23,24,14,19,21,26,24,23,24,14,19,21,26,24,23,24,14,19,21
1824,8,9,8,8,7,7,7,8,9,8,8,7,7,7,8,9,8,8,7,7,7
1825,1,0,0,0,0,0,1,1,0,0,0,0,0,1,1,0,0,0,0,0,1
1826,2,2,2,2,2,2,2,2,2,2,2,2,2,2,2,2,2,2,2,2,2
1827,16,26,31,28,22,11,13,16,26,31,28,22,11,13,16,26,31,28,22,11,13
1828,2,3,3,3,3,2,2,2,3,3,3,3,2,2,2,3,3,3,3,2,2
1829,28,32,34,35,33,26,22,28,32,34,35,33,26,22,28,32,34,35,33,26,22
1830,48,50,52,51,49,42,42,48,50,52,51,49,42,42,48,50,52,51,49,42,42
1831,103,126,133,122,106,93,87,103,126,133,122,106,93,87,103,126,133,122,106,93,87
1832,15,17,19,17,14,12,12,15,17,19,17,14,12,12,15,17,19,17,14,12,12
1833,44,55,65,57,42,33,31,44,55,65,57,42,33,31,44,55,65,57,42,33,31
1834,21,30,32,31,21,18,17,21,30,32,31,21,18,17,21,30,32,31,21,18,17
1835,14,17,18,19,16,13,12,14,17,18,19,16,13,12,14,17,18,19,16,13,12
1836,9,10,14,12,12,11,9,9,10,14,12,12,11,9,9,10,14,12,12,11,9
1837,20,22,35,43,27,22,14,20,22,35,43,27,22,14,20,22,35,43,27,22,14
1838,44,56,51,47,42,38,38,44,56,51,47,42,38,38,44,56,51,47,42,38,38
1839,8,11,15,15,11,5,5,8,11,15,15,11,5,5,8,11,15,15,11,5,5
1840,1,2,3,3,3,2,1,1,2,3,3,3,2,1,1,2,3,3,3,2,1
1841,7,7,9,9,9,9,8,7,7,9,9,9,9,8,7,7,9,9,9,9,8
1842,5,4,4,3,3,3,3,5,4,4,3,3,3,3,5,4,4,3,3,3,3
1843,7,7,7,6,5,4,6,7,7,7,6,5,4,6,7,7,7,6,5,4,6
1844,0,0,0,0,0,0,0,0,0,0,0,0,0,0,0,0,0,0,0,0,0
1845,1,1,1,1,1,1,1,1,1,1,1,1,1,1,1,1,1,1,1,1,1
1846,4,3,4,3,2,2,3,4,3,4,3,2,2,3,4,3,4,3,2,2,3
1847,0,0,0,0,0,0,0,0,0,0,0,0,0,0,0,0,0,0,0,0,0
1848,6,6,6,5,4,3,3,6,6,6,5,4,3,3,6,6,6,5,4,3,3
1849,1,1,1,0,0,0,1,1,1,1,0,0,0,1,1,1,1,0,0,0,1
1850,0,0,0,0,0,0,0,0,0,0,0,0,0,0,0,0,0,0,0,0,0
1851,0,0,0,0,0,0,0,0,0,0,0,0,0,0,0,0,0,0,0,0,0
1852,1,1,1,1,1,0,1,1,1,1,1,1,0,1,1,1,1,1,1,0,1
1853,2,2,2,2,1,1,2,2,2,2,2,1,1,2,2,2,2,2,1,1,2
1854,0,0,0,0,0,0,0,0,0,0,0,0,0,0,0,0,0,0,0,0,0
1855,0,0,0,0,0,0,0,0,0,0,0,0,0,0,0,0,0,0,0,0,0
1856,0,0,0,0,0,0,0,0,0,0,0,0,0,0,0,0,0,0,0,0,0
1857,0,0,0,0,0,0,0,0,0,0,0,0,0,0,0,0,0,0,0,0,0
1858,9,12,15,17,15,10,8,9,12,15,17,15,10,8,9,12,15,17,15,10,8
1859,6,9,10,10,9,6,6,6,9,10,10,9,6,6,6,9,10,10,9,6,6
1860,14,16,16,17,18,18,16,14,16,16,17,18,18,16,14,16,16,17,18,18,16
1861,3,6,9,14,14,7,3,3,6,9,14,14,7,3,3,6,9,14,14,7,3
1862,7,10,9,8,8,5,5,7,10,9,8,8,5,5,7,10,9,8,8,5,5
1863,3,5,5,4,4,2,2,3,5,5,4,4,2,2,3,5,5,4,4,2,2
1864,0,0,0,0,0,0,0,0,0,0,0,0,0,0,0,0,0,0,0,0,0
1865,11,13,14,14,14,12,11,11,13,14,14,14,12,11,11,13,14,14,14,12,11
1866,1,1,1,1,2,1,1,1,1,1,1,2,1,1,1,1,1,1,2,1,1
1867,5,5,4,4,3,5,4,5,5,4,4,3,5,4,5,5,4,4,3,5,4
1868,7,8,8,7,7,7,6,7,8,8,7,7,7,6,7,8,8,7,7,7,6
1869,2,2,3,3,2,2,2,2,2,3,3,2,2,2,2,2,3,3,2,2,2
1870,1,1,1,1,1,1,1,1,1,1,1,1,1,1,1,1,1,1,1,1,1
1871,1,0,0,1,1,1,1,1,0,0,1,1,1,1,1,0,0,1,1,1,1
1872,1,1,1,1,1,1,1,1,1,1,1,1,1,1,1,1,1,1,1,1,1
1873,0,0,0,0,0,0,0,0,0,0,0,0,0,0,0,0,0,0,0,0,0
1874,0,0,0,0,0,0,0,0,0,0,0,0,0,0,0,0,0,0,0,0,0
1875,0,0,0,0,0,0,0,0,0,0,0,0,0,0,0,0,0,0,0,0,0
1876,0,0,0,0,0,0,0,0,0,0,0,0,0,0,0,0,0,0,0,0,0
1877,0,0,0,0,0,0,0,0,0,0,0,0,0,0,0,0,0,0,0,0,0
1878,0,0,0,0,0,0,0,0,0,0,0,0,0,0,0,0,0,0,0,0,0
1879,1,1,1,1,1,1,1,1,1,1,1,1,1,1,1,1,1,1,1,1,1
1880,0,0,0,0,0,0,0,0,0,0,0,0,0,0,0,0,0,0,0,0,0
1881,0,0,0,1,1,1,0,0,0,0,1,1,1,0,0,0,0,1,1,1,0
1882,0,0,0,0,0,0,0,0,0,0,0,0,0,0,0,0,0,0,0,0,0
1883,0,0,0,0,0,0,0,0,0,0,0,0,0,0,0,0,0,0,0,0,0
1884,0,0,0,0,0,0,0,0,0,0,0,0,0,0,0,0,0,0,0,0,0
1885,1,1,1,1,1,1,1,1,1,1,1,1,1,1,1,1,1,1,1,1,1
1886,0,0,0,1,1,1,0,0,0,0,1,1,1,0,0,0,0,1,1,1,0
1887,0,0,0,0,0,0,0,0,0,0,0,0,0,0,0,0,0,0,0,0,0
1888,0,0,0,0,0,0,0,0,0,0,0,0,0,0,0,0,0,0,0,0,0
1889,1,0,1,0,0,0,0,1,0,1,0,0,0,0,1,0,1,0,0,0,0
1890,0,0,0,0,0,0,0,0,0,0,0,0,0,0,0,0,0,0,0,0,0
1891,0,0,0,0,0,0,0,0,0,0,0,0,0,0,0,0,0,0,0,0,0
1892,29,32,30,32,31,29,26,29,32,30,32,31,29,26,29,32,30,32,31,29,26
1893,1,1,1,1,1,1,1,1,1,1,1,1,1,1,1,1,1,1,1,1,1
1894,42,50,56,58,50,37,31,42,50,56,58,50,37,31,42,50,56,58,50,37,31
1895,45,55,58,58,55,44,38,45,55,58,58,55,44,38,45,55,58,58,55,44,38
1896,8,9,16,20,19,15,9,8,9,16,20,19,15,9,8,9,16,20,19,15,9
1897,43,68,77,78,90,56,45,43,68,77,78,90,56,45,43,68,77,78,90,56,45
1898,2,3,3,3,2,1,1,2,3,3,3,2,1,1,2,3,3,3,2,1,1
1899,13,18,19,20,17,12,10,13,18,19,20,17,12,10,13,18,19,20,17,12,10
1900,4,6,7,10,9,4,3,4,6,7,10,9,4,3,4,6,7,10,9,4,3
1901,30,36,40,45,33,32,27,30,36,40,45,33,32,27,30,36,40,45,33,32,27
1902,20,31,39,44,35,23,14,20,31,39,44,35,23,14,20,31,39,44,35,23,14
1903,12,15,20,21,18,16,14,12,15,20,21,18,16,14,12,15,20,21,18,16,14
1904,7,9,10,8,6,6,6,7,9,10,8,6,6,6,7,9,10,8,6,6,6
1905,0,0,0,0,0,0,0,0,0,0,0,0,0,0,0,0,0,0,0,0,0
1906,0,0,0,0,0,0,0,0,0,0,0,0,0,0,0,0,0,0,0,0,0
1907,3,3,4,3,2,2,2,3,3,4,3,2,2,2,3,3,4,3,2,2,2
1908,2,2,2,2,2,2,2,2,2,2,2,2,2,2,2,2,2,2,2,2,2
1909,3,3,3,2,2,2,2,3,3,3,2,2,2,2,3,3,3,2,2,2,2
1910,1,1,2,1,1,1,1,1,1,2,1,1,1,1,1,1,2,1,1,1,1
1911,1,1,1,1,1,1,0,1,1,1,1,1,1,0,1,1,1,1,1,1,0
1912,0,0,0,0,0,0,0,0,0,0,0,0,0,0,0,0,0,0,0,0,0
1913,0,0,0,0,0,0,0,0,0,0,0,0,0,0,0,0,0,0,0,0,0
1914,0,0,0,0,0,0,0,0,0,0,0,0,0,0,0,0,0,0,0,0,0
1915,0,0,0,0,0,0,0,0,0,0,0,0,0,0,0,0,0,0,0,0,0
1916,0,0,0,0,0,0,0,0,0,0,0,0,0,0,0,0,0,0,0,0,0
1917,0,0,0,0,0,0,0,0,0,0,0,0,0,0,0,0,0,0,0,0,0
1918,0,0,0,0,0,0,0,0,0,0,0,0,0,0,0,0,0,0,0,0,0
1919,0,0,0,0,0,0,0,0,0,0,0,0,0,0,0,0,0,0,0,0,0
1920,0,0,0,0,0,0,0,0,0,0,0,0,0,0,0,0,0,0,0,0,0
1921,0,0,0,0,0,0,0,0,0,0,0,0,0,0,0,0,0,0,0,0,0
1922,0,0,0,0,0,0,0,0,0,0,0,0,0,0,0,0,0,0,0,0,0
1923,0,0,0,0,0,0,0,0,0,0,0,0,0,0,0,0,0,0,0,0,0
1924,0,0,0,0,0,0,0,0,0,0,0,0,0,0,0,0,0,0,0,0,0
1925,0,0,0,0,0,0,0,0,0,0,0,0,0,0,0,0,0,0,0,0,0
1926,0,0,0,0,0,0,0,0,0,0,0,0,0,0,0,0,0,0,0,0,0
1927,0,0,0,1,1,1,0,0,0,0,1,1,1,0,0,0,0,1,1,1,0
1928,0,0,0,0,0,0,0,0,0,0,0,0,0,0,0,0,0,0,0,0,0
1929,0,0,0,0,0,0,0,0,0,0,0,0,0,0,0,0,0,0,0,0,0
1930,1,0,0,1,1,1,1,1,0,0,1,1,1,1,1,0,0,1,1,1,1
1931,0,0,0,0,0,0,0,0,0,0,0,0,0,0,0,0,0,0,0,0,0
1932,2,2,2,2,3,2,2,2,2,2,2,3,2,2,2,2,2,2,3,2,2
1933,3,3,4,3,2,2,3,3,3,4,3,2,2,3,3,3,4,3,2,2,3
1934,4,4,5,4,4,3,4,4,4,5,4,4,3,4,4,4,5,4,4,3,4
1935,7,9,6,6,7,7,3,7,9,6,6,7,7,3,7,9,6,6,7,7,3
1936,0,0,0,0,0,0,0,0,0,0,0,0,0,0,0,0,0,0,0,0,0
1937,2,3,2,2,2,2,2,2,3,2,2,2,2,2,2,3,2,2,2,2,2
1938,52,51,50,45,41,40,42,52,51,50,45,41,40,42,52,51,50,45,41,40,42
1939,7,10,9,8,4,4,5,7,10,9,8,4,4,5,7,10,9,8,4,4,5
1940,72,77,84,73,63,57,62,72,77,84,73,63,57,62,72,77,84,73,63,57,62
1941,0,0,0,0,0,0,0,0,0,0,0,0,0,0,0,0,0,0,0,0,0
1942,1,0,0,0,0,0,0,1,0,0,0,0,0,0,1,0,0,0,0,0,0
1943,0,0,0,0,0,0,0,0,0,0,0,0,0,0,0,0,0,0,0,0,0
1944,0,0,0,0,0,0,0,0,0,0,0,0,0,0,0,0,0,0,0,0,0
1945,0,0,0,0,0,0,0,0,0,0,0,0,0,0,0,0,0,0,0,0,0
1946,1,3,2,2,2,0,0,1,3,2,2,2,0,0,1,3,2,2,2,0,0
1947,0,0,0,0,0,0,0,0,0,0,0,0,0,0,0,0,0,0,0,0,0
1948,77,83,86,82,75,66,67,77,83,86,82,75,66,67,77,83,86,82,75,66,67
1949,14,17,18,18,15,13,11,14,17,18,18,15,13,11,14,17,18,18,15,13,11
1950,13,15,14,13,12,11,12,13,15,14,13,12,11,12,13,15,14,13,12,11,12
1951,20,28,33,33,25,19,16,20,28,33,33,25,19,16,20,28,33,33,25,19,16
1952,33,35,34,30,28,25,28,33,35,34,30,28,25,28,33,35,34,30,28,25,28
1953,37,39,40,38,35,35,34,37,39,40,38,35,35,34,37,39,40,38,35,35,34
1954,29,35,38,38,29,23,23,29,35,38,38,29,23,23,29,35,38,38,29,23,23
1955,4,5,5,3,3,3,3,4,5,5,3,3,3,3,4,5,5,3,3,3,3
1956,1,1,1,1,1,1,1,1,1,1,1,1,1,1,1,1,1,1,1,1,1
1957,0,0,0,0,0,0,0,0,0,0,0,0,0,0,0,0,0,0,0,0,0
1958,0,0,0,0,0,0,0,0,0,0,0,0,0,0,0,0,0,0,0,0,0
1959,0,0,0,0,0,0,0,0,0,0,0,0,0,0,0,0,0,0,0,0,0
1960,1,0,0,0,0,0,0,1,0,0,0,0,0,0,1,0,0,0,0,0,0
1961,2,0,0,0,0,0,0,2,0,0,0,0,0,0,2,0,0,0,0,0,0
1962,0,0,0,0,0,0,0,0,0,0,0,0,0,0,0,0,0,0,0,0,0
1963,38,45,41,37,27,24,29,38,45,41,37,27,24,29,38,45,41,37,27,24,29
1964,115,122,129,103,91,85,91,115,122,129,103,91,85,91,115,122,129,103,91,85,91
1965,95,103,88,92,74,70,86,95,103,88,92,74,70,86,95,103,88,92,74,70,86
1966,4,3,4,3,3,4,3,4,3,4,3,3,4,3,4,3,4,3,3,4,3
1967,3,3,4,4,3,4,3,3,3,4,4,3,4,3,3,3,4,4,3,4,3
1968,7,7,7,7,6,5,6,7,7,7,7,6,5,6,7,7,7,7,6,5,6
1969,0,0,0,1,1,0,0,0,0,0,1,1,0,0,0,0,0,1,1,0,0
1970,0,1,0,0,2,0,0,0,1,0,0,2,0,0,0,1,0,0,2,0,0
1971,0,0,0,0,0,0,0,0,0,0,0,0,0,0,0,0,0,0,0,0,0
1972,18,28,34,34,28,18,14,18,28,34,34,28,18,14,18,28,34,34,28,18,14
1973,0,0,0,0,0,0,0,0,0,0,0,0,0,0,0,0,0,0,0,0,0
1974,0,0,0,0,0,0,0,0,0,0,0,0,0,0,0,0,0,0,0,0,0
1975,0,0,0,0,0,0,0,0,0,0,0,0,0,0,0,0,0,0,0,0,0
1976,10,12,12,11,9,7,7,10,12,12,11,9,7,7,10,12,12,11,9,7,7
1977,5,7,8,8,7,5,5,5,7,8,8,7,5,5,5,7,8,8,7,5,5
1978,8,9,11,11,7,5,5,8,9,11,11,7,5,5,8,9,11,11,7,5,5
1979,5,5,5,5,5,4,4,5,5,5,5,5,4,4,5,5,5,5,5,4,4
1980,1,2,2,2,1,1,1,1,2,2,2,1,1,1,1,2,2,2,1,1,1
1981,5,5,5,5,4,4,4,5,5,5,5,4,4,4,5,5,5,5,4,4,4
1982,45,52,54,48,43,35,38,45,52,54,48,43,35,38,45,52,54,48,43,35,38
1983,3,3,4,4,3,2,2,3,3,4,4,3,2,2,3,3,4,4,3,2,2
1984,0,0,0,0,0,0,0,0,0,0,0,0,0,0,0,0,0,0,0,0,0
1985,1,1,2,1,1,1,1,1,1,2,1,1,1,1,1,1,2,1,1,1,1
1986,0,0,0,0,0,0,0,0,0,0,0,0,0,0,0,0,0,0,0,0,0
1987,1,1,1,1,1,1,1,1,1,1,1,1,1,1,1,1,1,1,1,1,1
1988,14,15,17,18,16,14,12,14,15,17,18,16,14,12,14,15,17,18,16,14,12
1989,3,4,4,4,3,3,2,3,4,4,4,3,3,2,3,4,4,4,3,3,2
1990,7,7,8,7,7,6,6,7,7,8,7,7,6,6,7,7,8,7,7,6,6
1991,26,28,29,28,26,23,23,26,28,29,28,26,23,23,26,28,29,28,26,23,23
1992,2,2,2,2,2,2,1,2,2,2,2,2,2,1,2,2,2,2,2,2,1
1993,9,10,10,9,8,7,7,9,10,10,9,8,7,7,9,10,10,9,8,7,7
1994,0,0,0,0,0,0,0,0,0,0,0,0,0,0,0,0,0,0,0,0,0
1995,0,0,0,0,0,0,0,0,0,0,0,0,0,0,0,0,0,0,0,0,0
1996,5,5,4,4,5,5,5,5,5,4,4,5,5,5,5,5,4,4,5,5,5
1997,11,7,7,6,5,4,7,11,7,7,6,5,4,7,11,7,7,6,5,4,7
1998,0,0,0,0,0,0,0,0,0,0,0,0,0,0,0,0,0,0,0,0,0
1999,0,0,0,0,0,0,0,0,0,0,0,0,0,0,0,0,0,0,0,0,0
2000,12,15,14,13,11,10,10,12,15,14,13,11,10,10,12,15,14,13,11,10,10
2001,0,0,0,0,0,0,0,0,0,0,0,0,0,0,0,0,0,0,0,0,0
2002,4,3,6,5,4,2,3,4,3,6,5,4,2,3,4,3,6,5,4,2,3
2003,110,127,133,122,106,96,95,110,127,133,122,106,96,95,110,127,133,122,106,96,95
2004,18,22,24,23,17,15,12,18,22,24,23,17,15,12,18,22,24,23,17,15,12
2005,7,7,8,8,7,6,5,7,7,8,8,7,6,5,7,7,8,8,7,6,5
2006,61,65,74,75,75,63,56,61,65,74,75,75,63,56,61,65,74,75,75,63,56
2007,0,0,0,0,0,0,0,0,0,0,0,0,0,0,0,0,0,0,0,0,0
2008,16,17,17,15,15,15,13,16,17,17,15,15,15,13,16,17,17,15,15,15,13
2009,15,16,15,16,14,18,14,15,16,15,16,14,18,14,15,16,15,16,14,18,14
2010,1,1,1,1,0,1,1,1,1,1,1,0,1,1,1,1,1,1,0,1,1
2011,1,1,2,2,2,2,2,1,1,2,2,2,2,2,1,1,2,2,2,2,2
2012,2,2,2,2,1,2,2,2,2,2,2,1,2,2,2,2,2,2,1,2,2
2013,0,0,0,0,0,0,0,0,0,0,0,0,0,0,0,0,0,0,0,0,0
2014,1,2,2,1,1,1,1,1,2,2,1,1,1,1,1,2,2,1,1,1,1
2015,1,1,1,2,1,1,1,1,1,1,2,1,1,1,1,1,1,2,1,1,1
2016,0,0,0,0,0,0,0,0,0,0,0,0,0,0,0,0,0,0,0,0,0
2017,1,1,2,2,2,2,2,1,1,2,2,2,2,2,1,1,2,2,2,2,2
2018,0,0,0,1,0,0,0,0,0,0,1,0,0,0,0,0,0,1,0,0,0
2019,0,0,0,0,0,0,0,0,0,0,0,0,0,0,0,0,0,0,0,0,0
2020,0,0,0,0,0,0,0,0,0,0,0,0,0,0,0,0,0,0,0,0,0
2021,0,0,0,0,0,0,0,0,0,0,0,0,0,0,0,0,0,0,0,0,0
2022,0,0,0,1,1,0,0,0,0,0,1,1,0,0,0,0,0,1,1,0,0
2023,0,0,0,0,0,0,0,0,0,0,0,0,0,0,0,0,0,0,0,0,0
2024,1,1,1,1,1,1,1,1,1,1,1,1,1,1,1,1,1,1,1,1,1
2025,0,0,0,0,0,1,1,0,0,0,0,0,1,1,0,0,0,0,0,1,1
2026,0,0,0,0,0,0,0,0,0,0,0,0,0,0,0,0,0,0,0,0,0
2027,1,0,1,1,1,0,0,1,0,1,1,1,0,0,1,0,1,1,1,0,0
2028,32,33,35,33,30,27,26,32,33,35,33,30,27,26,32,33,35,33,30,27,26
2029,0,0,0,0,0,0,0,0,0,0,0,0,0,0,0,0,0,0,0,0,0
2030,1,2,2,2,2,2,1,1,2,2,2,2,2,1,1,2,2,2,2,2,1
2031,13,15,17,17,16,13,13,13,15,17,17,16,13,13,13,15,17,17,16,13,13
2032,38,43,48,42,35,29,27,38,43,48,42,35,29,27,38,43,48,42,35,29,27
2033,116,127,133,122,106,96,97,116,127,133,122,106,96,97,116,127,133,122,106,96,97
2034,0,0,0,0,0,0,0,0,0,0,0,0,0,0,0,0,0,0,0,0,0
2035,0,0,0,0,0,0,0,0,0,0,0,0,0,0,0,0,0,0,0,0,0
2036,5,4,4,3,3,3,3,5,4,4,3,3,3,3,5,4,4,3,3,3,3
2037,5,5,5,4,3,2,3,5,5,5,4,3,2,3,5,5,5,4,3,2,3
2038,11,12,12,11,10,9,9,11,12,12,11,10,9,9,11,12,12,11,10,9,9
2039,1,1,1,1,1,1,1,1,1,1,1,1,1,1,1,1,1,1,1,1,1
2040,1,1,3,3,2,1,1,1,1,3,3,2,1,1,1,1,3,3,2,1,1
2041,5,5,5,5,5,6,5,5,5,5,5,5,6,5,5,5,5,5,5,6,5
2042,1,2,2,1,1,1,0,1,2,2,1,1,1,0,1,2,2,1,1,1,0
2043,1,2,1,2,2,2,1,1,2,1,2,2,2,1,1,2,1,2,2,2,1
2044,5,5,5,5,4,4,4,5,5,5,5,4,4,4,5,5,5,5,4,4,4
2045,2,2,2,2,2,2,1,2,2,2,2,2,2,1,2,2,2,2,2,2,1
2046,1,0,0,0,0,1,1,1,0,0,0,0,1,1,1,0,0,0,0,1,1
2047,29,32,35,35,30,25,24,29,32,35,35,30,25,24,29,32,35,35,30,25,24
2048,2,2,2,2,2,2,1,2,2,2,2,2,2,1,2,2,2,2,2,2,1
2049,2,2,2,2,1,1,1,2,2,2,2,1,1,1,2,2,2,2,1,1,1
2050,5,6,6,6,5,4,4,5,6,6,6,5,4,4,5,6,6,6,5,4,4
2051,4,4,4,3,2,2,3,4,4,4,3,2,2,3,4,4,4,3,2,2,3
2052,1,1,1,1,1,1,1,1,1,1,1,1,1,1,1,1,1,1,1,1,1
2053,0,0,0,0,0,0,0,0,0,0,0,0,0,0,0,0,0,0,0,0,0
2054,0,0,0,0,0,0,0,0,0,0,0,0,0,0,0,0,0,0,0,0,0
2055,0,0,0,0,0,0,0,0,0,0,0,0,0,0,0,0,0,0,0,0,0
2056,0,0,0,0,0,0,0,0,0,0,0,0,0,0,0,0,0,0,0,0,0
2057,11,13,13,12,10,8,8,11,13,13,12,10,8,8,11,13,13,12,10,8,8
2058,13,15,16,15,14,12,11,13,15,16,15,14,12,11,13,15,16,15,14,12,11
2059,22,25,24,22,19,17,17,22,25,24,22,19,17,17,22,25,24,22,19,17,17
2060,116,127,133,122,106,96,97,116,127,133,122,106,96,97,116,127,133,122,106,96,97
2061,0,0,0,0,0,0,0,0,0,0,0,0,0,0,0,0,0,0,0,0,0
2062,0,0,0,0,0,0,0,0,0,0,0,0,0,0,0,0,0,0,0,0,0
2063,66,78,86,87,81,83,69,66,78,86,87,81,83,69,66,78,86,87,81,83,69
2064,47,47,44,40,36,37,39,47,47,44,40,36,37,39,47,47,44,40,36,37,39
2065,6,7,7,7,6,5,5,6,7,7,7,6,5,5,6,7,7,7,6,5,5
2066,18,22,23,20,17,15,14,18,22,23,20,17,15,14,18,22,23,20,17,15,14
2067,16,17,19,17,13,7,8,16,17,19,17,13,7,8,16,17,19,17,13,7,8
2068,9,10,8,7,6,6,6,9,10,8,7,6,6,6,9,10,8,7,6,6,6
2069,14,11,15,15,13,15,14,14,11,15,15,13,15,14,14,11,15,15,13,15,14
2070,2,2,1,2,2,2,2,2,2,1,2,2,2,2,2,2,1,2,2,2,2
2071,31,31,29,29,27,23,24,31,31,29,29,27,23,24,31,31,29,29,27,23,24
2072,48,49,46,42,40,39,40,48,49,46,42,40,39,40,48,49,46,42,40,39,40
2073,36,31,25,32,33,33,36,36,31,25,32,33,33,36,36,31,25,32,33,33,36
2074,1,1,1,1,1,1,1,1,1,1,1,1,1,1,1,1,1,1,1,1,1
2075,2,2,2,2,2,1,2,2,2,2,2,2,1,2,2,2,2,2,2,1,2
2076,0,0,0,0,0,0,0,0,0,0,0,0,0,0,0,0,0,0,0,0,0
2077,1,2,2,1,1,1,1,1,2,2,1,1,1,1,1,2,2,1,1,1,1
2078,1,1,1,1,1,1,1,1,1,1,1,1,1,1,1,1,1,1,1,1,1
2079,2,2,3,4,3,2,2,2,2,3,4,3,2,2,2,2,3,4,3,2,2
2080,0,0,0,0,0,0,0,0,0,0,0,0,0,0,0,0,0,0,0,0,0
2081,0,0,0,0,0,0,0,0,0,0,0,0,0,0,0,0,0,0,0,0,0
2082,0,0,0,0,0,0,0,0,0,0,0,0,0,0,0,0,0,0,0,0,0
2083,0,0,0,0,0,0,0,0,0,0,0,0,0,0,0,0,0,0,0,0,0
2084,0,0,0,0,0,0,0,0,0,0,0,0,0,0,0,0,0,0,0,0,0
2085,0,0,0,0,0,0,0,0,0,0,0,0,0,0,0,0,0,0,0,0,0
2086,0,0,0,0,0,0,0,0,0,0,0,0,0,0,0,0,0,0,0,0,0
2087,0,0,0,0,0,0,0,0,0,0,0,0,0,0,0,0,0,0,0,0,0
2088,1,1,1,2,2,2,1,1,1,1,2,2,2,1,1,1,1,2,2,2,1
2089,0,0,0,0,0,0,0,0,0,0,0,0,0,0,0,0,0,0,0,0,0
2090,0,0,0,0,0,0,0,0,0,0,0,0,0,0,0,0,0,0,0,0,0
2091,0,0,0,0,0,0,0,0,0,0,0,0,0,0,0,0,0,0,0,0,0
2092,1,0,0,0,0,0,1,1,0,0,0,0,0,1,1,0,0,0,0,0,1
2093,0,0,0,0,0,0,0,0,0,0,0,0,0,0,0,0,0,0,0,0,0
2094,13,16,15,14,13,11,11,13,16,15,14,13,11,11,13,16,15,14,13,11,11
2095,2,2,2,2,2,1,2,2,2,2,2,2,1,2,2,2,2,2,2,1,2
2096,9,10,8,6,6,5,6,9,10,8,6,6,5,6,9,10,8,6,6,5,6
2097,5,7,8,6,5,3,3,5,7,8,6,5,3,3,5,7,8,6,5,3,3
2098,0,0,0,0,0,0,0,0,0,0,0,0,0,0,0,0,0,0,0,0,0
2099,0,0,0,1,0,0,0,0,0,0,1,0,0,0,0,0,0,1,0,0,0
2100,2,2,2,1,1,1,1,2,2,2,1,1,1,1,2,2,2,1,1,1,1
2101,0,0,0,0,0,0,0,0,0,0,0,0,0,0,0,0,0,0,0,0,0
2102,0,0,0,0,0,0,0,0,0,0,0,0,0,0,0,0,0,0,0,0,0
2103,0,0,0,0,0,0,0,0,0,0,0,0,0,0,0,0,0,0,0,0,0
2104,0,0,0,0,0,0,0,0,0,0,0,0,0,0,0,0,0,0,0,0,0
2105,0,0,0,0,0,0,0,0,0,0,0,0,0,0,0,0,0,0,0,0,0
2106,0,0,0,0,0,0,0,0,0,0,0,0,0,0,0,0,0,0,0,0,0
2107,0,0,0,0,0,0,0,0,0,0,0,0,0,0,0,0,0,0,0,0,0
2108,0,0,0,0,0,0,0,0,0,0,0,0,0,0,0,0,0,0,0,0,0
2109,0,0,0,0,0,0,0,0,0,0,0,0,0,0,0,0,0,0,0,0,0
2110,27,28,29,31,30,29,27,27,28,29,31,30,29,27,27,28,29,31,30,29,27
2111,11,13,14,14,13,9,7,11,13,14,14,13,9,7,11,13,14,14,13,9,7
2112,0,0,0,0,0,0,0,0,0,0,0,0,0,0,0,0,0,0,0,0,0
2113,1,1,1,1,1,1,1,1,1,1,1,1,1,1,1,1,1,1,1,1,1
2114,1,1,1,1,1,1,1,1,1,1,1,1,1,1,1,1,1,1,1,1,1
2115,2,3,3,3,3,3,2,2,3,3,3,3,3,2,2,3,3,3,3,3,2
2116,1,1,0,0,0,0,0,1,1,0,0,0,0,0,1,1,0,0,0,0,0
2117,0,0,0,0,0,0,0,0,0,0,0,0,0,0,0,0,0,0,0,0,0
2118,0,0,0,0,0,0,0,0,0,0,0,0,0,0,0,0,0,0,0,0,0
2119,0,0,0,0,0,0,0,0,0,0,0,0,0,0,0,0,0,0,0,0,0
2120,0,0,0,0,0,0,0,0,0,0,0,0,0,0,0,0,0,0,0,0,0
2121,0,0,0,0,0,0,0,0,0,0,0,0,0,0,0,0,0,0,0,0,0
2122,0,0,0,0,0,0,0,0,0,0,0,0,0,0,0,0,0,0,0,0,0
2123,0,0,0,0,0,0,0,0,0,0,0,0,0,0,0,0,0,0,0,0,0
2124,1,1,1,1,0,1,1,1,1,1,1,0,1,1,1,1,1,1,0,1,1
2125,0,0,0,0,0,0,0,0,0,0,0,0,0,0,0,0,0,0,0,0,0
2126,0,0,0,0,0,0,0,0,0,0,0,0,0,0,0,0,0,0,0,0,0
2127,17,19,20,18,16,14,14,17,19,20,18,16,14,14,17,19,20,18,16,14,14
2128,11,13,13,12,11,10,10,11,13,13,12,11,10,10,11,13,13,12,11,10,10
2129,7,9,9,8,7,6,6,7,9,9,8,7,6,6,7,9,9,8,7,6,6
2130,3,3,3,3,3,2,3,3,3,3,3,3,2,3,3,3,3,3,3,2,3
2131,0,0,0,0,0,0,0,0,0,0,0,0,0,0,0,0,0,0,0,0,0
2132,0,0,0,1,0,0,0,0,0,0,1,0,0,0,0,0,0,1,0,0,0
2133,116,127,133,122,106,96,97,116,127,133,122,106,96,97,116,127,133,122,106,96,97
2134,20,23,22,21,16,12,13,20,23,22,21,16,12,13,20,23,22,21,16,12,13
2135,3,3,4,3,3,3,3,3,3,4,3,3,3,3,3,3,4,3,3,3,3
2136,10,9,9,8,7,6,7,10,9,9,8,7,6,7,10,9,9,8,7,6,7
2137,5,6,7,5,4,3,3,5,6,7,5,4,3,3,5,6,7,5,4,3,3
2138,0,0,0,0,0,0,0,0,0,0,0,0,0,0,0,0,0,0,0,0,0
2139,9,10,9,9,8,7,8,9,10,9,9,8,7,8,9,10,9,9,8,7,8
2140,1,0,0,0,0,1,1,1,0,0,0,0,1,1,1,0,0,0,0,1,1
2141,0,0,0,0,0,0,0,0,0,0,0,0,0,0,0,0,0,0,0,0,0
2142,0,0,0,0,0,0,0,0,0,0,0,0,0,0,0,0,0,0,0,0,0
2143,2,2,2,2,2,2,2,2,2,2,2,2,2,2,2,2,2,2,2,2,2
2144,1,0,0,1,1,1,1,1,0,0,1,1,1,1,1,0,0,1,1,1,1
2145,0,0,0,0,1,1,1,0,0,0,0,1,1,1,0,0,0,0,1,1,1
2146,0,0,0,0,0,0,0,0,0,0,0,0,0,0,0,0,0,0,0,0,0
2147,5,7,5,8,4,5,5,5,7,5,8,4,5,5,5,7,5,8,4,5,5
2148,3,3,3,3,3,2,2,3,3,3,3,3,2,2,3,3,3,3,3,2,2
2149,0,0,0,0,0,0,0,0,0,0,0,0,0,0,0,0,0,0,0,0,0
2150,3,5,4,3,2,2,4,3,5,4,3,2,2,4,3,5,4,3,2,2,4
2151,0,0,0,0,0,0,0,0,0,0,0,0,0,0,0,0,0,0,0,0,0
2152,0,0,0,0,0,0,0,0,0,0,0,0,0,0,0,0,0,0,0,0,0
2153,0,0,0,0,0,0,0,0,0,0,0,0,0,0,0,0,0,0,0,0,0
2154,0,0,0,0,0,0,0,0,0,0,0,0,0,0,0,0,0,0,0,0,0
2155,0,0,0,0,0,0,0,0,0,0,0,0,0,0,0,0,0,0,0,0,0
2156,0,0,0,0,0,0,0,0,0,0,0,0,0,0,0,0,0,0,0,0,0
2157,0,0,0,0,0,0,0,0,0,0,0,0,0,0,0,0,0,0,0,0,0
2158,0,0,0,0,0,0,0,0,0,0,0,0,0,0,0,0,0,0,0,0,0
2159,0,0,0,0,0,0,0,0,0,0,0,0,0,0,0,0,0,0,0,0,0
2160,0,0,0,0,0,0,0,0,0,0,0,0,0,0,0,0,0,0,0,0,0
2161,0,0,0,0,0,0,0,0,0,0,0,0,0,0,0,0,0,0,0,0,0
2162,0,0,0,0,0,0,0,0,0,0,0,0,0,0,0,0,0,0,0,0,0
2163,0,0,0,0,0,0,0,0,0,0,0,0,0,0,0,0,0,0,0,0,0
2164,0,0,0,0,0,0,0,0,0,0,0,0,0,0,0,0,0,0,0,0,0
2165,0,0,0,0,0,0,0,0,0,0,0,0,0,0,0,0,0,0,0,0,0
2166,0,0,0,0,0,0,0,0,0,0,0,0,0,0,0,0,0,0,0,0,0
2167,0,0,0,0,0,0,0,0,0,0,0,0,0,0,0,0,0,0,0,0,0
2168,0,0,0,0,0,0,0,0,0,0,0,0,0,0,0,0,0,0,0,0,0
2169,0,0,0,0,0,0,0,0,0,0,0,0,0,0,0,0,0,0,0,0,0
2170,5,6,5,5,4,4,4,5,6,5,5,4,4,4,5,6,5,5,4,4,4
2171,116,127,133,122,106,96,97,116,127,133,122,106,96,97,116,127,133,122,106,96,97
2172,11,12,12,10,10,9,9,11,12,12,10,10,9,9,11,12,12,10,10,9,9
2173,0,0,0,0,0,0,0,0,0,0,0,0,0,0,0,0,0,0,0,0,0
2174,2,2,1,1,1,1,2,2,2,1,1,1,1,2,2,2,1,1,1,1,2
2175,2,3,3,2,2,2,2,2,3,3,2,2,2,2,2,3,3,2,2,2,2
2176,0,0,0,0,0,0,0,0,0,0,0,0,0,0,0,0,0,0,0,0,0
2177,2,3,3,3,2,2,2,2,3,3,3,2,2,2,2,3,3,3,2,2,2
2178,0,0,0,0,0,0,0,0,0,0,0,0,0,0,0,0,0,0,0,0,0
2179,0,0,0,0,0,0,0,0,0,0,0,0,0,0,0,0,0,0,0,0,0
2180,5,5,6,5,4,4,4,5,5,6,5,4,4,4,5,5,6,5,4,4,4
2181,1,1,1,1,1,1,2,1,1,1,1,1,1,2,1,1,1,1,1,1,2
2182,8,9,7,6,6,7,7,8,9,7,6,6,7,7,8,9,7,6,6,7,7
2183,14,13,12,11,12,11,12,14,13,12,11,12,11,12,14,13,12,11,12,11,12
2184,1,2,1,1,1,1,1,1,2,1,1,1,1,1,1,2,1,1,1,1,1
2185,1,1,1,1,1,0,0,1,1,1,1,1,0,0,1,1,1,1,1,0,0
2186,15,15,15,14,14,14,15,15,15,15,14,14,14,15,15,15,15,14,14,14,15
2187,2,2,2,2,2,1,2,2,2,2,2,2,1,2,2,2,2,2,2,1,2
2188,26,24,22,17,19,20,23,26,24,22,17,19,20,23,26,24,22,17,19,20,23
2189,0,0,0,0,0,0,0,0,0,0,0,0,0,0,0,0,0,0,0,0,0
2190,0,0,0,0,0,0,0,0,0,0,0,0,0,0,0,0,0,0,0,0,0
2191,0,0,0,0,0,0,0,0,0,0,0,0,0,0,0,0,0,0,0,0,0
2192,0,0,0,0,0,0,0,0,0,0,0,0,0,0,0,0,0,0,0,0,0
2193,0,0,0,0,0,0,0,0,0,0,0,0,0,0,0,0,0,0,0,0,0
2194,0,0,0,0,0,0,0,0,0,0,0,0,0,0,0,0,0,0,0,0,0
2195,0,0,0,0,0,0,0,0,0,0,0,0,0,0,0,0,0,0,0,0,0
2196,0,0,0,0,0,0,0,0,0,0,0,0,0,0,0,0,0,0,0,0,0
2197,0,0,0,0,0,0,0,0,0,0,0,0,0,0,0,0,0,0,0,0,0
2198,0,0,0,0,0,0,0,0,0,0,0,0,0,0,0,0,0,0,0,0,0
2199,0,0,0,0,0,0,0,0,0,0,0,0,0,0,0,0,0,0,0,0,0
2200,0,0,0,0,0,0,0,0,0,0,0,0,0,0,0,0,0,0,0,0,0
2201,0,0,0,0,0,0,0,0,0,0,0,0,0,0,0,0,0,0,0,0,0
2202,0,0,0,0,0,0,0,0,0,0,0,0,0,0,0,0,0,0,0,0,0
2203,1,1,1,1,1,1,1,1,1,1,1,1,1,1,1,1,1,1,1,1,1
2204,0,0,0,0,0,0,0,0,0,0,0,0,0,0,0,0,0,0,0,0,0
2205,0,0,0,0,0,0,0,0,0,0,0,0,0,0,0,0,0,0,0,0,0
2206,0,0,0,0,0,0,0,0,0,0,0,0,0,0,0,0,0,0,0,0,0
2207,0,0,0,0,0,0,0,0,0,0,0,0,0,0,0,0,0,0,0,0,0
2208,0,0,0,0,0,0,0,0,0,0,0,0,0,0,0,0,0,0,0,0,0
2209,0,0,0,0,0,0,0,0,0,0,0,0,0,0,0,0,0,0,0,0,0
2210,0,0,0,0,0,0,0,0,0,0,0,0,0,0,0,0,0,0,0,0,0
2211,1,1,1,0,0,0,1,1,1,1,0,0,0,1,1,1,1,0,0,0,1
2212,0,0,0,0,0,0,0,0,0,0,0,0,0,0,0,0,0,0,0,0,0
2213,0,0,0,0,0,0,0,0,0,0,0,0,0,0,0,0,0,0,0,0,0
2214,0,0,0,0,0,0,0,0,0,0,0,0,0,0,0,0,0,0,0,0,0
2215,0,0,0,0,0,0,0,0,0,0,0,0,0,0,0,0,0,0,0,0,0
2216,0,0,0,0,0,0,0,0,0,0,0,0,0,0,0,0,0,0,0,0,0
2217,8,8,8,7,7,6,6,8,8,8,7,7,6,6,8,8,8,7,7,6,6
2218,0,0,0,0,0,0,0,0,0,0,0,0,0,0,0,0,0,0,0,0,0
2219,0,0,0,0,0,0,0,0,0,0,0,0,0,0,0,0,0,0,0,0,0
2220,0,0,0,0,0,0,0,0,0,0,0,0,0,0,0,0,0,0,0,0,0
2221,3,4,4,4,4,3,2,3,4,4,4,4,3,2,3,4,4,4,4,3,2
2222,116,126,115,109,104,96,97,116,126,115,109,104,96,97,116,126,115,109,104,96,97
2223,3,4,4,4,3,3,3,3,4,4,4,3,3,3,3,4,4,4,3,3,3
2224,2,2,2,2,2,3,3,2,2,2,2,2,3,3,2,2,2,2,2,3,3
2225,1,1,1,1,1,1,1,1,1,1,1,1,1,1,1,1,1,1,1,1,1
2226,0,0,0,0,0,0,0,0,0,0,0,0,0,0,0,0,0,0,0,0,0
2227,0,0,0,0,0,0,0,0,0,0,0,0,0,0,0,0,0,0,0,0,0
2228,0,0,0,0,0,0,0,0,0,0,0,0,0,0,0,0,0,0,0,0,0
2229,0,0,0,0,0,0,0,0,0,0,0,0,0,0,0,0,0,0,0,0,0
2230,2,2,1,1,1,1,2,2,2,1,1,1,1,2,2,2,1,1,1,1,2
2231,0,0,0,0,0,0,0,0,0,0,0,0,0,0,0,0,0,0,0,0,0
2232,0,0,0,0,0,0,0,0,0,0,0,0,0,0,0,0,0,0,0,0,0
2233,2,3,2,2,2,1,1,2,3,2,2,2,1,1,2,3,2,2,2,1,1
2234,0,0,0,0,0,0,0,0,0,0,0,0,0,0,0,0,0,0,0,0,0
2235,15,17,18,19,16,14,14,15,17,18,19,16,14,14,15,17,18,19,16,14,14
2236,0,0,0,0,0,0,0,0,0,0,0,0,0,0,0,0,0,0,0,0,0
2237,9,10,9,9,7,7,9,9,10,9,9,7,7,9,9,10,9,9,7,7,9
2238,9,10,10,9,7,7,9,9,10,10,9,7,7,9,9,10,10,9,7,7,9
2239,7,9,10,10,8,6,5,7,9,10,10,8,6,5,7,9,10,10,8,6,5
2240,0,0,0,0,0,0,0,0,0,0,0,0,0,0,0,0,0,0,0,0,0
2241,0,0,0,0,0,0,0,0,0,0,0,0,0,0,0,0,0,0,0,0,0
2242,28,27,28,24,23,21,22,28,27,28,24,23,21,22,28,27,28,24,23,21,22
2243,43,52,54,56,50,41,37,43,52,54,56,50,41,37,43,52,54,56,50,41,37
2244,5,5,5,4,4,4,4,5,5,5,4,4,4,4,5,5,5,4,4,4,4
2245,1,1,1,1,1,1,1,1,1,1,1,1,1,1,1,1,1,1,1,1,1
2246,1,1,1,1,1,1,1,1,1,1,1,1,1,1,1,1,1,1,1,1,1
2247,0,0,0,0,0,0,0,0,0,0,0,0,0,0,0,0,0,0,0,0,0
2248,10,13,16,15,13,10,9,10,13,16,15,13,10,9,10,13,16,15,13,10,9
2249,0,0,0,0,0,0,0,0,0,0,0,0,0,0,0,0,0,0,0,0,0
2250,4,4,4,4,5,3,3,4,4,4,4,5,3,3,4,4,4,4,5,3,3
2251,0,0,0,0,0,0,0,0,0,0,0,0,0,0,0,0,0,0,0,0,0
2252,0,0,0,0,0,0,0,0,0,0,0,0,0,0,0,0,0,0,0,0,0
2253,0,0,0,0,0,0,0,0,0,0,0,0,0,0,0,0,0,0,0,0,0
2254,12,10,8,9,10,9,10,12,10,8,9,10,9,10,12,10,8,9,10,9,10
2255,7,7,6,5,5,5,6,7,7,6,5,5,5,6,7,7,6,5,5,5,6
2256,11,13,13,10,9,7,9,11,13,13,10,9,7,9,11,13,13,10,9,7,9
2257,1,1,1,1,1,1,1,1,1,1,1,1,1,1,1,1,1,1,1,1,1
2258,0,0,0,0,0,0,0,0,0,0,0,0,0,0,0,0,0,0,0,0,0
2259,3,3,3,3,3,3,3,3,3,3,3,3,3,3,3,3,3,3,3,3,3
2260,1,2,3,3,2,1,1,1,2,3,3,2,1,1,1,2,3,3,2,1,1
2261,0,0,0,0,0,0,0,0,0,0,0,0,0,0,0,0,0,0,0,0,0
2262,2,3,2,2,2,2,2,2,3,2,2,2,2,2,2,3,2,2,2,2,2
2263,0,0,0,0,0,0,0,0,0,0,0,0,0,0,0,0,0,0,0,0,0
2264,5,5,5,4,4,3,3,5,5,5,4,4,3,3,5,5,5,4,4,3,3
2265,2,2,2,3,2,1,1,2,2,2,3,2,1,1,2,2,2,3,2,1,1
2266,0,0,0,0,0,0,0,0,0,0,0,0,0,0,0,0,0,0,0,0,0
2267,0,0,0,0,0,0,0,0,0,0,0,0,0,0,0,0,0,0,0,0,0
2268,0,0,0,0,0,0,0,0,0,0,0,0,0,0,0,0,0,0,0,0,0
2269,0,0,0,0,0,0,0,0,0,0,0,0,0,0,0,0,0,0,0,0,0
2270,0,0,0,1,1,0,0,0,0,0,1,1,0,0,0,0,0,1,1,0,0
2271,0,0,0,0,0,0,0,0,0,0,0,0,0,0,0,0,0,0,0,0,0
2272,0,0,0,0,0,0,0,0,0,0,0,0,0,0,0,0,0,0,0,0,0
2273,0,0,0,0,0,0,0,0,0,0,0,0,0,0,0,0,0,0,0,0,0
2274,1,1,1,2,1,1,1,1,1,1,2,1,1,1,1,1,1,2,1,1,1
2275,0,0,0,0,0,0,0,0,0,0,0,0,0,0,0,0,0,0,0,0,0
2276,4,4,5,4,4,3,3,4,4,5,4,4,3,3,4,4,5,4,4,3,3
2277,6,7,8,6,6,5,5,6,7,8,6,6,5,5,6,7,8,6,6,5,5
2278,6,6,7,6,5,4,4,6,6,7,6,5,4,4,6,6,7,6,5,4,4
2279,9,10,9,8,7,7,7,9,10,9,8,7,7,7,9,10,9,8,7,7,7
2280,3,3,3,3,3,2,2,3,3,3,3,3,2,2,3,3,3,3,3,2,2
2281,0,0,0,0,0,0,0,0,0,0,0,0,0,0,0,0,0,0,0,0,0
2282,7,9,10,9,9,7,7,7,9,10,9,9,7,7,7,9,10,9,9,7,7
2283,3,4,4,4,4,3,3,3,4,4,4,4,3,3,3,4,4,4,4,3,3
2284,12,14,14,15,12,11,9,12,14,14,15,12,11,9,12,14,14,15,12,11,9
2285,1,1,1,1,1,1,1,1,1,1,1,1,1,1,1,1,1,1,1,1,1
2286,2,2,2,2,2,1,1,2,2,2,2,2,1,1,2,2,2,2,2,1,1
2287,0,0,1,1,0,0,0,0,0,1,1,0,0,0,0,0,1,1,0,0,0
2288,1,2,1,1,1,1,1,1,2,1,1,1,1,1,1,2,1,1,1,1,1
2289,1,1,1,1,1,1,1,1,1,1,1,1,1,1,1,1,1,1,1,1,1
2290,0,0,0,0,0,0,0,0,0,0,0,0,0,0,0,0,0,0,0,0,0
2291,0,0,0,0,0,0,0,0,0,0,0,0,0,0,0,0,0,0,0,0,0
2292,0,0,0,0,0,0,0,0,0,0,0,0,0,0,0,0,0,0,0,0,0
2293,0,0,0,0,0,0,0,0,0,0,0,0,0,0,0,0,0,0,0,0,0
2294,10,15,17,18,13,10,9,10,15,17,18,13,10,9,10,15,17,18,13,10,9
2295,14,15,17,17,15,12,10,14,15,17,17,15,12,10,14,15,17,17,15,12,10
2296,0,0,0,0,0,0,0,0,0,0,0,0,0,0,0,0,0,0,0,0,0
2297,2,2,2,2,2,2,2,2,2,2,2,2,2,2,2,2,2,2,2,2,2
2298,3,4,3,3,2,3,4,3,4,3,3,2,3,4,3,4,3,3,2,3,4
2299,0,0,0,0,0,0,0,0,0,0,0,0,0,0,0,0,0,0,0,0,0
2300,4,5,5,6,6,6,4,4,5,5,6,6,6,4,4,5,5,6,6,6,4
2301,16,11,9,7,6,9,12,16,11,9,7,6,9,12,16,11,9,7,6,9,12
2302,0,0,0,0,0,0,0,0,0,0,0,0,0,0,0,0,0,0,0,0,0
2303,2,2,3,3,3,3,3,2,2,3,3,3,3,3,2,2,3,3,3,3,3
2304,11,12,12,13,14,11,13,11,12,12,13,14,11,13,11,12,12,13,14,11,13
2305,15,22,34,25,23,35,18,15,22,34,25,23,35,18,15,22,34,25,23,35,18
2306,2,2,3,4,5,4,4,2,2,3,4,5,4,4,2,2,3,4,5,4,4
2307,0,0,0,0,0,0,0,0,0,0,0,0,0,0,0,0,0,0,0,0,0
2308,1,1,2,3,3,2,1,1,1,2,3,3,2,1,1,1,2,3,3,2,1
2309,0,0,0,0,0,0,0,0,0,0,0,0,0,0,0,0,0,0,0,0,0
2310,2,2,2,1,1,2,2,2,2,2,1,1,2,2,2,2,2,1,1,2,2
2311,0,0,0,0,0,0,0,0,0,0,0,0,0,0,0,0,0,0,0,0,0
2312,0,0,0,0,0,0,0,0,0,0,0,0,0,0,0,0,0,0,0,0,0
2313,0,0,0,0,0,0,0,0,0,0,0,0,0,0,0,0,0,0,0,0,0
2314,0,0,0,0,0,0,0,0,0,0,0,0,0,0,0,0,0,0,0,0,0
2315,7,8,7,8,7,6,6,7,8,7,8,7,6,6,7,8,7,8,7,6,6
2316,2,2,2,2,2,2,2,2,2,2,2,2,2,2,2,2,2,2,2,2,2
2317,0,0,0,0,0,0,0,0,0,0,0,0,0,0,0,0,0,0,0,0,0
2318,0,0,0,0,0,0,0,0,0,0,0,0,0,0,0,0,0,0,0,0,0
2319,0,0,0,0,0,0,0,0,0,0,0,0,0,0,0,0,0,0,0,0,0
2320,0,0,0,0,0,0,0,0,0,0,0,0,0,0,0,0,0,0,0,0,0
2321,0,0,0,0,0,0,0,0,0,0,0,0,0,0,0,0,0,0,0,0,0
2322,0,0,0,0,0,0,0,0,0,0,0,0,0,0,0,0,0,0,0,0,0
2323,0,0,0,0,0,0,0,0,0,0,0,0,0,0,0,0,0,0,0,0,0
2324,0,0,0,0,0,0,0,0,0,0,0,0,0,0,0,0,0,0,0,0,0
2325,0,1,1,0,0,0,0,0,1,1,0,0,0,0,0,1,1,0,0,0,0
2326,0,0,0,0,0,0,0,0,0,0,0,0,0,0,0,0,0,0,0,0,0
2327,0,0,0,0,0,0,0,0,0,0,0,0,0,0,0,0,0,0,0,0,0
2328,0,0,0,0,0,0,0,0,0,0,0,0,0,0,0,0,0,0,0,0,0
2329,0,0,0,0,0,0,0,0,0,0,0,0,0,0,0,0,0,0,0,0,0
2330,16,18,19,18,16,15,14,16,18,19,18,16,15,14,16,18,19,18,16,15,14
2331,116,122,103,43,31,30,91,116,122,103,43,31,30,91,116,122,103,43,31,30,91
2332,68,72,75,68,59,59,59,68,72,75,68,59,59,59,68,72,75,68,59,59,59
2333,1,1,1,1,1,1,1,1,1,1,1,1,1,1,1,1,1,1,1,1,1
2334,46,52,51,35,30,25,26,46,52,51,35,30,25,26,46,52,51,35,30,25,26
2335,6,7,7,5,4,4,4,6,7,7,5,4,4,4,6,7,7,5,4,4,4
2336,0,0,0,0,0,0,0,0,0,0,0,0,0,0,0,0,0,0,0,0,0
2337,1,1,1,1,0,0,0,1,1,1,1,0,0,0,1,1,1,1,0,0,0
2338,0,0,0,0,0,0,0,0,0,0,0,0,0,0,0,0,0,0,0,0,0
2339,3,3,4,5,4,3,2,3,3,4,5,4,3,2,3,3,4,5,4,3,2
2340,5,8,10,8,7,4,3,5,8,10,8,7,4,3,5,8,10,8,7,4,3
2341,14,16,16,19,17,13,11,14,16,16,19,17,13,11,14,16,16,19,17,13,11
2342,0,0,1,1,1,0,0,0,0,1,1,1,0,0,0,0,1,1,1,0,0
2343,3,4,4,4,4,3,2,3,4,4,4,4,3,2,3,4,4,4,4,3,2
2344,1,2,2,2,2,1,1,1,2,2,2,2,1,1,1,2,2,2,2,1,1
2345,0,0,0,0,0,0,0,0,0,0,0,0,0,0,0,0,0,0,0,0,0
2346,1,1,2,2,0,0,0,1,1,2,2,0,0,0,1,1,2,2,0,0,0
2347,0,0,0,0,0,0,0,0,0,0,0,0,0,0,0,0,0,0,0,0,0
2348,0,0,0,0,0,0,0,0,0,0,0,0,0,0,0,0,0,0,0,0,0
2349,0,0,0,0,0,0,0,0,0,0,0,0,0,0,0,0,0,0,0,0,0
2350,0,0,0,0,0,0,0,0,0,0,0,0,0,0,0,0,0,0,0,0,0
2351,1,1,1,1,1,1,1,1,1,1,1,1,1,1,1,1,1,1,1,1,1
2352,0,0,0,0,0,0,0,0,0,0,0,0,0,0,0,0,0,0,0,0,0
2353,0,0,0,0,0,0,0,0,0,0,0,0,0,0,0,0,0,0,0,0,0
2354,0,0,0,0,0,0,0,0,0,0,0,0,0,0,0,0,0,0,0,0,0
2355,0,0,0,0,0,0,0,0,0,0,0,0,0,0,0,0,0,0,0,0,0
2356,16,21,19,16,13,13,13,16,21,19,16,13,13,13,16,21,19,16,13,13,13
2357,0,0,0,0,0,0,0,0,0,0,0,0,0,0,0,0,0,0,0,0,0
2358,0,0,0,0,0,0,0,0,0,0,0,0,0,0,0,0,0,0,0,0,0
2359,0,0,0,0,0,0,0,0,0,0,0,0,0,0,0,0,0,0,0,0,0
2360,0,0,0,0,0,0,0,0,0,0,0,0,0,0,0,0,0,0,0,0,0
2361,0,0,0,0,1,0,0,0,0,0,0,1,0,0,0,0,0,0,1,0,0
2362,3,3,2,3,3,3,3,3,3,2,3,3,3,3,3,3,2,3,3,3,3
2363,3,4,3,3,3,3,3,3,4,3,3,3,3,3,3,4,3,3,3,3,3
2364,17,18,19,16,15,14,13,17,18,19,16,15,14,13,17,18,19,16,15,14,13
2365,14,14,14,14,14,13,12,14,14,14,14,14,13,12,14,14,14,14,14,13,12
2366,3,4,5,5,4,4,3,3,4,5,5,4,4,3,3,4,5,5,4,4,3
2367,1,1,1,1,1,1,1,1,1,1,1,1,1,1,1,1,1,1,1,1,1
2368,1,1,1,1,1,1,1,1,1,1,1,1,1,1,1,1,1,1,1,1,1
2369,35,35,34,30,28,29,29,35,35,34,30,28,29,29,35,35,34,30,28,29,29
2370,1,1,1,1,0,1,1,1,1,1,1,0,1,1,1,1,1,1,0,1,1
2371,1,1,1,2,2,1,1,1,1,1,2,2,1,1,1,1,1,2,2,1,1
2372,0,0,0,0,0,0,0,0,0,0,0,0,0,0,0,0,0,0,0,0,0
2373,0,0,0,0,0,0,0,0,0,0,0,0,0,0,0,0,0,0,0,0,0
2374,0,0,0,0,0,0,0,0,0,0,0,0,0,0,0,0,0,0,0,0,0
2375,0,0,0,0,0,0,0,0,0,0,0,0,0,0,0,0,0,0,0,0,0
2376,10,11,12,14,14,12,8,10,11,12,14,14,12,8,10,11,12,14,14,12,8
2377,1,1,1,1,1,1,1,1,1,1,1,1,1,1,1,1,1,1,1,1,1
2378,0,0,0,0,0,0,0,0,0,0,0,0,0,0,0,0,0,0,0,0,0
2379,0,0,0,0,0,0,0,0,0,0,0,0,0,0,0,0,0,0,0,0,0
2380,6,6,4,2,2,3,4,6,6,4,2,2,3,4,6,6,4,2,2,3,4
2381,0,0,0,0,0,0,0,0,0,0,0,0,0,0,0,0,0,0,0,0,0
2382,116,127,133,122,106,96,97,116,127,133,122,106,96,97,116,127,133,122,106,96,97
2383,10,11,13,13,12,10,9,10,11,13,13,12,10,9,10,11,13,13,12,10,9
2384,0,0,0,1,0,1,1,0,0,0,1,0,1,1,0,0,0,1,0,1,1
2385,116,127,130,121,106,93,97,116,127,130,121,106,93,97,116,127,130,121,106,93,97
2386,2,2,2,2,1,1,1,2,2,2,2,1,1,1,2,2,2,2,1,1,1
2387,0,0,0,0,0,0,0,0,0,0,0,0,0,0,0,0,0,0,0,0,0
2388,6,6,6,7,8,7,5,6,6,6,7,8,7,5,6,6,6,7,8,7,5
2389,0,0,0,0,1,1,1,0,0,0,0,1,1,1,0,0,0,0,1,1,1
2390,0,0,0,0,0,0,0,0,0,0,0,0,0,0,0,0,0,0,0,0,0
2391,5,6,6,5,4,4,4,5,6,6,5,4,4,4,5,6,6,5,4,4,4
2392,3,3,4,4,4,3,2,3,3,4,4,4,3,2,3,3,4,4,4,3,2
2393,88,108,113,97,80,65,64,88,108,113,97,80,65,64,88,108,113,97,80,65,64
2394,116,127,133,122,106,96,97,116,127,133,122,106,96,97,116,127,133,122,106,96,97
2395,0,0,0,0,0,0,0,0,0,0,0,0,0,0,0,0,0,0,0,0,0
2396,16,15,13,12,12,12,13,16,15,13,12,12,12,13,16,15,13,12,12,12,13
2397,3,3,4,3,3,3,3,3,3,4,3,3,3,3,3,3,4,3,3,3,3
2398,0,0,0,0,0,0,0,0,0,0,0,0,0,0,0,0,0,0,0,0,0
2399,0,0,0,0,0,0,0,0,0,0,0,0,0,0,0,0,0,0,0,0,0
2400,4,4,3,3,3,3,3,4,4,3,3,3,3,3,4,4,3,3,3,3,3
2401,0,0,0,0,0,0,0,0,0,0,0,0,0,0,0,0,0,0,0,0,0
2402,0,0,0,0,0,0,0,0,0,0,0,0,0,0,0,0,0,0,0,0,0
2403,0,0,0,0,0,0,0,0,0,0,0,0,0,0,0,0,0,0,0,0,0
2404,2,2,2,1,1,2,2,2,2,2,1,1,2,2,2,2,2,1,1,2,2
2405,16,17,13,14,13,12,12,16,17,13,14,13,12,12,16,17,13,14,13,12,12
2406,14,16,15,14,12,11,11,14,16,15,14,12,11,11,14,16,15,14,12,11,11
2407,14,13,12,10,9,10,11,14,13,12,10,9,10,11,14,13,12,10,9,10,11
2408,9,9,9,8,7,6,7,9,9,9,8,7,6,7,9,9,9,8,7,6,7
2409,0,0,0,1,0,0,0,0,0,0,1,0,0,0,0,0,0,1,0,0,0
2410,46,59,69,68,61,46,34,46,59,69,68,61,46,34,46,59,69,68,61,46,34
2411,0,0,0,0,0,0,0,0,0,0,0,0,0,0,0,0,0,0,0,0,0
2412,0,0,0,0,0,0,0,0,0,0,0,0,0,0,0,0,0,0,0,0,0
2413,0,0,0,0,0,0,0,0,0,0,0,0,0,0,0,0,0,0,0,0,0
2414,0,0,0,0,0,0,0,0,0,0,0,0,0,0,0,0,0,0,0,0,0
2415,0,0,0,0,0,0,0,0,0,0,0,0,0,0,0,0,0,0,0,0,0
2416,0,0,0,0,0,0,0,0,0,0,0,0,0,0,0,0,0,0,0,0,0
2417,0,0,0,0,0,0,0,0,0,0,0,0,0,0,0,0,0,0,0,0,0
2418,0,0,0,0,0,0,0,0,0,0,0,0,0,0,0,0,0,0,0,0,0
2419,18,20,21,19,20,17,16,18,20,21,19,20,17,16,18,20,21,19,20,17,16
2420,3,5,5,4,3,2,2,3,5,5,4,3,2,2,3,5,5,4,3,2,2
2421,15,16,17,17,15,13,12,15,16,17,17,15,13,12,15,16,17,17,15,13,12
2422,1,1,2,1,1,1,1,1,1,2,1,1,1,1,1,1,2,1,1,1,1
2423,0,0,0,0,0,0,0,0,0,0,0,0,0,0,0,0,0,0,0,0,0
2424,1,1,2,3,3,3,2,1,1,2,3,3,3,2,1,1,2,3,3,3,2
2425,6,5,5,5,5,5,6,6,5,5,5,5,5,6,6,5,5,5,5,5,6
2426,0,0,0,0,0,0,0,0,0,0,0,0,0,0,0,0,0,0,0,0,0
2427,2,2,2,2,1,1,1,2,2,2,2,1,1,1,2,2,2,2,1,1,1
2428,5,6,6,5,4,4,4,5,6,6,5,4,4,4,5,6,6,5,4,4,4
2429,0,1,1,0,0,0,0,0,1,1,0,0,0,0,0,1,1,0,0,0,0
2430,0,0,0,1,1,0,0,0,0,0,1,1,0,0,0,0,0,1,1,0,0
2431,0,0,0,0,0,0,0,0,0,0,0,0,0,0,0,0,0,0,0,0,0
2432,0,0,0,0,0,0,0,0,0,0,0,0,0,0,0,0,0,0,0,0,0
2433,116,127,133,120,87,88,95,116,127,133,120,87,88,95,116,127,133,120,87,88,95
2434,0,4,4,4,3,3,3,0,4,4,4,3,3,3,0,4,4,4,3,3,3
2435,0,0,0,0,0,0,0,0,0,0,0,0,0,0,0,0,0,0,0,0,0
2436,1,2,1,1,1,1,1,1,2,1,1,1,1,1,1,2,1,1,1,1,1
2437,1,1,1,1,1,1,1,1,1,1,1,1,1,1,1,1,1,1,1,1,1
2438,10,12,13,11,9,7,7,10,12,13,11,9,7,7,10,12,13,11,9,7,7
2439,2,2,2,2,1,1,1,2,2,2,2,1,1,1,2,2,2,2,1,1,1
2440,0,0,0,0,0,0,0,0,0,0,0,0,0,0,0,0,0,0,0,0,0
2441,2,2,3,2,2,2,1,2,2,3,2,2,2,1,2,2,3,2,2,2,1
2442,3,3,3,3,3,3,3,3,3,3,3,3,3,3,3,3,3,3,3,3,3
2443,0,0,0,0,0,0,0,0,0,0,0,0,0,0,0,0,0,0,0,0,0
2444,0,0,0,0,0,0,0,0,0,0,0,0,0,0,0,0,0,0,0,0,0
2445,5,5,5,5,5,4,4,5,5,5,5,5,4,4,5,5,5,5,5,4,4
2446,0,0,0,0,0,0,0,0,0,0,0,0,0,0,0,0,0,0,0,0,0
2447,1,1,1,0,0,0,1,1,1,1,0,0,0,1,1,1,1,0,0,0,1
2448,8,8,6,6,6,7,7,8,8,6,6,6,7,7,8,8,6,6,6,7,7
2449,0,0,0,0,0,0,0,0,0,0,0,0,0,0,0,0,0,0,0,0,0
2450,0,0,0,0,0,0,0,0,0,0,0,0,0,0,0,0,0,0,0,0,0
2451,94,106,104,93,83,72,74,94,106,104,93,83,72,74,94,106,104,93,83,72,74
2452,63,64,65,63,59,56,55,63,64,65,63,59,56,55,63,64,65,63,59,56,55
2453,7,9,10,10,8,5,5,7,9,10,10,8,5,5,7,9,10,10,8,5,5
2454,36,38,42,41,38,32,30,36,38,42,41,38,32,30,36,38,42,41,38,32,30
2455,8,8,7,6,6,7,8,8,8,7,6,6,7,8,8,8,7,6,6,7,8
2456,5,5,6,5,4,3,4,5,5,6,5,4,3,4,5,5,6,5,4,3,4
2457,8,9,10,9,9,8,8,8,9,10,9,9,8,8,8,9,10,9,9,8,8
2458,88,97,95,82,97,88,93,88,97,95,82,97,88,93,88,97,95,82,97,88,93
2459,9,10,10,9,8,7,8,9,10,10,9,8,7,8,9,10,10,9,8,7,8
2460,4,4,3,4,3,3,3,4,4,3,4,3,3,3,4,4,3,4,3,3,3
2461,6,6,6,6,5,5,5,6,6,6,6,5,5,5,6,6,6,6,5,5,5
2462,1,0,0,0,0,0,0,1,0,0,0,0,0,0,1,0,0,0,0,0,0
2463,0,0,0,0,0,0,0,0,0,0,0,0,0,0,0,0,0,0,0,0,0
2464,1,1,1,1,1,1,1,1,1,1,1,1,1,1,1,1,1,1,1,1,1
2465,0,0,0,0,0,0,0,0,0,0,0,0,0,0,0,0,0,0,0,0,0
2466,25,13,12,11,11,15,18,25,13,12,11,11,15,18,25,13,12,11,11,15,18
2467,0,0,0,0,0,0,0,0,0,0,0,0,0,0,0,0,0,0,0,0,0
2468,0,0,0,0,0,0,0,0,0,0,0,0,0,0,0,0,0,0,0,0,0
2469,0,0,0,0,0,0,0,0,0,0,0,0,0,0,0,0,0,0,0,0,0
2470,0,0,0,0,0,0,0,0,0,0,0,0,0,0,0,0,0,0,0,0,0
2471,1,1,1,1,1,1,1,1,1,1,1,1,1,1,1,1,1,1,1,1,1
2472,1,1,1,1,1,1,1,1,1,1,1,1,1,1,1,1,1,1,1,1,1
2473,0,0,0,1,1,0,0,0,0,0,1,1,0,0,0,0,0,1,1,0,0
2474,0,1,0,0,0,0,0,0,1,0,0,0,0,0,0,1,0,0,0,0,0
2475,0,0,0,0,0,0,0,0,0,0,0,0,0,0,0,0,0,0,0,0,0
2476,0,1,1,1,0,0,0,0,1,1,1,0,0,0,0,1,1,1,0,0,0
2477,0,0,0,0,0,0,0,0,0,0,0,0,0,0,0,0,0,0,0,0,0
2478,1,2,2,2,1,1,1,1,2,2,2,1,1,1,1,2,2,2,1,1,1
2479,17,17,17,14,13,13,14,17,17,17,14,13,13,14,17,17,17,14,13,13,14
2480,0,0,0,0,0,0,0,0,0,0,0,0,0,0,0,0,0,0,0,0,0
2481,0,0,0,0,0,0,0,0,0,0,0,0,0,0,0,0,0,0,0,0,0
2482,0,0,0,0,0,0,0,0,0,0,0,0,0,0,0,0,0,0,0,0,0
2483,0,0,0,0,0,0,0,0,0,0,0,0,0,0,0,0,0,0,0,0,0
2484,0,0,0,0,0,0,0,0,0,0,0,0,0,0,0,0,0,0,0,0,0
2485,0,0,0,0,0,0,0,0,0,0,0,0,0,0,0,0,0,0,0,0,0
2486,0,0,0,0,0,0,0,0,0,0,0,0,0,0,0,0,0,0,0,0,0
2487,0,0,0,0,0,0,0,0,0,0,0,0,0,0,0,0,0,0,0,0,0
2488,0,0,0,0,0,0,0,0,0,0,0,0,0,0,0,0,0,0,0,0,0
2489,0,0,0,0,0,0,0,0,0,0,0,0,0,0,0,0,0,0,0,0,0
2490,0,0,0,0,0,0,0,0,0,0,0,0,0,0,0,0,0,0,0,0,0
2491,0,0,0,0,0,0,0,0,0,0,0,0,0,0,0,0,0,0,0,0,0
2492,5,5,5,5,5,5,5,5,5,5,5,5,5,5,5,5,5,5,5,5,5
2493,4,0,0,0,0,0,0,4,0,0,0,0,0,0,4,0,0,0,0,0,0
2494,0,0,0,0,0,0,0,0,0,0,0,0,0,0,0,0,0,0,0,0,0
2495,3,4,4,5,4,4,3,3,4,4,5,4,4,3,3,4,4,5,4,4,3
2496,8,10,11,11,9,8,7,8,10,11,11,9,8,7,8,10,11,11,9,8,7
2497,0,0,1,1,1,1,0,0,0,1,1,1,1,0,0,0,1,1,1,1,0
2498,0,0,0,0,0,0,0,0,0,0,0,0,0,0,0,0,0,0,0,0,0
2499,4,5,5,6,6,5,4,4,5,5,6,6,5,4,4,5,5,6,6,5,4
2500,0,0,0,0,0,0,0,0,0,0,0,0,0,0,0,0,0,0,0,0,0
2501,0,0,0,0,0,0,0,0,0,0,0,0,0,0,0,0,0,0,0,0,0
2502,2,2,2,2,2,2,2,2,2,2,2,2,2,2,2,2,2,2,2,2,2
2503,0,0,0,0,0,0,0,0,0,0,0,0,0,0,0,0,0,0,0,0,0
2504,0,0,0,0,0,0,0,0,0,0,0,0,0,0,0,0,0,0,0,0,0
2505,12,11,11,10,10,9,10,12,11,11,10,10,9,10,12,11,11,10,10,9,10
2506,2,2,2,2,2,2,2,2,2,2,2,2,2,2,2,2,2,2,2,2,2
2507,1,1,1,1,1,1,1,1,1,1,1,1,1,1,1,1,1,1,1,1,1
2508,1,1,1,1,1,1,0,1,1,1,1,1,1,0,1,1,1,1,1,1,0
2509,9,10,10,8,7,5,5,9,10,10,8,7,5,5,9,10,10,8,7,5,5
2510,0,0,0,0,0,0,0,0,0,0,0,0,0,0,0,0,0,0,0,0,0
2511,0,0,0,0,0,0,0,0,0,0,0,0,0,0,0,0,0,0,0,0,0
2512,0,0,0,0,0,0,0,0,0,0,0,0,0,0,0,0,0,0,0,0,0
2513,0,0,0,0,0,0,0,0,0,0,0,0,0,0,0,0,0,0,0,0,0
2514,1,1,0,0,0,1,0,1,1,0,0,0,1,0,1,1,0,0,0,1,0
2515,12,12,12,13,12,16,12,12,12,12,13,12,16,12,12,12,12,13,12,16,12
2516,0,0,0,0,0,0,0,0,0,0,0,0,0,0,0,0,0,0,0,0,0
2517,0,0,0,0,0,0,0,0,0,0,0,0,0,0,0,0,0,0,0,0,0
2518,13,17,17,15,12,9,7,13,17,17,15,12,9,7,13,17,17,15,12,9,7
2519,7,7,8,8,7,5,5,7,7,8,8,7,5,5,7,7,8,8,7,5,5
2520,28,33,37,37,28,21,21,28,33,37,37,28,21,21,28,33,37,37,28,21,21
2521,13,14,15,13,9,7,7,13,14,15,13,9,7,7,13,14,15,13,9,7,7
2522,67,80,75,63,56,45,45,67,80,75,63,56,45,45,67,80,75,63,56,45,45
2523,0,0,0,0,0,0,0,0,0,0,0,0,0,0,0,0,0,0,0,0,0
2524,1,1,1,1,1,1,1,1,1,1,1,1,1,1,1,1,1,1,1,1,1
2525,1,1,0,0,0,0,0,1,1,0,0,0,0,0,1,1,0,0,0,0,0
2526,9,11,8,8,7,7,7,9,11,8,8,7,7,7,9,11,8,8,7,7,7
2527,21,24,23,20,17,16,17,21,24,23,20,17,16,17,21,24,23,20,17,16,17
2528,85,102,104,96,79,66,67,85,102,104,96,79,66,67,85,102,104,96,79,66,67
2529,40,47,52,47,41,37,34,40,47,52,47,41,37,34,40,47,52,47,41,37,34
2530,1,1,1,1,1,1,1,1,1,1,1,1,1,1,1,1,1,1,1,1,1
2531,3,2,3,2,2,2,2,3,2,3,2,2,2,2,3,2,3,2,2,2,2
2532,26,35,42,44,32,22,20,26,35,42,44,32,22,20,26,35,42,44,32,22,20
2533,41,47,55,70,68,59,39,41,47,55,70,68,59,39,41,47,55,70,68,59,39
2534,89,107,110,103,91,74,69,89,107,110,103,91,74,69,89,107,110,103,91,74,69
2535,116,127,133,122,106,96,97,116,127,133,122,106,96,97,116,127,133,122,106,96,97
2536,116,127,133,122,106,96,97,116,127,133,122,106,96,97,116,127,133,122,106,96,97
2537,6,7,7,6,6,5,6,6,7,7,6,6,5,6,6,7,7,6,6,5,6
2538,18,21,18,14,12,10,12,18,21,18,14,12,10,12,18,21,18,14,12,10,12
2539,7,8,7,8,7,7,7,7,8,7,8,7,7,7,7,8,7,8,7,7,7
2540,21,26,24,22,18,15,15,21,26,24,22,18,15,15,21,26,24,22,18,15,15
2541,2,2,2,2,2,2,2,2,2,2,2,2,2,2,2,2,2,2,2,2,2
2542,2,2,2,2,1,1,1,2,2,2,2,1,1,1,2,2,2,2,1,1,1
2543,3,2,2,2,2,2,2,3,2,2,2,2,2,2,3,2,2,2,2,2,2
2544,0,0,0,0,0,0,0,0,0,0,0,0,0,0,0,0,0,0,0,0,0
2545,1,1,1,1,1,1,1,1,1,1,1,1,1,1,1,1,1,1,1,1,1
2546,28,33,34,27,21,20,20,28,33,34,27,21,20,20,28,33,34,27,21,20,20
2547,9,12,13,10,6,6,5,9,12,13,10,6,6,5,9,12,13,10,6,6,5
2548,2,3,2,2,2,1,2,2,3,2,2,2,1,2,2,3,2,2,2,1,2
2549,26,27,27,25,23,20,21,26,27,27,25,23,20,21,26,27,27,25,23,20,21
2550,6,9,13,10,10,8,7,6,9,13,10,10,8,7,6,9,13,10,10,8,7
2551,2,2,2,2,2,1,1,2,2,2,2,2,1,1,2,2,2,2,2,1,1
2552,14,15,13,11,11,10,11,14,15,13,11,11,10,11,14,15,13,11,11,10,11
2553,6,7,7,6,7,6,5,6,7,7,6,7,6,5,6,7,7,6,7,6,5
2554,0,1,1,1,1,0,0,0,1,1,1,1,0,0,0,1,1,1,1,0,0
2555,10,11,12,11,10,9,9,10,11,12,11,10,9,9,10,11,12,11,10,9,9
2556,116,127,133,122,106,96,97,116,127,133,122,106,96,97,116,127,133,122,106,96,97
2557,2,2,2,1,1,1,1,2,2,2,1,1,1,1,2,2,2,1,1,1,1
2558,0,0,0,0,0,0,0,0,0,0,0,0,0,0,0,0,0,0,0,0,0
2559,0,0,0,0,0,0,0,0,0,0,0,0,0,0,0,0,0,0,0,0,0
2560,0,0,0,0,0,0,0,0,0,0,0,0,0,0,0,0,0,0,0,0,0
2561,0,0,0,0,0,0,0,0,0,0,0,0,0,0,0,0,0,0,0,0,0
2562,0,0,0,0,0,0,0,0,0,0,0,0,0,0,0,0,0,0,0,0,0
2563,0,0,0,0,0,0,0,0,0,0,0,0,0,0,0,0,0,0,0,0,0
2564,0,0,0,0,0,0,0,0,0,0,0,0,0,0,0,0,0,0,0,0,0
2565,0,0,0,0,0,0,0,0,0,0,0,0,0,0,0,0,0,0,0,0,0
2566,0,0,0,0,0,0,0,0,0,0,0,0,0,0,0,0,0,0,0,0,0
2567,0,0,0,0,0,0,0,0,0,0,0,0,0,0,0,0,0,0,0,0,0
2568,0,0,0,0,0,0,0,0,0,0,0,0,0,0,0,0,0,0,0,0,0
2569,0,1,1,1,0,0,0,0,1,1,1,0,0,0,0,1,1,1,0,0,0
2570,0,0,0,0,0,0,0,0,0,0,0,0,0,0,0,0,0,0,0,0,0
2571,0,0,0,0,0,0,0,0,0,0,0,0,0,0,0,0,0,0,0,0,0
2572,19,22,19,16,12,12,13,19,22,19,16,12,12,13,19,22,19,16,12,12,13
2573,0,0,0,0,0,0,0,0,0,0,0,0,0,0,0,0,0,0,0,0,0
2574,0,0,0,0,0,0,0,0,0,0,0,0,0,0,0,0,0,0,0,0,0
2575,0,0,0,0,0,0,0,0,0,0,0,0,0,0,0,0,0,0,0,0,0
2576,1,0,0,0,0,0,0,1,0,0,0,0,0,0,1,0,0,0,0,0,0
2577,5,0,0,0,0,0,1,5,0,0,0,0,0,1,5,0,0,0,0,0,1
2578,0,0,0,0,0,0,0,0,0,0,0,0,0,0,0,0,0,0,0,0,0
2579,1,1,2,2,2,1,1,1,1,2,2,2,1,1,1,1,2,2,2,1,1
2580,50,56,59,54,53,42,41,50,56,59,54,53,42,41,50,56,59,54,53,42,41
2581,8,9,9,9,7,7,6,8,9,9,9,7,7,6,8,9,9,9,7,7,6
2582,0,0,0,0,0,0,0,0,0,0,0,0,0,0,0,0,0,0,0,0,0
2583,3,4,4,3,3,2,3,3,4,4,3,3,2,3,3,4,4,3,3,2,3
2584,5,6,7,5,4,4,5,5,6,7,5,4,4,5,5,6,7,5,4,4,5
2585,0,0,0,0,0,0,0,0,0,0,0,0,0,0,0,0,0,0,0,0,0
2586,0,0,0,0,0,0,0,0,0,0,0,0,0,0,0,0,0,0,0,0,0
2587,0,0,0,0,0,0,0,0,0,0,0,0,0,0,0,0,0,0,0,0,0
2588,0,0,1,0,0,0,0,0,0,1,0,0,0,0,0,0,1,0,0,0,0
2589,0,0,0,0,0,0,0,0,0,0,0,0,0,0,0,0,0,0,0,0,0
2590,13,19,19,17,16,16,15,13,19,19,17,16,16,15,13,19,19,17,16,16,15
2591,1,1,1,1,1,0,0,1,1,1,1,1,0,0,1,1,1,1,1,0,0
2592,6,8,7,5,4,3,4,6,8,7,5,4,3,4,6,8,7,5,4,3,4
2593,0,1,1,1,1,0,0,0,1,1,1,1,0,0,0,1,1,1,1,0,0
2594,2,2,4,2,1,2,1,2,2,4,2,1,2,1,2,2,4,2,1,2,1
2595,5,5,6,5,4,3,3,5,5,6,5,4,3,3,5,5,6,5,4,3,3
2596,1,1,1,1,1,1,1,1,1,1,1,1,1,1,1,1,1,1,1,1,1
2597,4,4,4,4,3,3,3,4,4,4,4,3,3,3,4,4,4,4,3,3,3
2598,2,2,2,2,2,2,2,2,2,2,2,2,2,2,2,2,2,2,2,2,2
2599,0,0,0,0,0,0,0,0,0,0,0,0,0,0,0,0,0,0,0,0,0
2600,0,0,0,0,0,0,0,0,0,0,0,0,0,0,0,0,0,0,0,0,0
2601,0,0,0,0,0,0,0,0,0,0,0,0,0,0,0,0,0,0,0,0,0
2602,0,0,0,0,0,0,0,0,0,0,0,0,0,0,0,0,0,0,0,0,0
2603,0,0,0,0,0,0,0,0,0,0,0,0,0,0,0,0,0,0,0,0,0
2604,0,0,0,0,0,0,0,0,0,0,0,0,0,0,0,0,0,0,0,0,0
2605,0,0,0,0,0,0,0,0,0,0,0,0,0,0,0,0,0,0,0,0,0
2606,5,6,7,7,6,5,4,5,6,7,7,6,5,4,5,6,7,7,6,5,4
2607,8,9,9,9,8,7,7,8,9,9,9,8,7,7,8,9,9,9,8,7,7
2608,0,0,0,0,0,0,0,0,0,0,0,0,0,0,0,0,0,0,0,0,0
2609,0,0,0,0,0,0,0,0,0,0,0,0,0,0,0,0,0,0,0,0,0
2610,0,0,0,0,0,0,0,0,0,0,0,0,0,0,0,0,0,0,0,0,0
2611,0,0,0,0,0,0,0,0,0,0,0,0,0,0,0,0,0,0,0,0,0
2612,0,0,0,0,0,0,0,0,0,0,0,0,0,0,0,0,0,0,0,0,0
2613,0,0,0,0,0,0,0,0,0,0,0,0,0,0,0,0,0,0,0,0,0
2614,116,127,133,122,105,96,97,116,127,133,122,105,96,97,116,127,133,122,105,96,97
2615,4,4,4,4,3,3,3,4,4,4,4,3,3,3,4,4,4,4,3,3,3
2616,0,0,0,0,0,0,0,0,0,0,0,0,0,0,0,0,0,0,0,0,0
2617,0,0,0,0,0,0,0,0,0,0,0,0,0,0,0,0,0,0,0,0,0
2618,0,0,0,0,0,0,0,0,0,0,0,0,0,0,0,0,0,0,0,0,0
2619,61,64,64,62,55,52,51,61,64,64,62,55,52,51,61,64,64,62,55,52,51
2620,21,28,24,27,24,19,20,21,28,24,27,24,19,20,21,28,24,27,24,19,20
2621,0,0,0,0,0,0,0,0,0,0,0,0,0,0,0,0,0,0,0,0,0
2622,7,8,9,9,8,6,6,7,8,9,9,8,6,6,7,8,9,9,8,6,6
2623,2,2,2,1,1,1,1,2,2,2,1,1,1,1,2,2,2,1,1,1,1
2624,13,16,16,16,14,13,11,13,16,16,16,14,13,11,13,16,16,16,14,13,11
2625,5,6,7,7,7,5,4,5,6,7,7,7,5,4,5,6,7,7,7,5,4
2626,5,6,7,6,6,4,4,5,6,7,6,6,4,4,5,6,7,6,6,4,4
2627,13,15,15,13,12,10,9,13,15,15,13,12,10,9,13,15,15,13,12,10,9
2628,34,37,41,41,33,29,27,34,37,41,41,33,29,27,34,37,41,41,33,29,27
2629,3,3,3,3,2,2,2,3,3,3,3,2,2,2,3,3,3,3,2,2,2
2630,13,14,15,14,12,10,9,13,14,15,14,12,10,9,13,14,15,14,12,10,9
2631,116,127,133,122,106,96,97,116,127,133,122,106,96,97,116,127,133,122,106,96,97
2632,0,0,0,0,0,0,0,0,0,0,0,0,0,0,0,0,0,0,0,0,0
2633,41,44,44,41,36,34,35,41,44,44,41,36,34,35,41,44,44,41,36,34,35
2634,36,40,44,45,37,28,27,36,40,44,45,37,28,27,36,40,44,45,37,28,27
2635,74,83,90,84,75,66,67,74,83,90,84,75,66,67,74,83,90,84,75,66,67
2636,0,0,0,0,0,0,0,0,0,0,0,0,0,0,0,0,0,0,0,0,0
2637,0,0,0,0,0,0,0,0,0,0,0,0,0,0,0,0,0,0,0,0,0
2638,0,0,0,0,0,0,0,0,0,0,0,0,0,0,0,0,0,0,0,0,0
2639,0,0,0,0,0,0,0,0,0,0,0,0,0,0,0,0,0,0,0,0,0
2640,0,0,0,0,0,0,0,0,0,0,0,0,0,0,0,0,0,0,0,0,0
2641,0,0,0,0,0,0,0,0,0,0,0,0,0,0,0,0,0,0,0,0,0
2642,0,0,0,0,0,0,0,0,0,0,0,0,0,0,0,0,0,0,0,0,0
2643,0,0,0,0,0,0,0,0,0,0,0,0,0,0,0,0,0,0,0,0,0
2644,5,1,1,1,1,1,1,5,1,1,1,1,1,1,5,1,1,1,1,1,1
2645,0,0,0,0,0,0,0,0,0,0,0,0,0,0,0,0,0,0,0,0,0
2646,0,0,0,0,0,0,0,0,0,0,0,0,0,0,0,0,0,0,0,0,0
2647,0,0,0,0,0,0,0,0,0,0,0,0,0,0,0,0,0,0,0,0,0
2648,1,1,2,2,2,1,1,1,1,2,2,2,1,1,1,1,2,2,2,1,1
2649,0,0,0,0,0,0,0,0,0,0,0,0,0,0,0,0,0,0,0,0,0
2650,0,0,0,0,0,0,0,0,0,0,0,0,0,0,0,0,0,0,0,0,0
2651,7,7,6,6,6,6,6,7,7,6,6,6,6,6,7,7,6,6,6,6,6
2652,7,7,6,6,6,6,6,7,7,6,6,6,6,6,7,7,6,6,6,6,6
2653,0,0,0,0,0,0,0,0,0,0,0,0,0,0,0,0,0,0,0,0,0
2654,0,0,0,0,0,0,0,0,0,0,0,0,0,0,0,0,0,0,0,0,0
2655,0,0,0,0,0,0,0,0,0,0,0,0,0,0,0,0,0,0,0,0,0
2656,0,0,0,0,0,0,0,0,0,0,0,0,0,0,0,0,0,0,0,0,0
2657,0,0,0,0,0,0,0,0,0,0,0,0,0,0,0,0,0,0,0,0,0
2658,2,2,2,3,2,1,1,2,2,2,3,2,1,1,2,2,2,3,2,1,1
2659,2,2,2,2,2,1,2,2,2,2,2,2,1,2,2,2,2,2,2,1,2
2660,61,62,68,63,56,51,50,61,62,68,63,56,51,50,61,62,68,63,56,51,50
2661,4,5,5,5,4,4,3,4,5,5,5,4,4,3,4,5,5,5,4,4,3
2662,10,12,12,11,9,9,9,10,12,12,11,9,9,9,10,12,12,11,9,9,9
2663,3,4,4,4,3,3,2,3,4,4,4,3,3,2,3,4,4,4,3,3,2
2664,40,48,51,49,42,37,35,40,48,51,49,42,37,35,40,48,51,49,42,37,35
2665,17,19,21,19,16,13,14,17,19,21,19,16,13,14,17,19,21,19,16,13,14
2666,5,5,6,6,5,4,4,5,5,6,6,5,4,4,5,5,6,6,5,4,4
2667,4,4,5,4,4,4,4,4,4,5,4,4,4,4,4,4,5,4,4,4,4
2668,7,9,9,8,7,5,6,7,9,9,8,7,5,6,7,9,9,8,7,5,6
2669,9,10,12,10,9,7,7,9,10,12,10,9,7,7,9,10,12,10,9,7,7
2670,28,32,35,34,30,26,24,28,32,35,34,30,26,24,28,32,35,34,30,26,24
2671,5,5,5,5,4,2,2,5,5,5,5,4,2,2,5,5,5,5,4,2,2
2672,21,23,20,17,16,16,18,21,23,20,17,16,16,18,21,23,20,17,16,16,18
2673,1,1,1,1,1,0,0,1,1,1,1,1,0,0,1,1,1,1,1,0,0
2674,0,0,0,0,0,0,0,0,0,0,0,0,0,0,0,0,0,0,0,0,0
2675,8,6,6,6,5,6,9,8,6,6,6,5,6,9,8,6,6,6,5,6,9
2676,20,20,25,24,22,19,17,20,20,25,24,22,19,17,20,20,25,24,22,19,17
2677,19,20,20,18,18,16,16,19,20,20,18,18,16,16,19,20,20,18,18,16,16
2678,21,21,21,19,18,17,17,21,21,21,19,18,17,17,21,21,21,19,18,17,17
2679,1,1,1,1,1,1,1,1,1,1,1,1,1,1,1,1,1,1,1,1,1
2680,3,4,4,3,3,2,3,3,4,4,3,3,2,3,3,4,4,3,3,2,3
2681,5,5,6,5,4,4,5,5,5,6,5,4,4,5,5,5,6,5,4,4,5
2682,5,6,6,6,5,5,4,5,6,6,6,5,5,4,5,6,6,6,5,5,4
2683,0,0,0,0,0,0,0,0,0,0,0,0,0,0,0,0,0,0,0,0,0
2684,2,3,2,2,1,1,2,2,3,2,2,1,1,2,2,3,2,2,1,1,2
2685,19,20,19,15,15,14,15,19,20,19,15,15,14,15,19,20,19,15,15,14,15
2686,16,17,19,18,17,15,14,16,17,19,18,17,15,14,16,17,19,18,17,15,14
2687,36,48,53,52,43,32,29,36,48,53,52,43,32,29,36,48,53,52,43,32,29
2688,7,7,6,4,3,3,5,7,7,6,4,3,3,5,7,7,6,4,3,3,5
2689,0,1,1,1,0,0,0,0,1,1,1,0,0,0,0,1,1,1,0,0,0
2690,3,4,4,3,3,2,3,3,4,4,3,3,2,3,3,4,4,3,3,2,3
2691,34,39,40,38,33,30,31,34,39,40,38,33,30,31,34,39,40,38,33,30,31
2692,6,6,6,6,6,5,5,6,6,6,6,6,5,5,6,6,6,6,6,5,5
2693,45,48,46,41,38,37,36,45,48,46,41,38,37,36,45,48,46,41,38,37,36
2694,5,4,4,3,4,4,4,5,4,4,3,4,4,4,5,4,4,3,4,4,4
2695,24,24,24,22,20,19,20,24,24,24,22,20,19,20,24,24,24,22,20,19,20
2696,7,7,6,5,5,4,5,7,7,6,5,5,4,5,7,7,6,5,5,4,5
2697,6,7,7,6,5,5,6,6,7,7,6,5,5,6,6,7,7,6,5,5,6
2698,0,0,0,0,0,0,0,0,0,0,0,0,0,0,0,0,0,0,0,0,0
2699,3,3,3,3,3,3,3,3,3,3,3,3,3,3,3,3,3,3,3,3,3
2700,1,1,1,0,0,0,0,1,1,1,0,0,0,0,1,1,1,0,0,0,0
2701,1,0,0,0,0,0,0,1,0,0,0,0,0,0,1,0,0,0,0,0,0
2702,2,2,2,2,2,2,2,2,2,2,2,2,2,2,2,2,2,2,2,2,2
2703,0,0,0,0,0,0,0,0,0,0,0,0,0,0,0,0,0,0,0,0,0
2704,0,0,0,0,0,0,0,0,0,0,0,0,0,0,0,0,0,0,0,0,0
2705,0,1,1,1,1,1,1,0,1,1,1,1,1,1,0,1,1,1,1,1,1
2706,1,1,1,1,1,1,1,1,1,1,1,1,1,1,1,1,1,1,1,1,1
2707,4,3,2,4,4,2,3,4,3,2,4,4,2,3,4,3,2,4,4,2,3
2708,0,0,0,0,0,0,0,0,0,0,0,0,0,0,0,0,0,0,0,0,0
2709,0,0,0,0,0,0,0,0,0,0,0,0,0,0,0,0,0,0,0,0,0
2710,0,0,0,0,0,0,0,0,0,0,0,0,0,0,0,0,0,0,0,0,0
2711,0,0,0,0,0,0,0,0,0,0,0,0,0,0,0,0,0,0,0,0,0
2712,0,0,0,0,0,0,0,0,0,0,0,0,0,0,0,0,0,0,0,0,0
2713,0,0,0,0,0,0,0,0,0,0,0,0,0,0,0,0,0,0,0,0,0
2714,1,2,3,3,2,1,0,1,2,3,3,2,1,0,1,2,3,3,2,1,0
2715,0,0,0,0,0,0,0,0,0,0,0,0,0,0,0,0,0,0,0,0,0
2716,1,1,1,1,1,1,1,1,1,1,1,1,1,1,1,1,1,1,1,1,1
2717,0,0,0,0,0,0,0,0,0,0,0,0,0,0,0,0,0,0,0,0,0
2718,6,5,10,7,5,7,5,6,5,10,7,5,7,5,6,5,10,7,5,7,5
2719,1,1,1,1,0,0,0,1,1,1,1,0,0,0,1,1,1,1,0,0,0
2720,0,0,0,0,0,0,0,0,0,0,0,0,0,0,0,0,0,0,0,0,0
2721,0,0,0,0,0,0,0,0,0,0,0,0,0,0,0,0,0,0,0,0,0
2722,2,2,2,2,2,1,1,2,2,2,2,2,1,1,2,2,2,2,2,1,1
2723,1,1,1,1,1,0,1,1,1,1,1,1,0,1,1,1,1,1,1,0,1
2724,0,0,0,2,2,2,0,0,0,0,2,2,2,0,0,0,0,2,2,2,0
2725,0,0,0,0,0,0,0,0,0,0,0,0,0,0,0,0,0,0,0,0,0
2726,0,0,0,0,0,0,0,0,0,0,0,0,0,0,0,0,0,0,0,0,0
2727,0,0,0,0,0,0,0,0,0,0,0,0,0,0,0,0,0,0,0,0,0
2728,5,6,5,5,5,5,4,5,6,5,5,5,5,4,5,6,5,5,5,5,4
2729,0,1,1,1,1,1,0,0,1,1,1,1,1,0,0,1,1,1,1,1,0
2730,2,2,1,1,1,1,1,2,2,1,1,1,1,1,2,2,1,1,1,1,1
2731,1,1,1,1,0,0,0,1,1,1,1,0,0,0,1,1,1,1,0,0,0
2732,0,0,0,0,0,0,0,0,0,0,0,0,0,0,0,0,0,0,0,0,0
2733,0,0,0,0,0,0,0,0,0,0,0,0,0,0,0,0,0,0,0,0,0
2734,11,13,12,9,5,4,8,11,13,12,9,5,4,8,11,13,12,9,5,4,8
2735,116,127,133,122,106,96,97,116,127,133,122,106,96,97,116,127,133,122,106,96,97
2736,0,1,1,1,0,0,0,0,1,1,1,0,0,0,0,1,1,1,0,0,0
2737,0,1,1,0,0,1,1,0,1,1,0,0,1,1,0,1,1,0,0,1,1
2738,18,18,16,15,17,17,17,18,18,16,15,17,17,17,18,18,16,15,17,17,17
2739,2,1,2,2,1,1,1,2,1,2,2,1,1,1,2,1,2,2,1,1,1
2740,1,1,1,1,1,1,1,1,1,1,1,1,1,1,1,1,1,1,1,1,1
2741,0,0,0,0,0,0,0,0,0,0,0,0,0,0,0,0,0,0,0,0,0
2742,0,0,0,0,0,0,0,0,0,0,0,0,0,0,0,0,0,0,0,0,0
2743,0,0,0,0,0,0,0,0,0,0,0,0,0,0,0,0,0,0,0,0,0
2744,0,0,0,0,0,0,0,0,0,0,0,0,0,0,0,0,0,0,0,0,0
2745,46,58,58,51,49,38,35,46,58,58,51,49,38,35,46,58,58,51,49,38,35
2746,43,45,49,46,44,40,34,43,45,49,46,44,40,34,43,45,49,46,44,40,34
2747,3,4,4,3,3,3,3,3,4,4,3,3,3,3,3,4,4,3,3,3,3
2748,0,0,0,0,0,0,0,0,0,0,0,0,0,0,0,0,0,0,0,0,0
2749,52,61,60,58,52,42,45,52,61,60,58,52,42,45,52,61,60,58,52,42,45
2750,5,5,5,3,3,4,5,5,5,5,3,3,4,5,5,5,5,3,3,4,5
2751,0,0,0,0,0,0,0,0,0,0,0,0,0,0,0,0,0,0,0,0,0
2752,49,54,51,46,40,35,38,49,54,51,46,40,35,38,49,54,51,46,40,35,38
2753,4,4,4,5,4,3,3,4,4,4,5,4,3,3,4,4,4,5,4,3,3
2754,35,36,38,35,30,24,24,35,36,38,35,30,24,24,35,36,38,35,30,24,24
2755,10,11,13,13,10,7,8,10,11,13,13,10,7,8,10,11,13,13,10,7,8
2756,4,4,5,4,4,4,4,4,4,5,4,4,4,4,4,4,5,4,4,4,4
2757,91,95,99,56,45,35,39,91,95,99,56,45,35,39,91,95,99,56,45,35,39
2758,17,16,17,17,16,14,14,17,16,17,17,16,14,14,17,16,17,17,16,14,14
2759,8,9,9,7,7,6,7,8,9,9,7,7,6,7,8,9,9,7,7,6,7
2760,1,0,0,0,0,0,0,1,0,0,0,0,0,0,1,0,0,0,0,0,0
2761,21,21,21,17,12,13,17,21,21,21,17,12,13,17,21,21,21,17,12,13,17
2762,1,1,1,1,1,1,1,1,1,1,1,1,1,1,1,1,1,1,1,1,1
2763,12,13,13,12,11,9,9,12,13,13,12,11,9,9,12,13,13,12,11,9,9
2764,3,4,3,4,4,2,3,3,4,3,4,4,2,3,3,4,3,4,4,2,3
2765,6,6,6,6,6,6,5,6,6,6,6,6,6,5,6,6,6,6,6,6,5
2766,4,4,4,3,2,2,3,4,4,4,3,2,2,3,4,4,4,3,2,2,3
2767,9,10,10,8,8,6,7,9,10,10,8,8,6,7,9,10,10,8,8,6,7
2768,29,29,29,44,50,50,35,29,29,29,44,50,50,35,29,29,29,44,50,50,35
2769,0,0,0,0,0,0,0,0,0,0,0,0,0,0,0,0,0,0,0,0,0
2770,0,0,0,0,0,0,0,0,0,0,0,0,0,0,0,0,0,0,0,0,0
2771,11,12,11,11,10,9,10,11,12,11,11,10,9,10,11,12,11,11,10,9,10
2772,0,0,0,0,0,0,0,0,0,0,0,0,0,0,0,0,0,0,0,0,0
2773,4,4,4,4,5,4,4,4,4,4,4,5,4,4,4,4,4,4,5,4,4
2774,7,10,11,11,10,6,6,7,10,11,11,10,6,6,7,10,11,11,10,6,6
2775,116,127,133,122,106,96,97,116,127,133,122,106,96,97,116,127,133,122,106,96,97
2776,31,45,52,52,42,29,26,31,45,52,52,42,29,26,31,45,52,52,42,29,26
2777,43,47,53,47,43,34,34,43,47,53,47,43,34,34,43,47,53,47,43,34,34
2778,8,10,12,9,8,6,6,8,10,12,9,8,6,6,8,10,12,9,8,6,6
2779,116,127,133,122,106,96,97,116,127,133,122,106,96,97,116,127,133,122,106,96,97
2780,61,67,70,65,59,52,55,61,67,70,65,59,52,55,61,67,70,65,59,52,55
2781,116,127,133,122,106,96,97,116,127,133,122,106,96,97,116,127,133,122,106,96,97
2782,8,11,12,13,10,10,8,8,11,12,13,10,10,8,8,11,12,13,10,10,8
2783,0,0,0,0,0,0,0,0,0,0,0,0,0,0,0,0,0,0,0,0,0
2784,8,7,6,5,4,5,6,8,7,6,5,4,5,6,8,7,6,5,4,5,6
2785,62,62,64,63,54,49,44,62,62,64,63,54,49,44,62,62,64,63,54,49,44
2786,40,53,51,44,38,29,30,40,53,51,44,38,29,30,40,53,51,44,38,29,30
2787,5,4,4,4,3,2,3,5,4,4,4,3,2,3,5,4,4,4,3,2,3
2788,116,127,133,122,106,96,97,116,127,133,122,106,96,97,116,127,133,122,106,96,97
2789,107,127,133,122,106,83,70,107,127,133,122,106,83,70,107,127,133,122,106,83,70
2790,34,38,40,38,36,35,35,34,38,40,38,36,35,35,34,38,40,38,36,35,35
2791,1,1,1,1,1,0,0,1,1,1,1,1,0,0,1,1,1,1,1,0,0
2792,1,1,1,1,1,1,1,1,1,1,1,1,1,1,1,1,1,1,1,1,1
2793,14,17,18,17,14,12,10,14,17,18,17,14,12,10,14,17,18,17,14,12,10
2794,48,61,61,49,41,39,35,48,61,61,49,41,39,35,48,61,61,49,41,39,35
2795,0,0,0,0,0,0,0,0,0,0,0,0,0,0,0,0,0,0,0,0,0
2796,17,22,24,21,15,15,14,17,22,24,21,15,15,14,17,22,24,21,15,15,14
2797,15,15,12,12,11,10,12,15,15,12,12,11,10,12,15,15,12,12,11,10,12
2798,19,15,15,16,14,10,12,19,15,15,16,14,10,12,19,15,15,16,14,10,12
2799,9,13,14,14,11,9,7,9,13,14,14,11,9,7,9,13,14,14,11,9,7
2800,3,4,4,4,4,4,3,3,4,4,4,4,4,3,3,4,4,4,4,4,3
2801,6,6,6,6,5,5,6,6,6,6,6,5,5,6,6,6,6,6,5,5,6
2802,2,3,3,2,2,1,2,2,3,3,2,2,1,2,2,3,3,2,2,1,2
2803,2,2,2,3,2,2,2,2,2,2,3,2,2,2,2,2,2,3,2,2,2
2804,116,127,133,122,106,96,97,116,127,133,122,106,96,97,116,127,133,122,106,96,97
2805,8,8,8,9,8,7,7,8,8,8,9,8,7,7,8,8,8,9,8,7,7
2806,47,64,53,46,33,37,34,47,64,53,46,33,37,34,47,64,53,46,33,37,34
2807,33,44,55,52,43,30,25,33,44,55,52,43,30,25,33,44,55,52,43,30,25
2808,2,3,3,3,3,2,2,2,3,3,3,3,2,2,2,3,3,3,3,2,2
2809,2,2,2,2,2,1,1,2,2,2,2,2,1,1,2,2,2,2,2,1,1
2810,2,2,2,2,2,1,1,2,2,2,2,2,1,1,2,2,2,2,2,1,1
2811,0,0,0,0,0,0,0,0,0,0,0,0,0,0,0,0,0,0,0,0,0
2812,1,2,1,1,1,1,1,1,2,1,1,1,1,1,1,2,1,1,1,1,1
2813,116,116,115,109,104,96,95,116,116,115,109,104,96,95,116,116,115,109,104,96,95
2814,11,13,15,14,10,8,8,11,13,15,14,10,8,8,11,13,15,14,10,8,8
2815,54,67,65,50,45,44,47,54,67,65,50,45,44,47,54,67,65,50,45,44,47
2816,7,8,6,6,6,5,6,7,8,6,6,6,5,6,7,8,6,6,6,5,6
2817,6,8,9,10,7,5,5,6,8,9,10,7,5,5,6,8,9,10,7,5,5
2818,11,11,11,10,9,8,8,11,11,11,10,9,8,8,11,11,11,10,9,8,8
2819,25,28,29,25,20,18,19,25,28,29,25,20,18,19,25,28,29,25,20,18,19
2820,50,52,51,45,38,32,36,50,52,51,45,38,32,36,50,52,51,45,38,32,36
2821,30,43,43,33,28,22,21,30,43,43,33,28,22,21,30,43,43,33,28,22,21
2822,63,71,75,74,65,56,54,63,71,75,74,65,56,54,63,71,75,74,65,56,54
2823,8,12,20,23,18,9,5,8,12,20,23,18,9,5,8,12,20,23,18,9,5
2824,10,11,13,13,10,7,7,10,11,13,13,10,7,7,10,11,13,13,10,7,7
2825,26,27,30,25,20,25,21,26,27,30,25,20,25,21,26,27,30,25,20,25,21
2826,9,11,9,7,7,5,6,9,11,9,7,7,5,6,9,11,9,7,7,5,6
2827,15,21,26,26,21,15,12,15,21,26,26,21,15,12,15,21,26,26,21,15,12
2828,4,4,4,4,5,3,4,4,4,4,4,5,3,4,4,4,4,4,5,3,4
2829,2,2,2,1,1,1,1,2,2,2,1,1,1,1,2,2,2,1,1,1,1
2830,2,2,2,1,1,1,1,2,2,2,1,1,1,1,2,2,2,1,1,1,1
2831,2,3,4,4,4,3,2,2,3,4,4,4,3,2,2,3,4,4,4,3,2
2832,22,27,23,24,22,20,20,22,27,23,24,22,20,20,22,27,23,24,22,20,20
2833,2,2,2,2,1,1,1,2,2,2,2,1,1,1,2,2,2,2,1,1,1
2834,2,3,4,4,3,2,1,2,3,4,4,3,2,1,2,3,4,4,3,2,1
2835,0,1,1,1,1,0,0,0,1,1,1,1,0,0,0,1,1,1,1,0,0
2836,0,0,0,0,0,0,0,0,0,0,0,0,0,0,0,0,0,0,0,0,0
2837,0,0,0,0,0,0,0,0,0,0,0,0,0,0,0,0,0,0,0,0,0
2838,1,1,1,1,1,1,1,1,1,1,1,1,1,1,1,1,1,1,1,1,1
2839,2,2,2,3,3,2,2,2,2,2,3,3,2,2,2,2,2,3,3,2,2
2840,1,1,1,1,1,1,1,1,1,1,1,1,1,1,1,1,1,1,1,1,1
2841,1,1,2,2,2,1,1,1,1,2,2,2,1,1,1,1,2,2,2,1,1
2842,1,1,2,2,2,1,1,1,1,2,2,2,1,1,1,1,2,2,2,1,1
2843,3,9,10,11,14,13,7,3,9,10,11,14,13,7,3,9,10,11,14,13,7
2844,0,0,0,0,0,0,0,0,0,0,0,0,0,0,0,0,0,0,0,0,0
2845,0,0,0,0,0,0,0,0,0,0,0,0,0,0,0,0,0,0,0,0,0
2846,0,0,0,0,0,0,0,0,0,0,0,0,0,0,0,0,0,0,0,0,0
2847,0,0,0,0,0,0,0,0,0,0,0,0,0,0,0,0,0,0,0,0,0
2848,0,0,0,0,0,0,0,0,0,0,0,0,0,0,0,0,0,0,0,0,0
2849,1,1,1,1,1,1,1,1,1,1,1,1,1,1,1,1,1,1,1,1,1
2850,0,0,0,0,0,0,0,0,0,0,0,0,0,0,0,0,0,0,0,0,0
2851,0,0,0,0,0,0,0,0,0,0,0,0,0,0,0,0,0,0,0,0,0
2852,0,0,0,0,0,0,0,0,0,0,0,0,0,0,0,0,0,0,0,0,0
2853,0,0,0,0,0,0,0,0,0,0,0,0,0,0,0,0,0,0,0,0,0
2854,2,2,2,2,1,1,1,2,2,2,2,1,1,1,2,2,2,2,1,1,1
2855,0,0,0,0,0,0,0,0,0,0,0,0,0,0,0,0,0,0,0,0,0
2856,0,0,0,0,0,0,0,0,0,0,0,0,0,0,0,0,0,0,0,0,0
2857,0,0,0,0,0,0,0,0,0,0,0,0,0,0,0,0,0,0,0,0,0
2858,0,0,0,0,0,0,0,0,0,0,0,0,0,0,0,0,0,0,0,0,0
2859,0,0,0,0,0,0,0,0,0,0,0,0,0,0,0,0,0,0,0,0,0
2860,0,0,0,0,0,0,0,0,0,0,0,0,0,0,0,0,0,0,0,0,0
2861,0,0,0,0,0,0,0,0,0,0,0,0,0,0,0,0,0,0,0,0,0
2862,0,0,0,0,0,0,0,0,0,0,0,0,0,0,0,0,0,0,0,0,0
2863,1,1,1,0,0,0,1,1,1,1,0,0,0,1,1,1,1,0,0,0,1
2864,19,22,17,8,10,9,11,19,22,17,8,10,9,11,19,22,17,8,10,9,11
2865,2,1,1,0,0,1,1,2,1,1,0,0,1,1,2,1,1,0,0,1,1
2866,0,0,0,0,0,0,0,0,0,0,0,0,0,0,0,0,0,0,0,0,0
2867,1,2,1,1,1,1,1,1,2,1,1,1,1,1,1,2,1,1,1,1,1
2868,0,0,0,0,0,0,0,0,0,0,0,0,0,0,0,0,0,0,0,0,0
2869,0,1,1,1,1,1,0,0,1,1,1,1,1,0,0,1,1,1,1,1,0
2870,1,2,2,4,4,3,3,1,2,2,4,4,3,3,1,2,2,4,4,3,3
2871,1,1,1,1,1,1,0,1,1,1,1,1,1,0,1,1,1,1,1,1,0
2872,0,0,0,0,0,0,0,0,0,0,0,0,0,0,0,0,0,0,0,0,0
2873,0,0,0,0,0,0,0,0,0,0,0,0,0,0,0,0,0,0,0,0,0
2874,0,0,0,0,0,0,0,0,0,0,0,0,0,0,0,0,0,0,0,0,0
2875,0,0,0,0,0,0,0,0,0,0,0,0,0,0,0,0,0,0,0,0,0
2876,1,0,0,0,0,0,0,1,0,0,0,0,0,0,1,0,0,0,0,0,0
2877,0,0,0,0,0,0,0,0,0,0,0,0,0,0,0,0,0,0,0,0,0
2878,0,0,0,0,0,0,0,0,0,0,0,0,0,0,0,0,0,0,0,0,0
2879,0,0,0,0,1,0,0,0,0,0,0,1,0,0,0,0,0,0,1,0,0
2880,0,0,0,0,0,0,0,0,0,0,0,0,0,0,0,0,0,0,0,0,0
2881,0,0,0,0,0,0,0,0,0,0,0,0,0,0,0,0,0,0,0,0,0
2882,0,0,0,0,0,0,0,0,0,0,0,0,0,0,0,0,0,0,0,0,0
2883,0,0,0,0,0,0,0,0,0,0,0,0,0,0,0,0,0,0,0,0,0
2884,0,0,0,0,0,0,0,0,0,0,0,0,0,0,0,0,0,0,0,0,0
2885,0,0,0,0,0,0,0,0,0,0,0,0,0,0,0,0,0,0,0,0,0
2886,0,0,0,0,0,0,0,0,0,0,0,0,0,0,0,0,0,0,0,0,0
2887,0,0,0,0,0,0,0,0,0,0,0,0,0,0,0,0,0,0,0,0,0
2888,1,1,1,2,2,0,1,1,1,1,2,2,0,1,1,1,1,2,2,0,1
2889,1,0,0,0,0,0,0,1,0,0,0,0,0,0,1,0,0,0,0,0,0
2890,0,0,0,0,0,0,0,0,0,0,0,0,0,0,0,0,0,0,0,0,0
2891,0,0,0,0,0,0,0,0,0,0,0,0,0,0,0,0,0,0,0,0,0
2892,0,0,0,0,0,0,0,0,0,0,0,0,0,0,0,0,0,0,0,0,0
2893,3,3,4,4,5,4,3,3,3,4,4,5,4,3,3,3,4,4,5,4,3
2894,2,2,2,1,1,1,1,2,2,2,1,1,1,1,2,2,2,1,1,1,1
2895,0,0,0,0,0,0,0,0,0,0,0,0,0,0,0,0,0,0,0,0,0
2896,0,0,0,0,0,0,0,0,0,0,0,0,0,0,0,0,0,0,0,0,0
2897,23,22,21,20,18,18,19,23,22,21,20,18,18,19,23,22,21,20,18,18,19
2898,24,26,26,28,26,23,22,24,26,26,28,26,23,22,24,26,26,28,26,23,22
2899,5,6,6,5,5,4,4,5,6,6,5,5,4,4,5,6,6,5,5,4,4
2900,14,16,17,17,16,12,12,14,16,17,17,16,12,12,14,16,17,17,16,12,12
2901,2,3,3,3,2,2,2,2,3,3,3,2,2,2,2,3,3,3,2,2,2
2902,15,15,14,14,14,12,12,15,15,14,14,14,12,12,15,15,14,14,14,12,12
2903,2,3,3,2,2,1,2,2,3,3,2,2,1,2,2,3,3,2,2,1,2
2904,0,0,0,0,0,0,0,0,0,0,0,0,0,0,0,0,0,0,0,0,0
2905,0,0,0,0,0,0,0,0,0,0,0,0,0,0,0,0,0,0,0,0,0
2906,0,0,0,0,0,0,0,0,0,0,0,0,0,0,0,0,0,0,0,0,0
2907,25,27,24,25,24,19,21,25,27,24,25,24,19,21,25,27,24,25,24,19,21
2908,1,1,1,0,0,0,0,1,1,1,0,0,0,0,1,1,1,0,0,0,0
2909,0,0,0,0,0,0,0,0,0,0,0,0,0,0,0,0,0,0,0,0,0
2910,2,2,2,2,2,2,2,2,2,2,2,2,2,2,2,2,2,2,2,2,2
2911,17,18,21,20,18,16,15,17,18,21,20,18,16,15,17,18,21,20,18,16,15
2912,21,21,19,17,16,16,15,21,21,19,17,16,16,15,21,21,19,17,16,16,15
2913,1,1,1,1,1,0,1,1,1,1,1,1,0,1,1,1,1,1,1,0,1
2914,38,43,40,34,30,30,32,38,43,40,34,30,30,32,38,43,40,34,30,30,32
2915,16,15,14,18,16,14,16,16,15,14,18,16,14,16,16,15,14,18,16,14,16
2916,6,7,8,7,6,5,6,6,7,8,7,6,5,6,6,7,8,7,6,5,6
2917,1,1,1,1,0,0,1,1,1,1,1,0,0,1,1,1,1,1,0,0,1
2918,0,0,1,0,0,0,0,0,0,1,0,0,0,0,0,0,1,0,0,0,0
2919,18,16,12,11,9,11,12,18,16,12,11,9,11,12,18,16,12,11,9,11,12
2920,2,3,2,4,2,3,3,2,3,2,4,2,3,3,2,3,2,4,2,3,3
2921,5,6,6,5,5,4,5,5,6,6,5,5,4,5,5,6,6,5,5,4,5
2922,0,0,0,0,0,0,0,0,0,0,0,0,0,0,0,0,0,0,0,0,0
2923,35,41,40,36,30,28,30,35,41,40,36,30,28,30,35,41,40,36,30,28,30
2924,2,2,2,2,1,1,1,2,2,2,2,1,1,1,2,2,2,2,1,1,1
2925,0,0,0,0,0,0,0,0,0,0,0,0,0,0,0,0,0,0,0,0,0
2926,1,0,1,1,0,0,0,1,0,1,1,0,0,0,1,0,1,1,0,0,0
2927,0,0,0,0,0,0,0,0,0,0,0,0,0,0,0,0,0,0,0,0,0
2928,0,1,1,0,0,0,0,0,1,1,0,0,0,0,0,1,1,0,0,0,0
2929,0,0,0,0,0,0,0,0,0,0,0,0,0,0,0,0,0,0,0,0,0
2930,0,0,0,0,0,0,0,0,0,0,0,0,0,0,0,0,0,0,0,0,0
2931,0,0,0,0,0,0,0,0,0,0,0,0,0,0,0,0,0,0,0,0,0
2932,0,0,0,0,0,0,0,0,0,0,0,0,0,0,0,0,0,0,0,0,0
2933,0,0,0,0,0,0,0,0,0,0,0,0,0,0,0,0,0,0,0,0,0
2934,1,1,1,1,1,0,0,1,1,1,1,1,0,0,1,1,1,1,1,0,0
2935,0,0,0,0,0,0,0,0,0,0,0,0,0,0,0,0,0,0,0,0,0
2936,0,0,0,0,0,0,0,0,0,0,0,0,0,0,0,0,0,0,0,0,0
2937,0,0,0,0,0,0,0,0,0,0,0,0,0,0,0,0,0,0,0,0,0
2938,0,0,0,0,0,0,0,0,0,0,0,0,0,0,0,0,0,0,0,0,0
2939,0,0,0,0,0,0,0,0,0,0,0,0,0,0,0,0,0,0,0,0,0
2940,0,0,0,0,0,0,0,0,0,0,0,0,0,0,0,0,0,0,0,0,0
2941,0,0,0,0,0,0,0,0,0,0,0,0,0,0,0,0,0,0,0,0,0
2942,1,0,0,0,1,1,1,1,0,0,0,1,1,1,1,0,0,0,1,1,1
2943,7,6,7,7,7,6,5,7,6,7,7,7,6,5,7,6,7,7,7,6,5
2944,30,33,35,31,27,23,24,30,33,35,31,27,23,24,30,33,35,31,27,23,24
2945,0,0,0,0,0,0,0,0,0,0,0,0,0,0,0,0,0,0,0,0,0
2946,5,5,5,4,3,4,5,5,5,5,4,3,4,5,5,5,5,4,3,4,5
2947,0,0,0,0,0,0,0,0,0,0,0,0,0,0,0,0,0,0,0,0,0
2948,0,1,0,0,0,0,0,0,1,0,0,0,0,0,0,1,0,0,0,0,0
2949,0,0,0,0,0,0,0,0,0,0,0,0,0,0,0,0,0,0,0,0,0
2950,0,0,0,0,0,0,0,0,0,0,0,0,0,0,0,0,0,0,0,0,0
2951,1,1,0,0,0,1,1,1,1,0,0,0,1,1,1,1,0,0,0,1,1
2952,0,0,0,0,0,0,0,0,0,0,0,0,0,0,0,0,0,0,0,0,0
2953,11,14,15,11,9,8,8,11,14,15,11,9,8,8,11,14,15,11,9,8,8
2954,12,14,15,13,12,9,8,12,14,15,13,12,9,8,12,14,15,13,12,9,8
2955,89,112,111,107,81,66,71,89,112,111,107,81,66,71,89,112,111,107,81,66,71
2956,28,24,24,21,19,19,23,28,24,24,21,19,19,23,28,24,24,21,19,19,23
2957,0,0,0,0,0,0,0,0,0,0,0,0,0,0,0,0,0,0,0,0,0
2958,7,8,8,7,6,5,6,7,8,8,7,6,5,6,7,8,8,7,6,5,6
2959,6,7,7,6,5,4,4,6,7,7,6,5,4,4,6,7,7,6,5,4,4
2960,0,0,0,0,0,0,0,0,0,0,0,0,0,0,0,0,0,0,0,0,0
2961,6,6,6,6,5,4,5,6,6,6,6,5,4,5,6,6,6,6,5,4,5
2962,0,0,0,0,0,0,0,0,0,0,0,0,0,0,0,0,0,0,0,0,0
2963,0,0,0,0,0,0,0,0,0,0,0,0,0,0,0,0,0,0,0,0,0
2964,0,0,0,0,0,0,0,0,0,0,0,0,0,0,0,0,0,0,0,0,0
2965,1,1,0,0,0,0,0,1,1,0,0,0,0,0,1,1,0,0,0,0,0
2966,57,66,63,62,53,51,56,57,66,63,62,53,51,56,57,66,63,62,53,51,56
2967,3,4,5,4,4,3,2,3,4,5,4,4,3,2,3,4,5,4,4,3,2
2968,1,1,2,1,1,1,1,1,1,2,1,1,1,1,1,1,2,1,1,1,1
2969,0,0,0,0,0,0,0,0,0,0,0,0,0,0,0,0,0,0,0,0,0
2970,3,3,3,3,3,3,3,3,3,3,3,3,3,3,3,3,3,3,3,3,3
2971,0,0,0,0,0,0,0,0,0,0,0,0,0,0,0,0,0,0,0,0,0
2972,5,7,8,7,6,5,5,5,7,8,7,6,5,5,5,7,8,7,6,5,5
2973,1,1,1,1,1,1,1,1,1,1,1,1,1,1,1,1,1,1,1,1,1
2974,16,18,17,17,15,14,14,16,18,17,17,15,14,14,16,18,17,17,15,14,14
2975,16,18,17,17,15,14,14,16,18,17,17,15,14,14,16,18,17,17,15,14,14
2976,6,7,8,8,7,6,6,6,7,8,8,7,6,6,6,7,8,8,7,6,6
2977,10,10,10,10,10,10,8,10,10,10,10,10,10,8,10,10,10,10,10,10,8
2978,25,24,27,25,24,22,22,25,24,27,25,24,22,22,25,24,27,25,24,22,22
2979,2,2,2,2,2,2,2,2,2,2,2,2,2,2,2,2,2,2,2,2,2
2980,1,1,1,1,1,1,1,1,1,1,1,1,1,1,1,1,1,1,1,1,1
2981,0,0,1,1,1,0,0,0,0,1,1,1,0,0,0,0,1,1,1,0,0
2982,2,2,2,2,2,2,2,2,2,2,2,2,2,2,2,2,2,2,2,2,2
2983,5,6,6,6,5,4,4,5,6,6,6,5,4,4,5,6,6,6,5,4,4
2984,0,0,0,0,0,0,0,0,0,0,0,0,0,0,0,0,0,0,0,0,0
2985,0,0,0,0,0,0,0,0,0,0,0,0,0,0,0,0,0,0,0,0,0
2986,0,0,0,0,0,0,0,0,0,0,0,0,0,0,0,0,0,0,0,0,0
2987,1,2,1,1,1,0,0,1,2,1,1,1,0,0,1,2,1,1,1,0,0
2988,1,1,1,0,0,0,1,1,1,1,0,0,0,1,1,1,1,0,0,0,1
2989,0,0,0,0,0,0,0,0,0,0,0,0,0,0,0,0,0,0,0,0,0
2990,0,0,0,0,0,0,0,0,0,0,0,0,0,0,0,0,0,0,0,0,0
2991,0,0,0,0,0,0,0,0,0,0,0,0,0,0,0,0,0,0,0,0,0
2992,16,18,21,23,21,16,14,16,18,21,23,21,16,14,16,18,21,23,21,16,14
2993,0,0,0,0,0,0,0,0,0,0,0,0,0,0,0,0,0,0,0,0,0
2994,7,8,9,8,7,6,6,7,8,9,8,7,6,6,7,8,9,8,7,6,6
2995,2,1,1,1,1,1,1,2,1,1,1,1,1,1,2,1,1,1,1,1,1
2996,10,10,9,8,7,7,8,10,10,9,8,7,7,8,10,10,9,8,7,7,8
2997,0,1,1,0,0,0,0,0,1,1,0,0,0,0,0,1,1,0,0,0,0
2998,8,11,13,11,8,4,4,8,11,13,11,8,4,4,8,11,13,11,8,4,4
2999,116,127,133,122,106,96,97,116,127,133,122,106,96,97,116,127,133,122,106,96,97
3000,2,2,4,2,2,3,3,2,2,4,2,2,3,3,2,2,4,2,2,3,3
3001,1,3,2,1,3,2,3,1,3,2,1,3,2,3,1,3,2,1,3,2,3
3002,0,0,0,0,0,0,0,0,0,0,0,0,0,0,0,0,0,0,0,0,0
3003,0,0,0,0,0,0,0,0,0,0,0,0,0,0,0,0,0,0,0,0,0
3004,0,0,0,0,0,0,0,0,0,0,0,0,0,0,0,0,0,0,0,0,0
3005,0,0,0,0,0,0,0,0,0,0,0,0,0,0,0,0,0,0,0,0,0
3006,0,0,0,0,0,0,0,0,0,0,0,0,0,0,0,0,0,0,0,0,0
3007,0,0,0,0,0,0,0,0,0,0,0,0,0,0,0,0,0,0,0,0,0
3008,0,0,0,0,0,0,0,0,0,0,0,0,0,0,0,0,0,0,0,0,0
3009,1,1,0,1,1,1,1,1,1,0,1,1,1,1,1,1,0,1,1,1,1
3010,13,14,14,12,11,10,11,13,14,14,12,11,10,11,13,14,14,12,11,10,11
3011,3,4,4,2,2,1,1,3,4,4,2,2,1,1,3,4,4,2,2,1,1
3012,7,8,8,7,6,6,6,7,8,8,7,6,6,6,7,8,8,7,6,6,6
3013,18,18,18,17,16,14,14,18,18,18,17,16,14,14,18,18,18,17,16,14,14
3014,17,19,18,18,16,14,13,17,19,18,18,16,14,13,17,19,18,18,16,14,13
3015,0,0,1,1,1,1,0,0,0,1,1,1,1,0,0,0,1,1,1,1,0
3016,6,7,7,7,6,5,5,6,7,7,7,6,5,5,6,7,7,7,6,5,5
3017,10,12,11,10,8,7,8,10,12,11,10,8,7,8,10,12,11,10,8,7,8
3018,0,0,0,0,0,0,0,0,0,0,0,0,0,0,0,0,0,0,0,0,0
3019,1,1,1,1,1,1,1,1,1,1,1,1,1,1,1,1,1,1,1,1,1
3020,1,1,1,1,1,1,1,1,1,1,1,1,1,1,1,1,1,1,1,1,1
3021,5,5,6,6,5,4,3,5,5,6,6,5,4,3,5,5,6,6,5,4,3
3022,0,0,0,0,0,0,0,0,0,0,0,0,0,0,0,0,0,0,0,0,0
3023,0,0,0,0,0,0,0,0,0,0,0,0,0,0,0,0,0,0,0,0,0
3024,0,0,0,0,0,0,0,0,0,0,0,0,0,0,0,0,0,0,0,0,0
3025,0,0,0,0,0,0,0,0,0,0,0,0,0,0,0,0,0,0,0,0,0
3026,0,0,0,0,0,0,0,0,0,0,0,0,0,0,0,0,0,0,0,0,0
3027,0,0,0,0,0,0,0,0,0,0,0,0,0,0,0,0,0,0,0,0,0
3028,9,12,9,5,5,4,6,9,12,9,5,5,4,6,9,12,9,5,5,4,6
3029,0,0,0,0,0,0,0,0,0,0,0,0,0,0,0,0,0,0,0,0,0
3030,10,13,15,13,10,6,6,10,13,15,13,10,6,6,10,13,15,13,10,6,6
3031,0,0,0,0,0,0,0,0,0,0,0,0,0,0,0,0,0,0,0,0,0
3032,18,22,20,20,15,15,14,18,22,20,20,15,15,14,18,22,20,20,15,15,14
3033,0,0,0,0,0,0,0,0,0,0,0,0,0,0,0,0,0,0,0,0,0
3034,4,6,7,7,6,4,4,4,6,7,7,6,4,4,4,6,7,7,6,4,4
3035,5,6,9,8,8,6,5,5,6,9,8,8,6,5,5,6,9,8,8,6,5
3036,19,24,29,33,30,20,14,19,24,29,33,30,20,14,19,24,29,33,30,20,14
3037,1,1,1,1,1,1,1,1,1,1,1,1,1,1,1,1,1,1,1,1,1
3038,0,0,0,0,0,0,0,0,0,0,0,0,0,0,0,0,0,0,0,0,0
3039,1,0,1,0,0,0,0,1,0,1,0,0,0,0,1,0,1,0,0,0,0
3040,2,2,1,1,0,0,0,2,2,1,1,0,0,0,2,2,1,1,0,0,0
3041,0,0,0,0,0,0,0,0,0,0,0,0,0,0,0,0,0,0,0,0,0
3042,0,0,0,0,0,0,0,0,0,0,0,0,0,0,0,0,0,0,0,0,0
3043,0,0,0,0,0,0,0,0,0,0,0,0,0,0,0,0,0,0,0,0,0
3044,0,0,0,0,0,0,0,0,0,0,0,0,0,0,0,0,0,0,0,0,0
3045,0,0,0,0,0,0,0,0,0,0,0,0,0,0,0,0,0,0,0,0,0
3046,2,2,2,2,2,1,2,2,2,2,2,2,1,2,2,2,2,2,2,1,2
3047,0,0,0,0,0,0,0,0,0,0,0,0,0,0,0,0,0,0,0,0,0
3048,0,0,0,0,0,0,0,0,0,0,0,0,0,0,0,0,0,0,0,0,0
3049,0,0,0,0,0,0,0,0,0,0,0,0,0,0,0,0,0,0,0,0,0
3050,0,0,0,0,0,0,0,0,0,0,0,0,0,0,0,0,0,0,0,0,0
3051,0,0,0,0,0,0,0,0,0,0,0,0,0,0,0,0,0,0,0,0,0
3052,0,0,0,0,0,0,0,0,0,0,0,0,0,0,0,0,0,0,0,0,0
3053,0,0,0,0,0,0,0,0,0,0,0,0,0,0,0,0,0,0,0,0,0
3054,3,3,2,3,2,2,3,3,3,2,3,2,2,3,3,3,2,3,2,2,3
3055,0,0,0,0,0,0,0,0,0,0,0,0,0,0,0,0,0,0,0,0,0
3056,1,1,1,1,1,0,0,1,1,1,1,1,0,0,1,1,1,1,1,0,0
3057,2,3,3,3,2,2,2,2,3,3,3,2,2,2,2,3,3,3,2,2,2
3058,16,16,16,14,15,13,14,16,16,16,14,15,13,14,16,16,16,14,15,13,14
3059,0,0,0,0,0,0,0,0,0,0,0,0,0,0,0,0,0,0,0,0,0
3060,1,1,1,1,1,1,1,1,1,1,1,1,1,1,1,1,1,1,1,1,1
3061,0,0,0,0,0,0,0,0,0,0,0,0,0,0,0,0,0,0,0,0,0
3062,15,15,15,15,15,14,13,15,15,15,15,15,14,13,15,15,15,15,15,14,13
3063,0,0,0,0,0,0,0,0,0,0,0,0,0,0,0,0,0,0,0,0,0
3064,0,0,0,0,0,0,0,0,0,0,0,0,0,0,0,0,0,0,0,0,0
3065,3,3,4,4,3,3,3,3,3,4,4,3,3,3,3,3,4,4,3,3,3
3066,7,7,7,7,6,6,6,7,7,7,7,6,6,6,7,7,7,7,6,6,6
3067,3,2,2,3,3,3,3,3,2,2,3,3,3,3,3,2,2,3,3,3,3
3068,1,1,2,1,1,1,1,1,1,2,1,1,1,1,1,1,2,1,1,1,1
3069,11,14,15,12,11,8,10,11,14,15,12,11,8,10,11,14,15,12,11,8,10
3070,0,0,0,0,0,0,0,0,0,0,0,0,0,0,0,0,0,0,0,0,0
3071,116,127,133,122,106,96,97,116,127,133,122,106,96,97,116,127,133,122,106,96,97
3072,4,4,5,5,5,4,4,4,4,5,5,5,4,4,4,4,5,5,5,4,4
3073,3,3,4,3,3,2,2,3,3,4,3,3,2,2,3,3,4,3,3,2,2
3074,7,8,10,9,8,6,6,7,8,10,9,8,6,6,7,8,10,9,8,6,6
3075,0,0,0,0,0,0,0,0,0,0,0,0,0,0,0,0,0,0,0,0,0
3076,1,1,1,1,1,1,1,1,1,1,1,1,1,1,1,1,1,1,1,1,1
3077,14,15,15,14,14,13,11,14,15,15,14,14,13,11,14,15,15,14,14,13,11
3078,0,0,0,0,0,0,0,0,0,0,0,0,0,0,0,0,0,0,0,0,0
3079,8,9,11,11,9,7,6,8,9,11,11,9,7,6,8,9,11,11,9,7,6
3080,4,5,5,5,5,5,4,4,5,5,5,5,5,4,4,5,5,5,5,5,4
3081,3,4,4,4,4,3,2,3,4,4,4,4,3,2,3,4,4,4,4,3,2
3082,0,0,0,0,0,0,0,0,0,0,0,0,0,0,0,0,0,0,0,0,0
3083,0,0,0,0,0,0,0,0,0,0,0,0,0,0,0,0,0,0,0,0,0
3084,116,127,133,122,106,96,97,116,127,133,122,106,96,97,116,127,133,122,106,96,97
3085,1,1,2,2,1,1,0,1,1,2,2,1,1,0,1,1,2,2,1,1,0
3086,12,14,16,17,14,10,10,12,14,16,17,14,10,10,12,14,16,17,14,10,10
3087,3,2,2,3,2,2,3,3,2,2,3,2,2,3,3,2,2,3,2,2,3
3088,115,116,85,121,106,96,88,115,116,85,121,106,96,88,115,116,85,121,106,96,88
3089,0,0,0,0,0,0,0,0,0,0,0,0,0,0,0,0,0,0,0,0,0
3090,0,0,0,0,0,0,0,0,0,0,0,0,0,0,0,0,0,0,0,0,0
3091,1,2,2,2,2,2,1,1,2,2,2,2,2,1,1,2,2,2,2,2,1
3092,0,0,0,0,0,0,0,0,0,0,0,0,0,0,0,0,0,0,0,0,0
3093,8,10,9,7,6,4,5,8,10,9,7,6,4,5,8,10,9,7,6,4,5
3094,0,0,0,0,0,0,0,0,0,0,0,0,0,0,0,0,0,0,0,0,0
3095,0,0,0,0,0,0,0,0,0,0,0,0,0,0,0,0,0,0,0,0,0
3096,0,0,0,0,0,0,0,0,0,0,0,0,0,0,0,0,0,0,0,0,0
3097,18,19,20,19,17,15,14,18,19,20,19,17,15,14,18,19,20,19,17,15,14
3098,1,2,2,3,3,3,2,1,2,2,3,3,3,2,1,2,2,3,3,3,2
3099,0,0,0,0,0,0,0,0,0,0,0,0,0,0,0,0,0,0,0,0,0
3100,15,16,15,10,9,11,12,15,16,15,10,9,11,12,15,16,15,10,9,11,12
3101,3,3,3,3,3,2,2,3,3,3,3,3,2,2,3,3,3,3,3,2,2
3102,0,0,0,0,0,0,0,0,0,0,0,0,0,0,0,0,0,0,0,0,0
3103,10,10,11,13,13,10,8,10,10,11,13,13,10,8,10,10,11,13,13,10,8
3104,1,1,1,1,1,1,1,1,1,1,1,1,1,1,1,1,1,1,1,1,1
3105,116,127,133,122,106,96,97,116,127,133,122,106,96,97,116,127,133,122,106,96,97
3106,0,0,0,0,0,0,0,0,0,0,0,0,0,0,0,0,0,0,0,0,0
3107,1,1,1,1,1,1,1,1,1,1,1,1,1,1,1,1,1,1,1,1,1
3108,0,0,0,0,0,0,0,0,0,0,0,0,0,0,0,0,0,0,0,0,0
3109,1,1,0,0,0,0,0,1,1,0,0,0,0,0,1,1,0,0,0,0,0
3110,28,31,29,25,20,22,25,28,31,29,25,20,22,25,28,31,29,25,20,22,25
3111,7,8,9,9,7,6,6,7,8,9,9,7,6,6,7,8,9,9,7,6,6
3112,2,3,2,2,2,2,2,2,3,2,2,2,2,2,2,3,2,2,2,2,2
3113,1,1,1,2,1,1,1,1,1,1,2,1,1,1,1,1,1,2,1,1,1
3114,4,5,5,4,3,3,3,4,5,5,4,3,3,3,4,5,5,4,3,3,3
3115,1,1,0,1,1,0,1,1,1,0,1,1,0,1,1,1,0,1,1,0,1
3116,0,0,0,0,0,0,0,0,0,0,0,0,0,0,0,0,0,0,0,0,0
3117,0,0,0,0,0,0,0,0,0,0,0,0,0,0,0,0,0,0,0,0,0
3118,0,0,0,0,0,0,0,0,0,0,0,0,0,0,0,0,0,0,0,0,0
3119,8,7,8,7,7,6,6,8,7,8,7,7,6,6,8,7,8,7,7,6,6
3120,0,0,0,0,0,0,0,0,0,0,0,0,0,0,0,0,0,0,0,0,0
3121,0,0,0,0,0,0,0,0,0,0,0,0,0,0,0,0,0,0,0,0,0
3122,0,0,0,0,0,0,0,0,0,0,0,0,0,0,0,0,0,0,0,0,0
3123,1,1,1,1,1,1,1,1,1,1,1,1,1,1,1,1,1,1,1,1,1
3124,0,0,0,0,0,0,0,0,0,0,0,0,0,0,0,0,0,0,0,0,0
3125,0,0,0,0,0,0,0,0,0,0,0,0,0,0,0,0,0,0,0,0,0
3126,0,0,0,0,0,0,0,0,0,0,0,0,0,0,0,0,0,0,0,0,0
3127,0,0,0,0,0,0,0,0,0,0,0,0,0,0,0,0,0,0,0,0,0
3128,0,0,0,0,0,0,0,0,0,0,0,0,0,0,0,0,0,0,0,0,0
3129,0,0,0,0,0,0,0,0,0,0,0,0,0,0,0,0,0,0,0,0,0
3130,1,1,1,1,0,0,0,1,1,1,1,0,0,0,1,1,1,1,0,0,0
3131,0,0,0,0,0,0,0,0,0,0,0,0,0,0,0,0,0,0,0,0,0
3132,19,21,23,28,26,20,20,19,21,23,28,26,20,20,19,21,23,28,26,20,20
3133,0,0,0,0,0,0,0,0,0,0,0,0,0,0,0,0,0,0,0,0,0
3134,0,0,0,0,0,0,0,0,0,0,0,0,0,0,0,0,0,0,0,0,0
3135,8,8,8,7,6,5,5,8,8,8,7,6,5,5,8,8,8,7,6,5,5
3136,2,2,2,2,2,1,2,2,2,2,2,2,1,2,2,2,2,2,2,1,2
3137,10,12,13,11,10,10,10,10,12,13,11,10,10,10,10,12,13,11,10,10,10
3138,4,3,4,4,5,4,4,4,3,4,4,5,4,4,4,3,4,4,5,4,4
3139,0,0,0,0,0,0,0,0,0,0,0,0,0,0,0,0,0,0,0,0,0
3140,40,46,46,41,38,33,34,40,46,46,41,38,33,34,40,46,46,41,38,33,34
3141,7,6,5,5,5,4,5,7,6,5,5,5,4,5,7,6,5,5,5,4,5
3142,17,18,18,18,17,14,13,17,18,18,18,17,14,13,17,18,18,18,17,14,13
3143,10,24,15,12,10,7,7,10,24,15,12,10,7,7,10,24,15,12,10,7,7
3144,82,86,83,77,79,72,74,82,86,83,77,79,72,74,82,86,83,77,79,72,74
3145,9,9,10,10,7,6,6,9,9,10,10,7,6,6,9,9,10,10,7,6,6
3146,108,104,82,102,91,88,94,108,104,82,102,91,88,94,108,104,82,102,91,88,94
3147,12,14,16,16,14,10,10,12,14,16,16,14,10,10,12,14,16,16,14,10,10
3148,7,9,5,6,4,4,5,7,9,5,6,4,4,5,7,9,5,6,4,4,5
3149,9,11,13,11,10,8,7,9,11,13,11,10,8,7,9,11,13,11,10,8,7
3150,1,1,1,0,0,1,1,1,1,1,0,0,1,1,1,1,1,0,0,1,1
3151,0,0,0,0,0,0,0,0,0,0,0,0,0,0,0,0,0,0,0,0,0
3152,22,23,22,19,17,17,19,22,23,22,19,17,17,19,22,23,22,19,17,17,19
3153,15,17,18,16,15,12,12,15,17,18,16,15,12,12,15,17,18,16,15,12,12
3154,5,6,6,5,5,4,5,5,6,6,5,5,4,5,5,6,6,5,5,4,5
3155,42,49,48,45,40,41,42,42,49,48,45,40,41,42,42,49,48,45,40,41,42
3156,17,19,19,16,13,12,13,17,19,19,16,13,12,13,17,19,19,16,13,12,13
3157,11,12,11,10,9,9,8,11,12,11,10,9,9,8,11,12,11,10,9,9,8
3158,1,1,1,1,1,1,1,1,1,1,1,1,1,1,1,1,1,1,1,1,1
3159,5,4,4,4,4,4,4,5,4,4,4,4,4,4,5,4,4,4,4,4,4
3160,2,3,2,3,3,3,2,2,3,2,3,3,3,2,2,3,2,3,3,3,2
3161,1,1,1,0,0,0,0,1,1,1,0,0,0,0,1,1,1,0,0,0,0
3162,1,1,0,1,1,1,1,1,1,0,1,1,1,1,1,1,0,1,1,1,1
3163,2,2,2,2,2,2,2,2,2,2,2,2,2,2,2,2,2,2,2,2,2
3164,1,1,1,0,1,1,1,1,1,1,0,1,1,1,1,1,1,0,1,1,1
3165,1,1,1,1,1,1,1,1,1,1,1,1,1,1,1,1,1,1,1,1,1
3166,0,0,0,0,0,0,0,0,0,0,0,0,0,0,0,0,0,0,0,0,0
3167,0,0,0,0,0,0,0,0,0,0,0,0,0,0,0,0,0,0,0,0,0
3168,3,4,4,4,2,3,3,3,4,4,4,2,3,3,3,4,4,4,2,3,3
3169,3,3,3,3,3,3,3,3,3,3,3,3,3,3,3,3,3,3,3,3,3
3170,0,0,0,0,0,0,0,0,0,0,0,0,0,0,0,0,0,0,0,0,0
3171,0,0,0,0,0,0,0,0,0,0,0,0,0,0,0,0,0,0,0,0,0
3172,9,15,18,15,12,6,5,9,15,18,15,12,6,5,9,15,18,15,12,6,5
3173,116,127,133,121,92,91,97,116,127,133,121,92,91,97,116,127,133,121,92,91,97
3174,1,1,1,1,1,1,1,1,1,1,1,1,1,1,1,1,1,1,1,1,1
3175,0,0,0,0,0,0,0,0,0,0,0,0,0,0,0,0,0,0,0,0,0
3176,0,0,0,0,0,0,0,0,0,0,0,0,0,0,0,0,0,0,0,0,0
3177,0,0,0,0,0,0,0,0,0,0,0,0,0,0,0,0,0,0,0,0,0
3178,0,0,0,0,0,0,0,0,0,0,0,0,0,0,0,0,0,0,0,0,0
3179,11,15,16,17,13,11,11,11,15,16,17,13,11,11,11,15,16,17,13,11,11
3180,0,0,0,0,0,0,0,0,0,0,0,0,0,0,0,0,0,0,0,0,0
3181,14,15,15,17,17,16,14,14,15,15,17,17,16,14,14,15,15,17,17,16,14
3182,12,15,15,15,15,11,10,12,15,15,15,15,11,10,12,15,15,15,15,11,10
3183,63,93,83,67,57,46,46,63,93,83,67,57,46,46,63,93,83,67,57,46,46
3184,5,4,4,4,4,4,4,5,4,4,4,4,4,4,5,4,4,4,4,4,4
3185,3,3,2,2,2,2,2,3,3,2,2,2,2,2,3,3,2,2,2,2,2
3186,1,1,1,1,1,1,1,1,1,1,1,1,1,1,1,1,1,1,1,1,1
3187,0,0,0,0,0,0,0,0,0,0,0,0,0,0,0,0,0,0,0,0,0
3188,1,1,1,1,1,1,1,1,1,1,1,1,1,1,1,1,1,1,1,1,1
3189,1,2,1,1,1,1,1,1,2,1,1,1,1,1,1,2,1,1,1,1,1
3190,0,1,1,1,1,0,0,0,1,1,1,1,0,0,0,1,1,1,1,0,0
3191,1,0,0,0,0,0,0,1,0,0,0,0,0,0,1,0,0,0,0,0,0
3192,1,2,1,1,1,1,1,1,2,1,1,1,1,1,1,2,1,1,1,1,1
3193,0,0,0,0,0,0,0,0,0,0,0,0,0,0,0,0,0,0,0,0,0
3194,0,0,0,0,0,0,0,0,0,0,0,0,0,0,0,0,0,0,0,0,0
3195,0,0,0,0,0,0,0,0,0,0,0,0,0,0,0,0,0,0,0,0,0
3196,0,0,0,0,0,0,0,0,0,0,0,0,0,0,0,0,0,0,0,0,0
3197,2,2,2,2,2,0,0,2,2,2,2,2,0,0,2,2,2,2,2,0,0
3198,0,0,0,0,0,0,0,0,0,0,0,0,0,0,0,0,0,0,0,0,0
3199,0,0,0,0,0,0,0,0,0,0,0,0,0,0,0,0,0,0,0,0,0
3200,0,0,0,0,0,0,0,0,0,0,0,0,0,0,0,0,0,0,0,0,0
3201,0,14,2,12,8,6,0,0,14,2,12,8,6,0,0,14,2,12,8,6,0
3202,0,0,0,0,0,0,0,0,0,0,0,0,0,0,0,0,0,0,0,0,0
3203,5,6,7,4,2,4,3,5,6,7,4,2,4,3,5,6,7,4,2,4,3
3204,5,6,6,6,3,4,3,5,6,6,6,3,4,3,5,6,6,6,3,4,3
3205,5,0,0,9,0,0,0,5,0,0,9,0,0,0,5,0,0,9,0,0,0
3206,7,6,4,4,4,4,4,7,6,4,4,4,4,4,7,6,4,4,4,4,4
3207,0,0,0,0,0,0,0,0,0,0,0,0,0,0,0,0,0,0,0,0,0
3208,0,0,0,0,0,0,0,0,0,0,0,0,0,0,0,0,0,0,0,0,0
3209,0,0,0,1,1,0,0,0,0,0,1,1,0,0,0,0,0,1,1,0,0
3210,1,1,0,0,0,0,1,1,1,0,0,0,0,1,1,1,0,0,0,0,1
3211,4,0,0,0,0,0,0,4,0,0,0,0,0,0,4,0,0,0,0,0,0
3212,0,0,0,0,0,0,0,0,0,0,0,0,0,0,0,0,0,0,0,0,0
3213,0,0,0,0,0,0,0,0,0,0,0,0,0,0,0,0,0,0,0,0,0
3214,0,0,0,0,0,0,0,0,0,0,0,0,0,0,0,0,0,0,0,0,0
3215,0,0,0,0,0,0,0,0,0,0,0,0,0,0,0,0,0,0,0,0,0
3216,14,12,9,8,8,10,12,14,12,9,8,8,10,12,14,12,9,8,8,10,12
3217,4,4,4,3,2,3,3,4,4,4,3,2,3,3,4,4,4,3,2,3,3
3218,4,5,7,5,4,2,3,4,5,7,5,4,2,3,4,5,7,5,4,2,3
3219,3,4,5,4,3,3,2,3,4,5,4,3,3,2,3,4,5,4,3,3,2
3220,2,2,2,3,2,3,2,2,2,2,3,2,3,2,2,2,2,3,2,3,2
3221,4,4,4,4,4,3,3,4,4,4,4,4,3,3,4,4,4,4,4,3,3
3222,4,5,5,5,4,4,3,4,5,5,5,4,4,3,4,5,5,5,4,4,3
3223,0,0,0,0,0,0,0,0,0,0,0,0,0,0,0,0,0,0,0,0,0
3224,0,0,0,0,0,0,0,0,0,0,0,0,0,0,0,0,0,0,0,0,0
3225,9,9,11,10,8,6,6,9,9,11,10,8,6,6,9,9,11,10,8,6,6
3226,5,6,5,6,5,4,4,5,6,5,6,5,4,4,5,6,5,6,5,4,4
3227,25,30,31,20,17,13,14,25,30,31,20,17,13,14,25,30,31,20,17,13,14
3228,4,5,6,5,4,4,4,4,5,6,5,4,4,4,4,5,6,5,4,4,4
3229,1,1,1,1,1,1,1,1,1,1,1,1,1,1,1,1,1,1,1,1,1
3230,0,0,0,0,0,0,0,0,0,0,0,0,0,0,0,0,0,0,0,0,0
3231,0,0,0,0,0,0,0,0,0,0,0,0,0,0,0,0,0,0,0,0,0
3232,1,0,0,1,1,1,1,1,0,0,1,1,1,1,1,0,0,1,1,1,1
3233,1,0,0,1,0,1,1,1,0,0,1,0,1,1,1,0,0,1,0,1,1
3234,2,1,1,1,1,1,1,2,1,1,1,1,1,1,2,1,1,1,1,1,1
3235,0,0,0,0,0,0,0,0,0,0,0,0,0,0,0,0,0,0,0,0,0
3236,0,0,0,0,0,0,0,0,0,0,0,0,0,0,0,0,0,0,0,0,0
3237,0,0,0,0,0,0,0,0,0,0,0,0,0,0,0,0,0,0,0,0,0
3238,0,0,0,0,0,0,0,0,0,0,0,0,0,0,0,0,0,0,0,0,0
3239,31,32,31,29,26,27,27,31,32,31,29,26,27,27,31,32,31,29,26,27,27
3240,108,107,104,97,90,80,83,108,107,104,97,90,80,83,108,107,104,97,90,80,83
3241,6,6,7,7,6,4,4,6,6,7,7,6,4,4,6,6,7,7,6,4,4
3242,24,26,27,26,21,19,21,24,26,27,26,21,19,21,24,26,27,26,21,19,21
3243,4,4,4,4,4,3,3,4,4,4,4,4,3,3,4,4,4,4,4,3,3
3244,26,27,27,24,24,23,25,26,27,27,24,24,23,25,26,27,27,24,24,23,25
3245,2,2,2,2,1,1,2,2,2,2,2,1,1,2,2,2,2,2,1,1,2
3246,7,8,7,7,7,7,7,7,8,7,7,7,7,7,7,8,7,7,7,7,7
3247,2,3,4,3,2,3,2,2,3,4,3,2,3,2,2,3,4,3,2,3,2
3248,65,69,76,74,63,56,54,65,69,76,74,63,56,54,65,69,76,74,63,56,54
3249,31,32,33,32,26,23,25,31,32,33,32,26,23,25,31,32,33,32,26,23,25
3250,21,24,26,24,21,19,18,21,24,26,24,21,19,18,21,24,26,24,21,19,18
3251,2,3,3,4,3,2,2,2,3,3,4,3,2,2,2,3,3,4,3,2,2
3252,51,53,54,51,46,42,41,51,53,54,51,46,42,41,51,53,54,51,46,42,41
3253,12,12,13,12,10,10,10,12,12,13,12,10,10,10,12,12,13,12,10,10,10
3254,0,1,1,1,1,0,0,0,1,1,1,1,0,0,0,1,1,1,1,0,0
3255,10,10,11,11,10,8,7,10,10,11,11,10,8,7,10,10,11,11,10,8,7
3256,3,4,3,3,3,2,3,3,4,3,3,3,2,3,3,4,3,3,3,2,3
3257,11,11,11,10,9,8,8,11,11,11,10,9,8,8,11,11,11,10,9,8,8
3258,1,1,1,0,1,0,0,1,1,1,0,1,0,0,1,1,1,0,1,0,0
3259,0,0,0,0,0,0,0,0,0,0,0,0,0,0,0,0,0,0,0,0,0
3260,0,0,0,0,0,0,0,0,0,0,0,0,0,0,0,0,0,0,0,0,0
3261,0,0,0,0,0,0,0,0,0,0,0,0,0,0,0,0,0,0,0,0,0
3262,0,0,0,0,0,0,0,0,0,0,0,0,0,0,0,0,0,0,0,0,0
3263,0,0,0,0,0,0,0,0,0,0,0,0,0,0,0,0,0,0,0,0,0
3264,0,0,0,0,0,0,0,0,0,0,0,0,0,0,0,0,0,0,0,0,0
3265,0,0,0,0,0,0,0,0,0,0,0,0,0,0,0,0,0,0,0,0,0
3266,0,0,0,0,0,0,0,0,0,0,0,0,0,0,0,0,0,0,0,0,0
3267,1,0,0,0,0,0,0,1,0,0,0,0,0,0,1,0,0,0,0,0,0
3268,1,1,1,1,1,1,1,1,1,1,1,1,1,1,1,1,1,1,1,1,1
3269,0,0,0,0,0,0,0,0,0,0,0,0,0,0,0,0,0,0,0,0,0
3270,0,0,0,0,0,0,0,0,0,0,0,0,0,0,0,0,0,0,0,0,0
3271,0,0,0,0,0,0,0,0,0,0,0,0,0,0,0,0,0,0,0,0,0
3272,0,0,0,0,0,0,0,0,0,0,0,0,0,0,0,0,0,0,0,0,0
3273,0,0,0,0,0,0,0,0,0,0,0,0,0,0,0,0,0,0,0,0,0
3274,0,0,0,0,0,0,0,0,0,0,0,0,0,0,0,0,0,0,0,0,0
3275,6,8,9,11,12,11,9,6,8,9,11,12,11,9,6,8,9,11,12,11,9
3276,0,1,1,1,0,1,0,0,1,1,1,0,1,0,0,1,1,1,0,1,0
3277,1,1,0,0,0,0,0,1,1,0,0,0,0,0,1,1,0,0,0,0,0
3278,1,1,1,1,1,1,1,1,1,1,1,1,1,1,1,1,1,1,1,1,1
3279,5,5,7,3,3,3,4,5,5,7,3,3,3,4,5,5,7,3,3,3,4
3280,1,1,1,1,1,1,1,1,1,1,1,1,1,1,1,1,1,1,1,1,1
3281,4,4,4,4,4,4,3,4,4,4,4,4,4,3,4,4,4,4,4,4,3
3282,1,1,1,1,1,1,1,1,1,1,1,1,1,1,1,1,1,1,1,1,1
3283,1,1,1,1,1,0,0,1,1,1,1,1,0,0,1,1,1,1,1,0,0
3284,0,0,0,0,0,0,0,0,0,0,0,0,0,0,0,0,0,0,0,0,0
3285,0,0,0,0,0,0,0,0,0,0,0,0,0,0,0,0,0,0,0,0,0
3286,2,2,2,2,2,1,1,2,2,2,2,2,1,1,2,2,2,2,2,1,1
3287,5,5,5,4,4,4,4,5,5,5,4,4,4,4,5,5,5,4,4,4,4
3288,0,0,0,0,0,0,0,0,0,0,0,0,0,0,0,0,0,0,0,0,0
3289,1,0,0,0,0,0,1,1,0,0,0,0,0,1,1,0,0,0,0,0,1
3290,2,2,2,2,2,1,1,2,2,2,2,2,1,1,2,2,2,2,2,1,1
3291,0,0,0,0,0,0,0,0,0,0,0,0,0,0,0,0,0,0,0,0,0
3292,1,1,1,1,1,0,1,1,1,1,1,1,0,1,1,1,1,1,1,0,1
3293,1,1,1,1,1,1,1,1,1,1,1,1,1,1,1,1,1,1,1,1,1
3294,0,0,0,0,0,0,0,0,0,0,0,0,0,0,0,0,0,0,0,0,0
3295,0,0,0,0,0,0,0,0,0,0,0,0,0,0,0,0,0,0,0,0,0
3296,0,0,0,0,0,0,0,0,0,0,0,0,0,0,0,0,0,0,0,0,0
3297,0,0,0,0,0,0,0,0,0,0,0,0,0,0,0,0,0,0,0,0,0
3298,0,0,0,0,0,0,0,0,0,0,0,0,0,0,0,0,0,0,0,0,0
3299,0,0,0,0,0,0,0,0,0,0,0,0,0,0,0,0,0,0,0,0,0
3300,0,0,0,0,0,0,0,0,0,0,0,0,0,0,0,0,0,0,0,0,0
3301,0,0,0,0,0,0,0,0,0,0,0,0,0,0,0,0,0,0,0,0,0
3302,0,0,0,0,0,0,0,0,0,0,0,0,0,0,0,0,0,0,0,0,0
3303,0,0,0,0,0,0,0,0,0,0,0,0,0,0,0,0,0,0,0,0,0
3304,0,0,0,0,0,0,0,0,0,0,0,0,0,0,0,0,0,0,0,0,0
3305,0,0,0,0,0,0,0,0,0,0,0,0,0,0,0,0,0,0,0,0,0
3306,0,0,0,0,0,0,0,0,0,0,0,0,0,0,0,0,0,0,0,0,0
3307,0,0,0,0,0,0,0,0,0,0,0,0,0,0,0,0,0,0,0,0,0
3308,0,0,0,0,0,0,0,0,0,0,0,0,0,0,0,0,0,0,0,0,0
3309,0,0,0,0,0,0,0,0,0,0,0,0,0,0,0,0,0,0,0,0,0
3310,0,0,0,0,0,0,0,0,0,0,0,0,0,0,0,0,0,0,0,0,0
3311,0,0,0,0,0,0,0,0,0,0,0,0,0,0,0,0,0,0,0,0,0
3312,0,0,0,0,0,0,0,0,0,0,0,0,0,0,0,0,0,0,0,0,0
3313,0,0,0,0,0,0,0,0,0,0,0,0,0,0,0,0,0,0,0,0,0
3314,0,0,0,0,0,0,0,0,0,0,0,0,0,0,0,0,0,0,0,0,0
3315,0,0,0,0,0,0,0,0,0,0,0,0,0,0,0,0,0,0,0,0,0
3316,0,0,0,0,0,0,0,0,0,0,0,0,0,0,0,0,0,0,0,0,0
3317,8,9,10,9,10,9,8,8,9,10,9,10,9,8,8,9,10,9,10,9,8
3318,6,9,11,12,11,7,6,6,9,11,12,11,7,6,6,9,11,12,11,7,6
3319,10,12,12,11,11,9,9,10,12,12,11,11,9,9,10,12,12,11,11,9,9
3320,0,0,0,0,0,0,0,0,0,0,0,0,0,0,0,0,0,0,0,0,0
3321,0,0,0,0,0,0,0,0,0,0,0,0,0,0,0,0,0,0,0,0,0
3322,0,0,0,0,0,0,0,0,0,0,0,0,0,0,0,0,0,0,0,0,0
3323,0,0,0,0,0,0,0,0,0,0,0,0,0,0,0,0,0,0,0,0,0
3324,0,0,0,0,0,0,0,0,0,0,0,0,0,0,0,0,0,0,0,0,0
3325,1,1,1,1,1,0,1,1,1,1,1,1,0,1,1,1,1,1,1,0,1
3326,7,8,10,9,8,6,6,7,8,10,9,8,6,6,7,8,10,9,8,6,6
3327,3,4,4,4,4,3,3,3,4,4,4,4,3,3,3,4,4,4,4,3,3
3328,2,3,3,3,2,2,2,2,3,3,3,2,2,2,2,3,3,3,2,2,2
3329,1,1,1,1,1,1,1,1,1,1,1,1,1,1,1,1,1,1,1,1,1
3330,3,4,4,3,2,2,3,3,4,4,3,2,2,3,3,4,4,3,2,2,3
3331,0,0,0,0,0,0,0,0,0,0,0,0,0,0,0,0,0,0,0,0,0
3332,16,17,17,17,14,13,13,16,17,17,17,14,13,13,16,17,17,17,14,13,13
3333,1,2,2,1,1,1,1,1,2,2,1,1,1,1,1,2,2,1,1,1,1
3334,8,12,12,12,8,6,6,8,12,12,12,8,6,6,8,12,12,12,8,6,6
3335,0,0,0,0,0,0,0,0,0,0,0,0,0,0,0,0,0,0,0,0,0
3336,0,0,0,0,0,0,0,0,0,0,0,0,0,0,0,0,0,0,0,0,0
3337,0,0,0,0,0,0,0,0,0,0,0,0,0,0,0,0,0,0,0,0,0
3338,0,0,0,0,0,0,0,0,0,0,0,0,0,0,0,0,0,0,0,0,0
3339,0,0,0,0,0,0,0,0,0,0,0,0,0,0,0,0,0,0,0,0,0
3340,0,0,0,0,0,0,0,0,0,0,0,0,0,0,0,0,0,0,0,0,0
3341,0,0,0,0,0,0,0,0,0,0,0,0,0,0,0,0,0,0,0,0,0
3342,3,3,3,3,3,2,2,3,3,3,3,3,2,2,3,3,3,3,3,2,2
3343,3,1,2,2,2,1,2,3,1,2,2,2,1,2,3,1,2,2,2,1,2
3344,0,0,0,0,0,0,0,0,0,0,0,0,0,0,0,0,0,0,0,0,0
3345,0,0,0,0,0,0,0,0,0,0,0,0,0,0,0,0,0,0,0,0,0
3346,0,0,0,0,0,0,0,0,0,0,0,0,0,0,0,0,0,0,0,0,0
3347,0,0,0,0,0,0,0,0,0,0,0,0,0,0,0,0,0,0,0,0,0
3348,0,0,0,0,0,0,0,0,0,0,0,0,0,0,0,0,0,0,0,0,0
3349,0,0,0,0,0,0,0,0,0,0,0,0,0,0,0,0,0,0,0,0,0
3350,0,0,0,0,0,0,0,0,0,0,0,0,0,0,0,0,0,0,0,0,0
3351,5,5,4,4,3,4,4,5,5,4,4,3,4,4,5,5,4,4,3,4,4
3352,0,1,1,1,0,0,0,0,1,1,1,0,0,0,0,1,1,1,0,0,0
3353,0,0,0,0,0,0,0,0,0,0,0,0,0,0,0,0,0,0,0,0,0
3354,0,0,0,0,0,0,0,0,0,0,0,0,0,0,0,0,0,0,0,0,0
3355,0,0,0,0,0,0,0,0,0,0,0,0,0,0,0,0,0,0,0,0,0
3356,116,127,133,122,106,96,97,116,127,133,122,106,96,97,116,127,133,122,106,96,97
3357,116,127,133,122,106,96,97,116,127,133,122,106,96,97,116,127,133,122,106,96,97
3358,11,10,7,5,5,5,9,11,10,7,5,5,5,9,11,10,7,5,5,5,9
3359,0,0,0,0,0,0,0,0,0,0,0,0,0,0,0,0,0,0,0,0,0
3360,8,9,9,8,7,5,6,8,9,9,8,7,5,6,8,9,9,8,7,5,6
3361,5,5,5,5,5,5,5,5,5,5,5,5,5,5,5,5,5,5,5,5,5
3362,0,0,0,0,0,0,0,0,0,0,0,0,0,0,0,0,0,0,0,0,0
3363,4,4,5,4,4,3,3,4,4,5,4,4,3,3,4,4,5,4,4,3,3
3364,30,47,52,48,33,27,25,30,47,52,48,33,27,25,30,47,52,48,33,27,25
3365,1,2,3,4,2,1,1,1,2,3,4,2,1,1,1,2,3,4,2,1,1
3366,4,4,7,7,6,3,3,4,4,7,7,6,3,3,4,4,7,7,6,3,3
3367,6,7,7,6,6,5,5,6,7,7,6,6,5,5,6,7,7,6,6,5,5
3368,23,25,27,27,25,23,21,23,25,27,27,25,23,21,23,25,27,27,25,23,21
3369,47,59,68,63,49,44,40,47,59,68,63,49,44,40,47,59,68,63,49,44,40
3370,10,15,16,26,21,18,9,10,15,16,26,21,18,9,10,15,16,26,21,18,9
3371,5,6,6,5,5,4,4,5,6,6,5,5,4,4,5,6,6,5,5,4,4
3372,23,30,34,33,28,23,19,23,30,34,33,28,23,19,23,30,34,33,28,23,19
3373,51,61,65,70,59,41,41,51,61,65,70,59,41,41,51,61,65,70,59,41,41
3374,3,3,3,4,3,3,2,3,3,3,4,3,3,2,3,3,3,4,3,3,2
3375,3,4,4,4,3,2,2,3,4,4,4,3,2,2,3,4,4,4,3,2,2
3376,15,20,24,24,18,15,12,15,20,24,24,18,15,12,15,20,24,24,18,15,12
3377,4,4,4,5,4,4,4,4,4,4,5,4,4,4,4,4,4,5,4,4,4
3378,2,2,2,2,2,1,2,2,2,2,2,2,1,2,2,2,2,2,2,1,2
3379,25,45,52,46,27,20,20,25,45,52,46,27,20,20,25,45,52,46,27,20,20
3380,8,9,10,12,10,7,6,8,9,10,12,10,7,6,8,9,10,12,10,7,6
3381,4,5,5,7,7,5,3,4,5,5,7,7,5,3,4,5,5,7,7,5,3
3382,17,25,29,28,21,14,15,17,25,29,28,21,14,15,17,25,29,28,21,14,15
3383,2,2,3,2,2,2,2,2,2,3,2,2,2,2,2,2,3,2,2,2,2
3384,53,73,78,95,83,72,49,53,73,78,95,83,72,49,53,73,78,95,83,72,49
3385,5,5,5,5,4,4,5,5,5,5,5,4,4,5,5,5,5,5,4,4,5
3386,9,9,8,7,6,6,8,9,9,8,7,6,6,8,9,9,8,7,6,6,8
3387,23,23,25,37,32,31,21,23,23,25,37,32,31,21,23,23,25,37,32,31,21
3388,20,24,26,26,23,21,18,20,24,26,26,23,21,18,20,24,26,26,23,21,18
3389,116,127,133,122,106,96,97,116,127,133,122,106,96,97,116,127,133,122,106,96,97
3390,21,24,25,24,21,19,18,21,24,25,24,21,19,18,21,24,25,24,21,19,18
3391,18,27,30,44,34,29,16,18,27,30,44,34,29,16,18,27,30,44,34,29,16
3392,59,77,93,86,75,63,50,59,77,93,86,75,63,50,59,77,93,86,75,63,50
3393,1,1,1,1,1,1,1,1,1,1,1,1,1,1,1,1,1,1,1,1,1
3394,13,17,18,21,16,11,11,13,17,18,21,16,11,11,13,17,18,21,16,11,11
3395,43,43,42,39,35,34,37,43,43,42,39,35,34,37,43,43,42,39,35,34,37
3396,2,2,2,2,1,1,2,2,2,2,2,1,1,2,2,2,2,2,1,1,2
3397,0,0,0,0,0,0,0,0,0,0,0,0,0,0,0,0,0,0,0,0,0
3398,1,1,1,1,1,1,1,1,1,1,1,1,1,1,1,1,1,1,1,1,1
3399,2,3,3,2,2,2,2,2,3,3,2,2,2,2,2,3,3,2,2,2,2
3400,1,1,1,1,1,1,1,1,1,1,1,1,1,1,1,1,1,1,1,1,1
3401,0,0,0,0,0,0,0,0,0,0,0,0,0,0,0,0,0,0,0,0,0
3402,5,5,4,6,5,6,5,5,5,4,6,5,6,5,5,5,4,6,5,6,5
3403,1,1,1,1,0,0,0,1,1,1,1,0,0,0,1,1,1,1,0,0,0
3404,0,0,0,0,0,0,0,0,0,0,0,0,0,0,0,0,0,0,0,0,0
3405,0,0,0,0,0,0,0,0,0,0,0,0,0,0,0,0,0,0,0,0,0
3406,0,0,0,0,0,0,0,0,0,0,0,0,0,0,0,0,0,0,0,0,0
3407,0,0,0,0,0,0,0,0,0,0,0,0,0,0,0,0,0,0,0,0,0
3408,0,0,0,0,0,0,0,0,0,0,0,0,0,0,0,0,0,0,0,0,0
3409,0,0,0,0,0,0,0,0,0,0,0,0,0,0,0,0,0,0,0,0,0
3410,0,0,0,0,0,0,0,0,0,0,0,0,0,0,0,0,0,0,0,0,0
3411,0,0,0,0,0,0,0,0,0,0,0,0,0,0,0,0,0,0,0,0,0
3412,0,0,0,0,0,0,0,0,0,0,0,0,0,0,0,0,0,0,0,0,0
3413,94,102,104,96,87,77,78,94,102,104,96,87,77,78,94,102,104,96,87,77,78
3414,0,1,1,1,1,0,0,0,1,1,1,1,0,0,0,1,1,1,1,0,0
3415,99,110,105,69,67,70,66,99,110,105,69,67,70,66,99,110,105,69,67,70,66
3416,36,40,39,33,32,33,34,36,40,39,33,32,33,34,36,40,39,33,32,33,34
3417,1,2,2,1,1,1,2,1,2,2,1,1,1,2,1,2,2,1,1,1,2
3418,10,10,6,6,5,5,8,10,10,6,6,5,5,8,10,10,6,6,5,5,8
3419,0,1,1,1,0,0,0,0,1,1,1,0,0,0,0,1,1,1,0,0,0
3420,0,0,0,0,0,0,0,0,0,0,0,0,0,0,0,0,0,0,0,0,0
3421,1,1,1,5,5,4,1,1,1,1,5,5,4,1,1,1,1,5,5,4,1
3422,1,1,2,5,4,3,1,1,1,2,5,4,3,1,1,1,2,5,4,3,1
3423,0,0,0,1,1,1,0,0,0,0,1,1,1,0,0,0,0,1,1,1,0
3424,0,0,0,0,0,0,0,0,0,0,0,0,0,0,0,0,0,0,0,0,0
3425,0,0,0,1,1,1,1,0,0,0,1,1,1,1,0,0,0,1,1,1,1
3426,5,6,5,5,5,4,5,5,6,5,5,5,4,5,5,6,5,5,5,4,5
3427,1,1,1,1,1,0,0,1,1,1,1,1,0,0,1,1,1,1,1,0,0
3428,0,0,0,0,0,0,0,0,0,0,0,0,0,0,0,0,0,0,0,0,0
3429,0,0,0,0,0,0,0,0,0,0,0,0,0,0,0,0,0,0,0,0,0
3430,0,0,0,0,0,0,0,0,0,0,0,0,0,0,0,0,0,0,0,0,0
3431,0,0,0,0,0,0,0,0,0,0,0,0,0,0,0,0,0,0,0,0,0
3432,1,0,0,0,0,0,0,1,0,0,0,0,0,0,1,0,0,0,0,0,0
3433,46,49,51,48,46,42,41,46,49,51,48,46,42,41,46,49,51,48,46,42,41
3434,2,2,2,1,1,1,1,2,2,2,1,1,1,1,2,2,2,1,1,1,1
3435,1,1,2,2,2,1,1,1,1,2,2,2,1,1,1,1,2,2,2,1,1
3436,0,0,0,0,0,0,0,0,0,0,0,0,0,0,0,0,0,0,0,0,0
3437,1,1,1,1,1,1,1,1,1,1,1,1,1,1,1,1,1,1,1,1,1
3438,0,0,0,0,0,0,0,0,0,0,0,0,0,0,0,0,0,0,0,0,0
3439,1,2,2,1,1,1,1,1,2,2,1,1,1,1,1,2,2,1,1,1,1
3440,1,1,1,1,1,1,1,1,1,1,1,1,1,1,1,1,1,1,1,1,1
3441,0,0,0,0,0,0,0,0,0,0,0,0,0,0,0,0,0,0,0,0,0
3442,0,0,0,0,0,0,0,0,0,0,0,0,0,0,0,0,0,0,0,0,0
3443,9,11,11,10,8,7,7,9,11,11,10,8,7,7,9,11,11,10,8,7,7
3444,3,3,4,3,3,3,3,3,3,4,3,3,3,3,3,3,4,3,3,3,3
3445,1,2,2,1,1,1,1,1,2,2,1,1,1,1,1,2,2,1,1,1,1
3446,4,5,5,5,4,4,4,4,5,5,5,4,4,4,4,5,5,5,4,4,4
3447,1,2,2,2,1,1,1,1,2,2,2,1,1,1,1,2,2,2,1,1,1
3448,1,1,1,1,1,0,0,1,1,1,1,1,0,0,1,1,1,1,1,0,0
3449,0,0,0,0,0,0,0,0,0,0,0,0,0,0,0,0,0,0,0,0,0
3450,2,2,2,2,2,2,2,2,2,2,2,2,2,2,2,2,2,2,2,2,2
3451,0,0,1,1,0,0,0,0,0,1,1,0,0,0,0,0,1,1,0,0,0
3452,0,0,0,0,0,0,0,0,0,0,0,0,0,0,0,0,0,0,0,0,0
3453,0,0,0,0,0,0,0,0,0,0,0,0,0,0,0,0,0,0,0,0,0
3454,1,1,1,1,1,1,1,1,1,1,1,1,1,1,1,1,1,1,1,1,1
3455,0,0,0,0,0,0,0,0,0,0,0,0,0,0,0,0,0,0,0,0,0
3456,0,0,0,0,0,0,0,0,0,0,0,0,0,0,0,0,0,0,0,0,0
3457,0,0,0,0,0,0,0,0,0,0,0,0,0,0,0,0,0,0,0,0,0
3458,0,0,0,0,0,0,0,0,0,0,0,0,0,0,0,0,0,0,0,0,0
3459,54,59,63,58,56,51,49,54,59,63,58,56,51,49,54,59,63,58,56,51,49
3460,1,2,1,1,1,1,1,1,2,1,1,1,1,1,1,2,1,1,1,1,1
3461,0,0,0,0,0,0,0,0,0,0,0,0,0,0,0,0,0,0,0,0,0
3462,0,0,0,0,0,0,0,0,0,0,0,0,0,0,0,0,0,0,0,0,0
3463,1,1,1,1,1,1,1,1,1,1,1,1,1,1,1,1,1,1,1,1,1
3464,23,32,39,39,33,25,21,23,32,39,39,33,25,21,23,32,39,39,33,25,21
3465,10,12,11,9,8,8,8,10,12,11,9,8,8,8,10,12,11,9,8,8,8
3466,11,9,6,5,4,7,7,11,9,6,5,4,7,7,11,9,6,5,4,7,7
3467,0,0,0,0,0,0,0,0,0,0,0,0,0,0,0,0,0,0,0,0,0
3468,20,22,25,23,28,23,20,20,22,25,23,28,23,20,20,22,25,23,28,23,20
3469,2,3,3,3,2,2,2,2,3,3,3,2,2,2,2,3,3,3,2,2,2
3470,1,1,1,1,1,1,1,1,1,1,1,1,1,1,1,1,1,1,1,1,1
3471,0,0,0,0,0,0,0,0,0,0,0,0,0,0,0,0,0,0,0,0,0
3472,0,0,0,0,0,0,0,0,0,0,0,0,0,0,0,0,0,0,0,0,0
3473,0,0,0,0,0,0,0,0,0,0,0,0,0,0,0,0,0,0,0,0,0
3474,0,0,0,0,0,0,0,0,0,0,0,0,0,0,0,0,0,0,0,0,0
3475,0,0,0,0,0,0,0,0,0,0,0,0,0,0,0,0,0,0,0,0,0
3476,0,0,0,0,0,0,0,0,0,0,0,0,0,0,0,0,0,0,0,0,0
3477,0,0,0,0,0,0,0,0,0,0,0,0,0,0,0,0,0,0,0,0,0
3478,0,0,0,0,0,0,0,0,0,0,0,0,0,0,0,0,0,0,0,0,0
3479,0,0,0,0,0,0,0,0,0,0,0,0,0,0,0,0,0,0,0,0,0
3480,1,1,1,1,1,1,1,1,1,1,1,1,1,1,1,1,1,1,1,1,1
3481,116,127,133,122,106,96,97,116,127,133,122,106,96,97,116,127,133,122,106,96,97
3482,0,0,0,0,0,0,0,0,0,0,0,0,0,0,0,0,0,0,0,0,0
3483,0,0,0,0,0,0,0,0,0,0,0,0,0,0,0,0,0,0,0,0,0
3484,21,23,19,12,12,12,14,21,23,19,12,12,12,14,21,23,19,12,12,12,14
3485,0,0,0,0,0,0,0,0,0,0,0,0,0,0,0,0,0,0,0,0,0
3486,0,0,0,0,1,1,0,0,0,0,0,1,1,0,0,0,0,0,1,1,0
3487,61,73,62,47,43,46,44,61,73,62,47,43,46,44,61,73,62,47,43,46,44
3488,1,1,1,1,1,1,1,1,1,1,1,1,1,1,1,1,1,1,1,1,1
3489,0,0,0,0,0,0,0,0,0,0,0,0,0,0,0,0,0,0,0,0,0
3490,25,29,35,33,27,20,20,25,29,35,33,27,20,20,25,29,35,33,27,20,20
3491,41,58,62,62,53,40,33,41,58,62,62,53,40,33,41,58,62,62,53,40,33
3492,10,10,11,11,7,6,7,10,10,11,11,7,6,7,10,10,11,11,7,6,7
3493,0,0,0,0,0,0,0,0,0,0,0,0,0,0,0,0,0,0,0,0,0
3494,0,0,0,0,0,0,0,0,0,0,0,0,0,0,0,0,0,0,0,0,0
3495,6,6,6,4,4,3,3,6,6,6,4,4,3,3,6,6,6,4,4,3,3
3496,4,4,4,4,3,3,3,4,4,4,4,3,3,3,4,4,4,4,3,3,3
3497,25,27,25,24,21,19,20,25,27,25,24,21,19,20,25,27,25,24,21,19,20
3498,8,9,10,11,9,7,6,8,9,10,11,9,7,6,8,9,10,11,9,7,6
3499,0,0,0,0,0,0,0,0,0,0,0,0,0,0,0,0,0,0,0,0,0
3500,13,16,14,13,11,10,10,13,16,14,13,11,10,10,13,16,14,13,11,10,10
3501,34,40,39,37,31,26,27,34,40,39,37,31,26,27,34,40,39,37,31,26,27
3502,24,27,29,27,21,19,19,24,27,29,27,21,19,19,24,27,29,27,21,19,19
3503,28,31,29,27,23,21,25,28,31,29,27,23,21,25,28,31,29,27,23,21,25
3504,85,125,133,113,100,79,74,85,125,133,113,100,79,74,85,125,133,113,100,79,74
3505,5,6,5,5,4,3,4,5,6,5,5,4,3,4,5,6,5,5,4,3,4
3506,11,17,17,18,13,10,8,11,17,17,18,13,10,8,11,17,17,18,13,10,8
3507,5,6,7,6,6,5,4,5,6,7,6,6,5,4,5,6,7,6,6,5,4
3508,1,1,1,1,0,0,1,1,1,1,1,0,0,1,1,1,1,1,0,0,1
3509,20,20,20,20,19,17,17,20,20,20,20,19,17,17,20,20,20,20,19,17,17
3510,38,42,44,44,41,34,33,38,42,44,44,41,34,33,38,42,44,44,41,34,33
3511,1,1,1,1,1,1,1,1,1,1,1,1,1,1,1,1,1,1,1,1,1
3512,2,4,4,4,3,3,3,2,4,4,4,3,3,3,2,4,4,4,3,3,3
3513,0,0,0,0,0,0,0,0,0,0,0,0,0,0,0,0,0,0,0,0,0
3514,15,16,16,21,12,10,11,15,16,16,21,12,10,11,15,16,16,21,12,10,11
3515,19,24,24,22,22,17,15,19,24,24,22,22,17,15,19,24,24,22,22,17,15
3516,0,0,0,0,0,0,0,0,0,0,0,0,0,0,0,0,0,0,0,0,0
3517,0,0,0,0,0,0,0,0,0,0,0,0,0,0,0,0,0,0,0,0,0
3518,0,0,0,0,0,0,0,0,0,0,0,0,0,0,0,0,0,0,0,0,0
3519,0,0,0,0,0,0,0,0,0,0,0,0,0,0,0,0,0,0,0,0,0
3520,0,0,0,0,0,0,0,0,0,0,0,0,0,0,0,0,0,0,0,0,0
3521,0,0,0,0,0,0,0,0,0,0,0,0,0,0,0,0,0,0,0,0,0
3522,0,0,0,0,0,0,0,0,0,0,0,0,0,0,0,0,0,0,0,0,0
3523,0,0,0,0,0,0,0,0,0,0,0,0,0,0,0,0,0,0,0,0,0
3524,0,0,0,0,0,0,0,0,0,0,0,0,0,0,0,0,0,0,0,0,0
3525,0,0,0,0,0,0,0,0,0,0,0,0,0,0,0,0,0,0,0,0,0
3526,0,0,0,0,0,0,0,0,0,0,0,0,0,0,0,0,0,0,0,0,0
3527,0,0,0,0,0,0,0,0,0,0,0,0,0,0,0,0,0,0,0,0,0
3528,0,0,0,0,0,0,0,0,0,0,0,0,0,0,0,0,0,0,0,0,0
3529,0,0,0,0,0,0,0,0,0,0,0,0,0,0,0,0,0,0,0,0,0
3530,0,0,0,0,0,0,0,0,0,0,0,0,0,0,0,0,0,0,0,0,0
3531,0,0,0,0,0,0,0,0,0,0,0,0,0,0,0,0,0,0,0,0,0
3532,0,0,0,0,0,0,0,0,0,0,0,0,0,0,0,0,0,0,0,0,0
3533,0,0,0,0,0,0,0,0,0,0,0,0,0,0,0,0,0,0,0,0,0
3534,16,15,15,16,15,13,13,16,15,15,16,15,13,13,16,15,15,16,15,13,13
3535,1,1,1,2,2,1,1,1,1,1,2,2,1,1,1,1,1,2,2,1,1
3536,0,0,1,0,0,0,0,0,0,1,0,0,0,0,0,0,1,0,0,0,0
3537,0,0,0,0,0,0,0,0,0,0,0,0,0,0,0,0,0,0,0,0,0
3538,0,0,0,0,0,0,0,0,0,0,0,0,0,0,0,0,0,0,0,0,0
3539,2,2,3,2,2,2,2,2,2,3,2,2,2,2,2,2,3,2,2,2,2
3540,3,3,4,3,3,2,2,3,3,4,3,3,2,2,3,3,4,3,3,2,2
3541,11,12,13,13,11,10,9,11,12,13,13,11,10,9,11,12,13,13,11,10,9
3542,5,7,8,8,6,5,4,5,7,8,8,6,5,4,5,7,8,8,6,5,4
3543,21,26,27,25,20,17,17,21,26,27,25,20,17,17,21,26,27,25,20,17,17
3544,5,6,6,6,4,4,3,5,6,6,6,4,4,3,5,6,6,6,4,4,3
3545,25,32,35,33,27,23,23,25,32,35,33,27,23,23,25,32,35,33,27,23,23
3546,1,1,2,2,1,1,1,1,1,2,2,1,1,1,1,1,2,2,1,1,1
3547,26,31,35,32,24,22,22,26,31,35,32,24,22,22,26,31,35,32,24,22,22
3548,6,7,8,7,6,5,5,6,7,8,7,6,5,5,6,7,8,7,6,5,5
3549,1,0,1,1,1,1,0,1,0,1,1,1,1,0,1,0,1,1,1,1,0
3550,0,0,1,1,1,0,0,0,0,1,1,1,0,0,0,0,1,1,1,0,0
3551,1,2,2,2,2,1,1,1,2,2,2,2,1,1,1,2,2,2,2,1,1
3552,4,5,4,4,3,2,3,4,5,4,4,3,2,3,4,5,4,4,3,2,3
3553,3,4,4,4,3,3,2,3,4,4,4,3,3,2,3,4,4,4,3,3,2
3554,15,17,19,17,14,12,13,15,17,19,17,14,12,13,15,17,19,17,14,12,13
3555,1,1,1,1,1,1,1,1,1,1,1,1,1,1,1,1,1,1,1,1,1
3556,1,1,1,1,0,0,1,1,1,1,1,0,0,1,1,1,1,1,0,0,1
3557,0,0,0,0,0,0,0,0,0,0,0,0,0,0,0,0,0,0,0,0,0
3558,0,0,0,0,0,0,0,0,0,0,0,0,0,0,0,0,0,0,0,0,0
3559,0,0,0,0,0,0,0,0,0,0,0,0,0,0,0,0,0,0,0,0,0
3560,0,1,1,1,1,1,0,0,1,1,1,1,1,0,0,1,1,1,1,1,0
3561,85,95,87,84,73,65,71,85,95,87,84,73,65,71,85,95,87,84,73,65,71
3562,4,4,4,5,4,3,3,4,4,4,5,4,3,3,4,4,4,5,4,3,3
3563,1,1,0,1,0,1,1,1,1,0,1,0,1,1,1,1,0,1,0,1,1
3564,0,0,0,0,0,0,0,0,0,0,0,0,0,0,0,0,0,0,0,0,0
3565,1,1,1,1,0,1,1,1,1,1,1,0,1,1,1,1,1,1,0,1,1
3566,5,5,5,5,5,4,4,5,5,5,5,5,4,4,5,5,5,5,5,4,4
3567,0,0,0,0,0,0,0,0,0,0,0,0,0,0,0,0,0,0,0,0,0
3568,1,1,1,1,0,1,1,1,1,1,1,0,1,1,1,1,1,1,0,1,1
3569,0,1,0,0,0,0,0,0,1,0,0,0,0,0,0,1,0,0,0,0,0
3570,2,2,2,2,2,2,2,2,2,2,2,2,2,2,2,2,2,2,2,2,2
3571,4,4,4,4,4,4,4,4,4,4,4,4,4,4,4,4,4,4,4,4,4
3572,3,4,4,4,4,3,3,3,4,4,4,4,3,3,3,4,4,4,4,3,3
3573,4,4,4,4,3,2,3,4,4,4,4,3,2,3,4,4,4,4,3,2,3
3574,1,1,1,1,0,1,1,1,1,1,1,0,1,1,1,1,1,1,0,1,1
3575,7,7,5,5,6,6,7,7,7,5,5,6,6,7,7,7,5,5,6,6,7
3576,3,3,3,3,3,2,2,3,3,3,3,3,2,2,3,3,3,3,3,2,2
3577,6,6,6,6,5,5,5,6,6,6,6,5,5,5,6,6,6,6,5,5,5
3578,1,1,1,1,1,1,1,1,1,1,1,1,1,1,1,1,1,1,1,1,1
3579,54,66,68,55,49,40,41,54,66,68,55,49,40,41,54,66,68,55,49,40,41
3580,69,77,80,82,72,60,53,69,77,80,82,72,60,53,69,77,80,82,72,60,53
3581,1,1,1,1,1,1,1,1,1,1,1,1,1,1,1,1,1,1,1,1,1
3582,1,2,2,2,2,1,1,1,2,2,2,2,1,1,1,2,2,2,2,1,1
3583,19,17,18,26,25,26,16,19,17,18,26,25,26,16,19,17,18,26,25,26,16
3584,116,127,133,122,106,96,97,116,127,133,122,106,96,97,116,127,133,122,106,96,97
3585,116,127,133,122,106,96,97,116,127,133,122,106,96,97,116,127,133,122,106,96,97
3586,101,111,107,101,87,72,75,101,111,107,101,87,72,75,101,111,107,101,87,72,75
3587,115,126,124,113,100,88,94,115,126,124,113,100,88,94,115,126,124,113,100,88,94
3588,116,127,133,122,106,96,97,116,127,133,122,106,96,97,116,127,133,122,106,96,97
3589,3,4,4,3,3,3,2,3,4,4,3,3,3,2,3,4,4,3,3,3,2
3590,3,3,3,3,4,3,3,3,3,3,3,4,3,3,3,3,3,3,4,3,3
3591,2,1,1,1,2,1,2,2,1,1,1,2,1,2,2,1,1,1,2,1,2
3592,4,5,4,4,4,3,4,4,5,4,4,4,3,4,4,5,4,4,4,3,4
3593,4,4,4,4,4,3,3,4,4,4,4,4,3,3,4,4,4,4,4,3,3
3594,1,1,2,1,1,1,1,1,1,2,1,1,1,1,1,1,2,1,1,1,1
3595,8,11,10,9,7,5,5,8,11,10,9,7,5,5,8,11,10,9,7,5,5
3596,1,1,1,1,1,0,0,1,1,1,1,1,0,0,1,1,1,1,1,0,0
3597,2,3,3,2,2,1,2,2,3,3,2,2,1,2,2,3,3,2,2,1,2
3598,0,0,0,0,0,0,1,0,0,0,0,0,0,1,0,0,0,0,0,0,1
3599,0,0,0,0,0,0,0,0,0,0,0,0,0,0,0,0,0,0,0,0,0
3600,1,1,1,1,1,1,1,1,1,1,1,1,1,1,1,1,1,1,1,1,1
3601,1,1,1,0,1,0,0,1,1,1,0,1,0,0,1,1,1,0,1,0,0
3602,0,0,0,0,0,0,0,0,0,0,0,0,0,0,0,0,0,0,0,0,0
3603,1,1,1,0,0,0,0,1,1,1,0,0,0,0,1,1,1,0,0,0,0
3604,0,0,0,0,0,0,0,0,0,0,0,0,0,0,0,0,0,0,0,0,0
3605,0,0,0,0,0,0,0,0,0,0,0,0,0,0,0,0,0,0,0,0,0
3606,0,0,0,0,0,0,0,0,0,0,0,0,0,0,0,0,0,0,0,0,0
3607,0,0,0,0,0,0,0,0,0,0,0,0,0,0,0,0,0,0,0,0,0
3608,3,2,1,0,0,0,1,3,2,1,0,0,0,1,3,2,1,0,0,0,1
3609,0,1,1,1,1,1,1,0,1,1,1,1,1,1,0,1,1,1,1,1,1
3610,0,0,0,0,0,0,0,0,0,0,0,0,0,0,0,0,0,0,0,0,0
3611,0,0,0,0,0,0,0,0,0,0,0,0,0,0,0,0,0,0,0,0,0
3612,0,0,0,0,0,0,0,0,0,0,0,0,0,0,0,0,0,0,0,0,0
3613,0,0,0,0,0,0,0,0,0,0,0,0,0,0,0,0,0,0,0,0,0
3614,0,0,0,0,0,0,0,0,0,0,0,0,0,0,0,0,0,0,0,0,0
3615,10,12,10,8,8,7,6,10,12,10,8,8,7,6,10,12,10,8,8,7,6
3616,0,0,0,0,0,0,0,0,0,0,0,0,0,0,0,0,0,0,0,0,0
3617,0,0,0,0,0,0,0,0,0,0,0,0,0,0,0,0,0,0,0,0,0
3618,0,0,0,0,0,0,0,0,0,0,0,0,0,0,0,0,0,0,0,0,0
3619,0,0,0,0,0,0,0,0,0,0,0,0,0,0,0,0,0,0,0,0,0
3620,4,4,4,4,4,3,4,4,4,4,4,4,3,4,4,4,4,4,4,3,4
3621,11,13,12,13,13,13,11,11,13,12,13,13,13,11,11,13,12,13,13,13,11
3622,2,3,3,2,2,2,2,2,3,3,2,2,2,2,2,3,3,2,2,2,2
3623,2,1,1,1,1,2,1,2,1,1,1,1,2,1,2,1,1,1,1,2,1
3624,0,0,0,0,0,0,0,0,0,0,0,0,0,0,0,0,0,0,0,0,0
3625,0,0,0,0,0,0,0,0,0,0,0,0,0,0,0,0,0,0,0,0,0
3626,72,95,113,108,95,68,54,72,95,113,108,95,68,54,72,95,113,108,95,68,54
3627,0,0,0,0,0,0,0,0,0,0,0,0,0,0,0,0,0,0,0,0,0
3628,11,10,10,10,9,8,8,11,10,10,10,9,8,8,11,10,10,10,9,8,8
3629,0,0,0,0,0,0,0,0,0,0,0,0,0,0,0,0,0,0,0,0,0
3630,3,4,2,2,2,3,4,3,4,2,2,2,3,4,3,4,2,2,2,3,4
3631,17,12,13,11,9,12,12,17,12,13,11,9,12,12,17,12,13,11,9,12,12
3632,2,2,2,1,1,1,1,2,2,2,1,1,1,1,2,2,2,1,1,1,1
3633,7,8,7,5,4,5,5,7,8,7,5,4,5,5,7,8,7,5,4,5,5
3634,7,8,9,7,5,3,6,7,8,9,7,5,3,6,7,8,9,7,5,3,6
3635,0,0,0,0,0,0,0,0,0,0,0,0,0,0,0,0,0,0,0,0,0
3636,1,1,1,1,1,1,1,1,1,1,1,1,1,1,1,1,1,1,1,1,1
3637,0,0,0,0,0,0,1,0,0,0,0,0,0,1,0,0,0,0,0,0,1
3638,2,2,3,2,1,1,1,2,2,3,2,1,1,1,2,2,3,2,1,1,1
3639,1,1,1,1,1,1,1,1,1,1,1,1,1,1,1,1,1,1,1,1,1
3640,0,0,0,0,0,0,0,0,0,0,0,0,0,0,0,0,0,0,0,0,0
3641,0,0,0,0,0,0,0,0,0,0,0,0,0,0,0,0,0,0,0,0,0
3642,0,0,0,0,0,0,0,0,0,0,0,0,0,0,0,0,0,0,0,0,0
3643,0,0,0,0,0,0,0,0,0,0,0,0,0,0,0,0,0,0,0,0,0
3644,0,0,0,0,0,0,0,0,0,0,0,0,0,0,0,0,0,0,0,0,0
3645,0,0,0,0,0,0,0,0,0,0,0,0,0,0,0,0,0,0,0,0,0
3646,1,1,1,1,1,1,1,1,1,1,1,1,1,1,1,1,1,1,1,1,1
3647,2,2,2,2,2,1,1,2,2,2,2,2,1,1,2,2,2,2,2,1,1
3648,2,2,2,2,2,2,1,2,2,2,2,2,2,1,2,2,2,2,2,2,1
3649,0,0,0,0,0,0,0,0,0,0,0,0,0,0,0,0,0,0,0,0,0
3650,0,0,0,0,0,0,0,0,0,0,0,0,0,0,0,0,0,0,0,0,0
3651,0,0,0,0,0,0,0,0,0,0,0,0,0,0,0,0,0,0,0,0,0
3652,1,1,1,1,1,1,0,1,1,1,1,1,1,0,1,1,1,1,1,1,0
3653,0,0,0,0,0,0,0,0,0,0,0,0,0,0,0,0,0,0,0,0,0
3654,1,1,1,1,1,1,1,1,1,1,1,1,1,1,1,1,1,1,1,1,1
3655,9,11,11,12,11,9,8,9,11,11,12,11,9,8,9,11,11,12,11,9,8
3656,1,1,1,1,1,1,1,1,1,1,1,1,1,1,1,1,1,1,1,1,1
3657,0,0,0,0,0,0,0,0,0,0,0,0,0,0,0,0,0,0,0,0,0
3658,3,4,5,4,4,3,3,3,4,5,4,4,3,3,3,4,5,4,4,3,3
3659,2,2,2,2,2,2,2,2,2,2,2,2,2,2,2,2,2,2,2,2,2
3660,10,12,11,9,8,8,8,10,12,11,9,8,8,8,10,12,11,9,8,8,8
3661,1,0,0,0,0,0,0,1,0,0,0,0,0,0,1,0,0,0,0,0,0
3662,0,0,0,0,0,0,0,0,0,0,0,0,0,0,0,0,0,0,0,0,0
3663,17,18,19,20,19,17,16,17,18,19,20,19,17,16,17,18,19,20,19,17,16
3664,0,0,0,0,0,0,0,0,0,0,0,0,0,0,0,0,0,0,0,0,0
3665,5,6,7,6,5,4,4,5,6,7,6,5,4,4,5,6,7,6,5,4,4
3666,5,6,10,10,9,5,4,5,6,10,10,9,5,4,5,6,10,10,9,5,4
3667,4,5,5,5,4,3,3,4,5,5,5,4,3,3,4,5,5,5,4,3,3
3668,9,11,16,15,13,10,8,9,11,16,15,13,10,8,9,11,16,15,13,10,8
3669,30,32,38,42,33,28,26,30,32,38,42,33,28,26,30,32,38,42,33,28,26
3670,18,19,20,19,18,15,15,18,19,20,19,18,15,15,18,19,20,19,18,15,15
3671,6,7,8,8,6,5,5,6,7,8,8,6,5,5,6,7,8,8,6,5,5
3672,13,15,16,17,15,12,11,13,15,16,17,15,12,11,13,15,16,17,15,12,11
3673,3,3,3,3,2,2,2,3,3,3,3,2,2,2,3,3,3,3,2,2,2
3674,5,5,6,6,5,4,4,5,5,6,6,5,4,4,5,5,6,6,5,4,4
3675,14,18,25,28,22,16,12,14,18,25,28,22,16,12,14,18,25,28,22,16,12
3676,2,3,5,5,4,2,1,2,3,5,5,4,2,1,2,3,5,5,4,2,1
3677,5,7,10,10,8,5,4,5,7,10,10,8,5,4,5,7,10,10,8,5,4
3678,3,3,3,3,3,3,3,3,3,3,3,3,3,3,3,3,3,3,3,3,3
3679,1,2,2,2,2,1,1,1,2,2,2,2,1,1,1,2,2,2,2,1,1
3680,1,1,1,1,1,1,1,1,1,1,1,1,1,1,1,1,1,1,1,1,1
3681,15,12,11,11,12,11,11,15,12,11,11,12,11,11,15,12,11,11,12,11,11
3682,1,2,2,3,3,2,2,1,2,2,3,3,2,2,1,2,2,3,3,2,2
3683,15,13,14,15,16,15,15,15,13,14,15,16,15,15,15,13,14,15,16,15,15
3684,1,1,1,5,0,1,1,1,1,1,5,0,1,1,1,1,1,5,0,1,1
3685,0,0,0,0,0,0,0,0,0,0,0,0,0,0,0,0,0,0,0,0,0
3686,0,0,0,0,0,0,0,0,0,0,0,0,0,0,0,0,0,0,0,0,0
3687,0,0,1,1,1,1,1,0,0,1,1,1,1,1,0,0,1,1,1,1,1
3688,1,1,1,1,1,0,1,1,1,1,1,1,0,1,1,1,1,1,1,0,1
3689,0,0,0,0,0,0,0,0,0,0,0,0,0,0,0,0,0,0,0,0,0
3690,3,3,2,4,5,4,3,3,3,2,4,5,4,3,3,3,2,4,5,4,3
3691,4,4,4,5,4,4,4,4,4,4,5,4,4,4,4,4,4,5,4,4,4
3692,11,11,11,11,11,10,9,11,11,11,11,11,10,9,11,11,11,11,11,10,9
3693,3,3,3,2,2,2,2,3,3,3,2,2,2,2,3,3,3,2,2,2,2
3694,0,0,0,0,0,0,0,0,0,0,0,0,0,0,0,0,0,0,0,0,0
3695,1,1,1,1,0,0,0,1,1,1,1,0,0,0,1,1,1,1,0,0,0
3696,0,0,0,0,0,0,0,0,0,0,0,0,0,0,0,0,0,0,0,0,0
3697,0,0,0,0,0,0,0,0,0,0,0,0,0,0,0,0,0,0,0,0,0
3698,0,0,0,0,0,0,0,0,0,0,0,0,0,0,0,0,0,0,0,0,0
3699,1,0,0,0,0,0,0,1,0,0,0,0,0,0,1,0,0,0,0,0,0
3700,0,0,0,0,0,0,0,0,0,0,0,0,0,0,0,0,0,0,0,0,0
3701,0,0,0,0,0,0,0,0,0,0,0,0,0,0,0,0,0,0,0,0,0
3702,25,30,32,30,27,22,21,25,30,32,30,27,22,21,25,30,32,30,27,22,21
3703,0,0,0,0,0,0,0,0,0,0,0,0,0,0,0,0,0,0,0,0,0
3704,0,0,0,0,0,0,0,0,0,0,0,0,0,0,0,0,0,0,0,0,0
3705,36,36,38,38,40,36,34,36,36,38,38,40,36,34,36,36,38,38,40,36,34
3706,1,1,1,0,0,0,1,1,1,1,0,0,0,1,1,1,1,0,0,0,1
3707,116,127,133,122,106,96,97,116,127,133,122,106,96,97,116,127,133,122,106,96,97
3708,6,5,6,5,5,4,4,6,5,6,5,5,4,4,6,5,6,5,5,4,4
3709,11,13,12,12,11,11,10,11,13,12,12,11,11,10,11,13,12,12,11,11,10
3710,0,0,0,0,0,0,0,0,0,0,0,0,0,0,0,0,0,0,0,0,0
3711,0,0,0,0,0,0,0,0,0,0,0,0,0,0,0,0,0,0,0,0,0
3712,1,1,0,1,0,1,0,1,1,0,1,0,1,0,1,1,0,1,0,1,0
3713,5,5,5,6,6,6,5,5,5,5,6,6,6,5,5,5,5,6,6,6,5
3714,58,61,61,58,54,52,51,58,61,61,58,54,52,51,58,61,61,58,54,52,51
3715,0,0,0,0,0,0,0,0,0,0,0,0,0,0,0,0,0,0,0,0,0
3716,4,4,4,4,3,3,2,4,4,4,4,3,3,2,4,4,4,4,3,3,2
3717,3,3,3,3,2,2,3,3,3,3,3,2,2,3,3,3,3,3,2,2,3
3718,0,0,0,0,0,0,0,0,0,0,0,0,0,0,0,0,0,0,0,0,0
3719,1,1,1,1,0,0,0,1,1,1,1,0,0,0,1,1,1,1,0,0,0
3720,0,0,0,0,0,0,0,0,0,0,0,0,0,0,0,0,0,0,0,0,0
3721,1,1,0,1,1,0,1,1,1,0,1,1,0,1,1,1,0,1,1,0,1
3722,0,0,0,0,0,0,0,0,0,0,0,0,0,0,0,0,0,0,0,0,0
3723,0,0,0,0,0,0,0,0,0,0,0,0,0,0,0,0,0,0,0,0,0
3724,1,1,1,1,1,0,1,1,1,1,1,1,0,1,1,1,1,1,1,0,1
3725,0,0,0,0,0,0,0,0,0,0,0,0,0,0,0,0,0,0,0,0,0
3726,89,101,101,102,96,83,69,89,101,101,102,96,83,69,89,101,101,102,96,83,69
3727,0,0,0,0,1,0,0,0,0,0,0,1,0,0,0,0,0,0,1,0,0
3728,0,0,0,0,0,0,0,0,0,0,0,0,0,0,0,0,0,0,0,0,0
3729,0,0,0,0,0,2,2,0,0,0,0,0,2,2,0,0,0,0,0,2,2
3730,0,2,0,0,0,0,0,0,2,0,0,0,0,0,0,2,0,0,0,0,0
3731,0,0,1,1,1,0,0,0,0,1,1,1,0,0,0,0,1,1,1,0,0
3732,0,0,0,0,0,0,0,0,0,0,0,0,0,0,0,0,0,0,0,0,0
3733,0,0,0,0,0,0,0,0,0,0,0,0,0,0,0,0,0,0,0,0,0
3734,22,27,27,28,26,23,21,22,27,27,28,26,23,21,22,27,27,28,26,23,21
3735,10,10,10,10,10,10,10,10,10,10,10,10,10,10,10,10,10,10,10,10,10
3736,11,10,11,10,9,9,9,11,10,11,10,9,9,9,11,10,11,10,9,9,9
3737,4,5,5,4,3,3,3,4,5,5,4,3,3,3,4,5,5,4,3,3,3
3738,1,1,1,2,1,1,1,1,1,1,2,1,1,1,1,1,1,2,1,1,1
3739,3,3,3,4,3,3,3,3,3,3,4,3,3,3,3,3,3,4,3,3,3
3740,0,0,0,0,0,0,0,0,0,0,0,0,0,0,0,0,0,0,0,0,0
3741,2,3,2,2,1,1,1,2,3,2,2,1,1,1,2,3,2,2,1,1,1
3742,5,6,5,5,5,4,4,5,6,5,5,5,4,4,5,6,5,5,5,4,4
3743,2,3,3,2,2,1,2,2,3,3,2,2,1,2,2,3,3,2,2,1,2
3744,68,75,76,72,67,56,54,68,75,76,72,67,56,54,68,75,76,72,67,56,54
3745,37,43,44,43,37,30,29,37,43,44,43,37,30,29,37,43,44,43,37,30,29
3746,3,4,3,3,3,3,3,3,4,3,3,3,3,3,3,4,3,3,3,3,3
3747,5,7,6,6,8,7,8,5,7,6,6,8,7,8,5,7,6,6,8,7,8
3748,1,1,1,0,0,0,0,1,1,1,0,0,0,0,1,1,1,0,0,0,0
3749,2,2,2,2,1,1,2,2,2,2,2,1,1,2,2,2,2,2,1,1,2
3750,0,0,0,0,0,0,0,0,0,0,0,0,0,0,0,0,0,0,0,0,0
3751,0,0,0,0,0,0,0,0,0,0,0,0,0,0,0,0,0,0,0,0,0
3752,0,0,0,0,0,0,0,0,0,0,0,0,0,0,0,0,0,0,0,0,0
3753,0,0,0,0,0,0,0,0,0,0,0,0,0,0,0,0,0,0,0,0,0
3754,0,0,0,0,0,0,0,0,0,0,0,0,0,0,0,0,0,0,0,0,0
3755,0,0,0,0,0,0,0,0,0,0,0,0,0,0,0,0,0,0,0,0,0
3756,0,0,0,0,0,0,0,0,0,0,0,0,0,0,0,0,0,0,0,0,0
3757,1,0,0,1,1,1,1,1,0,0,1,1,1,1,1,0,0,1,1,1,1
3758,0,0,0,0,0,0,0,0,0,0,0,0,0,0,0,0,0,0,0,0,0
3759,3,3,3,2,2,2,2,3,3,3,2,2,2,2,3,3,3,2,2,2,2
3760,1,1,2,2,2,1,1,1,1,2,2,2,1,1,1,1,2,2,2,1,1
3761,2,3,3,4,3,2,2,2,3,3,4,3,2,2,2,3,3,4,3,2,2
3762,0,0,0,0,0,0,0,0,0,0,0,0,0,0,0,0,0,0,0,0,0
3763,0,0,0,0,0,0,0,0,0,0,0,0,0,0,0,0,0,0,0,0,0
3764,0,0,0,0,0,0,0,0,0,0,0,0,0,0,0,0,0,0,0,0,0
3765,0,0,0,0,0,0,0,0,0,0,0,0,0,0,0,0,0,0,0,0,0
3766,0,0,0,0,0,0,0,0,0,0,0,0,0,0,0,0,0,0,0,0,0
3767,0,0,0,0,0,0,0,0,0,0,0,0,0,0,0,0,0,0,0,0,0
3768,0,0,0,0,0,0,0,0,0,0,0,0,0,0,0,0,0,0,0,0,0
3769,0,0,0,0,0,0,0,0,0,0,0,0,0,0,0,0,0,0,0,0,0
3770,0,0,0,0,0,0,0,0,0,0,0,0,0,0,0,0,0,0,0,0,0
3771,3,3,4,4,4,3,2,3,3,4,4,4,3,2,3,3,4,4,4,3,2
3772,5,6,6,5,6,6,6,5,6,6,5,6,6,6,5,6,6,5,6,6,6
3773,2,3,3,3,2,2,2,2,3,3,3,2,2,2,2,3,3,3,2,2,2
3774,1,2,1,1,1,1,1,1,2,1,1,1,1,1,1,2,1,1,1,1,1
3775,1,1,1,0,0,0,0,1,1,1,0,0,0,0,1,1,1,0,0,0,0
3776,0,0,0,0,0,0,0,0,0,0,0,0,0,0,0,0,0,0,0,0,0
3777,1,1,5,15,15,0,0,1,1,5,15,15,0,0,1,1,5,15,15,0,0
3778,0,0,0,0,0,0,0,0,0,0,0,0,0,0,0,0,0,0,0,0,0
3779,0,0,0,1,1,1,0,0,0,0,1,1,1,0,0,0,0,1,1,1,0
3780,1,1,1,1,1,1,1,1,1,1,1,1,1,1,1,1,1,1,1,1,1
3781,0,0,1,1,1,0,0,0,0,1,1,1,0,0,0,0,1,1,1,0,0
3782,1,1,1,1,1,1,1,1,1,1,1,1,1,1,1,1,1,1,1,1,1
3783,1,2,2,2,2,2,1,1,2,2,2,2,2,1,1,2,2,2,2,2,1
3784,0,0,0,0,0,0,0,0,0,0,0,0,0,0,0,0,0,0,0,0,0
3785,1,1,1,1,1,1,1,1,1,1,1,1,1,1,1,1,1,1,1,1,1
3786,0,0,0,1,0,0,0,0,0,0,1,0,0,0,0,0,0,1,0,0,0
3787,0,0,0,0,0,0,0,0,0,0,0,0,0,0,0,0,0,0,0,0,0
3788,0,0,0,0,0,0,0,0,0,0,0,0,0,0,0,0,0,0,0,0,0
3789,1,1,1,1,1,1,1,1,1,1,1,1,1,1,1,1,1,1,1,1,1
3790,0,0,0,0,0,0,0,0,0,0,0,0,0,0,0,0,0,0,0,0,0
3791,5,7,8,7,5,4,4,5,7,8,7,5,4,4,5,7,8,7,5,4,4
3792,37,42,43,42,37,33,31,37,42,43,42,37,33,31,37,42,43,42,37,33,31
3793,2,2,2,3,3,2,1,2,2,2,3,3,2,1,2,2,2,3,3,2,1
3794,0,0,0,0,0,0,0,0,0,0,0,0,0,0,0,0,0,0,0,0,0
3795,25,25,24,21,19,18,19,25,25,24,21,19,18,19,25,25,24,21,19,18,19
3796,8,10,12,11,9,7,5,8,10,12,11,9,7,5,8,10,12,11,9,7,5
3797,1,1,1,1,1,1,1,1,1,1,1,1,1,1,1,1,1,1,1,1,1
3798,0,0,0,0,0,0,0,0,0,0,0,0,0,0,0,0,0,0,0,0,0
3799,0,0,0,0,0,0,0,0,0,0,0,0,0,0,0,0,0,0,0,0,0
3800,0,0,0,0,0,0,0,0,0,0,0,0,0,0,0,0,0,0,0,0,0
3801,0,0,0,0,0,0,0,0,0,0,0,0,0,0,0,0,0,0,0,0,0
3802,0,0,0,0,0,0,0,0,0,0,0,0,0,0,0,0,0,0,0,0,0
3803,0,0,0,0,0,0,0,0,0,0,0,0,0,0,0,0,0,0,0,0,0
3804,0,0,0,0,0,0,0,0,0,0,0,0,0,0,0,0,0,0,0,0,0
3805,0,0,0,0,0,0,0,0,0,0,0,0,0,0,0,0,0,0,0,0,0
3806,5,5,5,5,4,4,3,5,5,5,5,4,4,3,5,5,5,5,4,4,3
3807,0,0,0,0,0,0,0,0,0,0,0,0,0,0,0,0,0,0,0,0,0
3808,0,0,0,0,0,0,0,0,0,0,0,0,0,0,0,0,0,0,0,0,0
3809,0,0,0,0,0,0,0,0,0,0,0,0,0,0,0,0,0,0,0,0,0
3810,24,26,26,27,24,21,21,24,26,26,27,24,21,21,24,26,26,27,24,21,21
3811,0,1,1,1,1,1,1,0,1,1,1,1,1,1,0,1,1,1,1,1,1
3812,0,0,0,0,0,0,0,0,0,0,0,0,0,0,0,0,0,0,0,0,0
3813,0,0,0,0,0,0,0,0,0,0,0,0,0,0,0,0,0,0,0,0,0
3814,1,1,1,1,1,1,1,1,1,1,1,1,1,1,1,1,1,1,1,1,1
3815,34,38,42,46,40,30,27,34,38,42,46,40,30,27,34,38,42,46,40,30,27
3816,5,6,6,5,5,4,6,5,6,6,5,5,4,6,5,6,6,5,5,4,6
3817,38,41,39,36,33,32,35,38,41,39,36,33,32,35,38,41,39,36,33,32,35
3818,18,19,20,18,19,16,15,18,19,20,18,19,16,15,18,19,20,18,19,16,15
3819,65,69,70,60,57,52,52,65,69,70,60,57,52,52,65,69,70,60,57,52,52
3820,3,3,3,3,2,2,2,3,3,3,3,2,2,2,3,3,3,3,2,2,2
3821,2,2,2,1,0,1,1,2,2,2,1,0,1,1,2,2,2,1,0,1,1
3822,101,114,124,112,85,70,70,101,114,124,112,85,70,70,101,114,124,112,85,70,70
3823,42,55,69,69,54,37,37,42,55,69,69,54,37,37,42,55,69,69,54,37,37
3824,50,61,75,73,61,46,43,50,61,75,73,61,46,43,50,61,75,73,61,46,43
3825,86,103,109,97,84,80,78,86,103,109,97,84,80,78,86,103,109,97,84,80,78
3826,48,68,82,79,62,42,39,48,68,82,79,62,42,39,48,68,82,79,62,42,39
3827,52,70,83,81,63,45,44,52,70,83,81,63,45,44,52,70,83,81,63,45,44
3828,116,127,133,122,106,96,97,116,127,133,122,106,96,97,116,127,133,122,106,96,97
3829,116,127,133,122,106,96,97,116,127,133,122,106,96,97,116,127,133,122,106,96,97
3830,116,127,133,122,106,96,97,116,127,133,122,106,96,97,116,127,133,122,106,96,97
3831,0,0,0,0,0,0,0,0,0,0,0,0,0,0,0,0,0,0,0,0,0
3832,116,127,133,122,106,96,97,116,127,133,122,106,96,97,116,127,133,122,106,96,97
3833,116,127,133,122,106,96,97,116,127,133,122,106,96,97,116,127,133,122,106,96,97
3834,116,127,133,122,106,96,97,116,127,133,122,106,96,97,116,127,133,122,106,96,97
3835,0,0,0,0,0,0,0,0,0,0,0,0,0,0,0,0,0,0,0,0,0
3836,116,127,133,122,106,96,97,116,127,133,122,106,96,97,116,127,133,122,106,96,97
3837,116,127,133,122,106,96,97,116,127,133,122,106,96,97,116,127,133,122,106,96,97
3838,0,0,0,0,0,0,0,0,0,0,0,0,0,0,0,0,0,0,0,0,0
3839,116,127,133,122,106,96,97,116,127,133,122,106,96,97,116,127,133,122,106,96,97
3840,116,127,133,122,106,96,97,116,127,133,122,106,96,97,116,127,133,122,106,96,97
3841,3,0,0,0,0,0,3,3,0,0,0,0,0,3,3,0,0,0,0,0,3
3842,3,0,0,0,0,3,3,3,0,0,0,0,3,3,3,0,0,0,0,3,3
3843,83,106,104,95,75,66,74,83,106,104,95,75,66,74,83,106,104,95,75,66,74
3844,94,85,80,86,87,91,87,94,85,80,86,87,91,87,94,85,80,86,87,91,87
3845,12,10,10,12,13,13,12,12,10,10,12,13,13,12,12,10,10,12,13,13,12
3846,58,77,97,106,87,57,54,58,77,97,106,87,57,54,58,77,97,106,87,57,54
3847,20,22,31,37,34,30,28,20,22,31,37,34,30,28,20,22,31,37,34,30,28
3848,8,8,8,7,6,6,4,8,8,8,7,6,6,4,8,8,8,7,6,6,4
3849,40,50,55,58,55,54,36,40,50,55,58,55,54,36,40,50,55,58,55,54,36
3850,38,35,38,51,47,43,39,38,35,38,51,47,43,39,38,35,38,51,47,43,39
3851,15,21,19,12,10,3,10,15,21,19,12,10,3,10,15,21,19,12,10,3,10
3852,0,0,0,0,0,0,0,0,0,0,0,0,0,0,0,0,0,0,0,0,0
3853,0,4,0,0,0,0,0,0,4,0,0,0,0,0,0,4,0,0,0,0,0
3854,116,127,133,122,106,96,97,116,127,133,122,106,96,97,116,127,133,122,106,96,97
3855,116,127,133,122,106,96,97,116,127,133,122,106,96,97,116,127,133,122,106,96,97
3856,0,4,0,0,0,0,0,0,4,0,0,0,0,0,0,4,0,0,0,0,0
3857,0,0,0,0,0,0,0,0,0,0,0,0,0,0,0,0,0,0,0,0,0
3858,116,127,133,122,106,96,97,116,127,133,122,106,96,97,116,127,133,122,106,96,97
3859,116,127,133,122,106,96,97,116,127,133,122,106,96,97,116,127,133,122,106,96,97
3860,6,3,0,0,0,0,0,6,3,0,0,0,0,0,6,3,0,0,0,0,0
3861,0,0,0,0,0,0,0,0,0,0,0,0,0,0,0,0,0,0,0,0,0
3862,116,127,133,122,106,96,97,116,127,133,122,106,96,97,116,127,133,122,106,96,97
3863,53,41,44,53,59,60,52,53,41,44,53,59,60,52,53,41,44,53,59,60,52
3864,0,0,0,0,0,5,0,0,0,0,0,0,5,0,0,0,0,0,0,5,0
3865,0,0,0,0,0,0,2,0,0,0,0,0,0,2,0,0,0,0,0,0,2
3866,26,29,35,33,30,18,18,26,29,35,33,30,18,18,26,29,35,33,30,18,18
3867,32,39,31,29,16,22,36,32,39,31,29,16,22,36,32,39,31,29,16,22,36
3868,2,2,2,3,3,3,3,2,2,2,3,3,3,3,2,2,2,3,3,3,3
3869,73,66,87,97,71,63,73,73,66,87,97,71,63,73,73,66,87,97,71,63,73
3870,116,127,130,122,106,96,97,116,127,130,122,106,96,97,116,127,130,122,106,96,97
3871,0,0,1,1,0,0,0,0,0,1,1,0,0,0,0,0,1,1,0,0,0
3872,0,0,7,8,8,5,0,0,0,7,8,8,5,0,0,0,7,8,8,5,0
3873,63,70,52,33,22,26,32,63,70,52,33,22,26,32,63,70,52,33,22,26,32
3874,65,91,121,122,106,78,30,65,91,121,122,106,78,30,65,91,121,122,106,78,30
3875,62,72,93,87,82,67,45,62,72,93,87,82,67,45,62,72,93,87,82,67,45
3876,116,127,133,122,106,96,97,116,127,133,122,106,96,97,116,127,133,122,106,96,97
3877,116,127,133,122,106,96,97,116,127,133,122,106,96,97,116,127,133,122,106,96,97
3878,116,127,133,122,106,96,97,116,127,133,122,106,96,97,116,127,133,122,106,96,97
3879,11,6,4,11,6,1,3,11,6,4,11,6,1,3,11,6,4,11,6,1,3
3880,4,0,0,0,0,4,5,4,0,0,0,0,4,5,4,0,0,0,0,4,5
3881,116,127,133,122,106,96,97,116,127,133,122,106,96,97,116,127,133,122,106,96,97
3882,116,127,133,122,106,96,97,116,127,133,122,106,96,97,116,127,133,122,106,96,97
3883,17,25,15,23,11,33,4,17,25,15,23,11,33,4,17,25,15,23,11,33,4
3884,17,10,9,7,2,8,9,17,10,9,7,2,8,9,17,10,9,7,2,8,9
3885,116,127,133,122,106,96,97,116,127,133,122,106,96,97,116,127,133,122,106,96,97
3886,116,127,133,122,106,96,97,116,127,133,122,106,96,97,116,127,133,122,106,96,97
3887,46,46,26,30,21,29,34,46,46,26,30,21,29,34,46,46,26,30,21,29,34
3888,40,45,50,35,42,38,42,40,45,50,35,42,38,42,40,45,50,35,42,38,42
3889,34,28,28,31,33,35,35,34,28,28,31,33,35,35,34,28,28,31,33,35,35
3890,35,22,20,34,33,35,39,35,22,20,34,33,35,39,35,22,20,34,33,35,39
3891,7,7,10,13,13,3,3,7,7,10,13,13,3,3,7,7,10,13,13,3,3
3892,25,22,14,5,7,9,8,25,22,14,5,7,9,8,25,22,14,5,7,9,8
3893,28,38,40,39,28,37,24,28,38,40,39,28,37,24,28,38,40,39,28,37,24
3894,34,34,36,33,34,32,31,34,34,36,33,34,32,31,34,34,36,33,34,32,31
3895,116,127,133,122,106,96,97,116,127,133,122,106,96,97,116,127,133,122,106,96,97
3896,116,127,133,122,106,96,97,116,127,133,122,106,96,97,116,127,133,122,106,96,97
3897,116,127,133,122,106,96,97,116,127,133,122,106,96,97,116,127,133,122,106,96,97
3898,116,127,133,122,106,96,97,116,127,133,122,106,96,97,116,127,133,122,106,96,97
3899,116,127,133,122,106,96,97,116,127,133,122,106,96,97,116,127,133,122,106,96,97
3900,116,127,133,122,106,96,97,116,127,133,122,106,96,97,116,127,133,122,106,96,97
3901,116,127,133,122,106,96,97,116,127,133,122,106,96,97,116,127,133,122,106,96,97
3902,1,1,1,1,1,1,1,1,1,1,1,1,1,1,1,1,1,1,1,1,1
3903,1,1,1,1,1,1,1,1,1,1,1,1,1,1,1,1,1,1,1,1,1
3904,9,12,11,11,11,9,8,9,12,11,11,11,9,8,9,12,11,11,11,9,8
3905,0,0,0,0,0,0,0,0,0,0,0,0,0,0,0,0,0,0,0,0,0
3906,37,34,31,39,35,39,48,37,34,31,39,35,39,48,37,34,31,39,35,39,48
3907,0,0,0,0,0,0,0,0,0,0,0,0,0,0,0,0,0,0,0,0,0
3908,4,0,0,0,2,2,4,4,0,0,0,2,2,4,4,0,0,0,2,2,4
3909,116,127,133,122,106,96,97,116,127,133,122,106,96,97,116,127,133,122,106,96,97
3910,72,47,73,103,104,96,94,72,47,73,103,104,96,94,72,47,73,103,104,96,94
3911,85,93,91,84,76,71,63,85,93,91,84,76,71,63,85,93,91,84,76,71,63
3912,10,24,25,24,17,11,7,10,24,25,24,17,11,7,10,24,25,24,17,11,7
3913,0,0,0,0,0,0,0,0,0,0,0,0,0,0,0,0,0,0,0,0,0
3914,116,127,133,122,106,96,97,116,127,133,122,106,96,97,116,127,133,122,106,96,97
3915,17,30,34,34,28,27,21,17,30,34,34,28,27,21,17,30,34,34,28,27,21
3916,30,24,37,45,20,19,19,30,24,37,45,20,19,19,30,24,37,45,20,19,19
3917,116,127,133,122,106,96,97,116,127,133,122,106,96,97,116,127,133,122,106,96,97
3918,30,34,27,29,29,32,31,30,34,27,29,29,32,31,30,34,27,29,29,32,31
3919,28,39,52,76,69,46,27,28,39,52,76,69,46,27,28,39,52,76,69,46,27
3920,116,127,133,122,106,96,97,116,127,133,122,106,96,97,116,127,133,122,106,96,97
3921,23,16,17,30,39,41,29,23,16,17,30,39,41,29,23,16,17,30,39,41,29
3922,9,0,0,0,0,0,0,9,0,0,0,0,0,0,9,0,0,0,0,0,0
3923,5,12,15,10,3,9,3,5,12,15,10,3,9,3,5,12,15,10,3,9,3
3924,12,20,10,14,9,7,15,12,20,10,14,9,7,15,12,20,10,14,9,7,15
3925,13,25,34,31,25,11,10,13,25,34,31,25,11,10,13,25,34,31,25,11,10
3926,18,17,26,28,25,27,23,18,17,26,28,25,27,23,18,17,26,28,25,27,23
3927,0,0,0,0,0,0,0,0,0,0,0,0,0,0,0,0,0,0,0,0,0
3928,0,0,0,0,0,0,0,0,0,0,0,0,0,0,0,0,0,0,0,0,0
3929,4,0,0,0,0,0,4,4,0,0,0,0,0,4,4,0,0,0,0,0,4
3930,4,0,0,0,0,0,0,4,0,0,0,0,0,0,4,0,0,0,0,0,0
3931,5,80,104,4,4,1,0,5,80,104,4,4,1,0,5,80,104,4,4,1,0
3932,4,0,0,0,0,0,0,4,0,0,0,0,0,0,4,0,0,0,0,0,0
3933,2,0,0,0,0,0,0,2,0,0,0,0,0,0,2,0,0,0,0,0,0
3934,13,1,2,56,42,9,6,13,1,2,56,42,9,6,13,1,2,56,42,9,6
3935,14,21,21,19,6,1,6,14,21,21,19,6,1,6,14,21,21,19,6,1,6
3936,4,4,2,25,23,2,3,4,4,2,25,23,2,3,4,4,2,25,23,2,3
3937,0,0,0,0,0,0,0,0,0,0,0,0,0,0,0,0,0,0,0,0,0
3938,0,0,0,0,0,0,0,0,0,0,0,0,0,0,0,0,0,0,0,0,0
3939,0,0,0,0,0,2,0,0,0,0,0,0,2,0,0,0,0,0,0,2,0
3940,8,10,9,0,0,4,5,8,10,9,0,0,4,5,8,10,9,0,0,4,5
3941,8,10,9,0,0,4,5,8,10,9,0,0,4,5,8,10,9,0,0,4,5
3942,1,9,0,0,4,0,4,1,9,0,0,4,0,4,1,9,0,0,4,0,4
3943,72,73,63,61,52,45,46,72,73,63,61,52,45,46,72,73,63,61,52,45,46
3944,1,1,1,0,0,0,1,1,1,1,0,0,0,1,1,1,1,0,0,0,1
3945,0,0,0,0,0,0,0,0,0,0,0,0,0,0,0,0,0,0,0,0,0
3946,5,5,0,0,0,0,2,5,5,0,0,0,0,2,5,5,0,0,0,0,2
3947,0,0,0,0,0,0,0,0,0,0,0,0,0,0,0,0,0,0,0,0,0
3948,36,30,30,24,24,1,1,36,30,30,24,24,1,1,36,30,30,24,24,1,1
3949,0,0,0,0,0,0,0,0,0,0,0,0,0,0,0,0,0,0,0,0,0
3950,0,0,0,0,0,0,0,0,0,0,0,0,0,0,0,0,0,0,0,0,0
3951,16,20,10,5,5,5,14,16,20,10,5,5,5,14,16,20,10,5,5,5,14
3952,0,0,0,0,0,0,0,0,0,0,0,0,0,0,0,0,0,0,0,0,0
3953,1,1,6,13,18,7,6,1,1,6,13,18,7,6,1,1,6,13,18,7,6
3954,0,0,0,0,2,0,0,0,0,0,0,2,0,0,0,0,0,0,2,0,0
3955,0,0,0,0,3,3,3,0,0,0,0,3,3,3,0,0,0,0,3,3,3
3956,0,0,0,0,0,0,0,0,0,0,0,0,0,0,0,0,0,0,0,0,0
3957,0,0,0,0,0,0,0,0,0,0,0,0,0,0,0,0,0,0,0,0,0
3958,0,0,0,0,0,5,9,0,0,0,0,0,5,9,0,0,0,0,0,5,9
3959,0,0,0,0,0,0,0,0,0,0,0,0,0,0,0,0,0,0,0,0,0
3960,0,0,0,0,0,0,0,0,0,0,0,0,0,0,0,0,0,0,0,0,0
3961,0,0,0,0,0,0,0,0,0,0,0,0,0,0,0,0,0,0,0,0,0
3962,0,0,0,0,0,0,0,0,0,0,0,0,0,0,0,0,0,0,0,0,0
3963,0,0,2,0,0,0,0,0,0,2,0,0,0,0,0,0,2,0,0,0,0
3964,0,0,0,12,13,3,0,0,0,0,12,13,3,0,0,0,0,12,13,3,0
3965,0,0,0,0,0,0,0,0,0,0,0,0,0,0,0,0,0,0,0,0,0
3966,0,0,0,0,0,0,0,0,0,0,0,0,0,0,0,0,0,0,0,0,0
3967,0,0,0,0,0,0,0,0,0,0,0,0,0,0,0,0,0,0,0,0,0
3968,1,1,0,0,0,0,0,1,1,0,0,0,0,0,1,1,0,0,0,0,0
3969,0,0,0,0,0,0,0,0,0,0,0,0,0,0,0,0,0,0,0,0,0
3970,0,0,0,0,0,0,0,0,0,0,0,0,0,0,0,0,0,0,0,0,0
3971,0,0,0,0,0,0,0,0,0,0,0,0,0,0,0,0,0,0,0,0,0
3972,0,0,0,0,0,0,0,0,0,0,0,0,0,0,0,0,0,0,0,0,0
3973,19,22,25,32,28,23,19,19,22,25,32,28,23,19,19,22,25,32,28,23,19
3974,3,4,4,5,4,3,3,3,4,4,5,4,3,3,3,4,4,5,4,3,3
3975,8,8,8,9,8,8,7,8,8,8,9,8,8,7,8,8,8,9,8,8,7
3976,1,1,1,0,0,1,1,1,1,1,0,0,1,1,1,1,1,0,0,1,1
3977,1,1,2,4,4,1,1,1,1,2,4,4,1,1,1,1,2,4,4,1,1
3978,1,1,1,1,0,0,0,1,1,1,1,0,0,0,1,1,1,1,0,0,0
3979,1,1,1,1,1,1,1,1,1,1,1,1,1,1,1,1,1,1,1,1,1
3980,10,11,12,13,12,11,9,10,11,12,13,12,11,9,10,11,12,13,12,11,9
3981,2,2,2,2,2,1,1,2,2,2,2,2,1,1,2,2,2,2,2,1,1
3982,44,49,58,61,58,42,44,44,49,58,61,58,42,44,44,49,58,61,58,42,44
3983,8,10,15,17,14,10,9,8,10,15,17,14,10,9,8,10,15,17,14,10,9
3984,1,1,1,1,1,1,1,1,1,1,1,1,1,1,1,1,1,1,1,1,1
3985,0,0,0,1,0,0,1,0,0,0,1,0,0,1,0,0,0,1,0,0,1
3986,1,1,1,1,1,0,0,1,1,1,1,1,0,0,1,1,1,1,1,0,0
3987,52,58,57,61,53,53,50,52,58,57,61,53,53,50,52,58,57,61,53,53,50
3988,13,13,15,14,12,10,10,13,13,15,14,12,10,10,13,13,15,14,12,10,10
3989,8,8,8,10,10,10,9,8,8,8,10,10,10,9,8,8,8,10,10,10,9
3990,12,13,13,18,17,15,13,12,13,13,18,17,15,13,12,13,13,18,17,15,13
3991,17,18,23,27,25,18,15,17,18,23,27,25,18,15,17,18,23,27,25,18,15
3992,1,1,1,1,1,1,1,1,1,1,1,1,1,1,1,1,1,1,1,1,1
3993,0,0,0,0,0,0,0,0,0,0,0,0,0,0,0,0,0,0,0,0,0
3994,0,0,0,0,0,0,0,0,0,0,0,0,0,0,0,0,0,0,0,0,0
3995,0,0,0,0,0,0,0,0,0,0,0,0,0,0,0,0,0,0,0,0,0
3996,2,2,2,2,2,1,1,2,2,2,2,2,1,1,2,2,2,2,2,1,1
3997,1,1,1,1,1,1,1,1,1,1,1,1,1,1,1,1,1,1,1,1,1
3998,115,126,124,114,105,91,91,115,126,124,114,105,91,91,115,126,124,114,105,91,91
3999,10,13,12,10,9,7,8,10,13,12,10,9,7,8,10,13,12,10,9,7,8
4000,82,95,104,101,84,74,67,82,95,104,101,84,74,67,82,95,104,101,84,74,67
4001,116,127,133,122,106,96,97,116,127,133,122,106,96,97,116,127,133,122,106,96,97
4002,5,5,5,4,3,4,4,5,5,5,4,3,4,4,5,5,5,4,3,4,4
4003,2,2,0,0,0,0,0,2,2,0,0,0,0,0,2,2,0,0,0,0,0
4004,116,127,133,122,106,96,95,116,127,133,122,106,96,95,116,127,133,122,106,96,95
4005,15,14,14,14,15,15,16,15,14,14,14,15,15,16,15,14,14,14,15,15,16
4006,2,2,2,2,2,2,2,2,2,2,2,2,2,2,2,2,2,2,2,2,2
4007,4,4,4,4,4,3,3,4,4,4,4,4,3,3,4,4,4,4,4,3,3
4008,8,9,9,8,6,6,8,8,9,9,8,6,6,8,8,9,9,8,6,6,8
4009,0,0,0,0,0,0,0,0,0,0,0,0,0,0,0,0,0,0,0,0,0
4010,0,0,0,0,0,0,0,0,0,0,0,0,0,0,0,0,0,0,0,0,0
4011,0,0,0,0,0,0,0,0,0,0,0,0,0,0,0,0,0,0,0,0,0
4012,0,0,0,0,0,0,0,0,0,0,0,0,0,0,0,0,0,0,0,0,0
4013,0,0,0,0,0,0,0,0,0,0,0,0,0,0,0,0,0,0,0,0,0
4014,1,1,1,0,0,0,0,1,1,1,0,0,0,0,1,1,1,0,0,0,0
4015,0,0,0,0,0,0,0,0,0,0,0,0,0,0,0,0,0,0,0,0,0
4016,0,0,0,0,0,0,0,0,0,0,0,0,0,0,0,0,0,0,0,0,0
4017,2,2,2,2,2,1,1,2,2,2,2,2,1,1,2,2,2,2,2,1,1
4018,14,18,22,22,18,13,10,14,18,22,22,18,13,10,14,18,22,22,18,13,10
4019,17,17,18,17,16,15,16,17,17,18,17,16,15,16,17,17,18,17,16,15,16
4020,4,4,5,5,5,4,4,4,4,5,5,5,4,4,4,4,5,5,5,4,4
4021,1,1,1,1,1,1,1,1,1,1,1,1,1,1,1,1,1,1,1,1,1
4022,14,15,14,14,13,13,12,14,15,14,14,13,13,12,14,15,14,14,13,13,12
4023,0,0,0,0,0,0,0,0,0,0,0,0,0,0,0,0,0,0,0,0,0
4024,0,1,1,1,1,1,1,0,1,1,1,1,1,1,0,1,1,1,1,1,1
4025,0,0,0,0,0,0,0,0,0,0,0,0,0,0,0,0,0,0,0,0,0
4026,0,0,0,0,0,0,0,0,0,0,0,0,0,0,0,0,0,0,0,0,0
4027,0,0,0,0,0,0,0,0,0,0,0,0,0,0,0,0,0,0,0,0,0
4028,0,0,0,0,0,0,0,0,0,0,0,0,0,0,0,0,0,0,0,0,0
4029,0,0,0,0,0,0,0,0,0,0,0,0,0,0,0,0,0,0,0,0,0
4030,0,0,0,0,0,0,0,0,0,0,0,0,0,0,0,0,0,0,0,0,0
4031,0,0,0,0,0,0,0,0,0,0,0,0,0,0,0,0,0,0,0,0,0
4032,0,0,0,0,0,0,0,0,0,0,0,0,0,0,0,0,0,0,0,0,0
4033,10,11,11,11,10,10,9,10,11,11,11,10,10,9,10,11,11,11,10,10,9
4034,116,127,133,122,106,96,97,116,127,133,122,106,96,97,116,127,133,122,106,96,97
4035,39,43,43,42,37,35,47,39,43,43,42,37,35,47,39,43,43,42,37,35,47
4036,5,5,5,5,4,4,4,5,5,5,5,4,4,4,5,5,5,5,4,4,4
4037,3,3,3,3,3,2,2,3,3,3,3,3,2,2,3,3,3,3,3,2,2
4038,17,19,20,19,17,16,15,17,19,20,19,17,16,15,17,19,20,19,17,16,15
4039,0,0,0,0,0,0,0,0,0,0,0,0,0,0,0,0,0,0,0,0,0
4040,14,14,9,9,9,10,12,14,14,9,9,9,10,12,14,14,9,9,9,10,12
4041,8,9,10,10,9,7,7,8,9,10,10,9,7,7,8,9,10,10,9,7,7
4042,0,0,0,0,0,0,0,0,0,0,0,0,0,0,0,0,0,0,0,0,0
4043,10,10,11,11,11,10,9,10,10,11,11,11,10,9,10,10,11,11,11,10,9
4044,0,0,0,0,0,0,0,0,0,0,0,0,0,0,0,0,0,0,0,0,0
4045,0,0,0,0,0,0,0,0,0,0,0,0,0,0,0,0,0,0,0,0,0
4046,0,0,0,0,0,0,0,0,0,0,0,0,0,0,0,0,0,0,0,0,0
4047,4,5,6,6,4,4,4,4,5,6,6,4,4,4,4,5,6,6,4,4,4
4048,0,0,0,0,0,0,0,0,0,0,0,0,0,0,0,0,0,0,0,0,0
4049,0,1,0,0,1,0,1,0,1,0,0,1,0,1,0,1,0,0,1,0,1
4050,40,55,70,81,74,50,33,40,55,70,81,74,50,33,40,55,70,81,74,50,33
4051,2,2,3,2,3,2,3,2,2,3,2,3,2,3,2,2,3,2,3,2,3
4052,0,1,1,0,1,0,0,0,1,1,0,1,0,0,0,1,1,0,1,0,0
4053,10,9,6,5,5,7,6,10,9,6,5,5,7,6,10,9,6,5,5,7,6
4054,3,3,2,2,2,2,3,3,3,2,2,2,2,3,3,3,2,2,2,2,3
4055,0,0,0,0,0,0,0,0,0,0,0,0,0,0,0,0,0,0,0,0,0
4056,0,0,0,0,0,0,0,0,0,0,0,0,0,0,0,0,0,0,0,0,0
4057,0,0,0,0,0,0,0,0,0,0,0,0,0,0,0,0,0,0,0,0,0
4058,2,2,2,2,2,2,2,2,2,2,2,2,2,2,2,2,2,2,2,2,2
4059,0,0,0,0,0,0,0,0,0,0,0,0,0,0,0,0,0,0,0,0,0
4060,11,11,9,8,9,10,11,11,11,9,8,9,10,11,11,11,9,8,9,10,11
4061,24,21,18,17,16,18,17,24,21,18,17,16,18,17,24,21,18,17,16,18,17
4062,1,1,0,0,0,0,0,1,1,0,0,0,0,0,1,1,0,0,0,0,0
4063,1,0,1,0,0,0,0,1,0,1,0,0,0,0,1,0,1,0,0,0,0
4064,2,1,1,2,2,1,1,2,1,1,2,2,1,1,2,1,1,2,2,1,1
4065,0,0,0,0,0,0,0,0,0,0,0,0,0,0,0,0,0,0,0,0,0
4066,16,17,19,18,19,16,14,16,17,19,18,19,16,14,16,17,19,18,19,16,14
4067,0,0,0,1,0,0,0,0,0,0,1,0,0,0,0,0,0,1,0,0,0
4068,0,0,0,0,0,0,0,0,0,0,0,0,0,0,0,0,0,0,0,0,0
4069,3,3,3,4,4,3,3,3,3,3,4,4,3,3,3,3,3,4,4,3,3
4070,3,3,3,2,2,2,2,3,3,3,2,2,2,2,3,3,3,2,2,2,2
4071,50,55,61,61,50,38,37,50,55,61,61,50,38,37,50,55,61,61,50,38,37
4072,32,36,36,37,33,28,26,32,36,36,37,33,28,26,32,36,36,37,33,28,26
4073,0,0,0,0,0,0,0,0,0,0,0,0,0,0,0,0,0,0,0,0,0
4074,2,4,4,3,3,2,1,2,4,4,3,3,2,1,2,4,4,3,3,2,1
4075,2,2,2,2,2,2,2,2,2,2,2,2,2,2,2,2,2,2,2,2,2
4076,0,0,0,0,0,0,0,0,0,0,0,0,0,0,0,0,0,0,0,0,0
4077,0,0,0,0,0,0,0,0,0,0,0,0,0,0,0,0,0,0,0,0,0
4078,0,0,0,0,0,0,0,0,0,0,0,0,0,0,0,0,0,0,0,0,0
4079,0,0,0,0,0,0,0,0,0,0,0,0,0,0,0,0,0,0,0,0,0
4080,2,3,3,3,2,2,2,2,3,3,3,2,2,2,2,3,3,3,2,2,2
4081,0,0,0,0,0,0,0,0,0,0,0,0,0,0,0,0,0,0,0,0,0
4082,1,0,0,0,0,0,0,1,0,0,0,0,0,0,1,0,0,0,0,0,0
4083,0,0,0,0,0,0,0,0,0,0,0,0,0,0,0,0,0,0,0,0,0
4084,2,2,3,3,2,2,2,2,2,3,3,2,2,2,2,2,3,3,2,2,2
4085,0,0,0,0,0,0,0,0,0,0,0,0,0,0,0,0,0,0,0,0,0
4086,0,0,0,0,0,0,0,0,0,0,0,0,0,0,0,0,0,0,0,0,0
4087,2,2,1,1,1,1,1,2,2,1,1,1,1,1,2,2,1,1,1,1,1
4088,1,1,1,1,1,1,1,1,1,1,1,1,1,1,1,1,1,1,1,1,1
4089,0,0,0,0,0,0,0,0,0,0,0,0,0,0,0,0,0,0,0,0,0
4090,0,0,4,3,0,0,0,0,0,4,3,0,0,0,0,0,4,3,0,0,0
4091,1,0,0,0,0,0,0,1,0,0,0,0,0,0,1,0,0,0,0,0,0
4092,0,0,0,0,0,0,0,0,0,0,0,0,0,0,0,0,0,0,0,0,0
4093,0,0,0,0,0,0,0,0,0,0,0,0,0,0,0,0,0,0,0,0,0
4094,2,2,2,2,1,1,1,2,2,2,2,1,1,1,2,2,2,2,1,1,1
4095,0,0,1,1,1,1,0,0,0,1,1,1,1,0,0,0,1,1,1,1,0
4096,0,0,0,0,0,0,0,0,0,0,0,0,0,0,0,0,0,0,0,0,0
4097,0,0,0,0,0,0,0,0,0,0,0,0,0,0,0,0,0,0,0,0,0
4098,0,0,0,0,0,0,0,0,0,0,0,0,0,0,0,0,0,0,0,0,0
4099,15,16,17,16,15,13,13,15,16,17,16,15,13,13,15,16,17,16,15,13,13
4100,4,4,5,4,4,4,4,4,4,5,4,4,4,4,4,4,5,4,4,4,4
4101,2,3,4,4,3,2,2,2,3,4,4,3,2,2,2,3,4,4,3,2,2
4102,48,52,52,47,42,38,39,48,52,52,47,42,38,39,48,52,52,47,42,38,39
4103,2,2,2,1,1,1,1,2,2,2,1,1,1,1,2,2,2,1,1,1,1
4104,1,1,1,1,1,0,1,1,1,1,1,1,0,1,1,1,1,1,1,0,1
4105,5,6,6,6,6,5,5,5,6,6,6,6,5,5,5,6,6,6,6,5,5
4106,0,0,0,0,0,0,0,0,0,0,0,0,0,0,0,0,0,0,0,0,0
4107,6,7,7,7,7,5,5,6,7,7,7,7,5,5,6,7,7,7,7,5,5
4108,1,1,1,1,1,1,1,1,1,1,1,1,1,1,1,1,1,1,1,1,1
4109,0,0,0,0,0,0,0,0,0,0,0,0,0,0,0,0,0,0,0,0,0
4110,0,0,0,0,0,0,0,0,0,0,0,0,0,0,0,0,0,0,0,0,0
4111,0,0,0,0,0,0,0,0,0,0,0,0,0,0,0,0,0,0,0,0,0
4112,0,0,0,0,0,0,0,0,0,0,0,0,0,0,0,0,0,0,0,0,0
4113,0,0,0,0,0,0,0,0,0,0,0,0,0,0,0,0,0,0,0,0,0
4114,2,3,3,3,1,1,1,2,3,3,3,1,1,1,2,3,3,3,1,1,1
4115,97,121,130,121,101,88,86,97,121,130,121,101,88,86,97,121,130,121,101,88,86
4116,17,26,30,27,22,16,13,17,26,30,27,22,16,13,17,26,30,27,22,16,13
4117,0,1,1,1,1,1,0,0,1,1,1,1,1,0,0,1,1,1,1,1,0
4118,72,81,82,79,73,61,60,72,81,82,79,73,61,60,72,81,82,79,73,61,60
4119,0,0,0,0,0,0,0,0,0,0,0,0,0,0,0,0,0,0,0,0,0
4120,0,0,0,0,0,0,0,0,0,0,0,0,0,0,0,0,0,0,0,0,0
4121,0,0,0,0,0,0,0,0,0,0,0,0,0,0,0,0,0,0,0,0,0
4122,0,0,0,0,0,0,0,0,0,0,0,0,0,0,0,0,0,0,0,0,0
4123,0,0,0,1,0,0,0,0,0,0,1,0,0,0,0,0,0,1,0,0,0
4124,0,0,0,0,0,0,0,0,0,0,0,0,0,0,0,0,0,0,0,0,0
4125,0,0,0,0,0,0,0,0,0,0,0,0,0,0,0,0,0,0,0,0,0
4126,0,0,0,0,0,0,0,0,0,0,0,0,0,0,0,0,0,0,0,0,0
4127,0,0,0,0,0,0,0,0,0,0,0,0,0,0,0,0,0,0,0,0,0
4128,0,0,0,0,0,0,0,0,0,0,0,0,0,0,0,0,0,0,0,0,0
4129,1,1,0,1,1,1,1,1,1,0,1,1,1,1,1,1,0,1,1,1,1
4130,5,5,5,5,5,4,4,5,5,5,5,5,4,4,5,5,5,5,5,4,4
4131,0,0,0,0,0,0,0,0,0,0,0,0,0,0,0,0,0,0,0,0,0
4132,1,2,2,2,1,1,1,1,2,2,2,1,1,1,1,2,2,2,1,1,1
4133,19,19,22,21,18,15,15,19,19,22,21,18,15,15,19,19,22,21,18,15,15
4134,0,0,0,0,0,0,0,0,0,0,0,0,0,0,0,0,0,0,0,0,0
4135,2,2,2,2,2,2,2,2,2,2,2,2,2,2,2,2,2,2,2,2,2
4136,1,1,1,2,2,1,0,1,1,1,2,2,1,0,1,1,1,2,2,1,0
4137,3,5,5,4,4,3,3,3,5,5,4,4,3,3,3,5,5,4,4,3,3
4138,7,8,9,8,7,6,5,7,8,9,8,7,6,5,7,8,9,8,7,6,5
4139,9,9,8,7,6,6,7,9,9,8,7,6,6,7,9,9,8,7,6,6,7
4140,0,0,0,0,0,0,0,0,0,0,0,0,0,0,0,0,0,0,0,0,0
4141,8,8,9,8,7,6,7,8,8,9,8,7,6,7,8,8,9,8,7,6,7
4142,1,1,1,1,0,1,1,1,1,1,1,0,1,1,1,1,1,1,0,1,1
4143,0,0,0,0,0,0,0,0,0,0,0,0,0,0,0,0,0,0,0,0,0
4144,0,0,1,1,1,0,0,0,0,1,1,1,0,0,0,0,1,1,1,0,0
4145,0,0,0,0,0,0,0,0,0,0,0,0,0,0,0,0,0,0,0,0,0
4146,0,0,0,0,0,0,0,0,0,0,0,0,0,0,0,0,0,0,0,0,0
4147,11,12,8,6,5,7,8,11,12,8,6,5,7,8,11,12,8,6,5,7,8
4148,2,2,2,2,2,2,2,2,2,2,2,2,2,2,2,2,2,2,2,2,2
4149,0,0,0,0,0,0,0,0,0,0,0,0,0,0,0,0,0,0,0,0,0
4150,0,0,0,0,0,0,0,0,0,0,0,0,0,0,0,0,0,0,0,0,0
4151,0,0,0,0,0,0,0,0,0,0,0,0,0,0,0,0,0,0,0,0,0
4152,3,3,3,3,2,2,2,3,3,3,3,2,2,2,3,3,3,3,2,2,2
4153,0,0,0,0,0,0,0,0,0,0,0,0,0,0,0,0,0,0,0,0,0
4154,0,0,0,0,0,0,0,0,0,0,0,0,0,0,0,0,0,0,0,0,0
4155,0,0,0,0,0,0,0,0,0,0,0,0,0,0,0,0,0,0,0,0,0
4156,0,0,0,0,0,0,0,0,0,0,0,0,0,0,0,0,0,0,0,0,0
4157,0,0,0,0,0,0,0,0,0,0,0,0,0,0,0,0,0,0,0,0,0
4158,0,0,0,0,0,0,0,0,0,0,0,0,0,0,0,0,0,0,0,0,0
4159,1,5,5,5,2,1,0,1,5,5,5,2,1,0,1,5,5,5,2,1,0
4160,0,0,0,0,0,0,0,0,0,0,0,0,0,0,0,0,0,0,0,0,0
4161,0,0,0,0,0,0,0,0,0,0,0,0,0,0,0,0,0,0,0,0,0
4162,2,2,2,2,2,1,1,2,2,2,2,2,1,1,2,2,2,2,2,1,1
4163,4,4,4,3,3,2,3,4,4,4,3,3,2,3,4,4,4,3,3,2,3
4164,0,0,0,0,0,0,0,0,0,0,0,0,0,0,0,0,0,0,0,0,0
4165,0,0,0,0,0,0,0,0,0,0,0,0,0,0,0,0,0,0,0,0,0
4166,1,1,1,1,1,1,1,1,1,1,1,1,1,1,1,1,1,1,1,1,1
4167,0,0,0,0,0,0,0,0,0,0,0,0,0,0,0,0,0,0,0,0,0
4168,0,0,0,0,0,0,0,0,0,0,0,0,0,0,0,0,0,0,0,0,0
4169,0,0,0,0,0,0,0,0,0,0,0,0,0,0,0,0,0,0,0,0,0
4170,1,1,1,1,1,1,1,1,1,1,1,1,1,1,1,1,1,1,1,1,1
4171,0,0,0,0,0,0,0,0,0,0,0,0,0,0,0,0,0,0,0,0,0
4172,0,0,0,0,0,0,0,0,0,0,0,0,0,0,0,0,0,0,0,0,0
4173,4,5,6,5,3,3,3,4,5,6,5,3,3,3,4,5,6,5,3,3,3
4174,4,4,4,4,3,3,3,4,4,4,4,3,3,3,4,4,4,4,3,3,3
4175,0,0,0,0,0,0,0,0,0,0,0,0,0,0,0,0,0,0,0,0,0
4176,0,0,0,0,0,0,0,0,0,0,0,0,0,0,0,0,0,0,0,0,0
4177,2,2,3,2,2,2,1,2,2,3,2,2,2,1,2,2,3,2,2,2,1
4178,4,4,4,4,4,4,3,4,4,4,4,4,4,3,4,4,4,4,4,4,3
4179,3,4,4,4,3,3,3,3,4,4,4,3,3,3,3,4,4,4,3,3,3
4180,3,3,2,2,1,1,2,3,3,2,2,1,1,2,3,3,2,2,1,1,2
4181,31,36,38,35,31,28,26,31,36,38,35,31,28,26,31,36,38,35,31,28,26
4182,3,3,4,4,4,3,3,3,3,4,4,4,3,3,3,3,4,4,4,3,3
4183,34,41,39,36,31,28,27,34,41,39,36,31,28,27,34,41,39,36,31,28,27
4184,5,5,6,5,4,3,3,5,5,6,5,4,3,3,5,5,6,5,4,3,3
4185,23,28,29,26,22,18,18,23,28,29,26,22,18,18,23,28,29,26,22,18,18
4186,3,3,3,3,2,2,2,3,3,3,3,2,2,2,3,3,3,3,2,2,2
4187,116,127,133,122,106,96,97,116,127,133,122,106,96,97,116,127,133,122,106,96,97
4188,116,127,133,122,106,96,97,116,127,133,122,106,96,97,116,127,133,122,106,96,97
4189,41,48,50,43,37,31,32,41,48,50,43,37,31,32,41,48,50,43,37,31,32
4190,1,1,1,1,1,1,1,1,1,1,1,1,1,1,1,1,1,1,1,1,1
4191,7,8,8,8,7,6,5,7,8,8,8,7,6,5,7,8,8,8,7,6,5
4192,7,8,9,7,7,6,6,7,8,9,7,7,6,6,7,8,9,7,7,6,6
4193,5,5,6,6,5,4,4,5,5,6,6,5,4,4,5,5,6,6,5,4,4
4194,74,83,83,81,66,61,62,74,83,83,81,66,61,62,74,83,83,81,66,61,62
4195,116,127,133,122,106,96,97,116,127,133,122,106,96,97,116,127,133,122,106,96,97
4196,116,127,133,122,106,96,97,116,127,133,122,106,96,97,116,127,133,122,106,96,97
4197,12,13,15,12,10,9,9,12,13,15,12,10,9,9,12,13,15,12,10,9,9
4198,3,4,4,4,3,2,2,3,4,4,4,3,2,2,3,4,4,4,3,2,2
4199,2,2,2,1,1,1,2,2,2,2,1,1,1,2,2,2,2,1,1,1,2
4200,5,4,5,4,4,3,4,5,4,5,4,4,3,4,5,4,5,4,4,3,4
4201,3,3,4,3,2,2,2,3,3,4,3,2,2,2,3,3,4,3,2,2,2
4202,3,4,6,4,3,3,3,3,4,6,4,3,3,3,3,4,6,4,3,3,3
4203,116,127,133,122,106,96,97,116,127,133,122,106,96,97,116,127,133,122,106,96,97
4204,1,1,1,1,1,1,1,1,1,1,1,1,1,1,1,1,1,1,1,1,1
4205,0,0,0,0,0,0,0,0,0,0,0,0,0,0,0,0,0,0,0,0,0
4206,0,0,0,0,0,0,0,0,0,0,0,0,0,0,0,0,0,0,0,0,0
4207,0,0,0,0,0,0,0,0,0,0,0,0,0,0,0,0,0,0,0,0,0
4208,0,0,0,0,0,0,0,0,0,0,0,0,0,0,0,0,0,0,0,0,0
4209,1,1,1,1,1,1,1,1,1,1,1,1,1,1,1,1,1,1,1,1,1
4210,0,0,0,0,0,0,0,0,0,0,0,0,0,0,0,0,0,0,0,0,0
4211,1,2,2,2,2,1,1,1,2,2,2,2,1,1,1,2,2,2,2,1,1
4212,3,3,2,2,2,2,2,3,3,2,2,2,2,2,3,3,2,2,2,2,2
4213,0,0,0,0,0,0,0,0,0,0,0,0,0,0,0,0,0,0,0,0,0
4214,0,0,0,0,0,0,0,0,0,0,0,0,0,0,0,0,0,0,0,0,0
4215,0,0,0,0,0,0,0,0,0,0,0,0,0,0,0,0,0,0,0,0,0
4216,0,0,0,0,0,0,0,0,0,0,0,0,0,0,0,0,0,0,0,0,0
4217,0,0,0,0,0,0,0,0,0,0,0,0,0,0,0,0,0,0,0,0,0
4218,10,10,10,9,8,8,8,10,10,10,9,8,8,8,10,10,10,9,8,8,8
4219,2,2,3,3,2,2,1,2,2,3,3,2,2,1,2,2,3,3,2,2,1
4220,0,0,0,0,0,0,0,0,0,0,0,0,0,0,0,0,0,0,0,0,0
4221,0,1,1,1,1,1,1,0,1,1,1,1,1,1,0,1,1,1,1,1,1
4222,12,11,10,9,9,9,10,12,11,10,9,9,9,10,12,11,10,9,9,9,10
4223,4,3,3,3,2,3,3,4,3,3,3,2,3,3,4,3,3,3,2,3,3
4224,7,6,5,10,10,11,10,7,6,5,10,10,11,10,7,6,5,10,10,11,10
4225,9,7,8,7,6,6,9,9,7,8,7,6,6,9,9,7,8,7,6,6,9
4226,3,2,2,2,1,2,2,3,2,2,2,1,2,2,3,2,2,2,1,2,2
4227,7,7,6,2,2,0,0,7,7,6,2,2,0,0,7,7,6,2,2,0,0
4228,3,3,3,3,2,1,1,3,3,3,3,2,1,1,3,3,3,3,2,1,1
4229,0,0,0,0,0,0,0,0,0,0,0,0,0,0,0,0,0,0,0,0,0
4230,116,127,133,122,106,96,97,116,127,133,122,106,96,97,116,127,133,122,106,96,97
4231,0,1,0,1,0,0,0,0,1,0,1,0,0,0,0,1,0,1,0,0,0
4232,5,6,6,5,4,4,4,5,6,6,5,4,4,4,5,6,6,5,4,4,4
4233,2,3,3,3,2,2,2,2,3,3,3,2,2,2,2,3,3,3,2,2,2
4234,0,0,0,0,0,0,0,0,0,0,0,0,0,0,0,0,0,0,0,0,0
4235,40,45,48,42,34,27,26,40,45,48,42,34,27,26,40,45,48,42,34,27,26
4236,3,5,5,3,2,4,2,3,5,5,3,2,4,2,3,5,5,3,2,4,2
4237,0,0,0,0,0,0,0,0,0,0,0,0,0,0,0,0,0,0,0,0,0
4238,108,127,133,122,106,92,79,108,127,133,122,106,92,79,108,127,133,122,106,92,79
4239,0,0,0,0,0,0,0,0,0,0,0,0,0,0,0,0,0,0,0,0,0
4240,0,0,0,0,0,0,0,0,0,0,0,0,0,0,0,0,0,0,0,0,0
4241,0,0,0,0,0,0,0,0,0,0,0,0,0,0,0,0,0,0,0,0,0
4242,8,9,10,12,11,9,8,8,9,10,12,11,9,8,8,9,10,12,11,9,8
4243,71,96,103,96,86,74,64,71,96,103,96,86,74,64,71,96,103,96,86,74,64
4244,49,64,70,70,58,48,40,49,64,70,70,58,48,40,49,64,70,70,58,48,40
4245,1,1,0,0,0,1,1,1,1,0,0,0,1,1,1,1,0,0,0,1,1
4246,0,0,0,0,0,0,0,0,0,0,0,0,0,0,0,0,0,0,0,0,0
4247,7,9,8,9,6,6,7,7,9,8,9,6,6,7,7,9,8,9,6,6,7
4248,0,0,0,0,0,0,0,0,0,0,0,0,0,0,0,0,0,0,0,0,0
4249,4,5,6,5,4,4,3,4,5,6,5,4,4,3,4,5,6,5,4,4,3
4250,0,0,0,0,0,0,0,0,0,0,0,0,0,0,0,0,0,0,0,0,0
4251,0,0,0,0,0,0,0,0,0,0,0,0,0,0,0,0,0,0,0,0,0
4252,4,3,3,3,2,2,3,4,3,3,3,2,2,3,4,3,3,3,2,2,3
4253,5,6,5,5,4,3,5,5,6,5,5,4,3,5,5,6,5,5,4,3,5
4254,4,4,4,4,3,3,3,4,4,4,4,3,3,3,4,4,4,4,3,3,3
4255,0,1,1,1,1,1,0,0,1,1,1,1,1,0,0,1,1,1,1,1,0
4256,1,1,1,1,1,1,1,1,1,1,1,1,1,1,1,1,1,1,1,1,1
4257,1,1,1,1,1,1,1,1,1,1,1,1,1,1,1,1,1,1,1,1,1
4258,2,2,2,2,2,2,2,2,2,2,2,2,2,2,2,2,2,2,2,2,2
4259,1,1,1,1,1,1,1,1,1,1,1,1,1,1,1,1,1,1,1,1,1
4260,3,2,2,2,2,2,3,3,2,2,2,2,2,3,3,2,2,2,2,2,3
4261,0,0,0,0,0,0,0,0,0,0,0,0,0,0,0,0,0,0,0,0,0
4262,0,0,0,0,0,0,0,0,0,0,0,0,0,0,0,0,0,0,0,0,0
4263,0,0,0,0,0,0,0,0,0,0,0,0,0,0,0,0,0,0,0,0,0
4264,2,0,0,0,0,2,0,2,0,0,0,0,2,0,2,0,0,0,0,2,0
4265,0,0,0,0,0,0,0,0,0,0,0,0,0,0,0,0,0,0,0,0,0
4266,2,2,2,2,2,0,1,2,2,2,2,2,0,1,2,2,2,2,2,0,1
4267,10,11,11,10,9,8,8,10,11,11,10,9,8,8,10,11,11,10,9,8,8
4268,3,4,4,3,3,3,2,3,4,4,3,3,3,2,3,4,4,3,3,3,2
4269,1,1,1,1,1,1,1,1,1,1,1,1,1,1,1,1,1,1,1,1,1
4270,3,3,2,2,2,2,2,3,3,2,2,2,2,2,3,3,2,2,2,2,2
4271,0,0,0,0,0,0,0,0,0,0,0,0,0,0,0,0,0,0,0,0,0
4272,0,0,0,0,0,0,0,0,0,0,0,0,0,0,0,0,0,0,0,0,0
4273,0,0,0,0,0,0,0,0,0,0,0,0,0,0,0,0,0,0,0,0,0
4274,0,0,0,0,0,0,0,0,0,0,0,0,0,0,0,0,0,0,0,0,0
4275,1,1,2,1,1,1,1,1,1,2,1,1,1,1,1,1,2,1,1,1,1
4276,1,1,1,1,1,1,1,1,1,1,1,1,1,1,1,1,1,1,1,1,1
4277,1,1,1,1,1,1,1,1,1,1,1,1,1,1,1,1,1,1,1,1,1
4278,77,79,80,70,62,57,63,77,79,80,70,62,57,63,77,79,80,70,62,57,63
4279,23,22,24,24,22,19,20,23,22,24,24,22,19,20,23,22,24,24,22,19,20
4280,116,127,133,122,106,96,97,116,127,133,122,106,96,97,116,127,133,122,106,96,97
4281,11,13,14,13,11,9,8,11,13,14,13,11,9,8,11,13,14,13,11,9,8
4282,3,4,4,5,5,5,4,3,4,4,5,5,5,4,3,4,4,5,5,5,4
4283,0,0,0,0,0,0,0,0,0,0,0,0,0,0,0,0,0,0,0,0,0
4284,0,0,0,0,0,0,0,0,0,0,0,0,0,0,0,0,0,0,0,0,0
4285,0,0,0,0,0,0,0,0,0,0,0,0,0,0,0,0,0,0,0,0,0
4286,1,1,1,1,1,1,1,1,1,1,1,1,1,1,1,1,1,1,1,1,1
4287,0,0,0,0,0,0,0,0,0,0,0,0,0,0,0,0,0,0,0,0,0
4288,0,0,0,0,0,0,0,0,0,0,0,0,0,0,0,0,0,0,0,0,0
4289,116,127,133,122,106,96,97,116,127,133,122,106,96,97,116,127,133,122,106,96,97
4290,31,32,32,22,18,16,19,31,32,32,22,18,16,19,31,32,32,22,18,16,19
4291,13,12,13,14,11,11,12,13,12,13,14,11,11,12,13,12,13,14,11,11,12
4292,1,1,1,1,0,1,1,1,1,1,1,0,1,1,1,1,1,1,0,1,1
4293,5,6,5,4,4,4,4,5,6,5,4,4,4,4,5,6,5,4,4,4,4
4294,0,0,0,0,0,0,0,0,0,0,0,0,0,0,0,0,0,0,0,0,0
4295,0,0,0,0,0,0,0,0,0,0,0,0,0,0,0,0,0,0,0,0,0
4296,1,1,1,1,1,1,1,1,1,1,1,1,1,1,1,1,1,1,1,1,1
4297,1,1,1,1,0,1,1,1,1,1,1,0,1,1,1,1,1,1,0,1,1
4298,0,0,0,0,0,0,0,0,0,0,0,0,0,0,0,0,0,0,0,0,0
4299,0,0,0,0,0,0,0,0,0,0,0,0,0,0,0,0,0,0,0,0,0
4300,0,0,0,0,0,0,0,0,0,0,0,0,0,0,0,0,0,0,0,0,0
4301,0,0,0,0,0,0,0,0,0,0,0,0,0,0,0,0,0,0,0,0,0
4302,0,0,0,0,0,0,0,0,0,0,0,0,0,0,0,0,0,0,0,0,0
4303,0,0,0,0,0,0,0,0,0,0,0,0,0,0,0,0,0,0,0,0,0
4304,0,0,0,0,0,0,0,0,0,0,0,0,0,0,0,0,0,0,0,0,0
4305,1,1,1,1,1,1,1,1,1,1,1,1,1,1,1,1,1,1,1,1,1
4306,1,1,1,1,1,1,1,1,1,1,1,1,1,1,1,1,1,1,1,1,1
4307,4,4,5,4,4,4,3,4,4,5,4,4,4,3,4,4,5,4,4,4,3
4308,116,127,133,122,106,96,97,116,127,133,122,106,96,97,116,127,133,122,106,96,97
4309,109,127,133,122,106,96,88,109,127,133,122,106,96,88,109,127,133,122,106,96,88
4310,7,8,9,8,8,6,5,7,8,9,8,8,6,5,7,8,9,8,8,6,5
4311,0,0,0,0,0,0,0,0,0,0,0,0,0,0,0,0,0,0,0,0,0
4312,0,0,0,0,0,0,0,0,0,0,0,0,0,0,0,0,0,0,0,0,0
4313,1,2,2,2,0,0,0,1,2,2,2,0,0,0,1,2,2,2,0,0,0
4314,0,0,0,0,0,0,0,0,0,0,0,0,0,0,0,0,0,0,0,0,0
4315,7,8,9,7,6,5,6,7,8,9,7,6,5,6,7,8,9,7,6,5,6
4316,0,0,0,0,0,0,0,0,0,0,0,0,0,0,0,0,0,0,0,0,0
4317,0,0,0,0,0,0,0,0,0,0,0,0,0,0,0,0,0,0,0,0,0
4318,1,1,1,1,0,1,1,1,1,1,1,0,1,1,1,1,1,1,0,1,1
4319,5,5,3,5,5,5,5,5,5,3,5,5,5,5,5,5,3,5,5,5,5
4320,15,9,11,10,9,5,6,15,9,11,10,9,5,6,15,9,11,10,9,5,6
4321,0,0,0,0,0,0,0,0,0,0,0,0,0,0,0,0,0,0,0,0,0
4322,2,1,2,2,1,1,1,2,1,2,2,1,1,1,2,1,2,2,1,1,1
4323,0,0,0,0,0,0,0,0,0,0,0,0,0,0,0,0,0,0,0,0,0
4324,1,0,0,0,0,0,0,1,0,0,0,0,0,0,1,0,0,0,0,0,0
4325,4,4,5,5,4,4,4,4,4,5,5,4,4,4,4,4,5,5,4,4,4
4326,3,3,3,3,3,3,3,3,3,3,3,3,3,3,3,3,3,3,3,3,3
4327,4,4,4,4,3,3,4,4,4,4,4,3,3,4,4,4,4,4,3,3,4
4328,3,3,3,3,2,2,2,3,3,3,3,2,2,2,3,3,3,3,2,2,2
4329,2,3,3,3,3,2,2,2,3,3,3,3,2,2,2,3,3,3,3,2,2
4330,4,5,6,5,5,3,3,4,5,6,5,5,3,3,4,5,6,5,5,3,3
4331,9,10,12,11,10,8,7,9,10,12,11,10,8,7,9,10,12,11,10,8,7
4332,9,10,10,11,10,8,7,9,10,10,11,10,8,7,9,10,10,11,10,8,7
4333,32,37,37,36,31,24,25,32,37,37,36,31,24,25,32,37,37,36,31,24,25
4334,116,127,133,122,106,96,97,116,127,133,122,106,96,97,116,127,133,122,106,96,97
4335,116,127,133,122,106,96,97,116,127,133,122,106,96,97,116,127,133,122,106,96,97
4336,0,0,0,0,0,0,0,0,0,0,0,0,0,0,0,0,0,0,0,0,0
4337,13,16,16,13,14,13,9,13,16,16,13,14,13,9,13,16,16,13,14,13,9
4338,8,7,9,8,6,5,4,8,7,9,8,6,5,4,8,7,9,8,6,5,4
4339,0,0,0,0,0,0,0,0,0,0,0,0,0,0,0,0,0,0,0,0,0
4340,1,1,1,1,1,1,1,1,1,1,1,1,1,1,1,1,1,1,1,1,1
4341,0,0,0,0,0,0,0,0,0,0,0,0,0,0,0,0,0,0,0,0,0
4342,5,6,8,6,5,3,3,5,6,8,6,5,3,3,5,6,8,6,5,3,3
4343,71,93,104,101,86,64,56,71,93,104,101,86,64,56,71,93,104,101,86,64,56
4344,10,10,9,7,8,8,9,10,10,9,7,8,8,9,10,10,9,7,8,8,9
4345,22,26,26,27,24,19,18,22,26,26,27,24,19,18,22,26,26,27,24,19,18
4346,0,0,0,0,0,0,0,0,0,0,0,0,0,0,0,0,0,0,0,0,0
4347,0,0,0,0,0,0,0,0,0,0,0,0,0,0,0,0,0,0,0,0,0
4348,0,0,0,0,0,0,0,0,0,0,0,0,0,0,0,0,0,0,0,0,0
4349,1,1,1,1,1,1,1,1,1,1,1,1,1,1,1,1,1,1,1,1,1
4350,8,9,8,7,6,6,7,8,9,8,7,6,6,7,8,9,8,7,6,6,7
4351,11,12,11,13,14,10,10,11,12,11,13,14,10,10,11,12,11,13,14,10,10
4352,1,1,1,1,1,0,1,1,1,1,1,1,0,1,1,1,1,1,1,0,1
4353,0,0,0,0,0,0,0,0,0,0,0,0,0,0,0,0,0,0,0,0,0
4354,0,0,0,0,0,0,0,0,0,0,0,0,0,0,0,0,0,0,0,0,0
4355,0,0,0,0,0,0,0,0,0,0,0,0,0,0,0,0,0,0,0,0,0
4356,0,0,0,0,0,0,0,0,0,0,0,0,0,0,0,0,0,0,0,0,0
4357,1,1,1,0,0,0,1,1,1,1,0,0,0,1,1,1,1,0,0,0,1
4358,2,2,2,2,2,2,2,2,2,2,2,2,2,2,2,2,2,2,2,2,2
4359,29,34,35,35,30,24,24,29,34,35,35,30,24,24,29,34,35,35,30,24,24
4360,22,28,30,30,21,18,18,22,28,30,30,21,18,18,22,28,30,30,21,18,18
4361,81,84,82,76,71,65,71,81,84,82,76,71,65,71,81,84,82,76,71,65,71
4362,3,3,3,2,2,3,3,3,3,3,2,2,3,3,3,3,3,2,2,3,3
4363,9,12,13,13,12,8,7,9,12,13,13,12,8,7,9,12,13,13,12,8,7
4364,0,0,0,0,0,0,0,0,0,0,0,0,0,0,0,0,0,0,0,0,0
4365,4,5,5,4,4,4,4,4,5,5,4,4,4,4,4,5,5,4,4,4,4
4366,6,8,9,10,8,5,5,6,8,9,10,8,5,5,6,8,9,10,8,5,5
4367,5,4,3,3,3,4,5,5,4,3,3,3,4,5,5,4,3,3,3,4,5
4368,4,4,3,3,3,3,3,4,4,3,3,3,3,3,4,4,3,3,3,3,3
4369,3,3,3,3,2,2,2,3,3,3,3,2,2,2,3,3,3,3,2,2,2
4370,2,2,2,2,3,2,2,2,2,2,2,3,2,2,2,2,2,2,3,2,2
4371,0,0,0,0,0,0,0,0,0,0,0,0,0,0,0,0,0,0,0,0,0
4372,0,0,0,0,0,0,0,0,0,0,0,0,0,0,0,0,0,0,0,0,0
4373,0,0,0,0,0,0,0,0,0,0,0,0,0,0,0,0,0,0,0,0,0
4374,0,0,0,0,0,0,0,0,0,0,0,0,0,0,0,0,0,0,0,0,0
4375,0,0,0,0,0,0,0,0,0,0,0,0,0,0,0,0,0,0,0,0,0
4376,0,0,0,0,0,0,0,0,0,0,0,0,0,0,0,0,0,0,0,0,0
4377,0,0,0,0,0,0,0,0,0,0,0,0,0,0,0,0,0,0,0,0,0
4378,0,0,0,0,0,0,0,0,0,0,0,0,0,0,0,0,0,0,0,0,0
4379,0,0,0,0,0,0,0,0,0,0,0,0,0,0,0,0,0,0,0,0,0
4380,0,0,0,0,0,0,0,0,0,0,0,0,0,0,0,0,0,0,0,0,0
4381,0,0,0,0,0,0,0,0,0,0,0,0,0,0,0,0,0,0,0,0,0
4382,1,0,2,1,1,1,1,1,0,2,1,1,1,1,1,0,2,1,1,1,1
4383,0,0,0,0,0,0,0,0,0,0,0,0,0,0,0,0,0,0,0,0,0
4384,3,3,3,2,2,2,2,3,3,3,2,2,2,2,3,3,3,2,2,2,2
4385,3,4,3,2,0,0,0,3,4,3,2,0,0,0,3,4,3,2,0,0,0
4386,22,23,23,21,19,19,20,22,23,23,21,19,19,20,22,23,23,21,19,19,20
4387,0,0,0,0,0,0,0,0,0,0,0,0,0,0,0,0,0,0,0,0,0
4388,0,0,0,0,0,0,0,0,0,0,0,0,0,0,0,0,0,0,0,0,0
4389,19,18,19,19,17,15,16,19,18,19,19,17,15,16,19,18,19,19,17,15,16
4390,20,18,22,21,19,17,18,20,18,22,21,19,17,18,20,18,22,21,19,17,18
4391,1,1,1,1,1,1,1,1,1,1,1,1,1,1,1,1,1,1,1,1,1
4392,0,1,0,0,0,0,0,0,1,0,0,0,0,0,0,1,0,0,0,0,0
4393,1,1,1,1,0,0,1,1,1,1,1,0,0,1,1,1,1,1,0,0,1
4394,22,26,27,22,21,17,18,22,26,27,22,21,17,18,22,26,27,22,21,17,18
4395,0,0,0,0,0,0,0,0,0,0,0,0,0,0,0,0,0,0,0,0,0
4396,5,5,5,5,4,4,5,5,5,5,5,4,4,5,5,5,5,5,4,4,5
4397,12,12,13,12,12,13,12,12,12,13,12,12,13,12,12,12,13,12,12,13,12
4398,8,8,8,7,6,6,7,8,8,8,7,6,6,7,8,8,8,7,6,6,7
4399,3,4,4,4,3,3,3,3,4,4,4,3,3,3,3,4,4,4,3,3,3
4400,0,0,0,0,0,0,0,0,0,0,0,0,0,0,0,0,0,0,0,0,0
4401,9,8,8,7,5,6,7,9,8,8,7,5,6,7,9,8,8,7,5,6,7
4402,10,9,8,8,8,8,9,10,9,8,8,8,8,9,10,9,8,8,8,8,9
4403,17,16,16,12,12,12,13,17,16,16,12,12,12,13,17,16,16,12,12,12,13
4404,14,16,16,12,14,11,11,14,16,16,12,14,11,11,14,16,16,12,14,11,11
4405,44,34,36,55,42,43,43,44,34,36,55,42,43,43,44,34,36,55,42,43,43
4406,26,24,21,18,17,17,19,26,24,21,18,17,17,19,26,24,21,18,17,17,19
4407,2,2,1,1,2,2,2,2,2,1,1,2,2,2,2,2,1,1,2,2,2
4408,12,13,12,13,12,12,11,12,13,12,13,12,12,11,12,13,12,13,12,12,11
4409,0,0,0,0,0,0,0,0,0,0,0,0,0,0,0,0,0,0,0,0,0
4410,0,0,0,0,0,0,0,0,0,0,0,0,0,0,0,0,0,0,0,0,0
4411,0,0,0,0,0,0,0,0,0,0,0,0,0,0,0,0,0,0,0,0,0
4412,0,0,0,0,0,0,0,0,0,0,0,0,0,0,0,0,0,0,0,0,0
4413,0,0,0,0,0,0,0,0,0,0,0,0,0,0,0,0,0,0,0,0,0
4414,0,0,0,0,0,0,0,0,0,0,0,0,0,0,0,0,0,0,0,0,0
4415,0,0,0,0,0,0,0,0,0,0,0,0,0,0,0,0,0,0,0,0,0
4416,0,0,0,0,0,0,0,0,0,0,0,0,0,0,0,0,0,0,0,0,0
4417,0,0,0,0,0,0,1,0,0,0,0,0,0,1,0,0,0,0,0,0,1
4418,0,0,0,0,0,0,0,0,0,0,0,0,0,0,0,0,0,0,0,0,0
4419,0,0,0,0,0,0,0,0,0,0,0,0,0,0,0,0,0,0,0,0,0
4420,0,0,0,0,0,0,0,0,0,0,0,0,0,0,0,0,0,0,0,0,0
4421,4,4,5,5,4,3,2,4,4,5,5,4,3,2,4,4,5,5,4,3,2
4422,3,3,3,4,4,3,3,3,3,3,4,4,3,3,3,3,3,4,4,3,3
4423,5,4,4,4,4,3,4,5,4,4,4,4,3,4,5,4,4,4,4,3,4
4424,8,9,10,10,11,10,11,8,9,10,10,11,10,11,8,9,10,10,11,10,11
4425,5,5,5,4,4,5,5,5,5,5,4,4,5,5,5,5,5,4,4,5,5
4426,50,49,44,38,50,50,58,50,49,44,38,50,50,58,50,49,44,38,50,50,58
4427,4,4,5,5,6,5,4,4,4,5,5,6,5,4,4,4,5,5,6,5,4
4428,1,1,1,1,1,0,1,1,1,1,1,1,0,1,1,1,1,1,1,0,1
4429,1,1,1,1,1,1,1,1,1,1,1,1,1,1,1,1,1,1,1,1,1
4430,1,1,1,1,1,1,1,1,1,1,1,1,1,1,1,1,1,1,1,1,1
4431,46,49,53,53,41,51,36,46,49,53,53,41,51,36,46,49,53,53,41,51,36
4432,0,1,0,0,0,1,1,0,1,0,0,0,1,1,0,1,0,0,0,1,1
4433,0,0,0,0,0,0,0,0,0,0,0,0,0,0,0,0,0,0,0,0,0
4434,41,53,54,52,41,50,48,41,53,54,52,41,50,48,41,53,54,52,41,50,48
4435,0,0,0,0,0,0,0,0,0,0,0,0,0,0,0,0,0,0,0,0,0
4436,16,16,16,14,13,12,12,16,16,16,14,13,12,12,16,16,16,14,13,12,12
4437,0,0,0,0,0,0,0,0,0,0,0,0,0,0,0,0,0,0,0,0,0
4438,2,3,3,2,2,1,2,2,3,3,2,2,1,2,2,3,3,2,2,1,2
4439,3,4,2,3,3,3,3,3,4,2,3,3,3,3,3,4,2,3,3,3,3
4440,2,2,2,2,2,2,2,2,2,2,2,2,2,2,2,2,2,2,2,2,2
4441,7,6,6,5,4,4,6,7,6,6,5,4,4,6,7,6,6,5,4,4,6
4442,17,17,16,14,12,13,15,17,17,16,14,12,13,15,17,17,16,14,12,13,15
4443,4,4,4,4,4,4,3,4,4,4,4,4,4,3,4,4,4,4,4,4,3
4444,1,2,1,1,1,1,1,1,2,1,1,1,1,1,1,2,1,1,1,1,1
4445,1,1,1,1,0,1,1,1,1,1,1,0,1,1,1,1,1,1,0,1,1
4446,2,3,3,3,1,3,2,2,3,3,3,1,3,2,2,3,3,3,1,3,2
4447,1,2,3,3,2,2,1,1,2,3,3,2,2,1,1,2,3,3,2,2,1
4448,3,3,3,3,3,3,3,3,3,3,3,3,3,3,3,3,3,3,3,3,3
4449,1,1,1,1,1,1,1,1,1,1,1,1,1,1,1,1,1,1,1,1,1
4450,0,0,0,0,0,0,0,0,0,0,0,0,0,0,0,0,0,0,0,0,0
4451,0,0,0,0,0,0,0,0,0,0,0,0,0,0,0,0,0,0,0,0,0
4452,0,0,0,0,0,0,0,0,0,0,0,0,0,0,0,0,0,0,0,0,0
4453,0,0,0,0,0,0,0,0,0,0,0,0,0,0,0,0,0,0,0,0,0
4454,0,0,0,0,0,0,0,0,0,0,0,0,0,0,0,0,0,0,0,0,0
4455,0,0,0,0,0,0,0,0,0,0,0,0,0,0,0,0,0,0,0,0,0
4456,0,0,1,0,0,0,0,0,0,1,0,0,0,0,0,0,1,0,0,0,0
4457,1,2,1,1,1,0,0,1,2,1,1,1,0,0,1,2,1,1,1,0,0
4458,0,0,0,0,0,0,0,0,0,0,0,0,0,0,0,0,0,0,0,0,0
4459,0,0,0,0,0,0,0,0,0,0,0,0,0,0,0,0,0,0,0,0,0
4460,0,0,0,0,0,0,0,0,0,0,0,0,0,0,0,0,0,0,0,0,0
4461,0,0,0,0,0,0,0,0,0,0,0,0,0,0,0,0,0,0,0,0,0
4462,0,0,0,0,0,0,0,0,0,0,0,0,0,0,0,0,0,0,0,0,0
4463,0,0,0,0,0,0,0,0,0,0,0,0,0,0,0,0,0,0,0,0,0
4464,0,0,0,0,0,0,0,0,0,0,0,0,0,0,0,0,0,0,0,0,0
4465,2,2,3,3,2,1,2,2,2,3,3,2,1,2,2,2,3,3,2,1,2
4466,7,8,9,9,7,5,5,7,8,9,9,7,5,5,7,8,9,9,7,5,5
4467,0,0,0,0,0,0,0,0,0,0,0,0,0,0,0,0,0,0,0,0,0
4468,2,1,1,2,2,2,1,2,1,1,2,2,2,1,2,1,1,2,2,2,1
4469,0,0,0,0,0,0,0,0,0,0,0,0,0,0,0,0,0,0,0,0,0
4470,116,127,133,122,106,96,97,116,127,133,122,106,96,97,116,127,133,122,106,96,97
4471,116,127,133,122,106,96,97,116,127,133,122,106,96,97,116,127,133,122,106,96,97
4472,109,127,133,121,106,96,88,109,127,133,121,106,96,88,109,127,133,121,106,96,88
4473,116,127,133,122,106,96,97,116,127,133,122,106,96,97,116,127,133,122,106,96,97
4474,6,7,7,6,5,4,4,6,7,7,6,5,4,4,6,7,7,6,5,4,4
4475,52,52,54,60,64,59,54,52,52,54,60,64,59,54,52,52,54,60,64,59,54
4476,39,51,77,110,96,56,36,39,51,77,110,96,56,36,39,51,77,110,96,56,36
4477,9,10,9,8,7,6,6,9,10,9,8,7,6,6,9,10,9,8,7,6,6
4478,2,2,2,3,2,2,1,2,2,2,3,2,2,1,2,2,2,3,2,2,1
4479,0,0,0,0,0,0,0,0,0,0,0,0,0,0,0,0,0,0,0,0,0
4480,0,0,0,0,0,0,0,0,0,0,0,0,0,0,0,0,0,0,0,0,0
4481,0,0,0,0,0,0,0,0,0,0,0,0,0,0,0,0,0,0,0,0,0
4482,0,0,0,0,0,0,0,0,0,0,0,0,0,0,0,0,0,0,0,0,0
4483,1,0,1,1,0,0,0,1,0,1,1,0,0,0,1,0,1,1,0,0,0
4484,0,0,0,0,0,0,0,0,0,0,0,0,0,0,0,0,0,0,0,0,0
4485,0,0,0,0,0,0,0,0,0,0,0,0,0,0,0,0,0,0,0,0,0
4486,0,0,0,0,0,0,0,0,0,0,0,0,0,0,0,0,0,0,0,0,0
4487,0,0,0,0,0,0,0,0,0,0,0,0,0,0,0,0,0,0,0,0,0
4488,2,1,1,1,1,2,2,2,1,1,1,1,2,2,2,1,1,1,1,2,2
4489,0,0,0,0,0,0,0,0,0,0,0,0,0,0,0,0,0,0,0,0,0
4490,2,2,4,4,3,2,1,2,2,4,4,3,2,1,2,2,4,4,3,2,1
4491,3,3,4,3,3,2,2,3,3,4,3,3,2,2,3,3,4,3,3,2,2
4492,5,6,5,4,4,4,4,5,6,5,4,4,4,4,5,6,5,4,4,4,4
4493,2,2,2,2,2,1,2,2,2,2,2,2,1,2,2,2,2,2,2,1,2
4494,2,3,2,2,2,2,1,2,3,2,2,2,2,1,2,3,2,2,2,2,1
4495,19,19,19,17,15,16,18,19,19,19,17,15,16,18,19,19,19,17,15,16,18
4496,13,14,13,12,10,9,11,13,14,13,12,10,9,11,13,14,13,12,10,9,11
4497,9,8,7,7,8,8,8,9,8,7,7,8,8,8,9,8,7,7,8,8,8
4498,8,7,9,7,6,7,7,8,7,9,7,6,7,7,8,7,9,7,6,7,7
4499,0,1,1,1,1,1,0,0,1,1,1,1,1,0,0,1,1,1,1,1,0
4500,4,4,4,3,3,3,3,4,4,4,3,3,3,3,4,4,4,3,3,3,3
4501,1,1,1,1,1,0,0,1,1,1,1,1,0,0,1,1,1,1,1,0,0
4502,0,0,0,0,0,0,0,0,0,0,0,0,0,0,0,0,0,0,0,0,0
4503,0,0,0,0,0,0,0,0,0,0,0,0,0,0,0,0,0,0,0,0,0
4504,0,0,0,0,0,0,0,0,0,0,0,0,0,0,0,0,0,0,0,0,0
4505,0,0,0,0,0,0,0,0,0,0,0,0,0,0,0,0,0,0,0,0,0
4506,1,2,1,1,0,3,4,1,2,1,1,0,3,4,1,2,1,1,0,3,4
4507,0,0,0,0,0,0,0,0,0,0,0,0,0,0,0,0,0,0,0,0,0
4508,5,5,6,6,5,4,4,5,5,6,6,5,4,4,5,5,6,6,5,4,4
4509,3,4,4,3,3,6,5,3,4,4,3,3,6,5,3,4,4,3,3,6,5
4510,48,74,72,33,44,33,52,48,74,72,33,44,33,52,48,74,72,33,44,33,52
4511,116,127,133,122,106,96,97,116,127,133,122,106,96,97,116,127,133,122,106,96,97
4512,116,127,133,122,106,96,97,116,127,133,122,106,96,97,116,127,133,122,106,96,97
4513,116,127,133,122,106,96,97,116,127,133,122,106,96,97,116,127,133,122,106,96,97
4514,116,127,133,122,106,96,97,116,127,133,122,106,96,97,116,127,133,122,106,96,97
4515,3,2,1,1,1,1,2,3,2,1,1,1,1,2,3,2,1,1,1,1,2
4516,8,8,8,7,4,1,4,8,8,8,7,4,1,4,8,8,8,7,4,1,4
4517,12,2,9,13,9,4,9,12,2,9,13,9,4,9,12,2,9,13,9,4,9
4518,0,1,7,1,6,1,7,0,1,7,1,6,1,7,0,1,7,1,6,1,7
4519,21,21,27,7,2,11,24,21,21,27,7,2,11,24,21,21,27,7,2,11,24
4520,2,0,3,3,0,3,2,2,0,3,3,0,3,2,2,0,3,3,0,3,2
4521,0,0,0,0,0,0,2,0,0,0,0,0,0,2,0,0,0,0,0,0,2
4522,0,0,8,1,8,1,8,0,0,8,1,8,1,8,0,0,8,1,8,1,8
4523,0,0,0,0,0,0,0,0,0,0,0,0,0,0,0,0,0,0,0,0,0
4524,0,0,0,0,0,0,0,0,0,0,0,0,0,0,0,0,0,0,0,0,0
4525,0,0,0,0,0,0,0,0,0,0,0,0,0,0,0,0,0,0,0,0,0
4526,19,22,24,22,20,16,15,19,22,24,22,20,16,15,19,22,24,22,20,16,15
4527,2,1,1,1,1,1,1,2,1,1,1,1,1,1,2,1,1,1,1,1,1
4528,1,1,1,1,1,1,1,1,1,1,1,1,1,1,1,1,1,1,1,1,1
4529,93,88,94,92,75,74,74,93,88,94,92,75,74,74,93,88,94,92,75,74,74
4530,103,125,130,122,106,92,83,103,125,130,122,106,92,83,103,125,130,122,106,92,83
4531,60,67,68,64,56,54,48,60,67,68,64,56,54,48,60,67,68,64,56,54,48
4532,0,0,0,0,0,0,0,0,0,0,0,0,0,0,0,0,0,0,0,0,0
4533,4,4,3,3,3,3,3,4,4,3,3,3,3,3,4,4,3,3,3,3,3
4534,2,2,2,2,2,2,2,2,2,2,2,2,2,2,2,2,2,2,2,2,2
4535,1,1,1,1,1,1,0,1,1,1,1,1,1,0,1,1,1,1,1,1,0
4536,1,2,3,4,4,3,2,1,2,3,4,4,3,2,1,2,3,4,4,3,2
4537,13,14,13,11,10,8,10,13,14,13,11,10,8,10,13,14,13,11,10,8,10
4538,2,3,4,4,4,4,3,2,3,4,4,4,4,3,2,3,4,4,4,4,3
4539,77,85,86,82,75,63,58,77,85,86,82,75,63,58,77,85,86,82,75,63,58
4540,10,9,8,7,7,6,7,10,9,8,7,7,6,7,10,9,8,7,7,6,7
4541,70,81,82,84,73,60,60,70,81,82,84,73,60,60,70,81,82,84,73,60,60
4542,21,26,24,19,16,14,15,21,26,24,19,16,14,15,21,26,24,19,16,14,15
4543,8,9,10,10,10,9,6,8,9,10,10,10,9,6,8,9,10,10,10,9,6
4544,27,29,27,22,25,27,26,27,29,27,22,25,27,26,27,29,27,22,25,27,26
4545,0,0,0,0,0,0,0,0,0,0,0,0,0,0,0,0,0,0,0,0,0
4546,2,2,1,2,1,2,2,2,2,1,2,1,2,2,2,2,1,2,1,2,2
4547,0,0,0,0,0,0,0,0,0,0,0,0,0,0,0,0,0,0,0,0,0
4548,0,0,0,1,1,0,0,0,0,0,1,1,0,0,0,0,0,1,1,0,0
4549,0,0,0,0,0,0,0,0,0,0,0,0,0,0,0,0,0,0,0,0,0
4550,0,0,0,0,0,0,0,0,0,0,0,0,0,0,0,0,0,0,0,0,0
4551,2,2,2,1,2,2,1,2,2,2,1,2,2,1,2,2,2,1,2,2,1
4552,0,0,0,0,0,0,0,0,0,0,0,0,0,0,0,0,0,0,0,0,0
4553,0,0,0,0,0,0,0,0,0,0,0,0,0,0,0,0,0,0,0,0,0
4554,0,0,0,0,0,0,0,0,0,0,0,0,0,0,0,0,0,0,0,0,0
4555,0,0,0,0,0,0,0,0,0,0,0,0,0,0,0,0,0,0,0,0,0
4556,0,0,0,0,0,0,0,0,0,0,0,0,0,0,0,0,0,0,0,0,0
4557,0,0,0,0,0,0,0,0,0,0,0,0,0,0,0,0,0,0,0,0,0
4558,1,1,0,1,0,0,0,1,1,0,1,0,0,0,1,1,0,1,0,0,0
4559,0,0,0,0,0,0,0,0,0,0,0,0,0,0,0,0,0,0,0,0,0
4560,0,0,0,0,0,0,0,0,0,0,0,0,0,0,0,0,0,0,0,0,0
4561,0,0,1,1,1,0,0,0,0,1,1,1,0,0,0,0,1,1,1,0,0
4562,0,1,0,0,0,1,1,0,1,0,0,0,1,1,0,1,0,0,0,1,1
4563,0,0,0,0,0,0,0,0,0,0,0,0,0,0,0,0,0,0,0,0,0
4564,7,8,9,8,7,6,6,7,8,9,8,7,6,6,7,8,9,8,7,6,6
4565,0,0,0,0,0,0,0,0,0,0,0,0,0,0,0,0,0,0,0,0,0
4566,1,1,0,0,0,0,1,1,1,0,0,0,0,1,1,1,0,0,0,0,1
4567,0,0,0,0,0,0,0,0,0,0,0,0,0,0,0,0,0,0,0,0,0
4568,0,0,0,0,0,0,0,0,0,0,0,0,0,0,0,0,0,0,0,0,0
4569,0,0,0,0,0,0,0,0,0,0,0,0,0,0,0,0,0,0,0,0,0
4570,4,5,5,4,4,3,3,4,5,5,4,4,3,3,4,5,5,4,4,3,3
4571,1,2,2,2,1,1,1,1,2,2,2,1,1,1,1,2,2,2,1,1,1
4572,3,3,3,3,2,2,2,3,3,3,3,2,2,2,3,3,3,3,2,2,2
4573,1,1,1,1,1,1,1,1,1,1,1,1,1,1,1,1,1,1,1,1,1
4574,6,6,6,6,5,5,5,6,6,6,6,5,5,5,6,6,6,6,5,5,5
4575,6,7,7,6,5,5,5,6,7,7,6,5,5,5,6,7,7,6,5,5,5
4576,4,4,4,3,3,3,3,4,4,4,3,3,3,3,4,4,4,3,3,3,3
4577,32,36,37,36,30,25,25,32,36,37,36,30,25,25,32,36,37,36,30,25,25
4578,15,17,19,17,15,14,13,15,17,19,17,15,14,13,15,17,19,17,15,14,13
4579,9,11,11,10,8,8,8,9,11,11,10,8,8,8,9,11,11,10,8,8,8
4580,0,0,0,0,0,0,0,0,0,0,0,0,0,0,0,0,0,0,0,0,0
4581,0,0,0,0,0,0,0,0,0,0,0,0,0,0,0,0,0,0,0,0,0
4582,0,0,0,0,0,0,0,0,0,0,0,0,0,0,0,0,0,0,0,0,0
4583,0,0,0,0,0,0,0,0,0,0,0,0,0,0,0,0,0,0,0,0,0
4584,0,0,0,0,0,0,0,0,0,0,0,0,0,0,0,0,0,0,0,0,0
4585,0,0,0,0,0,0,0,0,0,0,0,0,0,0,0,0,0,0,0,0,0
4586,0,0,0,0,0,0,0,0,0,0,0,0,0,0,0,0,0,0,0,0,0
4587,9,12,15,15,11,7,5,9,12,15,15,11,7,5,9,12,15,15,11,7,5
4588,1,1,2,1,1,1,1,1,1,2,1,1,1,1,1,1,2,1,1,1,1
4589,4,4,4,4,3,3,3,4,4,4,4,3,3,3,4,4,4,4,3,3,3
4590,0,0,0,0,0,0,0,0,0,0,0,0,0,0,0,0,0,0,0,0,0
4591,1,1,1,1,1,1,1,1,1,1,1,1,1,1,1,1,1,1,1,1,1
4592,0,0,0,0,0,0,0,0,0,0,0,0,0,0,0,0,0,0,0,0,0
4593,0,0,0,0,0,0,0,0,0,0,0,0,0,0,0,0,0,0,0,0,0
4594,1,1,1,1,1,0,0,1,1,1,1,1,0,0,1,1,1,1,1,0,0
4595,3,3,4,3,3,3,3,3,3,4,3,3,3,3,3,3,4,3,3,3,3
4596,0,0,0,0,0,0,0,0,0,0,0,0,0,0,0,0,0,0,0,0,0
4597,0,0,0,0,0,0,0,0,0,0,0,0,0,0,0,0,0,0,0,0,0
4598,0,0,0,0,0,0,0,0,0,0,0,0,0,0,0,0,0,0,0,0,0
4599,0,0,0,0,0,0,0,0,0,0,0,0,0,0,0,0,0,0,0,0,0
4600,0,0,0,0,0,0,0,0,0,0,0,0,0,0,0,0,0,0,0,0,0
4601,16,19,19,15,14,14,15,16,19,19,15,14,14,15,16,19,19,15,14,14,15
4602,4,4,4,3,3,3,3,4,4,4,3,3,3,3,4,4,4,3,3,3,3
4603,2,2,2,2,2,1,2,2,2,2,2,2,1,2,2,2,2,2,2,1,2
4604,116,127,133,122,106,96,97,116,127,133,122,106,96,97,116,127,133,122,106,96,97
4605,0,0,0,0,0,0,0,0,0,0,0,0,0,0,0,0,0,0,0,0,0
4606,4,5,5,4,4,3,4,4,5,5,4,4,3,4,4,5,5,4,4,3,4
4607,4,4,5,5,4,3,3,4,4,5,5,4,3,3,4,4,5,5,4,3,3
4608,20,20,20,20,21,19,18,20,20,20,20,21,19,18,20,20,20,20,21,19,18
4609,1,1,1,2,2,2,1,1,1,1,2,2,2,1,1,1,1,2,2,2,1
4610,19,24,25,25,22,18,17,19,24,25,25,22,18,17,19,24,25,25,22,18,17
4611,6,6,6,5,5,5,5,6,6,6,5,5,5,5,6,6,6,5,5,5,5
4612,45,49,52,49,45,38,37,45,49,52,49,45,38,37,45,49,52,49,45,38,37
4613,8,9,10,9,9,7,8,8,9,10,9,9,7,8,8,9,10,9,9,7,8
4614,0,0,0,0,0,0,0,0,0,0,0,0,0,0,0,0,0,0,0,0,0
4615,1,1,1,1,0,0,0,1,1,1,1,0,0,0,1,1,1,1,0,0,0
4616,11,12,12,13,13,11,9,11,12,12,13,13,11,9,11,12,12,13,13,11,9
4617,4,4,3,4,3,4,4,4,4,3,4,3,4,4,4,4,3,4,3,4,4
4618,5,5,4,4,4,4,4,5,5,4,4,4,4,4,5,5,4,4,4,4,4
4619,1,1,1,1,1,1,1,1,1,1,1,1,1,1,1,1,1,1,1,1,1
4620,1,1,1,1,1,1,1,1,1,1,1,1,1,1,1,1,1,1,1,1,1
4621,0,0,0,0,0,0,0,0,0,0,0,0,0,0,0,0,0,0,0,0,0
4622,0,0,0,0,0,0,0,0,0,0,0,0,0,0,0,0,0,0,0,0,0
4623,85,90,91,85,75,66,71,85,90,91,85,75,66,71,85,90,91,85,75,66,71
4624,41,44,45,42,39,33,33,41,44,45,42,39,33,33,41,44,45,42,39,33,33
4625,0,0,0,0,0,0,0,0,0,0,0,0,0,0,0,0,0,0,0,0,0
4626,1,1,1,1,1,1,2,1,1,1,1,1,1,2,1,1,1,1,1,1,2
4627,11,14,17,17,13,8,7,11,14,17,17,13,8,7,11,14,17,17,13,8,7
4628,3,3,2,2,2,2,4,3,3,2,2,2,2,4,3,3,2,2,2,2,4
4629,4,4,5,4,2,2,2,4,4,5,4,2,2,2,4,4,5,4,2,2,2
4630,0,0,0,0,0,0,0,0,0,0,0,0,0,0,0,0,0,0,0,0,0
4631,2,2,2,3,3,3,2,2,2,2,3,3,3,2,2,2,2,3,3,3,2
4632,0,0,0,0,0,0,0,0,0,0,0,0,0,0,0,0,0,0,0,0,0
4633,0,0,0,0,0,0,0,0,0,0,0,0,0,0,0,0,0,0,0,0,0
4634,0,0,0,0,0,0,0,0,0,0,0,0,0,0,0,0,0,0,0,0,0
4635,0,0,0,0,0,0,0,0,0,0,0,0,0,0,0,0,0,0,0,0,0
4636,1,1,1,0,0,0,0,1,1,1,0,0,0,0,1,1,1,0,0,0,0
4637,0,0,0,0,0,0,0,0,0,0,0,0,0,0,0,0,0,0,0,0,0
4638,0,0,0,0,0,0,0,0,0,0,0,0,0,0,0,0,0,0,0,0,0
4639,8,9,10,11,10,9,6,8,9,10,11,10,9,6,8,9,10,11,10,9,6
4640,0,0,0,0,0,0,0,0,0,0,0,0,0,0,0,0,0,0,0,0,0
4641,0,0,0,0,0,0,0,0,0,0,0,0,0,0,0,0,0,0,0,0,0
4642,0,0,0,0,0,0,0,0,0,0,0,0,0,0,0,0,0,0,0,0,0
4643,18,18,17,12,14,11,15,18,18,17,12,14,11,15,18,18,17,12,14,11,15
4644,1,0,0,0,0,1,1,1,0,0,0,0,1,1,1,0,0,0,0,1,1
4645,2,1,1,1,1,1,2,2,1,1,1,1,1,2,2,1,1,1,1,1,2
4646,11,10,11,9,8,7,8,11,10,11,9,8,7,8,11,10,11,9,8,7,8
4647,8,7,8,8,8,8,7,8,7,8,8,8,8,7,8,7,8,8,8,8,7
4648,74,84,86,82,73,61,63,74,84,86,82,73,61,63,74,84,86,82,73,61,63
4649,5,5,5,5,4,4,5,5,5,5,5,4,4,5,5,5,5,5,4,4,5
4650,1,1,1,1,1,1,1,1,1,1,1,1,1,1,1,1,1,1,1,1,1
4651,2,2,1,1,1,1,1,2,2,1,1,1,1,1,2,2,1,1,1,1,1
4652,1,1,1,1,1,1,1,1,1,1,1,1,1,1,1,1,1,1,1,1,1
4653,2,2,3,3,2,2,2,2,2,3,3,2,2,2,2,2,3,3,2,2,2
4654,0,0,0,0,0,0,0,0,0,0,0,0,0,0,0,0,0,0,0,0,0
4655,2,2,3,2,2,2,2,2,2,3,2,2,2,2,2,2,3,2,2,2,2
4656,52,61,63,62,55,45,42,52,61,63,62,55,45,42,52,61,63,62,55,45,42
4657,115,127,133,122,106,96,92,115,127,133,122,106,96,92,115,127,133,122,106,96,92
4658,116,127,133,122,106,96,97,116,127,133,122,106,96,97,116,127,133,122,106,96,97
4659,93,103,110,103,90,72,69,93,103,110,103,90,72,69,93,103,110,103,90,72,69
4660,116,127,133,122,106,96,97,116,127,133,122,106,96,97,116,127,133,122,106,96,97
4661,23,30,35,35,30,21,19,23,30,35,35,30,21,19,23,30,35,35,30,21,19
4662,32,40,41,41,32,26,23,32,40,41,41,32,26,23,32,40,41,41,32,26,23
4663,40,47,53,53,44,35,33,40,47,53,53,44,35,33,40,47,53,53,44,35,33
4664,1,1,1,1,1,1,1,1,1,1,1,1,1,1,1,1,1,1,1,1,1
4665,0,0,0,0,0,0,0,0,0,0,0,0,0,0,0,0,0,0,0,0,0
4666,0,0,0,0,0,0,0,0,0,0,0,0,0,0,0,0,0,0,0,0,0
4667,20,20,20,20,19,17,18,20,20,20,20,19,17,18,20,20,20,20,19,17,18
4668,3,3,4,3,3,3,3,3,3,4,3,3,3,3,3,3,4,3,3,3,3
4669,0,0,0,0,0,0,0,0,0,0,0,0,0,0,0,0,0,0,0,0,0
4670,0,0,0,0,0,0,0,0,0,0,0,0,0,0,0,0,0,0,0,0,0
4671,5,5,5,4,4,4,4,5,5,5,4,4,4,4,5,5,5,4,4,4,4
4672,1,1,2,1,1,1,1,1,1,2,1,1,1,1,1,1,2,1,1,1,1
4673,0,0,0,0,0,0,0,0,0,0,0,0,0,0,0,0,0,0,0,0,0
4674,0,0,0,0,0,0,0,0,0,0,0,0,0,0,0,0,0,0,0,0,0
4675,7,7,7,6,6,5,5,7,7,7,6,6,5,5,7,7,7,6,6,5,5
4676,8,8,8,8,8,8,7,8,8,8,8,8,8,7,8,8,8,8,8,8,7
4677,1,0,1,1,0,1,0,1,0,1,1,0,1,0,1,0,1,1,0,1,0
4678,6,8,9,7,6,5,5,6,8,9,7,6,5,5,6,8,9,7,6,5,5
4679,5,4,3,3,3,3,3,5,4,3,3,3,3,3,5,4,3,3,3,3,3
4680,8,9,9,8,6,5,5,8,9,9,8,6,5,5,8,9,9,8,6,5,5
4681,116,127,133,122,106,96,97,116,127,133,122,106,96,97,116,127,133,122,106,96,97
4682,2,2,3,2,2,2,1,2,2,3,2,2,2,1,2,2,3,2,2,2,1
4683,9,10,7,8,7,7,7,9,10,7,8,7,7,7,9,10,7,8,7,7,7
4684,5,6,5,5,4,3,4,5,6,5,5,4,3,4,5,6,5,5,4,3,4
4685,7,8,8,7,7,6,6,7,8,8,7,7,6,6,7,8,8,7,7,6,6
4686,4,5,6,5,4,3,3,4,5,6,5,4,3,3,4,5,6,5,4,3,3
4687,0,0,0,0,0,0,0,0,0,0,0,0,0,0,0,0,0,0,0,0,0
4688,6,8,10,10,8,6,5,6,8,10,10,8,6,5,6,8,10,10,8,6,5
4689,16,19,19,19,17,13,14,16,19,19,19,17,13,14,16,19,19,19,17,13,14
4690,0,0,1,1,1,0,0,0,0,1,1,1,0,0,0,0,1,1,1,0,0
4691,10,13,14,13,11,9,9,10,13,14,13,11,9,9,10,13,14,13,11,9,9
4692,9,12,12,12,10,9,8,9,12,12,12,10,9,8,9,12,12,12,10,9,8
4693,116,127,133,122,106,96,97,116,127,133,122,106,96,97,116,127,133,122,106,96,97
4694,32,34,39,37,34,29,29,32,34,39,37,34,29,29,32,34,39,37,34,29,29
4695,3,3,2,3,1,1,2,3,3,2,3,1,1,2,3,3,2,3,1,1,2
4696,3,4,5,5,4,3,3,3,4,5,5,4,3,3,3,4,5,5,4,3,3
4697,24,27,28,23,22,18,17,24,27,28,23,22,18,17,24,27,28,23,22,18,17
4698,31,48,41,39,40,33,27,31,48,41,39,40,33,27,31,48,41,39,40,33,27
4699,5,6,5,5,6,5,6,5,6,5,5,6,5,6,5,6,5,5,6,5,6
4700,53,73,79,76,68,47,43,53,73,79,76,68,47,43,53,73,79,76,68,47,43
4701,18,23,26,25,23,18,15,18,23,26,25,23,18,15,18,23,26,25,23,18,15
4702,17,18,16,16,15,14,16,17,18,16,16,15,14,16,17,18,16,16,15,14,16
4703,1,2,2,1,0,0,0,1,2,2,1,0,0,0,1,2,2,1,0,0,0
4704,116,127,133,122,106,96,97,116,127,133,122,106,96,97,116,127,133,122,106,96,97
4705,0,0,0,0,0,0,0,0,0,0,0,0,0,0,0,0,0,0,0,0,0
4706,2,3,3,3,2,2,1,2,3,3,3,2,2,1,2,3,3,3,2,2,1
4707,7,8,8,8,7,6,6,7,8,8,8,7,6,6,7,8,8,8,7,6,6
4708,1,1,1,1,1,0,1,1,1,1,1,1,0,1,1,1,1,1,1,0,1
4709,3,5,7,7,5,3,2,3,5,7,7,5,3,2,3,5,7,7,5,3,2
4710,1,1,1,1,1,0,0,1,1,1,1,1,0,0,1,1,1,1,1,0,0
4711,1,1,1,1,0,0,0,1,1,1,1,0,0,0,1,1,1,1,0,0,0
4712,0,0,0,0,0,0,0,0,0,0,0,0,0,0,0,0,0,0,0,0,0
4713,34,43,51,50,45,38,30,34,43,51,50,45,38,30,34,43,51,50,45,38,30
4714,4,5,6,6,5,3,2,4,5,6,6,5,3,2,4,5,6,6,5,3,2
4715,4,4,5,2,2,2,3,4,4,5,2,2,2,3,4,4,5,2,2,2,3
4716,1,1,1,0,0,0,1,1,1,1,0,0,0,1,1,1,1,0,0,0,1
4717,5,4,2,1,0,2,4,5,4,2,1,0,2,4,5,4,2,1,0,2,4
4718,6,7,7,7,8,8,6,6,7,7,7,8,8,6,6,7,7,7,8,8,6
4719,1,2,2,3,2,1,1,1,2,2,3,2,1,1,1,2,2,3,2,1,1
4720,0,1,1,1,1,1,1,0,1,1,1,1,1,1,0,1,1,1,1,1,1
4721,1,1,1,0,1,1,1,1,1,1,0,1,1,1,1,1,1,0,1,1,1
4722,20,16,19,21,23,19,19,20,16,19,21,23,19,19,20,16,19,21,23,19,19
4723,1,1,1,1,1,1,1,1,1,1,1,1,1,1,1,1,1,1,1,1,1
4724,0,0,0,0,0,0,0,0,0,0,0,0,0,0,0,0,0,0,0,0,0
4725,0,0,0,0,0,0,0,0,0,0,0,0,0,0,0,0,0,0,0,0,0
4726,1,1,1,2,1,1,1,1,1,1,2,1,1,1,1,1,1,2,1,1,1
4727,0,0,0,0,0,0,0,0,0,0,0,0,0,0,0,0,0,0,0,0,0
4728,0,0,0,0,0,0,0,0,0,0,0,0,0,0,0,0,0,0,0,0,0
4729,0,0,0,0,0,0,0,0,0,0,0,0,0,0,0,0,0,0,0,0,0
4730,1,1,1,1,1,1,1,1,1,1,1,1,1,1,1,1,1,1,1,1,1
4731,0,0,0,0,0,0,0,0,0,0,0,0,0,0,0,0,0,0,0,0,0
4732,0,0,0,0,0,0,0,0,0,0,0,0,0,0,0,0,0,0,0,0,0
4733,1,1,0,0,0,0,1,1,1,0,0,0,0,1,1,1,0,0,0,0,1
4734,0,0,0,0,0,0,0,0,0,0,0,0,0,0,0,0,0,0,0,0,0
4735,0,0,0,0,0,0,0,0,0,0,0,0,0,0,0,0,0,0,0,0,0
4736,0,0,0,0,0,0,0,0,0,0,0,0,0,0,0,0,0,0,0,0,0
4737,4,6,4,4,3,3,4,4,6,4,4,3,3,4,4,6,4,4,3,3,4
4738,0,0,0,0,0,0,0,0,0,0,0,0,0,0,0,0,0,0,0,0,0
4739,0,0,0,0,0,0,0,0,0,0,0,0,0,0,0,0,0,0,0,0,0
4740,0,0,0,0,0,0,0,0,0,0,0,0,0,0,0,0,0,0,0,0,0
4741,0,0,0,0,0,0,0,0,0,0,0,0,0,0,0,0,0,0,0,0,0
4742,1,0,0,0,0,0,1,1,0,0,0,0,0,1,1,0,0,0,0,0,1
4743,0,0,0,0,0,0,0,0,0,0,0,0,0,0,0,0,0,0,0,0,0
4744,0,0,0,0,0,0,0,0,0,0,0,0,0,0,0,0,0,0,0,0,0
4745,2,2,2,1,1,1,1,2,2,2,1,1,1,1,2,2,2,1,1,1,1
4746,0,0,0,0,0,0,0,0,0,0,0,0,0,0,0,0,0,0,0,0,0
4747,4,5,1,1,1,1,3,4,5,1,1,1,1,3,4,5,1,1,1,1,3
4748,0,0,0,0,0,0,0,0,0,0,0,0,0,0,0,0,0,0,0,0,0
4749,1,1,1,1,0,1,1,1,1,1,1,0,1,1,1,1,1,1,0,1,1
4750,1,0,1,1,1,1,1,1,0,1,1,1,1,1,1,0,1,1,1,1,1
4751,0,0,0,0,0,0,0,0,0,0,0,0,0,0,0,0,0,0,0,0,0
4752,0,0,0,0,0,0,0,0,0,0,0,0,0,0,0,0,0,0,0,0,0
4753,0,0,0,0,0,0,0,0,0,0,0,0,0,0,0,0,0,0,0,0,0
4754,0,0,0,0,0,0,0,0,0,0,0,0,0,0,0,0,0,0,0,0,0
4755,2,1,2,2,2,2,2,2,1,2,2,2,2,2,2,1,2,2,2,2,2
4756,1,0,0,0,0,0,0,1,0,0,0,0,0,0,1,0,0,0,0,0,0
4757,0,0,0,0,0,0,0,0,0,0,0,0,0,0,0,0,0,0,0,0,0
4758,0,0,0,0,0,0,0,0,0,0,0,0,0,0,0,0,0,0,0,0,0
4759,0,0,0,0,0,0,0,0,0,0,0,0,0,0,0,0,0,0,0,0,0
4760,0,0,0,0,0,0,0,0,0,0,0,0,0,0,0,0,0,0,0,0,0
4761,0,0,0,0,0,0,0,0,0,0,0,0,0,0,0,0,0,0,0,0,0
4762,4,3,5,3,4,4,4,4,3,5,3,4,4,4,4,3,5,3,4,4,4
4763,2,3,4,3,2,2,2,2,3,4,3,2,2,2,2,3,4,3,2,2,2
4764,4,5,5,5,4,3,3,4,5,5,5,4,3,3,4,5,5,5,4,3,3
4765,22,30,25,27,21,18,19,22,30,25,27,21,18,19,22,30,25,27,21,18,19
4766,8,9,9,8,8,8,8,8,9,9,8,8,8,8,8,9,9,8,8,8,8
4767,6,7,8,7,7,5,5,6,7,8,7,7,5,5,6,7,8,7,7,5,5
4768,7,9,9,7,6,5,5,7,9,9,7,6,5,5,7,9,9,7,6,5,5
4769,2,2,2,2,2,1,2,2,2,2,2,2,1,2,2,2,2,2,2,1,2
4770,2,2,2,2,1,1,1,2,2,2,2,1,1,1,2,2,2,2,1,1,1
4771,6,8,8,8,6,5,5,6,8,8,8,6,5,5,6,8,8,8,6,5,5
4772,2,1,2,2,2,2,2,2,1,2,2,2,2,2,2,1,2,2,2,2,2
4773,1,1,2,1,1,1,1,1,1,2,1,1,1,1,1,1,2,1,1,1,1
4774,0,0,0,0,0,0,0,0,0,0,0,0,0,0,0,0,0,0,0,0,0
4775,116,127,133,122,106,96,97,116,127,133,122,106,96,97,116,127,133,122,106,96,97
4776,0,0,0,0,0,0,0,0,0,0,0,0,0,0,0,0,0,0,0,0,0
4777,1,1,2,1,1,1,1,1,1,2,1,1,1,1,1,1,2,1,1,1,1
4778,3,3,2,2,2,1,1,3,3,2,2,2,1,1,3,3,2,2,2,1,1
4779,3,3,3,4,3,3,2,3,3,3,4,3,3,2,3,3,3,4,3,3,2
4780,0,0,1,0,0,0,0,0,0,1,0,0,0,0,0,0,1,0,0,0,0
4781,0,0,0,0,0,0,6,0,0,0,0,0,0,6,0,0,0,0,0,0,6
4782,0,0,0,0,0,0,0,0,0,0,0,0,0,0,0,0,0,0,0,0,0
4783,1,1,1,0,0,0,0,1,1,1,0,0,0,0,1,1,1,0,0,0,0
4784,3,6,0,0,3,5,0,3,6,0,0,3,5,0,3,6,0,0,3,5,0
4785,0,0,0,0,0,0,0,0,0,0,0,0,0,0,0,0,0,0,0,0,0
4786,0,0,0,0,0,0,0,0,0,0,0,0,0,0,0,0,0,0,0,0,0
4787,0,0,0,0,0,0,0,0,0,0,0,0,0,0,0,0,0,0,0,0,0
4788,1,1,1,1,0,1,1,1,1,1,1,0,1,1,1,1,1,1,0,1,1
4789,0,0,0,0,0,0,0,0,0,0,0,0,0,0,0,0,0,0,0,0,0
4790,0,0,1,1,0,0,0,0,0,1,1,0,0,0,0,0,1,1,0,0,0
4791,1,1,1,1,1,1,1,1,1,1,1,1,1,1,1,1,1,1,1,1,1
4792,0,0,0,0,0,0,0,0,0,0,0,0,0,0,0,0,0,0,0,0,0
4793,2,1,1,1,1,1,1,2,1,1,1,1,1,1,2,1,1,1,1,1,1
4794,0,0,0,0,0,0,0,0,0,0,0,0,0,0,0,0,0,0,0,0,0
4795,0,0,0,0,0,0,0,0,0,0,0,0,0,0,0,0,0,0,0,0,0
4796,0,0,0,0,0,0,0,0,0,0,0,0,0,0,0,0,0,0,0,0,0
4797,115,127,133,122,106,93,97,115,127,133,122,106,93,97,115,127,133,122,106,93,97
4798,100,126,133,122,106,96,92,100,126,133,122,106,96,92,100,126,133,122,106,96,92
4799,98,116,106,81,69,58,74,98,116,106,81,69,58,74,98,116,106,81,69,58,74
4800,116,127,133,122,106,96,97,116,127,133,122,106,96,97,116,127,133,122,106,96,97
4801,115,127,133,113,97,85,95,115,127,133,113,97,85,95,115,127,133,113,97,85,95
4802,0,0,0,0,0,0,0,0,0,0,0,0,0,0,0,0,0,0,0,0,0
4803,1,1,2,1,1,1,1,1,1,2,1,1,1,1,1,1,2,1,1,1,1
4804,2,1,2,1,1,1,1,2,1,2,1,1,1,1,2,1,2,1,1,1,1
4805,34,37,41,41,36,30,30,34,37,41,41,36,30,30,34,37,41,41,36,30,30
4806,3,3,4,3,3,2,2,3,3,4,3,3,2,2,3,3,4,3,3,2,2
4807,0,1,1,1,1,1,1,0,1,1,1,1,1,1,0,1,1,1,1,1,1
4808,0,0,0,0,1,1,1,0,0,0,0,1,1,1,0,0,0,0,1,1,1
4809,27,37,48,41,30,23,19,27,37,48,41,30,23,19,27,37,48,41,30,23,19
4810,0,0,0,0,0,0,0,0,0,0,0,0,0,0,0,0,0,0,0,0,0
4811,1,1,2,1,1,1,1,1,1,2,1,1,1,1,1,1,2,1,1,1,1
4812,2,2,2,2,2,2,2,2,2,2,2,2,2,2,2,2,2,2,2,2,2
4813,0,0,0,0,0,0,0,0,0,0,0,0,0,0,0,0,0,0,0,0,0
4814,2,3,2,2,2,2,2,2,3,2,2,2,2,2,2,3,2,2,2,2,2
4815,22,25,25,24,21,19,20,22,25,25,24,21,19,20,22,25,25,24,21,19,20
4816,1,2,2,2,2,1,1,1,2,2,2,2,1,1,1,2,2,2,2,1,1
4817,1,1,1,1,1,1,1,1,1,1,1,1,1,1,1,1,1,1,1,1,1
4818,0,0,0,0,0,0,0,0,0,0,0,0,0,0,0,0,0,0,0,0,0
4819,0,0,0,0,0,0,0,0,0,0,0,0,0,0,0,0,0,0,0,0,0
4820,0,1,0,0,0,0,0,0,1,0,0,0,0,0,0,1,0,0,0,0,0
4821,0,0,0,0,0,0,0,0,0,0,0,0,0,0,0,0,0,0,0,0,0
4822,0,0,0,0,0,0,0,0,0,0,0,0,0,0,0,0,0,0,0,0,0
4823,1,1,1,1,0,1,1,1,1,1,1,0,1,1,1,1,1,1,0,1,1
4824,0,0,0,0,0,0,0,0,0,0,0,0,0,0,0,0,0,0,0,0,0
4825,0,0,0,0,0,0,0,0,0,0,0,0,0,0,0,0,0,0,0,0,0
4826,0,0,0,0,0,0,0,0,0,0,0,0,0,0,0,0,0,0,0,0,0
4827,33,31,28,27,25,26,28,33,31,28,27,25,26,28,33,31,28,27,25,26,28
4828,0,0,0,0,0,0,0,0,0,0,0,0,0,0,0,0,0,0,0,0,0
4829,0,0,0,0,0,0,0,0,0,0,0,0,0,0,0,0,0,0,0,0,0
4830,1,1,1,2,1,1,1,1,1,1,2,1,1,1,1,1,1,2,1,1,1
4831,5,6,5,5,4,4,4,5,6,5,5,4,4,4,5,6,5,5,4,4,4
4832,2,3,2,3,2,2,2,2,3,2,3,2,2,2,2,3,2,3,2,2,2
4833,11,10,9,7,7,7,7,11,10,9,7,7,7,7,11,10,9,7,7,7,7
4834,0,0,0,0,0,0,0,0,0,0,0,0,0,0,0,0,0,0,0,0,0
4835,11,12,12,11,11,10,10,11,12,12,11,11,10,10,11,12,12,11,11,10,10
4836,8,9,11,10,8,7,6,8,9,11,10,8,7,6,8,9,11,10,8,7,6
4837,2,2,2,2,2,1,1,2,2,2,2,2,1,1,2,2,2,2,2,1,1
4838,9,9,9,8,8,7,7,9,9,9,8,8,7,7,9,9,9,8,8,7,7
4839,78,88,87,77,65,57,62,78,88,87,77,65,57,62,78,88,87,77,65,57,62
4840,21,23,23,19,17,17,17,21,23,23,19,17,17,17,21,23,23,19,17,17,17
4841,0,0,0,0,0,0,0,0,0,0,0,0,0,0,0,0,0,0,0,0,0
4842,12,13,14,12,10,10,10,12,13,14,12,10,10,10,12,13,14,12,10,10,10
4843,77,82,83,75,69,62,63,77,82,83,75,69,62,63,77,82,83,75,69,62,63
4844,3,3,3,3,3,2,2,3,3,3,3,3,2,2,3,3,3,3,3,2,2
4845,23,23,22,22,20,18,19,23,23,22,22,20,18,19,23,23,22,22,20,18,19
4846,1,1,1,1,1,1,1,1,1,1,1,1,1,1,1,1,1,1,1,1,1
4847,2,2,3,4,3,3,2,2,2,3,4,3,3,2,2,2,3,4,3,3,2
4848,5,6,7,8,7,5,5,5,6,7,8,7,5,5,5,6,7,8,7,5,5
4849,1,1,3,4,3,1,0,1,1,3,4,3,1,0,1,1,3,4,3,1,0
4850,2,2,3,2,3,2,2,2,2,3,2,3,2,2,2,2,3,2,3,2,2
4851,30,32,29,27,23,23,23,30,32,29,27,23,23,23,30,32,29,27,23,23,23
4852,1,1,1,0,0,1,0,1,1,1,0,0,1,0,1,1,1,0,0,1,0
4853,1,2,1,2,2,2,1,1,2,1,2,2,2,1,1,2,1,2,2,2,1
4854,0,0,0,0,0,0,0,0,0,0,0,0,0,0,0,0,0,0,0,0,0
4855,0,0,0,0,0,0,0,0,0,0,0,0,0,0,0,0,0,0,0,0,0
4856,5,5,5,4,4,3,3,5,5,5,4,4,3,3,5,5,5,4,4,3,3
4857,0,1,1,1,0,0,0,0,1,1,1,0,0,0,0,1,1,1,0,0,0
4858,0,0,0,0,1,0,0,0,0,0,0,1,0,0,0,0,0,0,1,0,0
4859,0,0,0,0,0,0,0,0,0,0,0,0,0,0,0,0,0,0,0,0,0
4860,1,0,0,0,0,0,1,1,0,0,0,0,0,1,1,0,0,0,0,0,1
4861,0,0,0,0,0,0,0,0,0,0,0,0,0,0,0,0,0,0,0,0,0
4862,0,0,0,0,0,0,0,0,0,0,0,0,0,0,0,0,0,0,0,0,0
4863,0,0,0,0,0,0,0,0,0,0,0,0,0,0,0,0,0,0,0,0,0
4864,1,1,1,1,1,1,1,1,1,1,1,1,1,1,1,1,1,1,1,1,1
4865,1,2,2,2,1,1,1,1,2,2,2,1,1,1,1,2,2,2,1,1,1
4866,0,1,1,0,0,0,0,0,1,1,0,0,0,0,0,1,1,0,0,0,0
4867,1,1,1,1,1,1,1,1,1,1,1,1,1,1,1,1,1,1,1,1,1
4868,1,1,1,1,1,1,1,1,1,1,1,1,1,1,1,1,1,1,1,1,1
4869,1,1,1,1,1,1,1,1,1,1,1,1,1,1,1,1,1,1,1,1,1
4870,3,4,4,4,3,3,3,3,4,4,4,3,3,3,3,4,4,4,3,3,3
4871,1,1,1,1,1,1,1,1,1,1,1,1,1,1,1,1,1,1,1,1,1
4872,116,127,133,122,106,96,97,116,127,133,122,106,96,97,116,127,133,122,106,96,97
4873,13,16,15,9,8,5,8,13,16,15,9,8,5,8,13,16,15,9,8,5,8
4874,3,4,4,4,3,3,3,3,4,4,4,3,3,3,3,4,4,4,3,3,3
4875,0,0,0,0,0,0,0,0,0,0,0,0,0,0,0,0,0,0,0,0,0
4876,0,0,0,0,0,0,0,0,0,0,0,0,0,0,0,0,0,0,0,0,0
4877,4,5,5,3,3,3,3,4,5,5,3,3,3,3,4,5,5,3,3,3,3
4878,0,0,0,0,0,0,0,0,0,0,0,0,0,0,0,0,0,0,0,0,0
4879,1,1,1,1,1,1,1,1,1,1,1,1,1,1,1,1,1,1,1,1,1
4880,2,2,2,1,1,2,2,2,2,2,1,1,2,2,2,2,2,1,1,2,2
4881,0,0,0,0,0,0,0,0,0,0,0,0,0,0,0,0,0,0,0,0,0
4882,1,0,1,0,0,0,1,1,0,1,0,0,0,1,1,0,1,0,0,0,1
4883,0,1,1,1,1,1,0,0,1,1,1,1,1,0,0,1,1,1,1,1,0
4884,5,5,6,5,5,4,4,5,5,6,5,5,4,4,5,5,6,5,5,4,4
4885,0,0,0,0,0,0,0,0,0,0,0,0,0,0,0,0,0,0,0,0,0
4886,0,0,0,0,0,0,0,0,0,0,0,0,0,0,0,0,0,0,0,0,0
4887,0,0,0,0,0,0,0,0,0,0,0,0,0,0,0,0,0,0,0,0,0
4888,0,0,0,0,0,0,0,0,0,0,0,0,0,0,0,0,0,0,0,0,0
4889,0,0,0,0,0,0,0,0,0,0,0,0,0,0,0,0,0,0,0,0,0
4890,0,0,0,0,0,0,0,0,0,0,0,0,0,0,0,0,0,0,0,0,0
4891,0,0,0,0,0,0,0,0,0,0,0,0,0,0,0,0,0,0,0,0,0
4892,0,0,0,0,0,0,0,0,0,0,0,0,0,0,0,0,0,0,0,0,0
4893,8,9,8,6,6,7,8,8,9,8,6,6,7,8,8,9,8,6,6,7,8
4894,0,0,0,0,0,0,0,0,0,0,0,0,0,0,0,0,0,0,0,0,0
4895,0,0,0,0,0,0,0,0,0,0,0,0,0,0,0,0,0,0,0,0,0
4896,0,0,0,0,0,0,0,0,0,0,0,0,0,0,0,0,0,0,0,0,0
4897,0,0,0,0,0,0,0,0,0,0,0,0,0,0,0,0,0,0,0,0,0
4898,0,0,0,0,0,0,0,0,0,0,0,0,0,0,0,0,0,0,0,0,0
4899,4,4,5,4,3,2,2,4,4,5,4,3,2,2,4,4,5,4,3,2,2
4900,0,0,0,0,0,0,0,0,0,0,0,0,0,0,0,0,0,0,0,0,0
4901,9,10,10,9,7,6,6,9,10,10,9,7,6,6,9,10,10,9,7,6,6
4902,8,9,8,7,6,5,5,8,9,8,7,6,5,5,8,9,8,7,6,5,5
4903,5,6,6,5,4,3,3,5,6,6,5,4,3,3,5,6,6,5,4,3,3
4904,4,5,5,5,4,3,3,4,5,5,5,4,3,3,4,5,5,5,4,3,3
4905,5,6,6,6,5,4,4,5,6,6,6,5,4,4,5,6,6,6,5,4,4
4906,3,4,4,4,3,2,2,3,4,4,4,3,2,2,3,4,4,4,3,2,2
4907,9,10,10,9,7,6,7,9,10,10,9,7,6,7,9,10,10,9,7,6,7
4908,3,4,4,4,3,2,2,3,4,4,4,3,2,2,3,4,4,4,3,2,2
4909,8,8,8,7,5,5,5,8,8,8,7,5,5,5,8,8,8,7,5,5,5
4910,4,4,5,4,3,3,3,4,4,5,4,3,3,3,4,4,5,4,3,3,3
4911,3,3,3,3,2,2,2,3,3,3,3,2,2,2,3,3,3,3,2,2,2
4912,5,6,6,5,4,4,4,5,6,6,5,4,4,4,5,6,6,5,4,4,4
4913,4,5,6,4,3,3,3,4,5,6,4,3,3,3,4,5,6,4,3,3,3
4914,4,5,5,4,3,2,2,4,5,5,4,3,2,2,4,5,5,4,3,2,2
4915,3,4,4,4,3,2,2,3,4,4,4,3,2,2,3,4,4,4,3,2,2
4916,2,3,3,3,2,2,1,2,3,3,3,2,2,1,2,3,3,3,2,2,1
4917,4,4,4,4,4,3,3,4,4,4,4,4,3,3,4,4,4,4,4,3,3
4918,6,8,8,7,5,4,4,6,8,8,7,5,4,4,6,8,8,7,5,4,4
4919,8,8,9,8,7,6,6,8,8,9,8,7,6,6,8,8,9,8,7,6,6
4920,5,6,6,5,4,3,3,5,6,6,5,4,3,3,5,6,6,5,4,3,3
4921,4,4,4,4,3,3,3,4,4,4,4,3,3,3,4,4,4,4,3,3,3
4922,8,9,10,9,7,6,6,8,9,10,9,7,6,6,8,9,10,9,7,6,6
4923,3,3,3,3,3,2,2,3,3,3,3,3,2,2,3,3,3,3,3,2,2
4924,6,7,7,6,5,5,5,6,7,7,6,5,5,5,6,7,7,6,5,5,5
4925,4,5,5,5,4,3,3,4,5,5,5,4,3,3,4,5,5,5,4,3,3
4926,0,0,0,0,0,0,0,0,0,0,0,0,0,0,0,0,0,0,0,0,0
4927,0,1,0,0,0,0,0,0,1,0,0,0,0,0,0,1,0,0,0,0,0
4928,10,10,9,7,5,7,9,10,10,9,7,5,7,9,10,10,9,7,5,7,9
4929,1,1,1,1,1,1,1,1,1,1,1,1,1,1,1,1,1,1,1,1,1
4930,6,7,7,6,5,5,5,6,7,7,6,5,5,5,6,7,7,6,5,5,5
4931,3,6,5,4,3,3,3,3,6,5,4,3,3,3,3,6,5,4,3,3,3
4932,0,0,0,1,1,0,0,0,0,0,1,1,0,0,0,0,0,1,1,0,0
4933,0,0,0,0,1,1,0,0,0,0,0,1,1,0,0,0,0,0,1,1,0
4934,0,0,0,0,0,0,0,0,0,0,0,0,0,0,0,0,0,0,0,0,0
4935,8,9,10,10,10,9,8,8,9,10,10,10,9,8,8,9,10,10,10,9,8
4936,0,0,0,0,0,0,0,0,0,0,0,0,0,0,0,0,0,0,0,0,0
4937,0,0,0,0,0,0,0,0,0,0,0,0,0,0,0,0,0,0,0,0,0
4938,0,0,0,0,0,0,0,0,0,0,0,0,0,0,0,0,0,0,0,0,0
4939,0,0,0,0,0,0,0,0,0,0,0,0,0,0,0,0,0,0,0,0,0
4940,0,0,0,0,0,0,0,0,0,0,0,0,0,0,0,0,0,0,0,0,0
4941,7,6,7,7,7,6,5,7,6,7,7,7,6,5,7,6,7,7,7,6,5
4942,0,0,0,0,0,0,0,0,0,0,0,0,0,0,0,0,0,0,0,0,0
4943,0,0,0,0,0,0,0,0,0,0,0,0,0,0,0,0,0,0,0,0,0
4944,0,0,0,0,0,0,0,0,0,0,0,0,0,0,0,0,0,0,0,0,0
4945,0,0,0,0,0,0,0,0,0,0,0,0,0,0,0,0,0,0,0,0,0
4946,1,1,1,1,1,1,1,1,1,1,1,1,1,1,1,1,1,1,1,1,1
4947,25,28,28,27,23,23,20,25,28,28,27,23,23,20,25,28,28,27,23,23,20
4948,0,1,1,1,1,0,0,0,1,1,1,1,0,0,0,1,1,1,1,0,0
4949,4,5,5,4,4,3,3,4,5,5,4,4,3,3,4,5,5,4,4,3,3
4950,110,127,130,122,106,96,95,110,127,130,122,106,96,95,110,127,130,122,106,96,95
4951,5,5,6,6,5,5,4,5,5,6,6,5,5,4,5,5,6,6,5,5,4
4952,3,4,3,3,2,2,2,3,4,3,3,2,2,2,3,4,3,3,2,2,2
4953,3,4,4,4,3,3,2,3,4,4,4,3,3,2,3,4,4,4,3,3,2
4954,5,6,6,5,4,4,4,5,6,6,5,4,4,4,5,6,6,5,4,4,4
4955,0,0,0,0,0,0,0,0,0,0,0,0,0,0,0,0,0,0,0,0,0
4956,0,0,0,0,0,0,0,0,0,0,0,0,0,0,0,0,0,0,0,0,0
4957,5,5,5,5,5,4,4,5,5,5,5,5,4,4,5,5,5,5,5,4,4
4958,3,2,2,3,3,2,2,3,2,2,3,3,2,2,3,2,2,3,3,2,2
4959,1,1,2,2,2,1,1,1,1,2,2,2,1,1,1,1,2,2,2,1,1
4960,5,5,5,6,6,4,4,5,5,5,6,6,4,4,5,5,5,6,6,4,4
4961,4,4,4,3,3,2,3,4,4,4,3,3,2,3,4,4,4,3,3,2,3
4962,0,0,0,0,0,0,0,0,0,0,0,0,0,0,0,0,0,0,0,0,0
4963,0,0,0,0,0,0,0,0,0,0,0,0,0,0,0,0,0,0,0,0,0
4964,0,0,0,0,0,0,0,0,0,0,0,0,0,0,0,0,0,0,0,0,0
4965,1,0,0,0,0,1,1,1,0,0,0,0,1,1,1,0,0,0,0,1,1
4966,0,0,0,0,0,0,0,0,0,0,0,0,0,0,0,0,0,0,0,0,0
4967,0,0,0,0,0,0,0,0,0,0,0,0,0,0,0,0,0,0,0,0,0
4968,0,0,0,0,0,0,0,0,0,0,0,0,0,0,0,0,0,0,0,0,0
4969,0,0,0,0,0,0,0,0,0,0,0,0,0,0,0,0,0,0,0,0,0
4970,25,26,32,31,27,25,23,25,26,32,31,27,25,23,25,26,32,31,27,25,23
4971,17,19,18,20,19,13,17,17,19,18,20,19,13,17,17,19,18,20,19,13,17
4972,0,0,0,0,0,0,0,0,0,0,0,0,0,0,0,0,0,0,0,0,0
4973,0,0,0,0,0,0,0,0,0,0,0,0,0,0,0,0,0,0,0,0,0
4974,2,2,3,2,2,2,2,2,2,3,2,2,2,2,2,2,3,2,2,2,2
4975,4,5,6,6,5,4,4,4,5,6,6,5,4,4,4,5,6,6,5,4,4
4976,4,5,5,5,5,4,4,4,5,5,5,5,4,4,4,5,5,5,5,4,4
4977,1,1,1,1,1,0,0,1,1,1,1,1,0,0,1,1,1,1,1,0,0
4978,0,0,0,0,0,0,0,0,0,0,0,0,0,0,0,0,0,0,0,0,0
4979,0,0,0,0,0,0,0,0,0,0,0,0,0,0,0,0,0,0,0,0,0
4980,1,1,1,2,3,2,2,1,1,1,2,3,2,2,1,1,1,2,3,2,2
4981,1,1,1,1,1,1,1,1,1,1,1,1,1,1,1,1,1,1,1,1,1
4982,0,0,0,0,0,0,0,0,0,0,0,0,0,0,0,0,0,0,0,0,0
4983,16,26,30,36,29,22,11,16,26,30,36,29,22,11,16,26,30,36,29,22,11
4984,0,0,0,0,0,0,0,0,0,0,0,0,0,0,0,0,0,0,0,0,0
4985,0,1,1,0,0,0,0,0,1,1,0,0,0,0,0,1,1,0,0,0,0
4986,0,0,0,0,0,0,0,0,0,0,0,0,0,0,0,0,0,0,0,0,0
4987,0,0,0,0,0,0,0,0,0,0,0,0,0,0,0,0,0,0,0,0,0
4988,7,7,7,5,5,5,5,7,7,7,5,5,5,5,7,7,7,5,5,5,5
4989,0,0,0,0,0,0,0,0,0,0,0,0,0,0,0,0,0,0,0,0,0
4990,0,0,0,0,0,0,0,0,0,0,0,0,0,0,0,0,0,0,0,0,0
4991,1,1,2,2,1,1,1,1,1,2,2,1,1,1,1,1,2,2,1,1,1
4992,1,1,1,0,1,1,1,1,1,1,0,1,1,1,1,1,1,0,1,1,1
4993,27,31,32,22,14,15,18,27,31,32,22,14,15,18,27,31,32,22,14,15,18
4994,7,9,10,9,9,6,6,7,9,10,9,9,6,6,7,9,10,9,9,6,6
4995,0,0,0,0,0,0,0,0,0,0,0,0,0,0,0,0,0,0,0,0,0
4996,0,0,0,0,0,0,0,0,0,0,0,0,0,0,0,0,0,0,0,0,0
4997,0,0,0,0,0,0,0,0,0,0,0,0,0,0,0,0,0,0,0,0,0
4998,1,1,1,1,1,1,1,1,1,1,1,1,1,1,1,1,1,1,1,1,1
4999,0,0,0,0,0,0,0,0,0,0,0,0,0,0,0,0,0,0,0,0,0
5000,1,1,1,1,1,1,0,1,1,1,1,1,1,0,1,1,1,1,1,1,0
5001,0,0,0,0,0,0,0,0,0,0,0,0,0,0,0,0,0,0,0,0,0
5002,2,2,2,2,1,2,2,2,2,2,2,1,2,2,2,2,2,2,1,2,2
5003,1,1,1,1,1,1,0,1,1,1,1,1,1,0,1,1,1,1,1,1,0
5004,4,5,5,5,4,4,4,4,5,5,5,4,4,4,4,5,5,5,4,4,4
5005,1,1,1,1,1,1,1,1,1,1,1,1,1,1,1,1,1,1,1,1,1
5006,14,15,16,14,12,11,10,14,15,16,14,12,11,10,14,15,16,14,12,11,10
5007,7,7,8,7,6,5,5,7,7,8,7,6,5,5,7,7,8,7,6,5,5
5008,2,2,2,2,2,2,1,2,2,2,2,2,2,1,2,2,2,2,2,2,1
5009,53,55,54,51,47,42,42,53,55,54,51,47,42,42,53,55,54,51,47,42,42
5010,33,34,30,26,22,22,24,33,34,30,26,22,22,24,33,34,30,26,22,22,24
5011,3,3,3,3,3,3,3,3,3,3,3,3,3,3,3,3,3,3,3,3,3
5012,0,0,0,0,0,0,0,0,0,0,0,0,0,0,0,0,0,0,0,0,0
5013,35,40,41,38,33,29,30,35,40,41,38,33,29,30,35,40,41,38,33,29,30
5014,8,7,8,8,7,6,6,8,7,8,8,7,6,6,8,7,8,8,7,6,6
5015,2,2,2,2,1,1,1,2,2,2,2,1,1,1,2,2,2,2,1,1,1
5016,2,2,2,2,2,1,1,2,2,2,2,2,1,1,2,2,2,2,2,1,1
5017,3,4,4,3,3,3,3,3,4,4,3,3,3,3,3,4,4,3,3,3,3
5018,5,6,6,5,5,4,4,5,6,6,5,5,4,4,5,6,6,5,5,4,4
5019,21,21,21,20,16,15,15,21,21,21,20,16,15,15,21,21,21,20,16,15,15
5020,8,9,8,8,7,6,6,8,9,8,8,7,6,6,8,9,8,8,7,6,6
5021,10,10,10,9,9,8,7,10,10,10,9,9,8,7,10,10,10,9,9,8,7
5022,6,7,7,6,6,6,5,6,7,7,6,6,6,5,6,7,7,6,6,6,5
5023,3,3,3,2,2,2,2,3,3,3,2,2,2,2,3,3,3,2,2,2,2
5024,0,0,0,0,0,0,0,0,0,0,0,0,0,0,0,0,0,0,0,0,0
5025,8,9,9,8,8,6,6,8,9,9,8,8,6,6,8,9,9,8,8,6,6
5026,0,0,0,0,0,0,0,0,0,0,0,0,0,0,0,0,0,0,0,0,0
5027,0,1,1,1,0,0,0,0,1,1,1,0,0,0,0,1,1,1,0,0,0
5028,0,0,0,0,0,0,0,0,0,0,0,0,0,0,0,0,0,0,0,0,0
5029,0,0,0,0,0,0,0,0,0,0,0,0,0,0,0,0,0,0,0,0,0
5030,0,0,0,0,0,0,0,0,0,0,0,0,0,0,0,0,0,0,0,0,0
5031,10,15,8,8,8,14,25,10,15,8,8,8,14,25,10,15,8,8,8,14,25
5032,0,0,0,0,0,0,0,0,0,0,0,0,0,0,0,0,0,0,0,0,0
5033,18,15,16,17,17,16,16,18,15,16,17,17,16,16,18,15,16,17,17,16,16
5034,0,0,0,0,0,0,0,0,0,0,0,0,0,0,0,0,0,0,0,0,0
5035,0,0,0,0,0,0,0,0,0,0,0,0,0,0,0,0,0,0,0,0,0
5036,0,0,0,0,0,0,0,0,0,0,0,0,0,0,0,0,0,0,0,0,0
5037,32,31,30,26,23,23,24,32,31,30,26,23,23,24,32,31,30,26,23,23,24
5038,32,43,47,43,31,23,22,32,43,47,43,31,23,22,32,43,47,43,31,23,22
5039,14,21,22,21,17,13,12,14,21,22,21,17,13,12,14,21,22,21,17,13,12
5040,116,127,133,122,106,96,97,116,127,133,122,106,96,97,116,127,133,122,106,96,97
5041,28,48,55,53,29,19,18,28,48,55,53,29,19,18,28,48,55,53,29,19,18
5042,39,44,48,42,34,26,28,39,44,48,42,34,26,28,39,44,48,42,34,26,28
5043,116,127,133,122,106,96,97,116,127,133,122,106,96,97,116,127,133,122,106,96,97
5044,115,127,133,122,106,84,83,115,127,133,122,106,84,83,115,127,133,122,106,84,83
5045,116,127,133,122,106,96,97,116,127,133,122,106,96,97,116,127,133,122,106,96,97
5046,3,4,5,5,3,3,2,3,4,5,5,3,3,2,3,4,5,5,3,3,2
5047,116,127,133,122,106,96,97,116,127,133,122,106,96,97,116,127,133,122,106,96,97
5048,20,27,30,31,27,19,16,20,27,30,31,27,19,16,20,27,30,31,27,19,16
5049,42,54,59,61,53,37,33,42,54,59,61,53,37,33,42,54,59,61,53,37,33
5050,43,58,62,63,41,31,27,43,58,62,63,41,31,27,43,58,62,63,41,31,27
5051,116,127,133,122,106,96,97,116,127,133,122,106,96,97,116,127,133,122,106,96,97
5052,49,52,56,56,52,42,41,49,52,56,56,52,42,41,49,52,56,56,52,42,41
5053,4,5,6,5,3,3,2,4,5,6,5,3,3,2,4,5,6,5,3,3,2
5054,115,127,133,122,106,85,92,115,127,133,122,106,85,92,115,127,133,122,106,85,92
5055,9,12,13,12,13,9,8,9,12,13,12,13,9,8,9,12,13,12,13,9,8
5056,25,24,27,26,20,17,16,25,24,27,26,20,17,16,25,24,27,26,20,17,16
5057,48,59,59,55,40,32,39,48,59,59,55,40,32,39,48,59,59,55,40,32,39
5058,113,126,133,120,101,79,71,113,126,133,120,101,79,71,113,126,133,120,101,79,71
5059,21,23,28,27,20,19,21,21,23,28,27,20,19,21,21,23,28,27,20,19,21
5060,106,79,80,65,50,51,80,106,79,80,65,50,51,80,106,79,80,65,50,51,80
5061,5,7,7,8,6,4,3,5,7,7,8,6,4,3,5,7,7,8,6,4,3
5062,85,94,95,83,73,71,71,85,94,95,83,73,71,71,85,94,95,83,73,71,71
5063,30,35,33,34,30,26,26,30,35,33,34,30,26,26,30,35,33,34,30,26,26
5064,7,9,9,7,6,6,5,7,9,9,7,6,6,5,7,9,9,7,6,6,5
5065,2,2,1,2,2,1,2,2,2,1,2,2,1,2,2,2,1,2,2,1,2
5066,3,4,4,3,1,1,1,3,4,4,3,1,1,1,3,4,4,3,1,1,1
5067,0,0,0,0,0,0,0,0,0,0,0,0,0,0,0,0,0,0,0,0,0
5068,75,76,73,69,60,49,46,75,76,73,69,60,49,46,75,76,73,69,60,49,46
5069,5,6,6,5,3,3,4,5,6,6,5,3,3,4,5,6,6,5,3,3,4
5070,0,0,0,0,0,0,0,0,0,0,0,0,0,0,0,0,0,0,0,0,0
5071,29,0,0,0,0,0,1,29,0,0,0,0,0,1,29,0,0,0,0,0,1
5072,7,1,1,0,1,1,0,7,1,1,0,1,1,0,7,1,1,0,1,1,0
5073,0,0,0,0,0,0,0,0,0,0,0,0,0,0,0,0,0,0,0,0,0
5074,7,8,9,8,7,6,6,7,8,9,8,7,6,6,7,8,9,8,7,6,6
5075,1,0,0,1,0,0,0,1,0,0,1,0,0,0,1,0,0,1,0,0,0
5076,5,4,3,4,2,2,3,5,4,3,4,2,2,3,5,4,3,4,2,2,3
5077,0,0,0,0,0,0,0,0,0,0,0,0,0,0,0,0,0,0,0,0,0
5078,36,39,40,38,36,31,30,36,39,40,38,36,31,30,36,39,40,38,36,31,30
5079,0,0,0,0,0,0,0,0,0,0,0,0,0,0,0,0,0,0,0,0,0
5080,4,4,3,3,3,3,3,4,4,3,3,3,3,3,4,4,3,3,3,3,3
5081,7,8,9,8,7,6,6,7,8,9,8,7,6,6,7,8,9,8,7,6,6
5082,1,1,1,1,1,1,1,1,1,1,1,1,1,1,1,1,1,1,1,1,1
5083,1,1,1,1,1,1,1,1,1,1,1,1,1,1,1,1,1,1,1,1,1
5084,4,3,4,4,3,3,3,4,3,4,4,3,3,3,4,3,4,4,3,3,3
5085,1,1,1,1,1,1,1,1,1,1,1,1,1,1,1,1,1,1,1,1,1
5086,0,0,0,0,0,0,0,0,0,0,0,0,0,0,0,0,0,0,0,0,0
5087,0,0,0,0,0,0,0,0,0,0,0,0,0,0,0,0,0,0,0,0,0
5088,0,0,0,0,0,0,0,0,0,0,0,0,0,0,0,0,0,0,0,0,0
5089,0,0,0,0,0,0,0,0,0,0,0,0,0,0,0,0,0,0,0,0,0
5090,0,0,0,0,0,0,0,0,0,0,0,0,0,0,0,0,0,0,0,0,0
5091,7,8,8,7,6,5,5,7,8,8,7,6,5,5,7,8,8,7,6,5,5
5092,6,7,8,8,7,5,5,6,7,8,8,7,5,5,6,7,8,8,7,5,5
5093,3,4,4,4,4,3,3,3,4,4,4,4,3,3,3,4,4,4,4,3,3
5094,2,4,4,3,2,2,2,2,4,4,3,2,2,2,2,4,4,3,2,2,2
5095,35,39,38,36,32,29,29,35,39,38,36,32,29,29,35,39,38,36,32,29,29
5096,27,32,28,27,22,20,22,27,32,28,27,22,20,22,27,32,28,27,22,20,22
5097,1,2,2,2,3,2,2,1,2,2,2,3,2,2,1,2,2,2,3,2,2
5098,8,8,9,8,7,6,6,8,8,9,8,7,6,6,8,8,9,8,7,6,6
5099,3,4,4,4,4,3,2,3,4,4,4,4,3,2,3,4,4,4,4,3,2
5100,3,3,3,3,3,3,3,3,3,3,3,3,3,3,3,3,3,3,3,3,3
5101,4,4,4,4,4,3,3,4,4,4,4,4,3,3,4,4,4,4,4,3,3
5102,14,15,17,15,14,12,11,14,15,17,15,14,12,11,14,15,17,15,14,12,11
5103,6,8,8,7,5,4,4,6,8,8,7,5,4,4,6,8,8,7,5,4,4
5104,58,70,66,52,45,45,44,58,70,66,52,45,45,44,58,70,66,52,45,45,44
5105,5,6,7,6,5,4,4,5,6,7,6,5,4,4,5,6,7,6,5,4,4
5106,3,3,4,4,3,3,3,3,3,4,4,3,3,3,3,3,4,4,3,3,3
5107,25,30,31,31,27,21,21,25,30,31,31,27,21,21,25,30,31,31,27,21,21
5108,116,127,133,122,106,96,97,116,127,133,122,106,96,97,116,127,133,122,106,96,97
5109,19,23,23,21,18,15,14,19,23,23,21,18,15,14,19,23,23,21,18,15,14
5110,10,13,12,13,9,9,9,10,13,12,13,9,9,9,10,13,12,13,9,9,9
5111,24,23,26,19,17,18,19,24,23,26,19,17,18,19,24,23,26,19,17,18,19
5112,8,7,8,7,7,7,7,8,7,8,7,7,7,7,8,7,8,7,7,7,7
5113,36,30,35,49,37,27,22,36,30,35,49,37,27,22,36,30,35,49,37,27,22
5114,51,58,56,51,49,44,45,51,58,56,51,49,44,45,51,58,56,51,49,44,45
5115,1,2,3,4,3,2,1,1,2,3,4,3,2,1,1,2,3,4,3,2,1
5116,8,9,9,9,8,8,7,8,9,9,9,8,8,7,8,9,9,9,8,8,7
5117,13,13,13,11,10,9,10,13,13,13,11,10,9,10,13,13,13,11,10,9,10
5118,9,9,9,7,7,7,6,9,9,9,7,7,7,6,9,9,9,7,7,7,6
5119,1,1,2,1,1,1,1,1,1,2,1,1,1,1,1,1,2,1,1,1,1
5120,11,11,11,10,9,9,9,11,11,11,10,9,9,9,11,11,11,10,9,9,9
5121,39,47,45,39,36,34,35,39,47,45,39,36,34,35,39,47,45,39,36,34,35
5122,0,0,0,0,0,0,0,0,0,0,0,0,0,0,0,0,0,0,0,0,0
5123,41,48,49,47,41,35,34,41,48,49,47,41,35,34,41,48,49,47,41,35,34
5124,16,18,17,17,14,11,11,16,18,17,17,14,11,11,16,18,17,17,14,11,11
5125,11,13,14,12,10,8,9,11,13,14,12,10,8,9,11,13,14,12,10,8,9
5126,7,10,10,9,7,6,6,7,10,10,9,7,6,6,7,10,10,9,7,6,6
5127,13,13,15,13,11,10,11,13,13,15,13,11,10,11,13,13,15,13,11,10,11
5128,12,13,16,12,12,11,10,12,13,16,12,12,11,10,12,13,16,12,12,11,10
5129,1,1,1,1,1,1,1,1,1,1,1,1,1,1,1,1,1,1,1,1,1
5130,0,0,0,0,0,0,0,0,0,0,0,0,0,0,0,0,0,0,0,0,0
5131,33,41,39,33,31,33,34,33,41,39,33,31,33,34,33,41,39,33,31,33,34
5132,14,15,16,13,12,10,11,14,15,16,13,12,10,11,14,15,16,13,12,10,11
5133,69,83,83,68,62,59,58,69,83,83,68,62,59,58,69,83,83,68,62,59,58
5134,57,50,50,47,43,39,47,57,50,50,47,43,39,47,57,50,50,47,43,39,47
5135,49,53,56,51,42,38,40,49,53,56,51,42,38,40,49,53,56,51,42,38,40
5136,1,1,1,1,1,1,1,1,1,1,1,1,1,1,1,1,1,1,1,1,1
5137,5,6,7,6,5,5,4,5,6,7,6,5,5,4,5,6,7,6,5,5,4
5138,13,13,13,12,10,10,11,13,13,13,12,10,10,11,13,13,13,12,10,10,11
5139,18,20,24,19,16,15,15,18,20,24,19,16,15,15,18,20,24,19,16,15,15
5140,2,2,2,1,1,1,2,2,2,2,1,1,1,2,2,2,2,1,1,1,2
5141,10,11,12,9,8,7,7,10,11,12,9,8,7,7,10,11,12,9,8,7,7
5142,2,1,1,1,1,1,1,2,1,1,1,1,1,1,2,1,1,1,1,1,1
5143,4,5,4,4,4,3,3,4,5,4,4,4,3,3,4,5,4,4,4,3,3
5144,10,11,7,6,7,7,8,10,11,7,6,7,7,8,10,11,7,6,7,7,8
5145,6,6,7,6,6,5,6,6,6,7,6,6,5,6,6,6,7,6,6,5,6
5146,3,3,3,2,2,2,2,3,3,3,2,2,2,2,3,3,3,2,2,2,2
5147,15,15,16,13,13,13,12,15,15,16,13,13,13,12,15,15,16,13,13,13,12
5148,0,1,1,1,1,0,0,0,1,1,1,1,0,0,0,1,1,1,1,0,0
5149,0,0,0,0,0,0,0,0,0,0,0,0,0,0,0,0,0,0,0,0,0
5150,0,0,0,0,0,0,0,0,0,0,0,0,0,0,0,0,0,0,0,0,0
5151,0,0,0,0,0,0,0,0,0,0,0,0,0,0,0,0,0,0,0,0,0
5152,0,0,0,0,0,0,0,0,0,0,0,0,0,0,0,0,0,0,0,0,0
5153,0,0,0,0,0,0,0,0,0,0,0,0,0,0,0,0,0,0,0,0,0
5154,0,0,0,0,0,0,0,0,0,0,0,0,0,0,0,0,0,0,0,0,0
5155,0,0,0,0,0,0,0,0,0,0,0,0,0,0,0,0,0,0,0,0,0
5156,1,1,1,1,0,1,1,1,1,1,1,0,1,1,1,1,1,1,0,1,1
5157,0,0,0,0,0,0,0,0,0,0,0,0,0,0,0,0,0,0,0,0,0
5158,0,0,0,0,0,0,0,0,0,0,0,0,0,0,0,0,0,0,0,0,0
5159,0,0,0,0,0,0,0,0,0,0,0,0,0,0,0,0,0,0,0,0,0
5160,0,0,0,0,0,0,0,0,0,0,0,0,0,0,0,0,0,0,0,0,0
5161,0,0,0,0,0,0,0,0,0,0,0,0,0,0,0,0,0,0,0,0,0
5162,0,0,0,0,0,0,0,0,0,0,0,0,0,0,0,0,0,0,0,0,0
5163,22,23,23,22,19,17,18,22,23,23,22,19,17,18,22,23,23,22,19,17,18
5164,16,18,19,19,16,14,12,16,18,19,19,16,14,12,16,18,19,19,16,14,12
5165,68,72,72,68,61,54,54,68,72,72,68,61,54,54,68,72,72,68,61,54,54
5166,16,20,22,21,18,15,13,16,20,22,21,18,15,13,16,20,22,21,18,15,13
5167,4,5,5,4,3,3,3,4,5,5,4,3,3,3,4,5,5,4,3,3,3
5168,3,3,3,3,3,3,2,3,3,3,3,3,3,2,3,3,3,3,3,3,2
5169,7,8,8,8,7,6,6,7,8,8,8,7,6,6,7,8,8,8,7,6,6
5170,0,0,0,0,0,0,0,0,0,0,0,0,0,0,0,0,0,0,0,0,0
5171,5,5,5,5,3,3,3,5,5,5,5,3,3,3,5,5,5,5,3,3,3
5172,7,7,9,8,7,3,3,7,7,9,8,7,3,3,7,7,9,8,7,3,3
5173,81,84,83,75,66,63,69,81,84,83,75,66,63,69,81,84,83,75,66,63,69
5174,116,127,133,122,106,96,97,116,127,133,122,106,96,97,116,127,133,122,106,96,97
5175,2,2,2,2,2,1,1,2,2,2,2,2,1,1,2,2,2,2,2,1,1
5176,0,0,0,0,0,0,0,0,0,0,0,0,0,0,0,0,0,0,0,0,0
5177,0,0,0,0,0,0,0,0,0,0,0,0,0,0,0,0,0,0,0,0,0
5178,1,1,1,1,1,1,1,1,1,1,1,1,1,1,1,1,1,1,1,1,1
5179,0,1,1,1,0,0,0,0,1,1,1,0,0,0,0,1,1,1,0,0,0
5180,4,4,4,4,4,4,3,4,4,4,4,4,4,3,4,4,4,4,4,4,3
5181,5,7,7,6,5,4,4,5,7,7,6,5,4,4,5,7,7,6,5,4,4
5182,0,1,1,1,0,0,0,0,1,1,1,0,0,0,0,1,1,1,0,0,0
5183,0,0,0,0,0,0,0,0,0,0,0,0,0,0,0,0,0,0,0,0,0
5184,19,19,20,17,18,15,12,19,19,20,17,18,15,12,19,19,20,17,18,15,12
5185,0,0,0,0,0,0,0,0,0,0,0,0,0,0,0,0,0,0,0,0,0
5186,0,0,0,0,0,1,0,0,0,0,0,0,1,0,0,0,0,0,0,1,0
5187,0,0,0,0,0,0,0,0,0,0,0,0,0,0,0,0,0,0,0,0,0
5188,0,0,0,0,0,0,0,0,0,0,0,0,0,0,0,0,0,0,0,0,0
5189,0,0,0,0,0,0,0,0,0,0,0,0,0,0,0,0,0,0,0,0,0
5190,0,0,0,0,0,0,0,0,0,0,0,0,0,0,0,0,0,0,0,0,0
5191,112,62,64,63,52,43,92,112,62,64,63,52,43,92,112,62,64,63,52,43,92
5192,0,0,0,0,0,0,0,0,0,0,0,0,0,0,0,0,0,0,0,0,0
5193,0,0,0,0,0,0,0,0,0,0,0,0,0,0,0,0,0,0,0,0,0
5194,0,0,0,0,0,0,0,0,0,0,0,0,0,0,0,0,0,0,0,0,0
5195,1,1,1,1,1,2,1,1,1,1,1,1,2,1,1,1,1,1,1,2,1
5196,7,7,8,9,8,7,6,7,7,8,9,8,7,6,7,7,8,9,8,7,6
5197,0,0,0,0,0,0,0,0,0,0,0,0,0,0,0,0,0,0,0,0,0
5198,0,0,0,0,0,0,0,0,0,0,0,0,0,0,0,0,0,0,0,0,0
5199,0,0,0,0,0,0,0,0,0,0,0,0,0,0,0,0,0,0,0,0,0
5200,0,0,0,0,0,0,0,0,0,0,0,0,0,0,0,0,0,0,0,0,0
5201,0,0,0,0,0,0,0,0,0,0,0,0,0,0,0,0,0,0,0,0,0
5202,0,0,0,0,0,0,0,0,0,0,0,0,0,0,0,0,0,0,0,0,0
5203,1,1,1,1,1,1,1,1,1,1,1,1,1,1,1,1,1,1,1,1,1
5204,0,0,0,0,0,0,0,0,0,0,0,0,0,0,0,0,0,0,0,0,0
5205,0,0,0,0,0,0,0,0,0,0,0,0,0,0,0,0,0,0,0,0,0
5206,3,3,3,3,3,3,2,3,3,3,3,3,3,2,3,3,3,3,3,3,2
5207,1,1,1,1,1,1,1,1,1,1,1,1,1,1,1,1,1,1,1,1,1
5208,4,4,4,4,3,3,3,4,4,4,4,3,3,3,4,4,4,4,3,3,3
5209,0,0,0,0,0,0,0,0,0,0,0,0,0,0,0,0,0,0,0,0,0
5210,0,0,0,0,0,0,0,0,0,0,0,0,0,0,0,0,0,0,0,0,0
5211,0,0,0,0,0,0,0,0,0,0,0,0,0,0,0,0,0,0,0,0,0
5212,0,0,0,0,0,0,0,0,0,0,0,0,0,0,0,0,0,0,0,0,0
5213,0,0,0,1,0,0,0,0,0,0,1,0,0,0,0,0,0,1,0,0,0
5214,0,0,0,0,0,0,0,0,0,0,0,0,0,0,0,0,0,0,0,0,0
5215,0,0,0,0,0,0,0,0,0,0,0,0,0,0,0,0,0,0,0,0,0
5216,0,0,0,0,0,0,0,0,0,0,0,0,0,0,0,0,0,0,0,0,0
5217,0,0,0,0,0,0,0,0,0,0,0,0,0,0,0,0,0,0,0,0,0
5218,0,0,0,0,0,0,0,0,0,0,0,0,0,0,0,0,0,0,0,0,0
5219,2,2,2,1,2,2,2,2,2,2,1,2,2,2,2,2,2,1,2,2,2
5220,1,1,1,1,1,1,1,1,1,1,1,1,1,1,1,1,1,1,1,1,1
5221,14,15,15,14,12,11,11,14,15,15,14,12,11,11,14,15,15,14,12,11,11
5222,6,7,8,7,6,5,5,6,7,8,7,6,5,5,6,7,8,7,6,5,5
5223,6,6,6,5,4,5,5,6,6,6,5,4,5,5,6,6,6,5,4,5,5
5224,0,0,0,0,0,0,0,0,0,0,0,0,0,0,0,0,0,0,0,0,0
5225,0,0,0,0,0,0,0,0,0,0,0,0,0,0,0,0,0,0,0,0,0
5226,0,0,0,0,0,0,0,0,0,0,0,0,0,0,0,0,0,0,0,0,0
5227,5,5,6,4,3,4,4,5,5,6,4,3,4,4,5,5,6,4,3,4,4
5228,1,1,1,1,1,0,1,1,1,1,1,1,0,1,1,1,1,1,1,0,1
5229,8,10,9,13,11,9,9,8,10,9,13,11,9,9,8,10,9,13,11,9,9
5230,14,15,13,9,7,11,12,14,15,13,9,7,11,12,14,15,13,9,7,11,12
5231,7,8,8,7,6,5,5,7,8,8,7,6,5,5,7,8,8,7,6,5,5
5232,0,0,0,0,0,0,0,0,0,0,0,0,0,0,0,0,0,0,0,0,0
5233,0,0,0,0,0,0,0,0,0,0,0,0,0,0,0,0,0,0,0,0,0
5234,0,0,0,0,0,0,0,0,0,0,0,0,0,0,0,0,0,0,0,0,0
5235,9,10,12,10,10,8,7,9,10,12,10,10,8,7,9,10,12,10,10,8,7
5236,11,12,11,10,10,9,9,11,12,11,10,10,9,9,11,12,11,10,10,9,9
5237,1,0,0,0,0,0,0,1,0,0,0,0,0,0,1,0,0,0,0,0,0
5238,2,2,1,2,2,2,3,2,2,1,2,2,2,3,2,2,1,2,2,2,3
5239,3,3,3,2,3,3,2,3,3,3,2,3,3,2,3,3,3,2,3,3,2
5240,65,72,75,65,46,50,56,65,72,75,65,46,50,56,65,72,75,65,46,50,56
5241,4,5,6,3,3,2,2,4,5,6,3,3,2,2,4,5,6,3,3,2,2
5242,28,31,35,33,25,22,23,28,31,35,33,25,22,23,28,31,35,33,25,22,23
5243,9,9,9,9,9,9,7,9,9,9,9,9,9,7,9,9,9,9,9,9,7
5244,9,10,11,10,9,7,6,9,10,11,10,9,7,6,9,10,11,10,9,7,6
5245,33,36,30,23,20,20,18,33,36,30,23,20,20,18,33,36,30,23,20,20,18
5246,5,8,9,8,7,4,4,5,8,9,8,7,4,4,5,8,9,8,7,4,4
5247,1,1,1,1,1,1,1,1,1,1,1,1,1,1,1,1,1,1,1,1,1
5248,5,5,4,9,11,10,7,5,5,4,9,11,10,7,5,5,4,9,11,10,7
5249,60,89,98,84,73,56,39,60,89,98,84,73,56,39,60,89,98,84,73,56,39
5250,2,2,3,3,2,2,1,2,2,3,3,2,2,1,2,2,3,3,2,2,1
5251,0,0,0,0,0,0,0,0,0,0,0,0,0,0,0,0,0,0,0,0,0
5252,0,0,0,0,0,0,0,0,0,0,0,0,0,0,0,0,0,0,0,0,0
5253,1,1,1,1,1,1,0,1,1,1,1,1,1,0,1,1,1,1,1,1,0
5254,1,1,0,0,0,0,0,1,1,0,0,0,0,0,1,1,0,0,0,0,0
5255,0,0,0,0,0,0,0,0,0,0,0,0,0,0,0,0,0,0,0,0,0
5256,0,0,0,0,0,0,0,0,0,0,0,0,0,0,0,0,0,0,0,0,0
5257,0,1,1,1,1,0,0,0,1,1,1,1,0,0,0,1,1,1,1,0,0
5258,0,0,0,1,0,0,0,0,0,0,1,0,0,0,0,0,0,1,0,0,0
5259,0,0,0,1,0,0,0,0,0,0,1,0,0,0,0,0,0,1,0,0,0
5260,0,0,0,0,0,0,0,0,0,0,0,0,0,0,0,0,0,0,0,0,0
5261,6,6,6,8,5,5,4,6,6,6,8,5,5,4,6,6,6,8,5,5,4
5262,35,40,41,39,33,31,30,35,40,41,39,33,31,30,35,40,41,39,33,31,30
5263,24,24,24,24,22,19,18,24,24,24,24,22,19,18,24,24,24,24,22,19,18
5264,1,1,1,1,1,1,1,1,1,1,1,1,1,1,1,1,1,1,1,1,1
5265,2,2,2,2,2,1,1,2,2,2,2,2,1,1,2,2,2,2,2,1,1
5266,72,76,77,66,54,51,57,72,76,77,66,54,51,57,72,76,77,66,54,51,57
5267,116,127,133,122,106,96,97,116,127,133,122,106,96,97,116,127,133,122,106,96,97
5268,93,89,84,70,65,65,71,93,89,84,70,65,65,71,93,89,84,70,65,65,71
5269,0,0,0,0,0,0,0,0,0,0,0,0,0,0,0,0,0,0,0,0,0
5270,2,2,2,3,2,2,2,2,2,2,3,2,2,2,2,2,2,3,2,2,2
5271,0,0,0,0,0,0,0,0,0,0,0,0,0,0,0,0,0,0,0,0,0
5272,0,0,0,0,0,0,0,0,0,0,0,0,0,0,0,0,0,0,0,0,0
5273,0,0,0,0,0,0,0,0,0,0,0,0,0,0,0,0,0,0,0,0,0
5274,0,0,0,0,0,0,0,0,0,0,0,0,0,0,0,0,0,0,0,0,0
5275,0,0,0,0,0,0,0,0,0,0,0,0,0,0,0,0,0,0,0,0,0
5276,0,0,0,0,0,0,0,0,0,0,0,0,0,0,0,0,0,0,0,0,0
5277,0,0,0,0,0,0,0,0,0,0,0,0,0,0,0,0,0,0,0,0,0
5278,9,11,11,10,9,7,8,9,11,11,10,9,7,8,9,11,11,10,9,7,8
5279,31,34,35,32,28,23,23,31,34,35,32,28,23,23,31,34,35,32,28,23,23
5280,17,19,20,21,18,15,14,17,19,20,21,18,15,14,17,19,20,21,18,15,14
5281,4,5,5,5,4,3,3,4,5,5,5,4,3,3,4,5,5,5,4,3,3
5282,15,19,20,18,16,13,13,15,19,20,18,16,13,13,15,19,20,18,16,13,13
5283,11,13,14,12,11,9,9,11,13,14,12,11,9,9,11,13,14,12,11,9,9
5284,3,3,3,4,4,3,3,3,3,3,4,4,3,3,3,3,3,4,4,3,3
5285,58,68,73,67,58,47,46,58,68,73,67,58,47,46,58,68,73,67,58,47,46
5286,10,11,12,11,10,8,8,10,11,12,11,10,8,8,10,11,12,11,10,8,8
5287,62,71,72,67,61,50,48,62,71,72,67,61,50,48,62,71,72,67,61,50,48
5288,90,108,114,108,91,76,74,90,108,114,108,91,76,74,90,108,114,108,91,76,74
5289,27,32,34,31,27,23,22,27,32,34,31,27,23,22,27,32,34,31,27,23,22
5290,23,26,28,27,23,19,19,23,26,28,27,23,19,19,23,26,28,27,23,19,19
5291,4,4,5,5,4,4,3,4,4,5,5,4,4,3,4,4,5,5,4,4,3
5292,21,23,25,24,21,17,17,21,23,25,24,21,17,17,21,23,25,24,21,17,17
5293,21,24,25,23,20,16,17,21,24,25,23,20,16,17,21,24,25,23,20,16,17
5294,7,7,7,7,5,5,5,7,7,7,7,5,5,5,7,7,7,7,5,5,5
5295,10,9,10,9,7,6,6,10,9,10,9,7,6,6,10,9,10,9,7,6,6
5296,11,10,10,10,9,7,7,11,10,10,10,9,7,7,11,10,10,10,9,7,7
5297,0,0,0,0,0,0,0,0,0,0,0,0,0,0,0,0,0,0,0,0,0
5298,10,12,14,15,13,9,8,10,12,14,15,13,9,8,10,12,14,15,13,9,8
5299,3,3,4,4,3,3,2,3,3,4,4,3,3,2,3,3,4,4,3,3,2
5300,3,4,4,5,4,3,3,3,4,4,5,4,3,3,3,4,4,5,4,3,3
5301,15,13,16,15,16,12,12,15,13,16,15,16,12,12,15,13,16,15,16,12,12
5302,1,1,1,1,1,1,1,1,1,1,1,1,1,1,1,1,1,1,1,1,1
5303,1,0,0,0,0,1,1,1,0,0,0,0,1,1,1,0,0,0,0,1,1
5304,0,0,0,0,0,0,0,0,0,0,0,0,0,0,0,0,0,0,0,0,0
5305,0,0,0,0,0,0,0,0,0,0,0,0,0,0,0,0,0,0,0,0,0
5306,1,1,0,1,1,1,1,1,1,0,1,1,1,1,1,1,0,1,1,1,1
5307,0,0,0,0,0,0,0,0,0,0,0,0,0,0,0,0,0,0,0,0,0
5308,0,0,0,0,0,0,0,0,0,0,0,0,0,0,0,0,0,0,0,0,0
5309,0,0,0,0,0,0,0,0,0,0,0,0,0,0,0,0,0,0,0,0,0
5310,0,0,0,0,1,1,1,0,0,0,0,1,1,1,0,0,0,0,1,1,1
5311,0,0,0,0,0,0,0,0,0,0,0,0,0,0,0,0,0,0,0,0,0
5312,1,2,2,3,2,1,1,1,2,2,3,2,1,1,1,2,2,3,2,1,1
5313,0,0,0,0,0,0,0,0,0,0,0,0,0,0,0,0,0,0,0,0,0
5314,0,0,0,0,0,0,0,0,0,0,0,0,0,0,0,0,0,0,0,0,0
5315,0,0,1,1,1,1,0,0,0,1,1,1,1,0,0,0,1,1,1,1,0
5316,4,4,4,4,3,3,3,4,4,4,4,3,3,3,4,4,4,4,3,3,3
5317,1,1,1,1,1,1,1,1,1,1,1,1,1,1,1,1,1,1,1,1,1
5318,1,0,1,1,1,1,1,1,0,1,1,1,1,1,1,0,1,1,1,1,1
5319,0,0,0,0,0,0,0,0,0,0,0,0,0,0,0,0,0,0,0,0,0
5320,0,0,0,0,0,0,0,0,0,0,0,0,0,0,0,0,0,0,0,0,0
5321,1,1,1,1,1,1,1,1,1,1,1,1,1,1,1,1,1,1,1,1,1
5322,0,0,0,0,0,0,0,0,0,0,0,0,0,0,0,0,0,0,0,0,0
5323,4,4,5,4,4,3,3,4,4,5,4,4,3,3,4,4,5,4,4,3,3
5324,5,5,4,3,3,4,3,5,5,4,3,3,4,3,5,5,4,3,3,4,3
5325,0,0,0,0,0,0,0,0,0,0,0,0,0,0,0,0,0,0,0,0,0
5326,0,0,0,0,0,0,0,0,0,0,0,0,0,0,0,0,0,0,0,0,0
5327,0,0,0,0,0,0,0,0,0,0,0,0,0,0,0,0,0,0,0,0,0
5328,0,0,0,0,0,0,0,0,0,0,0,0,0,0,0,0,0,0,0,0,0
5329,0,0,0,0,0,0,0,0,0,0,0,0,0,0,0,0,0,0,0,0,0
5330,1,2,2,3,3,2,1,1,2,2,3,3,2,1,1,2,2,3,3,2,1
5331,4,5,6,6,6,4,4,4,5,6,6,6,4,4,4,5,6,6,6,4,4
5332,1,1,0,0,2,1,1,1,1,0,0,2,1,1,1,1,0,0,2,1,1
5333,18,21,21,19,17,15,15,18,21,21,19,17,15,15,18,21,21,19,17,15,15
5334,5,6,6,6,5,5,5,5,6,6,6,5,5,5,5,6,6,6,5,5,5
5335,24,25,25,22,17,17,18,24,25,25,22,17,17,18,24,25,25,22,17,17,18
5336,0,1,1,1,0,0,0,0,1,1,1,0,0,0,0,1,1,1,0,0,0
5337,7,7,8,7,6,6,6,7,7,8,7,6,6,6,7,7,8,7,6,6,6
5338,0,0,0,0,0,0,0,0,0,0,0,0,0,0,0,0,0,0,0,0,0
5339,8,8,8,7,7,6,6,8,8,8,7,7,6,6,8,8,8,7,7,6,6
5340,4,3,3,3,2,3,3,4,3,3,3,2,3,3,4,3,3,3,2,3,3
5341,7,7,8,7,6,5,5,7,7,8,7,6,5,5,7,7,8,7,6,5,5
5342,0,0,0,0,0,0,0,0,0,0,0,0,0,0,0,0,0,0,0,0,0
5343,0,0,0,0,0,0,0,0,0,0,0,0,0,0,0,0,0,0,0,0,0
5344,1,1,1,1,1,1,1,1,1,1,1,1,1,1,1,1,1,1,1,1,1
5345,0,0,0,0,0,0,0,0,0,0,0,0,0,0,0,0,0,0,0,0,0
5346,0,0,0,0,0,0,0,0,0,0,0,0,0,0,0,0,0,0,0,0,0
5347,24,27,26,23,20,18,19,24,27,26,23,20,18,19,24,27,26,23,20,18,19
5348,4,4,3,3,3,3,3,4,4,3,3,3,3,3,4,4,3,3,3,3,3
5349,23,23,22,20,19,18,19,23,23,22,20,19,18,19,23,23,22,20,19,18,19
5350,31,28,21,21,21,21,22,31,28,21,21,21,21,22,31,28,21,21,21,21,22
5351,26,25,26,27,21,23,24,26,25,26,27,21,23,24,26,25,26,27,21,23,24
5352,88,90,87,75,69,64,71,88,90,87,75,69,64,71,88,90,87,75,69,64,71
5353,8,9,9,8,7,6,6,8,9,9,8,7,6,6,8,9,9,8,7,6,6
5354,82,90,91,82,71,63,69,82,90,91,82,71,63,69,82,90,91,82,71,63,69
5355,4,4,4,4,4,4,4,4,4,4,4,4,4,4,4,4,4,4,4,4,4
5356,11,11,12,11,9,9,9,11,11,12,11,9,9,9,11,11,12,11,9,9,9
5357,14,15,13,11,10,11,13,14,15,13,11,10,11,13,14,15,13,11,10,11,13
5358,4,4,4,3,2,2,3,4,4,4,3,2,2,3,4,4,4,3,2,2,3
5359,13,14,13,12,10,10,11,13,14,13,12,10,10,11,13,14,13,12,10,10,11
5360,28,28,30,27,25,22,22,28,28,30,27,25,22,22,28,28,30,27,25,22,22
5361,0,0,0,0,0,0,0,0,0,0,0,0,0,0,0,0,0,0,0,0,0
5362,0,0,0,0,0,0,0,0,0,0,0,0,0,0,0,0,0,0,0,0,0
5363,0,0,0,0,0,0,0,0,0,0,0,0,0,0,0,0,0,0,0,0,0
5364,37,39,39,35,32,30,30,37,39,39,35,32,30,30,37,39,39,35,32,30,30
5365,0,0,0,0,0,0,0,0,0,0,0,0,0,0,0,0,0,0,0,0,0
5366,0,0,0,0,0,0,0,0,0,0,0,0,0,0,0,0,0,0,0,0,0
5367,5,4,4,4,3,4,5,5,4,4,4,3,4,5,5,4,4,4,3,4,5
5368,2,2,2,2,2,2,2,2,2,2,2,2,2,2,2,2,2,2,2,2,2
5369,1,1,1,1,1,2,1,1,1,1,1,1,2,1,1,1,1,1,1,2,1
5370,2,2,2,2,2,2,2,2,2,2,2,2,2,2,2,2,2,2,2,2,2
5371,0,0,0,0,0,0,0,0,0,0,0,0,0,0,0,0,0,0,0,0,0
5372,1,1,1,1,1,1,1,1,1,1,1,1,1,1,1,1,1,1,1,1,1
5373,1,0,0,0,0,0,0,1,0,0,0,0,0,0,1,0,0,0,0,0,0
5374,0,0,0,0,0,0,0,0,0,0,0,0,0,0,0,0,0,0,0,0,0
5375,0,0,0,0,0,0,0,0,0,0,0,0,0,0,0,0,0,0,0,0,0
5376,0,0,0,0,0,0,1,0,0,0,0,0,0,1,0,0,0,0,0,0,1
5377,0,0,0,0,0,0,0,0,0,0,0,0,0,0,0,0,0,0,0,0,0
5378,0,0,0,0,0,0,0,0,0,0,0,0,0,0,0,0,0,0,0,0,0
5379,0,0,0,0,0,0,0,0,0,0,0,0,0,0,0,0,0,0,0,0,0
5380,0,0,0,0,0,0,0,0,0,0,0,0,0,0,0,0,0,0,0,0,0
5381,0,0,0,0,0,0,0,0,0,0,0,0,0,0,0,0,0,0,0,0,0
5382,0,0,0,0,0,0,0,0,0,0,0,0,0,0,0,0,0,0,0,0,0
5383,0,0,0,0,0,0,0,0,0,0,0,0,0,0,0,0,0,0,0,0,0
5384,0,0,0,0,0,0,0,0,0,0,0,0,0,0,0,0,0,0,0,0,0
5385,0,0,0,0,0,0,0,0,0,0,0,0,0,0,0,0,0,0,0,0,0
5386,0,0,0,0,0,0,0,0,0,0,0,0,0,0,0,0,0,0,0,0,0
5387,0,0,0,0,0,0,0,0,0,0,0,0,0,0,0,0,0,0,0,0,0
5388,0,0,0,0,0,0,0,0,0,0,0,0,0,0,0,0,0,0,0,0,0
5389,0,0,0,0,0,0,0,0,0,0,0,0,0,0,0,0,0,0,0,0,0
5390,0,0,0,0,0,0,0,0,0,0,0,0,0,0,0,0,0,0,0,0,0
5391,2,2,2,2,2,1,1,2,2,2,2,2,1,1,2,2,2,2,2,1,1
5392,0,0,0,0,0,0,0,0,0,0,0,0,0,0,0,0,0,0,0,0,0
5393,0,0,0,0,0,0,0,0,0,0,0,0,0,0,0,0,0,0,0,0,0
5394,0,0,0,0,0,0,0,0,0,0,0,0,0,0,0,0,0,0,0,0,0
5395,0,0,0,0,0,0,0,0,0,0,0,0,0,0,0,0,0,0,0,0,0
5396,0,0,0,0,0,0,0,0,0,0,0,0,0,0,0,0,0,0,0,0,0
5397,1,0,1,1,0,0,0,1,0,1,1,0,0,0,1,0,1,1,0,0,0
5398,0,1,1,0,0,0,0,0,1,1,0,0,0,0,0,1,1,0,0,0,0
5399,0,0,0,0,0,0,0,0,0,0,0,0,0,0,0,0,0,0,0,0,0
5400,1,1,1,1,1,1,1,1,1,1,1,1,1,1,1,1,1,1,1,1,1
5401,1,1,1,1,1,1,1,1,1,1,1,1,1,1,1,1,1,1,1,1,1
5402,1,1,1,1,1,0,1,1,1,1,1,1,0,1,1,1,1,1,1,0,1
5403,0,0,0,0,0,0,0,0,0,0,0,0,0,0,0,0,0,0,0,0,0
5404,0,0,0,0,0,0,0,0,0,0,0,0,0,0,0,0,0,0,0,0,0
5405,1,1,1,0,0,0,0,1,1,1,0,0,0,0,1,1,1,0,0,0,0
5406,0,0,0,0,0,0,0,0,0,0,0,0,0,0,0,0,0,0,0,0,0
5407,4,5,6,6,5,3,3,4,5,6,6,5,3,3,4,5,6,6,5,3,3
5408,0,0,0,0,0,0,0,0,0,0,0,0,0,0,0,0,0,0,0,0,0
5409,1,1,1,1,1,1,1,1,1,1,1,1,1,1,1,1,1,1,1,1,1
5410,1,1,1,1,1,1,1,1,1,1,1,1,1,1,1,1,1,1,1,1,1
5411,0,0,0,0,0,0,0,0,0,0,0,0,0,0,0,0,0,0,0,0,0
5412,0,0,0,0,0,0,0,0,0,0,0,0,0,0,0,0,0,0,0,0,0
5413,0,0,0,0,0,0,0,0,0,0,0,0,0,0,0,0,0,0,0,0,0
5414,0,0,0,0,0,0,0,0,0,0,0,0,0,0,0,0,0,0,0,0,0
5415,0,0,0,0,0,0,0,0,0,0,0,0,0,0,0,0,0,0,0,0,0
5416,5,5,5,4,4,4,4,5,5,5,4,4,4,4,5,5,5,4,4,4,4
5417,7,9,7,9,8,8,8,7,9,7,9,8,8,8,7,9,7,9,8,8,8
5418,2,2,2,2,2,2,2,2,2,2,2,2,2,2,2,2,2,2,2,2,2
5419,2,2,2,2,2,2,2,2,2,2,2,2,2,2,2,2,2,2,2,2,2
5420,1,1,1,1,1,1,1,1,1,1,1,1,1,1,1,1,1,1,1,1,1
5421,0,0,0,0,0,0,0,0,0,0,0,0,0,0,0,0,0,0,0,0,0
5422,6,5,4,4,4,4,6,6,5,4,4,4,4,6,6,5,4,4,4,4,6
5423,0,0,0,0,0,0,0,0,0,0,0,0,0,0,0,0,0,0,0,0,0
5424,10,12,13,11,10,8,8,10,12,13,11,10,8,8,10,12,13,11,10,8,8
5425,0,0,0,0,0,0,0,0,0,0,0,0,0,0,0,0,0,0,0,0,0
5426,1,2,3,3,3,2,2,1,2,3,3,3,2,2,1,2,3,3,3,2,2
5427,11,16,16,14,13,10,9,11,16,16,14,13,10,9,11,16,16,14,13,10,9
5428,2,3,3,3,2,2,2,2,3,3,3,2,2,2,2,3,3,3,2,2,2
5429,0,0,0,0,0,0,0,0,0,0,0,0,0,0,0,0,0,0,0,0,0
5430,0,0,0,0,0,0,0,0,0,0,0,0,0,0,0,0,0,0,0,0,0
5431,2,2,2,1,1,1,1,2,2,2,1,1,1,1,2,2,2,1,1,1,1
5432,0,0,0,0,0,0,0,0,0,0,0,0,0,0,0,0,0,0,0,0,0
5433,1,1,1,1,2,1,1,1,1,1,1,2,1,1,1,1,1,1,2,1,1
5434,0,0,0,0,0,0,0,0,0,0,0,0,0,0,0,0,0,0,0,0,0
5435,0,0,0,0,0,0,0,0,0,0,0,0,0,0,0,0,0,0,0,0,0
5436,0,0,0,0,1,1,0,0,0,0,0,1,1,0,0,0,0,0,1,1,0
5437,0,0,0,0,0,0,0,0,0,0,0,0,0,0,0,0,0,0,0,0,0
5438,0,0,0,0,0,0,0,0,0,0,0,0,0,0,0,0,0,0,0,0,0
5439,0,0,0,0,0,0,0,0,0,0,0,0,0,0,0,0,0,0,0,0,0
5440,0,0,0,0,0,0,0,0,0,0,0,0,0,0,0,0,0,0,0,0,0
5441,0,0,0,0,0,0,0,0,0,0,0,0,0,0,0,0,0,0,0,0,0
5442,0,0,0,0,0,0,0,0,0,0,0,0,0,0,0,0,0,0,0,0,0
5443,0,0,0,0,0,0,0,0,0,0,0,0,0,0,0,0,0,0,0,0,0
5444,0,0,0,0,0,0,0,0,0,0,0,0,0,0,0,0,0,0,0,0,0
5445,5,6,6,6,6,5,5,5,6,6,6,6,5,5,5,6,6,6,6,5,5
5446,0,0,0,0,0,0,0,0,0,0,0,0,0,0,0,0,0,0,0,0,0
5447,1,1,1,1,1,1,1,1,1,1,1,1,1,1,1,1,1,1,1,1,1
5448,0,0,0,0,0,0,0,0,0,0,0,0,0,0,0,0,0,0,0,0,0
5449,0,0,0,0,0,0,0,0,0,0,0,0,0,0,0,0,0,0,0,0,0
5450,4,5,5,4,4,3,3,4,5,5,4,4,3,3,4,5,5,4,4,3,3
5451,5,5,5,5,4,4,4,5,5,5,5,4,4,4,5,5,5,5,4,4,4
5452,0,0,0,0,0,0,0,0,0,0,0,0,0,0,0,0,0,0,0,0,0
5453,4,5,6,7,6,5,5,4,5,6,7,6,5,5,4,5,6,7,6,5,5
5454,2,3,3,4,4,4,2,2,3,3,4,4,4,2,2,3,3,4,4,4,2
5455,1,1,1,1,1,1,1,1,1,1,1,1,1,1,1,1,1,1,1,1,1
5456,3,3,3,3,3,3,3,3,3,3,3,3,3,3,3,3,3,3,3,3,3
5457,0,1,0,0,0,1,1,0,1,0,0,0,1,1,0,1,0,0,0,1,1
5458,0,0,0,0,0,0,0,0,0,0,0,0,0,0,0,0,0,0,0,0,0
5459,0,0,0,0,0,0,0,0,0,0,0,0,0,0,0,0,0,0,0,0,0
5460,0,0,0,0,0,0,0,0,0,0,0,0,0,0,0,0,0,0,0,0,0
5461,0,0,0,0,0,0,0,0,0,0,0,0,0,0,0,0,0,0,0,0,0
5462,0,0,0,0,0,0,0,0,0,0,0,0,0,0,0,0,0,0,0,0,0
5463,10,11,11,11,12,11,11,10,11,11,11,12,11,11,10,11,11,11,12,11,11
5464,16,18,16,14,8,8,10,16,18,16,14,8,8,10,16,18,16,14,8,8,10
5465,0,0,0,0,0,0,0,0,0,0,0,0,0,0,0,0,0,0,0,0,0
5466,0,0,0,0,0,0,0,0,0,0,0,0,0,0,0,0,0,0,0,0,0
5467,0,0,0,0,0,0,0,0,0,0,0,0,0,0,0,0,0,0,0,0,0
5468,27,29,26,26,23,18,19,27,29,26,26,23,18,19,27,29,26,26,23,18,19
5469,1,0,1,1,1,1,1,1,0,1,1,1,1,1,1,0,1,1,1,1,1
5470,0,1,1,1,0,0,0,0,1,1,1,0,0,0,0,1,1,1,0,0,0
5471,1,1,1,1,1,0,0,1,1,1,1,1,0,0,1,1,1,1,1,0,0
5472,0,0,0,0,0,0,0,0,0,0,0,0,0,0,0,0,0,0,0,0,0
5473,1,1,1,1,1,1,1,1,1,1,1,1,1,1,1,1,1,1,1,1,1
5474,7,9,8,7,6,5,5,7,9,8,7,6,5,5,7,9,8,7,6,5,5
5475,0,0,0,0,0,0,0,0,0,0,0,0,0,0,0,0,0,0,0,0,0
5476,4,5,5,5,4,3,3,4,5,5,5,4,3,3,4,5,5,5,4,3,3
5477,0,0,0,0,0,0,0,0,0,0,0,0,0,0,0,0,0,0,0,0,0
5478,0,0,0,0,0,0,0,0,0,0,0,0,0,0,0,0,0,0,0,0,0
5479,17,17,17,17,12,13,15,17,17,17,17,12,13,15,17,17,17,17,12,13,15
5480,43,46,47,40,35,32,34,43,46,47,40,35,32,34,43,46,47,40,35,32,34
5481,12,12,12,10,9,9,9,12,12,12,10,9,9,9,12,12,12,10,9,9,9
5482,13,14,16,16,14,11,11,13,14,16,16,14,11,11,13,14,16,16,14,11,11
5483,2,3,3,2,2,2,2,2,3,3,2,2,2,2,2,3,3,2,2,2,2
5484,31,34,36,34,31,30,29,31,34,36,34,31,30,29,31,34,36,34,31,30,29
5485,1,2,1,2,1,1,1,1,2,1,2,1,1,1,1,2,1,2,1,1,1
5486,1,1,2,3,3,2,1,1,1,2,3,3,2,1,1,1,2,3,3,2,1
5487,0,0,1,0,0,0,0,0,0,1,0,0,0,0,0,0,1,0,0,0,0
5488,2,2,1,1,1,1,2,2,2,1,1,1,1,2,2,2,1,1,1,1,2
5489,0,0,0,0,0,0,0,0,0,0,0,0,0,0,0,0,0,0,0,0,0
5490,0,0,0,0,0,0,0,0,0,0,0,0,0,0,0,0,0,0,0,0,0
5491,0,0,0,0,0,0,0,0,0,0,0,0,0,0,0,0,0,0,0,0,0
5492,0,0,0,0,0,0,0,0,0,0,0,0,0,0,0,0,0,0,0,0,0
5493,2,3,2,2,2,2,2,2,3,2,2,2,2,2,2,3,2,2,2,2,2
5494,3,3,3,3,2,2,2,3,3,3,3,2,2,2,3,3,3,3,2,2,2
5495,1,1,1,1,1,1,1,1,1,1,1,1,1,1,1,1,1,1,1,1,1
5496,4,4,5,5,4,3,3,4,4,5,5,4,3,3,4,4,5,5,4,3,3
5497,74,81,83,78,65,57,57,74,81,83,78,65,57,57,74,81,83,78,65,57,57
5498,14,17,18,13,12,9,10,14,17,18,13,12,9,10,14,17,18,13,12,9,10
5499,7,8,8,7,7,6,6,7,8,8,7,7,6,6,7,8,8,7,7,6,6
5500,8,9,11,9,7,6,6,8,9,11,9,7,6,6,8,9,11,9,7,6,6
5501,33,36,39,36,31,27,27,33,36,39,36,31,27,27,33,36,39,36,31,27,27
5502,7,8,8,8,8,6,6,7,8,8,8,8,6,6,7,8,8,8,8,6,6
5503,32,37,39,38,32,28,27,32,37,39,38,32,28,27,32,37,39,38,32,28,27
5504,42,48,50,44,37,31,32,42,48,50,44,37,31,32,42,48,50,44,37,31,32
5505,21,24,25,23,20,18,18,21,24,25,23,20,18,18,21,24,25,23,20,18,18
5506,6,7,8,8,7,7,6,6,7,8,8,7,7,6,6,7,8,8,7,7,6
5507,9,9,9,11,10,9,8,9,9,9,11,10,9,8,9,9,9,11,10,9,8
5508,7,8,8,8,7,6,6,7,8,8,8,7,6,6,7,8,8,8,7,6,6
5509,4,5,6,6,5,4,3,4,5,6,6,5,4,3,4,5,6,6,5,4,3
5510,6,7,7,6,6,5,5,6,7,7,6,6,5,5,6,7,7,6,6,5,5
5511,0,0,0,0,0,0,0,0,0,0,0,0,0,0,0,0,0,0,0,0,0
5512,0,0,0,0,0,0,0,0,0,0,0,0,0,0,0,0,0,0,0,0,0
5513,0,0,0,0,0,0,0,0,0,0,0,0,0,0,0,0,0,0,0,0,0
5514,0,0,0,0,0,0,0,0,0,0,0,0,0,0,0,0,0,0,0,0,0
5515,0,0,0,0,0,0,0,0,0,0,0,0,0,0,0,0,0,0,0,0,0
5516,0,0,0,0,0,0,0,0,0,0,0,0,0,0,0,0,0,0,0,0,0
5517,0,0,0,0,0,0,0,0,0,0,0,0,0,0,0,0,0,0,0,0,0
5518,2,2,2,2,2,2,1,2,2,2,2,2,2,1,2,2,2,2,2,2,1
5519,1,1,1,1,1,1,1,1,1,1,1,1,1,1,1,1,1,1,1,1,1
5520,16,16,13,9,8,8,11,16,16,13,9,8,8,11,16,16,13,9,8,8,11
5521,0,0,0,0,0,0,0,0,0,0,0,0,0,0,0,0,0,0,0,0,0
5522,11,15,15,15,11,8,8,11,15,15,15,11,8,8,11,15,15,15,11,8,8
5523,7,7,7,5,4,4,7,7,7,7,5,4,4,7,7,7,7,5,4,4,7
5524,0,0,0,0,0,0,0,0,0,0,0,0,0,0,0,0,0,0,0,0,0
5525,25,23,22,17,15,16,17,25,23,22,17,15,16,17,25,23,22,17,15,16,17
5526,0,0,0,0,0,0,0,0,0,0,0,0,0,0,0,0,0,0,0,0,0
5527,4,8,9,11,7,2,2,4,8,9,11,7,2,2,4,8,9,11,7,2,2
5528,0,1,0,0,0,0,0,0,1,0,0,0,0,0,0,1,0,0,0,0,0
5529,2,2,2,3,3,3,1,2,2,2,3,3,3,1,2,2,2,3,3,3,1
5530,4,5,4,5,4,3,3,4,5,4,5,4,3,3,4,5,4,5,4,3,3
5531,0,0,0,0,0,0,0,0,0,0,0,0,0,0,0,0,0,0,0,0,0
5532,0,0,0,0,0,0,0,0,0,0,0,0,0,0,0,0,0,0,0,0,0
5533,0,0,0,0,0,0,0,0,0,0,0,0,0,0,0,0,0,0,0,0,0
5534,0,0,0,1,1,0,0,0,0,0,1,1,0,0,0,0,0,1,1,0,0
5535,0,0,0,0,0,0,0,0,0,0,0,0,0,0,0,0,0,0,0,0,0
5536,5,5,5,5,4,3,3,5,5,5,5,4,3,3,5,5,5,5,4,3,3
5537,7,11,10,9,5,4,4,7,11,10,9,5,4,4,7,11,10,9,5,4,4
5538,33,35,34,33,29,27,27,33,35,34,33,29,27,27,33,35,34,33,29,27,27
5539,4,5,5,5,4,4,4,4,5,5,5,4,4,4,4,5,5,5,4,4,4
5540,5,5,6,5,4,3,3,5,5,6,5,4,3,3,5,5,6,5,4,3,3
5541,0,0,0,0,0,0,0,0,0,0,0,0,0,0,0,0,0,0,0,0,0
5542,0,0,0,0,0,0,0,0,0,0,0,0,0,0,0,0,0,0,0,0,0
5543,5,6,6,5,4,4,4,5,6,6,5,4,4,4,5,6,6,5,4,4,4
5544,21,23,23,22,19,16,16,21,23,23,22,19,16,16,21,23,23,22,19,16,16
5545,2,2,3,2,2,1,1,2,2,3,2,2,1,1,2,2,3,2,2,1,1
5546,0,0,0,0,0,0,0,0,0,0,0,0,0,0,0,0,0,0,0,0,0
5547,0,0,0,0,0,0,0,0,0,0,0,0,0,0,0,0,0,0,0,0,0
5548,2,2,2,2,2,2,1,2,2,2,2,2,2,1,2,2,2,2,2,2,1
5549,3,4,4,4,5,5,3,3,4,4,4,5,5,3,3,4,4,4,5,5,3
5550,1,1,1,1,1,1,0,1,1,1,1,1,1,0,1,1,1,1,1,1,0
5551,4,5,4,4,4,3,4,4,5,4,4,4,3,4,4,5,4,4,4,3,4
5552,4,4,4,3,3,3,4,4,4,4,3,3,3,4,4,4,4,3,3,3,4
5553,8,7,6,6,6,6,6,8,7,6,6,6,6,6,8,7,6,6,6,6,6
5554,4,4,4,3,3,2,3,4,4,4,3,3,2,3,4,4,4,3,3,2,3
5555,23,23,20,19,17,15,18,23,23,20,19,17,15,18,23,23,20,19,17,15,18
5556,1,1,1,1,1,1,1,1,1,1,1,1,1,1,1,1,1,1,1,1,1
5557,1,1,1,1,1,2,1,1,1,1,1,1,2,1,1,1,1,1,1,2,1
5558,1,1,1,1,1,1,1,1,1,1,1,1,1,1,1,1,1,1,1,1,1
5559,0,0,0,0,0,0,0,0,0,0,0,0,0,0,0,0,0,0,0,0,0
5560,0,0,0,0,0,0,0,0,0,0,0,0,0,0,0,0,0,0,0,0,0
5561,0,0,0,0,0,0,0,0,0,0,0,0,0,0,0,0,0,0,0,0,0
5562,0,0,0,0,0,0,0,0,0,0,0,0,0,0,0,0,0,0,0,0,0
5563,0,0,0,0,0,0,0,0,0,0,0,0,0,0,0,0,0,0,0,0,0
5564,1,0,1,0,1,0,0,1,0,1,0,1,0,0,1,0,1,0,1,0,0
5565,0,0,0,0,0,0,0,0,0,0,0,0,0,0,0,0,0,0,0,0,0
5566,0,0,0,0,0,0,0,0,0,0,0,0,0,0,0,0,0,0,0,0,0
5567,0,0,0,0,0,0,0,0,0,0,0,0,0,0,0,0,0,0,0,0,0
5568,0,0,0,0,0,0,0,0,0,0,0,0,0,0,0,0,0,0,0,0,0
5569,1,2,2,2,2,1,1,1,2,2,2,2,1,1,1,2,2,2,2,1,1
5570,0,0,0,0,0,0,0,0,0,0,0,0,0,0,0,0,0,0,0,0,0
5571,0,0,0,0,0,0,0,0,0,0,0,0,0,0,0,0,0,0,0,0,0
5572,0,0,0,0,0,0,0,0,0,0,0,0,0,0,0,0,0,0,0,0,0
5573,1,1,1,1,1,1,1,1,1,1,1,1,1,1,1,1,1,1,1,1,1
5574,0,0,0,0,0,0,0,0,0,0,0,0,0,0,0,0,0,0,0,0,0
5575,0,0,0,0,0,0,0,0,0,0,0,0,0,0,0,0,0,0,0,0,0
5576,0,0,0,0,0,0,0,0,0,0,0,0,0,0,0,0,0,0,0,0,0
5577,15,15,16,13,15,11,12,15,15,16,13,15,11,12,15,15,16,13,15,11,12
5578,23,24,23,24,22,20,20,23,24,23,24,22,20,20,23,24,23,24,22,20,20
5579,0,0,0,0,0,0,0,0,0,0,0,0,0,0,0,0,0,0,0,0,0
5580,16,11,11,12,11,13,15,16,11,11,12,11,13,15,16,11,11,12,11,13,15
5581,0,0,0,0,0,0,0,0,0,0,0,0,0,0,0,0,0,0,0,0,0
5582,0,0,0,0,0,0,0,0,0,0,0,0,0,0,0,0,0,0,0,0,0
5583,0,0,0,0,0,0,0,0,0,0,0,0,0,0,0,0,0,0,0,0,0
5584,2,2,1,1,1,1,1,2,2,1,1,1,1,1,2,2,1,1,1,1,1
5585,0,0,0,0,0,0,0,0,0,0,0,0,0,0,0,0,0,0,0,0,0
5586,0,0,0,0,0,0,0,0,0,0,0,0,0,0,0,0,0,0,0,0,0
5587,0,0,0,0,0,0,0,0,0,0,0,0,0,0,0,0,0,0,0,0,0
5588,0,0,0,0,0,0,0,0,0,0,0,0,0,0,0,0,0,0,0,0,0
5589,7,7,8,8,7,6,6,7,7,8,8,7,6,6,7,7,8,8,7,6,6
5590,1,1,1,1,1,1,1,1,1,1,1,1,1,1,1,1,1,1,1,1,1
5591,0,1,0,0,0,0,0,0,1,0,0,0,0,0,0,1,0,0,0,0,0
5592,0,0,0,0,0,0,0,0,0,0,0,0,0,0,0,0,0,0,0,0,0
5593,0,0,0,0,0,0,0,0,0,0,0,0,0,0,0,0,0,0,0,0,0
5594,0,0,0,0,0,0,0,0,0,0,0,0,0,0,0,0,0,0,0,0,0
5595,0,0,0,0,0,0,0,0,0,0,0,0,0,0,0,0,0,0,0,0,0
5596,0,0,0,0,0,0,0,0,0,0,0,0,0,0,0,0,0,0,0,0,0
5597,8,8,7,6,6,7,8,8,8,7,6,6,7,8,8,8,7,6,6,7,8
5598,5,6,6,6,5,4,4,5,6,6,6,5,4,4,5,6,6,6,5,4,4
5599,0,0,0,0,0,0,0,0,0,0,0,0,0,0,0,0,0,0,0,0,0
5600,0,0,0,0,0,0,0,0,0,0,0,0,0,0,0,0,0,0,0,0,0
5601,0,0,1,0,0,0,0,0,0,1,0,0,0,0,0,0,1,0,0,0,0
5602,3,2,2,3,3,3,3,3,2,2,3,3,3,3,3,2,2,3,3,3,3
5603,0,0,0,0,0,0,0,0,0,0,0,0,0,0,0,0,0,0,0,0,0
5604,3,3,3,3,3,2,3,3,3,3,3,3,2,3,3,3,3,3,3,2,3
5605,0,0,0,0,0,0,0,0,0,0,0,0,0,0,0,0,0,0,0,0,0
5606,1,1,1,1,1,1,1,1,1,1,1,1,1,1,1,1,1,1,1,1,1
5607,4,4,5,5,4,3,3,4,4,5,5,4,3,3,4,4,5,5,4,3,3
5608,0,0,0,0,0,0,0,0,0,0,0,0,0,0,0,0,0,0,0,0,0
5609,0,0,0,0,0,0,0,0,0,0,0,0,0,0,0,0,0,0,0,0,0
5610,0,0,0,0,0,0,0,0,0,0,0,0,0,0,0,0,0,0,0,0,0
5611,87,84,86,76,73,65,65,87,84,86,76,73,65,65,87,84,86,76,73,65,65
5612,2,3,4,4,2,1,1,2,3,4,4,2,1,1,2,3,4,4,2,1,1
5613,2,2,2,2,1,2,2,2,2,2,2,1,2,2,2,2,2,2,1,2,2
5614,0,0,0,0,0,0,0,0,0,0,0,0,0,0,0,0,0,0,0,0,0
5615,0,0,0,0,0,0,0,0,0,0,0,0,0,0,0,0,0,0,0,0,0
5616,0,0,0,0,0,0,0,0,0,0,0,0,0,0,0,0,0,0,0,0,0
5617,29,28,30,23,24,22,21,29,28,30,23,24,22,21,29,28,30,23,24,22,21
5618,2,2,2,1,1,1,1,2,2,2,1,1,1,1,2,2,2,1,1,1,1
5619,69,90,75,77,51,26,28,69,90,75,77,51,26,28,69,90,75,77,51,26,28
5620,20,40,36,35,15,9,7,20,40,36,35,15,9,7,20,40,36,35,15,9,7
5621,94,121,113,112,80,52,55,94,121,113,112,80,52,55,94,121,113,112,80,52,55
5622,7,9,11,10,8,9,8,7,9,11,10,8,9,8,7,9,11,10,8,9,8
5623,9,8,8,8,8,7,8,9,8,8,8,8,7,8,9,8,8,8,8,7,8
5624,13,14,14,14,13,12,12,13,14,14,14,13,12,12,13,14,14,14,13,12,12
5625,1,1,2,2,2,1,1,1,1,2,2,2,1,1,1,1,2,2,2,1,1
5626,0,0,0,0,0,0,0,0,0,0,0,0,0,0,0,0,0,0,0,0,0
5627,0,0,0,0,0,0,0,0,0,0,0,0,0,0,0,0,0,0,0,0,0
5628,116,119,111,103,91,91,97,116,119,111,103,91,91,97,116,119,111,103,91,91,97
5629,9,9,8,7,6,6,7,9,9,8,7,6,6,7,9,9,8,7,6,6,7
5630,3,3,3,3,3,3,3,3,3,3,3,3,3,3,3,3,3,3,3,3,3
5631,1,1,1,1,1,1,1,1,1,1,1,1,1,1,1,1,1,1,1,1,1
5632,10,15,18,23,26,16,11,10,15,18,23,26,16,11,10,15,18,23,26,16,11
5633,0,0,0,0,0,0,0,0,0,0,0,0,0,0,0,0,0,0,0,0,0
5634,0,0,0,0,0,0,0,0,0,0,0,0,0,0,0,0,0,0,0,0,0
5635,1,1,1,1,1,1,1,1,1,1,1,1,1,1,1,1,1,1,1,1,1
5636,0,0,0,0,0,0,0,0,0,0,0,0,0,0,0,0,0,0,0,0,0
5637,0,0,0,0,0,0,0,0,0,0,0,0,0,0,0,0,0,0,0,0,0
5638,14,15,15,14,13,12,11,14,15,15,14,13,12,11,14,15,15,14,13,12,11
5639,1,1,1,1,1,1,1,1,1,1,1,1,1,1,1,1,1,1,1,1,1
5640,2,2,2,1,2,2,2,2,2,2,1,2,2,2,2,2,2,1,2,2,2
5641,12,16,16,17,16,13,11,12,16,16,17,16,13,11,12,16,16,17,16,13,11
5642,4,5,5,6,5,4,3,4,5,5,6,5,4,3,4,5,5,6,5,4,3
5643,1,1,1,1,1,1,1,1,1,1,1,1,1,1,1,1,1,1,1,1,1
5644,1,1,1,0,0,1,1,1,1,1,0,0,1,1,1,1,1,0,0,1,1
5645,2,2,2,2,2,2,2,2,2,2,2,2,2,2,2,2,2,2,2,2,2
5646,0,0,0,0,0,0,0,0,0,0,0,0,0,0,0,0,0,0,0,0,0
5647,0,0,0,0,0,0,0,0,0,0,0,0,0,0,0,0,0,0,0,0,0
5648,2,2,2,2,2,1,1,2,2,2,2,2,1,1,2,2,2,2,2,1,1
5649,5,5,5,5,5,5,5,5,5,5,5,5,5,5,5,5,5,5,5,5,5
5650,8,9,10,9,8,7,7,8,9,10,9,8,7,7,8,9,10,9,8,7,7
5651,0,1,0,1,0,0,1,0,1,0,1,0,0,1,0,1,0,1,0,0,1
5652,1,1,1,1,1,1,1,1,1,1,1,1,1,1,1,1,1,1,1,1,1
5653,0,0,0,0,0,0,0,0,0,0,0,0,0,0,0,0,0,0,0,0,0
5654,0,0,0,0,0,0,0,0,0,0,0,0,0,0,0,0,0,0,0,0,0
5655,8,10,10,9,9,9,10,8,10,10,9,9,9,10,8,10,10,9,9,9,10
5656,4,5,5,5,5,3,3,4,5,5,5,5,3,3,4,5,5,5,5,3,3
5657,1,1,1,1,2,1,1,1,1,1,1,2,1,1,1,1,1,1,2,1,1
5658,30,34,36,36,32,27,24,30,34,36,36,32,27,24,30,34,36,36,32,27,24
5659,38,42,48,50,43,37,33,38,42,48,50,43,37,33,38,42,48,50,43,37,33
5660,0,0,0,0,0,0,0,0,0,0,0,0,0,0,0,0,0,0,0,0,0
5661,1,1,1,1,2,2,2,1,1,1,1,2,2,2,1,1,1,1,2,2,2
5662,40,49,52,44,39,36,37,40,49,52,44,39,36,37,40,49,52,44,39,36,37
5663,8,10,10,9,8,7,7,8,10,10,9,8,7,7,8,10,10,9,8,7,7
5664,10,13,14,15,12,8,6,10,13,14,15,12,8,6,10,13,14,15,12,8,6
5665,1,1,1,0,1,1,0,1,1,1,0,1,1,0,1,1,1,0,1,1,0
5666,0,1,1,1,0,0,0,0,1,1,1,0,0,0,0,1,1,1,0,0,0
5667,0,0,0,0,0,0,0,0,0,0,0,0,0,0,0,0,0,0,0,0,0
5668,1,1,1,1,1,1,0,1,1,1,1,1,1,0,1,1,1,1,1,1,0
5669,1,1,1,1,1,1,1,1,1,1,1,1,1,1,1,1,1,1,1,1,1
5670,5,4,4,3,2,2,3,5,4,4,3,2,2,3,5,4,4,3,2,2,3
5671,39,32,33,31,30,30,30,39,32,33,31,30,30,30,39,32,33,31,30,30,30
5672,2,3,3,2,2,3,3,2,3,3,2,2,3,3,2,3,3,2,2,3,3
5673,8,8,8,7,7,6,5,8,8,8,7,7,6,5,8,8,8,7,7,6,5
5674,8,8,8,6,5,7,7,8,8,8,6,5,7,7,8,8,8,6,5,7,7
5675,0,0,1,0,0,0,0,0,0,1,0,0,0,0,0,0,1,0,0,0,0
5676,1,2,2,2,1,1,0,1,2,2,2,1,1,0,1,2,2,2,1,1,0
5677,1,0,2,3,2,1,0,1,0,2,3,2,1,0,1,0,2,3,2,1,0
5678,15,15,13,11,6,7,9,15,15,13,11,6,7,9,15,15,13,11,6,7,9
5679,0,0,0,0,0,0,0,0,0,0,0,0,0,0,0,0,0,0,0,0,0
5680,14,14,12,10,6,7,9,14,14,12,10,6,7,9,14,14,12,10,6,7,9
5681,3,3,2,0,1,2,2,3,3,2,0,1,2,2,3,3,2,0,1,2,2
5682,0,0,0,0,0,0,0,0,0,0,0,0,0,0,0,0,0,0,0,0,0
5683,14,18,21,21,18,15,12,14,18,21,21,18,15,12,14,18,21,21,18,15,12
5684,0,0,0,0,0,0,0,0,0,0,0,0,0,0,0,0,0,0,0,0,0
5685,0,0,0,0,0,0,0,0,0,0,0,0,0,0,0,0,0,0,0,0,0
5686,3,3,3,3,3,3,3,3,3,3,3,3,3,3,3,3,3,3,3,3,3
5687,0,0,0,0,0,0,0,0,0,0,0,0,0,0,0,0,0,0,0,0,0
5688,2,2,2,1,1,1,1,2,2,2,1,1,1,1,2,2,2,1,1,1,1
5689,0,0,0,0,0,0,0,0,0,0,0,0,0,0,0,0,0,0,0,0,0
5690,2,2,2,2,1,1,1,2,2,2,2,1,1,1,2,2,2,2,1,1,1
5691,35,41,42,39,34,29,29,35,41,42,39,34,29,29,35,41,42,39,34,29,29
5692,28,31,32,30,25,23,23,28,31,32,30,25,23,23,28,31,32,30,25,23,23
5693,5,7,7,6,5,4,4,5,7,7,6,5,4,4,5,7,7,6,5,4,4
5694,54,60,64,61,54,46,45,54,60,64,61,54,46,45,54,60,64,61,54,46,45
5695,1,1,1,1,1,1,1,1,1,1,1,1,1,1,1,1,1,1,1,1,1
5696,74,111,114,81,71,60,60,74,111,114,81,71,60,60,74,111,114,81,71,60,60
5697,0,0,0,0,0,0,0,0,0,0,0,0,0,0,0,0,0,0,0,0,0
5698,3,4,4,4,3,3,3,3,4,4,4,3,3,3,3,4,4,4,3,3,3
5699,1,1,1,1,1,1,1,1,1,1,1,1,1,1,1,1,1,1,1,1,1
5700,1,1,1,1,0,0,0,1,1,1,1,0,0,0,1,1,1,1,0,0,0
5701,1,1,1,0,0,0,0,1,1,1,0,0,0,0,1,1,1,0,0,0,0
5702,0,0,0,0,0,0,0,0,0,0,0,0,0,0,0,0,0,0,0,0,0
5703,4,5,5,5,5,4,4,4,5,5,5,5,4,4,4,5,5,5,5,4,4
5704,10,11,12,13,12,10,9,10,11,12,13,12,10,9,10,11,12,13,12,10,9
5705,14,14,14,14,13,12,11,14,14,14,14,13,12,11,14,14,14,14,13,12,11
5706,1,1,1,1,1,1,1,1,1,1,1,1,1,1,1,1,1,1,1,1,1
5707,2,2,2,2,1,1,1,2,2,2,2,1,1,1,2,2,2,2,1,1,1
5708,1,2,2,2,2,1,1,1,2,2,2,2,1,1,1,2,2,2,2,1,1
5709,2,2,4,5,4,2,1,2,2,4,5,4,2,1,2,2,4,5,4,2,1
5710,0,0,0,0,0,0,0,0,0,0,0,0,0,0,0,0,0,0,0,0,0
5711,49,53,42,35,26,30,42,49,53,42,35,26,30,42,49,53,42,35,26,30,42
5712,38,49,37,45,37,39,22,38,49,37,45,37,39,22,38,49,37,45,37,39,22
5713,1,2,3,1,2,2,2,1,2,3,1,2,2,2,1,2,3,1,2,2,2
5714,1,1,1,0,1,1,1,1,1,1,0,1,1,1,1,1,1,0,1,1,1
5715,8,9,10,9,8,7,7,8,9,10,9,8,7,7,8,9,10,9,8,7,7
5716,5,4,5,4,4,3,3,5,4,5,4,4,3,3,5,4,5,4,4,3,3
5717,3,3,3,2,3,3,3,3,3,3,2,3,3,3,3,3,3,2,3,3,3
5718,36,34,35,32,31,30,30,36,34,35,32,31,30,30,36,34,35,32,31,30,30
5719,116,127,133,122,106,96,97,116,127,133,122,106,96,97,116,127,133,122,106,96,97
5720,0,0,0,0,0,0,0,0,0,0,0,0,0,0,0,0,0,0,0,0,0
5721,0,0,0,0,0,0,0,0,0,0,0,0,0,0,0,0,0,0,0,0,0
5722,0,0,0,0,0,0,0,0,0,0,0,0,0,0,0,0,0,0,0,0,0
5723,0,0,0,0,0,0,0,0,0,0,0,0,0,0,0,0,0,0,0,0,0
5724,1,1,1,1,1,0,1,1,1,1,1,1,0,1,1,1,1,1,1,0,1
5725,4,4,4,4,3,3,3,4,4,4,4,3,3,3,4,4,4,4,3,3,3
5726,0,0,0,0,0,0,0,0,0,0,0,0,0,0,0,0,0,0,0,0,0
5727,0,0,0,0,0,0,0,0,0,0,0,0,0,0,0,0,0,0,0,0,0
5728,1,1,0,1,1,1,1,1,1,0,1,1,1,1,1,1,0,1,1,1,1
5729,6,7,7,7,6,5,5,6,7,7,7,6,5,5,6,7,7,7,6,5,5
5730,7,7,7,7,6,6,6,7,7,7,7,6,6,6,7,7,7,7,6,6,6
5731,6,7,7,7,6,6,6,6,7,7,7,6,6,6,6,7,7,7,6,6,6
5732,12,14,15,18,17,14,11,12,14,15,18,17,14,11,12,14,15,18,17,14,11
5733,1,1,2,1,1,1,1,1,1,2,1,1,1,1,1,1,2,1,1,1,1
5734,1,1,1,0,1,0,1,1,1,1,0,1,0,1,1,1,1,0,1,0,1
5735,9,11,11,10,9,8,9,9,11,11,10,9,8,9,9,11,11,10,9,8,9
5736,7,8,8,8,7,6,6,7,8,8,8,7,6,6,7,8,8,8,7,6,6
5737,1,1,1,1,1,1,1,1,1,1,1,1,1,1,1,1,1,1,1,1,1
5738,1,1,1,1,1,1,1,1,1,1,1,1,1,1,1,1,1,1,1,1,1
5739,2,2,2,2,2,2,2,2,2,2,2,2,2,2,2,2,2,2,2,2,2
5740,0,0,0,0,0,0,0,0,0,0,0,0,0,0,0,0,0,0,0,0,0
5741,0,1,1,1,1,0,0,0,1,1,1,1,0,0,0,1,1,1,1,0,0
5742,0,0,0,0,0,0,0,0,0,0,0,0,0,0,0,0,0,0,0,0,0
5743,0,0,0,0,0,0,0,0,0,0,0,0,0,0,0,0,0,0,0,0,0
5744,0,0,0,0,0,0,0,0,0,0,0,0,0,0,0,0,0,0,0,0,0
5745,0,0,0,0,0,0,0,0,0,0,0,0,0,0,0,0,0,0,0,0,0
5746,0,0,0,0,0,0,0,0,0,0,0,0,0,0,0,0,0,0,0,0,0
5747,0,0,0,0,0,0,0,0,0,0,0,0,0,0,0,0,0,0,0,0,0
5748,0,0,0,0,0,0,0,0,0,0,0,0,0,0,0,0,0,0,0,0,0
5749,0,0,0,0,0,0,0,0,0,0,0,0,0,0,0,0,0,0,0,0,0
5750,0,0,0,0,0,0,0,0,0,0,0,0,0,0,0,0,0,0,0,0,0
5751,1,1,1,1,1,1,1,1,1,1,1,1,1,1,1,1,1,1,1,1,1
5752,22,22,25,23,21,18,18,22,22,25,23,21,18,18,22,22,25,23,21,18,18
5753,0,0,0,0,0,0,0,0,0,0,0,0,0,0,0,0,0,0,0,0,0
5754,1,1,1,1,1,1,1,1,1,1,1,1,1,1,1,1,1,1,1,1,1
5755,8,9,9,6,6,5,5,8,9,9,6,6,5,5,8,9,9,6,6,5,5
5756,8,9,8,8,8,7,8,8,9,8,8,8,7,8,8,9,8,8,8,7,8
5757,0,0,0,0,0,0,0,0,0,0,0,0,0,0,0,0,0,0,0,0,0
5758,0,0,0,0,0,0,0,0,0,0,0,0,0,0,0,0,0,0,0,0,0
5759,0,0,0,0,0,0,0,0,0,0,0,0,0,0,0,0,0,0,0,0,0
5760,0,0,0,0,0,0,0,0,0,0,0,0,0,0,0,0,0,0,0,0,0
5761,0,0,0,0,0,0,0,0,0,0,0,0,0,0,0,0,0,0,0,0,0
5762,0,0,0,0,0,0,0,0,0,0,0,0,0,0,0,0,0,0,0,0,0
5763,0,0,0,0,0,0,0,0,0,0,0,0,0,0,0,0,0,0,0,0,0
5764,0,1,0,1,1,1,0,0,1,0,1,1,1,0,0,1,0,1,1,1,0
5765,0,0,0,0,0,0,0,0,0,0,0,0,0,0,0,0,0,0,0,0,0
5766,1,1,1,1,1,1,1,1,1,1,1,1,1,1,1,1,1,1,1,1,1
5767,1,1,1,0,1,0,0,1,1,1,0,1,0,0,1,1,1,0,1,0,0
5768,3,4,4,4,4,4,3,3,4,4,4,4,4,3,3,4,4,4,4,4,3
5769,4,4,4,3,2,3,3,4,4,4,3,2,3,3,4,4,4,3,2,3,3
5770,3,3,3,3,3,3,3,3,3,3,3,3,3,3,3,3,3,3,3,3,3
5771,11,10,10,9,8,8,8,11,10,10,9,8,8,8,11,10,10,9,8,8,8
5772,0,0,0,0,0,0,0,0,0,0,0,0,0,0,0,0,0,0,0,0,0
5773,2,1,1,1,2,2,2,2,1,1,1,2,2,2,2,1,1,1,2,2,2
5774,0,0,0,0,0,0,0,0,0,0,0,0,0,0,0,0,0,0,0,0,0
5775,0,0,0,0,0,0,0,0,0,0,0,0,0,0,0,0,0,0,0,0,0
5776,89,126,133,122,106,96,94,89,126,133,122,106,96,94,89,126,133,122,106,96,94
5777,97,101,100,83,67,64,75,97,101,100,83,67,64,75,97,101,100,83,67,64,75
5778,9,9,13,11,10,10,9,9,9,13,11,10,10,9,9,9,13,11,10,10,9
5779,0,0,0,0,0,0,0,0,0,0,0,0,0,0,0,0,0,0,0,0,0
5780,4,4,4,4,3,4,4,4,4,4,4,3,4,4,4,4,4,4,3,4,4
5781,2,2,2,2,2,1,1,2,2,2,2,2,1,1,2,2,2,2,2,1,1
5782,2,1,1,1,1,1,2,2,1,1,1,1,1,2,2,1,1,1,1,1,2
5783,0,0,0,0,0,0,0,0,0,0,0,0,0,0,0,0,0,0,0,0,0
5784,0,0,0,0,0,0,0,0,0,0,0,0,0,0,0,0,0,0,0,0,0
5785,0,0,0,0,0,0,0,0,0,0,0,0,0,0,0,0,0,0,0,0,0
5786,14,16,15,15,15,12,11,14,16,15,15,15,12,11,14,16,15,15,15,12,11
5787,0,0,0,0,0,0,0,0,0,0,0,0,0,0,0,0,0,0,0,0,0
5788,0,0,0,1,0,0,1,0,0,0,1,0,0,1,0,0,0,1,0,0,1
5789,0,0,0,0,0,0,0,0,0,0,0,0,0,0,0,0,0,0,0,0,0
5790,0,0,0,0,0,0,0,0,0,0,0,0,0,0,0,0,0,0,0,0,0
5791,22,23,21,19,16,14,15,22,23,21,19,16,14,15,22,23,21,19,16,14,15
5792,8,9,9,9,9,8,8,8,9,9,9,9,8,8,8,9,9,9,9,8,8
5793,1,1,1,1,1,1,1,1,1,1,1,1,1,1,1,1,1,1,1,1,1
5794,5,5,6,6,5,4,3,5,5,6,6,5,4,3,5,5,6,6,5,4,3
5795,2,2,1,2,1,1,2,2,2,1,2,1,1,2,2,2,1,2,1,1,2
5796,1,1,1,1,1,0,0,1,1,1,1,1,0,0,1,1,1,1,1,0,0
5797,0,0,0,0,0,0,0,0,0,0,0,0,0,0,0,0,0,0,0,0,0
5798,0,0,0,0,0,0,0,0,0,0,0,0,0,0,0,0,0,0,0,0,0
5799,2,2,2,3,2,2,1,2,2,2,3,2,2,1,2,2,2,3,2,2,1
5800,3,3,4,4,3,3,3,3,3,4,4,3,3,3,3,3,4,4,3,3,3
5801,7,7,9,9,7,6,7,7,7,9,9,7,6,7,7,7,9,9,7,6,7
5802,0,0,0,0,0,0,0,0,0,0,0,0,0,0,0,0,0,0,0,0,0
5803,0,0,1,1,0,0,0,0,0,1,1,0,0,0,0,0,1,1,0,0,0
5804,0,1,1,1,1,0,0,0,1,1,1,1,0,0,0,1,1,1,1,0,0
5805,8,8,8,8,7,5,6,8,8,8,8,7,5,6,8,8,8,8,7,5,6
5806,4,4,4,4,4,3,2,4,4,4,4,4,3,2,4,4,4,4,4,3,2
5807,15,15,13,12,11,11,12,15,15,13,12,11,11,12,15,15,13,12,11,11,12
5808,1,1,1,1,0,0,1,1,1,1,1,0,0,1,1,1,1,1,0,0,1
5809,11,12,11,11,10,10,10,11,12,11,11,10,10,10,11,12,11,11,10,10,10
5810,5,5,6,6,5,5,5,5,5,6,6,5,5,5,5,5,6,6,5,5,5
5811,6,7,7,6,6,5,4,6,7,7,6,6,5,4,6,7,7,6,6,5,4
5812,3,4,4,3,3,2,2,3,4,4,3,3,2,2,3,4,4,3,3,2,2
5813,2,2,2,2,2,1,1,2,2,2,2,2,1,1,2,2,2,2,2,1,1
5814,0,1,0,0,0,0,0,0,1,0,0,0,0,0,0,1,0,0,0,0,0
5815,5,7,7,8,7,7,6,5,7,7,8,7,7,6,5,7,7,8,7,7,6
5816,0,0,0,0,0,0,0,0,0,0,0,0,0,0,0,0,0,0,0,0,0
5817,0,0,0,0,0,0,0,0,0,0,0,0,0,0,0,0,0,0,0,0,0
5818,0,0,0,1,1,0,0,0,0,0,1,1,0,0,0,0,0,1,1,0,0
5819,0,0,0,0,0,0,0,0,0,0,0,0,0,0,0,0,0,0,0,0,0
5820,1,0,0,0,0,0,0,1,0,0,0,0,0,0,1,0,0,0,0,0,0
5821,116,127,133,122,106,96,97,116,127,133,122,106,96,97,116,127,133,122,106,96,97
5822,116,127,133,122,106,96,97,116,127,133,122,106,96,97,116,127,133,122,106,96,97
5823,14,19,18,17,13,12,11,14,19,18,17,13,12,11,14,19,18,17,13,12,11
5824,15,17,16,15,13,11,12,15,17,16,15,13,11,12,15,17,16,15,13,11,12
5825,1,2,2,1,0,0,0,1,2,2,1,0,0,0,1,2,2,1,0,0,0
5826,0,0,0,2,2,2,2,0,0,0,2,2,2,2,0,0,0,2,2,2,2
5827,0,0,0,0,0,0,0,0,0,0,0,0,0,0,0,0,0,0,0,0,0
5828,0,0,0,0,0,0,0,0,0,0,0,0,0,0,0,0,0,0,0,0,0
5829,4,5,6,5,4,4,4,4,5,6,5,4,4,4,4,5,6,5,4,4,4
5830,8,7,8,8,8,7,7,8,7,8,8,8,7,7,8,7,8,8,8,7,7
5831,3,3,3,4,3,3,2,3,3,3,4,3,3,2,3,3,3,4,3,3,2
5832,3,4,4,3,3,3,3,3,4,4,3,3,3,3,3,4,4,3,3,3,3
5833,1,2,2,2,1,1,1,1,2,2,2,1,1,1,1,2,2,2,1,1,1
5834,1,1,1,1,1,1,1,1,1,1,1,1,1,1,1,1,1,1,1,1,1
5835,0,0,0,0,0,0,0,0,0,0,0,0,0,0,0,0,0,0,0,0,0
5836,0,0,0,0,0,0,0,0,0,0,0,0,0,0,0,0,0,0,0,0,0
5837,6,5,8,5,5,6,5,6,5,8,5,5,6,5,6,5,8,5,5,6,5
5838,1,3,4,3,1,1,1,1,3,4,3,1,1,1,1,3,4,3,1,1,1
5839,0,0,0,0,0,0,0,0,0,0,0,0,0,0,0,0,0,0,0,0,0
5840,4,5,6,6,5,4,3,4,5,6,6,5,4,3,4,5,6,6,5,4,3
5841,2,2,4,5,4,3,2,2,2,4,5,4,3,2,2,2,4,5,4,3,2
5842,3,3,3,2,2,2,2,3,3,3,2,2,2,2,3,3,3,2,2,2,2
5843,0,0,0,2,2,2,2,0,0,0,2,2,2,2,0,0,0,2,2,2,2
5844,2,2,2,3,3,3,3,2,2,2,3,3,3,3,2,2,2,3,3,3,3
5845,5,3,4,3,3,3,3,5,3,4,3,3,3,3,5,3,4,3,3,3,3
5846,0,0,0,0,0,0,0,0,0,0,0,0,0,0,0,0,0,0,0,0,0
5847,0,0,0,0,0,0,0,0,0,0,0,0,0,0,0,0,0,0,0,0,0
5848,16,16,16,12,12,10,12,16,16,16,12,12,10,12,16,16,16,12,12,10,12
5849,0,0,1,0,0,0,0,0,0,1,0,0,0,0,0,0,1,0,0,0,0
5850,0,0,0,0,0,0,0,0,0,0,0,0,0,0,0,0,0,0,0,0,0
5851,0,0,0,0,0,0,0,0,0,0,0,0,0,0,0,0,0,0,0,0,0
5852,0,0,0,0,0,0,0,0,0,0,0,0,0,0,0,0,0,0,0,0,0
5853,0,0,0,0,0,0,0,0,0,0,0,0,0,0,0,0,0,0,0,0,0
5854,0,0,0,0,0,0,0,0,0,0,0,0,0,0,0,0,0,0,0,0,0
5855,0,0,0,0,0,0,0,0,0,0,0,0,0,0,0,0,0,0,0,0,0
5856,0,0,0,0,0,0,0,0,0,0,0,0,0,0,0,0,0,0,0,0,0
5857,10,10,10,9,9,9,8,10,10,10,9,9,9,8,10,10,10,9,9,9,8
5858,0,1,0,0,0,0,1,0,1,0,0,0,0,1,0,1,0,0,0,0,1
5859,25,26,27,27,25,22,22,25,26,27,27,25,22,22,25,26,27,27,25,22,22
5860,19,20,22,21,20,17,15,19,20,22,21,20,17,15,19,20,22,21,20,17,15
5861,9,7,8,8,10,9,9,9,7,8,8,10,9,9,9,7,8,8,10,9,9
5862,9,10,12,15,16,14,9,9,10,12,15,16,14,9,9,10,12,15,16,14,9
5863,9,10,10,11,10,9,9,9,10,10,11,10,9,9,9,10,10,11,10,9,9
5864,19,17,20,22,23,20,21,19,17,20,22,23,20,21,19,17,20,22,23,20,21
5865,21,23,25,29,28,26,22,21,23,25,29,28,26,22,21,23,25,29,28,26,22
5866,1,1,2,2,1,1,1,1,1,2,2,1,1,1,1,1,2,2,1,1,1
5867,0,0,0,0,0,0,0,0,0,0,0,0,0,0,0,0,0,0,0,0,0
5868,116,127,133,122,106,96,97,116,127,133,122,106,96,97,116,127,133,122,106,96,97
5869,1,1,1,1,0,1,1,1,1,1,1,0,1,1,1,1,1,1,0,1,1
5870,0,0,0,0,0,0,0,0,0,0,0,0,0,0,0,0,0,0,0,0,0
5871,0,0,0,0,0,0,0,0,0,0,0,0,0,0,0,0,0,0,0,0,0
5872,0,0,0,0,0,0,0,0,0,0,0,0,0,0,0,0,0,0,0,0,0
5873,0,1,1,0,0,0,0,0,1,1,0,0,0,0,0,1,1,0,0,0,0
5874,1,1,1,1,0,1,1,1,1,1,1,0,1,1,1,1,1,1,0,1,1
5875,2,2,2,1,1,2,1,2,2,2,1,1,2,1,2,2,2,1,1,2,1
5876,0,0,0,0,0,0,0,0,0,0,0,0,0,0,0,0,0,0,0,0,0
5877,0,0,0,0,0,0,0,0,0,0,0,0,0,0,0,0,0,0,0,0,0
5878,0,0,0,0,0,0,0,0,0,0,0,0,0,0,0,0,0,0,0,0,0
5879,0,0,0,0,0,0,0,0,0,0,0,0,0,0,0,0,0,0,0,0,0
5880,0,0,0,0,0,0,0,0,0,0,0,0,0,0,0,0,0,0,0,0,0
5881,32,30,30,24,23,24,26,32,30,30,24,23,24,26,32,30,30,24,23,24,26
5882,0,0,0,1,1,0,0,0,0,0,1,1,0,0,0,0,0,1,1,0,0
5883,9,9,10,10,10,9,9,9,9,10,10,10,9,9,9,9,10,10,10,9,9
5884,1,1,1,1,1,0,1,1,1,1,1,1,0,1,1,1,1,1,1,0,1
5885,1,2,2,2,2,2,2,1,2,2,2,2,2,2,1,2,2,2,2,2,2
5886,30,31,28,23,20,20,23,30,31,28,23,20,20,23,30,31,28,23,20,20,23
5887,2,3,4,3,2,2,2,2,3,4,3,2,2,2,2,3,4,3,2,2,2
5888,5,6,6,6,5,4,4,5,6,6,6,5,4,4,5,6,6,6,5,4,4
5889,0,0,0,0,0,0,0,0,0,0,0,0,0,0,0,0,0,0,0,0,0
5890,3,3,3,3,3,3,3,3,3,3,3,3,3,3,3,3,3,3,3,3,3
5891,30,36,38,32,24,18,20,30,36,38,32,24,18,20,30,36,38,32,24,18,20
5892,17,19,18,15,12,11,12,17,19,18,15,12,11,12,17,19,18,15,12,11,12
5893,4,4,4,4,4,4,4,4,4,4,4,4,4,4,4,4,4,4,4,4,4
5894,2,2,2,2,2,2,1,2,2,2,2,2,2,1,2,2,2,2,2,2,1
5895,2,2,2,1,1,1,1,2,2,2,1,1,1,1,2,2,2,1,1,1,1
5896,0,0,0,0,0,0,0,0,0,0,0,0,0,0,0,0,0,0,0,0,0
5897,0,0,0,0,0,0,0,0,0,0,0,0,0,0,0,0,0,0,0,0,0
5898,3,3,3,3,3,2,2,3,3,3,3,3,2,2,3,3,3,3,3,2,2
5899,1,2,2,2,1,1,1,1,2,2,2,1,1,1,1,2,2,2,1,1,1
5900,0,0,0,0,0,0,0,0,0,0,0,0,0,0,0,0,0,0,0,0,0
5901,2,2,3,3,2,1,1,2,2,3,3,2,1,1,2,2,3,3,2,1,1
5902,0,0,0,0,0,0,0,0,0,0,0,0,0,0,0,0,0,0,0,0,0
5903,0,0,0,0,0,0,0,0,0,0,0,0,0,0,0,0,0,0,0,0,0
5904,4,6,7,6,5,3,2,4,6,7,6,5,3,2,4,6,7,6,5,3,2
5905,1,2,2,2,2,1,1,1,2,2,2,2,1,1,1,2,2,2,2,1,1
5906,0,0,0,0,0,0,0,0,0,0,0,0,0,0,0,0,0,0,0,0,0
5907,0,0,0,0,0,0,0,0,0,0,0,0,0,0,0,0,0,0,0,0,0
5908,0,0,0,0,0,0,0,0,0,0,0,0,0,0,0,0,0,0,0,0,0
5909,0,0,0,0,0,0,0,0,0,0,0,0,0,0,0,0,0,0,0,0,0
5910,0,1,1,1,0,0,0,0,1,1,1,0,0,0,0,1,1,1,0,0,0
5911,0,0,0,0,0,0,0,0,0,0,0,0,0,0,0,0,0,0,0,0,0
5912,0,0,0,0,0,0,0,0,0,0,0,0,0,0,0,0,0,0,0,0,0
5913,0,0,0,0,0,0,0,0,0,0,0,0,0,0,0,0,0,0,0,0,0
5914,8,12,15,15,12,7,7,8,12,15,15,12,7,7,8,12,15,15,12,7,7
5915,0,0,0,0,0,0,0,0,0,0,0,0,0,0,0,0,0,0,0,0,0
5916,0,1,0,0,0,1,0,0,1,0,0,0,1,0,0,1,0,0,0,1,0
5917,2,2,3,2,3,2,2,2,2,3,2,3,2,2,2,2,3,2,3,2,2
5918,0,0,0,0,0,0,0,0,0,0,0,0,0,0,0,0,0,0,0,0,0
5919,0,0,0,0,0,0,0,0,0,0,0,0,0,0,0,0,0,0,0,0,0
5920,0,0,0,0,0,0,0,0,0,0,0,0,0,0,0,0,0,0,0,0,0
5921,0,0,0,0,0,0,0,0,0,0,0,0,0,0,0,0,0,0,0,0,0
5922,0,0,0,0,0,0,0,0,0,0,0,0,0,0,0,0,0,0,0,0,0
5923,1,1,1,1,1,1,1,1,1,1,1,1,1,1,1,1,1,1,1,1,1
5924,1,1,0,0,0,0,0,1,1,0,0,0,0,0,1,1,0,0,0,0,0
5925,10,10,16,14,12,8,7,10,10,16,14,12,8,7,10,10,16,14,12,8,7
5926,0,0,0,1,1,0,0,0,0,0,1,1,0,0,0,0,0,1,1,0,0
5927,0,0,0,0,0,0,0,0,0,0,0,0,0,0,0,0,0,0,0,0,0
5928,1,1,1,1,1,1,1,1,1,1,1,1,1,1,1,1,1,1,1,1,1
5929,7,8,8,7,7,6,7,7,8,8,7,7,6,7,7,8,8,7,7,6,7
5930,3,3,3,3,3,3,3,3,3,3,3,3,3,3,3,3,3,3,3,3,3
5931,1,1,1,1,1,1,1,1,1,1,1,1,1,1,1,1,1,1,1,1,1
5932,0,0,0,0,0,0,0,0,0,0,0,0,0,0,0,0,0,0,0,0,0
5933,0,0,0,0,0,0,0,0,0,0,0,0,0,0,0,0,0,0,0,0,0
5934,0,0,0,0,0,0,0,0,0,0,0,0,0,0,0,0,0,0,0,0,0
5935,0,0,0,0,0,0,0,0,0,0,0,0,0,0,0,0,0,0,0,0,0
5936,5,5,6,5,3,3,3,5,5,6,5,3,3,3,5,5,6,5,3,3,3
5937,0,0,0,0,0,0,0,0,0,0,0,0,0,0,0,0,0,0,0,0,0
5938,0,0,0,0,0,0,0,0,0,0,0,0,0,0,0,0,0,0,0,0,0
5939,5,7,11,18,18,11,7,5,7,11,18,18,11,7,5,7,11,18,18,11,7
5940,1,1,1,2,0,1,1,1,1,1,2,0,1,1,1,1,1,2,0,1,1
5941,0,0,0,0,0,0,0,0,0,0,0,0,0,0,0,0,0,0,0,0,0
5942,1,1,1,1,1,1,1,1,1,1,1,1,1,1,1,1,1,1,1,1,1
5943,0,0,0,0,0,0,0,0,0,0,0,0,0,0,0,0,0,0,0,0,0
5944,7,6,6,5,5,5,5,7,6,6,5,5,5,5,7,6,6,5,5,5,5
5945,0,0,0,0,0,0,0,0,0,0,0,0,0,0,0,0,0,0,0,0,0
5946,5,6,6,6,6,4,4,5,6,6,6,6,4,4,5,6,6,6,6,4,4
5947,2,3,3,4,3,2,2,2,3,3,4,3,2,2,2,3,3,4,3,2,2
5948,0,0,0,0,0,0,0,0,0,0,0,0,0,0,0,0,0,0,0,0,0
5949,76,113,133,122,105,72,73,76,113,133,122,105,72,73,76,113,133,122,105,72,73
5950,1,1,1,1,1,0,0,1,1,1,1,1,0,0,1,1,1,1,1,0,0
5951,0,0,0,0,0,0,0,0,0,0,0,0,0,0,0,0,0,0,0,0,0
5952,0,0,0,0,0,0,0,0,0,0,0,0,0,0,0,0,0,0,0,0,0
5953,0,0,0,0,0,0,0,0,0,0,0,0,0,0,0,0,0,0,0,0,0
5954,0,0,0,0,0,0,0,0,0,0,0,0,0,0,0,0,0,0,0,0,0
5955,1,0,0,0,0,0,0,1,0,0,0,0,0,0,1,0,0,0,0,0,0
5956,0,0,0,0,0,0,0,0,0,0,0,0,0,0,0,0,0,0,0,0,0
5957,27,32,36,34,28,23,22,27,32,36,34,28,23,22,27,32,36,34,28,23,22
5958,2,2,2,1,1,1,1,2,2,2,1,1,1,1,2,2,2,1,1,1,1
5959,2,2,2,2,1,2,1,2,2,2,2,1,2,1,2,2,2,2,1,2,1
5960,0,0,0,0,0,0,0,0,0,0,0,0,0,0,0,0,0,0,0,0,0
5961,0,0,0,0,0,0,0,0,0,0,0,0,0,0,0,0,0,0,0,0,0
5962,2,2,2,2,2,1,2,2,2,2,2,2,1,2,2,2,2,2,2,1,2
5963,0,0,0,0,0,0,0,0,0,0,0,0,0,0,0,0,0,0,0,0,0
5964,0,0,0,0,0,0,0,0,0,0,0,0,0,0,0,0,0,0,0,0,0
5965,2,2,2,2,2,2,2,2,2,2,2,2,2,2,2,2,2,2,2,2,2
5966,1,1,1,1,0,0,0,1,1,1,1,0,0,0,1,1,1,1,0,0,0
5967,0,0,0,0,0,0,0,0,0,0,0,0,0,0,0,0,0,0,0,0,0
5968,0,0,0,0,0,0,0,0,0,0,0,0,0,0,0,0,0,0,0,0,0
5969,0,0,0,0,0,0,0,0,0,0,0,0,0,0,0,0,0,0,0,0,0
5970,3,4,5,4,3,3,2,3,4,5,4,3,3,2,3,4,5,4,3,3,2
5971,66,95,88,55,51,44,45,66,95,88,55,51,44,45,66,95,88,55,51,44,45
5972,2,2,2,2,1,1,1,2,2,2,2,1,1,1,2,2,2,2,1,1,1
5973,0,0,0,0,0,0,0,0,0,0,0,0,0,0,0,0,0,0,0,0,0
5974,0,0,0,0,0,0,0,0,0,0,0,0,0,0,0,0,0,0,0,0,0
5975,0,0,0,0,0,0,0,0,0,0,0,0,0,0,0,0,0,0,0,0,0
5976,0,0,0,0,0,0,0,0,0,0,0,0,0,0,0,0,0,0,0,0,0
5977,0,0,0,0,0,0,0,0,0,0,0,0,0,0,0,0,0,0,0,0,0
5978,4,4,4,5,5,5,4,4,4,4,5,5,5,4,4,4,4,5,5,5,4
5979,69,80,83,79,73,61,57,69,80,83,79,73,61,57,69,80,83,79,73,61,57
5980,0,0,0,0,0,0,0,0,0,0,0,0,0,0,0,0,0,0,0,0,0
5981,3,3,3,2,2,2,2,3,3,3,2,2,2,2,3,3,3,2,2,2,2
5982,0,0,0,0,0,0,0,0,0,0,0,0,0,0,0,0,0,0,0,0,0
5983,0,0,0,0,0,0,0,0,0,0,0,0,0,0,0,0,0,0,0,0,0
5984,0,0,0,0,0,0,0,0,0,0,0,0,0,0,0,0,0,0,0,0,0
5985,3,3,3,3,2,2,2,3,3,3,3,2,2,2,3,3,3,3,2,2,2
5986,0,0,0,0,0,0,0,0,0,0,0,0,0,0,0,0,0,0,0,0,0
5987,4,4,4,4,3,3,4,4,4,4,4,3,3,4,4,4,4,4,3,3,4
5988,1,2,2,1,1,1,1,1,2,2,1,1,1,1,1,2,2,1,1,1,1
5989,0,0,0,0,0,0,0,0,0,0,0,0,0,0,0,0,0,0,0,0,0
5990,1,1,1,1,1,1,1,1,1,1,1,1,1,1,1,1,1,1,1,1,1
5991,3,2,2,2,1,2,2,3,2,2,2,1,2,2,3,2,2,2,1,2,2
5992,82,107,110,102,86,64,63,82,107,110,102,86,64,63,82,107,110,102,86,64,63
5993,22,16,12,14,13,11,18,22,16,12,14,13,11,18,22,16,12,14,13,11,18
5994,9,8,7,6,5,6,7,9,8,7,6,5,6,7,9,8,7,6,5,6,7
5995,5,5,5,4,4,5,7,5,5,5,4,4,5,7,5,5,5,4,4,5,7
5996,116,127,133,122,106,96,97,116,127,133,122,106,96,97,116,127,133,122,106,96,97
5997,10,12,11,11,11,10,11,10,12,11,11,11,10,11,10,12,11,11,11,10,11
5998,1,1,12,13,12,1,1,1,1,12,13,12,1,1,1,1,12,13,12,1,1
5999,27,34,36,33,27,23,22,27,34,36,33,27,23,22,27,34,36,33,27,23,22
6000,6,4,4,2,3,3,3,6,4,4,2,3,3,3,6,4,4,2,3,3,3
6001,2,2,2,2,1,2,1,2,2,2,2,1,2,1,2,2,2,2,1,2,1
6002,0,1,0,0,0,0,1,0,1,0,0,0,0,1,0,1,0,0,0,0,1
6003,4,5,5,6,5,4,4,4,5,5,6,5,4,4,4,5,5,6,5,4,4
6004,6,7,8,8,8,6,5,6,7,8,8,8,6,5,6,7,8,8,8,6,5
6005,28,29,28,27,25,25,28,28,29,28,27,25,25,28,28,29,28,27,25,25,28
6006,5,6,8,7,6,5,4,5,6,8,7,6,5,4,5,6,8,7,6,5,4
6007,5,5,5,4,3,3,3,5,5,5,4,3,3,3,5,5,5,4,3,3,3
6008,0,0,0,0,0,0,0,0,0,0,0,0,0,0,0,0,0,0,0,0,0
6009,1,1,1,1,1,1,1,1,1,1,1,1,1,1,1,1,1,1,1,1,1
6010,0,0,0,0,0,0,0,0,0,0,0,0,0,0,0,0,0,0,0,0,0
6011,17,19,20,19,18,16,16,17,19,20,19,18,16,16,17,19,20,19,18,16,16
6012,0,0,0,0,0,0,0,0,0,0,0,0,0,0,0,0,0,0,0,0,0
6013,1,1,0,0,0,0,0,1,1,0,0,0,0,0,1,1,0,0,0,0,0
6014,0,0,0,0,0,0,0,0,0,0,0,0,0,0,0,0,0,0,0,0,0
6015,0,0,0,0,0,0,0,0,0,0,0,0,0,0,0,0,0,0,0,0,0
6016,1,0,0,0,0,0,1,1,0,0,0,0,0,1,1,0,0,0,0,0,1
6017,1,1,1,1,1,1,0,1,1,1,1,1,1,0,1,1,1,1,1,1,0
6018,0,0,0,0,0,0,0,0,0,0,0,0,0,0,0,0,0,0,0,0,0
6019,0,0,0,0,0,0,0,0,0,0,0,0,0,0,0,0,0,0,0,0,0
6020,0,0,0,0,0,0,0,0,0,0,0,0,0,0,0,0,0,0,0,0,0
6021,0,0,0,0,0,0,0,0,0,0,0,0,0,0,0,0,0,0,0,0,0
6022,0,0,0,0,0,0,0,0,0,0,0,0,0,0,0,0,0,0,0,0,0
6023,0,0,0,0,0,0,0,0,0,0,0,0,0,0,0,0,0,0,0,0,0
6024,0,0,0,0,0,0,0,0,0,0,0,0,0,0,0,0,0,0,0,0,0
6025,0,0,0,0,0,0,0,0,0,0,0,0,0,0,0,0,0,0,0,0,0
6026,0,0,0,0,0,0,0,0,0,0,0,0,0,0,0,0,0,0,0,0,0
6027,1,1,0,0,0,1,1,1,1,0,0,0,1,1,1,1,0,0,0,1,1
6028,0,0,0,0,0,0,0,0,0,0,0,0,0,0,0,0,0,0,0,0,0
6029,4,5,5,5,5,4,3,4,5,5,5,5,4,3,4,5,5,5,5,4,3
6030,24,22,27,21,20,19,20,24,22,27,21,20,19,20,24,22,27,21,20,19,20
6031,0,0,0,0,0,0,0,0,0,0,0,0,0,0,0,0,0,0,0,0,0
6032,0,1,0,0,0,0,0,0,1,0,0,0,0,0,0,1,0,0,0,0,0
6033,1,1,1,1,2,1,1,1,1,1,1,2,1,1,1,1,1,1,2,1,1
6034,1,1,1,1,1,1,0,1,1,1,1,1,1,0,1,1,1,1,1,1,0
6035,0,0,0,0,0,0,0,0,0,0,0,0,0,0,0,0,0,0,0,0,0
6036,0,0,0,0,0,0,0,0,0,0,0,0,0,0,0,0,0,0,0,0,0
6037,0,0,0,0,0,0,0,0,0,0,0,0,0,0,0,0,0,0,0,0,0
6038,1,1,1,1,1,0,0,1,1,1,1,1,0,0,1,1,1,1,1,0,0
6039,0,0,0,0,0,0,0,0,0,0,0,0,0,0,0,0,0,0,0,0,0
6040,0,0,0,0,0,0,0,0,0,0,0,0,0,0,0,0,0,0,0,0,0
6041,0,0,0,0,0,0,0,0,0,0,0,0,0,0,0,0,0,0,0,0,0
6042,0,0,0,0,0,0,0,0,0,0,0,0,0,0,0,0,0,0,0,0,0
6043,0,0,0,0,0,0,0,0,0,0,0,0,0,0,0,0,0,0,0,0,0
6044,4,4,4,4,3,4,3,4,4,4,4,3,4,3,4,4,4,4,3,4,3
6045,15,17,18,18,15,12,12,15,17,18,18,15,12,12,15,17,18,18,15,12,12
6046,3,3,3,3,2,2,3,3,3,3,3,2,2,3,3,3,3,3,2,2,3
6047,0,0,0,0,0,0,0,0,0,0,0,0,0,0,0,0,0,0,0,0,0
6048,3,4,3,2,2,2,2,3,4,3,2,2,2,2,3,4,3,2,2,2,2
6049,50,50,53,50,46,43,42,50,50,53,50,46,43,42,50,50,53,50,46,43,42
6050,0,0,0,0,0,0,0,0,0,0,0,0,0,0,0,0,0,0,0,0,0
6051,6,4,4,5,4,3,3,6,4,4,5,4,3,3,6,4,4,5,4,3,3
6052,14,14,14,13,10,8,10,14,14,14,13,10,8,10,14,14,14,13,10,8,10
6053,114,118,110,95,90,84,80,114,118,110,95,90,84,80,114,118,110,95,90,84,80
6054,36,34,31,23,24,30,32,36,34,31,23,24,30,32,36,34,31,23,24,30,32
6055,1,1,1,1,1,1,1,1,1,1,1,1,1,1,1,1,1,1,1,1,1
6056,37,41,38,38,31,29,30,37,41,38,38,31,29,30,37,41,38,38,31,29,30
6057,39,44,44,43,33,27,28,39,44,44,43,33,27,28,39,44,44,43,33,27,28
6058,108,113,110,97,87,75,79,108,113,110,97,87,75,79,108,113,110,97,87,75,79
6059,21,22,24,23,21,18,18,21,22,24,23,21,18,18,21,22,24,23,21,18,18
6060,26,30,33,32,28,21,20,26,30,33,32,28,21,20,26,30,33,32,28,21,20
6061,8,8,9,9,9,7,6,8,8,9,9,9,7,6,8,8,9,9,9,7,6
6062,9,11,10,9,8,7,8,9,11,10,9,8,7,8,9,11,10,9,8,7,8
6063,2,2,2,2,2,2,2,2,2,2,2,2,2,2,2,2,2,2,2,2,2
6064,8,10,11,10,8,7,7,8,10,11,10,8,7,7,8,10,11,10,8,7,7
6065,21,21,23,20,17,18,19,21,21,23,20,17,18,19,21,21,23,20,17,18,19
6066,116,127,133,122,106,96,97,116,127,133,122,106,96,97,116,127,133,122,106,96,97
6067,0,0,0,0,0,0,0,0,0,0,0,0,0,0,0,0,0,0,0,0,0
6068,51,55,54,52,43,39,43,51,55,54,52,43,39,43,51,55,54,52,43,39,43
6069,36,40,39,37,31,29,29,36,40,39,37,31,29,29,36,40,39,37,31,29,29
6070,11,12,13,11,9,8,9,11,12,13,11,9,8,9,11,12,13,11,9,8,9
6071,22,24,21,19,17,16,15,22,24,21,19,17,16,15,22,24,21,19,17,16,15
6072,116,127,133,122,106,96,97,116,127,133,122,106,96,97,116,127,133,122,106,96,97
6073,12,14,15,15,12,11,10,12,14,15,15,12,11,10,12,14,15,15,12,11,10
6074,13,12,12,12,10,9,10,13,12,12,12,10,9,10,13,12,12,12,10,9,10
6075,15,16,15,14,12,11,11,15,16,15,14,12,11,11,15,16,15,14,12,11,11
6076,3,2,4,3,3,4,3,3,2,4,3,3,4,3,3,2,4,3,3,4,3
6077,7,8,9,9,8,7,6,7,8,9,9,8,7,6,7,8,9,9,8,7,6
6078,3,4,4,3,3,3,3,3,4,4,3,3,3,3,3,4,4,3,3,3,3
6079,3,4,3,2,2,3,3,3,4,3,2,2,3,3,3,4,3,2,2,3,3
6080,1,1,1,1,1,1,0,1,1,1,1,1,1,0,1,1,1,1,1,1,0
6081,2,2,2,2,1,1,1,2,2,2,2,1,1,1,2,2,2,2,1,1,1
6082,5,5,5,4,3,4,4,5,5,5,4,3,4,4,5,5,5,4,3,4,4
6083,7,8,9,8,7,7,7,7,8,9,8,7,7,7,7,8,9,8,7,7,7
6084,15,16,16,16,11,10,11,15,16,16,16,11,10,11,15,16,16,16,11,10,11
6085,0,1,1,1,1,1,1,0,1,1,1,1,1,1,0,1,1,1,1,1,1
6086,0,0,0,1,0,0,0,0,0,0,1,0,0,0,0,0,0,1,0,0,0
6087,0,0,0,0,0,0,0,0,0,0,0,0,0,0,0,0,0,0,0,0,0
6088,0,0,0,0,0,0,0,0,0,0,0,0,0,0,0,0,0,0,0,0,0
6089,0,0,0,1,1,1,1,0,0,0,1,1,1,1,0,0,0,1,1,1,1
6090,0,0,0,0,0,0,0,0,0,0,0,0,0,0,0,0,0,0,0,0,0
6091,0,0,0,0,0,0,0,0,0,0,0,0,0,0,0,0,0,0,0,0,0
6092,0,0,0,0,0,0,0,0,0,0,0,0,0,0,0,0,0,0,0,0,0
6093,0,0,0,0,0,0,0,0,0,0,0,0,0,0,0,0,0,0,0,0,0
6094,0,0,0,0,0,0,0,0,0,0,0,0,0,0,0,0,0,0,0,0,0
6095,0,0,0,0,0,0,0,0,0,0,0,0,0,0,0,0,0,0,0,0,0
6096,0,0,0,0,0,0,0,0,0,0,0,0,0,0,0,0,0,0,0,0,0
6097,2,1,1,1,1,1,1,2,1,1,1,1,1,1,2,1,1,1,1,1,1
6098,1,1,1,2,1,2,1,1,1,1,2,1,2,1,1,1,1,2,1,2,1
6099,1,1,1,1,1,1,1,1,1,1,1,1,1,1,1,1,1,1,1,1,1
6100,2,2,2,2,2,2,2,2,2,2,2,2,2,2,2,2,2,2,2,2,2
6101,0,0,0,0,0,0,0,0,0,0,0,0,0,0,0,0,0,0,0,0,0
6102,1,1,1,1,1,1,1,1,1,1,1,1,1,1,1,1,1,1,1,1,1
6103,0,0,0,0,0,0,0,0,0,0,0,0,0,0,0,0,0,0,0,0,0
6104,0,0,0,0,0,0,0,0,0,0,0,0,0,0,0,0,0,0,0,0,0
6105,0,0,0,0,0,0,0,0,0,0,0,0,0,0,0,0,0,0,0,0,0
6106,0,0,0,0,0,0,0,0,0,0,0,0,0,0,0,0,0,0,0,0,0
6107,32,32,32,30,32,30,30,32,32,32,30,32,30,30,32,32,32,30,32,30,30
6108,5,6,6,5,5,4,4,5,6,6,5,5,4,4,5,6,6,5,5,4,4
6109,0,0,0,0,0,0,0,0,0,0,0,0,0,0,0,0,0,0,0,0,0
6110,0,0,0,0,0,0,0,0,0,0,0,0,0,0,0,0,0,0,0,0,0
6111,0,0,0,0,0,0,0,0,0,0,0,0,0,0,0,0,0,0,0,0,0
6112,0,0,0,0,0,0,0,0,0,0,0,0,0,0,0,0,0,0,0,0,0
6113,0,0,0,0,0,0,0,0,0,0,0,0,0,0,0,0,0,0,0,0,0
6114,4,3,4,4,4,4,4,4,3,4,4,4,4,4,4,3,4,4,4,4,4
6115,0,0,0,0,0,0,0,0,0,0,0,0,0,0,0,0,0,0,0,0,0
6116,1,1,1,1,1,1,1,1,1,1,1,1,1,1,1,1,1,1,1,1,1
6117,0,0,0,0,0,0,0,0,0,0,0,0,0,0,0,0,0,0,0,0,0
6118,0,0,0,0,0,0,0,0,0,0,0,0,0,0,0,0,0,0,0,0,0
6119,50,48,53,65,69,69,51,50,48,53,65,69,69,51,50,48,53,65,69,69,51
6120,4,3,2,2,3,3,3,4,3,2,2,3,3,3,4,3,2,2,3,3,3
6121,0,0,0,0,0,0,0,0,0,0,0,0,0,0,0,0,0,0,0,0,0
6122,0,0,0,0,0,0,0,0,0,0,0,0,0,0,0,0,0,0,0,0,0
6123,1,1,1,1,1,1,1,1,1,1,1,1,1,1,1,1,1,1,1,1,1
6124,0,0,0,0,0,0,0,0,0,0,0,0,0,0,0,0,0,0,0,0,0
6125,0,0,0,0,0,0,0,0,0,0,0,0,0,0,0,0,0,0,0,0,0
6126,0,0,0,0,0,0,0,0,0,0,0,0,0,0,0,0,0,0,0,0,0
6127,1,4,3,2,1,2,1,1,4,3,2,1,2,1,1,4,3,2,1,2,1
6128,1,2,3,2,2,2,1,1,2,3,2,2,2,1,1,2,3,2,2,2,1
6129,2,2,2,2,2,1,1,2,2,2,2,2,1,1,2,2,2,2,2,1,1
6130,10,10,16,17,16,11,8,10,10,16,17,16,11,8,10,10,16,17,16,11,8
6131,4,4,4,3,2,3,2,4,4,4,3,2,3,2,4,4,4,3,2,3,2
6132,1,1,1,1,1,1,1,1,1,1,1,1,1,1,1,1,1,1,1,1,1
6133,0,0,0,0,0,0,0,0,0,0,0,0,0,0,0,0,0,0,0,0,0
6134,116,127,133,122,106,96,97,116,127,133,122,106,96,97,116,127,133,122,106,96,97
6135,44,52,57,54,50,43,31,44,52,57,54,50,43,31,44,52,57,54,50,43,31
6136,7,7,8,9,8,6,6,7,7,8,9,8,6,6,7,7,8,9,8,6,6
6137,1,1,2,1,1,1,1,1,1,2,1,1,1,1,1,1,2,1,1,1,1
6138,1,1,1,1,1,0,1,1,1,1,1,1,0,1,1,1,1,1,1,0,1
6139,3,3,4,4,4,2,2,3,3,4,4,4,2,2,3,3,4,4,4,2,2
6140,15,17,22,22,19,11,10,15,17,22,22,19,11,10,15,17,22,22,19,11,10
6141,28,40,47,57,51,38,24,28,40,47,57,51,38,24,28,40,47,57,51,38,24
6142,116,127,133,122,106,96,97,116,127,133,122,106,96,97,116,127,133,122,106,96,97
6143,3,4,6,5,4,3,3,3,4,6,5,4,3,3,3,4,6,5,4,3,3
6144,49,68,75,84,91,59,36,49,68,75,84,91,59,36,49,68,75,84,91,59,36
6145,1,1,1,1,1,1,1,1,1,1,1,1,1,1,1,1,1,1,1,1,1
6146,2,3,3,4,5,4,2,2,3,3,4,5,4,2,2,3,3,4,5,4,2
6147,16,28,32,28,26,20,17,16,28,32,28,26,20,17,16,28,32,28,26,20,17
6148,116,127,133,122,106,96,97,116,127,133,122,106,96,97,116,127,133,122,106,96,97
6149,13,19,26,23,18,11,9,13,19,26,23,18,11,9,13,19,26,23,18,11,9
6150,1,2,1,1,1,1,1,1,2,1,1,1,1,1,1,2,1,1,1,1,1
6151,2,2,1,1,1,2,2,2,2,1,1,1,2,2,2,2,1,1,1,2,2
6152,0,0,0,0,0,0,0,0,0,0,0,0,0,0,0,0,0,0,0,0,0
6153,3,3,2,2,2,2,2,3,3,2,2,2,2,2,3,3,2,2,2,2,2
6154,1,1,1,1,1,1,0,1,1,1,1,1,1,0,1,1,1,1,1,1,0
6155,0,0,0,0,0,0,0,0,0,0,0,0,0,0,0,0,0,0,0,0,0
6156,1,1,1,1,1,1,1,1,1,1,1,1,1,1,1,1,1,1,1,1,1
6157,1,1,1,1,1,0,1,1,1,1,1,1,0,1,1,1,1,1,1,0,1
6158,0,1,0,0,0,0,1,0,1,0,0,0,0,1,0,1,0,0,0,0,1
6159,0,0,0,0,0,1,0,0,0,0,0,0,1,0,0,0,0,0,0,1,0
6160,3,3,2,2,2,1,2,3,3,2,2,2,1,2,3,3,2,2,2,1,2
6161,1,1,1,1,1,1,0,1,1,1,1,1,1,0,1,1,1,1,1,1,0
6162,0,0,0,0,0,0,0,0,0,0,0,0,0,0,0,0,0,0,0,0,0
6163,0,0,0,0,0,0,0,0,0,0,0,0,0,0,0,0,0,0,0,0,0
6164,0,0,0,0,0,0,0,0,0,0,0,0,0,0,0,0,0,0,0,0,0
6165,1,0,1,1,0,0,0,1,0,1,1,0,0,0,1,0,1,1,0,0,0
6166,0,0,0,0,0,0,0,0,0,0,0,0,0,0,0,0,0,0,0,0,0
6167,0,0,0,0,0,0,0,0,0,0,0,0,0,0,0,0,0,0,0,0,0
6168,0,2,1,0,0,0,0,0,2,1,0,0,0,0,0,2,1,0,0,0,0
6169,0,0,0,0,0,0,0,0,0,0,0,0,0,0,0,0,0,0,0,0,0
6170,0,0,0,0,0,0,0,0,0,0,0,0,0,0,0,0,0,0,0,0,0
6171,0,0,0,0,0,0,0,0,0,0,0,0,0,0,0,0,0,0,0,0,0
6172,0,0,0,0,0,0,0,0,0,0,0,0,0,0,0,0,0,0,0,0,0
6173,1,1,1,1,1,1,1,1,1,1,1,1,1,1,1,1,1,1,1,1,1
6174,0,0,0,0,0,0,0,0,0,0,0,0,0,0,0,0,0,0,0,0,0
6175,0,0,0,0,0,0,0,0,0,0,0,0,0,0,0,0,0,0,0,0,0
6176,0,0,0,0,0,0,0,0,0,0,0,0,0,0,0,0,0,0,0,0,0
6177,0,0,0,0,0,0,0,0,0,0,0,0,0,0,0,0,0,0,0,0,0
6178,0,0,0,0,0,0,0,0,0,0,0,0,0,0,0,0,0,0,0,0,0
6179,1,1,1,1,2,0,0,1,1,1,1,2,0,0,1,1,1,1,2,0,0
6180,0,0,0,0,0,0,0,0,0,0,0,0,0,0,0,0,0,0,0,0,0
6181,0,0,0,0,0,0,0,0,0,0,0,0,0,0,0,0,0,0,0,0,0
6182,0,0,0,0,0,0,0,0,0,0,0,0,0,0,0,0,0,0,0,0,0
6183,0,0,0,0,0,0,0,0,0,0,0,0,0,0,0,0,0,0,0,0,0
6184,0,0,0,0,0,0,0,0,0,0,0,0,0,0,0,0,0,0,0,0,0
6185,0,0,0,0,0,0,0,0,0,0,0,0,0,0,0,0,0,0,0,0,0
6186,1,2,1,1,1,1,1,1,2,1,1,1,1,1,1,2,1,1,1,1,1
6187,0,0,0,0,0,0,0,0,0,0,0,0,0,0,0,0,0,0,0,0,0
6188,0,0,0,0,0,0,0,0,0,0,0,0,0,0,0,0,0,0,0,0,0
6189,0,0,0,0,0,0,0,0,0,0,0,0,0,0,0,0,0,0,0,0,0
6190,1,1,1,1,0,1,1,1,1,1,1,0,1,1,1,1,1,1,0,1,1
6191,0,0,0,0,0,0,0,0,0,0,0,0,0,0,0,0,0,0,0,0,0
6192,0,0,0,0,0,0,0,0,0,0,0,0,0,0,0,0,0,0,0,0,0
6193,0,0,0,0,0,0,0,0,0,0,0,0,0,0,0,0,0,0,0,0,0
6194,0,0,0,0,0,0,0,0,0,0,0,0,0,0,0,0,0,0,0,0,0
6195,0,0,0,0,0,0,0,0,0,0,0,0,0,0,0,0,0,0,0,0,0
6196,0,0,0,0,0,0,0,0,0,0,0,0,0,0,0,0,0,0,0,0,0
6197,0,0,0,0,0,0,0,0,0,0,0,0,0,0,0,0,0,0,0,0,0
6198,0,0,0,0,0,0,0,0,0,0,0,0,0,0,0,0,0,0,0,0,0
6199,0,0,0,0,0,0,0,0,0,0,0,0,0,0,0,0,0,0,0,0,0
6200,0,0,0,0,0,0,0,0,0,0,0,0,0,0,0,0,0,0,0,0,0
6201,0,0,0,0,0,0,0,0,0,0,0,0,0,0,0,0,0,0,0,0,0
6202,0,0,0,0,0,0,0,0,0,0,0,0,0,0,0,0,0,0,0,0,0
6203,0,0,0,0,0,0,0,0,0,0,0,0,0,0,0,0,0,0,0,0,0
6204,0,0,0,0,0,0,0,0,0,0,0,0,0,0,0,0,0,0,0,0,0
6205,0,0,0,0,0,0,0,0,0,0,0,0,0,0,0,0,0,0,0,0,0
6206,0,0,0,0,0,0,0,0,0,0,0,0,0,0,0,0,0,0,0,0,0
6207,0,0,0,0,0,0,0,0,0,0,0,0,0,0,0,0,0,0,0,0,0
6208,0,0,0,0,0,0,0,0,0,0,0,0,0,0,0,0,0,0,0,0,0
6209,0,0,0,0,0,0,0,0,0,0,0,0,0,0,0,0,0,0,0,0,0
6210,0,0,0,0,0,0,0,0,0,0,0,0,0,0,0,0,0,0,0,0,0
6211,0,0,0,0,0,0,0,0,0,0,0,0,0,0,0,0,0,0,0,0,0
6212,0,0,0,0,0,0,0,0,0,0,0,0,0,0,0,0,0,0,0,0,0
6213,0,0,0,0,0,0,0,0,0,0,0,0,0,0,0,0,0,0,0,0,0
6214,26,4,4,0,0,0,1,26,4,4,0,0,0,1,26,4,4,0,0,0,1
6215,0,0,0,0,0,0,0,0,0,0,0,0,0,0,0,0,0,0,0,0,0
6216,0,0,0,0,0,0,0,0,0,0,0,0,0,0,0,0,0,0,0,0,0
6217,3,5,6,7,7,6,3,3,5,6,7,7,6,3,3,5,6,7,7,6,3
6218,3,9,13,15,12,6,3,3,9,13,15,12,6,3,3,9,13,15,12,6,3
6219,1,1,2,2,2,1,1,1,1,2,2,2,1,1,1,1,2,2,2,1,1
6220,1,1,0,0,0,0,0,1,1,0,0,0,0,0,1,1,0,0,0,0,0
6221,1,1,2,2,2,1,0,1,1,2,2,2,1,0,1,1,2,2,2,1,0
6222,32,32,32,31,28,28,29,32,32,32,31,28,28,29,32,32,32,31,28,28,29
6223,4,5,6,5,5,4,4,4,5,6,5,5,4,4,4,5,6,5,5,4,4
6224,1,1,1,1,1,0,0,1,1,1,1,1,0,0,1,1,1,1,1,0,0
6225,116,127,133,122,106,96,97,116,127,133,122,106,96,97,116,127,133,122,106,96,97
6226,1,1,1,0,0,0,1,1,1,1,0,0,0,1,1,1,1,0,0,0,1
6227,25,27,27,22,17,19,19,25,27,27,22,17,19,19,25,27,27,22,17,19,19
6228,1,1,1,1,1,1,1,1,1,1,1,1,1,1,1,1,1,1,1,1,1
6229,0,0,0,0,0,0,0,0,0,0,0,0,0,0,0,0,0,0,0,0,0
6230,5,5,6,7,9,8,5,5,5,6,7,9,8,5,5,5,6,7,9,8,5
6231,8,8,8,8,8,7,8,8,8,8,8,8,7,8,8,8,8,8,8,7,8
6232,44,49,53,48,40,35,37,44,49,53,48,40,35,37,44,49,53,48,40,35,37
6233,0,0,0,0,0,0,0,0,0,0,0,0,0,0,0,0,0,0,0,0,0
6234,12,7,9,8,8,7,6,12,7,9,8,8,7,6,12,7,9,8,8,7,6
6235,21,25,28,25,22,19,19,21,25,28,25,22,19,19,21,25,28,25,22,19,19
6236,0,0,0,0,0,0,0,0,0,0,0,0,0,0,0,0,0,0,0,0,0
6237,2,3,3,2,2,2,2,2,3,3,2,2,2,2,2,3,3,2,2,2,2
6238,113,127,133,122,106,94,71,113,127,133,122,106,94,71,113,127,133,122,106,94,71
6239,10,12,16,14,19,14,7,10,12,16,14,19,14,7,10,12,16,14,19,14,7
6240,0,0,0,0,0,0,0,0,0,0,0,0,0,0,0,0,0,0,0,0,0
6241,1,1,1,0,0,0,1,1,1,1,0,0,0,1,1,1,1,0,0,0,1
6242,0,0,0,0,0,0,0,0,0,0,0,0,0,0,0,0,0,0,0,0,0
6243,0,0,0,0,0,0,0,0,0,0,0,0,0,0,0,0,0,0,0,0,0
6244,1,1,1,1,1,2,1,1,1,1,1,1,2,1,1,1,1,1,1,2,1
6245,0,0,0,0,0,0,0,0,0,0,0,0,0,0,0,0,0,0,0,0,0
6246,0,0,0,0,0,0,0,0,0,0,0,0,0,0,0,0,0,0,0,0,0
6247,0,0,0,0,0,0,0,0,0,0,0,0,0,0,0,0,0,0,0,0,0
6248,0,0,0,0,0,0,0,0,0,0,0,0,0,0,0,0,0,0,0,0,0
6249,0,0,0,0,0,0,0,0,0,0,0,0,0,0,0,0,0,0,0,0,0
6250,0,0,0,0,0,0,0,0,0,0,0,0,0,0,0,0,0,0,0,0,0
6251,0,0,0,0,0,0,0,0,0,0,0,0,0,0,0,0,0,0,0,0,0
6252,0,0,0,0,0,0,0,0,0,0,0,0,0,0,0,0,0,0,0,0,0
6253,0,0,0,0,0,0,0,0,0,0,0,0,0,0,0,0,0,0,0,0,0
6254,20,23,24,22,18,16,16,20,23,24,22,18,16,16,20,23,24,22,18,16,16
6255,3,3,3,3,3,3,3,3,3,3,3,3,3,3,3,3,3,3,3,3,3
6256,11,11,12,11,10,9,9,11,11,12,11,10,9,9,11,11,12,11,10,9,9
6257,36,39,40,37,33,29,29,36,39,40,37,33,29,29,36,39,40,37,33,29,29
6258,1,1,1,1,1,1,1,1,1,1,1,1,1,1,1,1,1,1,1,1,1
6259,11,13,13,12,10,9,9,11,13,13,12,10,9,9,11,13,13,12,10,9,9
6260,11,12,12,12,10,9,9,11,12,12,12,10,9,9,11,12,12,12,10,9,9
6261,0,0,0,0,0,0,0,0,0,0,0,0,0,0,0,0,0,0,0,0,0
6262,6,5,6,6,6,6,6,6,5,6,6,6,6,6,6,5,6,6,6,6,6
6263,0,0,0,0,0,0,0,0,0,0,0,0,0,0,0,0,0,0,0,0,0
6264,0,0,0,0,0,0,0,0,0,0,0,0,0,0,0,0,0,0,0,0,0
6265,7,10,10,9,8,5,4,7,10,10,9,8,5,4,7,10,10,9,8,5,4
6266,0,0,0,0,0,0,0,0,0,0,0,0,0,0,0,0,0,0,0,0,0
6267,1,2,1,1,1,1,1,1,2,1,1,1,1,1,1,2,1,1,1,1,1
6268,1,0,1,1,0,0,0,1,0,1,1,0,0,0,1,0,1,1,0,0,0
6269,0,0,0,0,0,0,0,0,0,0,0,0,0,0,0,0,0,0,0,0,0
6270,0,0,0,0,0,0,0,0,0,0,0,0,0,0,0,0,0,0,0,0,0
6271,0,0,0,0,0,0,0,0,0,0,0,0,0,0,0,0,0,0,0,0,0
6272,0,0,0,0,0,0,0,0,0,0,0,0,0,0,0,0,0,0,0,0,0
6273,2,2,2,2,2,2,2,2,2,2,2,2,2,2,2,2,2,2,2,2,2
6274,1,1,2,1,1,1,1,1,1,2,1,1,1,1,1,1,2,1,1,1,1
6275,0,0,0,0,0,0,0,0,0,0,0,0,0,0,0,0,0,0,0,0,0
6276,14,17,18,12,9,8,7,14,17,18,12,9,8,7,14,17,18,12,9,8,7
6277,10,10,12,12,10,9,8,10,10,12,12,10,9,8,10,10,12,12,10,9,8
6278,1,1,1,1,1,1,1,1,1,1,1,1,1,1,1,1,1,1,1,1,1
6279,1,1,2,2,1,1,1,1,1,2,2,1,1,1,1,1,2,2,1,1,1
6280,18,20,20,19,19,17,14,18,20,20,19,19,17,14,18,20,20,19,19,17,14
6281,21,22,23,20,18,17,17,21,22,23,20,18,17,17,21,22,23,20,18,17,17
6282,10,12,14,13,12,8,6,10,12,14,13,12,8,6,10,12,14,13,12,8,6
6283,4,4,4,4,4,3,3,4,4,4,4,4,3,3,4,4,4,4,4,3,3
6284,2,2,2,2,2,1,2,2,2,2,2,2,1,2,2,2,2,2,2,1,2
6285,1,1,1,1,1,1,1,1,1,1,1,1,1,1,1,1,1,1,1,1,1
6286,27,28,27,25,23,22,23,27,28,27,25,23,22,23,27,28,27,25,23,22,23
6287,3,3,4,4,3,3,3,3,3,4,4,3,3,3,3,3,4,4,3,3,3
6288,116,127,133,122,106,96,97,116,127,133,122,106,96,97,116,127,133,122,106,96,97
6289,1,1,1,1,1,1,1,1,1,1,1,1,1,1,1,1,1,1,1,1,1
6290,4,4,5,4,4,3,3,4,4,5,4,4,3,3,4,4,5,4,4,3,3
6291,2,2,1,1,1,2,2,2,2,1,1,1,2,2,2,2,1,1,1,2,2
6292,10,15,15,14,12,9,9,10,15,15,14,12,9,9,10,15,15,14,12,9,9
6293,1,2,2,3,2,1,1,1,2,2,3,2,1,1,1,2,2,3,2,1,1
6294,3,4,4,4,4,3,3,3,4,4,4,4,3,3,3,4,4,4,4,3,3
6295,99,104,110,109,104,96,92,99,104,110,109,104,96,92,99,104,110,109,104,96,92
6296,8,8,8,9,8,7,7,8,8,8,9,8,7,7,8,8,8,9,8,7,7
6297,30,35,34,38,30,25,30,30,35,34,38,30,25,30,30,35,34,38,30,25,30
6298,0,0,0,0,0,0,0,0,0,0,0,0,0,0,0,0,0,0,0,0,0
6299,4,5,6,6,4,3,2,4,5,6,6,4,3,2,4,5,6,6,4,3,2
6300,5,4,5,4,3,3,3,5,4,5,4,3,3,3,5,4,5,4,3,3,3
6301,2,2,2,2,1,1,1,2,2,2,2,1,1,1,2,2,2,2,1,1,1
6302,2,2,1,1,1,2,1,2,2,1,1,1,2,1,2,2,1,1,1,2,1
6303,0,0,0,0,0,0,0,0,0,0,0,0,0,0,0,0,0,0,0,0,0
6304,0,0,0,0,0,0,0,0,0,0,0,0,0,0,0,0,0,0,0,0,0
6305,0,0,0,1,0,1,1,0,0,0,1,0,1,1,0,0,0,1,0,1,1
6306,6,6,7,7,6,5,5,6,6,7,7,6,5,5,6,6,7,7,6,5,5
6307,3,4,4,3,3,3,3,3,4,4,3,3,3,3,3,4,4,3,3,3,3
6308,3,4,3,3,3,3,3,3,4,3,3,3,3,3,3,4,3,3,3,3,3
6309,0,0,0,0,0,0,0,0,0,0,0,0,0,0,0,0,0,0,0,0,0
6310,13,13,15,14,12,11,12,13,13,15,14,12,11,12,13,13,15,14,12,11,12
6311,0,1,1,1,1,0,0,0,1,1,1,1,0,0,0,1,1,1,1,0,0
6312,0,0,0,0,0,0,0,0,0,0,0,0,0,0,0,0,0,0,0,0,0
6313,1,1,1,1,1,1,1,1,1,1,1,1,1,1,1,1,1,1,1,1,1
6314,0,0,0,0,0,0,0,0,0,0,0,0,0,0,0,0,0,0,0,0,0
6315,0,0,0,0,0,0,0,0,0,0,0,0,0,0,0,0,0,0,0,0,0
6316,0,0,0,0,0,0,0,0,0,0,0,0,0,0,0,0,0,0,0,0,0
6317,1,1,0,0,0,0,0,1,1,0,0,0,0,0,1,1,0,0,0,0,0
6318,0,0,0,0,0,0,0,0,0,0,0,0,0,0,0,0,0,0,0,0,0
6319,0,0,0,0,0,0,0,0,0,0,0,0,0,0,0,0,0,0,0,0,0
6320,0,0,0,0,0,0,0,0,0,0,0,0,0,0,0,0,0,0,0,0,0
6321,0,0,0,0,0,0,0,0,0,0,0,0,0,0,0,0,0,0,0,0,0
6322,0,1,0,0,0,0,0,0,1,0,0,0,0,0,0,1,0,0,0,0,0
6323,0,0,0,0,0,0,0,0,0,0,0,0,0,0,0,0,0,0,0,0,0
6324,0,0,0,0,0,0,0,0,0,0,0,0,0,0,0,0,0,0,0,0,0
6325,0,0,0,1,0,0,0,0,0,0,1,0,0,0,0,0,0,1,0,0,0
6326,0,0,0,0,0,0,0,0,0,0,0,0,0,0,0,0,0,0,0,0,0
6327,1,1,1,1,1,0,1,1,1,1,1,1,0,1,1,1,1,1,1,0,1
6328,0,0,0,0,0,0,0,0,0,0,0,0,0,0,0,0,0,0,0,0,0
6329,0,0,0,0,0,0,0,0,0,0,0,0,0,0,0,0,0,0,0,0,0
6330,0,0,0,0,0,0,0,0,0,0,0,0,0,0,0,0,0,0,0,0,0
6331,0,0,0,0,0,0,0,0,0,0,0,0,0,0,0,0,0,0,0,0,0
6332,1,1,1,1,1,1,1,1,1,1,1,1,1,1,1,1,1,1,1,1,1
6333,3,3,3,3,2,2,3,3,3,3,3,2,2,3,3,3,3,3,2,2,3
6334,1,1,1,1,1,1,1,1,1,1,1,1,1,1,1,1,1,1,1,1,1
6335,51,54,57,48,46,41,41,51,54,57,48,46,41,41,51,54,57,48,46,41,41
6336,0,0,0,0,0,0,0,0,0,0,0,0,0,0,0,0,0,0,0,0,0
6337,0,0,1,0,0,0,0,0,0,1,0,0,0,0,0,0,1,0,0,0,0
6338,0,0,1,1,0,0,0,0,0,1,1,0,0,0,0,0,1,1,0,0,0
6339,28,33,38,38,32,25,22,28,33,38,38,32,25,22,28,33,38,38,32,25,22
6340,9,8,8,9,8,8,7,9,8,8,9,8,8,7,9,8,8,9,8,8,7
6341,1,1,1,1,1,1,1,1,1,1,1,1,1,1,1,1,1,1,1,1,1
6342,0,0,0,0,0,0,0,0,0,0,0,0,0,0,0,0,0,0,0,0,0
6343,3,4,4,3,3,2,2,3,4,4,3,3,2,2,3,4,4,3,3,2,2
6344,10,9,10,8,6,7,8,10,9,10,8,6,7,8,10,9,10,8,6,7,8
6345,2,2,2,2,2,1,2,2,2,2,2,2,1,2,2,2,2,2,2,1,2
6346,0,0,0,0,0,0,0,0,0,0,0,0,0,0,0,0,0,0,0,0,0
6347,0,0,0,0,0,0,0,0,0,0,0,0,0,0,0,0,0,0,0,0,0
6348,7,7,8,7,6,6,6,7,7,8,7,6,6,6,7,7,8,7,6,6,6
6349,25,29,33,29,25,24,20,25,29,33,29,25,24,20,25,29,33,29,25,24,20
6350,2,1,1,1,0,0,0,2,1,1,1,0,0,0,2,1,1,1,0,0,0
6351,1,1,1,1,0,0,1,1,1,1,1,0,0,1,1,1,1,1,0,0,1
6352,0,0,0,0,0,0,0,0,0,0,0,0,0,0,0,0,0,0,0,0,0
6353,0,0,0,0,0,0,0,0,0,0,0,0,0,0,0,0,0,0,0,0,0
6354,0,0,0,0,0,0,0,0,0,0,0,0,0,0,0,0,0,0,0,0,0
6355,0,0,0,0,0,0,0,0,0,0,0,0,0,0,0,0,0,0,0,0,0
6356,0,0,0,0,0,0,0,0,0,0,0,0,0,0,0,0,0,0,0,0,0
6357,1,1,1,1,1,1,1,1,1,1,1,1,1,1,1,1,1,1,1,1,1
6358,0,0,0,0,0,0,0,0,0,0,0,0,0,0,0,0,0,0,0,0,0
6359,3,3,4,3,3,3,3,3,3,4,3,3,3,3,3,3,4,3,3,3,3
6360,2,2,1,1,1,1,1,2,2,1,1,1,1,1,2,2,1,1,1,1,1
6361,0,0,0,0,0,0,0,0,0,0,0,0,0,0,0,0,0,0,0,0,0
6362,13,14,15,13,11,10,11,13,14,15,13,11,10,11,13,14,15,13,11,10,11
6363,2,3,3,3,2,2,2,2,3,3,3,2,2,2,2,3,3,3,2,2,2
6364,4,4,5,5,4,3,3,4,4,5,5,4,3,3,4,4,5,5,4,3,3
6365,3,3,3,3,2,2,2,3,3,3,3,2,2,2,3,3,3,3,2,2,2
6366,1,1,1,1,1,1,1,1,1,1,1,1,1,1,1,1,1,1,1,1,1
6367,1,1,2,1,1,1,1,1,1,2,1,1,1,1,1,1,2,1,1,1,1
6368,1,1,1,1,1,1,0,1,1,1,1,1,1,0,1,1,1,1,1,1,0
6369,0,0,0,0,0,0,0,0,0,0,0,0,0,0,0,0,0,0,0,0,0
6370,7,8,8,7,6,5,6,7,8,8,7,6,5,6,7,8,8,7,6,5,6
6371,0,0,1,1,1,0,0,0,0,1,1,1,0,0,0,0,1,1,1,0,0
6372,3,4,4,4,3,3,3,3,4,4,4,3,3,3,3,4,4,4,3,3,3
6373,1,1,1,1,1,1,1,1,1,1,1,1,1,1,1,1,1,1,1,1,1
6374,27,28,26,23,20,20,22,27,28,26,23,20,20,22,27,28,26,23,20,20,22
6375,8,8,8,8,7,6,6,8,8,8,8,7,6,6,8,8,8,8,7,6,6
6376,24,24,25,25,23,22,21,24,24,25,25,23,22,21,24,24,25,25,23,22,21
6377,1,0,0,0,0,0,0,1,0,0,0,0,0,0,1,0,0,0,0,0,0
6378,25,26,27,25,22,22,21,25,26,27,25,22,22,21,25,26,27,25,22,22,21
6379,11,12,13,8,7,7,8,11,12,13,8,7,7,8,11,12,13,8,7,7,8
6380,56,59,58,55,48,49,48,56,59,58,55,48,49,48,56,59,58,55,48,49,48
6381,5,6,6,4,3,2,3,5,6,6,4,3,2,3,5,6,6,4,3,2,3
6382,19,22,23,21,18,15,13,19,22,23,21,18,15,13,19,22,23,21,18,15,13
6383,7,7,7,8,8,6,5,7,7,7,8,8,6,5,7,7,7,8,8,6,5
6384,5,6,6,6,5,4,4,5,6,6,6,5,4,4,5,6,6,6,5,4,4
6385,0,0,0,0,0,0,0,0,0,0,0,0,0,0,0,0,0,0,0,0,0
6386,2,2,3,3,3,3,3,2,2,3,3,3,3,3,2,2,3,3,3,3,3
6387,0,1,0,0,0,1,0,0,1,0,0,0,1,0,0,1,0,0,0,1,0
6388,0,0,0,0,0,0,0,0,0,0,0,0,0,0,0,0,0,0,0,0,0
6389,4,3,3,2,2,2,2,4,3,3,2,2,2,2,4,3,3,2,2,2,2
6390,1,1,1,1,1,0,0,1,1,1,1,1,0,0,1,1,1,1,1,0,0
6391,25,28,29,33,30,29,25,25,28,29,33,30,29,25,25,28,29,33,30,29,25
6392,9,9,11,13,11,9,7,9,9,11,13,11,9,7,9,9,11,13,11,9,7
6393,1,1,1,1,1,1,0,1,1,1,1,1,1,0,1,1,1,1,1,1,0
6394,1,1,1,1,1,1,1,1,1,1,1,1,1,1,1,1,1,1,1,1,1
6395,5,5,5,3,4,4,5,5,5,5,3,4,4,5,5,5,5,3,4,4,5
6396,1,0,0,0,0,0,1,1,0,0,0,0,0,1,1,0,0,0,0,0,1
6397,0,0,0,0,0,0,0,0,0,0,0,0,0,0,0,0,0,0,0,0,0
6398,0,0,0,0,0,0,0,0,0,0,0,0,0,0,0,0,0,0,0,0,0
6399,0,0,0,0,0,0,0,0,0,0,0,0,0,0,0,0,0,0,0,0,0
6400,0,1,0,0,0,0,0,0,1,0,0,0,0,0,0,1,0,0,0,0,0
6401,1,1,1,1,1,1,1,1,1,1,1,1,1,1,1,1,1,1,1,1,1
6402,0,0,0,0,0,0,0,0,0,0,0,0,0,0,0,0,0,0,0,0,0
6403,0,0,0,0,1,1,1,0,0,0,0,1,1,1,0,0,0,0,1,1,1
6404,0,0,0,0,0,0,0,0,0,0,0,0,0,0,0,0,0,0,0,0,0
6405,0,0,0,0,0,0,0,0,0,0,0,0,0,0,0,0,0,0,0,0,0
6406,0,0,0,1,1,0,0,0,0,0,1,1,0,0,0,0,0,1,1,0,0
6407,0,0,0,0,0,0,0,0,0,0,0,0,0,0,0,0,0,0,0,0,0
6408,0,0,0,0,1,1,0,0,0,0,0,1,1,0,0,0,0,0,1,1,0
6409,0,0,0,0,0,0,0,0,0,0,0,0,0,0,0,0,0,0,0,0,0
6410,0,0,0,0,0,0,0,0,0,0,0,0,0,0,0,0,0,0,0,0,0
6411,0,0,0,0,0,0,0,0,0,0,0,0,0,0,0,0,0,0,0,0,0
6412,0,0,0,0,0,0,0,0,0,0,0,0,0,0,0,0,0,0,0,0,0
6413,0,0,0,0,0,0,0,0,0,0,0,0,0,0,0,0,0,0,0,0,0
6414,0,0,0,0,0,0,0,0,0,0,0,0,0,0,0,0,0,0,0,0,0
6415,0,0,0,0,0,0,0,0,0,0,0,0,0,0,0,0,0,0,0,0,0
6416,0,0,0,0,0,0,0,0,0,0,0,0,0,0,0,0,0,0,0,0,0
6417,2,2,2,2,1,1,2,2,2,2,2,1,1,2,2,2,2,2,1,1,2
6418,7,7,7,6,5,4,5,7,7,7,6,5,4,5,7,7,7,6,5,4,5
6419,0,0,0,0,0,0,0,0,0,0,0,0,0,0,0,0,0,0,0,0,0
6420,0,0,0,0,0,0,0,0,0,0,0,0,0,0,0,0,0,0,0,0,0
6421,0,0,0,0,0,0,0,0,0,0,0,0,0,0,0,0,0,0,0,0,0
6422,0,0,0,0,0,0,0,0,0,0,0,0,0,0,0,0,0,0,0,0,0
6423,5,9,13,10,8,5,5,5,9,13,10,8,5,5,5,9,13,10,8,5,5
6424,37,45,45,42,37,30,28,37,45,45,42,37,30,28,37,45,45,42,37,30,28
6425,39,47,51,50,39,31,30,39,47,51,50,39,31,30,39,47,51,50,39,31,30
6426,33,40,41,40,34,29,28,33,40,41,40,34,29,28,33,40,41,40,34,29,28
6427,12,16,18,14,10,7,7,12,16,18,14,10,7,7,12,16,18,14,10,7,7
6428,4,6,8,7,5,4,3,4,6,8,7,5,4,3,4,6,8,7,5,4,3
6429,19,25,26,28,23,18,15,19,25,26,28,23,18,15,19,25,26,28,23,18,15
6430,12,14,15,14,14,11,9,12,14,15,14,14,11,9,12,14,15,14,14,11,9
6431,12,15,14,13,9,8,8,12,15,14,13,9,8,8,12,15,14,13,9,8,8
6432,14,16,17,18,15,12,12,14,16,17,18,15,12,12,14,16,17,18,15,12,12
6433,12,14,16,14,11,10,11,12,14,16,14,11,10,11,12,14,16,14,11,10,11
6434,20,21,20,21,17,15,16,20,21,20,21,17,15,16,20,21,20,21,17,15,16
6435,35,43,43,41,34,28,26,35,43,43,41,34,28,26,35,43,43,41,34,28,26
6436,63,71,73,72,64,53,51,63,71,73,72,64,53,51,63,71,73,72,64,53,51
6437,31,33,34,32,30,27,26,31,33,34,32,30,27,26,31,33,34,32,30,27,26
6438,48,52,52,49,41,37,38,48,52,52,49,41,37,38,48,52,52,49,41,37,38
6439,34,40,42,39,31,26,26,34,40,42,39,31,26,26,34,40,42,39,31,26,26
6440,15,25,26,19,14,10,8,15,25,26,19,14,10,8,15,25,26,19,14,10,8
6441,0,0,0,0,0,0,0,0,0,0,0,0,0,0,0,0,0,0,0,0,0
6442,0,0,0,0,0,0,0,0,0,0,0,0,0,0,0,0,0,0,0,0,0
6443,0,0,1,1,1,1,1,0,0,1,1,1,1,1,0,0,1,1,1,1,1
6444,0,0,0,0,0,0,0,0,0,0,0,0,0,0,0,0,0,0,0,0,0
6445,14,14,9,8,6,8,10,14,14,9,8,6,8,10,14,14,9,8,6,8,10
6446,22,24,26,24,22,22,20,22,24,26,24,22,22,20,22,24,26,24,22,22,20
6447,3,4,3,3,3,3,3,3,4,3,3,3,3,3,3,4,3,3,3,3,3
6448,0,0,0,0,0,0,0,0,0,0,0,0,0,0,0,0,0,0,0,0,0
6449,0,0,1,0,0,0,0,0,0,1,0,0,0,0,0,0,1,0,0,0,0
6450,116,127,130,121,106,96,97,116,127,130,121,106,96,97,116,127,130,121,106,96,97
6451,10,11,11,10,9,9,9,10,11,11,10,9,9,9,10,11,11,10,9,9,9
6452,3,2,1,1,1,2,2,3,2,1,1,1,2,2,3,2,1,1,1,2,2
6453,22,24,25,25,25,23,21,22,24,25,25,25,23,21,22,24,25,25,25,23,21
6454,17,21,23,22,18,15,14,17,21,23,22,18,15,14,17,21,23,22,18,15,14
6455,0,0,1,0,0,0,0,0,0,1,0,0,0,0,0,0,1,0,0,0,0
6456,1,1,1,1,1,1,1,1,1,1,1,1,1,1,1,1,1,1,1,1,1
6457,38,43,43,43,37,34,31,38,43,43,43,37,34,31,38,43,43,43,37,34,31
6458,1,1,1,1,2,2,1,1,1,1,1,2,2,1,1,1,1,1,2,2,1
6459,0,0,0,0,0,0,0,0,0,0,0,0,0,0,0,0,0,0,0,0,0
6460,54,67,70,73,64,48,43,54,67,70,73,64,48,43,54,67,70,73,64,48,43
6461,1,1,1,1,0,0,1,1,1,1,1,0,0,1,1,1,1,1,0,0,1
6462,0,0,0,0,0,0,0,0,0,0,0,0,0,0,0,0,0,0,0,0,0
6463,0,0,1,0,0,0,0,0,0,1,0,0,0,0,0,0,1,0,0,0,0
6464,103,113,114,90,95,88,91,103,113,114,90,95,88,91,103,113,114,90,95,88,91
6465,26,30,34,34,28,22,21,26,30,34,34,28,22,21,26,30,34,34,28,22,21
6466,7,9,9,8,7,6,6,7,9,9,8,7,6,6,7,9,9,8,7,6,6
6467,48,50,47,46,49,49,47,48,50,47,46,49,49,47,48,50,47,46,49,49,47
6468,1,1,1,1,1,1,0,1,1,1,1,1,1,0,1,1,1,1,1,1,0
6469,74,89,91,88,86,76,73,74,89,91,88,86,76,73,74,89,91,88,86,76,73
6470,1,2,2,2,3,2,1,1,2,2,2,3,2,1,1,2,2,2,3,2,1
6471,8,9,9,8,9,9,9,8,9,9,8,9,9,9,8,9,9,8,9,9,9
6472,3,4,4,3,2,2,2,3,4,4,3,2,2,2,3,4,4,3,2,2,2
6473,2,3,3,3,3,3,2,2,3,3,3,3,3,2,2,3,3,3,3,3,2
6474,13,13,13,11,12,12,11,13,13,13,11,12,12,11,13,13,13,11,12,12,11
6475,8,7,8,7,6,7,8,8,7,8,7,6,7,8,8,7,8,7,6,7,8
6476,0,0,0,0,0,1,0,0,0,0,0,0,1,0,0,0,0,0,0,1,0
6477,0,0,0,0,0,0,0,0,0,0,0,0,0,0,0,0,0,0,0,0,0
6478,0,0,0,0,0,0,0,0,0,0,0,0,0,0,0,0,0,0,0,0,0
6479,0,0,0,0,0,0,0,0,0,0,0,0,0,0,0,0,0,0,0,0,0
6480,0,0,0,0,0,0,0,0,0,0,0,0,0,0,0,0,0,0,0,0,0
6481,0,0,0,0,0,0,0,0,0,0,0,0,0,0,0,0,0,0,0,0,0
6482,0,0,0,0,0,0,0,0,0,0,0,0,0,0,0,0,0,0,0,0,0
6483,0,0,0,0,0,0,0,0,0,0,0,0,0,0,0,0,0,0,0,0,0
6484,0,0,0,0,0,0,0,0,0,0,0,0,0,0,0,0,0,0,0,0,0
6485,0,0,0,0,0,0,0,0,0,0,0,0,0,0,0,0,0,0,0,0,0
6486,0,0,0,0,0,0,0,0,0,0,0,0,0,0,0,0,0,0,0,0,0
6487,0,0,0,0,0,0,0,0,0,0,0,0,0,0,0,0,0,0,0,0,0
6488,0,1,0,0,0,0,0,0,1,0,0,0,0,0,0,1,0,0,0,0,0
6489,0,0,0,0,0,0,0,0,0,0,0,0,0,0,0,0,0,0,0,0,0
6490,0,0,0,0,0,0,0,0,0,0,0,0,0,0,0,0,0,0,0,0,0
6491,6,0,0,0,0,0,0,6,0,0,0,0,0,0,6,0,0,0,0,0,0
6492,1,1,2,1,1,1,1,1,1,2,1,1,1,1,1,1,2,1,1,1,1
6493,2,2,2,1,1,1,1,2,2,2,1,1,1,1,2,2,2,1,1,1,1
6494,6,8,9,8,7,5,6,6,8,9,8,7,5,6,6,8,9,8,7,5,6
6495,1,1,1,1,1,1,1,1,1,1,1,1,1,1,1,1,1,1,1,1,1
6496,2,2,2,2,2,1,1,2,2,2,2,2,1,1,2,2,2,2,2,1,1
6497,0,0,0,0,0,0,0,0,0,0,0,0,0,0,0,0,0,0,0,0,0
6498,1,1,0,0,0,0,1,1,1,0,0,0,0,1,1,1,0,0,0,0,1
6499,1,1,0,0,0,0,1,1,1,0,0,0,0,1,1,1,0,0,0,0,1
6500,0,0,0,0,0,0,0,0,0,0,0,0,0,0,0,0,0,0,0,0,0
6501,0,0,0,0,0,0,0,0,0,0,0,0,0,0,0,0,0,0,0,0,0
6502,0,0,0,0,0,0,0,0,0,0,0,0,0,0,0,0,0,0,0,0,0
6503,2,2,2,2,2,1,1,2,2,2,2,2,1,1,2,2,2,2,2,1,1
6504,5,4,4,4,4,4,5,5,4,4,4,4,4,5,5,4,4,4,4,4,5
6505,6,8,8,6,5,4,4,6,8,8,6,5,4,4,6,8,8,6,5,4,4
6506,0,0,0,0,0,0,0,0,0,0,0,0,0,0,0,0,0,0,0,0,0
6507,0,0,0,0,0,0,0,0,0,0,0,0,0,0,0,0,0,0,0,0,0
6508,0,0,0,0,0,0,0,0,0,0,0,0,0,0,0,0,0,0,0,0,0
6509,0,0,0,0,0,0,0,0,0,0,0,0,0,0,0,0,0,0,0,0,0
6510,0,0,0,0,0,0,0,0,0,0,0,0,0,0,0,0,0,0,0,0,0
6511,0,0,0,0,0,0,0,0,0,0,0,0,0,0,0,0,0,0,0,0,0
6512,0,0,0,0,0,0,0,0,0,0,0,0,0,0,0,0,0,0,0,0,0
6513,0,0,0,0,0,0,0,0,0,0,0,0,0,0,0,0,0,0,0,0,0
6514,0,0,0,0,0,0,0,0,0,0,0,0,0,0,0,0,0,0,0,0,0
6515,0,0,0,0,0,0,0,0,0,0,0,0,0,0,0,0,0,0,0,0,0
6516,0,0,0,0,0,0,0,0,0,0,0,0,0,0,0,0,0,0,0,0,0
6517,0,0,0,0,0,0,0,0,0,0,0,0,0,0,0,0,0,0,0,0,0
6518,0,0,0,0,0,0,0,0,0,0,0,0,0,0,0,0,0,0,0,0,0
6519,0,0,0,0,0,0,0,0,0,0,0,0,0,0,0,0,0,0,0,0,0
6520,0,0,0,0,0,0,0,0,0,0,0,0,0,0,0,0,0,0,0,0,0
6521,0,0,0,0,0,0,0,0,0,0,0,0,0,0,0,0,0,0,0,0,0
6522,0,0,0,0,0,0,0,0,0,0,0,0,0,0,0,0,0,0,0,0,0
6523,0,0,0,0,0,0,0,0,0,0,0,0,0,0,0,0,0,0,0,0,0
6524,0,0,0,0,0,0,0,0,0,0,0,0,0,0,0,0,0,0,0,0,0
6525,1,1,1,1,1,1,0,1,1,1,1,1,1,0,1,1,1,1,1,1,0
6526,1,1,1,1,1,0,0,1,1,1,1,1,0,0,1,1,1,1,1,0,0
6527,1,1,1,1,1,1,0,1,1,1,1,1,1,0,1,1,1,1,1,1,0
6528,116,127,133,122,106,96,97,116,127,133,122,106,96,97,116,127,133,122,106,96,97
6529,0,0,0,0,0,0,0,0,0,0,0,0,0,0,0,0,0,0,0,0,0
6530,6,7,7,6,5,5,6,6,7,7,6,5,5,6,6,7,7,6,5,5,6
6531,3,3,3,3,2,2,2,3,3,3,3,2,2,2,3,3,3,3,2,2,2
6532,2,2,2,2,2,2,1,2,2,2,2,2,2,1,2,2,2,2,2,2,1
6533,4,4,4,5,5,3,3,4,4,4,5,5,3,3,4,4,4,5,5,3,3
6534,3,3,4,3,3,2,2,3,3,4,3,3,2,2,3,3,4,3,3,2,2
6535,5,6,6,5,4,4,4,5,6,6,5,4,4,4,5,6,6,5,4,4,4
6536,5,5,6,5,4,4,4,5,5,6,5,4,4,4,5,5,6,5,4,4,4
6537,7,8,8,7,7,5,6,7,8,8,7,7,5,6,7,8,8,7,7,5,6
6538,45,49,50,53,52,45,40,45,49,50,53,52,45,40,45,49,50,53,52,45,40
6539,25,27,28,28,28,23,22,25,27,28,28,28,23,22,25,27,28,28,28,23,22
6540,1,2,2,2,1,1,1,1,2,2,2,1,1,1,1,2,2,2,1,1,1
6541,11,15,15,15,12,10,9,11,15,15,15,12,10,9,11,15,15,15,12,10,9
6542,116,127,133,122,106,96,97,116,127,133,122,106,96,97,116,127,133,122,106,96,97
6543,4,4,5,4,4,4,4,4,4,5,4,4,4,4,4,4,5,4,4,4,4
6544,25,27,28,27,24,21,23,25,27,28,27,24,21,23,25,27,28,27,24,21,23
6545,0,0,0,0,0,0,0,0,0,0,0,0,0,0,0,0,0,0,0,0,0
6546,3,3,4,2,3,2,2,3,3,4,2,3,2,2,3,3,4,2,3,2,2
6547,5,5,6,5,5,4,4,5,5,6,5,5,4,4,5,5,6,5,5,4,4
6548,2,3,3,2,2,2,2,2,3,3,2,2,2,2,2,3,3,2,2,2,2
6549,2,1,2,1,1,1,2,2,1,2,1,1,1,2,2,1,2,1,1,1,2
6550,0,0,0,0,0,0,0,0,0,0,0,0,0,0,0,0,0,0,0,0,0
6551,0,0,0,0,0,0,0,0,0,0,0,0,0,0,0,0,0,0,0,0,0
6552,0,0,0,0,0,0,0,0,0,0,0,0,0,0,0,0,0,0,0,0,0
6553,3,3,3,3,2,2,3,3,3,3,3,2,2,3,3,3,3,3,2,2,3
6554,2,3,2,2,2,2,3,2,3,2,2,2,2,3,2,3,2,2,2,2,3
6555,0,0,0,0,0,0,0,0,0,0,0,0,0,0,0,0,0,0,0,0,0
6556,0,0,0,0,0,0,0,0,0,0,0,0,0,0,0,0,0,0,0,0,0
6557,1,1,0,0,0,0,0,1,1,0,0,0,0,0,1,1,0,0,0,0,0
6558,2,2,2,2,2,2,2,2,2,2,2,2,2,2,2,2,2,2,2,2,2
6559,14,15,15,14,14,12,11,14,15,15,14,14,12,11,14,15,15,14,14,12,11
6560,1,2,2,2,2,1,1,1,2,2,2,2,1,1,1,2,2,2,2,1,1
6561,0,0,0,0,0,0,0,0,0,0,0,0,0,0,0,0,0,0,0,0,0
6562,0,0,0,0,0,0,0,0,0,0,0,0,0,0,0,0,0,0,0,0,0
6563,6,7,7,6,6,6,6,6,7,7,6,6,6,6,6,7,7,6,6,6,6
6564,0,0,0,0,0,0,0,0,0,0,0,0,0,0,0,0,0,0,0,0,0
6565,0,0,0,0,0,0,0,0,0,0,0,0,0,0,0,0,0,0,0,0,0
6566,0,0,0,0,0,0,0,0,0,0,0,0,0,0,0,0,0,0,0,0,0
6567,2,1,1,2,1,1,1,2,1,1,2,1,1,1,2,1,1,2,1,1,1
6568,68,71,78,74,68,56,56,68,71,78,74,68,56,56,68,71,78,74,68,56,56
6569,35,37,39,36,31,29,30,35,37,39,36,31,29,30,35,37,39,36,31,29,30
6570,55,49,49,47,43,40,42,55,49,49,47,43,40,42,55,49,49,47,43,40,42
6571,3,3,3,3,3,2,2,3,3,3,3,3,2,2,3,3,3,3,3,2,2
6572,30,26,27,21,19,17,18,30,26,27,21,19,17,18,30,26,27,21,19,17,18
6573,0,0,0,0,0,0,0,0,0,0,0,0,0,0,0,0,0,0,0,0,0
6574,2,2,2,1,1,1,1,2,2,2,1,1,1,1,2,2,2,1,1,1,1
6575,2,2,2,2,2,2,2,2,2,2,2,2,2,2,2,2,2,2,2,2,2
6576,8,7,7,5,5,5,6,8,7,7,5,5,5,6,8,7,7,5,5,5,6
6577,20,19,19,16,18,17,17,20,19,19,16,18,17,17,20,19,19,16,18,17,17
6578,8,10,10,9,7,6,6,8,10,10,9,7,6,6,8,10,10,9,7,6,6
6579,4,5,4,2,2,3,3,4,5,4,2,2,3,3,4,5,4,2,2,3,3
6580,0,0,0,0,0,0,0,0,0,0,0,0,0,0,0,0,0,0,0,0,0
6581,5,5,6,5,5,4,4,5,5,6,5,5,4,4,5,5,6,5,5,4,4
6582,1,1,1,1,1,1,1,1,1,1,1,1,1,1,1,1,1,1,1,1,1
6583,8,8,11,7,7,8,8,8,8,11,7,7,8,8,8,8,11,7,7,8,8
6584,9,10,13,13,9,6,6,9,10,13,13,9,6,6,9,10,13,13,9,6,6
6585,10,10,8,9,7,8,8,10,10,8,9,7,8,8,10,10,8,9,7,8,8
6586,29,32,34,35,31,28,26,29,32,34,35,31,28,26,29,32,34,35,31,28,26
6587,0,1,1,1,1,0,0,0,1,1,1,1,0,0,0,1,1,1,1,0,0
6588,0,0,0,0,0,0,0,0,0,0,0,0,0,0,0,0,0,0,0,0,0
6589,1,1,1,1,0,1,1,1,1,1,1,0,1,1,1,1,1,1,0,1,1
6590,1,1,0,0,0,1,1,1,1,0,0,0,1,1,1,1,0,0,0,1,1
6591,0,1,2,1,0,1,0,0,1,2,1,0,1,0,0,1,2,1,0,1,0
6592,1,2,2,3,2,2,2,1,2,2,3,2,2,2,1,2,2,3,2,2,2
6593,1,1,1,0,0,0,1,1,1,1,0,0,0,1,1,1,1,0,0,0,1
6594,0,0,0,0,0,0,0,0,0,0,0,0,0,0,0,0,0,0,0,0,0
6595,0,0,0,0,0,0,0,0,0,0,0,0,0,0,0,0,0,0,0,0,0
6596,0,0,0,0,0,0,0,0,0,0,0,0,0,0,0,0,0,0,0,0,0
6597,0,0,0,0,0,0,0,0,0,0,0,0,0,0,0,0,0,0,0,0,0
6598,0,0,0,0,0,1,1,0,0,0,0,0,1,1,0,0,0,0,0,1,1
6599,0,0,0,0,0,0,0,0,0,0,0,0,0,0,0,0,0,0,0,0,0
6600,0,0,0,0,0,0,0,0,0,0,0,0,0,0,0,0,0,0,0,0,0
6601,0,0,0,0,0,0,0,0,0,0,0,0,0,0,0,0,0,0,0,0,0
6602,1,1,1,0,1,1,1,1,1,1,0,1,1,1,1,1,1,0,1,1,1
6603,0,0,0,0,0,0,0,0,0,0,0,0,0,0,0,0,0,0,0,0,0
6604,0,0,0,0,0,0,0,0,0,0,0,0,0,0,0,0,0,0,0,0,0
6605,0,0,0,0,0,0,0,0,0,0,0,0,0,0,0,0,0,0,0,0,0
6606,0,0,0,0,0,0,0,0,0,0,0,0,0,0,0,0,0,0,0,0,0
6607,0,0,0,0,0,0,0,0,0,0,0,0,0,0,0,0,0,0,0,0,0
6608,0,0,0,0,0,0,0,0,0,0,0,0,0,0,0,0,0,0,0,0,0
6609,0,0,0,0,0,0,0,0,0,0,0,0,0,0,0,0,0,0,0,0,0
6610,0,0,0,0,0,0,0,0,0,0,0,0,0,0,0,0,0,0,0,0,0
6611,0,0,0,0,0,0,0,0,0,0,0,0,0,0,0,0,0,0,0,0,0
6612,116,127,133,122,106,96,97,116,127,133,122,106,96,97,116,127,133,122,106,96,97
6613,8,11,12,12,11,9,8,8,11,12,12,11,9,8,8,11,12,12,11,9,8
6614,1,1,1,1,1,1,0,1,1,1,1,1,1,0,1,1,1,1,1,1,0
6615,0,0,0,0,0,0,0,0,0,0,0,0,0,0,0,0,0,0,0,0,0
6616,0,0,0,0,0,0,0,0,0,0,0,0,0,0,0,0,0,0,0,0,0
6617,5,5,6,5,5,5,5,5,5,6,5,5,5,5,5,5,6,5,5,5,5
6618,3,4,4,4,3,3,3,3,4,4,4,3,3,3,3,4,4,4,3,3,3
6619,1,0,0,1,0,0,0,1,0,0,1,0,0,0,1,0,0,1,0,0,0
6620,0,1,0,1,0,0,0,0,1,0,1,0,0,0,0,1,0,1,0,0,0
6621,4,5,5,5,4,2,3,4,5,5,5,4,2,3,4,5,5,5,4,2,3
6622,8,9,9,9,9,8,8,8,9,9,9,9,8,8,8,9,9,9,9,8,8
6623,44,47,48,44,37,38,37,44,47,48,44,37,38,37,44,47,48,44,37,38,37
6624,2,3,2,2,1,1,2,2,3,2,2,1,1,2,2,3,2,2,1,1,2
6625,7,9,10,9,8,6,5,7,9,10,9,8,6,5,7,9,10,9,8,6,5
6626,3,3,3,3,3,2,2,3,3,3,3,3,2,2,3,3,3,3,3,2,2
6627,2,2,2,2,2,2,1,2,2,2,2,2,2,1,2,2,2,2,2,2,1
6628,3,4,4,4,3,2,2,3,4,4,4,3,2,2,3,4,4,4,3,2,2
6629,3,3,3,3,3,2,2,3,3,3,3,3,2,2,3,3,3,3,3,2,2
6630,3,4,3,3,2,3,3,3,4,3,3,2,3,3,3,4,3,3,2,3,3
6631,2,2,3,2,2,1,1,2,2,3,2,2,1,1,2,2,3,2,2,1,1
6632,1,1,1,1,1,1,1,1,1,1,1,1,1,1,1,1,1,1,1,1,1
6633,11,13,12,11,9,9,9,11,13,12,11,9,9,9,11,13,12,11,9,9,9
6634,1,1,1,1,1,1,1,1,1,1,1,1,1,1,1,1,1,1,1,1,1
6635,1,1,1,1,1,1,1,1,1,1,1,1,1,1,1,1,1,1,1,1,1
6636,1,2,1,1,2,1,1,1,2,1,1,2,1,1,1,2,1,1,2,1,1
6637,8,8,9,8,7,7,7,8,8,9,8,7,7,7,8,8,9,8,7,7,7
6638,1,2,1,1,1,1,1,1,2,1,1,1,1,1,1,2,1,1,1,1,1
6639,42,63,49,57,39,64,55,42,63,49,57,39,64,55,42,63,49,57,39,64,55
6640,5,3,3,2,2,2,4,5,3,3,2,2,2,4,5,3,3,2,2,2,4
6641,0,0,0,0,0,0,0,0,0,0,0,0,0,0,0,0,0,0,0,0,0
6642,2,1,1,2,1,1,1,2,1,1,2,1,1,1,2,1,1,2,1,1,1
6643,0,0,0,0,0,0,0,0,0,0,0,0,0,0,0,0,0,0,0,0,0
6644,1,1,1,2,1,0,0,1,1,1,2,1,0,0,1,1,1,2,1,0,0
6645,0,0,0,0,0,0,0,0,0,0,0,0,0,0,0,0,0,0,0,0,0
6646,0,0,0,0,0,0,0,0,0,0,0,0,0,0,0,0,0,0,0,0,0
6647,4,4,4,3,3,3,4,4,4,4,3,3,3,4,4,4,4,3,3,3,4
6648,0,0,0,0,0,0,0,0,0,0,0,0,0,0,0,0,0,0,0,0,0
6649,8,9,11,10,8,6,6,8,9,11,10,8,6,6,8,9,11,10,8,6,6
6650,1,1,1,1,1,1,1,1,1,1,1,1,1,1,1,1,1,1,1,1,1
6651,25,29,35,38,29,18,15,25,29,35,38,29,18,15,25,29,35,38,29,18,15
6652,51,55,56,51,37,35,39,51,55,56,51,37,35,39,51,55,56,51,37,35,39
6653,0,0,0,0,0,0,0,0,0,0,0,0,0,0,0,0,0,0,0,0,0
6654,11,10,11,10,10,10,10,11,10,11,10,10,10,10,11,10,11,10,10,10,10
6655,3,3,3,3,2,3,2,3,3,3,3,2,3,2,3,3,3,3,2,3,2
6656,0,0,0,0,0,0,0,0,0,0,0,0,0,0,0,0,0,0,0,0,0
6657,1,1,1,1,1,1,1,1,1,1,1,1,1,1,1,1,1,1,1,1,1
6658,0,0,0,0,0,0,0,0,0,0,0,0,0,0,0,0,0,0,0,0,0
6659,4,4,4,4,4,4,3,4,4,4,4,4,4,3,4,4,4,4,4,4,3
6660,0,0,0,0,0,0,0,0,0,0,0,0,0,0,0,0,0,0,0,0,0
6661,0,0,0,0,0,0,0,0,0,0,0,0,0,0,0,0,0,0,0,0,0
6662,0,0,0,0,0,0,0,0,0,0,0,0,0,0,0,0,0,0,0,0,0
6663,0,0,0,0,0,0,0,0,0,0,0,0,0,0,0,0,0,0,0,0,0
6664,0,0,0,0,0,0,0,0,0,0,0,0,0,0,0,0,0,0,0,0,0
6665,0,0,0,0,0,0,0,0,0,0,0,0,0,0,0,0,0,0,0,0,0
6666,0,0,0,0,0,0,0,0,0,0,0,0,0,0,0,0,0,0,0,0,0
6667,0,0,0,0,0,0,0,0,0,0,0,0,0,0,0,0,0,0,0,0,0
6668,0,0,0,0,0,0,0,0,0,0,0,0,0,0,0,0,0,0,0,0,0
6669,0,0,0,0,0,0,0,0,0,0,0,0,0,0,0,0,0,0,0,0,0
6670,42,52,54,46,35,29,29,42,52,54,46,35,29,29,42,52,54,46,35,29,29
6671,18,25,26,23,19,15,15,18,25,26,23,19,15,15,18,25,26,23,19,15,15
6672,6,8,8,8,6,5,4,6,8,8,8,6,5,4,6,8,8,8,6,5,4
6673,7,9,10,8,5,4,5,7,9,10,8,5,4,5,7,9,10,8,5,4,5
6674,0,0,0,0,0,0,0,0,0,0,0,0,0,0,0,0,0,0,0,0,0
6675,0,0,0,0,0,0,0,0,0,0,0,0,0,0,0,0,0,0,0,0,0
6676,0,0,0,0,0,0,0,0,0,0,0,0,0,0,0,0,0,0,0,0,0
6677,0,0,0,0,0,0,0,0,0,0,0,0,0,0,0,0,0,0,0,0,0
6678,3,3,2,3,3,2,2,3,3,2,3,3,2,2,3,3,2,3,3,2,2
6679,3,2,4,4,4,3,1,3,2,4,4,4,3,1,3,2,4,4,4,3,1
6680,4,5,6,5,4,3,3,4,5,6,5,4,3,3,4,5,6,5,4,3,3
6681,10,10,10,10,10,9,7,10,10,10,10,10,9,7,10,10,10,10,10,9,7
6682,10,11,10,10,9,8,8,10,11,10,10,9,8,8,10,11,10,10,9,8,8
6683,65,62,55,48,46,54,59,65,62,55,48,46,54,59,65,62,55,48,46,54,59
6684,0,0,0,0,0,0,0,0,0,0,0,0,0,0,0,0,0,0,0,0,0
6685,1,1,1,0,0,0,0,1,1,1,0,0,0,0,1,1,1,0,0,0,0
6686,5,5,5,5,5,4,4,5,5,5,5,5,4,4,5,5,5,5,5,4,4
6687,15,18,21,19,19,14,13,15,18,21,19,19,14,13,15,18,21,19,19,14,13
6688,8,10,10,10,12,9,8,8,10,10,10,12,9,8,8,10,10,10,12,9,8
6689,25,29,34,29,26,20,19,25,29,34,29,26,20,19,25,29,34,29,26,20,19
6690,6,8,9,8,7,4,4,6,8,9,8,7,4,4,6,8,9,8,7,4,4
6691,11,14,16,12,10,8,7,11,14,16,12,10,8,7,11,14,16,12,10,8,7
6692,2,3,3,2,2,2,2,2,3,3,2,2,2,2,2,3,3,2,2,2,2
6693,5,6,6,6,6,5,4,5,6,6,6,6,5,4,5,6,6,6,6,5,4
6694,2,3,3,3,2,2,2,2,3,3,3,2,2,2,2,3,3,3,2,2,2
6695,0,0,0,0,0,0,0,0,0,0,0,0,0,0,0,0,0,0,0,0,0
6696,1,1,1,1,1,1,1,1,1,1,1,1,1,1,1,1,1,1,1,1,1
6697,9,9,9,9,8,7,9,9,9,9,9,8,7,9,9,9,9,9,8,7,9
6698,2,1,2,2,1,1,1,2,1,2,2,1,1,1,2,1,2,2,1,1,1
6699,4,4,4,3,3,3,3,4,4,4,3,3,3,3,4,4,4,3,3,3,3
6700,3,3,3,3,2,2,2,3,3,3,3,2,2,2,3,3,3,3,2,2,2
6701,6,8,8,9,10,8,5,6,8,8,9,10,8,5,6,8,8,9,10,8,5
6702,0,0,0,0,0,0,0,0,0,0,0,0,0,0,0,0,0,0,0,0,0
6703,2,2,2,3,3,3,2,2,2,2,3,3,3,2,2,2,2,3,3,3,2
6704,1,1,2,1,1,1,1,1,1,2,1,1,1,1,1,1,2,1,1,1,1
6705,1,1,1,1,1,1,1,1,1,1,1,1,1,1,1,1,1,1,1,1,1
6706,0,0,0,0,0,0,0,0,0,0,0,0,0,0,0,0,0,0,0,0,0
6707,0,0,0,0,0,0,0,0,0,0,0,0,0,0,0,0,0,0,0,0,0
6708,1,1,1,1,1,1,1,1,1,1,1,1,1,1,1,1,1,1,1,1,1
6709,0,0,0,0,0,0,0,0,0,0,0,0,0,0,0,0,0,0,0,0,0
6710,0,0,0,0,0,0,0,0,0,0,0,0,0,0,0,0,0,0,0,0,0
6711,4,4,5,4,2,3,4,4,4,5,4,2,3,4,4,4,5,4,2,3,4
6712,4,5,5,5,4,3,3,4,5,5,5,4,3,3,4,5,5,5,4,3,3
6713,2,3,2,2,2,2,2,2,3,2,2,2,2,2,2,3,2,2,2,2,2
6714,0,0,0,0,0,0,0,0,0,0,0,0,0,0,0,0,0,0,0,0,0
6715,0,0,0,0,0,0,0,0,0,0,0,0,0,0,0,0,0,0,0,0,0
6716,5,4,5,4,3,4,4,5,4,5,4,3,4,4,5,4,5,4,3,4,4
6717,3,4,3,3,2,2,2,3,4,3,3,2,2,2,3,4,3,3,2,2,2
6718,0,0,0,0,0,0,0,0,0,0,0,0,0,0,0,0,0,0,0,0,0
6719,116,127,133,122,106,96,97,116,127,133,122,106,96,97,116,127,133,122,106,96,97
6720,4,5,6,3,3,2,2,4,5,6,3,3,2,2,4,5,6,3,3,2,2
6721,3,3,2,3,2,2,2,3,3,2,3,2,2,2,3,3,2,3,2,2,2
6722,17,19,19,14,10,8,10,17,19,19,14,10,8,10,17,19,19,14,10,8,10
6723,69,76,73,60,56,56,57,69,76,73,60,56,56,57,69,76,73,60,56,56,57
6724,13,15,17,15,11,10,10,13,15,17,15,11,10,10,13,15,17,15,11,10,10
6725,33,42,41,38,29,23,26,33,42,41,38,29,23,26,33,42,41,38,29,23,26
6726,0,0,0,0,0,0,0,0,0,0,0,0,0,0,0,0,0,0,0,0,0
6727,12,12,12,11,13,12,11,12,12,12,11,13,12,11,12,12,12,11,13,12,11
6728,15,18,17,15,12,11,13,15,18,17,15,12,11,13,15,18,17,15,12,11,13
6729,3,4,3,3,2,1,2,3,4,3,3,2,1,2,3,4,3,3,2,1,2
6730,3,4,4,3,2,2,3,3,4,4,3,2,2,3,3,4,4,3,2,2,3
6731,3,3,2,1,1,1,2,3,3,2,1,1,1,2,3,3,2,1,1,1,2
6732,3,3,3,2,2,2,2,3,3,3,2,2,2,2,3,3,3,2,2,2,2
6733,30,35,38,36,30,25,26,30,35,38,36,30,25,26,30,35,38,36,30,25,26
6734,4,4,3,3,3,3,3,4,4,3,3,3,3,3,4,4,3,3,3,3,3
6735,19,19,21,19,17,12,14,19,19,21,19,17,12,14,19,19,21,19,17,12,14
6736,5,7,10,9,8,6,5,5,7,10,9,8,6,5,5,7,10,9,8,6,5
6737,10,11,12,11,10,7,7,10,11,12,11,10,7,7,10,11,12,11,10,7,7
6738,8,11,13,11,9,5,5,8,11,13,11,9,5,5,8,11,13,11,9,5,5
6739,0,0,0,0,0,0,0,0,0,0,0,0,0,0,0,0,0,0,0,0,0
6740,6,6,7,7,6,4,4,6,6,7,7,6,4,4,6,6,7,7,6,4,4
6741,4,3,3,3,1,3,3,4,3,3,3,1,3,3,4,3,3,3,1,3,3
6742,0,0,0,0,0,0,0,0,0,0,0,0,0,0,0,0,0,0,0,0,0
6743,0,0,0,0,0,0,0,0,0,0,0,0,0,0,0,0,0,0,0,0,0
6744,1,1,2,3,2,2,1,1,1,2,3,2,2,1,1,1,2,3,2,2,1
6745,0,0,0,0,0,0,0,0,0,0,0,0,0,0,0,0,0,0,0,0,0
6746,5,5,4,4,4,4,4,5,5,4,4,4,4,4,5,5,4,4,4,4,4
6747,0,0,0,0,0,0,0,0,0,0,0,0,0,0,0,0,0,0,0,0,0
6748,1,0,0,0,0,1,1,1,0,0,0,0,1,1,1,0,0,0,0,1,1
6749,0,0,0,0,0,0,0,0,0,0,0,0,0,0,0,0,0,0,0,0,0
6750,0,0,0,0,0,0,0,0,0,0,0,0,0,0,0,0,0,0,0,0,0
6751,0,0,0,0,0,0,0,0,0,0,0,0,0,0,0,0,0,0,0,0,0
6752,0,0,0,0,0,0,0,0,0,0,0,0,0,0,0,0,0,0,0,0,0
6753,26,27,25,24,23,20,19,26,27,25,24,23,20,19,26,27,25,24,23,20,19
6754,0,0,0,0,0,0,0,0,0,0,0,0,0,0,0,0,0,0,0,0,0
6755,0,0,0,0,0,0,0,0,0,0,0,0,0,0,0,0,0,0,0,0,0
6756,2,2,2,4,3,2,1,2,2,2,4,3,2,1,2,2,2,4,3,2,1
6757,0,0,0,0,0,0,0,0,0,0,0,0,0,0,0,0,0,0,0,0,0
6758,0,0,0,0,0,0,0,0,0,0,0,0,0,0,0,0,0,0,0,0,0
6759,0,0,0,0,0,0,0,0,0,0,0,0,0,0,0,0,0,0,0,0,0
6760,0,0,0,0,0,0,0,0,0,0,0,0,0,0,0,0,0,0,0,0,0
6761,1,1,0,0,0,1,1,1,1,0,0,0,1,1,1,1,0,0,0,1,1
6762,0,0,0,0,0,0,0,0,0,0,0,0,0,0,0,0,0,0,0,0,0
6763,0,0,0,0,0,0,0,0,0,0,0,0,0,0,0,0,0,0,0,0,0
6764,116,127,133,122,106,96,97,116,127,133,122,106,96,97,116,127,133,122,106,96,97
6765,29,15,6,11,11,14,16,29,15,6,11,11,14,16,29,15,6,11,11,14,16
6766,0,0,0,0,0,0,0,0,0,0,0,0,0,0,0,0,0,0,0,0,0
6767,0,0,0,0,0,0,0,0,0,0,0,0,0,0,0,0,0,0,0,0,0
6768,20,21,21,19,19,20,19,20,21,21,19,19,20,19,20,21,21,19,19,20,19
6769,0,1,1,1,0,0,1,0,1,1,1,0,0,1,0,1,1,1,0,0,1
6770,5,4,4,2,2,4,4,5,4,4,2,2,4,4,5,4,4,2,2,4,4
6771,0,0,0,0,0,0,0,0,0,0,0,0,0,0,0,0,0,0,0,0,0
6772,0,0,0,0,0,0,0,0,0,0,0,0,0,0,0,0,0,0,0,0,0
6773,0,0,0,0,0,0,0,0,0,0,0,0,0,0,0,0,0,0,0,0,0
6774,3,2,3,3,3,2,2,3,2,3,3,3,2,2,3,2,3,3,3,2,2
6775,2,2,2,2,2,1,1,2,2,2,2,2,1,1,2,2,2,2,2,1,1
6776,3,3,3,3,3,3,3,3,3,3,3,3,3,3,3,3,3,3,3,3,3
6777,0,0,0,0,0,0,0,0,0,0,0,0,0,0,0,0,0,0,0,0,0
6778,10,9,9,9,8,7,7,10,9,9,9,8,7,7,10,9,9,9,8,7,7
6779,1,1,1,0,0,0,0,1,1,1,0,0,0,0,1,1,1,0,0,0,0
6780,0,0,0,0,0,0,0,0,0,0,0,0,0,0,0,0,0,0,0,0,0
6781,11,9,10,10,10,9,8,11,9,10,10,10,9,8,11,9,10,10,10,9,8
6782,8,10,9,7,6,5,7,8,10,9,7,6,5,7,8,10,9,7,6,5,7
6783,2,2,2,1,1,1,1,2,2,2,1,1,1,1,2,2,2,1,1,1,1
6784,0,0,0,0,0,0,0,0,0,0,0,0,0,0,0,0,0,0,0,0,0
6785,3,3,2,2,2,2,2,3,3,2,2,2,2,2,3,3,2,2,2,2,2
6786,0,0,0,0,0,0,0,0,0,0,0,0,0,0,0,0,0,0,0,0,0
6787,0,0,0,0,0,0,0,0,0,0,0,0,0,0,0,0,0,0,0,0,0
6788,3,4,4,4,3,2,3,3,4,4,4,3,2,3,3,4,4,4,3,2,3
6789,4,11,11,9,6,4,4,4,11,11,9,6,4,4,4,11,11,9,6,4,4
6790,2,2,2,1,1,1,1,2,2,2,1,1,1,1,2,2,2,1,1,1,1
6791,2,2,2,2,2,1,2,2,2,2,2,2,1,2,2,2,2,2,2,1,2
6792,6,9,9,7,6,4,4,6,9,9,7,6,4,4,6,9,9,7,6,4,4
6793,0,0,0,0,0,0,0,0,0,0,0,0,0,0,0,0,0,0,0,0,0
6794,0,0,0,0,0,0,0,0,0,0,0,0,0,0,0,0,0,0,0,0,0
6795,13,13,13,12,12,11,11,13,13,13,12,12,11,11,13,13,13,12,12,11,11
6796,0,0,0,0,0,0,0,0,0,0,0,0,0,0,0,0,0,0,0,0,0
6797,7,7,7,7,6,5,5,7,7,7,7,6,5,5,7,7,7,7,6,5,5
6798,0,0,0,0,0,0,0,0,0,0,0,0,0,0,0,0,0,0,0,0,0
6799,116,127,133,122,106,96,97,116,127,133,122,106,96,97,116,127,133,122,106,96,97
6800,1,2,1,1,0,0,1,1,2,1,1,0,0,1,1,2,1,1,0,0,1
6801,35,49,53,49,36,27,27,35,49,53,49,36,27,27,35,49,53,49,36,27,27
6802,0,0,0,0,0,0,0,0,0,0,0,0,0,0,0,0,0,0,0,0,0
6803,12,15,13,11,9,7,6,12,15,13,11,9,7,6,12,15,13,11,9,7,6
6804,3,4,4,3,2,2,2,3,4,4,3,2,2,2,3,4,4,3,2,2,2
6805,10,11,9,7,6,5,6,10,11,9,7,6,5,6,10,11,9,7,6,5,6
6806,0,0,0,0,0,0,0,0,0,0,0,0,0,0,0,0,0,0,0,0,0
6807,0,0,0,0,0,0,0,0,0,0,0,0,0,0,0,0,0,0,0,0,0
6808,8,8,9,7,6,5,9,8,8,9,7,6,5,9,8,8,9,7,6,5,9
6809,0,0,0,0,0,0,0,0,0,0,0,0,0,0,0,0,0,0,0,0,0
6810,0,0,0,0,0,0,0,0,0,0,0,0,0,0,0,0,0,0,0,0,0
6811,11,11,12,11,11,9,9,11,11,12,11,11,9,9,11,11,12,11,11,9,9
6812,32,41,44,41,31,27,32,32,41,44,41,31,27,32,32,41,44,41,31,27,32
6813,3,4,5,4,3,3,3,3,4,5,4,3,3,3,3,4,5,4,3,3,3
6814,53,55,56,52,45,42,44,53,55,56,52,45,42,44,53,55,56,52,45,42,44
6815,15,20,20,17,10,7,10,15,20,20,17,10,7,10,15,20,20,17,10,7,10
6816,2,1,1,1,1,1,2,2,1,1,1,1,1,2,2,1,1,1,1,1,2
6817,0,0,0,0,0,0,0,0,0,0,0,0,0,0,0,0,0,0,0,0,0
6818,3,3,2,2,2,1,2,3,3,2,2,2,1,2,3,3,2,2,2,1,2
6819,0,0,0,0,0,0,0,0,0,0,0,0,0,0,0,0,0,0,0,0,0
6820,0,0,0,0,0,0,0,0,0,0,0,0,0,0,0,0,0,0,0,0,0
6821,0,0,0,0,0,0,0,0,0,0,0,0,0,0,0,0,0,0,0,0,0
6822,0,0,0,0,0,0,0,0,0,0,0,0,0,0,0,0,0,0,0,0,0
6823,0,0,0,0,0,0,0,0,0,0,0,0,0,0,0,0,0,0,0,0,0
6824,0,0,0,0,0,0,0,0,0,0,0,0,0,0,0,0,0,0,0,0,0
6825,0,1,1,1,1,0,0,0,1,1,1,1,0,0,0,1,1,1,1,0,0
6826,1,2,2,1,1,1,1,1,2,2,1,1,1,1,1,2,2,1,1,1,1
6827,3,3,4,4,3,3,2,3,3,4,4,3,3,2,3,3,4,4,3,3,2
6828,1,1,1,1,1,1,1,1,1,1,1,1,1,1,1,1,1,1,1,1,1
6829,3,4,4,3,3,2,2,3,4,4,3,3,2,2,3,4,4,3,3,2,2
6830,3,4,3,4,4,3,3,3,4,3,4,4,3,3,3,4,3,4,4,3,3
6831,1,1,1,1,1,1,1,1,1,1,1,1,1,1,1,1,1,1,1,1,1
6832,1,1,1,1,1,1,0,1,1,1,1,1,1,0,1,1,1,1,1,1,0
6833,1,1,2,1,1,1,1,1,1,2,1,1,1,1,1,1,2,1,1,1,1
6834,3,3,3,3,2,2,2,3,3,3,3,2,2,2,3,3,3,3,2,2,2
6835,4,5,6,5,5,4,4,4,5,6,5,5,4,4,4,5,6,5,5,4,4
6836,1,1,1,1,0,0,0,1,1,1,1,0,0,0,1,1,1,1,0,0,0
6837,0,0,0,0,0,0,0,0,0,0,0,0,0,0,0,0,0,0,0,0,0
6838,3,4,4,3,2,1,2,3,4,4,3,2,1,2,3,4,4,3,2,1,2
6839,3,4,3,3,2,3,3,3,4,3,3,2,3,3,3,4,3,3,2,3,3
6840,0,0,0,0,0,0,0,0,0,0,0,0,0,0,0,0,0,0,0,0,0
6841,0,0,0,0,0,0,0,0,0,0,0,0,0,0,0,0,0,0,0,0,0
6842,0,0,0,0,0,0,0,0,0,0,0,0,0,0,0,0,0,0,0,0,0
6843,0,0,0,0,0,0,0,0,0,0,0,0,0,0,0,0,0,0,0,0,0
6844,0,0,0,0,0,0,0,0,0,0,0,0,0,0,0,0,0,0,0,0,0
6845,0,0,0,0,0,0,0,0,0,0,0,0,0,0,0,0,0,0,0,0,0
6846,0,0,0,0,0,0,0,0,0,0,0,0,0,0,0,0,0,0,0,0,0
6847,0,0,0,0,0,0,0,0,0,0,0,0,0,0,0,0,0,0,0,0,0
6848,0,0,0,0,0,0,0,0,0,0,0,0,0,0,0,0,0,0,0,0,0
6849,0,0,0,0,0,0,0,0,0,0,0,0,0,0,0,0,0,0,0,0,0
6850,0,0,0,0,0,0,0,0,0,0,0,0,0,0,0,0,0,0,0,0,0
6851,0,0,0,0,0,0,0,0,0,0,0,0,0,0,0,0,0,0,0,0,0
6852,2,2,2,2,2,1,1,2,2,2,2,2,1,1,2,2,2,2,2,1,1
6853,10,10,11,10,9,8,8,10,10,11,10,9,8,8,10,10,11,10,9,8,8
6854,0,0,0,0,0,0,0,0,0,0,0,0,0,0,0,0,0,0,0,0,0
6855,0,0,0,0,0,0,0,0,0,0,0,0,0,0,0,0,0,0,0,0,0
6856,6,8,8,8,6,6,4,6,8,8,8,6,6,4,6,8,8,8,6,6,4
6857,0,0,0,0,0,0,0,0,0,0,0,0,0,0,0,0,0,0,0,0,0
6858,6,6,6,5,4,4,5,6,6,6,5,4,4,5,6,6,6,5,4,4,5
6859,0,0,0,0,0,0,0,0,0,0,0,0,0,0,0,0,0,0,0,0,0
6860,0,0,0,0,0,0,0,0,0,0,0,0,0,0,0,0,0,0,0,0,0
6861,0,0,0,0,0,0,1,0,0,0,0,0,0,1,0,0,0,0,0,0,1
6862,0,0,0,0,0,0,0,0,0,0,0,0,0,0,0,0,0,0,0,0,0
6863,1,1,1,0,0,0,1,1,1,1,0,0,0,1,1,1,1,0,0,0,1
6864,1,1,1,2,1,1,1,1,1,1,2,1,1,1,1,1,1,2,1,1,1
6865,0,0,0,0,0,0,0,0,0,0,0,0,0,0,0,0,0,0,0,0,0
6866,4,5,3,4,5,4,3,4,5,3,4,5,4,3,4,5,3,4,5,4,3
6867,3,3,3,3,3,3,3,3,3,3,3,3,3,3,3,3,3,3,3,3,3
6868,9,11,13,12,10,8,7,9,11,13,12,10,8,7,9,11,13,12,10,8,7
6869,52,59,62,58,50,43,40,52,59,62,58,50,43,40,52,59,62,58,50,43,40
6870,1,1,1,1,1,1,1,1,1,1,1,1,1,1,1,1,1,1,1,1,1
6871,3,3,3,2,2,2,2,3,3,3,2,2,2,2,3,3,3,2,2,2,2
6872,6,6,6,6,5,4,4,6,6,6,6,5,4,4,6,6,6,6,5,4,4
6873,2,2,2,2,2,2,1,2,2,2,2,2,2,1,2,2,2,2,2,2,1
6874,3,3,3,3,3,3,3,3,3,3,3,3,3,3,3,3,3,3,3,3,3
6875,0,0,0,0,0,0,0,0,0,0,0,0,0,0,0,0,0,0,0,0,0
6876,0,0,0,0,0,0,0,0,0,0,0,0,0,0,0,0,0,0,0,0,0
6877,0,0,0,0,0,0,0,0,0,0,0,0,0,0,0,0,0,0,0,0,0
6878,0,0,0,0,0,0,0,0,0,0,0,0,0,0,0,0,0,0,0,0,0
6879,0,0,0,0,0,0,0,0,0,0,0,0,0,0,0,0,0,0,0,0,0
6880,35,37,40,36,31,28,26,35,37,40,36,31,28,26,35,37,40,36,31,28,26
6881,24,23,23,20,18,17,18,24,23,23,20,18,17,18,24,23,23,20,18,17,18
6882,2,2,3,3,2,2,2,2,2,3,3,2,2,2,2,2,3,3,2,2,2
6883,3,5,5,6,4,3,3,3,5,5,6,4,3,3,3,5,5,6,4,3,3
6884,1,1,1,0,0,0,0,1,1,1,0,0,0,0,1,1,1,0,0,0,0
6885,4,4,4,5,7,7,7,4,4,4,5,7,7,7,4,4,4,5,7,7,7
6886,6,6,6,6,6,5,5,6,6,6,6,6,5,5,6,6,6,6,6,5,5
6887,0,0,0,0,0,0,0,0,0,0,0,0,0,0,0,0,0,0,0,0,0
6888,29,34,38,34,31,28,26,29,34,38,34,31,28,26,29,34,38,34,31,28,26
6889,39,48,46,43,40,35,34,39,48,46,43,40,35,34,39,48,46,43,40,35,34
6890,13,16,16,12,11,11,11,13,16,16,12,11,11,11,13,16,16,12,11,11,11
6891,30,32,34,29,27,24,23,30,32,34,29,27,24,23,30,32,34,29,27,24,23
6892,7,7,7,6,5,5,5,7,7,7,6,5,5,5,7,7,7,6,5,5,5
6893,2,2,2,2,2,1,1,2,2,2,2,2,1,1,2,2,2,2,2,1,1
6894,116,127,133,122,106,96,97,116,127,133,122,106,96,97,116,127,133,122,106,96,97
6895,51,54,53,48,46,42,42,51,54,53,48,46,42,42,51,54,53,48,46,42,42
6896,0,0,0,0,0,0,0,0,0,0,0,0,0,0,0,0,0,0,0,0,0
6897,116,127,133,122,106,96,97,116,127,133,122,106,96,97,116,127,133,122,106,96,97
6898,0,0,0,0,0,0,0,0,0,0,0,0,0,0,0,0,0,0,0,0,0
6899,1,1,1,1,1,1,1,1,1,1,1,1,1,1,1,1,1,1,1,1,1
6900,1,1,0,1,1,0,1,1,1,0,1,1,0,1,1,1,0,1,1,0,1
6901,1,1,1,0,0,0,0,1,1,1,0,0,0,0,1,1,1,0,0,0,0
6902,1,1,1,1,1,1,1,1,1,1,1,1,1,1,1,1,1,1,1,1,1
6903,0,0,0,0,0,0,0,0,0,0,0,0,0,0,0,0,0,0,0,0,0
6904,0,0,0,0,0,0,0,0,0,0,0,0,0,0,0,0,0,0,0,0,0
6905,2,2,3,3,2,2,2,2,2,3,3,2,2,2,2,2,3,3,2,2,2
6906,5,5,5,4,4,3,3,5,5,5,4,4,3,3,5,5,5,4,4,3,3
6907,7,6,4,3,3,2,2,7,6,4,3,3,2,2,7,6,4,3,3,2,2
6908,1,1,1,0,0,0,1,1,1,1,0,0,0,1,1,1,1,0,0,0,1
6909,15,14,13,13,12,11,12,15,14,13,13,12,11,12,15,14,13,13,12,11,12
6910,10,9,8,7,7,7,8,10,9,8,7,7,7,8,10,9,8,7,7,7,8
6911,1,1,1,2,2,1,2,1,1,1,2,2,1,2,1,1,1,2,2,1,2
6912,8,9,9,10,9,9,8,8,9,9,10,9,9,8,8,9,9,10,9,9,8
6913,2,1,2,2,1,2,1,2,1,2,2,1,2,1,2,1,2,2,1,2,1
6914,2,1,2,2,2,1,1,2,1,2,2,2,1,1,2,1,2,2,2,1,1
6915,0,0,0,0,0,0,0,0,0,0,0,0,0,0,0,0,0,0,0,0,0
6916,11,12,13,12,11,10,8,11,12,13,12,11,10,8,11,12,13,12,11,10,8
6917,15,17,17,16,14,13,12,15,17,17,16,14,13,12,15,17,17,16,14,13,12
6918,1,1,1,1,1,1,1,1,1,1,1,1,1,1,1,1,1,1,1,1,1
6919,5,6,6,5,5,4,4,5,6,6,5,5,4,4,5,6,6,5,5,4,4
6920,4,5,5,5,4,3,3,4,5,5,5,4,3,3,4,5,5,5,4,3,3
6921,1,1,2,1,1,1,1,1,1,2,1,1,1,1,1,1,2,1,1,1,1
6922,39,44,45,41,37,32,31,39,44,45,41,37,32,31,39,44,45,41,37,32,31
6923,7,9,10,7,6,9,9,7,9,10,7,6,9,9,7,9,10,7,6,9,9
6924,36,41,41,34,26,28,25,36,41,41,34,26,28,25,36,41,41,34,26,28,25
6925,1,1,1,2,1,1,1,1,1,1,2,1,1,1,1,1,1,2,1,1,1
6926,0,0,0,0,0,0,0,0,0,0,0,0,0,0,0,0,0,0,0,0,0
6927,0,0,0,0,0,0,0,0,0,0,0,0,0,0,0,0,0,0,0,0,0
6928,0,0,0,0,0,0,0,0,0,0,0,0,0,0,0,0,0,0,0,0,0
6929,2,2,1,2,1,1,1,2,2,1,2,1,1,1,2,2,1,2,1,1,1
6930,14,13,11,11,10,11,12,14,13,11,11,10,11,12,14,13,11,11,10,11,12
6931,5,6,6,5,5,5,5,5,6,6,5,5,5,5,5,6,6,5,5,5,5
6932,18,14,14,14,13,14,16,18,14,14,14,13,14,16,18,14,14,14,13,14,16
6933,3,4,3,3,3,3,3,3,4,3,3,3,3,3,3,4,3,3,3,3,3
6934,0,1,1,1,0,0,0,0,1,1,1,0,0,0,0,1,1,1,0,0,0
6935,1,1,1,1,1,1,1,1,1,1,1,1,1,1,1,1,1,1,1,1,1
6936,0,0,0,0,0,0,0,0,0,0,0,0,0,0,0,0,0,0,0,0,0
6937,0,0,0,0,0,0,0,0,0,0,0,0,0,0,0,0,0,0,0,0,0
6938,0,0,0,0,0,0,0,0,0,0,0,0,0,0,0,0,0,0,0,0,0
6939,18,18,20,19,17,14,14,18,18,20,19,17,14,14,18,18,20,19,17,14,14
6940,0,0,0,0,0,0,0,0,0,0,0,0,0,0,0,0,0,0,0,0,0
6941,0,0,0,0,0,0,0,0,0,0,0,0,0,0,0,0,0,0,0,0,0
6942,2,1,2,1,1,1,1,2,1,2,1,1,1,1,2,1,2,1,1,1,1
6943,1,1,1,1,1,0,0,1,1,1,1,1,0,0,1,1,1,1,1,0,0
6944,12,14,14,12,12,11,11,12,14,14,12,12,11,11,12,14,14,12,12,11,11
6945,3,2,3,2,2,2,2,3,2,3,2,2,2,2,3,2,3,2,2,2,2
6946,0,0,0,0,0,0,0,0,0,0,0,0,0,0,0,0,0,0,0,0,0
6947,2,2,2,1,2,2,2,2,2,2,1,2,2,2,2,2,2,1,2,2,2
6948,1,1,1,0,0,0,1,1,1,1,0,0,0,1,1,1,1,0,0,0,1
6949,0,0,0,0,0,0,0,0,0,0,0,0,0,0,0,0,0,0,0,0,0
6950,4,7,7,6,5,4,4,4,7,7,6,5,4,4,4,7,7,6,5,4,4
6951,116,127,133,122,106,96,97,116,127,133,122,106,96,97,116,127,133,122,106,96,97
6952,49,55,58,54,52,41,38,49,55,58,54,52,41,38,49,55,58,54,52,41,38
6953,116,127,133,122,106,89,95,116,127,133,122,106,89,95,116,127,133,122,106,89,95
6954,29,31,31,29,26,21,22,29,31,31,29,26,21,22,29,31,31,29,26,21,22
6955,1,1,1,1,1,0,0,1,1,1,1,1,0,0,1,1,1,1,1,0,0
6956,1,1,1,1,2,1,1,1,1,1,1,2,1,1,1,1,1,1,2,1,1
6957,8,12,11,11,8,6,6,8,12,11,11,8,6,6,8,12,11,11,8,6,6
6958,22,24,28,28,22,18,16,22,24,28,28,22,18,16,22,24,28,28,22,18,16
6959,11,12,10,9,7,7,9,11,12,10,9,7,7,9,11,12,10,9,7,7,9
6960,1,1,2,1,1,1,1,1,1,2,1,1,1,1,1,1,2,1,1,1,1
6961,9,9,10,7,6,5,5,9,9,10,7,6,5,5,9,9,10,7,6,5,5
6962,6,6,6,5,5,5,5,6,6,6,5,5,5,5,6,6,6,5,5,5,5
6963,65,72,74,73,68,48,49,65,72,74,73,68,48,49,65,72,74,73,68,48,49
6964,24,24,26,23,24,20,20,24,24,26,23,24,20,20,24,24,26,23,24,20,20
6965,75,80,76,41,41,35,39,75,80,76,41,41,35,39,75,80,76,41,41,35,39
6966,0,0,0,0,0,0,0,0,0,0,0,0,0,0,0,0,0,0,0,0,0
6967,60,64,63,47,43,42,47,60,64,63,47,43,42,47,60,64,63,47,43,42,47
6968,116,127,133,122,106,96,97,116,127,133,122,106,96,97,116,127,133,122,106,96,97
6969,116,127,133,122,106,96,97,116,127,133,122,106,96,97,116,127,133,122,106,96,97
6970,23,27,26,24,18,16,17,23,27,26,24,18,16,17,23,27,26,24,18,16,17
6971,19,22,23,22,18,17,16,19,22,23,22,18,17,16,19,22,23,22,18,17,16
6972,19,18,20,17,16,15,15,19,18,20,17,16,15,15,19,18,20,17,16,15,15
6973,1,0,0,0,1,1,1,1,0,0,0,1,1,1,1,0,0,0,1,1,1
6974,83,90,91,87,74,69,78,83,90,91,87,74,69,78,83,90,91,87,74,69,78
6975,0,0,0,0,0,0,0,0,0,0,0,0,0,0,0,0,0,0,0,0,0
6976,1,1,1,2,0,0,1,1,1,1,2,0,0,1,1,1,1,2,0,0,1
6977,0,0,0,0,0,0,0,0,0,0,0,0,0,0,0,0,0,0,0,0,0
6978,0,0,0,0,0,0,0,0,0,0,0,0,0,0,0,0,0,0,0,0,0
6979,1,2,2,3,2,2,1,1,2,2,3,2,2,1,1,2,2,3,2,2,1
6980,0,0,0,0,0,0,0,0,0,0,0,0,0,0,0,0,0,0,0,0,0
6981,0,0,0,0,0,0,0,0,0,0,0,0,0,0,0,0,0,0,0,0,0
6982,0,0,0,0,0,0,0,0,0,0,0,0,0,0,0,0,0,0,0,0,0
6983,0,0,0,0,0,0,0,0,0,0,0,0,0,0,0,0,0,0,0,0,0
6984,0,0,0,0,0,0,0,0,0,0,0,0,0,0,0,0,0,0,0,0,0
6985,7,8,7,6,5,5,5,7,8,7,6,5,5,5,7,8,7,6,5,5,5
6986,0,0,0,0,0,0,0,0,0,0,0,0,0,0,0,0,0,0,0,0,0
6987,0,1,1,1,1,0,1,0,1,1,1,1,0,1,0,1,1,1,1,0,1
6988,0,0,0,0,0,0,0,0,0,0,0,0,0,0,0,0,0,0,0,0,0
6989,0,0,0,0,1,1,0,0,0,0,0,1,1,0,0,0,0,0,1,1,0
6990,1,1,0,1,1,1,1,1,1,0,1,1,1,1,1,1,0,1,1,1,1
6991,101,105,96,95,78,85,94,101,105,96,95,78,85,94,101,105,96,95,78,85,94
6992,13,15,19,17,15,9,10,13,15,19,17,15,9,10,13,15,19,17,15,9,10
6993,0,0,0,0,0,0,0,0,0,0,0,0,0,0,0,0,0,0,0,0,0
6994,0,0,0,0,0,0,0,0,0,0,0,0,0,0,0,0,0,0,0,0,0
6995,3,3,3,3,2,2,2,3,3,3,3,2,2,2,3,3,3,3,2,2,2
6996,0,0,0,0,0,0,0,0,0,0,0,0,0,0,0,0,0,0,0,0,0
6997,3,0,0,0,0,2,68,3,0,0,0,0,2,68,3,0,0,0,0,2,68
6998,1,1,1,0,0,0,0,1,1,1,0,0,0,0,1,1,1,0,0,0,0
6999,0,0,0,0,0,0,0,0,0,0,0,0,0,0,0,0,0,0,0,0,0
7000,0,0,0,0,0,0,0,0,0,0,0,0,0,0,0,0,0,0,0,0,0
7001,0,0,0,0,0,0,0,0,0,0,0,0,0,0,0,0,0,0,0,0,0
7002,1,1,1,1,1,1,1,1,1,1,1,1,1,1,1,1,1,1,1,1,1
7003,0,0,0,0,0,0,0,0,0,0,0,0,0,0,0,0,0,0,0,0,0
7004,1,1,1,0,0,1,0,1,1,1,0,0,1,0,1,1,1,0,0,1,0
7005,0,0,0,0,0,0,0,0,0,0,0,0,0,0,0,0,0,0,0,0,0
7006,0,0,0,0,0,0,0,0,0,0,0,0,0,0,0,0,0,0,0,0,0
7007,0,0,0,0,0,0,0,0,0,0,0,0,0,0,0,0,0,0,0,0,0
7008,0,0,0,0,0,0,0,0,0,0,0,0,0,0,0,0,0,0,0,0,0
7009,8,8,8,8,6,5,6,8,8,8,8,6,5,6,8,8,8,8,6,5,6
7010,2,2,2,2,2,2,2,2,2,2,2,2,2,2,2,2,2,2,2,2,2
7011,2,2,3,2,2,2,2,2,2,3,2,2,2,2,2,2,3,2,2,2,2
7012,116,127,133,122,106,96,97,116,127,133,122,106,96,97,116,127,133,122,106,96,97
7013,82,90,91,93,83,76,67,82,90,91,93,83,76,67,82,90,91,93,83,76,67
7014,2,2,2,2,2,1,1,2,2,2,2,2,1,1,2,2,2,2,2,1,1
7015,12,12,11,11,8,10,12,12,12,11,11,8,10,12,12,12,11,11,8,10,12
7016,1,1,0,0,0,0,0,1,1,0,0,0,0,0,1,1,0,0,0,0,0
7017,1,1,1,1,1,1,1,1,1,1,1,1,1,1,1,1,1,1,1,1,1
7018,0,0,0,0,0,0,0,0,0,0,0,0,0,0,0,0,0,0,0,0,0
7019,0,0,0,0,0,0,0,0,0,0,0,0,0,0,0,0,0,0,0,0,0
7020,2,0,0,0,0,0,0,2,0,0,0,0,0,0,2,0,0,0,0,0,0
7021,20,24,25,22,16,14,15,20,24,25,22,16,14,15,20,24,25,22,16,14,15
7022,9,14,12,10,6,9,9,9,14,12,10,6,9,9,9,14,12,10,6,9,9
7023,19,18,17,14,10,12,12,19,18,17,14,10,12,12,19,18,17,14,10,12,12
7024,1,2,2,2,1,1,1,1,2,2,2,1,1,1,1,2,2,2,1,1,1
7025,3,2,6,1,1,2,3,3,2,6,1,1,2,3,3,2,6,1,1,2,3
7026,0,0,0,0,1,0,0,0,0,0,0,1,0,0,0,0,0,0,1,0,0
7027,0,0,0,0,0,0,0,0,0,0,0,0,0,0,0,0,0,0,0,0,0
7028,8,8,8,9,7,6,6,8,8,8,9,7,6,6,8,8,8,9,7,6,6
7029,1,1,1,1,1,1,0,1,1,1,1,1,1,0,1,1,1,1,1,1,0
7030,1,1,1,1,1,1,1,1,1,1,1,1,1,1,1,1,1,1,1,1,1
7031,4,4,4,4,4,3,3,4,4,4,4,4,3,3,4,4,4,4,4,3,3
7032,1,2,2,1,1,1,0,1,2,2,1,1,1,0,1,2,2,1,1,1,0
7033,0,1,0,0,0,0,0,0,1,0,0,0,0,0,0,1,0,0,0,0,0
7034,0,0,0,0,1,0,0,0,0,0,0,1,0,0,0,0,0,0,1,0,0
7035,0,0,0,0,0,0,0,0,0,0,0,0,0,0,0,0,0,0,0,0,0
7036,0,0,0,0,0,0,0,0,0,0,0,0,0,0,0,0,0,0,0,0,0
7037,0,0,0,0,0,0,0,0,0,0,0,0,0,0,0,0,0,0,0,0,0
7038,11,11,11,10,10,9,10,11,11,11,10,10,9,10,11,11,11,10,10,9,10
7039,1,2,2,2,2,1,1,1,2,2,2,2,1,1,1,2,2,2,2,1,1
7040,11,10,11,9,8,7,7,11,10,11,9,8,7,7,11,10,11,9,8,7,7
7041,19,18,20,16,15,15,16,19,18,20,16,15,15,16,19,18,20,16,15,15,16
7042,38,40,42,38,34,29,30,38,40,42,38,34,29,30,38,40,42,38,34,29,30
7043,31,33,34,32,29,26,26,31,33,34,32,29,26,26,31,33,34,32,29,26,26
7044,21,20,20,18,16,16,17,21,20,20,18,16,16,17,21,20,20,18,16,16,17
7045,4,5,5,5,4,3,3,4,5,5,5,4,3,3,4,5,5,5,4,3,3
7046,4,3,3,3,3,3,4,4,3,3,3,3,3,4,4,3,3,3,3,3,4
7047,0,0,0,0,0,0,0,0,0,0,0,0,0,0,0,0,0,0,0,0,0
7048,1,1,2,1,1,1,1,1,1,2,1,1,1,1,1,1,2,1,1,1,1
7049,57,52,56,44,40,44,48,57,52,56,44,40,44,48,57,52,56,44,40,44,48
7050,3,4,5,5,4,4,3,3,4,5,5,4,4,3,3,4,5,5,4,4,3
7051,0,1,0,0,0,0,0,0,1,0,0,0,0,0,0,1,0,0,0,0,0
7052,1,1,1,1,1,0,0,1,1,1,1,1,0,0,1,1,1,1,1,0,0
7053,2,1,1,1,1,2,3,2,1,1,1,1,2,3,2,1,1,1,1,2,3
7054,0,0,0,0,0,0,0,0,0,0,0,0,0,0,0,0,0,0,0,0,0
7055,0,0,0,0,0,0,0,0,0,0,0,0,0,0,0,0,0,0,0,0,0
7056,0,0,0,0,0,0,0,0,0,0,0,0,0,0,0,0,0,0,0,0,0
7057,0,0,0,0,0,1,0,0,0,0,0,0,1,0,0,0,0,0,0,1,0
7058,0,0,0,0,0,0,0,0,0,0,0,0,0,0,0,0,0,0,0,0,0
7059,0,0,0,0,0,0,0,0,0,0,0,0,0,0,0,0,0,0,0,0,0
7060,0,0,0,0,0,0,0,0,0,0,0,0,0,0,0,0,0,0,0,0,0
7061,1,2,2,1,1,1,1,1,2,2,1,1,1,1,1,2,2,1,1,1,1
7062,8,8,10,10,8,7,6,8,8,10,10,8,7,6,8,8,10,10,8,7,6
7063,8,9,10,10,8,7,7,8,9,10,10,8,7,7,8,9,10,10,8,7,7
7064,3,4,5,4,3,2,2,3,4,5,4,3,2,2,3,4,5,4,3,2,2
7065,3,3,3,2,3,2,2,3,3,3,2,3,2,2,3,3,3,2,3,2,2
7066,28,28,36,24,17,14,13,28,28,36,24,17,14,13,28,28,36,24,17,14,13
7067,0,0,0,0,0,0,0,0,0,0,0,0,0,0,0,0,0,0,0,0,0
7068,0,1,0,0,1,1,1,0,1,0,0,1,1,1,0,1,0,0,1,1,1
7069,0,0,0,0,0,0,0,0,0,0,0,0,0,0,0,0,0,0,0,0,0
7070,0,0,0,0,0,0,0,0,0,0,0,0,0,0,0,0,0,0,0,0,0
7071,0,0,0,1,1,0,0,0,0,0,1,1,0,0,0,0,0,1,1,0,0
7072,1,1,2,1,1,1,0,1,1,2,1,1,1,0,1,1,2,1,1,1,0
7073,2,2,2,1,1,1,1,2,2,2,1,1,1,1,2,2,2,1,1,1,1
7074,0,0,0,0,0,0,0,0,0,0,0,0,0,0,0,0,0,0,0,0,0
7075,63,69,75,72,64,55,54,63,69,75,72,64,55,54,63,69,75,72,64,55,54
7076,34,30,31,34,30,37,34,34,30,31,34,30,37,34,34,30,31,34,30,37,34
7077,0,0,0,0,0,0,0,0,0,0,0,0,0,0,0,0,0,0,0,0,0
7078,0,0,0,0,0,0,0,0,0,0,0,0,0,0,0,0,0,0,0,0,0
7079,3,3,4,4,3,3,3,3,3,4,4,3,3,3,3,3,4,4,3,3,3
7080,3,4,4,4,3,2,2,3,4,4,4,3,2,2,3,4,4,4,3,2,2
7081,11,12,11,11,10,9,10,11,12,11,11,10,9,10,11,12,11,11,10,9,10
7082,4,4,4,4,4,4,3,4,4,4,4,4,4,3,4,4,4,4,4,4,3
7083,0,0,0,0,0,0,0,0,0,0,0,0,0,0,0,0,0,0,0,0,0
7084,2,2,2,2,2,1,1,2,2,2,2,2,1,1,2,2,2,2,2,1,1
7085,1,1,1,1,1,1,1,1,1,1,1,1,1,1,1,1,1,1,1,1,1
7086,0,0,0,0,0,0,0,0,0,0,0,0,0,0,0,0,0,0,0,0,0
7087,2,2,2,1,1,1,2,2,2,2,1,1,1,2,2,2,2,1,1,1,2
7088,0,0,0,0,0,0,0,0,0,0,0,0,0,0,0,0,0,0,0,0,0
7089,0,0,0,0,0,0,0,0,0,0,0,0,0,0,0,0,0,0,0,0,0
7090,0,0,0,0,0,0,0,0,0,0,0,0,0,0,0,0,0,0,0,0,0
7091,16,17,18,19,18,16,14,16,17,18,19,18,16,14,16,17,18,19,18,16,14
7092,2,2,1,2,2,2,2,2,2,1,2,2,2,2,2,2,1,2,2,2,2
7093,3,3,3,4,3,3,2,3,3,3,4,3,3,2,3,3,3,4,3,3,2
7094,51,47,43,62,61,58,44,51,47,43,62,61,58,44,51,47,43,62,61,58,44
7095,28,29,25,28,26,20,25,28,29,25,28,26,20,25,28,29,25,28,26,20,25
7096,3,4,4,4,4,3,3,3,4,4,4,4,3,3,3,4,4,4,4,3,3
7097,9,10,11,10,9,7,8,9,10,11,10,9,7,8,9,10,11,10,9,7,8
7098,0,0,1,1,1,1,0,0,0,1,1,1,1,0,0,0,1,1,1,1,0
7099,116,127,133,122,106,96,97,116,127,133,122,106,96,97,116,127,133,122,106,96,97
7100,1,1,1,1,1,1,1,1,1,1,1,1,1,1,1,1,1,1,1,1,1
7101,10,7,6,5,4,5,8,10,7,6,5,4,5,8,10,7,6,5,4,5,8
7102,31,34,39,36,33,36,33,31,34,39,36,33,36,33,31,34,39,36,33,36,33
7103,46,47,51,52,41,32,41,46,47,51,52,41,32,41,46,47,51,52,41,32,41
7104,0,0,0,0,0,0,0,0,0,0,0,0,0,0,0,0,0,0,0,0,0
7105,1,0,0,1,1,0,0,1,0,0,1,1,0,0,1,0,0,1,1,0,0
7106,0,0,0,0,0,0,0,0,0,0,0,0,0,0,0,0,0,0,0,0,0
7107,0,0,0,0,0,0,0,0,0,0,0,0,0,0,0,0,0,0,0,0,0
7108,0,0,0,0,0,0,0,0,0,0,0,0,0,0,0,0,0,0,0,0,0
7109,0,0,0,0,0,0,0,0,0,0,0,0,0,0,0,0,0,0,0,0,0
7110,1,0,1,1,1,1,0,1,0,1,1,1,1,0,1,0,1,1,1,1,0
7111,0,0,0,0,0,0,0,0,0,0,0,0,0,0,0,0,0,0,0,0,0
7112,0,0,0,0,0,0,0,0,0,0,0,0,0,0,0,0,0,0,0,0,0
7113,0,0,0,0,0,0,0,0,0,0,0,0,0,0,0,0,0,0,0,0,0
7114,0,0,0,0,0,0,0,0,0,0,0,0,0,0,0,0,0,0,0,0,0
7115,0,0,0,0,0,0,0,0,0,0,0,0,0,0,0,0,0,0,0,0,0
7116,0,0,0,0,0,0,0,0,0,0,0,0,0,0,0,0,0,0,0,0,0
7117,0,0,0,0,0,0,0,0,0,0,0,0,0,0,0,0,0,0,0,0,0
7118,3,3,4,4,3,2,2,3,3,4,4,3,2,2,3,3,4,4,3,2,2
7119,2,2,1,1,1,1,1,2,2,1,1,1,1,1,2,2,1,1,1,1,1
7120,4,5,4,4,4,3,3,4,5,4,4,4,3,3,4,5,4,4,4,3,3
7121,0,0,0,0,0,0,0,0,0,0,0,0,0,0,0,0,0,0,0,0,0
7122,1,1,1,0,0,1,1,1,1,1,0,0,1,1,1,1,1,0,0,1,1
7123,21,34,32,32,3,5,16,21,34,32,32,3,5,16,21,34,32,32,3,5,16
7124,0,0,0,0,0,0,0,0,0,0,0,0,0,0,0,0,0,0,0,0,0
7125,2,3,3,0,1,1,1,2,3,3,0,1,1,1,2,3,3,0,1,1,1
7126,1,1,1,1,0,1,1,1,1,1,1,0,1,1,1,1,1,1,0,1,1
7127,0,0,0,0,0,0,0,0,0,0,0,0,0,0,0,0,0,0,0,0,0
7128,0,0,0,0,0,0,0,0,0,0,0,0,0,0,0,0,0,0,0,0,0
7129,0,0,0,0,0,0,0,0,0,0,0,0,0,0,0,0,0,0,0,0,0
7130,1,1,1,2,2,2,1,1,1,1,2,2,2,1,1,1,1,2,2,2,1
7131,3,3,4,4,3,3,3,3,3,4,4,3,3,3,3,3,4,4,3,3,3
7132,0,0,0,0,0,0,0,0,0,0,0,0,0,0,0,0,0,0,0,0,0
7133,11,13,14,13,12,10,9,11,13,14,13,12,10,9,11,13,14,13,12,10,9
7134,1,0,1,1,0,1,1,1,0,1,1,0,1,1,1,0,1,1,0,1,1
7135,0,0,0,0,0,0,0,0,0,0,0,0,0,0,0,0,0,0,0,0,0
7136,3,6,6,2,1,1,2,3,6,6,2,1,1,2,3,6,6,2,1,1,2
7137,6,6,5,5,6,5,6,6,6,5,5,6,5,6,6,6,5,5,6,5,6
7138,8,8,8,7,7,6,5,8,8,8,7,7,6,5,8,8,8,7,7,6,5
7139,1,2,2,1,1,1,1,1,2,2,1,1,1,1,1,2,2,1,1,1,1
7140,0,0,0,0,0,0,0,0,0,0,0,0,0,0,0,0,0,0,0,0,0
7141,0,0,0,0,0,0,0,0,0,0,0,0,0,0,0,0,0,0,0,0,0
7142,17,22,22,18,12,11,11,17,22,22,18,12,11,11,17,22,22,18,12,11,11
7143,51,87,101,58,40,25,20,51,87,101,58,40,25,20,51,87,101,58,40,25,20
7144,14,12,16,10,25,19,22,14,12,16,10,25,19,22,14,12,16,10,25,19,22
7145,13,17,19,13,10,8,7,13,17,19,13,10,8,7,13,17,19,13,10,8,7
7146,10,10,9,9,8,9,7,10,10,9,9,8,9,7,10,10,9,9,8,9,7
7147,10,10,12,11,10,9,9,10,10,12,11,10,9,9,10,10,12,11,10,9,9
7148,0,0,0,0,0,0,0,0,0,0,0,0,0,0,0,0,0,0,0,0,0
7149,2,2,2,2,1,1,1,2,2,2,2,1,1,1,2,2,2,2,1,1,1
7150,3,3,3,4,3,3,3,3,3,3,4,3,3,3,3,3,3,4,3,3,3
7151,0,0,0,0,0,0,0,0,0,0,0,0,0,0,0,0,0,0,0,0,0
7152,3,3,3,3,2,2,2,3,3,3,3,2,2,2,3,3,3,3,2,2,2
7153,3,3,3,3,3,2,2,3,3,3,3,3,2,2,3,3,3,3,3,2,2
7154,2,3,2,2,1,1,2,2,3,2,2,1,1,2,2,3,2,2,1,1,2
7155,0,0,0,0,0,0,0,0,0,0,0,0,0,0,0,0,0,0,0,0,0
7156,0,0,0,0,0,0,0,0,0,0,0,0,0,0,0,0,0,0,0,0,0
7157,0,0,0,0,0,0,0,0,0,0,0,0,0,0,0,0,0,0,0,0,0
7158,0,0,0,0,0,0,0,0,0,0,0,0,0,0,0,0,0,0,0,0,0
7159,13,14,16,14,12,13,12,13,14,16,14,12,13,12,13,14,16,14,12,13,12
7160,0,0,0,0,0,0,0,0,0,0,0,0,0,0,0,0,0,0,0,0,0
7161,116,127,133,122,106,96,97,116,127,133,122,106,96,97,116,127,133,122,106,96,97
7162,116,127,133,122,106,96,97,116,127,133,122,106,96,97,116,127,133,122,106,96,97
7163,4,4,3,4,5,5,4,4,4,3,4,5,5,4,4,4,3,4,5,5,4
7164,2,3,3,2,2,3,2,2,3,3,2,2,3,2,2,3,3,2,2,3,2
7165,1,2,3,3,2,1,1,1,2,3,3,2,1,1,1,2,3,3,2,1,1
7166,2,2,2,1,1,1,1,2,2,2,1,1,1,1,2,2,2,1,1,1,1
7167,9,12,13,16,13,10,9,9,12,13,16,13,10,9,9,12,13,16,13,10,9
7168,5,6,6,6,5,4,4,5,6,6,6,5,4,4,5,6,6,6,5,4,4
7169,116,127,133,122,106,96,97,116,127,133,122,106,96,97,116,127,133,122,106,96,97
7170,1,1,1,1,1,0,0,1,1,1,1,1,0,0,1,1,1,1,1,0,0
7171,48,48,58,72,71,59,41,48,48,58,72,71,59,41,48,48,58,72,71,59,41
7172,20,22,20,20,13,13,15,20,22,20,20,13,13,15,20,22,20,20,13,13,15
7173,92,113,115,102,81,74,93,92,113,115,102,81,74,93,92,113,115,102,81,74,93
7174,108,103,105,102,96,88,91,108,103,105,102,96,88,91,108,103,105,102,96,88,91
7175,58,61,62,66,55,46,48,58,61,62,66,55,46,48,58,61,62,66,55,46,48
7176,115,127,130,122,106,96,95,115,127,130,122,106,96,95,115,127,130,122,106,96,95
7177,101,122,133,122,106,95,80,101,122,133,122,106,95,80,101,122,133,122,106,95,80
7178,7,7,8,7,7,6,5,7,7,8,7,7,6,5,7,7,8,7,7,6,5
7179,5,6,6,6,5,4,5,5,6,6,6,5,4,5,5,6,6,6,5,4,5
7180,1,1,1,1,1,0,0,1,1,1,1,1,0,0,1,1,1,1,1,0,0
7181,106,100,108,94,87,74,75,106,100,108,94,87,74,75,106,100,108,94,87,74,75
7182,0,0,0,0,0,0,0,0,0,0,0,0,0,0,0,0,0,0,0,0,0
7183,0,0,0,0,0,0,0,0,0,0,0,0,0,0,0,0,0,0,0,0,0
7184,1,1,1,1,0,1,0,1,1,1,1,0,1,0,1,1,1,1,0,1,0
7185,5,6,5,4,3,3,3,5,6,5,4,3,3,3,5,6,5,4,3,3,3
7186,1,1,1,1,1,1,1,1,1,1,1,1,1,1,1,1,1,1,1,1,1
7187,0,0,0,0,0,0,0,0,0,0,0,0,0,0,0,0,0,0,0,0,0
7188,0,0,0,0,0,0,0,0,0,0,0,0,0,0,0,0,0,0,0,0,0
7189,3,3,2,2,2,1,2,3,3,2,2,2,1,2,3,3,2,2,2,1,2
7190,0,0,0,0,0,0,0,0,0,0,0,0,0,0,0,0,0,0,0,0,0
7191,0,1,0,0,0,0,0,0,1,0,0,0,0,0,0,1,0,0,0,0,0
7192,0,0,0,0,0,0,0,0,0,0,0,0,0,0,0,0,0,0,0,0,0
7193,19,22,21,18,16,14,16,19,22,21,18,16,14,16,19,22,21,18,16,14,16
7194,0,0,0,0,0,0,0,0,0,0,0,0,0,0,0,0,0,0,0,0,0
7195,1,0,1,0,0,0,0,1,0,1,0,0,0,0,1,0,1,0,0,0,0
7196,0,0,0,0,0,0,0,0,0,0,0,0,0,0,0,0,0,0,0,0,0
7197,9,14,16,13,10,7,7,9,14,16,13,10,7,7,9,14,16,13,10,7,7
7198,0,0,0,0,0,0,0,0,0,0,0,0,0,0,0,0,0,0,0,0,0
7199,1,0,0,0,0,0,1,1,0,0,0,0,0,1,1,0,0,0,0,0,1
7200,0,0,0,0,0,0,0,0,0,0,0,0,0,0,0,0,0,0,0,0,0
7201,1,0,0,0,0,0,0,1,0,0,0,0,0,0,1,0,0,0,0,0,0
7202,1,1,1,1,1,1,1,1,1,1,1,1,1,1,1,1,1,1,1,1,1
7203,1,1,2,3,3,2,1,1,1,2,3,3,2,1,1,1,2,3,3,2,1
7204,0,0,0,0,0,0,0,0,0,0,0,0,0,0,0,0,0,0,0,0,0
7205,5,6,5,6,5,5,4,5,6,5,6,5,5,4,5,6,5,6,5,5,4
7206,2,2,2,2,2,2,2,2,2,2,2,2,2,2,2,2,2,2,2,2,2
7207,0,0,0,0,0,0,0,0,0,0,0,0,0,0,0,0,0,0,0,0,0
7208,0,0,0,0,0,0,0,0,0,0,0,0,0,0,0,0,0,0,0,0,0
7209,0,0,0,0,0,0,0,0,0,0,0,0,0,0,0,0,0,0,0,0,0
7210,2,2,2,2,1,1,1,2,2,2,2,1,1,1,2,2,2,2,1,1,1
7211,4,4,4,4,4,3,4,4,4,4,4,4,3,4,4,4,4,4,4,3,4
7212,0,0,0,0,0,0,0,0,0,0,0,0,0,0,0,0,0,0,0,0,0
7213,0,0,0,0,0,0,0,0,0,0,0,0,0,0,0,0,0,0,0,0,0
7214,2,2,3,3,3,2,2,2,2,3,3,3,2,2,2,2,3,3,3,2,2
7215,8,10,10,10,8,7,7,8,10,10,10,8,7,7,8,10,10,10,8,7,7
7216,0,0,0,0,0,1,0,0,0,0,0,0,1,0,0,0,0,0,0,1,0
7217,1,1,1,3,3,3,1,1,1,1,3,3,3,1,1,1,1,3,3,3,1
7218,1,1,1,1,1,1,1,1,1,1,1,1,1,1,1,1,1,1,1,1,1
7219,1,1,1,1,1,1,1,1,1,1,1,1,1,1,1,1,1,1,1,1,1
7220,31,35,38,35,29,24,25,31,35,38,35,29,24,25,31,35,38,35,29,24,25
7221,4,5,5,5,4,3,3,4,5,5,5,4,3,3,4,5,5,5,4,3,3
7222,3,3,4,3,2,3,2,3,3,4,3,2,3,2,3,3,4,3,2,3,2
7223,5,5,6,6,5,4,4,5,5,6,6,5,4,4,5,5,6,6,5,4,4
7224,25,28,32,34,30,25,22,25,28,32,34,30,25,22,25,28,32,34,30,25,22
7225,1,1,1,1,1,1,1,1,1,1,1,1,1,1,1,1,1,1,1,1,1
7226,7,8,8,7,6,6,6,7,8,8,7,6,6,6,7,8,8,7,6,6,6
7227,0,1,1,1,1,0,0,0,1,1,1,1,0,0,0,1,1,1,1,0,0
7228,0,1,1,1,1,0,0,0,1,1,1,1,0,0,0,1,1,1,1,0,0
7229,1,1,1,1,1,1,1,1,1,1,1,1,1,1,1,1,1,1,1,1,1
7230,1,1,1,1,1,1,1,1,1,1,1,1,1,1,1,1,1,1,1,1,1
7231,0,0,0,0,0,0,0,0,0,0,0,0,0,0,0,0,0,0,0,0,0
7232,0,0,0,0,0,0,0,0,0,0,0,0,0,0,0,0,0,0,0,0,0
7233,0,0,0,0,0,0,0,0,0,0,0,0,0,0,0,0,0,0,0,0,0
7234,1,1,1,1,1,1,1,1,1,1,1,1,1,1,1,1,1,1,1,1,1
7235,0,0,0,0,0,0,0,0,0,0,0,0,0,0,0,0,0,0,0,0,0
7236,0,0,0,0,0,0,0,0,0,0,0,0,0,0,0,0,0,0,0,0,0
7237,0,0,0,0,0,0,0,0,0,0,0,0,0,0,0,0,0,0,0,0,0
7238,0,0,0,0,0,0,0,0,0,0,0,0,0,0,0,0,0,0,0,0,0
7239,0,0,0,0,0,0,0,0,0,0,0,0,0,0,0,0,0,0,0,0,0
7240,0,0,0,0,0,0,0,0,0,0,0,0,0,0,0,0,0,0,0,0,0
7241,0,0,0,0,0,0,0,0,0,0,0,0,0,0,0,0,0,0,0,0,0
7242,0,0,0,0,0,0,0,0,0,0,0,0,0,0,0,0,0,0,0,0,0
7243,0,0,0,0,0,0,0,0,0,0,0,0,0,0,0,0,0,0,0,0,0
7244,0,0,0,0,0,0,0,0,0,0,0,0,0,0,0,0,0,0,0,0,0
7245,0,0,0,0,0,0,0,0,0,0,0,0,0,0,0,0,0,0,0,0,0
7246,0,0,0,0,0,0,0,0,0,0,0,0,0,0,0,0,0,0,0,0,0
7247,0,0,0,0,0,0,0,0,0,0,0,0,0,0,0,0,0,0,0,0,0
7248,0,0,0,0,0,0,0,0,0,0,0,0,0,0,0,0,0,0,0,0,0
7249,0,0,0,0,0,0,0,0,0,0,0,0,0,0,0,0,0,0,0,0,0
7250,0,0,0,0,0,0,0,0,0,0,0,0,0,0,0,0,0,0,0,0,0
7251,0,0,0,0,0,0,0,0,0,0,0,0,0,0,0,0,0,0,0,0,0
7252,0,0,0,0,0,0,0,0,0,0,0,0,0,0,0,0,0,0,0,0,0
7253,0,0,0,0,0,0,0,0,0,0,0,0,0,0,0,0,0,0,0,0,0
7254,0,0,0,0,0,0,0,0,0,0,0,0,0,0,0,0,0,0,0,0,0
7255,0,0,0,0,0,0,0,0,0,0,0,0,0,0,0,0,0,0,0,0,0
7256,1,1,1,1,1,1,1,1,1,1,1,1,1,1,1,1,1,1,1,1,1
7257,0,0,0,0,0,0,0,0,0,0,0,0,0,0,0,0,0,0,0,0,0
7258,8,10,10,9,8,7,6,8,10,10,9,8,7,6,8,10,10,9,8,7,6
7259,2,2,2,2,1,1,2,2,2,2,2,1,1,2,2,2,2,2,1,1,2
7260,0,0,0,0,0,0,0,0,0,0,0,0,0,0,0,0,0,0,0,0,0
7261,5,4,4,3,3,3,4,5,4,4,3,3,3,4,5,4,4,3,3,3,4
7262,26,28,27,21,19,19,20,26,28,27,21,19,19,20,26,28,27,21,19,19,20
7263,3,2,2,0,0,0,1,3,2,2,0,0,0,1,3,2,2,0,0,0,1
7264,0,0,0,0,0,0,0,0,0,0,0,0,0,0,0,0,0,0,0,0,0
7265,46,64,46,43,22,28,33,46,64,46,43,22,28,33,46,64,46,43,22,28,33
7266,0,0,0,0,0,0,0,0,0,0,0,0,0,0,0,0,0,0,0,0,0
7267,0,0,0,0,0,0,0,0,0,0,0,0,0,0,0,0,0,0,0,0,0
7268,0,0,0,0,0,0,0,0,0,0,0,0,0,0,0,0,0,0,0,0,0
7269,0,0,0,0,0,0,0,0,0,0,0,0,0,0,0,0,0,0,0,0,0
7270,3,3,3,3,3,2,3,3,3,3,3,3,2,3,3,3,3,3,3,2,3
7271,1,1,2,1,1,1,1,1,1,2,1,1,1,1,1,1,2,1,1,1,1
7272,0,0,0,0,0,0,0,0,0,0,0,0,0,0,0,0,0,0,0,0,0
7273,0,1,1,1,1,0,0,0,1,1,1,1,0,0,0,1,1,1,1,0,0
7274,12,13,13,13,13,12,11,12,13,13,13,13,12,11,12,13,13,13,13,12,11
7275,115,126,133,120,101,84,83,115,126,133,120,101,84,83,115,126,133,120,101,84,83
7276,30,32,33,31,28,25,24,30,32,33,31,28,25,24,30,32,33,31,28,25,24
7277,68,75,75,69,63,57,59,68,75,75,69,63,57,59,68,75,75,69,63,57,59
7278,21,25,25,21,20,18,18,21,25,25,21,20,18,18,21,25,25,21,20,18,18
7279,70,78,80,76,71,63,62,70,78,80,76,71,63,62,70,78,80,76,71,63,62
7280,81,86,86,84,76,70,71,81,86,86,84,76,70,71,81,86,86,84,76,70,71
7281,3,4,4,4,4,3,2,3,4,4,4,4,3,2,3,4,4,4,4,3,2
7282,4,3,3,3,3,3,4,4,3,3,3,3,3,4,4,3,3,3,3,3,4
7283,2,1,1,1,1,1,1,2,1,1,1,1,1,1,2,1,1,1,1,1,1
7284,0,0,0,0,0,0,0,0,0,0,0,0,0,0,0,0,0,0,0,0,0
7285,0,0,0,0,0,0,0,0,0,0,0,0,0,0,0,0,0,0,0,0,0
7286,1,1,1,1,1,0,1,1,1,1,1,1,0,1,1,1,1,1,1,0,1
7287,0,0,0,0,0,0,0,0,0,0,0,0,0,0,0,0,0,0,0,0,0
7288,0,0,0,0,0,0,1,0,0,0,0,0,0,1,0,0,0,0,0,0,1
7289,0,0,0,0,0,0,0,0,0,0,0,0,0,0,0,0,0,0,0,0,0
7290,0,0,0,0,0,0,0,0,0,0,0,0,0,0,0,0,0,0,0,0,0
7291,0,0,0,0,0,0,0,0,0,0,0,0,0,0,0,0,0,0,0,0,0
7292,11,13,14,12,12,11,10,11,13,14,12,12,11,10,11,13,14,12,12,11,10
7293,5,6,5,4,3,3,5,5,6,5,4,3,3,5,5,6,5,4,3,3,5
7294,5,5,5,5,4,4,5,5,5,5,5,4,4,5,5,5,5,5,4,4,5
7295,10,11,10,10,9,8,9,10,11,10,10,9,8,9,10,11,10,10,9,8,9
7296,54,63,64,61,52,45,43,54,63,64,61,52,45,43,54,63,64,61,52,45,43
7297,4,7,8,8,7,5,4,4,7,8,8,7,5,4,4,7,8,8,7,5,4
7298,14,15,15,14,12,11,11,14,15,15,14,12,11,11,14,15,15,14,12,11,11
7299,28,29,31,28,25,22,23,28,29,31,28,25,22,23,28,29,31,28,25,22,23
7300,11,12,13,12,10,8,9,11,12,13,12,10,8,9,11,12,13,12,10,8,9
7301,17,17,19,17,16,15,15,17,17,19,17,16,15,15,17,17,19,17,16,15,15
7302,61,62,63,53,46,45,49,61,62,63,53,46,45,49,61,62,63,53,46,45,49
7303,5,6,7,6,6,4,4,5,6,7,6,6,4,4,5,6,7,6,6,4,4
7304,4,3,4,4,4,4,3,4,3,4,4,4,4,3,4,3,4,4,4,4,3
7305,6,7,6,6,6,6,6,6,7,6,6,6,6,6,6,7,6,6,6,6,6
7306,24,26,28,25,23,20,19,24,26,28,25,23,20,19,24,26,28,25,23,20,19
7307,6,7,7,9,9,8,6,6,7,7,9,9,8,6,6,7,7,9,9,8,6
7308,3,3,3,3,3,2,2,3,3,3,3,3,2,2,3,3,3,3,3,2,2
7309,14,15,17,16,14,12,12,14,15,17,16,14,12,12,14,15,17,16,14,12,12
7310,7,7,7,7,6,5,6,7,7,7,7,6,5,6,7,7,7,7,6,5,6
7311,20,20,21,21,20,18,18,20,20,21,21,20,18,18,20,20,21,21,20,18,18
7312,5,6,6,6,6,5,5,5,6,6,6,6,5,5,5,6,6,6,6,5,5
7313,14,16,17,17,15,14,13,14,16,17,17,15,14,13,14,16,17,17,15,14,13
7314,1,1,1,1,1,0,0,1,1,1,1,1,0,0,1,1,1,1,1,0,0
7315,18,17,19,17,17,16,16,18,17,19,17,17,16,16,18,17,19,17,17,16,16
7316,116,127,133,122,106,96,97,116,127,133,122,106,96,97,116,127,133,122,106,96,97
7317,1,1,2,1,1,1,1,1,1,2,1,1,1,1,1,1,2,1,1,1,1
7318,0,0,0,0,0,0,0,0,0,0,0,0,0,0,0,0,0,0,0,0,0
7319,13,13,15,16,15,12,11,13,13,15,16,15,12,11,13,13,15,16,15,12,11
7320,23,26,30,28,25,20,19,23,26,30,28,25,20,19,23,26,30,28,25,20,19
7321,12,12,14,14,14,11,10,12,12,14,14,14,11,10,12,12,14,14,14,11,10
7322,1,1,1,1,1,0,0,1,1,1,1,1,0,0,1,1,1,1,1,0,0
7323,8,8,9,8,7,6,6,8,8,9,8,7,6,6,8,8,9,8,7,6,6
7324,6,7,8,9,7,5,5,6,7,8,9,7,5,5,6,7,8,9,7,5,5
7325,10,13,14,13,13,10,10,10,13,14,13,13,10,10,10,13,14,13,13,10,10
7326,11,12,12,11,10,8,9,11,12,12,11,10,8,9,11,12,12,11,10,8,9
7327,12,12,13,11,11,9,9,12,12,13,11,11,9,9,12,12,13,11,11,9,9
7328,28,29,30,27,23,21,24,28,29,30,27,23,21,24,28,29,30,27,23,21,24
7329,0,0,0,0,0,0,0,0,0,0,0,0,0,0,0,0,0,0,0,0,0
7330,4,4,4,4,3,3,4,4,4,4,4,3,3,4,4,4,4,4,3,3,4
7331,7,7,8,9,8,6,6,7,7,8,9,8,6,6,7,7,8,9,8,6,6
7332,2,2,2,2,2,2,2,2,2,2,2,2,2,2,2,2,2,2,2,2,2
7333,2,2,2,2,2,1,1,2,2,2,2,2,1,1,2,2,2,2,2,1,1
7334,1,1,1,1,1,1,1,1,1,1,1,1,1,1,1,1,1,1,1,1,1
7335,3,2,2,2,2,3,3,3,2,2,2,2,3,3,3,2,2,2,2,3,3
7336,6,6,5,5,5,5,5,6,6,5,5,5,5,5,6,6,5,5,5,5,5
7337,1,1,1,1,1,1,1,1,1,1,1,1,1,1,1,1,1,1,1,1,1
7338,0,0,0,0,0,0,0,0,0,0,0,0,0,0,0,0,0,0,0,0,0
7339,1,1,1,1,1,1,1,1,1,1,1,1,1,1,1,1,1,1,1,1,1
7340,2,3,3,2,2,2,2,2,3,3,2,2,2,2,2,3,3,2,2,2,2
7341,0,0,0,0,0,0,0,0,0,0,0,0,0,0,0,0,0,0,0,0,0
7342,0,0,0,0,0,0,0,0,0,0,0,0,0,0,0,0,0,0,0,0,0
7343,0,0,0,0,0,0,0,0,0,0,0,0,0,0,0,0,0,0,0,0,0
7344,0,0,0,0,0,0,0,0,0,0,0,0,0,0,0,0,0,0,0,0,0
7345,0,0,0,0,0,0,0,0,0,0,0,0,0,0,0,0,0,0,0,0,0
7346,0,0,0,0,0,0,0,0,0,0,0,0,0,0,0,0,0,0,0,0,0
7347,0,0,0,0,0,0,0,0,0,0,0,0,0,0,0,0,0,0,0,0,0
7348,0,0,0,0,0,0,0,0,0,0,0,0,0,0,0,0,0,0,0,0,0
7349,0,0,0,0,0,0,0,0,0,0,0,0,0,0,0,0,0,0,0,0,0
7350,11,10,10,10,9,8,9,11,10,10,10,9,8,9,11,10,10,10,9,8,9
7351,2,2,2,2,2,2,2,2,2,2,2,2,2,2,2,2,2,2,2,2,2
7352,5,5,6,5,4,4,4,5,5,6,5,4,4,4,5,5,6,5,4,4,4
7353,0,0,0,0,0,0,0,0,0,0,0,0,0,0,0,0,0,0,0,0,0
7354,1,1,1,1,1,1,1,1,1,1,1,1,1,1,1,1,1,1,1,1,1
7355,0,0,0,0,0,0,0,0,0,0,0,0,0,0,0,0,0,0,0,0,0
7356,0,0,0,0,0,0,0,0,0,0,0,0,0,0,0,0,0,0,0,0,0
7357,0,0,0,0,0,0,0,0,0,0,0,0,0,0,0,0,0,0,0,0,0
7358,2,2,2,2,1,1,1,2,2,2,2,1,1,1,2,2,2,2,1,1,1
7359,13,16,17,15,13,11,11,13,16,17,15,13,11,11,13,16,17,15,13,11,11
7360,0,0,0,0,0,0,0,0,0,0,0,0,0,0,0,0,0,0,0,0,0
7361,4,5,5,3,4,4,4,4,5,5,3,4,4,4,4,5,5,3,4,4,4
7362,3,4,5,5,4,3,3,3,4,5,5,4,3,3,3,4,5,5,4,3,3
7363,0,0,0,0,0,0,0,0,0,0,0,0,0,0,0,0,0,0,0,0,0
7364,0,0,0,0,0,0,0,0,0,0,0,0,0,0,0,0,0,0,0,0,0
7365,0,0,0,0,0,0,0,0,0,0,0,0,0,0,0,0,0,0,0,0,0
7366,0,0,0,0,0,0,0,0,0,0,0,0,0,0,0,0,0,0,0,0,0
7367,0,0,0,0,0,0,0,0,0,0,0,0,0,0,0,0,0,0,0,0,0
7368,2,3,4,3,2,2,2,2,3,4,3,2,2,2,2,3,4,3,2,2,2
7369,3,4,4,3,3,3,3,3,4,4,3,3,3,3,3,4,4,3,3,3,3
7370,0,0,0,0,0,0,0,0,0,0,0,0,0,0,0,0,0,0,0,0,0
7371,0,0,0,0,0,0,0,0,0,0,0,0,0,0,0,0,0,0,0,0,0
7372,0,0,0,0,0,0,0,0,0,0,0,0,0,0,0,0,0,0,0,0,0
7373,0,0,0,0,0,0,0,0,0,0,0,0,0,0,0,0,0,0,0,0,0
7374,0,0,0,0,0,0,0,0,0,0,0,0,0,0,0,0,0,0,0,0,0
7375,0,0,0,0,0,0,0,0,0,0,0,0,0,0,0,0,0,0,0,0,0
7376,0,0,0,0,0,0,0,0,0,0,0,0,0,0,0,0,0,0,0,0,0
7377,0,0,0,0,0,0,0,0,0,0,0,0,0,0,0,0,0,0,0,0,0
7378,47,55,63,61,55,47,41,47,55,63,61,55,47,41,47,55,63,61,55,47,41
7379,1,1,1,1,1,1,1,1,1,1,1,1,1,1,1,1,1,1,1,1,1
7380,0,0,0,0,0,0,0,0,0,0,0,0,0,0,0,0,0,0,0,0,0
7381,0,0,0,0,0,0,0,0,0,0,0,0,0,0,0,0,0,0,0,0,0
7382,0,0,0,0,0,0,0,0,0,0,0,0,0,0,0,0,0,0,0,0,0
7383,0,0,0,0,0,0,0,0,0,0,0,0,0,0,0,0,0,0,0,0,0
7384,0,0,0,0,0,0,0,0,0,0,0,0,0,0,0,0,0,0,0,0,0
7385,0,0,0,0,0,0,0,0,0,0,0,0,0,0,0,0,0,0,0,0,0
7386,0,0,0,0,0,0,0,0,0,0,0,0,0,0,0,0,0,0,0,0,0
7387,0,0,0,0,0,0,0,0,0,0,0,0,0,0,0,0,0,0,0,0,0
7388,0,0,0,0,0,0,0,0,0,0,0,0,0,0,0,0,0,0,0,0,0
7389,14,14,12,14,16,11,13,14,14,12,14,16,11,13,14,14,12,14,16,11,13
7390,7,2,0,1,0,5,3,7,2,0,1,0,5,3,7,2,0,1,0,5,3
7391,0,0,0,0,0,0,0,0,0,0,0,0,0,0,0,0,0,0,0,0,0
7392,0,0,0,0,0,0,0,0,0,0,0,0,0,0,0,0,0,0,0,0,0
7393,6,5,6,6,7,4,4,6,5,6,6,7,4,4,6,5,6,6,7,4,4
7394,4,4,3,1,2,3,3,4,4,3,1,2,3,3,4,4,3,1,2,3,3
7395,0,0,0,0,0,0,0,0,0,0,0,0,0,0,0,0,0,0,0,0,0
7396,6,6,5,4,4,5,5,6,6,5,4,4,5,5,6,6,5,4,4,5,5
7397,0,0,0,0,0,0,0,0,0,0,0,0,0,0,0,0,0,0,0,0,0
7398,2,2,2,2,2,1,1,2,2,2,2,2,1,1,2,2,2,2,2,1,1
7399,2,3,3,2,2,2,1,2,3,3,2,2,2,1,2,3,3,2,2,2,1
7400,1,1,1,1,1,1,1,1,1,1,1,1,1,1,1,1,1,1,1,1,1
7401,1,1,1,1,1,1,1,1,1,1,1,1,1,1,1,1,1,1,1,1,1
7402,2,2,2,2,1,1,2,2,2,2,2,1,1,2,2,2,2,2,1,1,2
7403,5,5,5,6,6,6,5,5,5,5,6,6,6,5,5,5,5,6,6,6,5
7404,0,0,0,0,0,0,0,0,0,0,0,0,0,0,0,0,0,0,0,0,0
7405,3,3,3,3,2,3,2,3,3,3,3,2,3,2,3,3,3,3,2,3,2
7406,0,0,0,0,0,0,0,0,0,0,0,0,0,0,0,0,0,0,0,0,0
7407,1,1,0,0,0,0,1,1,1,0,0,0,0,1,1,1,0,0,0,0,1
7408,0,0,0,0,0,0,0,0,0,0,0,0,0,0,0,0,0,0,0,0,0
7409,1,1,1,1,1,1,1,1,1,1,1,1,1,1,1,1,1,1,1,1,1
7410,0,0,0,0,0,0,0,0,0,0,0,0,0,0,0,0,0,0,0,0,0
7411,0,0,0,0,0,0,0,0,0,0,0,0,0,0,0,0,0,0,0,0,0
7412,0,0,0,0,0,0,0,0,0,0,0,0,0,0,0,0,0,0,0,0,0
7413,0,0,0,0,0,0,0,0,0,0,0,0,0,0,0,0,0,0,0,0,0
7414,0,0,0,0,0,0,0,0,0,0,0,0,0,0,0,0,0,0,0,0,0
7415,0,1,1,0,0,0,0,0,1,1,0,0,0,0,0,1,1,0,0,0,0
7416,0,0,0,0,0,0,0,0,0,0,0,0,0,0,0,0,0,0,0,0,0
7417,0,0,0,0,0,0,0,0,0,0,0,0,0,0,0,0,0,0,0,0,0
7418,0,1,1,1,1,1,1,0,1,1,1,1,1,1,0,1,1,1,1,1,1
7419,0,0,0,0,0,0,0,0,0,0,0,0,0,0,0,0,0,0,0,0,0
7420,0,0,0,0,0,0,0,0,0,0,0,0,0,0,0,0,0,0,0,0,0
7421,0,0,0,0,0,0,0,0,0,0,0,0,0,0,0,0,0,0,0,0,0
7422,0,0,0,0,0,0,0,0,0,0,0,0,0,0,0,0,0,0,0,0,0
7423,0,0,0,0,0,0,0,0,0,0,0,0,0,0,0,0,0,0,0,0,0
7424,0,0,0,0,0,0,0,0,0,0,0,0,0,0,0,0,0,0,0,0,0
7425,3,3,3,3,2,2,2,3,3,3,3,2,2,2,3,3,3,3,2,2,2
7426,0,0,0,0,0,0,0,0,0,0,0,0,0,0,0,0,0,0,0,0,0
7427,0,0,0,0,0,0,0,0,0,0,0,0,0,0,0,0,0,0,0,0,0
7428,3,4,4,4,4,4,3,3,4,4,4,4,4,3,3,4,4,4,4,4,3
7429,0,0,0,0,0,0,0,0,0,0,0,0,0,0,0,0,0,0,0,0,0
7430,0,0,0,0,0,0,0,0,0,0,0,0,0,0,0,0,0,0,0,0,0
7431,14,16,16,14,12,11,11,14,16,16,14,12,11,11,14,16,16,14,12,11,11
7432,2,2,2,1,1,1,1,2,2,2,1,1,1,1,2,2,2,1,1,1,1
7433,3,4,4,4,3,2,2,3,4,4,4,3,2,2,3,4,4,4,3,2,2
7434,3,3,3,3,2,2,2,3,3,3,3,2,2,2,3,3,3,3,2,2,2
7435,0,0,0,0,0,0,0,0,0,0,0,0,0,0,0,0,0,0,0,0,0
7436,1,1,1,1,1,1,1,1,1,1,1,1,1,1,1,1,1,1,1,1,1
7437,21,24,27,31,31,28,21,21,24,27,31,31,28,21,21,24,27,31,31,28,21
7438,0,0,0,0,0,0,0,0,0,0,0,0,0,0,0,0,0,0,0,0,0
7439,0,0,0,0,0,0,0,0,0,0,0,0,0,0,0,0,0,0,0,0,0
7440,0,0,0,0,0,0,0,0,0,0,0,0,0,0,0,0,0,0,0,0,0
7441,4,4,5,5,4,3,4,4,4,5,5,4,3,4,4,4,5,5,4,3,4
7442,4,4,4,3,3,3,3,4,4,4,3,3,3,3,4,4,4,3,3,3,3
7443,0,0,0,0,0,0,0,0,0,0,0,0,0,0,0,0,0,0,0,0,0
7444,0,0,0,1,0,0,0,0,0,0,1,0,0,0,0,0,0,1,0,0,0
7445,0,0,0,0,0,0,0,0,0,0,0,0,0,0,0,0,0,0,0,0,0
7446,3,3,3,3,2,2,2,3,3,3,3,2,2,2,3,3,3,3,2,2,2
7447,0,0,0,0,0,0,0,0,0,0,0,0,0,0,0,0,0,0,0,0,0
7448,0,0,0,0,0,0,0,0,0,0,0,0,0,0,0,0,0,0,0,0,0
7449,89,102,105,101,88,74,74,89,102,105,101,88,74,74,89,102,105,101,88,74,74
7450,4,5,5,4,3,3,4,4,5,5,4,3,3,4,4,5,5,4,3,3,4
7451,1,0,0,0,0,0,1,1,0,0,0,0,0,1,1,0,0,0,0,0,1
7452,0,0,0,0,0,0,0,0,0,0,0,0,0,0,0,0,0,0,0,0,0
7453,0,1,0,1,0,0,1,0,1,0,1,0,0,1,0,1,0,1,0,0,1
7454,40,55,57,51,43,39,34,40,55,57,51,43,39,34,40,55,57,51,43,39,34
7455,1,1,1,1,1,1,1,1,1,1,1,1,1,1,1,1,1,1,1,1,1
7456,0,0,0,0,0,0,0,0,0,0,0,0,0,0,0,0,0,0,0,0,0
7457,4,4,4,4,3,3,3,4,4,4,4,3,3,3,4,4,4,4,3,3,3
7458,1,1,0,0,0,0,0,1,1,0,0,0,0,0,1,1,0,0,0,0,0
7459,0,0,0,0,0,0,0,0,0,0,0,0,0,0,0,0,0,0,0,0,0
7460,28,27,23,21,19,18,23,28,27,23,21,19,18,23,28,27,23,21,19,18,23
7461,0,0,0,0,0,0,0,0,0,0,0,0,0,0,0,0,0,0,0,0,0
7462,1,1,1,1,1,1,1,1,1,1,1,1,1,1,1,1,1,1,1,1,1
7463,0,0,0,0,0,0,0,0,0,0,0,0,0,0,0,0,0,0,0,0,0
7464,0,0,0,0,0,0,0,0,0,0,0,0,0,0,0,0,0,0,0,0,0
7465,21,16,16,15,12,11,11,21,16,16,15,12,11,11,21,16,16,15,12,11,11
7466,28,32,34,33,29,27,25,28,32,34,33,29,27,25,28,32,34,33,29,27,25
7467,2,2,2,2,1,1,2,2,2,2,2,1,1,2,2,2,2,2,1,1,2
7468,30,34,36,33,29,26,25,30,34,36,33,29,26,25,30,34,36,33,29,26,25
7469,11,12,12,12,11,9,9,11,12,12,12,11,9,9,11,12,12,12,11,9,9
7470,14,15,15,14,13,12,12,14,15,15,14,13,12,12,14,15,15,14,13,12,12
7471,4,5,5,4,4,3,3,4,5,5,4,4,3,3,4,5,5,4,4,3,3
7472,2,2,2,2,2,1,2,2,2,2,2,2,1,2,2,2,2,2,2,1,2
7473,7,6,7,6,5,5,5,7,6,7,6,5,5,5,7,6,7,6,5,5,5
7474,0,0,0,0,0,0,0,0,0,0,0,0,0,0,0,0,0,0,0,0,0
7475,1,0,0,1,1,1,0,1,0,0,1,1,1,0,1,0,0,1,1,1,0
7476,6,6,6,5,5,4,4,6,6,6,5,5,4,4,6,6,6,5,5,4,4
7477,18,17,16,15,15,15,16,18,17,16,15,15,15,16,18,17,16,15,15,15,16
7478,1,1,1,1,1,1,1,1,1,1,1,1,1,1,1,1,1,1,1,1,1
7479,25,26,25,23,20,19,20,25,26,25,23,20,19,20,25,26,25,23,20,19,20
7480,11,13,13,8,5,3,3,11,13,13,8,5,3,3,11,13,13,8,5,3,3
7481,0,1,1,1,1,0,0,0,1,1,1,1,0,0,0,1,1,1,1,0,0
7482,5,5,5,4,4,3,4,5,5,5,4,4,3,4,5,5,5,4,4,3,4
7483,116,127,133,122,106,96,97,116,127,133,122,106,96,97,116,127,133,122,106,96,97
7484,26,30,29,25,22,19,21,26,30,29,25,22,19,21,26,30,29,25,22,19,21
7485,116,127,123,108,96,91,97,116,127,123,108,96,91,97,116,127,123,108,96,91,97
7486,5,6,6,4,4,3,4,5,6,6,4,4,3,4,5,6,6,4,4,3,4
7487,60,57,50,42,38,36,47,60,57,50,42,38,36,47,60,57,50,42,38,36,47
7488,0,0,0,0,0,0,0,0,0,0,0,0,0,0,0,0,0,0,0,0,0
7489,0,0,0,0,0,0,0,0,0,0,0,0,0,0,0,0,0,0,0,0,0
7490,0,0,0,0,0,0,0,0,0,0,0,0,0,0,0,0,0,0,0,0,0
7491,1,1,1,1,1,1,1,1,1,1,1,1,1,1,1,1,1,1,1,1,1
7492,25,30,33,31,24,17,17,25,30,33,31,24,17,17,25,30,33,31,24,17,17
7493,23,23,19,18,16,18,20,23,23,19,18,16,18,20,23,23,19,18,16,18,20
7494,11,14,15,13,11,9,9,11,14,15,13,11,9,9,11,14,15,13,11,9,9
7495,1,1,1,1,2,1,1,1,1,1,1,2,1,1,1,1,1,1,2,1,1
7496,2,3,3,2,2,1,1,2,3,3,2,2,1,1,2,3,3,2,2,1,1
7497,10,11,12,11,12,9,9,10,11,12,11,12,9,9,10,11,12,11,12,9,9
7498,3,4,3,4,3,3,3,3,4,3,4,3,3,3,3,4,3,4,3,3,3
7499,10,11,11,10,9,8,9,10,11,11,10,9,8,9,10,11,11,10,9,8,9
7500,10,9,6,7,7,7,8,10,9,6,7,7,7,8,10,9,6,7,7,7,8
7501,3,3,3,4,2,2,2,3,3,3,4,2,2,2,3,3,3,4,2,2,2
7502,0,0,0,1,0,0,0,0,0,0,1,0,0,0,0,0,0,1,0,0,0
7503,1,1,1,1,1,1,1,1,1,1,1,1,1,1,1,1,1,1,1,1,1
7504,1,1,2,2,2,1,1,1,1,2,2,2,1,1,1,1,2,2,2,1,1
7505,10,11,12,11,9,8,8,10,11,12,11,9,8,8,10,11,12,11,9,8,8
7506,1,1,1,1,1,1,1,1,1,1,1,1,1,1,1,1,1,1,1,1,1
7507,11,13,12,11,10,9,10,11,13,12,11,10,9,10,11,13,12,11,10,9,10
7508,14,14,15,14,13,9,10,14,14,15,14,13,9,10,14,14,15,14,13,9,10
7509,2,2,2,2,2,2,1,2,2,2,2,2,2,1,2,2,2,2,2,2,1
7510,1,0,1,1,1,1,0,1,0,1,1,1,1,0,1,0,1,1,1,1,0
7511,0,0,0,0,0,0,0,0,0,0,0,0,0,0,0,0,0,0,0,0,0
7512,2,2,2,2,1,1,1,2,2,2,2,1,1,1,2,2,2,2,1,1,1
7513,15,15,13,13,11,11,12,15,15,13,13,11,11,12,15,15,13,13,11,11,12
7514,0,0,0,0,0,0,0,0,0,0,0,0,0,0,0,0,0,0,0,0,0
7515,1,1,1,1,1,1,0,1,1,1,1,1,1,0,1,1,1,1,1,1,0
7516,0,1,0,0,0,0,0,0,1,0,0,0,0,0,0,1,0,0,0,0,0
7517,4,4,4,4,4,4,4,4,4,4,4,4,4,4,4,4,4,4,4,4,4
7518,1,1,1,1,1,1,1,1,1,1,1,1,1,1,1,1,1,1,1,1,1
7519,2,2,2,2,2,2,1,2,2,2,2,2,2,1,2,2,2,2,2,2,1
7520,3,3,3,3,2,2,2,3,3,3,3,2,2,2,3,3,3,3,2,2,2
7521,5,7,7,9,8,6,5,5,7,7,9,8,6,5,5,7,7,9,8,6,5
7522,4,5,5,4,3,3,3,4,5,5,4,3,3,3,4,5,5,4,3,3,3
7523,10,11,11,11,10,9,8,10,11,11,11,10,9,8,10,11,11,11,10,9,8
7524,1,1,1,1,1,1,1,1,1,1,1,1,1,1,1,1,1,1,1,1,1
7525,1,1,1,1,1,1,1,1,1,1,1,1,1,1,1,1,1,1,1,1,1
7526,1,1,1,1,0,0,0,1,1,1,1,0,0,0,1,1,1,1,0,0,0
7527,0,0,0,0,0,0,0,0,0,0,0,0,0,0,0,0,0,0,0,0,0
7528,1,1,1,1,1,1,0,1,1,1,1,1,1,0,1,1,1,1,1,1,0
7529,1,1,1,0,0,0,0,1,1,1,0,0,0,0,1,1,1,0,0,0,0
7530,0,0,0,0,0,0,0,0,0,0,0,0,0,0,0,0,0,0,0,0,0
7531,2,2,2,1,2,2,2,2,2,2,1,2,2,2,2,2,2,1,2,2,2
7532,0,0,0,0,0,0,0,0,0,0,0,0,0,0,0,0,0,0,0,0,0
7533,2,2,2,2,2,2,2,2,2,2,2,2,2,2,2,2,2,2,2,2,2
7534,1,1,1,1,0,0,1,1,1,1,1,0,0,1,1,1,1,1,0,0,1
7535,0,0,0,0,0,0,0,0,0,0,0,0,0,0,0,0,0,0,0,0,0
7536,0,0,0,0,0,0,0,0,0,0,0,0,0,0,0,0,0,0,0,0,0
7537,1,1,1,0,0,0,1,1,1,1,0,0,0,1,1,1,1,0,0,0,1
7538,0,0,0,0,0,0,0,0,0,0,0,0,0,0,0,0,0,0,0,0,0
7539,0,0,0,0,0,0,0,0,0,0,0,0,0,0,0,0,0,0,0,0,0
7540,0,0,0,0,0,0,0,0,0,0,0,0,0,0,0,0,0,0,0,0,0
7541,0,0,0,0,0,0,0,0,0,0,0,0,0,0,0,0,0,0,0,0,0
7542,0,0,0,0,0,0,0,0,0,0,0,0,0,0,0,0,0,0,0,0,0
7543,0,0,0,0,0,0,0,0,0,0,0,0,0,0,0,0,0,0,0,0,0
7544,0,0,0,0,0,0,0,0,0,0,0,0,0,0,0,0,0,0,0,0,0
7545,0,0,0,0,0,0,0,0,0,0,0,0,0,0,0,0,0,0,0,0,0
7546,0,0,0,0,0,0,0,0,0,0,0,0,0,0,0,0,0,0,0,0,0
7547,0,0,0,0,0,0,0,0,0,0,0,0,0,0,0,0,0,0,0,0,0
7548,0,1,0,0,1,1,1,0,1,0,0,1,1,1,0,1,0,0,1,1,1
7549,0,0,0,0,0,0,0,0,0,0,0,0,0,0,0,0,0,0,0,0,0
7550,0,0,0,0,0,0,0,0,0,0,0,0,0,0,0,0,0,0,0,0,0
7551,0,0,0,0,0,0,0,0,0,0,0,0,0,0,0,0,0,0,0,0,0
7552,0,0,0,0,0,0,0,0,0,0,0,0,0,0,0,0,0,0,0,0,0
7553,0,0,0,0,0,0,0,0,0,0,0,0,0,0,0,0,0,0,0,0,0
7554,0,0,0,0,0,0,0,0,0,0,0,0,0,0,0,0,0,0,0,0,0
7555,0,0,0,0,0,0,0,0,0,0,0,0,0,0,0,0,0,0,0,0,0
7556,0,0,0,0,0,0,0,0,0,0,0,0,0,0,0,0,0,0,0,0,0
7557,0,0,0,0,0,0,0,0,0,0,0,0,0,0,0,0,0,0,0,0,0
7558,0,0,0,0,0,0,0,0,0,0,0,0,0,0,0,0,0,0,0,0,0
7559,1,1,1,1,1,1,1,1,1,1,1,1,1,1,1,1,1,1,1,1,1
7560,9,14,14,14,13,5,5,9,14,14,14,13,5,5,9,14,14,14,13,5,5
7561,0,0,0,0,0,0,0,0,0,0,0,0,0,0,0,0,0,0,0,0,0
7562,0,0,0,0,0,0,0,0,0,0,0,0,0,0,0,0,0,0,0,0,0
7563,0,0,0,0,0,0,0,0,0,0,0,0,0,0,0,0,0,0,0,0,0
7564,0,0,0,0,0,0,0,0,0,0,0,0,0,0,0,0,0,0,0,0,0
7565,0,0,0,0,0,0,0,0,0,0,0,0,0,0,0,0,0,0,0,0,0
7566,0,0,0,0,0,0,0,0,0,0,0,0,0,0,0,0,0,0,0,0,0
7567,0,0,0,0,0,0,0,0,0,0,0,0,0,0,0,0,0,0,0,0,0
7568,1,0,1,0,0,1,1,1,0,1,0,0,1,1,1,0,1,0,0,1,1
7569,0,0,0,0,0,0,0,0,0,0,0,0,0,0,0,0,0,0,0,0,0
7570,0,0,0,0,0,0,0,0,0,0,0,0,0,0,0,0,0,0,0,0,0
7571,0,0,0,0,1,1,0,0,0,0,0,1,1,0,0,0,0,0,1,1,0
7572,57,71,78,95,85,70,49,57,71,78,95,85,70,49,57,71,78,95,85,70,49
7573,1,2,1,2,2,0,1,1,2,1,2,2,0,1,1,2,1,2,2,0,1
7574,0,0,1,0,0,0,0,0,0,1,0,0,0,0,0,0,1,0,0,0,0
7575,0,0,0,0,0,0,0,0,0,0,0,0,0,0,0,0,0,0,0,0,0
7576,0,0,0,0,0,0,0,0,0,0,0,0,0,0,0,0,0,0,0,0,0
7577,0,0,0,0,0,0,0,0,0,0,0,0,0,0,0,0,0,0,0,0,0
7578,0,0,0,0,0,0,0,0,0,0,0,0,0,0,0,0,0,0,0,0,0
7579,0,0,0,0,0,0,0,0,0,0,0,0,0,0,0,0,0,0,0,0,0
7580,15,19,19,17,16,13,12,15,19,19,17,16,13,12,15,19,19,17,16,13,12
7581,4,4,4,4,3,3,3,4,4,4,4,3,3,3,4,4,4,4,3,3,3
7582,3,4,4,4,3,3,3,3,4,4,4,3,3,3,3,4,4,4,3,3,3
7583,3,4,4,4,3,3,3,3,4,4,4,3,3,3,3,4,4,4,3,3,3
7584,18,17,19,19,16,15,16,18,17,19,19,16,15,16,18,17,19,19,16,15,16
7585,0,0,0,0,0,0,0,0,0,0,0,0,0,0,0,0,0,0,0,0,0
7586,1,1,1,1,0,0,0,1,1,1,1,0,0,0,1,1,1,1,0,0,0
7587,0,0,0,0,0,0,0,0,0,0,0,0,0,0,0,0,0,0,0,0,0
7588,1,1,1,1,1,1,1,1,1,1,1,1,1,1,1,1,1,1,1,1,1
7589,5,5,5,5,5,5,4,5,5,5,5,5,5,4,5,5,5,5,5,5,4
7590,73,97,110,113,100,78,63,73,97,110,113,100,78,63,73,97,110,113,100,78,63
7591,5,5,5,4,4,4,4,5,5,5,4,4,4,4,5,5,5,4,4,4,4
7592,2,2,3,3,3,2,2,2,2,3,3,3,2,2,2,2,3,3,3,2,2
7593,2,3,3,3,2,2,2,2,3,3,3,2,2,2,2,3,3,3,2,2,2
7594,2,3,2,2,1,1,1,2,3,2,2,1,1,1,2,3,2,2,1,1,1
7595,14,15,14,15,13,11,11,14,15,14,15,13,11,11,14,15,14,15,13,11,11
7596,1,1,1,1,1,1,1,1,1,1,1,1,1,1,1,1,1,1,1,1,1
7597,0,0,0,0,0,0,0,0,0,0,0,0,0,0,0,0,0,0,0,0,0
7598,0,0,0,0,0,0,0,0,0,0,0,0,0,0,0,0,0,0,0,0,0
7599,0,0,0,0,0,0,0,0,0,0,0,0,0,0,0,0,0,0,0,0,0
7600,0,0,0,0,0,0,0,0,0,0,0,0,0,0,0,0,0,0,0,0,0
7601,0,0,0,0,0,0,0,0,0,0,0,0,0,0,0,0,0,0,0,0,0
7602,0,0,0,0,0,0,0,0,0,0,0,0,0,0,0,0,0,0,0,0,0
7603,1,1,2,1,1,1,1,1,1,2,1,1,1,1,1,1,2,1,1,1,1
7604,2,3,4,3,3,2,2,2,3,4,3,3,2,2,2,3,4,3,3,2,2
7605,0,0,0,0,0,0,0,0,0,0,0,0,0,0,0,0,0,0,0,0,0
7606,0,0,0,0,0,0,0,0,0,0,0,0,0,0,0,0,0,0,0,0,0
7607,35,39,41,40,37,29,28,35,39,41,40,37,29,28,35,39,41,40,37,29,28
7608,9,15,16,15,10,9,9,9,15,16,15,10,9,9,9,15,16,15,10,9,9
7609,14,17,19,18,14,13,13,14,17,19,18,14,13,13,14,17,19,18,14,13,13
7610,0,0,0,0,1,1,1,0,0,0,0,1,1,1,0,0,0,0,1,1,1
7611,0,0,0,0,0,0,0,0,0,0,0,0,0,0,0,0,0,0,0,0,0
7612,0,0,0,0,0,0,0,0,0,0,0,0,0,0,0,0,0,0,0,0,0
7613,1,0,0,0,0,0,0,1,0,0,0,0,0,0,1,0,0,0,0,0,0
7614,0,0,0,0,0,0,0,0,0,0,0,0,0,0,0,0,0,0,0,0,0
7615,0,0,0,0,0,0,0,0,0,0,0,0,0,0,0,0,0,0,0,0,0
7616,0,0,0,0,0,0,0,0,0,0,0,0,0,0,0,0,0,0,0,0,0
7617,0,0,0,0,0,0,0,0,0,0,0,0,0,0,0,0,0,0,0,0,0
7618,0,0,0,0,0,0,0,0,0,0,0,0,0,0,0,0,0,0,0,0,0
7619,0,0,0,0,0,0,0,0,0,0,0,0,0,0,0,0,0,0,0,0,0
7620,4,4,4,4,4,3,3,4,4,4,4,4,3,3,4,4,4,4,4,3,3
7621,0,0,0,0,0,0,0,0,0,0,0,0,0,0,0,0,0,0,0,0,0
7622,12,12,16,14,10,7,6,12,12,16,14,10,7,6,12,12,16,14,10,7,6
7623,3,7,7,6,5,3,2,3,7,7,6,5,3,2,3,7,7,6,5,3,2
7624,47,73,96,92,78,57,38,47,73,96,92,78,57,38,47,73,96,92,78,57,38
7625,4,4,4,4,4,3,2,4,4,4,4,4,3,2,4,4,4,4,4,3,2
7626,14,17,21,19,18,15,9,14,17,21,19,18,15,9,14,17,21,19,18,15,9
7627,0,0,0,0,0,0,0,0,0,0,0,0,0,0,0,0,0,0,0,0,0
7628,0,0,0,0,0,0,0,0,0,0,0,0,0,0,0,0,0,0,0,0,0
7629,3,3,3,3,1,1,2,3,3,3,3,1,1,2,3,3,3,3,1,1,2
7630,19,17,17,12,9,9,14,19,17,17,12,9,9,14,19,17,17,12,9,9,14
7631,0,0,0,0,0,0,0,0,0,0,0,0,0,0,0,0,0,0,0,0,0
7632,5,6,7,7,7,5,4,5,6,7,7,7,5,4,5,6,7,7,7,5,4
7633,1,1,1,1,1,1,1,1,1,1,1,1,1,1,1,1,1,1,1,1,1
7634,6,8,10,9,9,8,6,6,8,10,9,9,8,6,6,8,10,9,9,8,6
7635,17,23,22,21,15,12,14,17,23,22,21,15,12,14,17,23,22,21,15,12,14
7636,12,11,10,10,8,9,9,12,11,10,10,8,9,9,12,11,10,10,8,9,9
7637,1,1,1,0,0,0,0,1,1,1,0,0,0,0,1,1,1,0,0,0,0
7638,0,0,0,0,0,0,0,0,0,0,0,0,0,0,0,0,0,0,0,0,0
7639,1,1,1,1,1,1,1,1,1,1,1,1,1,1,1,1,1,1,1,1,1
7640,0,0,0,0,0,0,0,0,0,0,0,0,0,0,0,0,0,0,0,0,0
7641,0,0,0,0,0,0,0,0,0,0,0,0,0,0,0,0,0,0,0,0,0
7642,1,1,1,1,1,1,1,1,1,1,1,1,1,1,1,1,1,1,1,1,1
7643,0,0,0,0,0,0,0,0,0,0,0,0,0,0,0,0,0,0,0,0,0
7644,2,3,4,4,3,3,2,2,3,4,4,3,3,2,2,3,4,4,3,3,2
7645,0,0,0,0,1,1,1,0,0,0,0,1,1,1,0,0,0,0,1,1,1
7646,15,15,13,9,7,9,9,15,15,13,9,7,9,9,15,15,13,9,7,9,9
7647,3,3,3,3,3,3,2,3,3,3,3,3,3,2,3,3,3,3,3,3,2
7648,11,11,10,9,7,7,9,11,11,10,9,7,7,9,11,11,10,9,7,7,9
7649,5,6,6,5,4,4,4,5,6,6,5,4,4,4,5,6,6,5,4,4,4
7650,7,6,5,6,5,5,6,7,6,5,6,5,5,6,7,6,5,6,5,5,6
7651,1,2,1,1,1,1,1,1,2,1,1,1,1,1,1,2,1,1,1,1,1
7652,17,16,17,17,14,13,14,17,16,17,17,14,13,14,17,16,17,17,14,13,14
7653,29,36,36,30,25,25,24,29,36,36,30,25,25,24,29,36,36,30,25,25,24
7654,1,1,1,2,1,1,1,1,1,1,2,1,1,1,1,1,1,2,1,1,1
7655,2,2,2,1,1,0,1,2,2,2,1,1,0,1,2,2,2,1,1,0,1
7656,9,9,9,8,8,7,7,9,9,9,8,8,7,7,9,9,9,8,8,7,7
7657,6,4,4,4,4,5,5,6,4,4,4,4,5,5,6,4,4,4,4,5,5
7658,7,9,13,13,9,7,7,7,9,13,13,9,7,7,7,9,13,13,9,7,7
7659,19,23,25,24,22,18,16,19,23,25,24,22,18,16,19,23,25,24,22,18,16
7660,3,3,2,1,1,1,2,3,3,2,1,1,1,2,3,3,2,1,1,1,2
7661,2,3,2,2,3,2,2,2,3,2,2,3,2,2,2,3,2,2,3,2,2
7662,6,7,8,7,7,6,6,6,7,8,7,7,6,6,6,7,8,7,7,6,6
7663,1,0,1,1,1,1,1,1,0,1,1,1,1,1,1,0,1,1,1,1,1
7664,1,1,1,0,0,0,0,1,1,1,0,0,0,0,1,1,1,0,0,0,0
7665,0,0,0,0,0,0,0,0,0,0,0,0,0,0,0,0,0,0,0,0,0
7666,0,0,0,0,0,0,0,0,0,0,0,0,0,0,0,0,0,0,0,0,0
7667,0,0,0,0,0,0,0,0,0,0,0,0,0,0,0,0,0,0,0,0,0
7668,0,0,0,0,0,0,0,0,0,0,0,0,0,0,0,0,0,0,0,0,0
7669,0,0,0,0,0,0,0,0,0,0,0,0,0,0,0,0,0,0,0,0,0
7670,2,1,2,2,2,2,1,2,1,2,2,2,2,1,2,1,2,2,2,2,1
7671,0,0,0,0,0,0,0,0,0,0,0,0,0,0,0,0,0,0,0,0,0
7672,0,0,0,0,0,0,0,0,0,0,0,0,0,0,0,0,0,0,0,0,0
7673,0,0,0,0,0,0,0,0,0,0,0,0,0,0,0,0,0,0,0,0,0
7674,0,0,0,0,0,0,0,0,0,0,0,0,0,0,0,0,0,0,0,0,0
7675,0,0,0,0,0,0,0,0,0,0,0,0,0,0,0,0,0,0,0,0,0
7676,0,0,0,0,0,0,0,0,0,0,0,0,0,0,0,0,0,0,0,0,0
7677,0,0,0,0,0,0,0,0,0,0,0,0,0,0,0,0,0,0,0,0,0
7678,6,6,6,4,3,4,5,6,6,6,4,3,4,5,6,6,6,4,3,4,5
7679,2,2,2,2,2,2,1,2,2,2,2,2,2,1,2,2,2,2,2,2,1
7680,4,4,4,3,3,3,4,4,4,4,3,3,3,4,4,4,4,3,3,3,4
7681,15,17,18,20,19,16,14,15,17,18,20,19,16,14,15,17,18,20,19,16,14
7682,5,8,7,8,5,4,4,5,8,7,8,5,4,4,5,8,7,8,5,4,4
7683,116,127,133,122,106,96,97,116,127,133,122,106,96,97,116,127,133,122,106,96,97
7684,37,40,41,39,34,32,32,37,40,41,39,34,32,32,37,40,41,39,34,32,32
7685,1,1,1,1,1,1,1,1,1,1,1,1,1,1,1,1,1,1,1,1,1
7686,1,1,1,1,1,0,0,1,1,1,1,1,0,0,1,1,1,1,1,0,0
7687,0,0,0,0,0,0,0,0,0,0,0,0,0,0,0,0,0,0,0,0,0
7688,1,1,1,1,1,0,1,1,1,1,1,1,0,1,1,1,1,1,1,0,1
7689,0,0,0,0,0,0,0,0,0,0,0,0,0,0,0,0,0,0,0,0,0
7690,0,0,0,0,0,0,0,0,0,0,0,0,0,0,0,0,0,0,0,0,0
7691,0,0,0,0,0,0,0,0,0,0,0,0,0,0,0,0,0,0,0,0,0
7692,0,0,0,0,0,0,0,0,0,0,0,0,0,0,0,0,0,0,0,0,0
7693,0,0,0,0,0,0,0,0,0,0,0,0,0,0,0,0,0,0,0,0,0
7694,0,0,0,0,0,0,0,0,0,0,0,0,0,0,0,0,0,0,0,0,0
7695,11,15,11,6,4,5,5,11,15,11,6,4,5,5,11,15,11,6,4,5,5
7696,9,10,8,5,4,4,5,9,10,8,5,4,4,5,9,10,8,5,4,4,5
7697,16,20,15,8,5,4,9,16,20,15,8,5,4,9,16,20,15,8,5,4,9
7698,76,87,83,41,27,23,24,76,87,83,41,27,23,24,76,87,83,41,27,23,24
7699,1,2,2,1,1,1,1,1,2,2,1,1,1,1,1,2,2,1,1,1,1
7700,1,2,2,2,2,1,1,1,2,2,2,2,1,1,1,2,2,2,2,1,1
7701,20,23,18,12,14,13,16,20,23,18,12,14,13,16,20,23,18,12,14,13,16
7702,86,118,114,76,73,53,70,86,118,114,76,73,53,70,86,118,114,76,73,53,70
7703,13,14,13,5,5,4,7,13,14,13,5,5,4,7,13,14,13,5,5,4,7
7704,0,0,0,0,1,1,1,0,0,0,0,1,1,1,0,0,0,0,1,1,1
7705,17,22,15,7,4,2,5,17,22,15,7,4,2,5,17,22,15,7,4,2,5
7706,1,1,1,0,1,0,0,1,1,1,0,1,0,0,1,1,1,0,1,0,0
7707,2,3,3,2,1,1,1,2,3,3,2,1,1,1,2,3,3,2,1,1,1
7708,8,10,7,4,3,3,5,8,10,7,4,3,3,5,8,10,7,4,3,3,5
7709,71,88,85,57,53,43,40,71,88,85,57,53,43,40,71,88,85,57,53,43,40
7710,0,0,0,0,0,0,0,0,0,0,0,0,0,0,0,0,0,0,0,0,0
7711,0,1,1,1,0,0,0,0,1,1,1,0,0,0,0,1,1,1,0,0,0
7712,8,12,11,6,2,3,4,8,12,11,6,2,3,4,8,12,11,6,2,3,4
7713,0,0,0,0,0,0,0,0,0,0,0,0,0,0,0,0,0,0,0,0,0
7714,0,0,0,0,0,0,0,0,0,0,0,0,0,0,0,0,0,0,0,0,0
7715,0,0,0,0,0,0,0,0,0,0,0,0,0,0,0,0,0,0,0,0,0
7716,0,0,0,0,0,0,0,0,0,0,0,0,0,0,0,0,0,0,0,0,0
7717,0,0,0,0,0,0,0,0,0,0,0,0,0,0,0,0,0,0,0,0,0
7718,0,0,0,0,0,0,0,0,0,0,0,0,0,0,0,0,0,0,0,0,0
7719,3,4,3,1,1,1,3,3,4,3,1,1,1,3,3,4,3,1,1,1,3
7720,0,0,0,0,0,0,0,0,0,0,0,0,0,0,0,0,0,0,0,0,0
7721,1,0,0,0,0,0,0,1,0,0,0,0,0,0,1,0,0,0,0,0,0
7722,0,0,0,0,0,0,0,0,0,0,0,0,0,0,0,0,0,0,0,0,0
7723,0,0,0,0,0,0,0,0,0,0,0,0,0,0,0,0,0,0,0,0,0
7724,1,1,1,1,1,0,0,1,1,1,1,1,0,0,1,1,1,1,1,0,0
7725,0,0,0,0,0,0,0,0,0,0,0,0,0,0,0,0,0,0,0,0,0
7726,0,0,0,0,0,0,0,0,0,0,0,0,0,0,0,0,0,0,0,0,0
7727,6,5,5,2,2,2,2,6,5,5,2,2,2,2,6,5,5,2,2,2,2
7728,1,0,0,0,0,0,0,1,0,0,0,0,0,0,1,0,0,0,0,0,0
7729,34,71,74,75,55,47,26,34,71,74,75,55,47,26,34,71,74,75,55,47,26
7730,18,20,19,22,21,15,14,18,20,19,22,21,15,14,18,20,19,22,21,15,14
7731,89,101,100,96,87,74,74,89,101,100,96,87,74,74,89,101,100,96,87,74,74
7732,44,44,41,37,33,33,35,44,44,41,37,33,33,35,44,44,41,37,33,33,35
7733,1,2,2,2,2,2,1,1,2,2,2,2,2,1,1,2,2,2,2,2,1
7734,2,2,2,2,2,1,2,2,2,2,2,2,1,2,2,2,2,2,2,1,2
7735,4,5,6,6,4,3,4,4,5,6,6,4,3,4,4,5,6,6,4,3,4
7736,6,7,6,6,5,5,5,6,7,6,6,5,5,5,6,7,6,6,5,5,5
7737,0,0,0,0,0,0,0,0,0,0,0,0,0,0,0,0,0,0,0,0,0
7738,5,6,6,4,4,4,5,5,6,6,4,4,4,5,5,6,6,4,4,4,5
7739,22,21,21,18,18,17,18,22,21,21,18,18,17,18,22,21,21,18,18,17,18
7740,28,29,31,28,27,23,23,28,29,31,28,27,23,23,28,29,31,28,27,23,23
7741,20,19,21,24,19,16,19,20,19,21,24,19,16,19,20,19,21,24,19,16,19
7742,19,19,21,27,25,21,18,19,19,21,27,25,21,18,19,19,21,27,25,21,18
7743,0,0,0,0,0,0,0,0,0,0,0,0,0,0,0,0,0,0,0,0,0
7744,0,0,0,0,0,0,0,0,0,0,0,0,0,0,0,0,0,0,0,0,0
7745,2,2,2,1,1,1,1,2,2,2,1,1,1,1,2,2,2,1,1,1,1
7746,1,1,1,1,0,0,0,1,1,1,1,0,0,0,1,1,1,1,0,0,0
7747,0,0,0,0,0,0,0,0,0,0,0,0,0,0,0,0,0,0,0,0,0
7748,0,0,0,0,0,0,0,0,0,0,0,0,0,0,0,0,0,0,0,0,0
7749,0,0,0,0,0,0,0,0,0,0,0,0,0,0,0,0,0,0,0,0,0
7750,0,0,0,0,0,0,0,0,0,0,0,0,0,0,0,0,0,0,0,0,0
7751,0,0,0,0,0,0,0,0,0,0,0,0,0,0,0,0,0,0,0,0,0
7752,1,1,1,1,0,0,0,1,1,1,1,0,0,0,1,1,1,1,0,0,0
7753,0,0,0,0,0,0,0,0,0,0,0,0,0,0,0,0,0,0,0,0,0
7754,4,4,4,3,4,3,3,4,4,4,3,4,3,3,4,4,4,3,4,3,3
7755,7,7,8,7,7,6,6,7,7,8,7,7,6,6,7,7,8,7,7,6,6
7756,1,2,1,1,1,1,1,1,2,1,1,1,1,1,1,2,1,1,1,1,1
7757,2,1,2,3,3,2,1,2,1,2,3,3,2,1,2,1,2,3,3,2,1
7758,2,2,2,2,2,2,2,2,2,2,2,2,2,2,2,2,2,2,2,2,2
7759,116,127,133,122,106,96,97,116,127,133,122,106,96,97,116,127,133,122,106,96,97
7760,2,2,2,2,1,2,2,2,2,2,2,1,2,2,2,2,2,2,1,2,2
7761,3,3,2,2,2,2,2,3,3,2,2,2,2,2,3,3,2,2,2,2,2
7762,0,0,0,0,0,0,0,0,0,0,0,0,0,0,0,0,0,0,0,0,0
7763,0,0,0,0,0,0,0,0,0,0,0,0,0,0,0,0,0,0,0,0,0
7764,5,6,6,5,5,5,5,5,6,6,5,5,5,5,5,6,6,5,5,5,5
7765,2,1,1,1,1,1,1,2,1,1,1,1,1,1,2,1,1,1,1,1,1
7766,3,4,6,7,5,3,3,3,4,6,7,5,3,3,3,4,6,7,5,3,3
7767,0,0,0,0,0,0,0,0,0,0,0,0,0,0,0,0,0,0,0,0,0
7768,1,0,0,0,0,0,0,1,0,0,0,0,0,0,1,0,0,0,0,0,0
7769,27,31,29,27,25,23,24,27,31,29,27,25,23,24,27,31,29,27,25,23,24
7770,2,3,3,3,2,2,2,2,3,3,3,2,2,2,2,3,3,3,2,2,2
7771,0,0,0,0,0,0,0,0,0,0,0,0,0,0,0,0,0,0,0,0,0
7772,0,0,0,0,0,0,0,0,0,0,0,0,0,0,0,0,0,0,0,0,0
7773,0,0,0,0,0,0,0,0,0,0,0,0,0,0,0,0,0,0,0,0,0
7774,0,0,0,0,0,0,0,0,0,0,0,0,0,0,0,0,0,0,0,0,0
7775,0,0,0,0,0,0,0,0,0,0,0,0,0,0,0,0,0,0,0,0,0
7776,0,0,0,0,0,0,0,0,0,0,0,0,0,0,0,0,0,0,0,0,0
7777,5,5,6,5,4,4,4,5,5,6,5,4,4,4,5,5,6,5,4,4,4
7778,0,0,0,0,0,0,0,0,0,0,0,0,0,0,0,0,0,0,0,0,0
7779,1,1,1,1,1,1,1,1,1,1,1,1,1,1,1,1,1,1,1,1,1
7780,2,2,2,2,2,1,1,2,2,2,2,2,1,1,2,2,2,2,2,1,1
7781,1,1,1,1,1,1,1,1,1,1,1,1,1,1,1,1,1,1,1,1,1
7782,0,0,0,0,0,0,0,0,0,0,0,0,0,0,0,0,0,0,0,0,0
7783,0,0,0,0,0,0,0,0,0,0,0,0,0,0,0,0,0,0,0,0,0
7784,0,0,0,0,0,0,0,0,0,0,0,0,0,0,0,0,0,0,0,0,0
7785,0,0,0,0,0,0,0,0,0,0,0,0,0,0,0,0,0,0,0,0,0
7786,3,3,3,3,3,4,3,3,3,3,3,3,4,3,3,3,3,3,3,4,3
7787,2,4,4,4,4,3,2,2,4,4,4,4,3,2,2,4,4,4,4,3,2
7788,4,4,4,3,3,3,4,4,4,4,3,3,3,4,4,4,4,3,3,3,4
7789,0,0,0,0,0,0,0,0,0,0,0,0,0,0,0,0,0,0,0,0,0
7790,2,3,3,2,2,2,2,2,3,3,2,2,2,2,2,3,3,2,2,2,2
7791,1,1,1,1,1,1,1,1,1,1,1,1,1,1,1,1,1,1,1,1,1
7792,2,2,2,1,1,1,1,2,2,2,1,1,1,1,2,2,2,1,1,1,1
7793,68,73,70,59,53,47,52,68,73,70,59,53,47,52,68,73,70,59,53,47,52
7794,54,59,60,57,49,46,48,54,59,60,57,49,46,48,54,59,60,57,49,46,48
7795,7,7,6,6,6,6,7,7,7,6,6,6,6,7,7,7,6,6,6,6,7
7796,0,0,0,1,1,0,0,0,0,0,1,1,0,0,0,0,0,1,1,0,0
7797,4,4,4,3,3,3,4,4,4,4,3,3,3,4,4,4,4,3,3,3,4
7798,0,0,0,0,0,0,1,0,0,0,0,0,0,1,0,0,0,0,0,0,1
7799,17,20,20,19,16,13,14,17,20,20,19,16,13,14,17,20,20,19,16,13,14
7800,5,5,6,5,5,5,5,5,5,6,5,5,5,5,5,5,6,5,5,5,5
7801,1,1,1,1,1,1,1,1,1,1,1,1,1,1,1,1,1,1,1,1,1
7802,1,1,1,1,1,1,1,1,1,1,1,1,1,1,1,1,1,1,1,1,1
7803,1,2,1,1,1,1,1,1,2,1,1,1,1,1,1,2,1,1,1,1,1
7804,2,2,2,1,1,2,2,2,2,2,1,1,2,2,2,2,2,1,1,2,2
7805,1,1,1,1,1,1,1,1,1,1,1,1,1,1,1,1,1,1,1,1,1
7806,1,1,1,1,1,1,1,1,1,1,1,1,1,1,1,1,1,1,1,1,1
7807,1,2,1,1,1,1,2,1,2,1,1,1,1,2,1,2,1,1,1,1,2
7808,2,3,2,2,2,2,2,2,3,2,2,2,2,2,2,3,2,2,2,2,2
7809,5,5,5,5,4,4,4,5,5,5,5,4,4,4,5,5,5,5,4,4,4
7810,1,1,1,1,1,1,1,1,1,1,1,1,1,1,1,1,1,1,1,1,1
7811,5,6,6,4,5,6,5,5,6,6,4,5,6,5,5,6,6,4,5,6,5
7812,2,4,5,3,2,4,2,2,4,5,3,2,4,2,2,4,5,3,2,4,2
7813,3,3,3,4,3,3,3,3,3,3,4,3,3,3,3,3,3,4,3,3,3
7814,0,0,0,0,0,0,0,0,0,0,0,0,0,0,0,0,0,0,0,0,0
7815,12,15,17,16,12,8,8,12,15,17,16,12,8,8,12,15,17,16,12,8,8
7816,0,0,0,0,0,0,0,0,0,0,0,0,0,0,0,0,0,0,0,0,0
7817,0,0,0,0,0,0,0,0,0,0,0,0,0,0,0,0,0,0,0,0,0
7818,1,1,1,0,0,1,1,1,1,1,0,0,1,1,1,1,1,0,0,1,1
7819,0,0,0,0,0,0,0,0,0,0,0,0,0,0,0,0,0,0,0,0,0
7820,6,5,4,2,2,4,6,6,5,4,2,2,4,6,6,5,4,2,2,4,6
7821,0,0,0,0,0,0,0,0,0,0,0,0,0,0,0,0,0,0,0,0,0
7822,0,0,0,0,0,0,0,0,0,0,0,0,0,0,0,0,0,0,0,0,0
7823,0,0,0,0,0,0,0,0,0,0,0,0,0,0,0,0,0,0,0,0,0
7824,0,0,0,0,0,0,0,0,0,0,0,0,0,0,0,0,0,0,0,0,0
7825,0,0,0,0,0,0,0,0,0,0,0,0,0,0,0,0,0,0,0,0,0
7826,0,0,0,0,0,0,0,0,0,0,0,0,0,0,0,0,0,0,0,0,0
7827,0,0,0,0,0,0,0,0,0,0,0,0,0,0,0,0,0,0,0,0,0
7828,7,7,8,7,6,6,6,7,7,8,7,6,6,6,7,7,8,7,6,6,6
7829,23,21,27,22,24,27,20,23,21,27,22,24,27,20,23,21,27,22,24,27,20
7830,11,12,11,10,9,8,9,11,12,11,10,9,8,9,11,12,11,10,9,8,9
7831,7,8,9,8,7,6,6,7,8,9,8,7,6,6,7,8,9,8,7,6,6
7832,5,6,7,6,6,5,5,5,6,7,6,6,5,5,5,6,7,6,6,5,5
7833,97,105,100,88,83,73,79,97,105,100,88,83,73,79,97,105,100,88,83,73,79
7834,84,79,67,64,52,43,58,84,79,67,64,52,43,58,84,79,67,64,52,43,58
7835,66,70,54,42,56,61,59,66,70,54,42,56,61,59,66,70,54,42,56,61,59
7836,3,4,4,3,3,2,3,3,4,4,3,3,2,3,3,4,4,3,3,2,3
7837,4,3,4,3,3,3,3,4,3,4,3,3,3,3,4,3,4,3,3,3,3
7838,6,7,7,6,7,5,6,6,7,7,6,7,5,6,6,7,7,6,7,5,6
7839,31,27,26,26,24,23,25,31,27,26,26,24,23,25,31,27,26,26,24,23,25
7840,22,23,25,22,19,17,18,22,23,25,22,19,17,18,22,23,25,22,19,17,18
7841,0,0,0,0,0,0,0,0,0,0,0,0,0,0,0,0,0,0,0,0,0
7842,3,3,3,3,2,2,2,3,3,3,3,2,2,2,3,3,3,3,2,2,2
7843,27,31,28,25,24,22,23,27,31,28,25,24,22,23,27,31,28,25,24,22,23
7844,2,2,2,2,2,2,2,2,2,2,2,2,2,2,2,2,2,2,2,2,2
7845,35,40,37,32,28,23,28,35,40,37,32,28,23,28,35,40,37,32,28,23,28
7846,0,0,0,0,0,0,0,0,0,0,0,0,0,0,0,0,0,0,0,0,0
7847,4,4,4,4,5,4,4,4,4,4,4,5,4,4,4,4,4,4,5,4,4
7848,0,0,0,0,0,0,0,0,0,0,0,0,0,0,0,0,0,0,0,0,0
7849,1,1,0,1,0,1,1,1,1,0,1,0,1,1,1,1,0,1,0,1,1
7850,0,0,0,0,0,0,0,0,0,0,0,0,0,0,0,0,0,0,0,0,0
7851,20,21,19,15,21,21,22,20,21,19,15,21,21,22,20,21,19,15,21,21,22
7852,4,5,3,3,3,3,3,4,5,3,3,3,3,3,4,5,3,3,3,3,3
7853,29,33,31,27,25,22,23,29,33,31,27,25,22,23,29,33,31,27,25,22,23
7854,116,127,133,121,106,93,97,116,127,133,121,106,93,97,116,127,133,121,106,93,97
7855,1,1,1,1,1,1,0,1,1,1,1,1,1,0,1,1,1,1,1,1,0
7856,23,24,17,15,13,11,17,23,24,17,15,13,11,17,23,24,17,15,13,11,17
7857,3,4,4,3,3,3,3,3,4,4,3,3,3,3,3,4,4,3,3,3,3
7858,20,23,25,21,18,16,17,20,23,25,21,18,16,17,20,23,25,21,18,16,17
7859,18,19,16,14,14,19,18,18,19,16,14,14,19,18,18,19,16,14,14,19,18
7860,2,2,2,2,2,1,1,2,2,2,2,2,1,1,2,2,2,2,2,1,1
7861,13,14,13,11,10,10,9,13,14,13,11,10,10,9,13,14,13,11,10,10,9
7862,4,5,8,8,7,5,4,4,5,8,8,7,5,4,4,5,8,8,7,5,4
7863,2,4,4,4,4,3,2,2,4,4,4,4,3,2,2,4,4,4,4,3,2
7864,1,1,2,1,1,1,1,1,1,2,1,1,1,1,1,1,2,1,1,1,1
7865,2,3,3,2,2,2,2,2,3,3,2,2,2,2,2,3,3,2,2,2,2
7866,48,51,52,44,37,34,33,48,51,52,44,37,34,33,48,51,52,44,37,34,33
7867,0,0,0,0,0,0,0,0,0,0,0,0,0,0,0,0,0,0,0,0,0
7868,1,0,1,1,1,1,1,1,0,1,1,1,1,1,1,0,1,1,1,1,1
7869,0,0,0,0,0,0,0,0,0,0,0,0,0,0,0,0,0,0,0,0,0
7870,1,1,1,1,0,1,1,1,1,1,1,0,1,1,1,1,1,1,0,1,1
7871,9,7,7,6,6,3,4,9,7,7,6,6,3,4,9,7,7,6,6,3,4
7872,2,3,3,2,2,2,2,2,3,3,2,2,2,2,2,3,3,2,2,2,2
7873,2,1,1,1,1,1,1,2,1,1,1,1,1,1,2,1,1,1,1,1,1
7874,0,0,0,0,0,0,0,0,0,0,0,0,0,0,0,0,0,0,0,0,0
7875,0,0,0,0,0,0,0,0,0,0,0,0,0,0,0,0,0,0,0,0,0
7876,0,0,0,0,0,0,0,0,0,0,0,0,0,0,0,0,0,0,0,0,0
7877,0,0,0,0,0,0,0,0,0,0,0,0,0,0,0,0,0,0,0,0,0
7878,0,0,0,0,0,0,0,0,0,0,0,0,0,0,0,0,0,0,0,0,0
7879,0,0,0,0,0,0,0,0,0,0,0,0,0,0,0,0,0,0,0,0,0
7880,2,1,1,1,1,0,1,2,1,1,1,1,0,1,2,1,1,1,1,0,1
7881,0,0,0,0,0,0,0,0,0,0,0,0,0,0,0,0,0,0,0,0,0
7882,0,0,0,0,0,0,0,0,0,0,0,0,0,0,0,0,0,0,0,0,0
7883,0,0,0,0,0,0,0,0,0,0,0,0,0,0,0,0,0,0,0,0,0
7884,0,0,0,0,0,0,0,0,0,0,0,0,0,0,0,0,0,0,0,0,0
7885,0,0,0,0,0,0,0,0,0,0,0,0,0,0,0,0,0,0,0,0,0
7886,0,0,0,0,0,0,0,0,0,0,0,0,0,0,0,0,0,0,0,0,0
7887,0,0,0,0,0,0,0,0,0,0,0,0,0,0,0,0,0,0,0,0,0
7888,0,0,0,0,0,0,0,0,0,0,0,0,0,0,0,0,0,0,0,0,0
7889,1,0,1,0,0,0,0,1,0,1,0,0,0,0,1,0,1,0,0,0,0
7890,0,0,0,0,0,0,0,0,0,0,0,0,0,0,0,0,0,0,0,0,0
7891,0,0,0,0,0,0,0,0,0,0,0,0,0,0,0,0,0,0,0,0,0
7892,0,0,0,0,0,0,0,0,0,0,0,0,0,0,0,0,0,0,0,0,0
7893,0,0,0,0,0,0,0,0,0,0,0,0,0,0,0,0,0,0,0,0,0
7894,0,0,0,0,0,0,0,0,0,0,0,0,0,0,0,0,0,0,0,0,0
7895,1,1,1,0,0,0,0,1,1,1,0,0,0,0,1,1,1,0,0,0,0
7896,0,0,0,0,0,0,0,0,0,0,0,0,0,0,0,0,0,0,0,0,0
7897,0,0,0,0,0,0,0,0,0,0,0,0,0,0,0,0,0,0,0,0,0
7898,0,0,0,0,0,0,0,0,0,0,0,0,0,0,0,0,0,0,0,0,0
7899,0,0,0,0,0,0,0,0,0,0,0,0,0,0,0,0,0,0,0,0,0
7900,1,1,1,1,0,1,0,1,1,1,1,0,1,0,1,1,1,1,0,1,0
7901,0,0,0,0,0,0,0,0,0,0,0,0,0,0,0,0,0,0,0,0,0
7902,0,0,0,0,0,0,0,0,0,0,0,0,0,0,0,0,0,0,0,0,0
7903,0,0,0,0,0,0,0,0,0,0,0,0,0,0,0,0,0,0,0,0,0
7904,4,4,4,3,3,2,3,4,4,4,3,3,2,3,4,4,4,3,3,2,3
7905,3,3,3,3,3,3,2,3,3,3,3,3,3,2,3,3,3,3,3,3,2
7906,35,36,36,36,32,28,30,35,36,36,36,32,28,30,35,36,36,36,32,28,30
7907,2,2,2,2,1,1,1,2,2,2,2,1,1,1,2,2,2,2,1,1,1
7908,1,1,1,1,1,1,0,1,1,1,1,1,1,0,1,1,1,1,1,1,0
7909,2,3,3,3,2,1,2,2,3,3,3,2,1,2,2,3,3,3,2,1,2
7910,0,0,0,0,0,0,0,0,0,0,0,0,0,0,0,0,0,0,0,0,0
7911,16,17,18,18,16,15,14,16,17,18,18,16,15,14,16,17,18,18,16,15,14
7912,1,1,1,0,1,0,1,1,1,1,0,1,0,1,1,1,1,0,1,0,1
7913,0,0,0,0,0,0,0,0,0,0,0,0,0,0,0,0,0,0,0,0,0
7914,1,1,1,1,1,1,1,1,1,1,1,1,1,1,1,1,1,1,1,1,1
7915,0,0,0,0,0,0,0,0,0,0,0,0,0,0,0,0,0,0,0,0,0
7916,5,6,6,5,5,4,4,5,6,6,5,5,4,4,5,6,6,5,5,4,4
7917,0,0,0,0,0,0,0,0,0,0,0,0,0,0,0,0,0,0,0,0,0
7918,0,0,0,0,0,0,0,0,0,0,0,0,0,0,0,0,0,0,0,0,0
7919,8,9,9,9,7,6,6,8,9,9,9,7,6,6,8,9,9,9,7,6,6
7920,1,1,1,1,1,1,1,1,1,1,1,1,1,1,1,1,1,1,1,1,1
7921,0,0,0,0,0,0,0,0,0,0,0,0,0,0,0,0,0,0,0,0,0
7922,0,0,0,0,0,0,0,0,0,0,0,0,0,0,0,0,0,0,0,0,0
7923,1,1,1,1,1,0,0,1,1,1,1,1,0,0,1,1,1,1,1,0,0
7924,1,0,0,0,0,0,1,1,0,0,0,0,0,1,1,0,0,0,0,0,1
7925,0,0,0,1,1,0,0,0,0,0,1,1,0,0,0,0,0,1,1,0,0
7926,1,1,1,1,1,1,1,1,1,1,1,1,1,1,1,1,1,1,1,1,1
7927,11,12,12,11,11,10,11,11,12,12,11,11,10,11,11,12,12,11,11,10,11
7928,7,7,8,7,7,7,6,7,7,8,7,7,7,6,7,7,8,7,7,7,6
7929,10,12,12,10,9,9,9,10,12,12,10,9,9,9,10,12,12,10,9,9,9
7930,3,3,3,3,3,3,2,3,3,3,3,3,3,2,3,3,3,3,3,3,2
7931,0,0,0,0,0,0,0,0,0,0,0,0,0,0,0,0,0,0,0,0,0
7932,0,0,0,0,0,0,0,0,0,0,0,0,0,0,0,0,0,0,0,0,0
7933,0,0,0,0,0,0,0,0,0,0,0,0,0,0,0,0,0,0,0,0,0
7934,0,0,0,0,0,0,0,0,0,0,0,0,0,0,0,0,0,0,0,0,0
7935,1,0,0,0,0,0,0,1,0,0,0,0,0,0,1,0,0,0,0,0,0
7936,0,0,0,0,0,0,0,0,0,0,0,0,0,0,0,0,0,0,0,0,0
7937,26,29,30,28,25,23,23,26,29,30,28,25,23,23,26,29,30,28,25,23,23
7938,6,6,7,6,5,5,5,6,6,7,6,5,5,5,6,6,7,6,5,5,5
7939,11,12,12,11,10,9,9,11,12,12,11,10,9,9,11,12,12,11,10,9,9
7940,7,7,7,6,6,6,6,7,7,7,6,6,6,6,7,7,7,6,6,6,6
7941,3,3,3,2,2,2,2,3,3,3,2,2,2,2,3,3,3,2,2,2,2
7942,31,34,38,36,32,29,26,31,34,38,36,32,29,26,31,34,38,36,32,29,26
7943,2,1,1,1,1,1,1,2,1,1,1,1,1,1,2,1,1,1,1,1,1
7944,2,2,2,2,2,2,2,2,2,2,2,2,2,2,2,2,2,2,2,2,2
7945,2,2,2,2,2,2,2,2,2,2,2,2,2,2,2,2,2,2,2,2,2
7946,1,1,1,1,1,1,1,1,1,1,1,1,1,1,1,1,1,1,1,1,1
7947,0,0,0,0,0,0,0,0,0,0,0,0,0,0,0,0,0,0,0,0,0
7948,5,6,6,5,5,5,5,5,6,6,5,5,5,5,5,6,6,5,5,5,5
7949,1,1,1,1,1,1,1,1,1,1,1,1,1,1,1,1,1,1,1,1,1
7950,8,9,9,9,8,7,7,8,9,9,9,8,7,7,8,9,9,9,8,7,7
7951,14,15,14,12,10,9,10,14,15,14,12,10,9,10,14,15,14,12,10,9,10
7952,15,18,19,18,15,12,12,15,18,19,18,15,12,12,15,18,19,18,15,12,12
7953,0,0,0,0,0,0,0,0,0,0,0,0,0,0,0,0,0,0,0,0,0
7954,1,1,1,1,1,1,1,1,1,1,1,1,1,1,1,1,1,1,1,1,1
7955,10,13,12,11,10,9,9,10,13,12,11,10,9,9,10,13,12,11,10,9,9
7956,2,3,3,2,2,2,2,2,3,3,2,2,2,2,2,3,3,2,2,2,2
7957,6,8,7,6,5,4,4,6,8,7,6,5,4,4,6,8,7,6,5,4,4
7958,1,0,0,1,0,0,0,1,0,0,1,0,0,0,1,0,0,1,0,0,0
7959,0,0,0,0,0,0,0,0,0,0,0,0,0,0,0,0,0,0,0,0,0
7960,4,6,7,5,4,4,3,4,6,7,5,4,4,3,4,6,7,5,4,4,3
7961,0,0,1,1,0,0,0,0,0,1,1,0,0,0,0,0,1,1,0,0,0
7962,1,1,2,2,1,1,1,1,1,2,2,1,1,1,1,1,2,2,1,1,1
7963,3,3,3,3,2,2,3,3,3,3,3,2,2,3,3,3,3,3,2,2,3
7964,11,11,12,10,9,9,9,11,11,12,10,9,9,9,11,11,12,10,9,9,9
7965,2,2,2,2,2,2,1,2,2,2,2,2,2,1,2,2,2,2,2,2,1
7966,9,11,9,8,7,7,8,9,11,9,8,7,7,8,9,11,9,8,7,7,8
7967,1,2,1,1,1,1,1,1,2,1,1,1,1,1,1,2,1,1,1,1,1
7968,19,19,19,17,16,18,17,19,19,19,17,16,18,17,19,19,19,17,16,18,17
7969,22,24,24,21,22,22,22,22,24,24,21,22,22,22,22,24,24,21,22,22,22
7970,1,1,1,1,1,1,1,1,1,1,1,1,1,1,1,1,1,1,1,1,1
7971,1,1,1,2,1,1,1,1,1,1,2,1,1,1,1,1,1,2,1,1,1
7972,1,1,1,1,1,1,1,1,1,1,1,1,1,1,1,1,1,1,1,1,1
7973,0,0,0,0,0,0,0,0,0,0,0,0,0,0,0,0,0,0,0,0,0
7974,0,0,0,0,0,0,0,0,0,0,0,0,0,0,0,0,0,0,0,0,0
7975,8,8,7,8,6,7,5,8,8,7,8,6,7,5,8,8,7,8,6,7,5
7976,2,2,2,2,1,1,1,2,2,2,2,1,1,1,2,2,2,2,1,1,1
7977,1,2,2,1,1,1,1,1,2,2,1,1,1,1,1,2,2,1,1,1,1
7978,4,5,5,4,3,2,3,4,5,5,4,3,2,3,4,5,5,4,3,2,3
7979,10,10,12,12,10,7,7,10,10,12,12,10,7,7,10,10,12,12,10,7,7
7980,16,14,15,12,16,12,10,16,14,15,12,16,12,10,16,14,15,12,16,12,10
7981,2,2,2,1,1,1,1,2,2,2,1,1,1,1,2,2,2,1,1,1,1
7982,0,0,0,0,0,0,0,0,0,0,0,0,0,0,0,0,0,0,0,0,0
7983,2,2,2,2,1,1,1,2,2,2,2,1,1,1,2,2,2,2,1,1,1
7984,1,1,2,2,2,1,1,1,1,2,2,2,1,1,1,1,2,2,2,1,1
7985,1,1,1,1,0,0,0,1,1,1,1,0,0,0,1,1,1,1,0,0,0
7986,0,0,0,0,0,0,0,0,0,0,0,0,0,0,0,0,0,0,0,0,0
7987,0,0,0,0,0,0,0,0,0,0,0,0,0,0,0,0,0,0,0,0,0
7988,0,0,0,0,0,0,0,0,0,0,0,0,0,0,0,0,0,0,0,0,0
7989,0,0,3,0,0,0,0,0,0,3,0,0,0,0,0,0,3,0,0,0,0
7990,1,1,0,1,0,1,0,1,1,0,1,0,1,0,1,1,0,1,0,1,0
7991,0,0,0,0,0,0,0,0,0,0,0,0,0,0,0,0,0,0,0,0,0
7992,0,0,0,0,0,0,0,0,0,0,0,0,0,0,0,0,0,0,0,0,0
7993,1,0,0,0,0,0,0,1,0,0,0,0,0,0,1,0,0,0,0,0,0
7994,0,0,0,0,0,0,0,0,0,0,0,0,0,0,0,0,0,0,0,0,0
7995,1,1,1,1,1,1,1,1,1,1,1,1,1,1,1,1,1,1,1,1,1
7996,56,63,65,63,55,46,44,56,63,65,63,55,46,44,56,63,65,63,55,46,44
7997,25,25,24,21,18,18,19,25,25,24,21,18,18,19,25,25,24,21,18,18,19
7998,17,9,8,6,6,5,8,17,9,8,6,6,5,8,17,9,8,6,6,5,8
7999,0,0,0,0,0,0,0,0,0,0,0,0,0,0,0,0,0,0,0,0,0
8000,0,0,0,0,0,0,0,0,0,0,0,0,0,0,0,0,0,0,0,0,0
8001,0,0,0,0,0,0,0,0,0,0,0,0,0,0,0,0,0,0,0,0,0
8002,7,7,7,7,6,5,5,7,7,7,7,6,5,5,7,7,7,7,6,5,5
8003,0,0,0,0,1,1,1,0,0,0,0,1,1,1,0,0,0,0,1,1,1
8004,23,25,28,27,30,24,19,23,25,28,27,30,24,19,23,25,28,27,30,24,19
8005,0,0,0,0,0,0,0,0,0,0,0,0,0,0,0,0,0,0,0,0,0
8006,0,0,0,0,0,0,0,0,0,0,0,0,0,0,0,0,0,0,0,0,0
8007,0,0,0,0,0,0,0,0,0,0,0,0,0,0,0,0,0,0,0,0,0
8008,0,0,0,0,0,0,0,0,0,0,0,0,0,0,0,0,0,0,0,0,0
8009,0,0,0,0,1,0,0,0,0,0,0,1,0,0,0,0,0,0,1,0,0
8010,8,8,11,11,9,7,6,8,8,11,11,9,7,6,8,8,11,11,9,7,6
8011,9,10,10,9,8,8,8,9,10,10,9,8,8,8,9,10,10,9,8,8,8
8012,0,0,0,0,0,0,0,0,0,0,0,0,0,0,0,0,0,0,0,0,0
8013,0,0,0,0,0,0,0,0,0,0,0,0,0,0,0,0,0,0,0,0,0
8014,0,0,0,0,0,0,0,0,0,0,0,0,0,0,0,0,0,0,0,0,0
8015,0,0,0,0,0,0,0,0,0,0,0,0,0,0,0,0,0,0,0,0,0
8016,1,1,0,1,1,1,1,1,1,0,1,1,1,1,1,1,0,1,1,1,1
8017,0,0,0,0,0,0,0,0,0,0,0,0,0,0,0,0,0,0,0,0,0
8018,2,2,2,2,2,1,1,2,2,2,2,2,1,1,2,2,2,2,2,1,1
8019,9,10,12,11,10,8,8,9,10,12,11,10,8,8,9,10,12,11,10,8,8
8020,0,0,0,0,0,0,0,0,0,0,0,0,0,0,0,0,0,0,0,0,0
8021,0,0,0,0,0,0,0,0,0,0,0,0,0,0,0,0,0,0,0,0,0
8022,0,0,0,0,0,0,0,0,0,0,0,0,0,0,0,0,0,0,0,0,0
8023,0,0,0,0,0,0,0,0,0,0,0,0,0,0,0,0,0,0,0,0,0
8024,2,2,3,2,2,2,1,2,2,3,2,2,2,1,2,2,3,2,2,2,1
8025,0,0,0,0,0,0,0,0,0,0,0,0,0,0,0,0,0,0,0,0,0
8026,1,1,0,1,1,1,1,1,1,0,1,1,1,1,1,1,0,1,1,1,1
8027,34,34,34,33,30,29,30,34,34,34,33,30,29,30,34,34,34,33,30,29,30
8028,15,16,17,17,15,13,12,15,16,17,17,15,13,12,15,16,17,17,15,13,12
8029,8,7,7,8,6,6,7,8,7,7,8,6,6,7,8,7,7,8,6,6,7
8030,2,2,2,1,2,2,2,2,2,2,1,2,2,2,2,2,2,1,2,2,2
8031,0,0,0,0,0,0,0,0,0,0,0,0,0,0,0,0,0,0,0,0,0
8032,1,1,1,1,1,1,1,1,1,1,1,1,1,1,1,1,1,1,1,1,1
8033,0,0,0,0,0,0,0,0,0,0,0,0,0,0,0,0,0,0,0,0,0
8034,12,12,11,10,9,7,8,12,12,11,10,9,7,8,12,12,11,10,9,7,8
8035,0,0,0,0,0,0,0,0,0,0,0,0,0,0,0,0,0,0,0,0,0
8036,0,0,0,0,0,0,0,0,0,0,0,0,0,0,0,0,0,0,0,0,0
8037,0,0,0,0,0,0,0,0,0,0,0,0,0,0,0,0,0,0,0,0,0
8038,4,4,4,4,4,3,3,4,4,4,4,4,3,3,4,4,4,4,4,3,3
8039,4,4,4,4,3,2,3,4,4,4,4,3,2,3,4,4,4,4,3,2,3
8040,3,4,4,4,3,3,2,3,4,4,4,3,3,2,3,4,4,4,3,3,2
8041,2,2,2,2,2,2,2,2,2,2,2,2,2,2,2,2,2,2,2,2,2
8042,0,0,0,0,0,0,0,0,0,0,0,0,0,0,0,0,0,0,0,0,0
8043,1,1,1,1,1,1,1,1,1,1,1,1,1,1,1,1,1,1,1,1,1
8044,1,1,1,1,1,1,1,1,1,1,1,1,1,1,1,1,1,1,1,1,1
8045,8,9,10,9,9,8,8,8,9,10,9,9,8,8,8,9,10,9,9,8,8
8046,1,2,2,3,3,2,1,1,2,2,3,3,2,1,1,2,2,3,3,2,1
8047,11,12,13,12,12,10,9,11,12,13,12,12,10,9,11,12,13,12,12,10,9
8048,2,2,2,3,3,3,2,2,2,2,3,3,3,2,2,2,2,3,3,3,2
8049,1,1,1,1,1,1,1,1,1,1,1,1,1,1,1,1,1,1,1,1,1
8050,0,0,0,0,1,0,0,0,0,0,0,1,0,0,0,0,0,0,1,0,0
8051,0,0,0,0,0,0,0,0,0,0,0,0,0,0,0,0,0,0,0,0,0
8052,0,0,1,1,1,0,0,0,0,1,1,1,0,0,0,0,1,1,1,0,0
8053,0,0,0,0,0,0,0,0,0,0,0,0,0,0,0,0,0,0,0,0,0
8054,10,11,11,10,8,8,8,10,11,11,10,8,8,8,10,11,11,10,8,8,8
8055,4,5,5,5,5,4,4,4,5,5,5,5,4,4,4,5,5,5,5,4,4
8056,7,7,7,7,7,6,6,7,7,7,7,7,6,6,7,7,7,7,7,6,6
8057,3,4,4,4,3,2,2,3,4,4,4,3,2,2,3,4,4,4,3,2,2
8058,1,1,1,1,1,1,1,1,1,1,1,1,1,1,1,1,1,1,1,1,1
8059,0,0,0,0,0,0,0,0,0,0,0,0,0,0,0,0,0,0,0,0,0
8060,0,0,0,0,0,0,0,0,0,0,0,0,0,0,0,0,0,0,0,0,0
8061,0,0,0,0,0,0,0,0,0,0,0,0,0,0,0,0,0,0,0,0,0
8062,8,8,7,7,5,4,6,8,8,7,7,5,4,6,8,8,7,7,5,4,6
8063,2,2,2,2,2,2,2,2,2,2,2,2,2,2,2,2,2,2,2,2,2
8064,36,43,49,50,47,39,31,36,43,49,50,47,39,31,36,43,49,50,47,39,31
8065,27,29,29,31,28,25,22,27,29,29,31,28,25,22,27,29,29,31,28,25,22
8066,0,0,0,0,0,0,0,0,0,0,0,0,0,0,0,0,0,0,0,0,0
8067,8,14,15,13,9,8,8,8,14,15,13,9,8,8,8,14,15,13,9,8,8
8068,2,5,6,4,3,2,2,2,5,6,4,3,2,2,2,5,6,4,3,2,2
8069,3,4,4,4,3,3,2,3,4,4,4,3,3,2,3,4,4,4,3,3,2
8070,0,0,0,0,0,0,0,0,0,0,0,0,0,0,0,0,0,0,0,0,0
8071,0,0,0,0,0,0,0,0,0,0,0,0,0,0,0,0,0,0,0,0,0
8072,3,2,4,4,4,2,3,3,2,4,4,4,2,3,3,2,4,4,4,2,3
8073,2,2,2,2,2,2,2,2,2,2,2,2,2,2,2,2,2,2,2,2,2
8074,10,12,12,11,10,8,8,10,12,12,11,10,8,8,10,12,12,11,10,8,8
8075,0,0,0,0,0,0,0,0,0,0,0,0,0,0,0,0,0,0,0,0,0
8076,13,12,14,12,12,10,10,13,12,14,12,12,10,10,13,12,14,12,12,10,10
8077,5,5,5,4,4,3,3,5,5,5,4,4,3,3,5,5,5,4,4,3,3
8078,73,80,77,53,51,48,64,73,80,77,53,51,48,64,73,80,77,53,51,48,64
8079,2,1,2,1,1,1,2,2,1,2,1,1,1,2,2,1,2,1,1,1,2
8080,17,16,12,12,11,12,14,17,16,12,12,11,12,14,17,16,12,12,11,12,14
8081,37,41,39,30,29,29,32,37,41,39,30,29,29,32,37,41,39,30,29,29,32
8082,6,6,6,5,5,5,5,6,6,6,5,5,5,5,6,6,6,5,5,5,5
8083,69,70,74,67,64,61,56,69,70,74,67,64,61,56,69,70,74,67,64,61,56
8084,15,15,13,13,12,12,13,15,15,13,13,12,12,13,15,15,13,13,12,12,13
8085,40,44,47,40,34,31,30,40,44,47,40,34,31,30,40,44,47,40,34,31,30
8086,82,90,84,85,81,64,63,82,90,84,85,81,64,63,82,90,84,85,81,64,63
8087,4,4,4,3,3,3,3,4,4,4,3,3,3,3,4,4,4,3,3,3,3
8088,5,5,5,4,3,4,4,5,5,5,4,3,4,4,5,5,5,4,3,4,4
8089,0,0,0,0,0,0,0,0,0,0,0,0,0,0,0,0,0,0,0,0,0
8090,20,20,18,14,11,9,13,20,20,18,14,11,9,13,20,20,18,14,11,9,13
8091,2,1,1,2,1,1,1,2,1,1,2,1,1,1,2,1,1,2,1,1,1
8092,3,3,3,3,2,2,3,3,3,3,3,2,2,3,3,3,3,3,2,2,3
8093,12,10,9,8,8,10,8,12,10,9,8,8,10,8,12,10,9,8,8,10,8
8094,0,0,0,0,0,0,0,0,0,0,0,0,0,0,0,0,0,0,0,0,0
8095,0,0,0,0,0,0,0,0,0,0,0,0,0,0,0,0,0,0,0,0,0
8096,0,0,0,0,0,0,0,0,0,0,0,0,0,0,0,0,0,0,0,0,0
8097,0,0,0,0,0,0,0,0,0,0,0,0,0,0,0,0,0,0,0,0,0
8098,0,0,0,0,0,0,0,0,0,0,0,0,0,0,0,0,0,0,0,0,0
8099,0,0,0,0,0,0,0,0,0,0,0,0,0,0,0,0,0,0,0,0,0
8100,0,0,0,0,0,0,0,0,0,0,0,0,0,0,0,0,0,0,0,0,0
8101,0,0,0,0,0,0,0,0,0,0,0,0,0,0,0,0,0,0,0,0,0
8102,0,0,0,0,0,0,0,0,0,0,0,0,0,0,0,0,0,0,0,0,0
8103,4,2,2,2,4,2,2,4,2,2,2,4,2,2,4,2,2,2,4,2,2
8104,1,1,1,1,1,1,1,1,1,1,1,1,1,1,1,1,1,1,1,1,1
8105,0,0,0,0,0,0,0,0,0,0,0,0,0,0,0,0,0,0,0,0,0
8106,0,0,0,0,0,0,0,0,0,0,0,0,0,0,0,0,0,0,0,0,0
8107,0,0,0,0,0,0,0,0,0,0,0,0,0,0,0,0,0,0,0,0,0
8108,1,1,1,1,0,0,0,1,1,1,1,0,0,0,1,1,1,1,0,0,0
8109,0,0,1,0,0,0,0,0,0,1,0,0,0,0,0,0,1,0,0,0,0
8110,5,5,5,4,4,3,4,5,5,5,4,4,3,4,5,5,5,4,4,3,4
8111,5,6,5,5,4,3,4,5,6,5,5,4,3,4,5,6,5,5,4,3,4
8112,6,6,6,6,6,5,5,6,6,6,6,6,5,5,6,6,6,6,6,5,5
8113,28,30,31,27,26,23,24,28,30,31,27,26,23,24,28,30,31,27,26,23,24
8114,9,9,9,8,7,7,7,9,9,9,8,7,7,7,9,9,9,8,7,7,7
8115,3,3,3,3,2,2,2,3,3,3,3,2,2,2,3,3,3,3,2,2,2
8116,0,0,0,0,0,0,0,0,0,0,0,0,0,0,0,0,0,0,0,0,0
8117,0,0,0,0,0,0,0,0,0,0,0,0,0,0,0,0,0,0,0,0,0
8118,0,0,0,0,0,0,0,0,0,0,0,0,0,0,0,0,0,0,0,0,0
8119,0,0,0,0,0,0,0,0,0,0,0,0,0,0,0,0,0,0,0,0,0
8120,0,0,0,0,0,0,0,0,0,0,0,0,0,0,0,0,0,0,0,0,0
8121,3,3,3,3,3,3,3,3,3,3,3,3,3,3,3,3,3,3,3,3,3
8122,23,23,24,20,20,19,19,23,23,24,20,20,19,19,23,23,24,20,20,19,19
8123,39,46,48,40,36,35,30,39,46,48,40,36,35,30,39,46,48,40,36,35,30
8124,2,2,2,3,3,3,2,2,2,2,3,3,3,2,2,2,2,3,3,3,2
8125,6,8,8,6,4,4,7,6,8,8,6,4,4,7,6,8,8,6,4,4,7
8126,5,5,5,4,3,3,4,5,5,5,4,3,3,4,5,5,5,4,3,3,4
8127,2,3,3,3,2,2,2,2,3,3,3,2,2,2,2,3,3,3,2,2,2
8128,18,18,19,17,17,14,15,18,18,19,17,17,14,15,18,18,19,17,17,14,15
8129,1,2,1,1,1,1,2,1,2,1,1,1,1,2,1,2,1,1,1,1,2
8130,1,1,1,1,1,1,1,1,1,1,1,1,1,1,1,1,1,1,1,1,1
8131,7,7,7,6,5,5,5,7,7,7,6,5,5,5,7,7,7,6,5,5,5
8132,4,4,4,3,3,3,3,4,4,4,3,3,3,3,4,4,4,3,3,3,3
8133,2,2,2,2,1,2,1,2,2,2,2,1,2,1,2,2,2,2,1,2,1
8134,8,7,7,6,6,6,6,8,7,7,6,6,6,6,8,7,7,6,6,6,6
8135,0,0,0,0,0,0,0,0,0,0,0,0,0,0,0,0,0,0,0,0,0
8136,6,8,6,5,4,5,4,6,8,6,5,4,5,4,6,8,6,5,4,5,4
8137,0,1,0,0,0,0,0,0,1,0,0,0,0,0,0,1,0,0,0,0,0
8138,0,0,0,0,0,0,0,0,0,0,0,0,0,0,0,0,0,0,0,0,0
8139,0,0,0,0,0,0,0,0,0,0,0,0,0,0,0,0,0,0,0,0,0
8140,0,0,0,0,0,0,0,0,0,0,0,0,0,0,0,0,0,0,0,0,0
8141,0,0,0,0,0,0,0,0,0,0,0,0,0,0,0,0,0,0,0,0,0
8142,2,2,2,2,2,1,2,2,2,2,2,2,1,2,2,2,2,2,2,1,2
8143,4,4,4,4,4,4,4,4,4,4,4,4,4,4,4,4,4,4,4,4,4
8144,0,0,0,0,0,0,0,0,0,0,0,0,0,0,0,0,0,0,0,0,0
8145,0,0,0,0,0,0,0,0,0,0,0,0,0,0,0,0,0,0,0,0,0
8146,0,0,0,0,0,0,0,0,0,0,0,0,0,0,0,0,0,0,0,0,0
8147,3,3,3,2,2,2,2,3,3,3,2,2,2,2,3,3,3,2,2,2,2
8148,0,0,0,0,0,0,0,0,0,0,0,0,0,0,0,0,0,0,0,0,0
8149,2,1,2,1,1,2,2,2,1,2,1,1,2,2,2,1,2,1,1,2,2
8150,1,1,1,1,1,1,1,1,1,1,1,1,1,1,1,1,1,1,1,1,1
8151,0,0,0,0,0,0,0,0,0,0,0,0,0,0,0,0,0,0,0,0,0
8152,8,8,9,9,8,8,7,8,8,9,9,8,8,7,8,8,9,9,8,8,7
8153,3,3,3,3,3,2,2,3,3,3,3,3,2,2,3,3,3,3,3,2,2
8154,1,1,1,1,1,1,1,1,1,1,1,1,1,1,1,1,1,1,1,1,1
8155,65,67,61,62,58,57,61,65,67,61,62,58,57,61,65,67,61,62,58,57,61
8156,1,1,1,1,1,0,1,1,1,1,1,1,0,1,1,1,1,1,1,0,1
8157,2,1,1,1,2,1,2,2,1,1,1,2,1,2,2,1,1,1,2,1,2
8158,0,0,0,0,0,0,0,0,0,0,0,0,0,0,0,0,0,0,0,0,0
8159,0,0,0,0,0,0,0,0,0,0,0,0,0,0,0,0,0,0,0,0,0
8160,0,0,0,0,0,0,0,0,0,0,0,0,0,0,0,0,0,0,0,0,0
8161,6,7,8,6,6,5,5,6,7,8,6,6,5,5,6,7,8,6,6,5,5
8162,2,2,2,2,1,1,1,2,2,2,2,1,1,1,2,2,2,2,1,1,1
8163,7,9,9,8,6,5,5,7,9,9,8,6,5,5,7,9,9,8,6,5,5
8164,1,1,0,1,1,1,1,1,1,0,1,1,1,1,1,1,0,1,1,1,1
8165,13,11,16,11,7,10,11,13,11,16,11,7,10,11,13,11,16,11,7,10,11
8166,3,4,4,3,3,4,4,3,4,4,3,3,4,4,3,4,4,3,3,4,4
8167,5,4,4,5,5,4,3,5,4,4,5,5,4,3,5,4,4,5,5,4,3
8168,8,9,11,14,11,8,9,8,9,11,14,11,8,9,8,9,11,14,11,8,9
8169,0,0,0,0,0,0,0,0,0,0,0,0,0,0,0,0,0,0,0,0,0
8170,10,8,7,7,8,8,9,10,8,7,7,8,8,9,10,8,7,7,8,8,9
8171,4,4,4,5,4,3,3,4,4,4,5,4,3,3,4,4,4,5,4,3,3
8172,1,2,3,5,3,2,1,1,2,3,5,3,2,1,1,2,3,5,3,2,1
8173,0,0,0,0,0,0,0,0,0,0,0,0,0,0,0,0,0,0,0,0,0
8174,0,0,0,0,0,0,0,0,0,0,0,0,0,0,0,0,0,0,0,0,0
8175,0,0,0,0,0,0,0,0,0,0,0,0,0,0,0,0,0,0,0,0,0
8176,0,0,0,0,0,0,0,0,0,0,0,0,0,0,0,0,0,0,0,0,0
8177,0,0,0,0,0,0,0,0,0,0,0,0,0,0,0,0,0,0,0,0,0
8178,2,1,1,2,1,2,1,2,1,1,2,1,2,1,2,1,1,2,1,2,1
8179,0,0,0,0,0,0,0,0,0,0,0,0,0,0,0,0,0,0,0,0,0
8180,0,0,0,0,0,0,0,0,0,0,0,0,0,0,0,0,0,0,0,0,0
8181,0,0,0,0,0,0,0,0,0,0,0,0,0,0,0,0,0,0,0,0,0
8182,0,0,0,0,0,0,0,0,0,0,0,0,0,0,0,0,0,0,0,0,0
8183,0,0,0,0,0,0,0,0,0,0,0,0,0,0,0,0,0,0,0,0,0
8184,4,4,5,5,4,3,3,4,4,5,5,4,3,3,4,4,5,5,4,3,3
8185,2,2,3,2,2,2,1,2,2,3,2,2,2,1,2,2,3,2,2,2,1
8186,0,0,0,0,0,0,0,0,0,0,0,0,0,0,0,0,0,0,0,0,0
8187,1,1,1,1,1,1,1,1,1,1,1,1,1,1,1,1,1,1,1,1,1
8188,0,0,0,0,0,0,0,0,0,0,0,0,0,0,0,0,0,0,0,0,0
8189,1,1,1,1,1,1,1,1,1,1,1,1,1,1,1,1,1,1,1,1,1
8190,3,4,4,3,2,2,3,3,4,4,3,2,2,3,3,4,4,3,2,2,3
8191,0,0,0,0,0,0,0,0,0,0,0,0,0,0,0,0,0,0,0,0,0
8192,72,72,72,66,57,51,55,72,72,72,66,57,51,55,72,72,72,66,57,51,55
8193,0,0,0,0,0,0,0,0,0,0,0,0,0,0,0,0,0,0,0,0,0
8194,0,0,0,0,0,0,0,0,0,0,0,0,0,0,0,0,0,0,0,0,0
8195,0,0,0,0,0,0,0,0,0,0,0,0,0,0,0,0,0,0,0,0,0
8196,2,2,1,1,1,1,1,2,2,1,1,1,1,1,2,2,1,1,1,1,1
8197,1,0,0,0,0,0,0,1,0,0,0,0,0,0,1,0,0,0,0,0,0
8198,17,19,21,28,27,23,17,17,19,21,28,27,23,17,17,19,21,28,27,23,17
8199,11,11,11,9,8,9,9,11,11,11,9,8,9,9,11,11,11,9,8,9,9
8200,2,3,2,2,2,2,2,2,3,2,2,2,2,2,2,3,2,2,2,2,2
8201,11,15,12,10,8,9,10,11,15,12,10,8,9,10,11,15,12,10,8,9,10
8202,30,25,25,29,22,22,22,30,25,25,29,22,22,22,30,25,25,29,22,22,22
8203,75,90,99,88,80,72,65,75,90,99,88,80,72,65,75,90,99,88,80,72,65
8204,70,54,47,37,44,48,46,70,54,47,37,44,48,46,70,54,47,37,44,48,46
8205,3,6,9,8,5,4,4,3,6,9,8,5,4,4,3,6,9,8,5,4,4
8206,7,8,8,7,5,6,6,7,8,8,7,5,6,6,7,8,8,7,5,6,6
8207,6,5,5,5,5,5,5,6,5,5,5,5,5,5,6,5,5,5,5,5,5
8208,5,6,5,5,4,4,4,5,6,5,5,4,4,4,5,6,5,5,4,4,4
8209,12,14,15,14,12,12,10,12,14,15,14,12,12,10,12,14,15,14,12,12,10
8210,11,8,11,7,8,7,10,11,8,11,7,8,7,10,11,8,11,7,8,7,10
8211,23,20,21,19,13,14,16,23,20,21,19,13,14,16,23,20,21,19,13,14,16
8212,46,49,52,37,31,37,39,46,49,52,37,31,37,39,46,49,52,37,31,37,39
8213,38,45,43,37,35,33,35,38,45,43,37,35,33,35,38,45,43,37,35,33,35
8214,116,127,133,122,106,96,97,116,127,133,122,106,96,97,116,127,133,122,106,96,97
8215,5,7,7,6,5,5,5,5,7,7,6,5,5,5,5,7,7,6,5,5,5
8216,10,10,9,8,8,9,8,10,10,9,8,8,9,8,10,10,9,8,8,9,8
8217,6,6,6,6,6,6,6,6,6,6,6,6,6,6,6,6,6,6,6,6,6
8218,116,127,133,122,106,96,97,116,127,133,122,106,96,97,116,127,133,122,106,96,97
8219,9,10,10,9,8,8,8,9,10,10,9,8,8,8,9,10,10,9,8,8,8
8220,42,40,46,43,38,31,28,42,40,46,43,38,31,28,42,40,46,43,38,31,28
8221,33,36,37,34,30,26,26,33,36,37,34,30,26,26,33,36,37,34,30,26,26
8222,32,32,27,28,25,27,24,32,32,27,28,25,27,24,32,32,27,28,25,27,24
8223,13,12,16,12,11,11,11,13,12,16,12,11,11,11,13,12,16,12,11,11,11
8224,71,68,70,61,48,54,51,71,68,70,61,48,54,51,71,68,70,61,48,54,51
8225,4,3,4,3,2,3,3,4,3,4,3,2,3,3,4,3,4,3,2,3,3
8226,35,38,42,41,35,30,30,35,38,42,41,35,30,30,35,38,42,41,35,30,30
8227,19,16,15,14,17,15,14,19,16,15,14,17,15,14,19,16,15,14,17,15,14
8228,16,18,18,17,15,13,14,16,18,18,17,15,13,14,16,18,18,17,15,13,14
8229,85,89,87,82,68,69,60,85,89,87,82,68,69,60,85,89,87,82,68,69,60
8230,7,6,7,7,6,6,5,7,6,7,7,6,6,5,7,6,7,7,6,6,5
8231,4,4,4,4,3,3,3,4,4,4,4,3,3,3,4,4,4,4,3,3,3
8232,4,4,4,3,3,3,4,4,4,4,3,3,3,4,4,4,4,3,3,3,4
8233,1,1,2,1,2,1,1,1,1,2,1,2,1,1,1,1,2,1,2,1,1
8234,4,5,5,4,4,3,3,4,5,5,4,4,3,3,4,5,5,4,4,3,3
8235,5,4,4,5,5,4,4,5,4,4,5,5,4,4,5,4,4,5,5,4,4
8236,38,35,33,32,30,33,32,38,35,33,32,30,33,32,38,35,33,32,30,33,32
8237,2,2,2,1,0,1,1,2,2,2,1,0,1,1,2,2,2,1,0,1,1
8238,0,0,0,0,0,0,0,0,0,0,0,0,0,0,0,0,0,0,0,0,0
8239,0,0,0,0,0,0,0,0,0,0,0,0,0,0,0,0,0,0,0,0,0
8240,0,0,0,0,0,0,0,0,0,0,0,0,0,0,0,0,0,0,0,0,0
8241,0,0,0,0,0,0,0,0,0,0,0,0,0,0,0,0,0,0,0,0,0
8242,0,0,0,0,0,0,0,0,0,0,0,0,0,0,0,0,0,0,0,0,0
8243,0,0,0,0,0,0,0,0,0,0,0,0,0,0,0,0,0,0,0,0,0
8244,0,0,0,0,0,0,0,0,0,0,0,0,0,0,0,0,0,0,0,0,0
8245,2,1,1,1,1,1,1,2,1,1,1,1,1,1,2,1,1,1,1,1,1
8246,2,2,2,2,1,2,2,2,2,2,2,1,2,2,2,2,2,2,1,2,2
8247,0,0,0,0,0,0,0,0,0,0,0,0,0,0,0,0,0,0,0,0,0
8248,1,1,1,1,1,1,1,1,1,1,1,1,1,1,1,1,1,1,1,1,1
8249,1,1,1,1,1,1,0,1,1,1,1,1,1,0,1,1,1,1,1,1,0
8250,3,2,2,3,2,1,2,3,2,2,3,2,1,2,3,2,2,3,2,1,2
8251,0,1,1,1,1,0,0,0,1,1,1,1,0,0,0,1,1,1,1,0,0
8252,2,3,4,3,3,2,1,2,3,4,3,3,2,1,2,3,4,3,3,2,1
8253,2,3,3,2,2,2,2,2,3,3,2,2,2,2,2,3,3,2,2,2,2
8254,1,2,2,1,1,1,0,1,2,2,1,1,1,0,1,2,2,1,1,1,0
8255,0,0,0,0,0,0,0,0,0,0,0,0,0,0,0,0,0,0,0,0,0
8256,0,0,0,0,0,0,0,0,0,0,0,0,0,0,0,0,0,0,0,0,0
8257,1,1,1,1,1,1,1,1,1,1,1,1,1,1,1,1,1,1,1,1,1
8258,1,1,0,1,1,1,1,1,1,0,1,1,1,1,1,1,0,1,1,1,1
8259,0,0,0,0,0,0,0,0,0,0,0,0,0,0,0,0,0,0,0,0,0
8260,1,2,2,2,2,2,1,1,2,2,2,2,2,1,1,2,2,2,2,2,1
8261,0,0,0,0,0,0,0,0,0,0,0,0,0,0,0,0,0,0,0,0,0
8262,0,0,0,0,0,0,0,0,0,0,0,0,0,0,0,0,0,0,0,0,0
8263,0,0,0,0,0,0,0,0,0,0,0,0,0,0,0,0,0,0,0,0,0
8264,4,7,9,5,3,3,3,4,7,9,5,3,3,3,4,7,9,5,3,3,3
8265,3,4,4,4,3,3,2,3,4,4,4,3,3,2,3,4,4,4,3,3,2
8266,20,22,27,22,16,16,17,20,22,27,22,16,16,17,20,22,27,22,16,16,17
8267,7,9,10,11,9,7,6,7,9,10,11,9,7,6,7,9,10,11,9,7,6
8268,0,0,1,1,0,0,0,0,0,1,1,0,0,0,0,0,1,1,0,0,0
8269,73,94,110,113,97,83,69,73,94,110,113,97,83,69,73,94,110,113,97,83,69
8270,5,7,7,7,5,4,4,5,7,7,7,5,4,4,5,7,7,7,5,4,4
8271,0,0,0,0,0,0,0,0,0,0,0,0,0,0,0,0,0,0,0,0,0
8272,7,8,9,9,11,11,9,7,8,9,9,11,11,9,7,8,9,9,11,11,9
8273,97,121,133,122,106,76,51,97,121,133,122,106,76,51,97,121,133,122,106,76,51
8274,95,125,133,117,73,50,60,95,125,133,117,73,50,60,95,125,133,117,73,50,60
8275,115,127,133,122,106,96,93,115,127,133,122,106,96,93,115,127,133,122,106,96,93
8276,0,0,0,0,0,0,0,0,0,0,0,0,0,0,0,0,0,0,0,0,0
8277,2,2,2,2,2,2,2,2,2,2,2,2,2,2,2,2,2,2,2,2,2
8278,6,8,11,11,8,6,5,6,8,11,11,8,6,5,6,8,11,11,8,6,5
8279,25,31,33,33,27,21,19,25,31,33,33,27,21,19,25,31,33,33,27,21,19
8280,19,20,23,31,30,25,23,19,20,23,31,30,25,23,19,20,23,31,30,25,23
8281,2,2,3,3,3,2,1,2,2,3,3,3,2,1,2,2,3,3,3,2,1
8282,0,0,0,0,0,0,0,0,0,0,0,0,0,0,0,0,0,0,0,0,0
8283,0,0,0,0,0,0,0,0,0,0,0,0,0,0,0,0,0,0,0,0,0
8284,0,0,0,0,0,0,0,0,0,0,0,0,0,0,0,0,0,0,0,0,0
8285,1,1,0,0,0,0,0,1,1,0,0,0,0,0,1,1,0,0,0,0,0
8286,0,0,1,0,0,0,0,0,0,1,0,0,0,0,0,0,1,0,0,0,0
8287,1,1,1,1,1,0,0,1,1,1,1,1,0,0,1,1,1,1,1,0,0
8288,0,0,0,0,0,0,0,0,0,0,0,0,0,0,0,0,0,0,0,0,0
8289,0,0,0,0,0,0,0,0,0,0,0,0,0,0,0,0,0,0,0,0,0
8290,3,3,3,2,1,1,1,3,3,3,2,1,1,1,3,3,3,2,1,1,1
8291,0,0,0,0,0,0,0,0,0,0,0,0,0,0,0,0,0,0,0,0,0
8292,0,0,0,0,0,0,0,0,0,0,0,0,0,0,0,0,0,0,0,0,0
8293,0,0,0,0,0,0,0,0,0,0,0,0,0,0,0,0,0,0,0,0,0
8294,0,0,0,0,0,0,0,0,0,0,0,0,0,0,0,0,0,0,0,0,0
8295,0,0,0,0,0,0,0,0,0,0,0,0,0,0,0,0,0,0,0,0,0
8296,1,2,1,1,1,1,1,1,2,1,1,1,1,1,1,2,1,1,1,1,1
8297,99,99,109,103,91,80,83,99,99,109,103,91,80,83,99,99,109,103,91,80,83
8298,3,3,3,3,2,2,3,3,3,3,3,2,2,3,3,3,3,3,2,2,3
8299,12,11,10,7,8,9,9,12,11,10,7,8,9,9,12,11,10,7,8,9,9
8300,1,1,0,1,1,1,1,1,1,0,1,1,1,1,1,1,0,1,1,1,1
8301,16,18,22,21,19,16,12,16,18,22,21,19,16,12,16,18,22,21,19,16,12
8302,52,56,58,53,47,44,43,52,56,58,53,47,44,43,52,56,58,53,47,44,43
8303,11,11,13,12,11,11,10,11,11,13,12,11,11,10,11,11,13,12,11,11,10
8304,0,1,1,0,0,0,0,0,1,1,0,0,0,0,0,1,1,0,0,0,0
8305,33,28,28,27,22,23,25,33,28,28,27,22,23,25,33,28,28,27,22,23,25
8306,4,5,6,7,10,8,4,4,5,6,7,10,8,4,4,5,6,7,10,8,4
8307,35,35,39,38,31,30,32,35,35,39,38,31,30,32,35,35,39,38,31,30,32
8308,0,0,0,0,0,0,0,0,0,0,0,0,0,0,0,0,0,0,0,0,0
8309,0,0,0,0,0,0,0,0,0,0,0,0,0,0,0,0,0,0,0,0,0
8310,0,0,0,0,0,0,0,0,0,0,0,0,0,0,0,0,0,0,0,0,0
8311,0,0,0,0,0,0,0,0,0,0,0,0,0,0,0,0,0,0,0,0,0
8312,0,0,0,0,0,0,0,0,0,0,0,0,0,0,0,0,0,0,0,0,0
8313,0,0,0,0,0,0,0,0,0,0,0,0,0,0,0,0,0,0,0,0,0
8314,0,0,0,0,0,0,0,0,0,0,0,0,0,0,0,0,0,0,0,0,0
8315,0,0,0,0,0,0,0,0,0,0,0,0,0,0,0,0,0,0,0,0,0
8316,1,1,1,1,1,1,1,1,1,1,1,1,1,1,1,1,1,1,1,1,1
8317,4,5,5,5,5,4,4,4,5,5,5,5,4,4,4,5,5,5,5,4,4
8318,67,60,59,52,49,48,54,67,60,59,52,49,48,54,67,60,59,52,49,48,54
8319,4,4,4,4,4,4,4,4,4,4,4,4,4,4,4,4,4,4,4,4,4
8320,17,16,15,14,14,14,15,17,16,15,14,14,14,15,17,16,15,14,14,14,15
8321,0,0,0,0,0,0,0,0,0,0,0,0,0,0,0,0,0,0,0,0,0
8322,0,0,0,0,0,0,0,0,0,0,0,0,0,0,0,0,0,0,0,0,0
8323,0,0,0,0,0,0,0,0,0,0,0,0,0,0,0,0,0,0,0,0,0
8324,0,0,0,0,0,0,0,0,0,0,0,0,0,0,0,0,0,0,0,0,0
8325,0,0,0,0,0,0,0,0,0,0,0,0,0,0,0,0,0,0,0,0,0
8326,14,15,15,14,12,11,12,14,15,15,14,12,11,12,14,15,15,14,12,11,12
8327,4,4,4,4,3,3,3,4,4,4,4,3,3,3,4,4,4,4,3,3,3
8328,32,36,35,34,30,27,26,32,36,35,34,30,27,26,32,36,35,34,30,27,26
8329,4,5,5,5,5,4,4,4,5,5,5,5,4,4,4,5,5,5,5,4,4
8330,45,47,46,43,39,38,38,45,47,46,43,39,38,38,45,47,46,43,39,38,38
8331,116,116,115,109,104,93,95,116,116,115,109,104,93,95,116,116,115,109,104,93,95
8332,101,107,109,95,90,85,87,101,107,109,95,90,85,87,101,107,109,95,90,85,87
8333,0,0,0,0,0,0,0,0,0,0,0,0,0,0,0,0,0,0,0,0,0
8334,0,0,0,0,0,0,0,0,0,0,0,0,0,0,0,0,0,0,0,0,0
8335,1,1,1,1,1,1,0,1,1,1,1,1,1,0,1,1,1,1,1,1,0
8336,1,1,1,1,1,1,1,1,1,1,1,1,1,1,1,1,1,1,1,1,1
8337,5,5,6,5,5,5,4,5,5,6,5,5,5,4,5,5,6,5,5,5,4
8338,0,0,0,0,0,0,0,0,0,0,0,0,0,0,0,0,0,0,0,0,0
8339,0,0,0,0,0,0,0,0,0,0,0,0,0,0,0,0,0,0,0,0,0
8340,32,31,32,32,30,29,28,32,31,32,32,30,29,28,32,31,32,32,30,29,28
8341,0,0,0,0,0,0,0,0,0,0,0,0,0,0,0,0,0,0,0,0,0
8342,0,0,0,0,0,0,0,0,0,0,0,0,0,0,0,0,0,0,0,0,0
8343,4,5,5,4,4,4,3,4,5,5,4,4,4,3,4,5,5,4,4,4,3
8344,1,1,1,1,1,1,1,1,1,1,1,1,1,1,1,1,1,1,1,1,1
8345,22,24,24,23,20,18,18,22,24,24,23,20,18,18,22,24,24,23,20,18,18
8346,25,28,29,28,26,22,20,25,28,29,28,26,22,20,25,28,29,28,26,22,20
8347,4,4,6,6,6,3,3,4,4,6,6,6,3,3,4,4,6,6,6,3,3
8348,0,0,0,0,0,0,0,0,0,0,0,0,0,0,0,0,0,0,0,0,0
8349,46,53,49,46,39,35,37,46,53,49,46,39,35,37,46,53,49,46,39,35,37
8350,1,1,1,1,1,1,1,1,1,1,1,1,1,1,1,1,1,1,1,1,1
8351,2,2,2,2,2,2,2,2,2,2,2,2,2,2,2,2,2,2,2,2,2
8352,1,1,1,1,1,1,1,1,1,1,1,1,1,1,1,1,1,1,1,1,1
8353,3,3,3,4,3,3,2,3,3,3,4,3,3,2,3,3,3,4,3,3,2
8354,0,0,0,0,0,0,0,0,0,0,0,0,0,0,0,0,0,0,0,0,0
8355,0,0,0,0,0,0,0,0,0,0,0,0,0,0,0,0,0,0,0,0,0
8356,0,0,0,0,0,0,0,0,0,0,0,0,0,0,0,0,0,0,0,0,0
8357,0,0,0,0,0,0,0,0,0,0,0,0,0,0,0,0,0,0,0,0,0
8358,0,0,0,0,0,0,0,0,0,0,0,0,0,0,0,0,0,0,0,0,0
8359,0,0,0,0,0,0,0,0,0,0,0,0,0,0,0,0,0,0,0,0,0
8360,0,0,0,0,0,0,0,0,0,0,0,0,0,0,0,0,0,0,0,0,0
8361,0,0,0,0,0,0,0,0,0,0,0,0,0,0,0,0,0,0,0,0,0
8362,0,0,0,0,0,0,0,0,0,0,0,0,0,0,0,0,0,0,0,0,0
8363,0,0,0,0,0,0,0,0,0,0,0,0,0,0,0,0,0,0,0,0,0
8364,2,2,3,2,2,1,1,2,2,3,2,2,1,1,2,2,3,2,2,1,1
8365,8,9,5,4,4,6,5,8,9,5,4,4,6,5,8,9,5,4,4,6,5
8366,2,2,3,3,2,2,2,2,2,3,3,2,2,2,2,2,3,3,2,2,2
8367,1,1,1,1,1,1,1,1,1,1,1,1,1,1,1,1,1,1,1,1,1
8368,23,27,31,35,29,25,20,23,27,31,35,29,25,20,23,27,31,35,29,25,20
8369,6,7,7,7,6,5,5,6,7,7,7,6,5,5,6,7,7,7,6,5,5
8370,0,1,1,1,0,0,0,0,1,1,1,0,0,0,0,1,1,1,0,0,0
8371,10,11,11,14,14,13,10,10,11,11,14,14,13,10,10,11,11,14,14,13,10
8372,14,15,12,12,12,10,11,14,15,12,12,12,10,11,14,15,12,12,12,10,11
8373,9,12,15,13,9,8,8,9,12,15,13,9,8,8,9,12,15,13,9,8,8
8374,0,0,0,0,0,0,0,0,0,0,0,0,0,0,0,0,0,0,0,0,0
8375,4,4,4,4,4,4,4,4,4,4,4,4,4,4,4,4,4,4,4,4,4
8376,9,10,12,12,12,9,8,9,10,12,12,12,9,8,9,10,12,12,12,9,8
8377,1,1,1,1,1,1,1,1,1,1,1,1,1,1,1,1,1,1,1,1,1
8378,63,74,75,67,61,48,51,63,74,75,67,61,48,51,63,74,75,67,61,48,51
8379,1,1,1,1,1,1,1,1,1,1,1,1,1,1,1,1,1,1,1,1,1
8380,11,14,16,16,15,13,8,11,14,16,16,15,13,8,11,14,16,16,15,13,8
8381,0,0,0,0,0,0,0,0,0,0,0,0,0,0,0,0,0,0,0,0,0
8382,0,0,0,0,0,0,0,0,0,0,0,0,0,0,0,0,0,0,0,0,0
8383,0,0,0,0,0,0,0,0,0,0,0,0,0,0,0,0,0,0,0,0,0
8384,0,0,0,0,0,0,0,0,0,0,0,0,0,0,0,0,0,0,0,0,0
8385,0,0,0,0,0,0,0,0,0,0,0,0,0,0,0,0,0,0,0,0,0
8386,0,0,0,0,0,0,0,0,0,0,0,0,0,0,0,0,0,0,0,0,0
8387,0,0,0,0,0,0,0,0,0,0,0,0,0,0,0,0,0,0,0,0,0
8388,0,0,0,0,0,0,0,0,0,0,0,0,0,0,0,0,0,0,0,0,0
8389,0,0,0,0,0,0,0,0,0,0,0,0,0,0,0,0,0,0,0,0,0
8390,12,14,16,16,15,13,11,12,14,16,16,15,13,11,12,14,16,16,15,13,11
8391,0,0,1,1,0,0,0,0,0,1,1,0,0,0,0,0,1,1,0,0,0
8392,1,0,0,0,0,0,1,1,0,0,0,0,0,1,1,0,0,0,0,0,1
8393,3,3,4,4,4,3,2,3,3,4,4,4,3,2,3,3,4,4,4,3,2
8394,0,0,0,0,0,0,0,0,0,0,0,0,0,0,0,0,0,0,0,0,0
8395,0,0,0,0,0,0,0,0,0,0,0,0,0,0,0,0,0,0,0,0,0
8396,4,4,4,3,2,3,3,4,4,4,3,2,3,3,4,4,4,3,2,3,3
8397,0,0,0,0,0,0,0,0,0,0,0,0,0,0,0,0,0,0,0,0,0
8398,29,34,35,31,28,24,23,29,34,35,31,28,24,23,29,34,35,31,28,24,23
8399,0,0,0,0,0,0,0,0,0,0,0,0,0,0,0,0,0,0,0,0,0
8400,19,21,18,15,14,11,12,19,21,18,15,14,11,12,19,21,18,15,14,11,12
8401,37,39,41,38,35,31,31,37,39,41,38,35,31,31,37,39,41,38,35,31,31
8402,10,10,15,13,14,9,9,10,10,15,13,14,9,9,10,10,15,13,14,9,9
8403,10,10,9,9,8,8,8,10,10,9,9,8,8,8,10,10,9,9,8,8,8
8404,0,0,0,0,0,0,0,0,0,0,0,0,0,0,0,0,0,0,0,0,0
8405,1,1,1,1,0,1,1,1,1,1,1,0,1,1,1,1,1,1,0,1,1
8406,0,0,0,0,0,0,0,0,0,0,0,0,0,0,0,0,0,0,0,0,0
8407,0,1,0,1,0,0,0,0,1,0,1,0,0,0,0,1,0,1,0,0,0
8408,4,5,5,4,4,3,3,4,5,5,4,4,3,3,4,5,5,4,4,3,3
8409,0,0,0,0,0,0,0,0,0,0,0,0,0,0,0,0,0,0,0,0,0
8410,3,5,1,2,1,1,1,3,5,1,2,1,1,1,3,5,1,2,1,1,1
8411,0,0,0,0,0,0,0,0,0,0,0,0,0,0,0,0,0,0,0,0,0
8412,0,0,0,0,0,0,0,0,0,0,0,0,0,0,0,0,0,0,0,0,0
8413,0,0,0,0,0,0,0,0,0,0,0,0,0,0,0,0,0,0,0,0,0
8414,0,0,0,0,0,0,0,0,0,0,0,0,0,0,0,0,0,0,0,0,0
8415,0,0,0,0,0,0,0,0,0,0,0,0,0,0,0,0,0,0,0,0,0
8416,0,0,0,0,0,0,0,0,0,0,0,0,0,0,0,0,0,0,0,0,0
8417,0,0,0,0,0,0,0,0,0,0,0,0,0,0,0,0,0,0,0,0,0
8418,1,1,1,1,1,1,1,1,1,1,1,1,1,1,1,1,1,1,1,1,1
8419,2,3,3,3,3,2,2,2,3,3,3,3,2,2,2,3,3,3,3,2,2
8420,11,13,13,13,11,10,10,11,13,13,13,11,10,10,11,13,13,13,11,10,10
8421,18,19,18,16,16,13,15,18,19,18,16,16,13,15,18,19,18,16,16,13,15
8422,0,1,0,0,0,0,0,0,1,0,0,0,0,0,0,1,0,0,0,0,0
8423,0,0,0,0,0,0,0,0,0,0,0,0,0,0,0,0,0,0,0,0,0
8424,8,11,11,11,9,10,9,8,11,11,11,9,10,9,8,11,11,11,9,10,9
8425,5,7,7,5,5,4,4,5,7,7,5,5,4,4,5,7,7,5,5,4,4
8426,1,1,1,1,1,1,1,1,1,1,1,1,1,1,1,1,1,1,1,1,1
8427,0,0,0,0,0,0,0,0,0,0,0,0,0,0,0,0,0,0,0,0,0
8428,6,5,5,4,3,4,5,6,5,5,4,3,4,5,6,5,5,4,3,4,5
8429,8,8,9,8,8,7,7,8,8,9,8,8,7,7,8,8,9,8,8,7,7
8430,1,1,1,1,1,1,1,1,1,1,1,1,1,1,1,1,1,1,1,1,1
8431,0,0,0,0,0,0,0,0,0,0,0,0,0,0,0,0,0,0,0,0,0
8432,0,0,0,0,0,0,0,0,0,0,0,0,0,0,0,0,0,0,0,0,0
8433,0,0,0,0,0,0,0,0,0,0,0,0,0,0,0,0,0,0,0,0,0
8434,0,0,0,0,0,0,0,0,0,0,0,0,0,0,0,0,0,0,0,0,0
8435,3,3,3,2,2,2,2,3,3,3,2,2,2,2,3,3,3,2,2,2,2
8436,3,3,3,3,3,3,3,3,3,3,3,3,3,3,3,3,3,3,3,3,3
8437,0,0,0,0,0,0,0,0,0,0,0,0,0,0,0,0,0,0,0,0,0
8438,0,0,0,0,0,0,0,0,0,0,0,0,0,0,0,0,0,0,0,0,0
8439,0,0,0,0,0,0,0,0,0,0,0,0,0,0,0,0,0,0,0,0,0
8440,0,0,0,0,0,0,0,0,0,0,0,0,0,0,0,0,0,0,0,0,0
8441,0,0,0,0,0,0,0,0,0,0,0,0,0,0,0,0,0,0,0,0,0
8442,2,1,1,1,1,2,2,2,1,1,1,1,2,2,2,1,1,1,1,2,2
8443,0,1,1,0,0,0,0,0,1,1,0,0,0,0,0,1,1,0,0,0,0
8444,0,0,0,0,0,0,0,0,0,0,0,0,0,0,0,0,0,0,0,0,0
8445,6,13,17,23,16,7,5,6,13,17,23,16,7,5,6,13,17,23,16,7,5
8446,0,0,0,0,0,0,0,0,0,0,0,0,0,0,0,0,0,0,0,0,0
8447,3,3,4,3,4,3,3,3,3,4,3,4,3,3,3,3,4,3,4,3,3
8448,0,0,1,1,0,0,0,0,0,1,1,0,0,0,0,0,1,1,0,0,0
8449,5,8,8,7,5,2,2,5,8,8,7,5,2,2,5,8,8,7,5,2,2
8450,0,0,0,0,0,0,0,0,0,0,0,0,0,0,0,0,0,0,0,0,0
8451,4,4,4,3,2,2,3,4,4,4,3,2,2,3,4,4,4,3,2,2,3
8452,0,0,0,0,0,0,0,0,0,0,0,0,0,0,0,0,0,0,0,0,0
8453,7,7,7,8,8,7,7,7,7,7,8,8,7,7,7,7,7,8,8,7,7
8454,1,0,0,0,1,1,1,1,0,0,0,1,1,1,1,0,0,0,1,1,1
8455,0,0,0,0,0,0,0,0,0,0,0,0,0,0,0,0,0,0,0,0,0
8456,0,0,0,0,0,0,0,0,0,0,0,0,0,0,0,0,0,0,0,0,0
8457,0,0,0,0,0,0,0,0,0,0,0,0,0,0,0,0,0,0,0,0,0
8458,0,0,0,0,0,0,0,0,0,0,0,0,0,0,0,0,0,0,0,0,0
8459,2,2,2,3,3,2,2,2,2,2,3,3,2,2,2,2,2,3,3,2,2
8460,15,16,17,17,15,12,12,15,16,17,17,15,12,12,15,16,17,17,15,12,12
8461,27,31,34,32,28,23,23,27,31,34,32,28,23,23,27,31,34,32,28,23,23
8462,0,0,0,0,0,0,0,0,0,0,0,0,0,0,0,0,0,0,0,0,0
8463,8,5,6,5,4,4,4,8,5,6,5,4,4,4,8,5,6,5,4,4,4
8464,1,2,1,1,0,0,0,1,2,1,1,0,0,0,1,2,1,1,0,0,0
8465,8,9,14,10,7,7,6,8,9,14,10,7,7,6,8,9,14,10,7,7,6
8466,10,12,14,15,10,8,9,10,12,14,15,10,8,9,10,12,14,15,10,8,9
8467,0,0,0,0,0,0,0,0,0,0,0,0,0,0,0,0,0,0,0,0,0
8468,0,0,0,0,0,0,0,0,0,0,0,0,0,0,0,0,0,0,0,0,0
8469,0,0,0,0,0,0,0,0,0,0,0,0,0,0,0,0,0,0,0,0,0
8470,4,4,4,4,3,3,3,4,4,4,4,3,3,3,4,4,4,4,3,3,3
8471,1,1,1,1,0,0,0,1,1,1,1,0,0,0,1,1,1,1,0,0,0
8472,1,2,1,1,1,1,1,1,2,1,1,1,1,1,1,2,1,1,1,1,1
8473,1,0,1,1,1,1,1,1,0,1,1,1,1,1,1,0,1,1,1,1,1
8474,0,0,0,0,0,0,0,0,0,0,0,0,0,0,0,0,0,0,0,0,0
8475,0,0,0,0,0,0,0,0,0,0,0,0,0,0,0,0,0,0,0,0,0
8476,0,0,0,0,0,0,0,0,0,0,0,0,0,0,0,0,0,0,0,0,0
8477,0,0,0,0,0,0,0,0,0,0,0,0,0,0,0,0,0,0,0,0,0
8478,0,0,0,0,0,0,0,0,0,0,0,0,0,0,0,0,0,0,0,0,0
8479,0,0,0,0,0,0,0,0,0,0,0,0,0,0,0,0,0,0,0,0,0
8480,0,0,0,0,0,0,0,0,0,0,0,0,0,0,0,0,0,0,0,0,0
8481,0,0,0,0,0,0,0,0,0,0,0,0,0,0,0,0,0,0,0,0,0
8482,1,1,0,1,0,1,0,1,1,0,1,0,1,0,1,1,0,1,0,1,0
8483,0,0,0,0,0,0,0,0,0,0,0,0,0,0,0,0,0,0,0,0,0
8484,0,0,0,0,0,0,0,0,0,0,0,0,0,0,0,0,0,0,0,0,0
8485,1,1,1,1,1,1,1,1,1,1,1,1,1,1,1,1,1,1,1,1,1
8486,1,2,2,2,1,1,1,1,2,2,2,1,1,1,1,2,2,2,1,1,1
8487,0,0,0,0,0,0,0,0,0,0,0,0,0,0,0,0,0,0,0,0,0
8488,0,0,0,1,0,0,0,0,0,0,1,0,0,0,0,0,0,1,0,0,0
8489,1,1,1,1,1,1,1,1,1,1,1,1,1,1,1,1,1,1,1,1,1
8490,0,0,0,0,0,0,0,0,0,0,0,0,0,0,0,0,0,0,0,0,0
8491,0,0,0,0,0,0,0,0,0,0,0,0,0,0,0,0,0,0,0,0,0
8492,0,0,0,0,0,0,0,0,0,0,0,0,0,0,0,0,0,0,0,0,0
8493,0,0,0,0,0,0,0,0,0,0,0,0,0,0,0,0,0,0,0,0,0
8494,0,0,0,0,0,0,0,0,0,0,0,0,0,0,0,0,0,0,0,0,0
8495,0,0,0,0,0,0,0,0,0,0,0,0,0,0,0,0,0,0,0,0,0
8496,28,31,32,33,31,29,27,28,31,32,33,31,29,27,28,31,32,33,31,29,27
8497,10,16,18,15,12,12,9,10,16,18,15,12,12,9,10,16,18,15,12,12,9
8498,6,8,11,14,12,7,7,6,8,11,14,12,7,7,6,8,11,14,12,7,7
8499,20,25,28,29,27,19,13,20,25,28,29,27,19,13,20,25,28,29,27,19,13
8500,1,0,0,1,0,0,1,1,0,0,1,0,0,1,1,0,0,1,0,0,1
8501,0,0,0,0,0,0,0,0,0,0,0,0,0,0,0,0,0,0,0,0,0
8502,0,0,0,0,0,0,0,0,0,0,0,0,0,0,0,0,0,0,0,0,0
8503,0,0,0,0,0,0,0,0,0,0,0,0,0,0,0,0,0,0,0,0,0
8504,0,1,0,0,0,0,0,0,1,0,0,0,0,0,0,1,0,0,0,0,0
8505,0,0,0,0,0,0,0,0,0,0,0,0,0,0,0,0,0,0,0,0,0
8506,8,5,5,7,8,7,7,8,5,5,7,8,7,7,8,5,5,7,8,7,7
8507,2,2,3,3,2,2,2,2,2,3,3,2,2,2,2,2,3,3,2,2,2
8508,1,1,1,1,1,1,1,1,1,1,1,1,1,1,1,1,1,1,1,1,1
8509,0,0,0,0,0,0,0,0,0,0,0,0,0,0,0,0,0,0,0,0,0
8510,0,0,0,0,0,0,0,0,0,0,0,0,0,0,0,0,0,0,0,0,0
8511,5,5,5,4,4,4,4,5,5,5,4,4,4,4,5,5,5,4,4,4,4
8512,0,0,0,0,0,0,0,0,0,0,0,0,0,0,0,0,0,0,0,0,0
8513,0,0,0,0,0,0,0,0,0,0,0,0,0,0,0,0,0,0,0,0,0
8514,3,3,4,3,3,2,3,3,3,4,3,3,2,3,3,3,4,3,3,2,3
8515,3,4,4,2,2,1,2,3,4,4,2,2,1,2,3,4,4,2,2,1,2
8516,2,4,3,3,3,3,2,2,4,3,3,3,3,2,2,4,3,3,3,3,2
8517,18,25,22,21,16,14,13,18,25,22,21,16,14,13,18,25,22,21,16,14,13
8518,1,1,1,0,0,0,0,1,1,1,0,0,0,0,1,1,1,0,0,0,0
8519,1,2,2,1,1,1,1,1,2,2,1,1,1,1,1,2,2,1,1,1,1
8520,1,1,0,0,0,0,0,1,1,0,0,0,0,0,1,1,0,0,0,0,0
8521,5,5,5,5,4,4,4,5,5,5,5,4,4,4,5,5,5,5,4,4,4
8522,10,11,10,10,10,10,9,10,11,10,10,10,10,9,10,11,10,10,10,10,9
8523,4,4,4,4,4,4,4,4,4,4,4,4,4,4,4,4,4,4,4,4,4
8524,7,8,8,8,6,5,6,7,8,8,8,6,5,6,7,8,8,8,6,5,6
8525,30,31,29,25,20,20,22,30,31,29,25,20,20,22,30,31,29,25,20,20,22
8526,4,6,5,6,6,6,4,4,6,5,6,6,6,4,4,6,5,6,6,6,4
8527,8,8,7,8,6,6,9,8,8,7,8,6,6,9,8,8,7,8,6,6,9
8528,44,48,49,46,36,27,33,44,48,49,46,36,27,33,44,48,49,46,36,27,33
8529,103,114,124,112,83,74,87,103,114,124,112,83,74,87,103,114,124,112,83,74,87
8530,116,127,133,122,106,96,97,116,127,133,122,106,96,97,116,127,133,122,106,96,97
8531,116,127,133,122,106,96,97,116,127,133,122,106,96,97,116,127,133,122,106,96,97
8532,21,23,21,18,14,15,17,21,23,21,18,14,15,17,21,23,21,18,14,15,17
8533,41,45,42,36,32,33,35,41,45,42,36,32,33,35,41,45,42,36,32,33,35
8534,0,0,0,0,0,0,0,0,0,0,0,0,0,0,0,0,0,0,0,0,0
8535,18,18,18,26,22,19,13,18,18,18,26,22,19,13,18,18,18,26,22,19,13
8536,59,58,75,79,85,68,56,59,58,75,79,85,68,56,59,58,75,79,85,68,56
8537,38,43,40,38,34,33,31,38,43,40,38,34,33,31,38,43,40,38,34,33,31
8538,0,0,0,0,0,0,0,0,0,0,0,0,0,0,0,0,0,0,0,0,0
8539,8,9,8,9,8,6,8,8,9,8,9,8,6,8,8,9,8,9,8,6,8
8540,44,48,47,40,35,31,31,44,48,47,40,35,31,31,44,48,47,40,35,31,31
8541,116,127,133,121,106,93,95,116,127,133,121,106,93,95,116,127,133,121,106,93,95
8542,3,3,3,2,2,2,2,3,3,3,2,2,2,2,3,3,3,2,2,2,2
8543,5,4,4,3,3,3,3,5,4,4,3,3,3,3,5,4,4,3,3,3,3
8544,6,7,7,7,7,6,7,6,7,7,7,7,6,7,6,7,7,7,7,6,7
8545,10,9,11,10,7,6,7,10,9,11,10,7,6,7,10,9,11,10,7,6,7
8546,19,20,20,17,19,16,16,19,20,20,17,19,16,16,19,20,20,17,19,16,16
8547,27,32,34,31,26,21,21,27,32,34,31,26,21,21,27,32,34,31,26,21,21
8548,2,2,1,1,1,1,1,2,2,1,1,1,1,1,2,2,1,1,1,1,1
8549,56,66,67,57,46,44,43,56,66,67,57,46,44,43,56,66,67,57,46,44,43
8550,90,97,95,94,90,77,82,90,97,95,94,90,77,82,90,97,95,94,90,77,82
8551,64,84,81,67,59,54,51,64,84,81,67,59,54,51,64,84,81,67,59,54,51
8552,96,91,99,80,73,68,72,96,91,99,80,73,68,72,96,91,99,80,73,68,72
8553,115,121,127,87,84,80,84,115,121,127,87,84,80,84,115,121,127,87,84,80,84
8554,30,28,24,23,19,22,22,30,28,24,23,19,22,22,30,28,24,23,19,22,22
8555,0,0,0,0,0,0,0,0,0,0,0,0,0,0,0,0,0,0,0,0,0
8556,1,1,1,1,1,1,2,1,1,1,1,1,1,2,1,1,1,1,1,1,2
8557,10,15,11,7,6,7,15,10,15,11,7,6,7,15,10,15,11,7,6,7,15
8558,17,17,20,19,17,13,14,17,17,20,19,17,13,14,17,17,20,19,17,13,14
8559,1,2,1,1,1,1,1,1,2,1,1,1,1,1,1,2,1,1,1,1,1
8560,3,3,3,3,2,2,2,3,3,3,3,2,2,2,3,3,3,3,2,2,2
8561,1,1,1,1,1,1,1,1,1,1,1,1,1,1,1,1,1,1,1,1,1
8562,0,0,0,0,0,0,0,0,0,0,0,0,0,0,0,0,0,0,0,0,0
8563,0,3,3,3,2,1,0,0,3,3,3,2,1,0,0,3,3,3,2,1,0
8564,4,5,5,4,3,3,3,4,5,5,4,3,3,3,4,5,5,4,3,3,3
8565,10,11,11,6,4,5,6,10,11,11,6,4,5,6,10,11,11,6,4,5,6
8566,7,7,8,9,7,7,9,7,7,8,9,7,7,9,7,7,8,9,7,7,9
8567,0,0,0,0,0,0,0,0,0,0,0,0,0,0,0,0,0,0,0,0,0
8568,1,2,2,2,2,1,1,1,2,2,2,2,1,1,1,2,2,2,2,1,1
8569,5,6,7,6,5,3,3,5,6,7,6,5,3,3,5,6,7,6,5,3,3
8570,17,18,18,16,15,15,14,17,18,18,16,15,15,14,17,18,18,16,15,15,14
8571,1,1,1,1,1,1,1,1,1,1,1,1,1,1,1,1,1,1,1,1,1
8572,0,0,0,0,0,0,0,0,0,0,0,0,0,0,0,0,0,0,0,0,0
8573,30,29,29,27,26,25,26,30,29,29,27,26,25,26,30,29,29,27,26,25,26
8574,0,0,0,0,0,0,0,0,0,0,0,0,0,0,0,0,0,0,0,0,0
8575,1,1,1,1,1,1,1,1,1,1,1,1,1,1,1,1,1,1,1,1,1
8576,6,7,7,6,5,5,5,6,7,7,6,5,5,5,6,7,7,6,5,5,5
8577,0,0,0,0,0,0,0,0,0,0,0,0,0,0,0,0,0,0,0,0,0
8578,0,0,0,0,0,0,0,0,0,0,0,0,0,0,0,0,0,0,0,0,0
8579,1,1,1,2,1,1,1,1,1,1,2,1,1,1,1,1,1,2,1,1,1
8580,25,27,26,22,19,19,19,25,27,26,22,19,19,19,25,27,26,22,19,19,19
8581,21,23,22,17,14,13,16,21,23,22,17,14,13,16,21,23,22,17,14,13,16
8582,3,3,3,3,3,2,2,3,3,3,3,3,2,2,3,3,3,3,3,2,2
8583,2,1,2,1,1,1,1,2,1,2,1,1,1,1,2,1,2,1,1,1,1
8584,0,0,0,0,0,0,0,0,0,0,0,0,0,0,0,0,0,0,0,0,0
8585,2,3,3,2,1,2,2,2,3,3,2,1,2,2,2,3,3,2,1,2,2
8586,0,0,0,0,0,0,0,0,0,0,0,0,0,0,0,0,0,0,0,0,0
8587,1,2,2,0,0,1,0,1,2,2,0,0,1,0,1,2,2,0,0,1,0
8588,1,4,3,3,1,1,0,1,4,3,3,1,1,0,1,4,3,3,1,1,0
8589,9,9,9,6,6,5,7,9,9,9,6,6,5,7,9,9,9,6,6,5,7
8590,0,0,0,0,0,0,0,0,0,0,0,0,0,0,0,0,0,0,0,0,0
8591,0,0,0,0,0,0,0,0,0,0,0,0,0,0,0,0,0,0,0,0,0
8592,0,0,0,0,0,0,0,0,0,0,0,0,0,0,0,0,0,0,0,0,0
8593,0,0,0,0,0,0,0,0,0,0,0,0,0,0,0,0,0,0,0,0,0
8594,1,1,1,0,1,0,0,1,1,1,0,1,0,0,1,1,1,0,1,0,0
8595,0,0,0,0,0,0,0,0,0,0,0,0,0,0,0,0,0,0,0,0,0
8596,0,0,0,0,0,0,0,0,0,0,0,0,0,0,0,0,0,0,0,0,0
8597,0,0,0,0,0,0,0,0,0,0,0,0,0,0,0,0,0,0,0,0,0
8598,1,1,1,1,1,1,1,1,1,1,1,1,1,1,1,1,1,1,1,1,1
8599,0,0,0,0,0,0,0,0,0,0,0,0,0,0,0,0,0,0,0,0,0
8600,8,6,8,8,8,7,8,8,6,8,8,8,7,8,8,6,8,8,8,7,8
8601,0,0,0,0,0,0,0,0,0,0,0,0,0,0,0,0,0,0,0,0,0
8602,0,0,0,0,0,0,0,0,0,0,0,0,0,0,0,0,0,0,0,0,0
8603,0,0,0,0,0,0,0,0,0,0,0,0,0,0,0,0,0,0,0,0,0
8604,1,1,0,0,0,0,0,1,1,0,0,0,0,0,1,1,0,0,0,0,0
8605,0,0,1,1,1,0,0,0,0,1,1,1,0,0,0,0,1,1,1,0,0
8606,1,1,0,0,0,0,0,1,1,0,0,0,0,0,1,1,0,0,0,0,0
8607,0,0,0,0,0,0,0,0,0,0,0,0,0,0,0,0,0,0,0,0,0
8608,0,0,0,0,0,0,0,0,0,0,0,0,0,0,0,0,0,0,0,0,0
8609,1,1,1,1,1,1,1,1,1,1,1,1,1,1,1,1,1,1,1,1,1
8610,0,0,0,0,3,0,0,0,0,0,0,3,0,0,0,0,0,0,3,0,0
8611,1,0,0,0,0,0,0,1,0,0,0,0,0,0,1,0,0,0,0,0,0
8612,1,0,0,0,0,0,1,1,0,0,0,0,0,1,1,0,0,0,0,0,1
8613,0,0,0,0,0,0,0,0,0,0,0,0,0,0,0,0,0,0,0,0,0
8614,0,0,0,0,0,0,0,0,0,0,0,0,0,0,0,0,0,0,0,0,0
8615,0,0,0,0,0,0,0,0,0,0,0,0,0,0,0,0,0,0,0,0,0
8616,0,0,0,0,0,0,0,0,0,0,0,0,0,0,0,0,0,0,0,0,0
8617,0,0,0,0,0,0,0,0,0,0,0,0,0,0,0,0,0,0,0,0,0
8618,0,0,0,0,0,0,0,0,0,0,0,0,0,0,0,0,0,0,0,0,0
8619,0,0,0,0,0,0,0,0,0,0,0,0,0,0,0,0,0,0,0,0,0
8620,0,0,0,0,0,0,0,0,0,0,0,0,0,0,0,0,0,0,0,0,0
8621,0,0,0,0,0,0,0,0,0,0,0,0,0,0,0,0,0,0,0,0,0
8622,0,0,0,0,0,0,0,0,0,0,0,0,0,0,0,0,0,0,0,0,0
8623,0,0,0,0,0,0,0,0,0,0,0,0,0,0,0,0,0,0,0,0,0
8624,0,0,0,0,0,0,0,0,0,0,0,0,0,0,0,0,0,0,0,0,0
8625,0,0,0,0,0,0,0,0,0,0,0,0,0,0,0,0,0,0,0,0,0
8626,0,0,0,0,0,0,0,0,0,0,0,0,0,0,0,0,0,0,0,0,0
8627,0,0,0,0,0,0,0,0,0,0,0,0,0,0,0,0,0,0,0,0,0
8628,116,127,133,122,106,96,97,116,127,133,122,106,96,97,116,127,133,122,106,96,97
8629,116,127,133,122,106,96,97,116,127,133,122,106,96,97,116,127,133,122,106,96,97
8630,0,0,0,0,0,0,0,0,0,0,0,0,0,0,0,0,0,0,0,0,0
8631,28,35,35,30,31,33,31,28,35,35,30,31,33,31,28,35,35,30,31,33,31
8632,16,21,26,27,23,17,15,16,21,26,27,23,17,15,16,21,26,27,23,17,15
8633,6,8,8,8,8,6,6,6,8,8,8,8,6,6,6,8,8,8,8,6,6
8634,20,9,11,11,7,13,13,20,9,11,11,7,13,13,20,9,11,11,7,13,13
8635,0,0,0,0,0,0,0,0,0,0,0,0,0,0,0,0,0,0,0,0,0
8636,1,2,2,1,1,1,1,1,2,2,1,1,1,1,1,2,2,1,1,1,1
8637,116,127,133,122,106,96,97,116,127,133,122,106,96,97,116,127,133,122,106,96,97
8638,2,2,2,2,2,1,2,2,2,2,2,2,1,2,2,2,2,2,2,1,2
8639,15,16,18,14,13,12,12,15,16,18,14,13,12,12,15,16,18,14,13,12,12
8640,1,1,1,2,1,1,1,1,1,1,2,1,1,1,1,1,1,2,1,1,1
8641,0,0,0,1,1,0,0,0,0,0,1,1,0,0,0,0,0,1,1,0,0
8642,6,6,7,7,6,5,5,6,6,7,7,6,5,5,6,6,7,7,6,5,5
8643,0,0,0,0,0,0,0,0,0,0,0,0,0,0,0,0,0,0,0,0,0
8644,0,0,0,0,0,0,0,0,0,0,0,0,0,0,0,0,0,0,0,0,0
8645,0,0,0,0,0,0,0,0,0,0,0,0,0,0,0,0,0,0,0,0,0
8646,6,8,8,8,7,6,6,6,8,8,8,7,6,6,6,8,8,8,7,6,6
8647,1,1,1,1,1,1,1,1,1,1,1,1,1,1,1,1,1,1,1,1,1
8648,19,35,39,36,17,15,14,19,35,39,36,17,15,14,19,35,39,36,17,15,14
8649,109,126,133,121,93,80,83,109,126,133,121,93,80,83,109,126,133,121,93,80,83
8650,38,34,38,33,31,34,35,38,34,38,33,31,34,35,38,34,38,33,31,34,35
8651,94,101,100,96,87,75,78,94,101,100,96,87,75,78,94,101,100,96,87,75,78
8652,2,2,2,2,2,1,1,2,2,2,2,2,1,1,2,2,2,2,2,1,1
8653,15,15,14,14,14,13,14,15,15,14,14,14,13,14,15,15,14,14,14,13,14
8654,2,1,2,2,1,1,1,2,1,2,2,1,1,1,2,1,2,2,1,1,1
8655,4,5,6,5,4,4,4,4,5,6,5,4,4,4,4,5,6,5,4,4,4
8656,2,3,3,2,2,2,2,2,3,3,2,2,2,2,2,3,3,2,2,2,2
8657,2,2,2,1,2,2,1,2,2,2,1,2,2,1,2,2,2,1,2,2,1
8658,0,0,0,0,0,0,0,0,0,0,0,0,0,0,0,0,0,0,0,0,0
8659,2,2,2,2,2,2,2,2,2,2,2,2,2,2,2,2,2,2,2,2,2
8660,3,4,3,3,3,3,2,3,4,3,3,3,3,2,3,4,3,3,3,3,2
8661,0,0,0,0,0,0,0,0,0,0,0,0,0,0,0,0,0,0,0,0,0
8662,1,1,1,0,0,0,0,1,1,1,0,0,0,0,1,1,1,0,0,0,0
8663,0,0,0,0,0,0,0,0,0,0,0,0,0,0,0,0,0,0,0,0,0
8664,0,0,0,0,0,0,0,0,0,0,0,0,0,0,0,0,0,0,0,0,0
8665,0,0,0,0,0,0,0,0,0,0,0,0,0,0,0,0,0,0,0,0,0
8666,0,0,0,0,0,0,0,0,0,0,0,0,0,0,0,0,0,0,0,0,0
8667,0,0,0,0,0,0,0,0,0,0,0,0,0,0,0,0,0,0,0,0,0
8668,0,0,0,0,0,0,0,0,0,0,0,0,0,0,0,0,0,0,0,0,0
8669,0,0,0,0,0,0,0,0,0,0,0,0,0,0,0,0,0,0,0,0,0
8670,0,0,0,0,0,0,0,0,0,0,0,0,0,0,0,0,0,0,0,0,0
8671,0,0,0,0,0,0,0,0,0,0,0,0,0,0,0,0,0,0,0,0,0
8672,0,0,0,0,0,0,0,0,0,0,0,0,0,0,0,0,0,0,0,0,0
8673,0,0,0,0,0,0,0,0,0,0,0,0,0,0,0,0,0,0,0,0,0
8674,1,2,1,1,1,1,1,1,2,1,1,1,1,1,1,2,1,1,1,1,1
8675,0,0,0,0,0,0,0,0,0,0,0,0,0,0,0,0,0,0,0,0,0
8676,0,0,0,0,0,0,0,0,0,0,0,0,0,0,0,0,0,0,0,0,0
8677,75,87,84,72,61,58,63,75,87,84,72,61,58,63,75,87,84,72,61,58,63
8678,49,57,51,39,35,41,38,49,57,51,39,35,41,38,49,57,51,39,35,41,38
8679,7,8,9,9,7,6,7,7,8,9,9,7,6,7,7,8,9,9,7,6,7
8680,13,13,13,11,11,10,11,13,13,13,11,11,10,11,13,13,13,11,11,10,11
8681,116,127,133,122,106,96,95,116,127,133,122,106,96,95,116,127,133,122,106,96,95
8682,4,4,4,6,6,6,4,4,4,4,6,6,6,4,4,4,4,6,6,6,4
8683,2,2,2,1,1,1,1,2,2,2,1,1,1,1,2,2,2,1,1,1,1
8684,2,2,2,2,1,1,1,2,2,2,2,1,1,1,2,2,2,2,1,1,1
8685,9,8,8,5,4,4,6,9,8,8,5,4,4,6,9,8,8,5,4,4,6
8686,4,6,6,3,2,2,2,4,6,6,3,2,2,2,4,6,6,3,2,2,2
8687,16,21,23,19,16,13,13,16,21,23,19,16,13,13,16,21,23,19,16,13,13
8688,2,2,2,1,1,1,2,2,2,2,1,1,1,2,2,2,2,1,1,1,2
8689,5,8,8,6,5,4,5,5,8,8,6,5,4,5,5,8,8,6,5,4,5
8690,22,24,23,18,17,16,17,22,24,23,18,17,16,17,22,24,23,18,17,16,17
8691,1,1,1,1,1,1,0,1,1,1,1,1,1,0,1,1,1,1,1,1,0
8692,3,3,3,2,2,2,2,3,3,3,2,2,2,2,3,3,3,2,2,2,2
8693,0,0,0,0,0,0,0,0,0,0,0,0,0,0,0,0,0,0,0,0,0
8694,23,34,36,38,32,25,21,23,34,36,38,32,25,21,23,34,36,38,32,25,21
8695,17,19,20,18,16,13,12,17,19,20,18,16,13,12,17,19,20,18,16,13,12
8696,47,66,68,58,49,44,40,47,66,68,58,49,44,40,47,66,68,58,49,44,40
8697,1,1,1,1,1,1,1,1,1,1,1,1,1,1,1,1,1,1,1,1,1
8698,14,18,19,20,16,12,11,14,18,19,20,16,12,11,14,18,19,20,16,12,11
8699,7,8,8,7,6,6,6,7,8,8,7,6,6,6,7,8,8,7,6,6,6
8700,116,127,133,122,106,96,97,116,127,133,122,106,96,97,116,127,133,122,106,96,97
8701,73,92,95,86,72,61,59,73,92,95,86,72,61,59,73,92,95,86,72,61,59
8702,116,127,133,122,106,96,97,116,127,133,122,106,96,97,116,127,133,122,106,96,97
8703,3,3,3,3,3,3,3,3,3,3,3,3,3,3,3,3,3,3,3,3,3
8704,116,127,133,122,106,96,97,116,127,133,122,106,96,97,116,127,133,122,106,96,97
8705,31,36,36,36,31,25,25,31,36,36,36,31,25,25,31,36,36,36,31,25,25
8706,38,41,50,55,50,37,36,38,41,50,55,50,37,36,38,41,50,55,50,37,36
8707,116,127,133,122,106,96,97,116,127,133,122,106,96,97,116,127,133,122,106,96,97
8708,116,127,133,122,106,96,97,116,127,133,122,106,96,97,116,127,133,122,106,96,97
8709,1,2,2,2,1,1,1,1,2,2,2,1,1,1,1,2,2,2,1,1,1
8710,33,31,33,36,33,31,30,33,31,33,36,33,31,30,33,31,33,36,33,31,30
8711,7,8,7,9,8,7,6,7,8,7,9,8,7,6,7,8,7,9,8,7,6
8712,22,23,22,26,21,17,18,22,23,22,26,21,17,18,22,23,22,26,21,17,18
8713,2,2,2,2,2,2,2,2,2,2,2,2,2,2,2,2,2,2,2,2,2
8714,11,12,13,12,13,11,10,11,12,13,12,13,11,10,11,12,13,12,13,11,10
8715,2,2,2,2,2,1,1,2,2,2,2,2,1,1,2,2,2,2,2,1,1
8716,7,8,9,8,6,5,5,7,8,9,8,6,5,5,7,8,9,8,6,5,5
8717,1,0,0,0,0,0,0,1,0,0,0,0,0,0,1,0,0,0,0,0,0
8718,16,16,15,14,15,14,15,16,16,15,14,15,14,15,16,16,15,14,15,14,15
8719,37,30,32,32,31,30,33,37,30,32,32,31,30,33,37,30,32,32,31,30,33
8720,0,0,0,0,0,0,0,0,0,0,0,0,0,0,0,0,0,0,0,0,0
8721,0,0,0,0,0,0,0,0,0,0,0,0,0,0,0,0,0,0,0,0,0
8722,0,0,0,1,0,0,0,0,0,0,1,0,0,0,0,0,0,1,0,0,0
8723,0,0,0,0,0,0,0,0,0,0,0,0,0,0,0,0,0,0,0,0,0
8724,0,0,0,0,0,0,0,0,0,0,0,0,0,0,0,0,0,0,0,0,0
8725,1,1,1,1,1,0,0,1,1,1,1,1,0,0,1,1,1,1,1,0,0
8726,0,0,1,1,1,0,0,0,0,1,1,1,0,0,0,0,1,1,1,0,0
8727,0,0,0,0,0,0,0,0,0,0,0,0,0,0,0,0,0,0,0,0,0
8728,0,0,0,0,0,0,0,0,0,0,0,0,0,0,0,0,0,0,0,0,0
8729,5,5,5,4,4,3,3,5,5,5,4,4,3,3,5,5,5,4,4,3,3
8730,1,1,1,1,1,0,0,1,1,1,1,1,0,0,1,1,1,1,1,0,0
8731,0,0,0,0,0,0,0,0,0,0,0,0,0,0,0,0,0,0,0,0,0
8732,0,0,0,0,0,0,0,0,0,0,0,0,0,0,0,0,0,0,0,0,0
8733,2,0,0,0,0,0,2,2,0,0,0,0,0,2,2,0,0,0,0,0,2
8734,6,6,6,5,4,4,5,6,6,6,5,4,4,5,6,6,6,5,4,4,5
8735,0,0,0,0,0,0,0,0,0,0,0,0,0,0,0,0,0,0,0,0,0
8736,0,0,0,0,0,0,0,0,0,0,0,0,0,0,0,0,0,0,0,0,0
8737,3,4,4,4,3,3,3,3,4,4,4,3,3,3,3,4,4,4,3,3,3
8738,2,2,2,2,2,2,2,2,2,2,2,2,2,2,2,2,2,2,2,2,2
8739,3,3,3,3,3,3,2,3,3,3,3,3,3,2,3,3,3,3,3,3,2
8740,0,0,0,0,0,0,0,0,0,0,0,0,0,0,0,0,0,0,0,0,0
8741,0,0,0,0,0,0,0,0,0,0,0,0,0,0,0,0,0,0,0,0,0
8742,0,0,0,0,0,0,0,0,0,0,0,0,0,0,0,0,0,0,0,0,0
8743,1,1,1,1,1,1,1,1,1,1,1,1,1,1,1,1,1,1,1,1,1
8744,0,0,0,0,0,0,0,0,0,0,0,0,0,0,0,0,0,0,0,0,0
8745,7,8,8,7,6,6,7,7,8,8,7,6,6,7,7,8,8,7,6,6,7
8746,0,0,0,0,0,0,0,0,0,0,0,0,0,0,0,0,0,0,0,0,0
8747,1,1,1,1,1,1,0,1,1,1,1,1,1,0,1,1,1,1,1,1,0
8748,1,1,1,1,2,2,1,1,1,1,1,2,2,1,1,1,1,1,2,2,1
8749,0,0,0,0,0,0,0,0,0,0,0,0,0,0,0,0,0,0,0,0,0
8750,0,0,0,0,0,0,0,0,0,0,0,0,0,0,0,0,0,0,0,0,0
8751,0,0,0,0,0,0,0,0,0,0,0,0,0,0,0,0,0,0,0,0,0
8752,0,0,0,0,0,0,0,0,0,0,0,0,0,0,0,0,0,0,0,0,0
8753,0,0,0,0,0,0,0,0,0,0,0,0,0,0,0,0,0,0,0,0,0
8754,0,0,0,0,0,0,0,0,0,0,0,0,0,0,0,0,0,0,0,0,0
8755,0,0,0,0,0,0,0,0,0,0,0,0,0,0,0,0,0,0,0,0,0
8756,0,0,0,0,0,0,0,0,0,0,0,0,0,0,0,0,0,0,0,0,0
8757,2,3,3,3,3,2,2,2,3,3,3,3,2,2,2,3,3,3,3,2,2
8758,2,2,3,3,2,2,2,2,2,3,3,2,2,2,2,2,3,3,2,2,2
8759,1,1,1,1,1,1,1,1,1,1,1,1,1,1,1,1,1,1,1,1,1
8760,1,1,1,1,1,1,1,1,1,1,1,1,1,1,1,1,1,1,1,1,1
8761,2,2,2,2,3,2,2,2,2,2,2,3,2,2,2,2,2,2,3,2,2
8762,3,3,3,2,3,2,3,3,3,3,2,3,2,3,3,3,3,2,3,2,3
8763,1,1,1,1,1,1,1,1,1,1,1,1,1,1,1,1,1,1,1,1,1
8764,0,0,0,0,0,0,0,0,0,0,0,0,0,0,0,0,0,0,0,0,0
8765,0,0,0,0,0,0,0,0,0,0,0,0,0,0,0,0,0,0,0,0,0
8766,0,0,0,0,0,0,0,0,0,0,0,0,0,0,0,0,0,0,0,0,0
8767,2,2,1,1,1,2,1,2,2,1,1,1,2,1,2,2,1,1,1,2,1
8768,0,0,0,0,0,0,0,0,0,0,0,0,0,0,0,0,0,0,0,0,0
8769,1,4,0,0,0,0,4,1,4,0,0,0,0,4,1,4,0,0,0,0,4
8770,0,0,0,0,0,0,0,0,0,0,0,0,0,0,0,0,0,0,0,0,0
8771,2,1,1,2,1,1,1,2,1,1,2,1,1,1,2,1,1,2,1,1,1
8772,0,0,0,0,0,0,0,0,0,0,0,0,0,0,0,0,0,0,0,0,0
8773,1,1,1,1,1,1,0,1,1,1,1,1,1,0,1,1,1,1,1,1,0
8774,29,32,30,31,28,24,24,29,32,30,31,28,24,24,29,32,30,31,28,24,24
8775,0,0,0,0,0,0,0,0,0,0,0,0,0,0,0,0,0,0,0,0,0
8776,0,0,0,0,0,0,0,0,0,0,0,0,0,0,0,0,0,0,0,0,0
8777,0,0,0,0,0,0,0,0,0,0,0,0,0,0,0,0,0,0,0,0,0
8778,1,1,1,1,1,1,1,1,1,1,1,1,1,1,1,1,1,1,1,1,1
8779,1,1,1,1,1,1,1,1,1,1,1,1,1,1,1,1,1,1,1,1,1
8780,2,2,2,2,2,2,2,2,2,2,2,2,2,2,2,2,2,2,2,2,2
8781,2,2,3,3,3,2,2,2,2,3,3,3,2,2,2,2,3,3,3,2,2
8782,21,27,26,24,20,18,18,21,27,26,24,20,18,18,21,27,26,24,20,18,18
8783,1,2,1,1,1,1,1,1,2,1,1,1,1,1,1,2,1,1,1,1,1
8784,1,1,1,0,0,0,0,1,1,1,0,0,0,0,1,1,1,0,0,0,0
8785,1,1,1,1,0,0,0,1,1,1,1,0,0,0,1,1,1,1,0,0,0
8786,0,0,0,0,0,0,0,0,0,0,0,0,0,0,0,0,0,0,0,0,0
8787,15,15,12,10,8,11,12,15,15,12,10,8,11,12,15,15,12,10,8,11,12
8788,1,1,2,2,2,1,1,1,1,2,2,2,1,1,1,1,2,2,2,1,1
8789,24,28,31,26,23,19,20,24,28,31,26,23,19,20,24,28,31,26,23,19,20
8790,0,1,0,0,0,0,0,0,1,0,0,0,0,0,0,1,0,0,0,0,0
8791,35,40,40,38,32,29,30,35,40,40,38,32,29,30,35,40,40,38,32,29,30
8792,23,27,25,24,20,14,18,23,27,25,24,20,14,18,23,27,25,24,20,14,18
8793,3,4,5,4,4,3,3,3,4,5,4,4,3,3,3,4,5,4,4,3,3
8794,0,0,0,0,0,0,0,0,0,0,0,0,0,0,0,0,0,0,0,0,0
8795,1,1,1,1,1,1,1,1,1,1,1,1,1,1,1,1,1,1,1,1,1
8796,0,0,0,0,0,0,0,0,0,0,0,0,0,0,0,0,0,0,0,0,0
8797,0,0,0,0,0,0,0,0,0,0,0,0,0,0,0,0,0,0,0,0,0
8798,0,0,0,0,0,0,0,0,0,0,0,0,0,0,0,0,0,0,0,0,0
8799,0,0,0,0,0,0,0,0,0,0,0,0,0,0,0,0,0,0,0,0,0
8800,0,0,0,0,0,0,0,0,0,0,0,0,0,0,0,0,0,0,0,0,0
8801,0,0,0,0,0,0,0,0,0,0,0,0,0,0,0,0,0,0,0,0,0
8802,0,0,0,0,0,0,0,0,0,0,0,0,0,0,0,0,0,0,0,0,0
8803,0,0,0,0,0,0,0,0,0,0,0,0,0,0,0,0,0,0,0,0,0
8804,1,1,1,1,0,1,1,1,1,1,1,0,1,1,1,1,1,1,0,1,1
8805,0,0,0,0,0,0,0,0,0,0,0,0,0,0,0,0,0,0,0,0,0
8806,0,0,0,0,0,0,0,0,0,0,0,0,0,0,0,0,0,0,0,0,0
8807,0,0,0,0,0,0,0,0,0,0,0,0,0,0,0,0,0,0,0,0,0
8808,0,0,0,0,0,0,0,0,0,0,0,0,0,0,0,0,0,0,0,0,0
8809,1,1,1,1,1,1,0,1,1,1,1,1,1,0,1,1,1,1,1,1,0
8810,2,2,2,1,1,1,1,2,2,2,1,1,1,1,2,2,2,1,1,1,1
8811,1,1,1,1,1,0,1,1,1,1,1,1,0,1,1,1,1,1,1,0,1
8812,9,9,9,9,8,6,6,9,9,9,9,8,6,6,9,9,9,9,8,6,6
8813,0,0,0,0,0,0,0,0,0,0,0,0,0,0,0,0,0,0,0,0,0
8814,0,0,0,0,0,0,0,0,0,0,0,0,0,0,0,0,0,0,0,0,0
8815,0,0,0,0,0,0,0,0,0,0,0,0,0,0,0,0,0,0,0,0,0
8816,0,0,0,0,0,0,0,0,0,0,0,0,0,0,0,0,0,0,0,0,0
8817,6,5,6,5,4,5,5,6,5,6,5,4,5,5,6,5,6,5,4,5,5
8818,0,0,0,0,0,0,0,0,0,0,0,0,0,0,0,0,0,0,0,0,0
8819,0,0,0,0,0,0,0,0,0,0,0,0,0,0,0,0,0,0,0,0,0
8820,0,0,0,0,0,0,0,0,0,0,0,0,0,0,0,0,0,0,0,0,0
8821,1,1,1,0,0,0,0,1,1,1,0,0,0,0,1,1,1,0,0,0,0
8822,0,0,0,0,0,0,0,0,0,0,0,0,0,0,0,0,0,0,0,0,0
8823,2,2,2,1,1,1,2,2,2,2,1,1,1,2,2,2,2,1,1,1,2
8824,0,0,0,0,0,0,0,0,0,0,0,0,0,0,0,0,0,0,0,0,0
8825,0,0,0,0,0,0,0,0,0,0,0,0,0,0,0,0,0,0,0,0,0
8826,0,0,0,0,0,0,0,0,0,0,0,0,0,0,0,0,0,0,0,0,0
8827,85,94,99,97,90,76,71,85,94,99,97,90,76,71,85,94,99,97,90,76,71
8828,3,3,3,3,3,3,3,3,3,3,3,3,3,3,3,3,3,3,3,3,3
8829,0,0,0,0,0,0,0,0,0,0,0,0,0,0,0,0,0,0,0,0,0
8830,0,0,0,0,0,0,0,0,0,0,0,0,0,0,0,0,0,0,0,0,0
8831,27,31,31,33,28,25,21,27,31,31,33,28,25,21,27,31,31,33,28,25,21
8832,0,0,0,1,0,0,0,0,0,0,1,0,0,0,0,0,0,1,0,0,0
8833,10,12,12,11,9,8,8,10,12,12,11,9,8,8,10,12,12,11,9,8,8
8834,1,1,1,2,1,1,1,1,1,1,2,1,1,1,1,1,1,2,1,1,1
8835,3,4,3,3,3,3,3,3,4,3,3,3,3,3,3,4,3,3,3,3,3
8836,0,0,0,0,0,0,0,0,0,0,0,0,0,0,0,0,0,0,0,0,0
8837,0,0,0,0,0,0,0,0,0,0,0,0,0,0,0,0,0,0,0,0,0
8838,0,0,0,0,0,0,0,0,0,0,0,0,0,0,0,0,0,0,0,0,0
8839,0,0,0,0,0,0,0,0,0,0,0,0,0,0,0,0,0,0,0,0,0
8840,0,0,0,0,0,0,0,0,0,0,0,0,0,0,0,0,0,0,0,0,0
8841,0,0,0,0,0,0,0,0,0,0,0,0,0,0,0,0,0,0,0,0,0
8842,0,0,0,0,0,0,0,0,0,0,0,0,0,0,0,0,0,0,0,0,0
8843,3,3,3,2,1,1,2,3,3,3,2,1,1,2,3,3,3,2,1,1,2
8844,0,0,0,0,0,0,0,0,0,0,0,0,0,0,0,0,0,0,0,0,0
8845,0,0,0,0,1,1,1,0,0,0,0,1,1,1,0,0,0,0,1,1,1
8846,4,4,3,3,2,2,3,4,4,3,3,2,2,3,4,4,3,3,2,2,3
8847,0,0,0,0,0,0,0,0,0,0,0,0,0,0,0,0,0,0,0,0,0
8848,0,0,0,0,0,0,0,0,0,0,0,0,0,0,0,0,0,0,0,0,0
8849,0,0,0,0,0,0,0,0,0,0,0,0,0,0,0,0,0,0,0,0,0
8850,3,4,3,3,2,2,2,3,4,3,3,2,2,2,3,4,3,3,2,2,2
8851,3,3,3,3,3,3,3,3,3,3,3,3,3,3,3,3,3,3,3,3,3
8852,0,0,0,0,0,0,0,0,0,0,0,0,0,0,0,0,0,0,0,0,0
8853,0,0,0,0,0,0,0,0,0,0,0,0,0,0,0,0,0,0,0,0,0
8854,52,56,64,66,57,46,46,52,56,64,66,57,46,46,52,56,64,66,57,46,46
8855,6,6,6,6,6,6,6,6,6,6,6,6,6,6,6,6,6,6,6,6,6
8856,36,38,42,44,37,34,35,36,38,42,44,37,34,35,36,38,42,44,37,34,35
8857,24,26,28,29,27,22,23,24,26,28,29,27,22,23,24,26,28,29,27,22,23
8858,92,89,103,106,88,76,71,92,89,103,106,88,76,71,92,89,103,106,88,76,71
8859,70,80,90,92,83,53,59,70,80,90,92,83,53,59,70,80,90,92,83,53,59
8860,96,91,100,107,94,64,68,96,91,100,107,94,64,68,96,91,100,107,94,64,68
8861,2,2,2,4,4,3,2,2,2,2,4,4,3,2,2,2,2,4,4,3,2
8862,7,7,6,7,6,5,5,7,7,6,7,6,5,5,7,7,6,7,6,5,5
8863,57,49,51,58,51,50,51,57,49,51,58,51,50,51,57,49,51,58,51,50,51
8864,1,2,1,0,0,0,0,1,2,1,0,0,0,0,1,2,1,0,0,0,0
8865,8,8,8,7,5,5,7,8,8,8,7,5,5,7,8,8,8,7,5,5,7
8866,34,37,40,38,33,30,30,34,37,40,38,33,30,30,34,37,40,38,33,30,30
8867,2,3,4,4,4,3,2,2,3,4,4,4,3,2,2,3,4,4,4,3,2
8868,0,0,0,0,0,0,0,0,0,0,0,0,0,0,0,0,0,0,0,0,0
8869,5,6,6,6,6,5,5,5,6,6,6,6,5,5,5,6,6,6,6,5,5
8870,5,7,7,7,6,5,5,5,7,7,7,6,5,5,5,7,7,7,6,5,5
8871,0,0,0,0,0,0,0,0,0,0,0,0,0,0,0,0,0,0,0,0,0
8872,1,1,1,1,1,1,1,1,1,1,1,1,1,1,1,1,1,1,1,1,1
8873,3,3,3,3,2,3,3,3,3,3,3,2,3,3,3,3,3,3,2,3,3
8874,1,1,1,1,1,1,1,1,1,1,1,1,1,1,1,1,1,1,1,1,1
8875,0,0,0,0,0,0,0,0,0,0,0,0,0,0,0,0,0,0,0,0,0
8876,69,78,79,71,60,54,54,69,78,79,71,60,54,54,69,78,79,71,60,54,54
8877,5,6,7,5,4,4,5,5,6,7,5,4,4,5,5,6,7,5,4,4,5
8878,3,2,2,2,2,2,2,3,2,2,2,2,2,2,3,2,2,2,2,2,2
8879,11,12,13,13,11,10,9,11,12,13,13,11,10,9,11,12,13,13,11,10,9
8880,6,7,7,6,6,5,5,6,7,7,6,6,5,5,6,7,7,6,6,5,5
8881,2,2,1,1,1,1,1,2,2,1,1,1,1,1,2,2,1,1,1,1,1
8882,14,15,13,12,14,13,13,14,15,13,12,14,13,13,14,15,13,12,14,13,13
8883,0,0,0,0,0,0,0,0,0,0,0,0,0,0,0,0,0,0,0,0,0
8884,3,3,3,3,2,2,2,3,3,3,3,2,2,2,3,3,3,3,2,2,2
8885,0,0,0,0,0,0,0,0,0,0,0,0,0,0,0,0,0,0,0,0,0
8886,1,0,0,0,0,0,0,1,0,0,0,0,0,0,1,0,0,0,0,0,0
8887,1,1,2,1,1,1,1,1,1,2,1,1,1,1,1,1,2,1,1,1,1
8888,2,2,2,2,2,1,1,2,2,2,2,2,1,1,2,2,2,2,2,1,1
8889,8,10,10,10,9,7,7,8,10,10,10,9,7,7,8,10,10,10,9,7,7
8890,33,38,50,52,52,42,24,33,38,50,52,52,42,24,33,38,50,52,52,42,24
8891,3,3,3,3,2,1,2,3,3,3,3,2,1,2,3,3,3,3,2,1,2
8892,5,4,4,4,3,3,3,5,4,4,4,3,3,3,5,4,4,4,3,3,3
8893,0,0,0,0,0,0,0,0,0,0,0,0,0,0,0,0,0,0,0,0,0
8894,1,1,1,1,1,0,0,1,1,1,1,1,0,0,1,1,1,1,1,0,0
8895,3,5,7,4,2,1,2,3,5,7,4,2,1,2,3,5,7,4,2,1,2
8896,0,0,0,0,0,0,0,0,0,0,0,0,0,0,0,0,0,0,0,0,0
8897,0,0,0,0,0,0,0,0,0,0,0,0,0,0,0,0,0,0,0,0,0
8898,0,0,0,0,0,0,0,0,0,0,0,0,0,0,0,0,0,0,0,0,0
8899,0,0,0,0,0,0,0,0,0,0,0,0,0,0,0,0,0,0,0,0,0
8900,50,62,71,71,64,54,47,50,62,71,71,64,54,47,50,62,71,71,64,54,47
8901,3,3,4,3,3,3,3,3,3,4,3,3,3,3,3,3,4,3,3,3,3
8902,0,0,0,0,0,0,0,0,0,0,0,0,0,0,0,0,0,0,0,0,0
8903,3,4,4,3,3,2,2,3,4,4,3,3,2,2,3,4,4,3,3,2,2
8904,0,0,0,0,0,0,0,0,0,0,0,0,0,0,0,0,0,0,0,0,0
8905,0,0,0,0,0,0,0,0,0,0,0,0,0,0,0,0,0,0,0,0,0
8906,1,1,1,1,1,1,1,1,1,1,1,1,1,1,1,1,1,1,1,1,1
8907,3,4,4,3,2,2,2,3,4,4,3,2,2,2,3,4,4,3,2,2,2
8908,0,1,1,1,0,0,0,0,1,1,1,0,0,0,0,1,1,1,0,0,0
8909,1,2,2,1,0,1,2,1,2,2,1,0,1,2,1,2,2,1,0,1,2
8910,1,2,2,1,0,1,1,1,2,2,1,0,1,1,1,2,2,1,0,1,1
8911,1,1,3,2,1,1,0,1,1,3,2,1,1,0,1,1,3,2,1,1,0
8912,4,5,5,5,4,3,3,4,5,5,5,4,3,3,4,5,5,5,4,3,3
8913,4,4,5,4,2,3,3,4,4,5,4,2,3,3,4,4,5,4,2,3,3
8914,0,0,0,1,0,0,0,0,0,0,1,0,0,0,0,0,0,1,0,0,0
8915,2,2,2,2,1,1,2,2,2,2,2,1,1,2,2,2,2,2,1,1,2
8916,1,1,1,1,1,1,1,1,1,1,1,1,1,1,1,1,1,1,1,1,1
8917,0,0,0,0,0,0,0,0,0,0,0,0,0,0,0,0,0,0,0,0,0
8918,0,0,0,0,0,0,0,0,0,0,0,0,0,0,0,0,0,0,0,0,0
8919,0,0,0,0,0,0,0,0,0,0,0,0,0,0,0,0,0,0,0,0,0
8920,0,0,0,0,0,0,0,0,0,0,0,0,0,0,0,0,0,0,0,0,0
8921,0,0,0,0,0,0,0,0,0,0,0,0,0,0,0,0,0,0,0,0,0
8922,0,0,0,0,0,0,0,0,0,0,0,0,0,0,0,0,0,0,0,0,0
8923,0,0,0,0,0,0,0,0,0,0,0,0,0,0,0,0,0,0,0,0,0
8924,0,0,0,0,0,1,0,0,0,0,0,0,1,0,0,0,0,0,0,1,0
8925,0,0,0,0,0,0,0,0,0,0,0,0,0,0,0,0,0,0,0,0,0
8926,0,0,0,0,0,0,0,0,0,0,0,0,0,0,0,0,0,0,0,0,0
8927,0,0,0,0,0,0,0,0,0,0,0,0,0,0,0,0,0,0,0,0,0
8928,0,0,0,0,0,0,0,0,0,0,0,0,0,0,0,0,0,0,0,0,0
8929,0,0,0,0,0,0,0,0,0,0,0,0,0,0,0,0,0,0,0,0,0
8930,1,0,1,1,1,1,1,1,0,1,1,1,1,1,1,0,1,1,1,1,1
8931,4,5,5,4,4,3,3,4,5,5,4,4,3,3,4,5,5,4,4,3,3
8932,0,0,0,0,0,0,0,0,0,0,0,0,0,0,0,0,0,0,0,0,0
8933,3,3,2,1,2,2,2,3,3,2,1,2,2,2,3,3,2,1,2,2,2
8934,0,0,0,0,0,0,0,0,0,0,0,0,0,0,0,0,0,0,0,0,0
8935,2,2,3,3,3,2,2,2,2,3,3,3,2,2,2,2,3,3,3,2,2
8936,1,1,1,1,1,1,1,1,1,1,1,1,1,1,1,1,1,1,1,1,1
8937,30,36,35,32,28,23,22,30,36,35,32,28,23,22,30,36,35,32,28,23,22
8938,88,97,95,85,72,65,67,88,97,95,85,72,65,67,88,97,95,85,72,65,67
8939,4,4,4,3,2,2,2,4,4,4,3,2,2,2,4,4,4,3,2,2,2
8940,27,24,26,21,16,18,21,27,24,26,21,16,18,21,27,24,26,21,16,18,21
8941,31,38,44,39,37,33,39,31,38,44,39,37,33,39,31,38,44,39,37,33,39
8942,71,77,77,68,62,47,54,71,77,77,68,62,47,54,71,77,77,68,62,47,54
8943,97,126,133,122,106,96,91,97,126,133,122,106,96,91,97,126,133,122,106,96,91
8944,2,1,2,2,1,1,1,2,1,2,2,1,1,1,2,1,2,2,1,1,1
8945,94,113,114,89,82,65,64,94,113,114,89,82,65,64,94,113,114,89,82,65,64
8946,8,8,10,9,8,6,6,8,8,10,9,8,6,6,8,8,10,9,8,6,6
8947,42,48,49,47,39,32,38,42,48,49,47,39,32,38,42,48,49,47,39,32,38
8948,1,1,1,1,1,1,1,1,1,1,1,1,1,1,1,1,1,1,1,1,1
8949,116,127,133,122,106,96,97,116,127,133,122,106,96,97,116,127,133,122,106,96,97
8950,13,12,10,7,6,7,10,13,12,10,7,6,7,10,13,12,10,7,6,7,10
8951,3,3,3,3,2,2,2,3,3,3,3,2,2,2,3,3,3,3,2,2,2
8952,20,22,24,22,18,14,15,20,22,24,22,18,14,15,20,22,24,22,18,14,15
8953,1,1,1,1,1,0,0,1,1,1,1,1,0,0,1,1,1,1,1,0,0
8954,116,127,133,122,106,96,97,116,127,133,122,106,96,97,116,127,133,122,106,96,97
8955,19,21,21,20,17,17,17,19,21,21,20,17,17,17,19,21,21,20,17,17,17
8956,1,1,1,1,0,1,1,1,1,1,1,0,1,1,1,1,1,1,0,1,1
8957,0,0,0,0,0,0,0,0,0,0,0,0,0,0,0,0,0,0,0,0,0
8958,7,8,9,9,8,5,5,7,8,9,9,8,5,5,7,8,9,9,8,5,5
8959,3,4,3,3,3,2,2,3,4,3,3,3,2,2,3,4,3,3,3,2,2
8960,68,81,76,64,52,39,38,68,81,76,64,52,39,38,68,81,76,64,52,39,38
8961,33,35,34,34,31,25,26,33,35,34,34,31,25,26,33,35,34,34,31,25,26
8962,55,46,54,57,49,36,40,55,46,54,57,49,36,40,55,46,54,57,49,36,40
8963,6,7,7,6,5,5,5,6,7,7,6,5,5,5,6,7,7,6,5,5,5
8964,5,6,7,6,6,4,7,5,6,7,6,6,4,7,5,6,7,6,6,4,7
8965,9,12,13,10,9,6,5,9,12,13,10,9,6,5,9,12,13,10,9,6,5
8966,95,101,96,75,75,77,82,95,101,96,75,75,77,82,95,101,96,75,75,77,82
8967,5,6,8,9,7,4,4,5,6,8,9,7,4,4,5,6,8,9,7,4,4
8968,26,34,38,37,27,20,21,26,34,38,37,27,20,21,26,34,38,37,27,20,21
8969,7,7,8,7,5,4,5,7,7,8,7,5,4,5,7,7,8,7,5,4,5
8970,11,13,14,14,11,10,9,11,13,14,14,11,10,9,11,13,14,14,11,10,9
8971,2,2,4,5,6,5,3,2,2,4,5,6,5,3,2,2,4,5,6,5,3
8972,2,2,2,2,2,2,2,2,2,2,2,2,2,2,2,2,2,2,2,2,2
8973,13,17,12,9,7,6,5,13,17,12,9,7,6,5,13,17,12,9,7,6,5
8974,3,4,3,2,1,2,2,3,4,3,2,1,2,2,3,4,3,2,1,2,2
8975,0,0,0,0,0,0,0,0,0,0,0,0,0,0,0,0,0,0,0,0,0
8976,8,7,7,9,10,8,8,8,7,7,9,10,8,8,8,7,7,9,10,8,8
8977,6,6,6,5,4,5,6,6,6,6,5,4,5,6,6,6,6,5,4,5,6
8978,1,5,5,1,1,1,0,1,5,5,1,1,1,0,1,5,5,1,1,1,0
8979,0,0,0,0,0,1,0,0,0,0,0,0,1,0,0,0,0,0,0,1,0
8980,0,0,0,0,0,0,0,0,0,0,0,0,0,0,0,0,0,0,0,0,0
8981,1,1,1,1,1,1,0,1,1,1,1,1,1,0,1,1,1,1,1,1,0
8982,0,1,0,1,1,1,0,0,1,0,1,1,1,0,0,1,0,1,1,1,0
8983,16,16,14,12,12,11,13,16,16,14,12,12,11,13,16,16,14,12,12,11,13
8984,68,76,76,58,43,52,52,68,76,76,58,43,52,52,68,76,76,58,43,52,52
8985,3,4,6,7,7,5,2,3,4,6,7,7,5,2,3,4,6,7,7,5,2
8986,1,2,2,2,2,1,2,1,2,2,2,2,1,2,1,2,2,2,2,1,2
8987,4,5,6,6,5,5,4,4,5,6,6,5,5,4,4,5,6,6,5,5,4
8988,2,3,2,2,2,2,2,2,3,2,2,2,2,2,2,3,2,2,2,2,2
8989,0,0,0,0,0,0,0,0,0,0,0,0,0,0,0,0,0,0,0,0,0
8990,0,0,0,0,0,0,0,0,0,0,0,0,0,0,0,0,0,0,0,0,0
8991,0,0,0,0,0,0,0,0,0,0,0,0,0,0,0,0,0,0,0,0,0
8992,4,8,7,7,7,5,3,4,8,7,7,7,5,3,4,8,7,7,7,5,3
8993,1,1,0,0,0,0,0,1,1,0,0,0,0,0,1,1,0,0,0,0,0
8994,0,0,0,0,0,0,0,0,0,0,0,0,0,0,0,0,0,0,0,0,0
8995,0,0,0,0,0,0,0,0,0,0,0,0,0,0,0,0,0,0,0,0,0
8996,6,6,5,6,7,5,5,6,6,5,6,7,5,5,6,6,5,6,7,5,5
8997,1,2,1,1,0,1,1,1,2,1,1,0,1,1,1,2,1,1,0,1,1
8998,0,0,1,1,1,0,0,0,0,1,1,1,0,0,0,0,1,1,1,0,0
8999,1,1,1,1,1,1,1,1,1,1,1,1,1,1,1,1,1,1,1,1,1
9000,0,0,0,0,0,0,0,0,0,0,0,0,0,0,0,0,0,0,0,0,0
9001,0,0,0,0,0,0,0,0,0,0,0,0,0,0,0,0,0,0,0,0,0
9002,0,0,0,0,0,0,0,0,0,0,0,0,0,0,0,0,0,0,0,0,0
9003,0,0,0,0,0,0,0,0,0,0,0,0,0,0,0,0,0,0,0,0,0
9004,0,1,1,0,0,0,0,0,1,1,0,0,0,0,0,1,1,0,0,0,0
9005,4,4,5,4,4,4,4,4,4,5,4,4,4,4,4,4,5,4,4,4,4
9006,1,0,0,1,1,2,1,1,0,0,1,1,2,1,1,0,0,1,1,2,1
9007,0,0,0,0,0,0,0,0,0,0,0,0,0,0,0,0,0,0,0,0,0
9008,0,0,0,0,0,0,0,0,0,0,0,0,0,0,0,0,0,0,0,0,0
9009,0,0,0,0,0,0,0,0,0,0,0,0,0,0,0,0,0,0,0,0,0
9010,0,1,0,0,0,0,0,0,1,0,0,0,0,0,0,1,0,0,0,0,0
9011,0,0,0,0,0,0,0,0,0,0,0,0,0,0,0,0,0,0,0,0,0
9012,0,0,0,0,0,0,0,0,0,0,0,0,0,0,0,0,0,0,0,0,0
9013,0,0,0,0,0,0,0,0,0,0,0,0,0,0,0,0,0,0,0,0,0
9014,0,1,1,2,1,1,1,0,1,1,2,1,1,1,0,1,1,2,1,1,1
9015,0,0,0,0,0,0,0,0,0,0,0,0,0,0,0,0,0,0,0,0,0
9016,0,0,0,0,0,0,0,0,0,0,0,0,0,0,0,0,0,0,0,0,0
9017,0,0,0,0,0,0,0,0,0,0,0,0,0,0,0,0,0,0,0,0,0
9018,3,0,0,0,0,0,0,3,0,0,0,0,0,0,3,0,0,0,0,0,0
9019,0,0,0,0,0,0,0,0,0,0,0,0,0,0,0,0,0,0,0,0,0
9020,0,0,0,0,0,0,0,0,0,0,0,0,0,0,0,0,0,0,0,0,0
9021,0,0,0,0,0,0,0,0,0,0,0,0,0,0,0,0,0,0,0,0,0
9022,0,0,0,0,0,0,0,0,0,0,0,0,0,0,0,0,0,0,0,0,0
9023,1,0,1,0,0,0,0,1,0,1,0,0,0,0,1,0,1,0,0,0,0
9024,0,0,0,0,0,0,0,0,0,0,0,0,0,0,0,0,0,0,0,0,0
9025,0,0,0,0,0,0,0,0,0,0,0,0,0,0,0,0,0,0,0,0,0
9026,1,1,1,1,1,1,1,1,1,1,1,1,1,1,1,1,1,1,1,1,1
9027,9,12,13,12,10,7,7,9,12,13,12,10,7,7,9,12,13,12,10,7,7
9028,10,12,13,11,9,8,8,10,12,13,11,9,8,8,10,12,13,11,9,8,8
9029,2,2,2,2,1,1,1,2,2,2,2,1,1,1,2,2,2,2,1,1,1
9030,6,6,6,6,6,6,5,6,6,6,6,6,6,5,6,6,6,6,6,6,5
9031,2,3,3,3,2,2,2,2,3,3,3,2,2,2,2,3,3,3,2,2,2
9032,0,0,0,0,0,0,0,0,0,0,0,0,0,0,0,0,0,0,0,0,0
9033,3,2,2,2,2,2,2,3,2,2,2,2,2,2,3,2,2,2,2,2,2
9034,0,0,0,1,0,0,0,0,0,0,1,0,0,0,0,0,0,1,0,0,0
9035,0,0,0,0,0,0,0,0,0,0,0,0,0,0,0,0,0,0,0,0,0
9036,0,0,0,0,0,0,0,0,0,0,0,0,0,0,0,0,0,0,0,0,0
9037,4,5,5,5,5,4,3,4,5,5,5,5,4,3,4,5,5,5,5,4,3
9038,3,3,3,4,4,3,3,3,3,3,4,4,3,3,3,3,3,4,4,3,3
9039,2,2,2,2,2,1,1,2,2,2,2,2,1,1,2,2,2,2,2,1,1
9040,1,1,1,1,1,1,1,1,1,1,1,1,1,1,1,1,1,1,1,1,1
9041,0,0,0,0,0,0,0,0,0,0,0,0,0,0,0,0,0,0,0,0,0
9042,1,1,1,2,1,1,1,1,1,1,2,1,1,1,1,1,1,2,1,1,1
9043,3,3,3,3,3,3,3,3,3,3,3,3,3,3,3,3,3,3,3,3,3
9044,1,0,0,1,1,1,1,1,0,0,1,1,1,1,1,0,0,1,1,1,1
9045,0,0,0,0,0,0,0,0,0,0,0,0,0,0,0,0,0,0,0,0,0
9046,0,1,1,1,0,0,0,0,1,1,1,0,0,0,0,1,1,1,0,0,0
9047,3,3,3,3,3,2,2,3,3,3,3,3,2,2,3,3,3,3,3,2,2
9048,26,30,32,33,29,23,20,26,30,32,33,29,23,20,26,30,32,33,29,23,20
9049,3,3,3,2,2,2,2,3,3,3,2,2,2,2,3,3,3,2,2,2,2
9050,0,0,0,0,0,0,0,0,0,0,0,0,0,0,0,0,0,0,0,0,0
9051,1,1,1,0,1,1,0,1,1,1,0,1,1,0,1,1,1,0,1,1,0
9052,1,1,1,1,0,0,0,1,1,1,1,0,0,0,1,1,1,1,0,0,0
9053,0,0,0,0,0,0,0,0,0,0,0,0,0,0,0,0,0,0,0,0,0
9054,0,0,0,0,0,0,0,0,0,0,0,0,0,0,0,0,0,0,0,0,0
9055,5,5,5,6,6,6,6,5,5,5,6,6,6,6,5,5,5,6,6,6,6
9056,0,0,0,0,0,0,0,0,0,0,0,0,0,0,0,0,0,0,0,0,0
9057,0,0,0,0,0,0,0,0,0,0,0,0,0,0,0,0,0,0,0,0,0
9058,2,3,3,2,2,2,2,2,3,3,2,2,2,2,2,3,3,2,2,2,2
9059,2,2,2,2,1,1,1,2,2,2,2,1,1,1,2,2,2,2,1,1,1
9060,15,15,16,17,13,11,10,15,15,16,17,13,11,10,15,15,16,17,13,11,10
9061,12,13,13,12,10,9,9,12,13,13,12,10,9,9,12,13,13,12,10,9,9
9062,13,16,17,17,14,11,10,13,16,17,17,14,11,10,13,16,17,17,14,11,10
9063,1,1,1,1,1,1,0,1,1,1,1,1,1,0,1,1,1,1,1,1,0
9064,1,1,1,1,0,0,0,1,1,1,1,0,0,0,1,1,1,1,0,0,0
9065,0,0,0,0,0,0,0,0,0,0,0,0,0,0,0,0,0,0,0,0,0
9066,0,0,0,1,1,0,0,0,0,0,1,1,0,0,0,0,0,1,1,0,0
9067,0,0,0,0,0,0,0,0,0,0,0,0,0,0,0,0,0,0,0,0,0
9068,0,0,0,0,0,0,0,0,0,0,0,0,0,0,0,0,0,0,0,0,0
9069,0,0,0,0,0,0,0,0,0,0,0,0,0,0,0,0,0,0,0,0,0
9070,0,0,0,0,0,0,0,0,0,0,0,0,0,0,0,0,0,0,0,0,0
9071,7,7,8,7,7,5,6,7,7,8,7,7,5,6,7,7,8,7,7,5,6
9072,1,0,0,0,0,0,0,1,0,0,0,0,0,0,1,0,0,0,0,0,0
9073,116,127,133,122,106,96,97,116,127,133,122,106,96,97,116,127,133,122,106,96,97
9074,4,8,8,20,11,7,3,4,8,8,20,11,7,3,4,8,8,20,11,7,3
9075,26,28,29,29,27,24,23,26,28,29,29,27,24,23,26,28,29,29,27,24,23
9076,1,1,1,1,1,1,1,1,1,1,1,1,1,1,1,1,1,1,1,1,1
9077,1,1,1,0,0,1,0,1,1,1,0,0,1,0,1,1,1,0,0,1,0
9078,1,1,1,1,1,1,1,1,1,1,1,1,1,1,1,1,1,1,1,1,1
9079,16,17,18,16,16,15,14,16,17,18,16,16,15,14,16,17,18,16,16,15,14
9080,0,0,0,0,0,0,0,0,0,0,0,0,0,0,0,0,0,0,0,0,0
9081,0,0,0,0,0,0,0,0,0,0,0,0,0,0,0,0,0,0,0,0,0
9082,0,0,0,0,0,0,0,0,0,0,0,0,0,0,0,0,0,0,0,0,0
9083,0,0,0,0,0,0,0,0,0,0,0,0,0,0,0,0,0,0,0,0,0
9084,3,1,2,2,1,1,2,3,1,2,2,1,1,2,3,1,2,2,1,1,2
9085,5,6,6,5,5,4,4,5,6,6,5,5,4,4,5,6,6,5,5,4,4
9086,6,6,6,6,5,5,5,6,6,6,6,5,5,5,6,6,6,6,5,5,5
9087,4,5,5,5,4,4,3,4,5,5,5,4,4,3,4,5,5,5,4,4,3
9088,1,1,1,1,0,0,0,1,1,1,1,0,0,0,1,1,1,1,0,0,0
9089,7,8,8,8,6,5,5,7,8,8,8,6,5,5,7,8,8,8,6,5,5
9090,46,54,53,52,47,43,39,46,54,53,52,47,43,39,46,54,53,52,47,43,39
9091,4,4,4,4,4,4,4,4,4,4,4,4,4,4,4,4,4,4,4,4,4
9092,2,2,2,2,2,1,1,2,2,2,2,2,1,1,2,2,2,2,2,1,1
9093,3,2,2,2,2,2,2,3,2,2,2,2,2,2,3,2,2,2,2,2,2
9094,1,0,1,0,0,0,0,1,0,1,0,0,0,0,1,0,1,0,0,0,0
9095,12,13,15,14,12,9,9,12,13,15,14,12,9,9,12,13,15,14,12,9,9
9096,0,0,0,0,0,0,0,0,0,0,0,0,0,0,0,0,0,0,0,0,0
9097,36,35,32,26,28,31,35,36,35,32,26,28,31,35,36,35,32,26,28,31,35
9098,0,0,0,0,0,0,0,0,0,0,0,0,0,0,0,0,0,0,0,0,0
9099,3,3,4,3,3,2,2,3,3,4,3,3,2,2,3,3,4,3,3,2,2
9100,10,11,11,8,7,8,9,10,11,11,8,7,8,9,10,11,11,8,7,8,9
9101,2,2,2,2,1,1,1,2,2,2,2,1,1,1,2,2,2,2,1,1,1
9102,2,2,1,1,1,2,1,2,2,1,1,1,2,1,2,2,1,1,1,2,1
9103,44,48,46,42,41,43,46,44,48,46,42,41,43,46,44,48,46,42,41,43,46
9104,4,5,4,4,3,3,4,4,5,4,4,3,3,4,4,5,4,4,3,3,4
9105,1,2,3,3,2,1,1,1,2,3,3,2,1,1,1,2,3,3,2,1,1
9106,0,0,0,0,0,0,0,0,0,0,0,0,0,0,0,0,0,0,0,0,0
9107,0,0,0,0,0,0,0,0,0,0,0,0,0,0,0,0,0,0,0,0,0
9108,0,0,0,0,0,0,0,0,0,0,0,0,0,0,0,0,0,0,0,0,0
9109,0,0,0,0,0,0,0,0,0,0,0,0,0,0,0,0,0,0,0,0,0
9110,1,2,2,2,1,1,1,1,2,2,2,1,1,1,1,2,2,2,1,1,1
9111,11,13,10,9,11,10,11,11,13,10,9,11,10,11,11,13,10,9,11,10,11
9112,59,103,112,89,61,42,40,59,103,112,89,61,42,40,59,103,112,89,61,42,40
9113,3,4,4,4,4,3,3,3,4,4,4,4,3,3,3,4,4,4,4,3,3
9114,8,8,8,8,7,6,7,8,8,8,8,7,6,7,8,8,8,8,7,6,7
9115,0,0,0,0,0,0,0,0,0,0,0,0,0,0,0,0,0,0,0,0,0
9116,8,9,10,10,9,8,7,8,9,10,10,9,8,7,8,9,10,10,9,8,7
9117,1,1,1,1,1,1,1,1,1,1,1,1,1,1,1,1,1,1,1,1,1
9118,0,1,0,0,0,0,0,0,1,0,0,0,0,0,0,1,0,0,0,0,0
9119,0,0,0,0,0,0,0,0,0,0,0,0,0,0,0,0,0,0,0,0,0
9120,0,0,0,0,0,0,0,0,0,0,0,0,0,0,0,0,0,0,0,0,0
9121,116,126,122,96,76,67,95,116,126,122,96,76,67,95,116,126,122,96,76,67,95
9122,0,0,0,0,0,0,0,0,0,0,0,0,0,0,0,0,0,0,0,0,0
9123,0,0,0,0,0,0,0,0,0,0,0,0,0,0,0,0,0,0,0,0,0
9124,3,4,3,4,2,1,2,3,4,3,4,2,1,2,3,4,3,4,2,1,2
9125,116,127,133,122,106,96,97,116,127,133,122,106,96,97,116,127,133,122,106,96,97
9126,45,37,40,56,46,45,51,45,37,40,56,46,45,51,45,37,40,56,46,45,51
9127,0,0,0,0,0,0,0,0,0,0,0,0,0,0,0,0,0,0,0,0,0
9128,10,12,11,12,8,7,7,10,12,11,12,8,7,7,10,12,11,12,8,7,7
9129,8,9,9,11,10,9,8,8,9,9,11,10,9,8,8,9,9,11,10,9,8
9130,9,12,14,15,13,10,7,9,12,14,15,13,10,7,9,12,14,15,13,10,7
9131,3,3,3,2,2,1,2,3,3,3,2,2,1,2,3,3,3,2,2,1,2
9132,4,4,3,4,4,4,3,4,4,3,4,4,4,3,4,4,3,4,4,4,3
9133,0,0,0,0,0,0,0,0,0,0,0,0,0,0,0,0,0,0,0,0,0
9134,0,0,0,0,0,0,0,0,0,0,0,0,0,0,0,0,0,0,0,0,0
9135,0,1,1,2,1,1,0,0,1,1,2,1,1,0,0,1,1,2,1,1,0
9136,0,0,0,0,0,0,0,0,0,0,0,0,0,0,0,0,0,0,0,0,0
9137,0,0,0,0,0,0,0,0,0,0,0,0,0,0,0,0,0,0,0,0,0
9138,0,0,0,0,0,0,0,0,0,0,0,0,0,0,0,0,0,0,0,0,0
9139,0,0,0,0,0,0,0,0,0,0,0,0,0,0,0,0,0,0,0,0,0
9140,0,0,0,0,0,0,0,0,0,0,0,0,0,0,0,0,0,0,0,0,0
9141,2,3,3,3,1,1,1,2,3,3,3,1,1,1,2,3,3,3,1,1,1
9142,0,0,0,1,0,0,0,0,0,0,1,0,0,0,0,0,0,1,0,0,0
9143,0,0,0,0,0,0,0,0,0,0,0,0,0,0,0,0,0,0,0,0,0
9144,0,0,0,1,0,0,0,0,0,0,1,0,0,0,0,0,0,1,0,0,0
9145,0,0,0,0,0,0,0,0,0,0,0,0,0,0,0,0,0,0,0,0,0
9146,0,0,0,0,0,0,0,0,0,0,0,0,0,0,0,0,0,0,0,0,0
9147,0,0,0,0,0,0,0,0,0,0,0,0,0,0,0,0,0,0,0,0,0
9148,0,0,0,0,0,0,0,0,0,0,0,0,0,0,0,0,0,0,0,0,0
9149,0,0,0,0,0,0,0,0,0,0,0,0,0,0,0,0,0,0,0,0,0
9150,0,0,0,0,0,0,0,0,0,0,0,0,0,0,0,0,0,0,0,0,0
9151,0,0,0,0,0,0,0,0,0,0,0,0,0,0,0,0,0,0,0,0,0
9152,0,0,0,0,0,0,0,0,0,0,0,0,0,0,0,0,0,0,0,0,0
9153,0,0,0,0,0,0,0,0,0,0,0,0,0,0,0,0,0,0,0,0,0
9154,0,0,0,0,0,0,0,0,0,0,0,0,0,0,0,0,0,0,0,0,0
9155,0,0,0,0,0,0,0,0,0,0,0,0,0,0,0,0,0,0,0,0,0
9156,4,4,3,2,2,3,4,4,4,3,2,2,3,4,4,4,3,2,2,3,4
9157,0,0,0,0,0,0,0,0,0,0,0,0,0,0,0,0,0,0,0,0,0
9158,3,3,3,3,2,2,2,3,3,3,3,2,2,2,3,3,3,3,2,2,2
9159,0,0,0,0,0,0,0,0,0,0,0,0,0,0,0,0,0,0,0,0,0
9160,0,0,0,0,0,0,0,0,0,0,0,0,0,0,0,0,0,0,0,0,0
9161,0,0,0,0,0,0,0,0,0,0,0,0,0,0,0,0,0,0,0,0,0
9162,10,11,11,9,8,8,8,10,11,11,9,8,8,8,10,11,11,9,8,8,8
9163,0,0,0,0,0,0,0,0,0,0,0,0,0,0,0,0,0,0,0,0,0
9164,1,1,1,1,0,1,1,1,1,1,1,0,1,1,1,1,1,1,0,1,1
9165,40,36,39,33,31,36,34,40,36,39,33,31,36,34,40,36,39,33,31,36,34
9166,4,4,3,3,2,3,3,4,4,3,3,2,3,3,4,4,3,3,2,3,3
9167,27,24,24,21,19,22,24,27,24,24,21,19,22,24,27,24,24,21,19,22,24
9168,18,21,22,20,17,15,15,18,21,22,20,17,15,15,18,21,22,20,17,15,15
9169,18,21,20,16,13,12,12,18,21,20,16,13,12,12,18,21,20,16,13,12,12
9170,97,102,104,93,84,77,79,97,102,104,93,84,77,79,97,102,104,93,84,77,79
9171,58,58,57,53,52,47,48,58,58,57,53,52,47,48,58,58,57,53,52,47,48
9172,109,122,133,114,105,87,94,109,122,133,114,105,87,94,109,122,133,114,105,87,94
9173,0,0,0,0,0,0,0,0,0,0,0,0,0,0,0,0,0,0,0,0,0
9174,25,41,57,49,34,18,19,25,41,57,49,34,18,19,25,41,57,49,34,18,19
9175,33,47,54,51,35,24,22,33,47,54,51,35,24,22,33,47,54,51,35,24,22
9176,1,1,1,1,1,1,0,1,1,1,1,1,1,0,1,1,1,1,1,1,0
9177,1,1,0,0,0,0,0,1,1,0,0,0,0,0,1,1,0,0,0,0,0
9178,0,0,0,0,0,0,0,0,0,0,0,0,0,0,0,0,0,0,0,0,0
9179,0,0,0,0,0,0,0,0,0,0,0,0,0,0,0,0,0,0,0,0,0
9180,3,4,4,4,3,3,3,3,4,4,4,3,3,3,3,4,4,4,3,3,3
9181,2,2,2,0,0,0,0,2,2,2,0,0,0,0,2,2,2,0,0,0,0
9182,15,15,15,15,13,11,11,15,15,15,15,13,11,11,15,15,15,15,13,11,11
9183,1,0,0,0,0,1,1,1,0,0,0,0,1,1,1,0,0,0,0,1,1
9184,7,9,7,5,4,3,3,7,9,7,5,4,3,3,7,9,7,5,4,3,3
9185,0,0,0,0,0,0,0,0,0,0,0,0,0,0,0,0,0,0,0,0,0
9186,3,3,3,2,2,2,2,3,3,3,2,2,2,2,3,3,3,2,2,2,2
9187,0,0,0,0,0,0,0,0,0,0,0,0,0,0,0,0,0,0,0,0,0
9188,1,1,1,1,0,1,1,1,1,1,1,0,1,1,1,1,1,1,0,1,1
9189,1,1,1,1,1,1,1,1,1,1,1,1,1,1,1,1,1,1,1,1,1
9190,1,1,1,0,1,1,1,1,1,1,0,1,1,1,1,1,1,0,1,1,1
9191,0,0,0,0,0,0,0,0,0,0,0,0,0,0,0,0,0,0,0,0,0
9192,56,55,52,47,45,50,51,56,55,52,47,45,50,51,56,55,52,47,45,50,51
9193,0,0,0,0,0,0,0,0,0,0,0,0,0,0,0,0,0,0,0,0,0
9194,0,0,0,0,0,0,0,0,0,0,0,0,0,0,0,0,0,0,0,0,0
9195,4,4,4,4,4,3,3,4,4,4,4,4,3,3,4,4,4,4,4,3,3
9196,27,25,33,11,18,28,23,27,25,33,11,18,28,23,27,25,33,11,18,28,23
9197,63,64,65,60,56,56,58,63,64,65,60,56,56,58,63,64,65,60,56,56,58
9198,0,0,0,0,0,0,0,0,0,0,0,0,0,0,0,0,0,0,0,0,0
9199,0,0,0,0,0,0,0,0,0,0,0,0,0,0,0,0,0,0,0,0,0
9200,0,0,0,0,0,0,0,0,0,0,0,0,0,0,0,0,0,0,0,0,0
9201,0,0,0,0,0,0,0,0,0,0,0,0,0,0,0,0,0,0,0,0,0
9202,4,4,4,4,4,4,4,4,4,4,4,4,4,4,4,4,4,4,4,4,4
9203,0,0,0,0,0,0,0,0,0,0,0,0,0,0,0,0,0,0,0,0,0
9204,0,0,0,0,0,0,0,0,0,0,0,0,0,0,0,0,0,0,0,0,0
9205,0,0,0,0,0,0,0,0,0,0,0,0,0,0,0,0,0,0,0,0,0
9206,116,127,133,122,106,96,97,116,127,133,122,106,96,97,116,127,133,122,106,96,97
9207,24,24,33,31,23,13,17,24,24,33,31,23,13,17,24,24,33,31,23,13,17
9208,0,0,0,0,0,0,0,0,0,0,0,0,0,0,0,0,0,0,0,0,0
9209,0,0,0,0,0,0,0,0,0,0,0,0,0,0,0,0,0,0,0,0,0
9210,2,2,2,2,2,1,1,2,2,2,2,2,1,1,2,2,2,2,2,1,1
9211,8,10,11,9,8,5,5,8,10,11,9,8,5,5,8,10,11,9,8,5,5
9212,62,56,59,59,55,54,54,62,56,59,59,55,54,54,62,56,59,59,55,54,54
9213,1,1,1,1,2,1,0,1,1,1,1,2,1,0,1,1,1,1,2,1,0
9214,56,55,54,48,46,44,45,56,55,54,48,46,44,45,56,55,54,48,46,44,45
9215,1,2,1,2,2,1,1,1,2,1,2,2,1,1,1,2,1,2,2,1,1
9216,0,0,0,0,0,0,0,0,0,0,0,0,0,0,0,0,0,0,0,0,0
9217,0,0,0,0,0,0,0,0,0,0,0,0,0,0,0,0,0,0,0,0,0
9218,0,0,0,0,1,0,0,0,0,0,0,1,0,0,0,0,0,0,1,0,0
9219,4,6,7,6,4,3,3,4,6,7,6,4,3,3,4,6,7,6,4,3,3
9220,9,11,13,12,11,9,8,9,11,13,12,11,9,8,9,11,13,12,11,9,8
9221,27,30,31,29,26,24,23,27,30,31,29,26,24,23,27,30,31,29,26,24,23
9222,0,0,0,0,0,0,0,0,0,0,0,0,0,0,0,0,0,0,0,0,0
9223,0,0,0,0,0,0,0,0,0,0,0,0,0,0,0,0,0,0,0,0,0
9224,0,0,0,0,0,0,0,0,0,0,0,0,0,0,0,0,0,0,0,0,0
9225,0,0,0,0,0,0,0,0,0,0,0,0,0,0,0,0,0,0,0,0,0
9226,0,0,0,0,0,0,0,0,0,0,0,0,0,0,0,0,0,0,0,0,0
9227,0,0,0,0,0,0,0,0,0,0,0,0,0,0,0,0,0,0,0,0,0
9228,0,0,0,0,0,0,0,0,0,0,0,0,0,0,0,0,0,0,0,0,0
9229,0,0,0,0,0,0,0,0,0,0,0,0,0,0,0,0,0,0,0,0,0
9230,0,0,0,0,0,0,0,0,0,0,0,0,0,0,0,0,0,0,0,0,0
9231,0,0,0,0,0,0,0,0,0,0,0,0,0,0,0,0,0,0,0,0,0
9232,0,0,0,0,0,0,0,0,0,0,0,0,0,0,0,0,0,0,0,0,0
9233,0,0,0,0,0,0,0,0,0,0,0,0,0,0,0,0,0,0,0,0,0
9234,0,0,0,0,0,0,0,0,0,0,0,0,0,0,0,0,0,0,0,0,0
9235,2,2,3,3,2,2,2,2,2,3,3,2,2,2,2,2,3,3,2,2,2
9236,0,0,0,0,0,0,0,0,0,0,0,0,0,0,0,0,0,0,0,0,0
9237,1,1,1,1,1,1,1,1,1,1,1,1,1,1,1,1,1,1,1,1,1
9238,1,2,3,3,2,2,1,1,2,3,3,2,2,1,1,2,3,3,2,2,1
9239,12,10,11,10,10,10,11,12,10,11,10,10,10,11,12,10,11,10,10,10,11
9240,10,10,9,9,8,8,9,10,10,9,9,8,8,9,10,10,9,9,8,8,9
9241,40,45,47,44,38,34,33,40,45,47,44,38,34,33,40,45,47,44,38,34,33
9242,2,3,2,2,2,2,2,2,3,2,2,2,2,2,2,3,2,2,2,2,2
9243,2,2,2,2,2,2,2,2,2,2,2,2,2,2,2,2,2,2,2,2,2
9244,8,9,9,8,7,6,7,8,9,9,8,7,6,7,8,9,9,8,7,6,7
9245,37,42,42,35,31,29,31,37,42,42,35,31,29,31,37,42,42,35,31,29,31
9246,3,3,3,3,3,2,2,3,3,3,3,3,2,2,3,3,3,3,3,2,2
9247,1,1,1,1,1,1,1,1,1,1,1,1,1,1,1,1,1,1,1,1,1
9248,3,3,3,3,3,2,2,3,3,3,3,3,2,2,3,3,3,3,3,2,2
9249,3,2,2,2,1,2,2,3,2,2,2,1,2,2,3,2,2,2,1,2,2
9250,0,0,0,0,0,0,0,0,0,0,0,0,0,0,0,0,0,0,0,0,0
9251,0,0,0,0,0,0,0,0,0,0,0,0,0,0,0,0,0,0,0,0,0
9252,2,3,3,3,2,2,2,2,3,3,3,2,2,2,2,3,3,3,2,2,2
9253,1,1,1,1,1,1,1,1,1,1,1,1,1,1,1,1,1,1,1,1,1
9254,1,1,1,1,1,1,1,1,1,1,1,1,1,1,1,1,1,1,1,1,1
9255,5,6,7,6,5,4,4,5,6,7,6,5,4,4,5,6,7,6,5,4,4
9256,3,4,4,3,3,3,3,3,4,4,3,3,3,3,3,4,4,3,3,3,3
9257,1,1,1,1,1,1,1,1,1,1,1,1,1,1,1,1,1,1,1,1,1
9258,1,1,1,1,1,1,1,1,1,1,1,1,1,1,1,1,1,1,1,1,1
9259,13,14,14,13,12,12,12,13,14,14,13,12,12,12,13,14,14,13,12,12,12
9260,8,9,9,7,7,6,6,8,9,9,7,7,6,6,8,9,9,7,7,6,6
9261,1,1,1,1,1,1,1,1,1,1,1,1,1,1,1,1,1,1,1,1,1
9262,9,10,10,9,8,8,8,9,10,10,9,8,8,8,9,10,10,9,8,8,8
9263,0,0,0,0,0,0,0,0,0,0,0,0,0,0,0,0,0,0,0,0,0
9264,3,3,2,2,1,1,1,3,3,2,2,1,1,1,3,3,2,2,1,1,1
9265,0,0,0,0,0,0,0,0,0,0,0,0,0,0,0,0,0,0,0,0,0
9266,13,15,13,11,9,9,10,13,15,13,11,9,9,10,13,15,13,11,9,9,10
9267,0,0,0,0,0,0,0,0,0,0,0,0,0,0,0,0,0,0,0,0,0
9268,48,51,49,45,37,37,41,48,51,49,45,37,37,41,48,51,49,45,37,37,41
9269,2,3,3,3,3,2,1,2,3,3,3,3,2,1,2,3,3,3,3,2,1
9270,0,0,0,0,0,0,0,0,0,0,0,0,0,0,0,0,0,0,0,0,0
9271,3,3,3,3,2,2,2,3,3,3,3,2,2,2,3,3,3,3,2,2,2
9272,4,5,4,4,3,2,3,4,5,4,4,3,2,3,4,5,4,4,3,2,3
9273,0,0,0,0,0,0,0,0,0,0,0,0,0,0,0,0,0,0,0,0,0
9274,0,0,0,0,0,0,0,0,0,0,0,0,0,0,0,0,0,0,0,0,0
9275,12,12,13,11,8,7,10,12,12,13,11,8,7,10,12,12,13,11,8,7,10
9276,10,11,12,10,8,6,6,10,11,12,10,8,6,6,10,11,12,10,8,6,6
9277,4,4,4,4,5,5,4,4,4,4,4,5,5,4,4,4,4,4,5,5,4
9278,18,23,21,16,14,14,12,18,23,21,16,14,14,12,18,23,21,16,14,14,12
9279,6,9,8,6,6,5,5,6,9,8,6,6,5,5,6,9,8,6,6,5,5
9280,0,0,0,0,0,0,0,0,0,0,0,0,0,0,0,0,0,0,0,0,0
9281,1,1,2,0,1,1,2,1,1,2,0,1,1,2,1,1,2,0,1,1,2
9282,0,0,0,0,0,0,0,0,0,0,0,0,0,0,0,0,0,0,0,0,0
9283,11,14,15,13,8,5,4,11,14,15,13,8,5,4,11,14,15,13,8,5,4
9284,0,0,0,0,0,0,0,0,0,0,0,0,0,0,0,0,0,0,0,0,0
9285,0,0,0,0,0,0,0,0,0,0,0,0,0,0,0,0,0,0,0,0,0
9286,3,4,4,4,3,3,3,3,4,4,4,3,3,3,3,4,4,4,3,3,3
9287,0,0,0,0,0,0,0,0,0,0,0,0,0,0,0,0,0,0,0,0,0
9288,0,0,0,0,0,0,0,0,0,0,0,0,0,0,0,0,0,0,0,0,0
9289,1,0,0,0,0,0,0,1,0,0,0,0,0,0,1,0,0,0,0,0,0
9290,0,0,0,0,0,1,1,0,0,0,0,0,1,1,0,0,0,0,0,1,1
9291,0,0,0,0,0,0,0,0,0,0,0,0,0,0,0,0,0,0,0,0,0
9292,1,1,1,1,1,1,1,1,1,1,1,1,1,1,1,1,1,1,1,1,1
9293,1,0,2,2,2,1,1,1,0,2,2,2,1,1,1,0,2,2,2,1,1
9294,1,1,1,1,1,1,0,1,1,1,1,1,1,0,1,1,1,1,1,1,0
9295,0,0,0,0,0,0,0,0,0,0,0,0,0,0,0,0,0,0,0,0,0
9296,0,0,0,0,0,0,0,0,0,0,0,0,0,0,0,0,0,0,0,0,0
9297,0,0,0,0,0,0,0,0,0,0,0,0,0,0,0,0,0,0,0,0,0
9298,0,0,0,0,0,0,0,0,0,0,0,0,0,0,0,0,0,0,0,0,0
9299,0,0,0,0,0,0,0,0,0,0,0,0,0,0,0,0,0,0,0,0,0
9300,0,0,0,0,0,0,0,0,0,0,0,0,0,0,0,0,0,0,0,0,0
9301,0,0,0,0,0,0,0,0,0,0,0,0,0,0,0,0,0,0,0,0,0
9302,0,0,0,0,0,0,0,0,0,0,0,0,0,0,0,0,0,0,0,0,0
9303,0,0,0,0,0,0,0,0,0,0,0,0,0,0,0,0,0,0,0,0,0
9304,0,0,0,0,0,0,0,0,0,0,0,0,0,0,0,0,0,0,0,0,0
9305,0,0,0,0,0,0,0,0,0,0,0,0,0,0,0,0,0,0,0,0,0
9306,0,0,0,0,0,0,0,0,0,0,0,0,0,0,0,0,0,0,0,0,0
9307,0,0,0,0,0,0,0,0,0,0,0,0,0,0,0,0,0,0,0,0,0
9308,0,0,0,0,0,0,0,0,0,0,0,0,0,0,0,0,0,0,0,0,0
9309,0,0,0,0,0,0,0,0,0,0,0,0,0,0,0,0,0,0,0,0,0
9310,0,0,0,0,0,0,0,0,0,0,0,0,0,0,0,0,0,0,0,0,0
9311,0,0,0,0,0,0,0,0,0,0,0,0,0,0,0,0,0,0,0,0,0
9312,0,0,0,0,0,0,0,0,0,0,0,0,0,0,0,0,0,0,0,0,0
9313,0,0,0,0,0,0,0,0,0,0,0,0,0,0,0,0,0,0,0,0,0
9314,0,1,0,0,0,0,0,0,1,0,0,0,0,0,0,1,0,0,0,0,0
9315,0,0,0,0,0,0,0,0,0,0,0,0,0,0,0,0,0,0,0,0,0
9316,0,0,0,0,0,0,0,0,0,0,0,0,0,0,0,0,0,0,0,0,0
9317,0,0,0,0,0,0,0,0,0,0,0,0,0,0,0,0,0,0,0,0,0
9318,0,0,0,0,0,0,0,0,0,0,0,0,0,0,0,0,0,0,0,0,0
9319,0,0,0,0,0,0,0,0,0,0,0,0,0,0,0,0,0,0,0,0,0
9320,0,1,1,1,1,1,1,0,1,1,1,1,1,1,0,1,1,1,1,1,1
9321,1,1,1,1,1,1,1,1,1,1,1,1,1,1,1,1,1,1,1,1,1
9322,0,0,0,0,0,0,0,0,0,0,0,0,0,0,0,0,0,0,0,0,0
9323,1,1,1,1,1,1,1,1,1,1,1,1,1,1,1,1,1,1,1,1,1
9324,1,1,1,1,1,1,1,1,1,1,1,1,1,1,1,1,1,1,1,1,1
9325,8,8,6,6,5,6,6,8,8,6,6,5,6,6,8,8,6,6,5,6,6
9326,0,0,0,0,0,0,0,0,0,0,0,0,0,0,0,0,0,0,0,0,0
9327,2,2,1,1,1,1,1,2,2,1,1,1,1,1,2,2,1,1,1,1,1
9328,7,7,8,8,8,5,6,7,7,8,8,8,5,6,7,7,8,8,8,5,6
9329,0,0,0,0,0,0,0,0,0,0,0,0,0,0,0,0,0,0,0,0,0
9330,0,0,0,0,0,0,0,0,0,0,0,0,0,0,0,0,0,0,0,0,0
9331,0,0,0,0,1,0,0,0,0,0,0,1,0,0,0,0,0,0,1,0,0
9332,0,0,0,0,0,0,0,0,0,0,0,0,0,0,0,0,0,0,0,0,0
9333,0,0,0,0,0,0,0,0,0,0,0,0,0,0,0,0,0,0,0,0,0
9334,0,0,0,0,0,0,0,0,0,0,0,0,0,0,0,0,0,0,0,0,0
9335,1,0,0,0,0,0,0,1,0,0,0,0,0,0,1,0,0,0,0,0,0
9336,0,0,0,0,0,0,0,0,0,0,0,0,0,0,0,0,0,0,0,0,0
9337,0,0,0,0,0,0,0,0,0,0,0,0,0,0,0,0,0,0,0,0,0
9338,0,0,0,0,0,0,0,0,0,0,0,0,0,0,0,0,0,0,0,0,0
9339,33,39,37,36,34,29,29,33,39,37,36,34,29,29,33,39,37,36,34,29,29
9340,0,0,0,0,0,0,0,0,0,0,0,0,0,0,0,0,0,0,0,0,0
9341,0,0,0,0,0,0,0,0,0,0,0,0,0,0,0,0,0,0,0,0,0
9342,5,5,5,5,4,3,5,5,5,5,5,4,3,5,5,5,5,5,4,3,5
9343,1,1,1,1,1,1,1,1,1,1,1,1,1,1,1,1,1,1,1,1,1
9344,11,10,10,10,11,9,8,11,10,10,10,11,9,8,11,10,10,10,11,9,8
9345,4,5,5,5,5,5,5,4,5,5,5,5,5,5,4,5,5,5,5,5,5
9346,23,21,17,14,15,15,17,23,21,17,14,15,15,17,23,21,17,14,15,15,17
9347,3,3,3,3,4,4,4,3,3,3,3,4,4,4,3,3,3,3,4,4,4
9348,18,24,23,19,18,17,17,18,24,23,19,18,17,17,18,24,23,19,18,17,17
9349,2,2,2,2,2,2,1,2,2,2,2,2,2,1,2,2,2,2,2,2,1
9350,1,1,2,1,1,1,1,1,1,2,1,1,1,1,1,1,2,1,1,1,1
9351,1,1,1,1,1,1,1,1,1,1,1,1,1,1,1,1,1,1,1,1,1
9352,0,0,0,0,0,0,0,0,0,0,0,0,0,0,0,0,0,0,0,0,0
9353,0,0,0,0,0,0,0,0,0,0,0,0,0,0,0,0,0,0,0,0,0
9354,0,0,0,0,0,0,0,0,0,0,0,0,0,0,0,0,0,0,0,0,0
9355,0,0,0,0,0,0,0,0,0,0,0,0,0,0,0,0,0,0,0,0,0
9356,0,0,0,0,0,0,0,0,0,0,0,0,0,0,0,0,0,0,0,0,0
9357,0,0,0,0,0,0,0,0,0,0,0,0,0,0,0,0,0,0,0,0,0
9358,0,0,0,0,0,0,0,0,0,0,0,0,0,0,0,0,0,0,0,0,0
9359,0,0,0,0,0,0,0,0,0,0,0,0,0,0,0,0,0,0,0,0,0
9360,0,0,0,0,0,0,0,0,0,0,0,0,0,0,0,0,0,0,0,0,0
9361,3,1,0,0,0,4,1,3,1,0,0,0,4,1,3,1,0,0,0,4,1
9362,0,0,0,0,0,0,0,0,0,0,0,0,0,0,0,0,0,0,0,0,0
9363,1,1,0,0,0,0,0,1,1,0,0,0,0,0,1,1,0,0,0,0,0
9364,0,0,0,0,0,0,0,0,0,0,0,0,0,0,0,0,0,0,0,0,0
9365,0,0,0,0,0,0,0,0,0,0,0,0,0,0,0,0,0,0,0,0,0
9366,0,0,0,0,0,0,0,0,0,0,0,0,0,0,0,0,0,0,0,0,0
9367,0,0,0,0,0,0,0,0,0,0,0,0,0,0,0,0,0,0,0,0,0
9368,6,6,7,6,5,4,4,6,6,7,6,5,4,4,6,6,7,6,5,4,4
9369,1,1,0,1,1,1,1,1,1,0,1,1,1,1,1,1,0,1,1,1,1
9370,0,0,0,0,0,0,0,0,0,0,0,0,0,0,0,0,0,0,0,0,0
9371,1,2,2,3,3,3,1,1,2,2,3,3,3,1,1,2,2,3,3,3,1
9372,1,1,0,1,0,0,0,1,1,0,1,0,0,0,1,1,0,1,0,0,0
9373,4,5,6,5,5,4,4,4,5,6,5,5,4,4,4,5,6,5,5,4,4
9374,0,0,0,0,0,0,0,0,0,0,0,0,0,0,0,0,0,0,0,0,0
9375,7,7,6,5,6,7,6,7,7,6,5,6,7,6,7,7,6,5,6,7,6
9376,0,0,0,0,0,0,0,0,0,0,0,0,0,0,0,0,0,0,0,0,0
9377,0,0,0,0,0,0,0,0,0,0,0,0,0,0,0,0,0,0,0,0,0
9378,0,0,0,0,0,0,0,0,0,0,0,0,0,0,0,0,0,0,0,0,0
9379,0,0,0,0,0,0,0,0,0,0,0,0,0,0,0,0,0,0,0,0,0
9380,0,0,0,0,0,0,0,0,0,0,0,0,0,0,0,0,0,0,0,0,0
9381,8,9,10,10,8,8,8,8,9,10,10,8,8,8,8,9,10,10,8,8,8
9382,2,3,3,3,2,2,2,2,3,3,3,2,2,2,2,3,3,3,2,2,2
9383,4,5,5,4,4,4,4,4,5,5,4,4,4,4,4,5,5,4,4,4,4
9384,116,127,133,122,106,96,97,116,127,133,122,106,96,97,116,127,133,122,106,96,97
9385,4,4,4,3,3,4,4,4,4,4,3,3,4,4,4,4,4,3,3,4,4
9386,26,28,29,24,22,24,24,26,28,29,24,22,24,24,26,28,29,24,22,24,24
9387,0,0,0,0,0,0,0,0,0,0,0,0,0,0,0,0,0,0,0,0,0
9388,3,3,2,2,2,2,2,3,3,2,2,2,2,2,3,3,2,2,2,2,2
9389,1,1,1,1,0,0,1,1,1,1,1,0,0,1,1,1,1,1,0,0,1
9390,0,0,0,0,0,0,0,0,0,0,0,0,0,0,0,0,0,0,0,0,0
9391,20,20,20,16,12,13,17,20,20,20,16,12,13,17,20,20,20,16,12,13,17
9392,15,16,16,14,11,11,13,15,16,16,14,11,11,13,15,16,16,14,11,11,13
9393,14,14,15,13,12,10,11,14,14,15,13,12,10,11,14,14,15,13,12,10,11
9394,6,5,5,5,4,4,4,6,5,5,5,4,4,4,6,5,5,5,4,4,4
9395,3,3,4,4,3,3,3,3,3,4,4,3,3,3,3,3,4,4,3,3,3
9396,27,24,27,21,20,19,26,27,24,27,21,20,19,26,27,24,27,21,20,19,26
9397,0,0,0,0,0,0,0,0,0,0,0,0,0,0,0,0,0,0,0,0,0
9398,24,26,19,16,20,18,19,24,26,19,16,20,18,19,24,26,19,16,20,18,19
9399,0,0,0,0,0,0,0,0,0,0,0,0,0,0,0,0,0,0,0,0,0
9400,18,19,18,13,14,16,17,18,19,18,13,14,16,17,18,19,18,13,14,16,17
9401,1,1,2,1,1,1,2,1,1,2,1,1,1,2,1,1,2,1,1,1,2
9402,3,1,2,1,2,2,2,3,1,2,1,2,2,2,3,1,2,1,2,2,2
9403,15,12,13,11,13,11,14,15,12,13,11,13,11,14,15,12,13,11,13,11,14
9404,1,1,1,1,1,1,1,1,1,1,1,1,1,1,1,1,1,1,1,1,1
9405,1,2,1,1,1,1,1,1,2,1,1,1,1,1,1,2,1,1,1,1,1
9406,1,0,1,1,0,0,0,1,0,1,1,0,0,0,1,0,1,1,0,0,0
9407,0,0,0,0,0,0,0,0,0,0,0,0,0,0,0,0,0,0,0,0,0
9408,16,14,15,14,13,13,15,16,14,15,14,13,13,15,16,14,15,14,13,13,15
9409,1,1,1,1,1,1,0,1,1,1,1,1,1,0,1,1,1,1,1,1,0
9410,1,1,1,1,1,0,1,1,1,1,1,1,0,1,1,1,1,1,1,0,1
9411,0,0,0,0,0,0,0,0,0,0,0,0,0,0,0,0,0,0,0,0,0
9412,3,3,3,3,3,2,2,3,3,3,3,3,2,2,3,3,3,3,3,2,2
9413,0,0,0,0,0,0,0,0,0,0,0,0,0,0,0,0,0,0,0,0,0
9414,2,2,2,1,1,1,1,2,2,2,1,1,1,1,2,2,2,1,1,1,1
9415,0,1,1,1,1,1,1,0,1,1,1,1,1,1,0,1,1,1,1,1,1
9416,7,7,8,7,6,6,5,7,7,8,7,6,6,5,7,7,8,7,6,6,5
9417,0,1,1,1,1,1,0,0,1,1,1,1,1,0,0,1,1,1,1,1,0
9418,1,1,1,1,1,1,1,1,1,1,1,1,1,1,1,1,1,1,1,1,1
9419,1,0,0,0,0,0,0,1,0,0,0,0,0,0,1,0,0,0,0,0,0
9420,18,18,16,15,13,14,15,18,18,16,15,13,14,15,18,18,16,15,13,14,15
9421,23,21,21,21,20,22,26,23,21,21,21,20,22,26,23,21,21,21,20,22,26
9422,8,8,6,4,4,5,5,8,8,6,4,4,5,5,8,8,6,4,4,5,5
9423,4,3,3,3,2,3,3,4,3,3,3,2,3,3,4,3,3,3,2,3,3
9424,37,36,36,30,29,29,38,37,36,36,30,29,29,38,37,36,36,30,29,29,38
9425,76,80,76,66,60,59,62,76,80,76,66,60,59,62,76,80,76,66,60,59,62
9426,0,0,0,0,0,0,0,0,0,0,0,0,0,0,0,0,0,0,0,0,0
9427,2,2,2,1,1,1,2,2,2,2,1,1,1,2,2,2,2,1,1,1,2
9428,5,5,5,5,4,4,4,5,5,5,5,4,4,4,5,5,5,5,4,4,4
9429,0,0,0,0,0,1,0,0,0,0,0,0,1,0,0,0,0,0,0,1,0
9430,5,4,4,4,4,4,5,5,4,4,4,4,4,5,5,4,4,4,4,4,5
9431,1,1,1,1,1,1,1,1,1,1,1,1,1,1,1,1,1,1,1,1,1
9432,3,2,3,3,2,2,2,3,2,3,3,2,2,2,3,2,3,3,2,2,2
9433,0,0,0,0,0,0,0,0,0,0,0,0,0,0,0,0,0,0,0,0,0
9434,1,1,1,0,0,0,0,1,1,1,0,0,0,0,1,1,1,0,0,0,0
9435,0,0,0,0,0,0,0,0,0,0,0,0,0,0,0,0,0,0,0,0,0
9436,7,7,6,5,6,6,5,7,7,6,5,6,6,5,7,7,6,5,6,6,5
9437,1,1,1,1,1,1,1,1,1,1,1,1,1,1,1,1,1,1,1,1,1
9438,4,3,4,4,4,4,3,4,3,4,4,4,4,3,4,3,4,4,4,4,3
9439,0,0,0,0,0,0,0,0,0,0,0,0,0,0,0,0,0,0,0,0,0
9440,0,0,0,0,0,0,0,0,0,0,0,0,0,0,0,0,0,0,0,0,0
9441,0,0,0,0,0,0,0,0,0,0,0,0,0,0,0,0,0,0,0,0,0
9442,0,0,0,0,0,0,0,0,0,0,0,0,0,0,0,0,0,0,0,0,0
9443,0,0,0,0,0,0,0,0,0,0,0,0,0,0,0,0,0,0,0,0,0
9444,1,1,2,2,1,1,1,1,1,2,2,1,1,1,1,1,2,2,1,1,1
9445,0,0,0,0,0,0,0,0,0,0,0,0,0,0,0,0,0,0,0,0,0
9446,4,5,6,7,7,8,8,4,5,6,7,7,8,8,4,5,6,7,7,8,8
9447,0,0,0,0,0,0,0,0,0,0,0,0,0,0,0,0,0,0,0,0,0
9448,0,0,0,0,0,0,0,0,0,0,0,0,0,0,0,0,0,0,0,0,0
9449,0,0,0,0,0,0,0,0,0,0,0,0,0,0,0,0,0,0,0,0,0
9450,0,0,0,0,0,0,0,0,0,0,0,0,0,0,0,0,0,0,0,0,0
9451,0,0,0,0,0,0,0,0,0,0,0,0,0,0,0,0,0,0,0,0,0
9452,0,0,0,0,0,0,0,0,0,0,0,0,0,0,0,0,0,0,0,0,0
9453,0,0,0,0,0,0,0,0,0,0,0,0,0,0,0,0,0,0,0,0,0
9454,0,0,0,0,0,0,0,0,0,0,0,0,0,0,0,0,0,0,0,0,0
9455,0,0,0,0,0,0,0,0,0,0,0,0,0,0,0,0,0,0,0,0,0
9456,0,0,0,0,0,0,0,0,0,0,0,0,0,0,0,0,0,0,0,0,0
9457,0,0,0,0,0,0,0,0,0,0,0,0,0,0,0,0,0,0,0,0,0
9458,0,0,0,0,0,0,0,0,0,0,0,0,0,0,0,0,0,0,0,0,0
9459,0,0,0,0,0,0,0,0,0,0,0,0,0,0,0,0,0,0,0,0,0
9460,1,1,1,0,0,0,0,1,1,1,0,0,0,0,1,1,1,0,0,0,0
9461,0,0,0,0,0,0,0,0,0,0,0,0,0,0,0,0,0,0,0,0,0
9462,0,0,0,0,0,0,0,0,0,0,0,0,0,0,0,0,0,0,0,0,0
9463,0,0,0,0,0,0,0,0,0,0,0,0,0,0,0,0,0,0,0,0,0
9464,0,0,0,0,0,0,0,0,0,0,0,0,0,0,0,0,0,0,0,0,0
9465,0,0,0,0,0,0,0,0,0,0,0,0,0,0,0,0,0,0,0,0,0
9466,1,0,0,0,0,0,0,1,0,0,0,0,0,0,1,0,0,0,0,0,0
9467,0,0,0,0,0,0,0,0,0,0,0,0,0,0,0,0,0,0,0,0,0
9468,0,0,0,0,0,0,0,0,0,0,0,0,0,0,0,0,0,0,0,0,0
9469,1,1,1,1,1,1,1,1,1,1,1,1,1,1,1,1,1,1,1,1,1
9470,0,0,0,0,0,0,0,0,0,0,0,0,0,0,0,0,0,0,0,0,0
9471,0,0,0,0,0,0,0,0,0,0,0,0,0,0,0,0,0,0,0,0,0
9472,0,0,1,0,0,0,0,0,0,1,0,0,0,0,0,0,1,0,0,0,0
9473,5,6,6,2,2,2,4,5,6,6,2,2,2,4,5,6,6,2,2,2,4
9474,0,0,0,0,0,0,0,0,0,0,0,0,0,0,0,0,0,0,0,0,0
9475,0,0,0,0,0,0,0,0,0,0,0,0,0,0,0,0,0,0,0,0,0
9476,0,0,0,0,0,0,0,0,0,0,0,0,0,0,0,0,0,0,0,0,0
9477,0,0,0,0,0,0,0,0,0,0,0,0,0,0,0,0,0,0,0,0,0
9478,87,119,133,121,105,72,65,87,119,133,121,105,72,65,87,119,133,121,105,72,65
9479,1,1,1,1,1,1,0,1,1,1,1,1,1,0,1,1,1,1,1,1,0
9480,82,88,99,102,99,76,74,82,88,99,102,99,76,74,82,88,99,102,99,76,74
9481,17,15,16,12,15,11,13,17,15,16,12,15,11,13,17,15,16,12,15,11,13
9482,37,42,43,40,35,28,30,37,42,43,40,35,28,30,37,42,43,40,35,28,30
9483,8,10,9,8,7,6,6,8,10,9,8,7,6,6,8,10,9,8,7,6,6
9484,116,127,133,122,106,96,97,116,127,133,122,106,96,97,116,127,133,122,106,96,97
9485,88,114,123,103,88,59,77,88,114,123,103,88,59,77,88,114,123,103,88,59,77
9486,116,127,133,122,106,96,97,116,127,133,122,106,96,97,116,127,133,122,106,96,97
9487,63,65,71,68,61,51,52,63,65,71,68,61,51,52,63,65,71,68,61,51,52
9488,22,24,25,26,22,19,18,22,24,25,26,22,19,18,22,24,25,26,22,19,18
9489,20,21,25,24,23,18,15,20,21,25,24,23,18,15,20,21,25,24,23,18,15
9490,12,11,13,10,9,8,7,12,11,13,10,9,8,7,12,11,13,10,9,8,7
9491,25,35,30,28,21,20,13,25,35,30,28,21,20,13,25,35,30,28,21,20,13
9492,1,1,2,1,1,1,1,1,1,2,1,1,1,1,1,1,2,1,1,1,1
9493,35,42,43,41,36,30,30,35,42,43,41,36,30,30,35,42,43,41,36,30,30
9494,56,59,63,61,56,49,48,56,59,63,61,56,49,48,56,59,63,61,56,49,48
9495,22,26,24,22,19,17,17,22,26,24,22,19,17,17,22,26,24,22,19,17,17
9496,47,52,54,58,54,47,43,47,52,54,58,54,47,43,47,52,54,58,54,47,43
9497,8,7,7,6,5,6,6,8,7,7,6,5,6,6,8,7,7,6,5,6,6
9498,18,18,20,20,18,15,15,18,18,20,20,18,15,15,18,18,20,20,18,15,15
9499,23,39,42,37,16,12,15,23,39,42,37,16,12,15,23,39,42,37,16,12,15
9500,16,17,18,21,19,16,13,16,17,18,21,19,16,13,16,17,18,21,19,16,13
9501,13,14,14,16,15,14,11,13,14,14,16,15,14,11,13,14,14,16,15,14,11
9502,27,31,32,31,27,25,26,27,31,32,31,27,25,26,27,31,32,31,27,25,26
9503,28,57,62,58,51,25,23,28,57,62,58,51,25,23,28,57,62,58,51,25,23
9504,31,36,40,47,61,59,36,31,36,40,47,61,59,36,31,36,40,47,61,59,36
9505,116,127,133,122,106,96,97,116,127,133,122,106,96,97,116,127,133,122,106,96,97
9506,116,127,133,122,106,96,97,116,127,133,122,106,96,97,116,127,133,122,106,96,97
9507,116,127,133,122,106,96,97,116,127,133,122,106,96,97,116,127,133,122,106,96,97
9508,12,17,17,15,15,14,12,12,17,17,15,15,14,12,12,17,17,15,15,14,12
9509,3,2,2,3,3,3,3,3,2,2,3,3,3,3,3,2,2,3,3,3,3
9510,0,0,0,0,0,0,0,0,0,0,0,0,0,0,0,0,0,0,0,0,0
9511,1,0,0,0,0,0,0,1,0,0,0,0,0,0,1,0,0,0,0,0,0
9512,0,0,0,0,0,0,0,0,0,0,0,0,0,0,0,0,0,0,0,0,0
9513,1,1,1,1,1,1,1,1,1,1,1,1,1,1,1,1,1,1,1,1,1
9514,0,0,0,0,0,0,0,0,0,0,0,0,0,0,0,0,0,0,0,0,0
9515,23,24,23,22,18,17,19,23,24,23,22,18,17,19,23,24,23,22,18,17,19
9516,0,0,0,0,0,0,0,0,0,0,0,0,0,0,0,0,0,0,0,0,0
9517,2,2,3,2,2,2,2,2,2,3,2,2,2,2,2,2,3,2,2,2,2
9518,0,0,0,0,0,0,0,0,0,0,0,0,0,0,0,0,0,0,0,0,0
9519,73,75,75,64,56,56,55,73,75,75,64,56,56,55,73,75,75,64,56,56,55
9520,0,0,0,0,0,0,0,0,0,0,0,0,0,0,0,0,0,0,0,0,0
9521,8,7,8,8,7,6,6,8,7,8,8,7,6,6,8,7,8,8,7,6,6
9522,0,0,0,0,0,0,0,0,0,0,0,0,0,0,0,0,0,0,0,0,0
9523,3,4,4,4,5,4,3,3,4,4,4,5,4,3,3,4,4,4,5,4,3
9524,0,0,0,0,0,0,0,0,0,0,0,0,0,0,0,0,0,0,0,0,0
9525,45,47,48,43,41,38,37,45,47,48,43,41,38,37,45,47,48,43,41,38,37
9526,2,3,3,3,2,2,2,2,3,3,3,2,2,2,2,3,3,3,2,2,2
9527,0,0,0,0,0,0,0,0,0,0,0,0,0,0,0,0,0,0,0,0,0
9528,51,63,68,65,56,47,43,51,63,68,65,56,47,43,51,63,68,65,56,47,43
9529,60,59,60,58,54,51,50,60,59,60,58,54,51,50,60,59,60,58,54,51,50
9530,0,1,0,1,1,1,1,0,1,0,1,1,1,1,0,1,0,1,1,1,1
9531,0,0,0,0,0,0,0,0,0,0,0,0,0,0,0,0,0,0,0,0,0
9532,0,0,0,0,0,0,0,0,0,0,0,0,0,0,0,0,0,0,0,0,0
9533,0,0,0,0,0,0,0,0,0,0,0,0,0,0,0,0,0,0,0,0,0
9534,0,0,0,0,0,0,0,0,0,0,0,0,0,0,0,0,0,0,0,0,0
9535,0,0,0,0,0,0,0,0,0,0,0,0,0,0,0,0,0,0,0,0,0
9536,0,0,0,0,0,0,0,0,0,0,0,0,0,0,0,0,0,0,0,0,0
9537,2,2,2,2,1,2,1,2,2,2,2,1,2,1,2,2,2,2,1,2,1
9538,0,0,0,0,0,0,0,0,0,0,0,0,0,0,0,0,0,0,0,0,0
9539,0,0,0,0,0,0,0,0,0,0,0,0,0,0,0,0,0,0,0,0,0
9540,0,0,0,0,0,0,0,0,0,0,0,0,0,0,0,0,0,0,0,0,0
9541,0,0,0,0,0,0,0,0,0,0,0,0,0,0,0,0,0,0,0,0,0
9542,0,0,0,0,0,0,0,0,0,0,0,0,0,0,0,0,0,0,0,0,0
9543,8,9,10,11,11,9,8,8,9,10,11,11,9,8,8,9,10,11,11,9,8
9544,5,5,6,5,4,4,4,5,5,6,5,4,4,4,5,5,6,5,4,4,4
9545,7,7,7,7,6,6,6,7,7,7,7,6,6,6,7,7,7,7,6,6,6
9546,2,2,2,1,1,1,2,2,2,2,1,1,1,2,2,2,2,1,1,1,2
9547,1,0,1,1,1,1,1,1,0,1,1,1,1,1,1,0,1,1,1,1,1
9548,1,1,1,1,1,1,1,1,1,1,1,1,1,1,1,1,1,1,1,1,1
9549,1,1,1,1,1,1,1,1,1,1,1,1,1,1,1,1,1,1,1,1,1
9550,1,1,1,1,1,1,1,1,1,1,1,1,1,1,1,1,1,1,1,1,1
9551,0,0,0,0,0,0,0,0,0,0,0,0,0,0,0,0,0,0,0,0,0
9552,1,1,1,1,1,0,0,1,1,1,1,1,0,0,1,1,1,1,1,0,0
9553,116,127,133,122,106,96,97,116,127,133,122,106,96,97,116,127,133,122,106,96,97
9554,32,59,53,44,53,44,25,32,59,53,44,53,44,25,32,59,53,44,53,44,25
9555,116,127,133,122,106,96,97,116,127,133,122,106,96,97,116,127,133,122,106,96,97
9556,8,9,10,11,11,7,6,8,9,10,11,11,7,6,8,9,10,11,11,7,6
9557,11,12,15,14,14,11,6,11,12,15,14,14,11,6,11,12,15,14,14,11,6
9558,0,0,0,0,0,0,0,0,0,0,0,0,0,0,0,0,0,0,0,0,0
9559,0,0,0,0,0,0,0,0,0,0,0,0,0,0,0,0,0,0,0,0,0
9560,0,0,0,0,0,0,0,0,0,0,0,0,0,0,0,0,0,0,0,0,0
9561,1,1,1,0,1,1,1,1,1,1,0,1,1,1,1,1,1,0,1,1,1
9562,1,1,1,1,1,0,1,1,1,1,1,1,0,1,1,1,1,1,1,0,1
9563,0,0,0,0,0,0,0,0,0,0,0,0,0,0,0,0,0,0,0,0,0
9564,0,0,0,0,0,0,0,0,0,0,0,0,0,0,0,0,0,0,0,0,0
9565,1,1,1,1,1,1,0,1,1,1,1,1,1,0,1,1,1,1,1,1,0
9566,0,0,0,0,0,0,0,0,0,0,0,0,0,0,0,0,0,0,0,0,0
9567,9,10,12,10,9,7,7,9,10,12,10,9,7,7,9,10,12,10,9,7,7
9568,0,0,0,0,0,0,0,0,0,0,0,0,0,0,0,0,0,0,0,0,0
9569,11,14,14,11,8,7,7,11,14,14,11,8,7,7,11,14,14,11,8,7,7
9570,0,0,0,0,0,0,0,0,0,0,0,0,0,0,0,0,0,0,0,0,0
9571,24,24,23,21,19,18,20,24,24,23,21,19,18,20,24,24,23,21,19,18,20
9572,0,0,0,0,0,0,0,0,0,0,0,0,0,0,0,0,0,0,0,0,0
9573,10,11,10,9,8,7,7,10,11,10,9,8,7,7,10,11,10,9,8,7,7
9574,7,7,7,7,6,6,6,7,7,7,7,6,6,6,7,7,7,7,6,6,6
9575,5,5,5,5,4,4,4,5,5,5,5,4,4,4,5,5,5,5,4,4,4
9576,66,69,75,69,65,62,58,66,69,75,69,65,62,58,66,69,75,69,65,62,58
9577,8,9,9,10,9,7,6,8,9,9,10,9,7,6,8,9,9,10,9,7,6
9578,7,6,5,5,5,5,5,7,6,5,5,5,5,5,7,6,5,5,5,5,5
9579,2,2,2,2,1,1,2,2,2,2,2,1,1,2,2,2,2,2,1,1,2
9580,0,0,0,0,0,0,0,0,0,0,0,0,0,0,0,0,0,0,0,0,0
9581,0,0,0,0,0,0,0,0,0,0,0,0,0,0,0,0,0,0,0,0,0
9582,5,5,5,5,4,4,4,5,5,5,5,4,4,4,5,5,5,5,4,4,4
9583,1,1,1,1,0,0,1,1,1,1,1,0,0,1,1,1,1,1,0,0,1
9584,46,50,52,48,45,42,40,46,50,52,48,45,42,40,46,50,52,48,45,42,40
9585,0,0,0,0,0,0,0,0,0,0,0,0,0,0,0,0,0,0,0,0,0
9586,0,0,0,0,0,0,0,0,0,0,0,0,0,0,0,0,0,0,0,0,0
9587,0,0,0,0,0,0,0,0,0,0,0,0,0,0,0,0,0,0,0,0,0
9588,2,2,2,1,2,1,2,2,2,2,1,2,1,2,2,2,2,1,2,1,2
9589,116,127,133,122,106,96,97,116,127,133,122,106,96,97,116,127,133,122,106,96,97
9590,0,1,2,1,1,1,1,0,1,2,1,1,1,1,0,1,2,1,1,1,1
9591,6,6,6,6,6,5,5,6,6,6,6,6,5,5,6,6,6,6,6,5,5
9592,4,4,3,3,3,2,3,4,4,3,3,3,2,3,4,4,3,3,3,2,3
9593,0,0,0,0,0,0,0,0,0,0,0,0,0,0,0,0,0,0,0,0,0
9594,0,0,0,0,0,0,0,0,0,0,0,0,0,0,0,0,0,0,0,0,0
9595,0,0,0,0,0,0,0,0,0,0,0,0,0,0,0,0,0,0,0,0,0
9596,0,1,1,1,1,0,0,0,1,1,1,1,0,0,0,1,1,1,1,0,0
9597,0,0,1,1,1,0,0,0,0,1,1,1,0,0,0,0,1,1,1,0,0
9598,60,60,58,58,53,53,49,60,60,58,58,53,53,49,60,60,58,58,53,53,49
9599,0,0,0,0,0,0,0,0,0,0,0,0,0,0,0,0,0,0,0,0,0
9600,1,1,0,0,0,0,1,1,1,0,0,0,0,1,1,1,0,0,0,0,1
9601,5,5,5,4,4,3,4,5,5,5,4,4,3,4,5,5,5,4,4,3,4
9602,0,0,0,0,0,0,0,0,0,0,0,0,0,0,0,0,0,0,0,0,0
9603,0,0,0,0,0,0,0,0,0,0,0,0,0,0,0,0,0,0,0,0,0
9604,0,0,0,0,0,0,0,0,0,0,0,0,0,0,0,0,0,0,0,0,0
9605,0,0,0,0,0,0,0,0,0,0,0,0,0,0,0,0,0,0,0,0,0
9606,0,0,0,0,0,0,0,0,0,0,0,0,0,0,0,0,0,0,0,0,0
9607,0,0,0,0,0,0,0,0,0,0,0,0,0,0,0,0,0,0,0,0,0
9608,0,0,1,0,0,0,0,0,0,1,0,0,0,0,0,0,1,0,0,0,0
9609,0,0,0,0,0,0,0,0,0,0,0,0,0,0,0,0,0,0,0,0,0
9610,1,1,1,1,1,1,1,1,1,1,1,1,1,1,1,1,1,1,1,1,1
9611,0,0,0,0,0,0,0,0,0,0,0,0,0,0,0,0,0,0,0,0,0
9612,2,2,2,2,2,2,2,2,2,2,2,2,2,2,2,2,2,2,2,2,2
9613,2,2,2,2,2,1,1,2,2,2,2,2,1,1,2,2,2,2,2,1,1
9614,0,0,0,0,0,0,0,0,0,0,0,0,0,0,0,0,0,0,0,0,0
9615,1,0,0,0,0,0,0,1,0,0,0,0,0,0,1,0,0,0,0,0,0
9616,0,0,0,0,0,0,0,0,0,0,0,0,0,0,0,0,0,0,0,0,0
9617,2,1,1,2,2,2,2,2,1,1,2,2,2,2,2,1,1,2,2,2,2
9618,0,0,0,0,0,0,0,0,0,0,0,0,0,0,0,0,0,0,0,0,0
9619,19,19,20,20,19,17,15,19,19,20,20,19,17,15,19,19,20,20,19,17,15
9620,45,54,59,58,53,40,36,45,54,59,58,53,40,36,45,54,59,58,53,40,36
9621,8,10,10,9,8,7,6,8,10,10,9,8,7,6,8,10,10,9,8,7,6
9622,4,5,5,4,4,3,3,4,5,5,4,4,3,3,4,5,5,4,4,3,3
9623,4,6,7,5,4,3,3,4,6,7,5,4,3,3,4,6,7,5,4,3,3
9624,1,1,1,1,0,0,0,1,1,1,1,0,0,0,1,1,1,1,0,0,0
9625,4,4,5,4,4,3,3,4,4,5,4,4,3,3,4,4,5,4,4,3,3
9626,25,26,27,28,26,22,22,25,26,27,28,26,22,22,25,26,27,28,26,22,22
9627,44,58,61,53,49,38,35,44,58,61,53,49,38,35,44,58,61,53,49,38,35
9628,49,67,68,58,52,39,35,49,67,68,58,52,39,35,49,67,68,58,52,39,35
9629,2,2,2,2,2,2,1,2,2,2,2,2,2,1,2,2,2,2,2,2,1
9630,0,0,0,0,0,0,0,0,0,0,0,0,0,0,0,0,0,0,0,0,0
9631,4,5,5,5,4,4,4,4,5,5,5,4,4,4,4,5,5,5,4,4,4
9632,44,60,55,53,45,35,33,44,60,55,53,45,35,33,44,60,55,53,45,35,33
9633,45,62,58,55,47,34,32,45,62,58,55,47,34,32,45,62,58,55,47,34,32
9634,4,5,5,5,4,4,3,4,5,5,5,4,4,3,4,5,5,5,4,4,3
9635,2,2,2,2,1,1,1,2,2,2,2,1,1,1,2,2,2,2,1,1,1
9636,4,2,1,2,3,2,2,4,2,1,2,3,2,2,4,2,1,2,3,2,2
9637,81,96,91,88,59,49,51,81,96,91,88,59,49,51,81,96,91,88,59,49,51
9638,32,36,37,40,33,35,30,32,36,37,40,33,35,30,32,36,37,40,33,35,30
9639,5,5,4,3,3,3,3,5,5,4,3,3,3,3,5,5,4,3,3,3,3
9640,0,0,0,0,0,0,0,0,0,0,0,0,0,0,0,0,0,0,0,0,0
9641,1,1,1,2,1,2,1,1,1,1,2,1,2,1,1,1,1,2,1,2,1
9642,0,0,0,0,0,0,0,0,0,0,0,0,0,0,0,0,0,0,0,0,0
9643,0,0,0,0,0,0,0,0,0,0,0,0,0,0,0,0,0,0,0,0,0
9644,0,0,0,0,0,0,0,0,0,0,0,0,0,0,0,0,0,0,0,0,0
9645,0,0,0,0,0,0,0,0,0,0,0,0,0,0,0,0,0,0,0,0,0
9646,0,0,0,0,0,0,0,0,0,0,0,0,0,0,0,0,0,0,0,0,0
9647,0,0,0,0,0,0,0,0,0,0,0,0,0,0,0,0,0,0,0,0,0
9648,0,0,0,0,0,0,0,0,0,0,0,0,0,0,0,0,0,0,0,0,0
9649,11,11,12,10,9,8,8,11,11,12,10,9,8,8,11,11,12,10,9,8,8
9650,7,8,8,7,7,6,6,7,8,8,7,7,6,6,7,8,8,7,7,6,6
9651,116,127,133,122,106,96,97,116,127,133,122,106,96,97,116,127,133,122,106,96,97
9652,9,11,9,4,3,4,4,9,11,9,4,3,4,4,9,11,9,4,3,4,4
9653,1,2,2,2,2,1,1,1,2,2,2,2,1,1,1,2,2,2,2,1,1
9654,27,24,29,24,19,22,26,27,24,29,24,19,22,26,27,24,29,24,19,22,26
9655,12,13,12,11,10,9,9,12,13,12,11,10,9,9,12,13,12,11,10,9,9
9656,2,2,1,1,1,1,1,2,2,1,1,1,1,1,2,2,1,1,1,1,1
9657,2,2,1,1,0,1,1,2,2,1,1,0,1,1,2,2,1,1,0,1,1
9658,13,15,16,16,15,11,10,13,15,16,16,15,11,10,13,15,16,16,15,11,10
9659,2,2,2,3,3,3,2,2,2,2,3,3,3,2,2,2,2,3,3,3,2
9660,2,2,2,1,1,1,2,2,2,2,1,1,1,2,2,2,2,1,1,1,2
9661,8,8,7,7,5,4,5,8,8,7,7,5,4,5,8,8,7,7,5,4,5
9662,1,1,1,2,1,1,1,1,1,1,2,1,1,1,1,1,1,2,1,1,1
9663,5,6,7,5,4,3,3,5,6,7,5,4,3,3,5,6,7,5,4,3,3
9664,0,0,0,0,0,0,0,0,0,0,0,0,0,0,0,0,0,0,0,0,0
9665,0,0,0,0,0,0,0,0,0,0,0,0,0,0,0,0,0,0,0,0,0
9666,0,0,0,0,0,0,0,0,0,0,0,0,0,0,0,0,0,0,0,0,0
9667,0,0,0,0,0,0,0,0,0,0,0,0,0,0,0,0,0,0,0,0,0
9668,0,0,0,0,0,0,0,0,0,0,0,0,0,0,0,0,0,0,0,0,0
9669,0,0,0,0,0,0,0,0,0,0,0,0,0,0,0,0,0,0,0,0,0
9670,0,0,0,0,0,0,0,0,0,0,0,0,0,0,0,0,0,0,0,0,0
9671,0,0,0,0,0,0,0,0,0,0,0,0,0,0,0,0,0,0,0,0,0
9672,0,0,0,0,0,0,0,0,0,0,0,0,0,0,0,0,0,0,0,0,0
9673,0,0,0,0,0,0,0,0,0,0,0,0,0,0,0,0,0,0,0,0,0
9674,0,0,0,0,0,0,0,0,0,0,0,0,0,0,0,0,0,0,0,0,0
9675,0,0,0,0,0,0,0,0,0,0,0,0,0,0,0,0,0,0,0,0,0
9676,0,0,0,0,0,0,0,0,0,0,0,0,0,0,0,0,0,0,0,0,0
9677,0,0,0,0,0,0,0,0,0,0,0,0,0,0,0,0,0,0,0,0,0
9678,4,5,5,5,4,4,4,4,5,5,5,4,4,4,4,5,5,5,4,4,4
9679,0,0,0,0,0,0,0,0,0,0,0,0,0,0,0,0,0,0,0,0,0
9680,0,0,0,0,0,0,0,0,0,0,0,0,0,0,0,0,0,0,0,0,0
9681,1,1,1,1,1,1,1,1,1,1,1,1,1,1,1,1,1,1,1,1,1
9682,3,4,5,4,3,3,2,3,4,5,4,3,3,2,3,4,5,4,3,3,2
9683,0,0,0,0,0,0,0,0,0,0,0,0,0,0,0,0,0,0,0,0,0
9684,0,0,0,0,0,0,0,0,0,0,0,0,0,0,0,0,0,0,0,0,0
9685,0,0,0,0,0,0,0,0,0,0,0,0,0,0,0,0,0,0,0,0,0
9686,0,1,0,0,1,0,1,0,1,0,0,1,0,1,0,1,0,0,1,0,1
9687,0,0,0,0,0,0,0,0,0,0,0,0,0,0,0,0,0,0,0,0,0
9688,0,0,0,0,0,0,0,0,0,0,0,0,0,0,0,0,0,0,0,0,0
9689,0,0,0,0,0,0,0,0,0,0,0,0,0,0,0,0,0,0,0,0,0
9690,116,127,133,122,106,96,97,116,127,133,122,106,96,97,116,127,133,122,106,96,97
9691,0,0,0,0,0,0,0,0,0,0,0,0,0,0,0,0,0,0,0,0,0
9692,0,0,0,0,0,0,0,0,0,0,0,0,0,0,0,0,0,0,0,0,0
9693,1,1,1,1,0,1,1,1,1,1,1,0,1,1,1,1,1,1,0,1,1
9694,28,35,37,33,31,27,25,28,35,37,33,31,27,25,28,35,37,33,31,27,25
9695,14,13,14,13,11,10,10,14,13,14,13,11,10,10,14,13,14,13,11,10,10
9696,0,0,0,0,0,0,0,0,0,0,0,0,0,0,0,0,0,0,0,0,0
9697,0,1,1,1,2,2,1,0,1,1,1,2,2,1,0,1,1,1,2,2,1
9698,2,3,3,2,0,1,1,2,3,3,2,0,1,1,2,3,3,2,0,1,1
9699,0,0,0,0,0,0,0,0,0,0,0,0,0,0,0,0,0,0,0,0,0
9700,0,0,0,0,0,0,0,0,0,0,0,0,0,0,0,0,0,0,0,0,0
9701,0,0,0,0,0,0,0,0,0,0,0,0,0,0,0,0,0,0,0,0,0
9702,0,0,0,0,0,0,0,0,0,0,0,0,0,0,0,0,0,0,0,0,0
9703,2,2,2,2,2,1,1,2,2,2,2,2,1,1,2,2,2,2,2,1,1
9704,0,0,0,0,0,0,0,0,0,0,0,0,0,0,0,0,0,0,0,0,0
9705,0,0,0,0,0,0,0,0,0,0,0,0,0,0,0,0,0,0,0,0,0
9706,15,16,17,16,14,13,12,15,16,17,16,14,13,12,15,16,17,16,14,13,12
9707,116,127,133,122,105,96,97,116,127,133,122,105,96,97,116,127,133,122,105,96,97
9708,0,4,4,0,0,0,0,0,4,4,0,0,0,0,0,4,4,0,0,0,0
9709,42,42,41,38,36,33,34,42,42,41,38,36,33,34,42,42,41,38,36,33,34
9710,26,28,30,28,26,23,22,26,28,30,28,26,23,22,26,28,30,28,26,23,22
9711,1,1,1,1,1,1,1,1,1,1,1,1,1,1,1,1,1,1,1,1,1
9712,95,94,76,103,69,73,90,95,94,76,103,69,73,90,95,94,76,103,69,73,90
9713,0,7,9,8,5,2,2,0,7,9,8,5,2,2,0,7,9,8,5,2,2
9714,24,25,32,25,29,19,19,24,25,32,25,29,19,19,24,25,32,25,29,19,19
9715,0,0,0,0,0,0,0,0,0,0,0,0,0,0,0,0,0,0,0,0,0
9716,0,0,0,0,0,0,0,0,0,0,0,0,0,0,0,0,0,0,0,0,0
9717,0,0,0,0,0,0,0,0,0,0,0,0,0,0,0,0,0,0,0,0,0
9718,0,0,0,0,0,0,0,0,0,0,0,0,0,0,0,0,0,0,0,0,0
9719,17,19,21,31,29,27,19,17,19,21,31,29,27,19,17,19,21,31,29,27,19
9720,0,0,0,0,0,0,0,0,0,0,0,0,0,0,0,0,0,0,0,0,0
9721,0,0,0,0,0,0,0,0,0,0,0,0,0,0,0,0,0,0,0,0,0
9722,1,1,0,0,0,0,0,1,1,0,0,0,0,0,1,1,0,0,0,0,0
9723,1,1,1,1,1,1,1,1,1,1,1,1,1,1,1,1,1,1,1,1,1
9724,5,5,5,4,4,3,4,5,5,5,4,4,3,4,5,5,5,4,4,3,4
9725,10,10,9,8,7,7,8,10,10,9,8,7,7,8,10,10,9,8,7,7,8
9726,2,2,1,1,1,0,2,2,2,1,1,1,0,2,2,2,1,1,1,0,2
9727,32,35,32,29,27,22,27,32,35,32,29,27,22,27,32,35,32,29,27,22,27
9728,0,0,0,0,0,0,0,0,0,0,0,0,0,0,0,0,0,0,0,0,0
9729,15,14,15,11,10,10,12,15,14,15,11,10,10,12,15,14,15,11,10,10,12
9730,2,2,2,2,2,2,2,2,2,2,2,2,2,2,2,2,2,2,2,2,2
9731,2,2,2,2,1,1,1,2,2,2,2,1,1,1,2,2,2,2,1,1,1
9732,18,19,20,19,17,14,14,18,19,20,19,17,14,14,18,19,20,19,17,14,14
9733,1,1,1,1,1,0,1,1,1,1,1,1,0,1,1,1,1,1,1,0,1
9734,5,5,4,2,2,3,3,5,5,4,2,2,3,3,5,5,4,2,2,3,3
9735,5,5,5,2,4,3,4,5,5,5,2,4,3,4,5,5,5,2,4,3,4
9736,11,12,12,10,9,9,9,11,12,12,10,9,9,9,11,12,12,10,9,9,9
9737,12,13,12,10,9,8,10,12,13,12,10,9,8,10,12,13,12,10,9,8,10
9738,32,37,39,38,32,26,25,32,37,39,38,32,26,25,32,37,39,38,32,26,25
9739,1,1,1,0,0,0,0,1,1,1,0,0,0,0,1,1,1,0,0,0,0
9740,1,1,1,1,1,1,1,1,1,1,1,1,1,1,1,1,1,1,1,1,1
9741,0,0,0,0,0,0,0,0,0,0,0,0,0,0,0,0,0,0,0,0,0
9742,1,1,1,0,0,0,0,1,1,1,0,0,0,0,1,1,1,0,0,0,0
9743,57,57,53,48,45,44,48,57,57,53,48,45,44,48,57,57,53,48,45,44,48
9744,3,4,3,2,2,2,2,3,4,3,2,2,2,2,3,4,3,2,2,2,2
9745,3,2,2,2,2,2,2,3,2,2,2,2,2,2,3,2,2,2,2,2,2
9746,1,1,1,1,1,1,1,1,1,1,1,1,1,1,1,1,1,1,1,1,1
9747,16,16,15,12,10,10,13,16,16,15,12,10,10,13,16,16,15,12,10,10,13
9748,0,1,1,1,0,0,0,0,1,1,1,0,0,0,0,1,1,1,0,0,0
9749,1,1,1,1,1,1,1,1,1,1,1,1,1,1,1,1,1,1,1,1,1
9750,11,11,11,10,10,10,10,11,11,11,10,10,10,10,11,11,11,10,10,10,10
9751,1,0,0,1,0,0,1,1,0,0,1,0,0,1,1,0,0,1,0,0,1
9752,1,1,1,1,1,0,1,1,1,1,1,1,0,1,1,1,1,1,1,0,1
9753,0,0,0,0,0,0,0,0,0,0,0,0,0,0,0,0,0,0,0,0,0
9754,0,0,0,0,0,0,0,0,0,0,0,0,0,0,0,0,0,0,0,0,0
9755,1,1,1,2,1,1,1,1,1,1,2,1,1,1,1,1,1,2,1,1,1
9756,0,0,0,0,0,0,0,0,0,0,0,0,0,0,0,0,0,0,0,0,0
9757,0,0,0,0,0,0,0,0,0,0,0,0,0,0,0,0,0,0,0,0,0
9758,0,0,0,0,0,0,0,0,0,0,0,0,0,0,0,0,0,0,0,0,0
9759,0,0,0,0,0,0,0,0,0,0,0,0,0,0,0,0,0,0,0,0,0
9760,0,0,0,0,0,0,0,0,0,0,0,0,0,0,0,0,0,0,0,0,0
9761,0,0,0,0,0,0,0,0,0,0,0,0,0,0,0,0,0,0,0,0,0
9762,0,0,0,0,0,0,0,0,0,0,0,0,0,0,0,0,0,0,0,0,0
9763,0,0,0,0,0,0,0,0,0,0,0,0,0,0,0,0,0,0,0,0,0
9764,0,0,0,0,0,0,0,0,0,0,0,0,0,0,0,0,0,0,0,0,0
9765,0,0,0,0,0,0,0,0,0,0,0,0,0,0,0,0,0,0,0,0,0
9766,0,0,0,0,0,0,0,0,0,0,0,0,0,0,0,0,0,0,0,0,0
9767,0,0,0,0,0,0,0,0,0,0,0,0,0,0,0,0,0,0,0,0,0
9768,0,0,0,0,0,0,0,0,0,0,0,0,0,0,0,0,0,0,0,0,0
9769,0,0,0,0,0,0,0,0,0,0,0,0,0,0,0,0,0,0,0,0,0
9770,0,0,0,0,0,0,0,0,0,0,0,0,0,0,0,0,0,0,0,0,0
9771,0,0,0,0,0,0,0,0,0,0,0,0,0,0,0,0,0,0,0,0,0
9772,0,0,0,0,0,0,0,0,0,0,0,0,0,0,0,0,0,0,0,0,0
9773,3,3,4,5,5,4,3,3,3,4,5,5,4,3,3,3,4,5,5,4,3
9774,13,14,14,16,18,14,10,13,14,14,16,18,14,10,13,14,14,16,18,14,10
9775,3,3,2,2,2,2,2,3,3,2,2,2,2,2,3,3,2,2,2,2,2
9776,6,7,7,11,11,8,6,6,7,7,11,11,8,6,6,7,7,11,11,8,6
9777,4,4,5,6,5,4,3,4,4,5,6,5,4,3,4,4,5,6,5,4,3
9778,15,17,18,19,16,12,12,15,17,18,19,16,12,12,15,17,18,19,16,12,12
9779,0,1,1,2,1,1,1,0,1,1,2,1,1,1,0,1,1,2,1,1,1
9780,6,8,9,9,8,6,6,6,8,9,9,8,6,6,6,8,9,9,8,6,6
9781,5,6,6,7,7,5,4,5,6,6,7,7,5,4,5,6,6,7,7,5,4
9782,6,6,7,5,5,5,4,6,6,7,5,5,5,4,6,6,7,5,5,5,4
9783,0,0,0,0,0,0,0,0,0,0,0,0,0,0,0,0,0,0,0,0,0
9784,1,1,1,1,1,0,0,1,1,1,1,1,0,0,1,1,1,1,1,0,0
9785,0,0,0,0,0,0,0,0,0,0,0,0,0,0,0,0,0,0,0,0,0
9786,0,0,0,0,0,0,0,0,0,0,0,0,0,0,0,0,0,0,0,0,0
9787,0,0,0,0,0,0,0,0,0,0,0,0,0,0,0,0,0,0,0,0,0
9788,2,1,3,5,5,4,1,2,1,3,5,5,4,1,2,1,3,5,5,4,1
9789,0,0,0,0,0,0,0,0,0,0,0,0,0,0,0,0,0,0,0,0,0
9790,0,0,0,0,0,0,0,0,0,0,0,0,0,0,0,0,0,0,0,0,0
9791,0,0,0,0,0,0,0,0,0,0,0,0,0,0,0,0,0,0,0,0,0
9792,0,0,0,0,0,0,0,0,0,0,0,0,0,0,0,0,0,0,0,0,0
9793,7,9,8,7,7,6,7,7,9,8,7,7,6,7,7,9,8,7,7,6,7
9794,103,114,116,114,105,91,87,103,114,116,114,105,91,87,103,114,116,114,105,91,87
9795,8,8,7,6,5,5,4,8,8,7,6,5,5,4,8,8,7,6,5,5,4
9796,116,127,133,122,106,96,97,116,127,133,122,106,96,97,116,127,133,122,106,96,97
9797,22,21,20,20,19,18,18,22,21,20,20,19,18,18,22,21,20,20,19,18,18
9798,14,16,17,16,15,14,13,14,16,17,16,15,14,13,14,16,17,16,15,14,13
9799,116,127,133,122,106,96,97,116,127,133,122,106,96,97,116,127,133,122,106,96,97
9800,0,0,0,0,0,0,0,0,0,0,0,0,0,0,0,0,0,0,0,0,0
9801,14,14,12,10,10,10,11,14,14,12,10,10,10,11,14,14,12,10,10,10,11
9802,21,24,26,28,22,14,13,21,24,26,28,22,14,13,21,24,26,28,22,14,13
9803,5,5,5,5,5,5,5,5,5,5,5,5,5,5,5,5,5,5,5,5,5
9804,0,0,0,0,0,0,0,0,0,0,0,0,0,0,0,0,0,0,0,0,0
9805,11,17,12,11,8,10,11,11,17,12,11,8,10,11,11,17,12,11,8,10,11
9806,5,5,3,2,3,3,5,5,5,3,2,3,3,5,5,5,3,2,3,3,5
9807,1,2,3,2,2,2,1,1,2,3,2,2,2,1,1,2,3,2,2,2,1
9808,2,3,2,2,2,2,2,2,3,2,2,2,2,2,2,3,2,2,2,2,2
9809,3,2,3,3,3,3,2,3,2,3,3,3,3,2,3,2,3,3,3,3,2
9810,3,3,3,3,2,2,2,3,3,3,3,2,2,2,3,3,3,3,2,2,2
9811,1,1,1,1,1,1,1,1,1,1,1,1,1,1,1,1,1,1,1,1,1
9812,1,1,1,1,1,1,1,1,1,1,1,1,1,1,1,1,1,1,1,1,1
9813,18,19,17,16,15,14,15,18,19,17,16,15,14,15,18,19,17,16,15,14,15
9814,2,2,1,1,2,1,2,2,2,1,1,2,1,2,2,2,1,1,2,1,2
9815,1,1,1,1,0,1,1,1,1,1,1,0,1,1,1,1,1,1,0,1,1
9816,0,1,1,1,0,1,0,0,1,1,1,0,1,0,0,1,1,1,0,1,0
9817,0,0,0,1,1,1,1,0,0,0,1,1,1,1,0,0,0,1,1,1,1
9818,4,6,6,6,5,3,2,4,6,6,6,5,3,2,4,6,6,6,5,3,2
9819,3,3,4,3,3,3,3,3,3,4,3,3,3,3,3,3,4,3,3,3,3
9820,0,0,0,0,0,0,0,0,0,0,0,0,0,0,0,0,0,0,0,0,0
9821,0,0,0,0,0,0,0,0,0,0,0,0,0,0,0,0,0,0,0,0,0
9822,0,0,0,0,0,0,0,0,0,0,0,0,0,0,0,0,0,0,0,0,0
9823,1,2,3,2,2,1,1,1,2,3,2,2,1,1,1,2,3,2,2,1,1
9824,2,3,2,2,2,2,2,2,3,2,2,2,2,2,2,3,2,2,2,2,2
9825,0,0,0,0,0,0,9,0,0,0,0,0,0,9,0,0,0,0,0,0,9
9826,0,0,0,0,0,0,0,0,0,0,0,0,0,0,0,0,0,0,0,0,0
9827,0,0,0,0,0,0,0,0,0,0,0,0,0,0,0,0,0,0,0,0,0
9828,0,0,0,0,0,0,0,0,0,0,0,0,0,0,0,0,0,0,0,0,0
9829,0,0,0,0,0,0,0,0,0,0,0,0,0,0,0,0,0,0,0,0,0
9830,3,3,4,4,3,3,2,3,3,4,4,3,3,2,3,3,4,4,3,3,2
9831,4,5,6,5,4,4,3,4,5,6,5,4,4,3,4,5,6,5,4,4,3
9832,0,0,0,0,0,0,0,0,0,0,0,0,0,0,0,0,0,0,0,0,0
9833,45,64,69,46,58,40,26,45,64,69,46,58,40,26,45,64,69,46,58,40,26
9834,58,56,57,52,52,46,49,58,56,57,52,52,46,49,58,56,57,52,52,46,49
9835,17,18,18,17,17,17,16,17,18,18,17,17,17,16,17,18,18,17,17,17,16
9836,0,0,0,0,0,0,0,0,0,0,0,0,0,0,0,0,0,0,0,0,0
9837,6,7,7,5,4,4,5,6,7,7,5,4,4,5,6,7,7,5,4,4,5
9838,2,3,3,2,3,2,2,2,3,3,2,3,2,2,2,3,3,2,3,2,2
9839,0,0,0,0,0,0,0,0,0,0,0,0,0,0,0,0,0,0,0,0,0
9840,0,0,0,0,0,0,0,0,0,0,0,0,0,0,0,0,0,0,0,0,0
9841,1,1,1,2,1,1,1,1,1,1,2,1,1,1,1,1,1,2,1,1,1
9842,1,1,0,1,1,1,1,1,1,0,1,1,1,1,1,1,0,1,1,1,1
9843,0,0,0,0,0,0,0,0,0,0,0,0,0,0,0,0,0,0,0,0,0
9844,26,25,25,22,21,18,18,26,25,25,22,21,18,18,26,25,25,22,21,18,18
9845,6,9,12,12,10,6,3,6,9,12,12,10,6,3,6,9,12,12,10,6,3
9846,0,0,0,0,0,0,0,0,0,0,0,0,0,0,0,0,0,0,0,0,0
9847,0,0,0,0,0,0,0,0,0,0,0,0,0,0,0,0,0,0,0,0,0
9848,4,4,3,3,3,3,4,4,4,3,3,3,3,4,4,4,3,3,3,3,4
9849,0,0,0,0,0,0,0,0,0,0,0,0,0,0,0,0,0,0,0,0,0
9850,0,0,0,0,0,0,0,0,0,0,0,0,0,0,0,0,0,0,0,0,0
9851,1,1,1,0,0,0,1,1,1,1,0,0,0,1,1,1,1,0,0,0,1
9852,24,25,28,24,20,20,19,24,25,28,24,20,20,19,24,25,28,24,20,20,19
9853,29,33,35,33,30,25,25,29,33,35,33,30,25,25,29,33,35,33,30,25,25
9854,1,0,1,1,0,1,1,1,0,1,1,0,1,1,1,0,1,1,0,1,1
9855,56,66,62,50,47,44,44,56,66,62,50,47,44,44,56,66,62,50,47,44,44
9856,8,9,9,7,7,5,7,8,9,9,7,7,5,7,8,9,9,7,7,5,7
9857,2,2,2,2,2,1,1,2,2,2,2,2,1,1,2,2,2,2,2,1,1
9858,2,4,4,4,3,2,2,2,4,4,4,3,2,2,2,4,4,4,3,2,2
9859,33,42,41,38,32,27,28,33,42,41,38,32,27,28,33,42,41,38,32,27,28
9860,16,18,18,16,15,13,14,16,18,18,16,15,13,14,16,18,18,16,15,13,14
9861,1,1,1,1,0,1,1,1,1,1,1,0,1,1,1,1,1,1,0,1,1
9862,5,7,8,6,5,4,4,5,7,8,6,5,4,4,5,7,8,6,5,4,4
9863,2,3,3,2,2,2,1,2,3,3,2,2,2,1,2,3,3,2,2,2,1
9864,3,3,3,3,3,2,3,3,3,3,3,3,2,3,3,3,3,3,3,2,3
9865,1,1,1,1,1,1,1,1,1,1,1,1,1,1,1,1,1,1,1,1,1
9866,5,7,9,8,7,5,4,5,7,9,8,7,5,4,5,7,9,8,7,5,4
9867,27,30,34,34,30,27,22,27,30,34,34,30,27,22,27,30,34,34,30,27,22
9868,4,5,6,4,3,3,2,4,5,6,4,3,3,2,4,5,6,4,3,3,2
9869,0,0,0,0,0,0,0,0,0,0,0,0,0,0,0,0,0,0,0,0,0
9870,0,0,0,0,0,0,0,0,0,0,0,0,0,0,0,0,0,0,0,0,0
9871,0,0,0,0,0,0,0,0,0,0,0,0,0,0,0,0,0,0,0,0,0
9872,0,0,0,0,0,0,0,0,0,0,0,0,0,0,0,0,0,0,0,0,0
9873,0,0,0,0,0,0,0,0,0,0,0,0,0,0,0,0,0,0,0,0,0
9874,0,0,0,0,0,0,0,0,0,0,0,0,0,0,0,0,0,0,0,0,0
9875,0,0,0,0,0,0,0,0,0,0,0,0,0,0,0,0,0,0,0,0,0
9876,0,0,0,0,0,0,0,0,0,0,0,0,0,0,0,0,0,0,0,0,0
9877,0,0,0,0,0,0,0,0,0,0,0,0,0,0,0,0,0,0,0,0,0
9878,90,94,95,96,87,84,82,90,94,95,96,87,84,82,90,94,95,96,87,84,82
9879,3,3,3,3,2,3,4,3,3,3,3,2,3,4,3,3,3,3,2,3,4
9880,1,0,0,0,0,0,0,1,0,0,0,0,0,0,1,0,0,0,0,0,0
9881,2,2,2,2,2,2,1,2,2,2,2,2,2,1,2,2,2,2,2,2,1
9882,4,5,6,5,4,3,3,4,5,6,5,4,3,3,4,5,6,5,4,3,3
9883,4,4,4,3,3,3,4,4,4,4,3,3,3,4,4,4,4,3,3,3,4
9884,2,2,2,2,2,2,2,2,2,2,2,2,2,2,2,2,2,2,2,2,2
9885,16,18,19,20,18,15,14,16,18,19,20,18,15,14,16,18,19,20,18,15,14
9886,0,0,0,0,0,0,0,0,0,0,0,0,0,0,0,0,0,0,0,0,0
9887,4,5,5,5,4,4,4,4,5,5,5,4,4,4,4,5,5,5,4,4,4
9888,6,6,6,7,7,4,5,6,6,6,7,7,4,5,6,6,6,7,7,4,5
9889,33,44,55,47,39,24,22,33,44,55,47,39,24,22,33,44,55,47,39,24,22
9890,0,0,0,0,0,0,0,0,0,0,0,0,0,0,0,0,0,0,0,0,0
9891,3,3,3,4,3,3,3,3,3,3,4,3,3,3,3,3,3,4,3,3,3
9892,4,3,3,3,3,3,3,4,3,3,3,3,3,3,4,3,3,3,3,3,3
9893,9,9,10,9,8,7,7,9,9,10,9,8,7,7,9,9,10,9,8,7,7
9894,2,0,1,2,1,2,2,2,0,1,2,1,2,2,2,0,1,2,1,2,2
9895,0,0,0,0,0,0,0,0,0,0,0,0,0,0,0,0,0,0,0,0,0
9896,4,4,4,3,3,3,3,4,4,4,3,3,3,3,4,4,4,3,3,3,3
9897,17,19,21,20,16,14,14,17,19,21,20,16,14,14,17,19,21,20,16,14,14
9898,16,18,17,16,14,11,12,16,18,17,16,14,11,12,16,18,17,16,14,11,12
9899,44,50,53,47,38,32,33,44,50,53,47,38,32,33,44,50,53,47,38,32,33
9900,19,23,19,15,15,17,17,19,23,19,15,15,17,17,19,23,19,15,15,17,17
9901,34,45,47,42,35,26,25,34,45,47,42,35,26,25,34,45,47,42,35,26,25
9902,116,127,133,122,106,96,97,116,127,133,122,106,96,97,116,127,133,122,106,96,97
9903,101,114,130,113,92,77,79,101,114,130,113,92,77,79,101,114,130,113,92,77,79
9904,33,39,40,36,31,28,25,33,39,40,36,31,28,25,33,39,40,36,31,28,25
9905,22,24,34,32,25,12,12,22,24,34,32,25,12,12,22,24,34,32,25,12,12
9906,1,1,1,1,1,1,1,1,1,1,1,1,1,1,1,1,1,1,1,1,1
9907,1,1,1,1,1,1,1,1,1,1,1,1,1,1,1,1,1,1,1,1,1
9908,5,0,0,0,3,4,4,5,0,0,0,3,4,4,5,0,0,0,3,4,4
9909,0,0,0,0,0,0,0,0,0,0,0,0,0,0,0,0,0,0,0,0,0
9910,3,0,0,0,0,0,0,3,0,0,0,0,0,0,3,0,0,0,0,0,0
9911,0,0,0,0,0,0,0,0,0,0,0,0,0,0,0,0,0,0,0,0,0
9912,0,0,0,0,0,0,0,0,0,0,0,0,0,0,0,0,0,0,0,0,0
9913,0,0,1,19,1,0,0,0,0,1,19,1,0,0,0,0,1,19,1,0,0
9914,0,0,0,0,0,0,0,0,0,0,0,0,0,0,0,0,0,0,0,0,0
9915,0,0,0,0,0,0,0,0,0,0,0,0,0,0,0,0,0,0,0,0,0
9916,1,2,2,2,2,2,1,1,2,2,2,2,2,1,1,2,2,2,2,2,1
9917,33,41,40,36,30,26,27,33,41,40,36,30,26,27,33,41,40,36,30,26,27
9918,6,7,7,7,6,5,5,6,7,7,7,6,5,5,6,7,7,7,6,5,5
9919,17,19,20,16,15,13,15,17,19,20,16,15,13,15,17,19,20,16,15,13,15
9920,0,0,0,0,0,0,0,0,0,0,0,0,0,0,0,0,0,0,0,0,0
9921,0,0,0,0,0,0,0,0,0,0,0,0,0,0,0,0,0,0,0,0,0
9922,0,0,0,0,0,0,0,0,0,0,0,0,0,0,0,0,0,0,0,0,0
9923,0,0,0,0,0,0,0,0,0,0,0,0,0,0,0,0,0,0,0,0,0
9924,0,0,0,0,0,0,0,0,0,0,0,0,0,0,0,0,0,0,0,0,0
9925,0,0,0,0,0,0,0,0,0,0,0,0,0,0,0,0,0,0,0,0,0
9926,2,2,2,1,1,2,1,2,2,2,1,1,2,1,2,2,2,1,1,2,1
9927,19,19,18,14,17,17,17,19,19,18,14,17,17,17,19,19,18,14,17,17,17
9928,0,0,0,0,0,0,0,0,0,0,0,0,0,0,0,0,0,0,0,0,0
9929,38,30,35,39,36,38,34,38,30,35,39,36,38,34,38,30,35,39,36,38,34
9930,1,1,1,0,0,0,1,1,1,1,0,0,0,1,1,1,1,0,0,0,1
9931,17,16,30,46,53,40,59,17,16,30,46,53,40,59,17,16,30,46,53,40,59
9932,0,4,4,4,0,0,0,0,4,4,4,0,0,0,0,4,4,4,0,0,0
9933,1,1,1,1,1,1,1,1,1,1,1,1,1,1,1,1,1,1,1,1,1
9934,0,0,0,0,0,0,0,0,0,0,0,0,0,0,0,0,0,0,0,0,0
9935,0,0,0,0,0,0,0,0,0,0,0,0,0,0,0,0,0,0,0,0,0
9936,0,0,0,0,0,0,0,0,0,0,0,0,0,0,0,0,0,0,0,0,0
9937,0,0,0,0,0,0,0,0,0,0,0,0,0,0,0,0,0,0,0,0,0
9938,0,0,0,0,0,0,0,0,0,0,0,0,0,0,0,0,0,0,0,0,0
9939,0,0,0,0,0,0,0,0,0,0,0,0,0,0,0,0,0,0,0,0,0
9940,0,0,0,0,0,0,0,0,0,0,0,0,0,0,0,0,0,0,0,0,0
9941,0,0,0,0,0,0,0,0,0,0,0,0,0,0,0,0,0,0,0,0,0
9942,0,0,0,0,0,0,0,0,0,0,0,0,0,0,0,0,0,0,0,0,0
9943,0,0,0,0,0,0,0,0,0,0,0,0,0,0,0,0,0,0,0,0,0
9944,72,84,82,82,72,71,64,72,84,82,82,72,71,64,72,84,82,82,72,71,64
9945,19,25,24,26,25,21,21,19,25,24,26,25,21,21,19,25,24,26,25,21,21
9946,0,0,0,0,0,0,0,0,0,0,0,0,0,0,0,0,0,0,0,0,0
9947,0,0,0,0,0,0,0,0,0,0,0,0,0,0,0,0,0,0,0,0,0
9948,0,0,0,0,0,0,0,0,0,0,0,0,0,0,0,0,0,0,0,0,0
9949,0,0,0,0,0,0,0,0,0,0,0,0,0,0,0,0,0,0,0,0,0
9950,0,0,0,0,0,0,0,0,0,0,0,0,0,0,0,0,0,0,0,0,0
9951,8,8,9,9,8,6,6,8,8,9,9,8,6,6,8,8,9,9,8,6,6
9952,13,14,15,14,12,11,11,13,14,15,14,12,11,11,13,14,15,14,12,11,11
9953,5,6,7,6,5,5,5,5,6,7,6,5,5,5,5,6,7,6,5,5,5
9954,3,3,3,3,3,2,2,3,3,3,3,3,2,2,3,3,3,3,3,2,2
9955,0,0,0,0,0,0,0,0,0,0,0,0,0,0,0,0,0,0,0,0,0
9956,0,0,0,0,0,0,0,0,0,0,0,0,0,0,0,0,0,0,0,0,0
9957,32,34,35,34,31,29,28,32,34,35,34,31,29,28,32,34,35,34,31,29,28
9958,0,0,0,0,0,0,0,0,0,0,0,0,0,0,0,0,0,0,0,0,0
9959,0,0,0,0,0,0,0,0,0,0,0,0,0,0,0,0,0,0,0,0,0
9960,0,0,0,0,0,0,0,0,0,0,0,0,0,0,0,0,0,0,0,0,0
9961,0,0,0,0,0,0,0,0,0,0,0,0,0,0,0,0,0,0,0,0,0
9962,0,0,0,0,0,0,0,0,0,0,0,0,0,0,0,0,0,0,0,0,0
9963,0,1,1,1,1,1,0,0,1,1,1,1,1,0,0,1,1,1,1,1,0
9964,1,1,1,1,1,1,1,1,1,1,1,1,1,1,1,1,1,1,1,1,1
9965,0,0,0,0,0,0,0,0,0,0,0,0,0,0,0,0,0,0,0,0,0
9966,0,0,0,0,0,0,0,0,0,0,0,0,0,0,0,0,0,0,0,0,0
9967,1,1,1,1,1,1,1,1,1,1,1,1,1,1,1,1,1,1,1,1,1
9968,2,2,2,3,3,3,2,2,2,2,3,3,3,2,2,2,2,3,3,3,2
9969,0,0,0,0,0,0,0,0,0,0,0,0,0,0,0,0,0,0,0,0,0
9970,0,0,0,0,0,0,0,0,0,0,0,0,0,0,0,0,0,0,0,0,0
9971,0,1,0,0,0,0,0,0,1,0,0,0,0,0,0,1,0,0,0,0,0
9972,5,5,5,5,4,4,4,5,5,5,5,4,4,4,5,5,5,5,4,4,4
9973,16,17,17,16,15,15,15,16,17,17,16,15,15,15,16,17,17,16,15,15,15
9974,2,2,4,3,3,2,2,2,2,4,3,3,2,2,2,2,4,3,3,2,2
9975,0,0,0,0,0,0,0,0,0,0,0,0,0,0,0,0,0,0,0,0,0
9976,4,3,2,3,3,4,3,4,3,2,3,3,4,3,4,3,2,3,3,4,3
9977,0,0,0,0,0,0,0,0,0,0,0,0,0,0,0,0,0,0,0,0,0
9978,1,1,1,1,1,1,1,1,1,1,1,1,1,1,1,1,1,1,1,1,1
9979,2,2,2,2,2,2,2,2,2,2,2,2,2,2,2,2,2,2,2,2,2
9980,3,3,3,3,3,2,2,3,3,3,3,3,2,2,3,3,3,3,3,2,2
9981,0,0,0,0,0,0,0,0,0,0,0,0,0,0,0,0,0,0,0,0,0
9982,0,0,0,0,0,0,0,0,0,0,0,0,0,0,0,0,0,0,0,0,0
9983,1,2,2,2,2,1,1,1,2,2,2,2,1,1,1,2,2,2,2,1,1
9984,30,34,35,35,30,27,25,30,34,35,35,30,27,25,30,34,35,35,30,27,25
9985,5,6,6,4,3,4,3,5,6,6,4,3,4,3,5,6,6,4,3,4,3
9986,5,7,10,13,13,9,7,5,7,10,13,13,9,7,5,7,10,13,13,9,7
9987,116,127,133,122,106,96,97,116,127,133,122,106,96,97,116,127,133,122,106,96,97
9988,116,127,133,122,106,96,97,116,127,133,122,106,96,97,116,127,133,122,106,96,97
9989,31,16,17,1,0,1,11,31,16,17,1,0,1,11,31,16,17,1,0,1,11
9990,0,0,0,0,0,0,0,0,0,0,0,0,0,0,0,0,0,0,0,0,0
9991,34,11,30,7,1,2,26,34,11,30,7,1,2,26,34,11,30,7,1,2,26
9992,2,2,3,3,3,2,0,2,2,3,3,3,2,0,2,2,3,3,3,2,0
9993,47,23,44,2,0,2,34,47,23,44,2,0,2,34,47,23,44,2,0,2,34
9994,4,3,4,2,2,3,3,4,3,4,2,2,3,3,4,3,4,2,2,3,3
9995,0,0,0,0,0,0,0,0,0,0,0,0,0,0,0,0,0,0,0,0,0
9996,0,0,0,4,0,0,0,0,0,0,4,0,0,0,0,0,0,4,0,0,0
9997,100,79,79,105,79,91,95,100,79,79,105,79,91,95,100,79,79,105,79,91,95
9998,0,0,1,27,28,1,0,0,0,1,27,28,1,0,0,0,1,27,28,1,0
9999,0,0,0,0,0,0,5,0,0,0,0,0,0,5,0,0,0,0,0,0,5
10000,0,0,0,0,0,0,0,0,0,0,0,0,0,0,0,0,0,0,0,0,0
10001,0,0,4,0,0,0,0,0,0,4,0,0,0,0,0,0,4,0,0,0,0
10002,5,2,0,0,0,0,0,5,2,0,0,0,0,0,5,2,0,0,0,0,0
10003,26,26,30,30,28,26,24,26,26,30,30,28,26,24,26,26,30,30,28,26,24
10004,72,67,63,57,57,61,63,72,67,63,57,57,61,63,72,67,63,57,57,61,63
10005,13,14,13,13,12,11,11,13,14,13,13,12,11,11,13,14,13,13,12,11,11
10006,0,0,0,0,0,0,0,0,0,0,0,0,0,0,0,0,0,0,0,0,0
10007,0,1,1,1,1,1,0,0,1,1,1,1,1,0,0,1,1,1,1,1,0
10008,0,0,0,0,0,0,0,0,0,0,0,0,0,0,0,0,0,0,0,0,0
10009,0,0,0,0,0,0,0,0,0,0,0,0,0,0,0,0,0,0,0,0,0
10010,0,0,0,0,0,0,0,0,0,0,0,0,0,0,0,0,0,0,0,0,0
10011,0,0,0,0,0,0,0,0,0,0,0,0,0,0,0,0,0,0,0,0,0
10012,2,2,2,2,1,1,1,2,2,2,2,1,1,1,2,2,2,2,1,1,1
10013,0,0,0,0,0,0,0,0,0,0,0,0,0,0,0,0,0,0,0,0,0
10014,0,0,0,0,0,0,0,0,0,0,0,0,0,0,0,0,0,0,0,0,0
10015,14,16,15,15,14,13,13,14,16,15,15,14,13,13,14,16,15,15,14,13,13
10016,1,1,1,1,1,1,0,1,1,1,1,1,1,0,1,1,1,1,1,1,0
10017,4,4,4,4,4,4,4,4,4,4,4,4,4,4,4,4,4,4,4,4,4
10018,2,2,2,2,2,2,2,2,2,2,2,2,2,2,2,2,2,2,2,2,2
10019,0,0,0,0,0,0,0,0,0,0,0,0,0,0,0,0,0,0,0,0,0
10020,0,0,0,0,0,0,0,0,0,0,0,0,0,0,0,0,0,0,0,0,0
10021,0,0,0,0,0,0,0,0,0,0,0,0,0,0,0,0,0,0,0,0,0
10022,0,0,0,0,0,0,0,0,0,0,0,0,0,0,0,0,0,0,0,0,0
10023,0,0,0,0,0,0,0,0,0,0,0,0,0,0,0,0,0,0,0,0,0
10024,8,9,9,9,8,7,7,8,9,9,9,8,7,7,8,9,9,9,8,7,7
10025,0,0,0,0,0,0,0,0,0,0,0,0,0,0,0,0,0,0,0,0,0
10026,4,4,4,3,3,3,3,4,4,4,3,3,3,3,4,4,4,3,3,3,3
10027,4,5,5,5,5,4,4,4,5,5,5,5,4,4,4,5,5,5,5,4,4
10028,7,7,7,7,6,5,6,7,7,7,7,6,5,6,7,7,7,7,6,5,6
10029,0,0,0,0,0,0,0,0,0,0,0,0,0,0,0,0,0,0,0,0,0
10030,1,1,1,1,0,0,0,1,1,1,1,0,0,0,1,1,1,1,0,0,0
10031,1,1,1,1,1,1,1,1,1,1,1,1,1,1,1,1,1,1,1,1,1
10032,0,0,0,0,0,0,0,0,0,0,0,0,0,0,0,0,0,0,0,0,0
10033,9,9,10,9,9,8,8,9,9,10,9,9,8,8,9,9,10,9,9,8,8
10034,1,1,2,2,1,1,1,1,1,2,2,1,1,1,1,1,2,2,1,1,1
10035,116,123,97,93,81,91,97,116,123,97,93,81,91,97,116,123,97,93,81,91,97
10036,5,6,6,6,5,4,4,5,6,6,6,5,4,4,5,6,6,6,5,4,4
10037,2,2,2,2,2,2,2,2,2,2,2,2,2,2,2,2,2,2,2,2,2
10038,2,3,3,2,2,2,3,2,3,3,2,2,2,3,2,3,3,2,2,2,3
10039,3,3,4,5,4,3,4,3,3,4,5,4,3,4,3,3,4,5,4,3,4
10040,1,1,1,1,1,1,1,1,1,1,1,1,1,1,1,1,1,1,1,1,1
10041,3,3,2,2,2,2,2,3,3,2,2,2,2,2,3,3,2,2,2,2,2
10042,27,32,32,27,24,20,21,27,32,32,27,24,20,21,27,32,32,27,24,20,21
10043,5,6,8,7,5,4,4,5,6,8,7,5,4,4,5,6,8,7,5,4,4
10044,2,2,3,3,2,2,2,2,2,3,3,2,2,2,2,2,3,3,2,2,2
10045,16,20,21,19,17,14,15,16,20,21,19,17,14,15,16,20,21,19,17,14,15
10046,20,23,24,22,18,15,15,20,23,24,22,18,15,15,20,23,24,22,18,15,15
10047,2,2,1,2,1,2,2,2,2,1,2,1,2,2,2,2,1,2,1,2,2
10048,0,0,0,0,0,0,0,0,0,0,0,0,0,0,0,0,0,0,0,0,0
10049,2,2,2,2,2,2,3,2,2,2,2,2,2,3,2,2,2,2,2,2,3
10050,1,1,1,1,1,1,1,1,1,1,1,1,1,1,1,1,1,1,1,1,1
10051,115,127,130,121,106,93,92,115,127,130,121,106,93,92,115,127,130,121,106,93,92
10052,25,28,30,26,24,21,23,25,28,30,26,24,21,23,25,28,30,26,24,21,23
10053,4,4,4,5,5,4,4,4,4,4,5,5,4,4,4,4,4,5,5,4,4
10054,4,4,4,4,4,4,4,4,4,4,4,4,4,4,4,4,4,4,4,4,4
10055,6,6,6,4,4,4,5,6,6,6,4,4,4,5,6,6,6,4,4,4,5
10056,0,0,0,0,0,0,0,0,0,0,0,0,0,0,0,0,0,0,0,0,0
10057,100,116,124,113,92,85,94,100,116,124,113,92,85,94,100,116,124,113,92,85,94
10058,9,11,13,12,9,7,7,9,11,13,12,9,7,7,9,11,13,12,9,7,7
10059,6,5,6,6,6,4,4,6,5,6,6,6,4,4,6,5,6,6,6,4,4
10060,11,13,14,12,10,9,8,11,13,14,12,10,9,8,11,13,14,12,10,9,8
10061,0,0,0,1,0,0,0,0,0,0,1,0,0,0,0,0,0,1,0,0,0
10062,3,3,4,5,4,3,3,3,3,4,5,4,3,3,3,3,4,5,4,3,3
10063,1,1,1,1,1,1,1,1,1,1,1,1,1,1,1,1,1,1,1,1,1
10064,2,3,3,2,2,1,1,2,3,3,2,2,1,1,2,3,3,2,2,1,1
10065,4,5,4,3,3,2,2,4,5,4,3,3,2,2,4,5,4,3,3,2,2
10066,2,2,2,2,2,1,2,2,2,2,2,2,1,2,2,2,2,2,2,1,2
10067,1,1,2,1,1,1,1,1,1,2,1,1,1,1,1,1,2,1,1,1,1
10068,1,1,0,1,1,1,1,1,1,0,1,1,1,1,1,1,0,1,1,1,1
10069,0,0,0,0,0,0,0,0,0,0,0,0,0,0,0,0,0,0,0,0,0
10070,1,0,0,1,0,1,1,1,0,0,1,0,1,1,1,0,0,1,0,1,1
10071,1,1,1,2,3,3,2,1,1,1,2,3,3,2,1,1,1,2,3,3,2
10072,0,0,0,0,0,0,0,0,0,0,0,0,0,0,0,0,0,0,0,0,0
10073,2,2,2,2,2,1,2,2,2,2,2,2,1,2,2,2,2,2,2,1,2
10074,1,1,1,0,0,0,0,1,1,1,0,0,0,0,1,1,1,0,0,0,0
10075,0,0,0,0,0,0,0,0,0,0,0,0,0,0,0,0,0,0,0,0,0
10076,0,0,0,0,0,0,0,0,0,0,0,0,0,0,0,0,0,0,0,0,0
10077,0,0,0,0,0,0,0,0,0,0,0,0,0,0,0,0,0,0,0,0,0
10078,0,0,0,0,0,0,0,0,0,0,0,0,0,0,0,0,0,0,0,0,0
10079,0,0,0,0,0,0,0,0,0,0,0,0,0,0,0,0,0,0,0,0,0
10080,0,0,0,0,0,0,0,0,0,0,0,0,0,0,0,0,0,0,0,0,0
10081,0,0,0,0,0,0,0,0,0,0,0,0,0,0,0,0,0,0,0,0,0
10082,0,0,0,0,0,0,0,0,0,0,0,0,0,0,0,0,0,0,0,0,0
10083,0,0,0,0,0,0,0,0,0,0,0,0,0,0,0,0,0,0,0,0,0
10084,2,2,2,2,1,2,2,2,2,2,2,1,2,2,2,2,2,2,1,2,2
10085,0,0,0,0,0,0,0,0,0,0,0,0,0,0,0,0,0,0,0,0,0
10086,0,0,0,0,0,0,0,0,0,0,0,0,0,0,0,0,0,0,0,0,0
10087,0,0,0,0,0,0,0,0,0,0,0,0,0,0,0,0,0,0,0,0,0
10088,0,0,0,0,0,0,0,0,0,0,0,0,0,0,0,0,0,0,0,0,0
10089,0,0,0,0,0,0,0,0,0,0,0,0,0,0,0,0,0,0,0,0,0
10090,0,0,0,0,0,0,0,0,0,0,0,0,0,0,0,0,0,0,0,0,0
10091,0,0,0,0,0,0,0,0,0,0,0,0,0,0,0,0,0,0,0,0,0
10092,0,0,0,0,0,0,0,0,0,0,0,0,0,0,0,0,0,0,0,0,0
10093,0,0,0,0,0,0,0,0,0,0,0,0,0,0,0,0,0,0,0,0,0
10094,0,0,0,0,0,0,0,0,0,0,0,0,0,0,0,0,0,0,0,0,0
10095,1,1,1,1,1,1,1,1,1,1,1,1,1,1,1,1,1,1,1,1,1
10096,0,0,0,0,0,0,0,0,0,0,0,0,0,0,0,0,0,0,0,0,0
10097,0,0,0,0,0,0,0,0,0,0,0,0,0,0,0,0,0,0,0,0,0
10098,0,0,0,0,0,0,0,0,0,0,0,0,0,0,0,0,0,0,0,0,0
10099,1,1,1,1,1,0,0,1,1,1,1,1,0,0,1,1,1,1,1,0,0
10100,0,0,0,0,0,0,0,0,0,0,0,0,0,0,0,0,0,0,0,0,0
10101,0,0,0,0,0,0,0,0,0,0,0,0,0,0,0,0,0,0,0,0,0
10102,0,0,0,0,0,0,0,0,0,0,0,0,0,0,0,0,0,0,0,0,0
10103,0,0,0,0,0,0,0,0,0,0,0,0,0,0,0,0,0,0,0,0,0
10104,0,0,0,0,0,0,0,0,0,0,0,0,0,0,0,0,0,0,0,0,0
10105,22,19,18,16,18,18,19,22,19,18,16,18,18,19,22,19,18,16,18,18,19
10106,39,40,38,35,32,33,36,39,40,38,35,32,33,36,39,40,38,35,32,33,36
10107,1,1,1,1,1,1,1,1,1,1,1,1,1,1,1,1,1,1,1,1,1
10108,26,26,24,23,21,21,22,26,26,24,23,21,21,22,26,26,24,23,21,21,22
10109,25,27,25,20,18,19,21,25,27,25,20,18,19,21,25,27,25,20,18,19,21
10110,27,27,29,29,31,28,28,27,27,29,29,31,28,28,27,27,29,29,31,28,28
10111,2,2,2,2,2,2,2,2,2,2,2,2,2,2,2,2,2,2,2,2,2
10112,3,3,4,3,4,3,3,3,3,4,3,4,3,3,3,3,4,3,4,3,3
10113,20,23,25,25,23,19,18,20,23,25,25,23,19,18,20,23,25,25,23,19,18
10114,3,4,4,3,2,2,2,3,4,4,3,2,2,2,3,4,4,3,2,2,2
10115,3,3,3,3,2,2,2,3,3,3,3,2,2,2,3,3,3,3,2,2,2
10116,0,0,0,0,0,0,0,0,0,0,0,0,0,0,0,0,0,0,0,0,0
10117,4,4,4,5,5,4,3,4,4,4,5,5,4,3,4,4,4,5,5,4,3
10118,0,0,0,0,0,0,0,0,0,0,0,0,0,0,0,0,0,0,0,0,0
10119,2,3,3,3,2,2,2,2,3,3,3,2,2,2,2,3,3,3,2,2,2
10120,15,18,16,14,11,10,11,15,18,16,14,11,10,11,15,18,16,14,11,10,11
10121,2,3,3,2,2,2,2,2,3,3,2,2,2,2,2,3,3,2,2,2,2
10122,0,0,0,0,0,0,0,0,0,0,0,0,0,0,0,0,0,0,0,0,0
10123,7,9,9,7,6,5,5,7,9,9,7,6,5,5,7,9,9,7,6,5,5
10124,1,2,2,2,2,1,1,1,2,2,2,2,1,1,1,2,2,2,2,1,1
10125,1,1,0,1,1,1,1,1,1,0,1,1,1,1,1,1,0,1,1,1,1
10126,2,2,2,1,1,1,2,2,2,2,1,1,1,2,2,2,2,1,1,1,2
10127,2,2,2,2,2,2,1,2,2,2,2,2,2,1,2,2,2,2,2,2,1
10128,61,70,61,58,43,48,51,61,70,61,58,43,48,51,61,70,61,58,43,48,51
10129,20,22,22,18,15,14,15,20,22,22,18,15,14,15,20,22,22,18,15,14,15
10130,24,27,27,24,23,20,22,24,27,27,24,23,20,22,24,27,27,24,23,20,22
10131,5,6,7,7,6,5,4,5,6,7,7,6,5,4,5,6,7,7,6,5,4
10132,0,0,0,0,0,0,0,0,0,0,0,0,0,0,0,0,0,0,0,0,0
10133,0,0,0,0,0,0,0,0,0,0,0,0,0,0,0,0,0,0,0,0,0
10134,1,1,1,0,0,0,0,1,1,1,0,0,0,0,1,1,1,0,0,0,0
10135,7,8,7,6,5,5,7,7,8,7,6,5,5,7,7,8,7,6,5,5,7
10136,10,12,12,10,8,7,8,10,12,12,10,8,7,8,10,12,12,10,8,7,8
10137,1,1,1,1,1,1,1,1,1,1,1,1,1,1,1,1,1,1,1,1,1
10138,11,9,10,9,7,8,9,11,9,10,9,7,8,9,11,9,10,9,7,8,9
10139,15,17,17,15,12,11,11,15,17,17,15,12,11,11,15,17,17,15,12,11,11
10140,0,0,0,0,0,0,0,0,0,0,0,0,0,0,0,0,0,0,0,0,0
10141,0,0,0,0,0,0,0,0,0,0,0,0,0,0,0,0,0,0,0,0,0
10142,17,18,21,15,15,12,14,17,18,21,15,15,12,14,17,18,21,15,15,12,14
10143,6,7,6,5,4,4,4,6,7,6,5,4,4,4,6,7,6,5,4,4,4
10144,4,4,5,5,5,4,3,4,4,5,5,5,4,3,4,4,5,5,5,4,3
10145,30,37,40,38,31,26,24,30,37,40,38,31,26,24,30,37,40,38,31,26,24
10146,1,1,1,1,1,1,1,1,1,1,1,1,1,1,1,1,1,1,1,1,1
10147,0,0,0,0,0,0,0,0,0,0,0,0,0,0,0,0,0,0,0,0,0
10148,1,1,1,1,1,1,1,1,1,1,1,1,1,1,1,1,1,1,1,1,1
10149,0,0,0,0,0,0,0,0,0,0,0,0,0,0,0,0,0,0,0,0,0
10150,2,3,2,2,1,1,2,2,3,2,2,1,1,2,2,3,2,2,1,1,2
10151,8,9,7,7,6,6,7,8,9,7,7,6,6,7,8,9,7,7,6,6,7
10152,1,2,1,1,0,1,1,1,2,1,1,0,1,1,1,2,1,1,0,1,1
10153,20,18,19,21,17,16,14,20,18,19,21,17,16,14,20,18,19,21,17,16,14
10154,0,0,0,0,0,0,0,0,0,0,0,0,0,0,0,0,0,0,0,0,0
10155,3,4,3,3,2,2,3,3,4,3,3,2,2,3,3,4,3,3,2,2,3
10156,0,0,0,0,0,0,0,0,0,0,0,0,0,0,0,0,0,0,0,0,0
10157,1,2,1,2,1,1,1,1,2,1,2,1,1,1,1,2,1,2,1,1,1
10158,0,0,0,0,0,0,0,0,0,0,0,0,0,0,0,0,0,0,0,0,0
10159,0,0,0,0,0,0,0,0,0,0,0,0,0,0,0,0,0,0,0,0,0
10160,0,0,0,0,0,0,0,0,0,0,0,0,0,0,0,0,0,0,0,0,0
10161,1,1,1,1,1,1,1,1,1,1,1,1,1,1,1,1,1,1,1,1,1
10162,1,1,1,1,1,1,1,1,1,1,1,1,1,1,1,1,1,1,1,1,1
10163,0,0,0,0,0,0,0,0,0,0,0,0,0,0,0,0,0,0,0,0,0
10164,0,0,1,1,0,0,0,0,0,1,1,0,0,0,0,0,1,1,0,0,0
10165,1,1,1,1,1,1,1,1,1,1,1,1,1,1,1,1,1,1,1,1,1
10166,1,1,1,1,1,1,0,1,1,1,1,1,1,0,1,1,1,1,1,1,0
10167,1,2,2,1,1,1,1,1,2,2,1,1,1,1,1,2,2,1,1,1,1
10168,0,0,0,0,0,0,0,0,0,0,0,0,0,0,0,0,0,0,0,0,0
10169,0,0,0,0,0,0,0,0,0,0,0,0,0,0,0,0,0,0,0,0,0
10170,1,1,1,0,0,1,1,1,1,1,0,0,1,1,1,1,1,0,0,1,1
10171,0,0,0,0,0,0,0,0,0,0,0,0,0,0,0,0,0,0,0,0,0
10172,0,0,0,0,0,0,0,0,0,0,0,0,0,0,0,0,0,0,0,0,0
10173,0,1,1,1,0,0,0,0,1,1,1,0,0,0,0,1,1,1,0,0,0
10174,0,0,0,0,0,0,0,0,0,0,0,0,0,0,0,0,0,0,0,0,0
10175,0,0,0,0,0,0,0,0,0,0,0,0,0,0,0,0,0,0,0,0,0
10176,1,1,1,0,0,0,0,1,1,1,0,0,0,0,1,1,1,0,0,0,0
10177,0,0,0,0,0,0,0,0,0,0,0,0,0,0,0,0,0,0,0,0,0
10178,0,0,0,0,0,0,0,0,0,0,0,0,0,0,0,0,0,0,0,0,0
10179,0,0,0,0,0,0,0,0,0,0,0,0,0,0,0,0,0,0,0,0,0
10180,30,33,31,27,25,21,22,30,33,31,27,25,21,22,30,33,31,27,25,21,22
10181,23,27,25,24,19,18,19,23,27,25,24,19,18,19,23,27,25,24,19,18,19
10182,68,69,70,59,60,60,56,68,69,70,59,60,60,56,68,69,70,59,60,60,56
10183,11,16,14,10,8,10,7,11,16,14,10,8,10,7,11,16,14,10,8,10,7
10184,10,11,11,10,10,10,8,10,11,11,10,10,10,8,10,11,11,10,10,10,8
10185,8,8,8,8,7,7,7,8,8,8,8,7,7,7,8,8,8,8,7,7,7
10186,10,12,13,12,10,9,9,10,12,13,12,10,9,9,10,12,13,12,10,9,9
10187,8,9,9,8,7,6,6,8,9,9,8,7,6,6,8,9,9,8,7,6,6
10188,3,3,3,2,2,1,2,3,3,3,2,2,1,2,3,3,3,2,2,1,2
10189,11,12,13,13,12,10,9,11,12,13,13,12,10,9,11,12,13,13,12,10,9
10190,0,0,0,0,0,0,0,0,0,0,0,0,0,0,0,0,0,0,0,0,0
10191,2,3,2,2,2,2,2,2,3,2,2,2,2,2,2,3,2,2,2,2,2
10192,1,1,1,1,1,1,1,1,1,1,1,1,1,1,1,1,1,1,1,1,1
10193,19,21,22,21,18,15,15,19,21,22,21,18,15,15,19,21,22,21,18,15,15
10194,11,14,14,14,12,11,10,11,14,14,14,12,11,10,11,14,14,14,12,11,10
10195,2,2,3,2,2,2,2,2,2,3,2,2,2,2,2,2,3,2,2,2,2
10196,19,23,23,21,19,18,17,19,23,23,21,19,18,17,19,23,23,21,19,18,17
10197,3,3,3,2,2,2,2,3,3,3,2,2,2,2,3,3,3,2,2,2,2
10198,8,9,10,9,9,7,7,8,9,10,9,9,7,7,8,9,10,9,9,7,7
10199,2,2,2,2,1,1,1,2,2,2,2,1,1,1,2,2,2,2,1,1,1
10200,2,2,2,2,1,1,1,2,2,2,2,1,1,1,2,2,2,2,1,1,1
10201,5,5,5,3,4,3,3,5,5,5,3,4,3,3,5,5,5,3,4,3,3
10202,18,20,19,18,15,13,14,18,20,19,18,15,13,14,18,20,19,18,15,13,14
10203,1,1,1,1,1,1,1,1,1,1,1,1,1,1,1,1,1,1,1,1,1
10204,10,11,11,9,9,8,8,10,11,11,9,9,8,8,10,11,11,9,9,8,8
10205,10,12,14,13,11,9,9,10,12,14,13,11,9,9,10,12,14,13,11,9,9
10206,70,87,105,119,97,70,67,70,87,105,119,97,70,67,70,87,105,119,97,70,67
10207,39,46,46,43,38,31,34,39,46,46,43,38,31,34,39,46,46,43,38,31,34
10208,24,28,28,25,21,18,19,24,28,28,25,21,18,19,24,28,28,25,21,18,19
10209,1,2,2,2,1,1,1,1,2,2,2,1,1,1,1,2,2,2,1,1,1
10210,1,2,2,2,2,1,1,1,2,2,2,2,1,1,1,2,2,2,2,1,1
10211,1,1,1,1,1,1,1,1,1,1,1,1,1,1,1,1,1,1,1,1,1
10212,0,0,0,0,0,0,0,0,0,0,0,0,0,0,0,0,0,0,0,0,0
10213,0,0,0,0,0,0,0,0,0,0,0,0,0,0,0,0,0,0,0,0,0
10214,2,3,2,2,2,1,2,2,3,2,2,2,1,2,2,3,2,2,2,1,2
10215,1,1,1,1,1,1,1,1,1,1,1,1,1,1,1,1,1,1,1,1,1
10216,0,0,0,0,0,0,0,0,0,0,0,0,0,0,0,0,0,0,0,0,0
10217,0,0,0,0,0,0,0,0,0,0,0,0,0,0,0,0,0,0,0,0,0
10218,0,0,0,0,0,0,0,0,0,0,0,0,0,0,0,0,0,0,0,0,0
10219,0,0,0,0,0,0,0,0,0,0,0,0,0,0,0,0,0,0,0,0,0
10220,0,0,0,0,0,0,0,0,0,0,0,0,0,0,0,0,0,0,0,0,0
10221,0,0,0,0,0,0,0,0,0,0,0,0,0,0,0,0,0,0,0,0,0
10222,1,1,1,1,1,1,1,1,1,1,1,1,1,1,1,1,1,1,1,1,1
10223,0,0,0,0,0,0,0,0,0,0,0,0,0,0,0,0,0,0,0,0,0
10224,0,0,0,0,0,0,0,0,0,0,0,0,0,0,0,0,0,0,0,0,0
10225,0,0,0,0,0,0,0,0,0,0,0,0,0,0,0,0,0,0,0,0,0
10226,27,29,29,26,22,18,18,27,29,29,26,22,18,18,27,29,29,26,22,18,18
10227,0,0,0,0,0,0,0,0,0,0,0,0,0,0,0,0,0,0,0,0,0
10228,0,0,0,0,0,0,0,0,0,0,0,0,0,0,0,0,0,0,0,0,0
10229,1,1,0,0,1,1,2,1,1,0,0,1,1,2,1,1,0,0,1,1,2
10230,0,0,1,1,0,0,0,0,0,1,1,0,0,0,0,0,1,1,0,0,0
10231,7,8,7,7,6,5,6,7,8,7,7,6,5,6,7,8,7,7,6,5,6
10232,4,5,5,5,5,4,4,4,5,5,5,5,4,4,4,5,5,5,5,4,4
10233,10,12,13,13,11,8,7,10,12,13,13,11,8,7,10,12,13,13,11,8,7
10234,5,5,6,6,5,5,4,5,5,6,6,5,5,4,5,5,6,6,5,5,4
10235,1,1,1,1,1,1,1,1,1,1,1,1,1,1,1,1,1,1,1,1,1
10236,1,2,2,2,2,2,1,1,2,2,2,2,2,1,1,2,2,2,2,2,1
10237,0,0,0,0,0,0,0,0,0,0,0,0,0,0,0,0,0,0,0,0,0
10238,0,0,0,0,0,0,0,0,0,0,0,0,0,0,0,0,0,0,0,0,0
10239,3,3,3,3,2,2,2,3,3,3,3,2,2,2,3,3,3,3,2,2,2
10240,0,0,0,0,0,0,0,0,0,0,0,0,0,0,0,0,0,0,0,0,0
10241,0,0,1,1,1,1,1,0,0,1,1,1,1,1,0,0,1,1,1,1,1
10242,0,0,0,0,0,0,0,0,0,0,0,0,0,0,0,0,0,0,0,0,0
10243,0,0,0,0,0,0,0,0,0,0,0,0,0,0,0,0,0,0,0,0,0
10244,0,0,0,0,0,0,0,0,0,0,0,0,0,0,0,0,0,0,0,0,0
10245,0,0,0,0,0,0,0,0,0,0,0,0,0,0,0,0,0,0,0,0,0
10246,0,0,0,0,0,0,0,0,0,0,0,0,0,0,0,0,0,0,0,0,0
10247,0,0,0,0,0,0,0,0,0,0,0,0,0,0,0,0,0,0,0,0,0
10248,0,0,0,0,0,0,0,0,0,0,0,0,0,0,0,0,0,0,0,0,0
10249,0,0,0,0,0,0,0,0,0,0,0,0,0,0,0,0,0,0,0,0,0
10250,0,0,0,0,0,0,0,0,0,0,0,0,0,0,0,0,0,0,0,0,0
10251,0,0,0,0,0,0,0,0,0,0,0,0,0,0,0,0,0,0,0,0,0
10252,0,0,0,0,0,0,0,0,0,0,0,0,0,0,0,0,0,0,0,0,0
10253,0,0,0,0,0,0,0,0,0,0,0,0,0,0,0,0,0,0,0,0,0
10254,1,1,1,1,1,1,0,1,1,1,1,1,1,0,1,1,1,1,1,1,0
10255,5,6,5,5,4,4,5,5,6,5,5,4,4,5,5,6,5,5,4,4,5
10256,6,7,7,6,5,5,5,6,7,7,6,5,5,5,6,7,7,6,5,5,5
10257,0,0,0,0,0,0,0,0,0,0,0,0,0,0,0,0,0,0,0,0,0
10258,1,0,1,0,0,0,1,1,0,1,0,0,0,1,1,0,1,0,0,0,1
10259,0,0,0,0,0,0,0,0,0,0,0,0,0,0,0,0,0,0,0,0,0
10260,0,0,0,0,0,0,0,0,0,0,0,0,0,0,0,0,0,0,0,0,0
10261,0,0,0,0,0,0,0,0,0,0,0,0,0,0,0,0,0,0,0,0,0
10262,0,0,0,0,0,0,0,0,0,0,0,0,0,0,0,0,0,0,0,0,0
10263,0,0,0,0,0,0,0,0,0,0,0,0,0,0,0,0,0,0,0,0,0
10264,0,1,1,1,0,0,0,0,1,1,1,0,0,0,0,1,1,1,0,0,0
10265,0,0,0,0,0,0,0,0,0,0,0,0,0,0,0,0,0,0,0,0,0
10266,2,2,2,2,2,1,2,2,2,2,2,2,1,2,2,2,2,2,2,1,2
10267,15,18,17,14,10,9,8,15,18,17,14,10,9,8,15,18,17,14,10,9,8
10268,4,4,4,5,5,4,4,4,4,4,5,5,4,4,4,4,4,5,5,4,4
10269,1,1,1,1,1,1,0,1,1,1,1,1,1,0,1,1,1,1,1,1,0
10270,3,3,3,3,3,3,2,3,3,3,3,3,3,2,3,3,3,3,3,3,2
10271,0,0,0,0,0,0,0,0,0,0,0,0,0,0,0,0,0,0,0,0,0
10272,0,0,0,0,0,0,0,0,0,0,0,0,0,0,0,0,0,0,0,0,0
10273,0,0,0,0,0,0,0,0,0,0,0,0,0,0,0,0,0,0,0,0,0
10274,0,0,0,0,0,0,0,0,0,0,0,0,0,0,0,0,0,0,0,0,0
10275,0,0,0,0,0,0,0,0,0,0,0,0,0,0,0,0,0,0,0,0,0
10276,1,0,0,0,0,0,0,1,0,0,0,0,0,0,1,0,0,0,0,0,0
10277,1,1,1,1,1,0,0,1,1,1,1,1,0,0,1,1,1,1,1,0,0
10278,1,3,3,3,2,3,2,1,3,3,3,2,3,2,1,3,3,3,2,3,2
10279,47,55,54,51,49,46,47,47,55,54,51,49,46,47,47,55,54,51,49,46,47
10280,1,1,1,1,1,1,1,1,1,1,1,1,1,1,1,1,1,1,1,1,1
10281,46,43,48,48,47,36,39,46,43,48,48,47,36,39,46,43,48,48,47,36,39
10282,18,21,20,17,16,18,19,18,21,20,17,16,18,19,18,21,20,17,16,18,19
10283,0,0,0,0,0,0,0,0,0,0,0,0,0,0,0,0,0,0,0,0,0
10284,20,27,29,25,20,19,16,20,27,29,25,20,19,16,20,27,29,25,20,19,16
10285,10,12,13,10,8,7,6,10,12,13,10,8,7,6,10,12,13,10,8,7,6
10286,22,37,44,36,22,21,22,22,37,44,36,22,21,22,22,37,44,36,22,21,22
10287,0,0,0,0,0,0,0,0,0,0,0,0,0,0,0,0,0,0,0,0,0
10288,0,0,0,0,0,0,0,0,0,0,0,0,0,0,0,0,0,0,0,0,0
10289,1,1,1,1,0,1,1,1,1,1,1,0,1,1,1,1,1,1,0,1,1
10290,1,0,1,0,0,0,0,1,0,1,0,0,0,0,1,0,1,0,0,0,0
10291,0,0,0,0,0,0,0,0,0,0,0,0,0,0,0,0,0,0,0,0,0
10292,0,0,0,0,0,0,0,0,0,0,0,0,0,0,0,0,0,0,0,0,0
10293,3,4,4,4,3,2,3,3,4,4,4,3,2,3,3,4,4,4,3,2,3
10294,45,46,44,41,41,40,40,45,46,44,41,41,40,40,45,46,44,41,41,40,40
10295,6,8,8,7,7,6,6,6,8,8,7,7,6,6,6,8,8,7,7,6,6
10296,1,1,1,1,1,1,1,1,1,1,1,1,1,1,1,1,1,1,1,1,1
10297,4,5,5,4,4,3,4,4,5,5,4,4,3,4,4,5,5,4,4,3,4
10298,52,45,43,40,39,45,54,52,45,43,40,39,45,54,52,45,43,40,39,45,54
10299,1,1,2,2,2,1,1,1,1,2,2,2,1,1,1,1,2,2,2,1,1
10300,3,4,3,2,2,2,2,3,4,3,2,2,2,2,3,4,3,2,2,2,2
10301,75,57,51,52,58,60,70,75,57,51,52,58,60,70,75,57,51,52,58,60,70
10302,1,0,0,0,0,0,0,1,0,0,0,0,0,0,1,0,0,0,0,0,0
10303,5,6,6,5,5,4,4,5,6,6,5,5,4,4,5,6,6,5,5,4,4
10304,0,0,0,0,0,0,0,0,0,0,0,0,0,0,0,0,0,0,0,0,0
10305,77,85,86,82,71,65,69,77,85,86,82,71,65,69,77,85,86,82,71,65,69
10306,7,7,6,6,6,6,6,7,7,6,6,6,6,6,7,7,6,6,6,6,6
10307,3,3,3,3,3,3,2,3,3,3,3,3,3,2,3,3,3,3,3,3,2
10308,23,18,18,17,17,21,26,23,18,18,17,17,21,26,23,18,18,17,17,21,26
10309,10,11,11,10,9,8,8,10,11,11,10,9,8,8,10,11,11,10,9,8,8
10310,19,20,22,21,20,17,17,19,20,22,21,20,17,17,19,20,22,21,20,17,17
10311,25,24,22,22,22,22,24,25,24,22,22,22,22,24,25,24,22,22,22,22,24
10312,2,3,3,3,3,2,2,2,3,3,3,3,2,2,2,3,3,3,3,2,2
10313,43,43,39,37,34,37,41,43,43,39,37,34,37,41,43,43,39,37,34,37,41
10314,0,0,0,1,1,0,0,0,0,0,1,1,0,0,0,0,0,1,1,0,0
10315,0,0,0,0,0,0,0,0,0,0,0,0,0,0,0,0,0,0,0,0,0
10316,0,0,0,0,0,0,0,0,0,0,0,0,0,0,0,0,0,0,0,0,0
10317,0,0,0,0,0,0,0,0,0,0,0,0,0,0,0,0,0,0,0,0,0
10318,0,0,0,0,0,0,0,0,0,0,0,0,0,0,0,0,0,0,0,0,0
10319,0,0,0,0,0,0,0,0,0,0,0,0,0,0,0,0,0,0,0,0,0
10320,0,0,0,0,0,0,0,0,0,0,0,0,0,0,0,0,0,0,0,0,0
10321,0,0,0,0,0,0,0,0,0,0,0,0,0,0,0,0,0,0,0,0,0
10322,0,0,0,0,0,0,0,0,0,0,0,0,0,0,0,0,0,0,0,0,0
10323,0,0,0,0,0,0,0,0,0,0,0,0,0,0,0,0,0,0,0,0,0
10324,4,6,6,5,4,3,3,4,6,6,5,4,3,3,4,6,6,5,4,3,3
10325,2,2,2,2,2,2,1,2,2,2,2,2,2,1,2,2,2,2,2,2,1
10326,35,41,43,45,37,31,30,35,41,43,45,37,31,30,35,41,43,45,37,31,30
10327,0,1,0,0,0,0,0,0,1,0,0,0,0,0,0,1,0,0,0,0,0
10328,2,2,2,2,2,2,2,2,2,2,2,2,2,2,2,2,2,2,2,2,2
10329,0,0,0,0,0,0,0,0,0,0,0,0,0,0,0,0,0,0,0,0,0
10330,1,1,1,1,1,0,0,1,1,1,1,1,0,0,1,1,1,1,1,0,0
10331,0,0,0,0,0,0,0,0,0,0,0,0,0,0,0,0,0,0,0,0,0
10332,0,0,0,0,0,0,0,0,0,0,0,0,0,0,0,0,0,0,0,0,0
10333,0,0,1,0,0,0,0,0,0,1,0,0,0,0,0,0,1,0,0,0,0
10334,0,0,0,0,0,0,0,0,0,0,0,0,0,0,0,0,0,0,0,0,0
10335,0,0,0,0,0,0,0,0,0,0,0,0,0,0,0,0,0,0,0,0,0
10336,0,0,0,0,0,0,0,0,0,0,0,0,0,0,0,0,0,0,0,0,0
10337,85,97,95,93,82,72,69,85,97,95,93,82,72,69,85,97,95,93,82,72,69
10338,3,3,3,2,2,2,2,3,3,3,2,2,2,2,3,3,3,2,2,2,2
10339,116,127,133,122,106,96,97,116,127,133,122,106,96,97,116,127,133,122,106,96,97
10340,0,0,0,0,0,0,0,0,0,0,0,0,0,0,0,0,0,0,0,0,0
10341,1,1,1,0,0,0,0,1,1,1,0,0,0,0,1,1,1,0,0,0,0
10342,1,0,1,1,0,0,1,1,0,1,1,0,0,1,1,0,1,1,0,0,1
10343,0,0,0,0,0,0,0,0,0,0,0,0,0,0,0,0,0,0,0,0,0
10344,21,23,23,21,19,17,18,21,23,23,21,19,17,18,21,23,23,21,19,17,18
10345,0,0,0,0,0,0,0,0,0,0,0,0,0,0,0,0,0,0,0,0,0
10346,0,0,0,0,0,0,0,0,0,0,0,0,0,0,0,0,0,0,0,0,0
10347,11,11,12,11,9,9,9,11,11,12,11,9,9,9,11,11,12,11,9,9,9
10348,0,0,0,0,0,0,0,0,0,0,0,0,0,0,0,0,0,0,0,0,0
10349,1,1,1,1,1,1,1,1,1,1,1,1,1,1,1,1,1,1,1,1,1
10350,0,0,0,0,0,0,0,0,0,0,0,0,0,0,0,0,0,0,0,0,0
10351,0,0,0,0,0,0,0,0,0,0,0,0,0,0,0,0,0,0,0,0,0
10352,4,4,4,3,3,3,3,4,4,4,3,3,3,3,4,4,4,3,3,3,3
10353,3,3,4,3,3,2,2,3,3,4,3,3,2,2,3,3,4,3,3,2,2
10354,20,22,22,21,19,16,16,20,22,22,21,19,16,16,20,22,22,21,19,16,16
10355,0,0,0,0,0,0,0,0,0,0,0,0,0,0,0,0,0,0,0,0,0
10356,14,14,14,12,10,9,11,14,14,14,12,10,9,11,14,14,14,12,10,9,11
10357,0,0,0,0,0,0,0,0,0,0,0,0,0,0,0,0,0,0,0,0,0
10358,0,0,0,0,0,0,0,0,0,0,0,0,0,0,0,0,0,0,0,0,0
10359,0,0,0,0,0,0,0,0,0,0,0,0,0,0,0,0,0,0,0,0,0
10360,1,2,2,2,1,1,1,1,2,2,2,1,1,1,1,2,2,2,1,1,1
10361,34,38,24,27,28,29,37,34,38,24,27,28,29,37,34,38,24,27,28,29,37
10362,8,10,9,8,7,7,6,8,10,9,8,7,7,6,8,10,9,8,7,7,6
10363,1,1,0,0,0,1,1,1,1,0,0,0,1,1,1,1,0,0,0,1,1
10364,0,0,0,0,0,0,0,0,0,0,0,0,0,0,0,0,0,0,0,0,0
10365,0,0,0,0,0,0,0,0,0,0,0,0,0,0,0,0,0,0,0,0,0
10366,8,6,6,6,6,8,8,8,6,6,6,6,8,8,8,6,6,6,6,8,8
10367,1,1,0,1,0,1,1,1,1,0,1,0,1,1,1,1,0,1,0,1,1
10368,2,2,2,2,2,2,2,2,2,2,2,2,2,2,2,2,2,2,2,2,2
10369,51,56,58,56,50,41,42,51,56,58,56,50,41,42,51,56,58,56,50,41,42
10370,3,2,3,3,3,2,2,3,2,3,3,3,2,2,3,2,3,3,3,2,2
10371,4,4,4,4,4,3,3,4,4,4,4,4,3,3,4,4,4,4,4,3,3
10372,20,18,21,20,17,14,15,20,18,21,20,17,14,15,20,18,21,20,17,14,15
10373,98,101,100,93,87,77,83,98,101,100,93,87,77,83,98,101,100,93,87,77,83
10374,41,44,46,40,35,30,33,41,44,46,40,35,30,33,41,44,46,40,35,30,33
10375,14,10,14,14,14,13,13,14,10,14,14,14,13,13,14,10,14,14,14,13,13
10376,36,41,40,38,31,27,28,36,41,40,38,31,27,28,36,41,40,38,31,27,28
10377,17,16,16,15,13,11,11,17,16,16,15,13,11,11,17,16,16,15,13,11,11
10378,0,0,0,0,0,0,0,0,0,0,0,0,0,0,0,0,0,0,0,0,0
10379,13,13,13,12,11,9,10,13,13,13,12,11,9,10,13,13,13,12,11,9,10
10380,7,6,6,6,5,5,5,7,6,6,6,5,5,5,7,6,6,6,5,5,5
10381,3,2,2,2,1,1,1,3,2,2,2,1,1,1,3,2,2,2,1,1,1
10382,0,0,1,0,0,0,0,0,0,1,0,0,0,0,0,0,1,0,0,0,0
10383,0,0,0,0,0,0,0,0,0,0,0,0,0,0,0,0,0,0,0,0,0
10384,0,1,1,1,0,0,0,0,1,1,1,0,0,0,0,1,1,1,0,0,0
10385,1,1,1,1,1,1,1,1,1,1,1,1,1,1,1,1,1,1,1,1,1
10386,4,4,3,3,2,2,3,4,4,3,3,2,2,3,4,4,3,3,2,2,3
10387,5,5,5,5,5,4,4,5,5,5,5,5,4,4,5,5,5,5,5,4,4
10388,3,4,4,3,3,3,3,3,4,4,3,3,3,3,3,4,4,3,3,3,3
10389,5,6,5,5,5,5,5,5,6,5,5,5,5,5,5,6,5,5,5,5,5
10390,1,1,1,1,1,1,1,1,1,1,1,1,1,1,1,1,1,1,1,1,1
10391,0,0,0,0,0,0,0,0,0,0,0,0,0,0,0,0,0,0,0,0,0
10392,0,0,0,0,0,0,0,0,0,0,0,0,0,0,0,0,0,0,0,0,0
10393,1,1,2,2,2,1,1,1,1,2,2,2,1,1,1,1,2,2,2,1,1
10394,0,0,0,0,0,0,0,0,0,0,0,0,0,0,0,0,0,0,0,0,0
10395,1,1,1,1,1,1,1,1,1,1,1,1,1,1,1,1,1,1,1,1,1
10396,0,0,0,0,0,0,0,0,0,0,0,0,0,0,0,0,0,0,0,0,0
10397,10,13,17,17,13,10,8,10,13,17,17,13,10,8,10,13,17,17,13,10,8
10398,7,9,9,8,7,6,6,7,9,9,8,7,6,6,7,9,9,8,7,6,6
10399,0,0,0,0,0,0,0,0,0,0,0,0,0,0,0,0,0,0,0,0,0
10400,0,0,0,0,0,0,0,0,0,0,0,0,0,0,0,0,0,0,0,0,0
10401,0,0,0,0,0,0,0,0,0,0,0,0,0,0,0,0,0,0,0,0,0
10402,0,0,0,0,0,0,0,0,0,0,0,0,0,0,0,0,0,0,0,0,0
10403,0,0,0,0,0,0,0,0,0,0,0,0,0,0,0,0,0,0,0,0,0
10404,47,58,57,51,43,39,36,47,58,57,51,43,39,36,47,58,57,51,43,39,36
10405,3,3,3,1,1,1,2,3,3,3,1,1,1,2,3,3,3,1,1,1,2
10406,1,2,2,2,2,1,1,1,2,2,2,2,1,1,1,2,2,2,2,1,1
10407,0,0,0,0,0,0,0,0,0,0,0,0,0,0,0,0,0,0,0,0,0
10408,0,0,0,0,0,0,0,0,0,0,0,0,0,0,0,0,0,0,0,0,0
10409,0,0,0,0,0,0,0,0,0,0,0,0,0,0,0,0,0,0,0,0,0
10410,0,0,0,0,0,0,0,0,0,0,0,0,0,0,0,0,0,0,0,0,0
10411,0,0,0,0,0,0,0,0,0,0,0,0,0,0,0,0,0,0,0,0,0
10412,0,0,0,0,0,0,0,0,0,0,0,0,0,0,0,0,0,0,0,0,0
10413,0,0,0,0,0,0,0,0,0,0,0,0,0,0,0,0,0,0,0,0,0
10414,91,93,91,87,98,88,86,91,93,91,87,98,88,86,91,93,91,87,98,88,86
10415,1,1,1,1,1,1,1,1,1,1,1,1,1,1,1,1,1,1,1,1,1
10416,2,1,1,1,1,1,2,2,1,1,1,1,1,2,2,1,1,1,1,1,2
10417,1,1,1,1,1,1,1,1,1,1,1,1,1,1,1,1,1,1,1,1,1
10418,0,0,0,0,0,0,0,0,0,0,0,0,0,0,0,0,0,0,0,0,0
10419,4,4,4,3,3,4,4,4,4,4,3,3,4,4,4,4,4,3,3,4,4
10420,5,5,5,4,4,3,4,5,5,5,4,4,3,4,5,5,5,4,4,3,4
10421,5,5,5,5,4,4,4,5,5,5,5,4,4,4,5,5,5,5,4,4,4
10422,13,14,14,13,11,10,11,13,14,14,13,11,10,11,13,14,14,13,11,10,11
10423,5,5,5,5,5,4,5,5,5,5,5,5,4,5,5,5,5,5,5,4,5
10424,0,0,0,0,0,0,0,0,0,0,0,0,0,0,0,0,0,0,0,0,0
10425,0,0,0,0,0,0,0,0,0,0,0,0,0,0,0,0,0,0,0,0,0
10426,0,2,1,0,0,0,0,0,2,1,0,0,0,0,0,2,1,0,0,0,0
10427,1,0,1,1,1,0,0,1,0,1,1,1,0,0,1,0,1,1,1,0,0
10428,0,0,0,0,0,0,0,0,0,0,0,0,0,0,0,0,0,0,0,0,0
10429,3,3,2,2,2,2,3,3,3,2,2,2,2,3,3,3,2,2,2,2,3
10430,1,1,0,0,0,0,1,1,1,0,0,0,0,1,1,1,0,0,0,0,1
10431,0,0,0,0,0,0,0,0,0,0,0,0,0,0,0,0,0,0,0,0,0
10432,1,1,1,1,1,1,1,1,1,1,1,1,1,1,1,1,1,1,1,1,1
10433,1,1,1,1,1,1,1,1,1,1,1,1,1,1,1,1,1,1,1,1,1
10434,5,6,5,5,6,6,5,5,6,5,5,6,6,5,5,6,5,5,6,6,5
10435,3,2,2,2,2,2,3,3,2,2,2,2,2,3,3,2,2,2,2,2,3
10436,1,1,1,1,1,1,1,1,1,1,1,1,1,1,1,1,1,1,1,1,1
10437,1,1,1,1,1,1,1,1,1,1,1,1,1,1,1,1,1,1,1,1,1
10438,0,0,0,0,0,0,0,0,0,0,0,0,0,0,0,0,0,0,0,0,0
10439,0,0,0,0,0,0,0,0,0,0,0,0,0,0,0,0,0,0,0,0,0
10440,0,0,0,0,0,0,0,0,0,0,0,0,0,0,0,0,0,0,0,0,0
10441,1,1,1,1,1,0,0,1,1,1,1,1,0,0,1,1,1,1,1,0,0
10442,0,0,0,0,0,0,0,0,0,0,0,0,0,0,0,0,0,0,0,0,0
10443,0,0,0,0,0,0,0,0,0,0,0,0,0,0,0,0,0,0,0,0,0
10444,0,0,0,0,0,0,0,0,0,0,0,0,0,0,0,0,0,0,0,0,0
10445,0,0,0,0,0,0,0,0,0,0,0,0,0,0,0,0,0,0,0,0,0
10446,1,0,0,0,0,0,0,1,0,0,0,0,0,0,1,0,0,0,0,0,0
10447,0,0,0,0,0,0,0,0,0,0,0,0,0,0,0,0,0,0,0,0,0
10448,0,0,0,0,0,0,0,0,0,0,0,0,0,0,0,0,0,0,0,0,0
10449,0,0,0,0,0,0,0,0,0,0,0,0,0,0,0,0,0,0,0,0,0
10450,3,4,3,4,3,2,2,3,4,3,4,3,2,2,3,4,3,4,3,2,2
10451,2,2,2,2,3,2,2,2,2,2,2,3,2,2,2,2,2,2,3,2,2
10452,1,1,1,0,0,0,0,1,1,1,0,0,0,0,1,1,1,0,0,0,0
10453,12,16,18,18,14,12,10,12,16,18,18,14,12,10,12,16,18,18,14,12,10
10454,3,2,3,3,2,2,2,3,2,3,3,2,2,2,3,2,3,3,2,2,2
10455,10,12,11,10,9,8,8,10,12,11,10,9,8,8,10,12,11,10,9,8,8
10456,2,3,2,2,2,2,2,2,3,2,2,2,2,2,2,3,2,2,2,2,2
10457,38,47,48,48,40,36,30,38,47,48,48,40,36,30,38,47,48,48,40,36,30
10458,73,80,74,61,43,29,49,73,80,74,61,43,29,49,73,80,74,61,43,29,49
10459,27,27,28,24,21,18,19,27,27,28,24,21,18,19,27,27,28,24,21,18,19
10460,77,82,86,75,69,57,60,77,82,86,75,69,57,60,77,82,86,75,69,57,60
10461,17,20,21,18,15,12,13,17,20,21,18,15,12,13,17,20,21,18,15,12,13
10462,2,3,3,4,3,2,2,2,3,3,4,3,2,2,2,3,3,4,3,2,2
10463,1,1,2,2,1,1,1,1,1,2,2,1,1,1,1,1,2,2,1,1,1
10464,1,1,1,1,1,1,1,1,1,1,1,1,1,1,1,1,1,1,1,1,1
10465,1,2,3,4,4,2,1,1,2,3,4,4,2,1,1,2,3,4,4,2,1
10466,62,73,72,64,57,49,46,62,73,72,64,57,49,46,62,73,72,64,57,49,46
10467,116,127,133,122,106,96,97,116,127,133,122,106,96,97,116,127,133,122,106,96,97
10468,14,17,17,17,18,16,12,14,17,17,17,18,16,12,14,17,17,17,18,16,12
10469,8,7,10,11,12,9,7,8,7,10,11,12,9,7,8,7,10,11,12,9,7
10470,33,39,36,33,29,23,25,33,39,36,33,29,23,25,33,39,36,33,29,23,25
10471,68,70,75,76,70,53,49,68,70,75,76,70,53,49,68,70,75,76,70,53,49
10472,116,127,133,122,106,96,97,116,127,133,122,106,96,97,116,127,133,122,106,96,97
10473,0,1,1,1,0,0,0,0,1,1,1,0,0,0,0,1,1,1,0,0,0
10474,15,18,17,18,14,15,15,15,18,17,18,14,15,15,15,18,17,18,14,15,15
10475,0,0,0,0,0,0,0,0,0,0,0,0,0,0,0,0,0,0,0,0,0
10476,0,0,0,0,0,0,0,0,0,0,0,0,0,0,0,0,0,0,0,0,0
10477,116,127,133,122,106,96,97,116,127,133,122,106,96,97,116,127,133,122,106,96,97
10478,98,110,115,121,106,93,80,98,110,115,121,106,93,80,98,110,115,121,106,93,80
10479,13,13,14,15,17,12,15,13,13,14,15,17,12,15,13,13,14,15,17,12,15
10480,0,0,0,0,0,0,0,0,0,0,0,0,0,0,0,0,0,0,0,0,0
10481,5,6,5,5,6,6,5,5,6,5,5,6,6,5,5,6,5,5,6,6,5
10482,0,0,0,0,0,0,0,0,0,0,0,0,0,0,0,0,0,0,0,0,0
10483,1,1,1,1,0,1,1,1,1,1,1,0,1,1,1,1,1,1,0,1,1
10484,5,6,6,7,7,6,4,5,6,6,7,7,6,4,5,6,6,7,7,6,4
10485,1,2,2,2,1,1,1,1,2,2,2,1,1,1,1,2,2,2,1,1,1
10486,54,37,41,51,13,10,44,54,37,41,51,13,10,44,54,37,41,51,13,10,44
10487,7,10,11,10,8,7,6,7,10,11,10,8,7,6,7,10,11,10,8,7,6
10488,15,16,16,14,13,11,11,15,16,16,14,13,11,11,15,16,16,14,13,11,11
10489,47,54,54,51,47,39,33,47,54,54,51,47,39,33,47,54,54,51,47,39,33
10490,1,1,2,2,2,1,1,1,1,2,2,2,1,1,1,1,2,2,2,1,1
10491,0,0,0,0,0,0,0,0,0,0,0,0,0,0,0,0,0,0,0,0,0
10492,15,19,20,21,19,14,13,15,19,20,21,19,14,13,15,19,20,21,19,14,13
10493,0,0,0,0,0,0,0,0,0,0,0,0,0,0,0,0,0,0,0,0,0
10494,0,0,0,0,0,0,0,0,0,0,0,0,0,0,0,0,0,0,0,0,0
10495,0,0,0,0,0,0,0,0,0,0,0,0,0,0,0,0,0,0,0,0,0
10496,1,1,1,0,0,0,0,1,1,1,0,0,0,0,1,1,1,0,0,0,0
10497,15,21,23,22,16,10,10,15,21,23,22,16,10,10,15,21,23,22,16,10,10
10498,1,1,2,2,2,1,1,1,1,2,2,2,1,1,1,1,2,2,2,1,1
10499,0,0,0,0,0,0,0,0,0,0,0,0,0,0,0,0,0,0,0,0,0
10500,4,4,3,4,3,4,3,4,4,3,4,3,4,3,4,4,3,4,3,4,3
10501,0,0,0,0,0,0,0,0,0,0,0,0,0,0,0,0,0,0,0,0,0
10502,0,0,1,1,1,1,1,0,0,1,1,1,1,1,0,0,1,1,1,1,1
10503,0,0,0,0,0,0,0,0,0,0,0,0,0,0,0,0,0,0,0,0,0
10504,0,0,0,0,0,0,0,0,0,0,0,0,0,0,0,0,0,0,0,0,0
10505,0,0,0,0,0,0,0,0,0,0,0,0,0,0,0,0,0,0,0,0,0
10506,0,0,0,0,0,0,0,0,0,0,0,0,0,0,0,0,0,0,0,0,0
10507,1,1,1,0,0,0,1,1,1,1,0,0,0,1,1,1,1,0,0,0,1
10508,0,0,0,0,0,0,0,0,0,0,0,0,0,0,0,0,0,0,0,0,0
10509,0,0,0,0,0,0,0,0,0,0,0,0,0,0,0,0,0,0,0,0,0
10510,0,0,0,0,0,0,0,0,0,0,0,0,0,0,0,0,0,0,0,0,0
10511,0,0,0,0,0,0,0,0,0,0,0,0,0,0,0,0,0,0,0,0,0
10512,0,0,0,0,0,0,0,0,0,0,0,0,0,0,0,0,0,0,0,0,0
10513,0,0,0,0,0,0,0,0,0,0,0,0,0,0,0,0,0,0,0,0,0
10514,0,0,0,0,0,0,0,0,0,0,0,0,0,0,0,0,0,0,0,0,0
10515,0,0,0,0,0,0,0,0,0,0,0,0,0,0,0,0,0,0,0,0,0
10516,0,0,0,0,0,0,0,0,0,0,0,0,0,0,0,0,0,0,0,0,0
10517,0,0,0,0,0,0,0,0,0,0,0,0,0,0,0,0,0,0,0,0,0
10518,0,0,0,0,0,0,0,0,0,0,0,0,0,0,0,0,0,0,0,0,0
10519,0,0,0,0,0,0,0,0,0,0,0,0,0,0,0,0,0,0,0,0,0
10520,0,0,0,0,0,0,0,0,0,0,0,0,0,0,0,0,0,0,0,0,0
10521,0,0,0,0,0,0,0,0,0,0,0,0,0,0,0,0,0,0,0,0,0
10522,0,1,1,0,0,1,0,0,1,1,0,0,1,0,0,1,1,0,0,1,0
10523,0,0,0,0,0,0,0,0,0,0,0,0,0,0,0,0,0,0,0,0,0
10524,0,0,0,0,0,0,0,0,0,0,0,0,0,0,0,0,0,0,0,0,0
10525,0,0,0,1,11,0,0,0,0,0,1,11,0,0,0,0,0,1,11,0,0
10526,0,0,0,0,0,0,0,0,0,0,0,0,0,0,0,0,0,0,0,0,0
10527,0,0,0,0,0,0,0,0,0,0,0,0,0,0,0,0,0,0,0,0,0
10528,0,0,0,0,0,0,0,0,0,0,0,0,0,0,0,0,0,0,0,0,0
10529,0,0,1,1,0,0,0,0,0,1,1,0,0,0,0,0,1,1,0,0,0
10530,0,0,0,0,0,0,0,0,0,0,0,0,0,0,0,0,0,0,0,0,0
10531,0,0,0,0,0,0,0,0,0,0,0,0,0,0,0,0,0,0,0,0,0
10532,0,0,0,0,0,0,0,0,0,0,0,0,0,0,0,0,0,0,0,0,0
10533,0,0,0,0,0,0,0,0,0,0,0,0,0,0,0,0,0,0,0,0,0
10534,0,0,0,0,0,0,0,0,0,0,0,0,0,0,0,0,0,0,0,0,0
10535,3,3,2,1,2,2,3,3,3,2,1,2,2,3,3,3,2,1,2,2,3
10536,0,0,0,0,0,0,0,0,0,0,0,0,0,0,0,0,0,0,0,0,0
10537,0,0,0,0,0,0,0,0,0,0,0,0,0,0,0,0,0,0,0,0,0
10538,0,0,0,0,0,0,0,0,0,0,0,0,0,0,0,0,0,0,0,0,0
10539,0,0,0,0,0,0,0,0,0,0,0,0,0,0,0,0,0,0,0,0,0
10540,0,0,0,0,0,0,0,0,0,0,0,0,0,0,0,0,0,0,0,0,0
10541,3,3,3,3,3,2,2,3,3,3,3,3,2,2,3,3,3,3,3,2,2
10542,11,14,13,12,11,10,10,11,14,13,12,11,10,10,11,14,13,12,11,10,10
10543,0,0,0,0,0,0,0,0,0,0,0,0,0,0,0,0,0,0,0,0,0
10544,0,0,0,0,0,0,0,0,0,0,0,0,0,0,0,0,0,0,0,0,0
10545,0,0,0,0,0,0,0,0,0,0,0,0,0,0,0,0,0,0,0,0,0
10546,0,0,0,0,0,0,0,0,0,0,0,0,0,0,0,0,0,0,0,0,0
10547,22,22,19,14,13,14,16,22,22,19,14,13,14,16,22,22,19,14,13,14,16
10548,0,0,0,0,0,0,0,0,0,0,0,0,0,0,0,0,0,0,0,0,0
10549,0,0,0,0,0,0,0,0,0,0,0,0,0,0,0,0,0,0,0,0,0
10550,10,13,8,8,9,10,10,10,13,8,8,9,10,10,10,13,8,8,9,10,10
10551,0,0,0,1,1,0,1,0,0,0,1,1,0,1,0,0,0,1,1,0,1
10552,3,3,3,3,3,2,2,3,3,3,3,3,2,2,3,3,3,3,3,2,2
10553,0,0,0,0,0,0,0,0,0,0,0,0,0,0,0,0,0,0,0,0,0
10554,15,16,15,12,10,10,11,15,16,15,12,10,10,11,15,16,15,12,10,10,11
10555,0,0,0,0,0,0,0,0,0,0,0,0,0,0,0,0,0,0,0,0,0
10556,68,82,79,68,60,54,56,68,82,79,68,60,54,56,68,82,79,68,60,54,56
10557,23,26,29,26,23,19,19,23,26,29,26,23,19,19,23,26,29,26,23,19,19
10558,0,0,0,0,0,0,0,0,0,0,0,0,0,0,0,0,0,0,0,0,0
10559,4,5,5,4,4,4,3,4,5,5,4,4,4,3,4,5,5,4,4,4,3
10560,0,0,0,0,0,0,0,0,0,0,0,0,0,0,0,0,0,0,0,0,0
10561,3,3,3,3,3,2,3,3,3,3,3,3,2,3,3,3,3,3,3,2,3
10562,1,1,1,1,1,1,1,1,1,1,1,1,1,1,1,1,1,1,1,1,1
10563,4,4,3,2,3,3,5,4,4,3,2,3,3,5,4,4,3,2,3,3,5
10564,3,3,3,2,2,2,2,3,3,3,2,2,2,2,3,3,3,2,2,2,2
10565,0,0,0,0,0,0,0,0,0,0,0,0,0,0,0,0,0,0,0,0,0
10566,0,0,0,0,0,0,0,0,0,0,0,0,0,0,0,0,0,0,0,0,0
10567,0,0,0,0,0,0,0,0,0,0,0,0,0,0,0,0,0,0,0,0,0
10568,0,0,0,0,0,0,0,0,0,0,0,0,0,0,0,0,0,0,0,0,0
10569,0,0,0,0,0,0,0,0,0,0,0,0,0,0,0,0,0,0,0,0,0
10570,0,0,0,0,0,0,0,0,0,0,0,0,0,0,0,0,0,0,0,0,0
10571,0,0,0,0,0,0,0,0,0,0,0,0,0,0,0,0,0,0,0,0,0
10572,7,8,8,10,9,8,7,7,8,8,10,9,8,7,7,8,8,10,9,8,7
10573,6,7,8,8,8,5,5,6,7,8,8,8,5,5,6,7,8,8,8,5,5
10574,4,3,4,4,4,3,4,4,3,4,4,4,3,4,4,3,4,4,4,3,4
10575,39,42,42,42,35,35,33,39,42,42,42,35,35,33,39,42,42,42,35,35,33
10576,0,0,0,0,0,0,0,0,0,0,0,0,0,0,0,0,0,0,0,0,0
10577,1,1,1,0,0,0,0,1,1,1,0,0,0,0,1,1,1,0,0,0,0
10578,0,1,1,1,1,1,0,0,1,1,1,1,1,0,0,1,1,1,1,1,0
10579,1,0,0,0,0,0,0,1,0,0,0,0,0,0,1,0,0,0,0,0,0
10580,0,0,0,0,0,0,0,0,0,0,0,0,0,0,0,0,0,0,0,0,0
10581,0,0,0,0,0,0,0,0,0,0,0,0,0,0,0,0,0,0,0,0,0
10582,0,0,0,0,0,0,0,0,0,0,0,0,0,0,0,0,0,0,0,0,0
10583,0,0,0,0,0,0,0,0,0,0,0,0,0,0,0,0,0,0,0,0,0
10584,0,0,0,0,0,0,0,0,0,0,0,0,0,0,0,0,0,0,0,0,0
10585,0,0,0,0,0,0,0,0,0,0,0,0,0,0,0,0,0,0,0,0,0
10586,1,1,1,1,1,1,1,1,1,1,1,1,1,1,1,1,1,1,1,1,1
10587,88,94,99,96,86,74,71,88,94,99,96,86,74,71,88,94,99,96,86,74,71
10588,6,6,6,6,5,4,4,6,6,6,6,5,4,4,6,6,6,6,5,4,4
10589,3,3,3,4,3,3,3,3,3,3,4,3,3,3,3,3,3,4,3,3,3
10590,0,0,0,0,0,0,0,0,0,0,0,0,0,0,0,0,0,0,0,0,0
10591,3,3,4,3,2,3,3,3,3,4,3,2,3,3,3,3,4,3,2,3,3
10592,11,14,13,9,7,7,8,11,14,13,9,7,7,8,11,14,13,9,7,7,8
10593,3,4,4,3,2,4,3,3,4,4,3,2,4,3,3,4,4,3,2,4,3
10594,1,1,1,1,1,1,1,1,1,1,1,1,1,1,1,1,1,1,1,1,1
10595,1,1,1,1,1,1,1,1,1,1,1,1,1,1,1,1,1,1,1,1,1
10596,1,2,2,2,1,1,1,1,2,2,2,1,1,1,1,2,2,2,1,1,1
10597,1,0,0,1,1,1,0,1,0,0,1,1,1,0,1,0,0,1,1,1,0
10598,0,0,0,0,0,0,0,0,0,0,0,0,0,0,0,0,0,0,0,0,0
10599,26,33,27,23,22,24,23,26,33,27,23,22,24,23,26,33,27,23,22,24,23
10600,21,31,25,22,18,23,18,21,31,25,22,18,23,18,21,31,25,22,18,23,18
10601,37,33,33,26,20,27,25,37,33,33,26,20,27,25,37,33,33,26,20,27,25
10602,1,1,1,1,1,1,1,1,1,1,1,1,1,1,1,1,1,1,1,1,1
10603,0,0,0,0,0,0,0,0,0,0,0,0,0,0,0,0,0,0,0,0,0
10604,3,3,3,3,3,3,3,3,3,3,3,3,3,3,3,3,3,3,3,3,3
10605,0,0,0,0,0,0,0,0,0,0,0,0,0,0,0,0,0,0,0,0,0
10606,0,0,0,0,0,0,0,0,0,0,0,0,0,0,0,0,0,0,0,0,0
10607,0,0,0,0,0,0,0,0,0,0,0,0,0,0,0,0,0,0,0,0,0
10608,3,3,4,4,4,4,3,3,3,4,4,4,4,3,3,3,4,4,4,4,3
10609,0,0,0,0,0,0,0,0,0,0,0,0,0,0,0,0,0,0,0,0,0
10610,0,0,0,0,0,0,0,0,0,0,0,0,0,0,0,0,0,0,0,0,0
10611,4,3,4,4,3,3,3,4,3,4,4,3,3,3,4,3,4,4,3,3,3
10612,3,3,3,3,3,3,3,3,3,3,3,3,3,3,3,3,3,3,3,3,3
10613,0,0,0,0,0,0,0,0,0,0,0,0,0,0,0,0,0,0,0,0,0
10614,0,0,0,0,0,0,0,0,0,0,0,0,0,0,0,0,0,0,0,0,0
10615,0,0,0,0,0,0,0,0,0,0,0,0,0,0,0,0,0,0,0,0,0
10616,0,0,0,0,0,0,0,0,0,0,0,0,0,0,0,0,0,0,0,0,0
10617,0,0,0,0,0,0,0,0,0,0,0,0,0,0,0,0,0,0,0,0,0
10618,0,0,0,0,0,0,0,0,0,0,0,0,0,0,0,0,0,0,0,0,0
10619,2,1,1,1,1,1,1,2,1,1,1,1,1,1,2,1,1,1,1,1,1
10620,0,0,0,0,0,0,0,0,0,0,0,0,0,0,0,0,0,0,0,0,0
10621,0,0,0,1,1,1,0,0,0,0,1,1,1,0,0,0,0,1,1,1,0
10622,1,1,1,1,1,1,1,1,1,1,1,1,1,1,1,1,1,1,1,1,1
10623,0,0,0,0,0,0,0,0,0,0,0,0,0,0,0,0,0,0,0,0,0
10624,16,15,13,10,10,11,12,16,15,13,10,10,11,12,16,15,13,10,10,11,12
10625,1,1,1,1,1,1,1,1,1,1,1,1,1,1,1,1,1,1,1,1,1
10626,3,3,2,2,1,1,2,3,3,2,2,1,1,2,3,3,2,2,1,1,2
10627,3,3,3,3,3,2,2,3,3,3,3,3,2,2,3,3,3,3,3,2,2
10628,0,0,0,1,1,0,0,0,0,0,1,1,0,0,0,0,0,1,1,0,0
10629,1,1,1,1,1,1,1,1,1,1,1,1,1,1,1,1,1,1,1,1,1
10630,1,1,1,1,1,1,0,1,1,1,1,1,1,0,1,1,1,1,1,1,0
10631,1,1,0,1,1,1,1,1,1,0,1,1,1,1,1,1,0,1,1,1,1
10632,3,4,3,3,3,3,4,3,4,3,3,3,3,4,3,4,3,3,3,3,4
10633,0,0,0,0,0,0,0,0,0,0,0,0,0,0,0,0,0,0,0,0,0
10634,3,3,2,2,3,2,2,3,3,2,2,3,2,2,3,3,2,2,3,2,2
10635,5,5,4,4,4,4,4,5,5,4,4,4,4,4,5,5,4,4,4,4,4
10636,0,0,0,0,0,0,0,0,0,0,0,0,0,0,0,0,0,0,0,0,0
10637,0,0,0,0,0,0,0,0,0,0,0,0,0,0,0,0,0,0,0,0,0
10638,0,0,0,0,0,0,0,0,0,0,0,0,0,0,0,0,0,0,0,0,0
10639,1,0,0,0,0,0,0,1,0,0,0,0,0,0,1,0,0,0,0,0,0
10640,0,0,0,0,0,0,0,0,0,0,0,0,0,0,0,0,0,0,0,0,0
10641,0,0,0,0,0,0,0,0,0,0,0,0,0,0,0,0,0,0,0,0,0
10642,0,0,0,0,0,0,0,0,0,0,0,0,0,0,0,0,0,0,0,0,0
10643,0,0,0,0,0,0,0,0,0,0,0,0,0,0,0,0,0,0,0,0,0
10644,0,0,0,0,0,0,0,0,0,0,0,0,0,0,0,0,0,0,0,0,0
10645,0,0,0,0,0,0,0,0,0,0,0,0,0,0,0,0,0,0,0,0,0
10646,0,0,0,0,0,0,0,0,0,0,0,0,0,0,0,0,0,0,0,0,0
10647,0,0,0,0,0,0,0,0,0,0,0,0,0,0,0,0,0,0,0,0,0
10648,0,0,0,0,0,0,0,0,0,0,0,0,0,0,0,0,0,0,0,0,0
10649,1,1,1,2,1,2,1,1,1,1,2,1,2,1,1,1,1,2,1,2,1
10650,0,0,0,0,0,0,0,0,0,0,0,0,0,0,0,0,0,0,0,0,0
10651,0,0,0,0,0,0,0,0,0,0,0,0,0,0,0,0,0,0,0,0,0
10652,0,0,0,0,0,0,0,0,0,0,0,0,0,0,0,0,0,0,0,0,0
10653,0,0,0,0,0,0,0,0,0,0,0,0,0,0,0,0,0,0,0,0,0
10654,1,1,0,0,0,1,1,1,1,0,0,0,1,1,1,1,0,0,0,1,1
10655,0,0,0,0,0,0,0,0,0,0,0,0,0,0,0,0,0,0,0,0,0
10656,0,0,0,0,0,0,0,0,0,0,0,0,0,0,0,0,0,0,0,0,0
10657,0,0,0,0,0,0,0,0,0,0,0,0,0,0,0,0,0,0,0,0,0
10658,0,0,0,0,0,0,0,0,0,0,0,0,0,0,0,0,0,0,0,0,0
10659,0,0,0,0,0,0,0,0,0,0,0,0,0,0,0,0,0,0,0,0,0
10660,0,0,0,0,0,0,0,0,0,0,0,0,0,0,0,0,0,0,0,0,0
10661,0,0,0,0,0,0,0,0,0,0,0,0,0,0,0,0,0,0,0,0,0
10662,0,0,0,0,0,0,0,0,0,0,0,0,0,0,0,0,0,0,0,0,0
10663,0,0,0,0,0,0,0,0,0,0,0,0,0,0,0,0,0,0,0,0,0
10664,0,0,0,0,0,0,0,0,0,0,0,0,0,0,0,0,0,0,0,0,0
10665,0,0,0,0,0,0,0,0,0,0,0,0,0,0,0,0,0,0,0,0,0
10666,0,0,0,0,0,0,0,0,0,0,0,0,0,0,0,0,0,0,0,0,0
10667,1,0,0,0,0,0,1,1,0,0,0,0,0,1,1,0,0,0,0,0,1
10668,0,0,0,0,0,0,0,0,0,0,0,0,0,0,0,0,0,0,0,0,0
10669,0,0,0,0,0,0,0,0,0,0,0,0,0,0,0,0,0,0,0,0,0
10670,0,0,0,0,0,0,0,0,0,0,0,0,0,0,0,0,0,0,0,0,0
10671,0,0,0,0,0,0,0,0,0,0,0,0,0,0,0,0,0,0,0,0,0
10672,0,0,0,0,0,0,0,0,0,0,0,0,0,0,0,0,0,0,0,0,0
10673,0,0,0,0,0,0,0,0,0,0,0,0,0,0,0,0,0,0,0,0,0
10674,0,0,0,0,0,0,0,0,0,0,0,0,0,0,0,0,0,0,0,0,0
10675,0,0,0,0,0,0,0,0,0,0,0,0,0,0,0,0,0,0,0,0,0
10676,0,0,0,0,0,0,0,0,0,0,0,0,0,0,0,0,0,0,0,0,0
10677,0,0,0,0,0,0,0,0,0,0,0,0,0,0,0,0,0,0,0,0,0
10678,56,67,70,71,58,50,48,56,67,70,71,58,50,48,56,67,70,71,58,50,48
10679,8,10,10,9,8,7,7,8,10,10,9,8,7,7,8,10,10,9,8,7,7
10680,1,2,2,2,1,1,1,1,2,2,2,1,1,1,1,2,2,2,1,1,1
10681,1,1,1,1,1,1,0,1,1,1,1,1,1,0,1,1,1,1,1,1,0
10682,2,3,3,3,3,2,2,2,3,3,3,3,2,2,2,3,3,3,3,2,2
10683,3,3,3,3,3,3,3,3,3,3,3,3,3,3,3,3,3,3,3,3,3
10684,0,0,0,0,0,0,0,0,0,0,0,0,0,0,0,0,0,0,0,0,0
10685,0,0,0,0,0,0,0,0,0,0,0,0,0,0,0,0,0,0,0,0,0
10686,1,0,0,0,0,0,0,1,0,0,0,0,0,0,1,0,0,0,0,0,0
10687,0,0,0,0,0,0,0,0,0,0,0,0,0,0,0,0,0,0,0,0,0
10688,0,0,0,1,1,1,0,0,0,0,1,1,1,0,0,0,0,1,1,1,0
10689,0,0,0,0,0,0,0,0,0,0,0,0,0,0,0,0,0,0,0,0,0
10690,0,0,0,0,0,0,0,0,0,0,0,0,0,0,0,0,0,0,0,0,0
10691,0,1,1,1,1,1,1,0,1,1,1,1,1,1,0,1,1,1,1,1,1
10692,0,0,0,0,0,0,0,0,0,0,0,0,0,0,0,0,0,0,0,0,0
10693,0,0,0,0,0,0,0,0,0,0,0,0,0,0,0,0,0,0,0,0,0
10694,1,1,2,1,1,2,2,1,1,2,1,1,2,2,1,1,2,1,1,2,2
10695,0,0,0,0,0,0,0,0,0,0,0,0,0,0,0,0,0,0,0,0,0
10696,0,0,0,0,0,0,0,0,0,0,0,0,0,0,0,0,0,0,0,0,0
10697,0,0,0,0,0,0,0,0,0,0,0,0,0,0,0,0,0,0,0,0,0
10698,0,0,0,0,0,0,0,0,0,0,0,0,0,0,0,0,0,0,0,0,0
10699,0,1,0,3,5,0,0,0,1,0,3,5,0,0,0,1,0,3,5,0,0
10700,1,3,0,3,3,0,3,1,3,0,3,3,0,3,1,3,0,3,3,0,3
10701,4,15,8,5,6,0,3,4,15,8,5,6,0,3,4,15,8,5,6,0,3
10702,1,1,1,0,4,3,0,1,1,1,0,4,3,0,1,1,1,0,4,3,0
10703,3,3,2,2,2,0,1,3,3,2,2,2,0,1,3,3,2,2,2,0,1
10704,3,2,2,2,2,0,0,3,2,2,2,2,0,0,3,2,2,2,2,0,0
10705,4,5,14,4,1,3,8,4,5,14,4,1,3,8,4,5,14,4,1,3,8
10706,0,0,0,0,0,0,0,0,0,0,0,0,0,0,0,0,0,0,0,0,0
10707,2,2,2,2,2,1,2,2,2,2,2,2,1,2,2,2,2,2,2,1,2
10708,0,0,0,0,0,0,0,0,0,0,0,0,0,0,0,0,0,0,0,0,0
10709,1,1,1,1,1,1,1,1,1,1,1,1,1,1,1,1,1,1,1,1,1
10710,0,0,0,0,0,0,0,0,0,0,0,0,0,0,0,0,0,0,0,0,0
10711,2,3,2,2,2,2,1,2,3,2,2,2,2,1,2,3,2,2,2,2,1
10712,1,1,2,1,1,1,1,1,1,2,1,1,1,1,1,1,2,1,1,1,1
10713,4,4,3,3,3,2,3,4,4,3,3,3,2,3,4,4,3,3,3,2,3
10714,2,2,2,2,2,2,2,2,2,2,2,2,2,2,2,2,2,2,2,2,2
10715,1,1,1,1,1,1,1,1,1,1,1,1,1,1,1,1,1,1,1,1,1
10716,2,2,1,1,1,1,1,2,2,1,1,1,1,1,2,2,1,1,1,1,1
10717,0,0,0,0,0,0,0,0,0,0,0,0,0,0,0,0,0,0,0,0,0
10718,0,0,0,0,0,0,0,0,0,0,0,0,0,0,0,0,0,0,0,0,0
10719,0,0,0,0,0,0,0,0,0,0,0,0,0,0,0,0,0,0,0,0,0
10720,4,5,5,6,4,0,0,4,5,5,6,4,0,0,4,5,5,6,4,0,0
10721,0,0,0,0,0,0,0,0,0,0,0,0,0,0,0,0,0,0,0,0,0
10722,1,1,1,1,1,0,1,1,1,1,1,1,0,1,1,1,1,1,1,0,1
10723,4,4,4,4,4,3,3,4,4,4,4,4,3,3,4,4,4,4,4,3,3
10724,6,6,6,6,6,5,5,6,6,6,6,6,5,5,6,6,6,6,6,5,5
10725,0,0,0,0,0,0,0,0,0,0,0,0,0,0,0,0,0,0,0,0,0
10726,16,21,22,16,9,7,8,16,21,22,16,9,7,8,16,21,22,16,9,7,8
10727,8,9,10,10,9,7,8,8,9,10,10,9,7,8,8,9,10,10,9,7,8
10728,8,8,7,7,8,7,7,8,8,7,7,8,7,7,8,8,7,7,8,7,7
10729,7,8,8,12,14,7,4,7,8,8,12,14,7,4,7,8,8,12,14,7,4
10730,4,4,4,3,3,3,3,4,4,4,3,3,3,3,4,4,4,3,3,3,3
10731,3,3,4,4,3,3,2,3,3,4,4,3,3,2,3,3,4,4,3,3,2
10732,15,16,13,14,12,13,14,15,16,13,14,12,13,14,15,16,13,14,12,13,14
10733,8,8,7,6,6,6,6,8,8,7,6,6,6,6,8,8,7,6,6,6,6
10734,7,8,7,6,7,7,7,7,8,7,6,7,7,7,7,8,7,6,7,7,7
10735,2,3,4,4,4,3,2,2,3,4,4,4,3,2,2,3,4,4,4,3,2
10736,1,1,1,1,1,1,1,1,1,1,1,1,1,1,1,1,1,1,1,1,1
10737,1,1,2,1,2,1,1,1,1,2,1,2,1,1,1,1,2,1,2,1,1
10738,1,1,1,1,1,1,1,1,1,1,1,1,1,1,1,1,1,1,1,1,1
10739,1,1,2,2,1,1,1,1,1,2,2,1,1,1,1,1,2,2,1,1,1
10740,19,22,26,26,24,18,15,19,22,26,26,24,18,15,19,22,26,26,24,18,15
10741,1,1,1,1,1,1,0,1,1,1,1,1,1,0,1,1,1,1,1,1,0
10742,2,3,3,2,2,2,2,2,3,3,2,2,2,2,2,3,3,2,2,2,2
10743,2,2,2,2,2,1,1,2,2,2,2,2,1,1,2,2,2,2,2,1,1
10744,3,3,4,5,5,4,3,3,3,4,5,5,4,3,3,3,4,5,5,4,3
10745,27,25,24,23,24,22,24,27,25,24,23,24,22,24,27,25,24,23,24,22,24
10746,1,1,1,1,1,1,1,1,1,1,1,1,1,1,1,1,1,1,1,1,1
10747,0,0,0,0,0,0,0,0,0,0,0,0,0,0,0,0,0,0,0,0,0
10748,0,0,0,0,1,0,0,0,0,0,0,1,0,0,0,0,0,0,1,0,0
10749,0,0,0,0,0,0,0,0,0,0,0,0,0,0,0,0,0,0,0,0,0
10750,0,0,0,0,0,0,0,0,0,0,0,0,0,0,0,0,0,0,0,0,0
10751,1,1,1,1,1,0,0,1,1,1,1,1,0,0,1,1,1,1,1,0,0
10752,0,0,0,0,0,0,0,0,0,0,0,0,0,0,0,0,0,0,0,0,0
10753,0,0,0,0,0,0,0,0,0,0,0,0,0,0,0,0,0,0,0,0,0
10754,0,0,0,0,0,0,0,0,0,0,0,0,0,0,0,0,0,0,0,0,0
10755,0,0,0,1,1,1,0,0,0,0,1,1,1,0,0,0,0,1,1,1,0
10756,0,0,0,0,0,0,0,0,0,0,0,0,0,0,0,0,0,0,0,0,0
10757,0,0,0,0,0,0,0,0,0,0,0,0,0,0,0,0,0,0,0,0,0
10758,0,0,0,0,0,0,0,0,0,0,0,0,0,0,0,0,0,0,0,0,0
10759,0,0,0,0,0,0,0,0,0,0,0,0,0,0,0,0,0,0,0,0,0
10760,0,0,0,0,0,0,0,0,0,0,0,0,0,0,0,0,0,0,0,0,0
10761,0,0,0,0,0,0,0,0,0,0,0,0,0,0,0,0,0,0,0,0,0
10762,0,0,1,0,0,0,0,0,0,1,0,0,0,0,0,0,1,0,0,0,0
10763,0,0,0,0,0,0,0,0,0,0,0,0,0,0,0,0,0,0,0,0,0
10764,0,0,0,0,0,0,0,0,0,0,0,0,0,0,0,0,0,0,0,0,0
10765,0,0,0,0,0,0,0,0,0,0,0,0,0,0,0,0,0,0,0,0,0
10766,0,0,0,0,0,0,0,0,0,0,0,0,0,0,0,0,0,0,0,0,0
10767,0,0,0,0,0,0,0,0,0,0,0,0,0,0,0,0,0,0,0,0,0
10768,0,0,0,0,0,0,0,0,0,0,0,0,0,0,0,0,0,0,0,0,0
10769,0,0,0,0,0,0,0,0,0,0,0,0,0,0,0,0,0,0,0,0,0
10770,2,1,0,0,0,0,1,2,1,0,0,0,0,1,2,1,0,0,0,0,1
10771,0,0,0,0,0,0,0,0,0,0,0,0,0,0,0,0,0,0,0,0,0
10772,0,0,0,0,0,0,0,0,0,0,0,0,0,0,0,0,0,0,0,0,0
10773,0,0,0,1,1,0,0,0,0,0,1,1,0,0,0,0,0,1,1,0,0
10774,3,3,3,3,3,2,2,3,3,3,3,3,2,2,3,3,3,3,3,2,2
10775,3,3,2,2,2,1,2,3,3,2,2,2,1,2,3,3,2,2,2,1,2
10776,14,16,17,19,15,13,12,14,16,17,19,15,13,12,14,16,17,19,15,13,12
10777,5,6,5,5,5,5,5,5,6,5,5,5,5,5,5,6,5,5,5,5,5
10778,11,12,12,10,9,7,9,11,12,12,10,9,7,9,11,12,12,10,9,7,9
10779,3,4,4,4,3,2,3,3,4,4,4,3,2,3,3,4,4,4,3,2,3
10780,9,9,8,8,6,6,6,9,9,8,8,6,6,6,9,9,8,8,6,6,6
10781,0,0,0,0,0,0,0,0,0,0,0,0,0,0,0,0,0,0,0,0,0
10782,1,1,1,1,1,1,1,1,1,1,1,1,1,1,1,1,1,1,1,1,1
10783,2,1,1,1,1,0,1,2,1,1,1,1,0,1,2,1,1,1,1,0,1
10784,0,0,0,0,0,0,0,0,0,0,0,0,0,0,0,0,0,0,0,0,0
10785,0,0,0,0,0,0,0,0,0,0,0,0,0,0,0,0,0,0,0,0,0
10786,0,0,0,0,0,0,0,0,0,0,0,0,0,0,0,0,0,0,0,0,0
10787,0,0,0,0,0,0,0,0,0,0,0,0,0,0,0,0,0,0,0,0,0
10788,0,0,0,0,0,0,0,0,0,0,0,0,0,0,0,0,0,0,0,0,0
10789,4,5,5,4,4,3,3,4,5,5,4,4,3,3,4,5,5,4,4,3,3
10790,1,1,1,1,1,1,1,1,1,1,1,1,1,1,1,1,1,1,1,1,1
10791,7,6,6,5,5,5,6,7,6,6,5,5,5,6,7,6,6,5,5,5,6
10792,15,17,18,19,15,14,12,15,17,18,19,15,14,12,15,17,18,19,15,14,12
10793,1,1,1,1,1,1,1,1,1,1,1,1,1,1,1,1,1,1,1,1,1
10794,1,2,2,1,1,1,1,1,2,2,1,1,1,1,1,2,2,1,1,1,1
10795,2,4,4,3,3,3,2,2,4,4,3,3,3,2,2,4,4,3,3,3,2
10796,5,7,7,7,5,6,4,5,7,7,7,5,6,4,5,7,7,7,5,6,4
10797,0,0,0,0,0,0,0,0,0,0,0,0,0,0,0,0,0,0,0,0,0
10798,3,2,4,3,3,3,3,3,2,4,3,3,3,3,3,2,4,3,3,3,3
10799,5,6,6,5,4,4,5,5,6,6,5,4,4,5,5,6,6,5,4,4,5
10800,1,1,1,1,1,1,1,1,1,1,1,1,1,1,1,1,1,1,1,1,1
10801,0,0,0,0,0,0,0,0,0,0,0,0,0,0,0,0,0,0,0,0,0
10802,0,0,0,0,0,0,0,0,0,0,0,0,0,0,0,0,0,0,0,0,0
10803,0,0,0,0,0,0,0,0,0,0,0,0,0,0,0,0,0,0,0,0,0
10804,0,0,0,0,0,0,0,0,0,0,0,0,0,0,0,0,0,0,0,0,0
10805,0,0,0,0,0,0,0,0,0,0,0,0,0,0,0,0,0,0,0,0,0
10806,2,3,3,2,2,2,2,2,3,3,2,2,2,2,2,3,3,2,2,2,2
10807,1,1,2,1,1,1,1,1,1,2,1,1,1,1,1,1,2,1,1,1,1
10808,0,0,0,0,1,1,0,0,0,0,0,1,1,0,0,0,0,0,1,1,0
10809,0,0,0,0,0,0,0,0,0,0,0,0,0,0,0,0,0,0,0,0,0
10810,15,16,17,16,18,18,17,15,16,17,16,18,18,17,15,16,17,16,18,18,17
10811,1,1,1,0,0,0,0,1,1,1,0,0,0,0,1,1,1,0,0,0,0
10812,2,4,6,5,4,3,1,2,4,6,5,4,3,1,2,4,6,5,4,3,1
10813,1,1,2,1,1,1,1,1,1,2,1,1,1,1,1,1,2,1,1,1,1
10814,10,21,24,22,11,9,8,10,21,24,22,11,9,8,10,21,24,22,11,9,8
10815,2,4,8,8,6,2,2,2,4,8,8,6,2,2,2,4,8,8,6,2,2
10816,11,22,23,27,18,13,6,11,22,23,27,18,13,6,11,22,23,27,18,13,6
10817,5,8,9,7,5,4,3,5,8,9,7,5,4,3,5,8,9,7,5,4,3
10818,1,3,3,3,2,1,1,1,3,3,3,2,1,1,1,3,3,3,2,1,1
10819,0,0,0,0,0,0,0,0,0,0,0,0,0,0,0,0,0,0,0,0,0
10820,3,5,6,5,4,3,2,3,5,6,5,4,3,2,3,5,6,5,4,3,2
10821,4,8,9,6,5,3,3,4,8,9,6,5,3,3,4,8,9,6,5,3,3
10822,1,1,1,1,1,1,1,1,1,1,1,1,1,1,1,1,1,1,1,1,1
10823,1,1,1,1,1,1,1,1,1,1,1,1,1,1,1,1,1,1,1,1,1
10824,0,0,0,0,0,0,0,0,0,0,0,0,0,0,0,0,0,0,0,0,0
10825,2,2,2,2,1,1,1,2,2,2,2,1,1,1,2,2,2,2,1,1,1
10826,1,1,1,1,1,1,1,1,1,1,1,1,1,1,1,1,1,1,1,1,1
10827,2,2,2,2,2,1,1,2,2,2,2,2,1,1,2,2,2,2,2,1,1
10828,2,1,2,2,1,1,1,2,1,2,2,1,1,1,2,1,2,2,1,1,1
10829,0,0,0,0,0,0,0,0,0,0,0,0,0,0,0,0,0,0,0,0,0
10830,0,0,0,0,0,0,0,0,0,0,0,0,0,0,0,0,0,0,0,0,0
10831,0,0,0,0,0,0,0,0,0,0,0,0,0,0,0,0,0,0,0,0,0
10832,0,0,0,0,0,0,0,0,0,0,0,0,0,0,0,0,0,0,0,0,0
10833,0,0,0,0,0,0,0,0,0,0,0,0,0,0,0,0,0,0,0,0,0
10834,1,1,0,1,0,1,1,1,1,0,1,0,1,1,1,1,0,1,0,1,1
10835,1,1,1,1,1,0,1,1,1,1,1,1,0,1,1,1,1,1,1,0,1
10836,0,0,0,0,0,0,0,0,0,0,0,0,0,0,0,0,0,0,0,0,0
10837,0,0,0,0,0,0,0,0,0,0,0,0,0,0,0,0,0,0,0,0,0
10838,0,0,0,0,0,0,0,0,0,0,0,0,0,0,0,0,0,0,0,0,0
10839,0,0,0,0,0,0,0,0,0,0,0,0,0,0,0,0,0,0,0,0,0
10840,0,0,0,0,0,0,0,0,0,0,0,0,0,0,0,0,0,0,0,0,0
10841,0,0,0,0,0,0,0,0,0,0,0,0,0,0,0,0,0,0,0,0,0
10842,6,7,7,6,5,5,5,6,7,7,6,5,5,5,6,7,7,6,5,5,5
10843,1,1,1,1,0,0,0,1,1,1,1,0,0,0,1,1,1,1,0,0,0
10844,3,4,4,3,3,3,3,3,4,4,3,3,3,3,3,4,4,3,3,3,3
10845,0,0,0,0,0,0,0,0,0,0,0,0,0,0,0,0,0,0,0,0,0
10846,0,0,0,0,0,0,0,0,0,0,0,0,0,0,0,0,0,0,0,0,0
10847,11,13,14,13,11,8,9,11,13,14,13,11,8,9,11,13,14,13,11,8,9
10848,6,5,6,6,5,6,5,6,5,6,6,5,6,5,6,5,6,6,5,6,5
10849,1,1,1,0,0,0,0,1,1,1,0,0,0,0,1,1,1,0,0,0,0
10850,1,1,1,0,0,0,0,1,1,1,0,0,0,0,1,1,1,0,0,0,0
10851,0,0,0,0,0,0,0,0,0,0,0,0,0,0,0,0,0,0,0,0,0
10852,0,0,0,0,0,0,0,0,0,0,0,0,0,0,0,0,0,0,0,0,0
10853,5,5,5,6,5,4,4,5,5,5,6,5,4,4,5,5,5,6,5,4,4
10854,1,1,1,1,1,1,1,1,1,1,1,1,1,1,1,1,1,1,1,1,1
10855,0,0,0,0,0,0,0,0,0,0,0,0,0,0,0,0,0,0,0,0,0
10856,18,20,21,17,16,14,16,18,20,21,17,16,14,16,18,20,21,17,16,14,16
10857,4,4,4,3,4,4,5,4,4,4,3,4,4,5,4,4,4,3,4,4,5
10858,29,29,27,28,26,25,23,29,29,27,28,26,25,23,29,29,27,28,26,25,23
10859,116,127,133,122,106,96,97,116,127,133,122,106,96,97,116,127,133,122,106,96,97
10860,116,127,133,122,106,96,97,116,127,133,122,106,96,97,116,127,133,122,106,96,97
10861,0,0,0,0,0,0,0,0,0,0,0,0,0,0,0,0,0,0,0,0,0
10862,3,3,3,2,2,2,2,3,3,3,2,2,2,2,3,3,3,2,2,2,2
10863,36,32,31,26,24,24,29,36,32,31,26,24,24,29,36,32,31,26,24,24,29
10864,77,84,83,69,60,56,62,77,84,83,69,60,56,62,77,84,83,69,60,56,62
10865,2,3,4,3,2,1,1,2,3,4,3,2,1,1,2,3,4,3,2,1,1
10866,6,8,6,4,5,5,6,6,8,6,4,5,5,6,6,8,6,4,5,5,6
10867,34,35,34,34,30,26,30,34,35,34,34,30,26,30,34,35,34,34,30,26,30
10868,20,19,19,17,16,17,17,20,19,19,17,16,17,17,20,19,19,17,16,17,17
10869,106,102,100,87,78,81,87,106,102,100,87,78,81,87,106,102,100,87,78,81,87
10870,13,16,17,17,13,12,11,13,16,17,17,13,12,11,13,16,17,17,13,12,11
10871,5,7,8,7,5,3,3,5,7,8,7,5,3,3,5,7,8,7,5,3,3
10872,7,7,7,5,4,4,7,7,7,7,5,4,4,7,7,7,7,5,4,4,7
10873,1,1,1,2,2,1,1,1,1,1,2,2,1,1,1,1,1,2,2,1,1
10874,2,2,2,1,1,1,1,2,2,2,1,1,1,1,2,2,2,1,1,1,1
10875,9,13,12,15,14,11,9,9,13,12,15,14,11,9,9,13,12,15,14,11,9
10876,7,8,8,7,8,5,5,7,8,8,7,8,5,5,7,8,8,7,8,5,5
10877,1,2,2,2,1,1,1,1,2,2,2,1,1,1,1,2,2,2,1,1,1
10878,14,13,13,12,11,11,12,14,13,13,12,11,11,12,14,13,13,12,11,11,12
10879,116,127,133,122,106,96,97,116,127,133,122,106,96,97,116,127,133,122,106,96,97
10880,2,2,2,2,1,1,1,2,2,2,2,1,1,1,2,2,2,2,1,1,1
10881,1,1,1,1,1,1,1,1,1,1,1,1,1,1,1,1,1,1,1,1,1
10882,2,2,2,2,2,2,2,2,2,2,2,2,2,2,2,2,2,2,2,2,2
10883,4,5,5,4,5,4,4,4,5,5,4,5,4,4,4,5,5,4,5,4,4
10884,14,16,18,18,18,13,13,14,16,18,18,18,13,13,14,16,18,18,18,13,13
10885,6,5,7,6,6,5,4,6,5,7,6,6,5,4,6,5,7,6,6,5,4
10886,12,12,11,11,9,8,10,12,12,11,11,9,8,10,12,12,11,11,9,8,10
10887,4,3,5,5,4,4,4,4,3,5,5,4,4,4,4,3,5,5,4,4,4
10888,1,2,2,2,2,1,1,1,2,2,2,2,1,1,1,2,2,2,2,1,1
10889,3,2,1,2,2,2,2,3,2,1,2,2,2,2,3,2,1,2,2,2,2
10890,1,2,1,2,1,1,1,1,2,1,2,1,1,1,1,2,1,2,1,1,1
10891,0,0,0,0,0,0,0,0,0,0,0,0,0,0,0,0,0,0,0,0,0
10892,0,0,0,0,0,0,0,0,0,0,0,0,0,0,0,0,0,0,0,0,0
10893,0,0,0,0,0,0,0,0,0,0,0,0,0,0,0,0,0,0,0,0,0
10894,0,0,0,0,0,0,0,0,0,0,0,0,0,0,0,0,0,0,0,0,0
10895,0,0,0,0,0,0,0,0,0,0,0,0,0,0,0,0,0,0,0,0,0
10896,15,12,14,13,11,11,13,15,12,14,13,11,11,13,15,12,14,13,11,11,13
10897,0,0,0,0,0,0,0,0,0,0,0,0,0,0,0,0,0,0,0,0,0
10898,3,3,0,0,1,1,2,3,3,0,0,1,1,2,3,3,0,0,1,1,2
10899,1,1,1,1,1,1,1,1,1,1,1,1,1,1,1,1,1,1,1,1,1
10900,1,1,1,0,0,0,0,1,1,1,0,0,0,0,1,1,1,0,0,0,0
10901,0,0,0,0,0,0,0,0,0,0,0,0,0,0,0,0,0,0,0,0,0
10902,5,5,6,5,4,4,4,5,5,6,5,4,4,4,5,5,6,5,4,4,4
10903,0,0,0,0,0,0,0,0,0,0,0,0,0,0,0,0,0,0,0,0,0
10904,0,0,0,0,0,0,0,0,0,0,0,0,0,0,0,0,0,0,0,0,0
10905,0,0,0,0,0,0,0,0,0,0,0,0,0,0,0,0,0,0,0,0,0
10906,0,1,1,1,1,1,1,0,1,1,1,1,1,1,0,1,1,1,1,1,1
10907,1,1,1,1,1,1,1,1,1,1,1,1,1,1,1,1,1,1,1,1,1
10908,0,0,0,0,0,0,0,0,0,0,0,0,0,0,0,0,0,0,0,0,0
10909,0,0,0,0,0,0,0,0,0,0,0,0,0,0,0,0,0,0,0,0,0
10910,0,0,0,0,0,0,0,0,0,0,0,0,0,0,0,0,0,0,0,0,0
10911,1,1,1,1,1,1,1,1,1,1,1,1,1,1,1,1,1,1,1,1,1
10912,0,0,0,0,1,1,1,0,0,0,0,1,1,1,0,0,0,0,1,1,1
10913,0,0,0,0,0,0,0,0,0,0,0,0,0,0,0,0,0,0,0,0,0
10914,0,0,0,0,0,0,0,0,0,0,0,0,0,0,0,0,0,0,0,0,0
10915,4,4,4,4,4,3,4,4,4,4,4,4,3,4,4,4,4,4,4,3,4
10916,1,1,0,1,1,1,1,1,1,0,1,1,1,1,1,1,0,1,1,1,1
10917,0,0,0,0,0,0,0,0,0,0,0,0,0,0,0,0,0,0,0,0,0
10918,0,0,1,1,1,0,0,0,0,1,1,1,0,0,0,0,1,1,1,0,0
10919,0,0,0,0,0,0,0,0,0,0,0,0,0,0,0,0,0,0,0,0,0
10920,0,0,0,0,0,0,0,0,0,0,0,0,0,0,0,0,0,0,0,0,0
10921,15,19,20,19,16,13,12,15,19,20,19,16,13,12,15,19,20,19,16,13,12
10922,8,8,10,9,8,7,6,8,8,10,9,8,7,6,8,8,10,9,8,7,6
10923,7,8,9,7,6,5,5,7,8,9,7,6,5,5,7,8,9,7,6,5,5
10924,13,16,16,15,13,10,10,13,16,16,15,13,10,10,13,16,16,15,13,10,10
10925,12,14,15,14,13,10,10,12,14,15,14,13,10,10,12,14,15,14,13,10,10
10926,16,19,20,19,16,13,13,16,19,20,19,16,13,13,16,19,20,19,16,13,13
10927,6,7,8,8,7,6,5,6,7,8,8,7,6,5,6,7,8,8,7,6,5
10928,6,7,8,8,7,5,5,6,7,8,8,7,5,5,6,7,8,8,7,5,5
10929,115,127,133,122,106,96,97,115,127,133,122,106,96,97,115,127,133,122,106,96,97
10930,7,8,8,8,7,6,6,7,8,8,8,7,6,6,7,8,8,8,7,6,6
10931,2,2,2,2,1,2,2,2,2,2,2,1,2,2,2,2,2,2,1,2,2
10932,0,0,0,1,0,0,1,0,0,0,1,0,0,1,0,0,0,1,0,0,1
10933,6,6,7,7,6,5,5,6,6,7,7,6,5,5,6,6,7,7,6,5,5
10934,0,1,1,1,1,1,0,0,1,1,1,1,1,0,0,1,1,1,1,1,0
10935,0,0,0,0,0,0,0,0,0,0,0,0,0,0,0,0,0,0,0,0,0
10936,35,40,39,34,26,24,29,35,40,39,34,26,24,29,35,40,39,34,26,24,29
10937,15,20,19,18,15,12,12,15,20,19,18,15,12,12,15,20,19,18,15,12,12
10938,50,59,58,61,50,38,38,50,59,58,61,50,38,38,50,59,58,61,50,38,38
10939,116,127,133,122,106,96,97,116,127,133,122,106,96,97,116,127,133,122,106,96,97
10940,9,12,10,8,8,9,9,9,12,10,8,8,9,9,9,12,10,8,8,9,9
10941,5,9,9,11,10,4,4,5,9,9,11,10,4,4,5,9,9,11,10,4,4
10942,0,0,0,0,0,0,0,0,0,0,0,0,0,0,0,0,0,0,0,0,0
10943,0,0,0,0,0,0,0,0,0,0,0,0,0,0,0,0,0,0,0,0,0
10944,0,0,0,0,0,0,0,0,0,0,0,0,0,0,0,0,0,0,0,0,0
10945,70,81,83,78,69,60,58,70,81,83,78,69,60,58,70,81,83,78,69,60,58
10946,0,0,0,0,0,0,0,0,0,0,0,0,0,0,0,0,0,0,0,0,0
10947,0,0,0,0,0,0,0,0,0,0,0,0,0,0,0,0,0,0,0,0,0
10948,1,1,1,2,1,1,1,1,1,1,2,1,1,1,1,1,1,2,1,1,1
10949,11,13,14,13,11,9,10,11,13,14,13,11,9,10,11,13,14,13,11,9,10
10950,2,3,3,3,3,2,2,2,3,3,3,3,2,2,2,3,3,3,3,2,2
10951,3,3,3,3,2,2,2,3,3,3,3,2,2,2,3,3,3,3,2,2,2
10952,42,54,50,39,26,26,26,42,54,50,39,26,26,26,42,54,50,39,26,26,26
10953,50,67,71,101,93,60,46,50,67,71,101,93,60,46,50,67,71,101,93,60,46
10954,3,6,5,5,3,3,2,3,6,5,5,3,3,2,3,6,5,5,3,3,2
10955,2,2,2,2,2,1,1,2,2,2,2,2,1,1,2,2,2,2,2,1,1
10956,0,0,0,0,0,0,0,0,0,0,0,0,0,0,0,0,0,0,0,0,0
10957,0,1,1,1,1,1,0,0,1,1,1,1,1,0,0,1,1,1,1,1,0
10958,1,0,0,0,2,1,0,1,0,0,0,2,1,0,1,0,0,0,2,1,0
10959,0,0,0,0,1,1,1,0,0,0,0,1,1,1,0,0,0,0,1,1,1
10960,1,1,0,1,0,1,1,1,1,0,1,0,1,1,1,1,0,1,0,1,1
10961,6,6,7,7,7,6,6,6,6,7,7,7,6,6,6,6,7,7,7,6,6
10962,4,5,4,3,3,3,3,4,5,4,3,3,3,3,4,5,4,3,3,3,3
10963,56,54,53,48,45,44,44,56,54,53,48,45,44,44,56,54,53,48,45,44,44
10964,0,0,0,0,0,0,0,0,0,0,0,0,0,0,0,0,0,0,0,0,0
10965,2,1,2,1,1,1,1,2,1,2,1,1,1,1,2,1,2,1,1,1,1
10966,0,0,0,0,0,0,0,0,0,0,0,0,0,0,0,0,0,0,0,0,0
10967,0,0,0,0,0,0,0,0,0,0,0,0,0,0,0,0,0,0,0,0,0
10968,0,0,0,0,0,0,0,0,0,0,0,0,0,0,0,0,0,0,0,0,0
10969,1,1,0,0,0,1,1,1,1,0,0,0,1,1,1,1,0,0,0,1,1
10970,0,0,0,0,0,0,0,0,0,0,0,0,0,0,0,0,0,0,0,0,0
10971,0,0,0,0,0,0,0,0,0,0,0,0,0,0,0,0,0,0,0,0,0
10972,2,5,7,9,8,7,4,2,5,7,9,8,7,4,2,5,7,9,8,7,4
10973,0,0,0,0,0,0,0,0,0,0,0,0,0,0,0,0,0,0,0,0,0
10974,0,0,0,0,0,0,0,0,0,0,0,0,0,0,0,0,0,0,0,0,0
10975,0,0,0,0,0,0,0,0,0,0,0,0,0,0,0,0,0,0,0,0,0
10976,0,0,0,0,0,0,0,0,0,0,0,0,0,0,0,0,0,0,0,0,0
10977,0,0,0,0,0,0,0,0,0,0,0,0,0,0,0,0,0,0,0,0,0
10978,0,0,0,0,0,0,0,0,0,0,0,0,0,0,0,0,0,0,0,0,0
10979,0,0,0,0,0,0,0,0,0,0,0,0,0,0,0,0,0,0,0,0,0
10980,0,0,0,0,0,0,0,0,0,0,0,0,0,0,0,0,0,0,0,0,0
10981,0,0,0,0,0,0,0,0,0,0,0,0,0,0,0,0,0,0,0,0,0
10982,6,7,7,6,5,4,5,6,7,7,6,5,4,5,6,7,7,6,5,4,5
10983,7,8,7,6,4,5,5,7,8,7,6,4,5,5,7,8,7,6,4,5,5
10984,0,0,0,0,0,0,0,0,0,0,0,0,0,0,0,0,0,0,0,0,0
10985,12,14,13,10,8,8,9,12,14,13,10,8,8,9,12,14,13,10,8,8,9
10986,0,0,0,0,0,0,0,0,0,0,0,0,0,0,0,0,0,0,0,0,0
10987,51,56,57,56,53,44,42,51,56,57,56,53,44,42,51,56,57,56,53,44,42
10988,6,7,8,8,7,6,5,6,7,8,8,7,6,5,6,7,8,8,7,6,5
10989,1,1,1,1,1,1,1,1,1,1,1,1,1,1,1,1,1,1,1,1,1
10990,26,32,34,32,27,23,21,26,32,34,32,27,23,21,26,32,34,32,27,23,21
10991,0,0,0,0,0,0,0,0,0,0,0,0,0,0,0,0,0,0,0,0,0
10992,3,3,3,2,3,3,3,3,3,3,2,3,3,3,3,3,3,2,3,3,3
10993,0,0,0,0,0,0,0,0,0,0,0,0,0,0,0,0,0,0,0,0,0
10994,1,0,0,0,0,0,0,1,0,0,0,0,0,0,1,0,0,0,0,0,0
10995,27,34,40,44,34,26,22,27,34,40,44,34,26,22,27,34,40,44,34,26,22
10996,2,2,2,4,4,3,3,2,2,2,4,4,3,3,2,2,2,4,4,3,3
10997,1,1,1,1,1,1,1,1,1,1,1,1,1,1,1,1,1,1,1,1,1
10998,0,0,0,0,0,0,0,0,0,0,0,0,0,0,0,0,0,0,0,0,0
10999,35,39,41,32,32,26,26,35,39,41,32,32,26,26,35,39,41,32,32,26,26
11000,5,4,5,4,4,4,5,5,4,5,4,4,4,5,5,4,5,4,4,4,5
11001,46,54,57,51,46,35,33,46,54,57,51,46,35,33,46,54,57,51,46,35,33
11002,80,105,122,101,74,57,51,80,105,122,101,74,57,51,80,105,122,101,74,57,51
11003,2,3,3,3,3,2,2,2,3,3,3,3,2,2,2,3,3,3,3,2,2
11004,4,4,4,4,4,3,3,4,4,4,4,4,3,3,4,4,4,4,4,3,3
11005,116,127,133,122,106,96,97,116,127,133,122,106,96,97,116,127,133,122,106,96,97
11006,0,0,0,0,0,0,0,0,0,0,0,0,0,0,0,0,0,0,0,0,0
11007,0,0,0,0,0,0,0,0,0,0,0,0,0,0,0,0,0,0,0,0,0
11008,0,0,0,0,0,1,1,0,0,0,0,0,1,1,0,0,0,0,0,1,1
11009,2,2,2,1,1,2,2,2,2,2,1,1,2,2,2,2,2,1,1,2,2
11010,9,10,11,9,8,7,7,9,10,11,9,8,7,7,9,10,11,9,8,7,7
11011,2,3,3,3,2,2,2,2,3,3,3,2,2,2,2,3,3,3,2,2,2
11012,2,2,3,3,2,2,2,2,2,3,3,2,2,2,2,2,3,3,2,2,2
11013,4,6,5,6,6,5,4,4,6,5,6,6,5,4,4,6,5,6,6,5,4
11014,2,2,2,1,2,1,1,2,2,2,1,2,1,1,2,2,2,1,2,1,1
11015,0,0,0,0,0,0,0,0,0,0,0,0,0,0,0,0,0,0,0,0,0
11016,99,110,113,96,103,96,88,99,110,113,96,103,96,88,99,110,113,96,103,96,88
11017,13,16,14,12,9,8,8,13,16,14,12,9,8,8,13,16,14,12,9,8,8
11018,0,0,0,0,0,1,0,0,0,0,0,0,1,0,0,0,0,0,0,1,0
11019,9,10,9,10,8,8,8,9,10,9,10,8,8,8,9,10,9,10,8,8,8
11020,18,19,17,6,7,5,6,18,19,17,6,7,5,6,18,19,17,6,7,5,6
11021,9,11,9,7,6,4,5,9,11,9,7,6,4,5,9,11,9,7,6,4,5
11022,116,127,133,122,106,96,97,116,127,133,122,106,96,97,116,127,133,122,106,96,97
11023,1,1,1,2,1,1,0,1,1,1,2,1,1,0,1,1,1,2,1,1,0
11024,27,26,17,15,21,24,24,27,26,17,15,21,24,24,27,26,17,15,21,24,24
11025,0,0,0,0,0,0,0,0,0,0,0,0,0,0,0,0,0,0,0,0,0
11026,0,0,0,0,3,0,0,0,0,0,0,3,0,0,0,0,0,0,3,0,0
11027,0,1,1,1,1,0,0,0,1,1,1,1,0,0,0,1,1,1,1,0,0
11028,10,10,10,10,8,7,7,10,10,10,10,8,7,7,10,10,10,10,8,7,7
11029,1,1,1,1,1,1,1,1,1,1,1,1,1,1,1,1,1,1,1,1,1
11030,20,21,20,17,17,17,17,20,21,20,17,17,17,17,20,21,20,17,17,17,17
11031,0,0,0,0,1,0,0,0,0,0,0,1,0,0,0,0,0,0,1,0,0
11032,0,0,0,0,0,0,0,0,0,0,0,0,0,0,0,0,0,0,0,0,0
11033,1,0,1,1,0,1,0,1,0,1,1,0,1,0,1,0,1,1,0,1,0
11034,0,0,0,0,0,0,0,0,0,0,0,0,0,0,0,0,0,0,0,0,0
11035,0,0,0,0,0,0,0,0,0,0,0,0,0,0,0,0,0,0,0,0,0
11036,18,11,14,11,8,9,11,18,11,14,11,8,9,11,18,11,14,11,8,9,11
11037,7,6,6,5,5,5,5,7,6,6,5,5,5,5,7,6,6,5,5,5,5
11038,0,0,0,0,0,0,0,0,0,0,0,0,0,0,0,0,0,0,0,0,0
11039,0,0,0,0,0,0,0,0,0,0,0,0,0,0,0,0,0,0,0,0,0
11040,0,0,0,0,0,0,0,0,0,0,0,0,0,0,0,0,0,0,0,0,0
11041,0,0,0,0,0,0,0,0,0,0,0,0,0,0,0,0,0,0,0,0,0
11042,14,14,14,13,14,15,13,14,14,14,13,14,15,13,14,14,14,13,14,15,13
11043,0,0,0,0,0,0,0,0,0,0,0,0,0,0,0,0,0,0,0,0,0
11044,0,0,0,0,0,0,0,0,0,0,0,0,0,0,0,0,0,0,0,0,0
11045,0,0,0,0,0,0,0,0,0,0,0,0,0,0,0,0,0,0,0,0,0
11046,1,1,1,1,1,1,1,1,1,1,1,1,1,1,1,1,1,1,1,1,1
11047,0,0,2,2,1,0,1,0,0,2,2,1,0,1,0,0,2,2,1,0,1
11048,2,3,3,2,1,1,1,2,3,3,2,1,1,1,2,3,3,2,1,1,1
11049,1,1,2,1,1,1,1,1,1,2,1,1,1,1,1,1,2,1,1,1,1
11050,0,0,0,0,0,0,0,0,0,0,0,0,0,0,0,0,0,0,0,0,0
11051,0,0,0,0,0,0,0,0,0,0,0,0,0,0,0,0,0,0,0,0,0
11052,3,3,3,3,2,2,2,3,3,3,3,2,2,2,3,3,3,3,2,2,2
11053,1,1,1,1,0,1,1,1,1,1,1,0,1,1,1,1,1,1,0,1,1
11054,0,0,0,0,0,0,0,0,0,0,0,0,0,0,0,0,0,0,0,0,0
11055,0,0,0,0,0,0,0,0,0,0,0,0,0,0,0,0,0,0,0,0,0
11056,0,0,0,0,0,0,0,0,0,0,0,0,0,0,0,0,0,0,0,0,0
11057,0,0,0,0,0,0,0,0,0,0,0,0,0,0,0,0,0,0,0,0,0
11058,0,0,0,0,0,0,0,0,0,0,0,0,0,0,0,0,0,0,0,0,0
11059,0,0,0,0,0,0,0,0,0,0,0,0,0,0,0,0,0,0,0,0,0
11060,0,0,0,0,0,0,0,0,0,0,0,0,0,0,0,0,0,0,0,0,0
11061,0,0,0,0,0,0,0,0,0,0,0,0,0,0,0,0,0,0,0,0,0
11062,0,0,0,0,0,0,0,0,0,0,0,0,0,0,0,0,0,0,0,0,0
11063,0,0,0,0,0,0,0,0,0,0,0,0,0,0,0,0,0,0,0,0,0
11064,21,22,22,21,18,16,17,21,22,22,21,18,16,17,21,22,22,21,18,16,17
11065,0,0,0,0,0,0,0,0,0,0,0,0,0,0,0,0,0,0,0,0,0
11066,0,0,0,0,0,0,0,0,0,0,0,0,0,0,0,0,0,0,0,0,0
11067,0,0,0,0,0,0,0,0,0,0,0,0,0,0,0,0,0,0,0,0,0
11068,1,1,0,0,0,1,1,1,1,0,0,0,1,1,1,1,0,0,0,1,1
11069,1,1,2,1,0,1,1,1,1,2,1,0,1,1,1,1,2,1,0,1,1
11070,0,0,0,0,0,0,0,0,0,0,0,0,0,0,0,0,0,0,0,0,0
11071,0,0,0,0,0,0,0,0,0,0,0,0,0,0,0,0,0,0,0,0,0
11072,0,0,1,1,1,1,0,0,0,1,1,1,1,0,0,0,1,1,1,1,0
11073,6,5,5,4,3,3,4,6,5,5,4,3,3,4,6,5,5,4,3,3,4
11074,26,28,27,24,22,19,20,26,28,27,24,22,19,20,26,28,27,24,22,19,20
11075,1,1,2,1,1,1,1,1,1,2,1,1,1,1,1,1,2,1,1,1,1
11076,2,3,2,2,2,2,1,2,3,2,2,2,2,1,2,3,2,2,2,2,1
11077,0,0,0,0,0,0,0,0,0,0,0,0,0,0,0,0,0,0,0,0,0
11078,0,0,0,0,0,0,0,0,0,0,0,0,0,0,0,0,0,0,0,0,0
11079,0,0,0,0,0,0,0,0,0,0,0,0,0,0,0,0,0,0,0,0,0
11080,0,0,0,0,0,0,0,0,0,0,0,0,0,0,0,0,0,0,0,0,0
11081,0,0,0,0,0,0,0,0,0,0,0,0,0,0,0,0,0,0,0,0,0
11082,0,0,0,0,0,0,0,0,0,0,0,0,0,0,0,0,0,0,0,0,0
11083,0,0,0,0,0,0,0,0,0,0,0,0,0,0,0,0,0,0,0,0,0
11084,0,0,0,0,0,0,0,0,0,0,0,0,0,0,0,0,0,0,0,0,0
11085,0,0,0,0,0,0,0,0,0,0,0,0,0,0,0,0,0,0,0,0,0
11086,0,0,0,0,0,0,0,0,0,0,0,0,0,0,0,0,0,0,0,0,0
11087,0,0,0,0,0,0,0,0,0,0,0,0,0,0,0,0,0,0,0,0,0
11088,0,0,0,0,0,0,0,0,0,0,0,0,0,0,0,0,0,0,0,0,0
11089,1,1,1,1,1,1,1,1,1,1,1,1,1,1,1,1,1,1,1,1,1
11090,2,1,1,2,1,2,2,2,1,1,2,1,2,2,2,1,1,2,1,2,2
11091,3,3,2,3,3,2,3,3,3,2,3,3,2,3,3,3,2,3,3,2,3
11092,0,0,0,0,0,0,0,0,0,0,0,0,0,0,0,0,0,0,0,0,0
11093,3,3,4,4,4,4,4,3,3,4,4,4,4,4,3,3,4,4,4,4,4
11094,0,0,0,0,0,0,0,0,0,0,0,0,0,0,0,0,0,0,0,0,0
11095,0,0,0,0,0,0,0,0,0,0,0,0,0,0,0,0,0,0,0,0,0
11096,2,2,2,2,2,1,1,2,2,2,2,2,1,1,2,2,2,2,2,1,1
11097,0,0,0,0,0,0,0,0,0,0,0,0,0,0,0,0,0,0,0,0,0
11098,0,0,0,0,0,0,0,0,0,0,0,0,0,0,0,0,0,0,0,0,0
11099,0,0,0,0,0,0,0,0,0,0,0,0,0,0,0,0,0,0,0,0,0
11100,0,0,0,0,0,0,0,0,0,0,0,0,0,0,0,0,0,0,0,0,0
11101,0,0,0,0,0,0,0,0,0,0,0,0,0,0,0,0,0,0,0,0,0
11102,0,0,0,0,0,0,0,0,0,0,0,0,0,0,0,0,0,0,0,0,0
11103,0,0,0,0,0,0,0,0,0,0,0,0,0,0,0,0,0,0,0,0,0
11104,2,1,1,1,1,1,1,2,1,1,1,1,1,1,2,1,1,1,1,1,1
11105,1,1,1,1,1,1,1,1,1,1,1,1,1,1,1,1,1,1,1,1,1
11106,13,15,16,16,15,11,10,13,15,16,16,15,11,10,13,15,16,16,15,11,10
11107,1,0,0,0,0,0,0,1,0,0,0,0,0,0,1,0,0,0,0,0,0
11108,2,2,2,2,2,1,2,2,2,2,2,2,1,2,2,2,2,2,2,1,2
11109,0,0,0,0,0,0,0,0,0,0,0,0,0,0,0,0,0,0,0,0,0
11110,1,1,2,2,1,1,1,1,1,2,2,1,1,1,1,1,2,2,1,1,1
11111,0,0,0,0,0,0,0,0,0,0,0,0,0,0,0,0,0,0,0,0,0
11112,1,1,1,1,1,1,1,1,1,1,1,1,1,1,1,1,1,1,1,1,1
11113,0,0,0,0,0,0,0,0,0,0,0,0,0,0,0,0,0,0,0,0,0
11114,0,0,0,0,0,0,0,0,0,0,0,0,0,0,0,0,0,0,0,0,0
11115,0,0,0,0,0,0,0,0,0,0,0,0,0,0,0,0,0,0,0,0,0
11116,1,1,1,1,1,1,1,1,1,1,1,1,1,1,1,1,1,1,1,1,1
11117,6,7,6,4,4,4,4,6,7,6,4,4,4,4,6,7,6,4,4,4,4
11118,54,54,59,62,50,44,42,54,54,59,62,50,44,42,54,54,59,62,50,44,42
11119,16,14,15,15,14,14,13,16,14,15,15,14,14,13,16,14,15,15,14,14,13
11120,0,0,0,0,0,0,0,0,0,0,0,0,0,0,0,0,0,0,0,0,0
11121,0,0,0,0,0,0,0,0,0,0,0,0,0,0,0,0,0,0,0,0,0
11122,0,0,0,0,0,0,0,0,0,0,0,0,0,0,0,0,0,0,0,0,0
11123,13,14,15,16,15,12,12,13,14,15,16,15,12,12,13,14,15,16,15,12,12
11124,6,6,7,7,6,5,6,6,6,7,7,6,5,6,6,6,7,7,6,5,6
11125,26,30,30,29,26,23,23,26,30,30,29,26,23,23,26,30,30,29,26,23,23
11126,1,0,0,0,0,0,0,1,0,0,0,0,0,0,1,0,0,0,0,0,0
11127,2,3,4,3,3,2,2,2,3,4,3,3,2,2,2,3,4,3,3,2,2
11128,0,0,0,0,0,0,0,0,0,0,0,0,0,0,0,0,0,0,0,0,0
11129,1,1,1,0,1,0,1,1,1,1,0,1,0,1,1,1,1,0,1,0,1
11130,109,122,130,122,106,93,91,109,122,130,122,106,93,91,109,122,130,122,106,93,91
11131,8,9,9,9,8,7,7,8,9,9,9,8,7,7,8,9,9,9,8,7,7
11132,12,11,12,9,9,8,9,12,11,12,9,9,8,9,12,11,12,9,9,8,9
11133,3,4,4,4,3,2,3,3,4,4,4,3,2,3,3,4,4,4,3,2,3
11134,2,3,3,3,2,2,2,2,3,3,3,2,2,2,2,3,3,3,2,2,2
11135,0,0,0,0,0,0,0,0,0,0,0,0,0,0,0,0,0,0,0,0,0
11136,0,0,0,0,0,0,0,0,0,0,0,0,0,0,0,0,0,0,0,0,0
11137,0,0,0,0,0,0,0,0,0,0,0,0,0,0,0,0,0,0,0,0,0
11138,0,0,0,0,0,0,0,0,0,0,0,0,0,0,0,0,0,0,0,0,0
11139,0,0,0,0,0,0,0,0,0,0,0,0,0,0,0,0,0,0,0,0,0
11140,0,0,0,0,0,0,0,0,0,0,0,0,0,0,0,0,0,0,0,0,0
11141,0,0,0,0,0,0,0,0,0,0,0,0,0,0,0,0,0,0,0,0,0
11142,2,2,3,3,2,1,1,2,2,3,3,2,1,1,2,2,3,3,2,1,1
11143,9,16,18,15,13,9,6,9,16,18,15,13,9,6,9,16,18,15,13,9,6
11144,2,2,4,3,2,1,1,2,2,4,3,2,1,1,2,2,4,3,2,1,1
11145,0,0,0,0,0,0,0,0,0,0,0,0,0,0,0,0,0,0,0,0,0
11146,52,57,56,55,45,44,42,52,57,56,55,45,44,42,52,57,56,55,45,44,42
11147,3,3,3,3,3,2,2,3,3,3,3,3,2,2,3,3,3,3,3,2,2
11148,5,6,6,6,5,4,4,5,6,6,6,5,4,4,5,6,6,6,5,4,4
11149,25,28,30,28,25,20,19,25,28,30,28,25,20,19,25,28,30,28,25,20,19
11150,2,2,2,2,2,2,2,2,2,2,2,2,2,2,2,2,2,2,2,2,2
11151,16,16,11,20,18,20,20,16,16,11,20,18,20,20,16,16,11,20,18,20,20
11152,0,0,0,0,0,0,0,0,0,0,0,0,0,0,0,0,0,0,0,0,0
11153,0,0,0,0,0,0,0,0,0,0,0,0,0,0,0,0,0,0,0,0,0
11154,0,0,0,0,2,2,0,0,0,0,0,2,2,0,0,0,0,0,2,2,0
11155,0,0,0,0,0,0,0,0,0,0,0,0,0,0,0,0,0,0,0,0,0
11156,1,1,1,1,1,1,1,1,1,1,1,1,1,1,1,1,1,1,1,1,1
11157,0,0,0,1,0,0,0,0,0,0,1,0,0,0,0,0,0,1,0,0,0
11158,24,31,35,32,27,20,19,24,31,35,32,27,20,19,24,31,35,32,27,20,19
11159,7,8,9,8,8,6,6,7,8,9,8,8,6,6,7,8,9,8,8,6,6
11160,18,24,28,22,18,15,13,18,24,28,22,18,15,13,18,24,28,22,18,15,13
11161,1,2,2,2,1,1,1,1,2,2,2,1,1,1,1,2,2,2,1,1,1
11162,3,3,3,3,2,2,2,3,3,3,3,2,2,2,3,3,3,3,2,2,2
11163,1,1,1,1,1,1,1,1,1,1,1,1,1,1,1,1,1,1,1,1,1
11164,4,4,5,5,4,3,3,4,4,5,5,4,3,3,4,4,5,5,4,3,3
11165,18,25,26,16,11,10,15,18,25,26,16,11,10,15,18,25,26,16,11,10,15
11166,20,24,23,24,19,14,14,20,24,23,24,19,14,14,20,24,23,24,19,14,14
11167,68,79,90,73,64,54,50,68,79,90,73,64,54,50,68,79,90,73,64,54,50
11168,1,0,0,0,0,0,0,1,0,0,0,0,0,0,1,0,0,0,0,0,0
11169,1,1,1,1,1,1,1,1,1,1,1,1,1,1,1,1,1,1,1,1,1
11170,1,1,1,1,1,1,1,1,1,1,1,1,1,1,1,1,1,1,1,1,1
11171,1,1,1,1,1,1,1,1,1,1,1,1,1,1,1,1,1,1,1,1,1
11172,1,1,1,1,1,1,1,1,1,1,1,1,1,1,1,1,1,1,1,1,1
11173,1,1,1,1,1,1,1,1,1,1,1,1,1,1,1,1,1,1,1,1,1
11174,2,2,2,2,2,1,2,2,2,2,2,2,1,2,2,2,2,2,2,1,2
11175,0,0,0,0,0,0,0,0,0,0,0,0,0,0,0,0,0,0,0,0,0
11176,0,0,0,0,0,0,0,0,0,0,0,0,0,0,0,0,0,0,0,0,0
11177,1,1,1,1,1,1,0,1,1,1,1,1,1,0,1,1,1,1,1,1,0
11178,3,3,3,3,3,2,2,3,3,3,3,3,2,2,3,3,3,3,3,2,2
11179,1,2,2,2,1,1,1,1,2,2,2,1,1,1,1,2,2,2,1,1,1
11180,0,0,0,0,0,0,0,0,0,0,0,0,0,0,0,0,0,0,0,0,0
11181,0,0,0,0,0,0,0,0,0,0,0,0,0,0,0,0,0,0,0,0,0
11182,0,0,0,0,0,0,0,0,0,0,0,0,0,0,0,0,0,0,0,0,0
11183,3,3,3,4,3,3,3,3,3,3,4,3,3,3,3,3,3,4,3,3,3
11184,0,0,0,0,0,0,0,0,0,0,0,0,0,0,0,0,0,0,0,0,0
11185,0,0,0,0,0,0,0,0,0,0,0,0,0,0,0,0,0,0,0,0,0
11186,0,0,0,0,0,0,0,0,0,0,0,0,0,0,0,0,0,0,0,0,0
11187,0,0,1,1,0,0,0,0,0,1,1,0,0,0,0,0,1,1,0,0,0
11188,0,0,0,0,0,0,0,0,0,0,0,0,0,0,0,0,0,0,0,0,0
11189,0,0,0,0,0,0,0,0,0,0,0,0,0,0,0,0,0,0,0,0,0
11190,0,0,0,0,0,0,0,0,0,0,0,0,0,0,0,0,0,0,0,0,0
11191,0,0,0,0,0,0,0,0,0,0,0,0,0,0,0,0,0,0,0,0,0
11192,0,0,0,0,0,0,0,0,0,0,0,0,0,0,0,0,0,0,0,0,0
11193,0,0,0,0,0,0,0,0,0,0,0,0,0,0,0,0,0,0,0,0,0
11194,0,0,0,0,0,0,0,0,0,0,0,0,0,0,0,0,0,0,0,0,0
11195,0,0,0,0,0,0,0,0,0,0,0,0,0,0,0,0,0,0,0,0,0
11196,0,0,0,0,0,0,0,0,0,0,0,0,0,0,0,0,0,0,0,0,0
11197,0,0,0,0,0,0,0,0,0,0,0,0,0,0,0,0,0,0,0,0,0
11198,0,0,0,0,0,0,0,0,0,0,0,0,0,0,0,0,0,0,0,0,0
11199,0,0,0,0,0,0,0,0,0,0,0,0,0,0,0,0,0,0,0,0,0
11200,0,0,0,0,0,0,0,0,0,0,0,0,0,0,0,0,0,0,0,0,0
11201,0,0,0,0,0,0,0,0,0,0,0,0,0,0,0,0,0,0,0,0,0
11202,0,0,0,0,0,0,0,0,0,0,0,0,0,0,0,0,0,0,0,0,0
11203,0,0,0,0,0,0,0,0,0,0,0,0,0,0,0,0,0,0,0,0,0
11204,0,0,0,0,0,0,0,0,0,0,0,0,0,0,0,0,0,0,0,0,0
11205,0,0,0,0,0,0,0,0,0,0,0,0,0,0,0,0,0,0,0,0,0
11206,2,2,2,2,2,2,2,2,2,2,2,2,2,2,2,2,2,2,2,2,2
11207,9,12,15,14,14,10,9,9,12,15,14,14,10,9,9,12,15,14,14,10,9
11208,0,0,0,0,0,0,0,0,0,0,0,0,0,0,0,0,0,0,0,0,0
11209,0,0,1,0,1,1,1,0,0,1,0,1,1,1,0,0,1,0,1,1,1
11210,1,1,1,1,1,0,0,1,1,1,1,1,0,0,1,1,1,1,1,0,0
11211,0,0,0,0,0,0,0,0,0,0,0,0,0,0,0,0,0,0,0,0,0
11212,0,0,0,0,0,0,0,0,0,0,0,0,0,0,0,0,0,0,0,0,0
11213,22,32,38,32,22,11,14,22,32,38,32,22,11,14,22,32,38,32,22,11,14
11214,116,127,133,122,106,96,97,116,127,133,122,106,96,97,116,127,133,122,106,96,97
11215,13,24,22,17,12,9,10,13,24,22,17,12,9,10,13,24,22,17,12,9,10
11216,85,95,104,102,91,74,71,85,95,104,102,91,74,71,85,95,104,102,91,74,71
11217,5,5,5,5,4,4,4,5,5,5,5,4,4,4,5,5,5,5,4,4,4
11218,3,4,4,3,3,3,3,3,4,4,3,3,3,3,3,4,4,3,3,3,3
11219,0,0,0,0,0,0,0,0,0,0,0,0,0,0,0,0,0,0,0,0,0
11220,2,2,3,3,2,2,2,2,2,3,3,2,2,2,2,2,3,3,2,2,2
11221,1,1,1,1,1,1,1,1,1,1,1,1,1,1,1,1,1,1,1,1,1
11222,0,0,0,0,0,0,0,0,0,0,0,0,0,0,0,0,0,0,0,0,0
11223,0,0,0,0,0,0,0,0,0,0,0,0,0,0,0,0,0,0,0,0,0
11224,0,0,0,0,0,0,0,0,0,0,0,0,0,0,0,0,0,0,0,0,0
11225,1,1,1,1,1,1,1,1,1,1,1,1,1,1,1,1,1,1,1,1,1
11226,0,0,0,0,0,0,0,0,0,0,0,0,0,0,0,0,0,0,0,0,0
11227,0,0,0,0,0,0,0,0,0,0,0,0,0,0,0,0,0,0,0,0,0
11228,0,0,0,0,0,0,0,0,0,0,0,0,0,0,0,0,0,0,0,0,0
11229,0,0,0,0,0,0,0,0,0,0,0,0,0,0,0,0,0,0,0,0,0
11230,0,0,0,0,0,0,0,0,0,0,0,0,0,0,0,0,0,0,0,0,0
11231,0,0,0,0,0,0,0,0,0,0,0,0,0,0,0,0,0,0,0,0,0
11232,5,6,8,7,6,4,4,5,6,8,7,6,4,4,5,6,8,7,6,4,4
11233,8,9,10,9,7,6,6,8,9,10,9,7,6,6,8,9,10,9,7,6,6
11234,1,1,1,1,1,1,1,1,1,1,1,1,1,1,1,1,1,1,1,1,1
11235,0,0,0,0,0,0,0,0,0,0,0,0,0,0,0,0,0,0,0,0,0
11236,0,0,0,0,0,0,0,0,0,0,0,0,0,0,0,0,0,0,0,0,0
11237,0,1,1,1,0,0,0,0,1,1,1,0,0,0,0,1,1,1,0,0,0
11238,116,127,133,122,106,96,97,116,127,133,122,106,96,97,116,127,133,122,106,96,97
11239,14,15,15,14,13,11,11,14,15,15,14,13,11,11,14,15,15,14,13,11,11
11240,2,2,2,1,1,1,1,2,2,2,1,1,1,1,2,2,2,1,1,1,1
11241,4,6,6,5,4,3,3,4,6,6,5,4,3,3,4,6,6,5,4,3,3
11242,3,3,3,3,3,3,3,3,3,3,3,3,3,3,3,3,3,3,3,3,3
11243,116,127,133,122,106,96,97,116,127,133,122,106,96,97,116,127,133,122,106,96,97
11244,2,3,2,2,2,1,2,2,3,2,2,2,1,2,2,3,2,2,2,1,2
11245,5,5,5,5,3,3,3,5,5,5,5,3,3,3,5,5,5,5,3,3,3
11246,0,0,0,0,0,0,0,0,0,0,0,0,0,0,0,0,0,0,0,0,0
11247,0,0,0,0,0,0,0,0,0,0,0,0,0,0,0,0,0,0,0,0,0
11248,1,1,2,2,2,2,1,1,1,2,2,2,2,1,1,1,2,2,2,2,1
11249,0,0,0,0,0,0,0,0,0,0,0,0,0,0,0,0,0,0,0,0,0
11250,0,0,0,0,0,0,0,0,0,0,0,0,0,0,0,0,0,0,0,0,0
11251,0,0,0,0,0,0,0,0,0,0,0,0,0,0,0,0,0,0,0,0,0
11252,5,5,4,4,4,3,3,5,5,4,4,4,3,3,5,5,4,4,4,3,3
11253,1,0,1,1,1,1,1,1,0,1,1,1,1,1,1,0,1,1,1,1,1
11254,3,4,4,4,4,3,2,3,4,4,4,4,3,2,3,4,4,4,4,3,2
11255,1,1,1,1,1,1,1,1,1,1,1,1,1,1,1,1,1,1,1,1,1
11256,0,0,0,0,0,0,0,0,0,0,0,0,0,0,0,0,0,0,0,0,0
11257,3,1,1,2,1,1,2,3,1,1,2,1,1,2,3,1,1,2,1,1,2
11258,1,0,0,0,0,1,1,1,0,0,0,0,1,1,1,0,0,0,0,1,1
11259,3,1,0,1,0,0,1,3,1,0,1,0,0,1,3,1,0,1,0,0,1
11260,2,2,2,2,2,2,2,2,2,2,2,2,2,2,2,2,2,2,2,2,2
11261,0,0,0,0,0,0,0,0,0,0,0,0,0,0,0,0,0,0,0,0,0
11262,3,4,4,3,3,2,3,3,4,4,3,3,2,3,3,4,4,3,3,2,3
11263,5,5,6,6,4,4,4,5,5,6,6,4,4,4,5,5,6,6,4,4,4
11264,0,0,0,0,0,0,0,0,0,0,0,0,0,0,0,0,0,0,0,0,0
11265,11,13,13,12,11,9,9,11,13,13,12,11,9,9,11,13,13,12,11,9,9
11266,26,28,29,27,23,20,21,26,28,29,27,23,20,21,26,28,29,27,23,20,21
11267,0,0,0,0,0,0,0,0,0,0,0,0,0,0,0,0,0,0,0,0,0
11268,1,1,2,1,1,1,1,1,1,2,1,1,1,1,1,1,2,1,1,1,1
11269,0,0,0,0,0,0,0,0,0,0,0,0,0,0,0,0,0,0,0,0,0
11270,0,0,0,0,0,0,0,0,0,0,0,0,0,0,0,0,0,0,0,0,0
11271,18,23,20,18,17,15,17,18,23,20,18,17,15,17,18,23,20,18,17,15,17
11272,1,1,1,1,1,1,1,1,1,1,1,1,1,1,1,1,1,1,1,1,1
11273,13,13,12,10,10,11,11,13,13,12,10,10,11,11,13,13,12,10,10,11,11
11274,1,1,1,1,1,1,1,1,1,1,1,1,1,1,1,1,1,1,1,1,1
11275,0,0,0,0,0,0,0,0,0,0,0,0,0,0,0,0,0,0,0,0,0
11276,1,1,1,1,1,1,1,1,1,1,1,1,1,1,1,1,1,1,1,1,1
11277,0,0,0,0,0,0,0,0,0,0,0,0,0,0,0,0,0,0,0,0,0
11278,0,0,0,1,0,0,1,0,0,0,1,0,0,1,0,0,0,1,0,0,1
11279,0,1,0,0,0,0,0,0,1,0,0,0,0,0,0,1,0,0,0,0,0
11280,0,0,0,0,0,0,0,0,0,0,0,0,0,0,0,0,0,0,0,0,0
11281,0,0,0,0,0,0,0,0,0,0,0,0,0,0,0,0,0,0,0,0,0
11282,0,0,0,0,0,0,0,0,0,0,0,0,0,0,0,0,0,0,0,0,0
11283,4,6,8,8,6,4,3,4,6,8,8,6,4,3,4,6,8,8,6,4,3
11284,1,1,1,1,1,1,1,1,1,1,1,1,1,1,1,1,1,1,1,1,1
11285,1,1,1,1,0,0,1,1,1,1,1,0,0,1,1,1,1,1,0,0,1
11286,0,0,0,0,0,0,0,0,0,0,0,0,0,0,0,0,0,0,0,0,0
11287,0,0,0,0,0,0,0,0,0,0,0,0,0,0,0,0,0,0,0,0,0
11288,0,0,0,0,0,0,0,0,0,0,0,0,0,0,0,0,0,0,0,0,0
11289,0,0,0,0,0,0,0,0,0,0,0,0,0,0,0,0,0,0,0,0,0
11290,1,1,1,1,1,0,0,1,1,1,1,1,0,0,1,1,1,1,1,0,0
11291,1,2,2,2,2,1,1,1,2,2,2,2,1,1,1,2,2,2,2,1,1
11292,0,0,0,0,0,0,0,0,0,0,0,0,0,0,0,0,0,0,0,0,0
11293,0,0,0,0,0,0,0,0,0,0,0,0,0,0,0,0,0,0,0,0,0
11294,0,0,0,0,0,0,0,0,0,0,0,0,0,0,0,0,0,0,0,0,0
11295,0,0,0,0,0,0,0,0,0,0,0,0,0,0,0,0,0,0,0,0,0
11296,25,27,29,28,25,23,23,25,27,29,28,25,23,23,25,27,29,28,25,23,23
11297,24,26,25,24,22,20,21,24,26,25,24,22,20,21,24,26,25,24,22,20,21
11298,6,7,9,7,4,2,3,6,7,9,7,4,2,3,6,7,9,7,4,2,3
11299,0,0,0,0,0,0,0,0,0,0,0,0,0,0,0,0,0,0,0,0,0
11300,33,18,13,9,9,7,30,33,18,13,9,9,7,30,33,18,13,9,9,7,30
11301,0,0,0,0,0,0,0,0,0,0,0,0,0,0,0,0,0,0,0,0,0
11302,25,25,26,27,25,23,21,25,25,26,27,25,23,21,25,25,26,27,25,23,21
11303,2,2,2,2,1,1,1,2,2,2,2,1,1,1,2,2,2,2,1,1,1
11304,0,0,0,0,0,0,0,0,0,0,0,0,0,0,0,0,0,0,0,0,0
11305,2,4,4,2,2,2,1,2,4,4,2,2,2,1,2,4,4,2,2,2,1
11306,0,0,0,0,0,0,0,0,0,0,0,0,0,0,0,0,0,0,0,0,0
11307,1,0,0,0,0,0,0,1,0,0,0,0,0,0,1,0,0,0,0,0,0
11308,22,1,2,2,1,3,17,22,1,2,2,1,3,17,22,1,2,2,1,3,17
11309,2,0,0,0,0,0,0,2,0,0,0,0,0,0,2,0,0,0,0,0,0
11310,31,33,33,30,26,26,25,31,33,33,30,26,26,25,31,33,33,30,26,26,25
11311,44,48,50,46,39,35,39,44,48,50,46,39,35,39,44,48,50,46,39,35,39
11312,116,127,133,122,106,96,97,116,127,133,122,106,96,97,116,127,133,122,106,96,97
11313,116,127,133,122,106,96,97,116,127,133,122,106,96,97,116,127,133,122,106,96,97
11314,0,0,0,0,0,0,0,0,0,0,0,0,0,0,0,0,0,0,0,0,0
11315,18,18,19,17,16,14,15,18,18,19,17,16,14,15,18,18,19,17,16,14,15
11316,0,0,0,0,0,0,0,0,0,0,0,0,0,0,0,0,0,0,0,0,0
11317,0,0,0,0,0,0,0,0,0,0,0,0,0,0,0,0,0,0,0,0,0
11318,10,9,10,9,8,8,9,10,9,10,9,8,8,9,10,9,10,9,8,8,9
11319,2,2,2,2,1,1,1,2,2,2,2,1,1,1,2,2,2,2,1,1,1
11320,4,5,6,5,4,4,4,4,5,6,5,4,4,4,4,5,6,5,4,4,4
11321,0,0,1,1,1,1,1,0,0,1,1,1,1,1,0,0,1,1,1,1,1
11322,1,1,1,1,1,1,1,1,1,1,1,1,1,1,1,1,1,1,1,1,1
11323,0,0,0,0,0,0,0,0,0,0,0,0,0,0,0,0,0,0,0,0,0
11324,1,1,1,1,0,1,1,1,1,1,1,0,1,1,1,1,1,1,0,1,1
11325,0,0,0,0,0,0,0,0,0,0,0,0,0,0,0,0,0,0,0,0,0
11326,0,0,0,0,0,0,0,0,0,0,0,0,0,0,0,0,0,0,0,0,0
11327,0,0,0,0,0,0,0,0,0,0,0,0,0,0,0,0,0,0,0,0,0
11328,0,0,0,0,0,0,0,0,0,0,0,0,0,0,0,0,0,0,0,0,0
11329,0,0,0,0,0,0,0,0,0,0,0,0,0,0,0,0,0,0,0,0,0
11330,0,0,0,0,0,0,0,0,0,0,0,0,0,0,0,0,0,0,0,0,0
11331,1,1,1,1,1,1,1,1,1,1,1,1,1,1,1,1,1,1,1,1,1
11332,0,0,0,0,0,1,0,0,0,0,0,0,1,0,0,0,0,0,0,1,0
11333,0,0,0,0,0,0,0,0,0,0,0,0,0,0,0,0,0,0,0,0,0
11334,0,0,0,0,0,0,0,0,0,0,0,0,0,0,0,0,0,0,0,0,0
11335,0,0,0,0,0,0,0,0,0,0,0,0,0,0,0,0,0,0,0,0,0
11336,0,0,0,0,0,0,0,0,0,0,0,0,0,0,0,0,0,0,0,0,0
11337,0,0,0,0,0,0,0,0,0,0,0,0,0,0,0,0,0,0,0,0,0
11338,116,127,133,122,106,96,97,116,127,133,122,106,96,97,116,127,133,122,106,96,97
11339,3,3,3,3,3,3,4,3,3,3,3,3,3,4,3,3,3,3,3,3,4
11340,60,55,48,45,36,34,44,60,55,48,45,36,34,44,60,55,48,45,36,34,44
11341,0,1,1,0,1,1,0,0,1,1,0,1,1,0,0,1,1,0,1,1,0
11342,2,2,2,2,2,2,2,2,2,2,2,2,2,2,2,2,2,2,2,2,2
11343,1,1,1,0,1,1,0,1,1,1,0,1,1,0,1,1,1,0,1,1,0
11344,3,3,4,4,3,3,1,3,3,4,4,3,3,1,3,3,4,4,3,3,1
11345,0,0,0,0,0,0,0,0,0,0,0,0,0,0,0,0,0,0,0,0,0
11346,0,0,0,0,0,0,0,0,0,0,0,0,0,0,0,0,0,0,0,0,0
11347,0,0,0,0,0,0,0,0,0,0,0,0,0,0,0,0,0,0,0,0,0
11348,0,0,0,0,0,0,0,0,0,0,0,0,0,0,0,0,0,0,0,0,0
11349,1,1,2,1,1,1,1,1,1,2,1,1,1,1,1,1,2,1,1,1,1
11350,8,9,8,6,5,5,7,8,9,8,6,5,5,7,8,9,8,6,5,5,7
11351,4,5,6,6,5,4,4,4,5,6,6,5,4,4,4,5,6,6,5,4,4
11352,1,2,1,1,1,1,1,1,2,1,1,1,1,1,1,2,1,1,1,1,1
11353,0,0,0,0,0,0,0,0,0,0,0,0,0,0,0,0,0,0,0,0,0
11354,0,0,0,0,0,0,0,0,0,0,0,0,0,0,0,0,0,0,0,0,0
11355,0,0,0,0,0,0,0,0,0,0,0,0,0,0,0,0,0,0,0,0,0
11356,0,0,0,0,0,0,0,0,0,0,0,0,0,0,0,0,0,0,0,0,0
11357,0,0,0,0,0,0,0,0,0,0,0,0,0,0,0,0,0,0,0,0,0
11358,0,0,0,0,0,0,0,0,0,0,0,0,0,0,0,0,0,0,0,0,0
11359,5,5,6,4,4,4,4,5,5,6,4,4,4,4,5,5,6,4,4,4,4
11360,0,0,0,0,0,0,0,0,0,0,0,0,0,0,0,0,0,0,0,0,0
11361,2,2,2,2,2,1,2,2,2,2,2,2,1,2,2,2,2,2,2,1,2
11362,1,1,1,1,1,1,1,1,1,1,1,1,1,1,1,1,1,1,1,1,1
11363,69,85,98,92,81,65,61,69,85,98,92,81,65,61,69,85,98,92,81,65,61
11364,6,4,3,0,0,0,0,6,4,3,0,0,0,0,6,4,3,0,0,0,0
11365,3,3,3,1,1,2,3,3,3,3,1,1,2,3,3,3,3,1,1,2,3
11366,0,0,0,0,0,0,0,0,0,0,0,0,0,0,0,0,0,0,0,0,0
11367,0,0,0,0,0,0,0,0,0,0,0,0,0,0,0,0,0,0,0,0,0
11368,2,1,1,1,1,2,1,2,1,1,1,1,2,1,2,1,1,1,1,2,1
11369,0,0,0,0,0,0,0,0,0,0,0,0,0,0,0,0,0,0,0,0,0
11370,0,0,0,0,0,0,0,0,0,0,0,0,0,0,0,0,0,0,0,0,0
11371,1,0,0,0,0,0,0,1,0,0,0,0,0,0,1,0,0,0,0,0,0
11372,0,0,0,0,0,0,0,0,0,0,0,0,0,0,0,0,0,0,0,0,0
11373,1,1,1,1,1,0,0,1,1,1,1,1,0,0,1,1,1,1,1,0,0
11374,0,0,0,0,0,0,0,0,0,0,0,0,0,0,0,0,0,0,0,0,0
11375,0,0,0,0,0,0,0,0,0,0,0,0,0,0,0,0,0,0,0,0,0
11376,1,1,1,1,1,0,1,1,1,1,1,1,0,1,1,1,1,1,1,0,1
11377,0,0,0,0,0,0,0,0,0,0,0,0,0,0,0,0,0,0,0,0,0
11378,0,0,0,0,0,0,0,0,0,0,0,0,0,0,0,0,0,0,0,0,0
11379,97,114,130,67,54,40,40,97,114,130,67,54,40,40,97,114,130,67,54,40,40
11380,0,0,0,0,0,0,0,0,0,0,0,0,0,0,0,0,0,0,0,0,0
11381,0,0,0,0,0,0,0,0,0,0,0,0,0,0,0,0,0,0,0,0,0
11382,0,0,0,0,1,0,0,0,0,0,0,1,0,0,0,0,0,0,1,0,0
11383,6,6,7,10,10,6,4,6,6,7,10,10,6,4,6,6,7,10,10,6,4
11384,9,9,5,7,11,9,9,9,9,5,7,11,9,9,9,9,5,7,11,9,9
11385,35,50,54,49,57,56,24,35,50,54,49,57,56,24,35,50,54,49,57,56,24
11386,0,0,0,0,0,0,0,0,0,0,0,0,0,0,0,0,0,0,0,0,0
11387,0,0,0,0,0,0,0,0,0,0,0,0,0,0,0,0,0,0,0,0,0
11388,0,0,0,0,0,0,0,0,0,0,0,0,0,0,0,0,0,0,0,0,0
11389,1,1,1,2,2,1,1,1,1,1,2,2,1,1,1,1,1,2,2,1,1
11390,0,0,0,0,0,0,0,0,0,0,0,0,0,0,0,0,0,0,0,0,0
11391,1,2,2,4,6,3,3,1,2,2,4,6,3,3,1,2,2,4,6,3,3
11392,0,0,0,0,0,0,0,0,0,0,0,0,0,0,0,0,0,0,0,0,0
11393,0,0,0,0,0,0,0,0,0,0,0,0,0,0,0,0,0,0,0,0,0
11394,0,0,0,0,2,1,1,0,0,0,0,2,1,1,0,0,0,0,2,1,1
11395,0,1,0,11,12,10,14,0,1,0,11,12,10,14,0,1,0,11,12,10,14
11396,0,0,1,2,2,0,0,0,0,1,2,2,0,0,0,0,1,2,2,0,0
11397,0,0,0,0,0,0,0,0,0,0,0,0,0,0,0,0,0,0,0,0,0
11398,2,1,1,3,2,3,1,2,1,1,3,2,3,1,2,1,1,3,2,3,1
11399,1,1,1,1,0,1,1,1,1,1,1,0,1,1,1,1,1,1,0,1,1
11400,0,0,0,0,0,0,0,0,0,0,0,0,0,0,0,0,0,0,0,0,0
11401,0,0,0,0,0,0,0,0,0,0,0,0,0,0,0,0,0,0,0,0,0
11402,0,0,0,0,0,0,0,0,0,0,0,0,0,0,0,0,0,0,0,0,0
11403,1,1,1,1,1,1,1,1,1,1,1,1,1,1,1,1,1,1,1,1,1
11404,1,1,1,1,1,1,0,1,1,1,1,1,1,0,1,1,1,1,1,1,0
11405,1,1,1,1,1,1,1,1,1,1,1,1,1,1,1,1,1,1,1,1,1
11406,1,1,1,1,1,0,1,1,1,1,1,1,0,1,1,1,1,1,1,0,1
11407,0,2,2,1,1,0,0,0,2,2,1,1,0,0,0,2,2,1,1,0,0
11408,0,0,0,0,0,0,0,0,0,0,0,0,0,0,0,0,0,0,0,0,0
11409,0,0,0,0,0,0,0,0,0,0,0,0,0,0,0,0,0,0,0,0,0
11410,0,0,0,0,0,0,0,0,0,0,0,0,0,0,0,0,0,0,0,0,0
11411,23,30,28,26,21,18,21,23,30,28,26,21,18,21,23,30,28,26,21,18,21
11412,0,2,1,1,1,0,1,0,2,1,1,1,0,1,0,2,1,1,1,0,1
11413,1,1,1,1,0,0,1,1,1,1,1,0,0,1,1,1,1,1,0,0,1
11414,0,0,0,0,0,0,0,0,0,0,0,0,0,0,0,0,0,0,0,0,0
11415,5,7,7,6,5,4,4,5,7,7,6,5,4,4,5,7,7,6,5,4,4
11416,0,0,0,0,0,0,0,0,0,0,0,0,0,0,0,0,0,0,0,0,0
11417,0,0,0,0,0,0,0,0,0,0,0,0,0,0,0,0,0,0,0,0,0
11418,0,0,0,0,0,0,0,0,0,0,0,0,0,0,0,0,0,0,0,0,0
11419,10,12,16,14,11,9,8,10,12,16,14,11,9,8,10,12,16,14,11,9,8
11420,32,37,43,43,33,26,26,32,37,43,43,33,26,26,32,37,43,43,33,26,26
11421,56,61,60,51,46,39,43,56,61,60,51,46,39,43,56,61,60,51,46,39,43
11422,1,1,1,1,1,0,1,1,1,1,1,1,0,1,1,1,1,1,1,0,1
11423,0,0,0,0,0,0,0,0,0,0,0,0,0,0,0,0,0,0,0,0,0
11424,4,4,5,5,4,3,3,4,4,5,5,4,3,3,4,4,5,5,4,3,3
11425,0,0,0,0,0,0,0,0,0,0,0,0,0,0,0,0,0,0,0,0,0
11426,5,5,6,6,5,4,4,5,5,6,6,5,4,4,5,5,6,6,5,4,4
11427,5,7,7,7,6,4,4,5,7,7,7,6,4,4,5,7,7,7,6,4,4
11428,6,7,8,7,6,4,4,6,7,8,7,6,4,4,6,7,8,7,6,4,4
11429,9,10,10,9,7,6,6,9,10,10,9,7,6,6,9,10,10,9,7,6,6
11430,9,10,10,7,6,8,8,9,10,10,7,6,8,8,9,10,10,7,6,8,8
11431,1,2,2,2,2,1,1,1,2,2,2,2,1,1,1,2,2,2,2,1,1
11432,0,0,0,0,0,0,0,0,0,0,0,0,0,0,0,0,0,0,0,0,0
11433,1,1,1,1,1,1,1,1,1,1,1,1,1,1,1,1,1,1,1,1,1
11434,0,0,0,0,1,1,1,0,0,0,0,1,1,1,0,0,0,0,1,1,1
11435,0,0,0,0,0,0,0,0,0,0,0,0,0,0,0,0,0,0,0,0,0
11436,0,0,0,0,0,0,0,0,0,0,0,0,0,0,0,0,0,0,0,0,0
11437,0,0,0,0,0,0,0,0,0,0,0,0,0,0,0,0,0,0,0,0,0
11438,7,8,6,6,6,6,6,7,8,6,6,6,6,6,7,8,6,6,6,6,6
11439,0,0,0,0,0,0,0,0,0,0,0,0,0,0,0,0,0,0,0,0,0
11440,6,8,11,10,8,4,3,6,8,11,10,8,4,3,6,8,11,10,8,4,3
11441,0,1,1,0,0,0,0,0,1,1,0,0,0,0,0,1,1,0,0,0,0
11442,1,1,1,1,1,1,1,1,1,1,1,1,1,1,1,1,1,1,1,1,1
11443,0,0,0,0,0,0,0,0,0,0,0,0,0,0,0,0,0,0,0,0,0
11444,0,0,0,0,0,0,0,0,0,0,0,0,0,0,0,0,0,0,0,0,0
11445,5,6,7,8,7,5,4,5,6,7,8,7,5,4,5,6,7,8,7,5,4
11446,0,0,1,1,0,0,0,0,0,1,1,0,0,0,0,0,1,1,0,0,0
11447,0,1,1,1,0,0,0,0,1,1,1,0,0,0,0,1,1,1,0,0,0
11448,0,0,0,0,0,0,0,0,0,0,0,0,0,0,0,0,0,0,0,0,0
11449,10,11,11,11,10,9,9,10,11,11,11,10,9,9,10,11,11,11,10,9,9
11450,0,0,0,0,0,0,0,0,0,0,0,0,0,0,0,0,0,0,0,0,0
11451,0,0,1,1,0,0,0,0,0,1,1,0,0,0,0,0,1,1,0,0,0
11452,0,0,0,0,0,0,0,0,0,0,0,0,0,0,0,0,0,0,0,0,0
11453,17,18,19,18,18,16,15,17,18,19,18,18,16,15,17,18,19,18,18,16,15
11454,10,11,11,10,9,9,9,10,11,11,10,9,9,9,10,11,11,10,9,9,9
11455,2,2,2,2,2,1,1,2,2,2,2,2,1,1,2,2,2,2,2,1,1
11456,1,1,1,1,1,1,1,1,1,1,1,1,1,1,1,1,1,1,1,1,1
11457,2,2,2,2,1,1,1,2,2,2,2,1,1,1,2,2,2,2,1,1,1
11458,1,1,1,1,1,1,1,1,1,1,1,1,1,1,1,1,1,1,1,1,1
11459,0,0,0,0,0,0,0,0,0,0,0,0,0,0,0,0,0,0,0,0,0
11460,0,0,0,0,0,0,0,0,0,0,0,0,0,0,0,0,0,0,0,0,0
11461,0,0,0,0,0,0,0,0,0,0,0,0,0,0,0,0,0,0,0,0,0
11462,0,0,0,0,0,0,0,0,0,0,0,0,0,0,0,0,0,0,0,0,0
11463,0,0,0,0,0,0,0,0,0,0,0,0,0,0,0,0,0,0,0,0,0
11464,0,0,0,0,0,0,0,0,0,0,0,0,0,0,0,0,0,0,0,0,0
11465,1,2,2,2,2,2,1,1,2,2,2,2,2,1,1,2,2,2,2,2,1
11466,0,0,0,0,0,0,0,0,0,0,0,0,0,0,0,0,0,0,0,0,0
11467,0,0,0,0,0,0,0,0,0,0,0,0,0,0,0,0,0,0,0,0,0
11468,0,0,0,0,0,0,0,0,0,0,0,0,0,0,0,0,0,0,0,0,0
11469,0,0,0,0,0,0,0,0,0,0,0,0,0,0,0,0,0,0,0,0,0
11470,3,3,3,2,3,2,3,3,3,3,2,3,2,3,3,3,3,2,3,2,3
11471,52,53,53,50,47,41,44,52,53,53,50,47,41,44,52,53,53,50,47,41,44
11472,4,3,4,4,4,3,3,4,3,4,4,4,3,3,4,3,4,4,4,3,3
11473,0,1,0,0,0,0,0,0,1,0,0,0,0,0,0,1,0,0,0,0,0
11474,0,0,0,1,1,1,0,0,0,0,1,1,1,0,0,0,0,1,1,1,0
11475,6,6,6,5,5,5,5,6,6,6,5,5,5,5,6,6,6,5,5,5,5
11476,0,1,1,1,1,1,1,0,1,1,1,1,1,1,0,1,1,1,1,1,1
11477,0,0,0,0,0,0,0,0,0,0,0,0,0,0,0,0,0,0,0,0,0
11478,1,0,1,0,0,0,1,1,0,1,0,0,0,1,1,0,1,0,0,0,1
11479,0,1,1,1,0,0,0,0,1,1,1,0,0,0,0,1,1,1,0,0,0
11480,1,1,0,1,1,2,1,1,1,0,1,1,2,1,1,1,0,1,1,2,1
11481,2,2,2,3,2,2,1,2,2,2,3,2,2,1,2,2,2,3,2,2,1
11482,0,0,0,0,0,0,0,0,0,0,0,0,0,0,0,0,0,0,0,0,0
11483,0,0,0,0,0,0,0,0,0,0,0,0,0,0,0,0,0,0,0,0,0
11484,1,1,1,1,1,1,1,1,1,1,1,1,1,1,1,1,1,1,1,1,1
11485,0,0,0,0,0,0,0,0,0,0,0,0,0,0,0,0,0,0,0,0,0
11486,3,4,4,4,4,4,3,3,4,4,4,4,4,3,3,4,4,4,4,4,3
11487,3,4,3,3,2,2,2,3,4,3,3,2,2,2,3,4,3,3,2,2,2
11488,1,1,1,1,1,1,1,1,1,1,1,1,1,1,1,1,1,1,1,1,1
11489,61,71,72,65,53,46,49,61,71,72,65,53,46,49,61,71,72,65,53,46,49
11490,115,121,115,108,91,88,91,115,121,115,108,91,88,91,115,121,115,108,91,88,91
11491,1,1,1,1,1,1,1,1,1,1,1,1,1,1,1,1,1,1,1,1,1
11492,7,8,8,6,4,3,5,7,8,8,6,4,3,5,7,8,8,6,4,3,5
11493,2,2,2,2,1,1,2,2,2,2,2,1,1,2,2,2,2,2,1,1,2
11494,0,0,0,0,0,0,0,0,0,0,0,0,0,0,0,0,0,0,0,0,0
11495,0,0,0,0,0,0,0,0,0,0,0,0,0,0,0,0,0,0,0,0,0
11496,1,1,0,0,1,1,1,1,1,0,0,1,1,1,1,1,0,0,1,1,1
11497,0,0,0,0,0,0,0,0,0,0,0,0,0,0,0,0,0,0,0,0,0
11498,0,0,0,0,0,0,0,0,0,0,0,0,0,0,0,0,0,0,0,0,0
11499,0,0,0,0,0,0,0,0,0,0,0,0,0,0,0,0,0,0,0,0,0
11500,0,0,0,0,0,0,0,0,0,0,0,0,0,0,0,0,0,0,0,0,0
11501,0,0,0,0,0,0,0,0,0,0,0,0,0,0,0,0,0,0,0,0,0
11502,4,4,4,4,3,2,3,4,4,4,4,3,2,3,4,4,4,4,3,2,3
11503,1,1,2,1,1,1,1,1,1,2,1,1,1,1,1,1,2,1,1,1,1
11504,2,2,2,2,1,1,1,2,2,2,2,1,1,1,2,2,2,2,1,1,1
11505,19,22,23,21,16,15,16,19,22,23,21,16,15,16,19,22,23,21,16,15,16
11506,1,1,1,1,1,1,1,1,1,1,1,1,1,1,1,1,1,1,1,1,1
11507,2,4,4,3,2,2,2,2,4,4,3,2,2,2,2,4,4,3,2,2,2
11508,19,21,20,19,17,14,15,19,21,20,19,17,14,15,19,21,20,19,17,14,15
11509,1,1,1,1,1,1,1,1,1,1,1,1,1,1,1,1,1,1,1,1,1
11510,0,0,0,0,0,0,0,0,0,0,0,0,0,0,0,0,0,0,0,0,0
11511,1,1,1,1,0,0,0,1,1,1,1,0,0,0,1,1,1,1,0,0,0
11512,11,10,10,9,8,7,8,11,10,10,9,8,7,8,11,10,10,9,8,7,8
11513,0,0,0,0,0,0,0,0,0,0,0,0,0,0,0,0,0,0,0,0,0
11514,0,0,0,0,0,0,0,0,0,0,0,0,0,0,0,0,0,0,0,0,0
11515,0,0,0,0,0,0,0,0,0,0,0,0,0,0,0,0,0,0,0,0,0
11516,0,0,0,0,0,0,0,0,0,0,0,0,0,0,0,0,0,0,0,0,0
11517,1,1,1,1,1,1,1,1,1,1,1,1,1,1,1,1,1,1,1,1,1
11518,0,0,0,0,0,0,0,0,0,0,0,0,0,0,0,0,0,0,0,0,0
11519,0,0,0,0,0,0,0,0,0,0,0,0,0,0,0,0,0,0,0,0,0
11520,3,3,2,2,2,2,3,3,3,2,2,2,2,3,3,3,2,2,2,2,3
11521,1,0,0,0,0,0,0,1,0,0,0,0,0,0,1,0,0,0,0,0,0
11522,2,0,0,0,0,0,0,2,0,0,0,0,0,0,2,0,0,0,0,0,0
11523,2,0,0,0,0,0,0,2,0,0,0,0,0,0,2,0,0,0,0,0,0
11524,8,10,10,9,8,7,6,8,10,10,9,8,7,6,8,10,10,9,8,7,6
11525,0,0,0,0,0,0,0,0,0,0,0,0,0,0,0,0,0,0,0,0,0
11526,0,0,0,0,0,0,0,0,0,0,0,0,0,0,0,0,0,0,0,0,0
11527,0,0,0,0,0,0,0,0,0,0,0,0,0,0,0,0,0,0,0,0,0
11528,0,0,0,0,0,0,0,0,0,0,0,0,0,0,0,0,0,0,0,0,0
11529,0,0,0,0,0,0,0,0,0,0,0,0,0,0,0,0,0,0,0,0,0
11530,1,1,1,1,1,1,1,1,1,1,1,1,1,1,1,1,1,1,1,1,1
11531,0,0,0,0,0,1,0,0,0,0,0,0,1,0,0,0,0,0,0,1,0
11532,0,0,1,1,0,0,0,0,0,1,1,0,0,0,0,0,1,1,0,0,0
11533,75,84,84,71,51,45,46,75,84,84,71,51,45,46,75,84,84,71,51,45,46
11534,0,0,0,0,0,0,0,0,0,0,0,0,0,0,0,0,0,0,0,0,0
11535,0,0,0,0,0,0,0,0,0,0,0,0,0,0,0,0,0,0,0,0,0
11536,0,1,0,1,1,0,0,0,1,0,1,1,0,0,0,1,0,1,1,0,0
11537,0,0,1,1,0,0,0,0,0,1,1,0,0,0,0,0,1,1,0,0,0
11538,1,1,1,1,1,1,1,1,1,1,1,1,1,1,1,1,1,1,1,1,1
11539,1,1,1,1,0,1,0,1,1,1,1,0,1,0,1,1,1,1,0,1,0
11540,0,0,0,0,0,0,0,0,0,0,0,0,0,0,0,0,0,0,0,0,0
11541,0,0,0,0,0,0,0,0,0,0,0,0,0,0,0,0,0,0,0,0,0
11542,43,44,47,41,36,28,27,43,44,47,41,36,28,27,43,44,47,41,36,28,27
11543,33,37,37,36,30,23,21,33,37,37,36,30,23,21,33,37,37,36,30,23,21
11544,0,0,0,0,0,0,0,0,0,0,0,0,0,0,0,0,0,0,0,0,0
11545,0,0,0,0,0,0,0,0,0,0,0,0,0,0,0,0,0,0,0,0,0
11546,14,16,16,14,13,11,11,14,16,16,14,13,11,11,14,16,16,14,13,11,11
11547,1,2,2,1,1,1,1,1,2,2,1,1,1,1,1,2,2,1,1,1,1
11548,15,15,15,12,11,12,13,15,15,15,12,11,12,13,15,15,15,12,11,12,13
11549,0,0,1,0,0,0,0,0,0,1,0,0,0,0,0,0,1,0,0,0,0
11550,10,12,11,11,10,8,9,10,12,11,11,10,8,9,10,12,11,11,10,8,9
11551,109,122,130,121,106,93,95,109,122,130,121,106,93,95,109,122,130,121,106,93,95
11552,1,1,1,0,1,1,1,1,1,1,0,1,1,1,1,1,1,0,1,1,1
11553,1,1,1,1,1,0,0,1,1,1,1,1,0,0,1,1,1,1,1,0,0
11554,4,3,3,3,2,4,4,4,3,3,3,2,4,4,4,3,3,3,2,4,4
11555,0,0,0,0,0,0,0,0,0,0,0,0,0,0,0,0,0,0,0,0,0
11556,0,0,0,0,0,0,0,0,0,0,0,0,0,0,0,0,0,0,0,0,0
11557,0,0,0,0,0,0,0,0,0,0,0,0,0,0,0,0,0,0,0,0,0
11558,0,0,0,0,0,0,0,0,0,0,0,0,0,0,0,0,0,0,0,0,0
11559,0,0,0,0,0,0,0,0,0,0,0,0,0,0,0,0,0,0,0,0,0
11560,0,0,0,0,0,0,0,0,0,0,0,0,0,0,0,0,0,0,0,0,0
11561,0,0,0,0,0,0,0,0,0,0,0,0,0,0,0,0,0,0,0,0,0
11562,0,0,0,0,0,0,0,0,0,0,0,0,0,0,0,0,0,0,0,0,0
11563,0,0,0,0,0,0,0,0,0,0,0,0,0,0,0,0,0,0,0,0,0
11564,0,0,0,0,0,0,0,0,0,0,0,0,0,0,0,0,0,0,0,0,0
11565,0,0,0,0,0,0,0,0,0,0,0,0,0,0,0,0,0,0,0,0,0
11566,2,1,2,2,1,1,1,2,1,2,2,1,1,1,2,1,2,2,1,1,1
11567,5,6,6,5,5,4,4,5,6,6,5,5,4,4,5,6,6,5,5,4,4
11568,3,3,3,3,3,2,3,3,3,3,3,3,2,3,3,3,3,3,3,2,3
11569,0,0,0,0,0,0,0,0,0,0,0,0,0,0,0,0,0,0,0,0,0
11570,1,2,2,2,1,1,1,1,2,2,2,1,1,1,1,2,2,2,1,1,1
11571,0,0,0,0,0,0,0,0,0,0,0,0,0,0,0,0,0,0,0,0,0
11572,1,1,1,2,1,1,1,1,1,1,2,1,1,1,1,1,1,2,1,1,1
11573,0,0,0,0,0,0,0,0,0,0,0,0,0,0,0,0,0,0,0,0,0
11574,0,0,0,0,0,0,0,0,0,0,0,0,0,0,0,0,0,0,0,0,0
11575,35,42,42,39,33,27,28,35,42,42,39,33,27,28,35,42,42,39,33,27,28
11576,3,3,3,2,2,2,2,3,3,3,2,2,2,2,3,3,3,2,2,2,2
11577,1,1,1,1,1,1,0,1,1,1,1,1,1,0,1,1,1,1,1,1,0
11578,66,79,80,78,65,57,58,66,79,80,78,65,57,58,66,79,80,78,65,57,58
11579,3,4,4,3,4,3,3,3,4,4,3,4,3,3,3,4,4,3,4,3,3
11580,3,3,4,4,3,3,2,3,3,4,4,3,3,2,3,3,4,4,3,3,2
11581,2,2,2,2,2,2,1,2,2,2,2,2,2,1,2,2,2,2,2,2,1
11582,0,0,0,0,0,0,0,0,0,0,0,0,0,0,0,0,0,0,0,0,0
11583,0,0,0,0,0,0,0,0,0,0,0,0,0,0,0,0,0,0,0,0,0
11584,0,0,0,0,0,0,0,0,0,0,0,0,0,0,0,0,0,0,0,0,0
11585,0,0,0,0,0,0,0,0,0,0,0,0,0,0,0,0,0,0,0,0,0
11586,6,7,6,2,3,8,9,6,7,6,2,3,8,9,6,7,6,2,3,8,9
11587,0,0,0,0,0,0,0,0,0,0,0,0,0,0,0,0,0,0,0,0,0
11588,15,15,15,16,14,14,14,15,15,15,16,14,14,14,15,15,15,16,14,14,14
11589,0,0,0,0,0,0,0,0,0,0,0,0,0,0,0,0,0,0,0,0,0
11590,0,0,0,0,0,0,0,0,0,0,0,0,0,0,0,0,0,0,0,0,0
11591,0,0,0,0,0,0,0,0,0,0,0,0,0,0,0,0,0,0,0,0,0
11592,36,37,39,38,31,24,28,36,37,39,38,31,24,28,36,37,39,38,31,24,28
11593,116,127,133,122,106,96,97,116,127,133,122,106,96,97,116,127,133,122,106,96,97
11594,24,28,34,33,24,18,15,24,28,34,33,24,18,15,24,28,34,33,24,18,15
11595,116,127,133,122,106,96,97,116,127,133,122,106,96,97,116,127,133,122,106,96,97
11596,39,45,45,42,38,37,34,39,45,45,42,38,37,34,39,45,45,42,38,37,34
11597,43,40,36,38,37,39,39,43,40,36,38,37,39,39,43,40,36,38,37,39,39
11598,5,5,6,6,4,4,4,5,5,6,6,4,4,4,5,5,6,6,4,4,4
11599,2,2,3,2,2,2,2,2,2,3,2,2,2,2,2,2,3,2,2,2,2
11600,0,0,0,0,0,0,0,0,0,0,0,0,0,0,0,0,0,0,0,0,0
11601,0,0,0,0,0,0,0,0,0,0,0,0,0,0,0,0,0,0,0,0,0
11602,3,3,3,2,2,1,2,3,3,3,2,2,1,2,3,3,3,2,2,1,2
11603,0,0,0,0,0,0,0,0,0,0,0,0,0,0,0,0,0,0,0,0,0
11604,0,0,0,0,0,0,0,0,0,0,0,0,0,0,0,0,0,0,0,0,0
11605,15,15,14,15,13,12,11,15,15,14,15,13,12,11,15,15,14,15,13,12,11
11606,4,5,6,4,3,2,3,4,5,6,4,3,2,3,4,5,6,4,3,2,3
11607,1,2,1,2,2,1,1,1,2,1,2,2,1,1,1,2,1,2,2,1,1
11608,54,59,65,68,62,56,55,54,59,65,68,62,56,55,54,59,65,68,62,56,55
11609,20,22,23,20,18,17,17,20,22,23,20,18,17,17,20,22,23,20,18,17,17
11610,116,127,133,122,106,96,97,116,127,133,122,106,96,97,116,127,133,122,106,96,97
11611,0,0,0,0,0,0,0,0,0,0,0,0,0,0,0,0,0,0,0,0,0
11612,116,127,133,122,106,96,97,116,127,133,122,106,96,97,116,127,133,122,106,96,97
11613,7,7,7,6,6,5,5,7,7,7,6,6,5,5,7,7,7,6,6,5,5
11614,10,9,10,9,7,7,9,10,9,10,9,7,7,9,10,9,10,9,7,7,9
11615,4,4,3,3,3,3,4,4,4,3,3,3,3,4,4,4,3,3,3,3,4
11616,0,0,0,0,0,0,0,0,0,0,0,0,0,0,0,0,0,0,0,0,0
11617,1,1,1,1,0,0,0,1,1,1,1,0,0,0,1,1,1,1,0,0,0
11618,0,0,0,0,0,0,0,0,0,0,0,0,0,0,0,0,0,0,0,0,0
11619,0,0,0,0,0,0,0,0,0,0,0,0,0,0,0,0,0,0,0,0,0
11620,116,123,111,108,96,85,95,116,123,111,108,96,85,95,116,123,111,108,96,85,95
11621,10,9,8,7,8,7,8,10,9,8,7,8,7,8,10,9,8,7,8,7,8
11622,26,31,29,29,26,22,22,26,31,29,29,26,22,22,26,31,29,29,26,22,22
11623,18,18,20,20,18,15,16,18,18,20,20,18,15,16,18,18,20,20,18,15,16
11624,41,47,45,50,52,45,46,41,47,45,50,52,45,46,41,47,45,50,52,45,46
11625,14,15,12,9,9,8,9,14,15,12,9,9,8,9,14,15,12,9,9,8,9
11626,116,127,124,121,106,96,97,116,127,124,121,106,96,97,116,127,124,121,106,96,97
11627,14,17,18,18,18,16,13,14,17,18,18,18,16,13,14,17,18,18,18,16,13
11628,5,6,6,6,6,6,5,5,6,6,6,6,6,5,5,6,6,6,6,6,5
11629,2,2,2,2,2,2,1,2,2,2,2,2,2,1,2,2,2,2,2,2,1
11630,4,4,4,4,3,3,4,4,4,4,4,3,3,4,4,4,4,4,3,3,4
11631,1,1,2,2,2,1,1,1,1,2,2,2,1,1,1,1,2,2,2,1,1
11632,0,0,0,0,0,0,0,0,0,0,0,0,0,0,0,0,0,0,0,0,0
11633,6,6,6,6,5,6,6,6,6,6,6,5,6,6,6,6,6,6,5,6,6
11634,1,0,0,0,0,0,0,1,0,0,0,0,0,0,1,0,0,0,0,0,0
11635,0,0,0,0,0,0,0,0,0,0,0,0,0,0,0,0,0,0,0,0,0
11636,0,0,0,0,0,0,0,0,0,0,0,0,0,0,0,0,0,0,0,0,0
11637,1,2,2,2,2,1,1,1,2,2,2,2,1,1,1,2,2,2,2,1,1
11638,14,15,19,28,27,25,12,14,15,19,28,27,25,12,14,15,19,28,27,25,12
11639,0,0,0,0,0,0,0,0,0,0,0,0,0,0,0,0,0,0,0,0,0
11640,4,5,5,5,5,4,3,4,5,5,5,5,4,3,4,5,5,5,5,4,3
11641,5,5,4,4,4,4,3,5,5,4,4,4,4,3,5,5,4,4,4,4,3
11642,0,0,0,0,0,0,0,0,0,0,0,0,0,0,0,0,0,0,0,0,0
11643,8,9,11,10,8,6,6,8,9,11,10,8,6,6,8,9,11,10,8,6,6
11644,2,2,2,2,2,2,2,2,2,2,2,2,2,2,2,2,2,2,2,2,2
11645,1,2,2,2,2,1,1,1,2,2,2,2,1,1,1,2,2,2,2,1,1
11646,1,2,2,1,1,1,1,1,2,2,1,1,1,1,1,2,2,1,1,1,1
11647,1,1,1,1,1,1,1,1,1,1,1,1,1,1,1,1,1,1,1,1,1
11648,0,0,0,0,0,0,0,0,0,0,0,0,0,0,0,0,0,0,0,0,0
11649,0,0,0,0,0,0,0,0,0,0,0,0,0,0,0,0,0,0,0,0,0
11650,116,127,133,122,106,96,97,116,127,133,122,106,96,97,116,127,133,122,106,96,97
11651,0,0,0,0,0,0,0,0,0,0,0,0,0,0,0,0,0,0,0,0,0
11652,0,0,0,0,0,0,0,0,0,0,0,0,0,0,0,0,0,0,0,0,0
11653,5,4,4,4,3,4,4,5,4,4,4,3,4,4,5,4,4,4,3,4,4
11654,3,3,4,4,3,3,3,3,3,4,4,3,3,3,3,3,4,4,3,3,3
11655,2,3,3,2,2,2,2,2,3,3,2,2,2,2,2,3,3,2,2,2,2
11656,1,1,2,1,1,1,1,1,1,2,1,1,1,1,1,1,2,1,1,1,1
11657,4,4,4,4,4,3,3,4,4,4,4,4,3,3,4,4,4,4,4,3,3
11658,0,0,0,0,0,0,0,0,0,0,0,0,0,0,0,0,0,0,0,0,0
11659,7,6,6,5,5,5,6,7,6,6,5,5,5,6,7,6,6,5,5,5,6
11660,4,4,4,5,4,4,3,4,4,4,5,4,4,3,4,4,4,5,4,4,3
11661,0,1,1,1,1,0,0,0,1,1,1,1,0,0,0,1,1,1,1,0,0
11662,47,52,52,50,45,40,39,47,52,52,50,45,40,39,47,52,52,50,45,40,39
11663,0,0,0,0,0,0,0,0,0,0,0,0,0,0,0,0,0,0,0,0,0
11664,1,0,0,0,0,0,0,1,0,0,0,0,0,0,1,0,0,0,0,0,0
11665,3,4,4,4,3,3,3,3,4,4,4,3,3,3,3,4,4,4,3,3,3
11666,0,0,0,0,0,0,0,0,0,0,0,0,0,0,0,0,0,0,0,0,0
11667,0,0,0,0,0,0,0,0,0,0,0,0,0,0,0,0,0,0,0,0,0
11668,26,31,31,26,23,21,21,26,31,31,26,23,21,21,26,31,31,26,23,21,21
11669,0,0,0,0,0,0,0,0,0,0,0,0,0,0,0,0,0,0,0,0,0
11670,50,54,49,49,41,40,36,50,54,49,49,41,40,36,50,54,49,49,41,40,36
11671,5,6,7,5,5,4,4,5,6,7,5,5,4,4,5,6,7,5,5,4,4
11672,32,37,35,33,28,24,23,32,37,35,33,28,24,23,32,37,35,33,28,24,23
11673,2,1,3,3,3,4,3,2,1,3,3,3,4,3,2,1,3,3,3,4,3
11674,0,0,0,0,0,0,0,0,0,0,0,0,0,0,0,0,0,0,0,0,0
11675,0,0,0,0,0,0,0,0,0,0,0,0,0,0,0,0,0,0,0,0,0
11676,8,9,10,10,10,9,7,8,9,10,10,10,9,7,8,9,10,10,10,9,7
11677,25,30,28,32,26,24,28,25,30,28,32,26,24,28,25,30,28,32,26,24,28
11678,4,5,5,5,5,4,5,4,5,5,5,5,4,5,4,5,5,5,5,4,5
11679,1,1,1,0,0,0,0,1,1,1,0,0,0,0,1,1,1,0,0,0,0
11680,0,0,0,0,0,0,0,0,0,0,0,0,0,0,0,0,0,0,0,0,0
11681,3,5,5,5,4,3,2,3,5,5,5,4,3,2,3,5,5,5,4,3,2
11682,1,1,1,0,0,0,0,1,1,1,0,0,0,0,1,1,1,0,0,0,0
11683,0,0,0,0,0,0,0,0,0,0,0,0,0,0,0,0,0,0,0,0,0
11684,0,0,0,0,0,0,0,0,0,0,0,0,0,0,0,0,0,0,0,0,0
11685,0,0,0,0,0,0,0,0,0,0,0,0,0,0,0,0,0,0,0,0,0
11686,1,1,1,1,1,1,1,1,1,1,1,1,1,1,1,1,1,1,1,1,1
11687,5,4,4,7,7,7,7,5,4,4,7,7,7,7,5,4,4,7,7,7,7
11688,35,33,29,25,21,24,26,35,33,29,25,21,24,26,35,33,29,25,21,24,26
11689,0,0,0,0,0,0,0,0,0,0,0,0,0,0,0,0,0,0,0,0,0
11690,0,0,0,0,0,0,0,0,0,0,0,0,0,0,0,0,0,0,0,0,0
11691,3,3,3,2,2,2,3,3,3,3,2,2,2,3,3,3,3,2,2,2,3
11692,9,9,10,8,7,6,7,9,9,10,8,7,6,7,9,9,10,8,7,6,7
11693,3,3,3,3,3,2,3,3,3,3,3,3,2,3,3,3,3,3,3,2,3
11694,8,9,9,9,8,7,7,8,9,9,9,8,7,7,8,9,9,9,8,7,7
11695,9,7,7,6,4,5,6,9,7,7,6,4,5,6,9,7,7,6,4,5,6
11696,14,16,18,26,18,13,12,14,16,18,26,18,13,12,14,16,18,26,18,13,12
11697,12,14,12,13,13,11,6,12,14,12,13,13,11,6,12,14,12,13,13,11,6
11698,2,2,2,2,2,2,2,2,2,2,2,2,2,2,2,2,2,2,2,2,2
11699,5,5,6,5,4,3,4,5,5,6,5,4,3,4,5,5,6,5,4,3,4
11700,1,2,2,1,1,1,1,1,2,2,1,1,1,1,1,2,2,1,1,1,1
11701,6,7,8,7,7,6,5,6,7,8,7,7,6,5,6,7,8,7,7,6,5
11702,7,9,11,12,11,8,7,7,9,11,12,11,8,7,7,9,11,12,11,8,7
11703,1,1,2,1,1,1,1,1,1,2,1,1,1,1,1,1,2,1,1,1,1
11704,6,6,7,6,6,5,5,6,6,7,6,6,5,5,6,6,7,6,6,5,5
11705,3,3,3,3,3,3,3,3,3,3,3,3,3,3,3,3,3,3,3,3,3
11706,4,5,4,3,3,4,3,4,5,4,3,3,4,3,4,5,4,3,3,4,3
11707,4,3,3,3,2,3,3,4,3,3,3,2,3,3,4,3,3,3,2,3,3
11708,2,2,2,2,2,1,1,2,2,2,2,2,1,1,2,2,2,2,2,1,1
11709,1,1,1,1,1,1,0,1,1,1,1,1,1,0,1,1,1,1,1,1,0
11710,1,1,1,1,1,0,0,1,1,1,1,1,0,0,1,1,1,1,1,0,0
11711,0,0,0,0,0,0,0,0,0,0,0,0,0,0,0,0,0,0,0,0,0
11712,0,0,0,0,0,0,0,0,0,0,0,0,0,0,0,0,0,0,0,0,0
11713,0,0,0,0,0,0,0,0,0,0,0,0,0,0,0,0,0,0,0,0,0
11714,0,0,0,0,0,0,0,0,0,0,0,0,0,0,0,0,0,0,0,0,0
11715,0,0,0,0,0,0,0,0,0,0,0,0,0,0,0,0,0,0,0,0,0
11716,1,1,0,0,0,0,0,1,1,0,0,0,0,0,1,1,0,0,0,0,0
11717,0,0,0,0,0,0,0,0,0,0,0,0,0,0,0,0,0,0,0,0,0
11718,13,21,24,18,11,7,7,13,21,24,18,11,7,7,13,21,24,18,11,7,7
11719,1,1,1,1,1,1,1,1,1,1,1,1,1,1,1,1,1,1,1,1,1
11720,2,2,2,2,1,1,1,2,2,2,2,1,1,1,2,2,2,2,1,1,1
11721,1,1,1,1,1,1,0,1,1,1,1,1,1,0,1,1,1,1,1,1,0
11722,0,0,0,0,0,0,0,0,0,0,0,0,0,0,0,0,0,0,0,0,0
11723,8,8,8,7,6,7,8,8,8,8,7,6,7,8,8,8,8,7,6,7,8
11724,29,29,28,27,23,24,25,29,29,28,27,23,24,25,29,29,28,27,23,24,25
11725,5,6,6,6,5,4,4,5,6,6,6,5,4,4,5,6,6,6,5,4,4
11726,4,4,5,4,4,4,4,4,4,5,4,4,4,4,4,4,5,4,4,4,4
11727,3,3,3,3,2,3,2,3,3,3,3,2,3,2,3,3,3,3,2,3,2
11728,6,8,9,7,6,5,5,6,8,9,7,6,5,5,6,8,9,7,6,5,5
11729,2,2,2,2,2,2,1,2,2,2,2,2,2,1,2,2,2,2,2,2,1
11730,4,4,4,3,3,3,3,4,4,4,3,3,3,3,4,4,4,3,3,3,3
11731,17,19,19,18,16,14,14,17,19,19,18,16,14,14,17,19,19,18,16,14,14
11732,20,22,22,22,18,17,17,20,22,22,22,18,17,17,20,22,22,22,18,17,17
11733,3,4,4,3,3,2,2,3,4,4,3,3,2,2,3,4,4,3,3,2,2
11734,14,15,15,14,13,12,12,14,15,15,14,13,12,12,14,15,15,14,13,12,12
11735,3,3,3,3,3,2,3,3,3,3,3,3,2,3,3,3,3,3,3,2,3
11736,9,11,12,12,10,8,8,9,11,12,12,10,8,8,9,11,12,12,10,8,8
11737,4,3,3,3,3,2,3,4,3,3,3,3,2,3,4,3,3,3,3,2,3
11738,0,0,0,0,0,0,0,0,0,0,0,0,0,0,0,0,0,0,0,0,0
11739,0,0,0,0,0,0,0,0,0,0,0,0,0,0,0,0,0,0,0,0,0
11740,1,1,1,1,1,1,1,1,1,1,1,1,1,1,1,1,1,1,1,1,1
11741,1,0,0,0,0,0,1,1,0,0,0,0,0,1,1,0,0,0,0,0,1
11742,7,8,9,7,5,4,5,7,8,9,7,5,4,5,7,8,9,7,5,4,5
11743,0,0,0,0,0,0,0,0,0,0,0,0,0,0,0,0,0,0,0,0,0
11744,1,2,1,2,1,1,1,1,2,1,2,1,1,1,1,2,1,2,1,1,1
11745,0,0,0,0,0,0,0,0,0,0,0,0,0,0,0,0,0,0,0,0,0
11746,0,0,0,0,0,0,0,0,0,0,0,0,0,0,0,0,0,0,0,0,0
11747,12,12,12,9,7,7,7,12,12,12,9,7,7,7,12,12,12,9,7,7,7
11748,0,0,0,0,0,0,0,0,0,0,0,0,0,0,0,0,0,0,0,0,0
11749,1,3,0,1,0,0,0,1,3,0,1,0,0,0,1,3,0,1,0,0,0
11750,0,3,3,3,2,0,0,0,3,3,3,2,0,0,0,3,3,3,2,0,0
11751,4,6,6,6,5,4,3,4,6,6,6,5,4,3,4,6,6,6,5,4,3
11752,4,4,4,3,3,4,5,4,4,4,3,3,4,5,4,4,4,3,3,4,5
11753,0,0,0,0,0,0,0,0,0,0,0,0,0,0,0,0,0,0,0,0,0
11754,0,1,1,1,1,1,1,0,1,1,1,1,1,1,0,1,1,1,1,1,1
11755,11,12,12,11,9,7,8,11,12,12,11,9,7,8,11,12,12,11,9,7,8
11756,0,0,0,0,0,0,0,0,0,0,0,0,0,0,0,0,0,0,0,0,0
11757,5,5,4,4,4,4,5,5,5,4,4,4,4,5,5,5,4,4,4,4,5
11758,1,1,1,1,1,1,1,1,1,1,1,1,1,1,1,1,1,1,1,1,1
11759,0,0,0,0,0,0,0,0,0,0,0,0,0,0,0,0,0,0,0,0,0
11760,0,0,0,0,0,0,0,0,0,0,0,0,0,0,0,0,0,0,0,0,0
11761,0,0,0,0,0,0,0,0,0,0,0,0,0,0,0,0,0,0,0,0,0
11762,6,5,6,4,4,4,5,6,5,6,4,4,4,5,6,5,6,4,4,4,5
11763,3,3,5,4,4,3,2,3,3,5,4,4,3,2,3,3,5,4,4,3,2
11764,9,9,10,17,15,13,9,9,9,10,17,15,13,9,9,9,10,17,15,13,9
11765,5,4,4,4,4,3,4,5,4,4,4,4,3,4,5,4,4,4,4,3,4
11766,116,127,133,122,106,96,97,116,127,133,122,106,96,97,116,127,133,122,106,96,97
11767,116,127,133,122,106,96,97,116,127,133,122,106,96,97,116,127,133,122,106,96,97
11768,116,127,133,122,106,96,97,116,127,133,122,106,96,97,116,127,133,122,106,96,97
11769,116,127,133,122,106,96,97,116,127,133,122,106,96,97,116,127,133,122,106,96,97
11770,5,6,10,13,7,5,5,5,6,10,13,7,5,5,5,6,10,13,7,5,5
11771,116,127,133,122,106,96,97,116,127,133,122,106,96,97,116,127,133,122,106,96,97
11772,16,21,23,39,32,28,18,16,21,23,39,32,28,18,16,21,23,39,32,28,18
11773,100,116,124,114,105,91,91,100,116,124,114,105,91,91,100,116,124,114,105,91,91
11774,6,7,9,12,9,7,6,6,7,9,12,9,7,6,6,7,9,12,9,7,6
11775,10,12,13,14,13,11,10,10,12,13,14,13,11,10,10,12,13,14,13,11,10
11776,1,1,1,1,1,1,1,1,1,1,1,1,1,1,1,1,1,1,1,1,1
11777,1,1,1,1,2,2,1,1,1,1,1,2,2,1,1,1,1,1,2,2,1
11778,4,4,4,6,6,5,4,4,4,4,6,6,5,4,4,4,4,6,6,5,4
11779,0,0,0,0,0,0,0,0,0,0,0,0,0,0,0,0,0,0,0,0,0
11780,0,0,0,0,0,0,0,0,0,0,0,0,0,0,0,0,0,0,0,0,0
11781,0,0,0,0,0,0,0,0,0,0,0,0,0,0,0,0,0,0,0,0,0
11782,8,8,8,6,5,5,8,8,8,8,6,5,5,8,8,8,8,6,5,5,8
11783,0,0,0,0,0,0,0,0,0,0,0,0,0,0,0,0,0,0,0,0,0
11784,2,3,3,3,3,2,2,2,3,3,3,3,2,2,2,3,3,3,3,2,2
11785,0,0,0,0,0,0,0,0,0,0,0,0,0,0,0,0,0,0,0,0,0
11786,0,0,0,0,0,0,0,0,0,0,0,0,0,0,0,0,0,0,0,0,0
11787,0,0,0,0,0,0,0,0,0,0,0,0,0,0,0,0,0,0,0,0,0
11788,4,4,4,4,3,3,3,4,4,4,4,3,3,3,4,4,4,4,3,3,3
11789,0,0,0,0,0,0,0,0,0,0,0,0,0,0,0,0,0,0,0,0,0
11790,0,0,0,0,0,0,0,0,0,0,0,0,0,0,0,0,0,0,0,0,0
11791,6,7,7,6,5,4,4,6,7,7,6,5,4,4,6,7,7,6,5,4,4
11792,1,1,1,1,1,1,1,1,1,1,1,1,1,1,1,1,1,1,1,1,1
11793,3,3,3,3,3,3,3,3,3,3,3,3,3,3,3,3,3,3,3,3,3
11794,0,0,0,0,0,0,0,0,0,0,0,0,0,0,0,0,0,0,0,0,0
11795,0,0,0,0,0,0,0,0,0,0,0,0,0,0,0,0,0,0,0,0,0
11796,0,0,0,0,0,0,0,0,0,0,0,0,0,0,0,0,0,0,0,0,0
11797,0,0,0,0,0,0,0,0,0,0,0,0,0,0,0,0,0,0,0,0,0
11798,1,1,1,1,1,1,1,1,1,1,1,1,1,1,1,1,1,1,1,1,1
11799,9,11,11,10,9,8,8,9,11,11,10,9,8,8,9,11,11,10,9,8,8
11800,1,0,0,0,0,1,1,1,0,0,0,0,1,1,1,0,0,0,0,1,1
11801,1,1,1,1,1,1,1,1,1,1,1,1,1,1,1,1,1,1,1,1,1
11802,1,1,1,1,1,1,0,1,1,1,1,1,1,0,1,1,1,1,1,1,0
11803,0,0,0,0,0,0,0,0,0,0,0,0,0,0,0,0,0,0,0,0,0
11804,0,0,0,0,0,0,0,0,0,0,0,0,0,0,0,0,0,0,0,0,0
11805,0,0,0,0,0,0,0,0,0,0,0,0,0,0,0,0,0,0,0,0,0
11806,0,0,0,0,0,0,0,0,0,0,0,0,0,0,0,0,0,0,0,0,0
11807,0,0,0,0,0,0,0,0,0,0,0,0,0,0,0,0,0,0,0,0,0
11808,0,0,0,0,0,0,0,0,0,0,0,0,0,0,0,0,0,0,0,0,0
11809,0,0,0,0,0,0,0,0,0,0,0,0,0,0,0,0,0,0,0,0,0
11810,4,4,4,3,3,2,3,4,4,4,3,3,2,3,4,4,4,3,3,2,3
11811,5,6,6,4,5,5,5,5,6,6,4,5,5,5,5,6,6,4,5,5,5
11812,1,1,1,1,1,1,1,1,1,1,1,1,1,1,1,1,1,1,1,1,1
11813,21,26,34,27,23,15,14,21,26,34,27,23,15,14,21,26,34,27,23,15,14
11814,24,31,35,34,32,26,22,24,31,35,34,32,26,22,24,31,35,34,32,26,22
11815,8,10,8,6,7,5,3,8,10,8,6,7,5,3,8,10,8,6,7,5,3
11816,9,16,20,22,24,16,7,9,16,20,22,24,16,7,9,16,20,22,24,16,7
11817,6,6,4,6,5,4,3,6,6,4,6,5,4,3,6,6,4,6,5,4,3
11818,0,1,1,1,1,0,0,0,1,1,1,1,0,0,0,1,1,1,1,0,0
11819,0,0,0,0,0,0,0,0,0,0,0,0,0,0,0,0,0,0,0,0,0
11820,0,1,1,0,1,1,0,0,1,1,0,1,1,0,0,1,1,0,1,1,0
11821,4,4,4,4,3,3,3,4,4,4,4,3,3,3,4,4,4,4,3,3,3
11822,0,0,0,0,0,0,0,0,0,0,0,0,0,0,0,0,0,0,0,0,0
11823,1,2,2,1,1,1,1,1,2,2,1,1,1,1,1,2,2,1,1,1,1
11824,0,0,0,0,0,0,0,0,0,0,0,0,0,0,0,0,0,0,0,0,0
11825,0,0,0,0,0,0,0,0,0,0,0,0,0,0,0,0,0,0,0,0,0
11826,0,0,0,0,0,0,0,0,0,0,0,0,0,0,0,0,0,0,0,0,0
11827,0,0,0,0,0,0,0,0,0,0,0,0,0,0,0,0,0,0,0,0,0
11828,1,1,1,1,1,1,1,1,1,1,1,1,1,1,1,1,1,1,1,1,1
11829,0,0,0,0,0,0,0,0,0,0,0,0,0,0,0,0,0,0,0,0,0
11830,0,0,0,0,0,0,0,0,0,0,0,0,0,0,0,0,0,0,0,0,0
11831,74,79,89,95,81,74,65,74,79,89,95,81,74,65,74,79,89,95,81,74,65
11832,0,0,0,0,0,0,0,0,0,0,0,0,0,0,0,0,0,0,0,0,0
11833,0,0,0,0,0,0,0,0,0,0,0,0,0,0,0,0,0,0,0,0,0
11834,0,1,1,1,1,0,0,0,1,1,1,1,0,0,0,1,1,1,1,0,0
11835,1,1,1,1,0,1,1,1,1,1,1,0,1,1,1,1,1,1,0,1,1
11836,0,0,0,0,0,0,0,0,0,0,0,0,0,0,0,0,0,0,0,0,0
11837,0,0,0,0,0,0,0,0,0,0,0,0,0,0,0,0,0,0,0,0,0
11838,0,0,0,0,0,0,0,0,0,0,0,0,0,0,0,0,0,0,0,0,0
11839,0,0,0,0,0,0,0,0,0,0,0,0,0,0,0,0,0,0,0,0,0
11840,0,0,0,0,0,0,0,0,0,0,0,0,0,0,0,0,0,0,0,0,0
11841,0,0,0,0,0,0,0,0,0,0,0,0,0,0,0,0,0,0,0,0,0
11842,7,7,6,7,6,5,5,7,7,6,7,6,5,5,7,7,6,7,6,5,5
11843,11,10,13,11,14,13,9,11,10,13,11,14,13,9,11,10,13,11,14,13,9
11844,1,1,1,1,0,1,0,1,1,1,1,0,1,0,1,1,1,1,0,1,0
11845,15,15,14,12,11,10,11,15,15,14,12,11,10,11,15,15,14,12,11,10,11
11846,23,23,31,33,30,21,21,23,23,31,33,30,21,21,23,23,31,33,30,21,21
11847,0,0,0,0,0,0,0,0,0,0,0,0,0,0,0,0,0,0,0,0,0
11848,20,20,23,23,22,19,18,20,20,23,23,22,19,18,20,20,23,23,22,19,18
11849,3,3,3,3,3,1,2,3,3,3,3,3,1,2,3,3,3,3,3,1,2
11850,1,1,1,1,1,1,0,1,1,1,1,1,1,0,1,1,1,1,1,1,0
11851,4,4,4,4,4,3,3,4,4,4,4,4,3,3,4,4,4,4,4,3,3
11852,0,0,0,0,0,0,0,0,0,0,0,0,0,0,0,0,0,0,0,0,0
11853,3,5,7,7,5,3,3,3,5,7,7,5,3,3,3,5,7,7,5,3,3
11854,7,8,9,7,7,6,5,7,8,9,7,7,6,5,7,8,9,7,7,6,5
11855,23,24,25,24,24,22,20,23,24,25,24,24,22,20,23,24,25,24,24,22,20
11856,3,4,5,4,5,3,3,3,4,5,4,5,3,3,3,4,5,4,5,3,3
11857,0,0,0,0,0,0,0,0,0,0,0,0,0,0,0,0,0,0,0,0,0
11858,1,1,1,1,1,1,1,1,1,1,1,1,1,1,1,1,1,1,1,1,1
11859,2,1,1,1,1,1,1,2,1,1,1,1,1,1,2,1,1,1,1,1,1
11860,1,0,0,0,0,0,0,1,0,0,0,0,0,0,1,0,0,0,0,0,0
11861,0,1,0,0,0,0,0,0,1,0,0,0,0,0,0,1,0,0,0,0,0
11862,1,1,1,1,1,0,0,1,1,1,1,1,0,0,1,1,1,1,1,0,0
11863,0,0,0,0,0,0,0,0,0,0,0,0,0,0,0,0,0,0,0,0,0
11864,0,0,0,0,0,0,0,0,0,0,0,0,0,0,0,0,0,0,0,0,0
11865,0,0,0,0,0,0,0,0,0,0,0,0,0,0,0,0,0,0,0,0,0
11866,0,0,0,0,0,0,0,0,0,0,0,0,0,0,0,0,0,0,0,0,0
11867,0,0,0,0,0,0,0,0,0,0,0,0,0,0,0,0,0,0,0,0,0
11868,0,0,0,0,0,0,0,0,0,0,0,0,0,0,0,0,0,0,0,0,0
11869,0,0,0,0,0,0,0,0,0,0,0,0,0,0,0,0,0,0,0,0,0
11870,0,0,0,0,0,0,0,0,0,0,0,0,0,0,0,0,0,0,0,0,0
11871,0,0,0,0,0,0,0,0,0,0,0,0,0,0,0,0,0,0,0,0,0
11872,0,0,0,0,0,0,0,0,0,0,0,0,0,0,0,0,0,0,0,0,0
11873,1,1,0,0,0,0,1,1,1,0,0,0,0,1,1,1,0,0,0,0,1
11874,0,0,0,0,0,0,0,0,0,0,0,0,0,0,0,0,0,0,0,0,0
11875,0,0,0,0,0,0,0,0,0,0,0,0,0,0,0,0,0,0,0,0,0
11876,0,0,0,0,0,0,0,0,0,0,0,0,0,0,0,0,0,0,0,0,0
11877,0,1,0,0,0,0,0,0,1,0,0,0,0,0,0,1,0,0,0,0,0
11878,0,0,0,0,0,0,0,0,0,0,0,0,0,0,0,0,0,0,0,0,0
11879,0,0,0,0,0,0,0,0,0,0,0,0,0,0,0,0,0,0,0,0,0
11880,0,0,0,0,0,0,0,0,0,0,0,0,0,0,0,0,0,0,0,0,0
11881,0,0,0,0,0,0,0,0,0,0,0,0,0,0,0,0,0,0,0,0,0
11882,0,1,1,1,0,0,0,0,1,1,1,0,0,0,0,1,1,1,0,0,0
11883,0,0,0,0,0,0,0,0,0,0,0,0,0,0,0,0,0,0,0,0,0
11884,0,0,0,0,0,0,0,0,0,0,0,0,0,0,0,0,0,0,0,0,0
11885,0,0,0,0,0,0,0,0,0,0,0,0,0,0,0,0,0,0,0,0,0
11886,0,0,0,0,0,0,0,0,0,0,0,0,0,0,0,0,0,0,0,0,0
11887,0,0,0,0,0,0,0,0,0,0,0,0,0,0,0,0,0,0,0,0,0
11888,0,0,0,0,0,0,0,0,0,0,0,0,0,0,0,0,0,0,0,0,0
11889,2,2,1,1,0,0,1,2,2,1,1,0,0,1,2,2,1,1,0,0,1
11890,2,2,2,1,2,2,1,2,2,2,1,2,2,1,2,2,2,1,2,2,1
11891,20,24,25,24,22,18,16,20,24,25,24,22,18,16,20,24,25,24,22,18,16
11892,26,31,32,29,25,22,23,26,31,32,29,25,22,23,26,31,32,29,25,22,23
11893,5,6,7,5,4,4,4,5,6,7,5,4,4,4,5,6,7,5,4,4,4
11894,10,12,13,11,10,8,8,10,12,13,11,10,8,8,10,12,13,11,10,8,8
11895,29,36,40,38,32,27,25,29,36,40,38,32,27,25,29,36,40,38,32,27,25
11896,1,1,1,0,1,1,1,1,1,1,0,1,1,1,1,1,1,0,1,1,1
11897,84,77,93,95,103,90,54,84,77,93,95,103,90,54,84,77,93,95,103,90,54
11898,3,3,3,2,2,2,2,3,3,3,2,2,2,2,3,3,3,2,2,2,2
11899,0,0,0,0,0,0,0,0,0,0,0,0,0,0,0,0,0,0,0,0,0
11900,1,1,1,1,0,1,1,1,1,1,1,0,1,1,1,1,1,1,0,1,1
11901,0,0,0,0,0,0,0,0,0,0,0,0,0,0,0,0,0,0,0,0,0
11902,30,36,41,38,31,23,23,30,36,41,38,31,23,23,30,36,41,38,31,23,23
11903,2,2,2,3,2,3,2,2,2,2,3,2,3,2,2,2,2,3,2,3,2
11904,1,1,1,1,1,1,1,1,1,1,1,1,1,1,1,1,1,1,1,1,1
11905,0,0,0,0,0,0,0,0,0,0,0,0,0,0,0,0,0,0,0,0,0
11906,2,2,3,2,2,2,2,2,2,3,2,2,2,2,2,2,3,2,2,2,2
11907,5,5,5,4,4,3,3,5,5,5,4,4,3,3,5,5,5,4,4,3,3
11908,9,9,10,8,7,7,8,9,9,10,8,7,7,8,9,9,10,8,7,7,8
11909,1,1,1,1,1,1,1,1,1,1,1,1,1,1,1,1,1,1,1,1,1
11910,2,2,2,2,2,2,2,2,2,2,2,2,2,2,2,2,2,2,2,2,2
11911,5,6,6,6,6,4,4,5,6,6,6,6,4,4,5,6,6,6,6,4,4
11912,1,1,1,1,1,0,1,1,1,1,1,1,0,1,1,1,1,1,1,0,1
11913,0,0,0,0,0,0,0,0,0,0,0,0,0,0,0,0,0,0,0,0,0
11914,0,0,0,0,0,0,0,0,0,0,0,0,0,0,0,0,0,0,0,0,0
11915,0,0,0,0,0,0,0,0,0,0,0,0,0,0,0,0,0,0,0,0,0
11916,0,0,0,0,0,0,0,0,0,0,0,0,0,0,0,0,0,0,0,0,0
11917,0,1,0,0,0,1,1,0,1,0,0,0,1,1,0,1,0,0,0,1,1
11918,5,4,4,2,3,3,6,5,4,4,2,3,3,6,5,4,4,2,3,3,6
11919,1,1,1,1,1,1,1,1,1,1,1,1,1,1,1,1,1,1,1,1,1
11920,11,11,10,9,8,9,9,11,11,10,9,8,9,9,11,11,10,9,8,9,9
11921,2,3,3,3,3,2,2,2,3,3,3,3,2,2,2,3,3,3,3,2,2
11922,5,7,7,5,5,5,5,5,7,7,5,5,5,5,5,7,7,5,5,5,5
11923,9,10,11,10,9,7,7,9,10,11,10,9,7,7,9,10,11,10,9,7,7
11924,6,8,8,8,6,7,5,6,8,8,8,6,7,5,6,8,8,8,6,7,5
11925,1,1,1,1,1,1,1,1,1,1,1,1,1,1,1,1,1,1,1,1,1
11926,23,26,27,24,21,17,18,23,26,27,24,21,17,18,23,26,27,24,21,17,18
11927,2,1,1,1,2,2,2,2,1,1,1,2,2,2,2,1,1,1,2,2,2
11928,0,0,0,0,0,0,0,0,0,0,0,0,0,0,0,0,0,0,0,0,0
11929,3,4,3,3,2,2,3,3,4,3,3,2,2,3,3,4,3,3,2,2,3
11930,18,16,16,13,14,15,15,18,16,16,13,14,15,15,18,16,16,13,14,15,15
11931,0,0,0,0,0,0,0,0,0,0,0,0,0,0,0,0,0,0,0,0,0
11932,3,4,4,4,3,2,2,3,4,4,4,3,2,2,3,4,4,4,3,2,2
11933,0,0,0,1,1,0,0,0,0,0,1,1,0,0,0,0,0,1,1,0,0
11934,0,0,0,0,0,0,0,0,0,0,0,0,0,0,0,0,0,0,0,0,0
11935,1,1,1,1,0,0,1,1,1,1,1,0,0,1,1,1,1,1,0,0,1
11936,1,1,2,0,0,0,0,1,1,2,0,0,0,0,1,1,2,0,0,0,0
11937,0,0,0,0,0,0,0,0,0,0,0,0,0,0,0,0,0,0,0,0,0
11938,0,0,0,0,0,0,0,0,0,0,0,0,0,0,0,0,0,0,0,0,0
11939,11,10,10,9,8,8,9,11,10,10,9,8,8,9,11,10,10,9,8,8,9
11940,2,2,1,2,2,2,2,2,2,1,2,2,2,2,2,2,1,2,2,2,2
11941,10,9,9,8,8,8,9,10,9,9,8,8,8,9,10,9,9,8,8,8,9
11942,1,7,21,11,2,6,6,1,7,21,11,2,6,6,1,7,21,11,2,6,6
11943,2,2,2,2,1,1,1,2,2,2,2,1,1,1,2,2,2,2,1,1,1
11944,1,1,1,2,1,1,2,1,1,1,2,1,1,2,1,1,1,2,1,1,2
11945,0,0,0,0,0,0,0,0,0,0,0,0,0,0,0,0,0,0,0,0,0
11946,0,0,0,0,0,0,0,0,0,0,0,0,0,0,0,0,0,0,0,0,0
11947,0,0,0,0,0,0,0,0,0,0,0,0,0,0,0,0,0,0,0,0,0
11948,0,0,0,0,0,0,0,0,0,0,0,0,0,0,0,0,0,0,0,0,0
11949,0,0,0,0,0,0,0,0,0,0,0,0,0,0,0,0,0,0,0,0,0
11950,0,0,0,0,0,0,0,0,0,0,0,0,0,0,0,0,0,0,0,0,0
11951,0,0,0,0,0,0,0,0,0,0,0,0,0,0,0,0,0,0,0,0,0
11952,0,0,0,0,0,0,0,0,0,0,0,0,0,0,0,0,0,0,0,0,0
11953,0,0,0,0,0,0,0,0,0,0,0,0,0,0,0,0,0,0,0,0,0
11954,0,0,0,0,0,0,0,0,0,0,0,0,0,0,0,0,0,0,0,0,0
11955,60,58,55,70,61,43,41,60,58,55,70,61,43,41,60,58,55,70,61,43,41
11956,116,127,133,122,106,96,97,116,127,133,122,106,96,97,116,127,133,122,106,96,97
11957,82,108,115,119,84,68,59,82,108,115,119,84,68,59,82,108,115,119,84,68,59
11958,86,110,129,121,101,74,69,86,110,129,121,101,74,69,86,110,129,121,101,74,69
11959,0,0,1,1,0,0,0,0,0,1,1,0,0,0,0,0,1,1,0,0,0
11960,17,21,20,20,18,17,14,17,21,20,20,18,17,14,17,21,20,20,18,17,14
11961,0,0,0,0,0,0,0,0,0,0,0,0,0,0,0,0,0,0,0,0,0
11962,0,0,0,0,0,0,0,0,0,0,0,0,0,0,0,0,0,0,0,0,0
11963,1,2,2,1,1,1,1,1,2,2,1,1,1,1,1,2,2,1,1,1,1
11964,1,2,3,3,2,2,2,1,2,3,3,2,2,2,1,2,3,3,2,2,2
11965,11,13,14,12,10,9,8,11,13,14,12,10,9,8,11,13,14,12,10,9,8
11966,0,0,0,0,0,0,0,0,0,0,0,0,0,0,0,0,0,0,0,0,0
11967,1,1,1,1,0,1,1,1,1,1,1,0,1,1,1,1,1,1,0,1,1
11968,0,0,0,0,0,0,0,0,0,0,0,0,0,0,0,0,0,0,0,0,0
11969,7,8,9,9,8,7,7,7,8,9,9,8,7,7,7,8,9,9,8,7,7
11970,8,9,8,8,6,6,6,8,9,8,8,6,6,6,8,9,8,8,6,6,6
11971,53,63,62,57,37,33,40,53,63,62,57,37,33,40,53,63,62,57,37,33,40
11972,2,2,2,2,2,2,2,2,2,2,2,2,2,2,2,2,2,2,2,2,2
11973,0,0,0,0,0,0,0,0,0,0,0,0,0,0,0,0,0,0,0,0,0
11974,2,2,1,1,1,1,1,2,2,1,1,1,1,1,2,2,1,1,1,1,1
11975,0,0,0,1,1,0,0,0,0,0,1,1,0,0,0,0,0,1,1,0,0
11976,3,2,1,2,1,1,2,3,2,1,2,1,1,2,3,2,1,2,1,1,2
11977,0,0,0,0,0,0,0,0,0,0,0,0,0,0,0,0,0,0,0,0,0
11978,3,4,5,5,3,3,2,3,4,5,5,3,3,2,3,4,5,5,3,3,2
11979,0,0,0,0,0,0,0,0,0,0,0,0,0,0,0,0,0,0,0,0,0
11980,1,1,1,1,1,0,1,1,1,1,1,1,0,1,1,1,1,1,1,0,1
11981,1,1,1,1,1,1,1,1,1,1,1,1,1,1,1,1,1,1,1,1,1
11982,0,0,0,0,0,0,0,0,0,0,0,0,0,0,0,0,0,0,0,0,0
11983,3,3,3,3,3,2,2,3,3,3,3,3,2,2,3,3,3,3,3,2,2
11984,1,1,1,1,1,0,1,1,1,1,1,1,0,1,1,1,1,1,1,0,1
11985,0,0,0,0,0,0,0,0,0,0,0,0,0,0,0,0,0,0,0,0,0
11986,0,0,0,0,0,0,0,0,0,0,0,0,0,0,0,0,0,0,0,0,0
11987,1,1,2,1,2,1,1,1,1,2,1,2,1,1,1,1,2,1,2,1,1
11988,1,1,2,1,1,1,1,1,1,2,1,1,1,1,1,1,2,1,1,1,1
11989,0,0,0,0,0,0,0,0,0,0,0,0,0,0,0,0,0,0,0,0,0
11990,3,2,2,3,3,3,2,3,2,2,3,3,3,2,3,2,2,3,3,3,2
11991,4,5,5,5,4,4,4,4,5,5,5,4,4,4,4,5,5,5,4,4,4
11992,0,0,0,0,0,0,0,0,0,0,0,0,0,0,0,0,0,0,0,0,0
11993,0,0,0,0,0,0,0,0,0,0,0,0,0,0,0,0,0,0,0,0,0
11994,10,17,21,19,18,10,8,10,17,21,19,18,10,8,10,17,21,19,18,10,8
11995,116,127,133,122,106,96,97,116,127,133,122,106,96,97,116,127,133,122,106,96,97
11996,2,1,2,2,1,1,2,2,1,2,2,1,1,2,2,1,2,2,1,1,2
11997,0,0,1,1,1,0,0,0,0,1,1,1,0,0,0,0,1,1,1,0,0
11998,0,0,0,0,0,0,0,0,0,0,0,0,0,0,0,0,0,0,0,0,0
11999,0,0,0,0,0,0,0,0,0,0,0,0,0,0,0,0,0,0,0,0,0
12000,0,0,0,0,0,0,0,0,0,0,0,0,0,0,0,0,0,0,0,0,0
12001,0,0,0,0,0,0,0,0,0,0,0,0,0,0,0,0,0,0,0,0,0
12002,0,0,0,0,0,0,0,0,0,0,0,0,0,0,0,0,0,0,0,0,0
12003,0,0,0,0,0,0,0,0,0,0,0,0,0,0,0,0,0,0,0,0,0
12004,0,0,0,0,0,0,0,0,0,0,0,0,0,0,0,0,0,0,0,0,0
12005,0,0,0,0,0,0,0,0,0,0,0,0,0,0,0,0,0,0,0,0,0
12006,0,0,0,0,0,0,0,0,0,0,0,0,0,0,0,0,0,0,0,0,0
12007,0,0,0,0,0,0,0,0,0,0,0,0,0,0,0,0,0,0,0,0,0
12008,0,0,0,0,0,0,0,0,0,0,0,0,0,0,0,0,0,0,0,0,0
12009,0,0,0,0,0,0,0,0,0,0,0,0,0,0,0,0,0,0,0,0,0
12010,0,0,0,0,0,0,0,0,0,0,0,0,0,0,0,0,0,0,0,0,0
12011,0,0,0,0,0,0,0,0,0,0,0,0,0,0,0,0,0,0,0,0,0
12012,0,0,0,0,0,0,0,0,0,0,0,0,0,0,0,0,0,0,0,0,0
12013,0,0,0,0,0,0,0,0,0,0,0,0,0,0,0,0,0,0,0,0,0
12014,0,0,0,0,0,0,0,0,0,0,0,0,0,0,0,0,0,0,0,0,0
12015,0,0,0,0,0,0,0,0,0,0,0,0,0,0,0,0,0,0,0,0,0
12016,0,0,0,0,0,0,0,0,0,0,0,0,0,0,0,0,0,0,0,0,0
12017,0,0,0,0,0,0,0,0,0,0,0,0,0,0,0,0,0,0,0,0,0
12018,0,0,0,0,0,0,0,0,0,0,0,0,0,0,0,0,0,0,0,0,0
12019,0,0,0,0,0,0,0,0,0,0,0,0,0,0,0,0,0,0,0,0,0
12020,116,127,133,122,106,96,97,116,127,133,122,106,96,97,116,127,133,122,106,96,97
12021,68,87,58,58,52,30,44,68,87,58,58,52,30,44,68,87,58,58,52,30,44
12022,0,0,0,0,0,0,0,0,0,0,0,0,0,0,0,0,0,0,0,0,0
12023,2,2,2,1,1,1,1,2,2,2,1,1,1,1,2,2,2,1,1,1,1
12024,4,4,5,5,5,4,3,4,4,5,5,5,4,3,4,4,5,5,5,4,3
12025,0,0,0,0,0,0,0,0,0,0,0,0,0,0,0,0,0,0,0,0,0
12026,1,1,0,0,0,0,0,1,1,0,0,0,0,0,1,1,0,0,0,0,0
12027,0,0,0,0,0,0,0,0,0,0,0,0,0,0,0,0,0,0,0,0,0
12028,116,127,133,122,106,96,97,116,127,133,122,106,96,97,116,127,133,122,106,96,97
12029,105,108,110,101,75,82,72,105,108,110,101,75,82,72,105,108,110,101,75,82,72
12030,0,0,0,0,0,1,0,0,0,0,0,0,1,0,0,0,0,0,0,1,0
12031,0,3,0,0,1,1,0,0,3,0,0,1,1,0,0,3,0,0,1,1,0
12032,0,0,0,0,0,0,0,0,0,0,0,0,0,0,0,0,0,0,0,0,0
12033,0,0,0,0,0,0,0,0,0,0,0,0,0,0,0,0,0,0,0,0,0
12034,9,12,12,9,5,3,3,9,12,12,9,5,3,3,9,12,12,9,5,3,3
12035,2,2,2,2,2,2,1,2,2,2,2,2,2,1,2,2,2,2,2,2,1
12036,4,4,4,4,4,3,3,4,4,4,4,4,3,3,4,4,4,4,4,3,3
12037,4,4,4,3,2,3,4,4,4,4,3,2,3,4,4,4,4,3,2,3,4
12038,0,1,1,0,0,0,0,0,1,1,0,0,0,0,0,1,1,0,0,0,0
12039,4,4,3,3,3,4,4,4,4,3,3,3,4,4,4,4,3,3,3,4,4
12040,0,0,0,0,0,0,0,0,0,0,0,0,0,0,0,0,0,0,0,0,0
12041,2,1,2,2,3,2,2,2,1,2,2,3,2,2,2,1,2,2,3,2,2
12042,14,17,14,12,11,13,14,14,17,14,12,11,13,14,14,17,14,12,11,13,14
12043,4,2,3,2,2,2,2,4,2,3,2,2,2,2,4,2,3,2,2,2,2
12044,0,0,0,0,0,0,0,0,0,0,0,0,0,0,0,0,0,0,0,0,0
12045,0,0,0,0,0,0,0,0,0,0,0,0,0,0,0,0,0,0,0,0,0
12046,0,0,0,0,0,0,0,0,0,0,0,0,0,0,0,0,0,0,0,0,0
12047,0,0,0,0,0,0,0,0,0,0,0,0,0,0,0,0,0,0,0,0,0
12048,0,0,0,0,0,0,0,0,0,0,0,0,0,0,0,0,0,0,0,0,0
12049,0,0,0,0,0,0,0,0,0,0,0,0,0,0,0,0,0,0,0,0,0
12050,1,1,1,1,1,1,1,1,1,1,1,1,1,1,1,1,1,1,1,1,1
12051,7,8,8,7,7,5,6,7,8,8,7,7,5,6,7,8,8,7,7,5,6
12052,11,11,10,9,8,8,9,11,11,10,9,8,8,9,11,11,10,9,8,8,9
12053,10,9,9,8,8,7,8,10,9,9,8,8,7,8,10,9,9,8,8,7,8
12054,3,3,3,3,3,3,3,3,3,3,3,3,3,3,3,3,3,3,3,3,3
12055,0,1,0,1,0,0,0,0,1,0,1,0,0,0,0,1,0,1,0,0,0
12056,0,0,0,0,0,0,0,0,0,0,0,0,0,0,0,0,0,0,0,0,0
12057,41,43,45,45,40,34,34,41,43,45,45,40,34,34,41,43,45,45,40,34,34
12058,0,0,0,0,0,0,0,0,0,0,0,0,0,0,0,0,0,0,0,0,0
12059,1,1,1,1,0,1,0,1,1,1,1,0,1,0,1,1,1,1,0,1,0
12060,2,2,2,2,2,2,2,2,2,2,2,2,2,2,2,2,2,2,2,2,2
12061,1,0,0,1,0,0,0,1,0,0,1,0,0,0,1,0,0,1,0,0,0
12062,1,1,1,1,0,0,0,1,1,1,1,0,0,0,1,1,1,1,0,0,0
12063,2,3,3,3,2,2,2,2,3,3,3,2,2,2,2,3,3,3,2,2,2
12064,7,11,12,11,8,5,5,7,11,12,11,8,5,5,7,11,12,11,8,5,5
12065,0,0,0,0,0,0,0,0,0,0,0,0,0,0,0,0,0,0,0,0,0
12066,0,0,0,0,0,0,0,0,0,0,0,0,0,0,0,0,0,0,0,0,0
12067,0,0,0,0,0,0,0,0,0,0,0,0,0,0,0,0,0,0,0,0,0
12068,7,9,10,9,8,6,6,7,9,10,9,8,6,6,7,9,10,9,8,6,6
12069,0,0,0,0,0,0,0,0,0,0,0,0,0,0,0,0,0,0,0,0,0
12070,0,0,0,0,0,0,0,0,0,0,0,0,0,0,0,0,0,0,0,0,0
12071,6,12,16,12,8,3,3,6,12,16,12,8,3,3,6,12,16,12,8,3,3
12072,37,43,41,30,20,34,30,37,43,41,30,20,34,30,37,43,41,30,20,34,30
12073,6,8,5,5,4,6,7,6,8,5,5,4,6,7,6,8,5,5,4,6,7
12074,1,0,1,0,0,0,1,1,0,1,0,0,0,1,1,0,1,0,0,0,1
12075,0,0,0,0,0,0,0,0,0,0,0,0,0,0,0,0,0,0,0,0,0
12076,0,0,0,0,0,0,0,0,0,0,0,0,0,0,0,0,0,0,0,0,0
12077,0,0,0,0,0,0,0,0,0,0,0,0,0,0,0,0,0,0,0,0,0
12078,0,0,0,0,0,0,0,0,0,0,0,0,0,0,0,0,0,0,0,0,0
12079,0,0,0,0,0,0,0,0,0,0,0,0,0,0,0,0,0,0,0,0,0
12080,1,0,0,0,0,1,0,1,0,0,0,0,1,0,1,0,0,0,0,1,0
12081,1,1,1,1,1,1,1,1,1,1,1,1,1,1,1,1,1,1,1,1,1
12082,1,1,1,1,1,1,1,1,1,1,1,1,1,1,1,1,1,1,1,1,1
12083,2,2,3,2,2,2,2,2,2,3,2,2,2,2,2,2,3,2,2,2,2
12084,1,2,2,1,1,1,1,1,2,2,1,1,1,1,1,2,2,1,1,1,1
12085,1,1,1,1,1,1,1,1,1,1,1,1,1,1,1,1,1,1,1,1,1
12086,0,0,0,0,0,0,0,0,0,0,0,0,0,0,0,0,0,0,0,0,0
12087,16,18,16,13,11,13,14,16,18,16,13,11,13,14,16,18,16,13,11,13,14
12088,0,0,0,0,0,0,0,0,0,0,0,0,0,0,0,0,0,0,0,0,0
12089,4,4,4,4,3,2,3,4,4,4,4,3,2,3,4,4,4,4,3,2,3
12090,0,0,0,0,0,0,0,0,0,0,0,0,0,0,0,0,0,0,0,0,0
12091,0,0,0,0,0,0,0,0,0,0,0,0,0,0,0,0,0,0,0,0,0
12092,0,0,0,0,0,0,0,0,0,0,0,0,0,0,0,0,0,0,0,0,0
12093,1,1,1,1,1,1,1,1,1,1,1,1,1,1,1,1,1,1,1,1,1
12094,2,2,2,3,3,2,2,2,2,2,3,3,2,2,2,2,2,3,3,2,2
12095,4,5,5,5,4,3,4,4,5,5,5,4,3,4,4,5,5,5,4,3,4
12096,0,1,1,1,1,0,0,0,1,1,1,1,0,0,0,1,1,1,1,0,0
12097,0,0,0,0,0,0,0,0,0,0,0,0,0,0,0,0,0,0,0,0,0
12098,9,10,8,6,6,7,7,9,10,8,6,6,7,7,9,10,8,6,6,7,7
12099,2,1,1,1,1,1,1,2,1,1,1,1,1,1,2,1,1,1,1,1,1
12100,1,0,1,0,0,0,0,1,0,1,0,0,0,0,1,0,1,0,0,0,0
12101,0,0,0,0,0,0,0,0,0,0,0,0,0,0,0,0,0,0,0,0,0
12102,0,0,0,0,0,0,0,0,0,0,0,0,0,0,0,0,0,0,0,0,0
12103,0,0,0,0,0,0,0,0,0,0,0,0,0,0,0,0,0,0,0,0,0
12104,0,0,0,0,0,0,0,0,0,0,0,0,0,0,0,0,0,0,0,0,0
12105,7,7,7,7,6,5,5,7,7,7,7,6,5,5,7,7,7,7,6,5,5
12106,0,0,0,0,0,0,0,0,0,0,0,0,0,0,0,0,0,0,0,0,0
12107,4,4,4,4,4,3,3,4,4,4,4,4,3,3,4,4,4,4,4,3,3
12108,1,1,1,1,1,1,1,1,1,1,1,1,1,1,1,1,1,1,1,1,1
12109,0,0,0,0,0,0,0,0,0,0,0,0,0,0,0,0,0,0,0,0,0
12110,6,7,9,10,8,6,5,6,7,9,10,8,6,5,6,7,9,10,8,6,5
12111,12,14,14,11,10,8,8,12,14,14,11,10,8,8,12,14,14,11,10,8,8
12112,3,3,4,4,4,3,2,3,3,4,4,4,3,2,3,3,4,4,4,3,2
12113,10,12,13,15,12,10,8,10,12,13,15,12,10,8,10,12,13,15,12,10,8
12114,2,2,2,1,2,2,1,2,2,2,1,2,2,1,2,2,2,1,2,2,1
12115,0,0,0,0,0,0,0,0,0,0,0,0,0,0,0,0,0,0,0,0,0
12116,0,0,0,0,0,0,0,0,0,0,0,0,0,0,0,0,0,0,0,0,0
12117,1,0,1,1,0,0,0,1,0,1,1,0,0,0,1,0,1,1,0,0,0
12118,0,0,0,0,0,0,0,0,0,0,0,0,0,0,0,0,0,0,0,0,0
12119,0,0,0,0,0,0,0,0,0,0,0,0,0,0,0,0,0,0,0,0,0
12120,7,9,7,7,7,6,7,7,9,7,7,7,6,7,7,9,7,7,7,6,7
12121,0,0,0,0,0,0,0,0,0,0,0,0,0,0,0,0,0,0,0,0,0
12122,77,79,83,79,71,62,62,77,79,83,79,71,62,62,77,79,83,79,71,62,62
12123,1,1,1,1,1,1,1,1,1,1,1,1,1,1,1,1,1,1,1,1,1
12124,8,8,8,7,6,6,6,8,8,8,7,6,6,6,8,8,8,7,6,6,6
12125,13,19,19,16,11,7,8,13,19,19,16,11,7,8,13,19,19,16,11,7,8
12126,8,9,10,10,8,7,7,8,9,10,10,8,7,7,8,9,10,10,8,7,7
12127,1,2,2,1,1,1,1,1,2,2,1,1,1,1,1,2,2,1,1,1,1
12128,0,0,0,0,0,0,0,0,0,0,0,0,0,0,0,0,0,0,0,0,0
12129,1,1,1,1,1,1,1,1,1,1,1,1,1,1,1,1,1,1,1,1,1
12130,0,0,0,0,0,0,0,0,0,0,0,0,0,0,0,0,0,0,0,0,0
12131,0,0,0,0,0,0,0,0,0,0,0,0,0,0,0,0,0,0,0,0,0
12132,0,0,0,0,0,0,0,0,0,0,0,0,0,0,0,0,0,0,0,0,0
12133,0,0,0,0,0,0,0,0,0,0,0,0,0,0,0,0,0,0,0,0,0
12134,0,0,0,0,0,0,0,0,0,0,0,0,0,0,0,0,0,0,0,0,0
12135,9,11,11,11,11,9,8,9,11,11,11,11,9,8,9,11,11,11,11,9,8
12136,0,0,0,0,0,0,0,0,0,0,0,0,0,0,0,0,0,0,0,0,0
12137,5,6,5,5,4,4,4,5,6,5,5,4,4,4,5,6,5,5,4,4,4
12138,0,0,0,0,0,0,0,0,0,0,0,0,0,0,0,0,0,0,0,0,0
12139,2,1,1,1,1,1,1,2,1,1,1,1,1,1,2,1,1,1,1,1,1
12140,0,0,0,0,0,0,0,0,0,0,0,0,0,0,0,0,0,0,0,0,0
12141,22,26,25,25,23,20,20,22,26,25,25,23,20,20,22,26,25,25,23,20,20
12142,2,2,2,2,2,1,1,2,2,2,2,2,1,1,2,2,2,2,2,1,1
12143,65,65,61,57,53,49,52,65,65,61,57,53,49,52,65,65,61,57,53,49,52
12144,5,5,5,5,5,4,4,5,5,5,5,5,4,4,5,5,5,5,5,4,4
12145,16,15,16,15,12,14,14,16,15,16,15,12,14,14,16,15,16,15,12,14,14
12146,0,0,0,0,0,0,0,0,0,0,0,0,0,0,0,0,0,0,0,0,0
12147,0,0,0,0,0,0,0,0,0,0,0,0,0,0,0,0,0,0,0,0,0
12148,0,0,0,0,0,0,0,0,0,0,0,0,0,0,0,0,0,0,0,0,0
12149,0,0,0,0,0,0,0,0,0,0,0,0,0,0,0,0,0,0,0,0,0
12150,0,0,0,0,0,0,0,0,0,0,0,0,0,0,0,0,0,0,0,0,0
12151,0,0,0,0,0,0,0,0,0,0,0,0,0,0,0,0,0,0,0,0,0
12152,0,0,1,1,1,1,0,0,0,1,1,1,1,0,0,0,1,1,1,1,0
12153,1,2,1,1,2,1,1,1,2,1,1,2,1,1,1,2,1,1,2,1,1
12154,0,0,0,0,0,0,0,0,0,0,0,0,0,0,0,0,0,0,0,0,0
12155,0,0,0,0,0,0,0,0,0,0,0,0,0,0,0,0,0,0,0,0,0
12156,31,29,28,20,14,15,25,31,29,28,20,14,15,25,31,29,28,20,14,15,25
12157,2,2,3,2,2,2,2,2,2,3,2,2,2,2,2,2,3,2,2,2,2
12158,0,0,0,0,0,0,0,0,0,0,0,0,0,0,0,0,0,0,0,0,0
12159,0,0,0,0,0,0,0,0,0,0,0,0,0,0,0,0,0,0,0,0,0
12160,0,0,0,0,0,0,0,0,0,0,0,0,0,0,0,0,0,0,0,0,0
12161,0,0,0,0,0,0,0,0,0,0,0,0,0,0,0,0,0,0,0,0,0
12162,0,0,0,0,0,0,0,0,0,0,0,0,0,0,0,0,0,0,0,0,0
12163,0,0,0,0,0,0,0,0,0,0,0,0,0,0,0,0,0,0,0,0,0
12164,9,10,10,10,9,8,8,9,10,10,10,9,8,8,9,10,10,10,9,8,8
12165,16,18,18,18,17,15,15,16,18,18,18,17,15,15,16,18,18,18,17,15,15
12166,0,0,0,0,0,0,0,0,0,0,0,0,0,0,0,0,0,0,0,0,0
12167,68,69,66,60,57,56,60,68,69,66,60,57,56,60,68,69,66,60,57,56,60
12168,0,0,0,0,0,0,0,0,0,0,0,0,0,0,0,0,0,0,0,0,0
12169,0,0,0,0,0,0,0,0,0,0,0,0,0,0,0,0,0,0,0,0,0
12170,0,0,0,0,0,0,0,0,0,0,0,0,0,0,0,0,0,0,0,0,0
12171,1,1,1,1,1,1,1,1,1,1,1,1,1,1,1,1,1,1,1,1,1
12172,6,7,9,9,9,7,5,6,7,9,9,9,7,5,6,7,9,9,9,7,5
12173,15,19,21,19,19,15,13,15,19,21,19,19,15,13,15,19,21,19,19,15,13
12174,28,28,27,27,21,18,19,28,28,27,27,21,18,19,28,28,27,27,21,18,19
12175,0,0,0,0,0,0,0,0,0,0,0,0,0,0,0,0,0,0,0,0,0
12176,16,17,16,14,8,8,11,16,17,16,14,8,8,11,16,17,16,14,8,8,11
12177,0,0,0,0,0,0,0,0,0,0,0,0,0,0,0,0,0,0,0,0,0
12178,0,0,0,0,0,0,0,0,0,0,0,0,0,0,0,0,0,0,0,0,0
12179,1,0,0,1,0,0,0,1,0,0,1,0,0,0,1,0,0,1,0,0,0
12180,2,3,2,0,0,0,0,2,3,2,0,0,0,0,2,3,2,0,0,0,0
12181,3,4,3,2,2,3,4,3,4,3,2,2,3,4,3,4,3,2,2,3,4
12182,0,0,0,0,0,0,0,0,0,0,0,0,0,0,0,0,0,0,0,0,0
12183,0,0,0,0,0,0,0,0,0,0,0,0,0,0,0,0,0,0,0,0,0
12184,0,0,0,0,0,0,0,0,0,0,0,0,0,0,0,0,0,0,0,0,0
12185,0,0,0,0,0,0,0,0,0,0,0,0,0,0,0,0,0,0,0,0,0
12186,0,0,0,0,0,0,0,0,0,0,0,0,0,0,0,0,0,0,0,0,0
12187,0,0,0,0,0,0,0,0,0,0,0,0,0,0,0,0,0,0,0,0,0
12188,3,3,4,3,3,3,3,3,3,4,3,3,3,3,3,3,4,3,3,3,3
12189,10,11,12,11,10,9,9,10,11,12,11,10,9,9,10,11,12,11,10,9,9
12190,3,4,4,4,4,4,3,3,4,4,4,4,4,3,3,4,4,4,4,4,3
12191,28,29,29,27,26,25,26,28,29,29,27,26,25,26,28,29,29,27,26,25,26
12192,0,0,0,0,0,0,0,0,0,0,0,0,0,0,0,0,0,0,0,0,0
12193,0,0,0,0,0,0,0,0,0,0,0,0,0,0,0,0,0,0,0,0,0
12194,0,0,0,0,0,0,0,0,0,0,0,0,0,0,0,0,0,0,0,0,0
12195,0,0,0,0,0,0,0,0,0,0,0,0,0,0,0,0,0,0,0,0,0
12196,0,1,1,1,1,0,0,0,1,1,1,1,0,0,0,1,1,1,1,0,0
12197,0,0,0,0,0,0,0,0,0,0,0,0,0,0,0,0,0,0,0,0,0
12198,0,0,0,0,0,0,0,0,0,0,0,0,0,0,0,0,0,0,0,0,0
12199,0,0,0,0,0,0,0,0,0,0,0,0,0,0,0,0,0,0,0,0,0
12200,0,0,0,0,0,0,0,0,0,0,0,0,0,0,0,0,0,0,0,0,0
12201,0,0,0,0,0,0,0,0,0,0,0,0,0,0,0,0,0,0,0,0,0
12202,0,0,0,0,0,0,0,0,0,0,0,0,0,0,0,0,0,0,0,0,0
12203,0,0,0,0,0,0,0,0,0,0,0,0,0,0,0,0,0,0,0,0,0
12204,1,1,0,1,1,1,1,1,1,0,1,1,1,1,1,1,0,1,1,1,1
12205,0,0,0,0,0,0,0,0,0,0,0,0,0,0,0,0,0,0,0,0,0
12206,1,1,1,1,1,1,1,1,1,1,1,1,1,1,1,1,1,1,1,1,1
12207,1,2,2,2,1,1,1,1,2,2,2,1,1,1,1,2,2,2,1,1,1
12208,3,3,3,3,3,2,3,3,3,3,3,3,2,3,3,3,3,3,3,2,3
12209,6,6,6,7,6,5,5,6,6,6,7,6,5,5,6,6,6,7,6,5,5
12210,3,4,4,4,4,3,2,3,4,4,4,4,3,2,3,4,4,4,4,3,2
12211,8,9,8,8,7,6,7,8,9,8,8,7,6,7,8,9,8,8,7,6,7
12212,6,7,7,6,5,6,7,6,7,7,6,5,6,7,6,7,7,6,5,6,7
12213,10,10,8,7,8,9,8,10,10,8,7,8,9,8,10,10,8,7,8,9,8
12214,6,7,6,5,5,5,5,6,7,6,5,5,5,5,6,7,6,5,5,5,5
12215,17,18,17,15,13,12,15,17,18,17,15,13,12,15,17,18,17,15,13,12,15
12216,1,1,1,1,1,1,1,1,1,1,1,1,1,1,1,1,1,1,1,1,1
12217,0,0,0,0,0,0,0,0,0,0,0,0,0,0,0,0,0,0,0,0,0
12218,1,1,0,0,1,1,1,1,1,0,0,1,1,1,1,1,0,0,1,1,1
12219,0,0,0,0,0,0,0,0,0,0,0,0,0,0,0,0,0,0,0,0,0
12220,0,0,0,0,0,0,0,0,0,0,0,0,0,0,0,0,0,0,0,0,0
12221,0,0,0,0,0,0,0,0,0,0,0,0,0,0,0,0,0,0,0,0,0
12222,0,0,0,0,0,0,0,0,0,0,0,0,0,0,0,0,0,0,0,0,0
12223,0,0,0,0,0,0,0,0,0,0,0,0,0,0,0,0,0,0,0,0,0
12224,0,0,0,0,0,0,0,0,0,0,0,0,0,0,0,0,0,0,0,0,0
12225,0,0,0,0,0,0,0,0,0,0,0,0,0,0,0,0,0,0,0,0,0
12226,0,0,0,0,0,0,0,0,0,0,0,0,0,0,0,0,0,0,0,0,0
12227,0,0,0,0,0,0,0,0,0,0,0,0,0,0,0,0,0,0,0,0,0
12228,0,0,0,0,0,0,0,0,0,0,0,0,0,0,0,0,0,0,0,0,0
12229,1,2,2,2,1,3,3,1,2,2,2,1,3,3,1,2,2,2,1,3,3
12230,0,1,1,1,0,0,0,0,1,1,1,0,0,0,0,1,1,1,0,0,0
12231,82,94,95,82,73,63,67,82,94,95,82,73,63,67,82,94,95,82,73,63,67
12232,0,0,0,0,0,0,0,0,0,0,0,0,0,0,0,0,0,0,0,0,0
12233,0,0,0,0,0,0,0,0,0,0,0,0,0,0,0,0,0,0,0,0,0
12234,0,0,0,0,0,0,0,0,0,0,0,0,0,0,0,0,0,0,0,0,0
12235,0,0,0,0,0,0,0,0,0,0,0,0,0,0,0,0,0,0,0,0,0
12236,6,6,6,6,6,6,5,6,6,6,6,6,6,5,6,6,6,6,6,6,5
12237,4,5,4,5,5,4,4,4,5,4,5,5,4,4,4,5,4,5,5,4,4
12238,0,0,0,0,0,1,0,0,0,0,0,0,1,0,0,0,0,0,0,1,0
12239,3,2,0,0,2,3,3,3,2,0,0,2,3,3,3,2,0,0,2,3,3
12240,10,11,9,9,8,7,7,10,11,9,9,8,7,7,10,11,9,9,8,7,7
12241,0,0,0,0,0,0,0,0,0,0,0,0,0,0,0,0,0,0,0,0,0
12242,0,0,0,0,0,0,0,0,0,0,0,0,0,0,0,0,0,0,0,0,0
12243,51,57,53,49,42,35,41,51,57,53,49,42,35,41,51,57,53,49,42,35,41
12244,2,5,9,11,8,2,2,2,5,9,11,8,2,2,2,5,9,11,8,2,2
12245,3,3,3,5,5,4,2,3,3,3,5,5,4,2,3,3,3,5,5,4,2
12246,0,0,0,0,0,0,0,0,0,0,0,0,0,0,0,0,0,0,0,0,0
12247,0,0,0,0,0,0,0,0,0,0,0,0,0,0,0,0,0,0,0,0,0
12248,6,5,5,5,5,5,5,6,5,5,5,5,5,5,6,5,5,5,5,5,5
12249,116,127,133,122,106,96,97,116,127,133,122,106,96,97,116,127,133,122,106,96,97
12250,3,4,3,2,1,1,2,3,4,3,2,1,1,2,3,4,3,2,1,1,2
12251,4,4,5,5,4,3,3,4,4,5,5,4,3,3,4,4,5,5,4,3,3
12252,3,4,5,4,4,3,3,3,4,5,4,4,3,3,3,4,5,4,4,3,3
12253,3,3,3,3,4,3,3,3,3,3,3,4,3,3,3,3,3,3,4,3,3
12254,5,6,6,6,6,6,5,5,6,6,6,6,6,5,5,6,6,6,6,6,5
12255,25,24,27,25,22,22,28,25,24,27,25,22,22,28,25,24,27,25,22,22,28
12256,17,13,24,26,27,18,17,17,13,24,26,27,18,17,17,13,24,26,27,18,17
12257,63,63,72,66,69,65,65,63,63,72,66,69,65,65,63,63,72,66,69,65,65
12258,1,1,1,0,1,1,0,1,1,1,0,1,1,0,1,1,1,0,1,1,0
12259,4,5,7,7,6,4,4,4,5,7,7,6,4,4,4,5,7,7,6,4,4
12260,7,9,11,11,9,6,6,7,9,11,11,9,6,6,7,9,11,11,9,6,6
12261,36,31,33,32,28,27,33,36,31,33,32,28,27,33,36,31,33,32,28,27,33
12262,3,2,2,2,2,2,3,3,2,2,2,2,2,3,3,2,2,2,2,2,3
12263,0,0,0,0,0,0,0,0,0,0,0,0,0,0,0,0,0,0,0,0,0
12264,1,1,1,1,1,1,1,1,1,1,1,1,1,1,1,1,1,1,1,1,1
12265,4,4,3,3,2,2,3,4,4,3,3,2,2,3,4,4,3,3,2,2,3
12266,4,4,4,4,4,4,4,4,4,4,4,4,4,4,4,4,4,4,4,4,4
12267,1,1,1,1,1,1,1,1,1,1,1,1,1,1,1,1,1,1,1,1,1
12268,2,2,2,2,2,2,2,2,2,2,2,2,2,2,2,2,2,2,2,2,2
12269,0,0,0,0,0,0,0,0,0,0,0,0,0,0,0,0,0,0,0,0,0
12270,0,0,0,0,0,0,0,0,0,0,0,0,0,0,0,0,0,0,0,0,0
12271,0,0,0,0,0,0,0,0,0,0,0,0,0,0,0,0,0,0,0,0,0
12272,0,0,0,0,0,0,0,0,0,0,0,0,0,0,0,0,0,0,0,0,0
12273,0,0,0,0,0,0,0,0,0,0,0,0,0,0,0,0,0,0,0,0,0
12274,1,1,1,1,1,0,0,1,1,1,1,1,0,0,1,1,1,1,1,0,0
12275,0,0,0,0,0,0,0,0,0,0,0,0,0,0,0,0,0,0,0,0,0
12276,0,0,0,0,0,0,0,0,0,0,0,0,0,0,0,0,0,0,0,0,0
12277,0,0,0,0,0,0,0,0,0,0,0,0,0,0,0,0,0,0,0,0,0
12278,1,1,1,1,1,1,1,1,1,1,1,1,1,1,1,1,1,1,1,1,1
12279,1,1,1,1,1,1,1,1,1,1,1,1,1,1,1,1,1,1,1,1,1
12280,52,77,96,96,93,72,69,52,77,96,96,93,72,69,52,77,96,96,93,72,69
12281,46,52,68,60,66,49,41,46,52,68,60,66,49,41,46,52,68,60,66,49,41
12282,8,7,7,6,6,6,7,8,7,7,6,6,6,7,8,7,7,6,6,6,7
12283,4,0,0,4,4,6,5,4,0,0,4,4,6,5,4,0,0,4,4,6,5
12284,116,127,133,122,106,96,97,116,127,133,122,106,96,97,116,127,133,122,106,96,97
12285,116,127,133,122,106,96,97,116,127,133,122,106,96,97,116,127,133,122,106,96,97
12286,116,127,133,122,106,96,97,116,127,133,122,106,96,97,116,127,133,122,106,96,97
12287,6,9,10,14,12,5,4,6,9,10,14,12,5,4,6,9,10,14,12,5,4
12288,0,0,0,0,0,0,0,0,0,0,0,0,0,0,0,0,0,0,0,0,0
12289,10,9,8,7,7,7,9,10,9,8,7,7,7,9,10,9,8,7,7,7,9
12290,4,4,3,3,3,2,2,4,4,3,3,3,2,2,4,4,3,3,3,2,2
12291,116,114,110,89,84,77,95,116,114,110,89,84,77,95,116,114,110,89,84,77,95
12292,3,2,2,3,2,2,3,3,2,2,3,2,2,3,3,2,2,3,2,2,3
12293,2,2,2,2,2,1,2,2,2,2,2,2,1,2,2,2,2,2,2,1,2
12294,17,18,16,15,15,15,16,17,18,16,15,15,15,16,17,18,16,15,15,15,16
12295,2,2,2,2,2,1,1,2,2,2,2,2,1,1,2,2,2,2,2,1,1
12296,4,4,4,3,3,3,4,4,4,4,3,3,3,4,4,4,4,3,3,3,4
12297,4,4,4,4,4,4,3,4,4,4,4,4,4,3,4,4,4,4,4,4,3
12298,10,11,10,10,9,8,8,10,11,10,10,9,8,8,10,11,10,10,9,8,8
12299,116,127,133,122,106,96,97,116,127,133,122,106,96,97,116,127,133,122,106,96,97
12300,57,52,44,38,40,45,50,57,52,44,38,40,45,50,57,52,44,38,40,45,50
12301,16,8,8,7,6,6,6,16,8,8,7,6,6,6,16,8,8,7,6,6,6
12302,67,59,51,54,57,57,59,67,59,51,54,57,57,59,67,59,51,54,57,57,59
12303,2,1,2,1,1,1,1,2,1,2,1,1,1,1,2,1,2,1,1,1,1
12304,116,127,133,122,106,96,97,116,127,133,122,106,96,97,116,127,133,122,106,96,97
12305,0,0,0,0,0,0,0,0,0,0,0,0,0,0,0,0,0,0,0,0,0
12306,102,117,89,90,68,63,82,102,117,89,90,68,63,82,102,117,89,90,68,63,82
12307,1,1,0,0,1,1,1,1,1,0,0,1,1,1,1,1,0,0,1,1,1
12308,103,115,113,122,106,96,95,103,115,113,122,106,96,95,103,115,113,122,106,96,95
12309,0,0,0,0,0,0,0,0,0,0,0,0,0,0,0,0,0,0,0,0,0
12310,0,0,0,0,0,0,0,0,0,0,0,0,0,0,0,0,0,0,0,0,0
12311,1,1,0,1,1,1,1,1,1,0,1,1,1,1,1,1,0,1,1,1,1
12312,0,0,0,0,0,0,0,0,0,0,0,0,0,0,0,0,0,0,0,0,0
12313,0,0,0,0,0,0,0,0,0,0,0,0,0,0,0,0,0,0,0,0,0
12314,0,0,0,0,0,0,0,0,0,0,0,0,0,0,0,0,0,0,0,0,0
12315,0,0,0,0,0,0,0,0,0,0,0,0,0,0,0,0,0,0,0,0,0
12316,0,0,0,0,0,0,0,0,0,0,0,0,0,0,0,0,0,0,0,0,0
12317,0,0,0,0,0,0,0,0,0,0,0,0,0,0,0,0,0,0,0,0,0
12318,0,0,0,0,0,0,0,0,0,0,0,0,0,0,0,0,0,0,0,0,0
12319,0,0,0,0,0,0,0,0,0,0,0,0,0,0,0,0,0,0,0,0,0
12320,0,0,0,0,0,0,0,0,0,0,0,0,0,0,0,0,0,0,0,0,0
12321,1,12,13,9,7,0,0,1,12,13,9,7,0,0,1,12,13,9,7,0,0
12322,0,0,0,0,0,0,0,0,0,0,0,0,0,0,0,0,0,0,0,0,0
12323,0,0,0,0,0,1,0,0,0,0,0,0,1,0,0,0,0,0,0,1,0
12324,0,0,0,0,0,0,0,0,0,0,0,0,0,0,0,0,0,0,0,0,0
12325,0,0,0,0,0,0,0,0,0,0,0,0,0,0,0,0,0,0,0,0,0
12326,0,0,0,0,0,0,0,0,0,0,0,0,0,0,0,0,0,0,0,0,0
12327,0,0,0,0,0,0,0,0,0,0,0,0,0,0,0,0,0,0,0,0,0
12328,63,2,0,0,0,0,3,63,2,0,0,0,0,3,63,2,0,0,0,0,3
12329,9,6,16,14,12,1,4,9,6,16,14,12,1,4,9,6,16,14,12,1,4
12330,0,0,0,0,0,0,0,0,0,0,0,0,0,0,0,0,0,0,0,0,0
12331,0,0,0,0,0,0,0,0,0,0,0,0,0,0,0,0,0,0,0,0,0
12332,29,28,29,54,13,4,22,29,28,29,54,13,4,22,29,28,29,54,13,4,22
12333,0,0,0,0,5,5,3,0,0,0,0,5,5,3,0,0,0,0,5,5,3
12334,116,127,133,122,106,96,97,116,127,133,122,106,96,97,116,127,133,122,106,96,97
12335,116,127,133,122,106,96,97,116,127,133,122,106,96,97,116,127,133,122,106,96,97
12336,116,127,133,122,106,96,97,116,127,133,122,106,96,97,116,127,133,122,106,96,97
12337,116,127,133,122,106,96,97,116,127,133,122,106,96,97,116,127,133,122,106,96,97
12338,116,127,133,122,106,96,97,116,127,133,122,106,96,97,116,127,133,122,106,96,97
12339,76,92,102,113,105,95,82,76,92,102,113,105,95,82,76,92,102,113,105,95,82
12340,51,53,48,61,56,45,37,51,53,48,61,56,45,37,51,53,48,61,56,45,37
12341,46,45,50,48,46,39,40,46,45,50,48,46,39,40,46,45,50,48,46,39,40
12342,116,127,133,122,106,96,97,116,127,133,122,106,96,97,116,127,133,122,106,96,97
12343,0,0,0,0,0,0,0,0,0,0,0,0,0,0,0,0,0,0,0,0,0
12344,23,21,4,2,7,8,23,23,21,4,2,7,8,23,23,21,4,2,7,8,23
12345,43,43,41,31,30,64,44,43,43,41,31,30,64,44,43,43,41,31,30,64,44
12346,14,23,20,49,40,8,11,14,23,20,49,40,8,11,14,23,20,49,40,8,11
12347,116,127,133,122,106,96,97,116,127,133,122,106,96,97,116,127,133,122,106,96,97
12348,116,127,133,122,106,96,97,116,127,133,122,106,96,97,116,127,133,122,106,96,97
12349,48,43,41,35,23,17,21,48,43,41,35,23,17,21,48,43,41,35,23,17,21
12350,116,127,133,114,105,96,97,116,127,133,114,105,96,97,116,127,133,114,105,96,97
12351,29,30,25,22,20,20,19,29,30,25,22,20,20,19,29,30,25,22,20,20,19
12352,108,101,92,93,87,81,91,108,101,92,93,87,81,91,108,101,92,93,87,81,91
12353,17,0,0,6,0,0,0,17,0,0,6,0,0,0,17,0,0,6,0,0,0
12354,0,6,0,0,0,0,0,0,6,0,0,0,0,0,0,6,0,0,0,0,0
12355,4,4,4,0,0,6,4,4,4,4,0,0,6,4,4,4,4,0,0,6,4
12356,0,0,0,0,0,0,0,0,0,0,0,0,0,0,0,0,0,0,0,0,0
12357,7,7,6,0,1,8,6,7,7,6,0,1,8,6,7,7,6,0,1,8,6
12358,0,0,0,0,0,0,0,0,0,0,0,0,0,0,0,0,0,0,0,0,0
12359,0,0,0,0,0,0,0,0,0,0,0,0,0,0,0,0,0,0,0,0,0
12360,0,0,0,0,0,0,0,0,0,0,0,0,0,0,0,0,0,0,0,0,0
12361,0,0,0,3,0,0,0,0,0,0,3,0,0,0,0,0,0,3,0,0,0
12362,0,0,0,0,0,0,0,0,0,0,0,0,0,0,0,0,0,0,0,0,0
12363,0,0,0,0,0,0,0,0,0,0,0,0,0,0,0,0,0,0,0,0,0
12364,116,125,118,6,4,77,96,116,125,118,6,4,77,96,116,125,118,6,4,77,96
12365,0,0,0,0,0,0,0,0,0,0,0,0,0,0,0,0,0,0,0,0,0
12366,13,14,14,14,12,10,10,13,14,14,14,12,10,10,13,14,14,14,12,10,10
12367,1,1,1,1,1,1,1,1,1,1,1,1,1,1,1,1,1,1,1,1,1
12368,8,9,10,9,9,7,7,8,9,10,9,9,7,7,8,9,10,9,9,7,7
12369,1,1,1,1,1,1,1,1,1,1,1,1,1,1,1,1,1,1,1,1,1
12370,4,4,4,4,4,3,3,4,4,4,4,4,3,3,4,4,4,4,4,3,3
12371,0,0,0,0,0,0,0,0,0,0,0,0,0,0,0,0,0,0,0,0,0
12372,7,8,8,8,7,6,6,7,8,8,8,7,6,6,7,8,8,8,7,6,6
12373,3,3,3,2,2,1,2,3,3,3,2,2,1,2,3,3,3,2,2,1,2
12374,10,12,11,10,9,9,8,10,12,11,10,9,9,8,10,12,11,10,9,9,8
12375,29,29,29,28,26,25,26,29,29,29,28,26,25,26,29,29,29,28,26,25,26
12376,62,71,72,63,54,46,45,62,71,72,63,54,46,45,62,71,72,63,54,46,45
12377,11,10,10,10,9,10,10,11,10,10,10,9,10,10,11,10,10,10,9,10,10
12378,2,1,1,1,1,1,1,2,1,1,1,1,1,1,2,1,1,1,1,1,1
12379,1,1,1,1,1,1,1,1,1,1,1,1,1,1,1,1,1,1,1,1,1
12380,0,0,0,0,0,0,0,0,0,0,0,0,0,0,0,0,0,0,0,0,0
12381,0,0,0,0,0,0,0,0,0,0,0,0,0,0,0,0,0,0,0,0,0
12382,0,0,0,0,0,0,0,0,0,0,0,0,0,0,0,0,0,0,0,0,0
12383,0,0,0,0,0,0,0,0,0,0,0,0,0,0,0,0,0,0,0,0,0
12384,0,0,0,0,0,0,0,0,0,0,0,0,0,0,0,0,0,0,0,0,0
12385,0,0,0,0,0,0,0,0,0,0,0,0,0,0,0,0,0,0,0,0,0
12386,0,0,0,0,0,0,0,0,0,0,0,0,0,0,0,0,0,0,0,0,0
12387,0,0,0,0,0,0,0,0,0,0,0,0,0,0,0,0,0,0,0,0,0
12388,0,0,0,0,0,0,0,0,0,0,0,0,0,0,0,0,0,0,0,0,0
12389,0,0,0,0,0,0,0,0,0,0,0,0,0,0,0,0,0,0,0,0,0
12390,22,26,29,31,27,22,21,22,26,29,31,27,22,21,22,26,29,31,27,22,21
12391,23,31,32,27,17,15,16,23,31,32,27,17,15,16,23,31,32,27,17,15,16
12392,27,32,38,35,29,24,22,27,32,38,35,29,24,22,27,32,38,35,29,24,22
12393,0,0,0,0,0,0,0,0,0,0,0,0,0,0,0,0,0,0,0,0,0
12394,0,0,0,0,0,0,0,0,0,0,0,0,0,0,0,0,0,0,0,0,0
12395,0,0,0,0,0,0,0,0,0,0,0,0,0,0,0,0,0,0,0,0,0
12396,2,2,1,1,1,1,1,2,2,1,1,1,1,1,2,2,1,1,1,1,1
12397,1,0,0,0,0,1,1,1,0,0,0,0,1,1,1,0,0,0,0,1,1
12398,0,0,0,0,0,0,0,0,0,0,0,0,0,0,0,0,0,0,0,0,0
12399,0,0,0,0,0,0,0,0,0,0,0,0,0,0,0,0,0,0,0,0,0
12400,0,0,0,0,0,0,0,0,0,0,0,0,0,0,0,0,0,0,0,0,0
12401,1,1,1,0,0,1,1,1,1,1,0,0,1,1,1,1,1,0,0,1,1
12402,0,0,0,0,0,0,0,0,0,0,0,0,0,0,0,0,0,0,0,0,0
12403,0,0,0,0,0,0,0,0,0,0,0,0,0,0,0,0,0,0,0,0,0
12404,22,32,39,42,31,24,20,22,32,39,42,31,24,20,22,32,39,42,31,24,20
12405,12,14,16,15,15,11,11,12,14,16,15,15,11,11,12,14,16,15,15,11,11
12406,10,10,7,10,10,8,7,10,10,7,10,10,8,7,10,10,7,10,10,8,7
12407,1,0,0,0,0,0,0,1,0,0,0,0,0,0,1,0,0,0,0,0,0
12408,0,0,0,0,0,0,0,0,0,0,0,0,0,0,0,0,0,0,0,0,0
12409,1,0,0,0,0,0,0,1,0,0,0,0,0,0,1,0,0,0,0,0,0
12410,0,0,0,0,0,0,0,0,0,0,0,0,0,0,0,0,0,0,0,0,0
12411,2,2,2,2,2,2,2,2,2,2,2,2,2,2,2,2,2,2,2,2,2
12412,3,4,4,4,3,3,3,3,4,4,4,3,3,3,3,4,4,4,3,3,3
12413,17,17,16,16,16,17,17,17,17,16,16,16,17,17,17,17,16,16,16,17,17
12414,17,18,16,15,13,13,14,17,18,16,15,13,13,14,17,18,16,15,13,13,14
12415,7,6,6,5,2,1,2,7,6,6,5,2,1,2,7,6,6,5,2,1,2
12416,9,9,14,54,52,48,8,9,9,14,54,52,48,8,9,9,14,54,52,48,8
12417,10,11,15,14,12,11,9,10,11,15,14,12,11,9,10,11,15,14,12,11,9
12418,1,1,1,1,1,0,0,1,1,1,1,1,0,0,1,1,1,1,1,0,0
12419,5,4,5,3,4,3,4,5,4,5,3,4,3,4,5,4,5,3,4,3,4
12420,0,0,0,0,0,0,0,0,0,0,0,0,0,0,0,0,0,0,0,0,0
12421,0,0,0,0,0,0,0,0,0,0,0,0,0,0,0,0,0,0,0,0,0
12422,3,3,3,3,4,3,3,3,3,3,3,4,3,3,3,3,3,3,4,3,3
12423,58,61,64,62,57,52,51,58,61,64,62,57,52,51,58,61,64,62,57,52,51
12424,116,127,133,122,106,96,97,116,127,133,122,106,96,97,116,127,133,122,106,96,97
12425,8,11,10,10,9,7,8,8,11,10,10,9,7,8,8,11,10,10,9,7,8
12426,27,34,34,30,25,26,25,27,34,34,30,25,26,25,27,34,34,30,25,26,25
12427,116,127,133,122,106,96,97,116,127,133,122,106,96,97,116,127,133,122,106,96,97
12428,2,3,3,3,3,2,2,2,3,3,3,3,2,2,2,3,3,3,3,2,2
12429,27,32,30,28,22,19,22,27,32,30,28,22,19,22,27,32,30,28,22,19,22
12430,39,43,44,40,35,32,31,39,43,44,40,35,32,31,39,43,44,40,35,32,31
12431,17,22,19,16,12,13,13,17,22,19,16,12,13,13,17,22,19,16,12,13,13
12432,26,31,30,27,24,23,25,26,31,30,27,24,23,25,26,31,30,27,24,23,25
12433,116,127,133,122,106,96,97,116,127,133,122,106,96,97,116,127,133,122,106,96,97
12434,35,36,36,33,30,30,36,35,36,36,33,30,30,36,35,36,36,33,30,30,36
12435,78,99,113,103,94,66,67,78,99,113,103,94,66,67,78,99,113,103,94,66,67
12436,1,1,1,1,1,0,0,1,1,1,1,1,0,0,1,1,1,1,1,0,0
12437,18,21,22,23,21,18,16,18,21,22,23,21,18,16,18,21,22,23,21,18,16
12438,1,1,1,1,1,1,1,1,1,1,1,1,1,1,1,1,1,1,1,1,1
12439,116,123,130,114,105,96,95,116,123,130,114,105,96,95,116,123,130,114,105,96,95
12440,34,37,39,34,30,25,27,34,37,39,34,30,25,27,34,37,39,34,30,25,27
12441,5,6,6,5,4,4,4,5,6,6,5,4,4,4,5,6,6,5,4,4,4
12442,116,127,133,122,106,96,97,116,127,133,122,106,96,97,116,127,133,122,106,96,97
12443,5,6,6,6,5,4,4,5,6,6,6,5,4,4,5,6,6,6,5,4,4
12444,10,9,9,8,7,6,7,10,9,9,8,7,6,7,10,9,9,8,7,6,7
12445,2,2,2,2,1,2,2,2,2,2,2,1,2,2,2,2,2,2,1,2,2
12446,7,8,9,8,6,6,6,7,8,9,8,6,6,6,7,8,9,8,6,6,6
12447,1,1,1,1,1,1,1,1,1,1,1,1,1,1,1,1,1,1,1,1,1
12448,2,2,2,1,1,1,1,2,2,2,1,1,1,1,2,2,2,1,1,1,1
12449,0,0,0,0,0,0,0,0,0,0,0,0,0,0,0,0,0,0,0,0,0
12450,0,0,0,0,0,0,0,0,0,0,0,0,0,0,0,0,0,0,0,0,0
12451,0,0,0,0,0,0,0,0,0,0,0,0,0,0,0,0,0,0,0,0,0
12452,0,0,0,0,0,0,0,0,0,0,0,0,0,0,0,0,0,0,0,0,0
12453,0,0,0,0,0,0,0,0,0,0,0,0,0,0,0,0,0,0,0,0,0
12454,0,0,0,0,0,0,0,0,0,0,0,0,0,0,0,0,0,0,0,0,0
12455,0,0,0,0,0,0,0,0,0,0,0,0,0,0,0,0,0,0,0,0,0
12456,0,0,0,0,0,0,0,0,0,0,0,0,0,0,0,0,0,0,0,0,0
12457,0,0,0,0,0,0,0,0,0,0,0,0,0,0,0,0,0,0,0,0,0
12458,0,0,0,0,0,0,0,0,0,0,0,0,0,0,0,0,0,0,0,0,0
12459,0,0,0,0,0,0,0,0,0,0,0,0,0,0,0,0,0,0,0,0,0
12460,0,0,0,0,0,0,0,0,0,0,0,0,0,0,0,0,0,0,0,0,0
12461,0,0,0,0,0,0,0,0,0,0,0,0,0,0,0,0,0,0,0,0,0
12462,3,4,4,3,2,2,2,3,4,4,3,2,2,2,3,4,4,3,2,2,2
12463,1,1,1,1,1,1,1,1,1,1,1,1,1,1,1,1,1,1,1,1,1
12464,5,6,6,5,3,3,4,5,6,6,5,3,3,4,5,6,6,5,3,3,4
12465,2,4,5,6,6,5,2,2,4,5,6,6,5,2,2,4,5,6,6,5,2
12466,23,23,17,13,14,13,19,23,23,17,13,14,13,19,23,23,17,13,14,13,19
12467,0,0,0,0,0,0,0,0,0,0,0,0,0,0,0,0,0,0,0,0,0
12468,0,0,0,0,0,0,0,0,0,0,0,0,0,0,0,0,0,0,0,0,0
12469,2,2,1,1,1,1,1,2,2,1,1,1,1,1,2,2,1,1,1,1,1
12470,4,4,8,5,3,3,2,4,4,8,5,3,3,2,4,4,8,5,3,3,2
12471,1,0,1,0,1,1,1,1,0,1,0,1,1,1,1,0,1,0,1,1,1
12472,3,4,4,3,2,2,2,3,4,4,3,2,2,2,3,4,4,3,2,2,2
12473,11,11,12,11,9,8,8,11,11,12,11,9,8,8,11,11,12,11,9,8,8
12474,12,12,14,13,11,8,9,12,12,14,13,11,8,9,12,12,14,13,11,8,9
12475,8,11,13,12,7,5,6,8,11,13,12,7,5,6,8,11,13,12,7,5,6
12476,4,5,5,4,4,3,3,4,5,5,4,4,3,3,4,5,5,4,4,3,3
12477,1,1,1,2,2,1,1,1,1,1,2,2,1,1,1,1,1,2,2,1,1
12478,4,5,6,6,5,3,4,4,5,6,6,5,3,4,4,5,6,6,5,3,4
12479,0,0,0,0,0,0,0,0,0,0,0,0,0,0,0,0,0,0,0,0,0
12480,0,0,0,0,0,0,0,0,0,0,0,0,0,0,0,0,0,0,0,0,0
12481,0,0,0,0,0,0,0,0,0,0,0,0,0,0,0,0,0,0,0,0,0
12482,0,0,1,1,0,0,0,0,0,1,1,0,0,0,0,0,1,1,0,0,0
12483,1,1,2,1,1,1,1,1,1,2,1,1,1,1,1,1,2,1,1,1,1
12484,0,0,0,0,0,0,0,0,0,0,0,0,0,0,0,0,0,0,0,0,0
12485,38,41,41,38,36,31,32,38,41,41,38,36,31,32,38,41,41,38,36,31,32
12486,5,6,6,5,5,4,4,5,6,6,5,5,4,4,5,6,6,5,5,4,4
12487,9,10,11,10,9,8,8,9,10,11,10,9,8,8,9,10,11,10,9,8,8
12488,0,0,0,0,0,0,0,0,0,0,0,0,0,0,0,0,0,0,0,0,0
12489,0,0,0,0,0,0,0,0,0,0,0,0,0,0,0,0,0,0,0,0,0
12490,0,0,0,0,0,0,0,0,0,0,0,0,0,0,0,0,0,0,0,0,0
12491,116,127,133,122,106,96,97,116,127,133,122,106,96,97,116,127,133,122,106,96,97
12492,1,1,1,1,1,0,1,1,1,1,1,1,0,1,1,1,1,1,1,0,1
12493,1,2,2,2,1,1,1,1,2,2,2,1,1,1,1,2,2,2,1,1,1
12494,10,9,9,7,6,7,7,10,9,9,7,6,7,7,10,9,9,7,6,7,7
12495,69,76,69,73,55,49,58,69,76,69,73,55,49,58,69,76,69,73,55,49,58
12496,109,127,130,122,106,91,91,109,127,130,122,106,91,91,109,127,130,122,106,91,91
12497,116,127,133,120,101,91,97,116,127,133,120,101,91,97,116,127,133,120,101,91,97
12498,1,1,0,0,0,0,0,1,1,0,0,0,0,0,1,1,0,0,0,0,0
12499,29,31,29,26,24,22,22,29,31,29,26,24,22,22,29,31,29,26,24,22,22
12500,24,29,31,30,27,21,23,24,29,31,30,27,21,23,24,29,31,30,27,21,23
12501,0,0,0,0,0,0,0,0,0,0,0,0,0,0,0,0,0,0,0,0,0
12502,0,0,0,0,0,0,0,0,0,0,0,0,0,0,0,0,0,0,0,0,0
12503,0,0,0,0,0,0,0,0,0,0,0,0,0,0,0,0,0,0,0,0,0
12504,0,0,0,0,0,0,0,0,0,0,0,0,0,0,0,0,0,0,0,0,0
12505,0,0,0,0,0,0,0,0,0,0,0,0,0,0,0,0,0,0,0,0,0
12506,0,0,0,0,0,0,0,0,0,0,0,0,0,0,0,0,0,0,0,0,0
12507,0,0,0,0,0,0,0,0,0,0,0,0,0,0,0,0,0,0,0,0,0
12508,4,4,3,3,3,4,4,4,4,3,3,3,4,4,4,4,3,3,3,4,4
12509,0,0,0,0,0,0,0,0,0,0,0,0,0,0,0,0,0,0,0,0,0
12510,0,0,0,0,0,0,0,0,0,0,0,0,0,0,0,0,0,0,0,0,0
12511,2,1,2,2,1,1,1,2,1,2,2,1,1,1,2,1,2,2,1,1,1
12512,0,0,0,0,0,0,0,0,0,0,0,0,0,0,0,0,0,0,0,0,0
12513,0,0,0,0,0,0,0,0,0,0,0,0,0,0,0,0,0,0,0,0,0
12514,0,0,0,0,0,0,0,0,0,0,0,0,0,0,0,0,0,0,0,0,0
12515,0,0,0,0,0,0,0,0,0,0,0,0,0,0,0,0,0,0,0,0,0
12516,53,62,72,81,69,55,51,53,62,72,81,69,55,51,53,62,72,81,69,55,51
12517,22,23,28,33,30,24,19,22,23,28,33,30,24,19,22,23,28,33,30,24,19
12518,116,127,133,122,106,96,97,116,127,133,122,106,96,97,116,127,133,122,106,96,97
12519,3,2,3,3,3,2,2,3,2,3,3,3,2,2,3,2,3,3,3,2,2
12520,66,77,86,87,81,64,55,66,77,86,87,81,64,55,66,77,86,87,81,64,55
12521,1,1,1,1,1,0,1,1,1,1,1,1,0,1,1,1,1,1,1,0,1
12522,0,0,0,0,0,0,0,0,0,0,0,0,0,0,0,0,0,0,0,0,0
12523,0,0,0,0,0,0,0,0,0,0,0,0,0,0,0,0,0,0,0,0,0
12524,0,0,0,0,0,0,0,0,0,0,0,0,0,0,0,0,0,0,0,0,0
12525,9,11,13,12,11,9,8,9,11,13,12,11,9,8,9,11,13,12,11,9,8
12526,5,7,8,7,7,6,6,5,7,8,7,7,6,6,5,7,8,7,7,6,6
12527,1,2,1,1,1,1,1,1,2,1,1,1,1,1,1,2,1,1,1,1,1
12528,0,1,1,0,0,0,0,0,1,1,0,0,0,0,0,1,1,0,0,0,0
12529,60,57,60,58,53,49,50,60,57,60,58,53,49,50,60,57,60,58,53,49,50
12530,1,1,1,1,1,1,1,1,1,1,1,1,1,1,1,1,1,1,1,1,1
12531,7,7,8,6,5,6,5,7,7,8,6,5,6,5,7,7,8,6,5,6,5
12532,1,0,1,0,0,0,1,1,0,1,0,0,0,1,1,0,1,0,0,0,1
12533,2,2,2,1,1,1,1,2,2,2,1,1,1,1,2,2,2,1,1,1,1
12534,2,2,1,2,1,1,2,2,2,1,2,1,1,2,2,2,1,2,1,1,2
12535,0,0,0,0,0,0,0,0,0,0,0,0,0,0,0,0,0,0,0,0,0
12536,0,0,0,0,0,0,0,0,0,0,0,0,0,0,0,0,0,0,0,0,0
12537,1,1,2,2,1,1,1,1,1,2,2,1,1,1,1,1,2,2,1,1,1
12538,18,26,24,17,8,7,9,18,26,24,17,8,7,9,18,26,24,17,8,7,9
12539,5,6,6,6,5,3,4,5,6,6,6,5,3,4,5,6,6,6,5,3,4
12540,4,5,5,6,5,5,3,4,5,5,6,5,5,3,4,5,5,6,5,5,3
12541,0,0,0,0,0,0,0,0,0,0,0,0,0,0,0,0,0,0,0,0,0
12542,0,0,0,0,0,0,0,0,0,0,0,0,0,0,0,0,0,0,0,0,0
12543,0,0,0,0,0,0,0,0,0,0,0,0,0,0,0,0,0,0,0,0,0
12544,0,0,0,0,0,0,0,0,0,0,0,0,0,0,0,0,0,0,0,0,0
12545,0,0,0,0,0,0,0,0,0,0,0,0,0,0,0,0,0,0,0,0,0
12546,0,0,0,0,0,0,0,0,0,0,0,0,0,0,0,0,0,0,0,0,0
12547,31,34,38,34,28,27,25,31,34,38,34,28,27,25,31,34,38,34,28,27,25
12548,23,24,25,25,23,21,23,23,24,25,25,23,21,23,23,24,25,25,23,21,23
12549,67,83,86,83,57,53,49,67,83,86,83,57,53,49,67,83,86,83,57,53,49
12550,33,34,31,29,28,28,27,33,34,31,29,28,28,27,33,34,31,29,28,28,27
12551,11,17,32,14,11,8,13,11,17,32,14,11,8,13,11,17,32,14,11,8,13
12552,3,16,11,16,11,11,9,3,16,11,16,11,11,9,3,16,11,16,11,11,9
12553,13,15,6,3,10,8,6,13,15,6,3,10,8,6,13,15,6,3,10,8,6
12554,27,25,30,27,25,32,35,27,25,30,27,25,32,35,27,25,30,27,25,32,35
12555,31,29,28,24,6,19,23,31,29,28,24,6,19,23,31,29,28,24,6,19,23
12556,21,24,25,41,10,12,12,21,24,25,41,10,12,12,21,24,25,41,10,12,12
12557,72,61,62,40,44,49,64,72,61,62,40,44,49,64,72,61,62,40,44,49,64
12558,66,69,63,43,56,54,54,66,69,63,43,56,54,54,66,69,63,43,56,54,54
12559,88,66,57,55,67,63,80,88,66,57,55,67,63,80,88,66,57,55,67,63,80
12560,6,5,7,9,10,8,7,6,5,7,9,10,8,7,6,5,7,9,10,8,7
12561,0,0,0,0,0,0,0,0,0,0,0,0,0,0,0,0,0,0,0,0,0
12562,0,0,0,0,0,0,0,0,0,0,0,0,0,0,0,0,0,0,0,0,0
12563,5,4,4,3,3,4,4,5,4,4,3,3,4,4,5,4,4,3,3,4,4
12564,0,0,0,0,0,0,0,0,0,0,0,0,0,0,0,0,0,0,0,0,0
12565,16,9,9,21,20,14,17,16,9,9,21,20,14,17,16,9,9,21,20,14,17
12566,0,0,0,1,1,0,0,0,0,0,1,1,0,0,0,0,0,1,1,0,0
12567,1,3,3,3,3,3,1,1,3,3,3,3,3,1,1,3,3,3,3,3,1
12568,3,3,2,3,1,0,0,3,3,2,3,1,0,0,3,3,2,3,1,0,0
12569,0,0,0,0,0,0,0,0,0,0,0,0,0,0,0,0,0,0,0,0,0
12570,0,0,0,0,0,0,0,0,0,0,0,0,0,0,0,0,0,0,0,0,0
12571,0,0,0,0,0,0,0,0,0,0,0,0,0,0,0,0,0,0,0,0,0
12572,0,0,0,0,0,0,0,0,0,0,0,0,0,0,0,0,0,0,0,0,0
12573,0,0,0,0,0,0,0,0,0,0,0,0,0,0,0,0,0,0,0,0,0
12574,4,3,9,1,2,10,11,4,3,9,1,2,10,11,4,3,9,1,2,10,11
12575,0,0,0,0,0,0,0,0,0,0,0,0,0,0,0,0,0,0,0,0,0
12576,0,0,0,0,5,1,5,0,0,0,0,5,1,5,0,0,0,0,5,1,5
12577,0,0,0,0,0,0,0,0,0,0,0,0,0,0,0,0,0,0,0,0,0
12578,0,0,0,0,0,0,0,0,0,0,0,0,0,0,0,0,0,0,0,0,0
12579,0,0,0,0,0,0,0,0,0,0,0,0,0,0,0,0,0,0,0,0,0
12580,2,3,5,4,2,1,3,2,3,5,4,2,1,3,2,3,5,4,2,1,3
12581,0,0,0,0,0,0,0,0,0,0,0,0,0,0,0,0,0,0,0,0,0
12582,0,0,0,0,0,0,1,0,0,0,0,0,0,1,0,0,0,0,0,0,1
12583,0,0,0,0,0,0,0,0,0,0,0,0,0,0,0,0,0,0,0,0,0
12584,0,0,0,0,0,0,0,0,0,0,0,0,0,0,0,0,0,0,0,0,0
12585,2,2,2,2,1,1,1,2,2,2,2,1,1,1,2,2,2,2,1,1,1
12586,30,28,26,26,25,24,28,30,28,26,26,25,24,28,30,28,26,26,25,24,28
12587,7,7,7,5,4,4,5,7,7,7,5,4,4,5,7,7,7,5,4,4,5
12588,5,5,5,4,4,3,4,5,5,5,4,4,3,4,5,5,5,4,4,3,4
12589,1,2,2,2,1,1,1,1,2,2,2,1,1,1,1,2,2,2,1,1,1
12590,2,2,2,2,2,1,1,2,2,2,2,2,1,1,2,2,2,2,2,1,1
12591,0,0,1,0,0,0,0,0,0,1,0,0,0,0,0,0,1,0,0,0,0
12592,34,34,31,29,27,28,30,34,34,31,29,27,28,30,34,34,31,29,27,28,30
12593,29,30,26,22,21,19,24,29,30,26,22,21,19,24,29,30,26,22,21,19,24
12594,11,12,12,12,11,10,10,11,12,12,12,11,10,10,11,12,12,12,11,10,10
12595,3,3,3,3,3,3,2,3,3,3,3,3,3,2,3,3,3,3,3,3,2
12596,7,6,4,4,3,3,6,7,6,4,4,3,3,6,7,6,4,4,3,3,6
12597,1,1,1,1,1,1,1,1,1,1,1,1,1,1,1,1,1,1,1,1,1
12598,1,1,1,2,2,1,1,1,1,1,2,2,1,1,1,1,1,2,2,1,1
12599,3,3,3,3,2,2,2,3,3,3,3,2,2,2,3,3,3,3,2,2,2
12600,4,5,5,4,3,3,3,4,5,5,4,3,3,3,4,5,5,4,3,3,3
12601,0,0,0,0,0,0,0,0,0,0,0,0,0,0,0,0,0,0,0,0,0
12602,0,0,0,0,0,0,0,0,0,0,0,0,0,0,0,0,0,0,0,0,0
12603,0,0,0,0,0,0,0,0,0,0,0,0,0,0,0,0,0,0,0,0,0
12604,1,1,1,1,1,1,2,1,1,1,1,1,1,2,1,1,1,1,1,1,2
12605,0,0,0,0,0,0,0,0,0,0,0,0,0,0,0,0,0,0,0,0,0
12606,0,0,0,0,0,0,0,0,0,0,0,0,0,0,0,0,0,0,0,0,0
12607,0,0,0,0,0,0,0,0,0,0,0,0,0,0,0,0,0,0,0,0,0
12608,0,0,0,0,0,0,0,0,0,0,0,0,0,0,0,0,0,0,0,0,0
12609,0,0,0,0,0,0,0,0,0,0,0,0,0,0,0,0,0,0,0,0,0
12610,1,1,1,1,0,1,1,1,1,1,1,0,1,1,1,1,1,1,0,1,1
12611,0,0,0,0,0,0,0,0,0,0,0,0,0,0,0,0,0,0,0,0,0
12612,2,2,2,2,2,2,2,2,2,2,2,2,2,2,2,2,2,2,2,2,2
12613,0,0,0,0,0,0,0,0,0,0,0,0,0,0,0,0,0,0,0,0,0
12614,0,0,0,0,0,0,0,0,0,0,0,0,0,0,0,0,0,0,0,0,0
12615,0,0,0,0,0,0,0,0,0,0,0,0,0,0,0,0,0,0,0,0,0
12616,0,0,0,0,0,0,0,0,0,0,0,0,0,0,0,0,0,0,0,0,0
12617,0,0,0,0,0,0,0,0,0,0,0,0,0,0,0,0,0,0,0,0,0
12618,0,0,0,0,0,0,0,0,0,0,0,0,0,0,0,0,0,0,0,0,0
12619,2,2,3,3,3,2,2,2,2,3,3,3,2,2,2,2,3,3,3,2,2
12620,3,4,5,6,5,4,2,3,4,5,6,5,4,2,3,4,5,6,5,4,2
12621,0,0,1,1,0,0,0,0,0,1,1,0,0,0,0,0,1,1,0,0,0
12622,35,41,44,43,38,33,32,35,41,44,43,38,33,32,35,41,44,43,38,33,32
12623,4,5,6,7,6,4,3,4,5,6,7,6,4,3,4,5,6,7,6,4,3
12624,6,6,6,6,6,5,5,6,6,6,6,6,5,5,6,6,6,6,6,5,5
12625,7,7,8,8,7,7,6,7,7,8,8,7,7,6,7,7,8,8,7,7,6
12626,44,51,66,60,49,45,36,44,51,66,60,49,45,36,44,51,66,60,49,45,36
12627,13,15,16,14,11,10,10,13,15,16,14,11,10,10,13,15,16,14,11,10,10
12628,7,9,12,11,9,7,7,7,9,12,11,9,7,7,7,9,12,11,9,7,7
12629,10,11,11,12,11,10,9,10,11,11,12,11,10,9,10,11,11,12,11,10,9
12630,4,6,7,5,4,4,3,4,6,7,5,4,4,3,4,6,7,5,4,4,3
12631,5,6,6,5,5,4,4,5,6,6,5,5,4,4,5,6,6,5,5,4,4
12632,1,1,1,1,1,1,1,1,1,1,1,1,1,1,1,1,1,1,1,1,1
12633,39,48,37,31,39,29,24,39,48,37,31,39,29,24,39,48,37,31,39,29,24
12634,0,0,0,0,0,0,0,0,0,0,0,0,0,0,0,0,0,0,0,0,0
12635,0,0,0,0,0,0,0,0,0,0,0,0,0,0,0,0,0,0,0,0,0
12636,2,2,2,2,2,1,1,2,2,2,2,2,1,1,2,2,2,2,2,1,1
12637,7,8,8,8,7,6,6,7,8,8,8,7,6,6,7,8,8,8,7,6,6
12638,3,3,4,3,3,2,2,3,3,4,3,3,2,2,3,3,4,3,3,2,2
12639,7,8,7,7,6,5,6,7,8,7,7,6,5,6,7,8,7,7,6,5,6
12640,11,14,15,13,11,8,7,11,14,15,13,11,8,7,11,14,15,13,11,8,7
12641,1,2,2,1,1,1,1,1,2,2,1,1,1,1,1,2,2,1,1,1,1
12642,5,5,5,5,5,4,4,5,5,5,5,5,4,4,5,5,5,5,5,4,4
12643,1,1,1,1,1,1,1,1,1,1,1,1,1,1,1,1,1,1,1,1,1
12644,1,1,1,1,1,1,1,1,1,1,1,1,1,1,1,1,1,1,1,1,1
12645,4,4,5,4,4,3,3,4,4,5,4,4,3,3,4,4,5,4,4,3,3
12646,10,10,10,9,8,8,8,10,10,10,9,8,8,8,10,10,10,9,8,8,8
12647,17,18,20,19,19,14,14,17,18,20,19,19,14,14,17,18,20,19,19,14,14
12648,0,0,0,0,0,0,0,0,0,0,0,0,0,0,0,0,0,0,0,0,0
12649,0,0,0,1,1,0,0,0,0,0,1,1,0,0,0,0,0,1,1,0,0
12650,116,127,133,122,106,96,97,116,127,133,122,106,96,97,116,127,133,122,106,96,97
12651,25,32,30,30,10,10,21,25,32,30,30,10,10,21,25,32,30,30,10,10,21
12652,116,127,133,122,106,96,97,116,127,133,122,106,96,97,116,127,133,122,106,96,97
12653,95,121,124,114,105,89,69,95,121,124,114,105,89,69,95,121,124,114,105,89,69
12654,116,127,133,122,106,96,97,116,127,133,122,106,96,97,116,127,133,122,106,96,97
12655,25,28,41,81,77,88,58,25,28,41,81,77,88,58,25,28,41,81,77,88,58
12656,16,9,15,23,23,20,18,16,9,15,23,23,20,18,16,9,15,23,23,20,18
12657,53,51,41,32,33,31,46,53,51,41,32,33,31,46,53,51,41,32,33,31,46
12658,46,0,0,0,0,0,2,46,0,0,0,0,0,2,46,0,0,0,0,0,2
12659,40,13,13,21,12,11,22,40,13,13,21,12,11,22,40,13,13,21,12,11,22
12660,0,0,0,0,0,0,0,0,0,0,0,0,0,0,0,0,0,0,0,0,0
12661,0,0,0,0,0,0,0,0,0,0,0,0,0,0,0,0,0,0,0,0,0
12662,0,0,0,0,0,0,0,0,0,0,0,0,0,0,0,0,0,0,0,0,0
12663,0,0,0,0,0,0,0,0,0,0,0,0,0,0,0,0,0,0,0,0,0
12664,19,24,31,30,14,14,15,19,24,31,30,14,14,15,19,24,31,30,14,14,15
12665,1,1,1,1,1,1,1,1,1,1,1,1,1,1,1,1,1,1,1,1,1
12666,0,0,0,0,0,0,0,0,0,0,0,0,0,0,0,0,0,0,0,0,0
12667,1,2,5,6,5,2,2,1,2,5,6,5,2,2,1,2,5,6,5,2,2
12668,27,29,29,26,22,20,22,27,29,29,26,22,20,22,27,29,29,26,22,20,22
12669,0,0,0,0,0,0,0,0,0,0,0,0,0,0,0,0,0,0,0,0,0
12670,3,3,4,3,2,2,3,3,3,4,3,2,2,3,3,3,4,3,2,2,3
12671,0,0,0,0,0,0,0,0,0,0,0,0,0,0,0,0,0,0,0,0,0
12672,7,7,7,6,5,5,6,7,7,7,6,5,5,6,7,7,7,6,5,5,6
12673,0,0,0,0,0,0,0,0,0,0,0,0,0,0,0,0,0,0,0,0,0
12674,0,0,0,0,0,0,0,0,0,0,0,0,0,0,0,0,0,0,0,0,0
12675,0,0,0,0,0,0,0,0,0,0,0,0,0,0,0,0,0,0,0,0,0
12676,0,0,0,0,0,0,0,0,0,0,0,0,0,0,0,0,0,0,0,0,0
12677,0,0,0,0,0,0,0,0,0,0,0,0,0,0,0,0,0,0,0,0,0
12678,0,0,0,0,0,0,0,0,0,0,0,0,0,0,0,0,0,0,0,0,0
12679,0,0,0,0,0,0,0,0,0,0,0,0,0,0,0,0,0,0,0,0,0
12680,1,1,1,1,1,1,1,1,1,1,1,1,1,1,1,1,1,1,1,1,1
12681,0,1,0,0,0,0,0,0,1,0,0,0,0,0,0,1,0,0,0,0,0
12682,1,1,1,1,1,1,1,1,1,1,1,1,1,1,1,1,1,1,1,1,1
12683,4,5,6,6,6,4,4,4,5,6,6,6,4,4,4,5,6,6,6,4,4
12684,21,21,24,25,23,19,18,21,21,24,25,23,19,18,21,21,24,25,23,19,18
12685,1,1,2,1,1,2,1,1,1,2,1,1,2,1,1,1,2,1,1,2,1
12686,0,0,0,0,0,0,0,0,0,0,0,0,0,0,0,0,0,0,0,0,0
12687,2,2,2,2,2,1,2,2,2,2,2,2,1,2,2,2,2,2,2,1,2
12688,31,35,36,31,27,22,23,31,35,36,31,27,22,23,31,35,36,31,27,22,23
12689,3,3,3,3,3,3,3,3,3,3,3,3,3,3,3,3,3,3,3,3,3
12690,16,17,17,16,13,11,12,16,17,17,16,13,11,12,16,17,17,16,13,11,12
12691,3,4,4,3,2,2,2,3,4,4,3,2,2,2,3,4,4,3,2,2,2
12692,7,10,11,10,7,4,4,7,10,11,10,7,4,4,7,10,11,10,7,4,4
12693,2,2,2,2,2,2,2,2,2,2,2,2,2,2,2,2,2,2,2,2,2
12694,0,0,0,0,0,0,0,0,0,0,0,0,0,0,0,0,0,0,0,0,0
12695,25,28,29,25,18,15,18,25,28,29,25,18,15,18,25,28,29,25,18,15,18
12696,1,1,0,1,1,1,1,1,1,0,1,1,1,1,1,1,0,1,1,1,1
12697,0,0,0,0,0,0,0,0,0,0,0,0,0,0,0,0,0,0,0,0,0
12698,0,0,0,0,0,0,0,0,0,0,0,0,0,0,0,0,0,0,0,0,0
12699,0,0,0,0,0,0,0,0,0,0,0,0,0,0,0,0,0,0,0,0,0
12700,0,0,0,0,0,0,0,0,0,0,0,0,0,0,0,0,0,0,0,0,0
12701,0,0,0,0,0,0,0,0,0,0,0,0,0,0,0,0,0,0,0,0,0
12702,2,3,2,2,2,1,1,2,3,2,2,2,1,1,2,3,2,2,2,1,1
12703,3,4,4,3,2,2,2,3,4,4,3,2,2,2,3,4,4,3,2,2,2
12704,0,0,0,0,0,0,0,0,0,0,0,0,0,0,0,0,0,0,0,0,0
12705,0,0,0,0,0,0,0,0,0,0,0,0,0,0,0,0,0,0,0,0,0
12706,0,0,0,0,0,0,0,0,0,0,0,0,0,0,0,0,0,0,0,0,0
12707,6,7,8,4,4,4,5,6,7,8,4,4,4,5,6,7,8,4,4,4,5
12708,0,0,0,0,0,0,0,0,0,0,0,0,0,0,0,0,0,0,0,0,0
12709,0,0,0,0,0,0,0,0,0,0,0,0,0,0,0,0,0,0,0,0,0
12710,4,4,4,4,4,3,4,4,4,4,4,4,3,4,4,4,4,4,4,3,4
12711,0,0,0,0,0,0,0,0,0,0,0,0,0,0,0,0,0,0,0,0,0
12712,2,3,3,3,3,2,2,2,3,3,3,3,2,2,2,3,3,3,3,2,2
12713,1,1,1,2,2,2,1,1,1,1,2,2,2,1,1,1,1,2,2,2,1
12714,1,1,0,0,0,0,0,1,1,0,0,0,0,0,1,1,0,0,0,0,0
12715,0,0,0,0,0,0,0,0,0,0,0,0,0,0,0,0,0,0,0,0,0
12716,0,0,0,0,0,0,0,0,0,0,0,0,0,0,0,0,0,0,0,0,0
12717,0,0,0,0,0,0,0,0,0,0,0,0,0,0,0,0,0,0,0,0,0
12718,5,6,6,4,2,3,3,5,6,6,4,2,3,3,5,6,6,4,2,3,3
12719,1,0,0,0,0,0,0,1,0,0,0,0,0,0,1,0,0,0,0,0,0
12720,9,10,9,9,9,9,7,9,10,9,9,9,9,7,9,10,9,9,9,9,7
12721,7,11,10,9,8,7,7,7,11,10,9,8,7,7,7,11,10,9,8,7,7
12722,5,6,5,5,4,3,4,5,6,5,5,4,3,4,5,6,5,5,4,3,4
12723,0,0,0,0,0,0,0,0,0,0,0,0,0,0,0,0,0,0,0,0,0
12724,0,0,0,0,0,0,0,0,0,0,0,0,0,0,0,0,0,0,0,0,0
12725,11,12,12,8,7,7,8,11,12,12,8,7,7,8,11,12,12,8,7,7,8
12726,3,3,3,4,4,3,2,3,3,3,4,4,3,2,3,3,3,4,4,3,2
12727,65,62,56,48,44,51,56,65,62,56,48,44,51,56,65,62,56,48,44,51,56
12728,16,16,15,13,10,10,10,16,16,15,13,10,10,10,16,16,15,13,10,10,10
12729,8,8,8,6,6,7,8,8,8,8,6,6,7,8,8,8,8,6,6,7,8
12730,2,2,2,2,2,2,2,2,2,2,2,2,2,2,2,2,2,2,2,2,2
12731,6,8,7,6,4,4,5,6,8,7,6,4,4,5,6,8,7,6,4,4,5
12732,1,1,1,1,1,1,1,1,1,1,1,1,1,1,1,1,1,1,1,1,1
12733,3,2,2,3,4,3,2,3,2,2,3,4,3,2,3,2,2,3,4,3,2
12734,3,3,2,4,4,3,3,3,3,2,4,4,3,3,3,3,2,4,4,3,3
12735,4,5,5,5,4,3,4,4,5,5,5,4,3,4,4,5,5,5,4,3,4
12736,1,1,1,0,1,1,1,1,1,1,0,1,1,1,1,1,1,0,1,1,1
12737,0,0,0,0,0,0,0,0,0,0,0,0,0,0,0,0,0,0,0,0,0
12738,0,1,0,0,0,0,0,0,1,0,0,0,0,0,0,1,0,0,0,0,0
12739,2,3,3,3,3,2,2,2,3,3,3,3,2,2,2,3,3,3,3,2,2
12740,0,0,0,0,0,0,0,0,0,0,0,0,0,0,0,0,0,0,0,0,0
12741,3,3,2,2,2,2,2,3,3,2,2,2,2,2,3,3,2,2,2,2,2
12742,104,92,95,72,71,67,64,104,92,95,72,71,67,64,104,92,95,72,71,67,64
12743,2,2,2,1,2,1,1,2,2,2,1,2,1,1,2,2,2,1,2,1,1
12744,4,4,4,4,3,3,3,4,4,4,4,3,3,3,4,4,4,4,3,3,3
12745,3,3,3,3,2,2,2,3,3,3,3,2,2,2,3,3,3,3,2,2,2
12746,0,0,1,1,1,1,0,0,0,1,1,1,1,0,0,0,1,1,1,1,0
12747,1,1,1,1,1,1,1,1,1,1,1,1,1,1,1,1,1,1,1,1,1
12748,0,0,0,0,0,0,0,0,0,0,0,0,0,0,0,0,0,0,0,0,0
12749,1,0,0,1,1,1,0,1,0,0,1,1,1,0,1,0,0,1,1,1,0
12750,1,1,1,1,1,0,1,1,1,1,1,1,0,1,1,1,1,1,1,0,1
12751,1,1,1,1,1,1,1,1,1,1,1,1,1,1,1,1,1,1,1,1,1
12752,0,0,0,0,0,0,0,0,0,0,0,0,0,0,0,0,0,0,0,0,0
12753,0,0,0,0,0,0,0,0,0,0,0,0,0,0,0,0,0,0,0,0,0
12754,0,0,0,0,0,0,0,0,0,0,0,0,0,0,0,0,0,0,0,0,0
12755,16,20,22,21,17,14,14,16,20,22,21,17,14,14,16,20,22,21,17,14,14
12756,95,107,110,108,96,77,78,95,107,110,108,96,77,78,95,107,110,108,96,77,78
12757,3,3,4,3,3,2,2,3,3,4,3,3,2,2,3,3,4,3,3,2,2
12758,1,1,1,1,1,1,1,1,1,1,1,1,1,1,1,1,1,1,1,1,1
12759,70,79,82,72,74,64,69,70,79,82,72,74,64,69,70,79,82,72,74,64,69
12760,9,10,10,10,9,7,8,9,10,10,10,9,7,8,9,10,10,10,9,7,8
12761,1,1,1,1,1,1,1,1,1,1,1,1,1,1,1,1,1,1,1,1,1
12762,0,0,0,0,0,0,0,0,0,0,0,0,0,0,0,0,0,0,0,0,0
12763,2,1,1,1,1,1,1,2,1,1,1,1,1,1,2,1,1,1,1,1,1
12764,3,2,3,3,2,3,3,3,2,3,3,2,3,3,3,2,3,3,2,3,3
12765,1,1,1,1,1,1,1,1,1,1,1,1,1,1,1,1,1,1,1,1,1
12766,8,8,9,8,8,8,7,8,8,9,8,8,8,7,8,8,9,8,8,8,7
12767,3,4,3,3,3,3,3,3,4,3,3,3,3,3,3,4,3,3,3,3,3
12768,116,127,133,122,106,96,97,116,127,133,122,106,96,97,116,127,133,122,106,96,97
12769,6,5,5,5,5,4,6,6,5,5,5,5,4,6,6,5,5,5,5,4,6
12770,2,3,2,2,2,2,1,2,3,2,2,2,2,1,2,3,2,2,2,2,1
12771,9,9,9,7,7,7,7,9,9,9,7,7,7,7,9,9,9,7,7,7,7
12772,8,9,9,8,6,6,5,8,9,9,8,6,6,5,8,9,9,8,6,6,5
12773,0,0,0,0,0,0,0,0,0,0,0,0,0,0,0,0,0,0,0,0,0
12774,0,0,0,0,0,0,0,0,0,0,0,0,0,0,0,0,0,0,0,0,0
12775,0,0,0,0,0,0,0,0,0,0,0,0,0,0,0,0,0,0,0,0,0
12776,0,0,0,0,0,0,0,0,0,0,0,0,0,0,0,0,0,0,0,0,0
12777,3,3,4,4,3,2,2,3,3,4,4,3,2,2,3,3,4,4,3,2,2
12778,0,0,0,0,0,0,0,0,0,0,0,0,0,0,0,0,0,0,0,0,0
12779,0,0,0,0,0,0,0,0,0,0,0,0,0,0,0,0,0,0,0,0,0
12780,0,0,0,0,0,0,0,0,0,0,0,0,0,0,0,0,0,0,0,0,0
12781,0,0,0,0,0,0,0,0,0,0,0,0,0,0,0,0,0,0,0,0,0
12782,2,2,2,1,1,1,2,2,2,2,1,1,1,2,2,2,2,1,1,1,2
12783,7,6,6,6,6,5,5,7,6,6,6,6,5,5,7,6,6,6,6,5,5
12784,3,3,4,4,4,4,3,3,3,4,4,4,4,3,3,3,4,4,4,4,3
12785,74,76,76,62,52,59,76,74,76,76,62,52,59,76,74,76,76,62,52,59,76
12786,21,23,22,18,16,16,15,21,23,22,18,16,16,15,21,23,22,18,16,16,15
12787,7,7,7,7,7,6,7,7,7,7,7,7,6,7,7,7,7,7,7,6,7
12788,116,127,133,122,106,96,97,116,127,133,122,106,96,97,116,127,133,122,106,96,97
12789,15,14,12,14,12,13,12,15,14,12,14,12,13,12,15,14,12,14,12,13,12
12790,0,0,0,0,0,0,0,0,0,0,0,0,0,0,0,0,0,0,0,0,0
12791,2,3,3,3,2,1,2,2,3,3,3,2,1,2,2,3,3,3,2,1,2
12792,116,127,124,114,105,96,97,116,127,124,114,105,96,97,116,127,124,114,105,96,97
12793,1,1,1,0,1,1,1,1,1,1,0,1,1,1,1,1,1,0,1,1,1
12794,3,3,0,1,0,1,3,3,3,0,1,0,1,3,3,3,0,1,0,1,3
12795,0,0,0,0,0,0,0,0,0,0,0,0,0,0,0,0,0,0,0,0,0
12796,0,0,0,0,0,0,0,0,0,0,0,0,0,0,0,0,0,0,0,0,0
12797,0,0,0,1,1,1,0,0,0,0,1,1,1,0,0,0,0,1,1,1,0
12798,0,0,0,0,0,0,0,0,0,0,0,0,0,0,0,0,0,0,0,0,0
12799,0,0,0,0,0,0,0,0,0,0,0,0,0,0,0,0,0,0,0,0,0
12800,0,0,0,0,0,0,0,0,0,0,0,0,0,0,0,0,0,0,0,0,0
12801,0,0,0,0,0,0,0,0,0,0,0,0,0,0,0,0,0,0,0,0,0
12802,0,0,0,0,0,0,0,0,0,0,0,0,0,0,0,0,0,0,0,0,0
12803,0,0,0,0,0,0,0,0,0,0,0,0,0,0,0,0,0,0,0,0,0
12804,0,0,0,0,0,0,0,0,0,0,0,0,0,0,0,0,0,0,0,0,0
12805,5,6,7,6,5,4,3,5,6,7,6,5,4,3,5,6,7,6,5,4,3
12806,0,0,0,0,0,0,0,0,0,0,0,0,0,0,0,0,0,0,0,0,0
12807,3,2,2,1,1,1,2,3,2,2,1,1,1,2,3,2,2,1,1,1,2
12808,1,0,0,0,0,0,0,1,0,0,0,0,0,0,1,0,0,0,0,0,0
12809,0,0,0,0,0,0,0,0,0,0,0,0,0,0,0,0,0,0,0,0,0
12810,0,0,0,0,0,0,0,0,0,0,0,0,0,0,0,0,0,0,0,0,0
12811,0,0,0,0,0,0,0,0,0,0,0,0,0,0,0,0,0,0,0,0,0
12812,0,0,0,0,0,0,0,0,0,0,0,0,0,0,0,0,0,0,0,0,0
12813,0,0,0,0,0,0,1,0,0,0,0,0,0,1,0,0,0,0,0,0,1
12814,0,0,0,0,0,0,0,0,0,0,0,0,0,0,0,0,0,0,0,0,0
12815,9,8,8,9,8,8,7,9,8,8,9,8,8,7,9,8,8,9,8,8,7
12816,7,6,6,6,4,5,6,7,6,6,6,4,5,6,7,6,6,6,4,5,6
12817,0,0,0,0,0,0,0,0,0,0,0,0,0,0,0,0,0,0,0,0,0
12818,0,0,0,0,0,0,0,0,0,0,0,0,0,0,0,0,0,0,0,0,0
12819,0,0,0,0,0,0,0,0,0,0,0,0,0,0,0,0,0,0,0,0,0
12820,4,4,3,2,2,2,3,4,4,3,2,2,2,3,4,4,3,2,2,2,3
12821,0,0,0,0,0,0,0,0,0,0,0,0,0,0,0,0,0,0,0,0,0
12822,0,0,0,0,0,0,0,0,0,0,0,0,0,0,0,0,0,0,0,0,0
12823,7,7,7,7,8,7,8,7,7,7,7,8,7,8,7,7,7,7,8,7,8
12824,2,2,2,2,1,2,2,2,2,2,2,1,2,2,2,2,2,2,1,2,2
12825,0,0,0,0,0,0,0,0,0,0,0,0,0,0,0,0,0,0,0,0,0
12826,1,1,1,1,1,1,1,1,1,1,1,1,1,1,1,1,1,1,1,1,1
12827,1,0,0,0,0,0,1,1,0,0,0,0,0,1,1,0,0,0,0,0,1
12828,0,0,0,0,0,0,0,0,0,0,0,0,0,0,0,0,0,0,0,0,0
12829,8,9,8,7,6,5,5,8,9,8,7,6,5,5,8,9,8,7,6,5,5
12830,2,2,2,2,2,2,2,2,2,2,2,2,2,2,2,2,2,2,2,2,2
12831,0,0,0,0,0,0,0,0,0,0,0,0,0,0,0,0,0,0,0,0,0
12832,0,0,0,0,0,0,0,0,0,0,0,0,0,0,0,0,0,0,0,0,0
12833,0,0,0,0,0,0,0,0,0,0,0,0,0,0,0,0,0,0,0,0,0
12834,7,8,9,7,5,4,3,7,8,9,7,5,4,3,7,8,9,7,5,4,3
12835,11,12,12,11,10,10,10,11,12,12,11,10,10,10,11,12,12,11,10,10,10
12836,3,3,2,2,4,3,2,3,3,2,2,4,3,2,3,3,2,2,4,3,2
12837,5,5,6,5,5,6,6,5,5,6,5,5,6,6,5,5,6,5,5,6,6
12838,1,1,2,2,2,1,1,1,1,2,2,2,1,1,1,1,2,2,2,1,1
12839,39,33,30,28,29,32,37,39,33,30,28,29,32,37,39,33,30,28,29,32,37
12840,0,0,0,0,0,0,0,0,0,0,0,0,0,0,0,0,0,0,0,0,0
12841,1,2,2,2,1,1,1,1,2,2,2,1,1,1,1,2,2,2,1,1,1
12842,1,1,1,1,1,1,1,1,1,1,1,1,1,1,1,1,1,1,1,1,1
12843,11,14,14,14,14,15,13,11,14,14,14,14,15,13,11,14,14,14,14,15,13
12844,63,69,73,77,63,51,52,63,69,73,77,63,51,52,63,69,73,77,63,51,52
12845,3,3,4,3,3,2,2,3,3,4,3,3,2,2,3,3,4,3,3,2,2
12846,0,0,0,0,0,0,0,0,0,0,0,0,0,0,0,0,0,0,0,0,0
12847,0,0,0,0,0,0,0,0,0,0,0,0,0,0,0,0,0,0,0,0,0
12848,0,0,0,0,0,0,0,0,0,0,0,0,0,0,0,0,0,0,0,0,0
12849,2,1,1,1,2,2,2,2,1,1,1,2,2,2,2,1,1,1,2,2,2
12850,0,0,0,0,0,0,0,0,0,0,0,0,0,0,0,0,0,0,0,0,0
12851,6,7,7,6,5,4,4,6,7,7,6,5,4,4,6,7,7,6,5,4,4
12852,0,0,0,0,0,0,0,0,0,0,0,0,0,0,0,0,0,0,0,0,0
12853,1,1,1,1,1,1,1,1,1,1,1,1,1,1,1,1,1,1,1,1,1
12854,0,0,0,0,0,0,0,0,0,0,0,0,0,0,0,0,0,0,0,0,0
12855,1,0,0,0,0,0,1,1,0,0,0,0,0,1,1,0,0,0,0,0,1
12856,0,1,1,1,0,0,1,0,1,1,1,0,0,1,0,1,1,1,0,0,1
12857,0,0,1,1,0,0,0,0,0,1,1,0,0,0,0,0,1,1,0,0,0
12858,8,9,10,10,9,8,7,8,9,10,10,9,8,7,8,9,10,10,9,8,7
12859,3,3,3,3,2,2,2,3,3,3,3,2,2,2,3,3,3,3,2,2,2
12860,6,7,7,7,8,7,8,6,7,7,7,8,7,8,6,7,7,7,8,7,8
12861,2,2,3,3,3,2,2,2,2,3,3,3,2,2,2,2,3,3,3,2,2
12862,1,1,1,1,1,1,1,1,1,1,1,1,1,1,1,1,1,1,1,1,1
12863,0,0,0,0,0,0,0,0,0,0,0,0,0,0,0,0,0,0,0,0,0
12864,0,0,0,0,0,0,0,0,0,0,0,0,0,0,0,0,0,0,0,0,0
12865,2,2,3,3,2,1,1,2,2,3,3,2,1,1,2,2,3,3,2,1,1
12866,1,1,1,1,1,1,0,1,1,1,1,1,1,0,1,1,1,1,1,1,0
12867,3,3,3,2,2,2,2,3,3,3,2,2,2,2,3,3,3,2,2,2,2
12868,2,1,1,2,3,2,2,2,1,1,2,3,2,2,2,1,1,2,3,2,2
12869,5,5,5,5,4,4,4,5,5,5,5,4,4,4,5,5,5,5,4,4,4
12870,79,89,83,88,81,75,78,79,89,83,88,81,75,78,79,89,83,88,81,75,78
12871,1,1,1,1,1,1,1,1,1,1,1,1,1,1,1,1,1,1,1,1,1
12872,0,0,0,0,0,0,0,0,0,0,0,0,0,0,0,0,0,0,0,0,0
12873,3,3,3,3,3,2,2,3,3,3,3,3,2,2,3,3,3,3,3,2,2
12874,10,10,9,8,7,7,8,10,10,9,8,7,7,8,10,10,9,8,7,7,8
12875,0,0,0,0,0,0,0,0,0,0,0,0,0,0,0,0,0,0,0,0,0
12876,10,11,10,9,9,8,8,10,11,10,9,9,8,8,10,11,10,9,9,8,8
12877,2,2,2,2,2,2,1,2,2,2,2,2,2,1,2,2,2,2,2,2,1
12878,1,1,0,0,1,2,2,1,1,0,0,1,2,2,1,1,0,0,1,2,2
12879,2,3,3,2,2,2,2,2,3,3,2,2,2,2,2,3,3,2,2,2,2
12880,0,0,0,0,0,0,0,0,0,0,0,0,0,0,0,0,0,0,0,0,0
12881,0,0,0,0,0,0,0,0,0,0,0,0,0,0,0,0,0,0,0,0,0
12882,0,0,0,0,0,0,0,0,0,0,0,0,0,0,0,0,0,0,0,0,0
12883,0,0,0,0,0,0,0,0,0,0,0,0,0,0,0,0,0,0,0,0,0
12884,115,127,133,122,106,96,97,115,127,133,122,106,96,97,115,127,133,122,106,96,97
12885,11,12,11,8,6,6,7,11,12,11,8,6,6,7,11,12,11,8,6,6,7
12886,116,127,133,122,106,96,97,116,127,133,122,106,96,97,116,127,133,122,106,96,97
12887,0,0,0,0,0,0,0,0,0,0,0,0,0,0,0,0,0,0,0,0,0
12888,19,30,29,38,36,29,20,19,30,29,38,36,29,20,19,30,29,38,36,29,20
12889,24,27,29,28,26,23,22,24,27,29,28,26,23,22,24,27,29,28,26,23,22
12890,72,76,78,79,71,65,63,72,76,78,79,71,65,63,72,76,78,79,71,65,63
12891,1,2,1,1,1,1,1,1,2,1,1,1,1,1,1,2,1,1,1,1,1
12892,7,8,7,7,6,5,6,7,8,7,7,6,5,6,7,8,7,7,6,5,6
12893,6,6,6,5,5,4,5,6,6,6,5,5,4,5,6,6,6,5,5,4,5
12894,4,4,4,4,3,2,3,4,4,4,4,3,2,3,4,4,4,4,3,2,3
12895,2,2,2,2,2,2,2,2,2,2,2,2,2,2,2,2,2,2,2,2,2
12896,0,0,0,0,0,0,0,0,0,0,0,0,0,0,0,0,0,0,0,0,0
12897,23,27,28,25,23,20,20,23,27,28,25,23,20,20,23,27,28,25,23,20,20
12898,0,0,0,0,0,0,0,0,0,0,0,0,0,0,0,0,0,0,0,0,0
12899,38,41,40,36,33,32,34,38,41,40,36,33,32,34,38,41,40,36,33,32,34
12900,12,10,12,9,8,10,10,12,10,12,9,8,10,10,12,10,12,9,8,10,10
12901,0,0,0,0,0,0,0,0,0,0,0,0,0,0,0,0,0,0,0,0,0
12902,0,0,0,0,0,0,0,0,0,0,0,0,0,0,0,0,0,0,0,0,0
12903,5,6,6,5,4,4,4,5,6,6,5,4,4,4,5,6,6,5,4,4,4
12904,0,0,0,0,0,0,0,0,0,0,0,0,0,0,0,0,0,0,0,0,0
12905,3,3,4,5,5,4,3,3,3,4,5,5,4,3,3,3,4,5,5,4,3
12906,14,14,14,12,11,10,11,14,14,14,12,11,10,11,14,14,14,12,11,10,11
12907,44,48,45,42,41,46,48,44,48,45,42,41,46,48,44,48,45,42,41,46,48
12908,46,53,50,44,38,39,37,46,53,50,44,38,39,37,46,53,50,44,38,39,37
12909,1,1,1,1,2,1,0,1,1,1,1,2,1,0,1,1,1,1,2,1,0
12910,0,0,1,0,1,0,0,0,0,1,0,1,0,0,0,0,1,0,1,0,0
12911,3,2,2,1,2,2,2,3,2,2,1,2,2,2,3,2,2,1,2,2,2
12912,1,1,1,1,1,1,1,1,1,1,1,1,1,1,1,1,1,1,1,1,1
12913,0,0,0,0,0,0,0,0,0,0,0,0,0,0,0,0,0,0,0,0,0
12914,0,0,0,0,0,0,0,0,0,0,0,0,0,0,0,0,0,0,0,0,0
12915,0,0,0,0,0,0,0,0,0,0,0,0,0,0,0,0,0,0,0,0,0
12916,0,0,0,0,0,0,0,0,0,0,0,0,0,0,0,0,0,0,0,0,0
12917,2,1,1,1,1,0,0,2,1,1,1,1,0,0,2,1,1,1,1,0,0
12918,0,0,0,0,0,0,0,0,0,0,0,0,0,0,0,0,0,0,0,0,0
12919,1,1,1,1,1,0,0,1,1,1,1,1,0,0,1,1,1,1,1,0,0
12920,0,0,0,0,0,0,0,0,0,0,0,0,0,0,0,0,0,0,0,0,0
12921,0,0,0,0,0,0,0,0,0,0,0,0,0,0,0,0,0,0,0,0,0
12922,0,0,1,2,2,1,0,0,0,1,2,2,1,0,0,0,1,2,2,1,0
12923,0,0,0,0,0,1,0,0,0,0,0,0,1,0,0,0,0,0,0,1,0
12924,0,0,0,0,0,0,1,0,0,0,0,0,0,1,0,0,0,0,0,0,1
12925,4,4,4,5,5,4,3,4,4,4,5,5,4,3,4,4,4,5,5,4,3
12926,0,0,0,0,0,0,0,0,0,0,0,0,0,0,0,0,0,0,0,0,0
12927,0,0,0,0,0,0,0,0,0,0,0,0,0,0,0,0,0,0,0,0,0
12928,116,127,133,122,106,96,97,116,127,133,122,106,96,97,116,127,133,122,106,96,97
12929,3,3,3,3,3,3,3,3,3,3,3,3,3,3,3,3,3,3,3,3,3
12930,6,7,7,6,6,5,5,6,7,7,6,6,5,5,6,7,7,6,6,5,5
12931,0,0,1,1,1,0,0,0,0,1,1,1,0,0,0,0,1,1,1,0,0
12932,6,6,5,5,5,4,5,6,6,5,5,5,4,5,6,6,5,5,5,4,5
12933,1,1,1,1,0,0,0,1,1,1,1,0,0,0,1,1,1,1,0,0,0
12934,0,0,0,0,0,0,0,0,0,0,0,0,0,0,0,0,0,0,0,0,0
12935,1,1,1,1,1,0,0,1,1,1,1,1,0,0,1,1,1,1,1,0,0
12936,1,1,1,1,1,0,0,1,1,1,1,1,0,0,1,1,1,1,1,0,0
12937,25,27,25,23,20,17,19,25,27,25,23,20,17,19,25,27,25,23,20,17,19
12938,2,2,2,1,1,1,1,2,2,2,1,1,1,1,2,2,2,1,1,1,1
12939,0,0,0,0,0,0,0,0,0,0,0,0,0,0,0,0,0,0,0,0,0
12940,14,13,12,11,9,12,12,14,13,12,11,9,12,12,14,13,12,11,9,12,12
12941,0,0,0,0,0,0,0,0,0,0,0,0,0,0,0,0,0,0,0,0,0
12942,3,2,2,3,3,5,4,3,2,2,3,3,5,4,3,2,2,3,3,5,4
12943,0,0,0,0,0,0,0,0,0,0,0,0,0,0,0,0,0,0,0,0,0
12944,0,0,0,0,0,0,0,0,0,0,0,0,0,0,0,0,0,0,0,0,0
12945,0,1,1,1,1,1,1,0,1,1,1,1,1,1,0,1,1,1,1,1,1
12946,0,0,0,0,0,0,0,0,0,0,0,0,0,0,0,0,0,0,0,0,0
12947,0,0,0,0,0,0,0,0,0,0,0,0,0,0,0,0,0,0,0,0,0
12948,0,0,0,0,0,0,0,0,0,0,0,0,0,0,0,0,0,0,0,0,0
12949,0,0,0,0,0,0,0,0,0,0,0,0,0,0,0,0,0,0,0,0,0
12950,0,0,0,0,0,0,0,0,0,0,0,0,0,0,0,0,0,0,0,0,0
12951,1,0,0,0,0,0,0,1,0,0,0,0,0,0,1,0,0,0,0,0,0
12952,0,0,0,0,0,0,0,0,0,0,0,0,0,0,0,0,0,0,0,0,0
12953,0,0,0,0,0,0,0,0,0,0,0,0,0,0,0,0,0,0,0,0,0
12954,0,0,0,0,0,0,0,0,0,0,0,0,0,0,0,0,0,0,0,0,0
12955,0,0,0,0,0,0,0,0,0,0,0,0,0,0,0,0,0,0,0,0,0
12956,2,2,2,2,2,2,2,2,2,2,2,2,2,2,2,2,2,2,2,2,2
12957,0,0,0,0,0,0,0,0,0,0,0,0,0,0,0,0,0,0,0,0,0
12958,15,17,20,20,21,17,14,15,17,20,20,21,17,14,15,17,20,20,21,17,14
12959,10,12,13,15,11,9,8,10,12,13,15,11,9,8,10,12,13,15,11,9,8
12960,9,11,12,12,10,8,7,9,11,12,12,10,8,7,9,11,12,12,10,8,7
12961,7,7,8,9,7,6,5,7,7,8,9,7,6,5,7,7,8,9,7,6,5
12962,116,127,133,122,106,96,97,116,127,133,122,106,96,97,116,127,133,122,106,96,97
12963,0,0,0,0,0,0,0,0,0,0,0,0,0,0,0,0,0,0,0,0,0
12964,0,0,0,0,0,0,0,0,0,0,0,0,0,0,0,0,0,0,0,0,0
12965,0,0,0,0,0,0,0,0,0,0,0,0,0,0,0,0,0,0,0,0,0
12966,0,0,0,0,0,0,0,0,0,0,0,0,0,0,0,0,0,0,0,0,0
12967,82,84,83,121,106,80,65,82,84,83,121,106,80,65,82,84,83,121,106,80,65
12968,48,47,41,44,36,32,31,48,47,41,44,36,32,31,48,47,41,44,36,32,31
12969,42,42,42,43,43,38,34,42,42,42,43,43,38,34,42,42,42,43,43,38,34
12970,65,121,132,97,31,23,24,65,121,132,97,31,23,24,65,121,132,97,31,23,24
12971,22,25,20,16,14,12,14,22,25,20,16,14,12,14,22,25,20,16,14,12,14
12972,33,32,45,33,31,39,29,33,32,45,33,31,39,29,33,32,45,33,31,39,29
12973,88,102,104,87,71,58,61,88,102,104,87,71,58,61,88,102,104,87,71,58,61
12974,11,10,14,18,23,20,9,11,10,14,18,23,20,9,11,10,14,18,23,20,9
12975,39,42,49,118,106,92,47,39,42,49,118,106,92,47,39,42,49,118,106,92,47
12976,50,43,18,13,10,10,38,50,43,18,13,10,10,38,50,43,18,13,10,10,38
12977,3,2,2,3,4,4,4,3,2,2,3,4,4,4,3,2,2,3,4,4,4
12978,2,2,2,3,2,1,1,2,2,2,3,2,1,1,2,2,2,3,2,1,1
12979,13,11,27,32,30,21,8,13,11,27,32,30,21,8,13,11,27,32,30,21,8
12980,57,59,60,68,57,50,40,57,59,60,68,57,50,40,57,59,60,68,57,50,40
12981,115,127,133,122,106,93,93,115,127,133,122,106,93,93,115,127,133,122,106,93,93
12982,116,127,133,122,106,96,97,116,127,133,122,106,96,97,116,127,133,122,106,96,97
12983,116,127,133,122,106,96,97,116,127,133,122,106,96,97,116,127,133,122,106,96,97
12984,116,127,133,122,106,96,97,116,127,133,122,106,96,97,116,127,133,122,106,96,97
12985,0,0,0,0,0,0,0,0,0,0,0,0,0,0,0,0,0,0,0,0,0
12986,1,2,3,4,3,4,2,1,2,3,4,3,4,2,1,2,3,4,3,4,2
12987,4,4,4,4,3,3,4,4,4,4,4,3,3,4,4,4,4,4,3,3,4
12988,0,0,0,0,0,0,0,0,0,0,0,0,0,0,0,0,0,0,0,0,0
12989,0,0,0,0,0,0,0,0,0,0,0,0,0,0,0,0,0,0,0,0,0
12990,0,0,0,0,0,0,0,0,0,0,0,0,0,0,0,0,0,0,0,0,0
12991,3,5,6,5,4,2,2,3,5,6,5,4,2,2,3,5,6,5,4,2,2
12992,2,2,2,1,1,2,2,2,2,2,1,1,2,2,2,2,2,1,1,2,2
12993,10,11,15,10,8,7,7,10,11,15,10,8,7,7,10,11,15,10,8,7,7
12994,1,0,0,0,0,0,0,1,0,0,0,0,0,0,1,0,0,0,0,0,0
12995,5,6,7,6,5,5,4,5,6,7,6,5,5,4,5,6,7,6,5,5,4
12996,1,1,1,1,1,0,0,1,1,1,1,1,0,0,1,1,1,1,1,0,0
12997,8,9,9,8,7,6,7,8,9,9,8,7,6,7,8,9,9,8,7,6,7
12998,2,2,2,2,2,2,2,2,2,2,2,2,2,2,2,2,2,2,2,2,2
12999,0,0,0,0,0,0,0,0,0,0,0,0,0,0,0,0,0,0,0,0,0
13000,0,0,0,0,0,0,0,0,0,0,0,0,0,0,0,0,0,0,0,0,0
13001,23,24,23,20,18,18,18,23,24,23,20,18,18,18,23,24,23,20,18,18,18
13002,1,1,1,1,1,1,1,1,1,1,1,1,1,1,1,1,1,1,1,1,1
13003,21,22,22,23,23,19,18,21,22,22,23,23,19,18,21,22,22,23,23,19,18
13004,116,123,124,122,106,96,97,116,123,124,122,106,96,97,116,123,124,122,106,96,97
13005,13,12,12,11,9,8,10,13,12,12,11,9,8,10,13,12,12,11,9,8,10
13006,0,0,0,0,0,0,0,0,0,0,0,0,0,0,0,0,0,0,0,0,0
13007,1,1,1,1,1,1,1,1,1,1,1,1,1,1,1,1,1,1,1,1,1
13008,0,0,0,0,0,0,0,0,0,0,0,0,0,0,0,0,0,0,0,0,0
13009,7,6,8,8,7,7,7,7,6,8,8,7,7,7,7,6,8,8,7,7,7
13010,2,3,3,3,3,2,2,2,3,3,3,3,2,2,2,3,3,3,3,2,2
13011,1,2,2,2,1,2,2,1,2,2,2,1,2,2,1,2,2,2,1,2,2
13012,2,3,3,3,2,2,3,2,3,3,3,2,2,3,2,3,3,3,2,2,3
13013,74,82,83,84,75,66,67,74,82,83,84,75,66,67,74,82,83,84,75,66,67
13014,0,0,0,0,0,0,0,0,0,0,0,0,0,0,0,0,0,0,0,0,0
13015,0,0,0,0,0,0,0,0,0,0,0,0,0,0,0,0,0,0,0,0,0
13016,116,127,133,122,106,96,97,116,127,133,122,106,96,97,116,127,133,122,106,96,97
13017,4,4,5,5,5,5,4,4,4,5,5,5,5,4,4,4,5,5,5,5,4
13018,6,6,8,12,12,8,5,6,6,8,12,12,8,5,6,6,8,12,12,8,5
13019,0,1,1,0,0,0,0,0,1,1,0,0,0,0,0,1,1,0,0,0,0
13020,1,2,1,1,1,1,1,1,2,1,1,1,1,1,1,2,1,1,1,1,1
13021,0,0,0,0,0,0,0,0,0,0,0,0,0,0,0,0,0,0,0,0,0
13022,7,7,8,8,7,6,6,7,7,8,8,7,6,6,7,7,8,8,7,6,6
13023,3,2,2,3,1,1,3,3,2,2,3,1,1,3,3,2,2,3,1,1,3
13024,14,17,19,20,17,12,11,14,17,19,20,17,12,11,14,17,19,20,17,12,11
13025,3,3,3,3,3,2,2,3,3,3,3,3,2,2,3,3,3,3,3,2,2
13026,4,5,5,4,3,2,3,4,5,5,4,3,2,3,4,5,5,4,3,2,3
13027,4,2,4,3,3,3,3,4,2,4,3,3,3,3,4,2,4,3,3,3,3
13028,1,1,2,2,1,1,1,1,1,2,2,1,1,1,1,1,2,2,1,1,1
13029,0,0,0,0,0,0,0,0,0,0,0,0,0,0,0,0,0,0,0,0,0
13030,1,0,1,1,1,1,1,1,0,1,1,1,1,1,1,0,1,1,1,1,1
13031,0,0,0,0,0,0,0,0,0,0,0,0,0,0,0,0,0,0,0,0,0
13032,0,0,0,0,0,0,0,0,0,0,0,0,0,0,0,0,0,0,0,0,0
13033,0,0,0,0,0,0,0,0,0,0,0,0,0,0,0,0,0,0,0,0,0
13034,13,15,15,14,11,9,10,13,15,15,14,11,9,10,13,15,15,14,11,9,10
13035,6,7,7,7,6,4,5,6,7,7,7,6,4,5,6,7,7,7,6,4,5
13036,4,5,5,5,5,5,4,4,5,5,5,5,5,4,4,5,5,5,5,5,4
13037,1,1,1,1,0,1,1,1,1,1,1,0,1,1,1,1,1,1,0,1,1
13038,2,3,2,2,2,2,2,2,3,2,2,2,2,2,2,3,2,2,2,2,2
13039,0,0,0,0,0,0,0,0,0,0,0,0,0,0,0,0,0,0,0,0,0
13040,0,0,0,0,0,0,0,0,0,0,0,0,0,0,0,0,0,0,0,0,0
13041,7,7,7,5,5,5,5,7,7,7,5,5,5,5,7,7,7,5,5,5,5
13042,0,0,0,0,0,0,0,0,0,0,0,0,0,0,0,0,0,0,0,0,0
13043,0,0,0,0,0,0,0,0,0,0,0,0,0,0,0,0,0,0,0,0,0
13044,0,0,0,0,0,0,0,0,0,0,0,0,0,0,0,0,0,0,0,0,0
13045,1,1,0,0,0,0,1,1,1,0,0,0,0,1,1,1,0,0,0,0,1
13046,1,2,1,1,1,1,2,1,2,1,1,1,1,2,1,2,1,1,1,1,2
13047,0,0,0,0,0,0,0,0,0,0,0,0,0,0,0,0,0,0,0,0,0
13048,12,15,15,14,12,10,9,12,15,15,14,12,10,9,12,15,15,14,12,10,9
13049,11,12,12,11,10,9,8,11,12,12,11,10,9,8,11,12,12,11,10,9,8
13050,0,0,0,0,0,0,0,0,0,0,0,0,0,0,0,0,0,0,0,0,0
13051,0,0,0,0,0,0,0,0,0,0,0,0,0,0,0,0,0,0,0,0,0
13052,3,7,8,6,2,1,0,3,7,8,6,2,1,0,3,7,8,6,2,1,0
13053,0,0,0,0,0,0,0,0,0,0,0,0,0,0,0,0,0,0,0,0,0
13054,5,6,11,13,9,10,3,5,6,11,13,9,10,3,5,6,11,13,9,10,3
13055,1,2,2,2,3,2,1,1,2,2,2,3,2,1,1,2,2,2,3,2,1
13056,0,0,0,0,0,0,0,0,0,0,0,0,0,0,0,0,0,0,0,0,0
13057,0,0,0,0,0,0,0,0,0,0,0,0,0,0,0,0,0,0,0,0,0
13058,5,6,6,5,4,4,4,5,6,6,5,4,4,4,5,6,6,5,4,4,4
13059,20,24,25,24,19,16,16,20,24,25,24,19,16,16,20,24,25,24,19,16,16
13060,0,0,0,0,0,0,0,0,0,0,0,0,0,0,0,0,0,0,0,0,0
13061,1,1,1,1,1,1,1,1,1,1,1,1,1,1,1,1,1,1,1,1,1
13062,21,29,30,26,19,16,16,21,29,30,26,19,16,16,21,29,30,26,19,16,16
13063,19,24,25,21,17,15,13,19,24,25,21,17,15,13,19,24,25,21,17,15,13
13064,9,12,12,9,7,5,4,9,12,12,9,7,5,4,9,12,12,9,7,5,4
13065,16,26,28,23,13,11,11,16,26,28,23,13,11,11,16,26,28,23,13,11,11
13066,36,39,39,34,30,29,27,36,39,39,34,30,29,27,36,39,39,34,30,29,27
13067,7,8,9,8,7,5,5,7,8,9,8,7,5,5,7,8,9,8,7,5,5
13068,11,13,13,12,11,8,8,11,13,13,12,11,8,8,11,13,13,12,11,8,8
13069,1,1,2,2,1,1,1,1,1,2,2,1,1,1,1,1,2,2,1,1,1
13070,1,0,0,0,0,0,1,1,0,0,0,0,0,1,1,0,0,0,0,0,1
13071,1,0,0,0,0,0,1,1,0,0,0,0,0,1,1,0,0,0,0,0,1
13072,0,0,0,0,0,0,0,0,0,0,0,0,0,0,0,0,0,0,0,0,0
13073,0,0,0,0,0,0,0,0,0,0,0,0,0,0,0,0,0,0,0,0,0
13074,0,0,0,0,0,0,0,0,0,0,0,0,0,0,0,0,0,0,0,0,0
13075,0,0,0,0,0,0,0,0,0,0,0,0,0,0,0,0,0,0,0,0,0
13076,0,0,0,0,0,0,0,0,0,0,0,0,0,0,0,0,0,0,0,0,0
13077,3,2,3,2,2,2,2,3,2,3,2,2,2,2,3,2,3,2,2,2,2
13078,0,0,0,0,0,0,0,0,0,0,0,0,0,0,0,0,0,0,0,0,0
13079,0,0,0,0,0,0,0,0,0,0,0,0,0,0,0,0,0,0,0,0,0
13080,5,5,5,4,4,4,5,5,5,5,4,4,4,5,5,5,5,4,4,4,5
13081,0,0,0,0,0,0,0,0,0,0,0,0,0,0,0,0,0,0,0,0,0
13082,1,1,1,1,1,1,0,1,1,1,1,1,1,0,1,1,1,1,1,1,0
13083,1,1,1,1,1,0,0,1,1,1,1,1,0,0,1,1,1,1,1,0,0
13084,0,0,0,0,0,0,0,0,0,0,0,0,0,0,0,0,0,0,0,0,0
13085,1,1,1,1,1,0,1,1,1,1,1,1,0,1,1,1,1,1,1,0,1
13086,1,1,1,0,0,0,0,1,1,1,0,0,0,0,1,1,1,0,0,0,0
13087,0,0,0,0,0,0,0,0,0,0,0,0,0,0,0,0,0,0,0,0,0
13088,0,0,0,0,0,0,0,0,0,0,0,0,0,0,0,0,0,0,0,0,0
13089,8,9,9,8,7,6,5,8,9,9,8,7,6,5,8,9,9,8,7,6,5
13090,4,4,4,4,3,4,3,4,4,4,4,3,4,3,4,4,4,4,3,4,3
13091,3,2,3,3,3,3,3,3,2,3,3,3,3,3,3,2,3,3,3,3,3
13092,15,14,13,13,12,12,12,15,14,13,13,12,12,12,15,14,13,13,12,12,12
13093,4,6,5,6,6,5,4,4,6,5,6,6,5,4,4,6,5,6,6,5,4
13094,0,1,0,0,0,0,0,0,1,0,0,0,0,0,0,1,0,0,0,0,0
13095,0,0,0,0,0,0,0,0,0,0,0,0,0,0,0,0,0,0,0,0,0
13096,13,15,17,17,14,11,11,13,15,17,17,14,11,11,13,15,17,17,14,11,11
13097,24,27,28,23,19,18,20,24,27,28,23,19,18,20,24,27,28,23,19,18,20
13098,2,2,2,2,2,2,2,2,2,2,2,2,2,2,2,2,2,2,2,2,2
13099,2,1,1,2,2,2,2,2,1,1,2,2,2,2,2,1,1,2,2,2,2
13100,3,3,1,4,3,3,2,3,3,1,4,3,3,2,3,3,1,4,3,3,2
13101,1,1,2,3,3,2,1,1,1,2,3,3,2,1,1,1,2,3,3,2,1
13102,0,0,0,0,0,0,0,0,0,0,0,0,0,0,0,0,0,0,0,0,0
13103,9,8,8,7,7,8,7,9,8,8,7,7,8,7,9,8,8,7,7,8,7
13104,0,0,0,0,0,0,0,0,0,0,0,0,0,0,0,0,0,0,0,0,0
13105,0,0,0,0,0,0,0,0,0,0,0,0,0,0,0,0,0,0,0,0,0
13106,0,0,0,0,0,0,0,0,0,0,0,0,0,0,0,0,0,0,0,0,0
13107,0,0,0,0,0,0,0,0,0,0,0,0,0,0,0,0,0,0,0,0,0
13108,0,0,0,0,0,0,0,0,0,0,0,0,0,0,0,0,0,0,0,0,0
13109,1,1,1,1,1,1,1,1,1,1,1,1,1,1,1,1,1,1,1,1,1
13110,2,2,2,2,2,3,3,2,2,2,2,2,3,3,2,2,2,2,2,3,3
13111,8,8,7,4,3,5,6,8,8,7,4,3,5,6,8,8,7,4,3,5,6
13112,43,45,43,44,35,32,34,43,45,43,44,35,32,34,43,45,43,44,35,32,34
13113,24,26,26,26,23,20,20,24,26,26,26,23,20,20,24,26,26,26,23,20,20
13114,4,5,5,5,4,4,4,4,5,5,5,4,4,4,4,5,5,5,4,4,4
13115,4,4,5,4,4,3,2,4,4,5,4,4,3,2,4,4,5,4,4,3,2
13116,2,3,3,2,2,2,2,2,3,3,2,2,2,2,2,3,3,2,2,2,2
13117,13,14,13,11,10,9,10,13,14,13,11,10,9,10,13,14,13,11,10,9,10
13118,11,8,8,7,7,7,8,11,8,8,7,7,7,8,11,8,8,7,7,7,8
13119,0,0,1,1,0,0,0,0,0,1,1,0,0,0,0,0,1,1,0,0,0
13120,12,11,12,12,9,8,8,12,11,12,12,9,8,8,12,11,12,12,9,8,8
13121,1,1,1,1,1,1,1,1,1,1,1,1,1,1,1,1,1,1,1,1,1
13122,9,9,9,7,6,7,6,9,9,9,7,6,7,6,9,9,9,7,6,7,6
13123,1,1,1,1,1,1,1,1,1,1,1,1,1,1,1,1,1,1,1,1,1
13124,6,7,8,8,7,5,5,6,7,8,8,7,5,5,6,7,8,8,7,5,5
13125,0,0,0,1,0,0,0,0,0,0,1,0,0,0,0,0,0,1,0,0,0
13126,4,4,4,3,2,2,2,4,4,4,3,2,2,2,4,4,4,3,2,2,2
13127,5,5,4,4,4,4,4,5,5,4,4,4,4,4,5,5,4,4,4,4,4
13128,2,2,2,1,1,1,1,2,2,2,1,1,1,1,2,2,2,1,1,1,1
13129,0,0,0,0,0,0,0,0,0,0,0,0,0,0,0,0,0,0,0,0,0
13130,4,4,5,4,3,3,3,4,4,5,4,3,3,3,4,4,5,4,3,3,3
13131,1,1,1,1,0,0,1,1,1,1,1,0,0,1,1,1,1,1,0,0,1
13132,3,3,3,3,2,2,2,3,3,3,3,2,2,2,3,3,3,3,2,2,2
13133,1,1,2,2,1,1,1,1,1,2,2,1,1,1,1,1,2,2,1,1,1
13134,1,1,2,2,1,1,1,1,1,2,2,1,1,1,1,1,2,2,1,1,1
13135,0,0,0,0,0,0,0,0,0,0,0,0,0,0,0,0,0,0,0,0,0
13136,2,2,1,1,2,2,2,2,2,1,1,2,2,2,2,2,1,1,2,2,2
13137,0,0,0,1,0,0,0,0,0,0,1,0,0,0,0,0,0,1,0,0,0
13138,0,0,0,1,1,0,0,0,0,0,1,1,0,0,0,0,0,1,1,0,0
13139,0,0,0,0,0,0,0,0,0,0,0,0,0,0,0,0,0,0,0,0,0
13140,0,0,0,0,0,0,0,0,0,0,0,0,0,0,0,0,0,0,0,0,0
13141,2,2,1,1,1,1,1,2,2,1,1,1,1,1,2,2,1,1,1,1,1
13142,0,1,1,1,0,0,0,0,1,1,1,0,0,0,0,1,1,1,0,0,0
13143,0,0,0,0,0,0,0,0,0,0,0,0,0,0,0,0,0,0,0,0,0
13144,1,1,1,0,0,0,0,1,1,1,0,0,0,0,1,1,1,0,0,0,0
13145,0,0,0,0,0,0,0,0,0,0,0,0,0,0,0,0,0,0,0,0,0
13146,0,0,0,0,0,0,0,0,0,0,0,0,0,0,0,0,0,0,0,0,0
13147,0,1,1,1,0,1,0,0,1,1,1,0,1,0,0,1,1,1,0,1,0
13148,0,0,0,0,0,0,0,0,0,0,0,0,0,0,0,0,0,0,0,0,0
13149,0,0,0,0,0,0,0,0,0,0,0,0,0,0,0,0,0,0,0,0,0
13150,0,0,0,0,0,0,0,0,0,0,0,0,0,0,0,0,0,0,0,0,0
13151,1,1,1,0,0,0,1,1,1,1,0,0,0,1,1,1,1,0,0,0,1
13152,0,0,0,0,0,0,0,0,0,0,0,0,0,0,0,0,0,0,0,0,0
13153,0,0,0,0,0,0,0,0,0,0,0,0,0,0,0,0,0,0,0,0,0
13154,2,2,2,2,1,1,1,2,2,2,2,1,1,1,2,2,2,2,1,1,1
13155,0,0,0,0,0,0,0,0,0,0,0,0,0,0,0,0,0,0,0,0,0
13156,0,0,0,0,0,0,0,0,0,0,0,0,0,0,0,0,0,0,0,0,0
13157,0,0,0,0,0,0,0,0,0,0,0,0,0,0,0,0,0,0,0,0,0
13158,0,0,0,0,0,0,0,0,0,0,0,0,0,0,0,0,0,0,0,0,0
13159,0,0,0,0,0,0,0,0,0,0,0,0,0,0,0,0,0,0,0,0,0
13160,0,0,0,0,0,0,0,0,0,0,0,0,0,0,0,0,0,0,0,0,0
13161,0,0,0,0,0,0,1,0,0,0,0,0,0,1,0,0,0,0,0,0,1
13162,0,0,0,0,0,0,0,0,0,0,0,0,0,0,0,0,0,0,0,0,0
13163,0,0,0,0,0,0,0,0,0,0,0,0,0,0,0,0,0,0,0,0,0
13164,0,0,0,0,0,0,0,0,0,0,0,0,0,0,0,0,0,0,0,0,0
13165,0,0,0,0,0,0,0,0,0,0,0,0,0,0,0,0,0,0,0,0,0
13166,0,0,0,0,0,0,0,0,0,0,0,0,0,0,0,0,0,0,0,0,0
13167,1,1,1,1,1,1,1,1,1,1,1,1,1,1,1,1,1,1,1,1,1
13168,0,0,0,0,0,0,0,0,0,0,0,0,0,0,0,0,0,0,0,0,0
13169,0,0,0,0,0,0,0,0,0,0,0,0,0,0,0,0,0,0,0,0,0
13170,0,0,0,0,0,0,0,0,0,0,0,0,0,0,0,0,0,0,0,0,0
13171,1,0,0,1,0,0,1,1,0,0,1,0,0,1,1,0,0,1,0,0,1
13172,0,0,0,0,0,0,0,0,0,0,0,0,0,0,0,0,0,0,0,0,0
13173,0,0,0,0,0,0,0,0,0,0,0,0,0,0,0,0,0,0,0,0,0
13174,0,0,0,0,0,0,0,0,0,0,0,0,0,0,0,0,0,0,0,0,0
13175,0,0,0,0,0,0,0,0,0,0,0,0,0,0,0,0,0,0,0,0,0
13176,0,0,0,0,0,0,0,0,0,0,0,0,0,0,0,0,0,0,0,0,0
13177,0,0,0,0,0,0,0,0,0,0,0,0,0,0,0,0,0,0,0,0,0
13178,0,0,0,0,0,0,0,0,0,0,0,0,0,0,0,0,0,0,0,0,0
13179,0,0,0,0,0,0,0,0,0,0,0,0,0,0,0,0,0,0,0,0,0
13180,3,4,4,3,2,3,3,3,4,4,3,2,3,3,3,4,4,3,2,3,3
13181,0,0,0,0,0,0,0,0,0,0,0,0,0,0,0,0,0,0,0,0,0
13182,0,0,0,0,0,0,0,0,0,0,0,0,0,0,0,0,0,0,0,0,0
13183,0,0,0,0,0,0,0,0,0,0,0,0,0,0,0,0,0,0,0,0,0
13184,0,0,1,1,1,0,0,0,0,1,1,1,0,0,0,0,1,1,1,0,0
13185,0,0,0,0,0,0,0,0,0,0,0,0,0,0,0,0,0,0,0,0,0
13186,13,15,18,21,22,19,15,13,15,18,21,22,19,15,13,15,18,21,22,19,15
13187,5,5,6,6,5,4,4,5,5,6,6,5,4,4,5,5,6,6,5,4,4
13188,2,2,2,2,1,1,1,2,2,2,2,1,1,1,2,2,2,2,1,1,1
13189,1,1,1,1,1,1,1,1,1,1,1,1,1,1,1,1,1,1,1,1,1
13190,0,0,0,0,0,0,0,0,0,0,0,0,0,0,0,0,0,0,0,0,0
13191,0,0,0,0,0,0,0,0,0,0,0,0,0,0,0,0,0,0,0,0,0
13192,0,0,0,0,0,0,0,0,0,0,0,0,0,0,0,0,0,0,0,0,0
13193,0,0,0,0,0,0,0,0,0,0,0,0,0,0,0,0,0,0,0,0,0
13194,0,0,0,0,0,0,0,0,0,0,0,0,0,0,0,0,0,0,0,0,0
13195,0,0,0,0,0,0,0,0,0,0,0,0,0,0,0,0,0,0,0,0,0
13196,0,0,0,0,0,0,0,0,0,0,0,0,0,0,0,0,0,0,0,0,0
13197,0,0,0,0,0,0,0,0,0,0,0,0,0,0,0,0,0,0,0,0,0
13198,0,0,0,0,0,0,0,0,0,0,0,0,0,0,0,0,0,0,0,0,0
13199,0,0,0,0,0,0,0,0,0,0,0,0,0,0,0,0,0,0,0,0,0
13200,0,0,0,0,0,0,0,0,0,0,0,0,0,0,0,0,0,0,0,0,0
13201,94,97,95,88,80,73,78,94,97,95,88,80,73,78,94,97,95,88,80,73,78
13202,21,22,21,19,16,15,17,21,22,21,19,16,15,17,21,22,21,19,16,15,17
13203,65,67,69,64,55,52,54,65,67,69,64,55,52,54,65,67,69,64,55,52,54
13204,76,72,70,60,55,52,59,76,72,70,60,55,52,59,76,72,70,60,55,52,59
13205,35,37,38,35,31,28,29,35,37,38,35,31,28,29,35,37,38,35,31,28,29
13206,1,0,0,0,0,0,0,1,0,0,0,0,0,0,1,0,0,0,0,0,0
13207,1,1,1,1,0,0,0,1,1,1,1,0,0,0,1,1,1,1,0,0,0
13208,0,0,0,0,0,1,1,0,0,0,0,0,1,1,0,0,0,0,0,1,1
13209,5,5,5,5,4,3,4,5,5,5,5,4,3,4,5,5,5,5,4,3,4
13210,6,6,6,5,5,5,5,6,6,6,5,5,5,5,6,6,6,5,5,5,5
13211,17,17,17,16,15,13,14,17,17,17,16,15,13,14,17,17,17,16,15,13,14
13212,2,1,1,1,1,1,1,2,1,1,1,1,1,1,2,1,1,1,1,1,1
13213,1,1,1,1,1,1,1,1,1,1,1,1,1,1,1,1,1,1,1,1,1
13214,0,0,0,0,0,0,0,0,0,0,0,0,0,0,0,0,0,0,0,0,0
13215,2,1,2,1,2,1,1,2,1,2,1,2,1,1,2,1,2,1,2,1,1
13216,4,4,4,5,4,4,3,4,4,4,5,4,4,3,4,4,4,5,4,4,3
13217,10,10,10,10,10,8,8,10,10,10,10,10,8,8,10,10,10,10,10,8,8
13218,32,34,34,29,24,24,24,32,34,34,29,24,24,24,32,34,34,29,24,24,24
13219,17,17,19,22,22,24,19,17,17,19,22,22,24,19,17,17,19,22,22,24,19
13220,10,10,10,9,9,9,8,10,10,10,9,9,9,8,10,10,10,9,9,9,8
13221,0,0,0,0,0,0,0,0,0,0,0,0,0,0,0,0,0,0,0,0,0
13222,0,0,1,1,0,0,0,0,0,1,1,0,0,0,0,0,1,1,0,0,0
13223,0,0,0,0,0,0,0,0,0,0,0,0,0,0,0,0,0,0,0,0,0
13224,29,29,29,26,23,21,24,29,29,29,26,23,21,24,29,29,29,26,23,21,24
13225,5,6,5,8,8,5,5,5,6,5,8,8,5,5,5,6,5,8,8,5,5
13226,8,10,12,11,11,8,7,8,10,12,11,11,8,7,8,10,12,11,11,8,7
13227,5,4,4,2,3,4,6,5,4,4,2,3,4,6,5,4,4,2,3,4,6
13228,0,0,0,0,0,0,0,0,0,0,0,0,0,0,0,0,0,0,0,0,0
13229,1,1,1,2,2,1,1,1,1,1,2,2,1,1,1,1,1,2,2,1,1
13230,0,0,0,0,0,0,0,0,0,0,0,0,0,0,0,0,0,0,0,0,0
13231,0,0,0,0,0,0,0,0,0,0,0,0,0,0,0,0,0,0,0,0,0
13232,4,5,6,6,6,4,4,4,5,6,6,6,4,4,4,5,6,6,6,4,4
13233,0,0,0,1,0,0,0,0,0,0,1,0,0,0,0,0,0,1,0,0,0
13234,2,4,4,2,1,1,0,2,4,4,2,1,1,0,2,4,4,2,1,1,0
13235,0,0,0,0,0,0,0,0,0,0,0,0,0,0,0,0,0,0,0,0,0
13236,0,0,0,0,0,0,0,0,0,0,0,0,0,0,0,0,0,0,0,0,0
13237,1,1,0,1,1,1,0,1,1,0,1,1,1,0,1,1,0,1,1,1,0
13238,2,2,2,0,1,2,1,2,2,2,0,1,2,1,2,2,2,0,1,2,1
13239,9,9,8,7,6,7,8,9,9,8,7,6,7,8,9,9,8,7,6,7,8
13240,0,0,0,0,0,0,0,0,0,0,0,0,0,0,0,0,0,0,0,0,0
13241,0,0,0,0,0,0,0,0,0,0,0,0,0,0,0,0,0,0,0,0,0
13242,0,0,0,0,0,0,0,0,0,0,0,0,0,0,0,0,0,0,0,0,0
13243,15,18,18,15,13,13,13,15,18,18,15,13,13,13,15,18,18,15,13,13,13
13244,2,3,3,3,2,2,2,2,3,3,3,2,2,2,2,3,3,3,2,2,2
13245,8,9,9,8,7,6,7,8,9,9,8,7,6,7,8,9,9,8,7,6,7
13246,3,4,4,3,4,3,3,3,4,4,3,4,3,3,3,4,4,3,4,3,3
13247,0,0,0,0,0,0,0,0,0,0,0,0,0,0,0,0,0,0,0,0,0
13248,0,1,1,1,0,0,0,0,1,1,1,0,0,0,0,1,1,1,0,0,0
13249,0,0,0,0,0,0,0,0,0,0,0,0,0,0,0,0,0,0,0,0,0
13250,0,0,0,0,0,0,0,0,0,0,0,0,0,0,0,0,0,0,0,0,0
13251,0,0,0,0,0,0,0,0,0,0,0,0,0,0,0,0,0,0,0,0,0
13252,0,0,0,0,0,0,0,0,0,0,0,0,0,0,0,0,0,0,0,0,0
13253,0,0,0,0,0,0,0,0,0,0,0,0,0,0,0,0,0,0,0,0,0
13254,0,0,0,0,0,0,0,0,0,0,0,0,0,0,0,0,0,0,0,0,0
13255,0,0,0,0,0,0,0,0,0,0,0,0,0,0,0,0,0,0,0,0,0
13256,1,1,1,1,1,1,1,1,1,1,1,1,1,1,1,1,1,1,1,1,1
13257,0,0,0,0,0,0,0,0,0,0,0,0,0,0,0,0,0,0,0,0,0
13258,0,0,0,0,0,0,0,0,0,0,0,0,0,0,0,0,0,0,0,0,0
13259,3,4,4,4,4,3,3,3,4,4,4,4,3,3,3,4,4,4,4,3,3
13260,0,0,0,0,0,0,0,0,0,0,0,0,0,0,0,0,0,0,0,0,0
13261,1,2,2,2,2,2,1,1,2,2,2,2,2,1,1,2,2,2,2,2,1
13262,1,1,1,1,1,1,1,1,1,1,1,1,1,1,1,1,1,1,1,1,1
13263,0,0,0,0,0,0,0,0,0,0,0,0,0,0,0,0,0,0,0,0,0
13264,3,3,2,2,2,2,2,3,3,2,2,2,2,2,3,3,2,2,2,2,2
13265,31,36,39,37,32,27,26,31,36,39,37,32,27,26,31,36,39,37,32,27,26
13266,0,0,0,0,0,0,0,0,0,0,0,0,0,0,0,0,0,0,0,0,0
13267,0,0,0,0,0,0,0,0,0,0,0,0,0,0,0,0,0,0,0,0,0
13268,0,0,0,0,0,0,0,0,0,0,0,0,0,0,0,0,0,0,0,0,0
13269,0,0,0,0,0,0,0,0,0,0,0,0,0,0,0,0,0,0,0,0,0
13270,0,0,0,0,0,0,0,0,0,0,0,0,0,0,0,0,0,0,0,0,0
13271,0,0,0,0,0,0,0,0,0,0,0,0,0,0,0,0,0,0,0,0,0
13272,0,0,0,0,0,0,0,0,0,0,0,0,0,0,0,0,0,0,0,0,0
13273,0,0,0,0,0,0,0,0,0,0,0,0,0,0,0,0,0,0,0,0,0
13274,0,0,0,0,0,0,0,0,0,0,0,0,0,0,0,0,0,0,0,0,0
13275,54,59,58,61,51,47,44,54,59,58,61,51,47,44,54,59,58,61,51,47,44
13276,37,40,41,39,38,40,35,37,40,41,39,38,40,35,37,40,41,39,38,40,35
13277,5,5,5,5,5,5,4,5,5,5,5,5,5,4,5,5,5,5,5,5,4
13278,1,1,2,1,1,1,1,1,1,2,1,1,1,1,1,1,2,1,1,1,1
13279,8,8,8,8,7,7,6,8,8,8,8,7,7,6,8,8,8,8,7,7,6
13280,116,127,133,122,106,96,97,116,127,133,122,106,96,97,116,127,133,122,106,96,97
13281,2,2,2,1,2,1,1,2,2,2,1,2,1,1,2,2,2,1,2,1,1
13282,1,1,2,1,1,1,1,1,1,2,1,1,1,1,1,1,2,1,1,1,1
13283,0,0,0,0,0,0,0,0,0,0,0,0,0,0,0,0,0,0,0,0,0
13284,116,127,133,122,106,96,97,116,127,133,122,106,96,97,116,127,133,122,106,96,97
13285,116,127,133,122,106,96,97,116,127,133,122,106,96,97,116,127,133,122,106,96,97
13286,0,0,0,0,0,0,0,0,0,0,0,0,0,0,0,0,0,0,0,0,0
13287,0,0,0,0,0,0,0,0,0,0,0,0,0,0,0,0,0,0,0,0,0
13288,3,3,3,3,2,2,2,3,3,3,3,2,2,2,3,3,3,3,2,2,2
13289,3,4,4,5,4,4,3,3,4,4,5,4,4,3,3,4,4,5,4,4,3
13290,2,2,2,3,3,2,2,2,2,2,3,3,2,2,2,2,2,3,3,2,2
13291,12,13,13,13,13,10,10,12,13,13,13,13,10,10,12,13,13,13,13,10,10
13292,6,6,6,5,5,5,6,6,6,6,5,5,5,6,6,6,6,5,5,5,6
13293,6,6,5,5,5,5,5,6,6,5,5,5,5,5,6,6,5,5,5,5,5
13294,7,7,7,6,6,7,6,7,7,7,6,6,7,6,7,7,7,6,6,7,6
13295,0,0,0,0,0,0,0,0,0,0,0,0,0,0,0,0,0,0,0,0,0
13296,0,0,0,0,0,0,0,0,0,0,0,0,0,0,0,0,0,0,0,0,0
13297,0,0,0,0,0,0,0,0,0,0,0,0,0,0,0,0,0,0,0,0,0
13298,0,0,0,0,0,0,0,0,0,0,0,0,0,0,0,0,0,0,0,0,0
13299,0,0,0,0,0,0,0,0,0,0,0,0,0,0,0,0,0,0,0,0,0
13300,0,0,0,0,0,0,0,0,0,0,0,0,0,0,0,0,0,0,0,0,0
13301,0,0,0,0,0,0,0,0,0,0,0,0,0,0,0,0,0,0,0,0,0
13302,28,27,28,26,24,24,23,28,27,28,26,24,24,23,28,27,28,26,24,24,23
13303,2,2,2,2,2,2,2,2,2,2,2,2,2,2,2,2,2,2,2,2,2
13304,8,9,10,9,8,8,7,8,9,10,9,8,8,7,8,9,10,9,8,8,7
13305,6,6,3,2,2,2,2,6,6,3,2,2,2,2,6,6,3,2,2,2,2
13306,0,0,0,0,0,0,0,0,0,0,0,0,0,0,0,0,0,0,0,0,0
13307,0,0,0,0,0,0,0,0,0,0,0,0,0,0,0,0,0,0,0,0,0
13308,0,0,0,0,0,0,0,0,0,0,0,0,0,0,0,0,0,0,0,0,0
13309,0,0,0,0,0,0,0,0,0,0,0,0,0,0,0,0,0,0,0,0,0
13310,0,0,0,0,0,0,0,0,0,0,0,0,0,0,0,0,0,0,0,0,0
13311,0,0,0,0,0,0,0,0,0,0,0,0,0,0,0,0,0,0,0,0,0
13312,0,0,0,0,0,0,0,0,0,0,0,0,0,0,0,0,0,0,0,0,0
13313,0,0,0,0,0,0,0,0,0,0,0,0,0,0,0,0,0,0,0,0,0
13314,7,7,7,6,5,6,5,7,7,7,6,5,6,5,7,7,7,6,5,6,5
13315,9,9,8,8,8,8,7,9,9,8,8,8,8,7,9,9,8,8,8,8,7
13316,3,3,4,3,2,2,3,3,3,4,3,2,2,3,3,3,4,3,2,2,3
13317,0,0,0,0,0,0,0,0,0,0,0,0,0,0,0,0,0,0,0,0,0
13318,0,0,0,0,0,0,0,0,0,0,0,0,0,0,0,0,0,0,0,0,0
13319,0,0,0,0,0,0,0,0,0,0,0,0,0,0,0,0,0,0,0,0,0
13320,0,0,0,0,0,0,0,0,0,0,0,0,0,0,0,0,0,0,0,0,0
13321,0,0,0,0,0,0,0,0,0,0,0,0,0,0,0,0,0,0,0,0,0
13322,0,0,0,0,0,0,0,0,0,0,0,0,0,0,0,0,0,0,0,0,0
13323,0,0,0,0,0,0,0,0,0,0,0,0,0,0,0,0,0,0,0,0,0
13324,0,0,0,0,0,0,0,0,0,0,0,0,0,0,0,0,0,0,0,0,0
13325,0,0,0,0,0,0,0,0,0,0,0,0,0,0,0,0,0,0,0,0,0
13326,0,0,0,0,0,0,0,0,0,0,0,0,0,0,0,0,0,0,0,0,0
13327,0,0,0,0,0,0,0,0,0,0,0,0,0,0,0,0,0,0,0,0,0
13328,0,0,0,0,0,0,0,0,0,0,0,0,0,0,0,0,0,0,0,0,0
13329,0,0,0,0,0,0,0,0,0,0,0,0,0,0,0,0,0,0,0,0,0
13330,7,8,8,7,7,7,7,7,8,8,7,7,7,7,7,8,8,7,7,7,7
13331,0,0,0,0,0,0,0,0,0,0,0,0,0,0,0,0,0,0,0,0,0
13332,2,2,1,1,1,1,1,2,2,1,1,1,1,1,2,2,1,1,1,1,1
13333,116,127,133,122,106,96,97,116,127,133,122,106,96,97,116,127,133,122,106,96,97
13334,13,12,13,10,9,8,6,13,12,13,10,9,8,6,13,12,13,10,9,8,6
13335,12,10,15,16,17,16,10,12,10,15,16,17,16,10,12,10,15,16,17,16,10
13336,116,123,130,121,106,93,97,116,123,130,121,106,93,97,116,123,130,121,106,93,97
13337,0,0,0,0,0,0,0,0,0,0,0,0,0,0,0,0,0,0,0,0,0
13338,5,5,5,5,4,3,4,5,5,5,5,4,3,4,5,5,5,5,4,3,4
13339,54,97,121,120,100,67,48,54,97,121,120,100,67,48,54,97,121,120,100,67,48
13340,3,4,4,3,3,3,2,3,4,4,3,3,3,2,3,4,4,3,3,3,2
13341,0,0,1,0,0,0,0,0,0,1,0,0,0,0,0,0,1,0,0,0,0
13342,0,0,0,0,0,0,0,0,0,0,0,0,0,0,0,0,0,0,0,0,0
13343,0,0,0,0,0,0,0,0,0,0,0,0,0,0,0,0,0,0,0,0,0
13344,5,5,6,5,4,4,4,5,5,6,5,4,4,4,5,5,6,5,4,4,4
13345,2,2,2,2,2,2,2,2,2,2,2,2,2,2,2,2,2,2,2,2,2
13346,10,11,11,10,9,9,10,10,11,11,10,9,9,10,10,11,11,10,9,9,10
13347,0,0,0,0,0,0,0,0,0,0,0,0,0,0,0,0,0,0,0,0,0
13348,32,34,29,23,23,28,29,32,34,29,23,23,28,29,32,34,29,23,23,28,29
13349,1,1,1,1,0,0,0,1,1,1,1,0,0,0,1,1,1,1,0,0,0
13350,3,3,3,3,3,2,2,3,3,3,3,3,2,2,3,3,3,3,3,2,2
13351,0,0,0,0,0,0,0,0,0,0,0,0,0,0,0,0,0,0,0,0,0
13352,0,0,0,0,0,0,0,0,0,0,0,0,0,0,0,0,0,0,0,0,0
13353,0,0,0,0,0,0,0,0,0,0,0,0,0,0,0,0,0,0,0,0,0
13354,0,0,0,0,0,0,0,0,0,0,0,0,0,0,0,0,0,0,0,0,0
13355,2,1,1,1,1,1,1,2,1,1,1,1,1,1,2,1,1,1,1,1,1
13356,4,4,4,1,1,1,2,4,4,4,1,1,1,2,4,4,4,1,1,1,2
13357,1,1,1,1,1,1,1,1,1,1,1,1,1,1,1,1,1,1,1,1,1
13358,1,1,1,1,1,1,1,1,1,1,1,1,1,1,1,1,1,1,1,1,1
13359,1,1,1,1,1,1,1,1,1,1,1,1,1,1,1,1,1,1,1,1,1
13360,7,10,9,6,5,5,4,7,10,9,6,5,5,4,7,10,9,6,5,5,4
13361,0,0,1,0,0,0,0,0,0,1,0,0,0,0,0,0,1,0,0,0,0
13362,1,1,0,0,0,0,1,1,1,0,0,0,0,1,1,1,0,0,0,0,1
13363,0,0,0,0,0,0,0,0,0,0,0,0,0,0,0,0,0,0,0,0,0
13364,1,1,1,1,1,1,1,1,1,1,1,1,1,1,1,1,1,1,1,1,1
13365,0,0,0,0,0,0,0,0,0,0,0,0,0,0,0,0,0,0,0,0,0
13366,0,0,0,0,0,0,0,0,0,0,0,0,0,0,0,0,0,0,0,0,0
13367,1,1,2,1,1,1,2,1,1,2,1,1,1,2,1,1,2,1,1,1,2
13368,4,1,1,1,1,1,1,4,1,1,1,1,1,1,4,1,1,1,1,1,1
13369,0,0,0,0,0,0,0,0,0,0,0,0,0,0,0,0,0,0,0,0,0
13370,14,14,15,14,13,11,11,14,14,15,14,13,11,11,14,14,15,14,13,11,11
13371,4,4,4,4,3,2,2,4,4,4,4,3,2,2,4,4,4,4,3,2,2
13372,32,34,35,35,31,29,27,32,34,35,35,31,29,27,32,34,35,35,31,29,27
13373,1,1,1,2,1,1,1,1,1,1,2,1,1,1,1,1,1,2,1,1,1
13374,0,0,0,0,0,0,0,0,0,0,0,0,0,0,0,0,0,0,0,0,0
13375,0,0,0,0,0,0,0,0,0,0,0,0,0,0,0,0,0,0,0,0,0
13376,0,0,0,0,0,0,0,0,0,0,0,0,0,0,0,0,0,0,0,0,0
13377,0,0,0,0,0,0,0,0,0,0,0,0,0,0,0,0,0,0,0,0,0
13378,0,0,0,0,0,0,0,0,0,0,0,0,0,0,0,0,0,0,0,0,0
13379,0,0,0,0,0,0,0,0,0,0,0,0,0,0,0,0,0,0,0,0,0
13380,0,0,0,0,0,0,0,0,0,0,0,0,0,0,0,0,0,0,0,0,0
13381,0,0,0,0,0,0,1,0,0,0,0,0,0,1,0,0,0,0,0,0,1
13382,3,3,3,4,3,3,3,3,3,3,4,3,3,3,3,3,3,4,3,3,3
13383,0,0,0,0,0,0,0,0,0,0,0,0,0,0,0,0,0,0,0,0,0
13384,0,0,0,0,0,0,0,0,0,0,0,0,0,0,0,0,0,0,0,0,0
13385,0,0,0,0,0,0,0,0,0,0,0,0,0,0,0,0,0,0,0,0,0
13386,0,0,0,0,0,0,0,0,0,0,0,0,0,0,0,0,0,0,0,0,0
13387,0,0,0,0,0,0,0,0,0,0,0,0,0,0,0,0,0,0,0,0,0
13388,14,16,14,13,12,11,12,14,16,14,13,12,11,12,14,16,14,13,12,11,12
13389,13,13,13,12,11,10,11,13,13,13,12,11,10,11,13,13,13,12,11,10,11
13390,0,0,0,0,0,0,0,0,0,0,0,0,0,0,0,0,0,0,0,0,0
13391,0,0,0,0,0,0,0,0,0,0,0,0,0,0,0,0,0,0,0,0,0
13392,0,0,0,0,0,0,0,0,0,0,0,0,0,0,0,0,0,0,0,0,0
13393,2,3,3,2,2,2,1,2,3,3,2,2,2,1,2,3,3,2,2,2,1
13394,5,7,7,8,7,6,6,5,7,7,8,7,6,6,5,7,7,8,7,6,6
13395,10,12,13,12,9,8,8,10,12,13,12,9,8,8,10,12,13,12,9,8,8
13396,18,18,23,21,16,14,14,18,18,23,21,16,14,14,18,18,23,21,16,14,14
13397,3,3,3,3,2,2,2,3,3,3,3,2,2,2,3,3,3,3,2,2,2
13398,7,6,7,6,5,5,5,7,6,7,6,5,5,5,7,6,7,6,5,5,5
13399,2,2,2,2,2,2,1,2,2,2,2,2,2,1,2,2,2,2,2,2,1
13400,2,2,2,2,2,1,1,2,2,2,2,2,1,1,2,2,2,2,2,1,1
13401,5,6,7,5,5,4,4,5,6,7,5,5,4,4,5,6,7,5,5,4,4
13402,0,0,0,0,0,0,0,0,0,0,0,0,0,0,0,0,0,0,0,0,0
13403,0,0,0,0,0,0,0,0,0,0,0,0,0,0,0,0,0,0,0,0,0
13404,0,0,0,0,0,0,0,0,0,0,0,0,0,0,0,0,0,0,0,0,0
13405,0,0,0,0,0,0,0,0,0,0,0,0,0,0,0,0,0,0,0,0,0
13406,43,55,59,62,53,36,34,43,55,59,62,53,36,34,43,55,59,62,53,36,34
13407,0,0,0,0,0,0,0,0,0,0,0,0,0,0,0,0,0,0,0,0,0
13408,0,0,0,0,0,0,0,0,0,0,0,0,0,0,0,0,0,0,0,0,0
13409,0,0,0,0,0,0,0,0,0,0,0,0,0,0,0,0,0,0,0,0,0
13410,1,1,1,1,1,1,1,1,1,1,1,1,1,1,1,1,1,1,1,1,1
13411,0,1,1,1,0,0,0,0,1,1,1,0,0,0,0,1,1,1,0,0,0
13412,1,1,1,1,1,1,0,1,1,1,1,1,1,0,1,1,1,1,1,1,0
13413,0,0,0,0,0,0,0,0,0,0,0,0,0,0,0,0,0,0,0,0,0
13414,0,0,0,0,0,0,0,0,0,0,0,0,0,0,0,0,0,0,0,0,0
13415,0,0,0,0,0,0,0,0,0,0,0,0,0,0,0,0,0,0,0,0,0
13416,3,3,3,3,3,3,2,3,3,3,3,3,3,2,3,3,3,3,3,3,2
13417,1,1,1,1,1,1,1,1,1,1,1,1,1,1,1,1,1,1,1,1,1
13418,2,2,1,1,1,1,1,2,2,1,1,1,1,1,2,2,1,1,1,1,1
13419,2,2,2,1,1,1,1,2,2,2,1,1,1,1,2,2,2,1,1,1,1
13420,4,4,5,4,3,3,3,4,4,5,4,3,3,3,4,4,5,4,3,3,3
13421,0,1,1,1,0,0,0,0,1,1,1,0,0,0,0,1,1,1,0,0,0
13422,1,1,1,1,1,1,1,1,1,1,1,1,1,1,1,1,1,1,1,1,1
13423,7,6,6,6,7,6,6,7,6,6,6,7,6,6,7,6,6,6,7,6,6
13424,2,2,1,1,1,1,1,2,2,1,1,1,1,1,2,2,1,1,1,1,1
13425,5,5,5,4,4,4,4,5,5,5,4,4,4,4,5,5,5,4,4,4,4
13426,1,1,1,1,1,1,1,1,1,1,1,1,1,1,1,1,1,1,1,1,1
13427,2,2,1,1,1,1,1,2,2,1,1,1,1,1,2,2,1,1,1,1,1
13428,1,1,1,1,1,1,1,1,1,1,1,1,1,1,1,1,1,1,1,1,1
13429,2,2,2,2,2,1,2,2,2,2,2,2,1,2,2,2,2,2,2,1,2
13430,0,0,0,0,0,0,0,0,0,0,0,0,0,0,0,0,0,0,0,0,0
13431,0,0,0,0,0,0,0,0,0,0,0,0,0,0,0,0,0,0,0,0,0
13432,0,0,0,0,0,0,0,0,0,0,0,0,0,0,0,0,0,0,0,0,0
13433,0,0,0,0,0,0,0,0,0,0,0,0,0,0,0,0,0,0,0,0,0
13434,0,0,0,0,0,0,0,0,0,0,0,0,0,0,0,0,0,0,0,0,0
13435,0,0,0,0,0,0,0,0,0,0,0,0,0,0,0,0,0,0,0,0,0
13436,0,0,0,0,0,0,0,0,0,0,0,0,0,0,0,0,0,0,0,0,0
13437,0,0,0,0,0,0,0,0,0,0,0,0,0,0,0,0,0,0,0,0,0
13438,0,0,0,0,0,0,0,0,0,0,0,0,0,0,0,0,0,0,0,0,0
13439,0,0,0,0,0,0,0,0,0,0,0,0,0,0,0,0,0,0,0,0,0
13440,116,127,133,122,106,96,97,116,127,133,122,106,96,97,116,127,133,122,106,96,97
13441,1,1,1,1,0,0,1,1,1,1,1,0,0,1,1,1,1,1,0,0,1
13442,3,2,1,1,1,1,2,3,2,1,1,1,1,2,3,2,1,1,1,1,2
13443,0,0,0,0,0,0,0,0,0,0,0,0,0,0,0,0,0,0,0,0,0
13444,0,0,0,0,0,0,0,0,0,0,0,0,0,0,0,0,0,0,0,0,0
13445,52,67,77,83,72,51,43,52,67,77,83,72,51,43,52,67,77,83,72,51,43
13446,116,127,133,122,106,96,97,116,127,133,122,106,96,97,116,127,133,122,106,96,97
13447,0,0,0,0,0,0,0,0,0,0,0,0,0,0,0,0,0,0,0,0,0
13448,0,0,0,0,0,0,0,0,0,0,0,0,0,0,0,0,0,0,0,0,0
13449,0,0,0,0,0,0,0,0,0,0,0,0,0,0,0,0,0,0,0,0,0
13450,0,0,0,0,0,0,0,0,0,0,0,0,0,0,0,0,0,0,0,0,0
13451,1,1,1,1,1,1,1,1,1,1,1,1,1,1,1,1,1,1,1,1,1
13452,3,2,2,2,1,2,2,3,2,2,2,1,2,2,3,2,2,2,1,2,2
13453,5,5,5,4,4,4,4,5,5,5,4,4,4,4,5,5,5,4,4,4,4
13454,2,3,4,3,2,2,2,2,3,4,3,2,2,2,2,3,4,3,2,2,2
13455,1,1,2,2,1,1,2,1,1,2,2,1,1,2,1,1,2,2,1,1,2
13456,0,0,0,0,0,0,0,0,0,0,0,0,0,0,0,0,0,0,0,0,0
13457,0,0,0,0,0,0,0,0,0,0,0,0,0,0,0,0,0,0,0,0,0
13458,6,7,8,8,7,5,5,6,7,8,8,7,5,5,6,7,8,8,7,5,5
13459,21,26,33,37,31,23,20,21,26,33,37,31,23,20,21,26,33,37,31,23,20
13460,6,7,9,10,10,8,8,6,7,9,10,10,8,8,6,7,9,10,10,8,8
13461,0,0,0,0,0,0,0,0,0,0,0,0,0,0,0,0,0,0,0,0,0
13462,9,10,10,13,13,13,11,9,10,10,13,13,13,11,9,10,10,13,13,13,11
13463,0,0,0,0,0,0,0,0,0,0,0,0,0,0,0,0,0,0,0,0,0
13464,116,127,133,122,106,96,97,116,127,133,122,106,96,97,116,127,133,122,106,96,97
13465,26,26,29,24,20,17,19,26,26,29,24,20,17,19,26,26,29,24,20,17,19
13466,30,35,38,33,26,20,20,30,35,38,33,26,20,20,30,35,38,33,26,20,20
13467,0,0,0,0,0,0,0,0,0,0,0,0,0,0,0,0,0,0,0,0,0
13468,8,8,9,8,7,5,6,8,8,9,8,7,5,6,8,8,9,8,7,5,6
13469,7,8,9,9,9,8,7,7,8,9,9,9,8,7,7,8,9,9,9,8,7
13470,20,21,20,20,18,16,17,20,21,20,20,18,16,17,20,21,20,20,18,16,17
13471,12,12,11,10,9,8,10,12,12,11,10,9,8,10,12,12,11,10,9,8,10
13472,41,45,44,43,39,33,34,41,45,44,43,39,33,34,41,45,44,43,39,33,34
13473,2,3,3,3,2,2,2,2,3,3,3,2,2,2,2,3,3,3,2,2,2
13474,27,31,32,29,26,23,23,27,31,32,29,26,23,23,27,31,32,29,26,23,23
13475,1,1,1,1,1,1,1,1,1,1,1,1,1,1,1,1,1,1,1,1,1
13476,0,0,0,0,0,0,0,0,0,0,0,0,0,0,0,0,0,0,0,0,0
13477,2,1,1,1,1,2,1,2,1,1,1,1,2,1,2,1,1,1,1,2,1
13478,18,21,20,17,15,14,15,18,21,20,17,15,14,15,18,21,20,17,15,14,15
13479,0,0,0,0,0,0,0,0,0,0,0,0,0,0,0,0,0,0,0,0,0
13480,0,0,0,0,0,0,0,0,0,0,0,0,0,0,0,0,0,0,0,0,0
13481,0,0,0,0,0,0,0,0,0,0,0,0,0,0,0,0,0,0,0,0,0
13482,1,1,3,2,1,0,0,1,1,3,2,1,0,0,1,1,3,2,1,0,0
13483,4,4,4,4,3,3,3,4,4,4,4,3,3,3,4,4,4,4,3,3,3
13484,15,16,16,14,13,11,12,15,16,16,14,13,11,12,15,16,16,14,13,11,12
13485,8,9,8,8,7,6,6,8,9,8,8,7,6,6,8,9,8,8,7,6,6
13486,14,15,17,18,15,13,12,14,15,17,18,15,13,12,14,15,17,18,15,13,12
13487,7,8,7,7,6,5,6,7,8,7,7,6,5,6,7,8,7,7,6,5,6
13488,7,6,6,6,6,6,6,7,6,6,6,6,6,6,7,6,6,6,6,6,6
13489,4,4,5,5,4,3,3,4,4,5,5,4,3,3,4,4,5,5,4,3,3
13490,2,2,2,2,2,2,2,2,2,2,2,2,2,2,2,2,2,2,2,2,2
13491,2,2,2,2,2,2,2,2,2,2,2,2,2,2,2,2,2,2,2,2,2
13492,2,2,2,2,2,2,2,2,2,2,2,2,2,2,2,2,2,2,2,2,2
13493,3,3,4,4,3,3,2,3,3,4,4,3,3,2,3,3,4,4,3,3,2
13494,11,16,16,16,14,11,9,11,16,16,16,14,11,9,11,16,16,16,14,11,9
13495,5,6,6,6,5,5,5,5,6,6,6,5,5,5,5,6,6,6,5,5,5
13496,3,3,2,2,2,1,1,3,3,2,2,2,1,1,3,3,2,2,2,1,1
13497,4,5,5,5,4,4,4,4,5,5,5,4,4,4,4,5,5,5,4,4,4
13498,5,4,4,4,3,3,3,5,4,4,4,3,3,3,5,4,4,4,3,3,3
13499,1,1,1,1,1,1,1,1,1,1,1,1,1,1,1,1,1,1,1,1,1
13500,2,2,2,2,2,1,2,2,2,2,2,2,1,2,2,2,2,2,2,1,2
13501,22,26,25,24,23,19,19,22,26,25,24,23,19,19,22,26,25,24,23,19,19
13502,1,0,0,0,1,2,2,1,0,0,0,1,2,2,1,0,0,0,1,2,2
13503,0,0,0,0,0,1,1,0,0,0,0,0,1,1,0,0,0,0,0,1,1
13504,0,0,0,0,0,0,0,0,0,0,0,0,0,0,0,0,0,0,0,0,0
13505,0,0,0,0,0,0,0,0,0,0,0,0,0,0,0,0,0,0,0,0,0
13506,0,0,0,0,0,0,0,0,0,0,0,0,0,0,0,0,0,0,0,0,0
13507,0,0,0,0,0,0,0,0,0,0,0,0,0,0,0,0,0,0,0,0,0
13508,4,5,6,5,4,3,3,4,5,6,5,4,3,3,4,5,6,5,4,3,3
13509,21,23,20,17,15,17,20,21,23,20,17,15,17,20,21,23,20,17,15,17,20
13510,1,2,1,1,0,1,1,1,2,1,1,0,1,1,1,2,1,1,0,1,1
13511,1,1,1,1,1,0,1,1,1,1,1,1,0,1,1,1,1,1,1,0,1
13512,0,0,0,0,0,0,0,0,0,0,0,0,0,0,0,0,0,0,0,0,0
13513,0,0,0,0,0,0,0,0,0,0,0,0,0,0,0,0,0,0,0,0,0
13514,0,0,1,0,1,0,0,0,0,1,0,1,0,0,0,0,1,0,1,0,0
13515,0,0,0,0,0,0,0,0,0,0,0,0,0,0,0,0,0,0,0,0,0
13516,4,6,5,4,3,6,4,4,6,5,4,3,6,4,4,6,5,4,3,6,4
13517,0,0,0,0,0,0,0,0,0,0,0,0,0,0,0,0,0,0,0,0,0
13518,1,1,0,2,2,2,2,1,1,0,2,2,2,2,1,1,0,2,2,2,2
13519,6,7,8,8,7,6,7,6,7,8,8,7,6,7,6,7,8,8,7,6,7
13520,1,0,0,0,0,0,0,1,0,0,0,0,0,0,1,0,0,0,0,0,0
13521,115,126,123,109,104,93,97,115,126,123,109,104,93,97,115,126,123,109,104,93,97
13522,0,0,0,0,0,0,0,0,0,0,0,0,0,0,0,0,0,0,0,0,0
13523,0,0,0,0,0,0,0,0,0,0,0,0,0,0,0,0,0,0,0,0,0
13524,0,0,0,0,0,0,0,0,0,0,0,0,0,0,0,0,0,0,0,0,0
13525,0,0,0,0,0,0,0,0,0,0,0,0,0,0,0,0,0,0,0,0,0
13526,0,0,0,0,0,0,0,0,0,0,0,0,0,0,0,0,0,0,0,0,0
13527,0,0,0,0,0,0,0,0,0,0,0,0,0,0,0,0,0,0,0,0,0
13528,0,0,0,0,0,0,0,0,0,0,0,0,0,0,0,0,0,0,0,0,0
13529,0,0,0,0,0,0,0,0,0,0,0,0,0,0,0,0,0,0,0,0,0
13530,0,0,0,0,0,0,0,0,0,0,0,0,0,0,0,0,0,0,0,0,0
13531,0,0,0,0,0,0,0,0,0,0,0,0,0,0,0,0,0,0,0,0,0
13532,0,0,0,0,0,0,0,0,0,0,0,0,0,0,0,0,0,0,0,0,0
13533,0,0,0,0,0,0,0,0,0,0,0,0,0,0,0,0,0,0,0,0,0
13534,15,17,18,18,17,14,13,15,17,18,18,17,14,13,15,17,18,18,17,14,13
13535,0,0,0,0,0,0,0,0,0,0,0,0,0,0,0,0,0,0,0,0,0
13536,0,0,0,0,0,0,0,0,0,0,0,0,0,0,0,0,0,0,0,0,0
13537,1,1,1,1,1,0,0,1,1,1,1,1,0,0,1,1,1,1,1,0,0
13538,40,48,51,52,49,36,34,40,48,51,52,49,36,34,40,48,51,52,49,36,34
13539,4,4,4,3,3,3,3,4,4,4,3,3,3,3,4,4,4,3,3,3,3
13540,0,0,0,0,0,0,0,0,0,0,0,0,0,0,0,0,0,0,0,0,0
13541,9,8,7,10,9,10,10,9,8,7,10,9,10,10,9,8,7,10,9,10,10
13542,10,11,13,13,12,10,8,10,11,13,13,12,10,8,10,11,13,13,12,10,8
13543,0,0,0,0,0,0,0,0,0,0,0,0,0,0,0,0,0,0,0,0,0
13544,0,0,0,0,0,0,0,0,0,0,0,0,0,0,0,0,0,0,0,0,0
13545,0,0,0,0,0,0,0,0,0,0,0,0,0,0,0,0,0,0,0,0,0
13546,3,4,4,4,4,3,3,3,4,4,4,4,3,3,3,4,4,4,4,3,3
13547,13,12,17,17,16,12,11,13,12,17,17,16,12,11,13,12,17,17,16,12,11
13548,3,3,3,2,2,2,2,3,3,3,2,2,2,2,3,3,3,2,2,2,2
13549,0,0,0,0,0,0,0,0,0,0,0,0,0,0,0,0,0,0,0,0,0
13550,1,1,1,0,0,0,0,1,1,1,0,0,0,0,1,1,1,0,0,0,0
13551,0,0,0,0,0,0,0,0,0,0,0,0,0,0,0,0,0,0,0,0,0
13552,1,1,1,1,1,1,1,1,1,1,1,1,1,1,1,1,1,1,1,1,1
13553,18,20,24,21,18,13,12,18,20,24,21,18,13,12,18,20,24,21,18,13,12
13554,10,10,9,8,7,6,10,10,10,9,8,7,6,10,10,10,9,8,7,6,10
13555,16,17,16,15,15,14,14,16,17,16,15,15,14,14,16,17,16,15,15,14,14
13556,0,0,0,0,0,0,0,0,0,0,0,0,0,0,0,0,0,0,0,0,0
13557,0,0,0,0,0,0,0,0,0,0,0,0,0,0,0,0,0,0,0,0,0
13558,0,0,0,0,0,0,0,0,0,0,0,0,0,0,0,0,0,0,0,0,0
13559,0,0,0,0,0,0,0,0,0,0,0,0,0,0,0,0,0,0,0,0,0
13560,0,0,0,0,0,0,0,0,0,0,0,0,0,0,0,0,0,0,0,0,0
13561,1,1,1,1,1,1,1,1,1,1,1,1,1,1,1,1,1,1,1,1,1
13562,1,2,3,2,2,1,1,1,2,3,2,2,1,1,1,2,3,2,2,1,1
13563,5,5,5,5,4,3,3,5,5,5,5,4,3,3,5,5,5,5,4,3,3
13564,0,0,0,1,1,0,0,0,0,0,1,1,0,0,0,0,0,1,1,0,0
13565,3,4,5,5,4,4,3,3,4,5,5,4,4,3,3,4,5,5,4,4,3
13566,9,9,10,10,9,9,8,9,9,10,10,9,9,8,9,9,10,10,9,9,8
13567,3,4,3,2,2,3,3,3,4,3,2,2,3,3,3,4,3,2,2,3,3
13568,2,2,2,1,1,1,2,2,2,2,1,1,1,2,2,2,2,1,1,1,2
13569,0,0,0,0,0,0,0,0,0,0,0,0,0,0,0,0,0,0,0,0,0
13570,2,2,2,1,1,1,1,2,2,2,1,1,1,1,2,2,2,1,1,1,1
13571,1,1,1,1,1,1,1,1,1,1,1,1,1,1,1,1,1,1,1,1,1
13572,4,6,5,4,3,4,4,4,6,5,4,3,4,4,4,6,5,4,3,4,4
13573,0,0,0,0,0,0,0,0,0,0,0,0,0,0,0,0,0,0,0,0,0
13574,2,1,2,1,1,1,2,2,1,2,1,1,1,2,2,1,2,1,1,1,2
13575,1,1,1,1,1,0,0,1,1,1,1,1,0,0,1,1,1,1,1,0,0
13576,7,8,8,7,6,5,5,7,8,8,7,6,5,5,7,8,8,7,6,5,5
13577,4,4,5,4,4,3,3,4,4,5,4,4,3,3,4,4,5,4,4,3,3
13578,7,8,7,5,4,4,5,7,8,7,5,4,4,5,7,8,7,5,4,4,5
13579,3,3,4,3,2,2,2,3,3,4,3,2,2,2,3,3,4,3,2,2,2
13580,1,1,1,1,1,1,1,1,1,1,1,1,1,1,1,1,1,1,1,1,1
13581,0,0,0,0,0,0,0,0,0,0,0,0,0,0,0,0,0,0,0,0,0
13582,6,7,7,6,5,5,5,6,7,7,6,5,5,5,6,7,7,6,5,5,5
13583,0,0,0,0,0,0,0,0,0,0,0,0,0,0,0,0,0,0,0,0,0
13584,2,3,3,3,2,1,2,2,3,3,3,2,1,2,2,3,3,3,2,1,2
13585,4,5,4,3,3,4,4,4,5,4,3,3,4,4,4,5,4,3,3,4,4
13586,0,0,0,0,0,0,0,0,0,0,0,0,0,0,0,0,0,0,0,0,0
13587,1,1,1,1,1,0,1,1,1,1,1,1,0,1,1,1,1,1,1,0,1
13588,0,0,0,0,0,0,0,0,0,0,0,0,0,0,0,0,0,0,0,0,0
13589,12,11,10,10,9,9,10,12,11,10,10,9,9,10,12,11,10,10,9,9,10
13590,21,23,20,17,16,16,17,21,23,20,17,16,16,17,21,23,20,17,16,16,17
13591,4,4,3,3,4,4,5,4,4,3,3,4,4,5,4,4,3,3,4,4,5
13592,11,11,10,9,9,9,9,11,11,10,9,9,9,9,11,11,10,9,9,9,9
13593,0,0,0,0,0,0,0,0,0,0,0,0,0,0,0,0,0,0,0,0,0
13594,3,3,3,4,3,2,2,3,3,3,4,3,2,2,3,3,3,4,3,2,2
13595,3,3,3,3,2,2,2,3,3,3,3,2,2,2,3,3,3,3,2,2,2
13596,2,1,1,1,1,1,1,2,1,1,1,1,1,1,2,1,1,1,1,1,1
13597,0,0,0,0,0,0,0,0,0,0,0,0,0,0,0,0,0,0,0,0,0
13598,9,9,9,7,6,6,6,9,9,9,7,6,6,6,9,9,9,7,6,6,6
13599,7,8,7,7,6,6,6,7,8,7,7,6,6,6,7,8,7,7,6,6,6
13600,2,2,2,2,1,2,2,2,2,2,2,1,2,2,2,2,2,2,1,2,2
13601,1,1,1,0,0,0,1,1,1,1,0,0,0,1,1,1,1,0,0,0,1
13602,0,0,0,0,0,0,0,0,0,0,0,0,0,0,0,0,0,0,0,0,0
13603,2,2,2,2,1,2,2,2,2,2,2,1,2,2,2,2,2,2,1,2,2
13604,4,4,4,4,4,3,3,4,4,4,4,4,3,3,4,4,4,4,4,3,3
13605,0,0,0,0,0,0,0,0,0,0,0,0,0,0,0,0,0,0,0,0,0
13606,1,1,1,1,1,1,1,1,1,1,1,1,1,1,1,1,1,1,1,1,1
13607,20,22,21,21,18,16,15,20,22,21,21,18,16,15,20,22,21,21,18,16,15
13608,1,2,1,1,1,1,1,1,2,1,1,1,1,1,1,2,1,1,1,1,1
13609,3,4,4,3,3,2,2,3,4,4,3,3,2,2,3,4,4,3,3,2,2
13610,0,0,0,0,0,0,0,0,0,0,0,0,0,0,0,0,0,0,0,0,0
13611,23,23,21,19,17,17,18,23,23,21,19,17,17,18,23,23,21,19,17,17,18
13612,1,1,1,1,1,1,1,1,1,1,1,1,1,1,1,1,1,1,1,1,1
13613,1,1,0,0,0,0,1,1,1,0,0,0,0,1,1,1,0,0,0,0,1
13614,0,0,0,0,0,0,0,0,0,0,0,0,0,0,0,0,0,0,0,0,0
13615,2,2,2,2,2,2,2,2,2,2,2,2,2,2,2,2,2,2,2,2,2
13616,3,3,3,3,3,3,3,3,3,3,3,3,3,3,3,3,3,3,3,3,3
13617,0,0,0,0,0,0,0,0,0,0,0,0,0,0,0,0,0,0,0,0,0
13618,1,0,1,1,1,0,0,1,0,1,1,1,0,0,1,0,1,1,1,0,0
13619,0,0,0,0,0,0,0,0,0,0,0,0,0,0,0,0,0,0,0,0,0
13620,0,0,0,0,0,0,0,0,0,0,0,0,0,0,0,0,0,0,0,0,0
13621,0,0,0,0,0,0,0,0,0,0,0,0,0,0,0,0,0,0,0,0,0
13622,0,0,0,0,0,0,0,0,0,0,0,0,0,0,0,0,0,0,0,0,0
13623,0,0,0,0,0,0,0,0,0,0,0,0,0,0,0,0,0,0,0,0,0
13624,0,0,0,0,0,0,0,0,0,0,0,0,0,0,0,0,0,0,0,0,0
13625,0,0,0,0,0,0,0,0,0,0,0,0,0,0,0,0,0,0,0,0,0
13626,0,0,0,0,0,0,0,0,0,0,0,0,0,0,0,0,0,0,0,0,0
13627,0,0,0,0,0,0,0,0,0,0,0,0,0,0,0,0,0,0,0,0,0
13628,0,0,0,0,0,0,0,0,0,0,0,0,0,0,0,0,0,0,0,0,0
13629,0,0,0,0,0,0,0,0,0,0,0,0,0,0,0,0,0,0,0,0,0
13630,0,0,0,0,0,0,0,0,0,0,0,0,0,0,0,0,0,0,0,0,0
13631,0,0,0,0,0,0,0,0,0,0,0,0,0,0,0,0,0,0,0,0,0
13632,0,0,0,0,0,0,0,0,0,0,0,0,0,0,0,0,0,0,0,0,0
13633,0,0,0,0,0,0,0,0,0,0,0,0,0,0,0,0,0,0,0,0,0
13634,0,0,0,0,0,0,0,0,0,0,0,0,0,0,0,0,0,0,0,0,0
13635,0,0,0,0,0,0,0,0,0,0,0,0,0,0,0,0,0,0,0,0,0
13636,0,0,0,0,0,0,0,0,0,0,0,0,0,0,0,0,0,0,0,0,0
13637,0,0,0,0,0,0,0,0,0,0,0,0,0,0,0,0,0,0,0,0,0
13638,0,0,0,0,0,0,0,0,0,0,0,0,0,0,0,0,0,0,0,0,0
13639,0,0,0,0,0,0,0,0,0,0,0,0,0,0,0,0,0,0,0,0,0
13640,0,0,0,0,0,0,0,0,0,0,0,0,0,0,0,0,0,0,0,0,0
13641,0,0,0,0,0,0,0,0,0,0,0,0,0,0,0,0,0,0,0,0,0
13642,0,0,0,0,0,0,0,0,0,0,0,0,0,0,0,0,0,0,0,0,0
13643,0,0,0,0,0,0,0,0,0,0,0,0,0,0,0,0,0,0,0,0,0
13644,4,3,3,3,3,3,3,4,3,3,3,3,3,3,4,3,3,3,3,3,3
13645,0,0,0,0,0,0,0,0,0,0,0,0,0,0,0,0,0,0,0,0,0
13646,0,0,0,0,0,0,0,0,0,0,0,0,0,0,0,0,0,0,0,0,0
13647,0,0,0,0,0,0,0,0,0,0,0,0,0,0,0,0,0,0,0,0,0
13648,0,1,1,0,1,1,0,0,1,1,0,1,1,0,0,1,1,0,1,1,0
13649,0,0,0,0,0,0,0,0,0,0,0,0,0,0,0,0,0,0,0,0,0
13650,7,8,8,8,8,7,6,7,8,8,8,8,7,6,7,8,8,8,8,7,6
13651,0,0,0,0,0,0,0,0,0,0,0,0,0,0,0,0,0,0,0,0,0
13652,3,2,2,2,1,2,3,3,2,2,2,1,2,3,3,2,2,2,1,2,3
13653,0,0,0,0,0,0,0,0,0,0,0,0,0,0,0,0,0,0,0,0,0
13654,0,0,0,0,0,0,0,0,0,0,0,0,0,0,0,0,0,0,0,0,0
13655,6,6,6,5,5,4,4,6,6,6,5,5,4,4,6,6,6,5,5,4,4
13656,3,5,3,2,3,4,2,3,5,3,2,3,4,2,3,5,3,2,3,4,2
13657,4,4,4,4,3,3,2,4,4,4,4,3,3,2,4,4,4,4,3,3,2
13658,0,0,0,0,0,0,0,0,0,0,0,0,0,0,0,0,0,0,0,0,0
13659,1,1,1,0,0,0,1,1,1,1,0,0,0,1,1,1,1,0,0,0,1
13660,10,12,14,12,10,9,9,10,12,14,12,10,9,9,10,12,14,12,10,9,9
13661,2,2,2,2,1,2,2,2,2,2,2,1,2,2,2,2,2,2,1,2,2
13662,0,0,0,1,0,0,0,0,0,0,1,0,0,0,0,0,0,1,0,0,0
13663,0,0,0,0,0,0,0,0,0,0,0,0,0,0,0,0,0,0,0,0,0
13664,0,0,0,0,0,0,0,0,0,0,0,0,0,0,0,0,0,0,0,0,0
13665,0,0,0,0,0,0,0,0,0,0,0,0,0,0,0,0,0,0,0,0,0
13666,21,30,36,36,29,23,18,21,30,36,36,29,23,18,21,30,36,36,29,23,18
13667,17,18,24,26,23,19,15,17,18,24,26,23,19,15,17,18,24,26,23,19,15
13668,0,0,0,0,0,0,0,0,0,0,0,0,0,0,0,0,0,0,0,0,0
13669,22,33,41,45,41,21,16,22,33,41,45,41,21,16,22,33,41,45,41,21,16
13670,0,0,0,0,0,0,0,0,0,0,0,0,0,0,0,0,0,0,0,0,0
13671,0,0,0,0,0,0,0,0,0,0,0,0,0,0,0,0,0,0,0,0,0
13672,2,3,4,5,5,3,2,2,3,4,5,5,3,2,2,3,4,5,5,3,2
13673,46,55,57,55,41,34,38,46,55,57,55,41,34,38,46,55,57,55,41,34,38
13674,1,0,0,0,1,1,2,1,0,0,0,1,1,2,1,0,0,0,1,1,2
13675,3,3,3,4,3,3,3,3,3,3,4,3,3,3,3,3,3,4,3,3,3
13676,0,0,0,0,0,0,0,0,0,0,0,0,0,0,0,0,0,0,0,0,0
13677,0,0,0,0,0,0,0,0,0,0,0,0,0,0,0,0,0,0,0,0,0
13678,2,0,1,0,0,2,2,2,0,1,0,0,2,2,2,0,1,0,0,2,2
13679,0,0,0,0,0,0,0,0,0,0,0,0,0,0,0,0,0,0,0,0,0
13680,0,0,0,0,0,0,0,0,0,0,0,0,0,0,0,0,0,0,0,0,0
13681,0,0,0,0,0,0,0,0,0,0,0,0,0,0,0,0,0,0,0,0,0
13682,0,0,0,0,0,0,0,0,0,0,0,0,0,0,0,0,0,0,0,0,0
13683,0,0,0,0,0,0,0,0,0,0,0,0,0,0,0,0,0,0,0,0,0
13684,2,2,2,2,2,2,2,2,2,2,2,2,2,2,2,2,2,2,2,2,2
13685,6,6,6,6,6,5,5,6,6,6,6,6,5,5,6,6,6,6,6,5,5
13686,1,1,1,1,1,1,0,1,1,1,1,1,1,0,1,1,1,1,1,1,0
13687,8,9,10,9,8,7,7,8,9,10,9,8,7,7,8,9,10,9,8,7,7
13688,1,1,1,1,1,1,1,1,1,1,1,1,1,1,1,1,1,1,1,1,1
13689,0,0,0,0,0,0,0,0,0,0,0,0,0,0,0,0,0,0,0,0,0
13690,3,3,3,3,3,3,3,3,3,3,3,3,3,3,3,3,3,3,3,3,3
13691,1,1,1,1,1,1,1,1,1,1,1,1,1,1,1,1,1,1,1,1,1
13692,0,0,0,1,0,0,0,0,0,0,1,0,0,0,0,0,0,1,0,0,0
13693,10,16,18,15,15,13,10,10,16,18,15,15,13,10,10,16,18,15,15,13,10
13694,0,0,0,0,0,0,0,0,0,0,0,0,0,0,0,0,0,0,0,0,0
13695,0,0,0,0,0,0,0,0,0,0,0,0,0,0,0,0,0,0,0,0,0
13696,0,0,0,0,0,0,0,0,0,0,0,0,0,0,0,0,0,0,0,0,0
13697,0,0,0,0,0,0,0,0,0,0,0,0,0,0,0,0,0,0,0,0,0
13698,1,1,1,1,2,1,1,1,1,1,1,2,1,1,1,1,1,1,2,1,1
13699,14,15,17,17,16,13,12,14,15,17,17,16,13,12,14,15,17,17,16,13,12
13700,1,1,1,1,1,1,1,1,1,1,1,1,1,1,1,1,1,1,1,1,1
13701,8,9,11,11,11,8,5,8,9,11,11,11,8,5,8,9,11,11,11,8,5
13702,3,3,3,2,3,3,2,3,3,3,2,3,3,2,3,3,3,2,3,3,2
13703,0,0,0,0,0,0,0,0,0,0,0,0,0,0,0,0,0,0,0,0,0
13704,0,0,0,0,0,0,0,0,0,0,0,0,0,0,0,0,0,0,0,0,0
13705,0,0,0,0,0,0,0,0,0,0,0,0,0,0,0,0,0,0,0,0,0
13706,0,0,0,0,0,0,0,0,0,0,0,0,0,0,0,0,0,0,0,0,0
13707,0,0,0,0,0,0,0,0,0,0,0,0,0,0,0,0,0,0,0,0,0
13708,0,0,0,0,0,0,0,0,0,0,0,0,0,0,0,0,0,0,0,0,0
13709,3,4,3,3,2,2,3,3,4,3,3,2,2,3,3,4,3,3,2,2,3
13710,3,3,2,2,2,2,2,3,3,2,2,2,2,2,3,3,2,2,2,2,2
13711,56,61,67,58,47,40,41,56,61,67,58,47,40,41,56,61,67,58,47,40,41
13712,0,0,0,0,0,0,0,0,0,0,0,0,0,0,0,0,0,0,0,0,0
13713,0,0,0,0,0,0,0,0,0,0,0,0,0,0,0,0,0,0,0,0,0
13714,0,0,0,0,0,0,0,0,0,0,0,0,0,0,0,0,0,0,0,0,0
13715,29,34,36,35,30,27,23,29,34,36,35,30,27,23,29,34,36,35,30,27,23
13716,58,73,92,95,81,61,56,58,73,92,95,81,61,56,58,73,92,95,81,61,56
13717,3,3,4,3,2,2,2,3,3,4,3,2,2,2,3,3,4,3,2,2,2
13718,65,76,79,72,62,52,52,65,76,79,72,62,52,52,65,76,79,72,62,52,52
13719,0,0,0,0,0,0,0,0,0,0,0,0,0,0,0,0,0,0,0,0,0
13720,39,54,54,52,38,30,27,39,54,54,52,38,30,27,39,54,54,52,38,30,27
13721,17,21,21,20,16,12,13,17,21,21,20,16,12,13,17,21,21,20,16,12,13
13722,0,0,0,0,0,0,0,0,0,0,0,0,0,0,0,0,0,0,0,0,0
13723,2,3,3,4,4,3,2,2,3,3,4,4,3,2,2,3,3,4,4,3,2
13724,116,127,133,122,106,96,95,116,127,133,122,106,96,95,116,127,133,122,106,96,95
13725,0,0,0,0,0,0,0,0,0,0,0,0,0,0,0,0,0,0,0,0,0
13726,10,14,16,17,13,9,8,10,14,16,17,13,9,8,10,14,16,17,13,9,8
13727,1,1,1,1,1,1,1,1,1,1,1,1,1,1,1,1,1,1,1,1,1
13728,13,15,17,16,14,10,10,13,15,17,16,14,10,10,13,15,17,16,14,10,10
13729,18,19,22,20,17,16,15,18,19,22,20,17,16,15,18,19,22,20,17,16,15
13730,13,15,12,13,12,11,11,13,15,12,13,12,11,11,13,15,12,13,12,11,11
13731,1,1,1,1,1,0,1,1,1,1,1,1,0,1,1,1,1,1,1,0,1
13732,17,24,24,21,17,14,13,17,24,24,21,17,14,13,17,24,24,21,17,14,13
13733,1,1,2,2,2,1,1,1,1,2,2,2,1,1,1,1,2,2,2,1,1
13734,0,0,0,0,0,0,0,0,0,0,0,0,0,0,0,0,0,0,0,0,0
13735,1,1,1,1,1,0,1,1,1,1,1,1,0,1,1,1,1,1,1,0,1
13736,0,0,0,0,0,0,0,0,0,0,0,0,0,0,0,0,0,0,0,0,0
13737,42,72,87,73,46,19,12,42,72,87,73,46,19,12,42,72,87,73,46,19,12
13738,1,1,1,1,1,1,1,1,1,1,1,1,1,1,1,1,1,1,1,1,1
13739,0,0,0,0,0,0,0,0,0,0,0,0,0,0,0,0,0,0,0,0,0
13740,0,0,0,0,0,0,0,0,0,0,0,0,0,0,0,0,0,0,0,0,0
13741,0,0,0,0,0,0,0,0,0,0,0,0,0,0,0,0,0,0,0,0,0
13742,0,0,0,0,0,0,0,0,0,0,0,0,0,0,0,0,0,0,0,0,0
13743,0,0,0,0,0,0,0,0,0,0,0,0,0,0,0,0,0,0,0,0,0
13744,0,0,0,0,0,0,0,0,0,0,0,0,0,0,0,0,0,0,0,0,0
13745,0,0,0,0,0,0,0,0,0,0,0,0,0,0,0,0,0,0,0,0,0
13746,0,0,0,0,0,0,0,0,0,0,0,0,0,0,0,0,0,0,0,0,0
13747,0,0,0,0,0,0,0,0,0,0,0,0,0,0,0,0,0,0,0,0,0
13748,0,0,0,0,0,0,0,0,0,0,0,0,0,0,0,0,0,0,0,0,0
13749,0,0,0,0,0,0,0,0,0,0,0,0,0,0,0,0,0,0,0,0,0
13750,0,0,0,0,0,0,0,0,0,0,0,0,0,0,0,0,0,0,0,0,0
13751,0,0,0,0,0,0,0,0,0,0,0,0,0,0,0,0,0,0,0,0,0
13752,0,0,0,0,0,0,0,0,0,0,0,0,0,0,0,0,0,0,0,0,0
13753,4,4,5,4,4,4,3,4,4,5,4,4,4,3,4,4,5,4,4,4,3
13754,0,0,0,0,0,0,0,0,0,0,0,0,0,0,0,0,0,0,0,0,0
13755,1,1,1,1,1,1,1,1,1,1,1,1,1,1,1,1,1,1,1,1,1
13756,0,1,0,0,0,0,0,0,1,0,0,0,0,0,0,1,0,0,0,0,0
13757,0,1,1,1,0,0,0,0,1,1,1,0,0,0,0,1,1,1,0,0,0
13758,0,0,0,0,0,0,0,0,0,0,0,0,0,0,0,0,0,0,0,0,0
13759,0,0,0,0,0,0,0,0,0,0,0,0,0,0,0,0,0,0,0,0,0
13760,1,1,1,1,1,0,0,1,1,1,1,1,0,0,1,1,1,1,1,0,0
13761,0,0,0,0,0,0,0,0,0,0,0,0,0,0,0,0,0,0,0,0,0
13762,0,0,0,0,0,0,0,0,0,0,0,0,0,0,0,0,0,0,0,0,0
13763,15,16,16,16,13,12,14,15,16,16,16,13,12,14,15,16,16,16,13,12,14
13764,48,55,54,48,42,38,37,48,55,54,48,42,38,37,48,55,54,48,42,38,37
13765,20,21,20,21,18,16,17,20,21,20,21,18,16,17,20,21,20,21,18,16,17
13766,3,3,3,3,2,2,2,3,3,3,3,2,2,2,3,3,3,3,2,2,2
13767,1,1,1,0,1,1,1,1,1,1,0,1,1,1,1,1,1,0,1,1,1
13768,1,2,2,1,1,1,1,1,2,2,1,1,1,1,1,2,2,1,1,1,1
13769,2,3,3,2,2,3,3,2,3,3,2,2,3,3,2,3,3,2,2,3,3
13770,1,1,0,0,0,0,0,1,1,0,0,0,0,0,1,1,0,0,0,0,0
13771,0,0,0,0,0,0,0,0,0,0,0,0,0,0,0,0,0,0,0,0,0
13772,1,1,1,1,1,1,1,1,1,1,1,1,1,1,1,1,1,1,1,1,1
13773,116,127,133,122,106,96,97,116,127,133,122,106,96,97,116,127,133,122,106,96,97
13774,1,1,1,1,1,1,1,1,1,1,1,1,1,1,1,1,1,1,1,1,1
13775,0,0,0,0,0,0,0,0,0,0,0,0,0,0,0,0,0,0,0,0,0
13776,3,3,2,2,2,2,3,3,3,2,2,2,2,3,3,3,2,2,2,2,3
13777,1,1,1,0,0,0,0,1,1,1,0,0,0,0,1,1,1,0,0,0,0
13778,6,6,7,7,7,5,5,6,6,7,7,7,5,5,6,6,7,7,7,5,5
13779,17,20,21,19,16,13,13,17,20,21,19,16,13,13,17,20,21,19,16,13,13
13780,8,8,9,9,7,5,6,8,8,9,9,7,5,6,8,8,9,9,7,5,6
13781,18,22,27,26,22,14,13,18,22,27,26,22,14,13,18,22,27,26,22,14,13
13782,44,46,51,46,39,34,34,44,46,51,46,39,34,34,44,46,51,46,39,34,34
13783,32,38,48,47,38,25,23,32,38,48,47,38,25,23,32,38,48,47,38,25,23
13784,4,5,6,5,4,4,4,4,5,6,5,4,4,4,4,5,6,5,4,4,4
13785,21,23,26,25,24,20,19,21,23,26,25,24,20,19,21,23,26,25,24,20,19
13786,1,1,1,1,1,0,1,1,1,1,1,1,0,1,1,1,1,1,1,0,1
13787,3,3,3,3,2,2,2,3,3,3,3,2,2,2,3,3,3,3,2,2,2
13788,3,3,4,4,3,3,3,3,3,4,4,3,3,3,3,3,4,4,3,3,3
13789,9,14,18,20,16,8,7,9,14,18,20,16,8,7,9,14,18,20,16,8,7
13790,12,16,27,27,23,13,10,12,16,27,27,23,13,10,12,16,27,27,23,13,10
13791,1,1,1,1,1,1,1,1,1,1,1,1,1,1,1,1,1,1,1,1,1
13792,1,1,1,1,1,1,1,1,1,1,1,1,1,1,1,1,1,1,1,1,1
13793,4,5,5,5,4,3,3,4,5,5,5,4,3,3,4,5,5,5,4,3,3
13794,6,7,10,12,11,5,5,6,7,10,12,11,5,5,6,7,10,12,11,5,5
13795,2,2,3,2,2,2,2,2,2,3,2,2,2,2,2,2,3,2,2,2,2
13796,33,43,51,49,39,25,25,33,43,51,49,39,25,25,33,43,51,49,39,25,25
13797,8,9,11,12,10,8,7,8,9,11,12,10,8,7,8,9,11,12,10,8,7
13798,0,0,0,0,0,0,0,0,0,0,0,0,0,0,0,0,0,0,0,0,0
13799,2,2,1,1,1,1,2,2,2,1,1,1,1,2,2,2,1,1,1,1,2
13800,1,2,2,2,1,1,1,1,2,2,2,1,1,1,1,2,2,2,1,1,1
13801,0,0,0,0,0,0,0,0,0,0,0,0,0,0,0,0,0,0,0,0,0
13802,4,4,6,6,6,4,4,4,4,6,6,6,4,4,4,4,6,6,6,4,4
13803,2,2,2,1,1,1,2,2,2,2,1,1,1,2,2,2,2,1,1,1,2
13804,3,4,5,5,4,4,3,3,4,5,5,4,4,3,3,4,5,5,4,4,3
13805,1,1,1,1,1,1,1,1,1,1,1,1,1,1,1,1,1,1,1,1,1
13806,1,1,1,1,1,0,0,1,1,1,1,1,0,0,1,1,1,1,1,0,0
13807,0,0,0,0,0,0,0,0,0,0,0,0,0,0,0,0,0,0,0,0,0
13808,1,2,2,2,1,1,1,1,2,2,2,1,1,1,1,2,2,2,1,1,1
13809,0,0,0,0,0,0,0,0,0,0,0,0,0,0,0,0,0,0,0,0,0
13810,0,0,0,0,0,0,0,0,0,0,0,0,0,0,0,0,0,0,0,0,0
13811,0,0,0,0,0,0,0,0,0,0,0,0,0,0,0,0,0,0,0,0,0
13812,0,0,0,0,0,0,0,0,0,0,0,0,0,0,0,0,0,0,0,0,0
13813,0,0,0,0,0,0,0,0,0,0,0,0,0,0,0,0,0,0,0,0,0
13814,0,0,0,0,0,0,0,0,0,0,0,0,0,0,0,0,0,0,0,0,0
13815,0,0,0,0,0,0,0,0,0,0,0,0,0,0,0,0,0,0,0,0,0
13816,0,0,0,0,0,0,0,0,0,0,0,0,0,0,0,0,0,0,0,0,0
13817,0,0,0,0,0,0,0,0,0,0,0,0,0,0,0,0,0,0,0,0,0
13818,0,0,0,0,0,0,0,0,0,0,0,0,0,0,0,0,0,0,0,0,0
13819,0,0,0,0,0,0,0,0,0,0,0,0,0,0,0,0,0,0,0,0,0
13820,0,0,0,0,0,0,0,0,0,0,0,0,0,0,0,0,0,0,0,0,0
13821,0,0,0,0,0,0,0,0,0,0,0,0,0,0,0,0,0,0,0,0,0
13822,0,0,0,0,0,0,0,0,0,0,0,0,0,0,0,0,0,0,0,0,0
13823,1,1,1,1,1,1,1,1,1,1,1,1,1,1,1,1,1,1,1,1,1
13824,0,0,0,0,0,0,0,0,0,0,0,0,0,0,0,0,0,0,0,0,0
13825,0,0,0,0,0,0,0,0,0,0,0,0,0,0,0,0,0,0,0,0,0
13826,0,0,0,0,0,0,0,0,0,0,0,0,0,0,0,0,0,0,0,0,0
13827,1,1,1,1,1,1,1,1,1,1,1,1,1,1,1,1,1,1,1,1,1
13828,3,3,3,3,2,2,2,3,3,3,3,2,2,2,3,3,3,3,2,2,2
13829,0,1,1,1,1,1,1,0,1,1,1,1,1,1,0,1,1,1,1,1,1
13830,0,0,0,0,0,0,0,0,0,0,0,0,0,0,0,0,0,0,0,0,0
13831,2,0,0,0,0,1,1,2,0,0,0,0,1,1,2,0,0,0,0,1,1
13832,2,2,2,2,2,3,2,2,2,2,2,2,3,2,2,2,2,2,2,3,2
13833,29,13,18,11,11,28,33,29,13,18,11,11,28,33,29,13,18,11,11,28,33
13834,0,0,0,0,0,0,0,0,0,0,0,0,0,0,0,0,0,0,0,0,0
13835,0,0,0,0,0,0,0,0,0,0,0,0,0,0,0,0,0,0,0,0,0
13836,5,6,6,6,5,4,5,5,6,6,6,5,4,5,5,6,6,6,5,4,5
13837,6,6,6,6,5,6,5,6,6,6,6,5,6,5,6,6,6,6,5,6,5
13838,20,13,12,13,12,9,19,20,13,12,13,12,9,19,20,13,12,13,12,9,19
13839,28,28,38,45,22,31,45,28,28,38,45,22,31,45,28,28,38,45,22,31,45
13840,4,11,15,11,10,6,4,4,11,15,11,10,6,4,4,11,15,11,10,6,4
13841,7,1,5,8,8,8,8,7,1,5,8,8,8,8,7,1,5,8,8,8,8
13842,6,6,6,5,0,0,5,6,6,6,5,0,0,5,6,6,6,5,0,0,5
13843,7,19,25,28,19,11,10,7,19,25,28,19,11,10,7,19,25,28,19,11,10
13844,2,2,3,3,3,1,2,2,2,3,3,3,1,2,2,2,3,3,3,1,2
13845,0,0,0,0,0,0,0,0,0,0,0,0,0,0,0,0,0,0,0,0,0
13846,115,127,133,122,106,93,92,115,127,133,122,106,93,92,115,127,133,122,106,93,92
13847,65,95,85,76,84,81,84,65,95,85,76,84,81,84,65,95,85,76,84,81,84
13848,116,127,133,122,106,96,97,116,127,133,122,106,96,97,116,127,133,122,106,96,97
13849,49,55,42,59,26,32,40,49,55,42,59,26,32,40,49,55,42,59,26,32,40
13850,34,58,34,27,21,32,25,34,58,34,27,21,32,25,34,58,34,27,21,32,25
13851,0,0,0,0,0,0,0,0,0,0,0,0,0,0,0,0,0,0,0,0,0
13852,2,2,2,2,2,0,2,2,2,2,2,2,0,2,2,2,2,2,2,0,2
13853,116,127,133,116,66,88,97,116,127,133,116,66,88,97,116,127,133,116,66,88,97
13854,98,92,84,85,75,83,87,98,92,84,85,75,83,87,98,92,84,85,75,83,87
13855,2,2,3,3,2,0,2,2,2,3,3,2,0,2,2,2,3,3,2,0,2
13856,116,127,133,122,106,96,97,116,127,133,122,106,96,97,116,127,133,122,106,96,97
13857,116,127,133,122,106,96,97,116,127,133,122,106,96,97,116,127,133,122,106,96,97
13858,16,7,6,13,7,24,13,16,7,6,13,7,24,13,16,7,6,13,7,24,13
13859,116,127,133,122,106,96,97,116,127,133,122,106,96,97,116,127,133,122,106,96,97
13860,104,126,133,122,106,96,95,104,126,133,122,106,96,95,104,126,133,122,106,96,95
13861,42,43,49,38,34,30,28,42,43,49,38,34,30,28,42,43,49,38,34,30,28
13862,1,5,5,1,4,4,6,1,5,5,1,4,4,6,1,5,5,1,4,4,6
13863,20,30,20,25,25,38,36,20,30,20,25,25,38,36,20,30,20,25,25,38,36
13864,64,60,97,88,95,91,93,64,60,97,88,95,91,93,64,60,97,88,95,91,93
13865,21,24,26,17,14,17,14,21,24,26,17,14,17,14,21,24,26,17,14,17,14
13866,67,48,44,44,42,68,57,67,48,44,44,42,68,57,67,48,44,44,42,68,57
13867,29,25,32,35,44,32,40,29,25,32,35,44,32,40,29,25,32,35,44,32,40
13868,0,0,0,0,0,0,0,0,0,0,0,0,0,0,0,0,0,0,0,0,0
13869,0,0,0,0,0,0,0,0,0,0,0,0,0,0,0,0,0,0,0,0,0
13870,15,18,4,5,5,10,18,15,18,4,5,5,10,18,15,18,4,5,5,10,18
13871,0,0,0,0,0,0,0,0,0,0,0,0,0,0,0,0,0,0,0,0,0
13872,0,0,0,0,0,0,0,0,0,0,0,0,0,0,0,0,0,0,0,0,0
13873,0,0,0,0,0,0,0,0,0,0,0,0,0,0,0,0,0,0,0,0,0
13874,0,0,0,0,0,0,0,0,0,0,0,0,0,0,0,0,0,0,0,0,0
13875,0,0,0,0,0,0,0,0,0,0,0,0,0,0,0,0,0,0,0,0,0
13876,10,10,14,9,6,9,9,10,10,14,9,6,9,9,10,10,14,9,6,9,9
13877,4,4,0,0,0,0,0,4,4,0,0,0,0,0,4,4,0,0,0,0,0
13878,0,0,0,0,0,0,0,0,0,0,0,0,0,0,0,0,0,0,0,0,0
13879,1,1,1,0,0,1,1,1,1,1,0,0,1,1,1,1,1,0,0,1,1
13880,2,3,0,0,0,0,0,2,3,0,0,0,0,0,2,3,0,0,0,0,0
13881,0,0,0,0,0,0,0,0,0,0,0,0,0,0,0,0,0,0,0,0,0
13882,0,0,0,0,0,0,0,0,0,0,0,0,0,0,0,0,0,0,0,0,0
13883,3,3,3,2,3,2,2,3,3,3,2,3,2,2,3,3,3,2,3,2,2
13884,8,8,9,8,8,7,7,8,8,9,8,8,7,7,8,8,9,8,8,7,7
13885,1,1,1,0,0,0,0,1,1,1,0,0,0,0,1,1,1,0,0,0,0
13886,0,0,0,0,0,0,0,0,0,0,0,0,0,0,0,0,0,0,0,0,0
13887,1,1,2,1,1,1,1,1,1,2,1,1,1,1,1,1,2,1,1,1,1
13888,1,1,1,1,1,1,1,1,1,1,1,1,1,1,1,1,1,1,1,1,1
13889,0,0,0,0,0,0,0,0,0,0,0,0,0,0,0,0,0,0,0,0,0
13890,0,0,0,0,0,0,0,0,0,0,0,0,0,0,0,0,0,0,0,0,0
13891,0,0,0,0,0,0,0,0,0,0,0,0,0,0,0,0,0,0,0,0,0
13892,0,0,1,2,1,1,0,0,0,1,2,1,1,0,0,0,1,2,1,1,0
13893,1,0,0,0,0,0,1,1,0,0,0,0,0,1,1,0,0,0,0,0,1
13894,7,8,7,6,6,6,6,7,8,7,6,6,6,6,7,8,7,6,6,6,6
13895,8,9,10,9,8,7,7,8,9,10,9,8,7,7,8,9,10,9,8,7,7
13896,0,0,0,0,0,0,0,0,0,0,0,0,0,0,0,0,0,0,0,0,0
13897,0,0,0,0,0,0,0,0,0,0,0,0,0,0,0,0,0,0,0,0,0
13898,6,6,6,5,4,4,5,6,6,6,5,4,4,5,6,6,6,5,4,4,5
13899,0,1,1,1,1,0,0,0,1,1,1,1,0,0,0,1,1,1,1,0,0
13900,0,0,0,0,0,0,0,0,0,0,0,0,0,0,0,0,0,0,0,0,0
13901,21,23,24,21,19,17,17,21,23,24,21,19,17,17,21,23,24,21,19,17,17
13902,1,1,1,1,1,1,1,1,1,1,1,1,1,1,1,1,1,1,1,1,1
13903,0,0,0,0,0,0,0,0,0,0,0,0,0,0,0,0,0,0,0,0,0
13904,0,0,0,3,3,0,0,0,0,0,3,3,0,0,0,0,0,3,3,0,0
13905,2,2,2,2,2,2,2,2,2,2,2,2,2,2,2,2,2,2,2,2,2
13906,2,3,3,2,2,2,2,2,3,3,2,2,2,2,2,3,3,2,2,2,2
13907,4,5,5,3,3,3,4,4,5,5,3,3,3,4,4,5,5,3,3,3,4
13908,3,3,4,3,3,2,4,3,3,4,3,3,2,4,3,3,4,3,3,2,4
13909,14,16,17,16,14,12,12,14,16,17,16,14,12,12,14,16,17,16,14,12,12
13910,4,4,4,3,3,3,4,4,4,4,3,3,3,4,4,4,4,3,3,3,4
13911,1,1,1,1,1,1,1,1,1,1,1,1,1,1,1,1,1,1,1,1,1
13912,0,0,0,0,0,0,0,0,0,0,0,0,0,0,0,0,0,0,0,0,0
13913,1,1,1,1,1,0,1,1,1,1,1,1,0,1,1,1,1,1,1,0,1
13914,51,64,73,85,73,59,44,51,64,73,85,73,59,44,51,64,73,85,73,59,44
13915,19,23,28,40,33,25,14,19,23,28,40,33,25,14,19,23,28,40,33,25,14
13916,7,7,5,6,5,5,5,7,7,5,6,5,5,5,7,7,5,6,5,5,5
13917,82,107,109,96,71,61,67,82,107,109,96,71,61,67,82,107,109,96,71,61,67
13918,0,0,0,0,0,0,0,0,0,0,0,0,0,0,0,0,0,0,0,0,0
13919,4,4,4,3,3,2,3,4,4,4,3,3,2,3,4,4,4,3,3,2,3
13920,3,3,3,3,3,3,2,3,3,3,3,3,3,2,3,3,3,3,3,3,2
13921,18,19,22,20,17,15,13,18,19,22,20,17,15,13,18,19,22,20,17,15,13
13922,0,0,0,0,0,0,0,0,0,0,0,0,0,0,0,0,0,0,0,0,0
13923,1,1,1,1,1,1,1,1,1,1,1,1,1,1,1,1,1,1,1,1,1
13924,3,3,4,3,3,2,2,3,3,4,3,3,2,2,3,3,4,3,3,2,2
13925,0,0,0,0,0,0,0,0,0,0,0,0,0,0,0,0,0,0,0,0,0
13926,13,15,15,14,11,11,11,13,15,15,14,11,11,11,13,15,15,14,11,11,11
13927,3,4,3,3,2,2,3,3,4,3,3,2,2,3,3,4,3,3,2,2,3
13928,1,1,1,2,1,1,1,1,1,1,2,1,1,1,1,1,1,2,1,1,1
13929,1,1,1,1,1,1,1,1,1,1,1,1,1,1,1,1,1,1,1,1,1
13930,1,1,1,1,1,1,1,1,1,1,1,1,1,1,1,1,1,1,1,1,1
13931,4,3,3,3,2,2,2,4,3,3,3,2,2,2,4,3,3,3,2,2,2
13932,0,0,0,0,0,0,0,0,0,0,0,0,0,0,0,0,0,0,0,0,0
13933,0,0,0,0,0,0,0,0,0,0,0,0,0,0,0,0,0,0,0,0,0
13934,0,1,1,1,1,1,1,0,1,1,1,1,1,1,0,1,1,1,1,1,1
13935,4,4,4,3,3,3,3,4,4,4,3,3,3,3,4,4,4,3,3,3,3
13936,1,1,2,1,1,1,1,1,1,2,1,1,1,1,1,1,2,1,1,1,1
13937,1,1,1,1,1,1,1,1,1,1,1,1,1,1,1,1,1,1,1,1,1
13938,3,4,3,3,3,2,3,3,4,3,3,3,2,3,3,4,3,3,3,2,3
13939,1,1,1,0,1,1,1,1,1,1,0,1,1,1,1,1,1,0,1,1,1
13940,0,1,1,1,1,0,0,0,1,1,1,1,0,0,0,1,1,1,1,0,0
13941,1,1,1,1,1,1,1,1,1,1,1,1,1,1,1,1,1,1,1,1,1
13942,1,1,1,1,1,1,1,1,1,1,1,1,1,1,1,1,1,1,1,1,1
13943,2,2,1,1,0,0,1,2,2,1,1,0,0,1,2,2,1,1,0,0,1
13944,0,0,0,0,0,0,0,0,0,0,0,0,0,0,0,0,0,0,0,0,0
13945,0,0,0,0,0,0,0,0,0,0,0,0,0,0,0,0,0,0,0,0,0
13946,0,0,0,0,0,0,0,0,0,0,0,0,0,0,0,0,0,0,0,0,0
13947,0,0,0,0,0,0,0,0,0,0,0,0,0,0,0,0,0,0,0,0,0
13948,0,0,0,0,0,0,0,0,0,0,0,0,0,0,0,0,0,0,0,0,0
13949,0,0,0,0,0,0,0,0,0,0,0,0,0,0,0,0,0,0,0,0,0
13950,0,0,0,0,0,0,0,0,0,0,0,0,0,0,0,0,0,0,0,0,0
13951,0,0,0,0,0,0,0,0,0,0,0,0,0,0,0,0,0,0,0,0,0
13952,0,0,0,0,0,0,0,0,0,0,0,0,0,0,0,0,0,0,0,0,0
13953,0,0,0,0,0,0,0,0,0,0,0,0,0,0,0,0,0,0,0,0,0
13954,0,0,0,0,0,0,0,0,0,0,0,0,0,0,0,0,0,0,0,0,0
13955,0,0,0,0,0,0,0,0,0,0,0,0,0,0,0,0,0,0,0,0,0
13956,0,0,0,0,0,0,0,0,0,0,0,0,0,0,0,0,0,0,0,0,0
13957,0,0,0,0,0,0,0,0,0,0,0,0,0,0,0,0,0,0,0,0,0
13958,0,0,0,0,0,0,0,0,0,0,0,0,0,0,0,0,0,0,0,0,0
13959,1,1,0,0,0,0,0,1,1,0,0,0,0,0,1,1,0,0,0,0,0
13960,0,0,0,0,0,0,0,0,0,0,0,0,0,0,0,0,0,0,0,0,0
13961,0,0,0,0,0,0,0,0,0,0,0,0,0,0,0,0,0,0,0,0,0
13962,0,0,0,0,0,0,0,0,0,0,0,0,0,0,0,0,0,0,0,0,0
13963,0,0,0,0,0,0,0,0,0,0,0,0,0,0,0,0,0,0,0,0,0
13964,1,1,1,1,1,1,1,1,1,1,1,1,1,1,1,1,1,1,1,1,1
13965,0,0,0,0,0,0,0,0,0,0,0,0,0,0,0,0,0,0,0,0,0
13966,0,0,0,0,0,0,0,0,0,0,0,0,0,0,0,0,0,0,0,0,0
13967,0,0,0,0,0,0,0,0,0,0,0,0,0,0,0,0,0,0,0,0,0
13968,0,0,0,0,0,0,0,0,0,0,0,0,0,0,0,0,0,0,0,0,0
13969,0,0,0,0,0,0,0,0,0,0,0,0,0,0,0,0,0,0,0,0,0
13970,0,0,0,0,0,0,0,0,0,0,0,0,0,0,0,0,0,0,0,0,0
13971,0,0,0,0,0,0,0,0,0,0,0,0,0,0,0,0,0,0,0,0,0
13972,0,0,0,0,0,0,0,0,0,0,0,0,0,0,0,0,0,0,0,0,0
13973,0,0,0,0,0,0,0,0,0,0,0,0,0,0,0,0,0,0,0,0,0
13974,0,0,0,0,0,0,0,0,0,0,0,0,0,0,0,0,0,0,0,0,0
13975,8,9,10,10,9,8,8,8,9,10,10,9,8,8,8,9,10,10,9,8,8
13976,1,1,1,1,1,1,1,1,1,1,1,1,1,1,1,1,1,1,1,1,1
13977,4,4,5,5,4,4,4,4,4,5,5,4,4,4,4,4,5,5,4,4,4
13978,14,14,14,14,11,11,11,14,14,14,14,11,11,11,14,14,14,14,11,11,11
13979,1,1,1,1,0,0,1,1,1,1,1,0,0,1,1,1,1,1,0,0,1
13980,0,0,0,0,0,0,0,0,0,0,0,0,0,0,0,0,0,0,0,0,0
13981,23,27,30,28,23,19,18,23,27,30,28,23,19,18,23,27,30,28,23,19,18
13982,0,1,1,0,0,0,0,0,1,1,0,0,0,0,0,1,1,0,0,0,0
13983,0,0,0,0,0,0,0,0,0,0,0,0,0,0,0,0,0,0,0,0,0
13984,3,4,4,5,4,4,3,3,4,4,5,4,4,3,3,4,4,5,4,4,3
13985,19,18,18,16,13,12,14,19,18,18,16,13,12,14,19,18,18,16,13,12,14
13986,4,4,3,4,4,4,3,4,4,3,4,4,4,3,4,4,3,4,4,4,3
13987,1,0,0,1,1,0,1,1,0,0,1,1,0,1,1,0,0,1,1,0,1
13988,43,50,44,52,40,36,36,43,50,44,52,40,36,36,43,50,44,52,40,36,36
13989,0,0,0,0,0,0,0,0,0,0,0,0,0,0,0,0,0,0,0,0,0
13990,13,10,9,6,5,7,10,13,10,9,6,5,7,10,13,10,9,6,5,7,10
13991,0,0,0,0,0,0,0,0,0,0,0,0,0,0,0,0,0,0,0,0,0
13992,2,2,1,1,1,1,2,2,2,1,1,1,1,2,2,2,1,1,1,1,2
13993,2,2,2,2,2,2,1,2,2,2,2,2,2,1,2,2,2,2,2,2,1
13994,0,0,0,0,0,0,0,0,0,0,0,0,0,0,0,0,0,0,0,0,0
13995,0,0,0,0,0,0,0,0,0,0,0,0,0,0,0,0,0,0,0,0,0
13996,0,0,0,0,0,0,0,0,0,0,0,0,0,0,0,0,0,0,0,0,0
13997,0,0,0,0,0,0,0,0,0,0,0,0,0,0,0,0,0,0,0,0,0
13998,0,0,0,0,0,0,0,0,0,0,0,0,0,0,0,0,0,0,0,0,0
13999,0,0,1,1,1,0,0,0,0,1,1,1,0,0,0,0,1,1,1,0,0
14000,0,0,0,0,0,0,0,0,0,0,0,0,0,0,0,0,0,0,0,0,0
14001,0,0,0,0,0,0,0,0,0,0,0,0,0,0,0,0,0,0,0,0,0
14002,5,5,5,4,4,5,4,5,5,5,4,4,5,4,5,5,5,4,4,5,4
14003,0,0,0,0,0,0,0,0,0,0,0,0,0,0,0,0,0,0,0,0,0
14004,0,0,0,0,0,0,0,0,0,0,0,0,0,0,0,0,0,0,0,0,0
14005,0,0,0,0,0,0,0,0,0,0,0,0,0,0,0,0,0,0,0,0,0
14006,0,0,0,0,0,0,0,0,0,0,0,0,0,0,0,0,0,0,0,0,0
14007,31,30,28,29,25,30,24,31,30,28,29,25,30,24,31,30,28,29,25,30,24
14008,28,26,26,19,21,23,24,28,26,26,19,21,23,24,28,26,26,19,21,23,24
14009,2,2,2,1,2,2,2,2,2,2,1,2,2,2,2,2,2,1,2,2,2
14010,9,10,9,9,8,7,7,9,10,9,9,8,7,7,9,10,9,9,8,7,7
14011,10,9,10,8,8,9,9,10,9,10,8,8,9,9,10,9,10,8,8,9,9
14012,6,6,6,5,5,4,4,6,6,6,5,5,4,4,6,6,6,5,5,4,4
14013,8,8,7,6,5,5,5,8,8,7,6,5,5,5,8,8,7,6,5,5,5
14014,18,20,19,15,16,15,15,18,20,19,15,16,15,15,18,20,19,15,16,15,15
14015,2,2,2,2,1,1,1,2,2,2,2,1,1,1,2,2,2,2,1,1,1
14016,8,6,6,4,4,5,6,8,6,6,4,4,5,6,8,6,6,4,4,5,6
14017,3,3,2,2,2,3,3,3,3,2,2,2,3,3,3,3,2,2,2,3,3
14018,5,5,5,5,5,5,5,5,5,5,5,5,5,5,5,5,5,5,5,5,5
14019,1,1,1,1,1,1,1,1,1,1,1,1,1,1,1,1,1,1,1,1,1
14020,4,4,5,5,4,4,3,4,4,5,5,4,4,3,4,4,5,5,4,4,3
14021,10,10,10,9,8,8,8,10,10,10,9,8,8,8,10,10,10,9,8,8,8
14022,2,2,2,2,2,2,2,2,2,2,2,2,2,2,2,2,2,2,2,2,2
14023,3,3,3,2,3,3,2,3,3,3,2,3,3,2,3,3,3,2,3,3,2
14024,10,10,11,10,10,10,8,10,10,11,10,10,10,8,10,10,11,10,10,10,8
14025,3,3,2,3,3,2,2,3,3,2,3,3,2,2,3,3,2,3,3,2,2
14026,0,0,0,0,0,0,0,0,0,0,0,0,0,0,0,0,0,0,0,0,0
14027,0,0,0,0,0,0,0,0,0,0,0,0,0,0,0,0,0,0,0,0,0
14028,0,0,0,0,0,0,0,0,0,0,0,0,0,0,0,0,0,0,0,0,0
14029,0,0,0,0,0,0,0,0,0,0,0,0,0,0,0,0,0,0,0,0,0
14030,0,1,0,0,0,0,0,0,1,0,0,0,0,0,0,1,0,0,0,0,0
14031,8,9,8,6,5,5,5,8,9,8,6,5,5,5,8,9,8,6,5,5,5
14032,11,14,14,14,13,13,10,11,14,14,14,13,13,10,11,14,14,14,13,13,10
14033,116,127,133,122,106,96,97,116,127,133,122,106,96,97,116,127,133,122,106,96,97
14034,38,44,45,39,36,34,36,38,44,45,39,36,34,36,38,44,45,39,36,34,36
14035,0,0,0,0,0,0,0,0,0,0,0,0,0,0,0,0,0,0,0,0,0
14036,0,0,0,0,0,0,0,0,0,0,0,0,0,0,0,0,0,0,0,0,0
14037,0,0,0,0,0,0,0,0,0,0,0,0,0,0,0,0,0,0,0,0,0
14038,5,7,7,5,3,2,2,5,7,7,5,3,2,2,5,7,7,5,3,2,2
14039,1,1,1,1,0,1,1,1,1,1,1,0,1,1,1,1,1,1,0,1,1
14040,11,13,14,11,9,9,9,11,13,14,11,9,9,9,11,13,14,11,9,9,9
14041,6,7,7,7,5,5,5,6,7,7,7,5,5,5,6,7,7,7,5,5,5
14042,6,6,6,5,4,4,4,6,6,6,5,4,4,4,6,6,6,5,4,4,4
14043,1,2,2,2,1,1,1,1,2,2,2,1,1,1,1,2,2,2,1,1,1
14044,10,12,12,11,10,8,9,10,12,12,11,10,8,9,10,12,12,11,10,8,9
14045,1,1,1,1,1,1,1,1,1,1,1,1,1,1,1,1,1,1,1,1,1
14046,4,5,5,5,4,3,3,4,5,5,5,4,3,3,4,5,5,5,4,3,3
14047,9,10,11,10,8,7,7,9,10,11,10,8,7,7,9,10,11,10,8,7,7
14048,2,1,1,1,1,1,1,2,1,1,1,1,1,1,2,1,1,1,1,1,1
14049,3,4,4,3,3,3,3,3,4,4,3,3,3,3,3,4,4,3,3,3,3
14050,1,2,1,1,1,1,1,1,2,1,1,1,1,1,1,2,1,1,1,1,1
14051,0,0,0,1,0,0,0,0,0,0,1,0,0,0,0,0,0,1,0,0,0
14052,0,1,1,1,0,0,0,0,1,1,1,0,0,0,0,1,1,1,0,0,0
14053,2,3,4,3,3,1,1,2,3,4,3,3,1,1,2,3,4,3,3,1,1
14054,6,8,8,7,6,5,5,6,8,8,7,6,5,5,6,8,8,7,6,5,5
14055,1,1,1,1,1,1,1,1,1,1,1,1,1,1,1,1,1,1,1,1,1
14056,27,29,28,26,20,23,22,27,29,28,26,20,23,22,27,29,28,26,20,23,22
14057,2,2,1,1,1,2,1,2,2,1,1,1,2,1,2,2,1,1,1,2,1
14058,0,1,0,0,0,0,0,0,1,0,0,0,0,0,0,1,0,0,0,0,0
14059,11,14,12,12,10,11,9,11,14,12,12,10,11,9,11,14,12,12,10,11,9
14060,2,2,2,2,2,1,1,2,2,2,2,2,1,1,2,2,2,2,2,1,1
14061,5,4,6,2,2,1,3,5,4,6,2,2,1,3,5,4,6,2,2,1,3
14062,1,1,1,1,1,1,1,1,1,1,1,1,1,1,1,1,1,1,1,1,1
14063,4,4,3,3,3,3,3,4,4,3,3,3,3,3,4,4,3,3,3,3,3
14064,0,0,0,0,0,0,0,0,0,0,0,0,0,0,0,0,0,0,0,0,0
14065,4,4,4,4,3,3,3,4,4,4,4,3,3,3,4,4,4,4,3,3,3
14066,2,2,1,1,1,1,2,2,2,1,1,1,1,2,2,2,1,1,1,1,2
14067,6,1,1,2,2,2,21,6,1,1,2,2,2,21,6,1,1,2,2,2,21
14068,0,1,1,1,0,1,1,0,1,1,1,0,1,1,0,1,1,1,0,1,1
14069,0,0,0,0,0,0,0,0,0,0,0,0,0,0,0,0,0,0,0,0,0
14070,0,0,0,0,0,0,0,0,0,0,0,0,0,0,0,0,0,0,0,0,0
14071,0,0,0,0,0,0,0,0,0,0,0,0,0,0,0,0,0,0,0,0,0
14072,0,0,0,0,0,0,0,0,0,0,0,0,0,0,0,0,0,0,0,0,0
14073,0,0,0,0,0,0,0,0,0,0,0,0,0,0,0,0,0,0,0,0,0
14074,0,0,0,0,0,0,0,0,0,0,0,0,0,0,0,0,0,0,0,0,0
14075,0,0,0,0,0,0,0,0,0,0,0,0,0,0,0,0,0,0,0,0,0
14076,3,3,3,3,3,3,3,3,3,3,3,3,3,3,3,3,3,3,3,3,3
14077,1,1,1,1,1,1,1,1,1,1,1,1,1,1,1,1,1,1,1,1,1
14078,0,0,0,0,0,0,0,0,0,0,0,0,0,0,0,0,0,0,0,0,0
14079,0,0,0,0,0,0,0,0,0,0,0,0,0,0,0,0,0,0,0,0,0
14080,2,2,3,2,3,2,2,2,2,3,2,3,2,2,2,2,3,2,3,2,2
14081,1,1,1,1,1,1,1,1,1,1,1,1,1,1,1,1,1,1,1,1,1
14082,0,0,0,0,0,0,0,0,0,0,0,0,0,0,0,0,0,0,0,0,0
14083,0,0,0,0,0,0,0,0,0,0,0,0,0,0,0,0,0,0,0,0,0
14084,10,15,16,17,14,10,9,10,15,16,17,14,10,9,10,15,16,17,14,10,9
14085,0,0,0,0,0,0,0,0,0,0,0,0,0,0,0,0,0,0,0,0,0
14086,1,1,1,1,1,1,0,1,1,1,1,1,1,0,1,1,1,1,1,1,0
14087,0,0,1,1,0,0,0,0,0,1,1,0,0,0,0,0,1,1,0,0,0
14088,0,0,0,0,0,0,0,0,0,0,0,0,0,0,0,0,0,0,0,0,0
14089,0,0,0,0,0,0,0,0,0,0,0,0,0,0,0,0,0,0,0,0,0
14090,1,1,1,1,1,1,1,1,1,1,1,1,1,1,1,1,1,1,1,1,1
14091,0,0,0,0,0,0,0,0,0,0,0,0,0,0,0,0,0,0,0,0,0
14092,0,0,0,0,0,0,0,0,0,0,0,0,0,0,0,0,0,0,0,0,0
14093,0,0,0,0,0,0,0,0,0,0,0,0,0,0,0,0,0,0,0,0,0
14094,0,0,1,1,1,1,0,0,0,1,1,1,1,0,0,0,1,1,1,1,0
14095,0,0,0,0,0,0,0,0,0,0,0,0,0,0,0,0,0,0,0,0,0
14096,0,0,0,0,0,0,0,0,0,0,0,0,0,0,0,0,0,0,0,0,0
14097,0,0,0,0,4,2,2,0,0,0,0,4,2,2,0,0,0,0,4,2,2
14098,1,2,1,1,1,1,1,1,2,1,1,1,1,1,1,2,1,1,1,1,1
14099,4,4,4,5,5,4,4,4,4,4,5,5,4,4,4,4,4,5,5,4,4
14100,2,2,2,2,1,1,1,2,2,2,2,1,1,1,2,2,2,2,1,1,1
14101,5,5,5,5,4,4,4,5,5,5,5,4,4,4,5,5,5,5,4,4,4
14102,1,1,1,1,1,1,1,1,1,1,1,1,1,1,1,1,1,1,1,1,1
14103,1,1,1,1,1,1,1,1,1,1,1,1,1,1,1,1,1,1,1,1,1
14104,0,0,0,0,0,0,0,0,0,0,0,0,0,0,0,0,0,0,0,0,0
14105,0,0,0,0,0,0,0,0,0,0,0,0,0,0,0,0,0,0,0,0,0
14106,3,4,4,4,3,3,3,3,4,4,4,3,3,3,3,4,4,4,3,3,3
14107,19,19,20,18,17,15,14,19,19,20,18,17,15,14,19,19,20,18,17,15,14
14108,4,4,5,4,4,3,3,4,4,5,4,4,3,3,4,4,5,4,4,3,3
14109,1,1,1,1,1,1,1,1,1,1,1,1,1,1,1,1,1,1,1,1,1
14110,0,0,0,0,0,0,0,0,0,0,0,0,0,0,0,0,0,0,0,0,0
14111,1,1,1,1,1,1,0,1,1,1,1,1,1,0,1,1,1,1,1,1,0
14112,1,2,2,2,2,1,1,1,2,2,2,2,1,1,1,2,2,2,2,1,1
14113,1,1,1,1,1,1,1,1,1,1,1,1,1,1,1,1,1,1,1,1,1
14114,1,0,0,0,0,0,0,1,0,0,0,0,0,0,1,0,0,0,0,0,0
14115,0,0,0,0,0,0,0,0,0,0,0,0,0,0,0,0,0,0,0,0,0
14116,2,2,2,2,2,2,1,2,2,2,2,2,2,1,2,2,2,2,2,2,1
14117,6,7,8,7,6,5,5,6,7,8,7,6,5,5,6,7,8,7,6,5,5
14118,20,23,25,23,20,17,16,20,23,25,23,20,17,16,20,23,25,23,20,17,16
14119,6,6,6,5,4,4,4,6,6,6,5,4,4,4,6,6,6,5,4,4,4
14120,16,15,14,10,9,10,12,16,15,14,10,9,10,12,16,15,14,10,9,10,12
14121,0,0,0,0,0,0,0,0,0,0,0,0,0,0,0,0,0,0,0,0,0
14122,2,2,2,2,2,1,1,2,2,2,2,2,1,1,2,2,2,2,2,1,1
14123,11,14,15,15,13,11,10,11,14,15,15,13,11,10,11,14,15,15,13,11,10
14124,25,31,36,35,28,23,20,25,31,36,35,28,23,20,25,31,36,35,28,23,20
14125,6,9,11,11,9,6,6,6,9,11,11,9,6,6,6,9,11,11,9,6,6
14126,6,7,5,5,4,4,4,6,7,5,5,4,4,4,6,7,5,5,4,4,4
14127,26,31,33,33,25,22,20,26,31,33,33,25,22,20,26,31,33,33,25,22,20
14128,4,4,4,4,4,3,3,4,4,4,4,4,3,3,4,4,4,4,4,3,3
14129,1,1,2,1,1,1,1,1,1,2,1,1,1,1,1,1,2,1,1,1,1
14130,5,6,5,5,5,5,5,5,6,5,5,5,5,5,5,6,5,5,5,5,5
14131,1,1,1,1,1,1,1,1,1,1,1,1,1,1,1,1,1,1,1,1,1
14132,4,4,5,4,3,3,3,4,4,5,4,3,3,3,4,4,5,4,3,3,3
14133,2,3,3,3,3,1,1,2,3,3,3,3,1,1,2,3,3,3,3,1,1
14134,5,5,6,5,4,3,3,5,5,6,5,4,3,3,5,5,6,5,4,3,3
14135,1,1,1,1,1,1,1,1,1,1,1,1,1,1,1,1,1,1,1,1,1
14136,1,1,2,2,1,1,1,1,1,2,2,1,1,1,1,1,2,2,1,1,1
14137,4,4,5,4,4,3,3,4,4,5,4,4,3,3,4,4,5,4,4,3,3
14138,1,1,0,0,0,0,0,1,1,0,0,0,0,0,1,1,0,0,0,0,0
14139,0,0,0,0,0,0,0,0,0,0,0,0,0,0,0,0,0,0,0,0,0
14140,0,0,0,0,0,0,0,0,0,0,0,0,0,0,0,0,0,0,0,0,0
14141,0,0,0,0,0,0,0,0,0,0,0,0,0,0,0,0,0,0,0,0,0
14142,0,0,0,0,0,0,0,0,0,0,0,0,0,0,0,0,0,0,0,0,0
14143,0,0,0,0,0,0,0,0,0,0,0,0,0,0,0,0,0,0,0,0,0
14144,0,0,0,0,0,0,0,0,0,0,0,0,0,0,0,0,0,0,0,0,0
14145,1,0,0,0,1,1,1,1,0,0,0,1,1,1,1,0,0,0,1,1,1
14146,0,0,0,0,0,0,0,0,0,0,0,0,0,0,0,0,0,0,0,0,0
14147,0,0,0,0,0,0,0,0,0,0,0,0,0,0,0,0,0,0,0,0,0
14148,0,0,0,0,0,0,0,0,0,0,0,0,0,0,0,0,0,0,0,0,0
14149,2,2,2,2,1,1,2,2,2,2,2,1,1,2,2,2,2,2,1,1,2
14150,4,4,6,3,4,5,3,4,4,6,3,4,5,3,4,4,6,3,4,5,3
14151,20,23,21,19,16,13,14,20,23,21,19,16,13,14,20,23,21,19,16,13,14
14152,10,11,11,10,9,8,8,10,11,11,10,9,8,8,10,11,11,10,9,8,8
14153,8,9,8,7,6,6,8,8,9,8,7,6,6,8,8,9,8,7,6,6,8
14154,3,2,1,1,1,1,2,3,2,1,1,1,1,2,3,2,1,1,1,1,2
14155,0,0,0,0,0,0,0,0,0,0,0,0,0,0,0,0,0,0,0,0,0
14156,0,0,0,0,0,0,0,0,0,0,0,0,0,0,0,0,0,0,0,0,0
14157,1,1,0,1,1,0,0,1,1,0,1,1,0,0,1,1,0,1,1,0,0
14158,0,0,0,0,0,0,0,0,0,0,0,0,0,0,0,0,0,0,0,0,0
14159,0,0,0,0,0,0,0,0,0,0,0,0,0,0,0,0,0,0,0,0,0
14160,33,35,35,34,30,27,26,33,35,35,34,30,27,26,33,35,35,34,30,27,26
14161,19,19,18,20,18,18,17,19,19,18,20,18,18,17,19,19,18,20,18,18,17
14162,0,0,0,0,0,0,0,0,0,0,0,0,0,0,0,0,0,0,0,0,0
14163,1,1,1,1,1,1,1,1,1,1,1,1,1,1,1,1,1,1,1,1,1
14164,0,0,0,0,0,0,0,0,0,0,0,0,0,0,0,0,0,0,0,0,0
14165,0,0,0,0,0,0,0,0,0,0,0,0,0,0,0,0,0,0,0,0,0
14166,19,21,22,21,18,15,16,19,21,22,21,18,15,16,19,21,22,21,18,15,16
14167,0,0,0,0,0,0,0,0,0,0,0,0,0,0,0,0,0,0,0,0,0
14168,0,0,0,0,0,0,0,0,0,0,0,0,0,0,0,0,0,0,0,0,0
14169,14,15,15,14,12,12,11,14,15,15,14,12,12,11,14,15,15,14,12,12,11
14170,5,5,5,4,3,4,4,5,5,5,4,3,4,4,5,5,5,4,3,4,4
14171,10,12,10,9,8,8,9,10,12,10,9,8,8,9,10,12,10,9,8,8,9
14172,4,4,5,3,2,3,3,4,4,5,3,2,3,3,4,4,5,3,2,3,3
14173,4,4,4,3,3,3,3,4,4,4,3,3,3,3,4,4,4,3,3,3,3
14174,1,1,1,1,1,1,1,1,1,1,1,1,1,1,1,1,1,1,1,1,1
14175,0,0,0,0,0,0,0,0,0,0,0,0,0,0,0,0,0,0,0,0,0
14176,0,0,0,0,0,0,0,0,0,0,0,0,0,0,0,0,0,0,0,0,0
14177,1,1,1,1,1,1,1,1,1,1,1,1,1,1,1,1,1,1,1,1,1
14178,0,0,0,0,0,0,0,0,0,0,0,0,0,0,0,0,0,0,0,0,0
14179,0,0,0,1,0,0,0,0,0,0,1,0,0,0,0,0,0,1,0,0,0
14180,0,0,0,0,0,0,0,0,0,0,0,0,0,0,0,0,0,0,0,0,0
14181,1,1,1,1,1,1,1,1,1,1,1,1,1,1,1,1,1,1,1,1,1
14182,116,123,133,122,106,96,97,116,123,133,122,106,96,97,116,123,133,122,106,96,97
14183,0,0,0,0,0,0,0,0,0,0,0,0,0,0,0,0,0,0,0,0,0
14184,6,4,5,6,7,6,6,6,4,5,6,7,6,6,6,4,5,6,7,6,6
14185,5,6,5,6,5,5,5,5,6,5,6,5,5,5,5,6,5,6,5,5,5
14186,2,1,1,2,3,2,2,2,1,1,2,3,2,2,2,1,1,2,3,2,2
14187,1,1,1,1,1,1,1,1,1,1,1,1,1,1,1,1,1,1,1,1,1
14188,0,0,0,0,0,0,0,0,0,0,0,0,0,0,0,0,0,0,0,0,0
14189,0,0,0,0,0,0,0,0,0,0,0,0,0,0,0,0,0,0,0,0,0
14190,0,0,0,1,1,0,0,0,0,0,1,1,0,0,0,0,0,1,1,0,0
14191,0,0,1,0,0,0,0,0,0,1,0,0,0,0,0,0,1,0,0,0,0
14192,0,1,0,0,0,0,0,0,1,0,0,0,0,0,0,1,0,0,0,0,0
14193,0,0,0,0,0,0,0,0,0,0,0,0,0,0,0,0,0,0,0,0,0
14194,0,0,0,0,0,0,0,0,0,0,0,0,0,0,0,0,0,0,0,0,0
14195,0,0,0,0,0,0,0,0,0,0,0,0,0,0,0,0,0,0,0,0,0
14196,0,0,0,0,0,0,0,0,0,0,0,0,0,0,0,0,0,0,0,0,0
14197,0,0,0,0,0,0,0,0,0,0,0,0,0,0,0,0,0,0,0,0,0
14198,0,0,0,0,0,0,0,0,0,0,0,0,0,0,0,0,0,0,0,0,0
14199,0,0,0,0,0,0,0,0,0,0,0,0,0,0,0,0,0,0,0,0,0
14200,0,0,0,0,0,0,0,0,0,0,0,0,0,0,0,0,0,0,0,0,0
14201,0,0,0,0,0,0,0,0,0,0,0,0,0,0,0,0,0,0,0,0,0
14202,2,2,1,1,1,1,1,2,2,1,1,1,1,1,2,2,1,1,1,1,1
14203,10,9,10,9,9,8,8,10,9,10,9,9,8,8,10,9,10,9,9,8,8
14204,11,11,11,7,5,6,6,11,11,11,7,5,6,6,11,11,11,7,5,6,6
14205,1,2,2,2,1,1,1,1,2,2,2,1,1,1,1,2,2,2,1,1,1
14206,18,20,18,15,15,12,12,18,20,18,15,15,12,12,18,20,18,15,15,12,12
14207,2,3,3,2,2,2,2,2,3,3,2,2,2,2,2,3,3,2,2,2,2
14208,0,0,0,0,0,0,0,0,0,0,0,0,0,0,0,0,0,0,0,0,0
14209,2,2,2,2,2,2,2,2,2,2,2,2,2,2,2,2,2,2,2,2,2
14210,14,23,28,26,14,12,10,14,23,28,26,14,12,10,14,23,28,26,14,12,10
14211,1,1,1,1,1,0,0,1,1,1,1,1,0,0,1,1,1,1,1,0,0
14212,3,2,2,2,2,1,2,3,2,2,2,2,1,2,3,2,2,2,2,1,2
14213,6,6,6,6,5,4,5,6,6,6,6,5,4,5,6,6,6,6,5,4,5
14214,14,16,17,17,15,13,12,14,16,17,17,15,13,12,14,16,17,17,15,13,12
14215,0,0,0,0,0,0,0,0,0,0,0,0,0,0,0,0,0,0,0,0,0
14216,4,5,4,4,3,4,4,4,5,4,4,3,4,4,4,5,4,4,3,4,4
14217,4,4,4,4,4,3,3,4,4,4,4,4,3,3,4,4,4,4,4,3,3
14218,1,1,2,2,1,1,1,1,1,2,2,1,1,1,1,1,2,2,1,1,1
14219,3,3,2,2,2,2,2,3,3,2,2,2,2,2,3,3,2,2,2,2,2
14220,1,1,1,1,0,0,0,1,1,1,1,0,0,0,1,1,1,1,0,0,0
14221,13,13,14,12,11,10,12,13,13,14,12,11,10,12,13,13,14,12,11,10,12
14222,1,1,1,1,1,1,1,1,1,1,1,1,1,1,1,1,1,1,1,1,1
14223,0,1,1,1,1,0,0,0,1,1,1,1,0,0,0,1,1,1,1,0,0
14224,23,26,26,24,21,18,19,23,26,26,24,21,18,19,23,26,26,24,21,18,19
14225,0,0,0,0,0,0,0,0,0,0,0,0,0,0,0,0,0,0,0,0,0
14226,9,10,10,9,8,7,8,9,10,10,9,8,7,8,9,10,10,9,8,7,8
14227,5,5,6,6,5,4,3,5,5,6,6,5,4,3,5,5,6,6,5,4,3
14228,0,0,0,0,0,0,0,0,0,0,0,0,0,0,0,0,0,0,0,0,0
14229,4,4,5,4,3,3,3,4,4,5,4,3,3,3,4,4,5,4,3,3,3
14230,3,3,3,2,6,6,4,3,3,3,2,6,6,4,3,3,3,2,6,6,4
14231,0,0,0,0,0,0,0,0,0,0,0,0,0,0,0,0,0,0,0,0,0
14232,1,1,1,1,1,1,1,1,1,1,1,1,1,1,1,1,1,1,1,1,1
14233,0,0,0,0,0,0,0,0,0,0,0,0,0,0,0,0,0,0,0,0,0
14234,0,0,0,0,0,0,0,0,0,0,0,0,0,0,0,0,0,0,0,0,0
14235,1,1,1,1,0,1,1,1,1,1,1,0,1,1,1,1,1,1,0,1,1
14236,0,0,0,0,0,0,0,0,0,0,0,0,0,0,0,0,0,0,0,0,0
14237,0,0,0,0,0,0,0,0,0,0,0,0,0,0,0,0,0,0,0,0,0
14238,4,3,3,2,2,1,3,4,3,3,2,2,1,3,4,3,3,2,2,1,3
14239,0,0,0,0,0,0,0,0,0,0,0,0,0,0,0,0,0,0,0,0,0
14240,0,0,0,0,0,0,0,0,0,0,0,0,0,0,0,0,0,0,0,0,0
14241,0,0,0,0,0,0,0,0,0,0,0,0,0,0,0,0,0,0,0,0,0
14242,0,0,0,0,0,0,0,0,0,0,0,0,0,0,0,0,0,0,0,0,0
14243,0,0,0,0,0,0,0,0,0,0,0,0,0,0,0,0,0,0,0,0,0
14244,0,0,0,0,0,0,0,0,0,0,0,0,0,0,0,0,0,0,0,0,0
14245,0,0,0,0,0,0,0,0,0,0,0,0,0,0,0,0,0,0,0,0,0
14246,0,0,0,0,0,0,0,0,0,0,0,0,0,0,0,0,0,0,0,0,0
14247,0,0,0,0,0,0,0,0,0,0,0,0,0,0,0,0,0,0,0,0,0
14248,0,0,0,0,0,0,0,0,0,0,0,0,0,0,0,0,0,0,0,0,0
14249,0,0,0,0,0,0,0,0,0,0,0,0,0,0,0,0,0,0,0,0,0
14250,0,0,0,0,0,0,0,0,0,0,0,0,0,0,0,0,0,0,0,0,0
14251,0,0,0,0,0,0,0,0,0,0,0,0,0,0,0,0,0,0,0,0,0
14252,18,19,18,15,14,14,15,18,19,18,15,14,14,15,18,19,18,15,14,14,15
14253,35,37,38,37,31,33,33,35,37,38,37,31,33,33,35,37,38,37,31,33,33
14254,0,0,0,0,0,0,0,0,0,0,0,0,0,0,0,0,0,0,0,0,0
14255,17,18,18,17,14,14,13,17,18,18,17,14,14,13,17,18,18,17,14,14,13
14256,1,1,1,1,1,1,1,1,1,1,1,1,1,1,1,1,1,1,1,1,1
14257,3,2,3,3,3,2,3,3,2,3,3,3,2,3,3,2,3,3,3,2,3
14258,0,0,0,0,0,0,0,0,0,0,0,0,0,0,0,0,0,0,0,0,0
14259,0,0,0,0,0,0,0,0,0,0,0,0,0,0,0,0,0,0,0,0,0
14260,0,0,0,0,0,0,0,0,0,0,0,0,0,0,0,0,0,0,0,0,0
14261,0,1,1,1,1,1,1,0,1,1,1,1,1,1,0,1,1,1,1,1,1
14262,0,0,0,0,0,0,0,0,0,0,0,0,0,0,0,0,0,0,0,0,0
14263,1,0,1,1,1,1,1,1,0,1,1,1,1,1,1,0,1,1,1,1,1
14264,0,0,0,0,0,0,0,0,0,0,0,0,0,0,0,0,0,0,0,0,0
14265,2,3,3,2,2,3,2,2,3,3,2,2,3,2,2,3,3,2,2,3,2
14266,0,0,0,0,0,0,0,0,0,0,0,0,0,0,0,0,0,0,0,0,0
14267,2,2,2,2,2,1,2,2,2,2,2,2,1,2,2,2,2,2,2,1,2
14268,1,1,1,1,1,1,1,1,1,1,1,1,1,1,1,1,1,1,1,1,1
14269,6,5,6,5,4,4,5,6,5,6,5,4,4,5,6,5,6,5,4,4,5
14270,3,3,3,2,2,1,1,3,3,3,2,2,1,1,3,3,3,2,2,1,1
14271,32,30,26,21,20,29,34,32,30,26,21,20,29,34,32,30,26,21,20,29,34
14272,22,19,21,21,22,20,19,22,19,21,21,22,20,19,22,19,21,21,22,20,19
14273,2,2,2,2,1,2,2,2,2,2,2,1,2,2,2,2,2,2,1,2,2
14274,4,3,2,3,3,3,3,4,3,2,3,3,3,3,4,3,2,3,3,3,3
14275,1,2,2,2,2,1,1,1,2,2,2,2,1,1,1,2,2,2,2,1,1
14276,0,0,0,0,0,0,0,0,0,0,0,0,0,0,0,0,0,0,0,0,0
14277,1,1,1,1,1,1,1,1,1,1,1,1,1,1,1,1,1,1,1,1,1
14278,0,1,1,0,0,0,0,0,1,1,0,0,0,0,0,1,1,0,0,0,0
14279,0,1,0,1,0,0,0,0,1,0,1,0,0,0,0,1,0,1,0,0,0
14280,1,1,1,1,1,1,1,1,1,1,1,1,1,1,1,1,1,1,1,1,1
14281,1,2,1,1,1,1,1,1,2,1,1,1,1,1,1,2,1,1,1,1,1
14282,3,3,2,2,2,2,3,3,3,2,2,2,2,3,3,3,2,2,2,2,3
14283,0,0,0,0,0,0,0,0,0,0,0,0,0,0,0,0,0,0,0,0,0
14284,0,0,0,0,0,0,0,0,0,0,0,0,0,0,0,0,0,0,0,0,0
14285,0,0,0,0,0,0,0,0,0,0,0,0,0,0,0,0,0,0,0,0,0
14286,0,0,0,0,0,0,0,0,0,0,0,0,0,0,0,0,0,0,0,0,0
14287,0,0,0,0,0,0,0,0,0,0,0,0,0,0,0,0,0,0,0,0,0
14288,0,0,0,0,0,0,0,0,0,0,0,0,0,0,0,0,0,0,0,0,0
14289,0,0,0,0,0,0,0,0,0,0,0,0,0,0,0,0,0,0,0,0,0
14290,114,127,133,114,105,77,80,114,127,133,114,105,77,80,114,127,133,114,105,77,80
14291,11,10,11,10,9,9,9,11,10,11,10,9,9,9,11,10,11,10,9,9,9
14292,0,0,0,0,0,0,0,0,0,0,0,0,0,0,0,0,0,0,0,0,0
14293,1,0,0,0,0,0,0,1,0,0,0,0,0,0,1,0,0,0,0,0,0
14294,0,0,0,0,0,0,0,0,0,0,0,0,0,0,0,0,0,0,0,0,0
14295,1,1,1,2,1,1,1,1,1,1,2,1,1,1,1,1,1,2,1,1,1
14296,0,0,1,1,0,0,0,0,0,1,1,0,0,0,0,0,1,1,0,0,0
14297,0,0,0,0,0,0,0,0,0,0,0,0,0,0,0,0,0,0,0,0,0
14298,0,0,0,0,0,0,0,0,0,0,0,0,0,0,0,0,0,0,0,0,0
14299,1,1,1,1,1,1,1,1,1,1,1,1,1,1,1,1,1,1,1,1,1
14300,1,1,1,1,1,1,1,1,1,1,1,1,1,1,1,1,1,1,1,1,1
14301,0,0,0,0,0,0,0,0,0,0,0,0,0,0,0,0,0,0,0,0,0
14302,0,0,0,0,0,0,0,0,0,0,0,0,0,0,0,0,0,0,0,0,0
14303,0,0,0,0,0,0,0,0,0,0,0,0,0,0,0,0,0,0,0,0,0
14304,0,0,0,0,0,0,0,0,0,0,0,0,0,0,0,0,0,0,0,0,0
14305,37,42,43,37,32,28,27,37,42,43,37,32,28,27,37,42,43,37,32,28,27
14306,15,16,17,15,12,11,11,15,16,17,15,12,11,11,15,16,17,15,12,11,11
14307,0,0,0,0,0,0,0,0,0,0,0,0,0,0,0,0,0,0,0,0,0
14308,0,0,0,0,0,0,0,0,0,0,0,0,0,0,0,0,0,0,0,0,0
14309,0,0,0,0,0,0,0,0,0,0,0,0,0,0,0,0,0,0,0,0,0
14310,0,0,0,0,0,0,0,0,0,0,0,0,0,0,0,0,0,0,0,0,0
14311,0,0,0,0,0,0,0,0,0,0,0,0,0,0,0,0,0,0,0,0,0
14312,0,1,1,1,1,0,0,0,1,1,1,1,0,0,0,1,1,1,1,0,0
14313,6,6,7,7,6,5,5,6,6,7,7,6,5,5,6,6,7,7,6,5,5
14314,0,0,0,0,0,0,0,0,0,0,0,0,0,0,0,0,0,0,0,0,0
14315,1,0,1,1,1,0,0,1,0,1,1,1,0,0,1,0,1,1,1,0,0
14316,5,5,5,5,4,4,4,5,5,5,5,4,4,4,5,5,5,5,4,4,4
14317,5,6,7,6,5,4,4,5,6,7,6,5,4,4,5,6,7,6,5,4,4
14318,1,1,1,1,0,0,1,1,1,1,1,0,0,1,1,1,1,1,0,0,1
14319,4,4,5,3,3,3,3,4,4,5,3,3,3,3,4,4,5,3,3,3,3
14320,2,3,4,3,2,2,2,2,3,4,3,2,2,2,2,3,4,3,2,2,2
14321,1,2,2,2,2,1,1,1,2,2,2,2,1,1,1,2,2,2,2,1,1
14322,0,0,0,0,0,0,0,0,0,0,0,0,0,0,0,0,0,0,0,0,0
14323,0,0,0,0,0,0,0,0,0,0,0,0,0,0,0,0,0,0,0,0,0
14324,0,0,0,0,0,0,0,0,0,0,0,0,0,0,0,0,0,0,0,0,0
14325,0,1,1,1,1,0,0,0,1,1,1,1,0,0,0,1,1,1,1,0,0
14326,38,36,33,29,29,29,33,38,36,33,29,29,29,33,38,36,33,29,29,29,33
14327,1,1,1,1,2,1,1,1,1,1,1,2,1,1,1,1,1,1,2,1,1
14328,73,71,66,63,60,57,62,73,71,66,63,60,57,62,73,71,66,63,60,57,62
14329,0,0,0,0,0,0,0,0,0,0,0,0,0,0,0,0,0,0,0,0,0
14330,0,0,0,0,0,0,0,0,0,0,0,0,0,0,0,0,0,0,0,0,0
14331,0,0,0,0,0,0,0,0,0,0,0,0,0,0,0,0,0,0,0,0,0
14332,1,2,2,2,2,2,1,1,2,2,2,2,2,1,1,2,2,2,2,2,1
14333,2,2,2,2,2,2,2,2,2,2,2,2,2,2,2,2,2,2,2,2,2
14334,11,13,14,13,13,12,11,11,13,14,13,13,12,11,11,13,14,13,13,12,11
14335,3,3,4,4,4,3,3,3,3,4,4,4,3,3,3,3,4,4,4,3,3
14336,6,6,6,6,7,7,6,6,6,6,6,7,7,6,6,6,6,6,7,7,6
14337,2,2,3,3,3,3,2,2,2,3,3,3,3,2,2,2,3,3,3,3,2
14338,27,26,25,32,33,30,30,27,26,25,32,33,30,30,27,26,25,32,33,30,30
14339,2,2,2,2,2,1,2,2,2,2,2,2,1,2,2,2,2,2,2,1,2
14340,7,7,7,8,8,7,7,7,7,7,8,8,7,7,7,7,7,8,8,7,7
14341,8,8,8,8,8,7,7,8,8,8,8,8,7,7,8,8,8,8,8,7,7
14342,1,1,1,1,1,1,1,1,1,1,1,1,1,1,1,1,1,1,1,1,1
14343,2,3,3,3,3,3,2,2,3,3,3,3,3,2,2,3,3,3,3,3,2
14344,67,66,74,96,97,90,74,67,66,74,96,97,90,74,67,66,74,96,97,90,74
14345,0,0,0,0,0,0,0,0,0,0,0,0,0,0,0,0,0,0,0,0,0
14346,2,2,2,2,1,1,1,2,2,2,2,1,1,1,2,2,2,2,1,1,1
14347,2,3,3,3,2,3,2,2,3,3,3,2,3,2,2,3,3,3,2,3,2
14348,11,13,14,14,16,14,12,11,13,14,14,16,14,12,11,13,14,14,16,14,12
14349,23,25,23,23,21,20,21,23,25,23,23,21,20,21,23,25,23,23,21,20,21
14350,3,3,3,4,4,3,3,3,3,3,4,4,3,3,3,3,3,4,4,3,3
14351,0,0,0,0,0,0,0,0,0,0,0,0,0,0,0,0,0,0,0,0,0
14352,0,0,0,0,0,0,0,0,0,0,0,0,0,0,0,0,0,0,0,0,0
14353,2,2,2,2,2,2,2,2,2,2,2,2,2,2,2,2,2,2,2,2,2
14354,2,1,1,1,1,1,1,2,1,1,1,1,1,1,2,1,1,1,1,1,1
14355,0,0,0,0,0,0,0,0,0,0,0,0,0,0,0,0,0,0,0,0,0
14356,0,0,0,0,0,0,0,0,0,0,0,0,0,0,0,0,0,0,0,0,0
14357,0,0,0,0,0,0,0,0,0,0,0,0,0,0,0,0,0,0,0,0,0
14358,0,0,0,0,0,0,0,0,0,0,0,0,0,0,0,0,0,0,0,0,0
14359,0,0,0,0,0,0,0,0,0,0,0,0,0,0,0,0,0,0,0,0,0
14360,1,1,1,1,0,1,1,1,1,1,1,0,1,1,1,1,1,1,0,1,1
14361,3,3,3,3,2,3,2,3,3,3,3,2,3,2,3,3,3,3,2,3,2
14362,1,1,0,0,1,1,1,1,1,0,0,1,1,1,1,1,0,0,1,1,1
14363,0,0,0,0,0,0,0,0,0,0,0,0,0,0,0,0,0,0,0,0,0
14364,0,0,0,0,0,0,0,0,0,0,0,0,0,0,0,0,0,0,0,0,0
14365,0,0,0,0,0,0,0,0,0,0,0,0,0,0,0,0,0,0,0,0,0
14366,0,0,0,0,0,0,0,0,0,0,0,0,0,0,0,0,0,0,0,0,0
14367,0,0,0,0,0,0,0,0,0,0,0,0,0,0,0,0,0,0,0,0,0
14368,0,0,0,0,0,0,0,0,0,0,0,0,0,0,0,0,0,0,0,0,0
14369,0,0,0,0,0,0,0,0,0,0,0,0,0,0,0,0,0,0,0,0,0
14370,11,12,13,13,11,10,9,11,12,13,13,11,10,9,11,12,13,13,11,10,9
14371,29,32,35,32,27,21,21,29,32,35,32,27,21,21,29,32,35,32,27,21,21
14372,3,4,4,4,4,3,3,3,4,4,4,4,3,3,3,4,4,4,4,3,3
14373,8,11,12,11,9,7,6,8,11,12,11,9,7,6,8,11,12,11,9,7,6
14374,116,127,133,122,106,96,97,116,127,133,122,106,96,97,116,127,133,122,106,96,97
14375,116,127,133,122,106,96,97,116,127,133,122,106,96,97,116,127,133,122,106,96,97
14376,4,4,5,4,4,3,3,4,4,5,4,4,3,3,4,4,5,4,4,3,3
14377,2,2,2,2,2,1,1,2,2,2,2,2,1,1,2,2,2,2,2,1,1
14378,3,4,3,3,3,2,2,3,4,3,3,3,2,2,3,4,3,3,3,2,2
14379,0,0,0,0,0,0,0,0,0,0,0,0,0,0,0,0,0,0,0,0,0
14380,0,0,0,0,0,0,0,0,0,0,0,0,0,0,0,0,0,0,0,0,0
14381,1,1,1,1,1,1,1,1,1,1,1,1,1,1,1,1,1,1,1,1,1
14382,5,7,8,8,7,6,5,5,7,8,8,7,6,5,5,7,8,8,7,6,5
14383,7,6,7,6,6,5,5,7,6,7,6,6,5,5,7,6,7,6,6,5,5
14384,2,3,2,2,2,2,2,2,3,2,2,2,2,2,2,3,2,2,2,2,2
14385,73,78,79,76,61,56,52,73,78,79,76,61,56,52,73,78,79,76,61,56,52
14386,0,0,0,0,0,0,0,0,0,0,0,0,0,0,0,0,0,0,0,0,0
14387,0,0,0,0,0,0,0,0,0,0,0,0,0,0,0,0,0,0,0,0,0
14388,0,0,0,0,0,0,0,0,0,0,0,0,0,0,0,0,0,0,0,0,0
14389,0,0,0,0,0,0,0,0,0,0,0,0,0,0,0,0,0,0,0,0,0
14390,0,0,0,0,0,0,0,0,0,0,0,0,0,0,0,0,0,0,0,0,0
14391,0,0,0,0,0,0,0,0,0,0,0,0,0,0,0,0,0,0,0,0,0
14392,2,2,2,2,2,3,2,2,2,2,2,2,3,2,2,2,2,2,2,3,2
14393,7,8,8,5,4,3,4,7,8,8,5,4,3,4,7,8,8,5,4,3,4
14394,1,1,2,2,1,1,1,1,1,2,2,1,1,1,1,1,2,2,1,1,1
14395,1,0,1,1,1,1,1,1,0,1,1,1,1,1,1,0,1,1,1,1,1
14396,0,0,1,1,1,0,0,0,0,1,1,1,0,0,0,0,1,1,1,0,0
14397,22,23,21,20,19,17,18,22,23,21,20,19,17,18,22,23,21,20,19,17,18
14398,1,1,1,1,0,1,0,1,1,1,1,0,1,0,1,1,1,1,0,1,0
14399,6,6,6,6,5,4,5,6,6,6,6,5,4,5,6,6,6,6,5,4,5
14400,5,6,7,6,5,4,4,5,6,7,6,5,4,4,5,6,7,6,5,4,4
14401,1,1,1,2,2,1,1,1,1,1,2,2,1,1,1,1,1,2,2,1,1
14402,5,5,5,5,5,5,4,5,5,5,5,5,5,4,5,5,5,5,5,5,4
14403,1,2,2,1,1,1,1,1,2,2,1,1,1,1,1,2,2,1,1,1,1
14404,116,127,133,122,106,96,97,116,127,133,122,106,96,97,116,127,133,122,106,96,97
14405,3,2,3,3,3,3,3,3,2,3,3,3,3,3,3,2,3,3,3,3,3
14406,4,4,4,4,3,3,3,4,4,4,4,3,3,3,4,4,4,4,3,3,3
14407,0,0,0,0,0,0,0,0,0,0,0,0,0,0,0,0,0,0,0,0,0
14408,0,0,0,0,0,0,0,0,0,0,0,0,0,0,0,0,0,0,0,0,0
14409,0,0,0,0,0,0,0,0,0,0,0,0,0,0,0,0,0,0,0,0,0
14410,0,0,0,0,0,0,0,0,0,0,0,0,0,0,0,0,0,0,0,0,0
14411,0,0,0,0,0,0,0,0,0,0,0,0,0,0,0,0,0,0,0,0,0
14412,0,0,0,0,0,0,0,0,0,0,0,0,0,0,0,0,0,0,0,0,0
14413,11,14,14,15,13,10,10,11,14,14,15,13,10,10,11,14,14,15,13,10,10
14414,0,0,0,0,0,0,0,0,0,0,0,0,0,0,0,0,0,0,0,0,0
14415,0,0,0,0,0,0,0,0,0,0,0,0,0,0,0,0,0,0,0,0,0
14416,0,0,0,0,0,0,0,0,0,0,0,0,0,0,0,0,0,0,0,0,0
14417,1,3,4,4,1,1,1,1,3,4,4,1,1,1,1,3,4,4,1,1,1
14418,5,9,10,9,7,5,4,5,9,10,9,7,5,4,5,9,10,9,7,5,4
14419,0,0,0,0,0,0,0,0,0,0,0,0,0,0,0,0,0,0,0,0,0
14420,85,93,91,77,69,63,64,85,93,91,77,69,63,64,85,93,91,77,69,63,64
14421,14,23,25,23,16,12,8,14,23,25,23,16,12,8,14,23,25,23,16,12,8
14422,31,42,48,60,44,30,29,31,42,48,60,44,30,29,31,42,48,60,44,30,29
14423,2,4,2,2,2,1,2,2,4,2,2,2,1,2,2,4,2,2,2,1,2
14424,1,2,1,1,1,1,1,1,2,1,1,1,1,1,1,2,1,1,1,1,1
14425,10,11,11,11,10,10,8,10,11,11,11,10,10,8,10,11,11,11,10,10,8
14426,46,65,55,48,39,35,37,46,65,55,48,39,35,37,46,65,55,48,39,35,37
14427,8,7,8,6,6,4,4,8,7,8,6,6,4,4,8,7,8,6,6,4,4
14428,0,0,0,0,0,1,0,0,0,0,0,0,1,0,0,0,0,0,0,1,0
14429,3,4,4,4,3,2,3,3,4,4,4,3,2,3,3,4,4,4,3,2,3
14430,1,2,2,1,0,1,1,1,2,2,1,0,1,1,1,2,2,1,0,1,1
14431,25,29,29,24,20,17,18,25,29,29,24,20,17,18,25,29,29,24,20,17,18
14432,4,7,4,4,5,4,4,4,7,4,4,5,4,4,4,7,4,4,5,4,4
14433,1,2,2,2,1,1,1,1,2,2,2,1,1,1,1,2,2,2,1,1,1
14434,33,40,44,44,36,29,27,33,40,44,44,36,29,27,33,40,44,44,36,29,27
14435,115,122,124,120,98,84,83,115,122,124,120,98,84,83,115,122,124,120,98,84,83
14436,1,1,1,1,1,1,1,1,1,1,1,1,1,1,1,1,1,1,1,1,1
14437,8,12,11,11,6,5,5,8,12,11,11,6,5,5,8,12,11,11,6,5,5
14438,2,3,3,3,2,2,2,2,3,3,3,2,2,2,2,3,3,3,2,2,2
14439,4,6,7,6,4,2,3,4,6,7,6,4,2,3,4,6,7,6,4,2,3
14440,0,0,0,0,0,0,0,0,0,0,0,0,0,0,0,0,0,0,0,0,0
14441,99,91,95,86,85,70,75,99,91,95,86,85,70,75,99,91,95,86,85,70,75
14442,0,0,0,0,0,0,0,0,0,0,0,0,0,0,0,0,0,0,0,0,0
14443,56,57,56,50,46,38,41,56,57,56,50,46,38,41,56,57,56,50,46,38,41
14444,0,0,0,0,0,1,0,0,0,0,0,0,1,0,0,0,0,0,0,1,0
14445,23,23,21,20,20,19,20,23,23,21,20,20,19,20,23,23,21,20,20,19,20
14446,2,2,2,2,1,1,2,2,2,2,2,1,1,2,2,2,2,2,1,1,2
14447,44,51,53,42,36,29,33,44,51,53,42,36,29,33,44,51,53,42,36,29,33
14448,2,2,3,2,2,1,1,2,2,3,2,2,1,1,2,2,3,2,2,1,1
14449,5,5,4,4,4,3,4,5,5,4,4,4,3,4,5,5,4,4,4,3,4
14450,0,0,0,0,0,0,0,0,0,0,0,0,0,0,0,0,0,0,0,0,0
14451,0,1,1,2,2,1,1,0,1,1,2,2,1,1,0,1,1,2,2,1,1
14452,0,0,0,0,0,0,0,0,0,0,0,0,0,0,0,0,0,0,0,0,0
14453,16,16,16,14,15,13,14,16,16,16,14,15,13,14,16,16,16,14,15,13,14
14454,4,5,5,5,4,3,3,4,5,5,5,4,3,3,4,5,5,5,4,3,3
14455,2,2,2,2,2,1,2,2,2,2,2,2,1,2,2,2,2,2,2,1,2
14456,2,2,2,1,2,2,2,2,2,2,1,2,2,2,2,2,2,1,2,2,2
14457,8,8,8,7,6,6,7,8,8,8,7,6,6,7,8,8,8,7,6,6,7
14458,0,0,0,0,0,0,0,0,0,0,0,0,0,0,0,0,0,0,0,0,0
14459,1,1,1,2,2,2,1,1,1,1,2,2,2,1,1,1,1,2,2,2,1
14460,3,2,2,2,2,2,2,3,2,2,2,2,2,2,3,2,2,2,2,2,2
14461,0,0,0,0,0,0,0,0,0,0,0,0,0,0,0,0,0,0,0,0,0
14462,0,0,0,0,0,0,0,0,0,0,0,0,0,0,0,0,0,0,0,0,0
14463,0,0,0,0,0,0,0,0,0,0,0,0,0,0,0,0,0,0,0,0,0
14464,3,1,1,1,1,3,3,3,1,1,1,1,3,3,3,1,1,1,1,3,3
14465,0,0,0,0,0,0,0,0,0,0,0,0,0,0,0,0,0,0,0,0,0
14466,3,3,3,2,2,1,3,3,3,3,2,2,1,3,3,3,3,2,2,1,3
14467,0,0,0,0,0,0,0,0,0,0,0,0,0,0,0,0,0,0,0,0,0
14468,0,0,0,0,0,0,0,0,0,0,0,0,0,0,0,0,0,0,0,0,0
14469,0,0,0,0,0,0,0,0,0,0,0,0,0,0,0,0,0,0,0,0,0
14470,0,0,0,0,0,0,0,0,0,0,0,0,0,0,0,0,0,0,0,0,0
14471,1,1,1,1,1,1,1,1,1,1,1,1,1,1,1,1,1,1,1,1,1
14472,0,0,0,0,0,0,0,0,0,0,0,0,0,0,0,0,0,0,0,0,0
14473,0,0,0,0,0,0,0,0,0,0,0,0,0,0,0,0,0,0,0,0,0
14474,0,0,0,0,0,0,0,0,0,0,0,0,0,0,0,0,0,0,0,0,0
14475,0,0,0,0,0,0,0,0,0,0,0,0,0,0,0,0,0,0,0,0,0
14476,0,0,0,0,0,0,0,0,0,0,0,0,0,0,0,0,0,0,0,0,0
14477,0,0,0,0,0,0,0,0,0,0,0,0,0,0,0,0,0,0,0,0,0
14478,0,0,0,0,0,0,0,0,0,0,0,0,0,0,0,0,0,0,0,0,0
14479,0,0,0,0,0,0,0,0,0,0,0,0,0,0,0,0,0,0,0,0,0
14480,0,0,0,0,0,0,0,0,0,0,0,0,0,0,0,0,0,0,0,0,0
14481,0,0,0,0,0,0,0,0,0,0,0,0,0,0,0,0,0,0,0,0,0
14482,0,0,0,0,0,0,0,0,0,0,0,0,0,0,0,0,0,0,0,0,0
14483,0,0,0,0,0,0,0,0,0,0,0,0,0,0,0,0,0,0,0,0,0
14484,0,0,0,0,0,0,0,0,0,0,0,0,0,0,0,0,0,0,0,0,0
14485,0,0,0,0,0,0,0,0,0,0,0,0,0,0,0,0,0,0,0,0,0
14486,1,2,2,1,1,1,1,1,2,2,1,1,1,1,1,2,2,1,1,1,1
14487,0,0,0,0,0,0,0,0,0,0,0,0,0,0,0,0,0,0,0,0,0
14488,0,0,0,0,0,0,0,0,0,0,0,0,0,0,0,0,0,0,0,0,0
14489,0,0,0,0,0,0,0,0,0,0,0,0,0,0,0,0,0,0,0,0,0
14490,0,0,0,0,0,0,0,0,0,0,0,0,0,0,0,0,0,0,0,0,0
14491,0,0,0,0,0,0,0,0,0,0,0,0,0,0,0,0,0,0,0,0,0
14492,2,2,3,2,1,1,1,2,2,3,2,1,1,1,2,2,3,2,1,1,1
14493,0,0,0,0,0,0,0,0,0,0,0,0,0,0,0,0,0,0,0,0,0
14494,0,0,0,0,0,0,0,0,0,0,0,0,0,0,0,0,0,0,0,0,0
14495,2,1,1,1,1,2,2,2,1,1,1,1,2,2,2,1,1,1,1,2,2
14496,0,0,0,0,0,0,0,0,0,0,0,0,0,0,0,0,0,0,0,0,0
14497,0,0,0,0,0,0,0,0,0,0,0,0,0,0,0,0,0,0,0,0,0
14498,0,0,0,0,0,0,0,0,0,0,0,0,0,0,0,0,0,0,0,0,0
14499,0,0,0,0,0,0,0,0,0,0,0,0,0,0,0,0,0,0,0,0,0
14500,0,0,0,0,0,0,0,0,0,0,0,0,0,0,0,0,0,0,0,0,0
14501,1,1,1,1,1,1,1,1,1,1,1,1,1,1,1,1,1,1,1,1,1
14502,0,0,0,0,0,0,0,0,0,0,0,0,0,0,0,0,0,0,0,0,0
14503,0,0,0,0,0,0,0,0,0,0,0,0,0,0,0,0,0,0,0,0,0
14504,0,0,0,0,0,0,0,0,0,0,0,0,0,0,0,0,0,0,0,0,0
14505,2,1,1,1,1,1,0,2,1,1,1,1,1,0,2,1,1,1,1,1,0
14506,0,0,0,0,0,0,0,0,0,0,0,0,0,0,0,0,0,0,0,0,0
14507,3,3,2,3,4,4,3,3,3,2,3,4,4,3,3,3,2,3,4,4,3
14508,3,4,4,3,3,2,2,3,4,4,3,3,2,2,3,4,4,3,3,2,2
14509,10,13,15,13,10,9,8,10,13,15,13,10,9,8,10,13,15,13,10,9,8
14510,16,17,19,16,15,12,12,16,17,19,16,15,12,12,16,17,19,16,15,12,12
14511,1,1,1,1,1,0,1,1,1,1,1,1,0,1,1,1,1,1,1,0,1
14512,1,2,2,2,2,1,1,1,2,2,2,2,1,1,1,2,2,2,2,1,1
14513,1,8,10,9,7,1,1,1,8,10,9,7,1,1,1,8,10,9,7,1,1
14514,14,16,17,16,14,13,12,14,16,17,16,14,13,12,14,16,17,16,14,13,12
14515,3,3,3,3,3,2,2,3,3,3,3,3,2,2,3,3,3,3,3,2,2
14516,16,21,18,15,12,10,11,16,21,18,15,12,10,11,16,21,18,15,12,10,11
14517,8,9,6,5,6,5,5,8,9,6,5,6,5,5,8,9,6,5,6,5,5
14518,0,1,1,1,0,0,0,0,1,1,1,0,0,0,0,1,1,1,0,0,0
14519,3,5,5,4,4,3,2,3,5,5,4,4,3,2,3,5,5,4,4,3,2
14520,11,13,12,11,10,9,8,11,13,12,11,10,9,8,11,13,12,11,10,9,8
14521,10,12,13,12,10,8,9,10,12,13,12,10,8,9,10,12,13,12,10,8,9
14522,33,40,41,39,32,26,25,33,40,41,39,32,26,25,33,40,41,39,32,26,25
14523,28,33,36,34,29,24,24,28,33,36,34,29,24,24,28,33,36,34,29,24,24
14524,3,4,4,4,4,3,3,3,4,4,4,4,3,3,3,4,4,4,4,3,3
14525,0,1,1,1,0,0,0,0,1,1,1,0,0,0,0,1,1,1,0,0,0
14526,73,89,91,87,79,65,66,73,89,91,87,79,65,66,73,89,91,87,79,65,66
14527,5,5,5,5,5,4,4,5,5,5,5,5,4,4,5,5,5,5,5,4,4
14528,8,9,9,8,7,7,7,8,9,9,8,7,7,7,8,9,9,8,7,7,7
14529,3,3,3,3,3,3,3,3,3,3,3,3,3,3,3,3,3,3,3,3,3
14530,3,3,3,3,2,2,2,3,3,3,3,2,2,2,3,3,3,3,2,2,2
14531,0,0,0,0,0,0,0,0,0,0,0,0,0,0,0,0,0,0,0,0,0
14532,9,8,9,8,7,6,6,9,8,9,8,7,6,6,9,8,9,8,7,6,6
14533,1,1,1,1,1,1,1,1,1,1,1,1,1,1,1,1,1,1,1,1,1
14534,0,0,0,0,0,0,0,0,0,0,0,0,0,0,0,0,0,0,0,0,0
14535,0,0,0,0,0,0,0,0,0,0,0,0,0,0,0,0,0,0,0,0,0
14536,1,2,2,1,1,1,1,1,2,2,1,1,1,1,1,2,2,1,1,1,1
14537,1,2,2,1,1,1,1,1,2,2,1,1,1,1,1,2,2,1,1,1,1
14538,0,0,0,0,0,0,0,0,0,0,0,0,0,0,0,0,0,0,0,0,0
14539,3,3,3,2,2,2,2,3,3,3,2,2,2,2,3,3,3,2,2,2,2
14540,5,5,6,5,4,3,4,5,5,6,5,4,3,4,5,5,6,5,4,3,4
14541,8,8,8,7,6,7,6,8,8,8,7,6,7,6,8,8,8,7,6,7,6
14542,1,1,0,1,1,1,1,1,1,0,1,1,1,1,1,1,0,1,1,1,1
14543,0,0,0,0,0,0,0,0,0,0,0,0,0,0,0,0,0,0,0,0,0
14544,0,1,0,0,0,0,0,0,1,0,0,0,0,0,0,1,0,0,0,0,0
14545,0,0,0,0,0,0,0,0,0,0,0,0,0,0,0,0,0,0,0,0,0
14546,0,0,0,0,0,0,0,0,0,0,0,0,0,0,0,0,0,0,0,0,0
14547,0,0,0,0,0,0,0,0,0,0,0,0,0,0,0,0,0,0,0,0,0
14548,0,0,0,0,0,0,0,0,0,0,0,0,0,0,0,0,0,0,0,0,0
14549,0,0,0,0,0,0,0,0,0,0,0,0,0,0,0,0,0,0,0,0,0
14550,0,0,0,0,0,0,0,0,0,0,0,0,0,0,0,0,0,0,0,0,0
14551,4,6,6,6,5,3,3,4,6,6,6,5,3,3,4,6,6,6,5,3,3
14552,5,6,6,5,5,4,4,5,6,6,5,5,4,4,5,6,6,5,5,4,4
14553,13,15,14,12,11,10,11,13,15,14,12,11,10,11,13,15,14,12,11,10,11
14554,18,18,15,14,14,16,15,18,18,15,14,14,16,15,18,18,15,14,14,16,15
14555,0,0,0,0,0,0,0,0,0,0,0,0,0,0,0,0,0,0,0,0,0
14556,0,0,0,0,0,0,0,0,0,0,0,0,0,0,0,0,0,0,0,0,0
14557,0,0,0,0,0,0,0,0,0,0,0,0,0,0,0,0,0,0,0,0,0
14558,0,0,1,1,0,0,0,0,0,1,1,0,0,0,0,0,1,1,0,0,0
14559,2,2,2,2,1,1,1,2,2,2,2,1,1,1,2,2,2,2,1,1,1
14560,12,9,9,17,16,13,11,12,9,9,17,16,13,11,12,9,9,17,16,13,11
14561,7,8,8,7,7,6,6,7,8,8,7,7,6,6,7,8,8,7,7,6,6
14562,12,10,10,10,9,11,11,12,10,10,10,9,11,11,12,10,10,10,9,11,11
14563,4,5,4,4,4,4,4,4,5,4,4,4,4,4,4,5,4,4,4,4,4
14564,2,2,2,2,2,2,2,2,2,2,2,2,2,2,2,2,2,2,2,2,2
14565,1,1,0,0,0,0,0,1,1,0,0,0,0,0,1,1,0,0,0,0,0
14566,1,1,1,2,1,1,1,1,1,1,2,1,1,1,1,1,1,2,1,1,1
14567,1,1,2,1,1,1,1,1,1,2,1,1,1,1,1,1,2,1,1,1,1
14568,1,1,1,1,1,0,1,1,1,1,1,1,0,1,1,1,1,1,1,0,1
14569,11,14,14,13,13,10,9,11,14,14,13,13,10,9,11,14,14,13,13,10,9
14570,27,28,32,24,23,22,22,27,28,32,24,23,22,22,27,28,32,24,23,22,22
14571,116,127,133,122,106,96,97,116,127,133,122,106,96,97,116,127,133,122,106,96,97
14572,55,63,69,67,58,52,50,55,63,69,67,58,52,50,55,63,69,67,58,52,50
14573,60,51,51,52,39,44,59,60,51,51,52,39,44,59,60,51,51,52,39,44,59
14574,38,36,37,41,35,42,37,38,36,37,41,35,42,37,38,36,37,41,35,42,37
14575,7,8,9,7,8,7,9,7,8,9,7,8,7,9,7,8,9,7,8,7,9
14576,116,127,133,122,106,96,97,116,127,133,122,106,96,97,116,127,133,122,106,96,97
14577,16,11,11,11,12,13,15,16,11,11,11,12,13,15,16,11,11,11,12,13,15
14578,116,127,133,122,106,96,97,116,127,133,122,106,96,97,116,127,133,122,106,96,97
14579,116,127,133,122,106,96,97,116,127,133,122,106,96,97,116,127,133,122,106,96,97
14580,116,127,133,122,106,96,97,116,127,133,122,106,96,97,116,127,133,122,106,96,97
14581,116,127,133,122,106,96,97,116,127,133,122,106,96,97,116,127,133,122,106,96,97
14582,116,127,133,122,106,96,97,116,127,133,122,106,96,97,116,127,133,122,106,96,97
14583,27,28,37,39,28,24,22,27,28,37,39,28,24,22,27,28,37,39,28,24,22
14584,116,127,133,122,106,96,97,116,127,133,122,106,96,97,116,127,133,122,106,96,97
14585,116,127,133,122,106,96,97,116,127,133,122,106,96,97,116,127,133,122,106,96,97
14586,116,127,133,122,106,96,97,116,127,133,122,106,96,97,116,127,133,122,106,96,97
14587,116,127,133,122,106,96,97,116,127,133,122,106,96,97,116,127,133,122,106,96,97
14588,116,127,133,122,106,96,97,116,127,133,122,106,96,97,116,127,133,122,106,96,97
14589,100,101,121,108,96,75,79,100,101,121,108,96,75,79,100,101,121,108,96,75,79
14590,62,63,70,60,57,50,51,62,63,70,60,57,50,51,62,63,70,60,57,50,51
14591,116,127,133,122,106,96,97,116,127,133,122,106,96,97,116,127,133,122,106,96,97
14592,116,127,133,122,106,96,97,116,127,133,122,106,96,97,116,127,133,122,106,96,97
14593,116,127,133,122,106,96,97,116,127,133,122,106,96,97,116,127,133,122,106,96,97
14594,19,20,24,23,21,17,15,19,20,24,23,21,17,15,19,20,24,23,21,17,15
14595,2,0,0,0,0,0,1,2,0,0,0,0,0,1,2,0,0,0,0,0,1
14596,1,1,1,1,1,1,1,1,1,1,1,1,1,1,1,1,1,1,1,1,1
14597,0,0,0,0,0,0,0,0,0,0,0,0,0,0,0,0,0,0,0,0,0
14598,5,5,7,9,8,4,3,5,5,7,9,8,4,3,5,5,7,9,8,4,3
14599,0,0,1,1,0,0,0,0,0,1,1,0,0,0,0,0,1,1,0,0,0
14600,0,0,0,0,0,0,0,0,0,0,0,0,0,0,0,0,0,0,0,0,0
14601,0,0,0,0,0,0,0,0,0,0,0,0,0,0,0,0,0,0,0,0,0
14602,0,0,0,0,0,0,0,0,0,0,0,0,0,0,0,0,0,0,0,0,0
14603,0,0,0,0,0,0,0,0,0,0,0,0,0,0,0,0,0,0,0,0,0
14604,0,0,0,0,0,0,0,0,0,0,0,0,0,0,0,0,0,0,0,0,0
14605,4,3,4,7,6,3,4,4,3,4,7,6,3,4,4,3,4,7,6,3,4
14606,0,0,0,0,0,0,0,0,0,0,0,0,0,0,0,0,0,0,0,0,0
14607,0,0,0,0,0,0,0,0,0,0,0,0,0,0,0,0,0,0,0,0,0
14608,0,0,0,0,0,0,0,0,0,0,0,0,0,0,0,0,0,0,0,0,0
14609,2,2,1,2,0,0,1,2,2,1,2,0,0,1,2,2,1,2,0,0,1
14610,0,0,0,0,0,0,0,0,0,0,0,0,0,0,0,0,0,0,0,0,0
14611,0,0,0,0,0,0,0,0,0,0,0,0,0,0,0,0,0,0,0,0,0
14612,0,0,0,0,0,0,0,0,0,0,0,0,0,0,0,0,0,0,0,0,0
14613,2,2,3,2,2,1,2,2,2,3,2,2,1,2,2,2,3,2,2,1,2
14614,6,12,12,11,6,5,4,6,12,12,11,6,5,4,6,12,12,11,6,5,4
14615,6,5,7,6,4,3,3,6,5,7,6,4,3,3,6,5,7,6,4,3,3
14616,13,21,22,20,11,10,10,13,21,22,20,11,10,10,13,21,22,20,11,10,10
14617,7,8,9,7,6,5,5,7,8,9,7,6,5,5,7,8,9,7,6,5,5
14618,2,2,2,3,2,3,2,2,2,2,3,2,3,2,2,2,2,3,2,3,2
14619,2,2,2,2,2,1,2,2,2,2,2,2,1,2,2,2,2,2,2,1,2
14620,2,2,2,2,2,1,1,2,2,2,2,2,1,1,2,2,2,2,2,1,1
14621,3,4,5,4,3,2,2,3,4,5,4,3,2,2,3,4,5,4,3,2,2
14622,0,0,0,0,0,0,0,0,0,0,0,0,0,0,0,0,0,0,0,0,0
14623,2,2,2,2,2,1,1,2,2,2,2,2,1,1,2,2,2,2,2,1,1
14624,0,0,0,1,1,0,0,0,0,0,1,1,0,0,0,0,0,1,1,0,0
14625,5,5,5,6,5,4,5,5,5,5,6,5,4,5,5,5,5,6,5,4,5
14626,0,0,0,0,0,0,0,0,0,0,0,0,0,0,0,0,0,0,0,0,0
14627,0,0,0,0,0,0,0,0,0,0,0,0,0,0,0,0,0,0,0,0,0
14628,1,1,1,1,1,1,1,1,1,1,1,1,1,1,1,1,1,1,1,1,1
14629,0,0,0,0,0,0,0,0,0,0,0,0,0,0,0,0,0,0,0,0,0
14630,0,0,0,0,0,0,0,0,0,0,0,0,0,0,0,0,0,0,0,0,0
14631,0,0,0,0,0,0,0,0,0,0,0,0,0,0,0,0,0,0,0,0,0
14632,0,0,0,0,0,0,0,0,0,0,0,0,0,0,0,0,0,0,0,0,0
14633,6,6,8,5,4,4,3,6,6,8,5,4,4,3,6,6,8,5,4,4,3
14634,0,0,0,0,0,0,0,0,0,0,0,0,0,0,0,0,0,0,0,0,0
14635,1,1,1,1,1,1,1,1,1,1,1,1,1,1,1,1,1,1,1,1,1
14636,1,1,1,1,1,1,1,1,1,1,1,1,1,1,1,1,1,1,1,1,1
14637,0,0,0,0,0,0,0,0,0,0,0,0,0,0,0,0,0,0,0,0,0
14638,0,0,0,0,0,0,0,0,0,0,0,0,0,0,0,0,0,0,0,0,0
14639,1,1,1,1,0,0,0,1,1,1,1,0,0,0,1,1,1,1,0,0,0
14640,1,1,1,2,2,1,1,1,1,1,2,2,1,1,1,1,1,2,2,1,1
14641,0,0,0,1,0,0,0,0,0,0,1,0,0,0,0,0,0,1,0,0,0
14642,1,1,1,1,0,1,1,1,1,1,1,0,1,1,1,1,1,1,0,1,1
14643,1,1,1,1,2,1,1,1,1,1,1,2,1,1,1,1,1,1,2,1,1
14644,0,0,0,0,0,0,0,0,0,0,0,0,0,0,0,0,0,0,0,0,0
14645,0,1,0,1,1,1,1,0,1,0,1,1,1,1,0,1,0,1,1,1,1
14646,1,1,1,1,1,1,1,1,1,1,1,1,1,1,1,1,1,1,1,1,1
14647,3,3,4,4,4,3,3,3,3,4,4,4,3,3,3,3,4,4,4,3,3
14648,1,1,1,1,1,1,1,1,1,1,1,1,1,1,1,1,1,1,1,1,1
14649,3,4,4,4,4,4,3,3,4,4,4,4,4,3,3,4,4,4,4,4,3
14650,18,20,20,21,21,19,18,18,20,20,21,21,19,18,18,20,20,21,21,19,18
14651,1,2,3,2,3,3,2,1,2,3,2,3,3,2,1,2,3,2,3,3,2
14652,9,9,9,7,6,6,7,9,9,9,7,6,6,7,9,9,9,7,6,6,7
14653,1,1,1,0,1,1,1,1,1,1,0,1,1,1,1,1,1,0,1,1,1
14654,4,4,4,4,4,3,4,4,4,4,4,4,3,4,4,4,4,4,4,3,4
14655,0,0,0,0,0,0,0,0,0,0,0,0,0,0,0,0,0,0,0,0,0
14656,0,0,0,0,0,0,0,0,0,0,0,0,0,0,0,0,0,0,0,0,0
14657,0,0,0,0,0,0,0,0,0,0,0,0,0,0,0,0,0,0,0,0,0
14658,0,0,0,0,0,0,0,0,0,0,0,0,0,0,0,0,0,0,0,0,0
14659,5,4,4,4,3,3,4,5,4,4,4,3,3,4,5,4,4,4,3,3,4
14660,96,82,84,54,50,72,74,96,82,84,54,50,72,74,96,82,84,54,50,72,74
14661,2,2,2,2,2,2,2,2,2,2,2,2,2,2,2,2,2,2,2,2,2
14662,0,0,0,0,0,0,0,0,0,0,0,0,0,0,0,0,0,0,0,0,0
14663,0,0,0,0,0,0,0,0,0,0,0,0,0,0,0,0,0,0,0,0,0
14664,4,3,3,3,2,3,3,4,3,3,3,2,3,3,4,3,3,3,2,3,3
14665,0,0,0,0,0,0,0,0,0,0,0,0,0,0,0,0,0,0,0,0,0
14666,3,3,2,2,2,3,3,3,3,2,2,2,3,3,3,3,2,2,2,3,3
14667,0,0,0,0,0,0,0,0,0,0,0,0,0,0,0,0,0,0,0,0,0
14668,3,3,3,3,2,2,3,3,3,3,3,2,2,3,3,3,3,3,2,2,3
14669,0,0,0,0,0,0,0,0,0,0,0,0,0,0,0,0,0,0,0,0,0
14670,1,0,1,0,1,2,1,1,0,1,0,1,2,1,1,0,1,0,1,2,1
14671,0,0,0,0,0,0,0,0,0,0,0,0,0,0,0,0,0,0,0,0,0
14672,0,0,0,0,0,0,0,0,0,0,0,0,0,0,0,0,0,0,0,0,0
14673,0,1,1,1,1,0,0,0,1,1,1,1,0,0,0,1,1,1,1,0,0
14674,2,3,3,3,1,1,2,2,3,3,3,1,1,2,2,3,3,3,1,1,2
14675,0,2,2,1,1,1,0,0,2,2,1,1,1,0,0,2,2,1,1,1,0
14676,1,1,1,1,1,1,0,1,1,1,1,1,1,0,1,1,1,1,1,1,0
14677,1,2,1,1,1,1,1,1,2,1,1,1,1,1,1,2,1,1,1,1,1
14678,0,0,0,0,0,0,0,0,0,0,0,0,0,0,0,0,0,0,0,0,0
14679,1,1,1,0,1,0,1,1,1,1,0,1,0,1,1,1,1,0,1,0,1
14680,12,15,17,13,9,9,9,12,15,17,13,9,9,9,12,15,17,13,9,9,9
14681,0,0,0,0,0,0,0,0,0,0,0,0,0,0,0,0,0,0,0,0,0
14682,2,2,2,2,1,1,1,2,2,2,2,1,1,1,2,2,2,2,1,1,1
14683,15,18,20,18,14,11,10,15,18,20,18,14,11,10,15,18,20,18,14,11,10
14684,95,126,133,121,98,58,60,95,126,133,121,98,58,60,95,126,133,121,98,58,60
14685,0,0,0,0,0,0,0,0,0,0,0,0,0,0,0,0,0,0,0,0,0
14686,0,0,0,0,0,0,0,0,0,0,0,0,0,0,0,0,0,0,0,0,0
14687,0,1,0,0,0,0,0,0,1,0,0,0,0,0,0,1,0,0,0,0,0
14688,0,0,0,0,0,0,0,0,0,0,0,0,0,0,0,0,0,0,0,0,0
14689,1,1,1,2,2,2,1,1,1,1,2,2,2,1,1,1,1,2,2,2,1
14690,0,0,0,0,0,0,0,0,0,0,0,0,0,0,0,0,0,0,0,0,0
14691,0,0,0,0,0,0,0,0,0,0,0,0,0,0,0,0,0,0,0,0,0
14692,0,0,0,0,0,0,0,0,0,0,0,0,0,0,0,0,0,0,0,0,0
14693,0,0,0,0,0,0,0,0,0,0,0,0,0,0,0,0,0,0,0,0,0
14694,0,0,0,0,0,0,0,0,0,0,0,0,0,0,0,0,0,0,0,0,0
14695,1,1,1,1,1,1,1,1,1,1,1,1,1,1,1,1,1,1,1,1,1
14696,0,0,0,0,0,0,0,0,0,0,0,0,0,0,0,0,0,0,0,0,0
14697,0,0,0,0,0,0,0,0,0,0,0,0,0,0,0,0,0,0,0,0,0
14698,2,2,2,2,1,2,2,2,2,2,2,1,2,2,2,2,2,2,1,2,2
14699,0,0,0,0,0,0,0,0,0,0,0,0,0,0,0,0,0,0,0,0,0
14700,6,7,7,6,4,4,5,6,7,7,6,4,4,5,6,7,7,6,4,4,5
14701,4,5,4,4,4,4,4,4,5,4,4,4,4,4,4,5,4,4,4,4,4
14702,0,0,0,0,0,0,0,0,0,0,0,0,0,0,0,0,0,0,0,0,0
14703,1,1,1,1,1,0,0,1,1,1,1,1,0,0,1,1,1,1,1,0,0
14704,2,2,2,2,2,1,1,2,2,2,2,2,1,1,2,2,2,2,2,1,1
14705,0,0,0,0,0,0,0,0,0,0,0,0,0,0,0,0,0,0,0,0,0
14706,0,0,0,0,0,0,0,0,0,0,0,0,0,0,0,0,0,0,0,0,0
14707,7,8,9,8,8,7,7,7,8,9,8,8,7,7,7,8,9,8,8,7,7
14708,6,7,7,7,6,6,5,6,7,7,7,6,6,5,6,7,7,7,6,6,5
14709,0,0,0,0,0,0,0,0,0,0,0,0,0,0,0,0,0,0,0,0,0
14710,4,5,5,8,8,6,3,4,5,5,8,8,6,3,4,5,5,8,8,6,3
14711,12,16,13,12,9,6,6,12,16,13,12,9,6,6,12,16,13,12,9,6,6
14712,1,2,2,1,1,1,1,1,2,2,1,1,1,1,1,2,2,1,1,1,1
14713,1,1,1,2,1,1,1,1,1,1,2,1,1,1,1,1,1,2,1,1,1
14714,7,8,8,11,10,8,5,7,8,8,11,10,8,5,7,8,8,11,10,8,5
14715,2,3,3,4,3,2,2,2,3,3,4,3,2,2,2,3,3,4,3,2,2
14716,0,0,0,1,0,0,0,0,0,0,1,0,0,0,0,0,0,1,0,0,0
14717,0,0,0,0,0,0,0,0,0,0,0,0,0,0,0,0,0,0,0,0,0
14718,0,0,0,0,0,0,0,0,0,0,0,0,0,0,0,0,0,0,0,0,0
14719,0,0,0,0,0,0,0,0,0,0,0,0,0,0,0,0,0,0,0,0,0
14720,2,3,3,2,2,2,2,2,3,3,2,2,2,2,2,3,3,2,2,2,2
14721,3,3,3,3,3,3,3,3,3,3,3,3,3,3,3,3,3,3,3,3,3
14722,0,0,0,0,0,0,0,0,0,0,0,0,0,0,0,0,0,0,0,0,0
14723,0,0,0,0,0,0,0,0,0,0,0,0,0,0,0,0,0,0,0,0,0
14724,0,0,0,0,0,0,0,0,0,0,0,0,0,0,0,0,0,0,0,0,0
14725,1,1,1,1,1,1,1,1,1,1,1,1,1,1,1,1,1,1,1,1,1
14726,19,21,21,18,13,11,14,19,21,21,18,13,11,14,19,21,21,18,13,11,14
14727,4,4,4,4,4,3,4,4,4,4,4,4,3,4,4,4,4,4,4,3,4
14728,0,0,0,0,0,0,0,0,0,0,0,0,0,0,0,0,0,0,0,0,0
14729,1,1,1,1,1,1,1,1,1,1,1,1,1,1,1,1,1,1,1,1,1
14730,0,0,0,0,0,0,0,0,0,0,0,0,0,0,0,0,0,0,0,0,0
14731,65,74,73,69,64,53,51,65,74,73,69,64,53,51,65,74,73,69,64,53,51
14732,5,4,4,4,4,3,3,5,4,4,4,4,3,3,5,4,4,4,4,3,3
14733,35,48,44,43,22,18,22,35,48,44,43,22,18,22,35,48,44,43,22,18,22
14734,3,4,3,3,2,1,1,3,4,3,3,2,1,1,3,4,3,3,2,1,1
14735,0,0,0,0,0,0,0,0,0,0,0,0,0,0,0,0,0,0,0,0,0
14736,0,0,0,0,0,0,0,0,0,0,0,0,0,0,0,0,0,0,0,0,0
14737,9,9,9,7,7,8,7,9,9,9,7,7,8,7,9,9,9,7,7,8,7
14738,3,3,3,3,3,3,3,3,3,3,3,3,3,3,3,3,3,3,3,3,3
14739,0,0,0,0,0,0,0,0,0,0,0,0,0,0,0,0,0,0,0,0,0
14740,0,0,0,0,0,0,0,0,0,0,0,0,0,0,0,0,0,0,0,0,0
14741,0,0,0,0,0,0,0,0,0,0,0,0,0,0,0,0,0,0,0,0,0
14742,0,0,0,0,0,0,0,0,0,0,0,0,0,0,0,0,0,0,0,0,0
14743,0,0,0,0,0,0,0,0,0,0,0,0,0,0,0,0,0,0,0,0,0
14744,1,1,1,1,1,0,1,1,1,1,1,1,0,1,1,1,1,1,1,0,1
14745,1,2,2,1,2,2,2,1,2,2,1,2,2,2,1,2,2,1,2,2,2
14746,116,127,133,122,106,96,97,116,127,133,122,106,96,97,116,127,133,122,106,96,97
14747,2,2,2,1,1,1,1,2,2,2,1,1,1,1,2,2,2,1,1,1,1
14748,0,0,0,0,0,0,0,0,0,0,0,0,0,0,0,0,0,0,0,0,0
14749,8,9,9,9,8,8,8,8,9,9,9,8,8,8,8,9,9,9,8,8,8
14750,0,0,1,1,1,0,0,0,0,1,1,1,0,0,0,0,1,1,1,0,0
14751,4,5,5,5,4,4,4,4,5,5,5,4,4,4,4,5,5,5,4,4,4
14752,13,14,13,12,10,9,10,13,14,13,12,10,9,10,13,14,13,12,10,9,10
14753,17,17,17,14,13,11,13,17,17,17,14,13,11,13,17,17,17,14,13,11,13
14754,25,26,25,26,25,25,23,25,26,25,26,25,25,23,25,26,25,26,25,25,23
14755,10,11,9,9,7,8,8,10,11,9,9,7,8,8,10,11,9,9,7,8,8
14756,9,9,9,8,7,6,6,9,9,9,8,7,6,6,9,9,9,8,7,6,6
14757,5,7,9,8,7,5,4,5,7,9,8,7,5,4,5,7,9,8,7,5,4
14758,0,0,0,0,0,0,0,0,0,0,0,0,0,0,0,0,0,0,0,0,0
14759,21,22,23,21,17,15,17,21,22,23,21,17,15,17,21,22,23,21,17,15,17
14760,20,23,22,21,20,18,16,20,23,22,21,20,18,16,20,23,22,21,20,18,16
14761,1,1,1,1,2,1,1,1,1,1,1,2,1,1,1,1,1,1,2,1,1
14762,2,2,2,2,2,1,2,2,2,2,2,2,1,2,2,2,2,2,2,1,2
14763,2,2,3,3,3,2,3,2,2,3,3,3,2,3,2,2,3,3,3,2,3
14764,1,1,1,1,1,1,1,1,1,1,1,1,1,1,1,1,1,1,1,1,1
14765,0,0,0,0,0,0,0,0,0,0,0,0,0,0,0,0,0,0,0,0,0
14766,0,0,0,0,0,0,0,0,0,0,0,0,0,0,0,0,0,0,0,0,0
14767,0,0,0,0,0,0,0,0,0,0,0,0,0,0,0,0,0,0,0,0,0
14768,0,0,0,0,0,0,0,0,0,0,0,0,0,0,0,0,0,0,0,0,0
14769,0,0,0,0,0,0,0,0,0,0,0,0,0,0,0,0,0,0,0,0,0
14770,0,0,0,0,0,0,0,0,0,0,0,0,0,0,0,0,0,0,0,0,0
14771,0,0,0,0,0,0,0,0,0,0,0,0,0,0,0,0,0,0,0,0,0
14772,6,7,7,6,5,4,4,6,7,7,6,5,4,4,6,7,7,6,5,4,4
14773,0,0,0,0,0,0,0,0,0,0,0,0,0,0,0,0,0,0,0,0,0
14774,116,127,133,122,106,96,97,116,127,133,122,106,96,97,116,127,133,122,106,96,97
14775,3,3,4,4,3,3,3,3,3,4,4,3,3,3,3,3,4,4,3,3,3
14776,1,1,1,1,1,0,1,1,1,1,1,1,0,1,1,1,1,1,1,0,1
14777,2,2,2,2,2,2,2,2,2,2,2,2,2,2,2,2,2,2,2,2,2
14778,3,4,4,4,4,3,3,3,4,4,4,4,3,3,3,4,4,4,4,3,3
14779,1,1,1,0,0,0,0,1,1,1,0,0,0,0,1,1,1,0,0,0,0
14780,0,0,0,0,0,0,0,0,0,0,0,0,0,0,0,0,0,0,0,0,0
14781,7,8,15,19,17,11,10,7,8,15,19,17,11,10,7,8,15,19,17,11,10
14782,38,45,45,39,32,25,26,38,45,45,39,32,25,26,38,45,45,39,32,25,26
14783,116,127,133,122,106,96,97,116,127,133,122,106,96,97,116,127,133,122,106,96,97
14784,16,18,18,19,16,14,12,16,18,18,19,16,14,12,16,18,18,19,16,14,12
14785,0,0,0,0,0,0,0,0,0,0,0,0,0,0,0,0,0,0,0,0,0
14786,0,0,0,0,0,0,0,0,0,0,0,0,0,0,0,0,0,0,0,0,0
14787,0,0,0,0,0,0,0,0,0,0,0,0,0,0,0,0,0,0,0,0,0
14788,3,4,3,4,4,3,2,3,4,3,4,4,3,2,3,4,3,4,4,3,2
14789,2,1,1,1,1,0,0,2,1,1,1,1,0,0,2,1,1,1,1,0,0
14790,5,5,6,6,5,4,4,5,5,6,6,5,4,4,5,5,6,6,5,4,4
14791,0,0,0,0,0,0,0,0,0,0,0,0,0,0,0,0,0,0,0,0,0
14792,1,1,1,1,1,1,1,1,1,1,1,1,1,1,1,1,1,1,1,1,1
14793,3,3,3,4,4,4,3,3,3,3,4,4,4,3,3,3,3,4,4,4,3
14794,3,2,2,3,2,2,2,3,2,2,3,2,2,2,3,2,2,3,2,2,2
14795,19,18,19,18,18,16,17,19,18,19,18,18,16,17,19,18,19,18,18,16,17
14796,3,3,3,3,2,2,2,3,3,3,3,2,2,2,3,3,3,3,2,2,2
14797,2,2,2,2,2,1,2,2,2,2,2,2,1,2,2,2,2,2,2,1,2
14798,2,3,3,2,2,2,2,2,3,3,2,2,2,2,2,3,3,2,2,2,2
14799,0,0,0,0,0,0,0,0,0,0,0,0,0,0,0,0,0,0,0,0,0
14800,1,1,1,1,1,1,1,1,1,1,1,1,1,1,1,1,1,1,1,1,1
14801,3,4,4,4,4,3,3,3,4,4,4,4,3,3,3,4,4,4,4,3,3
14802,2,3,2,2,2,2,2,2,3,2,2,2,2,2,2,3,2,2,2,2,2
14803,17,21,19,18,14,13,15,17,21,19,18,14,13,15,17,21,19,18,14,13,15
14804,0,0,0,0,0,0,0,0,0,0,0,0,0,0,0,0,0,0,0,0,0
14805,0,0,0,0,0,0,0,0,0,0,0,0,0,0,0,0,0,0,0,0,0
14806,0,0,0,0,0,0,0,0,0,0,0,0,0,0,0,0,0,0,0,0,0
14807,4,4,4,4,3,3,4,4,4,4,4,3,3,4,4,4,4,4,3,3,4
14808,0,1,2,2,3,2,0,0,1,2,2,3,2,0,0,1,2,2,3,2,0
14809,1,1,1,0,0,0,0,1,1,1,0,0,0,0,1,1,1,0,0,0,0
14810,49,57,43,48,50,46,49,49,57,43,48,50,46,49,49,57,43,48,50,46,49
14811,8,8,6,3,2,3,8,8,8,6,3,2,3,8,8,8,6,3,2,3,8
14812,2,2,5,3,0,0,1,2,2,5,3,0,0,1,2,2,5,3,0,0,1
14813,8,7,7,8,7,8,5,8,7,7,8,7,8,5,8,7,7,8,7,8,5
14814,39,31,30,29,30,29,30,39,31,30,29,30,29,30,39,31,30,29,30,29,30
14815,25,23,22,16,12,15,15,25,23,22,16,12,15,15,25,23,22,16,12,15,15
14816,26,24,21,16,13,14,19,26,24,21,16,13,14,19,26,24,21,16,13,14,19
14817,4,4,2,4,5,6,5,4,4,2,4,5,6,5,4,4,2,4,5,6,5
14818,102,121,110,84,53,56,86,102,121,110,84,53,56,86,102,121,110,84,53,56,86
14819,0,0,0,0,0,0,0,0,0,0,0,0,0,0,0,0,0,0,0,0,0
14820,0,0,0,0,0,0,0,0,0,0,0,0,0,0,0,0,0,0,0,0,0
14821,2,5,6,8,4,3,1,2,5,6,8,4,3,1,2,5,6,8,4,3,1
14822,0,0,0,0,0,0,0,0,0,0,0,0,0,0,0,0,0,0,0,0,0
14823,0,0,0,0,0,0,0,0,0,0,0,0,0,0,0,0,0,0,0,0,0
14824,0,0,0,0,0,0,0,0,0,0,0,0,0,0,0,0,0,0,0,0,0
14825,0,0,0,0,0,1,0,0,0,0,0,0,1,0,0,0,0,0,0,1,0
14826,2,2,2,1,1,1,2,2,2,2,1,1,1,2,2,2,2,1,1,1,2
14827,0,0,0,0,0,0,0,0,0,0,0,0,0,0,0,0,0,0,0,0,0
14828,7,6,6,6,6,6,6,7,6,6,6,6,6,6,7,6,6,6,6,6,6
14829,9,10,11,12,10,8,8,9,10,11,12,10,8,8,9,10,11,12,10,8,8
14830,4,5,5,8,7,5,5,4,5,5,8,7,5,5,4,5,5,8,7,5,5
14831,0,0,0,0,0,0,0,0,0,0,0,0,0,0,0,0,0,0,0,0,0
14832,0,0,0,0,0,0,0,0,0,0,0,0,0,0,0,0,0,0,0,0,0
14833,1,1,1,1,1,1,1,1,1,1,1,1,1,1,1,1,1,1,1,1,1
14834,0,0,0,0,0,0,0,0,0,0,0,0,0,0,0,0,0,0,0,0,0
14835,1,1,1,1,1,0,1,1,1,1,1,1,0,1,1,1,1,1,1,0,1
14836,1,1,1,1,1,1,1,1,1,1,1,1,1,1,1,1,1,1,1,1,1
14837,8,8,7,6,6,5,6,8,8,7,6,6,5,6,8,8,7,6,6,5,6
14838,4,4,4,4,3,3,2,4,4,4,4,3,3,2,4,4,4,4,3,3,2
14839,1,1,2,1,1,1,1,1,1,2,1,1,1,1,1,1,2,1,1,1,1
14840,8,8,10,9,8,7,7,8,8,10,9,8,7,7,8,8,10,9,8,7,7
14841,19,19,20,16,16,14,17,19,19,20,16,16,14,17,19,19,20,16,16,14,17
14842,2,2,3,3,3,2,2,2,2,3,3,3,2,2,2,2,3,3,3,2,2
14843,4,4,3,4,3,3,3,4,4,3,4,3,3,3,4,4,3,4,3,3,3
14844,2,2,2,2,2,2,2,2,2,2,2,2,2,2,2,2,2,2,2,2,2
14845,5,4,4,3,2,3,3,5,4,4,3,2,3,3,5,4,4,3,2,3,3
14846,0,0,0,0,0,0,0,0,0,0,0,0,0,0,0,0,0,0,0,0,0
14847,0,0,0,0,0,0,0,0,0,0,0,0,0,0,0,0,0,0,0,0,0
14848,0,0,0,0,0,0,0,0,0,0,0,0,0,0,0,0,0,0,0,0,0
14849,0,0,0,0,0,0,0,0,0,0,0,0,0,0,0,0,0,0,0,0,0
14850,0,0,0,0,0,0,0,0,0,0,0,0,0,0,0,0,0,0,0,0,0
14851,0,0,0,0,0,0,0,0,0,0,0,0,0,0,0,0,0,0,0,0,0
14852,0,0,0,0,0,0,0,0,0,0,0,0,0,0,0,0,0,0,0,0,0
14853,0,0,0,0,0,0,0,0,0,0,0,0,0,0,0,0,0,0,0,0,0
14854,0,0,0,0,0,0,0,0,0,0,0,0,0,0,0,0,0,0,0,0,0
14855,0,0,0,0,0,0,0,0,0,0,0,0,0,0,0,0,0,0,0,0,0
14856,0,0,0,0,0,0,0,0,0,0,0,0,0,0,0,0,0,0,0,0,0
14857,0,0,0,0,0,0,0,0,0,0,0,0,0,0,0,0,0,0,0,0,0
14858,0,0,0,0,0,0,0,0,0,0,0,0,0,0,0,0,0,0,0,0,0
14859,0,1,1,1,1,0,0,0,1,1,1,1,0,0,0,1,1,1,1,0,0
14860,4,4,4,4,5,5,4,4,4,4,4,5,5,4,4,4,4,4,5,5,4
14861,1,0,0,0,0,0,0,1,0,0,0,0,0,0,1,0,0,0,0,0,0
14862,0,0,0,0,0,0,0,0,0,0,0,0,0,0,0,0,0,0,0,0,0
14863,0,0,0,0,0,0,0,0,0,0,0,0,0,0,0,0,0,0,0,0,0
14864,0,0,0,0,0,0,0,0,0,0,0,0,0,0,0,0,0,0,0,0,0
14865,0,0,0,0,0,0,0,0,0,0,0,0,0,0,0,0,0,0,0,0,0
14866,0,0,0,0,0,0,0,0,0,0,0,0,0,0,0,0,0,0,0,0,0
14867,2,2,2,2,2,2,2,2,2,2,2,2,2,2,2,2,2,2,2,2,2
14868,2,2,3,2,2,2,2,2,2,3,2,2,2,2,2,2,3,2,2,2,2
14869,6,7,8,6,5,4,4,6,7,8,6,5,4,4,6,7,8,6,5,4,4
14870,3,3,3,2,2,2,2,3,3,3,2,2,2,2,3,3,3,2,2,2,2
14871,0,0,0,0,0,0,0,0,0,0,0,0,0,0,0,0,0,0,0,0,0
14872,0,0,0,1,0,0,0,0,0,0,1,0,0,0,0,0,0,1,0,0,0
14873,0,0,0,0,0,0,0,0,0,0,0,0,0,0,0,0,0,0,0,0,0
14874,0,0,0,0,0,0,0,0,0,0,0,0,0,0,0,0,0,0,0,0,0
14875,0,0,0,0,0,0,0,0,0,0,0,0,0,0,0,0,0,0,0,0,0
14876,0,0,0,0,0,0,0,0,0,0,0,0,0,0,0,0,0,0,0,0,0
14877,0,0,0,0,0,0,0,0,0,0,0,0,0,0,0,0,0,0,0,0,0
14878,4,3,3,3,3,3,4,4,3,3,3,3,3,4,4,3,3,3,3,3,4
14879,2,2,2,2,1,2,2,2,2,2,2,1,2,2,2,2,2,2,1,2,2
14880,1,1,1,0,0,0,1,1,1,1,0,0,0,1,1,1,1,0,0,0,1
14881,77,83,86,82,73,65,67,77,83,86,82,73,65,67,77,83,86,82,73,65,67
14882,82,94,95,85,76,70,69,82,94,95,85,76,70,69,82,94,95,85,76,70,69
14883,10,10,11,10,9,8,8,10,10,11,10,9,8,8,10,10,11,10,9,8,8
14884,3,3,4,3,3,3,3,3,3,4,3,3,3,3,3,3,4,3,3,3,3
14885,3,2,4,3,3,3,3,3,2,4,3,3,3,3,3,2,4,3,3,3,3
14886,3,3,3,3,2,2,2,3,3,3,3,2,2,2,3,3,3,3,2,2,2
14887,1,0,1,1,0,0,1,1,0,1,1,0,0,1,1,0,1,1,0,0,1
14888,0,0,0,0,0,0,0,0,0,0,0,0,0,0,0,0,0,0,0,0,0
14889,0,0,0,0,0,0,0,0,0,0,0,0,0,0,0,0,0,0,0,0,0
14890,25,26,26,22,22,22,21,25,26,26,22,22,22,21,25,26,26,22,22,22,21
14891,7,8,8,7,6,5,5,7,8,8,7,6,5,5,7,8,8,7,6,5,5
14892,2,2,2,2,2,2,2,2,2,2,2,2,2,2,2,2,2,2,2,2,2
14893,4,4,3,3,3,3,3,4,4,3,3,3,3,3,4,4,3,3,3,3,3
14894,14,16,14,14,12,11,11,14,16,14,14,12,11,11,14,16,14,14,12,11,11
14895,3,3,3,3,3,3,3,3,3,3,3,3,3,3,3,3,3,3,3,3,3
14896,8,9,8,8,7,6,6,8,9,8,8,7,6,6,8,9,8,8,7,6,6
14897,13,14,14,15,12,11,11,13,14,14,15,12,11,11,13,14,14,15,12,11,11
14898,2,2,2,2,2,1,2,2,2,2,2,2,1,2,2,2,2,2,2,1,2
14899,1,2,2,2,2,1,1,1,2,2,2,2,1,1,1,2,2,2,2,1,1
14900,2,2,2,2,1,1,1,2,2,2,2,1,1,1,2,2,2,2,1,1,1
14901,0,1,1,1,0,0,0,0,1,1,1,0,0,0,0,1,1,1,0,0,0
14902,0,0,0,0,0,0,0,0,0,0,0,0,0,0,0,0,0,0,0,0,0
14903,2,2,2,2,2,1,1,2,2,2,2,2,1,1,2,2,2,2,2,1,1
14904,0,0,0,0,0,0,0,0,0,0,0,0,0,0,0,0,0,0,0,0,0
14905,0,0,0,0,0,0,0,0,0,0,0,0,0,0,0,0,0,0,0,0,0
14906,0,1,1,1,1,1,1,0,1,1,1,1,1,1,0,1,1,1,1,1,1
14907,0,0,0,0,0,0,0,0,0,0,0,0,0,0,0,0,0,0,0,0,0
14908,8,10,11,11,9,6,5,8,10,11,11,9,6,5,8,10,11,11,9,6,5
14909,7,7,7,7,7,6,7,7,7,7,7,7,6,7,7,7,7,7,7,6,7
14910,0,0,0,0,0,0,0,0,0,0,0,0,0,0,0,0,0,0,0,0,0
14911,0,0,0,0,0,0,0,0,0,0,0,0,0,0,0,0,0,0,0,0,0
14912,19,24,24,19,16,16,13,19,24,24,19,16,16,13,19,24,24,19,16,16,13
14913,16,18,19,18,16,14,13,16,18,19,18,16,14,13,16,18,19,18,16,14,13
14914,5,6,6,7,5,4,4,5,6,6,7,5,4,4,5,6,6,7,5,4,4
14915,3,3,3,3,2,3,2,3,3,3,3,2,3,2,3,3,3,3,2,3,2
14916,0,0,0,0,0,0,0,0,0,0,0,0,0,0,0,0,0,0,0,0,0
14917,0,0,0,0,0,0,0,0,0,0,0,0,0,0,0,0,0,0,0,0,0
14918,2,2,2,2,2,2,2,2,2,2,2,2,2,2,2,2,2,2,2,2,2
14919,5,5,6,5,5,4,4,5,5,6,5,5,4,4,5,5,6,5,5,4,4
14920,0,0,0,0,1,0,0,0,0,0,0,1,0,0,0,0,0,0,1,0,0
14921,5,5,5,4,4,4,5,5,5,5,4,4,4,5,5,5,5,4,4,4,5
14922,0,0,0,0,0,0,0,0,0,0,0,0,0,0,0,0,0,0,0,0,0
14923,1,0,0,0,0,0,0,1,0,0,0,0,0,0,1,0,0,0,0,0,0
14924,11,11,10,9,9,9,9,11,11,10,9,9,9,9,11,11,10,9,9,9,9
14925,18,17,17,16,15,15,15,18,17,17,16,15,15,15,18,17,17,16,15,15,15
14926,115,126,123,108,96,91,93,115,126,123,108,96,91,93,115,126,123,108,96,91,93
14927,0,0,0,0,0,0,0,0,0,0,0,0,0,0,0,0,0,0,0,0,0
14928,72,71,64,65,57,57,57,72,71,64,65,57,57,57,72,71,64,65,57,57,57
14929,18,22,23,20,18,16,16,18,22,23,20,18,16,16,18,22,23,20,18,16,16
14930,31,34,35,34,31,29,29,31,34,35,34,31,29,29,31,34,35,34,31,29,29
14931,2,2,3,3,3,2,2,2,2,3,3,3,2,2,2,2,3,3,3,2,2
14932,1,1,1,1,1,1,1,1,1,1,1,1,1,1,1,1,1,1,1,1,1
14933,8,8,8,7,7,6,6,8,8,8,7,7,6,6,8,8,8,7,7,6,6
14934,3,4,4,3,3,3,3,3,4,4,3,3,3,3,3,4,4,3,3,3,3
14935,16,23,22,20,21,18,16,16,23,22,20,21,18,16,16,23,22,20,21,18,16
14936,4,5,5,4,3,3,3,4,5,5,4,3,3,3,4,5,5,4,3,3,3
14937,6,6,6,4,3,3,4,6,6,6,4,3,3,4,6,6,6,4,3,3,4
14938,1,1,1,1,1,1,1,1,1,1,1,1,1,1,1,1,1,1,1,1,1
14939,2,2,2,2,1,1,2,2,2,2,2,1,1,2,2,2,2,2,1,1,2
14940,14,15,13,12,10,12,13,14,15,13,12,10,12,13,14,15,13,12,10,12,13
14941,9,10,9,7,8,8,8,9,10,9,7,8,8,8,9,10,9,7,8,8,8
14942,10,10,10,9,9,9,8,10,10,10,9,9,9,8,10,10,10,9,9,9,8
14943,5,6,5,4,4,4,4,5,6,5,4,4,4,4,5,6,5,4,4,4,4
14944,2,3,3,4,4,3,1,2,3,3,4,4,3,1,2,3,3,4,4,3,1
14945,5,5,6,6,5,4,5,5,5,6,6,5,4,5,5,5,6,6,5,4,5
14946,8,9,9,8,8,7,7,8,9,9,8,8,7,7,8,9,9,8,8,7,7
14947,0,0,0,0,0,0,0,0,0,0,0,0,0,0,0,0,0,0,0,0,0
14948,0,0,0,0,0,0,0,0,0,0,0,0,0,0,0,0,0,0,0,0,0
14949,1,1,0,0,0,0,0,1,1,0,0,0,0,0,1,1,0,0,0,0,0
14950,0,0,0,0,0,0,0,0,0,0,0,0,0,0,0,0,0,0,0,0,0
14951,0,0,0,0,0,0,0,0,0,0,0,0,0,0,0,0,0,0,0,0,0
14952,0,0,0,0,0,0,0,0,0,0,0,0,0,0,0,0,0,0,0,0,0
14953,0,0,0,0,0,0,0,0,0,0,0,0,0,0,0,0,0,0,0,0,0
14954,0,0,0,0,0,0,0,0,0,0,0,0,0,0,0,0,0,0,0,0,0
14955,0,0,0,0,0,0,0,0,0,0,0,0,0,0,0,0,0,0,0,0,0
14956,0,0,0,0,0,0,0,0,0,0,0,0,0,0,0,0,0,0,0,0,0
14957,0,0,0,0,0,0,0,0,0,0,0,0,0,0,0,0,0,0,0,0,0
14958,25,27,29,16,11,9,18,25,27,29,16,11,9,18,25,27,29,16,11,9,18
14959,76,102,115,120,101,78,63,76,102,115,120,101,78,63,76,102,115,120,101,78,63
14960,0,1,1,1,1,1,1,0,1,1,1,1,1,1,0,1,1,1,1,1,1
14961,0,0,0,0,0,0,0,0,0,0,0,0,0,0,0,0,0,0,0,0,0
14962,38,43,43,44,41,36,34,38,43,43,44,41,36,34,38,43,43,44,41,36,34
14963,0,0,0,0,0,0,0,0,0,0,0,0,0,0,0,0,0,0,0,0,0
14964,0,0,0,0,0,0,0,0,0,0,0,0,0,0,0,0,0,0,0,0,0
14965,0,0,0,0,0,0,0,0,0,0,0,0,0,0,0,0,0,0,0,0,0
14966,0,0,0,0,0,0,0,0,0,0,0,0,0,0,0,0,0,0,0,0,0
14967,19,14,14,13,12,14,16,19,14,14,13,12,14,16,19,14,14,13,12,14,16
14968,0,0,0,0,0,0,0,0,0,0,0,0,0,0,0,0,0,0,0,0,0
14969,0,0,0,0,0,0,0,0,0,0,0,0,0,0,0,0,0,0,0,0,0
14970,1,1,1,0,0,1,0,1,1,1,0,0,1,0,1,1,1,0,0,1,0
14971,2,3,2,2,3,2,2,2,3,2,2,3,2,2,2,3,2,2,3,2,2
14972,0,0,0,0,0,0,0,0,0,0,0,0,0,0,0,0,0,0,0,0,0
14973,0,0,0,0,0,0,0,0,0,0,0,0,0,0,0,0,0,0,0,0,0
14974,2,2,2,1,1,1,1,2,2,2,1,1,1,1,2,2,2,1,1,1,1
14975,2,4,3,3,2,1,2,2,4,3,3,2,1,2,2,4,3,3,2,1,2
14976,2,2,2,2,2,1,1,2,2,2,2,2,1,1,2,2,2,2,2,1,1
14977,1,1,2,2,1,1,1,1,1,2,2,1,1,1,1,1,2,2,1,1,1
14978,0,0,0,0,0,0,0,0,0,0,0,0,0,0,0,0,0,0,0,0,0
14979,2,2,2,3,3,2,1,2,2,2,3,3,2,1,2,2,2,3,3,2,1
14980,0,0,0,0,0,0,0,0,0,0,0,0,0,0,0,0,0,0,0,0,0
14981,3,7,7,9,8,6,2,3,7,7,9,8,6,2,3,7,7,9,8,6,2
14982,6,7,7,7,6,5,5,6,7,7,7,6,5,5,6,7,7,7,6,5,5
14983,3,3,3,3,3,3,2,3,3,3,3,3,3,2,3,3,3,3,3,3,2
14984,0,0,0,0,0,0,0,0,0,0,0,0,0,0,0,0,0,0,0,0,0
14985,7,7,10,11,10,7,6,7,7,10,11,10,7,6,7,7,10,11,10,7,6
14986,0,1,0,0,0,0,0,0,1,0,0,0,0,0,0,1,0,0,0,0,0
14987,4,5,8,10,11,6,5,4,5,8,10,11,6,5,4,5,8,10,11,6,5
14988,4,5,7,7,6,5,3,4,5,7,7,6,5,3,4,5,7,7,6,5,3
14989,0,1,1,1,1,0,0,0,1,1,1,1,0,0,0,1,1,1,1,0,0
14990,0,1,0,0,0,0,0,0,1,0,0,0,0,0,0,1,0,0,0,0,0
14991,0,0,0,0,0,0,0,0,0,0,0,0,0,0,0,0,0,0,0,0,0
14992,1,0,0,2,2,1,1,1,0,0,2,2,1,1,1,0,0,2,2,1,1
14993,0,0,0,0,0,0,0,0,0,0,0,0,0,0,0,0,0,0,0,0,0
14994,0,0,0,0,0,0,0,0,0,0,0,0,0,0,0,0,0,0,0,0,0
14995,0,0,0,0,0,0,0,0,0,0,0,0,0,0,0,0,0,0,0,0,0
14996,0,0,0,0,0,0,0,0,0,0,0,0,0,0,0,0,0,0,0,0,0
14997,0,0,0,0,0,0,0,0,0,0,0,0,0,0,0,0,0,0,0,0,0
14998,1,1,1,1,1,1,1,1,1,1,1,1,1,1,1,1,1,1,1,1,1
14999,8,8,8,8,7,6,6,8,8,8,8,7,6,6,8,8,8,8,7,6,6
15000,21,27,32,30,24,21,20,21,27,32,30,24,21,20,21,27,32,30,24,21,20
15001,0,0,0,0,0,0,0,0,0,0,0,0,0,0,0,0,0,0,0,0,0
15002,0,0,0,0,0,0,0,0,0,0,0,0,0,0,0,0,0,0,0,0,0
15003,0,0,0,0,0,0,0,0,0,0,0,0,0,0,0,0,0,0,0,0,0
15004,0,0,0,0,0,0,0,0,0,0,0,0,0,0,0,0,0,0,0,0,0
15005,9,7,7,7,8,8,9,9,7,7,7,8,8,9,9,7,7,7,8,8,9
15006,1,1,1,1,1,1,1,1,1,1,1,1,1,1,1,1,1,1,1,1,1
15007,2,2,2,2,2,2,2,2,2,2,2,2,2,2,2,2,2,2,2,2,2
15008,0,0,0,0,0,0,0,0,0,0,0,0,0,0,0,0,0,0,0,0,0
15009,2,3,4,4,3,3,2,2,3,4,4,3,3,2,2,3,4,4,3,3,2
15010,0,0,0,0,0,0,0,0,0,0,0,0,0,0,0,0,0,0,0,0,0
15011,0,0,0,0,1,1,0,0,0,0,0,1,1,0,0,0,0,0,1,1,0
15012,0,0,0,0,0,0,0,0,0,0,0,0,0,0,0,0,0,0,0,0,0
15013,1,1,1,1,1,1,1,1,1,1,1,1,1,1,1,1,1,1,1,1,1
15014,0,0,0,0,0,0,0,0,0,0,0,0,0,0,0,0,0,0,0,0,0
15015,2,3,3,3,3,3,2,2,3,3,3,3,3,2,2,3,3,3,3,3,2
15016,4,5,5,5,4,3,4,4,5,5,5,4,3,4,4,5,5,5,4,3,4
15017,0,0,0,0,0,0,0,0,0,0,0,0,0,0,0,0,0,0,0,0,0
15018,32,32,31,26,23,22,24,32,32,31,26,23,22,24,32,32,31,26,23,22,24
15019,116,127,133,122,106,96,97,116,127,133,122,106,96,97,116,127,133,122,106,96,97
15020,26,34,33,34,30,25,23,26,34,33,34,30,25,23,26,34,33,34,30,25,23
15021,116,127,133,122,106,96,97,116,127,133,122,106,96,97,116,127,133,122,106,96,97
15022,25,25,30,30,25,21,20,25,25,30,30,25,21,20,25,25,30,30,25,21,20
15023,88,94,99,82,71,62,59,88,94,99,82,71,62,59,88,94,99,82,71,62,59
15024,116,127,133,122,106,96,97,116,127,133,122,106,96,97,116,127,133,122,106,96,97
15025,25,30,36,33,27,22,20,25,30,36,33,27,22,20,25,30,36,33,27,22,20
15026,5,5,5,5,4,4,4,5,5,5,5,4,4,4,5,5,5,5,4,4,4
15027,38,39,31,38,45,39,32,38,39,31,38,45,39,32,38,39,31,38,45,39,32
15028,28,31,31,27,21,20,24,28,31,31,27,21,20,24,28,31,31,27,21,20,24
15029,6,6,5,6,5,4,4,6,6,5,6,5,4,4,6,6,5,6,5,4,4
15030,1,1,1,1,1,0,0,1,1,1,1,1,0,0,1,1,1,1,1,0,0
15031,2,2,2,2,2,2,3,2,2,2,2,2,2,3,2,2,2,2,2,2,3
15032,8,6,8,8,9,9,9,8,6,8,8,9,9,9,8,6,8,8,9,9,9
15033,1,1,2,1,1,0,0,1,1,2,1,1,0,0,1,1,2,1,1,0,0
15034,1,2,0,0,0,0,1,1,2,0,0,0,0,1,1,2,0,0,0,0,1
15035,3,0,0,0,0,0,3,3,0,0,0,0,0,3,3,0,0,0,0,0,3
15036,0,0,0,0,0,0,0,0,0,0,0,0,0,0,0,0,0,0,0,0,0
15037,3,3,4,3,2,2,2,3,3,4,3,2,2,2,3,3,4,3,2,2,2
15038,1,1,1,1,1,1,1,1,1,1,1,1,1,1,1,1,1,1,1,1,1
15039,1,1,1,1,1,1,1,1,1,1,1,1,1,1,1,1,1,1,1,1,1
15040,14,15,16,16,15,12,13,14,15,16,16,15,12,13,14,15,16,16,15,12,13
15041,0,0,0,0,0,0,0,0,0,0,0,0,0,0,0,0,0,0,0,0,0
15042,0,0,0,0,0,0,0,0,0,0,0,0,0,0,0,0,0,0,0,0,0
15043,2,2,3,2,2,2,2,2,2,3,2,2,2,2,2,2,3,2,2,2,2
15044,1,1,1,2,1,1,1,1,1,1,2,1,1,1,1,1,1,2,1,1,1
15045,29,36,39,40,33,28,24,29,36,39,40,33,28,24,29,36,39,40,33,28,24
15046,23,24,25,22,21,18,18,23,24,25,22,21,18,18,23,24,25,22,21,18,18
15047,35,36,37,36,33,32,32,35,36,37,36,33,32,32,35,36,37,36,33,32,32
15048,0,0,0,0,0,0,0,0,0,0,0,0,0,0,0,0,0,0,0,0,0
15049,0,0,0,0,0,0,0,0,0,0,0,0,0,0,0,0,0,0,0,0,0
15050,0,0,0,0,0,0,0,0,0,0,0,0,0,0,0,0,0,0,0,0,0
15051,11,13,12,12,10,9,10,11,13,12,12,10,9,10,11,13,12,12,10,9,10
15052,0,0,0,0,0,0,0,0,0,0,0,0,0,0,0,0,0,0,0,0,0
15053,0,0,0,0,0,0,0,0,0,0,0,0,0,0,0,0,0,0,0,0,0
15054,0,0,0,0,0,0,0,0,0,0,0,0,0,0,0,0,0,0,0,0,0
15055,0,0,0,0,0,0,0,0,0,0,0,0,0,0,0,0,0,0,0,0,0
15056,2,2,2,1,1,1,2,2,2,2,1,1,1,2,2,2,2,1,1,1,2
15057,0,0,0,0,0,0,0,0,0,0,0,0,0,0,0,0,0,0,0,0,0
15058,0,0,0,0,0,0,0,0,0,0,0,0,0,0,0,0,0,0,0,0,0
15059,0,0,0,0,0,0,0,0,0,0,0,0,0,0,0,0,0,0,0,0,0
15060,0,0,0,0,0,0,0,0,0,0,0,0,0,0,0,0,0,0,0,0,0
15061,2,3,3,2,2,2,2,2,3,3,2,2,2,2,2,3,3,2,2,2,2
15062,2,2,3,3,3,2,2,2,2,3,3,3,2,2,2,2,3,3,3,2,2
15063,109,121,116,121,106,96,95,109,121,116,121,106,96,95,109,121,116,121,106,96,95
15064,0,0,0,0,0,0,0,0,0,0,0,0,0,0,0,0,0,0,0,0,0
15065,0,0,0,0,0,0,0,0,0,0,0,0,0,0,0,0,0,0,0,0,0
15066,0,0,0,0,0,0,0,0,0,0,0,0,0,0,0,0,0,0,0,0,0
15067,0,0,0,0,0,0,0,0,0,0,0,0,0,0,0,0,0,0,0,0,0
15068,0,0,0,0,0,0,0,0,0,0,0,0,0,0,0,0,0,0,0,0,0
15069,0,0,0,0,0,0,0,0,0,0,0,0,0,0,0,0,0,0,0,0,0
15070,6,6,6,6,6,5,5,6,6,6,6,6,5,5,6,6,6,6,6,5,5
15071,0,0,0,0,0,0,0,0,0,0,0,0,0,0,0,0,0,0,0,0,0
15072,0,0,0,0,0,0,0,0,0,0,0,0,0,0,0,0,0,0,0,0,0
15073,0,0,0,0,0,0,0,0,0,0,0,0,0,0,0,0,0,0,0,0,0
15074,50,59,64,61,56,49,42,50,59,64,61,56,49,42,50,59,64,61,56,49,42
15075,2,2,2,2,1,1,2,2,2,2,2,1,1,2,2,2,2,2,1,1,2
15076,1,0,0,0,0,0,0,1,0,0,0,0,0,0,1,0,0,0,0,0,0
15077,0,0,0,0,0,0,0,0,0,0,0,0,0,0,0,0,0,0,0,0,0
15078,4,6,6,7,7,4,4,4,6,6,7,7,4,4,4,6,6,7,7,4,4
15079,7,9,10,7,5,3,4,7,9,10,7,5,3,4,7,9,10,7,5,3,4
15080,2,2,2,2,2,2,2,2,2,2,2,2,2,2,2,2,2,2,2,2,2
15081,37,42,43,40,36,29,29,37,42,43,40,36,29,29,37,42,43,40,36,29,29
15082,3,4,4,4,3,3,2,3,4,4,4,3,3,2,3,4,4,4,3,3,2
15083,13,15,16,15,14,11,11,13,15,16,15,14,11,11,13,15,16,15,14,11,11
15084,2,2,2,1,1,1,1,2,2,2,1,1,1,1,2,2,2,1,1,1,1
15085,1,1,1,1,0,0,0,1,1,1,1,0,0,0,1,1,1,1,0,0,0
15086,7,8,9,9,8,6,6,7,8,9,9,8,6,6,7,8,9,9,8,6,6
15087,23,24,24,23,21,19,20,23,24,24,23,21,19,20,23,24,24,23,21,19,20
15088,0,0,0,0,0,0,0,0,0,0,0,0,0,0,0,0,0,0,0,0,0
15089,0,0,0,0,0,0,0,0,0,0,0,0,0,0,0,0,0,0,0,0,0
15090,17,18,18,17,15,14,14,17,18,18,17,15,14,14,17,18,18,17,15,14,14
15091,0,0,0,0,0,0,0,0,0,0,0,0,0,0,0,0,0,0,0,0,0
15092,9,12,11,10,9,8,8,9,12,11,10,9,8,8,9,12,11,10,9,8,8
15093,8,10,12,10,9,6,6,8,10,12,10,9,6,6,8,10,12,10,9,6,6
15094,22,24,31,30,24,17,15,22,24,31,30,24,17,15,22,24,31,30,24,17,15
15095,5,6,7,6,5,4,3,5,6,7,6,5,4,3,5,6,7,6,5,4,3
15096,52,59,59,54,52,45,46,52,59,59,54,52,45,46,52,59,59,54,52,45,46
15097,11,10,9,8,7,7,8,11,10,9,8,7,7,8,11,10,9,8,7,7,8
15098,1,1,1,1,1,1,1,1,1,1,1,1,1,1,1,1,1,1,1,1,1
15099,13,13,10,11,9,9,10,13,13,10,11,9,9,10,13,13,10,11,9,9,10
15100,63,68,70,66,57,50,52,63,68,70,66,57,50,52,63,68,70,66,57,50,52
15101,7,9,9,11,9,5,6,7,9,9,11,9,5,6,7,9,9,11,9,5,6
15102,0,0,0,0,0,0,0,0,0,0,0,0,0,0,0,0,0,0,0,0,0
15103,1,1,1,0,1,0,1,1,1,1,0,1,0,1,1,1,1,0,1,0,1
15104,0,0,0,0,0,0,0,0,0,0,0,0,0,0,0,0,0,0,0,0,0
15105,0,0,0,0,0,0,0,0,0,0,0,0,0,0,0,0,0,0,0,0,0
15106,0,0,0,0,0,0,0,0,0,0,0,0,0,0,0,0,0,0,0,0,0
15107,0,0,0,0,0,0,0,0,0,0,0,0,0,0,0,0,0,0,0,0,0
15108,0,0,0,0,0,0,0,0,0,0,0,0,0,0,0,0,0,0,0,0,0
15109,0,0,0,0,0,0,0,0,0,0,0,0,0,0,0,0,0,0,0,0,0
15110,0,0,0,0,0,0,0,0,0,0,0,0,0,0,0,0,0,0,0,0,0
15111,0,0,0,0,0,0,0,0,0,0,0,0,0,0,0,0,0,0,0,0,0
15112,0,0,0,0,0,0,0,0,0,0,0,0,0,0,0,0,0,0,0,0,0
15113,0,0,0,0,0,0,0,0,0,0,0,0,0,0,0,0,0,0,0,0,0
15114,0,0,0,0,0,0,0,0,0,0,0,0,0,0,0,0,0,0,0,0,0
15115,0,0,0,0,0,0,0,0,0,0,0,0,0,0,0,0,0,0,0,0,0
15116,0,0,0,0,0,0,0,0,0,0,0,0,0,0,0,0,0,0,0,0,0
15117,1,1,1,1,1,1,1,1,1,1,1,1,1,1,1,1,1,1,1,1,1
15118,11,12,12,12,11,10,10,11,12,12,12,11,10,10,11,12,12,12,11,10,10
15119,0,1,2,2,0,0,1,0,1,2,2,0,0,1,0,1,2,2,0,0,1
15120,0,0,0,0,0,0,0,0,0,0,0,0,0,0,0,0,0,0,0,0,0
15121,0,0,0,0,0,0,0,0,0,0,0,0,0,0,0,0,0,0,0,0,0
15122,0,0,0,0,0,0,0,0,0,0,0,0,0,0,0,0,0,0,0,0,0
15123,13,11,12,12,11,10,11,13,11,12,12,11,10,11,13,11,12,12,11,10,11
15124,23,22,24,22,19,18,19,23,22,24,22,19,18,19,23,22,24,22,19,18,19
15125,5,5,5,5,4,4,4,5,5,5,5,4,4,4,5,5,5,5,4,4,4
15126,1,2,1,1,2,1,1,1,2,1,1,2,1,1,1,2,1,1,2,1,1
15127,2,2,2,2,2,2,2,2,2,2,2,2,2,2,2,2,2,2,2,2,2
15128,0,0,0,0,0,0,0,0,0,0,0,0,0,0,0,0,0,0,0,0,0
15129,0,0,0,0,0,0,0,0,0,0,0,0,0,0,0,0,0,0,0,0,0
15130,1,1,1,1,1,1,1,1,1,1,1,1,1,1,1,1,1,1,1,1,1
15131,2,2,3,3,2,2,3,2,2,3,3,2,2,3,2,2,3,3,2,2,3
15132,25,30,27,20,18,17,20,25,30,27,20,18,17,20,25,30,27,20,18,17,20
15133,1,2,2,2,1,1,2,1,2,2,2,1,1,2,1,2,2,2,1,1,2
15134,4,9,9,4,3,4,4,4,9,9,4,3,4,4,4,9,9,4,3,4,4
15135,3,4,4,4,3,3,3,3,4,4,4,3,3,3,3,4,4,4,3,3,3
15136,4,5,5,5,5,4,4,4,5,5,5,5,4,4,4,5,5,5,5,4,4
15137,2,3,3,2,1,2,2,2,3,3,2,1,2,2,2,3,3,2,1,2,2
15138,14,15,12,10,8,7,13,14,15,12,10,8,7,13,14,15,12,10,8,7,13
15139,0,0,0,0,0,0,0,0,0,0,0,0,0,0,0,0,0,0,0,0,0
15140,0,0,0,0,0,0,0,0,0,0,0,0,0,0,0,0,0,0,0,0,0
15141,0,0,0,0,0,0,0,0,0,0,0,0,0,0,0,0,0,0,0,0,0
15142,3,3,3,4,2,2,3,3,3,3,4,2,2,3,3,3,3,4,2,2,3
15143,1,1,1,1,1,1,1,1,1,1,1,1,1,1,1,1,1,1,1,1,1
15144,0,0,0,0,0,0,0,0,0,0,0,0,0,0,0,0,0,0,0,0,0
15145,0,0,0,0,0,0,0,0,0,0,0,0,0,0,0,0,0,0,0,0,0
15146,2,1,1,1,1,1,1,2,1,1,1,1,1,1,2,1,1,1,1,1,1
15147,0,0,0,0,0,0,0,0,0,0,0,0,0,0,0,0,0,0,0,0,0
15148,3,3,3,3,3,3,3,3,3,3,3,3,3,3,3,3,3,3,3,3,3
15149,0,0,0,0,0,0,0,0,0,0,0,0,0,0,0,0,0,0,0,0,0
15150,0,0,0,0,0,0,0,0,0,0,0,0,0,0,0,0,0,0,0,0,0
15151,4,4,5,5,5,4,3,4,4,5,5,5,4,3,4,4,5,5,5,4,3
15152,15,24,23,19,12,11,12,15,24,23,19,12,11,12,15,24,23,19,12,11,12
15153,6,7,7,6,5,5,5,6,7,7,6,5,5,5,6,7,7,6,5,5,5
15154,6,7,9,8,6,5,5,6,7,9,8,6,5,5,6,7,9,8,6,5,5
15155,1,1,1,0,0,0,1,1,1,1,0,0,0,1,1,1,1,0,0,0,1
15156,21,23,31,57,29,23,17,21,23,31,57,29,23,17,21,23,31,57,29,23,17
15157,53,54,52,49,42,38,41,53,54,52,49,42,38,41,53,54,52,49,42,38,41
15158,5,5,6,5,4,3,3,5,5,6,5,4,3,3,5,5,6,5,4,3,3
15159,2,3,3,2,2,1,2,2,3,3,2,2,1,2,2,3,3,2,2,1,2
15160,116,127,133,122,106,96,97,116,127,133,122,106,96,97,116,127,133,122,106,96,97
15161,3,4,4,4,4,4,2,3,4,4,4,4,4,2,3,4,4,4,4,4,2
15162,13,16,16,13,11,10,10,13,16,16,13,11,10,10,13,16,16,13,11,10,10
15163,116,127,133,122,106,96,97,116,127,133,122,106,96,97,116,127,133,122,106,96,97
15164,0,0,0,0,0,0,0,0,0,0,0,0,0,0,0,0,0,0,0,0,0
15165,20,22,22,18,16,13,16,20,22,22,18,16,13,16,20,22,22,18,16,13,16
15166,1,1,1,1,1,1,1,1,1,1,1,1,1,1,1,1,1,1,1,1,1
15167,0,0,0,0,0,0,0,0,0,0,0,0,0,0,0,0,0,0,0,0,0
15168,0,0,0,0,0,0,0,0,0,0,0,0,0,0,0,0,0,0,0,0,0
15169,1,1,1,1,1,1,1,1,1,1,1,1,1,1,1,1,1,1,1,1,1
15170,0,0,0,0,0,0,0,0,0,0,0,0,0,0,0,0,0,0,0,0,0
15171,0,0,0,0,0,0,0,0,0,0,0,0,0,0,0,0,0,0,0,0,0
15172,0,0,0,0,0,0,0,0,0,0,0,0,0,0,0,0,0,0,0,0,0
15173,22,22,21,20,18,17,18,22,22,21,20,18,17,18,22,22,21,20,18,17,18
15174,25,29,34,34,28,22,21,25,29,34,34,28,22,21,25,29,34,34,28,22,21
15175,5,6,7,6,5,3,4,5,6,7,6,5,3,4,5,6,7,6,5,3,4
15176,5,5,6,5,4,3,4,5,5,6,5,4,3,4,5,5,6,5,4,3,4
15177,5,5,6,6,5,4,4,5,5,6,6,5,4,4,5,5,6,6,5,4,4
15178,5,5,5,5,5,4,4,5,5,5,5,5,4,4,5,5,5,5,5,4,4
15179,13,15,15,15,13,11,11,13,15,15,15,13,11,11,13,15,15,15,13,11,11
15180,5,6,7,6,5,4,4,5,6,7,6,5,4,4,5,6,7,6,5,4,4
15181,3,4,4,3,2,2,2,3,4,4,3,2,2,2,3,4,4,3,2,2,2
15182,6,7,6,5,4,4,4,6,7,6,5,4,4,4,6,7,6,5,4,4,4
15183,1,1,1,1,1,1,1,1,1,1,1,1,1,1,1,1,1,1,1,1,1
15184,0,0,0,0,0,0,0,0,0,0,0,0,0,0,0,0,0,0,0,0,0
15185,0,0,0,0,0,0,0,0,0,0,0,0,0,0,0,0,0,0,0,0,0
15186,0,0,0,0,0,0,0,0,0,0,0,0,0,0,0,0,0,0,0,0,0
15187,0,0,0,0,0,0,0,0,0,0,0,0,0,0,0,0,0,0,0,0,0
15188,0,0,0,0,0,0,0,0,0,0,0,0,0,0,0,0,0,0,0,0,0
15189,2,2,2,2,2,2,1,2,2,2,2,2,2,1,2,2,2,2,2,2,1
15190,2,2,2,2,2,2,2,2,2,2,2,2,2,2,2,2,2,2,2,2,2
15191,3,4,4,4,4,3,2,3,4,4,4,4,3,2,3,4,4,4,4,3,2
15192,3,4,4,4,4,3,3,3,4,4,4,4,3,3,3,4,4,4,4,3,3
15193,18,20,17,13,10,14,14,18,20,17,13,10,14,14,18,20,17,13,10,14,14
15194,44,47,45,42,39,34,36,44,47,45,42,39,34,36,44,47,45,42,39,34,36
15195,3,3,3,3,2,2,2,3,3,3,3,2,2,2,3,3,3,3,2,2,2
15196,2,1,2,2,2,1,1,2,1,2,2,2,1,1,2,1,2,2,2,1,1
15197,1,1,1,1,1,1,1,1,1,1,1,1,1,1,1,1,1,1,1,1,1
15198,29,30,30,25,26,22,24,29,30,30,25,26,22,24,29,30,30,25,26,22,24
15199,0,0,0,0,0,0,0,0,0,0,0,0,0,0,0,0,0,0,0,0,0
15200,0,0,0,0,0,0,0,0,0,0,0,0,0,0,0,0,0,0,0,0,0
15201,0,0,0,0,0,0,0,0,0,0,0,0,0,0,0,0,0,0,0,0,0
15202,1,0,0,0,0,0,0,1,0,0,0,0,0,0,1,0,0,0,0,0,0
15203,0,0,0,0,0,0,0,0,0,0,0,0,0,0,0,0,0,0,0,0,0
15204,0,0,0,0,0,0,0,0,0,0,0,0,0,0,0,0,0,0,0,0,0
15205,2,1,1,1,1,1,2,2,1,1,1,1,1,2,2,1,1,1,1,1,2
15206,13,13,13,9,9,10,12,13,13,13,9,9,10,12,13,13,13,9,9,10,12
15207,0,0,0,0,0,0,0,0,0,0,0,0,0,0,0,0,0,0,0,0,0
15208,0,0,0,0,0,0,0,0,0,0,0,0,0,0,0,0,0,0,0,0,0
15209,0,0,0,0,0,0,0,0,0,0,0,0,0,0,0,0,0,0,0,0,0
15210,0,0,0,0,0,0,0,0,0,0,0,0,0,0,0,0,0,0,0,0,0
15211,0,0,0,0,0,0,0,0,0,0,0,0,0,0,0,0,0,0,0,0,0
15212,0,0,0,1,0,0,0,0,0,0,1,0,0,0,0,0,0,1,0,0,0
15213,1,1,1,1,1,1,1,1,1,1,1,1,1,1,1,1,1,1,1,1,1
15214,4,4,5,5,4,3,3,4,4,5,5,4,3,3,4,4,5,5,4,3,3
15215,14,16,18,17,16,14,12,14,16,18,17,16,14,12,14,16,18,17,16,14,12
15216,7,8,9,8,7,6,5,7,8,9,8,7,6,5,7,8,9,8,7,6,5
15217,23,26,27,25,20,15,15,23,26,27,25,20,15,15,23,26,27,25,20,15,15
15218,2,2,2,2,1,1,1,2,2,2,2,1,1,1,2,2,2,2,1,1,1
15219,12,12,12,12,12,12,11,12,12,12,12,12,12,11,12,12,12,12,12,12,11
15220,0,0,0,0,0,0,0,0,0,0,0,0,0,0,0,0,0,0,0,0,0
15221,0,0,0,0,0,0,0,0,0,0,0,0,0,0,0,0,0,0,0,0,0
15222,0,0,0,0,0,0,0,0,0,0,0,0,0,0,0,0,0,0,0,0,0
15223,0,0,0,0,0,0,0,0,0,0,0,0,0,0,0,0,0,0,0,0,0
15224,17,17,17,15,13,11,13,17,17,17,15,13,11,13,17,17,17,15,13,11,13
15225,12,11,9,10,10,10,11,12,11,9,10,10,10,11,12,11,9,10,10,10,11
15226,6,7,7,6,6,5,6,6,7,7,6,6,5,6,6,7,7,6,6,5,6
15227,2,2,2,2,2,2,2,2,2,2,2,2,2,2,2,2,2,2,2,2,2
15228,116,127,133,122,106,96,97,116,127,133,122,106,96,97,116,127,133,122,106,96,97
15229,82,90,91,84,72,64,64,82,90,91,84,72,64,64,82,90,91,84,72,64,64
15230,0,0,0,0,0,0,0,0,0,0,0,0,0,0,0,0,0,0,0,0,0
15231,10,18,18,17,9,9,10,10,18,18,17,9,9,10,10,18,18,17,9,9,10
15232,39,49,47,52,50,39,37,39,49,47,52,50,39,37,39,49,47,52,50,39,37
15233,116,127,133,122,106,96,97,116,127,133,122,106,96,97,116,127,133,122,106,96,97
15234,2,2,2,2,2,1,1,2,2,2,2,2,1,1,2,2,2,2,2,1,1
15235,4,4,4,4,4,4,4,4,4,4,4,4,4,4,4,4,4,4,4,4,4
15236,36,45,47,44,36,25,24,36,45,47,44,36,25,24,36,45,47,44,36,25,24
15237,0,0,0,1,0,0,0,0,0,0,1,0,0,0,0,0,0,1,0,0,0
15238,0,0,0,0,0,0,0,0,0,0,0,0,0,0,0,0,0,0,0,0,0
15239,0,0,0,0,0,0,0,0,0,0,0,0,0,0,0,0,0,0,0,0,0
15240,0,0,0,0,0,0,0,0,0,0,0,0,0,0,0,0,0,0,0,0,0
15241,0,0,0,0,0,0,0,0,0,0,0,0,0,0,0,0,0,0,0,0,0
15242,0,0,0,0,0,0,0,0,0,0,0,0,0,0,0,0,0,0,0,0,0
15243,0,0,0,0,0,0,0,0,0,0,0,0,0,0,0,0,0,0,0,0,0
15244,0,0,0,0,0,0,0,0,0,0,0,0,0,0,0,0,0,0,0,0,0
15245,0,0,0,0,0,0,0,0,0,0,0,0,0,0,0,0,0,0,0,0,0
15246,1,1,1,1,1,1,1,1,1,1,1,1,1,1,1,1,1,1,1,1,1
15247,1,1,1,1,1,0,1,1,1,1,1,1,0,1,1,1,1,1,1,0,1
15248,2,2,2,2,2,2,2,2,2,2,2,2,2,2,2,2,2,2,2,2,2
15249,1,1,1,1,1,1,1,1,1,1,1,1,1,1,1,1,1,1,1,1,1
15250,4,4,5,3,3,3,4,4,4,5,3,3,3,4,4,4,5,3,3,3,4
15251,4,5,5,5,4,3,3,4,5,5,5,4,3,3,4,5,5,5,4,3,3
15252,11,13,13,12,11,9,9,11,13,13,12,11,9,9,11,13,13,12,11,9,9
15253,0,0,0,0,0,0,0,0,0,0,0,0,0,0,0,0,0,0,0,0,0
15254,0,0,0,0,0,0,0,0,0,0,0,0,0,0,0,0,0,0,0,0,0
15255,0,0,0,0,0,0,0,0,0,0,0,0,0,0,0,0,0,0,0,0,0
15256,0,0,0,0,0,0,0,0,0,0,0,0,0,0,0,0,0,0,0,0,0
15257,0,0,0,0,0,0,0,0,0,0,0,0,0,0,0,0,0,0,0,0,0
15258,0,0,0,0,0,0,0,0,0,0,0,0,0,0,0,0,0,0,0,0,0
15259,0,0,0,0,0,0,0,0,0,0,0,0,0,0,0,0,0,0,0,0,0
15260,0,0,0,0,0,0,0,0,0,0,0,0,0,0,0,0,0,0,0,0,0
15261,0,0,0,0,0,0,0,0,0,0,0,0,0,0,0,0,0,0,0,0,0
15262,0,0,0,0,0,0,0,0,0,0,0,0,0,0,0,0,0,0,0,0,0
15263,0,0,0,0,0,0,0,0,0,0,0,0,0,0,0,0,0,0,0,0,0
15264,0,0,0,0,0,0,0,0,0,0,0,0,0,0,0,0,0,0,0,0,0
15265,1,1,1,1,1,1,1,1,1,1,1,1,1,1,1,1,1,1,1,1,1
15266,0,0,0,0,0,0,0,0,0,0,0,0,0,0,0,0,0,0,0,0,0
15267,0,0,0,0,0,0,0,0,0,0,0,0,0,0,0,0,0,0,0,0,0
15268,0,0,1,1,1,0,0,0,0,1,1,1,0,0,0,0,1,1,1,0,0
15269,0,0,0,0,0,0,0,0,0,0,0,0,0,0,0,0,0,0,0,0,0
15270,1,1,1,0,0,0,0,1,1,1,0,0,0,0,1,1,1,0,0,0,0
15271,0,0,0,0,0,0,0,0,0,0,0,0,0,0,0,0,0,0,0,0,0
15272,10,11,10,9,7,7,8,10,11,10,9,7,7,8,10,11,10,9,7,7,8
15273,0,0,0,0,0,0,1,0,0,0,0,0,0,1,0,0,0,0,0,0,1
15274,0,0,0,0,0,0,0,0,0,0,0,0,0,0,0,0,0,0,0,0,0
15275,1,1,2,2,1,1,1,1,1,2,2,1,1,1,1,1,2,2,1,1,1
15276,1,1,1,1,1,1,1,1,1,1,1,1,1,1,1,1,1,1,1,1,1
15277,0,0,0,0,0,0,0,0,0,0,0,0,0,0,0,0,0,0,0,0,0
15278,0,0,0,0,0,0,0,0,0,0,0,0,0,0,0,0,0,0,0,0,0
15279,48,52,52,49,46,43,40,48,52,52,49,46,43,40,48,52,52,49,46,43,40
15280,4,4,4,4,4,3,3,4,4,4,4,4,3,3,4,4,4,4,4,3,3
15281,0,0,0,0,0,0,0,0,0,0,0,0,0,0,0,0,0,0,0,0,0
15282,14,15,17,17,16,13,12,14,15,17,17,16,13,12,14,15,17,17,16,13,12
15283,7,7,6,5,5,5,6,7,7,6,5,5,5,6,7,7,6,5,5,5,6
15284,1,1,1,1,1,1,1,1,1,1,1,1,1,1,1,1,1,1,1,1,1
15285,5,8,9,9,8,5,5,5,8,9,9,8,5,5,5,8,9,9,8,5,5
15286,17,18,20,20,16,15,14,17,18,20,20,16,15,14,17,18,20,20,16,15,14
15287,1,1,1,1,1,1,1,1,1,1,1,1,1,1,1,1,1,1,1,1,1
15288,1,1,1,1,1,1,0,1,1,1,1,1,1,0,1,1,1,1,1,1,0
15289,0,1,1,1,0,0,0,0,1,1,1,0,0,0,0,1,1,1,0,0,0
15290,0,0,0,0,0,0,0,0,0,0,0,0,0,0,0,0,0,0,0,0,0
15291,3,3,4,2,3,3,3,3,3,4,2,3,3,3,3,3,4,2,3,3,3
15292,0,0,0,0,0,0,0,0,0,0,0,0,0,0,0,0,0,0,0,0,0
15293,0,0,0,0,0,0,0,0,0,0,0,0,0,0,0,0,0,0,0,0,0
15294,0,0,0,0,0,0,0,0,0,0,0,0,0,0,0,0,0,0,0,0,0
15295,0,0,1,0,0,0,0,0,0,1,0,0,0,0,0,0,1,0,0,0,0
15296,0,0,0,0,0,0,0,0,0,0,0,0,0,0,0,0,0,0,0,0,0
15297,0,0,0,0,0,0,0,0,0,0,0,0,0,0,0,0,0,0,0,0,0
15298,0,0,0,0,0,0,0,0,0,0,0,0,0,0,0,0,0,0,0,0,0
15299,29,31,32,33,30,25,26,29,31,32,33,30,25,26,29,31,32,33,30,25,26
15300,14,18,18,18,18,16,12,14,18,18,18,18,16,12,14,18,18,18,18,16,12
15301,0,0,0,0,0,0,0,0,0,0,0,0,0,0,0,0,0,0,0,0,0
15302,0,0,0,0,0,0,0,0,0,0,0,0,0,0,0,0,0,0,0,0,0
15303,0,0,0,0,0,0,0,0,0,0,0,0,0,0,0,0,0,0,0,0,0
15304,0,0,0,0,0,0,0,0,0,0,0,0,0,0,0,0,0,0,0,0,0
15305,6,6,6,4,4,4,4,6,6,6,4,4,4,4,6,6,6,4,4,4,4
15306,1,1,0,1,0,0,0,1,1,0,1,0,0,0,1,1,0,1,0,0,0
15307,0,0,0,0,0,0,0,0,0,0,0,0,0,0,0,0,0,0,0,0,0
15308,9,11,11,12,9,6,6,9,11,11,12,9,6,6,9,11,11,12,9,6,6
15309,4,8,8,6,6,5,4,4,8,8,6,6,5,4,4,8,8,6,6,5,4
15310,0,0,0,0,0,0,0,0,0,0,0,0,0,0,0,0,0,0,0,0,0
15311,14,14,12,12,11,8,8,14,14,12,12,11,8,8,14,14,12,12,11,8,8
15312,3,3,4,3,2,1,2,3,3,4,3,2,1,2,3,3,4,3,2,1,2
15313,4,5,7,7,5,3,3,4,5,7,7,5,3,3,4,5,7,7,5,3,3
15314,100,122,133,122,106,96,88,100,122,133,122,106,96,88,100,122,133,122,106,96,88
15315,87,114,129,108,96,79,67,87,114,129,108,96,79,67,87,114,129,108,96,79,67
15316,0,0,0,0,0,0,0,0,0,0,0,0,0,0,0,0,0,0,0,0,0
15317,10,14,18,18,13,7,6,10,14,18,18,13,7,6,10,14,18,18,13,7,6
15318,37,44,44,38,33,26,26,37,44,44,38,33,26,26,37,44,44,38,33,26,26
15319,9,8,8,9,7,6,7,9,8,8,9,7,6,7,9,8,8,9,7,6,7
15320,2,3,3,3,4,3,2,2,3,3,3,4,3,2,2,3,3,3,4,3,2
15321,1,1,0,0,0,0,1,1,1,0,0,0,0,1,1,1,0,0,0,0,1
15322,0,0,0,0,0,0,0,0,0,0,0,0,0,0,0,0,0,0,0,0,0
15323,6,6,6,6,5,5,5,6,6,6,6,5,5,5,6,6,6,6,5,5,5
15324,45,46,51,45,38,34,38,45,46,51,45,38,34,38,45,46,51,45,38,34,38
15325,37,41,43,41,36,28,26,37,41,43,41,36,28,26,37,41,43,41,36,28,26
15326,4,5,5,4,4,4,4,4,5,5,4,4,4,4,4,5,5,4,4,4,4
15327,4,4,4,3,3,2,3,4,4,4,3,3,2,3,4,4,4,3,3,2,3
15328,4,4,4,4,4,4,4,4,4,4,4,4,4,4,4,4,4,4,4,4,4
15329,0,0,0,0,0,0,0,0,0,0,0,0,0,0,0,0,0,0,0,0,0
15330,0,0,0,0,0,0,0,0,0,0,0,0,0,0,0,0,0,0,0,0,0
15331,1,1,1,0,1,1,1,1,1,1,0,1,1,1,1,1,1,0,1,1,1
15332,4,4,5,4,5,4,2,4,4,5,4,5,4,2,4,4,5,4,5,4,2
15333,0,0,0,0,0,0,0,0,0,0,0,0,0,0,0,0,0,0,0,0,0
15334,5,4,3,2,2,3,4,5,4,3,2,2,3,4,5,4,3,2,2,3,4
15335,0,0,0,0,0,0,0,0,0,0,0,0,0,0,0,0,0,0,0,0,0
15336,10,7,7,6,6,8,9,10,7,7,6,6,8,9,10,7,7,6,6,8,9
15337,2,2,2,3,2,1,2,2,2,2,3,2,1,2,2,2,2,3,2,1,2
15338,0,0,0,0,0,0,0,0,0,0,0,0,0,0,0,0,0,0,0,0,0
15339,0,0,0,0,0,0,0,0,0,0,0,0,0,0,0,0,0,0,0,0,0
15340,0,0,0,0,0,0,0,0,0,0,0,0,0,0,0,0,0,0,0,0,0
15341,0,0,0,0,0,0,0,0,0,0,0,0,0,0,0,0,0,0,0,0,0
15342,1,1,2,1,2,1,1,1,1,2,1,2,1,1,1,1,2,1,2,1,1
15343,0,0,0,0,0,0,0,0,0,0,0,0,0,0,0,0,0,0,0,0,0
15344,0,0,0,0,0,0,0,0,0,0,0,0,0,0,0,0,0,0,0,0,0
15345,1,1,1,1,1,1,2,1,1,1,1,1,1,2,1,1,1,1,1,1,2
15346,4,3,2,2,1,0,1,4,3,2,2,1,0,1,4,3,2,2,1,0,1
15347,0,0,0,0,0,0,0,0,0,0,0,0,0,0,0,0,0,0,0,0,0
15348,0,0,0,0,0,0,0,0,0,0,0,0,0,0,0,0,0,0,0,0,0
15349,0,0,0,0,0,0,0,0,0,0,0,0,0,0,0,0,0,0,0,0,0
15350,0,0,0,0,0,0,0,0,0,0,0,0,0,0,0,0,0,0,0,0,0
15351,6,7,9,8,7,6,6,6,7,9,8,7,6,6,6,7,9,8,7,6,6
15352,2,2,3,3,2,2,1,2,2,3,3,2,2,1,2,2,3,3,2,2,1
15353,3,3,3,3,3,3,2,3,3,3,3,3,3,2,3,3,3,3,3,3,2
15354,1,1,1,1,1,1,1,1,1,1,1,1,1,1,1,1,1,1,1,1,1
15355,0,0,0,0,0,0,0,0,0,0,0,0,0,0,0,0,0,0,0,0,0
15356,0,0,0,0,0,0,0,0,0,0,0,0,0,0,0,0,0,0,0,0,0
15357,0,0,0,0,0,0,0,0,0,0,0,0,0,0,0,0,0,0,0,0,0
15358,0,0,0,0,0,0,0,0,0,0,0,0,0,0,0,0,0,0,0,0,0
15359,0,0,0,0,0,0,0,0,0,0,0,0,0,0,0,0,0,0,0,0,0
15360,98,103,88,85,97,82,63,98,103,88,85,97,82,63,98,103,88,85,97,82,63
15361,12,16,15,12,10,8,10,12,16,15,12,10,8,10,12,16,15,12,10,8,10
15362,1,1,1,1,1,1,1,1,1,1,1,1,1,1,1,1,1,1,1,1,1
15363,0,0,0,0,0,0,0,0,0,0,0,0,0,0,0,0,0,0,0,0,0
15364,4,4,4,4,3,2,4,4,4,4,4,3,2,4,4,4,4,4,3,2,4
15365,0,0,0,0,0,0,0,0,0,0,0,0,0,0,0,0,0,0,0,0,0
15366,0,0,0,0,0,0,0,0,0,0,0,0,0,0,0,0,0,0,0,0,0
15367,29,33,32,28,22,19,18,29,33,32,28,22,19,18,29,33,32,28,22,19,18
15368,56,67,71,61,49,38,41,56,67,71,61,49,38,41,56,67,71,61,49,38,41
15369,8,8,8,8,8,9,8,8,8,8,8,8,9,8,8,8,8,8,8,9,8
15370,1,2,1,1,0,2,1,1,2,1,1,0,2,1,1,2,1,1,0,2,1
15371,0,0,0,0,0,0,0,0,0,0,0,0,0,0,0,0,0,0,0,0,0
15372,3,4,4,5,4,3,3,3,4,4,5,4,3,3,3,4,4,5,4,3,3
15373,5,5,5,5,5,5,5,5,5,5,5,5,5,5,5,5,5,5,5,5,5
15374,0,0,0,0,0,0,0,0,0,0,0,0,0,0,0,0,0,0,0,0,0
15375,0,0,0,1,0,0,0,0,0,0,1,0,0,0,0,0,0,1,0,0,0
15376,2,1,2,2,1,1,1,2,1,2,2,1,1,1,2,1,2,2,1,1,1
15377,0,0,0,0,0,0,0,0,0,0,0,0,0,0,0,0,0,0,0,0,0
15378,7,8,8,7,7,6,6,7,8,8,7,7,6,6,7,8,8,7,7,6,6
15379,1,1,0,1,1,0,0,1,1,0,1,1,0,0,1,1,0,1,1,0,0
15380,0,0,0,0,0,0,0,0,0,0,0,0,0,0,0,0,0,0,0,0,0
15381,0,0,0,0,0,0,0,0,0,0,0,0,0,0,0,0,0,0,0,0,0
15382,0,0,0,0,0,0,0,0,0,0,0,0,0,0,0,0,0,0,0,0,0
15383,0,0,0,0,0,0,0,0,0,0,0,0,0,0,0,0,0,0,0,0,0
15384,0,0,0,0,0,0,0,0,0,0,0,0,0,0,0,0,0,0,0,0,0
15385,1,1,1,1,1,0,1,1,1,1,1,1,0,1,1,1,1,1,1,0,1
15386,2,2,3,2,2,2,2,2,2,3,2,2,2,2,2,2,3,2,2,2,2
15387,8,11,11,10,7,6,6,8,11,11,10,7,6,6,8,11,11,10,7,6,6
15388,8,10,10,11,9,6,7,8,10,10,11,9,6,7,8,10,10,11,9,6,7
15389,2,2,3,2,2,2,2,2,2,3,2,2,2,2,2,2,3,2,2,2,2
15390,0,0,0,0,0,0,1,0,0,0,0,0,0,1,0,0,0,0,0,0,1
15391,0,0,0,0,0,0,0,0,0,0,0,0,0,0,0,0,0,0,0,0,0
15392,1,1,0,0,0,0,1,1,1,0,0,0,0,1,1,1,0,0,0,0,1
15393,1,1,1,1,0,0,1,1,1,1,1,0,0,1,1,1,1,1,0,0,1
15394,0,0,0,0,0,0,0,0,0,0,0,0,0,0,0,0,0,0,0,0,0
15395,0,0,0,0,0,0,0,0,0,0,0,0,0,0,0,0,0,0,0,0,0
15396,6,7,7,6,5,5,5,6,7,7,6,5,5,5,6,7,7,6,5,5,5
15397,0,0,0,0,0,0,0,0,0,0,0,0,0,0,0,0,0,0,0,0,0
15398,2,2,2,2,2,1,2,2,2,2,2,2,1,2,2,2,2,2,2,1,2
15399,0,0,0,0,0,0,0,0,0,0,0,0,0,0,0,0,0,0,0,0,0
15400,0,0,0,0,0,0,0,0,0,0,0,0,0,0,0,0,0,0,0,0,0
15401,0,0,0,0,0,0,0,0,0,0,0,0,0,0,0,0,0,0,0,0,0
15402,3,3,4,4,2,2,3,3,3,4,4,2,2,3,3,3,4,4,2,2,3
15403,51,54,45,45,39,43,48,51,54,45,45,39,43,48,51,54,45,45,39,43,48
15404,16,22,23,20,15,15,14,16,22,23,20,15,15,14,16,22,23,20,15,15,14
15405,23,22,20,16,16,17,19,23,22,20,16,16,17,19,23,22,20,16,16,17,19
15406,4,5,6,7,5,3,2,4,5,6,7,5,3,2,4,5,6,7,5,3,2
15407,1,1,1,1,1,1,1,1,1,1,1,1,1,1,1,1,1,1,1,1,1
15408,8,10,7,7,7,9,10,8,10,7,7,7,9,10,8,10,7,7,7,9,10
15409,1,1,1,1,1,1,1,1,1,1,1,1,1,1,1,1,1,1,1,1,1
15410,0,0,0,0,0,0,0,0,0,0,0,0,0,0,0,0,0,0,0,0,0
15411,0,0,0,0,0,0,0,0,0,0,0,0,0,0,0,0,0,0,0,0,0
15412,0,0,0,0,0,0,0,0,0,0,0,0,0,0,0,0,0,0,0,0,0
15413,0,0,0,0,0,0,0,0,0,0,0,0,0,0,0,0,0,0,0,0,0
15414,0,0,0,0,0,0,0,0,0,0,0,0,0,0,0,0,0,0,0,0,0
15415,0,0,0,0,0,0,0,0,0,0,0,0,0,0,0,0,0,0,0,0,0
15416,0,0,0,0,0,0,0,0,0,0,0,0,0,0,0,0,0,0,0,0,0
15417,0,0,0,0,0,0,0,0,0,0,0,0,0,0,0,0,0,0,0,0,0
15418,0,0,0,0,0,0,0,0,0,0,0,0,0,0,0,0,0,0,0,0,0
15419,0,0,0,0,0,0,0,0,0,0,0,0,0,0,0,0,0,0,0,0,0
15420,0,0,0,0,0,0,0,0,0,0,0,0,0,0,0,0,0,0,0,0,0
15421,0,0,0,0,0,0,0,0,0,0,0,0,0,0,0,0,0,0,0,0,0
15422,31,41,44,52,54,50,34,31,41,44,52,54,50,34,31,41,44,52,54,50,34
15423,2,1,2,2,2,2,2,2,1,2,2,2,2,2,2,1,2,2,2,2,2
15424,0,0,0,0,0,0,0,0,0,0,0,0,0,0,0,0,0,0,0,0,0
15425,1,0,1,1,1,0,0,1,0,1,1,1,0,0,1,0,1,1,1,0,0
15426,5,6,7,7,6,5,4,5,6,7,7,6,5,4,5,6,7,7,6,5,4
15427,3,3,2,2,2,1,2,3,3,2,2,2,1,2,3,3,2,2,2,1,2
15428,0,1,1,1,0,0,0,0,1,1,1,0,0,0,0,1,1,1,0,0,0
15429,6,7,8,7,7,5,6,6,7,8,7,7,5,6,6,7,8,7,7,5,6
15430,0,0,0,0,0,0,1,0,0,0,0,0,0,1,0,0,0,0,0,0,1
15431,0,1,0,0,0,0,0,0,1,0,0,0,0,0,0,1,0,0,0,0,0
15432,2,2,2,2,1,1,2,2,2,2,2,1,1,2,2,2,2,2,1,1,2
15433,5,7,7,6,5,4,4,5,7,7,6,5,4,4,5,7,7,6,5,4,4
15434,6,8,7,6,4,4,4,6,8,7,6,4,4,4,6,8,7,6,4,4,4
15435,0,0,0,0,0,0,0,0,0,0,0,0,0,0,0,0,0,0,0,0,0
15436,0,0,0,0,0,0,0,0,0,0,0,0,0,0,0,0,0,0,0,0,0
15437,0,0,0,0,0,0,0,0,0,0,0,0,0,0,0,0,0,0,0,0,0
15438,0,0,0,0,0,0,0,0,0,0,0,0,0,0,0,0,0,0,0,0,0
15439,0,0,0,0,0,0,0,0,0,0,0,0,0,0,0,0,0,0,0,0,0
15440,0,0,0,0,0,0,0,0,0,0,0,0,0,0,0,0,0,0,0,0,0
15441,0,0,0,0,0,0,0,0,0,0,0,0,0,0,0,0,0,0,0,0,0
15442,1,1,1,0,0,0,0,1,1,1,0,0,0,0,1,1,1,0,0,0,0
15443,2,2,2,2,2,2,2,2,2,2,2,2,2,2,2,2,2,2,2,2,2
15444,0,0,0,0,0,0,0,0,0,0,0,0,0,0,0,0,0,0,0,0,0
15445,2,1,3,1,1,1,2,2,1,3,1,1,1,2,2,1,3,1,1,1,2
15446,0,0,0,0,0,0,0,0,0,0,0,0,0,0,0,0,0,0,0,0,0
15447,2,2,3,2,2,1,2,2,2,3,2,2,1,2,2,2,3,2,2,1,2
15448,0,0,1,1,1,0,0,0,0,1,1,1,0,0,0,0,1,1,1,0,0
15449,0,0,0,0,0,0,0,0,0,0,0,0,0,0,0,0,0,0,0,0,0
15450,0,0,0,0,0,0,0,0,0,0,0,0,0,0,0,0,0,0,0,0,0
15451,0,0,0,0,0,0,0,0,0,0,0,0,0,0,0,0,0,0,0,0,0
15452,0,0,0,0,0,0,0,0,0,0,0,0,0,0,0,0,0,0,0,0,0
15453,0,0,0,0,0,0,0,0,0,0,0,0,0,0,0,0,0,0,0,0,0
15454,0,0,0,0,0,0,0,0,0,0,0,0,0,0,0,0,0,0,0,0,0
15455,0,0,0,0,0,0,0,0,0,0,0,0,0,0,0,0,0,0,0,0,0
15456,0,0,0,0,0,0,0,0,0,0,0,0,0,0,0,0,0,0,0,0,0
15457,0,0,0,0,0,0,0,0,0,0,0,0,0,0,0,0,0,0,0,0,0
15458,0,0,0,0,0,0,0,0,0,0,0,0,0,0,0,0,0,0,0,0,0
15459,0,0,0,0,0,0,0,0,0,0,0,0,0,0,0,0,0,0,0,0,0
15460,0,0,0,0,0,0,0,0,0,0,0,0,0,0,0,0,0,0,0,0,0
15461,2,2,2,2,2,2,2,2,2,2,2,2,2,2,2,2,2,2,2,2,2
15462,0,0,0,0,0,0,0,0,0,0,0,0,0,0,0,0,0,0,0,0,0
15463,4,6,4,3,2,3,4,4,6,4,3,2,3,4,4,6,4,3,2,3,4
15464,0,0,0,0,0,0,0,0,0,0,0,0,0,0,0,0,0,0,0,0,0
15465,0,0,0,0,0,0,0,0,0,0,0,0,0,0,0,0,0,0,0,0,0
15466,0,0,0,0,0,0,0,0,0,0,0,0,0,0,0,0,0,0,0,0,0
15467,0,0,0,0,0,0,0,0,0,0,0,0,0,0,0,0,0,0,0,0,0
15468,2,0,1,2,2,2,2,2,0,1,2,2,2,2,2,0,1,2,2,2,2
15469,0,0,0,0,0,0,0,0,0,0,0,0,0,0,0,0,0,0,0,0,0
15470,0,0,0,0,0,0,0,0,0,0,0,0,0,0,0,0,0,0,0,0,0
15471,0,0,0,0,0,0,0,0,0,0,0,0,0,0,0,0,0,0,0,0,0
15472,69,78,82,78,65,57,58,69,78,82,78,65,57,58,69,78,82,78,65,57,58
15473,2,3,2,2,1,1,1,2,3,2,2,1,1,1,2,3,2,2,1,1,1
15474,2,2,2,2,1,1,1,2,2,2,2,1,1,1,2,2,2,2,1,1,1
15475,21,24,20,17,13,12,16,21,24,20,17,13,12,16,21,24,20,17,13,12,16
15476,116,127,133,114,105,96,97,116,127,133,114,105,96,97,116,127,133,114,105,96,97
15477,0,0,0,0,0,0,0,0,0,0,0,0,0,0,0,0,0,0,0,0,0
15478,1,1,0,0,0,0,1,1,1,0,0,0,0,1,1,1,0,0,0,0,1
15479,2,2,3,4,3,2,1,2,2,3,4,3,2,1,2,2,3,4,3,2,1
15480,0,0,0,0,0,0,0,0,0,0,0,0,0,0,0,0,0,0,0,0,0
15481,0,0,0,0,0,0,0,0,0,0,0,0,0,0,0,0,0,0,0,0,0
15482,0,0,0,0,0,0,0,0,0,0,0,0,0,0,0,0,0,0,0,0,0
15483,0,0,0,0,0,0,0,0,0,0,0,0,0,0,0,0,0,0,0,0,0
15484,0,0,0,0,0,0,0,0,0,0,0,0,0,0,0,0,0,0,0,0,0
15485,3,4,3,2,2,3,2,3,4,3,2,2,3,2,3,4,3,2,2,3,2
15486,5,6,6,5,3,4,4,5,6,6,5,3,4,4,5,6,6,5,3,4,4
15487,0,0,0,0,0,0,0,0,0,0,0,0,0,0,0,0,0,0,0,0,0
15488,3,3,4,3,3,2,2,3,3,4,3,3,2,2,3,3,4,3,3,2,2
15489,2,2,2,2,2,2,2,2,2,2,2,2,2,2,2,2,2,2,2,2,2
15490,26,40,46,41,27,18,17,26,40,46,41,27,18,17,26,40,46,41,27,18,17
15491,0,0,0,0,0,0,0,0,0,0,0,0,0,0,0,0,0,0,0,0,0
15492,0,0,0,0,0,0,0,0,0,0,0,0,0,0,0,0,0,0,0,0,0
15493,2,3,3,2,1,1,2,2,3,3,2,1,1,2,2,3,3,2,1,1,2
15494,13,16,16,15,13,12,10,13,16,16,15,13,12,10,13,16,16,15,13,12,10
15495,2,3,3,3,2,2,1,2,3,3,3,2,2,1,2,3,3,3,2,2,1
15496,0,0,0,0,0,0,0,0,0,0,0,0,0,0,0,0,0,0,0,0,0
15497,0,0,0,0,0,0,0,0,0,0,0,0,0,0,0,0,0,0,0,0,0
15498,0,0,0,0,0,0,0,0,0,0,0,0,0,0,0,0,0,0,0,0,0
15499,0,0,0,0,0,0,0,0,0,0,0,0,0,0,0,0,0,0,0,0,0
15500,0,0,0,0,0,0,0,0,0,0,0,0,0,0,0,0,0,0,0,0,0
15501,0,0,0,0,0,0,0,0,0,0,0,0,0,0,0,0,0,0,0,0,0
15502,15,16,18,15,14,11,11,15,16,18,15,14,11,11,15,16,18,15,14,11,11
15503,1,1,1,0,1,1,1,1,1,1,0,1,1,1,1,1,1,0,1,1,1
15504,1,1,1,1,1,1,1,1,1,1,1,1,1,1,1,1,1,1,1,1,1
15505,11,13,13,10,9,8,7,11,13,13,10,9,8,7,11,13,13,10,9,8,7
15506,9,13,16,16,12,12,11,9,13,16,16,12,12,11,9,13,16,16,12,12,11
15507,4,5,6,5,5,3,2,4,5,6,5,5,3,2,4,5,6,5,5,3,2
15508,12,11,12,12,10,10,9,12,11,12,12,10,10,9,12,11,12,12,10,10,9
15509,13,14,15,13,11,10,10,13,14,15,13,11,10,10,13,14,15,13,11,10,10
15510,13,17,24,28,27,18,11,13,17,24,28,27,18,11,13,17,24,28,27,18,11
15511,2,2,2,2,2,1,1,2,2,2,2,2,1,1,2,2,2,2,2,1,1
15512,0,0,0,0,0,0,0,0,0,0,0,0,0,0,0,0,0,0,0,0,0
15513,1,1,0,0,0,0,0,1,1,0,0,0,0,0,1,1,0,0,0,0,0
15514,0,0,0,0,0,0,0,0,0,0,0,0,0,0,0,0,0,0,0,0,0
15515,0,0,0,0,0,0,0,0,0,0,0,0,0,0,0,0,0,0,0,0,0
15516,0,0,0,0,0,0,0,0,0,0,0,0,0,0,0,0,0,0,0,0,0
15517,0,0,0,2,3,2,2,0,0,0,2,3,2,2,0,0,0,2,3,2,2
15518,11,11,12,11,11,9,8,11,11,12,11,11,9,8,11,11,12,11,11,9,8
15519,2,1,1,1,1,0,1,2,1,1,1,1,0,1,2,1,1,1,1,0,1
15520,0,0,0,0,0,0,0,0,0,0,0,0,0,0,0,0,0,0,0,0,0
15521,6,11,11,8,5,3,3,6,11,11,8,5,3,3,6,11,11,8,5,3,3
15522,2,4,4,5,4,4,2,2,4,4,5,4,4,2,2,4,4,5,4,4,2
15523,0,0,0,0,0,0,0,0,0,0,0,0,0,0,0,0,0,0,0,0,0
15524,0,0,0,0,0,0,0,0,0,0,0,0,0,0,0,0,0,0,0,0,0
15525,2,3,2,2,2,2,2,2,3,2,2,2,2,2,2,3,2,2,2,2,2
15526,2,2,2,3,2,2,2,2,2,2,3,2,2,2,2,2,2,3,2,2,2
15527,0,0,0,0,0,0,0,0,0,0,0,0,0,0,0,0,0,0,0,0,0
15528,11,11,12,11,10,8,8,11,11,12,11,10,8,8,11,11,12,11,10,8,8
15529,0,0,0,0,0,0,0,0,0,0,0,0,0,0,0,0,0,0,0,0,0
15530,0,0,0,0,0,0,0,0,0,0,0,0,0,0,0,0,0,0,0,0,0
15531,0,1,1,1,1,1,0,0,1,1,1,1,1,0,0,1,1,1,1,1,0
15532,6,6,6,6,5,4,5,6,6,6,6,5,4,5,6,6,6,6,5,4,5
15533,2,2,3,3,2,2,2,2,2,3,3,2,2,2,2,2,3,3,2,2,2
15534,12,13,15,13,17,15,13,12,13,15,13,17,15,13,12,13,15,13,17,15,13
15535,20,26,22,18,16,15,15,20,26,22,18,16,15,15,20,26,22,18,16,15,15
15536,1,1,1,1,1,1,1,1,1,1,1,1,1,1,1,1,1,1,1,1,1
15537,2,2,1,2,1,2,2,2,2,1,2,1,2,2,2,2,1,2,1,2,2
15538,1,0,0,0,0,0,0,1,0,0,0,0,0,0,1,0,0,0,0,0,0
15539,3,3,3,3,3,3,3,3,3,3,3,3,3,3,3,3,3,3,3,3,3
15540,3,3,4,4,3,3,3,3,3,4,4,3,3,3,3,3,4,4,3,3,3
15541,0,1,1,1,1,1,1,0,1,1,1,1,1,1,0,1,1,1,1,1,1
15542,0,0,0,0,0,0,0,0,0,0,0,0,0,0,0,0,0,0,0,0,0
15543,0,0,0,0,0,0,0,0,0,0,0,0,0,0,0,0,0,0,0,0,0
15544,0,0,0,0,0,0,0,0,0,0,0,0,0,0,0,0,0,0,0,0,0
15545,0,0,0,0,0,0,0,0,0,0,0,0,0,0,0,0,0,0,0,0,0
15546,0,0,0,0,0,0,0,0,0,0,0,0,0,0,0,0,0,0,0,0,0
15547,0,0,0,0,0,0,0,0,0,0,0,0,0,0,0,0,0,0,0,0,0
15548,0,0,0,0,0,0,0,0,0,0,0,0,0,0,0,0,0,0,0,0,0
15549,0,0,0,0,0,0,0,0,0,0,0,0,0,0,0,0,0,0,0,0,0
15550,0,0,0,0,0,0,0,0,0,0,0,0,0,0,0,0,0,0,0,0,0
15551,0,0,0,0,0,0,0,0,0,0,0,0,0,0,0,0,0,0,0,0,0
15552,0,0,0,0,0,0,0,0,0,0,0,0,0,0,0,0,0,0,0,0,0
15553,0,0,0,0,0,0,0,0,0,0,0,0,0,0,0,0,0,0,0,0,0
15554,1,1,1,1,1,1,0,1,1,1,1,1,1,0,1,1,1,1,1,1,0
15555,0,0,0,0,0,0,0,0,0,0,0,0,0,0,0,0,0,0,0,0,0
15556,0,0,0,0,0,0,0,0,0,0,0,0,0,0,0,0,0,0,0,0,0
15557,0,0,0,0,0,0,0,0,0,0,0,0,0,0,0,0,0,0,0,0,0
15558,0,0,0,0,0,0,0,0,0,0,0,0,0,0,0,0,0,0,0,0,0
15559,0,0,0,0,0,0,0,0,0,0,0,0,0,0,0,0,0,0,0,0,0
15560,0,0,0,0,0,0,0,0,0,0,0,0,0,0,0,0,0,0,0,0,0
15561,0,0,0,0,0,0,0,0,0,0,0,0,0,0,0,0,0,0,0,0,0
15562,0,0,0,0,0,0,0,0,0,0,0,0,0,0,0,0,0,0,0,0,0
15563,0,0,0,0,0,0,0,0,0,0,0,0,0,0,0,0,0,0,0,0,0
15564,0,0,0,0,0,0,0,0,0,0,0,0,0,0,0,0,0,0,0,0,0
15565,0,0,0,0,0,0,0,0,0,0,0,0,0,0,0,0,0,0,0,0,0
15566,0,0,0,0,0,0,0,0,0,0,0,0,0,0,0,0,0,0,0,0,0
15567,0,0,0,0,0,0,0,0,0,0,0,0,0,0,0,0,0,0,0,0,0
15568,0,0,0,0,0,0,0,0,0,0,0,0,0,0,0,0,0,0,0,0,0
15569,0,0,0,0,0,0,0,0,0,0,0,0,0,0,0,0,0,0,0,0,0
15570,0,0,0,0,0,0,0,0,0,0,0,0,0,0,0,0,0,0,0,0,0
15571,0,0,0,0,0,0,0,0,0,0,0,0,0,0,0,0,0,0,0,0,0
15572,0,0,0,0,0,0,0,0,0,0,0,0,0,0,0,0,0,0,0,0,0
15573,0,0,0,0,0,0,0,0,0,0,0,0,0,0,0,0,0,0,0,0,0
15574,0,0,0,0,0,0,0,0,0,0,0,0,0,0,0,0,0,0,0,0,0
15575,0,0,0,0,0,0,0,0,0,0,0,0,0,0,0,0,0,0,0,0,0
15576,0,0,0,0,0,0,0,0,0,0,0,0,0,0,0,0,0,0,0,0,0
15577,0,0,0,0,0,0,0,0,0,0,0,0,0,0,0,0,0,0,0,0,0
15578,0,0,0,0,0,0,0,0,0,0,0,0,0,0,0,0,0,0,0,0,0
15579,0,0,0,0,0,0,0,0,0,0,0,0,0,0,0,0,0,0,0,0,0
15580,22,23,24,24,23,19,19,22,23,24,24,23,19,19,22,23,24,24,23,19,19
15581,4,4,5,4,3,3,4,4,4,5,4,3,3,4,4,4,5,4,3,3,4
15582,5,5,6,6,6,4,4,5,5,6,6,6,4,4,5,5,6,6,6,4,4
15583,24,26,24,22,21,19,21,24,26,24,22,21,19,21,24,26,24,22,21,19,21
15584,0,0,0,0,0,0,0,0,0,0,0,0,0,0,0,0,0,0,0,0,0
15585,0,0,0,0,0,0,0,0,0,0,0,0,0,0,0,0,0,0,0,0,0
15586,20,23,23,21,18,16,17,20,23,23,21,18,16,17,20,23,23,21,18,16,17
15587,2,2,2,2,1,1,1,2,2,2,2,1,1,1,2,2,2,2,1,1,1
15588,1,1,1,2,1,1,1,1,1,1,2,1,1,1,1,1,1,2,1,1,1
15589,21,20,19,20,10,11,21,21,20,19,20,10,11,21,21,20,19,20,10,11,21
15590,2,2,2,2,2,2,2,2,2,2,2,2,2,2,2,2,2,2,2,2,2
15591,1,1,1,1,1,1,1,1,1,1,1,1,1,1,1,1,1,1,1,1,1
15592,3,3,4,3,2,2,3,3,3,4,3,2,2,3,3,3,4,3,2,2,3
15593,2,2,1,2,1,1,2,2,2,1,2,1,1,2,2,2,1,2,1,1,2
15594,0,0,0,0,0,0,0,0,0,0,0,0,0,0,0,0,0,0,0,0,0
15595,0,0,0,0,0,0,0,0,0,0,0,0,0,0,0,0,0,0,0,0,0
15596,0,0,0,0,0,0,0,0,0,0,0,0,0,0,0,0,0,0,0,0,0
15597,0,0,0,0,0,0,0,0,0,0,0,0,0,0,0,0,0,0,0,0,0
15598,0,1,0,0,0,0,0,0,1,0,0,0,0,0,0,1,0,0,0,0,0
15599,17,17,19,18,17,16,14,17,17,19,18,17,16,14,17,17,19,18,17,16,14
15600,60,67,62,47,43,41,43,60,67,62,47,43,41,43,60,67,62,47,43,41,43
15601,32,36,39,37,41,36,34,32,36,39,37,41,36,34,32,36,39,37,41,36,34
15602,3,4,3,4,4,3,4,3,4,3,4,4,3,4,3,4,3,4,4,3,4
15603,2,3,3,2,2,2,2,2,3,3,2,2,2,2,2,3,3,2,2,2,2
15604,22,24,25,22,22,17,21,22,24,25,22,22,17,21,22,24,25,22,22,17,21
15605,1,1,1,1,1,1,1,1,1,1,1,1,1,1,1,1,1,1,1,1,1
15606,0,0,0,0,0,0,0,0,0,0,0,0,0,0,0,0,0,0,0,0,0
15607,0,0,0,0,0,0,0,0,0,0,0,0,0,0,0,0,0,0,0,0,0
15608,0,0,0,0,0,0,0,0,0,0,0,0,0,0,0,0,0,0,0,0,0
15609,0,0,0,0,0,0,0,0,0,0,0,0,0,0,0,0,0,0,0,0,0
15610,0,0,0,0,0,0,0,0,0,0,0,0,0,0,0,0,0,0,0,0,0
15611,0,0,0,0,0,0,0,0,0,0,0,0,0,0,0,0,0,0,0,0,0
15612,0,0,0,0,0,0,0,0,0,0,0,0,0,0,0,0,0,0,0,0,0
15613,2,2,2,2,2,2,2,2,2,2,2,2,2,2,2,2,2,2,2,2,2
15614,29,33,34,31,29,23,24,29,33,34,31,29,23,24,29,33,34,31,29,23,24
15615,10,12,13,13,11,10,10,10,12,13,13,11,10,10,10,12,13,13,11,10,10
15616,2,2,2,2,2,1,1,2,2,2,2,2,1,1,2,2,2,2,2,1,1
15617,18,20,21,19,17,14,16,18,20,21,19,17,14,16,18,20,21,19,17,14,16
15618,11,16,16,14,12,7,7,11,16,16,14,12,7,7,11,16,16,14,12,7,7
15619,9,10,10,10,9,8,8,9,10,10,10,9,8,8,9,10,10,10,9,8,8
15620,4,5,5,4,4,4,4,4,5,5,4,4,4,4,4,5,5,4,4,4,4
15621,10,10,10,10,8,7,6,10,10,10,10,8,7,6,10,10,10,10,8,7,6
15622,4,4,5,5,4,3,3,4,4,5,5,4,3,3,4,4,5,5,4,3,3
15623,3,4,3,3,3,3,3,3,4,3,3,3,3,3,3,4,3,3,3,3,3
15624,2,2,2,2,2,2,2,2,2,2,2,2,2,2,2,2,2,2,2,2,2
15625,3,4,3,2,2,2,3,3,4,3,2,2,2,3,3,4,3,2,2,2,3
15626,9,10,11,10,8,7,7,9,10,11,10,8,7,7,9,10,11,10,8,7,7
15627,26,26,28,24,22,20,21,26,26,28,24,22,20,21,26,26,28,24,22,20,21
15628,0,0,0,0,0,0,0,0,0,0,0,0,0,0,0,0,0,0,0,0,0
15629,0,0,0,1,1,1,0,0,0,0,1,1,1,0,0,0,0,1,1,1,0
15630,0,0,0,0,0,0,0,0,0,0,0,0,0,0,0,0,0,0,0,0,0
15631,1,0,1,1,1,1,1,1,0,1,1,1,1,1,1,0,1,1,1,1,1
15632,5,4,4,6,6,5,5,5,4,4,6,6,5,5,5,4,4,6,6,5,5
15633,0,0,0,1,1,1,0,0,0,0,1,1,1,0,0,0,0,1,1,1,0
15634,0,0,0,0,0,0,0,0,0,0,0,0,0,0,0,0,0,0,0,0,0
15635,0,0,0,0,0,0,0,0,0,0,0,0,0,0,0,0,0,0,0,0,0
15636,0,0,0,0,0,0,0,0,0,0,0,0,0,0,0,0,0,0,0,0,0
15637,0,0,0,0,0,0,0,0,0,0,0,0,0,0,0,0,0,0,0,0,0
15638,0,0,0,0,0,0,0,0,0,0,0,0,0,0,0,0,0,0,0,0,0
15639,3,2,4,4,4,3,2,3,2,4,4,4,3,2,3,2,4,4,4,3,2
15640,6,7,9,13,12,10,6,6,7,9,13,12,10,6,6,7,9,13,12,10,6
15641,2,3,2,2,2,2,2,2,3,2,2,2,2,2,2,3,2,2,2,2,2
15642,3,3,3,3,2,2,2,3,3,3,3,2,2,2,3,3,3,3,2,2,2
15643,5,6,6,5,5,5,5,5,6,6,5,5,5,5,5,6,6,5,5,5,5
15644,1,2,1,2,1,1,1,1,2,1,2,1,1,1,1,2,1,2,1,1,1
15645,2,3,3,2,2,2,2,2,3,3,2,2,2,2,2,3,3,2,2,2,2
15646,1,1,1,1,1,1,1,1,1,1,1,1,1,1,1,1,1,1,1,1,1
15647,2,2,2,2,2,2,2,2,2,2,2,2,2,2,2,2,2,2,2,2,2
15648,3,2,2,2,2,2,2,3,2,2,2,2,2,2,3,2,2,2,2,2,2
15649,0,0,0,1,1,1,0,0,0,0,1,1,1,0,0,0,0,1,1,1,0
15650,0,0,0,0,0,0,0,0,0,0,0,0,0,0,0,0,0,0,0,0,0
15651,0,0,0,0,0,0,0,0,0,0,0,0,0,0,0,0,0,0,0,0,0
15652,29,27,29,42,67,59,53,29,27,29,42,67,59,53,29,27,29,42,67,59,53
15653,2,2,2,2,1,1,1,2,2,2,2,1,1,1,2,2,2,2,1,1,1
15654,0,0,0,0,0,0,0,0,0,0,0,0,0,0,0,0,0,0,0,0,0
15655,0,0,0,0,0,0,0,0,0,0,0,0,0,0,0,0,0,0,0,0,0
15656,0,0,0,0,0,0,0,0,0,0,0,0,0,0,0,0,0,0,0,0,0
15657,0,0,0,0,0,0,0,0,0,0,0,0,0,0,0,0,0,0,0,0,0
15658,0,0,0,0,0,0,0,0,0,0,0,0,0,0,0,0,0,0,0,0,0
15659,1,1,1,1,1,1,1,1,1,1,1,1,1,1,1,1,1,1,1,1,1
15660,1,1,1,1,1,1,1,1,1,1,1,1,1,1,1,1,1,1,1,1,1
15661,2,2,2,2,2,1,1,2,2,2,2,2,1,1,2,2,2,2,2,1,1
15662,3,3,5,4,4,2,4,3,3,5,4,4,2,4,3,3,5,4,4,2,4
15663,18,20,22,20,22,15,13,18,20,22,20,22,15,13,18,20,22,20,22,15,13
15664,10,12,12,11,10,8,7,10,12,12,11,10,8,7,10,12,12,11,10,8,7
15665,1,2,3,3,3,1,0,1,2,3,3,3,1,0,1,2,3,3,3,1,0
15666,0,0,0,0,0,0,0,0,0,0,0,0,0,0,0,0,0,0,0,0,0
15667,0,0,0,0,0,0,0,0,0,0,0,0,0,0,0,0,0,0,0,0,0
15668,1,1,1,1,0,0,0,1,1,1,1,0,0,0,1,1,1,1,0,0,0
15669,7,10,13,13,11,7,6,7,10,13,13,11,7,6,7,10,13,13,11,7,6
15670,116,127,133,122,106,96,97,116,127,133,122,106,96,97,116,127,133,122,106,96,97
15671,0,0,0,0,0,0,0,0,0,0,0,0,0,0,0,0,0,0,0,0,0
15672,5,5,6,7,6,5,4,5,5,6,7,6,5,4,5,5,6,7,6,5,4
15673,0,0,0,0,0,0,0,0,0,0,0,0,0,0,0,0,0,0,0,0,0
15674,2,1,2,2,3,2,2,2,1,2,2,3,2,2,2,1,2,2,3,2,2
15675,3,3,2,4,3,2,3,3,3,2,4,3,2,3,3,3,2,4,3,2,3
15676,6,6,6,5,5,5,5,6,6,6,5,5,5,5,6,6,6,5,5,5,5
15677,1,1,1,1,1,2,1,1,1,1,1,1,2,1,1,1,1,1,1,2,1
15678,0,0,0,0,0,0,0,0,0,0,0,0,0,0,0,0,0,0,0,0,0
15679,0,0,0,0,0,0,0,0,0,0,0,0,0,0,0,0,0,0,0,0,0
15680,1,2,1,1,1,1,1,1,2,1,1,1,1,1,1,2,1,1,1,1,1
15681,0,1,1,1,1,0,0,0,1,1,1,1,0,0,0,1,1,1,1,0,0
15682,6,9,9,9,6,5,5,6,9,9,9,6,5,5,6,9,9,9,6,5,5
15683,0,2,1,1,1,1,1,0,2,1,1,1,1,1,0,2,1,1,1,1,1
15684,0,0,0,0,0,0,0,0,0,0,0,0,0,0,0,0,0,0,0,0,0
15685,0,0,0,0,1,1,1,0,0,0,0,1,1,1,0,0,0,0,1,1,1
15686,0,0,0,0,0,0,0,0,0,0,0,0,0,0,0,0,0,0,0,0,0
15687,18,25,29,29,23,13,13,18,25,29,29,23,13,13,18,25,29,29,23,13,13
15688,0,0,0,0,0,0,0,0,0,0,0,0,0,0,0,0,0,0,0,0,0
15689,5,7,8,5,3,4,5,5,7,8,5,3,4,5,5,7,8,5,3,4,5
15690,0,0,0,1,0,0,0,0,0,0,1,0,0,0,0,0,0,1,0,0,0
15691,1,1,1,1,1,1,1,1,1,1,1,1,1,1,1,1,1,1,1,1,1
15692,31,38,36,30,16,19,23,31,38,36,30,16,19,23,31,38,36,30,16,19,23
15693,19,20,22,25,22,18,16,19,20,22,25,22,18,16,19,20,22,25,22,18,16
15694,13,15,16,13,11,10,11,13,15,16,13,11,10,11,13,15,16,13,11,10,11
15695,0,0,0,0,0,0,0,0,0,0,0,0,0,0,0,0,0,0,0,0,0
15696,0,0,0,0,0,0,0,0,0,0,0,0,0,0,0,0,0,0,0,0,0
15697,40,43,44,38,34,31,34,40,43,44,38,34,31,34,40,43,44,38,34,31,34
15698,0,0,0,0,0,0,0,0,0,0,0,0,0,0,0,0,0,0,0,0,0
15699,0,0,0,0,0,0,0,0,0,0,0,0,0,0,0,0,0,0,0,0,0
15700,0,0,0,0,0,0,0,0,0,0,0,0,0,0,0,0,0,0,0,0,0
15701,0,0,0,0,0,0,0,0,0,0,0,0,0,0,0,0,0,0,0,0,0
15702,0,0,0,0,0,0,0,0,0,0,0,0,0,0,0,0,0,0,0,0,0
15703,0,0,0,0,0,0,0,0,0,0,0,0,0,0,0,0,0,0,0,0,0
15704,1,1,2,1,1,1,1,1,1,2,1,1,1,1,1,1,2,1,1,1,1
15705,2,2,2,2,1,1,1,2,2,2,2,1,1,1,2,2,2,2,1,1,1
15706,0,0,0,0,0,0,0,0,0,0,0,0,0,0,0,0,0,0,0,0,0
15707,3,1,1,1,1,1,2,3,1,1,1,1,1,2,3,1,1,1,1,1,2
15708,10,6,6,5,4,4,4,10,6,6,5,4,4,4,10,6,6,5,4,4,4
15709,18,14,15,14,11,11,15,18,14,15,14,11,11,15,18,14,15,14,11,11,15
15710,11,9,8,7,7,7,9,11,9,8,7,7,7,9,11,9,8,7,7,7,9
15711,4,4,4,4,3,2,3,4,4,4,4,3,2,3,4,4,4,4,3,2,3
15712,2,1,1,1,1,1,1,2,1,1,1,1,1,1,2,1,1,1,1,1,1
15713,4,4,3,2,2,2,3,4,4,3,2,2,2,3,4,4,3,2,2,2,3
15714,1,1,1,1,1,1,1,1,1,1,1,1,1,1,1,1,1,1,1,1,1
15715,13,19,19,17,15,8,8,13,19,19,17,15,8,8,13,19,19,17,15,8,8
15716,69,71,67,65,54,45,46,69,71,67,65,54,45,46,69,71,67,65,54,45,46
15717,1,1,1,1,1,0,1,1,1,1,1,1,0,1,1,1,1,1,1,0,1
15718,101,104,115,113,100,84,83,101,104,115,113,100,84,83,101,104,115,113,100,84,83
15719,26,26,26,20,18,14,12,26,26,26,20,18,14,12,26,26,26,20,18,14,12
15720,4,4,6,6,5,5,2,4,4,6,6,5,5,2,4,4,6,6,5,5,2
15721,17,21,18,16,13,7,10,17,21,18,16,13,7,10,17,21,18,16,13,7,10
15722,59,69,81,69,68,57,56,59,69,81,69,68,57,56,59,69,81,69,68,57,56
15723,0,0,0,0,0,0,0,0,0,0,0,0,0,0,0,0,0,0,0,0,0
15724,0,0,0,0,1,1,1,0,0,0,0,1,1,1,0,0,0,0,1,1,1
15725,2,2,2,2,3,3,1,2,2,2,2,3,3,1,2,2,2,2,3,3,1
15726,1,1,1,1,1,0,0,1,1,1,1,1,0,0,1,1,1,1,1,0,0
15727,8,8,8,8,7,6,6,8,8,8,8,7,6,6,8,8,8,8,7,6,6
15728,69,65,63,58,53,56,55,69,65,63,58,53,56,55,69,65,63,58,53,56,55
15729,0,0,0,0,0,0,0,0,0,0,0,0,0,0,0,0,0,0,0,0,0
15730,7,6,6,7,6,6,5,7,6,6,7,6,6,5,7,6,6,7,6,6,5
15731,0,0,0,0,0,0,0,0,0,0,0,0,0,0,0,0,0,0,0,0,0
15732,0,0,1,1,1,0,0,0,0,1,1,1,0,0,0,0,1,1,1,0,0
15733,0,1,1,1,1,1,0,0,1,1,1,1,1,0,0,1,1,1,1,1,0
15734,2,2,2,2,2,2,1,2,2,2,2,2,2,1,2,2,2,2,2,2,1
15735,11,11,11,10,9,8,9,11,11,11,10,9,8,9,11,11,11,10,9,8,9
15736,4,5,5,5,5,4,4,4,5,5,5,5,4,4,4,5,5,5,5,4,4
15737,0,1,0,0,0,0,0,0,1,0,0,0,0,0,0,1,0,0,0,0,0
15738,1,1,2,2,1,1,1,1,1,2,2,1,1,1,1,1,2,2,1,1,1
15739,0,0,0,0,0,0,0,0,0,0,0,0,0,0,0,0,0,0,0,0,0
15740,0,0,0,0,0,0,0,0,0,0,0,0,0,0,0,0,0,0,0,0,0
15741,3,4,4,4,3,3,3,3,4,4,4,3,3,3,3,4,4,4,3,3,3
15742,4,4,3,2,1,2,2,4,4,3,2,1,2,2,4,4,3,2,1,2,2
15743,0,1,1,1,1,0,0,0,1,1,1,1,0,0,0,1,1,1,1,0,0
15744,22,26,25,22,18,15,16,22,26,25,22,18,15,16,22,26,25,22,18,15,16
15745,19,19,19,16,15,14,16,19,19,19,16,15,14,16,19,19,19,16,15,14,16
15746,0,0,0,0,0,0,0,0,0,0,0,0,0,0,0,0,0,0,0,0,0
15747,3,4,4,3,2,2,1,3,4,4,3,2,2,1,3,4,4,3,2,2,1
15748,15,12,13,11,10,8,10,15,12,13,11,10,8,10,15,12,13,11,10,8,10
15749,1,1,1,1,1,1,1,1,1,1,1,1,1,1,1,1,1,1,1,1,1
15750,0,0,0,0,0,0,0,0,0,0,0,0,0,0,0,0,0,0,0,0,0
15751,2,3,4,6,6,5,2,2,3,4,6,6,5,2,2,3,4,6,6,5,2
15752,4,6,7,9,11,8,4,4,6,7,9,11,8,4,4,6,7,9,11,8,4
15753,1,1,1,1,1,1,1,1,1,1,1,1,1,1,1,1,1,1,1,1,1
15754,0,0,0,0,0,0,0,0,0,0,0,0,0,0,0,0,0,0,0,0,0
15755,0,0,0,0,0,0,0,0,0,0,0,0,0,0,0,0,0,0,0,0,0
15756,0,0,0,0,0,0,0,0,0,0,0,0,0,0,0,0,0,0,0,0,0
15757,0,0,0,0,0,0,0,0,0,0,0,0,0,0,0,0,0,0,0,0,0
15758,0,0,0,0,0,0,0,0,0,0,0,0,0,0,0,0,0,0,0,0,0
15759,0,0,0,0,0,0,0,0,0,0,0,0,0,0,0,0,0,0,0,0,0
15760,0,0,0,0,0,0,0,0,0,0,0,0,0,0,0,0,0,0,0,0,0
15761,2,2,2,1,1,0,0,2,2,2,1,1,0,0,2,2,2,1,1,0,0
15762,0,0,0,0,0,0,0,0,0,0,0,0,0,0,0,0,0,0,0,0,0
15763,0,0,0,0,0,0,0,0,0,0,0,0,0,0,0,0,0,0,0,0,0
15764,4,3,3,4,1,3,3,4,3,3,4,1,3,3,4,3,3,4,1,3,3
15765,0,0,0,0,0,0,0,0,0,0,0,0,0,0,0,0,0,0,0,0,0
15766,0,0,0,0,0,0,0,0,0,0,0,0,0,0,0,0,0,0,0,0,0
15767,1,1,1,1,1,0,0,1,1,1,1,1,0,0,1,1,1,1,1,0,0
15768,0,0,0,0,0,0,0,0,0,0,0,0,0,0,0,0,0,0,0,0,0
15769,0,0,0,0,0,0,0,0,0,0,0,0,0,0,0,0,0,0,0,0,0
15770,0,0,0,0,0,0,0,0,0,0,0,0,0,0,0,0,0,0,0,0,0
15771,0,0,0,0,0,0,0,0,0,0,0,0,0,0,0,0,0,0,0,0,0
15772,0,0,0,0,0,0,0,0,0,0,0,0,0,0,0,0,0,0,0,0,0
15773,0,0,0,1,0,0,0,0,0,0,1,0,0,0,0,0,0,1,0,0,0
15774,10,12,14,14,13,11,9,10,12,14,14,13,11,9,10,12,14,14,13,11,9
15775,0,0,0,0,0,0,0,0,0,0,0,0,0,0,0,0,0,0,0,0,0
15776,0,0,0,0,0,0,0,0,0,0,0,0,0,0,0,0,0,0,0,0,0
15777,0,0,0,0,0,0,0,0,0,0,0,0,0,0,0,0,0,0,0,0,0
15778,0,0,0,0,0,0,0,0,0,0,0,0,0,0,0,0,0,0,0,0,0
15779,0,0,0,0,0,0,0,0,0,0,0,0,0,0,0,0,0,0,0,0,0
15780,0,0,0,0,0,0,0,0,0,0,0,0,0,0,0,0,0,0,0,0,0
15781,0,0,0,0,0,0,0,0,0,0,0,0,0,0,0,0,0,0,0,0,0
15782,1,1,1,1,1,1,1,1,1,1,1,1,1,1,1,1,1,1,1,1,1
15783,0,0,0,0,0,0,0,0,0,0,0,0,0,0,0,0,0,0,0,0,0
15784,0,0,0,0,0,0,0,0,0,0,0,0,0,0,0,0,0,0,0,0,0
15785,0,0,0,0,0,0,0,0,0,0,0,0,0,0,0,0,0,0,0,0,0
15786,2,3,3,3,2,2,2,2,3,3,3,2,2,2,2,3,3,3,2,2,2
15787,1,0,0,1,0,0,1,1,0,0,1,0,0,1,1,0,0,1,0,0,1
15788,116,127,133,122,106,96,97,116,127,133,122,106,96,97,116,127,133,122,106,96,97
15789,0,0,0,0,0,0,0,0,0,0,0,0,0,0,0,0,0,0,0,0,0
15790,5,5,5,4,4,4,4,5,5,5,4,4,4,4,5,5,5,4,4,4,4
15791,0,1,0,0,0,0,0,0,1,0,0,0,0,0,0,1,0,0,0,0,0
15792,0,0,0,0,0,0,0,0,0,0,0,0,0,0,0,0,0,0,0,0,0
15793,0,0,0,0,0,0,0,0,0,0,0,0,0,0,0,0,0,0,0,0,0
15794,0,0,0,0,0,0,0,0,0,0,0,0,0,0,0,0,0,0,0,0,0
15795,0,0,0,0,0,0,0,0,0,0,0,0,0,0,0,0,0,0,0,0,0
15796,0,0,0,0,0,0,0,0,0,0,0,0,0,0,0,0,0,0,0,0,0
15797,0,0,0,0,0,0,0,0,0,0,0,0,0,0,0,0,0,0,0,0,0
15798,0,0,0,0,0,0,0,0,0,0,0,0,0,0,0,0,0,0,0,0,0
15799,0,0,0,0,0,0,0,0,0,0,0,0,0,0,0,0,0,0,0,0,0
15800,0,0,0,0,0,0,0,0,0,0,0,0,0,0,0,0,0,0,0,0,0
15801,0,0,0,0,0,0,0,0,0,0,0,0,0,0,0,0,0,0,0,0,0
15802,1,2,3,2,1,2,1,1,2,3,2,1,2,1,1,2,3,2,1,2,1
15803,1,1,1,1,0,1,1,1,1,1,1,0,1,1,1,1,1,1,0,1,1
15804,0,0,0,0,0,0,0,0,0,0,0,0,0,0,0,0,0,0,0,0,0
15805,2,2,2,2,1,1,2,2,2,2,2,1,1,2,2,2,2,2,1,1,2
15806,0,0,0,0,0,0,0,0,0,0,0,0,0,0,0,0,0,0,0,0,0
15807,69,65,60,58,55,53,62,69,65,60,58,55,53,62,69,65,60,58,55,53,62
15808,0,0,0,1,0,0,1,0,0,0,1,0,0,1,0,0,0,1,0,0,1
15809,0,0,0,0,0,0,0,0,0,0,0,0,0,0,0,0,0,0,0,0,0
15810,0,0,0,0,0,0,0,0,0,0,0,0,0,0,0,0,0,0,0,0,0
15811,2,1,1,1,1,1,1,2,1,1,1,1,1,1,2,1,1,1,1,1,1
15812,5,6,6,6,5,4,4,5,6,6,6,5,4,4,5,6,6,6,5,4,4
15813,6,6,7,6,6,5,6,6,6,7,6,6,5,6,6,6,7,6,6,5,6
15814,4,4,4,4,4,3,3,4,4,4,4,4,3,3,4,4,4,4,4,3,3
15815,0,0,0,0,0,0,0,0,0,0,0,0,0,0,0,0,0,0,0,0,0
15816,1,1,1,1,1,1,1,1,1,1,1,1,1,1,1,1,1,1,1,1,1
15817,1,1,1,1,1,1,1,1,1,1,1,1,1,1,1,1,1,1,1,1,1
15818,0,0,0,1,0,1,1,0,0,0,1,0,1,1,0,0,0,1,0,1,1
15819,19,19,19,19,18,17,17,19,19,19,19,18,17,17,19,19,19,19,18,17,17
15820,2,2,1,1,1,1,1,2,2,1,1,1,1,1,2,2,1,1,1,1,1
15821,116,127,133,122,106,96,97,116,127,133,122,106,96,97,116,127,133,122,106,96,97
15822,18,18,18,18,15,13,14,18,18,18,18,15,13,14,18,18,18,18,15,13,14
15823,52,52,56,51,45,38,37,52,52,56,51,45,38,37,52,52,56,51,45,38,37
15824,1,1,1,1,1,0,1,1,1,1,1,1,0,1,1,1,1,1,1,0,1
15825,0,0,0,0,0,0,0,0,0,0,0,0,0,0,0,0,0,0,0,0,0
15826,1,1,1,1,1,1,1,1,1,1,1,1,1,1,1,1,1,1,1,1,1
15827,0,1,1,1,0,0,0,0,1,1,1,0,0,0,0,1,1,1,0,0,0
15828,0,1,1,1,0,0,0,0,1,1,1,0,0,0,0,1,1,1,0,0,0
15829,0,0,0,0,0,0,0,0,0,0,0,0,0,0,0,0,0,0,0,0,0
15830,0,0,0,0,0,0,0,0,0,0,0,0,0,0,0,0,0,0,0,0,0
15831,3,3,3,2,2,1,2,3,3,3,2,2,1,2,3,3,3,2,2,1,2
15832,11,13,13,13,12,11,10,11,13,13,13,12,11,10,11,13,13,13,12,11,10
15833,3,4,4,3,3,2,2,3,4,4,3,3,2,2,3,4,4,3,3,2,2
15834,3,4,4,4,3,3,3,3,4,4,4,3,3,3,3,4,4,4,3,3,3
15835,2,2,2,1,1,1,1,2,2,2,1,1,1,1,2,2,2,1,1,1,1
15836,34,48,62,67,63,44,28,34,48,62,67,63,44,28,34,48,62,67,63,44,28
15837,10,14,17,16,13,8,8,10,14,17,16,13,8,8,10,14,17,16,13,8,8
15838,12,14,15,15,14,11,10,12,14,15,15,14,11,10,12,14,15,15,14,11,10
15839,5,7,7,6,6,5,5,5,7,7,6,6,5,5,5,7,7,6,6,5,5
15840,5,7,10,9,8,6,4,5,7,10,9,8,6,4,5,7,10,9,8,6,4
15841,4,6,6,6,5,3,3,4,6,6,6,5,3,3,4,6,6,6,5,3,3
15842,7,10,13,14,12,5,6,7,10,13,14,12,5,6,7,10,13,14,12,5,6
15843,9,11,10,9,8,7,8,9,11,10,9,8,7,8,9,11,10,9,8,7,8
15844,2,1,2,2,1,1,1,2,1,2,2,1,1,1,2,1,2,2,1,1,1
15845,10,14,17,16,15,10,7,10,14,17,16,15,10,7,10,14,17,16,15,10,7
15846,1,1,1,1,1,1,1,1,1,1,1,1,1,1,1,1,1,1,1,1,1
15847,3,3,3,3,3,3,2,3,3,3,3,3,3,2,3,3,3,3,3,3,2
15848,10,12,13,12,10,9,9,10,12,13,12,10,9,9,10,12,13,12,10,9,9
15849,8,9,10,11,9,6,4,8,9,10,11,9,6,4,8,9,10,11,9,6,4
15850,10,11,13,13,9,10,10,10,11,13,13,9,10,10,10,11,13,13,9,10,10
15851,2,3,3,3,2,2,2,2,3,3,3,2,2,2,2,3,3,3,2,2,2
15852,4,4,4,4,4,3,3,4,4,4,4,4,3,3,4,4,4,4,4,3,3
15853,1,1,2,1,1,1,1,1,1,2,1,1,1,1,1,1,2,1,1,1,1
15854,17,20,21,20,18,15,14,17,20,21,20,18,15,14,17,20,21,20,18,15,14
15855,1,2,2,2,2,1,1,1,2,2,2,2,1,1,1,2,2,2,2,1,1
15856,5,5,5,6,6,5,5,5,5,5,6,6,5,5,5,5,5,6,6,5,5
15857,1,1,1,1,1,1,1,1,1,1,1,1,1,1,1,1,1,1,1,1,1
15858,2,3,3,2,2,2,2,2,3,3,2,2,2,2,2,3,3,2,2,2,2
15859,1,1,1,1,1,1,1,1,1,1,1,1,1,1,1,1,1,1,1,1,1
15860,4,5,6,6,5,4,3,4,5,6,6,5,4,3,4,5,6,6,5,4,3
15861,0,0,0,0,0,0,0,0,0,0,0,0,0,0,0,0,0,0,0,0,0
15862,0,0,0,0,0,0,0,0,0,0,0,0,0,0,0,0,0,0,0,0,0
15863,0,0,0,0,0,0,0,0,0,0,0,0,0,0,0,0,0,0,0,0,0
15864,0,0,0,0,0,0,0,0,0,0,0,0,0,0,0,0,0,0,0,0,0
15865,0,0,0,0,0,0,0,0,0,0,0,0,0,0,0,0,0,0,0,0,0
15866,0,0,0,0,0,0,0,0,0,0,0,0,0,0,0,0,0,0,0,0,0
15867,1,1,1,1,1,1,0,1,1,1,1,1,1,0,1,1,1,1,1,1,0
15868,0,0,0,0,0,0,0,0,0,0,0,0,0,0,0,0,0,0,0,0,0
15869,0,0,0,0,0,0,0,0,0,0,0,0,0,0,0,0,0,0,0,0,0
15870,0,0,0,0,0,0,0,0,0,0,0,0,0,0,0,0,0,0,0,0,0
15871,0,0,0,0,0,0,0,0,0,0,0,0,0,0,0,0,0,0,0,0,0
15872,1,1,1,1,1,1,0,1,1,1,1,1,1,0,1,1,1,1,1,1,0
15873,0,0,0,0,0,0,0,0,0,0,0,0,0,0,0,0,0,0,0,0,0
15874,0,0,0,0,0,0,0,0,0,0,0,0,0,0,0,0,0,0,0,0,0
15875,0,0,0,0,0,0,0,0,0,0,0,0,0,0,0,0,0,0,0,0,0
15876,0,0,0,0,0,0,0,0,0,0,0,0,0,0,0,0,0,0,0,0,0
15877,0,0,0,0,0,0,0,0,0,0,0,0,0,0,0,0,0,0,0,0,0
15878,0,0,0,0,0,0,0,0,0,0,0,0,0,0,0,0,0,0,0,0,0
15879,0,0,0,0,0,0,0,0,0,0,0,0,0,0,0,0,0,0,0,0,0
15880,0,0,0,0,0,0,0,0,0,0,0,0,0,0,0,0,0,0,0,0,0
15881,0,0,0,0,0,0,0,0,0,0,0,0,0,0,0,0,0,0,0,0,0
15882,0,0,0,0,0,0,0,0,0,0,0,0,0,0,0,0,0,0,0,0,0
15883,0,0,0,0,0,0,0,0,0,0,0,0,0,0,0,0,0,0,0,0,0
15884,0,0,0,0,0,0,0,0,0,0,0,0,0,0,0,0,0,0,0,0,0
15885,5,11,19,32,34,24,12,5,11,19,32,34,24,12,5,11,19,32,34,24,12
15886,9,11,10,9,8,7,6,9,11,10,9,8,7,6,9,11,10,9,8,7,6
15887,0,1,1,1,0,0,0,0,1,1,1,0,0,0,0,1,1,1,0,0,0
15888,1,2,2,2,2,1,1,1,2,2,2,2,1,1,1,2,2,2,2,1,1
15889,0,0,0,0,0,0,0,0,0,0,0,0,0,0,0,0,0,0,0,0,0
